disp_x_mm,disp_y_mm,disp_z_mm,Rx_deg,Ry_deg,Rz_deg,Fx_N,Fy_N,Fz_N,Mx_Nm,My_Nm,Mz_Nm
-0.435321883270183,-0.0398212059088259,0.0821331035085033,-1.71411356533466,-1.83332617854968,0.8933075519381,-1.1014178062033,-0.0146808237839195,-0.0684559403863432,-0.000690364256750176,-0.035900079085567,-0.0538595573967857
-0.434852913902535,-0.0397905826795757,0.0815643756404053,-1.71417044765773,-1.83421456225899,0.893693342287954,-0.242404604808655,0.900137079061324,-0.0588367929050264,0.000798855625575801,-0.0353454924671369,-0.0174739977702694
-0.434307384079543,-0.0398335182145626,0.0810083762898631,-1.71429134796069,-1.83514279634815,0.894112783901096,-0.764022386424983,0.981329253455442,-0.104562209480065,0.000310993271181115,-0.0370880103360419,-0.0333127023442419
-0.433715493902046,-0.039945667141529,0.0804819207166838,-1.71447163451561,-1.83607046882624,0.894540855422831,-1.06977184751639,0.743071267690539,0.0573070352687637,-0.00302520467813272,-0.0365416516409184,-0.0396000563811931
-0.43310666938943,-0.0401291529369718,0.0799928212364979,-1.71470920915148,-1.83696261519747,0.89495766315916,-0.10841931600703,0.278737428058093,-0.0998275779889184,0.00166520175801077,-0.0354890670101871,-0.0158017411957241
-0.432511284563321,-0.0403959184444531,0.0795391931411051,-1.71500665189663,-1.83778679183384,0.89534883845605,-1.14327472039815,0.596929203034506,-0.143955827906524,-0.000268314717814189,-0.0366918579843643,-0.0556516938200993
-0.431952282066161,-0.0407397842684354,0.0791285015406351,-1.71535327787321,-1.83851518007427,0.895697409275394,-0.186445176336917,-0.173390308672424,-0.0878271125703236,0.00310242290765128,-0.0365812039358171,-0.0120775301709419
-0.431447676298665,-0.0411520533378855,0.0787656806400207,-1.71573407620768,-1.83913139824531,0.895996488068982,-0.739235526342839,0.275815074600132,-0.0989537087260146,0.00282404882047915,-0.0376534055394498,-0.0354843149621029
-0.431000600553269,-0.0416421402234839,0.0784361205107822,-1.71614616409713,-1.83963887826037,0.896252550799383,-0.968136536404359,0.142606702331022,-0.0238005076193986,-0.000721718846629305,-0.0363333072650634,-0.0383545906637281
-0.430609247435978,-0.0422036126091019,0.0781358823186671,-1.71657627981236,-1.84004616648563,0.89647286538546,-0.282065824195513,0.531976510439335,-0.0201211457452359,0.0042959413004291,-0.0377727105666469,-0.00371489654977886
-0.430269993313738,-0.0428194272227493,0.0778672054567834,-1.71700526465712,-1.8403641557177,0.896664271240318,-1.22480969473963,1.02309517812614,-0.0243684838204103,0.00115160252474311,-0.0363839772133338,-0.0438182576446251
-0.429963902391735,-0.0434782862105099,0.0776238278513398,-1.71741999696192,-1.84061866474646,0.896840115645798,-0.308196249285459,0.069441095654156,-0.188374614783754,0.00303677397649738,-0.0370317961020678,-0.0163017732324153
-0.429670632604331,-0.0441753876804061,0.07739434843749,-1.71781371727087,-1.84083961762057,0.89701519167586,-0.894494245906401,0.00481254955957411,-0.0172354293915191,0.003518384661648,-0.033907000451025,-0.0299112137835364
-0.42936865316915,-0.0449044050830647,0.0771694358220391,-1.71818266072086,-1.84105700782189,0.89720460194044,-1.04380939362267,0.0603221432636474,0.0310429214216583,0.00283504883889618,-0.0370359548718406,-0.0319027536305883
-0.429041125305346,-0.0456651197957836,0.0769364193225182,-1.71853092368184,-1.84129485575107,0.897418583135902,-0.272024703248292,0.287604318411923,-0.14214895104638,0.00159659697667092,-0.0377010908252206,-0.000881019882993606
-0.428679353312309,-0.0464626289563963,0.0766820780829303,-1.71886871390916,-1.84156830565015,0.897663248893255,-1.26608909224467,-0.0890608339227583,-0.19610119533084,-0.00106047416985078,-0.0364841924127955,-0.0383469921961552
-0.428281159568145,-0.047296552691078,0.0763995914090743,-1.71920556982083,-1.84188277189383,0.897937676199433,-0.48170798867983,0.180588425580936,-0.117297929295177,0.000733090350418131,-0.0371777399918737,-0.00512332581361141
-0.4278545396167,-0.0481753531388236,0.0760787072873993,-1.71955903163888,-1.84223201400043,0.898236688025695,-0.809330918603166,-0.219319158814869,-0.0896085986049115,-0.00028532488141586,-0.0361072384133088,-0.0255623229457624
-0.427411747680752,-0.0491118042962828,0.0757074796914042,-1.7199481632081,-1.84261248948064,0.898563221101263,-0.970798400020726,0.748501685019392,-0.171861960333445,-0.00437242802380577,-0.0337159750348371,-0.0329136614586747
-0.426982218211022,-0.0500899917049775,0.0752991477199582,-1.7203744170001,-1.84299062207953,0.898896511808258,-0.106319036638354,0.683804601500469,-0.158345360262757,0.000326365145879137,-0.034928915657625,-0.00365972379316659
-0.426594253964294,-0.051106420787006,0.0748576430661723,-1.72084553810176,-1.84334119293587,0.899226423530791,-1.40494275139673,-0.0181061625773964,-0.220933549574994,-0.00194216891655552,-0.0356573479998923,-0.0495217835704183
-0.426275007851987,-0.0521402296202442,0.0743990300712269,-1.72135489778665,-1.84363492102549,0.899538236462849,-0.183597814909263,-0.118685218965311,-0.15717551687689,0.00212684962953036,-0.0381626725189764,-0.000600941341045491
-0.426049138051283,-0.0531616256631473,0.0739440272191014,-1.72188624909544,-1.84384482512585,0.899818047551463,-0.784951250310826,-0.0139101717747963,-0.16603289957871,-0.000475575814984364,-0.0362846645866038,-0.0277928288479976
-0.425932555369896,-0.0541384518856347,0.0735136308403646,-1.72241896745729,-1.84395191787752,0.900055317679473,-1.00991091510059,-0.548045033896869,-0.0822311142297565,-0.00192519903415844,-0.0366284666764397,-0.0348741259410281
-0.425933699648303,-0.0550410216614896,0.0731249582551697,-1.72293073727702,-1.84395180564098,0.900250137231352,-0.242133922302685,0.229500329682196,-0.200101795601711,0.00339872188681101,-0.0367526273087095,-0.0091102419632203
-0.426053713124363,-0.0558296562028691,0.0728014884593883,-1.72338937616793,-1.84384314763327,0.900399821775958,-1.13665887618089,0.674240474149656,-0.167914698841429,0.00110782702893175,-0.0354633779665826,-0.0427791880135957
-0.426285255551525,-0.0564723657474442,0.0725601385337392,-1.723766686938,-1.8436364639179,0.900509079319797,-0.387866061885234,-0.467185880329907,-0.0822103173082382,0.00263391324924633,-0.039060522893563,-0.00921993145203404
-0.426613410308827,-0.0569532627736589,0.0724054728126755,-1.72404474593042,-1.84335342534422,0.900590897086975,-0.783011849195645,-0.272457896826609,-0.0215174841235637,0.00331967143336076,-0.0378440855259766,-0.0307604573782974
-0.42701740208848,-0.0572549734922951,0.0723439782320695,-1.7242042307841,-1.84302105997253,0.900658594187485,-0.977251467265944,0.0858149582923033,-0.211614799304101,0.00308159000646091,-0.0348496046873814,-0.0339716553714444
-0.427478625514912,-0.0573786552860813,0.0723700805635684,-1.72423844911392,-1.84266952217286,0.900731654539004,-0.0685144168721763,0.188610494061322,-0.0303240779645932,0.000786271461224786,-0.039874695094209,-0.00790550732388295
-0.427982306628737,-0.0573284002432288,0.0724806529958875,-1.72414610920609,-1.84232058449331,0.900821786806762,-1.31029755616078,0.569436497178003,-0.0843368611489836,0.00155048490484999,-0.0361803287110679,-0.0507683403382648
-0.428516079932864,-0.0571092313127917,0.0726744997979079,-1.72392947623513,-1.84199339148177,0.900940084446472,-0.24688941036294,0.0958418653278841,0.0159187802957774,0.00375543409018553,-0.0350690009778689,-0.0153599725983526
-0.429075890639813,-0.0567396040747301,0.0729440861941086,-1.72360268370626,-1.84169738289308,0.901092726556678,-0.883368775406836,-0.249506331474549,0.0180410510767501,0.00384702450685825,-0.0347849528293607,-0.0319263165423078
-0.429666975391296,-0.0562401833007904,0.0732839387963808,-1.72318332792032,-1.8414319001299,0.901282142005332,-0.983950242562059,0.0169025692084688,-0.00190324876334103,0.00132024511643136,-0.0387041427575807,-0.0419552604004343
-0.430291559474653,-0.0556312155193801,0.0736886763441642,-1.72269135849368,-1.84118810155904,0.901498893880786,-0.0946158281035423,0.409495525017974,-0.00462568989075862,-0.00125929143052961,-0.0412748514622785,-0.0195279243057134
-0.430946980310793,-0.0549356824672049,0.0741497310656072,-1.72214797593046,-1.84096143034139,0.901737742681808,-1.2834156098283,0.0132023793139524,-0.172084624815852,-0.00111412178935977,-0.0378864365162105,-0.0616117148866584
-0.431641921391656,-0.0541663531628522,0.0746667151178448,-1.72156657454826,-1.84073356696975,0.901983769881087,-0.248795199840515,-0.279466096460965,-0.0398758851425214,-0.00125491129774513,-0.0383924937246205,-0.0205162197962934
-0.432377493026718,-0.0533413687620161,0.0752338188384235,-1.72096496853898,-1.84048638027252,0.902218565302256,-0.753230924158458,-0.340508753279209,-0.163209988724248,-0.0029520634650515,-0.0392850107238393,-0.0440502414945003
-0.433139581966308,-0.0524879538113865,0.075834616902284,-1.72036432213834,-1.84021583219291,0.902430024171863,-0.932765363765782,0.173398042311646,-0.197303841500656,-0.002489142496652,-0.0394015876870862,-0.047784393345474
-0.433909735034131,-0.0516316657552398,0.0764510046485465,-1.71978145657706,-1.83992210242134,0.902609626531898,-0.0878322246411471,0.901560060674456,-0.285227891857232,0.00168266380320103,-0.0378845823692067,-0.0181751911926855
-0.434665864370224,-0.0507949142271773,0.0770664383337372,-1.71922782258927,-1.83961047854648,0.902751819918822,-1.20173221452239,0.399596807604212,-0.0723969057688691,-0.00418168719002221,-0.0391950012079905,-0.0554828342934059
-0.435372416285317,-0.0500142533622565,0.0776517591286427,-1.71872190472549,-1.83930108097623,0.902859552634243,-0.344785869833174,0.111846151912459,-0.0466757906161206,-0.00165476434522871,-0.0381003130709468,-0.0157438570981574
-0.435996897911817,-0.049321215559182,0.0781838836734828,-1.71827792508116,-1.83901284220389,0.902939002035785,-0.812154529823886,0.648701773206994,-0.00526844814842775,-0.00591555967967627,-0.0386288553693826,-0.0334410130037828
-0.436505764421939,-0.0487450114350434,0.0786419030444376,-1.7179070363765,-1.83876973352321,0.902999555638812,-1.06941437408022,0.539640332434601,-0.156820655390135,-0.00644681534546931,-0.0350534502204633,-0.0288744044383287
-0.436880606173658,-0.0482971892049076,0.0790235359063907,-1.71760829848002,-1.83858411443543,0.903050379551317,-0.273553917946742,0.683101377203684,-0.17989585646535,0.000837729387879182,-0.0393002025590735,0.00494549944947886
-0.437103484507457,-0.047993429961835,0.0793245768398446,-1.71738457887907,-1.8384683815138,0.90310065984616,-1.28612793186858,0.805267418428912,-0.148846925307282,-0.00591846210802727,-0.0395154481461495,-0.0291212801124061
-0.437170222669268,-0.0478251757569623,0.0795614085791484,-1.71722290479136,-1.83842521051482,0.903157762728584,-0.340771938037051,0.358305417217252,-0.196849197478628,-0.00487796551277242,-0.040402972245082,0.00835595132926814
-0.437089102984237,-0.0477720475406684,0.0797629659260337,-1.7171045598752,-1.83844742207655,0.903224642388521,-0.972895837905185,0.505020191589892,-0.145818474873437,-0.0028441878627179,-0.0354068209429645,0.00156499274832989
-0.436878303238932,-0.0477999301869687,0.0799676214152446,-1.71700341288816,-1.83852077873367,0.903302718733486,-1.21413169699252,0.348681818992418,0.0199297119841333,-0.00486085162667527,-0.0380901610422685,0.00429527787910677
-0.436560892654577,-0.0478658277484705,0.0802181579046635,-1.71689141394965,-1.83861852029406,0.903378511333377,-0.248780120776132,0.356350437018136,-0.105793456248279,-0.00372446555794337,-0.0403937980282918,0.0327412336438555
-0.436158334655206,-0.0479412921755689,0.0805422250560504,-1.7167516235766,-1.83872502855844,0.903450420657224,-1.42515468328639,-0.343775622897738,-0.110173086821078,-0.00598040753007956,-0.0374630822253468,-0.00734058002169924
-0.435695688986162,-0.0479858830176774,0.0809706657039259,-1.7165615780011,-1.83881766611708,0.903507309165829,-0.605737637486982,1.12640740260076,-0.136771068959234,-0.00210636629498495,-0.0376325335742538,0.0379279865917517
-0.435188894253393,-0.0479875616261811,0.0815048096520522,-1.71631881295511,-1.83888997640139,0.903549811887352,-1.16474281833172,0.902548301990464,-0.0701966507118641,-0.00233863422502223,-0.0364304396471277,0.0152421238728775
-0.434644189620375,-0.0479434703204795,0.0821317486687188,-1.71602821220678,-1.83894534952112,0.903580227886907,-1.24004249293012,-0.368898701644866,-0.0966615275330867,-0.00572911962097011,-0.0385322932520069,6.85687849579786e-05
-0.434062010545037,-0.0478579705053672,0.0828275806071129,-1.71570107932587,-1.83899469953458,0.903603692924935,-0.309661115823246,0.0458986830406047,-0.0715361107057788,-0.00203070524377713,-0.0371053004724018,0.029198068249789
-0.433435369478315,-0.0477683376899662,0.0835387444641209,-1.71537159506172,-1.83906079276704,0.903634636678817,-1.37304266076029,0.671921365503067,-0.063306118451095,-0.00368763495491375,-0.0359741426714079,-0.0112430687999234
-0.432755560712401,-0.0477134394112859,0.0842083673107441,-1.71507558832647,-1.83916627405876,0.903684808251996,-0.548050057325042,-0.0333236829615089,-0.0677089150767358,7.51391512969768e-05,-0.0357524219296282,0.0187619880014918
-0.432014746178739,-0.0477206915868731,0.0847886803637916,-1.71484054339027,-1.83933458736094,0.903766228617655,-0.972532196512987,0.215951726071353,-0.00371235153116345,-0.000236406362095209,-0.0344807683053267,-0.00384589871997942
-0.431212507961232,-0.0478185615998825,0.0852341053699669,-1.71469498187307,-1.83958036907722,0.903886551621681,-1.18241552665086,0.641616540286122,-0.0330101003231391,0.0016842375559678,-0.0366787499949084,-0.00371089365535049
-0.430350524813755,-0.0480288737121057,0.0855084809032867,-1.71466142886523,-1.83991420055414,0.904051033433827,-0.246185311871443,0.408837622311694,-0.0498914902788385,-7.50627934196224e-05,-0.0384566140675024,0.020862486200508
-0.429450442472712,-0.0483384416463384,0.0856110893073281,-1.71473970412447,-1.84031818324271,0.90424482625877,-1.42534748254792,0.588185935904221,-0.118799774316017,-0.00446482213672494,-0.0349576711585151,-0.019823552335505
-0.428538170902557,-0.0487148703957185,0.0855610821290057,-1.71491494079224,-1.84076915213132,0.904451737471342,-0.458681187375703,0.237658240558403,-0.0968814702617919,0.00124159730251749,-0.0363972106134265,0.0177206196299506
-0.427648608745877,-0.0491082457010243,0.0853964106812164,-1.71515740651188,-1.84123290530598,0.904649090842769,-0.879660206419089,0.641185101993187,-0.0969925349223217,-0.00275122876013656,-0.0350088539552282,0.00091292051519698
-0.42682004505089,-0.0494583252124432,0.0851690019826762,-1.7154295260556,-1.84166547093264,0.904806385475069,-1.08487605531622,0.321512149692126,-0.147337101133189,-0.00378280732131708,-0.0373628581640106,-0.00641209644542862
-0.426091399307909,-0.0497000277119355,0.0849361445842505,-1.71568807287612,-1.84202357513735,0.904894965275571,-0.306789458114793,-0.35913271051777,-0.0675421690572193,-8.60948861829414e-05,-0.0382854057894192,0.0199243154323079
-0.425492685925406,-0.0497704692690348,0.0847552317055968,-1.71588950323253,-1.84227134856964,0.904889013512811,-1.49928412603452,0.677149598904862,-0.155177480879701,-0.00152731855996269,-0.0332380574547049,-0.0172975098405095
-0.425045200827157,-0.0496317313940136,0.0846637849851208,-1.71600429239271,-1.84238638925421,0.904774537946339,-0.485979212921222,0.715151625665158,-0.10906778483627,0.000331726090558426,-0.0384898797117029,0.0222379119125873
-0.424756624260364,-0.0492603742458311,0.0846857825582212,-1.71601141287235,-1.84236006337362,0.904544720177811,-0.861683341518699,0.358913708119871,-0.13023769326017,-0.00182860890472991,-0.0376895028191819,-0.000584345782055795
-0.424616696658436,-0.0486716168232153,0.0848137054949947,-1.71591390017567,-1.84221389181243,0.904217842483724,-1.28295486208486,0.619872823553351,-0.10137758489472,-0.00199796137616914,-0.0388222031645895,-0.00522634590416571
-0.424600911980836,-0.0478958236557947,0.0850250453851977,-1.71572464161242,-1.84197915486391,0.903813788160968,-0.4198504725764,0.603946392053558,-0.113930224341743,0.00269779750052601,-0.0390192526922568,0.0261391859830624
-0.424672570855271,-0.0469960694086051,0.0852689761257132,-1.71547820877928,-1.84170792498931,0.903370024862807,-1.56722555623639,0.279362770089165,-0.135894607891061,0.00108111162976465,-0.0342180843301234,-0.0215236950602833
-0.424795623307595,-0.0460456120701913,0.0854885936154769,-1.71521643132274,-1.84145171668566,0.902924264665408,-0.21407529807783,0.861499862567825,0.0733762849503705,-0.00024114458004032,-0.0358110076072654,0.0148399158712675
-0.424929773082077,-0.0451264952907664,0.0856196668917462,-1.71498752594103,-1.84126795916279,0.902520422803733,-0.958549013238951,0.462819046955246,-0.0378214226397233,0.00296936658244462,-0.0331872516430002,-0.00912280831525836
-0.425040598692128,-0.0443130730562551,0.0856061329636708,-1.71483567878602,-1.8412017619401,0.902191396801137,-0.941666080045138,0.0911043621404133,-0.148094098113319,0.00298633532831971,-0.0365310564611016,-0.0136590501143159
-0.425106532306608,-0.043668069081777,0.0854046654867301,-1.71479670734394,-1.84128830602439,0.901970476513242,-0.278356438463277,-0.0698608348948255,-0.00227777010988461,0.00656016301470741,-0.0366732353373051,0.00686642355565548
-0.42512092315603,-0.0432262840589193,0.0849982822605708,-1.71488894453772,-1.84154007361836,0.901873864382009,-1.17082322341577,-0.0864151218290772,-0.186383116045931,0.00120492439124087,-0.0370962879072134,-0.0345027151144608
-0.425093398872937,-0.0429940638890525,0.0843957739343392,-1.71511158222302,-1.84194472954399,0.901899625424101,-0.275209347744806,-0.832688081239667,-0.141836205156125,0.00450781909003917,-0.0399897342938495,0.00137981612655169
-0.425045899751242,-0.0429635304172447,0.0836211245528942,-1.71545561680022,-1.84247603302396,0.902040523653838,-0.737556942908725,0.350036507418508,-0.058039023562344,0.00533952648359648,-0.0355080165914203,-0.0201920363220678
-0.425012221850087,-0.0430855577893219,0.0827323667548603,-1.71588311262972,-1.84308638520588,0.902271724684725,-0.99708416850973,1.31146048508117,-0.0863044915236344,-0.000433605923917835,-0.0349972699618447,-0.0292195653420935
-0.425021742476439,-0.0433186714630782,0.0817811114777129,-1.71636056752094,-1.84373313809841,0.902572073225252,-0.183523322349856,0.201425212993854,-0.120424661943503,0.00128066023857487,-0.03965138694821,-0.0063447350623127
-0.425108383644706,-0.043610747210403,0.080828872674603,-1.71684897878084,-1.84436535064763,0.902913200520732,-1.26304319145333,0.336160517911367,-0.0766989176133279,0.00190851639470191,-0.0347094274221201,-0.0467747171011292
-0.425298010959326,-0.0439059397000197,0.0799372852151155,-1.71730677206795,-1.8449363351853,0.903265899512821,-0.129140567592628,-0.0647744428347323,0.0446571439160266,0.00328121923765767,-0.0380903318106288,-0.00425282794409432
-0.425604773049791,-0.0441667936362773,0.0791511566297088,-1.71770371295489,-1.84541664310778,0.903613046835915,-0.76535935825035,0.189913943449938,-0.0660364003483096,0.00340726652828938,-0.0375701224703562,-0.0291157372359643
-0.42603621743715,-0.0443539689411381,0.0785148375182713,-1.71800945114518,-1.84578179776144,0.903939227726111,-1.05839758728882,0.0573868142057563,-0.0306742411710843,0.00174338831667287,-0.0344754145065114,-0.0280153133291781
-0.426584803843628,-0.0444497571590929,0.0780518970677093,-1.71820977303629,-1.84602201480968,0.90423236379774,-0.441110526082582,0.529091553508579,-0.0611252541659724,0.00387094983699843,-0.0370168641037064,0.00317156583597411
-0.427229828673201,-0.0444501013702929,0.0777707173566868,-1.71829933521739,-1.84614436594959,0.904491962326909,-1.61758724942149,0.351369377557603,-0.0236311667879932,0.000311564952911958,-0.037458951714592,-0.0302615656750791
-0.427945958532674,-0.0443591767194604,0.0776708865836638,-1.71828044629951,-1.84615938154335,0.904714987928578,-0.418652597283653,-0.202856333145519,0.0254289450293754,6.47184865263384e-05,-0.0364469986331296,0.00796218160501816
-0.42870530823489,-0.0441891693653371,0.0777427093730898,-1.71816209795988,-1.84608249879848,0.904900806021768,-0.859392555033253,-0.292861806042993,-0.067312765958917,0.00308479330054245,-0.0337062208991185,-0.00487684122282372
-0.429480345135612,-0.0439606355026267,0.077967771565686,-1.71796032365768,-1.84592966591998,0.905049035295132,-1.07970426062127,0.194832396286529,-0.0685868353233445,0.000978672100339306,-0.0329868853782573,-0.0031670337851275
-0.430248175784364,-0.0436927579427877,0.0783280378207162,-1.71769470034431,-1.84570675494436,0.905148129408479,-0.337092356176015,-0.440801630889609,-0.177724139650223,0.0030111245771538,-0.037863740879565,0.0253079413483954
-0.430996007824023,-0.0434000108394059,0.0788066984861626,-1.71738263622881,-1.84541289331687,0.905182897227243,-1.48359599753343,0.158809690651651,-0.149579393997868,0.000930300882131085,-0.0346136817335189,-0.00886288994261175
-0.431706624479494,-0.0431013849170743,0.0793797129939346,-1.7170448260551,-1.84505076941274,0.905138278613995,-0.499580758607692,0.296315417393998,-0.0396637997083644,0.0040469590352834,-0.0351591589737873,0.0371574606781242
-0.432373774344262,-0.0428144708885991,0.0800252061786551,-1.71670363807298,-1.84461430915146,0.904997029870599,-1.16562414377239,0.600063616427633,0.122317447654439,0.00373248981764851,-0.0350560043100949,0.0211795456896597
-0.432992416454566,-0.0425578859005409,0.0807165089566689,-1.71638232192988,-1.84410022049659,0.904743697974932,-1.26356171215639,0.201699537667764,0.116289273656747,0.0011246731733805,-0.0361998585885976,0.015430895566575
-0.433561029132506,-0.0423477742374594,0.0814278989640395,-1.7161012802379,-1.84350718509561,0.904368776731066,-0.478909372695909,0.133482009808858,-0.0886559370033808,0.00228758568489118,-0.0376498239015548,0.046043678294605
-0.434077830940117,-0.0421982743165206,0.0821338186319465,-1.71587860167796,-1.84284127004764,0.903871568067027,-1.64807620173929,0.519557475065767,0.0479657635654007,-0.00112030063885715,-0.0359631807304445,0.00803407512020327
-0.434533380042888,-0.0421299596885554,0.0827997610501632,-1.71573387144898,-1.84212310931349,0.90326363019786,-0.708670623033811,0.612328309176291,-0.0134539840373122,0.00162736679707587,-0.0353531474002532,0.0524680386788519
-0.434923500551163,-0.0421528345083484,0.0834016321581561,-1.71567784037419,-1.84137574268743,0.902562622891105,-1.16944554682613,0.24273187399308,-0.102301965152122,-0.0012960671651463,-0.0345338584498811,0.0300526096558191
-0.435233651094851,-0.0422808980707661,0.0839106489338433,-1.71571833876106,-1.84064274439324,0.901806476778149,-1.32204959476718,-0.107053894064393,-0.192061133021951,-0.00283959929320288,-0.0359603580205827,0.0306093200590389
-0.435459149258755,-0.0425154244345958,0.0843099829757291,-1.71585178687183,-1.83996374000339,0.901033993453918,-0.533608518923586,0.594802494411397,-0.0605329082337391,-0.00463992065968011,-0.0325084571244164,0.0683077025827772
-0.435593213923343,-0.0428677662401249,0.0845778588653053,-1.71607963803954,-1.83938538933733,0.900293299645721,-1.61589362441208,0.486693870489034,-0.0600384039149731,-0.00623122784147867,-0.0321766337268742,0.0408817861812394
-0.43563709096804,-0.0433215242638205,0.0847165736923534,-1.71638165744933,-1.83894395708916,0.899626248253464,-0.773527842476199,0.831130873659276,-0.104815397016438,-0.00441453501644595,-0.0394442942800455,0.0901297096192537
-0.435597486983176,-0.0438597036599813,0.084732232496586,-1.71673582475117,-1.83867359217819,0.899076353873615,-1.5491321779943,1.07061900889698,-0.191835850494243,-0.00465020950782913,-0.0367691060848517,0.0786824023372747
-0.435490871577336,-0.0444552517057843,0.0846436814815198,-1.71711533690914,-1.83858897236321,0.898670697949299,-1.65025632755749,0.558826788819715,-0.0581130214354459,-0.00704371621323663,-0.0357486397844848,0.0875763900506108
-0.435345278185805,-0.0450733316536578,0.0844815821503027,-1.71749158850893,-1.83868605173682,0.898421167914154,-0.971184757804338,0.63457843842798,0.00348110333513318,-0.00635534507842239,-0.0365078523303538,0.123207277281192
-0.43519277671648,-0.0456741225817314,0.0842822985335706,-1.71783506247396,-1.83894631983816,0.898325361764195,-2.10348427312999,0.755274066588754,-0.153537421866957,-0.00746122986702247,-0.0350494827150985,0.0857358611539607
-0.435071703223172,-0.0462256393211469,0.0840803005922034,-1.71812725747837,-1.83933185252529,0.898361910039487,-1.06189284409766,1.09317394684172,-0.107089595983524,-0.00394812002990763,-0.0368031623491091,0.124915032904812
-0.435019322860969,-0.0466985856724129,0.0839089863523925,-1.71835669245102,-1.83979644830578,0.898497305412856,-1.50230063956906,0.32148629841754,-0.100324295528367,-0.00277421426670221,-0.0349350525506585,0.11668400177912
-0.435069217888578,-0.0470572983207767,0.0838065561452177,-1.71851166487678,-1.84028318813088,0.898682110398533,-1.64119474524352,0.612761529915133,-0.00463822394465296,-0.00578498325612076,-0.0329838690814272,0.115878497855967
-0.435244648976603,-0.0472920533728605,0.0837898284463092,-1.71860131737138,-1.84074025086756,0.898864979147986,-1.13458892960881,0.276275286487817,-0.00319668769128612,-0.00486704109864355,-0.0355384146975181,0.145822101399475
-0.435565607391609,-0.0473856803670039,0.0838803461532409,-1.71863164540819,-1.84111053629399,0.898984740867393,-2.0852720996632,0.548755134379917,-0.232334355171616,-0.00495298271377953,-0.0348617589302265,0.101638481042158
-0.436038782450522,-0.0473260739059409,0.0840922551512775,-1.71861168415773,-1.84135058049332,0.898987878266058,-1.02487335037551,0.564773190110827,-0.0616697901147347,-0.00149855641058849,-0.0342868686769094,0.1394064085457
-0.436654785156421,-0.0471226454663967,0.0844173178761164,-1.71855988085259,-1.84144213926068,0.898840024334948,-1.53889555211072,0.488098158976754,-0.0763637162330042,-0.00154035770941396,-0.0342276647527834,0.122339492418683
-0.437397168682616,-0.0467888779393135,0.0848429466092595,-1.71849413016631,-1.84137451885687,0.898512453364062,-1.8567547973891,0.101360793486947,-0.208394742550723,-0.0025472988131221,-0.0329708868663247,0.115990822751346
-0.438245075370459,-0.0463481507926691,0.0853459163170197,-1.71843242522263,-1.84115398130091,0.897994642968239,-0.808331559180829,0.445080710134789,0.0329859817582303,-0.000330766148645356,-0.0355013936255269,0.161206139471809
-0.439164825035793,-0.0458325308890881,0.0858928850865137,-1.71839208299986,-1.8408093926104,0.897296386654934,-2.26598874376145,0.192904986846543,-0.225844470527846,-0.00308865054245411,-0.034056469197025,0.124051810204185
-0.440124813852222,-0.0452770887525311,0.0864486146595861,-1.71838670995539,-1.84037704370913,0.896439904092247,-1.21450286377893,0.161906154070721,-0.171218342193441,-0.0059787711729915,-0.0311541148229823,0.166095028424501
-0.441095851973883,-0.0447203331420845,0.0869747235249619,-1.71842545421509,-1.83990132598927,0.895462272722867,-1.9410133138764,0.788482192472884,-0.253085026304944,-0.00928043037693849,-0.033518853750427,0.154204976038338
-0.442052265578289,-0.0441980454681197,0.0874367045273002,-1.71851377141498,-1.83943012007073,0.894408588352692,-2.10196192892511,0.454144202929001,-0.0920191668056134,-0.00728725711623746,-0.0338760339790668,0.166731522294241
-0.442970844381724,-0.0437476373230563,0.0878012813449501,-1.71865718339694,-1.83901019028466,0.89332684224341,-1.27801459458448,0.291399605771176,-0.0304230129441123,-0.00381946900554997,-0.0340200953156916,0.204527440976971
-0.443836801498993,-0.0433962670999772,0.0880451362651234,-1.718855400096,-1.83867972047265,0.892261976143944,-2.41138129847019,0.483395699851599,-0.0852473819770694,-0.00990090483008643,-0.034299808354002,0.176533876256436
-0.444643236636259,-0.0431588355436681,0.088158105011337,-1.71910316141684,-1.83846544056819,0.891251024268707,-1.40859371178431,0.135893910161258,-0.0681096210807084,-0.0088719583140815,-0.0352156014545449,0.226985892569985
-0.445387968651512,-0.0430400226689329,0.0881396411461183,-1.71939243872471,-1.83838552643967,0.890326111996349,-2.15207624253776,0.327488130684969,-0.114141993600413,-0.00867407239604878,-0.0309004905216664,0.216472727304359
-0.446071231031072,-0.0430365131325861,0.0879978191362643,-1.7197177464597,-1.83844420183099,0.889500803657477,-2.33611239398169,0.337212875349678,-0.118891018006252,-0.00650106073392687,-0.0315789901728118,0.2142572034848
-0.44669779192423,-0.0431275455632907,0.087755379168088,-1.7200675093585,-1.83863089307546,0.888774490288463,-1.55939585652351,0.127216809455604,-0.0271106677313355,-0.00561467085552536,-0.0345801518260214,0.246146859075778
-0.447272700898478,-0.0432734729175479,0.0874510085857735,-1.72042249427944,-1.83892763532602,0.888135813916161,-2.67993182214138,0.289358959805895,-0.160205881959172,-0.00502976105872222,-0.0323505479904425,0.217881490513963
-0.447802232270066,-0.0434259353007693,0.0871287820814625,-1.72075882527406,-1.83931062978204,0.887565489720311,-1.66709079827893,0.406364196473305,-0.167500301213295,-0.00384160820283563,-0.0328733456794615,0.269677943653298
-0.448293180814375,-0.043533940749052,0.0868350669926073,-1.72105443822599,-1.83975049201467,0.887036001812239,-2.35968531301592,0.0989506521609655,-0.213170829906261,-0.00454624309870599,-0.0347571558059475,0.250991607660648
-0.448757419624406,-0.0435417217691541,0.0866200907681266,-1.72128383281899,-1.84021033881585,0.886512559736921,-2.47905509384452,0.11128491706836,-0.120261058023175,-0.00675246346948866,-0.0343384362977586,0.243692145784492
-0.449202267633139,-0.0434113109068655,0.0865190009979303,-1.72143054627372,-1.84065842719829,0.885963091997927,-1.85817762725401,0.274196931093002,-0.070079013108284,-0.00308246011343272,-0.0347874659161464,0.279453728335778
-0.449629076620283,-0.0431118621956852,0.0865599361704673,-1.72147880283428,-1.84107278426657,0.885361367533084,-2.9278920853348,0.738306483646738,-0.157943663224529,-0.00452322482340461,-0.0300984498016879,0.243314820140877
-0.4500459608522,-0.0426350076243942,0.0867546805238402,-1.72142326573089,-1.84143315998665,0.884688947072414,-1.78276414143329,-0.167954513818586,-0.0853961515728372,-0.0024671530166227,-0.03426059814104,0.280294939397373
-0.450454832766865,-0.0419942745822848,0.0870965925959096,-1.72126792819898,-1.84173056086698,0.883937120871492,-2.43807816347072,-0.364933246124338,-0.000610015361019123,-0.00286609465380527,-0.0370912371643871,0.259093247540337
-0.450862155944341,-0.0412119735570116,0.0875727798650232,-1.72101912321248,-1.84195574017612,0.883100744702524,-2.41848332102609,0.689086664131992,-0.071098139466784,-0.00418157169729483,-0.0330672226622326,0.266276678876133
-0.451264547887936,-0.0403370403725027,0.0881489603840218,-1.72069808116579,-1.84211486779305,0.882186271042477,-1.80671427732068,1.13486163996754,-0.0126333101025295,-0.00473873249686996,-0.0337685081778972,0.293194622514069
-0.451658508993619,-0.0394250610046907,0.0887850658710103,-1.72032853943621,-1.84222194120813,0.881210699999087,-2.93738064700449,0.24152946194954,-0.174337650621339,-0.0093890421615006,-0.033573686309539,0.254459690666153
-0.452043636901163,-0.0385342437254064,0.0894391689262038,-1.71993884105735,-1.84228624632604,0.880188198342881,-1.98219281944176,0.211709959740574,-0.227707746400341,-0.00542330739903552,-0.0363006836273643,0.293220829689812
-0.452411396899649,-0.0377318935885516,0.0900607721911868,-1.71956547287631,-1.84232939958527,0.879141567850938,-2.27996683520627,0.421979462417312,-0.271135468193393,-0.0119458308643261,-0.0357714689847003,0.286061206156609
-0.452757445819524,-0.0370584247205521,0.0906180446387351,-1.71922894941186,-1.84236947134009,0.878092022676913,-2.75062254527518,0.336353020729121,-0.205061248043194,-0.0109406932795051,-0.0324138011285926,0.284003756807072
-0.453076056964422,-0.0365388855512361,0.0910898952960373,-1.71894634030324,-1.84241765139103,0.877050723464697,-1.77889041330019,0.94931189313661,-0.235683495817966,-0.00918609314014285,-0.0355049128344611,0.317373800585933
-0.45336779541419,-0.0361868851222926,0.0914636346452633,-1.71873302574712,-1.84248290211536,0.876028886508802,-3.09223701734311,0.326550623012508,-0.272078008664153,-0.00945415490199597,-0.0321645150454369,0.28662908432319
-0.453628456973052,-0.0359977770489976,0.0917373870730488,-1.71859586119263,-1.84257434579954,0.875033047510809,-1.93599689239164,0.457674044398118,-0.186063086489241,-0.00947926969982849,-0.0346134747908315,0.328520016226362
-0.453867922589559,-0.0359382350276771,0.091932500398677,-1.71852776120001,-1.84268330953686,0.874055618232009,-2.60276577773249,0.559817633625244,-0.0618412194656912,-0.0128619317679664,-0.0360933788384256,0.310490080065476
-0.454101313721361,-0.0359677034461541,0.0920753988791847,-1.71851926162907,-1.84279803588071,0.873087500617435,-2.84712714505883,0.494816898565887,-0.139263520926676,-0.00959474743990896,-0.0345292021853554,0.306094151702014
-0.45434423695338,-0.0360405810333191,0.0921935089315882,-1.71855737420798,-1.84290418389745,0.872114219249645,-1.91097065379029,0.106676196528952,-0.0672773558486881,-0.00984840778818441,-0.0363596850079227,0.336238003086776
-0.454618176036698,-0.0361092941123307,0.0923170770044115,-1.71862740993905,-1.84298645854252,0.871124841568111,-3.02962350343955,0.137858371291486,-0.14596849612704,-0.00790082547234139,-0.03378984587645,0.30046693412672
-0.454947163149425,-0.0361274893190657,0.0924756979959137,-1.71871278191111,-1.84302310707985,0.870101766988421,-2.20692107070289,0.510577451735799,-0.142798980292014,-0.0064762549695212,-0.0349559330653406,0.341569457115069
-0.455356649856218,-0.036060270528127,0.0926891733776866,-1.71880144868617,-1.84299591962788,0.869030941365078,-2.68681474967872,0.222006848784986,-0.201570251687372,-0.00883142445970275,-0.0296188264711426,0.31870989865068
-0.455863290538752,-0.0358853164486153,0.0929670168628217,-1.7188838529875,-1.84289490741347,0.867904360755266,-2.73110209614111,-0.0656733775749672,-0.344130788702671,-0.00587053973531404,-0.0313943425342331,0.31667763698187
-0.456487266154933,-0.0355860059073798,0.0933158645105658,-1.71894891738899,-1.84270974076901,0.866717836422943,-1.96863616046016,0.106593465648984,-0.213660763938236,-0.00234938250979821,-0.0333951930680823,0.346019883890667
-0.457236073818383,-0.035174487139523,0.0937196597902581,-1.71900212281924,-1.84244367793784,0.865476684185119,-3.10122961945024,-0.31942344938966,-0.145796594347814,-0.00349771806337884,-0.0296377807732198,0.304416614816935
-0.4581097517865,-0.0346647561405522,0.0941594544413518,-1.71904531169507,-1.84210159592899,0.864184447010103,-1.93797116868899,-0.00772709314924214,-0.0439325345111286,-0.00451791764773768,-0.0347776950076079,0.347834943021067
-0.45909710682981,-0.0340775226059762,0.0946107010744283,-1.719081608943,-1.84169987527,0.862853164290009,-2.68704150255775,-0.399400375061532,-0.201704457867208,-0.00525888544035791,-0.031450869940548,0.330351831834221
-0.460180114441877,-0.0334361902626767,0.0950464623936291,-1.71911455785861,-1.84125757222195,0.861496208665203,-2.75408572221193,0.456740613163902,-0.178416327835805,-0.00679839802222837,-0.030312144799318,0.333177038817888
-0.461334142867344,-0.0327660657148847,0.0954399757553731,-1.71914999433265,-1.84079546211284,0.860123685427443,-2.04623357701132,0.35839699591088,-0.152273934383317,-0.0106565050355298,-0.0349611841786621,0.354630631528418
-0.462529077238092,-0.0320891832288588,0.0957666127665368,-1.71919117226274,-1.84033828529271,0.858748509855363,-3.03323404280593,0.344009901784148,-0.166222738016046,-0.0104489887189483,-0.0317262811185333,0.323259233220308
-0.463729051969293,-0.0314226619491169,0.0960067423228376,-1.7192400729509,-1.83991037679096,0.857379819121013,-2.28588813014511,0.0925335482597802,-0.160818162817833,-0.00658519343226605,-0.0296136911850038,0.357477783173477
-0.464896681669356,-0.0307886761637608,0.0961379750582563,-1.71930399428009,-1.83953956794969,0.856029001677987,-2.60449756217434,0.232870519654398,-0.265052220862032,-0.00969533222922481,-0.0364392318483812,0.347847682644941
-0.465996533390772,-0.0301867505532272,0.0961585578705609,-1.71937650806241,-1.83924889712029,0.854702745283083,-3.031455078698,0.168161539465927,-0.221926677498573,-0.0129012577779322,-0.0320350870834665,0.348943877209157
-0.466994570275115,-0.0296274415841751,0.0960604618334264,-1.71946055669913,-1.83906678301698,0.853413772749001,-2.2571536256674,0.00347830518194314,-0.1617935171667,-0.00773201584895622,-0.0316206255444751,0.393491120824332
-0.467865686270542,-0.0291083921299666,0.0958484994570268,-1.71955093949727,-1.83901235680116,0.852168595896459,-3.31573975994081,0.052292302687647,-0.152200423670735,-0.0116485087278453,-0.0295814140625081,0.355193513810012
-0.468597069403527,-0.0286134717498712,0.0955424250970495,-1.71963448322561,-1.83909778552349,0.850973635822295,-2.42698736032889,0.69445789095289,-0.19387863329564,-0.012999917456721,-0.0298524176711198,0.396162149253667
-0.469177648363335,-0.0281405431920092,0.0951525407370778,-1.71970706840987,-1.83933983339289,0.849841484293534,-2.94870808373611,0.094279623201146,-0.273177902039265,-0.00770132255857447,-0.0316487480501312,0.383759928126063
-0.469606679610209,-0.027689036420437,0.0946903031683263,-1.71976554979626,-1.83975039441743,0.848787040140213,-3.19776694299242,0.116651243623664,-0.18770682085102,-0.0103421043107703,-0.0306767177140346,0.3754001324655
-0.469902921086411,-0.0272387499694151,0.0941875758525565,-1.71979555848676,-1.8403191359765,0.847812021250786,-2.16370000992731,-0.252382972885243,-0.229259525999908,-0.00538124584133204,-0.0322921145334915,0.418427615723262
-0.470086797744532,-0.0267789653238246,0.0936689239508969,-1.71978821145583,-1.84103452263322,0.846920731611847,-3.61989275684101,0.229103668588778,-0.206252685536668,-0.0102338562609843,-0.0297710117444425,0.370775582478386
-0.470190854407589,-0.0262960586283345,0.0931640218360678,-1.71973562794228,-1.8418680390754,0.846105915818685,-2.48960213310102,0.147887855571071,0.0295699451297651,-0.0089937577737027,-0.0267207652234911,0.417160890212543
-0.470257431673781,-0.0257730796247362,0.092707458396959,-1.71962826098447,-1.8427771143274,0.845354447858068,-2.97619701724454,-0.351511885578475,-0.00701268806540156,-0.00696146531923647,-0.0283544909622409,0.401071168362262
-0.470327606045563,-0.0251954944777157,0.0923311927361173,-1.71945996637583,-1.84370970770522,0.844642421288365,-3.17769562330847,-0.0855725165515651,-0.130570652149714,-0.00719967945280775,-0.0294383294271804,0.399758291141244
-0.470439800762687,-0.0245593175519954,0.092059092455737,-1.7192345980284,-1.84461067590575,0.843942247594724,-2.4169210360422,0.0394530963751549,-0.157216459793403,-0.00525617297206038,-0.0318118818385083,0.421767791687115
-0.47063352700409,-0.02386762435561,0.0919098189345516,-1.71896174560574,-1.84541901758734,0.843222411944021,-3.65586058093828,0.160667072542765,-0.0975813788184894,-0.00632863152695595,-0.028836502053228,0.384852037228983
-0.470937368422187,-0.0231331082768378,0.0918921888591677,-1.71865756994005,-1.84608059242276,0.842452817821333,-2.67901875200533,0.783390461098634,-0.00159865500597789,-0.00555337992205507,-0.0310700044625517,0.433880109525766
-0.47136885095263,-0.0223729468366365,0.0920089465139532,-1.71834083443118,-1.84654996049381,0.841607721714114,-3.07411819719613,0.459703490457741,-0.106612081064299,-0.0107781698195635,-0.0315873289569946,0.410699527671828
-0.471931816739183,-0.0216203343664318,0.0922461929090654,-1.71803952232024,-1.84680058632566,0.840672297892693,-3.13160225841085,0.593347843459242,-0.159716487705793,-0.0108917030010907,-0.0284089516691327,0.401209874501597
-0.472614477792863,-0.0209256461427927,0.0925717652384007,-1.71779124451201,-1.84682824494969,0.839646226240524,-2.5854802072829,0.736023791837852,-0.241597324157283,-0.0108005644751099,-0.0254195687957251,0.434481970816486
-0.473389980450827,-0.0203363781925603,0.0929501547541375,-1.71762856726711,-1.84665149908263,0.838543075163433,-3.56020837163197,0.38504664421157,-0.255451679194323,-0.0116247692320921,-0.0279031503175008,0.40402588891134
-0.474218372371968,-0.0199058277940267,0.0933351845414504,-1.7175830238205,-1.84631430423596,0.837395316797997,-2.55998789020043,-0.920668796785321,-0.296555729999767,-0.00927359923224813,-0.0290102059409308,0.446124726047391
-0.475053110889141,-0.0196756788355525,0.0936839823749083,-1.71767408056873,-1.84587904759587,0.836250428818597,-3.10530752870181,0.10101851962213,-0.214286232376992,-0.0125251952987888,-0.0301878952961818,0.430104789805636
-0.475840101106019,-0.0196837673133086,0.093951130600844,-1.71791571498649,-1.84542468446872,0.835165229993577,-3.30739689088091,0.296106948244642,-0.148329941472298,-0.0130131196506991,-0.0298058512695608,0.432052146033535
-0.476532843054692,-0.0199656330652598,0.0940915240565637,-1.71832119443788,-1.84503091404625,0.834200175376353,-2.63041863668883,0.122182260557565,-0.174203189570051,-0.0116710238659596,-0.0281419672147915,0.455424740131575
-0.477088780349551,-0.020520090225201,0.0940846068392017,-1.7188780403136,-1.84476760394876,0.833403174003405,-3.7322056982905,0.492563210136268,-0.20053217154242,-0.0108749431362667,-0.0271670698923109,0.417447569899873
-0.477473832172373,-0.0213426143527791,0.0939113577667832,-1.71957153208023,-1.84470250900643,0.832823078163317,-2.80250260868462,0.298131408104609,-0.175641429061045,-0.00740321053224635,-0.0279681017963148,0.460989817791275
-0.477666717445663,-0.0224009563712109,0.0935751360208954,-1.72037148133547,-1.84488033486115,0.832486724620887,-3.15491724834521,0.162647379656391,-0.260584958818043,-0.00895978425256061,-0.0268653127596417,0.452924754428857
-0.477670250666268,-0.0236416556252532,0.0930995063721813,-1.72123859538921,-1.84531148201528,0.832396505304746,-3.56925467811203,0.619401234061343,-0.0883848785668988,-0.00904250308070909,-0.0253012595649681,0.449106326290306
-0.477498510246814,-0.0249985279357841,0.0925197239385797,-1.72212871882731,-1.84598392875927,0.832532875957075,-2.72163832417249,0.260824942884938,-0.114645180144294,-0.00592447965934539,-0.0288998415832615,0.48466943164214
-0.477174129276581,-0.026398961047061,0.0918798093916311,-1.72299825476604,-1.84686662733921,0.832859760932639,-3.86884589181676,0.404478298703907,-0.227780168195039,-0.00665729864930764,-0.0281252798938958,0.443254905715049
-0.476743651383623,-0.0277538633232091,0.0912422790480132,-1.72379694286811,-1.84789529906794,0.833317842343096,-2.93478663508228,0.442753088463633,-0.0246937119631241,-0.00315127483982014,-0.0271042741747262,0.484599153147998
-0.476249370742655,-0.028999068032709,0.0906528949140885,-1.72449488702305,-1.84900432401661,0.833844980161878,-3.61890071428866,-0.394705833381295,-0.145231417943506,-0.00620260406547457,-0.0252604559667052,0.466486472165215
-0.475742739946879,-0.0300608689522974,0.0901674869172996,-1.72505659071477,-1.8501168946258,0.834371923204654,-3.53724783406028,0.396265648325425,-0.0406234929380673,-0.00612959516458034,-0.0256175029238081,0.467072656366222
-0.47526522676625,-0.0308895394159183,0.0898235692240428,-1.72546309781353,-1.8511645426636,0.834834531698412,-2.88667186088236,0.328047686407444,-0.0545486968541127,-0.00075896237774753,-0.0300322243455405,0.495486003090404
-0.474857968365365,-0.031448031466903,0.0896509392340202,-1.72570290495202,-1.85208745241489,0.835181342706829,-3.85088904499901,0.243548205249908,-0.156823615823271,-0.00536475801335223,-0.0243906545476266,0.459170090062016
-0.474545139390637,-0.0317293065697601,0.089655088103788,-1.72578256395584,-1.85285142542091,0.835381695269453,-2.87849583026394,0.435294738647599,-0.143608522623367,-0.00672971162128366,-0.0242564859844435,0.493592005626876
-0.474347311629841,-0.0317407060913162,0.0898309935477438,-1.72571652434946,-1.85343023521638,0.835413882595621,-3.48988836873139,-0.0963461347294015,-0.122419751934984,-0.00579512546146832,-0.0292836373633638,0.475524000447042
-0.474276515239779,-0.0315025840564243,0.0901646671884758,-1.72552449266373,-1.85381860108215,0.835278353591573,-3.73512643310704,-0.28286468108945,-0.228035428623571,-0.00603522783329025,-0.0269972530251842,0.47635481985897
-0.474333949219786,-0.0310428940654468,0.0906348225152327,-1.72522786290941,-1.85402673174923,0.834986858270576,-2.85813638226006,-0.203586817439145,-0.0791257483922152,-0.00510947915781212,-0.0277468115203192,0.514143937790599
-0.474510854740862,-0.0304094361211593,0.0912048917981109,-1.72485884046806,-1.85408457058053,0.834571091553156,-3.98801063775232,0.377943655596937,-0.216031853704408,-0.007659687370281,-0.027307828900639,0.465632696192602
-0.474794287092157,-0.0296467032393775,0.0918435396455821,-1.72444574773735,-1.85402259344895,0.834062671702067,-2.959008463864,-0.0616172807447128,-0.123554795523773,-0.00772210769508686,-0.0296994918364303,0.501568154492104
-0.47517029199455,-0.0288033499939893,0.0925166094753054,-1.72401743638608,-1.85387835916171,0.833501779839803,-3.52268045862479,0.762324821898801,-0.216500821386546,-0.00682407822052022,-0.0271015057233896,0.480148575947189
-0.475624917393041,-0.0279204704341645,0.093197551649092,-1.72359733663719,-1.85368435352068,0.832923345661407,-3.65195119143328,0.497556815418875,-0.105080360351337,-0.00875231804276577,-0.0238932256409586,0.485631258263793
-0.476146530246905,-0.0270278701744946,0.0938703021715344,-1.72320001430641,-1.8534674771506,0.832357475178657,-2.95623283234187,0.277025436419535,-0.215008707511117,-0.00625729547183029,-0.0257808232404557,0.513715499057504
-0.476725861522837,-0.0261575747504725,0.0945191617024002,-1.72284305121476,-1.85324907869243,0.831830430160146,-3.99616998178658,-0.184932418437256,-0.0998234910294968,-0.00765603856793007,-0.0259161382829037,0.483809985572886
-0.4773572057011,-0.0253327257644251,0.0951348446639958,-1.72253788652571,-1.85304217312987,0.831358933659378,-2.86845616551699,0.803324489110082,-0.039244405762787,-0.00552073744154979,-0.0294213279936041,0.529417182164452
-0.478034127539809,-0.0245699404467796,0.0957126941076106,-1.72229240501477,-1.85285324762401,0.830951270895621,-3.57211872799132,0.547152253198874,-0.143182113838833,-0.00842824848598012,-0.0285150474529503,0.510223562934672
-0.478756205380089,-0.0238810588102663,0.0962498364455681,-1.72211005991882,-1.85268375786226,0.83061402822837,-3.83726826559126,0.0372789697089502,-0.194862110862772,-0.00728408141824621,-0.0289965613870359,0.5010075580546
-0.479517844696954,-0.0232711056845059,0.0967455091424623,-1.72198936865549,-1.85253496698128,0.830346622537937,-2.93295518616588,0.851351831553529,-0.174057901627975,-0.00385123323329895,-0.0272425636747649,0.539341784724843
-0.480318025701697,-0.0227485174450237,0.0971949548334706,-1.72193079392504,-1.85240781341235,0.830151432633537,-4.29531644778206,0.161989768390185,-0.257704385142063,-0.0100760141487748,-0.0240671677130005,0.506628124147591
-0.481149480822112,-0.0223244127890201,0.0975874153437639,-1.72193597532555,-1.85230577876369,0.830029016153915,-3.13453402440842,0.435103592167252,-0.222823519702104,-0.00990445194889977,-0.0286911103454082,0.550309883442012
-0.481995589249748,-0.0220181899614307,0.0979010076135766,-1.72201155090905,-1.85224052143903,0.829982012464656,-3.85393545967452,0.60202987169464,-0.151512946666799,-0.00912167616084636,-0.027007633066437,0.534456865044924
-0.482841388561753,-0.0218409910623283,0.098120345756751,-1.72215899377769,-1.85222149879401,0.830010795412963,-3.98334331068861,0.416555244459232,-0.285503147380808,-0.00865212747631983,-0.0272670456807664,0.535453371679317
-0.483666940740395,-0.0218094162970495,0.0982245722230652,-1.72238411391549,-1.85226365133599,0.830117672750657,-3.31522827293827,-0.111990333598442,-0.219821694616968,-0.00656950229402664,-0.029744324932969,0.570586967183782
-0.484446768797457,-0.0219385880087639,0.0981917738353869,-1.72269093029763,-1.85238447527384,0.830303851486871,-4.32068850058454,0.255449060509363,-0.170786892895904,-0.0117836512097971,-0.024080375964876,0.538175159835693
-0.485160409365639,-0.0222374442769802,0.0980087194136657,-1.72308114263096,-1.85259560289891,0.830567543978838,-3.615001134078,0.646112234040629,-0.175521297778204,-0.00716512618479515,-0.0292357014901637,0.576857377422477
-0.485789233063476,-0.0226989053371955,0.0976774496376996,-1.72354745183179,-1.85290126597264,0.830898448271541,-3.98028298615094,0.565932727429072,-0.108964603348738,-0.0106427474718349,-0.0291492260329019,0.566000041297758
-0.486317040228042,-0.023317819499546,0.0972014226961161,-1.72408660843881,-1.85330041778744,0.83128222960947,-4.26937244339592,0.44507501651924,-0.163271538669562,-0.0108828179339739,-0.0281187239328167,0.566893171917366
-0.486740040586408,-0.0240717168269047,0.0966031059532331,-1.72468657608745,-1.8537768183951,0.831694312302305,-3.4131730951126,-0.0497222203614456,-0.15938690448931,-0.0119773018912688,-0.0298942902698475,0.600693072530542
-0.487062653870044,-0.0249151297921202,0.0959268405865082,-1.7253212202944,-1.85430589138078,0.832107182763234,-4.58339850903917,0.42809334021058,-0.291822925548587,-0.0130324576547647,-0.0262940183175354,0.564469115434378
-0.487295831486536,-0.0258026306059911,0.0952195644901345,-1.72596751762862,-1.85485367488915,0.832485152987703,-3.55904115787922,0.44780190858728,-0.154122198071008,-0.00966440949844616,-0.029233148944349,0.611822209890189
-0.487465547830273,-0.0266791468995766,0.0945400761397003,-1.72659785338506,-1.85537389485948,0.832789727639949,-4.08565234991983,0.970708455118711,-0.111589489088459,-0.010780777533308,-0.0294444600351695,0.600196977325282
-0.487600958580755,-0.0274826653040812,0.0939536317463998,-1.72718075972423,-1.85581635738899,0.832981794146534,-4.41878398931772,0.376267882025331,-0.123015392758759,-0.0144403323530868,-0.0253913953192812,0.591655767238332
-0.487737288770139,-0.0281530188657086,0.0935222271343256,-1.72768639522738,-1.85613113075277,0.83302434922164,-3.38936494942686,-0.355786981939673,-0.151790898446393,-0.0119014126486983,-0.0265537971831868,0.62912196140553
-0.487910208049297,-0.0286378152741396,0.0933005231404563,-1.72808999125411,-1.85627557193349,0.832890735294344,-4.7892457113611,-0.153865352269577,-0.413804234892751,-0.0123727605980259,-0.0294985766313116,0.592248243003623
-0.488152705006443,-0.0288939029223112,0.0933317461517575,-1.72837028479922,-1.85621632321488,0.832565595382453,-3.54931769654058,-0.141868325404857,-0.217983154672794,-0.010062274637674,-0.0264454111312318,0.636814896519008
-0.48848955165387,-0.0288968391114608,0.0936388091445509,-1.72851607086248,-1.85593662454306,0.832046871411872,-4.40167036328552,0.0191439081725093,-0.209931066837896,-0.0134844428181098,-0.0308668586565244,0.61259336223939
-0.48894070654519,-0.0286280482667003,0.094234847405002,-1.72851826585335,-1.85542917436774,0.831340493840741,-4.3298899796909,0.121131604279526,-0.106736474911116,-0.013967798614539,-0.0275438442909815,0.620466549355126
-0.489505238888287,-0.0281044837781099,0.0950971446461703,-1.72838808333722,-1.85471611216859,0.830473135439303,-3.74862251362589,0.756995299468372,-0.0557753312738214,-0.0117706505677808,-0.0278421518474645,0.647701872213102
-0.49017621836884,-0.0273475851645575,0.0961934106059575,-1.72813547681285,-1.85383318772269,0.829483113314029,-4.87766956222367,0.637791438791055,0.00972105060759532,-0.0149590098078494,-0.0261313365148634,0.611721747405587
-0.490925334170814,-0.0264088810167937,0.0974615068031226,-1.72778873736799,-1.85284059523176,0.828421730069786,-3.80439898391774,0.0603302454130699,-0.181769786484352,-0.0174866859723952,-0.0294553808437639,0.648724128845896
-0.49172185114584,-0.0253441762307691,0.0988315278039655,-1.72737695861526,-1.85180376247067,0.827345105123589,-4.3446837006216,0.111202444273204,-0.156730123392578,-0.0133379416540405,-0.0292864166745264,0.637958652442772
-0.492519263431139,-0.0242121269290578,0.100227900076082,-1.72692982458422,-1.8507983666394,0.826308534443032,-4.59431952637641,0.0657788709606848,-0.277774163955257,-0.0118958478725535,-0.0256343749938231,0.634205058133436
-0.493273648375425,-0.0230765806815398,0.101571423609577,-1.72648146902114,-1.8498985948972,0.825364725806255,-3.86425497428507,-0.304155760043386,-0.00669044709238165,-0.011137459123832,-0.0261052127788534,0.661883437008755
-0.493941310275728,-0.021999762879453,0.102784787491855,-1.72606609365787,-1.84917202961159,0.824557510117537,-5.05209616832104,1.19956631814421,-0.262967431459629,-0.0127939601607787,-0.0285562521553794,0.624349272773953
-0.494489055359933,-0.0210296796430214,0.103806283791478,-1.72571119667508,-1.84866752427622,0.823914722441791,-3.88176540712095,0.325878302681758,-0.210327588533772,-0.0122837128820983,-0.0291466221253371,0.667869213129262
-0.494885177960821,-0.0202001264930622,0.104588372300686,-1.72543573111138,-1.84842506802618,0.823452492199344,-4.45173647115217,-0.16979509507587,-0.19224628416103,-0.0131285775315395,-0.028093438303566,0.651013410777358
-0.495108611439038,-0.0195357128101072,0.105097449450404,-1.7252557809565,-1.84846535138504,0.823171216084911,-4.66942483149728,0.241638871491659,-0.176756359600859,-0.0168044059620605,-0.025822505491792,0.643281670401922
-0.495165186695955,-0.0190338801008973,0.105330649991881,-1.72517262100253,-1.84877739699638,0.823051026051391,-3.93577761028263,0.421246874783492,-0.209369029553329,-0.0158954004573806,-0.0275931747770432,0.674792481320931
-0.495068481155616,-0.0186817033951758,0.105300891582943,-1.72518277796985,-1.84933576111799,0.823062900748156,-5.01624551917996,0.0364838691900786,-0.254770953865915,-0.0143060356680413,-0.0251740758573458,0.640259187047711
-0.494847826627428,-0.0184464348578519,0.105043645257918,-1.72527045751909,-1.8500971633371,0.823167462054161,-3.92083169406243,0.204316713812204,-0.100249202225143,-0.0152855286690166,-0.0279813685039821,0.678309089027163
-0.494535619344414,-0.0183081933270035,0.104590099798136,-1.72542795737894,-1.85101846066326,0.823331304637129,-4.52695420484008,0.699123057361021,-0.265390600706468,-0.0171044610082012,-0.0271203730452701,0.661996211958396
-0.494179195274901,-0.0182252264575204,0.103995147402502,-1.72563339254194,-1.85203909378226,0.823512783042202,-4.7381964929636,-0.0750371672645542,-0.213682478944662,-0.0119981355837386,-0.0261297184177842,0.666633308090291
-0.493817398314432,-0.0181760989855935,0.103298495377786,-1.72587680907149,-1.85311311550664,0.82368453106757,-3.97846086179197,0.475944885363788,-0.195771355894095,-0.0128990909962035,-0.0252198898146475,0.690267361939116
-0.493496881085774,-0.0181327052383775,0.102548793015296,-1.72614161354935,-1.85419035018451,0.823822911634514,-4.97526620151194,0.105912475266223,-0.345707077419405,-0.016034024660625,-0.0245524248478077,0.654222037881913
-0.493256686148258,-0.0180694158428754,0.101791987124545,-1.72641274492029,-1.85522839955185,0.823909280671621,-4.18734644850684,-0.243713278855921,-0.0391282679124458,-0.01221095667356,-0.0294737238005374,0.693883429346119
-0.493121913357699,-0.017990936726255,0.101046360033267,-1.7266933888638,-1.85620473088943,0.823941064526279,-4.59047495847261,0.312989311887577,-0.2393601418147,-0.0123566860878483,-0.0300023603658241,0.679955767708055
-0.493108638126527,-0.0179050360622135,0.100324842075634,-1.72698669500972,-1.85710718948676,0.823922799273226,-4.90121819572175,0.575696969483033,-0.205316201549152,-0.0144055488123285,-0.0270296193918281,0.683939979093235
-0.493231867066189,-0.0178069143241881,0.0996487225222112,-1.72728931168083,-1.85792077935569,0.823854234250202,-3.9911190743174,0.120601329939518,-0.158372900580503,-0.0118900987492898,-0.0305234285448824,0.717122384452865
-0.493485553241601,-0.0177204885461713,0.099010737077282,-1.72761594331671,-1.85865188784184,0.82374551044288,-5.19472786622117,0.180099174194766,-0.127931954163159,-0.012729590483004,-0.0285858754381443,0.678741220267379
-0.493860154107039,-0.0176595383972309,0.09840731354673,-1.72797490967571,-1.85930371563045,0.823598639667844,-4.05090603715854,0.325454142428953,-0.0236754991245505,-0.0130705384962164,-0.0282936434129681,0.726491883283453
-0.494340050818098,-0.0176403347173455,0.0978305751961015,-1.72837729808206,-1.85988425574388,0.823416096474259,-4.79886429398925,0.45240880474239,-0.0893287517403394,-0.0146348693766027,-0.0266432132512297,0.710188664695242
-0.494906523436693,-0.0176730557171556,0.0972751637199875,-1.72883122397276,-1.86039845510202,0.823192689976377,-5.00938522901896,0.655836176398225,-0.180162967663165,-0.0142335958427084,-0.0268581474785725,0.708923118203541
-0.495539344090892,-0.0177618710473766,0.0967373186340188,-1.72934089116317,-1.8608506941828,0.822919686941607,-4.31206638206316,-0.344063012770221,-0.159410746748875,-0.0122203074859755,-0.0288994005846314,0.746366637064256
-0.496221472351053,-0.017911884014886,0.0962136607851632,-1.7299114710194,-1.86123903242478,0.822583101387484,-5.33075847376796,-0.0187718066486013,-0.297711850641122,-0.0155305581861302,-0.0269891666794422,0.721044205611836
-0.496939871564894,-0.0181242104439914,0.095703614497483,-1.73054390368088,-1.86156379214973,0.822174149868611,-4.54335710086337,-0.0920668849498725,-0.162015462624794,-0.015089989363815,-0.0276273960226763,0.753988961865321
-0.497681275988554,-0.0183965755815301,0.0952095956838359,-1.73123624378948,-1.8618243355284,0.821682915852983,-4.90545136665281,0.29939830361991,-0.297519593096638,-0.0143539249988875,-0.0288433103727714,0.735458410140097
-0.498438444031885,-0.0187277020814953,0.0947334681212246,-1.73198553033113,-1.86201896877526,0.821104304076159,-5.13542262180556,-0.464090964140496,-0.209273654302109,-0.0165790903788339,-0.0273209231334668,0.743853135434279
-0.499204006074028,-0.019106936717499,0.0942835235018991,-1.73277860457018,-1.86214985453657,0.820438382136243,-4.25387309755894,0.316222255553839,-0.213520729190776,-0.0160053603046193,-0.0290454244181077,0.780057727413586
-0.499979605691822,-0.0195252936832837,0.0938678307138169,-1.73360039469766,-1.86222147149347,0.819696029359037,-5.56906241994153,0.728269987642307,-0.273925114816393,-0.0175481352101667,-0.0285005908252747,0.738750670359722
-0.50076224349732,-0.0199815829872207,0.0934877228678243,-1.73443948608573,-1.86224543531506,0.818894729890683,-4.6779126117159,0.393393727698822,-0.281756039224121,-0.0190677976288898,-0.0282285048767394,0.784110808247374
-0.501548759955546,-0.0204623098134693,0.0931527155532559,-1.73527508456537,-1.86223360353844,0.818053035824637,-5.18154433239465,0.191358580530505,-0.129527038201758,-0.0192180522449239,-0.028848016914903,0.77022730240924
-0.50233435520092,-0.0209585617079622,0.0928676649298501,-1.7360882024656,-1.86220487846413,0.81719617266516,-5.32013735228406,0.226712060126829,-0.305269225384109,-0.0201131096979137,-0.0283709625492446,0.761751116089634
-0.503113085572179,-0.0214656899069414,0.0926352909195656,-1.73686500992144,-1.86217314567188,0.81634284476957,-4.54089705214483,-0.572985495906323,-0.315817550374362,-0.0179983607226131,-0.0293825475928242,0.787548266272157
-0.50387908011095,-0.0219643183181795,0.0924681574810394,-1.73758268853379,-1.86215163318333,0.815508474898824,-5.69695494795781,-0.171750415416454,-0.244495457418623,-0.0173365577203017,-0.0252692734279944,0.759740108920773
-0.504621156029737,-0.0224467644890503,0.0923693314398683,-1.738227729566,-1.86215876893771,0.814710200230654,-4.65218047918967,0.270878525598846,-0.232796885223905,-0.0174989629494577,-0.0273307560832579,0.800504994024924
-0.505329131522104,-0.0228954043657339,0.0923507529390115,-1.7387834254372,-1.86220465416364,0.813954303643164,-5.03754600760891,0.264652679897608,-0.186376109948242,-0.022735032053705,-0.02560840788554,0.781375922991753
-0.505997635646074,-0.0232903285068637,0.0924283991818639,-1.73923783324313,-1.86228563333423,0.813231895353667,-5.2952037492384,0.521990831572793,-0.188380608857273,-0.0205272398447702,-0.026748863697683,0.775475298609236
-0.506621045242475,-0.0236196727147053,0.0926120550077187,-1.73958695866238,-1.86239668009193,0.812530227110576,-4.46931360672858,-0.0285543790614611,-0.164601058160628,-0.0140784439749111,-0.0266179189532365,0.803127174386363
-0.507199717587344,-0.0238676408946414,0.0929154935251163,-1.73982667546559,-1.86252738511172,0.81183306461289,-5.49474159478666,0.0508367225233997,-0.295264654442434,-0.021015660191376,-0.025959946284763,0.76741977880702
-0.507729214361885,-0.0240350315557993,0.0933382827460991,-1.739967669834,-1.86267069162193,0.811123410643749,-4.62574424795076,0.280640828752666,-0.133914065190481,-0.0163701804456231,-0.0266954050184948,0.804935917309429
-0.508213668339131,-0.0241231233629833,0.0938799541985011,-1.7400204388666,-1.86281691054297,0.810387240429629,-5.25521677552513,0.00581108392475471,-0.211198396382031,-0.0174751912825823,-0.0299808856566874,0.789447944582969
-0.50865721900548,-0.0241442287499201,0.0945311963609831,-1.74000462625637,-1.86295687436541,0.809612778894179,-5.3622389904844,0.590474278958254,-0.232024864028546,-0.0158701546902154,-0.026982016630077,0.787999104732235
-0.509069699067383,-0.0241188529903482,0.0952726099477444,-1.73994455898347,-1.86308273003042,0.808793055255388,-4.65900293582985,0.298328632190305,-0.213196153469426,-0.0135413656353176,-0.0284893965571681,0.828807680848138
-0.509452486286126,-0.024079595760174,0.0960707455499447,-1.73987037707005,-1.86320238542711,0.80793372895978,-5.80136107112895,0.383563672136233,-0.278510997856642,-0.0198253676347089,-0.0225585490876704,0.781311477835895
-0.509813902547537,-0.0240449362868009,0.0969016292298999,-1.7398005176522,-1.8633202748518,0.807044403887365,-4.72782305550015,-0.56157395452783,-0.146003851946517,-0.0166406875648057,-0.0241233043626017,0.818049559090523
-0.510158095976644,-0.0240407807465761,0.0977295448612662,-1.73975449301044,-1.8634522395303,0.80614406751076,-5.48289683464156,0.170176367232898,-0.201228313336657,-0.0157034204288253,-0.022457737770252,0.805460324867021
-0.510488464451538,-0.0240827965273827,0.0985237245304135,-1.73974347757696,-1.86361326774739,0.805250920240121,-5.32273577889163,0.2462753258053,-0.173533752291434,-0.0146712429716827,-0.024916874560979,0.812914073136035
-0.510803875446706,-0.0241826008792696,0.099254895372212,-1.7397752448776,-1.86382042891338,0.804382714043416,-4.70519341945067,-0.455538850217636,-0.270265215346456,-0.0149119679550278,-0.0253806203443029,0.837476363378164
-0.511110662470503,-0.0243240579727626,0.0999140994482537,-1.73983614306184,-1.86408145361513,0.803551017680452,-5.8153139657914,0.415403974897799,-0.103856108288483,-0.0189010378725665,-0.0244737732292433,0.805985759035142
-0.511407418495106,-0.024488590418553,0.100495249560151,-1.73991127944055,-1.86440929742334,0.802767860726694,-4.94351602352384,0.343750792415904,-0.168462631270017,-0.0199004735247508,-0.0268063708842935,0.85549457188153
-0.511701962120094,-0.0246455154184648,0.101004391214218,-1.73997946211647,-1.86479910093661,0.802030162810473,-5.49768877681697,0.119882102750353,-0.256876691409502,-0.0194239310044426,-0.0267226392335112,0.835474671216239
-0.512002197685694,-0.0247620623985316,0.10145391900066,-1.74001996212452,-1.86524253318186,0.801331423092594,-5.62713155337815,-0.0834774860531979,-0.169891989030447,-0.020320491434445,-0.0288496459729475,0.837746521341951
-0.512322438452969,-0.0247921570770835,0.101872667820245,-1.74000574840902,-1.86571621985978,0.800650738581964,-4.92528159487057,0.0524287990569974,-0.330266948858622,-0.0154990294905062,-0.0290755411545278,0.870609524163852
-0.512672610014748,-0.0247160187149706,0.102273976956393,-1.73992945857427,-1.86620349111287,0.79997258326688,-6.02634252947962,-0.150138233329926,-0.295433626180625,-0.0188507904612387,-0.0273230833466646,0.838798863527411
-0.513069226370493,-0.0245201329191467,0.102673408765267,-1.7397914312532,-1.86667767878908,0.799275147612013,-5.0749501514025,0.706133263657648,-0.233015046176263,-0.0188858346603991,-0.0269157651127586,0.882808653854737
-0.513525919845314,-0.0242224005280818,0.103066874114491,-1.73961425965707,-1.86711938306656,0.798544928871153,-5.74224878366914,0.478261472845361,-0.156353359187591,-0.0218330430389142,-0.0243735342923248,0.869714341683835
-0.514049861571298,-0.0238561104517423,0.103441328403441,-1.73943141140619,-1.86751424959447,0.797771069093108,-5.84208447031915,0.492021509460301,-0.238480593679753,-0.0221854024606278,-0.0269491739363278,0.872930452510268
-0.514652939123586,-0.0234630988717601,0.103780144821813,-1.73928300852194,-1.86784612935185,0.796943898003736,-5.18166146741419,0.538930430443997,-0.295219166155647,-0.0168106312679157,-0.0268895129030855,0.903743943527856
-0.515343519657013,-0.0231147637449762,0.104045585117309,-1.73922810538207,-1.86810980821422,0.796067043555805,-6.17751473327104,-0.18537287206118,-0.223395845242976,-0.0175697912429684,-0.0247341716401659,0.864382470166774
-0.516119981001472,-0.0228703311490168,0.104205616854509,-1.73931448319158,-1.8683085947965,0.795146261563457,-5.23802342905674,-0.561603500175352,-0.249223491673661,-0.016555291938992,-0.0289683590674438,0.905089968217075
-0.516973157574294,-0.0227940827434576,0.104220460927154,-1.73958871999855,-1.86845748653277,0.794198924075793,-5.45876087962642,-0.0724827680785438,-0.287047419063356,-0.01849321346105,-0.0279525875784994,0.896833232424076
-0.517890432353791,-0.0229332346238778,0.104060437947652,-1.74008231630463,-1.86857267723634,0.79324001065219,-5.96908405365537,0.063438462213071,-0.241631928275154,-0.0201935823648065,-0.0250294494466039,0.89555874040009
-0.518855222423765,-0.023306974902523,0.103711548709442,-1.74080344986614,-1.86867214537191,0.792284289092707,-5.15330407438165,0.219711098775178,-0.190399495510405,-0.0221925737342445,-0.0279710941843863,0.926938704031993
-0.51984682255687,-0.023906590194656,0.103177314015054,-1.74173712184233,-1.86877568288469,0.791346004826208,-6.36766065676682,0.0192713049891609,-0.238425696110852,-0.0211855874951365,-0.0248034740339808,0.884900247615554
-0.520845314120846,-0.0246782640696139,0.10249394668962,-1.74283710333422,-1.86889102515796,0.790425196169304,-5.11209975629896,-0.432765295239278,-0.236933759616846,-0.0195716892199393,-0.0269510521308138,0.93506214916794
-0.521828375106375,-0.0255559893827009,0.101702522423897,-1.74404558204407,-1.86902656181386,0.789520691469405,-5.98705340224092,1.02972303749243,-0.190408778032946,-0.0185987089329216,-0.0286367413025709,0.910231457257981
-0.522768312451707,-0.0264607442252736,0.100852541761764,-1.74529325128551,-1.86919386957484,0.788631848771508,-5.92752570311671,0.84159798457722,-0.178025715209287,-0.021667117237413,-0.026605044498667,0.910183030167947
-0.523654068093197,-0.0272700872772198,0.100031126329227,-1.74648399062671,-1.86938062113268,0.787740319907116,-5.30917840626699,0.0712500150959841,-0.287872840263134,-0.0194155870299673,-0.0295256487571744,0.939671515887711
-0.52446473802305,-0.0278879295635281,0.0993053951535499,-1.74754106842859,-1.86958269654307,0.786832340785633,-6.46601774072343,0.63389212139964,-0.299536608456748,-0.0195396115464903,-0.0263120448938047,0.90231883131472
-0.525187214260704,-0.0282275720752185,0.0987380968992617,-1.74839555953509,-1.86979149619545,0.785893945603104,-5.18485519854733,0.212838936643038,-0.302148556804809,-0.0197411043984212,-0.0261890818081563,0.932144079317551
-0.525813835894292,-0.0282301387661086,0.0983763547719989,-1.74900126735385,-1.869997182944,0.78491478921944,-5.8197147737684,0.522089164950103,-0.246384643154983,-0.0190969699136843,-0.0286493657385096,0.916810190148849
-0.526344351237125,-0.0278653094460726,0.0982508673425581,-1.74933427490511,-1.87018856984583,0.783886270169655,-5.81809130580768,0.386322943573305,-0.222602059590656,-0.0163711753230302,-0.0271950190861582,0.927239485922262
-0.526779103148717,-0.0271487120411322,0.0983585408357716,-1.74940307692701,-1.87036613782928,0.782814715208805,-5.57231891225126,0.347377274811151,-0.295235491409443,-0.0152608961609499,-0.0270698544700738,0.950700128428064
-0.527130356858994,-0.0261175848535053,0.0986856800938476,-1.74923446818248,-1.87052058971825,0.781702199426919,-6.14957657924595,0.344450786156585,-0.289012726181085,-0.0223415211477072,-0.0261473088270968,0.917913819108565
-0.527419048755459,-0.0248402545296358,0.0991979874584139,-1.74887792682418,-1.87064354857889,0.780556726479493,-5.6113045819115,0.592134135421475,-0.247280135661015,-0.0183430474001645,-0.0271547456551455,0.960125789261464
-0.527664400786458,-0.0234076627074487,0.0998432874583101,-1.74839720017002,-1.87073786316724,0.779395890317354,-5.90752407030328,0.166116589505691,-0.260439767742923,-0.0185867610088448,-0.0243881731501092,0.951374436226267
-0.527893258460736,-0.0219201859789511,0.100562230577949,-1.74786335141841,-1.8708014449796,0.778235273547024,-6.30059478099997,0.0230790746454659,-0.300272521145274,-0.0215846965745361,-0.0263302435297636,0.941935506102731
-0.528133766558349,-0.020474314460694,0.101297033483425,-1.74734330995091,-1.87083425348446,0.77709241445857,-5.24558836615853,0.396539744310076,-0.205461548111856,-0.0186185649947155,-0.0294865745912871,0.979451261802649
-0.528415269641219,-0.0191622948726202,0.101988971405805,-1.74689992096699,-1.87083732154437,0.77598325389049,-6.62284401089465,0.486161303082554,-0.132650560488429,-0.0215966322460672,-0.0272963149741028,0.933420780928266
-0.52876144624868,-0.0180595465793925,0.102588419596777,-1.74658267199833,-1.8708142629338,0.774922567892808,-5.30555152028199,0.078511190180734,-0.256276348372381,-0.0210124524439173,-0.0263111528502088,0.982555605214601
-0.529192810962843,-0.0172160010543845,0.10306171085547,-1.74642319962775,-1.87076891110786,0.773923296225826,-6.11883637139152,-0.0910148075570305,-0.241916850409382,-0.0197763603394558,-0.0281983713701309,0.966903980695528
-0.529719355184017,-0.0166504282234179,0.103391409884547,-1.74643077055118,-1.87070732936523,0.77299140960139,-6.24185355389039,-0.376728243566959,-0.316080424580406,-0.0221929217253569,-0.0276812493519787,0.965882155359719
-0.530339884120327,-0.0163739212800458,0.103561359566773,-1.74660959679822,-1.87063862877813,0.772130703714212,-5.62860169788058,0.103553436909806,-0.312079586576147,-0.0220636343957321,-0.0262691593748024,1.00424556619756
-0.531043938115497,-0.0163692063677683,0.103573345756363,-1.74694528864823,-1.87057477959648,0.771341653889381,-6.81151278980559,0.322108269324644,-0.155550453757229,-0.0242354559324416,-0.0261085563059461,0.967859205117534
-0.53180969072356,-0.0166074569950183,0.103432936317972,-1.74741457461016,-1.87053704017675,0.770630011727401,-5.63461433941887,0.105098698491929,-0.191900143541375,-0.0223483244129175,-0.0265898747337061,1.00774552108925
-0.53260763904056,-0.0170350711713443,0.103162113106736,-1.74798013636363,-1.8705414625293,0.769990049183794,-6.47055676066736,-0.363057636356416,-0.256863882917685,-0.0199723022775986,-0.0266692115065799,0.985935492990337
-0.533401248344479,-0.017603608902542,0.102778557021322,-1.74861219501709,-1.87060480749084,0.769414492219797,-6.4530567732952,-0.309790616719511,-0.297086523210368,-0.0199626101381205,-0.0274101943476284,0.995666595136638
-0.534154505883255,-0.0182469406306449,0.102313111301758,-1.74926946231756,-1.87074244606099,0.768895597021766,-5.90706554573916,-0.0038943070037476,-0.17528819113906,-0.0206099007932701,-0.0280087671829609,1.02048396090276
-0.534841505906655,-0.0188948935115612,0.101803318784732,-1.74991099212535,-1.87095721256444,0.76841691750748,-6.78558561602659,0.300939593342719,-0.348887825535286,-0.0236774708936718,-0.0283454301463457,0.98637009719061
-0.535440525949663,-0.0194847179273818,0.101283560113666,-1.75050476269473,-1.87124406873635,0.767956028834544,-6.02480907285826,0.444572892252154,-0.232207327882321,-0.0202518834352294,-0.0273494694752655,1.03223570052936
-0.535943160948545,-0.019947502147259,0.100797408465882,-1.75101471018585,-1.87159030060628,0.767490243981065,-6.33693148188024,0.228447168125285,-0.19825637055186,-0.0198949152619123,-0.0260713586551594,1.02380459376774
-0.536350965661203,-0.0202288811664086,0.100382671103377,-1.7514151356659,-1.87197753195846,0.766996587509008,-6.7205694817161,-1.02459974636508,-0.288477165866311,-0.0244718966842634,-0.0267309244402257,1.02497050012677
-0.536687328889422,-0.0202846897530566,0.100075526092997,-1.75168898595068,-1.87237131440857,0.766447636297882,-5.80778800203689,-0.346642247131967,-0.283809917934036,-0.0224374027680954,-0.0289843545487936,1.06083006954738
-0.536977224258722,-0.0200949169956868,0.0998965050222054,-1.75183444183237,-1.87274082881706,0.76582033646403,-7.0753097840539,0.618408093810785,-0.333353349039754,-0.0267348588508813,-0.0243912453550397,1.02142541946286
-0.537254683900236,-0.019650697010734,0.0998620946639402,-1.75185439344338,-1.87305481108099,0.765097524318838,-5.97338485169206,0.528574015831055,-0.33670123494349,-0.0207802942097182,-0.0267616661392918,1.06588348681254
-0.537554627166414,-0.0189777255145653,0.0999636656284082,-1.7517713884837,-1.8732944323735,0.764276010785893,-6.66120155172388,-0.517655175484151,-0.294540677309499,-0.0220276840938896,-0.0254316878409663,1.04058004405092
-0.537910745349893,-0.0181240918227221,0.100176873739891,-1.75162011793347,-1.87344827452172,0.763362249788947,-6.85548560172259,0.324266513938255,-0.292606632564997,-0.0243272883806118,-0.024980730782096,1.043342537639
-0.538347573171402,-0.0171673771475778,0.100454406281222,-1.7514514624169,-1.87351977922416,0.762373840125585,-6.05460093344198,-0.565872326046929,-0.279412229059886,-0.0240169366418757,-0.0251214476251224,1.07191430023301
-0.538877405503483,-0.0161941659766693,0.100738971878753,-1.75131753965473,-1.87352710833522,0.761339005852102,-7.20025972259242,-0.0943732756229565,-0.31949590031806,-0.0267497510603443,-0.0251811012578076,1.03558160965451
-0.53949913073948,-0.0153047041991403,0.100960895292914,-1.7512753948354,-1.87350765254203,0.760302649509938,-6.22416305173476,0.531955181396143,-0.276943936187109,-0.022716176618975,-0.0266122310765007,1.07179527165873
-0.540197940416012,-0.0145967843528894,0.101048604699031,-1.75137819985979,-1.8735060084805,0.759309199520943,-6.70038947895057,0.791160747072126,-0.260110278015674,-0.0219591904507181,-0.0255489319033591,1.05032722521486
-0.540950794894355,-0.0141513559505189,0.100939867719307,-1.75166451900995,-1.87357205185304,0.758404944319599,-6.61020047004047,0.437171210397764,-0.192783126801402,-0.0278992729523106,-0.0254437304044059,1.05372000841814
-0.541730732969707,-0.0140162660403487,0.100596788170512,-1.75215069713184,-1.8737477838424,0.757625593057971,-6.23958815778872,-0.0952207077325511,-0.253674691138002,-0.0264678683426105,-0.0279279309549305,1.07823006785699
-0.542505921896002,-0.01421933677792,0.0999947765376712,-1.75283862081455,-1.87407660218108,0.75700565146641,-6.96978522024006,0.279221832202893,-0.126307471153012,-0.0254432276408365,-0.0235925065647413,1.04247350329584
-0.543243113078632,-0.0147378106386764,0.0991470118054546,-1.7536981006243,-1.87458497784359,0.756559092982812,-6.0835053469014,0.183827364106946,-0.264870247022202,-0.0225682276474193,-0.0236595406116604,1.07750768530663
-0.543921510728307,-0.0155148624000585,0.0980952672982756,-1.75468022298427,-1.87527744476514,0.756282152717864,-6.61787041625183,-0.208500929647698,-0.26562043891937,-0.0218439672655242,-0.0215536495432787,1.06715111779085
-0.544528325431827,-0.0164748392098577,0.0968982985230007,-1.75572602189035,-1.8761456329116,0.756161281172866,-6.773377709709,0.27443994164264,-0.349361899782622,-0.0243236686875159,-0.0251529833269727,1.05782515446042
-0.54506759735673,-0.0174972912508728,0.0956536880570854,-1.75675096795123,-1.8771512649482,0.756158465113158,-6.00019696829418,0.674624249588078,-0.212608319420241,-0.0224669583981796,-0.0259650214405627,1.09040379923264
-0.545555948590921,-0.0184676275303488,0.094459515981828,-1.75768014245367,-1.87824131654201,0.756227110775042,-7.16353176753677,0.425172534312424,-0.178056771620703,-0.0278293173377029,-0.0241396294712442,1.05537479116097
-0.546019577846355,-0.0192781839044187,0.0934118731887066,-1.75844643522151,-1.87935446811323,0.756315590346825,-6.06754081393268,-0.53011973550133,-0.232746752525031,-0.0222973013073906,-0.0242870155005516,1.10082686146553
-0.546493122643337,-0.0198381152704847,0.0925973521066698,-1.758996842885,-1.88042423150572,0.756373352502196,-6.8718511048379,-0.437312472431586,-0.235293729038631,-0.0241498158982285,-0.0245338200310032,1.08417854493893
-0.547009460952406,-0.0200907900360416,0.0920784290280691,-1.75930378587541,-1.88139063663885,0.756355017889309,-6.8740958638117,-0.00120468190789325,-0.250359148648272,-0.024828322717263,-0.0226277241949637,1.08274863027196
-0.547606999091457,-0.0200170273378912,0.0918898475991151,-1.75936589496872,-1.88219618563294,0.756223379270017,-6.16397708771757,0.162334025133532,-0.0652984711780675,-0.0223131083138988,-0.0239837896829384,1.11234732465903
-0.54831615921003,-0.0196347060908302,0.0920359594848559,-1.75920622074939,-1.88279837386087,0.755951763920529,-7.19277472010367,-0.312477656251758,-0.261211633459055,-0.0241344291313066,-0.0221611285137178,1.08586912261403
-0.549158320988315,-0.0189938685399778,0.0924930025855998,-1.75886768695198,-1.88317534257207,0.755533070227197,-6.42883121449501,-0.0249271452141784,-0.234614508441524,-0.0214374317292019,-0.023667767301839,1.13613287922269
-0.55014127774186,-0.0181689409152241,0.0932122661331495,-1.75840720614624,-1.88331917366364,0.754966843215138,-6.87615995996396,0.00663557667712666,-0.228110637018034,-0.0265277575851139,-0.0257067700060813,1.11724432826164
-0.551257279854692,-0.0172562290397895,0.0941218872910852,-1.75789313323871,-1.88324690476813,0.754270864286572,-7.21847778713305,-0.294779215801555,-0.235659846081205,-0.0271165742189483,-0.027661104730258,1.11499568093583
-0.55249307624871,-0.0163427146303263,0.0951520104350464,-1.75738367019809,-1.88298473769577,0.75346952526519,-6.26805344646527,0.266143180070003,-0.0158135613928039,-0.023365847858571,-0.0279687011846125,1.149899085647
-0.553817930620087,-0.0155106123577351,0.0962277788298721,-1.75692999187275,-1.88257767748044,0.752597581224131,-7.53738441366028,0.326202297323334,-0.164690977757971,-0.0242527894607125,-0.023591822458212,1.10238416921194
-0.555193290516951,-0.0148230146955779,0.0972832113988131,-1.75656892616823,-1.88207740325548,0.751689758238057,-6.40307722961506,0.0958742864463602,-0.152060919826653,-0.0245880521584727,-0.0269193177948182,1.14603736630232
-0.556574150866036,-0.0143251034261151,0.098263147812364,-1.75632492257696,-1.8815363314472,0.750777674982866,-7.08205273901194,0.0951162184683199,-0.226767108922104,-0.0214486559754752,-0.0257712678530183,1.13599018544683
-0.557920092436079,-0.0140295113265054,0.0991360242453558,-1.75620029619973,-1.88100369333092,0.749889446672121,-7.30146210465608,-0.473788301328796,-0.226786903636111,-0.0224857862720014,-0.023499561616782,1.14438240287464
-0.559188115845074,-0.0139355403342556,0.0998783288740653,-1.75618800852071,-1.88052867169033,0.749050477930033,-6.6179713221083,-0.35668957570897,-0.272407280592148,-0.0254124352321696,-0.0240103153375313,1.17544002793373
-0.560338002765651,-0.0140209543129259,0.100484061567076,-1.75626865899788,-1.8801531271553,0.748279194862315,-7.79334853063972,0.462054328594832,-0.292941985518468,-0.028244767510567,-0.0226979763457164,1.13831875873514
-0.561350400363125,-0.0142417813277582,0.10096953770645,-1.75641193398929,-1.87989469385254,0.747578376946146,-6.68736246189445,-0.655239059176438,-0.276972808085333,-0.0260160071692437,-0.024920945025887,1.17794036721742
-0.56220512685509,-0.0145585991159969,0.101349244768966,-1.75659360761133,-1.87977121983737,0.746948524532773,-7.29125848430743,0.280159114481421,-0.234129809084862,-0.0231140825687786,-0.0262166828404119,1.15379118546565
-0.562893057412267,-0.0149275627521384,0.101645070220468,-1.75678830551185,-1.87978879601232,0.74638479053237,-7.35852001352856,0.24873899142267,-0.106806219832237,-0.0268876832275775,-0.0206452673964102,1.15609200995183
-0.563417593946226,-0.0153134026030202,0.101878085448704,-1.75697896694899,-1.8799425549946,0.74587875025412,-6.65276725499371,0.34560226745225,-0.255875877729636,-0.0264625378526229,-0.0253642761882646,1.1794781702429
-0.563791682310639,-0.0156920164136132,0.102063810291216,-1.75715869626636,-1.88021884390744,0.745416955240632,-7.64149621452208,0.594638212521431,-0.326704773054473,-0.0268720711416504,-0.0250560287327756,1.14996673825698
-0.564028880721782,-0.0160372729156961,0.102219808948917,-1.75731882361252,-1.88060319781264,0.744986717417524,-6.79083696537811,0.634317623030029,-0.203375844601794,-0.0256559777582042,-0.0239592923720484,1.19200646859446
-0.564149648051945,-0.0163430694796016,0.102352603656039,-1.75746376817241,-1.88108204299216,0.744584079992793,-7.25597290866318,-0.120992769887607,-0.315332901067677,-0.0287757673575446,-0.0212347684700911,1.17730826803006
-0.564177835648107,-0.0165943101202704,0.10247550043798,-1.75759177550054,-1.88163444637239,0.744197917180577,-7.53817161359609,0.140672746578048,-0.303716001816241,-0.0277285233418012,-0.0211055619096288,1.18718464519608
-0.564131125043525,-0.0167889794912135,0.10259015691662,-1.75770868343503,-1.8822467019656,0.743824386274221,-6.65530637630218,0.100707501605712,-0.213391212054063,-0.0237858522096723,-0.0251718224331674,1.22022923767756
-0.564031539380123,-0.0169226384014021,0.102701638285579,-1.75781814430257,-1.8829010546747,0.743457589160364,-7.89910961829264,0.444049884366905,-0.378165997405972,-0.0251146794044841,-0.0260001786739755,1.17384028047424
-0.563896021217234,-0.0169903521912431,0.102813885416372,-1.75792068909921,-1.88358764515889,0.743100306403558,-6.83123835005114,-0.380815535799911,-0.305672100536611,-0.0261609848730608,-0.0205430133916644,1.2096903430612
-0.563747394379952,-0.0169820167945716,0.102935511339096,-1.75801137870822,-1.88429131131203,0.742752978604478,-7.31489706762648,0.404201912599092,-0.226544626714485,-0.0240585988399853,-0.0230386381431133,1.19189311929877
-0.563603109987889,-0.0169043673154832,0.103063181325096,-1.7580976879699,-1.88500007619536,0.742416437860366,-7.57155140354382,0.512868305804886,-0.176272614096519,-0.024696630957441,-0.0243893999597824,1.19452456359646
-0.56347178999651,-0.0167612604764731,0.103193824540823,-1.75818154307827,-1.88571316772986,0.742099493330161,-6.90317521852143,0.896282863489205,-0.270222017310516,-0.0261767702526616,-0.0293783342558686,1.22729731444064
-0.563367505637404,-0.0165554047124381,0.103326977178626,-1.75826414486499,-1.88642268953887,0.741803809807567,-7.95184710759287,0.506752136468549,-0.323022868101305,-0.0287766135857472,-0.024040603413167,1.19844746658998
-0.563308170270125,-0.0162976266361277,0.103457995672418,-1.75835253614298,-1.8871151847445,0.74152601314941,-6.88749133766879,0.676547783015621,-0.402817974411789,-0.0238757222669976,-0.0268595793877767,1.23356428696224
-0.563307094840751,-0.0160100961548526,0.1035739475303,-1.75846034066845,-1.88778222449301,0.741263965129132,-7.54902465441296,0.49365984237852,-0.223948985796795,-0.0261754947798671,-0.0244667518143693,1.21047403631735
-0.563372251458024,-0.0157191614406411,0.103658037895561,-1.75860228264534,-1.88842097803983,0.741016770691944,-7.76795241685977,0.164554897625521,-0.364660704704932,-0.0276055131602995,-0.0238642241800686,1.20788509840623
-0.563514832649699,-0.0154490128421703,0.103696348645156,-1.75879135423715,-1.88902310032731,0.74077774871248,-6.9517550690303,0.298251734067662,-0.304113559420529,-0.0264112567987471,-0.02541796181724,1.23876396072162
-0.563739062119975,-0.0152284144843069,0.103670692464607,-1.75904284074284,-1.88958766549225,0.740543360297308,-7.99928640873992,-0.0248343828616271,-0.284974025552174,-0.0280924867320826,-0.0213505490076307,1.20977610542882
-0.564046500069293,-0.0150774281921322,0.10356933050511,-1.75936588273542,-1.89011208999007,0.740305638902662,-6.91169488884196,-0.542574710218787,-0.21713605511772,-0.0238676185750024,-0.025005260198431,1.2497810099308
-0.564433072208618,-0.015008627055078,0.10338382861854,-1.75976307401715,-1.89059821679473,0.740057001359484,-7.74095514681449,0.0818247808458636,-0.177027605019248,-0.0262732229188174,-0.0230018171756265,1.22776584257938
-0.564892416087088,-0.0150253362226973,0.103113214543358,-1.76023110820991,-1.8910490775621,0.739793193572545,-7.6743366612065,0.00475542134813622,-0.23786599414197,-0.0279590003480559,-0.0197857115876153,1.23678123400996
-0.565416032129437,-0.0151194951394853,0.102764591531043,-1.76075989144182,-1.89146710214551,0.739507284622116,-7.05668892480219,-0.0898402025934502,-0.287367998656748,-0.0259176292567034,-0.0240490341903517,1.26194972910832
-0.565993190168322,-0.0152684601077429,0.102355271802561,-1.76133032796794,-1.8918526857018,0.739190850621692,-8.08560105556194,-0.265519700563345,-0.304025567229445,-0.0256210365046923,-0.0245818218918354,1.23350685493625
-0.566605370034468,-0.0154524705360206,0.101898863528553,-1.76192600121707,-1.89221425661381,0.738842463490312,-7.19817323226698,-0.257907032470939,-0.303621528699864,-0.0248811829541729,-0.0218039600328368,1.2690065288938
-0.567239525285302,-0.0156420450599928,0.101419414701719,-1.76252746067482,-1.89254937687363,0.738454228890058,-7.60472639702982,-0.0953381457461546,-0.310474892130344,-0.0256547851678901,-0.0205745061480659,1.26506708201712
-0.567881348921129,-0.0158076644715166,0.100939702350736,-1.76311454973322,-1.89285998209395,0.738023530191224,-8.20560635291923,0.175002929192487,-0.479534898816524,-0.0269937395589439,-0.0216716199740734,1.26709744184695
-0.568522168353128,-0.0159122618890333,0.100490191194917,-1.76366558407085,-1.89313881513,0.737542233421977,-7.20776437471494,-0.0756267485771787,-0.281381218338339,-0.0268188728079237,-0.0239104045502937,1.30059382900151
-0.569158595953215,-0.0159305561058378,0.10009525340056,-1.76416824073859,-1.89337567582697,0.737002424116721,-8.49733872164109,0.536837461625964,-0.400007098676326,-0.0276282868149114,-0.0209970944296828,1.25973229930181
-0.569783500514266,-0.0158545808166011,0.0997644045228546,-1.76462004846522,-1.89357130085811,0.736406164040047,-7.20094212208835,-0.0992427396536186,-0.235896342571777,-0.0228452108618122,-0.0231195213281749,1.31040893607601
-0.57040382859612,-0.0156569031587761,0.0995251753568159,-1.76500612383799,-1.89370716774611,0.735741516809844,-8.05868313939436,0.220720411522052,-0.284989715735207,-0.0241523931775287,-0.023575336801505,1.29761519969464
-0.571024668657038,-0.0153403422834621,0.0993821863083185,-1.76532951056574,-1.89378034353337,0.735013671122389,-8.1602713036815,0.0523100013933799,-0.357606005245799,-0.0296041340556457,-0.0219811875896056,1.2942252998149
-0.571652200819733,-0.0149078071650202,0.0993398128370813,-1.76559121669938,-1.89378686092869,0.734224883404312,-7.43160388417078,-0.125590920223203,-0.255689615494845,-0.0262546621109294,-0.0225461897328732,1.32740403259079
-0.572297019592971,-0.0143587112786854,0.0994050416568631,-1.76578764047485,-1.8937229761611,0.733378824371559,-8.47996009382507,-0.0315622860948679,-0.326714546279646,-0.0301019004463368,-0.0214520738150861,1.28836080765702
-0.572966829954308,-0.0136943742278408,0.0995823172482452,-1.76591289667123,-1.89359168739209,0.732484420502001,-7.43516655238142,0.445356284440777,-0.287865638183064,-0.0273840703236239,-0.0247646166950102,1.332814153088
-0.573666641385646,-0.0129239386123654,0.099867697718297,-1.76596254742319,-1.89340779855266,0.731561595619222,-7.93868842350923,0.23980513496258,-0.325217060507981,-0.0272677213696895,-0.0224205834361492,1.31794805510424
-0.574395396386962,-0.0120537206581819,0.100258337539255,-1.76592959480091,-1.89319031826269,0.730630162598718,-8.16248989647829,0.236113997427992,-0.364652982812061,-0.0264107817374706,-0.02306936833678,1.31999973649037
-0.575150768353192,-0.0110971668896056,0.100744558310986,-1.76581183856672,-1.89296255305399,0.729715745376529,-7.49249792343971,-0.0894896336833426,-0.434421864795524,-0.0266945826343004,-0.0253075174263689,1.34989729699973
-0.575924910476576,-0.0100568808655375,0.101323843399994,-1.76560097926501,-1.89274624397067,0.728836563286268,-8.59133186609768,0.0922092730852455,-0.299586091682812,-0.0296519119210332,-0.0214847750332635,1.31078150698609
-0.576707208659101,-0.0089537755280098,0.101978721021845,-1.76530342082123,-1.89256671335108,0.728015289287403,-7.59125672604659,0.00791210695206246,-0.223069585259225,-0.0281739478404859,-0.0247313399956419,1.34934533472797
-0.577480274516595,-0.00780705628308453,0.102691235765506,-1.76492660127163,-1.89244903004922,0.727271090265419,-8.04224029064545,-0.315707469879271,-0.297307653648289,-0.027198075025666,-0.0228198130535724,1.33331840993379
-0.578226427824054,-0.00663570772356437,0.103444675693229,-1.76448442433925,-1.89240782195321,0.726608961128351,-8.20345321921656,-0.703710476963352,-0.207340715671478,-0.0276947443246529,-0.0214611688831273,1.33565178655005
-0.578928258782074,-0.00547445600413887,0.104210671245879,-1.76400581529636,-1.89245414370415,0.726031471006047,-7.46593968230434,0.320411350581935,-0.245580304127401,-0.0296018942433376,-0.0232569607310198,1.3673797162428
-0.579565699520455,-0.00435923962623264,0.104959538648518,-1.76352377055045,-1.89259444879822,0.72553337076546,-8.85490247065587,0.186169860680366,-0.359807825619185,-0.0304277777372555,-0.0234234036111533,1.33338354089069
-0.580126283960789,-0.00332089753526787,0.105665027592775,-1.76307047840981,-1.8928226763822,0.725097158254129,-7.53972846343521,0.521051677743117,-0.313201431330953,-0.0265050597191197,-0.022441381133092,1.3821609129799
-0.580598178666338,-0.0023967083550005,0.106297172903451,-1.76268528157725,-1.89312617321005,0.724696953172998,-8.31679815318057,0.762296314790774,-0.293618303153778,-0.0312280788105217,-0.0205983291488095,1.36084070187587
-0.580973476493634,-0.00161627742557791,0.106830630837662,-1.76240165278233,-1.89349096939087,0.724306217380229,-8.49300040300852,0.181527439480988,-0.338336701132249,-0.0296754392120295,-0.0214976509195922,1.36620705733263
-0.581249650010196,-0.00100254526668664,0.107244055924306,-1.76224624695831,-1.89390100045846,0.723897546016956,-7.8654525980636,0.241303830116067,-0.270994176863354,-0.0284993694748854,-0.0246604894897831,1.39648595144043
-0.581430370821295,-0.000561984527458037,0.107528130328505,-1.7622318789249,-1.89433773644983,0.723443541365495,-8.73634965973781,0.0532704078977986,-0.209435062989428,-0.0319206850033611,-0.0240441048757279,1.3700876138556
-0.581530376074992,-0.000292545473779882,0.107679977513565,-1.76236163324417,-1.894781788475,0.722923329343169,-8.01151400521792,0.666757533552072,-0.487943965741408,-0.031137366827517,-0.0231437173606873,1.41292733008308
-0.581570460744713,-0.000171204116318435,0.107710941801548,-1.76262035533289,-1.89521593284149,0.722319881374996,-8.43715927606752,-0.130753474516951,-0.347766127642871,-0.0334944149617078,-0.0239602260270442,1.39714777807922
-0.58157443518969,-0.000164920399802426,0.107640267654097,-1.76298223328422,-1.89562951363796,0.721628423532964,-8.80873176508612,-0.242026650001208,-0.409964964575664,-0.0344161892386308,-0.0213493886271739,1.40613362081018
-0.581569823545613,-0.000234695573119836,0.10749184464675,-1.76341499737209,-1.89601397536182,0.720849760481695,-7.96658972967145,0.392700287548223,-0.291472251000982,-0.0299597455291472,-0.0217903420873303,1.44419250121074
-0.581588394205391,-0.000336270528725535,0.107293661450081,-1.76388049559864,-1.89636690841885,0.719995959645248,-9.13635550374772,0.490623750285977,-0.325024133247837,-0.0312366001503031,-0.0211423647871158,1.39857487973903
-0.58166011557119,-0.000417555158069405,0.10707934739267,-1.76433512474558,-1.89668620682909,0.71908106249509,-7.85501252045805,0.555611444733586,-0.27308720511968,-0.0316523200097167,-0.0251662284627291,1.44765591876961
-0.581812074436604,-0.000445475117183847,0.106871207092637,-1.76475006485074,-1.89697798346843,0.718129917028201,-8.69523393780099,0.374558046669563,-0.355762793871691,-0.0308024858323956,-0.0243245105488415,1.42790747870606
-0.582073843679576,-0.000388187511090266,0.10669382587719,-1.76509967154747,-1.89724051391277,0.71716141957872,-8.76732254135732,-0.0611035159811308,-0.237620850188222,-0.0326091575856693,-0.0219545797972549,1.43441128010919
-0.58245973803011,-0.000238559391158688,0.106553503724519,-1.76537888937351,-1.89748217915095,0.716198748963123,-8.16368507709888,-0.304216577023453,-0.397974264992968,-0.034180872176075,-0.0250619784773684,1.46062066073448
-0.582978448624774,-6.25507855112062e-06,0.106446245683674,-1.76559705731388,-1.89770909568644,0.715260994150088,-9.19377422129065,0.0611483408283675,-0.475753317840059,-0.034028670150327,-0.0238374676869764,1.42852877536387
-0.583630489811889,0.000294118080356398,0.106366553102045,-1.76577015178492,-1.89792305461191,0.714356753698245,-8.37535947984549,0.671564147868594,-0.247010463919395,-0.0316312562130832,-0.021101308373609,1.46880816845783
-0.584410514787668,0.000631314678180672,0.106298520822191,-1.76592693691345,-1.89812584677414,0.713492862541232,-8.83701798356776,-0.278744715096991,-0.293919958908788,-0.0317456679065065,-0.0234775932294021,1.4518499438896
-0.58530702486543,0.000964694850296155,0.106220628259708,-1.76610316516679,-1.89831716558395,0.712668747272741,-9.12447801738625,-0.214305229032334,-0.406788255405473,-0.0327904448625058,-0.0230785885462576,1.45542847568066
-0.586293895861627,0.00124576619064243,0.106104329039832,-1.76633800481955,-1.89850320123951,0.71188134519615,-8.36553780015987,0.196504957821162,-0.372238316306266,-0.0310174250022133,-0.0230771126629908,1.48320368509205
-0.587336653433487,0.00142487682412984,0.105919192847149,-1.76666931065765,-1.89869796774413,0.711131085290831,-9.34840028422286,0.233689031796303,-0.297358267410601,-0.0330986928370418,-0.0228723844936439,1.45185983609282
-0.588407369692335,0.00147960391936941,0.105655616964526,-1.76711243543054,-1.89890333161378,0.71040705169061,-8.4725469296805,-0.271118945554917,-0.414596350737838,-0.0311094963609966,-0.0230897627748894,1.48528538089363
-0.589471142606813,0.00138344347578823,0.105299005690557,-1.76768038808284,-1.89913282604207,0.709707710554086,-8.80046143170733,0.505448321431004,-0.379018685128983,-0.033292945107835,-0.0229099697487928,1.46897889867553
-0.590494671711306,0.00112551133588923,0.104844682093412,-1.76837155767464,-1.89940115426401,0.709031634362126,-8.95499085772741,0.620801639601268,-0.308108072455582,-0.0344253922894375,-0.0223127735873181,1.47576772105285
-0.59144700080089,0.00072051607194723,0.104306196133534,-1.76916355050277,-1.89972087776996,0.708377170691199,-8.29236467218533,0.152822542176409,-0.353597171259452,-0.0340163856474351,-0.0269878494124696,1.50247267508906
-0.592302722390606,0.000195802666590694,0.103706135582695,-1.77002309704633,-1.90010552570418,0.707745557730738,-9.50430273818228,0.572668935032425,-0.344274240431417,-0.0370671176892734,-0.0233397327911274,1.4636998432655
-0.593044087338591,-0.000413933709195291,0.103073010787204,-1.77091173048863,-1.90056321761514,0.707137377845083,-8.30515003295545,0.336459487468801,-0.357972219568893,-0.0343139029864377,-0.0245974087640051,1.50454652753427
-0.593662531214548,-0.00105421725731603,0.102450557341484,-1.77177895707069,-1.90109162797865,0.706545353067349,-8.95395414648641,0.263823817411549,-0.498854678478665,-0.0319418659465431,-0.0216681546860833,1.49219923619833
-0.594156354060615,-0.00167795111963898,0.101877179057329,-1.77258233211839,-1.90168666021675,0.70596565263595,-9.16562450363574,0.125473445654279,-0.386592283686014,-0.0356690496132028,-0.0237509877182174,1.49188132235863
-0.594536590865883,-0.00223170822814822,0.101398946555157,-1.77327965371081,-1.90233020792808,0.70538474986482,-8.27823087356904,0.798196086232792,-0.336005878929456,-0.0323930553532361,-0.0237589983878936,1.51807139012165
-0.594821501228158,-0.00267401461077377,0.101053833039156,-1.77384184173325,-1.90299761291658,0.704786831944255,-9.43138429043273,0.776968532941964,-0.437061596226783,-0.0343629847142077,-0.0220809923457427,1.48207141353542
-0.595028364042048,-0.0029788283418668,0.100867000666328,-1.77425382877717,-1.90366709096288,0.704157878952396,-8.42429867089743,0.512392368745623,-0.381626713252331,-0.032118223674805,-0.0261669989742784,1.52415678211267
-0.595182681975767,-0.00312422346567232,0.100863741905117,-1.77451016828693,-1.90430273914232,0.703473012383919,-9.1546820919765,0.0911737512119544,-0.475076677004807,-0.0340271226844577,-0.0216118219531023,1.49779638811222
-0.595313689732114,-0.00310723868901164,0.101054318518279,-1.77461956245316,-1.9048708543394,0.702711946312273,-9.05264027778486,-0.086108142099647,-0.474466502159856,-0.0355301544267506,-0.022579435647123,1.50039628761787
-0.595442500421721,-0.00294292086469206,0.101431937787666,-1.77460394855623,-1.90534750324669,0.70186060704825,-8.50003967357043,-0.390578208772467,-0.481101941715735,-0.0339631510117728,-0.0230536279122607,1.52804937178852
-0.595589210842013,-0.00265228599246292,0.101985021843145,-1.77448958056752,-1.9057131762517,0.700909236523349,-9.28000432605745,-0.228138863716367,-0.454836127068319,-0.0359994159119705,-0.0261987814817355,1.50052170694247
-0.595767438100292,-0.00227560664469628,0.102684011915003,-1.77431319569214,-1.90596276439652,0.699860935587172,-8.66301106446855,-0.250692100433525,-0.414302988412771,-0.0338503119188696,-0.026146587987925,1.54256205079607
-0.59598991672383,-0.0018387676955971,0.103507631232331,-1.77409853408589,-1.90609128669176,0.698716881604504,-9.17300808725525,0.315414996833852,-0.479874710241148,-0.0364206979617565,-0.0254823235262215,1.53547098567524
-0.596256494184514,-0.00139081293297139,0.104412709082802,-1.77388065170723,-1.90611895557159,0.697500219797039,-9.27010724402163,0.515281038140301,-0.484864920105679,-0.0384401145001436,-0.0232687570208953,1.53650204545421
-0.59655707012908,-0.000972129037238645,0.105358369435423,-1.77368536066518,-1.90607352757836,0.696235082410189,-8.3983297435725,0.740028523383216,-0.300882671355737,-0.0362684187090521,-0.025218064287236,1.56363073695186
-0.596881280594544,-0.000612262029612509,0.10630975896685,-1.77352903382676,-1.90598537363994,0.694947355216585,-9.62105204721303,0.498918273921163,-0.365431074475197,-0.0374599034802467,-0.0238510522703118,1.52188358907486
-0.597219554542652,-0.000325695016600847,0.107243160019475,-1.77341672835786,-1.90587901067725,0.693654989251224,-8.64441624612965,-0.429351418300485,-0.39006451803516,-0.0333700057538424,-0.0245070707562613,1.56570197911745
-0.597560783326819,-0.000122855595757088,0.108135948048691,-1.77334923261396,-1.90578352793388,0.692380687152242,-9.35508819675363,-0.119776894661982,-0.19897599423507,-0.0337391009241959,-0.0236742227945768,1.56228426180482
-0.597895021857686,-1.64206758057617e-06,0.108975076310587,-1.77331995662486,-1.90572324015642,0.691141369100906,-9.6636845593838,0.481722552102838,-0.426916267728444,-0.0363221399417504,-0.0255199106303903,1.57335063884484
-0.598216453518561,4.92666463145497e-05,0.10975514444848,-1.77331943598826,-1.90570925602597,0.689940969075165,-8.80160535315167,0.615530888437661,-0.458438425138382,-0.0374384825515537,-0.0231309783323422,1.60268653884235
-0.5985269403925,5.01057081780942e-05,0.110478573269657,-1.77333433357909,-1.90574760776682,0.688783496176956,-10.0692428209695,0.0577521852071641,-0.399676571945037,-0.0386898284500639,-0.0236263840732154,1.56371227901898
-0.598831026134962,2.26671894090202e-05,0.111151359099386,-1.77335448872643,-1.90583348255004,0.687662406512144,-8.89644238655433,-0.0077813249204155,-0.216951442774558,-0.036834657747129,-0.0254836604529841,1.61637026435193
-0.599136134160569,-1.04903887230279e-05,0.11178055239144,-1.77337129017965,-1.90595961526201,0.686573145941074,-9.63193906920975,0.273870210770838,-0.390417054463342,-0.0367667237950795,-0.0263705808074968,1.58995909021543
-0.599459025126088,-2.65091401789874e-05,0.11237653494538,-1.77337910642301,-1.90610900777122,0.685507152863965,-9.60660402383678,0.177091475136422,-0.390785370137621,-0.0367278002386229,-0.0250423848475912,1.59442347868556
-0.599815276215103,-1.53430554554745e-05,0.112940391990214,-1.77338208920503,-1.90627121668642,0.6844651928223,-9.00427212089272,0.125798507935315,-0.255710043207642,-0.0389990488612155,-0.0228082880948298,1.62322061419075
-0.600215302193168,2.01702168638462e-05,0.113464205816637,-1.77339385644935,-1.90644236365782,0.68345460458131,-9.98964939640558,0.0768666338608455,-0.428587831496344,-0.0402021766339127,-0.0222434553098978,1.59171363776268
-0.60067664122053,8.75889028222332e-05,0.113949345056733,-1.77341945987608,-1.90661003464514,0.682476584156906,-9.08912143478364,0.668353959473734,-0.37915765566791,-0.0398080296892975,-0.0252544936555089,1.63809102590582
-0.601206361548932,0.000164220809098836,0.114374126940633,-1.77348184946479,-1.90678220400898,0.681551996614551,-9.89722774141524,0.856573415925823,-0.454620189860464,-0.039656559146533,-0.024880266174346,1.61863329630884
-0.601807601619794,0.000233017327357032,0.114721104235002,-1.77359784832047,-1.90696843203393,0.680700466117865,-9.85094848428201,-0.39939802247909,-0.241933664684154,-0.0413523216867326,-0.0229740882104438,1.6273404503561
-0.602474588870516,0.000266814997543108,0.114964781090522,-1.77378833606866,-1.90718819684111,0.679945552766552,-9.1946022930864,0.142862097421357,-0.392960375485899,-0.0394730663636773,-0.0260683109246712,1.65765997827159
-0.603202153840367,0.000256266160599594,0.115095343170124,-1.77405893089436,-1.90745177983271,0.679298964484256,-10.1616420317172,0.319208424630006,-0.428830815410606,-0.0406113223470035,-0.0238278750755583,1.62042263301114
-0.603978699382853,0.000190472955301502,0.115101402958966,-1.77441447045802,-1.90777157745363,0.678768404660219,-9.3237422324633,0.452009283188318,-0.296796260198107,-0.0374495675169708,-0.0245853392498659,1.65859895159131
-0.604786373555657,6.8858672591432e-05,0.114979923885415,-1.77485108631563,-1.90815655474524,0.678349563588143,-9.76485130894065,0.127953289439347,-0.336917906292996,-0.0394207946781133,-0.0232579698182384,1.64614832134074
-0.605609489323699,-9.42625636959349e-05,0.11474085539136,-1.77535320098726,-1.90860694576388,0.678027272604423,-9.90021515994658,0.31134336671289,-0.41881037226247,-0.041493435532773,-0.0254824133501456,1.65190632917638
-0.606427073936924,-0.000276761849224982,0.114400997947544,-1.77590103490996,-1.90911489835814,0.677771520157024,-9.31157634090374,0.258939906647583,-0.360247739505894,-0.0412470099301667,-0.0251198832986949,1.67859895873976
-0.607223772655204,-0.000437263841590152,0.113993620920739,-1.77646040433215,-1.90966640462896,0.67754648970022,-10.3339788734205,0.569362263327093,-0.401979221133729,-0.0433050512313189,-0.0242023955363125,1.65076137784132
-0.607984126475543,-0.000527670051784668,0.113557630421044,-1.77699351767865,-1.91024001386338,0.677308441424831,-9.52706767870995,0.171916079212451,-0.4225650789121,-0.0397706247298575,-0.0285840164200958,1.70401183168879
-0.608693728890116,-0.000504729529135162,0.113130274248695,-1.77746762855081,-1.91081455204706,0.677014734386564,-10.0665346770224,0.207301094035756,-0.437701488587749,-0.0442435605835692,-0.0274075670003289,1.68641018066899
-0.609353627776773,-0.000319158646119533,0.112756997272377,-1.77784675872707,-1.9113571318621,0.676621082887096,-10.2335930688042,0.391425112821253,-0.504686151253622,-0.0450574880733159,-0.0241891713576082,1.67736551463982
-0.609966321799326,6.45482669803243e-05,0.112474671899094,-1.77810657866479,-1.9118410650357,0.676093314229586,-9.24473872509873,0.0166642222066002,-0.548416366118943,-0.0428974873936117,-0.0284352549380865,1.71250104241382
-0.610538217624748,0.00067431696064979,0.112315062079096,-1.77822851425778,-1.9122432609004,0.675406974467041,-10.5496616073767,0.360323961687754,-0.369869801899796,-0.0442928923857027,-0.0223930152095,1.67318426551467
-0.611079962039599,0.00152465942106694,0.112299797586634,-1.77820254511177,-1.91254677320664,0.674549318613822,-9.62543411563991,0.126086994421712,-0.336292031268869,-0.0424624611320183,-0.0231138430158075,1.7174896657508
-0.611601520365144,0.00260289312653228,0.112430664093254,-1.7780381149049,-1.91274636164519,0.673523913861184,-10.1240351945172,-0.139068631420287,-0.506728299192304,-0.0419345517332483,-0.023276897790657,1.70096512844937
-0.612119577951361,0.00388279092988419,0.112700297882956,-1.7777538414761,-1.91284308792801,0.672349261381432,-10.2899768857198,0.616363621713163,-0.514565525854152,-0.0435500822956549,-0.0261589476380872,1.70516753103782
-0.612649327531241,0.00532819156532049,0.113093004757967,-1.77737424661848,-1.91284150925449,0.671047541091679,-9.50970931841692,-0.364354181079079,-0.436240594629879,-0.0397033286950759,-0.0279760168310869,1.72993446198282
-0.613198201858651,0.00687821730207006,0.113572416219757,-1.7769409802291,-1.91276102244737,0.669654085814766,-10.593753411312,0.168161928474092,-0.454426360425856,-0.0442104380405635,-0.0229811297752898,1.699021674031
-0.613778060240423,0.00847767319675796,0.114107125403699,-1.77649004377919,-1.91261575355032,0.6682036462852,-9.74835023704719,-0.113332201819276,-0.289964921331148,-0.0391536066474805,-0.0261458999048406,1.73653776655272
-0.61438695846043,0.0100626569316908,0.114654874704155,-1.77606046906672,-1.91243568168753,0.666741089161301,-10.3430358924786,-0.0247733617941321,-0.356901322157398,-0.0403401941943948,-0.0267122615476403,1.72076033750936
-0.615023915851949,0.0115775840586885,0.115179683810246,-1.77568618318818,-1.91223955393913,0.66529625115192,-10.5570484825654,0.0190059217225098,-0.316856396749955,-0.0413923879293376,-0.0238302782739415,1.72622895584238
-0.61568203658786,0.0129768920021931,0.115650799873897,-1.77539266252167,-1.91204803351229,0.663898629199214,-9.62318898317233,0.418813055507826,-0.33251610496788,-0.0416487528597704,-0.0258656927498921,1.76614778978348
-0.616339516627868,0.0142193452546628,0.11603744036535,-1.77520156774182,-1.91189000325973,0.66257539977439,-11.0036899312941,0.686655365545903,-0.347281795005756,-0.0468360259279477,-0.023181650292654,1.73391776700147
-0.616982921956492,0.0152816479219933,0.116322533914718,-1.77512142586339,-1.91178007731381,0.661341866298328,-9.88191508893863,-0.126241482038495,-0.492898927543848,-0.0428387883837531,-0.0230793097943973,1.78173790631075
-0.617592284103005,0.0161467545277745,0.11649276771629,-1.7751565318359,-1.91173318379901,0.660207427496203,-10.3911616360871,-0.200529987122763,-0.470805395917239,-0.0404522788678872,-0.0245229595514252,1.7640172338921
-0.618148915447788,0.0168069669847348,0.116540018324555,-1.77530454862585,-1.91176493819706,0.659180240286768,-10.4521395566891,0.289993646730863,-0.402018420714938,-0.0452839691779618,-0.0225035187846692,1.75712785287696
-0.618639352774796,0.0172686013318231,0.116467793468775,-1.77555343603439,-1.91188320128573,0.658260189914464,-9.70160188728534,-0.127458332948891,-0.296267174949634,-0.0445663200973456,-0.0278190667694682,1.79245729870652
-0.61905482397662,0.0175369009484179,0.116279087999741,-1.77589335705188,-1.91209292310343,0.65744490898938,-11.0851001564547,0.5454415975355,-0.354350321093733,-0.0421670688153037,-0.0268138407891814,1.76400352840716
-0.619388252617672,0.017621623617595,0.115979140343928,-1.7763119181202,-1.91240046375624,0.656731827682436,-10.0723337515791,-0.140832251487609,-0.530445688544603,-0.0395166743983628,-0.0245543750197414,1.80377354826107
-0.619644703590562,0.0175404701475355,0.115582088818689,-1.77679332971336,-1.91280277238182,0.656113536895379,-10.5900580453774,-0.453510025349487,-0.400857409489504,-0.044817838207984,-0.0231843224419671,1.7809893933038
-0.619833211786233,0.0173165868394225,0.115106562048529,-1.77732022382286,-1.91329514894447,0.655581901533108,-10.6893489855515,-0.029526539063454,-0.394621930031548,-0.0453667629823546,-0.0245013109941263,1.78990731124819
-0.619967352600053,0.0169656056703822,0.114565068683679,-1.77788144463295,-1.91386885157169,0.655124523285797,-9.98929763405698,0.133300062135504,-0.368344590244163,-0.0391888667521481,-0.0295223400988343,1.82128239768823
-0.620064857451151,0.0165062664824429,0.113973571504682,-1.77846480863048,-1.91451529579701,0.654733485431415,-11.0661731705412,0.146940992078726,-0.461099860684442,-0.0423283200158568,-0.0267014181563824,1.78151113799406
-0.620141854755675,0.0159571891145198,0.113346905326823,-1.77906015583749,-1.91522573780209,0.654401449037197,-10.0963725232119,-0.556451252634361,-0.307917422895144,-0.0441368815515175,-0.0282718291920772,1.82392909758729
-0.620218994462967,0.0153428299518428,0.112705663808585,-1.77965558867249,-1.91598137721393,0.654113156701078,-10.6522553634463,-0.151861685097174,-0.30467583251081,-0.0427741536691215,-0.026918258850146,1.80742567987415
-0.620311109495848,0.0146796407384411,0.11206306027118,-1.78024572750106,-1.91676820718039,0.653857243511281,-10.9004582861255,0.258999183499327,-0.489296482173984,-0.0456645840357597,-0.025247095492123,1.80259074608518
-0.620425718727667,0.013970759978303,0.111419880235676,-1.78083566833348,-1.91757591541144,0.653623877968266,-10.1064692997809,0.360620582299816,-0.40165681830095,-0.0436630566293523,-0.0249077288390382,1.8400231820326
-0.620565579675584,0.0132258411980697,0.11078071355202,-1.78142673338008,-1.91839472220017,0.653403422875871,-11.1883612743696,-0.147986664581595,-0.400936204637105,-0.0425834607902837,-0.0261504031643488,1.80576189291925
-0.62073146367704,0.0124479113991409,0.110144992266758,-1.78202561608458,-1.91921237908741,0.653182363895613,-10.1574609744288,-0.650123285470045,-0.34559808574673,-0.0419530207409515,-0.0276793001573314,1.84700940968924
-0.620918383182769,0.0116302703586388,0.109503213415479,-1.78264641207116,-1.9200201705043,0.652949048436608,-10.8300307384986,0.308616121875957,-0.383241004075529,-0.0451763825964226,-0.0264525514798752,1.83025192854393
-0.62112674137065,0.0107655669621263,0.108846591732826,-1.78330324485902,-1.92080725926007,0.652694026226502,-10.8493377799381,0.137665261686152,-0.328662969238763,-0.0446318593777595,-0.0230175527088198,1.8281073221207
-0.621343086663039,0.00984392482823182,0.108161379719115,-1.78401149184691,-1.92157003193612,0.652405400712274,-10.2438676247464,-0.125568554224401,-0.409610926133553,-0.0417865597677696,-0.0244921990968628,1.86016512160025
-0.621564626963192,0.00885726920807528,0.107436515338674,-1.7847837759442,-1.92230109961034,0.652073441280031,-11.3642413585497,0.0940400305469211,-0.461967943464344,-0.0450582677208082,-0.0197669440538963,1.82702966985782
-0.621787082296806,0.00779637249917542,0.106660700352507,-1.78563134097668,-1.92300094794524,0.651695661701746,-10.3524728129414,0.28336682729423,-0.359544010267001,-0.0442491843506931,-0.0226562505055921,1.86767919732232
-0.6220129435308,0.00666906836999992,0.10583796643695,-1.78655315995078,-1.92366188535425,0.651262940646204,-10.9237607351016,-0.209619740721109,-0.465976139361089,-0.0436776308006306,-0.0254921198558463,1.85095682498237
-0.622248173221221,0.00548408642170806,0.104974420227761,-1.78754490352991,-1.92427744988572,0.650770400918882,-11.0425932008032,-0.0611893753841741,-0.416738108091607,-0.0461503350068782,-0.0246818228850098,1.85660016551515
-0.622504212045774,0.0042690137407817,0.104091799010073,-1.7885871094081,-1.92484137663081,0.650215016885823,-10.3656281746177,0.586148783715316,-0.318758008585121,-0.0423500488102029,-0.0258592455838288,1.88290980606657
-0.622794899771595,0.0030511130535622,0.103213260900274,-1.789658619321,-1.92534715287624,0.649596887360111,-11.4353976412267,0.47672571122439,-0.364714565027327,-0.0460724925073341,-0.0253407902376514,1.84859195491349
-0.623140182816606,0.00188928748635675,0.102388770161319,-1.79071596211215,-1.92577689887284,0.648905212424955,-10.4766527314239,-0.649236003606802,-0.51187864936017,-0.0478900498504937,-0.0248100131705279,1.89615310962054
-0.623559194993453,0.000838424264133053,0.101665365092713,-1.79171649433764,-1.92612043225256,0.648139226316653,-10.9724793979998,-0.240481512831138,-0.468673302320383,-0.0482626650733811,-0.026336666945847,1.88353500871048
-0.624072210020871,-4.22455285882251e-05,0.101092946961617,-1.79261252868652,-1.92636739047181,0.647300623333346,-11.2605603204488,-0.287766785715348,-0.422778867904611,-0.0474244706204163,-0.0261485742345355,1.88038311131389
-0.624695540905251,-0.000690518269024665,0.10072340794366,-1.79335651678999,-1.92650821653439,0.646388430738802,-10.5513201127333,-0.538990995768245,-0.466074389061788,-0.0445123160619429,-0.0280942911321167,1.9134867455925
-0.625442760781222,-0.00105657752177635,0.100597967541564,-1.79390937368724,-1.92653269185672,0.645400279540886,-11.6023731301329,-0.430223353778956,-0.425865234278717,-0.0464600627539604,-0.0273329057647129,1.88138216130897
-0.626323598193313,-0.0011001842896512,0.100747641159713,-1.79423898831937,-1.92643593968413,0.644337493640831,-10.6498966363842,0.0577519875778307,-0.341326247082037,-0.0453140585497294,-0.0271645875440392,1.92218651612252
-0.627338780204571,-0.000801617389313947,0.101186527047219,-1.79433010871147,-1.92621787039893,0.643201213239774,-11.3198918746903,-0.12766591255604,-0.451516529924788,-0.0500477232410743,-0.0249003627566129,1.90804010837686
-0.628489331332517,-0.000157107213897945,0.101914196888996,-1.79417950433604,-1.92587777065703,0.641991285715901,-11.4933776424898,-0.327290282326203,-0.383195491385948,-0.0501623424835218,-0.02560060966331,1.91157567715015
-0.629759800565102,0.000803213339059639,0.102899551614882,-1.79380824694571,-1.92543264040822,0.640718911896509,-10.8003603631082,-0.107382315173709,-0.334095623292313,-0.0491870282848241,-0.0260032773415113,1.94479550576682
-0.631138769685677,0.00204041454695059,0.104105248997341,-1.79324414358424,-1.92489440849038,0.639391473410307,-11.7363920372053,-0.42652729943984,-0.370388359943291,-0.0510712011420993,-0.0248433131856287,1.91243480653291
-0.632610184307774,0.00349367868529349,0.105476576094633,-1.7925322011397,-1.92428028624953,0.638021871225264,-10.9597623802186,-0.356466343909915,-0.318885530331841,-0.0492108544698717,-0.0265557680349902,1.95396907686437
-0.634145232065292,0.0050790000952059,0.10693785105291,-1.79173084398816,-1.92362426598269,0.63663519855895,-11.383581398367,-0.0515193872147393,-0.325874817762838,-0.0498005946345144,-0.0254192503095622,1.94113465894135
-0.635718614745546,0.00670970548031491,0.108412498164757,-1.79090022107951,-1.92295671683648,0.635256150794278,-11.6097472822609,0.0326755659707487,-0.423997897549782,-0.049368002864616,-0.0217628649116372,1.94073498653269
-0.637301577882297,0.00830028243438541,0.109825835632364,-1.79010057844224,-1.92231064145625,0.63391183520852,-11.0017949876691,-0.755427625587572,-0.523872560525461,-0.046769492554386,-0.0250028579213604,1.9770617102563
-0.638860926310488,0.0097600799622839,0.111100625210656,-1.78939351957437,-1.921724649111,0.632635157540633,-12.0277380267829,0.68059344658559,-0.563607439719959,-0.0523454935228576,-0.0222911596703153,1.93589481180074
-0.640372084296889,0.0110214641813382,0.112180080130386,-1.78882417317634,-1.92122736503605,0.6314530447795,-11.004280587836,0.217108361318424,-0.431868793448189,-0.048738173715599,-0.024490806660878,1.9790693431091
-0.641801811062706,0.0120297354121703,0.113017324645097,-1.78842745402229,-1.92085199097779,0.630391293541639,-11.915494513202,-0.10156555049889,-0.519181795757078,-0.0466850684489009,-0.0277728748979713,1.96947572573348
-0.643119656552563,0.0127322086738086,0.113568705915922,-1.78823461892034,-1.92063585737401,0.629482773114168,-11.7129522228479,0.336364473312869,-0.343389150066685,-0.048807143494348,-0.0261985252700598,1.97366809090822
-0.644301199420755,0.0131044431177845,0.113816087479342,-1.78825851970367,-1.92060307602647,0.628747119997255,-10.9786752082385,-0.247792576393749,-0.314649712465211,-0.0510325894710917,-0.0255240192030146,1.99773894228777
-0.645328245829951,0.0131517644137933,0.113767072088864,-1.78849207054966,-1.92076773852114,0.628191697002598,-12.1459698380749,0.030059231469977,-0.474167529377667,-0.0541400911900061,-0.0253239379297278,1.96198876344742
-0.646193905942462,0.0129033403750967,0.113450702198723,-1.78891250805089,-1.92112898968588,0.627812523631939,-11.0545108408973,0.112903328109041,-0.434390264289391,-0.0518453342333962,-0.0264769382723203,2.00755921995332
-0.646891788896579,0.0123956996996863,0.112900542239291,-1.78949050482751,-1.92168779086309,0.627604005313176,-11.68570642289,-0.362766689969249,-0.322510853965582,-0.0521547257395922,-0.0260110153430025,1.9854397715494
-0.647427840725581,0.0116895589834893,0.11217310019358,-1.7901834140376,-1.92242326795457,0.627539684416103,-11.9189046111305,-0.338521740040278,-0.478955776944247,-0.0542494688243393,-0.0224439455978049,1.98619145716381
-0.647820495438909,0.0108562519370832,0.111335289547203,-1.79094193652186,-1.92330374689149,0.627587255346987,-11.0718631941122,-0.0430519945298329,-0.353798060433604,-0.049671512149414,-0.0272001070298971,2.02216572960707
-0.648090505799325,0.00997202112200846,0.110457910410144,-1.7917169210749,-1.92428774811182,0.627702693179981,-12.1928840751975,-0.0548142007271508,-0.389804808403056,-0.0517184905500372,-0.0248157160439039,1.99156235426313
-0.648268971710116,0.00911168992036337,0.109612132065313,-1.79246045335025,-1.92532580713809,0.627839538135572,-11.2186872825484,0.439806490503997,-0.497226340372492,-0.0512776301777773,-0.0261740661311689,2.03049151307088
-0.648389010573084,0.00833816939750953,0.10886014108813,-1.79313304178016,-1.92636696717994,0.627953794497538,-11.7613763186582,0.168702227872018,-0.508155462469318,-0.05083789621421,-0.0270176836555425,2.01545729157728
-0.648484691039739,0.00770364339285301,0.108254314271029,-1.79370428314338,-1.92736149806228,0.628004409716404,-12.0618831388777,-0.0118245633182141,-0.397621797589977,-0.0515409292574827,-0.0269438869139826,2.01758517142695
-0.648582035512239,0.00724150437674176,0.107829671150524,-1.79415503616467,-1.92826951300653,0.627960464748041,-11.1317421841559,0.153938729892843,-0.419775541420819,-0.0488801595911328,-0.0275942658540691,2.05500234354465
-0.648706963292795,0.00696818605806016,0.107606851368521,-1.79447752273456,-1.92905762575473,0.627801863392646,-12.3194692198913,0.40225996010804,-0.455814371536945,-0.0552906419747945,-0.0275753835537147,2.0163558111429
-0.648867253038424,0.00687389098246882,0.107579909914919,-1.79468178714263,-1.92971099424685,0.627520881029212,-11.3352053541983,-0.459727742448194,-0.475296686894012,-0.0537213121819851,-0.026289619238128,2.05860975679875
-0.64906661591831,0.00692866183544716,0.107724245447059,-1.79478942694317,-1.93022902046613,0.627125206070037,-12.0081134786089,0.745948276204444,-0.455177029223933,-0.0504114420124662,-0.0244076476422013,2.04920819754148
-0.649293779751579,0.00709375411510393,0.108003204738293,-1.79482685702346,-1.93062869588372,0.626634952620134,-12.2351732877478,-0.515027700674636,-0.38015686310132,-0.0522417959465415,-0.0255737347192591,2.04354395449679
-0.649526776311357,0.00731648945085794,0.108363268679047,-1.79482728307962,-1.93094470685399,0.626081904160123,-11.3720243725886,-0.950195714977554,-0.441092557333718,-0.0530620537018471,-0.0256488670476991,2.07510555927528
-0.649736366749903,0.00752808380672398,0.108735416546545,-1.79483332253136,-1.93122643071005,0.625509585232023,-12.5020561521534,-0.298216263453924,-0.461009708159509,-0.0528602241104932,-0.0221207984674766,2.04451015432806
-0.649892281646422,0.00767684152794956,0.109061283641781,-1.79487633443331,-1.93152262811439,0.624957641557504,-11.5120745270835,-0.0642248795204523,-0.355410200967299,-0.049165551095542,-0.0245095507874621,2.08969713332747
-0.649964792058698,0.00771018849993865,0.109281131137037,-1.79498867392669,-1.93188475703069,0.62446570025067,-12.1853835983783,0.230721603616075,-0.425832321834548,-0.0525803268172016,-0.0277124266565543,2.06941674956577
-0.649931617629732,0.00759741649412682,0.109353265930973,-1.79518864953977,-1.9323550928401,0.624063780366556,-12.3254976706892,0.0443013402666566,-0.457791435651501,-0.0570017837075576,-0.0237448432470183,2.07242709165633
-0.649777684367493,0.00731695530233267,0.109244377481843,-1.79549080294725,-1.93296591139487,0.623771336087305,-11.6870454414978,0.324692559389632,-0.363850382737439,-0.0528943544063831,-0.0230787169925564,2.10661490114574
-0.649504651285426,0.00687558133849286,0.108948519211255,-1.79589437760027,-1.93372481176324,0.623587573501212,-12.8328987206134,-0.0673001332258991,-0.532674501813233,-0.0558992361785018,-0.0244218826872712,2.07260578576792
-0.64912917926441,0.00630162095839637,0.10848136708498,-1.79638588312289,-1.93462313667879,0.623501765846972,-11.735841266587,-0.470479194782683,-0.462511007626205,-0.0562128452173112,-0.0266662629723515,2.12395991183675
-0.648680648175997,0.00565000435548235,0.107884061047545,-1.79693737299079,-1.93562779787921,0.623481048044216,-12.4833843991569,0.698548911549096,-0.561736598540989,-0.0540986470156692,-0.0278164613744582,2.10802062606933
-0.648201384295446,0.00497326107913842,0.107201728181953,-1.79752542621533,-1.93669035387865,0.623484362110651,-12.4570992748469,0.506965058399373,-0.512079046501896,-0.0522730524832182,-0.0249373533937404,2.10478754390772
-0.647738856549396,0.00433856632705165,0.10649467386464,-1.79811876637945,-1.93774902747399,0.62346091690091,-11.689257428692,-0.333740982683594,-0.510521476516885,-0.0530148160287607,-0.0237715342851868,2.13503165777612
-0.64734809704865,0.00382107402552201,0.105833648026648,-1.79868010806614,-1.93873492376441,0.62335870492544,-12.8214299599786,-0.0910600482102382,-0.587314349726938,-0.0555162990810127,-0.0268172457186566,2.10645547697795
-0.647074849915375,0.00347400908290574,0.105271915954986,-1.79918397256058,-1.93959084093298,0.623136595816557,-11.9684540960354,-0.173243194828729,-0.452125106783939,-0.0531045292603736,-0.0247738395100004,2.14369795805676
-0.646963078980475,0.00333988483907177,0.10485484090762,-1.79960929711502,-1.94026673068453,0.622763411198201,-12.4326244247426,0.191449111296834,-0.456873377524715,-0.0530084703444196,-0.0248586501018479,2.13133556339509
-0.647044251558232,0.00344165450724709,0.104611431715729,-1.7999445684225,-1.94072762917825,0.622219747231962,-12.6101255374638,0.104852962416771,-0.492587561117233,-0.0534859419876557,-0.0238860810978489,2.13057010098034
-0.647333273720726,0.00377524481187663,0.104544785290316,-1.80019002744227,-1.94096462304223,0.621507880494342,-11.8967719352754,0.31043776936076,-0.565087542280281,-0.0529983732209058,-0.024961116697326,2.15974924286517
-0.647833090084177,0.00431804006620062,0.104639085012677,-1.80035210170705,-1.94098590906759,0.620643543614823,-13.0877179285059,-0.145600609355142,-0.497201425967717,-0.0572443431402787,-0.0240895687383036,2.12639151725379
-0.648528638124856,0.00502284327508917,0.104855612317732,-1.80044924906727,-1.94082457416496,0.619660604068724,-11.8608045985357,-0.13906046971897,-0.411265592646885,-0.0547339526468109,-0.0254040537831065,2.17418844772076
-0.649392272749093,0.00583204583960217,0.105142980842028,-1.8005022118044,-1.94053189995389,0.618606009663982,-12.6377686323498,0.0761328155215324,-0.462598627305368,-0.0551562074047842,-0.0284213256069774,2.15148374087107
-0.650389001932356,0.0066707294167383,0.105433424682785,-1.80053961202501,-1.94017273815493,0.617537951406607,-12.7655111413649,0.191942439846798,-0.57041805202519,-0.0549441803092225,-0.0229677045265689,2.14579906538802
-0.651474461371575,0.00746742610504647,0.105661002777224,-1.80059008609198,-1.93981632040786,0.616511415662751,-11.9387955302021,-0.245596303665707,-0.45685131105239,-0.0534274267128541,-0.0245476970435878,2.17842753696626
-0.652599513201339,0.00815885109833658,0.105764533637612,-1.8006768559663,-1.93953061382418,0.61557657095377,-13.1755359578976,0.602043316727077,-0.505602300957293,-0.0522016759510633,-0.025576107963391,2.14086822901949
-0.653721704726612,0.00869732057612893,0.105697636618485,-1.8008165801247,-1.93937159255038,0.614773423351901,-11.9147970280998,-0.112402954425306,-0.570555229524473,-0.0534562224675215,-0.0270477828551933,2.18655838668982
-0.65480465358901,0.00905688955942807,0.105435985134968,-1.80101901264642,-1.93937841948618,0.614125062224007,-12.7636272504919,-0.448198815926844,-0.426332786554923,-0.0535211862643461,-0.0253630475582932,2.17322337175028
-0.655824382489379,0.00923810170345973,0.104981144545316,-1.80128273695102,-1.93956471730316,0.613632207012784,-12.8568985581403,-0.0846828591513713,-0.432701790969247,-0.0553139631242265,-0.0244520997307614,2.18345741099907
-0.656759185197147,0.00925737312851815,0.104350334596895,-1.80160162411011,-1.93993502596441,0.613286763149841,-12.234656548788,-0.631437960778158,-0.60043278600628,-0.0524400341469802,-0.0233108343595561,2.20207500405203
-0.657605223983221,0.00916197641585903,0.103591393804949,-1.8019550136755,-1.94046434763151,0.613057335967082,-13.1592712973788,-0.0065256307616437,-0.603728011920367,-0.0585953180190542,-0.0244026264942706,2.17702307926247
-0.658368771359869,0.00900959546899749,0.102765825157558,-1.80232169394541,-1.94111109719648,0.612900183976315,-12.4273610765178,-0.0834710136309695,-0.582645543961888,-0.0512393252008954,-0.0284460993500128,2.21313105617547
-0.659066618261821,0.00885425250614524,0.10193677192151,-1.80268512144017,-1.94182568003951,0.612770238957401,-12.7787977642408,0.123313096481297,-0.593202179384974,-0.0554647013993934,-0.0274542615246678,2.20648248349546
-0.659717629695318,0.00875528939987902,0.101171608316982,-1.8030227734788,-1.94255632612184,0.612621378784144,-13.0523753855916,0.368701785553185,-0.529975516356473,-0.0588224537357309,-0.0210412154676473,2.21649438506003
-0.66034613451404,0.00876775831792287,0.100534037239308,-1.80331504901179,-1.94325044815768,0.612409933090419,-12.4189232854037,0.0559712399171985,-0.504362124833023,-0.0586288630095142,-0.0273579640574567,2.252767422034
-0.660971304455857,0.00891823384787038,0.100063596456808,-1.80355775232064,-1.94386513709621,0.612101255133612,-13.5224296250628,-0.475910949493709,-0.6242465735439,-0.0590692376804332,-0.0279159690437692,2.21560228544417
-0.66162630575208,0.00922946235057687,0.0997968715787265,-1.80374260689986,-1.94435805096531,0.611671983370093,-12.5996848549525,-0.414959515736882,-0.539918530983186,-0.0585719957621667,-0.0285236620511756,2.26719750230258
-0.662325800599743,0.00970840481925883,0.099750488580148,-1.80386619388484,-1.94470761715933,0.611109854327266,-13.1980691200735,0.0757219216961857,-0.565546207683127,-0.0576990393656911,-0.025834867693035,2.25152750623767
-0.663072715575331,0.0103251762332146,0.0999052354240495,-1.8039414465053,-1.94492030681931,0.610428480358291,-13.3775943076576,0.00704845896802908,-0.393667949266273,-0.0573807402317494,-0.0238970143019036,2.25252035510677
-0.663859532435728,0.011033924564364,0.100222881959201,-1.80398529827457,-1.9450209339762,0.60965772435242,-12.5497650134426,-0.363672631957797,-0.447879626645062,-0.0562410416629571,-0.0243807379232465,2.29415317433505
-0.664674048895947,0.0117830729814621,0.100657976428945,-1.80401592409562,-1.94504015259738,0.608829846050874,-13.7523409779774,0.301728553519979,-0.462824572773258,-0.0596623169590909,-0.0222041648131415,2.2614820794206
-0.665498133122026,0.0125292697764596,0.10116709409264,-1.80404428288093,-1.94501411348222,0.607978855663101,-12.6161948995634,0.0506591366493012,-0.563031274212847,-0.0618594863034669,-0.0224542727283579,2.30500247553499
-0.666300964782997,0.0132220206030098,0.10169482430903,-1.80408411194832,-1.94499234642999,0.607145352751221,-13.4160775760661,0.0404785426992476,-0.603767368130747,-0.0622974080024186,-0.0248478270699299,2.28219322912705
-0.667051174161985,0.0138173560588495,0.102190631191338,-1.80414908291923,-1.94501694619377,0.606359103922738,-13.4882668283011,0.650706263252687,-0.526754542421571,-0.0603939435533709,-0.0254533204859147,2.29361896139869
-0.66771322927315,0.0142759811611857,0.102607135237842,-1.80425187861272,-1.94513237546565,0.605650048492673,-12.688386307933,0.228969205113344,-0.432039783809358,-0.0578927592124403,-0.026247537286865,2.32348530552133
-0.668262059207164,0.0145895216443321,0.102922901578589,-1.80439156990586,-1.9453606926144,0.605025992417837,-13.8404426071002,-0.00949879475115267,-0.579763440921596,-0.0605472532246702,-0.0225293954454819,2.27793541001119
-0.668676261276976,0.0147420845225881,0.103113088305497,-1.80457975611689,-1.94571527931261,0.604484876479198,-12.8104842320231,-0.123639420713516,-0.42192419086598,-0.0586372673979842,-0.0242753450136564,2.32098406535406
-0.668947564574653,0.0147379029261092,0.103171585791342,-1.80481800542684,-1.94619195314008,0.604011496960247,-13.5919704892609,-0.077374728558425,-0.585532820750984,-0.0594707051938324,-0.0268497427038144,2.30436663526541
-0.669075190480761,0.0145843391103817,0.103098131730428,-1.80511265550872,-1.94677578650677,0.603581446745923,-13.7159658342572,0.472645323087136,-0.529472478834549,-0.0602247001357692,-0.0258817700884451,2.30820121054114
-0.669069776235461,0.0142962802911129,0.102901906809739,-1.80546817464288,-1.94744045757122,0.603164624061914,-12.848154949722,-0.610272699479992,-0.595031944669728,-0.0592650341359291,-0.0251270830119338,2.33759669517115
-0.668956998773448,0.0138985364922455,0.102603910274172,-1.80588407509516,-1.94814769960575,0.602725868971553,-13.9671598793315,-0.686036860179229,-0.431772095698761,-0.0604967931135785,-0.0245365843413067,2.30037602995776
-0.668767398426339,0.013412940911655,0.102224877327257,-1.80636342941692,-1.94885666417833,0.602231229322891,-12.9370062929465,-0.351978051797005,-0.549956471995955,-0.0572513439971396,-0.024556660427434,2.33535090439198
-0.668534493356601,0.0128597327150963,0.101785624716926,-1.80690716647238,-1.94953325700815,0.601657207689548,-13.4237190286012,0.251713068842037,-0.499248213036481,-0.0605820011624707,-0.0269755402044154,2.32131757715516
-0.668300188297499,0.0122734230524166,0.10132083235448,-1.80750422954267,-1.95013896057448,0.600981637705198,-13.6411793040022,0.0238049100712487,-0.514526914232988,-0.0626079591015514,-0.0264989470221566,2.3242068319036
-0.668101744915628,0.0116840922371377,0.100861082934058,-1.8081402557489,-1.95064995096201,0.600199608993714,-13.0079935214378,-0.254059173036694,-0.5729079524817,-0.0557217034935822,-0.0286429320856082,2.35138508554069
-0.667968988704614,0.0111143259154574,0.100431484571762,-1.80879995082184,-1.95106057097866,0.599325026436038,-13.8651527509736,-0.194983154886586,-0.577258960500274,-0.059321772413139,-0.0265136220643889,2.32196208476011
-0.667928551572602,0.0105985707224878,0.100066353894493,-1.80945638596441,-1.95136765964206,0.59837428079959,-13.15519307703,0.127697882026041,-0.49141826002176,-0.0559504557884831,-0.026357153128456,2.36012663310218
-0.66799287271766,0.010161574875724,0.0997900651046796,-1.81008333257925,-1.95158715450783,0.59737831380165,-13.6107926176721,0.083277360060265,-0.708526163918435,-0.0593354838915841,-0.0256127710123618,2.34191770198341
-0.668170989671165,0.00982508546555039,0.0996247056033885,-1.81065330679082,-1.95174203484168,0.596374490183049,-13.8373452175834,-0.324063130041623,-0.586554505752702,-0.0618586289789294,-0.023032176448341,2.34481443886092
-0.668456625834259,0.0096142443534184,0.0995927171362462,-1.81113473636549,-1.951861398572,0.595396508693144,-12.911814549601,-0.125799969868467,-0.433151018833627,-0.0589082918014165,-0.0238302374198238,2.37970263808385
-0.668835553958957,0.00953092869453087,0.0996963121039606,-1.8115123492599,-1.95197699266472,0.594475353905036,-14.2661135502083,-0.063816949901593,-0.548718214837862,-0.0638225529601266,-0.025213668447511,2.33140855638395
-0.669287594676727,0.00957391284167031,0.0999338750062697,-1.81177390605954,-1.95212122513282,0.593638130349498,-13.0762183442284,0.140787752177403,-0.684221624978704,-0.0596068144652171,-0.0257414956127546,2.37444021909547
-0.669797997001316,0.00973918319716383,0.100301929249752,-1.81191285227605,-1.95231013596936,0.592894156104506,-13.7888911737082,0.480216085875099,-0.541448868963357,-0.0571674483426352,-0.027052660757274,2.36191589306196
-0.670338932207496,0.00999383432820444,0.100769388204541,-1.81194477836745,-1.95256697532774,0.592248991412272,-13.8356836962487,-0.306098395243907,-0.483614682491577,-0.0602258599262866,-0.023684433655489,2.36089557412521
-0.670890783860501,0.0103084556098647,0.101308028756174,-1.81188858393476,-1.95289503186232,0.591688700599073,-13.1221297830203,0.349870322853576,-0.574230034899955,-0.0596665789785065,-0.0250572668255993,2.38679688962547
-0.671443971506615,0.0106506793208005,0.101887459044888,-1.81176881708135,-1.95328830979929,0.591195078920142,-14.2276065079945,-0.064248852534547,-0.604545110782965,-0.0604290131335321,-0.0244483024239383,2.35552506191143
-0.67198484140917,0.0109826077843795,0.102470667107147,-1.81161679546847,-1.95373939909746,0.590744614511874,-13.3131656133448,0.0131742543767359,-0.470372800907086,-0.0602973031165726,-0.0266020508081304,2.4047013732858
-0.672512680110231,0.0112594357677995,0.103016071624365,-1.81147090411387,-1.95423309205404,0.590314917338963,-13.8123606224578,0.259762076516381,-0.458400822431827,-0.0621207890907436,-0.0245359532660337,2.38495742208881
-0.673033229709067,0.0114587315965515,0.103499165570409,-1.8113570645416,-1.95474503230189,0.589876309957949,-13.9281107117953,-0.217505376461304,-0.559857883556589,-0.0625554411146405,-0.0240912506936657,2.38674572542842
-0.673555449659994,0.0115494216146192,0.103889380725899,-1.81130542518593,-1.95525959429126,0.589414927099611,-13.3618222976232,0.128953997504823,-0.564916651356526,-0.0589575560619062,-0.02656040157482,2.41682512770863
-0.674093589290592,0.0115160558025593,0.104169715348389,-1.81133484007515,-1.95575861252474,0.588921253832547,-14.3464938623216,-0.72699676283878,-0.599092279593407,-0.0588215344725729,-0.0239636972747137,2.38854174801985
-0.674661349963883,0.0113621879687482,0.10433887619057,-1.81145077874997,-1.95622800942316,0.588391910308589,-13.5788544359441,0.160259293016907,-0.537972580858423,-0.0584742240082829,-0.0251958302699564,2.43524801302177
-0.675265387451675,0.0110946934222493,0.104397620067559,-1.81165180144491,-1.95666935487289,0.587840041385984,-14.2214155902545,0.259611312071002,-0.506166406137538,-0.0591955238939725,-0.0228627595737507,2.42860481440964
-0.675914417032823,0.0107303866817894,0.10435726964894,-1.81192767163362,-1.95708555077971,0.587285462385214,-14.4285223731726,-0.745570281915434,-0.483143220244727,-0.0634325726230274,-0.0239703733005365,2.43433077041959
-0.676610482236323,0.010290944334594,0.104234233337905,-1.81226582856556,-1.95748174155864,0.586744149024329,-13.5796103426333,-0.129510043463142,-0.629065619837888,-0.0591670451037953,-0.0229225608034499,2.47516879642396
-0.677342567766225,0.00979500239791342,0.10404182337854,-1.81265379365916,-1.95787536765837,0.586238353235853,-14.9037455691416,0.00491161647801164,-0.598188017423212,-0.0618086874997728,-0.022547084541345,2.43403716229218
-0.678102100450592,0.00927813141349176,0.103808727824663,-1.8130680243521,-1.95827238133497,0.585777295982632,-13.731940408211,0.0890344261024438,-0.533128425175732,-0.0588484268513381,-0.0234148881427907,2.46952302000764
-0.678871635515855,0.0087685649224376,0.103557056327362,-1.81349158064162,-1.95868113611482,0.5853632250868,-14.4394939310617,-0.504221229772611,-0.520580259715814,-0.0606096046429849,-0.0233252761923292,2.46039699661864
-0.679632455815774,0.00829239165862994,0.103309143221749,-1.81391147282592,-1.95910028973059,0.584983350996739,-14.4853581595543,-0.370072285555125,-0.514572190307319,-0.0614885376802947,-0.0269093768680228,2.47056655517668
-0.680356927228566,0.00786137953795496,0.103074389087499,-1.81432499573099,-1.95953715771335,0.584625657516682,-13.7532251494201,0.301276487993164,-0.448370160603616,-0.0640065420731211,-0.0242221683748329,2.50020089639945
-0.681028916468904,0.00749700840394141,0.102870880847166,-1.81472357254409,-1.95998270029329,0.584264851759988,-14.8368412750154,-0.0907443451492327,-0.628826681831981,-0.0677426572341777,-0.0248985589505575,2.47072318307483
-0.681626082348201,0.00721132926290835,0.102707005545813,-1.8151062137242,-1.96042786808788,0.583867373792959,-13.9038093858179,-0.113458724743623,-0.536407540248319,-0.0633185985130296,-0.0229756712631929,2.51839799057136
-0.682136302222747,0.00700114793643358,0.102580424054487,-1.8154816228975,-1.96086593376086,0.583409274358649,-14.4436646559838,0.547282258173254,-0.662096247537391,-0.0652638051548649,-0.0236264854405363,2.4959552548439
-0.682556708878737,0.00687073934538596,0.1024956544743,-1.81585107301695,-1.96128199888966,0.582863811450519,-14.5910841704317,0.0950092737764408,-0.666899688448297,-0.0695917030457149,-0.0243493302874556,2.48959759511122
-0.682886232463037,0.00680953388037153,0.102443340972907,-1.81622241498425,-1.96167420985576,0.582221507023107,-13.8587174426605,-0.387636568105336,-0.640144965609664,-0.0676817827078882,-0.0285686794212547,2.52346179416477
-0.6831293187212,0.00679615616645179,0.102405905865886,-1.81660874522242,-1.96204268424439,0.581480832814515,-15.0203727805948,-0.291994246659215,-0.63302324327978,-0.0672976089689237,-0.0231052101499164,2.49092109639128
-0.683307152321738,0.00681806386341322,0.102375897795233,-1.81701260732587,-1.96238564269872,0.580653868836305,-14.0442582610111,-0.0707996451985764,-0.772586228144945,-0.0657002613623994,-0.0257806209844108,2.53153934902785
-0.683443279256691,0.00686627233367609,0.102348174938836,-1.81743124503282,-1.96270375708173,0.579759569284577,-14.6765948862836,0.292775081040645,-0.68657717496319,-0.0657068130851743,-0.0240947705254607,2.51266987846824
-0.683555004434603,0.00691407763631346,0.102302569993273,-1.81787109385932,-1.96301601302996,0.57883619048662,-14.6525766265673,0.00380215102859438,-0.504517146240403,-0.0661161608620962,-0.0224887552855572,2.51921071046605
-0.683662689724742,0.00694264417264279,0.102224513794505,-1.81833072779372,-1.96333943883884,0.577924174055162,-13.9092390257339,-0.128347946737222,-0.536360598326127,-0.0628166564002961,-0.0245296983281676,2.54494185492097
-0.683783061366846,0.00692555613252743,0.102094775020485,-1.81881483993044,-1.96369355893817,0.577066827145335,-15.0017792947021,0.0764121885074474,-0.546079824523588,-0.0634272630156043,-0.025572794325729,2.51443786935592
-0.68393508205411,0.00685411252137769,0.101908329531668,-1.81931886313016,-1.96408808508987,0.576294989909347,-14.2447521948476,-0.00797796269262108,-0.616503486993764,-0.0635072532211729,-0.0257555861541631,2.54995097204468
-0.68413067851569,0.00671892490996129,0.10165861624894,-1.81984092883012,-1.96453162902593,0.575633113444202,-14.5777359089009,-0.0826471187051538,-0.591233191076924,-0.0636427829394779,-0.0262271621281358,2.53710238961415
-0.684372690938414,0.00651331961404722,0.101339944096659,-1.82038209293182,-1.96503106552138,0.575094830243598,-14.8205076788195,0.0247255262293038,-0.543661362713323,-0.0636620778092918,-0.0235256440325656,2.54281376829144
-0.684659585479766,0.00623235434846769,0.100947440350022,-1.82094778789461,-1.96558441799777,0.574677649751897,-14.1845623194673,0.112104466015808,-0.509573812379614,-0.0638876406253321,-0.0241170175317385,2.575666587925
-0.684986687308529,0.00588748412782358,0.1004886723029,-1.82153520464616,-1.96618324611667,0.574366371438401,-15.133809086759,-0.0839358537980388,-0.561577242986914,-0.0647722278840468,-0.0245189528930142,2.53994052876317
-0.685346206222753,0.00549138220299028,0.0999709021438099,-1.82214406120651,-1.96681306760553,0.574134086288741,-14.377584930913,0.41593186508976,-0.548936758417653,-0.063822069584488,-0.0252177731671652,2.58844017552043
-0.685731862574601,0.00506500147766786,0.0994074917342469,-1.8227706899936,-1.96745362894727,0.573946117838482,-14.7866734345235,0.355681889830066,-0.621121153447064,-0.0652578757398876,-0.0255769183093294,2.57415984705982
-0.686136815846183,0.0046327961956365,0.0988146717693407,-1.82341020992918,-1.96808073550048,0.573760766132467,-15.0629406092091,0.431797441892968,-0.764516381411681,-0.0673899628337948,-0.0246189098840725,2.5676327009186
-0.686556686953577,0.00422026392305064,0.0982100066179371,-1.82405530906971,-1.96867400604737,0.573544114411246,-14.3881823408169,-0.0072125653830426,-0.660757418094875,-0.0645469645204635,-0.024130069855134,2.60548440042214
-0.68699711979273,0.0038743092292286,0.097629101500423,-1.82468223947125,-1.96920402994986,0.573257346591069,-15.4657720793922,0.804855629874055,-0.50155093038714,-0.0664439018170837,-0.023415269916504,2.56715901829791
-0.687463075812138,0.00363290646303405,0.0971009550759491,-1.8252710931171,-1.96964795048742,0.572871336703421,-14.1028280239972,-0.743083379892596,-0.805719607813899,-0.0676439701178913,-0.0252651963797917,2.60635032968557
-0.687960885545161,0.00353497598831964,0.0966557298252658,-1.82579616493191,-1.96999155519121,0.572369663792881,-14.9825395275517,0.215783013319879,-0.583379515731451,-0.0627318457985306,-0.0234693248274263,2.59085431595944
-0.688495253987516,0.00360833478376499,0.0963167034098332,-1.82623733112234,-1.970228699787,0.571745658225766,-15.0138923379081,-0.40595947687325,-0.675252738204762,-0.0651300932055392,-0.0255297971212751,2.59486893019707
-0.689073907675885,0.00388394480182797,0.0961097123605125,-1.82656788483618,-1.97035882934486,0.571003556599243,-14.3911098340477,-0.03845105674759,-0.60360896777064,-0.0658652329062175,-0.0245627089350909,2.62175058775458
-0.689693883376174,0.00436560853639101,0.096039409564687,-1.82677693418413,-1.97039799942351,0.570161417638079,-15.4288510825476,0.326471406840483,-0.583894217038761,-0.0682709010031992,-0.0230055706382818,2.59227704640817
-0.690352561983023,0.00505238251659357,0.0961076099461352,-1.82685685169313,-1.97036430126623,0.569240528417884,-14.4946875033757,-0.151428355935195,-0.616321212157231,-0.066491293263542,-0.0239609086569594,2.63807360757103
-0.691035009289256,0.00591906946348253,0.0962962254789267,-1.82681585963916,-1.97028970918027,0.568271636072445,-15.1125538780465,0.206861647093774,-0.527358373004546,-0.0624393266925889,-0.0228797194114664,2.62313510250922
-0.691720305596748,0.00691632389435703,0.0965663881348432,-1.82667894743032,-1.97021400088478,0.567290032878544,-15.4461881237708,0.00473710825303897,-0.667997466813972,-0.0643496080476966,-0.0223388909908127,2.62267876131626
-0.692381571708508,0.00799554201153185,0.0968798977242921,-1.82647249426564,-1.97017879231202,0.566328956230568,-14.5419400913632,0.0567634167557571,-0.549817316390545,-0.0630578514484177,-0.0232325916761601,2.65589667669097
-0.69299379019649,0.00909583652772206,0.0971898054534317,-1.82623544376192,-1.97021543304833,0.565410689176473,-15.6615592275345,-0.153209338624265,-0.595194480305651,-0.0654905255861289,-0.0220603824881973,2.63157062815271
-0.693531490290043,0.0101579002365053,0.0974496668093606,-1.82600584144405,-1.97035486255362,0.564556396736339,-14.857606268933,0.144010569186548,-0.619367736402751,-0.0662641793128369,-0.0252582740525316,2.67755349638499
-0.693981132096816,0.0111232585431917,0.0976167933728779,-1.82582434438743,-1.97061137497217,0.563776720632101,-15.3407971292627,0.250863669670252,-0.484552419327599,-0.066733634925356,-0.0253162323142463,2.66499015951311
-0.694333723406263,0.011944224600029,0.0976571659900237,-1.82572528433794,-1.97098919558462,0.563072276244499,-15.5682802052105,0.262703291482012,-0.659582052486911,-0.0701347718982257,-0.0232641196909338,2.66640451806464
-0.694597172069727,0.0125959603734014,0.0975588855790209,-1.8257296520964,-1.9714733039406,0.562433068624456,-14.7822378555123,-0.0425862155573213,-0.563887317818086,-0.0647534215877976,-0.0228710696856723,2.70474106817069
-0.694796104688894,0.0130726610418961,0.0973271675499181,-1.82584414135164,-1.9720346820517,0.561844042619542,-15.9734021286258,0.47146626958147,-0.722447635711973,-0.0667823114326076,-0.0252868451222336,2.66878482915765
-0.694959569412125,0.0133913692342791,0.0969859881286668,-1.82605949018505,-1.97263560856356,0.561281983412454,-14.9227625119578,-0.537397267120014,-0.620443370919531,-0.0662408864853345,-0.0249770374996916,2.7091319640272
-0.69513018670939,0.0135783980767723,0.0965704258414565,-1.82635839405789,-1.97323311726894,0.560727382128883,-15.6257211479606,-0.0835524867345612,-0.58936842902321,-0.0668338661111938,-0.023450760274822,2.69067544249931
-0.695354134383478,0.0136844794991227,0.0961352209333056,-1.82670591797179,-1.97377958567655,0.560156500044206,-15.5884404264938,0.032259127224961,-0.675499829961865,-0.0683208308364325,-0.02244315855733,2.69309156943128
-0.695669679384115,0.0137599887426045,0.0957318933156828,-1.8270642571072,-1.97424117953521,0.559555276378204,-14.9932905442185,-0.0913096694096112,-0.627124922643759,-0.0672299662885396,-0.0241640849739764,2.71907138749268
-0.696106756339195,0.013841775610123,0.0954007199011392,-1.82740366379491,-1.97459611889753,0.558917807203208,-16.0173471937821,0.15568168788559,-0.620170311600589,-0.0708774908937664,-0.0220854820091253,2.68240925814431
-0.696687540320856,0.0139728123425868,0.0951860436141398,-1.82768946868194,-1.97483229120107,0.558244888374172,-14.9600518779085,-0.0745511745396925,-0.660309555908867,-0.06817611939652,-0.0214133549370587,2.72738372719042
-0.697410385567096,0.0141701606154498,0.0951053968239607,-1.82790171143033,-1.97496508724407,0.557552391754484,-15.6334985350945,0.245386170953907,-0.722357364504006,-0.0679423609269119,-0.023851671545234,2.71164045099241
-0.69825954318608,0.0144335347776483,0.0951598494373492,-1.82803221525502,-1.97502383684425,0.556864555678525,-15.7943718064399,0.526689813756775,-0.655208454935376,-0.0677314248421532,-0.0216271577051794,2.7098950196598
-0.699206602021782,0.0147512258717981,0.0953384222435112,-1.82808219659355,-1.97504450068736,0.556204452972097,-15.0745923652526,-0.300982735546086,-0.796237949721245,-0.0662335971813262,-0.0235466845786541,2.73978996409499
-0.700204063993367,0.0150820676544718,0.0956024509178032,-1.82807434686095,-1.97507997476504,0.55560304477748,-16.1070856161179,-0.239511079498243,-0.667831778506809,-0.0701305531455363,-0.0213767163604676,2.70723690555636
-0.701209772409441,0.0153916216145831,0.0959191411216949,-1.82802973034443,-1.97516943095003,0.555079868690558,-15.4554323576924,0.900471145831489,-0.468455183937465,-0.0676005580776784,-0.0241565287548103,2.75066445386415
-0.702181397095332,0.0156352428422721,0.096246937306481,-1.82797907101934,-1.97534658923607,0.55464927550544,-15.7267520002029,0.352626830552254,-0.588471109266322,-0.068229704972063,-0.0230179065783883,2.73638828994424
-0.70308166193213,0.0157838653604063,0.0965555686052779,-1.82794546004871,-1.97562825497236,0.554309250065956,-15.988469685763,0.876614036955971,-0.676370334236367,-0.0710674782075218,-0.0225697825575401,2.73876466400979
-0.703883348723915,0.0158117878254238,0.0968192080601104,-1.82795238597331,-1.97601881094347,0.554050295218824,-15.2473542265801,-0.140608870081678,-0.642935413295419,-0.0662158477113204,-0.0246914720027865,2.77663832414825
-0.704587455237421,0.0157216944215435,0.0970384372779567,-1.82800712482124,-1.97649082904854,0.553845106465621,-16.4095042341764,0.235270296997669,-0.558945839060243,-0.0709861733943358,-0.0213906399108468,2.74509698525983
-0.705207957494546,0.0155348529763444,0.0972295254567268,-1.82810604254471,-1.97699955784174,0.553652881836665,-15.625675961301,-0.078543098924456,-0.562197590734115,-0.0701214164808182,-0.0230313795882638,2.78567289895159
-0.705766563490272,0.015277593566033,0.0974128911337477,-1.82824190095227,-1.97750096752223,0.553437476541037,-16.1458784357699,-0.20090073454412,-0.665590778154296,-0.0670213856017785,-0.0198973646253549,2.77813728797533
-0.706305046132751,0.0149990482727116,0.0976299245186137,-1.8283933731876,-1.97793004508556,0.553149703107552,-16.2920306842661,-0.130611432958403,-0.606591940893765,-0.0720581041619206,-0.0207814230200861,2.77530325483884
-0.706865998232394,0.0147521329367599,0.0979230496094607,-1.82853510782045,-1.97823080608602,0.552749091280974,-15.3029787077215,-0.310800103813563,-0.494833560991481,-0.0692364201840063,-0.0217654022381391,2.80960307381039
-0.707488054317472,0.0145827473013114,0.0983263836472879,-1.82864442882592,-1.97836244533185,0.552207929315495,-16.5399468297647,0.0811105715285976,-0.653076117571857,-0.0700535966469396,-0.0233959548362078,2.77124278817271
-0.708194778927854,0.0145192902128457,0.0988570551945265,-1.82870703221519,-1.9783111259639,0.551518630152869,-15.5880047050159,0.407671337693728,-0.620514961529778,-0.0688347620763805,-0.0246354064950962,2.81735932404072
-0.709007945635544,0.0145869551337583,0.099528382139775,-1.82870982438163,-1.97806920912126,0.550679338176577,-16.1230595661166,-0.511309384050264,-0.69326435411719,-0.0701098575644767,-0.0212092108368814,2.80219984431363
-0.709929614080858,0.0147856369811432,0.100328777822392,-1.8286541344944,-1.97766251625642,0.549713742941792,-16.4861803661984,0.0199483860096734,-0.660331079509319,-0.0717667878533463,-0.0200532993239706,2.8064204163458
-0.710943913661725,0.0150948094703551,0.101226443825221,-1.82855276412712,-1.97713362662423,0.548652000485856,-15.5693764064163,0.0841552412862256,-0.727034367869777,-0.0715495462436033,-0.0237621622671216,2.83668331162514
-0.712024429487383,0.0154788572431634,0.10217545575066,-1.82842667085284,-1.97654127972577,0.547538282258751,-16.7547815252764,0.498054380401527,-0.639352609489237,-0.07542215341791,-0.0213121306998691,2.8086332845504
-0.713131875474494,0.0158919249130651,0.103119789250836,-1.82830228885464,-1.97595548420301,0.546423260658721,-15.7288481033221,0.0273860605536811,-0.622664917314637,-0.070704401117109,-0.0234411989265574,2.85350519411277
-0.714224458918538,0.0162759788859237,0.103994927636208,-1.82821469292676,-1.97544308703167,0.54535473047623,-16.242257680449,0.0946632525619862,-0.711011218946879,-0.0724364685014556,-0.0239713955033356,2.82856085823341
-0.715260997870304,0.0165723048129163,0.104736511440502,-1.82819782761716,-1.97506791465051,0.544378846807754,-16.4530488188007,0.0988311412061194,-0.604846351552197,-0.0733257419757547,-0.0205729283817099,2.83379518059547
-0.716206059875633,0.0167366505766289,0.105293633967464,-1.82827720477552,-1.97487823532356,0.543528508875295,-15.8479215381753,0.439667082504911,-0.607063950725887,-0.0697381167612448,-0.0229811684153418,2.86679498389062
-0.717028988625672,0.0167304038184852,0.10562310609041,-1.82847460911702,-1.97491070123196,0.542829258267313,-16.8815999314713,0.173682444147289,-0.669167459678079,-0.0750187497917065,-0.0228684568173803,2.8394437601395
-0.717713959444246,0.0165332256823092,0.10570058712486,-1.82879953983081,-1.9751793763499,0.542289536796302,-15.9494818805652,-0.333630352822183,-0.54466742512966,-0.0756669802904355,-0.0217694976074362,2.87662512102517
-0.71825176382006,0.0161341672866353,0.105513198841593,-1.82925576096602,-1.97568911320181,0.541913943232005,-16.3660028083781,-0.425405854428618,-0.613119706538839,-0.0731755439464048,-0.0225358239979448,2.86370712093583
-0.718652623056051,0.0155501439090795,0.10507585613993,-1.82982994423776,-1.97641715316947,0.541686527310107,-16.8313535771055,-0.263477190119829,-0.674033905622451,-0.0719066430421216,-0.0258530605745751,2.87142432117646
-0.718933975926424,0.0148016049770288,0.104409929337859,-1.83050712796151,-1.97733492437024,0.541590181586256,-16.0631147385764,0.359375892549451,-0.674535307185636,-0.0715893314691245,-0.026725945442565,2.90950231308814
-0.719119374486679,0.0139152953763091,0.103546348056294,-1.83127015520078,-1.97840531334831,0.541600314749056,-17.2496415106103,0.629977343895689,-0.69438514222054,-0.0772809937001706,-0.0211233816331357,2.86705359021488
-0.719247253314552,0.0129418343701797,0.102539545392543,-1.83208848985864,-1.97957355722756,0.541681159394872,-16.1186252029532,-0.0326023251775496,-0.618544480527135,-0.0749555307804068,-0.0211069932039896,2.90646210980058
-0.719358955683107,0.011936882845065,0.101449919889525,-1.83292885612044,-1.98078259708667,0.541794012964254,-16.696998542636,-0.131286592759807,-0.560992519876521,-0.072509126991712,-0.0227556709093852,2.89257724883199
-0.71949636324107,0.0109451033374519,0.100332390726953,-1.83376747670337,-1.98197596000823,0.541902453849124,-16.7874584068678,0.244503728905556,-0.715587395050164,-0.0722453119252018,-0.0203445528268172,2.89548298648412
-0.719707658505766,0.0100293187603491,0.099257411492123,-1.83456989126991,-1.98309449387323,0.541969495919817,-16.124563099322,0.416031112872361,-0.677301776638586,-0.0726312260794235,-0.0242508642675154,2.92499601768245
-0.720032799421476,0.00924324149633904,0.0982870509291363,-1.8353084960352,-1.98408253865208,0.541956880802107,-17.295410121076,0.630934733097092,-0.625019729958922,-0.0732802230241885,-0.0242946233063814,2.88946228165929
-0.720508756605347,0.0086424309230253,0.0974827408003468,-1.83595447417763,-1.98488939841807,0.541829611610204,-16.1794205871021,0.302699241196024,-0.679599762450493,-0.0722176138706043,-0.0230940917562518,2.93308822672805
-0.721161044682442,0.00825605439744415,0.0968838692542938,-1.83649711258942,-1.98547792265168,0.541561782419004,-16.8020565870127,0.161878529937894,-0.592302771779401,-0.0771816844213151,-0.0224521749232283,2.91361871673496
-0.722001671363723,0.00810094571813202,0.0965147595169942,-1.83693146622505,-1.98582198953674,0.541131183124858,-16.7832694218048,-0.0907375638548729,-0.618377558894679,-0.0764395737183547,-0.0186952048238495,2.92083539655269
-0.723019865517337,0.0081720110649588,0.096374837648515,-1.83726314546259,-1.98592465190201,0.54053570058513,-16.2851298275428,0.595486904825748,-0.637215343261857,-0.070919924027284,-0.0220469612240804,2.95469087523011
-0.724198690280482,0.00846164089141332,0.0964586473662702,-1.83749750719559,-1.98579127395521,0.539772838068708,-17.3350333440318,0.104621087872601,-0.792507807594092,-0.0762121745178796,-0.0218375807024015,2.92664573104624
-0.725498391901786,0.00893663063772365,0.0967342195238325,-1.8376534156648,-1.98545396406694,0.538855327023679,-16.5158532433496,-0.254522335536421,-0.776786872860384,-0.0755290549135061,-0.0224290141752901,2.96980948257517
-0.726867953030569,0.00954845031656504,0.0971521462242696,-1.83775491157665,-1.98496186364635,0.537809889448376,-17.0159121008527,-0.695222618555363,-0.654376017766339,-0.0746638726344102,-0.0201447957796788,2.95657289454576
-0.728242529510295,0.0102301739233308,0.097644761169671,-1.83783510382859,-1.98437832422859,0.536670610622126,-17.208909345729,0.28203101648478,-0.578981983671156,-0.0779707116994897,-0.0206009331203174,2.96218110207646
-0.729558060861903,0.0109229061993599,0.0981499022400241,-1.83792009239867,-1.98377023850071,0.535476102301658,-16.3739910299585,0.687915222631091,-0.542781013111465,-0.0743112075250201,-0.019424020724365,3.00144262004907
-0.730748750372756,0.0115549996145532,0.0985943615254666,-1.83804202228024,-1.98321532389275,0.534276353639381,-17.7718583437676,0.58473275579513,-0.642839023438938,-0.0778906393205006,-0.0213215293401779,2.96638622015248
-0.731757493957156,0.0120684864019545,0.0989182490966224,-1.83822489565123,-1.98277822534638,0.53311170018298,-16.4779542816272,-0.279501707180998,-0.688027490430017,-0.0763543865220937,-0.0222294215869187,3.01355038257585
-0.732543231480373,0.0124236890262797,0.0990790406665373,-1.83848048462727,-1.98251302588029,0.532019193105035,-17.3277682040926,0.533383477788448,-0.664896999201602,-0.0743463771058352,-0.0223705142807925,2.9984601721307
-0.733082841079911,0.012600482692779,0.0990563558312002,-1.83880933521572,-1.98245997579778,0.531032134328042,-17.1927732223027,0.152372892990797,-0.597917200347098,-0.0763387603502927,-0.0217474521405608,3.00004575584397
-0.733370201921848,0.0126020960926034,0.09885186428368,-1.83919919786926,-1.98264044771486,0.530172999819504,-16.7323250964411,-0.0745350158665588,-0.658005470610959,-0.0742585101736721,-0.0215888260045824,3.03162681939758
-0.733424493577942,0.012455794226744,0.0984915532630058,-1.83962598689398,-1.98304807248734,0.529446094497613,-17.7293075878033,0.791231037194393,-0.642293788688761,-0.0762517621955681,-0.020607702281481,2.99874434000954
-0.733277001888669,0.0121988585054975,0.0980148445645211,-1.84006271461945,-1.9836639135619,0.52885021053517,-16.8284597839501,0.108438024778707,-0.683141954207173,-0.0737604423847942,-0.022505191219801,3.04421598782729
-0.732975992088394,0.0118878689685733,0.0974790991508339,-1.84047263004393,-1.98445051449944,0.52837384380305,-17.391145773234,-0.310448095337506,-0.620204339179537,-0.0776619146855317,-0.0235308768664473,3.02238768157357
-0.732571868472711,0.0115797906510249,0.0969424015578634,-1.84082152500215,-1.98536477719391,0.527999903714385,-17.4287027190451,0.178342307703815,-0.719010668424687,-0.0773457032881653,-0.022092690632979,3.02039543077396
-0.732117090032101,0.011334182154247,0.096465252159708,-1.84107714052701,-1.98635665217745,0.527704398648963,-16.7406915159891,0.129784806307498,-0.679233701765497,-0.0730751002385448,-0.0224996463068741,3.05700443907923
-0.731654879074962,0.0112024798800654,0.096099100193083,-1.84121665906082,-1.98737871333614,0.527458889487014,-17.9017170663391,-0.120339843357669,-0.701833891970637,-0.074721457071151,-0.0212934717024907,3.02577032785458
-0.731225143791244,0.0112187871202671,0.0958785749797271,-1.8412301653579,-1.98838579676076,0.527235754213958,-17.0945675940558,0.746237092954061,-0.721063645448311,-0.0749465464811765,-0.0199185514799939,3.06968425677357
-0.730851882903647,0.011391619886723,0.095815137827724,-1.84112781855787,-1.98934486012083,0.527010335885389,-17.65051924905,-0.121971205326872,-0.711773851522537,-0.0784038357346226,-0.0177203867034294,3.05699433610153
-0.730545026749395,0.0117169309028284,0.0959050986478823,-1.84092845132949,-1.99023472507194,0.526761223025243,-17.7925677857543,0.429334613276069,-0.632039283957084,-0.0778025430850793,-0.0198731871813083,3.05856686818381
-0.730303633104771,0.012169090878043,0.0961229849951126,-1.84066272935131,-1.99104769408697,0.526475464481389,-16.9597999195999,0.130628032659843,-0.660060618095827,-0.0784899153689178,-0.0209426600857014,3.09598436881352
-0.730119227431953,0.0127054304126553,0.0964279809074833,-1.84037441221186,-1.99178350651717,0.526141804745536,-18.1322343752768,0.397872037754269,-0.677869307323164,-0.0795470149240036,-0.0197916021492891,3.05530864396291
-0.729985119054025,0.0132809215825862,0.0967752916036073,-1.84010538778929,-1.99244514942747,0.525753772692268,-17.1137156061419,-0.47317165539971,-0.598825901052379,-0.075377238680622,-0.0207152941652834,3.10203612121287
-0.729890832776106,0.0138448863125316,0.0971143741884324,-1.83989779109549,-1.99304599292802,0.525313550299219,-17.7131469792319,0.207242796107948,-0.719861049378721,-0.0762299296043443,-0.0202731545936023,3.08860296456847
-0.729830175276998,0.0143458842802424,0.0973943018417925,-1.83979091717535,-1.99359918501682,0.524824934902467,-17.9250230716887,0.0711918140182206,-0.717579484555046,-0.078063029219126,-0.0215922594556661,3.08688120133198
-0.729810062196201,0.0147532457971025,0.0975818829469663,-1.83980582923202,-1.9941089758322,0.524290689206907,-17.1553361724783,-0.304299913398609,-0.627104665474434,-0.0748315758543621,-0.0213151198525409,3.11443803401543
-0.729844655654932,0.0150519251653396,0.097656747299127,-1.83994874919268,-1.99458059272239,0.523719899675194,-18.1098475467389,-0.312463682636462,-0.622362480040124,-0.0784811284911848,-0.021069387652419,3.08538151270042
-0.729949929368598,0.0152349110359324,0.0976070333120369,-1.8402155268552,-1.99502185331383,0.523125469094168,-17.2282949054095,-0.343795249641744,-0.655560042256383,-0.0761469922491815,-0.0204288072747779,3.12716283877721
-0.730155379476303,0.0153224072021505,0.0974462601484964,-1.84058064866397,-1.99542608510188,0.522514482006151,-17.6601747385489,-0.223819451502322,-0.806987537347936,-0.0809888641219887,-0.0204280215944236,3.10556582901268
-0.73049020842172,0.0153408421392101,0.0971945453357217,-1.84101301799456,-1.99579029435406,0.521899505137398,-18.0074400414234,-0.255199531562312,-0.602931435504757,-0.0775332073032429,-0.0196172943742172,3.10169790854399
-0.730980646772698,0.0153276126205792,0.0968831026569075,-1.84147328819456,-1.99610684699989,0.521286551917307,-17.2265888577329,0.587245442201038,-0.699249675500084,-0.0766897757121536,-0.0247875247133679,3.13889342564072
-0.731649781577289,0.0153354617312367,0.0965565509624207,-1.84191248610886,-1.99636530266025,0.520676821874225,-18.4527646317982,-0.278043614007402,-0.859203468875023,-0.0796234929449011,-0.0198176069280394,3.10300653769724
-0.732507249866474,0.015411124870262,0.0962557445407271,-1.8422867684137,-1.99656305215347,0.520073162006405,-17.5003553964316,0.070972675863004,-0.69278820438447,-0.0789978181474718,-0.0212481843545774,3.15916368813055
-0.73354862511643,0.0155966852524863,0.0960190202006439,-1.84255988780966,-1.99670043018226,0.519474664711182,-18.1147231533395,0.232688509167701,-0.647564286625993,-0.0813857233639226,-0.0201921162274178,3.13953727570181
-0.734758862058129,0.0159284929815495,0.0958813125988568,-1.84270451575707,-1.99677553120994,0.518870357599961,-18.0675654713053,-0.491288899953133,-0.798941545979204,-0.0797991498751207,-0.0205308663699837,3.14262359743231
-0.736111800874542,0.0164280347036261,0.0958662808943452,-1.84270667521285,-1.99679279296289,0.518249630413606,-17.3208213826128,-0.896806041794889,-0.694149894191696,-0.0764811793697415,-0.0201383014358246,3.17692559318528
-0.737564727973616,0.0170995384880737,0.0959829996555543,-1.84256775683222,-1.99676574927372,0.51760393001866,-18.7941593979406,0.0435632558378529,-0.708238978985776,-0.0793706646347925,-0.0187539537084043,3.14321573205224
-0.739073247643114,0.0179378851926231,0.0962337348829544,-1.84229841323784,-1.99670423266547,0.516918984975678,-17.403144790456,0.106345010155792,-0.725132294846873,-0.0782209343028608,-0.019415630376691,3.18934624807033
-0.740583051175681,0.0189166483763099,0.0966036926511873,-1.84192517764055,-1.99662848070797,0.51618758982717,-18.244521677261,0.127717090167607,-0.645727042427126,-0.0777246760108592,-0.017069759239599,3.1755766767863
-0.742045137164292,0.0199918198315103,0.0970650969884953,-1.84148816754421,-1.99655324485786,0.515401333798115,-18.3727322131672,-0.306585086822224,-0.695452207695297,-0.0802037514606853,-0.0189409664489287,3.18566621958015
-0.743413708448851,0.0211165649389162,0.097585484030887,-1.84102708652715,-1.99649627642848,0.514558954490084,-17.8603290847952,-0.476488938686089,-0.737789491203102,-0.0799309317170636,-0.0203692009760984,3.21671688735381
-0.744647506249377,0.0222167199203458,0.098111168280695,-1.84059733276362,-1.99648071801093,0.513670794735041,-18.9245633928477,0.24465832503779,-0.845143773086789,-0.0802990671021484,-0.0201273641077995,3.19126225323195
-0.745725407825558,0.0232238642007818,0.098594727797616,-1.84024895657267,-1.99651832262081,0.512748143580609,-17.9406891358681,0.247800963518785,-0.693644421533975,-0.0771942963654864,-0.0197453240806771,3.23564881507562
-0.746631873120242,0.0240698182190009,0.0989862283829857,-1.84002803481383,-1.9966241951723,0.511809137252349,-18.3491033321644,0.124502448977182,-0.706003794815018,-0.0797412710085181,-0.0168353777858717,3.21589827425348
-0.747363795558415,0.0246929492856811,0.0992394453114814,-1.83997106334566,-1.99680859899444,0.510875433926542,-18.6836101464593,0.195358723137133,-0.70080034635717,-0.0804736579037111,-0.0192555245955945,3.21331467737278
-0.747929897621587,0.0250354298881952,0.0993110954535174,-1.8401100153012,-1.9970833257218,0.509977252907825,-17.9100813188523,0.194915780195743,-0.673783715220594,-0.0790756305125604,-0.0235462461601793,3.2555254047907
-0.748348285556306,0.0250567975797313,0.0991710231829422,-1.84046345407162,-1.99745089014046,0.509138306368339,-19.0629431438413,-0.144071971317771,-0.714514639939324,-0.0816768299266308,-0.0206573150325182,3.22584133360648
-0.748638293162972,0.0247401336747402,0.0988043288377884,-1.84103235488335,-1.99791489801894,0.508381214493024,-18.0429972524005,-0.330502708962513,-0.787299933605112,-0.0821829738930675,-0.0197186479330274,3.27814099550013
-0.748818531186687,0.0240785861641424,0.0982027512793189,-1.84181167926126,-1.99848071801709,0.507727514399076,-18.8793973927022,-0.107767776905803,-0.551918722742698,-0.0846381369226537,-0.0206353983060777,3.2598059748877
-0.748910070968833,0.0230938953262836,0.0973793286691012,-1.84277779944283,-1.9991470813622,0.507187645757544,-18.8359957925617,-0.613443551025966,-0.784517922443939,-0.0874339933701824,-0.019380396347373,3.26634652276962
-0.748929879916395,0.021824523555166,0.096359022428539,-1.843898947293,-1.99990959127002,0.506763022902174,-18.3057027872964,0.185673530176018,-0.807731819642612,-0.0855690768275057,-0.0203918796716396,3.29011002031804
-0.748902651335215,0.0203429632362191,0.0951941155197111,-1.84512179536194,-2.00075082696926,0.506441866868212,-19.0483720563878,-0.260636546473734,-0.594451853788257,-0.0841861737835972,-0.021730312244307,3.25710285566085
-0.748838720772693,0.0187278229017931,0.093941495057053,-1.8463933008043,-2.0016590562413,0.506206569098736,-18.4021569767585,0.0287878493302287,-0.766320243251783,-0.0826440689143184,-0.0171248290890015,3.2948881006755
-0.748751913105434,0.0170699770998937,0.0926688661745027,-1.84765538686966,-2.00261346208039,0.506031414443029,-18.8408326325102,0.0857839064378823,-0.82952814992538,-0.0859171729856705,-0.0209975826404757,3.29214518786229
-0.748658775882173,0.0154618102329067,0.0914487488658441,-1.84885262920788,-2.00358317148082,0.505880672863941,-19.0879355188268,0.803846982836149,-0.787664511884685,-0.0860367448611625,-0.0207616865347948,3.29408487716214
-0.748578294439412,0.0139972419184105,0.0903572015004878,-1.84993089821504,-2.00453082126804,0.505713235042101,-18.2805061971153,-0.0033572443508092,-0.692438880586224,-0.0839310595539571,-0.0230804471518231,3.33118626099164
-0.748530282099871,0.0127537941598863,0.0894591487569306,-1.85084811795992,-2.00542002348412,0.505491767128734,-19.5400511298327,-0.150735418871591,-0.849432575489914,-0.0863509284878115,-0.0196517817215305,3.2941779387223
-0.748537443205938,0.0117909400979084,0.0888091160220128,-1.85157508018414,-2.00621301677923,0.505183995683347,-18.5529446185832,-0.28304847651998,-0.735222645521276,-0.0818571263816255,-0.0197779107618101,3.34277036089341
-0.748622636612208,0.0111536684575295,0.0884504701603303,-1.85209165957408,-2.00687232833875,0.504758807600168,-18.9400403782542,0.020280358018681,-0.730479491876821,-0.081518120511979,-0.0194288280195362,3.32359176956568
-0.748809065055948,0.0108526081758189,0.0884013243690736,-1.85239956354313,-2.00736973790113,0.504200381409172,-19.3156754392366,0.560748094733071,-0.877855480142102,-0.0836991963711058,-0.0166130083775421,3.3186582137815
-0.749115228505673,0.0108768659729179,0.0886612067706395,-1.85251205286094,-2.00768777278177,0.503503543515241,-18.3932831740568,0.861069665885452,-0.781074007653643,-0.0819878123527937,-0.0220216144462686,3.36181422297791
-0.749553291160129,0.0111903690441189,0.0892071754631226,-1.85245622035287,-2.00782183834145,0.502675530907948,-19.7054388153082,-0.271428353709325,-0.862795681688937,-0.0859578121928504,-0.0200922358580146,3.32833623358484
-0.750122013952635,0.0117335409738111,0.0899924660943693,-1.85227142074353,-2.00778762790874,0.501738174286837,-18.5193453646426,-0.502960957153846,-0.778888502401657,-0.0870113820575669,-0.0232976967933037,3.37356650593522
-0.750809115514119,0.0124326789311553,0.0909539992555436,-1.85200430590115,-2.00761453277966,0.500721291647897,-19.1532988257676,-0.26321017958503,-0.851427054033962,-0.0877151921841817,-0.021140917178926,3.35445298804123
-0.751588045343828,0.0132049620033623,0.0920147294331993,-1.85170388070829,-2.00734986097108,0.4996643367431,-19.4688261609015,-0.152199934418377,-0.774015676223939,-0.0864092630213333,-0.0166791707803258,3.35597732473058
-0.752416837836937,0.0139532502286279,0.0930800931588839,-1.85142784813248,-2.00705691673525,0.498612598724636,-18.7538262915635,-0.113068755063068,-0.722616048088383,-0.0871621650126464,-0.0229439959073371,3.38120099519914
-0.753247388212292,0.0146058498218213,0.0940710954532834,-1.85121572417262,-2.00680033408605,0.497606183586487,-19.6919634679987,0.435928129463036,-0.772421041004264,-0.0861005465075304,-0.0225066011148184,3.33716496768364
-0.754030581534219,0.0151014229902646,0.0949140007887309,-1.85110052750747,-2.00664304815229,0.496679822789265,-18.6898850059176,0.347224545485233,-0.751191763101474,-0.082542635479844,-0.0224631759737096,3.38090685726556
-0.754711387007462,0.015388527655265,0.0955412858825656,-1.85111177420467,-2.00664495134778,0.495860010418929,-19.2787977481557,-0.00165439328134198,-0.860863639476378,-0.0837381808878406,-0.0215512054812449,3.37502354267584
-0.755248307333686,0.0154489959105781,0.0959146412544684,-1.85125994542933,-2.0068451992037,0.495155910927408,-19.4829817110701,-0.343551704375386,-0.764447669062861,-0.083637750578188,-0.0221287369790399,3.38008564434365
-0.755609550242339,0.015295093776766,0.0960222963764803,-1.85153564615587,-2.00726708557336,0.494564530720856,-18.7121779188925,-0.128214849314418,-0.732472015775528,-0.0846243165207272,-0.0220394854128468,3.40804413381287
-0.755779380346196,0.0149489874926072,0.0958678065864934,-1.8519285717855,-2.00791350921144,0.494070728188962,-19.9300372054213,0.0163446151107109,-0.823572331895576,-0.0863514925394044,-0.019435863574943,3.37725683465353
-0.755763530318968,0.0144641912548593,0.095487561329255,-1.85241041340672,-2.00876019595805,0.493644483559765,-18.902823473734,-0.631089482971674,-0.655313751337218,-0.0824474917488387,-0.0231438113456113,3.42928946612739
-0.755589239553983,0.0139116096733769,0.0949403738085828,-1.85294317654675,-2.00976084305263,0.493246445775589,-19.4848503947239,0.262124672847222,-0.855499867426886,-0.0831335032992073,-0.0194691958624304,3.41248663733181
-0.755292892442258,0.0133522973344995,0.094284447340755,-1.85349534039176,-2.0108655336381,0.492843145356653,-19.7800698358095,0.33009395096974,-0.670681241310035,-0.0842350214934848,-0.0175987302646154,3.41057236261777
-0.754930132556336,0.0128566719575058,0.0935928158415014,-1.85402960682427,-2.01200371382179,0.492393736086101,-19.015343614967,-0.686507730532185,-0.710505674250726,-0.0836404179153281,-0.0180067785341078,3.44389389234768
-0.754559909505147,0.012488422051117,0.0929364935715203,-1.85451050047404,-2.01311087178683,0.491869011585871,-20.1091663383831,0.0897100664819845,-0.805380400406364,-0.0884195339936196,-0.0184651758343337,3.41986967067233
-0.754241205360923,0.0122917323812128,0.0923740412161971,-1.85491171833185,-2.01413252124861,0.491254696761127,-19.3339076188286,0.862458881839302,-0.623134443153106,-0.0852369002691931,-0.0218645077696386,3.46392294104317
-0.754033903545857,0.0123048862906447,0.0919596048321679,-1.85520710514106,-2.01501983539035,0.490544851835048,-19.7731690556823,0.07914560377003,-0.725874022338814,-0.0847209377048266,-0.0209172326891103,3.4528456939253
-0.753976991933963,0.012534732785431,0.0917180151295253,-1.85538685648753,-2.01575155466324,0.489752124689193,-19.8784077843245,-0.149963363257712,-0.784900424515882,-0.0854383682807791,-0.0204938921602514,3.46274397411503
-0.754099482755745,0.0129667523954318,0.0916537507880568,-1.85545142205948,-2.01632229614107,0.488901225248582,-19.1563615748769,0.522034177424075,-0.721012532447105,-0.0840606902073842,-0.0209050189851844,3.49648947130097
-0.754418328583196,0.013582270144747,0.0917630375409408,-1.85540142298858,-2.01673839322938,0.488020564058669,-20.3160869777497,-0.0467236618669631,-0.779295704390506,-0.0891241039137691,-0.0199664646418501,3.45352930416931
-0.754927229846834,0.01434375317376,0.0920204244316313,-1.85524860478907,-2.01702784980437,0.487145746837419,-19.2853855276709,-0.0852094008771473,-0.747250341134702,-0.0873494651718993,-0.0195495544582118,3.49273502489108
-0.75561266449925,0.0152139680809693,0.0923963932688582,-1.85500494890016,-2.01722197712761,0.486309121823664,-19.9662367469064,-0.142492790872438,-0.799732495887042,-0.0837293982559797,-0.0201501049194533,3.4804716742644
-0.756440691120979,0.0161434832220912,0.0928468108984543,-1.85469383270806,-2.01736135752799,0.485536901280323,-19.9533271444046,-0.369960747632376,-0.689550326926167,-0.0869975858430911,-0.0195888797165413,3.4878536152735
-0.757380138171408,0.0171015806872798,0.093340979702107,-1.85432834692027,-2.01747492203706,0.484840732127946,-19.404245164844,-0.545380109170992,-0.673991918874378,-0.0862198840458741,-0.0206547134668676,3.52162968967546
-0.758389460034791,0.0180445214945948,0.093835640769605,-1.85393429084287,-2.01759795473772,0.484231174280881,-20.669493102681,0.188192089253107,-0.817064316704034,-0.0878325964112654,-0.0194248145115316,3.48695353372196
-0.759427587621956,0.0189411812110372,0.0942987139244563,-1.85353544982991,-2.01774817095734,0.483696262059945,-19.4439335593412,-0.527255739911425,-0.770505476342151,-0.0879821334409656,-0.0202129475837656,3.53200290582995
-0.760457138366152,0.0197799946386841,0.0947160597276371,-1.85314547044779,-2.01793176611572,0.483213397713729,-20.1794065584602,-0.163615068975787,-0.699098052033435,-0.0890906386110597,-0.0206340638405717,3.50438943103649
-0.761455528525693,0.0205507447869628,0.0950800514537853,-1.85278287149022,-2.01813560571552,0.482747927385904,-20.0149253067387,0.530265925271351,-0.688201832445799,-0.0840889962096671,-0.0186778115040994,3.51285243575192
-0.762403433002812,0.0212542389649482,0.0953935340208734,-1.8524610947389,-2.01834201185653,0.482262104994949,-19.5637697162595,0.576693818018839,-0.751099921899254,-0.085049277572947,-0.0198560007337359,3.5378394378125
-0.763292087847758,0.0219041925266179,0.0956726027314646,-1.85218348874341,-2.0185239683767,0.481716791879133,-20.5324984688402,-0.464688865541575,-0.664033512819657,-0.0864673838433481,-0.017630463206695,3.51688046703499
-0.764126003745562,0.0225109370188132,0.0959362925135331,-1.85195588674585,-2.01865142006466,0.481080212014146,-19.8290257938842,-0.238260132392497,-0.741474418349071,-0.088695579671207,-0.021073302528597,3.56296669359208
-0.76491433726344,0.0230874780255341,0.0962062605214512,-1.85177901492391,-2.01869856407615,0.480329781409415,-20.212212230485,0.0403647845457726,-0.812178630643189,-0.0917982766409682,-0.0178542403196246,3.549721464077
-0.765666831735576,0.02364745685502,0.0965028283391625,-1.85164762618026,-2.01865045585103,0.479455981682283,-20.4886957203705,0.363187724893351,-0.876000217486336,-0.0901089681384368,-0.0197637788626502,3.55241995864908
-0.766398023820247,0.0241996051405824,0.0968424994493506,-1.85155650942182,-2.01849829334939,0.478461755858694,-19.6105108666396,0.223988526070571,-0.824915451610138,-0.0888628318536586,-0.0226066513837308,3.588134538868
-0.767119903545497,0.0247409830321583,0.0972303550780359,-1.8515026990763,-2.01825050151931,0.477369258198073,-20.8892038057035,0.265251844102977,-0.653921044376716,-0.0883854863632361,-0.019603623741376,3.55061353789898
-0.767838457866757,0.0252622191098535,0.0976611947783267,-1.85148291686916,-2.01793143980819,0.476213757907988,-19.7882640411508,-0.824250094355193,-0.678747497046601,-0.0912611409443276,-0.0194991616885575,3.59312733559265
-0.768553579063897,0.0257436770808823,0.0981174200273066,-1.85149961383919,-2.01757113939138,0.475032446728335,-20.5508908644121,-0.322977014836852,-0.699258059658121,-0.0888799265270461,-0.0196847593365722,3.57735292116828
-0.769260772436645,0.0261656968404047,0.0985759527310361,-1.85155248722285,-2.01721255617704,0.473872268175367,-20.6858141021573,-0.1306119279011,-0.671055551538188,-0.0920344074872186,-0.0187890702533336,3.58692979076155
-0.769949453710688,0.0265054370382583,0.0990075994711304,-1.8516452075263,-2.0168995655199,0.472777107180334,-19.9174462275174,-0.0936260032410701,-0.782062793469777,-0.0961220437072021,-0.0180443038225153,3.61623396751524
-0.770613508754139,0.0267435545160151,0.0993837467474238,-1.85178224157988,-2.01666485639819,0.47177827241733,-21.0993187764548,0.153437987892858,-0.825004630506811,-0.0946300976255792,-0.0180874753429075,3.5812152925218
-0.771241016885563,0.0268645388431121,0.0996759251898442,-1.85196817728004,-2.01654066422922,0.470900518991078,-20.0191767835467,-0.12564560619694,-0.911783079941813,-0.0872912125477598,-0.022057117451499,3.6282970610666
-0.771819997951358,0.0268531536312029,0.0998537281388266,-1.85221171270717,-2.01655157413481,0.470158824986841,-20.7115722653745,-0.272095028554304,-0.871067035998408,-0.0903994686822629,-0.0225576940999727,3.60851613674315
-0.772350593306141,0.0267194132354689,0.0999090429014078,-1.85251096084203,-2.01669652450641,0.469545601641304,-20.7221537134662,0.291315364281218,-0.822629547054675,-0.0888672735779426,-0.0172111969624247,3.61107534756534
-0.772841887131217,0.0264849317020399,0.0998456632533625,-1.85286114665765,-2.0169543241483,0.469033448934734,-20.0836739520362,0.515850329469004,-0.84098980108584,-0.087146706958646,-0.0184168025093137,3.64555668721407
-0.773303872150139,0.026175349899578,0.0996716808679753,-1.85325799467642,-2.01729582210466,0.468585888269522,-21.1297314620479,0.190707802260931,-0.749782825483038,-0.0926470491906399,-0.0179362365088476,3.61744033886621
-0.773753187947441,0.0258252551791163,0.0994048440547349,-1.85369129276785,-2.01768636435744,0.46816628922485,-20.3475555280771,-0.282467524824142,-0.628406554614656,-0.0923479841166368,-0.0173864816772227,3.66706187817982
-0.774211361952152,0.025489750723624,0.0990822785933723,-1.85413861489553,-2.01808051408571,0.467727043085234,-20.9255860947453,-0.526198598548262,-0.724522224583552,-0.0920129604555124,-0.0177104126114763,3.65662959919554
-0.774691634479127,0.0252091684370033,0.0987311034678788,-1.85458572934296,-2.01844478117196,0.467231147792194,-21.01581278998,-0.39348425030721,-0.88249966889407,-0.0934387397989824,-0.0194081693818394,3.66139693497349
-0.775209947028512,0.0250198465915865,0.0983784871615438,-1.85501801455209,-2.01874932985691,0.466648442486965,-20.3483210648921,-0.172601937474155,-0.813561915849277,-0.0899038749268928,-0.0220897456150106,3.69744244429718
-0.775769474276653,0.0249423116766998,0.0980399005123985,-1.85542739314235,-2.01898373195618,0.4659658898244,-21.6369704648038,-0.232482625190414,-0.706802179354895,-0.0929808890482828,-0.0179480162759927,3.65650406973796
-0.776365173322368,0.0249948821188912,0.0977301273450134,-1.85580343629515,-2.01914980613523,0.465181317729834,-20.4760269013475,0.257512735396858,-0.835131411479665,-0.0912595701885937,-0.016530345897826,3.70223421611976
-0.77698345015927,0.0251794151496103,0.0974522289650297,-1.85614208122433,-2.01926817929697,0.464310521649601,-21.0873196395567,0.0568553826308289,-0.76479856610348,-0.091661111345974,-0.0168354777242703,3.69162160366827
-0.77760201384246,0.0254814755813033,0.0971971864317894,-1.85644619748217,-2.01937240855858,0.463382480950427,-21.2672544067004,0.0912658779666344,-0.64474261229617,-0.0936268436008549,-0.0181084829662597,3.69372494801015
-0.778193515207614,0.0258671468521037,0.0969428140372045,-1.85673045919467,-2.01950492307032,0.462434437366226,-20.521529349975,-0.394949639123752,-0.75216531493723,-0.0922614953347201,-0.0194917672529943,3.72623097613119
-0.778731190478805,0.0263004011152947,0.0966664380288094,-1.85700669407117,-2.01971182093522,0.461512085443543,-21.6120350949703,-0.167812807440669,-0.833754380734803,-0.0938532116907513,-0.0179665667740523,3.69571405479663
-0.779197523755012,0.0267454630577486,0.0963490581164891,-1.85728667861947,-2.0200294631922,0.460656573252599,-20.6484354226527,0.384377224934497,-0.909731949298447,-0.0896403438082736,-0.0198571802960036,3.73683327828715
-0.779575463634144,0.0271586581171839,0.0959678520379099,-1.85758745017976,-2.02049184931602,0.459908709705133,-21.2218983956317,0.493095758945856,-0.825285099461297,-0.0922126358704278,-0.0198194831195305,3.72025044148938
-0.77986429826442,0.0275067159656004,0.0955113612403932,-1.85791950682367,-2.02111354521422,0.45929771396035,-21.5445480438065,0.0923636696668382,-0.76513371502557,-0.094208389887291,-0.017530188811702,3.714120498524
-0.780078361929132,0.0277713522677079,0.0949830329009013,-1.85828323438652,-2.02189034497182,0.4588396504618,-20.5589912042873,0.109554884843419,-0.744978694947804,-0.090316416342461,-0.0181262394540332,3.7539427196681
-0.780240118300489,0.0279281655833934,0.0943832032952611,-1.85868411725235,-2.02280969423952,0.458545707330812,-21.9339075290756,-0.0409594443444803,-0.851562856642005,-0.0932608688848284,-0.017864973975747,3.71722843308623
-0.780384119670332,0.0279788355291082,0.0937345953576412,-1.85911186706152,-2.02383569572393,0.458405965758677,-20.869042918253,-0.284702539775935,-0.916442774280426,-0.091844501826674,-0.0210695520240791,3.76788036940562
-0.780553685575592,0.0279400594861308,0.0930716779547395,-1.85954720152765,-2.02492106115516,0.458399566928845,-21.309388455573,-1.14620489163281,-0.787457068618153,-0.0939741401261696,-0.0175345130328809,3.7484906879344
-0.78078807322294,0.0278234662244046,0.0924238175713867,-1.85997566458836,-2.02601748050294,0.458500156516082,-21.4008129009704,0.0233399010867288,-0.72039296407948,-0.0950719406869678,-0.0185676974165376,3.75762822738803
-0.781124435820566,0.0276491569996526,0.0918251166495727,-1.86037904435665,-2.02707232931505,0.458672843265777,-20.7732188806768,0.760643423512647,-0.857344043953276,-0.092224294227528,-0.0174727687026318,3.79331190486735
-0.781588371364196,0.0274437712786995,0.0913102804127836,-1.86073756798246,-2.02803715140286,0.458875322570814,-21.9472569373293,0.257504453278898,-0.930943599786701,-0.0956241549238919,-0.0182786771733526,3.75657630736765
-0.782199340664099,0.0272409912796139,0.090917201690789,-1.86102873416491,-2.02886427765109,0.459061299461043,-21.08483204312,0.311693262651715,-0.686456955067968,-0.0952149363944503,-0.0169177793781272,3.80111907465381
-0.782959812215287,0.0270609075580737,0.0906673403125207,-1.86124205441144,-2.02952452134052,0.459193138731269,-21.4982164554533,-0.249796253157456,-0.74473010990036,-0.0958337094451744,-0.0183919943379973,3.78979072819343
-0.783857295525438,0.0269285027339023,0.0905821710641258,-1.86136696131648,-2.02999816343167,0.459233218328797,-21.8392633620037,-0.354230274978136,-0.888206299004821,-0.095094541539547,-0.0194266197612868,3.79211015199508
-0.784863652692095,0.0268500921647323,0.090663567029164,-1.86140797592235,-2.03028084598078,0.459151908497252,-21.0917699203437,-0.0570896464453199,-0.876863540988921,-0.0965632459108949,-0.0182028802464045,3.82650396516799
-0.785948693588341,0.02683482205647,0.0909129916739981,-1.86136903019322,-2.03037443997316,0.45892556662015,-22.2971238231301,-0.0649180288751268,-0.926825303623502,-0.0989874765422711,-0.0175932649824674,3.79515299330377
-0.787071234361961,0.0268828477768768,0.0913216359011166,-1.86126083946024,-2.03029913663292,0.458545714631977,-21.1509809605216,-0.255363543381691,-0.917162484979968,-0.0955325445910788,-0.0170901457655831,3.83851451421779
-0.788198553584002,0.0269996707771334,0.0918839400031173,-1.8610911778653,-2.03007225708683,0.458006945979999,-21.8246352916332,0.4209858496788,-0.758947843022924,-0.095581794338131,-0.0185736987915043,3.82093013074584
-0.789286331841494,0.027158118111787,0.0925655609146671,-1.86088837252536,-2.029734213348,0.457324577443535,-21.9861379892828,0.452675812201051,-0.691368360392886,-0.0947858080244144,-0.0177360932617256,3.82108924216698
-0.79030640906933,0.0273415098375835,0.0933420518958613,-1.8606729327219,-2.02931696294128,0.456515098948287,-21.2543884217338,-0.405265926340917,-0.914465922944999,-0.0940860026624817,-0.0183824229848592,3.85934397045501
-0.791236485065532,0.0275264848743042,0.0941822594390219,-1.86046552781649,-2.02886218715215,0.45561171822569,-22.3530560773331,0.564190294461014,-0.825033729311599,-0.0947484906237199,-0.0159935934421383,3.83035497023551
-0.792062291499676,0.0276867069064402,0.0950522701151139,-1.86028799601769,-2.02840764198935,0.454647031919152,-21.3169943035679,0.480486647893713,-0.709901743205506,-0.0939538659800654,-0.0160703375688782,3.87501720818849
-0.792770715275449,0.0277919356746885,0.0959147703533663,-1.86016085200618,-2.02799623171213,0.453662059340138,-21.8780357558994,0.01316699298809,-0.764004789135953,-0.094853480843347,-0.0155283467422631,3.8556157046394
-0.79336204488325,0.0278048400759801,0.0967278788175789,-1.86010733677633,-2.02766343446665,0.452698907258905,-22.1870541142075,-0.0340380394557087,-0.847590568803327,-0.0970705160424261,-0.0191541039460451,3.86368566284685
-0.793847411550888,0.0277071198265837,0.0974652984140515,-1.86013760636735,-2.02743071606848,0.451788369627118,-21.3975043158121,-0.535152920373321,-0.825337744666228,-0.0962739960314911,-0.0203034449632556,3.90225611970934
-0.794237009655448,0.0274850747156705,0.0981019233764213,-1.86025670333144,-2.02731553938673,0.450954915938015,-22.5242792928922,-0.224388395044116,-0.872514484681147,-0.0973010442076165,-0.0173578651163473,3.86802164803
-0.794547880088161,0.0271420709941683,0.0986282405281889,-1.860459499755,-2.02732142372098,0.450211189190574,-21.6217821898079,-0.619377812510038,-0.714411752216307,-0.0946914711553872,-0.018934857136611,3.91116418149602
-0.794801821154246,0.0266935982451191,0.0990446978688517,-1.86073416257039,-2.02743658833694,0.449555098717489,-22.1409733309898,0.268835497549389,-0.809622830300242,-0.0961728340649262,-0.015050248363133,3.90335793823949
-0.795018713418341,0.0261628336897211,0.0993581974101033,-1.86106381999786,-2.02764609441835,0.448978760188816,-22.5308401245008,0.0392052103404694,-0.831877927194625,-0.0963132137715026,-0.0146783201183539,3.90186243554285
-0.795226824477095,0.0255891638337715,0.0995909564800701,-1.8614234623361,-2.02791459159436,0.44845600366188,-21.6478661249522,-1.02279826972722,-0.856830637641679,-0.0972864291194915,-0.0185655564783305,3.94040552805554
-0.79544905562378,0.0250125269905013,0.0997664075132835,-1.86178804017266,-2.0282105666007,0.447962909310788,-22.844967688888,-0.0163504525914959,-0.811928939665847,-0.0969254153541099,-0.0157164795698211,3.90746571869554
-0.795713929929458,0.0244893297180155,0.0999238949120881,-1.86212256029655,-2.0284960507553,0.447471757411479,-21.9062574185004,0.153720380174946,-0.708646309621997,-0.098231165258674,-0.01887073421243,3.95363455339268
-0.796044997424722,0.0240712991627259,0.100100434141199,-1.86239579818987,-2.02873228344228,0.446950728494559,-22.6150996320957,0.389086562478042,-0.773438116078609,-0.10125065536399,-0.0192762683391109,3.93417695777924
-0.796461181602502,0.0237915719011479,0.10032023015214,-1.86258853444799,-2.02889624387138,0.446383793484168,-22.5175383421849,0.508631363501991,-0.852491410511021,-0.097367602905329,-0.0147324967995647,3.93706899454022
-0.79698248244701,0.0236823104631352,0.100608772872423,-1.86268167162844,-2.02896956443505,0.445761078020274,-21.8845028640191,-0.0195417738302694,-0.810154632193672,-0.0928400915406136,-0.0181488469041028,3.97008060949686
-0.79762160285802,0.0237497929284753,0.100972425127481,-1.86267369200441,-2.02894718415984,0.445085411643045,-23.0189492860516,-0.544024274506455,-0.773124767976725,-0.0972202975889305,-0.0170403307337124,3.94948157520422
-0.798380273043231,0.0239804267349371,0.101401661090201,-1.86257468076211,-2.02884337702175,0.444374805806607,-22.0758571089095,0.063580666262169,-0.832396901689407,-0.10074720306869,-0.0178674407101578,3.99617747635599
-0.799254616559054,0.0243464468179013,0.101875668600383,-1.86240457876393,-2.02868054062396,0.443651388086326,-22.6573079906991,-0.784101964430192,-0.93674412175659,-0.099513386783499,-0.0159221753721389,3.97942774710184
-0.800233759504799,0.0248092854305177,0.102364112670329,-1.86218942289639,-2.02849230448356,0.442947124090467,-22.9283099240521,-0.240143082163968,-0.994222370443708,-0.101758095467536,-0.0172250929122028,3.97844628580801
-0.801304820788407,0.0253271543652378,0.102834258919589,-1.86195915478504,-2.02831031949325,0.442289224149802,-21.9497436118647,0.80773197495455,-0.931926928412963,-0.0989873911815056,-0.0181670456807596,4.01035437885817
-0.802442161199265,0.0258462811315621,0.10324236573698,-1.8617525308538,-2.02817427065434,0.441705870013868,-23.1831619614967,-0.533497708753885,-0.941865245041157,-0.0996044654739054,-0.017864958171981,3.97217971068105
-0.803616484292319,0.0263238776617083,0.10355186905224,-1.86159935958407,-2.02811981076939,0.441218353433228,-22.2112320880109,0.481800699701353,-0.840047617913001,-0.100309451719864,-0.017699323697564,4.02354273861225
-0.804803125924631,0.0267341855560712,0.103741284520392,-1.86152039158837,-2.02816714416358,0.44083314511626,-22.8544024071868,0.0268198130784185,-0.815097325290111,-0.0987744190983531,-0.0204801743882907,4.01229649425348
-0.805971889975553,0.0270540110896356,0.103790665338088,-1.8615328940477,-2.02833574172984,0.440553307217532,-22.8361124787169,-0.0124485304529571,-0.808295362214608,-0.102888592116724,-0.0152272382471365,4.01869033918983
-0.807097265418127,0.0272850196787591,0.103701493026186,-1.86163753441757,-2.02862709795736,0.440364192035757,-22.2048654695571,0.275584332516473,-0.855117226843845,-0.100814449825417,-0.0152820942172531,4.04667804216783
-0.808160096154944,0.0274338839894774,0.103481369878852,-1.86183033209284,-2.02903229350809,0.440243806609338,-23.3575140276445,-0.125428759370607,-0.910436694754424,-0.0999905888358241,-0.0180543651986667,4.01397399781415
-0.809141353234058,0.0275187789196742,0.103148954535832,-1.86209939295293,-2.02953248111585,0.440161282596583,-22.3227163445208,0.309179697557965,-0.819502447203547,-0.09743847862384,-0.0171066164961801,4.05472642591081
-0.810031712058348,0.0275713244295801,0.102735840793288,-1.86242115988478,-2.03010066300982,0.440081215864167,-22.881511630472,-0.284355377038764,-0.815994518690957,-0.100143308251599,-0.0169466583991134,4.04228890897589
-0.810820313490233,0.0276058905329304,0.102262118585912,-1.86278206782564,-2.03071421928195,0.439974724166805,-23.1290297145632,-0.278015757452522,-0.720275143216156,-0.0995700413171217,-0.016328331877985,4.04881902829703
-0.811504207780463,0.0276400703139128,0.101752910404539,-1.86316489159589,-2.03134668282155,0.439813427242527,-22.4327808203889,0.311716335387473,-0.800091653752531,-0.096977683562395,-0.0212784860992328,4.08651740157588
-0.812083781895531,0.0276840574386998,0.101227593798492,-1.86355509722698,-2.03197796344928,0.439579276915647,-23.775183762088,0.356418971785388,-0.817026066143171,-0.100416961699471,-0.0162791549253357,4.0561343244159
-0.812563369093425,0.0277269193149952,0.100689497857878,-1.86395183704942,-2.0325958243901,0.439267396135145,-22.6841272302385,-0.361597209856654,-0.74842162486317,-0.100226249057333,-0.0142761957572436,4.1062301168501
-0.812948845564195,0.0277583214743071,0.100143631414066,-1.86435464488652,-2.03319128536543,0.438877568873792,-23.3601069205249,-0.0179048545087426,-0.898961942657962,-0.0983896420468526,-0.014128228699481,4.0916953764312
-0.813245078548023,0.0277652582172809,0.0995889336424426,-1.86476351184914,-2.03376868603655,0.43842256251483,-23.3889251052465,-0.223698281471798,-0.904676009491936,-0.0987841387375306,-0.0148303465741391,4.09506243937572
-0.81346190342469,0.0277376705606702,0.0990263093452922,-1.86517693629991,-2.03433276975958,0.437919544740495,-22.8317167800647,0.30829047035968,-0.880358881181053,-0.0996507598060732,-0.0180107074212651,4.12809869421545
-0.813606952877702,0.02765373747547,0.0984456615006474,-1.86560374253697,-2.03489810313826,0.437396136033685,-23.739368795182,0.499887060210312,-0.924039042463818,-0.101787544849116,-0.0139506940004699,4.09571507862519
-0.813693762310496,0.0275137892376129,0.0978524090712471,-1.86603847883885,-2.03547470318156,0.436876582650959,-22.7906088993771,0.294361459383026,-0.81938425493405,-0.103688750088654,-0.0130555692008411,4.13731396669732
-0.813732236936958,0.0273235522740318,0.0972529923329383,-1.86647442588241,-2.03607650503236,0.436386210157067,-23.4614467904186,0.365158485233223,-1.01678530018054,-0.101419008696465,-0.0127846387656847,4.12362318177328
-0.813738327439418,0.0271042304892646,0.0966652323012471,-1.86689655124307,-2.03670593137651,0.435940047163719,-23.7553286354379,0.335748562741628,-0.884329209147495,-0.104818859214109,-0.0157272539361866,4.13338104404976
-0.813725943754379,0.0268879896186416,0.0961155261168013,-1.86728395897138,-2.03736431581475,0.43554967631418,-23.0517745111412,0.564862022612942,-0.812917927166779,-0.102121187400412,-0.0192333200184353,4.16694933096055
-0.813706945413769,0.0267111738352135,0.0956311932190822,-1.86761377284691,-2.0380512436159,0.435220670950147,-24.1373043318761,0.874830936914577,-0.987933704992827,-0.104088915712075,-0.0183969895235476,4.14338638656462
-0.813697690087472,0.0266183743395167,0.0952477304699813,-1.86786066401094,-2.03875210082943,0.434943820298696,-23.2546847273784,-0.321433844646663,-0.824750164275912,-0.103117754112982,-0.0151304317740663,4.19532396318414
-0.813712875782832,0.0266429580282566,0.0949894795008492,-1.86800728505717,-2.03945243268266,0.434705992697978,-23.8700956140416,0.659952838778736,-0.91962908589457,-0.102675063732248,-0.0147857511970773,4.18145407519325
-0.813764605453823,0.02681600355948,0.0948798823028324,-1.86803888062522,-2.04013419018638,0.434487982345617,-23.966706201327,-0.371552239519133,-0.93688137653885,-0.104786390130004,-0.0160957575378284,4.18075373900603
-0.813860701956276,0.0271547570864286,0.0949314576738804,-1.8679518536411,-2.04077677899723,0.434262528642458,-23.2583487700672,0.0357184607862564,-0.85083213506897,-0.104579121630776,-0.0153100795054731,4.21669959750589
-0.814005925039058,0.0276576986252621,0.095140279057325,-1.86775462762645,-2.04136186828191,0.434001170305524,-24.2582226535153,0.332564971162128,-0.889859345403067,-0.104064300445929,-0.0149436000549862,4.18861469981988
-0.814199603465986,0.0283039532321112,0.0954870980028709,-1.86746894713711,-2.0418778804105,0.433679893907857,-23.4220774954106,-0.0348849091124066,-0.902415076371,-0.0988585224113052,-0.0148435332603506,4.22802460652673
-0.814443846423734,0.0290633018391588,0.0959452684615478,-1.86712221027333,-2.04231050668246,0.433272805410789,-23.9317632883747,-0.567500641357356,-0.904962373239329,-0.103109656898459,-0.0163339931036578,4.21953502092628
-0.814724921464677,0.0298711202114514,0.0964577134325777,-1.86676236608605,-2.04266929777945,0.432773606225915,-24.2353882790607,-0.490777338675343,-0.878419984029506,-0.105942043645056,-0.0158420242658834,4.2299968734376
-0.815029096280128,0.0306598254504777,0.0969641376807616,-1.8664387201292,-2.04296452712312,0.432177365928694,-23.4769572219317,-0.507360117185044,-0.940431426370566,-0.103761587367392,-0.0169495771897371,4.26378858052957
-0.815342000396316,0.0313614386515955,0.097404715830225,-1.86619935760216,-2.04321347558388,0.431489022493623,-24.6302526750324,0.489197272891715,-0.992506924483877,-0.105530404235876,-0.0160334481543654,4.22740778881398
-0.815660034432247,0.0319256857505543,0.0977337755629599,-1.86607880840155,-2.0434295632471,0.430717819204018,-23.6712020884281,-0.122310584982642,-0.870050843098426,-0.103986595370046,-0.0133238984545367,4.27320119598308
-0.815972263771072,0.0322970740419191,0.097900983670004,-1.86611159166247,-2.04363983104881,0.429886667525025,-24.2770858476705,0.379870493870385,-0.890953858336758,-0.104380258804879,-0.0151393038362954,4.25345816144849
-0.816275599904278,0.032437078876109,0.0978701403182549,-1.86631771381266,-2.0438714630159,0.429026923120206,-24.3457879138693,0.0144865259180733,-0.930595572876086,-0.106153533211484,-0.0146282579140187,4.2546064415604
-0.816577408234866,0.0323384963591522,0.0976323098862349,-1.86669661276443,-2.04413865680886,0.42816162290441,-23.6000915835672,-0.213297011552186,-0.959979597490161,-0.103817167404736,-0.0180534398371107,4.29369303091433
-0.816892157707758,0.0320098211429194,0.0971916646246517,-1.86723660608706,-2.04445205363816,0.427314761248822,-24.9244639278,-0.0898748442100441,-0.904811129845399,-0.110023157234815,-0.014531961854772,4.26793171667441
-0.817238965924286,0.0314862813258028,0.0965756478682022,-1.86790811195563,-2.04481362291435,0.426503312918062,-23.9207963048085,-0.272636959117563,-0.952514338287273,-0.10940262210884,-0.0130672112549091,4.32362889994001
-0.817644670989321,0.0308241461289853,0.095829158162591,-1.86866836426971,-2.04521216168842,0.42573308532416,-24.33489968919,-0.256719801350528,-1.03064018091953,-0.106701128857325,-0.0161556379834829,4.31326214494962
-0.81813977196708,0.0300945921210474,0.0950096598699558,-1.86946491866717,-2.04563224539695,0.425007479333103,-24.6612087050697,0.374076915303476,-0.982812242531566,-0.107964771122834,-0.0168052400018181,4.30933893144384
-0.818752183969794,0.0293667828949093,0.0941740104615116,-1.87024890204705,-2.04605527825217,0.424322767728913,-23.9030732691372,-0.0774371287823215,-0.883810338760384,-0.105503494547551,-0.0150596979610005,4.34369897835042
-0.819502925962403,0.028711040441344,0.0933780045546455,-1.87097182526287,-2.0464629059881,0.423670385376405,-25.2476908790344,-0.515177146911128,-0.910190443216663,-0.108329972367741,-0.0169435774318077,4.31394952074414
-0.820407659397337,0.0281926736266893,0.0926735819499879,-1.8715915675652,-2.0468335857219,0.423033145708447,-24.0361395844049,-0.0636896096505097,-0.792808207492783,-0.106622621918409,-0.0160180872728563,4.37079706905326
-0.821473703793537,0.0278706228189662,0.0921063917670225,-1.87207048200583,-2.04715004711765,0.422393988393907,-24.7821963796279,0.180724643267922,-1.00664472804672,-0.111212079953661,-0.0125493878883574,4.35631055973389
-0.822689474043939,0.0277839096620198,0.091704358188037,-1.87238462513523,-2.04740967615756,0.421740379110468,-24.8054874278677,0.282333362214104,-0.897990650648239,-0.108382159135225,-0.0130650279047493,4.37282431493849
-0.824036219868458,0.0279480694541068,0.0914782342351443,-1.87252807591984,-2.04761362303953,0.421058915298814,-24.311755720318,-0.147071828772368,-1.02299080711185,-0.104367139401391,-0.01854055413212,4.40897970748468
-0.825490678628628,0.0283666199011972,0.0914298946109172,-1.87250254654651,-2.0477629734535,0.420336731723635,-25.5064942446738,0.00442470429698005,-0.997317463081203,-0.109430547236571,-0.0134757248415884,4.36910144073898
-0.827010005538634,0.029012222743745,0.0915352693748113,-1.87232808709741,-2.04788189346572,0.419575214746966,-24.5191810097193,-0.618142451058702,-0.92627476947473,-0.107946490363441,-0.0162506580673635,4.41372895074531
-0.828552019789724,0.0298424896152643,0.091762942428554,-1.87203623458922,-2.04798964965406,0.418772447690199,-24.9512316689445,-0.326305751382279,-0.939478858556157,-0.10690945821989,-0.012149866970101,4.41596071609191
-0.83008057451814,0.0308200017538098,0.0920874693611837,-1.87165196871033,-2.04809980455834,0.417924957754284,-25.2503340910896,-0.134014037654651,-0.951853152046084,-0.109600347633833,-0.0141114770853929,4.41946320150413
-0.831558105307672,0.031894399259107,0.0924758105523036,-1.87120943256038,-2.04822955268622,0.417034070845934,-24.4825041170279,-0.358488878873686,-0.978760456296641,-0.111268392412603,-0.018366236147129,4.45394952600866
-0.832955170232382,0.0330143218757755,0.0928983834789217,-1.87074186552569,-2.04838774761396,0.416098944690211,-25.6723332801562,0.154300128015393,-0.958108177495916,-0.110880670206408,-0.012549490748549,4.43173574321976
-0.834251047177089,0.0341262900151378,0.0933260716222668,-1.87028087024675,-2.04858066514841,0.415121298028735,-24.8779671810961,-0.0972692671498407,-0.992395228422879,-0.106231389785051,-0.0106967480514253,4.48072193966465
-0.835442452176878,0.035198658936098,0.09375078640046,-1.86984547042016,-2.04879481906935,0.414091674220532,-25.5381057335733,-0.644209169148098,-0.853727862185622,-0.109083366658639,-0.0142047322365544,4.47039510192611
-0.836526327823231,0.0361826283367357,0.0941512462301389,-1.86946386635305,-2.04902569576564,0.413013348206176,-25.6513575380837,-0.237194323038011,-0.921847074096661,-0.108547272745179,-0.0132126300504091,4.47180216996406
-0.837518885520901,0.0370554497069477,0.0945288181189186,-1.86914640759736,-2.04925173687238,0.411883233839553,-24.8252828831514,0.480568942968375,-0.960554190446885,-0.110005110729652,-0.0160778914151846,4.51519401418898
-0.838440523905408,0.0378013266733248,0.094888142956808,-1.8688990605191,-2.04945207628017,0.410700513081522,-26.2004790273455,0.0678324216173678,-0.899133308367453,-0.10963162196688,-0.0111985720898926,4.48977258506022
-0.839313097389647,0.0384120415037721,0.0952374742256732,-1.86872333265009,-2.04960715663943,0.409467508081888,-25.1918140276616,0.131614808474751,-0.901051040071366,-0.110877797939045,-0.0123605740566002,4.53357817227772
-0.840161390545715,0.0388839015469173,0.0955850972278894,-1.86861832761459,-2.04970166002524,0.408193165500103,-25.6076272227857,-0.185632078515937,-0.946462350358757,-0.113995767621295,-0.0123021268216588,4.52109265729822
-0.84099976556318,0.0392037904669866,0.095926726858343,-1.86859049494832,-2.04973564061064,0.406897909137565,-25.9690036150764,0.12796206890016,-0.840825642453268,-0.109777534050217,-0.0124773117700424,4.51860756376345
-0.841841858543838,0.0393802250709854,0.0962695826579143,-1.86863074337602,-2.04971245525029,0.405602615135274,-25.0791687895439,-0.275161860200797,-0.889430086573327,-0.106630472833427,-0.011625849844944,4.56130235777689
-0.842692178548311,0.0394200962733997,0.0966151794766986,-1.86873366076066,-2.0496429579522,0.404329271285275,-26.34471023763,0.0495822022965058,-0.891433396237204,-0.112268884444389,-0.0126371262275962,4.52108300871471
-0.843550185935941,0.0393273188598311,0.0969569970229949,-1.86889603311619,-2.04954872166959,0.40310641776353,-24.931873327646,-0.140724961133401,-1.00729909624184,-0.111878829681133,-0.0117819209587757,4.56962083986005
-0.844404837587216,0.0391078507868947,0.0972861924925531,-1.86911473443338,-2.04945442304265,0.401957116700207,-25.9135809703083,-0.778109880418015,-1.15205831117876,-0.10958581346086,-0.0113468326309112,4.5538095885956
-0.845241764834956,0.0387778807861245,0.0975979277133194,-1.86938049371824,-2.0493864508852,0.400899063831435,-26.0089625073722,-0.350648792015363,-0.971324908016669,-0.112148775205756,-0.0090069111484829,4.56286283499834
-0.846048284065769,0.0383710354515703,0.0978995907963052,-1.86967375443896,-2.04935853607402,0.399932204620852,-25.4242315658449,-0.198013034095993,-0.970097704701971,-0.107669899122024,-0.0137723943865444,4.59001514796056
-0.846808405973258,0.0379147867293455,0.0981931591403175,-1.86998065485113,-2.04938206398098,0.399049892579411,-26.5546952618866,-0.630850434966078,-0.8655307809899,-0.111205480077699,-0.0133458325198174,4.56004337399229
-0.847511889405352,0.0374414616923833,0.0984853637595661,-1.87028349635438,-2.04946126816116,0.39823772088405,-25.4612316391127,-0.220690685903946,-0.900494855879799,-0.110558670209993,-0.0169372159651761,4.60713562188633
-0.848153629911255,0.0369835262844411,0.0987853964216017,-1.87056671666748,-2.04958787268941,0.397468190741108,-26.1386428499121,-0.239565475859536,-1.0266135431248,-0.110420193852858,-0.012326158166717,4.58882292752105
-0.848741149870513,0.0365838009598018,0.0991150315663412,-1.87080891102738,-2.0497375296408,0.396702802346357,-26.2042971746478,-0.132692569785149,-0.970219173760086,-0.111520559710771,-0.0110093271862067,4.59797644355976
-0.84927831250782,0.0362692049183302,0.0994862250652032,-1.87099888232943,-2.04988880141567,0.395906435553306,-25.5728649155733,-0.306395304109401,-0.988958654723035,-0.112040227927224,-0.0139604533930524,4.63179612174702
-0.849780199633657,0.0360690484100878,0.09991707742375,-1.87112318536688,-2.05001259806548,0.395043425187382,-26.5198677415763,0.144606996862422,-0.948084755400828,-0.114857244586927,-0.0121610150344305,4.60733801721882
-0.850257076181335,0.0359773418671736,0.100401635033759,-1.87119297116282,-2.0500904507948,0.394090994432136,-25.7554457669045,-0.0471409781396233,-0.892712521616602,-0.113121120897349,-0.0108351206171917,4.65062080983259
-0.85072540192606,0.035983228074274,0.100932834196982,-1.87122152004183,-2.05010553282856,0.393035131535577,-26.2522398901215,0.12238030750359,-0.996716662931078,-0.112540909511303,-0.0107201254673975,4.64059041999038
-0.851197564862118,0.036056514960455,0.101488742790942,-1.87123228989414,-2.05005809449279,0.391882950938729,-26.439104591965,-0.268987737364114,-1.01393931345297,-0.111361766413222,-0.0117844982450032,4.65644793423945
-0.851676539949467,0.0361584411492224,0.102040465152531,-1.87125426665168,-2.04995999152225,0.390651506757449,-25.9588850101746,-0.118721303105076,-1.02123624620558,-0.111723120851111,-0.015925203523613,4.69456280792681
-0.852162208182245,0.0362395317054869,0.102549047057508,-1.87131956822646,-2.04983950379967,0.389376885512846,-27.1006347706506,-0.35396506380539,-1.05407834837348,-0.113372609503015,-0.0108201930797271,4.66299961333324
-0.852642664689895,0.0362388486957652,0.10296197161058,-1.87146548354209,-2.04974278034754,0.388108799865703,-26.1285613843277,-0.312186857002416,-0.952831800214568,-0.10991810672847,-0.0120154265215081,4.7112696945627
-0.853107932098957,0.0361100431682253,0.10323718521833,-1.8717183220844,-2.0497155794346,0.386898589397961,-26.5854255243843,0.449923240294538,-0.968545593989461,-0.111790604304563,-0.00941976980034914,4.71214312407735
-0.853540103077275,0.035806084305106,0.10332775465804,-1.87210280041532,-2.04981477563148,0.385803740100473,-26.922478503666,0.0509692547652776,-1.0344542341555,-0.113791054411191,-0.0105347993892603,4.70499580060598
-0.853917443948017,0.0353009889308229,0.103197969529103,-1.8726271329427,-2.05009423789793,0.384874502138004,-25.981191184194,-0.596005674366552,-0.821193055736472,-0.112059544124822,-0.014775240203378,4.73971187145592
-0.854225262927952,0.0345895849197841,0.102827692112105,-1.87328630936948,-2.05059270622807,0.384145117616179,-27.3039068377213,0.227514016463147,-0.977032200028049,-0.11510871202541,-0.0119937698145766,4.7140595216824
-0.854453458820295,0.0336921224557383,0.102216134177886,-1.874060223976,-2.05133239569667,0.383632007753754,-26.3480316352923,-0.0349800139165382,-0.846236754281961,-0.110304109661662,-0.0100382901681437,4.76399445736555
-0.85460320586256,0.0326427565866076,0.101375914707912,-1.87492182083266,-2.05231422582196,0.383332014489088,-26.9757762089883,-0.233110430439638,-0.934651363039052,-0.116018575324117,-0.00748092226948716,4.75142600377487
-0.854681745709148,0.0314863287708853,0.10033066534208,-1.87583833579303,-2.0535211582133,0.383225394653692,-27.0720503160064,-0.728603643958195,-0.985493762299996,-0.115511754107466,-0.0118792273952486,4.7605060364988
-0.854705976725699,0.0302803584588247,0.099119643121076,-1.87677252768437,-2.05491369577605,0.383272781472957,-26.5029683621092,0.244135277215946,-0.779635380609989,-0.114313453766052,-0.0119319681443613,4.79997217601969
-0.854710216130144,0.0291002222619543,0.0978032495326853,-1.87767960997018,-2.05642629996293,0.383416175857674,-27.5705220543858,-0.461974080638356,-1.08652389255249,-0.117476260927361,-0.0125865766324554,4.7714317987254
-0.854728914952797,0.0280078874323468,0.0964388808505933,-1.87852811677282,-2.05798479437177,0.383590028178889,-26.6217190918459,-0.372270083120384,-1.04657649453324,-0.115080031616511,-0.0133850283543195,4.82127950937392
-0.85480335223212,0.0270611912123062,0.0950873662363548,-1.87929101653719,-2.05950640985218,0.383725986710643,-27.3258971473928,-0.655563117463544,-1.02854786023752,-0.119782302951059,-0.0117204563376618,4.81221885695709
-0.854974329361272,0.0263054461295127,0.0938050023757826,-1.87994995902273,-2.06091337070642,0.383763787562101,-27.5864038410252,0.213402595162506,-1.10380968569748,-0.118856979340443,-0.0100582755367006,4.82335009256774
-0.855280651464695,0.025773542919854,0.0926448497350475,-1.88049571194918,-2.06213449417726,0.383652635875767,-26.7572182445832,-0.595542580141682,-1.05327488868002,-0.116095240595377,-0.012138419131797,4.86092041095374
-0.855760294293122,0.0254938896820782,0.091659143076287,-1.88092053977766,-2.06310668077712,0.383352381147899,-27.8936837342806,-0.250340039169714,-1.03799640794514,-0.120672435069417,-0.00968056504358361,4.82541881692777
-0.856431996900064,0.0254695251417427,0.0908785222507481,-1.88123141163788,-2.06379103949961,0.38283912718274,-26.794517556785,0.446923889174059,-0.958059536850158,-0.117659391470453,-0.0130563029138572,4.87268228575163
-0.85730221606613,0.0256874330440606,0.0903182187769446,-1.88144143331526,-2.06417480899055,0.382111956017872,-27.6050705050522,-0.198582185272699,-0.936299945483341,-0.113970142955951,-0.010458418399093,4.86132570189521
-0.858366577330718,0.0261392587177962,0.0899927767510379,-1.88155441027945,-2.0642640813376,0.381184190300092,-27.713557849319,-0.283823127286496,-1.02810343046346,-0.115931685978513,-0.0126937071814189,4.86617201836348
-0.859604637937595,0.0267952342474764,0.0898955891799674,-1.88158651290342,-2.06408584487364,0.380080956606581,-26.9880977204386,0.0180142857307146,-0.88205804929359,-0.117135798081333,-0.0126885074821396,4.89882698147873
-0.860986266578656,0.027626197654639,0.090013395247228,-1.88154804084185,-2.06368287638008,0.378839411455172,-28.1516332088003,-0.141432462743069,-1.04247387021837,-0.119211247400469,-0.0095636656872215,4.87041209460992
-0.862469913770021,0.0286028815683395,0.0903248684394671,-1.88144536323529,-2.06310999457368,0.377498498671137,-27.1435749831336,-0.00382631204092831,-1.15097746320194,-0.117399436269265,-0.0109600415439899,4.91249934276274
-0.864006244368792,0.0296775743638147,0.090790634288279,-1.88129665917458,-2.0624312263546,0.376102166005096,-27.7344953614585,-0.539478403497014,-1.01114257131152,-0.118763352478522,-0.0145983136509761,4.90032438508314
-0.865548811333028,0.0308084291166928,0.0913717161359764,-1.88111323164519,-2.06170791199613,0.374692795003073,-27.8281776310059,0.0331488241556599,-1.01554539243008,-0.11890192506816,-0.0120412407667825,4.90601362933221
-0.867051074870076,0.031953010193746,0.0920245153977709,-1.88090836924957,-2.06099819410464,0.373306892463349,-27.2282343874911,-0.156009061307486,-0.911452987623534,-0.11478202259187,-0.0103164855135381,4.94262775183438
-0.868469649186661,0.0330777677910241,0.0927125948030293,-1.88069150278619,-2.06034949542081,0.37197076678252,-28.4204911290773,-0.111162628636293,-1.12304795021953,-0.121557635552849,-0.0114235841912138,4.92451770829391
-0.869770404720282,0.0341354689303142,0.0933885974517454,-1.88048154446201,-2.05980220413546,0.370708656037318,-27.5465577045699,-0.696308317639932,-1.0341777505709,-0.120185608080964,-0.0101749319209548,4.97656041064384
-0.870935308551472,0.0351019061760276,0.0940254562382321,-1.88028677615449,-2.05937418340164,0.369528046674306,-28.1535601264931,-0.378726270472953,-1.00727782404107,-0.123657164901462,-0.00660113337125617,4.97251241096498
-0.871952895951212,0.0359506189030885,0.0945955107250885,-1.88011931382998,-2.0590797754106,0.368438137267096,-28.4396827425377,-0.474498372261678,-1.06186526167795,-0.122970616683624,-0.00868915744880011,4.98738238569564
-0.872827580428912,0.0366548927114039,0.0950745357232741,-1.8799937525709,-2.05891890843871,0.367443872197475,-27.6251459307257,0.612365378995491,-1.12568008338724,-0.122490809502323,-0.0142661331275515,5.02581938019454
-0.873572549271294,0.0372144502744263,0.0954598770792427,-1.87991048450852,-2.05887868878115,0.366539611698001,-28.7854961197377,0.369237130965757,-1.1757616345335,-0.123525140751402,-0.00949144262259372,4.98268302932205
-0.874210675103252,0.0376396640465906,0.0957583661523843,-1.87986399700116,-2.05894088545284,0.365718330772902,-27.7250086376462,-0.522164429097757,-1.07051152036811,-0.120945775676166,-0.00918908072075025,5.02689216203661
-0.874770957698411,0.0379484904258351,0.0959835594065682,-1.87984527247776,-2.05908204767707,0.364970545464347,-28.4965369518304,-0.2175125636968,-1.01804909046137,-0.121652513255277,-0.00866748579694604,5.02329045304779
-0.875276987217805,0.0381527834348638,0.096143400276097,-1.87985101234358,-2.05928870190788,0.364294947069942,-28.5733709162847,0.367247949054217,-1.04957949306825,-0.124840091048505,-0.0098575187408162,5.02427066978254
-0.87575687617365,0.0382965374002353,0.0962699301175384,-1.87985574040147,-2.05954050428433,0.363682512837148,-27.8363035068633,-0.104359525935024,-0.97377616543983,-0.12342067552473,-0.00885774780478726,5.05856250012487
-0.876227650709508,0.0384079629646497,0.0963821933554329,-1.87984765420506,-2.05982445199018,0.363124604404788,-29.1083513599723,0.191135135053173,-1.09131954356329,-0.121195709654795,-0.00738824053211268,5.03524312777722
-0.876706300332359,0.0385316768016928,0.0965114261862221,-1.87980475577263,-2.06012360503664,0.362605679970818,-27.9595978248597,0.0159396110930174,-1.07854896349096,-0.118082044426482,-0.00935166078161498,5.08507700949107
-0.877200759237456,0.0387024091178052,0.0966804522268498,-1.87971267694545,-2.06042543703354,0.36210931091244,-28.652201227566,-0.332818674537066,-1.08084764594523,-0.119769041647114,-0.0114384393905047,5.06582514932216
-0.877707153816269,0.0389328907945004,0.0968936215521941,-1.87957201776371,-2.06072938754678,0.361624912304789,-28.7540415294584,0.324308257272605,-1.00345845211834,-0.123298525578889,-0.00846469473329992,5.077094568287
-0.878215969956862,0.0392449280603486,0.0971621172989102,-1.87937891804183,-2.06103080551995,0.361132311504691,-28.1907504865327,-0.099786768632157,-1.01838396003305,-0.119722381144836,-0.00746506910214989,5.11452918364261
-0.878714267391725,0.0396456676708148,0.0974864703672726,-1.87913987164181,-2.06132431185462,0.36061024144555,-29.3939690525994,-0.203634788982527,-1.15402518997612,-0.121923800450614,-0.00782303506963944,5.09305654253507
-0.879185130554715,0.0401242898783085,0.0978532251476572,-1.8788707032845,-2.06161540824578,0.36004876979114,-28.5146710421598,-0.748262770866631,-1.17290689997407,-0.120227441248161,-0.0119245539180636,5.14501216118343
-0.879615486802203,0.0406578615124289,0.0982407073535623,-1.87859431815929,-2.06190758729663,0.359439295144883,-29.1216252654117,-0.134694428066723,-1.10470908208592,-0.123754961224529,-0.00736443280887866,5.13720745323661
-0.879995759956202,0.0412161840061298,0.0986229606442768,-1.87833696937738,-2.06220704468605,0.358779594538973,-29.1645074820453,-0.380219923786399,-1.18184698120567,-0.124590742982423,-0.00542805850059325,5.14698218721424
-0.880322190723707,0.0417628696939261,0.0989696082231197,-1.87812568858074,-2.06251955421824,0.358074067878594,-28.4922883507815,-0.323055152150573,-1.20180924742598,-0.120529356368194,-0.0110064525239505,5.18324128779523
-0.880602712635812,0.0422680262761208,0.099256804602833,-1.87798000549922,-2.06284600512566,0.357329223227848,-29.6614087718438,0.675313493927661,-1.09623775661018,-0.124524422378538,-0.00798290931101547,5.15274400652291
-0.880849817348708,0.0426912469768581,0.0994527047804582,-1.87792344720948,-2.06319410815051,0.356563690920661,-28.7265691959404,0.188988394298121,-1.04663784316455,-0.125115218406133,-0.00898106333990167,5.19759507756841
-0.881087334114977,0.0430033158703225,0.0995365766377427,-1.87797008172297,-2.06356441776964,0.35579630207425,-29.3454024726285,-0.520050426323223,-1.09252744029379,-0.122991097101463,-0.00728977108905354,5.18740237919229
-0.881347972550034,0.043196505039127,0.0995045008377911,-1.87811586721477,-2.06395221384605,0.355044842437301,-29.5883765432166,-0.457901040844945,-1.06477150477869,-0.12380334800675,-0.00848777276429397,5.19330787435734
-0.881662321691886,0.043271489500798,0.0993593038059575,-1.87835112194584,-2.06435406816581,0.354327316377465,-28.8226682802758,0.118620930927364,-1.15756623721006,-0.120152604928376,-0.00990790294570598,5.22629847501513
-0.882069088251794,0.0432497517520272,0.099122883590414,-1.87865262316044,-2.06475696713533,0.353655378227672,-29.9756938942296,-0.00747888551518372,-0.998342087199717,-0.124034413661576,-0.0099277210635948,5.20179763599652
-0.882599852128596,0.0431651060147509,0.0988255831709145,-1.87898837407631,-2.06514607779468,0.353032450730915,-28.9303165834556,-0.47682114778604,-0.973103626834416,-0.12187771242713,-0.0113383316232252,5.25290670063974
-0.883276306637367,0.0430608043536882,0.0985057887247632,-1.87932256992615,-2.06550833831899,0.352458484397316,-29.5706721323081,0.709629619358793,-1.02571695711708,-0.123981049676099,-0.00718200934704805,5.23439478532841
-0.884115981798608,0.042984316256776,0.0982071135405526,-1.87962026670001,-2.06582451731632,0.351922854982829,-29.7919336769315,-0.229790222338124,-1.17474366183831,-0.127935089539862,-0.00698537922844228,5.24114281118076
-0.885121163449544,0.042991705502974,0.0979793213282626,-1.87984119217523,-2.06607953486581,0.351410407301169,-29.0512624232622,-0.392511124260864,-0.929754194582415,-0.124500040070415,-0.00785653859672802,5.28038351159113
-0.886285270249315,0.0431321095568293,0.0978668777288944,-1.87995239870809,-2.06625948774619,0.35090074460158,-30.3055656796171,0.150555361977695,-1.07722240542265,-0.12446517531645,-0.00632949065812016,5.24905690991462
-0.887586006263156,0.0434345470353676,0.0978973679226577,-1.87993594274968,-2.06635835160105,0.350374147352467,-29.318760340239,0.248312532311502,-1.09788324051618,-0.124158590795079,-0.0103928661775563,5.29448459751695
-0.888996565529149,0.043918074486136,0.0980908401894439,-1.87978178417484,-2.06637339017508,0.349811523521248,-30.0043414863317,0.843573810878297,-1.06128066521683,-0.127449275205592,-0.00669442738984666,5.27860778051344
-0.890476382131358,0.0445718890845193,0.098442417586158,-1.87950059790935,-2.06631451181265,0.349199975086304,-29.9473167616685,-0.190880785500667,-1.01898353836356,-0.127442430937108,-0.00526201540093357,5.29116762529738
-0.891982677533241,0.0453662688244858,0.0989322066468425,-1.87911479969111,-2.06619717114716,0.348532402824789,-29.3880580440479,-0.426801144247975,-1.09306498847766,-0.123474021029282,-0.00840292551755201,5.32413984621201
-0.893478776121407,0.0462564123050306,0.0995286024913709,-1.87865469979781,-2.06603945421931,0.347809614576824,-30.4643329170536,-0.287399441309844,-1.13073233645599,-0.127926965052459,-0.00426481956723118,5.29618168485314
-0.894922041530867,0.047176287311796,0.100183353227847,-1.8781653180613,-2.06586832262706,0.347038710972244,-29.5147360521104,0.0828967416871365,-1.07361291963994,-0.126537975024267,-0.00961008100267746,5.34812525171803
-0.896280027167573,0.0480567685842281,0.100845163163033,-1.87769269207026,-2.06570581733539,0.346227232738752,-30.1824911095332,0.0812808649347971,-1.20760897002214,-0.129962668661047,-0.00692676428239125,5.34499207554121
-0.89752713394906,0.0488174708278297,0.101453878694428,-1.87728783803586,-2.06558069477826,0.345395802974235,-30.5224097391241,0.429612411167,-1.14814951835882,-0.129714522128053,-0.00626656597045089,5.35586138741459
-0.898643010115975,0.0493890420207421,0.101958930000759,-1.87699415351402,-2.06551673756689,0.344562314675301,-29.7304814650537,0.002697173978504,-1.0190910777913,-0.129588741617199,-0.00839200319896527,5.39396606028295
-0.899623880473977,0.0497265096395125,0.102329686939189,-1.87683879241156,-2.06552583666481,0.343740625974899,-30.9087601925031,-0.608060125290876,-1.16857852269044,-0.128596404712955,-0.00514712025665626,5.3601912665166
-0.900467253875124,0.049798528852266,0.102544670613195,-1.87683946952433,-2.06561795633649,0.34294390446176,-29.8133735748486,0.316976856952806,-1.17565045163272,-0.127305424682288,-0.00790358658068585,5.40570959358658
-0.901175391292774,0.0495905478815928,0.102595206648654,-1.87700346797804,-2.06580086341774,0.342185756232907,-30.4887115118983,0.10011836159606,-1.08709183209737,-0.126515760276678,-0.00771868359016431,5.39135369237148
-0.901759412612072,0.0491254721326086,0.102500897186532,-1.87731211936159,-2.06607266364754,0.341473679858518,-30.6663423253395,-0.427503264567804,-1.13285661231365,-0.128007622742341,-0.00709846147046855,5.39600174580314
-0.902228213122574,0.0484305868696318,0.102283369856529,-1.87774543252462,-2.06643461007709,0.340818685914325,-30.029137830845,0.0879985745089016,-1.1608340923772,-0.125822798820144,-0.00787139712914287,5.43937347586101
-0.90259661978349,0.0475620415820739,0.101985425138724,-1.87826467134281,-2.06687873486243,0.340224615092378,-31.2519432244686,0.0848417622414672,-1.21161950089765,-0.129814989576347,-0.0048008190738863,5.41218636307631
-0.9028817537104,0.0465858004668505,0.101655491303327,-1.87882578939514,-2.06739403956343,0.339693268299646,-30.203071060509,-0.526707125645316,-1.30298936186671,-0.127516800472253,-0.00911845920101823,5.46066892963462
-0.903098586364082,0.0455633116385243,0.101335474569877,-1.87938971546534,-2.06796911117015,0.339222259868888,-30.7859375443758,0.222295542331949,-1.11216695076021,-0.133022085418026,-0.00728953993689907,5.44596054038334
-0.903260647210462,0.0445595175176354,0.10106772700959,-1.87991604136819,-2.06859151690565,0.338806578844587,-31.0125330166341,0.382444768426694,-1.14382917490178,-0.131071958801078,-0.00501654534871193,5.45252875412308
-0.90338903229461,0.0436265687991071,0.100883603710315,-1.880374458386,-2.06924535023907,0.338441290435792,-30.4219890944638,0.365195001239954,-1.06002490592985,-0.129651988076611,-0.00937558019708779,5.49000520563034
-0.903500151106053,0.0428207510518828,0.100816237496064,-1.88073465337407,-2.06991077374361,0.338110815141373,-31.476848069214,-0.156765505046224,-1.22430332933553,-0.13192439890125,-0.0058565919444763,5.45749288723042
-0.903612346515684,0.0421711218293801,0.100876399303364,-1.88098559186924,-2.07056850703555,0.337800122307044,-30.5666743479471,-0.439750457858963,-1.15776751918031,-0.132594075822671,-0.00497395034160969,5.51228980263961
-0.903747391084877,0.041702854379567,0.101073246413574,-1.88112122682687,-2.07119037421135,0.337483834875739,-30.9453722469171,-0.250661563921994,-1.11645095538375,-0.13325364060004,-0.00453780668443932,5.50718731038574
-0.903932226629987,0.0414403073094967,0.101417550540545,-1.88113819053837,-2.07174007729937,0.337127813438225,-31.2660817580343,0.109781483153256,-1.14488470252678,-0.131854511362995,-0.00805571944368921,5.52078106814092
-0.90419301994085,0.0413781982582719,0.101898658414904,-1.88105227233805,-2.07218526861924,0.336703207334488,-30.5486583076582,-0.24299398177186,-1.14991389434999,-0.132934537798439,-0.00696782216245401,5.55962547193258
-0.904544046657515,0.0415032948493064,0.102499377249372,-1.8808844380882,-2.07250330784098,0.336184329141649,-31.9418542008089,-0.381102479489982,-1.28095223452203,-0.132811148515808,-0.00740594222811647,5.5309664579789
-0.905003069013844,0.0418057767568865,0.103208437804066,-1.8806530965525,-2.07266482442016,0.335538191507681,-30.8345557217895,-0.739782754995986,-1.08687427185473,-0.133619577665829,-0.00651082884093934,5.5873371345617
-0.905581338772241,0.0422635720167683,0.10400686829907,-1.88038130639809,-2.07265231720077,0.334744270809413,-31.4044526327598,0.0851566939513759,-0.90319362703363,-0.132622182828285,-0.00674372888145625,5.5772207997464
-0.906281661280745,0.0428424460415311,0.10486720439114,-1.88009711958123,-2.07246187218649,0.333793906029681,-31.5979377517498,0.167623623255622,-1.04495684013247,-0.133246409816497,-0.00542937159255152,5.57532520297475
-0.907098173631148,0.0435114193435506,0.105764930505856,-1.87982211888907,-2.07210035702142,0.332688688213882,-30.8863905349134,-0.536826107833349,-1.1028267176921,-0.131565261395362,-0.00503973956480497,5.61412408122177
-0.908017560170395,0.0442298392562783,0.106668080759868,-1.8795812834376,-2.07159046436613,0.331444633361659,-32.1440416038511,0.462652826532121,-1.10352315325096,-0.129944530997576,-0.00492116622134997,5.58470385615084
-0.909017935369019,0.0449587623666279,0.107543326072901,-1.87939315489921,-2.07096563277223,0.330086074687803,-31.0270869900439,0.445788116597896,-1.12571718698328,-0.1302087603392,-0.00590421406864894,5.63587859038131
-0.910075403897529,0.0456597676146782,0.108357709025791,-1.8792725931041,-2.07027031620107,0.328651842581363,-31.7430834867567,0.112512187881066,-1.07983938313427,-0.131858194032901,-0.00490610275793435,5.6189233208171
-0.911161729544279,0.0462888644698189,0.109072073169731,-1.87923581546053,-2.06955822738739,0.327189446700185,-31.8639415797555,0.328702302331976,-1.26698419368401,-0.133605449289082,-0.0022324061944175,5.62768177429063
-0.912244421742636,0.0468159383272795,0.109654238448993,-1.8792861575389,-2.06889345343574,0.32575424592159,-31.1184876952017,-0.488349630126322,-1.18590217197888,-0.13385661283459,-0.0063048438529586,5.66448438053048
-0.913298894072561,0.0472236374341435,0.110081335292898,-1.87941977073242,-2.06832928157501,0.324394841349648,-32.2561829005603,-0.00889727969206433,-1.14278971953806,-0.13633972842759,-0.00424557275787646,5.63506195982681
-0.914299460396834,0.0474944848142567,0.110327215978233,-1.87963212470429,-2.06792294392745,0.32316199149259,-31.2916774017706,0.137804414086531,-1.18127105913243,-0.135791902545133,-0.00427922436925254,5.68212668196173
-0.915234550224662,0.0476394391989441,0.110389698677777,-1.87990281417842,-2.06771036909482,0.322089522492561,-31.9812537262392,0.208995292514373,-1.24835197386182,-0.136239682462336,-0.00313557902452594,5.67468957344289
-0.916096175605386,0.0476581475625775,0.110258336182492,-1.88022204083131,-2.06772388440727,0.32120869482976,-32.0453350619311,0.0991951415533094,-1.16789273446747,-0.134778307756898,-0.00428426307718816,5.68960358573418
-0.916889731218809,0.0475818922400251,0.10994932096579,-1.88056265278681,-2.06796821300814,0.320526292755314,-31.5729871538725,-0.277729639150721,-1.15163193548503,-0.13615552999126,-0.00767823052077615,5.72118335463121
-0.917623541876867,0.0474330867441157,0.109474194215822,-1.880908326056,-2.06843864965958,0.320039316446454,-32.53995196287,-0.545356902526692,-1.19588794143411,-0.138482810727649,-0.00490050195411174,5.69253405676478
-0.918317178912184,0.0472490545208384,0.108860876210041,-1.8812363097851,-2.069112079326,0.319731077980565,-31.6731554891818,0.714895633002925,-1.25366879100983,-0.132130128369553,-0.00420438469721912,5.74322291234427
-0.918990009722873,0.0470484814287015,0.108127283586719,-1.88154073308496,-2.06995865016068,0.319578341034997,-32.3190972214866,0.318799761878381,-1.16463121185305,-0.136169655304844,-0.00627866804013311,5.73509146592446
-0.919662622141934,0.0468545251625123,0.107298171212609,-1.88181551929644,-2.07093510639402,0.319543640859007,-32.48981436272,-0.25627104217665,-1.15553451634079,-0.139754319349699,-0.00361460103961447,5.74513165648772
-0.920354359134768,0.0466869818906304,0.10640053395405,-1.8820594649034,-2.07199274785484,0.319584336223373,-31.9053725201636,0.229064748885321,-1.06563892160997,-0.137528801421,-0.00335817107975434,5.79076712743185
-0.92108595178783,0.0465516185142292,0.105455348385523,-1.88228272752931,-2.07307974038926,0.319656022563086,-32.9155335358654,0.0206455013524192,-1.23267561468606,-0.139090221917328,-0.00292305628259071,5.76148495186328
-0.921875103797369,0.0464537587535805,0.10448630672871,-1.88249592591971,-2.07414374076177,0.319714684177991,-32.1055590194911,-0.122642089190322,-1.17967806524882,-0.137648621091066,-0.00228037626526129,5.80714260315293
-0.922728036028764,0.0463990761747066,0.103518067582857,-1.88270869167896,-2.07513941797108,0.319716231063622,-32.6015075807705,0.412494791789186,-1.11677679095112,-0.137344093547984,-0.00379133948315524,5.79813200669279
-0.923651499041636,0.0463938377118733,0.102577036656142,-1.88292905630759,-2.07602412878846,0.319622438218595,-33.0197038018273,-0.194018321147951,-1.19970173695378,-0.135108976337824,-0.0026034764952742,5.79971933027281
-0.924644724483367,0.0464520781454301,0.101695106602683,-1.88315585619705,-2.07676662238217,0.319403759404393,-32.2198687850166,-0.258189197831825,-1.28278680816828,-0.133884094194757,-0.00482119619114341,5.84435764698627
-0.92570222540953,0.0465953126851062,0.100908104920617,-1.88337960994726,-2.07734277038473,0.319034964432618,-33.4327072503712,0.0230147103434319,-1.12567222637517,-0.137277471605975,-0.00311829936708125,5.81489243768937
-0.926810734073148,0.0468493959849923,0.100251156925918,-1.8835833602427,-2.07774460833848,0.318504896525435,-32.4196968921221,0.0817338622343868,-1.16364041688277,-0.137168827117879,-0.00192551415230835,5.86141986406869
-0.927960529512649,0.0472538765568071,0.0997690513304531,-1.88373668842969,-2.07796469808664,0.317804405269228,-32.9967210419734,0.414747055611087,-1.27528061374628,-0.137888283902475,-0.00462004585878134,5.8525075390744
-0.92913379316977,0.0478415099630407,0.0994960500764847,-1.88380883441582,-2.07801453277183,0.316940748862854,-33.2205928116676,-0.264078470653203,-1.19367115630476,-0.1366941002134,-0.0042362739839843,5.8656088035096
-0.930310962843759,0.0486512248024429,0.0994675417829862,-1.88376181729195,-2.07791198718361,0.315925781735308,-32.5208507251593,-0.143815640296907,-1.1212952728296,-0.137676354575063,-0.00132193784973605,5.90083831125855
-0.931473392321577,0.0497033979980355,0.0997011938049149,-1.88356525860317,-2.07768351957254,0.314782120686293,-33.7956671451182,0.0574310126071396,-1.08609306411739,-0.140504172809792,-0.00253504516427538,5.87203656152459
-0.932597457755777,0.0510032099937163,0.100199465733302,-1.88319632589776,-2.07736882304765,0.313544487889025,-32.7136296663962,-0.309806799531998,-1.19288243445536,-0.137754203806075,-0.00298111082951213,5.92633434569873
-0.933663212997402,0.0525452434504636,0.100955593623567,-1.88264087458523,-2.07700430522207,0.312244363276633,-33.1909279384466,0.041748996750357,-1.23170972873899,-0.14116746885374,-0.00113472222367306,5.91466549171384
-0.934652071024884,0.0542816435604241,0.10192806666253,-1.88191356385605,-2.07663523338493,0.310925525871178,-33.569656459217,-0.283985358216796,-1.24037897474446,-0.142248113459048,-0.00362332753625177,5.91833642476077
-0.93554752240216,0.0561508219496787,0.103063326171075,-1.88103944891284,-2.07630564004921,0.309628758068981,-32.821258139821,0.342007127756688,-1.26775055915917,-0.139390326648412,-0.00177366049172706,5.9680612604021
-0.936335851127597,0.0580799006859056,0.104298153388692,-1.88005400941281,-2.07605822991789,0.308394806277773,-33.8886537811311,-0.111084487242124,-1.21735368450362,-0.139777836315276,-0.00101897759091701,5.93829829757692
-0.937006384084687,0.0599633706783447,0.105545033984427,-1.87902070411443,-2.07593247615093,0.307262185287677,-32.9304023896254,-0.85205034652904,-1.2434589999294,-0.140307626738625,-0.00607620311307822,5.97445124924276
-0.937554382886269,0.0616878981146787,0.106711574933319,-1.87801289978226,-2.07596181320042,0.30626629462553,-33.6116884873106,-0.228400045638864,-1.23031187306444,-0.144283309006011,-0.00326867047877466,5.96073940985512
-0.937986650592578,0.0631633495459543,0.107724729269187,-1.87709319566214,-2.07616137508816,0.305426549555795,-33.8330711904518,-0.314815351645393,-1.17631817946685,-0.14391859537694,-0.00307526272149666,5.9757444716732
-0.938306614906931,0.0642868098086407,0.108501818969875,-1.87633659459811,-2.0765519244799,0.304766954696308,-33.0550426174745,0.408812616942896,-1.14347662217182,-0.140411546408908,-0.00505612803916516,6.01640708266567
-0.938531498571954,0.0650040294621963,0.10899936133371,-1.87578994066878,-2.07712645928948,0.304285645398549,-34.150602804581,-0.694209179490144,-1.12524676924011,-0.144363921145662,-0.00083558386208088,5.9879773412859
-0.938682567449535,0.0652811246331222,0.109192825597471,-1.87548933427553,-2.07787137911067,0.303978413985892,-33.3116545202457,-0.0979794474144455,-1.26553026071082,-0.138323974509354,-0.00124822433270766,6.03300517932417
-0.938783370504397,0.0651100115257037,0.109077675528646,-1.87545422872888,-2.07876510072002,0.303832584293851,-33.8560775688608,-0.0447833029618323,-1.16766956155013,-0.141724110695319,-0.00100361085428952,6.02226214239576
-0.93886054521459,0.0645346381327379,0.108690441471477,-1.87567141751364,-2.0797638939191,0.303810094372002,-34.0414838534205,-0.57809727889753,-1.15104880834699,-0.140740266822772,0.000126178413413391,6.03268093768628
-0.938942954760467,0.0636186529638838,0.108083277906279,-1.87611153629491,-2.08082745192205,0.303879274274641,-33.3749648700882,-0.732759172880151,-1.16846322118184,-0.140832198244139,-0.00324355456430897,6.0774318057482
-0.939059107417497,0.062461945939063,0.107336915396457,-1.87672025447627,-2.08190108966356,0.3039928000206,-34.6926046943286,0.296725197550813,-1.27286338795975,-0.145825034975094,0.0016326099873486,6.04540003358616
-0.939235325337859,0.0611826061676108,0.106544701503956,-1.87742690307184,-2.08293207829939,0.30410374559878,-33.641004286201,0.131655360413106,-1.19854093343514,-0.142617909594567,-0.00153244073388759,6.10879742624693
-0.93949337176582,0.059903803298349,0.105803650759807,-1.87815465823826,-2.0838704000755,0.304166250204338,-34.395157104819,0.0355741174107607,-1.16978329552038,-0.141686060647347,0.000998732840648386,6.09341441724437
-0.93985620599634,0.0587549344849112,0.105215069982515,-1.87882062133226,-2.08466163022812,0.304129173878549,-34.4448547762125,0.0133978115272839,-1.27706072867664,-0.142004565278306,0.00234419761146892,6.08952954801733
-0.940343144050555,0.0578467285841988,0.104865098939661,-1.87935132670443,-2.08525713566197,0.303946552263888,-33.634326208246,0.24807097908797,-1.33936336706117,-0.140349072372424,0.000209615309398337,6.12679392977962
-0.940962324131767,0.057256689207696,0.104810612489225,-1.87969238108182,-2.08563357269572,0.303594267391608,-34.9783261074385,0.407311733927827,-1.22223816297893,-0.140651964411159,-0.00294836380244823,6.09731946135163
-0.941721371491433,0.0570416034753514,0.1050913321323,-1.87980359814632,-2.08576833396516,0.303047047642576,-33.8578523337551,-0.0124909605412995,-1.28990857423415,-0.142569813211624,-0.00152314092994554,6.14611295011465
-0.942618433232559,0.057222450661726,0.105717134799932,-1.87966774898296,-2.08565763055159,0.302295738380529,-34.5447751943078,0.450683960463039,-1.3963413709121,-0.145030815730791,0.000349932943289111,6.12960886825281
-0.943651895673353,0.0577882893827351,0.106672088811077,-1.87928741765353,-2.08531073538794,0.301346046080697,-34.5981377382772,0.410790150971252,-1.265190315121,-0.149272547931368,0.000833904738857694,6.14403131832483
-0.944807114314317,0.058672992406704,0.107894367768102,-1.87870202190872,-2.08476438542088,0.300229755758136,-34.0911929900714,-0.00168494295121491,-1.1297855071619,-0.144282788032375,0.000403860406907486,6.16772016300743
-0.946066512623438,0.0597886044499205,0.109305154618858,-1.87796771465937,-2.08406367362458,0.298985597617143,-35.0761236212338,-0.385569655943982,-1.29223166693407,-0.14703927865795,-0.00126760431380829,6.1353799227827
-0.947407896655686,0.0610343926241779,0.110813899183337,-1.87714858093486,-2.08326309930932,0.297659995679756,-34.1239366600613,0.182646448879268,-1.30397294994896,-0.145822686231613,-0.00198974531161228,6.18954542792832
-0.948802963182177,0.062288069849151,0.112312859969947,-1.87632425753275,-2.0824312547792,0.296314962645651,-34.9694357714748,0.141365282465358,-1.22361959548508,-0.147124547081156,-0.000887354008123009,6.1871718716571
-0.950223400579648,0.0634286301796063,0.113696253674769,-1.87557548013973,-2.08163356404796,0.295009717114532,-35.0240233986982,0.367752399757592,-1.22235294500052,-0.14929943545538,0.00206426483112965,6.20177305454902
-0.951634613880215,0.0643499902261304,0.114868671088983,-1.87497241302905,-2.08093859078534,0.293803363218969,-34.2240111417001,0.110801524439694,-1.2196466344804,-0.148561409883194,0.000647190755674043,6.23114163894327
-0.953011009903674,0.0649760662820444,0.115761542645747,-1.87456661386883,-2.08039828074443,0.29274293248281,-35.517463430532,-0.190216340118468,-1.3151848886539,-0.148606885212248,0.00392254645908607,6.19607695763109
-0.954327302524719,0.0652560403235043,0.116326759259006,-1.87439202584067,-2.08005555790916,0.291864864345997,-34.4668733223422,-0.372416046021272,-1.31707902381899,-0.145815301716146,-0.000198605929983775,6.24409901587169
-0.955561267905284,0.0651732438666652,0.116545458680071,-1.87446129418607,-2.07993440740771,0.291185847950626,-35.072169543182,-0.328698366206709,-1.19305010697431,-0.145403876664046,-0.00267894189110618,6.22522877882927
-0.956695070223027,0.0647350425640383,0.116420774265702,-1.87476959972432,-2.08004881313796,0.290715229758799,-35.1505905620125,-0.277589894403945,-1.27013391231429,-0.143832125863561,-0.000918930048845745,6.2380893244755
-0.957723794243804,0.063997714583067,0.115998463315413,-1.87527903316198,-2.08038245649673,0.290434508473053,-34.7175644000978,-0.427055257424854,-1.32138759623342,-0.14229946509693,0.0016953942834268,6.27255342833893
-0.958646575077708,0.0630213547715517,0.115330719989499,-1.87594996372219,-2.08090966037222,0.290316617046371,-35.6074826196688,-0.422487787085856,-1.34141349783656,-0.146200198468077,0.00166444895827528,6.26155767668189
-0.959471397936696,0.0618969153739481,0.114497929982971,-1.87672059950866,-2.0815911768214,0.290324754295125,-34.9226809007367,-0.140690595482511,-1.43969142128122,-0.145053862751294,0.00186751081672176,6.3045127454764
-0.960207669154333,0.0607075531468642,0.113576789651342,-1.87753342510618,-2.08238305796448,0.290417019979026,-35.4621318694319,-0.49874742822999,-1.24199688989731,-0.148693898695736,0.00263709472590773,6.29987069564798
-0.960866185802834,0.0595285796711345,0.112639474029491,-1.87833572518034,-2.0832410431378,0.290551987372828,-35.4176989397586,-0.415020827405669,-1.28640731362296,-0.148100377295932,0.00230432718903528,6.31430857597199
-0.961462799270562,0.0584361313109198,0.111760756236293,-1.87907367554814,-2.08411806303703,0.290687718104122,-34.9373580515988,-0.0942056281548957,-1.21441297343648,-0.144367568872128,-0.00124409492661703,6.3597301299067
-0.962019685517344,0.05748467872675,0.111000625475402,-1.87970878502783,-2.08496719516718,0.290787118035569,-36.1486941147552,-0.41368870954966,-1.2670578839016,-0.149295535554742,0.0038958678377925,6.33420174479215
-0.962549635859956,0.0566963179131452,0.110391216533093,-1.88022358712999,-2.0857611289969,0.290831225758377,-35.3530270502631,-0.173626490101697,-1.32690978864824,-0.146860130844505,0.00193001962294509,6.38936929773639
-0.963059776382627,0.0560777151560554,0.109948844036037,-1.88061117025635,-2.08648452081808,0.290809335200206,-35.8873539896264,-0.195449910934713,-1.38738285130401,-0.147682182280698,0.00350453141499468,6.38145096627159
-0.963562010798462,0.0556290190376814,0.109682739043057,-1.8808701620848,-2.08712159573495,0.290713292253253,-36.1548598680608,0.0304810818236092,-1.32117104387012,-0.148707169515549,0.000995979385208068,6.38051973983342
-0.964057780191861,0.0553257576497526,0.109577659719429,-1.88101657944525,-2.08767942446259,0.290554549332353,-35.3282075641957,-0.218648091847854,-1.34188291895489,-0.144217140284465,-0.00198584951697339,6.41981986687564
-0.964552101319532,0.0551467662339959,0.10961703682392,-1.88106520181367,-2.08815817946446,0.290336468454548,-36.7317411229628,-0.0676146170317224,-1.29311221486444,-0.143024348106658,0.00183224231064072,6.38587789941783
-0.965038817430794,0.0550505968516823,0.109761631855799,-1.88104459133999,-2.08857952302746,0.290079536465754,-35.3733450788293,-0.984341011305105,-1.16444354388295,-0.144762600978252,0.003618081841679,6.43465752052413
-0.965515949561953,0.0550116697728296,0.109981020347865,-1.8809740966455,-2.08895692407608,0.28979508690608,-36.3201262151029,-0.683598086919119,-1.3157996513313,-0.14709806396008,0.00373865356793279,6.41825182593751
-0.965980703387719,0.0550045935013266,0.110242501115951,-1.8808749854435,-2.08930333549574,0.289492477316149,-36.2458734961153,-0.309609463286961,-1.22194588565057,-0.151968753446756,0.00474433574380434,6.43117388895243
-0.96643370193395,0.0550131041198441,0.110518219802331,-1.88076280827739,-2.08962965381939,0.289178735933754,-35.6786730002258,0.522313805582371,-1.24311135506667,-0.147578726610068,0.00125899186870498,6.46467124464621
-0.966871884874867,0.0550265668197856,0.110781860018989,-1.88064842628561,-2.08994721689189,0.288858225213499,-36.8800131884269,-0.230621064832349,-1.39826921827603,-0.150606450993267,-0.000128043627525165,6.45524101274517
-0.967291015252095,0.0550346863951177,0.111006957597301,-1.88054125270795,-2.09026986311142,0.288537734397024,-36.0906554653946,-0.248588284754987,-1.24750959291308,-0.148665075306845,0.000413521226108382,6.51790268465462
-0.967690283074852,0.0550399197404303,0.111179984437228,-1.8804437147093,-2.09060443934334,0.288217441276426,-36.7875121609754,-0.366187450115376,-1.36260990474455,-0.150743675187308,0.00115920058355862,6.50398341966271
-0.968070215634229,0.0550312366463324,0.111280150853787,-1.88036711076326,-2.09095888026106,0.287903345638762,-36.7372216499113,-0.0963482090990055,-1.28692832048714,-0.156190090482177,0.00514405748071273,6.51338388514209
-0.968436152760158,0.0550111168594363,0.111301535342245,-1.88031393560118,-2.09133063469361,0.287590738787673,-36.2259641649187,-0.299179944478965,-1.31830421051504,-0.1564473123682,0.00387063745539806,6.54498177934701
-0.968788542126966,0.0549859175367899,0.111242268929417,-1.88028131572195,-2.0917252026879,0.287283273886085,-37.2068977032238,-0.482440899121912,-1.41136350935906,-0.155094715163002,0.00639589671937169,6.50294896364948
-0.969134244831889,0.054960535038548,0.111106070863259,-1.88026887528887,-2.09213771445086,0.286978262253627,-36.0174415993952,-0.462826852619628,-1.19564637068473,-0.149330988001016,0.0047073523449096,6.54265692661556
-0.969478808569459,0.0549249183875453,0.110889503411122,-1.88028727927677,-2.0925643196494,0.286675146170622,-36.7618941078782,-0.755612285249526,-1.39138865761115,-0.150519889440564,0.00417568529409118,6.54131637642523
-0.969831094470698,0.0548876174809383,0.110605813748818,-1.88033344647385,-2.09299422909054,0.286367760007412,-36.9069510002712,0.660767627005953,-1.34455272208066,-0.15008217910683,0.00418097944924367,6.56280778120283
-0.970196796894161,0.0548440820953733,0.110261778951034,-1.88041388275204,-2.0934195504942,0.286051427894839,-36.3538732597596,0.457809088780778,-1.30962672659689,-0.152437103047903,0.00299906923570065,6.60587915176046
-0.97058606592675,0.0548073316628663,0.109879056770896,-1.8805241183833,-2.09381880497667,0.285706283052776,-37.5373270730175,0.372279556766898,-1.38757351547486,-0.15967842573408,0.00396541012907092,6.58749115223666
-0.971005798007298,0.0547855338010219,0.109475499793577,-1.88066078493518,-2.09417587211342,0.285318300616892,-36.6622703507383,0.953695487861751,-1.33354418942042,-0.152752262629054,0.00608205507008291,6.62904639294841
-0.971461530716346,0.0547805794918972,0.109063871853885,-1.88082276047391,-2.0944798994282,0.284877979281501,-37.0640084199196,-0.166867070107855,-1.37601624590067,-0.155758033926343,0.00426019464399729,6.60662956452253
-0.971959118810152,0.0547981355442051,0.108659729435725,-1.88100852689425,-2.09470875990388,0.284361160267788,-37.493995493389,-0.0528789572522328,-1.41024708215028,-0.152585105661085,0.00242847960025377,6.61683448405846
-0.972502413173758,0.0548449268797668,0.108276365408623,-1.88121152385773,-2.09485249355831,0.283756577078825,-36.7922412104058,0.535194924595771,-1.40040114598932,-0.15114511227613,0.00492442570556489,6.67499969920165
-0.97309113885599,0.0549213596267979,0.107920209777585,-1.88142836297735,-2.09490641961871,0.283057345597549,-38.1659501621992,0.427681394263345,-1.31319840507976,-0.156176178082804,0.00710416357493354,6.65753319477165
-0.973724298684795,0.0550314923864761,0.107596597699602,-1.88164983077516,-2.0948736436174,0.282265377522855,-37.109200215247,-0.499202079865881,-1.29265708264325,-0.158487877866792,0.00379659165230151,6.71348879665955
-0.974394630651024,0.055167367920621,0.107300093179005,-1.88187425090155,-2.09476871712865,0.281392313308919,-37.7688490329807,-0.669878200842504,-1.39193409803673,-0.158163055961423,0.00615887646290042,6.70008340649499
-0.975099570747486,0.0553401653810148,0.107038591166992,-1.88208554221557,-2.09460273586654,0.280450524186798,-37.8005013705403,-0.304667766729835,-1.31007584604714,-0.157309458139734,0.00478786586817465,6.70029294014171
-0.975836006523339,0.0555507074532233,0.106810905696706,-1.88227416296214,-2.09439517896278,0.279463001813601,-37.1498897214205,0.240676324079459,-1.33474108034258,-0.154919764687993,0.000583218217908965,6.73249800490303
-0.976599519878835,0.0557988057879584,0.106614685525262,-1.88243142432479,-2.09416813793684,0.278456587032336,-38.1842821078099,-0.632950003540145,-1.18647033632396,-0.155549559327202,0.00265512890361475,6.70002642788243
-0.977389190439523,0.0560882947078802,0.106450725499654,-1.8825464059084,-2.0939446137417,0.277461997806748,-37.2833370764519,-0.374191434628074,-1.27967303464945,-0.157773339165546,0.00206309481083661,6.75564769765478
-0.978202926797574,0.0564255842750647,0.106322794241408,-1.88260916239733,-2.09374276548911,0.276502612506022,-37.8986791669236,-0.72247319298117,-1.26269150628173,-0.15974456043196,0.00552861900705448,6.752162355647
-0.979041634017901,0.056819917848717,0.106239463412731,-1.88260960178287,-2.09357306566585,0.275595371142738,-38.2301539195361,0.306815198528284,-1.34715257249582,-0.163699291899088,0.00638903998875479,6.75718052901629
-0.979910139059224,0.0572821010916567,0.106210757273786,-1.88253813925806,-2.09344206556642,0.274754480254689,-37.3433923247704,-0.444141330803859,-1.26550660101705,-0.160991973288983,0.00629437815926004,6.78246828353987
-0.980803418104398,0.057798852914118,0.106229017695229,-1.88240350024488,-2.09336025754091,0.27399209208938,-38.5595835390066,-0.433840030243118,-1.31753167639974,-0.162492758572533,0.00417902556217431,6.75578491490117
-0.981722322296364,0.0583688448526125,0.106299067176146,-1.88220654642134,-2.09332603794994,0.273307693103922,-37.486034655163,0.429207096021173,-1.41481128927515,-0.157536572777594,0.00360392596146003,6.80568204796928
-0.982661573742573,0.0589869399467275,0.106422717043371,-1.88195260648328,-2.09333890428674,0.272697187920583,-38.4549710932547,-0.210217860657849,-1.56026749002453,-0.157931045765936,0.00356366218694604,6.79251799086672
-0.983611310646428,0.0596304333648465,0.106588074333049,-1.88165772276449,-2.09340293456388,0.272157933510774,-38.2580006676533,0.550082511846995,-1.4793680975888,-0.163235247182826,0.00471038212960334,6.81366756537547
-0.984555359380022,0.0602706106043716,0.10677778763594,-1.88134089744839,-2.0935268394442,0.271687870366299,-37.8430538695442,0.85139204727534,-1.4968448042747,-0.162519244923518,0.00647185226145441,6.86389467496544
-0.985474349597516,0.0608797463474087,0.106974245299323,-1.88101923898763,-2.09372236055153,0.271286701338666,-39.0864403981364,0.318442842863078,-1.54413701139603,-0.164027925688479,0.00964648338490676,6.84146692422197
-0.986351071408754,0.0614434955706482,0.107169734230653,-1.88069804192903,-2.09400024617086,0.270953650708946,-38.0999479043236,-0.314131629075291,-1.55857492232798,-0.161282482012266,0.005985717404484,6.88481789844462
-0.987169551221683,0.061933967851326,0.107345948178062,-1.88039144867573,-2.0943739264896,0.270693680472929,-38.7232959320962,-0.203885756216096,-1.53359123031072,-0.160447898131549,0.00433593386572184,6.87706384066017
-0.987911681009905,0.0623314211546973,0.107488732564494,-1.88010634812068,-2.09486222426243,0.27051800733784,-38.8593797076246,0.159143227705727,-1.36425616853427,-0.156897467770551,0.00338491003584085,6.89156815527267
-0.988561955563399,0.0626286880979539,0.107592240728032,-1.87984237689344,-2.09547577248257,0.270428526523847,-38.2149470649294,0.133543733378929,-1.33048067455425,-0.1575737705091,0.00186129320127282,6.9269761035458
-0.989118325250017,0.0628154287806435,0.107649807891785,-1.87960436208244,-2.09621430279299,0.270425421862692,-39.2650205505226,-0.230864678590478,-1.46395497554442,-0.16083017529792,0.00837683947725881,6.89983799982045
-0.989585121587696,0.0629009662312949,0.107669679030694,-1.87938480230252,-2.09707037086858,0.270504454922397,-38.4616676198488,-0.327030468132534,-1.35176274680305,-0.161495000285661,0.007525025310475,6.94454161877545
-0.989970211522072,0.0628905790828966,0.107655722653836,-1.87918222554145,-2.09803033521835,0.270655784068408,-38.8217927910488,-0.336514500813792,-1.33065319411872,-0.160307235055156,0.00765890094759802,6.93746115575744
-0.990287180163584,0.0627931597899742,0.10761465767852,-1.87899802163976,-2.09906822300761,0.270858083324189,-39.3762730254111,0.663040700899046,-1.27094790224135,-0.158486049041103,0.00469800505311946,6.95052058423424
-0.990551897128388,0.0626194649888827,0.10755345625316,-1.87883394071351,-2.10015579655308,0.271088120904406,-38.5554937639533,0.502559295008496,-1.26217627178085,-0.160225430099148,0.0052255498825447,6.99942016283834
-0.990791306704169,0.0623862135919211,0.107484263311221,-1.8786917357951,-2.10125105372578,0.271313056769827,-39.9304401254543,-0.629955600434641,-1.3927527099045,-0.162380920928043,0.00862233868512319,6.97355370114905
-0.991027387751615,0.0620989419843614,0.107410101309636,-1.87858359813723,-2.10231392192543,0.271498205245211,-38.816000106012,-0.219517960761323,-1.46736038382116,-0.161893765664468,0.00734660606918824,7.03810548429894
-0.991277767679865,0.0617693903484788,0.107336043246969,-1.87851754273545,-2.10331026291192,0.271612370562426,-39.6441356100483,0.258225327188484,-1.52880917505118,-0.164651603259094,0.0106620205507437,7.01611786198956
-0.991560941809672,0.0614104257456116,0.107266704596171,-1.87849987517835,-2.10420568055213,0.271623563497101,-39.4621202372236,-0.0941789725918625,-1.34571169818037,-0.16821017955021,0.0101942266898221,7.01474159886043
-0.99188584864576,0.0610308690738677,0.107200301688705,-1.87853711014866,-2.10498116104125,0.271511964559066,-39.0046648569019,-0.0505413914456767,-1.36252547547176,-0.160943934151516,0.00768023813791657,7.04565485931877
-0.992266864309493,0.0606568386618935,0.107149275720099,-1.87862165005495,-2.10561420280128,0.271257268679788,-40.0903842244102,0.360631455036582,-1.33002051156024,-0.158859834365091,0.00865708753753203,7.01526792177228
-0.992710698529268,0.0603094166605125,0.107121195850703,-1.8787451427094,-2.10609608674923,0.270851095615609,-39.0008314978357,-0.502003816537581,-1.34259768453359,-0.160638666327657,0.00682718507767632,7.06706170130987
-0.993215039973255,0.0600122590889711,0.107121767955409,-1.87889081397904,-2.10643338768897,0.270297557366741,-39.7120897623195,0.120945410944159,-1.59743500517737,-0.162836639206012,0.00898347336783317,7.06264055153176
-0.993777059886059,0.0597851954259454,0.10715703318025,-1.87904184913231,-2.10663681869896,0.269607726795918,-39.8438346559809,0.00524486865538165,-1.52367215775092,-0.166858773303759,0.00950210204006918,7.08039716089827
-0.994402342189411,0.0596571733861886,0.107244175097736,-1.87917229649094,-2.10671135276015,0.268792422341794,-39.3552177771669,-0.000593862639561848,-1.33212116642389,-0.165645501433814,0.00658915671939808,7.11289615704887
-0.995087220190298,0.0596428711860497,0.107388690470935,-1.87926044570128,-2.10667773214305,0.267876165233644,-40.2201185411438,0.4822131123899,-1.38187860774534,-0.166077083657479,0.00958777397930116,7.08401047179034
-0.995829704463857,0.0597463530054423,0.107591952175255,-1.87928899534656,-2.1065581548854,0.26688781378493,-39.5435163686128,-0.00652670529120769,-1.44390713541546,-0.161417803283956,0.0111265603924763,7.12851764175624
-0.996626959695372,0.0599586642350154,0.107850062429151,-1.87925029488026,-2.10637486539503,0.265856712920661,-39.9438165418101,0.136290881305513,-1.41467867763876,-0.162256626060592,0.0104643797006458,7.1258907195297
-0.997478670559301,0.0602511348113168,0.108147697168912,-1.87914911531251,-2.10615376684936,0.264818711700444,-40.195052639828,-0.24057522909925,-1.49521734870089,-0.167548924463301,0.00920591238140156,7.14713259798963
-0.998387407868778,0.0606018746390369,0.108479579658239,-1.87898675452737,-2.10591014356875,0.263800132841679,-39.5406146962895,-0.270044305170813,-1.4900022267652,-0.167083056820323,0.0104962701867734,7.19059888338859
-0.999351694383255,0.0609621237268421,0.108820549165594,-1.87878362144064,-2.10566882215213,0.262835339192514,-40.8761171707035,0.0545694506242853,-1.5884561304938,-0.172056044526623,0.0124158597051224,7.15413437862001
-1.00037277788014,0.0612890268222621,0.109152491493259,-1.87855910048847,-2.10544614819772,0.261950144468504,-39.7783681598107,0.176381510458668,-1.43181927154771,-0.164496923360942,0.0115737372245855,7.20137467012891
-1.00144928210706,0.0615356733950847,0.109454110802005,-1.87833884057947,-2.10525754093579,0.261167226900125,-40.4200221829833,-0.166656057255977,-1.49950374853449,-0.162580540999718,0.00754653530488314,7.17864017921421
-1.00257169124741,0.0616565253266739,0.109701185315001,-1.87814974254221,-2.10512320800894,0.260507425552758,-40.5520280782738,-0.411634374177765,-1.39399994525542,-0.163909862522154,0.010506248026804,7.18700645545935
-1.00372807842404,0.0616182348104246,0.109876458436356,-1.87801514250449,-2.10505632379712,0.259980063485674,-39.8349851163956,0.290949298429041,-1.44093755833151,-0.158610916282027,0.00875998567233,7.23393886679676
-1.0049077378724,0.0614057354511139,0.109974551102926,-1.87795017853091,-2.10506221687942,0.259584186938895,-40.9844854000399,-0.0308348254040993,-1.56472140337397,-0.163081871850291,0.0108741411407146,7.2194485913798
-1.0060937228912,0.061015927309656,0.109991887109381,-1.87796293346051,-2.10514625614722,0.259313613125002,-40.2633198152794,-0.113005730205259,-1.45860007190683,-0.167740780488265,0.0107293609650254,7.27066319193412
-1.00726574499806,0.0604640450966993,0.109934457601806,-1.87805209138378,-2.10530900923558,0.2591523903726,-40.5834183541851,0.289416885573928,-1.57637576197482,-0.170536172104527,0.013704301884665,7.26568993570064
-1.00840817817311,0.0597796392865444,0.10981629579977,-1.878210275161,-2.1055392151887,0.259071023345106,-41.0647464851004,0.142857598743831,-1.48864357719779,-0.169826996668582,0.00950255311285575,7.28133280677075
-1.00949835514385,0.0589965994704382,0.10964992501424,-1.87842699156943,-2.1058284815091,0.25903877441788,-40.2275937120337,-0.0968795027902161,-1.46245856639877,-0.167240362426928,0.00716829570620026,7.32937704828419
-1.01052053214941,0.0581588600504528,0.109455079830685,-1.87868627707283,-2.10616031061386,0.259019232235273,-41.6533992727744,-0.337687021263491,-1.27372458662867,-0.16845683740775,0.0103824598987684,7.30203556397692
-1.01145938701638,0.057316665997746,0.109255665562678,-1.8789679888153,-2.10651436536881,0.258972246759851,-40.688861870412,0.243528527387298,-1.40745175597854,-0.168008521365261,0.0108039892768512,7.35822117112018
-1.01230299732857,0.0565027370338562,0.109063275655434,-1.87926259553303,-2.10687113223287,0.258860141380919,-41.4008001617729,0.558252254596709,-1.49403988912906,-0.167442567929549,0.0129021363157704,7.34959945755055
-1.01304475627186,0.0557581050259817,0.108898393850913,-1.8795520744697,-2.10720880543927,0.258648690514561,-41.5839768187951,0.268216590680595,-1.37187240020342,-0.169339320860398,0.0127561982960396,7.35334193405425
-1.0136937368926,0.0551224976549189,0.108786285710515,-1.87981682690549,-2.10749824716615,0.258305200700868,-40.600106802468,-0.19414060394115,-1.52200509418674,-0.164112543456263,0.00950579581629324,7.39528831831966
-1.01426223095808,0.0546273618992643,0.108750397135662,-1.88003904928285,-2.10771381773294,0.257807279941694,-42.0766454441053,0.129506777577717,-1.47871118172128,-0.166540686069196,0.0109795778586335,7.35531031014098
-1.01477099954717,0.0542967807437442,0.108812375467133,-1.88020132052608,-2.10783388463226,0.257144376482179,-40.7474803625178,-0.820283440702724,-1.40939421337271,-0.164901435023046,0.0105731886674903,7.41069219819718
-1.01524272655867,0.0541421665986448,0.108986957472917,-1.88029109870177,-2.10784481605209,0.256317798352227,-41.6421954842837,-0.0706781556889382,-1.37818611564688,-0.164295636605761,0.0106179988747623,7.38851546780132
-1.01570235803019,0.0541571605711368,0.109278515989815,-1.88030299743515,-2.10774217322528,0.255343784769519,-41.5999811895607,0.117975857508327,-1.23999123550252,-0.166715244014565,0.0131859524729411,7.40104003348662
-1.01618404759586,0.0543528457876441,0.109707000965705,-1.88021814622894,-2.10751791102906,0.254241378403137,-41.1456758694429,-0.310327822515319,-1.5117818169181,-0.167016625554037,0.0128426588175672,7.43520719531249
-1.01670642091998,0.0546969809011877,0.11025547149035,-1.88004465869524,-2.10718794364207,0.253048216318047,-42.2232696320449,0.21441632792903,-1.5503184221414,-0.172649904387816,0.0154812232587769,7.41178305880425
-1.01728609484778,0.0551560698105682,0.110904672548522,-1.87978970662522,-2.10677396965406,0.251807629238071,-41.1350492728048,-0.0473861789462262,-1.3234743095513,-0.172509473397533,0.0133404661288802,7.46980660501055
-1.01792825948961,0.0556883879029506,0.111625317278068,-1.87946731335045,-2.1063083916126,0.250567010515584,-41.9774045943448,0.181765566236663,-1.53980489234564,-0.172870861135231,0.0117887337080609,7.45899194546434
-1.01862929499837,0.0562366245984585,0.112370914045259,-1.87910345638328,-2.10583114750907,0.249375781816915,-42.0059751047591,-0.301231056292409,-1.56173182791397,-0.173713506632518,0.0142569923157658,7.47740997266233
-1.01936650727832,0.0567306287448588,0.113079978958214,-1.87873717910702,-2.10539478984618,0.248284919308179,-41.6096159558924,0.152464025162544,-1.42519085712186,-0.171699052802993,0.0119504887095568,7.51604356301463
-1.02011137619061,0.0571107409604821,0.113695362949885,-1.87840388823927,-2.10504602953101,0.247332757856045,-42.4570007979619,0.895444259029546,-1.50974564860311,-0.177794569373584,0.0136169624110038,7.49070571126984
-1.02083064779515,0.0573277112625359,0.114164418828967,-1.87813756006799,-2.10482470634749,0.246543687639517,-41.6993501265878,-0.0234057561096961,-1.62188729105952,-0.175438749540139,0.0145540508689034,7.53688019132194
-1.02148862570602,0.0573407304465565,0.11444004416174,-1.87797043081177,-2.10476391414784,0.245931205973234,-42.2184272188304,-0.563047114974324,-1.56916387151085,-0.175443385755144,0.0154223552368716,7.53726077902956
-1.02205507268391,0.0571260371400513,0.11448887485276,-1.87792658957398,-2.10488459606043,0.245498182603803,-42.5899595869161,0.0438221233800959,-1.5599613644186,-0.171139474760407,0.0106226249992851,7.54805448356046
-1.02250592562178,0.0566962481404101,0.114306902587397,-1.87801010703095,-2.10518527825173,0.245220680666251,-41.9164002688487,-0.49807273184706,-1.49832216815491,-0.171610479897423,0.0127640721959362,7.59058892187073
-1.02283191896671,0.0560837694130694,0.113910345663648,-1.87821570278258,-2.10564430996951,0.245060657896875,-43.1935296258338,-0.156318888698934,-1.51455944527723,-0.174167331319907,0.0168663832386802,7.55923253824988
-1.02303799019887,0.0553512009099126,0.113343339866921,-1.8785164393938,-2.10622301431631,0.244969052496741,-41.9293708389868,0.574589044406366,-1.39704470754555,-0.169760550503118,0.0100961289655912,7.61018511830751
-1.02315048147446,0.0545806045872315,0.112670934731094,-1.87887186738342,-2.10686720560401,0.244892465789573,-42.6336642669629,-0.62283220362724,-1.50027459950107,-0.168150265747466,0.0124482918936344,7.5809460615706
-1.02320781086446,0.0538694927273493,0.111974187843123,-1.8792298424642,-2.10751025012251,0.244769958069774,-42.5838947413651,-0.11984904499036,-1.50991818110853,-0.1692724836143,0.0166781951658678,7.58654345493088
-1.02325377412227,0.0533032080196367,0.111329166953492,-1.87954247313959,-2.10809229772053,0.244552854414171,-42.2373252798202,-0.373208339906569,-1.45677631240193,-0.16697327832204,0.0159495611525677,7.62323424520476
-1.02334283565503,0.0529620318948094,0.11081119281705,-1.87976122841632,-2.10855430234585,0.244201394605471,-43.3060261541388,-0.357696475957709,-1.43049366420814,-0.171964185982445,0.0164483492029968,7.61318139151437
-1.0235253228602,0.052898933097298,0.110475200082017,-1.87985112172613,-2.10885329318652,0.24369346448623,-42.4906188070808,0.504171948265139,-1.53933337354562,-0.174302118919758,0.0155048685291002,7.67276007050594
-1.02384282878736,0.0531370383249516,0.110353105429475,-1.87979355561133,-2.10896648174729,0.243027364146785,-42.9621074855357,-0.215203195492904,-1.53800835515392,-0.178163744744771,0.0161836606276081,7.66717566074894
-1.02432326633779,0.0536586331310307,0.110442712093327,-1.87959328190804,-2.10889489682906,0.2422220193509,-43.2832089319099,0.260501351210223,-1.55139736719667,-0.178651343934547,0.0178097041350979,7.68194652314412
-1.02496998368039,0.0544131232225666,0.110711008189374,-1.87927383989019,-2.10866677429554,0.24131361688292,-42.4165897837794,-0.71806540694979,-1.53213017632501,-0.176518956673547,0.0125322569585947,7.722585497293
-1.02577587293091,0.0553340520313217,0.111109515994444,-1.87886803402719,-2.10832397181699,0.24034870617167,-43.7372956278595,-0.094868089594911,-1.58517277562825,-0.179752539727844,0.0138385332276142,7.69085446859905
-1.02671453387703,0.0563291076265386,0.111567184329456,-1.87842616060526,-2.10792735871668,0.239386848179476,-42.8018000988247,0.473828248244672,-1.52405088806324,-0.175870482522286,0.0140672672744628,7.74157075112677
-1.02774253861982,0.0573065910683308,0.112006821708418,-1.87799722193799,-2.10754527352066,0.238485523160693,-43.4773333437898,0.15634782674465,-1.57487178140775,-0.17380172131698,0.018123105243438,7.73426725707278
-1.02880462148252,0.058178783051968,0.112351591369251,-1.87763074219196,-2.10724639941015,0.23769300521443,-43.4801439831662,-0.523533550692946,-1.52407974004208,-0.180358244562511,0.0180441686558344,7.74430155613155
-1.02985121058397,0.0588782333942302,0.112541174678309,-1.87736629480876,-2.10708375806916,0.237044702987094,-42.9102063126013,0.0271242906076168,-1.55350163315026,-0.175780736414485,0.0165189490946673,7.77917408563965
-1.03083906980877,0.059373515741294,0.112542379393019,-1.87722123834263,-2.1070919413224,0.236557156955997,-44.1548384401186,0.868089812035578,-1.52131264848774,-0.177814818117024,0.0191730106259069,7.75561248839514
-1.03173425802296,0.0596674795753653,0.112349208960866,-1.87719288388295,-2.10728444175331,0.23622527815749,-43.1353990387906,0.128459297289965,-1.58950455492018,-0.174219064611243,0.0155125397776476,7.81539663984025
-1.03251389934703,0.0597760659821596,0.11196944444738,-1.87727331033296,-2.1076572597356,0.236031501960277,-43.7341354667963,-0.2808208200629,-1.577227330852,-0.176298331859124,0.0176069470432939,7.80598683169022
-1.03318166070901,0.0597469634924757,0.11144011944364,-1.87743645766558,-2.10817652363107,0.235936616731827,-44.1227489846474,0.146714663442708,-1.50432340478332,-0.17776154977159,0.0157733366227276,7.81628187589097
-1.0337537794671,0.0596504307628383,0.11081904544125,-1.87764075164147,-2.10879382728524,0.2358931774294,-43.3952270766636,-0.0502466772279604,-1.49815985754142,-0.175327006958527,0.0205014972962127,7.86476949689635
-1.03425710063478,0.0595571337628886,0.110167056043129,-1.87784400209099,-2.10945547086861,0.235852710378676,-44.5846269703481,0.116044778365676,-1.5897306118521,-0.178747777565853,0.0183593486743464,7.84671100382525
-1.03473042968528,0.0595207274857987,0.109536150227128,-1.87801458105979,-2.11010438901963,0.235770415959113,-43.7111449688731,0.0039547727117224,-1.48792217368458,-0.175870690096855,0.0169119513266783,7.89147622623283
-1.03522272513437,0.0595898416684051,0.108978554766326,-1.8781229107414,-2.11068164227213,0.235608324579124,-44.1213792803513,-0.214777042130436,-1.48466506594315,-0.176257188415131,0.0164933383499528,7.88642161644932
-1.03577771473601,0.05978921485233,0.108528493941466,-1.87815349641896,-2.11114167032559,0.235340772568481,-44.3554814795343,-0.328308542201057,-1.54988839218538,-0.177520835960303,0.0193811725331722,7.89598489484201
-1.03643664397438,0.0601343763055571,0.108213113276351,-1.87809453315394,-2.11144606109459,0.234949462535103,-43.7708852364661,-0.473406444257989,-1.55388911268022,-0.175905297927761,0.0191780603165538,7.93409660964866
-1.0372319232075,0.0606153034958226,0.108040790242379,-1.87794834608247,-2.11157513859461,0.234434820787665,-44.914963888445,-0.125921044784491,-1.55813394744712,-0.179451556713399,0.0196579504092139,7.89815158360991
-1.03817981910498,0.0611967047344404,0.107997445261482,-1.87773196021823,-2.11152918108441,0.233811694682469,-43.8028773505583,0.289727642722482,-1.55541132308792,-0.179476698136142,0.0179503161271525,7.94925414799869
-1.03928549166734,0.061854341239167,0.108075162098595,-1.87745373315376,-2.11131407016252,0.233095014329496,-44.6079667131822,-0.0225944185283424,-1.4725018808607,-0.178954939745537,0.0197270466799751,7.94249957531692
-1.04054384051087,0.0625557385881574,0.108256215209409,-1.87712558718705,-2.1109491272593,0.232308605573925,-44.8273511655058,-0.508345442223344,-1.51206591617103,-0.181970682615732,0.0197761642359647,7.96317636990812
-1.04193495713096,0.0632736645450471,0.108524594304497,-1.87675663217486,-2.11046187826679,0.231476363359141,-44.0910394224529,0.175257786029078,-1.73954233755191,-0.180309070575655,0.016776960580481,8.0004408919827
-1.04342691640451,0.0639873832219582,0.108864822876404,-1.87635194533515,-2.10988740528801,0.230621019627117,-45.227006723634,0.158175655932382,-1.71607911325117,-0.18217586237039,0.0195939032941134,7.97958045330792
-1.04497911196941,0.0646865319283663,0.109266023899535,-1.87591050756486,-2.10926229744443,0.229760600903246,-44.4016211414889,-0.117067765844695,-1.53365007491468,-0.181734904365495,0.0197040475377053,8.02920170836445
-1.04654691618311,0.0653620838704736,0.109716757227324,-1.87543247887235,-2.10862262616859,0.228907573921144,-45.0110235411665,-0.816138305890718,-1.68470712865897,-0.183697439754288,0.0203278155331797,8.0328499367991
-1.04808293223369,0.0660094644798672,0.11020570967575,-1.87491695928279,-2.10800615243687,0.228072142213395,-45.3983089104433,0.00888997421702697,-1.72238248678758,-0.186214135162937,0.0239288985782689,8.0421203205342
-1.0495442844326,0.0666286390770523,0.110726270818068,-1.87436224857944,-2.10744379915368,0.227257163126909,-44.5619812445047,0.13215035051212,-1.58496132157867,-0.183107165402665,0.0231771931023205,8.09370295095127
-1.05089101603235,0.0672181420664462,0.111270785332787,-1.87376851753242,-2.10696726614713,0.226469215283522,-45.9075626074091,0.422694405878246,-1.5686091187028,-0.182770352529681,0.0235000215638309,8.06179079415407
-1.05209055475018,0.0677742541105353,0.111830431655506,-1.87313995217458,-2.10660151157568,0.225710399240032,-44.7800755653819,-0.0305782782511415,-1.53143915956403,-0.17786073534709,0.0182385543221296,8.11387473506738
-1.05312091486128,0.0682847996770057,0.112391320872611,-1.87248884687138,-2.10636606359846,0.224984671290411,-45.5379330512582,0.0586877486230151,-1.5306558743917,-0.178274854029001,0.0176389723850898,8.09070851789269
-1.05396299607593,0.0687248746428608,0.112929826499475,-1.87183648927102,-2.10628126886198,0.224298891171376,-45.4445353819103,-0.83988591053344,-1.50434918114226,-0.178908262167711,0.0205161887694424,8.09516058559719
-1.05461541736994,0.0690766939805219,0.113432880775637,-1.87120209202384,-2.10635611013685,0.223661769397331,-44.8976435002941,-0.135876618476914,-1.58297378412121,-0.179598806190529,0.0214932241199506,8.13121885293236
-1.05508913316826,0.0693227902492559,0.11388902847205,-1.87060531001775,-2.10658675640728,0.223077191786014,-45.912397220099,0.220322944966028,-1.55250820236981,-0.184371063020535,0.0215124810572614,8.10146406248529
-1.05539852581124,0.0694360934189593,0.114279212029916,-1.87007361139722,-2.10696880977473,0.222551379745211,-45.1029578767539,0.19661653278331,-1.55448897311055,-0.180862626209437,0.0259529350777468,8.15676414824755
-1.05557214890531,0.0694120135610703,0.114604710134108,-1.86962031780092,-2.10748218669597,0.222084563179564,-45.6876476050135,0.442670064877802,-1.66928536761017,-0.184826375853884,0.018979636607479,8.16426744086789
-1.05564969971841,0.0692446006112704,0.114866767069166,-1.86925928773917,-2.10809763401588,0.221675201980677,-46.0973410886078,0.569162432496114,-1.63925306998468,-0.189123657443528,0.0184156216784659,8.18570159006777
-1.05566566329312,0.0689225466224865,0.115059863084319,-1.86900825903673,-2.10878834493615,0.221321729807724,-45.3466633253037,-0.162755462370342,-1.74885874041453,-0.188465613119518,0.0172961709308099,8.23128159892984
-1.05565974992348,0.0684530930605867,0.115192371143238,-1.86887159173289,-2.10951811428113,0.22101457291,-46.6728864349799,-0.136586750573315,-1.76058338582607,-0.192519910485125,0.0213747197365566,8.20050349379918
-1.05567448480192,0.067847526266565,0.115274676667656,-1.86884929813904,-2.11024614315655,0.220739517422401,-45.3713065217845,-0.0836225287087018,-1.69100902402943,-0.188010790258087,0.0225049605264192,8.2493734866381
-1.05574194347937,0.0671179679266789,0.115314859736113,-1.8689402680378,-2.110936434098,0.220478317185323,-46.0474397910889,0.313927352062592,-1.64613483526071,-0.189280231805412,0.0211518649969995,8.22606493351003
-1.05588754731395,0.0662613054435006,0.115306674337102,-1.86915003054092,-2.11156600638005,0.220223547032406,-46.0056573235274,0.0425101970886317,-1.71609897084929,-0.189700745760832,0.0217435161854118,8.23019496444155
-1.05613163322678,0.0652846384594969,0.115248598287386,-1.86947447833119,-2.11211549727703,0.219966052647374,-45.6460694983419,-0.67454152504979,-1.64895229674732,-0.187740564471632,0.0191266402980005,8.25982286858207
-1.05648744133255,0.064197450050429,0.115139646252599,-1.86990706351476,-2.11257167936625,0.219695039698473,-46.5347121092288,-0.330269459333067,-1.60479518425785,-0.187345683922988,0.0196617958101486,8.24414980633281
-1.056956348529,0.06300466397302,0.114973473573242,-1.87044140155943,-2.1129333423098,0.219405395465091,-46.0152989297327,-0.301180499589236,-1.76304321772179,-0.186921670367494,0.0187838986772725,8.30130738904856
-1.05753881266045,0.0617233747167951,0.11475299456618,-1.87106113569925,-2.11320521827987,0.219097643653463,-46.4794066961399,-0.079341114834051,-1.7210739892202,-0.191227280933053,0.019268902996706,8.31283983338708
-1.05822771550024,0.0603725537568227,0.114480914132741,-1.87174747672603,-2.11339941420425,0.218775153892837,-46.7972551506721,-0.438181636135596,-1.65445870591333,-0.188153258998177,0.0222239052476183,8.33071485174853
-1.05901603559463,0.0589830338127211,0.114170742378197,-1.87247301477111,-2.11352971399674,0.218442974207722,-46.1181441162792,0.177248516408554,-1.6532145100683,-0.188586709303143,0.0230866127974133,8.37911619110226
-1.05989585124881,0.0575910099079007,0.113841264271981,-1.87320791561951,-2.11361055844137,0.218106877936331,-47.2233090600134,-0.230413476641843,-1.54653958146108,-0.191867487556763,0.0246569946446193,8.34919405032786
-1.06085988487725,0.056250626157782,0.113526582165429,-1.87391030274427,-2.11365008208015,0.217766458905786,-46.3533919676746,-0.4659196021139,-1.62966159017682,-0.189362898686366,0.0215847703108188,8.40379033026283
-1.06190389081954,0.0550156528731396,0.113263039230277,-1.87454069325692,-2.11365428838557,0.217423711031672,-47.114510375739,0.303165380365954,-1.6610900282719,-0.1867885834367,0.0231774787967974,8.39723618472337
-1.06301951992697,0.0539401476390147,0.113086978371942,-1.8750612868436,-2.11362642038063,0.217074652063315,-47.2953850912073,0.331054646895836,-1.63116568449615,-0.18587689226348,0.0234300435495273,8.39842164775814
-1.0641917994389,0.0530731838472214,0.113031127669542,-1.87543996595266,-2.11356828518495,0.216710776701848,-46.3960534329491,-0.447285916030069,-1.54261334481015,-0.186278566349261,0.0228454176308692,8.43435476301266
-1.06541326257935,0.0524641291766486,0.11313017052151,-1.87564675616874,-2.11346881425805,0.216312795381577,-47.7222247478459,0.226669052156694,-1.5750486914279,-0.188035805213264,0.0233871937389979,8.40111690470875
-1.0666624092981,0.052126542166226,0.113389551232802,-1.87567695134977,-2.11333104702939,0.215869586278778,-46.5798801965319,-0.193219472131432,-1.59907885349756,-0.185494919476211,0.026797340286455,8.46447855902052
-1.06791785769126,0.0520639660506692,0.113806646103482,-1.87553226681796,-2.11315827538484,0.215372147000997,-47.4418124284029,0.42567843609595,-1.76012059233847,-0.186876946800365,0.0242193530094195,8.45926705754845
-1.06915046359776,0.0522592362267318,0.114361724659015,-1.87522881735293,-2.11295868688502,0.214809321992105,-47.4949769191219,0.263140494063919,-1.64206213565438,-0.193433691349763,0.0244946063385752,8.47032493155515
-1.07032587740175,0.0526532546362191,0.115001604408983,-1.87481010336101,-2.11275336853021,0.214182433039136,-46.8483611453185,0.0902279438707865,-1.78001413898176,-0.191305392438648,0.023496952728821,8.51074444467285
-1.07141213232149,0.0531758610899082,0.11566449307472,-1.87432657727447,-2.11256523099219,0.213496287341837,-48.0860594598883,-0.359576642312277,-1.90536126609277,-0.195536333990439,0.0211943401123147,8.49029307293301
-1.07238055678219,0.0537632575915534,0.11629361727355,-1.8738222099671,-2.11241993912509,0.212759987079665,-47.0701353605668,-0.667049563118098,-1.69209569861442,-0.194673290002689,0.0247787114131466,8.54359550710534
-1.07320448587969,0.0543217731998222,0.11681070014155,-1.87335870515211,-2.11235278082724,0.211997752276618,-47.7198603011465,-0.0376639466351207,-1.5616407807745,-0.192938418023309,0.0240989332228936,8.51740007512226
-1.07386933502659,0.0547707684748406,0.117149988543676,-1.87298881216745,-2.11239175782394,0.211231945211133,-47.6562237737216,0.0438828594478764,-1.75423084487608,-0.19376366885698,0.0240475680709817,8.53515683072829
-1.07437805552541,0.0550504932799942,0.117265341443888,-1.8727487859329,-2.11255581550932,0.210488910010944,-47.270934755005,0.0140652084253361,-1.67947708292564,-0.190418552207777,0.0258946295875297,8.57390902944174
-1.07473178683287,0.0551163967402815,0.117124210959922,-1.87266436422411,-2.11286318299348,0.209794046586561,-48.4557838454244,-0.296224964953581,-1.66178126158891,-0.194208356124318,0.0271243491624359,8.55016940962295
-1.07494454771789,0.0549394161212788,0.116709526016661,-1.87274911218397,-2.11332448048873,0.209174173709985,-47.575913803784,0.368353096339206,-1.71151876284731,-0.190119219291926,0.0264928654951906,8.60591634358014
-1.07504547366317,0.0545246201279745,0.116036070152486,-1.8729945957516,-2.11393261005948,0.208646755199409,-48.2645627009542,-0.156841852493244,-1.6958457668625,-0.193693608782407,0.0249160685955002,8.60952209295985
-1.07505999773426,0.0538889317714961,0.115129211949531,-1.87338470801073,-2.11467745042232,0.208225948952226,-48.3684610746639,0.183488641917847,-1.66855694445243,-0.192454421537223,0.0225339124380119,8.62600145242451
-1.07502984512033,0.0530978240382307,0.114056104885171,-1.87387191517094,-2.11552082618042,0.207904229021338,-47.8077046543294,0.0110280841709027,-1.53997878912134,-0.190870775824411,0.0252739027687405,8.66477249972855
-1.07499701789409,0.0522237625762365,0.112892582764091,-1.87440560325375,-2.11642076135915,0.20767023919379,-48.9579836662449,-0.527684095697396,-1.6384849314654,-0.191286921778075,0.0276913196993018,8.63802305899917
-1.07498782340956,0.0513362346647082,0.111709269477463,-1.87493899091062,-2.11733984673715,0.207506419032042,-47.8336330713326,-0.633405645173298,-1.65710148723016,-0.191344477153349,0.0259917657937714,8.69285512414591
-1.07502701621652,0.0505239051689799,0.110591676251592,-1.87541449385655,-2.11823292160929,0.207383176491667,-48.6535203895701,0.00324860124760562,-1.59456006564403,-0.191163669652185,0.0286515678288497,8.67240587438157
-1.07513548992261,0.0498684735884414,0.109618715523736,-1.87577817962057,-2.11905696028869,0.207268839675183,-48.7122201432793,-0.377847050483751,-1.60135915340834,-0.191665588757016,0.0290343982827417,8.67728642068091
-1.07532723213957,0.0494388390492926,0.108856181539072,-1.8759870011885,-2.11977561385446,0.207132113716669,-48.193017693031,0.20097048214302,-1.52873290828578,-0.189173907208403,0.0271264988853121,8.71665372595324
-1.07560180711961,0.0492835897703774,0.108350008774929,-1.87601246016063,-2.1203649323376,0.20694245936712,-49.2054195871323,0.432875229915453,-1.68482263967852,-0.191871558068463,0.0298244467447588,8.69971859796425
-1.07595609078539,0.0494319218026433,0.108126814221621,-1.87583707649332,-2.12081238188517,0.206679289036853,-48.4103247824727,0.25372708247005,-1.7263759554348,-0.192703763150492,0.0247156587215958,8.75530285422659
-1.07638045330288,0.0498781989326638,0.108182507788359,-1.87546709027973,-2.12111958321009,0.206332357527803,-49.0234470370301,-0.30569275788298,-1.61154683289826,-0.19641324781707,0.0273259571544599,8.75555222138409
-1.07686584884559,0.0506017828288527,0.108497130947658,-1.87491823460505,-2.12129351780686,0.205895555721703,-49.1253351695265,0.799264023014075,-1.67560246481997,-0.19789148505213,0.0272801442781624,8.77319244481849
-1.07740071914001,0.0515670591062616,0.109035666832364,-1.87421512408045,-2.1213510915143,0.205371367887736,-48.6183374553222,0.943866856111981,-1.67902308299429,-0.196503475035644,0.0273328660532713,8.81447311241995
-1.07797756402857,0.052710982061166,0.109740163303261,-1.8733990599678,-2.12131716437056,0.204775974663231,-49.7433568857488,0.722739132310835,-1.7389923719185,-0.198660153386111,0.0297654987449577,8.78679330034986
-1.07858828288314,0.0539661267069551,0.110546973518575,-1.87251387702798,-2.12121922354331,0.204128890271056,-48.7418593798164,-0.293384257085336,-1.77655173492872,-0.198196842670912,0.0250550411840741,8.84004599656614
-1.07923393607034,0.0552610925927564,0.11138975736728,-1.87160528325551,-2.12108166711973,0.20345371381893,-49.3057112485974,-0.219755007668709,-1.77709634795315,-0.194291215010807,0.0265078065028151,8.84100590143179
-1.07991861269025,0.0565336303964337,0.112208845188559,-1.8707124058311,-2.12092050938526,0.202767711330809,-49.5802956577218,0.169102670334951,-1.66797317086113,-0.197226517382977,0.0288408305691354,8.84783570612425
-1.08064344024275,0.057716156372404,0.112943589780764,-1.86987972671663,-2.12075644497494,0.202094187269359,-48.8914576537728,-0.514561649080633,-1.64283343374618,-0.194707847038582,0.0271951269760753,8.88464286230768
-1.08142313851072,0.0587743937273331,0.11356318771773,-1.86912927063488,-2.1205893858496,0.201444577146617,-50.0997212109374,0.238332602685432,-1.76836287774793,-0.198093385002696,0.0301212358222697,8.8577335192716
-1.08226303009086,0.0596758198190184,0.114039067331752,-1.8684820551671,-2.12042314238661,0.200828514010097,-48.9798927300276,-0.0180802596623835,-1.73416051085465,-0.19402929190913,0.0283379381072866,8.90699516559421
-1.08317105148767,0.0604140092726553,0.114368110590166,-1.86794486309063,-2.12024898799928,0.200242826694579,-49.6448115992732,-0.166286563237691,-1.66721592120837,-0.193462673875706,0.0294597133672659,8.89369770022399
-1.08415555468635,0.0609960227802873,0.11456240647481,-1.86751590760632,-2.12005362715953,0.199681275960837,-49.8606342432184,-0.428478468329786,-1.79205292029931,-0.197213072001005,0.0274489094265387,8.90795560452489
-1.08521490606851,0.0614300651002662,0.114635763907581,-1.86719156963293,-2.1198299417358,0.199137766737093,-49.2134491822472,-0.228060861415543,-1.74206429609802,-0.198146898799955,0.0285587549047222,8.95451689963785
-1.08634112021964,0.0617348748031628,0.11461375826454,-1.8669638919972,-2.1195707466651,0.198600848228427,-50.5934694461632,-0.486187096921185,-1.74876004790582,-0.200216609504205,0.0303386638998656,8.93709980460352
-1.08752485369068,0.0619344172910186,0.114527400631292,-1.86681905273038,-2.11927279647281,0.198062559777365,-49.7389448884723,0.207186676686888,-1.71406377383022,-0.200152420241124,0.0292428465791912,8.99265824870475
-1.08874982751788,0.0620480370880276,0.114404427372909,-1.86674672616964,-2.11893778459579,0.197513186701807,-50.3197253745739,0.151010308206878,-1.73941866250362,-0.20076471151131,0.0305410710530639,8.98385320787781
-1.08998906753139,0.0620857565581439,0.114263759742962,-1.86674098358356,-2.11858134367551,0.196951958679794,-50.4901906042905,-0.457028544492232,-1.77267305171694,-0.198781342525261,0.0308898634660574,8.99810363505686
-1.09121394743886,0.062055566249267,0.114119689196639,-1.86679494483311,-2.11822493449049,0.196383868931642,-49.7705679810872,0.0313639544019679,-1.82550262166555,-0.199983520470308,0.0281153750039514,9.03929657433296
-1.0924039760845,0.0619826486069748,0.113998910281018,-1.86688851365713,-2.11788228779118,0.195808021889305,-50.990698168463,0.17404601520343,-1.73287248945476,-0.20446770863999,0.0295728869680484,9.00764852626611
-1.09353500160287,0.0618769409310733,0.113910608417454,-1.86700904447694,-2.11757509321887,0.195229579395429,-49.9393099502924,-0.606673854872042,-1.83089759651875,-0.200212703673692,0.0302084577040556,9.06791370715093
-1.09458624421285,0.0617630501214403,0.113870736764457,-1.86713210879974,-2.11732184404889,0.194652307649718,-50.7708612545021,0.152137411399735,-1.76006885134373,-0.200841221385988,0.0323201383662859,9.07028305577063
-1.09553830081339,0.0616503327792124,0.113878471556185,-1.86724405243833,-2.11714130082399,0.194081783028601,-50.8807454004852,-0.0908851565498026,-1.82720117339161,-0.202679490019129,0.0306989638500537,9.08508989582837
-1.09638747380823,0.0615734450378724,0.113950186658915,-1.86731255395149,-2.11703526320805,0.193513737872717,-50.2039330312313,0.379998105318009,-1.71340563181991,-0.20435071705119,0.026254507516265,9.12159815016443
-1.09713924159005,0.0615611827916513,0.11409555910224,-1.86731181893671,-2.11699919953017,0.192944827119389,-51.3846992996635,-0.409504766785403,-1.81601456618034,-0.202568814233983,0.0296824539811529,9.09383542903215
-1.09780597860151,0.0616419831734376,0.114321221767802,-1.86721617353802,-2.11701975800407,0.192365950956578,-50.2889884409398,-0.705905927210551,-1.89815603013187,-0.201096088199364,0.0299834708727057,9.14452019197906
-1.09840640457553,0.0618383816899453,0.114629946832058,-1.86700606363451,-2.11707847524003,0.191768648259708,-51.1329232590039,-0.388004399984766,-1.8673413210937,-0.200588990081554,0.0352073247740542,9.13656041034516
-1.098965841715,0.0621687808908096,0.115023209281955,-1.86666822489653,-2.1171509917939,0.19114193765948,-51.2978624005355,0.35227703788064,-1.81215554711702,-0.200878737321037,0.035263693806707,9.14952708869598
-1.09950374277329,0.0626348258766054,0.115490065530502,-1.86620372707493,-2.11722001832127,0.190481448588289,-50.6636030982991,-0.296036479633131,-1.84391234522545,-0.199712100309926,0.0343927845722504,9.19459465065765
-1.10004693055478,0.0632263637031549,0.11601642901403,-1.86562427716271,-2.11726450435488,0.189784517547944,-51.7732808877012,-0.0420856799476041,-1.87499603757203,-0.20144563515951,0.0330613061020987,9.17745104167674
-1.1006139685903,0.0639117729424417,0.116574564948897,-1.86495730547405,-2.11727256298543,0.189053092292354,-50.9773168258721,-0.27124950273128,-1.75483572000945,-0.201022013048318,0.0321381267884203,9.22595117043311
-1.1012160342226,0.0646436647986786,0.117129062218954,-1.86424318181457,-2.11724399416039,0.188299659473704,-51.5589265142848,0.0175557540369482,-1.67757006653179,-0.205030835253896,0.0306095560974343,9.21974299506193
-1.10185983072817,0.0653680415339277,0.117643240967337,-1.86352785439727,-2.11718395127564,0.18753909672793,-51.781540661679,0.376524404589873,-1.71274751282692,-0.203350738579937,0.0326274639660316,9.23816777406636
-1.10254566675616,0.0660220023871769,0.118077419144575,-1.86286172236864,-2.11710797430273,0.186793047415064,-51.2221468838841,-0.119266068712705,-1.76795342588798,-0.20283647496327,0.0344635172678373,9.27723340084236
-1.10326476156748,0.0665441784541372,0.118394290861147,-1.8622940336013,-2.11703606040691,0.186081387527726,-52.1371317620309,-0.0630796795910555,-1.92579354226629,-0.206470619527458,0.0355224539649363,9.24005247249771
-1.10400602107788,0.0668902155274225,0.118571058540616,-1.86185958136421,-2.11699179039658,0.185424928916689,-51.3770768518777,-0.467999481561264,-1.868456449993,-0.207096857259904,0.0358100849378624,9.28314305467726
-1.10475858449984,0.0670273761177818,0.118594719239014,-1.86158335212889,-2.11699526579556,0.184839677488818,-52.008896494535,-0.471778095661875,-1.83535266443457,-0.204387981108029,0.0332908710499172,9.28236937880969
-1.10550787790029,0.0669286659200807,0.118456055454026,-1.8614845201815,-2.11706503727892,0.184336722715034,-52.1954835992029,0.308262692359222,-1.99030615057771,-0.206224192081955,0.0343450855071887,9.30533890855631
-1.10625290516932,0.0666076090276757,0.118176102171909,-1.86155199181606,-2.11720387551386,0.183915678801366,-51.6027715819256,-0.0956332202906651,-1.8390747798237,-0.206362415984279,0.0323655655544963,9.35192810519269
-1.10699087986709,0.0660906541930082,0.117783477942322,-1.86176475393152,-2.11740688386532,0.183566397112298,-52.9036088901661,-0.807987474329821,-1.81481259439033,-0.21000419962182,0.0347591763813074,9.32878112985164
-1.10772184036984,0.0654094474760605,0.117308296152272,-1.86209607435141,-2.11766457232672,0.183276025938025,-51.791055222865,-0.432445775497399,-1.68547451817824,-0.20964527778294,0.0313285507898766,9.38104279568567
-1.10845957700121,0.0646141116837722,0.116793915013941,-1.86250614829932,-2.11795278592302,0.18302343713483,-52.2219267530137,-0.250741719832149,-1.87740281975056,-0.208494181942411,0.0351880085517721,9.3588695847827
-1.10920799150575,0.0637480123398859,0.116273015350223,-1.86295850748352,-2.11825704306754,0.182793654301015,-52.4445890054368,-0.112315243829926,-1.77493564106393,-0.207898936075046,0.0349378885806204,9.37562694390855
-1.10997699932271,0.0628693576472568,0.115788012663721,-1.86340757269455,-2.11854996895121,0.182562313173674,-51.9584119102437,0.567723548176446,-1.7937501753299,-0.204164543114056,0.0365277541048253,9.42664960826305
-1.11078393721359,0.0620188054167112,0.115368953551121,-1.86382155511161,-2.11880445129934,0.18231147319718,-53.1009033528501,0.484760562319707,-1.93160785711842,-0.207725185045608,0.0366760756821666,9.40744485852028
-1.1116329554047,0.0612332770957611,0.115038098778992,-1.86417238831524,-2.11900485446892,0.182027744779653,-52.1923333728003,-0.0737847959298961,-1.90967571068643,-0.208557563953347,0.0362282906642798,9.45252942996056
-1.11251776646394,0.0605308462111864,0.114800063431178,-1.86444696535054,-2.11914839202378,0.181705690676916,-52.915715114937,-0.148835045277792,-1.87580743865161,-0.210428030532225,0.0353764038077236,9.43870065034325
-1.11343073622453,0.0599295099356993,0.114659901339691,-1.86463256259731,-2.1192375204344,0.181345629648108,-52.9930823140872,0.0690833432815907,-1.83124267727888,-0.211426696621926,0.0352375558048439,9.45750551331012
-1.11435995971539,0.0594380968795907,0.114615216315959,-1.86472536615499,-2.11928345997609,0.180954861630327,-52.2532002095974,-0.301240533640566,-1.90554229815271,-0.206814135029135,0.0343716701376514,9.50734409991254
-1.11528930617495,0.0590614366700137,0.114660201142991,-1.8647259402437,-2.1192997196404,0.180537589166209,-53.5588248690976,0.081533516325635,-1.92374289988388,-0.21225232303369,0.0375280035404024,9.47257557324025
-1.11620649929939,0.0588067303740942,0.114792501600029,-1.86463333367923,-2.11930069193501,0.180100753805741,-52.5146369227635,-0.240146039146566,-1.84136688057771,-0.209823384545477,0.0395644997009887,9.5249872920628
-1.11710182375818,0.0586776002279183,0.115009146906838,-1.86445015269571,-2.11929932903011,0.179650833001574,-53.1703636486728,-0.547437512331044,-1.81406825677846,-0.212230317235567,0.0373156893695087,9.52742092839583
-1.11796976273408,0.0586773676972161,0.115309039440436,-1.86417857444503,-2.11930473226104,0.179191866220992,-53.5064381774735,-0.191885752927874,-1.90711022659443,-0.212171869428076,0.0393877537794238,9.54397399203474
-1.11881141746869,0.0588218242235072,0.115703931691958,-1.86381188441766,-2.11931559301754,0.178719349844996,-52.8562986338465,0.57398127266265,-1.78003487166879,-0.207333735114416,0.0355758011196207,9.59340357931645
-1.11964073792146,0.0591234109044532,0.116207392240997,-1.86334601807844,-2.11931864758555,0.178223012023762,-54.0371808891687,0.0551937861455372,-1.88550967595532,-0.209867249829702,0.038402100960174,9.5629580846853
-1.12047467177831,0.0595876328895475,0.116829338556193,-1.86277955214394,-2.11929659611571,0.17769122209929,-52.8549106933229,0.139372096223042,-1.84669930406685,-0.20895051935923,0.0387322534949825,9.6156467857693
-1.12133044525935,0.0602028085577722,0.117569547476257,-1.86212137118231,-2.11923300486325,0.177115860467474,-53.7479066188471,-0.381766854532998,-1.7757999713829,-0.210485746335943,0.0368556662195417,9.59547569278853
-1.12223336156469,0.0609545966520511,0.118428304761289,-1.86138110429151,-2.1191021251902,0.176485334228592,-53.9230069492216,-0.799346021612109,-1.84204715755661,-0.210759427473403,0.0348582795562378,9.61565637937745
-1.12319438023251,0.0618032106616635,0.119385828773922,-1.86058477730849,-2.11889186614112,0.175796004903551,-53.2836406888196,-0.280433202074619,-1.76461723641083,-0.207723727337556,0.0383172869842043,9.66312034005613
-1.12422508685428,0.0627081629028652,0.120421372829164,-1.85975787838068,-2.11859105331813,0.175047384047993,-54.4230522184088,-0.0711706107970258,-1.75682331668108,-0.210881074022662,0.0393927417006184,9.63883099883127
-1.12531813512118,0.0636051706342577,0.12149265548203,-1.8589405856547,-2.11820672841723,0.174249420421076,-53.4674069626831,-0.519725154108301,-1.86225906552605,-0.211237695175956,0.0354989415594363,9.69205921279094
-1.12645840833918,0.0644270258028321,0.122552700420685,-1.85817673393675,-2.11775516090427,0.173417591784069,-54.1498126686795,0.294166942109769,-2.00563103283446,-0.213892263767032,0.0373485023340543,9.68527526286701
-1.12761642487646,0.0650985280497434,0.12354368205815,-1.85751543954095,-2.11726707811638,0.172573914598445,-54.1729827410049,0.144330726344378,-1.92739826903616,-0.214059806848242,0.0368702052172749,9.69721805141838
-1.12874905316916,0.0655377336739331,0.124395556030171,-1.85700845598372,-2.11679096905877,0.171751684367095,-53.5871793266254,0.198680315912725,-1.84952384051007,-0.211399748698354,0.0388124029684584,9.74186941857504
-1.12980977806539,0.0656784436211257,0.125048542847739,-1.85669916905522,-2.11637569886734,0.170980997844462,-54.9118966160298,-0.150043989613096,-1.82366766746586,-0.2163758780902,0.0440598502088952,9.72552282928811
-1.13075267211942,0.0654747613104067,0.125454359456778,-1.85661788067036,-2.1160705337651,0.170290696583183,-54.209140933375,0.402260226985163,-1.86935838748957,-0.21562891297103,0.0409439752610777,9.78971626118261
-1.13153499927026,0.0648915861021599,0.125569189545211,-1.85678598297788,-2.11592704182368,0.169712851460603,-54.6420638336602,-0.483196610147388,-1.99645021441896,-0.217874157014249,0.041348113782845,9.78989188457545
-1.13212441633101,0.0639252631886436,0.125371486466383,-1.85720331959488,-2.1159865193925,0.169271429198944,-55.1289311614782,0.337815216591025,-1.94572569534398,-0.217905172966855,0.0400793570025704,9.80070159525196
-1.13249675292293,0.0625854025108943,0.12484983198307,-1.85786281301096,-2.1162812762626,0.168984611085698,-54.0894199195853,0.186070477051089,-2.00605556920769,-0.215473346237327,0.0391468708939219,9.83637684437461
-1.13265698262187,0.0609288246494106,0.124032391406057,-1.85872511832908,-2.11681180941749,0.168851816135048,-55.3105424642174,0.111642271350775,-1.9593579938867,-0.215623646613009,0.0401463731476395,9.79704575411332
-1.13262747184181,0.0590383157282854,0.122969361742973,-1.85973239154157,-2.11756180885794,0.168863295868076,-54.2995689192644,0.192408259465992,-1.92391592462792,-0.211458517550226,0.0390663242806435,9.85378657780486
-1.13244818172855,0.0570079099410421,0.121724033020083,-1.86082007670306,-2.11849558285858,0.168998772312791,-55.1981466241027,-0.380058966837169,-1.84192587804623,-0.211350940806691,0.0391665984325359,9.84184657011642
-1.13217249827779,0.0549345005183604,0.120366580173305,-1.86192414191009,-2.11956434618462,0.169231548421271,-55.1472656265429,0.352671948422312,-1.96715015486495,-0.213015884382642,0.0438702807228099,9.85283000672161
-1.1318673025477,0.0529383949574136,0.118990097354447,-1.86296412430623,-2.12069864235061,0.169519434665752,-54.6338998169235,0.12790245601127,-1.88946548756454,-0.21286873014048,0.0421140040065291,9.89338612980607
-1.13160854548244,0.0511368983755656,0.117691819421915,-1.86386336990797,-2.1218194680339,0.169816543938398,-55.7770328162799,0.137765081851967,-1.86565608190074,-0.216958637906255,0.0416695527344189,9.88189488349209
-1.13146898504917,0.0496318733201306,0.116560684228107,-1.86455830258268,-2.1228458300667,0.17007277250482,-54.9191260917545,-0.358751075189048,-1.91353931425371,-0.214086942404149,0.0408622372560379,9.942440902565
-1.13151604143672,0.0485089774186314,0.115676581801125,-1.86499693006728,-2.12370120497565,0.170240710196883,-55.5897884097309,0.419037941807574,-1.96197027544207,-0.220122570612399,0.039126699877973,9.93741317687074
-1.13180152238895,0.047835880516292,0.115106979269698,-1.86514102230899,-2.12432063335071,0.170274450643929,-55.6509444931118,0.125484490873987,-1.91035070382645,-0.220877522634866,0.0426640465970352,9.95899917465314
-1.13235224599855,0.0476377368712075,0.114885450217672,-1.86498068832767,-2.12466713917435,0.170147344327797,-55.1397433665692,-0.210335431483827,-1.93063651894738,-0.219380674842524,0.0425273355980773,9.99168346292069
-1.13318183081797,0.0479131637250365,0.115026205992506,-1.8645254553719,-2.12471874006457,0.169841627957181,-56.188459946274,0.127234116657064,-1.96748374682872,-0.224243905816802,0.0481897183818312,9.95876441979659
-1.1342779645492,0.0486292215520638,0.115514917794618,-1.86380456395136,-2.12447799376712,0.169350928919582,-55.1104775780302,0.384687072199995,-1.9185933453723,-0.217971794062981,0.0428911409200339,10.0119413499048
-1.13560318062176,0.0497175738664772,0.116306470141617,-1.86286960712639,-2.12397852974362,0.168690293919744,-55.9826210305083,0.0795964015694608,-1.89531199388327,-0.219414932178755,0.0422811529979547,10.0009011760963
-1.13710502753877,0.0510864404373432,0.11733307276178,-1.86178660110481,-2.12327281746942,0.16788742353995,-55.9791913193931,-0.173424510450104,-2.01730368062479,-0.219646036255619,0.0401989007253442,10.0093838730018
-1.13872126074556,0.0526247692393689,0.118508825299762,-1.86063239067754,-2.12242903722547,0.166983080873897,-55.3128273774126,-0.240817414118055,-1.95143007362213,-0.218310956968898,0.0408366153175506,10.0451215830961
-1.14037773463075,0.0542155115628926,0.119737756413557,-1.85948496751191,-2.12152808498432,0.166026155744174,-56.6051726150839,0.58770039907381,-1.85176565134856,-0.223548781405733,0.0419522301380431,10.0148981459103
-1.14200557614288,0.0557388533934837,0.120919975690606,-1.85842242162115,-2.12064911736595,0.165067165759373,-55.5546943983919,-0.0340835914050786,-1.93980543289092,-0.216333476525218,0.0425897049270444,10.0651992848698
-1.14353498591412,0.0570853190481273,0.121959215256081,-1.85751428528271,-2.11987228117039,0.164157345032275,-56.3210638303048,0.0803555840245735,-2.03782418075079,-0.220612795321937,0.0437820988674034,10.060498649507
-1.14490762961794,0.0581542278655061,0.122765010576239,-1.85682225752289,-2.11926677886358,0.163342775222935,-56.4641648248933,0.341231604136965,-1.97692190918508,-0.219969441179244,0.0418745803236049,10.085688407954
-1.1460802670811,0.0588717573175064,0.12326815041618,-1.85639041894305,-2.11888223682816,0.162656257486697,-55.8679180036352,-0.291752221998422,-2.11136390506397,-0.220437800425405,0.0440829250987821,10.1314901126146
-1.14703108063298,0.0591996480875245,0.123426663833338,-1.85623909908829,-2.11874247226179,0.162113155356314,-57.0973317486644,-0.222654987724809,-2.10777182015215,-0.223605481412791,0.0446848180111681,10.1146727554118
-1.14775402547703,0.0591326708509694,0.123227112924062,-1.85636667105061,-2.11884982239292,0.1617127881754,-56.3377669970425,0.344656992778027,-2.05063297008709,-0.221664334794174,0.0427208109853346,10.1654930739798
-1.14826333118499,0.0586854184589995,0.12267578731105,-1.85676021110904,-2.11918497245586,0.161441408760417,-56.7261158522338,-0.314605135280317,-2.07896975018059,-0.222719528054744,0.0442662021204956,10.1623136570726
-1.14858426301766,0.0579032212789414,0.121804095948556,-1.85738521835302,-2.11971404473131,0.161273682073928,-56.9726575800863,0.541797473980523,-1.90467963110444,-0.223555772534838,0.0446182209794425,10.1715818673699
-1.14874875216096,0.0568698887076522,0.120676220695285,-1.85818215124274,-2.12038933458269,0.161170965441984,-56.1845315980717,-0.246516623507432,-1.98331818121019,-0.222774738269632,0.0414728764602582,10.2125633639052
-1.14880970588352,0.0556866072706566,0.119376874625169,-1.85908102242972,-2.12114491480015,0.161086865065652,-57.512988623621,-0.122618360971273,-1.97647019362753,-0.225579624475829,0.0454883028614291,10.1855820694935
-1.14881338780228,0.0544674032289283,0.118001398100966,-1.86000219209774,-2.12192093298763,0.160976444210346,-56.6913282123057,0.523195168458869,-2.05308958765443,-0.220935554201931,0.0464324612347463,10.2486743518467
-1.14880896322884,0.0533312228913783,0.116653204972856,-1.86086304528553,-2.12265501603885,0.160793878486095,-57.3919769708328,0.123793107231677,-1.99818747665967,-0.21906297958645,0.0436614087926575,10.2474576882673
-1.14884112229636,0.0523885063198009,0.115431055947038,-1.86158523505633,-2.12329667746454,0.160505955507427,-57.5009892402999,-0.244956214709646,-1.98912448764952,-0.222231154575209,0.0444701436817775,10.2630862159015
-1.14894518888796,0.0517360169905707,0.114424265864922,-1.86209774177296,-2.12381259415873,0.160094666239749,-56.8492267020681,0.264123502858183,-2.05029228847982,-0.22238388874724,0.0449597409477293,10.3038158304758
-1.14915136167699,0.0514470257296473,0.113706271958648,-1.86234562443929,-2.12417873016046,0.159551525151974,-58.0702327690814,-0.0230621532796249,-1.91185926589097,-0.222586774287264,0.0458674081137048,10.280363089725
-1.14948176850088,0.0515640367655088,0.113326831062046,-1.86229518402684,-2.12438267810539,0.158877873061466,-57.1516864656994,-0.146001015169077,-1.88890649425386,-0.221772101284466,0.0454571522073086,10.3418580813878
-1.14994848443263,0.0520889227629588,0.113303887605838,-1.86194101400964,-2.12442761761066,0.158089558027121,-57.6574912073226,-0.26489516460947,-2.10271878404751,-0.220779906257327,0.0474899200837704,10.3402257235485
-1.15055404856742,0.0529878370001846,0.113625826119876,-1.86130196253549,-2.12433114762381,0.157214776066631,-58.0727961603021,-0.115708210472576,-2.04545617665713,-0.225558305309787,0.0494156918587982,10.3486790944614
-1.15129097760463,0.05418351570626,0.114246189517639,-1.86042736214064,-2.12412121109588,0.156291169898851,-57.3289165579201,0.0433884318204036,-2.03975405064054,-0.220449588740002,0.0474403921950733,10.3950539390445
-1.15215112740252,0.0555818887237258,0.115104032847818,-1.85938190111554,-2.12382502175366,0.155354735672708,-58.667455087823,-0.0726960593358399,-2.0106310193022,-0.223114830388075,0.051708311962139,10.3683460220372
-1.15312294226458,0.0570710984561718,0.116120250816733,-1.85824433951207,-2.12346875437392,0.154437940747162,-57.4973392971049,0.413629357543186,-1.8748321825241,-0.221715686259389,0.0447919412550265,10.4286553647141
-1.15419118174262,0.0585273351009796,0.117203053825803,-1.85710392608102,-2.12307525427901,0.15356784594577,-58.1933587195687,-0.785326282637925,-2.04421781746404,-0.219781947823552,0.0470185128990916,10.4153252985645
-1.15533845473493,0.0598296438259514,0.118259072610118,-1.85605062669059,-2.12266386144138,0.152764488175748,-58.3710754210704,-0.291334857915672,-2.04843121669202,-0.226843720771768,0.0483228265580476,10.4284465703924
-1.15654478573006,0.0608718936755928,0.119201500402565,-1.85516440634551,-2.12225224208142,0.152042354844036,-57.615633073608,0.102230879575018,-1.91475198671043,-0.223855533172796,0.0501823687745955,10.4595253850413
-1.15779339902603,0.0615863825359959,0.119968164771213,-1.8544988081642,-2.12184870241036,0.151403666796311,-58.8657532875973,-0.0615041467949595,-2.09793779748836,-0.225766412041225,0.0496973613544019,10.4333450550795
-1.15906409744549,0.0619310324620574,0.120513253746053,-1.85409182588593,-2.12145494232266,0.15083717459775,-57.8239838721113,-0.240061383898365,-2.1030022946598,-0.227389802665446,0.0513126618849942,10.4865791301398
-1.16034342418014,0.0619045440454755,0.120820337414197,-1.85395176264042,-2.12106635759377,0.150326969457766,-58.5310981517237,0.00261416036869377,-2.13095516314803,-0.225378162101047,0.046437303922005,10.4916599773178
-1.16161615139155,0.0615414193112951,0.120898548202853,-1.85406111228591,-2.12067885510253,0.149852766246619,-58.7953506186123,0.341591485808522,-2.06746421702573,-0.22726645818384,0.0500294871737454,10.5124813155345
-1.16286727570194,0.0609090328922175,0.120781318669831,-1.85437711053018,-2.12028890414415,0.149391710683519,-58.0765293205006,-0.0261925594327295,-2.1472324419253,-0.230005361834372,0.0508018573424143,10.5586430138608
-1.16408403327942,0.0600929194646547,0.120517294135224,-1.85484104665796,-2.11989566369055,0.148925107591857,-59.4270435279302,-0.0571365111186424,-2.07381742788255,-0.232870819017049,0.0475903966231555,10.5316451354247
-1.16525778929131,0.0591901588332711,0.120169150975289,-1.85538815437992,-2.11949166886424,0.148426476445995,-58.4290470674045,0.108583072513966,-2.04491644980331,-0.231844111301224,0.0482733308289952,10.584040378868
-1.16638436444889,0.0583034501892907,0.119806752413428,-1.85594481795075,-2.11907412398727,0.147878524244071,-59.1167718726027,-0.601997424181945,-2.19411583277122,-0.230127723915408,0.0507441381449626,10.5622411790915
-1.16746029956441,0.0575253412605825,0.119496043175276,-1.85644050577756,-2.11864831590357,0.147275210708221,-59.0933749198871,-0.0307495356303207,-2.06432019955525,-0.2289143886736,0.0536970931161934,10.5698829322545
-1.16848055040988,0.056923685780438,0.119289871337974,-1.8568233887036,-2.11822313154453,0.146613457841821,-58.3613882853043,-0.178022655188443,-2.03956747079584,-0.230081564794907,0.0508505885250246,10.6218193889001
-1.16944231662466,0.0565361910386404,0.119221380814696,-1.85706067580984,-2.11780777488164,0.145895230980379,-59.8848708161788,0.246971939713148,-2.15301667338557,-0.228837216549676,0.0529435309606712,10.6125561727961
-1.17034686064795,0.0563733498200332,0.119307374441871,-1.85713654195638,-2.11741581700309,0.145133030670887,-58.9099607396598,-0.112149568775749,-2.09904381673215,-0.228148578288446,0.0533977208567825,10.6777941770019
-1.17119079322686,0.0564164273127155,0.119542983202514,-1.85705596658651,-2.11706105278332,0.144338539084899,-59.6965142836382,-0.242779187632323,-2.00366333813059,-0.230562890476836,0.0505153307619163,10.6686281522201
-1.17197198944918,0.0566176240404559,0.119902103489365,-1.85684379760812,-2.11676121251864,0.1435309595587,-59.661366451576,-0.824632101883935,-2.02585746382221,-0.229118715476422,0.0506757405525094,10.668622853168
-1.17269270761564,0.0569205413825831,0.120353436374844,-1.85653273878438,-2.11652746366295,0.142727879493842,-58.8291863663741,-0.369874683554372,-1.96185095836702,-0.228943593696408,0.0488494575746119,10.6971668753291
-1.1733538325959,0.0572515720039437,0.120849374705431,-1.85616723849704,-2.11637269517189,0.141948524629046,-59.9436391388462,0.475748866292406,-1.96422850362526,-0.227945198424052,0.0501746530637691,10.6770181261087
-1.17395519798065,0.0575409686976691,0.121343442300897,-1.85579039933148,-2.11630772309237,0.141210712011787,-59.1863335945632,0.340980855327189,-2.05407506395787,-0.228257252525019,0.0503970006775949,10.7414587112725
-1.17450477333554,0.057726072002831,0.121793027348422,-1.85544158356067,-2.1163376709651,0.140533464405539,-59.785587120325,0.163899264253814,-2.12538455145412,-0.231511482647664,0.0533340071456116,10.7520102190064
-1.17501103988812,0.0577660121053611,0.12216962684481,-1.85514950132615,-2.11645849136057,0.139922531550775,-60.3001244230956,0.281879349018027,-2.15445380218125,-0.23711483529189,0.0515862001295933,10.7766222178072
-1.17548379864982,0.0576368479488973,0.122453930584843,-1.85493043822658,-2.1166672132093,0.139387342303313,-59.4675670587986,-0.755169088530693,-2.11193385940803,-0.235982302039958,0.048730776365246,10.8181110012544
-1.17594001120605,0.0573330468304114,0.122641170590731,-1.85478961305322,-2.1169558761664,0.138936603800706,-60.8656534839062,-0.0580312699635215,-2.17841853918233,-0.236561074148253,0.0512533793683799,10.7787815025066
-1.17639755844769,0.0568720800053129,0.122742834605114,-1.85471987651603,-2.11730653670627,0.138566347195816,-59.6418239717186,-0.0818096193547717,-2.13381643229786,-0.230052632321431,0.0515306673659853,10.8313133967529
-1.17687936303942,0.0563014296272701,0.12279223484146,-1.85469511380161,-2.11769338145992,0.138264817715007,-60.445459961981,-0.296274086427729,-2.09084044252097,-0.229243864851193,0.0512420797465505,10.8064714208954
-1.17740049208393,0.0556699076728187,0.122822398882626,-1.85468867363983,-2.11809840271482,0.13802267846229,-60.4305146564818,0.275696395449586,-2.09769256967229,-0.23236639938356,0.0573010629654817,10.8141294723355
-1.17798476069623,0.055040415038178,0.122879841985436,-1.8546659712504,-2.11849098088379,0.137820636514155,-59.754110566102,0.319979341874159,-1.96948260867615,-0.233095563944507,0.0545230115990793,10.8611886855268
-1.17864332453871,0.0544676088001363,0.123001946696999,-1.85459837404431,-2.11884900423045,0.137641369900355,-61.0895484401327,0.00606286546621959,-2.19552908853228,-0.23308605834513,0.0529273049267283,10.8464168214151
-1.17938494905759,0.0540046622667845,0.123224948645594,-1.85445703355672,-2.11914785026922,0.137459929327775,-60.1228466343397,-0.454238769941412,-2.04548895479155,-0.232470297026318,0.0503901695550447,10.9034691886556
-1.18020999073832,0.0536889293353831,0.123572222068328,-1.85422513325621,-2.1193688030685,0.137253545387613,-60.8744466607736,-0.755578196237138,-2.15981694762056,-0.232929240895206,0.0502139308109538,10.9065269364213
-1.18110651706639,0.0535419439212124,0.124052930041132,-1.85389345802894,-2.11950531634846,0.137003659261702,-61.0940472113975,0.229570644299883,-2.1481502528973,-0.236085561505006,0.0519892394636743,10.9306653546157
-1.18205838169218,0.0535585604671525,0.124656642757719,-1.8534704842714,-2.11955386144088,0.136693103404927,-60.378353363535,-0.324006078872571,-2.11205610167863,-0.235841668709549,0.0515531894864205,10.9670637604783
-1.18304343256978,0.0537190095764704,0.125359639147699,-1.85297230736849,-2.11951926291812,0.136311107022583,-61.696823457201,-0.676999003551373,-2.22878024566936,-0.243263080035331,0.0573159918228098,10.9486458929737
-1.18403488273894,0.0539949332089709,0.126131658679356,-1.85241751424405,-2.1194129163908,0.135852207109714,-60.8309832555589,-0.100807477111175,-2.20812237204015,-0.238675408727321,0.055378171741247,11.0117075555798
-1.18500883708063,0.054340063303302,0.126932254065258,-1.85183710240007,-2.11924794861835,0.135315082190238,-61.5100341689151,-0.0448429256168765,-2.16932265040265,-0.235483755408225,0.0556263795724007,11.009329688818
-1.18594427865261,0.0546982966924361,0.127714145685877,-1.85126546238941,-2.1190439280289,0.134709302135215,-61.7472578095822,0.307524259801539,-2.23479198602402,-0.23403374500342,0.0559691256835903,11.0167894763563
-1.18681768256077,0.0550103813777447,0.128427864939801,-1.85073746334929,-2.11883101318034,0.134054843443587,-60.8454630544723,-0.0985587820880482,-2.10731825541825,-0.232482488149585,0.0516417773234495,11.0610873769705
-1.18762184300581,0.0552318626698245,0.129040033527184,-1.85027750233193,-2.1186324849242,0.133375662360463,-62.2060867182333,0.0446328223906676,-2.02946551551341,-0.236165981995698,0.0538510867707451,11.0279185480458
-1.18835408235319,0.0553308135987596,0.129527738526495,-1.8499011308966,-2.11846809103269,0.132694895609883,-61.0588610789397,-0.470733335182786,-2.0701804033674,-0.23324028029693,0.0565573476791252,11.0798946031083
-1.18902332608349,0.0552892516962835,0.129881838534912,-1.84961615132543,-2.11835114461777,0.132035085371354,-61.7824687822268,-0.136145928317774,-2.12658079183834,-0.235242766304532,0.0574685607218154,11.0682328490825
-1.18964995256768,0.0551119783863694,0.130113246522768,-1.84941697353951,-2.11828429812698,0.131415193427233,-61.9408618191147,0.0304912502895149,-2.27481354088169,-0.236437431012483,0.0557892841548926,11.0853386525368
-1.19026037480996,0.0548193768148746,0.130244617327161,-1.84928899980484,-2.11826317254338,0.130848139543446,-61.2917645121906,-0.184235260942842,-2.22430313211015,-0.232904560635127,0.0572747870298075,11.1336281694786
-1.19088424321356,0.0544427318363905,0.130306069887644,-1.84921124241539,-2.11828055062597,0.130346484416366,-62.6963990135706,-0.209672446492277,-2.1040787900539,-0.238515817891017,0.0567225630369472,11.1245809236946
-1.19155161205078,0.0540235072853292,0.130335320175554,-1.84916029402724,-2.11831616069839,0.129906879736308,-61.8364554450824,0.229385094697136,-2.0108537883965,-0.239741097939495,0.0557146358473376,11.1775672925604
-1.19229322383583,0.0536078178152444,0.13037130023227,-1.84911179284461,-2.11834354748968,0.129519293996538,-62.2776695291619,-0.168961569371277,-2.25913017271421,-0.242104569578974,0.0576246210655064,11.1666466512963
-1.1931354530534,0.0532513518188065,0.130457520384185,-1.84903664911355,-2.11832992072594,0.1291619642889,-62.4250352199805,-0.471606429280428,-2.25650123269472,-0.24505826197095,0.0586483640755532,11.1778563250192
-1.19409114950054,0.0529842511025826,0.130613695768735,-1.84892280303783,-2.11825367334058,0.128818470255171,-61.8291867446417,-0.465978075554631,-2.21428448183732,-0.239344368476049,0.0548504265132514,11.212420549207
-1.19517112370906,0.0528432047342431,0.13086290662607,-1.84875347779984,-2.11808858047208,0.128466289591138,-62.8057695528601,0.0679291108256166,-2.18773008619985,-0.243969272623074,0.0592928845057181,11.188543772803
-1.19636863445773,0.0528422194151776,0.131206095528908,-1.84852567088625,-2.11782476659235,0.128089028070733,-62.0460803005862,0.0646500776406356,-2.09705014590233,-0.242589558258838,0.0586870714259839,11.2504436508262
-1.19767119673533,0.0529927800620786,0.1316403222636,-1.84823711046899,-2.11745268451346,0.127666389586334,-62.6601901983209,0.0965742352559573,-2.28758177503303,-0.246121715159357,0.0594214387665532,11.2607048421674
-1.19905381941401,0.0532864491011615,0.132145188942612,-1.84789653964175,-2.11697920709389,0.127188296293245,-63.1983051258859,-0.494082005338214,-2.30812684901963,-0.242491226635054,0.0585316626054893,11.2756760988567
-1.20048110548566,0.053695546396769,0.132683901019407,-1.84752131676781,-2.1164296578454,0.126658281083708,-62.2622083054357,-0.160544984856415,-2.19079893006071,-0.241258593323744,0.0561763415683832,11.3250244569615
-1.20191884232883,0.054201084158219,0.133227519392756,-1.84712092078781,-2.11583155773367,0.126082250044906,-63.5683972966758,-0.144874265793078,-2.21239020047537,-0.243911566198034,0.0577166086206911,11.3035059206139
-1.20332904330981,0.0547761468278534,0.133741456844077,-1.84670913250447,-2.1152201371064,0.125470189798797,-62.4207531769214,0.0398615161436737,-2.10946124903012,-0.237939022365558,0.0608882381193401,11.3551048228865
-1.20467823205425,0.0553916564951873,0.13419165074781,-1.84629846533457,-2.11463534538383,0.124840171449686,-63.2603616553159,-0.227462886917237,-2.19970764424423,-0.240002072997699,0.0626316758688995,11.3432069068757
-1.20593619270233,0.0560160279063648,0.134545642671434,-1.84590404184985,-2.11411498141646,0.124209024114979,-63.3952309992391,-0.307391785247319,-2.18999716089445,-0.239226479902719,0.0628063084557413,11.3442422736295
-1.20708267569611,0.0566371342363965,0.134790451849227,-1.84552817641015,-2.11368781463262,0.123588416232932,-62.644464257499,-0.00367074116320509,-2.09458650804766,-0.235569055886996,0.060852499219667,11.3911723929428
-1.20810328856836,0.0572348211425115,0.134910611042992,-1.84517775215611,-2.1133841395038,0.122998068021645,-64.049242117437,0.194881921093156,-2.13830296021806,-0.239205205550243,0.0624947803593837,11.3685682608264
-1.20899198663728,0.0577945387956209,0.13490137518618,-1.84486037976484,-2.11321664355863,0.122443075840814,-63.0590132425278,-0.0946843638566861,-2.15732307561842,-0.240012553707536,0.059607957470219,11.4273931994477
-1.20976066812972,0.0583198090491024,0.134778238394339,-1.84457410322643,-2.11317415184029,0.1219140893808,-63.5661665878307,-0.964270389304374,-2.11761209188936,-0.241778771825125,0.0590800272240302,11.4195024270974
-1.2104205559018,0.0588038018972146,0.134552544966414,-1.84432399858114,-2.11324730107091,0.121408599891763,-63.4684072027285,-1.03083297674812,-2.19614336599281,-0.242919943116702,0.0623901408045687,11.4291552738355
-1.21098815161616,0.0592515348263731,0.134248014065867,-1.84410887540809,-2.11341330353567,0.120912865403457,-63.383011407962,-0.561920094893594,-2.05510509118488,-0.242549794160573,0.0590334869741882,11.4657224515486
-1.21148706547766,0.0596741207103602,0.133897095332351,-1.8439243177222,-2.11363735392051,0.120406848556601,-64.4930845581586,-0.37688112089586,-2.27058595495555,-0.248302605357134,0.0610308257805322,11.4433379467462
-1.21194849660904,0.0600755963920641,0.133529954753908,-1.84377057450022,-2.11387978081605,0.119875892383128,-63.4626832861794,0.041771949750455,-2.18664320517078,-0.248761713913518,0.063839110192518,11.5013735573437
-1.21239356195496,0.060449538513927,0.133165678088169,-1.84365416497688,-2.11410977273255,0.119308832211053,-64.1912836372978,0.102612253217103,-2.27713396640129,-0.249447236152437,0.0624772177516588,11.5005383541337
-1.21284240312877,0.0608067286147023,0.132834132493689,-1.84356688823554,-2.11429588992477,0.118694580869839,-64.3362376986405,-0.00654582036304419,-2.24013184650002,-0.250672737605855,0.0640475551445471,11.5139383334234
-1.21331570548585,0.0611550501640004,0.132560309537856,-1.84350075998266,-2.11441302065351,0.1180306607544,-63.6770478245367,-0.737218305551778,-2.26720756321845,-0.249614462757096,0.0598044020873921,11.5507647407818
-1.21382805653254,0.0614913125022429,0.13235476981834,-1.84345445444889,-2.1144460046761,0.117320894892108,-64.9031243224542,0.00558004523372801,-2.25175977922081,-0.251047549605595,0.0630079307502999,11.5290161817996
-1.21438678131379,0.0618126108889658,0.132222294998397,-1.84342380437673,-2.11439359152745,0.116577484413654,-63.988128833495,0.841970734495817,-2.2900464574391,-0.25050663094241,0.0617541728595079,11.5873102009301
-1.21499370189456,0.0621073772913689,0.132154774503473,-1.84340768351198,-2.11427039215091,0.115826692561813,-64.4859621283393,-0.0655587908361213,-2.25719951781102,-0.251563484355448,0.0628265226877413,11.5883779194137
-1.21564812401931,0.0623691004339513,0.132143114126928,-1.84340333738127,-2.11409106015024,0.115089589624696,-64.9739554706757,0.286598922901931,-2.45532802243574,-0.252966831668693,0.0640742403908377,11.6105742632388
-1.21634622024006,0.0625912441011778,0.132172993509509,-1.84340891200468,-2.1138736207077,0.114383527708399,-64.2887818073324,0.207229059638166,-2.24714126734514,-0.247154165499311,0.0636758413058825,11.6668878000974
-1.21708051016901,0.0627555342464134,0.132218303101916,-1.84342880548806,-2.11364920551914,0.113739225368048,-65.5621243236638,-0.344694388534208,-2.29407694670491,-0.249646841924477,0.0632389581853567,11.6518117255161
-1.21784001105191,0.0628491837636371,0.132256609573732,-1.8434668571369,-2.11344253328238,0.113173799588156,-64.6196395135617,0.470638125286314,-2.19740310342024,-0.246062753824321,0.0641971994846811,11.7091306962785
-1.21862593071863,0.06287993401628,0.132283375608945,-1.84351601157406,-2.11325991331777,0.112689397110644,-65.3490595428538,-0.0893787225934375,-2.15681388393355,-0.246744954816125,0.0615267555381946,11.6913047279017
-1.21942845423219,0.0628477839389117,0.132286983726387,-1.84357526572701,-2.1131162845631,0.112288927212384,-65.3060439896097,-0.170290840934513,-2.28765889659573,-0.244343351149574,0.0667270502218332,11.6863339401868
-1.22024400159416,0.0627641425205052,0.132270269847721,-1.84363671411649,-2.113012046637,0.11196214158461,-64.4615347878275,-0.204380005046687,-2.19243755012491,-0.240731029657409,0.0646892455410266,11.7207236904519
-1.22107141938576,0.0626501374240007,0.132247405566802,-1.84368755412788,-2.11293832828068,0.11169148937754,-65.5911693685096,-0.358648613547984,-2.23038861557623,-0.243622513502987,0.0654944791874968,11.6895293318243
-1.22191221652607,0.0625372282123955,0.132243358558429,-1.8437078668825,-2.1128762727071,0.111449088751195,-64.7688515506772,-0.113256369436613,-2.29123513491254,-0.244053086484728,0.0659934632729322,11.7484578796797
-1.2227722639181,0.0624616507443072,0.132290752619591,-1.84367608582991,-2.1127982062111,0.111201452349589,-65.5369656424646,0.726270810397637,-2.21244453178349,-0.249853770318152,0.0636001714081709,11.767183708759
-1.22365272777375,0.0624727519329884,0.132433757337596,-1.843559355264,-2.1126814789592,0.110918831338466,-66.003042632933,0.277765811189738,-2.33968907284054,-0.252809198625875,0.0633088647467376,11.7939376731439
-1.22455747546506,0.0626090610635988,0.132709422825675,-1.84333188493539,-2.11250176131409,0.110571673584544,-65.2918684521279,0.303453107172572,-2.30240712453298,-0.255403492893413,0.0618459099063953,11.8394661893083
-1.22548884292133,0.0629064974564226,0.133151355457466,-1.84296910189499,-2.11224228516057,0.110139671212413,-66.382462954856,-0.0212998836652787,-2.40292558800911,-0.259819664428094,0.0618656951459068,11.8148641777282
-1.22644565624049,0.0633951910459949,0.133786549479178,-1.842448951334,-2.11189510562117,0.109611562674206,-65.3970335904934,-0.121371177821629,-2.35124473689297,-0.255418081540206,0.0640286232884364,11.8612472285034
-1.22742623189375,0.0640898108178991,0.134628299199421,-1.84176055895482,-2.11146023178786,0.108985196526826,-66.0769710612454,0.360780894263826,-2.43002065322705,-0.256249686126575,0.0658981768960158,11.8404495251873
-1.22842367882306,0.0649883256793782,0.135671754793738,-1.84090261498939,-2.11095320459518,0.108273345264942,-66.2014686712812,0.281682778264667,-2.50440172150414,-0.258367491968885,0.0668709633467497,11.85429479213
-1.22942391185197,0.0660716271673234,0.136894621693,-1.83988684297684,-2.11040366380802,0.10750090890014,-65.5422484113065,0.770013113334471,-2.30210890395443,-0.254208523211622,0.0632602493861588,11.9066059571715
-1.23041048797146,0.0673030197221731,0.138257319790123,-1.83873820944872,-2.10985318552585,0.106704093536241,-66.9309991857652,0.488224339159842,-2.38736789158398,-0.255608515558152,0.0645939765915094,11.8947641593032
-1.23136552109767,0.068635088334112,0.139709560475554,-1.8374899848135,-2.10934572890714,0.10592226532284,-66.0583427151583,-0.0943066204547449,-2.46075130339577,-0.251523313168905,0.0635730579711162,11.9469532284696
-1.23227162242175,0.0700115917272885,0.141192776965894,-1.83618401165908,-2.10892859539531,0.105197931242998,-66.523184979808,-0.400279446613922,-2.38173763779866,-0.250512840506903,0.0634045285304483,11.9366974634872
-1.23311518500794,0.0713802182371914,0.142651940459426,-1.83486191263218,-2.1086417194331,0.104568724524497,-66.7556364910217,-0.0904487195948604,-2.34141090428506,-0.252174647616299,0.0634016596164151,11.9454830180405
-1.23388578966791,0.0726789175869893,0.144025405234412,-1.83357399384769,-2.1085188551447,0.104066346598509,-65.9547834665274,0.226909172168007,-2.23649023859531,-0.247769547878264,0.0643912130745621,11.9873560058669
-1.23458376883774,0.0738702269662603,0.145272791240957,-1.83235468619594,-2.10857610065703,0.103708656081845,-67.3682795669221,1.13740020469481,-2.20729627747696,-0.252522806242402,0.0729612192196982,11.9628596235294
-1.2352134480203,0.074907905113351,0.146351584984886,-1.83124803622822,-2.10881318429353,0.103497863775999,-66.4209267460983,0.355152546958607,-2.41447968466738,-0.252840592286886,0.0687495708389997,12.0229490318618
-1.23579062807163,0.0757636529838273,0.147237063644359,-1.83028528717714,-2.10921106005551,0.103421366472639,-66.9898272324155,-0.536081022041117,-2.33356211312991,-0.255758063123885,0.0699538651470158,12.0294022266785
-1.23634217318436,0.0764339932690792,0.147928929672296,-1.82948134228043,-2.10972617545348,0.103445469320852,-67.5142724961832,0.0327797928548534,-2.33968775450171,-0.255184832900806,0.0666346248804532,12.0436510546663
-1.23690101747932,0.0769152539516984,0.148430817445266,-1.82885159941892,-2.11030350770219,0.103525985608551,-66.6833361621997,0.488140542870269,-2.33353134626137,-0.252990990093725,0.0636896313479503,12.0856510690766
-1.23750902656672,0.0772298413343702,0.148770802051515,-1.82839051320541,-2.11086991663082,0.103606277561081,-67.835821565583,0.393984321211065,-2.24765195054366,-0.257860677015156,0.0656673999885937,12.0616778140795
-1.23819613312099,0.0773856721689157,0.148965948900938,-1.82809892228908,-2.11136445288191,0.103635218900432,-66.7137594248901,0.370238558637084,-2.50901849728169,-0.257103184781283,0.0670934663778969,12.1210964112337
-1.23899305119898,0.0774117401647594,0.149050927643743,-1.82796050150066,-2.11172139325366,0.10355578627888,-67.4546382085861,0.195493296605264,-2.32010886462686,-0.259870671611298,0.0678365456898202,12.111441570139
-1.23992358512102,0.0773407240607487,0.149063706725979,-1.82795104561417,-2.11188932737812,0.10332417836969,-67.6568419260117,-0.214282478691302,-2.26918157622021,-0.262048627592173,0.0688594794880813,12.119299684396
-1.24098808726301,0.077174685093075,0.149014161616853,-1.8280599388321,-2.11185389487481,0.102925109135209,-66.9040574627315,-0.174510527705706,-2.39013186081411,-0.258925760065566,0.0676169318637257,12.1633688287033
-1.24218543382717,0.0769341591108947,0.148926103143004,-1.82826046962879,-2.11161134759713,0.102355738657904,-68.2477444261339,0.226591325227673,-2.42306144285735,-0.261283093431508,0.0651922827069713,12.1388976177977
-1.24349595067044,0.0766323294160181,0.148814256104446,-1.82852676924666,-2.1111867323045,0.10163615619206,-67.1807852456569,-0.146193831766368,-2.37819817281215,-0.259791543034429,0.0631746568225892,12.1997800769898
-1.24488633252613,0.0762742706011093,0.14868188792793,-1.82883412617526,-2.11063335506786,0.100810346031838,-68.0147190911978,-0.151941864487299,-2.39631960641267,-0.258176894913442,0.0677066635228833,12.1941988902769
-1.24631985694174,0.0758686622998699,0.148533968741145,-1.82915522192155,-2.11001518862142,0.0999331012645803,-68.1207203802845,0.22371749023614,-2.46652659034731,-0.259108255878444,0.0707103532163054,12.209130640542
-1.24775851609815,0.075436631732817,0.148383344774397,-1.82945364834466,-2.1094020204155,0.0990660723151539,-67.4197781360247,-0.0437344600270535,-2.54100102548378,-0.2627926919594,0.0694231570670097,12.2502628945852
-1.24916494376643,0.0749823459402368,0.148229060983697,-1.82970712976791,-2.10887032489401,0.0982807485001009,-68.6878443912281,0.0628120548612969,-2.51120734685924,-0.262764497525685,0.0737922513937477,12.2254924983701
-1.25050747571583,0.0745136967083351,0.14807289959832,-1.8298947307769,-2.10848657918721,0.0976397083878917,-67.7795571444231,0.595441887653124,-2.26076829544013,-0.26098783115232,0.0697502299807611,12.291161517189
-1.2517711873812,0.0740545744523811,0.147930429757517,-1.8299907787881,-2.10829140083006,0.0971863286341371,-68.5522341628786,0.347545416490448,-2.30007342853975,-0.259052191393832,0.0672962912385138,12.2883501530665
-1.25295092573726,0.0736291540323055,0.147820541755599,-1.82997865947085,-2.10829869659494,0.0969394768517278,-68.8245388466852,0.068428225087473,-2.28898678457739,-0.258694193009291,0.0717127007497776,12.3084449244248
-1.25404350414497,0.0732481607751527,0.147749536723875,-1.82985671762347,-2.10850930322002,0.096901838637788,-68.0876591358974,-0.507389812715701,-2.34813990672197,-0.256774380200956,0.0721225919773062,12.3465494335959
-1.25505356779587,0.0729193415596985,0.147723159612073,-1.82962998416873,-2.10890355835054,0.0970564334759334,-69.4640784914802,0.371194808435121,-2.4106715087801,-0.263358996412724,0.07316488984988,12.3111594044146
-1.25599421602854,0.0726571592591512,0.147754008428832,-1.82930628262313,-2.10943670602478,0.0973630322956993,-68.1778615095096,0.689433288968303,-2.54104351520425,-0.258394109885716,0.0698615159864209,12.3666873354956
-1.25687284334266,0.0724582805378748,0.147839704749351,-1.82891074252335,-2.11005735132133,0.0977667426860326,-68.8704699346395,0.299536065364691,-2.55710018114468,-0.256678568859432,0.0731467010305385,12.3521034960035
-1.25769415148946,0.0723192717605521,0.147977511826525,-1.8284695156599,-2.1107086985933,0.098203768937223,-69.0080598939049,0.895449005206956,-2.32634721647267,-0.261135138847282,0.0742456788430896,12.359829620017
-1.25844879065945,0.072222334251018,0.148149561707021,-1.82801631080854,-2.11135015918163,0.0986183250936559,-68.3306427508139,0.160113338154815,-2.36353776500906,-0.260792785796407,0.0693692433258524,12.4139725215296
-1.25912563421456,0.0721538183907722,0.14834079338473,-1.82758108592319,-2.11194151983016,0.0989536906371959,-69.7327936486187,0.370081264052715,-2.58992724278156,-0.265590941759727,0.0730495272448878,12.3980034935492
-1.2597077882224,0.0720968718451136,0.148531901859244,-1.82719203202089,-2.11245760924503,0.0991640058271991,-68.7862062318582,0.162260668026192,-2.40398588790501,-0.26781137962372,0.0709672781412973,12.4574372527361
-1.26017001970981,0.0720210394337144,0.148692141648849,-1.82688151022782,-2.11289621918035,0.0992250924866676,-69.4160615956064,0.42016630731041,-2.3717766253645,-0.26895683537793,0.0711856352332938,12.4548416878546
-1.26049705367967,0.0719102964498077,0.148803524326912,-1.82666543056363,-2.11326102251029,0.0991280718896531,-69.6428456702399,-0.305685618496682,-2.25789967487657,-0.267189402903993,0.0744010500921053,12.4753058495165
-1.26067636750736,0.0717496568509404,0.148849637872611,-1.82655421767876,-2.11356532717838,0.098875721874328,-68.8886413140833,-0.0561896238805275,-2.41130079737465,-0.265396559708941,0.07147239991545,12.5191522708104
-1.26071212834982,0.0715384561781409,0.148827819259282,-1.82654369759426,-2.11382291587516,0.0984831678281961,-70.2759719241504,0.151289305741557,-2.45968665871479,-0.269063684801999,0.0758509042803424,12.4980980072312
-1.2606198776751,0.0712850835453001,0.148745743744803,-1.82661991184478,-2.11404733206566,0.0979732075246773,-69.2926519806716,-0.0689556733843801,-2.53628968076129,-0.265807385443187,0.0767152287264857,12.5535874907849
-1.26043030184301,0.0710054473516077,0.148620836639853,-1.82676306769635,-2.1142420528353,0.0973687360922357,-70.0018486761865,0.374688864762902,-2.50594855507595,-0.263359775062203,0.0751669904791991,12.5578549734112
-1.26019072490234,0.070737906774994,0.148490348877698,-1.82693722561932,-2.11439831713645,0.0966893463224444,-70.2628251726347,-0.172799087901694,-2.45671332053769,-0.263941361688897,0.0745337584350266,12.5663576275703
-1.25995191439838,0.0705100028799706,0.148384376160669,-1.82711520882386,-2.1145031241277,0.0959510049728699,-69.4079615979941,-0.15242628722558,-2.47205069843812,-0.259653625086323,0.072182948502245,12.6042331899961
-1.25977088769491,0.0703579150832425,0.148341719276881,-1.82726511643461,-2.11453197441619,0.0951623090037701,-70.7341661986087,0.188473413305474,-2.46919510320757,-0.260707093766299,0.0740130868672631,12.5654790691286
-1.25970597636958,0.0703260483684698,0.148406197571757,-1.82735127343016,-2.11445311233313,0.0943232779966471,-69.5374086153721,-0.712456331895964,-2.3623524821202,-0.258344091469391,0.0733553432562888,12.6171537515137
-1.25980486287131,0.0704437887249743,0.148607048617039,-1.82735202792257,-2.11423489969934,0.0934270593373331,-70.4477591489622,0.395315212254445,-2.3370091201509,-0.260525533182679,0.0750326931299184,12.6060399285313
-1.26010143895588,0.0707391702810032,0.148968428300239,-1.8272472027513,-2.11385342609215,0.0924659853127731,-70.3578961680392,0.424912370439642,-2.41629409946552,-0.263334614853664,0.0743314960438364,12.6259479190204
-1.2606106835821,0.0712252377647058,0.149497432717858,-1.82702622333937,-2.11329848660657,0.0914356300583552,-69.9065210689386,-0.781687913547103,-2.45013570179904,-0.264608162188267,0.0773215033659502,12.6735765363289
-1.26132802381148,0.0718961755519434,0.150180546143462,-1.82669205515291,-2.11257879431079,0.0903402210575131,-71.0250660359478,-0.416637160783466,-2.41483687950162,-0.267613451348021,0.0759890762051477,12.6616141457236
-1.26223249936491,0.0727424335241942,0.150996059958514,-1.82624932659403,-2.11171416109542,0.0891850969706842,-69.9752277221145,-0.522047421693287,-2.32756950630019,-0.266840353894101,0.0719121095502355,12.7083067700938
-1.26329559523701,0.0737355964464363,0.151906388037771,-1.82571420592986,-2.11074024738069,0.087989823051548,-70.7918467744648,-1.01322820786413,-2.4648723504898,-0.273187505390607,0.0747686056849343,12.7022508810178
-1.26447441654852,0.0748365487027947,0.152861639907139,-1.82510734114308,-2.10970858579362,0.086781854725243,-71.1429009701572,0.699368086425011,-2.44943995876349,-0.27322118821138,0.0782228013293055,12.7269988192596
-1.26571886849729,0.0759961715167297,0.15380394953113,-1.82445559657174,-2.10868046225002,0.0855974849034888,-70.3940080605121,1.39435594716929,-2.51110197104751,-0.267926273642704,0.0740966330573843,12.7714294810634
-1.26698819279071,0.0771745941439335,0.154685971276406,-1.82377971392875,-2.10771072474142,0.0844696762225006,-71.4915640815132,-0.0556615422542563,-2.49555490204671,-0.274536168644865,0.0770018752763353,12.7394031978658
-1.26824159419393,0.0783188024681554,0.155453438186113,-1.82310889356293,-2.10685923783249,0.08343975196294,-70.3441427131659,0.200000716076147,-2.45616579216454,-0.274376296141623,0.0735315235177891,12.7852346387819
-1.2694538146198,0.0793901081777353,0.15606918330914,-1.82246485834041,-2.10616752728104,0.082538447640634,-71.1835487794041,0.0807969310455974,-2.47773240580474,-0.27236577105867,0.0729887945058607,12.7745373442649
-1.2706095063287,0.0803576025760169,0.156508396067592,-1.82186521134164,-2.10566531126709,0.0817899413469,-71.365507451799,0.113328849811296,-2.62268946135342,-0.267664761934196,0.0745209957779946,12.7916912065763
-1.27169619583673,0.0811848611920674,0.156746503619164,-1.82133280007084,-2.10537867674441,0.0812193385395943,-70.784766144718,-0.614172557317033,-2.33094369735036,-0.267121160496534,0.0754282253143689,12.8437408460603
-1.27272056991167,0.0818634285986359,0.156787194328755,-1.82087352222929,-2.1053073733416,0.080832421416581,-72.0584492586657,0.857238478380168,-2.46810997577498,-0.272031581297992,0.0797498159777135,12.8322730362351
-1.2736935005876,0.0823950345946987,0.156646159912036,-1.82049045596968,-2.10543417684208,0.0806188316919125,-71.1452774053103,-0.101429323338607,-2.52688053605132,-0.271510153640347,0.0787140126620189,12.9024393652001
-1.27462822257325,0.0827885239195165,0.156347125118663,-1.8201834277174,-2.10573088237668,0.0805587400693401,-71.9387197694164,0.32682783217092,-2.51220593887629,-0.272625127698404,0.0798122587141534,12.8983501628573
-1.27553012830766,0.0830583276077856,0.155917148380699,-1.81994730159393,-2.1061749548852,0.0806332721272377,-72.1027882360897,1.09896659836681,-2.64221777142757,-0.269593996925329,0.0747641831933562,12.9103760292058
-1.27640988789706,0.0832236443296939,0.155387471488775,-1.81977502364051,-2.10673272870921,0.0808134285876282,-71.2613023155921,0.112130272211061,-2.34603858775611,-0.26304989871848,0.0783303474569608,12.9481644414271
-1.27727304874674,0.0833101130116702,0.154793270230626,-1.81965308161186,-2.10737433331088,0.0810732518730652,-72.7294449252767,-0.122907212460859,-2.42988809845411,-0.265246888453528,0.0776300929832268,12.9091788301308
-1.27811155627396,0.0833263076126673,0.154152930526256,-1.81957851170777,-2.10808136877461,0.081389770012282,-71.4712594731432,0.128190609768353,-2.46976025394173,-0.265560296831916,0.0780683133563909,12.9606839221914
-1.27891771235378,0.0832788196412704,0.153479788318049,-1.81954748066006,-2.1088394330889,0.0817450159988563,-72.3152566691236,-0.181031019312741,-2.40654397178429,-0.270214655430284,0.0781046626188153,12.9492339157432
-1.27967727048976,0.083168861566417,0.152780738698137,-1.81955717483535,-2.10964445586291,0.0821287372542883,-72.2579461010615,-0.209650985798362,-2.46482824476422,-0.270702550542697,0.0802066943135714,12.9688145021764
-1.28037126541184,0.0829821591697684,0.152047878491988,-1.81961399772301,-2.11050141756138,0.0825373531856358,-71.7530261617142,0.471466262135436,-2.51414603060115,-0.273681708264288,0.0767110779484632,13.0137258770911
-1.28099048173054,0.0827099491381844,0.151276983041777,-1.81972093453683,-2.11140759154319,0.0829634078110552,-72.9813332126889,0.830168879301709,-2.57597864329617,-0.275650055839071,0.0797811173979318,12.9941742485335
-1.28152673549095,0.08233151092087,0.150456082884088,-1.81988916472791,-2.11236554391264,0.083408504774651,-71.9883118550922,-0.0713187292865314,-2.66303623241453,-0.274452953738165,0.0768896215243989,13.0527880058674
-1.28197617644174,0.0818331901228788,0.149577017016894,-1.8201262578172,-2.11337284382026,0.0838703127396267,-72.8305171374609,0.314767919670203,-2.6171288223606,-0.279676762965698,0.0753563824891935,13.0659203435745
-1.28234390990279,0.0812055976412456,0.148637049355766,-1.82044075515811,-2.11441615509103,0.0843377936298108,-73.1459222095585,0.626922216457388,-2.6608842663826,-0.283527244169815,0.0794367038558154,13.09467288841
-1.282647131088,0.0804641680972189,0.147655190789196,-1.82082664135219,-2.11546578980243,0.0847885468330416,-72.4908976961583,-0.0101777320521705,-2.61199722426025,-0.282566611228702,0.0834928696331116,13.1352102105261
-1.28290664974955,0.0796330195141497,0.146656437582377,-1.82127295759659,-2.11649012827819,0.0852006441481893,-73.7728899019897,0.122004832779112,-2.55684648461747,-0.283984463561999,0.0810014234849422,13.1159238505422
-1.28314943352216,0.0787429059950711,0.145672653277209,-1.82176698463964,-2.11744885326659,0.08554444202308,-72.6592926999012,0.209603036021917,-2.56314213542817,-0.278847379532652,0.0779059452935207,13.1655821770199
-1.2834083113559,0.0778446803845156,0.144750161048044,-1.82228243097669,-2.11829460707794,0.0857857639429145,-73.2246394206019,0.258349955272934,-2.62468420293212,-0.277452409396223,0.0778262631045865,13.1597494435665
-1.28371557176064,0.0770084482156594,0.143950052067305,-1.82278008179595,-2.11897455592732,0.0858837010121083,-73.6850430276751,-0.410672542127486,-2.62696581658832,-0.275898487741249,0.0809720700008663,13.1615991414361
-1.2841001762859,0.0762981282751394,0.14332570349678,-1.82322310522187,-2.11944572646238,0.0858052887358253,-72.7422879228472,-0.215889473121479,-2.61848827333279,-0.271521323896196,0.0805334346183475,13.2225071432509
-1.28458465901507,0.0757821031116599,0.142931851727522,-1.82356668340721,-2.1196748157571,0.0855236540703769,-74.2571191739012,-0.109714440861126,-2.59695189310332,-0.271219706511399,0.0841423074839244,13.1953910348727
-1.28518149566954,0.075513960268319,0.142808749330952,-1.82377236078156,-2.11964632189431,0.0850272247785465,-73.0376129495165,-0.648457559566623,-2.47458730742278,-0.272765868975014,0.0807755466808937,13.251707924163
-1.28589238153522,0.0755382997386338,0.142987226398312,-1.82380442351627,-2.11936086700498,0.0843152371283048,-73.8790848935999,0.227405343946657,-2.54763064566819,-0.272871715544874,0.0817118283172098,13.2497876560035
-1.28671634068388,0.0758845531102832,0.143486298856662,-1.82363390205941,-2.11882814913017,0.0833961647485848,-74.0365009529193,-0.590349979180019,-2.50560902323215,-0.27426927833438,0.0821440347698193,13.2656420139641
-1.28763700708863,0.0765457781086365,0.144294926863868,-1.82325170795323,-2.11808525820044,0.0823002150587199,-73.2472397717229,-0.10952885711481,-2.52453553494067,-0.277006221360379,0.0807212666956412,13.3054492444758
-1.28862736402823,0.077491935118454,0.145382520118988,-1.82266227561668,-2.11718708432044,0.0810733502429642,-74.8088083830995,0.177210503554079,-2.44693962053202,-0.27681700631826,0.0840907004940661,13.2736928573703
-1.28966025387548,0.0786805340688392,0.1467098052573,-1.82187834892524,-2.11619146261091,0.0797634962465623,-73.5513819393814,-0.65733708957805,-2.61312798917709,-0.279118033141156,0.0815215316998025,13.3172544352591
-1.29070083973203,0.080040418566643,0.148215964380705,-1.82093508046812,-2.11516508388277,0.0784249865958901,-74.0176611675551,0.207800047586488,-2.68029055394754,-0.280865299511316,0.0802436504463597,13.3170744881357
-1.29171804048238,0.0814892606391258,0.149832846250934,-1.81987686605142,-2.1141731521959,0.0771142905951135,-74.4594615093817,0.0453690672868561,-2.69626971504803,-0.285387956756482,0.0802580877602599,13.3395363549622
-1.29268035397385,0.0829245556506777,0.151477090239976,-1.81876420195134,-2.11328174151513,0.0758897059879639,-73.6941848999637,-0.055154843794071,-2.62056982529549,-0.281680826859359,0.0785096798407593,13.3886030898394
-1.29356004712054,0.0842545176703844,0.153072886710832,-1.81765494343449,-2.11254704327647,0.0748001716369266,-75.0074438053592,0.300453582647606,-2.58331599074219,-0.286020619252388,0.0808533665967639,13.3566512053615
-1.29434088159805,0.0853956064236243,0.154550862246777,-1.816606682321,-2.11200702724672,0.0738802804630586,-73.9217245031739,-0.317147474752801,-2.55008404542511,-0.28547750243422,0.0799302838229889,13.4059622573773
-1.29500522878936,0.0862545453826549,0.15583225890134,-1.81568832402822,-2.11169485311389,0.0731595713478097,-74.5802470042318,-0.0409606009375239,-2.46071315158449,-0.287982111979779,0.0804928826674436,13.3978663264741
-1.29554484003676,0.0867672252139986,0.156859425524025,-1.81495091912015,-2.11162831696979,0.0726561522078736,-74.8128518509499,-0.473782721167026,-2.73072563706228,-0.288817819152432,0.0818765539611581,13.4155719646166
-1.29595678920505,0.0868739285659661,0.157575819907934,-1.81444501313519,-2.11181607676448,0.0723796588120929,-74.1592924845212,-0.338726516715951,-2.59131475006475,-0.284287470040532,0.0812114175783883,13.4668113198085
-1.29625296362575,0.0865434567645522,0.157947552722127,-1.81420475602548,-2.11224500583283,0.0723234055818442,-75.4211096407056,-0.0649628731810026,-2.66652158143268,-0.287024122843447,0.0851696564865267,13.4519010807048
-1.2964504728689,0.085768376644328,0.15795917790265,-1.81424779189072,-2.11289338351369,0.072473780431566,-74.3765273058713,0.24329412872612,-2.69909754084532,-0.283823297880495,0.084751176543423,13.5031198279068
-1.29657189135594,0.0845607226456018,0.157609307768887,-1.81457827302267,-2.1137290390501,0.0728079842872272,-74.8981267824117,0.10863110496939,-2.52149297046665,-0.285579883222958,0.0823375930279528,13.4968517262644
-1.2966492475728,0.0829679202877234,0.156925615893886,-1.81517619664187,-2.11470693811296,0.073290908490178,-75.3641059917397,0.235925075078285,-2.55323641512584,-0.281790524432278,0.0815806022282108,13.5052054843087
-1.29671929075401,0.081060022814766,0.155956540135414,-1.81600339542372,-2.11577402917805,0.0738806670175481,-74.4866088352708,-0.0023411480951836,-2.52746851650591,-0.278331765193802,0.0822002459811764,13.5519069569214
-1.29682791784618,0.0789306647321482,0.154774289922666,-1.81700528352628,-2.11686754653797,0.074529884066815,-76.0347507612471,0.683395135146839,-2.5059385161382,-0.278938819691577,0.0857118019411866,13.5248502482536
-1.29701601021676,0.0766969254413326,0.153471202289284,-1.81810885788159,-2.11792364434767,0.0751843255881545,-74.7646122241632,0.401105553608886,-2.5953796172214,-0.280735648727399,0.0857590035759708,13.5851593115963
-1.29732919511755,0.0744878256033683,0.15215380554866,-1.81923009905699,-2.11888156620167,0.0757961192120529,-75.5242483038875,-0.0656903806566334,-2.72290252857229,-0.280234694778868,0.0854373411500947,13.578149490821
-1.29780367239183,0.0724299943577229,0.150930090951015,-1.82028422067151,-2.11968677049374,0.0763185177689017,-75.6622161518182,-0.0295372947466603,-2.70848694700607,-0.282712467738917,0.0829307197273291,13.5973750940577
-1.29846308322646,0.0706393632384543,0.14990101946961,-1.82119045099081,-2.1203010379315,0.0767178826142437,-75.1723197072133,-0.202417248336587,-2.56535420106968,-0.284028287975794,0.083146676884102,13.641058799298
-1.29932684682786,0.0692244085347955,0.149164128109579,-1.82187239159441,-2.12069099881188,0.0769628368766309,-76.4991956072159,0.60847709539371,-2.62585489261284,-0.288752796102712,0.086144871910337,13.6186614338538
-1.30038515828925,0.0682510739701527,0.148779800884136,-1.82227759904967,-2.12086317940216,0.0770525957345464,-75.3222448544307,-0.221483517267188,-2.66621765012076,-0.287558995571539,0.0845116393654948,13.6831864060118
-1.30161875829257,0.0677624611906253,0.14879032453308,-1.82237054960458,-2.12083018249252,0.0769896820331073,-76.2027789684483,-0.0676214127156527,-2.64337185080987,-0.290147997035869,0.0869516451787212,13.673002028492
-1.30299557800938,0.0677587554750509,0.149202253803087,-1.82214226416117,-2.12062457035054,0.0767931802786631,-76.4286412142743,0.264753912146261,-2.79057024451018,-0.292540072769683,0.0853703969763179,13.6821630786408
-1.30446134847675,0.0681935132186364,0.149979406350456,-1.82161376755661,-2.12030597006132,0.0765031099773125,-75.6305300311982,0.869828091125783,-2.72644970138757,-0.291342151252665,0.0865726420178443,13.726001064466
-1.30595546811932,0.0689884543001984,0.151058224718756,-1.82083021600213,-2.11994006864224,0.0761635930473765,-76.7293809167656,0.262176863374179,-2.63613374285524,-0.291474558955994,0.0860333628374584,13.7060531499829
-1.30741974235175,0.0700456972311763,0.152356004575665,-1.81985064760605,-2.11958993294751,0.0758172812961315,-76.0015272159534,-0.438560644954805,-2.72361769040751,-0.289497207376032,0.0854642543727222,13.7613012776239
-1.30879237801505,0.0712427875055539,0.153766836714805,-1.81875445138162,-2.11931629548529,0.0755041532061508,-76.5612721639359,-0.411357833483407,-2.65940077454832,-0.289491362993396,0.0858415359454659,13.7684581187938
-1.31002225578644,0.0724655737915967,0.155189632658958,-1.81761825929227,-2.1191675209839,0.0752555480326036,-76.8578888540871,-0.0817638545524915,-2.81366625850674,-0.290186240627358,0.0858625274172589,13.7944464842525
-1.31107595326989,0.0736017078473221,0.156524674419014,-1.8165212698584,-2.11916710594889,0.0750839888186661,-76.1056565338167,0.448109913878852,-2.7264744666262,-0.290593218213779,0.0859859906721072,13.8412787379703
-1.31193624121457,0.074564170005079,0.157692259142166,-1.81552855355052,-2.11932000282131,0.0749905594622371,-77.3448127754672,0.0968855357884877,-2.67358101651428,-0.290019979851901,0.0886880081240249,13.8075162935068
-1.31260009558385,0.075284797704942,0.158629271331155,-1.81469569961952,-2.11961391215288,0.0749624579352025,-76.564361579947,0.251350867451492,-2.59910134760801,-0.284597478644061,0.0881585287842286,13.855328930294
-1.31308847933588,0.0757387306750612,0.159308611347283,-1.8140506857925,-2.12000894939611,0.0749690372666566,-77.1250656574974,-0.100418451531823,-2.55413354617934,-0.282874774136167,0.0863866352802556,13.8505551884907
-1.31343187852549,0.0759252549736722,0.159724239421942,-1.81360517815771,-2.12045893069201,0.0749775467595248,-77.4947732736036,0.64967863810034,-2.67226976795956,-0.285642335721386,0.0864776452617562,13.8641671160171
-1.3136704331245,0.0758754173609937,0.159896918937179,-1.81334878553476,-2.12091152912769,0.0749518640555212,-76.7172159503363,0.0862106486388257,-2.72813387802663,-0.285665484915012,0.0881880588083053,13.9166758853515
-1.31385203030609,0.0756550956240609,0.159877536738083,-1.81324671050821,-2.12130665157109,0.0748493886527618,-78.1121056949464,-0.449439859796939,-2.70711684013023,-0.286536671409873,0.0933541744373427,13.8934731277299
-1.31402157372589,0.0753311295285535,0.159722111939159,-1.81326239843361,-2.12159707141222,0.0746415894529402,-76.9973249716005,0.220116791210557,-2.59082313019539,-0.285548088087821,0.0908588397079755,13.9440928947804
-1.31421873083071,0.0749800570155177,0.159493980771755,-1.8133464809671,-2.12175317126417,0.0743169666306299,-77.6692430454506,-0.51225887628857,-2.76105670363094,-0.29080334508725,0.0841756058672838,13.9286937293722
-1.31446833826988,0.0746619839888218,0.159244841588545,-1.81345829662129,-2.12176704723539,0.0738794836024061,-77.7127936629018,0.00738713131681834,-2.79153517156075,-0.29356105619682,0.0830951539362396,13.9425678934326
-1.3147855062879,0.0744263587378207,0.159019839656193,-1.81356231052095,-2.12164770765236,0.0733463023100385,-77.0966539693742,-0.0955765798805714,-2.74342679446906,-0.292784100586761,0.0854146719452825,13.9921032560801
-1.3151710297902,0.0743094528920878,0.158852275297306,-1.81362824405252,-2.12142306960018,0.0727475668507367,-78.4630083964628,0.287806989291312,-2.82226665615886,-0.296312020299776,0.0904634927930963,13.9782701302265
-1.31561721037161,0.0743170739534733,0.158752080025367,-1.81364488794237,-2.12113421007225,0.0721235671009522,-77.3857683147553,0.357195627886085,-2.84178964796615,-0.298229011382243,0.090177387764972,14.0379134548136
-1.3161052434107,0.0744393087263937,0.158714738396168,-1.81360960222192,-2.12083357263757,0.0715196156819025,-78.2047023368297,0.507199189052017,-2.77639985234774,-0.298199466661297,0.0904218314387354,14.034046230531
-1.31661462187257,0.0746552222439725,0.158726747287029,-1.81352777988436,-2.12057084579273,0.0709767141832088,-78.3945251671385,0.632483045346362,-2.83195139189786,-0.299512275610694,0.0893410643172879,14.0505452370959
-1.31712384024148,0.0749157527893178,0.158751345264375,-1.81342485470528,-2.1203957270809,0.0705353204155709,-77.5675914579956,-0.562612725061399,-2.74793066350978,-0.295999185253518,0.0867421889113969,14.0971453288202
-1.31761700290254,0.0751817681356552,0.158758964715162,-1.8133207850901,-2.12034057443984,0.0702181664385009,-78.8493237103009,0.118084250480024,-2.76743545795358,-0.295283864306506,0.0890155437224895,14.0532247997827
-1.31809102751703,0.0754169412983856,0.158722673265999,-1.81323644886616,-2.12041684559936,0.0700307208697532,-77.669256006604,-0.334370135469499,-2.76759455447132,-0.290495075317394,0.0917800319155473,14.1037717997882
-1.31854310008202,0.0755852389330496,0.158612854612988,-1.81319426624463,-2.12062919984706,0.0699703609177316,-78.3486618350878,-0.256113900287346,-2.66466297953909,-0.290993123866606,0.0908817647494047,14.0951079550767
-1.31898537919029,0.0756731491706617,0.158418371750944,-1.81320447182362,-2.12095798320992,0.0700161264195134,-78.6617456158671,-0.0252217758725237,-2.85485802705077,-0.292880168432028,0.0903770128328844,14.1073480599602
-1.31943952375132,0.0756784773885393,0.158138041992475,-1.81327134120861,-2.121367400518,0.0701347017982679,-77.9368904698756,-0.293466602848184,-2.77136278264797,-0.290466431229579,0.087183057207993,14.1525269304784
-1.31993022822852,0.0756126223871583,0.157780892238148,-1.81339157915726,-2.12181461390733,0.0702872411447491,-79.1617627470397,-0.0792490949802414,-2.63908106469304,-0.292819901137954,0.0859237721716948,14.1349931863372
-1.32048214096022,0.075503368507885,0.157367908533566,-1.81355024533631,-2.12225457605568,0.0704329629808109,-78.2144320290747,0.180991306239321,-2.75523236854718,-0.292942988345903,0.0876182028147737,14.2016920187645
-1.32111843766424,0.0753894170013751,0.156930055610478,-1.81372587273616,-2.12264160311702,0.0705308686243859,-79.1056442214283,-0.0606823970417736,-2.67035032066275,-0.298632822650625,0.0906088559452942,14.1954195551844
-1.32185799333255,0.0753192087853556,0.156507246942163,-1.81389135601698,-2.12293251291114,0.0705413034485016,-79.3077860967441,0.419887145000075,-2.68328997054911,-0.298122838394335,0.089803778214037,14.210508939514
-1.32271208213903,0.0753272302892807,0.156128962038474,-1.81402633768367,-2.12309964623356,0.0704408958941147,-78.589933878325,0.121081718079949,-2.6817796391679,-0.297810565707636,0.0918831843380954,14.2538003971684
-1.32367451534176,0.0754374904340462,0.155816200004706,-1.81411515210717,-2.12313748963094,0.0702229672001647,-79.8697095146468,0.163685617460033,-2.81543992142639,-0.302420824753565,0.0919270501452051,14.2338649379664
-1.32473044894608,0.075674705019237,0.155589847312989,-1.81413988177322,-2.123051338888,0.069887351039696,-78.8476316816262,0.641687429777221,-2.56209971930451,-0.297416795998746,0.0932143809104671,14.2859295359971
-1.3258526299824,0.0760365059830583,0.155449012640215,-1.81409902979161,-2.12286393654101,0.0694486495101257,-79.3295165736313,0.216885501451088,-2.65650406623786,-0.297695850266899,0.0904246040517361,14.2752040537719
-1.32700682502149,0.0764948091398807,0.155373899782946,-1.81400701214468,-2.12261222042017,0.0689347678677923,-79.5505278018078,0.0521145116288153,-2.79731328258012,-0.299099330077639,0.0907638348732499,14.2866987431052
-1.32815254629226,0.0770135852031899,0.155336689665293,-1.8138799052536,-2.12234402848067,0.0683821231151191,-78.8954364090804,0.907274726552032,-2.74338529450358,-0.296770384010485,0.0894741456091807,14.3369174709226
-1.32925533676928,0.077545888894587,0.15530163629649,-1.81374038080554,-2.12210791625041,0.0678323736391018,-80.320938994043,0.222456995173616,-2.79238769974847,-0.30275974707841,0.0916380834241761,14.3079177667037
-1.3302855043683,0.0780403262020606,0.15523207573102,-1.81361434196993,-2.12194561752889,0.0673214391280009,-79.167364026564,0.374174478008399,-2.78382730258096,-0.299035977842036,0.089622536580916,14.368445495904
-1.3312190719552,0.0784442417084659,0.15509025147885,-1.81352642433637,-2.12189771948096,0.0668885829871858,-80.0498168323147,0.0129498174219407,-2.74238561561748,-0.301644499985253,0.091473288401002,14.3661296897943
-1.33204124887143,0.0787123148887563,0.154843964424085,-1.81349735486087,-2.12199411854231,0.066564343205841,-80.3024477577873,-0.0164860013621819,-2.93093498112967,-0.301692265430629,0.0911502473309126,14.385494748474
-1.33275135565883,0.0788244748367273,0.154483532818359,-1.81353229658613,-2.1222442394129,0.0663630638695339,-79.5137717117003,-0.0611151636107934,-2.91902349001543,-0.300995451614246,0.0902290789856208,14.4318541335992
-1.3333591438574,0.0787718431489051,0.154011310920568,-1.81363080633378,-2.12264695619561,0.0662937503560244,-80.8648560198035,0.455237254995154,-2.80232127101405,-0.300398798066924,0.0913150917741605,14.4095907962994
-1.33388621173357,0.078580737046412,0.15345897006251,-1.8137710893719,-2.12317741093217,0.0663434392869966,-79.7826797601356,0.115966279393206,-2.79023970106189,-0.299896447386203,0.0897399817075867,14.4636008183037
-1.33435919069329,0.0782896613138604,0.152868103729278,-1.81392513533216,-2.12380617183008,0.0664951570334215,-80.4450705714312,0.373609663808566,-2.86470594772385,-0.303921414479469,0.0921541399372167,14.4514613921553
-1.33480644477142,0.0779496976101832,0.152292041375738,-1.81406001837213,-2.12449043423903,0.066717223450692,-80.8128448417279,-0.492448821566086,-2.81304710686015,-0.300532131306862,0.0914363759260652,14.472848077308
-1.33525756690214,0.0776249815504091,0.151794371359407,-1.81413562301733,-2.12518270908556,0.0669716403588886,-79.9987772052186,-0.0533634784999322,-2.73824741123488,-0.296960614938575,0.091549659897409,14.5231176286659
-1.3357444407291,0.0773792702091676,0.151438904138344,-1.81411645426212,-2.12582464901237,0.0672088856155352,-81.2886201064244,0.499107277639951,-2.80618720776644,-0.302106335425481,0.0951355284412749,14.4944339644352
-1.33628758821577,0.0772648823101125,0.151276202936733,-1.81397399956676,-2.12636960288308,0.0673844383731062,-80.3058094627028,0.156109563031805,-2.90139281928953,-0.298993933129533,0.0957069672466826,14.5479903418399
-1.3368952030928,0.0773114407446442,0.151335084760199,-1.81369616118408,-2.12678546595201,0.0674629525355931,-80.9138790757189,0.250004250829534,-2.88166969634318,-0.302303378473164,0.0949065310068567,14.5441746452854
-1.33757415736449,0.0775333336766124,0.151631635673436,-1.8132827396366,-2.12704064046402,0.0674089147750185,-81.1767618215738,0.663643555353929,-2.8144925282254,-0.306783646079163,0.0928554012864498,14.5649812872445
-1.33832130593628,0.0779070826204151,0.152147053986734,-1.81275705042763,-2.12712243070216,0.0672040394079817,-80.5235781730274,-0.0517371817486492,-2.85596610974665,-0.306548736569752,0.0912823898238179,14.6091171758787
-1.3391241392697,0.0783860379699259,0.152839992319977,-1.81215836477481,-2.12703348934397,0.0668417362720183,-81.7451214486162,0.174142091781505,-2.84554385823054,-0.306793673070947,0.0976664647285139,14.5814550590914
-1.3399689764419,0.0789134195736487,0.153657573777522,-1.81152959705209,-2.1267872453464,0.0663275753623622,-80.6707975531229,-0.208189706430403,-2.77013644079705,-0.30837595139588,0.0948839374611978,14.6326481708458
-1.3408371341291,0.0794109155730869,0.154527146449012,-1.81092795528718,-2.12640980941635,0.0656798902273887,-81.4027107799124,0.327624004101835,-2.82434063242405,-0.308313424676939,0.0926792301034063,14.6276599498981
-1.3417121926922,0.0798084487309882,0.155381063919376,-1.8104031878174,-2.12593513732546,0.0649280261784322,-81.4390961128854,-0.107209112132068,-2.78875318990799,-0.308007673363146,0.0942607749752846,14.6443845834084
-1.34258008421033,0.0800422623150432,0.156156618214263,-1.8099988542712,-2.12539918057785,0.0641068230029642,-80.8581252041448,0.51135762324725,-2.84066191004911,-0.305131550192917,0.0899822488713525,14.6929315409309
-1.34343200205338,0.0800763569883749,0.156813000213353,-1.80974063282595,-2.12483223408246,0.0632466214399621,-82.2701148757885,0.492441774901863,-2.80758967271657,-0.307295106858835,0.0949385307430938,14.6721010724181
-1.34425526345842,0.0798901889996841,0.157321123656083,-1.80964150322256,-2.12427233192566,0.0623839728311414,-81.2757368656567,0.203551610546356,-2.84479681667099,-0.302987559241565,0.0937977675766511,14.7303089782223
-1.34504533767477,0.0794874006470057,0.157673825079782,-1.80969863433907,-2.12374736598038,0.06154745575375,-81.9361544702316,0.289608362944136,-2.87711177935222,-0.309110452388027,0.0960502226937649,14.7212218583924
-1.34580293249503,0.0789099318166837,0.157896207286018,-1.80988182851836,-2.12327577560471,0.0607579040224084,-82.1504565196435,0.645278583725485,-2.87938815384464,-0.3105531805025,0.0950219494664231,14.7318911121352
-1.34653354307531,0.0782134855081189,0.158025419980674,-1.81015215819597,-2.12286758874843,0.0600283744917783,-81.3534109028867,-0.0335013757485285,-2.94292841545777,-0.305219557345912,0.0937730615176383,14.7816890110626
-1.34724232385692,0.0774606497791623,0.158104547984796,-1.81046496842763,-2.12252941932289,0.059364902028027,-82.8414052218618,0.312599307836763,-2.83063179990395,-0.303555918471768,0.10086881155468,14.7583017375098
-1.34793805980928,0.0767267296817948,0.158189841591134,-1.81076852483089,-2.12225769313179,0.0587644074615032,-81.6239449559775,0.877882609032667,-2.59092009849311,-0.304344640090498,0.0961542544703697,14.8108018625819
-1.34863559301667,0.0760756292661817,0.158328965668517,-1.81101782561247,-2.12204408316451,0.0582213770227821,-82.345790016381,0.267703184709944,-2.91428465203688,-0.306393128691982,0.0938448515566869,14.7966792389827
-1.34934458382929,0.0755466542361276,0.158548375473244,-1.81118268283985,-2.12188573945612,0.0577337993605882,-82.5902304475575,0.626741974835113,-2.88622451998677,-0.306726037675346,0.0956414018475308,14.8149961864736
-1.35007512186801,0.0751655971826199,0.158863798256493,-1.81124250489592,-2.12177962505207,0.0572995199515488,-81.9313796097639,-0.0620092760416355,-2.76254310167155,-0.308611875733998,0.0940116749196744,14.8575275857785
-1.35083601944467,0.0749327576525847,0.159269659521247,-1.81119361062311,-2.12172734263561,0.0569221387332428,-83.1077307656938,0.366975325176782,-2.89878212027759,-0.309308497102768,0.096817980312378,14.834423193768
-1.3516428045172,0.0748402267432891,0.159754048892726,-1.81103900155612,-2.12171983039468,0.0565983771556094,-82.3344784259725,0.780502895789596,-2.81916826704071,-0.307654583127695,0.0943961220832887,14.8997423584715
-1.35250307481712,0.0748526003080343,0.160281761904596,-1.81080017004526,-2.12176035239253,0.0563364462335286,-82.838110758957,0.706204501548427,-2.87818646569707,-0.308597117761961,0.0942229671080371,14.9036339530711
-1.3534223577807,0.0749319418851737,0.160814408740807,-1.8105006875594,-2.12185297083553,0.056144800373612,-83.1265409716481,0.126963130363265,-2.94133680647641,-0.315308353258462,0.094646424374582,14.9176642792773
-1.35441082726603,0.0750511644583192,0.161323934096542,-1.81016031584324,-2.1219916535805,0.0560245426666812,-82.3298733950167,0.338149886670635,-2.92142604980421,-0.311703287814973,0.0944890027808317,14.9627930138629
-1.35547046927592,0.0751820003912691,0.161782006437619,-1.80980143944945,-2.12217298368349,0.0559766282616124,-83.7305222682891,0.796423833745621,-2.93483484278096,-0.313921207576132,0.0977317190218578,14.9257063288538
-1.35660788546163,0.0753089155091367,0.162173331796929,-1.80944076082367,-2.12238300259841,0.0559923380738432,-82.3829548199245,-0.199582245009879,-2.9565719863306,-0.308931122890697,0.0973512577724677,14.979797665703
-1.35781935687357,0.0754327017732468,0.162494811604778,-1.80908522842143,-2.12260704288793,0.0560556082437708,-83.4160377406484,0.400011568224045,-2.93712721977028,-0.311930935678288,0.0955908034313113,14.9663146331447
-1.35910228826296,0.07556560735323,0.162756214288809,-1.80873664266616,-2.12282216186772,0.0561404885176807,-83.4310928447569,0.275937017036767,-2.8814176929265,-0.314508208910046,0.0979068058123715,14.9816763160125
-1.36044755762631,0.0757192534517337,0.162969207994777,-1.80839777767013,-2.12300798862309,0.0562205466752438,-82.6959264334666,0.221038979276273,-2.80536034040438,-0.311080866991926,0.0972928557037922,15.0340313282896
-1.36184717328303,0.0759272201546075,0.163164827978788,-1.80805683330814,-2.12313534991851,0.0562587940439891,-84.1320652074732,1.10600478813512,-2.87890031720499,-0.317075203455238,0.10018402853207,15.0202039669517
-1.36328707044899,0.0761999045894228,0.163358348094803,-1.80771617796535,-2.12318665240369,0.0562283585783245,-83.258840030568,0.782426708185994,-2.95522122502612,-0.312138649360729,0.0982893211680889,15.0870687778004
-1.36475484148988,0.0765467093839192,0.16356688378613,-1.80737554211596,-2.12314614922827,0.0561058385660512,-84.0241882525172,-0.302560654793979,-2.94573661800834,-0.314986318633976,0.0980934945630532,15.0866220591074
-1.36623228845701,0.0769633959005951,0.163797120201769,-1.80704231866013,-2.1230073605248,0.055874330093131,-84.0426610931958,0.261782049060912,-2.83363407977913,-0.315611160541652,0.0985011366500987,15.1000922959954
-1.36769905699264,0.0774254973886439,0.164039533428889,-1.80673179337221,-2.12277872295382,0.0555334485798473,-83.3780559018067,0.223382600765035,-2.89998208425243,-0.311615226284286,0.0958315013985389,15.1390424898537
-1.36913033550577,0.0778884441791536,0.164267926279467,-1.80646773364474,-2.12248801511648,0.0551051347423601,-84.6858610964854,0.593403380108612,-3.04524366437769,-0.317010047320655,0.0998504247018106,15.1088907291125
-1.37050118050902,0.0783048309865801,0.16445422766071,-1.80627309088416,-2.12216857785894,0.054616748473048,-83.6155749479246,0.22159512090343,-2.9322530925246,-0.310946717533316,0.0970519003389738,15.165750338469
-1.37179196318492,0.0786366484980192,0.164575342545754,-1.8061597489178,-2.1218570438977,0.0541036064861145,-84.2308809642233,0.039098008464407,-2.95757380684066,-0.312813455417503,0.09894536187875,15.1567787572934
-1.37297689528376,0.0788245464274873,0.164590779081359,-1.80615308665706,-2.12160249344858,0.0536127020575071,-84.45923363544,0.1580032467009,-2.9202079507389,-0.313936043780672,0.102851538573356,15.1649117203159
-1.37404021866033,0.0788449331099255,0.16448684268311,-1.80625315736521,-2.12144244576806,0.053182623686571,-83.7978953745923,0.298988179685466,-2.90575805103725,-0.315208450669161,0.0959659021399946,15.2096047885849
-1.37496985174723,0.0786923758053319,0.164263083929352,-1.80644755411115,-2.12141076657173,0.0528496164090625,-85.1039313466399,0.422283059953088,-2.97913688012682,-0.316821000385997,0.098428822082422,15.195328200827
-1.37576682592307,0.0783803784703689,0.163934675462621,-1.80671426755774,-2.12151950886665,0.0526320385971495,-84.1438367475924,0.720990153455659,-2.91658367185272,-0.311915125771467,0.0964925519190566,15.259954412539
-1.37643388178279,0.0779497188254137,0.163537162771962,-1.80701625648703,-2.12176998912754,0.0525350625081971,-84.9798288584902,0.915693532547266,-2.95857439684599,-0.317528013094853,0.0981722346637416,15.2522580809724
-1.37697977030853,0.0774484735547443,0.163111140897842,-1.80731479266183,-2.12215122097257,0.0525514837664826,-84.9815482404026,0.645187856818893,-2.94392049327405,-0.324532030120242,0.0988090875818939,15.2612889350175
-1.37742644390776,0.0769594543587111,0.16272472979079,-1.80755352028038,-2.12262247539872,0.0526469766719851,-84.2944260320737,0.429914548340321,-3.0102823980711,-0.320482446945717,0.0971716431231603,15.3078846794228
-1.37779265548388,0.0765501023933997,0.162432737388133,-1.80769110788224,-2.12314361146103,0.0527838494623274,-85.4201357806575,0.351407831876713,-3.11355326096864,-0.321446668228959,0.0958920452172175,15.2817974632263
-1.37810483964374,0.0762999860338187,0.16229959802321,-1.80768175230851,-2.12365969040009,0.0529113673379964,-84.5255275954316,1.15908642785257,-2.87366158556154,-0.316792798322746,0.0988044908397038,15.3362983131157
-1.3783876406296,0.0762580145630398,0.162363661449325,-1.80750420907911,-2.12411876385497,0.0529798394044377,-85.2359439743213,0.501224784571377,-2.96095820807474,-0.319347697752827,0.102493295010259,15.3316283294238
-1.37866043341232,0.0764508224228191,0.162643916655685,-1.80715413939026,-2.12447623883562,0.0529459679748218,-85.7501568942258,0.276767418579311,-2.97669745808005,-0.322213892287925,0.101764335848062,15.353523481276
-1.37893802849283,0.0768859949433622,0.163143078466575,-1.80663995806936,-2.12470018124666,0.052778033845402,-84.8935306158961,0.269338388301094,-2.98098330705025,-0.318046385203123,0.0991964319396277,15.4049028364642
-1.3792317813427,0.077539289766074,0.163836992575968,-1.80599227467497,-2.12476920156915,0.0524557495265672,-86.030929726631,0.124904488614447,-2.96025976439242,-0.321453080707526,0.104457855305763,15.3835541255923
-1.37954600604499,0.0783606938632246,0.164679236839104,-1.8052570630626,-2.12467929637522,0.0519740368387761,-85.1310645753958,0.320533198488874,-3.09428425662261,-0.319186896860715,0.102020208416403,15.4408495690167
-1.37987399248383,0.0792719320269448,0.165598418218945,-1.80449407210223,-2.12445563176725,0.0513566990119943,-85.8795870726861,-0.346672698133943,-3.02370020763072,-0.320485893116399,0.105203433022775,15.4463355376106
-1.38020629418096,0.080194647208355,0.166521910472596,-1.80375930711139,-2.12413482732648,0.0506393987468906,-86.2833057702339,0.0706376837504195,-3.00700593028083,-0.32099835678967,0.10445870205304,15.4660032665129
-1.38053653623288,0.0810387837378759,0.167369443449615,-1.80311579919764,-2.12375687883846,0.0498643178012452,-85.3573123011304,0.609260748738734,-2.91332153801008,-0.320653156141928,0.101777788099347,15.5023054918174
-1.38085911017281,0.0817265908847116,0.168071244722368,-1.80261447490295,-2.12336753360461,0.0490806849740028,-86.7044135869873,0.899942347222577,-3.08336416503153,-0.320746083488592,0.10428868701301,15.4611280637376
-1.38117344758463,0.0822036669280024,0.168575678212743,-1.80228468206885,-2.12301121636225,0.0483390397111045,-85.566739226094,0.285685076178197,-3.10893196042437,-0.320964825490993,0.10263474839197,15.5114111935076
-1.38148277450172,0.0824385768082987,0.168851455232837,-1.80213948342795,-2.12272515183517,0.0476837184504461,-86.264121209604,0.289896391627963,-2.86131268206572,-0.319815153073606,0.0988210301195995,15.501093894451
-1.38180425165263,0.0824299076715,0.168895430442255,-1.80217223055428,-2.12252737907398,0.0471435838129164,-86.3843970013862,-0.0232058668314039,-2.95525341838348,-0.319020570228675,0.102049565611233,15.5110841164819
-1.38215492838981,0.0822016014089542,0.168725479114759,-1.80235750220724,-2.12242895237268,0.0467403111428099,-85.7673196080437,0.274191201612666,-2.9839911940812,-0.322669659849155,0.10142516977585,15.5661515849765
-1.38255446436163,0.0817969115741946,0.168376764788325,-1.80265866355742,-2.12242973845918,0.0464834388857513,-87.2814584745312,0.883660804545343,-3.05062495393514,-0.328954503215696,0.104260226553689,15.5617941938384
-1.38302437478287,0.0812896262063063,0.167909409607703,-1.80301993462273,-2.12251013469671,0.0463589736573576,-86.0877745405605,0.149570422824354,-3.12748492338974,-0.328392167336185,0.100169469912766,15.6315780091114
-1.38358300070734,0.0807414370073136,0.167375810708193,-1.80339725755776,-2.12264785506556,0.0463473582701678,-86.7434660888184,-0.222118338891278,-3.01509502024533,-0.327973713338381,0.101607338629912,15.6186472937323
-1.38424641316529,0.0802200311322689,0.166833666843283,-1.80374406323782,-2.12281473174781,0.0464202445416746,-86.8744850498441,0.651402006293438,-3.16650176876698,-0.327863922077688,0.100803255654801,15.6334414448596
-1.38502344302953,0.079792036820324,0.166339595175522,-1.80401846391963,-2.12297828921456,0.0465407690931588,-86.3283832855906,0.821524529082126,-3.04591912194701,-0.327272786447415,0.104181401359798,15.6663116975511
-1.38590750680931,0.0794864692358068,0.165917903971758,-1.80420572877846,-2.12312013907281,0.0466773256450309,-87.6142443428493,1.05326186607272,-2.8608433956166,-0.328883560324609,0.102983552193323,15.6334970757361
-1.38688723182493,0.0793234635968645,0.165585420352668,-1.80429907177123,-2.12322328725878,0.0467977143178361,-86.5343330546548,1.08755228873929,-2.95775885159708,-0.323295997799174,0.103697866344001,15.6911684574288
-1.38794448624282,0.0792980116002582,0.165338669103456,-1.80431005817489,-2.12328124287133,0.0468792476093938,-87.1449965310408,0.357015734562083,-3.00953560858318,-0.324478170492967,0.105372542175654,15.6875845437333
-1.38905026942309,0.079380652022639,0.165151733330148,-1.80426463853425,-2.12330282580049,0.0469102728631151,-87.4603725150521,0.458952907161574,-3.04793076571553,-0.32701998222639,0.103428550816586,15.6965622789947
-1.39017679179324,0.0795332658514063,0.164992079825465,-1.80419479034198,-2.12329864158837,0.0468835202019184,-86.6804104995783,-0.200602090053508,-3.04406278795156,-0.323611207228458,0.0997742368396458,15.7464595191673
-1.39129413505759,0.0797065648081343,0.164818121692831,-1.80413784590219,-2.12329267714465,0.0468081599037884,-88.116640526738,0.460289734700382,-3.01917893814607,-0.324045027294483,0.100413528222059,15.7298708918708
-1.39237341061249,0.0798603118214842,0.1645943574153,-1.80412051588736,-2.12331293435883,0.0466987634174064,-87.0980088632016,-0.139794437507362,-3.0558876700118,-0.324028268939619,0.102123348091789,15.795113762817
-1.39339698765095,0.0799686330033449,0.164299480004882,-1.80415808832041,-2.12338132711303,0.046573007831415,-87.8490225351425,0.0488559595564766,-3.0385054900994,-0.327705776612725,0.108580108509758,15.7908852411007
-1.39434906938934,0.0800138961740178,0.163918963540883,-1.80425703859206,-2.12352329237196,0.0464538534632447,-87.9043605179723,0.565894438179612,-2.95483608414654,-0.327346051797924,0.107978598560512,15.7998586253383
-1.39521553687008,0.0800021948583556,0.163457320105594,-1.80440513051807,-2.12376188145241,0.0463631286283598,-87.2156043280038,0.57494784139044,-3.17438778178038,-0.326686019547914,0.106973130537556,15.8370937277404
-1.39599129926942,0.0799654535189145,0.162942405567465,-1.80457026487735,-2.1241114021811,0.0463191248461432,-88.4331981054286,1.36942008157735,-3.14063819050861,-0.331814073447787,0.108138402094683,15.8146581323262
-1.39667922018113,0.0799463376864171,0.162412531992348,-1.80471202403807,-2.12457754971131,0.0463345438526678,-87.5115428920905,0.401432815636326,-3.00308378874266,-0.327642410424123,0.104766752480303,15.8812714078089
-1.3972804607673,0.0800062794031238,0.161921290627524,-1.80477780759632,-2.1251583537882,0.0464114567750383,-88.294497210635,0.217021743569603,-3.00171191607473,-0.327181975067921,0.104362915125045,15.8767476734926
-1.39780326598908,0.0802033572087968,0.161523808410984,-1.80471897634989,-2.12584072682501,0.0465434397656839,-88.5889328145652,0.434022830763297,-3.1308576342129,-0.328955827610659,0.106785014856634,15.8885732258104
-1.39825342043592,0.0805776834178467,0.161262341826606,-1.80450033277485,-2.12661057577819,0.0467207081993053,-87.733705875988,0.569409322426964,-3.1825057137869,-0.3305385445005,0.106239225135005,15.9301087848265
-1.39864112617552,0.0811687089254303,0.161179854694409,-1.80408962117199,-2.1274413926559,0.0469217626075458,-89.0029894579137,0.572822399472216,-3.22854973369286,-0.335208144423891,0.105349045745449,15.8991977502895
-1.39897538997734,0.0819865011980294,0.161298651214072,-1.80347855331028,-2.12830526305189,0.0471230265295681,-87.9967413255074,0.44968492359385,-2.93685147136298,-0.330166967100947,0.102374954209138,15.9619767219815
-1.39927086884943,0.0830184756686592,0.161625586526018,-1.80267783938382,-2.12916747347488,0.0472972972496105,-88.8235989394951,0.0283548033869465,-3.01703809673046,-0.330956831527829,0.108020769568442,15.9716754913688
-1.39954503202248,0.0842267991319599,0.162148661111625,-1.80171788498927,-2.12999119290551,0.0474180971478333,-89.2200773880884,1.07333263271448,-3.12219806457242,-0.333495833264483,0.108792874830294,15.992582042175
-1.39980992498426,0.0855431722642308,0.162830911901042,-1.80065320441323,-2.1307434295342,0.0474595167446243,-88.4270867106382,0.736882070786351,-3.16488997139405,-0.335185406591096,0.106731461954576,16.0461162375093
-1.40008048046395,0.0868845058493317,0.163622424300048,-1.79954956698452,-2.13139621810748,0.0474063967962669,-89.7366768506792,-0.219041358803224,-3.16121905465749,-0.337412580944616,0.105320896461378,16.0237069578625
-1.40037361166611,0.0881676628927544,0.164473667705298,-1.79847584901827,-2.13191936826182,0.0472423341032129,-88.5731679880163,0.357939338197866,-3.14363618239469,-0.333531751650781,0.106818221909728,16.0746766661577
-1.40071392879253,0.0893165316063378,0.165339693450007,-1.79749699382304,-2.13227896219747,0.0469539208176867,-89.2214969152255,0.00519162579485055,-3.09496532703238,-0.329836173756652,0.104289668155665,16.0606492453209
-1.40111409806795,0.0902486294801736,0.16616512432749,-1.79668083487901,-2.13246094265295,0.0465426722471538,-89.5083466774526,0.741419961923611,-3.0831505300734,-0.330151662187915,0.106645533872206,16.0649155646757
-1.40158815554893,0.090913910632807,0.166915347347762,-1.79607136427058,-2.13245359055853,0.0460130827911945,-88.7977919071595,0.304222445171717,-3.14258407716886,-0.331345346679673,0.108211259784566,16.118198090263
-1.40213955523085,0.0912861086328487,0.167569862866106,-1.79569479729548,-2.13225805223348,0.0453766875357379,-90.2402783763909,0.0760074360734961,-3.13237318850423,-0.336528477079762,0.109663216842809,16.0968975197923
-1.40277731873179,0.0913570436612545,0.168118761551587,-1.79556122458445,-2.1318804823979,0.0446525079834991,-88.9254904532825,0.343243192163982,-3.13951151220013,-0.333969243662923,0.103707939974034,16.1537485749868
-1.40349489563522,0.0911392385809169,0.168560644063879,-1.79566332125779,-2.13134456230813,0.0438664290474116,-89.9253151685699,0.4328515945665,-3.05343872032665,-0.338118072801822,0.108074669781616,16.142425908446
-1.40427546402882,0.0906582719917157,0.168900677982455,-1.79598173956868,-2.13068617489341,0.0430489001858465,-90.1202878784827,0.534400346168923,-3.1043808271192,-0.337727024829801,0.107868276300509,16.158404428809
-1.40510273182037,0.0899627714259914,0.169157993670996,-1.79647611432524,-2.12994733442452,0.0422352350799589,-89.2880157493512,0.196885496073492,-3.18161169383632,-0.335094240539724,0.103249553935531,16.2052358717686
-1.40595236349751,0.0891005406952488,0.169347904372538,-1.79710503512811,-2.12917636998106,0.0414588073493034,-90.6103950325856,0.496196685567156,-3.17771076885467,-0.340463067290093,0.107988284489871,16.1822209982081
-1.40680101082439,0.0881260795237431,0.169490720816517,-1.79782044826766,-2.12842187843458,0.0407519864757235,-89.5544845089177,0.224886511572095,-3.24430032840709,-0.338956448357418,0.108943249542584,16.2420007000089
-1.40762332985347,0.0870883026370048,0.169602185557793,-1.79857592970219,-2.12773074939864,0.040141424951245,-90.2208760456847,0.578381805380786,-3.26898716246939,-0.339621425118033,0.110408112085505,16.2400491252216
-1.40839561061944,0.0860275503855199,0.169691975813743,-1.79933055748802,-2.12714779146493,0.0396512476196895,-90.5560020654003,0.314846319002982,-3.38010238851083,-0.341478609064491,0.105653475638235,16.2579214287646
-1.40909653797443,0.084979625616576,0.169769454926644,-1.80004573113,-2.12671188393563,0.0393006271246331,-89.7740108008798,0.579992927748435,-3.22833354132047,-0.337927428640243,0.105131259180809,16.3032246203352
-1.40971224406031,0.0839727784849664,0.169841618304385,-1.80068987668951,-2.12644861472544,0.0390994919068099,-91.044681056741,1.16128731005233,-3.22577719538023,-0.337306076288562,0.109084587760347,16.2691981270454
-1.41023583348208,0.0830316382357985,0.169916212388882,-1.80123762284173,-2.12636751247421,0.0390426852797346,-89.9475782161076,0.0495497268698273,-3.0419426807974,-0.334487527738945,0.105556276043208,16.3283890445369
-1.41066759206723,0.0821808338706944,0.170005399247863,-1.80166486284637,-2.12646879887537,0.0391226128463781,-90.895005373072,0.0527983903384666,-3.17350107801911,-0.338212258167299,0.107911338856112,16.3154195226351
-1.41100957215647,0.0814330284380436,0.170114946830302,-1.80195828603239,-2.12674811149176,0.0393302278477181,-90.8876897893682,0.603542716218499,-3.11223038586246,-0.342141951109854,0.114798938389293,16.3283770045105
-1.41127721590833,0.0808025993133263,0.170255128996939,-1.80210858556912,-2.12717985110156,0.0396404547585206,-90.0819185101873,0.558068037051953,-3.07261144163098,-0.337787558942244,0.110273144226831,16.3802607917292
-1.41148865222253,0.0803003505895195,0.170436876282886,-1.80211340485808,-2.12773433980818,0.0400284387303522,-91.5723564030139,0.253840354413569,-3.26450516310979,-0.339425024200732,0.109105373506754,16.3731153974561
-1.4116692135439,0.0799348097577877,0.170670526647906,-1.80197427391782,-2.12837459858324,0.0404659992971118,-90.7192071939949,0.419807777454707,-3.13663079963095,-0.339938859108678,0.106842290444966,16.4362464155632
-1.41184467111968,0.0797118794870606,0.17096426249043,-1.80169689929916,-2.12906451845651,0.0409275566653075,-91.4410548147301,0.689501265953595,-3.26322476318046,-0.342120335226219,0.108638700886889,16.4385333812282
-1.41204781293823,0.0796391246784864,0.171329973347241,-1.80129006885881,-2.12976038561698,0.0413836355570399,-91.5715955546882,0.450656452837848,-3.17525872836029,-0.342738941651767,0.109132074820655,16.450637070797
-1.41231301656844,0.0797175032932831,0.17177446594055,-1.80076829244595,-2.13042221584994,0.0418106622394249,-90.7621954782108,0.529249020039288,-3.10792658507268,-0.342782566248722,0.110842769774071,16.4895650299671
-1.41266813108737,0.0799381503562522,0.172294376609959,-1.80015334042595,-2.13101897685389,0.0421920386978222,-92.1491291361661,0.545369472903303,-3.2050456410322,-0.346770693807988,0.111981820277269,16.4451007331872
-1.41314191848304,0.0802934277558585,0.172889506822153,-1.79946791012509,-2.13151610731249,0.0425061291363918,-91.0133897358161,-0.0850380323927311,-3.16108345790252,-0.341150325552184,0.111228017338944,16.4990862865883
-1.41375837891151,0.0807666395845725,0.173551764653327,-1.79873907579813,-2.13188848788902,0.0427407097728476,-91.6885335793118,0.809771792297397,-3.19807417917133,-0.339369281586207,0.111433088066457,16.5061387904128
-1.41453955798711,0.0813434247797424,0.174274850262385,-1.79799114231253,-2.13211059836915,0.042882038298147,-92.0801149713913,0.405895600152235,-3.16800197654402,-0.343155822342983,0.112882863133091,16.5287160439281
-1.41549719350988,0.0820123090524891,0.17505421133652,-1.79724378514209,-2.13216763431503,0.0429227342351764,-91.3294461372504,0.525420715794553,-3.23861850511116,-0.341758183993583,0.10941618868369,16.577968747684
-1.41662975822662,0.0827553429067223,0.17587927255411,-1.79651674892286,-2.13205782327592,0.0428625904835862,-92.6988227709824,0.601265849093807,-3.35835265192293,-0.343267122177422,0.110688711849292,16.5498937804858
-1.41793111660029,0.0835534531909481,0.176738823753005,-1.79582801755996,-2.13178078961717,0.0426996577919552,-91.3578110493793,1.00414373970989,-3.22419830668861,-0.343470030065599,0.107129461309201,16.6017433610452
-1.41938608999317,0.084389043468903,0.177622662880232,-1.79518981262216,-2.13134708876673,0.042442035746747,-92.2470300884476,0.953368067894644,-3.13762073672657,-0.347215719415939,0.104846710425977,16.5830291011902
-1.4209678866077,0.0852462332498654,0.178519324925616,-1.79460724730333,-2.13077765840185,0.0421005997678843,-92.3681902984077,1.24318095043759,-3.12508673967525,-0.347852086884665,0.108123348571956,16.5982047189008
-1.42264256769636,0.0860993030679289,0.17940875207182,-1.79408876737006,-2.13009924101565,0.0416892832380562,-91.8075810436689,0.189382150167376,-3.26390865709351,-0.346291901502574,0.11596774953043,16.651505455124
-1.42436655024005,0.086914671212087,0.180262932581306,-1.79364468250623,-2.12935079582736,0.0412302394840438,-93.0189174164599,0.406914766887894,-3.25684329834192,-0.3489282071169,0.116441055889354,16.6406972201778
-1.42608967788383,0.0876583142023684,0.181051032101365,-1.79328160702533,-2.12858120369834,0.0407520770887027,-92.1349915307092,0.572695241731935,-3.302998818888,-0.349294190047726,0.11110854523278,16.7005189195147
-1.42776122924863,0.0882997489351549,0.1817441593741,-1.7930017770352,-2.12784055966244,0.0402846071874683,-92.930147487823,0.231953988241457,-3.29449222470595,-0.349922125547253,0.111159694053719,16.7055770942415
-1.42933612742594,0.088804188414592,0.182309840495462,-1.79281021072016,-2.1271757068963,0.0398560793055201,-93.2245141952909,0.00730187628596468,-3.34067144409269,-0.346887331434546,0.10910525060838,16.7257135876557
-1.43076208125192,0.0891313668890135,0.18270994719743,-1.79271674171021,-2.12664186355652,0.0394987764816474,-92.3765596628308,0.711412013936524,-3.19322673705022,-0.343519169825968,0.110749203774512,16.7710428114827
-1.43199479078617,0.0892530507519851,0.182916333040431,-1.79272468310853,-2.12628502010769,0.0392387192848237,-93.654137243541,0.811101638536229,-3.36366311745238,-0.348566998235274,0.114772752101873,16.7296445574182
-1.43300362309481,0.0891428274612469,0.182904517551098,-1.79283889731835,-2.12614051532605,0.0390979028502849,-92.5749926508879,0.463448506130817,-3.33839458624206,-0.348282711233995,0.116483422431341,16.7806527131204
-1.43376719807977,0.0887938357595299,0.182666984784532,-1.79305489690242,-2.12623139141391,0.0390902210022623,-93.20949859571,0.920020030077694,-3.26419110705473,-0.349017041688532,0.113523872130588,16.7738277933487
-1.43428262938839,0.0882104872192961,0.182210347275133,-1.79336761028241,-2.12655985799308,0.0392165865838101,-93.5840798151527,1.31162197502431,-3.34614290157489,-0.346440421157689,0.111625285753405,16.7865300889689
-1.43455753563954,0.0874115530511421,0.18155451626479,-1.79376512279834,-2.12711862056266,0.03947495918788,-92.6558330945938,0.339049704219406,-3.27046299192136,-0.345634023934614,0.11080889334187,16.8320622771465
-1.4346141976882,0.0864236023283294,0.180728528955925,-1.79423529734311,-2.12788498774804,0.0398550895529653,-94.1169779452615,0.524543123064177,-3.22238256352054,-0.348562118854166,0.111376058012578,16.8185318050496
-1.43448649165392,0.0852849066295001,0.17977347241397,-1.79476274408467,-2.12881927172401,0.0403337483542374,-93.0557313844603,0.927825827638117,-3.2096610257428,-0.349002107746432,0.109920903695662,16.8936843025182
-1.43421591037006,0.0840372163937175,0.178733141334349,-1.79533341027849,-2.12987472060138,0.0408848531732729,-93.814571399431,0.418922886922246,-3.34980255501301,-0.353326397253326,0.113100811176067,16.884273343559
-1.43385451160917,0.0827328279299202,0.177659500886123,-1.79592757521451,-2.13099325877853,0.0414754874863941,-94.1268585917376,0.675944783569548,-3.32594398089887,-0.35738363780366,0.112836244945186,16.8978963895823
-1.43345802936293,0.08142560296392,0.176605305491429,-1.79652581027789,-2.13211017465768,0.0420660005851304,-93.2006842615301,0.951458358342734,-3.36032871643346,-0.352272909487445,0.11336942945461,16.9349119963918
-1.43307569964818,0.0801475060259094,0.17560198177646,-1.79712219052696,-2.13317399227883,0.0426269975679656,-94.8129232799523,0.613711418617186,-3.35048491879218,-0.354554182492512,0.113902466791879,16.9013480922769
-1.43276056647522,0.0789494428819033,0.174693770580684,-1.7976966193989,-2.13412451738135,0.0431195070645879,-93.3148201377979,0.205403383898329,-3.18165271166407,-0.352234478835541,0.110798115390101,16.9564133982443
-1.43255780032535,0.0778677984257659,0.173910611112443,-1.79823763662377,-2.13490957190164,0.043508290103059,-94.2781071348186,0.848075852024976,-3.25120260108048,-0.349671321080315,0.112033921843798,16.9377660903514
-1.43250319484678,0.076930533748035,0.173270684077275,-1.79873490432814,-2.13549137006163,0.0437662565813906,-94.309812005163,1.42361421520377,-3.34408997777436,-0.351416697779353,0.116604589013242,16.952374419391
-1.43262114846703,0.0761637510669804,0.172786532298469,-1.79917540499428,-2.1358449683907,0.0438706890364646,-93.8304108436841,0.427713464503995,-3.21309841774305,-0.350146987642089,0.113977261845683,16.9880967386856
-1.43292289488739,0.0755926191856737,0.172467518054479,-1.79954351214839,-2.13595888253359,0.0438062710904757,-95.0360517082956,0.331529131672369,-3.29481540953714,-0.352328506680316,0.112722181743966,16.9797143782147
-1.43340920864769,0.0752295613671752,0.172311375062527,-1.79982859957635,-2.13583874123156,0.0435703085035467,-94.2151914655373,-0.362733997003261,-3.40875200253001,-0.353259367103412,0.115938101829423,17.049166940663
-1.43407305623371,0.0750809570034896,0.172309782552288,-1.80002120231711,-2.13550314568755,0.0431690237005685,-94.8231745279307,0.697804924951924,-3.41946004179979,-0.353696252603648,0.117385608632749,17.0612257889683
-1.43489114335846,0.0751427470929826,0.172445626879904,-1.80011713997193,-2.13498687487274,0.0426176951204066,-95.0833233464081,0.49927999108013,-3.3732060630247,-0.355623259165699,0.114359558187345,17.0738560944689
-1.43583356418256,0.0754049958878262,0.172698754661099,-1.80011306502295,-2.13434009557541,0.0419478090202716,-94.2658848034601,0.464832849775803,-3.44908260199657,-0.354465472545776,0.112646311465339,17.1175768780543
-1.43686899189099,0.075848033483334,0.173042750383177,-1.80001133471161,-2.13361811710911,0.0411961328425507,-95.7058840604477,0.673458744275422,-3.3392894400458,-0.35643603516038,0.114398045579248,17.093784002294
-1.4379645042388,0.076441715249187,0.17344632600999,-1.79982320618563,-2.1328776136428,0.0404027306720508,-94.7000396483108,0.772116054190974,-3.24541375582731,-0.355055652955758,0.11423277464438,17.1548750903094
-1.43908404555807,0.0771422541556728,0.173869124892494,-1.79956940194461,-2.13218036046994,0.0396139772807436,-95.3503570253685,0.86216078446887,-3.32751115630353,-0.353983167931377,0.11591839708824,17.1391261771563
-1.44019944307387,0.0779125300291579,0.174278201998868,-1.79926693697178,-2.13157973602539,0.0388734067600094,-95.6008732551794,0.876292291652817,-3.30541226011263,-0.353502913420569,0.119587297852518,17.1376409104563
-1.4412841884114,0.078699544918404,0.174631291413971,-1.79894431295513,-2.13112593412873,0.0382255640252847,-94.643017053893,0.759223070417647,-3.24039330394476,-0.351742024198588,0.115211386402821,17.1857948435828
-1.44231932106125,0.0794597609621679,0.17489495980511,-1.79862509273504,-2.13085731014217,0.0377081529932878,-96.0712247521686,1.25659143109374,-3.37956658598765,-0.352640677503347,0.112726537366495,17.1501448575682
-1.44329515732362,0.0801459602099914,0.175036029920509,-1.79833868250187,-2.13079328111444,0.0373432560286871,-94.7598972927301,-0.0147614019660978,-3.44399288764404,-0.351164947916286,0.112648830286031,17.2068546149888
-1.44421656188354,0.0807391861160145,0.175045705318145,-1.79809692722549,-2.13093056890763,0.0371386117167447,-95.8953242165562,0.596388750417418,-3.29609251989237,-0.353126246317961,0.114682166911755,17.2027492957732
-1.44509200159775,0.0812270458544297,0.174921056278025,-1.79790794727404,-2.13125675486828,0.0370955277290071,-95.7829902492831,0.645069076888376,-3.31031562562376,-0.354836961033603,0.117776635291128,17.2326146154805
-1.4459449385193,0.0816199869509084,0.174680774963949,-1.79776661269532,-2.13173370680255,0.0371946246514777,-95.3970045964305,0.631846072430562,-3.31767727248709,-0.361445843901774,0.115110675444596,17.2730546939362
-1.44679698954878,0.0819391979754052,0.174351063912368,-1.79766108379857,-2.13231737705812,0.037408993530219,-96.4033510283255,0.137767316855161,-3.44298598282856,-0.366957662395722,0.116057954608977,17.2602824950278
-1.44767517541944,0.0822166916952192,0.173968669123789,-1.79757304168097,-2.13295440361432,0.0377034049187201,-95.5566835755937,1.15934182449223,-3.30449140266836,-0.363410592505784,0.115649715407833,17.3154824895651
-1.44860372075238,0.0824879247047114,0.173572570087854,-1.79748063597999,-2.13359313498191,0.0380422845664781,-96.1684614669165,0.643865023289663,-3.48388415855757,-0.365019286056572,0.115793665525044,17.3230731043831
-1.44960390630659,0.0827938330710278,0.173207140543854,-1.79735967362516,-2.13418079829444,0.0383853002015645,-96.6810804422618,0.0904002376057633,-3.49787430250763,-0.364233694612719,0.119631509144775,17.3497811896475
-1.45068953290805,0.0831649474900544,0.172909274955313,-1.79719187352066,-2.1346745234984,0.0386967602044171,-95.8454747590162,0.560093908176668,-3.33793290681851,-0.360944770119174,0.114656743588486,17.4015249825679
-1.45186365979928,0.0836163085267057,0.172700847242555,-1.7969664978682,-2.13505231877871,0.038957025149819,-97.1249665651615,0.688187068722982,-3.50369755150356,-0.363691366636444,0.118361788101053,17.3674685690883
-1.45311801936064,0.0841457210941705,0.172590121592719,-1.79668495094735,-2.13530208121068,0.0391466527848056,-95.9936046544445,0.252950407133085,-3.38427041212361,-0.360210410214836,0.116035641986742,17.4215411091975
-1.45443004873261,0.0847209255612924,0.172559803166145,-1.79636660907551,-2.13543753141941,0.0392655541085348,-96.6928947089814,0.745123629016007,-3.3898194798027,-0.358052039299625,0.119091740331623,17.415993175971
-1.45577717985819,0.0853104214184981,0.172593206365275,-1.79602930638119,-2.13547317425438,0.0393118917302255,-97.0888584706823,0.347823948428641,-3.40353504024182,-0.360984438499262,0.118269265213946,17.4232700025643
-1.45712185449483,0.0858499246471069,0.172645603458896,-1.79571028213756,-2.13545265878539,0.0393088974838264,-96.1441525098198,0.697330421807237,-3.26980006675777,-0.358998645661466,0.117394222654709,17.4761349576937
-1.45843267761578,0.0862921172650442,0.172685813989178,-1.79543521048312,-2.13541297573632,0.039274647962011,-97.727649303359,0.692207546365353,-3.4649243579384,-0.3599476507498,0.120162133490876,17.4597523901711
-1.45967504454535,0.0865743017772154,0.17267009607739,-1.7952409372785,-2.13539693129933,0.0392306905328195,-96.6145012374093,0.648483458253395,-3.37464392833053,-0.360302504156295,0.119155859799768,17.5273093193064
-1.46082455854598,0.0866537797584126,0.17257151682242,-1.79514997672833,-2.13543950314971,0.0391993340231357,-97.5735286868132,-0.305866455909836,-3.4945131238193,-0.365422474019375,0.117711791965086,17.5216391277878
-1.46187506325885,0.0865154388075879,0.172386454564727,-1.79516818259544,-2.13555217073633,0.0391893954157281,-97.651753598685,0.331200518621927,-3.3295147063796,-0.36178376256694,0.119138926256552,17.5299944660824
-1.46282346989329,0.0861623416027548,0.172123921823127,-1.79528971525104,-2.13574170808963,0.0392073753843299,-96.7169890870586,-0.188809780311203,-3.29481559503063,-0.360884645251669,0.117003954827303,17.5625181459505
-1.46367636595863,0.0856182667224434,0.171808995753161,-1.79549733280635,-2.13599850946621,0.0392490678595117,-97.9492606387496,0.252918288603723,-3.40881580820906,-0.366717165978651,0.117847135926118,17.5357507303485
-1.46445398569294,0.0849367758444952,0.171488998936256,-1.79575539193017,-2.13629661920583,0.0393012145351815,-97.1844493569784,0.210733834516986,-3.44833895197831,-0.366389172751262,0.118102943710606,17.6017727452286
-1.46518046977291,0.084192113686937,0.171226082663697,-1.79601590651561,-2.13660226381047,0.0393472026331321,-97.9757707944727,1.21251705041618,-3.56215394751069,-0.367027749266292,0.119465401957179,17.6002272037853
-1.46588417547878,0.0834580383328252,0.171080395959698,-1.79623391007486,-2.13687449765556,0.0393647016983527,-98.0163540538956,0.779972478657328,-3.47339182683945,-0.371367239744881,0.119976893070402,17.6110079172245
-1.46658837582757,0.0828067075829981,0.171107229096859,-1.79636751859751,-2.1370767145219,0.0393328904462748,-97.2880090470748,0.524784089642253,-3.38219905440286,-0.368148520602341,0.11759412909132,17.6578440905922
-1.46730779707321,0.0823056630552532,0.17135201603483,-1.79637730623003,-2.13717947935149,0.039232548293754,-98.7371884142537,0.828800569988971,-3.42252315068012,-0.371934919795372,0.114659618510378,17.6425923714724
-1.46805198075989,0.0819934009211991,0.171835167944488,-1.79624542880802,-2.13716437012338,0.0390509028825263,-97.5592355843573,-0.0293321430381184,-3.47273926057801,-0.367149158704112,0.117063578367079,17.7049020453155
-1.46882022286268,0.0818836904361504,0.17255361878155,-1.79596921847136,-2.13703159655671,0.0387906710604511,-98.3211868693068,0.616239582374192,-3.58720275000007,-0.368677114368737,0.120741742366031,17.7023282252963
-1.46959955093599,0.0819598265684363,0.173476253224714,-1.79556679720191,-2.13679663969643,0.0384597935665372,-98.464975975987,0.726212114299642,-3.6386357380525,-0.371154325358633,0.122688771367156,17.7044328281644
-1.47037260758303,0.0821801146365697,0.174551152856481,-1.79507301828702,-2.13648585861242,0.0380740277812261,-97.6496435114555,0.0464574798713784,-3.4849580110361,-0.363834566868378,0.122665429344889,17.7367773831548
-1.47111780092177,0.0824844954058186,0.175710395279284,-1.79453355353804,-2.13613651233427,0.0376563086464738,-99.1081503158059,0.632136042592492,-3.37944473802253,-0.365339705218465,0.118549838324944,17.709203743298
-1.47181354597573,0.0827876861971077,0.176866804492999,-1.79401044613291,-2.13579174962211,0.0372341611988865,-98.0473121452645,0.520329690889639,-3.24563824713661,-0.364535856593077,0.113431716476939,17.7708724653648
-1.47244272188887,0.0830012166541749,0.177933034401867,-1.79356706411837,-2.13549226519277,0.0368339178733146,-98.7645115494597,0.261678044673772,-3.49066624418785,-0.361908779399059,0.118561944586586,17.7580087152593
-1.47299390965454,0.0830434682983388,0.17882927731347,-1.79326080142777,-2.13527426190754,0.0364795650290476,-98.8415162968441,0.713639567304199,-3.3787226659521,-0.364257082778603,0.121679396029225,17.7780817449153
-1.47347421668956,0.0828628095391295,0.179504014312079,-1.7931281724231,-2.13514935620167,0.0361793827410481,-98.3477789931495,0.654476149620677,-3.44105897118033,-0.365495575457859,0.120370540298288,17.8187359555393
-1.47389665111689,0.0824145739909863,0.17991508228831,-1.79319873004447,-2.13512986483,0.0359476670983086,-99.4825361836156,0.50999536770837,-3.53278029747966,-0.372566870097868,0.122083955239394,17.8032030598999
-1.47428956317124,0.081692165509109,0.180054972379487,-1.79347439017938,-2.13520717882851,0.0357852003411773,-98.4760015207057,0.374562236857855,-3.46594008012548,-0.37025681769166,0.122352086967777,17.8661442683243
-1.47468552376862,0.0807118576777235,0.179937960855716,-1.79394190055215,-2.13536322774724,0.0356882639303621,-99.4785554493482,0.574640816501187,-3.52347183867664,-0.36646465669123,0.122783219311278,17.8673112777975
-1.47512462903257,0.0795207416976869,0.179604569109642,-1.7945651941725,-2.13556958205536,0.0356471484090503,-99.579292951982,0.395515742130328,-3.50406497018125,-0.36885896509137,0.121931038661843,17.8801066016653
-1.4756468792526,0.0781896642782254,0.179115729613615,-1.79529153791419,-2.13579432788278,0.0356492583881357,-98.7098462183206,0.455460650960504,-3.44611346316498,-0.371658520674691,0.122231841676775,17.9101509752085
-1.47628784775414,0.076798790493104,0.178540228817914,-1.79606192357811,-2.13600656038167,0.0356826216248126,-99.9524351832326,0.350063230842579,-3.47453053133862,-0.373516611480567,0.119461106957821,17.88720207061
-1.47707160162064,0.075427858556365,0.177943912110015,-1.79681598331184,-2.13618658608846,0.0357414221280452,-98.9392222983773,1.06699249510734,-3.47154252338035,-0.37477054251327,0.119830727487877,17.9389667270988
-1.47801429035196,0.0741596199932122,0.177394169698041,-1.7974933770145,-2.1363182778739,0.0358197710071101,-99.7279897142293,1.33411757690646,-3.58891506313228,-0.372575572196994,0.122471904642117,17.9396188244918
-1.47911982273587,0.0730662226567969,0.176946693969173,-1.79804213648695,-2.13639468749561,0.0359131475193776,-100.043907172405,0.58073554847806,-3.59508937817697,-0.374819384601975,0.12238187543795,17.9612566974857
-1.48037869390145,0.0721992729697032,0.176639745589558,-1.79842710293559,-2.13641765016537,0.0360192103672302,-99.3035576022309,1.35572417445678,-3.64408407078551,-0.374820214677314,0.12121323510602,18.0260009602415
-1.48177673164621,0.0715996409198265,0.176500382716473,-1.79862232549126,-2.13639191866165,0.0361336799921963,-100.747825796867,0.316347428224617,-3.71514876051123,-0.378930862088295,0.122176731503113,18.0085338435378
-1.48328763891663,0.07128500679244,0.176536223922901,-1.79861997684742,-2.13632900923161,0.0362524081076794,-99.7235053151678,0.0496758132494506,-3.5928081469639,-0.376596292905566,0.123677473692096,18.0651615023012
-1.48487824695571,0.0712520097535378,0.17673664863673,-1.79842844966481,-2.13624567994109,0.0363723862709334,-100.457203714698,1.17986433839746,-3.53298671635787,-0.371467885093705,0.118889490412175,18.0556090790426
-1.48651430698315,0.0714879692015433,0.177083669461364,-1.79806507462667,-2.13615326281751,0.036481138725023,-100.755432944405,0.353732234272229,-3.49395556367892,-0.370110780319547,0.124188180604827,18.0650071201126
-1.48816083281167,0.0719532332916017,0.177539850699935,-1.79756401476388,-2.13606800699366,0.0365760552345433,-99.6880910833243,0.776135241947486,-3.3589570446448,-0.370388537854161,0.123078524686528,18.1064091450267
-1.48978542999847,0.0726184168358284,0.17807716903152,-1.79695203117565,-2.13599749730884,0.0366468284388954,-101.075275651137,0.531796164386606,-3.59385293911478,-0.374133808963932,0.122531777744056,18.0782688079482
-1.49135484043537,0.0734314083318388,0.178652063251037,-1.79626907332781,-2.13595606627159,0.0366910075669358,-100.106633813554,0.885977369315469,-3.45524722799226,-0.372069023889236,0.124144312633844,18.1386426902303
-1.49284756789598,0.0743448419348649,0.179229386959394,-1.79555163123756,-2.13594615553698,0.0367031875807002,-100.787390581251,0.967414683369498,-3.55050464921371,-0.370841081286683,0.124497679555433,18.1420361933193
-1.49423860427068,0.0753083702522979,0.179772232713178,-1.79483380034357,-2.13597799604237,0.036687628264002,-101.15181079609,0.989331926978366,-3.6405123638294,-0.370106400058794,0.123242254097637,18.1658152047564
-1.49551787578861,0.0762785882223653,0.18025572115311,-1.79414248041092,-2.13605336841185,0.0366509491095308,-100.407264589835,0.788884126241328,-3.53922428080006,-0.375380470558952,0.120132875918477,18.2134862749156
-1.49667293048542,0.0772112596424925,0.180655428037764,-1.79350296060282,-2.1361789695129,0.0366047718409315,-101.728044394089,0.32788295588125,-3.63492045136317,-0.377585148659501,0.122578382936799,18.1895173090782
-1.49769781859772,0.0780666920648425,0.180953336660075,-1.79293618713907,-2.13635990695791,0.0365629888963986,-100.64077294528,0.444619578760239,-3.59560096280612,-0.379875666418862,0.124661309263932,18.2518728961144
-1.49859170361111,0.0788194492588996,0.181142991220755,-1.79245225667422,-2.13659729647079,0.0365375302839161,-101.39366002765,0.754941758526911,-3.62891880969016,-0.385694324038946,0.124766028470994,18.2467486811503
-1.49936227573723,0.0794444746369862,0.181220396894804,-1.7920618090077,-2.13688800803375,0.0365394135276509,-101.713582176402,0.741064380857324,-3.63372997181389,-0.384153987367377,0.128267787125242,18.2614378014578
-1.50002085770989,0.0799295410052281,0.181192118272231,-1.79176835927033,-2.13721926688979,0.0365670338314586,-100.856568526227,0.258631424559098,-3.72822235327462,-0.381413995612286,0.127159729128098,18.3187272746493
-1.5005842326445,0.0802827571123306,0.181079315772828,-1.79156235139632,-2.13757619751559,0.0366159482214144,-102.442921669299,0.606624704747674,-3.74076825162342,-0.381580479599127,0.125925751767448,18.2903148637793
-1.50107810935421,0.0805248338913014,0.180912765276114,-1.79142710564687,-2.13793093661628,0.0366692847023393,-101.043075813047,0.30424733287191,-3.51060338050436,-0.37980996753656,0.123294811429809,18.3430479386083
-1.50152598425741,0.0806823715288001,0.180725847318951,-1.79134584586157,-2.13825474305102,0.0367052536620002,-102.117142326768,0.682947435500409,-3.42749430202096,-0.375182453549257,0.122361685145589,18.3237825006645
-1.50196004267627,0.0807978303404369,0.18056264045793,-1.79129248111287,-2.13850550772432,0.0366866568831838,-101.975765462639,0.817408843489602,-3.55919394184801,-0.379831852134576,0.124383550351221,18.330296118923
-1.50240261276291,0.0808968458401527,0.180450813882634,-1.79125145257782,-2.13865781805451,0.0365906242801875,-101.368044683174,0.447910537742473,-3.47674147928231,-0.37698495531369,0.1253275889849,18.3623784145258
-1.50288511537794,0.0810293168748828,0.180435648495113,-1.79119180015688,-2.13867548110186,0.0363858962516988,-102.484252712551,0.492748726840546,-3.59129149458536,-0.378795807761528,0.126107499049623,18.3392013743051
-1.50342662467241,0.0812199586261642,0.18053883471208,-1.79109986797333,-2.1385373060757,0.0360511934687218,-101.487567613886,0.697055188176364,-3.49357239896926,-0.38161608599235,0.126522701451095,18.3965382255375
-1.50404010928882,0.0814853164697773,0.180772169289474,-1.79096437127548,-2.13823963083541,0.0355830720779314,-102.303776488615,0.31656097082373,-3.62504744314933,-0.384369303032055,0.12690715451029,18.4116027398007
-1.50474033420691,0.0818362318611925,0.181142004701733,-1.79077786280404,-2.13777738376088,0.0349798202560574,-102.553299642456,0.252787003463936,-3.6771179180183,-0.38508795973795,0.1258053760766,18.4541346273224
-1.5055217320641,0.0822491543532227,0.181621638950677,-1.79055228958621,-2.13717945868518,0.0342684183883453,-102.104066516363,0.554341595937331,-3.66246600628475,-0.383077086000856,0.122409778478339,18.5071319705107
-1.5063762553678,0.082692565049447,0.182176637421673,-1.79030423939656,-2.13648491258228,0.0334883718275439,-103.308521525263,0.995132440878933,-3.71339222920591,-0.390716713735993,0.127577355154286,18.4799105455337
-1.50729165893357,0.0831298216655458,0.182766528242798,-1.79005347860516,-2.13573739783716,0.0326831779787605,-102.318479155249,0.956668459571574,-3.64701112757442,-0.389644354324983,0.12652998464867,18.5330299656745
-1.50824793342273,0.0835074960581466,0.183334658075957,-1.78982886485494,-2.13499524580246,0.0319095617232142,-102.928875355863,1.46447131312243,-3.50598604313203,-0.386623448539275,0.123514508278784,18.5294955084528
-1.50922615292316,0.083777207330856,0.18382843801196,-1.78965677173638,-2.134313970172,0.0312225016885016,-103.122599129161,0.721709236016068,-3.57496884590165,-0.388214191121836,0.126713655941125,18.532120851338
-1.51020766535132,0.0838965995470318,0.184201684315684,-1.78956245256299,-2.13374315394339,0.0306704478153125,-102.226263841821,0.479892852700232,-3.68546309353945,-0.383991654315931,0.130355695592543,18.5792557366191
-1.51117724886512,0.0838427918795315,0.184422508291337,-1.78955764858184,-2.13332239694096,0.0302907910629428,-103.742504982056,0.552867405551069,-3.71244838902416,-0.382397193157558,0.12890931217614,18.5536397814814
-1.51212000227772,0.0836037100270133,0.184469514758822,-1.78964906247909,-2.13307993095199,0.0301070310352818,-102.61951079579,0.37081619016908,-3.62878639870942,-0.382053991807784,0.123532744078719,18.6133828322671
-1.51303305618288,0.0831927348478843,0.184345953826487,-1.78983051446936,-2.13302225041234,0.0301240407948453,-103.515214525967,0.553217530134361,-3.76995325511305,-0.383616487701092,0.125789090701345,18.6139474293194
-1.51391264023773,0.0826406020756387,0.184069360233779,-1.79008461233113,-2.13314412140258,0.0303307541519553,-103.693347184893,0.932083737801349,-3.82901435831715,-0.384270143643532,0.125905851415859,18.6353597942135
-1.51475632452882,0.0819793799388773,0.183661572361983,-1.79039654774071,-2.13342971824983,0.0307036238666659,-102.729288411476,0.420792492961709,-3.61498031094135,-0.38292165126479,0.126827975356242,18.6790762616981
-1.51556975316406,0.0812647770049786,0.183167326993917,-1.79073675767675,-2.1338447388907,0.0312014348779024,-104.313126927426,0.424835339694255,-3.65960659777352,-0.38718489984671,0.130041790577519,18.639648760704
-1.5163594243354,0.0805412761574011,0.182623648036614,-1.79108328727599,-2.13435107239937,0.0317776070531441,-103.106126517264,0.825757043792919,-3.61382178713194,-0.38899643637919,0.126136732793475,18.7051277538263
-1.51713021485694,0.0798479449378444,0.182063987628652,-1.79141811849952,-2.13491210113023,0.032386670247219,-104.078937244258,0.826939756385855,-3.68762655972776,-0.390570881603762,0.127593675734614,18.6996808362457
-1.51788789323945,0.0792196861036594,0.181521082166913,-1.79172485729288,-2.13549227314165,0.0329841735719762,-104.186719110779,1.5228963696743,-3.47913195992714,-0.391892539861379,0.129793782378358,18.7209457708397
-1.51863916238642,0.078678584798622,0.18101706318119,-1.79199300918712,-2.13606076683705,0.0335331750923527,-103.563192136639,0.90627188378221,-3.52563305903061,-0.387040676917273,0.126031322869004,18.7616287436359
-1.51938600785054,0.0782281870962525,0.180557267854198,-1.79222241825601,-2.13659917270433,0.0340085223528089,-104.649835039066,0.546768915554821,-3.60093154049787,-0.392238315061485,0.125600716962239,18.7496919573687
-1.52013185991874,0.0778601540772268,0.18013772165356,-1.792419352963,-2.13709680588472,0.0343945381971483,-103.738716624519,1.38045871493659,-3.7974342962662,-0.389015181987118,0.125540328845161,18.8183067210513
-1.52088142717906,0.0775673705056636,0.179754712518617,-1.79258779839224,-2.13754771083981,0.0346841941818348,-104.562501719579,1.11230567635675,-3.76077492051471,-0.393930503919365,0.126012096374903,18.8213449768583
-1.52163588575103,0.0773344181933098,0.179395256704494,-1.7927347984604,-2.1379550917295,0.0348788179260998,-104.824394158862,0.464699193975548,-3.68375776514532,-0.396328075584587,0.129416602362702,18.8310075423885
-1.52239771193657,0.0771533757566356,0.179052889802707,-1.79286177998483,-2.1383252569304,0.0349867928229486,-104.103162213844,0.498341600404046,-3.80050010992244,-0.390772732061507,0.127313753679231,18.8803887810918
-1.52316784718795,0.077028066248344,0.17872943920518,-1.79296234781659,-2.13866579457092,0.035018173037484,-105.403152323135,1.3728482415554,-3.76278826110013,-0.393224152059247,0.129029677146154,18.8494435497789
-1.52394732296418,0.0769542678981789,0.178419874924839,-1.79303375064001,-2.13898846805004,0.0349896362073434,-104.210588365582,0.518396858110009,-3.72868030226036,-0.391933382237033,0.12502241458976,18.9031461809313
-1.52473115602859,0.0769334514433044,0.178124693615186,-1.79307093493496,-2.13930605467895,0.0349176308862031,-105.111748577402,0.893653364845477,-3.83857421576241,-0.392364883183167,0.127284323824827,18.8906658432745
-1.52551569969819,0.0769918334349828,0.17786556626421,-1.79305334681631,-2.13962174415582,0.034809201388944,-105.089793329699,-0.523188131131747,-3.62333769327566,-0.390901653648299,0.131545419030945,18.9000241126997
-1.52629854510329,0.0771462046321645,0.177659907925399,-1.79296820573029,-2.13993514918594,0.03466949210819,-104.34859797582,0.55952683309215,-3.61028898127017,-0.39113059155593,0.130526658704023,18.9480925337842
-1.527079303617,0.0774154260435616,0.177528798006577,-1.79280249324613,-2.14023863055935,0.0344972417377647,-105.809781344076,0.810255400318511,-3.84241873815282,-0.39311802762577,0.13211443254687,18.9237097101115
-1.52785269291595,0.0777968341355066,0.177479405860302,-1.79255840912103,-2.14053043801417,0.0342962017572336,-104.638922375521,0.631055877852987,-3.7613838473313,-0.392046402839417,0.130054604602668,18.9827252988682
-1.52861959337748,0.0782964770837289,0.177528115594409,-1.79223309099282,-2.1407949674562,0.0340585354413969,-105.440908861636,0.781781964730953,-3.73785044176896,-0.392035921213962,0.126817761909444,18.9881471869802
-1.52938077860428,0.0788950898626588,0.177673390423657,-1.79184093264468,-2.14102021068049,0.0337775148197129,-105.807646365789,1.09742440676246,-3.76614084995165,-0.395410878126949,0.127233574600237,19.0217687466786
-1.53014381642231,0.0795606017106056,0.177905929909934,-1.79140420672725,-2.1411940811383,0.0334523859714778,-105.227588428211,0.491567542631856,-3.65569108078077,-0.394865499158509,0.128386051181065,19.0794964375791
-1.53091713811623,0.0802571244809158,0.178214132028288,-1.79094728154924,-2.14130017919939,0.0330769384696802,-106.530308263413,0.834325379912116,-3.87428665856081,-0.400770486964009,0.132260580315301,19.0535869832614
-1.53170845807514,0.080934222929482,0.178573852680145,-1.79050125171402,-2.14133796144194,0.0326613152622715,-105.22224646327,0.51674381575981,-3.78509202294271,-0.398647245477362,0.129574205642573,19.0975820555244
-1.53253636107397,0.0815469266774524,0.178966307825466,-1.79009416580992,-2.14129863036919,0.0322117462322523,-105.995880041258,0.85364768870545,-3.87685269565836,-0.40066526650609,0.127907238362435,19.0675005538109
-1.53341282757691,0.0820538811622402,0.179372615612959,-1.78974971915611,-2.14118293103753,0.0317406385514959,-106.108853301495,1.18188481691845,-3.86861601525229,-0.397407494539604,0.127420743373865,19.0730975670031
-1.53435057087231,0.0824182513267306,0.179775367328457,-1.78948670042236,-2.14099817096865,0.0312679696986951,-105.441381600165,0.888722708415798,-3.59548159192701,-0.394468829082458,0.130296071679058,19.1244958894545
-1.53536011101617,0.0826215889930193,0.180169124614153,-1.78931054026845,-2.14075527962968,0.0308148535334035,-106.793610818055,0.779436281895642,-3.75068113266522,-0.397959855497406,0.133511674891234,19.1107957769408
-1.53643707691025,0.0826475519561658,0.180544261657617,-1.78922368360963,-2.14047929235988,0.0304086355303636,-105.752969837831,0.707953620568333,-3.83575253832694,-0.395688304684572,0.132800173108224,19.1708978786779
-1.53757591471334,0.082500122282406,0.180902466734158,-1.7892153800631,-2.14019548201764,0.0300751724430753,-106.657894352239,0.922387773404125,-3.8918263055622,-0.396973862046887,0.128724088450955,19.1773552222172
-1.53876186896137,0.0821917160151209,0.181247724882828,-1.78927061912896,-2.13993202615624,0.029836591350696,-106.860954177116,0.21701563682268,-3.76875975231232,-0.399820638495139,0.12870180641197,19.2049251929835
-1.53997058451955,0.0817345071780213,0.18157947366589,-1.7893757141753,-2.13971795387683,0.029710519717957,-106.046623734413,0.858260778195017,-3.8740355493446,-0.397847817861916,0.131081722733982,19.2569209074522
-1.54117383618367,0.0811525600682721,0.181902518575893,-1.78951009278585,-2.13958279460167,0.0297113410103741,-107.564541904216,0.810625550857594,-3.81499642487648,-0.401552462565529,0.134440928346652,19.2330185451075
-1.54233760681607,0.0804712480606966,0.182218209884033,-1.78965314473181,-2.13955352623778,0.029845880191189,-106.456180760724,0.450729841148814,-3.79994116297178,-0.399486880906907,0.135141080706102,19.2924725454924
-1.54342916721177,0.0797246197176502,0.182534041671701,-1.78978280669456,-2.13964752116497,0.0301113477230933,-107.12064248674,0.565192382784517,-3.94135389007852,-0.402089145492678,0.1335647340868,19.2840588754076
-1.54442534772723,0.0789388531827306,0.182851512095382,-1.78988601148862,-2.13986848691083,0.0304946540763694,-107.326970120482,0.492756680949697,-3.79883002220723,-0.402814308035456,0.134966072787598,19.2903700749901
-1.5453000386392,0.0781314503764694,0.183164425204318,-1.78995839563143,-2.14021648075547,0.0309761745833223,-106.532287489033,0.779532687993424,-3.63629138290477,-0.395219363694114,0.128128250669331,19.3298742220302
-1.5460493398641,0.0773425251291293,0.183487845353211,-1.78998371648713,-2.1406654606567,0.0315190879635471,-107.934522889809,0.738704889243309,-3.68638912381581,-0.396238901862326,0.130414950238856,19.2976864807586
-1.54667514597861,0.0765975293719467,0.183827687311417,-1.78995795323191,-2.14118440234131,0.0320851216880351,-106.569177342071,0.775133553226169,-3.75127436485755,-0.394458181922265,0.128800442345255,19.3606147241174
-1.54718817181266,0.0759315341206541,0.184199683135015,-1.78987252618355,-2.14173498873074,0.0326321477396248,-107.594543986908,1.43653492255589,-3.79060262039567,-0.40075336424642,0.131846846609625,19.3593392518505
-1.54761491400079,0.0753833724180986,0.184628305245348,-1.78971804150097,-2.14226654188862,0.033113276609092,-107.866105741447,0.398122773231535,-3.83839945272106,-0.406991953683991,0.133224502142479,19.3890120079685
-1.5479839080236,0.0749764851722201,0.185129550014138,-1.78949643327481,-2.14272964142134,0.0334840662215939,-107.234077287918,0.634189161842414,-3.88400598047869,-0.402843303500792,0.134880686116094,19.4507202978128
-1.54832721891808,0.0747380539282396,0.185723617407564,-1.7892040931144,-2.14308277667449,0.0337112976940902,-108.436185981487,1.57970509429947,-3.77269875242203,-0.405614942820862,0.132500906578663,19.4342742629762
-1.54867460132501,0.0746755273215136,0.186418933384385,-1.78884941675894,-2.14329398546684,0.0337726427115451,-107.519157639075,0.548212587854096,-3.75341164907584,-0.406807081823827,0.132770193117107,19.4859230752714
-1.54905196857095,0.0747832724621098,0.187214575781489,-1.7884458301521,-2.14334489867225,0.033658483922758,-108.255625907139,0.200971751620273,-3.93263742851266,-0.40870894509991,0.130949361629185,19.4776882345809
-1.54947210077669,0.0750398051475454,0.188094082025874,-1.78801094907092,-2.1432397721953,0.0333770042162093,-108.487600290406,0.747673937367836,-3.81204157990999,-0.406709141808731,0.131495712638831,19.4967362341549
-1.54994033322876,0.0754024510695341,0.189024513961903,-1.78757163544773,-2.14300221595193,0.0329570113470588,-107.712444810121,1.14912721333394,-3.85361273045947,-0.405151068795528,0.132562175068436,19.5463267140686
-1.55045696999538,0.0758164718654282,0.189961810848516,-1.78715926740968,-2.14266738132954,0.0324373727669558,-108.984868878116,0.401745835175461,-3.91996627396838,-0.407757613007194,0.138119505656977,19.5137201373162
-1.55100929990127,0.0762176995638075,0.190850891917736,-1.78680454510641,-2.1422860690918,0.031869076173043,-107.859867611947,1.00157539953034,-3.72384675774356,-0.403514661721139,0.13508554366055,19.5739598079274
-1.55157456591146,0.0765313256110289,0.191625811724129,-1.78654377119918,-2.14192314835256,0.0313144944372761,-108.816020567047,0.571209664397657,-3.78304435885789,-0.400904209476797,0.130972027142473,19.571319778972
-1.5521349879648,0.0766985116888854,0.192231708208669,-1.78640098289004,-2.1416317830139,0.0308260330931532,-109.10738257217,0.76625541534122,-3.97740660768079,-0.403838059440679,0.132075574557647,19.5958087317237
-1.55267305614901,0.0766718340365227,0.192620972120134,-1.7863933826317,-2.1414588608316,0.0304487655234567,-108.308357995921,0.422212418701065,-3.76374308072815,-0.402588615718765,0.133193975921599,19.648064538699
-1.55317807390295,0.07643274538637,0.192770161809243,-1.78652162250399,-2.14143553255116,0.0302148181017627,-109.554097093375,0.626267304606245,-3.86716092900016,-0.405445194724673,0.137558336397518,19.607995433217
-1.55364894171602,0.0759906630248484,0.192678933604422,-1.78677119451291,-2.14156901167702,0.030132998092832,-108.341721512155,0.326339044621363,-3.777278228276,-0.406683088064002,0.136067924791186,19.6642284034946
-1.55408889037507,0.0753833745738994,0.192369350574145,-1.78711320967204,-2.14185247146635,0.0301974503836038,-109.140556636648,0.313173886234381,-3.95348978992203,-0.412377207702886,0.133823284715318,19.6608609075795
-1.55451138992709,0.0746738005752974,0.19188685150378,-1.7875090422743,-2.14225507389385,0.0303796816883033,-109.451283855887,0.745795672302165,-3.79193943774561,-0.41254335394338,0.132034675287499,19.6883169388519
-1.55493795850491,0.0739481020634098,0.191298250680276,-1.7879074573938,-2.14273201733824,0.0306394163078076,-108.988763960803,0.511920532746672,-3.93380599045844,-0.405861302182719,0.131932806365042,19.7430771808913
-1.55539004315318,0.0732925994937279,0.190671308068782,-1.78826063811408,-2.143233201658,0.0309283372526816,-110.151914514595,1.21385404355624,-4.03055543357129,-0.41047332875016,0.136795751497046,19.7118129576603
-1.55588728431352,0.0727856305160781,0.190070155651298,-1.78852993998071,-2.14370740359977,0.0311944533008642,-109.013348480101,0.481727795309098,-3.92906880761498,-0.410189866870253,0.132786976420184,19.7618216406092
-1.55644518856373,0.0724987834646331,0.189556190096814,-1.78868183300032,-2.14410989565364,0.0313908504720298,-109.817139431064,0.13093500125683,-3.86696511476089,-0.41030137369947,0.133164796754927,19.7546472588637
-1.55707800444733,0.0724803934814169,0.189173924795631,-1.78869614962376,-2.14440362052675,0.0314786139060442,-110.007046379357,1.46438145931234,-3.84887582007914,-0.409865615045364,0.132747971672712,19.7860109997751
-1.55778554641602,0.0727356487392612,0.188934520091474,-1.78857811523287,-2.14457549931382,0.0314410629297067,-109.282684558689,1.12925144064229,-3.72314410162079,-0.405912445862647,0.136507686591328,19.8349520280776
-1.55855609854026,0.0732520016362326,0.188834146090605,-1.7883399189995,-2.14463233962775,0.0312781648367027,-110.722148409769,1.0117500093022,-4.01007430871766,-0.40934608255769,0.139819901284424,19.7982815434435
-1.55937860613663,0.0739856427049776,0.188846956746202,-1.78801067430346,-2.1445894955237,0.0310022436706644,-109.489484057678,0.639870460209522,-4.01183307860242,-0.412956963024089,0.139043521465957,19.855284120817
-1.56023046184439,0.07485799745508,0.188919792449848,-1.78763722952513,-2.14448269088407,0.0306465514901671,-110.361618627913,0.604362106994358,-3.91282823316828,-0.41311515722326,0.137350433025695,19.8571218284497
-1.56108750426656,0.0757950801943394,0.189002983437516,-1.78725951185563,-2.14435033588009,0.0302470715711798,-110.749630942966,1.23866380330173,-3.79314023851126,-0.413068897517441,0.134894389631855,19.8823608687085
-1.56193323934999,0.0767280167630062,0.189054005965279,-1.78691362171865,-2.14421987794279,0.0298332213187153,-109.939937721186,0.496576470851551,-3.75182844550869,-0.40851965370851,0.133970322555767,19.9294020498212
-1.56275569510769,0.0775899490052048,0.189033322684245,-1.78663266407572,-2.144114654836,0.029434922221154,-111.22932313385,0.656562020005595,-3.91434542893995,-0.409466924152555,0.136255623290221,19.8925168900618
-1.56355416903654,0.0783334003471303,0.188918463580987,-1.78643733758819,-2.14404402099213,0.029071746642139,-109.99621192478,0.396332826237995,-3.96146999481482,-0.410194330338576,0.138160293633168,19.9455167491643
-1.56433230617119,0.0789346494485113,0.188705849388321,-1.7863351794172,-2.14400138939753,0.0287473985396644,-110.697312910803,1.0424363149707,-3.87086551100376,-0.416111099260799,0.136209493730309,19.9212340993339
-1.5651052196376,0.0793870970327575,0.188405758206177,-1.78632429089955,-2.1439678812398,0.0284560929611358,-110.9885647226,1.28024850276347,-3.8475174852442,-0.413745275367245,0.134868230811085,19.9467167701276
-1.56589659563544,0.0797145955805867,0.188052450495462,-1.78638508998489,-2.14390895253248,0.0281778573597584,-110.378131427164,1.07464762349196,-3.97481985956671,-0.40867661068634,0.134649729798845,20.0055029102858
-1.56673338761535,0.0799445723407359,0.187681204709518,-1.78649922160782,-2.1437866076941,0.0278879812758685,-111.64051593145,1.48206454759315,-3.89919862466252,-0.410060746672369,0.142781244565042,19.9804780302296
-1.56763545853258,0.0801106407614167,0.187327720820973,-1.78664405727983,-2.14357287836824,0.027566737324392,-110.587303316923,0.982031022538422,-3.90161282248505,-0.411183903765246,0.137077823457728,20.0353003787448
-1.56862596743713,0.0802518772201264,0.187029735384388,-1.78679698124976,-2.1432364734486,0.0271903115668096,-111.369683935637,1.0560734890405,-3.95930841483886,-0.417939874008148,0.137373933864903,20.0267892697896
-1.56971770531834,0.0804007106226088,0.186814791257412,-1.78693929156498,-2.14276108372218,0.0267437053415482,-111.537911044856,1.55737232615388,-4.20037662529992,-0.418752392094118,0.140002923116626,20.0573977917123
-1.57090858119744,0.0805707935023054,0.186689622160916,-1.78706419086017,-2.14215327269149,0.0262282148621679,-110.962134385829,2.0115212564142,-3.91555599178767,-0.415636396599454,0.138672953837683,20.106867783978
-1.57219139292823,0.0807738258205735,0.186656554699096,-1.78716543083627,-2.14142960001154,0.025652100835809,-112.119956136673,1.55315811763171,-3.93154843745052,-0.41658190308471,0.137328203915032,20.0831781879954
-1.57354107823368,0.081021971192186,0.18671296395765,-1.78723468454733,-2.1406241193672,0.0250322831269791,-111.21063066226,0.796120069541757,-3.98139010756819,-0.417000102673519,0.139813057633653,20.139075913791
-1.57491788446234,0.0812980567421899,0.186827138703842,-1.78727986976767,-2.13979621702753,0.0244063852108139,-111.712898874399,0.607044407636295,-3.95056195825444,-0.420047306491822,0.138393921902334,20.1410712706531
-1.57628299774372,0.0815897813107309,0.186971157355659,-1.78730532262057,-2.13900548135477,0.0238128855393574,-112.044759511086,1.03937594775721,-3.9416520484065,-0.418816787208185,0.134063262878138,20.1591814281293
-1.57758841232687,0.0818999586360736,0.18712734825112,-1.78730551009858,-2.13830771785657,0.0232801428014219,-111.28072745909,0.805637540634052,-3.99024181275422,-0.412509784725274,0.137445778048931,20.2043576269619
-1.57879448950518,0.0822254412803236,0.187276557617983,-1.7872784217753,-2.13775564155709,0.0228415446941819,-112.792681283548,0.730012875547118,-3.9276597664045,-0.414141238124246,0.142518816654766,20.1664081691094
-1.57986393425938,0.082567935242059,0.187404798013168,-1.78721775492396,-2.13739280552935,0.0225211957905982,-111.479342836742,0.261825789421437,-3.76897795656507,-0.413968743353838,0.144300882825985,20.2189381486083
-1.58076262535968,0.0829353363043044,0.187504844352448,-1.78711366516751,-2.13725245461627,0.0223344900301638,-112.547254814511,0.346111147278407,-3.89505302617547,-0.415921285054419,0.139923016202719,20.2173351254184
-1.58147826599876,0.0833433322205561,0.187582332673304,-1.78695309592364,-2.13734102271382,0.0222813817664874,-112.594833819698,1.4955785766083,-3.86985946426577,-0.421377377963866,0.140532497760903,20.2490856042616
-1.58200880080362,0.0838058189175843,0.187646872120062,-1.78672598842916,-2.13764944007306,0.0223512384987973,-112.038889294115,1.1798499155168,-3.86112646753,-0.418705060959748,0.139851431797847,20.3041743409009
-1.58236363143735,0.0843335702834409,0.187709953973442,-1.7864242755212,-2.1381559195522,0.0225279369706696,-113.331952497692,0.999689838173936,-4.14481185762943,-0.41823546777436,0.140275290585368,20.281121362592
-1.58256867157173,0.0849290210203932,0.187783631113607,-1.7860464285593,-2.13882141635459,0.0227869631789997,-112.149961309637,1.43343789475784,-4.08465633507882,-0.419349652296737,0.142755518640372,20.3332873161541
-1.58265514031318,0.0855841405150777,0.187873894700382,-1.78559854533987,-2.13960209230165,0.0231013067913534,-113.052709067684,0.502524803019469,-4.00469577090567,-0.42640542416681,0.140625765712065,20.3172749488651
-1.58265927986913,0.0862819414164147,0.187982288318191,-1.78509125320591,-2.14045845052021,0.0234529128186508,-113.211105258153,0.764935488039555,-3.9926746405024,-0.426830072052781,0.138317528008088,20.3337678893289
-1.58262290502804,0.0869888351087003,0.188104005283557,-1.78455030552068,-2.1413432152494,0.0238188365357997,-112.228510488232,0.986794616211455,-4.03543881436207,-0.421603276899899,0.140583781703096,20.3736874255764
-1.58259169831734,0.0876768454495984,0.188239000834608,-1.78399497150337,-2.14221251919726,0.0241822582314114,-113.583520914477,0.915288469865345,-3.88553810919188,-0.426415649204511,0.145951013821817,20.3491068426325
-1.58259549179422,0.088290086362079,0.18836321235798,-1.78346427314727,-2.14304344236009,0.0245388354654112,-112.603721303367,1.22022896263388,-3.98084268096827,-0.422032562776467,0.140490940817623,20.4200189809687
-1.58266600477344,0.0887847213497643,0.188462184066732,-1.78299005331648,-2.14381342577033,0.0248845946132761,-113.629370837796,1.52759457963339,-3.9472500385225,-0.425240806512605,0.139566828151747,20.423122153595
-1.58282822093506,0.0891251648535203,0.188524899939863,-1.78259949122414,-2.14450901067828,0.0252195751379428,-113.616197355525,0.281739529787501,-3.98947567988426,-0.4298579370222,0.138346406701186,20.4344165303917
-1.5830953635845,0.089276992947191,0.188537136746008,-1.78232007462349,-2.14512751547759,0.0255463473369598,-112.742732376407,0.0691338328813345,-3.97309826353242,-0.428453864397881,0.137341568595256,20.4704863251124
-1.58347601766093,0.0892236481609778,0.188494261401394,-1.78216808196103,-2.14567018327022,0.0258685520122651,-114.098634040383,0.593880487530896,-4.08156115780938,-0.428655140870714,0.141216590065326,20.4484488258474
-1.58397323169176,0.0889601939197391,0.188395803410386,-1.78215173832809,-2.14614220502985,0.0261885999157233,-113.184983571172,1.66149123788682,-3.9285631656351,-0.42584671844136,0.142486162547204,20.5108433285331
-1.58457897077803,0.0885049377869525,0.188252303867359,-1.78226448378479,-2.14655265800474,0.0265048207503564,-114.076601594864,1.10343931743137,-3.99350761156768,-0.429556475536039,0.142335730288226,20.5019330502464
-1.58528520432199,0.0878800183726636,0.188072849415596,-1.78249598640799,-2.14691428004146,0.0268210862357038,-114.08253100256,0.725490505344169,-4.08690147649821,-0.428193882350327,0.141805748573418,20.5180775025704
-1.58608277145631,0.0871365504918629,0.187884382959204,-1.7828149139947,-2.14723063861131,0.0271281583679022,-113.518269321207,0.930596624233885,-4.04739588045064,-0.426670286516114,0.139798381239451,20.565259223947
-1.58695730251513,0.0863325014545246,0.187714576766985,-1.78318578851505,-2.14750492428771,0.0274139004093927,-114.642822127721,1.17393933950643,-4.06102628989055,-0.423155649936092,0.13869018956754,20.545101073601
-1.58789846547582,0.0855237817977503,0.187588369941595,-1.78357196473434,-2.14773890526495,0.0276702872044714,-113.688604063714,0.999876030436326,-4.0475437405027,-0.420494164440682,0.135128513228609,20.5986001458591
-1.58888593407568,0.0847680634438728,0.187529158651093,-1.78393252482038,-2.14794142561707,0.0278919578044966,-114.442820971836,1.10396379405324,-4.08444561795687,-0.425751291766341,0.139711628844836,20.5957403554182
-1.58990180520557,0.084112071589832,0.187552792065501,-1.78423417526245,-2.14811537600956,0.0280707945901739,-114.637150702397,0.94251798566961,-4.02569837102513,-0.429346933516771,0.143208296684224,20.6091336770873
-1.59092856726911,0.0835890667787123,0.18766803494045,-1.78445101883454,-2.1482656314337,0.0282034027381024,-113.851664301397,0.849907095285744,-4.17893055491285,-0.429701841334141,0.140293033072809,20.6696314201555
-1.59194903702988,0.0832163461138045,0.187873758700255,-1.78456664692104,-2.14839908582144,0.0282897313894783,-115.378559636332,1.32213709153143,-4.13383127131775,-0.431342584009593,0.144010282404521,20.6440769894656
-1.59295101615756,0.0829927089835376,0.188160492670197,-1.78457826513806,-2.14851733422724,0.0283289378631596,-114.098744771072,0.380026106382957,-4.04142687918642,-0.433211415333439,0.144695198180986,20.7109057324806
-1.59392207809438,0.0828919734440863,0.18850500540821,-1.78449909033038,-2.14862980064247,0.0283301052554506,-115.083651505013,1.5421753139924,-4.00095083234791,-0.430391751767293,0.139968140628476,20.7076143103819
-1.59485349048518,0.0828755975440405,0.188880453158561,-1.78435301463089,-2.14874360360785,0.0283011299874083,-115.170941957336,1.37473885101645,-3.97952110465727,-0.431307096448929,0.139225881640326,20.7173541348198
-1.595742016178,0.0828839665852357,0.189249732191746,-1.78417936940931,-2.14886370928958,0.0282523548400551,-114.512767333857,0.937877785946284,-3.99298127083577,-0.432027113540164,0.138578176642457,20.7566318166928
-1.59659060834013,0.0828557583704068,0.1895777698498,-1.78401808179893,-2.14899682939404,0.0281986531344391,-115.641910524076,1.06329044603899,-4.00138485505514,-0.433316771846064,0.145270005647116,20.745231778718
-1.59740725018689,0.0827315500418297,0.189833992903725,-1.78391061741163,-2.14914374044485,0.0281495224440262,-114.927153240085,1.27141177772796,-4.06486974620427,-0.430026110416373,0.145207276577885,20.8073973872581
-1.5982046518387,0.0824621431425214,0.189997641487015,-1.78389143638672,-2.14930051443729,0.0281119188475195,-115.574168236466,0.965530698234943,-4.04899284543521,-0.431964024644882,0.14203656516885,20.8052180326567
-1.59899383706214,0.0820057461639561,0.190051815326541,-1.78399074073899,-2.14946817750236,0.0280958311015593,-115.955825380493,0.810165937724605,-4.11829813316069,-0.434001357678244,0.142136005690304,20.8290952059334
-1.59979438975277,0.0813548938322093,0.190005000145313,-1.78421720965058,-2.1496332157144,0.0280985404356017,-115.02996447611,1.26008100912259,-4.19699408634426,-0.431941221143473,0.140070857619447,20.8913346682517
-1.60061652895489,0.0805155805660611,0.189870149930902,-1.78456884633385,-2.14979001926798,0.0281205064578203,-116.665920059679,1.11725070774105,-4.26445757771452,-0.434027814520384,0.142119209815594,20.8480660788784
-1.60147466281237,0.0795262113529187,0.18968086268641,-1.78502295833935,-2.14992141612454,0.0281500061739126,-115.058048535052,0.51604714720429,-4.13222990985875,-0.432434110194053,0.142157615830874,20.8973690602405
-1.60236988199625,0.0784315756847604,0.189468786441221,-1.78555301402015,-2.15001874323462,0.028176563330524,-116.075170165896,1.45246682963489,-4.10598611068278,-0.433816187230514,0.145315717405007,20.8777840953268
-1.60330123880979,0.0772957374976837,0.189273836395163,-1.78611821237813,-2.15007404850784,0.0281887675859303,-116.188985181287,0.92582239641888,-4.07427967320217,-0.43441660261844,0.145102141033362,20.8991799606836
-1.60425888823376,0.0761904160763152,0.189135808287408,-1.78667264501459,-2.15008149106161,0.0281718059152457,-115.55045862196,1.14271213767825,-3.94601584200834,-0.434716411562793,0.145020920056772,20.952060337858
-1.60523036106574,0.0751819460732026,0.189086510871985,-1.78717448055752,-2.15003961239323,0.0281148100220563,-116.76579578479,1.02352387430869,-4.0853948493677,-0.433876335498609,0.149795637381691,20.9301208052318
-1.60619967061458,0.0743260044916703,0.189146114653764,-1.78758828894498,-2.14995200671301,0.0280103295275673,-115.810374109957,0.538487450379534,-4.12958236490095,-0.435343694498044,0.145001632889396,20.9890254639966
-1.60714667764592,0.0736695218120573,0.189325866737004,-1.78788483281131,-2.1498226200082,0.0278479917392188,-116.565141956891,1.20072809499334,-4.2257556872716,-0.436636150677149,0.140108893528152,20.9907883924135
-1.60805758842614,0.0732374358324694,0.189621532541748,-1.78804824981434,-2.14966005210364,0.0276272198239135,-116.92424423515,0.838122761358136,-4.28867829727085,-0.437881895961711,0.138900721232968,21.0262595138062
-1.6089187165207,0.0730366041194142,0.190017028848592,-1.78807375176183,-2.14947605737665,0.027351227080693,-116.256711755823,1.40272318706025,-4.12035897496861,-0.435718457287682,0.144045361363743,21.0681622255271
-1.609725975641,0.073051078898585,0.190483586326556,-1.7879704431911,-2.14928285223344,0.0270304397575429,-117.338356042521,1.79352116405403,-4.15604626282914,-0.439818343319276,0.146483084369916,21.0469929977894
-1.61048631775632,0.073263575195881,0.190999219868067,-1.78774808392829,-2.1490838014208,0.0266718316665356,-116.542621669817,1.1107217681149,-4.08994264618823,-0.441573621005134,0.148471598726834,21.0998913417442
-1.61121034539235,0.0736399729848607,0.191533421595524,-1.78742614907842,-2.14888687262111,0.0262907164271469,-117.147713964583,0.992435529517024,-4.24572511439666,-0.443948107422999,0.147033720631289,21.0936237608689
-1.61191645379979,0.0741274709159878,0.192048671173091,-1.78703417580059,-2.14870317157422,0.0259123116032671,-117.411320011295,1.39898081578872,-4.10387960242639,-0.44224708030234,0.143354960985912,21.1136691610437
-1.61262612086229,0.0746916552801,0.192528372947949,-1.78659006727841,-2.14853541390319,0.0255534900901038,-116.709548876029,1.47465035311211,-3.89906628589208,-0.434599352779186,0.145128135515893,21.1734461096755
-1.61335885345741,0.0752876604422816,0.192952950068267,-1.78612078309648,-2.14838926245409,0.0252354673094854,-118.255732051452,0.990853625293084,-4.23060132686049,-0.436650357783031,0.148854558814702,21.1507838388814
-1.61413618202475,0.0758836280124537,0.193317537400608,-1.78564296201191,-2.14826861142552,0.0249786838476982,-117.216937015413,1.02778076936488,-4.06554005394713,-0.439109988478652,0.149783408632693,21.2055546555072
-1.61496402445246,0.0764389558093477,0.193610113383249,-1.78517970310232,-2.14819033267174,0.0248112669756027,-117.851708034068,0.414533511785066,-4.12703339539144,-0.440703822251581,0.150451113792202,21.2071194505095
-1.61584313893188,0.0769232650634404,0.193827416768778,-1.78475124157385,-2.14816573263671,0.0247507141567,-118.177025784465,0.552049299174541,-4.12349450334551,-0.438814919699802,0.145850782443326,21.2280088844839
-1.61677397724308,0.0773271859458831,0.193981946408844,-1.78436668637324,-2.1481957370724,0.0248012430711881,-117.436492388714,0.861816132324293,-4.0518205230897,-0.437087333488047,0.142581723214334,21.2783126267229
-1.61774107412691,0.0776350573595828,0.194075344408989,-1.78404055115677,-2.14829355286127,0.024972335408397,-118.807693725561,0.470075739498725,-4.17396478903427,-0.441279914453417,0.151531813410322,21.2564077510855
-1.61872800041633,0.077847121437868,0.19411907898083,-1.78377925107953,-2.14846238367763,0.0252603224076283,-117.739139119974,0.936369085711704,-4.21115720755384,-0.440297049359637,0.149345582085639,21.3203384662726
-1.61971364536113,0.0779625071157142,0.194116985090209,-1.78359260563232,-2.1487001755772,0.0256497215865111,-118.394771906723,0.66505039957292,-4.18029290891741,-0.443652499451015,0.144401583839107,21.3187177453291
-1.62067880850636,0.0779941329336236,0.194076036092198,-1.78348108538784,-2.14900135232625,0.0261204276554762,-118.756888621883,0.865397486205438,-4.19616572412787,-0.4452035590376,0.144376126319153,21.3329957943796
-1.62160050370857,0.0779575034771955,0.194000310925172,-1.78344533527311,-2.14935654980164,0.0266441522134692,-117.696418072815,1.51608757108943,-4.10169890244964,-0.445702684476422,0.145766943590808,21.3822531843343
-1.62246578340411,0.0778831419094193,0.193901973731231,-1.78347413441264,-2.149743993814,0.0271828791316998,-119.291805445309,1.41463689631632,-4.14880467469061,-0.441007998226994,0.149630550334547,21.3485176436258
-1.62326132849115,0.07779553453204,0.193782099904374,-1.78355832772101,-2.15014725404107,0.0277026499166551,-117.94332834223,1.93023750352427,-4.09182206505062,-0.443711200912452,0.147820215703969,21.4118771683914
-1.62397803758644,0.0777218364285979,0.193641505501756,-1.78368467501941,-2.15054882893063,0.0281692481552503,-119.010607890273,1.38674731083211,-4.14079608368937,-0.44461021648955,0.148164129950376,21.4040489789214
-1.62461589090396,0.0776938337366158,0.193485384104424,-1.78383215153854,-2.15093323691731,0.0285572994253661,-118.886864117616,0.984572120949679,-4.15023152764223,-0.446974201802198,0.147550902149213,21.4116582991845
-1.62517481091864,0.0777312080484354,0.193310324311752,-1.7839876835758,-2.15128749600071,0.0288421895119415,-118.438236595145,1.40614899200887,-4.17742303854763,-0.442864782829865,0.144336364692024,21.4532422812617
-1.62566171863256,0.0778623361267776,0.193123520177136,-1.78412789837914,-2.15160042408656,0.0290076130272457,-119.755175092768,0.967346618996316,-4.33237127388932,-0.44349354176576,0.147404755675538,21.4521996507349
-1.62607646615199,0.0780929014637426,0.192918332548314,-1.78423933266808,-2.15188036828546,0.0290578271075983,-118.776760975319,0.883846387012227,-4.2876522580265,-0.445017082320333,0.149093867939487,21.5203327310656
-1.62642651874975,0.0784290176275189,0.192695449010788,-1.78430827081498,-2.15212991899716,0.0289959461686551,-119.385100789224,1.42908458233842,-4.22384944785486,-0.44638238358898,0.151392185578239,21.5170151213158
-1.62672019440848,0.0788538500992981,0.192445646519335,-1.78433550419476,-2.15236190649539,0.0288410365759544,-119.760167672012,0.811134950621181,-4.08187711075246,-0.450855848898378,0.150401317019913,21.5300562373371
-1.62696493499131,0.0793472701051972,0.192163450090979,-1.78432175711077,-2.15259179708808,0.0286168023402635,-118.852987016464,1.20798258403738,-4.11845940925721,-0.444781465382247,0.148284365978384,21.5629093244377
-1.6271715410189,0.0798945851303881,0.191854361551192,-1.78426407505218,-2.15282860668321,0.0283432282149113,-120.225713203597,1.75974543814505,-4.22461919976806,-0.444881702961334,0.146341718571983,21.5219850894809
-1.62735286864267,0.0804623408024003,0.191514791122239,-1.78417412880502,-2.15308220087048,0.0280458028167722,-118.784796331264,0.941752631465988,-4.1350227819386,-0.442392993809421,0.146765698054738,21.5772335818274
-1.62751473002585,0.0810161207768445,0.191142445284123,-1.78406472029875,-2.15336787971371,0.0277536450189963,-119.906299807991,1.38221639933568,-4.12074986144461,-0.442680072688725,0.151261197133627,21.5715533958461
-1.6276732365309,0.0815297034184308,0.190744418251812,-1.78394616240171,-2.15368305654613,0.0274823557282563,-119.937257761563,0.830596375180448,-4.27965833933717,-0.446839720177677,0.151703706369418,21.6023415057974
-1.62784291198738,0.0819734667791572,0.190325443000856,-1.78383305393526,-2.15402358111877,0.027246770228282,-119.669447071064,2.057578806641,-4.19041261188795,-0.447738296114673,0.148993229254031,21.6592683219233
-1.62803858738946,0.0823316667897469,0.189897540728701,-1.78373239515977,-2.15438364887305,0.0270583913266578,-120.982344651025,1.29467332650779,-4.32959807516022,-0.451466540244281,0.150440918469023,21.6541482735804
-1.62827788548174,0.0826056873144356,0.189482701026184,-1.78364366574814,-2.15474555978074,0.0269150226619616,-119.987734002734,1.1170162705148,-4.25808371370277,-0.446190896483676,0.149073521298344,21.7174287187379
-1.62857909399949,0.0828001513461381,0.189101431331199,-1.78356457180839,-2.15509341439566,0.0268171899448299,-120.541777201029,0.998868702338086,-4.23099051834211,-0.449518932518407,0.149400606552683,21.7107112892575
-1.62895202144374,0.0829232198899756,0.188769067064943,-1.78349317683489,-2.15541712763389,0.0267647233220575,-120.826383437953,1.74197408502891,-4.25643563609015,-0.45399339233542,0.151988395739271,21.7174945992475
-1.62940288821659,0.0829893590686339,0.188500515194718,-1.78342722134515,-2.1557042540054,0.0267494041566928,-119.937041318148,1.86035892068367,-4.29740980303245,-0.451076604860985,0.1485585352687,21.7509189779751
-1.62994143737618,0.0830271557506315,0.188317987062048,-1.78335671632187,-2.15593924116666,0.0267592884171751,-121.376841407113,1.22443427750818,-4.3103242223016,-0.454323753036602,0.153141340897638,21.7198603438808
-1.63057643727228,0.0830634583750403,0.188237284759546,-1.78327439462286,-2.15610566799448,0.0267790869187468,-119.961333587032,1.2921798366699,-4.30202028043516,-0.449318911845549,0.150493448607787,21.7772372932242
-1.63130760775505,0.0831253861921919,0.188269552894328,-1.78317275327737,-2.15619411242101,0.026793619542183,-120.917707181618,1.58126750477527,-4.22618073415373,-0.448959278302189,0.148863114328999,21.7718262935905
-1.63213284857025,0.0832344100557094,0.18841897809054,-1.78304850997965,-2.15619774123159,0.0267877833563031,-121.131373047859,1.48084466913701,-4.32585003457959,-0.44856868220716,0.149056746969262,21.8029522063896
-1.63305494942682,0.0834094576760123,0.188688888887896,-1.78289997727699,-2.15610317431574,0.0267419503196518,-120.698714080271,0.799406599417352,-4.34195020715782,-0.450591395112466,0.148608429458793,21.8643710181997
-1.63406922121031,0.0836654907210566,0.189077204286117,-1.78272552050984,-2.15590401084773,0.0266383601751293,-121.835124414826,0.779553586338807,-4.45642004947766,-0.45353534935477,0.151992047759954,21.843270284855
-1.63516988219423,0.0840074984837464,0.189574397732619,-1.78252670664881,-2.15559673223365,0.0264634875146405,-120.794208119948,0.90071501452735,-4.33384061147655,-0.452292629102545,0.152441171424492,21.8988572272523
-1.63634299116833,0.0844190261964677,0.190154021779197,-1.78231745471947,-2.15519092334487,0.0262138526042033,-121.512165930804,0.909403917516102,-4.37637973903213,-0.455995101601383,0.152079431127833,21.8976652928804
-1.63757342968226,0.0848859954141101,0.190793353918885,-1.78210633232464,-2.15469331599314,0.0258832372844851,-121.851090028301,1.95623285156898,-4.30997848153345,-0.456571136686148,0.152538829024398,21.9135081165227
-1.63884790768984,0.0853907969115859,0.191468877916215,-1.78190009850157,-2.15411800395845,0.0254758009055992,-121.04087280599,1.54084122944778,-4.23679247101393,-0.4568147044795,0.150423313103818,21.9575730831239
-1.64014295412642,0.0859038010760091,0.192147594457369,-1.78170831030301,-2.15349480934648,0.0250091317745177,-122.437389687356,0.759532658825947,-4.33589892255435,-0.454217194650483,0.15447643264488,21.9241926020755
-1.64143370591176,0.0863962815504102,0.192798370936711,-1.78153680004868,-2.15286045912657,0.0245098930073043,-121.16268767322,0.207915404947926,-4.42225666676583,-0.45248957099977,0.15266305518424,21.9803681291
-1.64269314817968,0.0868444048299768,0.193396403193004,-1.78138575572062,-2.15225470347926,0.0240078922245835,-121.90165474411,1.49052743116522,-4.36888819033572,-0.453701846257598,0.150483525924054,21.9719660521442
-1.64388951739921,0.0872151256205367,0.193909665216101,-1.78125986459119,-2.15173124132911,0.0235468255371834,-122.377585335973,1.51224516163757,-4.22635862298009,-0.454015848607407,0.148515321792455,21.9992567598635
-1.64499199441405,0.0874983326706378,0.194325884328242,-1.78114806604371,-2.15133556207994,0.0231616069466852,-121.687807835091,1.19162731745837,-4.37523434331465,-0.452317798732475,0.145779745260627,22.0611944039623
-1.64597603695147,0.0876796392965957,0.194633029437402,-1.78104569512968,-2.15110991732757,0.0228888747599495,-123.038718838983,1.30933518446523,-4.41929986626278,-0.457231524005911,0.154543591012243,22.0416863114189
-1.64682078681649,0.0877523162799996,0.194828099512056,-1.78094653678319,-2.15108556123917,0.0227548337849189,-121.863030036822,0.682423596645549,-4.46999726741427,-0.460068652421708,0.15432442742598,22.0911075885051
-1.64751446878228,0.08771850719417,0.194916826617358,-1.78084311264326,-2.15127804162395,0.0227732662283766,-122.645445204575,1.0097013441798,-4.41116275264307,-0.462874644158488,0.150601559148723,22.0957295694565
-1.64805046770513,0.0875766581029573,0.194904848726999,-1.78073546737095,-2.15169156789726,0.022948470666326,-123.078093893829,1.54813119713526,-4.48043586396318,-0.463079100653811,0.149902770195861,22.1295215712142
-1.64844214669966,0.0873398057974732,0.194813680730453,-1.78062009656904,-2.15230149826232,0.0232642763087492,-122.298312887113,1.34723679240119,-4.32785056928137,-0.459854908348164,0.151259406121281,22.1859245406778
-1.64870720972165,0.0870140535184909,0.194660213175003,-1.7805061281587,-2.1530704527488,0.0236915920898298,-123.646631017422,0.624465955556616,-4.24493294956193,-0.462282125096245,0.159541664027269,22.1354924934792
-1.64887802018925,0.0866244853435312,0.194477702213528,-1.78039292727617,-2.1539364823468,0.024180363899841,-122.28633406956,0.567819785859001,-4.34289885489406,-0.459044095115865,0.15281758449886,22.1754012225148
-1.64898889235047,0.0861726352083654,0.194280485549254,-1.78029808298963,-2.1548401216281,0.024686995044699,-122.903443292365,1.63328074712649,-4.24873013945441,-0.458183999337727,0.150750611827448,22.1615659689037
-1.64908267952022,0.0856634192636214,0.194085799962054,-1.78024065280037,-2.15571308860198,0.0251611105961567,-123.139759642715,1.61520203692135,-4.3994703220954,-0.458826918880692,0.149610373680282,22.1865467354021
-1.6492104674513,0.085117105642567,0.193921919047496,-1.78022951288253,-2.15647714185453,0.0255441130619575,-122.631175050301,1.07969449242046,-4.35197938185181,-0.455321334082186,0.151673809511554,22.2484316223446
-1.64941756468536,0.0845437174166399,0.193805221221243,-1.78027887845539,-2.15706676796789,0.0257879846965506,-124.128658950889,2.12951967646518,-4.27095040468376,-0.455005368439539,0.15807573790921,22.2254281437148
-1.64974102465204,0.0839519202766379,0.193746954778072,-1.78039814153945,-2.15743886807396,0.0258649126265795,-122.735707218913,1.1405162382357,-4.35414534186543,-0.458345309090293,0.154695598367446,22.2914517772321
-1.65021004556378,0.0833569103627987,0.193760474433661,-1.78058942350099,-2.15756104724212,0.0257529363451304,-123.749872772598,1.13874928835639,-4.40181473666931,-0.463551011977005,0.151391986544507,22.2787899150839
-1.6508440413241,0.0827866544982108,0.193863924093874,-1.78084020363503,-2.15741844903305,0.0254425386952339,-123.94149082148,0.540191143033553,-4.37866991733537,-0.469496825068439,0.149396552937708,22.3086311269815
-1.6516434778003,0.0822491796247888,0.194055226533383,-1.78114319961595,-2.15703182743659,0.0249558066517219,-123.529945341705,1.47786484110429,-4.4723929985301,-0.464940849087457,0.15184173282081,22.3601082250111
-1.65259591035464,0.0817737606941318,0.194347027822137,-1.78147243249745,-2.15642846238955,0.0243119836220262,-124.652408678898,1.61398673832286,-4.44606087468094,-0.463889579911778,0.161173314987556,22.3340963246768
-1.6536763715012,0.0813889513985551,0.194747823239942,-1.7817953945504,-2.15565342436158,0.0235450112456056,-123.650266247294,1.38270489368142,-4.41235823983419,-0.466436137789887,0.159994012722585,22.3781003076867
-1.65485065629247,0.0811116778639835,0.195255800503213,-1.78208445225776,-2.15476215505746,0.0226953614121182,-124.179344591132,0.907066738819594,-4.45082315022515,-0.470493034573257,0.151523829961555,22.3712719074242
-1.65607573149299,0.0809579570260457,0.195867831943916,-1.7823068721803,-2.15382050214038,0.0218117269398911,-124.615580977759,1.3955130147915,-4.34167211979235,-0.465350963257036,0.148914169737773,22.3968337751047
-1.65730328391787,0.0809286644728413,0.196569665622508,-1.78243970670936,-2.15289338935682,0.020940184921761,-123.859506062781,1.24402884678602,-4.24359842688884,-0.456623720126514,0.150090068054132,22.4548509338442
-1.65849932270443,0.0810336930835263,0.197357889694475,-1.78245630582545,-2.15202644442858,0.0201137336391914,-125.09488750077,0.888651383684419,-4.38042295076502,-0.461814335815036,0.154880691379539,22.4318618661569
-1.65962209839777,0.0812515311419286,0.198204677150837,-1.78235094457,-2.15127257667853,0.0193714810556111,-124.060335983504,1.09773792486385,-4.44426286366794,-0.466328058447285,0.156550016726627,22.4943663107767
-1.66064925237693,0.0815575166885374,0.199084084307787,-1.78212449950553,-2.15066287645184,0.018740383243121,-124.915306434368,1.69299381234123,-4.33703623544221,-0.46954105434146,0.154674251271209,22.4878573915279
-1.66156940353263,0.0819209770699807,0.199969058566454,-1.78178689459201,-2.1502151415527,0.0182387231143923,-125.156565729373,1.45679045402449,-4.55432283284028,-0.474161479399042,0.150892013259853,22.5052580460379
-1.66238136078671,0.0822944057161124,0.200821703339749,-1.781366112702,-2.14993772409675,0.0178803054672938,-124.364281463218,1.7983408460816,-4.42630884692687,-0.467044415744465,0.154560748425418,22.5556386642328
-1.66310622655845,0.0826477765683826,0.201621590030564,-1.78088294502392,-2.14981513158502,0.0176648126093148,-125.869839341761,1.43194070170421,-4.35551380794732,-0.465545167867742,0.158432766028125,22.534623942781
-1.66377090472197,0.082944836875237,0.202344724221807,-1.78036986717634,-2.14982472366845,0.017585422637336,-124.640752292328,0.992789018707981,-4.40300275308508,-0.468072543639062,0.159393513662177,22.6002672878315
-1.6644029163582,0.0831570831141111,0.202971679258465,-1.77985885618114,-2.14994199998385,0.0176330230935896,-125.580391604852,1.73815236100086,-4.56422434273929,-0.471459622325283,0.156521617839351,22.6000768067668
-1.66503757995278,0.0832677531422998,0.203493120970858,-1.77937929682528,-2.15013103773685,0.0177867298728437,-125.719990737779,1.82140615716708,-4.48259309141821,-0.470776314002152,0.153954219003189,22.6119277462873
-1.66570571006908,0.0832684285629668,0.203904940762149,-1.77895821636872,-2.15035636920277,0.0180232537543444,-125.150963939255,1.62987380930031,-4.42934592231398,-0.465424465892859,0.154769382792365,22.6559687974511
-1.66642425157802,0.0831626873870182,0.204208899853075,-1.77861508791301,-2.15059224989921,0.0183194495660606,-126.343872725626,1.74237316450171,-4.33719789066831,-0.465573612298399,0.155443743928652,22.6357589220805
-1.66721033732323,0.0829790979094192,0.204424200085003,-1.77835219372018,-2.15080800158044,0.0186444436426629,-125.350928730392,1.64844759506855,-4.36787833626218,-0.466167145507671,0.153727622794475,22.7017513601664
-1.66806135893616,0.0827386423854719,0.204560125329508,-1.77817390367574,-2.15098905367337,0.0189727306941616,-126.061269437163,1.81588470888278,-4.59133191788695,-0.471590992055289,0.154969985545521,22.6941294920194
-1.66896103753324,0.0824709119408595,0.204628939712498,-1.77807428601639,-2.15113216420148,0.0192839606002992,-126.286061986464,1.19398273961133,-4.63657835157443,-0.475216712893072,0.156896536201898,22.7024241218769
-1.66988480527139,0.0822060063114662,0.204642104082465,-1.7780427050838,-2.15124245151687,0.0195611370722113,-125.36902452581,0.819158150246949,-4.452720470131,-0.472542702395065,0.157091940302764,22.7535781759873
-1.67080370566375,0.0819781311366174,0.204614101331073,-1.77806145849312,-2.15132804844233,0.0197881382588586,-127.055252706155,1.77801575336184,-4.57739415505245,-0.474414423614967,0.155492158707272,22.7411471917023
-1.67169261522209,0.0818126175970448,0.204553962514446,-1.77811242200694,-2.1514001003307,0.0199564963633449,-126.00775410006,1.84454582441163,-4.4725860254315,-0.470480281284605,0.151976580756646,22.818892526999
-1.6725232111116,0.0817176710906242,0.204459701396632,-1.77818545354681,-2.15147776596855,0.0200657324389561,-126.618651727899,1.2995309925534,-4.53797637967318,-0.476528864153592,0.157530616275286,22.8159610269014
-1.67327721169424,0.0816961894125683,0.204327833357378,-1.77826872503574,-2.15158295900994,0.0201269843430856,-126.892727877729,0.953995827165045,-4.5241130674159,-0.481407786029747,0.159628681396548,22.8237283329538
-1.67395135036518,0.0817435430099405,0.204155703202414,-1.77835372658403,-2.15172631050986,0.0201496358065034,-126.060349599967,1.31818253457823,-4.52586811919863,-0.477279611593904,0.152929285623705,22.8679071166449
-1.67454912397113,0.0818360219176153,0.203930568956749,-1.77844480443816,-2.15191761352162,0.0201469938540203,-127.426395926958,1.44139800013431,-4.57773491444675,-0.474732893270389,0.155618054099713,22.8458269964292
-1.67508361966989,0.0819433626099979,0.203640085078955,-1.77855018635241,-2.15216278794053,0.0201363693591985,-126.372663706009,0.873599854200165,-4.48499127128548,-0.472480083889015,0.158971086707708,22.9120948197383
-1.67558271503806,0.0820289217682006,0.203272300900229,-1.77868351491879,-2.15245945995325,0.0201370071448159,-127.167825851864,1.47627571370458,-4.42150790265879,-0.471523881734095,0.159769830707477,22.9002682978402
-1.67606870864784,0.0820417478593765,0.202806320518572,-1.77887064725189,-2.15280460905917,0.0201646721769968,-127.340390188072,1.55384127364619,-4.49185830490828,-0.476566556717061,0.1567711373459,22.9056417994088
-1.67657071992048,0.0819426829641152,0.202234634762074,-1.77913345014847,-2.15318051678727,0.0202226914964536,-126.354193537902,1.67101296896999,-4.49988265168901,-0.476280356245046,0.155359363231019,22.9502228742884
-1.67711420296526,0.0816954012897568,0.201552127030535,-1.77949333418564,-2.15356803168783,0.0203108182082862,-127.965995498956,1.59710749327837,-4.60940759502139,-0.477120979299555,0.157907388914543,22.9270232478382
-1.67771685112536,0.081280170532974,0.200763148043892,-1.77996037737088,-2.15394774750964,0.0204238153395174,-126.870097101323,1.1894793507181,-4.53764068499453,-0.476116978487891,0.159359240344118,22.989723382145
-1.678393710757,0.0806943419381554,0.199884933254852,-1.78053417807544,-2.15429536214146,0.0205503541891806,-127.807742847101,1.86914151806195,-4.59326945687206,-0.476879313745235,0.159140936915328,22.9874069398435
-1.67914359465212,0.0799390146211518,0.198931343344479,-1.78121235594075,-2.15459760427448,0.0206799944286879,-127.915032015008,1.8928610605949,-4.56328488531767,-0.479997156554655,0.157128947817245,23.0113410632359
-1.67995943343814,0.0790527950142312,0.197940314348904,-1.78196649842408,-2.15483571910182,0.0207910494376449,-127.158126943725,1.24590805788193,-4.68571201200666,-0.480332365180539,0.156412795764609,23.0584203495133
-1.68083176081326,0.0780855840025385,0.196954238548566,-1.78276011120188,-2.15499560499244,0.020864885616716,-128.533662506737,1.68256513110509,-4.59083922282736,-0.483653780108156,0.160216443971078,23.0398846656379
-1.68174717178905,0.077098619845831,0.196018459571732,-1.7835488654142,-2.15506818922066,0.0208848029254264,-127.564091324076,1.76324150758046,-4.74327446373837,-0.478896751619866,0.157746187791425,23.098426441245
-1.6826952822707,0.0761650927821833,0.1951841424203,-1.78427943375247,-2.15504584309127,0.0208370269541539,-128.156074646966,1.37068361585148,-4.57238793196186,-0.476838040161235,0.158108411604325,23.091016985626
-1.68365610458189,0.075340979916108,0.194483988697448,-1.7849092874274,-2.15494356729983,0.0207269950603088,-128.340495276603,0.639264441678506,-4.61872410190603,-0.47972527237865,0.161484791869756,23.1031958137668
-1.68462126770044,0.074685030949702,0.193952732277646,-1.78539515191193,-2.15476960950973,0.0205590787917123,-127.494933053465,1.76768057794607,-4.5048923605151,-0.481823154238084,0.161390999897968,23.1476787221828
-1.68558798322221,0.0742413132769482,0.193613484210141,-1.78570647542813,-2.15453894668523,0.0203477566086895,-129.084330593379,1.22753210572364,-4.44239206793515,-0.482140189581648,0.158919758215326,23.1197404294306
-1.68655456836792,0.0740440948172782,0.193481314921455,-1.78582026866054,-2.15426802687416,0.020108671249587,-127.845755630998,1.30394700500347,-4.38146570415779,-0.476994864026252,0.161599685379606,23.1883530140292
-1.68751627696233,0.074077826982931,0.193533098208095,-1.78574936036972,-2.15398643055951,0.0198704802937436,-128.781915215964,1.06697376608713,-4.43630835675788,-0.480160648755512,0.160365148798402,23.1951292076911
-1.68847041205961,0.0743144888053813,0.193739882212942,-1.7855192657107,-2.15371934472691,0.0196574479374593,-129.114008106781,1.35820723319375,-4.46997899421203,-0.482386496898145,0.160492983362663,23.2235948550061
-1.68941526301278,0.0747148734665899,0.194066524698964,-1.7851645202544,-2.15348702164425,0.0194874011638722,-128.491734071491,1.1907159560451,-4.4635510274608,-0.480574982540566,0.15945736636958,23.2790718832598
-1.69035010248804,0.0752313293109577,0.194473081946477,-1.78472715582055,-2.15330037965509,0.01936731185292,-129.695137188211,2.03194128556311,-4.50475085158993,-0.483681331926455,0.162819745050679,23.2470731846272
-1.6912660764561,0.0757969497808872,0.19490644381619,-1.78426027123976,-2.15317565005749,0.0193051023006154,-128.54835717372,2.30778017078296,-4.42876866236483,-0.486127718099183,0.16251297424575,23.3020376498716
-1.69215591347759,0.0763660583789427,0.195332887197556,-1.78380423279382,-2.1531132978127,0.0192899638960153,-129.300647356623,1.46566895116098,-4.5017004509383,-0.482146213845671,0.161912248676726,23.2883247328024
-1.69300792280883,0.0769120133602534,0.195733580248038,-1.78338558752549,-2.1531029793146,0.0192945288507954,-129.542770149954,1.49901488303749,-4.62813908361613,-0.481420658582054,0.16393263847738,23.3083890126361
-1.69381279130674,0.0774009554396802,0.196085169718686,-1.78303031452518,-2.15313823123903,0.0193001214566429,-128.64725602597,1.22703177271251,-4.5084065853145,-0.480334605857168,0.163968037618631,23.3585083182905
-1.69456283069429,0.0778313833351962,0.196390242131184,-1.78274094266758,-2.15320166905731,0.0192762876726555,-130.257430341781,2.07960548665642,-4.59416131301541,-0.483535085108292,0.162186457118698,23.3339653956771
-1.6952551185462,0.0782259138014183,0.196669986511146,-1.78249929141357,-2.15327249200669,0.0191931140357321,-129.115019607829,1.52607397814722,-4.62147225879804,-0.484278359225587,0.160032117059441,23.4003875411446
-1.69589138636155,0.0786027553918132,0.196942871996998,-1.78228898336792,-2.15333134029314,0.0190293698856953,-130.038334432775,2.00176542534905,-4.69946503654282,-0.483230689051378,0.159867096009761,23.4018793096183
-1.69647952785404,0.0789943565854987,0.197237369799617,-1.78208114558418,-2.15336396780099,0.0187744496775619,-130.197537719112,1.83938637866845,-4.65451528738654,-0.486727234122672,0.159654817660294,23.4319835569117
-1.69702762626353,0.0794141367092465,0.197565159514682,-1.78185633214497,-2.15337096106123,0.018439755998054,-129.705876362097,1.77919308862124,-4.59824862097761,-0.488490134751444,0.159576346647382,23.4841748727935
-1.69755335441122,0.079883178594768,0.197944522416996,-1.781591955527,-2.15335024148435,0.0180410138341691,-130.935476050909,2.0369225248171,-4.59056664339752,-0.490911757570034,0.162640379008399,23.4599643763287
-1.69806810035864,0.080387949049566,0.198364072922349,-1.78128955496755,-2.15332041136479,0.017616383810072,-129.892312835315,0.831542547312665,-4.66989428045025,-0.489183990217476,0.164380950290903,23.5164223289949
-1.69858530296464,0.0808925837196242,0.198794907345784,-1.78096849255252,-2.15330388055914,0.0172114120264925,-130.595349092812,1.16435278978975,-4.73541977620263,-0.490546437451478,0.163580186757928,23.5186583130251
-1.69911468747075,0.0813530311886534,0.199198981446187,-1.78065533503158,-2.15332958434812,0.0168753254444986,-130.846241617559,1.54821020783334,-4.63221571664229,-0.490721410557473,0.160423133353479,23.5368840812839
-1.69965771397318,0.0817106675537023,0.199525209919318,-1.78038997048401,-2.15343266979674,0.0166597437156223,-130.106568555936,1.56909414736015,-4.57670403320401,-0.485471134893675,0.159693983386799,23.5843762298096
-1.70021517674262,0.0819106272857759,0.199724022160165,-1.78021259523687,-2.15363850720147,0.0166016034997561,-131.555999049538,1.48571033405528,-4.617143868483,-0.485404825464173,0.161059259374445,23.5558921660865
-1.70077989690097,0.0818907266040174,0.199738859867208,-1.78017040229495,-2.15397446814503,0.0167311181107368,-130.289185301942,1.5174976906751,-4.54828174626186,-0.485743752950899,0.163730536048667,23.6135776828403
-1.70134015676653,0.081615201559071,0.199532895858213,-1.78029442231203,-2.15445537692201,0.0170588541473556,-130.944551034983,1.84027911313888,-4.67246237086448,-0.487011758631938,0.163136090677347,23.6036908601116
-1.7018827481878,0.0810677328904248,0.199084696425286,-1.78060244326922,-2.15508282316961,0.0175733927692905,-131.314956386567,1.81529140976318,-4.56942735385888,-0.489590638308431,0.162408304832567,23.6263642128156
-1.70239916630026,0.0802655769598228,0.198402035943206,-1.78108837470713,-2.15584378316221,0.0182481026909431,-130.53604240306,1.34728444512098,-4.62723780907299,-0.485892186078117,0.165493392039092,23.6829592647804
-1.70287419280513,0.0792435263034559,0.197507160263733,-1.7817337101523,-2.15672009188795,0.0190422547829035,-131.92896072227,1.86414755875921,-4.64287972732581,-0.490164736112804,0.164712889452523,23.6469285242912
-1.70330675598674,0.0780810828570324,0.196461622465774,-1.78248540013238,-2.15767513088869,0.0199021007531987,-130.596615315703,1.75683011827959,-4.61559513539024,-0.492844592954464,0.164891365274049,23.7025090548055
-1.70370087790323,0.0768625279673696,0.195334742715864,-1.78328361727096,-2.15866851394216,0.0207729728186885,-131.660283931567,1.88380904310975,-4.78393311093402,-0.490693557634006,0.163376265088066,23.6916786547757
-1.70406238946849,0.0756780025041728,0.194203973365623,-1.78406248016466,-2.15965790105378,0.0216008932283269,-131.684172064665,1.85085247102165,-4.70207598696524,-0.491103353596714,0.163913366677448,23.7198377786935
-1.70440393984951,0.0746153751971175,0.193149598754367,-1.7847542167857,-2.16060673424241,0.0223457771473685,-131.110228800837,1.64535728081592,-4.58299125212366,-0.491248273366366,0.162715554234248,23.7703557417896
-1.70474166388684,0.0737482005703356,0.192245146343816,-1.78530077051731,-2.16147956003243,0.0229738856496302,-132.400151821266,1.09215854889271,-4.92243538299181,-0.493349577578994,0.168341187280249,23.7529360374817
-1.70508992961188,0.0731249100475946,0.19154610088107,-1.78565953040117,-2.16225577267284,0.0234719244371784,-131.426556523936,1.3249032540707,-4.79209553660365,-0.492974214943908,0.163054889422433,23.8161530225761
-1.70546427283831,0.0727560253778989,0.191080433658723,-1.78581561247858,-2.16292290894772,0.0238394971882237,-132.154042873281,1.73988580795208,-4.74082626945963,-0.500282036153447,0.162424052119181,23.8211696300984
-1.70587652614139,0.0726263070028015,0.190855138480027,-1.78577384916769,-2.16347835393544,0.0240879713770105,-132.581295998317,1.93932085989286,-4.7867100417476,-0.498091393764012,0.161874164792933,23.8420255403649
-1.70633166390778,0.0726983777352839,0.190857514178014,-1.78555669520315,-2.16392934289714,0.0242370770767521,-131.715867410274,1.16922630732392,-4.73005576003504,-0.493841063269763,0.1621671525645,23.8965660927617
-1.7068339769547,0.0729030116849945,0.191048640962374,-1.78521366562047,-2.16428199404801,0.0243053567602391,-133.157240941526,1.44427662024145,-4.72021254679569,-0.496880340849006,0.167100682126766,23.8527566691575
-1.70737577167108,0.0731575408441287,0.191373195850042,-1.78480503766684,-2.16455549097347,0.0243166896545471,-131.746154742966,1.11321185853922,-4.63871983511234,-0.49806936377023,0.166796612118659,23.9033869033792
-1.70795132332524,0.0733833964709731,0.191775252720187,-1.7843921096473,-2.16476295697828,0.0242882800676143,-132.740914900253,0.997310191856741,-4.6983349927122,-0.49750111929037,0.163131945169027,23.896210818231
-1.70855764617741,0.0735092742496413,0.192199703321192,-1.7840329732433,-2.16491094354502,0.0242291595654555,-133.080536814855,1.87262000269311,-4.76870498922185,-0.495195770639298,0.164754345676261,23.9292919202003
-1.70918396113568,0.0734802937990455,0.192598284023364,-1.78377429701498,-2.16500719686161,0.0241412584706988,-132.328153974937,1.4381925840346,-4.63942306375256,-0.491936158684213,0.167199794043857,23.9914468492435
-1.70982760450061,0.0732629250102743,0.192937853713884,-1.78364974873076,-2.16504770844525,0.024016850931635,-133.769215847777,2.00820776392402,-4.64994019999483,-0.493891366418382,0.167881073412493,23.9688704072177
-1.71048886462313,0.0728596423176118,0.193208422877188,-1.78366572410041,-2.16502355637417,0.0238416740988664,-132.543035667752,0.774371683574827,-4.65607962463162,-0.493154744397936,0.164424211029369,24.0253145428176
-1.71117574086063,0.0723012008604105,0.193421411800701,-1.78380591901388,-2.16492120683901,0.0236013667093637,-133.353818612693,1.64833457086638,-4.80024122450331,-0.496406137696828,0.163566787473279,24.0239433372917
-1.71189368272378,0.0716294427323003,0.193594633567004,-1.78404369452709,-2.16473099614558,0.0232844680242316,-133.59480016102,2.01939855102978,-4.74379324019375,-0.499539973859537,0.1657779805883,24.0381624297774
-1.71265523633335,0.070910308291003,0.193765631467367,-1.78433379401368,-2.16443782269883,0.0228779087978527,-132.74722778942,1.74657632515073,-4.68349436116128,-0.49827945914662,0.16520944532324,24.0824188906898
-1.71347213999418,0.0702188308755716,0.193981714356254,-1.78462358398819,-2.16402703646871,0.0223708795893802,-134.196846146188,1.22673298739915,-4.76977070541369,-0.499290562883759,0.173264400422917,24.0462289015779
-1.7143488911285,0.0696233295319235,0.19428375088352,-1.78486284994714,-2.16349713417611,0.0217640389814665,-132.900538863761,1.9027639922233,-4.66790928751422,-0.499718150788039,0.171627661877198,24.1096930599948
-1.71529690218367,0.0691953524036126,0.194719246900159,-1.78499900368182,-2.16283895104573,0.0210559413203957,-133.898998796078,2.29449230777482,-4.72992283882775,-0.502844395617496,0.164516267087563,24.0961291434382
-1.71631440375458,0.0689802611150689,0.195316606671859,-1.78499703042599,-2.16206051739453,0.0202579610126231,-133.841321308915,0.867143220489879,-4.79540808078809,-0.507561037378046,0.164446887823991,24.1144965784075
-1.71739020593546,0.0689967524488431,0.196084717370789,-1.78484123074128,-2.16118104180918,0.0193894613915289,-133.401612772067,1.69874806976668,-4.59989706249524,-0.501068216216197,0.160620528696061,24.1749838026282
-1.71851676903444,0.0692591491479675,0.197033107193618,-1.78452206072089,-2.16021041962204,0.0184608057990895,-134.854408820391,1.91897215862991,-4.83318219663124,-0.504184883335,0.168162151264235,24.17750304843
-1.71967314238155,0.0697480781549977,0.198143843667898,-1.78405276583079,-2.15917603478857,0.0174947213412698,-133.779287416585,1.67015699922672,-4.85426122829614,-0.506721170804563,0.170265849073074,24.247408422098
-1.7208387896763,0.0704217982305799,0.199381709632475,-1.78346371884407,-2.15810527836847,0.0165120686687826,-134.559870686332,1.68463319683246,-4.82908510889922,-0.510052973686228,0.167930387581843,24.2465924571958
-1.72198932491094,0.0712208655378195,0.200698213057214,-1.78279949998798,-2.15702813409131,0.0155330976766174,-134.878128052807,1.36120917197377,-4.82113604363536,-0.509936109056189,0.16615194275243,24.2537411100499
-1.72309978242992,0.0720775635115345,0.202038381901316,-1.7821102623061,-2.15597802152763,0.0145801786497914,-134.003610144595,1.56026679793331,-4.65969056849434,-0.50369261722846,0.164023561114738,24.2916546707307
-1.72415374364844,0.0729338347567356,0.203352363654806,-1.78143887080501,-2.15498267689286,0.0136734132900853,-135.456584938056,1.67989368067379,-4.77773648455988,-0.503048926207514,0.166935591801316,24.2490222888847
-1.72513372591984,0.0737161722613671,0.204576245887141,-1.78083663488176,-2.15407405558975,0.0128358663666974,-134.14967653611,2.34161339377329,-4.7712111093725,-0.499447177481687,0.169133536744336,24.3050297932959
-1.72603757248259,0.0743766269726169,0.205665499324579,-1.78033657992933,-2.15327452815286,0.0120881465126285,-135.002365711799,1.88547185171683,-4.81898624312078,-0.500351620564983,0.171387422138209,24.3015528440118
-1.72685949270594,0.0748787542806699,0.20658128493078,-1.77996449329767,-2.15260522144084,0.0114459707560098,-135.16104799504,2.20868591170733,-4.77556779074013,-0.501422255395508,0.173248089710555,24.3191096910641
-1.72760343013813,0.0752016443189145,0.207295744232447,-1.77973250636974,-2.15208367887068,0.0109265700092756,-134.433463846117,1.77332415205024,-4.69762248854076,-0.501081501718676,0.167919507936531,24.370990167998
-1.72827976293071,0.0753431801993276,0.207794628952819,-1.77964041405076,-2.15171710651002,0.0105392958602025,-135.869914856983,1.7106092450183,-4.80551931224443,-0.502060267107191,0.165533068280589,24.3712915362533
-1.72890579989315,0.0753244331456226,0.208081647355902,-1.77967064844113,-2.15150662366202,0.0102900312710066,-135.068151335784,1.70318136626906,-4.78981930396998,-0.501291930160523,0.164631864551908,24.4527368393205
-1.72950145518006,0.0751803945897773,0.208172209521186,-1.77979774993118,-2.15144210637163,0.0101748244991518,-135.962601931037,1.5520267823083,-4.86392026685616,-0.508343079249727,0.169994463736624,24.4572436192757
-1.73008509184295,0.0749595639813911,0.208092582192782,-1.77998782726593,-2.15150997495799,0.0101826691946799,-136.048139133299,1.25725526061274,-4.90563283947813,-0.514648661399783,0.174214342895243,24.4704142119369
-1.73067753655997,0.0747113300567843,0.207873074964846,-1.78020668916776,-2.1516880860558,0.0102957363340417,-135.131940551928,1.35450152046474,-4.91476131870041,-0.510671383221723,0.17162673533314,24.5116176689742
-1.73129592600037,0.0744812654435503,0.207542900876501,-1.78042359750259,-2.15195341622786,0.0104923604260701,-136.508482085943,2.32304222656285,-4.932363000908,-0.51453220327104,0.169870534274319,24.4710928278849
-1.73195342045201,0.0743202946031527,0.207138549261918,-1.78060524073998,-2.15227929038394,0.0107433620817162,-135.532581411548,2.11628902265284,-4.73886489809612,-0.510281276874978,0.168947859998726,24.5326791148262
-1.73266268616817,0.0742603592846844,0.206687405163021,-1.78073249177732,-2.15263703972384,0.0110200857265039,-136.150892766306,1.63029783985257,-4.89846295092786,-0.509432735344769,0.170544154318901,24.5291565193359
-1.73342430017637,0.0743123067299845,0.206203160140102,-1.78079893159186,-2.15301008634256,0.011299736266656,-136.420118842224,1.60294420857758,-4.83868459205937,-0.512649474876666,0.1707710032944,24.5504370918789
-1.73423833214496,0.0744830395810734,0.205700553291528,-1.78080138794111,-2.15338147493386,0.0115604346619042,-135.627383740704,1.58957383530878,-4.71900453612366,-0.511043289516188,0.169831707943772,24.6107144223761
-1.73509662223613,0.0747686196794159,0.205188582459353,-1.78074319893235,-2.15373932552452,0.0117837259362659,-137.26500472124,1.61781181360266,-4.74096975567963,-0.510596999434534,0.169493605375502,24.5863546085983
-1.73599029921422,0.0751514554938115,0.204669168683894,-1.78063627383275,-2.15407846774277,0.0119589546865195,-136.062872840315,2.14264339388137,-4.73372217751131,-0.507373494854012,0.165651510842681,24.6497578917047
-1.73690677571794,0.0756131180469612,0.20414573010179,-1.78049319507772,-2.15439674412541,0.012079388853936,-136.872594942044,2.1858882379463,-4.83685246994105,-0.509855691284854,0.168002428011029,24.650648759992
-1.73782592295728,0.0761277669629941,0.203614530934645,-1.78032997768944,-2.15470091932845,0.0121444905233797,-137.136817558384,1.26095800962594,-4.94943520590212,-0.511983496319962,0.170141596852763,24.6686004016109
-1.73873803814866,0.0766901530437227,0.203091459005502,-1.78014925530713,-2.15498881170062,0.0121517266344042,-136.359258168991,1.36403290858061,-4.91717929620899,-0.514423140172312,0.170921809284284,24.7121859341478
-1.73963585171758,0.0772854482504606,0.202585392329561,-1.77996156543747,-2.15525967555271,0.0121040480765413,-137.608096018319,2.02009522890512,-4.95873036680763,-0.519204034873777,0.174880007696107,24.6921916728471
-1.7405146579097,0.0779114080885215,0.20211234245095,-1.77976750565188,-2.15551328617735,0.0120070646829511,-136.602024614873,2.67451161785971,-4.95385107737823,-0.517218669039374,0.173743515818103,24.7587386785793
-1.74138038652962,0.0785792235311789,0.201698735375245,-1.77955837581429,-2.15573908454643,0.0118625357816248,-137.373756375111,1.41203075690191,-4.94475345526843,-0.511763706048695,0.170425683425656,24.7590713447623
-1.74224341256951,0.0793071091605757,0.201374725370836,-1.77932072067526,-2.15592230590569,0.0116692982793195,-137.65491319036,1.67576958196219,-4.881578413417,-0.51115492065161,0.16655065394646,24.7837667712336
-1.74312248630038,0.0801130155059226,0.20116917784326,-1.77904176797191,-2.1560446183487,0.0114278860994895,-136.994554580677,2.1830930084393,-4.79765471460163,-0.51272666575469,0.168920584106625,24.8437021285543
-1.74404523831412,0.0810147324169908,0.20111031243538,-1.77870955789702,-2.15607888006205,0.0111340546841537,-138.591071999697,1.5831731049484,-4.98793657153468,-0.520494516785253,0.171942204387595,24.8165633862803
-1.74503513854975,0.0820240532007652,0.20121834222696,-1.77831442553635,-2.15600352569158,0.0107856934380092,-137.370447028932,1.6263660147431,-5.0035921853175,-0.520227725950803,0.168948522199546,24.8740172438273
-1.74611681626488,0.0831411484408164,0.201502483296306,-1.77785391194052,-2.15580144313754,0.0103859349612385,-137.945525262703,2.38765291813752,-5.00730295437288,-0.523860036495629,0.168883831728459,24.868413061267
-1.74731239553605,0.0843560760124848,0.201962405452113,-1.77733173045265,-2.15545508286328,0.00993365508443253,-138.329179730033,2.08891103746396,-4.87693914258898,-0.520647222089493,0.170336839634142,24.8838644443487
-1.74862893328301,0.085643228485889,0.202580222399853,-1.77675887467671,-2.15496569148832,0.00943774606812651,-137.361981617262,1.59616768924502,-4.89613479519915,-0.519694692943723,0.171341225688571,24.9378602201184
-1.75006155200958,0.0869704959179156,0.203329420120288,-1.77615137338328,-2.1543405677773,0.00890412459467348,-138.999017495951,1.48374556370641,-4.85379926040454,-0.525415988152259,0.175021869030183,24.9072541736639
-1.75159448215953,0.0882862027325828,0.204166327080526,-1.77553658810496,-2.15360027996281,0.00834520619064356,-137.713947620474,1.58071985910715,-4.90670668664762,-0.523620695245012,0.17467887096405,24.9647851963698
-1.75319450439887,0.0895352301311245,0.20504048031862,-1.77494280828704,-2.15278225355336,0.00777976378757775,-138.586636996916,1.65845924654786,-4.95741741744874,-0.526666360024115,0.17443727258317,24.9607210014317
-1.75482296295926,0.0906675244536945,0.205902522742159,-1.77439609792373,-2.15192236776148,0.00721912445149129,-138.955955875754,1.73169765443527,-5.0852102458793,-0.521137647430857,0.166564991006373,25.000768916555
-1.75643010084666,0.0916331331051001,0.206701308984216,-1.77392083380047,-2.15106893901407,0.00668182927384768,-138.309160224672,1.81579779369554,-4.81309417564242,-0.517578782391209,0.167008301904815,25.0592858762826
-1.75796284520279,0.0923861773495034,0.207389734978343,-1.77354017479807,-2.1502711005178,0.00618453321185922,-139.61507856857,1.65089877265609,-5.06702079375927,-0.520187451749444,0.174044979988223,25.0277973134664
-1.75937183618791,0.0928966270344933,0.207933094942308,-1.77326983327368,-2.14957226550615,0.00574006143376361,-138.338977474446,1.205554494235,-5.042402538679,-0.52007952892261,0.175790695589454,25.0823636073943
-1.76061587878541,0.0931546990022891,0.20831504306583,-1.77311347387777,-2.14900783240459,0.00535908282529223,-139.107486417993,1.77774921523951,-4.96138710561473,-0.522052448197714,0.172994887850043,25.071498932181
-1.76166459677339,0.093161822763328,0.208530257751513,-1.77306958826278,-2.14860284758118,0.0050486988588682,-139.449033509152,2.26794683807702,-4.86691958321245,-0.521865517800999,0.174498284803019,25.0943578932621
-1.76250388483266,0.0929257359659736,0.208582618825448,-1.77313532180995,-2.14837060508838,0.00481478713113667,-138.780255124439,2.38953770605781,-4.88977960749477,-0.520199021641278,0.174544373477172,25.1462339494202
-1.76314064322935,0.0924824975945491,0.208502889674465,-1.77329129604319,-2.14830485476404,0.00465561874604167,-140.061757001434,2.10687509379295,-5.05493523637057,-0.520504124926687,0.178307292166915,25.1118230144707
-1.76358960796128,0.0918683399544538,0.208323972608429,-1.77352027387447,-2.14839567992264,0.0045724348644981,-138.891765078014,2.03574713096145,-4.84328220026225,-0.52421290506493,0.174815189957046,25.1648163464666
-1.76388655418205,0.0911388443887464,0.208097334902119,-1.77379405831867,-2.14861358808368,0.00455814774854039,-139.697871051429,2.61251662100653,-5.04436495864528,-0.527153398343405,0.171760593322557,25.1717139618295
-1.7640793419136,0.0903501427089726,0.207876387806631,-1.77408413571696,-2.14892311947899,0.00460623559522008,-140.024747616955,1.89335514177014,-5.04812249811167,-0.52621104896347,0.170660071669882,25.2045190606321
-1.76421167614308,0.0895486561077714,0.207703854176171,-1.77436743294261,-2.14929652531696,0.00471525070626621,-139.203010641956,2.02374507677678,-5.08286571210482,-0.524248416053431,0.174571311211254,25.249820777388
-1.76433712679888,0.0887956056524786,0.207634410635022,-1.77461303262581,-2.14968839351356,0.00486705391179069,-140.643975406579,1.9456374797719,-4.95262066784534,-0.526615501643202,0.176516440101563,25.2195395953772
-1.7644993416944,0.088129353945531,0.20769912373923,-1.77480221030334,-2.15006988289887,0.00505302553074213,-139.469376964302,2.00686561683278,-5.02325985686304,-0.52751245719061,0.173952030023569,25.279573233524
-1.76474163857182,0.0875938121575697,0.20792974059726,-1.77491220444326,-2.1504061739423,0.00525359180634247,-140.321270901863,2.19577001039261,-5.04626255402405,-0.532464835460919,0.172384611765091,25.2735421381184
-1.76509437045833,0.0872173705619677,0.208340534708446,-1.77492898073667,-2.15067097221892,0.00544848663201444,-140.38173150798,2.37095575422654,-4.96692261139171,-0.531225550821171,0.172020513667297,25.2902939518276
-1.76557092529012,0.0870097727154295,0.208923708465693,-1.77484670150857,-2.15085810034357,0.00562589354566472,-139.719418956881,1.54562844408179,-4.90785185628584,-0.526028280215949,0.171498658305256,25.3328931378706
-1.76618747008914,0.0869889708228655,0.209676116580902,-1.77465450341961,-2.15095355735392,0.00576587902917082,-141.254324637308,1.55106227786928,-5.16574599540746,-0.526486943839306,0.177912930189929,25.304772336566
-1.76693882985707,0.0871532598774856,0.210574555714673,-1.77435384138177,-2.15095639991106,0.00584854791610659,-140.013687665661,1.79129180313998,-5.03980326760845,-0.527063192742739,0.176846624675004,25.3685129393605
-1.76781824989292,0.0874933847107098,0.21158865701038,-1.77394814908214,-2.15086991170178,0.00585992910425839,-140.89099644314,2.05504417052111,-4.98382459811492,-0.527643177265677,0.172421079963366,25.3629118626672
-1.768809306274,0.0879852804753956,0.212677077884555,-1.77345218665501,-2.15070518562157,0.00579178198102401,-141.11814390263,1.96190714213458,-5.06850873113532,-0.52745850968881,0.173478879963838,25.3854697603633
-1.76989606409758,0.088614681187833,0.213809390689742,-1.77287429213208,-2.15046874683567,0.00563480595010585,-140.405242521611,1.56717721764767,-4.99754165874606,-0.52576759003759,0.175505379396422,25.4373762997259
-1.7710525331482,0.0893484341044015,0.214943161071039,-1.77223724200987,-2.1501751379534,0.00538647004696339,-141.755364867738,1.41465003144003,-5.04216157544536,-0.527956338680657,0.178445312278947,25.4322147234605
-1.77225394813726,0.090154996107179,0.216042849132383,-1.77156293073959,-2.14983969595727,0.00505119156407157,-140.776912086506,1.67001414006063,-5.01097489702775,-0.528622374072645,0.18038518002544,25.5003197220944
-1.77348020730694,0.0910042604609416,0.217080442950091,-1.77087219237352,-2.14947386258835,0.0046377886178482,-141.527048534082,1.3402088953676,-5.02967180910642,-0.531239741324411,0.174211149538748,25.494384354912
-1.77470462581061,0.0918557911891718,0.218025147796368,-1.7701952268,-2.14909384533598,0.00415917876476573,-142.078324140726,1.73439609267894,-5.02452073787271,-0.531592192867703,0.175233207369243,25.5134140189462
-1.77590494303124,0.0926713113839419,0.218854829422543,-1.76956127853214,-2.14871219963577,0.00362971722169622,-141.103042163039,1.94071907140801,-4.88448181230191,-0.530719010273573,0.174887736622119,25.5621613133262
-1.77705387617629,0.0933928983593759,0.219534616522026,-1.76901014621396,-2.14835704311585,0.0030809228584023,-142.419487155721,1.64412647097447,-4.92463890636196,-0.530674785318637,0.177708317481402,25.5194972367053
-1.77813094154529,0.0939857514778843,0.220052478179957,-1.76856617179238,-2.14804396394497,0.00253277330937938,-141.120151052035,1.73119328159351,-4.89119476305731,-0.530149829941294,0.177672854213243,25.5743145786211
-1.77912703244743,0.0944100045522305,0.220396920041625,-1.76825759392891,-2.14778447808374,0.00200769553258144,-141.863039951309,1.96066823310957,-5.06686712042929,-0.528231181252869,0.177496903784894,25.5664904640873
-1.78002713380972,0.094624178631447,0.220553034365915,-1.7681074168074,-2.14760239820722,0.0015374772268557,-142.081626359428,2.802098289166,-5.03801893245267,-0.534253066176461,0.1775102898523,25.5855341152567
-1.78082404438247,0.0945947270995333,0.220512329353094,-1.76813372778281,-2.14751572103367,0.00114710124449768,-141.429273298574,2.03632998179251,-4.98080371070614,-0.530404334423866,0.171183395513751,25.6358410107069
-1.78151607332218,0.094301479649241,0.22027360636075,-1.76834153112889,-2.14754070966021,0.000860385047196563,-142.976149916356,2.02977238092012,-5.05247745787625,-0.53136177533645,0.175040889246086,25.6191434751994
-1.78211478212631,0.0937480244606324,0.21985301869785,-1.76871777992267,-2.1476851814504,0.000696491490694622,-141.709791429409,2.01826442539505,-5.10553154095777,-0.531565495164064,0.177953412916518,25.6905481009044
-1.78263950198024,0.0929617118781767,0.219282758728004,-1.76923408183651,-2.14794617500299,0.000664931274228664,-142.659316215147,1.47016286568578,-5.17891318064832,-0.536810020319071,0.176905330390262,25.6856499605169
-1.78311154543048,0.0919807297740416,0.218597641610629,-1.76985340486021,-2.1483174632184,0.000769067868958335,-142.767557981105,1.6682880388239,-5.09356168965598,-0.540696529752259,0.176358292258884,25.7003623567809
-1.78355345172355,0.0908748038632137,0.217853027417118,-1.77051917182564,-2.14878612348473,0.0010038456805093,-142.139000046639,1.39559806745456,-5.09294978327873,-0.539735676735783,0.176677914105016,25.7494361436482
-1.78398961860521,0.0897199635544794,0.217106902583869,-1.77117328281099,-2.14933193072473,0.00135569421949735,-143.437941373828,1.75216981109156,-5.14530940648646,-0.541384231735349,0.181733181736232,25.7257064274212
-1.78444490416754,0.0885972767212984,0.216418504594761,-1.77175771255511,-2.1499292179894,0.00180480606173323,-142.278705315151,2.84349265555466,-5.15197306715254,-0.537304522006861,0.178326239682874,25.7914412287903
-1.78494165583305,0.0875974905024606,0.215853080170982,-1.77221286213457,-2.15054181210685,0.00231929828550331,-143.195093046341,2.05489373508067,-5.16910854920161,-0.538353032173602,0.178721983599206,25.7822584892774
-1.78548489334211,0.0868051078440164,0.215467238989809,-1.77248657670989,-2.15114332009375,0.00286632039336991,-143.512066952988,1.6871592678358,-5.13199752886717,-0.537747725337022,0.179710713338178,25.8070468269166
-1.78607911187057,0.0862781841325937,0.215298186973209,-1.77254932373249,-2.15170456160291,0.00341086426861777,-142.670259202833,2.0600159743758,-5.07389449989648,-0.535876806447744,0.176336874757625,25.8705509810239
-1.78672130740059,0.0860569085087999,0.215370294562439,-1.77238813055417,-2.1521959199883,0.00391376239552675,-144.173421426714,2.19320709948352,-5.20845841264889,-0.534442595314494,0.177827486041865,25.8404426859624
-1.78740166743715,0.0861430771566223,0.215678703419061,-1.77201776089252,-2.15259909724253,0.00434535674989541,-142.937939124248,1.89413688168815,-5.01619426561564,-0.534038205525884,0.17854314044108,25.8986989214962
-1.78810401045261,0.0865063697501007,0.216195547430098,-1.77147520580495,-2.15290654612944,0.00468625620576526,-143.797761886867,1.79301099561485,-4.98739878006492,-0.536253269554551,0.179915828031534,25.8944509396528
-1.78880776418002,0.0870887526989836,0.216873139839945,-1.77081510845076,-2.15311703145229,0.00492126142747906,-144.038147178575,2.11938200627674,-5.11870478510249,-0.54024976506454,0.182175448315402,25.9150201706109
-1.78949588166216,0.087801994408256,0.21764271658384,-1.77010937166974,-2.15323924392868,0.00505013067346661,-143.218073812823,1.78085105640025,-5.08128261620445,-0.53856218448749,0.178785167638661,25.9721166973707
-1.79014603847838,0.0885504556615047,0.218429111539835,-1.76943048866035,-2.15329510755737,0.00508444063765727,-144.902123479108,2.67728097100212,-5.17537610663555,-0.540712293661856,0.179905989503651,25.9624634974677
-1.79074140359333,0.0892341001756165,0.219155935889885,-1.76884986460072,-2.15330766079435,0.00504007904705443,-143.770037103648,1.94054939084936,-4.99359293694695,-0.541207082208687,0.180854866639406,26.0282055624855
-1.79127571498469,0.0897606742791908,0.219754944435677,-1.76842880553929,-2.15330247043395,0.00494383780911504,-144.350636407479,1.64465030985843,-5.13854780372023,-0.539690412054745,0.176310471969051,26.0193599537803
-1.79174784844375,0.0900664373666817,0.220179377626827,-1.76820553429004,-2.15329778798282,0.00481518157394868,-144.679685919947,1.86324158948059,-5.2476845839933,-0.542533591459341,0.176303540176598,26.0392006813525
-1.79216267725291,0.0901097549417571,0.220400170129581,-1.76819898807763,-2.15331371024369,0.0046815032707835,-143.826917627761,2.17402623138946,-5.15406556634147,-0.53942250598547,0.17662108459156,26.0880603066031
-1.79252842659383,0.0898830251222922,0.220413101168712,-1.76840150401718,-2.15336473287859,0.00456394287084757,-145.392736790531,2.10407564271759,-5.14027637749274,-0.543892494256159,0.181932945477285,26.0518868854621
-1.79285734846601,0.0894147987287948,0.22024086406282,-1.76878165367851,-2.15345735572688,0.00447630405800673,-143.906867107605,1.32361836844348,-5.15971903690283,-0.542896686451347,0.183654134647796,26.1090883472043
-1.79316519905222,0.0887695434346085,0.219932552837447,-1.76928324305868,-2.15359205969002,0.00442792479635332,-144.946711147997,2.15578982637385,-5.25815752715056,-0.542295321341628,0.181055977368063,26.1016720692953
-1.79347354922086,0.0880473021428898,0.219563359519196,-1.76982719591548,-2.15375559561045,0.00441481331077392,-145.106543071785,2.18350597291669,-5.07315543441047,-0.542763924157356,0.182654958396926,26.1259298591382
-1.7937972370117,0.0873346852975541,0.219196963295865,-1.77034554099828,-2.15393997177499,0.00443569925436382,-144.249514993905,1.41887327139284,-5.12009620392331,-0.545178846325444,0.179089781589438,26.1678712737973
-1.79415714319026,0.0867388418453867,0.218912104665565,-1.77075903519965,-2.1541289243424,0.00448276173405102,-145.853761489344,1.95358313726933,-5.24900945424963,-0.545290207282982,0.180072702429215,26.1504418117745
-1.7945647114638,0.0863379463635763,0.218763632910292,-1.77101190044465,-2.15431389114034,0.00455121595112692,-144.643356775276,2.29889392947939,-5.12123799490581,-0.541700448922899,0.179850726338307,26.2185693480808
-1.79503465422845,0.0862064115628378,0.218803934589905,-1.77105321700492,-2.15448000416671,0.00463120527294873,-145.570843703762,1.72144385815363,-5.26449860577617,-0.546850127839249,0.177788760599989,26.2208683851063
-1.795581638622,0.0863815311662908,0.219057408076803,-1.7708613579338,-2.15461465716728,0.00471592934315264,-145.806276354501,2.26528989224539,-5.32791003515246,-0.549409333745467,0.178607168936583,26.2470213214375
-1.79620892366294,0.0868576111060495,0.219514442644187,-1.77044423982949,-2.15472045416041,0.00480978480565892,-144.942707998144,2.46577947558831,-5.103029676479,-0.547384619636694,0.178919046185536,26.291975135504
-1.79691663643097,0.0876013972977354,0.220145924186933,-1.76983200423591,-2.15479942634226,0.00491454785372066,-146.59990049623,2.8324183492748,-5.22660097276594,-0.549067447043379,0.183897859696994,26.2583284288208
-1.79770539550729,0.0885610140338695,0.220910175463167,-1.76906750800861,-2.15485170545313,0.00502952054363472,-145.115154586066,2.29262745441702,-5.20284703954695,-0.545240272414711,0.179038116275949,26.3097773202746
-1.79857331633151,0.0896573292476273,0.221745301101515,-1.76821328340592,-2.15488131849242,0.0051570263499956,-145.937855189133,2.18074772035857,-5.28621078488442,-0.544895785918038,0.180651303781624,26.2871513455629
-1.79951060739963,0.0908077910423248,0.222588875758684,-1.76733530329782,-2.15488884349561,0.00529023932507409,-146.077346424529,2.41364337368395,-5.2591700522155,-0.545605531670175,0.186201982462011,26.3057312398082
-1.80050230452113,0.0919323966687422,0.223380448735048,-1.76649436765032,-2.15488147919294,0.00542733407918915,-145.489930576326,2.1310755227737,-5.12389911401416,-0.546190686151222,0.183746668815436,26.3681315564038
-1.80153289602079,0.092965326352191,0.224071337229369,-1.76574139190025,-2.15486128764521,0.00555919947585233,-147.013031785925,1.91733352541041,-5.04711727064586,-0.54656285097544,0.180750545193331,26.3554612298552
-1.80258307513073,0.0938563282327696,0.2246264089457,-1.76511691712214,-2.15482576734656,0.00566830037534419,-145.764143433451,2.16755491227354,-5.19810251826286,-0.549337341512627,0.180338154398474,26.4192712914718
-1.80363577264029,0.0945901186093856,0.225038313715354,-1.76463427185839,-2.15476610713533,0.00573162705137699,-146.680857625411,2.42302667170247,-5.30353795612834,-0.546361539165661,0.17873957227051,26.4203535512938
-1.80466632369338,0.095156928768164,0.225302632500124,-1.76430069831735,-2.1546883067737,0.00573809469156499,-146.816521470627,2.37823492325629,-5.26876590266605,-0.550249559064052,0.178590209249611,26.4471473061396
-1.80566118319616,0.0955840577294236,0.225445135797535,-1.76409543481225,-2.15458745005597,0.00567183009267545,-146.185283146406,1.62500952611776,-5.23379931617632,-0.552586963937624,0.181648683912642,26.496700247849
-1.80660768505692,0.0959046229051612,0.225495027445305,-1.76399164738324,-2.15446421394529,0.00552537202619528,-147.543538323613,1.37495076760979,-5.17000439342894,-0.554560810116826,0.185153622068633,26.4671053655509
-1.80749181307177,0.0961590564860639,0.225485605403314,-1.76395573561178,-2.15432823544618,0.0052996365729383,-146.343055320127,2.41719674903106,-5.18591684919699,-0.557886623377712,0.185910680586332,26.5220141356965
-1.80830852481067,0.0963928220910582,0.225453167754787,-1.76394575847781,-2.15419481088542,0.00501100814801764,-147.002193113891,1.96850651136901,-5.2002475850133,-0.555541280233867,0.18233649600622,26.5144495886392
-1.80905694524676,0.096635956145251,0.225421991169041,-1.76393106034417,-2.15408076838398,0.00468092969222698,-147.346113396554,2.24948185536937,-5.11594521130726,-0.555043128292391,0.180926272008047,26.5385771394383
-1.80974646482885,0.096915045776047,0.225414586097501,-1.76388420430406,-2.15399810830701,0.00433306774676684,-146.732137269449,2.3099062859194,-5.22851541112607,-0.552512033265801,0.179787349777676,26.5961646536293
-1.81038278672632,0.0972302579047053,0.225431442450731,-1.76379574457003,-2.15397156839631,0.00400377745955898,-148.301383909939,2.20339676046319,-5.31605679637732,-0.553307253956197,0.184932537720861,26.5805546814599
-1.81097627779277,0.097577127628524,0.225469261365035,-1.76366099862514,-2.15401635027951,0.00372224927645343,-147.120217251178,2.49437377905974,-5.3836169650514,-0.551279877299383,0.187776605219402,26.6550874337951
-1.81153818220217,0.0979427725752036,0.225519192671049,-1.76348488172476,-2.1541434207713,0.00351212258059426,-147.97343676289,2.67850714772658,-5.30555998972719,-0.552439604127501,0.182571933307231,26.6553473329445
-1.8120857444432,0.0983135965823543,0.225572195016098,-1.7632746721879,-2.15435135164494,0.00338774922519857,-148.254908866582,2.32963820571149,-5.2511687973998,-0.555294314244307,0.181983182539392,26.6592902874594
-1.81263289751263,0.0986721124890604,0.225617802042473,-1.76304472031012,-2.15463083595164,0.00335113154764674,-147.280367825979,1.56607682337949,-5.33615997864828,-0.553377982563775,0.18175051682063,26.6979925397704
-1.81318791249769,0.0989991672181745,0.225642754297839,-1.76281297384573,-2.15496894779396,0.00339499398303843,-148.808008924786,2.77852387633061,-5.3727954518298,-0.555030419374553,0.185694151026435,26.6662710151923
-1.81376436676327,0.0992913176308345,0.225648654409386,-1.76258876392835,-2.15533770707562,0.0034961659905308,-147.564109853198,2.00092725442755,-5.33480668477119,-0.551965948095614,0.18649994709386,26.7366682994368
-1.81436902574696,0.0995491481220991,0.225639892574155,-1.762377977434,-2.15571555087304,0.00363655817901867,-148.418615658641,2.96345635384887,-5.3880117946041,-0.554850369656591,0.185556336993067,26.7373521273818
-1.81501405255278,0.0997858214592089,0.225632233917093,-1.76217992106625,-2.15606568076137,0.0037809471117995,-148.709713192614,2.72332878888528,-5.27064820755299,-0.555856431705449,0.185931117298182,26.7820022571934
-1.81570704578296,0.100022435190061,0.22564782263932,-1.761987319993,-2.15635483198299,0.00389703243954737,-148.097274992009,2.5192050739488,-5.28254599015284,-0.557817065987476,0.181551888125882,26.8417218606141
-1.81644981516311,0.100273637842793,0.225703024663021,-1.76179451447393,-2.15656303510608,0.00396318179425235,-149.443551768938,1.65410170588757,-5.44971499438392,-0.560280708467393,0.18473142955931,26.8102911288218
-1.81724284431087,0.100541508827035,0.225805659015845,-1.76160290654836,-2.15667785346947,0.0039663156042582,-148.308088476577,2.15864216354498,-5.35522667122603,-0.557848288196647,0.182376267209887,26.867929592238
-1.81809345712783,0.100830816337135,0.225965980056921,-1.76140821271726,-2.15668819314257,0.003900240496976,-149.064903286112,1.89905470107328,-5.31448146176191,-0.560852103268535,0.184693811413763,26.8615926905299
-1.81899193910131,0.101142002292024,0.226188590534614,-1.76120742604851,-2.15660415226656,0.00377099488287905,-149.371084529484,2.15710135835252,-5.42028711268009,-0.562274121754431,0.187983716375958,26.8763857096296
-1.81993846228868,0.101457612669327,0.226466009688816,-1.76100746934151,-2.1564389438061,0.00359593125458163,-148.423716729988,1.9966307088946,-5.43430819156808,-0.563573788864802,0.187528547984472,26.9236171327558
-1.82092500323311,0.101758990880462,0.226787501681001,-1.76081443634456,-2.15621155661599,0.00339193764417501,-149.919318902923,2.28305807729157,-5.34513455132529,-0.56123205946088,0.188095701566992,26.8929483933463
-1.82193955793858,0.102014921068713,0.227131973907158,-1.76064387155963,-2.15594668828435,0.00317961081606697,-148.663878455792,1.32866049239578,-5.20846403650935,-0.557753330107482,0.181671175009305,26.9527537685559
-1.82297232436349,0.102207799831046,0.227488869744859,-1.76050191134372,-2.15566668779511,0.00297774531412323,-149.510903444311,2.21779035225995,-5.3694439114297,-0.561075656210159,0.179772313768761,26.9435350917246
-1.82400801391107,0.102325069382374,0.227849806766022,-1.76039253642616,-2.15539142393551,0.00279675146140269,-149.808901641055,2.47673272484826,-5.42514058962999,-0.561149856359429,0.181489586300367,26.9623955561905
-1.82503781195686,0.102369568004955,0.228217629290803,-1.76031019030595,-2.15512730218862,0.0026342863231287,-148.952584386724,2.16908888391117,-5.2677000552558,-0.562949307114519,0.184827279326599,27.0139141728581
-1.82604238961711,0.102346360841192,0.228593996544514,-1.76024855768911,-2.15489040016519,0.00249294672647675,-150.519260904051,2.48013866985002,-5.27578392433239,-0.562309689815145,0.186113919313978,27.0015008175918
-1.82700849020093,0.102282737228048,0.228997478671995,-1.76018705041159,-2.15468126775037,0.00236000133166178,-149.238905406839,2.75862888817574,-5.34052252125633,-0.566980969074443,0.186380405559501,27.0791555749288
-1.82793035505414,0.102210969922691,0.229449774139637,-1.76010276666285,-2.15449426783177,0.00222327593878954,-150.369415498173,2.25991678093214,-5.41344014657926,-0.566888794170384,0.186154609893633,27.0721099902185
-1.82880021715748,0.102166049151132,0.229973049962067,-1.75997214662172,-2.15432257277722,0.00206757765375761,-150.344247305513,2.80178231597529,-5.40731165203505,-0.571664357191504,0.185627913244373,27.0919611762472
-1.82961715524271,0.102180332263188,0.230587876668398,-1.75977308690612,-2.1541572481814,0.00188259248050649,-149.755222023285,2.28222245931033,-5.4366636455722,-0.567644759988367,0.186699754323493,27.1342169120848
-1.83037953770198,0.102272467613885,0.23130143870563,-1.75949113796884,-2.15399732387731,0.00166928705067109,-151.075654513569,2.63359384513501,-5.37201097031843,-0.569635181352702,0.188239640159442,27.1080925884427
-1.83108921486006,0.10244826634359,0.232111100345064,-1.75912261078132,-2.15383925674519,0.0014292200988042,-149.985186757379,2.53167157819894,-5.29811314467682,-0.567118787996244,0.189331489879457,27.1601228410818
-1.83175395405181,0.10270054282876,0.233003431965748,-1.75867156712135,-2.15368550076929,0.00117644534167875,-150.742338631716,2.98990966417705,-5.46343330166138,-0.565120244488491,0.188789205487518,27.150739414663
-1.83237986849691,0.103001020943282,0.233947843842798,-1.75815727047923,-2.15354535527102,0.000932281779206121,-150.832743286883,2.15593045446826,-5.45748998039363,-0.566510124678669,0.187240991477079,27.1606702568648
-1.83297919499414,0.103310619697485,0.234906169374456,-1.75760555129391,-2.1534302536004,0.000723813039095823,-150.163354087435,2.39701067486476,-5.30011041073789,-0.56514404817156,0.18623766868468,27.2115405702309
-1.83356187747486,0.103581423433505,0.23583224176329,-1.75704806698045,-2.15335858801782,0.00058460091796076,-151.696271234239,2.82669178516448,-5.37839356401176,-0.565739801022627,0.186890377025454,27.1985234178658
-1.83413841056795,0.10375696545205,0.23667460920243,-1.75652691633401,-2.15334387053561,0.000539493522479497,-150.466872993423,1.94981293053979,-5.41066151647399,-0.568701807387181,0.187297201420537,27.2671977772018
-1.83472662162686,0.103801876680276,0.237400814610448,-1.75607146587921,-2.15338815254743,0.000601887942635016,-151.434243432878,2.2775716666149,-5.46718681185899,-0.570511882341469,0.187731255425427,27.2675712150555
-1.83533880588264,0.103689245996936,0.237983212901316,-1.75570614286209,-2.15349432660391,0.000778040147643077,-151.534334127432,2.69726200792888,-5.46642778237174,-0.572207538925899,0.188871420103092,27.2995334105693
-1.83598537290123,0.103400997588439,0.238402463356489,-1.75545091889203,-2.15366016635665,0.00106523047318352,-151.000128772905,2.14485310006967,-5.48916651970103,-0.574847321105879,0.186887626054632,27.3588395863974
-1.83667102156085,0.102930902558656,0.238649904479206,-1.75531949793265,-2.15388234231784,0.0014543413650858,-152.44088462666,2.50146351369767,-5.40754926214726,-0.577099567207817,0.187540303781921,27.3466388124249
-1.83740039062605,0.10230538865834,0.238745081777351,-1.75530486414343,-2.15414274026262,0.00191542470630786,-151.371464396203,2.37768628044159,-5.53544522055665,-0.576232975153501,0.189317705126104,27.408549466611
-1.83817890070333,0.101559146052137,0.23871483744812,-1.75539399681447,-2.15442039435325,0.00241840290648566,-151.962068621967,2.24489849514907,-5.50929544804728,-0.573051892838102,0.193082706032371,27.4073408282312
-1.83899757098432,0.100725765860002,0.238583759132329,-1.75557434081634,-2.15469985168353,0.00292921875299251,-152.41692112992,1.91472980676622,-5.39335497489682,-0.570413132021574,0.191416705717116,27.4132473010653
-1.83985145814706,0.0998594030119015,0.23839484278424,-1.75581804821028,-2.15495715536358,0.00341006006283061,-151.34979663238,2.31489212903489,-5.26470400431862,-0.569062467204563,0.188032586698779,27.4587404991437
-1.84072861507322,0.0990010714963034,0.238180549818057,-1.7561022597561,-2.15518211690511,0.00383872430811002,-152.831669645666,2.28954541269809,-5.36393704617271,-0.569753116796962,0.188953902152021,27.4149228151461
-1.84161713441742,0.0981818505908159,0.23796593735006,-1.75641008467837,-2.15536297618745,0.00419313286421788,-151.66477407502,2.59385044582677,-5.46462404404909,-0.568273238429006,0.188912116950551,27.4878216332127
-1.8425119716019,0.0974480139203973,0.237788480726882,-1.75671057488145,-2.15548383398212,0.00445564612644798,-152.686038661742,3.56112515471727,-5.53437647137048,-0.567042140287366,0.191116965210673,27.4967849738124
-1.84340483826906,0.0968207111021506,0.237665108329105,-1.75698768801661,-2.15554234009106,0.00462363950419308,-152.899682701088,2.95947266648636,-5.56853640498957,-0.574059373802274,0.191851951623415,27.5328642935183
-1.84429171367839,0.096313278667564,0.237604527969882,-1.75722656856702,-2.15554268783918,0.0047058365891724,-152.183597995826,3.0925412555639,-5.54537415822855,-0.57728723724353,0.189480904974254,27.5885003349752
-1.84517570996077,0.0959310173091676,0.237609246787784,-1.7574175721066,-2.15548541167899,0.0047128165198674,-153.736915596173,2.60050579997846,-5.55920627463306,-0.57718943878911,0.187459302619096,27.5676340304826
-1.84606048765678,0.0956762742103034,0.237677789621932,-1.75755187361526,-2.15537695088847,0.00465954462077636,-152.43068414594,2.30546519002314,-5.55416141506396,-0.576819596949694,0.186987213263476,27.6339906584141
-1.84695162383207,0.0955487496478433,0.237805359213925,-1.75762114834918,-2.15522801313872,0.00456589565572898,-153.370994569637,2.71611660238273,-5.59773084595963,-0.578266638671614,0.189947999050856,27.625360648238
-1.84785704798735,0.0955410891320039,0.237979910033649,-1.75762347483062,-2.1550478518671,0.00444789182673892,-153.668850049642,3.07281730991826,-5.43103084260142,-0.580471739004148,0.192282244205568,27.6425464282556
-1.84879188364274,0.0956520701471,0.238195833875489,-1.75755499379345,-2.15483823545582,0.00431492500291907,-152.730349575031,2.33013875530446,-5.51471711682404,-0.575617229966287,0.192501987567607,27.6823414051378
-1.84977071692789,0.0958850263202358,0.238452104638636,-1.75741131356534,-2.15459832652999,0.00417007620577016,-154.180621975248,2.81907325226689,-5.58424844083589,-0.577514792132285,0.195857637239302,27.6435728778057
-1.85080097544289,0.0962291786552907,0.238736737538968,-1.75719983346306,-2.15432939555896,0.0040126072688079,-152.751412069561,2.95182673182512,-5.39656909108456,-0.571886773392092,0.186747467089096,27.7055329938183
-1.85188502824137,0.0966860211583818,0.239047770668487,-1.75692123387196,-2.15403245360879,0.00383650142047565,-153.818060919894,2.45505297767727,-5.45759772216482,-0.572930500953137,0.183145858139515,27.7098228710371
-1.8530181748282,0.0972461043078869,0.239375726836513,-1.75658614994535,-2.15370888508016,0.00363275592828828,-154.153263899208,2.77826758943183,-5.50079681530681,-0.575282308407264,0.186889494064147,27.7459861003551
-1.85419131226801,0.0979084734565099,0.239720441956115,-1.75619957940012,-2.15335901994801,0.00338974476702476,-153.474668296613,2.72770631379126,-5.36550504242959,-0.576032392417697,0.192615306851386,27.8022148267818
-1.85539170868124,0.0986611992023452,0.240075242907706,-1.75577471826434,-2.15298346718127,0.00309738726955145,-154.927599678194,2.24678329182575,-5.48949021544166,-0.581266550421581,0.194211481639984,27.7767886549733
-1.85660544311722,0.0994958473120295,0.240438380714818,-1.75532277386042,-2.15257935879878,0.00274254247882367,-153.619531275158,2.00174092366751,-5.43036182160307,-0.585726248948005,0.19456082179605,27.8316028106587
-1.85780624044123,0.100387248846998,0.24079466181174,-1.75486215223058,-2.15216313870679,0.00233143641290372,-154.581699471135,2.11350206573161,-5.60315254719154,-0.584504782546168,0.190887471377218,27.8234588560412
-1.85897798728798,0.101323988538043,0.241142088255629,-1.75440182031623,-2.15173942147549,0.00186406652627735,-154.693864958616,3.02904849879769,-5.58201956684528,-0.581693558037862,0.189714725488275,27.8491271903067
-1.8601096600455,0.102295805637155,0.241480725123536,-1.75394761821615,-2.15131059818684,0.0013435926930681,-153.959881796397,3.14022042955253,-5.58079089602808,-0.578852207992501,0.194818220552787,27.8950741703194
-1.8611924443409,0.103284669997928,0.241803866637394,-1.75350623429879,-2.15088881825891,0.000787242775852901,-155.312038991853,2.36462461056772,-5.60253182381368,-0.582951971506449,0.196313223844767,27.8716122231592
-1.86221788594024,0.104267035083307,0.242100604402199,-1.75308761192374,-2.1504878953721,0.000214595787795611,-154.089097138664,2.64281799332593,-5.50073406193408,-0.584311353219626,0.194203033033285,27.9297652291571
-1.86319089344327,0.105225868224851,0.242364400563458,-1.75269444184846,-2.15011801598494,-0.000351777279915501,-154.8656324551,2.22982469634121,-5.55831468834427,-0.578878610956012,0.186609656419111,27.9255722011073
-1.86411105184385,0.106140676258873,0.242583195122172,-1.75232972675797,-2.1497999749535,-0.00088242688992821,-155.303587118003,2.52611085249237,-5.52195051649261,-0.580883753603707,0.188124862798581,27.9510010376927
-1.86499023836921,0.106995934773771,0.24274914026084,-1.75199286663911,-2.14954612995159,-0.00135178433728012,-154.666652499873,2.39131964817602,-5.41309924726608,-0.578998339436497,0.189705423991605,28.0187115171645
-1.86584124768571,0.107778040972043,0.242854192617758,-1.75168364940055,-2.14936574366209,-0.00174010193143708,-156.108260483206,2.63434751014847,-5.59095281755907,-0.585615037065208,0.195674911624936,27.995988461922
-1.86666633262848,0.108457650659801,0.242875328364698,-1.75141267759358,-2.14927636429077,-0.00202593161445227,-154.911388322491,1.94473166303533,-5.59216250091717,-0.589260150738111,0.192358378520609,28.0556869470242
-1.86747017134038,0.109014426663821,0.242796155881315,-1.75118732866878,-2.14928935242345,-0.00219447324161442,-155.500072864824,2.84055227020963,-5.50677590406826,-0.588884168750285,0.191577157197703,28.0453896706591
-1.86825342211741,0.109434690509669,0.2426052707278,-1.75101523019941,-2.14940818386221,-0.00224485264449143,-155.960223199464,2.66019008680246,-5.46769185470603,-0.587420899429436,0.191495133568813,28.0645708819891
-1.86901842227164,0.109707972055181,0.242294274619894,-1.75090300592353,-2.1496288460936,-0.00218311898250836,-155.056289175471,2.65916907576775,-5.63469962311231,-0.582918276146438,0.189649793274851,28.1153013232612
-1.86975266440239,0.10982537034606,0.241854187972284,-1.75085915210589,-2.14995407446042,-0.00201645266849853,-156.477106016069,2.81006455169336,-5.60074053238239,-0.582248959511197,0.197941300670104,28.0740648328233
-1.8704433431888,0.109792983294739,0.241290494166039,-1.7508852732724,-2.15037497267174,-0.00176552632330851,-155.046002518712,2.26628395610237,-5.50326952227351,-0.581416966811916,0.195160637454805,28.1342129701671
-1.87108705305452,0.10962940096063,0.240620163951357,-1.75097651808328,-2.15087185968001,-0.0014551494995597,-156.3514265224,2.98283684026887,-5.69512374339854,-0.583436702792376,0.192567624000758,28.1320085221061
-1.8716632128758,0.109351853489049,0.23985759631335,-1.75113029762169,-2.15143496088703,-0.00111003502239303,-156.523032849578,3.31773608241633,-5.54653390428697,-0.583604590119559,0.187597038813738,28.1642864063642
-1.87216883621152,0.109001732300511,0.239040753816885,-1.75132754424294,-2.15203591063725,-0.000764785523648344,-155.780408113499,2.15730614047902,-5.66445163062434,-0.582119854948197,0.18922818674166,28.2187466576909
-1.87259565533931,0.108620371559969,0.238207651484859,-1.75154810723674,-2.1526582594305,-0.000441685777514207,-157.162497852999,3.20422690807595,-5.64145519942301,-0.585562803147531,0.194161068311044,28.2001358231626
-1.8729405639347,0.108250544051337,0.237398769385724,-1.75176896930479,-2.15328480744689,-0.000161329254043944,-156.086036583091,2.84544799685636,-5.65299247176969,-0.590833513652968,0.192647671296671,28.2670667838224
-1.87321272688786,0.10794484154405,0.236663685988602,-1.75195748478215,-2.15389396153813,5.89919902546095e-05,-156.940130525229,2.66480429372996,-5.69650485700237,-0.597159069751656,0.196298877988279,28.2632510249928
-1.87341853685258,0.107732528231713,0.236034298660315,-1.75209456015482,-2.15447614130064,0.000214142123931503,-157.316723538639,2.26465977382622,-5.63006643776689,-0.597565807664483,0.19658068901818,28.2838860642287
-1.87357574426327,0.107646643715963,0.235546565603492,-1.75215530897776,-2.15502288150439,0.000307892141751944,-156.394282082463,2.3522328212639,-5.52136469135328,-0.590783591377362,0.194470991167617,28.3317777345942
-1.87369672973618,0.107699746230816,0.235217171511466,-1.75212328340497,-2.15553954909243,0.000356933420398598,-157.743064138953,2.79417492374546,-5.56478518896009,-0.591072390540759,0.196593330190021,28.289835698138
-1.8737971122578,0.107877018625089,0.235041852604174,-1.7519994616729,-2.15603602068521,0.000385480613798662,-156.431361675236,1.69708878760798,-5.66655117749787,-0.592622389264703,0.191513795006522,28.3431833301487
-1.87390275341845,0.108153733915987,0.235010727075605,-1.75179231605051,-2.15651235186248,0.000413719585922154,-157.3551818943,2.12676966675554,-5.60441409896728,-0.591510207421915,0.195305896705099,28.338250403889
-1.87402827016472,0.108480339812033,0.235090578575343,-1.75152478943927,-2.15698428946552,0.000472183771554676,-157.570218786234,2.89126227328438,-5.78361946814712,-0.59090221447897,0.19254286926507,28.368917097413
-1.87418801761504,0.108794666623995,0.235236655998074,-1.75122979631488,-2.15746338631015,0.00058656710164327,-156.732168958486,2.439540337572,-5.52906549434411,-0.589167181555174,0.192032908929072,28.427661721783
-1.87439194216565,0.109018418236246,0.235389349489703,-1.75095232822853,-2.15796584602421,0.000784714416632326,-158.422538537892,3.24511504791417,-5.75041161403794,-0.589289673770046,0.196863865962742,28.4064367367512
-1.87464450685653,0.109077070280279,0.23549014263941,-1.75073774006274,-2.15850344611505,0.00108312539561619,-157.099290621682,2.92768520284994,-5.79978753678776,-0.593748358463603,0.193831198665044,28.468172346911
-1.87495336151626,0.108916697297447,0.235495796751929,-1.7506220329057,-2.15907438483123,0.00148364976529991,-158.087185524753,2.65197712677468,-5.82705873141799,-0.599054986896784,0.191322103694771,28.461616348241
-1.87532009446015,0.108491755406888,0.235367124874969,-1.75063955815469,-2.15967484521748,0.0019786585061043,-158.144399973256,2.92364655512165,-5.71476028476303,-0.598291012670257,0.192869469041343,28.4848403850673
-1.87574543537474,0.107783549021732,0.235085105824112,-1.75081141854159,-2.16029063253401,0.00254579913425939,-157.270952019749,2.56859721490332,-5.8024033080664,-0.595870226327124,0.196244680057674,28.5249205759841
-1.87622577896405,0.106798801579759,0.234648656897546,-1.75114367029908,-2.16090764432212,0.00315886323110191,-158.929326708818,3.62927521552751,-5.73048393154787,-0.597786233565158,0.198542100604226,28.5078807481797
-1.87675129948216,0.105569096714278,0.234073762707958,-1.75162845538162,-2.16150726502531,0.00377876482529621,-157.653132598344,3.19714686628026,-5.75707798683612,-0.595690177415647,0.195214186610059,28.5749635870216
-1.87732111849594,0.104174091988668,0.233414564131886,-1.75222795703514,-2.16205612900392,0.00435488448568196,-158.533504762601,2.51756510644645,-5.82184848638218,-0.599182940507065,0.195022976662493,28.5659271168264
-1.87793146678876,0.102707566269478,0.232737056102278,-1.75289571075652,-2.16252305310562,0.00483743657296854,-158.879563676684,3.19604008842612,-5.83935939943677,-0.59802883509409,0.192444943826596,28.5869177078761
-1.87858268196193,0.101275652500586,0.232115537967812,-1.75357335871667,-2.1628797979223,0.00518466970837198,-158.058802347184,2.84775968881922,-5.65585041023832,-0.59531200155038,0.189330771506209,28.6476455843568
-1.87927003689647,0.0999847641856224,0.23162317482403,-1.75419970752153,-2.16310809683059,0.00536498140024211,-159.555022143251,2.61972231239179,-5.73031554010032,-0.597527827037245,0.198909331811995,28.633632359206
-1.8799924930702,0.0989394797310048,0.231332699834435,-1.75471150827762,-2.16319175021591,0.00535428171066444,-158.516555774583,3.00007160579662,-5.6948786372981,-0.602151705904113,0.200333440708916,28.7134100263928
-1.88075151845346,0.0982245533515442,0.231302778083326,-1.75505353717844,-2.16312722190386,0.00514927021018039,-159.39874443487,3.11691906220904,-5.58874742608313,-0.60495488326337,0.200494574525299,28.7147155984519
-1.88154283519429,0.097890872206726,0.2315637133755,-1.75518666124252,-2.16292806982676,0.00476662545578089,-159.681892907489,2.9779406840828,-5.77175252508363,-0.609806739753668,0.198129450713243,28.7196512578792
-1.88236396154688,0.097951317810633,0.232116893264159,-1.75509352697516,-2.16261899105622,0.00424111205016256,-158.491960180139,2.49552815364245,-5.7279742959916,-0.605330113318917,0.19559371992382,28.762334692657
-1.88321973289782,0.0983936688736637,0.232946398747278,-1.75476859917577,-2.16222980239448,0.00362018499704809,-160.164575732683,3.26004681263885,-5.81080885088323,-0.599762851975947,0.194703393957926,28.7239208511192
-1.88410823567142,0.099158134617694,0.233998392250549,-1.7542349780326,-2.16180566208014,0.00296638935777493,-158.871900658478,3.16880690064613,-5.71203110752364,-0.5953890823346,0.197004325943638,28.7908108679054
-1.88502640317434,0.10015409848617,0.235195679673534,-1.75353442750477,-2.1613986492756,0.00235046532533891,-159.827473687577,2.84222470108784,-5.66711346791496,-0.596142288131157,0.201296876462811,28.7809557350027
-1.88597075154278,0.101263126535086,0.236441646988802,-1.75272923497377,-2.16105881642497,0.00183844256029027,-159.997208262465,2.97537185990313,-5.61537516159484,-0.597019854584222,0.197836104418662,28.8066764363546
-1.88693409498924,0.102360230408388,0.237635706477042,-1.75188763600219,-2.16083668051919,0.00149324803703605,-159.373139044768,2.40865532803787,-5.78558415248028,-0.597758639530071,0.194327250487764,28.8634265257756
-1.88791633474062,0.103328197334172,0.238686944681757,-1.75107705791555,-2.16076353449372,0.00135810526221303,-160.853801233733,2.4698754209021,-5.860451232445,-0.596459694768847,0.194787916359128,28.8380638466726
-1.88891528140524,0.104065524851096,0.239518440523649,-1.7503600065217,-2.16085730709413,0.00145510671318604,-159.426079770429,2.73153166146562,-5.74921833499675,-0.599726206689868,0.192355465513158,28.8996807565677
-1.88992550679573,0.104486848495405,0.240068566227146,-1.74979375484447,-2.16112570181801,0.00179013428943948,-160.497044642426,3.37834856584459,-5.79515256804763,-0.605905439953855,0.197461361117875,28.8803048579366
-1.89094536527424,0.104547319950504,0.240310966941868,-1.74941619095616,-2.16154886209975,0.00233747667054432,-160.467756617255,3.46740817566183,-5.85958784742303,-0.610689350723163,0.199053067367813,28.9043092348008
-1.891975333936,0.104240667045731,0.240250692626397,-1.74924526383758,-2.16208994124946,0.00304974643968591,-159.846336871321,2.96841156234973,-5.85409666061585,-0.613565133985169,0.200208515789483,28.9527152160168
-1.89301954434974,0.103598075675359,0.239923650307865,-1.74927762233695,-2.16269646728471,0.00386210927052308,-161.159394899503,3.63654843679342,-5.80057839289842,-0.615799172177875,0.197026261280772,28.9387099039578
-1.89406975920081,0.102665456162017,0.23937627058117,-1.74950193293758,-2.16331986782438,0.00470779745421602,-160.194573487773,2.49767455930737,-5.84822854827561,-0.610288595395328,0.19459909992862,29.0001682352404
-1.89512754962015,0.101530160429322,0.238687458758142,-1.74988202693704,-2.16389472625816,0.00550499174706297,-160.861672973674,2.9202241242117,-5.75821581882354,-0.608193180761544,0.194374750764586,29.0092590259228
-1.89619118478452,0.100283776406505,0.237937399321209,-1.75037581341731,-2.16436771538281,0.00618618394697555,-161.451141416774,2.85861856983615,-5.65973997096944,-0.609435028817254,0.197010704846836,29.0301499173832
-1.89725591456411,0.0990140483822426,0.237198877251182,-1.75093782098535,-2.16470327213403,0.00670307525107893,-160.3888641097,2.852651300959,-5.80896294432262,-0.60988345645958,0.197285632667917,29.0804869100528
-1.89832085659289,0.0978093906283135,0.236543861389057,-1.75152053296534,-2.16486842674667,0.00701389542799325,-161.917044294467,3.36320834702451,-5.83388929654532,-0.60987112397484,0.202726949691,29.0522035350168
-1.8993824524075,0.0967416982601588,0.236026545779221,-1.75207877180435,-2.16485503403636,0.00710635000608405,-160.684277360233,2.94748400774301,-5.80056825015063,-0.608648767782807,0.19771276144059,29.1155094349975
-1.90043072625163,0.0958532065657973,0.235674033872336,-1.75258095429597,-2.16467803070498,0.00699243452714088,-161.647716747657,2.89688817376918,-5.78468598096779,-0.607172489808788,0.196886165004329,29.114721483868
-1.90145892905575,0.0951699938791162,0.235499654090187,-1.75300221863518,-2.16435995308984,0.00669563921563355,-161.952121489272,2.86816451591585,-5.78865048859302,-0.613185414046233,0.199643376533135,29.1349916263394
-1.9024600671611,0.0946868602735744,0.235490984533779,-1.75333253607715,-2.16394058234041,0.00626163342539724,-161.198077138595,3.07146520033416,-5.66704449464774,-0.607441404244006,0.198213047417019,29.1968187173375
-1.90342641671024,0.0943795701307764,0.235620173413584,-1.75357301800921,-2.16346380563345,0.00574157142268298,-162.842953572185,2.95057942138988,-5.81273044958607,-0.60960507930983,0.200747845374763,29.180284151347
-1.9043497013721,0.0942252673034982,0.235861646918563,-1.75372312274367,-2.16296970877056,0.00518111798152275,-161.359845095673,2.89290525425463,-5.81004098079094,-0.607887744810188,0.198500548191953,29.2482776098615
-1.90522893154716,0.0941828807652083,0.236178492847794,-1.75379463069989,-2.16249474775108,0.00462783254535028,-162.307951891296,2.18805605511079,-5.8560244588644,-0.610315348918009,0.201029051982832,29.2236001341901
-1.90606038137891,0.0942111761686952,0.236536254619499,-1.75380379251882,-2.16206589551825,0.0041158707851226,-162.429579865516,2.77106039823821,-5.84906133128919,-0.613141623615652,0.198201601455562,29.2330057343315
-1.90684655313417,0.0942692875462683,0.236903358252829,-1.75377054293471,-2.16169177414296,0.0036602057959712,-161.608423506888,3.04372168002669,-5.79498679721445,-0.610983839976467,0.196616605089531,29.2853436768736
-1.9075926896191,0.0943194651888053,0.237254299213172,-1.75371747186757,-2.16137148402857,0.00326767098647332,-163.249402061795,3.66054741060839,-5.87025651787721,-0.616323900929037,0.202096149576423,29.263764944716
-1.90831019353294,0.094339800073346,0.237577735966395,-1.75366091378633,-2.16109084161066,0.00293133012269795,-161.898852494458,3.13956315843325,-5.89601654095088,-0.615471711312823,0.202199401028151,29.3352110229865
-1.9090111113636,0.0943175933522937,0.237869520021593,-1.75361429322226,-2.16083035888932,0.00263768319840072,-162.947578937461,3.09457175559783,-5.9728138470347,-0.618998342809326,0.20266326030452,29.3399696256481
-1.9097147752512,0.0942538822274077,0.238136087550302,-1.75358465436378,-2.16056018134875,0.00236329799980824,-163.187866517622,3.28694674222129,-5.92023669791487,-0.621151398654161,0.196483607176967,29.3686262817537
-1.91043579153159,0.0941522905626524,0.23838291372919,-1.75357745353315,-2.16026315430883,0.00209509926900523,-162.557032821502,2.99244955483528,-5.84253861124631,-0.618235764895781,0.197136923536677,29.4175678916574
-1.91118436090825,0.0940302524300041,0.238620098122014,-1.75358846448226,-2.15992640407208,0.00181986951768958,-163.829767222194,2.947627229094,-6.10913535139781,-0.623125463514891,0.199017370449597,29.4031465422138
-1.91196610911593,0.0939092267774146,0.2388573501909,-1.75360903595095,-2.15954787501841,0.00153265100079749,-162.806004703707,3.17348155779905,-5.88478347066408,-0.621676696989468,0.201588220629954,29.472792696356
-1.91279004807134,0.093815976070788,0.239105451887434,-1.75362528291282,-2.15912980959664,0.00123403807998772,-163.513194824721,3.1257653107009,-5.92419453541831,-0.62403855410138,0.206453832125753,29.4615785391235
-1.91365042472478,0.0937702701910474,0.23936383031192,-1.75362443571982,-2.15869310373075,0.000935827378319141,-163.64790209878,2.94070761710327,-5.94958930866323,-0.624066114666545,0.20607812963339,29.4605995694699
-1.91453734580572,0.0937954256283717,0.239632694525671,-1.75358957905232,-2.15826204272188,0.000652062567329371,-162.734256444827,2.82229783505636,-5.82853150821052,-0.619095785151766,0.196294882349551,29.5061250086372
-1.91543712015529,0.0939074317133368,0.239906345643052,-1.75350877992973,-2.15786397414903,0.000396711958561637,-164.485726740049,2.77338760831231,-5.90701081737399,-0.617784766457319,0.201150014681668,29.4856697800067
-1.91633309997577,0.0941234094841708,0.240180734395116,-1.75336746207744,-2.15752470535747,0.00018110207666899,-163.181112853705,2.78123299172353,-5.81549937294139,-0.614003906219796,0.201051259960958,29.5620481899432
-1.91720365171884,0.0944595979287044,0.240453402587241,-1.75315188785203,-2.15726685594636,1.16862328975444e-05,-164.196622574758,2.51146962220332,-5.88955019273908,-0.616038895093428,0.20383984783368,29.5697646443621
-1.91802593787292,0.0949155330605791,0.240713073700185,-1.752860053378,-2.15710857009461,-0.000110488339978504,-164.453543689532,3.6032669449819,-5.99891390750113,-0.619933964242769,0.206873614677265,29.6006499746659
-1.91878665388411,0.0954830256517525,0.240952247975956,-1.75249790105848,-2.15705297602934,-0.000191985663454077,-163.698029458519,3.16926471645388,-5.91624034644417,-0.620220413758209,0.203393052097128,29.6522854084735
-1.91947397387744,0.0961461407367317,0.241163728738767,-1.75207863250355,-2.1570979531046,-0.000242376491757499,-165.097818638623,3.49319539142698,-6.01218421370325,-0.622533817684055,0.199545432184439,29.6274416031866
-1.92008270030199,0.0968846135952823,0.241343579750907,-1.75161917152229,-2.1572283844388,-0.000279856969055312,-163.885767985004,2.86234630563604,-5.80970027051808,-0.618730481928719,0.19887878080536,29.6980297032831
-1.92061706356288,0.0976686352612717,0.24148700873371,-1.75114457031326,-2.15742308566976,-0.000322801625862205,-164.947091632763,2.92940305361026,-5.92744447865266,-0.620275299693298,0.202530786438503,29.6950590117289
-1.9210911414638,0.0984656944957951,0.2415924714456,-1.75068137449953,-2.15765563711517,-0.00038708368821153,-165.048682201943,2.76436632161176,-5.91227865788835,-0.622469599788029,0.205755032644892,29.7146604132072
-1.9215236895542,0.0992302021571767,0.241650375980451,-1.75026330985978,-2.15790215831289,-0.00048100318283261,-164.008354266833,2.44101968159407,-5.94702748645508,-0.622279799160695,0.203498877418362,29.7504075722213
-1.9219424462505,0.0999302546769698,0.241663559480712,-1.74991395279977,-2.1581369618487,-0.000609219098699344,-165.468055179338,3.12634886570368,-5.88679284466565,-0.622775757469814,0.204030382577845,29.7051476820766
-1.92237087183855,0.100540258499079,0.241636926443638,-1.74965054655018,-2.15833947957032,-0.000774233317102624,-164.178045679146,2.94809600846861,-5.94146380678274,-0.623105473127045,0.198740125470902,29.7641695942051
-1.92283881394417,0.101042344088413,0.241578497761544,-1.74948184627608,-2.15849233675932,-0.000971101386220516,-165.23027279818,3.37105315200461,-6.01503106272935,-0.620430286021082,0.200262714785578,29.7705225303539
-1.92336663518946,0.101430492779247,0.241498725734859,-1.749406898176,-2.15858648657246,-0.00119392416339942,-165.585258710036,3.52507636656173,-6.03844292482256,-0.623006681881463,0.203537933975762,29.810036707467
-1.92396839564114,0.101708219664715,0.241409626159194,-1.7494166131479,-2.15861936376212,-0.0014330828446884,-164.814974670043,3.28119962529036,-5.9649908462186,-0.626086874938938,0.205870420734961,29.8697320629727
-1.92465359697069,0.101893289558951,0.24132979712074,-1.74949225967495,-2.15858807988393,-0.00168496104999218,-166.352697712293,2.89609073284601,-6.1191389285967,-0.6322992945059,0.208371149364758,29.8589293517364
-1.92542864506609,0.102021827426267,0.241285623197515,-1.74960352414437,-2.15848831572763,-0.00195253263204489,-165.104079794147,3.24675715964781,-5.99481768407523,-0.628823036075607,0.201073021738345,29.9190863670525
-1.92628490775687,0.102122220139025,0.24129036893851,-1.74972371087097,-2.15832932901535,-0.00223163670643086,-165.865087448123,3.17612313584618,-6.08690702626586,-0.630051850663797,0.199322846589938,29.9147244548227
-1.92720799673778,0.102226808076374,0.241357737925763,-1.74982565375077,-2.15811683879564,-0.00252816336821656,-166.321526773767,3.76124475137954,-6.05177975524111,-0.630697415691803,0.202630814477063,29.9383684881078
-1.92817894586288,0.102357233127565,0.241491896231192,-1.7498925644278,-2.15786041044829,-0.00284555586176707,-165.487489545321,3.03648936425861,-6.04404795792527,-0.625200775205809,0.208148063940942,29.9838822093614
-1.92917899181921,0.10253768766747,0.241698410102063,-1.74990740612984,-2.15756727832426,-0.00318851091171698,-166.889996115851,2.99080193734403,-6.02244256985915,-0.629083989005073,0.2121209987804,29.9437111843257
-1.93018295528918,0.102774246516095,0.241967241168776,-1.74986684188657,-2.15725145323468,-0.00355776682352288,-165.568586905114,3.07925413165503,-6.08874239554012,-0.628192744991636,0.206206554332381,30.0018988959717
-1.93116814163209,0.103061095137086,0.242281219399361,-1.74977605945828,-2.15693112973374,-0.0039461518950789,-166.523809507134,3.8697065442434,-6.01441565234981,-0.623826359560002,0.201375159997367,29.9952005941464
-1.93211316861463,0.103380962745767,0.242616336297004,-1.74964898930824,-2.15662277919578,-0.00434639334275038,-166.832787890986,3.44876320982667,-5.98820481148854,-0.620871756326108,0.20102981510308,30.0145822723948
-1.93299963344472,0.103703246415888,0.242940609979063,-1.74950765281825,-2.15635004680725,-0.00473827422962592,-166.005783219361,2.85654207480638,-5.90699339854473,-0.621477982085121,0.202947842811838,30.0759626593251
-1.93382025090788,0.103999843031856,0.243226585380375,-1.74937199904942,-2.15612864816199,-0.00510395542307513,-167.557129266839,3.71496749291146,-6.07296615955269,-0.627763600586297,0.209981057154953,30.0590338980054
-1.93456726601979,0.10423696276138,0.243444760731625,-1.74926333729941,-2.15598208409252,-0.00541554089086345,-166.304929913898,3.77031209842539,-6.08103581482894,-0.630467242109603,0.206665082618715,30.1380658731923
-1.93523812097024,0.104385293159268,0.243570890764361,-1.74919825569354,-2.15593082696381,-0.00564510745604184,-167.289932009063,3.98383016622392,-6.09942676904433,-0.635448714035289,0.208275270808406,30.1450437754595
-1.9358343828155,0.104427787941001,0.243591733989164,-1.74918451973861,-2.15598751454958,-0.00577168860720279,-167.624293021243,3.6471983728436,-5.94826998907638,-0.634847661011295,0.204034535836329,30.1756793280559
-1.9363655806102,0.10435434088707,0.243501842984524,-1.74922288752472,-2.15616129286119,-0.00577501690737738,-166.933060572211,3.10805028626169,-5.84609677271823,-0.635118834795529,0.202206737236346,30.227689606332
-1.93683795717499,0.104163486386806,0.243303721723158,-1.74930985950954,-2.15645528673851,-0.00564596192429669,-168.401610581502,3.67876870943928,-6.06686860183586,-0.635100406648729,0.209517133245034,30.1986995673976
-1.93726660840223,0.103874490290279,0.243018131153019,-1.74942890513414,-2.15686076211528,-0.00538475174215933,-167.038987323305,2.88538573667688,-6.14427447095497,-0.634149158029492,0.211107442213191,30.2573251466437
-1.93766077933244,0.103510989528266,0.242668737235232,-1.74956099707962,-2.15736673338294,-0.0050009822371869,-167.866351509276,3.06939334148205,-6.04410772678804,-0.633793723869707,0.210780580083843,30.2264689673805
-1.9380358534807,0.103113073834098,0.242295724646035,-1.74968038059637,-2.15794544875164,-0.00452180151982796,-167.877571126298,3.50517804547667,-5.84116283230031,-0.632024927100234,0.204825411022318,30.2328779267032
-1.93840200716881,0.102720072285019,0.241938522258828,-1.74976398885245,-2.15857226666502,-0.00397695246573417,-167.014090023053,3.48432166102998,-5.89162910331819,-0.624702980869638,0.200771015116052,30.2866695945056
-1.93877324296282,0.102368546567989,0.241636251069034,-1.74979410013374,-2.159212941495,-0.00340437354448182,-168.76388134975,3.81359776445834,-5.95548397516131,-0.629103582840818,0.205792887665076,30.2605847996985
-1.93916235755868,0.102101774192382,0.241431953426218,-1.74975084235891,-2.15982908223697,-0.00284974053547501,-167.342978158319,2.91265109220694,-6.01951610356878,-0.633853545307234,0.207782766516192,30.3317854139135
-1.93957449105702,0.101938273496119,0.241348010960536,-1.74963235097327,-2.16039153328551,-0.002351597550134,-168.550110746122,3.49066428548076,-6.04151265845616,-0.637570018374486,0.207542238154857,30.3308393531259
-1.9400198677096,0.101898429650138,0.24140913252761,-1.74943626619522,-2.16086907333445,-0.00194696389690359,-168.547432414118,2.88234637716687,-6.12590223753131,-0.640732819633079,0.20343960512683,30.3658771363705
-1.94049450143977,0.101972229529835,0.241611484499442,-1.74918159466737,-2.1612442626718,-0.00166540517164081,-167.996326577211,3.07020494253265,-6.13685227247356,-0.638939962927308,0.202660121341469,30.4127116124324
-1.94099730519215,0.102130820628824,0.241934404565337,-1.74889725133526,-2.16150552619301,-0.00152418206613782,-169.013394041275,3.51532339023493,-6.17222536851196,-0.63841927704433,0.204648093622853,30.3887753221947
-1.94152969882392,0.102335834271834,0.242347699201896,-1.74861525011258,-2.16164812368387,-0.0015286857440775,-168.131309142766,2.97759467542619,-6.08284582538147,-0.638518273919734,0.206713989595638,30.4458217335305
-1.94208315385686,0.102537699784596,0.242807720650268,-1.74837260096196,-2.16168058648702,-0.00167236894029256,-168.921555775364,2.71279436358168,-6.26224628167705,-0.640695810620924,0.211996783633425,30.4387052223937
-1.94265684461911,0.102683593883148,0.243266990267529,-1.74820556771676,-2.16161163465651,-0.0019404788337175,-169.118421386449,3.38139842065266,-6.19932600825317,-0.64216331198898,0.211856602661368,30.4597615508105
-1.94324656986279,0.102707960753227,0.243666249583215,-1.74815318163406,-2.16146455493217,-0.00230094323866875,-168.185900269329,2.91948246424613,-6.00124734737065,-0.635870021898385,0.208445197029741,30.5125243152548
-1.94384859971095,0.102556186187197,0.243952864244551,-1.74824441642828,-2.16126506096797,-0.00271711839788433,-169.938095436655,3.08480109530092,-6.10223260371953,-0.635854527470378,0.206261225947529,30.4802029918654
-1.94445896534325,0.102194592775415,0.244090800920809,-1.74849252065208,-2.16103722532134,-0.00315304301479824,-168.756666165531,3.06334713803267,-5.9748315336868,-0.634654772418627,0.20343270720919,30.5616397180407
-1.94508487635554,0.101606382869177,0.244060085536863,-1.74889780119692,-2.16080087635329,-0.00357022992171489,-169.683436846463,3.2801170777243,-6.14070126636577,-0.639456111689703,0.205235004205397,30.5571284987776
-1.94572819412079,0.10079802522743,0.243860191923394,-1.74944439178826,-2.16057479886098,-0.00393673302915687,-169.73408343424,1.96273792610168,-6.13305103931705,-0.640559078497935,0.210176734048222,30.563881594726
-1.94639407059395,0.0998037965741272,0.243515226167365,-1.75009811553914,-2.16037338812635,-0.00422381730676902,-168.860870869235,3.17700897628129,-6.0544356354072,-0.63952891763157,0.211279035348257,30.6073629996098
-1.94708468120025,0.0986693310681019,0.243060622262285,-1.75081934519984,-2.16020999021294,-0.00440858694887335,-170.446504410114,3.93877986539496,-6.18318469690564,-0.643762343708374,0.210060668719942,30.5798740263876
-1.94780437296777,0.0974678718928388,0.242555662087726,-1.75155158834273,-2.1600883448603,-0.0044823956731997,-169.124436876365,2.93743157218478,-6.04611488779182,-0.642925316860341,0.206099012084942,30.6484371526415
-1.94855841860521,0.0962946201259705,0.242079359262717,-1.75222730743271,-2.16000282589311,-0.0044489636639106,-170.206046935926,2.96683290744681,-6.14321611667242,-0.6422532037276,0.206037417833095,30.644435575431
-1.9493404227355,0.0952321225864647,0.241699828857508,-1.75278940979868,-2.15995509612828,-0.00431550061183449,-170.313789552841,3.2099325859574,-6.10755334011927,-0.642266943676725,0.210761600988061,30.6907610875796
-1.95015192325783,0.0943713194253188,0.241492869160131,-1.75317696466977,-2.15993424069369,-0.00410090360659341,-169.664990400242,3.32076965468582,-6.20777533114591,-0.641242500816854,0.208553603717125,30.7371112995176
-1.95098004088364,0.0937712631227257,0.241506509337489,-1.75335285182114,-2.15994365926414,-0.00382043419747595,-170.999432056377,3.77056258138168,-6.19855219223794,-0.645293030800769,0.207473586842532,30.7054597074313
-1.951819902669,0.0934798427800736,0.241779918480304,-1.7532904627847,-2.15997108788031,-0.00350211323644561,-170.031624323757,4.22651112122207,-6.03300728598404,-0.647944700849447,0.208020410695021,30.771966392486
-1.95266419695728,0.0935162710507171,0.242327052160735,-1.75298382497283,-2.16000792587986,-0.00317372888437252,-170.824774181503,3.47242463774683,-6.20454991419646,-0.644184754874188,0.2056899005853,30.76664871803
-1.95350832766806,0.0938725455767351,0.243138508599444,-1.75244468471688,-2.16004762387211,-0.00285700781226734,-171.032402693907,4.08252381773059,-6.19824352875028,-0.647817450367092,0.210696670122727,30.786072201023
-1.95433670967355,0.094495615229075,0.244164160054967,-1.75171417050432,-2.16009773734744,-0.00256188094956259,-170.176174325132,3.15217493947443,-6.19456820192207,-0.650548058106343,0.211025576368432,30.8403801140542
-1.95514543719133,0.0953288049621221,0.245351635711017,-1.75083750285599,-2.16015413051416,-0.00230270643784589,-171.715019831495,3.52996241859751,-6.30493314974515,-0.649246290380836,0.212255455083947,30.8119451742938
-1.95592772136209,0.0963063257254984,0.246639417636483,-1.7498668830554,-2.16021307207174,-0.00209308401192949,-170.493191850426,3.81421043691512,-6.27843997647932,-0.64779659138649,0.210622260821692,30.8806249485826
-1.95667955008076,0.0973445513528315,0.247952472770657,-1.74886461813607,-2.16027383793434,-0.00193641064316368,-171.461580234455,3.93115763965466,-6.08796687015396,-0.646137290615336,0.209135454461613,30.8778310089783
-1.95739852937835,0.0983698599032596,0.249222593312007,-1.74788581734723,-2.16033510757641,-0.00183494973972666,-171.649035091591,3.66235573572681,-6.15099665502936,-0.648440252785822,0.208131091707046,30.9044270926068
-1.9580812073965,0.0993139896102768,0.250385597631993,-1.74698100682361,-2.16039796776796,-0.00178584382066926,-170.77297508233,3.2112524739232,-6.21600893190839,-0.645255358448312,0.209148290949581,30.9483675785489
-1.95872460948252,0.100113927080375,0.251385625264156,-1.74619912334715,-2.1604606474416,-0.00178714735823128,-172.253691669023,4.19031508339162,-6.19185714967955,-0.650001834273734,0.212676912966137,30.9224731979805
-1.95932823600118,0.100728791352937,0.252185018182872,-1.74557302697373,-2.16052188033218,-0.00183515344250224,-171.096831274989,3.4789640259803,-6.15325922330538,-0.650277388677597,0.211144711743911,30.9841146491208
-1.9598856421602,0.101128915182446,0.252755055177249,-1.74512507728334,-2.16058932346575,-0.00191934029881384,-171.928221735933,3.05998369190775,-6.25149891818708,-0.652887010537716,0.207157427580453,30.9803205710467
-1.96039121994616,0.10130250884492,0.25308378532095,-1.74486370569083,-2.16067014836038,-0.00202952511473031,-172.127535974098,3.21889838016659,-6.09602997585884,-0.650832481446367,0.205849830043572,31.0082016836203
-1.96084115889254,0.101247137941023,0.253169367478671,-1.74478947561315,-2.16077624460012,-0.0021504642768733,-171.406126822624,3.25032770146254,-6.14408229041285,-0.651651671830987,0.206054004017744,31.0638652739213
-1.96122815687386,0.100968488841875,0.253017757180387,-1.7448962757118,-2.16092494590663,-0.00226414754796897,-172.986110085096,3.48381055671052,-6.35499598099904,-0.65409500196541,0.212575035113548,31.0388350061902
-1.96154809528737,0.100486079463565,0.252647161774108,-1.74516772155437,-2.16112946512229,-0.00235851601043674,-171.827089635051,3.22937288527442,-6.3014287691764,-0.656140132425747,0.210860402344672,31.1150469938835
-1.96180478915435,0.0998277392259137,0.252085684955805,-1.74557919131004,-2.16140183825011,-0.00241784353518938,-172.703599612514,3.43013709250999,-6.28237814767525,-0.654309767678531,0.211826506236512,31.111351485066
-1.96200284160225,0.0990221961922479,0.251363186964738,-1.74610435534828,-2.16175467349615,-0.00242689373253787,-172.800568510676,3.71712951371956,-6.21826991036787,-0.658582567468824,0.211093452124566,31.1317002412551
-1.96215548199864,0.0981114997128429,0.250522468549246,-1.74670800491176,-2.1621891116268,-0.00237805575856214,-172.20365456665,3.52284745042084,-6.19438268957342,-0.654124163200107,0.20950237801686,31.1774412005889
-1.9622823111078,0.0971398958954328,0.249608310611054,-1.74735353470441,-2.16269973754855,-0.00226795770651308,-173.703419484039,3.84765325354147,-6.31285826973522,-0.65575339250092,0.215080056389628,31.1500025726679
-1.96241203126469,0.0961552483440133,0.248671095592851,-1.7480044055797,-2.16326812421848,-0.00210333603797091,-172.424931587055,3.15472934712102,-6.28096834439964,-0.65448463643882,0.213969956220566,31.208518867337
-1.96257583634743,0.0952115710862884,0.247765877285864,-1.7486202935819,-2.16386848107374,-0.00189587700481257,-173.196808440192,2.35333844334968,-6.31896028687814,-0.654564046493878,0.20956508587813,31.1991136950327
-1.9627986908003,0.0943566453419677,0.246939345139389,-1.74916761480659,-2.16447343983224,-0.00166249383406782,-173.32303913362,3.49468191836309,-6.26883401862892,-0.656937364855892,0.213170485782963,31.2207448135844
-1.96311436069207,0.0936418062834274,0.24624169584566,-1.74961473285482,-2.16504065563483,-0.00143232953297587,-172.609766873447,3.59288382579166,-6.25942736401737,-0.654919885034045,0.211754931978178,31.284203711752
-1.96354834665729,0.0931056755191992,0.245709089534744,-1.7499397132679,-2.16553234579337,-0.00123288440722622,-174.256659964992,3.28039970229497,-6.45159788573488,-0.659817998739601,0.213525793869405,31.2695113058038
-1.96412246930555,0.0927771502374739,0.245367198315486,-1.75013095570201,-2.1659076748414,-0.0010969516987056,-173.195163377823,3.24138741618412,-6.27377092474993,-0.662425002549317,0.211712878154313,31.3463607403196
-1.96484137251882,0.0926630437290168,0.245218506031042,-1.75019053436767,-2.16614560388647,-0.00104458155830306,-174.030402800656,3.32697518581449,-6.24685712399071,-0.663874997622399,0.21383872890267,31.3516612266845
-1.9657032504933,0.092749420898766,0.245246881524304,-1.75013562821973,-2.16623255350044,-0.00108929359869588,-174.368759044934,3.67112993298338,-6.27875788689684,-0.662286139330212,0.210137272812024,31.3775642544682
-1.96669426398578,0.0930105145308904,0.245421814319068,-1.74999113543368,-2.16616830758134,-0.00123811290353678,-173.472150841256,3.52357009897673,-6.22550261422805,-0.658767678804893,0.21196664054202,31.4293352168307
-1.96779518412928,0.0934168226557226,0.245708797512665,-1.74978351257078,-2.16596259369085,-0.00148836774607635,-174.977115479708,3.11043747947406,-6.43104322358047,-0.660293163811782,0.215942511255153,31.3889135216848
-1.96897839007173,0.093919951718707,0.246055746426429,-1.74954753672192,-2.16564341606799,-0.00182125146247404,-173.643652977935,3.84263004086392,-6.21262376807843,-0.659026680257404,0.212473889179907,31.4403568836331
-1.97021137300654,0.0944660342991153,0.246405787243846,-1.74932074937109,-2.16524617325124,-0.00221240857632624,-174.459351256043,3.35734394542965,-6.14316558500235,-0.659017338869739,0.21234397198311,31.4268241549097
-1.97146780463732,0.0950165969076,0.246717843281312,-1.74912747124061,-2.16480632449431,-0.00263390955899869,-174.538490501116,3.93209773164745,-6.24401356876416,-0.658275859106941,0.21582325706339,31.4391142808223
-1.97271656261036,0.0955400239217568,0.246956710035414,-1.74898378063947,-2.16436773247875,-0.00305180346310401,-173.94731154039,3.4382587401708,-6.28200055591265,-0.657739015387827,0.213204614665385,31.4961386227338
-1.97393874488144,0.0960202630969658,0.2471045575349,-1.74889461397833,-2.16396263003601,-0.00343849862260538,-175.673323980174,3.5929151050002,-6.2522693235515,-0.660449256465157,0.213602397371532,31.4998413492417
-1.97512704458928,0.0964534615765711,0.247158165531624,-1.74885442435875,-2.16361376090432,-0.00377147577692321,-174.455341734984,3.88696396048954,-6.20034593645667,-0.661235135214971,0.212259140469317,31.5863239038926
-1.97627921356182,0.096853872193293,0.24713307156494,-1.74884518280842,-2.16333364830143,-0.00403709290040393,-175.481226477652,3.67468958932977,-6.33993550972821,-0.667581875201711,0.215698502806048,31.5875687043695
-1.97739801721219,0.0972423734745025,0.247052881778092,-1.748844773258,-2.16312925244605,-0.00422674333535046,-175.539841071534,3.17836869710845,-6.35163921745848,-0.66840597006091,0.212248096541885,31.5959113298584
-1.97850011926252,0.0976552848232561,0.246959136294567,-1.74882192506343,-2.16298640189409,-0.0043480531436784,-174.820795498379,3.81125471374776,-6.28566591828769,-0.668981894662756,0.213253199102148,31.6296532454999
-1.97959962253709,0.0981136735692054,0.246882863235697,-1.74875695605695,-2.16289040653641,-0.00441133392351746,-176.103250633293,3.99175885470663,-6.31824704427603,-0.667332198371513,0.21570086434203,31.6112133613234
-1.98071142228959,0.0986490511359843,0.246864356668699,-1.74862552217144,-2.16281545605931,-0.00444066684515614,-174.948129025156,4.04081830262248,-6.35739695795405,-0.666331906234435,0.215400363225031,31.6726045032503
-1.98185166675859,0.0992750267695737,0.2469287010868,-1.74841542689749,-2.16274026251691,-0.00445207177735346,-175.74802423302,3.51484632570009,-6.35936539073035,-0.66635174492745,0.219447922068381,31.6729725194499
-1.98302602765877,0.0999916303844142,0.247088860696333,-1.74812562007043,-2.16264609559079,-0.00446625185241935,-176.312861063284,3.87041625049642,-6.34966150475194,-0.666245516774143,0.216204546202573,31.7016023242943
-1.98423298214662,0.100793103504952,0.247350253254572,-1.74775893937989,-2.16252182761319,-0.00449857450367534,-175.270321902618,3.58585439034255,-6.21609047360781,-0.664728922868465,0.209715567736315,31.7682790125282
-1.98546091979083,0.101649503669305,0.247696004238331,-1.74733449512617,-2.16237027092414,-0.00455274887783368,-176.799115980918,3.72225733124765,-6.35717753400698,-0.666310966311166,0.210662789285895,31.7414569744386
-1.98668947194737,0.102526383788099,0.248100888055602,-1.74687315089518,-2.16220408042923,-0.00462614279802578,-175.557572898425,3.95036368312731,-6.34871925886694,-0.668561825649985,0.209884620581235,31.8015726404314
-1.98789609503216,0.103385818123249,0.248534101899426,-1.74639849118104,-2.16204201317761,-0.00470937320129309,-176.491983141499,4.1217599207489,-6.3720337264287,-0.667186838049868,0.216395680500881,31.7877869845674
-1.98905216706575,0.10419487941841,0.248966358553283,-1.74593024272983,-2.16190904343605,-0.00479007728361235,-176.630066916543,4.17474098803291,-6.42663730986567,-0.672064150969922,0.219370551285786,31.8073938968702
-1.99013380460922,0.104931528154934,0.24937547643022,-1.7454791548687,-2.16182935832176,-0.00485335105715787,-175.908976761704,3.59041721747985,-6.32857762585192,-0.674812061976324,0.21906004738184,31.8540684237765
-1.99111607574891,0.105573705254706,0.249738015820582,-1.74505573909973,-2.16183128951268,-0.00488046932942139,-177.499610021887,3.36813074317979,-6.32305022310098,-0.671666782431582,0.219246349051627,31.8364142607296
-1.99198340945259,0.106114197971042,0.250043337892926,-1.74466230981344,-2.1619311761566,-0.00486156481033498,-176.060227180093,3.68302635257987,-6.16910906855315,-0.669061551392786,0.214612100302454,31.9031753172383
-1.99273065039601,0.106554900394201,0.250290369199374,-1.74429698112178,-2.16213313982937,-0.00479490598104748,-177.090493522379,3.33197275764678,-6.34276824149939,-0.671218443337739,0.21189144449509,31.8995997845499
-1.9933637200412,0.106911279769331,0.250490779815067,-1.74394914032984,-2.16243112918479,-0.0046846248697748,-177.3282043335,3.78518354711605,-6.25034869656224,-0.672014820915864,0.215383113376362,31.928390734804
-1.99389738468027,0.107202306039486,0.250662088071443,-1.74360937589961,-2.16280641288208,-0.00454341462574717,-176.55180514956,3.7351609320533,-6.40645528720495,-0.667128565526897,0.215969685062087,31.9802090983983
-1.99435465456669,0.107443582187285,0.250823535547593,-1.7432740495644,-2.1632278036384,-0.00439266804780868,-178.002525614602,3.88597885529293,-6.41342330449527,-0.672544440018047,0.221445090666278,31.9554353110444
-1.99476487566651,0.107666102093136,0.251007583349429,-1.74293070459179,-2.16365524568271,-0.00426018048034769,-176.835425996268,4.20401147238567,-6.3972189641718,-0.674904415184593,0.21563556337847,32.0152771417022
-1.99515789345053,0.10788418377904,0.251235929556926,-1.74258035331779,-2.16404673458344,-0.00417469101869421,-177.762859379112,4.06116172526185,-6.30521886935142,-0.676393359825698,0.213759784059585,32.0215386505119
-1.99556486547366,0.108109080745516,0.251528818147268,-1.74222598428168,-2.16436115101824,-0.00416136021311547,-178.139082384061,3.47913630033941,-6.50252084284375,-0.675531807162537,0.217653344399811,32.0474682862274
-1.99601000586858,0.108343225673789,0.251896394792641,-1.74187492697447,-2.16456792150592,-0.00423715210137007,-177.188034139609,4.04988572142838,-6.40773801973913,-0.677640242020874,0.218412214373378,32.0935902670684
-1.99651203524682,0.108580228064062,0.252342127018403,-1.74154133003809,-2.16464032925175,-0.00441677306044487,-178.600133577773,4.08914459564971,-6.3857548268119,-0.680931596435248,0.220797737830882,32.0569448037952
-1.99708198021521,0.108800000118276,0.252854801641292,-1.74124410739429,-2.16457102072981,-0.00469643739601087,-177.243127514962,3.48053086113941,-6.30809347715939,-0.678553943139518,0.216889851956312,32.1198041600569
-1.99771604565063,0.108979025080036,0.253414489893448,-1.74100025037541,-2.16437240412233,-0.00506025525506687,-178.178816669927,4.30454014337033,-6.39857109568948,-0.676487719098505,0.216086884626705,32.1144255102762
-1.99840667659246,0.109090429719165,0.253995618738252,-1.74082635415811,-2.1640642380029,-0.00548595549422462,-178.334760637132,3.92205480651387,-6.43836988734145,-0.67431550250675,0.215890008214467,32.1402433838497
-1.99914243711182,0.109112657320225,0.254572437199343,-1.74072981398079,-2.16367994948433,-0.00594108919878087,-177.722354212401,3.43361855089393,-6.47298983288812,-0.675251040536933,0.216768813273887,32.1929465732401
-1.99990560842239,0.109027591047509,0.255117931998586,-1.74071293773636,-2.16326323198057,-0.00638652425256883,-179.481598452158,4.43310833578516,-6.42893997449843,-0.675034058101726,0.219022576284127,32.1838327401968
-2.00068063405205,0.108816966306685,0.255603168103098,-1.74077882542194,-2.16285362588227,-0.00678936201895063,-178.113863406461,3.59236497696338,-6.3260460642617,-0.676178289471148,0.213589777474622,32.2499834719543
-2.00145372156356,0.108479032079543,0.256010109198664,-1.74091732365826,-2.16249177695863,-0.00711804460794566,-179.000830242671,3.91234014605584,-6.44929569268109,-0.680382256750232,0.214508129307643,32.2388846110101
-2.00221584152491,0.108018646481046,0.256326261420932,-1.7411141041564,-2.16221333533768,-0.0073446793506906,-179.062946166333,3.53444557646822,-6.50550999941885,-0.681143877558678,0.214753655818463,32.2574863868482
-2.00296277582545,0.107445951654741,0.256545580884791,-1.74135448313897,-2.16203993073488,-0.00745474797068025,-178.40086033678,3.50179838895951,-6.4663898321414,-0.68142480055188,0.216704252237956,32.3051636859852
-2.00369849489468,0.106793880795991,0.256681065787656,-1.74161246704746,-2.16197710705326,-0.0074494633975637,-179.691888903395,4.38963287855063,-6.5299420956151,-0.684531486558899,0.222544204057262,32.2722994381983
-2.0044315411841,0.106090217496499,0.256744892754237,-1.74186847708267,-2.16202225778213,-0.00733596316472185,-178.521163267046,3.97331378541776,-6.31026815882839,-0.684931477890516,0.222286853818362,32.337040309952
-2.00516860026627,0.10537067022103,0.256757927154299,-1.74210006738215,-2.16216473601798,-0.0071296465028255,-179.454527345499,3.51324719554555,-6.40018328833048,-0.68067430884974,0.21658018387693,32.3416184294117
-2.0059139711719,0.10466949759806,0.256742424273545,-1.74228915419343,-2.1623876705211,-0.00685261680625719,-179.849351407509,4.1721400868314,-6.47348430304555,-0.678711710315897,0.217669302615437,32.3723325728138
-2.00667260668011,0.104021832611522,0.256724452711158,-1.74242086258104,-2.16266959850681,-0.00652953446020701,-178.99879275229,3.98907044279508,-6.49598777247709,-0.681691354228677,0.215867819647061,32.4346988410473
-2.00743933973973,0.103461504256627,0.256728512921883,-1.74247944798511,-2.16299462574379,-0.00618301620644051,-180.59973117898,3.92340216188472,-6.57221858731376,-0.68277305588037,0.216617114746739,32.410226330908
-2.00820573168766,0.10300174386941,0.256764259610117,-1.74246318136005,-2.16335164518197,-0.00582856700624635,-179.37302116384,4.02468311451639,-6.51970625539454,-0.683551492218257,0.216381183370337,32.4776023967959
-2.00895661671589,0.102660411844782,0.256845568496945,-1.74236582328082,-2.16373363188187,-0.00547928074060107,-180.20743037073,4.43677059552124,-6.5342244753879,-0.685332233039691,0.221085381778306,32.4687021467038
-2.00967191826949,0.102434373530247,0.256971165027025,-1.74219293453105,-2.16414435952851,-0.00513759841845359,-180.419566521647,4.09215598002584,-6.71036342652124,-0.688702130421952,0.222057237132796,32.4889898167575
-2.01032583003909,0.102305534067519,0.257125738195453,-1.74195731590415,-2.16459793845257,-0.00479659718426012,-179.615861633572,3.59076223616557,-6.5285689831158,-0.685410963010707,0.217803168077046,32.5342439622409
-2.01089799791078,0.102260543114406,0.257300827647662,-1.74166791901047,-2.16510252059937,-0.00445302270096437,-181.191334758227,3.64665711923067,-6.63290570637648,-0.684987231232629,0.220566362373148,32.5157178821445
-2.01137605442097,0.102275075037264,0.257480849227584,-1.74133720821295,-2.16567007116376,-0.0040925889392904,-179.831047011183,3.59359764776673,-6.46967478977732,-0.682888384708471,0.217329327272721,32.5881208266323
-2.01174772759464,0.102314091718865,0.257641276738014,-1.74098569999696,-2.16631432768932,-0.00370216002208811,-180.706170655291,3.68498747769604,-6.63047932752909,-0.683744417840618,0.21977013812188,32.5659867367499
-2.01202187500799,0.102346102753826,0.257766092335873,-1.7406326791014,-2.16702972440651,-0.00327788171743672,-180.807572130532,3.96465977837261,-6.6444686589204,-0.684559220110099,0.22155542948609,32.5752854491137
-2.01221804425189,0.102341650681646,0.25784157089375,-1.7402957974551,-2.16780609205705,-0.00281631079154229,-180.157030878471,4.10780648101786,-6.46917550190906,-0.682875419613516,0.218370762012977,32.6299376226604
-2.01236371341006,0.10226531422947,0.257851790900736,-1.74000090312072,-2.16862360672316,-0.00232169228177233,-181.785817986286,4.5583138043844,-6.47588004358457,-0.689852956806378,0.221299306797594,32.6268597183589
-2.0124960803057,0.102089309566869,0.257786888967932,-1.73977014218062,-2.16945287184254,-0.00180613867620866,-180.535577336968,4.04932219985812,-6.55410277655128,-0.688695115281667,0.221678878436389,32.7002939774785
-2.01266491971637,0.101795985871094,0.257646260753012,-1.73962098533654,-2.17025213729567,-0.00128766379486491,-181.627791431226,3.74894078151146,-6.57171945315287,-0.690402746422035,0.223614333358074,32.6992740361996
-2.01290731136901,0.101354523008752,0.257416052122086,-1.73958153466216,-2.17099460731958,-0.000776667573211244,-181.768911589792,4.50916259023097,-6.60049903759952,-0.692718006933834,0.222199204825329,32.723167557026
-2.01326783289716,0.100773281413053,0.257111810191967,-1.73965490513099,-2.17163932926406,-0.000296970037223352,-180.905040690956,3.6329164900751,-6.54992649060165,-0.689890205828526,0.218060794577569,32.7679015279054
-2.01376914933644,0.100048517169105,0.256733087240745,-1.7398531275545,-2.17216533137351,0.0001369061534014,-182.376662565029,4.04659361535687,-6.54234508309179,-0.690763987005051,0.22079964481077,32.7337168148261
-2.01442693035793,0.0992021803100211,0.256295847244545,-1.7401702160503,-2.17255158231587,0.000505998827914987,-181.207637856395,4.23714880305897,-6.52861887401457,-0.694330855353274,0.222972086840938,32.7960623963927
-2.01523722528846,0.0982621824547323,0.255813166859177,-1.74059247409515,-2.17279935774381,0.000804974454567793,-182.025869054779,3.86443313004406,-6.58511839115087,-0.69144726166917,0.227088717567935,32.7835142269523
-2.01617992868169,0.0972678270041989,0.255302642851886,-1.74109745333908,-2.17292065862146,0.00103216251387949,-182.145887525099,3.29799664803818,-6.58289736611599,-0.691813775230905,0.222422016695063,32.7998025155294
-2.01721249155675,0.0962593269965168,0.254776867598363,-1.74165789753427,-2.17295095483961,0.00119992699745925,-181.331017289519,3.7141495703263,-6.52279291164433,-0.690105834577456,0.2177383443841,32.8591820433608
-2.01828592996098,0.0952921799208077,0.254257525609021,-1.74223235048892,-2.17292994961104,0.00132190232633519,-183.136845998901,4.15339821172574,-6.58238772873548,-0.689652780197726,0.216294461255072,32.8572195954138
-2.01934741251885,0.0944196722192654,0.253765432205886,-1.74278048070938,-2.17289805752038,0.00141245262055547,-182.133879208657,4.36243195364659,-6.61279550971713,-0.68839617163951,0.216707406222358,32.9411026098526
-2.02034638647306,0.0936878839093822,0.253316811266389,-1.74326568039681,-2.17289509503674,0.00148791239190886,-182.825847216638,3.93696854805103,-6.48465591890962,-0.696141023829284,0.22381228488053,32.9470355063922
-2.02124288665915,0.0931499738713093,0.252937811805963,-1.74364675066114,-2.17294701591271,0.00155685381199297,-183.185960187603,4.51272180238061,-6.61773479903837,-0.701105562753611,0.223947496116131,32.9600861539644
-2.02201154364011,0.0928347546059083,0.252641544761735,-1.74389882660326,-2.17307226493145,0.00162867426886072,-182.124276658894,4.13575019758946,-6.66655765665195,-0.697515089097871,0.219403101149099,33.00547257343
-2.02264110832908,0.0927587004801254,0.252436736803148,-1.74400706514458,-2.17327432284806,0.00170540701431678,-183.615829260815,4.27531920432602,-6.54521822460069,-0.701746948769578,0.222602459957241,32.9751321755469
-2.02314343489827,0.0929233562505907,0.252328872114018,-1.74396980628677,-2.17353620932834,0.00177819342233976,-182.568437962805,4.10637584102346,-6.59895677156416,-0.696132791643986,0.223580718614352,33.037286326511
-2.02355084135129,0.0933115336067978,0.252316462808585,-1.74380107756279,-2.17382383921956,0.00183254717989072,-183.335043898795,4.37768124564764,-6.57610103596156,-0.693702764645065,0.223640553058724,33.0422107363272
-2.02390530066309,0.0938855211767997,0.25238497138167,-1.74352944964579,-2.17409689963991,0.001849549329861,-183.830818520378,4.26802471601513,-6.62119868193128,-0.694934585639099,0.22382283785667,33.0755882633541
-2.02425822416816,0.094600160931412,0.252518302147091,-1.74319091541511,-2.17430635734626,0.00180389436667247,-182.995954134926,3.88658825701805,-6.67386457546414,-0.694033126636575,0.221275755284034,33.1446702854339
-2.02466376952557,0.0954067341206919,0.252698592435164,-1.74282371964757,-2.17440185643894,0.00166869386232057,-184.553084117243,3.81574355415137,-6.74204029342255,-0.69339786670183,0.2204986266916,33.1143413081055
-2.02516289811996,0.0962505894897721,0.252900344733378,-1.74246705802558,-2.17435130567487,0.00142875862144274,-183.221347663497,4.52525354202021,-6.60704101290963,-0.693478252951596,0.216794440520853,33.182180595866
-2.02578837101707,0.0970796862663441,0.253098039954117,-1.74215638409968,-2.17413404376761,0.00107452453131644,-184.168403443427,4.38393849843237,-6.64145889492394,-0.695689228179017,0.218903663424332,33.1790544557633
-2.02655699824855,0.0978519461771867,0.253269686063447,-1.74191742129939,-2.17374489451477,0.00060404996723865,-184.318281254323,4.21509805332698,-6.77174736869515,-0.704509029948812,0.222815625293609,33.1978783616587
-2.02746225396965,0.0985285366899369,0.253389211842303,-1.74176818799444,-2.17320581675991,3.22444175215297e-05,-183.517791870938,4.34285800991483,-6.60269929528053,-0.70777604311643,0.224823641845487,33.2436392772963
-2.02848108614785,0.0990820991706833,0.25343536409239,-1.74171655772165,-2.17255749064718,-0.00061314746339687,-185.092051975187,4.28668190515509,-6.73130324320286,-0.706602418640069,0.226510947907589,33.2110019569795
-2.02957690474359,0.0995038143341649,0.253397468842149,-1.74175494626678,-2.17185192914018,-0.00129864328313872,-183.690586216389,3.72620392178578,-6.7353579134417,-0.701466505795143,0.220884306787948,33.2732991287389
-2.03069993610429,0.0997906027715079,0.253265758825083,-1.74186891650966,-2.17115965321604,-0.00197551822886767,-184.672738641967,4.20326896050778,-6.63347699725014,-0.701551224005928,0.21708507094485,33.2512762373158
-2.03179781614876,0.099942753724978,0.253033687892017,-1.74204428270611,-2.17054689659053,-0.00259884397568565,-184.867216752371,4.03940475690683,-6.65160968385143,-0.700123676875064,0.217584909801112,33.2682264453171
-2.03282299157079,0.0999661268850858,0.252698358300536,-1.74226312676795,-2.17007765160533,-0.00312116926925829,-183.907038620786,3.59905621518078,-6.69807497794704,-0.702026992929253,0.222077093593335,33.3189092867265
-2.0337321762096,0.0998736818306778,0.252264428405432,-1.74250504748476,-2.16980688890599,-0.00350069291777063,-185.447066326197,4.27518618902604,-6.79800445798125,-0.705421592626377,0.227681207227197,33.3004544157902
-2.03449793676437,0.0996715289404051,0.25173671182522,-1.74276161259175,-2.16976653903465,-0.00371125983091375,-184.255543298284,4.20801567056378,-6.73023461374063,-0.705856766661626,0.22392811205552,33.3764646466174
-2.03510935608207,0.0993677223794442,0.251124582593097,-1.74302660608549,-2.16996965707681,-0.00373795597507246,-185.469477216441,4.28019407299053,-6.72803602395683,-0.707027723069014,0.222664270751963,33.3762659822091
-2.03556649391662,0.0989640841677897,0.250435049179858,-1.74330182114177,-2.17041662933241,-0.00357384006068793,-185.391470747054,4.15307901731148,-6.66321824764174,-0.71135985780966,0.217967934260523,33.4087788538672
-2.03588362843851,0.0984535322344762,0.249672892819437,-1.74359859167594,-2.17108704084991,-0.00322682814805254,-184.892324949668,4.11955170278884,-6.64993770093034,-0.709409696196285,0.222585601680998,33.4554869557898
-2.03608516868744,0.0978241620318983,0.248841586663464,-1.74393653862505,-2.17194360290947,-0.00272053229327598,-186.097334576871,4.61571981631914,-6.7821893661756,-0.713085641980622,0.228373423306051,33.4304396666545
-2.03620482544728,0.0970735022667029,0.247952859224124,-1.74433008096775,-2.17293607851792,-0.00208940328962605,-184.907517659309,4.76464785547614,-6.75565393785647,-0.711115357395564,0.228606309333559,33.4848954107179
-2.03627313715716,0.0961993294890036,0.24701623926357,-1.74479118561078,-2.17401703759736,-0.00136762365144301,-185.759904548125,4.32484266560846,-6.64653498326885,-0.709317618672318,0.224587938287356,33.4834396762751
-2.03631894610951,0.0952065140598695,0.24604623125501,-1.74532624136461,-2.17513725109198,-0.000594071064497511,-185.985461692866,4.92397618326095,-6.70366440659774,-0.707352781622804,0.222689739525396,33.5138436290806
-2.0363733452175,0.0941091800403839,0.245063334059455,-1.74593343120186,-2.17624732410378,0.000193485567311589,-185.314512059536,4.26238845631428,-6.72470010119383,-0.704339957067289,0.217295707775017,33.5642929869308
-2.0364562258709,0.0929394084463606,0.244097370891636,-1.74659517892839,-2.17730547282362,0.000955896871758387,-186.904899108626,3.97051569995801,-6.81592346594343,-0.706521793061036,0.223706409573284,33.5367307784356
-2.03658348789037,0.0917227419268247,0.243169667786697,-1.74729353913361,-2.17828485078857,0.0016702886925513,-185.496508941587,3.72330328314865,-6.6057124094024,-0.707712302616232,0.227264460574151,33.6021471078927
-2.03676890185878,0.0905059729721795,0.242315758143758,-1.7479949751199,-2.17915775944394,0.00231192228893219,-186.490832307547,3.81185388364793,-6.66898769393575,-0.709040169177059,0.224782498842927,33.6078903988429
-2.03702842667305,0.0893453579917409,0.24157730484475,-1.74865732945391,-2.17989880164077,0.00285899138566979,-186.872744543871,4.74706488566085,-6.81720884671961,-0.711692849629734,0.22728111595942,33.6374843709062
-2.03736986946487,0.0882886947605819,0.240984628904219,-1.74924232365123,-2.1804970535109,0.00330166700269628,-186.055982601269,4.73642129261179,-6.75417605503466,-0.710655441499179,0.226761302476471,33.6924122248885
-2.03779921588089,0.0873818466871779,0.240566268167007,-1.74971403129004,-2.1809421669696,0.00362917304937038,-187.367647948248,3.97693523261228,-6.75770088190859,-0.716095383402394,0.225124688552921,33.6774292047189
-2.03833040871169,0.0866687419539307,0.240349767511337,-1.75003780360673,-2.18122488388841,0.00383875295404318,-186.382636135138,4.00897342508097,-6.7995009819391,-0.715775419127757,0.225086860956622,33.7488659986006
-2.03896759133856,0.0861733553531323,0.240344484801115,-1.75019470778205,-2.18134805708031,0.00393376819706747,-187.341679480592,4.40043455081059,-6.732608325288,-0.710459931446898,0.225117634515592,33.7592118520136
-2.03971842382526,0.0859058134146693,0.240550787572278,-1.75017740210252,-2.18131236711379,0.00391779795613227,-187.796001913346,4.83721769909243,-6.8465560862121,-0.711403902390717,0.225394893051448,33.7796232358843
-2.04059052769768,0.0858682670228745,0.240963275013879,-1.74998625913918,-2.18112015168342,0.00379553529088574,-186.608183331524,4.48937510334622,-6.64362669778873,-0.709904915376447,0.227151172552371,33.8253881273005
-2.04157955051894,0.086035730228577,0.24155440847895,-1.74964351257845,-2.18078498468811,0.00357675154202864,-188.393310486532,4.55161806065189,-6.75014200286384,-0.708622473502743,0.227541863312033,33.7719192644313
-2.04267003198197,0.0863694115063094,0.24228519849666,-1.7491793618091,-2.18033488983258,0.00328132059943585,-186.901280469816,3.67884266439137,-6.7700613714704,-0.712661917660267,0.226237681151774,33.8284751503347
-2.04384789160885,0.0868311375362829,0.243117781805522,-1.74862488451014,-2.17979486878263,0.00292713542262979,-187.912008603781,4.57246372415443,-6.78380110790616,-0.711365405502046,0.22617769265655,33.8231682097107
-2.04509032539428,0.0873714252298026,0.244006126404266,-1.74802003472704,-2.17919720776811,0.00253565161814539,-187.933152605083,4.92715559146814,-6.71510316459501,-0.71560465588355,0.228983626908821,33.8569664839631
-2.04637053497644,0.0879462576973733,0.244908039321706,-1.74739958154462,-2.17857747216993,0.0021310719659954,-187.490561110877,4.30357770214732,-6.81274442461304,-0.716882034871787,0.227580803567023,33.9193092820855
-2.04765139928031,0.0885092551049027,0.245777809531042,-1.74679989892828,-2.1779781892849,0.00173726923757829,-189.034323825621,4.22761627588329,-6.81528408948776,-0.717412675181984,0.22931230383252,33.9073070150299
-2.0489033358642,0.0890269242529502,0.246582167340217,-1.74624723522346,-2.17743208094453,0.00137449751492752,-187.506196450663,4.09698922243774,-6.82550610857561,-0.720248374111645,0.225711378263621,33.9704465269158
-2.05010031617202,0.0894694858527743,0.247290788729056,-1.74576370197301,-2.17696849367471,0.00106203882905881,-188.514956240155,4.17412519090658,-6.78740087597424,-0.721646317228511,0.223400422814473,33.9582393884639
-2.05122005297684,0.0898207860481435,0.247884808706892,-1.74536181918509,-2.17660801483976,0.000811238648720117,-188.633089290894,4.46433599810939,-6.81586334156833,-0.722744767823307,0.225144292241925,33.9850524760926
-2.05224896242306,0.0900647840011146,0.248348543093711,-1.74505314076978,-2.17636319663347,0.000630821957012042,-187.951375912917,4.64822405281234,-6.74069344439255,-0.720534515415902,0.224890659676162,34.0279827275729
-2.05318135946334,0.0901967616896027,0.248675288972961,-1.7448389986189,-2.17623941652819,0.000525531608694376,-189.282678835739,5.04906965378132,-6.94051178069543,-0.723106192332486,0.231896986016261,34.006227112422
-2.05402471114647,0.0902153962222485,0.248865747876598,-1.74471943532301,-2.17622904373152,0.00049394312818456,-188.356686481591,4.90631524667651,-6.92095723608497,-0.719957871557599,0.226375817590906,34.0734636009742
-2.05479869537547,0.0901260500464769,0.248928993378892,-1.74468860853886,-2.17631192678297,0.000527033679722901,-189.064470898542,4.46436810820978,-6.83812109519891,-0.722494463479366,0.224966948646633,34.0749449563954
-2.0555233981683,0.0899260040215939,0.24887023020307,-1.74474710219187,-2.17646708173385,0.000615011193285825,-189.478584124058,4.70211545184611,-6.83118170339341,-0.718463625912052,0.221163251093481,34.0982590485651
-2.05623631367963,0.0896212670573409,0.248706958082815,-1.74488841410133,-2.17666001908442,0.000743251478816214,-188.661773272729,4.80093925381948,-6.82905004939636,-0.71914668987704,0.226731507790307,34.1544364045232
-2.05696831672075,0.0892258483561488,0.248462470842134,-1.74509937112582,-2.17686423520816,0.000901961222286086,-190.175987513138,4.67463165888557,-6.83444499061832,-0.72351768459918,0.230408664091244,34.1188487407027
-2.05774780161319,0.0887556923121444,0.248163004609965,-1.74536606245316,-2.17705428113294,0.00107815764870917,-188.732644027998,4.32447548301593,-6.84737805373302,-0.725868676339312,0.231120652982638,34.1852921251825
-2.0586013248705,0.0882255958116378,0.247835061347168,-1.74567470503796,-2.17721051768796,0.00126676551227654,-189.780953429655,4.67851711631715,-6.87411922238149,-0.728715580507988,0.233291592135727,34.1763997330934
-2.05955104658709,0.0876682554764869,0.247517968047844,-1.74599982572796,-2.17731192760807,0.00145633000087299,-189.893882163074,4.14236520706322,-6.85452915633095,-0.725547554694013,0.225544420942653,34.1978187044415
-2.06060662885963,0.0871077529412112,0.247242510177797,-1.74632194533978,-2.17734986733814,0.00164238135612716,-189.135660460634,3.93228153188511,-6.72544150894151,-0.723476990841535,0.222843360630542,34.253861075169
-2.06177218250367,0.0865874986409327,0.247051737400374,-1.74661057351584,-2.17731433287148,0.00181428349318007,-190.692286548779,4.6373484034591,-6.95143149203034,-0.722893506376334,0.225582802535113,34.2326766925738
-2.0630407856929,0.0861561977730005,0.246987730446868,-1.74683069421769,-2.17720284490591,0.00196330400017178,-189.424692358213,4.44217671545198,-6.95690847099294,-0.723876404298228,0.227773420243249,34.2981084974795
-2.06439263999011,0.0858474630549146,0.247076308571208,-1.74695896258178,-2.17702374255345,0.00208544058427571,-190.320999452675,4.44679599315509,-6.96619378393927,-0.728111276736933,0.231798150519488,34.2864657200744
-2.0658061532221,0.0856985391202247,0.247342324838877,-1.74697158251494,-2.17678014448262,0.00216980653092922,-190.551672772405,4.92320001709004,-6.99881259923802,-0.729517526560378,0.228811321843599,34.3127407633759
-2.06725342170703,0.0857219689932514,0.247787082210884,-1.74686173086025,-2.17648030288885,0.00220709372299044,-189.800575642836,4.74870080545406,-6.93401598060206,-0.730650924250444,0.226356487459163,34.3687217317636
-2.06870045003714,0.0859221115192579,0.248401856029047,-1.7466288634503,-2.17613653437254,0.00218948584807249,-191.239963443274,4.75604895167567,-7.01575582300782,-0.734951915269583,0.231393645344764,34.3578714777877
-2.07011813727195,0.0862988391961554,0.249173390733905,-1.74627659951578,-2.1757539293236,0.00210492955842925,-190.242583641187,4.07066544907502,-6.87003220174492,-0.735672498167309,0.229183501482473,34.4363998685746
-2.07147837703992,0.0868277836149964,0.250068179599202,-1.74582459927687,-2.17534246057963,0.00194785777762499,-191.265970680311,4.4211002253046,-6.97051334030414,-0.734513725675242,0.227883239476865,34.4454277096914
-2.07275666956064,0.0874733108816539,0.251044924654167,-1.74530060005412,-2.17490926979594,0.00171125909877964,-191.517297926703,4.23370025486588,-7.06858114715899,-0.734870589823056,0.227620219634969,34.473216702717
-2.07393137575633,0.0881870874711748,0.252053624209772,-1.74474030995616,-2.17446542147241,0.00139609116301816,-190.699135721867,4.31423360813346,-6.99985158268692,-0.733840341454226,0.228518926307681,34.520357523666
-2.07498913058995,0.0889134272875882,0.253040780352955,-1.74418119356433,-2.17402442950678,0.00101236374297628,-192.130103295861,4.181865523223,-7.0659402888526,-0.727899271009345,0.233098936301616,34.4689169068473
-2.07591953137994,0.0895918509634868,0.253954298948207,-1.74366481220797,-2.17360292985475,0.000575648906784046,-190.61078014795,3.58077656017258,-6.884542322448,-0.730586549961482,0.232088020248317,34.5178604553543
-2.07672705862784,0.0901806564656891,0.254761763134685,-1.7432190375603,-2.17320773616212,9.93754210806434e-05,-191.512991595246,4.58091910813346,-6.74475898591527,-0.729591501893816,0.23194613328352,34.5147349154199
-2.07741780486798,0.0906469390926627,0.25543935791093,-1.74286294602689,-2.17285487534129,-0.000391611382297494,-191.863432793901,4.86983036308243,-6.95254523831252,-0.724765072795945,0.228339942067792,34.5513492005541
-2.07800347475169,0.0909725222707944,0.255979768923921,-1.74260426637233,-2.17255673791917,-0.000872628244345101,-191.16327245686,3.84396429074172,-6.80132200010416,-0.727167981163966,0.229781737634678,34.6186908668649
-2.07850012036468,0.0911507357381325,0.256386926487252,-1.74244304966076,-2.17232453934931,-0.00131911195360218,-192.874982390151,4.6211914005562,-7.03616184648189,-0.731012061011499,0.232419930256085,34.6073911350441
-2.07892419702333,0.0911958607383472,0.256681484222479,-1.74236350854633,-2.1721689280676,-0.00170802433407099,-191.518910417245,4.72065195818823,-6.94113209342132,-0.730556881476903,0.229974525790672,34.6787916919497
-2.0792877536549,0.0911269677368232,0.256887538485773,-1.74234760986996,-2.17209835080765,-0.00202274556559635,-192.542293117089,3.93172933510846,-7.01404191660663,-0.735183288340566,0.227112289875408,34.6659539460479
-2.07960753301669,0.0909841384360881,0.257045962828469,-1.74236507717568,-2.17211021352612,-0.0022579249326664,-192.619210273815,5.42755372841043,-6.96457096273048,-0.741559446475913,0.230227261529938,34.6831420532095
-2.0798970528345,0.0908049708911722,0.257193557197054,-1.74238611927991,-2.17220411434621,-0.00240720303284775,-191.766289945462,4.82837434607882,-6.9087246616628,-0.73985016800032,0.230787829859402,34.7212330413325
-2.08016785506424,0.0906327780423517,0.257368803328726,-1.74237961792114,-2.17236914139339,-0.00247964466713803,-193.187355159768,4.39123389810925,-7.00957493997433,-0.739707768276714,0.236658779537674,34.6901089238452
-2.08042844407843,0.090493145591223,0.257593674739421,-1.74232798315403,-2.17259543419943,-0.00248492210053934,-191.862695184887,4.43026763175885,-6.94473625721713,-0.738678910790391,0.232275436345698,34.7566736349368
-2.08068520785985,0.090404644939003,0.25788157860007,-1.74222044771044,-2.17286793706302,-0.00243867635659014,-193.093073234599,5.10176623987786,-7.14017067854985,-0.736587196494122,0.227876980983222,34.7544272420364
-2.08094678467235,0.0903848766322053,0.258242010767425,-1.74204876568144,-2.17316436398842,-0.0023643351238932,-193.166241421579,4.75069890388795,-7.18208861978917,-0.733891661099101,0.22521184730974,34.7895360224169
-2.08122065393329,0.0904357855017288,0.258669794412153,-1.74181689305523,-2.17346300315846,-0.00228451885564766,-192.4274613211,4.05156825070299,-6.96814913283578,-0.735366513375561,0.226287353182909,34.8459406216306
-2.08151293842607,0.0905552475763116,0.259153570262336,-1.74153155172009,-2.17374257199174,-0.00222054601684281,-193.873226241987,4.79250412635588,-7.12311057249579,-0.738191836369292,0.235302988224346,34.8204431245528
-2.08183574988308,0.0907316512419598,0.259675507115574,-1.74120743807447,-2.17398156131779,-0.00218940395198864,-192.686382354373,3.90954030197622,-7.06444941616982,-0.739732786772867,0.234006394694093,34.8741981800206
-2.08219993781685,0.0909563090775567,0.260218519136327,-1.74085726911297,-2.17416417240839,-0.00220117911342157,-193.515116803973,3.76159667403158,-7.06599698761841,-0.744574075629081,0.231702135453688,34.8696361128575
-2.08261733109176,0.091221037769035,0.26076595273344,-1.74049219918885,-2.17427783246957,-0.00226099676088157,-193.692045462228,5.02927701235399,-6.90831417308095,-0.743203072399557,0.229332100512225,34.8961154907942
-2.08309761427084,0.0915156255616107,0.261300428191743,-1.74012334122464,-2.1743182616297,-0.00236585731874538,-193.102662024218,4.6172185510577,-6.98313890254508,-0.741440443408962,0.231648979821658,34.9545176998437
-2.08364966586846,0.0918454065652483,0.261817291626078,-1.73975148833433,-2.17428378719333,-0.00251089819273156,-194.615167447266,4.91472214835494,-7.0599989230075,-0.740370413975089,0.232599901388255,34.9288903060263
-2.08427705805287,0.0922166595700578,0.26231356986219,-1.73937317615099,-2.1741839194372,-0.00268188602873593,-193.231126739689,4.45438300037881,-6.99554303786201,-0.735698649078333,0.232476099050067,34.9894510483646
-2.08498092562473,0.0926416577943598,0.262792924829919,-1.73898023282332,-2.17403158657937,-0.00286418493469487,-194.203353470057,4.27028225970525,-6.92470943047306,-0.738250597769005,0.233656231674984,34.979425033132
-2.08575736246453,0.0931310723293493,0.263259301520356,-1.73856578719817,-2.1738435563685,-0.00304396694367689,-194.398748927395,5.23266419103675,-6.93798487055588,-0.739006803988149,0.230409582700225,35.0159343500968
-2.08659924917507,0.0936943977835174,0.263716860736091,-1.73812296793955,-2.17363695634899,-0.00321103322590289,-193.718522330017,5.41058381397625,-6.91918742975409,-0.734574977772952,0.230461776928338,35.0759263884434
-2.08749351093762,0.0943349690524702,0.264164527692048,-1.73764915765855,-2.1734351411303,-0.00335401538635417,-195.063530719448,4.40728831397473,-7.05569025485065,-0.739078020482645,0.240399879346433,35.0411640966257
-2.08842231388639,0.0950470064697431,0.264595011889317,-1.73714808881942,-2.17326000968798,-0.00346931463145388,-193.809100040718,4.3401949824281,-7.39002053696152,-0.745781624856711,0.236124424651524,35.1004388457082
-2.08937244256973,0.0958160547178579,0.264996395952169,-1.73663045527803,-2.17312656844869,-0.00355637212518066,-194.84893050993,4.52464172081386,-7.27728454388671,-0.749383444473021,0.230835646444199,35.1062677169986
-2.09032943761008,0.0966167108304887,0.265348079737869,-1.73611511558194,-2.17304989867337,-0.00361609232528425,-195.215486875674,4.9056331922468,-7.15379309941932,-0.748789248125358,0.226535835553898,35.1455168593945
-2.09128641971213,0.0974151975794157,0.265625580092326,-1.7356281121804,-2.17303502887307,-0.00365468585749801,-194.359950914583,5.17433489467476,-7.01667088186628,-0.745733128831643,0.231930511772145,35.2090867774491
-2.09223517789943,0.0981770728028284,0.265802380562543,-1.73519578213166,-2.17308325100348,-0.003681962464125,-196.034734679309,5.2614938897882,-7.16338452519344,-0.747527417157645,0.239813230923859,35.1824070520538
-2.09317146683783,0.0988541098450462,0.265842816460143,-1.7348533386538,-2.17319690208243,-0.00369963631642968,-194.685692983281,4.34878739570081,-7.19475974025016,-0.748383039436619,0.233033816375616,35.2434946705001
-2.09410982928453,0.0994234969224905,0.265735753595604,-1.73462008206459,-2.17335484362412,-0.00372147345802065,-195.630327211805,4.9218021204133,-7.33828540017169,-0.746314312527951,0.230540058897272,35.2389483123334
-2.09505676023972,0.0998577175574002,0.265465737716014,-1.73451666996315,-2.17354554407147,-0.00375129351881972,-195.736235400285,4.88008112693683,-7.15956653814428,-0.747029700002213,0.229343359726294,35.2657763292911
-2.09603717748378,0.100146084798128,0.265035964066662,-1.7345510952609,-2.17374087236496,-0.00379661672029328,-195.009738414986,4.976478123677,-7.07073901780851,-0.744252070423769,0.230969286687691,35.3186718735458
-2.09707039613302,0.100295933159398,0.26446452148586,-1.73471598670891,-2.17392045042672,-0.0038553601206057,-196.790539055268,4.87087538406877,-7.10185314764169,-0.743214615287072,0.237980606899281,35.2955744367712
-2.09817326052017,0.100330886885324,0.263783399190546,-1.73499117987099,-2.17406170112467,-0.00392902017943936,-195.229232713835,4.57113136387738,-7.10071957975896,-0.746281800521025,0.235478282902048,35.3602784323179
-2.0993589758402,0.100273532155166,0.263025908836917,-1.73535559735678,-2.17414922459079,-0.00401147403260349,-196.308828975734,4.81866146009702,-7.22157113957812,-0.748963176186095,0.231212757437454,35.334253709592
-2.10063357498006,0.100161928898213,0.262236930719616,-1.7357753402349,-2.17417051206414,-0.00410048811676101,-196.176511307848,4.44950606335146,-7.14563436977571,-0.749121728970413,0.230465002038146,35.3546738542137
-2.1019927028573,0.100024559457937,0.261453874425143,-1.73622166544286,-2.17412492698262,-0.00418757006579054,-195.651455584417,4.83945569147113,-7.03924083961286,-0.743317932093443,0.229606285709289,35.4106414128813
-2.10341652019204,0.0998857575264012,0.260708829090891,-1.73666856517328,-2.17402352622279,-0.00426402644528975,-197.233073903264,5.61193725515068,-7.20516396147801,-0.747484753622419,0.239676649412578,35.4017688206064
-2.10488760932794,0.0997725850970159,0.260035246765245,-1.73708779436399,-2.17387274173094,-0.00432884588147086,-195.973216681642,5.28568483249569,-7.11435130443127,-0.751027088117809,0.237814615645603,35.478042859825
-2.10637060521422,0.0996867520188154,0.259442371698895,-1.73746928495412,-2.17369693593445,-0.00437626750908144,-196.997103201149,5.12757914042731,-7.23187816419738,-0.752834019963008,0.234469786001115,35.4769584781217
-2.10782578001373,0.0996207891943133,0.258929198740863,-1.73781042883712,-2.17352044843305,-0.00440656565991119,-197.091966916017,5.52737325839871,-7.077088556653,-0.750745326911866,0.230208477562172,35.5003156047812
-2.1092178922964,0.0995435612485913,0.258473094914932,-1.73812541659495,-2.17337219728287,-0.00441404590755121,-196.388618281585,4.30993530092428,-6.98251123127795,-0.753570225451301,0.228637084642371,35.5466481113431
-2.11050901456683,0.0994249508604579,0.258049406995997,-1.73842958455978,-2.1732775071611,-0.00440104970524771,-197.847855030554,4.41019071439587,-7.2382393733476,-0.75562349372164,0.233295029273391,35.5226423848313
-2.11167439871352,0.0992481284853035,0.257643403037504,-1.73873083392346,-2.17324988560224,-0.00437476565392754,-196.689330264106,5.42042713117667,-7.17267562224774,-0.756637855082714,0.237309626217882,35.594398860023
-2.11269923949132,0.0989840758918987,0.257229435867599,-1.73904597562337,-2.1733009483477,-0.00433628581532195,-197.52146259812,4.6886767728688,-7.24946578554869,-0.75896554658829,0.241197500939369,35.6019045960403
-2.11358067285043,0.0986239001240214,0.256798071165901,-1.73937908936507,-2.17342904463068,-0.00429283386093874,-197.926951535969,5.03202302939462,-7.35272649246093,-0.761547470539566,0.23732534962408,35.6260485499812
-2.11432502741593,0.0981723578070088,0.256351423534368,-1.7397265030428,-2.17362295060036,-0.00425348590131903,-196.895434481637,4.64275930131043,-7.24866723333813,-0.755573553749842,0.229978268742736,35.6794570776941
-2.11494449417325,0.0976427405154823,0.255897523644958,-1.74007789670429,-2.17387013453005,-0.00422348747451692,-198.677106871362,4.74455051038331,-7.13008303380539,-0.753808790729829,0.230285936017201,35.6376474779124
-2.11546207702412,0.0970591278988255,0.255456089942219,-1.74041515142221,-2.17415073783516,-0.00420487275072579,-197.133339867097,4.66735483280013,-7.14418507737079,-0.751043341778235,0.230711577706673,35.7006261816771
-2.11590039545285,0.0964458464510916,0.255048546897078,-1.74072142708858,-2.17444491993855,-0.00419824610017935,-198.138261356452,5.48552605334748,-7.09829149804187,-0.753652183742216,0.238043686901532,35.6846210296924
-2.11628293648414,0.0958457182785484,0.254711589917938,-1.74096798548344,-2.17473224811502,-0.00420437479661098,-198.118031098782,5.60792199330422,-7.17385082943821,-0.760216824195263,0.241347487728996,35.7046122465641
-2.11662930180694,0.0952941736912258,0.254477279963737,-1.74113108072562,-2.1749950999039,-0.00422302769721863,-197.515180267426,4.5029293093437,-7.22801212436653,-0.758051712157074,0.238390154183821,35.7455495620363
-2.11695146140426,0.0948190267263644,0.254370890279666,-1.74119405279164,-2.17522485752257,-0.00424874784306851,-198.906599306561,4.81177596056841,-7.18430976915585,-0.754739184373438,0.234603675941922,35.7297574313792
-2.11725419411687,0.0944398785838416,0.254409948469873,-1.74114630213449,-2.17542025223308,-0.00427599319050456,-197.783662318203,4.86711854818395,-7.23378231065209,-0.756371782509512,0.22826401394579,35.8046592125455
-2.11753060952998,0.0941537195470747,0.254592078543596,-1.7409945439253,-2.1755929037057,-0.00429341507851242,-198.84073255275,5.13100297138931,-7.37601219720412,-0.759322013114476,0.231269599918725,35.8100543133253
-2.11777957869634,0.0939612072786513,0.254918104821219,-1.74074743847242,-2.1757437856167,-0.00430240124627326,-199.08250441282,5.08497868043992,-7.40873918936191,-0.760471992580579,0.240261246916025,35.8471745304518
-2.11799267582927,0.0938492986741757,0.255374532011407,-1.74042264100144,-2.17588486701398,-0.00429827544473794,-198.278719051072,4.67757236130637,-7.25666909375437,-0.766398293817915,0.236921279841274,35.9001145717397
-2.11816990722894,0.0938098914118868,0.255949508443067,-1.74003526193715,-2.17602086341287,-0.00428212476776193,-199.803434376275,5.15725164116884,-7.36597772278557,-0.77036111566109,0.238205681226871,35.8749198194668
-2.11830938751205,0.0938222405935925,0.256618401727629,-1.73960953217464,-2.1761603361057,-0.00425416406234298,-198.658041918675,5.45222545926663,-7.29119552444649,-0.766954933067805,0.23107370902823,35.936484368438
-2.11842339423553,0.0938835349651708,0.257368660161156,-1.73915658927111,-2.17630060793166,-0.00421897565349913,-199.459084346669,5.37536670717668,-7.25095852353653,-0.765278838666789,0.2354145113215,35.9366813872695
-2.11853046688266,0.0939955508255323,0.258190351665449,-1.73868515861264,-2.17643002686281,-0.00418896161390441,-199.65699439462,5.18605703432354,-7.33154457381963,-0.76758151954566,0.238597676014382,35.9500312730887
-2.11865626756209,0.0941646226528334,0.259075945357966,-1.73819972200922,-2.17653034778742,-0.00417919020180692,-198.655613439309,4.61808857799451,-7.32988462192301,-0.763777702487283,0.236413400303294,36.000842850876
-2.11882626970697,0.0944096022993577,0.260024617783132,-1.73769304040654,-2.17658522333604,-0.00420071767917049,-200.535414592929,4.96754807689604,-7.4075441975416,-0.762756578087353,0.238395174598388,35.969372724629
-2.11907180385873,0.0947553933366567,0.261041426571491,-1.73715171595195,-2.17657202635774,-0.00426854057160746,-199.062743661868,4.0996750128827,-7.20731210953863,-0.761399101260058,0.234449525176985,36.0342648593432
-2.11942146026009,0.0952211353668844,0.262127531002521,-1.73656469507671,-2.17647067719187,-0.00439521804933495,-200.122078859058,5.60723021410081,-7.12914941376286,-0.761484565373302,0.233294024243166,36.0306474562937
-2.11990062471104,0.0958325810987208,0.26328973773747,-1.7359149324447,-2.17625985411714,-0.00459616335692265,-200.259114524975,4.97796927050922,-7.2375729476552,-0.761993951483873,0.235133791819393,36.0612534009224
-2.12052057774002,0.096592791577077,0.264517159491189,-1.73519796463863,-2.17593353086054,-0.00487788165003833,-199.665765621377,4.93627955434658,-7.44468618562928,-0.762795332195015,0.241660864511346,36.1167831848021
-2.12128684517187,0.0975067658397091,0.265803100641805,-1.7344071076193,-2.1754894370524,-0.00524459075663121,-201.178794398512,4.92412915350292,-7.57704738214019,-0.765879071429656,0.242732307853926,36.0988697408859
-2.12219519821341,0.098562664768103,0.26713055124427,-1.7335462058541,-2.17493516768858,-0.00569630182073663,-199.765897995276,4.68403964299432,-7.21977807533924,-0.767867073134366,0.235363515490368,36.1641831249928
-2.12323541381302,0.0997339504413635,0.268474460634138,-1.73262999843786,-2.17428361005912,-0.00623096541752718,-200.695567364738,5.37775416666909,-7.31954834181889,-0.770455497016894,0.233227146333288,36.157231196942
-2.12437988046366,0.100972820423202,0.269794714486102,-1.73168631931078,-2.17357066804604,-0.00682868674880944,-201.020869339126,5.0398667769598,-7.23761542784871,-0.76942885453213,0.23312028764563,36.1847933267431
-2.12560021415607,0.102226718310662,0.271049918155606,-1.73074578544945,-2.17283131944258,-0.00747185590100314,-200.115994573913,5.29125889617899,-7.37560242101171,-0.767785541401409,0.236462233064825,36.235492562405
-2.12686645418387,0.103431153388254,0.272193069341475,-1.72984785072799,-2.17210954149865,-0.00813058788926375,-201.735921246328,5.71255178598426,-7.53471917369603,-0.771384292349655,0.243163161297464,36.2045806784345
-2.12814766401596,0.104525106224512,0.273182825926604,-1.72903007491123,-2.17144828402726,-0.00877617797794186,-200.34216845446,4.44412274593788,-7.41755354476777,-0.770058088924581,0.240370490473507,36.2668124569045
-2.12941012983964,0.105443499825306,0.273975404780902,-1.72833228634816,-2.17089395130682,-0.00937413749236805,-201.228951076238,5.15704877396843,-7.36589509957065,-0.770436831560018,0.235831133898463,36.269475174959
-2.13063095443694,0.106143316731021,0.274546974970922,-1.7277788650317,-2.1704826566206,-0.0098914661060444,-201.499921020612,5.37284508697417,-7.2235959735732,-0.772583917018049,0.232009510405881,36.299162813503
-2.13178895575875,0.106578657352514,0.274873073094318,-1.72739628840611,-2.17025192586891,-0.0102879048067035,-200.839899035196,5.25891366305154,-7.25074542567592,-0.772988195555418,0.234254453948419,36.3666275936084
-2.13286936445118,0.106725666022188,0.274946922851054,-1.72719716406209,-2.17022382049997,-0.010535599527321,-202.516788139767,5.0702529827372,-7.50740313811829,-0.773847140631296,0.24081950284437,36.3495524512502
-2.13385771936193,0.10657175771113,0.274769077073362,-1.727184814913,-2.17041703849696,-0.0106066889601686,-201.122040700725,4.72181659098624,-7.46604047049647,-0.775032281758795,0.239693736944048,36.4136884470063
-2.13475175890736,0.106123544784628,0.274356649710002,-1.72735203825063,-2.17083139549967,-0.0104848098547619,-201.986191994251,5.44880049250537,-7.41036836804977,-0.779676314121981,0.235887750013483,36.3984065053186
-2.13554733499632,0.105408854335955,0.273740369570053,-1.72767731499538,-2.17145709504369,-0.0101659201036826,-202.355907540502,5.26884855501589,-7.48058750273202,-0.776616424146507,0.237551780494706,36.410096393119
-2.13624488963789,0.10445875706411,0.272952944462706,-1.72813802773112,-2.17227807840468,-0.0096496050306316,-201.347629618049,4.59541092064273,-7.30142579847941,-0.770772761039695,0.235841887019758,36.4594118939996
-2.13685910130152,0.103327700054495,0.272046609376795,-1.72869865586207,-2.17325528886758,-0.00895425441053475,-202.949914247768,5.11318194168075,-7.38427649227228,-0.770480832435168,0.242107087443487,36.4358388123796
-2.13739434630757,0.102069241460814,0.271068092510886,-1.72932511691253,-2.17434985866262,-0.00810822416046766,-201.674891276093,5.31580478320961,-7.38837554683946,-0.771718652066436,0.2413552516176,36.5123002219462
-2.13786728719076,0.100736398899983,0.270064288863402,-1.72998633203066,-2.17551215386701,-0.00714765567098427,-202.757337822906,5.23331966105866,-7.46821559978181,-0.774653685496889,0.239304640706485,36.5113050227348
-2.13829322343002,0.0993830797024167,0.269080125354598,-1.73065159373653,-2.17669105049437,-0.00611611598264858,-202.82032999136,5.45226435466975,-7.342856192738,-0.776206472504361,0.23758295617944,36.5402908549806
-2.13869114756139,0.098060983907077,0.268157286210388,-1.73129473798877,-2.17783146086698,-0.00506574116594715,-202.225293310685,4.79593284488919,-7.31952001480931,-0.774147994579741,0.234261266117932,36.5884570638266
-2.13907347381091,0.0968048271164736,0.267321417916254,-1.73190176497368,-2.17888945208255,-0.00404380885948112,-203.731836236671,5.40724644286661,-7.40789319530845,-0.780694227990229,0.238704596354603,36.5774407146647
-2.1394621600233,0.0956577781356618,0.266605005221224,-1.73245324548661,-2.17981565823132,-0.00310256384495614,-202.756494531259,5.09597047098714,-7.46357775977978,-0.782389813936713,0.238421982637643,36.6544811867798
-2.13987303158311,0.0946474975081895,0.266025657064155,-1.73293932583137,-2.18057674890587,-0.00228281869209391,-203.613801234644,5.24606176941415,-7.50232734348157,-0.788160569504993,0.243447225105229,36.6662593393517
-2.14031943139277,0.0937962312863547,0.265595692675021,-1.73335315011095,-2.18114270527141,-0.00162684029846806,-203.807341585293,5.33086279368968,-7.51794203560166,-0.788541860670761,0.243263450880356,36.6856954204205
-2.14080640271869,0.0931043905404429,0.265308905648187,-1.73370205557101,-2.18150477164902,-0.00115810445078102,-203.007923239501,5.10114266854725,-7.42809696586684,-0.784437892131016,0.238485535058759,36.7316713331845
-2.14133369651206,0.0925710305252139,0.265157001997361,-1.73399099145358,-2.18166408082839,-0.000890692357725779,-204.367511469583,5.42154914058983,-7.47354394716214,-0.781815243878114,0.237032146907458,36.7075793176787
-2.14189395571084,0.0921942091482126,0.265129803522151,-1.73422167631789,-2.18163519454505,-0.000827333808069464,-203.133924237735,5.71234611339378,-7.45942690007092,-0.780462381672549,0.235899365938143,36.7740705189328
-2.14248179461236,0.0919676602322745,0.265214359462894,-1.73439789945239,-2.18143637029439,-0.000962562011656119,-204.03035456988,5.18595295381283,-7.55517290428827,-0.777505449112518,0.239139172712272,36.7606213177516
-2.14308513524364,0.0918773812724396,0.26539185908494,-1.73452464370207,-2.18110062021612,-0.00127402812003288,-204.248468881435,5.11192537311672,-7.53682836766066,-0.781062510623988,0.244614039806587,36.7815393511529
-2.14369587621998,0.0919163091929125,0.265651394696006,-1.73460028075026,-2.1806564688147,-0.00173717956803743,-203.306311633887,4.77177290226768,-7.32789953397378,-0.778236642533192,0.242354577860986,36.837977608131
-2.14430292544531,0.0920718535191885,0.265977567030199,-1.73462598827453,-2.18013705704813,-0.00232239761501939,-205.150359759281,5.05119060101788,-7.53195915292179,-0.77638970696932,0.237080871375902,36.8072024237472
-2.14490427888167,0.0923350362038402,0.266359193740062,-1.73459824056653,-2.17957132725709,-0.00299559039116734,-203.560769470562,5.37108753832331,-7.4458875441365,-0.782116942791671,0.234462693290275,36.8743494327103
-2.14550054502089,0.0926803868519759,0.266773164901234,-1.73452390077665,-2.17898954835195,-0.00371520207252145,-204.81232916742,6.06441237562922,-7.62016963150214,-0.787724167412684,0.23558524348102,36.8723483742391
-2.14609417378136,0.0931003278541418,0.267211626186661,-1.73439958455008,-2.17841369295033,-0.00444810429273593,-205.013205666882,6.50828704606647,-7.47627438776283,-0.789670839380757,0.241831686124862,36.9134217134684
-2.14670075024073,0.0935928265328254,0.267674040322236,-1.73421943763864,-2.17785186147131,-0.00516808031539949,-204.228243148427,5.74982588573994,-7.57057446889624,-0.788708152160357,0.242842199697127,36.9610123510351
-2.14733295410267,0.0941459005221414,0.268150017876441,-1.73398536534047,-2.17731475292324,-0.0058482502393486,-205.546743712628,4.74956906882039,-7.57529905324793,-0.791889103184888,0.243355449605196,36.9263732217888
-2.14800031059644,0.0947519630223379,0.26863304216404,-1.73369955590689,-2.17680768732925,-0.0064720728773118,-204.296154420076,5.53713477496945,-7.42490645682469,-0.788567192769067,0.236639138056821,36.9769509164811
-2.14871516348526,0.0953993777021918,0.269115628501667,-1.73337011672908,-2.17632829378815,-0.00703164203665432,-205.364377542875,5.96063773859419,-7.46246664099885,-0.787183407574612,0.234331072782965,36.9847356742669
-2.14948990670989,0.0960858195774534,0.26959755958107,-1.73300220745797,-2.17587008342821,-0.00752745017557243,-205.597682018623,5.95864330057861,-7.48848838785304,-0.79014982000788,0.2385839024064,37.0287286454846
-2.15032114674454,0.096793509096873,0.270064469642198,-1.73261077655155,-2.1754396872641,-0.00795468352406588,-204.869075166977,5.9353259074378,-7.4636049223507,-0.789484055466289,0.244037460744327,37.0758903378018
-2.15120572958693,0.0975169833072087,0.270512390522882,-1.73220521492288,-2.17503416431186,-0.00832366400895987,-206.373650074472,5.4023918808814,-7.67525311047174,-0.794389342391795,0.244156562549695,37.0374841334957
-2.15212953471484,0.0982376383907901,0.270927994902923,-1.73180384195372,-2.17466255977384,-0.00863746905162185,-204.907932861984,4.80025941831218,-7.42607616142851,-0.795086899029563,0.237349866551666,37.0922165409247
-2.15307770004494,0.0989517072487942,0.271308825209808,-1.73141270355725,-2.17433215196434,-0.00890289894740649,-205.797643395125,5.60111767384797,-7.51612670327037,-0.791252695072822,0.235280530777711,37.0867212179092
-2.15403089577339,0.0996500538744431,0.27165011625912,-1.73104330538562,-2.17404891628724,-0.00913177017641688,-206.07816653969,5.57823076423779,-7.52938208121239,-0.791097740622015,0.239068036598743,37.1150689158768
-2.15497163800903,0.100324733854116,0.271948905526257,-1.73070350021569,-2.17381922771554,-0.00933253522725092,-205.331357125181,5.37068939393635,-7.45910699883834,-0.789039542057879,0.244914529471004,37.1666764765421
-2.15587941051372,0.100961180153949,0.272197477592095,-1.73040402634028,-2.17365400489824,-0.00950803947365294,-206.746281144633,5.28653336670413,-7.53130624030146,-0.79637105915558,0.249813222752326,37.1507195366882
-2.15673782996242,0.101545928125965,0.272388545483029,-1.73015150760687,-2.17356405722156,-0.00965816298828319,-205.499655577347,4.97551911449568,-7.66236212369091,-0.794478113690674,0.239964775873186,37.2201139049164
-2.15753522989622,0.102071900775238,0.272520916699629,-1.72994585952738,-2.17355668378854,-0.00978156701000405,-206.725536397566,4.82801648895611,-7.61692665957065,-0.795705085638976,0.230146429767958,37.2289170287037
-2.15826690425965,0.10252576937701,0.272590015742917,-1.72979060575672,-2.17363438963278,-0.00987550100186933,-206.96856022077,5.34334164045686,-7.57449205382031,-0.794304663485791,0.236004440987693,37.2675814344441
-2.15893865899254,0.102891726055368,0.272590229987147,-1.72969121309475,-2.17379237555602,-0.00993849476083466,-206.333841222621,5.9622061340574,-7.46149012216574,-0.790814425155783,0.240175608862181,37.3295358083609
-2.15955806359009,0.103162763859759,0.272522149342899,-1.72964600028021,-2.1740241411951,-0.00996821252059425,-207.871720169447,5.9830188869928,-7.60239977204472,-0.800215100406788,0.249120295933744,37.2989053450105
-2.1601421130697,0.103336415279749,0.272392248744662,-1.72965055416391,-2.1743176947386,-0.00996121897157387,-206.638952754718,5.37695550314015,-7.69230029817544,-0.800707933602014,0.245084131518358,37.3629754949163
-2.16070780689235,0.103404437592125,0.272201575065585,-1.72970707703559,-2.17465650773266,-0.00991993859196461,-207.342665731792,5.39877726521013,-7.48281973949025,-0.800246617025371,0.239859060973111,37.3619227123072
-2.16127037456374,0.103354790646142,0.271948605813748,-1.72982167109279,-2.17503055001231,-0.00983924286672004,-207.787527061793,5.05098450976766,-7.46846112352034,-0.796376839595447,0.240749213657393,37.3693408678485
-2.16184764415427,0.103192434789317,0.271643777821932,-1.72998878148524,-2.17542240541355,-0.00972084556896016,-206.614045005878,4.14287617075638,-7.42889671858336,-0.793747322598261,0.24446914949847,37.4207569857271
-2.1624520610634,0.102919327072899,0.271293810246178,-1.73020692513804,-2.17582120554817,-0.00956241131323923,-208.476625205654,5.28009010148094,-7.66417833740215,-0.792860561297845,0.246989294178682,37.3861442492524
-2.16309451915789,0.102542387867985,0.270909162966396,-1.73047261479017,-2.1762154117389,-0.0093644523954135,-206.903693687509,5.17131862837141,-7.55038565140867,-0.793837451380345,0.249127255814007,37.4544331703071
-2.16377924834337,0.102071059301885,0.270499954675867,-1.73078169940618,-2.17659647110718,-0.00912962630301898,-208.174674208259,5.81725909875536,-7.5230153405862,-0.792535339210316,0.24132323051693,37.4563654258747
-2.16450460742051,0.101522929359223,0.270080459395543,-1.73112397902609,-2.17695872520665,-0.00886125670544467,-208.161686277078,5.50480497257718,-7.57686847177138,-0.794590217111151,0.241501550156975,37.503820267068
-2.16526336581809,0.100917136813717,0.269663218614364,-1.73148623728031,-2.17730574250832,-0.00855561629604065,-207.568270407854,5.83985462794953,-7.56867614418667,-0.7932870746081,0.242646277854981,37.5587877733374
-2.16604223274325,0.100270996415533,0.269258618354885,-1.73185626414747,-2.17764264668722,-0.00821282441593483,-208.955810828639,5.76429212586186,-7.66550910828667,-0.803166836965588,0.245462853070972,37.5485860611777
-2.16683009604835,0.0996120206356768,0.268884039472691,-1.7322142904575,-2.17797102871752,-0.0078376739458605,-208.02589965057,5.18780627508954,-7.6042993868935,-0.80462799939883,0.242162664489652,37.6169187855651
-2.16761714828062,0.0989719851102233,0.26856016087311,-1.7325365715025,-2.17829119212336,-0.00743632964860682,-208.63597067924,5.58425796202732,-7.81568056250669,-0.80718049327138,0.246187208730837,37.6104399504796
-2.16838680828784,0.0983752610378996,0.268300849306433,-1.73280414520193,-2.17860340791536,-0.00702114214892858,-208.982595755251,5.47227095016387,-7.70735855848497,-0.808192340053228,0.244995807715533,37.6248807742072
-2.16912029250381,0.0978355799798614,0.268111046014928,-1.73300340013626,-2.17891512885429,-0.00659891682479653,-208.019374806486,5.38292284787394,-7.57303270170846,-0.802371484922006,0.24216220780537,37.6824649014887
-2.16981259847966,0.097370742585186,0.268004201283661,-1.733120807672,-2.17921809943631,-0.00618715631948959,-209.621617175502,5.5885436791857,-7.67951465912134,-0.803756776750542,0.24532322905304,37.6437149725844
-2.17044950286815,0.0969859677660256,0.267982988835104,-1.73315206137092,-2.17950737999367,-0.00580690765479942,-208.191755272491,5.0512526112459,-7.56663189356931,-0.801205574357286,0.242820498239372,37.7026037191923
-2.17102490862524,0.0966762529009735,0.268044128588327,-1.73310064198505,-2.17977602573683,-0.00547606566441751,-209.270195202908,5.48968699366037,-7.5847337841453,-0.796363758041887,0.239955881261012,37.7013917369083
-2.17153294681814,0.0964235499008943,0.268176119813289,-1.73298105864731,-2.18001826230781,-0.00521144827020423,-209.565491887999,5.59136255953399,-7.64871460814561,-0.79944888804298,0.244072991955106,37.7302487989028
-2.17196966883465,0.0962099176511089,0.268367517174165,-1.73280994205655,-2.1802254351164,-0.00503150739804064,-208.786552534719,6.10569795312563,-7.599139467405,-0.798639152638387,0.243834903633276,37.7859451329585
-2.1723332682129,0.0960041979380044,0.268596918330124,-1.73261451134932,-2.18039317778858,-0.00494741248592704,-210.394461268108,6.38219038077614,-7.74434481346435,-0.804231061838891,0.246294409053674,37.7651795097054
-2.17263279159066,0.095791026063484,0.268856746231978,-1.73241266975109,-2.18050874558012,-0.00497232255232568,-208.96510589412,5.41469167007949,-7.68328722351043,-0.808782161819192,0.245986459065318,37.8268122537832
-2.17287514644738,0.0955402868191602,0.269126505860898,-1.73223322768775,-2.18057178424365,-0.00510369361631867,-210.144181096307,5.66166338333119,-7.77186691004087,-0.814670777075358,0.244321747348753,37.8270971834911
-2.17307547393843,0.0952497039410911,0.26940457631215,-1.73208475643715,-2.18057529149327,-0.00534100119941247,-210.317470690764,6.85061609120453,-7.75832362232777,-0.811698196225834,0.242269499137734,37.8703765883213
-2.17325433841834,0.0949176597923671,0.269690699056894,-1.73197693160461,-2.18051490088901,-0.00567592429194323,-209.501535395107,6.48302836391326,-7.68503339573689,-0.810346252793134,0.243985962608953,37.921521940884
-2.17343353723417,0.0945504560618744,0.269988253185066,-1.73191220508587,-2.18039254014395,-0.00608942600129893,-211.0711565764,5.74558969274017,-7.80013570945542,-0.810537150957653,0.247880263666162,37.8803585836279
-2.1736340282183,0.0941671962024202,0.270306900199745,-1.73188058254661,-2.18021433909987,-0.00655987941161329,-209.665341224052,5.07471853038214,-7.58031398946207,-0.810899162020358,0.242094810934636,37.9453261850264
-2.17388425323158,0.0938079887154171,0.270673438757801,-1.73185766100326,-2.17998109115412,-0.00706569930536853,-210.668483035259,6.19995855866955,-7.70894148305047,-0.807400930146232,0.241740511582529,37.9388366049955
-2.17420862030471,0.0935099933911712,0.271109196344478,-1.73181869823477,-2.17970087149953,-0.0075813714434313,-210.828796385508,6.01915133231432,-7.8223479199429,-0.80901615811037,0.239340355575612,37.9541077886024
-2.17462286648944,0.0932975527105313,0.271623743304168,-1.73174562858424,-2.17938834209993,-0.0080792770612643,-209.925049197687,5.56540327811581,-7.6578761549471,-0.807716300778383,0.246439978480722,38.0011163231872
-2.17514328076342,0.0932096348073692,0.272238160728881,-1.73160893561521,-2.17905230338656,-0.00854080497110581,-211.390343966297,5.58700733189266,-7.87140370591905,-0.81023712070871,0.246901511266439,37.9721712689665
-2.1757785193243,0.0932684474472261,0.272959421219047,-1.73139072732349,-2.17870349515318,-0.00895235586596921,-210.156784271506,5.00531409399196,-7.77708513588695,-0.813612504139976,0.243841162818038,38.0506500917363
-2.17652826528119,0.093472808929425,0.273774511280068,-1.73108770007278,-2.17835807131815,-0.00930080093070134,-211.647024601522,5.57241048400851,-7.86117779829644,-0.819123653407674,0.238520315165194,38.0699666072808
-2.17738062565174,0.0938023936454986,0.274653876879105,-1.73070973620624,-2.17803678343469,-0.00957730857885699,-211.846534410842,6.86965390510659,-7.83836169778024,-0.820748575973079,0.24272453868843,38.1205931581501
-2.17832543554931,0.0942343567241668,0.275568477836388,-1.73026999572414,-2.1777499196982,-0.00978336697749274,-211.03939264303,6.10935696067918,-7.74219501988347,-0.816813699063776,0.245622877376526,38.1712236019217
-2.17934629192354,0.094722745297128,0.276471387679017,-1.72979780063476,-2.1775092830302,-0.00992316721723411,-212.35078223327,5.24608346570767,-7.86642493669228,-0.821009140733167,0.248504069104517,38.1395007673004
-2.18041683788911,0.0952109713839739,0.277306158572194,-1.7293295496964,-2.17733630020387,-0.00999503061630256,-210.826229471317,5.18927298730159,-7.56969501668215,-0.815611966817626,0.246532771121535,38.1850563748358
-2.18151912994249,0.0956452268074059,0.278023356260566,-1.72890180399691,-2.17723648620502,-0.0100078306578481,-211.681043370029,5.9554217633513,-7.68765052603118,-0.816018023021885,0.244080780485856,38.1635005179523
-2.18263350113485,0.0959792108905244,0.278579711651473,-1.72854755195325,-2.17721382121744,-0.00997303498500046,-212.038100945873,6.3258664188163,-7.76337238424713,-0.813266671387749,0.245030618812381,38.1823926744292
-2.18374085991579,0.0961615544985435,0.278931390826288,-1.72830185031864,-2.17727982147769,-0.00988634105070653,-211.24901612596,6.23339528886618,-7.71838348765078,-0.808152055578852,0.248225753312699,38.2487964848103
-2.18482705351553,0.0961690225883114,0.279059297950637,-1.72818179352979,-2.17743302013704,-0.00975381622406226,-213.036256733763,5.9494995524592,-7.80087776289972,-0.811893200637177,0.251240927282776,38.2349690155635
-2.18588444085136,0.0959920975602824,0.278959261218181,-1.72819496643043,-2.17767018612207,-0.00957685211142427,-211.598920251987,5.2017082302134,-7.6757176940533,-0.815701007697426,0.242186450416651,38.3145844632141
-2.18691122581699,0.0956436156776714,0.278649153937616,-1.72833365803705,-2.17798156051474,-0.00935716046888802,-212.838781352871,5.74132727550045,-7.64017698959245,-0.816292868418865,0.240220372482307,38.3290975187963
-2.18791300554886,0.0951749971098508,0.27818012495742,-1.72856660296991,-2.17834004325515,-0.00911302239648079,-213.099077457916,6.12247280522979,-7.87071219327837,-0.8196536061163,0.238778880965679,38.3630605896549
-2.18889987964492,0.0946422392797626,0.277609619339282,-1.7288589078386,-2.17871768164614,-0.00886003614031257,-212.276472915859,5.39514061447744,-7.86508581578858,-0.821872260105277,0.247451595656068,38.4192691793058
-2.18988448544217,0.0941191701051398,0.277010707275129,-1.72916335839125,-2.17908174273331,-0.00861719898867004,-213.569050897885,6.16072719479575,-7.92308449737462,-0.827731636145542,0.253069484631512,38.389907751089
-2.19088831464739,0.0936843494556694,0.276462222434689,-1.72943068085227,-2.1793883103795,-0.00841321307728439,-212.51180784421,5.66972991410285,-7.80135516808951,-0.82641295826691,0.252478356345107,38.4426250022646
-2.1919273737672,0.0934168912428053,0.276040716154676,-1.72960971436518,-2.17959987585294,-0.00827535617072008,-213.219588265016,5.53937084935501,-7.84867578595447,-0.827586803438511,0.244485336500056,38.4423233498721
-2.19301544320159,0.0933904510434242,0.275816593157448,-1.72965263095931,-2.17968006933618,-0.00823307903425165,-213.85608026763,6.21372729023187,-7.90205541289603,-0.822362667729161,0.242067592284798,38.4670148555995
-2.19416288655659,0.0936469728779237,0.27583335216253,-1.7295338411677,-2.17959893438494,-0.00831352583343044,-212.791175988682,6.07909753156787,-7.84049358543004,-0.814119316610064,0.242373773378677,38.5261784722361
-2.19537211943347,0.0942167560548768,0.276119417035907,-1.72923279723288,-2.1793413892493,-0.00853398570163285,-214.492006827298,6.15572553101038,-7.84700094555109,-0.81723216433716,0.250451542535683,38.4873754324555
-2.19664039904251,0.0950983891403716,0.276675989051,-1.72874966179883,-2.17890472415464,-0.00890168856053084,-212.932787405612,5.13218879484475,-7.87801888427475,-0.820809420785934,0.250000400729292,38.5562059102908
-2.19795053368471,0.0962615974157277,0.277476398318682,-1.7281015496223,-2.17830576809061,-0.00941066236622647,-214.049715376675,6.06777981087521,-7.87117368147543,-0.822039113087531,0.246658136787073,38.5601707814163
-2.19927468162879,0.0976380719914847,0.27846088894217,-1.72733012634217,-2.17758411521546,-0.0100360135141075,-214.309443292014,5.91249529466359,-7.96036501123052,-0.822801951465904,0.24495057702296,38.5941232311551
-2.20058075301943,0.0991486559081967,0.279559870087283,-1.726481870379,-2.17678842392245,-0.0107425844138339,-213.729544322004,6.1157047293334,-7.73020640109206,-0.822328823547453,0.247289213268441,38.6553603090686
-2.20182831774622,0.100704705277339,0.280694841995833,-1.72560652553252,-2.17598441512885,-0.0114803061491699,-215.1368681381,6.2203088217766,-7.98820614031072,-0.828698800274693,0.25290082890861,38.6389486031282
-2.20297413849388,0.102201849627351,0.281775547099615,-1.72476417801903,-2.17524454648486,-0.0121916023765621,-213.888843038363,6.02527065457775,-7.87596828729423,-0.829433865226664,0.252367565513968,38.7066855415014
-2.20398046222331,0.103549820396566,0.282725459725202,-1.72400577238282,-2.17463382408226,-0.0128231400385914,-214.771748828655,6.08357741029772,-7.83700322052411,-0.830237749970052,0.247097594228171,38.6982905309679
-2.20481198966009,0.104672986822102,0.283483039546082,-1.72337282798265,-2.17421065570869,-0.0133264924788633,-215.085515747828,5.20751827495815,-7.85296803103651,-0.826888323516845,0.24585344408763,38.7083198050827
-2.20545009594114,0.105526690816513,0.284014821767686,-1.72288659794006,-2.17401319446638,-0.0136659423442453,-214.003258496751,6.09183765081866,-7.79797376004672,-0.822500406420777,0.246958108085927,38.7455456753542
-2.20587759407098,0.106087800723728,0.284305013863817,-1.72255429721787,-2.17406956081089,-0.0138182631669006,-215.505182702384,6.52814672090631,-7.91323626061774,-0.824725248322856,0.250634912197739,38.7037903129873
-2.20609866766512,0.106364716683462,0.284367239458925,-1.72236632343382,-2.1743775630789,-0.0137822329407837,-214.20421939379,5.82167109698685,-7.92828153275124,-0.825023875149381,0.249667115732838,38.774852820154
-2.20613994526836,0.106402519223987,0.284247474847975,-1.72229197391139,-2.17490318688286,-0.0135815084327534,-215.32297449972,5.73069033002321,-7.91000685849926,-0.828106359709179,0.244581019932308,38.7858319038219
-2.20603428738069,0.106267696502707,0.284007149401446,-1.72228839957498,-2.17559799741686,-0.0132538683182016,-215.472231497012,5.99260910023577,-7.9133301626843,-0.833003056366033,0.245824162773304,38.8312117456298
-2.205830533205,0.106034296938661,0.283712519133703,-1.72230917735465,-2.17639848296758,-0.0128456904174634,-214.985154539902,5.80712350512886,-7.98335697253881,-0.83128900135726,0.243733621415537,38.9001598192941
-2.20558463826102,0.105789028612923,0.283439557056062,-1.72230325955935,-2.17723059198917,-0.0124127277588805,-216.626662627991,5.68891851135345,-7.96624764446162,-0.837248512564054,0.248749390821883,38.8842610217884
-2.20535500025964,0.105615294077325,0.283257498334384,-1.7222224346879,-2.17802193168204,-0.0120076152731669,-215.219973820188,6.51307590328747,-8.00341131671419,-0.838278769204381,0.246401715289716,38.9424544909892
-2.20520080380045,0.105580910940496,0.28321991178335,-1.72202935595768,-2.17870771404253,-0.0116716233269392,-216.095555831393,5.90348358084066,-8.04294876151843,-0.840565738655484,0.250877961811363,38.9198739113097
-2.205172641297,0.105727184201216,0.283355824356219,-1.72170571637148,-2.17924047422712,-0.0114330304213907,-216.074696904034,6.38633875177447,-7.9305328882875,-0.83989162183917,0.250974559284761,38.9274063809163
-2.20531007087087,0.10607369159008,0.283672511417869,-1.72124710991443,-2.17959076387829,-0.0113034083108028,-215.278236499995,5.9400826080539,-7.83395097208779,-0.828486801845344,0.248214022881571,38.9689091638107
-2.20563496208488,0.106609005054146,0.284149670033782,-1.72066958826587,-2.17975384391963,-0.0112768222204043,-216.805260838509,6.63686628254118,-7.82185790753081,-0.827532587564608,0.249644485916295,38.9406610264827
-2.20616494752897,0.107314176243481,0.284760769989882,-1.71999375132319,-2.17973292476019,-0.0113406644601211,-215.590740501519,6.09639624277065,-7.81660207104804,-0.827338785634516,0.246638795843043,39.0195958848044
-2.20689982454317,0.108129954739447,0.285447053561436,-1.71926578103985,-2.17955773565098,-0.0114604840359349,-216.829354165392,6.74917217760708,-8.04474307554364,-0.829445739167975,0.246611104594002,39.0414569616168
-2.20782005058532,0.108988242497576,0.286140444080752,-1.71853655131821,-2.17927262237304,-0.0115994533303931,-217.105906945502,6.07525543832412,-8.05821570293469,-0.83224198740303,0.247318288351705,39.0812026952922
-2.20889676884071,0.109821432653233,0.286775390795585,-1.7178568503807,-2.17892609326111,-0.0117231222469814,-216.237551051321,6.36470031995145,-7.80506577507145,-0.832449726863871,0.248137649591575,39.1428657794498
-2.21009666181735,0.110561368924612,0.287289033334432,-1.71727730680209,-2.17856662118836,-0.0117993957656746,-217.87171407489,6.85953300375013,-8.09126067163649,-0.842747862747271,0.249034678583911,39.1159364546825
-2.21137896238564,0.111147427865109,0.287625699193314,-1.71684215905245,-2.17823579786862,-0.0118130041486628,-216.445201144168,7.10486177256257,-8.16327821202057,-0.848437261023963,0.248523301269777,39.17037284388
-2.21270075227067,0.111540612049255,0.287750094094639,-1.71657913809575,-2.17797173509549,-0.0117533162254984,-217.484531216304,6.58223249705566,-8.10857149845299,-0.846964896934391,0.249241999421592,39.1491729075769
-2.21402429956552,0.111726554410161,0.287649911567988,-1.71649963929158,-2.17779417857169,-0.0116298836341798,-217.304481635513,6.48735343486351,-8.07071959588887,-0.843585278859063,0.247730069632415,39.1604383825791
-2.215310370927,0.111690847100817,0.287315654893091,-1.7166141454159,-2.17771843699622,-0.011457703487598,-216.778280269655,6.0614166276448,-7.87925278104862,-0.838416863369202,0.248619136626061,39.2095399928945
-2.21652944613717,0.111447555873614,0.286761712336485,-1.71691068388345,-2.17774858845717,-0.0112580034941658,-218.392213095008,6.49399620600502,-7.96088085338084,-0.834824447212855,0.248270848462018,39.1991233930424
-2.21766420556302,0.111030016450934,0.286021035672034,-1.71736279485489,-2.17787349071967,-0.0110595052125887,-216.973520334309,5.64620406690551,-8.02231739132881,-0.834318151611542,0.247916916495327,39.2757574376821
-2.21870142425949,0.110481938035822,0.285136512443149,-1.7179348138521,-2.17808062918015,-0.0108868315580591,-218.052413847495,5.76668409858166,-7.99792364750724,-0.83370634400529,0.246374058526288,39.2816840497621
-2.21963833672548,0.109844921644545,0.284150454296233,-1.71859084536328,-2.1783560488232,-0.0107559675890625,-218.419070260303,6.21772304780234,-7.99177789740062,-0.839637994632544,0.248470802150851,39.3031251113952
-2.22048419945917,0.10916500970642,0.283109686497684,-1.71928935553854,-2.17868084706311,-0.0106762379620885,-217.595150237142,6.17208402249526,-7.93808407413874,-0.838458071996865,0.245429179796399,39.3574470009438
-2.22125482296991,0.10848341035005,0.282058406585689,-1.71999061386297,-2.17903853928193,-0.0106462025732028,-219.141568859462,6.80922596438631,-7.99509568585717,-0.847079871163909,0.251890216815725,39.3325368770913
-2.22196764525144,0.10782659193657,0.281028520778488,-1.72066281152001,-2.17942484337307,-0.0106453328099444,-217.671324769345,6.24422390236009,-8.08715044335815,-0.854114567555178,0.25312665048285,39.3895700602559
-2.22265572215863,0.107225943392224,0.280059204794008,-1.72127206777343,-2.17982435827584,-0.0106529642922453,-218.642186062608,7.26831486986498,-8.1517695950966,-0.850711852636422,0.253394444763845,39.3807056725189
-2.22334529259796,0.106691878678474,0.279169760620553,-1.721798985235,-2.18023060692151,-0.0106442650285861,-218.786383693318,6.51751067135069,-8.18224577271545,-0.847208334492001,0.252547665320724,39.4034467912162
-2.22405897046817,0.106211660730171,0.278361727468308,-1.7222414699483,-2.18064693758557,-0.010583235467043,-218.086237640166,5.92866392258929,-8.13010273332233,-0.841506252788035,0.250580755826909,39.4555018716912
-2.22481797929905,0.105772163674501,0.277636794826306,-1.72260174798684,-2.18106978575472,-0.010444343943058,-219.61792904656,6.16028927198727,-8.06819690296948,-0.842400989743721,0.251065267672144,39.4419720921911
-2.22563617229583,0.105347158731208,0.276984433618376,-1.72289282598264,-2.18149889067331,-0.010207386145232,-218.567417356481,6.93822425590361,-7.89543907099815,-0.839850876265837,0.248506447906129,39.5247939818308
-2.22651557136418,0.104897444791394,0.276382581227804,-1.72313978411675,-2.18193923738971,-0.00985607073874224,-219.40197144036,6.87643257323157,-8.04536455511339,-0.842902914613967,0.249944329793067,39.5279087926575
-2.22745221267197,0.104405400917459,0.275824579004461,-1.72335759650822,-2.18238421883406,-0.00939674472982903,-219.728302553573,6.13419111238409,-8.20456634641926,-0.848159034616225,0.250379256993171,39.5455526763642
-2.22842946885861,0.103847102409915,0.275296790062913,-1.72356888833219,-2.18283168302831,-0.00884459466277184,-218.774303558988,5.97920128210876,-8.20832215917301,-0.849431187143012,0.249222857962082,39.597396028242
-2.22942611126836,0.103209820380107,0.274792464001595,-1.72379135183015,-2.183274184402,-0.00822671161453713,-220.413181665462,6.49450089802804,-8.08295860865147,-0.853404079593855,0.252766110445497,39.5720698539729
-2.23042161952868,0.102500528370813,0.274321082107865,-1.72403238522892,-2.18369174773753,-0.00758719324603878,-218.974361161057,6.72606369921641,-8.17926777883946,-0.854931972407213,0.251993003891782,39.6420324078369
-2.23139118645415,0.101735198873211,0.27389635769165,-1.72429271241262,-2.18406890783675,-0.00697078928622978,-219.969977432335,6.452561689611,-8.12704305878782,-0.85539496635946,0.254665339607624,39.6340369445124
-2.2323127831503,0.100948855176174,0.273545112953609,-1.72456030495698,-2.18438630686708,-0.00642597258974853,-220.365834909529,6.9429917117991,-8.07751710006656,-0.852114132477499,0.252750701206023,39.6709021732055
-2.2331657743802,0.100180056029295,0.273296256863678,-1.72482001174728,-2.18462464733604,-0.00600123986756482,-219.648882401069,6.40008878320577,-8.13839783344125,-0.844307993912366,0.248679798534218,39.7343147568751
-2.23394083856106,0.0994750969732188,0.273183796142848,-1.7250476694423,-2.1847681572118,-0.00573067391179228,-221.16289830943,6.48838864223126,-8.09624744482915,-0.845664147532067,0.248579173718128,39.7028476428242
-2.2346340216488,0.0988729653219433,0.273234784851753,-1.72522251822303,-2.18480542264004,-0.00563905157668076,-219.796770567185,6.23418642543834,-8.15722386202185,-0.844448733143568,0.245841049300981,39.7643188192334
-2.23525128756943,0.098416550600458,0.273478251589028,-1.72531753696683,-2.18472814300644,-0.00573752280351143,-220.974525723034,6.63994469400859,-8.10369250906089,-0.846445489633398,0.248956315451953,39.7668810176976
-2.23580152438329,0.0981255486555739,0.273923479055046,-1.72531862476528,-2.18453854936544,-0.0060213436778453,-221.201196087393,6.94516786303006,-8.1089462049361,-0.84624362355391,0.251985127877008,39.7994744444939
-2.23629570123133,0.0980013066550853,0.274563309959303,-1.7252222717878,-2.18424715123691,-0.00647046223448905,-220.371253499581,6.41999425692529,-8.04146972470349,-0.851206616258278,0.254515186081286,39.8550508693845
-2.23674600922654,0.0980331381912087,0.275378557002437,-1.72502971182495,-2.18387531525305,-0.00705097449699333,-221.862109740971,6.69042604940068,-8.2334968248835,-0.855548435334834,0.258077082340591,39.8170085235499
-2.23716352992605,0.0981791907041103,0.276324347088456,-1.72476255738238,-2.1834535603727,-0.00771648583062157,-220.374539715529,5.97141981174809,-8.18876840057621,-0.85516530703557,0.248813991899385,39.8873560086488
-2.23755522818546,0.0983847504427562,0.277344443200367,-1.72445221919768,-2.18301496708109,-0.00841963594754666,-221.444197586924,6.62631687624889,-8.23366414776356,-0.853854004100612,0.244881645013035,39.8854189199552
-2.23792176747244,0.098595010040011,0.27838030572773,-1.72413065671944,-2.18259641826633,-0.00911334839272414,-221.704154624915,6.75048788453728,-8.08267254421781,-0.854482573345388,0.252227677074535,39.9105631902503
-2.23826733436873,0.0987570448662574,0.279376324427814,-1.72383179527705,-2.18222436303411,-0.00976107297906841,-220.776631003326,7.09957808491822,-8.22741015843584,-0.851498994871038,0.25392263256445,39.9625049049979
-2.23859320602554,0.0988315863284353,0.280286518460223,-1.72358045406766,-2.18192146877581,-0.0103354123488584,-222.449829555646,7.28745058129425,-8.47398726458076,-0.853791874530072,0.255961469673352,39.9456299653487
-2.23889240814938,0.0987871013890693,0.281070945384175,-1.72339961526026,-2.18170922063678,-0.0108171147542693,-221.16652048865,6.45912289546754,-8.26673120681761,-0.854158533009584,0.251497861041271,40.0169601217082
-2.23916258446419,0.0986103320005629,0.281705835213398,-1.72330202423249,-2.18159686755558,-0.011200242863559,-222.209914315478,6.01748650507307,-8.18039303584126,-0.855778136904799,0.248728284313639,40.002828830035
-2.23940347184796,0.0983118524962627,0.282187816916469,-1.72328478963227,-2.18158261695379,-0.011491758859632,-222.33102263929,6.60247009671843,-8.19626093722798,-0.856126313710545,0.248772726129494,40.020586987436
-2.23961800226774,0.097919079058661,0.282529113922694,-1.72333406336733,-2.18166095367151,-0.0117017731983145,-221.459899966151,6.42316778794634,-8.17420751253474,-0.857863697930746,0.249754636585781,40.0733837807303
-2.23981134785951,0.0974694400610172,0.282752561686942,-1.72342910572591,-2.18182124913099,-0.011844301989151,-222.970286075541,6.87775371069051,-8.23753238254531,-0.861754806462291,0.258159845988412,40.0531512250244
-2.23998815062458,0.0970079078363266,0.282887536192824,-1.72354257731986,-2.1820553105385,-0.0119318841024472,-221.711408119232,6.79889197108082,-8.33606988604387,-0.859659421950318,0.25608012154552,40.1141106621174
-2.24016114812023,0.096575762347312,0.282965326926111,-1.72364892243675,-2.18235018971189,-0.011974051034084,-222.857135526569,7.14495903650572,-8.32658145185528,-0.859277182119917,0.25084497174457,40.1147354573083
-2.24033856757554,0.0961981538943757,0.283004931910997,-1.72373122806721,-2.18270011728889,-0.0119752133617908,-222.911141819688,6.59681341528608,-8.13234965315331,-0.858635512777803,0.252124252805604,40.1480463602622
-2.24052761291228,0.0958943291136691,0.283022124499192,-1.72377592197055,-2.18310094545084,-0.0119351337085255,-222.313526941223,5.91610103842049,-8.20411957844712,-0.856863026237527,0.249443388438345,40.2048042593372
-2.24073423756534,0.0956609331519864,0.283018224736069,-1.72378476707206,-2.18354903110986,-0.011851976204043,-223.93532754437,6.94971724377842,-8.40826753143125,-0.857170250681932,0.253353583243871,40.1863560268276
-2.2409732137736,0.0954994542685821,0.283001212405972,-1.72375631282057,-2.18402890693412,-0.0117316092028833,-222.685761537836,6.64980931026253,-8.21501071556645,-0.857703156903368,0.25483986903958,40.2606761222919
-2.24125752352424,0.09539970569414,0.282971652481833,-1.72369741542095,-2.18452359201063,-0.0115792414311981,-223.511848231145,6.87049813108274,-8.28528790915314,-0.862281868926003,0.254634904347668,40.2630248646613
-2.24160072815712,0.0953396039671155,0.282922710959375,-1.72362342275658,-2.18501363359905,-0.0114040529537738,-223.950191295365,6.31469150036401,-8.35875274108005,-0.863496406611092,0.253662612891316,40.2843003911643
-2.242011429929,0.095298336932558,0.282847459937325,-1.72354962836968,-2.18547876671131,-0.0112197267055087,-222.95434368497,6.21386937627835,-8.35497861976879,-0.863411077152823,0.251843026707153,40.3318341443059
-2.24250002387981,0.0952665399363539,0.282749244632805,-1.72348662299269,-2.18588918140026,-0.011049752589565,-224.553091828561,7.13264911211218,-8.35791372912348,-0.864862327550405,0.255830514604175,40.292668539405
-2.24308161017135,0.0952425043985166,0.282638155086724,-1.72343856523859,-2.186212630871,-0.0109183082984376,-222.871502948337,6.44822724015512,-8.35627964812971,-0.86538750968805,0.257605380881988,40.352027875579
-2.24376744410201,0.0952372288428958,0.282531922436052,-1.72340118074353,-2.1864196298216,-0.0108500738478143,-223.970980601381,6.9246810569548,-8.19725701090067,-0.861982270480294,0.25292952276917,40.3570856969373
-2.2445643981417,0.0952611420111058,0.28244649114002,-1.72336955917834,-2.18649069169712,-0.0108617453810444,-224.239317212101,6.45228877078557,-8.25257516309938,-0.861597758399187,0.253780925270956,40.3915783926254
-2.24548303856106,0.0953461516434153,0.282414286735348,-1.7233233997397,-2.18640478909228,-0.010970586830554,-223.655258040485,6.22760546958625,-8.17212957798705,-0.859383406851934,0.252221037617629,40.4561811514269
-2.24651776760727,0.0954960374385063,0.282441372310999,-1.72325959485049,-2.18617257963157,-0.0111661400877288,-225.326657816095,7.22163513754845,-8.47843082243728,-0.864523614663356,0.253512127433685,40.4429496169795
-2.24766981316813,0.0957316246011217,0.282545429794716,-1.72316031331042,-2.18580141724384,-0.0114387064590922,-224.032701963594,6.8390557803998,-8.32192023108027,-0.865988039328878,0.251329644290365,40.5219374666656
-2.24892633395102,0.0960598256799408,0.282730856271972,-1.7230152558383,-2.18532261391548,-0.0117584933425671,-225.077079012516,6.96157324243359,-8.25334122552115,-0.866303732648464,0.25022178265179,40.521006697646
-2.25026819997871,0.0964732867434623,0.282989661328159,-1.72282449259822,-2.18477601004087,-0.0120903304391017,-225.383633247183,6.64381203589801,-8.26477893269202,-0.86968817415505,0.253787547425744,40.5331424873531
-2.25167385659701,0.0969552954033368,0.283305215572865,-1.7225927190963,-2.18420610223463,-0.012394535852693,-224.302655023906,6.60113200669275,-8.30342827179442,-0.872279589119513,0.256356360413081,40.5754475536683
-2.25311648355456,0.097491530226117,0.283660978392944,-1.72232255213052,-2.18366010105124,-0.0126315798786156,-225.89626284578,6.62985978341385,-8.35185921149596,-0.87193784818304,0.257432194841863,40.5383054936451
-2.25456305128607,0.0980501565765675,0.284025756777823,-1.7220297590235,-2.18318676000606,-0.0127649050122534,-224.325651591881,6.83685928766545,-8.17897257906137,-0.869510128359527,0.256064860759899,40.6060886496191
-2.25598436496682,0.0986081568066286,0.284377728636956,-1.72172658069517,-2.18281745905186,-0.0127751927710645,-225.515710925773,6.83960507692859,-8.28614156434668,-0.864306191427711,0.255659427921641,40.5977556591673
-2.25735497836101,0.0991483543711507,0.284700342503079,-1.7214229605267,-2.18256839168632,-0.0126611618189408,-225.544814162806,6.86378622727807,-8.25649470263252,-0.866169958797756,0.251614662119646,40.6245391594017
-2.25864633137423,0.099654237940408,0.284977111146961,-1.72113041207354,-2.18245086160846,-0.0124286568075816,-224.959218553047,6.76741271195647,-8.27156364366746,-0.865143992694159,0.250767972899858,40.6884360764895
-2.25984130322405,0.100123619877143,0.285207019131756,-1.72085416939252,-2.18245086182478,-0.0121064446605737,-226.593734540437,7.68426136586459,-8.40701827717814,-0.862996595602033,0.254194540918183,40.6772665517873
-2.26092958115046,0.100561269150738,0.285395553392229,-1.72059499080718,-2.18254305475413,-0.0117340069675352,-225.288499456589,6.78783814756184,-8.4259225442116,-0.869457964941954,0.253347713572625,40.748372536412
-2.26190040611024,0.100975098392333,0.285550484356008,-1.72035296630524,-2.1827014746506,-0.0113521950419081,-226.292394011113,6.86311525235215,-8.50021784628379,-0.879812084521006,0.253566686322009,40.7415862050492
-2.26275352323302,0.101382306241746,0.285689156065925,-1.72012210844487,-2.18288926424725,-0.0110077681800344,-226.332198282118,7.51738679974483,-8.48065708089939,-0.881754648076752,0.254569142352447,40.7626710355051
-2.26349097422263,0.101793515553128,0.285824044664774,-1.71989976099081,-2.18307510293678,-0.0107404974434794,-225.764969998311,7.37327870403215,-8.37975580760039,-0.876994996690188,0.256796104333978,40.8117348210074
-2.2641253522283,0.102211978927096,0.285963009454152,-1.71968691919752,-2.18323302897351,-0.0105758036452961,-227.247850391115,6.79539808084519,-8.39301714994409,-0.875692386420269,0.262483064107948,40.7813000775948
-2.26466843810229,0.102634431808523,0.28610988433875,-1.71948890535483,-2.18333947405591,-0.0105360207467512,-225.706883494807,5.6437251420582,-8.38648428224377,-0.874942671861663,0.256048653133684,40.8426702053201
-2.26513686019106,0.103046472543928,0.286258182752396,-1.71931421055285,-2.18338780098627,-0.0106199414218271,-226.871787231582,6.30791318779211,-8.3292076058288,-0.871446039220264,0.25377892889638,40.8311078917404
-2.26554736390019,0.103427320667425,0.286395224759289,-1.71917479325538,-2.18337951562765,-0.0108161612955608,-226.822935527817,7.11046953575919,-8.32675094859158,-0.871119039657014,0.254061595063133,40.8519592854544
-2.2659144317191,0.103746564108654,0.28650018687876,-1.71908836954999,-2.183324164613,-0.0111041503223571,-226.052718768119,7.09275764978429,-8.40442642143358,-0.865281831183775,0.254101769284584,40.9139838799884
-2.2662595700223,0.103978458755471,0.286555962136037,-1.71906781557186,-2.18323084734102,-0.0114580226871663,-227.820304100134,6.82194198596198,-8.39280793818116,-0.872101336963618,0.257449905216199,40.9018693715921
-2.26659495845583,0.104079484783815,0.286529064088567,-1.71913669809198,-2.18312264017915,-0.0118408357685661,-226.628307387862,6.89827951593588,-8.39938617977376,-0.879206736756709,0.256201023491549,40.9747234107098
-2.26693821178612,0.104025930351849,0.286401389920233,-1.71930547910333,-2.18301579910703,-0.0122202077291328,-227.650212997247,7.33783879647058,-8.48225380432896,-0.881722564700184,0.257038404818431,40.9793506501734
-2.26730332014524,0.103803681721455,0.286162260785203,-1.71957901976345,-2.18292204729241,-0.0125713237755907,-227.758233479541,7.06432615316862,-8.41423838268341,-0.887620359506587,0.257256420601783,41.0101233631803
-2.26770118945858,0.103407317517217,0.285805873228384,-1.71995574586779,-2.1828538959517,-0.0128692085893119,-227.098154192929,6.89515209495403,-8.47645591038156,-0.886339220689131,0.258026985785122,41.062015873131
-2.26814216973331,0.102858065365188,0.285346247161243,-1.72041768744435,-2.18281496933136,-0.0131020813488413,-228.649788930095,7.08833186240417,-8.52230984842583,-0.886216992390096,0.259757003595922,41.0397886222619
-2.26863385242705,0.10217355720118,0.284794557394977,-1.72094984448929,-2.18280901511861,-0.0132596332914028,-227.337191735731,7.141195325127,-8.47817042114963,-0.882221679412114,0.258559931256708,41.1020080650093
-2.26918033684832,0.101386181090348,0.28417303653984,-1.72152855929591,-2.18283607937286,-0.0133391239544367,-228.099934265837,6.98698280680514,-8.42678789603315,-0.879748758713425,0.258231410483396,41.0915328729431
-2.26978641528995,0.100553012391066,0.283523573683221,-1.72211373675086,-2.18289075596536,-0.013345021029155,-228.373951555955,6.74712261531545,-8.39750148134993,-0.877980315854584,0.255094033736188,41.112358280584
-2.2704525625967,0.0997228240517511,0.282880982921598,-1.72267316922999,-2.18296863320238,-0.0132846062182619,-227.664717756012,7.0194507224096,-8.33014546932054,-0.874842998413842,0.253960983833468,41.1831601870225
-2.27118771834771,0.098959020099306,0.282293311189903,-1.72316427937388,-2.18305474696417,-0.0131731200319836,-229.386327440817,7.23926914555432,-8.3820148266081,-0.88009048064596,0.256602670128607,41.1655225835326
-2.27199316561241,0.0983122649597945,0.281799617291472,-1.72355551844156,-2.18313990723356,-0.013025049067971,-227.996619277921,6.8926183596966,-8.5064405472111,-0.88405067220674,0.254995175016267,41.2421326999455
-2.27287418099484,0.0978346497061118,0.281440123602442,-1.72381417961684,-2.18321254580032,-0.0128559727034206,-229.016371939625,7.49324434253708,-8.55337748369553,-0.886563533735512,0.25918639081041,41.2469390143851
-2.27383017590335,0.0975481306350936,0.281231577289549,-1.72392740348571,-2.18326580388733,-0.0126789371431095,-229.136175295519,7.25931632853917,-8.69307621771813,-0.891033378219696,0.258270627543276,41.2666474072752
-2.27485851128318,0.097475286117259,0.281192527176842,-1.7238827878904,-2.18329300161521,-0.0125091035383037,-228.25729151207,6.40703425897527,-8.4367125894403,-0.891204541927836,0.255792995963323,41.3146572779046
-2.275955897263,0.097613473492796,0.281323071532098,-1.72368402926042,-2.18329121486466,-0.0123554325582211,-229.926117802889,7.00258922415128,-8.38587635129795,-0.891751738569937,0.260340646362551,41.2791536771524
-2.27710650877999,0.0979350126629104,0.281602311663405,-1.72335029435891,-2.18326897855263,-0.0122208847538355,-228.550219425327,7.15190581790216,-8.44839132247031,-0.889738495461373,0.259118315712219,41.3423508859136
-2.27829894545657,0.0983980214834173,0.282001123038335,-1.72291150114016,-2.18323122522167,-0.0121077260586467,-229.60442062346,6.64534767573537,-8.52738594321036,-0.88476858268202,0.257199081897697,41.344280658275
-2.27951135633754,0.0989484205812801,0.282479120600867,-1.72240378447119,-2.18319141534093,-0.0120142072617362,-229.882623563126,6.64773842818772,-8.40416454557206,-0.883694673825308,0.256131907169461,41.3766709186123
-2.28071453461444,0.0995233541163181,0.282989160588587,-1.72186830574697,-2.18317000303324,-0.0119324562973312,-229.052991878851,6.98779749785695,-8.49285744362507,-0.880607095412997,0.256042139911217,41.4401435263377
-2.2818790768629,0.100056681910777,0.28348282025734,-1.72134883390813,-2.18318575643659,-0.0118540038459627,-230.699364163223,7.16962428604029,-8.57691397952621,-0.883792932170718,0.258494766876669,41.4046013802717
-2.28298208720708,0.10049158999079,0.283920057606298,-1.72088140299414,-2.18325702893662,-0.0117670977384701,-229.172796152642,6.18048839792164,-8.48282095261825,-0.889041340141098,0.256164898967048,41.4701662387832
-2.28400467057398,0.100791791763276,0.284277999114496,-1.72048884121287,-2.18339217740305,-0.0116657150582569,-230.484393576054,7.53093981412849,-8.41288254092552,-0.892112544641787,0.258488186925932,41.4578447283013
-2.28493454303599,0.100934600422486,0.284544979781216,-1.72018427521491,-2.18359941647192,-0.0115403888790101,-230.500608048346,7.22472336684427,-8.48823248208578,-0.898183489708928,0.260386622336132,41.4907401628783
-2.28576957395498,0.100917738930987,0.284726142268984,-1.71996727547488,-2.18387732383731,-0.0113854517722894,-229.662354298239,6.60948651312015,-8.54512761110485,-0.894837234166502,0.259335286862129,41.5398384077455
-2.28651729986474,0.100770583687201,0.284851797053247,-1.71981879098221,-2.18420996109533,-0.011207094421073,-231.144675069665,6.65931949123046,-8.61510425269816,-0.894770628416142,0.265050592783493,41.512848560754
-2.28719850075375,0.100538566614464,0.284965749806259,-1.71970801213505,-2.18457567481742,-0.0110092881551576,-229.97454676717,6.33580201077598,-8.53229379032064,-0.890098966316459,0.258497261070126,41.576520889888
-2.28784359768611,0.100286851642844,0.285125427715893,-1.71959225727029,-2.18493852455677,-0.0108090982297423,-230.887099701459,7.22325271046202,-8.61815349639767,-0.891734207639775,0.251956625287019,41.5775159810929
-2.2884813607774,0.100077817544554,0.285384747298922,-1.71943077763824,-2.1852673459004,-0.0106193283626792,-231.197100442889,7.54854590623972,-8.41351511462523,-0.890627989738599,0.255009731456807,41.6097651710691
-2.28915221015991,0.0999840873335405,0.285805487704499,-1.71917777866741,-2.18551645486679,-0.0104643457624867,-230.223091713508,6.92986073376915,-8.49163072055353,-0.888027628272819,0.257374394323327,41.6607710631729
-2.28988299334459,0.100050102008696,0.286423624690546,-1.71880688910625,-2.18565475603022,-0.0103616950627565,-231.841480656986,7.19361854804697,-8.5760964494753,-0.894682797602223,0.261935109913934,41.6330390952372
-2.29069419840924,0.100299667180744,0.287256346110188,-1.71830519862443,-2.18565722313511,-0.010327345550789,-230.532264279997,6.78960534955104,-8.60951414731349,-0.894903664056462,0.259958295510731,41.6984366395543
-2.29159696909034,0.100734863529219,0.288301642302225,-1.71767467988578,-2.18550798499206,-0.0103748626569588,-231.509868888892,7.24940879798737,-8.64902051523609,-0.899029553164956,0.255497234842245,41.6938255449869
-2.29258530517225,0.101324488220792,0.289528423950122,-1.71693905246756,-2.1852086225278,-0.0105082020228543,-231.738886607494,7.38872139917635,-8.49607400529783,-0.900367805177603,0.257352467582192,41.7266040173373
-2.29364164431077,0.102004330926972,0.290878169635699,-1.71614423472847,-2.18477596435268,-0.0107235433916374,-231.13663388929,7.07390957776602,-8.56100350920966,-0.898354432607437,0.257919350504092,41.7886942054801
-2.29473713847124,0.102709275039063,0.292289294993262,-1.71533524915418,-2.18423631616576,-0.011014200688837,-232.678673747714,7.36241334808756,-8.69267683628289,-0.899152791766437,0.264233534047147,41.7637709987848
-2.29583734347166,0.103353452690502,0.293682545767932,-1.71457130311769,-2.18362667001964,-0.0113667196415515,-231.392321807378,7.14284498356028,-8.61605045002293,-0.900188464200109,0.260161539554179,41.8337861718095
-2.29690146909351,0.103844819911226,0.294973575286019,-1.71391506910488,-2.18299200247684,-0.0117613641850259,-232.25545403101,7.87348999423671,-8.57620001238527,-0.897284515980074,0.256555514499566,41.8301153902343
-2.29789856119647,0.104115074231748,0.296098244196116,-1.71341159200496,-2.18237045199024,-0.0121820826876784,-232.525389800381,7.59946303714969,-8.61389951396708,-0.895411036629378,0.256356080382111,41.8495152642107
-2.29879621480713,0.104114323473983,0.297003705446331,-1.71309288800218,-2.18180672920763,-0.0126062085792569,-231.698100823111,7.52763868884063,-8.45824043805945,-0.891954572577698,0.258127608829937,41.9049593083174
-2.29957985281454,0.103824336840921,0.29766539243758,-1.7129715600912,-2.18132845561699,-0.0130180116032744,-233.301249222939,7.10508358639413,-8.55419449148241,-0.89856649958326,0.266092334372994,41.8855304666503
-2.30025674054127,0.103265491282418,0.298091543566838,-1.71303386947004,-2.18094400814282,-0.0134117781760041,-232.097236364585,6.7408142200386,-8.70710260046377,-0.902810425193218,0.262225023793092,41.9653184693744
-2.30083906473029,0.102487547691764,0.298311156287764,-1.71324709038468,-2.18065914507312,-0.0137791883606696,-233.066187194477,6.73961803265979,-8.69180235394663,-0.906432752455989,0.255942923632542,41.9633379366108
-2.3013501117412,0.101567077477942,0.298374711554915,-1.71356057912353,-2.18046860676513,-0.0141168734466003,-233.092240214639,7.71688935402153,-8.58210211436494,-0.905593722463591,0.255584999687735,41.9817880325324
-2.30182286632109,0.100598212133033,0.298347392816876,-1.71391418136002,-2.18035281101109,-0.0144295314424487,-232.487606757403,7.10181779931918,-8.64002397893933,-0.90591225492472,0.255664790248742,42.0425432263279
-2.30229464403425,0.0996710242921282,0.298290775950926,-1.71425138532561,-2.18029457058844,-0.014714257480858,-234.192884599078,7.87540529498551,-8.83554227490532,-0.905799142558349,0.26002612264592,42.0374955069665
-2.30280103778241,0.0988758442584725,0.298268025972812,-1.71451729293187,-2.18026511859471,-0.0149803773927746,-233.150522156201,7.43323885554332,-8.63843243655387,-0.905931839422656,0.263080669297371,42.1175763179027
-2.30336482342423,0.0982657621698984,0.298312374653359,-1.71468249157858,-2.18025293453917,-0.0152222208602202,-233.802881256392,7.06849909658217,-8.75129389217827,-0.907291124673694,0.264283169731118,42.1121007402898
-2.30400146146585,0.0978800080047009,0.29844587276986,-1.71472695271248,-2.18024681757301,-0.0154381585068648,-234.142999555084,6.85347463079711,-8.70229669095056,-0.904653767836272,0.25862574829538,42.1289879889146
-2.30470787322154,0.0977093961891473,0.298653035234813,-1.71466478881359,-2.18024876086238,-0.01562108284735,-233.270873478712,7.63270668057498,-8.62679483662586,-0.904511935908425,0.253203424303445,42.1874536910405
-2.30547988057343,0.097727653458012,0.298908154439742,-1.71452157974763,-2.18025644951555,-0.0157699161431056,-234.974611425036,8.07658772842115,-8.75972397825191,-0.90408430033201,0.259221013353233,42.1511331141931
-2.30629264110007,0.0978662431065214,0.29915225141095,-1.71434969774494,-2.1802872155022,-0.0158735197908151,-233.328301282572,7.154238343629,-8.70624400207549,-0.906556707506873,0.26174618129838,42.2068584823318
-2.30711565129406,0.0980360327382286,0.299311052913848,-1.71421241892244,-2.18036505250155,-0.0159171146069773,-234.381337303996,6.96963319942324,-8.71518344302197,-0.90666542474717,0.26575349618077,42.1940412589757
-2.30792119362213,0.098142052938659,0.29931206611491,-1.71417682266187,-2.18050681132872,-0.0158939392949286,-234.372827480152,7.56253127504351,-8.62392770136594,-0.912826336258514,0.26280547914787,42.2229740435244
-2.30868652461723,0.0980953770827888,0.299089422759836,-1.71430234490231,-2.18072853940963,-0.0157962773852994,-233.871783229009,7.23599072923025,-8.50506024603285,-0.905902935168721,0.256504768792148,42.2883821000675
-2.30939310936016,0.0978343182612438,0.298599760578614,-1.71462736070708,-2.18103913442979,-0.0156243350994528,-235.635723133206,7.05593425103962,-8.76193141440726,-0.907633433008825,0.257757201914547,42.2919409865887
-2.31003509573535,0.0973251024421931,0.297825628551318,-1.71516829794308,-2.18143567192906,-0.0153851390721986,-234.456383507863,7.80855087951363,-8.75320012499029,-0.911245831382161,0.26052508565417,42.3730637608337
-2.31062158995834,0.0965612762436194,0.296775169867003,-1.71592186874685,-2.18190632521687,-0.0150874591635494,-235.444817117598,7.22059291427627,-8.84797879181676,-0.916504547968106,0.261282967910665,42.3701279077748
-2.31117225312439,0.0955853770261061,0.295497511660237,-1.71684995327128,-2.18242388306062,-0.0147528739753317,-235.488859973202,7.50973483672897,-8.76306958110538,-0.916492751832997,0.258941258335083,42.3898901488759
-2.31171683136042,0.094464615919529,0.294062250994199,-1.71789870718626,-2.1829493633153,-0.0144112284317111,-234.586611155967,7.88767327933306,-8.68285567767106,-0.912792359862163,0.255709138317458,42.4288083147891
-2.31229302525726,0.0933008451851265,0.292567712940563,-1.71898885970202,-2.18344091658518,-0.0140896695923875,-236.270870112104,8.09752085440141,-8.71519243362175,-0.915481230517705,0.262512010386626,42.3893209791206
-2.31293653096241,0.0922012154194647,0.291117367953782,-1.72003926136423,-2.18385658246457,-0.0138169522378812,-234.66836628849,6.79386048143488,-8.68622958305687,-0.911995503759846,0.26191691581826,42.4513820467391
-2.31368240998735,0.091285877865106,0.289823371550066,-1.72096169060726,-2.18415116750556,-0.0136266419491499,-235.645501185129,6.92232269381225,-8.72130354734594,-0.909574092683329,0.263508544333899,42.426496652283
-2.31455219015555,0.090648916150613,0.288775086966918,-1.72168733006073,-2.18429168663049,-0.0135442917561208,-235.6000025629,6.84375933417232,-8.79200533194009,-0.910714869055087,0.262029114268684,42.441770012181
-2.31555816069328,0.0903694370722441,0.288047652560892,-1.72215860273307,-2.18425493658918,-0.0135898516970889,-235.086526638769,6.70674715346399,-8.67812142923987,-0.909147199724689,0.256240213068709,42.5025271219749
-2.31669559892588,0.0904953797719177,0.287687458592305,-1.72234058985569,-2.18403505810123,-0.0137736676385854,-236.767542956524,8.09362038862173,-8.6891840093956,-0.910546650483521,0.25685298077653,42.521669412205
-2.31793549037614,0.091020741651695,0.287693558991968,-1.72223522044547,-2.18365310972181,-0.014088401712073,-235.788396177245,7.71114281778682,-8.80399674103262,-0.910770101015804,0.259793045460973,42.6156134862286
-2.31924538095692,0.0919060415616091,0.288037089633266,-1.72186809029407,-2.18313475757346,-0.0145218358264124,-236.69411839814,7.19080947777661,-8.88825768016653,-0.920777806125765,0.262406684007017,42.6133944770481
-2.32057885967248,0.0930819003722014,0.288661088863295,-1.72128466409269,-2.18252336053026,-0.0150497994756298,-236.842829372591,7.00950936791332,-8.90617139348336,-0.925683883690926,0.261465711101638,42.6377808537349
-2.32187759828515,0.0944400458572794,0.289474602273875,-1.72055523079767,-2.18188124045373,-0.0156309293005035,-236.121678813706,7.58878868654301,-8.80483844977704,-0.924122214875353,0.256585174971877,42.6849190515055
-2.32308166739179,0.0958598834484938,0.290373501446118,-1.71975607362904,-2.18127617706519,-0.0162175699199954,-237.62501826262,7.97248572711237,-8.87865964609668,-0.922785264413087,0.258731960460001,42.6538854419774
-2.32413814861427,0.0972163432228914,0.291250857721293,-1.71896581159165,-2.18077503745731,-0.016758126258007,-236.151233375372,7.22985363195471,-8.72230192464798,-0.918277028547792,0.263973630163228,42.7128640357475
-2.32500789470957,0.0984038315309075,0.292017085389695,-1.71824833067876,-2.1804325511616,-0.0172041577872681,-237.042387659796,7.20969072307093,-8.79952545141873,-0.914205925991211,0.268144241213925,42.6875295805651
-2.32566738671569,0.099346188884331,0.292605121843336,-1.71764657193529,-2.18029120880512,-0.0175135221309964,-237.130327537572,7.2800979981514,-8.70992524787033,-0.913181017148364,0.265158259083117,42.7047153950569
-2.32610733360456,0.0999811749407247,0.292962992745143,-1.71719503595929,-2.18037981337096,-0.0176487231358961,-236.393115191712,7.43776850282416,-8.60333738129142,-0.908321232385592,0.253771609249098,42.7762130631632
-2.32633920660643,0.100290095196067,0.293076642796571,-1.71690070589812,-2.18070196286661,-0.0175916491308921,-238.26721986015,7.60858455124867,-8.70952087050969,-0.912000209453558,0.258252082473746,42.7731375209574
-2.32639538644823,0.100295758589541,0.29296839898482,-1.71674519721254,-2.18123755503476,-0.0173400586215264,-237.050142859175,7.50387059616924,-8.87239783373278,-0.914339823690025,0.264705296230094,42.8677190420273
-2.32631727834181,0.100037540392698,0.292674929197384,-1.71670227940499,-2.18195193948188,-0.0169064070509573,-238.303891246953,8.11000848747562,-8.74843494181999,-0.917255708367213,0.269005296723744,42.8625911300602
-2.32615908341159,0.0995879930334702,0.292261140875355,-1.71672722699207,-2.18278891246148,-0.0163228579717384,-238.06172980603,7.64031483758026,-8.88987381761336,-0.925915494829607,0.267864324795552,42.8650536892514
-2.32597796581895,0.0990246148847032,0.291796777499775,-1.71677732876671,-2.18368805455676,-0.0156269292175502,-237.16175297472,6.9432899834037,-8.87856510632781,-0.93078532151797,0.263178879325779,42.8949547408269
-2.32583323714754,0.0984316236961877,0.291356322989483,-1.71680855530184,-2.18458052487031,-0.0148692969546199,-238.944764419648,7.92053600791587,-8.87498516181785,-0.92870102597268,0.260165908820718,42.8734399682824
-2.32577156133104,0.0978815880083133,0.291000980372554,-1.71678718612788,-2.18540799037845,-0.0140991821842466,-237.564137180497,8.21092686087036,-8.84416690367317,-0.923719263366753,0.263913475711842,42.9505367858919
-2.3258310325776,0.0974254472879466,0.290772143815586,-1.71669803248317,-2.18611736865974,-0.013368096016578,-238.628113303839,7.71664984516269,-8.87489693706357,-0.922566485227429,0.270046505806254,42.9370636196383
-2.32603550368896,0.097099234021103,0.290693797878727,-1.71653430107715,-2.18667225695877,-0.0127175719083801,-238.551073549636,7.99374575013053,-8.85629379615617,-0.919113775081629,0.265213624278123,42.9737944462535
-2.32639238714505,0.0969113541688671,0.29076308594229,-1.71630664369014,-2.18705878576486,-0.0121734679267285,-238.183238021014,7.91247254210271,-8.90601103200524,-0.917235217807506,0.255993682949439,43.044082926902
-2.32688915208136,0.0968564616955749,0.290961715641116,-1.71603263656621,-2.18728161218124,-0.0117525354659241,-239.761518949149,7.78519424614228,-8.92965344044839,-0.92043049554397,0.255015477403202,43.0401937296663
-2.32751003712934,0.0969183172731647,0.29126054212651,-1.71573460845105,-2.18735226878643,-0.0114660287731869,-238.535276403469,8.00125523332599,-8.87660720956291,-0.922328172206852,0.260757844870803,43.1148487713738
-2.32821719232574,0.0970518959732019,0.291603562051975,-1.71544927133375,-2.18731416451019,-0.011297983258275,-239.591487480425,8.09047778863805,-8.92159091338786,-0.930201720570062,0.266552731320154,43.1120699117958
-2.32897498482523,0.0972190284398433,0.291941603505929,-1.71520385761752,-2.18721101587922,-0.0112286598331928,-239.62081747661,7.58234285188064,-8.93260984832679,-0.93815897062938,0.273584511659451,43.123956736506
-2.32974322009977,0.097386068804882,0.292228866735835,-1.71501734527096,-2.18709544863775,-0.0112282900813146,-238.652554763909,7.24117039356565,-8.92764500885747,-0.938226712816838,0.268786785850485,43.1568676233032
-2.33047950986566,0.0975174955542144,0.292420265216675,-1.71490676047307,-2.18702425982539,-0.0112599847712209,-240.148804650991,7.55269040817143,-8.91858857376403,-0.93375849440313,0.260804807734964,43.1128812364854
-2.33115822796857,0.0975879332595877,0.292486015724288,-1.71488069211377,-2.18704033565493,-0.0112916572478388,-238.819356188057,6.97331427028416,-8.73121502111786,-0.927517706861521,0.254399910251805,43.1777547525737
-2.33176407480381,0.0975874918251947,0.292413041045786,-1.71493634262405,-2.1871749460175,-0.0112948808163549,-239.85445921715,7.78665604398361,-8.77106768363109,-0.92137454391763,0.260978698211449,43.1814324494497
-2.3322897512933,0.097516631302879,0.29220124981611,-1.71506182893077,-2.18745153982225,-0.0112442718285376,-240.115593320968,8.81726503163009,-8.90671993825299,-0.922937747848489,0.267602868718874,43.223019824613
-2.33274624764216,0.0973855518364211,0.291865181908302,-1.71524062166719,-2.18786977970199,-0.0111277333116982,-239.499750992731,8.23735369904784,-8.82040833780323,-0.924512184669966,0.266028547793049,43.2915751718263
-2.33315530943423,0.0972087567588975,0.291428258969346,-1.71545591283782,-2.1884200453584,-0.0109372642964844,-241.045590697167,7.99545794913934,-8.96626609358933,-0.928100709917656,0.261598923076768,43.2913194039673
-2.33355184600086,0.097023793295044,0.290936325587116,-1.71567818872875,-2.18906625484606,-0.0106876656405858,-239.98806676534,8.19349222301662,-8.89811732899224,-0.932509582796276,0.253438948248095,43.3640901913199
-2.33397878670143,0.0968594240297858,0.290431506460633,-1.71588556426539,-2.18976364121889,-0.0103970305670961,-240.84349689038,8.15333478548587,-9.02793643804287,-0.942559222890229,0.259868113722997,43.3474041969978
-2.33448596058484,0.0967499620279977,0.289962795018889,-1.71605443715172,-2.190454755291,-0.0100940075569718,-240.958490465888,7.55760925234927,-8.99686877159442,-0.947292827269014,0.266816486463019,43.3541862972411
-2.33511912661781,0.0967279282696794,0.289577665501187,-1.71616546917589,-2.19107713994039,-0.00981564668917786,-239.866925564725,7.3991154294406,-8.86821843826789,-0.94385464561139,0.27056959461562,43.4063157514213
-2.33592341364779,0.0968280898992386,0.289323993606906,-1.71619794614508,-2.19156703580828,-0.00960102525378307,-241.749686382711,8.24911706420471,-9.00597473202413,-0.943687856898856,0.267759161633176,43.3668869104937
-2.3369363376012,0.0970756763730023,0.289241317488813,-1.71613863092922,-2.19186339598344,-0.00949146444074194,-240.144151036558,7.68901582639069,-8.8562764099799,-0.939042710315012,0.260829817613836,43.4397490365314
-2.3381737288784,0.0974819694612581,0.289352129291465,-1.71598126702912,-2.19192667578795,-0.00951570082951261,-241.489254998056,8.37414136035272,-8.86870708266258,-0.929181289633816,0.259140405795086,43.44416371349
-2.33963681497827,0.0980490457743493,0.289668903208417,-1.71572465378919,-2.19173258970629,-0.00969481833005289,-241.467667121168,8.211264782547,-8.99104769325371,-0.926084183253764,0.259508740923631,43.4843476723353
-2.34131394442068,0.098767195954018,0.290190798094871,-1.71537302113045,-2.19127432677667,-0.0100379971225943,-240.817856632359,7.9990497883723,-9.01189222517627,-0.927953796470589,0.261116617409514,43.5397251703839
-2.34316742404872,0.099599152996122,0.290889895525656,-1.71494718039199,-2.19057385929751,-0.0105373639081593,-242.457089879495,8.23866842477423,-9.10225711283064,-0.939504423421558,0.264360797720366,43.518389152825
-2.34514446489514,0.100504303596049,0.291730757656438,-1.7144671175844,-2.18967078609573,-0.0111740789460797,-241.122762252709,7.72808516107943,-8.93785000594147,-0.943541834912785,0.265482992238492,43.5880529442479
-2.3471837123578,0.101431396228559,0.292667047679618,-1.71395671711017,-2.18862671645782,-0.0119089025688218,-242.296895564295,7.7288585602987,-9.06853371698028,-0.946868474486523,0.266085624603467,43.5857134898934
-2.34920946078351,0.10231789513645,0.293638839529233,-1.71344492184006,-2.18752483908397,-0.0126867155172962,-242.28627618034,7.53921332665823,-9.10634040850721,-0.949803100020234,0.26750880002333,43.6114877393824
-2.35114541582696,0.103097305779352,0.294581675455899,-1.71296394706336,-2.18644975912111,-0.013451969100203,-241.513244646361,8.00800566677094,-8.9423088283433,-0.950066980280396,0.269492280084928,43.6537153752911
-2.35292365744915,0.103718302479265,0.295443320614511,-1.71253660883184,-2.18548336738929,-0.0141467737992875,-243.018832700573,8.12542667836806,-9.05557081007106,-0.944573626204927,0.26884404130087,43.6235575210713
-2.3544900273655,0.104138893477383,0.296179880800553,-1.71218045760365,-2.18469953436653,-0.0147150262509154,-241.672930299582,7.33594036447334,-8.98180853198639,-0.936430717178018,0.264120328281954,43.6911198704103
-2.35580514395567,0.104331863365269,0.296760577175069,-1.71190537195833,-2.18415667562338,-0.0151105999119077,-242.604593070284,7.91185536620242,-8.9529765237059,-0.933126933178631,0.261401811551466,43.6914254790338
-2.35684795646534,0.104291996158514,0.297173994343336,-1.71171118204891,-2.18388854598249,-0.0153067601432548,-242.883021951991,7.20986879106067,-8.98244884367156,-0.934471246742886,0.261672430609482,43.7236311923832
-2.3576269686287,0.104034690908975,0.297430120871603,-1.71158858691018,-2.18389775456095,-0.0152955265246852,-242.265010967884,7.55217744582887,-9.06164380330276,-0.938320041649686,0.262950747371552,43.786571537913
-2.35816914233057,0.103601993306651,0.2975628399162,-1.71151540942652,-2.18415910713129,-0.0150920263770686,-243.860580468322,8.03326888214519,-9.09485389346085,-0.94613536189422,0.26686564688561,43.7762632150931
-2.35851134831602,0.103039073969223,0.297610272049215,-1.71147331003448,-2.18462941125655,-0.0147298903847019,-242.77720107571,8.39228499616638,-9.07808665756212,-0.947673423940001,0.267600032460546,43.8463426831578
-2.35870915794636,0.102406890382788,0.297626652900264,-1.71143582774442,-2.18524187039152,-0.01425790929034,-243.520293585772,8.81812891957588,-9.05386306231674,-0.954548713068983,0.265562764512523,43.8439741626216
-2.35881954720691,0.101752262245304,0.297656755012272,-1.7113906268845,-2.18592254504092,-0.0137355063429975,-243.726772697242,7.63969891558577,-9.21134845129899,-0.958575669551668,0.269356745679369,43.8637285781826
-2.35890173125638,0.10112080846903,0.297745507999284,-1.71132757800283,-2.18659079360879,-0.0132274527235274,-242.9321633441,7.44929387532511,-9.0562102707579,-0.953950076745838,0.268316155461137,43.9096994275036
-2.35899538703205,0.100536083529391,0.297915398909552,-1.71124909585961,-2.1871871317282,-0.0127865556003063,-244.362530453349,8.15440087242064,-9.14576653925241,-0.952261353025534,0.273223128610106,43.8735450698198
-2.35912960333472,0.0999935638730776,0.298165534661265,-1.71117596594081,-2.18766479360895,-0.0124570034231509,-242.966129853015,8.32966487035333,-9.00944894196078,-0.94499687909703,0.267322696552156,43.9434301542402
-2.35932305094374,0.0994732372935196,0.29848119625484,-1.71113561117339,-2.18799336936685,-0.0122672633846465,-244.098334492395,8.83821685725002,-9.0025315524378,-0.937260266045945,0.264411136753066,43.9519481950329
-2.35958058469744,0.0989553595884143,0.298842218316717,-1.71115006955394,-2.18816255876318,-0.012230988628619,-244.51196492057,8.71744253704514,-9.05183417931482,-0.936987089535872,0.26318345986303,43.9884699000857
-2.35988751869616,0.0983947227723867,0.29920448552285,-1.71125384197475,-2.18818972084452,-0.0123383372595434,-243.708018096847,7.86748081052087,-9.01698465410547,-0.939416671974988,0.265300991945692,44.0572794955762
-2.36022179101524,0.0977397889906442,0.299515461909724,-1.7114823912315,-2.1881063880732,-0.0125669662508056,-245.315872498627,8.07014524822307,-9.25750362141045,-0.945113093505049,0.26863336843154,44.0330478099687
-2.3605599171966,0.0969565235401166,0.299733733387014,-1.71185431632929,-2.18795161804426,-0.0128852830893835,-243.773112703306,7.67120504276022,-9.05695345076555,-0.952365164068619,0.264349737002234,44.0886313779938
-2.36086902183986,0.0960059954389454,0.299809451440961,-1.7123867463896,-2.18778473127531,-0.0132427537515062,-244.71131699542,7.77384586887433,-9.13794778270446,-0.955802846156708,0.265997185987198,44.0718039198242
-2.36113742835938,0.0948970042792041,0.299732741377814,-1.71306469739871,-2.18763916013149,-0.0136065479718333,-244.910811528305,8.38328458287606,-9.20248283046826,-0.957961809596432,0.267668513737726,44.0927828363603
-2.36135873927469,0.0936568434773548,0.29950842040832,-1.71386056036511,-2.18754661638452,-0.0139419668095208,-244.18480062776,8.4312843734765,-9.17400292098176,-0.954909668506204,0.268116330179678,44.1547379802562
-2.36153848040934,0.0923397355500306,0.299164003396991,-1.71472720061309,-2.18752576726747,-0.0142236640459471,-245.806926345392,8.75881727034903,-9.20236471354434,-0.950479784295646,0.272005509613259,44.1376156712919
-2.36169142993308,0.0910192102974143,0.298743243447437,-1.7156046362947,-2.18758527424584,-0.0144339017599039,-244.642476496076,7.72097276738509,-9.10375235101657,-0.951038085546062,0.266534836639221,44.2136468347919
-2.36184562962827,0.0897818303367028,0.298304032640974,-1.71642748415693,-2.18771342287264,-0.0145705592473258,-245.853099924324,9.15571995150572,-9.02408898607789,-0.948477778606184,0.258777191092966,44.2068347070634
-2.36203315508947,0.088721464688172,0.297912867076221,-1.71712692668252,-2.18788868975882,-0.0146421509505809,-245.757170367133,8.68570834829802,-9.24793413567764,-0.947943211112902,0.262924538039462,44.2349009880445
-2.3622874772603,0.0879167478138765,0.297626623805456,-1.71764465177222,-2.18809075225392,-0.0146523653500848,-244.890823926862,8.53424662395605,-9.10185289845799,-0.952821067201821,0.262758269919783,44.2846832994039
-2.362633634512,0.0874286116546212,0.297489995578774,-1.71793545226785,-2.18830017405579,-0.0146098186383469,-246.529141596147,8.82378917325173,-9.08759358188496,-0.959902106565744,0.272121872177377,44.2451197774512
-2.36309229000053,0.087296238338828,0.297533095169249,-1.71796984774497,-2.18849860347705,-0.0145238770286361,-245.007266647225,7.90469778254169,-9.03416606680898,-0.96233556735793,0.276304388859069,44.3066063449599
-2.36366668753937,0.0875242470613813,0.297758092732813,-1.71774253831067,-2.18868406554896,-0.0143940524421872,-246.31309511025,8.53729031491434,-9.19989067384958,-0.966432953925306,0.274130908658169,44.3053833847843
-2.36434692857936,0.0880819871388621,0.298140378465615,-1.7172723717019,-2.18886613470604,-0.014214308142942,-246.351858975801,8.54140405701105,-9.21765323159357,-0.964011294250233,0.268098930503697,44.3445240182878
-2.36512042426554,0.0889211799720684,0.29864318584431,-1.71659146770518,-2.18905593861608,-0.0139764848583477,-245.80134580201,7.61098391401242,-9.06868516368613,-0.95695524419025,0.264397852137416,44.4052059674718
-2.36595607440349,0.0899619023665359,0.299204454339995,-1.71575680416481,-2.18927441511509,-0.0136732515112303,-247.099514488901,8.2106423800351,-9.23004158903441,-0.95770903685,0.265897474386416,44.3964383675525
-2.36682590161755,0.0911229302528866,0.299763775359856,-1.71482725537256,-2.18954020519081,-0.0132977573748591,-245.865309057062,8.7111550809575,-9.18600381233247,-0.953837346605069,0.267658751161058,44.4693951168908
-2.36770457972484,0.0923124603185013,0.30025532077135,-1.7138735794201,-2.18986575907979,-0.0128503268952692,-247.037632920708,7.68519312329136,-9.21624489671294,-0.956754286642252,0.269736640799715,44.4618874565654
-2.36856992158092,0.093455789336014,0.300628452684976,-1.7129568949958,-2.1902556545206,-0.0123408953199,-247.303063027604,8.05596171597995,-9.19245473985299,-0.957002596815584,0.266734203638843,44.4892367614669
-2.36941318967894,0.0945019593205796,0.300854393081057,-1.71212450713928,-2.19069574016945,-0.011793353976601,-246.462288363907,8.14828448967819,-9.19677547623129,-0.95925322533437,0.268264610026413,44.5333649095032
-2.37023214971544,0.0954153414952259,0.300919218094971,-1.71141478964896,-2.19116746746497,-0.0112348922737021,-247.885414065651,8.06762102659354,-9.1262123680975,-0.962296366317422,0.269629025459108,44.4996670185103
-2.37103658792321,0.0961955162843786,0.300839183197748,-1.71084375878356,-2.19163675598467,-0.0107044770786625,-246.475589405483,7.26919963940077,-9.06759797109333,-0.963353999001266,0.264607898679931,44.5649834758616
-2.37184622619485,0.0968555359601542,0.30064342127687,-1.71041493348282,-2.19206030278907,-0.0102456554786138,-247.651638949938,8.65211338039671,-9.14241617351661,-0.963764078703949,0.266693801211469,44.5727545104496
-2.37268965510292,0.0974227646282841,0.3003740840887,-1.71011865379616,-2.19239395564308,-0.00989540765934471,-247.914800521208,8.8940162575409,-9.0958819535185,-0.963761352757801,0.267817364525003,44.6133777314739
-2.37359583643765,0.0979271902786376,0.300075889989289,-1.70993933737761,-2.19259733891593,-0.00968442907423187,-247.159410031501,8.40571404708794,-9.10219500115636,-0.958609734131089,0.264912972017204,44.6728736776168
-2.37458864715181,0.0984101807982452,0.299799590187764,-1.70984666064963,-2.19264375059751,-0.00962850018187979,-248.725725866273,8.62834039684572,-9.32602464958092,-0.96084382493544,0.266972609317388,44.661216187143
-2.37568832842747,0.0989040500534575,0.299587161128798,-1.70981134901895,-2.19251441804801,-0.00973361876403118,-247.575175206679,8.38443826288312,-9.40261598503724,-0.96124216433986,0.266313958118784,44.7301621169762
-2.3769020675176,0.0994136552166953,0.299456775028418,-1.70981641616144,-2.19221538488528,-0.00997997403714867,-248.381087583563,8.49869528232466,-9.22501603067781,-0.964734144978179,0.261693032643666,44.7289590458467
-2.37822351735742,0.0999435640722162,0.299420849760931,-1.7098402955971,-2.19176770766672,-0.010337728340759,-248.933178285858,8.42397007791169,-9.27855407489426,-0.967040813956982,0.268437472738614,44.7417861758928
-2.37963610773906,0.100475188158082,0.299469397218646,-1.7098747055928,-2.19120832241463,-0.0107626343847201,-247.644069442656,8.65633369986108,-9.2532948949906,-0.968681577058185,0.268532860687034,44.7934123046717
-2.38110696581314,0.100971401721296,0.299573913599591,-1.70992414447348,-2.19058739256354,-0.0112042051821459,-249.349041574154,9.37180289691923,-9.28591796752852,-0.972609497397946,0.272359520753888,44.7640705226877
-2.38259924135379,0.101389153004003,0.299698158808685,-1.70999913096405,-2.18995502375732,-0.0116141351632553,-248.011228926213,8.66176235391276,-9.13058230140629,-0.970997952857392,0.2697491269914,44.8384204050536
-2.38407182021676,0.101685167672018,0.299803267317731,-1.71011361817921,-2.1893612001225,-0.0119484068846116,-249.275446575332,8.71227318714728,-9.22866284362021,-0.969839210098431,0.267001424786722,44.8287992781571
-2.38547948862977,0.101824895886109,0.299852784465188,-1.71028121397265,-2.18884914618889,-0.012176747762198,-249.290758631173,8.43022803860345,-9.23081200134365,-0.967656387108748,0.269335535500459,44.8540105379068
-2.38677769251815,0.101782393705488,0.299815590760144,-1.71051348323967,-2.18845665679971,-0.0122775125167942,-248.437054673257,8.35905849530741,-9.11084849618766,-0.963391678724159,0.266586276214232,44.9125913074365
-2.38793200655943,0.101562788827916,0.299686716453516,-1.71080937313239,-2.1881943701145,-0.0122573833426418,-250.226166720455,8.7565317666747,-9.31788346769176,-0.96639556822546,0.268956324031765,44.8765972520636
-2.3889207655246,0.101188200917795,0.299474831499317,-1.7111613134337,-2.18805564251928,-0.0121381123154144,-248.443182983505,8.3643253001967,-9.25548333795314,-0.968121111472892,0.269873254938703,44.941855353596
-2.38972824745176,0.100704651739118,0.299206495372474,-1.71154709458528,-2.18802357534303,-0.011952240241983,-249.924236409199,8.91994826840732,-9.29918847780138,-0.968555696845681,0.270294104926052,44.9178018427854
-2.39034336389119,0.100163769187056,0.298912838479272,-1.71194212305293,-2.18807630109707,-0.0117378336803973,-249.595046280349,9.04371084787772,-9.24719559093495,-0.970027452012737,0.270890434931441,44.9454546559449
-2.3907673024017,0.0996294056491198,0.298636450242636,-1.71231340218484,-2.18818503685852,-0.0115346037289498,-249.021195498443,8.27093387359287,-9.22073377505006,-0.969956987466142,0.27027922925595,44.9732403132013
-2.39101054662814,0.0991729403143911,0.298427090834151,-1.71262004745281,-2.18831766408597,-0.0113786130558377,-250.353072055014,8.34528122790039,-9.276933271367,-0.970882863225263,0.274427851391996,44.9285314576015
-2.39108365766038,0.0988462377335164,0.298318991827274,-1.71283273711077,-2.1884521333855,-0.0112967445716595,-248.554105892399,8.46321460121771,-9.13798887239523,-0.971351384881193,0.267618478531789,44.9873673716425
-2.39100556190405,0.0987042489254097,0.298349380555861,-1.71291421748971,-2.18857014138669,-0.0113039788213503,-250.33087681296,8.67842107687625,-9.38030464162645,-0.967468913280566,0.268006803388275,44.9469109561551
-2.39079404456885,0.0987675709853324,0.298529237517581,-1.71284914835695,-2.18866851134113,-0.0113985054636935,-249.241071792645,8.48703939244706,-9.24149459607844,-0.966783375785808,0.269962851754011,44.9739359585584
-2.39047560774066,0.0990367678020903,0.298857526854973,-1.7126354699118,-2.18874373825824,-0.0115728508053938,-249.35804720222,8.47408458880363,-9.1904728029956,-0.96573805732144,0.268022684786111,44.9808499119797
-2.39007663573954,0.0995005697147118,0.29932456825904,-1.71227698617903,-2.18880007717704,-0.0118095130463578,-250.463546830849,8.63295867182774,-9.2675299578336,-0.967794618762792,0.269332554212265,44.9679300410318
-2.38962563628887,0.100131925074539,0.299909411155277,-1.71178900291713,-2.18884331537445,-0.0120876711465708,-248.944223833332,8.30488316018318,-9.18375187524663,-0.964975231118697,0.267929346577453,45.0250046286815
-2.38915292496419,0.100894389867076,0.300585836750309,-1.71119572492039,-2.18887660825587,-0.0123887243563929,-250.825833421392,8.99551124424943,-9.36657948948607,-0.967163943348752,0.270188144412958,44.9643019138179
-2.38869204048375,0.101742693628557,0.301322679641356,-1.71053079990174,-2.1888990762409,-0.0126954927092307,-248.934534727187,7.58673746496424,-9.20987011578504,-0.977099414579556,0.271029260775985,44.9861177573958
-2.38827726452229,0.102649890935734,0.302104926220911,-1.70981872906307,-2.18889679866983,-0.0130056751743368,-249.8818366167,8.49051442937002,-9.39942813013363,-0.966956780068324,0.268703150571557,44.9573976407561
-2.3879365690432,0.103589486592087,0.302916440761606,-1.70908591673335,-2.1888536035153,-0.0133238373159855,-249.762343111073,8.78347391621378,-9.47325272239198,-0.969282155427217,0.26861155008705,44.9520494333829
-2.38769662449254,0.104548954519212,0.303752563001931,-1.70835146532963,-2.18874642429119,-0.0136631231880584,-248.969665614029,8.25778999574231,-9.27942692708081,-0.966861375317198,0.27506840941983,44.9631684988057
-2.38757273738483,0.105514828446507,0.3046059208532,-1.70763476827164,-2.18855817642379,-0.0140344091133831,-249.934718031858,8.5746529114092,-9.29269343350603,-0.967359964470265,0.271633059160555,44.9328069293667
-2.38757916487026,0.106489607943278,0.305480777926858,-1.70694345221226,-2.18826326764974,-0.0144595928755695,-249.146118090519,8.52183364620055,-9.21465825248995,-0.963513502521474,0.265654783362275,44.970805990545
-2.38771870291143,0.107468981831387,0.306373726408451,-1.70628579983149,-2.18785434494978,-0.014944064781785,-250.02117488735,8.73826015522172,-9.29945634421676,-0.962021602789029,0.265868620542754,44.9579765873817
-2.38798673818688,0.108461184029256,0.307289609391053,-1.70565818437667,-2.18732513861734,-0.015497016019349,-249.554943757655,8.45512484119877,-9.17739954330426,-0.96952496236327,0.264865866893372,44.9618490999504
-2.38836213801023,0.109450484034184,0.308210916208481,-1.70506930541995,-2.18669199840814,-0.0161099273717872,-249.401026222993,8.54104023781861,-9.30322081672594,-0.964442609099624,0.264545972454201,44.9673785790064
-2.38882436220553,0.11041621516155,0.309115585697037,-1.70452652841813,-2.18597602180716,-0.0167680779516216,-249.909917241468,8.85706590836503,-9.33379805833027,-0.970360716107184,0.271302660380676,44.941822874291
-2.38934462532434,0.111326256268296,0.309972846802042,-1.70404284894482,-2.18521168904328,-0.0174468803852731,-249.034555145531,8.71975934899274,-9.20815799663558,-0.969504557452809,0.270504553899036,44.9393036541679
-2.3898911582229,0.112129906810933,0.310737224781301,-1.70364057955979,-2.18444544080573,-0.0181077056808035,-249.463365876928,8.12508247902065,-9.21608019055245,-0.970316601139301,0.26947775664734,44.9097836408666
-2.39043510603416,0.112772891292558,0.311362335205897,-1.7033433637091,-2.18372161036953,-0.0187135860279695,-249.447730210073,8.23726160920842,-9.23466828599894,-0.967495874564319,0.269584483377416,44.8982357009552
-2.39094663215738,0.113195890115168,0.311799775643731,-1.7031792014535,-2.18308908887929,-0.019224155383146,-249.117789908171,8.66052862270794,-9.31020877880499,-0.959529199628682,0.269792261980046,44.9080358308424
-2.39140452495907,0.113355379616118,0.312015310303445,-1.70316736112029,-2.1825844343935,-0.0196087308760176,-249.375675617466,8.57830274459161,-9.35303949023233,-0.963444346740487,0.270778615722788,44.8860990284615
-2.39179462698391,0.11321964032634,0.311987589954182,-1.70332091877423,-2.18223353217143,-0.0198457702559172,-249.038904007324,8.2739554033526,-9.2311837366484,-0.960812466335698,0.268665559105891,44.8975444944967
-2.39211150928023,0.112775016403749,0.311710793795009,-1.70364246914117,-2.18205214863679,-0.019919389465548,-249.31520562465,8.46987009297845,-9.2645389455916,-0.962144916823041,0.264657762140644,44.899105318124
