disp_x_mm,disp_y_mm,disp_z_mm,Rx_deg,Ry_deg,Rz_deg,Fx_N,Fy_N,Fz_N,Mx_Nm,My_Nm,Mz_Nm
-0.918202710196429,0.0264754011013038,0.177497507967487,-0.880018743589973,-1.96515146205199,0.941475057196297,-1.867571328206,1.12409407042492,0.0756209024536076,0.00227195045160045,0.0367721630874231,-0.0813266973536284
-0.91846356802804,0.0262896835477022,0.177222611312544,-0.880090948880633,-1.96545051142846,0.941975696526196,-0.438106670703519,0.447665306667432,-0.0400098349236089,0.000790799423161737,0.0392639212856883,-0.0267040782725725
-0.918825889948175,0.0263787904035562,0.177118936174253,-0.87998991140503,-1.96562309984181,0.94234661955766,-1.32730389668279,1.18909916437337,-0.0597882699782986,-0.000501652085104887,0.0413475106219413,-0.0667487941129488
-0.919290576195612,0.0267500995928396,0.177194444422452,-0.879715678647948,-1.96564137328409,0.942543010831835,-1.20850615634538,1.02098428698423,-0.0231658780173234,0.00157099211015987,0.0424943403179333,-0.0894327950212022
-0.919849910701142,0.0273690608174517,0.177428475246258,-0.87929875299161,-1.96549132735164,0.942534946372333,-0.313676862171292,0.513320772328598,0.106119762155146,0.0121658374430971,0.0407229826562693,-0.0622499794982434
-0.920493585492193,0.0281854458502258,0.177790144504893,-0.878777296414741,-1.96517254615282,0.942310889509532,-1.88320648555128,0.856058315627024,0.0166354283434202,0.0146341703689314,0.0392985059148084,-0.0898965735872745
-0.921201061992299,0.0291275823922419,0.178234040730259,-0.878201238456699,-1.96470460132154,0.941881140498647,-0.379273397916052,0.590592866879433,-0.0253889253959017,0.0143220911541224,0.036381397203389,-0.0253668735250887
-0.921959234067164,0.0301223300335733,0.1787136792395,-0.877619686223773,-1.96410519539816,0.941261605925205,-1.4004756922115,1.16836579853839,-0.0767299577335621,0.000928093073459202,0.0388857054439589,-0.0639811405471988
-0.922747431441426,0.0311021816452026,0.179186361235472,-0.877076283277823,-1.96340332490342,0.940480902740374,-1.25616183678892,1.5876511873696,-0.0997348647135823,-0.00323064533654227,0.0426580765981366,-0.0538333238223814
-0.92353850888791,0.0319992785705319,0.17960835347993,-0.876612487546069,-1.96264223665826,0.93958574226148,-0.474674696609782,-0.326755072457445,-0.0355656988228361,-0.00095516297095255,0.0445033681993883,-0.02401270228115
-0.924306660764208,0.0327644749294347,0.179948350322274,-0.876255671944293,-1.961861377746,0.938619985726437,-1.82549283754736,0.563057656359206,-0.0584702438308398,0.000619027203230704,0.0394208672963089,-0.0699455129850155
-0.925028855985038,0.0333638706793131,0.180185208739333,-0.876021276164921,-1.96110141535417,0.937633796173061,-0.560112613259264,1.41436603544048,0.0486861430740078,0.0112170953647084,0.0307920932003293,-0.0175083340183848
-0.925681277819628,0.0337852284581777,0.180311574636889,-0.875909560717718,-1.96040199124142,0.936674937034684,-1.44272793841196,0.556097348650837,0.0822508803975097,0.00767201691627539,0.0358445648548171,-0.0519725440163636
-0.92623439720318,0.0340335458339762,0.180330846441351,-0.875908658979666,-1.95980053081976,0.935786278511792,-1.35789077034298,-0.456583645129513,0.00280370192496093,0.00202684516760332,0.039292167846664,-0.0505308392913015
-0.926666016587503,0.0341247592952012,0.180254069120745,-0.876001026044771,-1.95933226906691,0.935010937572816,-0.847212184346404,1.25646949341035,0.00584577836977473,0.000329398380228607,0.0410961209708312,-0.0352033425560085
-0.92695624704158,0.0340888879828931,0.180101337716668,-0.876160830138918,-1.95902113672597,0.934377641743047,-1.32080615622897,0.23389938378773,0.0157990579697866,-0.00545569100753651,0.0472925308547427,-0.0681305673060741
-0.927083534178554,0.0339673979062605,0.179899782347122,-0.876354324776613,-1.95889010688346,0.933908870565147,-1.03549898887957,0.406790187389106,0.0532465839006591,0.00621709800699133,0.0407717916568356,-0.0336165673552777
-0.927033835950077,0.0337796212934807,0.179662686303595,-0.876566625501448,-1.95895738977686,0.933624994691659,-0.866865600543065,0.432655684059455,0.0954272489220216,0.0100449087354035,0.0364101049460649,-0.0345944197120058
-0.926810109993707,0.033575053856711,0.179424795455857,-0.876762268252016,-1.95921304345715,0.933517477990727,-2.10314535038782,0.932241878047762,0.0360089482306591,0.00810662010251129,0.0344477248505329,-0.0442107651426658
-0.926414156821305,0.0333828783185428,0.179207050693896,-0.876920432982347,-1.95965245017857,0.93357944211636,-0.320320684179933,0.80505586480831,0.0494440851441027,0.00730609718751429,0.0341317318355737,0.0276735637405201
-0.925859302829071,0.0332223860459546,0.179025306264276,-0.877028772388465,-1.96025597098036,0.93379072455332,-2.42760135005625,1.15224089583603,0.0108578147880394,-0.00380006123689736,0.0409433208093747,-0.0474072969424726
-0.925178746113563,0.0331170855461735,0.178900903254323,-0.87707212396347,-1.96098304857332,0.934116183107035,-0.443537965805888,0.214755597412477,0.0577750331794391,-0.00226652108800796,0.0489676169518235,-0.0116632366753309
-0.924408774741002,0.0330790828739236,0.178847386234969,-0.877042798655979,-1.96179530008536,0.934523911303555,-1.2061491845389,0.567404912672146,-0.126688748625185,0.00050030252723765,0.0449793941162316,-0.0589532628963525
-0.923591280336949,0.0331037363957876,0.178868741222658,-0.876944961705654,-1.96264343676019,0.93496924773793,-1.55681204255728,0.752260701475507,0.0394047061334675,0.00958815411000424,0.0400352286761146,-0.0758523235592472
-0.922777672783763,0.0331870150584503,0.17897005846903,-0.876781942259714,-1.96346916605645,0.935404325264587,-0.288147684312378,0.41363612057944,0.025493095679991,0.016246723240561,0.0328370093550762,-0.0263905946780403
-0.922014493897959,0.0333110563425318,0.179145974901095,-0.876565830688217,-1.96421892134511,0.935783944312646,-2.3338946590834,0.816935666691279,0.195664029469185,0.00986347884377814,0.0355138253532737,-0.0684690295494339
-0.921344510870537,0.0334457956739458,0.179381563762562,-0.87631772124511,-1.96484802355203,0.936072678829791,-0.606882903487872,0.714132243598215,0.02065796410551,0.0051560665239756,0.0364095449020123,0.0120994872245501
-0.920798231547112,0.0335693441814229,0.179665156286536,-0.876052878134716,-1.96532456714973,0.93624418747744,-1.58604867685773,0.197170757586264,-0.0434944289130783,-0.00424700818129775,0.042097763659693,-0.0311442028432314
-0.920396088567337,0.0336530740078063,0.179979043858334,-0.875792878396966,-1.96562644664546,0.936279714676547,-1.25963872553041,0.413253563986245,0.0473001312779786,-0.00112657591432308,0.0464694500761248,-0.0452681602269402
-0.920146198461073,0.0336678333631282,0.180301774818232,-0.87556033166995,-1.96574645888358,0.93617273331491,-0.456536311011519,0.311222306968602,0.0114471789692914,0.0089868541055198,0.0415162233502624,-0.0428506668513937
-0.920043996956201,0.0335960642941524,0.180615876650037,-0.875370856104627,-1.96569437078503,0.935931549571005,-1.8557338852728,0.559109410290375,0.0861330191238494,0.0118766657602873,0.04098322777221,-0.101958819273688
-0.920072080360344,0.0334306945056451,0.180908248126484,-0.875234935703517,-1.96549070894238,0.935569649948232,-0.310225943392311,0.984748240966837,0.145080975470989,0.0142360462890232,0.0306517529133366,-0.0221516667204376
-0.920204426708135,0.0331822731659548,0.181175280888727,-0.875151924295143,-1.96516663435237,0.935108740174305,-1.40275219425791,1.12420147430453,0.0586499678760504,0.00905768444806654,0.0324735970678934,-0.0557232584376837
-0.92041378990852,0.032870254822762,0.181419034942217,-0.87511681715927,-1.96475807391834,0.934576700070403,-1.29250230562445,0.129602590279092,-0.0348412126046185,-0.00336861369743957,0.041385149010754,-0.0667880270148848
-0.920680091979567,0.0325306920746327,0.181652154474365,-0.875112916911643,-1.96429019276217,0.933991992859957,-0.311119013485495,-0.0497751703480844,-0.119109095629568,-0.00620520042827311,0.0467245073178234,-0.0293441535435517
-0.920977169664743,0.032210143390687,0.181894616601639,-0.875117131359397,-1.96379521109999,0.933378113909466,-2.05097842327467,1.12353323293587,0.0727255414033721,-0.00113965699774354,0.047740311817727,-0.0657213791051947
-0.921290801069673,0.0319457507806273,0.182162468074281,-0.875111028898467,-1.96329812498242,0.932756992350228,-0.5453484000912,0.428051839665159,-0.00634537947851754,0.00477233832139357,0.037349947009458,-0.0226911178356537
-0.921618236354185,0.0317734286622375,0.182472293088591,-0.87507529216197,-1.96281521062516,0.932148112397225,-1.38358630075663,0.312900297311899,0.0450211724343319,0.00567964114463759,0.0310369513737883,-0.0453915955549697
-0.921963258828103,0.0317262611655424,0.182841299184393,-0.874989814627684,-1.962351807949,0.931560728467613,-1.25233455540979,0.99086596171378,0.293846683038879,0.00694823010275014,0.0302321246493431,-0.0330268399016362
-0.922334020207805,0.0318137497551616,0.183273344666528,-0.874847120049607,-1.96191179271588,0.931004521066009,-0.665405204399917,0.372103830485685,0.00546161627949004,0.00174682407725024,0.0397023918872999,-0.0449746449678905
-0.922742391784,0.0320200342951971,0.183756318714642,-0.874656027591076,-1.96149719852396,0.930491327078682,-1.28460581002867,-0.491163395138074,-0.0953404996197946,-0.0064038690781647,0.0479486706746678,-0.0926848783373693
-0.923203648767521,0.0323291014449669,0.184279089981794,-0.874421439121881,-1.96110397800684,0.93002633354322,-1.04359138980499,1.24002592178431,0.0958066384393419,0.00538121141563463,0.0457710044093054,-0.0302358077441629
-0.923724721802925,0.0326990341225191,0.184814095965673,-0.874163585022878,-1.96073639601438,0.929620199781598,-0.912646861435803,0.491434769502575,0.0315116547429568,0.00852746906854618,0.0385390570495449,-0.0288323815442464
-0.924312399680638,0.0330758665528785,0.185325474219787,-0.873911813627897,-1.9603940337206,0.929278096531905,-2.01454701194797,0.534482467965972,0.0717371770485897,0.00202704216648986,0.0313431341988955,-0.0517499171550924
-0.924957652847583,0.0334056848925135,0.185775418797026,-0.873694445089834,-1.96008995176373,0.929012401148101,-0.272348060154798,0.973704383795393,0.110179152545726,0.00710113845252636,0.02784006709288,0.0188602189299516
-0.925642963047194,0.0336200673929286,0.186115455171389,-0.873551963304747,-1.95984154463444,0.928834957978438,-2.53595017345441,0.718249195335602,0.133014276574556,0.00566129677199001,0.0376258246668236,-0.0666092665084643
-0.926354556800087,0.033685932280517,0.186321006581423,-0.87350311607147,-1.95965128368497,0.928740064383286,-0.214877935918253,-0.329800699009184,0.0245735554340456,-0.000319547013493349,0.0471237425589089,-0.0182330459858036
-0.927061338393906,0.0335639355187904,0.186361763069313,-0.873573597573404,-1.95954072728642,0.928736455135969,-1.691104528643,0.57283441571326,0.0580076009302672,0.000228785772708573,0.0454744271618352,-0.0414646412570265
-0.927731364115949,0.0332324485340898,0.186218830299926,-0.873780056146754,-1.95952271805263,0.928821378540104,-1.25382759677456,0.924861412560404,0.164026313382095,0.0062709585436127,0.0425180243585824,-0.032715476249328
-0.928337811914409,0.0327002420209341,0.185894092732487,-0.874121011568736,-1.95960219549446,0.928985348980843,-0.612056251825663,0.53832047450851,0.0926770245669104,0.0132886628811928,0.0358310346984275,-0.0170252834777025
-0.928850682308143,0.0319924530354632,0.185401731884588,-0.874585317306211,-1.95978696150805,0.929220679763237,-1.93396030960122,0.463089680408757,0.0257313493681295,0.00869825758466281,0.0355662590313079,-0.0555508825889421
-0.929250212438678,0.0311547279007245,0.184771092530325,-0.875148907280673,-1.96007284440371,0.929511897856822,-0.949385533004488,0.7203807257672,0.155592034472079,0.0109611171515653,0.0357935250692636,0.0143799783066338
-0.929523712913576,0.0302355416841591,0.184034223487938,-0.875784910354809,-1.96045481163422,0.929847535499806,-1.57682544322421,0.0423430593436933,-0.0697685127791488,0.00286560917327483,0.0414426062176002,-0.00559947161103391
-0.929671501981833,0.0292926023799831,0.183232388115493,-0.876456772538632,-1.96091738976023,0.930211249433609,-1.92739675006965,0.746894400234851,-0.0305981519294107,-0.00623321048329206,0.0444106697475383,-0.0149028595882013
-0.929698435847468,0.0283852678845991,0.182408668906549,-0.877125888374988,-1.96144471673903,0.93058984226499,-0.556642713677888,0.830858361040782,0.0170198857053094,-0.00349148225431239,0.0380935064578697,0.021425942212471
-0.929616840203974,0.0275724693722639,0.181608187464413,-0.877751736431202,-1.96201695709423,0.930967390160916,-2.30341321297664,0.192790098927617,0.115427081647852,0.00156973450202447,0.0405626946033339,-0.0503468487969991
-0.929447386255871,0.0269046743374135,0.180871749621109,-0.878295529697812,-1.9626124685779,0.931332330955727,-0.494378743995981,-0.0369287505895954,0.0807142881538709,0.0101194794061934,0.0389482253213524,-0.00437693204919043
-0.92921947798703,0.0264162902477683,0.18023041371264,-0.87872762332646,-1.96320609153977,0.93167222350945,-1.77511110725419,0.0973871377286741,0.066758876632008,0.0108769152586587,0.0345031117525582,-0.0166432473752347
-0.928965397039876,0.0261483440839312,0.179721447747197,-0.8790132079317,-1.96376583075568,0.93196675032299,-1.63042653882059,0.452737541487977,0.0161924333561387,0.0046692767639791,0.0405419143248903,-0.00665203504414036
-0.928715885529,0.0261092199213859,0.179360286484104,-0.879139221578744,-1.96426801855731,0.932203584600901,-0.865901549640114,0.457907587337104,-0.0203752468040079,0.00165531394013518,0.0374163087417889,0.0147778688735798
-0.928501212791889,0.0262945957470793,0.179153849918896,-0.879102541094641,-1.96468628285496,0.932366404895513,-1.83257379402494,0.404984861673483,-0.110754160727026,-0.00288574543617282,0.0427174452184549,-0.0257214181371461
-0.928347810469501,0.0266849690928277,0.179099166747099,-0.878912058871754,-1.9649998197188,0.932442113894508,-1.0217582432004,1.04258348942153,0.0114223531174957,0.00332831902566255,0.0421539142853776,0.0112573046266959
-0.928283384146249,0.0272546050215539,0.179188652820352,-0.878582769090391,-1.96518707056409,0.932416685025159,-1.47796252178858,0.23250853620516,0.0576007138140824,0.00612768806452957,0.0393218247610053,-0.0146102705803943
-0.928320184893894,0.0279605393731321,0.179402120059444,-0.878143932253921,-1.96523423704534,0.93227655118002,-1.93177790688992,0.922032261084496,0.0577952507431405,0.00893936149705787,0.0305588832964516,-0.0107217309194763
-0.928462805750068,0.028742452740449,0.179706348691059,-0.87764051756804,-1.96514542403021,0.932026382751469,-0.688767640240769,1.11286058027395,0.0552348518073984,0.0111726088253481,0.028171362473997,0.0394584097552775
-0.928713088962045,0.0295467805291052,0.180071740719147,-0.877113967867775,-1.96492325540458,0.931669461659216,-2.14616888035044,0.259382869945284,-0.00136224383396666,6.72354312123424e-05,0.0416061656099816,-0.0490839635425635
-0.929061946742975,0.0303179211006563,0.180464281860467,-0.876606886639984,-1.96458597839087,0.931221468243553,-0.801489396497061,0.298519360846512,0.042876445833798,-0.00146738052811557,0.0440289209788546,-0.0032221866579496
-0.929487138528112,0.0309925594884506,0.180841885263767,-0.876168910511833,-1.96416356800986,0.930706006074802,-1.4491369274279,1.0027305708802,-0.0444167467156547,0.00353455769538336,0.0420669448294487,-0.00796814373282873
-0.929971887538787,0.0315380161263183,0.181181438658993,-0.875827259385067,-1.96368046615425,0.930146201730804,-1.83110673082666,0.543921372507157,0.0610930450038154,0.00441946790478953,0.0385581468594634,-0.0181652182241328
-0.930483447077381,0.0319247875346731,0.181457916676456,-0.875605498548796,-1.96317692346401,0.929574024377002,-0.738663378490742,-0.328151394740871,0.154794776776157,0.00877322685995141,0.0308917894018799,0.026090499572657
-0.930990972107542,0.03214765153571,0.181659279674681,-0.87550876876444,-1.96269002362636,0.9290187448484,-2.22259724724245,1.10227147212527,0.187411195552784,0.00713100401619382,0.0335794972216441,-0.0148375509644612
-0.931469976635629,0.0322280354300029,0.181789951465912,-0.875521661414556,-1.96224816713656,0.9285040637105,-0.915511849461211,0.904884677743439,0.109448247509505,0.00821378935235284,0.0363549465233134,0.0275255160206811
-0.931892122827191,0.0322018569283946,0.181861886401484,-0.875617128732683,-1.96188496296368,0.92805739573118,-1.63281385443884,-0.422269849120539,0.052879776456308,0.00202692934674475,0.0461944991046817,-0.0140081558777507
-0.932237152001912,0.0321231393567727,0.181898256961445,-0.875754684025409,-1.96161962307766,0.927690229600546,-1.89804748128745,0.442787919517059,0.0497059494540792,-0.00385297936923834,0.0476913088573054,-0.0035080503413587
-0.932492275871667,0.03205304212731,0.181927468290908,-0.875888674332747,-1.96146126459287,0.9274050001982,-0.404857992927873,1.04829187296218,-3.36691283848722e-05,0.00234194532956522,0.0324527796989972,0.07485353418366
-0.932654505067714,0.0320599916227513,0.181983838054818,-0.87596777538611,-1.96140810330231,0.927195761643545,-2.81894560659515,0.416048103714729,-0.0831008944022642,0.00412107086975411,0.036289889507954,-0.0222403019052955
-0.932730875235759,0.0322022606648824,0.182097250279015,-0.875948994147476,-1.96145134374013,0.927052773881649,-0.292002825958605,-0.715517536022844,0.109963972865387,0.0064531350431154,0.036738881378202,0.0352681248623945
-0.932738094051517,0.0325245968918475,0.182290833526997,-0.875800019176889,-1.96157257272853,0.926959035625949,-2.34016796457922,1.10240720601041,0.123365969882713,0.00976758719197024,0.0369569891764271,-2.29871012606964e-05
-0.932699682619091,0.0330447226620976,0.182573353578545,-0.875509335104967,-1.96175155900031,0.926899881003401,-1.41251216325497,0.185951830274462,0.0690762521794284,0.0062739778901979,0.0416890122695526,0.0172128266866469
-0.932642297788984,0.0337579073811538,0.182940779049078,-0.87508269274225,-1.96196707858104,0.926859942327962,-1.23164563863435,-0.00284349917774307,-0.0796820895290864,-0.00145649146620563,0.0399624844201238,0.0194726196807991
-0.932596273371962,0.0346275025651428,0.183370386635904,-0.874549542248715,-1.96219822564056,0.926827153775496,-1.81787466613474,0.605570411880308,0.027479837430775,-0.00457576699977436,0.0382864232753911,0.00971341293392802
-0.932590468958389,0.035587510963337,0.183820919669163,-0.873960904225057,-1.96243100333438,0.926798845026118,-1.21976941049417,1.08829281584713,0.038255439433442,0.00695072487708392,0.0347660886781959,0.0415740920168202
-0.932645037131404,0.0365629622377845,0.184245946516961,-0.873374057096855,-1.96266134606367,0.926778511334231,-1.77276515999142,-0.0501153309526217,-0.0416554251259811,0.00562402345003399,0.0391915156607793,-0.000860414851761693
-0.932772034800787,0.037459896705724,0.18458754225189,-0.872860584624029,-1.96289275387326,0.926775946680291,-1.78834195018675,0.578148186651788,-0.0646470533108072,0.0040887240416585,0.0396980007133892,0.0145438781177596
-0.932986151724573,0.0381978023851985,0.184795289159435,-0.872481037382925,-1.96312434272572,0.926797201161212,-1.12579916380525,0.532486787786866,-0.0483111334937973,0.00180975867921473,0.0339164478422871,0.0579170636387381
-0.933281219730046,0.0386972681772351,0.184818445780286,-0.872294100180452,-1.96337515817367,0.926861587942977,-2.04873542239204,-0.411223171505299,-0.161940019996621,-0.00969207868999078,0.0372308478959463,-0.000323966215480809
-0.933647153177016,0.0389059346576168,0.184624332766419,-0.872338157534464,-1.96365921662742,0.926980544053984,-1.15078380104922,0.576140750295508,0.00918474728752017,-0.0039977793459709,0.0352142090553294,0.0471079961427394
-0.934066645692157,0.0388011641045907,0.184198808264691,-0.872628028185796,-1.96399408577808,0.927167032404303,-1.60937813193561,1.2109989014034,0.0843784712510285,-0.00219546298135453,0.0394818194305653,0.0421124904043237
-0.934524107516789,0.0383991978257425,0.183553067692516,-0.873148777411138,-1.96438803962819,0.927422426383682,-1.99118462982199,-0.039893479018474,-0.018283679847201,0.00146429204555965,0.0413459343224583,0.0222574734986738
-0.934997632794617,0.0377398323594846,0.182715289714223,-0.873866658127246,-1.96484508247818,0.927739469495647,-0.956272084595525,0.331657051711773,0.0191293910614263,0.00921904502273119,0.0347575813414422,0.0672969826349483
-0.93546907520501,0.0368914105502762,0.181733401113917,-0.874726884157662,-1.96535793986352,0.928099621964704,-2.36497454356169,1.11351851116001,-0.053307157994027,0.00266161082767269,0.0315771752605192,0.032825025532297
-0.93592775662158,0.03594079815805,0.180669245910488,-0.875660517677007,-1.96591044739758,0.928478157995546,-1.33292753072192,0.589417067031491,-0.112415571927414,6.91480920740339e-05,0.0338808887149742,0.0759862220540977
-0.936363008710817,0.0349821681537508,0.179591623237973,-0.876590902650063,-1.96648473973857,0.928848821871794,-1.7552798865014,0.0661264883322019,0.00272272032052001,-0.00204167142004019,0.0410173344992477,0.0571883913913482
-0.936773601959652,0.0341012509770335,0.178565991633047,-0.877448355639783,-1.96705282374129,0.929178855039304,-2.3683207910488,0.630275599438392,-0.00200048769656291,-0.0016261780063509,0.0380552474486461,0.0616342223997344
-0.937162841819117,0.0333760851897296,0.17765474111723,-0.878170591373555,-1.96758219261137,0.929432145997818,-0.8600047912322,0.372025041309826,0.0686512724825263,-0.00107533951731265,0.0356295837192631,0.108716143481936
-0.93753453888019,0.0328471218488584,0.176895726373706,-0.87872251752039,-1.96804960230587,0.929585102104803,-2.86882378752279,0.122245793497314,0.0775143034981909,-0.00330682503645452,0.0355685942042249,0.0373680563188441
-0.937901911448278,0.0325428338323759,0.176319622346967,-0.879080235378249,-1.96842357609094,0.929609194120709,-0.955723720520837,0.854095127036999,0.135033288076869,0.00482295210628259,0.0289664568426494,0.107593973188999
-0.938272000502536,0.0324586009699122,0.175934883557419,-0.879245183861282,-1.96868832438402,0.929491484890172,-2.28426263453446,1.40595212991843,0.0333778310426567,0.00408502588595683,0.0334439896483125,0.0684052357465328
-0.938650886560533,0.0325540772124029,0.175724618312314,-0.879246118967396,-1.96883872786315,0.929231358347985,-2.04623133349583,0.517344048303812,0.0513525162607777,0.00505092404984886,0.0409710291677035,0.0555614470991186
-0.939047541135055,0.0327871867548559,0.17566953134275,-0.879116724901179,-1.96886695712675,0.928825854470707,-1.08412799149067,0.489326088812049,0.0177618075882151,0.000827918698594665,0.0380773988741733,0.0981009071043539
-0.939462531312487,0.0330998683993942,0.175737451214064,-0.878904115095497,-1.96878295554341,0.928288194896321,-3.01652038420463,0.937635774097998,0.149063722796029,0.000279709765430347,0.0345805095884529,0.0570303725762824
-0.939894389447538,0.033430036624063,0.175890758100118,-0.878658272435028,-1.96860638025768,0.927641438604578,-1.06209122742513,0.0897585277584767,-0.088632902509147,-0.000387637408347796,0.0333793140757907,0.11845375865571
-0.940339330145316,0.0337202412151765,0.176091841799257,-0.878427628535369,-1.96835736204707,0.926908140069616,-2.60928996513974,0.367707006040519,0.124888289339196,-0.0022651526357369,0.039273372168991,0.0688254213616584
-0.940794112365231,0.0339225312983018,0.176307996616987,-0.878252638123321,-1.96805917562906,0.926113169576245,-1.81862932330773,1.03599242146356,0.0918076167531581,0.00615793449007462,0.0347341030794283,0.102351379501062
-0.941253509067638,0.0340088771493479,0.176518021387749,-0.878157692515029,-1.96773966660489,0.925287088325415,-1.85098401659474,1.49015812776088,0.000745174714126051,0.0043705248372512,0.0332466239535009,0.0913740695502239
-0.941715001399803,0.0339743930398289,0.176716615447603,-0.878151280690203,-1.96741822764722,0.924449828717415,-1.94779185008133,-0.0405224919347802,-0.0408564370580677,-0.00603420103017527,0.0396501116023535,0.0532973191011044
-0.942182536456464,0.033835444393894,0.176911762114608,-0.878222628209047,-1.96710651026786,0.923617416378941,-1.81494373064368,0.933904685057087,0.0624932142368095,0.00172168921672933,0.0313436281853616,0.0955370368767965
-0.942654262561124,0.0336012565212691,0.177105388341861,-0.878363857798627,-1.96682259456405,0.9228109860966,-1.596795647112,0.899029506972056,0.0677338091199431,-0.0041174568132285,0.0367219782164296,0.0899232184373258
-0.943135636556015,0.0333094879559148,0.177319616772877,-0.878545022467752,-1.96656943639892,0.922038281110982,-2.66056388855509,0.593295536414871,-0.0526178394121075,-0.00294711538944492,0.0373984138219848,0.0737680157558596
-0.943631204540895,0.0329903912015697,0.177571561947531,-0.878739066172395,-1.9663489885153,0.92130443763987,-1.07912890977713,0.131781034324376,-0.0708849275639523,0.000967664766528209,0.0329969695733209,0.144931044518944
-0.944141738423873,0.0326703462635312,0.177875604068866,-0.878921816195998,-1.96616522515718,0.920617031172852,-3.19181093978887,0.311597594650266,-0.15800404742464,-0.00527758579928195,0.0318032339810341,0.0888629869052058
-0.944669464246727,0.0323696224604753,0.178242605143288,-0.879072754252178,-1.96601899685364,0.919981071068891,-1.09024716550033,-0.649017347493782,-0.156776502155623,-0.00706566760867267,0.0316038532409372,0.140526938105821
-0.945208442976122,0.0321023096726556,0.178677125930699,-0.879176361250757,-1.96591562471447,0.919401247760437,-2.36260285108068,0.0970891157528513,-0.1645970686059,-0.00894243491549673,0.0339544231235827,0.100451188909497
-0.945752476514869,0.0318730425545111,0.179176188264504,-0.879226427872754,-1.96585793575684,0.918879207242527,-2.01081908919144,1.09132652246126,-0.0296596387417765,-0.00277664982178605,0.0377556373098071,0.104089309662027
-0.94629230660161,0.0316757934695842,0.17972981348934,-0.879228264091575,-1.96585071716295,0.91841573465309,-1.39704612592021,0.717757394795854,-0.0112769380748432,-0.0004532981148202,0.0363893897706649,0.12058755282684
-0.946811273154877,0.0315072950725295,0.180327078669942,-0.879187255162516,-1.96590348914936,0.918013108470588,-2.52677521415382,0.598371424181778,-0.102165120095179,-0.00475179820490101,0.032325256797186,0.0804609058824788
-0.947296660602551,0.0313639892710258,0.180955153563011,-0.879110776568355,-1.96602651292839,0.917675472765464,-1.65330556502801,1.1138227879394,0.134584491251701,-0.00384537052859324,0.030266955620506,0.13683845986953
-0.947732113824341,0.0312385891323839,0.18159636187753,-0.87901162875198,-1.96622847830341,0.917401013185416,-2.00991025425867,0.872680521836628,-0.000523720103586811,-0.00389708985923143,0.0308244203067728,0.116495313313348
-0.948109491934513,0.0311376934919778,0.182241316895909,-0.878895760751945,-1.96651013761178,0.91718216300694,-2.62613943337294,0.676050571457381,-0.113974923684822,-0.00322057394147102,0.0364736730022228,0.103877854853613
-0.948419761610453,0.0310692734261968,0.182880623240936,-0.878768217859176,-1.96687291878044,0.917010234412414,-1.23009258665877,0.669127309717851,-0.0649502692851627,-0.00263084289135751,0.0360017648035374,0.163631264763287
-0.948659878951039,0.0310446587334106,0.18350618919513,-0.878631574429761,-1.96731066187565,0.916868872573838,-3.29726684851732,1.01563005486014,0.068489240414209,-0.00472547470478712,0.034758134664634,0.101716189400772
-0.948836613583247,0.0310868353505045,0.184118213581134,-0.878479892225274,-1.96780606722397,0.916734659436038,-1.28690081002293,0.243432475344207,0.013653716193204,-0.00237867529457647,0.0304790120292349,0.150481886022569
-0.94896146161099,0.0312183730835303,0.184718967661162,-0.878305810509317,-1.96833832286054,0.916583056049541,-2.74659763725703,0.893820786888455,0.0339958746014872,0.00087865384646868,0.0323225576245869,0.109357225133719
-0.949050518024645,0.0314553321249473,0.185307180758312,-0.878103161787977,-1.96888587805973,0.916391629380182,-2.04808524957315,0.221087693801564,-0.0532487636589565,0.00263701177852793,0.0388856975624943,0.1160877298874
-0.949126681558816,0.0318099253171553,0.185881412472611,-0.877867576220137,-1.96941530454902,0.916128355966658,-1.6545419310998,0.298136593569552,-0.0560967962973109,0.000210007451018956,0.0374826090142637,0.130897565469461
-0.949215325888282,0.0322883521949464,0.186439629940761,-0.877595989982376,-1.96989354375839,0.915764658440656,-2.63109121481773,0.26719197076477,-0.0127927591384775,-0.00138095794449278,0.0382712848131462,0.104377607104984
-0.949344854535888,0.0328891692626172,0.18697811212129,-0.877288680740469,-1.97029231519468,0.915282453010069,-1.75972473825038,0.186824993330902,0.0569504052546677,0.00190347821222447,0.0315271373196816,0.153850587401865
-0.949540323020749,0.0335980998491916,0.187488273848344,-0.876952676485276,-1.97058789154478,0.914670289512099,-2.15119510754687,-0.386221681803136,0.0830738225458845,-0.00116280818865588,0.0322600469846381,0.137893873925996
-0.94982295619639,0.0343836868294902,0.18795388263664,-0.876605843235718,-1.97076656740736,0.913928801465431,-2.68748436197421,0.18526729038831,0.0326361622738318,0.00139620824080255,0.0309599749618551,0.127981068608582
-0.950204817751876,0.0352122355783662,0.18835809053605,-0.87626713823905,-1.97083009051815,0.91307338320442,-1.38303171562177,0.00181069376276355,0.0166302551838271,0.00198601560806244,0.0317208016768543,0.175004022792065
-0.950691035732805,0.0360430349689578,0.188683297316659,-0.87596017521165,-1.97078321176982,0.912120601366329,-3.24499166160672,-0.279002532735376,-0.0137216682472285,-0.00411724529917556,0.0364864941876887,0.111662990837533
-0.951284995932661,0.0368359253185329,0.188915884260199,-0.875709507466525,-1.97064047523279,0.911100808998227,-1.51004022894682,0.559380680853565,0.11535068606031,0.000237261791958154,0.0339906288999004,0.169997661331069
-0.951980156112099,0.0375642028303584,0.189051915690305,-0.87553048792857,-1.97042327698571,0.910046489388885,-2.57629873200466,0.484053708171814,0.152348753992669,-1.52285519638973e-05,0.0333962262938687,0.13286495533601
-0.952764210440112,0.038188658059755,0.189080137631725,-0.875447238145312,-1.97016204920673,0.908998193339942,-2.41621423965142,0.0813332842344607,0.0292220985212168,0.00179845317427407,0.0329940448731356,0.130951513624867
-0.953617692390351,0.0386906677668888,0.189003306545831,-0.875471317452671,-1.96988775429378,0.907992404515648,-1.60236628614257,-0.0700009983704604,0.00136509065353607,0.0046889172666007,0.0345416438667704,0.16273878332841
-0.954515299009863,0.0390659358857794,0.188833883631115,-0.875603526191245,-1.96963278931254,0.907060959121824,-2.85059772332158,0.810459516432047,-0.0151274715930469,-0.000254876538278825,0.0348320206520856,0.13201628232424
-0.955433721337775,0.0393123893468887,0.188584722391164,-0.875842869942476,-1.96942221623215,0.906226975628587,-1.90063616182738,0.538508832710022,-0.0570559890498998,-0.00134436453416198,0.0309461181763291,0.185639285624794
-0.956340421018667,0.0394319255544975,0.188268611736654,-0.876183965378333,-1.96928916106611,0.905517683646742,-2.42148056297032,0.0455940502934027,-0.075712595300331,-0.00630418537976185,0.0303458710292473,0.153865669162564
-0.957208124116036,0.0394451447523814,0.187908840783968,-0.876607485152699,-1.96925237811472,0.904941964300416,-2.71596552363513,0.483471786678592,0.013854842618656,-0.00787571901203599,0.0322192581674067,0.150713395613624
-0.958006917911832,0.0393683325723906,0.187523175549074,-0.877096662481103,-1.96933076148565,0.904506141190812,-1.59260925877885,0.52099186029659,0.0274615377501277,0.0030609922616196,0.031546878602105,0.187192844677588
-0.958709139429469,0.0392343046927746,0.187136280315341,-0.877619933145017,-1.96953443594109,0.904203932996058,-3.33913465404845,0.0776986659318482,-0.04533305946768,-0.00088430875791401,0.0332371347517883,0.128636013539146
-0.95928957575805,0.0390630377096439,0.186761896274674,-0.878154892635546,-1.96987395772288,0.904031006796873,-1.76387653278766,0.233165668692891,-0.0134334692094455,-0.00174066457845434,0.0299177020179251,0.199725197241545
-0.95972883249622,0.0388801761011583,0.1864154853377,-0.878675059036608,-1.97035154032985,0.903974592078581,-2.78754251857544,1.38208619381112,0.0155022552995092,-0.0036546977311529,0.0267301154970488,0.17784456986236
-0.960011466819521,0.0387049319776427,0.18610571516918,-0.879158726995428,-1.97096743191678,0.904021317416971,-2.55029831889016,-0.0140346707676144,-0.0522439003950126,-0.00755829352409565,0.0335766330480015,0.15492707370473
-0.960127034660679,0.0385604839617297,0.185842279554833,-0.879582669066656,-1.97171918880292,0.904156210441996,-1.64149608573354,-0.35313334485113,-0.167806219254857,-0.003853097207557,0.0352871086919305,0.17234898527275
-0.960072293700033,0.0384532237731872,0.185623327957678,-0.879937878055645,-1.97260065428908,0.904364273279756,-2.84288243043528,0.481704312267539,-0.0103023415452412,-0.00357413930912731,0.0362182419220105,0.138253208315473
-0.959856683225984,0.0384048051037018,0.185457938213246,-0.8802078124804,-1.97359259647228,0.904621281223235,-1.93306146696051,0.630385339662098,0.0676721263380102,0.00524406509404862,0.0287300147439453,0.183626235573
-0.959495771427692,0.0384272004784894,0.185349559639357,-0.880385246604873,-1.97467351935579,0.904905608401597,-2.41761831271577,0.814186635991291,0.0227820717239524,-0.00093681189132111,0.0278057957082582,0.163758572393081
-0.959014205822335,0.0385168872810286,0.185292397379967,-0.880475553849566,-1.9758207962596,0.905198771625468,-2.86012859640442,0.959695609748678,-0.0284475251946787,-0.00353376204335865,0.0313631117167331,0.171395934403634
-0.958447148086996,0.0386845589933813,0.185292856610301,-0.880476473611805,-1.97700125720781,0.905476434525592,-1.78783748983358,0.832064244021694,0.0319908273824581,0.0012112617555986,0.0335407106968969,0.211614542576565
-0.957837200444956,0.0389349188225445,0.185355402860874,-0.880393510731428,-1.97817362254957,0.905710427493474,-3.48878257844996,-0.0083069506447373,-0.0270494766289744,-0.00518962651058219,0.0397087331966253,0.139318819841082
-0.957231977508479,0.0392674791255967,0.185482584555164,-0.880234549787439,-1.97929745930323,0.905876372939807,-1.75597789209343,-0.366364716281623,-0.00339958760034165,0.00273571532326766,0.0359666380523014,0.200647873342411
-0.956681775049135,0.0396792417705516,0.185675880542583,-0.880010320618293,-1.98032602791889,0.905946118678412,-2.84559652325925,0.323492615563964,0.13554599923134,0.0061784764342625,0.031403315419573,0.182899396342134
-0.956233788987745,0.0401597287709281,0.185932505025301,-0.87973666364781,-1.98121499822492,0.905892962636225,-2.44953845519734,0.434994982183071,0.0710151996704553,0.00361989365767057,0.0307146967882374,0.181119168381612
-0.955927374270252,0.0406930341237954,0.186245198909464,-0.879431934115505,-1.98192987017872,0.905698581561529,-2.03069122429429,0.240195771212939,-0.00576084851394398,0.0045512702825552,0.033047161831855,0.193790887549328
-0.955789060652404,0.0412566620920831,0.186600930151272,-0.879118225267395,-1.98244968920042,0.905355185640844,-2.87851603436997,0.633996634426239,0.0820993806520107,0.000219205151173796,0.0379519412217061,0.160289891784891
-0.955845672290631,0.0418349672426421,0.186990625018071,-0.878812563291189,-1.98275099007251,0.904853521223248,-2.15528841053072,0.210375662729803,0.13599282699164,0.00414782600521812,0.035424710313929,0.19293431512615
-0.956095244865093,0.0423918271591628,0.187387106911341,-0.878545770694502,-1.98283863140952,0.904201681555446,-2.48490515443507,1.34764460620545,0.062079545642888,0.000660458247041973,0.0368414425507674,0.18151095795504
-0.956525086148339,0.0428986271500529,0.187765576866763,-0.878341975674986,-1.98273008464041,0.903417832739233,-3.2458962865955,0.89130642076907,-0.0600682588341783,-0.000675074351640603,0.0305934849652742,0.193462552125109
-0.957109224200225,0.0433319835198613,0.188102474137801,-0.878221036245791,-1.98245796597653,0.902529161867173,-1.6607184150526,0.716154237019964,0.00769010398926184,2.12590279402569e-05,0.0260246216511584,0.247816683653472
-0.957810216677417,0.0436775163866638,0.188377649179115,-0.878197446200142,-1.98206673376512,0.901569829755417,-3.67009246240497,0.56555968281873,0.000522103807639951,-0.00161351088884043,0.0334036083657087,0.170965515458461
-0.958590429401188,0.0439468530510778,0.188589391403797,-0.878268305678883,-1.98159882405371,0.900570068103014,-1.54563854228616,0.610268095958872,-0.146319872801257,-0.000779337776139588,0.0324377163648923,0.211383248080596
-0.959405810303943,0.044155995571824,0.18873813655793,-0.878425418559125,-1.9811053973253,0.899564350072718,-2.90728113080075,0.822716246431128,0.071931690043499,-0.00272506557938268,0.0340270226015134,0.171961745873645
-0.960217974022485,0.0443428755060298,0.188838169126022,-0.878644388021459,-1.98063137870708,0.898582691814025,-2.50789188764071,-0.0736110383129471,0.0318886854440166,0.00016251025276981,0.0320127847999609,0.182541349574172
-0.96099980736614,0.0445511305101478,0.188911123751736,-0.878896385730217,-1.9802083085406,0.897642234831444,-1.99655529376787,0.272765777720224,-0.0558858548305068,0.00393288694862104,0.0317361331873347,0.206333607802959
-0.961733384341254,0.0448346992339754,0.188986794733121,-0.879142795749159,-1.97985802031426,0.89675286532436,-2.90741832389517,1.09621497639478,0.00419426613115093,0.0029022832537362,0.0298234058182045,0.185710921756689
-0.962413111385608,0.0452479860696844,0.189097491752643,-0.879340926110001,-1.97959028842025,0.895915779194325,-2.31185322245301,0.875165382512705,-0.086363534817508,0.00410171294919426,0.0313091263341727,0.22836570887822
-0.963043675254937,0.0458282521657134,0.189267106322345,-0.879456919207667,-1.97940759689016,0.895131442653756,-2.48862446550839,0.450501933791202,-0.0815092001688242,-0.00298747395220822,0.0350742164166404,0.204272558065495
-0.963637391136128,0.0465891703376533,0.189506360297341,-0.879471618198239,-1.9793060730638,0.89439720074121,-3.16271664202242,0.505654374514052,-0.168554555639048,-0.00617326167404553,0.0341544532155388,0.216309828166305
-0.964218433509563,0.0475261242941123,0.189816597845007,-0.879377160513421,-1.97926838375232,0.893702492556911,-1.96770790809296,0.723410249457629,-0.036055431699026,-0.00304422771047719,0.0330001114675093,0.261339439623604
-0.964801559176133,0.0485987653264468,0.190176508213874,-0.879188150167064,-1.97928744264603,0.893046025267284,-3.66538957022021,0.401137944229504,-0.123880970607757,-0.00369385577628201,0.0369761426881273,0.188228357781898
-0.965399368514566,0.0497353716705486,0.190545113951238,-0.87894086328278,-1.97936239529036,0.89243551561298,-2.05468654892786,0.792900772882149,0.0999055232830415,0.00307645840576098,0.0322703881826152,0.249220432910395
-0.96602213853287,0.0508526872633013,0.190875498964302,-0.87868186372681,-1.97948787541427,0.89187495910966,-3.23513628768507,1.23998208947978,0.101147388175946,0.000784368545051262,0.0321915528001688,0.212800847642551
-0.966666366894223,0.0518489685680414,0.191108990387046,-0.878470875245994,-1.9796788496217,0.891387984104745,-2.6664123844983,-0.277024035017348,-0.102453394727689,-6.9860301169733e-05,0.0342586955771196,0.206252868330809
-0.967323733087893,0.0526304411108356,0.19119255132169,-0.878364871257852,-1.97994794146853,0.89099411172198,-2.33695256215913,0.649926994569796,0.0376725850577202,0.000993571253240511,0.0325791522810508,0.232329452807496
-0.967972237527836,0.0531124774411609,0.191078864564711,-0.878416366547576,-1.98031842800294,0.89071874716094,-2.8995075508019,0.701279956780581,0.180916055707598,0.000117745019393656,0.0333254935797542,0.224381397123058
-0.968587987988662,0.0532418201786111,0.190741638644023,-0.878659799325896,-1.98081107762236,0.890582234398615,-2.85531472360151,0.375475596729302,0.207046630607834,0.00353958519385822,0.0310152563630899,0.254204956991146
-0.969145097415182,0.0529985251387828,0.190177600165597,-0.879110017817416,-1.98144107637762,0.890598598771015,-2.44405437162453,-0.436784138883468,-0.0418044401774011,-0.00501951277054324,0.0310903380199953,0.257439289223715
-0.969626323834953,0.0524132610748964,0.189417994135362,-0.879747979806821,-1.98220661733427,0.890762401408051,-3.65527280067408,0.906054663985515,-0.0776493001794165,-0.00224345561856465,0.0260897495304106,0.249835777281113
-0.970013442899026,0.0515527970853711,0.188516769266213,-0.880531973518745,-1.98310004575781,0.891057657854586,-2.00641219359898,0.130923938956357,0.152099632323512,-0.000296377010489124,0.0261912599316217,0.294109420945221
-0.970299538414308,0.05052508336043,0.187554936537943,-0.881392303051489,-1.98408840347396,0.891440830283723,-3.82696659294777,0.0319085136793547,0.0327285579561192,-0.00597887737942182,0.0340311777896533,0.214069212737124
-0.970489773858058,0.0494520493794592,0.186622631675313,-0.882250018606882,-1.98513123492601,0.891865297956155,-2.05112134591798,0.644905863883196,0.066217971456922,-0.000415294489954476,0.0306031741366755,0.29169101068467
-0.970598656526397,0.0484789665604559,0.185824416858237,-0.883009800753914,-1.9861687510765,0.892261770690303,-3.32660175156144,1.36214760075404,0.117384341763284,0.00140731664219063,0.0310172878649861,0.269664509747024
-0.970648875968491,0.0477289106502363,0.185247088921071,-0.883590706644655,-1.98714253920299,0.892566693310914,-3.33271355590631,0.245960982483894,-0.0464864685114037,-0.00617778361120402,0.0311979107311315,0.25105427638665
-0.970667378107202,0.0472998335489185,0.184958995826503,-0.883928993470167,-1.98799512986523,0.892718914677065,-2.13902255576011,0.163016815394712,0.0197827724767876,-0.00603779851214981,0.026242532281132,0.308056484127847
-0.970680797345298,0.0472607515911907,0.185007279051056,-0.883979850817635,-1.98867823506706,0.892667598920458,-4.23170713615474,1.76855282920246,0.0501163728058316,-0.00155671548115999,0.0296672865624764,0.25584945228512
-0.970717029688039,0.0476316695748773,0.185403528015188,-0.883731322353124,-1.98915424447982,0.892376702668803,-2.14089107517628,0.0687491575793047,0.0518866385772014,0.000146676083699226,0.0343700248531068,0.292618117844759
-0.970797699095162,0.0483730342123847,0.1861164762032,-0.883210848221573,-1.98941796346939,0.891849846561478,-3.4687796002662,0.1475333643059,-0.0564957185997912,-0.00344159376654174,0.0358268401626092,0.244323155596955
-0.970934004154466,0.0494121466795692,0.187089907352371,-0.882467829673297,-1.98948522333328,0.891111777301279,-3.04051550538463,1.64972083973316,0.0627375218643635,0.000362644419148239,0.0273147997194868,0.281257761400166
-0.971125303587796,0.0506280037065689,0.188234403568809,-0.881586997177154,-1.98939505684353,0.890210964949994,-2.5532388270961,0.470408912025505,-0.0176975476558141,-6.11330755786454e-05,0.027384726361305,0.28375422379995
-0.971372967044726,0.0518943732221997,0.1894564996899,-0.880656035858624,-1.98919582178352,0.889210685843984,-3.52412510206722,0.0514203516822818,-0.104975960712949,-0.0091488556283652,0.0315066065348286,0.241723926750317
-0.971669550683337,0.0530682207456055,0.190650969718673,-0.879774097520677,-1.98895447769298,0.888195273330912,-2.75229182953314,1.38465521761304,0.0906141304736821,-0.00197818623258206,0.0289311687421221,0.292461436019319
-0.971997164804241,0.0540183244950176,0.191720237320778,-0.8790324866235,-1.98874567130159,0.887251815108728,-3.22480015585893,0.424321730025213,0.109586285654359,-0.00113887353365572,0.0357189695373571,0.265430052888746
-0.972345581130072,0.0546477338349192,0.192591982955236,-0.878499271737574,-1.98863082500536,0.886456254540566,-3.14349188669712,-0.448257780557697,-0.0200941697181634,0.000884951758974406,0.0336057592363359,0.266434345052294
-0.972703603324228,0.0548923267496697,0.193217062359652,-0.878221197152245,-1.98865957035546,0.885868499188473,-2.59271174863642,0.918303257937623,0.008663114302351,0.00502162168664944,0.027626223146378,0.309200151215606
-0.973064565499839,0.0547216872897938,0.193570623861075,-0.878222026759275,-1.988863416301,0.885527639113204,-3.73614326820973,0.818626624097988,0.0684879123249686,-0.00284531909511321,0.0293775025395657,0.263916433048183
-0.973430300875586,0.054163428696584,0.193669585708172,-0.878485993234818,-1.98924557690096,0.885437787944247,-2.56454623099285,0.344228077230127,0.132701615820508,-0.00176820832606417,0.031942791267492,0.310053246985545
-0.973805410915591,0.053276622143164,0.193552530206742,-0.878976854344758,-1.98979164644417,0.885581828056746,-3.26948786174574,0.0199297237916198,0.181811769343085,-0.00240255252272448,0.0282622939108123,0.304572967431252
-0.9741980114225,0.0521435504144687,0.19327481471523,-0.879642544933504,-1.99046193244939,0.88590904419246,-3.51781123776459,0.0956433327007744,0.13148727264084,-0.00222451139130442,0.028939225655891,0.295574683100202
-0.974625489627626,0.050874754688059,0.1929115790386,-0.880411797358037,-1.99119742130856,0.886347478770392,-2.45577061728699,-0.140521747336152,-0.0410374801211901,-0.00293541694964539,0.0325691717668249,0.314488013239383
-0.9751030652843,0.049578427374799,0.192535626737167,-0.881216638868349,-1.99193176004393,0.886811790081827,-3.98486314690285,0.832884078839925,-0.0578723124991711,-0.000654142762043897,0.0311711352856832,0.263752533353515
-0.975642035531629,0.0483585765299281,0.192215881301835,-0.881990687549855,-1.99260154394125,0.887217086513982,-2.3811568736246,1.13843321454624,0.146402673472949,0.00247271378711611,0.0268252608889578,0.322516349844002
-0.976250426683123,0.0473011486168113,0.192006137273331,-0.882679548579404,-1.99314857635515,0.887481450695305,-3.20903657763108,0.6777301086222,0.0603385970677834,-0.00350750736530836,0.0300258931133718,0.288212607919132
-0.976928513539594,0.0464646097627588,0.191940370131393,-0.883247306134746,-1.99353212479786,0.887540586807238,-3.37178890897263,0.475604322318986,-0.0986542567995912,-0.00731941020792615,0.0302661070848688,0.301990909418245
-0.97767071777019,0.0458806123741642,0.192031830741212,-0.883675086289681,-1.99372917792863,0.887350732508965,-2.72351404538864,0.868589122123012,-0.00732210746943451,-0.00230092207700494,0.0274583184725016,0.336773278714245
-0.978456187616647,0.0455432110789484,0.192264851566938,-0.883966907206222,-1.99374781719174,0.886901002186284,-3.69776460562082,0.302946584382653,0.0775241925246064,-0.00735315674151682,0.0324229983714264,0.274218528977875
-0.9792744981688,0.0454359609356887,0.192617675680226,-0.884133700569286,-1.99360636945492,0.886205316378867,-2.63186476668892,0.112263960046221,-0.0818131756517175,-0.00176115396467091,0.0302121310327413,0.305645898945824
-0.980108633848729,0.045514876167192,0.193049327501037,-0.884204388054489,-1.99333819330226,0.885294897737998,-3.24520525866524,0.40736363412725,0.0895213982727512,-0.00146061150462806,0.0319661020101867,0.291617803557886
-0.980938193601756,0.0457205660586393,0.193508237137757,-0.884216309339096,-1.99299503205022,0.884226326114188,-3.28124178489782,0.542653074541477,0.0463055610437664,0.00148505362980078,0.0283060005833888,0.305756440594496
-0.981745458285473,0.0459956777155854,0.193946388465243,-0.88420377662936,-1.99263601152536,0.883071808174206,-2.75764377725829,0.604556362689891,-0.107027572640646,0.00134852847639122,0.0273464785926854,0.332459439362066
-0.982516150747644,0.0462741563722844,0.194311682801871,-0.884205802536174,-1.99232347271367,0.881912096073473,-3.70484712616854,0.476584875657181,-0.0952155520434985,-0.0103018719492955,0.0274097266324766,0.300836202197641
-0.983247171277664,0.0465182222923222,0.194575591696883,-0.884242824743282,-1.9921023956149,0.880815865837809,-2.88040647436407,0.935927816609819,-0.072192987302742,-0.00815231645895054,0.0267099954404869,0.354841764295454
-0.983935012931168,0.046690737837765,0.194713832269246,-0.884335044816307,-1.99201686075463,0.879851514165274,-3.38186046687201,0.112552610077501,-0.0213485386857712,-0.00640633170120664,0.0323247819838513,0.33552524267869
-0.984583323728699,0.0467764605714827,0.19471977382529,-0.884487511246623,-1.9920952798086,0.879071749743103,-3.83054453349911,0.0831662186947142,-0.112554038849879,-0.007458697896916,0.0298827001518287,0.33574116746359
-0.985201474892607,0.0467705978373898,0.194598355999611,-0.884699346366109,-1.99234635135518,0.878506393990971,-2.68742423877052,0.330336335534867,0.00531818779145965,-0.000871063695750518,0.0227948946507439,0.385491959450282
-0.985795489439742,0.0466856085731324,0.194367938373367,-0.884958436548339,-1.99277112492651,0.878171161671469,-4.47299364916972,0.253006616315588,-0.0566657214717168,-0.00298674739068794,0.0255094918859556,0.32701478161941
-0.986374494449847,0.0465482468443561,0.194056664234954,-0.885243848993102,-1.99335533655298,0.878059880027388,-2.77011956985456,-0.385302411497833,0.112912134864359,-0.00465766540707158,0.0271782140565158,0.369644017213504
-0.986945983444948,0.0463874790776089,0.193696795009548,-0.885535163565858,-1.99407345169675,0.878148715068639,-3.8128994839484,0.563305645577884,-0.125392788581848,-0.00627767750778707,0.0313619514995346,0.336524710220306
-0.987514910308283,0.0462279262486742,0.193316857096976,-0.885815373543246,-1.99489769665068,0.878406953728297,-3.61135182623224,0.672864995395685,0.0165285928125911,-0.00573318448220261,0.0353732909698253,0.346067082881911
-0.98808593167285,0.0461065236357019,0.192952884796323,-0.886061358891652,-1.99578852984896,0.878783098786674,-3.10331335466878,0.467613491862494,0.0856177505253015,-0.00204609567649205,0.032688461166041,0.384826878849672
-0.988656872060765,0.046047441858982,0.192629951951887,-0.886258492147841,-1.99670774510034,0.879221702306164,-4.08368873237322,0.368787985513336,-0.091437580792018,-0.00357089667688237,0.0251741368969176,0.357518563295607
-0.989228061473898,0.0460602828569066,0.192362531622549,-0.886402297764588,-1.997622592938,0.879674762499168,-3.3763866577948,0.91789650578994,-0.0196026529268067,0.00158023640177829,0.0193434936971883,0.388421444523499
-0.989800997847217,0.0461479316371465,0.192158543096597,-0.886494354310408,-1.9984992097577,0.88009366679228,-3.56000781159992,-0.519785469376302,-0.0639993099236165,-0.00616842086386082,0.025658271573598,0.360923303948838
-0.990380921636537,0.0463050536391565,0.19201975805362,-0.886541635043136,-1.99930566551493,0.880434760153142,-3.82857111491614,0.460134652581246,0.00284569044379168,-0.00488896111312487,0.0310363186713302,0.358599944691122
-0.990975915186309,0.0465175636141328,0.191942115827869,-0.886557038276687,-2.00001992726738,0.88067068750265,-2.93298139943789,1.58104544774574,-0.00627923552923448,0.000256330657717907,0.0276600709195555,0.399860050382913
-0.991592762122296,0.046771505984764,0.191920768116131,-0.886553506377497,-2.0006265216717,0.880783202777292,-4.54204043693881,0.479944466290135,0.0160768705305543,-0.0093520504882374,0.0285179179875487,0.336526455241306
-0.992240253775401,0.0470416990618352,0.191942330568459,-0.886550013533845,-2.00112005986547,0.880769419625848,-2.83962679108464,-0.161122485549868,-0.0781057179163724,-0.0053999047338511,0.0210185812632853,0.419508587464391
-0.99292522084561,0.0472936440454186,0.191987828851318,-0.886573124120467,-2.00150477262315,0.880640572947282,-4.15300104865696,1.15654318214024,-0.0876958724261954,0.0010956532988371,0.0229505565799983,0.406397034761719
-0.993654088150625,0.0475091344686955,0.192048867710298,-0.886637517591365,-2.00178753281039,0.880410743850008,-3.90326811337275,-0.122269685527726,0.00482231047641335,-0.00420673219104994,0.0295306021572131,0.389105399833937
-0.994424328321464,0.0476731513284454,0.192118163024086,-0.886753726042125,-2.00198471218467,0.880101636443627,-3.16092884672361,-0.06384762726384,-0.107986293349569,-0.00468272648970958,0.026353670697275,0.412589865933749
-0.995225490783968,0.0477764520541051,0.19219113007479,-0.886927641023511,-2.00211766966991,0.879735575759929,-4.24233061228819,0.908796636604166,-0.0361317316365444,-0.00423730886972962,0.0266368958032033,0.386252701472012
-0.996040947840058,0.0478153064352487,0.192265796045736,-0.887161182362352,-2.00221248734034,0.879336746842371,-3.39738802758859,0.290205275246535,0.125780346319004,-0.00037479438588095,0.0285150096799192,0.409787481985942
-0.996844542510794,0.0477980332129526,0.192345824823503,-0.887445707427059,-2.00229789203139,0.878924881347723,-3.62516629230322,0.366430498232603,-0.108974028958755,-0.00728871355131933,0.0272650853067108,0.38168421494134
-0.997602779609563,0.0477366916505622,0.192433900409179,-0.887768574439349,-2.0024055382074,0.878517000953585,-4.16137204553627,1.16446877993076,-0.0475657041511681,0.000649162418602245,0.0234853841404361,0.387903145127899
-0.998280797371006,0.0476521356381614,0.192537298210714,-0.88811021778604,-2.00256089086304,0.87811966267694,-2.98883780952468,0.168998476550996,0.102221609449572,0.00238152481673026,0.0231359909816746,0.436287067966548
-0.998853033570564,0.0475768610795173,0.192670301922762,-0.888442087857626,-2.00277459323534,0.877725332038423,-4.68102582261383,0.119309918103454,-0.195847411708343,-0.0126652250742167,0.0283027801164218,0.385183839785822
-0.99929228511016,0.047531253584264,0.192837387897487,-0.888743794881614,-2.00305934538847,0.87732642509421,-3.168377781137,0.639386942487818,-0.0540796826520591,-0.0118683085799116,0.0286588332480233,0.465872654914906
-0.99958612692903,0.0475350196652045,0.193042937141601,-0.888995318038368,-2.00341392683855,0.876908962661416,-4.28808277638791,0.35936218067036,-0.15331105313561,-0.00820547000384098,0.0245934454017387,0.437697082139375
-0.999739659792743,0.0476152422165903,0.19329577326061,-0.889170865507087,-2.00382733203243,0.876457003394542,-4.06297903095378,0.286314291455028,-0.161467186669313,-0.0112317469320553,0.0290770132917103,0.410763683550183
-0.999758119382951,0.0477731579307736,0.193588071059873,-0.889263755211997,-2.00429134404615,0.875959141773162,-3.28241594933212,0.546122905147968,-7.51303377342083e-05,-0.0045492900941726,0.0247804247447834,0.427750500097719
-0.999672571166955,0.0480125727718717,0.19391629558841,-0.889268866941757,-2.00477658366387,0.875395884920028,-4.2713479259092,0.451966133727865,-0.0558480015806424,-0.00096993597832995,0.0239533796879091,0.385727925954693
-0.999531454023804,0.0483334771110897,0.194276525856359,-0.889185747743137,-2.00525068030179,0.874756710618333,-3.25581892358247,0.0710004397485591,-0.120010472528037,-0.00273922380976099,0.0197423828095315,0.433141182400926
-0.99937917994542,0.0487150161922134,0.19465111079695,-0.889031874415895,-2.00568636523107,0.874038065799955,-3.90386807970373,0.716837740959136,0.100041156719954,-0.0026682082367997,0.0211767833780063,0.435100715325742
-0.999273216877083,0.0491423883125854,0.195027490125,-0.888821995548315,-2.00605264413401,0.873240039886579,-4.39368827932844,0.419782610681295,-0.0652461367412513,-0.00802645119928869,0.0241996548835574,0.434100541547881
-0.999264400620782,0.049597405962988,0.195391244428276,-0.88857789151885,-2.0063286301262,0.87237420437483,-3.2248910765561,0.626911619690418,-0.103916657778626,-0.0135398698787954,0.0274600890695399,0.469985422870914
-0.999394195660293,0.0500492078137347,0.195719412126294,-0.888333711955136,-2.00650141958489,0.871457235561683,-4.77489551637859,1.09101802364535,-0.0796802483255306,-0.00979057875692968,0.0283558056777082,0.421389703606426
-0.999699472165719,0.0504815268518248,0.195998909265386,-0.88811384022014,-2.00655882504094,0.870502773409038,-3.49166059195949,1.71811130074366,0.0485936006088821,-0.00134281578297113,0.021252078319588,0.459190878510775
-1.00019972645398,0.0508854321939731,0.196219988473962,-0.887939339517784,-2.00650755027402,0.869537191656514,-4.03864186998209,0.505936090529758,0.00637864943641375,-0.00354939931876208,0.0229761659021522,0.421826002722055
-1.00088951538615,0.0512520391925539,0.196370560602376,-0.887831074234228,-2.00636885294928,0.868587314006654,-4.05930785236802,0.347009200567072,-0.062288183031626,-0.00390518133839279,0.0203629776787019,0.430759550007044
-1.00174927446303,0.0515834271823534,0.196444808656271,-0.887799913268386,-2.00616809646774,0.867674310211354,-3.39866590587843,1.00617487682166,0.0471655493666674,-0.00258843884451787,0.0235596569478054,0.474852360422862
-1.00274931481012,0.0518890244871351,0.196441600699968,-0.887849529271515,-2.00593827642394,0.866819534450735,-4.59878826784461,0.377802963864724,-0.0142909771783764,-0.0127159710254219,0.0314828571605658,0.412361022510165
-1.00384691466354,0.0521856347206233,0.196366194095312,-0.887974655156004,-2.00571991631032,0.866044556378431,-3.2753547592543,-0.406809194340667,0.00793412321303322,-0.0101148523530248,0.0254909101190083,0.475556718234401
-1.00499286635743,0.0524928660720407,0.196225603184378,-0.888162819529006,-2.00555684007294,0.86536904023692,-4.37297816400309,1.42705661399054,0.0124223600780056,-0.00648369793746317,0.0230762354426337,0.486904386125271
-1.00613628198631,0.0528286221887528,0.196029826085505,-0.888398843370628,-2.00549295921135,0.864809085699444,-4.50280287131028,0.368777085023794,0.0780816813407057,-0.00250037715343421,0.0224975644414313,0.474534629241664
-1.00723197012447,0.0532057514038158,0.195788361488946,-0.888665404780717,-2.00556372167208,0.864372857906092,-3.37788681703381,-0.106998256810812,-0.121485449296131,-0.0040009321172394,0.0237370584749039,0.48278415741311
-1.00823532956861,0.0536161297066986,0.195499748519895,-0.888955045751601,-2.00580681382886,0.864072159182318,-4.94302299969297,0.609858771638983,0.0446491265482507,-0.00326034703223943,0.0231366038205919,0.434512857684199
-1.00912446366983,0.0540654518079418,0.195177227032092,-0.889248501880889,-2.00623432698676,0.863902212679511,-3.3117242151875,0.767290796496127,-0.0289394615548701,-0.00201672516678908,0.0247203578567722,0.493060502070616
-1.00989324387383,0.0545442918854269,0.194828897419681,-0.889534861010313,-2.00684212518077,0.863847490777192,-4.34482512813952,0.222531557837556,-0.0619720845126324,-0.00566315797245664,0.0256952682968537,0.447015933267609
-1.01054585046623,0.0550220775008601,0.194451287667622,-0.889816846368363,-2.00762070205527,0.863895356136034,-4.2126286958628,0.991671174230532,-0.011532785347498,-0.00960820652624239,0.0265900706529161,0.455704183072979
-1.01109778311136,0.0554744106223755,0.194047533957964,-0.890093289728448,-2.00854752798374,0.864027203429232,-3.67296038321132,0.363628930839923,0.0145666369314768,-0.000349382540459686,0.0210299825981429,0.484632741565148
-1.01157302717744,0.055867553658727,0.193615520660595,-0.890371051729938,-2.00958713727357,0.864214890096327,-4.55641339068893,0.302654378889656,0.13217194331196,-0.00351304389998486,0.0264934071183828,0.432831290053829
-1.01201024373088,0.0561762035628535,0.193159318725094,-0.890654034197618,-2.01068900208521,0.864424303140895,-3.39672018776707,1.08367028858493,0.00547775502903391,-0.00103197963303536,0.0254454685209509,0.46711700637242
-1.01244582187512,0.056383795745119,0.192688338708422,-0.890944586305117,-2.01180046464459,0.864621199839371,-4.26631530423333,0.717984673334058,-0.0545329169571005,-0.00208445398616552,0.0221232487286516,0.438915767627901
-1.0129072097243,0.0564665815206329,0.192202986143788,-0.891253125907763,-2.01288187113462,0.864783661974295,-4.10839216778328,0.569266339273099,0.000420587242018655,-0.00262734072325133,0.0232057364681753,0.45248181960643
-1.01342313279518,0.0564228904320787,0.191716275242272,-0.891579403635462,-2.01388448376815,0.864879499597996,-3.55205030750199,0.814034150142106,0.129975898784295,-0.00227204996355868,0.0248604097137995,0.479685596965174
-1.01400699552511,0.0562597494990946,0.191243968111816,-0.891921363638744,-2.01477442199989,0.864887051117246,-4.57794948151667,0.832681488295293,-0.011494609254953,-0.0028448104479315,0.0237286524523179,0.435667420732429
-1.01466039230566,0.055992429365153,0.190801054214232,-0.892274146425023,-2.01553284016257,0.864794207691074,-3.76346681333911,0.190912399949411,-0.141764173537837,-0.000191048473680233,0.0225838576443377,0.483663528937977
-1.0153703420941,0.0556394751623737,0.190401983531295,-0.892634076807143,-2.01615435796128,0.864595157841451,-4.35906112589123,-0.0768322036872178,-0.0574855665718985,0.00202644659625495,0.0250703608862551,0.470104644216401
-1.01611901310967,0.0552165691028996,0.190056066543999,-0.893001200985254,-2.01664182929394,0.864290333754518,-4.53088357367017,0.193114347845039,0.0256000854793399,-0.00207203856910843,0.0241583894790364,0.483306355690063
-1.01687634318198,0.0547410659233911,0.189771605349772,-0.893376295111435,-2.01701538533179,0.863889995494607,-3.6204619317063,0.0953176395146329,0.0217998981517837,-0.00410537732280636,0.0225912184066707,0.522575989332603
-1.01761041508513,0.0542330326933733,0.189555939342922,-0.893755827153418,-2.01730242024661,0.863409532875385,-4.69228181068763,-0.311779978111417,0.0607903232303784,-0.00876648310363759,0.0253741169201305,0.480726452474598
-1.01828406671617,0.0536883640747341,0.189398514835112,-0.894153638200937,-2.01754089364093,0.862870817638773,-3.89640763809712,1.42107414518546,-0.119761016057197,-0.0065948140943779,0.0255199902998469,0.506718608268693
-1.01886647594542,0.0531039867260787,0.18928894110728,-0.894580795192824,-2.01776692382438,0.862295134117584,-3.99806223850078,0.0940359760206775,-0.0980267625990336,-0.00545625033683939,0.0263045196106298,0.490841610377572
-1.01934032974252,0.0524834626524555,0.18922209528144,-0.895041756518498,-2.01800164194391,0.861691967687599,-4.94046969886926,-0.0240950447871455,-0.0152849294921396,-0.00619085987705326,0.0237101750241159,0.487854830786575
-1.01969945581873,0.0518102701256868,0.189179319533655,-0.895551628873008,-2.01826602284195,0.861076270656331,-3.38648280884968,0.229033282786759,0.0403571167126415,-0.00620463352766176,0.0163007614394702,0.560377744488117
-1.0199425433898,0.0510868225792027,0.189154180088578,-0.89610986005798,-2.01857285581955,0.860454372822481,-5.64151341825323,1.11576115211346,-0.105306148346273,-0.00949579672861933,0.0193359986187377,0.500987716443068
-1.02008481649833,0.0503301359478865,0.189149467627218,-0.89670417344441,-2.01891581446587,0.859819694620247,-3.57270881078796,0.641579947031005,-0.0268596533568086,-0.0154348245680103,0.0230031409805392,0.567249791495774
-1.02015051199787,0.0495547506976619,0.189166436846837,-0.897321055428792,-2.01928212386263,0.859165164777912,-4.84206783426475,1.47039397979074,-0.170974322500825,-0.01417143159011,0.0236943441735558,0.531520245593832
-1.02016826175409,0.0487904633966325,0.1892156725402,-0.897935800619824,-2.01965226221584,0.858478927053933,-4.61045572750771,0.75255869482362,-0.0207391015322571,-0.0136590270372872,0.0257201910661672,0.51828256847404
-1.02016845364849,0.0480822043769118,0.189316846753005,-0.898512293130409,-2.02000049909104,0.857744576997574,-3.94936655165566,0.393787327888049,0.0418820546476582,-0.00527944538372971,0.0218790070854544,0.525149768817371
-1.02017674735799,0.0474808121815506,0.18949146610379,-0.899009261993531,-2.02030653418818,0.856950038242282,-4.76807088681812,0.714396734885668,0.00167496216110408,0.000811293301953064,0.0210566939128164,0.501804324426059
-1.02022141177823,0.0470444336070122,0.189766353557826,-0.89938226587003,-2.02054692306044,0.856083403989236,-4.11166521380659,1.00829190018089,0.149016301898058,0.00413465156860804,0.017951025128902,0.537146013610582
-1.02032247605507,0.0468258571558744,0.19016423087837,-0.899591608447708,-2.02070826612395,0.855142749036415,-4.26580003496935,0.146492219127367,-0.045218045999917,-0.00708637859220795,0.0222133279806805,0.528022777157657
-1.02048865794204,0.0468590976666565,0.190693474380499,-0.899611892050617,-2.02078785217825,0.854130607466566,-5.02442694211305,0.838208301811392,-0.150770863174841,-0.0116503461715189,0.0243960138268919,0.535415661496913
-1.02071969937545,0.0471568556355839,0.191347387830111,-0.899434107258156,-2.02079621698836,0.853061625813423,-3.91806740809449,0.845918722072611,-0.0392780555203558,-0.00930484597492187,0.0206459440766648,0.583758930032447
-1.02101487680869,0.0477177997244267,0.192111536014847,-0.899060996905223,-2.02074550788949,0.851952763642419,-5.15312169980143,0.184122636864231,-0.188381032252579,-0.0111174468458182,0.0233663790150028,0.524742230918514
-1.02136608666323,0.0485059344648961,0.192949853677062,-0.898521887202323,-2.0206630680686,0.850833955194098,-4.10420148317485,0.634700006027742,0.0697067129555364,-0.00496713745662403,0.0190734911993068,0.566121594797752
-1.02176291049811,0.0494538234525557,0.193807436347234,-0.897869123732925,-2.02058096696818,0.849741553302011,-4.42146166073206,0.635312673020962,-0.0630182298409352,0.00471589761890323,0.0161772503150364,0.549787087515993
-1.02219691308255,0.0504874383346783,0.194627482838642,-0.897161246697918,-2.02053145252631,0.84871068845952,-5.14846124052065,0.52188906114975,-0.0549480635810937,0.00191568308553158,0.0222854900462544,0.530422760506104
-1.02265340139927,0.0515109113088243,0.195340889213282,-0.896471383533714,-2.02055586427241,0.847783571633765,-3.35220486456421,0.317816917691061,0.0516196279010614,-0.00365583276609893,0.0166716499340841,0.586477698181918
-1.02312489578016,0.0524283552259899,0.195882931200923,-0.895873600557263,-2.02068396517578,0.846993233625295,-5.7684292592794,1.44319704653003,-0.15590703820348,-0.00910815344404448,0.0231048426843954,0.521732966386338
-1.02361063135765,0.0531552817719989,0.196199627783775,-0.895433870977547,-2.02094141203392,0.846369764470871,-3.72244132665742,-0.320239529458149,-0.0506251944870542,-0.0105785385770023,0.0262992617904706,0.575117459642869
-1.02410470204577,0.0536229326578761,0.196250723472169,-0.895206488314556,-2.02134615020023,0.845931395023926,-5.11506138771506,0.70483798686746,0.0613842169902057,-0.00487064541376547,0.024889468629656,0.53757017673465
-1.02460966690798,0.05378440593869,0.19601212710161,-0.895228019859132,-2.02190514273652,0.845687279667843,-4.5633519640341,-0.214157215264549,-0.00667228101335127,-0.000659607681086527,0.0181014739255044,0.55715594677079
-1.0251274924769,0.0536271174397864,0.195484847661042,-0.895509256718019,-2.02262032105801,0.845639493877817,-4.17846447297404,-0.897293320960216,0.00843278359704414,-0.000715064879843741,0.018236283977623,0.561363975217313
-1.02565126149235,0.0531578077860386,0.194683636490383,-0.896047420694278,-2.0234937684461,0.845785958264677,-4.91550918517794,-0.29143071471799,-0.145749958888814,-0.00860894236775511,0.019241784597315,0.520732453640485
-1.02617830829191,0.0524133090340895,0.193644013656197,-0.896815190024478,-2.02451125685302,0.846105941950537,-4.00900757683695,0.229988506863037,-0.103574815041242,-0.00527062946522827,0.0198846522107061,0.564115181969663
-1.0267084612933,0.0514550668556391,0.192418829342811,-0.897765981864349,-2.02564776048395,0.846567182664323,-4.49071090238891,1.04637735327537,-0.105962269745362,-0.0129583286008264,0.0228783533093108,0.52715309609578
-1.02723639594649,0.0503592775633566,0.191070050139749,-0.898842785791928,-2.02687946900132,0.847136895434039,-4.61635924065939,0.336927086342484,-0.06799970733951,-0.0121836704122837,0.0227721751662527,0.5246303517758
-1.02775281762444,0.0492040457863769,0.189660504456908,-0.899986664337898,-2.02817492975996,0.847769879761958,-4.10010627519898,0.966894705347158,-0.13247159325644,-0.000797098923568385,0.0200434155789522,0.577655900929017
-1.02825148064629,0.0480695545104366,0.188253857558152,-0.90113624024026,-2.02949843773744,0.848418202557945,-5.20733619191543,0.70759117775242,-0.113907352002997,-0.00679265506928983,0.0180146201934475,0.543713442438972
-1.02872944072824,0.0470232869940057,0.186906095954925,-0.902237891405017,-2.03081473381805,0.849039047832449,-4.10575522931435,0.475377698374132,-0.168210939434658,-0.00878839090717154,0.0180342593875964,0.587557451545243
-1.02918443501687,0.0461192597826425,0.185664000435329,-0.903247315027812,-2.03208650916347,0.849588385780695,-4.76757386940864,1.19790762123921,-0.0628992770016055,-0.00958742392442868,0.0176012530664287,0.594776779899151
-1.02962150825856,0.0454062580027994,0.184572823698351,-0.904125601465562,-2.03327364363982,0.850023872425689,-4.8521139475211,1.09455997047758,-0.115483571476574,-0.0118691573728977,0.0250852951257551,0.577852164025162
-1.03004360274896,0.0449033357785478,0.183657196528204,-0.904854412181714,-2.03433884757527,0.850305933545648,-4.13975836646574,-0.00848873288464347,0.0229257287832638,-0.0118124915064031,0.0285485092547547,0.575879856559952
-1.0304515794436,0.0446056956365304,0.182925496658845,-0.905431049305896,-2.0352622836111,0.850416059127616,-5.14660862542587,-0.804566683916846,0.0693731532909396,-0.0122904759332827,0.0230408872809266,0.54895277485718
-1.03085401139617,0.0445099882903817,0.182387284780642,-0.905853436442813,-2.03601906432013,0.850335129587882,-4.54408896669003,0.87543173201675,0.0595214412589939,-0.000237271481067669,0.0130397551375494,0.63047438927272
-1.03125813987888,0.0445990436285033,0.182042463554935,-0.90612970552125,-2.03659480808704,0.850054646654118,-4.8153935712503,0.483790536733522,-0.0182305949005013,-0.00321406727779827,0.0141098836924117,0.621987784228978
-1.03167213846365,0.0448460344719122,0.181883060038255,-0.906274050651472,-2.03698510123147,0.849579882733432,-5.76676092218571,0.328596553023544,-0.196059806046406,-0.0175901573334643,0.0183300992056619,0.595528721896953
-1.03209571884966,0.0452200933841809,0.181895954982042,-0.906303943757474,-2.03720463212602,0.848933143748206,-4.00539518274536,0.5647449130729,-0.118463769080847,-0.0159783024674001,0.0181382934763133,0.662115230308328
-1.03252736606175,0.0456967381587905,0.182068555065522,-0.906232798941763,-2.03727437739198,0.848141963181623,-5.94181397434608,1.18202809520835,-0.226294282334749,-0.0165009671066341,0.0267377464200782,0.572907019475585
-1.03296649368732,0.0462550522891947,0.182387951625475,-0.906072371558073,-2.03722138969256,0.847239894915697,-3.86236105463422,-0.245551461389368,0.00183343131845959,-0.00722414477731936,0.0247503427976976,0.600035879577849
-1.03341135974394,0.0468809720330441,0.182842031092124,-0.905831413881002,-2.0370764285055,0.846262865329513,-5.18485300042659,0.931699074290918,0.0534622059359435,0.000480083015780508,0.0202265639271473,0.576784329545418
-1.03385147523616,0.047550618189538,0.183406299410569,-0.90552483547251,-2.03688636097884,0.845258436489125,-4.93265094088764,1.0649981195852,-0.161117317836982,0.00479001037038662,0.0133270593606415,0.601738611361803
-1.03427263654253,0.0482508184707013,0.184058896939864,-0.905160662463745,-2.03669949130177,0.844272010183795,-4.32837267785459,0.314184663206788,-0.0364592760517439,9.61993333628008e-05,0.0166351293585645,0.619094254911432
-1.03466122604474,0.0489653251010012,0.184773604785772,-0.904752507316776,-2.03655554270542,0.843337500478771,-5.55964417747867,0.741374511917684,-0.0241443695481962,-0.0136284767285102,0.0259238145106317,0.581890331414533
-1.03500919161439,0.0496890599480615,0.185529069151206,-0.90430869388807,-2.03648317444358,0.842478361750597,-4.39963717392152,0.619390112971587,-0.0517688272960868,-0.0153889290742288,0.0285908943030023,0.652829241968516
-1.03529422125432,0.0503950179538126,0.186286035972741,-0.903854342663283,-2.03651866184642,0.841719696397236,-5.41749641609147,0.731973852820147,-0.185163709776248,-0.0128545317766164,0.0257831486113859,0.623707392216733
-1.03550025985837,0.0510726847359866,0.187016340015613,-0.903405634690618,-2.03667519956611,0.841064147177198,-5.0212852640621,-0.104377764192577,-0.0602068568655909,-0.0100056970922289,0.0200497054150414,0.637320879729211
-1.03560622608598,0.0516914454656421,0.187678828590275,-0.902995770047806,-2.03696016975688,0.840506707951288,-4.52472433294651,1.15962267442728,0.0360952391721412,-0.00157400533870256,0.0122667980378658,0.656638596357807
-1.03559655034195,0.0522398619841855,0.18824773280618,-0.902643787560679,-2.03736510464807,0.84003113738842,-5.64715672440241,0.579500192501655,-0.00655642872371232,-0.00774398516562158,0.0171094683848835,0.600603277153193
-1.03544837747075,0.0527033667768944,0.188697700730535,-0.902373579186358,-2.037877172927,0.839616257103156,-4.54285977864345,0.230920432989706,0.0165069168508012,-0.0120251243004952,0.0197417323787847,0.631811577504101
-1.03513932219642,0.0530625671564469,0.189003114707742,-0.902210703208965,-2.03847496138471,0.839233066853581,-4.9615760168212,0.722811411032581,-0.0893548519882472,-0.0145181301372563,0.0222092485435375,0.620266055915693
-1.03465362501738,0.0533221498808496,0.189160180465274,-0.902163563029684,-2.03912406955959,0.838845940779657,-5.13933603256049,0.252724895845859,-0.204887412088908,-0.0153412575197693,0.0225783164220684,0.619203975018435
-1.03398449962965,0.0534869765609161,0.189169954838165,-0.902237806715089,-2.0397792512984,0.838412601107024,-4.45957185025645,0.162570003584733,-0.202746860304245,-0.0126183169261003,0.0221539914130514,0.655756165896334
-1.0331239605936,0.0535636198370355,0.189037504981154,-0.902431487227689,-2.04041313505475,0.837912869437876,-5.81404204332273,0.972768954573439,0.0123829136653626,-0.0097429869963559,0.0168521688281167,0.632415546320313
-1.03206961587617,0.0535639246204793,0.188775252423977,-0.902736216767456,-2.04099989047064,0.837329377630966,-4.7704792157179,0.410669731399594,-0.022442131238563,-0.00565928194984533,0.00978938808294599,0.676315090602139
-1.03083555610846,0.0535090392083433,0.18840644330841,-0.903132490691286,-2.04151159890119,0.836647672090427,-5.301160179595,0.213414485730027,-0.213395179130657,-0.0118431129270045,0.0140901241645877,0.643319925274698
-1.02944412789445,0.0534105585472204,0.18795005107639,-0.903601704025127,-2.04193771111861,0.83587400552258,-5.45949410782686,1.04454088930652,-0.107190464557448,-0.0153355335226495,0.0197680626407802,0.642151385402616
-1.02793072298555,0.0532789087684353,0.187425320964942,-0.904121852330175,-2.04227640392484,0.835024574055812,-4.65790035127571,1.29571985481039,-0.12764621748434,-0.0124993671241302,0.0201651396022655,0.668627954884314
-1.02634102819523,0.0531237603286625,0.186851094299374,-0.904668731004423,-2.04253519322955,0.83412243404044,-5.58707594202673,0.387277379136322,-0.103342389655893,-0.0157760318669697,0.0255165053433271,0.587617768221042
-1.02473213429056,0.0529434743869777,0.186238645268297,-0.905224660541158,-2.04273425829317,0.833205485084111,-4.24636885950957,0.431877119129012,0.0304725351513468,-0.000746654047818485,0.022671695064114,0.607728445061328
-1.0231732685826,0.05274001924312,0.1856009993293,-0.905769584673756,-2.04289270835033,0.832309752350257,-4.93467032738624,1.354560080179,-0.0725056629216567,0.0114304728267878,0.0227909551377447,0.548638696190864
-1.02173580764759,0.0525086379468513,0.184944297383172,-0.906290864185627,-2.04303217222784,0.831469126121271,-4.62681058440126,0.598312885706946,0.0661354484288665,0.0149395384771078,0.0281070632101542,0.478252184230751
-1.02048835544093,0.0522310660023217,0.184262955000827,-0.906789037012539,-2.04318006436885,0.830719898097265,-3.34415055140164,1.01616315303363,0.286504520971675,0.0163968535374788,0.0295399843629918,0.433209744500975
-1.01949693422194,0.0519010199586853,0.183557168601006,-0.90726176875416,-2.04335299903198,0.830084956458861,-3.98900609135796,1.66813501225442,0.189218057637788,0.0169982999375646,0.0357591422318856,0.319084264695882
-1.01881669624143,0.051524575329382,0.182833008982711,-0.907703780270351,-2.04356420303675,0.829580029114334,-2.43524544386685,0.935474429637225,0.206918687959956,0.0198302542635616,0.0374329081935539,0.292516264102774
-1.01849090867801,0.0511076089636333,0.182094901380951,-0.908115243399167,-2.04381518602223,0.829208326719886,-2.86094255827021,0.279579571612885,0.245138254770552,0.0213265093243256,0.0366447304174117,0.234885704130669
-1.01854122466338,0.0506780493627623,0.181361055998348,-0.908485580112367,-2.04409967268397,0.828958981803074,-3.14449586341044,1.53963266874257,0.120497242173485,0.0251557201446313,0.0334028170023924,0.257252080883732
-1.01897023974942,0.0502724986979945,0.180654982171533,-0.908801917684451,-2.0444018255208,0.828811134625412,-2.725255102201,1.17206477405284,0.0449538885595473,0.0217470211596407,0.0255244636190849,0.349602136799483
-1.01976145313641,0.0499415203193871,0.180011633389273,-0.90904368759781,-2.04469102496967,0.828724498993607,-3.96653059943719,-0.142004782421509,0.0361405340351837,0.00706216325410791,0.0273396212216214,0.369859492215995
-1.02088028089147,0.0497435260306194,0.179473504661174,-0.90918371969826,-2.04493863278315,0.828662845746264,-3.67912709172555,0.208027665586997,-0.0734498719650105,0.00224031795672852,0.0300161623524172,0.443798133927995
-1.02227185227758,0.04973419145841,0.17908461753078,-0.909193432589967,-2.04511389132265,0.828584047004229,-3.78737107731286,-0.790128084136995,-0.0448300294848138,-0.00650022982656617,0.0356234628350612,0.463468193001615
-1.02387233244887,0.0499618727267164,0.178886336742689,-0.909043532714849,-2.04518882955312,0.828450741302956,-4.56651289047755,-0.401493170950516,0.0934597686239442,-0.000642014973932348,0.039351928279247,0.477077406707005
-1.0256120246094,0.0504542342710552,0.178911772946391,-0.908714195069653,-2.04514130864921,0.828231268959209,-3.30629777926407,-0.19079124597647,0.204680616007238,0.00956880600562382,0.0338263147969138,0.556345987668319
-1.02741802147517,0.0512242588578697,0.179188197443466,-0.908190376556683,-2.04495986016665,0.827905151222667,-5.37005235921185,-0.382615265129061,0.0854259995503526,0.00703564033112691,0.0268514732452854,0.513882773974366
-1.02921850238843,0.0522617749429894,0.179729103679244,-0.907464850670372,-2.04465352362577,0.827475190893526,-3.63214808205464,-0.724743938815436,0.164867014188729,0.00333391657358328,0.0237606560805915,0.587136992645657
-1.03095086061877,0.0535078305943442,0.180516608276049,-0.906559801415349,-2.04424141990729,0.826954918537763,-4.82102809824988,0.229551955763782,0.0896028129985211,0.00171111888427911,0.0258014449070972,0.553458201070582
-1.03256373946028,0.0548887535777016,0.181522601616651,-0.905505072297621,-2.04375174628161,0.826368024808375,-5.05517678884274,0.0550724496904422,-0.044125226569605,-0.0117868977692068,0.0297227004674203,0.542210341122507
-1.03401770656592,0.0563073359545294,0.182700139918468,-0.904347474018705,-2.04322467293995,0.825750140193981,-4.00919019624206,0.332422624657283,-0.261708309803595,-0.0163150403071852,0.0253116936716561,0.579241749013228
-1.03528958190455,0.0576537116317271,0.1839887084492,-0.903147311860022,-2.04269897684044,0.825135401793595,-5.52086697933379,1.781157893618,-0.25541456059733,-0.0153351297425446,0.0181739084569909,0.531166930864142
-1.03637304751268,0.0588134256112349,0.1853173765289,-0.901971012564893,-2.04221596475758,0.824563948823578,-3.85046960880868,0.977415409039622,-0.13826939184483,-0.00859079485961667,0.0131844369662575,0.554562244989728
-1.03726983443888,0.0596699290815454,0.186604908899468,-0.900893209256111,-2.04182013226563,0.824078292568678,-4.68717840527484,1.42907414714796,-0.0903224900021371,-0.00310975548988113,0.0133738703594456,0.486741062351239
-1.03799420457228,0.0601418791339521,0.187785676521278,-0.899974155881907,-2.04153634508771,0.823696946217589,-4.17261751936809,1.62579822351518,-0.0253526068068481,0.00368476496329562,0.0196959143877128,0.465090858624385
-1.03856694847358,0.060168618120569,0.188798659178407,-0.899269668291114,-2.04138334848923,0.823434607345326,-3.71820781897571,1.19207877334202,-0.0633856368020815,0.00836597663924543,0.0268579979823734,0.46473107986218
-1.0390167329994,0.0597179780864181,0.1895940856024,-0.8988226760098,-2.04136591903387,0.823292133520114,-4.68355585254284,0.581624144577518,0.0255625887342035,0.00466882911024324,0.0312469364564596,0.445256716508458
-1.03937310993039,0.0588121788987905,0.190152345476734,-0.898643910440444,-2.04147838930144,0.823259792504823,-4.23074642741886,1.70852146174479,0.0639925747355505,0.0111149405765212,0.0267615445608267,0.542787642881076
-1.03966494573125,0.0574952364389212,0.190464622680365,-0.898733746980679,-2.04171123743577,0.823327018214485,-4.71179854035631,1.04353643758623,0.206843294909049,0.0105284903837104,0.0239041920160966,0.574690727902094
-1.03992272051444,0.0558500622351517,0.190548557909147,-0.899065366993557,-2.04204048745288,0.82347009385449,-5.25753924225921,-0.0641619541133878,0.16069893470015,0.00814989851998371,0.023276362256096,0.584652896944605
-1.04016874448838,0.0539852040851141,0.190441676733872,-0.899591788559195,-2.04244190650726,0.823662950948906,-4.15864602865054,-0.790470271237382,0.223930255675214,0.010126576030145,0.0233430503543166,0.652367508286395
-1.04042626349094,0.0520202679806543,0.190192449464188,-0.900253195927254,-2.04289123903233,0.823885728290853,-5.68334725216204,-0.136905867801033,0.268737635881394,0.005465986445786,0.0305133887382543,0.613394342124955
-1.04070696148205,0.0500816136568547,0.189861195599914,-0.900977568933993,-2.04337100941189,0.824120914079625,-4.37751156559955,-0.447614053788811,0.106044389468394,0.00221176953086122,0.0267789360788173,0.660920040226384
-1.04102621338925,0.0482888935035017,0.189512937643501,-0.90168965025641,-2.04385824837552,0.8243499144415,-5.01982654103102,-0.829742355010012,-0.0310290908596471,-0.000488887147170658,0.0226707897994888,0.652193778677199
-1.04139145207878,0.046738233733973,0.189205907938534,-0.90232295134924,-2.04433659659319,0.824556024406885,-5.55352955162374,-0.00572837336017074,-0.00841728483439397,7.22573297848861e-05,0.0193400790887067,0.645346717451285
-1.04180524804152,0.0455090110661489,0.188994431473992,-0.902813174064653,-2.04479589299362,0.82472843867273,-4.2607535344477,-0.0232311889226366,-0.0512525744828736,-0.00384946043678402,0.0168776612202893,0.67095541203247
-1.04226021702809,0.0446447181745473,0.188916495339738,-0.903114847690131,-2.0452321509378,0.82485535649875,-5.74481757695537,0.614459388688601,0.104811758160167,-0.0112662502789309,0.0183698861494581,0.605734168378697
-1.04275764985041,0.0441704736650079,0.189003964274998,-0.903192497180104,-2.04563195266747,0.824917732826505,-4.54552530951639,0.578368764453216,-0.00350214615843925,-0.00892434582272905,0.0234356955044809,0.635611950865433
-1.0432864650808,0.0440672975699243,0.189261666473633,-0.903040383556062,-2.04599398571754,0.824901349774533,-4.88925462832941,0.509154960233218,-0.1533848590378,-0.0154180478678363,0.0217720778940005,0.596095875907387
-1.04383714370308,0.0443013834191284,0.189686137396194,-0.902664696316129,-2.04631121987034,0.824786205259253,-5.2234193469958,1.51694159586941,-0.137233824235381,-0.017113268442484,0.0181230400995129,0.595709574240102
-1.04439953869853,0.0448145620058016,0.19025482526458,-0.902093169272456,-2.04657878851769,0.82455335889748,-4.38150265060125,0.644355777782948,-0.0885301866272243,-0.0143432503021019,0.0113812084688725,0.644070531409158
-1.04496277579691,0.0455336154529826,0.190931677855014,-0.901367145664616,-2.04679618372543,0.82418900230591,-5.88526882827864,0.170865764312111,-0.225733460234267,-0.0197139901633254,0.0182046019213845,0.591371502080407
-1.0455158366505,0.0463863496153225,0.191677300519012,-0.900535699771841,-2.04696939798046,0.823691790831013,-4.30007850617153,0.0885763473497718,-0.0903296729824206,-0.0194229340775838,0.0166488322675968,0.647816630956649
-1.0460490259153,0.0472944832425952,0.192442365270239,-0.899657371323868,-2.04710781321177,0.823066854084748,-5.46416485205862,1.46181290441314,-0.00811002018468798,-0.0205127174243973,0.0156113447729394,0.641022411932615
-1.04656012816911,0.048190038353944,0.193179322267653,-0.898790157873637,-2.04722446817425,0.822332205694,-5.40411288968062,0.67867756765213,-0.262785663658889,-0.0188605109028397,0.0212033765400496,0.659002489974735
-1.04705334232339,0.0490184048192672,0.193845088576812,-0.897987949885749,-2.04733269898284,0.821512666032058,-4.81159134565138,0.171638524965147,-0.138917160594474,-0.0169008663146299,0.0197078869965128,0.694378168619798
-1.04753006564788,0.0497410321018181,0.194401462050359,-0.897294338971376,-2.0474602598153,0.82065271958491,-5.94677750994208,0.0479184927257847,-0.102153808190678,-0.016790281078638,0.0144274145517642,0.665940622084784
-1.04799662639396,0.0503330652754004,0.194816431421566,-0.896744463720434,-2.04763713983738,0.819804024640573,-4.99498268466459,0.837929265699586,-0.0841918512537063,-0.0121993342639457,0.012940123341626,0.71060631840118
-1.04846749061712,0.0507905568799467,0.195071970952432,-0.89635950938773,-2.04788674942825,0.819014523496763,-5.3980917353266,0.290146295903014,-0.0820601256564544,-0.0114936910329133,0.0162102986635635,0.681208857645003
-1.04896408748414,0.0511354568136486,0.195168028216805,-0.896139299868817,-2.04822664776844,0.818328932354754,-5.85723012007668,0.630931784704444,-0.0490665063218785,-0.00800143157622912,0.0179858584347867,0.688272584641533
-1.04949799969192,0.0513892805339164,0.195105575117325,-0.896079151323321,-2.04868055467478,0.817788359233154,-4.73570049873194,0.644205706373896,0.026913411482127,-0.00425356437264091,0.0187471697030993,0.737188194798156
-1.05009254574937,0.0515987421667301,0.1949063202031,-0.896152681783999,-2.04925024929879,0.817410760705188,-6.39000716781726,0.401636812629931,-0.0228868428655744,-0.00583288281390582,0.0191761646492492,0.67868184105419
-1.05076194876975,0.0518024983720844,0.194590663184231,-0.896333154777266,-2.04994195834487,0.817210633402794,-4.77269411950255,-0.107525680085246,-0.04503882278064,-0.00387353391065837,0.0184203973789787,0.725360685267038
-1.05151625433188,0.0520399156696509,0.194184904828633,-0.896587443233752,-2.05075252270759,0.817183087403402,-5.71198294314786,0.553781052082968,-0.0543187697226415,0.00136070713753211,0.0207380949573341,0.687474747781584
-1.05236217163135,0.0523542663267662,0.193724778484635,-0.896876860942295,-2.05166240117228,0.817298197817158,-5.32831458632785,0.272059207816255,-0.0296775571032413,0.000270610626064816,0.019486179298804,0.676661019061731
-1.05329595935198,0.052761535949835,0.193232542769165,-0.897177680851375,-2.05265803704136,0.817524141582888,-4.9609790107591,-0.0933944260823409,0.013630430891908,0.00150988099437699,0.0221507682166749,0.688474725339245
-1.05431338479412,0.0532786180395002,0.19273734456086,-0.897461770713056,-2.05371056514348,0.817811441692161,-5.80059848467982,0.0259882628815831,0.00415774172716965,-0.00261097717183612,0.0233461455040091,0.662426043167195
-1.05540020896772,0.0539142262327932,0.19226739166797,-0.897706262532493,-2.0547959763884,0.818111987948406,-5.16621647439166,0.446104809240524,0.0591314404024672,-0.000977072379324095,0.0173768551559312,0.709134978560097
-1.05654028985019,0.054651786385433,0.191837641796858,-0.897905663641999,-2.05589124819356,0.818381290452258,-5.39001590052385,0.173573630520877,-0.0839177174679833,-0.00776045157604566,0.0179410668917137,0.696941908302904
-1.05771104933959,0.0554749942269233,0.191465647360526,-0.898054521583228,-2.05697335164389,0.818573942821305,-5.95139854144514,0.866349206414725,0.0252428184966789,-0.0151928976058491,0.0166513432460998,0.695218635087106
-1.05888760980076,0.0563518310507325,0.191158744553093,-0.898160052958002,-2.05802929924277,0.818663248180655,-4.78227912959483,0.927501146344184,-0.014332459936071,-0.0124978646194784,0.013477897017583,0.743330501119076
-1.0600478939322,0.0572385142877536,0.190915081401286,-0.898240168365649,-2.0590451489231,0.818627141648838,-6.38458810702963,-0.303800172308456,-0.0964704601807966,-0.0166866506015264,0.0192547754037963,0.681246914607943
-1.06117490291118,0.0580976493353385,0.190735808178778,-0.898310722646863,-2.0600107702247,0.818456260295976,-5.01141669224671,0.0313640060824127,0.00896036288145297,-0.0126937631850552,0.0187014431605064,0.734973340685366
-1.06225176321743,0.0588911992337495,0.190617148217245,-0.898390696350121,-2.06092417676975,0.818155048344042,-5.95311781014925,0.703955800501262,-0.0771473628847161,-0.0132296420136173,0.0148674328121991,0.719254085662709
-1.06326954044594,0.0595899383218388,0.190555909131524,-0.89849529361282,-2.06178283344409,0.81773506883799,-5.99466252626689,0.43924380857743,-0.24859713859567,-0.0140120135066537,0.0168354431073028,0.719629302753844
-1.06422362661148,0.0601641667134558,0.190542656061558,-0.898642357256038,-2.06259050872195,0.81721713093708,-5.19078102725388,0.610229312315596,-0.0131740846194361,-0.0132957964972849,0.013329806431722,0.769335797192572
-1.06511831938583,0.0605993427350118,0.190572520974637,-0.89884311683863,-2.0633450974873,0.816617856042736,-6.40338928551688,0.567310451127241,-0.0538166747342075,-0.014606706502907,0.0194620449688468,0.739921531499621
-1.06596175134646,0.0609092075007913,0.190653162376369,-0.899089821711456,-2.06404698085196,0.815956054314437,-5.40510508838952,0.447599004888161,-0.15934883752206,-0.0105857681420862,0.0183221709028737,0.787069492271626
-1.06676208658537,0.0610959307456573,0.190778532829609,-0.899384200805438,-2.06470801035584,0.815261751295887,-5.6949501420242,-0.219968178986164,-0.139101339552894,-0.0123290037140986,0.017416436899482,0.768015039137759
-1.06753354617998,0.061183502326986,0.190952724905753,-0.899714592130113,-2.06533067653224,0.81455168073731,-6.2743389426368,0.141800746235958,-0.0770916772357566,-0.00935353822600815,0.0148934757374127,0.765470700054274
-1.06828431431597,0.0612043043878527,0.191181114279628,-0.900064895017326,-2.06592510049149,0.813842006503921,-5.17738617328865,0.189027326148107,-0.186401284644688,-0.00769025656660549,0.0126214047566781,0.800532215720428
-1.06902128685469,0.0611886424912287,0.191465151109992,-0.90042235243622,-2.06650609099842,0.813151199170085,-6.70510589284822,0.295402423424775,-0.251141994884449,-0.00922917911031451,0.0188974412370373,0.734549079594697
-1.06975443684942,0.0611800348856475,0.191814156091263,-0.900765844319094,-2.06707813371075,0.81248299564486,-5.20679332405382,0.266983806512826,-0.0202554839267464,-0.00547364206999656,0.0138279734213958,0.794471998175714
-1.07048724611702,0.0612027437510614,0.192223559059374,-0.901088169123592,-2.06765511642387,0.811846639023605,-6.12085427178596,0.997112628420382,-0.0361309914803485,-0.00161540918200709,0.0178416435815273,0.759971548983619
-1.07121675340742,0.0612814349294526,0.192689884333135,-0.901382131345872,-2.06824581572114,0.811238567144686,-6.02683195722,0.496052984980906,-0.0659272144850718,-0.00610254029116675,0.0201579760785424,0.751124102411157
-1.07193203207854,0.061432389982194,0.193205150883148,-0.901647881809212,-2.06886226169735,0.810654910141797,-5.15184273761207,0.606445322117906,-0.164097863373172,-0.00236044069076513,0.0160588463571628,0.783798435543557
-1.07262314122204,0.0616466287999158,0.193746002419173,-0.901902819596573,-2.06951279879683,0.810090303699793,-6.26793153749429,0.652674409602469,0.0504882502591784,-0.00204290122645334,0.0187137434595169,0.735628254132847
-1.07327618376324,0.0619123623562476,0.194289783710246,-0.902163802462979,-2.07020285522134,0.809534326494152,-5.23204336898561,0.237863136771466,-0.0417663476620476,0.00177970295471619,0.0209059207594157,0.752496838073148
-1.0738725222,0.062203539519456,0.194805873278118,-0.902456678417068,-2.07094245429524,0.808981348541756,-5.70975758937357,1.07125035957824,0.0301155580095838,0.00114117786777879,0.0225324201717462,0.734279779562691
-1.07439983881184,0.0624865979694071,0.195261896336558,-0.902809872183986,-2.07172893968165,0.808416835529463,-5.86356210503141,1.13693898302517,-0.0317346164341643,0.00544980500711922,0.0224658129816399,0.747629982164012
-1.07484709891116,0.0627254496821203,0.195627021045401,-0.903249985550897,-2.07255710107027,0.80782577723015,-5.19898980260643,-0.220491839305396,-0.0290262584113634,0.00411774698900569,0.0220147201009209,0.785880741525854
-1.07521064083183,0.0628785797439866,0.195869432216129,-0.903803968404047,-2.07342040720735,0.807198408921809,-6.43469474235661,-0.57582690586969,-0.0971326122925404,-0.00448414180415035,0.0215890090949602,0.745903717305731
-1.07548658514334,0.0629137574568386,0.195965039801702,-0.90448889369756,-2.07431580439613,0.80652957698058,-5.60858446148978,0.36427138711565,-0.10494326656098,-0.00385490825934909,0.0162207897564181,0.814504075415835
-1.07567870115585,0.0628115482884706,0.195900460990954,-0.90530871875535,-2.0752400561782,0.805820348307379,-6.14941508788445,0.590682544992887,-0.0561268959594656,-0.00271890999715563,0.017840894725358,0.804859786671618
-1.07580032082211,0.0625782114951514,0.195683377909165,-0.906248991657937,-2.07618148020159,0.805065656646736,-6.47920226379068,-0.280910312285641,-0.0866924928062645,-0.00488527648313442,0.0195662102720595,0.790086928433911
-1.07587766763059,0.0622296580689143,0.195329319044711,-0.907287532594283,-2.07712353782708,0.804263343994992,-5.22866314428654,0.360348565661752,0.0370575816782548,-0.00192085421514987,0.0197804514166834,0.830021727855066
-1.075934911478,0.0618018011046662,0.19486826293636,-0.908387115721179,-2.07805360459771,0.803413861638078,-6.88209502124778,0.874848988083841,-0.0827628399378852,-0.0012943553142013,0.0197144685242773,0.778212776103338
-1.07600538123758,0.0613515794649402,0.194345591989913,-0.909497878812642,-2.07895383491267,0.802517713484444,-5.30395215274439,0.26345184433012,-0.164447260444575,-0.000735416259829424,0.0180247089431475,0.816319767559279
-1.07612595543577,0.0609445750148501,0.19381270462276,-0.910567617363064,-2.07980719784763,0.801577243192224,-6.1621048515895,1.37035004225254,-0.0719966814149871,-0.00409469030618403,0.0183077380607397,0.787970212429699
-1.0763291300082,0.0606460979915644,0.193321425800546,-0.911547990951787,-2.0805950176023,0.800590515564103,-6.14989406688693,0.949850190126881,-0.0392919607726014,-0.00471975032735417,0.0176830730960428,0.800858097220987
-1.07664738969375,0.0605287515128898,0.192928024137193,-0.912390738129885,-2.08129634162175,0.79955374155942,-5.45753251974975,0.127840762735786,-0.0916294723541569,-0.00235044916960225,0.0159844005421984,0.825785466473477
-1.07710603641599,0.0606527221875197,0.192678340637676,-0.913057293709419,-2.08189680005821,0.798467657575142,-6.67583867522336,-0.0577238286527972,-0.0792120396637301,-0.0071037887616936,0.0200272187784217,0.777225201646817
-1.07772014739822,0.061054247366557,0.192601001980571,-0.913528838834773,-2.08239450450438,0.797345072354304,-5.44929300161061,0.736352782649874,0.0363716705172692,-0.0014113285273849,0.0178424784753994,0.822690514092489
-1.07848868057637,0.0617507348608823,0.192709366718556,-0.913800767255187,-2.0827946515919,0.79619744943112,-6.16489478028694,0.483999012647701,-0.111334278603096,-0.00230167025469985,0.017592402980226,0.794176021418759
-1.07940301409223,0.0627406113129734,0.193003420432816,-0.913881586345336,-2.08310595428393,0.795037288554514,-6.01636799787985,0.709504658214883,-0.101593751734299,-0.000957000124719443,0.0202028204658364,0.788736555842473
-1.08044469053728,0.0639953108124125,0.193464700574316,-0.913796589087788,-2.08334495802318,0.793880307292046,-5.62068316383409,1.1735851359374,0.0624706931569108,0.00207802588964112,0.0189076001544882,0.803126962722999
-1.08158087069637,0.065460392001202,0.194056088274077,-0.913585008711734,-2.08354179360266,0.792750366229521,-6.06370889661838,0.0412722018973,0.0265580203768536,0.00373605238425512,0.0235395044759866,0.77731750836035
-1.08277186937641,0.0670721270361785,0.194734564386035,-0.913288903221803,-2.08373321723893,0.791674740503731,-5.8461633521855,0.209125123337117,0.0856185761558379,0.0109257085331325,0.0204478581501232,0.799564562258632
-1.08397220656799,0.0687442762533896,0.195443693973912,-0.912961833792458,-2.08395442827626,0.790672169869548,-5.60226330803067,-0.144952498771545,0.0547520883701509,0.00941006830302227,0.0187775073356938,0.801578603252248
-1.08514368564544,0.0704043469720892,0.196138294015702,-0.91264278728659,-2.08423643580379,0.789759642559443,-6.88901381163311,0.501283936184791,0.137472396255475,0.0064848017374004,0.0182965856730226,0.811425720466908
-1.08624216347081,0.0719690372844504,0.196768669227947,-0.912375366109667,-2.08461583008849,0.788954390534032,-5.32060421615114,0.581492721173618,-0.06610966114539,0.00822418968021843,0.014287961257913,0.89321948474605
-1.08724309093447,0.0733712369376098,0.197300831679643,-0.912190064780282,-2.08510700887181,0.788256596037806,-7.66859368826397,0.55058744513758,-0.131749047016172,0.00335183209833767,0.0166561119295331,0.829168021662978
-1.08812068886434,0.0745460669902904,0.197704315230754,-0.912115213131941,-2.0857280667373,0.787669295273366,-5.20625077582963,-0.156599793378746,0.0255384540880925,0.00248335463790772,0.0202572932122931,0.886708304811288
-1.08886518464849,0.075455152076179,0.197968560185516,-0.91216005546337,-2.08648146262518,0.787185105669323,-6.80714284956213,0.852958578934931,0.062519895736159,0.00766199249508759,0.0215380777151608,0.828267760994795
-1.08948202286077,0.076075111628862,0.198097749907719,-0.912328356022071,-2.08735400646485,0.786788133910461,-6.21621309076937,0.401947398589073,0.114671314170863,0.0124013097140652,0.0239616848641278,0.818469201935154
-1.08998579967742,0.0764005488061512,0.198108658618216,-0.912616003120549,-2.08831879465759,0.786451275265886,-5.7379032327471,-0.12267647936892,0.13227784457419,0.0118775108712414,0.021400795379488,0.826844891138035
-1.09040248831206,0.0764414500334833,0.198027183162609,-0.913011187726093,-2.0893401385376,0.786146720700971,-6.20832645067281,0.414549790869387,0.0305623230522656,0.0070437889127537,0.0173823644652048,0.805857804829496
-1.0907629042159,0.0762313374182009,0.197893794099665,-0.91349012959396,-2.09037379736691,0.785841744532041,-6.02306824960982,1.27477914194333,0.0225987898620588,0.00685676696227766,0.0141015640112832,0.834118094969365
-1.09109691619778,0.0758092606172518,0.197749270930228,-0.914031444777825,-2.09137880644261,0.78550965102969,-5.98466652062791,0.373574968338517,-0.170521012463382,-0.0030637727192464,0.0190138209586302,0.829850330373172
-1.09142978030617,0.0752206734247816,0.197632666123281,-0.91461241551544,-2.09231494932789,0.785123277961488,-6.95572077745828,0.991713074397012,-0.115537081166394,-0.0065763076767209,0.0197441979763168,0.855592777666546
-1.0917801951399,0.0745153120933963,0.197580964496401,-0.915210729763194,-2.09314847452318,0.784660555864002,-5.76837492142045,0.612651835570659,-0.106271535033756,-0.00317392858682064,0.0135303004656136,0.918541130213616
-1.09215747760563,0.0737457303352302,0.197625381299737,-0.915802420562656,-2.0938575613831,0.784109542613175,-7.53139164578408,-0.156372877205058,-0.0261895712480964,-0.00955644278762957,0.0150907904646603,0.863403574834094
-1.09256469306704,0.0729681100502573,0.197793032522718,-0.916361288221944,-2.09442753718782,0.783462463241732,-5.6843817541565,0.359068718734534,-0.0213042406198269,-0.00769448372506432,0.0100188553686245,0.936804130416919
-1.09298786473767,0.0722304608572184,0.198098397492836,-0.916866240316865,-2.0948626390972,0.782721510139341,-7.01525870590689,1.19246987198585,0.0610314016160203,-0.00154774700079097,0.0109762835982169,0.898544321794894
-1.09340755244035,0.0715754828702551,0.198547715708323,-0.9172991376251,-2.09517360991336,0.781891657978678,-6.30873005911411,0.269615319592731,0.0547701580394744,-0.00166080922385259,0.0206576773421712,0.865971815631912
-1.09379960463614,0.0710317203674427,0.199133457167463,-0.917649389843607,-2.09538502222249,0.780990154225384,-5.97656269931639,0.196419025292926,0.051157056783012,0.0023655507710556,0.020936362724355,0.878749202110667
-1.09413556205532,0.0706177498046392,0.199837332152549,-0.917909724855043,-2.09553132673737,0.780038816943779,-6.69369835175081,1.35881835613236,-0.00810162179269014,0.00556430081038783,0.0149006266486744,0.873748187184494
-1.09439092064058,0.0703453413655293,0.200636578838798,-0.918075938209234,-2.09565046008138,0.779063819956698,-6.45598222780757,0.525435869512194,-0.0801188697457462,0.00562466662335481,0.0157660001223499,0.905209602223129
-1.09454812403627,0.0702104736939111,0.201499751520332,-0.918153535077593,-2.09577768982971,0.778090232916043,-6.48454492703564,0.133408219526473,-0.0594711845381539,-0.00313148747614678,0.0114749062263051,0.919787494568598
-1.09460076780186,0.070198860016994,0.202390042304978,-0.918153832185782,-2.0959401673159,0.777138451725186,-7.58084248527871,1.53838469117932,-0.0355361607989835,-0.00669755727345533,0.00961131973429175,0.939824323885327
-1.09455157815889,0.070295667715123,0.203274094527141,-0.918088817551022,-2.0961576038599,0.776224101933292,-5.9364177587783,0.528071967598407,-0.202396387244278,-0.00689955887791482,0.0112599737101438,0.979953160183013
-1.09441602760984,0.0704710543038782,0.204113622874819,-0.917980393681211,-2.09644299515362,0.77536087494478,-7.77864633998371,-0.0362973551939376,-0.116122114326799,-0.00990887681645214,0.0185917905990912,0.896242079214816
-1.09422169071205,0.0706988171714888,0.204878150472489,-0.917848842689244,-2.09679466128612,0.774555352574108,-5.82301504409588,0.595113582789963,-0.154909579251409,0.000608409781713171,0.0119948154444993,0.938767831778728
-1.09400502993861,0.0709514143071406,0.205540665127741,-0.917716601041424,-2.09719652446816,0.773799638829147,-6.73537658238558,1.11919451911331,0.0150701267984914,0.00926773838554773,0.0157496014234973,0.89885550069573
-1.09380546957943,0.0712087271799229,0.206083293860846,-0.917600214020173,-2.09762569663067,0.773081100717088,-6.7215643829374,0.000352619845443769,0.190183540550521,0.0101967337640874,0.0174150824239521,0.874622514596686
-1.09366133785183,0.071454614769614,0.206495554698717,-0.917514071351171,-2.09805414338225,0.772379728651005,-5.91596310108895,0.540970811875468,0.117431548436542,0.010970356299516,0.0143143239522941,0.924646939411255
-1.09361197619809,0.0716847744477276,0.206777720664588,-0.917465278666904,-2.09844766399366,0.77167149719099,-7.5284378794608,0.836460586882822,0.0325496182157394,0.00246516300627375,0.0159267778515441,0.906431773957727
-1.09368867928575,0.0719015120342634,0.206936608657979,-0.91745401517457,-2.09877735847432,0.770935145031598,-6.19000592309726,-0.541690202805057,-0.075130485602017,-0.00407823138193031,0.0148496545656285,0.975464663845734
-1.09390502583951,0.0721031583923235,0.206976215217944,-0.917481819140818,-2.09903536360912,0.770164980212043,-7.32903081431959,0.676558042397801,-0.113062555704261,-0.00628853970376886,0.0152298077757128,0.967764336075372
-1.09426623894451,0.0723087768042685,0.206915311952722,-0.917534648156686,-2.09921512663884,0.769352152524264,-7.29130105287175,0.872071128933158,0.0292275538734259,-0.00703698867868852,0.00785973006186719,0.978815545391726
-1.09477171016969,0.0725406041070888,0.206775958670193,-0.917596083431731,-2.09931587261608,0.7684938467375,-6.2283365129116,-0.296283333118708,-0.0763334865214063,-0.00577135039678822,0.00896753212619328,0.975738708749418
-1.09540390693027,0.0728083667395634,0.206570848291808,-0.917655273338678,-2.09935758942355,0.767603275901309,-7.52946030447265,-0.145098555374943,-0.00648598756740171,-0.00164896096906819,0.0122037329121498,0.909806955231128
-1.09613989827257,0.0731299881093408,0.206317889314776,-0.91769621499274,-2.09936651178338,0.76669955072579,-6.11465770021073,0.823612736618543,0.0964130702905379,0.00126769439443564,0.0085585949837198,0.953253090335977
-1.09695292443376,0.0735248307008307,0.206035836891594,-0.917701484044248,-2.09937468701261,0.765808697148406,-6.96995222778617,0.74034730714925,-0.0429637393390578,-0.00749109696120609,0.0116428939277933,0.904974721466925
-1.09781487336138,0.0740134159990307,0.205745183117532,-0.91765339805861,-2.09941095086243,0.764952787874601,-6.64740927186335,-0.368169606170568,-0.0859829668373209,-0.00787796169166777,0.0161427014410591,0.918437833698539
-1.09870426710501,0.0746049257039427,0.205459009638939,-0.917542605580325,-2.09949926249352,0.764154422761165,-6.43802636636104,0.848490944278183,-0.0208502470379983,-0.00231561816519443,0.0120831762519442,0.960611519290032
-1.09960149303288,0.0753016154162056,0.205186562981843,-0.917364489199202,-2.09965875358115,0.763432101659732,-7.20169274454111,1.17179545680551,-0.0447142081625316,-0.012107684398651,0.0119290500834595,0.945779975586902
-1.10049419982478,0.0760969837777159,0.204933427332645,-0.917122641495487,-2.09989555205275,0.762795035151359,-6.60744635352438,-0.152562858069132,-0.0926587197065487,-0.0124662652625598,0.00795234037894199,0.978293499831802
-1.1013787044966,0.0769810125037065,0.204703622163381,-0.916823341920215,-2.10020609468693,0.762245568817391,-6.8832091323834,0.130550182490424,-0.169284854810599,-0.0110376134230967,0.00413862541982585,0.971854972414101
-1.10225671451028,0.0779301388191387,0.204492918610694,-0.916481373674821,-2.10057947817401,0.761781012123602,-7.32358436132904,0.430965945034586,-0.19207995828242,-0.00911737261865442,0.00708581977760181,0.96094256888612
-1.10313271618296,0.0789138921469466,0.204294149163211,-0.916116491096247,-2.10099753209049,0.761389826807184,-6.3550758991766,0.538788566473841,-0.104147653566116,-0.010095041213467,0.0119994118339933,0.979158778717503
-1.10401760521017,0.0799113241455922,0.204107028491721,-0.915739479678624,-2.10143014612232,0.761047301374472,-7.34424914069331,0.0802653071687018,-0.116338123373424,-0.0126440951437039,0.0127892733811943,0.939377295198154
-1.10491858879287,0.0808885291201076,0.203922849336268,-0.915368811551892,-2.10185714642419,0.760738788078479,-6.53359438839311,0.195770778279439,0.0241211749811043,-0.00761400075607588,0.0056888850828013,0.999915211970769
-1.10583696802361,0.081809574715904,0.203730555405243,-0.915022836276929,-2.10226079901551,0.760443985567881,-7.12061514199524,0.195602006811669,-0.118610672861109,-0.00927099537526166,0.00513741733639189,0.996484797225699
-1.10677771779031,0.0826563931209829,0.203531063590458,-0.91470663284417,-2.10262198148618,0.760141862821203,-7.69281894031985,0.406782942238124,-0.0686954879809889,-0.00989125956965431,0.0062653281144307,0.985681271311156
-1.10772997853571,0.0834063808281895,0.203320654405868,-0.914427617934473,-2.10293358146831,0.759811784994714,-6.52200905418863,0.887379967652578,-0.143537265305326,-0.00827589877595258,0.00592332506689952,1.04561324501081
-1.10868598302906,0.0840539721637352,0.203106009753344,-0.91418086735607,-2.10318680788857,0.759430657404197,-8.09410282910102,0.571479835139371,-0.117794861378741,-0.00937422834223112,0.00882904453609079,1.00288563790461
-1.10962981155082,0.084602960233692,0.202898653055748,-0.913957440866326,-2.10338929763143,0.75899031190637,-6.7177236662896,0.863669208723195,-0.0953822569429406,-0.0132357475234715,0.0103663346528278,1.05189556221867
-1.11053956852981,0.0850610717180178,0.202710010059203,-0.913747414114849,-2.10354693411865,0.758475212725911,-7.67759003478346,1.35544795139708,-0.134115309659933,-0.0124823881799316,0.00810236461733554,1.02677579453597
-1.11139395763119,0.0854546157847702,0.202561725959166,-0.913530822141002,-2.10366273647699,0.757865160761628,-7.5380747354248,0.389017589689274,-0.152208237149551,-0.0101059825255749,0.00666571812796785,1.0320253499697
-1.11216940105888,0.0858088567305053,0.202471479583184,-0.913290614843728,-2.10374824628057,0.757152520548998,-6.72786666430369,-0.0552380662870746,-0.158432868325008,-0.00657728441142114,0.00346989879966414,1.05821016354853
-1.11285279639204,0.0861548433927526,0.202459609868402,-0.913008481778499,-2.10380759415318,0.756328843366347,-7.7980802039545,0.324017856786668,-0.00127781614656897,-0.0114220651449304,0.00861138997237526,1.01516485818476
-1.11342344343152,0.0865141245750873,0.202537351763207,-0.912676966442986,-2.1038516640196,0.755391335724717,-6.96193552726891,0.511599035373138,-0.0435275590960771,-0.00733542447333058,0.00793769961850871,1.05012681474404
-1.11387158816798,0.0869031944538428,0.202709418744858,-0.912292754267315,-2.10388830004705,0.75434482104084,-7.33425426174728,0.476462829873753,-0.175280703331111,-0.0125973388694498,0.00605280605071373,1.03542164106175
-1.11419066285698,0.0873172409675638,0.202963322935888,-0.911867810359538,-2.10393627193513,0.753212333008232,-7.80770911439737,0.384652686145273,-0.0935538827909852,-0.0165573178295135,0.00498261728944038,1.04428596238469
-1.11438461299502,0.0877552288068619,0.203288695468864,-0.911412310900516,-2.10400520710914,0.752014868816864,-7.01014601306264,0.336714795110765,-0.151059292261266,-0.0170672409709836,-6.67652589274037e-05,1.10877124919912
-1.11446140096758,0.0881941457413653,0.203658200879445,-0.910952382879576,-2.10411456186848,0.750790630258811,-8.44773781639026,0.968360659602922,-0.233152047525437,-0.022006888359269,0.00411583585693975,1.06282936415625
-1.11443526142359,0.0885998526647462,0.204035256183144,-0.910518974865315,-2.10428644713551,0.749584667924917,-7.13520216353561,0.654912720980292,-0.189919451755287,-0.0189022756379482,0.0046978922087661,1.10003858978743
-1.11432625932369,0.0889453980138368,0.204390009654464,-0.910138234377846,-2.10453923724045,0.748440225555399,-7.64098191288997,0.790857807116708,-0.0459606186083192,-0.0150471324554955,0.00691892763522756,1.06519894942679
-1.11416235735496,0.0891984752822781,0.204688591606951,-0.909839158590192,-2.10489021500293,0.74740261940315,-7.83624265527453,0.0681089638101184,-0.00586203932084572,-0.0160588416105933,0.00544949049466376,1.06042919466391
-1.11397604640885,0.0893256405837839,0.204898248205654,-0.909650566154967,-2.10535246818473,0.746511583940623,-7.04129995723196,-0.330856650990881,-0.0422235439530709,-0.0127257649273287,0.00185478786329524,1.10181781876237
-1.11380792733319,0.089317322179026,0.205006279702898,-0.909583499548582,-2.10592170299129,0.745786494560173,-8.63862076798074,1.28585511992014,-0.116415689628951,-0.0134498383170341,0.00500635626929352,1.05168740668666
-1.11370292951184,0.0891773329367327,0.20501120704785,-0.909639378472068,-2.106584236189,0.745234142909159,-6.74160403904085,0.105161882348966,-0.147407701927818,-0.016087319123232,0.00484090883188448,1.11584627668085
-1.11370118500095,0.0889241325910062,0.204922815418985,-0.90980791295992,-2.10731538411783,0.744841106751301,-8.20704524947774,0.266792503569604,-0.153399498414643,-0.0180303877494645,0.00358368569685069,1.07709571034626
-1.11383485243707,0.0885853171779081,0.204760699507534,-0.910073126240129,-2.10808350909425,0.74457527263794,-7.50151790791438,-0.252877014483147,-0.170486750449612,-0.0184131261936211,0.00627800899710174,1.07657318334533
-1.11414008371827,0.0881931563569553,0.204550223499619,-0.910415113761813,-2.10884540303394,0.74439430982693,-7.27772489897768,0.0537863568015382,-0.215041531410122,-0.0146703814046312,0.00676316265260113,1.07858923918355
-1.11463707665406,0.0877907588778104,0.204324109045343,-0.910803560820444,-2.10955830425128,0.744244213656889,-7.864862598537,0.844727579296659,-0.177487961278644,-0.013690989977428,0.00645525871347935,1.05386368083816
-1.1153363495544,0.0874210755651461,0.204115127077518,-0.911207345533659,-2.11018518002436,0.744073836000141,-7.31608245321701,0.242033041133709,-0.134075225187189,-0.0139465442040407,-0.000233154186027595,1.0845870804909
-1.11623897656342,0.0871226471420918,0.203953745932946,-0.911598099776697,-2.11069399433037,0.743834807114611,-7.33540096711374,0.624806725624694,-0.141178817694197,-0.018674611182377,-3.576321747778e-05,1.07580894159652
-1.117328716735,0.0869200390685769,0.203858465077175,-0.911953807795586,-2.11106534716797,0.743485742178751,-7.84945112181191,0.560806586044919,-0.334279431640709,-0.0225212461499535,0.00408342835276049,1.07487802005857
-1.11857653075331,0.0868278150631188,0.203838436679686,-0.912259593258794,-2.11130044110142,0.74300852904027,-7.13745060326426,0.823654531909142,-0.240883026453218,-0.0190411192706561,0.00500729419367835,1.11551991521928
-1.11994949420053,0.0868566206506216,0.203898495865302,-0.912501884622139,-2.11141127205834,0.742396751964991,-8.11129487974324,0.291233591792206,-0.275099443320869,-0.0237210013209239,0.00548797314452232,1.0809122576799
-1.12140574474604,0.0869991100948839,0.204029320067607,-0.912679945911864,-2.11143130258228,0.741672034612495,-7.34460765954424,0.566676843748837,-0.262140277786955,-0.0193901402097616,0.0043861136601816,1.14329996884291
-1.12290082706337,0.0872414784552982,0.204215373490413,-0.912798404814286,-2.11140142836901,0.7408650165808,-7.93984965127555,0.585808906156672,-0.150807186726894,-0.0154320269706312,-0.000273162369437974,1.14026875634893
-1.12439644259308,0.0875735103568074,0.204442929193154,-0.912860845947034,-2.1113646122493,0.740014786762217,-8.44314067878759,0.233944877431895,-0.191526842843189,-0.0235335698258403,0.00156845706642633,1.12502350983479
-1.12585588230234,0.0879787397713372,0.204693712892019,-0.912875421213673,-2.11136928716099,0.739168697995735,-7.17286913471031,0.509352074347817,-0.239250005196681,-0.0242478216075948,0.00328196221623245,1.17622856178125
-1.12725396658075,0.0884423896642099,0.204952275392337,-0.912852229960324,-2.11145438881225,0.738370647863967,-8.78789657802923,1.12517516951584,-0.262421501242983,-0.0219383226938166,0.00455871416986547,1.11684008989361
-1.12857839003605,0.0889634040769005,0.205215577523818,-0.912792312051226,-2.1116421936743,0.737649557602273,-7.37251558101661,0.000676399602070887,-0.3178546762108,-0.0186595020411944,0.005547517070078,1.13974890854595
-1.12981909261414,0.0895210808849569,0.205468014270118,-0.912710791917246,-2.11195641754908,0.73703557029621,-7.7332153828815,0.0188144538155939,-0.153235934602151,-0.0180426518328929,0.00143029779151882,1.12332956856034
-1.13097360669818,0.0901035590595711,0.20570302350542,-0.912616613357827,-2.11240711235243,0.736544255721037,-8.19008313437888,1.22903037576134,-0.0548564926064898,-0.0129379077522183,-0.00161166091452353,1.12712226545935
-1.13204543777562,0.0907022985195143,0.205919548773841,-0.912515928444584,-2.11298877633551,0.73617281295621,-7.32227457564744,0.305604873448601,-0.146029778417102,-0.010986664879201,-0.00267947185278655,1.15074274792951
-1.13303820624273,0.0913053169012077,0.206117310041493,-0.912415436165245,-2.11368631643298,0.73590287680496,-8.58898138162272,-0.161411373856481,-0.333333016741108,-0.0235250989240576,0.00123209068604641,1.10124264794987
-1.13395348677297,0.0918996806742411,0.206296990477343,-0.912321170177712,-2.1144821446094,0.735709548683973,-7.41637315313534,0.73057945884284,-0.181228112799857,-0.0217390950619492,0.00141823287633608,1.18112867843938
-1.134796737211,0.0924735635474212,0.20646178712023,-0.912237181140853,-2.11534865043687,0.73555640635178,-8.37441043899037,0.465012834636354,-0.0897355897890577,-0.0213429736090989,0.00321335973788683,1.15622117440249
-1.1355644664993,0.0930143558333656,0.206615559926198,-0.912167210900714,-2.11626044872266,0.735401370401082,-8.35603801878364,-0.307528245574076,-0.215233280904982,-0.0243775311630912,0.00328421524804373,1.14820834873187
-1.13625034287701,0.0935120343223641,0.206763537309947,-0.912112168282228,-2.11719184167062,0.735200309058451,-7.35891927561653,0.370836730980727,-0.0828552925319741,-0.0136790212766535,-0.00156628002629733,1.19777068006023
-1.13684528695841,0.0939527830559497,0.206907636229021,-0.912074832280395,-2.11812619693943,0.734919361663969,-8.82988944112458,0.592428071213817,0.000342252531851273,-0.00861197318638185,-0.0014649625836935,1.14835745392716
-1.13733843844153,0.094331377837106,0.207055818994732,-0.912053975582909,-2.11904867302987,0.734527393995726,-7.5476224495539,0.37767031639919,-0.00205509591484088,-0.0103066339833489,0.00502469338867928,1.15920611581785
-1.13772626637488,0.0946423022114162,0.207215206767766,-0.912050795306992,-2.1199449440341,0.734001472750016,-8.02516330733141,0.376496388224041,0.00420970986735369,-0.0152554463622212,0.0063087942985906,1.14124458070114
-1.13801109683177,0.0948880649840653,0.207397466763807,-0.912062196520994,-2.12080331648013,0.733328528661713,-8.26688667132146,0.695940915675237,-0.0730216437640934,-0.0150979773052078,0.00247610289371136,1.16688735360017
-1.13820004156159,0.0950618904109808,0.207606247462472,-0.912092735686019,-2.12162118336095,0.732514311159793,-7.62583307946494,0.299490011233956,-0.111706224715448,-0.0182645816094138,0.00429078643334979,1.20751783409086
-1.13831710535791,0.0951706363034637,0.207853314569602,-0.912139252756765,-2.12239076134291,0.731573507583071,-8.85486375988518,0.538578030153985,-0.15863329207761,-0.0256046479977408,0.00174381216619524,1.17835014631487
-1.13838788907191,0.0952109077871324,0.208141875132402,-0.912207159927258,-2.12311169810892,0.730533598939607,-7.86685195696498,0.88854720722702,-0.0610870091236961,-0.0189729007869563,-0.00239494524179146,1.22967627005144
-1.13844522097048,0.0951667748891953,0.208463482391685,-0.912311751737928,-2.12378805516254,0.729436425714132,-8.303880476345,0.153891492974026,-0.213635773125219,-0.0176356847695529,0.000466614339489135,1.19475676752297
-1.13852424124209,0.0950182565020254,0.208804098219083,-0.912470513295502,-2.1244297270058,0.7283345582286,-8.60760532723197,0.0855472439279765,-0.35599332106446,-0.0186667756696015,0.00385644595998369,1.16837490890361
-1.13864790144638,0.0947309366393316,0.209135183002307,-0.912711162809346,-2.12505722639195,0.727285906662728,-7.25797514333982,0.731273334209391,-0.115453445131294,-0.0127340185878766,0.000163686518241279,1.22391320681366
-1.13884076531486,0.0942669939086089,0.209422715798776,-0.913063033480074,-2.12568950346472,0.726346519761662,-9.10109659462671,0.32950316423603,-0.12529683796015,-0.0153637657238881,0.00491781031768623,1.16133188169561
-1.1391213840611,0.093603220945834,0.20963821669072,-0.91354503679847,-2.12634806511365,0.725570066485981,-7.53875437086828,-0.467370313563151,-0.0290911643323284,-0.0139676951044119,0.00584456346891954,1.19709259096183
-1.13948752228467,0.0927098973596205,0.209744439629862,-0.914179663649498,-2.12706317585083,0.72500315882499,-8.50969703617642,0.542630558177052,-0.174105702057403,-0.0146207662966056,0.00258063995955543,1.18345571667366
-1.13992936389908,0.0915799676673092,0.209716976685717,-0.914975119704825,-2.12785410940692,0.724666968241869,-8.39757565158851,0.847379730416151,-0.134071270312631,-0.014794477579573,0.00479630365950728,1.20097252377059
-1.14042493226084,0.0902266443717696,0.209542040470016,-0.915925084303729,-2.12874027644327,0.724570582615281,-7.84292825578075,-0.035512008221076,-0.201814234285479,-0.012564002847359,0.00156732635932211,1.22486931114895
-1.14094550798472,0.0886870314812587,0.20922044090896,-0.917006380950847,-2.12973529024207,0.724705439511378,-8.97627729774194,0.207745099069371,-0.1835241109778,-0.0194987137079758,-0.000936481143777534,1.20649612582021
-1.14145585764185,0.0870147975899451,0.208765441465221,-0.918185776948992,-2.13084553381504,0.725043643245136,-8.12653912497098,0.585907965759588,-0.156490686300373,-0.0183556989237585,-0.00533500093544836,1.25564318322821
-1.14192881620716,0.085294141094197,0.208213995395744,-0.919411338431808,-2.13205487474782,0.72553197207622,-8.21017086467094,-0.201718478027942,-0.207460557704081,-0.0230768522577591,0.00251938268925167,1.21591193017669
-1.1423412119425,0.0836119415311574,0.207607312534862,-0.920628054696272,-2.13334959150784,0.72611923836041,-8.60459069079525,0.0594058914580273,-0.173889684782722,-0.0240925928516669,0.00370916497505386,1.1992643089581
-1.14267787166335,0.0820705675019262,0.207001417521317,-0.921769988105333,-2.13470015461862,0.726740163191465,-7.47875458499283,0.761792927089573,-0.0469824561889425,-0.0129382113944541,-0.00031996161279163,1.25309090344556
-1.14293853956382,0.0807618717413403,0.20645089589703,-0.922780666331367,-2.13607247917346,0.72733361008907,-9.40800379014757,0.174840063911461,-0.20092819716217,-0.0130978401593871,0.00334097355090862,1.1917005397717
-1.14313651487826,0.0797584597111252,0.206002725457916,-0.923615687059677,-2.13743092066546,0.727848155685786,-7.59756131933307,-0.207361233413849,-0.0333873474311872,-0.0168324568923706,0.0022189102353361,1.26614683698919
-1.14328987091666,0.0791069490024299,0.2056903825304,-0.924247330119101,-2.13874415470647,0.728245496753101,-8.94345006015328,1.76348806738747,-0.0440571111812176,-0.015091710091014,-0.000136866952837766,1.25782837619789
-1.14342848261722,0.0788294212750014,0.205535161938549,-0.924663892954014,-2.13997903432753,0.728494903060949,-8.43531087397758,0.494092855213012,-0.143981199112432,-0.0204696609254125,0.00280944730159233,1.25393025759576
-1.14359109887054,0.0789048566873127,0.205532434970467,-0.924882049972874,-2.14111382138381,0.728591608982898,-8.2126690534509,-0.211034499621292,-0.140039006024807,-0.0197798888972369,0.00626125817966722,1.24312843242998
-1.14381334736497,0.0792903577955748,0.205664185391216,-0.924932235520457,-2.142131183245,0.728538127963179,-8.89196943765717,0.31159914107684,-0.142092108867161,-0.017378094894815,0.00415456337854636,1.21955456108148
-1.14412520066575,0.0799155888085084,0.205893900642836,-0.924862257633721,-2.14302940069775,0.728354853071226,-8.34676178825737,0.949747320803226,0.0500708206133993,-0.00578367485541254,-0.00272300218608013,1.26065350590232
-1.14454242402795,0.0806846756766442,0.206165807557686,-0.924735881734509,-2.14382271232158,0.728076464637269,-8.36218389068097,0.217758864950383,-0.131759050476234,-0.011863273830393,-0.00176967944987233,1.23112014647377
-1.14507040438152,0.0815065015882075,0.206426117219425,-0.924613848412768,-2.1445280301008,0.727733021458267,-9.07005761675589,-0.219775952643204,-0.204136142956258,-0.0162630493070188,-0.00437141416951603,1.23278103136718
-1.14570708955589,0.0822886409037258,0.206618265656073,-0.924556937054497,-2.14516980835976,0.727361667065942,-7.96275538246516,0.713924772752307,-0.229840221202267,-0.014144651663194,-0.00403134746156214,1.28974106811111
-1.14643544348224,0.0829537105602194,0.206692409421956,-0.924613426282984,-2.14578155713671,0.727000547564522,-9.49717381840901,-0.409758880624167,-0.357434285961261,-0.0219930727302766,0.00526653038097485,1.23021250116648
-1.14722864125574,0.0834441960996566,0.206610328063777,-0.924817913098282,-2.14639633325855,0.726678964181709,-8.03219710956091,-0.494894993302978,-0.257323529050637,-0.0216646205347173,0.00314500384983041,1.29229029775986
-1.14805884855872,0.0837356943260055,0.206355361493638,-0.925183921954427,-2.14704032068902,0.726418016339432,-9.05985188125516,1.21730488086359,-0.128979508862329,-0.0130921090049583,-0.000291442677138709,1.29213103944987
-1.14889150453412,0.0838292060379926,0.205926113888502,-0.925704866973225,-2.14773820085504,0.72622938210672,-8.98855484080661,0.631967617071496,-0.056296988875971,-0.0132549544833207,0.00118126069681251,1.28331533646743
-1.14968911740314,0.0837359429850499,0.205328873398758,-0.926368240897836,-2.14851621281911,0.726126385836853,-8.12721594231078,-0.251304663357587,-0.112152839942723,-0.010665867925876,0.00176056560037363,1.29163953480328
-1.15042498689007,0.0834908065547468,0.20458702107861,-0.927145249536795,-2.14938667646039,0.726110904016681,-9.45283419561292,0.288959594604876,-0.0211797918327932,-0.0110157295051585,0.00320902131553363,1.25710540484168
-1.15108601865446,0.0831504413395603,0.203740708960808,-0.927992143849993,-2.15034760780871,0.726175409230293,-8.2822045670178,0.436576415104582,-0.117531632418917,-0.00871166459812622,0.00315526993224863,1.30203425983349
-1.15166357007817,0.0827713549398528,0.202832031737052,-0.928864740069763,-2.15139293246141,0.726310343008718,-8.93857733985078,-0.146248845724585,-0.0424648413342084,-0.0140915163080537,0.00198693664847682,1.2797804304208
-1.1521657722567,0.0824107921361739,0.201907889518754,-0.929719473762213,-2.15249913570427,0.726493393798974,-9.23038579599228,0.820540539225931,-0.0783937587082733,-0.0164796038297199,-0.0042238328487394,1.29484318693545
-1.15261064258881,0.0821231913893898,0.201015167822358,-0.930514110747891,-2.15363304441376,0.726696041540749,-8.21391735287955,0.72633551507738,-0.269981556679767,-0.00892745660542271,-0.00624099180222054,1.33027708505236
-1.15302633104565,0.0819465413529645,0.200192485079023,-0.931218618591341,-2.15475678123836,0.726891061897984,-9.35305548866518,0.719661052396305,-0.129764688818227,-0.0156121406288747,-0.000407957000508552,1.26455045049352
-1.15345048227016,0.0819240442195115,0.199484868465867,-0.931799192829555,-2.15581981232882,0.727038627388589,-8.19000470643505,0.0982771106673681,-0.0633901671682224,-0.0141440353077895,-0.00448220596865317,1.31486232120366
-1.15391171869668,0.0820666038619082,0.198915293649854,-0.932243960934659,-2.15678286547307,0.727105063089933,-8.94711787642404,1.08164726416612,-0.103476387484875,-0.0134064219871735,-0.00298376089327573,1.29519541876501
-1.15444185951128,0.0823859908863493,0.198508991700568,-0.932542687814075,-2.15760229759328,0.727052724540232,-9.06407538986406,0.135696816621703,-0.104315063047494,-0.0151372743238309,0.000701692398171527,1.29111536504017
-1.15506314985467,0.0828773639582518,0.198277675786583,-0.932695049225176,-2.15824921202173,0.726856558045415,-8.47268243971325,-0.232596764125446,-0.0713992628344897,-0.0136676958560575,-0.000467463524227385,1.33452135823193
-1.15578268876787,0.083517310408177,0.198219712920363,-0.932714423841715,-2.15870938236803,0.726498341237589,-9.58933517882684,0.42121982694016,-0.127693852623366,-0.0148972628026169,0.000875963453809747,1.30985275609228
-1.15660374906316,0.0842977443174577,0.198341724776748,-0.932604918834024,-2.1589715692723,0.725961869140846,-8.77811430661211,0.682019146476023,-0.109765552908328,-0.0098488856758534,0.00180146302864592,1.33436750551457
-1.15751425740815,0.0851827771171871,0.198628099923915,-0.932390519176299,-2.15904961644959,0.72525539017192,-8.92740047031185,0.0178844615952585,-0.248956936341443,-0.0123322107418988,0.00116457515453583,1.31877217290797
-1.1584887019954,0.0861288132842173,0.199054261429385,-0.932099895410107,-2.15897461244708,0.724401152052053,-9.56303641374643,0.238050197487382,-0.143769059585225,-0.013804694969954,-0.0045504850962706,1.342876299418
-1.15949503164968,0.0871030202986889,0.199598992533228,-0.931755169764529,-2.1587815205167,0.723423725337197,-8.59787946982919,0.889973551003095,-0.00977365796026675,-0.0122019823886546,-0.00374538571941208,1.40216550325391
-1.16050304098626,0.0880583983047822,0.200227636764898,-0.931388176839258,-2.15851993000962,0.722372533428659,-10.037755074565,0.676919099290217,-0.263137046441983,-0.0196530847023211,-0.00151057418836559,1.34242535252382
-1.16147542370378,0.0889654859828815,0.200914713965996,-0.931018419527487,-2.15823922934521,0.721291519321034,-8.77244351562962,0.755748530480332,-0.247584488120452,-0.018136986230175,-0.00228231260738154,1.39372928646738
-1.1623881617017,0.0897957735063031,0.201632078541952,-0.93066485257739,-2.15798357601089,0.720228657997667,-9.38400580776624,0.665223347591336,-0.258094038307576,-0.0176515844611718,-0.0027541067921108,1.37339247405247
-1.16321548136074,0.0905164641224792,0.202345292136499,-0.930349835510642,-2.15780078196871,0.719234529930047,-9.67864439624122,-0.409578520296918,-0.225768623241862,-0.0165889685379517,-0.0019162783664064,1.3433452465974
-1.16394430631609,0.091117893880357,0.203034159849736,-0.930079237148675,-2.15771949127101,0.718342522903784,-8.52393367227074,0.1337627194373,-0.0202431514671559,-0.0124987824961957,-0.00736858944648006,1.38318214938749
-1.16457391810095,0.0916003551995095,0.203683907077942,-0.929853129031186,-2.15776109814091,0.71758318505978,-10.1695295656733,0.967380500482705,-0.192390483678338,-0.0120934981266925,-0.00852623642604555,1.35379867503653
-1.16510693592978,0.0919693408332494,0.204283090492967,-0.929668686640636,-2.15793441867748,0.716968353927118,-8.52576227975709,-0.133278440001504,-0.146508920612405,-0.0108297111264788,-0.00823205425292733,1.41557526671377
-1.16555754820176,0.0922430025853744,0.204828903330567,-0.92951671065528,-2.15823119407217,0.716493113582161,-9.73073552176709,-0.213214574912854,-0.303420087712908,-0.0209924462715412,-0.00556403897810609,1.37490040794933
-1.16594144240649,0.0924378151001193,0.205317354061514,-0.929390734455249,-2.15863958151854,0.716144612793203,-9.49913691511091,0.418660957176371,-0.296843419399437,-0.024752459211939,0.000646580044655731,1.39642924622814
-1.16626619940836,0.0925687648134748,0.2057444483041,-0.92928760277414,-2.1591450024942,0.715898040484007,-9.07209212224689,1.10143339514093,-0.239762893240652,-0.01596843221138,-0.00434912698372741,1.42081340906332
-1.16654406358053,0.0926555939896696,0.206113185943406,-0.929204542273797,-2.15972387809007,0.715717117059108,-9.9348229753823,0.305111040953761,-0.157981424743639,-0.0131854129265467,-0.00369636574371185,1.37312562276322
-1.16678831928213,0.0927145225446937,0.206425823278101,-0.929142468546957,-2.16035638609241,0.715573899519661,-8.88374255289148,0.597348265253231,-0.0990418560992055,-0.00847392459928908,-0.00942244751237847,1.40946831286144
-1.16700684590939,0.0927576403536552,0.206683742181384,-0.929105055910346,-2.16102481464377,0.715438039749858,-9.52334678167699,0.118405686816914,-0.184037664353809,-0.0124462101537164,-0.00671658310711826,1.38194280841768
-1.16719959331345,0.0927815684106239,0.20688100436865,-0.929108737857083,-2.16171697307627,0.715282113559248,-9.50466540197249,0.37447537906246,-0.284647237273788,-0.0168161275645069,-0.00121357990590565,1.3808834836717
-1.16736580586546,0.092771697754201,0.207005955845801,-0.929176179799516,-2.16242881011143,0.715093342851939,-8.90844676615097,-0.116551892730058,-0.194097918300741,-0.0207442245290941,-0.00330246374366705,1.41987562334825
-1.16750362770978,0.0927166102200161,0.207050410113635,-0.929325196938875,-2.1631619159773,0.714869796567735,-9.80047637982989,0.820488173081458,-0.128562750064191,-0.0225402041611655,-0.00332734959366915,1.39808489773532
-1.16761419479605,0.0925850297582986,0.206994439068651,-0.929583102464818,-2.16392563175133,0.714625045238309,-9.13642060120742,0.688887215430896,-0.173956381552841,-0.01754471001678,-0.00407153242828701,1.4246970199867
-1.16770651491847,0.0923655576778009,0.206832931628982,-0.929959368059902,-2.16471493123538,0.71436309540809,-9.44214270728321,-0.396266905408993,-0.158959192801944,-0.0123530601903337,-0.00695935329551534,1.40623051897846
-1.16779243564574,0.0920411346324945,0.206557937013777,-0.930462881722838,-2.16553546517385,0.714105445238856,-9.87522827311108,0.243482617077007,-0.129087056149586,-0.0104525345446316,-0.00776376024773534,1.41505664681716
-1.16788962090633,0.0916094298372832,0.206171785356439,-0.931086250467185,-2.16638272398777,0.713867798800477,-8.94696237478416,0.259533624362803,-0.16272162355159,-0.00805136989743316,-0.00969260839155955,1.45225724638634
-1.16802282263683,0.0910786493437978,0.205682282624687,-0.931811166590365,-2.16724686555567,0.713661474103212,-10.1709779165105,0.449528537253627,-0.22707847946657,-0.0204342253832124,-0.00366122788853968,1.39455028018712
-1.16822421215124,0.0904744809811877,0.205110465235391,-0.932604794205301,-2.16810594525017,0.713485807057133,-9.05417726018328,0.649732671354968,-0.2903567454795,-0.0182158397407375,-0.00193282827984775,1.43227248665131
-1.16852557922698,0.0898343145113927,0.204485544429286,-0.933425094652922,-2.16893563558822,0.713336300000166,-9.42307813089946,-0.0699314080036402,-0.181275772411141,-0.0165708871102912,-0.00273242220613201,1.41771894337235
-1.16895601572037,0.0892097618639465,0.20384609257184,-0.934220475620192,-2.16970151824393,0.71318959490559,-9.88454189314888,0.418550994216275,-0.154271996380629,-0.00926682308368232,-0.0029303431374384,1.40350478370388
-1.16954974968039,0.0886628135632783,0.203238824819086,-0.934934247755046,-2.17036247233702,0.71301440281171,-8.89272233178554,-0.107496159444281,-0.0529972902565135,-0.00633119819762262,-0.00921060220613357,1.44695998621348
-1.17032658611901,0.0882533400792171,0.202708987896866,-0.935515920861253,-2.17088325743765,0.712775730033698,-10.2478522598014,0.429481609852473,-0.097738971316403,-0.0152303972972674,-0.0125002566781268,1.42709112210468
-1.17130419160992,0.088049067164973,0.202308706680296,-0.935914017129714,-2.17122416721923,0.712429116275709,-9.2358411678311,0.276501717436759,-0.117263489469366,-0.0189880433737049,-0.0110381777222494,1.47216353389687
-1.17247960328496,0.0880835940833373,0.202067621807362,-0.936105021117763,-2.17137331179801,0.7119522481111,-9.7413986569108,-0.25610154050969,-0.356248233297606,-0.0241998816924789,-0.00443001777972729,1.4431903676459
-1.17383826925139,0.088379629483768,0.202008047512266,-0.936078289932785,-2.17132602571949,0.71132401261948,-10.261469214162,0.0138460666548781,-0.24902680899396,-0.0253583554021222,-0.00633862509831939,1.44304940638786
-1.17535616223944,0.0889422438241043,0.202141814480665,-0.935837984183087,-2.17109188480796,0.710536692393266,-9.09621137625459,0.522982770997714,-0.19747324823436,-0.0173974832245265,-0.0106880861453271,1.49753047726648
-1.17699593066029,0.0897458376206242,0.202458983895312,-0.935411309774574,-2.17070563532058,0.709608890766958,-10.7659390887003,0.149399124295769,-0.142876340370378,-0.0128668419606908,-0.0100886607530594,1.44372176853039
-1.17870444286805,0.0907294592617962,0.202923870892108,-0.934848758497938,-2.17022724691163,0.70858288424908,-9.18837480706935,0.50298363976799,-0.127922014324156,-0.016839091471391,-0.0125004866894817,1.49946418949192
-1.18042482762138,0.0918237150422616,0.203494975665485,-0.934206284387364,-2.16972195692806,0.707507408635029,-10.2851023188288,0.214679556235524,0.0291132827461809,-0.0193430179410878,-0.010390720256791,1.47507093015413
-1.18209817658127,0.0929449281902661,0.204118999862292,-0.933547482779136,-2.16926130203677,0.70643824428601,-9.98264785489255,-0.182969836445409,0.0268972970455934,-0.0229076206483176,-0.00341157179480445,1.46675328428908
-1.18366162880305,0.0940004080254324,0.204734184288096,-0.932938275112069,-2.16892458283565,0.705439877430728,-9.28330282275795,-0.1929793535935,-0.155319683292504,-0.0204651595658247,-0.00277657056120023,1.48558626681503
-1.18505663964747,0.0948913023603355,0.205273114561776,-0.932446287209216,-2.16878723668306,0.704576082013627,-10.3278899295659,0.203803640890555,-0.205724613435564,-0.0224767022388264,-0.00640015214460893,1.4654446040247
-1.1862401375067,0.0955404508642159,0.205681495535571,-0.932120897663378,-2.16890089045349,0.703887916155432,-9.53531762986995,0.438021322927625,-0.255513912640339,-0.0184073725345235,-0.0115543045907824,1.51946242241511
-1.18718123746245,0.095899712581315,0.20592332301671,-0.931990126819949,-2.16929776894522,0.70339870311808,-10.0690970691767,0.317205850448545,-0.220392992997091,-0.0222794362205083,-0.013555563497881,1.49732233338876
-1.18786788074833,0.0959467114328936,0.205981671291797,-0.932064151167653,-2.16997641989235,0.703098295552791,-10.2687183640536,0.267426605915261,-0.226504044413957,-0.0224600255004495,-0.0147570384461084,1.50118618633444
-1.18830507363202,0.0956883776109505,0.205858548379569,-0.932333900699453,-2.17090937779164,0.70295233479564,-9.48780202401474,0.159179232311544,-0.222137735880779,-0.021842801535858,-0.0129239573171333,1.54066745729262
-1.18851324533613,0.0951518272670979,0.205570716294146,-0.932777522081036,-2.17204661759773,0.702907204416147,-10.7913809748254,-0.0946038805225271,-0.309800918689604,-0.0244254013178824,-0.00494878419682182,1.48984444649673
-1.18853330334979,0.094404638190035,0.20516444502141,-0.933347082100749,-2.17331163604355,0.702888217555325,-9.54428218986243,0.101078881011063,-0.214955983354116,-0.0218272714790202,-0.00599853045868937,1.5301622382699
-1.18841653321345,0.0935205001374451,0.204690507956783,-0.933992994921984,-2.17461601446551,0.702811574379825,-10.2052424868072,0.743467260122088,-0.127050168323962,-0.0190941531449442,-0.00762326734190782,1.52200585545136
-1.18821013620104,0.0925656179353886,0.204194971416586,-0.934673770682148,-2.17588371634101,0.702608251474939,-10.6132354278943,1.03695375198276,-0.0904573675899769,-0.0166859697353083,-0.0112833598038383,1.51440572633095
-1.18797192017072,0.0916249279058068,0.203736873754441,-0.935334852076451,-2.17703410844482,0.702213224472966,-9.77174277023107,0.355493129276965,-0.0618749505696599,-0.0121043814096424,-0.00790222834857673,1.55106146725848
-1.18774338550874,0.0907545606095148,0.203354389965138,-0.935941457752673,-2.17801692955876,0.701590886908565,-10.9770855090187,0.438602677860217,-0.172358049330285,-0.0181875101268569,-0.0131836128302821,1.53195743258333
-1.18756332312022,0.0899953582077,0.203074532104891,-0.936470864541377,-2.17879475394142,0.700723818517496,-10.0346928498977,0.339446716502607,-0.230203290432001,-0.0261904286118204,-0.00956811178072203,1.57924024944281
-1.18745745514663,0.08936678254301,0.202907434617155,-0.936913331265151,-2.17936130705737,0.699628288777484,-10.4507472777373,0.160380664175364,-0.405989518019908,-0.029111227755652,-0.0101667159610183,1.56431514626346
-1.18743226332316,0.0888677925739429,0.202846783657091,-0.937270948373659,-2.17974015097884,0.698348996751894,-10.9775454338031,0.312673122627757,-0.363632398889592,-0.0324346177258321,-0.00931119160163724,1.55804847764006
-1.18748592628123,0.0884815224295679,0.202872516427433,-0.937554840039307,-2.17996653483438,0.696939529464782,-9.65323528757409,0.768858869325868,-0.0726060481697743,-0.02316334617315,-0.0136690424611802,1.59854250729166
-1.18760970638068,0.0881764382132291,0.202951882932707,-0.937784536185516,-2.18009957629362,0.695480541211979,-11.1485410549656,1.13284196105155,-0.0921112649287181,-0.0210959293642112,-0.0114042160270454,1.52813922862684
-1.18778380726748,0.0879195821992766,0.203049981955354,-0.937979528871614,-2.18020269919047,0.694048841399889,-9.61275677042545,0.0286815425683926,0.0434052106396337,-0.016558990589278,-0.0163043662513072,1.57388562313227
-1.18799658293437,0.0876901387285489,0.203139857996519,-0.938151034149179,-2.18032496929519,0.692703123110859,-10.7375191137724,0.448589160385836,-0.0475745510514685,-0.0186962206950847,-0.0160750957988534,1.54251318806139
-1.18823543698702,0.0874580072542814,0.203187206487825,-0.938316678035111,-2.18051681249179,0.691500820096685,-10.5880694649891,0.0528020384911088,-0.251260124807459,-0.0284918201932287,-0.00903897440220824,1.54599809319658
-1.18849301616369,0.0872205252184726,0.203177553562826,-0.938475976948841,-2.18081288979029,0.690478790921058,-9.82060492043473,0.112667589867897,-0.155679857668986,-0.0246690994126664,-0.0081311516596646,1.58198214178061
-1.18877000128363,0.0869833635978043,0.203103730228564,-0.938625496598156,-2.18123137879344,0.689653967208802,-11.0716036950396,0.666636479247472,-0.108573494212237,-0.0270525579389975,-0.0109732939826522,1.55518169078902
-1.18907429312118,0.0867573648247202,0.202965047376403,-0.938760612006042,-2.18177253432355,0.68901971844216,-10.0388319607009,0.144518232179962,-0.231123162274571,-0.0241706413033063,-0.0135784781397166,1.58774253945691
-1.18941565790117,0.0865587693182075,0.20276684189132,-0.938874628174253,-2.18242794055755,0.688558375434065,-10.4634459318728,0.314935414326783,-0.150750864950282,-0.021711284377373,-0.0137443540937789,1.55795920771021
-1.1898066161552,0.0864050356115866,0.202516788704994,-0.938962443161056,-2.18317828037189,0.688237491100834,-10.5930159300152,0.40530213200941,-0.157169504740068,-0.0173436123501278,-0.014306131225661,1.54835403692835
-1.19025317853431,0.0863075068771488,0.202220927956902,-0.939023465623831,-2.1840035958703,0.688021106462771,-9.65367106335151,0.470444111727375,-0.166914312737759,-0.0183748279731444,-0.0123208723121316,1.56427863012718
-1.19076090157207,0.0862809358865091,0.201889875879509,-0.939055744021687,-2.18487805859034,0.687864168824172,-10.7573639677267,0.138509231454464,-0.269899117922137,-0.026611999690112,-0.00799553688838422,1.52261802741402
-1.19132893957752,0.0863316024026046,0.201530764521138,-0.939063376868594,-2.18578038740603,0.687728750708561,-9.97571762295007,0.0525112778168477,-0.244579500578425,-0.0231239941384347,-0.0127637910855555,1.58798088356563
-1.19195082438092,0.0864636289334744,0.201149840988604,-0.939049415823904,-2.18669364113057,0.687581608754564,-10.3011920825632,-0.0676883890939735,-0.191428215125995,-0.0224183534414895,-0.0162738381730483,1.5872902903112
-1.19260907465105,0.08666777309144,0.200745113108083,-0.939024473698453,-2.1876098459417,0.687396558161883,-10.8427034198354,-0.0174472238043109,-0.328380409377246,-0.0279896238549782,-0.0128156339285166,1.56807422343233
-1.19328882689254,0.0869483897005425,0.200324841662703,-0.938987701036831,-2.18851234764785,0.687141005267681,-9.77606851621817,0.417345628039129,-0.258823884329814,-0.0215568193585027,-0.0104153744827345,1.62571128109694
-1.193978529162,0.0873055266832541,0.199895756980128,-0.938940395949935,-2.18938939942735,0.686796168083607,-11.5254132132005,0.758486464656471,-0.140778615224832,-0.0195369972017971,-0.0110949154569669,1.57982258458291
-1.19467046233947,0.0877460116543309,0.199470607704283,-0.938876694715893,-2.19022694311146,0.6863463725053,-9.69610805926163,-0.239584829357,-0.201338814418477,-0.0251665979191871,-0.00985715806069054,1.6240916917096
-1.19536715807318,0.0882943628065433,0.199074615554662,-0.938776012690672,-2.19100206971019,0.685771771536685,-10.8668529080369,0.608424747243362,-0.152423716973971,-0.0260021087012419,-0.0141185845502644,1.58970914894078
-1.19607517518458,0.0889678407043579,0.198730110787641,-0.938622923517023,-2.19169789079961,0.685064533141966,-10.5841053168648,0.115114037615967,-0.333533609578097,-0.0249449748759778,-0.0122326162556147,1.59142722746647
-1.19680908779732,0.0897854629973551,0.198461929854438,-0.938399467119722,-2.19229775826649,0.684222663646386,-9.84520369570771,-0.121269515906079,-0.263633467587141,-0.0250760829634218,-0.0130832817871764,1.62218172936463
-1.19759288441414,0.0907689096592783,0.198296729109954,-0.938085207946009,-2.19278725879944,0.683252452884712,-11.3408600851742,-0.0737235502592739,-0.310161222420078,-0.0269848821380561,-0.0101833111489696,1.57713864166541
-1.19845350066999,0.0919186654325115,0.198248212885014,-0.937675691094576,-2.19315437517629,0.682164717668268,-9.93660754225829,0.678897564675253,-0.333777966025139,-0.0212886123740068,-0.0139784249522198,1.63840297042273
-1.19942163985814,0.0932284173025852,0.198326089387739,-0.937171323876926,-2.19339371818856,0.680980294524557,-11.0592553229112,1.5805080175669,-0.201511996823427,-0.0261188231887393,-0.0144408415255422,1.62099633741077
-1.2005164281281,0.0946690019729743,0.198524409177815,-0.936588554608624,-2.19351784903739,0.67973407839156,-10.8056543122978,0.324531520662276,-0.326515834538469,-0.0330480182372601,-0.0124456161917085,1.62037892308014
-1.20175102973317,0.0961903438373772,0.198822457749381,-0.935959069618789,-2.19354739453169,0.678467370318942,-10.2572922160562,-0.00328363574476498,-0.322027452563532,-0.0326012540894407,-0.0156385489513172,1.64048214302781
-1.20312540895357,0.0977236368019092,0.199184855578959,-0.935327197950153,-2.19351755723626,0.677231208123131,-11.3767230481477,0.124152780998202,-0.236901700280498,-0.0264797221021031,-0.011443822329166,1.60053480283737
-1.20462754503033,0.0991926654150097,0.19957000393155,-0.934742661983773,-2.19346755486684,0.67607288021042,-10.3288942645342,0.387086549081005,-0.209890950424466,-0.0234766954342223,-0.0120587994205751,1.63434911499468
-1.20623261003097,0.100518046936737,0.199932201840184,-0.934255871453302,-2.19344368413784,0.675040931114292,-10.8599487061393,0.196548643080632,-0.139007217839549,-0.023424182871183,-0.0132918944870178,1.6208012785061
-1.20790130979392,0.101611739600309,0.200216541469093,-0.933922680289539,-2.19349465822759,0.674177236317323,-10.9442171164871,0.104855153902463,-0.268209131911533,-0.0240679848330818,-0.0129019744000733,1.6284488318215
-1.2095872425302,0.102406715841829,0.200380464881671,-0.933783011976287,-2.19366030998854,0.673506183598849,-10.4365358831471,0.312388640195877,-0.16667996805964,-0.0215447666682698,-0.016416429163695,1.64333664711439
-1.21124280984435,0.102855414340328,0.20039331147486,-0.933863664941071,-2.19397069863182,0.673038970299406,-11.2337604671477,-0.0578624946349464,-0.195392804302259,-0.0272226225977898,-0.0106772549555275,1.62295481713952
-1.21281833426417,0.102936051337783,0.200238848778501,-0.934171699429399,-2.19444454111576,0.672771445830349,-10.8355077736545,0.675076929712759,-0.191421016225462,-0.0215360693486777,-0.012526415182685,1.68017273761832
-1.21426513151044,0.102659886027589,0.199921088732467,-0.934690412785246,-2.19508582873128,0.672678111544049,-10.769071768916,0.195187761270063,-0.230187272542736,-0.0232744926017343,-0.0147505865315489,1.68764635091386
-1.21554406621006,0.102052703315294,0.199453325121001,-0.935394557507333,-2.1958841452952,0.67272081764091,-11.6756800736648,0.116627330558686,-0.276546279015889,-0.0264621049508902,-0.015994791518506,1.6595531585781
-1.21662260217765,0.101175862442116,0.198871410747358,-0.93623437330315,-2.19681395847764,0.672841956006458,-10.0778718362397,-0.661272262318789,-0.246591894365451,-0.0228582109384652,-0.0169335462167962,1.70967770119034
-1.21747481297814,0.100101019437546,0.198217030075355,-0.937154303002356,-2.19785092716212,0.672990074276903,-11.7549937634304,0.38966572983577,-0.304317223774973,-0.0220620152351527,-0.0109046962337719,1.64606123953538
-1.21808911652396,0.0989026292607962,0.197533852032247,-0.938098246403847,-2.19896330099587,0.673112132359676,-10.3377420288989,0.791295844363731,-0.208705562280244,-0.0176084250132673,-0.00845773077151812,1.68558067011089
-1.21846513312683,0.0976661700821895,0.196871870590604,-0.939003903214942,-2.20012091319036,0.67316330954499,-11.0021833898347,0.54605658730793,0.0008998337372077,-0.0212754738543666,-0.0124417201462349,1.66399210286017
-1.21860753295014,0.0964650783655276,0.196274195412808,-0.939819797054292,-2.2012997211688,0.673110617826985,-11.3215816268455,0.0321949888884774,-0.182477257349888,-0.0234186298929746,-0.0160202035648913,1.6730717894513
-1.21853739074225,0.0953547154832446,0.195772828518112,-0.940510340581988,-2.20247899772536,0.672937022504556,-10.3964705280039,0.533564992437277,-0.407260082685042,-0.0261517777495941,-0.0203965665798558,1.73486714572903
-1.21828208093523,0.0943740134875677,0.195388275098799,-0.941052423594834,-2.20365046296853,0.672646282955676,-12.1056217609079,0.512207109849896,-0.255645235241161,-0.0303059845590683,-0.0164118732396882,1.68810942911078
-1.21786926350094,0.0935364110921766,0.195124103400717,-0.941441906124509,-2.20482200821906,0.67226485774347,-10.5828414446474,-0.593228118337265,-0.326574290092566,-0.0290092059314522,-0.0147273911863215,1.73369419765644
-1.21734280368685,0.0928466932916523,0.194980044878059,-0.941684066526779,-2.20599290589836,0.671820997313574,-11.4463901767851,0.422034129840313,-0.280108785536243,-0.0286309010148433,-0.0138074884911286,1.70951263403516
-1.21674427895003,0.0922805636863533,0.194936831226995,-0.941806513065335,-2.20717497799416,0.671359361264672,-11.4463603442724,-0.266137120123631,-0.200130983777854,-0.0273222492498264,-0.0149249557201154,1.70179726683652
-1.21612356025278,0.0918054872650993,0.194971214850639,-0.941844440299999,-2.20837358497364,0.670924384249583,-10.4362133702066,0.276864718663546,-0.0889206653001509,-0.0235208482726947,-0.0213191452424726,1.73365564289304
-1.21553017717532,0.0913966983046626,0.195065348134525,-0.941828431865015,-2.20958337708435,0.67054561777737,-12.004985458172,-0.179495768473089,-0.281637216000291,-0.0304999057484947,-0.0175916228793517,1.67640820048434
-1.21500822813848,0.0910154135053354,0.195191702693266,-0.94180012036795,-2.2107989272844,0.670249507907057,-10.4350203670849,-0.0672548378468036,-0.31261144004111,-0.0287972682152624,-0.0179113820428143,1.74020985450309
-1.21460500759674,0.0906299371223795,0.195327758011347,-0.941796185351666,-2.21199663742018,0.670041152862619,-11.7535463324972,0.865769253189683,-0.390144435686182,-0.0250520315936287,-0.0149004853820964,1.72076073829039
-1.21435662371187,0.0902246620909555,0.19546184759292,-0.941842640850693,-2.2131482921304,0.669911119416746,-11.5094063200312,-0.441372048103176,-0.285796868697588,-0.0316523006439788,-0.0141277968630685,1.72054712027561
-1.21429368197926,0.0897952619301075,0.195588318789149,-0.941955309250454,-2.21421435491393,0.669829451498396,-10.7611658573244,-0.613148414594662,-0.386962195924667,-0.0285382926185833,-0.0170193101748405,1.7473702582244
-1.21443947226274,0.0893572372334361,0.195714331708935,-0.94213354278359,-2.21515066447089,0.669753184382793,-12.1625391401777,0.689174526308534,-0.373435612292496,-0.0259787481572329,-0.0175716622933403,1.70390216155031
-1.21479969596314,0.0889232261820627,0.195842996484374,-0.942376881137235,-2.21592520296092,0.669642018734581,-10.4218890946631,0.1543130350924,-0.10975444096033,-0.0246558878155518,-0.0150197387013685,1.75129723954551
-1.21536616755998,0.088524446153361,0.195988759003946,-0.942667974158701,-2.21651048489891,0.6694476857361,-11.595448012085,0.230115101044476,-0.186440522364734,-0.0248469205037534,-0.0145578374035024,1.69598656800355
-1.21612079124542,0.0881871728926704,0.196161440619735,-0.942988635253392,-2.21689330861499,0.669135636472368,-10.9325494995109,0.150945292636834,-0.328527099773652,-0.0255881093246488,-0.0148919386470182,1.70619173950251
-1.21704037223016,0.0879444919510348,0.196376746545945,-0.943312701533819,-2.21707018822501,0.668679378728197,-11.0072750428437,0.613944922459041,-0.250312247129386,-0.0234415488245374,-0.0108137315440244,1.70129075686507
-1.21808887281849,0.0878223937247817,0.196643914237483,-0.943614980119362,-2.21706481517768,0.668079491207199,-11.2503563887807,-0.0369069115370166,-0.222471265668645,-0.0230291924805299,-0.0120071643572297,1.6902963892213
-1.21922454166855,0.0878379876776982,0.196966119823335,-0.943872447212826,-2.2169157553834,0.66735145101964,-11.4437169698077,0.477895661728326,-0.189217624997752,-0.0148565547970905,-0.016605004694512,1.73213662613822
-1.22040360191791,0.0879872757900495,0.197333643189709,-0.944075667025497,-2.21668132918296,0.666538163455215,-11.0914069116557,-0.620422551406364,-0.27418718349054,-0.0199774810086302,-0.0161884492706069,1.74737017453474
-1.22159223124882,0.0882662936292204,0.197738906698287,-0.944214695476233,-2.21641297688744,0.66568113896286,-11.92764522164,0.589294735194244,-0.274464074453192,-0.0253296878228637,-0.0165209807419711,1.73818664598688
-1.2227577268119,0.0886627027933571,0.198169585461769,-0.944284536790168,-2.21616953914957,0.664835877718315,-10.6109843033353,0.382457918967702,-0.181169367462587,-0.0286056241430699,-0.0178528674578411,1.77328509724343
-1.22387107331966,0.089151193116388,0.198606099724643,-0.944290453037784,-2.21601085306315,0.664063015426925,-12.2422551112261,0.023039130705456,-0.159699993104397,-0.029190034984981,-0.0138079694099743,1.718363897324
-1.2249213811401,0.0897087515755812,0.199033309473683,-0.944239485417795,-2.21597406300734,0.663408699014772,-10.9028866496791,-0.0567016239733675,-0.0938205901671267,-0.0191704411498623,-0.010995204443809,1.78116263051119
-1.22590296264097,0.0903144535746794,0.199439172794465,-0.944140047804219,-2.21608457414311,0.662908949890163,-11.7707929535028,0.0617917837182631,-0.134788056444194,-0.0163218710472606,-0.0168486550714078,1.76830268104209
-1.22681611704412,0.0909417273301552,0.199809222548961,-0.944006445418692,-2.21635541482008,0.662588103385303,-11.9095329663241,0.513856347220553,-0.113901254694355,-0.0195810068200988,-0.0168144875595673,1.76265828644372
-1.22766899251373,0.0915784849245265,0.200140971107351,-0.943846734100506,-2.21677579962895,0.662444770593251,-10.8173993398763,0.59361599450358,-0.270646714035138,-0.0235050261061271,-0.0171802699538833,1.80692819133134
-1.22847574451926,0.0922212464546632,0.200438288020513,-0.943665409706315,-2.21731830289522,0.662457685090856,-12.3548098023416,0.0678083720765699,-0.183431503709585,-0.0270286842250105,-0.0170833941485763,1.75896079160383
-1.22924524203911,0.0928621180218405,0.200702698809178,-0.943471401512621,-2.2179512505168,0.662596348077484,-11.1985561284199,0.0205742677151193,-0.290736161383364,-0.026705324004908,-0.0151338550277444,1.80337882500171
-1.22999141441215,0.0935148005429554,0.200951785979692,-0.943258806975246,-2.21863167598154,0.662815880705536,-11.8364813252126,0.417326928801231,-0.245055989214762,-0.0260626014668732,-0.0151292702159526,1.78340662782029
-1.23072051284988,0.0941833507311527,0.201197540720374,-0.943028773247774,-2.21932184424174,0.663070258616431,-12.1199670310028,0.110737458225458,-0.136998999486025,-0.0212940575663558,-0.0180803343124598,1.79129065682166
-1.23143440775261,0.0948644293183554,0.201447827020442,-0.942786671688005,-2.21999039636282,0.663316897320673,-11.1145473442611,-0.523872499233903,-0.122275566276159,-0.0235441007176118,-0.0234787355826226,1.82595131305148
-1.23212982557549,0.0955601409408215,0.201713926620992,-0.942532248307913,-2.22061549156868,0.663520271009913,-12.3268273893165,-0.502433449700902,-0.36118854574525,-0.030144690153199,-0.0211476154773114,1.76887074442165
-1.23280123659305,0.0962575702165775,0.201998478541628,-0.942274146907763,-2.22118092581955,0.663649373887161,-11.3107409705669,1.5048502705281,-0.289466069194617,-0.0243015799844737,-0.0175371971209536,1.81476144048704
-1.23344419324805,0.0969270202537693,0.202292413874706,-0.942031355663896,-2.22168083333829,0.663687030150405,-11.6778910459059,-0.359914561517371,-0.17752898569276,-0.0252188700114013,-0.0151208831019781,1.80452917668983
-1.23405230221998,0.0975352960649154,0.202584957136356,-0.941823584734166,-2.22212180674193,0.66363241207583,-12.0578117027611,-0.0935269692693055,-0.285462878591574,-0.024278878047395,-0.0134044659751968,1.80826648393987
-1.23461971211094,0.0980401936064839,0.202857058695784,-0.941675499847713,-2.2225176489258,0.663495478817585,-11.1774718149054,0.209054494057227,-0.133392816080459,-0.0215014624912788,-0.0203788599333314,1.84571836369202
-1.23514654798914,0.0983961046016431,0.203087586538248,-0.941614457579327,-2.22288021060855,0.663290994695626,-12.7714309688542,0.163441212190492,-0.181746749409967,-0.0245143625817321,-0.0202015817886683,1.80486228886918
-1.23563671426474,0.0985531808072322,0.20325038329528,-0.941670445312539,-2.22322680306034,0.663045340661567,-11.2934068335166,0.606386026735663,-0.236597871881798,-0.0274153039359923,-0.0241377636212259,1.88321915391818
-1.23610159275341,0.0984795174341926,0.203328436660897,-0.941861836095828,-2.22356590435253,0.662782037978424,-12.4620228558355,0.760383980398274,-0.286130358444865,-0.022491397375235,-0.0224145578493234,1.86853755887813
-1.23655635561121,0.098159767888812,0.203312897290209,-0.942197003247487,-2.22389848440492,0.662518957654711,-12.3600972200036,-0.227396039113728,-0.376106201248035,-0.0290046866286784,-0.017426143839068,1.8655514201598
-1.23701377401165,0.097599099102883,0.20320409581418,-0.942671382689773,-2.22422692048363,0.662275092070281,-11.472745758219,0.201081004339585,-0.256066019689371,-0.0304232412556003,-0.0152494600876787,1.8870399078387
-1.23748388481406,0.0968095039371955,0.203003469729752,-0.943277834093507,-2.22455455546846,0.662070534459938,-12.5668809275844,1.12572092577943,-0.162002732419154,-0.0236983758808944,-0.0170881407275379,1.83075388722958
-1.23797165481545,0.0958249777338684,0.202722708193834,-0.943996400900137,-2.22488228232105,0.661918569757131,-11.4526287820184,0.94958981013724,-0.0780124159166178,-0.0187574667047379,-0.017552930517887,1.83721045712935
-1.23846978684486,0.0946982877062981,0.202381544995933,-0.944794451859976,-2.22521735758983,0.661829667486005,-11.9212243820446,0.545597511932783,-0.312706195840804,-0.0222011513023666,-0.0175903709297916,1.80965319933519
-1.23896564208536,0.0934817488392303,0.201996528406944,-0.945641011972902,-2.22557316374308,0.661819528043493,-12.4176912785192,0.940380488236769,-0.293039457585536,-0.020284734948699,-0.0238257177210825,1.84724672229029
-1.23943602375971,0.0922314598339247,0.201583973713169,-0.946503069901592,-2.22596549629836,0.661894438785462,-11.7824065331936,0.454926727069278,-0.358284799941174,-0.0264149025771343,-0.0268810122361242,1.89793197992903
-1.2398492774491,0.0910025377472303,0.20115803411444,-0.947349149524924,-2.22641867339371,0.662062840648671,-12.9906088963717,-0.137900614636237,-0.36879401215532,-0.0430434011951961,-0.0233542858642518,1.86258851934869
-1.24017461940675,0.0898400073943879,0.200727397547095,-0.948154382081411,-2.22695474882272,0.662329065828079,-11.7526852694164,0.121443171086639,-0.461912046168038,-0.0355757692381093,-0.0237223988639267,1.92147946427017
-1.24038713389397,0.0887696583686859,0.200287891522373,-0.948905458088326,-2.2275967973965,0.662700115313195,-12.5679011868887,1.13548789269498,-0.23643880928509,-0.0306362221398899,-0.021451394823985,1.89416330710916
-1.24046665352531,0.0878190009506445,0.199839349913279,-0.949587476873175,-2.22835921964153,0.663170918071244,-12.2248186064307,0.30956315551316,-0.244449905823615,-0.0256151810964185,-0.0177132049180607,1.8779164826459
-1.24040925617115,0.0869974245383798,0.199375448582454,-0.950198293851392,-2.22924325837396,0.663728714015732,-11.9481041088863,0.734101938389585,-0.133372549445198,-0.0228409310125719,-0.0217004426945195,1.89389038337058
-1.24022671828791,0.0863190609481324,0.198897408865335,-0.950730951673338,-2.23023670634142,0.664352456149132,-12.8021237872027,0.416758898421449,-0.106940853400886,-0.0204855329746487,-0.0227084545500528,1.86397366270381
-1.23994473098549,0.0857825350204671,0.198399371569024,-0.951186551252336,-2.23132130028242,0.665021318749442,-11.8216420611177,-0.327070392046153,-0.196052878702545,-0.025465240128812,-0.0207898029627362,1.90727727151324
-1.23960716436227,0.0853915133627519,0.197885178962926,-0.951564085491985,-2.23246336622457,0.665706197173771,-12.5093123973747,0.893244909622354,-0.259754004182895,-0.0314137159858596,-0.0179721348685496,1.8995237508404
-1.2392706329314,0.0851677058017994,0.197376265510268,-0.951849207349643,-2.23361230515212,0.666364195713174,-13.0041593667989,1.15314550774906,-0.409336632438226,-0.0351826592254789,-0.018947439599771,1.91623468960195
-1.23899508194614,0.0851255331932439,0.196892758722042,-0.952031951816121,-2.23472110971229,0.666961252843128,-11.8565927606081,-0.0465884023740273,-0.271067677643913,-0.0301473383284554,-0.0220164433787909,1.95512390877832
-1.23884550414175,0.0852910873007104,0.196465889415141,-0.952095344265339,-2.2357340935091,0.667457859756052,-13.139615280694,0.0549165713255206,-0.222192214412644,-0.0288891811208543,-0.022723101416107,1.91458697318591
-1.23887752736438,0.0856944876340791,0.196130453723512,-0.952018514298158,-2.23660835856233,0.667825588137367,-12.1160503029999,0.351997643249661,-0.151625093992095,-0.024420875801058,-0.0287820018605609,1.94211164338156
-1.23912832504233,0.0863445100989022,0.195906580842064,-0.951794766870214,-2.23731922316701,0.668051398561339,-12.2484771627463,-0.569029833192417,-0.199565968434058,-0.0254920766356501,-0.0251338347023376,1.89448691162179
-1.23961940724818,0.0872511047304894,0.195815689568334,-0.951417014857854,-2.23785231083284,0.668127988151245,-12.5010766691836,0.336609675544651,-0.230328372461003,-0.0230153490799103,-0.0177110987604287,1.87669102144222
-1.24035105211505,0.0884033502636932,0.195863838438556,-0.950892905943296,-2.23821513771073,0.668065185357327,-11.6365049242979,0.342167324604588,-0.243243088686626,-0.0236012596161022,-0.0209049961818928,1.90255567033554
-1.24130156490696,0.0897684757706179,0.196039408442713,-0.950242789221209,-2.23843368846108,0.667884906677012,-12.9159677954559,-0.368980085085468,-0.135781562866185,-0.0323318726227595,-0.0208374216531078,1.87576946414501
-1.24243204826391,0.0912906841707217,0.196313705477877,-0.949502473297296,-2.23855313063134,0.667626615781094,-12.0673736427314,0.537948264543274,-0.133168125384543,-0.0231412808291367,-0.0274535855349918,1.96269488934321
-1.24369347072261,0.0929007291967316,0.196647288584564,-0.948715978465812,-2.23862144001414,0.667327529356158,-12.8658646776987,0.426121643406532,-0.139269752558619,-0.024869845078392,-0.0290832741144714,1.96614602762848
-1.24502172378954,0.0945100235290033,0.196985281909172,-0.947939111722901,-2.23870066276224,0.667035391690207,-13.0510284962656,-0.554671628865663,-0.283939443238182,-0.0355849520888891,-0.0220889103177724,1.95459322143976
-1.24636217286673,0.0960337730215999,0.19727708364632,-0.947225096873338,-2.23883683724699,0.666785636998331,-11.7825919949506,-0.0298889122013861,-0.355738904346623,-0.0341288646606333,-0.0231124726884475,1.98783538719516
-1.24766374283884,0.097387639467013,0.197472018201239,-0.946626316283042,-2.23907226829861,0.666609568685707,-13.4289427861715,0.397086262250696,-0.197349220411098,-0.0333710459695507,-0.0218854176780671,1.93244059946863
-1.24889003494002,0.09851373586576,0.197537752488286,-0.946176384428884,-2.2394279036781,0.666520975024837,-11.8329105309378,-0.133978446364836,-0.148600496194234,-0.0303245201051259,-0.0254213749992075,1.96281012947472
-1.2500147461463,0.0993657867122861,0.197449998829615,-0.945900691254197,-2.23991535582423,0.666526787700473,-12.6116517339468,-0.137685282728853,-0.186723394477013,-0.0297416367701939,-0.0257267624995208,1.93999852135836
-1.25103377504478,0.0999342196203905,0.197212725186293,-0.945801213227458,-2.24051440022964,0.666605488242522,-13.0639918169119,0.777336590416098,-0.102397700093121,-0.0257923763472121,-0.0265643231742768,1.95926728280866
-1.25195377986442,0.10023353372798,0.196846545483685,-0.945865828733079,-2.24119249919741,0.666725720240932,-12.273098856479,1.11807532639591,-0.254616909729151,-0.0291519883393714,-0.0273396800148796,2.00347318392284
-1.25279481779512,0.100308159395628,0.196393073961205,-0.946060716181718,-2.24190545542889,0.666848485361473,-13.2712815099182,0.816659512864362,-0.296769568885338,-0.0393548036310372,-0.0272777349212664,1.97605813797952
-1.25358770540872,0.100215690257125,0.195903620609135,-0.94634621577709,-2.24259722158884,0.666925016107099,-12.5805101910912,0.506492974526282,-0.398022871357256,-0.0405242822396819,-0.0293093419210057,2.02179972886213
-1.25436031042582,0.100022814734782,0.195435017774046,-0.946676862908203,-2.24321968377595,0.66691419679011,-12.6963841264122,-0.216770626985408,-0.391002476695093,-0.0405196110655646,-0.0254248912321383,2.01434797884828
-1.25514525987741,0.0998065816545495,0.195048764279242,-0.946998301181563,-2.24372442534102,0.666777229833395,-13.3721161649705,0.108854460436078,-0.31690315820228,-0.038482069898754,-0.0255004537966402,2.00096969299482
-1.25596702998025,0.0996145827181323,0.194785475080385,-0.947278519562367,-2.24408021872801,0.666492568036541,-12.2071208603272,0.303291190609343,-0.22869435364143,-0.0287313537939928,-0.0303208328324033,2.04583329507071
-1.25684536659419,0.0994867668237527,0.19467765570467,-0.947489137519411,-2.24426502815555,0.66604575214809,-13.8428203104136,-0.00719348771917794,-0.305871756741652,-0.0327236802505841,-0.0298024491347672,1.99041955368729
-1.257785015777,0.099440097566764,0.194738053581718,-0.947616328291775,-2.24427815236405,0.665440854863053,-12.5092154228522,0.313700488172344,-0.322928772681593,-0.0360240461675496,-0.0291463011677425,2.05336718567274
-1.25878449291543,0.0994673646984339,0.194959816510673,-0.9476616356101,-2.24413735312597,0.664701201203201,-13.4712117888225,1.10277895386071,-0.360313847251916,-0.0374834559664015,-0.0267050280304881,2.05169911835165
-1.25982783233169,0.0995385900412504,0.195317096273014,-0.947640734963692,-2.24387702105027,0.66385929554199,-13.7299867098635,-0.159230476329867,-0.434261187461942,-0.0403346556383273,-0.0230441531689549,2.04023488249247
-1.26089433030047,0.0996035463933067,0.195767651802195,-0.947583272914262,-2.24354510601425,0.662962401613102,-12.5279169158546,-0.208320573367018,-0.358826333904148,-0.0346937155461067,-0.0266173371511769,2.0849835903039
-1.26195080797937,0.0996037221576378,0.196259893151174,-0.947525604830989,-2.24320299966187,0.66206530090246,-14.2448198652611,0.664762150141769,-0.288468354426072,-0.0347835830350198,-0.0313021154155279,2.04600125509342
-1.26296685181303,0.0994877175985529,0.19674552350837,-0.947499709771032,-2.2429040280898,0.661213289470478,-12.7361157219826,-0.249225424114002,-0.143072975515111,-0.0360718627021313,-0.0343129803032171,2.09949069492605
-1.26390830222605,0.099211854592677,0.197178151826739,-0.947532956806907,-2.24270795754979,0.660454492401432,-13.5576352659832,-0.164619940103876,-0.343796002376536,-0.038230585225266,-0.0302518066138184,2.06950394263683
-1.26473847519211,0.0987472325741443,0.197520499669156,-0.94764659015063,-2.24266741730135,0.659825606190255,-13.813900981268,0.163357412095593,-0.320598242258058,-0.0402698044720462,-0.0286483224922925,2.07211385582885
-1.26543052243204,0.0980882582065767,0.197750402610913,-0.947849083868336,-2.24282312259162,0.659354349213117,-12.6030718392137,-0.0467210230863202,-0.406343248598375,-0.0393328735527754,-0.0261735604527675,2.10110182670749
-1.26596450703151,0.097249652344563,0.197859838284068,-0.948137901659024,-2.24320039546498,0.659054830522912,-14.0514021392165,0.303688686769192,-0.284874189566267,-0.0388585222961351,-0.022849780076787,2.04135810487426
-1.26632998535139,0.0962732743917369,0.197860231919708,-0.948495546936558,-2.24380879765037,0.658926633574407,-12.6681270070229,0.807229498619563,-0.268658082407654,-0.0316174988214848,-0.025058807952381,2.08182720796988
-1.2665226863615,0.0952085435221282,0.197767785797645,-0.948901059219105,-2.24464802081425,0.65896232744477,-13.5308454884376,0.728247671810323,-0.159333335865796,-0.0280230026461772,-0.0291546060036582,2.05383763603243
-1.26655409047613,0.0941218559696004,0.197612699930924,-0.949324138284805,-2.24569642657629,0.659138563587691,-13.550673109744,-0.2735713703687,-0.311922149634711,-0.030765674281878,-0.0286296707794304,2.06303567843169
-1.26644711944582,0.0930812327844892,0.197428401354307,-0.949733584702258,-2.24691975025931,0.659424045779491,-12.9071966232528,0.0960973697929148,-0.299562571943198,-0.0308938955698714,-0.0293398375670471,2.0977484262321
-1.26623411227418,0.0921598262065855,0.197253371827884,-0.950093322408902,-2.24827369990121,0.659782969492694,-13.8593179584403,0.257128122484119,-0.331452954453937,-0.0388017931307383,-0.0268722468032048,2.07282685575836
-1.26594828576384,0.0913978559270312,0.197106225071148,-0.950388907284679,-2.24971492102962,0.660180100668347,-12.9190132104405,-0.0329644456903679,-0.372312444163583,-0.0396932725522112,-0.0284309828826502,2.11907799320982
-1.26563209027973,0.0908360615144961,0.197008203194161,-0.950602808086899,-2.25119073330565,0.66057283797315,-13.7482815963656,0.458332932089888,-0.185447826303175,-0.0392120651987611,-0.0298522655428777,2.09508826304311
-1.26533285277821,0.0905018447074823,0.19697549675162,-0.950722378433205,-2.25264682001374,0.660920092888299,-13.7942179290955,0.125605938461376,-0.384557018093972,-0.0337139089741805,-0.0316834408735789,2.08638331992134
-1.26509106468003,0.0903908553883843,0.197004819696987,-0.950753706522828,-2.25404251377381,0.661193593878678,-12.7946836855886,0.201253629586063,-0.33089880245879,-0.0271664931164208,-0.0319522224283863,2.10794338277942
-1.26495011759572,0.090499093201891,0.197096956189986,-0.950700339464274,-2.25533233574292,0.661358140845022,-14.0150322864951,0.382905116666052,-0.226522564105323,-0.0304831962715224,-0.0279448889265398,2.06210908484299
-1.26494202892171,0.0908089375364796,0.197245770750781,-0.950571759426482,-2.25648228805549,0.661384095322375,-12.805886126511,0.198920127400697,-0.253093097064124,-0.0325737272445941,-0.0307288309459287,2.10454344882051
-1.26508612719935,0.0912777848001722,0.197428445219477,-0.950390030366543,-2.25748118842982,0.661264992245892,-13.4362528088066,0.0715031666204595,-0.381346644991481,-0.0381242651221263,-0.0295333644730837,2.09223767463999
-1.26539825746005,0.0918667635373458,0.197626996751505,-0.950174139341747,-2.25832207710668,0.660996399020989,-13.6554618684255,0.42353399966396,-0.310350986507018,-0.0388400304332612,-0.0288246280909069,2.09231293692985
-1.26588715498039,0.0925371856151713,0.197825905613647,-0.949944551008634,-2.25900262187919,0.660577051141835,-13.0154133916185,0.652090791639239,-0.349054177932885,-0.0343297595883745,-0.0258132126337819,2.12400271923376
-1.26654700821769,0.0932603422493381,0.198015590865518,-0.94971325912243,-2.25953520093984,0.660017291287075,-13.8299993179091,0.276590509912694,-0.364841355703845,-0.0352166881350073,-0.0310038373076213,2.09415394020499
-1.26736278762236,0.0939947201654636,0.198176689072329,-0.949500668482355,-2.2599456115416,0.659342486161065,-13.5170538686426,0.000934246656242976,-0.276898147648723,-0.0307454843338313,-0.0342849213422713,2.12736914066384
-1.26832180743395,0.0947105110841351,0.198298383445796,-0.94932226538762,-2.26025782934557,0.658581623440016,-13.0739519882437,0.302336495977897,-0.378773419223904,-0.0359517625535846,-0.0333675613472952,2.11611711907935
-1.26940673832212,0.0953928250812472,0.198378512777985,-0.949183333949395,-2.26049803209608,0.657764727298856,-13.876758646893,0.656838565692169,-0.370129924958093,-0.0356679207907304,-0.0289746423654982,2.09238401181654
-1.2705997570201,0.0960315051347758,0.19841719480151,-0.949087889116647,-2.26069067266169,0.656922785557312,-12.5557302882956,0.0354618382461922,-0.283385835903175,-0.0348531805502619,-0.0288993697024922,2.14216835543612
-1.27188515864245,0.0966249892571502,0.19841904862759,-0.94903491243191,-2.26085549667806,0.656084879244428,-14.2969653190931,-0.0417844498811064,-0.376311547260684,-0.0366309430050462,-0.0290892533043962,2.10300278768601
-1.27325423759033,0.0971857144330963,0.198397493267644,-0.949014068775342,-2.26100550759817,0.655278322576887,-13.1756450021098,0.662270255058047,-0.380199889778595,-0.0324571038053216,-0.0294902000900018,2.17815765834124
-1.274691696195,0.0977225942694195,0.198362242904963,-0.949018020153003,-2.26115639123886,0.654528860819956,-13.9572468916161,0.812629982635372,-0.333072503812389,-0.0319703959781976,-0.0331984177851487,2.17412742757607
-1.27618722802605,0.0982533342955092,0.198328727792433,-0.949032258794126,-2.26131726167363,0.653856245485985,-14.2436023728717,-0.49316397196003,-0.357619368804563,-0.0390193803659327,-0.0303949469956988,2.1639020114237
-1.27773503314625,0.0987989978117509,0.19831528825827,-0.949040500728021,-2.26148862116048,0.65327093478243,-12.980818488645,-1.19712625140869,-0.367567908886912,-0.0354866487610348,-0.0292882659143029,2.19970735519732
-1.27932578661999,0.0993732911801359,0.198334770164888,-0.949030851568985,-2.26167183988996,0.652778318523131,-14.8544853902072,0.382977936659245,-0.384237635635543,-0.0381640269874062,-0.0267811218862783,2.1334647735869
-1.2809511140661,0.0999958527437688,0.198405917410212,-0.948986325229539,-2.26186747402365,0.652381952465704,-12.9237112369881,-0.369487376131019,-0.326349933083208,-0.0363490721417921,-0.0281084897543298,2.18790511485177
-1.28260030202111,0.100675990131745,0.198541030447172,-0.948896497842518,-2.26207724191164,0.652082194295148,-14.2529833763069,-0.607615409991695,-0.30306300239215,-0.0354501981989226,-0.0323069734629955,2.15985423998488
-1.28425456247677,0.101409725158351,0.19874320565363,-0.948760339742364,-2.26230188382153,0.651868627622235,-13.9481367645865,0.330376095240354,-0.354378058726979,-0.032603067072118,-0.0330283986644899,2.17845257036869
-1.2858957996775,0.10219420224743,0.19901877280964,-0.94857728486371,-2.26253939495775,0.651725107550414,-13.472225013578,-0.196000755697469,-0.223846460160502,-0.0342113610124333,-0.0298431810382587,2.18741316576062
-1.2874971500165,0.103000657304793,0.199355864110822,-0.948363480517143,-2.2627989662683,0.65164164968164,-14.3285852786299,0.307079408036316,-0.352090770684896,-0.0378418954911841,-0.0280504680687619,2.14826217399857
-1.28902538359058,0.103787195954419,0.199732517829413,-0.948145452654098,-2.26309592385368,0.651611446633977,-13.5404664507013,0.795409103894372,-0.282894163967967,-0.0337652369359316,-0.030215187788626,2.19257689903187
-1.29044632783885,0.104512064472034,0.200126106077886,-0.947950004646457,-2.26344009596771,0.651616952501696,-14.090396982654,0.228972936663013,-0.3226871483308,-0.0359878452218951,-0.0298483930886547,2.17201979300077
-1.29173065749288,0.105126817184271,0.20050826406072,-0.947808312886766,-2.2638382797744,0.651639888915931,-14.2117485050098,-0.507064277539712,-0.347457321274703,-0.0394556074074282,-0.0300719097201983,2.18140909401861
-1.29283555902646,0.105569586434434,0.200838700652681,-0.947762527025909,-2.2643101484867,0.651669157520174,-13.4843668359726,0.697696529732184,-0.22533354521164,-0.0295429745849218,-0.0324299781265039,2.23192675166711
-1.29373615396126,0.10579863459125,0.201088923022916,-0.947840026863864,-2.26486138202702,0.651689096943578,-14.779016602855,0.809542918650322,-0.183273143447195,-0.0331934945697827,-0.0318750639105448,2.190144364224
-1.29441598208782,0.10576987450869,0.201227321914702,-0.948070775856583,-2.2654918764249,0.651682691001066,-13.6342811340895,-0.133616497387038,-0.383732788686444,-0.0304713103386574,-0.0293240823368348,2.21909984273264
-1.29486158197051,0.105462642127382,0.201235914542798,-0.948469178258952,-2.26620363104104,0.651638412939298,-14.2646566353158,-0.4543449613966,-0.344140906294456,-0.0307287866416868,-0.0262062176033152,2.21157244154673
-1.29507701271327,0.104889986001174,0.201117455210911,-0.94902476616033,-2.26698503204894,0.651540735766503,-14.5891755205247,-0.371192994846069,-0.277144404357699,-0.0308689897368897,-0.0309621131180616,2.23132692422278
-1.29507862678876,0.104070918056573,0.200877656138798,-0.949724002868436,-2.26782359239987,0.65138228999277,-13.7112263958933,0.415713601615153,-0.196348167966079,-0.0294669493264212,-0.0360342359699887,2.27827112949162
-1.29489746573793,0.103046058121224,0.200535392184249,-0.950539350941386,-2.26869988480171,0.651157723978668,-15.2140167996515,-0.467635806457793,-0.339887889748411,-0.0351225653261982,-0.0330850143161387,2.23722731600626
-1.29457418974631,0.101889547601969,0.200132161365455,-0.951420719814141,-2.26958809436599,0.650860544979311,-13.9549774337719,0.0444916533410833,-0.296894885707104,-0.0349722693457668,-0.0335340454969187,2.27175576241914
-1.2941592969547,0.100688636764488,0.199717760491733,-0.95231082924501,-2.27045986492786,0.650487975916626,-14.0618409396263,0.0835775842756448,-0.402745739433811,-0.0339909156290301,-0.0303747971230859,2.24930336097022
-1.29370484971269,0.0995309192648417,0.199341535001548,-0.953154173058911,-2.27128754366962,0.65003906689168,-14.6193265297392,0.625339308040566,-0.410823022729517,-0.0317225469972153,-0.031663890252694,2.235466041954
-1.29325913187976,0.098500695195237,0.199049825514117,-0.953898393894912,-2.27205293628914,0.649522881240114,-13.6695855472246,0.522589308081251,-0.349899570531932,-0.0287445099526704,-0.0345093752498561,2.26421015434935
-1.29286640872435,0.0976719791755238,0.198881311466782,-0.954500393316272,-2.2727448075852,0.648953532363425,-15.0618452826885,0.804533062903602,-0.454806391492554,-0.0337564685367213,-0.0355966992927888,2.21762946750682
-1.29256471495411,0.0971001575611732,0.198861412512708,-0.954932529043131,-2.2733497521912,0.648338722697164,-13.7577645856128,1.0366659212068,-0.238880777126639,-0.0332475701531365,-0.0381829999365205,2.28999000463914
-1.29237933542076,0.0968196243271873,0.199001130444561,-0.95518157154961,-2.27386773535763,0.647693372655298,-14.6026303347815,0.660450427450087,-0.311398168573476,-0.0370786461040207,-0.0346471368177294,2.2699339147973
-1.29231962095346,0.0968399669359687,0.19929324840612,-0.955251600244524,-2.27430589499439,0.647030890771968,-14.5290469548203,-0.108164565787547,-0.49831093394323,-0.042621658391635,-0.0291700187274666,2.26124384223288
-1.29238069935989,0.0971366234558104,0.199706722229848,-0.955170692829039,-2.27468303830423,0.646368469700508,-13.7746000738427,0.162936298262366,-0.499316063394332,-0.0352498068564673,-0.0308298993212217,2.29772509030141
-1.29254619730801,0.0976541206440498,0.200189856118628,-0.9549862682846,-2.27502271707253,0.645721974247081,-15.1705682189946,0.881566978445335,-0.254894086189495,-0.0320373475635227,-0.0304226483610615,2.25579524732013
-1.29280092496167,0.0983341806733309,0.200691032573388,-0.954746440615353,-2.2753396043851,0.645097056379202,-13.8124038260943,0.169963712878143,-0.242983914674937,-0.0311823965032252,-0.0330732341843841,2.29169848114849
-1.29311832683102,0.0991019508505682,0.201148572702045,-0.954506555770324,-2.27565575344794,0.644500707018552,-14.6003448107738,-0.118760459594796,-0.264632640648813,-0.0311988294775385,-0.0349838549156651,2.26344241778478
-1.2934708567094,0.099887483668045,0.201505379400503,-0.954315275509035,-2.27599737464484,0.643944582236274,-14.883812297305,0.0728742979413255,-0.231468930694149,-0.0374567534033545,-0.0333727705485431,2.28108737161595
-1.29383847223265,0.100616865441273,0.201706121885328,-0.954220512516668,-2.27638025678617,0.64343163187576,-13.9851378372435,0.683591049132929,-0.2907757924973,-0.0382984327543641,-0.0357547046347242,2.31534553623326
-1.29420934604195,0.101250636928651,0.201723100671327,-0.95424263711968,-2.27680991667989,0.64295998667994,-15.0829084193023,-0.0389764134131383,-0.424144124063503,-0.0426106113267317,-0.0313238462673352,2.27414227958455
-1.29457718469097,0.101756315594132,0.201537719528337,-0.954393447738678,-2.27729356019515,0.642533082242988,-14.2348832757031,0.274708094073503,-0.239462450384963,-0.0348993396444985,-0.0325124233314506,2.32202595544161
-1.29494176820155,0.102120707024217,0.201147910120978,-0.954669360579664,-2.27783615774396,0.642156993951293,-14.5469118270322,0.792652678506329,-0.301049955843126,-0.0336452703865331,-0.0359052749006485,2.30176479796965
-1.29531448252748,0.102362348027801,0.200577805282752,-0.955042362171994,-2.27843150027673,0.641830028643521,-15.0012407654268,0.568554564893248,-0.357500162017772,-0.0323322183323311,-0.0380973851080309,2.30532515697298
-1.29570409609471,0.102496365425258,0.19985238983272,-0.95548697936547,-2.27908615653027,0.641568259543685,-13.9071676003339,-0.231707978817894,-0.364295251970447,-0.0339326376827773,-0.0416853535483447,2.35387866412372
-1.29612406084763,0.102552201903308,0.199010487953618,-0.955969004926182,-2.27979919851028,0.641380905707701,-15.7257493240198,0.240998605994037,-0.394598914418907,-0.0424859924781127,-0.0336536268631926,2.29342876979754
-1.29658866662945,0.102561837987874,0.198093892422282,-0.956454724807689,-2.28056869491395,0.641276484151921,-13.8579351354635,-0.00586845278871806,-0.443105807409211,-0.0436001425880672,-0.0300374329122278,2.34535476556
-1.29710106684527,0.102550470979098,0.197138582088661,-0.956916762745619,-2.28140020761566,0.641265214534223,-15.3430212551511,1.09664077784464,-0.373061457636084,-0.0350995145379134,-0.0324356299339782,2.30216161724129
-1.29766765800771,0.102537339896269,0.196176841085326,-0.957334710076163,-2.28229706322326,0.641356504561407,-14.4743328650048,0.717885556603733,-0.184271969991954,-0.0345273409840998,-0.0295050713128228,2.30804992136525
-1.29828933399477,0.102530155448883,0.195233146099254,-0.957702013072056,-2.28325263761044,0.641542052502679,-14.3463501987843,0.631207076870396,-0.387071883694801,-0.0299484989130439,-0.0352519419440651,2.3178257717628
-1.29896204621491,0.10252357649324,0.194320393504352,-0.958023432008432,-2.28426533283681,0.641819208711083,-14.978424285614,0.755997043584102,-0.289809626120842,-0.031657208943765,-0.0414447119748053,2.30771454323831
-1.29968007222268,0.102502234229858,0.193441916976726,-0.958312446924285,-2.28532403405878,0.64216874423883,-14.6607251640788,0.454608296764491,-0.220228790507235,-0.0324207495618145,-0.0434699078046323,2.34387873590154
-1.300434470458,0.102442526441516,0.192593831333295,-0.958592088817579,-2.28641348480227,0.64256688440336,-14.5300832501738,-0.558436232326358,-0.345383287884488,-0.0450325155081512,-0.0356030648604145,2.3287256059983
-1.30121940586983,0.102330434207782,0.191776478139297,-0.958878156755571,-2.2875078473188,0.642975856848316,-15.3154729051294,-0.269531445444727,-0.419640941381886,-0.0442251275095829,-0.0343777887424093,2.33418050498676
-1.30203283026347,0.102159740229297,0.190993200030507,-0.959182406324209,-2.28857238368782,0.643351321216862,-14.3406614545576,0.200405515293596,-0.285702653159717,-0.0345844894563268,-0.0385967402701578,2.39246961943449
-1.30287321381029,0.101926435483358,0.190247102636739,-0.959513304472622,-2.28957143126928,0.643646896743631,-15.8718510532134,-0.263229973940952,-0.26778760370243,-0.0361112494296068,-0.0389604033100939,2.34121940688861
-1.30374432231046,0.101634925503246,0.189546002241916,-0.95987066778143,-2.29047136964125,0.643826423872135,-14.3683090694886,-0.304510372222012,-0.284481440474991,-0.0312999665970457,-0.041228719304323,2.40200330686776
-1.30464650889458,0.10130704004536,0.188909200046685,-0.960240609023466,-2.29124186438608,0.643855360436946,-15.293578384818,1.08567190605208,-0.213802281388922,-0.0324726088590865,-0.0385990853277134,2.38448538651296
-1.3055865869726,0.100975860733239,0.188363599460566,-0.960598184806344,-2.2918582651612,0.643712068220326,-15.136435151171,-0.0928939982200063,-0.218121170704819,-0.0308397313073949,-0.0325947415497835,2.36340894139674
-1.3065658275651,0.100667265884264,0.187930309243386,-0.960920336396319,-2.29231175856329,0.643393331797192,-14.5834822877468,0.275319613174815,-0.217603614748498,-0.0341784040182085,-0.0320923942951388,2.38664398356129
-1.30758550738419,0.10041430662337,0.187635811854166,-0.961176662681648,-2.29260471480591,0.642909415892689,-15.7562575001169,0.682472636313378,-0.2955898580243,-0.037838398721171,-0.0344368351638149,2.3758457413213
-1.30864569697993,0.10024208355777,0.187501628206981,-0.961340202627795,-2.29275008436022,0.642283925837758,-15.0711486288706,0.484635987294951,-0.250141905554642,-0.0346349960901193,-0.0417268947702593,2.43390946399556
-1.30973953207547,0.100162551405324,0.187540383303493,-0.961393491501519,-2.29277929899277,0.641559809844826,-15.2067726961758,-0.34555930643478,-0.372263628679093,-0.0362757686712198,-0.0434945391811853,2.4396254466154
-1.31085525351988,0.100177032309142,0.187756184910928,-0.961326119505227,-2.29272711498434,0.640778124625991,-15.9606514862081,0.404705088279115,-0.372872277980377,-0.0416476278528299,-0.0446364091155832,2.43352488265704
-1.31197696805034,0.100280511121321,0.18814795996582,-0.961135377943762,-2.29262967510396,0.639976943324142,-14.625256371934,0.398347778241941,-0.282755203228419,-0.0410499411133829,-0.0415024210756478,2.46519177208105
-1.31308926562268,0.100440588247044,0.188694647829574,-0.960839628592005,-2.29252714823572,0.639198801224049,-15.940171769765,-0.227024043002984,-0.383406845771702,-0.0441224595481557,-0.0355780794051457,2.40066153842974
-1.31416753805988,0.100617775951155,0.1893661187092,-0.960464128756361,-2.29246260169092,0.638480787791835,-14.8608675511414,0.195474653773999,-0.304947519747287,-0.038949186458078,-0.0396957178901246,2.45025586455983
-1.31518686227683,0.100774669826384,0.190130730909943,-0.960038235165407,-2.29246860168891,0.63784251655475,-15.5127063876282,0.208373780227475,-0.437422597547567,-0.039611981606495,-0.0415042856321288,2.43597019725889
-1.31612820996095,0.100879737149894,0.190957415665092,-0.959590959692934,-2.29256157820176,0.637285525798887,-15.9070709380592,0.0772229330382288,-0.366837533644144,-0.0410637163456076,-0.0439160659507874,2.4440279199343
-1.31696531735876,0.100899297908341,0.191808757482907,-0.959155291307302,-2.29275833932186,0.636804188264951,-14.8570003803383,0.569054969658737,-0.339945117220111,-0.0362579274697166,-0.0421667907372865,2.5081776225091
-1.31768092919393,0.100815060765266,0.192653260941553,-0.958755583257458,-2.29306571831647,0.636385939733303,-16.6810916904427,0.269220346373913,-0.358565602356975,-0.047692985773538,-0.0376741661469427,2.45117138081819
-1.31826443793718,0.100622590533586,0.19346597780989,-0.958408906483033,-2.29347800820907,0.636005490531299,-14.8060086530575,-0.468076719564806,-0.378804868847794,-0.0518181394529633,-0.0389221942911997,2.4967715220722
-1.31871378429676,0.100340892889485,0.194235003206341,-0.958118104074427,-2.29398318566129,0.635636386815128,-15.9727399623004,0.214791388336835,-0.411862037065134,-0.0460635875718136,-0.0404787510293073,2.47430081712104
-1.31902781708997,0.0999959880069063,0.194949924128145,-0.957879122484285,-2.29457390590431,0.635259432680848,-15.9432766636747,0.591568021042804,-0.371708271871768,-0.0428622395131759,-0.0459263812540299,2.48064652401568
-1.31921025042636,0.0996104044266657,0.195598032756009,-0.957689852985146,-2.29524637900965,0.634865099264605,-15.034028770032,-0.234147931030748,-0.384651945519607,-0.0437216793393871,-0.0526223210455052,2.48933514384753
-1.31928472566343,0.0992214676874221,0.196178022624321,-0.957536090423189,-2.29598609346719,0.634446095010968,-16.3412257872441,-0.155053203025773,-0.439521960246253,-0.0419878816127386,-0.0457135986938415,2.45349629129897
-1.31927764397144,0.0988657052937087,0.196690168821798,-0.957401076339324,-2.29678315531985,0.634005086430165,-15.0831252250659,0.058849776974057,-0.422905398004019,-0.0416881507328264,-0.0440512019171415,2.50919483579652
-1.31922202094891,0.0985799263335485,0.197138906606084,-0.95726574057794,-2.29762539298914,0.633547166274246,-15.8673089400274,-0.139888542128574,-0.472848520037388,-0.0461600545565548,-0.0413347674284294,2.47356464955436
-1.31915639085987,0.0983886482999266,0.197526029823734,-0.957117926411186,-2.29849692192789,0.63307893466895,-16.0227836998323,-0.0173917946585789,-0.365175318505493,-0.0492713089936165,-0.0415976882999182,2.48559887975705
-1.31911383341397,0.0983025880459696,0.197848756991808,-0.956951765355296,-2.29938927063337,0.632614780730815,-15.2450060369933,0.261890378025782,-0.39299486708839,-0.0416070530734385,-0.045911310880538,2.52969702280882
-1.31913281493586,0.098320551464175,0.198103693481643,-0.956767884908744,-2.30028668567269,0.632163605787961,-16.6525621247595,0.57951038312126,-0.397156090976893,-0.0425697129086755,-0.044930640297381,2.47968886591952
-1.31924269628551,0.0984371277257079,0.198288668744091,-0.956568115986091,-2.30117143006082,0.631725546187827,-15.1659772943319,-0.612508567092391,-0.238335402357961,-0.0416381266473449,-0.0454248152474444,2.52817855939016
-1.31946636926317,0.0986419832604719,0.198404087621008,-0.956356669287773,-2.30202481263432,0.631293950240086,-16.3879545019942,0.65942235699049,-0.434681569450703,-0.0432334906921894,-0.0425118870303658,2.49729274556352
-1.31982355655843,0.0989206096288582,0.198453388547464,-0.956140098689315,-2.30282307347831,0.630855117967604,-15.7203788932793,-0.178771401208451,-0.378660975493347,-0.0440316389607252,-0.038001474133038,2.50005506622026
-1.32031285194771,0.099256412689285,0.198439921874213,-0.95592595488568,-2.30355649478721,0.630398462394807,-15.522752129945,-0.704994468240784,-0.458305882379051,-0.0419658881330935,-0.0386728520039953,2.5058030420901
-1.32092140057436,0.0996328730072484,0.198367657677954,-0.955721660829138,-2.30422368888395,0.629915605342052,-15.9106190182109,0.745668938500103,-0.384446331494473,-0.0423433281637839,-0.0409083547295391,2.48857396881079
-1.321632386582,0.100038545111792,0.19824534324036,-0.955532277002068,-2.30482226651804,0.629394581245081,-15.6181418016284,0.2284046342088,-0.329556212305533,-0.0359391678774319,-0.0454088523551068,2.51471785519998
-1.3224235618756,0.100466703917416,0.198085009762271,-0.955359916400891,-2.30535983574345,0.628833309354906,-15.6450785083155,-0.374241936812268,-0.270841710832201,-0.0376072566167269,-0.0445483577519713,2.51385238455519
-1.32326289633622,0.100918551415035,0.197901491146394,-0.955200853534509,-2.30585616452261,0.628239633356009,-16.4570655862403,-0.00971359450500131,-0.306345252324263,-0.0421719392228646,-0.0464755679114594,2.51846474221691
-1.32412196016376,0.101399218955788,0.197709479191582,-0.955048536698176,-2.30633604852733,0.627630146565495,-15.2721259864322,0.929868727318762,-0.322054921427195,-0.0384634011186731,-0.0462593140708248,2.58269833891417
-1.32497128147193,0.101916151511582,0.197524296540269,-0.954894257090823,-2.3068310042636,0.627030678272198,-16.727280294548,0.504039959440206,-0.501292064706718,-0.0475051407725453,-0.0396411242516176,2.52253331365715
-1.32579457571146,0.102479616176857,0.197362757484333,-0.954728292470043,-2.30736139766706,0.626462448823608,-15.3536564409115,0.558748859319621,-0.385397138097318,-0.0434606644314148,-0.0392054788424043,2.5766171103291
-1.3265787785977,0.103092158200287,0.197234344534036,-0.954546090951025,-2.30794951552934,0.625952211994189,-16.450646064226,0.797773771457287,-0.314219355848593,-0.0384411178643522,-0.0431196614733635,2.5488378857554
-1.32732149075102,0.103756439350152,0.197147715866633,-0.954340663003203,-2.30860824119694,0.625519864910066,-16.2666046040473,-0.4565839241709,-0.246869588591409,-0.0391259687489591,-0.0445976981048525,2.5400834112745
-1.32802728101652,0.104469643908516,0.197107386788881,-0.954109409894874,-2.30934013708319,0.625177366993031,-15.6230559939563,0.213823351246674,-0.335014360352631,-0.0341642731963052,-0.0433601000382585,2.58254603484255
-1.32871066978304,0.105225970624457,0.197117544061573,-0.953850047612721,-2.31013443215927,0.624925498856649,-16.74812117366,0.188902263964337,-0.342694477123757,-0.0394767871277137,-0.0459896718347462,2.55565758638886
-1.32939091226312,0.105996579147139,0.19716800650573,-0.953576960742874,-2.31097446627913,0.624760611299758,-15.6121593767984,0.292929227214245,-0.394203244098463,-0.0428723139871736,-0.0425811198295277,2.5954723575133
-1.33008766994396,0.106753870844776,0.19724935447568,-0.953303646740793,-2.31182891533179,0.62465866881721,-16.2675055763315,0.913774711205861,-0.422493907231939,-0.0478632820918925,-0.0393952298082191,2.57411534550655
-1.33082085878654,0.107463725357146,0.197347226265611,-0.953046936908527,-2.31267081830683,0.624600223707031,-16.5544679853632,0.52587810387331,-0.332363971840238,-0.0498342642290042,-0.0449027114823627,2.57792515310921
-1.33160016897802,0.108083347795829,0.197441960762562,-0.952830573205457,-2.31347269446052,0.624556352342198,-15.5967886745386,-0.19488078848849,-0.345544168191992,-0.0439510355847359,-0.0478579402790351,2.61343188884365
-1.33243364891589,0.108557362358691,0.19750558177946,-0.952688705646355,-2.31421130800835,0.624504672434736,-16.9022955578332,0.078753251876833,-0.419962348173783,-0.0456082951230425,-0.048111574135047,2.57289290527755
-1.33332479269878,0.10884018047267,0.197514933396809,-0.952649222478376,-2.31486844524621,0.624423985831841,-15.9807389859915,0.974226199809891,-0.390670499485395,-0.0429028456939622,-0.0495152886381819,2.61661363548365
-1.33425876890642,0.108888762715667,0.197445694860396,-0.952739801315216,-2.315445409508,0.624304469600205,-16.2619817987427,-0.100556771029915,-0.382342087226164,-0.0479108373986596,-0.043555913993619,2.59667214123372
-1.33521712853139,0.108670207811592,0.197278814013459,-0.95298250522933,-2.31595123416974,0.624143650109171,-16.6065956367984,-0.338116840399607,-0.441370534944866,-0.0477393046670196,-0.043175068071527,2.58766710940433
-1.33617700951746,0.108181437516403,0.197012072624331,-0.953381266018974,-2.31639747198362,0.623938758491405,-15.8846061484695,0.552747149528386,-0.414684098248756,-0.0451091177680931,-0.0432150061567863,2.65183337107492
-1.33710935899173,0.107439418569907,0.196652943838779,-0.953927198190066,-2.31680675887599,0.623695548817201,-17.2459527060228,0.41675999646327,-0.461425059010764,-0.0479877929429264,-0.0459293572469833,2.63395747397207
-1.33798688156783,0.106473914598938,0.196214553937788,-0.954602669677522,-2.31720601775814,0.623427454383577,-16.1902862304227,-0.0811250638505499,-0.399933520516782,-0.0479592811264542,-0.051619268901166,2.69058618594143
-1.33878036292919,0.105340110663516,0.195724885729236,-0.955373704728203,-2.31761921074588,0.623142170493082,-16.8456226828268,0.0633011417569378,-0.375354243999794,-0.0484261284310969,-0.0546241863784218,2.68025928477264
-1.33947438764617,0.104128864167016,0.195233966083151,-0.956182641793252,-2.31805617452403,0.622838215151686,-16.9913264584271,-0.177190527874018,-0.439455126425599,-0.0509691763310696,-0.0458488528034259,2.65610272328277
-1.34005009277742,0.102921062674248,0.194782518178095,-0.956978583750932,-2.31853034039585,0.622515992443547,-16.0817256469041,-0.240209807948531,-0.382234378906702,-0.0490088215851361,-0.0420630442557875,2.68748884571498
-1.3405032157166,0.101824917806347,0.194429452757746,-0.957693240703565,-2.31903406071857,0.622159400181605,-17.3815488689249,0.0530737067224436,-0.466558723577549,-0.0488578935845134,-0.0450776332015846,2.65261758176873
-1.34083939932004,0.100932418831312,0.194221872720717,-0.958268512921311,-2.31955185578367,0.62174871291951,-16.3710594263317,0.19465965833615,-0.302670400482128,-0.0460348766810621,-0.0498538251958896,2.71482091920176
-1.34106994311325,0.100314367508073,0.194192827505172,-0.958661656193943,-2.32006473956119,0.621265848739431,-16.9904821367325,0.195778083005052,-0.426673979560064,-0.0499659992374419,-0.0516056218797198,2.70546802107829
-1.34121532729594,0.100020136366304,0.194361564022082,-0.95884438726936,-2.32055021112019,0.620693679865314,-17.4490257817654,0.00530207994052034,-0.423343543217413,-0.0508298572856249,-0.0502056048149811,2.69414686738826
-1.34130289710972,0.100081666447951,0.19473665490754,-0.958801031954376,-2.32098210212632,0.62001594234825,-16.1592813626227,0.153665590304627,-0.469425967731382,-0.0449032305673258,-0.0497538074962541,2.73274055268436
-1.34136437822988,0.100484107337806,0.195297512048794,-0.958549114736798,-2.32134300229447,0.619232778285845,-17.9786887653916,0.381020962340472,-0.425332753445247,-0.0518720907337813,-0.0462583418214768,2.68029872408052
-1.34142872735505,0.101179716434008,0.196000462973109,-0.958127370756386,-2.32162628995862,0.618355566125311,-16.2755860461028,-0.161160631450684,-0.421723089131632,-0.0511439034536258,-0.0505694178772986,2.74452644129471
-1.34152571257401,0.102104487714561,0.196792190413291,-0.95758501256509,-2.32183629659765,0.617408623401407,-17.2092415359791,0.767119451031704,-0.312678062210523,-0.0456216711735711,-0.051580260196653,2.72067396832224
-1.341680825571,0.103174489648509,0.197607616370583,-0.956985778865674,-2.32198866806962,0.616427897304442,-17.0369962830163,0.143886277892307,-0.347972024909268,-0.0456535226998898,-0.0516149719573719,2.69951898093695
-1.34191077863671,0.104287339935654,0.198369346239216,-0.956404710533533,-2.32211669133416,0.615463712579447,-16.3336772774084,-0.457211503435019,-0.32160785088621,-0.0435924546337372,-0.0457415150354357,2.70130093276193
-1.3422273655219,0.105344567490981,0.199003373369838,-0.955912234384657,-2.32226170268397,0.614571528429753,-17.5008837755889,0.722165426015408,-0.431290400259087,-0.0399605312767681,-0.0457024911608833,2.66627877281723
-1.34263874666501,0.106260591183628,0.199444685527202,-0.955568686305999,-2.32246543927054,0.613801681754012,-16.3939477637981,-0.158745296638926,-0.481717036075594,-0.0369443651294112,-0.0479056550589979,2.7154109878783
-1.3431551203106,0.106980857161219,0.19965261315815,-0.955412976751436,-2.32275843961589,0.613191004316785,-17.228043037941,-0.15165954561644,-0.512678390882627,-0.0421878891164775,-0.049256475227695,2.69633349810455
-1.34377576615926,0.10746609826611,0.199596881954595,-0.955470813343313,-2.32317413792955,0.612771393548629,-17.2090212876031,-0.0903581084053258,-0.40057094148014,-0.0426516127190246,-0.0522379484328169,2.71447788851931
-1.34449135437105,0.107703003220035,0.1992667868178,-0.955749115032426,-2.32373719773651,0.612557132401823,-16.3486750806034,-0.231492499425258,-0.337353845011393,-0.0413103664780414,-0.0527050497532252,2.74273278638465
-1.34529887243918,0.107699985132736,0.198669990098214,-0.956237765593707,-2.32445049547622,0.612540817251646,-17.5099412249165,-0.560834719885861,-0.302487538181794,-0.0443673222155181,-0.0426872542205654,2.68590275709027
-1.34619572558506,0.107494878235349,0.197838642579723,-0.956904931732801,-2.32529794332399,0.612694226662234,-16.5223222280304,0.0227005851529611,-0.363616196429632,-0.0391550166903571,-0.0461701418624392,2.72429991311192
-1.34717850823979,0.107151255024841,0.196825189475933,-0.957700490277662,-2.32624635317357,0.612969881507261,-17.1585940624413,0.197660531774773,-0.357140828932074,-0.0370201368530796,-0.0511321316167342,2.72351471416911
-1.34823807721802,0.106739292672925,0.195690433115468,-0.958568475481674,-2.32725313647737,0.613308894758247,-17.412193607985,-0.0080966161174274,-0.327661920363596,-0.0391363334701911,-0.0520382073629087,2.72913423472062
-1.34935966834216,0.106332992032004,0.194501570549497,-0.959449522528201,-2.32827078920762,0.613646998292852,-16.6237757162015,0.5146585602306,-0.232382893733757,-0.0415584935826483,-0.0504318311207173,2.75736821510183
-1.35053048531449,0.105995520705013,0.193323075296894,-0.9602917812838,-2.32924816053174,0.613922218835794,-17.5315828827203,0.441019512804587,-0.371820014314324,-0.0482641801679837,-0.0484715651997152,2.73676106420571
-1.35173213908558,0.10578188977675,0.192215818465354,-0.961048723020429,-2.33013879843034,0.614078543088476,-17.2243949861739,0.806374827147692,-0.419405586485169,-0.0427589208687666,-0.0507889863438122,2.77658308769215
-1.35294009037554,0.105743931150863,0.191239308210535,-0.961675383079079,-2.33090657310526,0.614070137537366,-17.1181520346852,-0.784806431284096,-0.384634517325622,-0.0444786349937911,-0.0465695556146927,2.77644315247398
-1.35413585850454,0.105907556953169,0.190436655586209,-0.962145524211678,-2.33152422950792,0.613868181404646,-18.0815804352532,0.193739640555805,-0.402398673648435,-0.0468304925449448,-0.0501698221182798,2.78524389670729
-1.35528998850508,0.106271968231008,0.189831248887436,-0.962451965543491,-2.33198869454649,0.613466065457024,-16.6516769405555,0.494951500470052,-0.330943659207747,-0.0430861066323165,-0.0571377676554601,2.85434984796601
-1.35636839582239,0.106830550728887,0.189437744367548,-0.962591071503141,-2.33232068728115,0.612882569753346,-18.5027858788194,0.427552905194034,-0.508927878198364,-0.0484128550794107,-0.0522588094888554,2.78809806248827
-1.35734689425575,0.107559650595706,0.189256519314958,-0.962571814426516,-2.33254451241604,0.612143065751806,-16.7855474740131,-0.350824334002709,-0.443355017846216,-0.053834274258207,-0.0522298982454453,2.83990981928321
-1.3582033221879,0.10841144177876,0.189266687319766,-0.962421562542508,-2.33270650856315,0.611297672159968,-17.9433679646032,-0.152294509376361,-0.490829040866686,-0.0497500147842449,-0.0490824080954809,2.80194341711772
-1.35892350462515,0.109344160887319,0.189446636139327,-0.962164500262071,-2.3328494801969,0.6103929082656,-17.6696800286293,-0.629107795224172,-0.407759361195332,-0.050448786466657,-0.0508388377988418,2.79394588891716
-1.35950331571658,0.110311638903728,0.189766405853198,-0.961828821321878,-2.33301631006434,0.609477516817406,-16.867564051656,0.0316514650369299,-0.296730928110776,-0.0466492948801664,-0.0574029424626293,2.83075861213516
-1.35994530442365,0.111262859324389,0.190188828060348,-0.961446238095645,-2.33325560636666,0.608608752903305,-18.4234186731099,0.514182887406378,-0.500563578704828,-0.0478473350382234,-0.0570124305415373,2.80746211505302
-1.36027225263386,0.112156095078777,0.190680837256201,-0.96104398440075,-2.333591933043,0.607824627137672,-17.2912334505882,-0.00147064602901992,-0.427883869726287,-0.0484711954675374,-0.0568687972506222,2.85395193353648
-1.36050818673383,0.112955774355997,0.191210439213968,-0.96064661656947,-2.33404384998973,0.607156172040347,-17.9545498554803,0.213036271315559,-0.360843039148818,-0.0545746672745353,-0.0512049022016969,2.8293143910882
-1.36068513840984,0.113632868647398,0.191749142551951,-0.960273992252705,-2.3346170808356,0.606622681331963,-17.9345286716519,0.591124840065277,-0.380356075478772,-0.0537016946973732,-0.0519655236920076,2.83766808687595
-1.36083446379123,0.11416080823306,0.192268882463164,-0.959947041090381,-2.33530721645138,0.606231363750566,-17.265266247636,-0.158317998088251,-0.421552083811065,-0.0483198193902417,-0.0513855426359123,2.86272643036101
-1.36099135361351,0.114538399028079,0.192760050970214,-0.959667838244959,-2.33609355167553,0.605974101060611,-18.2329992869927,-0.261464577527022,-0.3977871011204,-0.0459271264675358,-0.0500709841279207,2.82698671314514
-1.36118781819556,0.114760252194197,0.193212104508459,-0.959443290744916,-2.33695240371756,0.605838440395412,-17.7152111577388,0.499337347483106,-0.357434992373811,-0.0387818681593712,-0.0544743656360258,2.8819154633037
-1.36144730216395,0.114822909889925,0.193617075136705,-0.959281160010243,-2.33785006166149,0.605795246845755,-17.8455794108952,-0.311475873214704,-0.27692821309526,-0.0439371143011744,-0.0555577972027256,2.88492131061296
-1.36178886065352,0.11474529146972,0.193983326243942,-0.959173120020709,-2.33874970733753,0.605809514309394,-18.359731393263,-0.0361806841949601,-0.404924843113037,-0.0493985797848202,-0.0515372116550141,2.87182477898128
-1.36221199541707,0.114536952511666,0.194312804986498,-0.959118192527247,-2.33962781669876,0.60584972099177,-17.2707401477462,0.61911760544649,-0.375888211112709,-0.0452920250191906,-0.0528152546809927,2.91839160400652
-1.36271274786422,0.114210432052563,0.194611247118913,-0.959115562245454,-2.34045813477177,0.605879069518645,-18.8297709910165,0.495066375619217,-0.474877672451413,-0.049657065807124,-0.0501390749930896,2.88634461920766
-1.36328541209102,0.113783172401123,0.194887235093944,-0.959160355965292,-2.34121972206018,0.605866645265505,-17.803749259199,-0.381430709247979,-0.397873760903394,-0.0451857706140033,-0.0536674192413008,2.94758174882812
-1.363912215554,0.113273500819664,0.195148932690702,-0.959248472415088,-2.34190136217853,0.605783116710557,-18.4950443721822,-0.0297579084951849,-0.299179572184471,-0.0409700057344291,-0.0562583016290553,2.93347572633101
-1.36457471057844,0.112697021868207,0.195401472020159,-0.959378102951678,-2.34249988519515,0.60561055970565,-18.8400987589879,0.702829146863905,-0.488393981978476,-0.0461652409953013,-0.0591047823115663,2.92536839556044
-1.36525982269349,0.112073131380292,0.195651718106729,-0.959544351929897,-2.3430137923045,0.605334432500045,-17.3658950693721,-0.278773176342384,-0.312679566201297,-0.0505619364793888,-0.0574113262116899,2.95367278197317
-1.36595271083518,0.111425785910965,0.195906820057766,-0.959740152642932,-2.34344743209763,0.604947094750211,-18.9773127354703,-0.270341110473737,-0.292811758749252,-0.0523024009694537,-0.0523156771436797,2.88413269682472
-1.36664385427069,0.11078021102899,0.196172736855551,-0.959956562913446,-2.34380507887435,0.604443586102871,-17.5545835599655,0.138904699839259,-0.406442760278622,-0.044687966723437,-0.0527515290113143,2.94259481445813
-1.36732982603085,0.110151454852187,0.196447573514527,-0.960190334631541,-2.34409668657876,0.603832641720717,-18.5254121916428,0.0490066254635622,-0.355979106954521,-0.0467440262291827,-0.0556391812528872,2.91627456659113
-1.36801114129934,0.109565419887365,0.196735779590839,-0.96042969022546,-2.34433023793623,0.603123769711636,-18.4312287602485,-0.201360137019947,-0.3769331932603,-0.0450790681817197,-0.0569738001676655,2.92536725056572
-1.36868888179785,0.10904021982699,0.197034329161944,-0.960665891551502,-2.344521589146,0.602336891900073,-17.6772734612881,0.467197634027343,-0.366501314916832,-0.0439957268075113,-0.0599971458579,2.96538647098926
-1.36936516317526,0.108591970112981,0.197338918785106,-0.960890782833178,-2.34468434951533,0.601491289660336,-18.8853341775646,0.0107718009087421,-0.457347014728583,-0.051984356870264,-0.0567280528056899,2.92180541989508
-1.37004586752955,0.108237449005229,0.197645960638209,-0.961094344685065,-2.34483092019743,0.60060763187198,-17.8760083322661,0.425242194440898,-0.38207661687656,-0.0519909809260635,-0.0555557097320183,2.96793083802572
-1.37073697881446,0.107982393603876,0.197945376309971,-0.961271585178701,-2.34497294159812,0.599705696750977,-18.4410420479544,0.629895864967921,-0.255468831547716,-0.0535550339435993,-0.0548118330852237,2.94856011131624
-1.37143797893121,0.107816466280985,0.198217492437387,-0.961426964467178,-2.34512851327321,0.598810342841426,-18.5502228521636,-0.352675244168722,-0.385107422092545,-0.0499051659005536,-0.0548313075516051,2.95477266644262
-1.37214962761301,0.107736349391141,0.198449172320637,-0.961558921767855,-2.34531195219343,0.597941108167206,-17.7550049656932,-0.0171254187155228,-0.567430182307731,-0.047194134099585,-0.059291740065968,2.9941689327327
-1.37287306408997,0.107733855183873,0.198627655766966,-0.961668407087282,-2.34553254268626,0.597110966540896,-19.2049691462184,0.414276446892927,-0.460623533247087,-0.0526439021279992,-0.0597672305102823,2.94771400817627
-1.37360656919087,0.107788152257847,0.198734445129903,-0.961765450132739,-2.34580150188586,0.596333754664482,-17.8813035855734,-0.18875199708782,-0.38071066262134,-0.0519385647807207,-0.0563846544237517,3.0028129786066
-1.3743523960688,0.107888650070377,0.198761429559698,-0.961851531495877,-2.3461220955535,0.595615905099485,-18.7106336318254,0.231973346599034,-0.514740399738088,-0.0510061491439897,-0.0552047147530743,2.98408924956225
-1.37511069418855,0.108029194470491,0.198706931223031,-0.961925573656192,-2.34649653891098,0.594961224779482,-18.7936135242979,0.15207620670185,-0.543233173762559,-0.0537893750567262,-0.0551474115106952,2.9874344041726
-1.37588137752336,0.10819343704827,0.198566146297391,-0.961994668245595,-2.34692466088632,0.594370399222045,-18.1376504047986,0.0943065404278514,-0.566605978626995,-0.0521590921027242,-0.0562709653410138,3.01236389157018
-1.37666766157812,0.108372703285381,0.19834321490049,-0.962061040706999,-2.34739987969085,0.593840151700039,-19.2838580262693,0.0296971938212209,-0.491145032671966,-0.0548255909795952,-0.0622160604437171,2.98703378259583
-1.37747235330323,0.108565378853648,0.198048607348905,-0.962122787339458,-2.34791755937365,0.593369185259796,-18.3525966201597,0.268867712441761,-0.570190682538623,-0.0537293841190527,-0.0653692280946529,3.03927847900792
-1.37829703611914,0.108767851760837,0.197693711255504,-0.962181010268537,-2.34847114343337,0.592954509712374,-18.8923207532889,0.0720732028416933,-0.488824818981527,-0.0543381198933592,-0.0604937972583462,3.02050259927917
-1.37914748779279,0.108983468555218,0.197296458496226,-0.96223291179084,-2.34904570614552,0.592585847233836,-19.064561375855,0.0432697144256053,-0.380954572360821,-0.0558158344010602,-0.0584888733499238,3.01401159761608
-1.38001847811086,0.109215081135447,0.196874414559354,-0.96227697683014,-2.34963456833819,0.592254985117411,-18.2525095224922,0.0917244398908679,-0.375765277008355,-0.0521413603703116,-0.06046440272107,3.044059815724
-1.38090547610231,0.109451985981785,0.196434838173459,-0.962320346142956,-2.35023232228486,0.591956001317603,-19.3595861681011,0.00650683241838124,-0.597839065768511,-0.0559669371441753,-0.0552998286413776,2.99868571198255
-1.38179872690148,0.10968323781507,0.195984337097391,-0.962371020480739,-2.35083906079706,0.591685509638073,-18.605755481083,0.104083618967934,-0.484314984724563,-0.0532078891262064,-0.0574772527550493,3.05063689480066
-1.38269217719788,0.109900391221568,0.195529551931976,-0.962435697474592,-2.35144791119297,0.591432193856438,-18.9049344228902,0.15814614911892,-0.392342388721033,-0.0496910849265562,-0.0598936848026597,3.04873764353376
-1.38357609244341,0.110088711881724,0.195070648874991,-0.962524561821471,-2.35205849729631,0.591189960792507,-19.4437109915314,-0.561592061186275,-0.398661723855298,-0.0526933378123422,-0.0603140909238278,3.05365536953628
-1.3844416487074,0.110234258679025,0.194605637593332,-0.962645149264009,-2.35266922664317,0.590949583627445,-18.3534437944266,-0.214944493986422,-0.391372574447473,-0.0529354838334148,-0.0661081869730442,3.10773103436449
-1.38528305834557,0.110323212514813,0.194131220909822,-0.962804311488694,-2.35328109871162,0.59070626097873,-20.172887801694,0.129658406802719,-0.584811819837228,-0.0565658421157189,-0.0612458179147988,3.06372426392146
-1.38610043416043,0.11035000588972,0.193648220650858,-0.963001562245284,-2.35389088903106,0.590453137420074,-18.6978581828156,-1.20389709842902,-0.458259405940822,-0.0554526313097319,-0.0616937396811887,3.12200513696187
-1.38689624992463,0.110320964673272,0.193163866791103,-0.963227243948357,-2.35449343780729,0.590181427105598,-19.5415914510145,0.324393635478827,-0.499200371160526,-0.0542563445573778,-0.0582983196246721,3.10280806982238
-1.38768610752347,0.110251782886282,0.192691167153436,-0.963464415695761,-2.35507385857565,0.589879913664566,-19.4031328978093,0.763172774543136,-0.415934790464405,-0.05026810806871,-0.0574794707079783,3.08532993657878
-1.38848018497275,0.110156236094768,0.192240784250147,-0.963697273051527,-2.35562896283692,0.589549277196518,-18.4514011144798,-0.0874049008418751,-0.459741757518771,-0.050719427802894,-0.0635699133490084,3.08994272439897
-1.38928199847294,0.110058974439557,0.191828785360076,-0.963900896836867,-2.35616500902803,0.589198340758836,-19.5480456583678,0.412567512064925,-0.394500673384016,-0.0500509005579746,-0.0624906292811008,3.05725192182193
-1.39010474168079,0.109995020694117,0.191479524216744,-0.964044607916623,-2.35667398359781,0.588826505531992,-18.961993073473,0.567162658083134,-0.359279718940599,-0.0468219950929205,-0.0620064011099834,3.11329388864461
-1.39095289038206,0.109989594185154,0.191210525328749,-0.964106316172108,-2.35715991577169,0.588442412474349,-19.3756732721185,-0.512809959981723,-0.619198661958819,-0.0544547202382302,-0.0605205354469443,3.10336478098361
-1.39182075243868,0.110067525593252,0.191037979383943,-0.964065727786899,-2.35763196149326,0.588055704342219,-19.985573656306,-0.328365801827204,-0.660075806580238,-0.0626551719519663,-0.0634045445623613,3.1204089664314
-1.39269575041456,0.11024128395147,0.190970104555593,-0.963913539150145,-2.35810144974343,0.587673817975452,-18.8145447609485,0.480612265588434,-0.367990713181825,-0.0576552936106012,-0.0655391923399609,3.19078243493967
-1.39355637145525,0.110503478723556,0.191001102376401,-0.963656547015891,-2.35859133097393,0.587314186448545,-20.5644210799178,0.610998484224183,-0.504378753606773,-0.0622133363153714,-0.0651783107458065,3.12248767806556
-1.3943764129693,0.110837523119399,0.191118960744062,-0.963311312420372,-2.35912045172033,0.586983951485553,-18.6048650315154,-0.103595553001924,-0.424527881486824,-0.0587811163640315,-0.0633268478906908,3.15922044304307
-1.39512801601017,0.111217221201668,0.191304466319135,-0.962902262343072,-2.35970541330558,0.586687038519542,-19.7308935666899,-0.384365288192839,-0.304706555316073,-0.0483900500631482,-0.0597264570706304,3.12226897692769
-1.39578502530994,0.111601319916772,0.191527242153419,-0.962465470131956,-2.3603610127533,0.586423938685248,-19.4516116791808,-0.245435187024896,-0.205540585766897,-0.0467584763645252,-0.0622162782181423,3.13067062797924
-1.39632052549597,0.11193434397887,0.191746155704382,-0.962049777816598,-2.36110050561718,0.5861926520693,-19.1463797737681,-0.594563755525996,-0.383290736913153,-0.0517897369103291,-0.0657537642931638,3.15745120387262
-1.39671963240297,0.112170604873137,0.191926943801151,-0.961697905876108,-2.36191717650736,0.585973079943128,-20.0433604146129,-0.0918869812571756,-0.48926770308222,-0.0609800327554848,-0.0639590316413079,3.14363248305852
-1.39697980196389,0.112269029474129,0.192036918690417,-0.961447545824244,-2.36280145631973,0.585749685419745,-19.3457373044759,-0.128344045132053,-0.606753489849325,-0.0577930103001796,-0.0659582077988266,3.20113291403523
-1.39710648365403,0.112191321730851,0.192043739803095,-0.961334539080296,-2.36373410153785,0.585497842021354,-19.6046287821641,-0.0309073069690839,-0.477250084128912,-0.0590066670727376,-0.0633283903800894,3.19021523368952
-1.39711933601059,0.11191823408626,0.191927762715511,-0.961380500197136,-2.36468863862217,0.585195418339346,-20.3061558863807,0.876637978144799,-0.567214422864822,-0.0637446654354221,-0.0620226726092727,3.18502969036623
-1.39704518462534,0.111449308010672,0.191679253997036,-0.961589642344697,-2.36563428392059,0.584817627309456,-18.9060177335844,0.236307576776653,-0.402838493351993,-0.0565730947257967,-0.0682862142558776,3.2269894838844
-1.39691052112685,0.11079483204449,0.191295320091332,-0.961958873605687,-2.36654906258365,0.584352180202566,-20.6685092988287,0.00223606162012402,-0.49505925563912,-0.0587432033615118,-0.0687143610663728,3.16302061688712
-1.39675109277703,0.109988461542846,0.190787686825582,-0.962466485118202,-2.36740914314583,0.583790268935279,-18.7935096535822,-0.142383995294722,-0.474641817436805,-0.0597690371297386,-0.0651592362209031,3.21874691823513
-1.39659817295462,0.109075166527463,0.190175050649696,-0.963082082073785,-2.36819773888668,0.58312796017631,-20.2981213881977,0.712698366347013,-0.473004717995707,-0.0614497903417943,-0.0610977490221267,3.17505899818307
-1.39647707493872,0.108109686217864,0.189483177490282,-0.963768133285838,-2.36890711905282,0.582371534143776,-19.5998378224721,-0.153890935771869,-0.603903607652143,-0.0587793985379643,-0.0600901188204769,3.18744314752879
-1.39641290139956,0.107162468790931,0.188749262537202,-0.964474875293387,-2.3695371544631,0.581535867766525,-19.4370113401398,0.448457763523265,-0.460858974873361,-0.0554125600543589,-0.0632129205796421,3.21549297644134
-1.39642394348947,0.106297805693131,0.188007643909116,-0.965157569170478,-2.37009647898326,0.580641716245483,-20.4892163113623,0.923462982886576,-0.498663805666837,-0.0587385945744319,-0.0651218733165787,3.19385530324759
-1.39652407964645,0.105585627276551,0.187298660543878,-0.965768604029781,-2.37059014717639,0.579701646761911,-19.4079541047814,0.529675875633529,-0.549842986354832,-0.0623372209038457,-0.0696141785149883,3.24087693027525
-1.39672189019074,0.105085440197597,0.186658486314523,-0.966268257420847,-2.37102934425805,0.578734209582516,-20.0414717654364,-0.668809032167474,-0.651750081449563,-0.0644615071392525,-0.0707299693285316,3.22103830368606
-1.39702705580758,0.104836486537408,0.186113916055905,-0.966630762368663,-2.37142396039844,0.577757320064194,-20.302504883169,-0.110105720631736,-0.49042839883495,-0.0629034516776268,-0.0648378657486841,3.22471988881711
-1.39744613186486,0.104871971226641,0.185690516782944,-0.966834740750678,-2.37178218730349,0.576784892100406,-19.1972302016397,-0.337352708918843,-0.48322665915012,-0.0647395791419614,-0.0657538933144816,3.24418820799562
-1.39798369749254,0.105197118015925,0.185397900711885,-0.966878129530031,-2.37211111303443,0.575828460193388,-20.4748005754736,-0.298404154392074,-0.727056882832386,-0.0622048504949162,-0.0614096785895762,3.1970662817071
-1.39864428414613,0.105812053107507,0.185246118666505,-0.96676105672268,-2.37241106750702,0.574891484405194,-19.4144445653285,0.0795501672214414,-0.510488286530062,-0.0543362652967705,-0.0647770667424095,3.25535481266721
-1.39943683862794,0.106697192486572,0.185233569486626,-0.966494607655576,-2.37267760499367,0.573974549622831,-20.1613718901476,-0.0900850865732536,-0.442148025963377,-0.0566731426044207,-0.0668724493331008,3.24093885335863
-1.4003627499735,0.107811856860674,0.185346534016402,-0.966101942895727,-2.37291095329472,0.573080394834906,-20.2361606934502,0.0619083796373161,-0.452172301862902,-0.0589070928807853,-0.0664632219320727,3.24879642764579
-1.40141911600975,0.109105528587661,0.185565665406438,-0.965611826919229,-2.37311129312849,0.572209298571416,-19.8936400725524,0.532622869257239,-0.426211093096612,-0.0576110171133934,-0.0675670327347841,3.29694200976426
-1.40259842905062,0.110521804154754,0.185866541571532,-0.96505239825459,-2.37328246103766,0.571364304992325,-20.8619567717867,1.27465468973674,-0.461848166015812,-0.0619021256675345,-0.0637875131938717,3.26506540169359
-1.40388040461247,0.111985642172663,0.186211058418922,-0.964462276735267,-2.37344587636165,0.570561630245497,-19.9830264202499,0.845805341086816,-0.380595729839911,-0.0600739899387954,-0.0642369478827443,3.28129516990025
-1.40524339150103,0.113433283703055,0.18656881246226,-0.963872090031309,-2.37361798306221,0.569811165449738,-20.1382676371663,-0.403246691096456,-0.481095329482599,-0.0583953944721265,-0.0668379642440632,3.27592001620094
-1.40666119679921,0.114798773091872,0.186906081997668,-0.963313100599164,-2.37382097198996,0.569127071150618,-20.9289352035075,-0.0197970327892563,-0.428197891974463,-0.0520197781931744,-0.0698235387940966,3.28087422512927
-1.40809953847161,0.116030012125069,0.187197025783199,-0.962808520101294,-2.37407794311946,0.568517299679244,-19.629727744808,0.752928496515324,-0.418056488599632,-0.0498811538807709,-0.0720228970204256,3.33566282254091
-1.40953529692962,0.11708501676773,0.187421940923762,-0.962375861198843,-2.37439967675266,0.567983683339109,-21.154639356364,0.0964481110202087,-0.491604307154915,-0.0592779249194697,-0.0690941732842887,3.28690132501609
-1.41094867737793,0.117938304979195,0.187571561893006,-0.962023672480301,-2.37479049172434,0.567520614215786,-19.8726732527608,0.078769717459636,-0.55701118443892,-0.0594339717755203,-0.0697980635402007,3.35296281711754
-1.41231864400335,0.118575362034692,0.187642272149649,-0.961756890594473,-2.37525300374986,0.567119971434022,-20.6625022282927,0.0832864102294479,-0.618591733573993,-0.0608861245201422,-0.0666745222602957,3.33821330070364
-1.41364319277423,0.119010218621992,0.187650720548248,-0.961564294079965,-2.37576536674651,0.56675411627106,-21.0947537452474,0.193910767059378,-0.39457415419318,-0.0631482034115778,-0.0664436139990715,3.31624860975195
-1.41492428801003,0.119269264539335,0.187622016854397,-0.961430933825016,-2.37629482106466,0.566383993240777,-19.6920862411712,-0.0613376692720067,-0.422667697388647,-0.0571092297322262,-0.0691448065399401,3.37089849110658
-1.41616897780733,0.119380032681393,0.187580393740617,-0.961342426331309,-2.37680749671198,0.565973612093789,-21.5170217555778,0.318924710077681,-0.439101625042497,-0.0548083160367514,-0.0723816673461998,3.32954070187378
-1.41738685217285,0.119383148909479,0.187558954178392,-0.961278395194107,-2.37726680009466,0.565485421639695,-20.0728316207312,-0.272691995177865,-0.514276534896169,-0.055807692736721,-0.0734577732539413,3.3817726388273
-1.41858900196513,0.119311554428225,0.18758465019085,-0.961225483165865,-2.37764062719596,0.56488870274681,-20.8747809001388,0.316051816431582,-0.6866478318953,-0.0654707026000052,-0.0704762354650379,3.36177131714969
-1.41978235042666,0.119192248014462,0.187678104531807,-0.961175234626587,-2.37790673070904,0.564162738053134,-21.1302256988842,0.334160239512585,-0.694910181151243,-0.0665150703386419,-0.0652685230770051,3.36667604292127
-1.42096328166638,0.11904133324189,0.187849929347141,-0.961126196835243,-2.37805710562412,0.563298252432706,-20.2746002971751,0.338620941376121,-0.749237062353075,-0.0660409481333035,-0.0681303205512241,3.40031196996697
-1.42212171370456,0.118859225601778,0.188098672153728,-0.961088580474226,-2.37810558044454,0.56231012018589,-21.4940317172669,0.0328385325042291,-0.649260580900801,-0.066850722385738,-0.0696194291942696,3.3611522381453
-1.42323779461722,0.11863577150804,0.188411763691153,-0.961077543222285,-2.37808287954425,0.561226884301683,-20.633676316768,-0.143953203258889,-0.461893528983296,-0.0616666369692647,-0.0731303555813618,3.41230423571095
-1.42427383660038,0.118343071682302,0.18876121133561,-0.961119980053746,-2.37804657057208,0.560098053266416,-21.0508772880808,0.421067381859302,-0.586984500073129,-0.0648212932710899,-0.0766901966495797,3.40162077010637
-1.42519941038019,0.117951739537977,0.189115855378485,-0.961241978187142,-2.37805117251088,0.558972975592073,-21.4700108405296,-0.370065404889374,-0.506033627123912,-0.0658856748220029,-0.076488277848416,3.40219141513667
-1.42598699447729,0.117433121656211,0.189443005722881,-0.961468646578602,-2.3781588469908,0.557912579277089,-20.5626330472006,0.327058000059424,-0.604971229930186,-0.0649202871813785,-0.0725635430807476,3.45299229915386
-1.42660468200236,0.116760661687488,0.18970838170284,-0.961819712027742,-2.37843908736939,0.556982049453171,-21.9548347706802,0.395551147303195,-0.526464122590255,-0.0710010114553832,-0.0683579765848479,3.40780501440981
-1.42703967192094,0.115924727975529,0.189888544784004,-0.962302583893269,-2.37893687690825,0.556227710597511,-20.8805461265723,0.0609812227764905,-0.572368531533016,-0.0695701443966583,-0.0699165692682369,3.4661205239294
-1.42729627601208,0.114930539943811,0.189969790974351,-0.962913319992796,-2.37967585021733,0.555677553983754,-21.4244052590205,0.498798100486283,-0.574854757265456,-0.0646416081450658,-0.0756301198655345,3.46902312337185
-1.42739407935099,0.113807818496438,0.189955163621909,-0.963629246258462,-2.38065456213463,0.555337420403861,-21.7527665963799,0.877990760150851,-0.522359550452649,-0.0637362518937303,-0.0772371854844493,3.46248911674484
-1.42737039876715,0.112605748561548,0.189862214516052,-0.964413240453164,-2.38184363161494,0.555188630825287,-20.67058779043,0.488431720959625,-0.407875611262341,-0.0645856867833796,-0.0768785541764485,3.49831930044778
-1.42728060399569,0.111384732606372,0.1897163845614,-0.965218765108449,-2.38319299457018,0.555199043617285,-22.1907644399253,0.273689285642149,-0.47493427561983,-0.0667798296932567,-0.0729386257888111,3.43942145968081
-1.42718094851141,0.110207337823448,0.18954566675987,-0.965998027484164,-2.38463814716945,0.555318559232204,-20.6713544970227,-0.122666737602685,-0.600643043254024,-0.0633514259236874,-0.0729754741737387,3.48265070874037
-1.42713374477065,0.1091412895381,0.189383288394127,-0.966700156803789,-2.38609762802369,0.555480074581505,-21.5927203187315,-0.257783724605815,-0.59074624993238,-0.0671242434700821,-0.069476457551456,3.44654148406167
-1.42719930172528,0.108248576896716,0.189259644533542,-0.9672790153454,-2.38749077829833,0.555617339192005,-21.5619506279623,0.225777280283182,-0.618204924150973,-0.0644135690103971,-0.0725989396443933,3.46393442136227
-1.42742173378448,0.107568799348091,0.189191336977528,-0.967705457508847,-2.38875513949054,0.555677560012734,-20.861112936864,0.431503758567487,-0.52783556716858,-0.0578277851964475,-0.0788511934284355,3.51692415768238
-1.42783222432046,0.107135178896304,0.189191616093528,-0.967957160710609,-2.38983234713581,0.555604349091871,-22.1516165127413,0.477138401305183,-0.596535710094003,-0.0640415054057528,-0.0737354847412105,3.46712230410523
-1.42844093808729,0.106937401482226,0.189245946971407,-0.968044986612143,-2.39069749734092,0.555372395968078,-20.8962924136049,0.0299583485486892,-0.644397150851148,-0.0636090297114893,-0.0727226161496465,3.5178909953449
-1.42923646558924,0.106955896096346,0.189335403445909,-0.967988081283955,-2.39134840469218,0.554970192453229,-21.862440852961,0.239118124944525,-0.444186670895505,-0.0654595370753421,-0.069334303709889,3.4864336007322
-1.43019011994254,0.107144102680068,0.189425024437005,-0.967827733787536,-2.39181292392334,0.554414475126069,-21.6409076917507,0.539026714649708,-0.467282103718389,-0.0656355719608004,-0.0653449312392153,3.47397746843634
-1.43126179672383,0.107446021691158,0.189476216524005,-0.967612800869723,-2.39213033684832,0.553728211225257,-20.9647168185803,-0.126345434164932,-0.307213837511426,-0.0597107209325816,-0.074268335895909,3.5018829450373
-1.43239995451336,0.107793198844139,0.189444944120155,-0.967401171248946,-2.39236282718349,0.552958085732065,-21.9625346383332,0.0226735295939307,-0.416456527727547,-0.0584711707085823,-0.0765052694248795,3.47567164348103
-1.43355358662721,0.108116947055589,0.1892910403993,-0.967250655489581,-2.39257537650935,0.552154649866685,-21.179865362533,0.0101827911953478,-0.484758464472009,-0.052057402070889,-0.0773112369022803,3.50372741309376
-1.43467690352457,0.108365444589525,0.188989319078974,-0.967206412527285,-2.3928250639721,0.551362248363355,-21.3604693199878,-0.92689242338065,-0.469074970109858,-0.0594011357687183,-0.0756574595470808,3.49088816842054
-1.43572866005851,0.108485934894677,0.188516662296015,-0.967311235145548,-2.39316649356819,0.550627050337789,-22.1219344457746,-0.282557869820266,-0.582963516875964,-0.0624869049399193,-0.0750562767808389,3.51738125349856
-1.43668563789369,0.108445489989425,0.187867256172902,-0.967590394369653,-2.39363326518752,0.549981549413584,-21.0944000720851,0.561307347469892,-0.528416444699246,-0.0622617080701575,-0.0772987658898894,3.57764817071093
-1.43753928129299,0.108234914463867,0.18705339291594,-0.968047998218624,-2.39423867129753,0.549442221963233,-22.7352896233321,0.615934320677752,-0.55446397020404,-0.070911976578599,-0.0733720429501174,3.53078366643933
-1.43830280315518,0.107864262492423,0.186102025456932,-0.968670622859248,-2.39497119680532,0.549010364607951,-21.353641139348,0.127434795027057,-0.530909287615685,-0.0640180555862964,-0.0778078369069929,3.59612680289084
-1.43899500655059,0.107364823094145,0.185054734231253,-0.969426888268851,-2.39580029475426,0.548666151440419,-22.0761185806379,0.609670956960144,-0.440780171454577,-0.0589034030941189,-0.0788867249859988,3.55459435708548
-1.43964885663322,0.106780302134952,0.183960939469077,-0.970273960064816,-2.39667959932732,0.548378480883115,-22.125135492667,-0.730134903662702,-0.559271527050186,-0.060101164697719,-0.071589350796428,3.5191637043533
-1.44030176368357,0.106169826268383,0.182880120969278,-0.971156504352386,-2.39755124571457,0.548104219985596,-20.9315246194745,0.166277231261802,-0.404417904504498,-0.0555962744079239,-0.0737573665369309,3.5601449420761
-1.44099045532813,0.105588182401981,0.181864606244726,-0.97202197517812,-2.39836045887466,0.547803895979317,-22.5773697717963,0.875278202199297,-0.317022598656621,-0.0581139440800555,-0.0755677586070811,3.52836707810719
-1.4417387456825,0.105099831929864,0.180970649664057,-0.972811400713501,-2.39906163285254,0.547436773807464,-21.2193440203217,-0.0473494569780541,-0.460528979872805,-0.0600451639337325,-0.0766577173660455,3.59038805763132
-1.44256837581176,0.10476102411744,0.180245850907821,-0.973474253008161,-2.39961755242988,0.546971529810979,-22.338610499187,-0.203007628858131,-0.558234729565299,-0.0660074535954931,-0.0804398250245794,3.57343353652215
-1.44348844820373,0.104623683458186,0.179731259990675,-0.973964450492678,-2.4000040303333,0.546382777255574,-22.2320719091737,0.318806222349394,-0.633125841326631,-0.0719909109134367,-0.0778568798819525,3.6037440424993
-1.44449462261241,0.104718294255227,0.179449939511817,-0.974255348953649,-2.40021877977307,0.545662886021272,-21.6598853661945,-0.109393673271597,-0.683582655009644,-0.0691763283751881,-0.0763447016262555,3.62831107570578
-1.44556935241254,0.105066679791433,0.179416192686674,-0.97432860053108,-2.40027663403315,0.544817442206664,-22.6121192619888,-0.395724997701791,-0.739086522505403,-0.0691319092918268,-0.078366477268421,3.58336228294913
-1.44668309457224,0.105660022406466,0.179620311856673,-0.974190366972148,-2.40021571245455,0.543872640332199,-21.7798892662444,0.766598896643018,-0.598352073535125,-0.0650779622434992,-0.0784964158447683,3.63150965954535
-1.44780418767521,0.106491521541122,0.180052177899289,-0.97384716439581,-2.40007523369049,0.542854817335471,-22.2977880896971,0.0691086317856389,-0.609335767374262,-0.0654608844944384,-0.0790876923306421,3.61154626505718
-1.44890146378359,0.107523375125322,0.180679530216642,-0.973329537218158,-2.39990185053711,0.54180123041804,-22.5972561789249,-0.559103008261673,-0.570601851684984,-0.0677369865085695,-0.0738466063667383,3.60756888378433
-1.44994602862548,0.108716086072127,0.18146831485465,-0.972670778907571,-2.39973907701617,0.540746644685224,-21.6740056865314,0.435828738471628,-0.562891798505234,-0.0657171629756226,-0.0773740289883034,3.66644091661731
-1.45092163637315,0.11002734254742,0.182381639320699,-0.971905911834237,-2.39962157836498,0.539724353507602,-23.1585017494464,-0.411732357571054,-0.474664349618394,-0.0673332249797549,-0.0746355452196547,3.61814896676577
-1.45181925231965,0.111410863166229,0.183378712388405,-0.971071811003736,-2.39957459479323,0.538761430342923,-21.6090193677517,-0.358029290851618,-0.591756733090222,-0.0715423942803866,-0.0737703723179944,3.66208408879091
-1.45263387598869,0.112816837980255,0.184415861765008,-0.970207180252045,-2.39961303501271,0.537874758144749,-22.6647158515508,0.313025519161101,-0.681616404973283,-0.0676098035591632,-0.0783728213328164,3.64580175167306
-1.45337448413833,0.114208815599083,0.18545827325159,-0.969340605299499,-2.39973799259889,0.53707234028917,-22.6449218736105,0.245748221534768,-0.356711063642365,-0.0639674073106038,-0.0794819878767337,3.64871539817875
-1.45405861936909,0.115560688930646,0.186479280090086,-0.968493812560882,-2.39993586396118,0.536348484553503,-21.8734484522733,-0.326660356989123,-0.532539143899243,-0.0667631196636527,-0.0784271899792277,3.66501011849946
-1.45470123000778,0.11684431899884,0.187449591242895,-0.967687884939198,-2.4001929575651,0.535695193833075,-22.9318512540084,-0.469537495082932,-0.752084130967205,-0.0656119476798414,-0.0833502177801709,3.6393125461973
-1.45531724505951,0.118038475516918,0.188344784213051,-0.966938333701773,-2.40049629593741,0.535103201656167,-22.124209777994,0.32615166990945,-0.616999535638399,-0.0597795579640628,-0.0838131901900713,3.69159389737114
-1.45592118055483,0.11913610142962,0.189152176142226,-0.966251470494368,-2.40082905853399,0.534557776758034,-22.5587977065796,-0.412352369357905,-0.684378885354704,-0.0665957856954504,-0.0795790839532673,3.66943330744358
-1.45652041112271,0.120125626708827,0.189855428463206,-0.965634800985286,-2.40118404337713,0.534050665017619,-22.9227370176754,0.305954955540074,-0.561621939489271,-0.0644573297686071,-0.076894329382401,3.68760433620965
-1.45711407724606,0.120992557166606,0.190438234041844,-0.965097799802944,-2.40156349880619,0.533579477320575,-22.1766748208162,0.246067706847271,-0.482252564975596,-0.0594762384242236,-0.0805358911532146,3.7536260475047
-1.45769738211651,0.121721392327806,0.19088587468748,-0.964652596046194,-2.40197279895237,0.533143865477124,-23.3829852303612,-0.0133535666327589,-0.489227474401389,-0.0644223758688489,-0.0782494556978916,3.70193934271603
-1.45826331196258,0.122300273174066,0.191187736526141,-0.964307939616786,-2.40242076246381,0.532745023781919,-22.4029335939646,-0.0183629824209675,-0.58279132187144,-0.0642412647809953,-0.0800645483258406,3.7424479759522
-1.45880039056598,0.122708425366296,0.191329087242477,-0.964079500107911,-2.40292009842512,0.532389042652648,-22.968568761935,0.401539758356648,-0.546484893519477,-0.0647038175606118,-0.0812393809525405,3.73860128748343
-1.45929515731557,0.12292362731977,0.191295583994881,-0.963984071236129,-2.40348777690728,0.532085149830251,-23.2186134159198,0.0216511069952503,-0.563449809835845,-0.0656708620348598,-0.0782436852203436,3.72986150179229
-1.45974600301629,0.122935020918375,0.191082212641031,-0.964031779792457,-2.40412778392719,0.531834446644767,-22.4127217859794,-0.425298565370895,-0.650208100724058,-0.0623500181088876,-0.0798095307337241,3.76506689039276
-1.46015293336739,0.122733059736214,0.190685434158342,-0.964231453091116,-2.40484415916445,0.531640870600048,-23.6603003989914,-0.100183910251417,-0.57391229772557,-0.0645525871091266,-0.0846572134189431,3.73730141949053
-1.46052590430642,0.12233169974698,0.190118989359422,-0.964577243649013,-2.40562708911016,0.53149848020666,-22.577024580841,-0.0710955211425244,-0.669248643430308,-0.0643692087970038,-0.0842030819777592,3.78892108447357
-1.46087948746003,0.121754094151186,0.189402299083598,-0.965056703421505,-2.40645954969176,0.531393704017867,-23.153120825447,0.0783905500391029,-0.681716841182777,-0.0675515088448542,-0.0865378798825117,3.77508019699444
-1.46123217352877,0.121033015116423,0.188560599109738,-0.965651504186751,-2.40731745823149,0.531306422624869,-23.7761893292115,0.338475155916285,-0.643924939602414,-0.0723971071491434,-0.0832943115172239,3.77144760518935
-1.46160924280564,0.120225334921983,0.18763618842232,-0.966327150291834,-2.4081649869622,0.531205988390368,-22.4522008477996,0.324832900347246,-0.605000025040539,-0.0705764176036543,-0.08405749787545,3.8208833076483
-1.46203271522378,0.119393614704856,0.186673826644846,-0.967043762388018,-2.40897325515654,0.531068320202309,-24.0019019484565,0.711887743743773,-0.497471225815218,-0.0732286489597809,-0.0804676990323467,3.75453422309282
-1.46251972369289,0.118604079840663,0.185719950985021,-0.967757507980927,-2.40971711696488,0.530870697863354,-22.362937483551,0.108252335982797,-0.551739662180893,-0.0691476746759574,-0.0812953352288409,3.77863962838238
-1.46307921964941,0.117918550088216,0.18481804060234,-0.968425636251425,-2.41037659732759,0.530590737098609,-23.2040392293278,0.323405306934092,-0.554368432904113,-0.0673856054153386,-0.0826113052027901,3.74785190541525
-1.46371237946393,0.117395773052238,0.184009700720636,-0.969006812644114,-2.41093650869751,0.530206981593517,-23.1888136505938,0.268908767047833,-0.568416629908256,-0.0658044141128582,-0.0805719705899549,3.76819048560016
-1.46441234141953,0.117071666937017,0.183322095831676,-0.969473055562587,-2.41139730650613,0.529715144538367,-22.7452323325303,0.0188824426884366,-0.631851354933787,-0.0659497887031923,-0.0865141234543424,3.81140359844653
-1.46516210398243,0.116977507669315,0.18277948717444,-0.969796009236739,-2.41177063952775,0.529119783952037,-23.816637084903,-0.552612711431721,-0.586539837176815,-0.0771307489163862,-0.08442253085177,3.7962667762656
-1.46593703957457,0.117114122107294,0.182386453526775,-0.969968335479747,-2.41207401866537,0.528428837203854,-22.9146990823934,0.140293261976694,-0.749334142892479,-0.0760771982742989,-0.082654807654035,3.85247411527261
-1.46670951082413,0.117463218302724,0.182135926615007,-0.969993797850504,-2.41233411761468,0.527663729056331,-23.5611714370336,0.249888477007289,-0.799246679222051,-0.0789656111244978,-0.0825761584636731,3.8413333960057
-1.46744820440993,0.117994803416259,0.182014936249284,-0.969882376353205,-2.41258366029118,0.526851730156078,-23.9771804406014,0.874972250761402,-0.609053619581033,-0.0753451393273359,-0.0836396306484747,3.83065008647689
-1.46812365118116,0.118662292933102,0.182000479739095,-0.969657561929046,-2.412853841064,0.526020172045141,-22.6349464865912,0.110876852852016,-0.637938853211637,-0.0674352277604839,-0.084917437108452,3.8692495498619
-1.46871476073096,0.119414463681768,0.18206741603804,-0.969346438069928,-2.41317148813191,0.52519897173691,-24.3466318839687,0.203718486607158,-0.702102299148066,-0.0656131446387782,-0.0861272210850413,3.8246100768172
-1.46920568957081,0.120202350034358,0.182193221097042,-0.968975958321641,-2.41355633867348,0.524410322196665,-23.0148218856306,-0.394648609762726,-0.550477760493266,-0.0696506659333149,-0.0857822609489254,3.89016304832626
-1.46959392091765,0.120985468823281,0.182361881743585,-0.968569696985733,-2.41401440437637,0.523667716530502,-24.0008971462251,0.767007943249837,-0.544365575273133,-0.0761143469977261,-0.0836161528408027,3.85905162761676
-1.4698844704137,0.121727514143108,0.182559993860233,-0.968151532455652,-2.41454593567696,0.522981267732971,-23.9271348155461,0.862070509315117,-0.6184972530381,-0.0794300832397301,-0.0808264819078342,3.85869495784037
-1.47009286772733,0.122395137606425,0.182775648036077,-0.967746272091168,-2.41513795236597,0.522346800044304,-23.2161819843728,-0.0276546750694706,-0.661970255888633,-0.0743704397149871,-0.0858956304703097,3.8907931618753
-1.47023915843647,0.122968692938617,0.183005515875136,-0.967371273547236,-2.41577349839295,0.521755160741241,-24.3358932256438,0.51023695586241,-0.638599205427397,-0.0717581428303089,-0.0860621245703439,3.85607662629093
-1.47035965434999,0.123448601594249,0.183259158819018,-0.967030996218476,-2.41642018467955,0.52118717070822,-23.1895433823247,0.246627766918436,-0.651011810518128,-0.0665571869125432,-0.0900363574591469,3.87999929140871
-1.47049392733785,0.123839107347472,0.183547561620619,-0.966729529267369,-2.41703680552415,0.520610832609245,-23.5621559750052,-0.0923653515148999,-0.702188199699862,-0.0655508200725508,-0.0862646860521873,3.85784145425297
-1.47068000545179,0.124143612559961,0.18387852069261,-0.966471314783269,-2.41758605195062,0.519996416758141,-24.0157263062281,0.588474982345133,-0.722831333825951,-0.0694395855563634,-0.0888099345076883,3.87235979325578
-1.47095894323975,0.124380874079358,0.184268877451366,-0.96624979476787,-2.41802476734272,0.519306514642301,-23.2326840269166,0.58530993569434,-0.66752616616219,-0.0704299645910407,-0.0860344091481115,3.92057226757329
-1.47137110852183,0.124559878212187,0.184725675144311,-0.966063704741323,-2.41831776444962,0.518516056875303,-24.7456832377617,-0.359488781357186,-0.731214392165896,-0.0793337851941631,-0.0845671924424508,3.88388445131445
-1.4719404456982,0.124688337219547,0.185251314921268,-0.965909594014265,-2.41844351751101,0.51760628100482,-23.4342482641492,-0.153250551499696,-0.706357599880107,-0.0750270138209692,-0.089760997697278,3.96981489601765
-1.47268658541623,0.124772872965454,0.18584446858014,-0.965783850415301,-2.41839183794229,0.516573032105758,-24.4478290127263,0.386163414727889,-0.4325910000953,-0.0693847665345642,-0.0868857450629944,3.95172467367023
-1.47362323089311,0.124819861495158,0.186501001560573,-0.965679863014212,-2.41815739572416,0.51541718990391,-24.472877240279,0.0161594763771973,-0.541336549625953,-0.0700763964238527,-0.0834496368209892,3.92662292962733
-1.47474545340747,0.124822791570805,0.187203775864378,-0.965598146412393,-2.41775936707171,0.514161799213719,-23.438742785757,-0.839464529736233,-0.554041305861375,-0.068634499075547,-0.0848388200024517,3.94447869451196
-1.47603717259059,0.124779906154425,0.187936116255787,-0.965533991208288,-2.41722992703168,0.512841805726607,-24.6789570433557,0.33557812861136,-0.561345698442125,-0.0662547623903582,-0.0851715772508927,3.90062576757778
-1.47746761297996,0.124676073103249,0.188669374841882,-0.965492289618695,-2.41662085142146,0.511509255455605,-23.3088827491924,0.1727530521473,-0.585727146446914,-0.0703756742130879,-0.085240700599778,3.92674301748237
-1.47899418155551,0.124501465605575,0.189376208757883,-0.965473929203149,-2.41599060383746,0.510217928716975,-24.0752174820889,-0.504166183046436,-0.577626855185571,-0.0758684214729972,-0.0874799252091522,3.91263237741993
-1.48056788845283,0.124240532447102,0.190024491171761,-0.965484983434277,-2.41540844568872,0.50903245642034,-24.3502853515112,0.109896368298223,-0.674049079484519,-0.070142190000047,-0.0927742857254156,3.94847195505238
-1.48212830081148,0.123874371948106,0.190579567095872,-0.965536008977287,-2.41494990402032,0.508016207616053,-23.9507209441826,0.383678108005824,-0.718665667765578,-0.0707023533001636,-0.0920859072056023,3.99821824922788
-1.48361550299923,0.123387471810879,0.19100992185041,-0.965637671316721,-2.41468543216167,0.507223440224797,-24.6175529035738,-0.59707801116042,-0.73697954393873,-0.0824044755996183,-0.0911693776949218,3.98664335218929
-1.48497332837572,0.122774192051559,0.191292337658539,-0.965794790732965,-2.4146785928138,0.506699701979193,-24.3602036880134,0.697839448522473,-0.737581057113147,-0.0767173739286369,-0.0921098108354415,4.04058334942915
-1.48614861450563,0.122033300361971,0.191410297371793,-0.966011030266138,-2.41497807873692,0.506470798495692,-24.2269682510387,-0.0198966005873444,-0.676337635841804,-0.0766714071766255,-0.0880979202312006,4.03088920294567
-1.48710056924149,0.121168279537075,0.191353591851844,-0.966290290102369,-2.41561365294396,0.506543924966515,-25.2104868790217,-0.561589060182541,-0.77805007785841,-0.0786064220342233,-0.0872910362191264,4.00197794145566
-1.48780731013304,0.120198470974206,0.191128003676862,-0.966628148183072,-2.41658665652145,0.506898988061169,-23.4301250141089,0.171065430500903,-0.472546666006707,-0.0704369129316076,-0.0930177561077588,4.07687211887758
-1.48826208977775,0.119151560162711,0.190749464607702,-0.967014373051443,-2.41787692094771,0.507497071096411,-25.8052021042651,1.04489860519629,-0.562683277645846,-0.07047666286334,-0.0901071837480439,4.00549897631977
-1.48847128491141,0.118049613188835,0.190233650193083,-0.967444305443333,-2.41945087103153,0.508288944720572,-23.5921492506234,-0.154932879482885,-0.594485199746117,-0.0753962796571561,-0.0868645344276074,4.06655990604215
-1.48846135247721,0.116939986777534,0.18961749091881,-0.967897113973146,-2.42124535188614,0.509201354429751,-25.1136011513763,0.301303403816291,-0.669967310037208,-0.0752413987096414,-0.091956743313383,4.03645314122963
-1.48826954888384,0.115867305204985,0.188939207691583,-0.968353767302739,-2.42318315052598,0.51015030857225,-24.698381614552,0.744953109110838,-0.663064971674856,-0.076604683173096,-0.0907051203291452,4.03493844738359
-1.48794933421321,0.114876999875866,0.188239571952669,-0.968792991058402,-2.42518466407537,0.511060791522813,-23.9460152703402,-0.434376409833476,-0.803741099263789,-0.0809132152233309,-0.0912787796652716,4.04481865798468
-1.48756092306236,0.114008777683594,0.187556313042837,-0.969197792007808,-2.42716636071666,0.511862245923376,-25.3505898944568,0.328721235017838,-0.859324394062071,-0.080603246633308,-0.0944843845838283,4.02446372283306
-1.48716601525689,0.113298741439182,0.186924598235732,-0.969552870727485,-2.4290513341428,0.512492027184336,-24.1979216362612,-0.0439052593699216,-0.71261294038996,-0.0785015788146342,-0.097598538201368,4.09944823698591
-1.48682969663786,0.112780225600494,0.186376171805666,-0.969841221633592,-2.43076549053218,0.512896828923785,-25.1481715467404,-0.875471314783681,-0.870916427062838,-0.0839997448678531,-0.0945587988206197,4.05278958903775
-1.48660777045477,0.11247009009205,0.185929431587365,-0.970056346316852,-2.43226195937125,0.51305550553835,-24.8072492768047,-0.453482007004141,-0.687268001520721,-0.0858501990320022,-0.0919644273576817,4.06313210438106
-1.48655214397231,0.112386373818963,0.185602605479174,-0.970189236953903,-2.43350415480311,0.5129575112777,-24.6000705712327,0.737759704499013,-0.662362779941418,-0.0778837257123901,-0.0866545420504045,4.10412673280756
-1.48669704106526,0.112521986848885,0.185393684842113,-0.970244852047098,-2.43448145947614,0.512616268386151,-25.5871746228529,-0.661028355904818,-0.740465385869669,-0.0788850704277322,-0.0832230505182921,4.05466082259345
-1.48706367592501,0.112872261557947,0.185299814982857,-0.970224634158334,-2.43519922513126,0.512058586982924,-24.4408930031285,-0.44833877274823,-0.736100415672212,-0.0774577590231385,-0.0896454935302712,4.10367248726668
-1.48765925467326,0.113426046806596,0.185313166323587,-0.970131406822005,-2.43567690703216,0.511320768569737,-25.2887018914998,0.443163952733812,-0.509717505257413,-0.0736254990436103,-0.0945953793383822,4.10617323367322
-1.48847393894134,0.114165569642442,0.185420203958199,-0.969970499132672,-2.43594711584666,0.510444682138638,-25.2494647864557,-0.67198660562417,-0.649595547984177,-0.074642545537873,-0.0950000206350774,4.10385850157586
-1.48948379352039,0.115069936348742,0.185605678729538,-0.969747627947038,-2.43604902989186,0.509470775909479,-24.6961720036921,-0.556480444342924,-0.772390745064371,-0.0772014520355215,-0.0917011468788221,4.12561077767504
-1.49065354227945,0.116117780187759,0.185854834883469,-0.969467008387898,-2.43602433939595,0.508437595617888,-25.4767925184219,0.619395402349028,-0.721760388282206,-0.0800039196207614,-0.0920166503926997,4.12081999293539
-1.49194283926544,0.117285324522672,0.186152653795273,-0.969133186842288,-2.43591430390927,0.507378433692602,-25.1572561121209,0.647333655027751,-0.719577354007185,-0.0755649670937681,-0.0962374164429771,4.15717053024598
-1.49329943399764,0.118545866298029,0.186484062111774,-0.968750658019079,-2.43576077038159,0.506320084762711,-24.9793772543798,-0.832623568056306,-0.623874164276572,-0.0780978639721548,-0.0930046611601053,4.15270820927087
-1.494671799253,0.119876809378067,0.186839596092223,-0.96832336335589,-2.43559475925881,0.505273491856071,-26.0371549782013,0.116087657585922,-0.746300010298313,-0.0789131876281606,-0.0974585021131021,4.15540735059352
-1.49601434895654,0.12124427891335,0.187203608523595,-0.967862512128657,-2.43544045899012,0.504244055730788,-24.6349107198493,0.234923306230939,-0.570444630180049,-0.0732872381868859,-0.0977207853452156,4.22682572101859
-1.49728773238508,0.12260816227659,0.187558949994314,-0.967384441282819,-2.43532256497665,0.503243016750862,-26.2294108104931,-0.410635390482867,-0.431131407254412,-0.0785615447409622,-0.0905749019583267,4.14873645022911
-1.49845805491222,0.123919653459871,0.187883753127581,-0.966914046768519,-2.4352585866563,0.502273347736034,-24.8076711834746,0.946555182970087,-0.635623938299517,-0.0769300547859282,-0.088538336219208,4.19547384984368
-1.49950949090138,0.125134512429303,0.188159029182017,-0.966474498304292,-2.43525638497059,0.501336553160354,-25.4983482583752,0.419890596399455,-0.676461529763003,-0.069765369384386,-0.0918675641122595,4.18101212907523
-1.50043811870602,0.12620731497416,0.188366531790793,-0.966091951472929,-2.43532040534265,0.500434932255087,-25.8566761505908,-0.318631057162293,-0.537600186886351,-0.0698635813378385,-0.0957822372357676,4.16771329615864
-1.5012474164411,0.127083380517161,0.188480712946466,-0.965801109475659,-2.43545634340507,0.499575596383487,-24.6202876768349,-0.046880823824722,-0.471938166517589,-0.0687253777578882,-0.099973588572201,4.21983767420568
-1.50195789584771,0.127713617834096,0.188478346525028,-0.965635356412204,-2.43566610797202,0.49877276426339,-26.7715779799539,0.75602357810817,-0.592304734036873,-0.0755615055462977,-0.0996293024052853,4.18161756104844
-1.50259203253219,0.128068528486254,0.188347406940976,-0.965616456053852,-2.43594990301647,0.498037122815996,-24.8870654318492,-0.579014092279522,-0.664158851847787,-0.0787922978776519,-0.0984069494288935,4.266093728351
-1.50317998843856,0.12814136766506,0.188088264717965,-0.965751252733471,-2.43629879990441,0.497372776627862,-26.1495830822707,-0.318199431597805,-0.734531631110485,-0.0813663773779432,-0.0921488547176354,4.21696822622862
-1.50375181395574,0.127941073998043,0.187709684435034,-0.96603752424165,-2.43670603804262,0.496787801259136,-25.6863444894756,0.332169076639275,-0.676775104369511,-0.0864031363095217,-0.0912455035148532,4.21961308231577
-1.50433492606993,0.127495663423472,0.187230363588669,-0.966460581862708,-2.43715988200493,0.496281681723395,-25.1737540052538,0.252517633774005,-0.683090139862742,-0.0782684609155209,-0.094985636989965,4.23284399572198
-1.5049443840554,0.126853885486916,0.186679486618699,-0.966992093767163,-2.43765242972046,0.495850086962014,-26.1074215074471,-0.557153355964829,-0.637073574210945,-0.0712878534256434,-0.0947165502487866,4.18030772786038
-1.50559567299184,0.126084918599153,0.186098483319425,-0.967589571508458,-2.43816675800389,0.495480316863481,-25.0409596014608,-0.115429257694359,-0.581652206610073,-0.0698085342021004,-0.0971305228283829,4.22205446710373
-1.50629554170238,0.125277595591518,0.185540015329495,-0.96819725860138,-2.43867834110044,0.495143473879709,-25.6802795248254,-0.207511027285818,-0.627886476698563,-0.0756778664117341,-0.0968199213037517,4.20684562494866
-1.50704026533235,0.124522025615263,0.185055679962598,-0.968759003114259,-2.43916672068435,0.494810283892719,-25.9632650102812,0.043734223657566,-0.599383943770903,-0.0776138945550846,-0.0947889815912212,4.23035955234663
-1.50782073907965,0.123907473805051,0.184695281844255,-0.969218814029189,-2.43960922738858,0.494444941342362,-25.4775697359303,0.0108117022939496,-0.744951145526841,-0.0779554994771914,-0.0913833709553682,4.28163658312102
-1.50861728830788,0.123505135598859,0.184495729975837,-0.969532606115511,-2.43999468777694,0.494018797205365,-26.8338640137504,0.141058095947301,-0.76677726377369,-0.0871849675307423,-0.0924007808678353,4.2619418850949
-1.50940883534497,0.123368591885641,0.184482662454191,-0.969668079042008,-2.4403151610662,0.493506344721228,-25.4890188031614,-0.37733695432371,-0.733734148949083,-0.0853133038588556,-0.098281427129485,4.31494233165219
-1.51017405409634,0.123527689267664,0.184665469910571,-0.969609723340836,-2.44056852079437,0.492890080567943,-26.5141400498726,0.078100127443804,-0.759171853848017,-0.0797196848374151,-0.0985626997248375,4.27942842727788
-1.5108927035631,0.123982213411564,0.185034098232707,-0.969360571691897,-2.44075946516492,0.492159505273082,-26.2263015269976,0.036545964645029,-0.763751770556837,-0.076217175125513,-0.09907316937218,4.27540730035571
-1.51154073791937,0.124703037051567,0.185560586888558,-0.968942680256524,-2.44091010782728,0.491325093840542,-25.5070375903074,0.220685233978884,-0.760508407297465,-0.0775759786999366,-0.0977984147290766,4.29332795230341
-1.51210370804328,0.125634281595189,0.186200066250074,-0.968395481734485,-2.44104542858907,0.490406484322027,-26.2391906747085,-0.132205325352516,-0.682413694687597,-0.0808936699728156,-0.0942095404897665,4.27550403543769
-1.51256933866486,0.126694849383391,0.186891905932681,-0.967774314650522,-2.44119909971102,0.489435763228183,-26.241384398859,0.550843369135691,-0.832654108384219,-0.0768147327038089,-0.0927556565344923,4.31895699032697
-1.51292906357877,0.127799483753184,0.187574323671866,-0.967137238892458,-2.44140669758956,0.488450348154762,-26.1042310799889,0.175632303277098,-0.752973382039499,-0.0823702678246141,-0.0917185628557323,4.34327361178535
-1.51318650163161,0.12886142517165,0.18818610461403,-0.966541201469904,-2.44169784466048,0.48748937199213,-27.1187666696621,0.507537463521203,-0.645329434247401,-0.082562924298307,-0.0997057993529765,4.35202043363477
-1.5133497529847,0.129794806265317,0.188668152431271,-0.966042710629471,-2.44209544983274,0.486588258382841,-25.7676054942808,0.455502408400662,-0.596155317540024,-0.0805423143079635,-0.104323361476353,4.41512616590724
-1.51343052338483,0.130539528147382,0.188979268307629,-0.965680859769341,-2.44261663474212,0.485777056957395,-27.7315259101399,-0.306048610841344,-0.834778640454317,-0.0823114245140362,-0.0989362240465458,4.35685590648553
-1.51345001571291,0.131058148669592,0.189094546278257,-0.965477935750937,-2.44326578905152,0.485077305162763,-26.083106751972,-0.213786544202321,-0.684882977838868,-0.0828539734054137,-0.0982103405550435,4.4213720038408
-1.5134352421625,0.131334616375239,0.18900552269638,-0.965442188960386,-2.44403216964862,0.484496565180381,-26.83741631485,0.652366039994831,-0.588412275758742,-0.0802176430073205,-0.0965057057864942,4.38506725077082
-1.51341852495257,0.131376217663819,0.188720266353468,-0.965567444537315,-2.44489576425003,0.484035300972826,-26.7270175186139,-0.291119688689832,-0.698742380829771,-0.0803832020130333,-0.098026876203966,4.35519041678509
-1.51344064704104,0.131220327266632,0.188268432755442,-0.965828675094551,-2.44581503527232,0.483671348533958,-25.5345044048434,-1.5869495791128,-0.628406351083868,-0.0755652613083773,-0.098466331105941,4.37010039936614
-1.51354242263136,0.130915365465516,0.187687959862034,-0.966193786014369,-2.44674899677676,0.483384482970507,-27.4373310134564,0.265145232769555,-0.543723588476894,-0.0733056232332916,-0.101485393595432,4.32497487790967
-1.51376534962517,0.130518955043348,0.18702371412616,-0.96662572341776,-2.44765178672795,0.483146519780809,-25.9588502526022,-0.0254792051796358,-0.600058429437127,-0.0718280512677731,-0.102358093506489,4.3977808621145
-1.51414470120746,0.13009588360561,0.186325118824342,-0.967082472249022,-2.44848237565062,0.482931557661521,-27.0994440894909,-0.10615130639826,-0.658072780186274,-0.074315563453343,-0.103010815252541,4.39571650165947
-1.51470892409824,0.129701367350336,0.185636214771296,-0.967528830799799,-2.44920427660128,0.482713185879238,-26.9700014056396,0.414366588536041,-0.674291022642507,-0.0829376578740333,-0.102195675507205,4.40612731972404
-1.51547686436485,0.129377772349662,0.184992040655559,-0.967936241112258,-2.44979756090846,0.48247624389631,-26.2241392196451,-0.183963976600353,-0.81913366589626,-0.0830350103550401,-0.0969834675978287,4.41462084913553
-1.516456015142,0.129157389850847,0.184421696165881,-0.968283300251692,-2.45025348203653,0.482214383433915,-27.306822998453,-0.491935010194766,-0.765385582698656,-0.081022542832117,-0.0954574267770675,4.37054325639164
-1.51763969547389,0.129057407244658,0.183943888651145,-0.968557496885908,-2.4505748673322,0.48192434739563,-26.2279507546888,0.552230358171983,-0.62367401511068,-0.072643850190953,-0.101354803073768,4.43027524412958
-1.51900578638988,0.129070712716974,0.183560182302275,-0.968759394851118,-2.45078245001578,0.481613829064436,-26.9673935734003,0.480709140223325,-0.511075517402134,-0.0701919180304857,-0.103968172649572,4.41084598818527
-1.52051489377129,0.12917811586743,0.183263747950069,-0.96889637389486,-2.45090876793105,0.4812952218311,-27.2152540083629,-0.00613700283679464,-0.627072806400264,-0.0757675637361959,-0.100287928628222,4.41886297765216
-1.52212693271995,0.129368272668924,0.183054335285381,-0.968969835556911,-2.4509845525128,0.480976614630798,-26.2752430847638,-0.473813661292525,-0.662701879071875,-0.079313584486552,-0.100934873054506,4.46666558285144
-1.52379345682563,0.129617123508433,0.182923887436688,-0.968988691029367,-2.45104140004141,0.480663308343098,-27.8257916672791,0.297268632993337,-0.770163896136324,-0.0841944604325473,-0.0967075369943609,4.41013700758092
-1.52545850350791,0.129900105764992,0.182863923704842,-0.968963030363724,-2.45110971630914,0.480355630714763,-26.3970739869553,-0.771612443992126,-0.704457131505478,-0.0847743946148527,-0.0955815823784769,4.4548447084408
-1.52707432073734,0.130197124573135,0.182869516429909,-0.968899609949307,-2.45120868903337,0.480045151558258,-27.2737532757775,0.404603432019485,-0.780187300027109,-0.0750084547498733,-0.101725466588963,4.45460275229673
-1.52859973194123,0.130492822876391,0.18293877290687,-0.968802940796721,-2.45134741141286,0.479717163222123,-27.1275049846643,0.550134659663172,-0.637778980980215,-0.0720377417324625,-0.10814391795408,4.46594053360004
-1.53000013979117,0.13077749616517,0.183073082167637,-0.968675509057297,-2.45152675305986,0.479351088332061,-26.6519001470282,-0.262434621735792,-0.774357058833033,-0.0753529954648795,-0.109500144428848,4.4778610452504
-1.53124850351867,0.131040532679319,0.183271733039951,-0.96852175793394,-2.45174224145789,0.478926658281055,-27.6874950138109,-0.144059806527594,-0.722650499999304,-0.0819769170784097,-0.10417644131946,4.47182415460376
-1.53234206121632,0.13128091968033,0.183539243431345,-0.968341205104167,-2.45197844363911,0.478427043170254,-27.0522006707764,0.524407189386466,-0.841140873384973,-0.083143209989573,-0.103697638007928,4.54055954954272
-1.53327845199284,0.131486195993319,0.183869368263929,-0.968142269584987,-2.45222370346971,0.477840255906001,-27.3496052785842,-0.367149783703553,-0.86550930989273,-0.0924590725884338,-0.0969952207671778,4.51908716377492
-1.53406410921997,0.131643584539196,0.184251859448257,-0.967934774031387,-2.45247039888044,0.477164596020596,-27.6876700929792,0.301742989168361,-0.814447350764738,-0.0921887012830078,-0.099997666895607,4.49472825525354
-1.53471616663842,0.131733787133729,0.184668897576595,-0.967734246488101,-2.45271396623759,0.476409565385727,-26.6519375557652,0.751143046711604,-0.645766371870593,-0.082007772327465,-0.105364312429808,4.53044868063472
-1.53525418027507,0.131738184264161,0.185099446458594,-0.967555083276491,-2.45295503169655,0.475591412978819,-28.0067898791884,-0.282720306173815,-0.832298836495312,-0.0805318688741465,-0.102870486030407,4.47560750277237
-1.53569616554436,0.131628469781567,0.185511776924961,-0.967418238231837,-2.45321001560581,0.474745592764324,-26.8553634691216,-0.58942094692452,-0.695589027370204,-0.0795613227113403,-0.105866205362382,4.53579354853138
-1.53606202462341,0.131387544147965,0.185879569189141,-0.967337185004428,-2.45349330894295,0.473904508268591,-27.7139024805523,0.214784730644624,-0.737370315123286,-0.0841279523881147,-0.107855238525994,4.54604812205793
-1.53636815243536,0.131004440041324,0.186179093990948,-0.967322585192608,-2.45382492182993,0.47310315588664,-27.9371741409175,-0.0740403430404513,-0.881263854993648,-0.0937364558290685,-0.103665204889673,4.55218796947382
-1.53662332150229,0.130471728960369,0.186387861814121,-0.967381611904042,-2.45422794314229,0.472375091923558,-27.0204951241009,-1.03850524463178,-0.959297160296586,-0.0981310724768139,-0.103131716083035,4.58973023898636
-1.53683871810351,0.129800220437065,0.186496579525599,-0.967510059605113,-2.45471882341188,0.471745767817996,-28.8802296027854,-0.165969483776962,-0.937855375720858,-0.0949831410117055,-0.103269585214194,4.5543575586476
-1.53701793207986,0.129003046745949,0.186499532677296,-0.967703990134619,-2.45531427096716,0.471235340194992,-27.274679803945,-0.0439351090874425,-0.737618871177091,-0.087029965902321,-0.109904283008345,4.63656040467108
-1.53716592313419,0.128118985411808,0.18641060389785,-0.967943071718842,-2.45601378413446,0.470841787549039,-28.166523388392,0.245449546569944,-0.83510515833936,-0.0823375730966744,-0.108240353042385,4.60249625392215
-1.53728902887535,0.127200755644567,0.186255897094127,-0.968198677996589,-2.45680497394004,0.470548937127703,-27.7715966648531,0.122912472731969,-0.835216153874768,-0.0832506551204331,-0.108204987924444,4.57970433817809
-1.53739254610991,0.126299085137424,0.186063869309113,-0.968444229007675,-2.45767317387847,0.470337188223623,-27.103925253233,-0.438361941299036,-0.797793220659685,-0.0856780158759527,-0.102620304285175,4.5683840506873
-1.53748460082754,0.125475981869852,0.185872643183465,-0.968646009003741,-2.45859174739617,0.470171679755809,-28.0377886163184,-0.0980563121268005,-0.817238716909202,-0.0855311504255538,-0.094235406047516,4.51655533542247
-1.53757986733083,0.12477587517482,0.185711699238505,-0.968782946943376,-2.45953341249863,0.470024689579479,-27.332741755022,0.00782615637513118,-0.798378889316496,-0.0758659002342532,-0.10030585751801,4.58992481941151
-1.53769837977831,0.1242434907438,0.185612505356198,-0.968832135801126,-2.4604634262789,0.469862247771029,-28.0891263534701,-0.066481896964433,-0.709681751327452,-0.0803994067344282,-0.110919056133094,4.6114477596928
-1.53786382152714,0.123917425813881,0.18560225956353,-0.968774259069045,-2.46135045479798,0.469658638773245,-28.747668807707,-0.130207988856682,-0.789429294839948,-0.0864375075630712,-0.118320743208512,4.63686616453075
-1.53810153129018,0.123818068660261,0.185695963973381,-0.968600314177837,-2.46216894610863,0.469397985600108,-27.5692705094057,-0.0324525721184727,-0.832623268247403,-0.0857075743169244,-0.113990954693993,4.6856190071419
-1.53843030552255,0.123940912383143,0.185891147715052,-0.968316055409373,-2.46290994377105,0.469082087270956,-29.06208025034,0.443837531366398,-0.883858309291355,-0.0904115715153497,-0.104580958686062,4.6321012619787
-1.53886887039835,0.124275525437001,0.186180485318409,-0.967928520811522,-2.46357232334039,0.468725023128759,-27.4850415420855,-0.346152184144785,-0.704792230010383,-0.088524568197244,-0.0941007920969661,4.67205171155591
-1.53943912582713,0.124798116044953,0.186546878551788,-0.967453926295785,-2.46415194448097,0.468340063926883,-28.4082440144125,-0.674423067739781,-0.684966959809913,-0.0826330652428404,-0.0990703847194895,4.63117330500279
-1.54014776999026,0.125477189054269,0.18696640152992,-0.966911803199116,-2.46465619435522,0.467942264384146,-28.2836688065042,0.165371763195935,-0.698187139342281,-0.0745308781776628,-0.110176966874008,4.64766973898907
-1.54099366077926,0.126276173270941,0.187412507007477,-0.966324606999289,-2.46509929758467,0.467553563265414,-27.7359825677225,0.167377957343433,-0.580229508314119,-0.075295623680919,-0.119590398831076,4.68292904647192
-1.54196921680706,0.127157463996546,0.187857717868674,-0.965714572069575,-2.46549767631471,0.467193537324881,-28.8349766786851,0.506067590170233,-0.609844781836642,-0.0857608360107687,-0.114966635197061,4.65667741191891
-1.54305846349795,0.128084224186596,0.188276541606029,-0.965104363300171,-2.46586016263037,0.466865099923956,-28.1170425951747,0.153159685657556,-0.854722158463659,-0.0891933139497385,-0.104902120266479,4.71832329281427
-1.5442369125129,0.129025834613287,0.188648790324824,-0.964514128536487,-2.46619415194062,0.466562947320984,-28.4704488276815,0.147245087131523,-0.912704523378238,-0.0959247924429616,-0.104099825962874,4.71470422976727
-1.54547289576265,0.129952996589299,0.18895700849972,-0.963962328827251,-2.46650412124768,0.466271981327103,-28.8252378896023,0.0904115386276771,-0.959572324108393,-0.0980229183419556,-0.106335179763704,4.70277780557782
-1.54673767067994,0.130835958077506,0.189185450515015,-0.963468522496015,-2.46678595874051,0.465969013828267,-28.0318576158687,-0.339506963668327,-0.658876999564058,-0.0914048958121874,-0.117000317439341,4.73180093449662
-1.54799617049348,0.131659573764773,0.18932994363182,-0.96304137936472,-2.46703395538444,0.465622339121648,-29.2412116372334,0.159325097457668,-0.755237866231596,-0.0892735934767175,-0.121758565909367,4.70237915261703
-1.54921564501162,0.132411977438432,0.189389766057075,-0.962686819066424,-2.46724476989954,0.465205908346726,-28.2461462274492,0.700526715655087,-0.679395683013666,-0.0851141874145012,-0.119218498428088,4.76545530803069
-1.55036436341693,0.133071447057669,0.189357341747069,-0.962415837037107,-2.46741906283495,0.464698528141065,-28.7571135528648,0.0782267922966184,-0.809646391517845,-0.0910438569334824,-0.111997805922334,4.75394605834772
-1.5514168426227,0.133626166378726,0.189232953033157,-0.962230992769914,-2.46756080984629,0.464088402581814,-29.220648567381,0.189191530526386,-0.975351274303165,-0.100993898950204,-0.104597369844734,4.74765531786017
-1.55235662131876,0.134074555971725,0.189023917133048,-0.962124591676025,-2.4676774586032,0.463373474379988,-28.1066863701487,0.139508351456698,-0.761236636380488,-0.0988069728816665,-0.106712226161006,4.81487694770821
-1.55317105862058,0.13441571587299,0.188738038493123,-0.962087822580167,-2.46778589490168,0.462568201673343,-29.7796452666043,0.106866025565751,-0.849758163993613,-0.0975417550322772,-0.110947834669317,4.77191131359442
-1.55386109758597,0.134664006418188,0.188392982338292,-0.962100920106551,-2.46790293390471,0.461695972671275,-28.4836258230472,-0.62434379842739,-0.631485999379436,-0.0907516584708494,-0.11305601227297,4.81711095173496
-1.55442792572872,0.13483527363232,0.188006869525993,-0.962143791062614,-2.46805525940415,0.460792046005525,-29.1635348659293,-0.76650518899487,-0.709318513332704,-0.0868927765943521,-0.117627813204833,4.79591088297397
-1.55487722274018,0.134949186282425,0.18759904227992,-0.962193637598122,-2.46827291595769,0.459899769978197,-29.1613398813874,0.0467816153177409,-0.735687244576525,-0.0908144450733239,-0.118324599929067,4.78057784839002
-1.55522516204558,0.135038219352197,0.187197522813121,-0.962220578862573,-2.46857738288787,0.459056782743757,-28.2025105337282,0.00218877769566461,-0.798699946772587,-0.095845415709424,-0.115231608662748,4.80952563641855
-1.55548780355692,0.135123610575349,0.186823337179149,-0.962208773573641,-2.46898872146985,0.458298440323209,-29.9102004434095,-0.225666629690522,-0.740379093143247,-0.101878245143352,-0.110731130937166,4.75827016204289
-1.55568453205346,0.135226464010516,0.186496104787275,-0.962144698510997,-2.46951606306556,0.457648353612142,-28.4414649246584,-0.2601615646754,-0.731563443746751,-0.0958443932917148,-0.110455708362205,4.83834597895147
-1.5558401625356,0.135357820112677,0.186227558718443,-0.962024921438474,-2.47016053327431,0.457122969166093,-29.4896594389489,0.275554225625001,-0.85219186814777,-0.0905170420460775,-0.113367511074623,4.82140722263664
-1.55597833807719,0.135518354425495,0.186021687708512,-0.961856993271476,-2.47090845923376,0.456718086679014,-29.1211838560743,-0.569028726208217,-0.846610946604955,-0.0917104095285124,-0.117802278013553,4.81781675923243
-1.556120423611,0.135693141572146,0.185869607596546,-0.961662177561195,-2.47174282534373,0.456422632654806,-28.6252946651704,-0.341583122018619,-0.727706257502206,-0.0902008866252433,-0.117071508601975,4.83393190238804
-1.556292593208,0.135871542336779,0.185764941462423,-0.96145869407594,-2.47262728573685,0.45620417066062,-29.5990154405384,0.0457925660980436,-0.826280261931203,-0.0897307402003382,-0.111996805582819,4.80546701702534
-1.55651361090646,0.136030542691976,0.185690119002977,-0.961274625110846,-2.4735272192064,0.456029429112207,-28.8232736310226,0.185666084518516,-0.824341587212359,-0.0879111984592731,-0.110670569713739,4.86166726487785
-1.55679956946535,0.136142675625633,0.185622030532907,-0.961139785443463,-2.47440705292435,0.455860131921416,-29.6874563083375,-0.481565295834343,-0.816096294336006,-0.0938273176876003,-0.112136886094934,4.85550766161303
-1.55715882353983,0.13617776549185,0.185533165976978,-0.961082112624129,-2.47523893931661,0.455664998576937,-30.002048092688,-0.152449258542902,-0.902840799419607,-0.0956812239712916,-0.115236201200994,4.87766841822162
-1.5575963424444,0.136120567415466,0.185404838908365,-0.961115553994686,-2.47600119286559,0.455418939629779,-28.8077383334887,-0.0987708850207127,-0.744133199792799,-0.0937384654053051,-0.120897270530022,4.92666918665627
-1.55810511472769,0.135957770233389,0.185218150282192,-0.96125046721431,-2.47668825790629,0.455109282032369,-30.2968081248307,0.577163943725964,-0.763069945510352,-0.0931724222431449,-0.116350952185283,4.8677048192801
-1.55867984281404,0.135703947450692,0.184972862603411,-0.961474364240495,-2.47729921530087,0.454731507749555,-29.0310627330837,-0.20355479736304,-0.751220063500625,-0.0890161171543831,-0.111808898078985,4.89626820351647
-1.55930752703479,0.135376638694606,0.184671227810886,-0.961770662804422,-2.47784677121616,0.454293931696435,-29.5728651221025,-0.107140866093005,-0.708873268407842,-0.0865794189530278,-0.111071637726112,4.86327243061074
-1.55996960924165,0.13500697760519,0.18432506344231,-0.962111138277162,-2.47835512273134,0.453814446449586,-29.6396909951166,0.232454594928868,-0.890340222012441,-0.086845053841853,-0.113428737734924,4.87511341372507
-1.56065095728858,0.134635088963381,0.183955036023496,-0.962462163547773,-2.47884869118132,0.453315278249891,-29.0451976211721,0.161590384881492,-0.774450546939306,-0.0867760839960723,-0.12055982646208,4.9297963698727
-1.56133496501877,0.13429951100189,0.183583301331924,-0.962792845271285,-2.47935118684522,0.45281692342063,-30.4009136675741,-0.209225373652544,-0.848643618470561,-0.0970173332049531,-0.120260639211501,4.91594875433837
-1.5620063843869,0.134037161836831,0.183232619605245,-0.963073483632027,-2.4798886882681,0.452342448472205,-29.6417322975586,0.370957631110741,-0.834781940520884,-0.094642319203718,-0.116834339898504,4.9836687080935
-1.56265702659814,0.133876948867065,0.182922871546303,-0.963282009972534,-2.48047287806605,0.451903116331888,-30.0565153120163,0.520933541267596,-0.75569129289434,-0.0925215655196219,-0.110139235523223,4.97211474233782
-1.56328978270572,0.133848263970122,0.182677262698569,-0.963399404918051,-2.48109699436836,0.451493601007484,-30.4584706216411,0.2308876879938,-0.867923341983413,-0.0948159151844195,-0.106939294289113,4.95614659698339
-1.56391006413062,0.133950125381384,0.182499413029139,-0.963428819768916,-2.48175154114027,0.451108367350518,-29.0717667176166,0.00294439420167691,-0.765171028953972,-0.0901850516876483,-0.114279673430976,4.98733300773173
-1.5645355837136,0.134175370100232,0.182389093823337,-0.963378585296188,-2.48240975400753,0.450728497141846,-30.8220785507692,-0.400193497612008,-0.750775970448075,-0.0886607740913918,-0.11980551698581,4.9383960769371
-1.5651911784613,0.134506936295005,0.18234061144522,-0.96326462920135,-2.4830260413446,0.450315766710433,-29.3769310390593,-0.871419516570541,-0.690361724706662,-0.0870747322773635,-0.119766085100371,4.99380585027246
-1.56590058354402,0.134912791968574,0.182337243654738,-0.963112531621498,-2.48356160173738,0.449839013337956,-30.4554972540607,-0.225137347675854,-0.844037368529001,-0.089101534106931,-0.115631834500385,4.97040547598095
-1.56668835763941,0.135359497594018,0.182360123010338,-0.962948613474825,-2.48397522858403,0.449265587147225,-30.6331742313786,-0.524458818540325,-1.0148445234494,-0.0942432402667155,-0.114109212979184,4.99948960548167
-1.56757991520098,0.135816576605004,0.182391722916052,-0.962794291004293,-2.48423029138819,0.448568341011818,-29.7987085486452,-0.25185995209381,-0.915492162102282,-0.0969550057267319,-0.118083315413596,5.05869211212996
-1.56858980345027,0.136259412381855,0.182417491778198,-0.962665290343662,-2.48430214162414,0.447726466972824,-31.0705445093157,-0.232379653115231,-0.845715133011595,-0.10153865535555,-0.119732020725503,5.01944030633618
-1.56972219465389,0.136657914804028,0.182417005273281,-0.962578506524359,-2.48419233956369,0.446746373967488,-29.8441588401607,-0.202160187284562,-0.815317043670007,-0.0991716355003751,-0.122469752064568,5.04270653542861
-1.57096944064579,0.136991036262008,0.182376859019718,-0.962543591534784,-2.48391627251635,0.445641579909394,-30.270291741289,-0.91614160012341,-0.829688223635515,-0.0908966434544181,-0.12141296350744,5.01224733351314
-1.5723165414409,0.13725418110803,0.182294979336435,-0.962558406897446,-2.48350476623291,0.44444120046316,-30.5365415398327,0.146900919974087,-0.964539343151671,-0.0896342346718195,-0.121406755425666,5.01942543515721
-1.57373902189142,0.137454147063859,0.182177708168804,-0.962611414860539,-2.48299974997147,0.443181315683369,-29.7023541003837,0.168115282350072,-0.71570526635486,-0.0879679701455158,-0.120514106847,5.06309501439932
-1.57520066413443,0.137592911502898,0.182029489224824,-0.962695956625187,-2.48245737324817,0.441907605434043,-31.4286822616116,0.0947885275511453,-0.870449663793664,-0.100514135634021,-0.117574053357631,5.0206544784743
-1.57665513302743,0.137681586150148,0.181862435132724,-0.962798827633009,-2.48194479572631,0.440675222518617,-29.965201347989,-0.622019080469272,-0.963351070966695,-0.100653780775513,-0.119998161077963,5.10128908575665
-1.57806495620752,0.137739961658633,0.181696369182523,-0.962902766608813,-2.4815114298929,0.439523182512271,-30.7380769514294,0.123385416004567,-0.972032018115385,-0.0981245844207779,-0.116149147235765,5.08147403864601
-1.57938747146617,0.137795267386477,0.181556676089949,-0.962986747948055,-2.48120343066571,0.438481269191412,-30.9446711462941,0.147865469597491,-0.889969696078111,-0.0969889332360818,-0.116315765291917,5.05992168769059
-1.58058606383545,0.137859129305771,0.181458809260753,-0.96304242258073,-2.48105604527876,0.437571477595704,-29.8676425163777,-0.241392745040457,-0.681456859998775,-0.0926306920196751,-0.118563945850556,5.09201750841001
-1.58163130633737,0.137936454249107,0.181413339216206,-0.963066064183809,-2.48109597787372,0.436813251117516,-31.4363200984462,0.179581969187439,-0.799682537512354,-0.091613178323108,-0.123920568058332,5.05824338322637
-1.58250521385331,0.138041779117328,0.181437237734464,-0.963048825623563,-2.48132694212899,0.436202528272104,-29.9617948762806,-0.396651006935599,-0.942910517635426,-0.0927483097290493,-0.121651569126912,5.1267337597143
-1.58320037768263,0.138178625905699,0.181537210933013,-0.962990403063184,-2.48174068223998,0.435726091664317,-31.1863257367087,0.388811600904546,-0.964397311492803,-0.098688846973181,-0.119739261995041,5.0991880017432
-1.58371876090618,0.138338060450191,0.181709713860138,-0.962898083153236,-2.48231965449197,0.435364592138962,-31.0450312930256,0.325680771590442,-0.878552481340108,-0.101335362411044,-0.116427659814938,5.12172194352664
-1.58407260302682,0.138503867030475,0.181943156173838,-0.962783892236219,-2.48304282099892,0.435099997809027,-30.4473148204056,0.547239548969856,-0.898868806399662,-0.094177853942488,-0.116593441071124,5.1438974976075
-1.58428411688059,0.138655517953106,0.182219961801151,-0.962661262524368,-2.48388379323413,0.434912484450148,-31.3337337646855,-0.413368140283183,-0.856385008814073,-0.0950995309554292,-0.116868640715744,5.09028829332598
-1.58438743099249,0.138776601970473,0.182524307008467,-0.962540120421965,-2.48480752133847,0.434777668202207,-30.0911303572403,-0.030534149326968,-0.8482824626943,-0.0879861068156056,-0.124385663440618,5.1319922292023
-1.58442052731275,0.138837969365524,0.182829602116817,-0.962438101577619,-2.48578620703181,0.434681449684379,-30.9721264855714,-0.0213204332824262,-0.650608736801644,-0.0849067706101856,-0.125442010437497,5.10242230477555
-1.58442409878273,0.138815163229044,0.183111913984528,-0.962369162354689,-2.48679207686994,0.434610240445225,-31.1411231015658,-1.04248587148049,-0.671712088527272,-0.0917432195747336,-0.121679413355106,5.10965815160737
-1.58444069794362,0.138696997694841,0.183355659137783,-0.962335867981136,-2.48780084964441,0.434555638780143,-30.2601272012679,-0.601856279502272,-0.814937799499802,-0.0910861552126461,-0.12108716667362,5.15112259244254
-1.58451361067648,0.138474031133802,0.183548177232059,-0.962340610678752,-2.48878571605925,0.434507044755388,-32.1199143217825,0.976246462368181,-0.926859073606863,-0.0983857447165795,-0.117815875510696,5.11292508174795
-1.58467451122749,0.138138649151317,0.183678727044161,-0.962384868738954,-2.48973120500246,0.434461327533555,-30.4661974669864,0.160495739879707,-0.829219281744344,-0.0977657182063285,-0.120404314445554,5.16875871379893
-1.58494698545278,0.137697329299903,0.183747315799733,-0.962462807094044,-2.49062247974689,0.434412342283074,-31.5577042979967,0.405995684675645,-0.866947402507094,-0.0936267732899276,-0.120861840914097,5.12694302163002
-1.5853413347829,0.13716151551321,0.183758795189862,-0.962566870800394,-2.49145196860569,0.434355716472102,-30.6733505867978,0.374033052895356,-0.608058239298259,-0.0845069976482073,-0.122207180977379,5.12663962782392
-1.58585870183304,0.13655843706244,0.183729809014164,-0.962681495236467,-2.49220769741733,0.434276406395852,-30.7839017651123,-0.66669699353065,-0.728470205730417,-0.0825777654527302,-0.120720035089611,5.10956368409893
-1.58648636481498,0.135911998283458,0.183675351949745,-0.96279767208088,-2.49288682402006,0.434164729607895,-30.7002836803946,-0.896768923495074,-0.643872712570754,-0.0887808263543057,-0.118959264522863,5.12352341422982
-1.58719457038529,0.13524748715907,0.183610809506044,-0.962907444261479,-2.49349523140782,0.434011048283149,-31.553803026988,0.547505713687997,-0.861750307938024,-0.0867693255583601,-0.122453327453295,5.18668515067006
-1.58794745270982,0.134591333484682,0.183551665776918,-0.963005234119443,-2.49404312819315,0.433808023831295,-30.8501834487717,-1.19842741909838,-0.939486696421625,-0.0967731541807408,-0.119580052641179,5.23011891083079
-1.58870564987679,0.133973115671076,0.183514127988747,-0.963085192462704,-2.49453904343513,0.433544842497524,-32.6162676214346,-0.0133414454896865,-1.08579669927508,-0.105161575534934,-0.121427685921479,5.24005330669121
-1.58942670621516,0.133400733802938,0.183496924442188,-0.963158580346228,-2.49500409351598,0.433222531265437,-30.6648526388212,-0.0251061884807768,-0.915893310564229,-0.10018302821068,-0.12564265045236,5.32852236052985
-1.59007341303325,0.132876427734253,0.18349502543995,-0.963239792966692,-2.49545691686036,0.432842900323875,-32.8365496820915,-0.234381907978332,-0.877945461637665,-0.0992987675948589,-0.122858759955686,5.23400777269687
-1.59062088495034,0.132411115909179,0.183507646535237,-0.963335266710927,-2.49591158054166,0.432409397774231,-30.5402539098578,-0.213291980511485,-0.977530163779363,-0.0973146672976992,-0.12311974408548,5.26056613253316
-1.59105102403082,0.131995237373454,0.183517701089591,-0.96346290672154,-2.49638973693863,0.431935882800448,-31.7877371983507,0.642979870046702,-0.756805886671515,-0.0892046436429603,-0.126094367570089,5.21790307907591
-1.59136306564537,0.131621936005646,0.18351008897258,-0.963634187717552,-2.49690161423984,0.431433912901034,-31.8787113207928,0.323718731657891,-0.774666289852462,-0.0908400437808554,-0.126269563731782,5.23024549820049
-1.59156863546495,0.131279864698215,0.183468389751377,-0.963858027380091,-2.49745863458735,0.430923255428639,-30.8617425303127,-0.553863082306862,-0.941170935311447,-0.0970343082428622,-0.124325154461157,5.28902538628375
-1.59170043445155,0.130970098980372,0.183385898429529,-0.964129482864235,-2.49805626317694,0.430416137974239,-33.0446621285199,0.759532322926589,-0.989556568195809,-0.103630605436124,-0.12457808402242,5.26526274283132
-1.59179599419523,0.1306956891217,0.183259148768058,-0.964437688815884,-2.49868745451038,0.429924724154245,-31.1737939070084,-0.0876130734104663,-0.864628533611011,-0.106018296046679,-0.129036974896402,5.33811293567192
-1.59190314789041,0.130471941675885,0.183095752778743,-0.964758212317166,-2.49933345099678,0.429453463491063,-32.3418754319452,-0.104342985751146,-0.87786188702745,-0.108598067558572,-0.12315160933551,5.27961358259912
-1.59206641566119,0.130307422646258,0.18290096831768,-0.965068030294338,-2.4999779968682,0.429007027427582,-31.7745905227911,-0.504780250311569,-0.898290945534598,-0.0997243181433149,-0.125770715000304,5.27550847361079
-1.59233090383975,0.130225148665096,0.182693019179059,-0.965332585267872,-2.50059715937826,0.428582412364019,-31.25364389193,-0.223947560883062,-0.882691377716839,-0.0925787117506176,-0.128849646552437,5.27951438087571
-1.59273173704609,0.13025474956031,0.182497158787259,-0.965513196171769,-2.50116442045874,0.428168783000993,-32.1045190550682,-0.448612059534071,-0.903905335532755,-0.0955609719584434,-0.125316564947616,5.25328268349456
-1.59328880148018,0.130412842898423,0.182331297141429,-0.965581727968473,-2.5016681028764,0.427762449563324,-31.4589737486017,-0.218072571093899,-0.865588995353136,-0.0964097901645107,-0.128536183347616,5.33185815168
-1.59400597726318,0.130713164360644,0.182212329589238,-0.965515150453451,-2.50209739989893,0.427352091696399,-32.4213301786375,-0.367796428274005,-0.908128726421126,-0.104716195592491,-0.128045695781774,5.34254888509112
-1.59487734482626,0.131169998231434,0.182158206690579,-0.965294865105096,-2.50244135847378,0.426920811773958,-32.5629119127754,-0.768603706339491,-1.03953534840201,-0.111772481791503,-0.123749855972405,5.3688878491723
-1.59588115439122,0.131784036174597,0.182178040321628,-0.964916476730547,-2.50269990400868,0.426454835894173,-32.0602663091275,0.0590120733247659,-0.992022970021793,-0.109603459008148,-0.122228021797864,5.42049516229916
-1.59698299076404,0.13253917896109,0.182267273064906,-0.964391833653537,-2.50288772914084,0.425952250447073,-33.1615786940791,-0.115253603165684,-0.948843881550545,-0.107846044985292,-0.125691645287218,5.37913305523449
-1.59814574171044,0.133414884088022,0.18241797663357,-0.96374091612075,-2.50301354115919,0.425401741273055,-31.9481845196334,-0.713667121199478,-0.886913320144259,-0.0964056282605745,-0.130674417727488,5.40738630159828
-1.59933098128938,0.134383046157675,0.182615395461984,-0.962991025961123,-2.50309292716077,0.424797319291057,-32.4980780943395,-0.394148081921912,-0.800020032817315,-0.0933770588015865,-0.132267827527071,5.38544229674887
-1.60049736226847,0.135406602138301,0.182838365081019,-0.962178696222752,-2.50315214034999,0.42414692294221,-32.6051445630082,0.647613913898567,-0.814144025374986,-0.0951354011729424,-0.129652978172196,5.37858902233649
-1.60161395900235,0.136448470094299,0.183063729193153,-0.961341400640622,-2.50321588107349,0.423463911835016,-31.9966499435812,-0.212690468546043,-0.802782156038859,-0.0970387862377731,-0.123564669071954,5.39660814989977
-1.60265652910664,0.13747518474107,0.183270877361037,-0.96051338145974,-2.50330223776216,0.422756286895275,-32.8087492190587,-0.515977356399617,-0.929516300753903,-0.103997195519919,-0.12463459495623,5.38796096502258
-1.60361195689363,0.138447558800329,0.183434180457194,-0.959731046901526,-2.50343327207569,0.422046689641692,-32.6662580936284,0.756100411761054,-0.83202742351142,-0.0974487234596828,-0.131784600920087,5.47882402280388
-1.60447152065809,0.139328189811318,0.183529536980519,-0.959028601056444,-2.50362727023008,0.421353943358787,-32.7742791123168,-0.373599083611225,-0.813752956228683,-0.101976612321717,-0.135914561109455,5.50292385704097
-1.60523473526112,0.140086059637387,0.183538496981615,-0.958433612200442,-2.50389815499296,0.420697740710961,-33.7698326240187,-0.381538952751271,-0.910388429064824,-0.106111606040612,-0.133008171752181,5.46852572717522
-1.6059099299008,0.140699521240403,0.183449894734353,-0.957963079583685,-2.50425324460148,0.420094716354676,-31.8037080724834,0.201448782795978,-0.984249318616207,-0.0995197936718775,-0.130666318498671,5.51499723712994
-1.6065063254209,0.141146581053968,0.183253128829309,-0.957634506047553,-2.50469342529253,0.419553545750054,-33.8113860531292,0.320554918347852,-0.87602086947615,-0.0985188137231283,-0.123576487404159,5.42090532694899
-1.6070296416042,0.141407369880086,0.182940473961288,-0.957461110905138,-2.50522080116013,0.419082589072326,-31.8373290466296,-0.557829604592825,-0.784485290267526,-0.096782193107857,-0.125407193366834,5.47322522390131
-1.60749020352849,0.141479298562717,0.182518476023466,-0.957442027519662,-2.50582661265477,0.418678649000582,-33.170780073907,0.485200247986086,-0.79932841982972,-0.0958513725476151,-0.131031808266479,5.46717803792077
-1.60789647874112,0.141364750054676,0.181997593374677,-0.957573502392366,-2.50649704560167,0.418330599809753,-33.2002887826571,-0.408251634425596,-0.839497473899911,-0.0996475924274827,-0.136046969849184,5.49357093140072
-1.60825305412623,0.141065517043475,0.181387871782145,-0.957852169120488,-2.50721381441324,0.418017136702202,-32.5112105403683,0.219363252717812,-0.827420666478389,-0.10502432029607,-0.135015167488383,5.53011886868615
-1.60856574006731,0.140598251011683,0.180710827411406,-0.958263041523931,-2.50795430026495,0.417713228508959,-33.6498998099643,0.501408597657928,-0.959103205681146,-0.110717832784362,-0.129775721975612,5.49696524640813
-1.60883807237287,0.139980603430764,0.179986852235589,-0.958789467023949,-2.50869992545219,0.41739714056548,-32.7783399189289,-0.0574949134725102,-0.980713711885244,-0.108624694966938,-0.129061723518059,5.5444030669439
-1.6090732708906,0.139245745733475,0.179245619496014,-0.95940513085937,-2.50942738488537,0.417040369379086,-33.2911995503755,-0.704133973779335,-1.05934337246259,-0.108131547924736,-0.133198788236184,5.53257853535812
-1.60928356049631,0.138438472692901,0.178523396519454,-0.960073864646296,-2.51011390032093,0.416620541136442,-33.7218227545675,0.52202084671012,-0.860028364897886,-0.109604622892009,-0.137443879021899,5.5411649377145
-1.60948037845729,0.137609499597264,0.177857677903051,-0.960754692463199,-2.51073980589259,0.416117377452031,-32.6498412021983,0.572636267227381,-0.910376944231444,-0.10304983159307,-0.140927407729084,5.58708212925827
-1.60967381288545,0.136812367770989,0.177282374876351,-0.961403506006697,-2.51129906550424,0.415527742091632,-34.2979642946124,-0.452452696541513,-0.94972168152691,-0.109791107785194,-0.134506304248198,5.53135351966301
-1.60987904006645,0.136100580378764,0.176828330561502,-0.961976010760538,-2.51178885885265,0.414856317501935,-32.8747946155027,-0.78745218431277,-1.04647555008415,-0.112435819937237,-0.132127002628098,5.60701444188161
-1.61011041666921,0.13552957460213,0.176524575914454,-0.962427276610293,-2.51221120329871,0.414112129715152,-34.0382030220571,-0.225810135605116,-1.13194728884312,-0.10948123168454,-0.132545949519142,5.59254869196552
-1.61037878990228,0.135136349952677,0.1763843530133,-0.962725527474397,-2.51257807712475,0.41331344662092,-33.8210222673058,0.0272909329883078,-0.91863410335398,-0.111168548119192,-0.132298355216301,5.58509182565553
-1.61069385070182,0.134955132948127,0.176416125563191,-0.962843147383515,-2.51290353056582,0.412480124776889,-32.726748201949,-0.560602363148291,-0.923515966600007,-0.108845552149769,-0.135772781327099,5.61074169807233
-1.61106991099387,0.135008003216591,0.176619931461715,-0.96276395790831,-2.51319401322027,0.411625187433379,-34.5279686159142,0.41201372498108,-0.93654914712215,-0.104278128177726,-0.137206353292668,5.56572217513405
-1.61151227271293,0.135289761061633,0.17697694457876,-0.962492169467191,-2.51346515907876,0.41076729096297,-32.7785474660737,-0.85211264790405,-1.02606071284902,-0.101033006168053,-0.133732163639886,5.60828616642767
-1.6120172470423,0.135784661970501,0.177462320121113,-0.962043377896896,-2.51373058153875,0.409917498745374,-33.709773884364,-0.133042499932571,-0.899431777312486,-0.104243175623811,-0.134422972374798,5.56738642964901
-1.6125864627852,0.136466810485453,0.178047291465666,-0.961444074711427,-2.51399053515364,0.409074578876736,-33.7680792653421,-0.0474868534126927,-0.946780873177772,-0.105048013106857,-0.135751960232318,5.59682883884317
-1.61321476607889,0.137296587040776,0.178697611799989,-0.96073327293688,-2.5142403473453,0.408225947932541,-33.3052768031409,-0.0402340358059519,-0.970402988462041,-0.106380738079165,-0.135626631126202,5.629548246637
-1.61389594359409,0.138216895225746,0.179370297114239,-0.95996294962386,-2.51447379281662,0.407360336063283,-34.2811411258884,0.313620109603335,-0.952329258552453,-0.111550303739354,-0.132983992351044,5.6025372496125
-1.61462171270645,0.139179490795469,0.180031807002686,-0.959177873520383,-2.51468350368189,0.406464860374615,-33.6545155903435,0.196405069029652,-0.881572534867303,-0.103832909678802,-0.134002894203602,5.65668049036948
-1.61537848074812,0.140137005691363,0.180651954507323,-0.95842204460534,-2.51486684824315,0.405530956122661,-33.9924441401998,-0.335304126155052,-1.09459986532056,-0.104818517583857,-0.13527619980563,5.64326394236551
-1.61615305786126,0.141048294278242,0.181207270412294,-0.957732051903857,-2.5150183870912,0.404549025722526,-34.1921410732505,-0.710007433504643,-0.956676418556583,-0.107285502098393,-0.133956646269564,5.64367211742817
-1.61693442841756,0.141881227895756,0.18168174943316,-0.957135628024274,-2.51514101715007,0.403523319378443,-33.6023796642265,0.0548717808699166,-0.934091709478423,-0.102732443417155,-0.140410502843826,5.69988946628848
-1.61771142190089,0.142608593663622,0.18206362788864,-0.95665305157572,-2.5152449901901,0.402467947086195,-34.6235691435976,-0.0796002938691345,-0.902937944782593,-0.110016427181514,-0.136020544809488,5.68375649349718
-1.61847666993004,0.143227119448684,0.182357493176358,-0.956284523079709,-2.51534183941506,0.401402438230044,-33.9070377006873,-0.0257527407495672,-0.887116766574536,-0.107480386216412,-0.132783088433339,5.73207700572282
-1.61921839644186,0.143737254020167,0.18256855894938,-0.956024404632392,-2.51545755844473,0.400360613312814,-34.4395940089659,-0.154107361842762,-0.865971146239531,-0.109375548566685,-0.135647936783475,5.73017353282961
-1.61992947110438,0.144148486454212,0.182706689853208,-0.955857854891701,-2.51561838330313,0.399378962419232,-35.1967969424139,-0.14049792072683,-0.931516238910802,-0.108371264742857,-0.140940014547387,5.73547247302305
-1.62060378444466,0.144463513188794,0.182777832153691,-0.955775072119265,-2.51585475973565,0.398498142991373,-33.7576408161239,0.141391465542938,-0.843430485638379,-0.105921352483291,-0.144373543965408,5.800909534172
-1.62124397199677,0.144691072929271,0.18279088347909,-0.955762702700468,-2.51618392013424,0.397746121221023,-35.5135628510797,0.498608297287547,-0.917239198025413,-0.106378445408673,-0.138711728294698,5.72361855468485
-1.6218494457259,0.144836970523049,0.182751227598626,-0.955810813894864,-2.51662513042895,0.397149262305073,-33.5432075868503,-0.0585977921771246,-0.940848585603277,-0.109188621462186,-0.134601616263628,5.74505701658439
-1.62242485962767,0.144906109015872,0.182664591377834,-0.95591181073598,-2.51718547238506,0.396719846462516,-34.3661067321058,0.179822687940487,-0.879927469930237,-0.104471604817577,-0.128234416488608,5.68514267255841
-1.62297908705174,0.144893258817126,0.182530020937115,-0.956068685237565,-2.51785888755142,0.396453835022024,-34.2655198046339,0.184537155409771,-0.944130699467252,-0.0984756590152873,-0.130538446002906,5.67546538393811
-1.62351950202376,0.144791237017436,0.182345077923713,-0.956287749444916,-2.51863435843176,0.396338945641879,-33.6144420038518,-0.0633141825599068,-0.73429140990396,-0.0996010917892534,-0.138426151829038,5.71773302267378
-1.62405558927692,0.144608909504126,0.182118978225113,-0.956565664465854,-2.51948220591165,0.396341051483352,-35.0036875453264,0.0223919498032501,-0.966408734184341,-0.105334940806174,-0.144958535004957,5.72049500293805
-1.62459585125535,0.144344425276995,0.181853955815873,-0.956906673178272,-2.52037337104594,0.396424077842977,-34.2651725412539,-0.100120729735636,-0.996071675104815,-0.103858502274518,-0.143483306791479,5.79678398210644
-1.6251518181758,0.144018074260519,0.181566554674626,-0.957298943604828,-2.5212682731398,0.396541557921892,-34.9139169269824,-1.27055699641596,-1.03342988310783,-0.110902045378711,-0.134586863462019,5.79198771620828
-1.62573259513498,0.143646547025019,0.181269860657781,-0.957731927326344,-2.52212611707125,0.396644616086172,-35.2117135756158,-0.610735422875678,-1.07961036626313,-0.115376327083027,-0.133085026203726,5.81087008254796
-1.62634321702477,0.143257157736781,0.180983517689374,-0.958184249652064,-2.52291302059258,0.396690908212052,-34.1846909058487,0.431883549909116,-1.06515922043633,-0.106662346610789,-0.13630804135256,5.86650001242669
-1.62698710910179,0.142889753064798,0.180733362510414,-0.958622964784983,-2.52360145160998,0.396645437464793,-36.2971051514442,0.330536315997279,-0.941349724160517,-0.10619619192025,-0.137015931755552,5.79876644051909
-1.6276669731526,0.142585830721854,0.180545198234224,-0.959011580861388,-2.52417311731322,0.396485189124147,-33.8587549009677,-1.09554566309316,-0.824252750911114,-0.104969205462907,-0.142152990718528,5.85874340191917
-1.62838447066904,0.142385118478874,0.180442426692651,-0.959313062031303,-2.5246220230086,0.396202793474559,-35.537014417811,0.190731732854147,-0.863553957121866,-0.101830432539594,-0.138432160187313,5.80955852087008
-1.62914277753711,0.142328412614247,0.180449131447193,-0.959487287296085,-2.52495024236503,0.395801809349446,-34.5438283633754,-0.059840529182793,-1.02403437466828,-0.10294273324688,-0.132526949653998,5.79673315016961
-1.62994134404817,0.142431026284156,0.180571628621576,-0.959513443186504,-2.52517656327222,0.395305408146854,-34.4465017775167,0.0385803421174842,-1.00874993169705,-0.10786925204307,-0.133213658303788,5.79623564040815
-1.63078138655892,0.142704480317263,0.180814633654388,-0.959375224828182,-2.52532167302394,0.394739853194085,-35.1480211608039,-0.73822595954266,-1.00479604509772,-0.109590511565835,-0.138375200698024,5.79750233958674
-1.63166382482027,0.143137890315979,0.181169153331721,-0.959074225941236,-2.52541206689865,0.39413861087581,-34.734434068696,-0.400063128733791,-0.970466556680861,-0.105848345955631,-0.147479595272132,5.87501077130745
-1.63259026541475,0.143705818885211,0.181618496686111,-0.95862702793736,-2.52547589149888,0.393537975486106,-35.2599021111454,-1.13612118358856,-1.19447702501162,-0.112023134372536,-0.148919660664047,5.88001629836899
-1.63356380034811,0.144370140180739,0.182139857826976,-0.958063640204185,-2.52553531089066,0.392966175267935,-35.9417327411723,-0.496828516088499,-1.14198636786392,-0.115998256339115,-0.148578598884784,5.9020419084084
-1.63458682821311,0.145080546902647,0.182703867716719,-0.957425065079697,-2.52560946703565,0.392447498455688,-34.6487584309191,0.299050697158009,-0.977823765543036,-0.115412999835197,-0.140552429181987,5.92950733837996
-1.63565741191595,0.145790999527113,0.183284572434371,-0.9567542925911,-2.52570819152113,0.391991123151,-36.0965910267259,-0.723273053275307,-1.04586217046898,-0.117845358984123,-0.134347439556896,5.85819834297376
-1.63676780571234,0.146454837352253,0.183855416671024,-0.956097629727263,-2.52583274384581,0.391590581060343,-34.6486300340363,-0.630153738582976,-0.979714983913169,-0.113332919726214,-0.138443210325819,5.9120190940326
-1.63790876886644,0.147046184185976,0.184403449414581,-0.955487585555231,-2.5259765419785,0.391228072370069,-35.7440145673494,-0.130309661302817,-0.775029518100354,-0.103800242299709,-0.141396037060997,5.89479288458622
-1.63906000243277,0.147542728248861,0.184914859484091,-0.95495415336802,-2.52613699103099,0.390882046792665,-35.3326474122715,-0.242781839110421,-0.964412939788645,-0.101220384538236,-0.142055493931758,5.90291889793985
-1.64020140759277,0.147935558861252,0.185381850779031,-0.95451703672884,-2.52630142757881,0.390520217358061,-35.1522402277093,-0.716283498841676,-0.936735162213012,-0.101766838294158,-0.14597829038847,5.94022893326713
-1.64130965969106,0.148239510161871,0.185809653344163,-0.954177884670194,-2.52645594918959,0.390105091248592,-36.1175286613255,-0.0548788069691,-0.880603107659852,-0.111047816158333,-0.145064597531866,5.92431155406663
-1.64235769069767,0.148475798958761,0.186202715878888,-0.953928964980655,-2.52659856138999,0.389613105276973,-35.4192106022463,0.40581147745911,-1.01393201735789,-0.116275410440863,-0.142419231299226,5.97887609465414
-1.64331491512219,0.148669545458631,0.186563941569577,-0.953756694785258,-2.52673024876395,0.389022491028801,-35.6839194453169,-0.280779644154791,-1.17610769954894,-0.117619640134521,-0.142341277892536,5.98415205715751
-1.6441566798303,0.148858789121308,0.186903000654185,-0.953635277453162,-2.52685965352238,0.388327231480082,-36.3284992601806,0.388883135569586,-0.981275837870214,-0.111959374800153,-0.146581953504809,5.98679127016421
-1.64486764452729,0.14907118783761,0.187222338262094,-0.953541783863278,-2.52700000359752,0.38753515492646,-35.0515737528987,-0.0726476162615199,-0.957569921139566,-0.106197637154993,-0.146030099818108,6.01696203648012
-1.64544051450791,0.149338103608027,0.187526325470043,-0.953447691806059,-2.52716627314328,0.386662471022275,-36.5231454681304,-0.359982234751442,-1.0798737080315,-0.104625939152211,-0.141290377337507,5.95492949597604
-1.6458789370629,0.149665550922221,0.187804270217853,-0.953340754691699,-2.5273800650633,0.385746217368493,-35.2134607642357,0.349440416584457,-0.98690525849338,-0.104589199841429,-0.143460056956683,6.02762975079584
-1.64619435891721,0.15005000438515,0.188042908532947,-0.953214195810071,-2.52766583553811,0.384832341375099,-36.4514974100524,0.182719591697378,-0.858504154415698,-0.108663511417086,-0.142297011778698,6.01347522232949
-1.64641177307417,0.150488096708763,0.188234211868569,-0.953059625907453,-2.5280359945812,0.383962287666012,-36.5689526893329,-0.758546934483775,-0.900389010216429,-0.113485848957386,-0.136400762429999,6.01936841884001
-1.64656216881494,0.150955012874761,0.188359810469237,-0.952885015870427,-2.52850490693341,0.383184769051682,-35.4381977425993,-0.0524438556815312,-0.968651908375904,-0.108445896975703,-0.140976980471087,6.07775880061053
-1.64668740718954,0.151427057614306,0.188409904511275,-0.952701882823761,-2.5290654188221,0.382528061485194,-37.0645252469183,0.316243542346456,-0.88908973974759,-0.107864749851394,-0.14511148101769,6.02406176113397
-1.64682806374475,0.151874871072755,0.188374116187585,-0.952526004950907,-2.52970777095163,0.382015149463894,-35.3211096482178,-0.195164587199997,-0.821769425692594,-0.10528574907681,-0.150920071935663,6.06063836909806
-1.64702073815612,0.152277016293952,0.188251514866365,-0.952369857820197,-2.5304182308409,0.381660170782227,-36.5511018131904,-0.0206211989734584,-0.861573963399024,-0.104836886952108,-0.146899106041833,6.01137329207955
-1.64730340751008,0.15262164019613,0.188050660793016,-0.952242382743334,-2.53116913406208,0.381456499164774,-36.2631101065554,0.875996806842522,-1.01989709067129,-0.107147784088636,-0.146981270437833,6.04139536436606
-1.64769921937534,0.152901465427108,0.187783990309289,-0.952152896984065,-2.53193113277831,0.381382396093142,-35.6800779465426,-0.214130278053972,-1.0597326397957,-0.10974471202423,-0.148377590989038,6.07737832879197
-1.64822620933872,0.153112419252174,0.187465420885635,-0.952109683655087,-2.53266943607738,0.381402976108339,-37.0177481414094,-0.416629950617562,-1.16897326556315,-0.118950860646899,-0.145863553359681,6.03989883934339
-1.64889573482016,0.153267711246984,0.187119196916779,-0.952108357269136,-2.53334884742106,0.381473987182698,-35.7125044619165,-0.307998946179623,-0.978679222460073,-0.115866993733178,-0.144071448901321,6.09176814725433
-1.64970108714447,0.153380939514006,0.186766250479858,-0.952144619128137,-2.53395303963684,0.381561635464826,-36.5438688949877,-0.442772971268369,-1.04097376794203,-0.115030456087553,-0.144078082091444,6.05495160517481
-1.65062337960698,0.153463807931321,0.186422495939602,-0.952213766713217,-2.53447117988592,0.381627452525339,-36.4054876055004,-0.24865381860559,-0.979106962945679,-0.11197356851859,-0.14140702849115,6.06016221809587
-1.65164426252247,0.153534002715196,0.186105779470636,-0.952306568639423,-2.53489395952016,0.381636178410762,-35.9251955061684,0.256543852531422,-0.876639746831728,-0.107557008322081,-0.147639149387608,6.1034864089777
-1.65274184049763,0.153607026353193,0.185828956993299,-0.952410668383577,-2.5352238783284,0.381565283291553,-37.2532057272696,-0.0710544193939313,-0.988100140770655,-0.114571927734304,-0.147249788817332,6.08583484923001
-1.65388457570558,0.153687146735234,0.185594003815215,-0.952519238011471,-2.53547858349096,0.381406552061696,-36.156356625043,-0.201855151259451,-1.11771961018798,-0.117019041405467,-0.151993814581718,6.15876788451705
-1.65504029351239,0.153773864533579,0.185397619570917,-0.95262665768241,-2.53568222675791,0.38116267713134,-37.0002761007106,0.153849995767359,-1.18143974880087,-0.123850475860936,-0.147959676031675,6.15564921146533
-1.65618292637039,0.15386747653407,0.185235187551433,-0.952724348626197,-2.53586022698862,0.380844868350473,-37.1603258854387,0.235889909588877,-1.20103690836407,-0.126877181104692,-0.145638321915059,6.15726958528076
-1.65728295707191,0.153949119913839,0.185088647420469,-0.952816604405753,-2.53604768076396,0.38047758068932,-36.4041152540636,0.275033727275286,-0.994216398581841,-0.121509487598697,-0.147326139903489,6.18196013422096
-1.65831648092742,0.154003508664958,0.184942727199969,-0.952904505497693,-2.53627564747893,0.38008786953479,-37.3609826637062,0.134917515362986,-1.00855444913904,-0.115091423235376,-0.149127368328977,6.13637079755086
-1.65926791755531,0.154022945520603,0.18478743872838,-0.952986652045184,-2.53656366891731,0.379697628901065,-36.3614818652783,0.215322262088193,-1.00329962859715,-0.110808471182155,-0.15299933994072,6.1811846346202
-1.66012599917619,0.154005273733411,0.184617980642354,-0.953059216812355,-2.53692220790545,0.379320996717455,-36.8552100137196,-0.252002158925961,-0.962571172792963,-0.114185141143917,-0.149785943419818,6.16904053359786
-1.66088730406957,0.15394489988783,0.184428318703416,-0.953124872767211,-2.53735318980536,0.378968437085513,-37.4747546152703,-0.161529950067916,-1.12008849695272,-0.119660657560561,-0.147630966458662,6.18161196152147
-1.66155244024133,0.15385148332137,0.184222250529398,-0.953178184065672,-2.537850783401,0.378641934286684,-36.4248881503029,0.199802760390867,-1.09427322196595,-0.12033183631188,-0.14672458445331,6.24539010023509
-1.66212637875943,0.153744057598208,0.184010441628064,-0.953210334332886,-2.53839549492986,0.378329125347208,-37.9855650353064,0.383804324638504,-1.00747733418885,-0.124937655227929,-0.145219279179731,6.18687934636855
-1.66261959278619,0.153639226153621,0.183802241145193,-0.953216436547808,-2.53896292306987,0.378011878490982,-36.521856106333,-0.730855015427323,-0.910405108477249,-0.114282792974381,-0.144422715604885,6.23144650468645
-1.66305090599494,0.153569726694077,0.18361817898291,-0.953182121114799,-2.53952062337661,0.377664496447212,-37.3044846468487,-0.185343642517864,-0.971554213643117,-0.112650569445488,-0.14879796349346,6.19502899462637
-1.66344120516672,0.153560148118816,0.183473187972884,-0.953100199643549,-2.54003337820444,0.377256172026912,-37.3220385026239,0.26885606674432,-0.86797010640575,-0.111310632195786,-0.153628117402036,6.21468514580546
-1.66381120822824,0.153630105124581,0.183378176760904,-0.952966368059402,-2.54047289960957,0.376761769680637,-36.9504092944813,-0.264417230340086,-1.00078798640061,-0.112958108263258,-0.156056722845055,6.26724156190691
-1.6641858134737,0.153798568939901,0.183343569806885,-0.952774945208641,-2.54081500528789,0.37616075820871,-38.0425474078902,-0.69181103587016,-1.01940760276017,-0.124863081244514,-0.14998629365891,6.25788229542499
-1.66458535742439,0.154076500489328,0.18337405830232,-0.95252436234572,-2.54104302579689,0.375435924942035,-37.2142288339826,-0.295085045251881,-1.0456932032707,-0.12261346828195,-0.150097552230325,6.30641317244267
-1.66502802633036,0.15446101525688,0.183466157817271,-0.95222176729124,-2.54115467162279,0.374588039445473,-37.5554698683011,-0.00121587595708661,-0.987062096315526,-0.122424606880941,-0.146346290519916,6.3034534764193
-1.66552867284648,0.15494398561906,0.18361252498441,-0.951873760340799,-2.54115714981284,0.373627909480222,-38.2098527698535,0.293025198931446,-0.944827640521112,-0.119940173485162,-0.149906720935142,6.30287441809557
-1.66609278138311,0.155500915085009,0.183795220082442,-0.951497036308178,-2.54107182248847,0.372577022282286,-36.7828980067413,-0.550724972951912,-0.925461892327149,-0.109510710185263,-0.15677814315954,6.35787005467014
-1.66671893653883,0.15610088789389,0.183992755393129,-0.951112219183566,-2.54092760829597,0.371464372238118,-38.7922627210305,-0.217637858254193,-0.967875388718284,-0.112330995918878,-0.154296990910325,6.28976121193443
-1.66740048405645,0.156714098039995,0.184185177311459,-0.950737883386109,-2.54075701251256,0.370321721128799,-36.9353488710004,-0.319989001405247,-0.915584815498192,-0.119392994651099,-0.156373098355425,6.33395350665221
-1.66812765798717,0.15732059973409,0.184360153791553,-0.950385557178296,-2.54059236901609,0.369182052539247,-38.0488609418875,0.341774680980961,-1.05318239842862,-0.119822862246629,-0.145733146233469,6.29470806403263
-1.66888284240364,0.15789467444998,0.184502080693451,-0.950071318652213,-2.54046806193433,0.368077972458505,-37.8289658825719,-0.596636052116537,-1.08892457017569,-0.11787949069925,-0.144380436213245,6.29589657463662
-1.66964847260602,0.158415450185011,0.184598847030135,-0.9498080538022,-2.54041411359211,0.367037669369421,-37.1978343869682,-0.439585549114327,-1.03902241978261,-0.114283458812589,-0.15149405926283,6.33242917942877
-1.67040653437218,0.158878667414847,0.184649242310646,-0.949597543958231,-2.5404508506174,0.366080174500985,-38.4875160707828,0.731139910462844,-1.09034127391402,-0.117700675888008,-0.156419971448592,6.31902450139036
-1.67114205690055,0.159279614729024,0.184652193327122,-0.949442288443636,-2.54058839510747,0.365213724849523,-37.7073565278459,-0.334778288931147,-0.929507047072207,-0.115385340457668,-0.161853012612275,6.3970035348762
-1.67184777307811,0.159623520804636,0.184612745920654,-0.949338601896722,-2.54082630830459,0.364440406150774,-38.3976384879359,-0.469590109992396,-1.03819219223629,-0.121594337645817,-0.158721664519988,6.39813790876683
-1.67251864732252,0.159915788486398,0.184535639018752,-0.949281993537725,-2.54115999749608,0.363756560665464,-38.7775874619623,0.139117930537623,-1.09381129370487,-0.131479182025962,-0.150943296898784,6.40476858332599
-1.67316032602053,0.16015813384608,0.184423813249017,-0.9492695891669,-2.54157697914246,0.363157589104676,-37.6946462792472,0.0992994824946436,-1.17842268538243,-0.129239310411902,-0.147260777776892,6.4349504629419
-1.67377953382709,0.160337459983258,0.184269124876544,-0.949308560496785,-2.54206653859014,0.362640620536257,-39.100655142001,0.460411084510952,-0.939422237265319,-0.129117200470058,-0.147512854475188,6.36549997221151
-1.67438929486613,0.160454710053431,0.184073155431509,-0.949394577096716,-2.54261657640375,0.362204134896656,-37.3579956467482,0.490579593414168,-0.849981843405885,-0.117720451345813,-0.151630503170938,6.41488845883335
-1.67499788265398,0.160492048886792,0.183825106133773,-0.949535297003174,-2.54321962005257,0.361847026017659,-38.5976172820668,-0.403619860686376,-0.920606892853499,-0.11251565853509,-0.158516035811637,6.37677119841338
-1.67561807657429,0.160435498808583,0.183517446471587,-0.949735499562803,-2.54386740061967,0.361568556280939,-38.4084041880785,-0.126437298348719,-0.899895516850478,-0.112154987022965,-0.157521149567297,6.40379325682986
-1.67625509707737,0.160267597828746,0.183140215224528,-0.949999410337025,-2.54456689622341,0.361381740140436,-37.9996795884009,0.436573918012982,-1.05730552169709,-0.124225034735502,-0.157713059795197,6.45966865636852
-1.67690830650232,0.159972715344646,0.182686410911792,-0.950330692789672,-2.54532841328136,0.361296858644482,-39.2636172050554,0.379302800999085,-1.2428504385415,-0.136658700700036,-0.15233963621378,6.4271954211979
-1.67758187924546,0.159546838934706,0.182159301107882,-0.950726225306674,-2.54614791211653,0.361310874301724,-38.0818100876102,-0.236067641488034,-1.17207521463286,-0.133160002206779,-0.152092584496547,6.45511150227741
-1.67827072784741,0.158988696099225,0.181564978909454,-0.951181722963246,-2.54703046006121,0.361422300943505,-38.5408438135955,-0.0854965806549899,-1.07367819182946,-0.126636456291743,-0.156255977085059,6.43299415087078
-1.67896976793187,0.158322387312491,0.180928551172054,-0.95167619281465,-2.54796963329929,0.361614743127632,-38.7243153758542,-0.252521756506894,-0.960997857100296,-0.114909255677613,-0.159643578016173,6.44664877742369
-1.67966981059497,0.15757531032896,0.180277562710911,-0.952187294492285,-2.54895746277186,0.361868755562223,-38.0749400418115,-0.547325544289833,-0.849078447397176,-0.112831216750265,-0.164930482983343,6.48446731657774
-1.68036740802552,0.156792064060873,0.179654116922041,-0.952685797598018,-2.54996959367352,0.362147456193286,-39.319691934075,-0.819664199930912,-0.97715751348025,-0.124486301392435,-0.158178045512857,6.46842160202692
-1.68106110102733,0.156027964383372,0.179106992328003,-0.953137279922645,-2.55097168539337,0.362404118099576,-38.7379981365777,0.194078634317748,-1.12298694226624,-0.129068208199516,-0.155081300715898,6.54919539106679
-1.68175389372763,0.15533676196833,0.178683085502166,-0.953509789796379,-2.55192322447434,0.362590237511258,-39.0314612227174,0.0434470055727161,-1.14670876129611,-0.134576053451517,-0.151065020352873,6.53735129403657
-1.68246106761714,0.154776854234592,0.178432174534326,-0.953768871261312,-2.55277832280561,0.362659932313564,-39.408332372146,0.426272716281119,-1.20020525524333,-0.132714919261419,-0.144806875819181,6.52147286617887
-1.68319442717479,0.154390704359918,0.178390685926176,-0.953893331510404,-2.55349504257591,0.362572039060638,-38.1672553598247,-0.185892757586316,-1.05635525149796,-0.120124355899204,-0.153101554787146,6.55908150924629
-1.68396740578643,0.154208862739473,0.17858205088231,-0.953870121885529,-2.55403864232576,0.36229847790208,-39.9827281755928,0.567458196208008,-1.02749532263684,-0.111990164480869,-0.161279114746919,6.50752068367986
-1.68479666410837,0.154249796009116,0.179018772151951,-0.95369307700697,-2.55438217022238,0.361823612518045,-38.4114251848837,-0.35998242690016,-1.04014097844123,-0.111602568927754,-0.167528818058906,6.57319317311258
-1.68569474996907,0.154506683444204,0.179691929155812,-0.953373361218667,-2.55451367989555,0.361149375568142,-39.4826857234333,-0.0483863313800157,-1.09819595417406,-0.1215906053694,-0.165640872883774,6.55723095297966
-1.68666367041952,0.154948527145644,0.180571556184405,-0.952935072505348,-2.5544468422275,0.360303493189947,-39.3126519839873,0.246666648934479,-1.26513821771459,-0.132870278513664,-0.152786634846639,6.5609191384501
-1.6877009811717,0.15553825336028,0.181620377530261,-0.952405088131239,-2.55420603760779,0.359322479537863,-38.7702914602652,-0.175737380134251,-1.25220380148986,-0.129451635426424,-0.151294921357283,6.58078849882921
-1.68879448658178,0.156228436580826,0.182789404847607,-0.951814219991047,-2.55383405046579,0.358257490485641,-39.9928573514115,0.492609178138309,-1.1371354164732,-0.128419954499862,-0.151130198529618,6.54582844965547
-1.68991732249873,0.156959730413905,0.184019696475446,-0.951199799521721,-2.55338799184601,0.357165266940132,-38.8222633495255,0.244014096018418,-0.93915814346596,-0.115426164077661,-0.157737377896336,6.60737833111026
-1.69104000176366,0.157671889306169,0.185251494085152,-0.950599389892703,-2.5529273794131,0.356100913383692,-39.5697524242896,-0.127884420608325,-0.932717325800752,-0.111998339959515,-0.166251885219049,6.58184500873497
-1.69212838541644,0.158323912092702,0.18643743664308,-0.950035736924225,-2.55250946715897,0.355109117244791,-39.6277324060774,0.374269518443953,-0.982262261700924,-0.115578114050186,-0.163356592606694,6.59223563836688
-1.69314584119224,0.158873086714648,0.187531936101347,-0.949535990357963,-2.5521863229564,0.354223643781624,-38.9733384534909,-0.019753060473704,-0.982694741264027,-0.119233068877739,-0.158815239532551,6.64038226843675
-1.69405469170476,0.159290870354798,0.188500789441174,-0.949117862452384,-2.55200405032231,0.353466379515301,-39.9833960392579,-0.851414815165981,-1.03932213866173,-0.131922346000715,-0.152744771802645,6.61132200607552
-1.69482252029134,0.159567527025152,0.189325448557985,-0.948788095015192,-2.55199419169014,0.352843765788207,-39.0353031541539,-1.06095363189115,-1.25935588511064,-0.133256132225608,-0.153949550372957,6.65941491078589
-1.69543446579907,0.159713766335141,0.190006943948846,-0.94854322629281,-2.55216020768472,0.352337757286934,-39.7936991018736,0.0927515417067752,-1.13032932937722,-0.124146273547786,-0.163385251203611,6.66082123129146
-1.69588427947965,0.159740428088306,0.190549847344299,-0.948381801513991,-2.55249419729056,0.35192197401945,-40.1961977597328,-0.0816127871339631,-1.06021148259703,-0.119770542964991,-0.168855434469419,6.66668280461209
-1.69617913776612,0.159676115677164,0.190972466024687,-0.948291432343287,-2.55297949197226,0.351568955305818,-39.0430249193132,0.0308211074261635,-1.05851464285777,-0.115100583197012,-0.172733010128837,6.71489441773798
-1.69633308174915,0.15954984605718,0.1912955360097,-0.94826056117612,-2.55358773685665,0.351243848739868,-40.7970335254689,0.0159485838278215,-1.23483468692174,-0.125893964036194,-0.161297686823534,6.67218925842535
-1.69637591899954,0.159392270849603,0.191540894638916,-0.948275402706538,-2.55428667490022,0.350919988616105,-39.5317466076804,0.231900502408507,-1.26555557759153,-0.137720368579909,-0.154667180079633,6.73210137049383
-1.69634758607834,0.159243705119017,0.191737661496554,-0.94831454277748,-2.55503492704609,0.35056897315556,-40.1362632006091,0.417775416412951,-1.2909003459734,-0.137390209655818,-0.153558314136301,6.70920146177377
-1.69628875221575,0.159129995286962,0.191903837648699,-0.948364659331942,-2.55579925368948,0.35017646028686,-40.464666886671,0.967840345582545,-1.05897085966876,-0.130696555149621,-0.157522679767286,6.70332051172028
-1.696238344585,0.159063450848649,0.192045702265062,-0.94841929345696,-2.55655912184061,0.349746790103705,-39.3743759263277,-0.042854610386712,-1.14753160203773,-0.121113046144346,-0.162283748339631,6.73783738759246
-1.69624154774251,0.159058580623607,0.192168699431718,-0.948468002110558,-2.55729220874091,0.349287094362898,-40.8216051754519,-0.103690315595713,-1.06694843337337,-0.117811998017658,-0.167818534522542,6.69921632703187
-1.69632850900181,0.159111271292659,0.19226301715884,-0.948510465865465,-2.55798962388053,0.34881272182639,-39.5735550662128,0.299613129542649,-1.15629722940673,-0.121151468726571,-0.171548328494726,6.77220860770204
-1.69652886945668,0.159216454464408,0.19231742270199,-0.948546277965264,-2.55864641565608,0.34834556128946,-40.5413621993495,0.329112186077509,-1.15626076282263,-0.130906688570241,-0.165171414146592,6.76248464369769
-1.69685839173033,0.159356707503443,0.192310987144962,-0.948582984434626,-2.5592641735383,0.347905677393699,-40.9790970172143,0.0981680778295413,-1.27424238400215,-0.139939125321463,-0.160206019062007,6.78355190346289
-1.69732363838013,0.159511563060845,0.192221337318887,-0.948630586486105,-2.55984713179497,0.347509125386974,-40.017894992785,-0.219815850501163,-1.29917138171044,-0.136539288919108,-0.162174161288585,6.83891904133343
-1.69792389773269,0.1596688399918,0.192034536835805,-0.948694968824141,-2.56039591373595,0.347160764205307,-41.4824141016338,-0.227111816969,-1.02336487057258,-0.130748079001674,-0.162664203265012,6.79148490339839
-1.69865072520045,0.159810724856047,0.19173548327996,-0.948788570863488,-2.56090894885597,0.346855440989404,-39.8385176994373,-0.0562633208994612,-0.941779897407628,-0.120920079037714,-0.16884973329508,6.81575392763792
-1.69949530665783,0.159942735254365,0.191328697836823,-0.948909506180154,-2.56137297075864,0.346569518504966,-40.7300220555531,-0.574168516565805,-0.930064786769691,-0.122090425789812,-0.168116655385611,6.78454688596437
-1.70043490538475,0.160053461536608,0.190811351556497,-0.94906873001716,-2.56178374598464,0.346280891637785,-40.8340791403696,-0.882607979825934,-0.983147011109793,-0.121433958207619,-0.168227470993602,6.8084189831188
-1.70144712115047,0.160147930166083,0.190195516021174,-0.949267209766223,-2.56213153884287,0.345957356515848,-40.2438268145494,-0.215633378867324,-1.24364235717886,-0.128096200198553,-0.167167979249825,6.86680484303873
-1.70251112643003,0.160238579564706,0.189502270437056,-0.949501082181501,-2.5624063810217,0.345565232844847,-41.6420968049149,-0.159748937253653,-1.30937345369571,-0.141991884023442,-0.160186451386447,6.85499392314367
-1.70360571641057,0.160326396068243,0.188747673536377,-0.949772148229964,-2.56260310958013,0.345075626150829,-40.686453971357,-0.289826564932355,-1.19356370294929,-0.136372135923351,-0.162942058693644,6.9172761173336
-1.7047060239417,0.160416524332108,0.187952002300368,-0.950076724665773,-2.56273172877859,0.344475908760513,-41.28296834854,-0.0680448351656651,-1.21125768780715,-0.128310343578065,-0.168354101637223,6.89860302735857
-1.7058006944623,0.160528001848104,0.187146086806052,-0.950397488254855,-2.56279437726956,0.34375246873161,-41.5939342659199,-0.493007456655278,-1.17025170543619,-0.129097632833478,-0.171040582989787,6.87741467275411
-1.70688090090291,0.16066482056049,0.186351428296692,-0.950724242358305,-2.56280853174129,0.342915431507251,-39.9215027568691,-0.239984772374328,-1.09461634701626,-0.122569201006348,-0.171964943986353,6.90343490518528
-1.70794094967885,0.16082768614023,0.185585139552867,-0.951044472062543,-2.56280049357824,0.341990001203903,-41.8540666680963,0.589702185678561,-1.1670941509864,-0.123546906915586,-0.163084825129446,6.83613794452721
-1.70898112764563,0.161021460760062,0.184865372016051,-0.951339336000224,-2.56280099716006,0.34101456704447,-40.1929045889697,-0.847748883224767,-1.17133415658412,-0.125329575020375,-0.163157790433555,6.90182486941046
-1.71000770299171,0.161250270050954,0.184209288984178,-0.951589072320002,-2.56283739434598,0.340030970519972,-41.8736650927816,0.391791468011661,-1.2594936305824,-0.131254181901708,-0.161953800361805,6.88438297426067
-1.711033927124,0.161520553537936,0.183634728878836,-0.951772982785439,-2.56292660561502,0.339074694813344,-41.343212225304,-0.0170194355057447,-1.09832058954197,-0.133294592285115,-0.163067747151646,6.93053357681677
-1.71207534901529,0.161840942302218,0.183157622265204,-0.951868714028921,-2.5630864099382,0.338189544045303,-41.1215210574663,-0.471121190588065,-1.07976497716325,-0.125545753464022,-0.167902360659478,6.96353917003762
-1.71314631990991,0.162213924885624,0.182788516166581,-0.95186178714275,-2.56332682155998,0.337410416155622,-41.607881056661,-0.129060222564249,-1.10235108624508,-0.12807011695426,-0.169192997090398,6.91780931021839
-1.71425943341881,0.162652120217637,0.182544560449936,-0.951734989777388,-2.56364311591597,0.336755247147336,-40.869860765358,0.163636539674599,-1.03763769849547,-0.123470340821058,-0.165953975467012,6.94245556605302
-1.71542605519381,0.163165581548798,0.182439996356554,-0.951479335912727,-2.56401982800834,0.336227793846294,-41.3237498363216,-0.476158101630517,-1.14879816766569,-0.126436202884379,-0.166846426207498,6.93922742384468
-1.71665143556274,0.163765625539255,0.182487520815226,-0.951089475622213,-2.56443182349951,0.335812176721119,-41.9092392713919,-0.0620630318983331,-1.26744295315905,-0.128063396598288,-0.169981329267173,6.97000100732363
-1.71793020417594,0.16445118699109,0.182689036949095,-0.950572831077659,-2.56485672579212,0.335489468634084,-41.2249491861376,0.93997919444223,-1.2219399497983,-0.129492335185395,-0.171538816780929,7.04780476221842
-1.71925263137256,0.165214431613573,0.183040214016259,-0.949946295294953,-2.56526875208243,0.335228526589954,-42.6875910277926,-0.277439882278941,-1.20850041732402,-0.140746766405261,-0.16766371882355,7.03229909475199
-1.720601123417,0.166043165163334,0.183531104976221,-0.949233221261274,-2.56564664335345,0.334995268834382,-41.8980701033112,-0.258556275839737,-1.12020373617833,-0.135102174345179,-0.170626678024999,7.09123192558246
-1.72195186076509,0.166905901932595,0.184135377473345,-0.94847142412001,-2.56597574610847,0.334754080191467,-42.2049608453474,-0.536505388715796,-1.25125331491725,-0.137803253273565,-0.168067143821808,7.06989381038111
-1.72328086032513,0.167769576229973,0.184822806962649,-0.947698600957194,-2.5662459224408,0.334470216219448,-42.4914785819465,-0.929960027425295,-1.24965624877888,-0.134265594175738,-0.16636940623137,7.05652053122121
-1.72456614197017,0.168590726376335,0.185553784102098,-0.946958364012952,-2.56645803772925,0.334120516322974,-41.4500465400567,-0.533920252630196,-1.13779422455735,-0.129210067667411,-0.172021828427313,7.10151082079119
-1.72578284356356,0.169325411918697,0.186284419153646,-0.946290904211136,-2.56662468524452,0.333692545961339,-43.0112775499923,-0.293804852230323,-1.19403015463507,-0.133714903877581,-0.172099969749258,7.05779740884631
-1.72691366987065,0.169933312053693,0.18697260628962,-0.945729147551926,-2.56676579299737,0.333185111987708,-41.7181796051218,-0.529646464884308,-1.13936984703241,-0.132882063885018,-0.171666700259424,7.11691166820012
-1.72794961891003,0.170383109930019,0.187581562812532,-0.945297842772783,-2.56689889348021,0.332599726827824,-42.4456234286074,-0.388117499547207,-1.14134866854423,-0.135597373265318,-0.171533824540205,7.11804794258459
-1.72889027700334,0.17066064017546,0.188086754161801,-0.945005127710857,-2.56704012168576,0.331943398666742,-42.9513694312553,-0.734332052517402,-1.21072488359638,-0.13726877493787,-0.169707307440104,7.13010428958603
-1.72974772278224,0.170776742140499,0.188483410830808,-0.94483935805702,-2.56719748226558,0.331224940877222,-41.7077913530524,-0.831515307817654,-1.33218979043892,-0.135325633624551,-0.170732158144958,7.17028558489868
-1.73053682037705,0.170756705528585,0.188777496909702,-0.944777068511738,-2.56737638058893,0.33045350127945,-43.4923473430221,-0.318841011076984,-1.17573884053448,-0.136900040542544,-0.171610612950781,7.10776396920691
-1.73127052417052,0.170633236685848,0.188982771816135,-0.944788472055987,-2.56758502505283,0.329644409060661,-41.8707970425764,-0.443558188819679,-1.10795118816927,-0.134487484970288,-0.177325663032657,7.16756709468218
-1.73197710590293,0.170461781630801,0.189132989209029,-0.94482962122583,-2.56780781532346,0.328798099756563,-42.9400642112592,-1.20929345072454,-1.28066450561619,-0.133993845114713,-0.174617701752217,7.13033687601501
-1.73267517162789,0.170298129015308,0.189263155523269,-0.944856573216339,-2.56803572707359,0.32791914533876,-42.5554933680003,-0.923845061669226,-1.20624480990426,-0.135387539195901,-0.171750120240611,7.1500668676428
-1.73338129992462,0.170198065807424,0.189410037144635,-0.944827074503971,-2.56825889532404,0.327013118728522,-42.2856889201392,0.211040658178035,-1.15444243071659,-0.133369249954371,-0.171033590871718,7.17943442143447
-1.73410674332912,0.17019851137742,0.189598975114299,-0.944715224110424,-2.56846957622725,0.326085239059143,-43.4029708633734,0.756687821845389,-1.25716186051503,-0.137714953373762,-0.168590510296818,7.16861756267754
-1.73485669327727,0.170330253569788,0.189850444709884,-0.944500023943771,-2.56866495083547,0.325143050975344,-42.4222486891646,-0.086083862397345,-1.18993865643537,-0.136909985640069,-0.176004772230573,7.24771396255336
-1.73562819362291,0.170600239782526,0.190167631097719,-0.944178883854066,-2.56885130920592,0.324199039781715,-43.2162947899738,-0.10948030427835,-1.2860172182429,-0.136749588184337,-0.179291183656449,7.24825054839493
-1.73641930468721,0.17099873933259,0.190541987985555,-0.943762698027857,-2.56903729034885,0.323268521226033,-43.5774456892526,-0.575842077042125,-1.33980279823766,-0.137159204393897,-0.176536698277508,7.2473526438291
-1.73722398570091,0.171497170863625,0.190950114693466,-0.943274766763421,-2.56924621397123,0.322378820687383,-42.6381505017218,-0.782301155103141,-1.29575759440149,-0.136406602395054,-0.175553279439933,7.27715912218545
-1.73802923286418,0.172049626354283,0.191355216662026,-0.942751639344565,-2.56950459272905,0.321554407154947,-44.0875272369785,0.0798219445700852,-1.1713514192561,-0.13698552639297,-0.176436636422461,7.24259288281192
-1.73882730003143,0.17260323562159,0.191714318140357,-0.942233720639748,-2.56984188443277,0.320824206739671,-42.6355047021725,0.179603444836175,-1.17693248614265,-0.134246094480386,-0.175888906710178,7.31572314593093
-1.73961409214322,0.173116512777127,0.19199332383473,-0.941753069484501,-2.57028060489206,0.320208839498144,-43.577727062155,-0.229631283782737,-1.2827538426815,-0.135433998665207,-0.17184888490639,7.28211526469196
-1.74039068442472,0.173554894982633,0.19216421521569,-0.941336031397457,-2.57083411875182,0.31971964777786,-43.4913874125349,0.0686843424268773,-1.2981100915168,-0.137454903133925,-0.169851977627341,7.25962651102753
-1.74115856451232,0.173891052147335,0.192205919285565,-0.941002342628041,-2.57151728379576,0.319372447478188,-42.4149840438952,-0.678563314400208,-1.21527899663099,-0.135239014808341,-0.169792062986399,7.26132717522133
-1.74192631298435,0.174123443534616,0.192118741069923,-0.940753788727477,-2.57233068887076,0.319169325970899,-43.7319607477018,-0.406627105610369,-1.19445650698518,-0.130160996035166,-0.169667034228063,7.205400928162
-1.74270336211146,0.174262684769296,0.191915464985967,-0.940583428555905,-2.5732596998534,0.319095518795366,-42.4931683961877,-0.133230134369114,-1.17758789241191,-0.123858805141331,-0.176698716555184,7.27698998158025
-1.7435104305376,0.174335981318865,0.191624716925947,-0.940472274372347,-2.57427368732755,0.319126455058764,-43.5301534795437,-0.138488828511072,-1.26182235159015,-0.130771294082495,-0.177630191180166,7.2821533787604
-1.74436281499254,0.174385940354651,0.191289698375778,-0.940390944990798,-2.57533711843061,0.319230153838725,-43.8235075375427,-0.188361776750071,-1.29209921976144,-0.13788176574167,-0.179028571452563,7.33504847249313
-1.74527559370049,0.174460222549644,0.190960142445268,-0.940307332501441,-2.57640098487547,0.319359142740012,-43.4762189020331,0.341633650634094,-1.29087575049587,-0.144571321566874,-0.17677825744305,7.39340850780036
-1.7462691677279,0.174603314158477,0.19068663282931,-0.940190772179068,-2.5774122083288,0.31946774792426,-44.6409646573752,-0.889543247957818,-1.41494267727131,-0.148765757598804,-0.173355259556539,7.38276315030865
-1.74735494863851,0.17483635102661,0.190504360315165,-0.940026682184526,-2.57832499318813,0.31951441647694,-43.5523037917755,-0.50390168300919,-1.27124106821779,-0.138575832747024,-0.1710147720825,7.42879113173927
-1.74854522086159,0.17518031571867,0.190447485127982,-0.939800725957076,-2.57908901686766,0.319452112025306,-44.1495047931056,-0.404546834786743,-1.12661448673867,-0.13945697607495,-0.170871541428723,7.37671271280704
-1.74983998579878,0.175622560467406,0.190525026132412,-0.939520461317397,-2.57967268237,0.319249065579455,-44.0605642991292,-0.120999932078348,-1.06658610772647,-0.135600270885337,-0.174748640383193,7.35247586495108
-1.75122841879673,0.176136644842918,0.190731822031372,-0.939202814088344,-2.58005935443938,0.318884816893789,-43.2738169861325,-0.255086914092999,-1.10493846370514,-0.128618139642445,-0.181091759551637,7.394041855547
-1.75269719511985,0.176681822746644,0.191049228281537,-0.938874040640672,-2.58024324038882,0.318347541175078,-44.3424000199901,-0.44229319539113,-1.22845734547579,-0.136135260254866,-0.178139253580297,7.37985327550743
-1.7542245515046,0.177198634959994,0.191440773736316,-0.938571770169905,-2.58023587428463,0.317641646534745,-43.820306629352,-0.303233293861695,-1.3054458817397,-0.139830625211431,-0.179165467444267,7.44353858605205
-1.75577253036741,0.177620516985221,0.191859767436664,-0.938337430963455,-2.58007599557605,0.316791250865457,-44.155091586359,-0.389551833450241,-1.41177528769987,-0.145463938544333,-0.182196049492682,7.46403937934541
-1.75730081163464,0.177894808341105,0.192264231737257,-0.938201319050859,-2.57981075860091,0.315828605310301,-45.1567881979227,-0.331346884544701,-1.43146369216348,-0.148378539061937,-0.181722066783024,7.48917877992421
-1.75876447371611,0.177968914638305,0.192609057977849,-0.938194415763157,-2.57949741443284,0.314794519717713,-43.9968749914748,-0.0454171347673764,-1.49818528406465,-0.144036718640248,-0.18364192959943,7.57101222237771
-1.76011598110608,0.177810543626322,0.192859660326085,-0.938331999921655,-2.57920374322413,0.3137404043681,-45.8589727096935,-0.193529498253383,-1.34665533723836,-0.143984402696657,-0.183195994873353,7.52110970255487
-1.76131508957803,0.177412977686195,0.192997864317419,-0.938612477510309,-2.57899355112775,0.312716665300674,-44.1873489047486,-0.600853089992825,-1.14985249347814,-0.141410284519776,-0.17940078322636,7.55707963852901
-1.76232599331343,0.176770283767763,0.193005123304681,-0.939034706424708,-2.5789318357984,0.311779809568915,-44.7089021292136,-0.202638586046533,-1.22169213633342,-0.140641407012117,-0.172293994401546,7.49613663064686
-1.76312412468004,0.175912802707507,0.1928896383315,-0.939573618433963,-2.57906498103093,0.310968333585781,-44.6733996555022,-0.155340322723987,-1.10097770700014,-0.138821955677435,-0.172204857022315,7.46689857378058
-1.76369898501564,0.174887384564943,0.192671968974329,-0.940195345898723,-2.57942462679025,0.310312300519195,-43.7518749963809,-0.614453132192011,-1.15785655884807,-0.132733108255214,-0.174039679891673,7.51002104075569
-1.7640554083436,0.173740020952825,0.192372895682958,-0.940866595184263,-2.58002716807724,0.30983312781667,-45.4946330696704,-0.22839191066214,-1.18656905227283,-0.13361306575649,-0.18538636274235,7.52265354769945
-1.76421192509784,0.172529731709501,0.192024756943003,-0.94154727900834,-2.58086664087799,0.309532821569852,-44.981729083234,-0.205702218062243,-1.28604184088951,-0.136980684102404,-0.194361302246173,7.66218258231462
-1.76420255645539,0.171310213434682,0.191658127676455,-0.942204582896884,-2.58192062635143,0.3094032280424,-46.0782862040198,0.212990322355154,-1.45436856588501,-0.148738819663399,-0.193766238444403,7.69231845532629
-1.76407293762953,0.170138062621368,0.191306357552581,-0.942804131351675,-2.58314196237563,0.309410386958813,-46.277346023629,-0.210570511120295,-1.54971619098077,-0.163907856514836,-0.185591625160935,7.68516063194789
-1.76387175544544,0.169056782292705,0.190993879062255,-0.943322516625816,-2.58447803973652,0.309516312399168,-44.7812471255102,-0.105582896146416,-1.48492139525325,-0.160886292966758,-0.177870324435051,7.68872805290617
-1.76365414225078,0.168092907349361,0.190734067374797,-0.943748774815913,-2.58586877926842,0.309677579379901,-46.1848009873394,0.31339474692777,-1.34504732755769,-0.144056156402184,-0.168960339173596,7.57810349918223
-1.76346936072441,0.167265841492861,0.190535318107851,-0.944077941336574,-2.5872544930057,0.309847677824927,-44.3102229566763,-0.213006591804515,-1.10624964637805,-0.12830060929864,-0.178521673653639,7.60298161521306
-1.76335649106089,0.166577502148757,0.190392454892762,-0.944316262838431,-2.58858900406674,0.309989279588602,-45.3819261654874,0.212328206269376,-0.943429043818384,-0.12482518021357,-0.185769057928924,7.58164324644756
-1.76334515687621,0.166017536079806,0.190291788149563,-0.944478521528978,-2.58983387963413,0.310068762703295,-45.5195248578099,-0.259464974604725,-1.12476865967264,-0.131584935715574,-0.191400396753439,7.63437475263143
-1.76346303193498,0.165581990284148,0.190224642811397,-0.944573906260803,-2.59095625247923,0.310058967037111,-45.4088872282534,-0.948088980460625,-1.36695852424498,-0.145271806907008,-0.184304631819945,7.70916278489859
-1.76371571853284,0.165249541869838,0.190168995789097,-0.944622634473065,-2.5919519494436,0.309955884648416,-46.6332208121095,-0.0216232628110902,-1.49529061001411,-0.160539606060745,-0.176400132755246,7.70899056377569
-1.76410397494533,0.165010306060045,0.190111558802778,-0.944633902944645,-2.59282289837547,0.309758818028834,-45.7282227727516,0.295808124130417,-1.53648659491219,-0.156742679053914,-0.175962175350192,7.76301270711413
-1.76462571498967,0.16485018082226,0.190038621836712,-0.944620216187728,-2.59358236742721,0.309481850823527,-45.9582326549545,-0.272456084077248,-1.41770967502598,-0.146152811735893,-0.184868439983692,7.73271950820273
-1.76526580327971,0.164761500948438,0.189941710324361,-0.944588162203139,-2.59425434359108,0.309143136122868,-46.2510274468626,-0.310493653134017,-1.14583230310981,-0.135698098981534,-0.192808854529595,7.70853536671598
-1.76601155631314,0.164741879616992,0.189818405847014,-0.944540691049787,-2.59486518247886,0.308767661712069,-45.2224894348749,0.0541973404772307,-1.04019893894997,-0.125573156973656,-0.195955098439994,7.74173268676391
-1.7668493182415,0.164789655673506,0.189668651507027,-0.944479846737406,-2.59543556029606,0.308372347419272,-46.9699454051321,-0.473175110177181,-1.16759327251052,-0.134783520910574,-0.18848375710853,7.71304154102502
-1.76776125900063,0.164893872901744,0.189488343171397,-0.944413962014332,-2.59599308270253,0.3079809088887,-45.447222237379,-0.301345612235536,-1.24803504024837,-0.142648465743512,-0.180395007792246,7.79533713466567
-1.76874351195716,0.165060972820418,0.189287157776641,-0.944338309573737,-2.59654456284837,0.307601358768296,-46.6895138187968,0.0946333710871841,-1.52857909213193,-0.154593060920985,-0.174920621667493,7.77306898380866
-1.76978691750917,0.165287252396394,0.189069152996828,-0.944257056400233,-2.59709772562502,0.307239482342434,-46.4315339850369,-0.0899933413513736,-1.48034109265603,-0.158291112122789,-0.177422273710829,7.76799151145342
-1.7708811883044,0.165569054620759,0.188837179787713,-0.944172143924828,-2.59765543775976,0.306895936056246,-45.6656164540573,0.00646659527001248,-1.2651349039306,-0.141313009538792,-0.187305039199629,7.79013891356257
-1.77201432627186,0.165895212064398,0.188587693258525,-0.944089758493027,-2.59822165332827,0.306571382828273,-46.5336885601294,-0.387853820060855,-1.28942141375097,-0.131236895768746,-0.19871311438929,7.75710304986239
-1.77317720560715,0.166260620445308,0.188322225068585,-0.944011785271489,-2.59878877433889,0.306253929465855,-45.8135686537658,-1.40964708267688,-1.09551166764552,-0.128922478674971,-0.202285358949363,7.79304336754622
-1.77435417789625,0.166653812711429,0.188037209108852,-0.943942864826167,-2.59935397365706,0.305933093065113,-46.1534731196431,-0.91499918778527,-1.2535412360061,-0.142863858654711,-0.193357503771138,7.81222712045984
-1.77552752863141,0.167066253638668,0.18772876205131,-0.943884283913921,-2.59991722391549,0.305601229682088,-47.2000824526402,-0.35006620705758,-1.42565086994483,-0.153938227878229,-0.184740112855105,7.86196835569847
-1.77667599383041,0.167481304557461,0.187387710989358,-0.943840505490962,-2.60048765665446,0.305258435866903,-46.2451091371071,-1.59084069028063,-1.51849747760542,-0.161128254045326,-0.182533536177336,7.93221310988842
-1.77777518175628,0.167891555799124,0.18701148254606,-0.943809437641268,-2.60107418426453,0.304901790607998,-47.9767718637058,-1.00713143105622,-1.3869631124397,-0.161372310445549,-0.179743861681278,7.89957240525123
-1.77879870540444,0.168286625358717,0.18659529137937,-0.943789535086857,-2.60169264939612,0.30453455505101,-46.4604825159321,-0.22079719480962,-1.27206351912332,-0.145854990628262,-0.191428390233011,7.95154720194799
-1.77972880555851,0.168664933113506,0.186142522935977,-0.943772092600885,-2.60235399403198,0.304159158957736,-47.1247914584789,0.0496015274368347,-1.35109428414881,-0.138025413571518,-0.194580193443756,7.89970177720117
-1.78054797979175,0.169020425041936,0.185656323732364,-0.943752670476164,-2.60307083734226,0.303779476424753,-47.0758166007309,-0.300589699098737,-1.26299823232566,-0.14174043324791,-0.191121396873756,7.87561898976105
-1.78124876155397,0.169359513204699,0.185150674312183,-0.943719363845791,-2.6038439991114,0.303392838647556,-46.2502348085313,-0.0141571280071275,-1.25334544476198,-0.141386407785256,-0.190422138214307,7.92515846522552
-1.78182734195093,0.169691883389173,0.184644415978226,-0.943658458598029,-2.60467615735589,0.303002233240711,-47.773552613235,0.49999571377225,-1.41123191274622,-0.150245766229087,-0.186040803200644,7.90155858376788
-1.78229001736302,0.170026624732073,0.184159180251887,-0.943559806921764,-2.60555517253382,0.302601048808347,-46.8064400013736,-0.396755827230891,-1.53742950350602,-0.157676132341142,-0.187890013578989,7.98302126496063
-1.78265821411922,0.170374200137672,0.183719694436859,-0.943414054273832,-2.60645520540929,0.302178116358157,-47.660858459622,-0.627392903250893,-1.50847955552777,-0.155690292588916,-0.197688189005383,7.99345232904949
-1.78295732268591,0.170738261150603,0.183346859880503,-0.94321926731186,-2.6073501432799,0.301726856751096,-48.0329665362032,-0.131394230867954,-1.39613776952109,-0.153092916813162,-0.199382773681484,8.00944569969158
-1.78321182043798,0.171123353901445,0.183060679573411,-0.942974875722311,-2.60820636259952,0.301232562889085,-46.7482745773848,-0.671088869524965,-1.18618373915368,-0.149599836378165,-0.195941637544269,8.03364268281998
-1.78345794592212,0.171528343697019,0.182876102760867,-0.942686213708255,-2.60898430763486,0.300683349440475,-48.5788691426409,-0.18358011316559,-1.38791098667369,-0.148709883251333,-0.188444395843249,7.96102515682588
-1.78373013245435,0.171943646063802,0.182799462544571,-0.942365568634923,-2.60964871315662,0.300071566458607,-46.6753095846238,-0.291112561759974,-1.30442081047846,-0.151236587584783,-0.184527409550449,8.02270238137196
-1.7840555956663,0.172353842741916,0.182827615854146,-0.942029653727905,-2.61017571351083,0.299397389383059,-47.9115854338651,-0.52544930749491,-1.31666306051741,-0.153485031910175,-0.182362340884116,7.99018809648371
-1.7844581690653,0.172746525427383,0.18295456328984,-0.941693296270104,-2.61054291557591,0.298657021257916,-47.4741591663015,-0.62054377005461,-1.39415359779167,-0.15183091790353,-0.186202059237901,8.00511781718049
-1.78495324372636,0.173107650496222,0.183168830759803,-0.941374085956418,-2.61073949388969,0.297852608467173,-47.2253791921239,0.0432438212760644,-1.39188410913417,-0.146779723220137,-0.194679828588219,8.04284888251631
-1.78554354820346,0.173413787640929,0.183445896295589,-0.941094379239353,-2.61077428087623,0.296995966695109,-48.3383933038579,-0.0985411810040659,-1.47607472780754,-0.147481249313866,-0.196254645165142,8.05502254863065
-1.78622198640447,0.173653308847152,0.183765601498179,-0.940868446399541,-2.61066495650047,0.296098821387537,-47.7735566252293,0.111200866253057,-1.31011750149247,-0.145934351898377,-0.201005735714918,8.14983285904345
-1.78697858937073,0.173828402928093,0.184113337728016,-0.94069991931526,-2.61042889816325,0.295163967753159,-48.4141736624645,0.171464186858202,-1.43005508715513,-0.150764586341719,-0.195258233118202,8.13788946912555
-1.78778830932924,0.173940512282905,0.18447106254592,-0.940591614794384,-2.61010471837203,0.294206250858299,-48.58746349852,-0.473575872091487,-1.43599476533615,-0.163185014764699,-0.190802412638762,8.10779667076871
-1.78862849744009,0.174000268866362,0.184827075116241,-0.940539891805652,-2.60972572449754,0.293233404598932,-47.1650593889801,-0.446067901273182,-1.37423465261159,-0.152247634218939,-0.184726755660255,8.11444554407053
-1.78946822861432,0.174024422926558,0.1851725422308,-0.940533292552866,-2.60933872562154,0.29226440507625,-48.9202717850811,0.539400898061558,-1.21449523302903,-0.144097038692383,-0.182642087654545,8.02370288183739
-1.79028539499069,0.174046994643724,0.185513355319959,-0.940548043720376,-2.60897630058213,0.291304497591317,-46.4787052380894,-0.409605880515528,-1.12171460184223,-0.138250700434212,-0.189646857014848,8.06786282190928
-1.79106359218296,0.174092500644166,0.185850523015905,-0.940564941989176,-2.60867223946156,0.290368707989311,-48.2878835042557,-0.125744856210986,-1.23624387251874,-0.133763257395068,-0.193844623293241,8.02221818686055
-1.79178995663329,0.174186161711602,0.186188050214462,-0.940561510273302,-2.60845809453943,0.289476644803551,-47.5417620454546,0.312390786128617,-1.31908542026318,-0.14247488009437,-0.196155984597622,8.05520907390386
-1.79246279423959,0.174355225658126,0.186535536349996,-0.940513295542565,-2.60835398570249,0.288643586489074,-47.7600716709505,-0.373355369468527,-1.47575866664658,-0.154754323639976,-0.192396586001109,8.09281933740665
-1.7930862624176,0.17461140304338,0.186893829652263,-0.940403584128287,-2.60838234117216,0.287897365680612,-48.2015783528182,-1.17565598876422,-1.49182246736586,-0.163788444372194,-0.191106858545426,8.14096735547968
-1.79367114501154,0.174950941745243,0.187255795415375,-0.940225483992174,-2.60855719224418,0.287263543971905,-48.641247929931,-0.308469249225254,-1.51072312028811,-0.153098410407315,-0.196529779914811,8.20705970748807
-1.79423840054132,0.17536619629551,0.187614028743082,-0.939975344655984,-2.6088837176747,0.286767476160658,-48.2823335210712,-1.07890277407228,-1.43481278131171,-0.157493434649308,-0.192925019738908,8.22067483377705
-1.79480467320397,0.175828930542259,0.187949120592846,-0.939664706969581,-2.60936591975202,0.286430562641884,-49.5778915199746,-0.516799822783696,-1.32761022183476,-0.152894567267379,-0.19800941419981,8.22579894715539
-1.79538831760838,0.176313083932404,0.188244291481106,-0.939306496594728,-2.60999766088181,0.286261886654024,-47.991979329281,0.294501859229285,-1.23548206093875,-0.148372669004921,-0.20320028240691,8.28692301698183
-1.79600559768017,0.176772775718504,0.188470931847635,-0.938929941005062,-2.61077058365304,0.286266607937744,-49.9260423418968,0.0956156459676549,-1.26954926827139,-0.157377648599654,-0.189091964429463,8.21307039005305
-1.79667194703203,0.177167339893806,0.188605920347804,-0.938564855996609,-2.61166438972497,0.286432451534034,-48.0231937694319,-0.15187812818067,-1.34945586079743,-0.153687503789987,-0.186062076879475,8.24880096230477
-1.79739453615508,0.177468901792977,0.188634141815811,-0.938234516649863,-2.61265351244345,0.28673148209273,-48.8023196819239,0.499791312197658,-1.3519281464321,-0.152981538192511,-0.187483424416338,8.20203827140819
-1.79817079667398,0.177641410751351,0.188535682487643,-0.93797298411251,-2.61371579025221,0.2871320732341,-48.7273523850724,-0.779144170372092,-1.35649971624639,-0.151109131524817,-0.19397804634862,8.18369443928635
-1.79900742792772,0.177670889488526,0.188309091548376,-0.937802445374562,-2.61480651237789,0.287578318993848,-47.9996927793038,-1.22124500757036,-1.31011030467292,-0.14266504867517,-0.206068204500118,8.24445098624387
-1.79989954968921,0.177549455171734,0.187956917334454,-0.93774225751832,-2.61588970733457,0.288017800632131,-49.6287081828632,0.402436254453733,-1.32927909475779,-0.145096474129954,-0.211445989094466,8.26081874708762
-1.8008422957412,0.177285700393329,0.187493487666593,-0.937800366514976,-2.6169235637752,0.288389276212396,-48.9642357047205,-0.727429998730486,-1.51486103173488,-0.152889291384414,-0.207337740483737,8.33994491664364
-1.80183861270313,0.176897523691265,0.186940666105961,-0.937976623794769,-2.6178659494653,0.288639868518551,-49.4970658358466,-1.07323228550126,-1.53850647973249,-0.166666655016713,-0.198308852026587,8.35521548774676
-1.80288254509025,0.176411648590963,0.186326040349239,-0.938261845313215,-2.61868494643787,0.288723962340461,-50.4861416903617,-0.0955593015114573,-1.48635847363241,-0.168767144132102,-0.195772685961588,8.39367843878787
-1.80397519969022,0.17585681038774,0.185679082245293,-0.938641537869306,-2.61936005341716,0.288618490053529,-49.0567384160724,-0.638626575314674,-1.33819014800974,-0.164460038566435,-0.193653942442081,8.45801155920596
-1.80512179113592,0.175276722820501,0.185038090978019,-0.939083902337004,-2.61987461444067,0.288310434461989,-50.7353430316703,-0.419913392423041,-1.26892695218061,-0.160943435721908,-0.188823800302044,8.38418855152443
-1.80632203637229,0.174701728821563,0.184431170272281,-0.939563169602475,-2.62022829543479,0.287806167073271,-49.0151380428077,0.283459806172232,-1.27377285133915,-0.146311765390335,-0.193955451101264,8.42327541921565
-1.807574631151,0.174165177555276,0.183886527665071,-0.94004569264274,-2.62043039302048,0.287124057330332,-49.7911119991143,-0.20517326118761,-1.25591576256153,-0.14358967038983,-0.196936974459571,8.37383629302762
-1.80887635731502,0.173699679616203,0.183430652500739,-0.94049448003939,-2.6205045541245,0.286300847950992,-50.0739797165431,-1.45805193625665,-1.41825781207712,-0.152388311532261,-0.198829625017202,8.37635860783551
-1.81021956134901,0.173329311546902,0.183083068031774,-0.940876068387015,-2.62047968642299,0.285377536147631,-49.2228043394669,0.103141855739068,-1.36820636437508,-0.153750992311945,-0.20590482540302,8.46206288204337
-1.81158512662518,0.173067032273106,0.182853034599229,-0.941163362711617,-2.62040259161947,0.284410725604934,-51.1349301385425,0.710649405793902,-1.58707698434046,-0.16157135306352,-0.205411964252757,8.43285261950785
-1.81295281937976,0.172925932033465,0.182749429627407,-0.941329945644562,-2.62031287088389,0.283444462883418,-49.2270961320086,-1.0759276439212,-1.76564532428173,-0.165330667511778,-0.205592426132969,8.48947918513666
-1.81429694520782,0.172909768054458,0.182776010903416,-0.941360302929862,-2.62024698688668,0.282516348743458,-50.3885437763598,-0.629182894849009,-1.54836062988744,-0.157053179408262,-0.203609770179134,8.45569011070712
-1.81559221611528,0.173015737597716,0.182931261445051,-0.94124504799178,-2.62023640248786,0.281656594697424,-50.2548393967878,-0.284189067903071,-1.39235833467052,-0.152926578479127,-0.204534678979539,8.46781134269157
-1.81681051850598,0.173223532308906,0.183202408933611,-0.940991739398082,-2.62031280299535,0.280894150255906,-49.6185142509517,-0.915602615624721,-1.46180819467676,-0.153838799643362,-0.202908856905693,8.4779721637965
-1.81792904852822,0.173513459432227,0.183578646542182,-0.940613606488744,-2.62049157423096,0.280239034125967,-50.9573705293977,-0.81297638657179,-1.3396474931927,-0.158012266662203,-0.194638381784933,8.47223247124039
-1.8189269494797,0.173854783847389,0.184041333741565,-0.940135250588504,-2.62078336907854,0.279696389206395,-50.2126939690026,-0.417032218976374,-1.38739811890835,-0.156072844872125,-0.197258082522145,8.56380584951324
-1.81979514579342,0.17420820161463,0.184566321996505,-0.939589375657658,-2.62118869065086,0.279265783954794,-51.0331866149879,-0.12644394921881,-1.51156279690466,-0.164870745438045,-0.193310406713022,8.54623230577729
-1.82052921673095,0.174527780472046,0.185125287098163,-0.939016578258932,-2.62170465516459,0.278944006442794,-51.0097689610828,-0.596479751406832,-1.6367393198197,-0.165892132916934,-0.194426009604534,8.5589892460565
-1.8211344109126,0.174766598423467,0.185687729484286,-0.938460230601491,-2.62231898897106,0.278722630738396,-50.2527219744837,0.0936347474591912,-1.52212624835343,-0.155537797219944,-0.203806116753366,8.5945512174873
-1.8216192022108,0.174884312778023,0.186224547371497,-0.937957688972176,-2.6230216666762,0.278595835365367,-51.371935452996,0.0940842815841734,-1.5170324182119,-0.152157543671333,-0.209337738232582,8.52363423795414
-1.82199717641522,0.174840229234161,0.186704592995888,-0.937547478033665,-2.6238007129617,0.278557649602278,-49.9518345904426,-1.56855764182114,-1.46668027855506,-0.146966691143302,-0.20949079927542,8.53399775550575
-1.82229314719042,0.17461893149983,0.187111838841727,-0.937249081604351,-2.62463526957064,0.27859738216596,-50.7003061503128,-0.114671456124825,-1.35035352249207,-0.147711326484268,-0.214308799004424,8.54845421572228
-1.8225296146866,0.174214070996454,0.187434201439695,-0.937075674955309,-2.62551126327725,0.278709159040669,-51.2224613165318,0.689580955884821,-1.42496819647977,-0.153585926077618,-0.209010621293513,8.60454891226726
-1.82272678390978,0.173633854993991,0.187665102227192,-0.937028459071026,-2.62641388865432,0.278883075984732,-50.7928510148703,-0.745381791651425,-1.57690609223661,-0.163407488716767,-0.202184493027443,8.67852343342665
-1.82290292318286,0.172913869568284,0.187814601296068,-0.937088628176071,-2.62732476703528,0.279100934196544,-52.3495003793946,-0.968770169419031,-1.47076414674592,-0.172380193041074,-0.201591784892195,8.67660704744801
-1.82308094516685,0.172108036347761,0.187905902506055,-0.937225647553361,-2.6282184453063,0.279337030749461,-51.2637104596514,-0.0356199466370981,-1.49828590433953,-0.169243457476321,-0.200627349915871,8.72557200818543
-1.8232805044318,0.171287473027517,0.187972023507214,-0.937395382829529,-2.62907083119115,0.279565416621447,-51.3274939408737,0.169932688792642,-1.48571310612016,-0.166398752077434,-0.196339950149615,8.66500817349097
-1.82350944343242,0.170527427869057,0.18804764634238,-0.937550311885629,-2.62986460890006,0.279758111251955,-51.5299423193171,-0.230087613364049,-1.42134306659256,-0.156669345812424,-0.197534150165176,8.61420435510387
-1.82378070152483,0.169905397473979,0.188171507131902,-0.937642656136527,-2.63057268787602,0.279877958886665,-50.1653808919157,-0.851239383239545,-1.35331949241112,-0.150084161104413,-0.207145907629307,8.64636233900204
-1.82410043095749,0.169477248405392,0.188367422313554,-0.937638003729892,-2.63117917674255,0.279897138779558,-51.919477136234,-0.0649212786897806,-1.36883718806527,-0.154082781974041,-0.208147341969515,8.6074264016592
-1.8244660701704,0.169286380972201,0.18865233089641,-0.937509699611923,-2.63167935218762,0.279795650968514,-50.6280741519015,-0.843685082835691,-1.55080926101382,-0.158717123232593,-0.211061382271289,8.69884792278591
-1.82488266363271,0.169356202936245,0.189031745172302,-0.937244511032615,-2.63206083148437,0.279550287733196,-51.9778897406746,-0.244900606544206,-1.54208966453064,-0.169396261853636,-0.212712976011341,8.72644439596448
-1.82534314037106,0.169681131204907,0.189491166375017,-0.936846873075262,-2.63233033116602,0.279152792628295,-52.3010428442494,-0.784938285547014,-1.7288456680304,-0.174568107736115,-0.205966145944457,8.77584093950216
-1.82583988210213,0.170214221441296,0.189990496117859,-0.936350347470212,-2.63250452314491,0.27860975308328,-51.7388153360201,-0.672697856203285,-1.52077948353147,-0.171184516412191,-0.205473318433904,8.8121874664957
-1.82636473232112,0.17088755918203,0.190476881200432,-0.935799945310362,-2.63260978418494,0.277942427525326,-52.6624000805862,-0.584196296619439,-1.45938978291022,-0.168068133466036,-0.207665771220939,8.76685329626818
-1.82690384736045,0.171608289911851,0.190881945760124,-0.935257245164134,-2.63268121061173,0.277180420940348,-51.4102646154085,0.230451439043009,-1.4056587632532,-0.160077247697376,-0.208545620381298,8.78076613388568
-1.8274468760981,0.172284558864371,0.191139670101666,-0.934781125805129,-2.63275571609643,0.276360173648333,-51.7506859249141,-0.17917304343996,-1.34830003064272,-0.159053541381459,-0.207425123168419,8.74474481212215
-1.82798488366066,0.172819466172523,0.191182216177035,-0.934433578323021,-2.63287190751406,0.2755253378453,-52.499685839878,-0.482086562590894,-1.43228687458003,-0.160441404124443,-0.205232875158948,8.76389628034741
-1.82850856943242,0.173127869586603,0.190953247982652,-0.934269044014297,-2.63306903681062,0.274721757890978,-51.3538587750886,-0.287192597978219,-1.44114364542136,-0.164121656969456,-0.205699881339997,8.83264271605777
-1.82901696308132,0.173162472053731,0.190424655582606,-0.934315443316266,-2.63337474020387,0.273987046100536,-53.1632089582269,0.149720395810391,-1.5527134246951,-0.172498010211015,-0.206193764929712,8.79201268932393
-1.82951965107403,0.172901632076933,0.18959005984725,-0.934584423598865,-2.63379969123367,0.273345421324281,-51.5403962199464,-0.849377934625181,-1.59179683166087,-0.16943840774965,-0.21163871711873,8.85696765197775
-1.83003371220481,0.17237194137412,0.188478375149805,-0.935054880438429,-2.63434323010556,0.272814090718429,-52.4915118258434,0.308575789123324,-1.53590538359077,-0.165295859155104,-0.215405501993972,8.84447368166451
-1.83057738033595,0.171626650726578,0.187139591392624,-0.935687907040687,-2.6349952797388,0.272399019774813,-52.6894056206165,-0.583549772819651,-1.46597909012121,-0.159997782377478,-0.215671315566962,8.85700995628488
-1.83118174284944,0.170766399603688,0.185659668328553,-0.93641407369974,-2.63572268239537,0.272083988868147,-51.9499687699693,-1.4736252545938,-1.4249610559545,-0.15897872822989,-0.215744685251331,8.91143546248168
-1.83187590603017,0.169909400428473,0.184137752297829,-0.937150327103497,-2.63649143297801,0.271849856726993,-53.3483513893007,-0.141335959077651,-1.36376445683007,-0.161406052573355,-0.214698579239924,8.91033885874486
-1.8326932710249,0.169178021914519,0.182677630668587,-0.937811303483423,-2.63725595000365,0.271665108748245,-52.5806392661039,0.779505807361375,-1.44402700684523,-0.167323710372857,-0.207896122106623,8.96254381906469
-1.83366511433168,0.168703416955887,0.181388917182098,-0.938305371564915,-2.63796399281481,0.271486760764427,-52.8176151794722,-0.595059251239263,-1.48110452564993,-0.170772203045411,-0.201663237151645,8.95060750195103
-1.83481080710383,0.16859633002684,0.180365664085745,-0.938554192417867,-2.63857497715038,0.271278076838183,-53.6996292708077,-0.605236477904327,-1.46684886167472,-0.168399757693312,-0.204173744942937,8.96899022065667
-1.83614481425106,0.168931941331775,0.179677717288494,-0.938503517686783,-2.63904739547103,0.27099776663549,-52.3976818529767,-0.303535614730663,-1.38229369762803,-0.156026319799086,-0.209989638066558,9.01781730504755
-1.83766618585318,0.169745741162708,0.179365464111229,-0.93812485768486,-2.63935682761348,0.270615749759766,-53.7475537304564,-1.71196607869888,-1.45170279810381,-0.160648389242735,-0.213768215027081,8.94493406003214
-1.8393590033147,0.171022155589225,0.179432361287645,-0.937425604605032,-2.63949339248123,0.270109830267613,-52.4591179993585,-0.366126517071962,-1.6120516041311,-0.160229093715231,-0.220413858895928,8.98182660637985
-1.8411948774077,0.172700210277576,0.179848155185397,-0.936442775209332,-2.63946264336413,0.269472028328086,-53.1120106917656,0.194915311904651,-1.67634591075785,-0.162515242695177,-0.216430536778217,8.99287143555932
-1.84313515110286,0.174688779647437,0.180559981637007,-0.935234472795123,-2.63927573188992,0.268693352488588,-53.9046943597599,-0.240127066909508,-1.64069352386892,-0.167465678011638,-0.21466807833472,9.02884190543745
-1.84512860179935,0.176851098423728,0.181481832944139,-0.933890951973829,-2.63896602143356,0.267785882388869,-53.2485835677752,-0.130548798827476,-1.54267305309537,-0.173379642488694,-0.216670348564523,9.1163147849657
-1.84712239670204,0.179051025834468,0.182525603728739,-0.93249924211567,-2.63857361182845,0.266771565545624,-54.8173889091579,0.0313034908904228,-1.62670331449723,-0.17929792738602,-0.219324022825693,9.10454399812511
-1.84906133615841,0.181148257549848,0.183599288201526,-0.931152000091362,-2.63814232730905,0.265675366509759,-53.6827200986623,-0.225418446965023,-1.65242181153715,-0.177994011110865,-0.215699516716195,9.14458424013587
-1.85089795939394,0.183015627390321,0.184618056106434,-0.929932855804177,-2.63771364261781,0.264525123107806,-53.912350888399,-1.21687749824628,-1.49197073207031,-0.174114288983587,-0.210997961051579,9.12791986350046
-1.85258455157725,0.184555994861003,0.185515604800677,-0.928903101233022,-2.63733510064246,0.263356429089604,-54.4877538298948,-0.715750747068796,-1.38443393030013,-0.167309639768259,-0.210743418118169,9.13413164291825
-1.85408685180589,0.185706031457739,0.186247319593576,-0.928100637770311,-2.63704817807063,0.262204780357924,-53.2458334225504,-0.377979301918685,-1.45751832355447,-0.163538804014104,-0.212927686567702,9.19645086700531
-1.85537916713523,0.186427725403798,0.186783904241587,-0.927546628220269,-2.63689364049369,0.261112132954266,-55.1466425616636,-0.113426473003983,-1.68776900708514,-0.172263341400594,-0.211997239726348,9.13140234997115
-1.85645386757882,0.186737224057985,0.187131472502354,-0.927223100702089,-2.63689837533228,0.260111896554591,-53.6126490335685,-0.224117316360207,-1.63956727748766,-0.172039622302826,-0.217143876891471,9.18203102963344
-1.85730605331498,0.186668052814833,0.187305497365495,-0.9271022225463,-2.63708983271917,0.259241017308738,-54.554555487361,0.29855903288194,-1.61818863340082,-0.165010589487534,-0.217460760375966,9.16369487371436
-1.85794478833384,0.186278593155058,0.187335846302199,-0.927137759680903,-2.63748027940113,0.258522559126113,-54.7677313936007,0.109816375681703,-1.68960019453581,-0.167257200162619,-0.215561536829672,9.16987145948269
-1.85838750560125,0.185634672984733,0.187255271902247,-0.927279300316619,-2.63808339054824,0.257988285799064,-53.5192733483826,-0.607909671941115,-1.63391714587647,-0.164532045622499,-0.221939192767929,9.21693893526899
-1.85865283634509,0.184798129529041,0.187092632666744,-0.927482037234597,-2.63890770006276,0.257661468148885,-55.0753215488551,-0.132092197630755,-1.51605905184812,-0.168246393638916,-0.222756538523522,9.16975430569878
-1.85876822895059,0.183835193560815,0.186878834971959,-0.92770157836554,-2.63994404289575,0.257547114495337,-53.6169984229597,-0.960501724895266,-1.49246355009504,-0.171796399414967,-0.219684030014885,9.22053079517841
-1.85875642447861,0.182781754375564,0.186623136999637,-0.927916913745077,-2.64118806883607,0.25765305921727,-54.7728675042196,-0.381168009587554,-1.55600655127006,-0.173695950244062,-0.214754777285324,9.22821091341561
-1.85864500186168,0.181668905745915,0.18633320373396,-0.928114100970077,-2.64261772864014,0.257964340480601,-55.354016534904,0.479781698309353,-1.48651439865912,-0.175282316311845,-0.212450314549603,9.2867071447812
-1.85846201875386,0.180517339562557,0.186010415886659,-0.928291101040625,-2.64419992230991,0.258452919513595,-54.7096719290511,0.217751387793896,-1.51890676810157,-0.173120141771288,-0.213813129846431,9.34406059972915
-1.85823502266405,0.17933715211708,0.18565046759731,-0.928455949360356,-2.6458935715873,0.259078832890672,-55.8485006455277,-1.44684521264435,-1.60680980975525,-0.181717063081098,-0.219164112045549,9.30170564011078
-1.85799234925566,0.178125188375964,0.185243051972451,-0.928628698031547,-2.64764826502644,0.259789910396114,-54.6804862851886,-0.230249226304977,-1.59566040185189,-0.183926116986469,-0.221989417539478,9.34832966211669
-1.85776889648646,0.176892815037832,0.184791008144622,-0.928822611206409,-2.64940014741151,0.260522553782155,-55.1052411658528,0.592982351358387,-1.45987040863855,-0.173470941829897,-0.219239004216295,9.30174338645054
-1.85759948671896,0.175669592514495,0.184311938153195,-0.929038935500153,-2.65107774172871,0.261202127678896,-55.0560692677627,-0.716756622541197,-1.5921266930302,-0.170180963161214,-0.212985858701224,9.27541499303868
-1.85751734934455,0.174467242425221,0.183812722726059,-0.929289968047514,-2.65261990193025,0.26176895387885,-54.0371429555033,-0.248285919670025,-1.62439071931399,-0.164077532311699,-0.221868310247609,9.31553153505896
-1.85755310152918,0.173317857507306,0.183314296527753,-0.92957123711096,-2.65396696790841,0.262162577937261,-56.0050662588137,0.494625215599171,-1.60721808910517,-0.168243392068432,-0.2243162714962,9.27930035154453
-1.85773301279377,0.172253693035599,0.182838242558288,-0.929875223557254,-2.65507380690215,0.262338118718501,-54.2421189033853,-1.31434383032479,-1.86595712945385,-0.17537562450854,-0.219890726674,9.34306132285015
-1.85807929227523,0.171301326731899,0.182401432416247,-0.930192884440002,-2.65591652723502,0.262279507282322,-55.6170992631668,-0.131302155972435,-1.7186443853185,-0.178409523882365,-0.218775400513422,9.32772923270903
-1.85860086905314,0.170493301926371,0.182023552038742,-0.930505413690522,-2.65649009773913,0.261983595052238,-55.3365878523104,-0.673320979067057,-1.58504617057557,-0.175325152643108,-0.215647084078058,9.36955974721961
-1.85929848617295,0.169845539544629,0.181711519591173,-0.930801407065428,-2.65681498098559,0.26147563626166,-55.0474838650834,-0.759041232216305,-1.56892914414752,-0.175684019745321,-0.212651675389881,9.39025198233204
-1.86015788775611,0.16935479321948,0.181456934458063,-0.931077228002556,-2.65693399220731,0.260799416320139,-55.6869830552137,-0.513454034670758,-1.58020271735964,-0.177111632411301,-0.214930995775197,9.36057861616037
-1.86115059563973,0.169007983848444,0.181243941961068,-0.931332805737861,-2.65691014753518,0.26001216054959,-55.1363255577788,-0.315360818551426,-1.41227474638995,-0.172494603400692,-0.221260727334713,9.39896834699818
-1.86224414915189,0.168781182612321,0.181049649616729,-0.931573019578097,-2.65680918721457,0.25917305300418,-55.2519140027219,-1.21114231663296,-1.44533593331758,-0.172243219397403,-0.217663117937228,9.39362438672396
-1.86339504124564,0.168640288381436,0.180844681391353,-0.931807820741134,-2.6567071194356,0.258345858343631,-56.3337884732583,-0.813960100637587,-1.49104441559624,-0.170176512414075,-0.216164020211727,9.4372964528814
-1.86456170294728,0.168554217729807,0.18060388234358,-0.932045093987259,-2.65666946402951,0.257580398388568,-55.1710463112828,0.661668644884685,-1.49523483746896,-0.168753462297075,-0.222707510195241,9.51673001324448
-1.86570095900953,0.168488535328422,0.180302693394233,-0.932295084633188,-2.65675438222886,0.256916199980305,-57.1346860471848,0.841264444442004,-1.54551178594079,-0.178487054895156,-0.220469377336913,9.435719929497
-1.86678194564366,0.168418832545226,0.179927525874158,-0.932563398583342,-2.65699356292836,0.25636842764144,-54.8707094851768,-0.995438083805311,-1.54703409944415,-0.183080940895285,-0.21871118026103,9.45628602293013
-1.86777774835443,0.1683349344109,0.179478009861672,-0.932846320137875,-2.65740228400384,0.255935741875921,-55.8442060838647,-0.151938180688148,-1.65043093143473,-0.17118697616389,-0.21903742321042,9.40635807327585
-1.86867656693385,0.168246138151029,0.1789710437706,-0.933128184304952,-2.65796900579833,0.255593557780543,-55.5975105569294,-0.264922655826695,-1.56002018470701,-0.159017327142569,-0.221917478622391,9.41531772694877
-1.86948029964258,0.168163212470459,0.178428163321418,-0.933393928395169,-2.65866686468555,0.255312104152114,-55.491712398782,-0.497528285158069,-1.54804970087957,-0.163772960947079,-0.224533329975563,9.46518100871839
-1.87020067596123,0.16811383635517,0.177884318599688,-0.933617373751727,-2.65945182441055,0.255048007023192,-56.3113489255567,-0.337935087492269,-1.54410704939289,-0.176947461180066,-0.229799329961005,9.5221694699475
-1.87086600566766,0.168131490761092,0.177381730490002,-0.933769528777945,-2.66026228397868,0.254749354014267,-56.7339399738987,-0.374938245705835,-1.7110604619244,-0.181092968476729,-0.228428444019072,9.62383648692408
-1.87151058728875,0.16824865454438,0.176961278290328,-0.933821923902733,-2.66103834355497,0.254373430357967,-56.7071674597963,-1.30970620475296,-1.82573286154496,-0.194925186982301,-0.219338551996507,9.65644035998889
-1.87216078066281,0.168474623991664,0.176647009842513,-0.933762203097445,-2.66173729360347,0.253896398863161,-58.1292958256424,-0.158011980480524,-1.75864074153847,-0.192234383272012,-0.215049490974937,9.66880150841855
-1.87285664979054,0.168820372466568,0.17646368728821,-0.933577696826962,-2.66230976217953,0.253296723017828,-56.0789548456522,0.271746098810354,-1.5273727718253,-0.177888499271077,-0.219500096379263,9.71656011858134
-1.87362492113642,0.169282263741771,0.176423634322784,-0.933265277516723,-2.66272960366756,0.252572671466183,-57.9336258788408,-0.675463551016492,-1.51516073173104,-0.174019535462754,-0.223577400883508,9.57264833074213
-1.87448936586913,0.169837217432718,0.176523098285498,-0.932836772628591,-2.66298064798739,0.251732029502997,-55.411924026417,-1.20495165999182,-1.65415663723752,-0.168635461930772,-0.227923985454714,9.58074308481977
-1.87546256609594,0.170453680335577,0.176750613180278,-0.932311393817558,-2.66305875047588,0.250789023621499,-56.6219318766748,-0.236564367419533,-1.54710714967464,-0.161009538907699,-0.227460073302922,9.54320190223575
-1.87654961029892,0.171090497674397,0.177086109511305,-0.931717875130089,-2.66297125261357,0.249764422791296,-56.7915454990962,-1.43572294460046,-1.4605864343032,-0.166510308953238,-0.223982327705917,9.58288163400248
-1.87774756432396,0.171710133916172,0.177509551497989,-0.931082977349843,-2.66273244559995,0.24868099550113,-56.4296779709279,-0.774678295207423,-1.73949730965353,-0.172153292792981,-0.228116274677513,9.68560570889392
-1.87903968252849,0.172278708833596,0.178001179234557,-0.930432746608349,-2.66236776621886,0.247563932866864,-58.5250238080354,0.987900606139192,-1.81476684495448,-0.186634901063502,-0.237297891480299,9.72321224457484
-1.8804032540055,0.172754557313696,0.178534088509545,-0.929801581865354,-2.66190780183194,0.246438625458124,-57.008761097168,-0.262201029835296,-1.77163218260623,-0.195610511949922,-0.230832567095416,9.80561499144201
-1.88180516376635,0.17310480263741,0.17908464118935,-0.929217802375112,-2.66139328448679,0.245335982399156,-58.0927434473548,-0.31368421308207,-1.70127127726832,-0.192337604235903,-0.224974936527952,9.75093635199543
-1.88321336067739,0.173313544775445,0.179639465102536,-0.928699091013671,-2.66085740470402,0.244275029450976,-57.6570895602623,-0.32320674322682,-1.53165507153622,-0.182820166988651,-0.223158066196602,9.72750194976642
-1.8845933503412,0.173371594676039,0.180187386987427,-0.928260023310304,-2.66033288169719,0.243271430903428,-56.6048125983449,-0.618132535388668,-1.47785750160565,-0.173440785711503,-0.220779968121484,9.69928767624303
-1.88590733499015,0.173267865949128,0.180712077408243,-0.92791406560835,-2.65986392897512,0.242353974961804,-57.7355903924525,0.194798173552272,-1.54136963511883,-0.173080959245085,-0.21804722358297,9.63419237771261
-1.88712179663914,0.173007276401919,0.18120559178099,-0.927663894961358,-2.65948936602043,0.24154305043915,-56.744702998048,-0.127143577534298,-1.49907113401977,-0.170890338330703,-0.22981820651244,9.71303643087654
-1.88820865171281,0.17259616888659,0.181657735033779,-0.92751057604159,-2.65924622757789,0.240861559616986,-57.9473526113074,-0.516432779686284,-1.69104689739621,-0.178754929225229,-0.232502826296668,9.73822951621165
-1.88915228413183,0.17204194524962,0.182057229027461,-0.927453070058873,-2.6591644929448,0.24033062410309,-57.9447142055503,-0.985197768922035,-1.83940431526827,-0.182286651808146,-0.232101938064167,9.78849912721031
-1.88994376023943,0.171364113780395,0.182398610552085,-0.927481081676503,-2.65926653131188,0.239963217987216,-57.7611431817805,-0.790193967829282,-1.72533787800779,-0.183347435514236,-0.234315163232363,9.84452939282863
-1.89058371578879,0.170570075233498,0.182666321930382,-0.927593313031114,-2.65956978737709,0.239772806966096,-58.6675418065117,-0.48204790255113,-1.86583823082722,-0.184187931341699,-0.235533132854993,9.8531049960395
-1.89109208954739,0.169693518346275,0.182862674834343,-0.927769494185775,-2.66006783350558,0.23975245191127,-58.3524834837707,-0.386916042121129,-1.66275764404571,-0.182222077750129,-0.235930721176903,9.90249143636587
-1.89149192572712,0.168771136560267,0.182991836126979,-0.927988192678298,-2.66074831908358,0.239890676404823,-58.2554488707087,-0.265530788590695,-1.49551840528429,-0.184833013133158,-0.232594260691623,9.90049505202296
-1.89181614207218,0.16783769900911,0.183058048748685,-0.928229747811368,-2.66158398142553,0.24016243085322,-58.9847527477523,-0.426459986143755,-1.67810183502115,-0.183118664367196,-0.22314518239168,9.87831815667356
-1.89210557769333,0.166945951731257,0.183079231392376,-0.928463297563968,-2.66253004642815,0.240526557532029,-57.3551786661929,0.522821476354466,-1.58692327081133,-0.178354167041749,-0.216491201873607,9.90442089530259
-1.89239427438464,0.166143772582442,0.183071531734755,-0.928661406628218,-2.66355104681726,0.240951554656086,-59.4368269244747,0.507361011075773,-1.55023750011054,-0.180250490082094,-0.215814012420248,9.82242898877704
-1.89272912984912,0.165499322910582,0.183069831397874,-0.928782667672434,-2.66458355636443,0.241380404808963,-57.6002066362063,-0.375620965940243,-1.58240031704307,-0.175965822788793,-0.22604643569488,9.89606666724008
-1.89313827757083,0.165058395247047,0.183094960428326,-0.928801827216702,-2.66558109997196,0.24176871588848,-58.4597345956514,-0.323607762229585,-1.62026721100159,-0.171596207374621,-0.234756861375365,9.88321551591165
-1.89364176045774,0.164863817388024,0.18316901077999,-0.928693904608152,-2.66649995300956,0.242071398792217,-58.809975350252,-0.677704806082374,-1.86099819471465,-0.17529693190244,-0.237864063249165,9.89074985584323
-1.8942466418238,0.164949204775771,0.183309909151595,-0.928439207454588,-2.66730760268006,0.242251466810343,-57.9209180251336,-0.52519775641963,-1.79437217365512,-0.179741357599528,-0.238535696668255,9.953003005387
-1.89494535912247,0.16532121955416,0.18352032916228,-0.928036070647329,-2.66798835689863,0.242286887960334,-59.5139941256974,0.0315829895725983,-1.79163657818239,-0.187121395904723,-0.235753844577502,9.95196697225052
-1.89572576143775,0.165969137460555,0.18379343513736,-0.927491632661778,-2.66853291487579,0.242160981151686,-58.5093191503388,-0.134440533196084,-1.78991372321661,-0.192784884305558,-0.233863967649701,10.0204572641161
-1.89656130123845,0.166852476756675,0.184104536738388,-0.926832491744441,-2.66895526739288,0.241881905894363,-59.3017210272957,0.0143405398168852,-1.68735877697404,-0.195939942530028,-0.233021408482304,10.0179437141031
-1.89742626581175,0.167935032436976,0.184433849667576,-0.926080384166817,-2.66926814852134,0.241453488223034,-59.6624065706342,0.0878702216971305,-1.65081310863386,-0.188082788826708,-0.229811880089672,10.0425722715376
-1.898292282236,0.169147689824423,0.18474123523067,-0.925277926569197,-2.66950096379756,0.240902051913033,-58.7789505189493,-0.304643174396915,-1.51902806298267,-0.183834201885382,-0.230481494833734,10.0714114404052
-1.89913845034364,0.170410937271224,0.184982303821338,-0.924473840706339,-2.66968561262789,0.240261393596313,-59.9936106731631,-1.17655179094004,-1.57282255552326,-0.188092001770757,-0.225583527512887,10.017737764907
-1.89995515109072,0.171654999148878,0.185121289636357,-0.923710766868091,-2.66984324625396,0.239557701246273,-58.6450704903347,-0.111931555811907,-1.55172235698382,-0.182368098387127,-0.233344189243616,10.0737736565358
-1.9007336844399,0.172792103400687,0.185110275802568,-0.923043320792259,-2.67000854107959,0.238837534189718,-59.463315763561,-0.138665171793718,-1.72156148749542,-0.183057257723295,-0.236671118504059,10.0531571015857
-1.90148391080946,0.173769025254639,0.184927529290537,-0.922501584784058,-2.67019942998366,0.238135063396662,-59.712111781172,-1.13586778346189,-1.88411001434983,-0.190300136821484,-0.235973330343446,10.058234467229
-1.90223233020176,0.174552962682177,0.184566907757384,-0.922102460782013,-2.67042148803156,0.237479959805858,-58.8220772370936,-0.0900779068824704,-1.70147030218553,-0.186600545809623,-0.24323818982242,10.1253980261486
-1.90300463375671,0.175114821383317,0.184023088063934,-0.921859672394561,-2.67068347320217,0.236906265698296,-60.6051565149353,0.774809205542851,-1.72514192039688,-0.186922903720513,-0.241963929536684,10.094744956965
-1.90383000685164,0.17545492014518,0.183310724733865,-0.921768431991494,-2.67098702480102,0.236437859124168,-59.067886961988,-0.939410664152092,-1.8724752963339,-0.189454898675647,-0.241353505441794,10.1459407787628
-1.90474085472773,0.175600169978612,0.182461455551065,-0.921805828984292,-2.67132217840996,0.236084777910755,-60.0890062366609,-0.492166685586881,-1.70624116139808,-0.191603025753218,-0.236896913713816,10.132873116189
-1.90575539563818,0.175573244045338,0.181502317942298,-0.921952032003538,-2.67169038751289,0.235861947703797,-60.4833418933174,0.205974510389751,-1.63185854211906,-0.191041212441708,-0.231456658608033,10.1609720007466
-1.90689101854087,0.175424891290876,0.180478323127139,-0.92216774512831,-2.67207951118682,0.235763397703745,-59.3611263330038,-0.0816050053470008,-1.65035140427594,-0.189636222369961,-0.227414236296871,10.1912824557692
-1.90814685915374,0.17520965693565,0.179434759042882,-0.922409827574279,-2.67248830358835,0.235783713821492,-60.8084546232641,-0.32021749210503,-1.73684884176828,-0.187886994771217,-0.225311912496648,10.1415538269552
-1.90950978562587,0.174972097442649,0.17840880832623,-0.922643021111973,-2.6729144346428,0.235905731957538,-59.3511475651693,-0.423106478884847,-1.61339000231891,-0.185192681127583,-0.231772975276063,10.1919617390109
-1.91094932330022,0.174744843776656,0.177428662984935,-0.922840771377463,-2.67336177205017,0.236108636048882,-60.1773458158837,-0.494951716339529,-1.67090359345687,-0.18244615172661,-0.235000343196903,10.1489532556833
-1.91242219807681,0.174550668416059,0.176514725346457,-0.922983385019726,-2.67383893824339,0.236367799916836,-60.1063255170967,-1.54293291134013,-1.7864345556666,-0.186807487990384,-0.242295509976518,10.1637283846321
-1.91387761179257,0.174386969466329,0.175670731598194,-0.923068806184866,-2.67435878491097,0.236660058811141,-59.8638260455549,-0.197732734568035,-1.75645347106956,-0.184577576959458,-0.2441570825739,10.2241000605812
-1.91526111992565,0.174242582003655,0.174894204759091,-0.923101104749011,-2.67493292013169,0.236958819590504,-60.9441952757599,-0.236006058093835,-1.95512816066866,-0.189256416384275,-0.243951240692196,10.2241876762967
-1.91651775468775,0.174081824228274,0.174167569705485,-0.923103180750443,-2.67557822806123,0.237244912752855,-60.2862053150477,-0.884065448838555,-1.89278880994198,-0.19079208090398,-0.241139450012999,10.2785581150574
-1.91760481630807,0.1738725140865,0.17347674800472,-0.923096570331841,-2.6763019696451,0.237498205723749,-60.8155678923573,-0.110529321083277,-1.88155899885373,-0.199692371451037,-0.236382481956551,10.2920461885164
-1.91847729716984,0.173561368084952,0.172793826133137,-0.923118686907442,-2.67712312334549,0.237714398679824,-61.4546827393762,-0.152897671900973,-1.79967451304486,-0.19923802529913,-0.236363220022493,10.3266075861319
-1.91911255933656,0.173101144165514,0.172095659441969,-0.923203279564753,-2.67805155931649,0.237895284300007,-60.5572934662781,-0.110085766782504,-1.79059761848603,-0.193509633026391,-0.233359396407211,10.3792865778148
-1.91950171746175,0.172454182961449,0.171366023428074,-0.92337963480248,-2.67909029165026,0.23804547830242,-61.8145178705224,-0.276743758888188,-1.78027905313519,-0.197659087266867,-0.23098420995416,10.326260820178
-1.91965941869125,0.171595111535234,0.170596812029237,-0.923670582116431,-2.68022801786183,0.23816843336855,-60.552764225557,-0.380842969359037,-1.77775232717349,-0.187920556743404,-0.234846789218764,10.3449554976794
-1.91961417542589,0.170526275368266,0.169796931001989,-0.924080000756666,-2.6814472367399,0.238268904281997,-60.7279433523241,-0.717113995377986,-1.73294014108609,-0.186093385980219,-0.238202736885437,10.3346433012028
-1.91940614823575,0.169256975861245,0.168977857154967,-0.924607980602228,-2.68272678098728,0.238355016068807,-61.6199014022578,-0.542877024676727,-1.69119736589508,-0.185568113119521,-0.243208649990712,10.3623233716325
-1.91909203910583,0.167823075225545,0.168165572352338,-0.925235789169659,-2.68403429320598,0.238429098452111,-60.7922908323844,-0.398622587497812,-1.68756774093549,-0.181461178609973,-0.249754907055315,10.4597635979447
-1.91873601849485,0.166287655325149,0.167401570707789,-0.925926528248548,-2.68532815931478,0.238485673898937,-62.7497525640575,-0.804060595452256,-1.89582495420149,-0.192664123140655,-0.249494281547869,10.464798160709
-1.91840301241601,0.164716086350801,0.16672488959489,-0.926641921009364,-2.68656633169627,0.238516860844375,-61.534582309579,-0.102927075229445,-2.00566856373123,-0.195772040862406,-0.246107758696668,10.5404706384374
-1.91816326845314,0.163187874687996,0.166180642328919,-0.92733283582846,-2.68770143924548,0.238508645828328,-62.0059766683849,0.0373744140570125,-1.99774837215276,-0.198167315901234,-0.239242483786474,10.5093124333603
-1.91807618510112,0.161777230927492,0.165807014523935,-0.927952069081773,-2.68869083309367,0.238442545017682,-62.2554323327241,-0.0592559223455282,-1.68416249711842,-0.196978291610656,-0.232158067586142,10.4586939729121
-1.91819343408047,0.160562328618958,0.165642074708799,-0.928449046159134,-2.68949466806823,0.238297078018815,-60.6182847986599,-0.640254611786077,-1.73838202651311,-0.188843269565686,-0.237123887636674,10.4895927556491
-1.91854637773984,0.159595449260775,0.165703390046266,-0.928789338575173,-2.69009091162775,0.238059391072248,-62.7279934508243,-0.0792383855591652,-1.59909757262002,-0.181638607415491,-0.243924760785443,10.4474794961142
-1.91915650483159,0.158917456433399,0.165999556139315,-0.928944590664276,-2.69046255330186,0.237712808416825,-61.2700763515001,-0.204297728538222,-1.64987654803957,-0.184708798196016,-0.247328775286472,10.5506999522811
-1.9200214344379,0.158548953493605,0.166524501118309,-0.928897793526741,-2.69061301122678,0.237252974791154,-62.8341102427951,-0.900784984843312,-1.75063139319869,-0.193933134438153,-0.246368725597568,10.5551021503246
-1.92112267237506,0.158485800666162,0.167255888791007,-0.928647306271261,-2.69056421399685,0.2366898168302,-62.7319440701846,-0.853958277463107,-2.04020585134148,-0.202260386600125,-0.242210368878718,10.5870842372636
-1.92243004642659,0.158697034596103,0.168154194278502,-0.928210064834616,-2.69034829498345,0.236037681472463,-61.7686868333452,-0.56493355482371,-1.90964614318446,-0.200739672866788,-0.240895314882561,10.6077670244718
-1.92389821994837,0.159132250910218,0.16916808535523,-0.927616614911001,-2.69000850557845,0.235318205587364,-63.0809771245883,0.176762154858125,-1.93824601273892,-0.199009909434003,-0.242377617518021,10.5371077062458
-1.92547769306681,0.159729871886527,0.17024124395855,-0.926904765482553,-2.68959313295078,0.234557367493095,-61.4661103876746,-0.281509872661445,-1.94712089566056,-0.190436500691172,-0.249229219821218,10.5680807581283
-1.92710954322212,0.160419290371855,0.171312680906443,-0.926120155077468,-2.68915954427569,0.23378582373668,-62.5567508026938,-0.317216936015484,-1.65570465175867,-0.187794511305591,-0.255558154006344,10.5509931954796
-1.928735525329,0.161118320406241,0.172316716526538,-0.925319393574344,-2.68876539972116,0.233036697663398,-62.6383480330641,-0.179968519332988,-1.72892600821396,-0.189979959109603,-0.2522507745362,10.6022630656865
-1.93031148808493,0.161755555907235,0.173199064445223,-0.924554481233293,-2.68844650560354,0.232325680822059,-62.5040166647463,0.0515436398975453,-1.77334157714401,-0.199647187933687,-0.244185587455643,10.6660357345146
-1.93179493329343,0.162272548705342,0.173915274379519,-0.923871729881493,-2.68824249243184,0.231674234948153,-63.5759539652429,0.54665205115748,-1.88477170687403,-0.211019795748911,-0.235197110412269,10.6643968877609
-1.93316510965759,0.162639954514591,0.174445028281939,-0.923298875701277,-2.68816375088344,0.231080779753917,-62.6380493654685,-0.432597057040311,-2.00817153724725,-0.209584006303554,-0.23539528346774,10.7098012488568
-1.93441483085538,0.162833074980765,0.174773536399468,-0.922863661013396,-2.68820899491836,0.230538943630031,-62.8620735567271,-1.08645680870541,-1.98893793817308,-0.203948624068611,-0.243635279000985,10.6868527220519
-1.93554286057059,0.162849500464308,0.174902280159263,-0.922579054161244,-2.68836533417037,0.230030419009844,-63.3258781541231,-0.453023367781498,-1.7750120591987,-0.191601956484302,-0.251044995797791,10.6688891640874
-1.93656586140928,0.162719048590807,0.174856486771605,-0.922434723702418,-2.68860369303455,0.229528049608958,-62.0312189817138,-0.66822985999147,-1.56186044530943,-0.182473293459429,-0.25471426419388,10.7171255713576
-1.93750375253883,0.162469885895483,0.174662807060838,-0.922420820647069,-2.68889563174288,0.229010136101179,-64.23382793292,-0.277904247355309,-1.75984471742558,-0.18987747302333,-0.251481357169823,10.6911963939606
-1.93838895682203,0.162154878610086,0.174365120039876,-0.922507077485464,-2.68919861347336,0.228444094721836,-62.5652712528144,-0.138406381437335,-2.02689548865084,-0.199871252179542,-0.246245907530139,10.7674285578739
-1.93924921467358,0.161826557198014,0.174006801828778,-0.922657954026994,-2.68948278791844,0.227814124768078,-63.824570821575,-0.764611567393558,-1.97059948974572,-0.206948647970842,-0.234530269628661,10.7253317894268
-1.94011184720205,0.161543797615893,0.173636086895252,-0.92282768345548,-2.68972049795329,0.227106082864243,-63.1479476059278,-0.438877881181043,-1.95909070282903,-0.202843757229952,-0.23627954502473,10.7039902532205
-1.94099087471519,0.161342918993156,0.173284630362605,-0.92298185024321,-2.68990111165245,0.226320497950459,-62.5068082079801,-0.45287861347083,-1.78899690527825,-0.186650017996567,-0.245808983558896,10.7029184574381
-1.94189990670908,0.161257772772005,0.172982417168177,-0.923081998615234,-2.6900209815509,0.225467809741861,-63.5233120699941,-1.00008915633384,-1.52444196231497,-0.180735805989476,-0.252223616239336,10.6872084176662
-1.94284658239307,0.161319151212541,0.172759081353488,-0.923090649816532,-2.69007902243237,0.224558328165152,-63.0105827730458,-0.894744715747493,-1.58327856757674,-0.183256119942782,-0.25971060425557,10.7826603888791
-1.94382135531208,0.161524369678646,0.172619400292928,-0.922992257162041,-2.69009577102181,0.223621131515717,-64.0252377205306,-0.603304663019117,-1.68344743543005,-0.198394532417162,-0.257075272480318,10.8240901142783
-1.94480468633844,0.161854779559657,0.172557713437419,-0.922782543089266,-2.69009950182831,0.222687081199917,-64.3631576036674,-0.161571708758402,-2.0426483894812,-0.214639138391149,-0.243525120601318,10.8531799278668
-1.94578559173782,0.162291889078107,0.172570831059534,-0.922459880813349,-2.69010932058117,0.221781643471776,-63.4818978447536,-0.248017147976952,-2.02030204507878,-0.214114269519664,-0.234528102419654,10.8781890701179
-1.94674444193964,0.162796281294102,0.172640350111374,-0.922041420548701,-2.69015089200319,0.220933690679439,-64.8371707226161,0.282117739930527,-1.83316455638445,-0.208303063858182,-0.235257424958497,10.8306913089529
-1.94766797291731,0.163327658271808,0.172748613345584,-0.921551309766162,-2.69023725140691,0.220158524358886,-63.5118772040712,0.456244409238707,-1.75131354651839,-0.188374618368076,-0.252540447512513,10.8786105109155
-1.94855288635841,0.163849551139355,0.172881489458312,-0.921016928301182,-2.69037075251205,0.219464436189937,-64.0432059803833,-0.611066538255272,-1.68081046068502,-0.183019708966998,-0.265381866174725,10.8516618139164
-1.9493949974284,0.164316545384948,0.173017714029771,-0.92047663653704,-2.69055044254103,0.218852301266862,-64.1339142178756,-0.706871780577558,-1.72954607162967,-0.19059221883369,-0.256254653261935,10.8573055308718
-1.95019928486137,0.164686635942489,0.173138108354295,-0.919971433732152,-2.69076345405259,0.218312117598816,-63.4266209542055,0.0690722745930543,-1.80926144919542,-0.199762599322068,-0.249720430632134,10.9111260984537
-1.95098541753564,0.164942889753836,0.173239237360099,-0.919526653683078,-2.69098210682618,0.217823433074825,-65.15016589109,-0.412965431411521,-2.07595582916406,-0.21088261482667,-0.237684311502099,10.8925347842565
-1.95176731829261,0.165069201692877,0.173315587674945,-0.919167384148293,-2.69118201163197,0.217361917096808,-63.9978372410316,-0.604094899042366,-2.07831688937904,-0.209214564124607,-0.241236361845215,10.9556419197667
-1.95256352469533,0.165066454813904,0.173371160326585,-0.918905409310041,-2.69133525116451,0.216900285269208,-64.4931944949037,-0.323510949805495,-2.02703695296722,-0.203372974268226,-0.251259689592011,10.9529858212549
-1.9533864045213,0.16494322408616,0.173410806108509,-0.918744072330393,-2.69142372450893,0.216416970324901,-64.869315785917,-0.380469721951158,-1.78512221954719,-0.195287405794355,-0.261872955454273,10.9572442599187
-1.95424155603032,0.164712545686284,0.173439272220365,-0.918678010476876,-2.69144172385582,0.215899617591202,-63.7766910451238,-0.550046741806909,-1.65287753163796,-0.187663466969011,-0.263122305051124,10.996855741816
-1.95512698881126,0.164402579360093,0.173469467434934,-0.918686791227561,-2.69139074220013,0.215338724580211,-65.7632459449201,-0.473236115520876,-1.78867391117063,-0.197074146474715,-0.252044549890514,10.9758489668574
-1.95603105065761,0.164043509623503,0.173512703121261,-0.918744071235026,-2.69128390087923,0.214730939517311,-64.3966456827791,0.227884268470916,-1.92290051820231,-0.204645798168213,-0.245431025760936,11.0706236895282
-1.95693198353373,0.163669563388745,0.173580906461321,-0.91881614302296,-2.69115183706912,0.214089879966624,-65.4841195823488,-0.178601109338388,-2.09280532712791,-0.212452829931529,-0.238092774984917,11.0449443864712
-1.95779869256776,0.163310123296416,0.173682278723544,-0.918871501146543,-2.69103437306389,0.213436069353559,-65.3272146247753,-0.651833993200171,-2.1782075500432,-0.210594066854348,-0.247702326623719,11.0174661258301
-1.95859399357962,0.162988298283381,0.173820602086909,-0.918880924813066,-2.69098192551662,0.212801164137747,-64.0221649621166,-0.400505411629183,-1.96637978081586,-0.193835314786518,-0.257153542247562,11.0146886553247
-1.95928079878122,0.162728576960063,0.174001565708014,-0.918817115890171,-2.69104095060606,0.212214630889232,-65.2647834578179,-0.651352951771969,-1.80405976790524,-0.184032482094001,-0.258007402750799,10.9509063962414
-1.95983083598355,0.162526472664737,0.17421286289858,-0.918675626242783,-2.69125317992016,0.211710278114323,-63.9580878340785,-1.17901769188597,-1.77475872600274,-0.187504814354427,-0.258011923029487,11.0061028802054
-1.96023060725106,0.162391140553381,0.174454187346386,-0.918447221251191,-2.69164296411112,0.211311991894529,-65.3266291620091,-0.922656442623747,-2.09620211342673,-0.201588552904369,-0.260075078749644,11.0426398554048
-1.96047073644778,0.16230486638445,0.174708430863671,-0.918146624450972,-2.6922278258131,0.211040471547501,-65.7672649726872,0.473829914317776,-2.17533372531037,-0.214936298893305,-0.258131009399788,11.1401060799046
-1.96055677883477,0.162246055542409,0.174956095894202,-0.917794249295774,-2.69301002949911,0.21090837278628,-65.7798010714566,-0.575460038186066,-2.07978127518135,-0.223023805314883,-0.255046603391823,11.219154185968
-1.96052226122014,0.162196531414686,0.175183037056759,-0.917413297621707,-2.69396130439827,0.210909758285295,-66.4916818671047,-0.512314639227043,-2.15838562685823,-0.224354555296942,-0.24944331523549,11.2078590704115
-1.96040722695668,0.162124717456821,0.175365652119001,-0.917039921631813,-2.69504372027161,0.211031217959896,-65.7593634537842,0.197912311634127,-1.88655335335019,-0.207265772373689,-0.25378390457826,11.2143059585266
-1.96026894168433,0.16200777609012,0.175485660322981,-0.916706039273101,-2.69620099611874,0.21124516624715,-65.691994896806,-0.515844506712483,-1.63716887281734,-0.200050736320613,-0.258481672643634,11.1658179084221
-1.96017104629869,0.161821997721042,0.175524153586363,-0.916443366302432,-2.6973662532379,0.211512592271558,-66.4216666687162,-0.134638378884574,-1.86332829564006,-0.19873186881429,-0.262700414194196,11.1484581318007
-1.96017305811217,0.161554693221551,0.175467098901558,-0.916274206318159,-2.69847988507143,0.211799399564794,-64.7077488479558,-0.0759534149699448,-1.80217107199499,-0.199213935174093,-0.264046220390623,11.2291950406734
-1.96032935209968,0.161205945743056,0.175307919487129,-0.916209213994816,-2.69948875939791,0.212073284715938,-67.4146582064481,-0.246630879616305,-1.92200906081118,-0.206070197912235,-0.253206998184958,11.1856737809229
-1.96067746166333,0.160774221326119,0.175037469052373,-0.916259061050289,-2.70034831736635,0.212296169397127,-65.1907187217838,-0.724647875278379,-2.11086658691505,-0.211032287780144,-0.250937256011759,11.2603994298664
-1.96124945793229,0.160276627572024,0.174659686426294,-0.916416409568172,-2.70102427106896,0.212439689706026,-66.5194227063763,-0.214887127624252,-1.97154849623507,-0.205276722183903,-0.253156416632059,11.2231306816907
-1.96205215301321,0.159746216951847,0.174189351942317,-0.916658009065045,-2.70150651230426,0.212488159219647,-65.9057872790536,-0.293006183261014,-1.920357451721,-0.19755654543784,-0.261236845419478,11.214252574352
-1.96307164369522,0.159206728725362,0.173635526784638,-0.916964765507941,-2.70180895989793,0.212442269797066,-65.2646253449668,-1.16440659167483,-1.77532334548272,-0.195078533016263,-0.263081761375612,11.226721636949
-1.96428070400244,0.158695726138932,0.1730189462913,-0.917305624503146,-2.70195563659132,0.21230667409258,-66.8167438779891,-0.314923412953249,-1.81320228817111,-0.196539486180422,-0.262238165117889,11.244340599334
-1.96564235337205,0.158251781149042,0.172364553248815,-0.917647478330254,-2.70197532451433,0.212087821966475,-66.1325226642555,0.493314393145511,-1.76627544985178,-0.198349499302055,-0.261091029042102,11.3524901794075
-1.96711013044353,0.157909071643382,0.171697162913039,-0.917957875735216,-2.70191342986897,0.211809677409043,-67.2392420348488,0.214587626294133,-1.98415898103985,-0.215593566649168,-0.24756655921291,11.3324950582839
-1.96863656699083,0.157705937631369,0.171048209437574,-0.918201475470038,-2.7018077466352,0.211485666678306,-67.0430931888829,0.30624226578766,-1.96844193716319,-0.221665382872657,-0.244990472274041,11.3331935724089
-1.9701796106973,0.157666347099489,0.170442529507536,-0.918353515909976,-2.70169128507838,0.211131089909587,-65.9252596108461,-0.0619114993119183,-2.05180432410799,-0.210678804397205,-0.251839398325387,11.3228961929455
-1.97170665345271,0.157813983808586,0.16990735455341,-0.91838818001061,-2.70158747314524,0.210755534422036,-66.8743813940116,-0.181558341739674,-1.85148485144063,-0.198512160468762,-0.258581518641427,11.2647007543718
-1.97319358701676,0.158167038661247,0.169468601070078,-0.91828417118754,-2.70150664719285,0.210358923278522,-66.1572995003897,0.00677065161517021,-1.67014709988609,-0.185556836588066,-0.270522072680053,11.3373523513153
-1.97462916041392,0.158724005300966,0.169139354252323,-0.91803422880107,-2.70144974484189,0.209939413325381,-67.0505919724473,-0.0383235646579578,-1.97677354154237,-0.195305404019808,-0.277753614791555,11.3898329110252
-1.97600612766881,0.159468365993082,0.168922236265093,-0.917641668404681,-2.70141260819801,0.209490023859951,-67.9376244320414,-0.789560562778433,-2.19599102659359,-0.216570378811388,-0.268544327069533,11.4505577074709
-1.97732718117362,0.16037477607393,0.168812902516259,-0.917116465150454,-2.70138256055298,0.208998322061142,-67.0388748456356,-0.0150853420957446,-2.36038224558044,-0.232807971887797,-0.256281289358819,11.5175307119408
-1.97859395588093,0.161397182894297,0.168792744010968,-0.916482669713171,-2.70135530514244,0.208463181500538,-68.9222945014264,0.435576924350244,-2.14796464957993,-0.233721999044856,-0.251343544237628,11.4716373529345
-1.97980631143319,0.162478261498515,0.168833030710079,-0.915774376973706,-2.70133007612937,0.207885116532061,-66.7491104942363,-0.199616391761992,-1.88934173226295,-0.218312201119776,-0.253345685184586,11.4895309562823
-1.98095468424584,0.163544861272617,0.168891769959441,-0.915037455759522,-2.70131737292037,0.207271954226691,-67.5991677015907,0.0170861883232192,-1.79538614514138,-0.200117020716465,-0.256745821203324,11.3932868268485
-1.98202784131568,0.164526021975683,0.168928614563224,-0.914317270343286,-2.70133229078116,0.206635747383127,-66.8019894156549,-0.0273022112560284,-1.61319331302036,-0.191506585634829,-0.265778185672704,11.3651863917282
-1.98300265561739,0.165337783201984,0.168892052435814,-0.913671082980649,-2.70140781221601,0.206004268719546,-66.57765268619,-0.539923229853457,-1.72666447416506,-0.193451133626103,-0.270868812878267,11.3967390237795
-1.98385706814535,0.165911128289163,0.168741131630742,-0.913148316999852,-2.70157213880713,0.205401465092699,-67.5911452060983,-0.665566223550286,-1.91306282839295,-0.205605647776347,-0.260006125014173,11.4231072435168
-1.98457348657154,0.16619176874476,0.168446891277252,-0.912792026196819,-2.70184566014597,0.20484303105348,-67.6150343560672,-0.52093404225684,-2.16328624530354,-0.214571328536969,-0.257774490528624,11.5296013845102
-1.9851394452487,0.16614665087779,0.167994182030401,-0.912631793710572,-2.70224712916343,0.204348750013459,-68.1320695038693,-0.647311883878956,-2.33641043664221,-0.226625092889956,-0.260162893866424,11.589387941671
-1.98554537629108,0.165764164925313,0.167384082031383,-0.912683566070587,-2.70278486792273,0.203926530560723,-69.2336971044811,-0.430051281929082,-2.27947139437669,-0.222237402578401,-0.272339049555167,11.6279336668581
-1.98580553732843,0.165058213432183,0.166636311357968,-0.91294674737251,-2.70344653620887,0.203576215545376,-68.0566863612499,-0.589921592106293,-2.02727619908626,-0.213292379564465,-0.277122711609867,11.6921669209013
-1.98594349203357,0.16407880734417,0.165794653278005,-0.91339389420395,-2.70420597628688,0.20328585770042,-69.3898037604396,-0.216014603640588,-1.85274769695386,-0.214456056254639,-0.270846735180941,11.6510953185286
-1.98599943959819,0.162904393831954,0.164921750346871,-0.913977610990353,-2.70501560384624,0.203027020849332,-68.1244750646924,-0.0792527298312962,-1.85994640669085,-0.214392767320664,-0.260926946229621,11.6769681061311
-1.98602804716564,0.161624761283716,0.164086805386865,-0.914639611826376,-2.70581983361934,0.202772228698185,-68.6117839732479,0.125224996766747,-2.04403787248637,-0.215753131986784,-0.250520192547603,11.6522028618332
-1.98607953078767,0.160338332555804,0.163359445145124,-0.915310198923298,-2.70656472777489,0.202490292149612,-69.2465882506581,-0.359333814586989,-2.06703229297619,-0.222024949998802,-0.2525752474821,11.6574030852167
-1.98619786026181,0.15912632293656,0.162794191793222,-0.915929795345421,-2.70720934653784,0.202163737329479,-67.8247113335495,-0.721596361778438,-2.06562585745607,-0.214080923509531,-0.265783628128895,11.7276155370305
-1.98642634239707,0.158065795892767,0.162437793992095,-0.916438979552131,-2.70771584026405,0.201775507005026,-69.8880763604296,0.140248580465368,-1.95520765534602,-0.208275337807735,-0.272201696361725,11.6687887941402
-1.98678791888085,0.157208724914476,0.162315454823289,-0.916793009987827,-2.70807368822474,0.201328488727004,-67.8149734287197,-1.08303630473006,-2.03774629802658,-0.20198204936609,-0.277001338137625,11.7097184408689
-1.98729458953976,0.156587422760566,0.162433836785875,-0.916960497918385,-2.70828631653795,0.200834820416238,-68.8694690563657,-0.143621748604119,-2.10672657184665,-0.205221255306404,-0.277559827107478,11.7040973465111
-1.9879313793064,0.156194743159525,0.162768466420482,-0.916937447319471,-2.70838647222739,0.200321898679996,-69.4319505389307,-0.311082802364353,-2.02683695208296,-0.215235327586508,-0.271035107481224,11.7291995297102
-1.98867121374437,0.156002866201326,0.163277328140989,-0.916735520409333,-2.70842580125011,0.199831761772237,-68.6531035004251,-1.29944954514372,-2.04895312867751,-0.223122677081005,-0.264367324485774,11.8000617330876
-1.98947828058776,0.155965599987259,0.163905868276502,-0.916382943801446,-2.7084624790829,0.199405381639201,-70.2813598496988,0.0427677176219277,-2.15848790256319,-0.224364828045547,-0.262564381435163,11.7942518971293
-1.99030910981663,0.156019763902075,0.164587895812858,-0.915924064482212,-2.70855817193205,0.199079734984665,-69.1070152279706,-0.010853500787789,-1.93251535522879,-0.218295082667203,-0.26280109707089,11.8416793374999
-1.9911229985138,0.156113357519441,0.165266647752559,-0.915398566919666,-2.708766291512,0.198883281839482,-69.7130602948941,-1.461362977931,-2.03639835707426,-0.216629114770848,-0.261085214120046,11.8294691299926
-1.9918894510701,0.15619768275024,0.165891376514363,-0.914848817271126,-2.7091252350203,0.198830918967007,-70.1748180132204,-0.536427978901202,-1.89940635603631,-0.209367704947137,-0.267566295199739,11.8633062503849
-1.99258652050288,0.156231667394628,0.166418399881836,-0.914314537496339,-2.70966089060275,0.198926900287225,-69.288350412403,0.00809926799774985,-1.80989932166128,-0.208553304938135,-0.275935713000534,11.9340405143944
-1.99320883282895,0.156213091415911,0.166836731071127,-0.913811811676383,-2.71036507433432,0.199144601083308,-70.8871263320864,-0.41174346365915,-2.2065821540501,-0.219799249269164,-0.270596382790767,11.8851077511915
-1.99377526755007,0.156150522379102,0.167147477651727,-0.913351524603864,-2.71120351113118,0.199443927939372,-69.3896012167473,-0.24336421367434,-2.19724615660468,-0.221638762577512,-0.272886316038947,11.9415040578663
-1.99431440183246,0.156077558877386,0.167372289404387,-0.912925654541161,-2.71212491975434,0.199773032517374,-70.3718421358425,0.384018756762543,-2.17922407912366,-0.21643409303083,-0.272574831880288,11.9288444399649
-1.99485936998079,0.156030695686288,0.16753827769172,-0.912524600091119,-2.71306915427508,0.200074633058639,-70.5386396854161,-0.323107941790795,-2.11402720232959,-0.217092722839584,-0.272125434226309,11.9086275804123
-1.99544940193033,0.156060684185293,0.167684449293557,-0.912126034913477,-2.71396446645755,0.200285792697125,-69.1785531694115,-1.33990177966552,-1.9876245679539,-0.21218960665824,-0.275334123648836,11.9363076930326
-1.99612798721304,0.156217630773839,0.167851921738584,-0.911704784502301,-2.71474069496632,0.200351844310266,-70.9992320939278,0.142580912280209,-1.88935447307605,-0.2130974315449,-0.272060206369304,11.8835957165636
-1.99692775782267,0.156538068925812,0.16807248235858,-0.911242078644889,-2.71533756198038,0.200226704161556,-69.2565854297524,-1.22993770491439,-2.03030245206131,-0.218616032027998,-0.267842538222772,11.9333805065317
-1.99786755591317,0.157038466388209,0.168362960755482,-0.910729334467731,-2.7157151522849,0.199882206926245,-70.5498323324968,-0.660444138411322,-1.95019986104489,-0.224565435460636,-0.264991476610562,11.9303870774107
-1.99895823826322,0.157721215967094,0.168732328178751,-0.910164432145116,-2.71584736540774,0.199302696244193,-70.6657575069091,-0.280118274280312,-2.00685461877748,-0.220888898084478,-0.266472870981088,11.9982851493401
-2.00019395762614,0.158563858035239,0.169170760342312,-0.90955799370611,-2.71573704554102,0.198499485793557,-70.5166439299188,-0.785427220807378,-2.10710586606922,-0.22177752270973,-0.271232204958343,12.0651367432605
-2.00155734907742,0.159533606402669,0.169659599298346,-0.908923259460715,-2.71540710610685,0.197498869154933,-71.6634945537986,-0.896232724478295,-2.13043053520246,-0.227799494041734,-0.277192313206924,12.0638241285411
-2.00301735108559,0.160580077406483,0.170167772819469,-0.908284663453121,-2.71489580617437,0.196332613663803,-71.0021624151979,1.012370198383,-2.0210477131109,-0.218983297924305,-0.278633994474327,12.114969284983
-2.00454517412677,0.16164368495171,0.170657565542461,-0.907669739794406,-2.71425297833438,0.195048387990904,-70.9649559729972,-0.262515108887101,-2.14937793122365,-0.215905896573806,-0.274171834146641,12.0962618267318
-2.00609939615677,0.162660947059214,0.17108804433941,-0.907106866870149,-2.71354435982768,0.193702216116169,-71.7041554001664,0.251367174455027,-2.12824671517825,-0.216520173932117,-0.267963953359393,12.0796263597055
-2.00764283822937,0.163573211657108,0.171421151012084,-0.906619996126642,-2.71283538030929,0.19235336709486,-70.2985670058777,0.417967751977358,-2.00896578598761,-0.21454136370259,-0.275301300316898,12.1384464346078
-2.0091344662514,0.164332708462179,0.171626954796966,-0.906225800251089,-2.71219325163656,0.191058520862473,-72.4080673431365,0.591072051593983,-2.02179121836727,-0.220732507399477,-0.274966715691128,12.064533986612
-2.01054390179321,0.164904279011157,0.171685985964917,-0.905934574954627,-2.71167436005339,0.18986865481266,-70.2009211141012,-0.498501439582242,-2.06121875321725,-0.221467501028048,-0.276554036010421,12.1020317298732
-2.01184686005765,0.165264255900404,0.171588116953273,-0.905751235791311,-2.7113249023694,0.18882939637607,-71.5990161515218,0.429488422636268,-2.09195321650472,-0.216198042199466,-0.271788169256112,12.0810986527139
-2.01302468197144,0.165422214769168,0.171347758066272,-0.905659816452431,-2.71117386077908,0.187968438033567,-71.4491331570287,0.243155514689306,-2.14507813314805,-0.217185029175198,-0.270782012979186,12.1097541435045
-2.01406732751592,0.16539644947236,0.170987462133819,-0.9056437049637,-2.71123559828821,0.187306276888024,-70.783641255662,-0.73164467513061,-2.13767047058019,-0.223382228290039,-0.27561388294873,12.1574619990622
-2.01497266639422,0.165210398645883,0.17053456882563,-0.905685777505112,-2.71150985205304,0.186849338114889,-72.1930674790672,-0.287568069354847,-1.97680984679505,-0.230445826579461,-0.280251061244788,12.1625761440809
-2.01574864808689,0.164907571843085,0.170033365146504,-0.90576025950033,-2.71197643983694,0.186588133247924,-71.4423408169905,-0.32615297460984,-2.09769400642008,-0.226604829724537,-0.279564466618648,12.2322980523169
-2.01640634152132,0.164534688638675,0.169529603541638,-0.905842069878899,-2.71260764549137,0.186506547053382,-71.9969116146969,-0.78042155388971,-2.28892137932286,-0.231113924156271,-0.273188542501939,12.2253275501103
-2.01696768771116,0.164148207454175,0.169076229526215,-0.905901822724869,-2.71335541123333,0.186567825273365,-72.4246857335485,-0.51257460935517,-2.25521377373991,-0.225872041594656,-0.272866426354084,12.2378166567748
-2.01745661502772,0.163792679178305,0.168716356533089,-0.9059207813436,-2.71416850453793,0.186728495965206,-71.4563427616015,-0.24098703825598,-2.02310948744386,-0.2197705440863,-0.272768304816024,12.2757476947131
-2.01789977528218,0.163510584821782,0.168489443923603,-0.905880550508335,-2.71499320101197,0.186940974650664,-72.7981411719667,-0.386167803538456,-2.04794184765791,-0.223786596565421,-0.277554755875579,12.2330134430573
-2.01831904288369,0.163328394007373,0.168419766461244,-0.905773137402442,-2.71578335721588,0.187160254817653,-71.6917445844463,-0.433672029161016,-2.02190522462826,-0.221507762990957,-0.281733642313562,12.2914020382161
-2.01873196079078,0.163252051525627,0.16851294561571,-0.905602967320128,-2.71649785837333,0.187339241721163,-72.4715756274364,-0.346218114036446,-2.176262170407,-0.217956372590388,-0.278744050418218,12.3049716714229
-2.01915631841185,0.163283107796622,0.168767551902797,-0.905373434860083,-2.71709708766561,0.187429514504818,-73.0941830908034,-0.628916583575119,-2.21491718017853,-0.223384169611974,-0.275013828853065,12.3169785742737
-2.01960222176185,0.163398017063257,0.169159095506441,-0.905102466956076,-2.71756131104585,0.187399998092787,-71.8131808760455,-0.267336990035801,-2.06810172798302,-0.221608006008632,-0.279739663109965,12.3746065417609
-2.02007073277868,0.163567403107322,0.169654922209512,-0.904809489435597,-2.71788113499756,0.187226429927842,-73.6914134495076,0.585552654650428,-2.13579106501393,-0.227950965202356,-0.277506951892546,12.2953646330326
-2.02056137690145,0.163743288375744,0.170206554319176,-0.904524764750085,-2.71805929183263,0.1868981100305,-71.1785017671888,-1.23876626102083,-1.90447745698199,-0.227191542332883,-0.276674711201891,12.3183103600499
-2.02106167939447,0.163871884561982,0.170757266089023,-0.904280213758658,-2.71811534785234,0.186420229344561,-72.6972970527626,-0.00241595093234537,-1.86836518594225,-0.22198895358148,-0.274461703599506,12.2743889361795
-2.02155909828328,0.163907032424508,0.171254874250245,-0.904101766215502,-2.71807575504581,0.185808060701574,-72.3310809404068,-0.475913888951254,-1.92631705410903,-0.217035495828267,-0.274537853501712,12.3223119248353
-2.02204200173463,0.163805710679271,0.171648274766936,-0.904014050614505,-2.71797219714365,0.185089001298871,-72.2122731366609,-0.727704623503314,-2.19507188689346,-0.221892633909581,-0.277759829797787,12.3635871757144
-2.02249826912717,0.163538249207066,0.171896416696487,-0.904033853101689,-2.71784203088423,0.18429907027734,-73.1898013732724,-0.0591606155387581,-2.15714100669058,-0.230394312430579,-0.279603758672968,12.3908887230953
-2.02291788940767,0.163103093328821,0.171980256768882,-0.904161023164802,-2.71771655029798,0.1834710819441,-73.2074511365756,0.35439995920342,-2.32319114198671,-0.233080540178172,-0.281435894677491,12.4682627425749
-2.02330430314266,0.162526709059701,0.171902828717008,-0.904379564650006,-2.71761714444489,0.182637948179992,-73.2343104287829,-0.966778737021968,-2.24590643629878,-0.233706788521236,-0.280451588742774,12.5007311357281
-2.02365346107163,0.161847942640942,0.171677389454358,-0.904666573079984,-2.71756832857996,0.181830316496271,-74.3578114776475,-0.383914510920249,-2.15040738623682,-0.229405767354872,-0.27879890464866,12.5101882741119
-2.02397503279242,0.161120665977974,0.171331921863164,-0.904990969089478,-2.71758084582379,0.181074014042273,-72.8270851791236,-0.490475138974716,-2.04296280792664,-0.226205560741576,-0.282798018891559,12.5487040223591
-2.02428216698786,0.160421182783906,0.170912204550913,-0.905308376144103,-2.71765503558235,0.180381177076614,-74.5506149283628,-0.212320394921562,-2.15526942948449,-0.227951823350207,-0.279208646426444,12.4655275494015
-2.0245850455849,0.159822980341911,0.170465666219497,-0.905575113918796,-2.71779610707866,0.179768465142803,-72.5606816988864,-0.381744035907104,-1.98575852103173,-0.22839873187429,-0.277411419757953,12.5055019917941
-2.02490408396143,0.159402038483055,0.170044306276498,-0.905748427249119,-2.71799139959038,0.179236721947794,-73.9211456049722,0.221618505895776,-2.13167445753751,-0.22338219120806,-0.277795663311517,12.4849932296048
-2.02524996936554,0.159215446444399,0.169688683576907,-0.905795865158532,-2.71823213609844,0.178781935797798,-73.5714051613483,-1.11550053588144,-2.1384161303753,-0.225797534217878,-0.275779147795382,12.4882465786661
-2.02563536898785,0.159301946375892,0.169428923318941,-0.905695580215998,-2.71850882920193,0.178400789618491,-72.9090367561851,-0.897291340834727,-2.08370284741491,-0.225347875318842,-0.277360520345578,12.5339853017922
-2.02607351147588,0.159682691874689,0.169285259977574,-0.905436497643847,-2.71880502590522,0.178080840926812,-74.5438384960929,-0.13435315899801,-2.18201463672747,-0.227645544206392,-0.288808062299839,12.544458411723
-2.02656868546477,0.16033716366113,0.169248887647788,-0.905033158815835,-2.71911546883476,0.177815333649771,-73.6884412063079,-0.0570717437922212,-2.16797657748214,-0.231712264770507,-0.290511967906798,12.6236732796117
-2.02712432679066,0.161217535581941,0.169294985277262,-0.904516736004573,-2.71943297040652,0.177594700494443,-74.3060414294286,-0.984712627559475,-2.26472987218688,-0.235931422078253,-0.285945479628784,12.6413883335208
-2.02774664286378,0.162274348773765,0.169399629075646,-0.903917064066677,-2.71974653079415,0.177406504724661,-74.9377503479047,0.101852336828188,-2.31971828366261,-0.23490455054842,-0.28344536949254,12.6614614933714
-2.02843546049778,0.163425553643132,0.169514875950946,-0.903284221088029,-2.72005774629541,0.177249516058966,-73.5868634216003,-0.184484198886594,-2.15588789550011,-0.235431836631439,-0.278507882910425,12.696228735498
-2.02918917266231,0.164582426321002,0.169589734449196,-0.902671815566286,-2.72036530468559,0.177115825901008,-75.4067750152711,-0.933426953358548,-2.25057889190427,-0.238378280361962,-0.280145509653475,12.6574583667733
-2.03001360883934,0.165670283063019,0.169584292063051,-0.902123384906183,-2.72066226172838,0.17699693529038,-74.1526810682371,0.39102340439149,-2.03558002238577,-0.230248529768164,-0.288506937924344,12.7308430242746
-2.03091152924525,0.166629877422046,0.169468942883676,-0.901671345901501,-2.72093952994144,0.176878436043096,-75.0735606027228,-0.183968112584125,-2.05701760305399,-0.226083941737746,-0.286983730132419,12.6989184227535
-2.03187634895955,0.167400510112294,0.169212019665121,-0.901348878260969,-2.72120313960338,0.176758879292048,-75.0448237617439,-0.693376634145579,-2.10059551894312,-0.234808627813805,-0.2858915409588,12.6807967944155
-2.03290366836449,0.167956335725955,0.168806226549671,-0.901167098669449,-2.72144945339073,0.176626727933576,-73.59963988967,-0.549297920568051,-2.11402743762781,-0.229125500518849,-0.288070097575647,12.7285164301297
-2.03398956054668,0.168287764653436,0.168255639728901,-0.901126130108295,-2.72167947192667,0.176477155856769,-75.5682076103612,-0.520420204528818,-2.25900056467461,-0.229946354979029,-0.286028526616586,12.6688134289987
-2.03512637740283,0.168419566810433,0.167586063783169,-0.901203167173283,-2.72189176182711,0.176301267417548,-73.6190270586742,-0.959885377142655,-2.20474622917598,-0.232930126404048,-0.287770118483196,12.7133691419851
-2.03629496297767,0.168378271624545,0.16682255030567,-0.901375997592866,-2.72209444574296,0.176095346822296,-75.0495043332902,0.48597079390106,-2.21961143371192,-0.231389674232959,-0.287625981785103,12.7011210347433
-2.03747657542013,0.168206628217011,0.166001963184057,-0.901611464951798,-2.72229787604735,0.175861137146448,-74.9995908564775,-0.0704514456019751,-2.15949797621445,-0.229163043233671,-0.287725837472109,12.7611128422227
-2.0386497416905,0.167950792866895,0.16516346831985,-0.901874938420397,-2.72252474500658,0.175618704960419,-74.7685089445854,-0.230315284953804,-2.27594580443176,-0.2371336368493,-0.287764815766041,12.8053343323583
-2.0397874228331,0.167659298346815,0.164345720282451,-0.902130285884365,-2.72279840271652,0.175385484345297,-75.8052514243671,-0.308104233018867,-2.12693966997301,-0.24568307622176,-0.283857744440268,12.8176927188096
-2.04086078933004,0.167371971607465,0.163582422666235,-0.902346782459189,-2.72314543947278,0.175182588050685,-75.2778453145299,0.842119223764712,-2.20531620371585,-0.239249963826661,-0.282344711028867,12.8750295081751
-2.04185687696695,0.167126790429796,0.162906693735147,-0.902494343320322,-2.72358297791087,0.175032338403644,-75.573589750969,-0.196122659763432,-2.22847624830885,-0.241734791384156,-0.279770836726328,12.853910187596
-2.04275377605637,0.166936586371942,0.162335621614362,-0.902560828593474,-2.72413751929836,0.174963335624465,-75.9526459748902,-0.321285181516259,-2.24412542035662,-0.237094944089382,-0.283462863324144,12.8409603549326
-2.04353910566026,0.166815879544233,0.161886657380395,-0.902531456925635,-2.72482868747068,0.175003949753993,-74.7874313322433,0.00266431173554338,-2.16471663296073,-0.224861113289276,-0.294822429370879,12.9010319539546
-2.04420494146896,0.166768742964351,0.161571411506978,-0.902399255122051,-2.72566306458936,0.17516519022836,-76.6726916404813,-0.26751163649601,-2.197096138033,-0.227431642561584,-0.29471530012296,12.8772029507022
-2.04475773475375,0.166799338299841,0.161403171107585,-0.902158307129697,-2.72663248342075,0.175450393373519,-75.6605533233348,-0.396262461403694,-2.16223031248708,-0.23268974210982,-0.294049734661937,12.9621727756896
-2.04520978567263,0.166900874059549,0.161388074429227,-0.901812356250289,-2.72771664715585,0.175848655119803,-76.5024072761984,0.380462186027216,-2.24987178707966,-0.236808044400351,-0.293810895173967,12.9906551338803
-2.04558637579268,0.167091497628007,0.161548329939764,-0.901349683150784,-2.72886741531198,0.176318184006851,-76.6697984043888,0.303237626068722,-2.31158164753191,-0.242948337696858,-0.285499752214772,12.9726918498196
-2.04590895491978,0.167375493262192,0.161895425467425,-0.900771164341499,-2.73003714275454,0.176814954368393,-75.4205266241559,-0.779018737291835,-2.32969953192836,-0.239306026297707,-0.284151420591732,12.9876096860055
-2.04620696132761,0.167751839037568,0.162434484292701,-0.900083951075404,-2.73116887858883,0.177286208550017,-76.9341755702873,0.157389195137057,-2.18571009214992,-0.233282598486512,-0.286467881818391,12.9615513145787
-2.0465146358583,0.168225551983194,0.163173033490497,-0.899295204761881,-2.73218967736099,0.177659100907128,-75.8798763226564,0.188233572969921,-1.97690499933978,-0.230243074780467,-0.293953741423134,13.02683830815
-2.04686200086699,0.168800275148298,0.164113405299271,-0.898414670584237,-2.73303862627888,0.177872103650925,-76.5865094033122,-1.09949600999948,-2.12125312127745,-0.23421395179613,-0.294714406110189,13.0414817486833
-2.04727817690482,0.169467455182064,0.16524471459194,-0.897460598235235,-2.73365975031111,0.177869237800668,-77.1593725347731,-0.584652444489166,-2.24433038233647,-0.238688504759047,-0.292465447899866,13.0651109681366
-2.04778488852206,0.170199218039627,0.166539147580825,-0.896465731659749,-2.73401531785476,0.177611838978155,-76.193083479066,-0.331457976453066,-2.20913183321935,-0.242420619810739,-0.291509194011023,13.1442095265001
-2.04839699769867,0.170966447173816,0.167962455527271,-0.895461940949967,-2.73408710210949,0.177081401371495,-78.0622124340895,-0.872602259736368,-2.39605461406086,-0.24576259903865,-0.285264547477206,13.1150419466099
-2.04912048575124,0.171719674708009,0.169462028555674,-0.894492508608721,-2.73388234872819,0.176288723675753,-76.713104461388,0.117250476957452,-2.28512752909253,-0.240250993103094,-0.293403377766616,13.1810795166287
-2.0499533362097,0.172390930709556,0.170970078446707,-0.893611147778854,-2.73343069975739,0.175268365742907,-77.630135005926,0.344003004149727,-2.2129889227634,-0.234150820808266,-0.297554564806736,13.1593868868648
-2.0508882900708,0.172918629327449,0.172420405037975,-0.892861458507105,-2.73278158390703,0.174077640302459,-77.7294229107809,-0.7648357668063,-2.26063653858279,-0.236381228534664,-0.300178845868103,13.1413176735314
-2.05191370464938,0.173237070526252,0.173742719593589,-0.892285598392719,-2.7320021874618,0.17279664452892,-76.4668946270135,-0.0969319832843212,-2.24535377541048,-0.236669989122488,-0.294734938686738,13.1990048170848
-2.05300704189102,0.173297226604113,0.174877748425414,-0.89191081881417,-2.73117131510416,0.171513019949165,-78.3052290084425,0.162248651973186,-2.21456505823505,-0.240464055605345,-0.291416579488822,13.1565877963594
-2.05414717230037,0.173069958965103,0.175780859728939,-0.891747772104195,-2.73036775065355,0.170314576933923,-76.5275545415023,-0.769980665512094,-2.37943191720942,-0.245903660462912,-0.284709085386732,13.1791574025807
-2.05530767566081,0.172536410244361,0.176416775475907,-0.891799852840055,-2.72966636452666,0.16928119077883,-77.5264354855583,0.145117528011269,-2.35832192181834,-0.246659525817738,-0.289789435610167,13.1715298672871
-2.05646270835075,0.171714821428631,0.176778256365843,-0.8920439014556,-2.72913160254815,0.168478097419769,-78.022449237268,0.475011999099024,-2.26762691811277,-0.240470025514593,-0.299828326069952,13.2404723954982
-2.05759213271566,0.170656652640444,0.176884671232582,-0.892435322186641,-2.72880148261946,0.167938827911338,-77.7351059204898,-0.21292917564233,-2.26501343232505,-0.237436569324098,-0.306074375934158,13.3264518979686
-2.05867404568866,0.169422013440057,0.176765110298706,-0.892928483451069,-2.72870361544922,0.167680858994808,-79.0884453393671,-0.305201889119189,-2.36255947365783,-0.246383993765314,-0.30265726466695,13.302397886476
-2.05969040670189,0.168095121716359,0.176469271944401,-0.893465217680699,-2.72883673112722,0.167683577354386,-77.7760303958842,-0.694047040806026,-2.46471219718217,-0.246637439928152,-0.29299123450154,13.3435528007943
-2.06063434369153,0.166779609208876,0.176063467954296,-0.893978994893745,-2.72917451062356,0.16790147269454,-78.2395044813842,-0.0402512749474226,-2.39459316088076,-0.247981935805709,-0.286406892539295,13.3212251689966
-2.06149246007268,0.165561537206996,0.175605425368746,-0.894419272305288,-2.72968688680061,0.168276293141551,-78.8667002154551,0.19157209106902,-2.31778377152943,-0.24527716656935,-0.287242450178447,13.3076388992662
-2.06226082070438,0.164519557084848,0.175150885534584,-0.894745160866295,-2.73032553197854,0.168733998682385,-77.5881549660651,0.398813335516252,-2.14899167887697,-0.235070904984662,-0.299909257499023,13.3684982455993
-2.06294102562669,0.163715858106529,0.174746088252779,-0.894930065892195,-2.73103864708723,0.169198896244005,-79.5628490342024,-0.437074337631657,-2.18578719407995,-0.234291388520562,-0.30307160347073,13.3221364866058
-2.06353325904951,0.163185599111944,0.174420611192016,-0.894965196004718,-2.73177838434749,0.169600928765122,-77.6310248346285,-1.10745673048177,-2.15344359590554,-0.237185543415302,-0.300342104133654,13.3799880015473
-2.06404670938038,0.16294100138502,0.174189188843883,-0.894857059120979,-2.732498738082,0.169881532868534,-78.9917538993549,-0.519330862040079,-2.21665433686007,-0.240382625622099,-0.298366676407502,13.3743005600861
-2.06448995669232,0.16296127152216,0.174045260658439,-0.894632549286771,-2.73316912915459,0.17000338959697,-78.7942164471394,-0.626116313163266,-2.39790325056768,-0.248016571826361,-0.290429194686409,13.3902746346103
-2.06487908264097,0.163214749610229,0.173975596340844,-0.89432136348953,-2.73376447001492,0.169944288909036,-77.8617296712617,-0.602275720183343,-2.32803672184301,-0.243954306155811,-0.293298795182058,13.412951767199
-2.06523175291222,0.163647436257389,0.173952430142981,-0.893964612681054,-2.73427623081543,0.169708822708477,-79.5533089361396,-0.944592683316387,-2.32719028889224,-0.243368074252213,-0.296331136768629,13.3780714522773
-2.0655667700674,0.164211564121808,0.173950788480681,-0.893592337505449,-2.73470518191918,0.16931655283643,-78.1911411440711,-0.661310838500867,-2.1728740427377,-0.238857429469228,-0.305810369159572,13.4573943251569
-2.06590187339084,0.164845113973682,0.173937688459752,-0.893240550452033,-2.73506422079029,0.168803082966446,-79.2674184636365,-0.214468009851998,-2.19295717026191,-0.238530567030198,-0.299713385905131,13.434410854958
-2.06626095950288,0.165505392714664,0.173893479131504,-0.892927561892695,-2.73536883774914,0.168212760286242,-79.0229385044389,-0.532584602847464,-2.14455776569528,-0.244838259204871,-0.290917595964812,13.4154477397474
-2.06665888518962,0.166155859564821,0.173802377906647,-0.892664189379631,-2.73564738672211,0.167602312903265,-78.2033597094074,-0.93080544733607,-2.31612482083054,-0.246372622828883,-0.287919754764957,13.4338772102638
-2.06711572128286,0.166764713124352,0.173653129034253,-0.892457412371812,-2.73592134037929,0.167021312023974,-79.7816681979904,-0.876273212797969,-2.43474239369525,-0.247854707281815,-0.293059366351425,13.4380173900251
-2.06764389993514,0.167316467285411,0.173446898832796,-0.892302094026877,-2.73621494282631,0.166518845154244,-78.8983326042829,-0.231468773803044,-2.24663377717002,-0.241679376169654,-0.303967527052869,13.5429395993651
-2.06825576946898,0.167816232516233,0.173200592894144,-0.892180633368893,-2.73653763722108,0.166122435192225,-79.9059358695462,-0.145903806933347,-2.34226720174564,-0.239260581544783,-0.310995859838337,13.5325320600313
-2.0689586350166,0.168265576786133,0.17292877395993,-0.892079485220001,-2.7368971177066,0.165851697812297,-79.499611513225,-0.983926832329644,-2.38331480372847,-0.242721352509418,-0.306806922278858,13.513261780708
-2.06974832633448,0.168671709834537,0.172650440145134,-0.89198432723061,-2.73729965507762,0.165715634752192,-78.8692998810754,-0.0912387202281479,-2.29777918821847,-0.239762034056021,-0.296982664818503,13.5121842775011
-2.0706198606484,0.169040109083374,0.172384792448819,-0.891883561057321,-2.73774512574423,0.165711407848474,-79.9422401293153,-0.0712505026770032,-2.24598978065293,-0.242583585009999,-0.290987023334305,13.4799226882442
-2.0715671424151,0.169380413006199,0.172154220068654,-0.891765310888525,-2.73821960409557,0.165818491463918,-78.9269989983867,-0.0377713030907216,-2.38815532297272,-0.24187118047036,-0.295318921007478,13.5290950662268
-2.07257427263703,0.169689900857722,0.171970537444181,-0.89162805314203,-2.73871200635959,0.166011209492788,-79.4191661403077,0.495871116067974,-2.26169744746679,-0.242047006148208,-0.302788906566761,13.5412918944346
-2.07362219676222,0.169967621938968,0.171845601343939,-0.891469633011193,-2.73920842389883,0.166258185511132,-80.0131644495251,-0.168825450208715,-2.28449544767247,-0.241729824038522,-0.306164476419386,13.5795068272119
-2.07469151962027,0.170216501776456,0.171792079492436,-0.891285731693273,-2.73969637771233,0.166530426726078,-79.6017563982169,-0.419221903243624,-2.27399983338489,-0.244662325351554,-0.305255836181492,13.6593443710853
-2.0757617310912,0.170437535334578,0.171817888721739,-0.89107430608102,-2.74016494159113,0.166800123958327,-80.932183008831,-0.258610888311978,-2.50983547323844,-0.253052059306235,-0.300200011170296,13.6578218048574
-2.07680097135762,0.170616403453203,0.171916896489613,-0.890843114737128,-2.74061976802439,0.167053244597777,-80.1457660045524,0.624024236190735,-2.45923780449891,-0.253121749506346,-0.300556746172128,13.7153735487433
-2.07779212125292,0.170756321224617,0.172091998148801,-0.890587577650613,-2.74105145338408,0.167266416360576,-80.2324463160032,-0.122253980848882,-2.39883235969651,-0.254935307008037,-0.300624412267266,13.7088691324168
-2.07872179157215,0.170849321512422,0.172336224430701,-0.890312665533904,-2.74146057421807,0.16743269223666,-81.1439308231957,-0.323985905886275,-2.39006098847813,-0.249302832157475,-0.304559202111325,13.6896606957647
-2.07957302426061,0.170883302246086,0.172635494300376,-0.890025575181062,-2.74186055315306,0.167561115240752,-79.5601479877642,-0.411033184353983,-2.29442109419205,-0.241845265853724,-0.31257703071441,13.747917512254
-2.08033408944458,0.170842350479897,0.1729703937055,-0.889737893083654,-2.74226736394085,0.167666122338508,-81.7573029124947,0.366891820991668,-2.24821421212391,-0.244152121534564,-0.309683847182006,13.7127969807515
-2.08100547701411,0.170714055952086,0.173322920193797,-0.889460871259455,-2.74268770494438,0.16775966892458,-79.9474287153515,-0.420260716100984,-2.21255692100931,-0.24479776173008,-0.301345726050238,13.7835912370895
-2.08158604977844,0.17046711494464,0.173659991695126,-0.889220391905572,-2.74314153797273,0.167868934578202,-81.2691223066129,-0.772315161660572,-2.51470608202649,-0.250749110321681,-0.300621038760697,13.7672449582225
-2.08209409712008,0.170096794422117,0.173966646011396,-0.889025874223733,-2.74362222117796,0.167997701691772,-81.1331328272595,-0.34335719901128,-2.40937614300407,-0.254130392623127,-0.299293749112861,13.7748419514704
-2.08253978630887,0.1695773877822,0.174212185835048,-0.888903273518894,-2.74413418709572,0.168157498088242,-80.1510637798407,-0.613247438501276,-2.35466253010947,-0.247495404413221,-0.302102183779899,13.8059242329466
-2.08294352277787,0.168890490004434,0.174370118593117,-0.888874620705137,-2.74467407207525,0.168356977056964,-81.8083787144642,-0.274174715205845,-2.48294369200164,-0.24603665594544,-0.307388641208422,13.7729018320428
-2.08332574344874,0.168031042973665,0.174422222545562,-0.888953600972971,-2.74522667870139,0.168585967172815,-80.5000586055556,-0.302498646741924,-2.30878971000138,-0.244105239644246,-0.311343668343262,13.8522037235839
-2.08370087845111,0.167006358825222,0.174357370485475,-0.889146473733004,-2.74577894488065,0.168830614782742,-81.7805320653049,-0.372606354281515,-2.19534259873947,-0.250549312003487,-0.310522984407814,13.8625759151924
-2.08408493260396,0.16584202510222,0.174175389494285,-0.889445899195256,-2.7463119251882,0.169069468533824,-82.0081842848951,-0.0883045218868119,-2.37082124803965,-0.258250976244488,-0.30460447517421,13.8968063307718
-2.08449099351571,0.164572131943624,0.173882029531522,-0.889838758134175,-2.74680546016991,0.169275503136082,-81.0552845766339,0.00207467609698142,-2.35792579806991,-0.261686920181104,-0.303389793564994,13.9595488015423
-2.08492432993843,0.163261355798905,0.173502494276918,-0.890290523762935,-2.74724068558677,0.169416363719817,-82.778011078658,0.258671147741552,-2.37899083412887,-0.262234798498193,-0.296463109067506,13.9114460840652
-2.08538475749705,0.161981761342881,0.173066541597149,-0.890760513531601,-2.74760619821244,0.169466257359405,-81.0780111346662,-0.4564514875849,-2.36542649445059,-0.251582068017836,-0.305381893242239,13.9436275599435
-2.08587271779182,0.160820771626573,0.172615498324668,-0.891196660980168,-2.74788876406792,0.169398354196096,-81.8629258321779,0.0800626196050871,-2.19290636369141,-0.246396419291418,-0.310870027128984,13.9183386252116
-2.08638015147282,0.159863734267219,0.172190110466518,-0.891547204397635,-2.74808738589915,0.16919513779049,-82.2052352272156,-0.246105352877066,-2.30124189072021,-0.246618266045204,-0.316200236896102,13.9486845922458
-2.08690397634744,0.159185556220325,0.171827744845839,-0.891766381172235,-2.74820265720049,0.168848287137406,-81.8265169618473,0.0383922222572437,-2.41408419664745,-0.246637201758614,-0.318664343613361,14.0323500758366
-2.08744640725753,0.158859329915396,0.171568412316775,-0.891807879353633,-2.74823894474391,0.168359275611552,-83.352959359628,-0.389899844674119,-2.59862473879485,-0.255891391916088,-0.310709316760547,14.0355713543179
-2.08800307879781,0.158941214317828,0.171443812910862,-0.891633958084911,-2.74820797720702,0.167736834528233,-82.1858534714516,-0.0140721565742297,-2.50012997469295,-0.259881457115843,-0.302966470378987,14.0853236499289
-2.0885769003778,0.159443968460091,0.171461911949452,-0.891237183352616,-2.74812434566121,0.167000798857588,-82.5271831804835,-0.118075478159426,-2.51376644919165,-0.260504221805408,-0.303975184806399,14.0520462642929
-2.08917575035894,0.160365355338301,0.171625231555063,-0.890617171071651,-2.74800210955557,0.166175600834971,-82.7297131466577,-0.543654064209932,-2.48922753029052,-0.254608883930117,-0.309281277488037,14.0197782179501
-2.08980997512811,0.161674608092579,0.171921829042555,-0.889790431926749,-2.74785406229618,0.165286266122547,-81.1657117277823,-0.804403116408821,-2.36409165931269,-0.242268553542262,-0.313957003618616,14.0643035833797
-2.09048498606484,0.163304045446134,0.172319343375338,-0.888797418245611,-2.74770500622781,0.16437271258465,-83.757356335828,-0.41001886568597,-2.21343908937357,-0.242043643362869,-0.313331079950034,14.003942198011
-2.09120871066175,0.16516797196279,0.172777199037689,-0.887689230671329,-2.74757246896374,0.163467538679884,-81.4735827655787,-0.612038875445705,-2.39799187608816,-0.250952912993542,-0.311288893747172,14.0989167834466
-2.09198548123806,0.167169980249988,0.173248474162735,-0.886522690598046,-2.74747736415588,0.162606807546528,-83.2923389483866,0.303228147515938,-2.49576501266944,-0.262594508909895,-0.306297474450387,14.0857562813641
-2.09281709725229,0.169199034332245,0.173678811156362,-0.885362588331461,-2.74743941055826,0.161821206520499,-82.8016556654323,-0.0144314697142818,-2.4970146329444,-0.263992172715518,-0.304777727601455,14.1113330539529
-2.09369940533546,0.171152630146097,0.174020708465897,-0.884268399901717,-2.74747793956297,0.161139844377378,-82.5247584084756,-0.197365500070418,-2.43516822368414,-0.258712723819931,-0.309252036152855,14.1302391009201
-2.09462660565268,0.172941205290964,0.174234222212579,-0.883291327871511,-2.74760635988554,0.160580647627742,-83.4675894099812,-0.427298677782119,-2.38351499162968,-0.251167255011306,-0.318479605132059,14.1345766778286
-2.09558746283837,0.174485861303396,0.174287189277921,-0.882477859415636,-2.74783193783464,0.160150375805991,-82.8769824683396,0.00281941631033078,-2.37154983850274,-0.249542140045832,-0.32183749235404,14.2032914364693
-2.09657699423613,0.175748317605126,0.174172755353065,-0.881846361898227,-2.74814912939822,0.159844876921192,-83.4702895007691,0.0137288327387068,-2.43460317876111,-0.262579352865061,-0.316084461790776,14.1970668225808
-2.09758384785349,0.17670000835729,0.173888594361091,-0.881409334302655,-2.74855531894833,0.159658988930804,-83.7027320666753,0.769126523420255,-2.61385772980591,-0.268734564713114,-0.307609377800076,14.1982526846044
-2.09860025516748,0.177347073097865,0.173454172144355,-0.881157514813281,-2.74903337644923,0.159569513852671,-82.7764772262329,0.804124596848851,-2.53026729530595,-0.267321760819978,-0.302219704601967,14.2219305303662
-2.09961833787296,0.177707938233035,0.172895763062603,-0.881075581856789,-2.74956555334775,0.159554253194486,-84.2843330787694,-0.80177941498755,-2.47282214390765,-0.268444158287241,-0.299663942361907,14.1745760102666
-2.10062880214788,0.177821733828756,0.172250409013195,-0.881132821426006,-2.75012754330473,0.159580138471245,-82.8871007286942,-0.433574603599254,-2.37225191203834,-0.255553807229167,-0.313115391247259,14.2325091451262
-2.10162326657862,0.177743948306338,0.171564864069482,-0.881289071599495,-2.75069406554791,0.15961307237714,-83.2907934856096,-0.349344132149554,-2.45792322524795,-0.251260957704738,-0.327893041717004,14.2484372621454
-2.1025975558179,0.177529659028425,0.170884045578632,-0.881504354257934,-2.7512386895592,0.159619179372145,-83.9899236716563,-0.400611040639433,-2.40180724235378,-0.254730901910999,-0.324678562575842,14.2567656468564
-2.1035444130837,0.177224158931926,0.170244487810985,-0.88174496684469,-2.75174577888103,0.159578375273276,-83.3589858274226,-0.904953473213254,-2.67911427221588,-0.26111595302319,-0.316167335082956,14.3520737158525
-2.10445957468628,0.176859018750359,0.169671618449647,-0.881986078776424,-2.75220348132056,0.159475257297069,-85.2759561412261,-0.0475741493819442,-2.51954195306567,-0.269970753444951,-0.310243665692542,14.405134199358
-2.10533324653036,0.176453934524812,0.169182919396479,-0.882211243952614,-2.75261130708835,0.159306679009407,-84.678525370005,0.336168583182825,-2.39450064878071,-0.264458366947063,-0.311692539187901,14.5009892025313
-2.10615445504321,0.17601413776714,0.168785635626603,-0.882414188807512,-2.75297792898212,0.159080111412739,-85.0299138225384,0.208280903801324,-2.44799409470281,-0.268965803028723,-0.310734917416497,14.4664019234903
-2.1069188981597,0.175529808945629,0.168475647423244,-0.882599005662669,-2.75331613385944,0.158813223098763,-85.1972414276761,0.0928988385398952,-2.43210365769659,-0.262314757557719,-0.312475657675826,14.3921122111558
-2.10762242218695,0.174985755654101,0.168245107879075,-0.882775993761749,-2.75364140053692,0.158527206681162,-82.9634289843232,0.265132187973222,-2.10681449271925,-0.24544958442422,-0.315441527939557,14.3938041821504
-2.10826144730511,0.174364580702585,0.168083538113068,-0.882956733601446,-2.75397565637657,0.158250825444632,-85.2343750055997,0.421372446835676,-2.24763213739323,-0.242525844008739,-0.308453449607719,14.3055983436078
-2.10883756898355,0.173644661742133,0.167978058481129,-0.883158053834912,-2.75433364978471,0.158008235372785,-83.1108087733866,-1.43420443785044,-2.47332545933753,-0.245678220176121,-0.314701880004289,14.3953979867775
-2.10936228116807,0.172818217093981,0.16792347059975,-0.88338740555848,-2.75471880852899,0.157814553317018,-85.0110304134184,-0.235350637212605,-2.50793470381879,-0.257978296706982,-0.320257868130443,14.4223876985605
-2.10984855969432,0.171893653815133,0.167923826732981,-0.883642533383304,-2.75513142371646,0.157681212796829,-85.2541918457134,-0.673961649092234,-2.60250133020912,-0.268034452931147,-0.321763422390455,14.4955591619071
-2.11030839671279,0.170893999328454,0.167989926212264,-0.883911081727567,-2.7555617204391,0.157603481484259,-85.0383287733831,-1.143253113833,-2.63707884901703,-0.26712697256364,-0.319897827366247,14.583551436377
-2.11076079992703,0.169861289378958,0.168142662148626,-0.884167734598194,-2.75599085986826,0.157566841135996,-86.6132785094776,-0.0976313274668428,-2.57517042703446,-0.268108176284743,-0.321098252779283,14.5853431089415
-2.11121280391142,0.168834378745017,0.168396086995889,-0.88438965641658,-2.75641128883359,0.157562270482415,-85.0447064518136,-0.489138697920225,-2.37803900915642,-0.268320234982578,-0.317778047831261,14.6295776067218
-2.1116754388477,0.167871035059532,0.168773779257995,-0.884540430480857,-2.75679827745985,0.15755779374035,-85.6784487335004,-0.304354213016495,-2.5348386034841,-0.267005892569025,-0.313930851131555,14.5603304355915
-2.11215623242696,0.167015137430361,0.169286091579887,-0.884593499956895,-2.75713797392427,0.157532276797722,-85.5755033745683,-0.328262166557579,-2.42384666073235,-0.270810094097036,-0.311296987840228,14.5264983130207
-2.11264924977807,0.166294387122796,0.16992781693158,-0.884533409136924,-2.75743335397835,0.157475277567339,-84.5960289028225,-0.735803570348253,-2.42847786855381,-0.264839645682017,-0.312481336631503,14.5374302497649
-2.11314312618614,0.165723602623375,0.170682854265902,-0.884354358183182,-2.75769517250388,0.157382996389258,-85.7395043420566,8.99411240879999e-05,-2.53711919857557,-0.255136678762485,-0.312343162120347,14.4898685735912
-2.11362859145806,0.165304516960052,0.171525309281812,-0.884061522898381,-2.7579371665128,0.1572571038892,-84.5138827492856,-1.34187032205364,-2.50529108597243,-0.248630754590868,-0.322395204701819,14.5489194838981
-2.11408584932825,0.165005591895195,0.172404840535729,-0.883683862456888,-2.75819341282356,0.157118408532263,-85.6214026296173,-0.705578175962046,-2.49030178278906,-0.256079706236815,-0.329798559029325,14.5798516152201
-2.11449879005313,0.164789478283788,0.17326923560024,-0.883256423313712,-2.75849773941402,0.156990934228454,-86.3239912834922,0.160097012954793,-2.57482448298504,-0.25834858171464,-0.334366107915044,14.6604140501949
-2.11485041962229,0.164589815851733,0.174049387245495,-0.882835497905691,-2.75888993210136,0.156908679616305,-86.1938770326079,-0.85153091232246,-2.61887039834394,-0.26212512661874,-0.335260820334219,14.7572327828341
-2.11513793764397,0.164345171734221,0.174683900164989,-0.882475137901359,-2.75939608622307,0.15689974290485,-87.5194507582923,-0.292311500774986,-2.68504211302096,-0.274611633358199,-0.322017639452644,14.7423655958257
-2.11536748141857,0.164005586167182,0.175123856422004,-0.882221380913278,-2.76002969997025,0.156982915450672,-86.1107207937472,0.255736906545962,-2.36200456489382,-0.272783839144016,-0.308211759163525,14.7618093563918
-2.11554935856192,0.163517025525983,0.175322427189091,-0.882122705112151,-2.7607980022166,0.157173738086985,-86.2555423936083,0.493743342484322,-2.40515388578649,-0.26779715549492,-0.307614615958256,14.6934898325619
-2.11570304550217,0.162858167709802,0.175260660627292,-0.882201756490863,-2.76168954719745,0.157471076373067,-86.2832654944799,-0.605190631600635,-2.36928797218718,-0.260753560231676,-0.309396363046971,14.6337911643853
-2.11586173857758,0.162033375351316,0.174942692273436,-0.882460914770994,-2.76267213279798,0.15785748405992,-84.8567845520472,-0.963559629480642,-2.23107241248647,-0.252928935982132,-0.320635108835253,14.6592452952379
-2.11605367211126,0.161061151206004,0.174386793462672,-0.88288917948306,-2.76370671406737,0.158302672339513,-86.891693511946,-0.288460184675159,-2.49675237111259,-0.246879505605669,-0.325438329749405,14.6364323844495
-2.1163166554613,0.159992899058461,0.173638416862421,-0.883448589339042,-2.76474095781697,0.158766810458371,-85.6378326622371,-0.795503117583849,-2.64077582694307,-0.250409863657453,-0.332221556966652,14.7497964065379
-2.11668593817092,0.15889720180494,0.172758046347151,-0.884085311896623,-2.76571977195206,0.159206024388918,-86.972452491308,-0.0320621505732106,-2.70024257480088,-0.263770297185281,-0.328964481322834,14.7835491286369
-2.11718315221321,0.157849224025592,0.171811885896171,-0.884737898081306,-2.76659922046119,0.159580334303937,-87.3158860161597,0.257677121978077,-2.66918911106879,-0.27532343540335,-0.327037905174208,14.8249713508862
-2.11782952088846,0.156920385903843,0.170865203341884,-0.885345542657143,-2.76733758324506,0.159853996825153,-86.720789673765,-0.192508192339801,-2.54705447902737,-0.27246026835888,-0.327846308642427,14.8798740593857
-2.11864197831523,0.156176725983755,0.16998124030841,-0.885851272191393,-2.76790466638909,0.160002581176003,-87.8274728946539,-0.0584174766265733,-2.4899661165212,-0.269130424136292,-0.32385921854122,14.8432157069238
-2.11962427464919,0.155671293410766,0.169213098639553,-0.886205612482092,-2.76828705025737,0.160015717179259,-86.5318236015008,0.799658091005995,-2.40302907759249,-0.26725170312821,-0.320925521045249,14.8546657744282
-2.12077068781944,0.155427758083919,0.168593436536723,-0.886382859945636,-2.76848912718607,0.159901010627542,-86.8604766887297,-0.797112090216842,-2.27794372766419,-0.268620988859291,-0.315256023005641,14.8059579457762
-2.12206748083471,0.155461713974439,0.168146918174212,-0.886364711335329,-2.76852852230658,0.159676641339337,-86.9613499270524,-0.596778781385865,-2.45480028983704,-0.270860664078344,-0.317188458819425,14.8202216308131
-2.1234978557692,0.155762973715455,0.167879273078655,-0.88615355747202,-2.76843107904575,0.159370239718551,-86.548665595573,-0.254493214298236,-2.59522261530373,-0.26610346869603,-0.322941616232708,14.8967882975967
-2.1250381344253,0.156300337154263,0.167779477235603,-0.885769888900934,-2.76822957501192,0.159012994462964,-88.2256273571524,0.204626299265556,-2.72654164492124,-0.2679260050494,-0.328787349286591,14.9241698669171
-2.12665926444071,0.157025503422736,0.167822397977242,-0.885248313035032,-2.76795932071559,0.158634400561666,-87.7502860780271,-0.574976933050721,-2.62727135186407,-0.264494225956756,-0.335982471588116,15.0364835988699
-2.12832449884841,0.157880984497456,0.167973423617933,-0.884630156269825,-2.76766413250284,0.158270060828664,-88.3073298449901,-0.344358407938216,-2.53668079255377,-0.268322797030705,-0.340012874575908,15.0651721332976
-2.13000191279434,0.158813458637696,0.168198673698146,-0.88395386790698,-2.76737080200128,0.15793325697978,-88.8441788926376,-0.273453339895013,-2.62644805959957,-0.273819162340007,-0.331289267984438,15.0182808048774
-2.1316542629862,0.159764752370003,0.168460231794554,-0.883262891179544,-2.76710781303167,0.157637239809608,-86.9802686035371,-0.786973546712943,-2.64708740657858,-0.267616903013634,-0.323270081024171,15.0353127225488
-2.13324335917879,0.160690499796281,0.168726674889748,-0.88258784439139,-2.76689588792781,0.157381772024101,-89.1187801235789,0.0832773598538097,-2.49284636577835,-0.263139834129555,-0.316520348213051,14.9783507810573
-2.13473347339352,0.161549398622319,0.168968591782688,-0.881956696206159,-2.76674517897189,0.157152713226697,-87.1479475502122,-0.977073164091053,-2.46705812649333,-0.264309813084761,-0.32031732817218,15.0478352738108
-2.13610068949656,0.162333961131854,0.169180719154453,-0.881372823176213,-2.76664668283335,0.156921306551588,-88.5296993854842,-0.255252956306322,-2.51695457011698,-0.266246894710382,-0.328097849395618,15.0338469881101
-2.13732176047955,0.163031828600197,0.169354783570057,-0.880838838842944,-2.76659945739302,0.156669605311618,-88.4165836760276,-0.224604738665221,-2.53543982252853,-0.267391856338844,-0.328539167937746,15.0518703679152
-2.13838396169562,0.163645244943664,0.169493117416138,-0.88034568854563,-2.76659338336073,0.156374833028589,-87.5635212498152,-0.190135876562636,-2.56362638931398,-0.266441841325695,-0.327649841026634,15.1026823971339
-2.13928092830823,0.164181651123474,0.169604261508086,-0.879880887276517,-2.7666231577759,0.156027271281035,-89.1068095678505,-0.558972361353653,-2.70816915295524,-0.267680060577311,-0.327793315241627,15.0815385693142
-2.14001473153541,0.164648821479267,0.169698331423219,-0.879429337013118,-2.76668286068989,0.155622114075777,-88.0875605181547,0.188310217524077,-2.6786132974693,-0.262272519706101,-0.334679980206796,15.1588056324922
-2.14059927854551,0.165058246631563,0.169789390322677,-0.878975135686721,-2.76677030072679,0.15516946284639,-89.1891918208901,-0.331843718735854,-2.6807952247716,-0.267652211509979,-0.340315087810942,15.1703978810692
-2.1410535243068,0.165419312684793,0.169891734007577,-0.878504560679921,-2.76688921593687,0.154689018082468,-89.5967672535411,-0.102525696887369,-2.60750199512438,-0.276248988141235,-0.338005973173073,15.2102539500823
-2.14140241081933,0.165728507642834,0.170011020136392,-0.87801435069597,-2.76705060340502,0.154217639375239,-88.7752094445904,-0.172271480293148,-2.4623274508333,-0.278105448451261,-0.331513538698629,15.2709796087493
-2.14167341504539,0.165967810337257,0.170142311728842,-0.877514318496618,-2.76727271333483,0.153798911223137,-90.4874663254064,0.0421717126710064,-2.42366798387124,-0.28253768172551,-0.31987637533693,15.2141155248751
-2.14189305797405,0.166120049428375,0.170279628843748,-0.877015221629242,-2.76757167109852,0.153472542299543,-88.5444099202298,-0.560337980972236,-2.6476953073045,-0.283204352650752,-0.31948895866525,15.235390830809
-2.14207677278441,0.166157305525882,0.170407714009356,-0.876540222457886,-2.76797201971651,0.153278413228714,-89.1299159447216,0.0529248504103634,-2.54163604984817,-0.275220365536122,-0.326037429621014,15.194024713733
-2.14223602035313,0.166039540158569,0.170499614235782,-0.876122720765728,-2.76849822654511,0.153252563599959,-89.2981290648779,0.0777184327239411,-2.4475242895619,-0.267621446400721,-0.33348623102328,15.188589111467
-2.14238357193494,0.165744124019437,0.170536276718231,-0.875787377343173,-2.76915869993539,0.153407454988064,-88.5370671638914,-0.852408327286184,-2.49780577916329,-0.268226098048897,-0.344577751391022,15.2620248243788
-2.14252030656374,0.165249267112947,0.170495655914823,-0.87556151758593,-2.76995522821554,0.153737304925718,-90.4805485544269,0.601202068509792,-2.70513515036367,-0.269847988536459,-0.342028758795266,15.2923964606739
-2.14264423085897,0.164541742133347,0.170358867242495,-0.875469020157745,-2.77088035249173,0.154222273455687,-89.8201744718691,0.522583675294982,-2.7721662368215,-0.277751153275692,-0.340573458508702,15.4086654100261
-2.14275100212104,0.163623781379466,0.17011322501305,-0.875522230084141,-2.7719162977799,0.154826439148429,-90.5649391885343,-0.701632007843273,-2.80603249813538,-0.287977182684827,-0.330540801091971,15.399296850779
-2.1428400268217,0.162516627080445,0.169757268060315,-0.875721815368186,-2.77303193374777,0.155500173461062,-90.59396306212,-0.225163330828764,-2.67376664351067,-0.291706433641122,-0.32497229705392,15.3748071155685
-2.14291206472531,0.161262450523183,0.169302094372594,-0.876052420119171,-2.7741858269608,0.1561832718627,-89.2982079350972,0.892513093469915,-2.502443176437,-0.275300981036201,-0.325894467975799,15.3887001735778
-2.14297623262804,0.159907112632679,0.168760700641273,-0.876493603531271,-2.77533552687641,0.156821090162691,-90.7958727973869,0.113797883933785,-2.46333475781998,-0.267811177389514,-0.329180725835215,15.3261676650057
-2.1430434260742,0.158508381235902,0.168153990934334,-0.877014383755093,-2.77644069728326,0.157365614448129,-89.5698440355117,-0.214977326087592,-2.45327427371993,-0.266684990252549,-0.337718691616472,15.3949085231417
-2.14313244932412,0.157143941151911,0.167518814059055,-0.877567608513501,-2.7774559244198,0.157770702801564,-90.6456338231337,-0.323917773772109,-2.58831507243926,-0.27340692120968,-0.33881980333514,15.4338375004659
-2.14326843792484,0.155875927162297,0.166885422600156,-0.87811290554867,-2.77834587977301,0.158010169303807,-91.3638596972704,-0.292931180488495,-2.73584836357193,-0.280361016393346,-0.334551939914581,15.4684700627957
-2.14348443872772,0.154765602524722,0.166285472774869,-0.878606815778687,-2.77908262660055,0.158074724728458,-90.1251704656733,-0.362580511132137,-2.71889635302742,-0.287398771456858,-0.334794525021858,15.5340612538395
-2.14380090742495,0.153863581801423,0.165747037980511,-0.879010001944267,-2.77965547454739,0.157970759441691,-91.8037211236978,-0.381769299100142,-2.7265278836914,-0.285197180155713,-0.334107558892396,15.4529134310791
-2.14424855407366,0.153215913712079,0.165300658509726,-0.879285487334651,-2.78005126154694,0.157709156948269,-89.4089465329895,-0.644186814623936,-2.64972111647032,-0.274540335873031,-0.337915025730195,15.4743211997341
-2.14484852701426,0.152844204253794,0.164963154938847,-0.879409733860655,-2.78027399249668,0.157316376976288,-90.8518905796509,0.369933081896988,-2.58221970121761,-0.266532284155814,-0.34123573037226,15.4235158462534
-2.14561759878553,0.152769174769883,0.164754028463879,-0.879360160706749,-2.78033211260292,0.15682140497258,-90.5064548259893,-0.071423279120836,-2.52854629615018,-0.271800247968073,-0.338393182670794,15.44982113071
-2.14655901685057,0.152986843065102,0.164679007672871,-0.879131993363033,-2.78024072058004,0.156250699743992,-90.4569421128939,-0.274908206610689,-2.7111306895616,-0.28218877645205,-0.336423786996683,15.5031398128731
-2.1476712260271,0.153485904179289,0.164741013775719,-0.878726391176211,-2.78001224734623,0.155622654974274,-91.4705470731676,0.36472733490973,-2.73570828291994,-0.291508856754783,-0.328243498473438,15.5193821891105
-2.14894295109047,0.154255309457695,0.164942976974956,-0.878145272643293,-2.77966066548071,0.154949635530367,-90.9725648140617,0.37477511802922,-2.72266534046383,-0.291779316424783,-0.328392916865261,15.580826092399
-2.15035770451225,0.155265572372782,0.165275754825255,-0.877406295739101,-2.77920180011957,0.154241040590362,-91.2899416376033,-0.340633384795865,-2.73647605022427,-0.292561827246529,-0.336070230898946,15.5877683532244
-2.15188886788713,0.156485292472583,0.16572801232528,-0.876529751848151,-2.77865029172243,0.153496169073989,-91.9248055892598,-0.216462812219561,-2.73425799404626,-0.283754248696371,-0.346011689795065,15.5959643975554
-2.15351574533126,0.157893047054812,0.166294736302609,-0.875530383229386,-2.77801409831259,0.152707836485134,-90.7802014776842,-0.468155681858661,-2.57974530117099,-0.276227397719856,-0.354377018767608,15.6747697783922
-2.15520010944843,0.159439842728832,0.166949687415868,-0.874443779799893,-2.7773173929393,0.15187675878255,-92.5059372203519,0.0165840464210305,-2.65792151851548,-0.282733341612734,-0.34648251822226,15.6466688050253
-2.15691392863605,0.161090293161409,0.167675950476096,-0.873297380724213,-2.77657158781538,0.150993432418093,-91.3594657313866,0.300971415073946,-2.74832162320985,-0.289444524635484,-0.33507261185301,15.6951812342965
-2.15863098138565,0.162802048228259,0.168450135123649,-0.872122381429851,-2.7757953019497,0.150059505911499,-91.9537700058763,0.134998851803175,-2.74901467687886,-0.290287363706026,-0.328242360886913,15.681348407643
-2.16031688849783,0.164529466309085,0.169245301472326,-0.870951314984796,-2.77501744958306,0.149084578987567,-92.141113016156,0.239915652633044,-2.73564440095345,-0.289482043948394,-0.328451617106877,15.6695134535546
-2.1619473663953,0.166222522991379,0.170031529613013,-0.869819053807781,-2.77426693690755,0.148087005754434,-91.0800163597752,-1.09198906572919,-2.62366801298197,-0.273182857083191,-0.340793409255894,15.7234383150386
-2.16350088582061,0.167827518407834,0.170776957803882,-0.868761539753872,-2.77357230031813,0.147086838373508,-92.9518167570582,-0.569872278786988,-2.56624742725853,-0.26652083817705,-0.3489701243629,15.6889399736613
-2.16495662665135,0.16929571185802,0.171452637750484,-0.867808108924797,-2.77296849579977,0.146115675337655,-91.6109846478689,-0.525963771798615,-2.59985818603587,-0.270708694971944,-0.349210537398872,15.7585187771951
-2.16630390557211,0.170583511616318,0.172036037997481,-0.866983266573646,-2.77248075112731,0.145202379262327,-92.4599548430084,-0.385381959135657,-2.68969985797688,-0.276350682569885,-0.339976761131994,15.7612993062718
-2.16753255821916,0.171655858235984,0.172509985949143,-0.866303456301923,-2.77213682554868,0.144380370783528,-92.6619663021264,-0.440588884346653,-2.58474691385038,-0.283533920693173,-0.332956437476197,15.7766224660036
-2.16863983167396,0.172489965548614,0.172867109679568,-0.865774446105356,-2.7719587509275,0.143683433389929,-91.9362810431926,-0.244163710425028,-2.73516324298055,-0.287135247119364,-0.333951358738485,15.8237029236292
-2.16962574004652,0.17306473800088,0.173102660351036,-0.865399831634038,-2.77196127806402,0.143139785983699,-93.243435065006,0.249395494173996,-2.79686377377351,-0.284245567406119,-0.341327712159373,15.8165166284151
-2.170504594728,0.173384905919994,0.173229861224903,-0.865165515415643,-2.7721372196474,0.142759184506271,-92.4828107520014,0.131623781633152,-2.5837260984263,-0.276718438852725,-0.351935861402131,15.9028239754491
-2.17128816545028,0.173457417183295,0.17326279396957,-0.865055532852787,-2.77248381303436,0.142555737765665,-93.2900159619921,-0.470655064675384,-2.54808743459611,-0.276273778396955,-0.346759076771919,15.8925175974627
-2.17199730332053,0.173304173548448,0.173225268564334,-0.865043969502014,-2.77298339119727,0.142529586645178,-93.6059456795143,-0.575890424710451,-2.79695507359165,-0.289866244782547,-0.339816657890504,15.8832663971008
-2.17265682121566,0.172954705928226,0.173145513071564,-0.86510327485498,-2.77360685697374,0.142669455868097,-92.2117732228692,-0.345363567255845,-2.86805673595541,-0.289620386520918,-0.337906562069626,15.9223474866859
-2.17328849031152,0.172435804827447,0.173047521371082,-0.865210924210636,-2.77432143774948,0.142955779324651,-94.1890087853265,0.27601489142512,-2.81628650350328,-0.291155991369576,-0.333310429332646,15.8279384134482
-2.17391358736016,0.171776832954273,0.172953995719734,-0.865345643016853,-2.77508843591601,0.143357195116696,-91.7439932709929,-1.23782239041861,-2.67309911107085,-0.285182825873423,-0.338053716387619,15.8589699705864
-2.17455321118389,0.171014507935437,0.172889845494618,-0.865485415603865,-2.77585985580199,0.14382959656815,-93.3100574125703,-1.08764862836279,-2.68900472873392,-0.275192321333696,-0.351410738260478,15.8472915514501
-2.17521862893572,0.170168071547037,0.172864392028377,-0.865624356382524,-2.77659568928019,0.144329578335917,-93.1443471776838,-0.241980204203173,-2.70740536801637,-0.274165377175445,-0.358634141271916,15.9156529244923
-2.17591756342643,0.169257304803129,0.172883337867814,-0.865758833145439,-2.77725734953486,0.144811645569243,-93.0837231544077,-0.495066874123722,-2.89866499889234,-0.28422969369635,-0.351860957374488,15.9725959449044
-2.17664283940572,0.168294456968674,0.172942189609868,-0.86589357019462,-2.77782148676365,0.145236948323088,-94.2550769093049,-0.126007225690273,-2.81618261324761,-0.298901988389884,-0.342322763667482,15.9902241542693
-2.1773812185997,0.16728366563558,0.17302823014617,-0.866040259423747,-2.77827188055915,0.145569564100613,-93.702843877514,0.61954000486412,-2.92514087423652,-0.301414646140378,-0.333806919354584,16.0449509577959
-2.17811651856996,0.166239105450818,0.173132227260262,-0.866204761994501,-2.77859771053916,0.145777285769976,-93.8957675967141,-0.252183233583537,-2.81054969644893,-0.300510935390537,-0.332796573109467,16.0221880551568
-2.17882339125981,0.165173343155056,0.173241096799252,-0.866393485957714,-2.77880487123017,0.145839969937758,-94.3824235437715,-0.275726567824222,-2.67250801920579,-0.287569618801593,-0.346294787100619,16.0148275664521
-2.17948123583938,0.164108536539369,0.173347838496311,-0.866604097301433,-2.77890630578446,0.145752386659489,-93.3462252093927,0.997354595239358,-2.51331800303157,-0.275097584649989,-0.357715807481957,16.0755704923735
-2.18006528017659,0.16306093787265,0.173441397269446,-0.866836050618285,-2.77892986375928,0.145521639936139,-94.9999188996904,-0.553190108330682,-2.82620749435955,-0.27875471552597,-0.354932221280066,16.0513506490341
-2.18055967900845,0.162061201793564,0.173520529620884,-0.867073860351977,-2.77890529570108,0.145164507409068,-93.6596037342555,-0.505986592140971,-2.85265650050815,-0.284375819455814,-0.350922054529579,16.1330352157187
-2.18094919737909,0.161143012386271,0.173588010413832,-0.867297917181733,-2.77887033284728,0.144707981481238,-94.8870373572266,0.34566207341345,-2.92736258712796,-0.288962559794882,-0.345403547585785,16.1412306058418
-2.18122924247498,0.160333511664701,0.173645479652161,-0.867488851793077,-2.77886263244367,0.144187105116171,-95.0869221006387,-0.0510039401442555,-2.92595331545732,-0.292990936333705,-0.342433094461243,16.1413589596808
-2.18140844594441,0.159657088037257,0.173696344998447,-0.867625898400833,-2.77891524243913,0.143642263288322,-93.7895338845236,-0.522487905956041,-2.66230796789006,-0.287396641719249,-0.34844801453279,16.1828963645784
-2.18150285165358,0.159130283098466,0.173742448079151,-0.867691929687396,-2.77905396368097,0.143109944916377,-95.3739857678867,-0.287888283096208,-2.59221248240971,-0.277967473484888,-0.353339782684432,16.1067784513217
-2.18154142514811,0.158762096922477,0.173785400349339,-0.867675795375368,-2.77928853405962,0.142617947815171,-93.4446302209983,-0.82974584246108,-2.47636121512537,-0.277971706298301,-0.353160063205299,16.1353617620651
-2.18156146965574,0.158555157318796,0.173825558588169,-0.867568830158804,-2.77962027325945,0.142192271570899,-94.9313289971595,-0.708311881922782,-2.62753624530231,-0.285021413379672,-0.343875694832382,16.116447456281
-2.18160491493228,0.158483519127379,0.173847999249548,-0.867384016856528,-2.7800393410826,0.14184898833482,-94.7163513677252,0.238639997243581,-2.7308321221131,-0.289962309072934,-0.342183546867697,16.1654733007613
-2.18171442819118,0.15852240978698,0.173841571247271,-0.867136796640807,-2.78051844090812,0.141584840280123,-94.7161175672827,-0.717305935974537,-2.90909516506412,-0.296870265522453,-0.34376768235585,16.2237443513998
-2.18193138529125,0.158638906280705,0.17379111783207,-0.866849379321054,-2.78103096237046,0.141397546133964,-95.5395496281121,-0.241023116515862,-2.95714875859608,-0.301456867717722,-0.347365235733938,16.2355370386372
-2.18228925951773,0.158791436260956,0.173676966694938,-0.866552900807585,-2.78154449094039,0.141273043428595,-95.1895214756392,0.752089594450581,-2.90088440131453,-0.288177715240602,-0.360557871818884,16.3027106613131
-2.18281797658766,0.158954089880762,0.17349114434244,-0.866269941475069,-2.7820180398238,0.141184676366953,-95.3952736095134,-0.439973764330261,-2.7749938836661,-0.287496303918772,-0.363554160680353,16.3283367306158
-2.18352514969185,0.159099737127122,0.173225246199703,-0.866024835148477,-2.78242892892469,0.141111917265797,-96.1729231678228,-0.488197639202326,-2.77469872794879,-0.293726855392796,-0.356349870591169,16.3610121884996
-2.18441531009581,0.159218379266876,0.172881791588407,-0.865829678139649,-2.78275761210669,0.141036004398764,-95.3077971771597,0.568514522797159,-2.7688201903639,-0.29476944892476,-0.352087851028031,16.4559709090092
-2.18548163628387,0.159322119757955,0.172478428384605,-0.865678935304479,-2.78298647062754,0.140931283615847,-97.2258181600721,0.882910391782616,-2.89415037382855,-0.306336228375486,-0.345362045963672,16.3970867439675
-2.18670070938522,0.159426220439647,0.172034240994262,-0.86556478167686,-2.7831160613237,0.140783170024273,-95.1928549167772,0.048860358150705,-2.79586587713067,-0.305461360504665,-0.345624181829081,16.417865823729
-2.1880365208677,0.159554226575485,0.171572943740224,-0.865468614261557,-2.78316354414142,0.14058841513585,-95.8805891504019,0.167069022987334,-2.6780059374972,-0.290176994969077,-0.346837158473783,16.3619492886343
-2.18945674026697,0.159738638032989,0.171125206467298,-0.865363304445784,-2.78314689611067,0.140349940048602,-96.0176157812311,-0.288007697159401,-2.61846662655134,-0.278895051078415,-0.352937452968777,16.3365477829036
-2.1909220271728,0.160015381647298,0.170724422676285,-0.865216098864187,-2.7830906580231,0.140073681692415,-94.8331822505274,-0.0295774731046095,-2.76602029854627,-0.27596310140904,-0.361557704019095,16.4065812688209
-2.19238926880402,0.160403005111642,0.170391923980512,-0.865003498206401,-2.78302791320854,0.139775483758388,-97.0371122195841,0.0639172411244999,-2.86344799859148,-0.27986479834056,-0.362737581925414,16.401385266758
-2.19382496688658,0.160920702908729,0.170151205607312,-0.864700125080484,-2.78298357148769,0.139471167540174,-95.7054619114988,-0.378091996026342,-2.92454273409399,-0.287752387172148,-0.354295393326246,16.4968700383487
-2.19519850556591,0.161559470662301,0.170006757865843,-0.864298743517958,-2.78298813119544,0.139188807552551,-97.1022039883458,-0.0344520508867845,-3.05258925562131,-0.301513492719697,-0.349645682082427,16.5110606868037
-2.19648713777226,0.162292781229574,0.169950896485244,-0.863805074678771,-2.7830631441796,0.138953662815546,-97.5052196373193,0.584060643693419,-2.85369779960263,-0.299411997477313,-0.349525664742053,16.5744046246345
-2.19768126142491,0.163087125526244,0.169972990622377,-0.863232128393682,-2.78321618134032,0.138783259644177,-96.6563373723294,0.240075936306994,-2.7551178860848,-0.294157234240098,-0.357156860131092,16.6203560889065
-2.19877238456013,0.163895782834049,0.170052344175406,-0.862604337211527,-2.7834573186223,0.138699732233799,-98.1000837856833,-0.328137411999478,-2.83456241390093,-0.297030997428211,-0.359742932990146,16.5227371643143
-2.19976197578951,0.164665995005627,0.170164189201758,-0.861955479195,-2.78378188936266,0.138713447071346,-95.7535585314888,-0.72204412144356,-2.72905732437658,-0.296519737912572,-0.356446207660809,16.5487144582446
-2.20065484338532,0.165345042650897,0.170282122330723,-0.861322641292598,-2.78417764305277,0.138824288937445,-97.0593577315064,0.158388194651252,-2.8116262778901,-0.293828499612663,-0.350588983231343,16.5046861719004
-2.20145904434386,0.165894592027136,0.170387716822184,-0.860736837738713,-2.78462518899161,0.139020544940616,-96.8379033809487,-0.235984545584188,-2.87862763269899,-0.294880896671945,-0.348917119288529,16.537980629655
-2.20218433771528,0.166289987021139,0.170470071696662,-0.860223306455792,-2.78510051891114,0.139282949083672,-96.7713197414512,-0.335151384229221,-2.79495501122119,-0.29594034231742,-0.358048946597888,16.6098203438708
-2.20284232359574,0.166522897285826,0.17052697180683,-0.859797771901152,-2.785572069346,0.139575950364658,-98.0468521357571,-0.0955908654298128,-2.99760246864864,-0.301498812742952,-0.366665140400273,16.613709733409
-2.20344205039988,0.166604270510516,0.170565944212177,-0.859464950493969,-2.78600923385241,0.139858774125195,-96.8443186000943,-0.716623511840226,-3.11248380603848,-0.301314647941964,-0.366734310410688,16.6766475747986
-2.20399154965092,0.166564579047459,0.1706055837209,-0.859215113266379,-2.78638057943913,0.140084481168399,-97.7925195941588,-0.838341653498674,-2.93544476092183,-0.299725042356084,-0.359682795260832,16.6716508658647
-2.20449655737894,0.166444145141425,0.170668278088207,-0.859030408705144,-2.78666184386623,0.140209929897561,-97.8446650325837,-0.117974551962561,-2.92557729057575,-0.302756557808502,-0.351474094304189,16.6707277018499
-2.20496217050608,0.166284682654977,0.170773725356736,-0.858889638274482,-2.78683578950174,0.140198679589109,-96.8622040052967,-0.840162099515283,-2.86490768440302,-0.305272994712021,-0.351084154548556,16.6781982834159
-2.20538287763355,0.166120827269681,0.170933871419294,-0.858773757147472,-2.78690173885489,0.14002767543143,-98.2294795371971,-0.278381716108015,-2.87109041850047,-0.306447574720586,-0.35098211318647,16.6477851885366
-2.20575974749357,0.165991894415759,0.171161791012739,-0.858656464317867,-2.78686085865616,0.139682994058942,-97.154812669207,0.592954609075377,-2.81674427920569,-0.301959995073203,-0.358113527006254,16.7141549865215
-2.20609032689205,0.165924128542639,0.171460235528049,-0.858517957263242,-2.78672978951498,0.139170644843269,-97.8822352925592,0.218100319555333,-2.90427776947166,-0.300437672133428,-0.358796436267115,16.6973016632967
-2.20637207387394,0.165924012288605,0.171817566210412,-0.858350563347275,-2.78653662599151,0.138514605225576,-98.1853909125747,-0.152839603127404,-2.79125567394726,-0.294813321950329,-0.357606589212333,16.7127817410248
-2.20660400140431,0.16598645119987,0.172213069697317,-0.858151208971348,-2.78631795558027,0.137757510862885,-97.5551491104385,0.118672991229687,-2.80286626244163,-0.290802023835772,-0.36412384395599,16.784399099056
-2.20678556272138,0.166090937049779,0.172616670397661,-0.857928967736348,-2.78611561346919,0.13695241677279,-98.9985210237775,-0.374242566058456,-2.91483898217385,-0.3010257508191,-0.361169260099834,16.767432637308
-2.20692075093192,0.166221797043997,0.173002610020871,-0.85769000702108,-2.78596678716296,0.136153125510475,-97.7902399336413,-0.571598970110244,-2.91865134118277,-0.301430330044216,-0.361330743758262,16.821556589121
-2.20702066440264,0.166363775399166,0.17334752167123,-0.857440905833934,-2.7859046714606,0.135416115119908,-98.4317275913488,0.226816504768294,-2.88720974473802,-0.295879567287904,-0.356288004625919,16.8101283110561
-2.20710457745106,0.166502105644049,0.173631268191879,-0.857190557412003,-2.78594983186887,0.134788482585056,-98.7855735106282,-0.170121204261932,-2.90076686458011,-0.295474497978071,-0.354274093782211,16.8063237550826
-2.20719091218732,0.166630001642633,0.173842092703301,-0.856945604154214,-2.78611244031334,0.134303747675984,-97.9493620933833,-0.108990909627664,-2.68145171450561,-0.294226770547533,-0.359274765017618,16.8706934057737
-2.20730645358025,0.166760671951121,0.173983227122325,-0.856701527131228,-2.78638493783345,0.133975327171272,-99.7953489466034,0.563850375611082,-2.84261809891078,-0.302159882347645,-0.357868634693386,16.8510125540783
-2.2074802364609,0.166911614141217,0.174065204693465,-0.856453746280698,-2.78674645962656,0.133799836808726,-98.2302241572586,-0.139998529290779,-2.77719531086319,-0.300007417259527,-0.364346285350403,16.9141373139011
-2.20774454296278,0.167109332297948,0.174106650240759,-0.856191452285142,-2.78716119986278,0.13375367072358,-99.1444666024582,-0.761051001356691,-2.94051827598611,-0.305173091637389,-0.360635344136855,16.8871723262213
-2.20812607294472,0.167380308917997,0.174127126719669,-0.855904111579684,-2.78758885251425,0.133798936839782,-99.0550952253673,-0.351030490603989,-2.98243953424981,-0.298441441727234,-0.36005034048156,16.8895569800022
-2.20865090182591,0.167749738172744,0.17414837310693,-0.855583626647703,-2.78798312952386,0.133889413788122,-98.2303955892564,-0.535149894937831,-2.83748537448469,-0.296333565207926,-0.366182779311722,16.9467618872923
-2.20933462546279,0.168236505850811,0.174187322870448,-0.855221583375647,-2.78830458142132,0.133976236616617,-100.00103146561,-0.106246154073233,-2.8679225220196,-0.300565755214257,-0.36884277582205,16.9452039882817
-2.21018533296878,0.168847796877968,0.174253200824989,-0.854814013684311,-2.78852243262962,0.134016149024874,-99.2649874843728,-0.00400183215856487,-2.73440362638775,-0.30217869651558,-0.371094688263759,17.0551220435236
-2.2111956048098,0.169569390969456,0.174341628201988,-0.85437025190768,-2.78862239733415,0.133976348455696,-100.165661369176,-0.210744026501516,-2.86675440368217,-0.305231409991781,-0.366461930308911,17.0677277757656
-2.2123480705725,0.170389137608357,0.174448625061481,-0.853893585744021,-2.78859869112843,0.133827560425701,-100.198135999328,-0.230879739980082,-2.99204004305815,-0.314138054822612,-0.352002454018054,17.0332473860292
-2.21361965650134,0.171274865505437,0.174558085827106,-0.85339866145407,-2.78846267115817,0.133562369407889,-98.5915949804929,0.0167954527305483,-2.84696052240074,-0.306608650377768,-0.352604758010287,17.0314494560319
-2.21498110526372,0.172190290903026,0.174652176149632,-0.852899601811003,-2.78823597110595,0.133184029660358,-100.301112517416,0.407036783647982,-2.94838292684761,-0.299132348845857,-0.355951566298756,16.9715699245178
-2.21639066720454,0.173089695902054,0.17470717859986,-0.852416768690241,-2.78795740868764,0.132711643895652,-98.938569664702,-0.333907256072735,-2.81098625496253,-0.292749684038763,-0.371454612854672,17.0596676508473
-2.21781742676746,0.173949172635662,0.174715454246491,-0.851954172019343,-2.78765880597787,0.13216605581152,-100.361713383277,-0.286589160193898,-2.87259724627228,-0.290964037564257,-0.377219735256048,17.0886027334985
-2.21922539696721,0.174741648885483,0.174669756882668,-0.851517975899586,-2.78738250050747,0.131580587541706,-100.458508234916,0.0596868869088212,-2.94637685652259,-0.300197332682314,-0.373948057731031,17.1265394708684
-2.22058536714533,0.175446609715612,0.174568979645413,-0.851112643080817,-2.78716045215799,0.130984016104701,-99.8039679363488,0.177343517155578,-3.16247144078261,-0.308614682220214,-0.368313702648318,17.1733245706641
-2.22187796685321,0.176058238381885,0.174422599617929,-0.850732876275912,-2.78702219929672,0.130409340059909,-101.32391737831,-0.209144596713486,-3.09499365902457,-0.31706968984089,-0.357425907330034,17.1516936378966
-2.22308287263956,0.176571472166163,0.174241241754395,-0.850375445139375,-2.78699736570742,0.129891365444911,-100.022046085773,-0.213826798159289,-2.88729191858812,-0.30920435579801,-0.361579357891368,17.2203582134092
-2.2242028119572,0.176994177733702,0.17404704643798,-0.850032325473929,-2.78708770743294,0.129447234312486,-100.830464549819,-0.105163888782045,-2.87468821932964,-0.304283562932943,-0.372760096056297,17.2081430636057
-2.22524096393433,0.177340664156941,0.173865708714118,-0.849691764175493,-2.78729104095315,0.129088695468105,-101.366871069329,0.125300935890209,-2.82030877819631,-0.30386617961655,-0.374988842970689,17.2226658966444
-2.22620086743548,0.177608446579371,0.173708650007136,-0.849355297880841,-2.78761214980886,0.128838469441029,-100.414740238749,0.23161778327335,-2.87422883370698,-0.30307917325374,-0.369463867164546,17.2914431506395
-2.2271007403163,0.177806006591012,0.173595534845719,-0.849017129553818,-2.78802979022827,0.128694849430238,-102.170045835917,0.1332040365794,-2.97609289636853,-0.311445612881009,-0.363137424561639,17.2575896924943
-2.22795411007194,0.177918039611946,0.173527976050192,-0.848690664718566,-2.78852648398401,0.128658955064255,-100.336521873435,-0.198980733456438,-3.03758415196646,-0.312719859616064,-0.359824843997898,17.3038946622024
-2.22876971929806,0.177922304452404,0.173499696528371,-0.848393303546786,-2.78908854904927,0.128731864114621,-101.311054205348,-0.648715158046571,-3.11593376586964,-0.307566163330725,-0.367305092047135,17.2741642848985
-2.22955479101173,0.177787034326782,0.17349580189226,-0.848149210308717,-2.78970284140607,0.128913027125848,-101.500959782396,-0.572828252961926,-3.02872850033614,-0.301941436101024,-0.376193697765303,17.3102067183238
-2.23031307497618,0.177474156842654,0.173495811651043,-0.847988797480695,-2.79035317852933,0.129194684597856,-101.000317184549,-0.827778091206483,-2.80206840933212,-0.291707031743132,-0.383494914321826,17.3809123014841
-2.23103969378435,0.176945335786882,0.173475160338481,-0.847940414178002,-2.79103102082232,0.129568537239927,-102.609619139463,-0.0646787263390252,-2.86745860389496,-0.298235537576062,-0.375236596779132,17.3601530615204
-2.23172916917725,0.176174887135243,0.17341696435817,-0.848026169092119,-2.79172502080882,0.130018169877399,-101.247090883683,-0.144963205554404,-2.97850875883981,-0.310142453509217,-0.362503864346875,17.4014226855844
-2.23237429566827,0.175147385123569,0.173308665393919,-0.848260912092992,-2.79242702302026,0.130527976832021,-101.937829920031,-0.634297904003915,-3.03359937829407,-0.318338851364625,-0.357912038673173,17.3865389855837
-2.23296682850939,0.173866827689797,0.173147894933992,-0.848644926342009,-2.79313096592796,0.131078532039536,-102.16420658897,0.253393761492589,-2.98846598631494,-0.316476351324077,-0.360656558954502,17.3948245614475
-2.23350197476196,0.172348241044618,0.172937925759905,-0.849171475200126,-2.79382910960734,0.131647343352254,-101.287041497222,0.105340011310773,-2.95076897991675,-0.30561081283156,-0.370196832211251,17.4518709344366
-2.23397105381872,0.170633651899926,0.172697388248595,-0.849815132574357,-2.79452009205063,0.132213428948025,-102.810441189039,-0.0442252146535793,-2.84471619474411,-0.3019583733091,-0.37951438773461,17.4388418987773
-2.23438030917387,0.16878877293178,0.172459154868929,-0.850533998928427,-2.79519498620805,0.132754058882108,-101.735617470469,-0.0656294372397497,-2.85103156763961,-0.298051786181392,-0.38154524816064,17.5124656212994
-2.23473564411584,0.166881368893472,0.172254014688252,-0.851282366793489,-2.79585066076402,0.133252231881137,-102.594454827715,-0.678832274116075,-3.03444810255465,-0.310079861124954,-0.378643893760492,17.5157815913464
-2.2350498474688,0.164991832604581,0.17211962120238,-0.852005642869686,-2.79648183127503,0.133691820872769,-103.094190712323,-0.689513998545408,-3.2362106773088,-0.320340184615169,-0.370095556349741,17.5312457478682
-2.23533942603425,0.163193695766869,0.172086878082819,-0.852653505248191,-2.79708317195632,0.134062051864772,-101.805408451188,-0.587240781542278,-3.05013647845388,-0.314599572444507,-0.367743901958903,17.5777415099862
-2.23563302259756,0.161567010635111,0.172189986799346,-0.853170220884853,-2.7976436709538,0.134355339096742,-103.641968514227,-0.528061793485449,-2.93288012719708,-0.311860035382736,-0.370485686104041,17.5065471602423
-2.23595783380305,0.160167309470995,0.172446010071207,-0.853518326895509,-2.79815274774311,0.134565766341627,-101.762690477325,-0.0447658660468733,-2.79881375211497,-0.301622208098888,-0.377327720496484,17.547174118048
-2.2363399793055,0.159027131614615,0.172855124607285,-0.853675997043715,-2.79860091968264,0.134693620478632,-102.99374110983,0.266091023547006,-2.68933775081612,-0.296194687962644,-0.380843332831443,17.52167829327
-2.23680571085286,0.158169331976538,0.173413381169996,-0.853630612490923,-2.79897748101158,0.134742413484874,-102.813449520097,0.135668665310732,-2.89963828033507,-0.304235076987335,-0.373034068784025,17.5408475843167
-2.23737555704164,0.157575683677429,0.174090005688903,-0.8534001596512,-2.79927297730847,0.134716617391878,-102.146855893117,0.474200008454318,-3.10599257752079,-0.311208445092637,-0.369478096996614,17.5968701775434
-2.23806401461439,0.15722435993735,0.17485460626822,-0.853008387441755,-2.7994748056667,0.134615698922585,-103.554997210506,-0.422705008354569,-3.08962774844318,-0.320892084101759,-0.369607284326095,17.5884986637663
-2.23888081853074,0.157083396999432,0.175672144783626,-0.852486250198907,-2.79957147508381,0.134439343748018,-102.711089273718,-0.318159205089842,-2.9783898799385,-0.316225898424673,-0.374436611441446,17.655864916388
-2.23982246894065,0.157104107817998,0.176499055569471,-0.851878215722297,-2.79956512626796,0.134197224854834,-103.486012735193,-0.698659300893269,-2.91884723251471,-0.317755907621256,-0.379727107301931,17.6752277390083
-2.2408750381766,0.157242654939768,0.177298059029642,-0.851227108918314,-2.79945823590906,0.13389163640274,-104.040699864817,0.137310448009885,-3.12978340466265,-0.31178494160377,-0.383807845639292,17.7097473212123
-2.24202406526831,0.157466398346514,0.178041480963966,-0.850565771928422,-2.7992545839102,0.133525927517878,-103.057240557862,0.652892887212374,-2.97269306275325,-0.310355877065295,-0.37720818988368,17.7657136314533
-2.24324273121648,0.157746165150426,0.178705330068361,-0.849923445783743,-2.79897067648938,0.133108874582917,-104.559333556343,-0.352719486767228,-3.06293702223755,-0.321082072021437,-0.368444000661154,17.7112789261658
-2.24449724418062,0.158065524434701,0.179274675399064,-0.849317947067315,-2.7986316979576,0.132652421516459,-103.115513681081,0.248257204494621,-3.01494391565123,-0.324918858946844,-0.365528942562187,17.7547939412385
-2.24575518183197,0.158424747857643,0.17974692197814,-0.848751964472571,-2.79826499873723,0.132171367044797,-104.000984677855,-0.21104118653011,-3.01481559702501,-0.318644991055453,-0.369588069355443,17.733872027543
-2.24699262241178,0.158833644490508,0.180127454461322,-0.848217766588566,-2.7978957041222,0.131679887531867,-104.239400014915,-0.463674211288435,-2.98670368728492,-0.308790186137037,-0.375172881644303,17.7432646958567
-2.24817962869338,0.159299334734247,0.180419383638505,-0.847705662248574,-2.79755777946224,0.131198395731152,-103.35445733618,0.282321926452369,-2.96235905811545,-0.303668922757817,-0.385578350841962,17.8320998916647
-2.24929668508672,0.159832307640643,0.180629146948982,-0.84720218645994,-2.7972755357432,0.130738878792397,-105.152789468566,0.25219615815422,-3.05798869355897,-0.308977320493904,-0.387685114473951,17.8181276029847
-2.25033014153899,0.160440131568757,0.180763035339649,-0.846695494135547,-2.79706998820874,0.130313272311125,-103.961821763685,-0.764374123910557,-3.16833332000337,-0.316557109798207,-0.381950542042766,17.8814207218719
-2.25127559318404,0.161123275490801,0.180824110923359,-0.846176239420349,-2.79695747450481,0.129934050384969,-104.605574126622,-0.473524200777319,-3.18844123120905,-0.324913106708348,-0.37398344459278,17.8916661499909
-2.25214206635924,0.161874212263593,0.180813101068773,-0.845640333188428,-2.79694029139003,0.129603999430377,-105.300851852059,0.636791039684795,-3.15202249121836,-0.325382462810942,-0.375438943411759,17.9102199557285
-2.25293803333797,0.16266655495261,0.180721432997502,-0.845100879628022,-2.79701985217128,0.129326747723583,-104.169782194889,0.135607300265292,-2.95168526754841,-0.317434205782527,-0.380396425193318,17.9554093129942
-2.25367750721726,0.163475797380525,0.180544212106955,-0.844569390003768,-2.7971895668056,0.129099420475754,-105.905305187762,-0.172109636406731,-2.88050415651995,-0.316761021046363,-0.380831123245347,17.9177604683657
-2.25438158509362,0.164275552139683,0.180278920454603,-0.844060530150021,-2.79743561474532,0.128917288030107,-104.571553480963,0.673381505307816,-2.79489380509654,-0.313126390247167,-0.388001682605301,17.9977531848059
-2.25506857835096,0.16502888765467,0.179919518253953,-0.843598168998138,-2.79774460026946,0.128775358336801,-105.474033569002,0.0578313940557109,-3.04662365505106,-0.312214645003425,-0.381925940182747,17.9735237343634
-2.25575256947437,0.165699300063284,0.179461959432851,-0.843206216183637,-2.79810425162146,0.128669829198298,-105.52660085646,0.140365827880487,-3.22208490745535,-0.320343963359671,-0.37488993807212,17.9689298131362
-2.2564497175393,0.16627209793061,0.17891943458457,-0.842894727358685,-2.79849862228662,0.128595813335514,-104.539053071206,0.6803332338377,-3.10695296589105,-0.315995479374802,-0.377824127913306,18.0150019849377
-2.25717159387826,0.166738815442476,0.178309552932712,-0.842667882374939,-2.79891158532089,0.128545379041401,-106.154761397272,0.00502390445126366,-3.06161818665657,-0.314902856969129,-0.381784593781862,17.9726562266875
-2.25791625755132,0.167079107276329,0.177640944989838,-0.842537145196189,-2.7993441230497,0.128526799103049,-104.664375701091,-0.493847526475065,-3.14060968405852,-0.311563044481984,-0.38981729758744,18.022807535798
-2.25868809511582,0.167302309694487,0.176940935188443,-0.842491957333185,-2.79978496668269,0.128537006156483,-105.826773825349,-0.0185616793803547,-2.97785583337608,-0.310280077900646,-0.392863881245148,18.0565866312226
-2.25948011156018,0.167420269138523,0.176236290102325,-0.842518614747747,-2.80023517947064,0.12858132278243,-106.403338952927,-0.0388172420598494,-3.02315882752436,-0.317309534938666,-0.387390915316794,18.1322711982401
-2.26028160917094,0.167445993220404,0.175551923658132,-0.84260243674617,-2.80069270958649,0.128660574226777,-105.865252977593,-0.448805645727134,-3.04683215000603,-0.329034194210189,-0.382009123061097,18.2140783885704
-2.26108597310628,0.167402325549232,0.174915857763124,-0.842720375133847,-2.80114968574458,0.128767952141295,-107.532450373534,-0.768485779445882,-3.26150723672592,-0.338552285097766,-0.3746086851012,18.1860891912224
-2.26187786708752,0.167300633416677,0.174343702077656,-0.842858545209901,-2.80160652015311,0.128901154052162,-105.998368744072,0.330794501514902,-3.21418593710374,-0.330215191940729,-0.379948772374967,18.2241236164804
-2.26264725291432,0.167152525526594,0.173849166689526,-0.843004638475752,-2.80205558151918,0.129048753600026,-106.38334205728,-0.597266222473309,-3.19012469762094,-0.31800783468126,-0.38292218828127,18.1674499674342
-2.26338063989356,0.166967785100578,0.173442916693115,-0.843148514821152,-2.80248809128479,0.129194074760891,-106.479796486553,-0.572449176858072,-2.97689761073505,-0.309947080506446,-0.385075816591654,18.1425696457404
-2.26407003336097,0.166753845463695,0.173130267619524,-0.843282790316846,-2.80289453796703,0.129319732140588,-105.203827278981,0.21894419142609,-2.98501761513407,-0.303433296587971,-0.392513435986186,18.1953162959381
-2.26470507570477,0.166514801813788,0.172911892483778,-0.843403835415164,-2.80326557836835,0.129404595726094,-107.592226755592,0.608635245193227,-3.01400765990962,-0.306020730196201,-0.386636827740637,18.1450146868483
-2.26528237774286,0.166251047496041,0.172786133180593,-0.843512622517733,-2.80358840636598,0.129426400710987,-105.517852583349,-0.581800583135873,-3.09378169933242,-0.316051676302227,-0.37958577710711,18.23008148502
-2.26580190428661,0.165964425551671,0.172751030283732,-0.843609910278045,-2.80384921369221,0.129362898544109,-107.210341709273,0.722913423052887,-3.27936716910133,-0.317216386065876,-0.383392950057664,18.2252702544875
-2.26626328194899,0.165663886651242,0.172808104413122,-0.843689682037955,-2.80404450766905,0.1292017003195,-106.690414989104,0.179613587166386,-3.12461708669065,-0.318411369298478,-0.37958258738751,18.2507060733132
-2.26667222885967,0.165354634147891,0.172955770588632,-0.843750332467873,-2.80417023813012,0.128935287408281,-106.39420444102,-0.120390164104492,-2.97207812364172,-0.316654737775645,-0.389849085296446,18.2752363422753
-2.26704151400725,0.165049418579896,0.173196780546554,-0.843782768700059,-2.80421916543915,0.128557030418934,-107.484013793441,0.0667577648459883,-3.05022499740866,-0.319367957131985,-0.394172723617112,18.2826901542553
-2.26738185719415,0.164769458819206,0.173538225626967,-0.843772464266224,-2.80418991165423,0.12806491197326,-106.862882815725,0.615116258944681,-3.12647716086369,-0.32239540732297,-0.391751803981948,18.3467872608348
-2.26771492074529,0.164523771879444,0.173976917451874,-0.843712554887746,-2.80407920491508,0.12746428940239,-107.349790672897,-0.350836011834417,-3.17321410250713,-0.333912340361,-0.379431585028324,18.3369691933752
-2.26806181561734,0.164338548519268,0.174519777907139,-0.843583223023403,-2.80388748809477,0.126764351696701,-107.861799835029,0.391891232376793,-3.18810472922516,-0.337459629380691,-0.376843200294521,18.3477620337675
-2.26844924989731,0.164229461811954,0.175164517822452,-0.843372203254417,-2.80361216145603,0.125976931861179,-106.812722958412,0.156022168862364,-3.18894200868579,-0.331193905208756,-0.384752249101674,18.4103292300046
-2.26889673039698,0.164205668567179,0.175900784088562,-0.843072930262348,-2.80325727112942,0.125117335950597,-108.331521930832,-0.587707825453208,-3.20396872176357,-0.325133321779738,-0.391111569528488,18.3674983757348
-2.26942517743764,0.164273059519571,0.176714533103918,-0.84268254699605,-2.80282457370047,0.124198440852844,-106.9888645221,-0.44723317769126,-2.95338736893319,-0.318587759461008,-0.400734915271335,18.4242079400051
-2.27005185222271,0.164428027012919,0.177583061817765,-0.842206500168043,-2.80231837626767,0.123235217972045,-108.033607078499,1.1346839126777,-2.9370762881444,-0.319291007377795,-0.397030863417633,18.4434783266192
-2.27078441603918,0.16467077639524,0.178484789985143,-0.841648498665938,-2.80174879723041,0.122242766119942,-108.621385538581,0.668357500061802,-3.1101017064764,-0.327091491651686,-0.387924349044128,18.4768962370183
-2.27161744566709,0.164987212824707,0.179388054930862,-0.841024403024931,-2.80113484382739,0.12123955745272,-107.634426152456,-0.108348604005869,-3.20785949435836,-0.334143984390266,-0.387184771470442,18.5591022001017
-2.27254505578211,0.165364805826662,0.180263873263673,-0.840351507474441,-2.80049376408522,0.12024325038591,-109.228280643638,1.03276644763673,-3.15940201593719,-0.334054854173613,-0.384219920291302,18.5149719432364
-2.27354995402112,0.16578538910918,0.181080888896117,-0.839651665846818,-2.79985038569472,0.119272179857641,-107.829706854157,-0.221512008811487,-3.06507798445412,-0.325855244065181,-0.38542543790352,18.5439138161231
-2.27460544503066,0.166226502811179,0.181807290094321,-0.838949936345213,-2.79923871538182,0.118351036797212,-108.401481196996,-0.702737060459867,-3.06766695219645,-0.316599156434791,-0.388649226343402,18.5203290002413
-2.27568438030007,0.166678246096204,0.182425288197612,-0.838261381013897,-2.79868957051873,0.117503500764395,-108.833274393072,-0.303437213797679,-3.02650283210329,-0.311942509213631,-0.393859678796657,18.5536487881857
-2.27675762242517,0.167122337122181,0.182915302640458,-0.837606353103489,-2.79823946018624,0.116759294224757,-107.881131957609,1.18205674318619,-2.99510593875652,-0.312415233725866,-0.393390165257645,18.6339591396708
-2.27779643272748,0.16754444905472,0.183265901923331,-0.837001443794174,-2.79791940316623,0.116141889601605,-109.737870432719,-0.191181214948983,-3.1861382753448,-0.325248220189931,-0.388944452028357,18.5882352199253
-2.2787840168094,0.167948407090899,0.18348357306739,-0.836447454648498,-2.79774790822404,0.115667188197742,-108.266371980765,0.0848819725492831,-3.26546814830991,-0.327662122171889,-0.388781145871988,18.6601678185355
-2.27971083596579,0.168334440283737,0.183576695697035,-0.835945188402509,-2.79774112713009,0.115353479106351,-109.487672614964,0.00865310512222095,-3.29211472405333,-0.327760941523424,-0.393364865474472,18.6815620938931
-2.28057567152028,0.168706357220763,0.183560010954874,-0.835490415216684,-2.79790325467803,0.115208469234116,-109.95167334154,0.0126534722028282,-3.20270510828789,-0.326736445408853,-0.39979183404871,18.7199823205269
-2.28139156114481,0.169079458704797,0.183459666687197,-0.835068412635432,-2.79822017046137,0.115224476067051,-108.974776537374,0.375449387745675,-3.17963024703207,-0.32399987309721,-0.400984036037217,18.7823336063945
-2.28218533585609,0.169466626323694,0.183302792157929,-0.834664914310361,-2.79866241414789,0.115382005980265,-110.60047532132,0.946865094819032,-3.20013424927561,-0.331925175199352,-0.39814929161163,18.6964495029544
-2.28297857492327,0.169873484081929,0.183111375845463,-0.834269434289328,-2.79919868480127,0.115652542511016,-108.282024710127,-0.365686598980574,-3.31553686114253,-0.338013105102332,-0.391617809791459,18.7118155624915
-2.28379898527185,0.170301638856475,0.182904322765785,-0.833873810219291,-2.79979049700214,0.116002336190178,-109.507271391914,-0.447169863190311,-3.31583831042784,-0.334889296534392,-0.382941297809025,18.691770370406
-2.28467927122405,0.170743640668126,0.182695261122873,-0.833476059179148,-2.8003871627983,0.116383278595804,-110.013506343957,-0.335869567457166,-3.19482461016122,-0.329555433592477,-0.390875974016481,18.7644346363745
-2.28563775974381,0.17118521415091,0.182490966435944,-0.833079377976579,-2.8009507146409,0.116754482025697,-109.406937680945,0.353788232087936,-3.09125202593938,-0.324221271012193,-0.403502362813677,18.8485102522974
-2.28668592507164,0.171605145243309,0.182292430763238,-0.832693362880687,-2.80144722560101,0.117075179669438,-111.121359304174,0.363426833689346,-3.29106836967094,-0.32849969374848,-0.406431720573653,18.8165195010467
-2.28781572418527,0.171966267567535,0.18208658746032,-0.832340191698054,-2.80185846708433,0.117313412289956,-109.302702804954,0.247321953694609,-3.10185209252396,-0.333259284159533,-0.402702820534297,18.8429762538099
-2.28901316108407,0.172237914429508,0.181862917275051,-0.832038735905129,-2.80217408210774,0.117445744983851,-110.133928551961,-1.10700432497151,-3.32951120782045,-0.332178948103974,-0.393404804572424,18.795780502701
-2.29025226576747,0.172398364404177,0.181615407578818,-0.831801556675623,-2.80239772592092,0.117460948386229,-110.199271849195,0.373308886296172,-3.23664049375117,-0.330042179865851,-0.389012054959129,18.7978841933789
-2.29148702290634,0.172411599928609,0.181326049665389,-0.831653353164811,-2.80255860557099,0.117370978041501,-109.248610418219,0.227362795569206,-3.14900240170701,-0.32725912696752,-0.39725538802,18.8513512480936
-2.29266880981534,0.172265020484188,0.18099009078993,-0.831599847593634,-2.80269665590127,0.117200576689328,-111.322307144434,0.283236866251627,-3.19872246268403,-0.326576523860632,-0.403175237027764,18.815629753894
-2.2937492282623,0.171954102008178,0.180607647142019,-0.831642387198179,-2.80285752697939,0.116986243512616,-109.439795966847,-0.283790845294334,-3.19934176816585,-0.330947941743421,-0.403493817831513,18.8879182009347
-2.29468341161454,0.171502283255816,0.180197117742917,-0.831762323932171,-2.80308482481761,0.11676394029797,-110.912482929433,0.380661124087965,-3.32480692332274,-0.332022011859875,-0.395208999676249,18.8520931021143
-2.29543126652071,0.170927934833358,0.179771973166814,-0.831941966712013,-2.80343139938569,0.116584714206195,-110.006535931716,-0.226928083525308,-3.25136811309511,-0.331105261450841,-0.389495685792977,18.8691332475455
-2.29596817248738,0.170278132441844,0.179365481534264,-0.832144285699264,-2.80393518699964,0.116491788118992,-110.069232181518,-1.00662861468618,-3.1139735214625,-0.329286980299962,-0.394928809987407,18.9018267522701
-2.29628413021658,0.169609992233014,0.179017609068882,-0.832325974169055,-2.80461824705194,0.116513385403036,-111.288483384939,0.271303185837041,-3.09731259678335,-0.332889457349466,-0.40418317738697,18.9250452794607
-2.29638371055468,0.168971506422891,0.178761702908326,-0.832449589712986,-2.80549161895906,0.116672693998167,-110.669069614885,1.00517716080481,-3.19577738026416,-0.332677341641246,-0.40978764454958,19.01334466643
-2.29629471348257,0.168413797182336,0.178633912604914,-0.832476786910839,-2.80653572482951,0.11696783191091,-111.342698225361,0.406464932038489,-3.2994741115933,-0.336465536370243,-0.400249048644686,18.9980525134725
-2.29605603689824,0.167979641420422,0.178663956145167,-0.832376748079467,-2.80772156853045,0.117389699625106,-111.061171935915,-0.153376033669474,-3.28668556488537,-0.337686037249831,-0.389947183171855,18.9640312554993
-2.2957222041696,0.167692470917848,0.178868936605685,-0.832135329417442,-2.80899501247385,0.117907344724096,-110.110005500462,0.622540811010595,-3.28210273295514,-0.335842267179849,-0.388206265409922,18.9836638146153
-2.29535829296439,0.167566848033465,0.179259540806906,-0.831746447851203,-2.81028506656348,0.118472065548958,-111.726373708886,-0.0618196199361591,-3.19614578881436,-0.338852607818202,-0.396915107810753,18.9845138875949
-2.2950281654969,0.167591224257221,0.179826698081651,-0.831224711461107,-2.81152256104375,0.119038872649981,-111.095977938259,-0.249742423885436,-3.09622821957143,-0.335279441215935,-0.411170537506838,19.1120564457502
-2.29479948664853,0.16773667374073,0.180547726021335,-0.830599747472708,-2.81263063544404,0.11955375252767,-112.06643861817,-0.107694616519666,-3.16399105756494,-0.33765114208942,-0.412458340624387,19.1419430546128
-2.2947275338808,0.167952607128138,0.181383176492396,-0.829916379068101,-2.81354651333632,0.119974001724053,-112.27110778362,-0.0518251606206377,-3.37280478602065,-0.341196183696625,-0.406067555474292,19.1246773884982
-2.29485759029193,0.168184678633241,0.18228768574722,-0.829222082817034,-2.81422322926583,0.120270232167242,-111.072115916898,0.210196264261185,-3.3520655276053,-0.340994403273027,-0.395469086660375,19.1510901737116
-2.29521954173681,0.168377982585865,0.183210757077761,-0.828564728581374,-2.8146277828628,0.120419662309185,-112.524210808888,0.350459109379244,-3.28497058462881,-0.339883113510078,-0.391606016641713,19.1099466382436
-2.29583203741507,0.168482239172903,0.184103712598942,-0.827989764273258,-2.81474468094591,0.120413195752135,-111.283280736408,-0.343158603070606,-3.23249552337663,-0.332099351930739,-0.40255241896727,19.1680787331013
-2.29669121289643,0.16845082404777,0.184916281275594,-0.827538141412213,-2.81458242777423,0.120256012693798,-112.261385182998,-0.581863199017789,-3.26487965621857,-0.327869428074293,-0.410335401188592,19.1761913344914
-2.29777183713121,0.168256059050115,0.185607763866368,-0.827234686501898,-2.81417708514883,0.119969514987919,-112.919037981704,0.461697811389968,-3.21132610161911,-0.327828459662375,-0.406908345902695,19.2107386683709
-2.2990400151995,0.167893745965059,0.186151445804941,-0.827085405935949,-2.8135755068107,0.119580124386484,-111.91580367433,-0.574614036280764,-3.31998151656362,-0.329367311390778,-0.404734016803856,19.2835500439915
-2.30044800513719,0.167366464785458,0.18652519332241,-0.827091754645542,-2.81283843830025,0.119121376103513,-113.355024853339,-0.522595857357146,-3.39009390538939,-0.339529416485953,-0.39779087585443,19.2365542405905
-2.30193644081312,0.166702950240428,0.186725080293392,-0.827235836446128,-2.81203135654802,0.118620868970422,-111.9662796271,-0.41622674166365,-3.26937397306014,-0.339754575990982,-0.400864543129337,19.3007837446809
-2.30345199362233,0.165941769605162,0.1867567669387,-0.827492192414005,-2.81120994580498,0.118096664062005,-113.065232527134,0.516762519316671,-3.24430089266374,-0.334368095460474,-0.403980951018911,19.3061405881383
-2.30493547845613,0.165123383213872,0.1866297358925,-0.827833170851453,-2.81043647934659,0.117569935866433,-113.639804665265,0.736906397872872,-3.19144063601269,-0.333624201063706,-0.409522835848173,19.345666658639
-2.30633836302461,0.16429328055932,0.186361630152693,-0.828226378885945,-2.80975914636294,0.117054256632222,-112.502243841041,0.379687403505159,-3.14824825849303,-0.333226746001653,-0.41085096146843,19.4064617507139
-2.30762114166356,0.163497768906884,0.18597515202994,-0.828641094664504,-2.80920894077904,0.116549955560345,-114.2332182228,0.382160974804037,-3.25675886152399,-0.337984284034559,-0.399000632359543,19.3164058167288
-2.30875357861303,0.162767714859723,0.185487528830783,-0.829055960599595,-2.80881259396164,0.116061459757495,-111.928110387054,-1.02979946959931,-3.2703305367848,-0.343340900341557,-0.395347037356798,19.3228127249657
-2.30972742593144,0.162128769853032,0.184918001652667,-0.82945274249484,-2.80857567420582,0.11558749573776,-113.43253038443,0.0746979475586613,-3.26397559779565,-0.33932778455833,-0.397081780015704,19.3119198631932
-2.3105393108258,0.161587883934022,0.184277106647734,-0.829825467496938,-2.80850303965614,0.115133463638507,-113.238679139318,0.277195069947311,-3.11898102564618,-0.331208099376499,-0.410773952255602,19.4016761133329
-2.31120376320399,0.161147225977743,0.18357675178299,-0.830170400627658,-2.80858480270286,0.114703062318592,-113.427289484288,0.0323542416722375,-3.2770730742844,-0.325050708640282,-0.419862647573338,19.4808563553075
-2.31174844444867,0.160796075287821,0.182823410421485,-0.830491648890819,-2.8088032446621,0.114303680147835,-114.693386146107,-0.178252627116535,-3.13725652440613,-0.337778119354878,-0.418826441698935,19.5049182174401
-2.3122048893544,0.160520819319858,0.182022748614545,-0.830792924469397,-2.80913909229507,0.113944687521661,-114.131600506297,0.463928792523348,-3.18628544887278,-0.342584480758492,-0.413332235772693,19.5626563303878
-2.31260947436133,0.160302136583505,0.181177723058029,-0.831081137672677,-2.80957243320871,0.113640329380606,-114.076801344524,0.150189801091074,-3.36245133753798,-0.350483800964709,-0.398907339513288,19.5376258596723
-2.31300260972444,0.160123926446542,0.180295791625354,-0.831359751687899,-2.81007683616167,0.11340003501097,-114.777003141161,-0.799388217117212,-3.27207503662328,-0.355092102014778,-0.395306210364387,19.4988852930534
-2.31342157021657,0.159976584159424,0.179387963392202,-0.83162588746816,-2.81063043849779,0.113236018715017,-113.05264651642,-0.00367029790982087,-3.09148746136407,-0.335322942602132,-0.407614440528351,19.5631374656411
-2.31389553028402,0.159849771566699,0.17846437592285,-0.831877881165341,-2.81121131831083,0.113151818200815,-115.392093669751,-0.0265092745505626,-3.15605583399193,-0.33309325048666,-0.415310031510095,19.5161233455963
-2.31444722691422,0.159739209975691,0.17753821243225,-0.832109402106862,-2.81179719214865,0.113143812375072,-113.516047802576,-1.01750352370527,-3.13264426528266,-0.336627139768506,-0.417758378252653,19.5839510208625
-2.31509095150268,0.159645850586275,0.176625976690703,-0.832312804361068,-2.81236394759245,0.113198363615832,-114.627971808274,0.508140325294789,-3.34569137218293,-0.336903504328217,-0.41222350091325,19.5739401084616
-2.31583165480444,0.159582141925197,0.175750895495048,-0.832472657124045,-2.81288854774327,0.113294016695464,-114.619615415191,-0.264138867630891,-3.44161472967775,-0.343899345243617,-0.40668435735887,19.583773234886
-2.31666320663251,0.159556035177028,0.174931032124507,-0.832576745344529,-2.81335632459734,0.113411021282104,-113.986487675619,-0.561839368186611,-3.31402186368817,-0.345016547073306,-0.406437605266664,19.6396407799087
-2.31757259816653,0.159570171167192,0.174181261129708,-0.832619838991005,-2.81375135001362,0.113520869250215,-115.645921532253,-0.278259766794918,-3.38125751377711,-0.34366031950387,-0.417728904146239,19.6292716984525
-2.31853562372294,0.159633570764231,0.173518539066767,-0.83259325507905,-2.81406357267359,0.113594519115265,-114.422867775861,-0.07375192083191,-3.38200652629095,-0.335598949656418,-0.422995012797922,19.6932010604336
-2.31952414410975,0.159752208283887,0.172956313760104,-0.832492744521685,-2.81429031052619,0.113607436786124,-115.100830018432,-0.20514172537969,-3.37218507331718,-0.340693200254076,-0.419826790844492,19.6670375886632
-2.32051190949584,0.159924702254197,0.172502027490806,-0.832319204689198,-2.81442925989049,0.113536920292276,-115.204853462909,0.665775749357408,-3.23138669910432,-0.343559010549168,-0.410155548147318,19.6840794645737
-2.32147173093529,0.160148864851614,0.172161701506075,-0.832074268572036,-2.81448659272702,0.113370545783472,-114.525744284872,0.331086482742876,-3.33541901341945,-0.350076594399592,-0.404686144847561,19.7347863365292
-2.32238632457716,0.160432587597612,0.17194715634214,-0.83175346914906,-2.81446697653506,0.113098976365786,-116.21710307189,-0.0606143145662372,-3.38734829940307,-0.355899859980256,-0.404452683192765,19.7305758041818
-2.32323440841707,0.160771005585271,0.171859368570137,-0.831361431358815,-2.81438655884733,0.11272585689616,-115.420944813751,1.06146589961804,-3.31291284857258,-0.352207918632212,-0.419253991256255,19.8479057787963
-2.32400607297164,0.161158756074699,0.171897289727678,-0.830903225682522,-2.81426247212047,0.112263250488605,-116.366385053065,0.501075142671198,-3.22034790348698,-0.344922786715377,-0.426993425941079,19.8543407702773
-2.32470157520732,0.161604982027957,0.172067595517281,-0.830373689275808,-2.81410580347314,0.111721189566523,-116.087281571758,-1.26863039829755,-3.36232912216735,-0.347932986050826,-0.419849272492188,19.8090370158999
-2.32531958848394,0.162089047587306,0.172355477845668,-0.829790042634089,-2.81393987622788,0.111126377534632,-114.560784571078,-0.855308431021285,-3.36551761900901,-0.345093490693803,-0.413204877963742,19.8093982588503
-2.32586923782826,0.162602681548794,0.172751570575703,-0.829158974075061,-2.81378396691986,0.110506385611807,-116.572916237718,0.664632890500798,-3.43786856816058,-0.343185102725833,-0.408533908733363,19.7497825460149
-2.32636644461791,0.163131441784877,0.17324117966553,-0.828492826105272,-2.8136472578507,0.109882095032409,-114.788905713911,-0.311528179738389,-3.52026987335282,-0.346232272418011,-0.409864843967439,19.8016601250205
-2.32682780847749,0.163659041823868,0.173805702534807,-0.82780621441386,-2.81354260932142,0.109282093923793,-116.249717142409,-0.828644314517305,-3.42680443545933,-0.346018585520118,-0.419034519708632,19.8000069098003
-2.32726534118821,0.164153822612144,0.174413905896941,-0.827123495665236,-2.81348293576261,0.108729750389366,-116.037624978612,0.172459641788919,-3.27558880229873,-0.341369202059217,-0.423986019272584,19.8749134750504
-2.3276939425039,0.164597683262164,0.175041783875444,-0.82645941393287,-2.81347357955683,0.108244375490098,-116.110068416505,0.262580800112573,-3.2475083263372,-0.345246477632496,-0.419299687929633,19.9167171808538
-2.32812298173265,0.164970484613733,0.175662677249813,-0.825831410941384,-2.81351703766457,0.107836553931428,-116.829636568691,-0.221281723135689,-3.46953370205574,-0.356544860386047,-0.415007176725688,19.9281598599457
-2.32855250805534,0.16524540346925,0.176243919253355,-0.825260100224528,-2.8136249847654,0.10752284894997,-116.77537587171,0.818870481122758,-3.51828800961502,-0.349141514805134,-0.415722368361026,20.0054482783259
-2.32898935804785,0.165415232240422,0.176766837370661,-0.824753125967973,-2.81378823614118,0.1072981229012,-116.571395701825,-0.00012410002091201,-3.39444963379782,-0.35550015746702,-0.416605104467269,20.0247605603794
-2.32943605415099,0.16547171222394,0.177211543677342,-0.824317381726193,-2.81400521774341,0.107162910382248,-117.496692810544,-0.283681263038261,-3.37103127990886,-0.357687903754856,-0.418094309000224,20.0067432821665
-2.32989230532162,0.165423340405821,0.177570843504743,-0.823948809471488,-2.81426841998529,0.107106943542267,-116.140480344141,0.456424734840766,-3.28144757719946,-0.349845221535375,-0.418918898782857,20.0731895449879
-2.33036309665945,0.165295043009862,0.177851320290241,-0.823633579577495,-2.81455520307697,0.107101346417496,-118.098546055695,0.189549419278364,-3.34427617688698,-0.348091924772858,-0.415696312518914,20.0173330877118
-2.33084726787165,0.16510744286784,0.178058129395167,-0.823359013401611,-2.81485999091802,0.107134395443469,-116.359004005835,-0.575161514287629,-3.23153362850891,-0.352001511264291,-0.416207285711579,20.0744968165995
-2.33135173021127,0.16489909023706,0.178211698928632,-0.823102584699622,-2.81516081109451,0.107177312191392,-117.553677650104,0.850593077682788,-3.29694067834487,-0.345899094523665,-0.415607301086021,20.0748251434347
-2.33188804281483,0.164700183579751,0.178329385072963,-0.822847486737049,-2.81543636308024,0.107203104153198,-117.939811008294,0.478708165662965,-3.38584159199766,-0.350728710311092,-0.420597647125571,20.0890463536967
-2.33246078573478,0.164544963803507,0.17843254609575,-0.822574288709153,-2.81567428227884,0.107190818490078,-116.607645428422,-0.77120387271998,-3.36161630261159,-0.350908336805767,-0.422591204973002,20.1407456335186
-2.33307351837868,0.164453424056318,0.1785343147668,-0.822274424934169,-2.81586590605856,0.10712321647179,-118.71587476175,0.835548325223272,-3.36559791919532,-0.347207488372389,-0.422171911145368,20.0853408126736
-2.3337363271454,0.164445613981175,0.178651019638242,-0.821940463931666,-2.81599926496259,0.106982548002709,-116.381239310209,0.105977960511836,-3.2489326274335,-0.347652667109711,-0.421163092708567,20.1362322264514
-2.33445039107509,0.164525266040726,0.17878841445672,-0.821577029775385,-2.81607151102375,0.106758544844161,-117.861213975263,-0.494234958175412,-3.47967092954377,-0.350145104021938,-0.417091831364479,20.0781762009124
-2.33520840740402,0.16468346358796,0.178943386373693,-0.821195407332545,-2.81609577649094,0.106456545404463,-117.542894741582,0.115602833658386,-3.42338800737176,-0.351703725202535,-0.418638998346419,20.106250214129
-2.3360007610503,0.164897056689524,0.179103926661514,-0.820814764224643,-2.81609190525824,0.10609184364162,-117.073865635871,-0.0459730396885334,-3.55189369313933,-0.351606806491718,-0.423643592211862,20.1570771740292
-2.33681656411805,0.165142229666251,0.179258096735323,-0.820454398981238,-2.81608299008664,0.105686057904909,-118.806778492858,0.424887182123939,-3.47818541117752,-0.358197711780965,-0.420861568121735,20.1274985590213
-2.3376402833949,0.165382658452133,0.179386124790545,-0.82013946998717,-2.81609692244103,0.105266747500514,-117.148490877809,0.125583708522527,-3.46065764954912,-0.354583499267952,-0.422031169026353,20.2075569969125
-2.33846864530258,0.165601101936844,0.179483197971595,-0.819879286118986,-2.81614924218009,0.104858117302866,-118.588006448862,0.344762193940142,-3.52183363081647,-0.357517282423632,-0.422831008815955,20.200399702343
-2.33929348791409,0.165776218383816,0.179542938623664,-0.81968460583593,-2.81625623608164,0.104483845014318,-117.94133137544,-0.400489837997156,-3.60383505737937,-0.35954486935599,-0.42441953205729,20.2275936754297
-2.34012017942896,0.16589635733426,0.179566664685561,-0.819555235518654,-2.81642554367261,0.104169828412854,-118.089692269192,-0.537648418568779,-3.51152079922085,-0.356823986748416,-0.426219005012843,20.2673967387842
-2.34095815145604,0.165955594681726,0.179560438506499,-0.819485855396092,-2.81665221123811,0.103930092968231,-118.868941544669,0.490622541672565,-3.52967116436028,-0.361244538173306,-0.424388326100104,20.3008036912453
-2.34182164913977,0.165960801321248,0.179539629923139,-0.819462389650276,-2.81691968460035,0.103766545874914,-118.913713995658,0.0565643487195757,-3.38521437197704,-0.359888055449172,-0.426108839161821,20.358284172952
-2.34273668091045,0.165927428945237,0.179525837441844,-0.819463261053576,-2.81720030586324,0.10367669519408,-118.684534452295,-0.668729663050726,-3.48042181402789,-0.364574583087597,-0.421190245685249,20.3659869264805
-2.343728991772,0.165867382795027,0.179537263804517,-0.819470591485466,-2.81746216240882,0.103650210650878,-119.793504827261,0.869917118613103,-3.44570148430134,-0.361330595292092,-0.423312336925885,20.3573803907231
-2.34482193148128,0.16578664545683,0.179586926503537,-0.819472399528892,-2.81766805126444,0.103666319527707,-118.166059420678,0.25989647450092,-3.37000270364408,-0.3536356209701,-0.423202125418055,20.4227143906257
-2.34603341993699,0.16568166048713,0.17967750624688,-0.819465369552559,-2.81778569090015,0.103703192804923,-120.05784361101,0.135713838370521,-3.33536779397994,-0.352926582985243,-0.425247444683277,20.3881755707701
-2.34736856367228,0.165557335322067,0.179813624632069,-0.819441732205664,-2.81779122053159,0.103734606927501,-119.099294841723,-0.0468179234737818,-3.22458848522137,-0.348563523255413,-0.429204304110293,20.4724250408236
-2.3488201087705,0.165398559159334,0.179982512584469,-0.819409833866242,-2.81767124763862,0.103737672705654,-119.694720844277,1.04318750019729,-3.29949060474209,-0.351312564735213,-0.431650461622258,20.5127290988588
-2.35036748175139,0.165188700271793,0.180167761334861,-0.81938274573459,-2.81742404782515,0.103689856792468,-120.846579832575,0.811662353899919,-3.46592327477606,-0.356342645781516,-0.427805642372867,20.5288888240191
-2.35197678974469,0.164899629087394,0.180341265370279,-0.819381440545751,-2.81706579624935,0.103579393765099,-119.376378869265,-0.163315683900009,-3.38189587386339,-0.356875826175492,-0.428496858075933,20.6147870561869
-2.35360320688638,0.164509612453059,0.180477445137265,-0.819424483624351,-2.81662430788922,0.103399217093298,-121.280448192972,0.51465246783323,-3.38088318610363,-0.35481217886185,-0.425745823056819,20.5590632529937
-2.35519157554669,0.164002428133187,0.18055254419637,-0.819525192900661,-2.81614110502029,0.103150882167645,-119.48049959925,-0.591921117987567,-3.35625374474671,-0.35303036799676,-0.427372714392289,20.5993074462644
-2.35669107867334,0.163372927912115,0.180551878030522,-0.819689291875854,-2.81565915393635,0.102841807342672,-120.412562895388,0.592827782591485,-3.33256642613804,-0.349040837728302,-0.426444494746484,20.5865731516568
-2.35805251032539,0.162637382683454,0.180477006739982,-0.819907036944577,-2.81521618865216,0.102474357960662,-120.939731985231,0.565600197709728,-3.42091962687567,-0.353227159555682,-0.430606524258633,20.6242933311793
-2.35923631115414,0.161808642213998,0.180329488464074,-0.820168519358701,-2.81485776871537,0.102071768480466,-119.788405230313,0.508086932284641,-3.38101325762565,-0.348648744663714,-0.43413271487514,20.7039788817672
-2.36020888359487,0.160915399122078,0.180125445075626,-0.82045206096673,-2.81462132666584,0.101652686121468,-121.964218381646,0.354273146160494,-3.48086849477008,-0.358771568284153,-0.424126530437569,20.629661519367
-2.36095565794731,0.160006219715331,0.179897542004674,-0.820720929766023,-2.8145305147836,0.101237971591918,-119.50402615763,0.549775608623577,-3.50660786218788,-0.357596832623392,-0.424177461740415,20.6799183579469
-2.36148180871967,0.159129987813579,0.179682079062864,-0.820938133729002,-2.81459056773904,0.100840072129693,-121.073475834149,0.367299275731739,-3.44680035088751,-0.353304696157997,-0.428825918385462,20.6567771246331
-2.36179925393886,0.158330870327573,0.17951352480071,-0.821071001136243,-2.81480279025592,0.100474526929521,-121.187154169891,-0.300902258420592,-3.44009474609229,-0.357285044236096,-0.435491672800315,20.6904444446467
-2.36193763578019,0.157652295292365,0.179427014520951,-0.821086647001796,-2.81515774117258,0.100159521539355,-120.559372259794,0.356034646282751,-3.46694274365802,-0.359689662214719,-0.438200889737043,20.7578921804543
-2.36193707235744,0.157129622713001,0.17945216704588,-0.820958335870804,-2.81563761245707,0.0999097492067963,-122.144373797368,0.65277191964833,-3.58368477248035,-0.36728846632941,-0.435466402480421,20.7561400468286
-2.36184284724584,0.156784686056535,0.17960766771728,-0.820671497071556,-2.81621719943582,0.0997349124394427,-121.13112021074,0.412937529050168,-3.57148168098274,-0.373643638328389,-0.432564616191746,20.8324383315469
-2.36170250927693,0.156625961160266,0.179900083853925,-0.820222316879212,-2.81687127889393,0.0996444993265868,-121.947161460648,0.382891456725019,-3.70729446821716,-0.370919542688193,-0.427612443468599,20.8145446535912
-2.36155888403295,0.15664207549146,0.180319330080727,-0.819622573949504,-2.81758046628005,0.0996498621330423,-121.640913168508,0.839243278920776,-3.56198352759768,-0.36855040637903,-0.426338827440722,20.8027821394586
-2.36145417856234,0.156802587083297,0.18083939667393,-0.818899614461665,-2.8183280160652,0.0997623854149432,-120.678492131816,0.266874807589147,-3.3922177502927,-0.358853635972013,-0.432325882946978,20.8194838214077
-2.36142740721973,0.157079012749019,0.181433437356249,-0.818080963066539,-2.81909764261038,0.0999885420837237,-122.167617081298,-0.187507669520755,-3.33374702037293,-0.355229893395361,-0.437468263501989,20.7731064760639
-2.3615141424336,0.157430766355175,0.182065330939312,-0.817204073856753,-2.81986400078655,0.100316288474858,-120.930837864852,0.724261938631116,-3.29815985386244,-0.350182802792679,-0.440181214975577,20.8488535816248
-2.3617418014877,0.157811419144521,0.18269401108166,-0.816311312202984,-2.82061481923832,0.100744099775281,-121.972240038672,0.181758777878031,-3.47701849749316,-0.350880508156838,-0.438391322007754,20.8597150986813
-2.3621253676628,0.158167551200933,0.183273756980258,-0.815450303996761,-2.82133867529883,0.101258302696505,-122.173622271629,-0.270759381950029,-3.608379468745,-0.360064114867001,-0.427928881990098,20.8794282373345
-2.36267925850558,0.158459067928248,0.183769177568125,-0.814659080871753,-2.8220105621761,0.101827898940036,-121.679807111854,0.48550365856795,-3.64697937363854,-0.3627114440696,-0.431454894723886,20.9540771204087
-2.36341031206241,0.158656761955383,0.184155074338944,-0.813969337261536,-2.8226045971162,0.102413123399225,-123.531218665706,-0.077386735361415,-3.64046201520279,-0.366376949813036,-0.438672292007688,20.9504744089496
-2.3643127034537,0.158732185977092,0.184409137545529,-0.813408803129939,-2.82310300548968,0.102978379379418,-122.182019783917,0.263600810170374,-3.55429077344786,-0.36499254479864,-0.439375750772051,21.0202114769924
-2.36537496031766,0.15866981488022,0.184520332450551,-0.812995545440707,-2.82348569774341,0.103482755676228,-122.826368218111,1.14527331361592,-3.39715004378178,-0.365128538202196,-0.436076047920989,20.9906246042411
-2.36658165998568,0.158457480793348,0.184482399338068,-0.812744352412307,-2.82373237145582,0.103884095079506,-122.770948164899,0.48041688960916,-3.54969458322986,-0.370326423813375,-0.431147622420814,20.9633869834885
-2.36790285716389,0.158093105001639,0.184295387817104,-0.812658433271882,-2.82383989035303,0.1041556077439,-121.672512533511,0.3307361845184,-3.52093700849002,-0.371839786136587,-0.427899311058633,20.9838141157124
-2.36931123644695,0.157596604381279,0.183975828930279,-0.812723981530833,-2.82380052814168,0.104267301326763,-123.242210986491,0.0143160902503041,-3.53785549413266,-0.370792446121365,-0.425869601884271,20.9659274430482
-2.37076327325194,0.156975811441478,0.183530482516648,-0.812931714507648,-2.82363640649636,0.10421976750159,-122.351383824529,0.33591596713336,-3.33936517790846,-0.361531003324727,-0.4396400687015,21.0621389185126
-2.37222113970599,0.156257425977534,0.182978655752223,-0.813257967346028,-2.8233715103007,0.104021010267864,-123.421053664037,-0.943803938750534,-3.538216618517,-0.362420461541686,-0.445039830104789,21.0956210245167
-2.37364830276921,0.155469422354209,0.182338940398348,-0.813675796302392,-2.82304358773712,0.103698750998736,-124.010240587091,0.538937848175919,-3.67135473777032,-0.367452380137148,-0.444991425782619,21.1345025502266
-2.37500859505754,0.154643173218065,0.181629721452879,-0.814153892084808,-2.82270093746836,0.103294930067138,-123.166894538172,0.843152898665949,-3.58630084297948,-0.369368443797552,-0.440460655472974,21.2024648005996
-2.37627551613328,0.153805970273853,0.180866712596339,-0.81466487130806,-2.82239308619576,0.102858490898083,-124.471501083171,1.21299985785799,-3.61968690241898,-0.376485027417076,-0.432707871492434,21.1691933286186
-2.37743364657346,0.15299999887716,0.180075173680554,-0.815170031949063,-2.82216333924497,0.102437095427451,-123.37166757273,0.7856569539872,-3.69012171852671,-0.372292696503343,-0.433094324190034,21.2130349198855
-2.37848148200033,0.152262696406148,0.179279308184605,-0.815637104202511,-2.82204461406464,0.10207489007865,-123.602064996227,0.238803462757232,-3.66677778350945,-0.373346412514532,-0.436751432045865,21.2153229553131
-2.3794262692798,0.151620404504935,0.178496715797215,-0.816042461324566,-2.82206028428742,0.101807976872908,-124.788248043986,0.613972943761837,-3.45874563360272,-0.369781344551569,-0.442435615701309,21.2177535539044
-2.38028736667263,0.151101602394413,0.177749994430249,-0.816363484535435,-2.82221501055162,0.101656989901849,-123.013848102975,0.161782905751124,-3.42906976372853,-0.364774416229534,-0.443241958939333,21.3016846452561
-2.38109140812076,0.150731446932164,0.177062754019444,-0.8165829313932,-2.82249856725648,0.101628199037405,-125.538871302381,0.231028401048434,-3.53307678223285,-0.364813173508199,-0.438197191959409,21.2395605424107
-2.38186555674448,0.150525539500745,0.176455453601405,-0.816691456929898,-2.82288358639272,0.1017063675775,-123.239790152691,-0.313695716401298,-3.57107615451679,-0.36518718960942,-0.437756027188559,21.3063893527971
-2.38264025428488,0.150489471934739,0.175945123507072,-0.816687228069471,-2.82333470918169,0.101869455085052,-124.699006801987,0.305751807576826,-3.55314156384986,-0.359248290376337,-0.440078672186919,21.2887278448927
-2.38344261848283,0.150633182801936,0.175553718743975,-0.816564862095705,-2.82380205505741,0.102076107442894,-124.841638861455,0.718074076750781,-3.45034276512425,-0.362397665890096,-0.441164061068412,21.324315156845
-2.38428502703904,0.150939896001738,0.175286294357624,-0.816338347292101,-2.82424681046416,0.102288939413671,-124.153406232393,0.472269956371747,-3.441873934651,-0.360821871384186,-0.446777725306447,21.3837641214065
-2.38517397972463,0.151386107615081,0.175143695966429,-0.816023475476965,-2.82463479069099,0.102474662157986,-125.546599902072,1.12985845151798,-3.46826120609052,-0.363831368867522,-0.443318205691069,21.3721532972394
-2.38610261191256,0.151947011414387,0.175123592482762,-0.815634700213518,-2.82493672332863,0.102595685641607,-124.454261146349,0.517056929288628,-3.44069580672385,-0.370597512762957,-0.439325469913092,21.4401309828456
-2.38704970267414,0.152578492298186,0.175208707510594,-0.815197939686962,-2.82514801474945,0.102637179019477,-125.389300145401,-0.239939267205273,-3.58392132318912,-0.374962302948544,-0.435232048012502,21.4360973605893
-2.38799194713268,0.153241249599342,0.175381990445054,-0.814732109574783,-2.82527441754382,0.102594866448464,-125.940941440916,0.703335081367186,-3.71178173471816,-0.382093168782909,-0.438438850674476,21.472277433685
-2.38890174718655,0.153889499469419,0.175619458288703,-0.814260399172721,-2.82533185708315,0.102473895562918,-124.820127154289,0.862954850922051,-3.61893811699028,-0.373974831644031,-0.449716478043756,21.5388087782451
-2.38975056839639,0.154477562225321,0.175893663932216,-0.81380602275028,-2.82534018243911,0.102281291716305,-126.544747862986,0.485659818252998,-3.66997894926774,-0.374989418515088,-0.44618349175988,21.4543505390154
-2.39050857272409,0.154974681247865,0.176183328007941,-0.813380350783278,-2.82533509519708,0.10203945444542,-124.246887941384,-0.119368729755251,-3.66601262413351,-0.376506106310205,-0.444778272173865,21.4936377638799
-2.39115808585153,0.155350481430808,0.176465673689156,-0.812995942687508,-2.8253420620691,0.101766100155757,-125.850934076699,0.82193809703017,-3.54742438191587,-0.369319948017541,-0.443677229701204,21.4525828930047
-2.39168771626237,0.155582675704702,0.17672217532191,-0.812664446316564,-2.82538512973498,0.101479416247664,-125.370818340462,0.518765271905522,-3.53882049119926,-0.370265428680405,-0.442800116030653,21.4815529582905
-2.39209748157778,0.155661329702089,0.17694175676516,-0.812390903207329,-2.82547937832132,0.101192375011003,-125.283220910631,0.15725679784282,-3.58215482357983,-0.370439598945149,-0.445691036457889,21.5362026990205
-2.3923999279228,0.155589500726125,0.177121535115638,-0.812174555430351,-2.82562663422685,0.100910195823777,-126.310600643898,1.1551104740995,-3.69177561079945,-0.376088409006138,-0.445772784331288,21.546984878581
-2.39261031988889,0.155375268562173,0.17726103084011,-0.812014426569393,-2.82582555747468,0.100636091942321,-125.598906446275,0.997902423034702,-3.57120784793841,-0.374317521127107,-0.443740135292936,21.5953762611954
-2.39275341981923,0.155047001440343,0.177373630053343,-0.811897643372857,-2.82606278920956,0.100365063861512,-126.18661536654,0.518553770380322,-3.5650756500126,-0.379258126630429,-0.446074246112784,21.6077215308417
-2.39285408708053,0.154637651432905,0.177474783887012,-0.811808721221371,-2.82632139767653,0.100088444866877,-126.866657691431,0.210880294825074,-3.62813990595154,-0.378329810107542,-0.448640878916707,21.6477352258425
-2.39293713402024,0.154164916860145,0.177569347910426,-0.811744213607788,-2.82659185244917,0.09981048770593,-125.92950723817,0.460547396183301,-3.69830085815616,-0.378519178523689,-0.449166072219658,21.7058910081875
-2.39301735193707,0.153643412728694,0.177658511256835,-0.811701411057371,-2.82687031161926,0.0995350071491125,-127.486232092731,0.332543017471835,-3.71551399207556,-0.380714428149733,-0.440059728002798,21.6453550060717
-2.39311077746209,0.153098288559778,0.177750544883256,-0.811668914877305,-2.8271546530291,0.0992718889443893,-125.834306602798,0.895767717754552,-3.50169506720337,-0.380852742026085,-0.444714202540414,21.6905414457664
-2.39323736372751,0.152551861595209,0.177851354372068,-0.811635399870871,-2.8274372298413,0.0990273694777445,-126.626992191235,0.475462730188838,-3.62353112359406,-0.372413540708056,-0.448490796751801,21.6591796937292
-2.39340040636658,0.152002199414862,0.177948797035858,-0.811605145725302,-2.82772749758498,0.0988177533439414,-126.74287475362,-0.163442022544587,-3.69199940927612,-0.371615164055383,-0.443722693937653,21.6436995734138
-2.39360674199442,0.15145594562154,0.178036694780667,-0.811574127773693,-2.8280326002441,0.0986598238442078,-125.58990804848,0.278916225293415,-3.72287070681364,-0.36549491959908,-0.451836741794708,21.7161863584569
-2.39386510435442,0.150911746717478,0.178104886792348,-0.811542011497428,-2.82835827914819,0.0985690146823826,-127.967031022649,1.17086330088432,-3.47157654233052,-0.365687798682498,-0.452620117197968,21.7237788409239
-2.39418122398165,0.150365623687152,0.178142354078673,-0.811510999608253,-2.82871113782029,0.0985591167341131,-126.52114875862,0.0278116651743403,-3.65929371575237,-0.376456079721855,-0.452895549884738,21.8157089610417
-2.39457060792327,0.14983442710521,0.178154738617875,-0.811470339407864,-2.82907307540561,0.0986175976378332,-127.835723134888,0.821766979862332,-3.84341200016536,-0.383393990588387,-0.450016029931983,21.8186578858303
-2.39504410034351,0.149327160764646,0.178143834471761,-0.811415302561238,-2.82942747264384,0.0987296896763633,-127.621647216864,1.24445374190145,-3.73092240327108,-0.381908968915749,-0.445751987846128,21.8354426766488
-2.39561373122029,0.148858154280727,0.178116877460871,-0.811338577009578,-2.82975473024791,0.0988766845766324,-126.853644348775,0.53855696483447,-3.72740906194434,-0.376875890492428,-0.446174826912331,21.8518276637599
-2.3962945783766,0.14846052334913,0.178097108376136,-0.811222242904491,-2.83002251866356,0.0990242085491773,-128.322149805649,-0.129620832765568,-3.68911523126727,-0.379996417308961,-0.447695707520152,21.8236366706595
-2.3970961781928,0.148169135663665,0.178109839803336,-0.811048017190316,-2.8301991569935,0.0991341104169019,-127.169474395752,1.28723676002824,-3.60099946018354,-0.373053558227738,-0.456314976649303,21.9060091200284
-2.39802154136537,0.148010709739023,0.178176128175763,-0.810803591237546,-2.83026106687124,0.0991738401359226,-127.832448701215,0.204703249471549,-3.60114499937595,-0.376998800611455,-0.452619229901127,21.8922741130395
-2.39906512231569,0.148010841179683,0.178317141697561,-0.810477490301019,-2.83019602314647,0.0991193445974269,-128.295068584191,0.116297883335619,-3.81196990874145,-0.379986204365753,-0.442908542351248,21.8838662074647
-2.40021642745407,0.148190211644768,0.178550669636483,-0.81006025334831,-2.82999455594029,0.0989484331319013,-127.001535507511,0.228006316611072,-3.62940578010316,-0.371413307247527,-0.449832797305187,21.954823594761
-2.40145245744094,0.148551929127424,0.17888242169255,-0.809554513726376,-2.82966839830279,0.0986562887258182,-129.24807787132,0.510244696894006,-3.73441028982754,-0.370297122224715,-0.451395618139096,21.9187499865643
-2.40274493958204,0.14908469499248,0.179308526661484,-0.808968830277304,-2.82924791820649,0.0982614467685844,-127.372318422721,-0.228184301990495,-3.65035053334321,-0.372910491263319,-0.456837400472011,22.000590381467
-2.40406371258883,0.149760862491942,0.179813390706002,-0.808319444934395,-2.82877100030413,0.0977923861322285,-128.940059272832,0.872184459401069,-3.63580162573905,-0.372450343426133,-0.455558488142942,21.9961857066235
-2.40537985306729,0.15053579531829,0.180371781980688,-0.807635804168738,-2.8282784773559,0.0972835201806191,-128.637703550358,1.05128979062602,-3.63962823766718,-0.37803913889786,-0.453845971604402,22.0233905497004
-2.4066631675157,0.151343998548001,0.180943723920049,-0.806957543741727,-2.82782045658317,0.0967834625828502,-128.124040721414,0.579819931485417,-3.8436454676729,-0.381674025457968,-0.447762221182432,22.0283348568194
-2.40789784587179,0.152120384119653,0.181490004203481,-0.806321927930527,-2.82743456828714,0.0963343225584953,-129.047248235545,0.158472218501174,-3.76104939905957,-0.38386567828674,-0.446471518622046,22.0072690993571
-2.4090674037126,0.152797297904627,0.181969915241853,-0.805767307486638,-2.82715528766745,0.0959752728203077,-128.461431701106,1.06830358879188,-3.60552244261643,-0.376121839506032,-0.456227607331528,22.0861980243675
-2.41017269953347,0.153316759272404,0.182350387496651,-0.805325636909471,-2.82699463297281,0.0957286943621096,-129.011008196892,0.0921225915969899,-3.65846321013154,-0.378213603207178,-0.456927137665181,22.0909267355783
-2.41122486895088,0.153643685070588,0.18261472568166,-0.805013558813934,-2.82694620364795,0.0956007013875608,-129.494099427999,0.565990569461292,-3.7392014803751,-0.380106975802502,-0.457445845121108,22.1045747151185
-2.41223180191948,0.153741896959708,0.182743291264957,-0.804847959040712,-2.82700475357966,0.0955955652097891,-128.476576598733,0.81644188006544,-3.6367844302986,-0.380426128247048,-0.45813599955962,22.175070998434
-2.41320878008411,0.153597270111252,0.18273119497929,-0.804832941438067,-2.82714777341845,0.0956971652746678,-130.088078950577,0.166832523517087,-3.75141298512273,-0.384901964367731,-0.451855873288361,22.1295897778571
-2.41417263407159,0.153237116342662,0.182599652589845,-0.804943567144699,-2.82733895128624,0.0958709056056236,-128.577890404024,-0.591419364313879,-3.76556290554063,-0.387832253597303,-0.453611677362329,22.1945688357139
-2.41513697050933,0.152698881914375,0.182375834356934,-0.805149252943767,-2.82754482038739,0.0960817513734902,-129.857680251149,0.695935555866072,-3.79297911930749,-0.385864964867213,-0.458389682472538,22.2213228911121
-2.41610264949045,0.152013849673107,0.182080020424672,-0.805424678279434,-2.82774571341816,0.0963013271676658,-130.418810221549,0.989262087132602,-3.61916023325361,-0.386562326491366,-0.458423638144269,22.2740543700233
-2.41706670419298,0.151229654204204,0.181741650197832,-0.805733867815997,-2.82792538031561,0.0965018225107077,-129.662801968808,0.165234078629055,-3.6780354945347,-0.383260451589065,-0.462645408486188,22.3359356480194
-2.41801931560852,0.150395102501711,0.181390059823896,-0.806041743592146,-2.82807983129984,0.0966656984710796,-131.037259573419,0.149353225953746,-3.82593564420557,-0.38746687496164,-0.453937557940129,22.2795878122604
-2.41893439894154,0.149548222873783,0.181045157726877,-0.806320758381915,-2.8282248038003,0.0967894208723347,-129.27857299966,0.476467700687635,-3.71082417580089,-0.390030088887544,-0.451815003330388,22.2764761832165
-2.41978954758416,0.148719001736633,0.180721909145869,-0.806550264848169,-2.8283802523283,0.0968780614168408,-129.757743616332,-0.176320378628816,-3.78461219699926,-0.385458115681,-0.450848205358287,22.2485917838103
-2.42056123578313,0.14793005026576,0.180429481674533,-0.806715438681197,-2.82857207238231,0.0969472877594815,-130.559592810383,0.794600179228837,-3.66131306973276,-0.374101281621876,-0.458272036166864,22.2997825101321
-2.42122660678351,0.14719455022429,0.180171225257742,-0.806809977476365,-2.82882680989346,0.0970128353778458,-129.817064426423,0.746237976746443,-3.46719763124301,-0.373359534814639,-0.467497736118974,22.4171535121989
-2.42176973993441,0.146510339847304,0.179940723934275,-0.806839144559512,-2.82917214472662,0.0971002853316712,-131.985179357807,0.553452687547633,-3.78224159438369,-0.382391674255087,-0.467576404742255,22.3990957231108
-2.42218404913232,0.145881950015684,0.179737681506116,-0.806804243806907,-2.82962257539021,0.0972269389893971,-130.233540486292,0.0215648686626082,-3.73463091011445,-0.388280063632697,-0.461427085517064,22.4745344084299
-2.4224740698058,0.145308648126418,0.179559129128954,-0.806712763245682,-2.83017598997322,0.0973973578821841,-131.323355357626,-0.359703279791802,-3.92509133346724,-0.390761404936371,-0.45355403831806,22.4577449451771
-2.42265006488729,0.144798731097002,0.179408523652469,-0.806565346349497,-2.83081999409226,0.0976065165665814,-131.561457722725,0.44036511895024,-3.8014413354914,-0.392463555125979,-0.454487665863869,22.4555078696197
-2.42273330685442,0.144359889064668,0.179289799847144,-0.80636433528996,-2.83153211595032,0.0978456772360955,-130.246177167127,0.479100346547057,-3.63957394444247,-0.388214306103772,-0.461426367215988,22.5042396686489
-2.42275290251408,0.144007523105478,0.179212989962253,-0.806107785818031,-2.83226818730836,0.098082680988517,-132.335865525285,1.09125459568372,-3.64382116473448,-0.38514524681676,-0.466167752500002,22.4509471387524
-2.42273655962538,0.143753112199033,0.179185113569051,-0.805795495432448,-2.83299153698461,0.0982921889160907,-130.257316984879,-0.189986578606749,-3.67701148110851,-0.38423279087058,-0.463269610644489,22.5022446136697
-2.42271847880086,0.143606350442332,0.179213006613854,-0.805427788300901,-2.8336585786407,0.0984442051534209,-131.587458170032,-0.35604134305504,-3.99000042471104,-0.388532525361824,-0.458263130674678,22.4764112604908
-2.42272796387805,0.143561733967526,0.179292655116779,-0.805015656252234,-2.83423362569554,0.0985131139527041,-131.375405751183,0.169716798470745,-3.83697765877167,-0.387897765847196,-0.455467806420533,22.5233476922908
-2.42279495647402,0.143607842468208,0.179416877152041,-0.8045742009232,-2.83468773206511,0.0984815771963807,-131.40545180062,1.28282321336064,-3.67364489476199,-0.382931320611442,-0.464315426490323,22.6077778910792
-2.42294310423805,0.143725776697686,0.17957350614061,-0.804121502313309,-2.83500314781899,0.0983405122675518,-133.026810962965,0.597333898350598,-3.7391845687668,-0.387163357880758,-0.471261421442031,22.6202645640329
-2.42319072035968,0.143880506009388,0.17973817887534,-0.803685345866261,-2.83517879688794,0.0980987715728932,-131.91775932545,0.536260279297721,-3.64833558393821,-0.38642414060463,-0.471326245997518,22.6935322525953
-2.42355275765425,0.144035166080946,0.179885764007075,-0.803294296687376,-2.83522172365749,0.0977712889789719,-132.320662216276,0.968261500756853,-3.73378204555951,-0.391248024992964,-0.464579086539387,22.6438971187786
-2.42403655396366,0.144148661919106,0.179987495346636,-0.802977973254406,-2.83515005480408,0.0973813939282565,-132.235421827389,0.158833772296703,-3.82138549590439,-0.39792345815079,-0.453259573861933,22.5965959908413
-2.42464451110254,0.144184343033819,0.180016629347019,-0.802761796884662,-2.83499210928201,0.0969630745795088,-130.925761672674,0.116842036737125,-3.77281677510737,-0.396165469234914,-0.453707887737018,22.632288018337
-2.42536958888633,0.144114229948661,0.179950810463134,-0.80266317181305,-2.83478029180309,0.09654800857043,-133.216533035646,0.876680521443177,-3.83195658064585,-0.388996945579852,-0.458269525205736,22.6147592852861
-2.42620514915877,0.143928209150695,0.179779763369143,-0.802685216494608,-2.83454130799699,0.0961613229173332,-131.557465322635,-0.0255035214033796,-3.87575579007549,-0.387075390699777,-0.468835610870447,22.7176469097937
-2.42715066206501,0.143652729059162,0.17951812795056,-0.802804613171117,-2.83428675137661,0.0958151480020598,-133.116000860355,0.507915975782907,-3.85598094313008,-0.38503293125304,-0.472165592108254,22.7271353335082
-2.42818875964686,0.143320042596953,0.179183512835943,-0.802992605947202,-2.83403283457185,0.09551538132833,-132.78826193703,0.744400978532212,-3.85182404929415,-0.385797809784328,-0.465560986824986,22.7474258584187
-2.42930119260192,0.142991686145918,0.178813508239124,-0.80319893354582,-2.83378570405989,0.0952562609315825,-132.195384568703,1.08102223279434,-3.82430288112582,-0.387780351223799,-0.462135320654642,22.7677236445959
-2.43047022562085,0.142738378550081,0.178453339665747,-0.803364855722178,-2.8335443207928,0.0950246563464397,-133.504034504556,0.212610469673109,-3.81619669814205,-0.392119529978529,-0.458902041832317,22.7380543487572
-2.43167218506184,0.142623072362543,0.178143790245488,-0.803437612331068,-2.8333086662761,0.0948061629862901,-132.44914037331,1.11407905075134,-3.79234417898607,-0.385816520452595,-0.466540344787243,22.7908590767332
-2.43288280950656,0.142711604236563,0.17793059923875,-0.803363432524034,-2.83307042179616,0.09457734361874,-133.324753658713,0.829423561192698,-3.78009133501064,-0.387733441735866,-0.46964658867187,22.7944536924141
-2.43407447298403,0.143042821002202,0.177843254708503,-0.803107341406513,-2.83282595118351,0.0943198000609679,-133.601396818256,0.93405906690964,-3.73220501708695,-0.394225583055523,-0.466523539760746,22.8276498555152
-2.43522351385113,0.143634311442456,0.17789948226429,-0.802650641891925,-2.83257507676551,0.0940251556470593,-132.829753379486,0.650753652703997,-3.70917158486776,-0.395099667293852,-0.464770253836388,22.8885982618141
-2.43630806281185,0.144464017221735,0.178091960063076,-0.802002934462802,-2.83232524285381,0.0936952541001962,-134.14662265496,0.283220194399746,-4.05052757555882,-0.400403730609446,-0.45751238358949,22.8379700080146
-2.43730876839106,0.145486837042982,0.178399764866098,-0.801192948621537,-2.83208531250868,0.0933358315671586,-132.672825956344,0.522069698624819,-3.94282584106045,-0.401870151985437,-0.465039920835341,22.8971558325465
-2.43821230855592,0.146621606524707,0.17877818074864,-0.800276439275173,-2.83187317737096,0.0929679648551607,-133.922589781938,0.421014555532793,-3.75194455296381,-0.396626518968819,-0.473225204411149,22.9492767729025
-2.43901349021428,0.147773737132055,0.17917422567252,-0.799320640538239,-2.83170505784183,0.0926136246895705,-134.962379265323,1.12232231354551,-3.78556424085875,-0.393185332806377,-0.478465713157097,23.0240474796557
-2.43971396654838,0.148844807057904,0.179531272036252,-0.798397206817053,-2.8315983493625,0.0922998149520841,-133.753030239448,0.846690691481854,-3.8832398467695,-0.392892855838928,-0.474350726231039,23.088791493302
-2.44032421502575,0.14974126077462,0.179794251767728,-0.79757556143689,-2.83156233322752,0.0920436176845088,-135.339452944203,1.25993967418481,-3.92588187612441,-0.399100864735644,-0.463355469989819,22.984101346227
-2.44085512860646,0.150382735684318,0.179914965528764,-0.796917013973067,-2.83161358257104,0.0918706731194122,-132.953641950227,0.216211282891209,-3.83472589041139,-0.401060356730347,-0.454531531472053,22.9933439400727
-2.44132305424827,0.150723680293234,0.179864910242335,-0.796457028100851,-2.83175864010079,0.0917932114362939,-134.222857190874,-0.0573544238964132,-3.81120516822637,-0.39186683173372,-0.458699159187877,22.9477306065657
-2.44174695457551,0.150751963817108,0.179637035428415,-0.796209287679544,-2.83199354867804,0.0918091992826498,-134.248617658794,0.21526530138658,-3.67717367557842,-0.382584702186841,-0.473154685564867,22.979106287391
-2.44214944687402,0.150486207354466,0.179244202836942,-0.796164640577043,-2.83230703505861,0.0919086485597635,-133.672693253958,0.188586719917339,-3.76562085960126,-0.38067050445705,-0.481592215604501,23.0494414674037
-2.44255051608605,0.149979134489545,0.178720131518581,-0.796289215297489,-2.832678886246,0.0920670673255511,-135.555664463301,1.11195598600671,-3.78941880467238,-0.386917980656589,-0.4786065873199,23.053154249481
-2.44295978206404,0.149300423202591,0.178109215542044,-0.796536137429934,-2.83309183986912,0.0922580416279354,-134.143333313544,1.24489652282455,-3.95508574013354,-0.398693636765455,-0.474561977988538,23.1579739620248
-2.44338662904091,0.14853885540111,0.177468092852218,-0.796842540261812,-2.83352723144128,0.0924532667674458,-135.537592692926,1.11838088407762,-3.95637441876198,-0.404483339561437,-0.466098004073339,23.1307806433346
-2.44384055305009,0.147793763871062,0.176862055683868,-0.797138234524814,-2.83395610039516,0.0926161955444009,-135.012290985887,0.660564188025546,-4.00153002640485,-0.405517632671355,-0.461167125190186,23.1159901755341
-2.44432532098025,0.147147030905146,0.176345588941236,-0.797363960189247,-2.83435583500431,0.0927175292792584,-134.322206916796,0.232495864942621,-3.85204781118125,-0.400669849538669,-0.471869602434336,23.1397027653318
-2.44483505214844,0.146654971285622,0.175955528489955,-0.797477727752389,-2.83471534137557,0.092738485636085,-135.905918957663,0.748477104448284,-3.85702919370709,-0.398729596715068,-0.478862209557693,23.1116823212607
-2.44537053074505,0.146367454140655,0.17572611724136,-0.79744180942018,-2.83501431547179,0.0926580756698661,-134.343051977211,0.139705431041193,-3.77102707647731,-0.398492603745318,-0.480040991909564,23.1815575156123
-2.44593270039712,0.146302154987368,0.17567041332277,-0.797241191944266,-2.83523531884454,0.0924612370987956,-135.576063990815,0.394076593742511,-3.97677406932581,-0.404037549842407,-0.471645868520176,23.1717080949449
-2.44652085848384,0.146447542871847,0.17578150182663,-0.796881581821241,-2.83537091302768,0.0921469987481278,-135.338043350066,0.562561042521111,-4.10894844913665,-0.405664720403406,-0.465920607063439,23.2174925162309
-2.44713595509622,0.146771332928386,0.17603849670683,-0.796384377260083,-2.8354161004883,0.091720628997543,-135.35403460396,-0.204046248723216,-3.96102506753081,-0.400056652516967,-0.469388028270164,23.2867207047734
-2.44778648319519,0.147231965311359,0.176414416371638,-0.795779833235486,-2.83535762640264,0.0911821374593501,-136.358053788139,-0.19158192887744,-3.9328173062589,-0.400874184064522,-0.482087293647296,23.3263787261812
-2.44847271666241,0.147777920001566,0.176873527096805,-0.795105480700607,-2.83519865017432,0.0905447620533536,-136.437923224344,1.37185380920755,-3.93856295502783,-0.392584192446382,-0.489437105799223,23.4129618818986
-2.44921327986862,0.148362534009723,0.177385124475317,-0.794396853368196,-2.83492582902844,0.0898131914641071,-136.469942236056,1.08554261435506,-3.7953137670813,-0.398906237266064,-0.483227381116901,23.4318129018578
-2.45001879740694,0.148933342225081,0.177913073867905,-0.793695385614572,-2.83453737252082,0.0889996516838201,-137.737081869504,1.42145434297277,-3.90176485877473,-0.40719243174983,-0.468348406501042,23.4002662311299
-2.45089883885339,0.149460998021541,0.178436587391233,-0.793027258430658,-2.83403294033592,0.0881130464934557,-135.268239732769,0.915810945650264,-3.85269439990697,-0.408369837444912,-0.46339041430484,23.4318637004725
-2.4518628257144,0.14991673061215,0.17893462700933,-0.792417416056818,-2.83341929660662,0.0871693990834063,-137.556689073897,0.379159236111263,-4.06641384325226,-0.404227385496211,-0.458803355146433,23.2957982636056
-2.45291403333856,0.150288535705322,0.179397636091081,-0.791877892915051,-2.83270383286545,0.0861801047754108,-134.700637958857,-1.29308907484869,-3.67183411573308,-0.392513421769073,-0.469841228425557,23.3469709914231
-2.45405206621122,0.150568873735306,0.179819924405556,-0.791416486611247,-2.83190531077922,0.0851667787672246,-136.863873106002,0.0452858431449386,-3.53582882646182,-0.379815062665764,-0.486615784310124,23.3698827378856
-2.45526554471176,0.150762790228828,0.180202664197882,-0.791027991328901,-2.83104856601452,0.084147782241247,-136.952690690678,0.223636763737886,-3.83314023612397,-0.380370359788185,-0.491792297919551,23.4710440164308
-2.45653464055014,0.150866954103556,0.180540183361989,-0.790710737216117,-2.83017157840195,0.0831522029479996,-137.070856981017,0.073547600263737,-3.89309441406209,-0.390928634046246,-0.48742685807161,23.5577189296506
-2.45783507304536,0.150898055132103,0.180840003390986,-0.790447099839151,-2.82931119905724,0.0822035758865816,-138.155898468981,0.527379888907035,-4.1275973737275,-0.408618971849136,-0.478839015974067,23.5482775194007
-2.45913027805966,0.150848370124168,0.181091939758838,-0.790234020086633,-2.82851792180343,0.0813348551707162,-137.113827512276,1.00422106044221,-4.14651813190508,-0.412655483268989,-0.4690622765187,23.588403695169
-2.46038493156351,0.15071739311822,0.181290347438146,-0.790060827506463,-2.82784322230873,0.0805820033944444,-137.484195827846,0.356521993933029,-4.0382089597768,-0.412355685421484,-0.472165870375283,23.550985970539
-2.46155214255062,0.150489501341222,0.181417543575368,-0.789927070298406,-2.82734792227329,0.0799848698580154,-137.887666900459,0.45596480414747,-3.90678659276944,-0.410829336174278,-0.480977895027134,23.5525233898856
-2.46259482508403,0.150163333792997,0.18146495203334,-0.789824328806831,-2.82707314585818,0.079565884408672,-136.721090726199,1.00176525321262,-3.72393602098495,-0.406287691105509,-0.483811436260229,23.6071442170405
-2.46347853209696,0.149735230031906,0.181424073027169,-0.78974836682014,-2.82705063093385,0.0793386582719055,-138.50294455857,-0.11045525765303,-3.91786630200781,-0.412393327479483,-0.479515573880186,23.5487867962697
-2.46417383416128,0.149197304485428,0.181282487337262,-0.789700257210051,-2.82730680137829,0.0793162697781609,-136.569029761145,-0.213516072313496,-4.1376390897783,-0.418447638953216,-0.475398338054175,23.6205116044617
-2.46466479878708,0.148543187534051,0.181031506389507,-0.789684394058144,-2.82785060027668,0.0795011076092868,-138.002991139754,0.384722271055807,-4.27362547841153,-0.414199116246399,-0.478289576959128,23.6396072857895
-2.46494869141227,0.147774819385917,0.180670332464075,-0.789704319726833,-2.82866868148346,0.0798772046718702,-138.420351370671,0.0618252556387233,-4.03709136449581,-0.409489706889977,-0.48047978035151,23.6936054692024
-2.46503570386214,0.146893459873822,0.180200178387888,-0.789768820043109,-2.82973678185769,0.0804269827482479,-138.053230949601,0.411786076060025,-3.96945787351871,-0.400803740907307,-0.492646838115309,23.7842425446815
-2.46495253417273,0.145914491155626,0.179634980262478,-0.789879878287391,-2.83100693030392,0.0811138257514558,-139.980438154211,1.41353332876679,-3.91791176038922,-0.399826533387433,-0.492713680785244,23.7571528951184
-2.46473964259531,0.144855536820928,0.178992383127004,-0.790039366930019,-2.8324212383927,0.0818995799117811,-137.726106072339,0.43956562214089,-3.89730429234817,-0.407413602527796,-0.481521613159576,23.7596867859084
-2.46445817213419,0.14375190531694,0.178305019008347,-0.79023639516149,-2.83390358136122,0.0827399627289377,-138.499588752606,-0.00213032895544529,-4.01591982111097,-0.413754972292287,-0.466821695320868,23.6784177159476
-2.46416728814395,0.14263347583707,0.177603291492147,-0.790465007495047,-2.83537954158919,0.0835897656742036,-138.518754478061,1.16573252420926,-3.93019496931799,-0.408005536923111,-0.46332180620707,23.6814791376751
-2.46393271986045,0.141541755844286,0.176925828734011,-0.790708256599185,-2.83677289602105,0.0844053248673068,-137.429550651568,0.618934286668946,-3.72683240852112,-0.401488271484054,-0.47439970069736,23.7360207590867
-2.46382079598528,0.140522279194307,0.176313721743315,-0.790940907624258,-2.83801419745462,0.0851502461851679,-139.544953759045,0.440293099629571,-3.80861197338027,-0.399677830532678,-0.487444240037545,23.7133717218697
-2.4638871363447,0.139614443471654,0.175801730956589,-0.791139274332088,-2.83904845368835,0.0857978771755324,-137.977875776636,0.554244303965334,-3.95087448234915,-0.394282162131149,-0.497906380501929,23.8238245520595
-2.46417620966024,0.138865045352007,0.17542699494593,-0.791270494337399,-2.83982897258163,0.0863203767275888,-139.545278036,0.936783494212477,-3.90325225059362,-0.398365861841308,-0.492308316715619,23.8261387090907
-2.46471585238944,0.138307185130067,0.175215224415619,-0.791306489049965,-2.84032982463565,0.0867005836299205,-138.990163823536,-0.0423409328402613,-4.11018561934159,-0.410918579845537,-0.485726316013472,23.865268782015
-2.46552003480266,0.137967816732489,0.175184966508207,-0.791221440769723,-2.8405381151514,0.0869288434411497,-138.957881084989,0.475779232568811,-4.07664801387958,-0.413506291115004,-0.480876412046361,23.920357769428
-2.46658464017807,0.137865041172834,0.175345852464976,-0.790993717281769,-2.84046068831705,0.0870025516807763,-140.227379862458,1.53089360072318,-4.06244866194535,-0.417643467912704,-0.483019986892995,23.9237823880139
-2.46788024423386,0.138006852835289,0.175697328710385,-0.790608346415014,-2.84012266826986,0.0869227128707698,-139.603324586272,0.959369166265333,-3.86383690922722,-0.418356506339763,-0.487228232756383,23.9736006741263
-2.46936491071431,0.138380578532963,0.176222907614801,-0.790064555652715,-2.83956636280834,0.0867028830894576,-139.86877265135,0.920515219431081,-3.90379198100698,-0.417195784307717,-0.487598813712817,23.957363246972
-2.47098070357856,0.138958080149908,0.176895318068883,-0.789375775589569,-2.83884061484547,0.0863544495508069,-140.178584749215,0.709825141643023,-3.87675698920214,-0.415126902707572,-0.482082566731196,23.9265187826966
-2.47265893174274,0.13969874753949,0.177677940974954,-0.788566341067589,-2.83800438215675,0.085894561561952,-138.458885856436,0.712052529708444,-3.90680997290332,-0.412576405781383,-0.479857995449298,23.960149508033
-2.47433087261217,0.14054947208828,0.178526207376877,-0.787670729298927,-2.83711948010109,0.0853447042505164,-140.430304218002,-0.431965740585611,-4.11610359210025,-0.410267175244474,-0.479704711094466,23.9168426424024
-2.47593290412088,0.141452586643309,0.179394869664095,-0.786731127181784,-2.83624259862895,0.0847276501689782,-139.180347800602,0.180642899203121,-3.95096504870011,-0.404369984075752,-0.492097347253859,24.0057422229949
-2.47740240057469,0.142348553230117,0.180237733849983,-0.785792900445423,-2.83542795850928,0.0840656930723713,-140.435974886729,0.914167396769926,-3.9975375633949,-0.399187269937485,-0.500215914093276,24.0511953627427
-2.47868548910584,0.143172121844112,0.181006490597835,-0.784906772099412,-2.83472767846927,0.0833875428464487,-141.440028400565,1.12567361752053,-3.99645831943386,-0.398210910495185,-0.498434667317514,24.1400069839101
-2.47975163525327,0.143872688091212,0.181665454824746,-0.784114491238726,-2.83417366149207,0.0827156067136976,-140.651897775936,0.815902941076502,-3.80470018104398,-0.405551571802921,-0.491338359151719,24.2364372340746
-2.48058901262888,0.144409169799878,0.182187423472952,-0.783451654356447,-2.8337818102128,0.0820668067409083,-142.203655173186,1.56293093588806,-4.00615486761427,-0.42179784961712,-0.47845968646764,24.1381917963954
-2.48120364535961,0.144763557081231,0.182562430900716,-0.782938250484566,-2.83354721081401,0.0814471101905101,-139.463838486388,0.596384898044789,-4.08224782335282,-0.424137625674409,-0.473413249511368,24.117923222126
-2.48161600601423,0.144925050983676,0.182785493418062,-0.782586560471909,-2.83345929239191,0.0808657186622945,-140.807818788953,-0.25818892835855,-3.8870517057843,-0.409868268100388,-0.476837036128592,24.0571984012321
-2.48186139918836,0.144891968888938,0.182857758019194,-0.782399357282488,-2.83349995976201,0.0803343085123453,-140.620998529962,0.479652564011531,-3.88212282185054,-0.400864557506619,-0.491854862464377,24.0883835969372
-2.48199083743715,0.144688737477555,0.182799404090081,-0.782361293681474,-2.83362912760571,0.0798461588463569,-140.148958459544,0.215730394873162,-3.86262079615412,-0.394312212597313,-0.498188509350494,24.1644531365126
-2.48205624751325,0.14434026164433,0.182630049888362,-0.782453428469022,-2.83381193437314,0.0794016672262216,-141.67288888651,1.00047974129097,-3.89482149939454,-0.400615532224566,-0.496484899243641,24.1774239268833
-2.48211750339879,0.143887855109016,0.182380582405269,-0.782643059455468,-2.83400517688279,0.0789945214368016,-140.937333065693,0.762652134175141,-4.09781084718833,-0.410220421641907,-0.493811182188275,24.2776993204143
-2.48222792782148,0.143371663779527,0.182078542019178,-0.782896032002377,-2.8341707209329,0.07861647283228,-142.030017617659,0.730059498318042,-4.10967803056135,-0.419843502999163,-0.488266616774518,24.3071894974235
-2.4824328860091,0.142837123907531,0.181754009139288,-0.783172644376272,-2.83427781000096,0.0782597090130981,-142.59678593455,1.56492547677226,-4.11973978586661,-0.422088632167092,-0.490409388647131,24.3555525019255
-2.482768811295,0.142321270044063,0.181431140951959,-0.783439226754286,-2.83430693928324,0.0779222042079416,-141.624301855202,1.52946865625381,-3.99782150891389,-0.420965508398231,-0.498295620213215,24.4087655313925
-2.48325694297074,0.14185661055398,0.181130151549934,-0.783665432338348,-2.8342443449429,0.0775953617803835,-143.02925128443,1.19570387380031,-3.99225039601961,-0.428801912535885,-0.494250299037602,24.3314195165768
-2.48390216990121,0.141476119905128,0.180869497557216,-0.783821837471997,-2.83409333773991,0.0772762753384621,-141.263364017819,0.146853208772882,-4.16517107647871,-0.432513550697353,-0.49241440665087,24.3556923728584
-2.4846982781859,0.141198522346821,0.180658256948508,-0.783889670489828,-2.83386353806723,0.0769613720595327,-142.004047588252,0.480505940121247,-4.20844145767333,-0.427251092080339,-0.48649787283625,24.3241067391371
-2.48562523610491,0.141031618203107,0.180497197471652,-0.783858903460315,-2.83357649370723,0.0766519133097324,-142.236087545125,0.272312030773719,-4.1475818680585,-0.424886803007707,-0.480701118778247,24.3509921834027
-2.48664650867953,0.140966115434553,0.180375459561608,-0.783734729588959,-2.83326737415695,0.0763551506507267,-141.697342829658,0.818243244723817,-4.00854903644208,-0.416133612205418,-0.494652644354932,24.4604562405201
-2.48772911606083,0.140998014253595,0.180287344204042,-0.783520256010377,-2.83296372968178,0.0760710392714984,-144.013912632689,1.98818467573642,-4.09181996546801,-0.410842165464772,-0.508821133041935,24.4907153162579
-2.48883205483538,0.141112710530951,0.180220109527948,-0.783226802433257,-2.83269466858406,0.0757990908877599,-142.805900309802,0.726320450989533,-4.03668306956507,-0.410454729395754,-0.511052332213762,24.5807340032265
-2.48991497787795,0.141283305961372,0.180155287141017,-0.782877430210067,-2.83249362432162,0.0755498148214949,-143.446892886252,1.28284281091305,-4.03406420725182,-0.410234373061634,-0.499587141870477,24.5525369101002
-2.49094681073031,0.141494025884788,0.180083446946571,-0.782485955596869,-2.83238020880558,0.0753250825725114,-143.391397340748,1.1308422666234,-4.10308982981033,-0.413742031170538,-0.48493884291904,24.516742366039
-2.49190518846398,0.141716329282966,0.179987706527252,-0.782075335609734,-2.83237178879235,0.0751340903227342,-142.090282896934,0.616351603341627,-4.02392244650247,-0.418235684469792,-0.4819616379897,24.5319877847857
-2.49278183356344,0.141936975842857,0.179863501517324,-0.781657890053851,-2.83246934613092,0.0749801723449677,-143.899080768118,1.052959326277,-3.98635934544538,-0.420928324449128,-0.486060468342467,24.4766379749009
-2.49357604489818,0.142131819279449,0.179701062871806,-0.781254002688379,-2.83267154123347,0.0748723311326644,-142.347622785671,0.431781708002973,-3.83604670086493,-0.416456164339939,-0.498129964070297,24.5593313479493
-2.49430504991032,0.142305399290237,0.179511935107638,-0.780861797971647,-2.83295685552978,0.0748073679784954,-143.541577930327,0.245519944532816,-3.98265647225938,-0.412054188183646,-0.502177693163589,24.5776343476189
-2.49498462484433,0.142451464266864,0.179299833250529,-0.780485563335364,-2.83331255787407,0.0747941137839255,-143.850184419062,1.11024560614419,-4.07301176119805,-0.415447200762409,-0.500663374696845,24.6526028964295
-2.49564149270264,0.14257589178227,0.1790773247158,-0.780121128361543,-2.83371271751887,0.0748308038293039,-143.794424070368,1.58056628579493,-4.16401075127848,-0.415841473882736,-0.501725541249186,24.7528157797995
-2.49631327378559,0.142699152190326,0.17886839327657,-0.779755449790602,-2.8341114270468,0.0748952660107484,-145.208782437776,0.619995079111732,-4.14435620788666,-0.426530948495207,-0.499434675589171,24.7690409891101
-2.49702928257205,0.142830910989471,0.178687746707105,-0.779382007940623,-2.8344757580498,0.0749734070561189,-144.684615844899,0.252948532917571,-4.13363619374172,-0.431819035014905,-0.500868866028739,24.8502895136532
-2.49781646998671,0.142981079137054,0.178549590403634,-0.778995321020413,-2.83477076685595,0.0750440200156312,-144.834888372126,1.24997065959633,-4.02626025679865,-0.427767714075448,-0.503554593368026,24.8521084115175
-2.49869502297242,0.143159702740946,0.178467099673175,-0.778591330415812,-2.83495990746788,0.075074707119467,-145.589136587796,0.782845791479758,-4.10241332933694,-0.42771810520766,-0.494083025143426,24.7923657256376
-2.499674794472,0.143359739740335,0.178440139927705,-0.778179916309866,-2.83502353262822,0.0750454082100611,-143.206279130404,0.273564657386032,-4.02782816907686,-0.425682720539796,-0.491061018526123,24.7938313498123
-2.50075721790687,0.143580231739188,0.178470570314702,-0.777767147062337,-2.83494055518989,0.0749249436145344,-145.365529065716,0.989504375995921,-3.97278861382665,-0.42189207329704,-0.488140110341155,24.7086832532672
-2.5019336445826,0.143807723647117,0.178550361538151,-0.777368942889108,-2.83470233382058,0.074690064809107,-143.517631573346,0.371772482450751,-3.91829748118494,-0.419820013801636,-0.500147755074457,24.807402600867
-2.5031914224876,0.144033243737063,0.178673667948599,-0.776994877941833,-2.83431040017754,0.0743289088239528,-145.359552494935,1.0141425006168,-4.08568371393307,-0.413944465743677,-0.506229220827785,24.8399698723812
-2.50451067150452,0.144243348985081,0.178830295845785,-0.776657855770238,-2.83377547129788,0.0738370706912733,-145.516495113452,0.606201019731998,-4.14275096630794,-0.413836304454357,-0.507463641546899,24.9103280866822
-2.50586207425198,0.144422308780454,0.179006826963966,-0.776370852185437,-2.83312089649704,0.0732209998902213,-144.991768890642,0.940205562304527,-3.95318899677079,-0.414087694517814,-0.509850300578529,24.9874613923482
-2.50722309174775,0.144564381330129,0.179196768223861,-0.776135326130389,-2.83237264902735,0.0724968183198337,-146.822023314612,1.00248172360989,-4.16537391520825,-0.424455331563292,-0.499457649284304,24.9506347318909
-2.50856654323966,0.144666351548898,0.179394210741601,-0.775947365911717,-2.83156730230031,0.0716926758815742,-144.89361188512,0.907992653255178,-4.13206701303162,-0.432085260162706,-0.499010871010775,24.9912394747155
-2.50986641769934,0.144741537013443,0.179603080096209,-0.775788578891433,-2.83074091845931,0.0708384801001627,-145.88614012101,0.871924830502167,-4.14881107972712,-0.435433962340286,-0.49407402187407,24.9343638901283
-2.51110165915356,0.14480716288524,0.17983113849716,-0.775635181897936,-2.82992852713479,0.069963874445432,-145.658678575934,1.02511545929929,-4.08917867602469,-0.434694233195029,-0.493570875969565,24.9167602284891
-2.51225424213786,0.144877931801411,0.1800831978129,-0.775463005001225,-2.829165861795,0.0691038343785955,-144.609472511481,0.689743845952762,-4.1197283426292,-0.428064601643281,-0.499125501871942,24.9501955328972
-2.51331042527872,0.144974605023372,0.180369030690182,-0.775243927327225,-2.82848187801333,0.0682845858218626,-146.409872400245,1.02233750017854,-4.04730920416964,-0.426398628724443,-0.501728962574751,24.9188275813321
-2.51425496920251,0.145112617282889,0.18069484748978,-0.774956564277948,-2.82790185552272,0.0675261276443463,-144.704372433905,0.505951637815315,-4.22372654652835,-0.424108136627375,-0.505959058476482,25.0060222211358
-2.51508527369008,0.145298728682555,0.181061385161878,-0.774587215055236,-2.82744087033425,0.0668404583834964,-146.220127875869,0.158843677028926,-4.30934545858673,-0.425772012884751,-0.511069569117314,25.0151163905081
-2.51579017970157,0.14551940991724,0.181454896324157,-0.774140422204944,-2.82711490912857,0.0662359338080457,-146.134452987206,0.151907576749181,-4.24366845479187,-0.426765476564215,-0.510142864234737,25.071253340874
-2.5163654418367,0.145746958841865,0.181852627850337,-0.773636483319099,-2.82693332231556,0.0657167950651842,-146.2874806113,1.15854761602054,-4.28038137477989,-0.430922664101878,-0.511852827357997,25.1397650403395
-2.51681412620485,0.145945669362495,0.182227751856876,-0.773106087439784,-2.82689657104934,0.065280734358719,-147.348372055473,1.40416558756488,-4.26688484986263,-0.438082359048337,-0.505853022421449,25.1706117553439
-2.51714370386437,0.146068244205586,0.182545498468277,-0.772593012602489,-2.82700348873488,0.0649275382734216,-147.103892426026,2.05152895558217,-4.07604978413187,-0.440544397075651,-0.506399473774013,25.2312647248849
-2.51736950953907,0.146072541168031,0.182774924813042,-0.772139814156702,-2.82724229879999,0.064651333597207,-146.936325469951,0.32045228582615,-4.19095201122866,-0.447115750753477,-0.500206610081389,25.2149942918407
-2.51750796661856,0.145903683418939,0.182876887104213,-0.771800095336289,-2.82761075074731,0.0644620441500091,-147.560299012936,0.677946473037764,-4.17530254855515,-0.445488010086184,-0.496115532886637,25.1705382764862
-2.51758127207399,0.145529067608646,0.182827209216299,-0.771611783568728,-2.82809769853338,0.064363211854262,-145.571214730699,0.918533855626038,-4.30811328080725,-0.435672186603447,-0.497410905616785,25.2137159946864
-2.51761433931068,0.144920507026834,0.182605656157333,-0.771607553626023,-2.82869776311859,0.0643712695457815,-148.059323897904,1.01049916556963,-4.22332796786094,-0.423124879532613,-0.502479844697742,25.1437902835298
-2.51764248011128,0.144092132497286,0.182222302598628,-0.771787974901785,-2.82939026298375,0.0644913068653386,-145.838395853586,0.258852710357814,-4.03022650442253,-0.415129822895529,-0.514491911089244,25.2359386078599
-2.51769805776548,0.143074782895475,0.181699147081596,-0.772137460679922,-2.83015399263577,0.0647253921414895,-147.709686804738,0.772691202163742,-4.21464935360328,-0.408805147326265,-0.517832509202167,25.243106198238
-2.51780992063733,0.141921713875593,0.181073554053018,-0.772618003263859,-2.83097028473093,0.0650757783235908,-147.464037356186,0.682975831513886,-4.21332916014336,-0.412451467041615,-0.510640645312174,25.2708842749934
-2.51800335127053,0.140699854558731,0.180393963203219,-0.773178536574415,-2.83181477236613,0.0655314249149806,-147.09897398469,0.566176073184806,-4.16488573015337,-0.415904959233146,-0.504938966912029,25.3202178121501
-2.51829953132975,0.139490269005838,0.179719268207423,-0.773753493702789,-2.83266232320808,0.0660767679461889,-148.543944571642,0.882260113104849,-4.18301014352272,-0.426388689337855,-0.502782762768141,25.3358782753142
-2.51871305147937,0.138382588417436,0.179115026850087,-0.77426783263347,-2.83348323173268,0.0666827997232329,-147.397672314962,1.11741949391535,-3.97565956739993,-0.431021307334834,-0.505862837276731,25.4137499431247
-2.51925216888596,0.137458170482037,0.17864212190594,-0.774650444770743,-2.83424707212065,0.0673118388928037,-148.099917922357,-0.183591262539267,-4.30289070853794,-0.439563884045326,-0.506432751819527,25.3954329122804
-2.51991325501882,0.136788091358922,0.178354361006512,-0.774837420253343,-2.83492434662166,0.0679163911238673,-148.557211183388,0.867421844932551,-4.28558981740872,-0.445318948960752,-0.50648404734433,25.3973306850875
-2.52068833801664,0.136410254306154,0.178284428195394,-0.774791124031252,-2.83548663452553,0.0684484594580766,-147.358624064007,0.829549568880793,-4.08821922474746,-0.441502704467085,-0.512352180763881,25.4453412800271
-2.52156060761949,0.136333728807434,0.178445313341409,-0.77449690481997,-2.8359122814472,0.0688627497423676,-148.939339523432,0.978843550960164,-4.35470935286838,-0.441552960634889,-0.506865750867791,25.4014906221055
-2.52251016576086,0.13653380996242,0.178826673481578,-0.77396889447792,-2.83618701399405,0.0691237419494532,-147.611973904482,1.13647510569581,-4.25900833667126,-0.433377235633942,-0.512081336645721,25.492876803966
-2.52351728476297,0.136957935419533,0.179398752385598,-0.773244358960699,-2.83629954343743,0.0692019433289075,-149.025234274367,1.51522472046076,-4.2495511657219,-0.430543838047331,-0.520363280778428,25.515703749335
-2.52455610071892,0.137535359639191,0.180116538141958,-0.772376648982681,-2.83625449983476,0.069086635814834,-149.482325346296,0.0223177844393376,-4.23811130216717,-0.431059101239304,-0.519615234769991,25.5526215450864
-2.52559912824252,0.138162507139056,0.180911396171775,-0.771446568677217,-2.83607395150261,0.0687931699505557,-148.602456270677,1.21931684455444,-4.15621096352146,-0.43545543805654,-0.518128433846081,25.6228649073307
-2.52663313437038,0.138746591124292,0.181720628436237,-0.770528802219711,-2.83577336647927,0.0683393203509547,-150.056259024047,1.67217569853187,-4.23177768074953,-0.435867500143159,-0.51041750552761,25.5821365132534
-2.52764115590989,0.139199999352733,0.182482696390079,-0.769695134940925,-2.83538494077333,0.0677627312419695,-148.649106398058,1.26333197747522,-4.16753736088017,-0.43774240669693,-0.50582204973289,25.614381246144
-2.52860754744056,0.139446915282269,0.183140943445868,-0.769009659858254,-2.83495135291458,0.067117256848415,-149.448471437455,-0.14014846426835,-4.19171867848374,-0.437841904305171,-0.507100076460807,25.6130285606487
-2.52952105613746,0.139433192646304,0.183651518265435,-0.768518645607477,-2.83451675444945,0.0664595610286135,-150.271757331691,1.07783442061941,-4.17446417157279,-0.437553090612878,-0.516905219664084,25.6619886763741
-2.5303762783131,0.139147154092669,0.183997702888612,-0.768236944773705,-2.83412142768295,0.0658419539748237,-149.144109294284,1.54211116641909,-4.07670694967851,-0.434850663584984,-0.518335820549306,25.7275626553641
-2.53116895440947,0.138597335770572,0.184174267394502,-0.768162707289158,-2.8338062536254,0.0653172175864075,-150.562520207868,0.317079318562946,-4.29921309545168,-0.437947828113344,-0.50877995954245,25.6388899085263
-2.53189702680609,0.137818002806382,0.184192621616677,-0.768272330139556,-2.83360727210051,0.0649300919971093,-148.582818196588,-0.253147770983333,-4.28266566922377,-0.430200488598556,-0.510590256088549,25.6789452555266
-2.53256276085234,0.136879850081034,0.184089926353324,-0.76851515334151,-2.83354403800116,0.0647019833468901,-149.897131813573,0.681349472809643,-4.19793779466977,-0.425771182216152,-0.513167289718962,25.703432546772
-2.53316901744381,0.135869845340167,0.183913669087254,-0.768825372388187,-2.83362586043435,0.0646407748543448,-150.918833820129,1.35150726400229,-4.22615255570821,-0.426863543253183,-0.519500996361257,25.7820967128659
-2.53371566020744,0.134869756827536,0.183709319063006,-0.769140959948238,-2.8338556460694,0.0647416418703399,-150.102188475651,2.51487194589458,-4.2484044992573,-0.428196673688914,-0.525891021378345,25.8882090147709
-2.53421331829534,0.133966753365944,0.18352864697468,-0.769396998936154,-2.83420715362338,0.0649692455714227,-151.915840239623,0.932767415252556,-4.40350937019957,-0.440813805217331,-0.516816810290786,25.8246883699582
-2.53467199489735,0.133229891120174,0.183412597285899,-0.769541190498929,-2.83464908768214,0.0652818542904032,-149.702288588028,0.761371164976481,-4.45897220678222,-0.451833791910687,-0.510845209001102,25.8480954606998
-2.53510080678672,0.132708333957142,0.183390574778026,-0.769536018933575,-2.83514404626612,0.0656320016621268,-150.892532917348,1.09718831701775,-4.37884785236886,-0.449717633641623,-0.506903684241573,25.8132492789007
-2.53550773905096,0.132428022216394,0.183477670519176,-0.769362738179441,-2.83564723722362,0.0659632105511385,-150.784321531123,0.593192202305772,-4.23333306948143,-0.447869915688413,-0.514191997754048,25.8350971406121
-2.53589953616095,0.132386817978009,0.18367190108877,-0.769024965708147,-2.83612103693573,0.0662301794309885,-150.102363532115,0.807927956204367,-4.22893927483733,-0.442391043446676,-0.521093280653646,25.8819524863044
-2.53628799071811,0.132571486807948,0.183964931956468,-0.768535707985331,-2.83652606593915,0.0663919246401585,-151.873455060789,0.646482028155333,-4.39432152526263,-0.442090290620008,-0.522109608976246,25.8508365601093
-2.53667928863221,0.132938579870813,0.184329364282969,-0.767931676570101,-2.83683565282522,0.0664209571416954,-150.287431527003,1.08592956612051,-4.36207928437719,-0.440310412007744,-0.518157101478942,25.9240085028536
-2.53707971127578,0.133443442467885,0.184736872991367,-0.767249461559912,-2.8370371690078,0.0663093259747741,-151.352243162027,1.61937399941098,-4.24312585203742,-0.441032658539414,-0.515411095975375,25.907112542883
-2.53749687701164,0.134036218728203,0.185156125110994,-0.766530573175752,-2.83712812300762,0.0660640257225502,-151.234709620774,1.16241915466935,-4.41729821789986,-0.440894952678832,-0.515270507524641,25.9255674974247
-2.53793750068004,0.134672068582287,0.185559286879199,-0.765813168085634,-2.83711569904652,0.0657022853944336,-150.790658361118,1.29327440374209,-4.26742290303903,-0.439563688535223,-0.524362233411288,26.0106800878441
-2.53840985506527,0.135315932324284,0.18592535667842,-0.765128896675696,-2.83701429556193,0.0652516016930234,-152.78716066168,1.22321064004404,-4.3095922020411,-0.442153249499823,-0.528604177314718,26.0123845611256
-2.53891973655159,0.135939291718946,0.18623714008473,-0.764501859601609,-2.83684983620832,0.0647498445126331,-151.360736333384,0.46273585201584,-4.34772986502804,-0.445602950553832,-0.523567538941855,26.0692224067286
-2.5394757383074,0.136530795170856,0.186488844876221,-0.763941407452372,-2.83665016702234,0.0642401512246587,-152.133886904261,0.836509146505932,-4.46713455360484,-0.448267150509257,-0.515547984533365,26.0101397844378
-2.54008770132451,0.13709330146761,0.1866855062622,-0.763446289282603,-2.83643542008634,0.0637540484095899,-151.723265776656,0.465959872104577,-4.3053030833174,-0.450046504400498,-0.510355496483862,25.9875469420321
-2.54076250179264,0.137627445726938,0.186830279637509,-0.763014941253027,-2.83622755124658,0.0633228094377925,-150.774372073715,0.237545834419507,-4.3029187116779,-0.442889162656684,-0.513544513197246,26.0055437736577
-2.54150375559794,0.138140634818546,0.186930624717607,-0.762636888709648,-2.83604594679949,0.062971474623615,-152.326479731302,0.848434101045996,-4.23604304731046,-0.431883310304389,-0.518211440625045,25.974944525092
-2.54231422406415,0.138638877976699,0.186994656126343,-0.762302022040214,-2.83589983972367,0.0627131839973522,-151.052371974693,1.94165801972076,-4.16935766158392,-0.426782647208319,-0.527201274313155,26.0641835018637
-2.54319988443248,0.139124324971279,0.187028938800234,-0.762002025298697,-2.83578718567607,0.0625485682442102,-152.414766990306,0.884899842120831,-4.238460114285,-0.427251032049832,-0.527884426293818,26.0987027676292
-2.54415508753482,0.139588517872601,0.187032053663253,-0.761733290135804,-2.8357042845324,0.0624677108455413,-152.774926449893,1.60762636450113,-4.36199336721958,-0.434075768646868,-0.523069733676815,26.1696677191831
-2.54517111893409,0.140023131713778,0.187002948854248,-0.761491448430579,-2.83564558438354,0.0624575246171429,-152.504550311233,1.24507159463269,-4.3729045556444,-0.441039546598425,-0.519167279113998,26.2467006809111
-2.54623856314156,0.140411533416954,0.186935787114145,-0.761278359971907,-2.83560113664904,0.0624995796755591,-153.661250196354,0.512677439136041,-4.4414453142262,-0.454703479956638,-0.516497899161699,26.2254882229652
-2.54734086465405,0.140734328910134,0.186822607656198,-0.761098500857514,-2.83556368772088,0.0625719128138479,-152.816827008102,1.41159556948514,-4.34769487272396,-0.455077869138834,-0.52602454374907,26.2767121812254
-2.54845923799098,0.140978312868079,0.186659125063551,-0.760951501750267,-2.8355259854773,0.0626518009163748,-153.140426767204,0.73126275494451,-4.40073089438795,-0.452937785753655,-0.529166352463935,26.2855594941013
-2.54957396013847,0.141129273145321,0.186440337341518,-0.760839248403993,-2.83548762183473,0.0627256250788775,-153.909869301989,1.04692414692499,-4.33898397914322,-0.457696940185551,-0.524372995013701,26.2736290200878
-2.55066766509384,0.141180747931771,0.186167166114012,-0.76076086081601,-2.83544439249648,0.0627748257354247,-152.230372972544,0.915704440993522,-4.4419400671743,-0.455209257251064,-0.522669516432093,26.3281831558204
-2.5517177457748,0.14112863054032,0.185840283095773,-0.760715468646876,-2.8354051847938,0.0627946720187242,-154.578542158953,0.641404887429189,-4.28311867268997,-0.452845530929611,-0.517674442972936,26.2668810677941
-2.55271102849177,0.140974589969416,0.185465628904784,-0.760701692070381,-2.83537127860014,0.0627789433271716,-152.539420986757,0.91193968164248,-4.41732344859065,-0.445054980021398,-0.523697796257496,26.3573063347169
-2.55363915926406,0.140719222509579,0.185048928249089,-0.760721252412105,-2.83534797220005,0.0627282495873536,-154.157002974121,1.35411924879645,-4.30571408243839,-0.435481999917306,-0.533831016228043,26.3622410426195
-2.55449885735414,0.140382643240965,0.184608065063497,-0.760764676264318,-2.83533726260855,0.0626459585346246,-154.107705027699,1.44098141425047,-4.20010181701369,-0.429376677184695,-0.536105796921851,26.4121966553183
-2.55528877960237,0.139972246468528,0.184152769080523,-0.76083377779402,-2.83534560185256,0.0625412198599137,-153.941380636891,0.81418471528491,-4.34750530018025,-0.432586179635343,-0.536416798003866,26.4817668476282
-2.55601809813728,0.139501175662103,0.183696364843792,-0.760927580037462,-2.83537273750605,0.0624231870819677,-155.229513576729,1.57038616879277,-4.41974079176731,-0.4450697173431,-0.529151824241599,26.48110279844
-2.55669515208211,0.13898746991502,0.18325354345382,-0.761042384567324,-2.83541943373368,0.0623021955631952,-154.297068714765,1.51057921768688,-4.43204160491086,-0.451742578975508,-0.523993667052105,26.5463761859873
-2.55733348905269,0.138451848384026,0.182841009503045,-0.761173591640997,-2.83548185950148,0.0621862326256968,-154.581848033812,0.642824079033744,-4.41187826372843,-0.458124057072389,-0.519218129660924,26.5188413070746
-2.55793992720617,0.137911808828686,0.182471123720412,-0.761315872098952,-2.83556166782717,0.0620829854654162,-154.966113825203,1.02047964048984,-4.47711272444917,-0.459092073340571,-0.519300109042074,26.4902880639844
-2.55852823687685,0.137390672653334,0.182158929467506,-0.761457637939467,-2.83565270881205,0.0619951758022641,-153.470386926787,0.511575828408695,-4.25444270648367,-0.449229667095602,-0.530887402769157,26.5477513604117
-2.5591031129916,0.136908601751553,0.181916101110685,-0.761588022040532,-2.83575151834802,0.061919547025251,-156.016284250892,1.2535346744512,-4.26679758114301,-0.444694528674587,-0.533347732163439,26.5133193035674
-2.55966911709759,0.136489437354797,0.181754603587391,-0.761689341619463,-2.83585630812582,0.0618540973730142,-154.260935367549,1.26845127134857,-4.3583274251956,-0.447319782610714,-0.536692240895353,26.6313002173575
-2.56023202856841,0.13615716989923,0.181685337743614,-0.761739800603742,-2.8359614747839,0.0617909170924981,-155.883642498107,2.27943964387237,-4.4314210467779,-0.44486023203799,-0.534185765969158,26.6360087672401
-2.56078669081722,0.135925024740334,0.1817103578297,-0.7617222138858,-2.83606864160865,0.0617215730169498,-155.591154291834,1.25239310159441,-4.36757262236779,-0.451252392809117,-0.526634658025542,26.6539878924218
-2.56132865541334,0.135804659683999,0.181829632246814,-0.761618963174539,-2.83617892859495,0.0616379545272494,-154.968113596971,0.66034751288521,-4.42866151991944,-0.452354532754794,-0.528298590875769,26.6894266925152
-2.56185970801842,0.135808249110164,0.182044631298127,-0.76141141532677,-2.83628625191679,0.0615275668650408,-156.390575410989,1.26587147360328,-4.52767228237855,-0.450825326095735,-0.530589331710314,26.6592192057977
-2.56238265432253,0.135930817732615,0.182345451751343,-0.761093207514541,-2.83638699080709,0.0613828332897283,-154.97430048951,1.12730973740713,-4.38255165735828,-0.452234418784228,-0.537128049950538,26.718276330425
-2.56289440864301,0.136160475987194,0.182717111549304,-0.760666221881558,-2.83648366900932,0.0612026151082984,-155.871261962775,0.746781933530201,-4.47154375704753,-0.456613082377833,-0.528348083846264,26.6793679650108
-2.56340116738916,0.13647538371943,0.183139686119705,-0.760142070149638,-2.8365731042035,0.0609867416632416,-155.882519411502,0.889723661113521,-4.36192511627851,-0.461869676798707,-0.524863612168257,26.6797782312518
-2.56390894832407,0.136846610331707,0.1835896401935,-0.75954079866007,-2.83665639020767,0.0607439413514449,-154.91047752146,0.852428280561753,-4.43461227620165,-0.461966238975846,-0.527057124651898,26.7481654391611
-2.56442763350725,0.137245166573027,0.184044418382937,-0.758888159298911,-2.83673438040064,0.06048714588582,-156.961173686643,1.66807590364124,-4.4340391451972,-0.458148369703541,-0.52941071528718,26.7665063005732
-2.56497180122174,0.137642546528523,0.184482712642518,-0.7582126068929,-2.83680468693441,0.0602303763543369,-156.027862762832,1.12320851017466,-4.36305491483472,-0.45245461183017,-0.538806098547064,26.885043305587
-2.56555003462541,0.138012380685802,0.184885894553546,-0.75754434398115,-2.83687240600346,0.0599929922697528,-157.240028015663,1.31041571885999,-4.45260693639494,-0.451378100667446,-0.540127895010648,26.8916915022776
-2.56617223586063,0.138334454083696,0.185238561552108,-0.7569084385782,-2.83694174213063,0.0597929750070728,-157.204920041462,1.73147861351549,-4.48755795412629,-0.452256983404588,-0.536895044455928,26.8900895612542
-2.56684372348717,0.138595806547879,0.185530919538154,-0.756326529059922,-2.83701853922922,0.0596464818907363,-155.962035237005,1.35955587382023,-4.36274559532413,-0.45087959973909,-0.530800837811603,26.9174375105693
-2.56756330139373,0.138795717932271,0.185761893093192,-0.755810731718933,-2.8371056420667,0.0595578501385942,-157.401017646723,1.32224170467521,-4.40753958376672,-0.45343110761583,-0.524558948114142,26.8352702346951
-2.56832915664873,0.138940855650031,0.185935700935254,-0.755364510237825,-2.83720183939278,0.0595216616223623,-155.48740255007,1.08774290784186,-4.52002265441268,-0.454261286781019,-0.527263667181618,26.8746870844809
-2.5691327829484,0.139047412717526,0.186062642646594,-0.754980570674442,-2.83730792374774,0.0595300909633898,-156.943205560856,1.12089166761552,-4.44752722086622,-0.448095682113076,-0.535107923648604,26.8671406260849
-2.56996156421213,0.139128102502849,0.186151533387955,-0.754651383940604,-2.83742127726272,0.0595632249140298,-157.024083269596,1.00469405833906,-4.2736812816234,-0.4457824681246,-0.538232199324609,26.9010185938033
-2.57080001030394,0.13920513058099,0.186217700352665,-0.75435800591562,-2.83753556113411,0.059592889032889,-156.325357142802,0.663945265685697,-4.33351652088214,-0.446947516738072,-0.541834594406195,26.9716260689403
-2.57163497454022,0.139302519644981,0.186279569014127,-0.754077489592225,-2.83764262363516,0.0595902164113511,-158.125722118654,1.38548568891474,-4.61369640692106,-0.452115487609286,-0.534711425403275,26.975713401236
-2.57246026662165,0.139441141034694,0.186355248149814,-0.753787744473107,-2.83772393480782,0.0595184031752751,-157.105778688079,1.61593409249872,-4.4256331838707,-0.458116209995881,-0.533906793726829,27.0745317001314
-2.57327284346584,0.13963945639412,0.186462644804012,-0.753465460007292,-2.83776849186102,0.0593552424620931,-158.191941484493,1.61160215688301,-4.40826239111985,-0.462527081961321,-0.538228037262509,27.0786336281272
-2.57406477286838,0.139896863481885,0.186606942570555,-0.753100981852006,-2.83777325757383,0.0590881898006125,-158.332976296385,2.09113661592573,-4.59735139132971,-0.46678019095771,-0.54101449383005,27.0843356920128
-2.57484216689728,0.140221240369637,0.186801166687817,-0.752681707804966,-2.83772740763893,0.0587065007755577,-156.953061872667,1.90746555217834,-4.5126088411792,-0.464360704775517,-0.54045309422561,27.1225211163924
-2.57561886247343,0.140616379581059,0.18705761844667,-0.752199961945206,-2.83761798345912,0.0582069754805238,-159.051328924355,1.20890790098656,-4.49399311922923,-0.467222356109734,-0.535485039610864,27.0585226790899
-2.57640046342455,0.141059909610132,0.187369212911124,-0.751668767168841,-2.83744904037864,0.0576059922009211,-157.044518343606,0.898271006570894,-4.36212719031138,-0.469440773467263,-0.533535916318211,27.1289992681852
-2.57720125926563,0.141534243659436,0.187732761699858,-0.751099171613893,-2.83722689322977,0.0569320958403559,-158.406954604184,1.23388055814007,-4.60185497077214,-0.463736839859156,-0.534885465506429,27.0794852582391
-2.57803119960395,0.142015039955781,0.188139804610165,-0.750509104326749,-2.83696170750998,0.0562173645505304,-157.695856896576,0.642823473014687,-4.5202825981502,-0.458476360693988,-0.534874640812555,27.0812305546652
-2.57889917952086,0.142469494086081,0.18857461623233,-0.749925776595189,-2.83666559576147,0.0554963658734124,-157.501384287791,0.776483243972052,-4.49213598790325,-0.450275467799786,-0.543322556449568,27.1349154665997
-2.57980330937448,0.142853692253503,0.189011569940678,-0.749383721468619,-2.83635932950169,0.0548075635903683,-159.046653408917,1.35238482706131,-4.46459740924232,-0.450923117514226,-0.546698010352212,27.1627050231775
-2.58073782174219,0.14312592302239,0.189424326644607,-0.748915558065176,-2.83606287109369,0.054183965280223,-158.144587648928,1.25668674291319,-4.40891654761444,-0.452690836426892,-0.544097443941547,27.2499597567393
-2.58169206573955,0.143246171889726,0.189785626195243,-0.748552705313021,-2.83579799750548,0.0536565537325549,-159.070311171131,1.49353101962993,-4.59125566881613,-0.462841011887584,-0.540398856933423,27.2737655653768
-2.58264450549947,0.14317502613661,0.190065695282648,-0.748325663975374,-2.83558788149489,0.053247030650362,-159.771409800056,2.50178899067919,-4.58140587093385,-0.46918268274218,-0.538819981886271,27.3141456460284
-2.58357951970228,0.142892835146471,0.190246313701105,-0.74824882994754,-2.83544586046736,0.0529650564551265,-158.87762030816,1.16456840705632,-4.49260105608934,-0.475029064658396,-0.537960976180996,27.3641608438068
-2.58447447716169,0.142382004203836,0.190307580304254,-0.748334061797332,-2.8353874774299,0.0528166148779987,-159.979204972064,0.987807597132814,-4.62796269889162,-0.476295896956477,-0.534465998613664,27.3186895576788
-2.58531144687197,0.141653032171476,0.190246932264809,-0.748571901959416,-2.83542038486386,0.052796670877226,-158.896185468444,1.7679968824948,-4.36429866082793,-0.466206890500649,-0.544312966288372,27.3738153516536
-2.58607632611198,0.140732404903781,0.190071264118304,-0.748940468329354,-2.83555120393756,0.0528998392742969,-159.650699553191,1.46710882174739,-4.43427741432762,-0.463247019960182,-0.549023983225231,27.365942095454
-2.58675962490504,0.139666180855553,0.189798786076754,-0.749402935503788,-2.83577977907144,0.0531140393545482,-160.218404683408,0.892909850050273,-4.63005886526278,-0.461039763398845,-0.543553627564273,27.3722471887273
-2.58736390349833,0.138520565916179,0.189463281559764,-0.749909190555843,-2.83609606046311,0.0534201756152932,-158.804659630721,1.47661607180885,-4.39485797090532,-0.45547326080088,-0.543691323483623,27.458698971964
-2.58789536163953,0.137367314587761,0.189101695691294,-0.750406027274668,-2.83648716587871,0.0537978207369688,-161.293345144828,1.80642108562893,-4.6551473908182,-0.453761232992786,-0.541859297360341,27.4161706276752
-2.58837129132225,0.13628076255964,0.188754943617889,-0.750839150138895,-2.83693165169801,0.054224463089988,-159.159241966064,1.41916788150365,-4.42192843814746,-0.454891153032486,-0.543506194072296,27.5101386745559
-2.58881143711686,0.135325343643572,0.188459936582079,-0.751163620350927,-2.83740869393248,0.0546777972862907,-161.053341625818,2.3387090089077,-4.3477881152902,-0.45103733124635,-0.547696583359644,27.4854309951242
-2.58924498764175,0.134567981741752,0.188257869349162,-0.751335495904809,-2.83788019991675,0.0551220408153925,-160.254063106763,1.50186218766567,-4.39528680883731,-0.458932280520669,-0.544651517456993,27.4866839744369
-2.5897002165954,0.134041789667362,0.188171515540812,-0.751337102106678,-2.83831363267718,0.0555300495663301,-159.35514229914,1.22336065765853,-4.51262657079113,-0.464708134836324,-0.540908084743201,27.4960375576311
-2.59020548291363,0.133764184358424,0.188214474600191,-0.751161946753381,-2.83867071743737,0.0558668616323927,-160.994746273213,1.21282779400781,-4.48992103736148,-0.46460554205122,-0.537123340548171,27.4814339577908
-2.59078404265458,0.133733211849643,0.188389842264418,-0.750818725471114,-2.83891603278428,0.0560989704728662,-159.887515884988,1.84814190479688,-4.40998494861719,-0.466038572426642,-0.543524609957669,27.5699777441672
-2.5914598933872,0.13393198191872,0.188694938712507,-0.750329065635185,-2.839012322669,0.0561943535557044,-160.860584114331,1.01995265835876,-4.51856834118354,-0.470856179074747,-0.544339019339154,27.55775735218
-2.59223577837066,0.134303923600608,0.189100151422767,-0.749741537021367,-2.83894063703504,0.0561290263081997,-161.165374963955,1.90674277952758,-4.59600760274191,-0.468629326438926,-0.546723619303166,27.586536682583
-2.59311748712361,0.134800361697812,0.189581431119871,-0.749096349947038,-2.83868483658081,0.0558863587145354,-160.265897604423,1.93681227961292,-4.58961707078259,-0.458121726922179,-0.554027985554234,27.6514973423405
-2.59409743639919,0.135372208840737,0.190114654012569,-0.748433290106905,-2.83824033046346,0.0554569324526489,-162.12520067819,1.06738631329972,-4.5669836853435,-0.465202589078503,-0.548730099700569,27.6036808098728
-2.59515700810262,0.135969612424121,0.190671804404666,-0.747789344585043,-2.83762397477369,0.0548510583655497,-160.032513209221,1.66699279424279,-4.5158167251754,-0.468925112618884,-0.5444640809168,27.6617781821618
-2.59627311503551,0.136558677105802,0.191233178809103,-0.747186828535597,-2.83686455720653,0.054092024865193,-161.681036907053,1.65198274812428,-4.56808114772622,-0.467938024094403,-0.545134919209292,27.6293450030069
-2.59740939928844,0.137108377536543,0.191777130833363,-0.746643137738126,-2.83601306003564,0.0532225846169442,-161.229992399843,1.92843918788958,-4.50740164918119,-0.472103128316042,-0.545979277851298,27.6628102627767
-2.59852959336909,0.137607758035017,0.192290826365306,-0.746158307789693,-2.83512627481748,0.0522930841472344,-161.048586323598,1.49171745104559,-4.56110831350051,-0.470905168273057,-0.54835316582874,27.6901932523846
-2.59959751607375,0.138071319968166,0.192775128893737,-0.745712555650212,-2.83426431795209,0.0513570241457416,-161.849568864549,1.74760778128484,-4.61812174908388,-0.471876190192793,-0.54766987928983,27.6743953475208
-2.60058274297589,0.138516940299656,0.193229685508308,-0.745282858012196,-2.83348539826269,0.0504696658969935,-161.094908509237,1.22549431061293,-4.69592372602327,-0.472085296117368,-0.547531379708241,27.7315054505953
-2.60145781334831,0.138962302743808,0.193651854371402,-0.744846740562949,-2.83284853604689,0.0496892230759905,-161.845378625352,0.678378877103796,-4.73841025293919,-0.476069909167368,-0.546113015534951,27.7735487549693
-2.60220339917608,0.139428102422118,0.194040062703304,-0.744381812055125,-2.83239768758774,0.0490586604634497,-162.710626324327,1.76599949011779,-4.75492307116087,-0.475377676966519,-0.554276866581147,27.8318590668254
-2.60281529561068,0.139927588095865,0.194388557700337,-0.743873147569449,-2.83215944229255,0.048609502422652,-161.646281185912,2.32005677374877,-4.72246906099423,-0.47229548016142,-0.555624289094191,27.9054671315177
-2.60329583015818,0.140460597119411,0.19468383480544,-0.743318404827619,-2.8321498419394,0.0483641597968595,-163.413751369317,1.43963141981112,-4.8157114380804,-0.476092928088461,-0.55128572386818,27.8979150584101
-2.60366665349052,0.141032801405357,0.194920653942804,-0.742715490725843,-2.83235085848086,0.0483117119315959,-162.719657726782,2.21654029030856,-4.68233703355219,-0.475366236140593,-0.549217512132115,27.9902426214911
-2.60395134853174,0.141624055801207,0.195081512842026,-0.742084220579685,-2.83273962282215,0.048438660663771,-163.103313241252,2.01349220100451,-4.61479252944298,-0.475809058220761,-0.548871320269583,27.9817099123547
-2.60418152599518,0.142207618159754,0.195148158687197,-0.741450386865805,-2.83327913702702,0.0487159346129321,-163.358483650941,1.05588001270939,-4.71073621329899,-0.476974140255766,-0.547378895161374,27.9249133572143
-2.60439488853595,0.142751127748263,0.195104302245716,-0.740845873328626,-2.83392507138476,0.0491111153219836,-161.519686546025,0.925181916459678,-4.54164146665383,-0.466792841615963,-0.549849010652596,27.9707912650648
-2.60462229805188,0.143225185980665,0.194940262963703,-0.740301963212239,-2.83463072364566,0.0495830097032414,-164.10240906696,1.72563757419107,-4.52231692658788,-0.461224825351922,-0.547471346474664,27.9374751810693
-2.60489460166173,0.143600361254082,0.194651901679558,-0.739848570193237,-2.8353507969362,0.0500922206825058,-162.128023328363,0.909966952391642,-4.50442265855355,-0.46399221085343,-0.553041469245311,28.0321005627264
-2.60523271571647,0.143853062560964,0.194241293776422,-0.739508664501457,-2.83605267864607,0.0506099389421214,-163.631974798327,2.18888346876474,-4.55861890811806,-0.458718007494529,-0.552497990802226,28.0163069653313
-2.60564760555855,0.14397226257926,0.193720567544758,-0.739294766429443,-2.8367120055929,0.0511114314160096,-163.643201880096,1.93513750428383,-4.62135168634026,-0.462822926652158,-0.554910410524394,28.0483753485522
-2.60614578965693,0.143962402130668,0.193112883498529,-0.739204782549945,-2.83730949831799,0.0515757741265002,-162.896626231987,1.76782755425347,-4.58591149811681,-0.469436775137827,-0.552994994921969,28.1074595058474
-2.60671967527499,0.143828415296798,0.19244015936046,-0.73923293338059,-2.83784581795369,0.0519983292274381,-164.813532560143,2.40941592047034,-4.66306245149892,-0.473543222684936,-0.549620149676109,28.0682750467846
-2.60735345049361,0.143591191638425,0.191730907903516,-0.739359369008442,-2.83832812364506,0.0523784867559779,-162.873335111515,1.67339752987232,-4.63744161098666,-0.477310032781986,-0.554483640334291,28.1321416519065
-2.60803846490312,0.143295054518045,0.191027832879581,-0.739545761935353,-2.83875538309788,0.0527095280043591,-164.063131326258,0.619053135506419,-4.66837316653448,-0.483141513102206,-0.552563003608821,28.0911639990868
-2.60875601010073,0.142970926505313,0.190359459921823,-0.739761524173861,-2.83913625206691,0.0529917465760507,-163.64060377667,1.16023515021197,-4.70977196424988,-0.485388080783992,-0.553677530537718,28.1179014631653
-2.60948302424212,0.14265716746897,0.189754242778047,-0.739971441481389,-2.83948355874965,0.0532270459301757,-163.626425497436,1.4032678679996,-4.74565779424526,-0.486430826160497,-0.556513602511442,28.19111680004
-2.61021412409093,0.142405319290373,0.189247641300222,-0.740131733215886,-2.8397894740448,0.0534033778641828,-165.11889797772,1.03047795016778,-4.73416926344515,-0.488307871793594,-0.558783012526489,28.2540116801117
-2.61094365348468,0.142250594404479,0.18886018016891,-0.740211764600573,-2.84004552943993,0.0535081554283487,-165.09915146167,2.62786570272829,-4.71559618847783,-0.480753875809671,-0.563875892041185,28.3711939088727
-2.61168030102287,0.142228907796498,0.188611501343344,-0.740182737026036,-2.84023427343885,0.0535280903895616,-165.447696936219,1.6989872265558,-4.6871241008632,-0.48649585042407,-0.563458470714511,28.3835735284738
-2.61243379718522,0.142362638446561,0.188511675668661,-0.740026700992278,-2.84033445274494,0.0534446206054632,-165.764201060623,1.60055172397028,-4.78375686380329,-0.484427578327492,-0.555310726135792,28.3273823366946
-2.6132210655326,0.14267177204922,0.188570428648906,-0.739729770507451,-2.84032469874523,0.0532453886153554,-163.952756797527,0.854648808732009,-4.61860053910894,-0.476947126934875,-0.556325727569971,28.3627871348105
-2.61406106076268,0.143157296516099,0.188785174210476,-0.739292861673682,-2.84018187023508,0.0529171979668581,-166.685787045502,1.6216199910582,-4.58538121794396,-0.469405377769827,-0.555338444044062,28.3140955511572
-2.61497003538794,0.14380224471393,0.189143487802843,-0.738731009812283,-2.83988656270751,0.0524481297204527,-164.484492709043,1.75160223121338,-4.42961115596694,-0.469575352339004,-0.557945383280283,28.4038588904515
-2.61596054385015,0.144585751352643,0.189632566246247,-0.738060888969647,-2.83942828277041,0.0518376302284293,-165.732968462193,1.51178374715141,-4.45034982637108,-0.46597503857872,-0.554909005034862,28.3398661770833
-2.61703083780968,0.14547939406321,0.190236252718205,-0.737304928454404,-2.83880924721225,0.0510900335661024,-164.936327279118,1.11303255587131,-4.60003310358798,-0.469457914808617,-0.55251845032367,28.311389125444
-2.61817731208243,0.146441587070412,0.190930852346713,-0.736493427442283,-2.83804014986426,0.0502181171954154,-164.272883975825,0.805858746723061,-4.62855888022088,-0.468425701459525,-0.554995773833708,28.3726866469896
-2.61938551119611,0.147420292492477,0.191685608065742,-0.735661169527918,-2.83714523947586,0.0492455442886427,-166.75735684211,2.08200204441187,-4.48871161372918,-0.464098187047753,-0.558701275561053,28.4168403855702
-2.62063114251575,0.148369999743127,0.192474292667459,-0.734836644417174,-2.83615812826594,0.0482000478212322,-165.633296552952,2.22240053447763,-4.64616462782399,-0.46638357178799,-0.567710440432799,28.5508901847544
-2.6218867990313,0.149254958309475,0.193275678488416,-0.734038690949073,-2.83511638722845,0.0471107985529318,-167.035653169697,2.20229017586485,-4.7481334260271,-0.481374827622175,-0.566734295482443,28.5542203609138
-2.6231191800824,0.150034534903697,0.194062247116877,-0.733287792443387,-2.83406856885367,0.0460168539775101,-166.432360895583,1.89699464763771,-4.90168172553629,-0.492471872192521,-0.560218170247973,28.5664357594707
-2.62429551885413,0.150680668080542,0.194813201406245,-0.732594393887889,-2.83306662372915,0.0449607765215797,-165.896193674532,1.74123270746145,-4.95418060135725,-0.496853459904297,-0.553960508893518,28.5599882493715
-2.62538687086139,0.151167217411791,0.195506273644303,-0.73196880791292,-2.83215790182741,0.0439800469558181,-166.75399141462,0.692873525277491,-4.98079361576882,-0.499702771999484,-0.555030111407884,28.5092789709525
-2.62637924740351,0.151486528405139,0.196130544325638,-0.731408684651174,-2.83137734781956,0.0431068047346106,-165.911186403637,1.86946899625855,-4.73871497169509,-0.488970424939456,-0.56291430975179,28.5914574200933
-2.62725850801189,0.151620480387869,0.196665534280553,-0.730920917879235,-2.83077017340101,0.0423871482615078,-166.922033978742,2.35625178972623,-4.74205333132122,-0.482846546069361,-0.567574095346458,28.5894058743458
-2.6280331543184,0.151580811802211,0.197110180718801,-0.730496631565129,-2.83034639751064,0.0418354675819547,-167.08943381772,0.984988150029949,-4.85160159103947,-0.49032046509805,-0.569085525754136,28.568605943271
-2.62871983401412,0.151367574692203,0.197457049381579,-0.73014069533949,-2.83010984626394,0.041465700177972,-165.678633870538,0.763612592261325,-4.90580912775826,-0.489622757714179,-0.567460132192238,28.6211909970364
-2.62933847135325,0.150980626295508,0.197696860824187,-0.729861645379443,-2.83005294051073,0.0412788612969517,-167.678635290992,2.0274748114075,-4.85056163673639,-0.486164311536644,-0.563697110765955,28.6120956744866
-2.62991639880944,0.150424338182738,0.197823784119542,-0.729669328257084,-2.83015312857259,0.0412614066719749,-166.579930075259,1.60852147514424,-4.76743224467288,-0.486143517200593,-0.564572097666689,28.7104879334818
-2.63048970880864,0.149717019887004,0.197844963441575,-0.729568969604119,-2.83037244749401,0.0413871644260099,-167.915441336666,1.90985577503989,-4.85594647860964,-0.486715243408344,-0.568908439124097,28.7453347503596
-2.63108135253702,0.148858412738244,0.197754188470392,-0.729580852367507,-2.83067363315127,0.041619995401031,-168.158724365699,2.73643185386845,-4.88821871132413,-0.487355157924239,-0.573205677211592,28.7948704399925
-2.6317119709762,0.147859636804752,0.197554127274504,-0.729717067539256,-2.83101212508622,0.0419131160779763,-167.387463928196,1.38455453995243,-4.86346747032152,-0.492547677004721,-0.56654848522801,28.8410148036112
-2.63239659637371,0.146749403358676,0.197261054728906,-0.729976777905553,-2.8313394575763,0.0422106426092637,-168.801436186055,1.1465188261991,-4.80402184868638,-0.498087421049743,-0.55842842152011,28.8048102514249
-2.63314194048727,0.14556893931246,0.19689976722263,-0.730347091963182,-2.83160966753444,0.0424525679338293,-167.602069085051,1.91247320000161,-4.68708636245427,-0.485812096081637,-0.559167723641252,28.8713181077261
-2.63394568390091,0.144364340641507,0.196498777480702,-0.730804602552215,-2.83178861046851,0.0425885828731489,-168.048885783624,1.57233331697239,-4.5599919189608,-0.480167545540964,-0.563133118474658,28.8276316503705
-2.63479432454129,0.143185754964667,0.196090063778245,-0.731316195766852,-2.83186212001954,0.0425864781000251,-168.339696884244,0.99715721618486,-4.65828403174959,-0.476755760011008,-0.56622211202753,28.7955426440442
-2.63567398582586,0.142096304255653,0.195716691023541,-0.731834181546986,-2.83182046864508,0.0424212837924193,-166.881255437495,2.0328906065979,-4.52818859372721,-0.46347549137344,-0.57063335066603,28.8755970222334
-2.63657114630121,0.141173101313403,0.195432233543853,-0.732293611262085,-2.83166551945414,0.0420845103433994,-169.409612279657,2.03909245270961,-4.58223922339201,-0.462656852618657,-0.569224365936282,28.8417420208962
-2.63747179188141,0.140480540016156,0.195282755075137,-0.732632385592137,-2.83141391351556,0.0415880173720265,-167.403314412872,1.41200274942503,-4.64782253415029,-0.473238653052401,-0.565034246801215,28.9515897095825
-2.63836632204904,0.140069407118721,0.19530686032423,-0.732794651004343,-2.83109322841681,0.0409640451340741,-169.447402523261,2.91215024395296,-4.75171480099436,-0.481263863195239,-0.563249149562821,28.9707609454512
-2.6392433705628,0.13997626649035,0.195534836295954,-0.732733327587783,-2.83074237495683,0.0402607321070975,-169.19923157578,2.17947764652763,-4.80626928492521,-0.493537303799575,-0.566509723719718,29.0192685181567
-2.64010859698855,0.140213714058207,0.195982933740471,-0.73242011688972,-2.83038950395096,0.0395258015162228,-168.887534941022,1.33685644271827,-4.90141332866443,-0.499684536506611,-0.570533803941587,29.0444718859224
-2.64096278308041,0.140759011483612,0.196642716651204,-0.731854307172764,-2.83007158807283,0.0388183939166656,-169.811917246186,2.66888411211971,-4.89156088672655,-0.502895009978544,-0.56733237137827,29.0235160673063
-2.64181481898609,0.141569171206657,0.197492643137974,-0.731054577339937,-2.8298159818614,0.0381907743785517,-168.715271420144,2.0096563249424,-4.79304658124548,-0.502128346560157,-0.570793241101017,29.0695926420539
-2.64267641091345,0.142580332523874,0.198495743803317,-0.730060206535868,-2.82963874115485,0.0376831924928593,-169.405497661273,0.689131038458527,-4.82374070137891,-0.504717494404464,-0.569649343966271,29.0417077467786
-2.64355169823956,0.143702674504283,0.19959445173493,-0.728934087968672,-2.82955037731989,0.0373225368347043,-169.615325874442,1.72957590940041,-4.93209198506943,-0.501532601207613,-0.56942982680412,29.0639368046683
-2.64445215449224,0.144841668250985,0.200726545895282,-0.727747620610032,-2.82954706223802,0.0371199477416791,-168.779951719085,2.01697184679347,-4.70350774212716,-0.48997719189636,-0.575995711193938,29.1403552595848
-2.64537969342611,0.14590729710405,0.201830019451603,-0.72657428636537,-2.82961657439473,0.037066635234543,-170.636070349233,2.08759309209495,-4.84271644745726,-0.48462738351846,-0.571788782689776,29.1203173994623
-2.646331499801,0.146811754243898,0.202841062518533,-0.725486488048169,-2.82974433990912,0.0371462430779642,-169.536006928025,0.93613583604224,-4.77324757148475,-0.480886002533592,-0.575617248806216,29.2109669990771
-2.64730008022889,0.147479211977616,0.203702612241595,-0.724548695542663,-2.82991360194662,0.0373318087245115,-170.718812674847,2.3173094844326,-4.79204651801288,-0.483506201655617,-0.576054595976478,29.243258183626
-2.64827294512632,0.147871465078171,0.204380915953192,-0.723796762049254,-2.83010164136219,0.0375830793786565,-171.219244561998,2.25267512637515,-4.78792860133774,-0.496138811116873,-0.572867667642242,29.2602055767735
-2.64923337036127,0.147966952781464,0.204853572079476,-0.723252495091755,-2.83029763830009,0.0378716323204895,-169.622626891957,1.56971855251368,-4.97322670666409,-0.499880527425467,-0.568213775025389,29.300991154932
-2.65016599789416,0.147778381898292,0.205123269075532,-0.722910392534782,-2.83048725915038,0.0381639908253469,-171.660100832271,1.9002880600674,-4.8711862833099,-0.498710232554932,-0.563751426769277,29.2297754731193
-2.65104646955077,0.147331258032545,0.205201203255984,-0.722752644180177,-2.83067539122639,0.0384460944173875,-169.228616804619,1.62144430602348,-4.65302582745252,-0.501315806709245,-0.568390337934945,29.2685730781488
-2.65185807155099,0.146677989438575,0.205120431226085,-0.722739242092994,-2.83086358921638,0.0387047519390393,-170.894868323253,1.76488450039869,-4.81214514017546,-0.492681669352652,-0.568796402081277,29.222069409495
-2.65258796836625,0.145879453599293,0.204923493628909,-0.722823962627439,-2.83105261660308,0.0389294715705021,-170.774727044277,2.23335570597123,-4.75343126017711,-0.483900274676847,-0.575791378934564,29.2790996480133
-2.65321605470256,0.144996324381883,0.20465412265426,-0.722959546425657,-2.83125947691163,0.0391261425084503,-170.474980940696,2.12854797611544,-4.62814971385819,-0.481293944338808,-0.579334195536166,29.3688104109286
-2.65373454536277,0.144092298727375,0.204361012683607,-0.723098646870598,-2.83149111278994,0.0392988454819789,-172.081701453036,1.62995746794923,-4.75501716712131,-0.48586587053607,-0.574509474623362,29.3609778775623
-2.65414161469129,0.143220303824742,0.204087228293101,-0.723203946425787,-2.83175037022722,0.0394495902353209,-170.779398030203,1.85886814464993,-4.79938587819774,-0.489925791145259,-0.577415946429091,29.4260328905372
-2.65444050998261,0.142411919037603,0.203861407081507,-0.723257077044702,-2.83204032899825,0.0395858184270753,-171.647660558082,2.63075751723659,-4.87296364382712,-0.496589518115769,-0.574019015593096,29.4401923131882
-2.65463668848602,0.141687484469927,0.203702396245601,-0.723250613450917,-2.83235551023846,0.0397031627019551,-172.020441834043,1.55692002322075,-4.79703475853179,-0.504298447427202,-0.576372319098194,29.4801748461503
-2.65474089689578,0.14105141888346,0.203617020398342,-0.7231908082034,-2.83269349168976,0.0398055827685398,-171.507521967649,1.65863268388125,-4.91550853158591,-0.507395466613307,-0.581171988796963,29.540347496881
-2.65476911528019,0.140491770158175,0.203597230661128,-0.723097231640324,-2.8330420958927,0.0398866900822365,-172.704145710302,1.59686919376259,-4.98728761248938,-0.512243265157221,-0.575694676544046,29.4999936567125
-2.65474157769861,0.139986689898842,0.20362456505713,-0.722997048979309,-2.83338624464751,0.039937041419452,-171.236702803337,1.82557169670213,-4.99068632233994,-0.516426806008929,-0.573639165295941,29.5285345325385
-2.65468440622321,0.139508557455641,0.203673503064669,-0.722921136666932,-2.83370938589654,0.0399500715107677,-171.968797239795,1.51616588189995,-4.82541797283298,-0.510321994094644,-0.571952535028248,29.5245635850264
-2.65462452843018,0.139032640776089,0.203717079952329,-0.722896069388192,-2.83399822566677,0.0399222398606961,-172.987025968914,2.05996938079784,-4.81950137749342,-0.502198986966446,-0.576187015541048,29.5633021327423
-2.65458615161726,0.13854013449347,0.203728741696617,-0.722941760464019,-2.83424592012838,0.0398563145513977,-171.466703125941,1.66873915988367,-4.77814184837538,-0.490301299775845,-0.58631343344244,29.6349334770355
-2.65460098611266,0.138017626545497,0.203685467802478,-0.723070326605575,-2.83444303323337,0.0397578244793017,-173.699080669344,2.19889021796871,-4.85327217496206,-0.487624563188948,-0.582402174303006,29.5504510169551
-2.65469305958062,0.137456538226736,0.203567837094573,-0.723288189286231,-2.83459164746232,0.0396427051450359,-171.206185198434,1.04593904608464,-4.79521729449004,-0.487619543244363,-0.579707669469493,29.6072225629518
-2.65488617709496,0.13687633322058,0.203375942024381,-0.723578087069634,-2.83468918802374,0.0395206908439773,-173.092320199911,2.29697365039988,-4.82276093178277,-0.487084512386259,-0.574934886512685,29.5918130279715
-2.65519827179225,0.136302894292899,0.20311691095998,-0.723915746323692,-2.83473908329081,0.0394060910815621,-172.761096333019,2.02313538122212,-4.86091890214263,-0.492500575982167,-0.573818269010277,29.644075548614
-2.65564763813838,0.135774992486842,0.202809772821489,-0.724267359397764,-2.83474258163273,0.0393132454347265,-172.533123085563,1.42951541296225,-4.8667183663311,-0.497366752433893,-0.577899746433865,29.7026597530394
-2.65624014621639,0.135326276720358,0.20247332694921,-0.724601352942808,-2.83470597054574,0.0392530167833408,-173.919570503335,2.08157472827838,-4.87689528033204,-0.504580466262092,-0.57827388464794,29.6936510454552
-2.65698167550586,0.135005351817584,0.202140686943365,-0.724876133690216,-2.83462531713904,0.0392233499309106,-172.553983843519,2.32948306458252,-4.81241883577448,-0.504730119767581,-0.578509405818165,29.7529231196404
-2.65787127657846,0.134850519264695,0.201841778709131,-0.725056127802371,-2.83450372164207,0.039227996584795,-173.42742122835,1.62586056827627,-4.96291532840482,-0.503629588206086,-0.575821008720165,29.7110526406798
-2.65890913131945,0.134882035152364,0.201598068990813,-0.725121204532474,-2.83433371999105,0.0392575304305915,-173.390989946822,1.66712946551888,-5.0022454810105,-0.501502842035872,-0.576655995616812,29.737730369515
-2.66009391605033,0.135114343468566,0.201429889748826,-0.725055782265213,-2.83410317355385,0.0392946016067423,-172.699184995845,2.14444023898591,-4.99520690205378,-0.494810196046255,-0.582041527779954,29.8027816323611
-2.66141387818662,0.135544531270024,0.201346156834798,-0.724856598550158,-2.83380847624665,0.0393256161377367,-174.762315749324,2.46335064737264,-4.78274354036995,-0.496347460042962,-0.581575681197372,29.7576264161123
-2.662850662395,0.136141338253123,0.201337065909682,-0.724539940842656,-2.83344983997307,0.0393367202099172,-172.608462144084,1.67854303310742,-4.89868323068731,-0.498054290598618,-0.584624332757071,29.8175198754071
-2.66438607318037,0.136870792339931,0.201391784795031,-0.724125041823586,-2.83302899098908,0.0393150461756206,-173.99208823224,2.34149669119756,-4.97540095150478,-0.495502064376683,-0.583251260224918,29.7886558726381
-2.66599480271526,0.137680948402017,0.201485121926186,-0.723643723165868,-2.83255710040545,0.0392555169511825,-173.585449023188,1.08790873723251,-4.83772809895774,-0.499939304002364,-0.581660484867208,29.8128205946203
-2.66764497601711,0.138519167521831,0.201590260144839,-0.723127750569523,-2.83205079199373,0.0391561164120933,-173.333328581637,1.11459722945642,-4.89065778534652,-0.504696622200826,-0.584445768106913,29.8775229520098
-2.66930047792134,0.139331984300164,0.201678387998025,-0.722609487371857,-2.83153612738801,0.0390238252844184,-174.925002177698,2.05802808652834,-4.99088053802464,-0.509446242604786,-0.585349556297375,29.9030911686355
-2.67092338980292,0.140085566693676,0.201733060895759,-0.722109105072912,-2.83103493958253,0.0388608123341546,-174.006423997665,2.7062047287875,-4.84792536901921,-0.513431430766402,-0.587197279493905,29.983520831329
-2.67247437178486,0.14075557970567,0.201741868504221,-0.721639652119903,-2.8305717152105,0.038671718225658,-174.788611115687,1.88328882469364,-5.00530165742873,-0.516914086877382,-0.583326997612957,29.9492233507928
-2.67391696088042,0.141342681414596,0.201708154184832,-0.721196658020235,-2.83017180105084,0.0384656882797846,-174.830089322987,1.41469798098433,-5.0052523471862,-0.513164072586172,-0.581292486058745,29.9501264599216
-2.67521820641393,0.141849989950211,0.201636539517261,-0.720776073890191,-2.82985602060703,0.0382499844736499,-173.836641083497,2.90480285187709,-4.89354772673138,-0.502763457857521,-0.584026920804673,29.99194542297
-2.67635541720514,0.14231660873421,0.201557574752005,-0.720350401095523,-2.82962782116363,0.0380173623398144,-175.276369620979,2.21748676416269,-4.91319910674719,-0.50224581540465,-0.583986498608477,29.9270253701736
-2.67732308942977,0.142789942302739,0.201508065224514,-0.719886862083547,-2.82948095153027,0.03776180005411,-173.824247540924,1.34795198758161,-4.84702615288745,-0.497036901237556,-0.585549488846928,29.9895295499059
-2.67812131950745,0.143312334348673,0.201520645909514,-0.719356904366333,-2.82940461343238,0.0374752983604731,-175.227786088947,2.17393373517848,-5.0455436893179,-0.495528435997312,-0.591191170747094,30.0385520336321
-2.67876110545042,0.143931176445504,0.20163257060684,-0.718729174306319,-2.82937921969464,0.037146695651631,-176.109269026338,2.0906175684288,-4.85389821508431,-0.496157674112149,-0.592867407246879,30.1285812552076
-2.6792742084722,0.144673692382074,0.201869165405184,-0.717987943269624,-2.8293754900987,0.0367663456002018,-175.535037998132,1.92008012186648,-5.03325797716874,-0.502548936523451,-0.588006223239896,30.2134781385271
-2.6796904098352,0.145545806386173,0.20224118107525,-0.717132239084042,-2.82936964380454,0.0363310212175362,-177.230703277037,2.57764070539247,-5.05546944403011,-0.515170666914366,-0.585962661819209,30.1744690369289
-2.68004420086016,0.146518602626648,0.202735859170773,-0.716186364646433,-2.82934385848404,0.0358471590627183,-175.105362636548,1.43584223715675,-4.99011889776321,-0.520845256142967,-0.586140011617338,30.2144159707316
-2.68037120779758,0.147545739312696,0.203328154898333,-0.71518604710105,-2.82928588309804,0.0353272317988882,-176.111452713751,1.61616643080788,-4.9720423910951,-0.518239599327775,-0.582858400895697,30.1464799760876
-2.68069448014918,0.148559254541535,0.203976243131084,-0.714181010685127,-2.82919808655824,0.0347933497300137,-175.626917092696,0.837683257223716,-4.90958871003491,-0.518215650943686,-0.581379349004992,30.1188915311253
-2.68102876725528,0.149468500660817,0.204621017361142,-0.713235938696662,-2.82909283357112,0.0342715349088426,-174.572044058375,1.54392581254251,-4.86009799441607,-0.509719621129377,-0.585810876921973,30.1626442254721
-2.68137918523901,0.150191433175175,0.205208626817088,-0.712410320610206,-2.82898756701879,0.0337859223996642,-177.14402520008,2.60274713908893,-4.9796967390015,-0.50130425885872,-0.586560827811242,30.1692697534863
-2.6817329799193,0.150642278276396,0.205678849816396,-0.711763555323321,-2.82891898966411,0.0333718543820775,-175.702516875769,2.9658538639726,-4.84868155315422,-0.498544137711636,-0.594811175041746,30.307460464986
-2.68206952001718,0.150744427078403,0.205976437351783,-0.711349069404058,-2.82892205014183,0.0330560466623138,-177.255893324048,2.95754261226534,-4.92790988991479,-0.499461255119315,-0.59227174787112,30.285905756653
-2.68236075571331,0.150459845061969,0.206070204266815,-0.711192657338154,-2.82902363429384,0.032846798063488,-176.456250640846,1.51365093775303,-5.06076528093786,-0.502749021677181,-0.590151912331482,30.2746792169454
-2.68257630273411,0.149761595085556,0.205934728446028,-0.71131134194682,-2.82925549753291,0.0327579742076585,-175.808129448913,2.03628643029151,-4.95214300702079,-0.506982252257762,-0.594913033850067,30.2988015196256
-2.68269024520093,0.148658903407527,0.205569593515119,-0.711697726575449,-2.82963243434173,0.0327862818195313,-177.241904100436,2.0531382844631,-4.82180221740549,-0.51121230263518,-0.595921487880379,30.3033625958444
-2.68269164616677,0.147199184603854,0.205000488743175,-0.712318814536218,-2.83015145150131,0.032915446344717,-176.097008105647,1.97404213626533,-4.90442601642681,-0.513420497753232,-0.592952054253072,30.3708673159049
-2.6825842035381,0.145450947351502,0.204268115137384,-0.71312765549605,-2.83079323519685,0.0331197885154622,-177.17814826068,1.80469430067637,-4.93198440173524,-0.523552610038295,-0.586657837831395,30.3497283620009
-2.68238694296052,0.143499552014149,0.20342517271883,-0.714065994473627,-2.83152566939178,0.0333705479963895,-177.511647313829,1.56440686044448,-5.05264066255077,-0.524255465501774,-0.588826791446327,30.4046588501549
-2.68213266927055,0.141436193639153,0.202529107716082,-0.715072140958446,-2.83231072904654,0.033641248365364,-176.753306580548,3.34651362559975,-5.09571147170195,-0.51912077815538,-0.594237049092515,30.464054040203
-2.68187538543175,0.139364251317707,0.201647383319446,-0.716078095611033,-2.83309324906355,0.0338993964321691,-177.877203868188,2.34679036008833,-5.0432013649137,-0.514202623573023,-0.588878554747483,30.3706432211049
-2.68167285768186,0.137374935857605,0.200838664104049,-0.717023479217376,-2.8338256670382,0.0341262957744626,-175.950920631161,1.15146482875298,-5.00188634124237,-0.503240834667898,-0.596078783202771,30.3999091253569
-2.68158674768735,0.135531735614453,0.200143713054919,-0.717868514359472,-2.83446419839413,0.0343114737272731,-177.64087696264,2.11818958232811,-5.06573990633066,-0.49738964696075,-0.601765974678921,30.4501494592684
-2.68167041607491,0.133894049698073,0.199599200635584,-0.71857606092632,-2.83497314304563,0.0344474242416664,-178.462287980361,2.79179549799983,-4.82921498420205,-0.49969957988629,-0.602531419002328,30.5590806306098
-2.68196489558232,0.132502415397692,0.199227228617112,-0.719119985316986,-2.83533610212083,0.034543794955736,-177.874634405588,2.59562501652522,-4.96177448124283,-0.510313417496825,-0.596521670181055,30.6283456733936
-2.68249458890671,0.131374327315424,0.19903305161708,-0.719489358108254,-2.83555051473029,0.0346144606773889,-178.781992285244,2.13938764838827,-5.141751687062,-0.524048216643741,-0.586820289327422,30.5602271232442
-2.68326062205432,0.130518588093662,0.199014112510114,-0.719677012763182,-2.83562803900159,0.034675216004421,-177.548860439343,1.94790794415553,-4.99179214987618,-0.525320089682465,-0.588130901066269,30.5901198985991
-2.68424231334275,0.129925438266802,0.19915461266798,-0.719688291741961,-2.83559228208413,0.0347414320230099,-178.33571766163,1.30114236754616,-5.0787315509335,-0.523818775457312,-0.592163494731602,30.5930357386089
-2.6854069815587,0.12958057394567,0.199435445865152,-0.719530576175403,-2.83547280090395,0.0348272123128258,-178.931580320266,1.72869133868562,-4.91272516652447,-0.51522421190247,-0.598045540061228,30.6276701348302
-2.6866964894334,0.129468281163424,0.199834646748898,-0.719213859161469,-2.83530777060839,0.0349398836837043,-177.847761491254,2.04985380182165,-4.93206665487548,-0.511442087498917,-0.601177894651736,30.6965445441779
-2.68805327479493,0.129578277061863,0.200335282977956,-0.718743765152599,-2.83512819096643,0.0350788953797116,-179.654942443552,2.3758022299387,-5.1526173531322,-0.513630206464193,-0.593525837698448,30.6573553549205
-2.68941781959371,0.129894068325761,0.200919416676341,-0.718132604156099,-2.83496243052196,0.0352401276582016,-178.198901006383,2.30271197151774,-5.20876741435865,-0.511786031078505,-0.595328313369916,30.7323829899147
-2.69073812245848,0.130411363801123,0.201578915008936,-0.717386904390603,-2.83482002993628,0.0354000459426464,-179.306727410819,2.07007974518115,-5.17271628981277,-0.513068974697711,-0.596491803280031,30.7469358227308
-2.69197017506455,0.131120481557677,0.202304426699809,-0.716518697329157,-2.8347065740551,0.0355370814622453,-179.946819541488,2.57480369419818,-5.04133754015459,-0.511302912789143,-0.601853370291646,30.7980092842415
-2.69309420302059,0.132022500866839,0.203097893946835,-0.71553684396007,-2.83460752406623,0.0356205466799591,-179.244026030047,3.13902294054401,-4.9415217063773,-0.508163750281893,-0.610233988136707,30.8957237694468
-2.69410196969198,0.133099845760392,0.203950892650364,-0.714464951732915,-2.83450284324274,0.0356214487496605,-181.191479653676,3.15605269341086,-5.17804628646005,-0.516501557300048,-0.605380053489158,30.8480183011478
-2.69499357972542,0.134325974283771,0.204849330684026,-0.713333282597168,-2.83437837956342,0.0355232849567563,-178.665183633667,1.97721699119074,-5.08821237656682,-0.529718422755455,-0.594804431123167,30.8692157489512
-2.69578701634089,0.135675603081859,0.205782394669659,-0.712170160934115,-2.83421264213871,0.0353127552937033,-179.769489139902,1.73144229659897,-5.12142165515212,-0.531981105556752,-0.588264554993674,30.7761322473488
-2.69651018542637,0.137100692214149,0.206725412940952,-0.711019622050609,-2.83398488898518,0.0349833864126937,-179.324073376696,1.40198128771203,-5.06890380882359,-0.525978677759441,-0.590713370689999,30.7742738251437
-2.6971891061125,0.138547503622337,0.207649202721496,-0.709926596821032,-2.83368411751568,0.034539853175215,-178.695352003205,1.19914742030141,-5.02504722964008,-0.514231834241826,-0.603136175476214,30.8490878711202
-2.69784795048395,0.139959881040704,0.208521941061632,-0.708932394985674,-2.83330962933812,0.033998264835269,-181.31901618268,2.60850775677977,-4.97221196639592,-0.504229190499273,-0.607990366583994,30.8647850256874
-2.69850379516356,0.141277004601118,0.209307835450727,-0.708077033277076,-2.83286603855093,0.0333756970949379,-179.299510468609,2.28973599313304,-5.00487189857881,-0.506356167679009,-0.609498343454509,30.9875288757703
-2.6991597996932,0.142444253967794,0.209974278943346,-0.7073909020688,-2.83237316450642,0.032698338004102,-181.360157920071,2.48353590926831,-5.1795564445772,-0.513631212572766,-0.595442741520284,30.9215877745974
-2.69981461374604,0.14341388334647,0.210492919593363,-0.706895507379837,-2.83185402197809,0.0319958837129484,-179.544086169682,1.57091775901381,-5.24877553544906,-0.526606494005656,-0.594737249091803,30.9070299928615
-2.70045497944511,0.144152570083178,0.21084410293061,-0.706598947041146,-2.83133688488866,0.0312976033252186,-179.320671255232,2.15280119326417,-5.08731120772967,-0.523630723802365,-0.596054920486854,30.877598792263
-2.70106514111233,0.144647320705446,0.211022818278026,-0.706493376066385,-2.83084302860207,0.0306206334817396,-180.537510870125,1.56120173024874,-5.09949758400782,-0.520917691404373,-0.596839691838381,30.808310456612
-2.70161952238132,0.144897447423877,0.211033169811184,-0.706562019652664,-2.83040098982606,0.0299884172141537,-178.371064152772,1.58121677413101,-4.87090212541216,-0.520373956939821,-0.604771721287165,30.855046153126
-2.70210173044742,0.144930468328445,0.210898408072046,-0.706769124923282,-2.83001861151606,0.0294034379120212,-180.734332853422,2.11701447672567,-4.94889614125898,-0.514383863293596,-0.597824251234602,30.7839227981723
-2.70249455680471,0.144791043189803,0.210654977102351,-0.707070146206087,-2.82970168079239,0.0288672595175953,-178.843843994467,1.6650126900488,-5.01534671479436,-0.522193456298114,-0.59333960159235,30.8386380644792
-2.70278868229855,0.144523387822169,0.210338582971552,-0.707424865862827,-2.8294500853086,0.0283794420203214,-180.037491058987,2.36747792268284,-5.12771008333624,-0.521666401925446,-0.594087763982045,30.8399531023702
-2.70297921993182,0.144179499285324,0.209991852623846,-0.70779111183357,-2.82925672692729,0.027932773377118,-180.114767907674,2.60820257539717,-5.20217524002311,-0.518096259488015,-0.599100489672752,30.851258133225
-2.70307681532688,0.143810609522774,0.209657951596021,-0.708132262705185,-2.82910407240609,0.0275187860705983,-179.396710179014,1.97574754069728,-5.03953330515355,-0.513957893003877,-0.60620680216111,30.8930719873224
-2.70309559239,0.143456200813355,0.209370155933294,-0.708423089697117,-2.82897348470616,0.0271284423774956,-180.525607446759,3.47408417871634,-4.98686806263868,-0.517386600589244,-0.606381539558235,30.8482635128615
-2.70305045480388,0.143138156591875,0.209149101974033,-0.7086539511397,-2.82885262764904,0.0267608723536173,-179.255214634351,2.64807987728909,-5.04760465569402,-0.519199138657562,-0.604746597510623,30.848088807555
-2.70296558165391,0.142864719331297,0.209004807910739,-0.708827513602047,-2.82872309605773,0.0264106552808602,-179.529801089794,1.68551852482074,-5.07959806776455,-0.528170021496515,-0.592429437871691,30.7810199966722
-2.70286021473128,0.142624056157081,0.208931785917156,-0.708960363568299,-2.8285774905869,0.0260834270553396,-179.473599834611,2.03561919683671,-5.13098627437614,-0.532629003132941,-0.587743453596045,30.7497658999842
-2.7027551560628,0.142395351334672,0.208916609498925,-0.709076406550408,-2.82840774010992,0.0257839378996756,-178.836986555885,2.46530749262547,-5.11492407396653,-0.525351502984899,-0.595390919722504,30.799485958606
