ISO-10303-21;
HEADER;
FILE_DESCRIPTION (( 'STEP AP214' ),
    '1' );
FILE_NAME ('90126A206_Zinc-Plated Steel SAE Washer.STEP',
    '2026-02-20T19:34:23',
    ( '' ),
    ( '' ),
    'SwSTEP 2.0',
    'SolidWorks 2025',
    '' );
FILE_SCHEMA (( 'AUTOMOTIVE_DESIGN' ));
ENDSEC;

DATA;
#1 = CARTESIAN_POINT ( 'NONE',  ( 0.1227669876449370284, -0.07075846654616474440, -0.02816500000000000253 ) ) ;
#2 = CARTESIAN_POINT ( 'NONE',  ( 0.2498958882494314304, 0.1920458499921607887, -0.02816500000000000253 ) ) ;
#3 = CARTESIAN_POINT ( 'NONE',  ( -0.1368431609907315716, -0.03677557794842389177, 0.03274999999999893968 ) ) ;
#4 = CARTESIAN_POINT ( 'NONE',  ( -0.01839140678079684982, -0.1405000000000000970, 0.02816500000000000253 ) ) ;
#5 = ORIENTED_EDGE ( 'NONE', *, *, #1303, .F. ) ;
#6 = CARTESIAN_POINT ( 'NONE',  ( -0.1227669876449401787, -0.07075846654616596565, -0.03275000000000105604 ) ) ;
#7 = CARTESIAN_POINT ( 'NONE',  ( 0.1920458500733673857, -0.2498958881682075972, 0.03275000000000000133 ) ) ;
#8 = CARTESIAN_POINT ( 'NONE',  ( 0.3125000000000000000, 5.740531871003217465E-17, -0.02816500000000000253 ) ) ;
#9 = CARTESIAN_POINT ( 'NONE',  ( 0.1123531912069647143, -0.08634381430645091116, 0.03275000000001274808 ) ) ;
#10 = CARTESIAN_POINT ( 'NONE',  ( 0.1573809312598127008, 0.2730582464046509283, 0.02816500000000000253 ) ) ;
#11 = CARTESIAN_POINT ( 'NONE',  ( -0.1405000000000000693, -0.01839140678079702329, 0.03275000000000000133 ) ) ;
#12 = CARTESIAN_POINT ( 'NONE',  ( -0.09200128697578915937, -0.1196680338569935664, -0.03275000000000000133 ) ) ;
#13 = CARTESIAN_POINT ( 'NONE',  ( -0.1405000000000000693, 8.537024980200822558E-18, 0.02816500000000000253 ) ) ;
#14 = CARTESIAN_POINT ( 'NONE',  ( 0.03677557794842897104, 0.1368431609907332092, 0.02816500000000000253 ) ) ;
#15 = CARTESIAN_POINT ( 'NONE',  ( 0.1307796088314470973, 0.07537665258337407359, 0.03275000000000000133 ) ) ;
#16 = DIMENSIONAL_EXPONENTS ( 1.000000000000000000, 0.000000000000000000, 0.000000000000000000, 0.000000000000000000, 0.000000000000000000, 0.000000000000000000, 0.000000000000000000 ) ;
#17 = CARTESIAN_POINT ( 'NONE',  ( 0.08179621396838304692, -0.3043664614149046432, 0.03275000000000000133 ) ) ;
#18 = CARTESIAN_POINT ( 'NONE',  ( 0.1405000000000000693, 8.603143764010160342E-18, -0.02816500000000000253 ) ) ;
#19 = APPLICATION_PROTOCOL_DEFINITION ( 'draft international standard', 'automotive_design', 1998, #1419 ) ;
#20 = CARTESIAN_POINT ( 'NONE',  ( -0.3125000000000000000, -2.119616251295314107E-17, -0.02816500000000000253 ) ) ;
#21 = CARTESIAN_POINT ( 'NONE',  ( 0.1405000000000000693, 0.01839140678080804225, -0.02816500000000000253 ) ) ;
#22 = DIRECTION ( 'NONE',  ( -0.000000000000000000, -0.000000000000000000, -1.000000000000000000 ) ) ;
#23 = CARTESIAN_POINT ( 'NONE',  ( -0.2498958881682286914, 0.1920458500733807083, -0.03275000000002577238 ) ) ;
#24 = CARTESIAN_POINT ( 'NONE',  ( 0.1123531912069683919, 0.08634381430645153566, 0.02816500000000000253 ) ) ;
#25 = CARTESIAN_POINT ( 'NONE',  ( 0.1405000000000000693, -0.01839140678080805960, -0.02816500000000000253 ) ) ;
#26 = ADVANCED_FACE ( 'NONE', ( #697 ), #352, .T. ) ;
#27 = CARTESIAN_POINT ( 'NONE',  ( 0.3125000000000000555, 0.000000000000000000, 0.03274999999999992500 ) ) ;
#28 = CARTESIAN_POINT ( 'NONE',  ( -0.1307796088314443494, 0.07537665258337683527, 0.03275000000000000133 ) ) ;
#29 = CARTESIAN_POINT ( 'NONE',  ( 0.08179621396835776159, 0.3043664614149198533, -0.03274999999997200983 ) ) ;
#30 = CARTESIAN_POINT ( 'NONE',  ( 0.3043664614148870462, -0.08179621396838399061, -0.03274999999999998052 ) ) ;
#31 = CARTESIAN_POINT ( 'NONE',  ( -0.07075846654615948472, 0.1227669876449392211, 0.02816500000000000253 ) ) ;
#32 = CARTESIAN_POINT ( 'NONE',  ( -0.2498958881682114830, 0.1920458500733806806, 0.02816500000000000253 ) ) ;
#33 = CARTESIAN_POINT ( 'NONE',  ( 0.04090615434361703079, 0.3125000000000000000, 0.02816500000000000253 ) ) ;
#34 = ORIENTED_EDGE ( 'NONE', *, *, #739, .F. ) ;
#35 = CARTESIAN_POINT ( 'NONE',  ( 0.2425629432258131768, -0.1864104566488177794, -0.03275000000000000133 ) ) ;
#36 = B_SPLINE_CURVE_WITH_KNOTS ( 'NONE', 3,
 ( #1195, #75, #870, #969, #1081, #1319, #1326, #1302, #960, #693, #1472, #670, #120, #1454, #677, #788, #429, #891 ),
 .UNSPECIFIED., .F., .F.,
 ( 4, 2, 2, 2, 2, 2, 2, 2, 4 ),
 ( 0.000000000000000000, 0.06250000000000000000, 0.1250000000000000000, 0.1875000000000000000, 0.2500000000000000000, 0.3125000000000000000, 0.3750000000000000000, 0.4375000000000000000, 0.5000000000000000000 ),
 .UNSPECIFIED. ) ;
#37 = CARTESIAN_POINT ( 'NONE',  ( -0.2285137811790938500, 0.2004576287383733335, -0.03275000000000000133 ) ) ;
#38 =( BOUNDED_CURVE ( )  B_SPLINE_CURVE ( 2, ( #909, #1246, #664 ),
 .UNSPECIFIED., .F., .T. ) 
 B_SPLINE_CURVE_WITH_KNOTS ( ( 3, 3 ),
 ( 0.000000000000000000, 1.000000000000000000 ),
 .UNSPECIFIED. ) 
 CURVE ( )  GEOMETRIC_REPRESENTATION_ITEM ( )  RATIONAL_B_SPLINE_CURVE ( ( 1.000000000000000000, 1.857142857142857428, 1.000000000000000000 ) ) 
 REPRESENTATION_ITEM ( '' )  );
#39 = CARTESIAN_POINT ( 'NONE',  ( -0.2730582464046517610, -0.1573809312597883869, 0.03275000000000000133 ) ) ;
#40 = CARTESIAN_POINT ( 'NONE',  ( -0.1496700000000000530, -0.01959175696001346986, 0.03275000000000000133 ) ) ;
#41 = CARTESIAN_POINT ( 'NONE',  ( 0.1368431610718983948, 0.03677557775247901339, -0.02816500000000001294 ) ) ;
#42 = CARTESIAN_POINT ( 'NONE',  ( -0.3043664614588487694, 0.08179621386227489688, -0.02816500000000000947 ) ) ;
#43 = ORIENTED_EDGE ( 'NONE', *, *, #456, .F. ) ;
#44 = CARTESIAN_POINT ( 'NONE',  ( 0.1920458500733722706, 0.2498958881682199207, -0.02816500000000000253 ) ) ;
#45 = PRODUCT_DEFINITION_SHAPE ( 'NONE', 'NONE',  #1418 ) ;
#46 = CARTESIAN_POINT ( 'NONE',  ( 0.08179621396838304692, -0.3043664614149046432, -0.03275000000000000133 ) ) ;
#47 = CARTESIAN_POINT ( 'NONE',  ( -0.08634381415647557345, -0.1123531913569443957, 0.02816500000000000600 ) ) ;
#48 = CARTESIAN_POINT ( 'NONE',  ( -0.2878336187418141789, -0.09775133915993051981, -0.03275000000000000827 ) ) ;
#49 = CARTESIAN_POINT ( 'NONE',  ( 0.1196861361419698372, -0.09197920773841136710, 0.03275000000000000133 ) ) ;
#50 = CARTESIAN_POINT ( 'NONE',  ( 0.1405000000000000693, 8.603143764010160342E-18, -0.02816500000000000253 ) ) ;
#51 = PRODUCT_DEFINITION_CONTEXT ( 'detailed design', #244, 'design' ) ;
#52 =( BOUNDED_SURFACE ( )  B_SPLINE_SURFACE ( 2, 3, ( 
 ( #762, #1328, #985, #1410, #391, #281, #747, #170, #1206, #1075, #58, #856, #505, #307, #83, #527, #1420, #1442, #398, #1310, #662, #878, #1111, #105, #313, #776, #415, #1348, #1255, #209, #325, #422, #1335, #1219 ),
 ( #1020, #795, #1227, #907, #782, #96, #562, #331, #198, #991, #800, #439, #1457, #657, #1103, #203, #431, #1014, #1007, #687, #790, #884, #88, #1235, #541, #1244, #998, #1361, #892, #671, #1473, #215, #535, #1447 ),
 ( #1120, #1340, #552, #1465, #900, #679, #1356, #569, #1129, #112, #449, #225, #1137, #116, #1157, #460, #1368, #597, #711, #1383, #817, #245, #232, #476, #912, #719, #154, #136, #588, #1047, #703, #1039, #25, #930 ) ),
 .UNSPECIFIED., .F., .T., .F. ) 
 B_SPLINE_SURFACE_WITH_KNOTS ( ( 3, 3 ),
 ( 4, 2, 2, 2, 2, 2, 2, 2, 2, 2, 2, 2, 2, 2, 2, 2, 4 ),
 ( 0.000000000000000000, 1.000000000000000000 ),
 ( 0.000000000000000000, 0.3926990816987241395, 0.7853981633974482790, 1.178097245096172418, 1.570796326794896558, 1.963495408493620697, 2.356194490192344837, 2.748893571891068976, 3.141592653589793116, 3.534291735288517255, 3.926990816987241395, 4.319689898685965090, 4.712388980384689674, 5.105088062083414258, 5.497787143782137953, 5.890486225480861648, 6.283185307179586232 ),
 .UNSPECIFIED. ) 
 GEOMETRIC_REPRESENTATION_ITEM ( )  RATIONAL_B_SPLINE_SURFACE ( (
 ( 1.000000000000000000, 1.000000000000000000, 1.000000000000000000, 1.000000000000000000, 1.000000000000000000, 1.000000000000000000, 1.000000000000000000, 1.000000000000000000, 1.000000000000000000, 1.000000000000000000, 1.000000000000000000, 1.000000000000000000, 1.000000000000000000, 1.000000000000000000, 1.000000000000000000, 1.000000000000000000, 1.000000000000000000, 1.000000000000000000, 1.000000000000000000, 1.000000000000000000, 1.000000000000000000, 1.000000000000000000, 1.000000000000000000, 1.000000000000000000, 1.000000000000000000, 1.000000000000000000, 1.000000000000000000, 1.000000000000000000, 1.000000000000000000, 1.000000000000000000, 1.000000000000000000, 1.000000000000000000, 1.000000000000000000, 1.000000000000000000),
 ( 1.857142857142857428, 1.857142857142857428, 1.857142857142857428, 1.857142857142857428, 1.857142857142857428, 1.857142857142857428, 1.857142857142857428, 1.857142857142857428, 1.857142857142857428, 1.857142857142857428, 1.857142857142858317, 1.857142857142858317, 1.857142857142856318, 1.857142857142856318, 1.857142857142857428, 1.857142857142857428, 1.857142857142857428, 1.857142857142857428, 1.857142857142857428, 1.857142857142857428, 1.857142857142858317, 1.857142857142858317, 1.857142857142857428, 1.857142857142857428, 1.857142857142857428, 1.857142857142857428, 1.857142857142857428, 1.857142857142857428, 1.857142857142857428, 1.857142857142857428, 1.857142857142857428, 1.857142857142857428, 1.857142857142857428, 1.857142857142857428),
 ( 1.000000000000000000, 1.000000000000000000, 1.000000000000000000, 1.000000000000000000, 1.000000000000000000, 1.000000000000000000, 1.000000000000000000, 1.000000000000000000, 1.000000000000000000, 1.000000000000000000, 1.000000000000000000, 1.000000000000000000, 1.000000000000000000, 1.000000000000000000, 1.000000000000000000, 1.000000000000000000, 1.000000000000000000, 1.000000000000000000, 1.000000000000000000, 1.000000000000000000, 1.000000000000000000, 1.000000000000000000, 1.000000000000000000, 1.000000000000000000, 1.000000000000000000, 1.000000000000000000, 1.000000000000000000, 1.000000000000000000, 1.000000000000000000, 1.000000000000000000, 1.000000000000000000, 1.000000000000000000, 1.000000000000000000, 1.000000000000000000) ) ) 
 REPRESENTATION_ITEM ( '' )  SURFACE ( )  );
#53 = CARTESIAN_POINT ( 'NONE',  ( 0.3033299999999999885, 0.000000000000000000, 0.03275000000000000133 ) ) ;
#54 = VERTEX_POINT ( 'NONE', #238 ) ;
#55 = CARTESIAN_POINT ( 'NONE',  ( 0.04090615422876545115, -0.3124999999999999445, -0.02816500000000000253 ) ) ;
#56 = CARTESIAN_POINT ( 'NONE',  ( 0.2726497384559722348, 0.1344084688754283163, 0.03275000000000000133 ) ) ;
#57 = CARTESIAN_POINT ( 'NONE',  ( -0.07537665258337682139, -0.1307796088314486238, -0.03275000000000000133 ) ) ;
#58 = CARTESIAN_POINT ( 'NONE',  ( -0.03917580606079368311, 0.1457744904304799916, -0.03275000000000000133 ) ) ;
#59 = CARTESIAN_POINT ( 'NONE',  ( 0.3033299999999999885, 0.000000000000000000, 0.03275000000000000133 ) ) ;
#60 = B_SPLINE_CURVE_WITH_KNOTS ( 'NONE', 3,
 ( #568, #789, #236, #359, #153, #366, #1274, #126, #37, #467, #826, #607, #144, #372, #1293, #923, #1382, #816, #580, #243, #253, #1033, #1038, #1163, #1149, #718, #832, #1285, #942, #710, #262, #728, #1046, #1279 ),
 .UNSPECIFIED., .F., .F.,
 ( 4, 2, 2, 2, 2, 2, 2, 2, 2, 2, 2, 2, 2, 2, 2, 2, 4 ),
 ( 0.5000000000000000000, 0.5312500000000000000, 0.5625000000000000000, 0.5937500000000000000, 0.6250000000000000000, 0.6562500000000000000, 0.6875000000000000000, 0.7187500000000000000, 0.7500000000000000000, 0.7812500000000000000, 0.8125000000000000000, 0.8437500000000000000, 0.8750000000000000000, 0.9062500000000001110, 0.9375000000000000000, 0.9687500000000000000, 1.000000000000000000 ),
 .UNSPECIFIED. ) ;
#61 = CARTESIAN_POINT ( 'NONE',  ( -0.1368431609907345137, 0.03677557794842591099, -0.02816500000000000253 ) ) ;
#62 = CARTESIAN_POINT ( 'NONE',  ( -0.07939598586568898109, -0.2954351319711420176, 0.03275000000000000133 ) ) ;
#63 = CARTESIAN_POINT ( 'NONE',  ( -0.3043664614148948733, -0.08179621396838863967, -0.02816500000000000253 ) ) ;
#64 = CARTESIAN_POINT ( 'NONE',  ( 0.1519107555484207062, 0.2632875032990524833, 0.03275000000000000133 ) ) ;
#65 = CARTESIAN_POINT ( 'NONE',  ( -0.1496700000000000530, -0.01959175696001346986, -0.03275000000000000133 ) ) ;
#66 = CARTESIAN_POINT ( 'NONE',  ( -0.01983869564448677986, -0.3033285928877844650, 0.03275000000000000827 ) ) ;
#67 = CARTESIAN_POINT ( 'NONE',  ( 0.07537665258337639118, -0.1307796088314445160, 0.03275000000000000133 ) ) ;
#68 = CARTESIAN_POINT ( 'NONE',  ( 0.2004596186958750026, -0.2285157711359514787, -0.03275000000000000133 ) ) ;
#69 = CARTESIAN_POINT ( 'NONE',  ( 0.2730582464046448776, 0.1573809312597962973, 0.03274999999999347183 ) ) ;
#70 = VERTEX_POINT ( 'NONE', #1152 ) ;
#71 = CARTESIAN_POINT ( 'NONE',  ( 0.08179621396838304692, -0.3043664614149046432, -0.03275000000000000133 ) ) ;
#72 = CARTESIAN_POINT ( 'NONE',  ( 0.07939598586569344973, 0.2954351319711591151, 0.03275000000000000133 ) ) ;
#73 =( BOUNDED_CURVE ( )  B_SPLINE_CURVE ( 2, ( #458, #474, #1387 ),
 .UNSPECIFIED., .F., .T. ) 
 B_SPLINE_CURVE_WITH_KNOTS ( ( 3, 3 ),
 ( 0.000000000000000000, 1.000000000000000000 ),
 .UNSPECIFIED. ) 
 CURVE ( )  GEOMETRIC_REPRESENTATION_ITEM ( )  RATIONAL_B_SPLINE_CURVE ( ( 1.000000000000000000, 1.857142857142857428, 1.000000000000000000 ) ) 
 REPRESENTATION_ITEM ( '' )  );
#74 = CARTESIAN_POINT ( 'NONE',  ( 0.03959093021229094511, -0.3013769392596596930, 0.03275000000000000827 ) ) ;
#75 = CARTESIAN_POINT ( 'NONE',  ( 0.1496700000000000252, 0.01957749229385117098, -0.03275000000000000133 ) ) ;
#76 = CARTESIAN_POINT ( 'NONE',  ( 0.01983869564440886649, -0.3033285928877844095, -0.03275000000000000133 ) ) ;
#77 = CARTESIAN_POINT ( 'NONE',  ( -0.1405000000000000693, -0.01839140699289028291, -0.02816500000000000253 ) ) ;
#78 = CARTESIAN_POINT ( 'NONE',  ( -0.1123531912069713479, -0.08634381430644863520, 0.02816500000000000253 ) ) ;
#79 = CARTESIAN_POINT ( 'NONE',  ( -0.2730582464046517610, -0.1573809312597883869, 0.03275000000000000133 ) ) ;
#80 = ORIENTED_EDGE ( 'NONE', *, *, #184, .F. ) ;
#81 = CARTESIAN_POINT ( 'NONE',  ( 0.03959147235807607829, 0.3013796648104569154, 0.03275000000000000133 ) ) ;
#82 = CARTESIAN_POINT ( 'NONE',  ( 0.01959175696001374742, -0.1496700000000000530, 0.03275000000000000133 ) ) ;
#83 = CARTESIAN_POINT ( 'NONE',  ( -0.1307796088314443494, 0.07537665258337683527, -0.03275000000000000133 ) ) ;
#84 = CARTESIAN_POINT ( 'NONE',  ( -0.1851106622171280192, -0.2411006926703712361, 0.03275000000000000133 ) ) ;
#85 = CARTESIAN_POINT ( 'NONE',  ( -0.04090615422876446583, -0.3125000000000000555, 0.03274999999999992500 ) ) ;
#86 = CARTESIAN_POINT ( 'NONE',  ( -0.1307930799423974444, 0.07535147889446655589, 0.03275000000000000133 ) ) ;
#87 = CARTESIAN_POINT ( 'NONE',  ( -0.1864104566488269388, -0.2425629432258211704, 0.03275000000000000133 ) ) ;
#88 = CARTESIAN_POINT ( 'NONE',  ( -0.07075846654616847753, -0.1227669876449442865, -0.03275000000000103523 ) ) ;
#89 = CARTESIAN_POINT ( 'NONE',  ( -0.1405000000000000693, -0.01839140678079703023, 0.02816500000000000253 ) ) ;
#90 = CARTESIAN_POINT ( 'NONE',  ( -0.1368431610718984226, 0.03677557775247888155, 0.02816500000000000947 ) ) ;
#91 = CARTESIAN_POINT ( 'NONE',  ( -0.1527627452129171337, -0.2650456252221549125, -0.03275000000000000133 ) ) ;
#92 =( BOUNDED_SURFACE ( )  B_SPLINE_SURFACE ( 2, 3, ( 
 ( #417, #784, #881, #543, #556, #999, #894, #216, #1130, #1009, #1350, #1467, #1336, #442, #113, #1015, #1475, #1277, #222, #824, #799, #1252, #457, #585, #1259, #1381, #1367, #685, #709, #251, #803, #1372, #466, #1135 ),
 ( #357, #1162, #567, #1018, #346, #808, #701, #1147, #1032, #922, #1272, #241, #134, #23, #716, #1037, #928, #143, #1471, #837, #1044, #1291, #745, #479, #933, #594, #46, #1426, #389, #495, #605, #30, #1396, #949 ),
 ( #958, #1401, #1079, #487, #270, #753, #502, #370, #1171, #966, #625, #159, #830, #1202, #941, #614, #1193, #1186, #860, #1407, #1054, #1284, #847, #379, #260, #175, #726, #403, #1315, #35, #631, #1063, #735, #1416 ) ),
 .UNSPECIFIED., .F., .T., .T. ) 
 B_SPLINE_SURFACE_WITH_KNOTS ( ( 3, 3 ),
 ( 4, 2, 2, 2, 2, 2, 2, 2, 2, 2, 2, 2, 2, 2, 2, 2, 4 ),
 ( 0.000000000000000000, 1.000000000000000000 ),
 ( 0.000000000000000000, 0.3926990816987241395, 0.7853981633974482790, 1.178097245096172418, 1.570796326794896558, 1.963495408493620697, 2.356194490192344837, 2.748893571891068976, 3.141592653589793116, 3.534291735288517255, 3.926990816987241395, 4.319689898685965090, 4.712388980384689674, 5.105088062083414258, 5.497787143782137953, 5.890486225480861648, 6.283185307179586232 ),
 .UNSPECIFIED. ) 
 GEOMETRIC_REPRESENTATION_ITEM ( )  RATIONAL_B_SPLINE_SURFACE ( (
 ( 1.000000000000000000, 1.000000000000000000, 1.000000000000000000, 1.000000000000000000, 1.000000000000000000, 1.000000000000000000, 1.000000000000000000, 1.000000000000000000, 1.000000000000000000, 1.000000000000000000, 1.000000000000000000, 1.000000000000000000, 1.000000000000000000, 1.000000000000000000, 1.000000000000000000, 1.000000000000000000, 1.000000000000000000, 1.000000000000000000, 1.000000000000000000, 1.000000000000000000, 1.000000000000000000, 1.000000000000000000, 1.000000000000000000, 1.000000000000000000, 1.000000000000000000, 1.000000000000000000, 1.000000000000000000, 1.000000000000000000, 1.000000000000000000, 1.000000000000000000, 1.000000000000000000, 1.000000000000000000, 1.000000000000000000, 1.000000000000000000),
 ( 1.857142857142857428, 1.857142857142857428, 1.857142857142857428, 1.857142857142857428, 1.857142857142857428, 1.857142857142857428, 1.857142857142857428, 1.857142857142857428, 1.857142857142857428, 1.857142857142857428, 1.857142857142858317, 1.857142857142858317, 1.857142857142856318, 1.857142857142856318, 1.857142857142857428, 1.857142857142857428, 1.857142857142857428, 1.857142857142857428, 1.857142857142857428, 1.857142857142857428, 1.857142857142858317, 1.857142857142858317, 1.857142857142857428, 1.857142857142857428, 1.857142857142857428, 1.857142857142857428, 1.857142857142857428, 1.857142857142857428, 1.857142857142857428, 1.857142857142857428, 1.857142857142857428, 1.857142857142857428, 1.857142857142857428, 1.857142857142857428),
 ( 1.000000000000000000, 1.000000000000000000, 1.000000000000000000, 1.000000000000000000, 1.000000000000000000, 1.000000000000000000, 1.000000000000000000, 1.000000000000000000, 1.000000000000000000, 1.000000000000000000, 1.000000000000000000, 1.000000000000000000, 1.000000000000000000, 1.000000000000000000, 1.000000000000000000, 1.000000000000000000, 1.000000000000000000, 1.000000000000000000, 1.000000000000000000, 1.000000000000000000, 1.000000000000000000, 1.000000000000000000, 1.000000000000000000, 1.000000000000000000, 1.000000000000000000, 1.000000000000000000, 1.000000000000000000, 1.000000000000000000, 1.000000000000000000, 1.000000000000000000, 1.000000000000000000, 1.000000000000000000, 1.000000000000000000, 1.000000000000000000) ) ) 
 REPRESENTATION_ITEM ( '' )  SURFACE ( )  );
#93 = CARTESIAN_POINT ( 'NONE',  ( 0.3033299999999999885, 0.000000000000000000, 0.03275000000000000133 ) ) ;
#94 = CARTESIAN_POINT ( 'NONE',  ( 0.1307796088314443494, -0.07537665258337683527, -0.03275000000000000133 ) ) ;
#95 = CARTESIAN_POINT ( 'NONE',  ( 0.07075846654616467502, -0.1227669876449370978, -0.02816500000000000253 ) ) ;
#96 = CARTESIAN_POINT ( 'NONE',  ( 0.08634381430645370059, 0.1123531912069704597, -0.03275000000000000133 ) ) ;
#97 = CARTESIAN_POINT ( 'NONE',  ( -0.3125000000000000000, -2.119616251295314107E-17, -0.02816500000000000253 ) ) ;
#98 = CARTESIAN_POINT ( 'NONE',  ( -0.1123531912069736238, 0.08634381430645060584, 0.03274999999999999439 ) ) ;
#99 = EDGE_LOOP ( 'NONE', ( #612, #751, #1352, #181 ) ) ;
#100 = CARTESIAN_POINT ( 'NONE',  ( 0.2954351319711248092, -0.07939598586568902272, -0.03275000000000000133 ) ) ;
#101 = CARTESIAN_POINT ( 'NONE',  ( 0.1864104566488165027, -0.2425629432258143703, 0.03275000000000000133 ) ) ;
#102 = MANIFOLD_SOLID_BREP ( 'Fillet1', #1341 ) ;
#103 = CARTESIAN_POINT ( 'NONE',  ( 0.09200128697583724591, -0.1196680338569532653, 0.03275000000000000133 ) ) ;
#104 = CARTESIAN_POINT ( 'NONE',  ( 0.01839140678079729738, -0.1405000000000000415, -0.02816500000000000253 ) ) ;
#105 = CARTESIAN_POINT ( 'NONE',  ( -0.03917580606078958222, -0.1457744904304799360, -0.03275000000000000133 ) ) ;
#106 = FACE_OUTER_BOUND ( 'NONE', #1370, .T. ) ;
#107 = CARTESIAN_POINT ( 'NONE',  ( 0.1123531912069662131, 0.08634381430644941235, 0.03275000000000000133 ) ) ;
#108 = ORIENTED_EDGE ( 'NONE', *, *, #910, .T. ) ;
#109 = CARTESIAN_POINT ( 'NONE',  ( -0.08634381430644649802, 0.1123531912069691691, -0.03274999999999999439 ) ) ;
#110 = CARTESIAN_POINT ( 'NONE',  ( -0.07535147889445872882, -0.1307930799424097124, 0.03275000000000000133 ) ) ;
#111 = CARTESIAN_POINT ( 'NONE',  ( 0.08634381430645246547, -0.1123531912069673649, -0.02816500000000000253 ) ) ;
#112 = CARTESIAN_POINT ( 'NONE',  ( -0.01839140678079704064, 0.1405000000000000693, -0.02816500000000000253 ) ) ;
#113 = CARTESIAN_POINT ( 'NONE',  ( -0.2730582464046587554, 0.1573809312597936605, -0.02816500000000000253 ) ) ;
#114 = CARTESIAN_POINT ( 'NONE',  ( 0.3043664614148953729, 0.08179621396838759884, 0.02816500000000000253 ) ) ;
#115 = CARTESIAN_POINT ( 'NONE',  ( 0.3043664614588487694, -0.08179621386227488300, -0.02816500000000000600 ) ) ;
#116 = CARTESIAN_POINT ( 'NONE',  ( -0.1123531912069714728, 0.08634381430644846867, -0.02816500000000000253 ) ) ;
#117 = CARTESIAN_POINT ( 'NONE',  ( -0.1496700000000000530, 1.707404996040164512E-17, -0.03275000000000000133 ) ) ;
#118 = CARTESIAN_POINT ( 'NONE',  ( -0.03677557794842709754, -0.1368431609907340141, 0.02816500000000000253 ) ) ;
#119 = CARTESIAN_POINT ( 'NONE',  ( -0.3125000000000000000, -0.04090615422876488216, 0.02816500000000000253 ) ) ;
#120 = CARTESIAN_POINT ( 'NONE',  ( -0.09199731002334786412, 0.1196640569046318325, -0.03275000000000000133 ) ) ;
#121 = CARTESIAN_POINT ( 'NONE',  ( 0.1920458499921609552, -0.2498958882494312916, -0.02816500000000000253 ) ) ;
#122 = CARTESIAN_POINT ( 'NONE',  ( 0.2498958881682235011, -0.1920458500733857876, 0.03275000000000000133 ) ) ;
#123 = VECTOR ( 'NONE', #1261, 39.37007874015748143 ) ;
#124 = CARTESIAN_POINT ( 'NONE',  ( 0.1307878838036750924, -0.07534932658335256883, -0.03275000000000000133 ) ) ;
#125 = B_SPLINE_CURVE_WITH_KNOTS ( 'NONE', 3,
 ( #1006, #1243, #214, #459, #324, #224, #1013, #448, #1347, #1455, #906, #430, #121, #575, #916, #115, #1360, #678 ),
 .UNSPECIFIED., .F., .F.,
 ( 4, 2, 2, 2, 2, 2, 2, 2, 4 ),
 ( 0.5000000000000000000, 0.5625000000000000000, 0.6250000000000000000, 0.6875000000000000000, 0.7500000000000000000, 0.8125000000000000000, 0.8750000000000000000, 0.9375000000000000000, 1.000000000000000000 ),
 .UNSPECIFIED. ) ;
#126 = CARTESIAN_POINT ( 'NONE',  ( -0.2411030032806191215, 0.1851122061177990219, -0.03275000000000000827 ) ) ;
#127 = CARTESIAN_POINT ( 'NONE',  ( 0.1457744904304816014, 0.03917580606079194144, 0.03275000000000000133 ) ) ;
#128 = CARTESIAN_POINT ( 'NONE',  ( -0.2730582464046596991, -0.1573809312597916343, 0.02816500000000000253 ) ) ;
#129 = CARTESIAN_POINT ( 'NONE',  ( -0.07537665258337682139, -0.1307796088314486238, 0.03275000000000000133 ) ) ;
#130 =( CONVERSION_BASED_UNIT ( 'INCH', #834 ) LENGTH_UNIT ( ) NAMED_UNIT ( #16 ) );
#131 = DIRECTION ( 'NONE',  ( 0.000000000000000000, 0.000000000000000000, 1.000000000000000000 ) ) ;
#132 = CARTESIAN_POINT ( 'NONE',  ( 0.3125000000000000555, 0.000000000000000000, 0.03274999999999992500 ) ) ;
#133 = EDGE_CURVE ( 'NONE', #853, #408, #1432, .T. ) ;
#134 = CARTESIAN_POINT ( 'NONE',  ( -0.1920458500733638330, 0.2498958881682110944, -0.03274999999997412620 ) ) ;
#135 = CARTESIAN_POINT ( 'NONE',  ( -0.1123531912069714728, 0.08634381430644846867, 0.02816500000000000253 ) ) ;
#136 = CARTESIAN_POINT ( 'NONE',  ( 0.07075846654616467502, -0.1227669876449370978, -0.02816500000000000253 ) ) ;
#137 = CARTESIAN_POINT ( 'NONE',  ( -0.09197920773840689845, 0.1196861361419743475, 0.03275000000000000133 ) ) ;
#138 = CARTESIAN_POINT ( 'NONE',  ( -0.04090615422876446583, -0.3125000000000000555, 0.03274999999999992500 ) ) ;
#139 = CARTESIAN_POINT ( 'NONE',  ( -0.1123531913569444929, 0.08634381415647542080, -0.02816499999999999559 ) ) ;
#140 = CARTESIAN_POINT ( 'NONE',  ( 0.08179621386227506341, 0.3043664614588486583, -0.02816500000000000253 ) ) ;
#141 = VERTEX_POINT ( 'NONE', #1179 ) ;
#142 = CARTESIAN_POINT ( 'NONE',  ( -0.2498958881682198097, -0.1920458500733724094, -0.02816500000000000253 ) ) ;
#143 = CARTESIAN_POINT ( 'NONE',  ( -0.3125000000000000555, -0.04090615422876488216, -0.03274999999999992500 ) ) ;
#144 = CARTESIAN_POINT ( 'NONE',  ( -0.1344073919183305377, 0.2726471384516303553, -0.03275000000000000133 ) ) ;
#145 = ADVANCED_BREP_SHAPE_REPRESENTATION ( '90126A206_Zinc-Plated Steel SAE Washer_90126A206', ( #102, #267 ), #1249 ) ;
#146 = CARTESIAN_POINT ( 'NONE',  ( 0.1573809312597970467, -0.2730582464046498181, 0.03275000000000000133 ) ) ;
#147 = CARTESIAN_POINT ( 'NONE',  ( 0.1457744904304841826, -0.03917580606078958916, 0.03275000000000000133 ) ) ;
#148 = CARTESIAN_POINT ( 'NONE',  ( -0.1920458499921612050, 0.2498958882494310418, 0.02816500000000000253 ) ) ;
#149 = ORIENTED_EDGE ( 'NONE', *, *, #688, .T. ) ;
#150 = CARTESIAN_POINT ( 'NONE',  ( 0.1920458500733759344, -0.2498958881682160904, -0.02816500000000000253 ) ) ;
#151 = CARTESIAN_POINT ( 'NONE',  ( 0.3013769392596294394, 0.03959093021236050058, 0.03275000000000000827 ) ) ;
#152 = FACE_OUTER_BOUND ( 'NONE', #485, .T. ) ;
#153 = CARTESIAN_POINT ( 'NONE',  ( -0.2878310187373651630, 0.09775026220303913160, -0.03275000000000000133 ) ) ;
#154 = CARTESIAN_POINT ( 'NONE',  ( 0.03677557794842516853, -0.1368431609907347635, -0.02816500000000000253 ) ) ;
#155 = CARTESIAN_POINT ( 'NONE',  ( -0.1457744904304843214, -0.03917580606078917976, 0.03275000000000000133 ) ) ;
#156 = CARTESIAN_POINT ( 'NONE',  ( -0.1920458500733635276, -0.2498958881682458721, 0.03275000000002363520 ) ) ;
#157 = CARTESIAN_POINT ( 'NONE',  ( 0.3125000000000000000, 1.913510623667739463E-17, 0.02816500000000000253 ) ) ;
#158 = CARTESIAN_POINT ( 'NONE',  ( -0.2730582464046587554, 0.1573809312597936605, -0.02816500000000000253 ) ) ;
#159 = CARTESIAN_POINT ( 'NONE',  ( -0.1527627452129118879, 0.2650456252221553566, -0.03275000000000000133 ) ) ;
#160 = CARTESIAN_POINT ( 'NONE',  ( 0.1851106622170795857, -0.2411006926703854747, -0.03275000000000000133 ) ) ;
#161 = CARTESIAN_POINT ( 'NONE',  ( 0.01839140699289027944, -0.1405000000000000415, -0.02816500000000000253 ) ) ;
#162 = CARTESIAN_POINT ( 'NONE',  ( 0.1368431609907357072, -0.03677557794842428729, -0.03275000000000739819 ) ) ;
#163 = PRODUCT_RELATED_PRODUCT_CATEGORY ( 'part', '', ( #1389 ) ) ;
#164 = CARTESIAN_POINT ( 'NONE',  ( -0.3033299999999999885, 0.03970580403907607303, 0.03275000000000000133 ) ) ;
#165 = EDGE_LOOP ( 'NONE', ( #108, #975, #364, #1461 ) ) ;
#166 = CARTESIAN_POINT ( 'NONE',  ( -0.08179621396838379632, 0.3043664614149025338, -0.03275000000000001521 ) ) ;
#167 = CARTESIAN_POINT ( 'NONE',  ( 0.3033300000000000440, 0.01984577224903915499, 0.03275000000000000827 ) ) ;
#168 = CARTESIAN_POINT ( 'NONE',  ( 0.3013810739379176318, -0.03958439077158659031, 0.03274999999999999439 ) ) ;
#169 = CARTESIAN_POINT ( 'NONE',  ( 0.03917580606078915201, -0.1457744904304843492, 0.03275000000000000133 ) ) ;
#170 = CARTESIAN_POINT ( 'NONE',  ( 0.03917580606079145572, 0.1457744904304842659, -0.03275000000000000133 ) ) ;
#171 = CARTESIAN_POINT ( 'NONE',  ( 0.08634381430645156341, 0.1123531912069683641, 0.02816500000000000253 ) ) ;
#172 = CARTESIAN_POINT ( 'NONE',  ( 0.01839140678079729391, -0.1405000000000000693, -0.03275000000000000133 ) ) ;
#173 = CARTESIAN_POINT ( 'NONE',  ( 0.2650456252221489173, 0.1527627452129016183, 0.03275000000000000133 ) ) ;
#174 = CARTESIAN_POINT ( 'NONE',  ( -0.04090615422876490298, 0.3125000000000000555, -0.03274999999999992500 ) ) ;
#175 = CARTESIAN_POINT ( 'NONE',  ( 0.03970580403907657263, -0.3033299999999999885, -0.03275000000000000133 ) ) ;
#176 = PRESENTATION_LAYER_ASSIGNMENT (  '', '', ( #387 ) ) ;
#177 = DIRECTION ( 'NONE',  ( 0.000000000000000000, 0.000000000000000000, 1.000000000000000000 ) ) ;
#178 = CARTESIAN_POINT ( 'NONE',  ( 0.2935895043678573568, -0.07875525360107177297, -0.03275000000000000133 ) ) ;
#179 = CARTESIAN_POINT ( 'NONE',  ( -0.1368431610718984226, -0.03677557775247886074, -0.02816500000000000947 ) ) ;
#180 = CARTESIAN_POINT ( 'NONE',  ( 0.01839140678079729738, -0.1405000000000000415, 0.02816500000000000253 ) ) ;
#181 = ORIENTED_EDGE ( 'NONE', *, *, #133, .T. ) ;
#182 = CARTESIAN_POINT ( 'NONE',  ( 0.2425629432258131768, -0.1864104566488177794, -0.03275000000000000133 ) ) ;
#183 = CARTESIAN_POINT ( 'NONE',  ( 0.3033299999999999885, 0.000000000000000000, 0.03275000000000000133 ) ) ;
#184 = EDGE_CURVE ( 'NONE', #691, #54, #749, .T. ) ;
#185 = CARTESIAN_POINT ( 'NONE',  ( 0.3033299999999999885, -0.01984577224910167789, -0.03275000000000001521 ) ) ;
#186 = CARTESIAN_POINT ( 'NONE',  ( -0.3043664614149027559, -0.08179621396839187319, 0.03275000000000000133 ) ) ;
#187 = CARTESIAN_POINT ( 'NONE',  ( 0.1496700000000000530, 0.000000000000000000, 0.03275000000000000133 ) ) ;
#188 = CARTESIAN_POINT ( 'NONE',  ( 0.2425629432258038509, 0.1864104566488098136, 0.03275000000000000133 ) ) ;
#189 = FACE_OUTER_BOUND ( 'NONE', #165, .T. ) ;
#190 = B_SPLINE_CURVE_WITH_KNOTS ( 'NONE', 3,
 ( #1116, #546, #201, #86, #1002, #418, #897, #517, #1353, #976, #1208, #413, #1433, #317, #409, #533, #868, #187 ),
 .UNSPECIFIED., .F., .F.,
 ( 4, 2, 2, 2, 2, 2, 2, 2, 4 ),
 ( 0.5000000000000000000, 0.5625000000000000000, 0.6250000000000000000, 0.6875000000000000000, 0.7500000000000000000, 0.8125000000000000000, 0.8750000000000000000, 0.9375000000000000000, 1.000000000000000000 ),
 .UNSPECIFIED. ) ;
#191 = CARTESIAN_POINT ( 'NONE',  ( -0.2285157711361314181, -0.2004596186956792703, -0.03275000000000000827 ) ) ;
#192 = CARTESIAN_POINT ( 'NONE',  ( -0.2935895043677345106, -0.07875525360141666376, 0.03275000000000000133 ) ) ;
#193 = CARTESIAN_POINT ( 'NONE',  ( 0.1227669876449385133, 0.07075846654616120557, 0.02816500000000000253 ) ) ;
#194 = CARTESIAN_POINT ( 'NONE',  ( 0.3043664614149092507, 0.08179621396838469838, 0.03275000000000639205 ) ) ;
#195 = CARTESIAN_POINT ( 'NONE',  ( -0.2650456252221555786, -0.1527627452129027563, -0.03275000000000000133 ) ) ;
#196 = CARTESIAN_POINT ( 'NONE',  ( -0.2878336187417438463, 0.09775133916010012025, 0.03274999999999999439 ) ) ;
#197 = CARTESIAN_POINT ( 'NONE',  ( -0.03677557794842709754, -0.1368431609907340141, -0.02816500000000000253 ) ) ;
#198 = CARTESIAN_POINT ( 'NONE',  ( 0.01839140678079705452, 0.1405000000000000693, -0.03275000000000000133 ) ) ;
#199 = CARTESIAN_POINT ( 'NONE',  ( -0.1123531912069714728, 0.08634381430644846867, 0.02816500000000000253 ) ) ;
#200 = EDGE_LOOP ( 'NONE', ( #724, #765, #733, #1342 ) ) ;
#201 = CARTESIAN_POINT ( 'NONE',  ( -0.1457610193195311432, 0.03920097974969986160, 0.03275000000000000827 ) ) ;
#202 = CARTESIAN_POINT ( 'NONE',  ( -0.2004576287383973421, 0.2285137811790698137, 0.03275000000000000827 ) ) ;
#203 = CARTESIAN_POINT ( 'NONE',  ( -0.1368431609907356794, 0.03677557794842854083, -0.03275000000000103523 ) ) ;
#204 = CARTESIAN_POINT ( 'NONE',  ( 0.1405000000000000693, -0.01839140678080805613, 0.03275000000000000133 ) ) ;
#205 = CARTESIAN_POINT ( 'NONE',  ( -0.01839140678079703370, 0.1405000000000000693, 0.03275000000000000133 ) ) ;
#206 = CARTESIAN_POINT ( 'NONE',  ( 0.3043664614148870462, -0.08179621396838399061, -0.03274999999999998052 ) ) ;
#207 = CARTESIAN_POINT ( 'NONE',  ( 0.03970580403907605915, 0.3033299999999999885, 0.03275000000000000133 ) ) ;
#208 = CARTESIAN_POINT ( 'NONE',  ( 0.1457610193195348069, -0.03920097974968825283, 0.03275000000000000827 ) ) ;
#209 = CARTESIAN_POINT ( 'NONE',  ( 0.1196861361419698372, -0.09197920773841136710, -0.03275000000000000133 ) ) ;
#210 = DIRECTION ( 'NONE',  ( -1.000000000000000000, 0.000000000000000000, 0.000000000000000000 ) ) ;
#211 = CARTESIAN_POINT ( 'NONE',  ( 0.01839140678079729391, -0.1405000000000000693, 0.03275000000000000133 ) ) ;
#212 =( CONVERSION_BASED_UNIT ( 'INCH', #219 ) LENGTH_UNIT ( ) NAMED_UNIT ( #242 ) );
#213 = CARTESIAN_POINT ( 'NONE',  ( 0.01956334433304013354, -0.1496671878699818159, 0.03275000000000000133 ) ) ;
#214 = CARTESIAN_POINT ( 'NONE',  ( -0.3043664614588486583, -0.08179621386227499402, -0.02816500000000000600 ) ) ;
#215 = CARTESIAN_POINT ( 'NONE',  ( 0.1368431609907357072, -0.03677557794842428729, -0.03275000000000739819 ) ) ;
#216 = CARTESIAN_POINT ( 'NONE',  ( 0.08179621396836815606, 0.3043664614149034220, -0.02816500000000000253 ) ) ;
#217 = CARTESIAN_POINT ( 'NONE',  ( -0.1368431609907315716, -0.03677557794842389177, 0.03274999999999893968 ) ) ;
#218 = SURFACE_SIDE_STYLE ('',( #1239 ) ) ;
#219 = LENGTH_MEASURE_WITH_UNIT ( LENGTH_MEASURE( 0.02539999999999999897 ), #310 );
#220 = CARTESIAN_POINT ( 'NONE',  ( 0.1405000000000000693, 0.000000000000000000, -0.03275000000000000133 ) ) ;
#221 = CARTESIAN_POINT ( 'NONE',  ( 0.1196680338569532792, -0.09200128697583719040, -0.03275000000000000133 ) ) ;
#222 = CARTESIAN_POINT ( 'NONE',  ( -0.3043664614148948733, -0.08179621396838863967, -0.02816500000000000253 ) ) ;
#223 = CARTESIAN_POINT ( 'NONE',  ( -0.1496671878699818159, -0.01956334433302402837, 0.03275000000000000827 ) ) ;
#224 = CARTESIAN_POINT ( 'NONE',  ( -0.1920458499921608719, -0.2498958882494313472, -0.02816500000000000600 ) ) ;
#225 = CARTESIAN_POINT ( 'NONE',  ( -0.07075846654615948472, 0.1227669876449392211, -0.02816500000000000253 ) ) ;
#226 = CARTESIAN_POINT ( 'NONE',  ( -0.1405000000000000693, -0.01839140678079702329, 0.03275000000000000133 ) ) ;
#227 = CARTESIAN_POINT ( 'NONE',  ( -0.01839140699289026210, 0.1405000000000000970, 0.02816500000000000600 ) ) ;
#228 = CARTESIAN_POINT ( 'NONE',  ( 0.08634381430645370059, 0.1123531912069704597, 0.03275000000000000133 ) ) ;
#229 = VERTEX_POINT ( 'NONE', #652 ) ;
#230 = PRODUCT_CONTEXT ( 'NONE', #1419, 'mechanical' ) ;
#231 = CARTESIAN_POINT ( 'NONE',  ( 0.3125000000000000000, 0.000000000000000000, 0.02816500000000000253 ) ) ;
#232 = CARTESIAN_POINT ( 'NONE',  ( -0.07075846654616355091, -0.1227669876449375141, -0.02816500000000000253 ) ) ;
#233 = CARTESIAN_POINT ( 'NONE',  ( 0.01839140678079729391, -0.1405000000000000693, 0.03275000000000000133 ) ) ;
#234 = CARTESIAN_POINT ( 'NONE',  ( 0.1123531912069647143, -0.08634381430645518551, -0.03275000000001274808 ) ) ;
#235 = CARTESIAN_POINT ( 'NONE',  ( 0.2730582464046588664, 0.1573809312597934662, 0.02816500000000000253 ) ) ;
#236 = CARTESIAN_POINT ( 'NONE',  ( -0.3013769392597049346, 0.03959093021219619452, -0.03275000000000000133 ) ) ;
#237 = CARTESIAN_POINT ( 'NONE',  ( -0.3043664614148951508, 0.08179621396838826497, 0.02816500000000000253 ) ) ;
#238 = CARTESIAN_POINT ( 'NONE',  ( -0.3125000000000000000, -2.119616251295314107E-17, 0.02816500000000000253 ) ) ;
#239 = CARTESIAN_POINT ( 'NONE',  ( -0.1123531912069692107, -0.08634381430644648414, -0.03275000000000000133 ) ) ;
#240 = CARTESIAN_POINT ( 'NONE',  ( -0.1457610193195312820, -0.03920097974970328247, -0.03275000000000000827 ) ) ;
#241 = CARTESIAN_POINT ( 'NONE',  ( -0.1573809312597975185, 0.2730582464046515945, -0.03275000000000001521 ) ) ;
#242 = DIMENSIONAL_EXPONENTS ( 1.000000000000000000, 0.000000000000000000, 0.000000000000000000, 0.000000000000000000, 0.000000000000000000, 0.000000000000000000, 0.000000000000000000 ) ;
#243 = CARTESIAN_POINT ( 'NONE',  ( 0.07875525360112060891, 0.2935895043678670158, -0.03275000000000000133 ) ) ;
#244 = APPLICATION_CONTEXT ( 'automotive_design' ) ;
#245 = CARTESIAN_POINT ( 'NONE',  ( -0.08634381430644848254, -0.1123531912069714450, -0.02816500000000000253 ) ) ;
#246 = CARTESIAN_POINT ( 'NONE',  ( -0.2498958881682286914, 0.1920458500733634999, 0.03275000000002577238 ) ) ;
#247 = CARTESIAN_POINT ( 'NONE',  ( -0.03917580606078958222, -0.1457744904304799360, 0.03275000000000000133 ) ) ;
#248 = CARTESIAN_POINT ( 'NONE',  ( -0.1920458499921612605, 0.2498958882494311251, -0.02816500000000000253 ) ) ;
#249 = ORIENTED_EDGE ( 'NONE', *, *, #821, .T. ) ;
#250 = CYLINDRICAL_SURFACE ( 'NONE', #704, 0.1405000000000000693 ) ;
#251 = CARTESIAN_POINT ( 'NONE',  ( 0.2498958881682150079, -0.1920458500733773499, -0.02816500000000000253 ) ) ;
#252 = CARTESIAN_POINT ( 'NONE',  ( 0.1496700000000000530, 0.01959175696002519312, -0.03275000000000000133 ) ) ;
#253 = CARTESIAN_POINT ( 'NONE',  ( 0.09775026220306130831, 0.2878310187373800955, -0.03275000000000000827 ) ) ;
#254 = CARTESIAN_POINT ( 'NONE',  ( -0.1920458500733721041, -0.2498958881682200595, 0.02816500000000000253 ) ) ;
#255 = CARTESIAN_POINT ( 'NONE',  ( -0.01959175696001347333, 0.1496700000000000530, 0.03275000000000000133 ) ) ;
#256 =( NAMED_UNIT ( * ) PLANE_ANGLE_UNIT ( ) SI_UNIT ( $, .RADIAN. ) );
#257 = CARTESIAN_POINT ( 'NONE',  ( -0.3125000000000000000, 0.04090615434361699609, -0.02816500000000000253 ) ) ;
#258 = ORIENTED_EDGE ( 'NONE', *, *, #184, .T. ) ;
#259 = CARTESIAN_POINT ( 'NONE',  ( -0.04090615422876446583, -0.3125000000000000555, -0.02816500000000000253 ) ) ;
#260 = CARTESIAN_POINT ( 'NONE',  ( -0.03970580403907560119, -0.3033299999999999885, -0.03275000000000000133 ) ) ;
#261 = CARTESIAN_POINT ( 'NONE',  ( -0.3125000000000000000, -2.119616251295314107E-17, -0.02816500000000000253 ) ) ;
#262 = CARTESIAN_POINT ( 'NONE',  ( 0.2935853696896028597, 0.07876179304169850237, -0.03275000000000000133 ) ) ;
#263 = CARTESIAN_POINT ( 'NONE',  ( 0.3125000000000000000, 5.740531871003217465E-17, -0.02816500000000000253 ) ) ;
#264 = CARTESIAN_POINT ( 'NONE',  ( -0.1307796088314443494, 0.07537665258337683527, 0.03275000000000000133 ) ) ;
#265 = CARTESIAN_POINT ( 'NONE',  ( -0.04090615422876489604, 0.3125000000000000000, 0.02816500000000000253 ) ) ;
#266 = CARTESIAN_POINT ( 'NONE',  ( -0.03917580606079368311, 0.1457744904304799916, 0.03275000000000000133 ) ) ;
#267 = AXIS2_PLACEMENT_3D ( 'NONE', #1332, #131, #444 ) ;
#268 =( BOUNDED_SURFACE ( )  B_SPLINE_SURFACE ( 2, 3, ( 
 ( #1278, #252, #717, #595, #1045, #1172, #606, #1292, #574, #1025, #861, #414, #877, #855, #305, #1316, #615, #65, #278, #967, #297, #1073, #57, #959, #1203, #340, #1005, #669, #1226, #420, #94, #1118, #548, #558 ),
 ( #220, #539, #890, #333, #1125, #997, #1453, #1216, #676, #438, #428, #322, #109, #1469, #1250, #445, #903, #683, #1132, #6, #239, #920, #914, #393, #1264, #172, #499, #945, #1379, #234, #699, #162, #1145, #355 ),
 ( #814, #21, #851, #1270, #472, #1404, #707, #385, #844, #1297, #275, #742, #620, #1413, #1076, #61, #633, #1218, #520, #512, #970, #978, #1327, #197, #1127, #104, #1110, #95, #111, #561, #1, #550, #540, #1141 ) ),
 .UNSPECIFIED., .F., .T., .F. ) 
 B_SPLINE_SURFACE_WITH_KNOTS ( ( 3, 3 ),
 ( 4, 2, 2, 2, 2, 2, 2, 2, 2, 2, 2, 2, 2, 2, 2, 2, 4 ),
 ( 0.000000000000000000, 1.000000000000000000 ),
 ( 0.000000000000000000, 0.3926990816987241395, 0.7853981633974482790, 1.178097245096172418, 1.570796326794896558, 1.963495408493620697, 2.356194490192344837, 2.748893571891068976, 3.141592653589793116, 3.534291735288517255, 3.926990816987241395, 4.319689898685965090, 4.712388980384689674, 5.105088062083414258, 5.497787143782137953, 5.890486225480861648, 6.283185307179586232 ),
 .UNSPECIFIED. ) 
 GEOMETRIC_REPRESENTATION_ITEM ( )  RATIONAL_B_SPLINE_SURFACE ( (
 ( 1.000000000000000000, 1.000000000000000000, 1.000000000000000000, 1.000000000000000000, 1.000000000000000000, 1.000000000000000000, 1.000000000000000000, 1.000000000000000000, 1.000000000000000000, 1.000000000000000000, 1.000000000000000000, 1.000000000000000000, 1.000000000000000000, 1.000000000000000000, 1.000000000000000000, 1.000000000000000000, 1.000000000000000000, 1.000000000000000000, 1.000000000000000000, 1.000000000000000000, 1.000000000000000000, 1.000000000000000000, 1.000000000000000000, 1.000000000000000000, 1.000000000000000000, 1.000000000000000000, 1.000000000000000000, 1.000000000000000000, 1.000000000000000000, 1.000000000000000000, 1.000000000000000000, 1.000000000000000000, 1.000000000000000000, 1.000000000000000000),
 ( 1.857142857142857428, 1.857142857142857428, 1.857142857142857428, 1.857142857142857428, 1.857142857142857428, 1.857142857142857428, 1.857142857142857428, 1.857142857142857428, 1.857142857142857428, 1.857142857142857428, 1.857142857142858317, 1.857142857142858317, 1.857142857142856318, 1.857142857142856318, 1.857142857142857428, 1.857142857142857428, 1.857142857142857428, 1.857142857142857428, 1.857142857142857428, 1.857142857142857428, 1.857142857142858317, 1.857142857142858317, 1.857142857142857428, 1.857142857142857428, 1.857142857142857428, 1.857142857142857428, 1.857142857142857428, 1.857142857142857428, 1.857142857142857428, 1.857142857142857428, 1.857142857142857428, 1.857142857142857428, 1.857142857142857428, 1.857142857142857428),
 ( 1.000000000000000000, 1.000000000000000000, 1.000000000000000000, 1.000000000000000000, 1.000000000000000000, 1.000000000000000000, 1.000000000000000000, 1.000000000000000000, 1.000000000000000000, 1.000000000000000000, 1.000000000000000000, 1.000000000000000000, 1.000000000000000000, 1.000000000000000000, 1.000000000000000000, 1.000000000000000000, 1.000000000000000000, 1.000000000000000000, 1.000000000000000000, 1.000000000000000000, 1.000000000000000000, 1.000000000000000000, 1.000000000000000000, 1.000000000000000000, 1.000000000000000000, 1.000000000000000000, 1.000000000000000000, 1.000000000000000000, 1.000000000000000000, 1.000000000000000000, 1.000000000000000000, 1.000000000000000000, 1.000000000000000000, 1.000000000000000000) ) ) 
 REPRESENTATION_ITEM ( '' )  SURFACE ( )  );
#269 = CARTESIAN_POINT ( 'NONE',  ( 0.3125000000000000000, 0.000000000000000000, -0.02816500000000000253 ) ) ;
#270 = CARTESIAN_POINT ( 'NONE',  ( 0.2425629432258038509, 0.1864104566488098136, -0.03275000000000000133 ) ) ;
#271 = CARTESIAN_POINT ( 'NONE',  ( 0.07075846654616119169, 0.1227669876449385272, 0.02816500000000000253 ) ) ;
#272 = CARTESIAN_POINT ( 'NONE',  ( -0.1496700000000000530, -0.01959175696001346986, 0.03275000000000000133 ) ) ;
#273 = CARTESIAN_POINT ( 'NONE',  ( 0.3043664614148955394, -0.08179621396838744618, 0.02816500000000000253 ) ) ;
#274 = CARTESIAN_POINT ( 'NONE',  ( 0.1457744904304816014, 0.03917580606079194144, 0.03275000000000000133 ) ) ;
#275 = CARTESIAN_POINT ( 'NONE',  ( -0.03677557794843088618, 0.1368431609907324320, -0.02816500000000000253 ) ) ;
#276 = CARTESIAN_POINT ( 'NONE',  ( 0.03970580403907605915, 0.3033299999999999885, 0.03275000000000000133 ) ) ;
#277 = CARTESIAN_POINT ( 'NONE',  ( -0.1920458500733810692, 0.2498958881682112054, -0.02816500000000000253 ) ) ;
#278 = CARTESIAN_POINT ( 'NONE',  ( -0.1457744904304843214, -0.03917580606078917976, -0.03275000000000000133 ) ) ;
#279 = CARTESIAN_POINT ( 'NONE',  ( 0.03677557775247890237, -0.1368431610718984504, 0.02816500000000000253 ) ) ;
#280 = CARTESIAN_POINT ( 'NONE',  ( 0.1196861361419698372, -0.09197920773841136710, 0.03275000000000000133 ) ) ;
#281 = CARTESIAN_POINT ( 'NONE',  ( 0.09197920773840946584, 0.1196861361419759989, -0.03275000000000000133 ) ) ;
#282 = CARTESIAN_POINT ( 'NONE',  ( 0.3033299999999999885, -0.03970580403905377836, 0.03275000000000000133 ) ) ;
#283 = CARTESIAN_POINT ( 'NONE',  ( -0.1123531912069713479, -0.08634381430644863520, 0.02816500000000000253 ) ) ;
#284 = CARTESIAN_POINT ( 'NONE',  ( 0.08179621396838041014, -0.3043664614148982595, -0.02816500000000000253 ) ) ;
#285 = CARTESIAN_POINT ( 'NONE',  ( 0.1851106622170378413, 0.2411006926704081232, 0.03275000000000000827 ) ) ;
#286 = CARTESIAN_POINT ( 'NONE',  ( 0.07075846674211146159, -0.1227669875637733138, 0.02816500000000000600 ) ) ;
#287 = PLANE ( 'NONE',  #865 ) ;
#288 = CARTESIAN_POINT ( 'NONE',  ( 0.2498958881682150079, -0.1920458500733773499, 0.02816500000000000253 ) ) ;
#289 = CARTESIAN_POINT ( 'NONE',  ( 0.1496700000000000530, 0.000000000000000000, -0.03275000000000000133 ) ) ;
#290 = CARTESIAN_POINT ( 'NONE',  ( -0.07075846654616355091, -0.1227669876449375141, 0.02816500000000000253 ) ) ;
#291 = CARTESIAN_POINT ( 'NONE',  ( -0.3033299999999999885, -0.03970580403907601058, 0.03275000000000000133 ) ) ;
#292 = ORIENTED_EDGE ( 'NONE', *, *, #990, .F. ) ;
#293 = ADVANCED_FACE ( 'NONE', ( #1189 ), #1391, .T. ) ;
#294 = CARTESIAN_POINT ( 'NONE',  ( -0.2730582464046517610, -0.1573809312597883869, -0.03275000000000000133 ) ) ;
#295 =( GEOMETRIC_REPRESENTATION_CONTEXT ( 3 ) GLOBAL_UNCERTAINTY_ASSIGNED_CONTEXT ( ( #698 ) ) GLOBAL_UNIT_ASSIGNED_CONTEXT ( ( #130, #256, #470 ) ) REPRESENTATION_CONTEXT ( 'NONE', 'WORKASPACE' ) );
#296 = CARTESIAN_POINT ( 'NONE',  ( 0.2632851926886087268, 0.1519092116479361099, 0.03275000000000000827 ) ) ;
#297 = CARTESIAN_POINT ( 'NONE',  ( -0.1196861361419743475, -0.09197920773840688458, -0.03275000000000000133 ) ) ;
#298 = CARTESIAN_POINT ( 'NONE',  ( 0.1368431610718983948, -0.03677557775247898564, 0.02816500000000000947 ) ) ;
#299 = CARTESIAN_POINT ( 'NONE',  ( -0.3033285928877843540, -0.01983869564463187213, -0.03275000000000000133 ) ) ;
#300 = CARTESIAN_POINT ( 'NONE',  ( -0.2411030032805948353, -0.1851122061178028799, 0.03275000000000000827 ) ) ;
#301 = CARTESIAN_POINT ( 'NONE',  ( -0.01839140678079704064, 0.1405000000000000693, 0.02816500000000000253 ) ) ;
#302 = CARTESIAN_POINT ( 'NONE',  ( 0.3033299999999999885, 0.000000000000000000, 0.03275000000000000133 ) ) ;
#303 = CARTESIAN_POINT ( 'NONE',  ( 0.2650456252221721209, -0.1527627452129171337, -0.03275000000000000133 ) ) ;
#304 = CARTESIAN_POINT ( 'NONE',  ( 0.2730582464046448776, 0.1573809312597962973, 0.03274999999999347183 ) ) ;
#305 = CARTESIAN_POINT ( 'NONE',  ( -0.1307796088314443494, 0.07537665258337683527, -0.03275000000000000133 ) ) ;
#306 = FACE_OUTER_BOUND ( 'NONE', #981, .T. ) ;
#307 = CARTESIAN_POINT ( 'NONE',  ( -0.1196861361419745140, 0.09197920773840673192, -0.03275000000000000133 ) ) ;
#308 = CARTESIAN_POINT ( 'NONE',  ( 0.1405000000000000693, 0.01839140678080804225, 0.02816500000000000253 ) ) ;
#309 = CARTESIAN_POINT ( 'NONE',  ( -0.1573809312597975185, 0.2730582464046515945, 0.03275000000000001521 ) ) ;
#310 =( LENGTH_UNIT ( ) NAMED_UNIT ( * ) SI_UNIT ( $, .METRE. ) );
#311 = CARTESIAN_POINT ( 'NONE',  ( -0.03959093021232120563, 0.3013769392596503671, 0.03275000000000000133 ) ) ;
#312 = ADVANCED_FACE ( 'NONE', ( #306, #511 ), #287, .F. ) ;
#313 = CARTESIAN_POINT ( 'NONE',  ( -0.01959175696001326863, -0.1496700000000000530, -0.03275000000000000133 ) ) ;
#314 = CARTESIAN_POINT ( 'NONE',  ( -0.07875471145532794703, -0.2935867788170639092, 0.03275000000000000133 ) ) ;
#315 = CARTESIAN_POINT ( 'NONE',  ( -0.3125000000000000000, -0.04090615434361717651, 0.02816500000000000253 ) ) ;
#316 = CARTESIAN_POINT ( 'NONE',  ( 0.1368431610718984226, 0.03677557775247896482, 0.02816500000000000600 ) ) ;
#317 = CARTESIAN_POINT ( 'NONE',  ( 0.1196680338569898888, 0.09200128697580069181, 0.03275000000000000133 ) ) ;
#318 = CARTESIAN_POINT ( 'NONE',  ( -0.07939598586568898109, -0.2954351319711420176, 0.03275000000000000133 ) ) ;
#319 = CARTESIAN_POINT ( 'NONE',  ( 0.1405000000000000693, 8.603143764010160342E-18, 0.02816500000000000253 ) ) ;
#320 = ORIENTED_EDGE ( 'NONE', *, *, #1144, .T. ) ;
#321 = CARTESIAN_POINT ( 'NONE',  ( 0.1864104566488165027, -0.2425629432258143703, -0.03275000000000000133 ) ) ;
#322 = CARTESIAN_POINT ( 'NONE',  ( -0.07075846654615983167, 0.1227669876449401370, -0.03275000000000003603 ) ) ;
#323 = DIRECTION ( 'NONE',  ( -0.000000000000000000, -0.000000000000000000, -1.000000000000000000 ) ) ;
#324 = CARTESIAN_POINT ( 'NONE',  ( -0.2498958882494312084, -0.1920458499921609552, -0.02816500000000000253 ) ) ;
#325 = CARTESIAN_POINT ( 'NONE',  ( 0.1307796088314443494, -0.07537665258337683527, -0.03275000000000000133 ) ) ;
#326 = CARTESIAN_POINT ( 'NONE',  ( 0.1227669876449370284, -0.07075846654616474440, 0.02816500000000000253 ) ) ;
#327 = CARTESIAN_POINT ( 'NONE',  ( -0.03677557794842214317, -0.1368431609907272140, 0.03274999999999890499 ) ) ;
#328 = ORIENTED_EDGE ( 'NONE', *, *, #1334, .T. ) ;
#329 = CARTESIAN_POINT ( 'NONE',  ( -0.3033299999999999885, -0.03970580403907601058, -0.03275000000000000133 ) ) ;
#330 = CARTESIAN_POINT ( 'NONE',  ( -0.3033299999999999885, -0.03970580403907601058, 0.03275000000000000133 ) ) ;
#331 = CARTESIAN_POINT ( 'NONE',  ( 0.03677557794842829103, 0.1368431609907315161, -0.03275000000000105604 ) ) ;
#332 = CARTESIAN_POINT ( 'NONE',  ( 0.1123531912069647143, -0.08634381430645091116, 0.03275000000001274808 ) ) ;
#333 = CARTESIAN_POINT ( 'NONE',  ( 0.1227669876449386660, 0.07075846654616126108, -0.03275000000000000133 ) ) ;
#334 = CARTESIAN_POINT ( 'NONE',  ( 0.3125000000000000000, -0.04090615422874198381, 0.02816500000000000253 ) ) ;
#335 = CARTESIAN_POINT ( 'NONE',  ( -0.1307878838036538038, -0.07534932658339692224, 0.03275000000000000133 ) ) ;
#336 = AXIS2_PLACEMENT_3D ( 'NONE', #371, #736, #586 ) ;
#337 = CARTESIAN_POINT ( 'NONE',  ( -0.1405000000000000693, 0.01839140678079705798, 0.03275000000000000133 ) ) ;
#338 = CARTESIAN_POINT ( 'NONE',  ( -0.1405000000000000693, 0.01839140699289025169, 0.02816500000000000253 ) ) ;
#339 = CARTESIAN_POINT ( 'NONE',  ( 0.08634381430645246547, -0.1123531912069673649, 0.02816500000000000253 ) ) ;
#340 = CARTESIAN_POINT ( 'NONE',  ( 0.01959175696001374742, -0.1496700000000000530, -0.03275000000000000133 ) ) ;
#341 = CARTESIAN_POINT ( 'NONE',  ( 0.2498958881682199484, 0.1920458500733722429, 0.02816500000000000253 ) ) ;
#342 = CARTESIAN_POINT ( 'NONE',  ( 0.1405000000000000693, 0.000000000000000000, 0.03275000000000000133 ) ) ;
#343 = CARTESIAN_POINT ( 'NONE',  ( 0.1405000000000000693, -0.01839140678080805960, 0.02816500000000000253 ) ) ;
#344 = CARTESIAN_POINT ( 'NONE',  ( 0.3125000000000000000, 0.04090615434361721814, 0.02816500000000000253 ) ) ;
#345 = CARTESIAN_POINT ( 'NONE',  ( 0.3125000000000000555, -0.04090615422874196994, 0.03274999999999992500 ) ) ;
#346 = CARTESIAN_POINT ( 'NONE',  ( 0.2498958881681941080, 0.1920458500733636387, -0.03274999999997420946 ) ) ;
#347 = PLANE ( 'NONE',  #336 ) ;
#348 = CARTESIAN_POINT ( 'NONE',  ( 0.1573809313659061959, 0.2730582463607056365, -0.02816500000000000600 ) ) ;
#349 = ADVANCED_FACE ( 'NONE', ( #189 ), #626, .F. ) ;
#350 = CARTESIAN_POINT ( 'NONE',  ( 0.2498958881682199484, 0.1920458500733722429, 0.02816500000000000253 ) ) ;
#351 = CARTESIAN_POINT ( 'NONE',  ( 0.07537665258337446217, 0.1307796088314444605, 0.03275000000000000133 ) ) ;
#352 = CYLINDRICAL_SURFACE ( 'NONE', #758, 0.3125000000000000000 ) ;
#353 = APPLICATION_PROTOCOL_DEFINITION ( 'draft international standard', 'automotive_design', 1998, #244 ) ;
#354 = CARTESIAN_POINT ( 'NONE',  ( -0.1573809313659060294, 0.2730582463607056365, -0.02816500000000000600 ) ) ;
#355 = CARTESIAN_POINT ( 'NONE',  ( 0.1405000000000000693, 0.000000000000000000, -0.03275000000000000133 ) ) ;
#356 = CARTESIAN_POINT ( 'NONE',  ( -0.2498958881682198097, -0.1920458500733724094, 0.02816500000000000253 ) ) ;
#357 = CARTESIAN_POINT ( 'NONE',  ( 0.3125000000000000555, 0.000000000000000000, -0.03274999999999992500 ) ) ;
#358 = CARTESIAN_POINT ( 'NONE',  ( 0.1405000000000000693, 8.603143764010160342E-18, 0.02816500000000000253 ) ) ;
#359 = CARTESIAN_POINT ( 'NONE',  ( -0.2935895043678004024, 0.07875525360121372886, -0.03275000000000000133 ) ) ;
#360 = CARTESIAN_POINT ( 'NONE',  ( -0.1573809312597994892, 0.2730582464046563684, 0.02816500000000000253 ) ) ;
#361 = CARTESIAN_POINT ( 'NONE',  ( -0.1196861361419743475, -0.09197920773840688458, 0.03275000000000000133 ) ) ;
#362 = CARTESIAN_POINT ( 'NONE',  ( -0.1227669875637732860, 0.07075846674211130893, -0.02816499999999999559 ) ) ;
#363 = CARTESIAN_POINT ( 'NONE',  ( 0.08179621386227507729, 0.3043664614588486028, 0.02816499999999999559 ) ) ;
#364 = ORIENTED_EDGE ( 'NONE', *, *, #739, .T. ) ;
#365 = CARTESIAN_POINT ( 'NONE',  ( -0.01956334433301037609, -0.1496671878699817881, -0.03275000000000000133 ) ) ;
#366 = CARTESIAN_POINT ( 'NONE',  ( -0.2726497384559318782, 0.1344084688755670942, -0.03275000000000000133 ) ) ;
#367 = CARTESIAN_POINT ( 'NONE',  ( 0.3125000000000000000, 0.04090615422874194218, 0.02816500000000000253 ) ) ;
#368 = CARTESIAN_POINT ( 'NONE',  ( 0.1496700000000000530, 0.01959175696002519312, 0.03275000000000000133 ) ) ;
#369 = CARTESIAN_POINT ( 'NONE',  ( -0.08179621396838133995, -0.3043664614148980374, -0.02816500000000000253 ) ) ;
#370 = CARTESIAN_POINT ( 'NONE',  ( 0.07939598586569344973, 0.2954351319711591151, -0.03275000000000000133 ) ) ;
#371 = CARTESIAN_POINT ( 'NONE',  ( 0.000000000000000000, 0.000000000000000000, 0.03275000000000000133 ) ) ;
#372 = CARTESIAN_POINT ( 'NONE',  ( -0.09775133916027502201, 0.2878336187416667968, -0.03275000000000000133 ) ) ;
#373 = LINE ( 'NONE', #1286, #629 ) ;
#374 = CARTESIAN_POINT ( 'NONE',  ( -0.1920458500733810692, 0.2498958881682112054, 0.02816500000000000253 ) ) ;
#375 = CARTESIAN_POINT ( 'NONE',  ( 0.1227669876449358211, -0.07075846654616636811, 0.03274999999999253508 ) ) ;
#376 = CARTESIAN_POINT ( 'NONE',  ( -0.3125000000000000000, -2.119616251295314107E-17, 0.02816500000000000253 ) ) ;
#377 = CARTESIAN_POINT ( 'NONE',  ( 0.1920458500733980278, 0.2498958881682284416, -0.03275000000002587647 ) ) ;
#378 = EDGE_CURVE ( 'NONE', #70, #964, #36, .T. ) ;
#379 = CARTESIAN_POINT ( 'NONE',  ( -0.07939598586568898109, -0.2954351319711420176, -0.03275000000000000133 ) ) ;
#380 = CARTESIAN_POINT ( 'NONE',  ( 0.3125000000000000000, 5.740531871003217465E-17, -0.02816500000000000253 ) ) ;
#381 = CARTESIAN_POINT ( 'NONE',  ( 0.1405000000000000693, 0.01839140678080804225, 0.02816500000000000253 ) ) ;
#382 = CARTESIAN_POINT ( 'NONE',  ( 0.09197920773840946584, 0.1196861361419759989, 0.03275000000000000133 ) ) ;
#383 = CARTESIAN_POINT ( 'NONE',  ( 0.3043664614148870462, -0.08179621396838399061, 0.03274999999999998052 ) ) ;
#384 = CARTESIAN_POINT ( 'NONE',  ( 0.1496700000000000530, 0.000000000000000000, 0.03275000000000000133 ) ) ;
#385 = CARTESIAN_POINT ( 'NONE',  ( 0.03677557794842897104, 0.1368431609907332092, -0.02816500000000000253 ) ) ;
#386 = CARTESIAN_POINT ( 'NONE',  ( 0.2425629432258038509, 0.1864104566488098136, 0.03275000000000000133 ) ) ;
#387 = STYLED_ITEM ( 'NONE', ( #1122 ), #102 ) ;
#388 = CARTESIAN_POINT ( 'NONE',  ( -0.1573809312597994892, 0.2730582464046563684, -0.02816500000000000253 ) ) ;
#389 = CARTESIAN_POINT ( 'NONE',  ( 0.1920458500733673857, -0.2498958881682075972, -0.03275000000000000133 ) ) ;
#390 = CARTESIAN_POINT ( 'NONE',  ( -0.03917580606078958222, -0.1457744904304799360, 0.03275000000000000133 ) ) ;
#391 = CARTESIAN_POINT ( 'NONE',  ( 0.1196861361419717801, 0.09197920773840520536, -0.03275000000000000133 ) ) ;
#392 = CARTESIAN_POINT ( 'NONE',  ( 0.08634381415647567060, 0.1123531913569443125, -0.02816500000000000253 ) ) ;
#393 = CARTESIAN_POINT ( 'NONE',  ( -0.03677557794842214317, -0.1368431609907272140, -0.03274999999999890499 ) ) ;
#394 = CARTESIAN_POINT ( 'NONE',  ( 0.2425629432258131768, -0.1864104566488177794, 0.03275000000000000133 ) ) ;
#395 = CARTESIAN_POINT ( 'NONE',  ( 0.2498958881681941080, 0.1920458500733636387, -0.03274999999997420946 ) ) ;
#396 = CARTESIAN_POINT ( 'NONE',  ( 0.2411030032808470225, 0.1851122061175020650, 0.03275000000000000133 ) ) ;
#397 = EDGE_CURVE ( 'NONE', #54, #1022, #794, .T. ) ;
#398 = CARTESIAN_POINT ( 'NONE',  ( -0.1457744904304843214, -0.03917580606078917976, -0.03275000000000000133 ) ) ;
#399 = CARTESIAN_POINT ( 'NONE',  ( -0.3013769392597841490, -0.03959093021199238532, 0.03275000000000000133 ) ) ;
#400 = CARTESIAN_POINT ( 'NONE',  ( -0.3125000000000000555, 0.04090615422876495155, 0.03274999999999992500 ) ) ;
#401 = ORIENTED_EDGE ( 'NONE', *, *, #1241, .T. ) ;
#402 = CARTESIAN_POINT ( 'NONE',  ( 0.3043664614148953729, 0.08179621396838759884, -0.02816500000000000253 ) ) ;
#403 = CARTESIAN_POINT ( 'NONE',  ( 0.1527627452129076691, -0.2650456252221552456, -0.03275000000000000133 ) ) ;
#404 = CARTESIAN_POINT ( 'NONE',  ( 0.1123531913569443125, -0.08634381415647560121, 0.02816500000000000947 ) ) ;
#405 = CARTESIAN_POINT ( 'NONE',  ( -0.03959093021233836551, -0.3013769392596341024, -0.03275000000000000133 ) ) ;
#406 = CARTESIAN_POINT ( 'NONE',  ( 0.03677557794842516853, -0.1368431609907347635, 0.02816500000000000253 ) ) ;
#407 = CARTESIAN_POINT ( 'NONE',  ( 0.2954351319711483459, 0.07939598586570373318, 0.03275000000000000133 ) ) ;
#408 = VERTEX_POINT ( 'NONE', #1260 ) ;
#409 = CARTESIAN_POINT ( 'NONE',  ( 0.1307878838036867497, 0.07534932658332874067, 0.03275000000000000133 ) ) ;
#410 = CARTESIAN_POINT ( 'NONE',  ( -0.2425629432258039897, 0.1864104566488269388, 0.03275000000000000133 ) ) ;
#411 = CARTESIAN_POINT ( 'NONE',  ( 0.3125000000000000000, -0.04090615422874198381, 0.02816500000000000253 ) ) ;
#412 = CARTESIAN_POINT ( 'NONE',  ( -0.2730582464046686919, 0.1573809312597977683, 0.03275000000000000133 ) ) ;
#413 = CARTESIAN_POINT ( 'NONE',  ( 0.07535147889450106995, 0.1307930799423804580, 0.03275000000000000133 ) ) ;
#414 = CARTESIAN_POINT ( 'NONE',  ( -0.07537665258337243601, 0.1307796088314486516, -0.03275000000000000133 ) ) ;
#415 = CARTESIAN_POINT ( 'NONE',  ( 0.03917580606078915201, -0.1457744904304843492, -0.03275000000000000133 ) ) ;
#416 = CARTESIAN_POINT ( 'NONE',  ( -0.3043664614588486028, -0.08179621386227499402, 0.02816500000000000600 ) ) ;
#417 = CARTESIAN_POINT ( 'NONE',  ( 0.3125000000000000000, 0.000000000000000000, -0.02816500000000000253 ) ) ;
#418 = CARTESIAN_POINT ( 'NONE',  ( -0.09200128697575526981, 0.1196680338570274976, 0.03275000000000000133 ) ) ;
#419 = CARTESIAN_POINT ( 'NONE',  ( -0.03970580403907560119, -0.3033299999999999885, 0.03275000000000000133 ) ) ;
#420 = CARTESIAN_POINT ( 'NONE',  ( 0.1196861361419698372, -0.09197920773841136710, -0.03275000000000000133 ) ) ;
#421 = CARTESIAN_POINT ( 'NONE',  ( 0.1496700000000000252, -0.01957749229382410583, 0.03275000000000000133 ) ) ;
#422 = CARTESIAN_POINT ( 'NONE',  ( 0.1457744904304841826, -0.03917580606078958916, -0.03275000000000000133 ) ) ;
#423 = CARTESIAN_POINT ( 'NONE',  ( -0.1227669876449378472, -0.07075846654616288478, 0.02816500000000000253 ) ) ;
#424 = CARTESIAN_POINT ( 'NONE',  ( 0.03677557775247888155, 0.1368431610718984226, 0.02816500000000000253 ) ) ;
#425 = CARTESIAN_POINT ( 'NONE',  ( 0.3033299999999999885, 0.03970580403905373673, -0.03275000000000000133 ) ) ;
#426 = CARTESIAN_POINT ( 'NONE',  ( -0.2650456252221724540, 0.1527627452129035890, 0.03275000000000000133 ) ) ;
#427 = CARTESIAN_POINT ( 'NONE',  ( 0.3033299999999999885, 0.000000000000000000, 0.03275000000000000133 ) ) ;
#428 = CARTESIAN_POINT ( 'NONE',  ( -0.03677557794843049760, 0.1368431609907315438, -0.03275000000000003603 ) ) ;
#429 = CARTESIAN_POINT ( 'NONE',  ( -0.1496671878699817881, 0.01956334433310403381, -0.03275000000000000827 ) ) ;
#430 = CARTESIAN_POINT ( 'NONE',  ( 0.1573809313659060294, -0.2730582463607056365, -0.02816500000000000600 ) ) ;
#431 = CARTESIAN_POINT ( 'NONE',  ( -0.1405000000000000693, 0.01839140678079705798, -0.03275000000000000133 ) ) ;
#432 = CARTESIAN_POINT ( 'NONE',  ( -0.03677557775247891625, 0.1368431610718983671, 0.02816500000000000253 ) ) ;
#433 = CARTESIAN_POINT ( 'NONE',  ( -0.08634381430645061972, -0.1123531912069735406, 0.03275000000000000133 ) ) ;
#434 = FILL_AREA_STYLE_COLOUR ( '', #1024 ) ;
#435 = CARTESIAN_POINT ( 'NONE',  ( -0.03970580403907602446, 0.3033299999999999885, -0.03275000000000000133 ) ) ;
#436 = CARTESIAN_POINT ( 'NONE',  ( -0.3033285928877844095, 0.01983869564481536771, 0.03275000000000000827 ) ) ;
#437 = CARTESIAN_POINT ( 'NONE',  ( 0.1519092116477692433, -0.2632851926887619931, 0.03275000000000000133 ) ) ;
#438 = CARTESIAN_POINT ( 'NONE',  ( -0.01839140678079703370, 0.1405000000000000693, -0.03275000000000000133 ) ) ;
#439 = CARTESIAN_POINT ( 'NONE',  ( -0.07075846654615983167, 0.1227669876449401370, -0.03275000000000003603 ) ) ;
#440 = CARTESIAN_POINT ( 'NONE',  ( -0.01839140678079703370, 0.1405000000000000693, 0.03275000000000000133 ) ) ;
#441 = EDGE_CURVE ( 'NONE', #666, #229, #1067, .T. ) ;
#442 = CARTESIAN_POINT ( 'NONE',  ( -0.2498958881682114830, 0.1920458500733806806, -0.02816500000000000253 ) ) ;
#443 = CARTESIAN_POINT ( 'NONE',  ( 0.07075846654616382847, -0.1227669876449401787, 0.03274999999999787803 ) ) ;
#444 = DIRECTION ( 'NONE',  ( 1.000000000000000000, 0.000000000000000000, 0.000000000000000000 ) ) ;
#445 = CARTESIAN_POINT ( 'NONE',  ( -0.1368431609907356794, 0.03677557794842854083, -0.03275000000000103523 ) ) ;
#446 = CARTESIAN_POINT ( 'NONE',  ( 0.1573809312597997112, -0.2730582464046563684, 0.02816500000000000253 ) ) ;
#447 = CARTESIAN_POINT ( 'NONE',  ( -0.1196680338569854340, -0.09200128697579731951, 0.03275000000000000133 ) ) ;
#448 = CARTESIAN_POINT ( 'NONE',  ( -0.08179621386227485524, -0.3043664614588487694, -0.02816500000000000600 ) ) ;
#449 = CARTESIAN_POINT ( 'NONE',  ( -0.03677557794843088618, 0.1368431609907324320, -0.02816500000000000253 ) ) ;
#450 = CARTESIAN_POINT ( 'NONE',  ( 0.1227669876449386660, 0.07075846654616126108, 0.03275000000000000133 ) ) ;
#451 = CARTESIAN_POINT ( 'NONE',  ( 0.1573809312598127008, 0.2730582464046509283, 0.02816500000000000253 ) ) ;
#452 = CARTESIAN_POINT ( 'NONE',  ( 0.1920458499921610940, 0.2498958882494312084, -0.02816500000000000947 ) ) ;
#453 = CARTESIAN_POINT ( 'NONE',  ( -0.1227669876449401787, -0.07075846654616596565, 0.03275000000000105604 ) ) ;
#454 = VERTEX_POINT ( 'NONE', #1019 ) ;
#455 = CARTESIAN_POINT ( 'NONE',  ( 0.000000000000000000, 0.000000000000000000, 0.03275000000000000133 ) ) ;
#456 = EDGE_CURVE ( 'NONE', #508, #229, #73, .T. ) ;
#457 = CARTESIAN_POINT ( 'NONE',  ( -0.1573809312598005716, -0.2730582464046558688, -0.02816500000000000253 ) ) ;
#458 = CARTESIAN_POINT ( 'NONE',  ( -0.1405000000000000693, 8.537024980200822558E-18, 0.02816500000000000253 ) ) ;
#459 = CARTESIAN_POINT ( 'NONE',  ( -0.2730582463607056365, -0.1573809313659060016, -0.02816499999999999213 ) ) ;
#460 = CARTESIAN_POINT ( 'NONE',  ( -0.1368431609907345137, 0.03677557794842591099, -0.02816500000000000253 ) ) ;
#461 = CARTESIAN_POINT ( 'NONE',  ( -0.03677557794843049760, 0.1368431609907315438, 0.03275000000000003603 ) ) ;
#462 = CARTESIAN_POINT ( 'NONE',  ( -0.2498958881682283861, -0.1920458500733465412, 0.03274999999997627725 ) ) ;
#463 = CARTESIAN_POINT ( 'NONE',  ( -0.07075846654616847753, -0.1227669876449442865, 0.03275000000000103523 ) ) ;
#464 =( NAMED_UNIT ( * ) SI_UNIT ( $, .STERADIAN. ) SOLID_ANGLE_UNIT ( ) );
#465 = CARTESIAN_POINT ( 'NONE',  ( 0.08179621396838041014, -0.3043664614148982595, 0.02816500000000000253 ) ) ;
#466 = CARTESIAN_POINT ( 'NONE',  ( 0.3125000000000000000, -0.04090615422874198381, -0.02816500000000000253 ) ) ;
#467 = CARTESIAN_POINT ( 'NONE',  ( -0.2004596186955374393, 0.2285157711362573174, -0.03275000000000000133 ) ) ;
#468 = CARTESIAN_POINT ( 'NONE',  ( 0.3125000000000000555, -0.04090615422874196994, 0.03274999999999992500 ) ) ;
#469 = CARTESIAN_POINT ( 'NONE',  ( 0.08634381415647561508, -0.1123531913569443125, -0.02816500000000000600 ) ) ;
#470 =( NAMED_UNIT ( * ) SI_UNIT ( $, .STERADIAN. ) SOLID_ANGLE_UNIT ( ) );
#471 = CARTESIAN_POINT ( 'NONE',  ( 0.2498958882494314582, 0.1920458499921607609, 0.02816500000000000600 ) ) ;
#472 = CARTESIAN_POINT ( 'NONE',  ( 0.1123531912069683919, 0.08634381430645153566, -0.02816500000000000253 ) ) ;
#473 = CARTESIAN_POINT ( 'NONE',  ( -0.1496728121300183456, -0.01956334433310401993, -0.03275000000000000133 ) ) ;
#474 = CARTESIAN_POINT ( 'NONE',  ( -0.1405000000000000693, 1.723822351771319501E-17, 0.03275000000000000133 ) ) ;
#475 = CARTESIAN_POINT ( 'NONE',  ( -0.1405000000000000693, 0.01839140678079706492, 0.02816500000000000253 ) ) ;
#476 = CARTESIAN_POINT ( 'NONE',  ( -0.03677557794842709754, -0.1368431609907340141, -0.02816500000000000253 ) ) ;
#477 = CARTESIAN_POINT ( 'NONE',  ( -0.1573809312597975185, 0.2730582464046515945, 0.03275000000000001521 ) ) ;
#478 = CARTESIAN_POINT ( 'NONE',  ( 0.04090615422876544421, -0.3125000000000000555, -0.03274999999999992500 ) ) ;
#479 = CARTESIAN_POINT ( 'NONE',  ( -0.08179621396837533087, -0.3043664614149043102, -0.03274999999996985878 ) ) ;
#480 = CARTESIAN_POINT ( 'NONE',  ( 0.3125000000000000000, 3.827021247335478926E-17, 0.03275000000000000133 ) ) ;
#481 = CARTESIAN_POINT ( 'NONE',  ( -0.1368431609907345137, 0.03677557794842591099, 0.02816500000000000253 ) ) ;
#482 = CARTESIAN_POINT ( 'NONE',  ( -0.1196861361419745140, 0.09197920773840673192, 0.03275000000000000133 ) ) ;
#483 = CARTESIAN_POINT ( 'NONE',  ( -0.04090615422876446583, -0.3125000000000000555, 0.02816500000000000253 ) ) ;
#484 = CARTESIAN_POINT ( 'NONE',  ( -0.1457744904304841549, 0.03917580606078958916, 0.03275000000000000133 ) ) ;
#485 = EDGE_LOOP ( 'NONE', ( #1169, #1084, #1010, #1091 ) ) ;
#486 = CARTESIAN_POINT ( 'NONE',  ( 0.04090615422876491686, 0.3125000000000000555, -0.03274999999999992500 ) ) ;
#487 = CARTESIAN_POINT ( 'NONE',  ( 0.2650456252221489173, 0.1527627452129016183, -0.03275000000000000133 ) ) ;
#488 = CARTESIAN_POINT ( 'NONE',  ( 0.01839140678079705798, 0.1405000000000000693, 0.02816500000000000253 ) ) ;
#489 = CARTESIAN_POINT ( 'NONE',  ( -0.03917580606079368311, 0.1457744904304799916, 0.03275000000000000133 ) ) ;
#490 = CARTESIAN_POINT ( 'NONE',  ( -0.2730582464046686919, 0.1573809312597977683, 0.03275000000000000133 ) ) ;
#491 = CARTESIAN_POINT ( 'NONE',  ( -0.1196861361419745140, 0.09197920773840673192, 0.03275000000000000133 ) ) ;
#492 = CARTESIAN_POINT ( 'NONE',  ( -0.01839140699289029679, 0.1405000000000000415, -0.02816500000000000600 ) ) ;
#493 = EDGE_LOOP ( 'NONE', ( #1200, #913, #1143, #545 ) ) ;
#494 = CARTESIAN_POINT ( 'NONE',  ( 0.3043664614148955394, -0.08179621396838744618, -0.02816500000000000253 ) ) ;
#495 = CARTESIAN_POINT ( 'NONE',  ( 0.2498958881682235011, -0.1920458500733857876, -0.03275000000000000133 ) ) ;
#496 = CARTESIAN_POINT ( 'NONE',  ( 0.01983869564448778600, -0.3033314071122156785, 0.03275000000000000827 ) ) ;
#497 = CARTESIAN_POINT ( 'NONE',  ( -0.2935867788170638537, -0.07875471145566360909, -0.03275000000000000133 ) ) ;
#498 = CARTESIAN_POINT ( 'NONE',  ( -0.1368431610718984504, 0.03677557775247879135, -0.02816500000000000253 ) ) ;
#499 = CARTESIAN_POINT ( 'NONE',  ( 0.03677557794842601507, -0.1368431609907315993, -0.03275000000000213157 ) ) ;
#500 = CARTESIAN_POINT ( 'NONE',  ( 0.1920458500733980278, 0.2498958881682112332, 0.03275000000002587647 ) ) ;
#501 = CARTESIAN_POINT ( 'NONE',  ( 0.2730582464046588664, 0.1573809312597934662, -0.02816500000000000253 ) ) ;
#502 = CARTESIAN_POINT ( 'NONE',  ( 0.1527627452129116659, 0.2650456252221382591, -0.03275000000000000133 ) ) ;
#503 = EDGE_CURVE ( 'NONE', #691, #1282, #934, .T. ) ;
#504 = CARTESIAN_POINT ( 'NONE',  ( -0.3125000000000000000, -2.119616251295314107E-17, 0.02816500000000000253 ) ) ;
#505 = CARTESIAN_POINT ( 'NONE',  ( -0.09197920773840689845, 0.1196861361419743475, -0.03275000000000000133 ) ) ;
#506 = CARTESIAN_POINT ( 'NONE',  ( -0.04090615434361702385, -0.3125000000000000555, 0.02816500000000000947 ) ) ;
#507 = CARTESIAN_POINT ( 'NONE',  ( 0.2650456252221721209, -0.1527627452129171337, 0.03275000000000000133 ) ) ;
#508 = VERTEX_POINT ( 'NONE', #13 ) ;
#509 = CARTESIAN_POINT ( 'NONE',  ( 0.2730582464046448776, 0.1573809312597962973, -0.03274999999999347183 ) ) ;
#510 = CARTESIAN_POINT ( 'NONE',  ( 0.1344073919183660926, 0.2726471384516029328, 0.03274999999999999439 ) ) ;
#511 = FACE_BOUND ( 'NONE', #1213, .T. ) ;
#512 = CARTESIAN_POINT ( 'NONE',  ( -0.1227669876449378472, -0.07075846654616288478, -0.02816500000000000253 ) ) ;
#513 = CARTESIAN_POINT ( 'NONE',  ( -0.2004576287384992328, -0.2285137811789520745, -0.03275000000000000827 ) ) ;
#514 = CARTESIAN_POINT ( 'NONE',  ( -0.2730582463607056365, -0.1573809313659060294, 0.02816500000000000253 ) ) ;
#515 = CARTESIAN_POINT ( 'NONE',  ( -0.03970580403907560119, -0.3033299999999999885, 0.03275000000000000133 ) ) ;
#516 = VERTEX_POINT ( 'NONE', #358 ) ;
#517 = CARTESIAN_POINT ( 'NONE',  ( -0.03920313206084252711, 0.1457662154582438085, 0.03275000000000000133 ) ) ;
#518 = CARTESIAN_POINT ( 'NONE',  ( 0.01983869564447192715, 0.3033285928877844095, 0.03275000000000000133 ) ) ;
#519 = CARTESIAN_POINT ( 'NONE',  ( 0.000000000000000000, 0.000000000000000000, -0.03275000000000000133 ) ) ;
#520 = CARTESIAN_POINT ( 'NONE',  ( -0.1368431609907339863, -0.03677557794842700734, -0.02816500000000000253 ) ) ;
#521 = CARTESIAN_POINT ( 'NONE',  ( -0.01983869564440786382, -0.3033314071122155120, -0.03275000000000000133 ) ) ;
#522 = CARTESIAN_POINT ( 'NONE',  ( 0.3125000000000000555, 0.000000000000000000, 0.03274999999999992500 ) ) ;
#523 = EDGE_LOOP ( 'NONE', ( #882, #258, #993, #1052 ) ) ;
#524 = CARTESIAN_POINT ( 'NONE',  ( -0.07939598586568898109, -0.2954351319711420176, -0.03275000000000000133 ) ) ;
#525 = MECHANICAL_DESIGN_GEOMETRIC_PRESENTATION_REPRESENTATION (  '', ( #387 ), #295 ) ;
#526 = CARTESIAN_POINT ( 'NONE',  ( -0.2726471384515530283, 0.1344073919185060639, 0.03275000000000000133 ) ) ;
#527 = CARTESIAN_POINT ( 'NONE',  ( -0.1457744904304841549, 0.03917580606078958916, -0.03275000000000000133 ) ) ;
#528 = CARTESIAN_POINT ( 'NONE',  ( -0.1519107555483344418, -0.2632875032991019992, 0.03275000000000000133 ) ) ;
#529 = CARTESIAN_POINT ( 'NONE',  ( -0.1920458499921609552, -0.2498958882494314027, 0.02816500000000000947 ) ) ;
#530 = CARTESIAN_POINT ( 'NONE',  ( 0.04090615422876544421, -0.3125000000000000555, 0.03274999999999992500 ) ) ;
#531 = ORIENTED_EDGE ( 'NONE', *, *, #503, .T. ) ;
#532 = ADVANCED_FACE ( 'NONE', ( #1397, #825 ), #347, .T. ) ;
#533 = CARTESIAN_POINT ( 'NONE',  ( 0.1457662154582419489, 0.03920313206083729518, 0.03275000000000000133 ) ) ;
#534 = CARTESIAN_POINT ( 'NONE',  ( -0.3033299999999999885, 3.414809992080329023E-17, 0.03275000000000000133 ) ) ;
#535 = CARTESIAN_POINT ( 'NONE',  ( 0.1405000000000000693, -0.01839140678080805613, -0.03275000000000000133 ) ) ;
#536 = CARTESIAN_POINT ( 'NONE',  ( -0.1368431609907339863, -0.03677557794842700734, 0.02816500000000000253 ) ) ;
#537 = CARTESIAN_POINT ( 'NONE',  ( 0.3033299999999999885, 0.000000000000000000, -0.03275000000000000133 ) ) ;
#538 = CARTESIAN_POINT ( 'NONE',  ( 0.1405000000000000693, 8.603143764010160342E-18, 0.02816500000000000253 ) ) ;
#539 = CARTESIAN_POINT ( 'NONE',  ( 0.1405000000000000693, 0.01839140678080803878, -0.03275000000000000133 ) ) ;
#540 = CARTESIAN_POINT ( 'NONE',  ( 0.1405000000000000693, -0.01839140678080805960, -0.02816500000000000253 ) ) ;
#541 = CARTESIAN_POINT ( 'NONE',  ( -0.01839140678079684635, -0.1405000000000000693, -0.03275000000000000133 ) ) ;
#542 = CARTESIAN_POINT ( 'NONE',  ( 0.07075846654616382847, -0.1227669876449401787, 0.03274999999999787803 ) ) ;
#543 = CARTESIAN_POINT ( 'NONE',  ( 0.2730582464046588664, 0.1573809312597934662, -0.02816500000000000253 ) ) ;
#544 = CARTESIAN_POINT ( 'NONE',  ( -0.07075846654616355091, -0.1227669876449375141, 0.02816500000000000253 ) ) ;
#545 = ORIENTED_EDGE ( 'NONE', *, *, #1334, .F. ) ;
#546 = CARTESIAN_POINT ( 'NONE',  ( -0.1496728121300183179, 0.01956334433302405612, 0.03275000000000000133 ) ) ;
#547 = CARTESIAN_POINT ( 'NONE',  ( -0.1851122061179219236, 0.2411030032804950818, 0.03274999999999999439 ) ) ;
#548 = CARTESIAN_POINT ( 'NONE',  ( 0.1496700000000000530, -0.01959175696002522088, -0.03275000000000000133 ) ) ;
#549 = CARTESIAN_POINT ( 'NONE',  ( -0.01956334433303965128, -0.1496728121300183179, 0.03275000000000000133 ) ) ;
#551 = EDGE_CURVE ( 'NONE', #1282, #1313, #1134, .T. ) ;
#550 = CARTESIAN_POINT ( 'NONE',  ( 0.1368431609907345137, -0.03677557794842591793, -0.02816500000000000253 ) ) ;
#552 = CARTESIAN_POINT ( 'NONE',  ( 0.1368431609907331814, 0.03677557794842906125, -0.02816500000000000253 ) ) ;
#553 =( BOUNDED_SURFACE ( )  B_SPLINE_SURFACE ( 2, 3, ( 
 ( #948, #1170, #402, #501, #752, #44, #932, #859, #759, #1406, #1192, #388, #277, #1307, #158, #1299, #1043, #1395, #63, #604, #142, #940, #744, #369, #259, #55, #284, #846, #150, #613, #1314, #494, #1078, #269 ),
 ( #734, #1053, #1185, #509, #395, #377, #957, #29, #486, #174, #166, #1400, #829, #965, #1283, #624, #630, #1071, #1415, #294, #725, #836, #1290, #1180, #593, #478, #71, #646, #1214, #766, #1445, #206, #1462, #982 ),
 ( #537, #425, #779, #1100, #888, #988, #1108, #1085, #660, #435, #1324, #1439, #638, #1338, #994, #774, #785, #329, #1450, #195, #1231, #1201, #91, #524, #667, #1093, #875, #1343, #321, #182, #303, #100, #1224, #654 ) ),
 .UNSPECIFIED., .F., .T., .T. ) 
 B_SPLINE_SURFACE_WITH_KNOTS ( ( 3, 3 ),
 ( 4, 2, 2, 2, 2, 2, 2, 2, 2, 2, 2, 2, 2, 2, 2, 2, 4 ),
 ( 0.000000000000000000, 1.000000000000000000 ),
 ( 0.000000000000000000, 0.3926990816987241395, 0.7853981633974482790, 1.178097245096172418, 1.570796326794896558, 1.963495408493620697, 2.356194490192344837, 2.748893571891068976, 3.141592653589793116, 3.534291735288517255, 3.926990816987241395, 4.319689898685965090, 4.712388980384689674, 5.105088062083414258, 5.497787143782137953, 5.890486225480861648, 6.283185307179586232 ),
 .UNSPECIFIED. ) 
 GEOMETRIC_REPRESENTATION_ITEM ( )  RATIONAL_B_SPLINE_SURFACE ( (
 ( 1.000000000000000000, 1.000000000000000000, 1.000000000000000000, 1.000000000000000000, 1.000000000000000000, 1.000000000000000000, 1.000000000000000000, 1.000000000000000000, 1.000000000000000000, 1.000000000000000000, 1.000000000000000000, 1.000000000000000000, 1.000000000000000000, 1.000000000000000000, 1.000000000000000000, 1.000000000000000000, 1.000000000000000000, 1.000000000000000000, 1.000000000000000000, 1.000000000000000000, 1.000000000000000000, 1.000000000000000000, 1.000000000000000000, 1.000000000000000000, 1.000000000000000000, 1.000000000000000000, 1.000000000000000000, 1.000000000000000000, 1.000000000000000000, 1.000000000000000000, 1.000000000000000000, 1.000000000000000000, 1.000000000000000000, 1.000000000000000000),
 ( 1.857142857142857428, 1.857142857142857428, 1.857142857142857428, 1.857142857142857428, 1.857142857142857428, 1.857142857142857428, 1.857142857142857428, 1.857142857142857428, 1.857142857142857428, 1.857142857142857428, 1.857142857142858317, 1.857142857142858317, 1.857142857142856318, 1.857142857142856318, 1.857142857142857428, 1.857142857142857428, 1.857142857142857428, 1.857142857142857428, 1.857142857142857428, 1.857142857142857428, 1.857142857142858317, 1.857142857142858317, 1.857142857142857428, 1.857142857142857428, 1.857142857142857428, 1.857142857142857428, 1.857142857142857428, 1.857142857142857428, 1.857142857142857428, 1.857142857142857428, 1.857142857142857428, 1.857142857142857428, 1.857142857142857428, 1.857142857142857428),
 ( 1.000000000000000000, 1.000000000000000000, 1.000000000000000000, 1.000000000000000000, 1.000000000000000000, 1.000000000000000000, 1.000000000000000000, 1.000000000000000000, 1.000000000000000000, 1.000000000000000000, 1.000000000000000000, 1.000000000000000000, 1.000000000000000000, 1.000000000000000000, 1.000000000000000000, 1.000000000000000000, 1.000000000000000000, 1.000000000000000000, 1.000000000000000000, 1.000000000000000000, 1.000000000000000000, 1.000000000000000000, 1.000000000000000000, 1.000000000000000000, 1.000000000000000000, 1.000000000000000000, 1.000000000000000000, 1.000000000000000000, 1.000000000000000000, 1.000000000000000000, 1.000000000000000000, 1.000000000000000000, 1.000000000000000000, 1.000000000000000000) ) ) 
 REPRESENTATION_ITEM ( '' )  SURFACE ( )  );
#554 = CARTESIAN_POINT ( 'NONE',  ( -0.03959147235807117249, -0.3013796648104547504, 0.03275000000000000133 ) ) ;
#555 = CARTESIAN_POINT ( 'NONE',  ( 0.1405000000000000693, 0.01839140678080803878, 0.03275000000000000133 ) ) ;
#556 = CARTESIAN_POINT ( 'NONE',  ( 0.2498958881682199484, 0.1920458500733722429, -0.02816500000000000253 ) ) ;
#557 = CARTESIAN_POINT ( 'NONE',  ( 0.01839140678079705452, 0.1405000000000000693, 0.03275000000000000133 ) ) ;
#558 = CARTESIAN_POINT ( 'NONE',  ( 0.1496700000000000530, 0.000000000000000000, -0.03275000000000000133 ) ) ;
#559 = CARTESIAN_POINT ( 'NONE',  ( 0.3125000000000000000, 0.04090615422874194218, 0.02816500000000000253 ) ) ;
#560 = CARTESIAN_POINT ( 'NONE',  ( -0.09199731002339563146, -0.1196640569045840791, 0.03275000000000000133 ) ) ;
#561 = CARTESIAN_POINT ( 'NONE',  ( 0.1123531912069668653, -0.08634381430645313160, -0.02816500000000000253 ) ) ;
#562 = CARTESIAN_POINT ( 'NONE',  ( 0.07075846654616187170, 0.1227669876449401232, -0.03274999999999893968 ) ) ;
#563 = DIRECTION ( 'NONE',  ( -0.000000000000000000, -0.000000000000000000, -1.000000000000000000 ) ) ;
#564 = CARTESIAN_POINT ( 'NONE',  ( 0.1405000000000000693, 0.01839140678080803878, 0.03275000000000000133 ) ) ;
#565 = SHAPE_DEFINITION_REPRESENTATION ( #45, #145 ) ;
#566 = CARTESIAN_POINT ( 'NONE',  ( 0.04090615422876493074, 0.3125000000000000000, 0.02816500000000000253 ) ) ;
#567 = CARTESIAN_POINT ( 'NONE',  ( 0.3043664614149092507, 0.08179621396838469838, -0.03275000000000639205 ) ) ;
#568 = CARTESIAN_POINT ( 'NONE',  ( -0.3033299999999999885, 3.414809992080329023E-17, -0.03275000000000000133 ) ) ;
#569 = CARTESIAN_POINT ( 'NONE',  ( 0.03677557794842897104, 0.1368431609907332092, -0.02816500000000000253 ) ) ;
#570 = B_SPLINE_CURVE_WITH_KNOTS ( 'NONE', 3,
 ( #635, #1421, #399, #192, #973, #864, #1321, #300, #651, #1096, #84, #528, #1443, #879, #314, #554, #66, #496, #74, #1345, #1004, #1464, #437, #1409, #899, #951, #616, #632, #787, #1417, #1087, #168, #1064, #427 ),
 .UNSPECIFIED., .F., .F.,
 ( 4, 2, 2, 2, 2, 2, 2, 2, 2, 2, 2, 2, 2, 2, 2, 2, 4 ),
 ( 0.5000000000000000000, 0.5312500000000000000, 0.5625000000000000000, 0.5937500000000000000, 0.6250000000000000000, 0.6562500000000000000, 0.6875000000000000000, 0.7187500000000000000, 0.7500000000000000000, 0.7812500000000000000, 0.8125000000000000000, 0.8437500000000000000, 0.8750000000000000000, 0.9062500000000000000, 0.9375000000000000000, 0.9687500000000000000, 1.000000000000000000 ),
 .UNSPECIFIED. ) ;
#571 = EDGE_CURVE ( 'NONE', #1022, #141, #1441, .T. ) ;
#572 =( BOUNDED_SURFACE ( )  B_SPLINE_SURFACE ( 2, 3, ( 
 ( #929, #381, #596, #1055, #24, #838, #271, #14, #488, #1155, #702, #31, #1402, #135, #1266, #481, #475, #587, #1388, #644, #283, #1423, #544, #118, #4, #1139, #1247, #1021, #339, #682, #1230, #696, #343, #1114 ),
 ( #895, #564, #805, #1029, #107, #228, #1476, #801, #557, #205, #1468, #1364, #665, #98, #1000, #796, #1142, #11, #217, #1351, #1460, #433, #463, #327, #1238, #211, #674, #443, #1358, #332, #375, #610, #1288, #1058 ),
 ( #919, #368, #274, #721, #828, #1385, #351, #811, #1281, #255, #266, #820, #706, #491, #28, #484, #731, #40, #1178, #944, #361, #1392, #129, #247, #582, #1159, #1403, #1166, #1066, #49, #937, #147, #600, #384 ) ),
 .UNSPECIFIED., .F., .T., .T. ) 
 B_SPLINE_SURFACE_WITH_KNOTS ( ( 3, 3 ),
 ( 4, 2, 2, 2, 2, 2, 2, 2, 2, 2, 2, 2, 2, 2, 2, 2, 4 ),
 ( 0.000000000000000000, 1.000000000000000000 ),
 ( 0.000000000000000000, 0.3926990816987241395, 0.7853981633974482790, 1.178097245096172418, 1.570796326794896558, 1.963495408493620697, 2.356194490192344837, 2.748893571891068976, 3.141592653589793116, 3.534291735288517255, 3.926990816987241395, 4.319689898685965090, 4.712388980384689674, 5.105088062083414258, 5.497787143782137953, 5.890486225480861648, 6.283185307179586232 ),
 .UNSPECIFIED. ) 
 GEOMETRIC_REPRESENTATION_ITEM ( )  RATIONAL_B_SPLINE_SURFACE ( (
 ( 1.000000000000000000, 1.000000000000000000, 1.000000000000000000, 1.000000000000000000, 1.000000000000000000, 1.000000000000000000, 1.000000000000000000, 1.000000000000000000, 1.000000000000000000, 1.000000000000000000, 1.000000000000000000, 1.000000000000000000, 1.000000000000000000, 1.000000000000000000, 1.000000000000000000, 1.000000000000000000, 1.000000000000000000, 1.000000000000000000, 1.000000000000000000, 1.000000000000000000, 1.000000000000000000, 1.000000000000000000, 1.000000000000000000, 1.000000000000000000, 1.000000000000000000, 1.000000000000000000, 1.000000000000000000, 1.000000000000000000, 1.000000000000000000, 1.000000000000000000, 1.000000000000000000, 1.000000000000000000, 1.000000000000000000, 1.000000000000000000),
 ( 1.857142857142857428, 1.857142857142857428, 1.857142857142857428, 1.857142857142857428, 1.857142857142857428, 1.857142857142857428, 1.857142857142857428, 1.857142857142857428, 1.857142857142857428, 1.857142857142857428, 1.857142857142858317, 1.857142857142858317, 1.857142857142856318, 1.857142857142856318, 1.857142857142857428, 1.857142857142857428, 1.857142857142857428, 1.857142857142857428, 1.857142857142857428, 1.857142857142857428, 1.857142857142858317, 1.857142857142858317, 1.857142857142857428, 1.857142857142857428, 1.857142857142857428, 1.857142857142857428, 1.857142857142857428, 1.857142857142857428, 1.857142857142857428, 1.857142857142857428, 1.857142857142857428, 1.857142857142857428, 1.857142857142857428, 1.857142857142857428),
 ( 1.000000000000000000, 1.000000000000000000, 1.000000000000000000, 1.000000000000000000, 1.000000000000000000, 1.000000000000000000, 1.000000000000000000, 1.000000000000000000, 1.000000000000000000, 1.000000000000000000, 1.000000000000000000, 1.000000000000000000, 1.000000000000000000, 1.000000000000000000, 1.000000000000000000, 1.000000000000000000, 1.000000000000000000, 1.000000000000000000, 1.000000000000000000, 1.000000000000000000, 1.000000000000000000, 1.000000000000000000, 1.000000000000000000, 1.000000000000000000, 1.000000000000000000, 1.000000000000000000, 1.000000000000000000, 1.000000000000000000, 1.000000000000000000, 1.000000000000000000, 1.000000000000000000, 1.000000000000000000, 1.000000000000000000, 1.000000000000000000) ) ) 
 REPRESENTATION_ITEM ( '' )  SURFACE ( )  );
#573 = CARTESIAN_POINT ( 'NONE',  ( 0.3043664614148955394, -0.08179621396838744618, 0.02816500000000000253 ) ) ;
#574 = CARTESIAN_POINT ( 'NONE',  ( 0.01959175696001349068, 0.1496700000000000530, -0.03275000000000000133 ) ) ;
#575 = CARTESIAN_POINT ( 'NONE',  ( 0.2498958882494313472, -0.1920458499921609274, -0.02816500000000000600 ) ) ;
#576 = CARTESIAN_POINT ( 'NONE',  ( -0.1405000000000000693, -8.669262547819498126E-18, -0.02816500000000000253 ) ) ;
#577 = CARTESIAN_POINT ( 'NONE',  ( 0.08179621396835776159, 0.3043664614149198533, 0.03274999999997200983 ) ) ;
#578 = B_SPLINE_CURVE_WITH_KNOTS ( 'NONE', 3,
 ( #1181, #167, #151, #1300, #1072, #56, #296, #396, #854, #1308, #285, #64, #510, #760, #995, #81, #518, #1232, #311, #781, #1109, #639, #767, #547, #202, #1215, #1434, #793, #526, #196, #786, #1225, #436, #534 ),
 .UNSPECIFIED., .F., .F.,
 ( 4, 2, 2, 2, 2, 2, 2, 2, 2, 2, 2, 2, 2, 2, 2, 2, 4 ),
 ( 0.000000000000000000, 0.03124999999999997918, 0.06249999999999995837, 0.09374999999999994449, 0.1249999999999999167, 0.1562499999999998890, 0.1874999999999998890, 0.2187499999999999167, 0.2499999999999998890, 0.2812499999999998890, 0.3124999999999998335, 0.3437499999999998335, 0.3749999999999998335, 0.4062499999999998890, 0.4374999999999999445, 0.4687499999999999445, 0.5000000000000000000 ),
 .UNSPECIFIED. ) ;
#579 = CARTESIAN_POINT ( 'NONE',  ( -0.1573809312597994892, 0.2730582464046563684, 0.02816500000000000253 ) ) ;
#580 = CARTESIAN_POINT ( 'NONE',  ( 0.03959093021228223680, 0.3013769392596645780, -0.03275000000000000133 ) ) ;
#581 = CARTESIAN_POINT ( 'NONE',  ( 0.1920458500733980278, 0.2498958881682112332, 0.03275000000002587647 ) ) ;
#582 = CARTESIAN_POINT ( 'NONE',  ( -0.01959175696001326863, -0.1496700000000000530, 0.03275000000000000133 ) ) ;
#583 = CARTESIAN_POINT ( 'NONE',  ( -0.08179621386227499402, 0.3043664614588486028, -0.02816500000000000253 ) ) ;
#584 = CARTESIAN_POINT ( 'NONE',  ( -0.3043664614148948733, -0.08179621396838863967, 0.02816500000000000253 ) ) ;
#585 = CARTESIAN_POINT ( 'NONE',  ( -0.08179621396838133995, -0.3043664614148980374, -0.02816500000000000253 ) ) ;
#586 = DIRECTION ( 'NONE',  ( 1.000000000000000000, 0.000000000000000000, -0.000000000000000000 ) ) ;
#587 = CARTESIAN_POINT ( 'NONE',  ( -0.1405000000000000693, -0.01839140678079703023, 0.02816500000000000253 ) ) ;
#588 = CARTESIAN_POINT ( 'NONE',  ( 0.08634381430645246547, -0.1123531912069673649, -0.02816500000000000253 ) ) ;
#589 = CARTESIAN_POINT ( 'NONE',  ( 0.07537665258337446217, 0.1307796088314444605, 0.03275000000000000133 ) ) ;
#590 = CARTESIAN_POINT ( 'NONE',  ( 0.03677557775247886768, 0.1368431610718984226, -0.02816500000000000253 ) ) ;
#591 = CARTESIAN_POINT ( 'NONE',  ( -0.2498958882494315414, 0.1920458499921605666, -0.02816500000000000600 ) ) ;
#592 = ORIENTED_EDGE ( 'NONE', *, *, #441, .T. ) ;
#593 = CARTESIAN_POINT ( 'NONE',  ( -0.04090615422876446583, -0.3125000000000000555, -0.03274999999999992500 ) ) ;
#594 = CARTESIAN_POINT ( 'NONE',  ( 0.04090615422876544421, -0.3125000000000000555, -0.03274999999999992500 ) ) ;
#595 = CARTESIAN_POINT ( 'NONE',  ( 0.1307796088314470973, 0.07537665258337407359, -0.03275000000000000133 ) ) ;
#596 = CARTESIAN_POINT ( 'NONE',  ( 0.1368431609907331814, 0.03677557794842906125, 0.02816500000000000253 ) ) ;
#597 = CARTESIAN_POINT ( 'NONE',  ( -0.1405000000000000693, -0.01839140678079703023, -0.02816500000000000253 ) ) ;
#598 = CARTESIAN_POINT ( 'NONE',  ( 0.1196861361419717801, 0.09197920773840520536, 0.03275000000000000133 ) ) ;
#599 = CARTESIAN_POINT ( 'NONE',  ( 0.3043664614148953729, 0.08179621396838759884, 0.02816500000000000253 ) ) ;
#600 = CARTESIAN_POINT ( 'NONE',  ( 0.1496700000000000530, -0.01959175696002522088, 0.03275000000000000133 ) ) ;
#601 = CARTESIAN_POINT ( 'NONE',  ( 0.2730582463607056365, -0.1573809313659058906, 0.02816499999999999213 ) ) ;
#602 = CARTESIAN_POINT ( 'NONE',  ( -0.08179621386227498014, 0.3043664614588486028, 0.02816500000000000600 ) ) ;
#603 = EDGE_LOOP ( 'NONE', ( #328, #531, #1061, #778 ) ) ;
#604 = CARTESIAN_POINT ( 'NONE',  ( -0.2730582464046596991, -0.1573809312597916343, -0.02816500000000000253 ) ) ;
#605 = CARTESIAN_POINT ( 'NONE',  ( 0.2730582464046668600, -0.1573809312597979626, -0.03274999999999998052 ) ) ;
#606 = CARTESIAN_POINT ( 'NONE',  ( 0.07537665258337446217, 0.1307796088314444605, -0.03275000000000000133 ) ) ;
#607 = CARTESIAN_POINT ( 'NONE',  ( -0.1519107555480347094, 0.2632875032992250675, -0.03275000000000000133 ) ) ;
#608 = CARTESIAN_POINT ( 'NONE',  ( 0.3043664614588486028, 0.08179621386227532709, -0.02816500000000000253 ) ) ;
#609 = CARTESIAN_POINT ( 'NONE',  ( -0.3125000000000000000, 0.04090615422876495155, 0.02816500000000000253 ) ) ;
#610 = CARTESIAN_POINT ( 'NONE',  ( 0.1368431609907357072, -0.03677557794842428729, 0.03275000000000739819 ) ) ;
#611 = CARTESIAN_POINT ( 'NONE',  ( 0.2730582463607054700, 0.1573809313659062514, 0.02816500000000000253 ) ) ;
#612 = ORIENTED_EDGE ( 'NONE', *, *, #1191, .F. ) ;
#613 = CARTESIAN_POINT ( 'NONE',  ( 0.2498958881682150079, -0.1920458500733773499, -0.02816500000000000253 ) ) ;
#614 = CARTESIAN_POINT ( 'NONE',  ( -0.2954351319711244206, 0.07939598586570259520, -0.03275000000000000133 ) ) ;
#615 = CARTESIAN_POINT ( 'NONE',  ( -0.1496700000000000530, 0.01959175696001350109, -0.03275000000000000133 ) ) ;
#616 = CARTESIAN_POINT ( 'NONE',  ( 0.2411006926704042930, -0.1851106622170643756, 0.03275000000000000827 ) ) ;
#617 = CARTESIAN_POINT ( 'NONE',  ( 0.2411030032807256196, -0.1851122061176622147, -0.03275000000000000827 ) ) ;
#618 = CARTESIAN_POINT ( 'NONE',  ( -0.01839140699289022740, -0.1405000000000000415, -0.02816499999999999213 ) ) ;
#619 = CARTESIAN_POINT ( 'NONE',  ( -0.07075846674211137832, 0.1227669875637733138, -0.02816500000000000253 ) ) ;
#620 = CARTESIAN_POINT ( 'NONE',  ( -0.08634381430644863520, 0.1123531912069713479, -0.02816500000000000253 ) ) ;
#621 = CARTESIAN_POINT ( 'NONE',  ( -0.1864104566488269388, -0.2425629432258211704, 0.03275000000000000133 ) ) ;
#622 = ORIENTED_EDGE ( 'NONE', *, *, #1098, .T. ) ;
#623 = ADVANCED_FACE ( 'NONE', ( #152 ), #268, .T. ) ;
#624 = CARTESIAN_POINT ( 'NONE',  ( -0.3043664614148851033, 0.08179621396838410163, -0.03275000000000000133 ) ) ;
#625 = CARTESIAN_POINT ( 'NONE',  ( -0.07939598586569367178, 0.2954351319711417956, -0.03275000000000000133 ) ) ;
#626 = CYLINDRICAL_SURFACE ( 'NONE', #931, 0.1405000000000000693 ) ;
#627 = CARTESIAN_POINT ( 'NONE',  ( 0.2730582464046583668, -0.1573809312597944932, 0.02816500000000000253 ) ) ;
#628 = CARTESIAN_POINT ( 'NONE',  ( 0.1864104566488270776, 0.2425629432258210316, 0.03275000000000000133 ) ) ;
#629 = VECTOR ( 'NONE', #1026, 39.37007874015748143 ) ;
#630 = CARTESIAN_POINT ( 'NONE',  ( -0.3125000000000000555, 0.04090615422876495155, -0.03274999999999992500 ) ) ;
#631 = CARTESIAN_POINT ( 'NONE',  ( 0.2650456252221721209, -0.1527627452129171337, -0.03275000000000000133 ) ) ;
#632 = CARTESIAN_POINT ( 'NONE',  ( 0.2632875032990756869, -0.1519107555483914518, 0.03275000000000000827 ) ) ;
#633 = CARTESIAN_POINT ( 'NONE',  ( -0.1405000000000000693, 0.01839140678079706492, -0.02816500000000000253 ) ) ;
#634 = CARTESIAN_POINT ( 'NONE',  ( 0.1519107555483676930, -0.2632875032990830699, -0.03275000000000000133 ) ) ;
#635 = CARTESIAN_POINT ( 'NONE',  ( -0.3033299999999999885, 3.414809992080329023E-17, 0.03275000000000000133 ) ) ;
#636 = CARTESIAN_POINT ( 'NONE',  ( -0.1864104566488272718, 0.2425629432258036566, 0.03275000000000000133 ) ) ;
#637 = ORIENTED_EDGE ( 'NONE', *, *, #551, .T. ) ;
#638 = CARTESIAN_POINT ( 'NONE',  ( -0.1864104566488272718, 0.2425629432258036566, -0.03275000000000000133 ) ) ;
#639 = CARTESIAN_POINT ( 'NONE',  ( -0.1344084688757481993, 0.2726497384558452808, 0.03275000000000000133 ) ) ;
#640 = CARTESIAN_POINT ( 'NONE',  ( -0.3125000000000000000, 3.447644703542639002E-17, 0.03274999999999992500 ) ) ;
#641 = CARTESIAN_POINT ( 'NONE',  ( 0.09197920773841075648, -0.1196861361419704478, 0.03275000000000000133 ) ) ;
#642 = CARTESIAN_POINT ( 'NONE',  ( 0.1344073919183675914, -0.2726471384516103713, -0.03275000000000000133 ) ) ;
#643 = CARTESIAN_POINT ( 'NONE',  ( 0.1864104566488165027, -0.2425629432258143703, 0.03275000000000000133 ) ) ;
#644 = CARTESIAN_POINT ( 'NONE',  ( -0.1227669876449378472, -0.07075846654616288478, 0.02816500000000000253 ) ) ;
#645 = EDGE_LOOP ( 'NONE', ( #1107, #5, #637, #1223 ) ) ;
#646 = CARTESIAN_POINT ( 'NONE',  ( 0.1573809312597970467, -0.2730582464046498181, -0.03275000000000000133 ) ) ;
#647 = CARTESIAN_POINT ( 'NONE',  ( 0.2954351319711483459, 0.07939598586570373318, 0.03275000000000000133 ) ) ;
#648 = CARTESIAN_POINT ( 'NONE',  ( 0.000000000000000000, 0.000000000000000000, 0.03275000000000000133 ) ) ;
#649 = EDGE_CURVE ( 'NONE', #1022, #1282, #125, .T. ) ;
#650 = CARTESIAN_POINT ( 'NONE',  ( 0.07875471145533066708, -0.2935867788170642423, -0.03275000000000000827 ) ) ;
#651 = CARTESIAN_POINT ( 'NONE',  ( -0.2285137811788507944, -0.2004576287386004851, 0.03275000000000000133 ) ) ;
#652 = CARTESIAN_POINT ( 'NONE',  ( -0.1496700000000000530, 1.707404996040164512E-17, 0.03275000000000000133 ) ) ;
#653 = CARTESIAN_POINT ( 'NONE',  ( -0.1573809312598065391, -0.2730582464046495961, 0.03275000000003013695 ) ) ;
#654 = CARTESIAN_POINT ( 'NONE',  ( 0.3033299999999999885, 0.000000000000000000, -0.03275000000000000133 ) ) ;
#655 = CARTESIAN_POINT ( 'NONE',  ( -0.1864104566488272718, 0.2425629432258036566, 0.03275000000000000133 ) ) ;
#656 = B_SPLINE_CURVE_WITH_KNOTS ( 'NONE', 3,
 ( #319, #1121, #316, #1106, #902, #681, #673, #424, #1459, #227, #432, #1363, #1113, #690, #1257, #90, #338, #1222 ),
 .UNSPECIFIED., .F., .F.,
 ( 4, 2, 2, 2, 2, 2, 2, 2, 4 ),
 ( 0.000000000000000000, 0.06249999999999995837, 0.1249999999999999167, 0.1874999999999999167, 0.2499999999999999445, 0.3124999999999999445, 0.3749999999999999445, 0.4375000000000000000, 0.5000000000000000000 ),
 .UNSPECIFIED. ) ;
#657 = CARTESIAN_POINT ( 'NONE',  ( -0.1123531912069736238, 0.08634381430645060584, -0.03274999999999999439 ) ) ;
#658 = CARTESIAN_POINT ( 'NONE',  ( -0.1227669876449370284, 0.07075846654616475828, 0.02816500000000000253 ) ) ;
#659 = EDGE_LOOP ( 'NONE', ( #592, #947 ) ) ;
#660 = CARTESIAN_POINT ( 'NONE',  ( 0.03970580403907605915, 0.3033299999999999885, -0.03275000000000000133 ) ) ;
#661 = CARTESIAN_POINT ( 'NONE',  ( 0.1496700000000000530, 0.000000000000000000, 0.03275000000000000133 ) ) ;
#662 = CARTESIAN_POINT ( 'NONE',  ( -0.1196861361419743475, -0.09197920773840688458, -0.03275000000000000133 ) ) ;
#663 = CARTESIAN_POINT ( 'NONE',  ( 0.1405000000000000693, 0.000000000000000000, 0.03275000000000000133 ) ) ;
#664 = CARTESIAN_POINT ( 'NONE',  ( 0.1496700000000000530, 0.000000000000000000, 0.03275000000000000133 ) ) ;
#665 = CARTESIAN_POINT ( 'NONE',  ( -0.08634381430644649802, 0.1123531912069691691, 0.03274999999999999439 ) ) ;
#666 = VERTEX_POINT ( 'NONE', #661 ) ;
#667 = CARTESIAN_POINT ( 'NONE',  ( -0.03970580403907560119, -0.3033299999999999885, -0.03275000000000000133 ) ) ;
#668 = CARTESIAN_POINT ( 'NONE',  ( -0.2425629432258036844, -0.1864104566488099801, 0.03275000000000000133 ) ) ;
#669 = CARTESIAN_POINT ( 'NONE',  ( 0.07537665258337639118, -0.1307796088314445160, -0.03275000000000000133 ) ) ;
#670 = CARTESIAN_POINT ( 'NONE',  ( -0.07535147889450044545, 0.1307930799423807078, -0.03275000000000000133 ) ) ;
#671 = CARTESIAN_POINT ( 'NONE',  ( 0.1123531912069647143, -0.08634381430645518551, -0.03275000000001274808 ) ) ;
#672 = CARTESIAN_POINT ( 'NONE',  ( 0.1368431609907345137, -0.03677557794842591793, 0.02816500000000000253 ) ) ;
#673 = CARTESIAN_POINT ( 'NONE',  ( 0.07075846674211140608, 0.1227669875637732860, 0.02816500000000000600 ) ) ;
#674 = CARTESIAN_POINT ( 'NONE',  ( 0.03677557794842601507, -0.1368431609907315993, 0.03275000000000213157 ) ) ;
#675 = SURFACE_STYLE_USAGE ( .BOTH. , #218 ) ;
#676 = CARTESIAN_POINT ( 'NONE',  ( 0.01839140678079705452, 0.1405000000000000693, -0.03275000000000000133 ) ) ;
#677 = CARTESIAN_POINT ( 'NONE',  ( -0.1307878838036520275, 0.07534932658340520728, -0.03275000000000000133 ) ) ;
#678 = CARTESIAN_POINT ( 'NONE',  ( 0.3125000000000000000, 5.740531871003217465E-17, -0.02816500000000000253 ) ) ;
#679 = CARTESIAN_POINT ( 'NONE',  ( 0.08634381430645156341, 0.1123531912069683641, -0.02816500000000000253 ) ) ;
#680 = CARTESIAN_POINT ( 'NONE',  ( 0.03677557794842829103, 0.1368431609907315161, 0.03275000000000105604 ) ) ;
#681 = CARTESIAN_POINT ( 'NONE',  ( 0.08634381415647555957, 0.1123531913569443819, 0.02816500000000000600 ) ) ;
#682 = CARTESIAN_POINT ( 'NONE',  ( 0.1123531912069668653, -0.08634381430645313160, 0.02816500000000000253 ) ) ;
#683 = CARTESIAN_POINT ( 'NONE',  ( -0.1405000000000000693, -0.01839140678079702329, -0.03275000000000000133 ) ) ;
#684 = CARTESIAN_POINT ( 'NONE',  ( -0.08179621396838185343, 0.3043664614148978154, 0.02816500000000000253 ) ) ;
#685 = CARTESIAN_POINT ( 'NONE',  ( 0.1573809312597997112, -0.2730582464046563684, -0.02816500000000000253 ) ) ;
#686 = CARTESIAN_POINT ( 'NONE',  ( 0.03920313206089599822, -0.1457662154582367586, 0.03275000000000000133 ) ) ;
#687 = CARTESIAN_POINT ( 'NONE',  ( -0.1227669876449401787, -0.07075846654616596565, -0.03275000000000105604 ) ) ;
#688 = EDGE_CURVE ( 'NONE', #141, #1313, #60, .T. ) ;
#689 = CARTESIAN_POINT ( 'NONE',  ( 0.1405000000000000693, -0.01839140678080805960, 0.02816500000000000253 ) ) ;
#690 = CARTESIAN_POINT ( 'NONE',  ( -0.1123531913569443680, 0.08634381415647557345, 0.02816500000000000600 ) ) ;
#691 = VERTEX_POINT ( 'NONE', #1173 ) ;
#692 = CARTESIAN_POINT ( 'NONE',  ( -0.04090615422876446583, -0.3125000000000000555, 0.02816500000000000253 ) ) ;
#693 = CARTESIAN_POINT ( 'NONE',  ( -0.01956334433312621746, 0.1496728121300104908, -0.03275000000000000133 ) ) ;
#694 = LINE ( 'NONE', #917, #123 ) ;
#695 = CARTESIAN_POINT ( 'NONE',  ( 0.08634381430645464428, -0.1123531912069695021, 0.03274999999998724765 ) ) ;
#696 = CARTESIAN_POINT ( 'NONE',  ( 0.1368431609907345137, -0.03677557794842591793, 0.02816500000000000253 ) ) ;
#697 = FACE_OUTER_BOUND ( 'NONE', #603, .T. ) ;
#698 = UNCERTAINTY_MEASURE_WITH_UNIT (LENGTH_MEASURE( 1.000000000000000082E-05 ), #130, 'distance_accuracy_value', 'NONE');
#699 = CARTESIAN_POINT ( 'NONE',  ( 0.1227669876449358211, -0.07075846654616636811, -0.03274999999999253508 ) ) ;
#700 = CARTESIAN_POINT ( 'NONE',  ( -0.3043664614148951508, 0.08179621396838826497, 0.02816500000000000253 ) ) ;
#701 = CARTESIAN_POINT ( 'NONE',  ( 0.1573809312598230814, 0.2730582464046343860, -0.03275000000002797895 ) ) ;
#702 = CARTESIAN_POINT ( 'NONE',  ( -0.03677557794843088618, 0.1368431609907324320, 0.02816500000000000253 ) ) ;
#703 = CARTESIAN_POINT ( 'NONE',  ( 0.1227669876449370284, -0.07075846654616474440, -0.02816500000000000253 ) ) ;
#704 = AXIS2_PLACEMENT_3D ( 'NONE', #455, #22, #1140 ) ;
#705 = CARTESIAN_POINT ( 'NONE',  ( 0.1920458500733673857, -0.2498958881682075972, 0.03275000000000000133 ) ) ;
#706 = CARTESIAN_POINT ( 'NONE',  ( -0.09197920773840689845, 0.1196861361419743475, 0.03275000000000000133 ) ) ;
#707 = CARTESIAN_POINT ( 'NONE',  ( 0.07075846654616119169, 0.1227669876449385272, -0.02816500000000000253 ) ) ;
#708 = CARTESIAN_POINT ( 'NONE',  ( 0.04090615422876545115, -0.3124999999999999445, 0.02816500000000000253 ) ) ;
#709 = CARTESIAN_POINT ( 'NONE',  ( 0.1920458500733759344, -0.2498958881682160904, -0.02816500000000000253 ) ) ;
#710 = CARTESIAN_POINT ( 'NONE',  ( 0.2878336187416771774, 0.09775133916022500646, -0.03274999999999999439 ) ) ;
#711 = CARTESIAN_POINT ( 'NONE',  ( -0.1368431609907339863, -0.03677557794842700734, -0.02816500000000000253 ) ) ;
#712 = B_SPLINE_CURVE_WITH_KNOTS ( 'NONE', 3,
 ( #755, #185, #1320, #178, #1295, #770, #979, #617, #961, #68, #160, #634, #642, #1088, #650, #1187, #76, #521, #405, #1082, #1435, #740, #1065, #842, #513, #191, #972, #1428, #1304, #48, #497, #863, #299, #871 ),
 .UNSPECIFIED., .F., .F.,
 ( 4, 2, 2, 2, 2, 2, 2, 2, 2, 2, 2, 2, 2, 2, 2, 2, 4 ),
 ( 0.000000000000000000, 0.03125000000000002776, 0.06250000000000004163, 0.09375000000000005551, 0.1250000000000000555, 0.1562500000000000555, 0.1875000000000000278, 0.2187500000000000000, 0.2500000000000000000, 0.2812499999999999445, 0.3124999999999999445, 0.3437499999999998890, 0.3749999999999999445, 0.4062499999999999445, 0.4375000000000000000, 0.4687500000000000000, 0.5000000000000000000 ),
 .UNSPECIFIED. ) ;
#713 = CARTESIAN_POINT ( 'NONE',  ( -0.3043664614148851033, 0.08179621396838410163, 0.03275000000000000133 ) ) ;
#714 = CARTESIAN_POINT ( 'NONE',  ( 0.01956334433301084794, -0.1496728121300183179, -0.03275000000000000133 ) ) ;
#715 = ADVANCED_FACE ( 'NONE', ( #935 ), #572, .T. ) ;
#716 = CARTESIAN_POINT ( 'NONE',  ( -0.2730582464046686919, 0.1573809312597977683, -0.03275000000000000133 ) ) ;
#717 = CARTESIAN_POINT ( 'NONE',  ( 0.1457744904304816014, 0.03917580606079194144, -0.03275000000000000133 ) ) ;
#718 = CARTESIAN_POINT ( 'NONE',  ( 0.2285157711359814270, 0.2004596186958291781, -0.03275000000000000133 ) ) ;
#719 = CARTESIAN_POINT ( 'NONE',  ( 0.01839140678079729738, -0.1405000000000000415, -0.02816500000000000253 ) ) ;
#720 = CARTESIAN_POINT ( 'NONE',  ( -0.1573809312598005716, -0.2730582464046558688, 0.02816500000000000253 ) ) ;
#721 = CARTESIAN_POINT ( 'NONE',  ( 0.1307796088314470973, 0.07537665258337407359, 0.03275000000000000133 ) ) ;
#722 = CARTESIAN_POINT ( 'NONE',  ( -0.03677557775247884686, 0.1368431610718984226, -0.02816500000000000600 ) ) ;
#723 = CARTESIAN_POINT ( 'NONE',  ( 0.3033299999999999885, 0.000000000000000000, -0.03275000000000000133 ) ) ;
#724 = ORIENTED_EDGE ( 'NONE', *, *, #910, .F. ) ;
#725 = CARTESIAN_POINT ( 'NONE',  ( -0.2498958881682111777, -0.1920458500733465412, -0.03274999999997627725 ) ) ;
#726 = CARTESIAN_POINT ( 'NONE',  ( 0.07939598586569675265, -0.2954351319711423507, -0.03275000000000000133 ) ) ;
#727 = CARTESIAN_POINT ( 'NONE',  ( -0.3033299999999999885, 3.414809992080329023E-17, -0.03275000000000000133 ) ) ;
#728 = CARTESIAN_POINT ( 'NONE',  ( 0.3013810739379204073, 0.03958439077169528808, -0.03275000000000000133 ) ) ;
#729 = CARTESIAN_POINT ( 'NONE',  ( 0.3125000000000000555, 0.04090615434361721120, -0.02816500000000000947 ) ) ;
#730 = CARTESIAN_POINT ( 'NONE',  ( -0.3125000000000000555, 0.04090615422876495155, 0.03274999999999992500 ) ) ;
#731 = CARTESIAN_POINT ( 'NONE',  ( -0.1496700000000000530, 0.01959175696001350109, 0.03275000000000000133 ) ) ;
#732 = CARTESIAN_POINT ( 'NONE',  ( 0.1227669875637732444, 0.07075846674211150322, -0.02816500000000000253 ) ) ;
#733 = ORIENTED_EDGE ( 'NONE', *, *, #441, .F. ) ;
#734 = CARTESIAN_POINT ( 'NONE',  ( 0.3125000000000000555, 0.000000000000000000, -0.03274999999999992500 ) ) ;
#735 = CARTESIAN_POINT ( 'NONE',  ( 0.3033299999999999885, -0.03970580403905377836, -0.03275000000000000133 ) ) ;
#736 = DIRECTION ( 'NONE',  ( 0.000000000000000000, 0.000000000000000000, 1.000000000000000000 ) ) ;
#737 =( BOUNDED_CURVE ( )  B_SPLINE_CURVE ( 2, ( #289, #1104, #1411 ),
 .UNSPECIFIED., .F., .F. ) 
 B_SPLINE_CURVE_WITH_KNOTS ( ( 3, 3 ),
 ( 0.000000000000000000, 1.000000000000000000 ),
 .UNSPECIFIED. ) 
 CURVE ( )  GEOMETRIC_REPRESENTATION_ITEM ( )  RATIONAL_B_SPLINE_CURVE ( ( 1.000000000000000000, 1.857142857142857428, 1.000000000000000000 ) ) 
 REPRESENTATION_ITEM ( '' )  );
#738 = CARTESIAN_POINT ( 'NONE',  ( 0.1496700000000000530, 0.01959175696002519312, 0.03275000000000000133 ) ) ;
#739 = EDGE_CURVE ( 'NONE', #408, #853, #1254, .T. ) ;
#740 = CARTESIAN_POINT ( 'NONE',  ( -0.1344084688756513601, -0.2726497384558775883, -0.03275000000000000133 ) ) ;
#741 = CARTESIAN_POINT ( 'NONE',  ( 0.07075846674211137832, -0.1227669875637733277, -0.02816500000000000253 ) ) ;
#742 = CARTESIAN_POINT ( 'NONE',  ( -0.07075846654615948472, 0.1227669876449392211, -0.02816500000000000253 ) ) ;
#743 = CARTESIAN_POINT ( 'NONE',  ( -0.2954351319711244206, 0.07939598586570259520, 0.03275000000000000133 ) ) ;
#744 = CARTESIAN_POINT ( 'NONE',  ( -0.1573809312598005716, -0.2730582464046558688, -0.02816500000000000253 ) ) ;
#745 = CARTESIAN_POINT ( 'NONE',  ( -0.1573809312598065391, -0.2730582464046495961, -0.03275000000003013695 ) ) ;
#746 = CARTESIAN_POINT ( 'NONE',  ( -0.1123531913569443264, -0.08634381415647560121, 0.02816500000000000253 ) ) ;
#747 = CARTESIAN_POINT ( 'NONE',  ( 0.07537665258337446217, 0.1307796088314444605, -0.03275000000000000133 ) ) ;
#748 = CARTESIAN_POINT ( 'NONE',  ( 0.1573809313659060294, -0.2730582463607056365, 0.02816500000000000600 ) ) ;
#749 = B_SPLINE_CURVE_WITH_KNOTS ( 'NONE', 3,
 ( #157, #955, #1412, #601, #850, #1305, #748, #1322, #873, #506, #1436, #1444, #529, #992, #514, #416, #315, #771 ),
 .UNSPECIFIED., .F., .F.,
 ( 4, 2, 2, 2, 2, 2, 2, 2, 4 ),
 ( 0.000000000000000000, 0.06249999999999998612, 0.1250000000000000000, 0.1875000000000000000, 0.2500000000000000555, 0.3125000000000000555, 0.3750000000000000000, 0.4375000000000000000, 0.5000000000000000000 ),
 .UNSPECIFIED. ) ;
#750 = CARTESIAN_POINT ( 'NONE',  ( 0.3125000000000000000, 1.913510623667739463E-17, 0.02816500000000000253 ) ) ;
#751 = ORIENTED_EDGE ( 'NONE', *, *, #990, .T. ) ;
#752 = CARTESIAN_POINT ( 'NONE',  ( 0.2498958881682199484, 0.1920458500733722429, -0.02816500000000000253 ) ) ;
#753 = CARTESIAN_POINT ( 'NONE',  ( 0.1864104566488270776, 0.2425629432258210316, -0.03275000000000000133 ) ) ;
#754 = DIRECTION ( 'NONE',  ( 1.000000000000000000, 0.000000000000000000, -0.000000000000000000 ) ) ;
#755 = CARTESIAN_POINT ( 'NONE',  ( 0.3033299999999999885, 0.000000000000000000, -0.03275000000000000133 ) ) ;
#756 = CARTESIAN_POINT ( 'NONE',  ( -0.03677557794842709754, -0.1368431609907340141, 0.02816500000000000253 ) ) ;
#757 = CARTESIAN_POINT ( 'NONE',  ( -0.2954351319711420176, -0.07939598586570177641, 0.03275000000000000133 ) ) ;
#758 = AXIS2_PLACEMENT_3D ( 'NONE', #1268, #1131, #1248 ) ;
#759 = CARTESIAN_POINT ( 'NONE',  ( 0.04090615422876493074, 0.3125000000000000000, -0.02816500000000000253 ) ) ;
#760 = CARTESIAN_POINT ( 'NONE',  ( 0.09775133916023900915, 0.2878336187416944414, 0.03274999999999999439 ) ) ;
#761 = CARTESIAN_POINT ( 'NONE',  ( -0.07537665258337682139, -0.1307796088314486238, 0.03275000000000000133 ) ) ;
#762 = CARTESIAN_POINT ( 'NONE',  ( 0.1496700000000000530, 0.000000000000000000, -0.03275000000000000133 ) ) ;
#763 = CARTESIAN_POINT ( 'NONE',  ( 0.07075846654616467502, -0.1227669876449370978, 0.02816500000000000253 ) ) ;
#764 = CARTESIAN_POINT ( 'NONE',  ( -0.2650456252221555786, -0.1527627452129027563, 0.03275000000000000133 ) ) ;
#765 = ORIENTED_EDGE ( 'NONE', *, *, #456, .T. ) ;
#766 = CARTESIAN_POINT ( 'NONE',  ( 0.2498958881682235011, -0.1920458500733857876, -0.03275000000000000133 ) ) ;
#767 = CARTESIAN_POINT ( 'NONE',  ( -0.1519092116475368737, 0.2632851926889651639, 0.03275000000000000133 ) ) ;
#768 = EDGE_CURVE ( 'NONE', #70, #408, #737, .T. ) ;
#769 = CARTESIAN_POINT ( 'NONE',  ( 0.1496700000000000530, -0.01959175696002522088, 0.03275000000000000133 ) ) ;
#770 = CARTESIAN_POINT ( 'NONE',  ( 0.2726497384559446457, -0.1344084688755363965, -0.03275000000000000133 ) ) ;
#771 = CARTESIAN_POINT ( 'NONE',  ( -0.3125000000000000000, -2.119616251295314107E-17, 0.02816500000000000253 ) ) ;
#772 = CARTESIAN_POINT ( 'NONE',  ( -0.1527627452129118879, 0.2650456252221553566, 0.03275000000000000133 ) ) ;
#773 = ORIENTED_EDGE ( 'NONE', *, *, #551, .F. ) ;
#774 = CARTESIAN_POINT ( 'NONE',  ( -0.2954351319711244206, 0.07939598586570259520, -0.03275000000000000133 ) ) ;
#775 = CARTESIAN_POINT ( 'NONE',  ( -0.07939598586569367178, 0.2954351319711417956, 0.03275000000000000133 ) ) ;
#776 = CARTESIAN_POINT ( 'NONE',  ( 0.01959175696001374742, -0.1496700000000000530, -0.03275000000000000133 ) ) ;
#777 = CARTESIAN_POINT ( 'NONE',  ( 0.03677557794842897104, 0.1368431609907332092, 0.02816500000000000253 ) ) ;
#778 = ORIENTED_EDGE ( 'NONE', *, *, #397, .F. ) ;
#779 = CARTESIAN_POINT ( 'NONE',  ( 0.2954351319711483459, 0.07939598586570373318, -0.03275000000000000133 ) ) ;
#780 = AXIS2_PLACEMENT_3D ( 'NONE', #1237, #563, #210 ) ;
#781 = CARTESIAN_POINT ( 'NONE',  ( -0.07875525360108170947, 0.2935895043678682370, 0.03275000000000000133 ) ) ;
#782 = CARTESIAN_POINT ( 'NONE',  ( 0.1123531912069662131, 0.08634381430644941235, -0.03275000000000000133 ) ) ;
#783 = CARTESIAN_POINT ( 'NONE',  ( 0.1227669876449358211, -0.07075846654616636811, 0.03274999999999253508 ) ) ;
#784 = CARTESIAN_POINT ( 'NONE',  ( 0.3125000000000000000, 0.04090615422874194218, -0.02816500000000000253 ) ) ;
#785 = CARTESIAN_POINT ( 'NONE',  ( -0.3033299999999999885, 0.03970580403907607303, -0.03275000000000000133 ) ) ;
#786 = CARTESIAN_POINT ( 'NONE',  ( -0.2935867788170529180, 0.07875471145552478958, 0.03275000000000000133 ) ) ;
#787 = CARTESIAN_POINT ( 'NONE',  ( 0.2726471384516180874, -0.1344073919183488841, 0.03275000000000000133 ) ) ;
#788 = CARTESIAN_POINT ( 'NONE',  ( -0.1457662154582765046, 0.03920313206076123796, -0.03275000000000000133 ) ) ;
#789 = CARTESIAN_POINT ( 'NONE',  ( -0.3033314071122156230, 0.01983869564463193458, -0.03275000000000000133 ) ) ;
#790 = CARTESIAN_POINT ( 'NONE',  ( -0.1123531912069692107, -0.08634381430644648414, -0.03275000000000000133 ) ) ;
#791 = CARTESIAN_POINT ( 'NONE',  ( 0.07075846654616187170, 0.1227669876449401232, 0.03274999999999893968 ) ) ;
#792 = ORIENTED_EDGE ( 'NONE', *, *, #839, .T. ) ;
#793 = CARTESIAN_POINT ( 'NONE',  ( -0.2632875032991928155, 0.1519107555481054306, 0.03275000000000000133 ) ) ;
#794 = LINE ( 'NONE', #1346, #841 ) ;
#795 = CARTESIAN_POINT ( 'NONE',  ( 0.1405000000000000693, 0.01839140678080803878, -0.03275000000000000133 ) ) ;
#796 = CARTESIAN_POINT ( 'NONE',  ( -0.1368431609907356794, 0.03677557794842854083, 0.03275000000000103523 ) ) ;
#797 = CARTESIAN_POINT ( 'NONE',  ( -0.03920313206083510249, -0.1457662154582462788, -0.03275000000000000133 ) ) ;
#798 = VECTOR ( 'NONE', #1154, 39.37007874015748143 ) ;
#799 = CARTESIAN_POINT ( 'NONE',  ( -0.2498958881682198097, -0.1920458500733724094, -0.02816500000000000253 ) ) ;
#800 = CARTESIAN_POINT ( 'NONE',  ( -0.03677557794843049760, 0.1368431609907315438, -0.03275000000000003603 ) ) ;
#801 = CARTESIAN_POINT ( 'NONE',  ( 0.03677557794842829103, 0.1368431609907315161, 0.03275000000000105604 ) ) ;
#802 = CARTESIAN_POINT ( 'NONE',  ( 0.08179621396836815606, 0.3043664614149034220, 0.02816500000000000253 ) ) ;
#803 = CARTESIAN_POINT ( 'NONE',  ( 0.2730582464046583668, -0.1573809312597944932, -0.02816500000000000253 ) ) ;
#804 = CARTESIAN_POINT ( 'NONE',  ( -0.03677557794842214317, -0.1368431609907272140, 0.03274999999999890499 ) ) ;
#805 = CARTESIAN_POINT ( 'NONE',  ( 0.1368431609907329871, 0.03677557794842900574, 0.03275000000000000133 ) ) ;
#806 = VERTEX_POINT ( 'NONE', #59 ) ;
#807 = CARTESIAN_POINT ( 'NONE',  ( -0.2498958881682114830, 0.1920458500733806806, 0.02816500000000000253 ) ) ;
#808 = CARTESIAN_POINT ( 'NONE',  ( 0.1920458500733980278, 0.2498958881682284416, -0.03275000000002587647 ) ) ;
#809 = CARTESIAN_POINT ( 'NONE',  ( -0.09197920773840674580, -0.1196861361419744724, 0.03275000000000000133 ) ) ;
#810 = CARTESIAN_POINT ( 'NONE',  ( -0.1920458500733638330, 0.2498958881682283029, 0.03274999999997412620 ) ) ;
#811 = CARTESIAN_POINT ( 'NONE',  ( 0.03917580606079145572, 0.1457744904304842659, 0.03275000000000000133 ) ) ;
#812 = ORIENTED_EDGE ( 'NONE', *, *, #1408, .T. ) ;
#813 = CARTESIAN_POINT ( 'NONE',  ( -0.2730582463607056920, 0.1573809313659059184, -0.02816500000000000253 ) ) ;
#814 = CARTESIAN_POINT ( 'NONE',  ( 0.1405000000000000693, 0.000000000000000000, -0.02816500000000000253 ) ) ;
#815 = FACE_OUTER_BOUND ( 'NONE', #99, .T. ) ;
#816 = CARTESIAN_POINT ( 'NONE',  ( 0.01983869564449362508, 0.3033314071122155675, -0.03275000000000000133 ) ) ;
#817 = CARTESIAN_POINT ( 'NONE',  ( -0.1123531912069713479, -0.08634381430644863520, -0.02816500000000000253 ) ) ;
#818 = CARTESIAN_POINT ( 'NONE',  ( -0.01959175696001347333, 0.1496700000000000530, 0.03275000000000000133 ) ) ;
#819 = CARTESIAN_POINT ( 'NONE',  ( -0.3043664614148948733, -0.08179621396838863967, 0.02816500000000000253 ) ) ;
#820 = CARTESIAN_POINT ( 'NONE',  ( -0.07537665258337243601, 0.1307796088314486516, 0.03275000000000000133 ) ) ;
#821 = EDGE_CURVE ( 'NONE', #454, #806, #570, .T. ) ;
#822 = CARTESIAN_POINT ( 'NONE',  ( 0.3043664614588486028, 0.08179621386227532709, 0.02816500000000000947 ) ) ;
#823 = CARTESIAN_POINT ( 'NONE',  ( -0.04090615422876489604, 0.3125000000000000000, 0.02816500000000000253 ) ) ;
#824 = CARTESIAN_POINT ( 'NONE',  ( -0.2730582464046596991, -0.1573809312597916343, -0.02816500000000000253 ) ) ;
#825 = FACE_BOUND ( 'NONE', #659, .T. ) ;
#826 = CARTESIAN_POINT ( 'NONE',  ( -0.1851106622174241156, 0.2411006926702352615, -0.03275000000000000133 ) ) ;
#827 = CARTESIAN_POINT ( 'NONE',  ( -0.1457744904304841549, 0.03917580606078958916, 0.03275000000000000133 ) ) ;
#828 = CARTESIAN_POINT ( 'NONE',  ( 0.1196861361419717801, 0.09197920773840520536, 0.03275000000000000133 ) ) ;
#829 = CARTESIAN_POINT ( 'NONE',  ( -0.1920458500733638330, 0.2498958881682110944, -0.03274999999997412620 ) ) ;
#830 = CARTESIAN_POINT ( 'NONE',  ( -0.1864104566488272718, 0.2425629432258036566, -0.03275000000000000133 ) ) ;
#831 = CARTESIAN_POINT ( 'NONE',  ( 0.3033299999999999885, 0.000000000000000000, -0.03275000000000000133 ) ) ;
#832 = CARTESIAN_POINT ( 'NONE',  ( 0.2411006926703159192, 0.1851106622171779792, -0.03275000000000000827 ) ) ;
#833 = CARTESIAN_POINT ( 'NONE',  ( 0.04090615422876544421, -0.3125000000000000555, 0.03274999999999992500 ) ) ;
#834 = LENGTH_MEASURE_WITH_UNIT ( LENGTH_MEASURE( 0.02539999999999999897 ), #1059 );
#835 = CARTESIAN_POINT ( 'NONE',  ( -0.1573809313659059461, 0.2730582463607056365, 0.02816499999999999559 ) ) ;
#836 = CARTESIAN_POINT ( 'NONE',  ( -0.1920458500733807361, -0.2498958881682458721, -0.03275000000002363520 ) ) ;
#837 = CARTESIAN_POINT ( 'NONE',  ( -0.2730582464046517610, -0.1573809312597883869, -0.03275000000000000133 ) ) ;
#838 = CARTESIAN_POINT ( 'NONE',  ( 0.08634381430645156341, 0.1123531912069683641, 0.02816500000000000253 ) ) ;
#839 = EDGE_CURVE ( 'NONE', #454, #54, #880, .T. ) ;
#840 = CARTESIAN_POINT ( 'NONE',  ( -0.1307796088314445160, -0.07537665258337643281, 0.03275000000000000133 ) ) ;
#841 = VECTOR ( 'NONE', #323, 39.37007874015748143 ) ;
#842 = CARTESIAN_POINT ( 'NONE',  ( -0.1851122061177460365, -0.2411030032806578405, -0.03275000000000000133 ) ) ;
#843 = CARTESIAN_POINT ( 'NONE',  ( 0.1227669875637733415, -0.07075846674211128118, -0.02816500000000000253 ) ) ;
#844 = CARTESIAN_POINT ( 'NONE',  ( 0.01839140678079705798, 0.1405000000000000693, -0.02816500000000000253 ) ) ;
#845 = FACE_OUTER_BOUND ( 'NONE', #493, .T. ) ;
#846 = CARTESIAN_POINT ( 'NONE',  ( 0.1573809312597997112, -0.2730582464046563684, -0.02816500000000000253 ) ) ;
#847 = CARTESIAN_POINT ( 'NONE',  ( -0.1527627452129171337, -0.2650456252221549125, -0.03275000000000000133 ) ) ;
#848 = DIRECTION ( 'NONE',  ( -1.000000000000000000, 0.000000000000000000, 0.000000000000000000 ) ) ;
#849 = CARTESIAN_POINT ( 'NONE',  ( 0.1573809312597997112, -0.2730582464046563684, 0.02816500000000000253 ) ) ;
#850 = CARTESIAN_POINT ( 'NONE',  ( 0.2498958882494312639, -0.1920458499921608164, 0.02816499999999999213 ) ) ;
#851 = CARTESIAN_POINT ( 'NONE',  ( 0.1368431609907331814, 0.03677557794842906125, -0.02816500000000000253 ) ) ;
#852 = CARTESIAN_POINT ( 'NONE',  ( 0.2498958881681941080, 0.1920458500733808194, 0.03274999999997420946 ) ) ;
#853 = VERTEX_POINT ( 'NONE', #1080 ) ;
#854 = CARTESIAN_POINT ( 'NONE',  ( 0.2285137811786439599, 0.2004576287387595801, 0.03275000000000001521 ) ) ;
#855 = CARTESIAN_POINT ( 'NONE',  ( -0.1196861361419745140, 0.09197920773840673192, -0.03275000000000000133 ) ) ;
#856 = CARTESIAN_POINT ( 'NONE',  ( -0.07537665258337243601, 0.1307796088314486516, -0.03275000000000000133 ) ) ;
#857 = CARTESIAN_POINT ( 'NONE',  ( -0.07939598586569367178, 0.2954351319711417956, 0.03275000000000000133 ) ) ;
#858 = ORIENTED_EDGE ( 'NONE', *, *, #924, .F. ) ;
#859 = CARTESIAN_POINT ( 'NONE',  ( 0.08179621396836815606, 0.3043664614149034220, -0.02816500000000000253 ) ) ;
#860 = CARTESIAN_POINT ( 'NONE',  ( -0.2954351319711420176, -0.07939598586570177641, -0.03275000000000000133 ) ) ;
#861 = CARTESIAN_POINT ( 'NONE',  ( -0.03917580606079368311, 0.1457744904304799916, -0.03275000000000000133 ) ) ;
#862 = CARTESIAN_POINT ( 'NONE',  ( 0.1227669875637732583, -0.07075846674211146159, 0.02816500000000000947 ) ) ;
#863 = CARTESIAN_POINT ( 'NONE',  ( -0.3013796648104546949, -0.03959147235774543305, -0.03274999999999999439 ) ) ;
#864 = CARTESIAN_POINT ( 'NONE',  ( -0.2726497384558844161, -0.1344084688756432000, 0.03275000000000000133 ) ) ;
#865 = AXIS2_PLACEMENT_3D ( 'NONE', #519, #177, #754 ) ;
#866 = CARTESIAN_POINT ( 'NONE',  ( 0.03970580403907657263, -0.3033299999999999885, 0.03275000000000000133 ) ) ;
#867 = ORIENTED_EDGE ( 'NONE', *, *, #571, .T. ) ;
#868 = CARTESIAN_POINT ( 'NONE',  ( 0.1496700000000000530, 0.01960600141127643442, 0.03275000000000000827 ) ) ;
#869 = CARTESIAN_POINT ( 'NONE',  ( 0.3125000000000000555, 0.04090615422874194218, 0.03274999999999992500 ) ) ;
#870 = CARTESIAN_POINT ( 'NONE',  ( 0.1457610193195329473, 0.03920097974970313676, -0.03275000000000000827 ) ) ;
#871 = CARTESIAN_POINT ( 'NONE',  ( -0.3033299999999999885, 3.414809992080329023E-17, -0.03275000000000000133 ) ) ;
#872 =( BOUNDED_SURFACE ( )  B_SPLINE_SURFACE ( 2, 3, ( 
 ( #302, #1199, #407, #173, #386, #628, #1083, #1298, #276, #1405, #857, #772, #636, #1312, #1414, #743, #164, #291, #757, #764, #1306, #621, #980, #62, #515, #866, #1090, #1323, #643, #394, #507, #1069, #282, #53 ),
 ( #522, #974, #194, #69, #852, #500, #1430, #1190, #956, #1437, #1077, #309, #1212, #963, #412, #1422, #400, #1207, #186, #79, #874, #1331, #653, #1099, #85, #530, #921, #1153, #7, #1359, #1276, #1161, #345, #132 ),
 ( #231, #559, #114, #235, #341, #1477, #451, #802, #566, #823, #684, #579, #915, #807, #1470, #700, #1380, #119, #584, #1012, #356, #1366, #1036, #911, #692, #708, #465, #446, #1133, #927, #1030, #573, #334, #904 ) ),
 .UNSPECIFIED., .F., .T., .T. ) 
 B_SPLINE_SURFACE_WITH_KNOTS ( ( 3, 3 ),
 ( 4, 2, 2, 2, 2, 2, 2, 2, 2, 2, 2, 2, 2, 2, 2, 2, 4 ),
 ( 0.000000000000000000, 1.000000000000000000 ),
 ( 0.000000000000000000, 0.3926990816987241395, 0.7853981633974482790, 1.178097245096172418, 1.570796326794896558, 1.963495408493620697, 2.356194490192344837, 2.748893571891068976, 3.141592653589793116, 3.534291735288517255, 3.926990816987241395, 4.319689898685965090, 4.712388980384689674, 5.105088062083414258, 5.497787143782137953, 5.890486225480861648, 6.283185307179586232 ),
 .UNSPECIFIED. ) 
 GEOMETRIC_REPRESENTATION_ITEM ( )  RATIONAL_B_SPLINE_SURFACE ( (
 ( 1.000000000000000000, 1.000000000000000000, 1.000000000000000000, 1.000000000000000000, 1.000000000000000000, 1.000000000000000000, 1.000000000000000000, 1.000000000000000000, 1.000000000000000000, 1.000000000000000000, 1.000000000000000000, 1.000000000000000000, 1.000000000000000000, 1.000000000000000000, 1.000000000000000000, 1.000000000000000000, 1.000000000000000000, 1.000000000000000000, 1.000000000000000000, 1.000000000000000000, 1.000000000000000000, 1.000000000000000000, 1.000000000000000000, 1.000000000000000000, 1.000000000000000000, 1.000000000000000000, 1.000000000000000000, 1.000000000000000000, 1.000000000000000000, 1.000000000000000000, 1.000000000000000000, 1.000000000000000000, 1.000000000000000000, 1.000000000000000000),
 ( 1.857142857142857428, 1.857142857142857428, 1.857142857142857428, 1.857142857142857428, 1.857142857142857428, 1.857142857142857428, 1.857142857142857428, 1.857142857142857428, 1.857142857142857428, 1.857142857142857428, 1.857142857142858317, 1.857142857142858317, 1.857142857142856318, 1.857142857142856318, 1.857142857142857428, 1.857142857142857428, 1.857142857142857428, 1.857142857142857428, 1.857142857142857428, 1.857142857142857428, 1.857142857142858317, 1.857142857142858317, 1.857142857142857428, 1.857142857142857428, 1.857142857142857428, 1.857142857142857428, 1.857142857142857428, 1.857142857142857428, 1.857142857142857428, 1.857142857142857428, 1.857142857142857428, 1.857142857142857428, 1.857142857142857428, 1.857142857142857428),
 ( 1.000000000000000000, 1.000000000000000000, 1.000000000000000000, 1.000000000000000000, 1.000000000000000000, 1.000000000000000000, 1.000000000000000000, 1.000000000000000000, 1.000000000000000000, 1.000000000000000000, 1.000000000000000000, 1.000000000000000000, 1.000000000000000000, 1.000000000000000000, 1.000000000000000000, 1.000000000000000000, 1.000000000000000000, 1.000000000000000000, 1.000000000000000000, 1.000000000000000000, 1.000000000000000000, 1.000000000000000000, 1.000000000000000000, 1.000000000000000000, 1.000000000000000000, 1.000000000000000000, 1.000000000000000000, 1.000000000000000000, 1.000000000000000000, 1.000000000000000000, 1.000000000000000000, 1.000000000000000000, 1.000000000000000000, 1.000000000000000000) ) ) 
 REPRESENTATION_ITEM ( '' )  SURFACE ( )  );
#873 = CARTESIAN_POINT ( 'NONE',  ( 0.04090615434361714181, -0.3125000000000000555, 0.02816500000000000253 ) ) ;
#874 = CARTESIAN_POINT ( 'NONE',  ( -0.2498958881682283861, -0.1920458500733465412, 0.03274999999997627725 ) ) ;
#875 = CARTESIAN_POINT ( 'NONE',  ( 0.07939598586569675265, -0.2954351319711423507, -0.03275000000000000133 ) ) ;
#876 = CARTESIAN_POINT ( 'NONE',  ( 0.3033299999999999885, 0.03970580403905373673, 0.03275000000000000133 ) ) ;
#877 = CARTESIAN_POINT ( 'NONE',  ( -0.09197920773840689845, 0.1196861361419743475, -0.03275000000000000133 ) ) ;
#878 = CARTESIAN_POINT ( 'NONE',  ( -0.09197920773840674580, -0.1196861361419744724, -0.03275000000000000133 ) ) ;
#879 = CARTESIAN_POINT ( 'NONE',  ( -0.09775133916022442360, -0.2878336187416891123, 0.03275000000000000133 ) ) ;
#880 =( BOUNDED_CURVE ( )  B_SPLINE_CURVE ( 2, ( #1074, #640, #504 ),
 .UNSPECIFIED., .F., .F. ) 
 B_SPLINE_CURVE_WITH_KNOTS ( ( 3, 3 ),
 ( 0.000000000000000000, 1.000000000000000000 ),
 .UNSPECIFIED. ) 
 CURVE ( )  GEOMETRIC_REPRESENTATION_ITEM ( )  RATIONAL_B_SPLINE_CURVE ( ( 1.000000000000000000, 1.857142857142857428, 1.000000000000000000 ) ) 
 REPRESENTATION_ITEM ( '' )  );
#881 = CARTESIAN_POINT ( 'NONE',  ( 0.3043664614148953729, 0.08179621396838759884, -0.02816500000000000253 ) ) ;
#882 = ORIENTED_EDGE ( 'NONE', *, *, #503, .F. ) ;
#883 = CARTESIAN_POINT ( 'NONE',  ( -0.03970580403907602446, 0.3033299999999999885, 0.03275000000000000133 ) ) ;
#884 = CARTESIAN_POINT ( 'NONE',  ( -0.08634381430645061972, -0.1123531912069735406, -0.03275000000000000133 ) ) ;
#885 = CARTESIAN_POINT ( 'NONE',  ( -0.08634381430644848254, -0.1123531912069714450, 0.02816500000000000253 ) ) ;
#886 = FACE_OUTER_BOUND ( 'NONE', #523, .T. ) ;
#887 = ORIENTED_EDGE ( 'NONE', *, *, #378, .T. ) ;
#888 = CARTESIAN_POINT ( 'NONE',  ( 0.2425629432258038509, 0.1864104566488098136, -0.03275000000000000133 ) ) ;
#889 = CARTESIAN_POINT ( 'NONE',  ( -0.3033299999999999885, 0.03970580403907607303, 0.03275000000000000133 ) ) ;
#890 = CARTESIAN_POINT ( 'NONE',  ( 0.1368431609907329871, 0.03677557794842900574, -0.03275000000000000133 ) ) ;
#891 = CARTESIAN_POINT ( 'NONE',  ( -0.1496700000000000530, 1.707404996040164512E-17, -0.03275000000000000133 ) ) ;
#892 = CARTESIAN_POINT ( 'NONE',  ( 0.08634381430645464428, -0.1123531912069652416, -0.03274999999998724765 ) ) ;
#893 = CARTESIAN_POINT ( 'NONE',  ( -0.07075846654616847753, -0.1227669876449442865, 0.03275000000000103523 ) ) ;
#894 = CARTESIAN_POINT ( 'NONE',  ( 0.1573809312598127008, 0.2730582464046509283, -0.02816500000000000253 ) ) ;
#895 = CARTESIAN_POINT ( 'NONE',  ( 0.1405000000000000693, 0.000000000000000000, 0.03275000000000000133 ) ) ;
#896 = FILL_AREA_STYLE ('',( #434 ) ) ;
#897 = CARTESIAN_POINT ( 'NONE',  ( -0.07534932658332360589, 0.1307878838036848346, 0.03275000000000000133 ) ) ;
#898 = CARTESIAN_POINT ( 'NONE',  ( 0.3033299999999999885, -0.03970580403905377836, 0.03275000000000000133 ) ) ;
#899 = CARTESIAN_POINT ( 'NONE',  ( 0.2004576287386614641, -0.2285137811787738560, 0.03275000000000000133 ) ) ;
#900 = CARTESIAN_POINT ( 'NONE',  ( 0.1123531912069683919, 0.08634381430645153566, -0.02816500000000000253 ) ) ;
#901 = CARTESIAN_POINT ( 'NONE',  ( -0.08634381430644649802, 0.1123531912069691691, 0.03274999999999999439 ) ) ;
#902 = CARTESIAN_POINT ( 'NONE',  ( 0.1123531913569443125, 0.08634381415647560121, 0.02816500000000000600 ) ) ;
#903 = CARTESIAN_POINT ( 'NONE',  ( -0.1405000000000000693, 0.01839140678079705798, -0.03275000000000000133 ) ) ;
#904 = CARTESIAN_POINT ( 'NONE',  ( 0.3125000000000000000, 0.000000000000000000, 0.02816500000000000253 ) ) ;
#905 = CARTESIAN_POINT ( 'NONE',  ( 0.07534932658326959354, -0.1307878838036921343, 0.03275000000000000133 ) ) ;
#906 = CARTESIAN_POINT ( 'NONE',  ( 0.08179621386227498014, -0.3043664614588486028, -0.02816500000000000253 ) ) ;
#907 = CARTESIAN_POINT ( 'NONE',  ( 0.1227669876449386660, 0.07075846654616126108, -0.03275000000000000133 ) ) ;
#908 = CARTESIAN_POINT ( 'NONE',  ( 0.01839140678079705452, 0.1405000000000000693, 0.03275000000000000133 ) ) ;
#909 = CARTESIAN_POINT ( 'NONE',  ( 0.1405000000000000693, 8.603143764010160342E-18, 0.02816500000000000253 ) ) ;
#910 = EDGE_CURVE ( 'NONE', #508, #516, #1156, .T. ) ;
#911 = CARTESIAN_POINT ( 'NONE',  ( -0.08179621396838133995, -0.3043664614148980374, 0.02816500000000000253 ) ) ;
#912 = CARTESIAN_POINT ( 'NONE',  ( -0.01839140678079684982, -0.1405000000000000970, -0.02816500000000000253 ) ) ;
#913 = ORIENTED_EDGE ( 'NONE', *, *, #1098, .F. ) ;
#914 = CARTESIAN_POINT ( 'NONE',  ( -0.07075846654616847753, -0.1227669876449442865, -0.03275000000000103523 ) ) ;
#915 = CARTESIAN_POINT ( 'NONE',  ( -0.1920458500733810692, 0.2498958881682112054, 0.02816500000000000253 ) ) ;
#916 = CARTESIAN_POINT ( 'NONE',  ( 0.2730582463607056920, -0.1573809313659059461, -0.02816500000000000253 ) ) ;
#917 = CARTESIAN_POINT ( 'NONE',  ( 0.1405000000000000693, 1.720628752802032068E-17, 0.03275000000000000133 ) ) ;
#918 = CARTESIAN_POINT ( 'NONE',  ( -0.2730582464046587554, 0.1573809312597936605, 0.02816500000000000253 ) ) ;
#919 = CARTESIAN_POINT ( 'NONE',  ( 0.1496700000000000530, 0.000000000000000000, 0.03275000000000000133 ) ) ;
#920 = CARTESIAN_POINT ( 'NONE',  ( -0.08634381430645061972, -0.1123531912069735406, -0.03275000000000000133 ) ) ;
#921 = CARTESIAN_POINT ( 'NONE',  ( 0.08179621396838304692, -0.3043664614149046432, 0.03275000000000000133 ) ) ;
#922 = CARTESIAN_POINT ( 'NONE',  ( -0.04090615422876490298, 0.3125000000000000555, -0.03274999999999992500 ) ) ;
#923 = CARTESIAN_POINT ( 'NONE',  ( -0.03959147235813510746, 0.3013796648104548059, -0.03275000000000000133 ) ) ;
#924 = EDGE_CURVE ( 'NONE', #806, #691, #1373, .T. ) ;
#925 = CARTESIAN_POINT ( 'NONE',  ( 0.04090615422876493074, 0.3125000000000000000, 0.02816500000000000253 ) ) ;
#926 = CARTESIAN_POINT ( 'NONE',  ( -0.04090615434361719038, 0.3125000000000000555, -0.02816500000000000600 ) ) ;
#927 = CARTESIAN_POINT ( 'NONE',  ( 0.2498958881682150079, -0.1920458500733773499, 0.02816500000000000253 ) ) ;
#928 = CARTESIAN_POINT ( 'NONE',  ( -0.3125000000000000555, 0.04090615422876495155, -0.03274999999999992500 ) ) ;
#929 = CARTESIAN_POINT ( 'NONE',  ( 0.1405000000000000693, 0.000000000000000000, 0.02816500000000000253 ) ) ;
#930 = CARTESIAN_POINT ( 'NONE',  ( 0.1405000000000000693, 0.000000000000000000, -0.02816500000000000253 ) ) ;
#931 = AXIS2_PLACEMENT_3D ( 'NONE', #648, #984, #848 ) ;
#932 = CARTESIAN_POINT ( 'NONE',  ( 0.1573809312598127008, 0.2730582464046509283, -0.02816500000000000253 ) ) ;
#933 = CARTESIAN_POINT ( 'NONE',  ( -0.04090615422876446583, -0.3125000000000000555, -0.03274999999999992500 ) ) ;
#934 = LINE ( 'NONE', #480, #798 ) ;
#935 = FACE_OUTER_BOUND ( 'NONE', #200, .T. ) ;
#936 = CARTESIAN_POINT ( 'NONE',  ( -0.08179621396838379632, 0.3043664614149025338, 0.03275000000000001521 ) ) ;
#937 = CARTESIAN_POINT ( 'NONE',  ( 0.1307796088314443494, -0.07537665258337683527, 0.03275000000000000133 ) ) ;
#938 = ORIENTED_EDGE ( 'NONE', *, *, #821, .F. ) ;
#939 = EDGE_CURVE ( 'NONE', #516, #666, #38, .T. ) ;
#940 = CARTESIAN_POINT ( 'NONE',  ( -0.1920458500733721041, -0.2498958881682200595, -0.02816500000000000253 ) ) ;
#941 = CARTESIAN_POINT ( 'NONE',  ( -0.2650456252221724540, 0.1527627452129035890, -0.03275000000000000133 ) ) ;
#942 = CARTESIAN_POINT ( 'NONE',  ( 0.2726471384516199747, 0.1344073919183803312, -0.03274999999999999439 ) ) ;
#943 = CARTESIAN_POINT ( 'NONE',  ( -0.3043664614149027559, -0.08179621396839187319, 0.03275000000000000133 ) ) ;
#944 = CARTESIAN_POINT ( 'NONE',  ( -0.1307796088314445160, -0.07537665258337643281, 0.03275000000000000133 ) ) ;
#945 = CARTESIAN_POINT ( 'NONE',  ( 0.07075846654616382847, -0.1227669876449401787, -0.03274999999999787803 ) ) ;
#946 = CARTESIAN_POINT ( 'NONE',  ( -0.2498958882494315692, 0.1920458499921606221, 0.02816500000000000253 ) ) ;
#947 = ORIENTED_EDGE ( 'NONE', *, *, #1456, .T. ) ;
#948 = CARTESIAN_POINT ( 'NONE',  ( 0.3125000000000000000, 0.000000000000000000, -0.02816500000000000253 ) ) ;
#949 = CARTESIAN_POINT ( 'NONE',  ( 0.3125000000000000555, 0.000000000000000000, -0.03274999999999992500 ) ) ;
#950 =( BOUNDED_SURFACE ( )  B_SPLINE_SURFACE ( 2, 3, ( 
 ( #93, #876, #647, #1451, #188, #1339, #1094, #72, #207, #883, #775, #1333, #655, #410, #426, #1086, #889, #330, #1101, #989, #668, #87, #1446, #318, #419, #983, #1344, #1117, #101, #1003, #1354, #1463, #898, #183 ),
 ( #977, #869, #1325, #304, #1209, #581, #1390, #577, #1376, #1165, #936, #477, #810, #246, #490, #713, #730, #1384, #943, #39, #462, #156, #1028, #1124, #138, #833, #17, #146, #705, #122, #1398, #383, #468, #27 ),
 ( #1287, #367, #599, #1240, #350, #1267, #10, #1048, #925, #265, #1150, #360, #374, #32, #918, #237, #609, #1280, #819, #128, #1275, #254, #720, #1177, #483, #1057, #1196, #849, #1183, #288, #627, #273, #411, #953 ) ),
 .UNSPECIFIED., .F., .T., .T. ) 
 B_SPLINE_SURFACE_WITH_KNOTS ( ( 3, 3 ),
 ( 4, 2, 2, 2, 2, 2, 2, 2, 2, 2, 2, 2, 2, 2, 2, 2, 4 ),
 ( 0.000000000000000000, 1.000000000000000000 ),
 ( 0.000000000000000000, 0.3926990816987241395, 0.7853981633974482790, 1.178097245096172418, 1.570796326794896558, 1.963495408493620697, 2.356194490192344837, 2.748893571891068976, 3.141592653589793116, 3.534291735288517255, 3.926990816987241395, 4.319689898685965090, 4.712388980384689674, 5.105088062083414258, 5.497787143782137953, 5.890486225480861648, 6.283185307179586232 ),
 .UNSPECIFIED. ) 
 GEOMETRIC_REPRESENTATION_ITEM ( )  RATIONAL_B_SPLINE_SURFACE ( (
 ( 1.000000000000000000, 1.000000000000000000, 1.000000000000000000, 1.000000000000000000, 1.000000000000000000, 1.000000000000000000, 1.000000000000000000, 1.000000000000000000, 1.000000000000000000, 1.000000000000000000, 1.000000000000000000, 1.000000000000000000, 1.000000000000000000, 1.000000000000000000, 1.000000000000000000, 1.000000000000000000, 1.000000000000000000, 1.000000000000000000, 1.000000000000000000, 1.000000000000000000, 1.000000000000000000, 1.000000000000000000, 1.000000000000000000, 1.000000000000000000, 1.000000000000000000, 1.000000000000000000, 1.000000000000000000, 1.000000000000000000, 1.000000000000000000, 1.000000000000000000, 1.000000000000000000, 1.000000000000000000, 1.000000000000000000, 1.000000000000000000),
 ( 1.857142857142857428, 1.857142857142857428, 1.857142857142857428, 1.857142857142857428, 1.857142857142857428, 1.857142857142857428, 1.857142857142857428, 1.857142857142857428, 1.857142857142857428, 1.857142857142857428, 1.857142857142858317, 1.857142857142858317, 1.857142857142856318, 1.857142857142856318, 1.857142857142857428, 1.857142857142857428, 1.857142857142857428, 1.857142857142857428, 1.857142857142857428, 1.857142857142857428, 1.857142857142858317, 1.857142857142858317, 1.857142857142857428, 1.857142857142857428, 1.857142857142857428, 1.857142857142857428, 1.857142857142857428, 1.857142857142857428, 1.857142857142857428, 1.857142857142857428, 1.857142857142857428, 1.857142857142857428, 1.857142857142857428, 1.857142857142857428),
 ( 1.000000000000000000, 1.000000000000000000, 1.000000000000000000, 1.000000000000000000, 1.000000000000000000, 1.000000000000000000, 1.000000000000000000, 1.000000000000000000, 1.000000000000000000, 1.000000000000000000, 1.000000000000000000, 1.000000000000000000, 1.000000000000000000, 1.000000000000000000, 1.000000000000000000, 1.000000000000000000, 1.000000000000000000, 1.000000000000000000, 1.000000000000000000, 1.000000000000000000, 1.000000000000000000, 1.000000000000000000, 1.000000000000000000, 1.000000000000000000, 1.000000000000000000, 1.000000000000000000, 1.000000000000000000, 1.000000000000000000, 1.000000000000000000, 1.000000000000000000, 1.000000000000000000, 1.000000000000000000, 1.000000000000000000, 1.000000000000000000) ) ) 
 REPRESENTATION_ITEM ( '' )  SURFACE ( )  );
#951 = CARTESIAN_POINT ( 'NONE',  ( 0.2285157711359683264, -0.2004596186958582382, 0.03275000000000000133 ) ) ;
#952 = CARTESIAN_POINT ( 'NONE',  ( -0.07537665258337243601, 0.1307796088314486516, 0.03275000000000000133 ) ) ;
#953 = CARTESIAN_POINT ( 'NONE',  ( 0.3125000000000000000, 0.000000000000000000, 0.02816500000000000253 ) ) ;
#954 = CARTESIAN_POINT ( 'NONE',  ( -0.1227669875637733138, -0.07075846674211139220, -0.02816500000000000253 ) ) ;
#955 = CARTESIAN_POINT ( 'NONE',  ( 0.3125000000000000555, -0.04090615434361706548, 0.02816500000000000600 ) ) ;
#956 = CARTESIAN_POINT ( 'NONE',  ( 0.04090615422876491686, 0.3125000000000000555, 0.03274999999999992500 ) ) ;
#957 = CARTESIAN_POINT ( 'NONE',  ( 0.1573809312598230814, 0.2730582464046343860, -0.03275000000002797895 ) ) ;
#958 = CARTESIAN_POINT ( 'NONE',  ( 0.3033299999999999885, 0.000000000000000000, -0.03275000000000000133 ) ) ;
#959 = CARTESIAN_POINT ( 'NONE',  ( -0.03917580606078958222, -0.1457744904304799360, -0.03275000000000000133 ) ) ;
#960 = CARTESIAN_POINT ( 'NONE',  ( 0.01956334433312621746, 0.1496671878699896152, -0.03275000000000000133 ) ) ;
#961 = CARTESIAN_POINT ( 'NONE',  ( 0.2285137811787546491, -0.2004576287386806988, -0.03275000000000000133 ) ) ;
#962 = CARTESIAN_POINT ( 'NONE',  ( 0.01839140678079705798, 0.1405000000000000693, 0.02816500000000000253 ) ) ;
#963 = CARTESIAN_POINT ( 'NONE',  ( -0.2498958881682286914, 0.1920458500733634999, 0.03275000000002577238 ) ) ;
#964 = VERTEX_POINT ( 'NONE', #117 ) ;
#965 = CARTESIAN_POINT ( 'NONE',  ( -0.2498958881682286914, 0.1920458500733807083, -0.03275000000002577238 ) ) ;
#966 = CARTESIAN_POINT ( 'NONE',  ( -0.03970580403907602446, 0.3033299999999999885, -0.03275000000000000133 ) ) ;
#967 = CARTESIAN_POINT ( 'NONE',  ( -0.1307796088314445160, -0.07537665258337643281, -0.03275000000000000133 ) ) ;
#968 = CARTESIAN_POINT ( 'NONE',  ( -0.1227669875637732860, -0.07075846674211141996, 0.02816499999999999559 ) ) ;
#969 = CARTESIAN_POINT ( 'NONE',  ( 0.1307930799423957235, 0.07535147889446287828, -0.03275000000000000133 ) ) ;
#970 = CARTESIAN_POINT ( 'NONE',  ( -0.1123531912069713479, -0.08634381430644863520, -0.02816500000000000253 ) ) ;
#971 = ADVANCED_FACE ( 'NONE', ( #886 ), #986, .T. ) ;
#972 = CARTESIAN_POINT ( 'NONE',  ( -0.2411006926702841391, -0.1851106622173012417, -0.03275000000000000133 ) ) ;
#973 = CARTESIAN_POINT ( 'NONE',  ( -0.2878310187374132356, -0.09775026220296138824, 0.03275000000000000133 ) ) ;
#974 = CARTESIAN_POINT ( 'NONE',  ( 0.3125000000000000555, 0.04090615422874194218, 0.03274999999999992500 ) ) ;
#975 = ORIENTED_EDGE ( 'NONE', *, *, #1191, .T. ) ;
#976 = CARTESIAN_POINT ( 'NONE',  ( 0.01956334433305408765, 0.1496728121300104630, 0.03275000000000000133 ) ) ;
#977 = CARTESIAN_POINT ( 'NONE',  ( 0.3125000000000000555, 0.000000000000000000, 0.03274999999999992500 ) ) ;
#978 = CARTESIAN_POINT ( 'NONE',  ( -0.08634381430644848254, -0.1123531912069714450, -0.02816500000000000253 ) ) ;
#979 = CARTESIAN_POINT ( 'NONE',  ( 0.2632851926887543326, -0.1519092116477935295, -0.03275000000000000133 ) ) ;
#980 = CARTESIAN_POINT ( 'NONE',  ( -0.1527627452129171337, -0.2650456252221549125, 0.03275000000000000133 ) ) ;
#981 = EDGE_LOOP ( 'NONE', ( #320, #149 ) ) ;
#982 = CARTESIAN_POINT ( 'NONE',  ( 0.3125000000000000555, 0.000000000000000000, -0.03274999999999992500 ) ) ;
#983 = CARTESIAN_POINT ( 'NONE',  ( 0.03970580403907657263, -0.3033299999999999885, 0.03275000000000000133 ) ) ;
#984 = DIRECTION ( 'NONE',  ( -0.000000000000000000, -0.000000000000000000, -1.000000000000000000 ) ) ;
#985 = CARTESIAN_POINT ( 'NONE',  ( 0.1457744904304816014, 0.03917580606079194144, -0.03275000000000000133 ) ) ;
#986 = CYLINDRICAL_SURFACE ( 'NONE', #780, 0.3125000000000000000 ) ;
#987 = ORIENTED_EDGE ( 'NONE', *, *, #768, .F. ) ;
#988 = CARTESIAN_POINT ( 'NONE',  ( 0.1864104566488270776, 0.2425629432258210316, -0.03275000000000000133 ) ) ;
#989 = CARTESIAN_POINT ( 'NONE',  ( -0.2650456252221555786, -0.1527627452129027563, 0.03275000000000000133 ) ) ;
#990 = EDGE_CURVE ( 'NONE', #516, #508, #656, .T. ) ;
#991 = CARTESIAN_POINT ( 'NONE',  ( -0.01839140678079703370, 0.1405000000000000693, -0.03275000000000000133 ) ) ;
#992 = CARTESIAN_POINT ( 'NONE',  ( -0.2498958882494312639, -0.1920458499921609552, 0.02816500000000000600 ) ) ;
#993 = ORIENTED_EDGE ( 'NONE', *, *, #397, .T. ) ;
#994 = CARTESIAN_POINT ( 'NONE',  ( -0.2650456252221724540, 0.1527627452129035890, -0.03275000000000000133 ) ) ;
#995 = CARTESIAN_POINT ( 'NONE',  ( 0.07875471145532673967, 0.2935867788170746229, 0.03275000000000000133 ) ) ;
#996 = CARTESIAN_POINT ( 'NONE',  ( 0.3033299999999999885, 0.000000000000000000, 0.03275000000000000133 ) ) ;
#997 = CARTESIAN_POINT ( 'NONE',  ( 0.08634381430645370059, 0.1123531912069704597, -0.03275000000000000133 ) ) ;
#998 = CARTESIAN_POINT ( 'NONE',  ( 0.03677557794842601507, -0.1368431609907315993, -0.03275000000000213157 ) ) ;
#999 = CARTESIAN_POINT ( 'NONE',  ( 0.1920458500733722706, 0.2498958881682199207, -0.02816500000000000253 ) ) ;
#1000 = CARTESIAN_POINT ( 'NONE',  ( -0.1227669876449358211, 0.07075846654616210762, 0.03274999999999890499 ) ) ;
#1001 = CARTESIAN_POINT ( 'NONE',  ( -0.1405000000000000693, -8.669262547819498126E-18, -0.02816500000000000253 ) ) ;
#1002 = CARTESIAN_POINT ( 'NONE',  ( -0.1196640569046261843, 0.09199731002335359564, 0.03275000000000000133 ) ) ;
#1003 = CARTESIAN_POINT ( 'NONE',  ( 0.2425629432258131768, -0.1864104566488177794, 0.03275000000000000133 ) ) ;
#1004 = CARTESIAN_POINT ( 'NONE',  ( 0.09775026220302808488, -0.2878310187373857021, 0.03275000000000000133 ) ) ;
#1005 = CARTESIAN_POINT ( 'NONE',  ( 0.03917580606078915201, -0.1457744904304843492, -0.03275000000000000133 ) ) ;
#1006 = CARTESIAN_POINT ( 'NONE',  ( -0.3125000000000000000, -2.119616251295314107E-17, -0.02816500000000000253 ) ) ;
#1007 = CARTESIAN_POINT ( 'NONE',  ( -0.1368431609907315716, -0.03677557794842389177, -0.03274999999999893968 ) ) ;
#1008 = CARTESIAN_POINT ( 'NONE',  ( 0.08634381430645246547, -0.1123531912069673649, 0.02816500000000000253 ) ) ;
#1009 = CARTESIAN_POINT ( 'NONE',  ( -0.04090615422876489604, 0.3125000000000000000, -0.02816500000000000253 ) ) ;
#1010 = ORIENTED_EDGE ( 'NONE', *, *, #768, .T. ) ;
#1011 =( BOUNDED_CURVE ( )  B_SPLINE_CURVE ( 2, ( #1164, #1374, #576 ),
 .UNSPECIFIED., .F., .F. ) 
 B_SPLINE_CURVE_WITH_KNOTS ( ( 3, 3 ),
 ( 0.000000000000000000, 1.000000000000000000 ),
 .UNSPECIFIED. ) 
 CURVE ( )  GEOMETRIC_REPRESENTATION_ITEM ( )  RATIONAL_B_SPLINE_CURVE ( ( 1.000000000000000000, 1.857142857142857428, 1.000000000000000000 ) ) 
 REPRESENTATION_ITEM ( '' )  );
#1012 = CARTESIAN_POINT ( 'NONE',  ( -0.2730582464046596991, -0.1573809312597916343, 0.02816500000000000253 ) ) ;
#1013 = CARTESIAN_POINT ( 'NONE',  ( -0.1573809313659059184, -0.2730582463607057475, -0.02816500000000000253 ) ) ;
#1014 = CARTESIAN_POINT ( 'NONE',  ( -0.1405000000000000693, -0.01839140678079702329, -0.03275000000000000133 ) ) ;
#1015 = CARTESIAN_POINT ( 'NONE',  ( -0.3043664614148951508, 0.08179621396838826497, -0.02816500000000000253 ) ) ;
#1016 = ORIENTED_EDGE ( 'NONE', *, *, #1408, .F. ) ;
#1017 = CARTESIAN_POINT ( 'NONE',  ( 0.1457662154582534397, -0.03920313206081387641, -0.03275000000000000133 ) ) ;
#1018 = CARTESIAN_POINT ( 'NONE',  ( 0.2730582464046448776, 0.1573809312597962973, -0.03274999999999347183 ) ) ;
#1019 = CARTESIAN_POINT ( 'NONE',  ( -0.3033299999999999885, 3.414809992080329023E-17, 0.03275000000000000133 ) ) ;
#1020 = CARTESIAN_POINT ( 'NONE',  ( 0.1405000000000000693, 0.000000000000000000, -0.03275000000000000133 ) ) ;
#1021 = CARTESIAN_POINT ( 'NONE',  ( 0.07075846654616467502, -0.1227669876449370978, 0.02816500000000000253 ) ) ;
#1022 = VERTEX_POINT ( 'NONE', #97 ) ;
#1023 = CARTESIAN_POINT ( 'NONE',  ( 0.07535147889447860181, -0.1307930799423936141, -0.03275000000000000133 ) ) ;
#1024 = COLOUR_RGB ( '',0.7921568627450980005, 0.8196078431372548767, 0.9333333333333333481 ) ;
#1025 = CARTESIAN_POINT ( 'NONE',  ( -0.01959175696001347333, 0.1496700000000000530, -0.03275000000000000133 ) ) ;
#1026 = DIRECTION ( 'NONE',  ( -0.000000000000000000, -0.000000000000000000, -1.000000000000000000 ) ) ;
#1027 = CARTESIAN_POINT ( 'NONE',  ( -0.08634381430645061972, -0.1123531912069735406, 0.03275000000000000133 ) ) ;
#1028 = CARTESIAN_POINT ( 'NONE',  ( -0.1573809312598065391, -0.2730582464046495961, 0.03275000000003013695 ) ) ;
#1029 = CARTESIAN_POINT ( 'NONE',  ( 0.1227669876449386660, 0.07075846654616126108, 0.03275000000000000133 ) ) ;
#1030 = CARTESIAN_POINT ( 'NONE',  ( 0.2730582464046583668, -0.1573809312597944932, 0.02816500000000000253 ) ) ;
#1031 = ADVANCED_FACE ( 'NONE', ( #106 ), #92, .T. ) ;
#1032 = CARTESIAN_POINT ( 'NONE',  ( 0.04090615422876491686, 0.3125000000000000555, -0.03274999999999992500 ) ) ;
#1033 = CARTESIAN_POINT ( 'NONE',  ( 0.1344084688755438073, 0.2726497384559173898, -0.03275000000000000827 ) ) ;
#1034 = CARTESIAN_POINT ( 'NONE',  ( -0.07075846674211132281, -0.1227669875637733554, -0.02816500000000000600 ) ) ;
#1035 = CARTESIAN_POINT ( 'NONE',  ( 0.1920458499921610107, 0.2498958882494311251, 0.02816499999999999559 ) ) ;
#1036 = CARTESIAN_POINT ( 'NONE',  ( -0.1573809312598005716, -0.2730582464046558688, 0.02816500000000000253 ) ) ;
#1037 = CARTESIAN_POINT ( 'NONE',  ( -0.3043664614148851033, 0.08179621396838410163, -0.03275000000000000133 ) ) ;
#1038 = CARTESIAN_POINT ( 'NONE',  ( 0.1519092116477790966, 0.2632851926887389005, -0.03275000000000000133 ) ) ;
#1039 = CARTESIAN_POINT ( 'NONE',  ( 0.1368431609907345137, -0.03677557794842591793, -0.02816500000000000253 ) ) ;
#1040 = CARTESIAN_POINT ( 'NONE',  ( 0.01839140699289021699, 0.1405000000000000970, -0.02816500000000000600 ) ) ;
#1041 = CARTESIAN_POINT ( 'NONE',  ( 0.04090615434361703079, 0.3125000000000000555, -0.02816500000000000253 ) ) ;
#1042 = EDGE_LOOP ( 'NONE', ( #622, #249 ) ) ;
#1043 = CARTESIAN_POINT ( 'NONE',  ( -0.3125000000000000000, 0.04090615422876495155, -0.02816500000000000253 ) ) ;
#1044 = CARTESIAN_POINT ( 'NONE',  ( -0.2498958881682111777, -0.1920458500733465412, -0.03274999999997627725 ) ) ;
#1045 = CARTESIAN_POINT ( 'NONE',  ( 0.1196861361419717801, 0.09197920773840520536, -0.03275000000000000133 ) ) ;
#1046 = CARTESIAN_POINT ( 'NONE',  ( 0.3033299999999999885, 0.01986002680279625593, -0.03274999999999999439 ) ) ;
#1047 = CARTESIAN_POINT ( 'NONE',  ( 0.1123531912069668653, -0.08634381430645313160, -0.02816500000000000253 ) ) ;
#1048 = CARTESIAN_POINT ( 'NONE',  ( 0.08179621396836815606, 0.3043664614149034220, 0.02816500000000000253 ) ) ;
#1049 = CARTESIAN_POINT ( 'NONE',  ( 0.1405000000000000693, -0.01839140699289024128, -0.02816500000000000947 ) ) ;
#1050 = CARTESIAN_POINT ( 'NONE',  ( -0.08634381415647569835, 0.1123531913569442847, -0.02816500000000000600 ) ) ;
#1051 = CARTESIAN_POINT ( 'NONE',  ( -0.04090615434361721120, 0.3125000000000000555, 0.02816500000000000600 ) ) ;
#1052 = ORIENTED_EDGE ( 'NONE', *, *, #649, .T. ) ;
#1053 = CARTESIAN_POINT ( 'NONE',  ( 0.3125000000000000555, 0.04090615422874194218, -0.03274999999999992500 ) ) ;
#1054 = CARTESIAN_POINT ( 'NONE',  ( -0.2425629432258036844, -0.1864104566488099801, -0.03275000000000000133 ) ) ;
#1055 = CARTESIAN_POINT ( 'NONE',  ( 0.1227669876449385133, 0.07075846654616120557, 0.02816500000000000253 ) ) ;
#1056 = CARTESIAN_POINT ( 'NONE',  ( -0.1496700000000000530, 0.01959175696001350109, 0.03275000000000000133 ) ) ;
#1057 = CARTESIAN_POINT ( 'NONE',  ( 0.04090615422876545115, -0.3124999999999999445, 0.02816500000000000253 ) ) ;
#1058 = CARTESIAN_POINT ( 'NONE',  ( 0.1405000000000000693, 0.000000000000000000, 0.03275000000000000133 ) ) ;
#1059 =( LENGTH_UNIT ( ) NAMED_UNIT ( * ) SI_UNIT ( $, .METRE. ) );
#1060 = CARTESIAN_POINT ( 'NONE',  ( -0.2730582463607057475, 0.1573809313659058073, 0.02816499999999999559 ) ) ;
#1061 = ORIENTED_EDGE ( 'NONE', *, *, #1303, .T. ) ;
#1062 = FACE_OUTER_BOUND ( 'NONE', #645, .T. ) ;
#1063 = CARTESIAN_POINT ( 'NONE',  ( 0.2954351319711248092, -0.07939598586568902272, -0.03275000000000000133 ) ) ;
#1064 = CARTESIAN_POINT ( 'NONE',  ( 0.3033300000000000440, -0.01986002680268945594, 0.03275000000000000133 ) ) ;
#1065 = CARTESIAN_POINT ( 'NONE',  ( -0.1519092116477164522, -0.2632851926888153948, -0.03275000000000000133 ) ) ;
#1066 = CARTESIAN_POINT ( 'NONE',  ( 0.09197920773841075648, -0.1196861361419704478, 0.03275000000000000133 ) ) ;
#1067 = B_SPLINE_CURVE_WITH_KNOTS ( 'NONE', 3,
 ( #1234, #421, #208, #1126, #1119, #103, #905, #686, #213, #549, #1242, #110, #560, #447, #335, #1253, #223, #1136 ),
 .UNSPECIFIED., .F., .F.,
 ( 4, 2, 2, 2, 2, 2, 2, 2, 4 ),
 ( 0.000000000000000000, 0.06250000000000000000, 0.1250000000000000000, 0.1875000000000000000, 0.2500000000000000000, 0.3125000000000000000, 0.3750000000000000000, 0.4375000000000000000, 0.5000000000000000000 ),
 .UNSPECIFIED. ) ;
#1068 = CARTESIAN_POINT ( 'NONE',  ( 0.07075846674211139220, 0.1227669875637733138, -0.02816500000000000600 ) ) ;
#1069 = CARTESIAN_POINT ( 'NONE',  ( 0.2954351319711248092, -0.07939598586568902272, 0.03275000000000000133 ) ) ;
#1070 = ORIENTED_EDGE ( 'NONE', *, *, #1456, .F. ) ;
#1071 = CARTESIAN_POINT ( 'NONE',  ( -0.3125000000000000555, -0.04090615422876488216, -0.03274999999999992500 ) ) ;
#1072 = CARTESIAN_POINT ( 'NONE',  ( 0.2878310187373250284, 0.09775026220317704906, 0.03275000000000000133 ) ) ;
#1073 = CARTESIAN_POINT ( 'NONE',  ( -0.09197920773840674580, -0.1196861361419744724, -0.03275000000000000133 ) ) ;
#1074 = CARTESIAN_POINT ( 'NONE',  ( -0.3033299999999999885, 3.414809992080329023E-17, 0.03275000000000000133 ) ) ;
#1075 = CARTESIAN_POINT ( 'NONE',  ( -0.01959175696001347333, 0.1496700000000000530, -0.03275000000000000133 ) ) ;
#1076 = CARTESIAN_POINT ( 'NONE',  ( -0.1227669876449370284, 0.07075846654616475828, -0.02816500000000000253 ) ) ;
#1077 = CARTESIAN_POINT ( 'NONE',  ( -0.08179621396838379632, 0.3043664614149025338, 0.03275000000000001521 ) ) ;
#1078 = CARTESIAN_POINT ( 'NONE',  ( 0.3125000000000000000, -0.04090615422874198381, -0.02816500000000000253 ) ) ;
#1079 = CARTESIAN_POINT ( 'NONE',  ( 0.2954351319711483459, 0.07939598586570373318, -0.03275000000000000133 ) ) ;
#1080 = CARTESIAN_POINT ( 'NONE',  ( -0.1405000000000000693, -8.669262547819498126E-18, -0.02816500000000000253 ) ) ;
#1081 = CARTESIAN_POINT ( 'NONE',  ( 0.1196640569046350938, 0.09199731002334464447, -0.03275000000000000133 ) ) ;
#1082 = CARTESIAN_POINT ( 'NONE',  ( -0.07875525360106078177, -0.2935895043678845018, -0.03275000000000000133 ) ) ;
#1083 = CARTESIAN_POINT ( 'NONE',  ( 0.1527627452129116659, 0.2650456252221382591, 0.03275000000000000133 ) ) ;
#1084 = ORIENTED_EDGE ( 'NONE', *, *, #378, .F. ) ;
#1085 = CARTESIAN_POINT ( 'NONE',  ( 0.07939598586569344973, 0.2954351319711591151, -0.03275000000000000133 ) ) ;
#1086 = CARTESIAN_POINT ( 'NONE',  ( -0.2954351319711244206, 0.07939598586570259520, 0.03275000000000000133 ) ) ;
#1087 = CARTESIAN_POINT ( 'NONE',  ( 0.2935853696895880938, -0.07876179304179627139, 0.03275000000000000133 ) ) ;
#1088 = CARTESIAN_POINT ( 'NONE',  ( 0.09775133916023695524, -0.2878336187416872249, -0.03275000000000000827 ) ) ;
#1089 = CARTESIAN_POINT ( 'NONE',  ( 0.1368431609907331814, 0.03677557794842906125, 0.02816500000000000253 ) ) ;
#1090 = CARTESIAN_POINT ( 'NONE',  ( 0.07939598586569675265, -0.2954351319711423507, 0.03275000000000000133 ) ) ;
#1091 = ORIENTED_EDGE ( 'NONE', *, *, #133, .F. ) ;
#1092 = B_SPLINE_CURVE_WITH_KNOTS ( 'NONE', 3,
 ( #8, #729, #608, #1174, #2, #452, #348, #140, #1041, #926, #583, #354, #248, #591, #813, #42, #257, #20 ),
 .UNSPECIFIED., .F., .F.,
 ( 4, 2, 2, 2, 2, 2, 2, 2, 4 ),
 ( 0.000000000000000000, 0.06250000000000001388, 0.1250000000000000278, 0.1875000000000000555, 0.2500000000000000000, 0.3125000000000000000, 0.3750000000000000000, 0.4375000000000000555, 0.5000000000000000000 ),
 .UNSPECIFIED. ) ;
#1093 = CARTESIAN_POINT ( 'NONE',  ( 0.03970580403907657263, -0.3033299999999999885, -0.03275000000000000133 ) ) ;
#1094 = CARTESIAN_POINT ( 'NONE',  ( 0.1527627452129116659, 0.2650456252221382591, 0.03275000000000000133 ) ) ;
#1095 = FACE_OUTER_BOUND ( 'NONE', #1378, .T. ) ;
#1096 = CARTESIAN_POINT ( 'NONE',  ( -0.2004596186957798010, -0.2285157711360307486, 0.03275000000000000133 ) ) ;
#1097 = CARTESIAN_POINT ( 'NONE',  ( -0.03677557794843088618, 0.1368431609907324320, 0.02816500000000000253 ) ) ;
#1098 = EDGE_CURVE ( 'NONE', #806, #454, #578, .T. ) ;
#1099 = CARTESIAN_POINT ( 'NONE',  ( -0.08179621396837533087, -0.3043664614149043102, 0.03274999999996985878 ) ) ;
#1100 = CARTESIAN_POINT ( 'NONE',  ( 0.2650456252221489173, 0.1527627452129016183, -0.03275000000000000133 ) ) ;
#1101 = CARTESIAN_POINT ( 'NONE',  ( -0.2954351319711420176, -0.07939598586570177641, 0.03275000000000000133 ) ) ;
#1102 = CARTESIAN_POINT ( 'NONE',  ( 0.1496700000000000530, 0.000000000000000000, 0.03275000000000000133 ) ) ;
#1103 = CARTESIAN_POINT ( 'NONE',  ( -0.1227669876449358211, 0.07075846654616210762, -0.03274999999999890499 ) ) ;
#1104 = CARTESIAN_POINT ( 'NONE',  ( 0.1405000000000000693, 0.000000000000000000, -0.03275000000000000133 ) ) ;
#1105 = CARTESIAN_POINT ( 'NONE',  ( 0.07075846654616119169, 0.1227669876449385272, 0.02816500000000000253 ) ) ;
#1106 = CARTESIAN_POINT ( 'NONE',  ( 0.1227669875637732028, 0.07075846674211143383, 0.02816499999999999213 ) ) ;
#1107 = ORIENTED_EDGE ( 'NONE', *, *, #571, .F. ) ;
#1108 = CARTESIAN_POINT ( 'NONE',  ( 0.1527627452129116659, 0.2650456252221382591, -0.03275000000000000133 ) ) ;
#1109 = CARTESIAN_POINT ( 'NONE',  ( -0.09775026220285736034, 0.2878310187374518159, 0.03274999999999999439 ) ) ;
#1110 = CARTESIAN_POINT ( 'NONE',  ( 0.03677557794842516853, -0.1368431609907347635, -0.02816500000000000253 ) ) ;
#1111 = CARTESIAN_POINT ( 'NONE',  ( -0.07537665258337682139, -0.1307796088314486238, -0.03275000000000000133 ) ) ;
#1112 = CARTESIAN_POINT ( 'NONE',  ( 0.1496700000000000530, 0.000000000000000000, 0.03275000000000000133 ) ) ;
#1113 = CARTESIAN_POINT ( 'NONE',  ( -0.08634381415647560121, 0.1123531913569443819, 0.02816500000000000253 ) ) ;
#1114 = CARTESIAN_POINT ( 'NONE',  ( 0.1405000000000000693, 0.000000000000000000, 0.02816500000000000253 ) ) ;
#1115 = ORIENTED_EDGE ( 'NONE', *, *, #939, .T. ) ;
#1116 = CARTESIAN_POINT ( 'NONE',  ( -0.1496700000000000530, 1.707404996040164512E-17, 0.03275000000000000133 ) ) ;
#1117 = CARTESIAN_POINT ( 'NONE',  ( 0.1527627452129076691, -0.2650456252221552456, 0.03275000000000000133 ) ) ;
#1118 = CARTESIAN_POINT ( 'NONE',  ( 0.1457744904304841826, -0.03917580606078958916, -0.03275000000000000133 ) ) ;
#1119 = CARTESIAN_POINT ( 'NONE',  ( 0.1196640569045433339, -0.09199731002342857733, 0.03275000000000000133 ) ) ;
#1120 = CARTESIAN_POINT ( 'NONE',  ( 0.1405000000000000693, 0.000000000000000000, -0.02816500000000000253 ) ) ;
#1121 = CARTESIAN_POINT ( 'NONE',  ( 0.1405000000000000693, 0.01839140699289027250, 0.02816499999999999559 ) ) ;
#1122 = PRESENTATION_STYLE_ASSIGNMENT (( #675 ) ) ;
#1123 =( NAMED_UNIT ( * ) PLANE_ANGLE_UNIT ( ) SI_UNIT ( $, .RADIAN. ) );
#1124 = CARTESIAN_POINT ( 'NONE',  ( -0.08179621396837533087, -0.3043664614149043102, 0.03274999999996985878 ) ) ;
#1125 = CARTESIAN_POINT ( 'NONE',  ( 0.1123531912069662131, 0.08634381430644941235, -0.03275000000000000133 ) ) ;
#1126 = CARTESIAN_POINT ( 'NONE',  ( 0.1307930799423937807, -0.07535147889447819936, 0.03275000000000000133 ) ) ;
#1128 = ADVANCED_FACE ( 'NONE', ( #1440 ), #950, .T. ) ;
#1127 = CARTESIAN_POINT ( 'NONE',  ( -0.01839140678079684982, -0.1405000000000000970, -0.02816500000000000253 ) ) ;
#1129 = CARTESIAN_POINT ( 'NONE',  ( 0.01839140678079705798, 0.1405000000000000693, -0.02816500000000000253 ) ) ;
#1130 = CARTESIAN_POINT ( 'NONE',  ( 0.04090615422876493074, 0.3125000000000000000, -0.02816500000000000253 ) ) ;
#1131 = DIRECTION ( 'NONE',  ( -0.000000000000000000, -0.000000000000000000, -1.000000000000000000 ) ) ;
#1132 = CARTESIAN_POINT ( 'NONE',  ( -0.1368431609907315716, -0.03677557794842389177, -0.03274999999999893968 ) ) ;
#1133 = CARTESIAN_POINT ( 'NONE',  ( 0.1920458500733759344, -0.2498958881682160904, 0.02816500000000000253 ) ) ;
#1134 =( BOUNDED_CURVE ( )  B_SPLINE_CURVE ( 2, ( #380, #1273, #831 ),
 .UNSPECIFIED., .F., .F. ) 
 B_SPLINE_CURVE_WITH_KNOTS ( ( 3, 3 ),
 ( 0.000000000000000000, 1.000000000000000000 ),
 .UNSPECIFIED. ) 
 CURVE ( )  GEOMETRIC_REPRESENTATION_ITEM ( )  RATIONAL_B_SPLINE_CURVE ( ( 1.000000000000000000, 1.857142857142857428, 1.000000000000000000 ) ) 
 REPRESENTATION_ITEM ( '' )  );
#1135 = CARTESIAN_POINT ( 'NONE',  ( 0.3125000000000000000, 0.000000000000000000, -0.02816500000000000253 ) ) ;
#1136 = CARTESIAN_POINT ( 'NONE',  ( -0.1496700000000000530, 1.707404996040164512E-17, 0.03275000000000000133 ) ) ;
#1137 = CARTESIAN_POINT ( 'NONE',  ( -0.08634381430644863520, 0.1123531912069713479, -0.02816500000000000253 ) ) ;
#1138 = CARTESIAN_POINT ( 'NONE',  ( 0.1123531912069668653, -0.08634381430645313160, 0.02816500000000000253 ) ) ;
#1139 = CARTESIAN_POINT ( 'NONE',  ( 0.01839140678079729738, -0.1405000000000000415, 0.02816500000000000253 ) ) ;
#1140 = DIRECTION ( 'NONE',  ( -1.000000000000000000, 0.000000000000000000, 0.000000000000000000 ) ) ;
#1141 = CARTESIAN_POINT ( 'NONE',  ( 0.1405000000000000693, 0.000000000000000000, -0.02816500000000000253 ) ) ;
#1142 = CARTESIAN_POINT ( 'NONE',  ( -0.1405000000000000693, 0.01839140678079705798, 0.03275000000000000133 ) ) ;
#1143 = ORIENTED_EDGE ( 'NONE', *, *, #924, .T. ) ;
#1144 = EDGE_CURVE ( 'NONE', #1313, #141, #712, .T. ) ;
#1145 = CARTESIAN_POINT ( 'NONE',  ( 0.1405000000000000693, -0.01839140678080805613, -0.03275000000000000133 ) ) ;
#1146 = CARTESIAN_POINT ( 'NONE',  ( 0.09199731002342730057, -0.1196640569045446523, -0.03275000000000000133 ) ) ;
#1147 = CARTESIAN_POINT ( 'NONE',  ( 0.08179621396835776159, 0.3043664614149198533, -0.03274999999997200983 ) ) ;
#1148 = CARTESIAN_POINT ( 'NONE',  ( -0.3125000000000000000, 3.447644703542639002E-17, -0.03274999999999992500 ) ) ;
#1149 = CARTESIAN_POINT ( 'NONE',  ( 0.2004576287386495292, 0.2285137811788016393, -0.03275000000000000827 ) ) ;
#1150 = CARTESIAN_POINT ( 'NONE',  ( -0.08179621396838185343, 0.3043664614148978154, 0.02816500000000000253 ) ) ;
#1151 = CARTESIAN_POINT ( 'NONE',  ( 0.1368431610718984226, -0.03677557775247879829, -0.02816500000000000253 ) ) ;
#1152 = CARTESIAN_POINT ( 'NONE',  ( 0.1496700000000000530, 0.000000000000000000, -0.03275000000000000133 ) ) ;
#1153 = CARTESIAN_POINT ( 'NONE',  ( 0.1573809312597970467, -0.2730582464046498181, 0.03275000000000000133 ) ) ;
#1154 = DIRECTION ( 'NONE',  ( -0.000000000000000000, -0.000000000000000000, -1.000000000000000000 ) ) ;
#1155 = CARTESIAN_POINT ( 'NONE',  ( -0.01839140678079704064, 0.1405000000000000693, 0.02816500000000000253 ) ) ;
#1156 = B_SPLINE_CURVE_WITH_KNOTS ( 'NONE', 3,
 ( #1233, #1317, #1355, #968, #746, #47, #1427, #1309, #1301, #1182, #279, #286, #1194, #404, #862, #298, #1204, #538 ),
 .UNSPECIFIED., .F., .F.,
 ( 4, 2, 2, 2, 2, 2, 2, 2, 4 ),
 ( 0.5000000000000000000, 0.5625000000000000000, 0.6250000000000000000, 0.6875000000000000000, 0.7500000000000000000, 0.8125000000000000000, 0.8750000000000001110, 0.9375000000000000000, 1.000000000000000000 ),
 .UNSPECIFIED. ) ;
#1157 = CARTESIAN_POINT ( 'NONE',  ( -0.1227669876449370284, 0.07075846654616475828, -0.02816500000000000253 ) ) ;
#1158 = CARTESIAN_POINT ( 'NONE',  ( 0.01959175696001349068, 0.1496700000000000530, 0.03275000000000000133 ) ) ;
#1159 = CARTESIAN_POINT ( 'NONE',  ( 0.01959175696001374742, -0.1496700000000000530, 0.03275000000000000133 ) ) ;
#1160 = CARTESIAN_POINT ( 'NONE',  ( -0.1405000000000000693, 0.01839140699289021699, -0.02816499999999999559 ) ) ;
#1161 = CARTESIAN_POINT ( 'NONE',  ( 0.3043664614148870462, -0.08179621396838399061, 0.03274999999999998052 ) ) ;
#1162 = CARTESIAN_POINT ( 'NONE',  ( 0.3125000000000000555, 0.04090615422874194218, -0.03274999999999992500 ) ) ;
#1163 = CARTESIAN_POINT ( 'NONE',  ( 0.1851122061176794786, 0.2411030032807216228, -0.03274999999999999439 ) ) ;
#1164 = CARTESIAN_POINT ( 'NONE',  ( -0.1496700000000000530, 1.707404996040164512E-17, -0.03275000000000000133 ) ) ;
#1165 = CARTESIAN_POINT ( 'NONE',  ( -0.04090615422876490298, 0.3125000000000000555, 0.03274999999999992500 ) ) ;
#1166 = CARTESIAN_POINT ( 'NONE',  ( 0.07537665258337639118, -0.1307796088314445160, 0.03275000000000000133 ) ) ;
#1167 = CARTESIAN_POINT ( 'NONE',  ( 0.1405000000000000693, 0.01839140699289029332, -0.02816500000000000600 ) ) ;
#1168 = CARTESIAN_POINT ( 'NONE',  ( -0.3125000000000001665, 0.04090615434361703773, 0.02816500000000000253 ) ) ;
#1169 = ORIENTED_EDGE ( 'NONE', *, *, #1241, .F. ) ;
#1170 = CARTESIAN_POINT ( 'NONE',  ( 0.3125000000000000000, 0.04090615422874194218, -0.02816500000000000253 ) ) ;
#1171 = CARTESIAN_POINT ( 'NONE',  ( 0.03970580403907605915, 0.3033299999999999885, -0.03275000000000000133 ) ) ;
#1172 = CARTESIAN_POINT ( 'NONE',  ( 0.09197920773840946584, 0.1196861361419759989, -0.03275000000000000133 ) ) ;
#1173 = CARTESIAN_POINT ( 'NONE',  ( 0.3125000000000000000, 1.913510623667739463E-17, 0.02816500000000000253 ) ) ;
#1174 = CARTESIAN_POINT ( 'NONE',  ( 0.2730582463607055255, 0.1573809313659062237, -0.02816499999999999559 ) ) ;
#1175 = ADVANCED_FACE ( 'NONE', ( #1095 ), #52, .T. ) ;
#1176 = CARTESIAN_POINT ( 'NONE',  ( 0.03917580606079145572, 0.1457744904304842659, 0.03275000000000000133 ) ) ;
#1177 = CARTESIAN_POINT ( 'NONE',  ( -0.08179621396838133995, -0.3043664614148980374, 0.02816500000000000253 ) ) ;
#1178 = CARTESIAN_POINT ( 'NONE',  ( -0.1457744904304843214, -0.03917580606078917976, 0.03275000000000000133 ) ) ;
#1179 = CARTESIAN_POINT ( 'NONE',  ( -0.3033299999999999885, 3.414809992080329023E-17, -0.03275000000000000133 ) ) ;
#1180 = CARTESIAN_POINT ( 'NONE',  ( -0.08179621396837533087, -0.3043664614149043102, -0.03274999999996985878 ) ) ;
#1181 = CARTESIAN_POINT ( 'NONE',  ( 0.3033299999999999885, 0.000000000000000000, 0.03275000000000000133 ) ) ;
#1182 = CARTESIAN_POINT ( 'NONE',  ( 0.01839140699289024475, -0.1405000000000000415, 0.02816500000000000253 ) ) ;
#1183 = CARTESIAN_POINT ( 'NONE',  ( 0.1920458500733759344, -0.2498958881682160904, 0.02816500000000000253 ) ) ;
#1184 = CARTESIAN_POINT ( 'NONE',  ( 0.03677557775247883298, -0.1368431610718983948, -0.02816500000000000253 ) ) ;
#1185 = CARTESIAN_POINT ( 'NONE',  ( 0.3043664614149092507, 0.08179621396838469838, -0.03275000000000639205 ) ) ;
#1186 = CARTESIAN_POINT ( 'NONE',  ( -0.3033299999999999885, -0.03970580403907601058, -0.03275000000000000133 ) ) ;
#1187 = CARTESIAN_POINT ( 'NONE',  ( 0.03959147235807500970, -0.3013796648104548059, -0.03275000000000000133 ) ) ;
#1188 = CARTESIAN_POINT ( 'NONE',  ( -0.1405000000000000693, -8.669262547819498126E-18, -0.02816500000000000253 ) ) ;
#1189 = FACE_OUTER_BOUND ( 'NONE', #1449, .T. ) ;
#1190 = CARTESIAN_POINT ( 'NONE',  ( 0.08179621396835776159, 0.3043664614149198533, 0.03274999999997200983 ) ) ;
#1191 = EDGE_CURVE ( 'NONE', #516, #408, #694, .T. ) ;
#1192 = CARTESIAN_POINT ( 'NONE',  ( -0.08179621396838185343, 0.3043664614148978154, -0.02816500000000000253 ) ) ;
#1193 = CARTESIAN_POINT ( 'NONE',  ( -0.3033299999999999885, 0.03970580403907607303, -0.03275000000000000133 ) ) ;
#1194 = CARTESIAN_POINT ( 'NONE',  ( 0.08634381415647553182, -0.1123531913569443264, 0.02816499999999999213 ) ) ;
#1195 = CARTESIAN_POINT ( 'NONE',  ( 0.1496700000000000530, 0.000000000000000000, -0.03275000000000000133 ) ) ;
#1196 = CARTESIAN_POINT ( 'NONE',  ( 0.08179621396838041014, -0.3043664614148982595, 0.02816500000000000253 ) ) ;
#1197 = CARTESIAN_POINT ( 'NONE',  ( -0.1123531913569443680, -0.08634381415647560121, -0.02816500000000000600 ) ) ;
#1198 = CARTESIAN_POINT ( 'NONE',  ( -0.01839140678079684982, -0.1405000000000000970, 0.02816500000000000253 ) ) ;
#1199 = CARTESIAN_POINT ( 'NONE',  ( 0.3033299999999999885, 0.03970580403905373673, 0.03275000000000000133 ) ) ;
#1200 = ORIENTED_EDGE ( 'NONE', *, *, #839, .F. ) ;
#1201 = CARTESIAN_POINT ( 'NONE',  ( -0.1864104566488269388, -0.2425629432258211704, -0.03275000000000000133 ) ) ;
#1202 = CARTESIAN_POINT ( 'NONE',  ( -0.2425629432258039897, 0.1864104566488269388, -0.03275000000000000133 ) ) ;
#1203 = CARTESIAN_POINT ( 'NONE',  ( -0.01959175696001326863, -0.1496700000000000530, -0.03275000000000000133 ) ) ;
#1204 = CARTESIAN_POINT ( 'NONE',  ( 0.1405000000000000415, -0.01839140699289025516, 0.02816500000000000947 ) ) ;
#1205 = CARTESIAN_POINT ( 'NONE',  ( 0.1307796088314443494, -0.07537665258337683527, 0.03275000000000000133 ) ) ;
#1206 = CARTESIAN_POINT ( 'NONE',  ( 0.01959175696001349068, 0.1496700000000000530, -0.03275000000000000133 ) ) ;
#1207 = CARTESIAN_POINT ( 'NONE',  ( -0.3125000000000000555, -0.04090615422876488216, 0.03274999999999992500 ) ) ;
#1208 = CARTESIAN_POINT ( 'NONE',  ( 0.03920097974966482018, 0.1457610193195482684, 0.03275000000000000133 ) ) ;
#1209 = CARTESIAN_POINT ( 'NONE',  ( 0.2498958881681941080, 0.1920458500733808194, 0.03274999999997420946 ) ) ;
#1210 = CARTESIAN_POINT ( 'NONE',  ( 0.1457744904304841826, -0.03917580606078958916, 0.03275000000000000133 ) ) ;
#1211 = CARTESIAN_POINT ( 'NONE',  ( 0.1123531912069683919, 0.08634381430645153566, 0.02816500000000000253 ) ) ;
#1212 = CARTESIAN_POINT ( 'NONE',  ( -0.1920458500733638330, 0.2498958881682283029, 0.03274999999997412620 ) ) ;
#1213 = EDGE_LOOP ( 'NONE', ( #887, #812 ) ) ;
#1214 = CARTESIAN_POINT ( 'NONE',  ( 0.1920458500733673857, -0.2498958881682075972, -0.03275000000000000133 ) ) ;
#1215 = CARTESIAN_POINT ( 'NONE',  ( -0.2285157711362340027, 0.2004596186955607817, 0.03275000000000000133 ) ) ;
#1216 = CARTESIAN_POINT ( 'NONE',  ( 0.03677557794842829103, 0.1368431609907315161, -0.03275000000000105604 ) ) ;
#1217 = CARTESIAN_POINT ( 'NONE',  ( -0.01959175696001326863, -0.1496700000000000530, 0.03275000000000000133 ) ) ;
#1218 = CARTESIAN_POINT ( 'NONE',  ( -0.1405000000000000693, -0.01839140678079703023, -0.02816500000000000253 ) ) ;
#1219 = CARTESIAN_POINT ( 'NONE',  ( 0.1496700000000000530, 0.000000000000000000, -0.03275000000000000133 ) ) ;
#1220 = B_SPLINE_CURVE_WITH_KNOTS ( 'NONE', 3,
 ( #376, #1168, #1269, #1060, #946, #148, #835, #602, #1051, #33, #363, #1289, #1035, #471, #611, #822, #344, #750 ),
 .UNSPECIFIED., .F., .F.,
 ( 4, 2, 2, 2, 2, 2, 2, 2, 4 ),
 ( 0.5000000000000000000, 0.5625000000000000000, 0.6250000000000000000, 0.6875000000000000000, 0.7500000000000000000, 0.8125000000000000000, 0.8750000000000000000, 0.9375000000000000000, 1.000000000000000000 ),
 .UNSPECIFIED. ) ;
#1221 = CARTESIAN_POINT ( 'NONE',  ( -0.08634381430644863520, 0.1123531912069713479, 0.02816500000000000253 ) ) ;
#1222 = CARTESIAN_POINT ( 'NONE',  ( -0.1405000000000000693, 8.537024980200822558E-18, 0.02816500000000000253 ) ) ;
#1223 = ORIENTED_EDGE ( 'NONE', *, *, #688, .F. ) ;
#1224 = CARTESIAN_POINT ( 'NONE',  ( 0.3033299999999999885, -0.03970580403905377836, -0.03275000000000000133 ) ) ;
#1225 = CARTESIAN_POINT ( 'NONE',  ( -0.3013796648104525300, 0.03959147235788507829, 0.03275000000000000133 ) ) ;
#1226 = CARTESIAN_POINT ( 'NONE',  ( 0.09197920773841075648, -0.1196861361419704478, -0.03275000000000000133 ) ) ;
#1227 = CARTESIAN_POINT ( 'NONE',  ( 0.1368431609907329871, 0.03677557794842900574, -0.03275000000000000133 ) ) ;
#1228 = CARTESIAN_POINT ( 'NONE',  ( 0.1368431609907357072, -0.03677557794842428729, 0.03275000000000739819 ) ) ;
#1229 = CARTESIAN_POINT ( 'NONE',  ( 0.3125000000000000000, 1.913510623667739463E-17, 0.02816500000000000253 ) ) ;
#1230 = CARTESIAN_POINT ( 'NONE',  ( 0.1227669876449370284, -0.07075846654616474440, 0.02816500000000000253 ) ) ;
#1231 = CARTESIAN_POINT ( 'NONE',  ( -0.2425629432258036844, -0.1864104566488099801, -0.03275000000000000133 ) ) ;
#1232 = CARTESIAN_POINT ( 'NONE',  ( -0.01983869564447194103, 0.3033314071122155675, 0.03275000000000000133 ) ) ;
#1233 = CARTESIAN_POINT ( 'NONE',  ( -0.1405000000000000693, 8.537024980200822558E-18, 0.02816500000000000253 ) ) ;
#1234 = CARTESIAN_POINT ( 'NONE',  ( 0.1496700000000000530, 0.000000000000000000, 0.03275000000000000133 ) ) ;
#1235 = CARTESIAN_POINT ( 'NONE',  ( -0.03677557794842214317, -0.1368431609907272140, -0.03274999999999890499 ) ) ;
#1236 = CARTESIAN_POINT ( 'NONE',  ( 0.1405000000000000693, 0.000000000000000000, 0.02816500000000000253 ) ) ;
#1237 = CARTESIAN_POINT ( 'NONE',  ( 0.000000000000000000, 0.000000000000000000, 0.03275000000000000133 ) ) ;
#1238 = CARTESIAN_POINT ( 'NONE',  ( -0.01839140678079684635, -0.1405000000000000693, 0.03275000000000000133 ) ) ;
#1239 = SURFACE_STYLE_FILL_AREA ( #896 ) ;
#1240 = CARTESIAN_POINT ( 'NONE',  ( 0.2730582464046588664, 0.1573809312597934662, 0.02816500000000000253 ) ) ;
#1241 = EDGE_CURVE ( 'NONE', #964, #853, #1011, .T. ) ;
#1242 = CARTESIAN_POINT ( 'NONE',  ( -0.03920097974970771643, -0.1457610193195187920, 0.03275000000000000133 ) ) ;
#1243 = CARTESIAN_POINT ( 'NONE',  ( -0.3125000000000000555, -0.04090615434361716957, -0.02816500000000000253 ) ) ;
#1244 = CARTESIAN_POINT ( 'NONE',  ( 0.01839140678079729391, -0.1405000000000000693, -0.03275000000000000133 ) ) ;
#1245 = CARTESIAN_POINT ( 'NONE',  ( -0.1227669876449358211, 0.07075846654616210762, 0.03274999999999890499 ) ) ;
#1246 = CARTESIAN_POINT ( 'NONE',  ( 0.1405000000000000693, 0.000000000000000000, 0.03275000000000000133 ) ) ;
#1247 = CARTESIAN_POINT ( 'NONE',  ( 0.03677557794842516853, -0.1368431609907347635, 0.02816500000000000253 ) ) ;
#1248 = DIRECTION ( 'NONE',  ( -1.000000000000000000, 0.000000000000000000, 0.000000000000000000 ) ) ;
#1249 =( GEOMETRIC_REPRESENTATION_CONTEXT ( 3 ) GLOBAL_UNCERTAINTY_ASSIGNED_CONTEXT ( ( #1365 ) ) GLOBAL_UNIT_ASSIGNED_CONTEXT ( ( #212, #1123, #464 ) ) REPRESENTATION_CONTEXT ( 'NONE', 'WORKASPACE' ) );
#1250 = CARTESIAN_POINT ( 'NONE',  ( -0.1227669876449358211, 0.07075846654616210762, -0.03274999999999890499 ) ) ;
#1251 = CARTESIAN_POINT ( 'NONE',  ( 0.03920097974968698995, -0.1457610193195352510, -0.03275000000000000133 ) ) ;
#1252 = CARTESIAN_POINT ( 'NONE',  ( -0.1920458500733721041, -0.2498958881682200595, -0.02816500000000000253 ) ) ;
#1253 = CARTESIAN_POINT ( 'NONE',  ( -0.1457662154582750336, -0.03920313206076868340, 0.03275000000000000133 ) ) ;
#1254 = B_SPLINE_CURVE_WITH_KNOTS ( 'NONE', 3,
 ( #18, #1049, #1151, #843, #1296, #469, #741, #1184, #161, #618, #1377, #1034, #1329, #1197, #954, #179, #77, #1188 ),
 .UNSPECIFIED., .F., .F.,
 ( 4, 2, 2, 2, 2, 2, 2, 2, 4 ),
 ( 0.000000000000000000, 0.06250000000000001388, 0.1250000000000000278, 0.1874999999999999722, 0.2499999999999999722, 0.3124999999999999445, 0.3749999999999999445, 0.4375000000000000000, 0.5000000000000000000 ),
 .UNSPECIFIED. ) ;
#1255 = CARTESIAN_POINT ( 'NONE',  ( 0.09197920773841075648, -0.1196861361419704478, -0.03275000000000000133 ) ) ;
#1256 = CARTESIAN_POINT ( 'NONE',  ( -0.07075846654615983167, 0.1227669876449401370, 0.03275000000000003603 ) ) ;
#1257 = CARTESIAN_POINT ( 'NONE',  ( -0.1227669875637732722, 0.07075846674211140608, 0.02816500000000000253 ) ) ;
#1258 = CARTESIAN_POINT ( 'NONE',  ( 0.1496700000000000530, -0.01960600141125307463, -0.03275000000000000827 ) ) ;
#1259 = CARTESIAN_POINT ( 'NONE',  ( -0.04090615422876446583, -0.3125000000000000555, -0.02816500000000000253 ) ) ;
#1260 = CARTESIAN_POINT ( 'NONE',  ( 0.1405000000000000693, 8.603143764010160342E-18, -0.02816500000000000253 ) ) ;
#1261 = DIRECTION ( 'NONE',  ( -0.000000000000000000, -0.000000000000000000, -1.000000000000000000 ) ) ;
#1262 = EDGE_CURVE ( 'NONE', #508, #853, #373, .T. ) ;
#1263 = CARTESIAN_POINT ( 'NONE',  ( -0.01839140678079684635, -0.1405000000000000693, 0.03275000000000000133 ) ) ;
#1264 = CARTESIAN_POINT ( 'NONE',  ( -0.01839140678079684635, -0.1405000000000000693, -0.03275000000000000133 ) ) ;
#1265 = CARTESIAN_POINT ( 'NONE',  ( -0.07534932658333133582, -0.1307878838036822533, -0.03275000000000000133 ) ) ;
#1266 = CARTESIAN_POINT ( 'NONE',  ( -0.1227669876449370284, 0.07075846654616475828, 0.02816500000000000253 ) ) ;
#1267 = CARTESIAN_POINT ( 'NONE',  ( 0.1920458500733722706, 0.2498958881682199207, 0.02816500000000000253 ) ) ;
#1268 = CARTESIAN_POINT ( 'NONE',  ( 0.000000000000000000, 0.000000000000000000, 0.03275000000000000133 ) ) ;
#1269 = CARTESIAN_POINT ( 'NONE',  ( -0.3043664614588487694, 0.08179621386227484137, 0.02816500000000000600 ) ) ;
#1270 = CARTESIAN_POINT ( 'NONE',  ( 0.1227669876449385133, 0.07075846654616120557, -0.02816500000000000253 ) ) ;
#1271 = CARTESIAN_POINT ( 'NONE',  ( -0.1496700000000000530, 1.707404996040164512E-17, -0.03275000000000000133 ) ) ;
#1272 = CARTESIAN_POINT ( 'NONE',  ( -0.08179621396838379632, 0.3043664614149025338, -0.03275000000000001521 ) ) ;
#1273 = CARTESIAN_POINT ( 'NONE',  ( 0.3125000000000000000, 0.000000000000000000, -0.03274999999999992500 ) ) ;
#1274 = CARTESIAN_POINT ( 'NONE',  ( -0.2632851926888543082, 0.1519092116476533638, -0.03275000000000000133 ) ) ;
#1275 = CARTESIAN_POINT ( 'NONE',  ( -0.2498958881682198097, -0.1920458500733724094, 0.02816500000000000253 ) ) ;
#1276 = CARTESIAN_POINT ( 'NONE',  ( 0.2730582464046668600, -0.1573809312597979626, 0.03274999999999998052 ) ) ;
#1277 = CARTESIAN_POINT ( 'NONE',  ( -0.3125000000000000000, -0.04090615422876488216, -0.02816500000000000253 ) ) ;
#1278 = CARTESIAN_POINT ( 'NONE',  ( 0.1496700000000000530, 0.000000000000000000, -0.03275000000000000133 ) ) ;
#1279 = CARTESIAN_POINT ( 'NONE',  ( 0.3033299999999999885, 0.000000000000000000, -0.03275000000000000133 ) ) ;
#1280 = CARTESIAN_POINT ( 'NONE',  ( -0.3125000000000000000, -0.04090615422876488216, 0.02816500000000000253 ) ) ;
#1281 = CARTESIAN_POINT ( 'NONE',  ( 0.01959175696001349068, 0.1496700000000000530, 0.03275000000000000133 ) ) ;
#1282 = VERTEX_POINT ( 'NONE', #263 ) ;
#1283 = CARTESIAN_POINT ( 'NONE',  ( -0.2730582464046686919, 0.1573809312597977683, -0.03275000000000000133 ) ) ;
#1284 = CARTESIAN_POINT ( 'NONE',  ( -0.1864104566488269388, -0.2425629432258211704, -0.03275000000000000133 ) ) ;
#1285 = CARTESIAN_POINT ( 'NONE',  ( 0.2632875032991397468, 0.1519107555482600846, -0.03274999999999999439 ) ) ;
#1286 = CARTESIAN_POINT ( 'NONE',  ( -0.1405000000000000693, 0.000000000000000000, 0.03275000000000000133 ) ) ;
#1287 = CARTESIAN_POINT ( 'NONE',  ( 0.3125000000000000000, 0.000000000000000000, 0.02816500000000000253 ) ) ;
#1288 = CARTESIAN_POINT ( 'NONE',  ( 0.1405000000000000693, -0.01839140678080805613, 0.03275000000000000133 ) ) ;
#1289 = CARTESIAN_POINT ( 'NONE',  ( 0.1573809313659061127, 0.2730582463607056365, 0.02816500000000000600 ) ) ;
#1290 = CARTESIAN_POINT ( 'NONE',  ( -0.1573809312598065391, -0.2730582464046495961, -0.03275000000003013695 ) ) ;
#1291 = CARTESIAN_POINT ( 'NONE',  ( -0.1920458500733807361, -0.2498958881682458721, -0.03275000000002363520 ) ) ;
#1292 = CARTESIAN_POINT ( 'NONE',  ( 0.03917580606079145572, 0.1457744904304842659, -0.03275000000000000133 ) ) ;
#1293 = CARTESIAN_POINT ( 'NONE',  ( -0.07875471145526788397, 0.2935867788170638537, -0.03275000000000000133 ) ) ;
#1294 = CARTESIAN_POINT ( 'NONE',  ( -0.1196861361419743475, -0.09197920773840688458, 0.03275000000000000133 ) ) ;
#1295 = CARTESIAN_POINT ( 'NONE',  ( 0.2878310187373523954, -0.09775026220306991254, -0.03275000000000000133 ) ) ;
#1296 = CARTESIAN_POINT ( 'NONE',  ( 0.1123531913569443541, -0.08634381415647555957, -0.02816499999999999559 ) ) ;
#1297 = CARTESIAN_POINT ( 'NONE',  ( -0.01839140678079704064, 0.1405000000000000693, -0.02816500000000000253 ) ) ;
#1298 = CARTESIAN_POINT ( 'NONE',  ( 0.07939598586569344973, 0.2954351319711591151, 0.03275000000000000133 ) ) ;
#1299 = CARTESIAN_POINT ( 'NONE',  ( -0.3043664614148951508, 0.08179621396838826497, -0.02816500000000000253 ) ) ;
#1300 = CARTESIAN_POINT ( 'NONE',  ( 0.2935895043678939942, 0.07875525360103326211, 0.03274999999999999439 ) ) ;
#1301 = CARTESIAN_POINT ( 'NONE',  ( -0.01839140699289026210, -0.1405000000000000693, 0.02816500000000000253 ) ) ;
#1302 = CARTESIAN_POINT ( 'NONE',  ( 0.03920313206083143182, 0.1457662154582562986, -0.03275000000000000133 ) ) ;
#1303 = EDGE_CURVE ( 'NONE', #1282, #1022, #1092, .T. ) ;
#1304 = CARTESIAN_POINT ( 'NONE',  ( -0.2726471384514834728, -0.1344073919186740962, -0.03275000000000000827 ) ) ;
#1305 = CARTESIAN_POINT ( 'NONE',  ( 0.1920458499921609552, -0.2498958882494312639, 0.02816500000000000600 ) ) ;
#1306 = CARTESIAN_POINT ( 'NONE',  ( -0.2425629432258036844, -0.1864104566488099801, 0.03275000000000000133 ) ) ;
#1307 = CARTESIAN_POINT ( 'NONE',  ( -0.2498958881682114830, 0.1920458500733806806, -0.02816500000000000253 ) ) ;
#1308 = CARTESIAN_POINT ( 'NONE',  ( 0.2004596186959870796, 0.2285157711358712651, 0.03275000000000000827 ) ) ;
#1309 = CARTESIAN_POINT ( 'NONE',  ( -0.03677557775247891625, -0.1368431610718983671, 0.02816500000000000600 ) ) ;
#1310 = CARTESIAN_POINT ( 'NONE',  ( -0.1307796088314445160, -0.07537665258337643281, -0.03275000000000000133 ) ) ;
#1311 = CARTESIAN_POINT ( 'NONE',  ( -0.07075846654615948472, 0.1227669876449392211, 0.02816500000000000253 ) ) ;
#1312 = CARTESIAN_POINT ( 'NONE',  ( -0.2425629432258039897, 0.1864104566488269388, 0.03275000000000000133 ) ) ;
#1313 = VERTEX_POINT ( 'NONE', #723 ) ;
#1314 = CARTESIAN_POINT ( 'NONE',  ( 0.2730582464046583668, -0.1573809312597944932, -0.02816500000000000253 ) ) ;
#1315 = CARTESIAN_POINT ( 'NONE',  ( 0.1864104566488165027, -0.2425629432258143703, -0.03275000000000000133 ) ) ;
#1316 = CARTESIAN_POINT ( 'NONE',  ( -0.1457744904304841549, 0.03917580606078958916, -0.03275000000000000133 ) ) ;
#1317 = CARTESIAN_POINT ( 'NONE',  ( -0.1405000000000000693, -0.01839140699289025516, 0.02816500000000000947 ) ) ;
#1319 = CARTESIAN_POINT ( 'NONE',  ( 0.09200128697574615211, 0.1196680338570366015, -0.03275000000000000133 ) ) ;
#1318 = PRODUCT_DEFINITION_FORMATION_WITH_SPECIFIED_SOURCE ( 'Symmetric', '', #1389, .NOT_KNOWN. ) ;
#1320 = CARTESIAN_POINT ( 'NONE',  ( 0.3013769392596483132, -0.03959093021231106097, -0.03274999999999999439 ) ) ;
#1321 = CARTESIAN_POINT ( 'NONE',  ( -0.2632851926888657434, -0.1519092116476359888, 0.03275000000000000133 ) ) ;
#1322 = CARTESIAN_POINT ( 'NONE',  ( 0.08179621386227496627, -0.3043664614588486583, 0.02816500000000000600 ) ) ;
#1323 = CARTESIAN_POINT ( 'NONE',  ( 0.1527627452129076691, -0.2650456252221552456, 0.03275000000000000133 ) ) ;
#1324 = CARTESIAN_POINT ( 'NONE',  ( -0.07939598586569367178, 0.2954351319711417956, -0.03275000000000000133 ) ) ;
#1325 = CARTESIAN_POINT ( 'NONE',  ( 0.3043664614149092507, 0.08179621396838469838, 0.03275000000000639205 ) ) ;
#1326 = CARTESIAN_POINT ( 'NONE',  ( 0.07534932658333449995, 0.1307878838036724556, -0.03275000000000000133 ) ) ;
#1327 = CARTESIAN_POINT ( 'NONE',  ( -0.07075846654616355091, -0.1227669876449375141, -0.02816500000000000253 ) ) ;
#1328 = CARTESIAN_POINT ( 'NONE',  ( 0.1496700000000000530, 0.01959175696002519312, -0.03275000000000000133 ) ) ;
#1329 = CARTESIAN_POINT ( 'NONE',  ( -0.08634381415647550406, -0.1123531913569443680, -0.02816499999999999559 ) ) ;
#1330 = CARTESIAN_POINT ( 'NONE',  ( 0.1405000000000000693, 0.000000000000000000, 0.02816500000000000253 ) ) ;
#1331 = CARTESIAN_POINT ( 'NONE',  ( -0.1920458500733635276, -0.2498958881682458721, 0.03275000000002363520 ) ) ;
#1332 = CARTESIAN_POINT ( 'NONE',  ( 0.000000000000000000, 0.000000000000000000, 0.000000000000000000 ) ) ;
#1333 = CARTESIAN_POINT ( 'NONE',  ( -0.1527627452129118879, 0.2650456252221553566, 0.03275000000000000133 ) ) ;
#1334 = EDGE_CURVE ( 'NONE', #54, #691, #1220, .T. ) ;
#1335 = CARTESIAN_POINT ( 'NONE',  ( 0.1496700000000000530, -0.01959175696002522088, -0.03275000000000000133 ) ) ;
#1336 = CARTESIAN_POINT ( 'NONE',  ( -0.1920458500733810692, 0.2498958881682112054, -0.02816500000000000253 ) ) ;
#1337 = ORIENTED_EDGE ( 'NONE', *, *, #1144, .F. ) ;
#1338 = CARTESIAN_POINT ( 'NONE',  ( -0.2425629432258039897, 0.1864104566488269388, -0.03275000000000000133 ) ) ;
#1339 = CARTESIAN_POINT ( 'NONE',  ( 0.1864104566488270776, 0.2425629432258210316, 0.03275000000000000133 ) ) ;
#1340 = CARTESIAN_POINT ( 'NONE',  ( 0.1405000000000000693, 0.01839140678080804225, -0.02816500000000000253 ) ) ;
#1341 = CLOSED_SHELL ( 'NONE', ( #715, #1128, #1175, #1031, #349, #26, #532, #312, #971, #1394, #1438, #623, #1349, #293 ) ) ;
#1342 = ORIENTED_EDGE ( 'NONE', *, *, #939, .F. ) ;
#1343 = CARTESIAN_POINT ( 'NONE',  ( 0.1527627452129076691, -0.2650456252221552456, -0.03275000000000000133 ) ) ;
#1344 = CARTESIAN_POINT ( 'NONE',  ( 0.07939598586569675265, -0.2954351319711423507, 0.03275000000000000133 ) ) ;
#1345 = CARTESIAN_POINT ( 'NONE',  ( 0.07875525360111475248, -0.2935895043678594107, 0.03275000000000000133 ) ) ;
#1346 = CARTESIAN_POINT ( 'NONE',  ( -0.3125000000000000000, 0.000000000000000000, 0.03275000000000000133 ) ) ;
#1347 = CARTESIAN_POINT ( 'NONE',  ( -0.04090615434361704467, -0.3125000000000000000, -0.02816500000000000253 ) ) ;
#1348 = CARTESIAN_POINT ( 'NONE',  ( 0.07537665258337639118, -0.1307796088314445160, -0.03275000000000000133 ) ) ;
#1349 = ADVANCED_FACE ( 'NONE', ( #845 ), #872, .T. ) ;
#1350 = CARTESIAN_POINT ( 'NONE',  ( -0.08179621396838185343, 0.3043664614148978154, -0.02816500000000000253 ) ) ;
#1351 = CARTESIAN_POINT ( 'NONE',  ( -0.1227669876449401787, -0.07075846654616596565, 0.03275000000000105604 ) ) ;
#1352 = ORIENTED_EDGE ( 'NONE', *, *, #1262, .T. ) ;
#1353 = CARTESIAN_POINT ( 'NONE',  ( -0.01956334433305409112, 0.1496671878699896707, 0.03275000000000000133 ) ) ;
#1354 = CARTESIAN_POINT ( 'NONE',  ( 0.2650456252221721209, -0.1527627452129171337, 0.03275000000000000133 ) ) ;
#1355 = CARTESIAN_POINT ( 'NONE',  ( -0.1368431610718983948, -0.03677557775247888849, 0.02816500000000000253 ) ) ;
#1356 = CARTESIAN_POINT ( 'NONE',  ( 0.07075846654616119169, 0.1227669876449385272, -0.02816500000000000253 ) ) ;
#1357 = CARTESIAN_POINT ( 'NONE',  ( 0.1123531912069662131, 0.08634381430644941235, 0.03275000000000000133 ) ) ;
#1358 = CARTESIAN_POINT ( 'NONE',  ( 0.08634381430645464428, -0.1123531912069695021, 0.03274999999998724765 ) ) ;
#1359 = CARTESIAN_POINT ( 'NONE',  ( 0.2498958881682235011, -0.1920458500733857876, 0.03275000000000000133 ) ) ;
#1360 = CARTESIAN_POINT ( 'NONE',  ( 0.3125000000000000555, -0.04090615434361705854, -0.02816500000000000253 ) ) ;
#1361 = CARTESIAN_POINT ( 'NONE',  ( 0.07075846654616382847, -0.1227669876449401787, -0.03274999999999787803 ) ) ;
#1362 = CARTESIAN_POINT ( 'NONE',  ( -0.1368431609907356794, 0.03677557794842854083, 0.03275000000000103523 ) ) ;
#1363 = CARTESIAN_POINT ( 'NONE',  ( -0.07075846674211143383, 0.1227669875637732583, 0.02816500000000000600 ) ) ;
#1364 = CARTESIAN_POINT ( 'NONE',  ( -0.07075846654615983167, 0.1227669876449401370, 0.03275000000000003603 ) ) ;
#1365 = UNCERTAINTY_MEASURE_WITH_UNIT (LENGTH_MEASURE( 1.000000000000000082E-05 ), #212, 'distance_accuracy_value', 'NONE');
#1366 = CARTESIAN_POINT ( 'NONE',  ( -0.1920458500733721041, -0.2498958881682200595, 0.02816500000000000253 ) ) ;
#1367 = CARTESIAN_POINT ( 'NONE',  ( 0.08179621396838041014, -0.3043664614148982595, -0.02816500000000000253 ) ) ;
#1368 = CARTESIAN_POINT ( 'NONE',  ( -0.1405000000000000693, 0.01839140678079706492, -0.02816500000000000253 ) ) ;
#1369 = CARTESIAN_POINT ( 'NONE',  ( -0.1123531912069692107, -0.08634381430644648414, 0.03275000000000000133 ) ) ;
#1370 = EDGE_LOOP ( 'NONE', ( #1431, #867, #1337, #773 ) ) ;
#1371 = CARTESIAN_POINT ( 'NONE',  ( -0.1307930799423975277, -0.07535147889446233704, -0.03275000000000000133 ) ) ;
#1372 = CARTESIAN_POINT ( 'NONE',  ( 0.3043664614148955394, -0.08179621396838744618, -0.02816500000000000253 ) ) ;
#1373 =( BOUNDED_CURVE ( )  B_SPLINE_CURVE ( 2, ( #996, #1452, #1229 ),
 .UNSPECIFIED., .F., .F. ) 
 B_SPLINE_CURVE_WITH_KNOTS ( ( 3, 3 ),
 ( 0.000000000000000000, 1.000000000000000000 ),
 .UNSPECIFIED. ) 
 CURVE ( )  GEOMETRIC_REPRESENTATION_ITEM ( )  RATIONAL_B_SPLINE_CURVE ( ( 1.000000000000000000, 1.857142857142857428, 1.000000000000000000 ) ) 
 REPRESENTATION_ITEM ( '' )  );
#1374 = CARTESIAN_POINT ( 'NONE',  ( -0.1405000000000000693, 1.723822351771319501E-17, -0.03275000000000000133 ) ) ;
#1375 = CARTESIAN_POINT ( 'NONE',  ( -0.1123531912069736238, 0.08634381430645060584, 0.03274999999999999439 ) ) ;
#1376 = CARTESIAN_POINT ( 'NONE',  ( 0.04090615422876491686, 0.3125000000000000555, 0.03274999999999992500 ) ) ;
#1377 = CARTESIAN_POINT ( 'NONE',  ( -0.03677557775247880523, -0.1368431610718984226, -0.02816500000000000253 ) ) ;
#1378 = EDGE_LOOP ( 'NONE', ( #1016, #401, #34, #987 ) ) ;
#1379 = CARTESIAN_POINT ( 'NONE',  ( 0.08634381430645464428, -0.1123531912069652416, -0.03274999999998724765 ) ) ;
#1380 = CARTESIAN_POINT ( 'NONE',  ( -0.3125000000000000000, 0.04090615422876495155, 0.02816500000000000253 ) ) ;
#1381 = CARTESIAN_POINT ( 'NONE',  ( 0.04090615422876545115, -0.3124999999999999445, -0.02816500000000000253 ) ) ;
#1382 = CARTESIAN_POINT ( 'NONE',  ( -0.01983869564449361120, 0.3033285928877845206, -0.03275000000000000827 ) ) ;
#1383 = CARTESIAN_POINT ( 'NONE',  ( -0.1227669876449378472, -0.07075846654616288478, -0.02816500000000000253 ) ) ;
#1384 = CARTESIAN_POINT ( 'NONE',  ( -0.3125000000000000555, -0.04090615422876488216, 0.03274999999999992500 ) ) ;
#1385 = CARTESIAN_POINT ( 'NONE',  ( 0.09197920773840946584, 0.1196861361419759989, 0.03275000000000000133 ) ) ;
#1386 = CARTESIAN_POINT ( 'NONE',  ( -0.1196640569045919061, -0.09199731002338779051, -0.03275000000000000133 ) ) ;
#1387 = CARTESIAN_POINT ( 'NONE',  ( -0.1496700000000000530, 1.707404996040164512E-17, 0.03275000000000000133 ) ) ;
#1388 = CARTESIAN_POINT ( 'NONE',  ( -0.1368431609907339863, -0.03677557794842700734, 0.02816500000000000253 ) ) ;
#1389 = PRODUCT ( '90126A206_Zinc-Plated Steel SAE Washer_90126A206', '90126A206_Zinc-Plated Steel SAE Washer_90126A206', '', ( #230 ) ) ;
#1390 = CARTESIAN_POINT ( 'NONE',  ( 0.1573809312598230814, 0.2730582464046343860, 0.03275000000002797895 ) ) ;
#1391 =( BOUNDED_SURFACE ( )  B_SPLINE_SURFACE ( 2, 3, ( 
 ( #1330, #308, #1089, #193, #1211, #171, #1105, #777, #962, #301, #1097, #1311, #1221, #199, #658, #1448, #1429, #89, #536, #423, #78, #885, #290, #756, #1198, #180, #406, #763, #1008, #1138, #326, #672, #689, #1236 ),
 ( #342, #555, #1474, #450, #1357, #1466, #791, #680, #908, #440, #461, #1256, #901, #1375, #1245, #1362, #337, #226, #3, #453, #1369, #1027, #893, #804, #1263, #233, #1458, #542, #695, #9, #783, #1228, #204, #663 ),
 ( #1112, #738, #127, #15, #598, #382, #589, #1176, #1158, #818, #489, #952, #137, #482, #264, #827, #1056, #272, #155, #840, #1294, #809, #761, #390, #1217, #82, #169, #67, #641, #280, #1205, #1210, #769, #1102 ) ),
 .UNSPECIFIED., .F., .T., .F. ) 
 B_SPLINE_SURFACE_WITH_KNOTS ( ( 3, 3 ),
 ( 4, 2, 2, 2, 2, 2, 2, 2, 2, 2, 2, 2, 2, 2, 2, 2, 4 ),
 ( 0.000000000000000000, 1.000000000000000000 ),
 ( 0.000000000000000000, 0.3926990816987241395, 0.7853981633974482790, 1.178097245096172418, 1.570796326794896558, 1.963495408493620697, 2.356194490192344837, 2.748893571891068976, 3.141592653589793116, 3.534291735288517255, 3.926990816987241395, 4.319689898685965090, 4.712388980384689674, 5.105088062083414258, 5.497787143782137953, 5.890486225480861648, 6.283185307179586232 ),
 .UNSPECIFIED. ) 
 GEOMETRIC_REPRESENTATION_ITEM ( )  RATIONAL_B_SPLINE_SURFACE ( (
 ( 1.000000000000000000, 1.000000000000000000, 1.000000000000000000, 1.000000000000000000, 1.000000000000000000, 1.000000000000000000, 1.000000000000000000, 1.000000000000000000, 1.000000000000000000, 1.000000000000000000, 1.000000000000000000, 1.000000000000000000, 1.000000000000000000, 1.000000000000000000, 1.000000000000000000, 1.000000000000000000, 1.000000000000000000, 1.000000000000000000, 1.000000000000000000, 1.000000000000000000, 1.000000000000000000, 1.000000000000000000, 1.000000000000000000, 1.000000000000000000, 1.000000000000000000, 1.000000000000000000, 1.000000000000000000, 1.000000000000000000, 1.000000000000000000, 1.000000000000000000, 1.000000000000000000, 1.000000000000000000, 1.000000000000000000, 1.000000000000000000),
 ( 1.857142857142857428, 1.857142857142857428, 1.857142857142857428, 1.857142857142857428, 1.857142857142857428, 1.857142857142857428, 1.857142857142857428, 1.857142857142857428, 1.857142857142857428, 1.857142857142857428, 1.857142857142858317, 1.857142857142858317, 1.857142857142856318, 1.857142857142856318, 1.857142857142857428, 1.857142857142857428, 1.857142857142857428, 1.857142857142857428, 1.857142857142857428, 1.857142857142857428, 1.857142857142858317, 1.857142857142858317, 1.857142857142857428, 1.857142857142857428, 1.857142857142857428, 1.857142857142857428, 1.857142857142857428, 1.857142857142857428, 1.857142857142857428, 1.857142857142857428, 1.857142857142857428, 1.857142857142857428, 1.857142857142857428, 1.857142857142857428),
 ( 1.000000000000000000, 1.000000000000000000, 1.000000000000000000, 1.000000000000000000, 1.000000000000000000, 1.000000000000000000, 1.000000000000000000, 1.000000000000000000, 1.000000000000000000, 1.000000000000000000, 1.000000000000000000, 1.000000000000000000, 1.000000000000000000, 1.000000000000000000, 1.000000000000000000, 1.000000000000000000, 1.000000000000000000, 1.000000000000000000, 1.000000000000000000, 1.000000000000000000, 1.000000000000000000, 1.000000000000000000, 1.000000000000000000, 1.000000000000000000, 1.000000000000000000, 1.000000000000000000, 1.000000000000000000, 1.000000000000000000, 1.000000000000000000, 1.000000000000000000, 1.000000000000000000, 1.000000000000000000, 1.000000000000000000, 1.000000000000000000) ) ) 
 REPRESENTATION_ITEM ( '' )  SURFACE ( )  );
#1392 = CARTESIAN_POINT ( 'NONE',  ( -0.09197920773840674580, -0.1196861361419744724, 0.03275000000000000133 ) ) ;
#1393 = CARTESIAN_POINT ( 'NONE',  ( 0.1123531913569444235, 0.08634381415647550406, -0.02816500000000000600 ) ) ;
#1394 = ADVANCED_FACE ( 'NONE', ( #815 ), #250, .F. ) ;
#1395 = CARTESIAN_POINT ( 'NONE',  ( -0.3125000000000000000, -0.04090615422876488216, -0.02816500000000000253 ) ) ;
#1396 = CARTESIAN_POINT ( 'NONE',  ( 0.3125000000000000555, -0.04090615422874196994, -0.03274999999999992500 ) ) ;
#1397 = FACE_OUTER_BOUND ( 'NONE', #1042, .T. ) ;
#1398 = CARTESIAN_POINT ( 'NONE',  ( 0.2730582464046668600, -0.1573809312597979626, 0.03274999999999998052 ) ) ;
#1399 = B_SPLINE_CURVE_WITH_KNOTS ( 'NONE', 3,
 ( #1271, #473, #240, #1371, #1386, #12, #1265, #797, #365, #714, #1251, #1023, #1146, #221, #124, #1017, #1258, #1425 ),
 .UNSPECIFIED., .F., .F.,
 ( 4, 2, 2, 2, 2, 2, 2, 2, 4 ),
 ( 0.5000000000000000000, 0.5625000000000000000, 0.6250000000000000000, 0.6875000000000000000, 0.7500000000000000000, 0.8125000000000000000, 0.8750000000000000000, 0.9375000000000000000, 1.000000000000000000 ),
 .UNSPECIFIED. ) ;
#1400 = CARTESIAN_POINT ( 'NONE',  ( -0.1573809312597975185, 0.2730582464046515945, -0.03275000000000001521 ) ) ;
#1401 = CARTESIAN_POINT ( 'NONE',  ( 0.3033299999999999885, 0.03970580403905373673, -0.03275000000000000133 ) ) ;
#1402 = CARTESIAN_POINT ( 'NONE',  ( -0.08634381430644863520, 0.1123531912069713479, 0.02816500000000000253 ) ) ;
#1403 = CARTESIAN_POINT ( 'NONE',  ( 0.03917580606078915201, -0.1457744904304843492, 0.03275000000000000133 ) ) ;
#1404 = CARTESIAN_POINT ( 'NONE',  ( 0.08634381430645156341, 0.1123531912069683641, -0.02816500000000000253 ) ) ;
#1405 = CARTESIAN_POINT ( 'NONE',  ( -0.03970580403907602446, 0.3033299999999999885, 0.03275000000000000133 ) ) ;
#1406 = CARTESIAN_POINT ( 'NONE',  ( -0.04090615422876489604, 0.3125000000000000000, -0.02816500000000000253 ) ) ;
#1407 = CARTESIAN_POINT ( 'NONE',  ( -0.2650456252221555786, -0.1527627452129027563, -0.03275000000000000133 ) ) ;
#1408 = EDGE_CURVE ( 'NONE', #964, #70, #1399, .T. ) ;
#1409 = CARTESIAN_POINT ( 'NONE',  ( 0.1851122061176779243, -0.2411030032807065238, 0.03274999999999999439 ) ) ;
#1410 = CARTESIAN_POINT ( 'NONE',  ( 0.1307796088314470973, 0.07537665258337407359, -0.03275000000000000133 ) ) ;
#1411 = CARTESIAN_POINT ( 'NONE',  ( 0.1405000000000000693, 8.603143764010160342E-18, -0.02816500000000000253 ) ) ;
#1412 = CARTESIAN_POINT ( 'NONE',  ( 0.3043664614588487694, -0.08179621386227488300, 0.02816500000000000947 ) ) ;
#1413 = CARTESIAN_POINT ( 'NONE',  ( -0.1123531912069714728, 0.08634381430644846867, -0.02816500000000000253 ) ) ;
#1414 = CARTESIAN_POINT ( 'NONE',  ( -0.2650456252221724540, 0.1527627452129035890, 0.03275000000000000133 ) ) ;
#1415 = CARTESIAN_POINT ( 'NONE',  ( -0.3043664614149027559, -0.08179621396839187319, -0.03275000000000000133 ) ) ;
#1416 = CARTESIAN_POINT ( 'NONE',  ( 0.3033299999999999885, 0.000000000000000000, -0.03275000000000000133 ) ) ;
#1417 = CARTESIAN_POINT ( 'NONE',  ( 0.2878336187416787317, -0.09775133916025736946, 0.03275000000000000133 ) ) ;
#1418 = PRODUCT_DEFINITION ( 'General', '', #1318, #51 ) ;
#1419 = APPLICATION_CONTEXT ( 'automotive_design' ) ;
#1420 = CARTESIAN_POINT ( 'NONE',  ( -0.1496700000000000530, 0.01959175696001350109, -0.03275000000000000133 ) ) ;
#1421 = CARTESIAN_POINT ( 'NONE',  ( -0.3033314071122156230, -0.01983869564481526016, 0.03275000000000000133 ) ) ;
#1422 = CARTESIAN_POINT ( 'NONE',  ( -0.3043664614148851033, 0.08179621396838410163, 0.03275000000000000133 ) ) ;
#1423 = CARTESIAN_POINT ( 'NONE',  ( -0.08634381430644848254, -0.1123531912069714450, 0.02816500000000000253 ) ) ;
#1424 = EDGE_LOOP ( 'NONE', ( #938, #792, #80, #858 ) ) ;
#1425 = CARTESIAN_POINT ( 'NONE',  ( 0.1496700000000000530, 0.000000000000000000, -0.03275000000000000133 ) ) ;
#1426 = CARTESIAN_POINT ( 'NONE',  ( 0.1573809312597970467, -0.2730582464046498181, -0.03275000000000000133 ) ) ;
#1427 = CARTESIAN_POINT ( 'NONE',  ( -0.07075846674211143383, -0.1227669875637732860, 0.02816500000000000253 ) ) ;
#1428 = CARTESIAN_POINT ( 'NONE',  ( -0.2632875032991764952, -0.1519107555481376270, -0.03275000000000000133 ) ) ;
#1429 = CARTESIAN_POINT ( 'NONE',  ( -0.1405000000000000693, 0.01839140678079706492, 0.02816500000000000253 ) ) ;
#1430 = CARTESIAN_POINT ( 'NONE',  ( 0.1573809312598230814, 0.2730582464046343860, 0.03275000000002797895 ) ) ;
#1431 = ORIENTED_EDGE ( 'NONE', *, *, #649, .F. ) ;
#1432 = B_SPLINE_CURVE_WITH_KNOTS ( 'NONE', 3,
 ( #1001, #1160, #498, #362, #139, #1050, #619, #722, #492, #1040, #590, #1068, #392, #1393, #732, #41, #1167, #50 ),
 .UNSPECIFIED., .F., .F.,
 ( 4, 2, 2, 2, 2, 2, 2, 2, 4 ),
 ( 0.5000000000000000000, 0.5625000000000000000, 0.6250000000000000000, 0.6875000000000000000, 0.7500000000000000000, 0.8125000000000001110, 0.8750000000000000000, 0.9375000000000000000, 1.000000000000000000 ),
 .UNSPECIFIED. ) ;
#1433 = CARTESIAN_POINT ( 'NONE',  ( 0.09199731002339137098, 0.1196640569045805264, 0.03275000000000000133 ) ) ;
#1434 = CARTESIAN_POINT ( 'NONE',  ( -0.2411006926702805309, 0.1851106622173470662, 0.03275000000000000827 ) ) ;
#1435 = CARTESIAN_POINT ( 'NONE',  ( -0.09775026220295475465, -0.2878310187374193418, -0.03275000000000000133 ) ) ;
#1436 = CARTESIAN_POINT ( 'NONE',  ( -0.08179621386227488300, -0.3043664614588486583, 0.02816500000000000253 ) ) ;
#1437 = CARTESIAN_POINT ( 'NONE',  ( -0.04090615422876490298, 0.3125000000000000555, 0.03274999999999992500 ) ) ;
#1438 = ADVANCED_FACE ( 'NONE', ( #1062 ), #553, .T. ) ;
#1439 = CARTESIAN_POINT ( 'NONE',  ( -0.1527627452129118879, 0.2650456252221553566, -0.03275000000000000133 ) ) ;
#1440 = FACE_OUTER_BOUND ( 'NONE', #1424, .T. ) ;
#1441 =( BOUNDED_CURVE ( )  B_SPLINE_CURVE ( 2, ( #261, #1148, #727 ),
 .UNSPECIFIED., .F., .F. ) 
 B_SPLINE_CURVE_WITH_KNOTS ( ( 3, 3 ),
 ( 0.000000000000000000, 1.000000000000000000 ),
 .UNSPECIFIED. ) 
 CURVE ( )  GEOMETRIC_REPRESENTATION_ITEM ( )  RATIONAL_B_SPLINE_CURVE ( ( 1.000000000000000000, 1.857142857142857428, 1.000000000000000000 ) ) 
 REPRESENTATION_ITEM ( '' )  );
#1442 = CARTESIAN_POINT ( 'NONE',  ( -0.1496700000000000530, -0.01959175696001346986, -0.03275000000000000133 ) ) ;
#1443 = CARTESIAN_POINT ( 'NONE',  ( -0.1344073919183817467, -0.2726471384516078178, 0.03275000000000000133 ) ) ;
#1444 = CARTESIAN_POINT ( 'NONE',  ( -0.1573809313659058906, -0.2730582463607057475, 0.02816500000000000600 ) ) ;
#1445 = CARTESIAN_POINT ( 'NONE',  ( 0.2730582464046668600, -0.1573809312597979626, -0.03274999999999998052 ) ) ;
#1446 = CARTESIAN_POINT ( 'NONE',  ( -0.1527627452129171337, -0.2650456252221549125, 0.03275000000000000133 ) ) ;
#1447 = CARTESIAN_POINT ( 'NONE',  ( 0.1405000000000000693, 0.000000000000000000, -0.03275000000000000133 ) ) ;
#1448 = CARTESIAN_POINT ( 'NONE',  ( -0.1368431609907345137, 0.03677557794842591099, 0.02816500000000000253 ) ) ;
#1449 = EDGE_LOOP ( 'NONE', ( #43, #292, #1115, #1070 ) ) ;
#1450 = CARTESIAN_POINT ( 'NONE',  ( -0.2954351319711420176, -0.07939598586570177641, -0.03275000000000000133 ) ) ;
#1451 = CARTESIAN_POINT ( 'NONE',  ( 0.2650456252221489173, 0.1527627452129016183, 0.03275000000000000133 ) ) ;
#1452 = CARTESIAN_POINT ( 'NONE',  ( 0.3125000000000000000, 0.000000000000000000, 0.03274999999999992500 ) ) ;
#1453 = CARTESIAN_POINT ( 'NONE',  ( 0.07075846654616187170, 0.1227669876449401232, -0.03274999999999893968 ) ) ;
#1454 = CARTESIAN_POINT ( 'NONE',  ( -0.1196680338570335067, 0.09200128697574921910, -0.03275000000000000133 ) ) ;
#1456 = EDGE_CURVE ( 'NONE', #229, #666, #190, .T. ) ;
#1455 = CARTESIAN_POINT ( 'NONE',  ( 0.04090615434361714181, -0.3125000000000000555, -0.02816500000000000600 ) ) ;
#1457 = CARTESIAN_POINT ( 'NONE',  ( -0.08634381430644649802, 0.1123531912069691691, -0.03274999999999999439 ) ) ;
#1458 = CARTESIAN_POINT ( 'NONE',  ( 0.03677557794842601507, -0.1368431609907315993, 0.03275000000000213157 ) ) ;
#1459 = CARTESIAN_POINT ( 'NONE',  ( 0.01839140699289025169, 0.1405000000000000693, 0.02816500000000000253 ) ) ;
#1460 = CARTESIAN_POINT ( 'NONE',  ( -0.1123531912069692107, -0.08634381430644648414, 0.03275000000000000133 ) ) ;
#1461 = ORIENTED_EDGE ( 'NONE', *, *, #1262, .F. ) ;
#1462 = CARTESIAN_POINT ( 'NONE',  ( 0.3125000000000000555, -0.04090615422874196994, -0.03274999999999992500 ) ) ;
#1463 = CARTESIAN_POINT ( 'NONE',  ( 0.2954351319711248092, -0.07939598586568902272, 0.03275000000000000133 ) ) ;
#1464 = CARTESIAN_POINT ( 'NONE',  ( 0.1344084688755764201, -0.2726497384559120052, 0.03275000000000000133 ) ) ;
#1465 = CARTESIAN_POINT ( 'NONE',  ( 0.1227669876449385133, 0.07075846654616120557, -0.02816500000000000253 ) ) ;
#1466 = CARTESIAN_POINT ( 'NONE',  ( 0.08634381430645370059, 0.1123531912069704597, 0.03275000000000000133 ) ) ;
#1467 = CARTESIAN_POINT ( 'NONE',  ( -0.1573809312597994892, 0.2730582464046563684, -0.02816500000000000253 ) ) ;
#1468 = CARTESIAN_POINT ( 'NONE',  ( -0.03677557794843049760, 0.1368431609907315438, 0.03275000000000003603 ) ) ;
#1469 = CARTESIAN_POINT ( 'NONE',  ( -0.1123531912069736238, 0.08634381430645060584, -0.03274999999999999439 ) ) ;
#1470 = CARTESIAN_POINT ( 'NONE',  ( -0.2730582464046587554, 0.1573809312597936605, 0.02816500000000000253 ) ) ;
#1471 = CARTESIAN_POINT ( 'NONE',  ( -0.3043664614149027559, -0.08179621396839187319, -0.03275000000000000133 ) ) ;
#1472 = CARTESIAN_POINT ( 'NONE',  ( -0.03920097974966567367, 0.1457610193195479353, -0.03275000000000000133 ) ) ;
#1473 = CARTESIAN_POINT ( 'NONE',  ( 0.1227669876449358211, -0.07075846654616636811, -0.03274999999999253508 ) ) ;
#1474 = CARTESIAN_POINT ( 'NONE',  ( 0.1368431609907329871, 0.03677557794842900574, 0.03275000000000000133 ) ) ;
#1475 = CARTESIAN_POINT ( 'NONE',  ( -0.3125000000000000000, 0.04090615422876495155, -0.02816500000000000253 ) ) ;
#1476 = CARTESIAN_POINT ( 'NONE',  ( 0.07075846654616187170, 0.1227669876449401232, 0.03274999999999893968 ) ) ;
#1477 = CARTESIAN_POINT ( 'NONE',  ( 0.1920458500733722706, 0.2498958881682199207, 0.02816500000000000253 ) ) ;
ENDSEC;
END-ISO-10303-21;
