ISO-10303-21;
HEADER;
FILE_DESCRIPTION (( 'STEP AP214' ),
    '1' );
FILE_NAME ('90499A029_High-Strength Steel Hex Nut.STEP',
    '2026-02-20T19:34:21',
    ( '' ),
    ( '' ),
    'SwSTEP 2.0',
    'SolidWorks 2025',
    '' );
FILE_SCHEMA (( 'AUTOMOTIVE_DESIGN' ));
ENDSEC;

DATA;
#1 = CARTESIAN_POINT ( 'NONE',  ( -0.09252404735808340830, 0.03832471526136869977, 0.03125000000000002776 ) ) ;
#2 = CARTESIAN_POINT ( 'NONE',  ( -0.09252404735808342218, 0.03832471526136869977, 0.07499999999999999722 ) ) ;
#3 = CARTESIAN_POINT ( 'NONE',  ( -2.163296976754785889E-17, 0.2525907427704615626, 0.08983703805189720282 ) ) ;
#4 = CARTESIAN_POINT ( 'NONE',  ( 0.06542438130972606791, 0.06542438130972604016, 0.05937500000000001804 ) ) ;
#5 = VERTEX_POINT ( 'NONE', #380 ) ;
#6 = CARTESIAN_POINT ( 'NONE',  ( 0.03832471526136875528, 0.09252404735808340830, -0.08749999999999999445 ) ) ;
#7 = CARTESIAN_POINT ( 'NONE',  ( -1.133092784412349844E-17, -0.09252404735808340830, -0.1031249999999999944 ) ) ;
#8 = CARTESIAN_POINT ( 'NONE',  ( -0.06542438130972604016, 0.06542438130972605403, -0.1218749999999999972 ) ) ;
#9 = EDGE_CURVE ( 'NONE', #233, #542, #443, .T. ) ;
#10 = ORIENTED_EDGE ( 'NONE', *, *, #1105, .T. ) ;
#11 = CIRCLE ( 'NONE', #1641, 0.1250000000000000555 ) ;
#12 = CARTESIAN_POINT ( 'NONE',  ( 0.000000000000000000, 7.145107678494430182E-19, -0.09687500000000000278 ) ) ;
#13 = ORIENTED_EDGE ( 'NONE', *, *, #1334, .F. ) ;
#14 = CARTESIAN_POINT ( 'NONE',  ( 0.06542438130972606791, 0.06542438130972604016, 0.01562500000000002082 ) ) ;
#15 = CARTESIAN_POINT ( 'NONE',  ( -0.06542438130972604016, 0.06542438130972605403, -0.02812499999999999029 ) ) ;
#16 = CARTESIAN_POINT ( 'NONE',  ( 0.000000000000000000, 0.09252404735808340830, 0.01562500000000000347 ) ) ;
#17 = ORIENTED_EDGE ( 'NONE', *, *, #41, .T. ) ;
#18 = DIRECTION ( 'NONE',  ( -0.000000000000000000, -0.000000000000000000, -1.000000000000000000 ) ) ;
#19 = CARTESIAN_POINT ( 'NONE',  ( -0.2187499999999998057, 0.1262953713852306981, 0.08983703805189743874 ) ) ;
#20 = CARTESIAN_POINT ( 'NONE',  ( 0.09252404735808340830, 0.03832471526136870671, -0.04374999999999999722 ) ) ;
#21 = CARTESIAN_POINT ( 'NONE',  ( 0.03111168313740895336, 0.1112885577846454421, -0.09967534109336723125 ) ) ;
#22 = CARTESIAN_POINT ( 'NONE',  ( 0.2187499999999990008, 0.1058704706304100240, 0.09573319902638144363 ) ) ;
#23 = ORIENTED_EDGE ( 'NONE', *, *, #557, .T. ) ;
#24 = CARTESIAN_POINT ( 'NONE',  ( -0.06542438130972605403, -0.06542438130972604016, 0.04062500000000000833 ) ) ;
#25 = CARTESIAN_POINT ( 'NONE',  ( 0.06542438130972606791, 0.06542438130972604016, -0.04062499999999999445 ) ) ;
#26 = CARTESIAN_POINT ( 'NONE',  ( -0.1093750000000001943, 0.1894430570778458112, -0.1093750000000000000 ) ) ;
#27 = ORIENTED_EDGE ( 'NONE', *, *, #1600, .T. ) ;
#28 = DIMENSIONAL_EXPONENTS ( 1.000000000000000000, 0.000000000000000000, 0.000000000000000000, 0.000000000000000000, 0.000000000000000000, 0.000000000000000000, 0.000000000000000000 ) ;
#29 = DIRECTION ( 'NONE',  ( 1.000000000000000000, 0.000000000000000000, -0.000000000000000000 ) ) ;
#30 = CARTESIAN_POINT ( 'NONE',  ( -0.09252404735808340830, 5.665463922061749222E-18, 0.07812500000000001388 ) ) ;
#31 = CARTESIAN_POINT ( 'NONE',  ( 0.05392870742173278692, 0.1064616089793723741, -0.1034680411933832089 ) ) ;
#32 = LINE ( 'NONE', #1631, #239 ) ;
#33 = EDGE_CURVE ( 'NONE', #1554, #1700, #568, .T. ) ;
#34 = EDGE_LOOP ( 'NONE', ( #1983, #322, #1250, #1847 ) ) ;
#35 = CARTESIAN_POINT ( 'NONE',  ( -0.1250000000000000278, 7.654042494670959086E-18, 0.003125000000000034868 ) ) ;
#36 = CARTESIAN_POINT ( 'NONE',  ( 0.09252404735808340830, -0.03832471526136874140, -0.09374999999999998612 ) ) ;
#37 = DIRECTION ( 'NONE',  ( 0.8660254037844388186, -0.4999999999999998335, 0.000000000000000000 ) ) ;
#38 = CARTESIAN_POINT ( 'NONE',  ( -0.03832471526136868589, 0.09252404735808342218, 0.06875000000000000555 ) ) ;
#39 = CARTESIAN_POINT ( 'NONE',  ( -0.09331626462247409604, -0.01320593993859828404, 0.07836389433011731187 ) ) ;
#40 = LINE ( 'NONE', #673, #1281 ) ;
#41 = EDGE_CURVE ( 'NONE', #134, #683, #945, .T. ) ;
#42 = CYLINDRICAL_SURFACE ( 'NONE', #1696, 0.1250000000000000555 ) ;
#43 = CARTESIAN_POINT ( 'NONE',  ( 0.1093749999999999445, 0.1894430570778459499, -0.1093750000000000000 ) ) ;
#44 = CARTESIAN_POINT ( 'NONE',  ( 0.09252404735808340830, -1.699639176618524612E-17, 0.1031250000000000222 ) ) ;
#45 = B_SPLINE_CURVE_WITH_KNOTS ( 'NONE', 3,
 ( #504, #1625, #1299, #996 ),
 .UNSPECIFIED., .F., .F.,
 ( 4, 4 ),
 ( 2.380734247432028478E-07, 0.003246110284317214271 ),
 .UNSPECIFIED. ) ;
#46 = LINE ( 'NONE', #1058, #1219 ) ;
#47 = CARTESIAN_POINT ( 'NONE',  ( -0.06542438130972604016, 0.06542438130972605403, 0.07812500000000001388 ) ) ;
#48 = AXIS2_PLACEMENT_3D ( 'NONE', #12, #499, #966 ) ;
#49 = B_SPLINE_CURVE_WITH_KNOTS ( 'NONE', 3,
 ( #1416, #150, #2073, #791, #1457, #295, #305, #182 ),
 .UNSPECIFIED., .F., .F.,
 ( 4, 2, 2, 4 ),
 ( 0.003246110284317214271, 0.004054545091207046800, 0.004862979898096878896, 0.006479849511876543088 ),
 .UNSPECIFIED. ) ;
#50 = CARTESIAN_POINT ( 'NONE',  ( -0.06542438130972604016, 0.06542438130972605403, 0.02187500000000000555 ) ) ;
#51 = CARTESIAN_POINT ( 'NONE',  ( -0.1464259308452922625, 0.1680516921805903507, -0.1071260629049984175 ) ) ;
#52 = CIRCLE ( 'NONE', #1091, 0.1250000000000000555 ) ;
#53 = DIRECTION ( 'NONE',  ( -1.000000000000000000, 0.000000000000000000, 0.000000000000000000 ) ) ;
#54 = CARTESIAN_POINT ( 'NONE',  ( 0.000000000000000000, 7.145107678494430182E-19, -0.09687500000000000278 ) ) ;
#55 = CARTESIAN_POINT ( 'NONE',  ( 0.1000926839317635986, 0.1948022047585457051, 0.1093749999999999306 ) ) ;
#56 = CARTESIAN_POINT ( 'NONE',  ( 0.02843081033540043392, -0.09886796392874068473, 0.08699977476278049349 ) ) ;
#57 = CARTESIAN_POINT ( 'NONE',  ( -0.1250000000000000278, -0.05177669529664673947, 0.1062500000000006217 ) ) ;
#58 = DIRECTION ( 'NONE',  ( 1.000000000000000000, 0.000000000000000000, 0.000000000000000000 ) ) ;
#59 = CARTESIAN_POINT ( 'NONE',  ( -0.06542438130972605403, -0.06542438130972604016, -0.1156249999999999917 ) ) ;
#60 = CARTESIAN_POINT ( 'NONE',  ( -0.1084539185116718263, 0.009762954227678711724, 0.09298707555535043467 ) ) ;
#61 = CARTESIAN_POINT ( 'NONE',  ( -0.1250000000000000555, 7.654042494670960626E-18, -0.04062499999999999445 ) ) ;
#62 = CARTESIAN_POINT ( 'NONE',  ( -0.09252404735808342218, 0.03832471526136869977, 0.07499999999999999722 ) ) ;
#63 = ORIENTED_EDGE ( 'NONE', *, *, #1534, .F. ) ;
#64 = DIRECTION ( 'NONE',  ( 0.000000000000000000, 0.000000000000000000, 1.000000000000000000 ) ) ;
#65 = CARTESIAN_POINT ( 'NONE',  ( -0.1173880177769001665, 0.03885398645137819879, 0.1077734025364512765 ) ) ;
#66 = CARTESIAN_POINT ( 'NONE',  ( -0.09252404735808342218, 0.03832471526136869977, 0.1312500000000000056 ) ) ;
#67 = VECTOR ( 'NONE', #2039, 39.37007874015748143 ) ;
#68 = CARTESIAN_POINT ( 'NONE',  ( -0.1250000000000000555, 7.654042494670960626E-18, 0.009375000000000003123 ) ) ;
#69 = CARTESIAN_POINT ( 'NONE',  ( -0.08838834764831846047, 0.08838834764831847435, 0.05312500000000001249 ) ) ;
#70 = CARTESIAN_POINT ( 'NONE',  ( 0.000000000000000000, 7.145107678494430182E-19, 0.09687500000000000278 ) ) ;
#71 = CARTESIAN_POINT ( 'NONE',  ( 0.05177669529663699033, 0.1250000000000000278, 0.09375000000000001388 ) ) ;
#72 = CARTESIAN_POINT ( 'NONE',  ( 0.03832471526136875528, 0.09252404735808340830, 0.1125000000000000167 ) ) ;
#73 = ORIENTED_EDGE ( 'NONE', *, *, #1192, .F. ) ;
#74 = CARTESIAN_POINT ( 'NONE',  ( -0.1829058367883524272, 0.1469900086643522452, 0.1006974364137820654 ) ) ;
#75 = CARTESIAN_POINT ( 'NONE',  ( 0.08174789618225133947, 0.07835091935406962582, 0.09738366139332638172 ) ) ;
#76 = EDGE_CURVE ( 'NONE', #1333, #895, #1707, .T. ) ;
#77 = LINE ( 'NONE', #882, #303 ) ;
#78 = EDGE_LOOP ( 'NONE', ( #1142, #471, #554 ) ) ;
#79 = DIRECTION ( 'NONE',  ( 1.000000000000000000, 0.000000000000000000, 0.000000000000000000 ) ) ;
#80 = AXIS2_PLACEMENT_3D ( 'NONE', #900, #1096, #1386 ) ;
#81 = CARTESIAN_POINT ( 'NONE',  ( -0.06826771686114846416, 0.06730395170254387105, 0.07992557808563817423 ) ) ;
#82 = CARTESIAN_POINT ( 'NONE',  ( -0.07490329495353777178, 0.05431570440143611289, -0.07689904735808342218 ) ) ;
#83 = CARTESIAN_POINT ( 'NONE',  ( -0.05177669529663692094, -0.1250000000000000555, -0.08124999999999998890 ) ) ;
#84 = ORIENTED_EDGE ( 'NONE', *, *, #765, .F. ) ;
#85 = CARTESIAN_POINT ( 'NONE',  ( -0.05177669529663690012, 0.1250000000000000278, -0.006249999999999967387 ) ) ;
#86 = CARTESIAN_POINT ( 'NONE',  ( -0.1246942422403524292, 0.007990794054076070727, 0.1090692422403523876 ) ) ;
#87 = ORIENTED_EDGE ( 'NONE', *, *, #1072, .T. ) ;
#88 = CARTESIAN_POINT ( 'NONE',  ( 0.1464259308452914854, -0.1680516921805894626, 0.1071260629049990837 ) ) ;
#89 = CARTESIAN_POINT ( 'NONE',  ( -1.530808498934192125E-17, -0.1250000000000000555, 0.02187500000000000555 ) ) ;
#90 = VERTEX_POINT ( 'NONE', #155 ) ;
#91 = CARTESIAN_POINT ( 'NONE',  ( -0.1118844797859305795, -0.01387024578391383468, 0.09684225843890309493 ) ) ;
#92 = CARTESIAN_POINT ( 'NONE',  ( 0.1250000000000000278, 0.05177669529663692094, -0.01874999999999997155 ) ) ;
#93 = CARTESIAN_POINT ( 'NONE',  ( -0.1250000000000000555, 0.05177669529663691400, -0.09374999999999998612 ) ) ;
#94 = DIRECTION ( 'NONE',  ( -0.000000000000000000, -0.000000000000000000, -1.000000000000000000 ) ) ;
#95 = EDGE_CURVE ( 'NONE', #223, #743, #2067, .T. ) ;
#96 = DIRECTION ( 'NONE',  ( 1.000000000000000000, 0.000000000000000000, -0.000000000000000000 ) ) ;
#97 = CARTESIAN_POINT ( 'NONE',  ( 0.06542438130972606791, 0.06542438130972604016, 0.1093750000000000278 ) ) ;
#98 = CARTESIAN_POINT ( 'NONE',  ( 0.08838834764831850210, 0.08838834764831846047, -0.009374999999999985775 ) ) ;
#99 = EDGE_LOOP ( 'NONE', ( #1679, #1682, #1673, #1019, #2040, #27 ) ) ;
#100 = CARTESIAN_POINT ( 'NONE',  ( -0.09322383094465623576, -0.08194175890696887843, 0.1082357764146255341 ) ) ;
#101 = ADVANCED_FACE ( 'NONE', ( #1412 ), #1884, .F. ) ;
#102 = CARTESIAN_POINT ( 'NONE',  ( -6.731080264487065347E-16, -0.2525907427704604524, 0.08983703805189785507 ) ) ;
#103 = CARTESIAN_POINT ( 'NONE',  ( -0.08838834764831846047, 0.08838834764831847435, -0.04687499999999999306 ) ) ;
#104 = EDGE_LOOP ( 'NONE', ( #903, #2056, #534 ) ) ;
#105 = CARTESIAN_POINT ( 'NONE',  ( 0.01784762896131376550, 0.2422864093852505341, 0.09578624770568164304 ) ) ;
#106 = DIRECTION ( 'NONE',  ( -0.000000000000000000, -0.000000000000000000, -1.000000000000000000 ) ) ;
#107 = CARTESIAN_POINT ( 'NONE',  ( 0.08002511430785903823, -0.06799089227884891340, -0.08917333776457847527 ) ) ;
#108 = DIRECTION ( 'NONE',  ( 0.4999999999999992784, 0.8660254037844391517, -0.000000000000000000 ) ) ;
#109 = ORIENTED_EDGE ( 'NONE', *, *, #1600, .F. ) ;
#110 = CARTESIAN_POINT ( 'NONE',  ( -0.09252404735808340830, 5.665463922061749222E-18, -0.01562499999999998786 ) ) ;
#111 = CARTESIAN_POINT ( 'NONE',  ( 0.08838834764831846047, -0.08838834764831847435, -0.02812499999999997294 ) ) ;
#112 = CARTESIAN_POINT ( 'NONE',  ( -0.08838834764831847435, -0.08838834764831846047, -0.08437500000000000555 ) ) ;
#113 = CARTESIAN_POINT ( 'NONE',  ( -0.1250000000000000278, -0.05177669529663688625, -0.09374999999999997224 ) ) ;
#114 = CARTESIAN_POINT ( 'NONE',  ( -0.2187499999999998057, 0.000000000000000000, 0.1093750000000000000 ) ) ;
#115 = CARTESIAN_POINT ( 'NONE',  ( -0.2187499999999998057, -0.1262953713852305593, -0.08983703805189749425 ) ) ;
#116 = CARTESIAN_POINT ( 'NONE',  ( -0.09252404735808340830, 0.03832471526136869977, -0.06874999999999999167 ) ) ;
#117 = CARTESIAN_POINT ( 'NONE',  ( 0.06542438130972606791, 0.06542438130972604016, 0.06562500000000001665 ) ) ;
#118 = EDGE_LOOP ( 'NONE', ( #23, #231, #1619, #241, #1438, #1149 ) ) ;
#119 = CARTESIAN_POINT ( 'NONE',  ( 0.05177669529663686543, -0.1250000000000000555, 0.06875000000000004718 ) ) ;
#120 = FACE_OUTER_BOUND ( 'NONE', #866, .T. ) ;
#121 = CARTESIAN_POINT ( 'NONE',  ( 0.06229225302391936531, 0.07443624535186935121, -0.08121251562884015951 ) ) ;
#122 = ORIENTED_EDGE ( 'NONE', *, *, #532, .T. ) ;
#123 = CARTESIAN_POINT ( 'NONE',  ( -0.08838834764831846047, 0.08838834764831846047, -0.05312499999999997086 ) ) ;
#124 = B_SPLINE_CURVE_WITH_KNOTS ( 'NONE', 3,
 ( #564, #1188, #1535, #381, #1685, #74, #555, #1501 ),
 .UNSPECIFIED., .F., .F.,
 ( 4, 2, 2, 4 ),
 ( 0.003246110284317218608, 0.004054545091207050270, 0.004862979898096881498, 0.006479849511876547424 ),
 .UNSPECIFIED. ) ;
#125 = CARTESIAN_POINT ( 'NONE',  ( 0.06542438130972606791, 0.06542438130972604016, 0.1156250000000000333 ) ) ;
#126 = CARTESIAN_POINT ( 'NONE',  ( 0.1250000000000000278, -2.296212748401287726E-17, -0.07187499999999998057 ) ) ;
#127 = CARTESIAN_POINT ( 'NONE',  ( -0.03832471526136870671, -0.09252404735808340830, -0.06250000000000000000 ) ) ;
#128 = CARTESIAN_POINT ( 'NONE',  ( 0.08838834764831846047, -0.08838834764831847435, 0.1218750000000000527 ) ) ;
#129 = CARTESIAN_POINT ( 'NONE',  ( 0.03832471526136867201, -0.09252404735808343605, -0.006249999999999986469 ) ) ;
#130 = CARTESIAN_POINT ( 'NONE',  ( -0.01455762488768327576, 0.09137163070204211424, -0.07689904735808340830 ) ) ;
#131 = CARTESIAN_POINT ( 'NONE',  ( 0.000000000000000000, 0.000000000000000000, 0.1093750000000000000 ) ) ;
#132 = CARTESIAN_POINT ( 'NONE',  ( 0.000000000000000000, 0.000000000000000000, -0.1093750000000000000 ) ) ;
#133 = ADVANCED_FACE ( 'NONE', ( #1422 ), #632, .F. ) ;
#134 = VERTEX_POINT ( 'NONE', #3 ) ;
#135 = CARTESIAN_POINT ( 'NONE',  ( 0.09252404735808340830, -1.699639176618524612E-17, 0.05937500000000001804 ) ) ;
#136 = CARTESIAN_POINT ( 'NONE',  ( -0.08838834764831846047, -0.08838834764831846047, 0.05937500000000003192 ) ) ;
#137 = CARTESIAN_POINT ( 'NONE',  ( -0.1172523470550623781, -0.001504570198341177679, -0.1013855938905735832 ) ) ;
#138 = CARTESIAN_POINT ( 'NONE',  ( -0.1250000000000000278, -0.05177669529663688625, 0.1062500000000000250 ) ) ;
#139 = AXIS2_PLACEMENT_3D ( 'NONE', #1915, #1283, #1906 ) ;
#140 = CARTESIAN_POINT ( 'NONE',  ( 0.06542438130972606791, 0.06542438130972604016, -0.04062499999999999445 ) ) ;
#141 = EDGE_CURVE ( 'NONE', #1242, #1056, #915, .T. ) ;
#142 = ORIENTED_EDGE ( 'NONE', *, *, #1155, .T. ) ;
#143 = CARTESIAN_POINT ( 'NONE',  ( 0.2187499999999990008, -0.1262953713852298931, -0.08983703805189809100 ) ) ;
#144 = EDGE_LOOP ( 'NONE', ( #2013, #1844, #398 ) ) ;
#145 = CARTESIAN_POINT ( 'NONE',  ( 0.03832471526136875528, 0.09252404735808338054, 0.01875000000000002359 ) ) ;
#146 = CARTESIAN_POINT ( 'NONE',  ( -0.09252404735808342218, 0.03832471526136869977, -0.01874999999999998890 ) ) ;
#147 = DIRECTION ( 'NONE',  ( 0.000000000000000000, 1.390669193306910607E-16, 1.000000000000000000 ) ) ;
#148 = CARTESIAN_POINT ( 'NONE',  ( -0.09252404735808340830, 5.665463922061749222E-18, -0.02187499999999998820 ) ) ;
#149 = CARTESIAN_POINT ( 'NONE',  ( -0.05177669529663690012, 0.1250000000000000278, 0.09375000000000002776 ) ) ;
#150 = CARTESIAN_POINT ( 'NONE',  ( 0.1186573160682359296, -0.1840839093971455287, -0.1093750000000007633 ) ) ;
#151 = DIRECTION ( 'NONE',  ( 0.000000000000000000, -1.000000000000000000, -1.517693329813478826E-16 ) ) ;
#152 = PRODUCT ( '90499A029_High-Strength Steel Hex Nut_90499A029', '90499A029_High-Strength Steel Hex Nut_90499A029', '', ( #704 ) ) ;
#153 = CARTESIAN_POINT ( 'NONE',  ( 0.000000000000000000, 0.09252404735808340830, 0.02187500000000000555 ) ) ;
#154 = CARTESIAN_POINT ( 'NONE',  ( -0.06542438130972604016, 0.06542438130972605403, 0.07187500000000002220 ) ) ;
#155 = CARTESIAN_POINT ( 'NONE',  ( -0.1250000000000000278, 7.654042494670959086E-18, 0.1031250000000000500 ) ) ;
#156 = CARTESIAN_POINT ( 'NONE',  ( -0.05906997723603498590, -0.09542720131570989195, -0.09634267950040183159 ) ) ;
#157 = ADVANCED_FACE ( 'NONE', ( #672 ), #708, .F. ) ;
#158 = CARTESIAN_POINT ( 'NONE',  ( -0.1250000000000000278, 7.654042494670959086E-18, 0.1031250000000000500 ) ) ;
#159 = CONICAL_SURFACE ( 'NONE', #1205, 0.2187499999999999445, 1.047197551196600074 ) ;
#160 = CARTESIAN_POINT ( 'NONE',  ( 0.09252404735808340830, 0.03832471526136870671, -0.09374999999999998612 ) ) ;
#161 = CARTESIAN_POINT ( 'NONE',  ( -0.09252404735808342218, -0.03832471526136867895, -0.1125000000000000028 ) ) ;
#162 = CARTESIAN_POINT ( 'NONE',  ( 0.08838834764831850210, 0.08838834764831846047, -0.1093750000000000139 ) ) ;
#163 = CARTESIAN_POINT ( 'NONE',  ( 0.2187499999999990563, 0.04302491621807968958, 0.1074862592029657976 ) ) ;
#164 = ORIENTED_EDGE ( 'NONE', *, *, #1798, .F. ) ;
#165 = CARTESIAN_POINT ( 'NONE',  ( -0.2187499999999997780, 0.04302491621807939121, -0.1074862592029653396 ) ) ;
#166 = CARTESIAN_POINT ( 'NONE',  ( -0.03832471526136868589, 0.09252404735808342218, 0.01875000000000000278 ) ) ;
#167 = CARTESIAN_POINT ( 'NONE',  ( 0.1250000000000000000, -0.05177669529663698339, -0.07499999999999998335 ) ) ;
#168 = CARTESIAN_POINT ( 'NONE',  ( 0.006669332503142642171, -0.1088583856693696866, -0.09323338566936967275 ) ) ;
#169 = FACE_OUTER_BOUND ( 'NONE', #34, .T. ) ;
#170 = CONICAL_SURFACE ( 'NONE', #1816, 0.2187499999999999445, 1.047197551196600074 ) ;
#171 = VECTOR ( 'NONE', #772, 39.37007874015748143 ) ;
#172 = CARTESIAN_POINT ( 'NONE',  ( 0.2187499999999990008, -0.02135780749645323912, 0.1093750000000005412 ) ) ;
#173 = FACE_OUTER_BOUND ( 'NONE', #1062, .T. ) ;
#174 = CARTESIAN_POINT ( 'NONE',  ( -1.133092784412349844E-17, -0.09252404735808340830, -0.1093750000000000000 ) ) ;
#175 = DIRECTION ( 'NONE',  ( 0.000000000000000000, -1.000000000000000000, 1.517693329813478826E-16 ) ) ;
#176 = ORIENTED_EDGE ( 'NONE', *, *, #178, .T. ) ;
#177 = CARTESIAN_POINT ( 'NONE',  ( -0.08838834764831847435, -0.08838834764831846047, -0.08437500000000000555 ) ) ;
#178 = EDGE_CURVE ( 'NONE', #1056, #1407, #1579, .T. ) ;
#179 = DIRECTION ( 'NONE',  ( 1.000000000000000000, 0.000000000000000000, 0.000000000000000000 ) ) ;
#180 = CARTESIAN_POINT ( 'NONE',  ( 0.000000000000000000, 0.1250000000000000555, -0.1531250000000000111 ) ) ;
#181 = CARTESIAN_POINT ( 'NONE',  ( 0.06542438130972604016, -0.06542438130972606791, -0.09687499999999998890 ) ) ;
#182 = CARTESIAN_POINT ( 'NONE',  ( 0.2187499999999990008, -0.1262953713852298931, -0.08983703805189809100 ) ) ;
#183 = CARTESIAN_POINT ( 'NONE',  ( 0.08838834764831846047, -0.08838834764831847435, 0.02187500000000004025 ) ) ;
#184 = EDGE_CURVE ( 'NONE', #1014, #1865, #1314, .T. ) ;
#185 = CARTESIAN_POINT ( 'NONE',  ( -0.09252404735808342218, 0.03832471526136869977, -0.01874999999999998890 ) ) ;
#186 = CARTESIAN_POINT ( 'NONE',  ( -1.133092784412349844E-17, -0.09252404735808340830, 0.04687500000000001388 ) ) ;
#187 = CARTESIAN_POINT ( 'NONE',  ( 0.06542438130972606791, 0.06542438130972604016, 0.05937500000000001804 ) ) ;
#188 = CARTESIAN_POINT ( 'NONE',  ( -0.09137163070204215587, 0.01455762488768317167, 0.07689904735808344993 ) ) ;
#189 = CARTESIAN_POINT ( 'NONE',  ( -0.03832471526136868589, 0.09252404735808340830, 0.06875000000000000555 ) ) ;
#190 = ORIENTED_EDGE ( 'NONE', *, *, #517, .F. ) ;
#191 = DIRECTION ( 'NONE',  ( -0.000000000000000000, -0.000000000000000000, -1.000000000000000000 ) ) ;
#192 = CYLINDRICAL_SURFACE ( 'NONE', #1510, 0.1250000000000000555 ) ;
#193 = DIRECTION ( 'NONE',  ( 1.000000000000000000, 0.000000000000000000, 0.000000000000000000 ) ) ;
#194 = VECTOR ( 'NONE', #1998, 39.37007874015748854 ) ;
#195 = CARTESIAN_POINT ( 'NONE',  ( 0.08742309002872990231, -0.06049768157859834738, 0.09045051841232827627 ) ) ;
#196 = CARTESIAN_POINT ( 'NONE',  ( -0.03832471526136870671, -0.09252404735808342218, -0.006249999999999986469 ) ) ;
#197 = CARTESIAN_POINT ( 'NONE',  ( 0.000000000000000000, 0.09252404735808340830, -0.03437499999999998890 ) ) ;
#198 = CARTESIAN_POINT ( 'NONE',  ( -0.1829058367883524272, 0.1469900086643522452, -0.1006974364137820932 ) ) ;
#199 = CARTESIAN_POINT ( 'NONE',  ( 0.000000000000000000, 0.1250000000000000555, -0.1093749999999999584 ) ) ;
#200 = CARTESIAN_POINT ( 'NONE',  ( -0.08838834764831846047, 0.08838834764831847435, -0.04687499999999999306 ) ) ;
#201 = CARTESIAN_POINT ( 'NONE',  ( 0.05177669529663687931, -0.1250000000000000833, -0.1249999999999999861 ) ) ;
#202 = DIRECTION ( 'NONE',  ( -0.000000000000000000, -0.000000000000000000, -1.000000000000000000 ) ) ;
#203 =( BOUNDED_CURVE ( )  B_SPLINE_CURVE ( 2, ( #1898, #576, #1258, #929, #1082, #911, #1070, #2007, #2027 ),
 .UNSPECIFIED., .F., .F. ) 
 B_SPLINE_CURVE_WITH_KNOTS ( ( 3, 2, 2, 2, 3 ),
 ( 0.4166666666666666852, 0.4375000000000000000, 0.4583333333333333148, 0.4791666666666666852, 0.5000000000000000000 ),
 .UNSPECIFIED. ) 
 CURVE ( )  GEOMETRIC_REPRESENTATION_ITEM ( )  RATIONAL_B_SPLINE_CURVE ( ( 1.000000000000000000, 0.9238795325112867385, 1.000000000000000000, 0.9238795325112867385, 1.000000000000000000, 0.9238795325112867385, 1.000000000000000000, 0.9238795325112867385, 1.000000000000000000 ) ) 
 REPRESENTATION_ITEM ( '' )  );
#204 = CARTESIAN_POINT ( 'NONE',  ( 0.1093750000000000833, 0.1894430570778461720, 0.1093750000000000000 ) ) ;
#205 = CARTESIAN_POINT ( 'NONE',  ( 0.000000000000000000, 0.09252404735808340830, 0.1218750000000000250 ) ) ;
#206 = VECTOR ( 'NONE', #833, 39.37007874015748143 ) ;
#207 = ORIENTED_EDGE ( 'NONE', *, *, #1388, .T. ) ;
#208 = CARTESIAN_POINT ( 'NONE',  ( 0.1555865826303851895, -0.1627627874065131486, 0.1058024543881957991 ) ) ;
#209 = CARTESIAN_POINT ( 'NONE',  ( -0.07255977182448826446, 0.05867561092739170120, 0.07689904735808339442 ) ) ;
#210 = CARTESIAN_POINT ( 'NONE',  ( 0.06542438130972604016, -0.06542438130972606791, 0.04687500000000001388 ) ) ;
#211 = EDGE_LOOP ( 'NONE', ( #1545, #537, #647 ) ) ;
#212 = FACE_OUTER_BOUND ( 'NONE', #940, .T. ) ;
#213 = EDGE_CURVE ( 'NONE', #573, #1254, #45, .T. ) ;
#214 = CARTESIAN_POINT ( 'NONE',  ( 0.1250000000000000278, 0.05177669529663693482, -0.06250000000000000000 ) ) ;
#215 =( NAMED_UNIT ( * ) SI_UNIT ( $, .STERADIAN. ) SOLID_ANGLE_UNIT ( ) );
#216 = B_SPLINE_CURVE_WITH_KNOTS ( 'NONE', 3,
 ( #977, #636, #1435, #1943 ),
 .UNSPECIFIED., .F., .F.,
 ( 4, 4 ),
 ( 0.000000000000000000, 0.0003720716302323159560 ),
 .UNSPECIFIED. ) ;
#217 = CARTESIAN_POINT ( 'NONE',  ( -0.007896148727640052781, 0.1173979050498486221, 0.1017729050498492188 ) ) ;
#218 = CARTESIAN_POINT ( 'NONE',  ( -0.09252404735808342218, 0.03832471526136869977, 0.03125000000000002776 ) ) ;
#219 = CARTESIAN_POINT ( 'NONE',  ( 0.000000000000000000, 0.000000000000000000, -0.1093750000000000000 ) ) ;
#220 = CARTESIAN_POINT ( 'NONE',  ( 0.000000000000000000, -0.1250000000000000555, -0.1093750000000000000 ) ) ;
#221 = CARTESIAN_POINT ( 'NONE',  ( -0.07210642679924837706, 0.2109600778476133642, 0.1093750000000000416 ) ) ;
#222 = CARTESIAN_POINT ( 'NONE',  ( -0.03832471526136868589, 0.09252404735808342218, 0.06875000000000000555 ) ) ;
#223 = VERTEX_POINT ( 'NONE', #1939 ) ;
#224 = EDGE_CURVE ( 'NONE', #1810, #1100, #711, .T. ) ;
#225 = CARTESIAN_POINT ( 'NONE',  ( 0.000000000000000000, 0.1250000000000000555, -0.1031250000000000083 ) ) ;
#226 = CARTESIAN_POINT ( 'NONE',  ( 0.000000000000000000, 0.1170753175473054908, 0.1014503175473055047 ) ) ;
#227 = CARTESIAN_POINT ( 'NONE',  ( -0.1250000000000000278, 7.654042494670959086E-18, 0.1031250000000000500 ) ) ;
#228 = AXIS2_PLACEMENT_3D ( 'NONE', #229, #872, #709 ) ;
#229 = CARTESIAN_POINT ( 'NONE',  ( 0.000000000000000000, 0.000000000000000000, 0.1093750000000000000 ) ) ;
#230 = CARTESIAN_POINT ( 'NONE',  ( -0.1250000000000000555, 7.654042494670960626E-18, 0.009375000000000003123 ) ) ;
#231 = ORIENTED_EDGE ( 'NONE', *, *, #1705, .T. ) ;
#232 = CARTESIAN_POINT ( 'NONE',  ( -0.1114372557015060466, -0.02978173696107853582, 0.09945574339519301643 ) ) ;
#233 = VERTEX_POINT ( 'NONE', #682 ) ;
#234 = ORIENTED_EDGE ( 'NONE', *, *, #592, .T. ) ;
#235 = CARTESIAN_POINT ( 'NONE',  ( 0.000000000000000000, 0.1250000000000000278, -0.05937499999999996947 ) ) ;
#236 = CARTESIAN_POINT ( 'NONE',  ( 0.05512543809958918989, -0.08854601082644872334, 0.08843126383586584482 ) ) ;
#237 = CARTESIAN_POINT ( 'NONE',  ( 0.000000000000000000, 0.09252404735808340830, 0.07187500000000002220 ) ) ;
#238 = CARTESIAN_POINT ( 'NONE',  ( -0.09252404735808342218, -0.03832471526136867895, 0.08125000000000000278 ) ) ;
#239 = VECTOR ( 'NONE', #202, 39.37007874015748143 ) ;
#240 = B_SPLINE_CURVE_WITH_KNOTS ( 'NONE', 3,
 ( #958, #1926, #1595, #165, #659, #981 ),
 .UNSPECIFIED., .F., .F.,
 ( 4, 2, 4 ),
 ( 0.01801865417478211440, 0.01964280983767039204, 0.02126696550055866969 ),
 .UNSPECIFIED. ) ;
#241 = ORIENTED_EDGE ( 'NONE', *, *, #922, .F. ) ;
#242 = CIRCLE ( 'NONE', #1675, 0.2187499999999999445 ) ;
#243 = FACE_OUTER_BOUND ( 'NONE', #118, .T. ) ;
#244 = CARTESIAN_POINT ( 'NONE',  ( 0.1250000000000000278, -2.296212748401287726E-17, -0.02187499999999997086 ) ) ;
#245 = CARTESIAN_POINT ( 'NONE',  ( -0.05177669529663690706, 0.1250000000000000555, -0.05000000000000000971 ) ) ;
#246 = EDGE_LOOP ( 'NONE', ( #954, #1159, #543, #973, #297 ) ) ;
#247 = ADVANCED_FACE ( 'NONE', ( #1161 ), #292, .F. ) ;
#248 = CARTESIAN_POINT ( 'NONE',  ( -0.05177669529663691400, -0.1250000000000000278, 0.01250000000000003712 ) ) ;
#249 = CARTESIAN_POINT ( 'NONE',  ( -0.2187499999999998057, -0.1262953713852305593, 0.08983703805189749425 ) ) ;
#250 = CARTESIAN_POINT ( 'NONE',  ( 0.09835746534830683285, -0.03280766339525739012, -0.08721738057207016614 ) ) ;
#251 = CARTESIAN_POINT ( 'NONE',  ( 0.1186573160682359296, -0.1840839093971455287, 0.1093750000000007633 ) ) ;
#252 = EDGE_CURVE ( 'NONE', #542, #1930, #950, .T. ) ;
#253 = CARTESIAN_POINT ( 'NONE',  ( -0.08838834764831846047, 0.08838834764831847435, 0.1031250000000000222 ) ) ;
#254 = CARTESIAN_POINT ( 'NONE',  ( -0.1112901772039725512, -0.005807065220858045537, 0.09554262473500975406 ) ) ;
#255 = CARTESIAN_POINT ( 'NONE',  ( -0.07232406915470787623, -0.2108344219751011606, 0.1071260629049985980 ) ) ;
#256 = CARTESIAN_POINT ( 'NONE',  ( -0.05177669529663690012, 0.1250000000000000278, -0.1062499999999999695 ) ) ;
#257 = LINE ( 'NONE', #1527, #1745 ) ;
#258 = CARTESIAN_POINT ( 'NONE',  ( 0.04519779676138688945, 0.08471361086892040260, -0.08016351747542788120 ) ) ;
#259 = CARTESIAN_POINT ( 'NONE',  ( 0.2187499999999990008, 0.02137261768462784747, -0.1093750000000005412 ) ) ;
#260 = ORIENTED_EDGE ( 'NONE', *, *, #877, .F. ) ;
#261 = CARTESIAN_POINT ( 'NONE',  ( -0.06542438130972604016, 0.06542438130972605403, -0.02187499999999998820 ) ) ;
#262 = CARTESIAN_POINT ( 'NONE',  ( -0.1040566368673377790, -0.06075504675032530888, 0.1046143437337257037 ) ) ;
#263 = CARTESIAN_POINT ( 'NONE',  ( 0.000000000000000000, 0.1250000000000000555, -0.05312499999999999861 ) ) ;
#264 = ORIENTED_EDGE ( 'NONE', *, *, #224, .T. ) ;
#265 = CARTESIAN_POINT ( 'NONE',  ( 0.08838834764831850210, 0.08838834764831846047, -0.1093750000000000139 ) ) ;
#266 = DIRECTION ( 'NONE',  ( -1.000000000000000000, 0.000000000000000000, 0.000000000000000000 ) ) ;
#267 = CARTESIAN_POINT ( 'NONE',  ( 0.006599265230617295218, 0.09363957298742936475, -0.07801457298742867086 ) ) ;
#268 = CARTESIAN_POINT ( 'NONE',  ( 0.2187499999999990008, -0.02135780749645323912, -0.1093750000000005412 ) ) ;
#269 = CARTESIAN_POINT ( 'NONE',  ( -0.03832471526136870671, -0.09252404735808342218, -0.006249999999999986469 ) ) ;
#270 = CARTESIAN_POINT ( 'NONE',  ( 0.05177669529663687931, -0.1250000000000000555, -0.08124999999999997502 ) ) ;
#271 = AXIS2_PLACEMENT_3D ( 'NONE', #1557, #582, #266 ) ;
#272 = CARTESIAN_POINT ( 'NONE',  ( -0.03040681264271973688, 0.1202209768687077657, -0.1081439499791456010 ) ) ;
#273 = VERTEX_POINT ( 'NONE', #1868 ) ;
#274 = EDGE_CURVE ( 'NONE', #501, #573, #1229, .T. ) ;
#275 = CARTESIAN_POINT ( 'NONE',  ( 0.08838834764831847435, 0.08838834764831844659, 0.1343750000000000500 ) ) ;
#276 = CARTESIAN_POINT ( 'NONE',  ( -0.2187499999999998057, 0.000000000000000000, 0.1093750000000000000 ) ) ;
#277 = DIRECTION ( 'NONE',  ( -1.000000000000000000, 0.000000000000000000, 0.000000000000000000 ) ) ;
#278 = CARTESIAN_POINT ( 'NONE',  ( -0.03832471526136870671, -0.09252404735808340830, -0.05624999999999999445 ) ) ;
#279 = CARTESIAN_POINT ( 'NONE',  ( -0.03832471526136868589, 0.09252404735808342218, 0.07499999999999999722 ) ) ;
#280 =( BOUNDED_CURVE ( )  B_SPLINE_CURVE ( 2, ( #244, #92, #1225, #701, #726, #1981, #1065, #553, #1364 ),
 .UNSPECIFIED., .F., .F. ) 
 B_SPLINE_CURVE_WITH_KNOTS ( ( 3, 2, 2, 2, 3 ),
 ( 0.2916666666666666852, 0.3125000000000000000, 0.3333333333333333148, 0.3541666666666666852, 0.3750000000000000000 ),
 .UNSPECIFIED. ) 
 CURVE ( )  GEOMETRIC_REPRESENTATION_ITEM ( )  RATIONAL_B_SPLINE_CURVE ( ( 1.000000000000000000, 0.9238795325112867385, 1.000000000000000000, 0.9238795325112867385, 1.000000000000000000, 0.9238795325112867385, 1.000000000000000000, 0.9238795325112867385, 1.000000000000000000 ) ) 
 REPRESENTATION_ITEM ( '' )  );
#281 = CARTESIAN_POINT ( 'NONE',  ( -0.1162411587710565908, 0.02157413708988919696, -0.1023550681940692125 ) ) ;
#282 = ADVANCED_FACE ( 'NONE', ( #287 ), #615, .F. ) ;
#283 = VERTEX_POINT ( 'NONE', #1387 ) ;
#284 = CARTESIAN_POINT ( 'NONE',  ( -0.09252404735808342218, -0.03832471526136867895, -0.01874999999999998890 ) ) ;
#285 = EDGE_CURVE ( 'NONE', #283, #991, #1627, .T. ) ;
#286 = CARTESIAN_POINT ( 'NONE',  ( -0.2187499999999998057, -0.1262953713852305593, 0.08983703805189749425 ) ) ;
#287 = FACE_OUTER_BOUND ( 'NONE', #352, .T. ) ;
#288 = CARTESIAN_POINT ( 'NONE',  ( 0.1250000000000000278, -2.296212748401287726E-17, -0.07187499999999998057 ) ) ;
#289 = VERTEX_POINT ( 'NONE', #417 ) ;
#290 = CARTESIAN_POINT ( 'NONE',  ( 0.000000000000000000, 0.09252404735808340830, 0.02187500000000000555 ) ) ;
#291 = CARTESIAN_POINT ( 'NONE',  ( 0.000000000000000000, 0.09252404735808340830, -0.03437499999999998890 ) ) ;
#292 =( BOUNDED_SURFACE ( )  B_SPLINE_SURFACE ( 1, 2, ( 
 ( #536, #837, #363, #1637, #1465, #851, #59, #392, #1995, #899, #790, #1905, #2058, #160, #481, #6, #1129, #1590, #625, #1719, #1434, #1914, #1447, #463, #976, #952, #1556, #1599, #2072, #20, #140, #474, #654, #938, #1122, #2047, #780, #284, #316, #927, #1743, #129, #764, #1403, #611, #1114, #304, #1731, #1256, #1895, #453, #294, #1644, #1819, #1487, #1322, #1796, #990, #693, #1954, #843, #1805, #1036, #519, #1165, #222, #541, #62, #30, #357, #347, #528, #1012, #1942, #1184, #685, #44, #1611, #1456, #72, #1652, #494, #664, #379, #1620 ),
 ( #180, #1630, #865, #1498, #1292, #856, #509, #1139, #1932, #201, #1477, #1970, #818, #1154, #1332, #368, #1024, #1864, #1532, #1343, #1661, #888, #112, #83, #1982, #1365, #1693, #1672, #1543, #1993, #563, #400, #263, #245, #103, #434, #1214, #1850, #412, #907, #742, #2022, #1234, #776, #409, #1899, #98, #1989, #1406, #1522, #699, #1886, #230, #1649, #1098, #1681, #89, #2052, #862, #1505, #616, #754, #1396, #1259, #1722, #1494, #69, #397, #2037, #1340, #713, #1978, #1835, #550, #1668, #1825, #386, #1042, #884, #1515, #1359, #1999, #253, #569, #1211 ) ),
 .UNSPECIFIED., .F., .F., .T. ) 
 B_SPLINE_SURFACE_WITH_KNOTS ( ( 2, 2 ),
 ( 3, 2, 2, 2, 2, 2, 2, 2, 2, 2, 2, 2, 2, 2, 2, 2, 2, 2, 2, 2, 2, 2, 2, 2, 2, 2, 2, 2, 2, 2, 2, 2, 2, 2, 2, 2, 2, 2, 2, 2, 2, 2, 3 ),
 ( 0.000000000000000000, 1.000000000000000000 ),
 ( 0.000000000000000000, 0.02083333333333333218, 0.04166666666666666435, 0.06250000000000000000, 0.08333333333333332871, 0.1041666666666666713, 0.1250000000000000000, 0.1458333333333333426, 0.1666666666666666574, 0.1875000000000000000, 0.2083333333333333426, 0.2291666666666666574, 0.2500000000000000000, 0.2708333333333333148, 0.2916666666666666852, 0.3125000000000000000, 0.3333333333333333148, 0.3541666666666666852, 0.3750000000000000000, 0.3958333333333333148, 0.4166666666666666852, 0.4375000000000000000, 0.4583333333333333148, 0.4791666666666666852, 0.5000000000000000000, 0.5208333333333333703, 0.5416666666666666297, 0.5625000000000000000, 0.5833333333333333703, 0.6041666666666666297, 0.6250000000000000000, 0.6458333333333333703, 0.6666666666666666297, 0.6875000000000000000, 0.7083333333333333703, 0.7291666666666666297, 0.7500000000000000000, 0.7708333333333333703, 0.7916666666666666297, 0.8125000000000000000, 0.8333333333333333703, 0.8541666666666666297, 0.8750000000000000000 ),
 .UNSPECIFIED. ) 
 GEOMETRIC_REPRESENTATION_ITEM ( )  RATIONAL_B_SPLINE_SURFACE ( (
 ( 1.000000000000000000, 0.9238795325112867385, 1.000000000000000000, 0.9238795325112867385, 1.000000000000000000, 0.9238795325112867385, 1.000000000000000000, 0.9238795325112867385, 1.000000000000000000, 0.9238795325112867385, 1.000000000000000000, 0.9238795325112867385, 1.000000000000000000, 0.9238795325112867385, 1.000000000000000000, 0.9238795325112867385, 1.000000000000000000, 0.9238795325112867385, 1.000000000000000000, 0.9238795325112867385, 1.000000000000000000, 0.9238795325112867385, 1.000000000000000000, 0.9238795325112867385, 1.000000000000000000, 0.9238795325112867385, 1.000000000000000000, 0.9238795325112867385, 1.000000000000000000, 0.9238795325112867385, 1.000000000000000000, 0.9238795325112867385, 1.000000000000000000, 0.9238795325112867385, 1.000000000000000000, 0.9238795325112867385, 1.000000000000000000, 0.9238795325112867385, 1.000000000000000000, 0.9238795325112867385, 1.000000000000000000, 0.9238795325112867385, 1.000000000000000000, 0.9238795325112867385, 1.000000000000000000, 0.9238795325112867385, 1.000000000000000000, 0.9238795325112867385, 1.000000000000000000, 0.9238795325112867385, 1.000000000000000000, 0.9238795325112867385, 1.000000000000000000, 0.9238795325112867385, 1.000000000000000000, 0.9238795325112867385, 1.000000000000000000, 0.9238795325112867385, 1.000000000000000000, 0.9238795325112867385, 1.000000000000000000, 0.9238795325112867385, 1.000000000000000000, 0.9238795325112867385, 1.000000000000000000, 0.9238795325112867385, 1.000000000000000000, 0.9238795325112867385, 1.000000000000000000, 0.9238795325112867385, 1.000000000000000000, 0.9238795325112867385, 1.000000000000000000, 0.9238795325112867385, 1.000000000000000000, 0.9238795325112867385, 1.000000000000000000, 0.9238795325112867385, 1.000000000000000000, 0.9238795325112867385, 1.000000000000000000, 0.9238795325112867385, 1.000000000000000000, 0.9238795325112867385, 1.000000000000000000),
 ( 1.000000000000000000, 0.9238795325112867385, 1.000000000000000000, 0.9238795325112867385, 1.000000000000000000, 0.9238795325112867385, 1.000000000000000000, 0.9238795325112867385, 1.000000000000000000, 0.9238795325112867385, 1.000000000000000000, 0.9238795325112867385, 1.000000000000000000, 0.9238795325112867385, 1.000000000000000000, 0.9238795325112867385, 1.000000000000000000, 0.9238795325112867385, 1.000000000000000000, 0.9238795325112867385, 1.000000000000000000, 0.9238795325112867385, 1.000000000000000000, 0.9238795325112867385, 1.000000000000000000, 0.9238795325112867385, 1.000000000000000000, 0.9238795325112867385, 1.000000000000000000, 0.9238795325112867385, 1.000000000000000000, 0.9238795325112867385, 1.000000000000000000, 0.9238795325112867385, 1.000000000000000000, 0.9238795325112867385, 1.000000000000000000, 0.9238795325112867385, 1.000000000000000000, 0.9238795325112867385, 1.000000000000000000, 0.9238795325112867385, 1.000000000000000000, 0.9238795325112867385, 1.000000000000000000, 0.9238795325112867385, 1.000000000000000000, 0.9238795325112867385, 1.000000000000000000, 0.9238795325112867385, 1.000000000000000000, 0.9238795325112867385, 1.000000000000000000, 0.9238795325112867385, 1.000000000000000000, 0.9238795325112867385, 1.000000000000000000, 0.9238795325112867385, 1.000000000000000000, 0.9238795325112867385, 1.000000000000000000, 0.9238795325112867385, 1.000000000000000000, 0.9238795325112867385, 1.000000000000000000, 0.9238795325112867385, 1.000000000000000000, 0.9238795325112867385, 1.000000000000000000, 0.9238795325112867385, 1.000000000000000000, 0.9238795325112867385, 1.000000000000000000, 0.9238795325112867385, 1.000000000000000000, 0.9238795325112867385, 1.000000000000000000, 0.9238795325112867385, 1.000000000000000000, 0.9238795325112867385, 1.000000000000000000, 0.9238795325112867385, 1.000000000000000000, 0.9238795325112867385, 1.000000000000000000) ) ) 
 REPRESENTATION_ITEM ( '' )  SURFACE ( )  );
#293 = CARTESIAN_POINT ( 'NONE',  ( -0.03832471526136868589, 0.09252404735808342218, -0.1249999999999999861 ) ) ;
#294 = CARTESIAN_POINT ( 'NONE',  ( -0.09252404735808342218, 0.03832471526136869977, 0.02500000000000002567 ) ) ;
#295 = CARTESIAN_POINT ( 'NONE',  ( 0.1829058367883516500, -0.1469900086643514403, -0.1006974364137827732 ) ) ;
#296 = CARTESIAN_POINT ( 'NONE',  ( 0.000000000000000000, 0.000000000000000000, 0.1093750000000000000 ) ) ;
#297 = ORIENTED_EDGE ( 'NONE', *, *, #623, .F. ) ;
#298 = CARTESIAN_POINT ( 'NONE',  ( 0.09252404735808338054, 0.03832471526136870671, 0.06250000000000002776 ) ) ;
#299 = CARTESIAN_POINT ( 'NONE',  ( -0.03832471526136868589, 0.09252404735808342218, 0.02500000000000000486 ) ) ;
#300 = CARTESIAN_POINT ( 'NONE',  ( 0.05177669529663687931, -0.1250000000000000555, 0.06875000000000004718 ) ) ;
#301 = CARTESIAN_POINT ( 'NONE',  ( -0.07696341867489035760, 0.09436519554897029871, -0.1059039319345705804 ) ) ;
#302 = CARTESIAN_POINT ( 'NONE',  ( 0.05177669529663698339, 0.1249999999999999861, 0.1375000000000000666 ) ) ;
#303 = VECTOR ( 'NONE', #697, 39.37007874015748143 ) ;
#304 = CARTESIAN_POINT ( 'NONE',  ( 0.06542438130972606791, 0.06542438130972604016, 0.009375000000000018735 ) ) ;
#305 = CARTESIAN_POINT ( 'NONE',  ( 0.2009023710386853290, -0.1365997047704409773, -0.09578624770568251734 ) ) ;
#306 = ORIENTED_EDGE ( 'NONE', *, *, #751, .F. ) ;
#307 = FACE_OUTER_BOUND ( 'NONE', #498, .T. ) ;
#308 = CARTESIAN_POINT ( 'NONE',  ( 0.03832471526136867201, -0.09252404735808343605, -0.1000000000000000194 ) ) ;
#309 = ORIENTED_EDGE ( 'NONE', *, *, #1923, .F. ) ;
#310 = DIRECTION ( 'NONE',  ( 0.000000000000000000, 0.000000000000000000, 1.000000000000000000 ) ) ;
#311 = CARTESIAN_POINT ( 'NONE',  ( 0.09252404735808340830, 0.03832471526136870671, -0.09374999999999998612 ) ) ;
#312 = DIRECTION ( 'NONE',  ( -0.000000000000000000, -0.000000000000000000, -1.000000000000000000 ) ) ;
#313 = LINE ( 'NONE', #1233, #408 ) ;
#314 = ORIENTED_EDGE ( 'NONE', *, *, #1956, .F. ) ;
#315 = CARTESIAN_POINT ( 'NONE',  ( 0.1250000000000000278, 0.05177669529663692094, 0.08125000000000004441 ) ) ;
#316 = CARTESIAN_POINT ( 'NONE',  ( -0.06542438130972605403, -0.06542438130972604016, -0.01562499999999998786 ) ) ;
#317 = CARTESIAN_POINT ( 'NONE',  ( -0.1829654146269135417, -0.1469556113832210520, -0.1017652331762853996 ) ) ;
#318 = CARTESIAN_POINT ( 'NONE',  ( -0.2187499999999998057, -0.1262953713852305593, 0.08983703805189749425 ) ) ;
#319 = CARTESIAN_POINT ( 'NONE',  ( -0.09252404735808340830, 5.665463922061749222E-18, 0.03437500000000000971 ) ) ;
#320 = CARTESIAN_POINT ( 'NONE',  ( -0.03832471526136868589, 0.09252404735808342218, -0.08124999999999998890 ) ) ;
#321 = CARTESIAN_POINT ( 'NONE',  ( -0.09252404735808340830, 5.665463922061749222E-18, 0.02812500000000000763 ) ) ;
#322 = ORIENTED_EDGE ( 'NONE', *, *, #1956, .T. ) ;
#323 = CONICAL_SURFACE ( 'NONE', #1109, 0.2187499999999999445, 1.047197551196600074 ) ;
#324 = CARTESIAN_POINT ( 'NONE',  ( -0.09252404735808340830, 5.665463922061749222E-18, -0.1156249999999999917 ) ) ;
#325 = ORIENTED_EDGE ( 'NONE', *, *, #905, .T. ) ;
#326 = CARTESIAN_POINT ( 'NONE',  ( 0.2187499999999989730, -0.04256153443578057638, 0.1075381069437056497 ) ) ;
#327 = APPLICATION_CONTEXT ( 'automotive_design' ) ;
#328 = EDGE_CURVE ( 'NONE', #361, #1585, #203, .T. ) ;
#329 = CARTESIAN_POINT ( 'NONE',  ( -0.09252404735808340830, 0.03832471526136869977, -0.01874999999999998890 ) ) ;
#330 = CARTESIAN_POINT ( 'NONE',  ( 0.06542438130972604016, -0.06542438130972606791, -0.1031249999999999944 ) ) ;
#331 = CARTESIAN_POINT ( 'NONE',  ( 0.000000000000000000, 7.145107678494430182E-19, 0.09687500000000000278 ) ) ;
#332 = CARTESIAN_POINT ( 'NONE',  ( 0.1250000000000000555, -2.296212748401288034E-17, -0.01562499999999998786 ) ) ;
#333 = FACE_OUTER_BOUND ( 'NONE', #99, .T. ) ;
#334 = CARTESIAN_POINT ( 'NONE',  ( 0.01556276604897424698, 0.1119285078937344163, -0.09711930939622095971 ) ) ;
#335 = ADVANCED_FACE ( 'NONE', ( #1220 ), #1245, .F. ) ;
#336 = CONICAL_SURFACE ( 'NONE', #1312, 0.2187499999999999445, 1.047197551196600074 ) ;
#337 = ORIENTED_EDGE ( 'NONE', *, *, #1054, .T. ) ;
#338 = AXIS2_PLACEMENT_3D ( 'NONE', #1575, #147, #787 ) ;
#339 = CARTESIAN_POINT ( 'NONE',  ( -0.1093750000000002637, 0.1894430570778458944, 0.1093750000000000000 ) ) ;
#340 = CARTESIAN_POINT ( 'NONE',  ( -0.03832471526136868589, 0.09252404735808342218, -0.02499999999999999098 ) ) ;
#341 = PLANE ( 'NONE',  #1695 ) ;
#342 = CARTESIAN_POINT ( 'NONE',  ( 0.06542438130972606791, 0.06542438130972604016, -0.09062500000000001110 ) ) ;
#343 = CARTESIAN_POINT ( 'NONE',  ( -0.09137163070204215587, 0.01455762488768317167, 0.07689904735808344993 ) ) ;
#344 = CARTESIAN_POINT ( 'NONE',  ( 0.03832471526136875528, 0.09252404735808338054, 0.01250000000000001978 ) ) ;
#345 = CARTESIAN_POINT ( 'NONE',  ( -0.05177669529663692094, -0.1250000000000000555, -0.08124999999999998890 ) ) ;
#346 = CARTESIAN_POINT ( 'NONE',  ( 0.03244357792937309359, -0.1028292388426207266, -0.09199649425500716626 ) ) ;
#347 = CARTESIAN_POINT ( 'NONE',  ( -0.06542438130972605403, -0.06542438130972604016, 0.08437500000000001943 ) ) ;
#348 = B_SPLINE_CURVE_WITH_KNOTS ( 'NONE', 3,
 ( #1291, #1931, #1152, #518 ),
 .UNSPECIFIED., .F., .F.,
 ( 4, 4 ),
 ( 2.380734247432028478E-07, 0.003246110284317214271 ),
 .UNSPECIFIED. ) ;
#349 = CARTESIAN_POINT ( 'NONE',  ( 0.000000000000000000, 0.000000000000000000, -0.1093750000000000000 ) ) ;
#350 = CARTESIAN_POINT ( 'NONE',  ( 0.000000000000000000, 0.1250000000000000278, 0.04062500000000002914 ) ) ;
#351 = CARTESIAN_POINT ( 'NONE',  ( 0.09252404735808340830, 0.03832471526136870671, -0.03749999999999999167 ) ) ;
#352 = EDGE_LOOP ( 'NONE', ( #1066, #873, #1397, #1533, #1959, #73 ) ) ;
#353 = CARTESIAN_POINT ( 'NONE',  ( -0.09252404735808340830, 5.665463922061749222E-18, -0.02187499999999998820 ) ) ;
#354 = CARTESIAN_POINT ( 'NONE',  ( -0.09243116952890087501, -0.02026410416604939105, 0.07874554072569142638 ) ) ;
#355 = LENGTH_MEASURE_WITH_UNIT ( LENGTH_MEASURE( 0.02539999999999999897 ), #1897 );
#356 = CARTESIAN_POINT ( 'NONE',  ( 0.04460306273634309648, -0.09746592037150959842, -0.09135624487589455445 ) ) ;
#357 = CARTESIAN_POINT ( 'NONE',  ( -0.09252404735808342218, -0.03832471526136867895, 0.08125000000000000278 ) ) ;
#358 = CARTESIAN_POINT ( 'NONE',  ( 0.000000000000000000, 0.000000000000000000, -0.1093750000000000000 ) ) ;
#359 = CARTESIAN_POINT ( 'NONE',  ( 0.09774542756101688157, 0.05460563863535618928, 0.09611211943661689128 ) ) ;
#360 = CARTESIAN_POINT ( 'NONE',  ( -1.133092784412349844E-17, -0.09252404735808340830, 0.09687500000000003053 ) ) ;
#361 = VERTEX_POINT ( 'NONE', #455 ) ;
#362 = CARTESIAN_POINT ( 'NONE',  ( -0.06542438130972605403, -0.06542438130972604016, 0.08437500000000001943 ) ) ;
#363 = CARTESIAN_POINT ( 'NONE',  ( -0.06542438130972604016, 0.06542438130972605403, -0.1281249999999999889 ) ) ;
#364 = CARTESIAN_POINT ( 'NONE',  ( -0.03832471526136868589, 0.09252404735808340830, 0.01875000000000000278 ) ) ;
#365 = B_SPLINE_CURVE_WITH_KNOTS ( 'NONE', 3,
 ( #249, #2006, #1069, #1686 ),
 .UNSPECIFIED., .F., .F.,
 ( 4, 4 ),
 ( 2.380734247426259389E-07, 0.003246110284317209934 ),
 .UNSPECIFIED. ) ;
#366 = ORIENTED_EDGE ( 'NONE', *, *, #507, .T. ) ;
#367 = DIRECTION ( 'NONE',  ( -0.000000000000000000, -0.000000000000000000, 1.000000000000000000 ) ) ;
#368 = CARTESIAN_POINT ( 'NONE',  ( 0.05177669529663699033, 0.1250000000000000278, -0.1062499999999999972 ) ) ;
#369 = CARTESIAN_POINT ( 'NONE',  ( 0.1083766742493992019, 0.02053782711758900259, 0.09444960268807495174 ) ) ;
#370 = CARTESIAN_POINT ( 'NONE',  ( -0.1250000000000000278, 7.654042494670959086E-18, 0.1031250000000000500 ) ) ;
#371 = AXIS2_PLACEMENT_3D ( 'NONE', #358, #64, #512 ) ;
#372 = CARTESIAN_POINT ( 'NONE',  ( -0.1250000000000000555, 7.654042494670960626E-18, -0.04062499999999999445 ) ) ;
#373 = CARTESIAN_POINT ( 'NONE',  ( -0.06416629376913848826, 0.06776019529924319496, 0.07689904735815984715 ) ) ;
#374 = EDGE_CURVE ( 'NONE', #446, #733, #52, .T. ) ;
#375 = ORIENTED_EDGE ( 'NONE', *, *, #679, .T. ) ;
#376 = CARTESIAN_POINT ( 'NONE',  ( -1.133092784412349844E-17, -0.09252404735808340830, -0.05312499999999999861 ) ) ;
#377 = CARTESIAN_POINT ( 'NONE',  ( -0.1061510274082840266, 0.01734395898836253030, 0.09164308073387689157 ) ) ;
#378 = CARTESIAN_POINT ( 'NONE',  ( -0.1250000000000001110, 7.654042494670963708E-18, 0.1093750000000000139 ) ) ;
#379 = CARTESIAN_POINT ( 'NONE',  ( -0.09252404735808342218, 0.03832471526136869977, 0.1250000000000000278 ) ) ;
#380 = CARTESIAN_POINT ( 'NONE',  ( 0.000000000000000000, 0.1170753175473054908, 0.1014503175473055047 ) ) ;
#381 = CARTESIAN_POINT ( 'NONE',  ( -0.1464259308452922903, 0.1680516921805902952, 0.1071260629049984175 ) ) ;
#382 = CARTESIAN_POINT ( 'NONE',  ( 0.02814986365804283963, 0.1126147940638908412, 0.1002335845543109727 ) ) ;
#383 = PRODUCT_RELATED_PRODUCT_CATEGORY ( 'part', '', ( #152 ) ) ;
#384 = ORIENTED_EDGE ( 'NONE', *, *, #1067, .T. ) ;
#385 = FACE_OUTER_BOUND ( 'NONE', #2061, .T. ) ;
#386 = CARTESIAN_POINT ( 'NONE',  ( 0.1250000000000000555, -2.296212748401288034E-17, 0.08437500000000001943 ) ) ;
#387 = EDGE_LOOP ( 'NONE', ( #1716, #598, #1516 ) ) ;
#388 = CARTESIAN_POINT ( 'NONE',  ( -0.09252404735808340830, 5.665463922061749222E-18, -0.06562499999999998890 ) ) ;
#389 = DIRECTION ( 'NONE',  ( -0.000000000000000000, -0.000000000000000000, -1.000000000000000000 ) ) ;
#390 = CARTESIAN_POINT ( 'NONE',  ( 0.08838834764831850210, 0.08838834764831846047, 0.09062500000000002498 ) ) ;
#391 = CARTESIAN_POINT ( 'NONE',  ( -0.1250000000000000278, -0.05177669529663688625, -0.04374999999999996253 ) ) ;
#392 = CARTESIAN_POINT ( 'NONE',  ( -0.03832471526136870671, -0.09252404735808342218, -0.1125000000000000028 ) ) ;
#393 = CARTESIAN_POINT ( 'NONE',  ( -0.1236016169087465755, 0.01595607932939289292, 0.1087499191118701525 ) ) ;
#394 = CARTESIAN_POINT ( 'NONE',  ( -0.06542438130972604016, 0.06542438130972605403, 0.1281250000000000444 ) ) ;
#395 = DIRECTION ( 'NONE',  ( 0.000000000000000000, 0.000000000000000000, 1.000000000000000000 ) ) ;
#396 = EDGE_CURVE ( 'NONE', #2064, #750, #1564, .T. ) ;
#397 = CARTESIAN_POINT ( 'NONE',  ( -0.1250000000000000555, 0.05177669529663691400, 0.05625000000000000139 ) ) ;
#398 = ORIENTED_EDGE ( 'NONE', *, *, #1794, .F. ) ;
#399 = CARTESIAN_POINT ( 'NONE',  ( 0.000000000000000000, 0.1250000000000000555, 0.09687500000000003053 ) ) ;
#400 = CARTESIAN_POINT ( 'NONE',  ( 0.05177669529663699033, 0.1250000000000000278, -0.05625000000000000139 ) ) ;
#401 = ORIENTED_EDGE ( 'NONE', *, *, #1127, .F. ) ;
#402 = CARTESIAN_POINT ( 'NONE',  ( -0.1250000000000000278, -0.05177669529663688625, 0.006250000000000035909 ) ) ;
#403 = ADVANCED_FACE ( 'NONE', ( #1000 ), #192, .F. ) ;
#404 = CARTESIAN_POINT ( 'NONE',  ( 0.1032926275542927208, 0.04146380175275318075, 0.09545088956651723300 ) ) ;
#405 = CARTESIAN_POINT ( 'NONE',  ( 0.09252404735808340830, -0.03832471526136874140, 0.1062500000000000111 ) ) ;
#406 = ORIENTED_EDGE ( 'NONE', *, *, #1155, .F. ) ;
#407 = CARTESIAN_POINT ( 'NONE',  ( 0.000000000000000000, 0.000000000000000000, 0.1093750000000000000 ) ) ;
#408 = VECTOR ( 'NONE', #1542, 39.37007874015748143 ) ;
#409 = CARTESIAN_POINT ( 'NONE',  ( 0.1250000000000000555, -2.296212748401288034E-17, -0.01562499999999998786 ) ) ;
#410 = FACE_OUTER_BOUND ( 'NONE', #768, .T. ) ;
#411 = CARTESIAN_POINT ( 'NONE',  ( 0.1250000000000000278, -2.296212748401287726E-17, -0.02187499999999997086 ) ) ;
#412 = CARTESIAN_POINT ( 'NONE',  ( -0.08838834764831847435, -0.08838834764831846047, -0.03437499999999998890 ) ) ;
#413 = ORIENTED_EDGE ( 'NONE', *, *, #592, .F. ) ;
#414 = EDGE_CURVE ( 'NONE', #465, #1100, #1321, .T. ) ;
#415 = CARTESIAN_POINT ( 'NONE',  ( -0.08838834764831846047, 0.08838834764831846047, -0.05312499999999997086 ) ) ;
#416 = CARTESIAN_POINT ( 'NONE',  ( 0.000000000000000000, 0.1102123412263474878, -0.09458734122634743224 ) ) ;
#417 = CARTESIAN_POINT ( 'NONE',  ( -0.1250000000000000278, 7.654042494670959086E-18, 0.003125000000000034868 ) ) ;
#418 = EDGE_LOOP ( 'NONE', ( #1077, #957, #1430 ) ) ;
#419 = CARTESIAN_POINT ( 'NONE',  ( 0.2187499999999999445, 0.000000000000000000, -0.1093750000000000000 ) ) ;
#420 =( BOUNDED_CURVE ( )  B_SPLINE_CURVE ( 2, ( #370, #57, #1347 ),
 .UNSPECIFIED., .F., .F. ) 
 B_SPLINE_CURVE_WITH_KNOTS ( ( 3, 3 ),
 ( 0.7083333333333333703, 0.7291666666666702934 ),
 .UNSPECIFIED. ) 
 CURVE ( )  GEOMETRIC_REPRESENTATION_ITEM ( )  RATIONAL_B_SPLINE_CURVE ( ( 1.000000000000000000, 0.9238795325112733048, 1.000000000000013323 ) ) 
 REPRESENTATION_ITEM ( '' )  );
#421 = EDGE_LOOP ( 'NONE', ( #762, #424, #1662, #722 ) ) ;
#422 = CARTESIAN_POINT ( 'NONE',  ( -0.09731265543107037175, -0.07511924071286280036, 0.1070583062485075121 ) ) ;
#423 = CARTESIAN_POINT ( 'NONE',  ( -2.163296976754785889E-17, 0.2525907427704615626, 0.08983703805189720282 ) ) ;
#424 = ORIENTED_EDGE ( 'NONE', *, *, #721, .T. ) ;
#425 = CARTESIAN_POINT ( 'NONE',  ( 0.08838834764831846047, -0.08838834764831847435, -0.02812499999999997294 ) ) ;
#426 = CARTESIAN_POINT ( 'NONE',  ( -0.2187499999999998612, 0.02137261768462770870, 0.1093750000000000833 ) ) ;
#427 = CARTESIAN_POINT ( 'NONE',  ( -0.2187499999999998612, -0.1057386596506553200, -0.09577124957870336575 ) ) ;
#428 = CARTESIAN_POINT ( 'NONE',  ( -0.1250000000000000555, 7.654042494670960626E-18, 0.05937500000000001804 ) ) ;
#429 = AXIS2_PLACEMENT_3D ( 'NONE', #2049, #191, #1330 ) ;
#430 = CARTESIAN_POINT ( 'NONE',  ( 0.09252404735808340830, 0.03832471526136870671, -0.03749999999999999167 ) ) ;
#431 = EDGE_CURVE ( 'NONE', #1585, #1360, #1078, .T. ) ;
#432 =( BOUNDED_CURVE ( )  B_SPLINE_CURVE ( 2, ( #1506, #724, #1374, #714, #2001, #1342, #1351, #2011, #1202 ),
 .UNSPECIFIED., .F., .T. ) 
 B_SPLINE_CURVE_WITH_KNOTS ( ( 3, 2, 2, 2, 3 ),
 ( 0.1666666666666666297, 0.1875000000000000000, 0.2083333333333333703, 0.2291666666666666297, 0.2500000000000000000 ),
 .UNSPECIFIED. ) 
 CURVE ( )  GEOMETRIC_REPRESENTATION_ITEM ( )  RATIONAL_B_SPLINE_CURVE ( ( 1.000000000000000000, 0.9238795325112867385, 1.000000000000000000, 0.9238795325112867385, 1.000000000000000000, 0.9238795325112867385, 1.000000000000000000, 0.9238795325112867385, 1.000000000000000000 ) ) 
 REPRESENTATION_ITEM ( '' )  );
#433 = CARTESIAN_POINT ( 'NONE',  ( -0.07109360133412241656, 0.09924632769075467098, -0.1062176204599463158 ) ) ;
#434 = CARTESIAN_POINT ( 'NONE',  ( -0.1250000000000000555, 0.05177669529663691400, -0.04374999999999999722 ) ) ;
#435 = EDGE_LOOP ( 'NONE', ( #936, #207, #1414, #1104, #702, #967, #669, #1264, #1851, #1462, #2031, #942, #325, #1357, #1581 ) ) ;
#436 = CARTESIAN_POINT ( 'NONE',  ( -0.05177669529663691400, -0.1250000000000000278, 0.06250000000000005551 ) ) ;
#437 = CARTESIAN_POINT ( 'NONE',  ( -0.07210642679924834930, 0.2109600778476133920, -0.1093750000000000278 ) ) ;
#438 = CARTESIAN_POINT ( 'NONE',  ( 0.09065024301692206632, -0.05105668069681707638, -0.08820542218654611744 ) ) ;
#439 = CARTESIAN_POINT ( 'NONE',  ( 0.1250000000000000555, -2.296212748401288034E-17, 0.08437500000000001943 ) ) ;
#440 = CARTESIAN_POINT ( 'NONE',  ( 0.03832471526136867201, -0.09252404735808343605, 0.05000000000000002359 ) ) ;
#441 = AXIS2_PLACEMENT_3D ( 'NONE', #1588, #1911, #788 ) ;
#442 = ADVANCED_FACE ( 'NONE', ( #1303 ), #2050, .F. ) ;
#443 = CIRCLE ( 'NONE', #1571, 0.1250000000000000555 ) ;
#444 = CARTESIAN_POINT ( 'NONE',  ( 0.1249999999999999861, -0.05177669529663698339, 0.02500000000000003955 ) ) ;
#445 = DIRECTION ( 'NONE',  ( 1.000000000000000000, 0.000000000000000000, 0.000000000000000000 ) ) ;
#446 = VERTEX_POINT ( 'NONE', #692 ) ;
#447 = CARTESIAN_POINT ( 'NONE',  ( 0.2187499999999990563, -0.08470703975921223261, -0.1007414642477072325 ) ) ;
#448 = VERTEX_POINT ( 'NONE', #809 ) ;
#449 = CARTESIAN_POINT ( 'NONE',  ( 0.09252404735808340830, -0.03832471526136874140, 0.006250000000000018562 ) ) ;
#450 = CARTESIAN_POINT ( 'NONE',  ( 0.1250000000000000000, -0.05177669529663698339, 0.07500000000000005274 ) ) ;
#451 = CARTESIAN_POINT ( 'NONE',  ( 0.09252404735808338054, -0.03832471526136874140, -0.05000000000000000971 ) ) ;
#452 = VERTEX_POINT ( 'NONE', #842 ) ;
#453 = CARTESIAN_POINT ( 'NONE',  ( -0.06542438130972604016, 0.06542438130972605403, 0.02187500000000000555 ) ) ;
#454 = CARTESIAN_POINT ( 'NONE',  ( -0.2187499999999998612, 0.1058704706304093024, 0.09573319902638116607 ) ) ;
#455 = CARTESIAN_POINT ( 'NONE',  ( 0.1250000000000000555, -2.296212748401288034E-17, -0.01562499999999998786 ) ) ;
#456 = CARTESIAN_POINT ( 'NONE',  ( 0.2187499999999989730, 0.08518403177279834648, -0.1006411452878622353 ) ) ;
#457 = CARTESIAN_POINT ( 'NONE',  ( -0.09252404735808340830, -0.03832471526136868589, -0.01249999999999998682 ) ) ;
#458 = CARTESIAN_POINT ( 'NONE',  ( 0.09252404735808340830, -1.699639176618524612E-17, 0.1093750000000000278 ) ) ;
#459 = SURFACE_STYLE_USAGE ( .BOTH. , #1861 ) ;
#460 = ADVANCED_FACE ( 'NONE', ( #508 ), #1446, .F. ) ;
#461 = CARTESIAN_POINT ( 'NONE',  ( -0.06542438130972605403, -0.06542438130972604016, -0.06562499999999998890 ) ) ;
#462 = AXIS2_PLACEMENT_3D ( 'NONE', #1670, #1489, #1173 ) ;
#463 = CARTESIAN_POINT ( 'NONE',  ( -0.03832471526136870671, -0.09252404735808342218, -0.06249999999999999306 ) ) ;
#464 = EDGE_CURVE ( 'NONE', #501, #486, #348, .T. ) ;
#465 = VERTEX_POINT ( 'NONE', #19 ) ;
#466 = DIRECTION ( 'NONE',  ( -0.000000000000000000, -0.000000000000000000, -1.000000000000000000 ) ) ;
#467 = ORIENTED_EDGE ( 'NONE', *, *, #1785, .T. ) ;
#468 = CARTESIAN_POINT ( 'NONE',  ( 0.09252404735808340830, -1.699639176618524612E-17, 0.009375000000000018735 ) ) ;
#469 = CARTESIAN_POINT ( 'NONE',  ( -1.133092784412349844E-17, -0.09252404735808340830, 0.04062500000000000833 ) ) ;
#470 =( NAMED_UNIT ( * ) PLANE_ANGLE_UNIT ( ) SI_UNIT ( $, .RADIAN. ) );
#471 = ORIENTED_EDGE ( 'NONE', *, *, #252, .T. ) ;
#472 = CARTESIAN_POINT ( 'NONE',  ( 0.1250000000000000278, -2.296212748401287726E-17, 0.07812500000000004163 ) ) ;
#473 = AXIS2_PLACEMENT_3D ( 'NONE', #1834, #535, #1482 ) ;
#474 = CARTESIAN_POINT ( 'NONE',  ( 0.03832471526136875528, 0.09252404735808340830, -0.03749999999999999167 ) ) ;
#475 = CARTESIAN_POINT ( 'NONE',  ( 0.2187499999999990008, 0.1262953713852315307, -0.08983703805189763303 ) ) ;
#476 = ORIENTED_EDGE ( 'NONE', *, *, #213, .T. ) ;
#477 = CARTESIAN_POINT ( 'NONE',  ( -0.06316341736961424147, -0.2161233267491774745, -0.1058024543881953411 ) ) ;
#478 = CARTESIAN_POINT ( 'NONE',  ( 0.06542438130972604016, -0.06542438130972606791, 0.003125000000000017954 ) ) ;
#479 = CARTESIAN_POINT ( 'NONE',  ( 0.09252404735808340830, -0.03832471526136874140, 1.707404996040164512E-17 ) ) ;
#480 = EDGE_LOOP ( 'NONE', ( #1471, #1052, #1086, #1499 ) ) ;
#481 = CARTESIAN_POINT ( 'NONE',  ( 0.06542438130972606791, 0.06542438130972604016, -0.09062500000000001110 ) ) ;
#482 = CARTESIAN_POINT ( 'NONE',  ( -0.1093749999999998196, -0.1894430570778460332, -0.1093750000000000000 ) ) ;
#483 = CARTESIAN_POINT ( 'NONE',  ( 0.03584416321164761443, 0.2318961054913399600, 0.1006974364137819544 ) ) ;
#484 = CARTESIAN_POINT ( 'NONE',  ( -0.1250000000000000278, 0.05177669529663690706, 0.05000000000000004441 ) ) ;
#485 = CARTESIAN_POINT ( 'NONE',  ( 0.06542438130972604016, -0.06542438130972606791, -0.04687499999999999306 ) ) ;
#486 = VERTEX_POINT ( 'NONE', #492 ) ;
#487 = CARTESIAN_POINT ( 'NONE',  ( 0.09252404735808338054, -0.03832471526136874140, -0.04374999999999999722 ) ) ;
#488 = CARTESIAN_POINT ( 'NONE',  ( 0.000000000000000000, 0.09252404735808340830, -0.08437500000000000555 ) ) ;
#489 = CARTESIAN_POINT ( 'NONE',  ( 0.09252404735808338054, 0.03832471526136870671, 0.006250000000000018562 ) ) ;
#490 = EDGE_CURVE ( 'NONE', #1635, #895, #242, .T. ) ;
#491 = CARTESIAN_POINT ( 'NONE',  ( -0.05177669529663690706, 0.1250000000000000555, 0.000000000000000000 ) ) ;
#492 = CARTESIAN_POINT ( 'NONE',  ( 0.1093749999999995143, -0.1894430570778449785, 0.1093750000000000000 ) ) ;
#493 = CIRCLE ( 'NONE', #695, 0.1250000000000000555 ) ;
#494 = CARTESIAN_POINT ( 'NONE',  ( -0.03832471526136868589, 0.09252404735808342218, 0.1187500000000000500 ) ) ;
#495 = DIRECTION ( 'NONE',  ( 1.000000000000000000, 0.000000000000000000, 0.000000000000000000 ) ) ;
#496 = CARTESIAN_POINT ( 'NONE',  ( 0.1250000000000000278, -2.296212748401287726E-17, 0.07812500000000004163 ) ) ;
#497 =( BOUNDED_CURVE ( )  B_SPLINE_CURVE ( 2, ( #1326, #533, #1964, #547, #1176, #1974, #1190, #1823, #227 ),
 .UNSPECIFIED., .F., .F. ) 
 B_SPLINE_CURVE_WITH_KNOTS ( ( 3, 2, 2, 2, 3 ),
 ( 0.6250000000000000000, 0.6458333333333333703, 0.6666666666666666297, 0.6875000000000000000, 0.7083333333333333703 ),
 .UNSPECIFIED. ) 
 CURVE ( )  GEOMETRIC_REPRESENTATION_ITEM ( )  RATIONAL_B_SPLINE_CURVE ( ( 1.000000000000000000, 0.9238795325112867385, 1.000000000000000000, 0.9238795325112867385, 1.000000000000000000, 0.9238795325112867385, 1.000000000000000000, 0.9238795325112867385, 1.000000000000000000 ) ) 
 REPRESENTATION_ITEM ( '' )  );
#498 = EDGE_LOOP ( 'NONE', ( #604, #784, #1094 ) ) ;
#499 = DIRECTION ( 'NONE',  ( 0.000000000000000000, 1.390669193306910607E-16, -1.000000000000000000 ) ) ;
#500 = CARTESIAN_POINT ( 'NONE',  ( -1.133092784412349844E-17, -0.09252404735808340830, -0.05312499999999999861 ) ) ;
#501 = VERTEX_POINT ( 'NONE', #1138 ) ;
#502 = CARTESIAN_POINT ( 'NONE',  ( 0.03832471526136875528, 0.09252404735808338054, 0.06875000000000003331 ) ) ;
#503 = CARTESIAN_POINT ( 'NONE',  ( 0.03832471526136867201, -0.09252404735808343605, -0.05625000000000000139 ) ) ;
#504 = CARTESIAN_POINT ( 'NONE',  ( -6.731080264487065347E-16, -0.2525907427704604524, -0.08983703805189785507 ) ) ;
#505 = ADVANCED_FACE ( 'NONE', ( #1772, #333 ), #1610, .T. ) ;
#506 = CARTESIAN_POINT ( 'NONE',  ( -0.1250000000000000278, 0.05177669529663690706, -0.09999999999999999167 ) ) ;
#507 = EDGE_CURVE ( 'NONE', #895, #683, #1013, .T. ) ;
#508 = FACE_OUTER_BOUND ( 'NONE', #1694, .T. ) ;
#509 = CARTESIAN_POINT ( 'NONE',  ( -0.08838834764831847435, -0.08838834764831846047, -0.1343749999999999944 ) ) ;
#510 = VERTEX_POINT ( 'NONE', #82 ) ;
#511 = CONICAL_SURFACE ( 'NONE', #1882, 0.2187499999999999445, 1.047197551196600074 ) ;
#512 = DIRECTION ( 'NONE',  ( 1.000000000000000000, 0.000000000000000000, 0.000000000000000000 ) ) ;
#513 = VECTOR ( 'NONE', #1721, 39.37007874015748143 ) ;
#514 = CARTESIAN_POINT ( 'NONE',  ( 0.08838834764831847435, 0.08838834764831844659, 0.03437500000000004441 ) ) ;
#515 = CARTESIAN_POINT ( 'NONE',  ( 0.09252404735808340830, -1.699639176618524612E-17, -0.04687499999999999306 ) ) ;
#516 = DIRECTION ( 'NONE',  ( 1.000000000000000000, 0.000000000000000000, 0.000000000000000000 ) ) ;
#517 = EDGE_CURVE ( 'NONE', #1005, #1752, #1215, .T. ) ;
#518 = CARTESIAN_POINT ( 'NONE',  ( 0.1093749999999995143, -0.1894430570778449785, 0.1093750000000000000 ) ) ;
#519 = CARTESIAN_POINT ( 'NONE',  ( 0.03832471526136875528, 0.09252404735808340830, 0.06250000000000002776 ) ) ;
#520 = CARTESIAN_POINT ( 'NONE',  ( 0.08280961773721692842, -0.06612463949569656607, 0.09010587163900542207 ) ) ;
#521 = CARTESIAN_POINT ( 'NONE',  ( -0.03832471526136868589, 0.09252404735808342218, 0.07499999999999999722 ) ) ;
#522 = ORIENTED_EDGE ( 'NONE', *, *, #557, .F. ) ;
#523 = CARTESIAN_POINT ( 'NONE',  ( -0.08838834764831847435, -0.08838834764831846047, 0.01562500000000000347 ) ) ;
#524 = CARTESIAN_POINT ( 'NONE',  ( 0.000000000000000000, 0.000000000000000000, 0.1093750000000000000 ) ) ;
#525 = CARTESIAN_POINT ( 'NONE',  ( -0.06542438130972605403, -0.06542438130972604016, -0.01562499999999998786 ) ) ;
#526 = CARTESIAN_POINT ( 'NONE',  ( -0.1250000000000000555, 7.654042494670960626E-18, -0.09062500000000001110 ) ) ;
#527 = DIRECTION ( 'NONE',  ( 0.000000000000000000, 1.390669193306910607E-16, -1.000000000000000000 ) ) ;
#528 = CARTESIAN_POINT ( 'NONE',  ( -0.03832471526136870671, -0.09252404735808342218, 0.08750000000000000833 ) ) ;
#529 = PRODUCT_DEFINITION_CONTEXT ( 'detailed design', #327, 'design' ) ;
#530 = DIRECTION ( 'NONE',  ( -0.000000000000000000, -0.000000000000000000, -1.000000000000000000 ) ) ;
#531 = CARTESIAN_POINT ( 'NONE',  ( -0.01594258474478651641, 0.1169204048871198692, 0.1021127028558916489 ) ) ;
#532 = EDGE_CURVE ( 'NONE', #134, #1014, #1718, .T. ) ;
#533 = CARTESIAN_POINT ( 'NONE',  ( 0.1250000000000000278, 0.05177669529663692094, 0.08125000000000005829 ) ) ;
#534 = ORIENTED_EDGE ( 'NONE', *, *, #184, .F. ) ;
#535 = DIRECTION ( 'NONE',  ( -0.000000000000000000, -0.000000000000000000, -1.000000000000000000 ) ) ;
#536 = CARTESIAN_POINT ( 'NONE',  ( 0.000000000000000000, 0.09252404735808340830, -0.1343749999999999944 ) ) ;
#537 = ORIENTED_EDGE ( 'NONE', *, *, #1003, .T. ) ;
#538 = CARTESIAN_POINT ( 'NONE',  ( -0.06542438130972604016, 0.06542438130972605403, -0.07187499999999999445 ) ) ;
#539 = CYLINDRICAL_SURFACE ( 'NONE', #1733, 0.1250000000000000555 ) ;
#540 = DIRECTION ( 'NONE',  ( -1.000000000000000000, 0.000000000000000000, 0.000000000000000000 ) ) ;
#541 = CARTESIAN_POINT ( 'NONE',  ( -0.06542438130972604016, 0.06542438130972605403, 0.07187500000000002220 ) ) ;
#542 = VERTEX_POINT ( 'NONE', #1076 ) ;
#543 = ORIENTED_EDGE ( 'NONE', *, *, #1363, .F. ) ;
#544 = CARTESIAN_POINT ( 'NONE',  ( -1.530808498934191817E-17, -0.1250000000000000278, -0.08437499999999996392 ) ) ;
#545 = ADVANCED_FACE ( 'NONE', ( #1849 ), #580, .F. ) ;
#546 = CARTESIAN_POINT ( 'NONE',  ( 0.000000000000000000, 0.1170753175473054908, 0.1014503175473055047 ) ) ;
#547 = CARTESIAN_POINT ( 'NONE',  ( 0.05177669529663698339, 0.1250000000000000000, 0.08750000000000006384 ) ) ;
#548 = AXIS2_PLACEMENT_3D ( 'NONE', #1711, #96, #746 ) ;
#549 = CARTESIAN_POINT ( 'NONE',  ( 0.1829058367883516500, -0.1469900086643514403, 0.1006974364137827732 ) ) ;
#550 = CARTESIAN_POINT ( 'NONE',  ( 0.05177669529663687931, -0.1250000000000000833, 0.07499999999999999722 ) ) ;
#551 = ORIENTED_EDGE ( 'NONE', *, *, #2016, .T. ) ;
#552 = CARTESIAN_POINT ( 'NONE',  ( -0.05867561092871279027, 0.07255977182348993804, -0.07689904735808342218 ) ) ;
#553 = CARTESIAN_POINT ( 'NONE',  ( -0.1250000000000000278, 0.05177669529663690706, 3.414809992080329023E-17 ) ) ;
#554 = ORIENTED_EDGE ( 'NONE', *, *, #710, .T. ) ;
#555 = CARTESIAN_POINT ( 'NONE',  ( -0.2009023710386860506, 0.1365997047704417267, 0.09578624770568179569 ) ) ;
#556 = DIRECTION ( 'NONE',  ( -0.000000000000000000, -0.000000000000000000, -1.000000000000000000 ) ) ;
#557 = EDGE_CURVE ( 'NONE', #917, #687, #741, .T. ) ;
#558 = CARTESIAN_POINT ( 'NONE',  ( -1.133092784412349844E-17, -0.09252404735808340830, 0.04687500000000001388 ) ) ;
#559 = CARTESIAN_POINT ( 'NONE',  ( -1.530808498934192125E-17, -0.1250000000000000555, 0.02187500000000000555 ) ) ;
#560 = DIRECTION ( 'NONE',  ( -1.000000000000000000, 0.000000000000000000, 0.000000000000000000 ) ) ;
#561 = ADVANCED_FACE ( 'NONE', ( #562 ), #336, .T. ) ;
#562 = FACE_OUTER_BOUND ( 'NONE', #104, .T. ) ;
#563 = CARTESIAN_POINT ( 'NONE',  ( 0.08838834764831850210, 0.08838834764831846047, -0.05937499999999999722 ) ) ;
#564 = CARTESIAN_POINT ( 'NONE',  ( -0.1093750000000002637, 0.1894430570778458944, 0.1093750000000000000 ) ) ;
#565 = CARTESIAN_POINT ( 'NONE',  ( 0.1040749003154172320, -0.02898779482927330703, 0.09217214308553822733 ) ) ;
#566 = CARTESIAN_POINT ( 'NONE',  ( -0.06542438130972604016, 0.06542438130972605403, 0.02812500000000000763 ) ) ;
#567 = CARTESIAN_POINT ( 'NONE',  ( 0.1093749999999995143, -0.1894430570778449785, 0.1093750000000000000 ) ) ;
#568 =( BOUNDED_CURVE ( )  B_SPLINE_CURVE ( 2, ( #723, #1361, #1373, #1860, #1704, #270, #1597, #167, #126 ),
 .UNSPECIFIED., .F., .F. ) 
 B_SPLINE_CURVE_WITH_KNOTS ( ( 3, 2, 2, 2, 3 ),
 ( 0.04166666666666666435, 0.06250000000000000000, 0.08333333333333332871, 0.1041666666666666574, 0.1250000000000000000 ),
 .UNSPECIFIED. ) 
 CURVE ( )  GEOMETRIC_REPRESENTATION_ITEM ( )  RATIONAL_B_SPLINE_CURVE ( ( 1.000000000000000000, 0.9238795325112867385, 1.000000000000000000, 0.9238795325112867385, 1.000000000000000000, 0.9238795325112867385, 1.000000000000000000, 0.9238795325112867385, 1.000000000000000000 ) ) 
 REPRESENTATION_ITEM ( '' )  );
#569 = CARTESIAN_POINT ( 'NONE',  ( -0.1250000000000000555, 0.05177669529663691400, 0.1062500000000000111 ) ) ;
#570 = CARTESIAN_POINT ( 'NONE',  ( 0.1250000000000000555, -2.296212748401288034E-17, 0.03437500000000000971 ) ) ;
#571 = B_SPLINE_CURVE_WITH_KNOTS ( 'NONE', 3,
 ( #1053, #100, #422, #262, #1212, #1817, #232, #91, #254, #60, #377, #1659, #896, #1033, #1650, #81, #1362, #875 ),
 .UNSPECIFIED., .F., .F.,
 ( 4, 2, 2, 2, 2, 2, 2, 2, 4 ),
 ( 0.000000000000000000, 0.0006113653285223538507, 0.001222730657044707701, 0.001834095985567061552, 0.002445461314089415403, 0.003056826642611769253, 0.003668191971134123104, 0.004279557299656476521, 0.004890922628178830806 ),
 .UNSPECIFIED. ) ;
#572 = CARTESIAN_POINT ( 'NONE',  ( -0.1093749999999998196, -0.1894430570778460332, -0.1093750000000000000 ) ) ;
#573 = VERTEX_POINT ( 'NONE', #1818 ) ;
#574 = CARTESIAN_POINT ( 'NONE',  ( -1.530808498934191817E-17, -0.1250000000000000278, -0.03437499999999997502 ) ) ;
#575 = CARTESIAN_POINT ( 'NONE',  ( -2.993718129244791040E-17, 0.2525907427704615626, -0.08983703805189721669 ) ) ;
#576 = CARTESIAN_POINT ( 'NONE',  ( 0.1250000000000000278, -0.05177669529663698339, -0.01874999999999998890 ) ) ;
#577 = AXIS2_PLACEMENT_3D ( 'NONE', #1536, #910, #1244 ) ;
#578 = PRESENTATION_STYLE_ASSIGNMENT (( #459 ) ) ;
#579 = PLANE ( 'NONE',  #2000 ) ;
#580 = PLANE ( 'NONE',  #1852 ) ;
#581 = CARTESIAN_POINT ( 'NONE',  ( 0.08838834764831847435, 0.08838834764831844659, -0.01562499999999997051 ) ) ;
#582 = DIRECTION ( 'NONE',  ( -0.000000000000000000, -0.000000000000000000, -1.000000000000000000 ) ) ;
#583 = ORIENTED_EDGE ( 'NONE', *, *, #328, .F. ) ;
#584 = CARTESIAN_POINT ( 'NONE',  ( -1.133092784412349844E-17, -0.09252404735808340830, -0.003124999999999983694 ) ) ;
#585 = CARTESIAN_POINT ( 'NONE',  ( -0.07193492148231118988, -0.08703826590116670037, -0.09703129565558450687 ) ) ;
#586 = EDGE_LOOP ( 'NONE', ( #10, #2003, #1776 ) ) ;
#587 = CARTESIAN_POINT ( 'NONE',  ( -0.1250000000000000278, -0.05177669529663688625, 0.05625000000000004996 ) ) ;
#588 = CARTESIAN_POINT ( 'NONE',  ( -0.2187499999999998612, -0.02135780749645332585, 0.1093750000000000694 ) ) ;
#589 = CARTESIAN_POINT ( 'NONE',  ( 0.06743254434086171090, 0.07027036026001844127, -0.08153671889213541524 ) ) ;
#590 = ORIENTED_EDGE ( 'NONE', *, *, #1363, .T. ) ;
#591 = CARTESIAN_POINT ( 'NONE',  ( 0.08838834764831847435, 0.08838834764831844659, -0.06562499999999997502 ) ) ;
#592 = EDGE_CURVE ( 'NONE', #1702, #273, #2008, .T. ) ;
#593 = AXIS2_PLACEMENT_3D ( 'NONE', #219, #861, #1655 ) ;
#594 = VERTEX_POINT ( 'NONE', #572 ) ;
#595 = CARTESIAN_POINT ( 'NONE',  ( 0.06542438130972606791, 0.06542438130972604016, -0.03437499999999998890 ) ) ;
#596 =( CONVERSION_BASED_UNIT ( 'INCH', #760 ) LENGTH_UNIT ( ) NAMED_UNIT ( #826 ) );
#597 = CARTESIAN_POINT ( 'NONE',  ( -0.1137572703367533272, -0.02415477604865837527, -0.1004166494768490708 ) ) ;
#598 = ORIENTED_EDGE ( 'NONE', *, *, #213, .F. ) ;
#599 = CARTESIAN_POINT ( 'NONE',  ( 0.000000000000000000, 0.1250000000000000278, 0.04062500000000002914 ) ) ;
#600 = CARTESIAN_POINT ( 'NONE',  ( -0.1093750000000001943, 0.1894430570778458112, -0.1093750000000000000 ) ) ;
#601 = EDGE_CURVE ( 'NONE', #1752, #289, #280, .T. ) ;
#602 = CARTESIAN_POINT ( 'NONE',  ( -0.2187499999999998057, -0.04256153443578084700, -0.1075381069437051501 ) ) ;
#603 = DIRECTION ( 'NONE',  ( 0.000000000000000000, 0.000000000000000000, 1.000000000000000000 ) ) ;
#604 = ORIENTED_EDGE ( 'NONE', *, *, #662, .F. ) ;
#605 = FACE_OUTER_BOUND ( 'NONE', #933, .T. ) ;
#606 = ORIENTED_EDGE ( 'NONE', *, *, #1877, .F. ) ;
#607 = CARTESIAN_POINT ( 'NONE',  ( -0.09252404735808342218, 0.03832471526136869977, -0.1249999999999999861 ) ) ;
#608 = CARTESIAN_POINT ( 'NONE',  ( -0.05177669529663691400, -0.1250000000000000278, 0.06250000000000005551 ) ) ;
#609 = CARTESIAN_POINT ( 'NONE',  ( -0.1057818947104432333, -0.04578754783364110542, -0.09938818784293858288 ) ) ;
#610 = CARTESIAN_POINT ( 'NONE',  ( -1.530808498934191817E-17, -0.1250000000000000278, 0.1156250000000000472 ) ) ;
#611 = CARTESIAN_POINT ( 'NONE',  ( 0.09252404735808340830, -1.699639176618524612E-17, 0.003125000000000017954 ) ) ;
#612 = CARTESIAN_POINT ( 'NONE',  ( -0.1250000000000000555, 7.654042494670960626E-18, 0.05937500000000001804 ) ) ;
#613 = B_SPLINE_CURVE_WITH_KNOTS ( 'NONE', 3,
 ( #1131, #1766, #1143, #326, #172, #1449 ),
 .UNSPECIFIED., .F., .F.,
 ( 4, 2, 4 ),
 ( 0.005861535246744140060, 0.007484841024004661864, 0.009108146801265183667 ),
 .UNSPECIFIED. ) ;
#614 = CARTESIAN_POINT ( 'NONE',  ( -0.1250000000000000278, 7.654042494670959086E-18, -0.09687499999999997502 ) ) ;
#615 = PLANE ( 'NONE',  #548 ) ;
#616 = CARTESIAN_POINT ( 'NONE',  ( 0.1250000000000000555, -2.296212748401288034E-17, 0.03437500000000000971 ) ) ;
#617 = EDGE_LOOP ( 'NONE', ( #1208, #413, #551, #1392 ) ) ;
#618 = CARTESIAN_POINT ( 'NONE',  ( -0.1250000000000000555, -0.05177669529663690012, 0.06250000000000000000 ) ) ;
#619 = EDGE_CURVE ( 'NONE', #448, #501, #1444, .T. ) ;
#620 = CARTESIAN_POINT ( 'NONE',  ( -0.03832471526136870671, -0.09252404735808342218, 0.09375000000000001388 ) ) ;
#621 = FACE_OUTER_BOUND ( 'NONE', #387, .T. ) ;
#622 = ORIENTED_EDGE ( 'NONE', *, *, #1016, .F. ) ;
#623 = EDGE_CURVE ( 'NONE', #750, #1930, #313, .T. ) ;
#624 = CARTESIAN_POINT ( 'NONE',  ( -0.1250000000000000278, 0.05177669529663690706, 0.1000000000000000194 ) ) ;
#625 = CARTESIAN_POINT ( 'NONE',  ( -0.06542438130972604016, 0.06542438130972605403, -0.07812500000000000000 ) ) ;
#626 = CARTESIAN_POINT ( 'NONE',  ( 0.000000000000000000, 0.1102123412263474878, -0.09458734122634743224 ) ) ;
#627 = ORIENTED_EDGE ( 'NONE', *, *, #839, .F. ) ;
#628 = CARTESIAN_POINT ( 'NONE',  ( -0.03584416321164793362, -0.2318961054913390718, -0.1006974364137823708 ) ) ;
#629 = ORIENTED_EDGE ( 'NONE', *, *, #1612, .F. ) ;
#630 = CARTESIAN_POINT ( 'NONE',  ( 0.000000000000000000, 0.000000000000000000, 0.1093750000000000000 ) ) ;
#631 = CARTESIAN_POINT ( 'NONE',  ( -0.09252404735808340830, 5.665463922061749222E-18, 0.03437500000000000971 ) ) ;
#632 = CYLINDRICAL_SURFACE ( 'NONE', #1979, 0.1250000000000000555 ) ;
#633 = CARTESIAN_POINT ( 'NONE',  ( 0.000000000000000000, 0.1250000000000000555, -0.1093749999999999584 ) ) ;
#634 = ORIENTED_EDGE ( 'NONE', *, *, #1990, .T. ) ;
#635 =( BOUNDED_CURVE ( )  B_SPLINE_CURVE ( 2, ( #637, #1593, #514, #644, #350, #1002, #1285, #484, #1602 ),
 .UNSPECIFIED., .F., .T. ) 
 B_SPLINE_CURVE_WITH_KNOTS ( ( 3, 2, 2, 2, 3 ),
 ( 0.4583333333333333148, 0.4791666666666666852, 0.5000000000000000000, 0.5208333333333333703, 0.5416666666666666297 ),
 .UNSPECIFIED. ) 
 CURVE ( )  GEOMETRIC_REPRESENTATION_ITEM ( )  RATIONAL_B_SPLINE_CURVE ( ( 1.000000000000000000, 0.9238795325112867385, 1.000000000000000000, 0.9238795325112867385, 1.000000000000000000, 0.9238795325112867385, 1.000000000000000000, 0.9238795325112867385, 1.000000000000000000 ) ) 
 REPRESENTATION_ITEM ( '' )  );
#636 = CARTESIAN_POINT ( 'NONE',  ( -0.009722999228064129612, 0.09241403472137833808, -0.07716779358116827858 ) ) ;
#637 = CARTESIAN_POINT ( 'NONE',  ( 0.1250000000000000278, -2.296212748401287726E-17, 0.02812500000000004233 ) ) ;
#638 = CARTESIAN_POINT ( 'NONE',  ( 0.06542438130972606791, 0.06542438130972604016, 0.06562500000000001665 ) ) ;
#639 = CARTESIAN_POINT ( 'NONE',  ( -0.09252404735808342218, -0.03832471526136867895, -0.1187500000000000083 ) ) ;
#640 = CARTESIAN_POINT ( 'NONE',  ( 0.03832471526136875528, 0.09252404735808338054, 0.06250000000000002776 ) ) ;
#641 = ORIENTED_EDGE ( 'NONE', *, *, #773, .F. ) ;
#642 = CIRCLE ( 'NONE', #1344, 0.2187499999999999167 ) ;
#643 = CARTESIAN_POINT ( 'NONE',  ( -1.239660388935646209E-17, -0.1012259526419165001, 0.08560095264191637521 ) ) ;
#644 = CARTESIAN_POINT ( 'NONE',  ( 0.05177669529663698339, 0.1250000000000000000, 0.03750000000000004718 ) ) ;
#645 = ADVANCED_FACE ( 'NONE', ( #621 ), #1408, .T. ) ;
#646 = CARTESIAN_POINT ( 'NONE',  ( 0.06542438130972604016, -0.06542438130972606791, -0.09687499999999998890 ) ) ;
#647 = ORIENTED_EDGE ( 'NONE', *, *, #1466, .F. ) ;
#648 = CARTESIAN_POINT ( 'NONE',  ( -0.03832471526136868589, 0.09252404735808340830, -0.02499999999999999098 ) ) ;
#649 = CARTESIAN_POINT ( 'NONE',  ( 0.06542438130972604016, -0.06542438130972606791, 0.04687500000000001388 ) ) ;
#650 = CARTESIAN_POINT ( 'NONE',  ( 0.2187499999999990008, 0.1262953713852315307, -0.08983703805189763303 ) ) ;
#651 = CARTESIAN_POINT ( 'NONE',  ( 0.03832471526136867201, -0.09252404735808343605, 0.04375000000000003192 ) ) ;
#652 = ORIENTED_EDGE ( 'NONE', *, *, #1639, .T. ) ;
#653 = CARTESIAN_POINT ( 'NONE',  ( 0.000000000000000000, 0.1250000000000000555, -0.05312499999999999861 ) ) ;
#654 = CARTESIAN_POINT ( 'NONE',  ( 0.000000000000000000, 0.09252404735808340830, -0.03437499999999998890 ) ) ;
#655 = FACE_OUTER_BOUND ( 'NONE', #586, .T. ) ;
#656 = DIRECTION ( 'NONE',  ( 0.000000000000000000, 1.390669193306910607E-16, -1.000000000000000000 ) ) ;
#657 = CARTESIAN_POINT ( 'NONE',  ( 0.09252404735808340830, -1.699639176618524612E-17, -0.09062500000000001110 ) ) ;
#658 = ORIENTED_EDGE ( 'NONE', *, *, #2034, .T. ) ;
#659 = CARTESIAN_POINT ( 'NONE',  ( -0.2187499999999998612, 0.02137261768462770870, -0.1093750000000000833 ) ) ;
#660 = CARTESIAN_POINT ( 'NONE',  ( -1.133092784412349844E-17, -0.09252404735808340830, -0.009374999999999985775 ) ) ;
#662 = EDGE_CURVE ( 'NONE', #750, #542, #1376, .T. ) ;
#661 = CARTESIAN_POINT ( 'NONE',  ( -0.03397233588412954669, -0.09376306176308696338, 0.08385507079679327402 ) ) ;
#663 = CARTESIAN_POINT ( 'NONE',  ( 0.000000000000000000, 0.000000000000000000, 0.1093750000000000000 ) ) ;
#664 = CARTESIAN_POINT ( 'NONE',  ( -0.06542438130972604016, 0.06542438130972605403, 0.1218750000000000250 ) ) ;
#665 = CARTESIAN_POINT ( 'NONE',  ( 0.1250000000000000278, -2.296212748401287726E-17, 0.02812500000000004233 ) ) ;
#666 = CARTESIAN_POINT ( 'NONE',  ( 1.530808498934192742E-17, 0.1250000000000001110, 0.1093750000000000000 ) ) ;
#667 = EDGE_LOOP ( 'NONE', ( #1859, #476, #1484, #522, #63, #962 ) ) ;
#668 = CARTESIAN_POINT ( 'NONE',  ( -0.06712381111674463330, 0.06854912198988299954, -0.07998662812030908620 ) ) ;
#669 = ORIENTED_EDGE ( 'NONE', *, *, #1609, .T. ) ;
#670 = PLANE ( 'NONE',  #1047 ) ;
#671 = CARTESIAN_POINT ( 'NONE',  ( -0.03832471526136870671, -0.09252404735808342218, -0.1125000000000000028 ) ) ;
#672 = FACE_OUTER_BOUND ( 'NONE', #1955, .T. ) ;
#673 = CARTESIAN_POINT ( 'NONE',  ( 0.1250000000000000555, 1.530808498934192125E-17, 0.1093750000000000000 ) ) ;
#674 =( NAMED_UNIT ( * ) SI_UNIT ( $, .STERADIAN. ) SOLID_ANGLE_UNIT ( ) );
#675 = CARTESIAN_POINT ( 'NONE',  ( 0.1000926839317636124, 0.1948022047585457051, -0.1093749999999999584 ) ) ;
#676 = AXIS2_PLACEMENT_3D ( 'NONE', #331, #1178, #175 ) ;
#677 = CARTESIAN_POINT ( 'NONE',  ( -0.1068367732028503159, 0.06023943283834606172, 0.1067700039900169456 ) ) ;
#678 = CARTESIAN_POINT ( 'NONE',  ( -0.03832471526136868589, 0.09252404735808342218, 0.02500000000000000486 ) ) ;
#679 = EDGE_CURVE ( 'NONE', #510, #1056, #725, .T. ) ;
#680 = ORIENTED_EDGE ( 'NONE', *, *, #414, .F. ) ;
#681 = CARTESIAN_POINT ( 'NONE',  ( -0.09252404735808342218, -0.03832471526136867895, 0.03125000000000002776 ) ) ;
#682 = CARTESIAN_POINT ( 'NONE',  ( 0.08838834764831850210, 0.08838834764831846047, -0.1093750000000000139 ) ) ;
#683 = VERTEX_POINT ( 'NONE', #985 ) ;
#684 = CARTESIAN_POINT ( 'NONE',  ( -0.2187499999999998057, 0.1262953713852306981, 0.1093750000000000000 ) ) ;
#685 = CARTESIAN_POINT ( 'NONE',  ( 0.09252404735808340830, -0.03832471526136874140, 0.1000000000000000194 ) ) ;
#686 = CARTESIAN_POINT ( 'NONE',  ( 0.2187499999999990008, 0.1262953713852315307, 0.08983703805189763303 ) ) ;
#687 = VERTEX_POINT ( 'NONE', #828 ) ;
#688 = CARTESIAN_POINT ( 'NONE',  ( 0.000000000000000000, 0.000000000000000000, -0.1093750000000000000 ) ) ;
#689 = CARTESIAN_POINT ( 'NONE',  ( -0.08888524949482554116, 0.02638656868437580863, 0.07689904735808344993 ) ) ;
#690 = ORIENTED_EDGE ( 'NONE', *, *, #1609, .F. ) ;
#691 = CARTESIAN_POINT ( 'NONE',  ( -0.02056580125970737180, 0.09041438853386643548, -0.07689904735808338054 ) ) ;
#692 = CARTESIAN_POINT ( 'NONE',  ( 0.000000000000000000, -0.1250000000000000555, 0.1093750000000000000 ) ) ;
#693 = CARTESIAN_POINT ( 'NONE',  ( 0.06542438130972604016, -0.06542438130972606791, 0.04687500000000001388 ) ) ;
#694 = ORIENTED_EDGE ( 'NONE', *, *, #1034, .T. ) ;
#695 = AXIS2_PLACEMENT_3D ( 'NONE', #1463, #310, #1308 ) ;
#696 = CARTESIAN_POINT ( 'NONE',  ( 0.06665847431952212632, 0.09347691953773516749, 0.09829943332800153422 ) ) ;
#697 = DIRECTION ( 'NONE',  ( -0.000000000000000000, -0.000000000000000000, -1.000000000000000000 ) ) ;
#698 = CARTESIAN_POINT ( 'NONE',  ( 0.03832471526136867201, -0.09252404735808343605, 0.09375000000000001388 ) ) ;
#699 = CARTESIAN_POINT ( 'NONE',  ( -0.08838834764831846047, 0.08838834764831847435, 0.003125000000000000607 ) ) ;
#700 = DIRECTION ( 'NONE',  ( 0.000000000000000000, 1.390669193306910607E-16, 1.000000000000000000 ) ) ;
#701 = CARTESIAN_POINT ( 'NONE',  ( 0.05177669529663698339, 0.1250000000000000000, -0.01249999999999997120 ) ) ;
#702 = ORIENTED_EDGE ( 'NONE', *, *, #1877, .T. ) ;
#703 = DIRECTION ( 'NONE',  ( 0.000000000000000000, 0.000000000000000000, 1.000000000000000000 ) ) ;
#704 = PRODUCT_CONTEXT ( 'NONE', #2005, 'mechanical' ) ;
#705 = CARTESIAN_POINT ( 'NONE',  ( -0.08838834764831846047, -0.08838834764831846047, -0.09062499999999996947 ) ) ;
#706 = CARTESIAN_POINT ( 'NONE',  ( 0.09865318719900247058, -0.04231804212832779299, 0.09148062528071193578 ) ) ;
#707 = CARTESIAN_POINT ( 'NONE',  ( -0.09252404735808340830, 5.665463922061749222E-18, 0.08437500000000001943 ) ) ;
#708 = CONICAL_SURFACE ( 'NONE', #676, 0.1125000000000000583, 0.7853981633974500554 ) ;
#709 = DIRECTION ( 'NONE',  ( 1.000000000000000000, 0.000000000000000000, 0.000000000000000000 ) ) ;
#710 = EDGE_CURVE ( 'NONE', #1930, #233, #11, .T. ) ;
#711 = B_SPLINE_CURVE_WITH_KNOTS ( 'NONE', 3,
 ( #26, #1617, #1328, #51, #1961, #198, #1783, #827 ),
 .UNSPECIFIED., .F., .F.,
 ( 4, 2, 2, 4 ),
 ( 0.003246110284317218174, 0.004054545091207049402, 0.004862979898096881498, 0.006479849511876547424 ),
 .UNSPECIFIED. ) ;
#712 =( BOUNDED_CURVE ( )  B_SPLINE_CURVE ( 2, ( #199, #808, #1445, #506, #614 ),
 .UNSPECIFIED., .F., .T. ) 
 B_SPLINE_CURVE_WITH_KNOTS ( ( 3, 2, 3 ),
 ( 0.000000000000000000, 0.02083333333333333218, 0.04166666666666666435 ),
 .UNSPECIFIED. ) 
 CURVE ( )  GEOMETRIC_REPRESENTATION_ITEM ( )  RATIONAL_B_SPLINE_CURVE ( ( 1.000000000000000000, 0.9238795325112867385, 1.000000000000000000, 0.9238795325112867385, 1.000000000000000000 ) ) 
 REPRESENTATION_ITEM ( '' )  );
#713 = CARTESIAN_POINT ( 'NONE',  ( -0.08838834764831847435, -0.08838834764831846047, 0.06562500000000001665 ) ) ;
#714 = CARTESIAN_POINT ( 'NONE',  ( -0.05177669529663690706, 0.1250000000000000555, 0.05000000000000000971 ) ) ;
#715 = CARTESIAN_POINT ( 'NONE',  ( 0.06316341736961414433, 0.2161233267491780852, -0.1058024543881950080 ) ) ;
#716 = ORIENTED_EDGE ( 'NONE', *, *, #532, .F. ) ;
#717 = CARTESIAN_POINT ( 'NONE',  ( -0.08838834764831846047, 0.08838834764831846047, -0.003124999999999966780 ) ) ;
#718 = CARTESIAN_POINT ( 'NONE',  ( 0.007150714974235481206, -0.1015638269409216699, 0.08593882694092168373 ) ) ;
#719 = CARTESIAN_POINT ( 'NONE',  ( 0.09252404735808340830, -1.699639176618524612E-17, 0.009375000000000018735 ) ) ;
#720 = CARTESIAN_POINT ( 'NONE',  ( -0.05177669529663692094, -0.1250000000000000555, 0.01875000000000002359 ) ) ;
#721 = EDGE_CURVE ( 'NONE', #273, #743, #40, .T. ) ;
#722 = ORIENTED_EDGE ( 'NONE', *, *, #1144, .F. ) ;
#723 = CARTESIAN_POINT ( 'NONE',  ( -0.1250000000000000278, 7.654042494670959086E-18, -0.09687499999999997502 ) ) ;
#724 = CARTESIAN_POINT ( 'NONE',  ( -0.1250000000000000555, 0.05177669529663691400, 0.05624999999999999445 ) ) ;
#725 =( BOUNDED_CURVE ( )  B_SPLINE_CURVE ( 2, ( #749, #1391, #1881, #1253, #461, #127, #1093, #2044, #1892, #451, #1577, #1103, #2055, #1727, #291, #1563, #1903, #1113, #148, #1740, #525, #1940, #1022, #1803, #838, #806, #1148, #489, #1311, #344, #16, #364, #1467, #997, #321, #1442, #852, #1638, #1282, #651, #210, #1951, #972, #1760, #4, #640, #1008, #189, #1289, #1618, #1920 ),
 .UNSPECIFIED., .F., .F. ) 
 B_SPLINE_CURVE_WITH_KNOTS ( ( 3, 2, 2, 2, 2, 2, 2, 2, 2, 2, 2, 2, 2, 2, 2, 2, 2, 2, 2, 2, 2, 2, 2, 2, 2, 3 ),
 ( 0.1917428025373932865, 0.2083333333333333426, 0.2291666666666666574, 0.2500000000000000000, 0.2708333333333333148, 0.2916666666666666852, 0.3125000000000000000, 0.3333333333333333148, 0.3541666666666666852, 0.3750000000000000000, 0.3958333333333333148, 0.4166666666666666852, 0.4375000000000000000, 0.4583333333333333148, 0.4791666666666666852, 0.5000000000000000000, 0.5208333333333333703, 0.5416666666666666297, 0.5625000000000000000, 0.5833333333333333703, 0.6041666666666666297, 0.6250000000000000000, 0.6458333333333333703, 0.6666666666666666297, 0.6875000000000000000, 0.7040905307959400838 ),
 .UNSPECIFIED. ) 
 CURVE ( )  GEOMETRIC_REPRESENTATION_ITEM ( )  RATIONAL_B_SPLINE_CURVE ( ( 0.9753096629729489653, 0.9393818099165032187, 1.000000000000000000, 0.9238795325112867385, 1.000000000000000000, 0.9238795325112867385, 1.000000000000000000, 0.9238795325112867385, 1.000000000000000000, 0.9238795325112867385, 1.000000000000000000, 0.9238795325112867385, 1.000000000000000000, 0.9238795325112867385, 1.000000000000000000, 0.9238795325112867385, 1.000000000000000000, 0.9238795325112867385, 1.000000000000000000, 0.9238795325112867385, 1.000000000000000000, 0.9238795325112867385, 1.000000000000000000, 0.9238795325112867385, 1.000000000000000000, 0.9238795325112867385, 1.000000000000000000, 0.9238795325112867385, 1.000000000000000000, 0.9238795325112867385, 1.000000000000000000, 0.9238795325112867385, 1.000000000000000000, 0.9238795325112867385, 1.000000000000000000, 0.9238795325112867385, 1.000000000000000000, 0.9238795325112867385, 1.000000000000000000, 0.9238795325112867385, 1.000000000000000000, 0.9238795325112867385, 1.000000000000000000, 0.9238795325112867385, 1.000000000000000000, 0.9238795325112867385, 1.000000000000000000, 0.9238795325112867385, 1.000000000000000000, 0.9393818099165031077, 0.9753096629729488543 ) ) 
 REPRESENTATION_ITEM ( '' )  );
#726 = CARTESIAN_POINT ( 'NONE',  ( 0.000000000000000000, 0.1250000000000000278, -0.009374999999999968428 ) ) ;
#727 = ORIENTED_EDGE ( 'NONE', *, *, #1726, .T. ) ;
#728 = CARTESIAN_POINT ( 'NONE',  ( -1.530808498934191817E-17, -0.1250000000000000278, 0.01562500000000003816 ) ) ;
#729 = CARTESIAN_POINT ( 'NONE',  ( -0.2187499999999997780, 0.04302491621807939121, 0.1074862592029653396 ) ) ;
#730 = CARTESIAN_POINT ( 'NONE',  ( -0.2187499999999997780, -0.08470703975921270446, -0.1007414642477066358 ) ) ;
#731 = PRODUCT_DEFINITION_FORMATION_WITH_SPECIFIED_SOURCE ( 'Symmetric', '', #152, .NOT_KNOWN. ) ;
#732 = CARTESIAN_POINT ( 'NONE',  ( -0.06542438130972604016, 0.06542438130972605403, 0.1218750000000000250 ) ) ;
#733 = VERTEX_POINT ( 'NONE', #666 ) ;
#734 = CARTESIAN_POINT ( 'NONE',  ( -2.993718129244791040E-17, 0.2525907427704615626, -0.08983703805189721669 ) ) ;
#735 = CARTESIAN_POINT ( 'NONE',  ( 0.1249999999999999861, -0.05177669529663698339, -0.07499999999999998335 ) ) ;
#736 = FACE_OUTER_BOUND ( 'NONE', #144, .T. ) ;
#737 = CARTESIAN_POINT ( 'NONE',  ( 0.01328703591425491742, 0.09328725477657266729, -0.07836865633195186365 ) ) ;
#738 = CARTESIAN_POINT ( 'NONE',  ( -0.04419982320109947654, 0.08664893941835261071, -0.07432251149224876341 ) ) ;
#739 = AXIS2_PLACEMENT_3D ( 'NONE', #1986, #556, #1512 ) ;
#740 = CARTESIAN_POINT ( 'NONE',  ( 0.09252404735808340830, -0.03832471526136874140, 0.05625000000000004302 ) ) ;
#741 = LINE ( 'NONE', #1352, #913 ) ;
#742 = CARTESIAN_POINT ( 'NONE',  ( -1.530808498934192125E-17, -0.1250000000000000555, -0.02812499999999999029 ) ) ;
#743 = VERTEX_POINT ( 'NONE', #496 ) ;
#744 = ADVANCED_FACE ( 'NONE', ( #820 ), #1379, .T. ) ;
#745 = DIRECTION ( 'NONE',  ( 1.000000000000000000, 0.000000000000000000, 0.000000000000000000 ) ) ;
#746 = DIRECTION ( 'NONE',  ( -0.000000000000000000, 0.000000000000000000, -1.000000000000000000 ) ) ;
#747 = CARTESIAN_POINT ( 'NONE',  ( -0.1250000000000001110, 7.654042494670963708E-18, 0.1093750000000000139 ) ) ;
#748 = CARTESIAN_POINT ( 'NONE',  ( 0.06542438130972604016, -0.06542438130972606791, 0.1031250000000000222 ) ) ;
#749 = CARTESIAN_POINT ( 'NONE',  ( -0.07490329495353777178, 0.05431570440143611289, -0.07689904735808342218 ) ) ;
#750 = VERTEX_POINT ( 'NONE', #1015 ) ;
#751 = EDGE_CURVE ( 'NONE', #361, #1752, #32, .T. ) ;
#752 = DIRECTION ( 'NONE',  ( 1.000000000000000000, 0.000000000000000000, 0.000000000000000000 ) ) ;
#753 = CARTESIAN_POINT ( 'NONE',  ( 0.09158090999540043076, 0.03871789466212464947, -0.08358318377870517513 ) ) ;
#754 = CARTESIAN_POINT ( 'NONE',  ( 0.1250000000000000278, 0.05177669529663693482, 0.03750000000000002637 ) ) ;
#755 = ORIENTED_EDGE ( 'NONE', *, *, #374, .T. ) ;
#756 = CARTESIAN_POINT ( 'NONE',  ( 0.2187499999999999445, 0.000000000000000000, -0.1093750000000000000 ) ) ;
#757 =( GEOMETRIC_REPRESENTATION_CONTEXT ( 3 ) GLOBAL_UNCERTAINTY_ASSIGNED_CONTEXT ( ( #1304 ) ) GLOBAL_UNIT_ASSIGNED_CONTEXT ( ( #1170, #1475, #674 ) ) REPRESENTATION_CONTEXT ( 'NONE', 'WORKASPACE' ) );
#758 = CARTESIAN_POINT ( 'NONE',  ( -0.03832471526136868589, 0.09252404735808342218, -0.1312500000000000056 ) ) ;
#759 = CARTESIAN_POINT ( 'NONE',  ( -0.1250000000000000278, 7.654042494670959086E-18, 0.05312500000000003331 ) ) ;
#760 = LENGTH_MEASURE_WITH_UNIT ( LENGTH_MEASURE( 0.02539999999999999897 ), #1848 );
#761 = CARTESIAN_POINT ( 'NONE',  ( -0.007731071032890904360, 0.1247041802175482689, -0.1090791802175482411 ) ) ;
#762 = ORIENTED_EDGE ( 'NONE', *, *, #1639, .F. ) ;
#763 = CARTESIAN_POINT ( 'NONE',  ( 0.1250000000000000278, 0.05177669529663692094, 0.1312500000000000333 ) ) ;
#764 = CARTESIAN_POINT ( 'NONE',  ( 0.06542438130972604016, -0.06542438130972606791, -0.003124999999999983694 ) ) ;
#765 = EDGE_CURVE ( 'NONE', #1246, #446, #1089, .T. ) ;
#766 = CARTESIAN_POINT ( 'NONE',  ( -0.1250000000000000555, 0.000000000000000000, 0.1093750000000000000 ) ) ;
#767 = CARTESIAN_POINT ( 'NONE',  ( 0.05120970670075487147, 0.08164397432185611925, -0.08052383061031692657 ) ) ;
#768 = EDGE_LOOP ( 'NONE', ( #2023, #1196, #1689, #755 ) ) ;
#769 = CARTESIAN_POINT ( 'NONE',  ( -1.530808498934192125E-17, -0.1250000000000000555, 0.07187500000000002220 ) ) ;
#770 = ORIENTED_EDGE ( 'NONE', *, *, #1337, .F. ) ;
#771 = CARTESIAN_POINT ( 'NONE',  ( -0.06542438130972605403, -0.06542438130972604016, 0.04062500000000000833 ) ) ;
#773 = EDGE_CURVE ( 'NONE', #1702, #1246, #2014, .T. ) ;
#772 = DIRECTION ( 'NONE',  ( -0.000000000000000000, -0.000000000000000000, -1.000000000000000000 ) ) ;
#774 = AXIS2_PLACEMENT_3D ( 'NONE', #1305, #1106, #1763 ) ;
#775 = CARTESIAN_POINT ( 'NONE',  ( -0.1048779073219067853, 0.05809210772801197409, -0.1040180967621767982 ) ) ;
#776 = CARTESIAN_POINT ( 'NONE',  ( 0.1250000000000000278, -0.05177669529663698339, -0.01874999999999998890 ) ) ;
#777 = VERTEX_POINT ( 'NONE', #1156 ) ;
#778 = CARTESIAN_POINT ( 'NONE',  ( 0.08838834764831847435, 0.08838834764831844659, 0.08437500000000003331 ) ) ;
#779 =( BOUNDED_SURFACE ( )  B_SPLINE_SURFACE ( 1, 2, ( 
 ( #868, #256, #909, #1519, #1697, #113, #705, #1985, #544, #898, #1354, #735, #1821, #1367, #1972, #1068, #235, #1197, #415, #1831, #1377, #391, #1048, #2015, #574, #1057, #425, #1663, #878, #1511, #581, #1227, #1866, #85, #717, #1994, #1841, #402, #1676, #248, #728, #1216, #2071, #444, #1235, #1753, #1875, #1546, #599, #926, #1578, #2057, #2046, #587, #963, #436, #1742, #119, #1243, #1095, #472, #315, #778, #1275, #1709, #149, #1913, #624, #158, #138, #1717, #1265, #610, #1555, #128, #951, #1385, #763, #275, #302, #1402, #1255, #1894, #1730, #2025 ),
 ( #1565, #293, #789, #937, #1415, #1425, #1307, #1936, #1603, #308, #646, #36, #657, #1158, #1451, #1584, #1296, #1925, #1124, #1917, #993, #1788, #1756, #1116, #500, #793, #485, #1429, #1747, #351, #1778, #956, #980, #340, #1004, #185, #1132, #822, #1623, #196, #1461, #2063, #1799, #1029, #719, #1356, #1997, #1833, #847, #678, #566, #218, #1040, #1513, #1207, #1678, #558, #1316, #1647, #1503, #1666, #1470, #1958, #859, #237, #521, #47, #1492, #707, #1809, #1843, #1167, #360, #1018, #1199, #405, #1654, #1059, #834, #1634, #205, #1481, #394, #66, #1050 ) ),
 .UNSPECIFIED., .F., .F., .T. ) 
 B_SPLINE_SURFACE_WITH_KNOTS ( ( 2, 2 ),
 ( 3, 2, 2, 2, 2, 2, 2, 2, 2, 2, 2, 2, 2, 2, 2, 2, 2, 2, 2, 2, 2, 2, 2, 2, 2, 2, 2, 2, 2, 2, 2, 2, 2, 2, 2, 2, 2, 2, 2, 2, 2, 2, 3 ),
 ( 0.000000000000000000, 1.000000000000000000 ),
 ( 0.000000000000000000, 0.02083333333333333218, 0.04166666666666666435, 0.06250000000000000000, 0.08333333333333332871, 0.1041666666666666713, 0.1250000000000000000, 0.1458333333333333426, 0.1666666666666666574, 0.1875000000000000000, 0.2083333333333333426, 0.2291666666666666574, 0.2500000000000000000, 0.2708333333333333148, 0.2916666666666666852, 0.3125000000000000000, 0.3333333333333333148, 0.3541666666666666852, 0.3750000000000000000, 0.3958333333333333148, 0.4166666666666666852, 0.4375000000000000000, 0.4583333333333333148, 0.4791666666666666852, 0.5000000000000000000, 0.5208333333333333703, 0.5416666666666666297, 0.5625000000000000000, 0.5833333333333333703, 0.6041666666666666297, 0.6250000000000000000, 0.6458333333333333703, 0.6666666666666666297, 0.6875000000000000000, 0.7083333333333333703, 0.7291666666666666297, 0.7500000000000000000, 0.7708333333333333703, 0.7916666666666666297, 0.8125000000000000000, 0.8333333333333333703, 0.8541666666666666297, 0.8750000000000000000 ),
 .UNSPECIFIED. ) 
 GEOMETRIC_REPRESENTATION_ITEM ( )  RATIONAL_B_SPLINE_SURFACE ( (
 ( 1.000000000000000000, 0.9238795325112867385, 1.000000000000000000, 0.9238795325112867385, 1.000000000000000000, 0.9238795325112867385, 1.000000000000000000, 0.9238795325112867385, 1.000000000000000000, 0.9238795325112867385, 1.000000000000000000, 0.9238795325112867385, 1.000000000000000000, 0.9238795325112867385, 1.000000000000000000, 0.9238795325112867385, 1.000000000000000000, 0.9238795325112867385, 1.000000000000000000, 0.9238795325112867385, 1.000000000000000000, 0.9238795325112867385, 1.000000000000000000, 0.9238795325112867385, 1.000000000000000000, 0.9238795325112867385, 1.000000000000000000, 0.9238795325112867385, 1.000000000000000000, 0.9238795325112867385, 1.000000000000000000, 0.9238795325112867385, 1.000000000000000000, 0.9238795325112867385, 1.000000000000000000, 0.9238795325112867385, 1.000000000000000000, 0.9238795325112867385, 1.000000000000000000, 0.9238795325112867385, 1.000000000000000000, 0.9238795325112867385, 1.000000000000000000, 0.9238795325112867385, 1.000000000000000000, 0.9238795325112867385, 1.000000000000000000, 0.9238795325112867385, 1.000000000000000000, 0.9238795325112867385, 1.000000000000000000, 0.9238795325112867385, 1.000000000000000000, 0.9238795325112867385, 1.000000000000000000, 0.9238795325112867385, 1.000000000000000000, 0.9238795325112867385, 1.000000000000000000, 0.9238795325112867385, 1.000000000000000000, 0.9238795325112867385, 1.000000000000000000, 0.9238795325112867385, 1.000000000000000000, 0.9238795325112867385, 1.000000000000000000, 0.9238795325112867385, 1.000000000000000000, 0.9238795325112867385, 1.000000000000000000, 0.9238795325112867385, 1.000000000000000000, 0.9238795325112867385, 1.000000000000000000, 0.9238795325112867385, 1.000000000000000000, 0.9238795325112867385, 1.000000000000000000, 0.9238795325112867385, 1.000000000000000000, 0.9238795325112867385, 1.000000000000000000, 0.9238795325112867385, 1.000000000000000000),
 ( 1.000000000000000000, 0.9238795325112867385, 1.000000000000000000, 0.9238795325112867385, 1.000000000000000000, 0.9238795325112867385, 1.000000000000000000, 0.9238795325112867385, 1.000000000000000000, 0.9238795325112867385, 1.000000000000000000, 0.9238795325112867385, 1.000000000000000000, 0.9238795325112867385, 1.000000000000000000, 0.9238795325112867385, 1.000000000000000000, 0.9238795325112867385, 1.000000000000000000, 0.9238795325112867385, 1.000000000000000000, 0.9238795325112867385, 1.000000000000000000, 0.9238795325112867385, 1.000000000000000000, 0.9238795325112867385, 1.000000000000000000, 0.9238795325112867385, 1.000000000000000000, 0.9238795325112867385, 1.000000000000000000, 0.9238795325112867385, 1.000000000000000000, 0.9238795325112867385, 1.000000000000000000, 0.9238795325112867385, 1.000000000000000000, 0.9238795325112867385, 1.000000000000000000, 0.9238795325112867385, 1.000000000000000000, 0.9238795325112867385, 1.000000000000000000, 0.9238795325112867385, 1.000000000000000000, 0.9238795325112867385, 1.000000000000000000, 0.9238795325112867385, 1.000000000000000000, 0.9238795325112867385, 1.000000000000000000, 0.9238795325112867385, 1.000000000000000000, 0.9238795325112867385, 1.000000000000000000, 0.9238795325112867385, 1.000000000000000000, 0.9238795325112867385, 1.000000000000000000, 0.9238795325112867385, 1.000000000000000000, 0.9238795325112867385, 1.000000000000000000, 0.9238795325112867385, 1.000000000000000000, 0.9238795325112867385, 1.000000000000000000, 0.9238795325112867385, 1.000000000000000000, 0.9238795325112867385, 1.000000000000000000, 0.9238795325112867385, 1.000000000000000000, 0.9238795325112867385, 1.000000000000000000, 0.9238795325112867385, 1.000000000000000000, 0.9238795325112867385, 1.000000000000000000, 0.9238795325112867385, 1.000000000000000000, 0.9238795325112867385, 1.000000000000000000, 0.9238795325112867385, 1.000000000000000000) ) ) 
 REPRESENTATION_ITEM ( '' )  SURFACE ( )  );
#780 = CARTESIAN_POINT ( 'NONE',  ( -0.09252404735808340830, 5.665463922061749222E-18, -0.02187499999999998820 ) ) ;
#781 = DIRECTION ( 'NONE',  ( 0.000000000000000000, 0.000000000000000000, 1.000000000000000000 ) ) ;
#782 = ORIENTED_EDGE ( 'NONE', *, *, #1144, .T. ) ;
#783 = CARTESIAN_POINT ( 'NONE',  ( -0.05682677129149737993, 0.08100289144809712238, -0.08300433461077579012 ) ) ;
#784 = ORIENTED_EDGE ( 'NONE', *, *, #623, .T. ) ;
#785 = CARTESIAN_POINT ( 'NONE',  ( -0.09252404735808340830, 5.665463922061749222E-18, -0.01562499999999998786 ) ) ;
#786 = CARTESIAN_POINT ( 'NONE',  ( 0.06542438130972604016, -0.06542438130972606791, -0.04687499999999999306 ) ) ;
#787 = DIRECTION ( 'NONE',  ( 0.000000000000000000, -1.000000000000000000, 1.517693329813478826E-16 ) ) ;
#788 = DIRECTION ( 'NONE',  ( 1.000000000000000000, 0.000000000000000000, 0.000000000000000000 ) ) ;
#789 = CARTESIAN_POINT ( 'NONE',  ( -0.06542438130972604016, 0.06542438130972605403, -0.1218749999999999972 ) ) ;
#790 = CARTESIAN_POINT ( 'NONE',  ( 0.06542438130972604016, -0.06542438130972606791, -0.1031249999999999944 ) ) ;
#791 = CARTESIAN_POINT ( 'NONE',  ( 0.1464259308452914854, -0.1680516921805894626, -0.1071260629049990837 ) ) ;
#792 = CARTESIAN_POINT ( 'NONE',  ( -0.2187499999999998057, -0.1262953713852305593, -0.08983703805189749425 ) ) ;
#793 = CARTESIAN_POINT ( 'NONE',  ( 0.03832471526136867201, -0.09252404735808343605, -0.05000000000000000971 ) ) ;
#794 = CARTESIAN_POINT ( 'NONE',  ( 0.09252404735808338054, -0.03832471526136874140, 0.006250000000000018562 ) ) ;
#795 = CARTESIAN_POINT ( 'NONE',  ( -0.09252404735808342218, -0.03832471526136867895, -0.06874999999999999167 ) ) ;
#796 = DIRECTION ( 'NONE',  ( -1.000000000000000000, 0.000000000000000000, 0.000000000000000000 ) ) ;
#797 = CARTESIAN_POINT ( 'NONE',  ( -0.09273760781638615280, 0.07748454238484303591, -0.1049818044787800414 ) ) ;
#798 = CIRCLE ( 'NONE', #228, 0.2187499999999999445 ) ;
#799 = CARTESIAN_POINT ( 'NONE',  ( -0.03832471526136868589, 0.09252404735808342218, -0.1249999999999999861 ) ) ;
#800 = ADVANCED_FACE ( 'NONE', ( #845 ), #1437, .T. ) ;
#801 = CARTESIAN_POINT ( 'NONE',  ( -1.530808498934191817E-17, -0.1250000000000000278, 0.01562500000000003816 ) ) ;
#802 = VERTEX_POINT ( 'NONE', #831 ) ;
#803 = CARTESIAN_POINT ( 'NONE',  ( 0.03832471526136867201, -0.09252404735808343605, 1.707404996040164512E-17 ) ) ;
#804 = CARTESIAN_POINT ( 'NONE',  ( -0.06542438130972605403, -0.06542438130972604016, 0.03437500000000000971 ) ) ;
#805 = CARTESIAN_POINT ( 'NONE',  ( -2.993718129244791040E-17, 0.2525907427704615626, 0.1093750000000000000 ) ) ;
#806 = CARTESIAN_POINT ( 'NONE',  ( 0.09252404735808338054, -0.03832471526136874140, 1.707404996040164512E-17 ) ) ;
#807 = CONICAL_SURFACE ( 'NONE', #48, 0.1125000000000000583, 0.7853981633974500554 ) ;
#808 = CARTESIAN_POINT ( 'NONE',  ( -0.05177669529663690012, 0.1250000000000000278, -0.1062499999999999833 ) ) ;
#809 = CARTESIAN_POINT ( 'NONE',  ( -0.1093749999999997224, -0.1894430570778458667, 0.1093750000000000000 ) ) ;
#810 = CARTESIAN_POINT ( 'NONE',  ( 0.03878521557795512609, 0.1101968930430248655, -0.1009443826602746536 ) ) ;
#811 = EDGE_CURVE ( 'NONE', #823, #134, #1775, .T. ) ;
#812 = CARTESIAN_POINT ( 'NONE',  ( -0.07151219893368034042, 0.06176811443810667490, -0.07852866300443978043 ) ) ;
#813 = CARTESIAN_POINT ( 'NONE',  ( -0.03832471526136868589, 0.09252404735808340830, 0.02500000000000000486 ) ) ;
#814 = CARTESIAN_POINT ( 'NONE',  ( 0.06542438130972604016, -0.06542438130972606791, -0.05312499999999999861 ) ) ;
#815 = CARTESIAN_POINT ( 'NONE',  ( -0.09351631175175512123, 0.0007271384414987990029, 0.07763495635109976534 ) ) ;
#816 = CARTESIAN_POINT ( 'NONE',  ( 0.1250000000000000555, -2.296212748401288034E-17, -0.06562500000000000278 ) ) ;
#817 = CARTESIAN_POINT ( 'NONE',  ( -0.2187499999999998057, 0.1262953713852306981, 0.1093750000000000000 ) ) ;
#818 = CARTESIAN_POINT ( 'NONE',  ( 0.1250000000000000555, -2.296212748401288034E-17, -0.1156250000000000194 ) ) ;
#819 = CARTESIAN_POINT ( 'NONE',  ( 0.08207793702596846708, 0.09312168591051231403, -0.1082598414397116932 ) ) ;
#820 = FACE_OUTER_BOUND ( 'NONE', #418, .T. ) ;
#821 = CARTESIAN_POINT ( 'NONE',  ( -0.03787822164602094172, 0.09631224072087839205, -0.08756408831070952581 ) ) ;
#822 = CARTESIAN_POINT ( 'NONE',  ( -0.09252404735808342218, -0.03832471526136867895, -0.01249999999999998682 ) ) ;
#823 = VERTEX_POINT ( 'NONE', #2004 ) ;
#824 = DIRECTION ( 'NONE',  ( 1.000000000000000000, 0.000000000000000000, 0.000000000000000000 ) ) ;
#825 = CARTESIAN_POINT ( 'NONE',  ( -0.06542438130972605403, -0.06542438130972604016, -0.06562499999999998890 ) ) ;
#826 = DIMENSIONAL_EXPONENTS ( 1.000000000000000000, 0.000000000000000000, 0.000000000000000000, 0.000000000000000000, 0.000000000000000000, 0.000000000000000000, 0.000000000000000000 ) ;
#827 = CARTESIAN_POINT ( 'NONE',  ( -0.2187499999999998057, 0.1262953713852306981, -0.08983703805189743874 ) ) ;
#828 = CARTESIAN_POINT ( 'NONE',  ( 0.2187499999999990008, -0.1262953713852298931, -0.08983703805189809100 ) ) ;
#829 = ORIENTED_EDGE ( 'NONE', *, *, #1046, .F. ) ;
#830 = CIRCLE ( 'NONE', #1965, 0.2187499999999999167 ) ;
#831 = CARTESIAN_POINT ( 'NONE',  ( -0.1250000000000000555, 7.654042494670960626E-18, -0.09062500000000001110 ) ) ;
#832 = EDGE_CURVE ( 'NONE', #802, #233, #1162, .T. ) ;
#833 = DIRECTION ( 'NONE',  ( -0.000000000000000000, -0.000000000000000000, -1.000000000000000000 ) ) ;
#834 = CARTESIAN_POINT ( 'NONE',  ( 0.06542438130972606791, 0.06542438130972604016, 0.1156250000000000333 ) ) ;
#835 = ORIENTED_EDGE ( 'NONE', *, *, #1459, .F. ) ;
#836 = CARTESIAN_POINT ( 'NONE',  ( -0.09252404735808342218, 0.03832471526136869977, -0.02499999999999999098 ) ) ;
#837 = CARTESIAN_POINT ( 'NONE',  ( -0.03832471526136868589, 0.09252404735808342218, -0.1312500000000000056 ) ) ;
#838 = CARTESIAN_POINT ( 'NONE',  ( 0.06542438130972604016, -0.06542438130972606791, -0.003124999999999983694 ) ) ;
#839 = EDGE_CURVE ( 'NONE', #1014, #465, #124, .T. ) ;
#840 = ORIENTED_EDGE ( 'NONE', *, *, #285, .F. ) ;
#841 = CARTESIAN_POINT ( 'NONE',  ( -1.530808498934192125E-17, -0.1250000000000000555, -0.07812500000000000000 ) ) ;
#842 = CARTESIAN_POINT ( 'NONE',  ( 0.2187499999999990008, 0.1262953713852315307, 0.08983703805189763303 ) ) ;
#843 = CARTESIAN_POINT ( 'NONE',  ( 0.09252404735808340830, -1.699639176618524612E-17, 0.05312500000000001249 ) ) ;
#844 = CONICAL_SURFACE ( 'NONE', #1185, 0.2187499999999999445, 1.047197551196600074 ) ;
#845 = FACE_OUTER_BOUND ( 'NONE', #1728, .T. ) ;
#846 = CARTESIAN_POINT ( 'NONE',  ( -0.03155284917023896962, 0.1144096643131858049, 0.1027927907473585589 ) ) ;
#847 = CARTESIAN_POINT ( 'NONE',  ( 0.000000000000000000, 0.09252404735808340830, 0.02187500000000000555 ) ) ;
#848 =( BOUNDED_SURFACE ( )  B_SPLINE_SURFACE ( 1, 2, ( 
 ( #1591, #799, #8, #1922, #324, #161, #964, #2059, #7, #1827, #181, #1063, #1372, #2010, #853, #1329, #1968, #1043, #538, #1181, #388, #1815, #1657, #874, #376, #1703, #786, #904, #1232, #430, #595, #1261, #1725, #1714, #261, #146, #110, #1092, #934, #269, #584, #1421, #2066, #449, #944, #1530, #1901, #1739, #290, #299, #1890, #1574, #631, #1872, #771, #1271, #1562, #440, #1411, #740, #135, #1084, #117, #1101, #914, #279, #2054, #1383, #2041, #1251, #1909, #620, #2020, #1541, #748, #1074, #458, #1112, #125, #1690, #1390, #2029, #1240, #1880, #920 ),
 ( #1551, #758, #1400, #607, #1782, #639, #1759, #671, #174, #1280, #330, #1160, #1472, #311, #342, #1287, #488, #320, #982, #1309, #1606, #795, #825, #1006, #1948, #503, #814, #959, #515, #1134, #25, #995, #197, #1768, #15, #836, #353, #1298, #1126, #969, #660, #1432, #1453, #479, #1624, #1938, #1587, #1596, #1440, #166, #50, #1750, #1919, #681, #804, #1318, #469, #1118, #649, #1146, #1790, #1616, #187, #1927, #1464, #38, #154, #2, #1031, #238, #362, #1493, #1824, #698, #1514, #1209, #1061, #1975, #97, #1169, #883, #1845, #732, #1349, #850 ) ),
 .UNSPECIFIED., .F., .F., .T. ) 
 B_SPLINE_SURFACE_WITH_KNOTS ( ( 2, 2 ),
 ( 3, 2, 2, 2, 2, 2, 2, 2, 2, 2, 2, 2, 2, 2, 2, 2, 2, 2, 2, 2, 2, 2, 2, 2, 2, 2, 2, 2, 2, 2, 2, 2, 2, 2, 2, 2, 2, 2, 2, 2, 2, 2, 3 ),
 ( 0.000000000000000000, 1.000000000000000000 ),
 ( 0.000000000000000000, 0.02083333333333333218, 0.04166666666666666435, 0.06250000000000000000, 0.08333333333333332871, 0.1041666666666666713, 0.1250000000000000000, 0.1458333333333333426, 0.1666666666666666574, 0.1875000000000000000, 0.2083333333333333426, 0.2291666666666666574, 0.2500000000000000000, 0.2708333333333333148, 0.2916666666666666852, 0.3125000000000000000, 0.3333333333333333148, 0.3541666666666666852, 0.3750000000000000000, 0.3958333333333333148, 0.4166666666666666852, 0.4375000000000000000, 0.4583333333333333148, 0.4791666666666666852, 0.5000000000000000000, 0.5208333333333333703, 0.5416666666666666297, 0.5625000000000000000, 0.5833333333333333703, 0.6041666666666666297, 0.6250000000000000000, 0.6458333333333333703, 0.6666666666666666297, 0.6875000000000000000, 0.7083333333333333703, 0.7291666666666666297, 0.7500000000000000000, 0.7708333333333333703, 0.7916666666666666297, 0.8125000000000000000, 0.8333333333333333703, 0.8541666666666666297, 0.8750000000000000000 ),
 .UNSPECIFIED. ) 
 GEOMETRIC_REPRESENTATION_ITEM ( )  RATIONAL_B_SPLINE_SURFACE ( (
 ( 1.000000000000000000, 0.9238795325112867385, 1.000000000000000000, 0.9238795325112867385, 1.000000000000000000, 0.9238795325112867385, 1.000000000000000000, 0.9238795325112867385, 1.000000000000000000, 0.9238795325112867385, 1.000000000000000000, 0.9238795325112867385, 1.000000000000000000, 0.9238795325112867385, 1.000000000000000000, 0.9238795325112867385, 1.000000000000000000, 0.9238795325112867385, 1.000000000000000000, 0.9238795325112867385, 1.000000000000000000, 0.9238795325112867385, 1.000000000000000000, 0.9238795325112867385, 1.000000000000000000, 0.9238795325112867385, 1.000000000000000000, 0.9238795325112867385, 1.000000000000000000, 0.9238795325112867385, 1.000000000000000000, 0.9238795325112867385, 1.000000000000000000, 0.9238795325112867385, 1.000000000000000000, 0.9238795325112867385, 1.000000000000000000, 0.9238795325112867385, 1.000000000000000000, 0.9238795325112867385, 1.000000000000000000, 0.9238795325112867385, 1.000000000000000000, 0.9238795325112867385, 1.000000000000000000, 0.9238795325112867385, 1.000000000000000000, 0.9238795325112867385, 1.000000000000000000, 0.9238795325112867385, 1.000000000000000000, 0.9238795325112867385, 1.000000000000000000, 0.9238795325112867385, 1.000000000000000000, 0.9238795325112867385, 1.000000000000000000, 0.9238795325112867385, 1.000000000000000000, 0.9238795325112867385, 1.000000000000000000, 0.9238795325112867385, 1.000000000000000000, 0.9238795325112867385, 1.000000000000000000, 0.9238795325112867385, 1.000000000000000000, 0.9238795325112867385, 1.000000000000000000, 0.9238795325112867385, 1.000000000000000000, 0.9238795325112867385, 1.000000000000000000, 0.9238795325112867385, 1.000000000000000000, 0.9238795325112867385, 1.000000000000000000, 0.9238795325112867385, 1.000000000000000000, 0.9238795325112867385, 1.000000000000000000, 0.9238795325112867385, 1.000000000000000000, 0.9238795325112867385, 1.000000000000000000),
 ( 1.000000000000000000, 0.9238795325112867385, 1.000000000000000000, 0.9238795325112867385, 1.000000000000000000, 0.9238795325112867385, 1.000000000000000000, 0.9238795325112867385, 1.000000000000000000, 0.9238795325112867385, 1.000000000000000000, 0.9238795325112867385, 1.000000000000000000, 0.9238795325112867385, 1.000000000000000000, 0.9238795325112867385, 1.000000000000000000, 0.9238795325112867385, 1.000000000000000000, 0.9238795325112867385, 1.000000000000000000, 0.9238795325112867385, 1.000000000000000000, 0.9238795325112867385, 1.000000000000000000, 0.9238795325112867385, 1.000000000000000000, 0.9238795325112867385, 1.000000000000000000, 0.9238795325112867385, 1.000000000000000000, 0.9238795325112867385, 1.000000000000000000, 0.9238795325112867385, 1.000000000000000000, 0.9238795325112867385, 1.000000000000000000, 0.9238795325112867385, 1.000000000000000000, 0.9238795325112867385, 1.000000000000000000, 0.9238795325112867385, 1.000000000000000000, 0.9238795325112867385, 1.000000000000000000, 0.9238795325112867385, 1.000000000000000000, 0.9238795325112867385, 1.000000000000000000, 0.9238795325112867385, 1.000000000000000000, 0.9238795325112867385, 1.000000000000000000, 0.9238795325112867385, 1.000000000000000000, 0.9238795325112867385, 1.000000000000000000, 0.9238795325112867385, 1.000000000000000000, 0.9238795325112867385, 1.000000000000000000, 0.9238795325112867385, 1.000000000000000000, 0.9238795325112867385, 1.000000000000000000, 0.9238795325112867385, 1.000000000000000000, 0.9238795325112867385, 1.000000000000000000, 0.9238795325112867385, 1.000000000000000000, 0.9238795325112867385, 1.000000000000000000, 0.9238795325112867385, 1.000000000000000000, 0.9238795325112867385, 1.000000000000000000, 0.9238795325112867385, 1.000000000000000000, 0.9238795325112867385, 1.000000000000000000, 0.9238795325112867385, 1.000000000000000000, 0.9238795325112867385, 1.000000000000000000) ) ) 
 REPRESENTATION_ITEM ( '' )  SURFACE ( )  );
#849 = ORIENTED_EDGE ( 'NONE', *, *, #1798, .T. ) ;
#850 = CARTESIAN_POINT ( 'NONE',  ( -0.09252404735808340830, 5.665463922061749222E-18, 0.1281250000000000444 ) ) ;
#851 = CARTESIAN_POINT ( 'NONE',  ( -0.09252404735808342218, -0.03832471526136867895, -0.1187500000000000083 ) ) ;
#852 = CARTESIAN_POINT ( 'NONE',  ( -0.06542438130972605403, -0.06542438130972604016, 0.03437500000000000971 ) ) ;
#853 = CARTESIAN_POINT ( 'NONE',  ( 0.06542438130972606791, 0.06542438130972604016, -0.08437500000000000555 ) ) ;
#854 = CYLINDRICAL_SURFACE ( 'NONE', #429, 0.1250000000000000555 ) ;
#855 = CARTESIAN_POINT ( 'NONE',  ( 0.1250000000000000555, -2.296212748401288034E-17, -0.06562500000000000278 ) ) ;
#856 = CARTESIAN_POINT ( 'NONE',  ( -0.1250000000000000555, -0.05177669529663690012, -0.1375000000000000111 ) ) ;
#857 = DIRECTION ( 'NONE',  ( 0.000000000000000000, 0.000000000000000000, 1.000000000000000000 ) ) ;
#858 = CARTESIAN_POINT ( 'NONE',  ( 0.1466435732007515258, 0.1679260363080790630, 0.1093749999999999445 ) ) ;
#859 = CARTESIAN_POINT ( 'NONE',  ( 0.03832471526136875528, 0.09252404735808340830, 0.06875000000000004718 ) ) ;
#860 = ORIENTED_EDGE ( 'NONE', *, *, #431, .T. ) ;
#861 = DIRECTION ( 'NONE',  ( 0.000000000000000000, 0.000000000000000000, 1.000000000000000000 ) ) ;
#862 = CARTESIAN_POINT ( 'NONE',  ( 0.08838834764831846047, -0.08838834764831850210, 0.02812500000000000763 ) ) ;
#863 = CARTESIAN_POINT ( 'NONE',  ( -0.01455762488768327576, 0.09137163070204211424, -0.07689904735808340830 ) ) ;
#864 = CARTESIAN_POINT ( 'NONE',  ( 0.000000000000000000, 0.000000000000000000, 0.1093750000000000000 ) ) ;
#865 = CARTESIAN_POINT ( 'NONE',  ( -0.08838834764831846047, 0.08838834764831847435, -0.1468750000000000056 ) ) ;
#866 = EDGE_LOOP ( 'NONE', ( #1971, #1186, #109 ) ) ;
#867 = SHAPE_DEFINITION_REPRESENTATION ( #923, #1001 ) ;
#868 = CARTESIAN_POINT ( 'NONE',  ( 0.000000000000000000, 0.1250000000000000278, -0.1093749999999999722 ) ) ;
#869 = ADVANCED_FACE ( 'NONE', ( #1345 ), #779, .F. ) ;
#870 = LINE ( 'NONE', #1469, #206 ) ;
#871 = CARTESIAN_POINT ( 'NONE',  ( 0.2187499999999990008, -0.1262953713852298931, 0.08983703805189809100 ) ) ;
#872 = DIRECTION ( 'NONE',  ( 0.000000000000000000, 0.000000000000000000, 1.000000000000000000 ) ) ;
#873 = ORIENTED_EDGE ( 'NONE', *, *, #1829, .T. ) ;
#874 = CARTESIAN_POINT ( 'NONE',  ( -0.03832471526136870671, -0.09252404735808342218, -0.05624999999999999445 ) ) ;
#875 = CARTESIAN_POINT ( 'NONE',  ( -0.05431570440134120270, 0.07490329495360660561, 0.07689904735807338854 ) ) ;
#876 = CARTESIAN_POINT ( 'NONE',  ( -0.1250000000000000278, 7.654042494670959086E-18, -0.04687499999999997224 ) ) ;
#877 = EDGE_CURVE ( 'NONE', #1360, #1700, #77, .T. ) ;
#878 = CARTESIAN_POINT ( 'NONE',  ( 0.1250000000000000278, -2.296212748401287726E-17, -0.02187499999999997086 ) ) ;
#879 = CARTESIAN_POINT ( 'NONE',  ( 0.07269141461013144123, -0.07620381687808398807, 0.08944726058353655307 ) ) ;
#880 = VECTOR ( 'NONE', #2060, 39.37007874015748143 ) ;
#881 = EDGE_CURVE ( 'NONE', #90, #1246, #420, .T. ) ;
#882 = CARTESIAN_POINT ( 'NONE',  ( 0.1250000000000000555, 1.530808498934192125E-17, 0.1093750000000000000 ) ) ;
#883 = CARTESIAN_POINT ( 'NONE',  ( 0.000000000000000000, 0.09252404735808340830, 0.1156250000000000333 ) ) ;
#884 = CARTESIAN_POINT ( 'NONE',  ( 0.08838834764831850210, 0.08838834764831846047, 0.09062500000000002498 ) ) ;
#885 = DIRECTION ( 'NONE',  ( 1.000000000000000000, 0.000000000000000000, 0.000000000000000000 ) ) ;
#886 = CARTESIAN_POINT ( 'NONE',  ( -0.07490329495353777178, 0.05431570440143611289, -0.07689904735808342218 ) ) ;
#887 = CARTESIAN_POINT ( 'NONE',  ( -0.08838834764831846047, -0.08838834764831846047, -0.04062499999999996669 ) ) ;
#888 = CARTESIAN_POINT ( 'NONE',  ( -0.1250000000000000555, -0.05177669529663690012, -0.08749999999999999445 ) ) ;
#889 = CARTESIAN_POINT ( 'NONE',  ( -0.1250000000000000555, 7.654042494670960626E-18, -0.09062500000000001110 ) ) ;
#890 = FACE_BOUND ( 'NONE', #78, .T. ) ;
#891 = CARTESIAN_POINT ( 'NONE',  ( 0.06128862668553435034, -0.08677048952045864072, -0.09040198611764184433 ) ) ;
#892 = CARTESIAN_POINT ( 'NONE',  ( 0.000000000000000000, 0.000000000000000000, -0.1093750000000000000 ) ) ;
#893 = DIRECTION ( 'NONE',  ( 1.000000000000000000, 0.000000000000000000, 0.000000000000000000 ) ) ;
#894 = B_SPLINE_CURVE_WITH_KNOTS ( 'NONE', 3,
 ( #2048, #454, #1393, #729, #426, #276 ),
 .UNSPECIFIED., .F., .F.,
 ( 4, 2, 4 ),
 ( 0.01801865417478211440, 0.01964280983767039204, 0.02126696550055866969 ),
 .UNSPECIFIED. ) ;
#895 = VERTEX_POINT ( 'NONE', #1338 ) ;
#896 = CARTESIAN_POINT ( 'NONE',  ( -0.09567639725739056356, 0.03885737501900692753, 0.08734864405068640258 ) ) ;
#897 = CARTESIAN_POINT ( 'NONE',  ( -0.01784762896131430673, -0.2422864093852495626, 0.09578624770568218427 ) ) ;
#898 = CARTESIAN_POINT ( 'NONE',  ( 0.05177669529663686543, -0.1250000000000000555, -0.08124999999999997502 ) ) ;
#899 = CARTESIAN_POINT ( 'NONE',  ( 0.03832471526136867201, -0.09252404735808343605, -0.1062499999999999972 ) ) ;
#900 = CARTESIAN_POINT ( 'NONE',  ( -0.2187499999999998057, 0.1262953713852306981, -0.1093750000000000000 ) ) ;
#901 = CARTESIAN_POINT ( 'NONE',  ( 0.07691412396248166472, 0.06082399729668204469, -0.08220479690657681027 ) ) ;
#902 = VECTOR ( 'NONE', #1523, 39.37007874015748143 ) ;
#903 = ORIENTED_EDGE ( 'NONE', *, *, #839, .T. ) ;
#904 = CARTESIAN_POINT ( 'NONE',  ( 0.09252404735808340830, -0.03832471526136874140, -0.04374999999999999722 ) ) ;
#905 = EDGE_CURVE ( 'NONE', #743, #90, #497, .T. ) ;
#906 = CARTESIAN_POINT ( 'NONE',  ( 0.1250000000000000278, 0.05177669529663693482, 0.08750000000000000833 ) ) ;
#907 = CARTESIAN_POINT ( 'NONE',  ( -0.05177669529663692094, -0.1250000000000000555, -0.03124999999999999653 ) ) ;
#908 = ORIENTED_EDGE ( 'NONE', *, *, #1923, .T. ) ;
#909 = CARTESIAN_POINT ( 'NONE',  ( -0.08838834764831846047, 0.08838834764831846047, -0.1031249999999999806 ) ) ;
#910 = DIRECTION ( 'NONE',  ( -0.000000000000000000, -0.000000000000000000, -1.000000000000000000 ) ) ;
#911 = CARTESIAN_POINT ( 'NONE',  ( -0.05177669529663692094, -0.1250000000000000555, -0.03125000000000000000 ) ) ;
#912 = CARTESIAN_POINT ( 'NONE',  ( 0.05177669529663698339, 0.1250000000000000000, -0.06249999999999997918 ) ) ;
#913 = VECTOR ( 'NONE', #1384, 39.37007874015748143 ) ;
#914 = CARTESIAN_POINT ( 'NONE',  ( 0.000000000000000000, 0.09252404735808340830, 0.07187500000000002220 ) ) ;
#915 = B_SPLINE_CURVE_WITH_KNOTS ( 'NONE', 3,
 ( #1147, #373, #209, #1473, #1791, #689, #1769, #343 ),
 .UNSPECIFIED., .F., .F.,
 ( 4, 2, 2, 4 ),
 ( 3.301089080761409189E-14, 0.0009250670060467975145, 0.001387600509053690812, 0.001850134012060584109 ),
 .UNSPECIFIED. ) ;
#916 = CARTESIAN_POINT ( 'NONE',  ( -0.01543692233752003498, 0.1236725644704013416, -0.1087707282969340578 ) ) ;
#917 = VERTEX_POINT ( 'NONE', #871 ) ;
#918 = DIRECTION ( 'NONE',  ( 0.000000000000000000, 0.000000000000000000, -1.000000000000000000 ) ) ;
#919 = CARTESIAN_POINT ( 'NONE',  ( -1.133092784412349844E-17, -0.09252404735808340830, -0.05312499999999999861 ) ) ;
#920 = CARTESIAN_POINT ( 'NONE',  ( -0.09252404735808340830, 5.665463922061749222E-18, 0.1343750000000000222 ) ) ;
#921 = CARTESIAN_POINT ( 'NONE',  ( 0.1466435732007515258, 0.1679260363080790630, -0.1093749999999999584 ) ) ;
#922 = EDGE_CURVE ( 'NONE', #452, #1333, #1987, .T. ) ;
#923 = PRODUCT_DEFINITION_SHAPE ( 'NONE', 'NONE',  #2033 ) ;
#924 = CARTESIAN_POINT ( 'NONE',  ( -0.1115500971809307990, -0.03163488825855548942, -0.1000725147911665641 ) ) ;
#925 = ORIENTED_EDGE ( 'NONE', *, *, #1252, .F. ) ;
#926 = CARTESIAN_POINT ( 'NONE',  ( -0.05177669529663690012, 0.1250000000000000278, 0.04375000000000003192 ) ) ;
#927 = CARTESIAN_POINT ( 'NONE',  ( -0.03832471526136870671, -0.09252404735808342218, -0.01249999999999998682 ) ) ;
#928 = CARTESIAN_POINT ( 'NONE',  ( 0.000000000000000000, 0.000000000000000000, 0.1093750000000000000 ) ) ;
#929 = CARTESIAN_POINT ( 'NONE',  ( 0.05177669529663687931, -0.1250000000000000833, -0.02499999999999999098 ) ) ;
#930 = ORIENTED_EDGE ( 'NONE', *, *, #811, .F. ) ;
#931 = CARTESIAN_POINT ( 'NONE',  ( -0.1250000000000000555, 0.000000000000000000, 0.1093750000000000000 ) ) ;
#932 = CONICAL_SURFACE ( 'NONE', #593, 0.2187499999999999445, 1.047197551196600074 ) ;
#933 = EDGE_LOOP ( 'NONE', ( #634, #1604, #1294, #1110, #1267, #925 ) ) ;
#934 = CARTESIAN_POINT ( 'NONE',  ( -0.06542438130972605403, -0.06542438130972604016, -0.009374999999999985775 ) ) ;
#935 = CARTESIAN_POINT ( 'NONE',  ( -0.1022142866170180908, -0.05254282218709061675, -0.09904455621353214223 ) ) ;
#936 = ORIENTED_EDGE ( 'NONE', *, *, #1771, .F. ) ;
#937 = CARTESIAN_POINT ( 'NONE',  ( -0.09252404735808342218, 0.03832471526136869977, -0.1187500000000000083 ) ) ;
#938 = CARTESIAN_POINT ( 'NONE',  ( -0.03832471526136868589, 0.09252404735808342218, -0.03124999999999999653 ) ) ;
#939 =( BOUNDED_CURVE ( )  B_SPLINE_CURVE ( 2, ( #35, #1613, #1115, #1621, #801, #1295, #183, #1123, #2062 ),
 .UNSPECIFIED., .F., .F. ) 
 B_SPLINE_CURVE_WITH_KNOTS ( ( 3, 2, 2, 2, 3 ),
 ( 0.3750000000000000000, 0.3958333333333333148, 0.4166666666666666852, 0.4375000000000000000, 0.4583333333333333148 ),
 .UNSPECIFIED. ) 
 CURVE ( )  GEOMETRIC_REPRESENTATION_ITEM ( )  RATIONAL_B_SPLINE_CURVE ( ( 1.000000000000000000, 0.9238795325112867385, 1.000000000000000000, 0.9238795325112867385, 1.000000000000000000, 0.9238795325112867385, 1.000000000000000000, 0.9238795325112867385, 1.000000000000000000 ) ) 
 REPRESENTATION_ITEM ( '' )  );
#940 = EDGE_LOOP ( 'NONE', ( #1168, #694, #606, #1933 ) ) ;
#941 = CARTESIAN_POINT ( 'NONE',  ( 0.2187499999999990563, 0.04302491621807968958, -0.1074862592029657976 ) ) ;
#942 = ORIENTED_EDGE ( 'NONE', *, *, #95, .T. ) ;
#943 = CARTESIAN_POINT ( 'NONE',  ( -0.06542438130972604016, 0.06542438130972605403, 0.02812500000000000763 ) ) ;
#944 = CARTESIAN_POINT ( 'NONE',  ( 0.09252404735808340830, -1.699639176618524612E-17, 0.009375000000000018735 ) ) ;
#945 = LINE ( 'NONE', #805, #171 ) ;
#946 = FILL_AREA_STYLE ('',( #1262 ) ) ;
#947 = AXIS2_PLACEMENT_3D ( 'NONE', #349, #1478, #193 ) ;
#948 = CARTESIAN_POINT ( 'NONE',  ( -0.1131367411153037794, 0.03652118749125096014, -0.1030154881708949949 ) ) ;
#949 = ORIENTED_EDGE ( 'NONE', *, *, #751, .T. ) ;
#950 = CIRCLE ( 'NONE', #989, 0.1250000000000000555 ) ;
#951 = CARTESIAN_POINT ( 'NONE',  ( 0.1249999999999999861, -0.05177669529663698339, 0.1250000000000000278 ) ) ;
#952 = CARTESIAN_POINT ( 'NONE',  ( 0.03832471526136867201, -0.09252404735808343605, -0.05625000000000000139 ) ) ;
#953 = EDGE_CURVE ( 'NONE', #777, #452, #1480, .T. ) ;
#954 = ORIENTED_EDGE ( 'NONE', *, *, #396, .F. ) ;
#955 = CARTESIAN_POINT ( 'NONE',  ( 0.000000000000000000, 7.145107678494430182E-19, -0.09687500000000000278 ) ) ;
#956 = CARTESIAN_POINT ( 'NONE',  ( 0.03832471526136875528, 0.09252404735808340830, -0.03124999999999999653 ) ) ;
#957 = ORIENTED_EDGE ( 'NONE', *, *, #76, .F. ) ;
#958 = CARTESIAN_POINT ( 'NONE',  ( -0.2187499999999998057, 0.1262953713852306981, -0.08983703805189743874 ) ) ;
#959 = CARTESIAN_POINT ( 'NONE',  ( 0.09252404735808340830, -0.03832471526136874140, -0.05000000000000000971 ) ) ;
#960 = CARTESIAN_POINT ( 'NONE',  ( -1.336709758935160384E-17, -0.1091506350946109538, -0.09352563509461092606 ) ) ;
#961 = EDGE_CURVE ( 'NONE', #594, #573, #1025, .T. ) ;
#962 = ORIENTED_EDGE ( 'NONE', *, *, #464, .F. ) ;
#963 = CARTESIAN_POINT ( 'NONE',  ( -0.08838834764831846047, -0.08838834764831846047, 0.05937500000000003192 ) ) ;
#964 = CARTESIAN_POINT ( 'NONE',  ( -0.06542438130972605403, -0.06542438130972604016, -0.1093750000000000000 ) ) ;
#965 = CARTESIAN_POINT ( 'NONE',  ( -0.1466435732007515536, -0.1679260363080785079, -0.1093750000000002498 ) ) ;
#966 = DIRECTION ( 'NONE',  ( 0.000000000000000000, -1.000000000000000000, -1.517693329813478826E-16 ) ) ;
#967 = ORIENTED_EDGE ( 'NONE', *, *, #33, .T. ) ;
#968 = CARTESIAN_POINT ( 'NONE',  ( 1.377727649040773005E-17, 0.1125000000000000583, 0.09687499999999998890 ) ) ;
#969 = CARTESIAN_POINT ( 'NONE',  ( -0.03832471526136870671, -0.09252404735808342218, -0.01249999999999998682 ) ) ;
#970 = EDGE_CURVE ( 'NONE', #289, #1382, #939, .T. ) ;
#971 = CONICAL_SURFACE ( 'NONE', #1135, 0.1125000000000000583, 0.7853981633974500554 ) ;
#972 = CARTESIAN_POINT ( 'NONE',  ( 0.09252404735808340830, -1.699639176618524612E-17, 0.05312500000000001249 ) ) ;
#973 = ORIENTED_EDGE ( 'NONE', *, *, #710, .F. ) ;
#974 = CARTESIAN_POINT ( 'NONE',  ( -0.2187499999999998057, 0.000000000000000000, 0.1093750000000000000 ) ) ;
#975 = EDGE_CURVE ( 'NONE', #1274, #510, #1119, .T. ) ;
#976 = CARTESIAN_POINT ( 'NONE',  ( -1.133092784412349844E-17, -0.09252404735808340830, -0.05937499999999999722 ) ) ;
#977 = CARTESIAN_POINT ( 'NONE',  ( -0.01455762488768327576, 0.09137163070204211424, -0.07689904735808340830 ) ) ;
#978 = VERTEX_POINT ( 'NONE', #318 ) ;
#979 = FACE_OUTER_BOUND ( 'NONE', #1814, .T. ) ;
#980 = CARTESIAN_POINT ( 'NONE',  ( 0.000000000000000000, 0.09252404735808340830, -0.02812499999999999029 ) ) ;
#981 = CARTESIAN_POINT ( 'NONE',  ( -0.2187499999999999445, 0.000000000000000000, -0.1093750000000000000 ) ) ;
#982 = CARTESIAN_POINT ( 'NONE',  ( -0.06542438130972604016, 0.06542438130972605403, -0.07812500000000000000 ) ) ;
#983 = CARTESIAN_POINT ( 'NONE',  ( -0.08125492647083738806, -0.05347285565976708094, 0.08064704805607189608 ) ) ;
#984 = ADVANCED_FACE ( 'NONE', ( #307 ), #1779, .F. ) ;
#985 = CARTESIAN_POINT ( 'NONE',  ( -2.993718129244791040E-17, 0.2525907427704615626, -0.08983703805189721669 ) ) ;
#986 = ADVANCED_FACE ( 'NONE', ( #979 ), #807, .F. ) ;
#987 = CIRCLE ( 'NONE', #1247, 0.2187499999999999445 ) ;
#988 = CARTESIAN_POINT ( 'NONE',  ( 0.000000000000000000, 0.000000000000000000, -0.1093750000000000000 ) ) ;
#989 = AXIS2_PLACEMENT_3D ( 'NONE', #1846, #603, #893 ) ;
#990 = CARTESIAN_POINT ( 'NONE',  ( 0.03832471526136867201, -0.09252404735808343605, 0.04375000000000003192 ) ) ;
#991 = VERTEX_POINT ( 'NONE', #792 ) ;
#992 = CARTESIAN_POINT ( 'NONE',  ( 0.2187499999999990008, 0.000000000000000000, 0.1093750000000000000 ) ) ;
#993 = CARTESIAN_POINT ( 'NONE',  ( -0.09252404735808340830, 5.665463922061749222E-18, -0.06562499999999998890 ) ) ;
#994 = DIRECTION ( 'NONE',  ( -0.4999999999999998335, -0.8660254037844388186, 0.000000000000000000 ) ) ;
#995 = CARTESIAN_POINT ( 'NONE',  ( 0.03832471526136875528, 0.09252404735808340830, -0.03749999999999999167 ) ) ;
#996 = CARTESIAN_POINT ( 'NONE',  ( 0.1093750000000000416, -0.1894430570778458667, -0.1093750000000000000 ) ) ;
#997 = CARTESIAN_POINT ( 'NONE',  ( -0.09252404735808340830, 0.03832471526136869977, 0.02500000000000002220 ) ) ;
#998 = FACE_OUTER_BOUND ( 'NONE', #1839, .T. ) ;
#999 = EDGE_CURVE ( 'NONE', #1382, #223, #635, .T. ) ;
#1000 = FACE_OUTER_BOUND ( 'NONE', #1163, .T. ) ;
#1001 = ADVANCED_BREP_SHAPE_REPRESENTATION ( '90499A029_High-Strength Steel Hex Nut_90499A029', ( #1858, #462 ), #1836 ) ;
#1002 = CARTESIAN_POINT ( 'NONE',  ( -0.05177669529663690012, 0.1250000000000000278, 0.04375000000000003192 ) ) ;
#1003 = EDGE_CURVE ( 'NONE', #917, #777, #613, .T. ) ;
#1004 = CARTESIAN_POINT ( 'NONE',  ( -0.06542438130972604016, 0.06542438130972605403, -0.02187499999999998820 ) ) ;
#1005 = VERTEX_POINT ( 'NONE', #1777 ) ;
#1006 = CARTESIAN_POINT ( 'NONE',  ( -0.03832471526136870671, -0.09252404735808342218, -0.06249999999999999306 ) ) ;
#1007 = CARTESIAN_POINT ( 'NONE',  ( -0.06820133078763923606, -0.06977826247416191174, 0.08169959556708819570 ) ) ;
#1008 = CARTESIAN_POINT ( 'NONE',  ( 0.000000000000000000, 0.09252404735808340830, 0.06562500000000001665 ) ) ;
#1009 = DIRECTION ( 'NONE',  ( -0.8660254037844383745, -0.5000000000000003331, 0.000000000000000000 ) ) ;
#1010 = DIRECTION ( 'NONE',  ( -0.000000000000000000, -0.000000000000000000, -1.000000000000000000 ) ) ;
#1011 = MECHANICAL_DESIGN_GEOMETRIC_PRESENTATION_REPRESENTATION (  '', ( #1428 ), #757 ) ;
#1012 = CARTESIAN_POINT ( 'NONE',  ( -1.133092784412349844E-17, -0.09252404735808340830, 0.09062500000000002498 ) ) ;
#1013 = B_SPLINE_CURVE_WITH_KNOTS ( 'NONE', 3,
 ( #43, #675, #1524, #1651, #715, #1055, #1992, #734 ),
 .UNSPECIFIED., .F., .F.,
 ( 4, 2, 2, 4 ),
 ( 0.003246110284317175240, 0.004054545091207011238, 0.004862979898096847671, 0.006479849511876519669 ),
 .UNSPECIFIED. ) ;
#1014 = VERTEX_POINT ( 'NONE', #339 ) ;
#1015 = CARTESIAN_POINT ( 'NONE',  ( -1.336709758935160384E-17, -0.1091506350946109538, -0.09352563509461092606 ) ) ;
#1016 = EDGE_CURVE ( 'NONE', #452, #823, #1811, .T. ) ;
#1017 = CARTESIAN_POINT ( 'NONE',  ( 0.09436216441918519882, 0.06086980544662769221, 0.09643747809786573644 ) ) ;
#1018 = CARTESIAN_POINT ( 'NONE',  ( 0.03832471526136867201, -0.09252404735808343605, 0.1000000000000000194 ) ) ;
#1019 = ORIENTED_EDGE ( 'NONE', *, *, #184, .T. ) ;
#1020 = CARTESIAN_POINT ( 'NONE',  ( -0.1250000000000000555, -0.05177669529663690012, 0.01250000000000001978 ) ) ;
#1021 = CARTESIAN_POINT ( 'NONE',  ( -0.09285856799335849565, 0.007661272754063848042, 0.07728240042809535193 ) ) ;
#1022 = CARTESIAN_POINT ( 'NONE',  ( -1.133092784412349844E-17, -0.09252404735808340830, -0.009374999999999985775 ) ) ;
#1023 = CARTESIAN_POINT ( 'NONE',  ( -0.1250000000000000555, 0.05177669529663691400, -0.04374999999999999722 ) ) ;
#1024 = CARTESIAN_POINT ( 'NONE',  ( 0.000000000000000000, 0.1250000000000000555, -0.1031250000000000083 ) ) ;
#1025 = B_SPLINE_CURVE_WITH_KNOTS ( 'NONE', 3,
 ( #1916, #1418, #2075, #1460, #477, #628, #1157, #1907 ),
 .UNSPECIFIED., .F., .F.,
 ( 4, 2, 2, 4 ),
 ( 0.003246110284317209934, 0.004054545091207037259, 0.004862979898096865018, 0.006479849511876521403 ),
 .UNSPECIFIED. ) ;
#1026 = APPLICATION_PROTOCOL_DEFINITION ( 'draft international standard', 'automotive_design', 1998, #2005 ) ;
#1027 = CIRCLE ( 'NONE', #1394, 0.2187499999999999445 ) ;
#1028 = CARTESIAN_POINT ( 'NONE',  ( -0.1199394439495780063, 0.03139471646582902425, 0.1081015645323007424 ) ) ;
#1029 = CARTESIAN_POINT ( 'NONE',  ( 0.09252404735808340830, -0.03832471526136874140, 0.006250000000000018562 ) ) ;
#1030 = ORIENTED_EDGE ( 'NONE', *, *, #76, .T. ) ;
#1031 = CARTESIAN_POINT ( 'NONE',  ( -0.09252404735808340830, 5.665463922061749222E-18, 0.07812500000000001388 ) ) ;
#1032 = ORIENTED_EDGE ( 'NONE', *, *, #1388, .F. ) ;
#1033 = CARTESIAN_POINT ( 'NONE',  ( -0.08612574603689698849, 0.05145391439218603008, 0.08439925815893961625 ) ) ;
#1034 = EDGE_CURVE ( 'NONE', #802, #1554, #870, .T. ) ;
#1035 = CARTESIAN_POINT ( 'NONE',  ( 0.1250000000000000000, -0.05177669529663698339, -0.02499999999999997363 ) ) ;
#1036 = CARTESIAN_POINT ( 'NONE',  ( 0.06542438130972606791, 0.06542438130972604016, 0.05937500000000001804 ) ) ;
#1037 = CARTESIAN_POINT ( 'NONE',  ( 0.000000000000000000, 0.000000000000000000, -0.1093750000000000000 ) ) ;
#1038 = CARTESIAN_POINT ( 'NONE',  ( 0.05177669529663699033, 0.1250000000000000278, -0.1062499999999999972 ) ) ;
#1039 = CARTESIAN_POINT ( 'NONE',  ( 0.01417922831682049030, 0.1158383649943653809, 0.1008579698674352265 ) ) ;
#1040 = CARTESIAN_POINT ( 'NONE',  ( -0.09252404735808340830, 5.665463922061749222E-18, 0.03437500000000000971 ) ) ;
#1041 = FACE_OUTER_BOUND ( 'NONE', #1509, .T. ) ;
#1042 = CARTESIAN_POINT ( 'NONE',  ( 0.1250000000000000278, 0.05177669529663693482, 0.08750000000000000833 ) ) ;
#1043 = CARTESIAN_POINT ( 'NONE',  ( -0.03832471526136868589, 0.09252404735808342218, -0.07499999999999998335 ) ) ;
#1044 = CARTESIAN_POINT ( 'NONE',  ( -0.04316550531132583995, 0.08206217525201360552, -0.07689904735808340830 ) ) ;
#1045 = CARTESIAN_POINT ( 'NONE',  ( -0.03584416321164793362, -0.2318961054913390718, 0.1006974364137823708 ) ) ;
#1046 = EDGE_CURVE ( 'NONE', #1984, #1382, #46, .T. ) ;
#1047 = AXIS2_PLACEMENT_3D ( 'NONE', #1642, #1793, #1009 ) ;
#1048 = CARTESIAN_POINT ( 'NONE',  ( -0.08838834764831846047, -0.08838834764831846047, -0.04062499999999996669 ) ) ;
#1049 = DIRECTION ( 'NONE',  ( -0.000000000000000000, -0.000000000000000000, -1.000000000000000000 ) ) ;
#1050 = CARTESIAN_POINT ( 'NONE',  ( -0.09252404735808340830, 5.665463922061749222E-18, 0.1343750000000000222 ) ) ;
#1051 = CARTESIAN_POINT ( 'NONE',  ( -0.1250000000000000278, 7.654042494670959086E-18, -0.09687499999999997502 ) ) ;
#1052 = ORIENTED_EDGE ( 'NONE', *, *, #1046, .T. ) ;
#1053 = CARTESIAN_POINT ( 'NONE',  ( -0.08838834764831847435, -0.08838834764831847435, 0.1093750000000000139 ) ) ;
#1054 = EDGE_CURVE ( 'NONE', #1254, #594, #1187, .T. ) ;
#1055 = CARTESIAN_POINT ( 'NONE',  ( 0.03584416321164757974, 0.2318961054913399600, -0.1006974364137819683 ) ) ;
#1056 = VERTEX_POINT ( 'NONE', #1491 ) ;
#1057 = CARTESIAN_POINT ( 'NONE',  ( 0.05177669529663686543, -0.1250000000000000555, -0.03124999999999997224 ) ) ;
#1058 = CARTESIAN_POINT ( 'NONE',  ( 0.1250000000000000555, 1.530808498934192125E-17, 0.1093750000000000000 ) ) ;
#1059 = CARTESIAN_POINT ( 'NONE',  ( 0.09252404735808340830, 0.03832471526136870671, 0.1125000000000000167 ) ) ;
#1060 = AXIS2_PLACEMENT_3D ( 'NONE', #524, #1967, #516 ) ;
#1061 = CARTESIAN_POINT ( 'NONE',  ( 0.09252404735808340830, -1.699639176618524612E-17, 0.1031250000000000222 ) ) ;
#1062 = EDGE_LOOP ( 'NONE', ( #1504, #1030, #366, #1780, #930, #622 ) ) ;
#1063 = CARTESIAN_POINT ( 'NONE',  ( 0.09252404735808340830, -0.03832471526136874140, -0.09374999999999998612 ) ) ;
#1064 = CARTESIAN_POINT ( 'NONE',  ( 0.2187499999999990008, -0.1262953713852298931, 0.1093750000000000000 ) ) ;
#1065 = CARTESIAN_POINT ( 'NONE',  ( -0.08838834764831846047, 0.08838834764831846047, -0.003124999999999966780 ) ) ;
#1066 = ORIENTED_EDGE ( 'NONE', *, *, #414, .T. ) ;
#1067 = EDGE_CURVE ( 'NONE', #5, #1702, #1580, .T. ) ;
#1068 = CARTESIAN_POINT ( 'NONE',  ( 0.05177669529663698339, 0.1249999999999999861, -0.06249999999999998612 ) ) ;
#1069 = CARTESIAN_POINT ( 'NONE',  ( -0.1466435732007515536, -0.1679260363080785079, 0.1093750000000002498 ) ) ;
#1070 = CARTESIAN_POINT ( 'NONE',  ( -0.08838834764831847435, -0.08838834764831846047, -0.03437499999999998890 ) ) ;
#1071 = CARTESIAN_POINT ( 'NONE',  ( 0.1250000000000000278, -0.05177669529663698339, 0.08125000000000000278 ) ) ;
#1072 = EDGE_CURVE ( 'NONE', #1407, #5, #1622, .T. ) ;
#1073 = EDGE_LOOP ( 'NONE', ( #1737, #1669, #337, #1269, #1708, #1820 ) ) ;
#1074 = CARTESIAN_POINT ( 'NONE',  ( 0.09252404735808340830, -0.03832471526136874140, 0.1062500000000000111 ) ) ;
#1075 = CARTESIAN_POINT ( 'NONE',  ( -0.2187499999999998057, -0.1262953713852305593, 0.1093750000000000000 ) ) ;
#1076 = CARTESIAN_POINT ( 'NONE',  ( 0.000000000000000000, 0.1250000000000000555, -0.1093749999999999584 ) ) ;
#1077 = ORIENTED_EDGE ( 'NONE', *, *, #490, .T. ) ;
#1078 =( BOUNDED_CURVE ( )  B_SPLINE_CURVE ( 2, ( #61, #1023, #200, #1953, #653, #1941, #1643, #214, #855 ),
 .UNSPECIFIED., .F., .F. ) 
 B_SPLINE_CURVE_WITH_KNOTS ( ( 3, 2, 2, 2, 3 ),
 ( 0.5000000000000000000, 0.5208333333333332593, 0.5416666666666667407, 0.5625000000000000000, 0.5833333333333332593 ),
 .UNSPECIFIED. ) 
 CURVE ( )  GEOMETRIC_REPRESENTATION_ITEM ( )  RATIONAL_B_SPLINE_CURVE ( ( 1.000000000000000000, 0.9238795325112867385, 1.000000000000000000, 0.9238795325112867385, 1.000000000000000000, 0.9238795325112867385, 1.000000000000000000, 0.9238795325112867385, 1.000000000000000000 ) ) 
 REPRESENTATION_ITEM ( '' )  );
#1079 = CARTESIAN_POINT ( 'NONE',  ( -0.08838834764831846047, 0.08838834764831847435, -0.09687500000000000278 ) ) ;
#1080 = CARTESIAN_POINT ( 'NONE',  ( -0.2187499999999998057, -0.04256153443578084700, 0.1075381069437051501 ) ) ;
#1081 = AXIS2_PLACEMENT_3D ( 'NONE', #688, #1521, #1327 ) ;
#1082 = CARTESIAN_POINT ( 'NONE',  ( -1.530808498934192125E-17, -0.1250000000000000555, -0.02812499999999999029 ) ) ;
#1083 = DIRECTION ( 'NONE',  ( -0.8660254037844391517, 0.4999999999999992784, 0.000000000000000000 ) ) ;
#1084 = CARTESIAN_POINT ( 'NONE',  ( 0.09252404735808340830, 0.03832471526136870671, 0.06250000000000002776 ) ) ;
#1085 = CARTESIAN_POINT ( 'NONE',  ( -0.1108688727314773304, 0.04384614628205069087, -0.1033489200954297305 ) ) ;
#1086 = ORIENTED_EDGE ( 'NONE', *, *, #970, .F. ) ;
#1087 = CARTESIAN_POINT ( 'NONE',  ( 0.000000000000000000, 0.000000000000000000, 0.1093750000000000000 ) ) ;
#1088 = CARTESIAN_POINT ( 'NONE',  ( 0.07581800604346873584, -0.07308110172853453379, -0.08947252383855211488 ) ) ;
#1089 = CIRCLE ( 'NONE', #1537, 0.1250000000000000555 ) ;
#1090 = CARTESIAN_POINT ( 'NONE',  ( -0.09252404735808340830, -0.03832471526136868589, -0.06250000000000000000 ) ) ;
#1091 = AXIS2_PLACEMENT_3D ( 'NONE', #1395, #1699, #1856 ) ;
#1092 = CARTESIAN_POINT ( 'NONE',  ( -0.09252404735808342218, -0.03832471526136867895, -0.01249999999999998682 ) ) ;
#1093 = CARTESIAN_POINT ( 'NONE',  ( -1.133092784412349844E-17, -0.09252404735808340830, -0.05937499999999999722 ) ) ;
#1094 = ORIENTED_EDGE ( 'NONE', *, *, #252, .F. ) ;
#1095 = CARTESIAN_POINT ( 'NONE',  ( 0.1249999999999999861, -0.05177669529663698339, 0.07500000000000005274 ) ) ;
#1096 = DIRECTION ( 'NONE',  ( 0.000000000000000000, 0.000000000000000000, 1.000000000000000000 ) ) ;
#1097 = CARTESIAN_POINT ( 'NONE',  ( 0.08111354004680464136, 0.05569075250559619300, -0.08254460824285074494 ) ) ;
#1098 = CARTESIAN_POINT ( 'NONE',  ( -0.08838834764831847435, -0.08838834764831846047, 0.01562500000000000347 ) ) ;
#1099 = DIRECTION ( 'NONE',  ( 0.000000000000000000, 0.000000000000000000, 1.000000000000000000 ) ) ;
#1100 = VERTEX_POINT ( 'NONE', #1346 ) ;
#1101 = CARTESIAN_POINT ( 'NONE',  ( 0.03832471526136875528, 0.09252404735808340830, 0.06875000000000004718 ) ) ;
#1102 = CARTESIAN_POINT ( 'NONE',  ( 0.1250000000000000278, -2.296212748401287726E-17, 0.07812500000000004163 ) ) ;
#1103 = CARTESIAN_POINT ( 'NONE',  ( 0.09252404735808338054, 0.03832471526136870671, -0.04374999999999999722 ) ) ;
#1104 = ORIENTED_EDGE ( 'NONE', *, *, #662, .T. ) ;
#1105 = EDGE_CURVE ( 'NONE', #1865, #978, #1729, .T. ) ;
#1106 = DIRECTION ( 'NONE',  ( 0.000000000000000000, 0.000000000000000000, -1.000000000000000000 ) ) ;
#1107 = DIRECTION ( 'NONE',  ( -0.000000000000000000, -0.000000000000000000, -1.000000000000000000 ) ) ;
#1108 = CARTESIAN_POINT ( 'NONE',  ( 0.1250000000000000278, 0.05177669529663692094, -0.06874999999999997780 ) ) ;
#1109 = AXIS2_PLACEMENT_3D ( 'NONE', #892, #1988, #58 ) ;
#1110 = ORIENTED_EDGE ( 'NONE', *, *, #274, .F. ) ;
#1111 = CARTESIAN_POINT ( 'NONE',  ( 0.09252404735808340830, -1.699639176618524612E-17, 0.05937500000000001804 ) ) ;
#1112 = CARTESIAN_POINT ( 'NONE',  ( 0.09252404735808340830, 0.03832471526136870671, 0.1125000000000000167 ) ) ;
#1113 = CARTESIAN_POINT ( 'NONE',  ( -0.09252404735808340830, 0.03832471526136869977, -0.02499999999999999098 ) ) ;
#1114 = CARTESIAN_POINT ( 'NONE',  ( 0.09252404735808340830, 0.03832471526136870671, 0.006250000000000018562 ) ) ;
#1115 = CARTESIAN_POINT ( 'NONE',  ( -0.08838834764831846047, -0.08838834764831846047, 0.009375000000000036082 ) ) ;
#1116 = CARTESIAN_POINT ( 'NONE',  ( -0.03832471526136870671, -0.09252404735808342218, -0.05624999999999999445 ) ) ;
#1117 = CARTESIAN_POINT ( 'NONE',  ( 0.09252404735808340830, -1.699639176618524612E-17, -0.04062499999999999445 ) ) ;
#1118 = CARTESIAN_POINT ( 'NONE',  ( 0.03832471526136867201, -0.09252404735808343605, 0.04375000000000003192 ) ) ;
#1119 = B_SPLINE_CURVE_WITH_KNOTS ( 'NONE', 3,
 ( #1755, #1944, #1935, #1746, #821, #1427, #783, #668, #812, #1924 ),
 .UNSPECIFIED., .F., .F.,
 ( 4, 2, 2, 2, 4 ),
 ( 0.002393803245617681912, 0.003018083091257246081, 0.003642362936896810684, 0.004266642782536374419, 0.004890922628175939021 ),
 .UNSPECIFIED. ) ;
#1120 = VECTOR ( 'NONE', #466, 39.37007874015748143 ) ;
#1121 = CARTESIAN_POINT ( 'NONE',  ( -0.03047646291684076927, -0.1065319736916808258, -0.09491729688493807937 ) ) ;
#1122 = CARTESIAN_POINT ( 'NONE',  ( -0.06542438130972604016, 0.06542438130972605403, -0.02812499999999999029 ) ) ;
#1123 = CARTESIAN_POINT ( 'NONE',  ( 0.1250000000000000000, -0.05177669529663698339, 0.02500000000000003955 ) ) ;
#1124 = CARTESIAN_POINT ( 'NONE',  ( -0.06542438130972604016, 0.06542438130972605403, -0.07187499999999999445 ) ) ;
#1125 = CARTESIAN_POINT ( 'NONE',  ( 0.09252404735808338054, 0.03832471526136870671, -0.03749999999999999167 ) ) ;
#1126 = CARTESIAN_POINT ( 'NONE',  ( -0.06542438130972605403, -0.06542438130972604016, -0.01562499999999998786 ) ) ;
#1127 = EDGE_CURVE ( 'NONE', #283, #1810, #642, .T. ) ;
#1128 = VERTEX_POINT ( 'NONE', #130 ) ;
#1129 = CARTESIAN_POINT ( 'NONE',  ( 0.000000000000000000, 0.09252404735808340830, -0.08437500000000000555 ) ) ;
#1130 = CARTESIAN_POINT ( 'NONE',  ( 0.1250000000000000555, -2.296212748401288034E-17, -0.06562500000000000278 ) ) ;
#1131 = CARTESIAN_POINT ( 'NONE',  ( 0.2187499999999990008, -0.1262953713852298931, 0.08983703805189809100 ) ) ;
#1132 = CARTESIAN_POINT ( 'NONE',  ( -0.09252404735808340830, 5.665463922061749222E-18, -0.01562499999999998786 ) ) ;
#1133 = CARTESIAN_POINT ( 'NONE',  ( 0.06542438130972604016, -0.06542438130972606791, 0.05312500000000001249 ) ) ;
#1134 = CARTESIAN_POINT ( 'NONE',  ( 0.09252404735808340830, 0.03832471526136870671, -0.04374999999999999722 ) ) ;
#1135 = AXIS2_PLACEMENT_3D ( 'NONE', #70, #700, #1683 ) ;
#1136 = ORIENTED_EDGE ( 'NONE', *, *, #431, .F. ) ;
#1137 = CARTESIAN_POINT ( 'NONE',  ( 0.05177669529663699033, 0.1250000000000000278, -0.006249999999999985602 ) ) ;
#1138 = CARTESIAN_POINT ( 'NONE',  ( -6.731080264487065347E-16, -0.2525907427704604524, 0.08983703805189785507 ) ) ;
#1139 = CARTESIAN_POINT ( 'NONE',  ( -0.05177669529663692094, -0.1250000000000000555, -0.1312500000000000056 ) ) ;
#1140 = LINE ( 'NONE', #1448, #880 ) ;
#1141 = CARTESIAN_POINT ( 'NONE',  ( 0.000000000000000000, 0.000000000000000000, 0.1093750000000000000 ) ) ;
#1142 = ORIENTED_EDGE ( 'NONE', *, *, #9, .T. ) ;
#1143 = CARTESIAN_POINT ( 'NONE',  ( 0.2187499999999990563, -0.08470703975921223261, 0.1007414642477072325 ) ) ;
#1144 = EDGE_CURVE ( 'NONE', #1204, #223, #1520, .T. ) ;
#1145 = CARTESIAN_POINT ( 'NONE',  ( 0.2187499999999990008, 0.1262953713852315307, 0.1093750000000000000 ) ) ;
#1146 = CARTESIAN_POINT ( 'NONE',  ( 0.09252404735808340830, -0.03832471526136874140, 0.05000000000000002359 ) ) ;
#1147 = CARTESIAN_POINT ( 'NONE',  ( -0.05431570440134120270, 0.07490329495360660561, 0.07689904735807338854 ) ) ;
#1148 = CARTESIAN_POINT ( 'NONE',  ( 0.09252404735808340830, -1.699639176618524612E-17, 0.003125000000000017954 ) ) ;
#1149 = ORIENTED_EDGE ( 'NONE', *, *, #1003, .F. ) ;
#1150 = CONICAL_SURFACE ( 'NONE', #774, 0.2187499999999999445, 1.047197551196600074 ) ;
#1151 = CARTESIAN_POINT ( 'NONE',  ( 0.000000000000000000, 0.000000000000000000, 0.1093750000000000000 ) ) ;
#1152 = CARTESIAN_POINT ( 'NONE',  ( 0.07210642679924761378, -0.2109600778476123650, 0.1093750000000007216 ) ) ;
#1153 = AXIS2_PLACEMENT_3D ( 'NONE', #54, #527, #1486 ) ;
#1154 = CARTESIAN_POINT ( 'NONE',  ( 0.1250000000000000278, 0.05177669529663693482, -0.1125000000000000028 ) ) ;
#1155 = EDGE_CURVE ( 'NONE', #683, #1810, #1222, .T. ) ;
#1156 = CARTESIAN_POINT ( 'NONE',  ( 0.2187499999999990008, 0.000000000000000000, 0.1093750000000000000 ) ) ;
#1157 = CARTESIAN_POINT ( 'NONE',  ( -0.01784762896131430673, -0.2422864093852495626, -0.09578624770568218427 ) ) ;
#1158 = CARTESIAN_POINT ( 'NONE',  ( 0.09252404735808340830, 0.03832471526136870671, -0.08749999999999999445 ) ) ;
#1159 = ORIENTED_EDGE ( 'NONE', *, *, #1544, .T. ) ;
#1160 = CARTESIAN_POINT ( 'NONE',  ( 0.09252404735808340830, -0.03832471526136874140, -0.1000000000000000194 ) ) ;
#1161 = FACE_OUTER_BOUND ( 'NONE', #1640, .T. ) ;
#1162 =( BOUNDED_CURVE ( )  B_SPLINE_CURVE ( 2, ( #889, #93, #1079, #1854, #225, #1038, #265 ),
 .UNSPECIFIED., .F., .F. ) 
 B_SPLINE_CURVE_WITH_KNOTS ( ( 3, 2, 2, 3 ),
 ( 0.6666666666666666297, 0.6875000000000000000, 0.7083333333333333703, 0.7291666666666666297 ),
 .UNSPECIFIED. ) 
 CURVE ( )  GEOMETRIC_REPRESENTATION_ITEM ( )  RATIONAL_B_SPLINE_CURVE ( ( 1.000000000000000000, 0.9238795325112867385, 1.000000000000000000, 0.9238795325112867385, 1.000000000000000000, 0.9238795325112867385, 1.000000000000000000 ) ) 
 REPRESENTATION_ITEM ( '' )  );
#1163 = EDGE_LOOP ( 'NONE', ( #260, #1136, #1912, #690 ) ) ;
#1164 = CARTESIAN_POINT ( 'NONE',  ( -0.1250000000000000555, 7.654042494670960626E-18, 0.009375000000000003123 ) ) ;
#1165 = CARTESIAN_POINT ( 'NONE',  ( 0.000000000000000000, 0.09252404735808340830, 0.06562500000000001665 ) ) ;
#1166 = CARTESIAN_POINT ( 'NONE',  ( 0.1087249459384023176, -0.008100683673546459074, 0.09316923159759474271 ) ) ;
#1167 = CARTESIAN_POINT ( 'NONE',  ( -0.03832471526136870671, -0.09252404735808342218, 0.09375000000000001388 ) ) ;
#1168 = ORIENTED_EDGE ( 'NONE', *, *, #832, .F. ) ;
#1169 = CARTESIAN_POINT ( 'NONE',  ( 0.03832471526136875528, 0.09252404735808340830, 0.1125000000000000167 ) ) ;
#1170 =( CONVERSION_BASED_UNIT ( 'INCH', #355 ) LENGTH_UNIT ( ) NAMED_UNIT ( #28 ) );
#1171 = CARTESIAN_POINT ( 'NONE',  ( 0.000000000000000000, 0.000000000000000000, 0.1093750000000000000 ) ) ;
#1172 = AXIS2_PLACEMENT_3D ( 'NONE', #1966, #1177, #1812 ) ;
#1173 = DIRECTION ( 'NONE',  ( 1.000000000000000000, 0.000000000000000000, 0.000000000000000000 ) ) ;
#1174 = CARTESIAN_POINT ( 'NONE',  ( 0.09076875296028701079, 0.2001853788148331703, 0.1089131945147577690 ) ) ;
#1175 = CARTESIAN_POINT ( 'NONE',  ( 0.1093396333239794599, -0.0008983116391277232377, 0.09348299005225833846 ) ) ;
#1176 = CARTESIAN_POINT ( 'NONE',  ( 0.000000000000000000, 0.1250000000000000278, 0.09062500000000003886 ) ) ;
#1177 = DIRECTION ( 'NONE',  ( 0.000000000000000000, 0.000000000000000000, 1.000000000000000000 ) ) ;
#1178 = DIRECTION ( 'NONE',  ( 0.000000000000000000, 1.390669193306910607E-16, 1.000000000000000000 ) ) ;
#1179 = ADVANCED_FACE ( 'NONE', ( #1698 ), #170, .T. ) ;
#1180 = ORIENTED_EDGE ( 'NONE', *, *, #1893, .T. ) ;
#1181 = CARTESIAN_POINT ( 'NONE',  ( -0.09252404735808342218, 0.03832471526136869977, -0.06874999999999999167 ) ) ;
#1182 = CARTESIAN_POINT ( 'NONE',  ( -0.06776019529980127631, 0.06416629376859146749, -0.07689904735808342218 ) ) ;
#1183 = DIRECTION ( 'NONE',  ( 0.000000000000000000, 0.000000000000000000, -1.000000000000000000 ) ) ;
#1184 = CARTESIAN_POINT ( 'NONE',  ( 0.06542438130972604016, -0.06542438130972606791, 0.09687500000000003053 ) ) ;
#1185 = AXIS2_PLACEMENT_3D ( 'NONE', #1087, #918, #752 ) ;
#1186 = ORIENTED_EDGE ( 'NONE', *, *, #464, .T. ) ;
#1187 = CIRCLE ( 'NONE', #739, 0.2187499999999999167 ) ;
#1188 = CARTESIAN_POINT ( 'NONE',  ( -0.1186573160682367900, 0.1840839093971464169, 0.1093750000000000694 ) ) ;
#1189 = CARTESIAN_POINT ( 'NONE',  ( 0.03501617745129940312, 0.1103327778600568104, 0.09991236983558593465 ) ) ;
#1190 = CARTESIAN_POINT ( 'NONE',  ( -0.08838834764831846047, 0.08838834764831846047, 0.09687500000000004441 ) ) ;
#1191 = LINE ( 'NONE', #1680, #194 ) ;
#1192 = EDGE_CURVE ( 'NONE', #465, #1865, #894, .T. ) ;
#1193 = VERTEX_POINT ( 'NONE', #1404 ) ;
#1194 = DIRECTION ( 'NONE',  ( -1.000000000000000000, 0.000000000000000000, 0.000000000000000000 ) ) ;
#1195 = CARTESIAN_POINT ( 'NONE',  ( -0.1093749999999997224, -0.1894430570778458667, 0.1093750000000000000 ) ) ;
#1196 = ORIENTED_EDGE ( 'NONE', *, *, #1072, .F. ) ;
#1197 = CARTESIAN_POINT ( 'NONE',  ( -0.05177669529663690012, 0.1250000000000000278, -0.05624999999999996669 ) ) ;
#1198 = B_SPLINE_CURVE_WITH_KNOTS ( 'NONE', 3,
 ( #143, #1389, #447, #1409, #268, #419 ),
 .UNSPECIFIED., .F., .F.,
 ( 4, 2, 4 ),
 ( 0.005861535246744140060, 0.007484841024004661864, 0.009108146801265183667 ),
 .UNSPECIFIED. ) ;
#1199 = CARTESIAN_POINT ( 'NONE',  ( 0.06542438130972604016, -0.06542438130972606791, 0.1031250000000000222 ) ) ;
#1200 = ORIENTED_EDGE ( 'NONE', *, *, #178, .F. ) ;
#1201 = CARTESIAN_POINT ( 'NONE',  ( 0.2009023710386853290, -0.1365997047704409773, 0.09578624770568251734 ) ) ;
#1202 = CARTESIAN_POINT ( 'NONE',  ( 0.1250000000000000555, -2.296212748401288034E-17, 0.03437500000000000971 ) ) ;
#1203 = DIRECTION ( 'NONE',  ( 0.5000000000000009992, -0.8660254037844380415, 0.000000000000000000 ) ) ;
#1204 = VERTEX_POINT ( 'NONE', #612 ) ;
#1205 = AXIS2_PLACEMENT_3D ( 'NONE', #1231, #2028, #1560 ) ;
#1206 = CARTESIAN_POINT ( 'NONE',  ( 0.03541545533855276068, -0.09696808010736424066, 0.08736275320455852422 ) ) ;
#1207 = CARTESIAN_POINT ( 'NONE',  ( -0.06542438130972605403, -0.06542438130972604016, 0.04062500000000000833 ) ) ;
#1208 = ORIENTED_EDGE ( 'NONE', *, *, #721, .F. ) ;
#1209 = CARTESIAN_POINT ( 'NONE',  ( 0.09252404735808340830, -0.03832471526136874140, 0.1000000000000000194 ) ) ;
#1210 = ADVANCED_FACE ( 'NONE', ( #1677 ), #1257, .F. ) ;
#1211 = CARTESIAN_POINT ( 'NONE',  ( -0.1250000000000000555, 7.654042494670960626E-18, 0.1093750000000000278 ) ) ;
#1212 = CARTESIAN_POINT ( 'NONE',  ( -0.1067277599861456844, -0.05312020099499412118, 0.1033324691137536555 ) ) ;
#1213 = CARTESIAN_POINT ( 'NONE',  ( -0.09076875296028683038, -0.2001853788148326985, 0.1089131945147580743 ) ) ;
#1214 = CARTESIAN_POINT ( 'NONE',  ( -0.1250000000000000555, 7.654042494670960626E-18, -0.04062499999999999445 ) ) ;
#1215 =( BOUNDED_CURVE ( )  B_SPLINE_CURVE ( 2, ( #876, #1531, #887, #1692, #1671, #1863, #111, #1035, #411 ),
 .UNSPECIFIED., .F., .T. ) 
 B_SPLINE_CURVE_WITH_KNOTS ( ( 3, 2, 2, 2, 3 ),
 ( 0.2083333333333333426, 0.2291666666666666574, 0.2500000000000000000, 0.2708333333333333148, 0.2916666666666666852 ),
 .UNSPECIFIED. ) 
 CURVE ( )  GEOMETRIC_REPRESENTATION_ITEM ( )  RATIONAL_B_SPLINE_CURVE ( ( 1.000000000000000000, 0.9238795325112867385, 1.000000000000000000, 0.9238795325112867385, 1.000000000000000000, 0.9238795325112867385, 1.000000000000000000, 0.9238795325112867385, 1.000000000000000000 ) ) 
 REPRESENTATION_ITEM ( '' )  );
#1216 = CARTESIAN_POINT ( 'NONE',  ( 0.05177669529663686543, -0.1250000000000000555, 0.01875000000000003747 ) ) ;
#1217 = ADVANCED_FACE ( 'NONE', ( #2026, #890 ), #1855, .F. ) ;
#1218 = CARTESIAN_POINT ( 'NONE',  ( 0.1093750000000000416, -0.1894430570778458667, -0.1093750000000000000 ) ) ;
#1219 = VECTOR ( 'NONE', #1049, 39.37007874015748143 ) ;
#1220 = FACE_OUTER_BOUND ( 'NONE', #617, .T. ) ;
#1221 = DIRECTION ( 'NONE',  ( 1.000000000000000000, 8.881784197001252323E-16, 0.000000000000000000 ) ) ;
#1222 = B_SPLINE_CURVE_WITH_KNOTS ( 'NONE', 3,
 ( #575, #2017, #437, #600 ),
 .UNSPECIFIED., .F., .F.,
 ( 4, 4 ),
 ( 2.380734247433960507E-07, 0.003246110284317218174 ),
 .UNSPECIFIED. ) ;
#1223 = ORIENTED_EDGE ( 'NONE', *, *, #765, .T. ) ;
#1224 = CARTESIAN_POINT ( 'NONE',  ( -9.228272762067352653E-15, 0.09330127018922140802, -0.07767627018922142190 ) ) ;
#1225 = CARTESIAN_POINT ( 'NONE',  ( 0.08838834764831847435, 0.08838834764831844659, -0.01562499999999997051 ) ) ;
#1226 = ORIENTED_EDGE ( 'NONE', *, *, #832, .T. ) ;
#1227 = CARTESIAN_POINT ( 'NONE',  ( 0.05177669529663698339, 0.1249999999999999861, -0.01249999999999997294 ) ) ;
#1228 = CARTESIAN_POINT ( 'NONE',  ( -0.2187499999999997780, -0.08470703975921270446, 0.1007414642477066358 ) ) ;
#1229 = LINE ( 'NONE', #1558, #513 ) ;
#1230 = ORIENTED_EDGE ( 'NONE', *, *, #1976, .F. ) ;
#1231 = CARTESIAN_POINT ( 'NONE',  ( 0.000000000000000000, 0.000000000000000000, 0.1093750000000000000 ) ) ;
#1232 = CARTESIAN_POINT ( 'NONE',  ( 0.09252404735808340830, -1.699639176618524612E-17, -0.04062499999999999445 ) ) ;
#1233 = CARTESIAN_POINT ( 'NONE',  ( 0.000000000000000000, -0.1125000000000000583, -0.09687500000000003053 ) ) ;
#1234 = CARTESIAN_POINT ( 'NONE',  ( 0.08838834764831846047, -0.08838834764831850210, -0.02187499999999998820 ) ) ;
#1235 = CARTESIAN_POINT ( 'NONE',  ( 0.1250000000000000278, -2.296212748401287726E-17, 0.02812500000000004233 ) ) ;
#1236 = DIRECTION ( 'NONE',  ( 0.000000000000000000, 0.000000000000000000, -1.000000000000000000 ) ) ;
#1237 = PRESENTATION_LAYER_ASSIGNMENT (  '', '', ( #1428 ) ) ;
#1238 = CARTESIAN_POINT ( 'NONE',  ( 0.08843163791240886418, 0.04467736765064538734, -0.08323160045264027529 ) ) ;
#1239 = CARTESIAN_POINT ( 'NONE',  ( 0.1250000000000000278, -2.296212748401287726E-17, -0.02187499999999997086 ) ) ;
#1240 = CARTESIAN_POINT ( 'NONE',  ( -0.06542438130972604016, 0.06542438130972605403, 0.1281250000000000444 ) ) ;
#1241 = CARTESIAN_POINT ( 'NONE',  ( -0.1165963400850896364, -0.009108313481883335144, -0.1010761677259487540 ) ) ;
#1242 = VERTEX_POINT ( 'NONE', #1896 ) ;
#1243 = CARTESIAN_POINT ( 'NONE',  ( 0.08838834764831846047, -0.08838834764831847435, 0.07187500000000003608 ) ) ;
#1244 = DIRECTION ( 'NONE',  ( -1.000000000000000000, 0.000000000000000000, 0.000000000000000000 ) ) ;
#1245 = CYLINDRICAL_SURFACE ( 'NONE', #1441, 0.1250000000000000555 ) ;
#1246 = VERTEX_POINT ( 'NONE', #1369 ) ;
#1247 = AXIS2_PLACEMENT_3D ( 'NONE', #1566, #781, #495 ) ;
#1248 = CARTESIAN_POINT ( 'NONE',  ( -0.2187499999999998057, -0.1262953713852305593, 0.1093750000000000000 ) ) ;
#1249 = ADVANCED_FACE ( 'NONE', ( #1720 ), #1867, .F. ) ;
#1250 = ORIENTED_EDGE ( 'NONE', *, *, #1771, .T. ) ;
#1251 = CARTESIAN_POINT ( 'NONE',  ( -0.09252404735808342218, -0.03832471526136867895, 0.08750000000000000833 ) ) ;
#1252 = EDGE_CURVE ( 'NONE', #978, #448, #365, .T. ) ;
#1253 = CARTESIAN_POINT ( 'NONE',  ( -0.09252404735808340830, -0.03832471526136868589, -0.06874999999999999167 ) ) ;
#1254 = VERTEX_POINT ( 'NONE', #1218 ) ;
#1255 = CARTESIAN_POINT ( 'NONE',  ( -0.05177669529663690012, 0.1250000000000000278, 0.1437500000000000444 ) ) ;
#1256 = CARTESIAN_POINT ( 'NONE',  ( 0.000000000000000000, 0.09252404735808340830, 0.01562500000000000347 ) ) ;
#1257 = CYLINDRICAL_SURFACE ( 'NONE', #271, 0.1250000000000000555 ) ;
#1258 = CARTESIAN_POINT ( 'NONE',  ( 0.08838834764831846047, -0.08838834764831850210, -0.02187499999999998820 ) ) ;
#1259 = CARTESIAN_POINT ( 'NONE',  ( 0.05177669529663699033, 0.1250000000000000278, 0.04375000000000003192 ) ) ;
#1260 = CARTESIAN_POINT ( 'NONE',  ( -0.05177669529663690012, 0.1250000000000000278, -0.05624999999999997363 ) ) ;
#1261 = CARTESIAN_POINT ( 'NONE',  ( 0.03832471526136875528, 0.09252404735808340830, -0.03124999999999999653 ) ) ;
#1262 = FILL_AREA_STYLE_COLOUR ( '', #1658 ) ;
#1263 = CARTESIAN_POINT ( 'NONE',  ( -0.05164831532808389358, 0.1116826837775253267, -0.1071848331147457756 ) ) ;
#1264 = ORIENTED_EDGE ( 'NONE', *, *, #517, .T. ) ;
#1265 = CARTESIAN_POINT ( 'NONE',  ( -0.05177669529663691400, -0.1250000000000000278, 0.1125000000000000305 ) ) ;
#1266 = FACE_OUTER_BOUND ( 'NONE', #421, .T. ) ;
#1267 = ORIENTED_EDGE ( 'NONE', *, *, #619, .F. ) ;
#1268 = CARTESIAN_POINT ( 'NONE',  ( 0.2187499999999990008, 0.1262953713852315307, 0.1093750000000000000 ) ) ;
#1269 = ORIENTED_EDGE ( 'NONE', *, *, #1576, .T. ) ;
#1270 = CARTESIAN_POINT ( 'NONE',  ( 0.03832471526136867201, -0.09252404735808343605, -0.05000000000000000971 ) ) ;
#1271 = CARTESIAN_POINT ( 'NONE',  ( -0.03832471526136870671, -0.09252404735808342218, 0.04375000000000003192 ) ) ;
#1272 = CARTESIAN_POINT ( 'NONE',  ( 0.000000000000000000, 0.000000000000000000, 0.1093750000000000000 ) ) ;
#1273 = CARTESIAN_POINT ( 'NONE',  ( -0.1012420677084949067, 0.06481378470775364664, -0.1043444379270104250 ) ) ;
#1274 = VERTEX_POINT ( 'NONE', #416 ) ;
#1275 = CARTESIAN_POINT ( 'NONE',  ( 0.05177669529663698339, 0.1249999999999999861, 0.08750000000000006384 ) ) ;
#1276 = CYLINDRICAL_SURFACE ( 'NONE', #139, 0.1250000000000000555 ) ;
#1277 = EDGE_CURVE ( 'NONE', #1585, #1005, #257, .T. ) ;
#1278 = CARTESIAN_POINT ( 'NONE',  ( 0.2187499999999989730, 0.08518403177279834648, 0.1006411452878622353 ) ) ;
#1279 = CARTESIAN_POINT ( 'NONE',  ( -0.09252404735808340830, -0.03832471526136868589, 0.03750000000000002637 ) ) ;
#1280 = CARTESIAN_POINT ( 'NONE',  ( 0.03832471526136867201, -0.09252404735808343605, -0.1062499999999999972 ) ) ;
#1281 = VECTOR ( 'NONE', #530, 39.37007874015748143 ) ;
#1282 = CARTESIAN_POINT ( 'NONE',  ( -1.133092784412349844E-17, -0.09252404735808340830, 0.04062500000000000833 ) ) ;
#1283 = DIRECTION ( 'NONE',  ( -0.000000000000000000, -0.000000000000000000, -1.000000000000000000 ) ) ;
#1284 = ORIENTED_EDGE ( 'NONE', *, *, #1508, .T. ) ;
#1285 = CARTESIAN_POINT ( 'NONE',  ( -0.08838834764831846047, 0.08838834764831846047, 0.04687500000000002776 ) ) ;
#1286 = CARTESIAN_POINT ( 'NONE',  ( -0.03832471526136870671, -0.09252404735808340830, -0.006249999999999985602 ) ) ;
#1287 = CARTESIAN_POINT ( 'NONE',  ( 0.03832471526136875528, 0.09252404735808340830, -0.08749999999999999445 ) ) ;
#1288 = CARTESIAN_POINT ( 'NONE',  ( 0.1829654146269130699, 0.1469556113832218014, -0.1017652331762853302 ) ) ;
#1289 = CARTESIAN_POINT ( 'NONE',  ( -0.06542438130972604016, 0.06542438130972605403, 0.07187500000000002220 ) ) ;
#1290 = B_SPLINE_CURVE_WITH_KNOTS ( 'NONE', 3,
 ( #886, #1182, #552, #1044, #1828, #1862, #691, #863 ),
 .UNSPECIFIED., .F., .F.,
 ( 4, 2, 2, 4 ),
 ( 0.000000000000000000, 0.0009250670060455903638, 0.001387600509068385220, 0.001850134012091180294 ),
 .UNSPECIFIED. ) ;
#1291 = CARTESIAN_POINT ( 'NONE',  ( -6.731080264487065347E-16, -0.2525907427704604524, 0.08983703805189785507 ) ) ;
#1292 = CARTESIAN_POINT ( 'NONE',  ( -0.1250000000000000555, 7.654042494670960626E-18, -0.1406250000000000000 ) ) ;
#1293 = ADVANCED_FACE ( 'NONE', ( #736 ), #511, .T. ) ;
#1294 = ORIENTED_EDGE ( 'NONE', *, *, #961, .T. ) ;
#1295 = CARTESIAN_POINT ( 'NONE',  ( 0.05177669529663687931, -0.1250000000000000555, 0.01875000000000003747 ) ) ;
#1296 = CARTESIAN_POINT ( 'NONE',  ( 0.000000000000000000, 0.09252404735808340830, -0.07812500000000000000 ) ) ;
#1297 = CARTESIAN_POINT ( 'NONE',  ( 0.09252404735808338054, -0.03832471526136874140, 0.05625000000000004302 ) ) ;
#1298 = CARTESIAN_POINT ( 'NONE',  ( -0.09252404735808342218, -0.03832471526136867895, -0.01874999999999998890 ) ) ;
#1299 = CARTESIAN_POINT ( 'NONE',  ( 0.07210642679924761378, -0.2109600778476123650, -0.1093750000000007216 ) ) ;
#1300 = VECTOR ( 'NONE', #1691, 39.37007874015748143 ) ;
#1301 = ADVANCED_FACE ( 'NONE', ( #120 ), #844, .T. ) ;
#1302 = CARTESIAN_POINT ( 'NONE',  ( 0.1250000000000000278, -0.05177669529663698339, -0.06875000000000000555 ) ) ;
#1303 = FACE_OUTER_BOUND ( 'NONE', #246, .T. ) ;
#1304 = UNCERTAINTY_MEASURE_WITH_UNIT (LENGTH_MEASURE( 1.000000000000000082E-05 ), #1170, 'distance_accuracy_value', 'NONE');
#1305 = CARTESIAN_POINT ( 'NONE',  ( 0.000000000000000000, 0.000000000000000000, 0.1093750000000000000 ) ) ;
#1306 = DIRECTION ( 'NONE',  ( 1.000000000000000000, 0.000000000000000000, 0.000000000000000000 ) ) ;
#1307 = CARTESIAN_POINT ( 'NONE',  ( -0.06542438130972605403, -0.06542438130972604016, -0.1093750000000000000 ) ) ;
#1308 = DIRECTION ( 'NONE',  ( 1.000000000000000000, 0.000000000000000000, 0.000000000000000000 ) ) ;
#1309 = CARTESIAN_POINT ( 'NONE',  ( -0.09252404735808342218, 0.03832471526136869977, -0.07499999999999998335 ) ) ;
#1310 = CARTESIAN_POINT ( 'NONE',  ( -0.08756493426526486268, -0.04058182538326583766, 0.07987933508079025913 ) ) ;
#1311 = CARTESIAN_POINT ( 'NONE',  ( 0.06542438130972606791, 0.06542438130972604016, 0.009375000000000018735 ) ) ;
#1312 = AXIS2_PLACEMENT_3D ( 'NONE', #864, #1183, #1497 ) ;
#1313 = CARTESIAN_POINT ( 'NONE',  ( 0.1250000000000000278, 0.05177669529663693482, -0.01249999999999998682 ) ) ;
#1314 = CIRCLE ( 'NONE', #1060, 0.2187499999999999445 ) ;
#1315 = CARTESIAN_POINT ( 'NONE',  ( -0.07514072596795479120, 0.09549446482455473117, 0.1048414044322333177 ) ) ;
#1316 = CARTESIAN_POINT ( 'NONE',  ( 0.03832471526136867201, -0.09252404735808343605, 0.05000000000000002359 ) ) ;
#1317 = ORIENTED_EDGE ( 'NONE', *, *, #1829, .F. ) ;
#1318 = CARTESIAN_POINT ( 'NONE',  ( -0.03832471526136870671, -0.09252404735808342218, 0.03750000000000002637 ) ) ;
#1319 = CARTESIAN_POINT ( 'NONE',  ( -0.05234965359810034302, -0.08359094459125349097, 0.08275936900912064798 ) ) ;
#1320 = CARTESIAN_POINT ( 'NONE',  ( -0.1250000000000000555, -0.05177669529663690012, -0.08749999999999999445 ) ) ;
#1321 = LINE ( 'NONE', #684, #1784 ) ;
#1322 = CARTESIAN_POINT ( 'NONE',  ( -0.03832471526136870671, -0.09252404735808342218, 0.03750000000000002637 ) ) ;
#1323 = UNCERTAINTY_MEASURE_WITH_UNIT (LENGTH_MEASURE( 1.000000000000000082E-05 ), #596, 'distance_accuracy_value', 'NONE');
#1324 = EDGE_CURVE ( 'NONE', #823, #1014, #987, .T. ) ;
#1325 = CARTESIAN_POINT ( 'NONE',  ( -0.09248154158936662539, 0.07906828342825251987, 0.1057889088015206008 ) ) ;
#1326 = CARTESIAN_POINT ( 'NONE',  ( 0.1250000000000000278, -2.296212748401287726E-17, 0.07812500000000004163 ) ) ;
#1327 = DIRECTION ( 'NONE',  ( 1.000000000000000000, 1.776356839400250465E-15, 0.000000000000000000 ) ) ;
#1328 = CARTESIAN_POINT ( 'NONE',  ( -0.1279812470397132251, 0.1787007353408589794, -0.1089131945147578523 ) ) ;
#1329 = CARTESIAN_POINT ( 'NONE',  ( 0.03832471526136875528, 0.09252404735808340830, -0.08124999999999998890 ) ) ;
#1330 = DIRECTION ( 'NONE',  ( -1.000000000000000000, 0.000000000000000000, 0.000000000000000000 ) ) ;
#1331 = CARTESIAN_POINT ( 'NONE',  ( 0.01321612950740887714, -0.1079522385656981331, -0.09293316315947333650 ) ) ;
#1332 = CARTESIAN_POINT ( 'NONE',  ( 0.08838834764831850210, 0.08838834764831846047, -0.1093750000000000139 ) ) ;
#1333 = VERTEX_POINT ( 'NONE', #475 ) ;
#1334 = EDGE_CURVE ( 'NONE', #1254, #687, #49, .T. ) ;
#1335 = CARTESIAN_POINT ( 'NONE',  ( 0.06316341736961418596, 0.2161233267491780852, 0.1058024543881950080 ) ) ;
#1336 = CARTESIAN_POINT ( 'NONE',  ( -1.239660388935646209E-17, -0.1012259526419165001, 0.08560095264191637521 ) ) ;
#1337 = EDGE_CURVE ( 'NONE', #1407, #446, #1140, .T. ) ;
#1338 = CARTESIAN_POINT ( 'NONE',  ( 0.1093749999999999445, 0.1894430570778459499, -0.1093750000000000000 ) ) ;
#1339 = CARTESIAN_POINT ( 'NONE',  ( 0.05177669529663687931, -0.1250000000000000833, 0.02500000000000002220 ) ) ;
#1340 = CARTESIAN_POINT ( 'NONE',  ( -0.1250000000000000555, -0.05177669529663690012, 0.06249999999999999306 ) ) ;
#1341 = ORIENTED_EDGE ( 'NONE', *, *, #507, .F. ) ;
#1342 = CARTESIAN_POINT ( 'NONE',  ( 0.05177669529663699033, 0.1250000000000000278, 0.04375000000000003192 ) ) ;
#1343 = CARTESIAN_POINT ( 'NONE',  ( -0.1250000000000000555, 0.05177669529663691400, -0.09374999999999998612 ) ) ;
#1344 = AXIS2_PLACEMENT_3D ( 'NONE', #1883, #1710, #745 ) ;
#1345 = FACE_OUTER_BOUND ( 'NONE', #435, .T. ) ;
#1346 = CARTESIAN_POINT ( 'NONE',  ( -0.2187499999999998057, 0.1262953713852306981, -0.08983703805189743874 ) ) ;
#1347 = CARTESIAN_POINT ( 'NONE',  ( -0.08838834764831847435, -0.08838834764831847435, 0.1093750000000000139 ) ) ;
#1348 = EDGE_LOOP ( 'NONE', ( #309, #1757, #1741, #1568 ) ) ;
#1349 = CARTESIAN_POINT ( 'NONE',  ( -0.09252404735808342218, 0.03832471526136869977, 0.1250000000000000278 ) ) ;
#1350 = ORIENTED_EDGE ( 'NONE', *, *, #881, .F. ) ;
#1351 = CARTESIAN_POINT ( 'NONE',  ( 0.08838834764831850210, 0.08838834764831846047, 0.04062500000000000833 ) ) ;
#1352 = CARTESIAN_POINT ( 'NONE',  ( 0.2187499999999990008, -0.1262953713852298931, 0.1093750000000000000 ) ) ;
#1353 = ORIENTED_EDGE ( 'NONE', *, *, #975, .T. ) ;
#1354 = CARTESIAN_POINT ( 'NONE',  ( 0.08838834764831846047, -0.08838834764831847435, -0.07812499999999997224 ) ) ;
#1355 = CARTESIAN_POINT ( 'NONE',  ( -0.1250000000000001110, 7.654042494670963708E-18, 0.1093750000000000139 ) ) ;
#1356 = CARTESIAN_POINT ( 'NONE',  ( 0.09252404735808340830, 0.03832471526136870671, 0.01250000000000001978 ) ) ;
#1357 = ORIENTED_EDGE ( 'NONE', *, *, #881, .T. ) ;
#1358 = CARTESIAN_POINT ( 'NONE',  ( 0.2187499999999990008, -0.1262953713852298931, 0.08983703805189809100 ) ) ;
#1359 = CARTESIAN_POINT ( 'NONE',  ( 0.000000000000000000, 0.1250000000000000555, 0.09687500000000003053 ) ) ;
#1360 = VERTEX_POINT ( 'NONE', #1130 ) ;
#1361 = CARTESIAN_POINT ( 'NONE',  ( -0.1250000000000000278, -0.05177669529663688625, -0.09374999999999997224 ) ) ;
#1362 = CARTESIAN_POINT ( 'NONE',  ( -0.06161394595484283310, 0.07158235075401019054, 0.07849495104129444734 ) ) ;
#1363 = EDGE_CURVE ( 'NONE', #233, #1274, #1632, .T. ) ;
#1364 = CARTESIAN_POINT ( 'NONE',  ( -0.1250000000000000278, 7.654042494670959086E-18, 0.003125000000000034868 ) ) ;
#1365 = CARTESIAN_POINT ( 'NONE',  ( 0.05177669529663687931, -0.1250000000000000833, -0.07499999999999999722 ) ) ;
#1366 = CIRCLE ( 'NONE', #2074, 0.2187499999999999445 ) ;
#1367 = CARTESIAN_POINT ( 'NONE',  ( 0.1250000000000000278, 0.05177669529663692094, -0.06874999999999997780 ) ) ;
#1368 =( BOUNDED_CURVE ( )  B_SPLINE_CURVE ( 2, ( #1960, #1667, #1800, #1339, #559, #720, #523, #1020, #68 ),
 .UNSPECIFIED., .F., .T. ) 
 B_SPLINE_CURVE_WITH_KNOTS ( ( 3, 2, 2, 2, 3 ),
 ( 0.2500000000000000000, 0.2708333333333333703, 0.2916666666666666297, 0.3125000000000000000, 0.3333333333333333703 ),
 .UNSPECIFIED. ) 
 CURVE ( )  GEOMETRIC_REPRESENTATION_ITEM ( )  RATIONAL_B_SPLINE_CURVE ( ( 1.000000000000000000, 0.9238795325112867385, 1.000000000000000000, 0.9238795325112867385, 1.000000000000000000, 0.9238795325112867385, 1.000000000000000000, 0.9238795325112867385, 1.000000000000000000 ) ) 
 REPRESENTATION_ITEM ( '' )  );
#1369 = CARTESIAN_POINT ( 'NONE',  ( -0.08838834764831847435, -0.08838834764831847435, 0.1093750000000000139 ) ) ;
#1370 = CARTESIAN_POINT ( 'NONE',  ( -0.2187499999999999445, 0.000000000000000000, -0.1093750000000000000 ) ) ;
#1371 = CARTESIAN_POINT ( 'NONE',  ( 0.2187499999999990008, 0.1262953713852315307, -0.08983703805189763303 ) ) ;
#1372 = CARTESIAN_POINT ( 'NONE',  ( 0.09252404735808340830, -1.699639176618524612E-17, -0.09062500000000001110 ) ) ;
#1373 = CARTESIAN_POINT ( 'NONE',  ( -0.08838834764831846047, -0.08838834764831846047, -0.09062499999999996947 ) ) ;
#1374 = CARTESIAN_POINT ( 'NONE',  ( -0.08838834764831846047, 0.08838834764831847435, 0.05312500000000001249 ) ) ;
#1375 = CARTESIAN_POINT ( 'NONE',  ( -0.03578458537308635418, 0.2319305027724709312, 0.1017652331762851775 ) ) ;
#1376 = B_SPLINE_CURVE_WITH_KNOTS ( 'NONE', 3,
 ( #960, #1874, #2030, #1121, #1715, #1751, #156, #585, #1553, #1413, #2068, #935, #609, #924, #597, #1241, #137, #1706, #281, #948, #1085, #775, #1273, #797, #1433, #301, #433, #1401, #1263, #1423, #272, #916, #761, #633 ),
 .UNSPECIFIED., .F., .F.,
 ( 4, 2, 2, 2, 2, 2, 2, 2, 2, 2, 2, 2, 2, 2, 2, 2, 4 ),
 ( 0.008438764627175108363, 0.009021987163078700259, 0.009605209698982293889, 0.01018843223488588579, 0.01077165477078947942, 0.01135487730669307131, 0.01193809984259666494, 0.01252132237850025684, 0.01310454491440385047, 0.01368776745030744410, 0.01427098998621103600, 0.01485421252211462963, 0.01543743505801822326, 0.01602065759392181515, 0.01660388012982540878, 0.01718710266572900242, 0.01777032520163259952 ),
 .UNSPECIFIED. ) ;
#1377 = CARTESIAN_POINT ( 'NONE',  ( -0.1250000000000000278, 7.654042494670959086E-18, -0.04687499999999997224 ) ) ;
#1378 = CARTESIAN_POINT ( 'NONE',  ( 0.000000000000000000, 0.000000000000000000, 0.1093750000000000000 ) ) ;
#1379 = CONICAL_SURFACE ( 'NONE', #371, 0.2187499999999999445, 1.047197551196600074 ) ;
#1380 = CARTESIAN_POINT ( 'NONE',  ( -0.2187499999999998612, -0.02135780749645332585, -0.1093750000000000694 ) ) ;
#1381 = LINE ( 'NONE', #931, #67 ) ;
#1382 = VERTEX_POINT ( 'NONE', #665 ) ;
#1383 = CARTESIAN_POINT ( 'NONE',  ( -0.09252404735808342218, 0.03832471526136869977, 0.08125000000000000278 ) ) ;
#1384 = DIRECTION ( 'NONE',  ( -0.000000000000000000, -0.000000000000000000, -1.000000000000000000 ) ) ;
#1385 = CARTESIAN_POINT ( 'NONE',  ( 0.1250000000000000278, -2.296212748401287726E-17, 0.1281250000000000444 ) ) ;
#1386 = DIRECTION ( 'NONE',  ( 1.000000000000000000, 0.000000000000000000, -0.000000000000000000 ) ) ;
#1387 = CARTESIAN_POINT ( 'NONE',  ( -0.2187499999999999445, 0.000000000000000000, -0.1093750000000000000 ) ) ;
#1388 = EDGE_CURVE ( 'NONE', #1128, #2064, #216, .T. ) ;
#1389 = CARTESIAN_POINT ( 'NONE',  ( 0.2187499999999990008, -0.1057386596506548065, -0.09577124957870390698 ) ) ;
#1390 = CARTESIAN_POINT ( 'NONE',  ( 0.000000000000000000, 0.09252404735808340830, 0.1218750000000000250 ) ) ;
#1391 = CARTESIAN_POINT ( 'NONE',  ( -0.09252404735808340830, 0.03001605793259559674, -0.07432251149224876341 ) ) ;
#1392 = ORIENTED_EDGE ( 'NONE', *, *, #905, .F. ) ;
#1393 = CARTESIAN_POINT ( 'NONE',  ( -0.2187499999999998057, 0.08518403177279776362, 0.1006411452878619439 ) ) ;
#1394 = AXIS2_PLACEMENT_3D ( 'NONE', #407, #395, #79 ) ;
#1395 = CARTESIAN_POINT ( 'NONE',  ( 0.000000000000000000, 0.000000000000000000, 0.1093750000000000000 ) ) ;
#1396 = CARTESIAN_POINT ( 'NONE',  ( 0.08838834764831850210, 0.08838834764831846047, 0.04062500000000000833 ) ) ;
#1397 = ORIENTED_EDGE ( 'NONE', *, *, #285, .T. ) ;
#1398 = CARTESIAN_POINT ( 'NONE',  ( -0.08838834764831847435, -0.08838834764831846047, 0.06562500000000001665 ) ) ;
#1399 = ADVANCED_FACE ( 'NONE', ( #655 ), #1150, .T. ) ;
#1400 = CARTESIAN_POINT ( 'NONE',  ( -0.06542438130972604016, 0.06542438130972605403, -0.1281249999999999889 ) ) ;
#1401 = CARTESIAN_POINT ( 'NONE',  ( -0.05846220935041992334, 0.1079005144926836052, -0.1068570043912936973 ) ) ;
#1402 = CARTESIAN_POINT ( 'NONE',  ( 0.000000000000000000, 0.1250000000000000278, 0.1406250000000000555 ) ) ;
#1403 = CARTESIAN_POINT ( 'NONE',  ( 0.09252404735808340830, -0.03832471526136874140, 1.707404996040164512E-17 ) ) ;
#1404 = CARTESIAN_POINT ( 'NONE',  ( -0.1250000000000000555, 7.654042494670960626E-18, 0.009375000000000003123 ) ) ;
#1405 = CARTESIAN_POINT ( 'NONE',  ( 0.09656507821867559016, 0.02642440602031081998, -0.08427089006020968553 ) ) ;
#1406 = CARTESIAN_POINT ( 'NONE',  ( 0.000000000000000000, 0.1250000000000000555, -0.003125000000000000607 ) ) ;
#1407 = VERTEX_POINT ( 'NONE', #643 ) ;
#1408 = CONICAL_SURFACE ( 'NONE', #441, 0.2187499999999999445, 1.047197551196600074 ) ;
#1409 = CARTESIAN_POINT ( 'NONE',  ( 0.2187499999999989730, -0.04256153443578057638, -0.1075381069437056497 ) ) ;
#1410 = AXIS2_PLACEMENT_3D ( 'NONE', #1171, #1804, #1734 ) ;
#1411 = CARTESIAN_POINT ( 'NONE',  ( 0.06542438130972604016, -0.06542438130972606791, 0.05312500000000001249 ) ) ;
#1412 = FACE_OUTER_BOUND ( 'NONE', #1561, .T. ) ;
#1413 = CARTESIAN_POINT ( 'NONE',  ( -0.08878218677058632990, -0.07134434802623371152, -0.09801510032574789477 ) ) ;
#1414 = ORIENTED_EDGE ( 'NONE', *, *, #396, .T. ) ;
#1415 = CARTESIAN_POINT ( 'NONE',  ( -0.09252404735808340830, 5.665463922061749222E-18, -0.1156249999999999917 ) ) ;
#1416 = CARTESIAN_POINT ( 'NONE',  ( 0.1093750000000000416, -0.1894430570778458667, -0.1093750000000000000 ) ) ;
#1417 =( BOUNDED_CURVE ( )  B_SPLINE_CURVE ( 2, ( #1887, #1108, #591, #912, #1736, #1260, #123, #2019, #1870 ),
 .UNSPECIFIED., .F., .F. ) 
 B_SPLINE_CURVE_WITH_KNOTS ( ( 3, 2, 2, 2, 3 ),
 ( 0.1250000000000000000, 0.1458333333333333426, 0.1666666666666666574, 0.1875000000000000000, 0.2083333333333333426 ),
 .UNSPECIFIED. ) 
 CURVE ( )  GEOMETRIC_REPRESENTATION_ITEM ( )  RATIONAL_B_SPLINE_CURVE ( ( 1.000000000000000000, 0.9238795325112867385, 1.000000000000000000, 0.9238795325112867385, 1.000000000000000000, 0.9238795325112867385, 1.000000000000000000, 0.9238795325112867385, 1.000000000000000000 ) ) 
 REPRESENTATION_ITEM ( '' )  );
#1418 = CARTESIAN_POINT ( 'NONE',  ( -0.1000926839317632933, -0.1948022047585453165, -0.1093750000000002498 ) ) ;
#1419 = ADVANCED_FACE ( 'NONE', ( #1266 ), #1276, .F. ) ;
#1420 = CARTESIAN_POINT ( 'NONE',  ( 0.000000000000000000, 0.09252404735808340830, 0.07187500000000002220 ) ) ;
#1421 = CARTESIAN_POINT ( 'NONE',  ( 0.03832471526136867201, -0.09252404735808343605, 1.707404996040164512E-17 ) ) ;
#1422 = FACE_OUTER_BOUND ( 'NONE', #480, .T. ) ;
#1423 = CARTESIAN_POINT ( 'NONE',  ( -0.03764766142731305887, 0.1178190298372648187, -0.1078268326329410859 ) ) ;
#1424 = EDGE_CURVE ( 'NONE', #991, #594, #1792, .T. ) ;
#1425 = CARTESIAN_POINT ( 'NONE',  ( -0.09252404735808342218, -0.03832471526136867895, -0.1125000000000000028 ) ) ;
#1426 = CARTESIAN_POINT ( 'NONE',  ( 0.06137644722605140740, 0.1038006991349159636, -0.1047193848199881594 ) ) ;
#1427 = CARTESIAN_POINT ( 'NONE',  ( -0.05083093535143753255, 0.08669217864386136174, -0.08455732571354634963 ) ) ;
#1428 = STYLED_ITEM ( 'NONE', ( #578 ), #1858 ) ;
#1429 = CARTESIAN_POINT ( 'NONE',  ( 0.09252404735808340830, -0.03832471526136874140, -0.04374999999999999722 ) ) ;
#1430 = ORIENTED_EDGE ( 'NONE', *, *, #1761, .F. ) ;
#1431 = CARTESIAN_POINT ( 'NONE',  ( -0.06542438130972605403, -0.06542438130972604016, -0.009374999999999985775 ) ) ;
#1432 = CARTESIAN_POINT ( 'NONE',  ( 0.03832471526136867201, -0.09252404735808343605, -0.006249999999999986469 ) ) ;
#1433 = CARTESIAN_POINT ( 'NONE',  ( -0.08780329831131417073, 0.08348487481825470069, -0.1052892955559883853 ) ) ;
#1434 = CARTESIAN_POINT ( 'NONE',  ( -0.09252404735808340830, 5.665463922061749222E-18, -0.07187499999999999445 ) ) ;
#1435 = CARTESIAN_POINT ( 'NONE',  ( -0.004870197735066657437, 0.09305160580023018324, -0.07742660580023062733 ) ) ;
#1436 = CARTESIAN_POINT ( 'NONE',  ( 0.2187499999999990008, 0.1262953713852315307, 0.08983703805189763303 ) ) ;
#1437 = CONICAL_SURFACE ( 'NONE', #947, 0.2187499999999999445, 1.047197551196600074 ) ;
#1438 = ORIENTED_EDGE ( 'NONE', *, *, #953, .F. ) ;
#1439 = CARTESIAN_POINT ( 'NONE',  ( 0.000000000000000000, 0.09252404735808340830, -0.02812499999999999029 ) ) ;
#1440 = CARTESIAN_POINT ( 'NONE',  ( 0.000000000000000000, 0.09252404735808340830, 0.01562500000000000347 ) ) ;
#1441 = AXIS2_PLACEMENT_3D ( 'NONE', #131, #1107, #277 ) ;
#1442 = CARTESIAN_POINT ( 'NONE',  ( -0.09252404735808340830, -0.03832471526136868589, 0.03125000000000002776 ) ) ;
#1443 = ORIENTED_EDGE ( 'NONE', *, *, #374, .F. ) ;
#1444 = B_SPLINE_CURVE_WITH_KNOTS ( 'NONE', 3,
 ( #1195, #2002, #1213, #255, #1830, #1045, #897, #102 ),
 .UNSPECIFIED., .F., .F.,
 ( 4, 2, 2, 4 ),
 ( 0.003246110284317209934, 0.004054545091207037259, 0.004862979898096865018, 0.006479849511876521403 ),
 .UNSPECIFIED. ) ;
#1445 = CARTESIAN_POINT ( 'NONE',  ( -0.08838834764831846047, 0.08838834764831846047, -0.1031249999999999806 ) ) ;
#1446 = CYLINDRICAL_SURFACE ( 'NONE', #1410, 0.1250000000000000555 ) ;
#1447 = CARTESIAN_POINT ( 'NONE',  ( -0.06542438130972605403, -0.06542438130972604016, -0.06562499999999998890 ) ) ;
#1448 = CARTESIAN_POINT ( 'NONE',  ( 0.000000000000000000, -0.1125000000000000583, 0.09687500000000003053 ) ) ;
#1449 = CARTESIAN_POINT ( 'NONE',  ( 0.2187499999999990008, 0.000000000000000000, 0.1093750000000000000 ) ) ;
#1450 = ADVANCED_FACE ( 'NONE', ( #169 ), #848, .F. ) ;
#1451 = CARTESIAN_POINT ( 'NONE',  ( 0.06542438130972606791, 0.06542438130972604016, -0.08437500000000000555 ) ) ;
#1452 = CARTESIAN_POINT ( 'NONE',  ( 0.06542438130972606791, 0.06542438130972604016, -0.03437499999999998890 ) ) ;
#1453 = CARTESIAN_POINT ( 'NONE',  ( 0.06542438130972604016, -0.06542438130972606791, -0.003124999999999983694 ) ) ;
#1454 = CARTESIAN_POINT ( 'NONE',  ( -0.006978147789262940243, -0.1008962322151972790, 0.08527123221519725127 ) ) ;
#1455 = CARTESIAN_POINT ( 'NONE',  ( -0.1250000000000000555, 0.05177669529663691400, 0.006250000000000018562 ) ) ;
#1456 = CARTESIAN_POINT ( 'NONE',  ( 0.06542438130972606791, 0.06542438130972604016, 0.1093750000000000278 ) ) ;
#1457 = CARTESIAN_POINT ( 'NONE',  ( 0.1555865826303851895, -0.1627627874065131486, -0.1058024543881957991 ) ) ;
#1458 = DIRECTION ( 'NONE',  ( 0.000000000000000000, 0.000000000000000000, 1.000000000000000000 ) ) ;
#1459 = EDGE_CURVE ( 'NONE', #1635, #1254, #1569, .T. ) ;
#1460 = CARTESIAN_POINT ( 'NONE',  ( -0.07232406915470787623, -0.2108344219751011606, -0.1071260629049985980 ) ) ;
#1461 = CARTESIAN_POINT ( 'NONE',  ( -1.133092784412349844E-17, -0.09252404735808340830, -0.003124999999999983694 ) ) ;
#1462 = ORIENTED_EDGE ( 'NONE', *, *, #970, .T. ) ;
#1463 = CARTESIAN_POINT ( 'NONE',  ( 0.000000000000000000, 0.000000000000000000, 0.1093750000000000000 ) ) ;
#1464 = CARTESIAN_POINT ( 'NONE',  ( 0.000000000000000000, 0.09252404735808340830, 0.06562500000000001665 ) ) ;
#1466 = EDGE_CURVE ( 'NONE', #486, #777, #1027, .T. ) ;
#1465 = CARTESIAN_POINT ( 'NONE',  ( -0.09252404735808340830, 5.665463922061749222E-18, -0.1218749999999999972 ) ) ;
#1467 = CARTESIAN_POINT ( 'NONE',  ( -0.06542438130972604016, 0.06542438130972605403, 0.02187500000000000555 ) ) ;
#1468 = CARTESIAN_POINT ( 'NONE',  ( 0.1093750000000000833, 0.1894430570778461720, 0.1093750000000000000 ) ) ;
#1469 = CARTESIAN_POINT ( 'NONE',  ( -0.1250000000000000555, 0.000000000000000000, 0.1093750000000000000 ) ) ;
#1470 = CARTESIAN_POINT ( 'NONE',  ( 0.09252404735808340830, 0.03832471526136870671, 0.06250000000000002776 ) ) ;
#1471 = ORIENTED_EDGE ( 'NONE', *, *, #1508, .F. ) ;
#1472 = CARTESIAN_POINT ( 'NONE',  ( 0.09252404735808340830, -1.699639176618524612E-17, -0.09687500000000000278 ) ) ;
#1473 = CARTESIAN_POINT ( 'NONE',  ( -0.08206217525247795630, 0.04316550531041381950, 0.07689904735808346381 ) ) ;
#1474 = DIRECTION ( 'NONE',  ( 0.000000000000000000, 0.000000000000000000, 1.000000000000000000 ) ) ;
#1475 =( NAMED_UNIT ( * ) PLANE_ANGLE_UNIT ( ) SI_UNIT ( $, .RADIAN. ) );
#1476 = CARTESIAN_POINT ( 'NONE',  ( -1.336709758935160384E-17, -0.1091506350946109538, -0.09352563509461092606 ) ) ;
#1477 = CARTESIAN_POINT ( 'NONE',  ( 0.08838834764831846047, -0.08838834764831850210, -0.1218749999999999972 ) ) ;
#1478 = DIRECTION ( 'NONE',  ( 0.000000000000000000, 0.000000000000000000, 1.000000000000000000 ) ) ;
#1479 = CARTESIAN_POINT ( 'NONE',  ( -0.03918213236434276575, 0.1123922931564697303, 0.1031355818109301464 ) ) ;
#1480 = B_SPLINE_CURVE_WITH_KNOTS ( 'NONE', 3,
 ( #992, #1582, #163, #1278, #22, #1436 ),
 .UNSPECIFIED., .F., .F.,
 ( 4, 2, 4 ),
 ( 0.009108146801265183667, 0.01073257823077396721, 0.01235700966028275075 ),
 .UNSPECIFIED. ) ;
#1481 = CARTESIAN_POINT ( 'NONE',  ( -0.03832471526136868589, 0.09252404735808342218, 0.1250000000000000278 ) ) ;
#1482 = DIRECTION ( 'NONE',  ( 1.000000000000000000, 0.000000000000000000, 0.000000000000000000 ) ) ;
#1483 = CARTESIAN_POINT ( 'NONE',  ( -0.02743159205476470089, -0.09625024059878181659, 0.08421680733408500041 ) ) ;
#1484 = ORIENTED_EDGE ( 'NONE', *, *, #1334, .T. ) ;
#1485 =( BOUNDED_CURVE ( )  B_SPLINE_CURVE ( 2, ( #1164, #1455, #1629, #491, #1952, #1137, #1770, #1313, #332 ),
 .UNSPECIFIED., .F., .F. ) 
 B_SPLINE_CURVE_WITH_KNOTS ( ( 3, 2, 2, 2, 3 ),
 ( 0.3333333333333333703, 0.3541666666666666297, 0.3750000000000000000, 0.3958333333333333148, 0.4166666666666666852 ),
 .UNSPECIFIED. ) 
 CURVE ( )  GEOMETRIC_REPRESENTATION_ITEM ( )  RATIONAL_B_SPLINE_CURVE ( ( 1.000000000000000000, 0.9238795325112867385, 1.000000000000000000, 0.9238795325112867385, 1.000000000000000000, 0.9238795325112867385, 1.000000000000000000, 0.9238795325112867385, 1.000000000000000000 ) ) 
 REPRESENTATION_ITEM ( '' )  );
#1486 = DIRECTION ( 'NONE',  ( 0.000000000000000000, -1.000000000000000000, -1.517693329813478826E-16 ) ) ;
#1487 = CARTESIAN_POINT ( 'NONE',  ( -0.06542438130972605403, -0.06542438130972604016, 0.03437500000000000971 ) ) ;
#1488 = ORIENTED_EDGE ( 'NONE', *, *, #1705, .F. ) ;
#1489 = DIRECTION ( 'NONE',  ( 0.000000000000000000, 0.000000000000000000, 1.000000000000000000 ) ) ;
#1490 = CARTESIAN_POINT ( 'NONE',  ( 0.07232406915470791786, 0.2108344219751018545, 0.1071260629049982926 ) ) ;
#1491 = CARTESIAN_POINT ( 'NONE',  ( -0.09137163070204215587, 0.01455762488768317167, 0.07689904735808344993 ) ) ;
#1492 = CARTESIAN_POINT ( 'NONE',  ( -0.09252404735808342218, 0.03832471526136869977, 0.08125000000000000278 ) ) ;
#1493 = CARTESIAN_POINT ( 'NONE',  ( -0.03832471526136870671, -0.09252404735808342218, 0.08750000000000000833 ) ) ;
#1494 = CARTESIAN_POINT ( 'NONE',  ( -0.05177669529663690706, 0.1250000000000000555, 0.05000000000000000971 ) ) ;
#1495 = AXIS2_PLACEMENT_3D ( 'NONE', #1248, #108, #1083 ) ;
#1496 = LINE ( 'NONE', #1075, #1300 ) ;
#1497 = DIRECTION ( 'NONE',  ( 1.000000000000000000, 0.000000000000000000, 0.000000000000000000 ) ) ;
#1498 = CARTESIAN_POINT ( 'NONE',  ( -0.1250000000000000555, 0.05177669529663691400, -0.1437500000000000444 ) ) ;
#1499 = ORIENTED_EDGE ( 'NONE', *, *, #1726, .F. ) ;
#1500 =( BOUNDED_CURVE ( )  B_SPLINE_CURVE ( 2, ( #816, #1302, #1608, #1786, #841, #345, #177, #1320, #526 ),
 .UNSPECIFIED., .F., .F. ) 
 B_SPLINE_CURVE_WITH_KNOTS ( ( 3, 2, 2, 2, 3 ),
 ( 0.5833333333333332593, 0.6041666666666667407, 0.6250000000000000000, 0.6458333333333333703, 0.6666666666666666297 ),
 .UNSPECIFIED. ) 
 CURVE ( )  GEOMETRIC_REPRESENTATION_ITEM ( )  RATIONAL_B_SPLINE_CURVE ( ( 1.000000000000000000, 0.9238795325112867385, 1.000000000000000000, 0.9238795325112867385, 1.000000000000000000, 0.9238795325112867385, 1.000000000000000000, 0.9238795325112867385, 1.000000000000000000 ) ) 
 REPRESENTATION_ITEM ( '' )  );
#1501 = CARTESIAN_POINT ( 'NONE',  ( -0.2187499999999998057, 0.1262953713852306981, 0.08983703805189743874 ) ) ;
#1502 = CARTESIAN_POINT ( 'NONE',  ( 0.1829654146269130699, 0.1469556113832218014, 0.1017652331762853302 ) ) ;
#1503 = CARTESIAN_POINT ( 'NONE',  ( 0.09252404735808340830, -0.03832471526136874140, 0.05625000000000004302 ) ) ;
#1504 = ORIENTED_EDGE ( 'NONE', *, *, #922, .T. ) ;
#1505 = CARTESIAN_POINT ( 'NONE',  ( 0.1250000000000000278, -0.05177669529663698339, 0.03125000000000002776 ) ) ;
#1506 = CARTESIAN_POINT ( 'NONE',  ( -0.1250000000000000555, 7.654042494670960626E-18, 0.05937500000000001804 ) ) ;
#1507 = DIRECTION ( 'NONE',  ( 0.8660254037844380415, 0.5000000000000009992, 0.000000000000000000 ) ) ;
#1508 = EDGE_CURVE ( 'NONE', #1984, #1193, #1368, .T. ) ;
#1509 = EDGE_LOOP ( 'NONE', ( #835, #1488, #13 ) ) ;
#1510 = AXIS2_PLACEMENT_3D ( 'NONE', #663, #1795, #540 ) ;
#1511 = CARTESIAN_POINT ( 'NONE',  ( 0.1250000000000000278, 0.05177669529663692094, -0.01874999999999997155 ) ) ;
#1512 = DIRECTION ( 'NONE',  ( 1.000000000000000000, 0.000000000000000000, 0.000000000000000000 ) ) ;
#1513 = CARTESIAN_POINT ( 'NONE',  ( -0.09252404735808342218, -0.03832471526136867895, 0.03750000000000002637 ) ) ;
#1514 = CARTESIAN_POINT ( 'NONE',  ( 0.06542438130972604016, -0.06542438130972606791, 0.09687500000000003053 ) ) ;
#1515 = CARTESIAN_POINT ( 'NONE',  ( 0.05177669529663699033, 0.1250000000000000278, 0.09375000000000001388 ) ) ;
#1516 = ORIENTED_EDGE ( 'NONE', *, *, #961, .F. ) ;
#1517 = CARTESIAN_POINT ( 'NONE',  ( -0.1250000000000000555, 0.000000000000000000, 0.1093750000000000000 ) ) ;
#1518 = CARTESIAN_POINT ( 'NONE',  ( -2.993718129244791040E-17, 0.2525907427704615626, 0.1093750000000000000 ) ) ;
#1519 = CARTESIAN_POINT ( 'NONE',  ( -0.1250000000000000278, 0.05177669529663690706, -0.09999999999999999167 ) ) ;
#1520 = LINE ( 'NONE', #766, #1945 ) ;
#1521 = DIRECTION ( 'NONE',  ( -0.000000000000000000, -0.000000000000000000, -1.000000000000000000 ) ) ;
#1522 = CARTESIAN_POINT ( 'NONE',  ( -0.05177669529663690706, 0.1250000000000000555, 0.000000000000000000 ) ) ;
#1523 = DIRECTION ( 'NONE',  ( -0.000000000000000000, -0.000000000000000000, -1.000000000000000000 ) ) ;
#1524 = CARTESIAN_POINT ( 'NONE',  ( 0.09076875296028701079, 0.2001853788148331703, -0.1089131945147577690 ) ) ;
#1525 = EDGE_LOOP ( 'NONE', ( #84, #641, #164, #1443 ) ) ;
#1526 = CARTESIAN_POINT ( 'NONE',  ( -2.163296976754785889E-17, 0.2525907427704615626, 0.08983703805189720282 ) ) ;
#1527 = CARTESIAN_POINT ( 'NONE',  ( -0.1250000000000000555, 0.000000000000000000, 0.1093750000000000000 ) ) ;
#1528 = CARTESIAN_POINT ( 'NONE',  ( 0.1014218770192785030, 0.0003282353579375269122, -0.08558224093023787671 ) ) ;
#1529 = CARTESIAN_POINT ( 'NONE',  ( -0.01455762488768327576, 0.09137163070204211424, -0.07689904735808340830 ) ) ;
#1530 = CARTESIAN_POINT ( 'NONE',  ( 0.09252404735808340830, 0.03832471526136870671, 0.01250000000000001978 ) ) ;
#1531 = CARTESIAN_POINT ( 'NONE',  ( -0.1250000000000000278, -0.05177669529663688625, -0.04374999999999997641 ) ) ;
#1532 = CARTESIAN_POINT ( 'NONE',  ( -0.08838834764831846047, 0.08838834764831847435, -0.09687500000000000278 ) ) ;
#1533 = ORIENTED_EDGE ( 'NONE', *, *, #1990, .F. ) ;
#1534 = EDGE_CURVE ( 'NONE', #486, #917, #1873, .T. ) ;
#1535 = CARTESIAN_POINT ( 'NONE',  ( -0.1279812470397132529, 0.1787007353408589239, 0.1089131945147578523 ) ) ;
#1536 = CARTESIAN_POINT ( 'NONE',  ( 0.000000000000000000, 0.000000000000000000, 0.1093750000000000000 ) ) ;
#1537 = AXIS2_PLACEMENT_3D ( 'NONE', #1141, #857, #1807 ) ;
#1538 = CARTESIAN_POINT ( 'NONE',  ( 0.03282505762894951523, 0.08946934066572048705, -0.07944576684821916257 ) ) ;
#1539 = CARTESIAN_POINT ( 'NONE',  ( -0.06542438130972604016, 0.06542438130972605403, -0.07187499999999999445 ) ) ;
#1540 = ORIENTED_EDGE ( 'NONE', *, *, #601, .F. ) ;
#1541 = CARTESIAN_POINT ( 'NONE',  ( 0.03832471526136867201, -0.09252404735808343605, 0.1000000000000000194 ) ) ;
#1542 = DIRECTION ( 'NONE',  ( 0.000000000000000000, -0.7071067811865486830, -0.7071067811865464625 ) ) ;
#1543 = CARTESIAN_POINT ( 'NONE',  ( 0.1250000000000000555, -2.296212748401288034E-17, -0.06562500000000000278 ) ) ;
#1544 = EDGE_CURVE ( 'NONE', #2064, #1274, #1191, .T. ) ;
#1545 = ORIENTED_EDGE ( 'NONE', *, *, #1534, .T. ) ;
#1546 = CARTESIAN_POINT ( 'NONE',  ( 0.05177669529663698339, 0.1249999999999999861, 0.03750000000000004718 ) ) ;
#1547 = ADVANCED_FACE ( 'NONE', ( #385 ), #323, .T. ) ;
#1548 = DIRECTION ( 'NONE',  ( 1.000000000000000000, 0.000000000000000000, 0.000000000000000000 ) ) ;
#1549 = CARTESIAN_POINT ( 'NONE',  ( 0.02644411137681508539, 0.09118814967805832783, -0.07908677261423506522 ) ) ;
#1550 = CARTESIAN_POINT ( 'NONE',  ( 0.05177669529663687931, -0.1250000000000000833, 0.07499999999999999722 ) ) ;
#1551 = CARTESIAN_POINT ( 'NONE',  ( 0.000000000000000000, 0.09252404735808340830, -0.1343749999999999944 ) ) ;
#1552 = CARTESIAN_POINT ( 'NONE',  ( 0.1093749999999999445, 0.1894430570778459499, -0.1093750000000000000 ) ) ;
#1553 = CARTESIAN_POINT ( 'NONE',  ( -0.07796593440029531141, -0.08212944749953192403, -0.09736045389774708458 ) ) ;
#1554 = VERTEX_POINT ( 'NONE', #1051 ) ;
#1555 = CARTESIAN_POINT ( 'NONE',  ( 0.05177669529663686543, -0.1250000000000000555, 0.1187500000000000500 ) ) ;
#1556 = CARTESIAN_POINT ( 'NONE',  ( 0.06542438130972604016, -0.06542438130972606791, -0.05312499999999999861 ) ) ;
#1557 = CARTESIAN_POINT ( 'NONE',  ( 0.000000000000000000, 0.000000000000000000, 0.1093750000000000000 ) ) ;
#1558 = CARTESIAN_POINT ( 'NONE',  ( -6.700988670840197304E-16, -0.2525907427704604524, 0.1093750000000000000 ) ) ;
#1559 = ORIENTED_EDGE ( 'NONE', *, *, #224, .F. ) ;
#1560 = DIRECTION ( 'NONE',  ( 1.000000000000000000, 0.000000000000000000, 0.000000000000000000 ) ) ;
#1561 = EDGE_LOOP ( 'NONE', ( #1764, #467, #849 ) ) ;
#1562 = CARTESIAN_POINT ( 'NONE',  ( -1.133092784412349844E-17, -0.09252404735808340830, 0.04687500000000001388 ) ) ;
#1563 = CARTESIAN_POINT ( 'NONE',  ( -0.03832471526136868589, 0.09252404735808340830, -0.03125000000000000000 ) ) ;
#1564 = B_SPLINE_CURVE_WITH_KNOTS ( 'NONE', 3,
 ( #1687, #267, #737, #1549, #1538, #258, #767, #121, #589, #901, #1097, #1238, #753, #1405, #2018, #2036, #1528, #1878, #250, #438, #2051, #107, #1088, #1885, #891, #1962, #356, #346, #1567, #1331, #168, #1476 ),
 .UNSPECIFIED., .F., .F.,
 ( 4, 2, 2, 2, 2, 2, 2, 2, 2, 2, 2, 2, 2, 2, 2, 4 ),
 ( 0.0003720716302323159560, 0.0008762399425412412471, 0.001380408254850166647, 0.001884576567159091179, 0.002388744879468015711, 0.002892913191776940243, 0.003397081504085864342, 0.003901249816394788874, 0.004405418128703712972, 0.005413754753321562037, 0.005917923065630486569, 0.006422091377939410234, 0.006926259690248334766, 0.007430428002557259298, 0.007934596314866183830, 0.008438764627175108363 ),
 .UNSPECIFIED. ) ;
#1565 = CARTESIAN_POINT ( 'NONE',  ( 0.000000000000000000, 0.09252404735808340830, -0.1281249999999999889 ) ) ;
#1566 = CARTESIAN_POINT ( 'NONE',  ( 0.000000000000000000, 0.000000000000000000, 0.1093750000000000000 ) ) ;
#1567 = CARTESIAN_POINT ( 'NONE',  ( 0.02607266489381184979, -0.1049525128057315626, -0.09231635767609688847 ) ) ;
#1568 = ORIENTED_EDGE ( 'NONE', *, *, #1034, .F. ) ;
#1569 = CIRCLE ( 'NONE', #473, 0.2187499999999999167 ) ;
#1570 = CARTESIAN_POINT ( 'NONE',  ( 0.2187499999999990008, 0.1058704706304100240, -0.09573319902638144363 ) ) ;
#1571 = AXIS2_PLACEMENT_3D ( 'NONE', #1037, #703, #885 ) ;
#1572 = ORIENTED_EDGE ( 'NONE', *, *, #1893, .F. ) ;
#1573 = CARTESIAN_POINT ( 'NONE',  ( 0.03832471526136875528, 0.09252404735808338054, -0.03125000000000000000 ) ) ;
#1574 = CARTESIAN_POINT ( 'NONE',  ( -0.09252404735808342218, 0.03832471526136869977, 0.03125000000000002776 ) ) ;
#1576 = EDGE_CURVE ( 'NONE', #594, #283, #1802, .T. ) ;
#1575 = CARTESIAN_POINT ( 'NONE',  ( 0.000000000000000000, 7.145107678494430182E-19, 0.09687500000000000278 ) ) ;
#1577 = CARTESIAN_POINT ( 'NONE',  ( 0.09252404735808340830, -1.699639176618524612E-17, -0.04687499999999999306 ) ) ;
#1578 = CARTESIAN_POINT ( 'NONE',  ( -0.08838834764831846047, 0.08838834764831846047, 0.04687500000000002776 ) ) ;
#1579 = B_SPLINE_CURVE_WITH_KNOTS ( 'NONE', 3,
 ( #188, #1021, #815, #39, #354, #1310, #983, #1007, #1949, #1319, #1607, #661, #1483, #1813, #1454, #1801 ),
 .UNSPECIFIED., .F., .F.,
 ( 4, 2, 2, 2, 2, 2, 2, 4 ),
 ( 0.000000000000000000, 0.0005307416047624225874, 0.001061483209524845175, 0.002122966419049689482, 0.002653708023812112286, 0.003184449628574533356, 0.003715191233336955726, 0.004245932838099378097 ),
 .UNSPECIFIED. ) ;
#1580 = B_SPLINE_CURVE_WITH_KNOTS ( 'NONE', 3,
 ( #546, #217, #531, #846, #1479, #1822, #1315, #1325, #1832, #677, #1808, #65, #1028, #393, #86, #1355 ),
 .UNSPECIFIED., .F., .F.,
 ( 4, 2, 2, 2, 2, 2, 2, 4 ),
 ( 0.01294779941986243764, 0.01355061514258370375, 0.01415343086530497160, 0.01535906231074750557, 0.01596187803346877168, 0.01656469375619003953, 0.01716750947891130738, 0.01777032520163257523 ),
 .UNSPECIFIED. ) ;
#1581 = ORIENTED_EDGE ( 'NONE', *, *, #1976, .T. ) ;
#1582 = CARTESIAN_POINT ( 'NONE',  ( 0.2187499999999990008, 0.02137261768462784747, 0.1093750000000005412 ) ) ;
#1583 = ADVANCED_FACE ( 'NONE', ( #1041 ), #1592, .T. ) ;
#1584 = CARTESIAN_POINT ( 'NONE',  ( 0.03832471526136875528, 0.09252404735808340830, -0.08124999999999998890 ) ) ;
#1585 = VERTEX_POINT ( 'NONE', #372 ) ;
#1586 = CARTESIAN_POINT ( 'NONE',  ( 0.06542438130972604016, -0.06542438130972606791, -0.04687499999999999306 ) ) ;
#1587 = CARTESIAN_POINT ( 'NONE',  ( 0.06542438130972606791, 0.06542438130972604016, 0.009375000000000018735 ) ) ;
#1588 = CARTESIAN_POINT ( 'NONE',  ( 0.000000000000000000, 0.000000000000000000, -0.1093750000000000000 ) ) ;
#1589 = EDGE_LOOP ( 'NONE', ( #1614, #1889, #1350 ) ) ;
#1590 = CARTESIAN_POINT ( 'NONE',  ( -0.03832471526136868589, 0.09252404735808342218, -0.08124999999999998890 ) ) ;
#1591 = CARTESIAN_POINT ( 'NONE',  ( 0.000000000000000000, 0.09252404735808340830, -0.1281249999999999889 ) ) ;
#1592 = CONICAL_SURFACE ( 'NONE', #1172, 0.2187499999999999445, 1.047197551196600074 ) ;
#1593 = CARTESIAN_POINT ( 'NONE',  ( 0.1250000000000000278, 0.05177669529663692094, 0.03125000000000004857 ) ) ;
#1594 = ADVANCED_FACE ( 'NONE', ( #1648 ), #932, .T. ) ;
#1595 = CARTESIAN_POINT ( 'NONE',  ( -0.2187499999999998057, 0.08518403177279776362, -0.1006411452878619439 ) ) ;
#1596 = CARTESIAN_POINT ( 'NONE',  ( 0.03832471526136875528, 0.09252404735808340830, 0.01250000000000001978 ) ) ;
#1597 = CARTESIAN_POINT ( 'NONE',  ( 0.08838834764831846047, -0.08838834764831847435, -0.07812499999999997224 ) ) ;
#1598 = FACE_OUTER_BOUND ( 'NONE', #667, .T. ) ;
#1599 = CARTESIAN_POINT ( 'NONE',  ( 0.09252404735808340830, -0.03832471526136874140, -0.05000000000000000971 ) ) ;
#1600 = EDGE_CURVE ( 'NONE', #448, #486, #798, .T. ) ;
#1601 = ORIENTED_EDGE ( 'NONE', *, *, #141, .F. ) ;
#1602 = CARTESIAN_POINT ( 'NONE',  ( -0.1250000000000000278, 7.654042494670959086E-18, 0.05312500000000003331 ) ) ;
#1603 = CARTESIAN_POINT ( 'NONE',  ( -1.133092784412349844E-17, -0.09252404735808340830, -0.1031249999999999944 ) ) ;
#1604 = ORIENTED_EDGE ( 'NONE', *, *, #1424, .T. ) ;
#1605 = CARTESIAN_POINT ( 'NONE',  ( -0.1093750000000001943, 0.1894430570778458112, -0.1093750000000000000 ) ) ;
#1606 = CARTESIAN_POINT ( 'NONE',  ( -0.09252404735808340830, 5.665463922061749222E-18, -0.07187499999999999445 ) ) ;
#1607 = CARTESIAN_POINT ( 'NONE',  ( -0.04651370169554566031, -0.08738812469079620948, 0.08312145265283599205 ) ) ;
#1608 = CARTESIAN_POINT ( 'NONE',  ( 0.08838834764831846047, -0.08838834764831850210, -0.07187500000000000833 ) ) ;
#1609 = EDGE_CURVE ( 'NONE', #1700, #1005, #1417, .T. ) ;
#1610 = PLANE ( 'NONE',  #1950 ) ;
#1611 = CARTESIAN_POINT ( 'NONE',  ( 0.09252404735808340830, 0.03832471526136870671, 0.1062500000000000111 ) ) ;
#1612 = EDGE_CURVE ( 'NONE', #1810, #895, #830, .T. ) ;
#1613 = CARTESIAN_POINT ( 'NONE',  ( -0.1250000000000000278, -0.05177669529663688625, 0.006250000000000035909 ) ) ;
#1614 = ORIENTED_EDGE ( 'NONE', *, *, #2016, .F. ) ;
#1615 = CARTESIAN_POINT ( 'NONE',  ( -0.06542438130972604016, 0.06542438130972605403, -0.02187499999999998820 ) ) ;
#1616 = CARTESIAN_POINT ( 'NONE',  ( 0.09252404735808340830, 0.03832471526136870671, 0.05625000000000004302 ) ) ;
#1617 = CARTESIAN_POINT ( 'NONE',  ( -0.1186573160682367206, 0.1840839093971464446, -0.1093750000000000694 ) ) ;
#1618 = CARTESIAN_POINT ( 'NONE',  ( -0.08664893941835266622, 0.04419982320109944879, 0.07432251149224876341 ) ) ;
#1619 = ORIENTED_EDGE ( 'NONE', *, *, #1761, .T. ) ;
#1620 = CARTESIAN_POINT ( 'NONE',  ( -0.09252404735808340830, 5.665463922061749222E-18, 0.1281250000000000444 ) ) ;
#1621 = CARTESIAN_POINT ( 'NONE',  ( -0.05177669529663691400, -0.1250000000000000278, 0.01250000000000003712 ) ) ;
#1622 = B_SPLINE_CURVE_WITH_KNOTS ( 'NONE', 3,
 ( #1336, #718, #1957, #56, #1206, #1665, #236, #1996, #879, #520, #195, #1646, #706, #565, #1963, #1166, #1175, #1842, #369, #1797, #404, #359, #1017, #1633, #75, #696, #1973, #1189, #382, #1039, #1653, #226 ),
 .UNSPECIFIED., .F., .F.,
 ( 4, 2, 2, 2, 2, 2, 2, 2, 2, 2, 2, 2, 2, 2, 2, 4 ),
 ( 0.004245932838099378097, 0.004789799499459569156, 0.005333666160819760214, 0.005877532822179951273, 0.006421399483540142332, 0.006965266144900333391, 0.007509132806260525317, 0.008052999467620716376, 0.008596866128980907434, 0.009140732790341100228, 0.009684599451701289552, 0.01022846611306148235, 0.01077233277442167167, 0.01186006609714205379, 0.01240393275850224658, 0.01294779941986243937 ),
 .UNSPECIFIED. ) ;
#1623 = CARTESIAN_POINT ( 'NONE',  ( -0.06542438130972605403, -0.06542438130972604016, -0.009374999999999985775 ) ) ;
#1624 = CARTESIAN_POINT ( 'NONE',  ( 0.09252404735808340830, -1.699639176618524612E-17, 0.003125000000000017954 ) ) ;
#1625 = CARTESIAN_POINT ( 'NONE',  ( 0.03578458537308561171, -0.2319305027724699042, -0.1017652331762858298 ) ) ;
#1626 = CARTESIAN_POINT ( 'NONE',  ( 0.000000000000000000, 0.000000000000000000, -0.1093750000000000000 ) ) ;
#1627 = B_SPLINE_CURVE_WITH_KNOTS ( 'NONE', 3,
 ( #1370, #1380, #602, #730, #427, #115 ),
 .UNSPECIFIED., .F., .F.,
 ( 4, 2, 4 ),
 ( 0.02126696550055866969, 0.02288999570229161007, 0.02451302590402454698 ),
 .UNSPECIFIED. ) ;
#1628 =( BOUNDED_CURVE ( )  B_SPLINE_CURVE ( 2, ( #1529, #738, #1539, #116, #1879, #1090, #1713, #278, #919, #1270, #1586, #487, #1117, #1125, #1452, #1573, #1439, #648, #1615, #329, #785, #457, #1431, #1286, #1937, #803, #478, #794, #468, #1749, #14, #145, #153, #813, #943, #1, #319, #1279, #24, #1781, #186, #1918, #1133, #1297, #1111, #298, #638, #502, #1420, #1738, #1758 ),
 .UNSPECIFIED., .F., .T. ) 
 B_SPLINE_CURVE_WITH_KNOTS ( ( 3, 2, 2, 2, 2, 2, 2, 2, 2, 2, 2, 2, 2, 2, 2, 2, 2, 2, 2, 2, 2, 2, 2, 2, 2, 3 ),
 ( 0.1709094692040599717, 0.1875000000000000000, 0.2083333333333333426, 0.2291666666666666574, 0.2500000000000000000, 0.2708333333333333148, 0.2916666666666666852, 0.3125000000000000000, 0.3333333333333333148, 0.3541666666666666852, 0.3750000000000000000, 0.3958333333333333148, 0.4166666666666667407, 0.4375000000000000000, 0.4583333333333333148, 0.4791666666666666852, 0.5000000000000000000, 0.5208333333333333703, 0.5416666666666666297, 0.5625000000000000000, 0.5833333333333333703, 0.6041666666666666297, 0.6250000000000000000, 0.6458333333333333703, 0.6666666666666666297, 0.6832571974625145650 ),
 .UNSPECIFIED. ) 
 CURVE ( )  GEOMETRIC_REPRESENTATION_ITEM ( )  RATIONAL_B_SPLINE_CURVE ( ( 0.9753096629729489653, 0.9393818099165032187, 1.000000000000000000, 0.9238795325112867385, 1.000000000000000000, 0.9238795325112867385, 1.000000000000000000, 0.9238795325112867385, 1.000000000000000000, 0.9238795325112867385, 1.000000000000000000, 0.9238795325112867385, 1.000000000000000000, 0.9238795325112867385, 1.000000000000000000, 0.9238795325112867385, 1.000000000000000000, 0.9238795325112867385, 1.000000000000000000, 0.9238795325112867385, 1.000000000000000000, 0.9238795325112867385, 1.000000000000000000, 0.9238795325112867385, 1.000000000000000000, 0.9238795325112867385, 1.000000000000000000, 0.9238795325112867385, 1.000000000000000000, 0.9238795325112867385, 1.000000000000000000, 0.9238795325112867385, 1.000000000000000000, 0.9238795325112867385, 1.000000000000000000, 0.9238795325112867385, 1.000000000000000000, 0.9238795325112867385, 1.000000000000000000, 0.9238795325112867385, 1.000000000000000000, 0.9238795325112867385, 1.000000000000000000, 0.9238795325112867385, 1.000000000000000000, 0.9238795325112867385, 1.000000000000000000, 0.9238795325112867385, 1.000000000000000000, 0.9393818099168402824, 0.9753096629725492850 ) ) 
 REPRESENTATION_ITEM ( '' )  );
#1629 = CARTESIAN_POINT ( 'NONE',  ( -0.08838834764831846047, 0.08838834764831847435, 0.003125000000000000607 ) ) ;
#1630 = CARTESIAN_POINT ( 'NONE',  ( -0.05177669529663690706, 0.1250000000000000555, -0.1499999999999999944 ) ) ;
#1631 = CARTESIAN_POINT ( 'NONE',  ( 0.1250000000000000555, 1.530808498934192125E-17, 0.1093750000000000000 ) ) ;
#1632 = B_SPLINE_CURVE_WITH_KNOTS ( 'NONE', 3,
 ( #162, #819, #1732, #1426, #31, #810, #21, #334, #1773, #626 ),
 .UNSPECIFIED., .F., .F.,
 ( 4, 2, 2, 2, 4 ),
 ( 0.000000000000000000, 0.0005984508114044204781, 0.001196901622808840956, 0.001795352434213261326, 0.002393803245617681912 ),
 .UNSPECIFIED. ) ;
#1633 = CARTESIAN_POINT ( 'NONE',  ( 0.08635551188103680886, 0.07277413768782857451, 0.09707813774200746426 ) ) ;
#1634 = CARTESIAN_POINT ( 'NONE',  ( 0.03832471526136875528, 0.09252404735808340830, 0.1187500000000000500 ) ) ;
#1635 = VERTEX_POINT ( 'NONE', #756 ) ;
#1636 = CARTESIAN_POINT ( 'NONE',  ( 0.1279812470397124757, -0.1787007353408579802, 0.1089131945147585045 ) ) ;
#1637 = CARTESIAN_POINT ( 'NONE',  ( -0.09252404735808342218, 0.03832471526136869977, -0.1249999999999999861 ) ) ;
#1638 = CARTESIAN_POINT ( 'NONE',  ( -0.03832471526136870671, -0.09252404735808340830, 0.03750000000000002637 ) ) ;
#1639 = EDGE_CURVE ( 'NONE', #273, #1204, #1869, .T. ) ;
#1640 = EDGE_LOOP ( 'NONE', ( #234, #652, #658, #1284, #1180, #1744, #860, #908, #1226, #590, #1353, #375, #176, #87, #384 ) ) ;
#1641 = AXIS2_PLACEMENT_3D ( 'NONE', #1626, #1474, #1929 ) ;
#1642 = CARTESIAN_POINT ( 'NONE',  ( -6.700988670840197304E-16, -0.2525907427704604524, 0.1093750000000000000 ) ) ;
#1643 = CARTESIAN_POINT ( 'NONE',  ( 0.08838834764831850210, 0.08838834764831846047, -0.05937499999999999722 ) ) ;
#1644 = CARTESIAN_POINT ( 'NONE',  ( -0.09252404735808340830, 5.665463922061749222E-18, 0.02812500000000000763 ) ) ;
#1645 = ORIENTED_EDGE ( 'NONE', *, *, #2034, .F. ) ;
#1646 = CARTESIAN_POINT ( 'NONE',  ( 0.09531629202454471039, -0.04861618996036290441, 0.09113631748652079034 ) ) ;
#1647 = CARTESIAN_POINT ( 'NONE',  ( 0.06542438130972604016, -0.06542438130972606791, 0.05312500000000001249 ) ) ;
#1648 = FACE_OUTER_BOUND ( 'NONE', #1748, .T. ) ;
#1649 = CARTESIAN_POINT ( 'NONE',  ( -0.1250000000000000555, -0.05177669529663690012, 0.01250000000000001978 ) ) ;
#1650 = CARTESIAN_POINT ( 'NONE',  ( -0.08050994028319997942, 0.05728365756990949631, 0.08287818675696966009 ) ) ;
#1651 = CARTESIAN_POINT ( 'NONE',  ( 0.07232406915470790398, 0.2108344219751018545, -0.1071260629049982926 ) ) ;
#1652 = CARTESIAN_POINT ( 'NONE',  ( 0.000000000000000000, 0.09252404735808340830, 0.1156250000000000333 ) ) ;
#1653 = CARTESIAN_POINT ( 'NONE',  ( 0.007123988118167979243, 0.1167842757224282213, 0.1011592757224295397 ) ) ;
#1654 = CARTESIAN_POINT ( 'NONE',  ( 0.09252404735808340830, -1.699639176618524612E-17, 0.1093750000000000278 ) ) ;
#1655 = DIRECTION ( 'NONE',  ( 1.000000000000000000, 0.000000000000000000, 0.000000000000000000 ) ) ;
#1656 = EDGE_CURVE ( 'NONE', #1865, #448, #1765, .T. ) ;
#1657 = CARTESIAN_POINT ( 'NONE',  ( -0.06542438130972605403, -0.06542438130972604016, -0.05937499999999999029 ) ) ;
#1658 = COLOUR_RGB ( '',0.7921568627450980005, 0.8196078431372548767, 0.9333333333333333481 ) ;
#1659 = CARTESIAN_POINT ( 'NONE',  ( -0.09969470714543057777, 0.03204362973627367800, 0.08879442563811502931 ) ) ;
#1660 = CARTESIAN_POINT ( 'NONE',  ( 0.1250000000000000555, -2.296212748401288034E-17, 0.08437500000000001943 ) ) ;
#1661 = CARTESIAN_POINT ( 'NONE',  ( -0.1250000000000000555, 7.654042494670960626E-18, -0.09062500000000001110 ) ) ;
#1662 = ORIENTED_EDGE ( 'NONE', *, *, #95, .F. ) ;
#1663 = CARTESIAN_POINT ( 'NONE',  ( 0.1249999999999999861, -0.05177669529663698339, -0.02499999999999997363 ) ) ;
#1664 = ADVANCED_FACE ( 'NONE', ( #605 ), #1857, .F. ) ;
#1665 = CARTESIAN_POINT ( 'NONE',  ( 0.04869885499101868354, -0.09182982817862289648, 0.08807509688678928639 ) ) ;
#1666 = CARTESIAN_POINT ( 'NONE',  ( 0.09252404735808340830, -1.699639176618524612E-17, 0.05937500000000001804 ) ) ;
#1667 = CARTESIAN_POINT ( 'NONE',  ( 0.1250000000000000278, -0.05177669529663698339, 0.03125000000000002776 ) ) ;
#1668 = CARTESIAN_POINT ( 'NONE',  ( 0.08838834764831846047, -0.08838834764831850210, 0.07812500000000001388 ) ) ;
#1669 = ORIENTED_EDGE ( 'NONE', *, *, #1459, .T. ) ;
#1670 = CARTESIAN_POINT ( 'NONE',  ( 0.000000000000000000, 0.000000000000000000, 0.000000000000000000 ) ) ;
#1671 = CARTESIAN_POINT ( 'NONE',  ( -1.530808498934191817E-17, -0.1250000000000000278, -0.03437499999999997502 ) ) ;
#1672 = CARTESIAN_POINT ( 'NONE',  ( 0.1250000000000000278, -0.05177669529663698339, -0.06875000000000000555 ) ) ;
#1673 = ORIENTED_EDGE ( 'NONE', *, *, #1324, .T. ) ;
#1674 = AXIS2_PLACEMENT_3D ( 'NONE', #955, #656, #151 ) ;
#1675 = AXIS2_PLACEMENT_3D ( 'NONE', #988, #367, #179 ) ;
#1676 = CARTESIAN_POINT ( 'NONE',  ( -0.08838834764831846047, -0.08838834764831846047, 0.009375000000000036082 ) ) ;
#1677 = FACE_OUTER_BOUND ( 'NONE', #1589, .T. ) ;
#1678 = CARTESIAN_POINT ( 'NONE',  ( -0.03832471526136870671, -0.09252404735808342218, 0.04375000000000003192 ) ) ;
#1679 = ORIENTED_EDGE ( 'NONE', *, *, #1466, .T. ) ;
#1680 = CARTESIAN_POINT ( 'NONE',  ( -1.377727649040773005E-17, 0.1125000000000000583, -0.09687499999999998890 ) ) ;
#1681 = CARTESIAN_POINT ( 'NONE',  ( -0.05177669529663692094, -0.1250000000000000555, 0.01875000000000002359 ) ) ;
#1682 = ORIENTED_EDGE ( 'NONE', *, *, #1794, .T. ) ;
#1683 = DIRECTION ( 'NONE',  ( 0.000000000000000000, -1.000000000000000000, 1.517693329813478826E-16 ) ) ;
#1684 = CARTESIAN_POINT ( 'NONE',  ( -0.08838834764831846047, 0.08838834764831847435, 0.1031250000000000222 ) ) ;
#1685 = CARTESIAN_POINT ( 'NONE',  ( -0.1555865826303859389, 0.1627627874065140090, 0.1058024543881951191 ) ) ;
#1686 = CARTESIAN_POINT ( 'NONE',  ( -0.1093749999999997224, -0.1894430570778458667, 0.1093750000000000000 ) ) ;
#1687 = CARTESIAN_POINT ( 'NONE',  ( -9.228272762067352653E-15, 0.09330127018922140802, -0.07767627018922142190 ) ) ;
#1688 = CARTESIAN_POINT ( 'NONE',  ( 0.2187499999999999445, 0.000000000000000000, -0.1093750000000000000 ) ) ;
#1689 = ORIENTED_EDGE ( 'NONE', *, *, #1337, .T. ) ;
#1690 = CARTESIAN_POINT ( 'NONE',  ( 0.03832471526136875528, 0.09252404735808340830, 0.1187500000000000500 ) ) ;
#1691 = DIRECTION ( 'NONE',  ( -0.000000000000000000, -0.000000000000000000, -1.000000000000000000 ) ) ;
#1692 = CARTESIAN_POINT ( 'NONE',  ( -0.05177669529663691400, -0.1250000000000000278, -0.03749999999999996392 ) ) ;
#1693 = CARTESIAN_POINT ( 'NONE',  ( 0.08838834764831846047, -0.08838834764831850210, -0.07187500000000000833 ) ) ;
#1694 = EDGE_LOOP ( 'NONE', ( #306, #1572, #727, #1540 ) ) ;
#1695 = AXIS2_PLACEMENT_3D ( 'NONE', #1145, #994, #37 ) ;
#1696 = AXIS2_PLACEMENT_3D ( 'NONE', #1151, #18, #53 ) ;
#1697 = CARTESIAN_POINT ( 'NONE',  ( -0.1250000000000000278, 7.654042494670959086E-18, -0.09687499999999997502 ) ) ;
#1698 = FACE_OUTER_BOUND ( 'NONE', #211, .T. ) ;
#1699 = DIRECTION ( 'NONE',  ( 0.000000000000000000, 0.000000000000000000, 1.000000000000000000 ) ) ;
#1700 = VERTEX_POINT ( 'NONE', #288 ) ;
#1701 = CARTESIAN_POINT ( 'NONE',  ( -0.05177669529663692094, -0.1250000000000000555, 0.06875000000000000555 ) ) ;
#1702 = VERTEX_POINT ( 'NONE', #747 ) ;
#1703 = CARTESIAN_POINT ( 'NONE',  ( 0.03832471526136867201, -0.09252404735808343605, -0.05000000000000000971 ) ) ;
#1704 = CARTESIAN_POINT ( 'NONE',  ( -1.530808498934191817E-17, -0.1250000000000000278, -0.08437499999999996392 ) ) ;
#1705 = EDGE_CURVE ( 'NONE', #687, #1635, #1198, .T. ) ;
#1706 = CARTESIAN_POINT ( 'NONE',  ( -0.1170819935147282970, 0.01385670540105312168, -0.1020240711870546435 ) ) ;
#1707 = B_SPLINE_CURVE_WITH_KNOTS ( 'NONE', 3,
 ( #650, #1288, #921, #1552 ),
 .UNSPECIFIED., .F., .F.,
 ( 4, 4 ),
 ( 2.380734247426259654E-07, 0.003246110284317175240 ),
 .UNSPECIFIED. ) ;
#1708 = ORIENTED_EDGE ( 'NONE', *, *, #1127, .T. ) ;
#1709 = CARTESIAN_POINT ( 'NONE',  ( 0.000000000000000000, 0.1250000000000000278, 0.09062500000000003886 ) ) ;
#1710 = DIRECTION ( 'NONE',  ( -0.000000000000000000, -0.000000000000000000, -1.000000000000000000 ) ) ;
#1711 = CARTESIAN_POINT ( 'NONE',  ( -0.2187499999999998057, 0.1262953713852306981, 0.1093750000000000000 ) ) ;
#1712 = ORIENTED_EDGE ( 'NONE', *, *, #975, .F. ) ;
#1713 = CARTESIAN_POINT ( 'NONE',  ( -0.06542438130972605403, -0.06542438130972604016, -0.05937499999999999029 ) ) ;
#1714 = CARTESIAN_POINT ( 'NONE',  ( -0.03832471526136868589, 0.09252404735808342218, -0.02499999999999999098 ) ) ;
#1715 = CARTESIAN_POINT ( 'NONE',  ( -0.03799370123334465388, -0.1044752468823801073, -0.09528018225028424271 ) ) ;
#1716 = ORIENTED_EDGE ( 'NONE', *, *, #1054, .F. ) ;
#1717 = CARTESIAN_POINT ( 'NONE',  ( -0.08838834764831846047, -0.08838834764831846047, 0.1093750000000000416 ) ) ;
#1718 = B_SPLINE_CURVE_WITH_KNOTS ( 'NONE', 3,
 ( #423, #1375, #221, #2021 ),
 .UNSPECIFIED., .F., .F.,
 ( 4, 4 ),
 ( 2.380734247432178826E-07, 0.003246110284317218608 ),
 .UNSPECIFIED. ) ;
#1719 = CARTESIAN_POINT ( 'NONE',  ( -0.09252404735808342218, 0.03832471526136869977, -0.07499999999999998335 ) ) ;
#1720 = FACE_OUTER_BOUND ( 'NONE', #1348, .T. ) ;
#1721 = DIRECTION ( 'NONE',  ( -0.000000000000000000, -0.000000000000000000, -1.000000000000000000 ) ) ;
#1722 = CARTESIAN_POINT ( 'NONE',  ( 0.000000000000000000, 0.1250000000000000555, 0.04687500000000001388 ) ) ;
#1723 = DIRECTION ( 'NONE',  ( 1.000000000000000000, 0.000000000000000000, 0.000000000000000000 ) ) ;
#1724 = ORIENTED_EDGE ( 'NONE', *, *, #811, .T. ) ;
#1725 = CARTESIAN_POINT ( 'NONE',  ( 0.000000000000000000, 0.09252404735808340830, -0.02812499999999999029 ) ) ;
#1726 = EDGE_CURVE ( 'NONE', #1193, #289, #1381, .T. ) ;
#1727 = CARTESIAN_POINT ( 'NONE',  ( 0.03832471526136875528, 0.09252404735808338054, -0.03749999999999999167 ) ) ;
#1728 = EDGE_LOOP ( 'NONE', ( #1341, #629, #406 ) ) ;
#1729 = B_SPLINE_CURVE_WITH_KNOTS ( 'NONE', 3,
 ( #114, #588, #1080, #1228, #2035, #286 ),
 .UNSPECIFIED., .F., .F.,
 ( 4, 2, 4 ),
 ( 0.02126696550055866969, 0.02288999570229161007, 0.02451302590402454698 ),
 .UNSPECIFIED. ) ;
#1730 = CARTESIAN_POINT ( 'NONE',  ( -0.1250000000000000278, 0.05177669529663690706, 0.1500000000000000222 ) ) ;
#1731 = CARTESIAN_POINT ( 'NONE',  ( 0.03832471526136875528, 0.09252404735808340830, 0.01250000000000001978 ) ) ;
#1732 = CARTESIAN_POINT ( 'NONE',  ( 0.07540715758352103948, 0.09713927313728795698, -0.1071080246640177258 ) ) ;
#1733 = AXIS2_PLACEMENT_3D ( 'NONE', #1980, #389, #1194 ) ;
#1734 = DIRECTION ( 'NONE',  ( -1.000000000000000000, 0.000000000000000000, 0.000000000000000000 ) ) ;
#1735 = ADVANCED_FACE ( 'NONE', ( #1900 ), #159, .T. ) ;
#1736 = CARTESIAN_POINT ( 'NONE',  ( 0.000000000000000000, 0.1250000000000000278, -0.05937499999999996947 ) ) ;
#1737 = ORIENTED_EDGE ( 'NONE', *, *, #490, .F. ) ;
#1738 = CARTESIAN_POINT ( 'NONE',  ( -0.03001605793241791248, 0.09252404735808342218, 0.07432251149223427500 ) ) ;
#1739 = CARTESIAN_POINT ( 'NONE',  ( 0.03832471526136875528, 0.09252404735808340830, 0.01875000000000002359 ) ) ;
#1740 = CARTESIAN_POINT ( 'NONE',  ( -0.09252404735808340830, -0.03832471526136868589, -0.01874999999999998890 ) ) ;
#1741 = ORIENTED_EDGE ( 'NONE', *, *, #33, .F. ) ;
#1742 = CARTESIAN_POINT ( 'NONE',  ( -1.530808498934191817E-17, -0.1250000000000000278, 0.06562500000000003053 ) ) ;
#1743 = CARTESIAN_POINT ( 'NONE',  ( -1.133092784412349844E-17, -0.09252404735808340830, -0.009374999999999985775 ) ) ;
#1744 = ORIENTED_EDGE ( 'NONE', *, *, #328, .T. ) ;
#1745 = VECTOR ( 'NONE', #106, 39.37007874015748143 ) ;
#1746 = CARTESIAN_POINT ( 'NONE',  ( -0.03083176395406393017, 0.1003486355292768917, -0.08904403115143422198 ) ) ;
#1747 = CARTESIAN_POINT ( 'NONE',  ( 0.09252404735808340830, -1.699639176618524612E-17, -0.04062499999999999445 ) ) ;
#1748 = EDGE_LOOP ( 'NONE', ( #401, #1317, #1559 ) ) ;
#1749 = CARTESIAN_POINT ( 'NONE',  ( 0.09252404735808338054, 0.03832471526136870671, 0.01250000000000001978 ) ) ;
#1750 = CARTESIAN_POINT ( 'NONE',  ( -0.09252404735808342218, 0.03832471526136869977, 0.02500000000000002567 ) ) ;
#1751 = CARTESIAN_POINT ( 'NONE',  ( -0.05228101839448048155, -0.09891319117806436634, -0.09599258454122787387 ) ) ;
#1752 = VERTEX_POINT ( 'NONE', #1239 ) ;
#1753 = CARTESIAN_POINT ( 'NONE',  ( 0.1250000000000000278, 0.05177669529663692094, 0.03125000000000004857 ) ) ;
#1754 = CARTESIAN_POINT ( 'NONE',  ( -0.2187499999999998057, -0.1262953713852305593, -0.08983703805189749425 ) ) ;
#1755 = CARTESIAN_POINT ( 'NONE',  ( 0.000000000000000000, 0.1102123412263474878, -0.09458734122634743224 ) ) ;
#1756 = CARTESIAN_POINT ( 'NONE',  ( -0.06542438130972605403, -0.06542438130972604016, -0.05937499999999999029 ) ) ;
#1757 = ORIENTED_EDGE ( 'NONE', *, *, #877, .T. ) ;
#1758 = CARTESIAN_POINT ( 'NONE',  ( -0.05431570440134120270, 0.07490329495360660561, 0.07689904735807338854 ) ) ;
#1759 = CARTESIAN_POINT ( 'NONE',  ( -0.06542438130972605403, -0.06542438130972604016, -0.1156249999999999917 ) ) ;
#1760 = CARTESIAN_POINT ( 'NONE',  ( 0.09252404735808338054, 0.03832471526136870671, 0.05625000000000004302 ) ) ;
#1761 = EDGE_CURVE ( 'NONE', #1635, #1333, #2070, .T. ) ;
#1762 = ORIENTED_EDGE ( 'NONE', *, *, #1424, .F. ) ;
#1763 = DIRECTION ( 'NONE',  ( 1.000000000000000000, 0.000000000000000000, 0.000000000000000000 ) ) ;
#1764 = ORIENTED_EDGE ( 'NONE', *, *, #1067, .F. ) ;
#1765 = CIRCLE ( 'NONE', #1934, 0.2187499999999999445 ) ;
#1766 = CARTESIAN_POINT ( 'NONE',  ( 0.2187499999999990008, -0.1057386596506548065, 0.09577124957870390698 ) ) ;
#1767 = LINE ( 'NONE', #968, #2032 ) ;
#1768 = CARTESIAN_POINT ( 'NONE',  ( -0.03832471526136868589, 0.09252404735808342218, -0.03124999999999999653 ) ) ;
#1769 = CARTESIAN_POINT ( 'NONE',  ( -0.09041438853389956176, 0.02056580125949978785, 0.07689904735808344993 ) ) ;
#1770 = CARTESIAN_POINT ( 'NONE',  ( 0.08838834764831850210, 0.08838834764831846047, -0.009374999999999985775 ) ) ;
#1771 = EDGE_CURVE ( 'NONE', #1128, #1242, #1628, .T. ) ;
#1772 = FACE_BOUND ( 'NONE', #1525, .T. ) ;
#1773 = CARTESIAN_POINT ( 'NONE',  ( 0.007655576004100086464, 0.1114522586265750820, -0.09582725862657499871 ) ) ;
#1774 = CARTESIAN_POINT ( 'NONE',  ( 0.000000000000000000, 0.000000000000000000, 0.1093750000000000000 ) ) ;
#1775 = B_SPLINE_CURVE_WITH_KNOTS ( 'NONE', 3,
 ( #1468, #55, #1174, #1490, #1335, #483, #105, #1526 ),
 .UNSPECIFIED., .F., .F.,
 ( 4, 2, 2, 4 ),
 ( 0.003246110284317174806, 0.004054545091207010371, 0.004862979898096846804, 0.006479849511876519669 ),
 .UNSPECIFIED. ) ;
#1776 = ORIENTED_EDGE ( 'NONE', *, *, #1656, .F. ) ;
#1777 = CARTESIAN_POINT ( 'NONE',  ( -0.1250000000000000278, 7.654042494670959086E-18, -0.04687499999999997224 ) ) ;
#1778 = CARTESIAN_POINT ( 'NONE',  ( 0.06542438130972606791, 0.06542438130972604016, -0.03437499999999998890 ) ) ;
#1779 = CONICAL_SURFACE ( 'NONE', #1674, 0.1125000000000000583, 0.7853981633974500554 ) ;
#1780 = ORIENTED_EDGE ( 'NONE', *, *, #41, .F. ) ;
#1781 = CARTESIAN_POINT ( 'NONE',  ( -0.03832471526136870671, -0.09252404735808340830, 0.04375000000000003192 ) ) ;
#1782 = CARTESIAN_POINT ( 'NONE',  ( -0.09252404735808340830, 5.665463922061749222E-18, -0.1218749999999999972 ) ) ;
#1783 = CARTESIAN_POINT ( 'NONE',  ( -0.2009023710386860506, 0.1365997047704417267, -0.09578624770568179569 ) ) ;
#1784 = VECTOR ( 'NONE', #1010, 39.37007874015748143 ) ;
#1785 = EDGE_CURVE ( 'NONE', #5, #733, #1767, .T. ) ;
#1786 = CARTESIAN_POINT ( 'NONE',  ( 0.05177669529663687931, -0.1250000000000000833, -0.07499999999999999722 ) ) ;
#1787 = DIRECTION ( 'NONE',  ( 0.000000000000000000, 0.000000000000000000, 1.000000000000000000 ) ) ;
#1788 = CARTESIAN_POINT ( 'NONE',  ( -0.09252404735808342218, -0.03832471526136867895, -0.06249999999999999306 ) ) ;
#1789 = ORIENTED_EDGE ( 'NONE', *, *, #1576, .F. ) ;
#1790 = CARTESIAN_POINT ( 'NONE',  ( 0.09252404735808340830, -1.699639176618524612E-17, 0.05312500000000001249 ) ) ;
#1791 = CARTESIAN_POINT ( 'NONE',  ( -0.08472351016968573956, 0.03766650248191116129, 0.07689904735808344993 ) ) ;
#1792 = B_SPLINE_CURVE_WITH_KNOTS ( 'NONE', 3,
 ( #1754, #317, #965, #482 ),
 .UNSPECIFIED., .F., .F.,
 ( 4, 4 ),
 ( 2.380734247426259389E-07, 0.003246110284317209934 ),
 .UNSPECIFIED. ) ;
#1793 = DIRECTION ( 'NONE',  ( -0.5000000000000004441, 0.8660254037844384856, 0.000000000000000000 ) ) ;
#1794 = EDGE_CURVE ( 'NONE', #777, #823, #1366, .T. ) ;
#1795 = DIRECTION ( 'NONE',  ( -0.000000000000000000, -0.000000000000000000, -1.000000000000000000 ) ) ;
#1796 = CARTESIAN_POINT ( 'NONE',  ( -1.133092784412349844E-17, -0.09252404735808340830, 0.04062500000000000833 ) ) ;
#1797 = CARTESIAN_POINT ( 'NONE',  ( 0.1054607681489385940, 0.03451949657071371608, 0.09511199271212346373 ) ) ;
#1798 = EDGE_CURVE ( 'NONE', #733, #1702, #493, .T. ) ;
#1799 = CARTESIAN_POINT ( 'NONE',  ( 0.06542438130972604016, -0.06542438130972606791, 0.003125000000000017954 ) ) ;
#1800 = CARTESIAN_POINT ( 'NONE',  ( 0.08838834764831846047, -0.08838834764831850210, 0.02812500000000000763 ) ) ;
#1801 = CARTESIAN_POINT ( 'NONE',  ( -1.239660388935646209E-17, -0.1012259526419165001, 0.08560095264191637521 ) ) ;
#1802 = CIRCLE ( 'NONE', #1081, 0.2187499999999999167 ) ;
#1803 = CARTESIAN_POINT ( 'NONE',  ( 0.03832471526136867201, -0.09252404735808343605, -0.006249999999999985602 ) ) ;
#1804 = DIRECTION ( 'NONE',  ( -0.000000000000000000, -0.000000000000000000, -1.000000000000000000 ) ) ;
#1805 = CARTESIAN_POINT ( 'NONE',  ( 0.09252404735808340830, 0.03832471526136870671, 0.05625000000000004302 ) ) ;
#1806 = APPLICATION_PROTOCOL_DEFINITION ( 'draft international standard', 'automotive_design', 1998, #327 ) ;
#1807 = DIRECTION ( 'NONE',  ( 1.000000000000000000, 0.000000000000000000, 0.000000000000000000 ) ) ;
#1808 = CARTESIAN_POINT ( 'NONE',  ( -0.1108585837877436447, 0.05325749930276457711, 0.1071087508560807228 ) ) ;
#1809 = CARTESIAN_POINT ( 'NONE',  ( -0.09252404735808342218, -0.03832471526136867895, 0.08750000000000000833 ) ) ;
#1810 = VERTEX_POINT ( 'NONE', #1605 ) ;
#1811 = B_SPLINE_CURVE_WITH_KNOTS ( 'NONE', 3,
 ( #686, #1502, #858, #204 ),
 .UNSPECIFIED., .F., .F.,
 ( 4, 4 ),
 ( 2.380734247426259654E-07, 0.003246110284317174806 ),
 .UNSPECIFIED. ) ;
#1812 = DIRECTION ( 'NONE',  ( 1.000000000000000000, 0.000000000000000000, 0.000000000000000000 ) ) ;
#1813 = CARTESIAN_POINT ( 'NONE',  ( -0.01398997958719226491, -0.09981098240963405532, 0.08492218878308074870 ) ) ;
#1814 = EDGE_LOOP ( 'NONE', ( #1826, #1032, #314, #1712 ) ) ;
#1815 = CARTESIAN_POINT ( 'NONE',  ( -0.09252404735808342218, -0.03832471526136867895, -0.06249999999999999306 ) ) ;
#1816 = AXIS2_PLACEMENT_3D ( 'NONE', #928, #1876, #445 ) ;
#1817 = CARTESIAN_POINT ( 'NONE',  ( -0.1104056343539179946, -0.03763180213815055242, 0.1007531147028800783 ) ) ;
#1818 = CARTESIAN_POINT ( 'NONE',  ( -6.731080264487065347E-16, -0.2525907427704604524, -0.08983703805189785507 ) ) ;
#1819 = CARTESIAN_POINT ( 'NONE',  ( -0.09252404735808342218, -0.03832471526136867895, 0.03125000000000002776 ) ) ;
#1820 = ORIENTED_EDGE ( 'NONE', *, *, #1612, .T. ) ;
#1821 = CARTESIAN_POINT ( 'NONE',  ( 0.1250000000000000278, -2.296212748401287726E-17, -0.07187499999999998057 ) ) ;
#1822 = CARTESIAN_POINT ( 'NONE',  ( -0.06153206870794003525, 0.1040092083517447363, 0.1041721028004061605 ) ) ;
#1823 = CARTESIAN_POINT ( 'NONE',  ( -0.1250000000000000278, 0.05177669529663690706, 0.1000000000000000194 ) ) ;
#1824 = CARTESIAN_POINT ( 'NONE',  ( -1.133092784412349844E-17, -0.09252404735808340830, 0.09062500000000002498 ) ) ;
#1825 = CARTESIAN_POINT ( 'NONE',  ( 0.1250000000000000278, -0.05177669529663698339, 0.08125000000000000278 ) ) ;
#1826 = ORIENTED_EDGE ( 'NONE', *, *, #1544, .F. ) ;
#1827 = CARTESIAN_POINT ( 'NONE',  ( 0.03832471526136867201, -0.09252404735808343605, -0.1000000000000000194 ) ) ;
#1828 = CARTESIAN_POINT ( 'NONE',  ( -0.03766650248265985407, 0.08472351016936714718, -0.07689904735808347769 ) ) ;
#1829 = EDGE_CURVE ( 'NONE', #1100, #283, #240, .T. ) ;
#1830 = CARTESIAN_POINT ( 'NONE',  ( -0.06316341736961424147, -0.2161233267491774745, 0.1058024543881953411 ) ) ;
#1831 = CARTESIAN_POINT ( 'NONE',  ( -0.1250000000000000278, 0.05177669529663690706, -0.04999999999999997502 ) ) ;
#1832 = CARTESIAN_POINT ( 'NONE',  ( -0.09765944092260232801, 0.07310813419790165857, 0.1061116720090828913 ) ) ;
#1833 = CARTESIAN_POINT ( 'NONE',  ( 0.03832471526136875528, 0.09252404735808340830, 0.01875000000000002359 ) ) ;
#1834 = CARTESIAN_POINT ( 'NONE',  ( 0.000000000000000000, 0.000000000000000000, -0.1093750000000000000 ) ) ;
#1835 = CARTESIAN_POINT ( 'NONE',  ( -1.530808498934192125E-17, -0.1250000000000000555, 0.07187500000000002220 ) ) ;
#1836 =( GEOMETRIC_REPRESENTATION_CONTEXT ( 3 ) GLOBAL_UNCERTAINTY_ASSIGNED_CONTEXT ( ( #1323 ) ) GLOBAL_UNIT_ASSIGNED_CONTEXT ( ( #596, #470, #215 ) ) REPRESENTATION_CONTEXT ( 'NONE', 'WORKASPACE' ) );
#1837 = DIRECTION ( 'NONE',  ( 0.000000000000000000, 0.000000000000000000, 1.000000000000000000 ) ) ;
#1838 = CARTESIAN_POINT ( 'NONE',  ( -0.1250000000000000555, 0.05177669529663691400, 0.1062500000000000111 ) ) ;
#1839 = EDGE_LOOP ( 'NONE', ( #829, #1645, #782, #2045 ) ) ;
#1840 = ADVANCED_FACE ( 'NONE', ( #173 ), #341, .F. ) ;
#1841 = CARTESIAN_POINT ( 'NONE',  ( -0.1250000000000000278, 7.654042494670959086E-18, 0.003125000000000034868 ) ) ;
#1842 = CARTESIAN_POINT ( 'NONE',  ( 0.1091564916935795770, 0.01345482146008547368, 0.09412363558784547779 ) ) ;
#1843 = CARTESIAN_POINT ( 'NONE',  ( -0.06542438130972605403, -0.06542438130972604016, 0.09062500000000002498 ) ) ;
#1844 = ORIENTED_EDGE ( 'NONE', *, *, #1016, .T. ) ;
#1845 = CARTESIAN_POINT ( 'NONE',  ( -0.03832471526136868589, 0.09252404735808342218, 0.1187500000000000500 ) ) ;
#1846 = CARTESIAN_POINT ( 'NONE',  ( 0.000000000000000000, 0.000000000000000000, -0.1093750000000000000 ) ) ;
#1847 = ORIENTED_EDGE ( 'NONE', *, *, #141, .T. ) ;
#1848 =( LENGTH_UNIT ( ) NAMED_UNIT ( * ) SI_UNIT ( $, .METRE. ) );
#1849 = FACE_OUTER_BOUND ( 'NONE', #1904, .T. ) ;
#1850 = CARTESIAN_POINT ( 'NONE',  ( -0.1250000000000000555, -0.05177669529663690012, -0.03749999999999999167 ) ) ;
#1851 = ORIENTED_EDGE ( 'NONE', *, *, #601, .T. ) ;
#1852 = AXIS2_PLACEMENT_3D ( 'NONE', #1518, #1203, #1507 ) ;
#1853 = CLOSED_SHELL ( 'NONE', ( #442, #984, #101, #2024, #1419, #133, #1946, #1249, #335, #1928, #460, #403, #1888, #505, #545, #282, #1664, #1871, #2043, #1840, #1210, #1217, #869, #1450, #247, #157, #1735, #1293, #1179, #1301, #1399, #561, #986, #744, #800, #1594, #1547, #645, #1583 ) ) ;
#1854 = CARTESIAN_POINT ( 'NONE',  ( -0.05177669529663690706, 0.1250000000000000555, -0.1000000000000000194 ) ) ;
#1855 = PLANE ( 'NONE',  #80 ) ;
#1856 = DIRECTION ( 'NONE',  ( 1.000000000000000000, 0.000000000000000000, 0.000000000000000000 ) ) ;
#1857 = PLANE ( 'NONE',  #1495 ) ;
#1858 = MANIFOLD_SOLID_BREP ( 'Mirror1', #1853 ) ;
#1859 = ORIENTED_EDGE ( 'NONE', *, *, #274, .T. ) ;
#1860 = CARTESIAN_POINT ( 'NONE',  ( -0.05177669529663691400, -0.1250000000000000278, -0.08749999999999996669 ) ) ;
#1861 = SURFACE_SIDE_STYLE ('',( #1902 ) ) ;
#1862 = CARTESIAN_POINT ( 'NONE',  ( -0.02638656868477415665, 0.08888524949472086101, -0.07689904735808347769 ) ) ;
#1863 = CARTESIAN_POINT ( 'NONE',  ( 0.05177669529663687931, -0.1250000000000000555, -0.03124999999999997918 ) ) ;
#1864 = CARTESIAN_POINT ( 'NONE',  ( -0.05177669529663690706, 0.1250000000000000555, -0.1000000000000000194 ) ) ;
#1865 = VERTEX_POINT ( 'NONE', #974 ) ;
#1866 = CARTESIAN_POINT ( 'NONE',  ( 0.000000000000000000, 0.1250000000000000278, -0.009374999999999968428 ) ) ;
#1867 = CYLINDRICAL_SURFACE ( 'NONE', #577, 0.1250000000000000555 ) ;
#1868 = CARTESIAN_POINT ( 'NONE',  ( 0.1250000000000000555, -2.296212748401288034E-17, 0.08437500000000001943 ) ) ;
#1869 =( BOUNDED_CURVE ( )  B_SPLINE_CURVE ( 2, ( #439, #1071, #2053, #1550, #769, #1701, #1398, #618, #428 ),
 .UNSPECIFIED., .F., .F. ) 
 B_SPLINE_CURVE_WITH_KNOTS ( ( 3, 2, 2, 2, 3 ),
 ( 0.08333333333333337034, 0.1041666666666666297, 0.1250000000000000000, 0.1458333333333333703, 0.1666666666666666297 ),
 .UNSPECIFIED. ) 
 CURVE ( )  GEOMETRIC_REPRESENTATION_ITEM ( )  RATIONAL_B_SPLINE_CURVE ( ( 1.000000000000000000, 0.9238795325112867385, 1.000000000000000000, 0.9238795325112867385, 1.000000000000000000, 0.9238795325112867385, 1.000000000000000000, 0.9238795325112867385, 1.000000000000000000 ) ) 
 REPRESENTATION_ITEM ( '' )  );
#1870 = CARTESIAN_POINT ( 'NONE',  ( -0.1250000000000000278, 7.654042494670959086E-18, -0.04687499999999997224 ) ) ;
#1871 = ADVANCED_FACE ( 'NONE', ( #1598 ), #670, .F. ) ;
#1872 = CARTESIAN_POINT ( 'NONE',  ( -0.09252404735808342218, -0.03832471526136867895, 0.03750000000000002637 ) ) ;
#1873 = B_SPLINE_CURVE_WITH_KNOTS ( 'NONE', 3,
 ( #567, #251, #1636, #88, #208, #549, #1201, #1358 ),
 .UNSPECIFIED., .F., .F.,
 ( 4, 2, 2, 4 ),
 ( 0.003246110284317214271, 0.004054545091207046800, 0.004862979898096878896, 0.006479849511876543088 ),
 .UNSPECIFIED. ) ;
#1874 = CARTESIAN_POINT ( 'NONE',  ( -0.007715092202946199559, -0.1094887095962094326, -0.09386370959620940480 ) ) ;
#1875 = CARTESIAN_POINT ( 'NONE',  ( 0.08838834764831847435, 0.08838834764831844659, 0.03437500000000004441 ) ) ;
#1876 = DIRECTION ( 'NONE',  ( 0.000000000000000000, 0.000000000000000000, -1.000000000000000000 ) ) ;
#1877 = EDGE_CURVE ( 'NONE', #542, #1554, #712, .T. ) ;
#1878 = CARTESIAN_POINT ( 'NONE',  ( 0.1011497372574341330, -0.01950184190854978988, -0.08653758681955209253 ) ) ;
#1879 = CARTESIAN_POINT ( 'NONE',  ( -0.09252404735808340830, 5.665463922061749222E-18, -0.06562499999999998890 ) ) ;
#1880 = CARTESIAN_POINT ( 'NONE',  ( -0.09252404735808342218, 0.03832471526136869977, 0.1312500000000000056 ) ) ;
#1881 = CARTESIAN_POINT ( 'NONE',  ( -0.09252404735808340830, 5.665463922061749222E-18, -0.07187499999999999445 ) ) ;
#1882 = AXIS2_PLACEMENT_3D ( 'NONE', #1378, #1236, #1548 ) ;
#1883 = CARTESIAN_POINT ( 'NONE',  ( 0.000000000000000000, 0.000000000000000000, -0.1093750000000000000 ) ) ;
#1884 = CONICAL_SURFACE ( 'NONE', #338, 0.1125000000000000583, 0.7853981633974500554 ) ;
#1885 = CARTESIAN_POINT ( 'NONE',  ( 0.06647197758520943800, -0.08245854249839811023, -0.09008312211831154270 ) ) ;
#1886 = CARTESIAN_POINT ( 'NONE',  ( -0.1250000000000000555, 0.05177669529663691400, 0.006250000000000018562 ) ) ;
#1887 = CARTESIAN_POINT ( 'NONE',  ( 0.1250000000000000278, -2.296212748401287726E-17, -0.07187499999999998057 ) ) ;
#1888 = ADVANCED_FACE ( 'NONE', ( #212 ), #42, .F. ) ;
#1889 = ORIENTED_EDGE ( 'NONE', *, *, #773, .T. ) ;
#1890 = CARTESIAN_POINT ( 'NONE',  ( -0.06542438130972604016, 0.06542438130972605403, 0.02812500000000000763 ) ) ;
#1891 = CARTESIAN_POINT ( 'NONE',  ( -1.530808498934191817E-17, -0.1250000000000000278, 0.06562500000000003053 ) ) ;
#1892 = CARTESIAN_POINT ( 'NONE',  ( 0.06542438130972604016, -0.06542438130972606791, -0.05312499999999999861 ) ) ;
#1893 = EDGE_CURVE ( 'NONE', #1193, #361, #1485, .T. ) ;
#1894 = CARTESIAN_POINT ( 'NONE',  ( -0.08838834764831846047, 0.08838834764831846047, 0.1468750000000000611 ) ) ;
#1895 = CARTESIAN_POINT ( 'NONE',  ( -0.03832471526136868589, 0.09252404735808342218, 0.01875000000000000278 ) ) ;
#1896 = CARTESIAN_POINT ( 'NONE',  ( -0.05431570440134120270, 0.07490329495360660561, 0.07689904735807338854 ) ) ;
#1897 =( LENGTH_UNIT ( ) NAMED_UNIT ( * ) SI_UNIT ( $, .METRE. ) );
#1898 = CARTESIAN_POINT ( 'NONE',  ( 0.1250000000000000555, -2.296212748401288034E-17, -0.01562499999999998786 ) ) ;
#1899 = CARTESIAN_POINT ( 'NONE',  ( 0.1250000000000000278, 0.05177669529663693482, -0.01249999999999998682 ) ) ;
#1900 = FACE_OUTER_BOUND ( 'NONE', #1947, .T. ) ;
#1901 = CARTESIAN_POINT ( 'NONE',  ( 0.06542438130972606791, 0.06542438130972604016, 0.01562500000000002082 ) ) ;
#1902 = SURFACE_STYLE_FILL_AREA ( #946 ) ;
#1903 = CARTESIAN_POINT ( 'NONE',  ( -0.06542438130972604016, 0.06542438130972605403, -0.02812499999999999029 ) ) ;
#1904 = EDGE_LOOP ( 'NONE', ( #17, #142, #264, #680, #627, #716 ) ) ;
#1905 = CARTESIAN_POINT ( 'NONE',  ( 0.09252404735808340830, -0.03832471526136874140, -0.1000000000000000194 ) ) ;
#1906 = DIRECTION ( 'NONE',  ( -1.000000000000000000, 0.000000000000000000, 0.000000000000000000 ) ) ;
#1907 = CARTESIAN_POINT ( 'NONE',  ( -6.731080264487065347E-16, -0.2525907427704604524, -0.08983703805189785507 ) ) ;
#1908 = DIRECTION ( 'NONE',  ( 0.000000000000000000, 0.000000000000000000, 1.000000000000000000 ) ) ;
#1909 = CARTESIAN_POINT ( 'NONE',  ( -0.06542438130972605403, -0.06542438130972604016, 0.09062500000000002498 ) ) ;
#1910 = CARTESIAN_POINT ( 'NONE',  ( 0.08838834764831846047, -0.08838834764831847435, 0.07187500000000003608 ) ) ;
#1911 = DIRECTION ( 'NONE',  ( 0.000000000000000000, 0.000000000000000000, 1.000000000000000000 ) ) ;
#1912 = ORIENTED_EDGE ( 'NONE', *, *, #1277, .T. ) ;
#1913 = CARTESIAN_POINT ( 'NONE',  ( -0.08838834764831846047, 0.08838834764831846047, 0.09687500000000004441 ) ) ;
#1914 = CARTESIAN_POINT ( 'NONE',  ( -0.09252404735808342218, -0.03832471526136867895, -0.06874999999999999167 ) ) ;
#1915 = CARTESIAN_POINT ( 'NONE',  ( 0.000000000000000000, 0.000000000000000000, 0.1093750000000000000 ) ) ;
#1916 = CARTESIAN_POINT ( 'NONE',  ( -0.1093749999999998196, -0.1894430570778460332, -0.1093750000000000000 ) ) ;
#1917 = CARTESIAN_POINT ( 'NONE',  ( -0.09252404735808342218, 0.03832471526136869977, -0.06874999999999999167 ) ) ;
#1918 = CARTESIAN_POINT ( 'NONE',  ( 0.03832471526136867201, -0.09252404735808343605, 0.05000000000000002359 ) ) ;
#1919 = CARTESIAN_POINT ( 'NONE',  ( -0.09252404735808340830, 5.665463922061749222E-18, 0.02812500000000000763 ) ) ;
#1920 = CARTESIAN_POINT ( 'NONE',  ( -0.09137163070204215587, 0.01455762488768317167, 0.07689904735808344993 ) ) ;
#1921 = EDGE_LOOP ( 'NONE', ( #583, #949, #190, #2069 ) ) ;
#1922 = CARTESIAN_POINT ( 'NONE',  ( -0.09252404735808342218, 0.03832471526136869977, -0.1187500000000000083 ) ) ;
#1923 = EDGE_CURVE ( 'NONE', #1360, #802, #1500, .T. ) ;
#1924 = CARTESIAN_POINT ( 'NONE',  ( -0.07490329495353777178, 0.05431570440143611289, -0.07689904735808342218 ) ) ;
#1925 = CARTESIAN_POINT ( 'NONE',  ( -0.03832471526136868589, 0.09252404735808342218, -0.07499999999999998335 ) ) ;
#1926 = CARTESIAN_POINT ( 'NONE',  ( -0.2187499999999998612, 0.1058704706304093024, -0.09573319902638116607 ) ) ;
#1927 = CARTESIAN_POINT ( 'NONE',  ( 0.03832471526136875528, 0.09252404735808340830, 0.06250000000000002776 ) ) ;
#1928 = ADVANCED_FACE ( 'NONE', ( #998 ), #854, .F. ) ;
#1929 = DIRECTION ( 'NONE',  ( 1.000000000000000000, 0.000000000000000000, 0.000000000000000000 ) ) ;
#1930 = VERTEX_POINT ( 'NONE', #220 ) ;
#1931 = CARTESIAN_POINT ( 'NONE',  ( 0.03578458537308561171, -0.2319305027724699042, 0.1017652331762858298 ) ) ;
#1932 = CARTESIAN_POINT ( 'NONE',  ( -1.530808498934192125E-17, -0.1250000000000000555, -0.1281249999999999889 ) ) ;
#1933 = ORIENTED_EDGE ( 'NONE', *, *, #9, .F. ) ;
#1934 = AXIS2_PLACEMENT_3D ( 'NONE', #296, #1099, #1723 ) ;
#1935 = CARTESIAN_POINT ( 'NONE',  ( -0.01575410251811648274, 0.1067026456525431294, -0.09193338459402705665 ) ) ;
#1936 = CARTESIAN_POINT ( 'NONE',  ( -0.03832471526136870671, -0.09252404735808342218, -0.1062499999999999972 ) ) ;
#1937 = CARTESIAN_POINT ( 'NONE',  ( -1.133092784412349844E-17, -0.09252404735808340830, -0.003124999999999983694 ) ) ;
#1938 = CARTESIAN_POINT ( 'NONE',  ( 0.09252404735808340830, 0.03832471526136870671, 0.006250000000000018562 ) ) ;
#1939 = CARTESIAN_POINT ( 'NONE',  ( -0.1250000000000000278, 7.654042494670959086E-18, 0.05312500000000003331 ) ) ;
#1940 = CARTESIAN_POINT ( 'NONE',  ( -0.03832471526136870671, -0.09252404735808340830, -0.01249999999999998682 ) ) ;
#1941 = CARTESIAN_POINT ( 'NONE',  ( 0.05177669529663699033, 0.1250000000000000278, -0.05624999999999999445 ) ) ;
#1942 = CARTESIAN_POINT ( 'NONE',  ( 0.03832471526136867201, -0.09252404735808343605, 0.09375000000000001388 ) ) ;
#1943 = CARTESIAN_POINT ( 'NONE',  ( -9.228272762067352653E-15, 0.09330127018922140802, -0.07767627018922142190 ) ) ;
#1944 = CARTESIAN_POINT ( 'NONE',  ( -0.007985989349577230639, 0.1089189092040841883, -0.09329390920408416055 ) ) ;
#1945 = VECTOR ( 'NONE', #94, 39.37007874015748143 ) ;
#1946 = ADVANCED_FACE ( 'NONE', ( #1969 ), #539, .F. ) ;
#1947 = EDGE_LOOP ( 'NONE', ( #122, #2038, #1724 ) ) ;
#1948 = CARTESIAN_POINT ( 'NONE',  ( -1.133092784412349844E-17, -0.09252404735808340830, -0.05937499999999999722 ) ) ;
#1949 = CARTESIAN_POINT ( 'NONE',  ( -0.06317599042379856700, -0.07481063813733664081, 0.08204479656151189571 ) ) ;
#1950 = AXIS2_PLACEMENT_3D ( 'NONE', #817, #1787, #29 ) ;
#1951 = CARTESIAN_POINT ( 'NONE',  ( 0.09252404735808338054, -0.03832471526136874140, 0.05000000000000002359 ) ) ;
#1952 = CARTESIAN_POINT ( 'NONE',  ( 0.000000000000000000, 0.1250000000000000555, -0.003125000000000000607 ) ) ;
#1953 = CARTESIAN_POINT ( 'NONE',  ( -0.05177669529663690706, 0.1250000000000000555, -0.05000000000000000971 ) ) ;
#1954 = CARTESIAN_POINT ( 'NONE',  ( 0.09252404735808340830, -0.03832471526136874140, 0.05000000000000002359 ) ) ;
#1955 = EDGE_LOOP ( 'NONE', ( #770, #1200, #1601, #1230, #1223 ) ) ;
#1956 = EDGE_CURVE ( 'NONE', #510, #1128, #1290, .T. ) ;
#1957 = CARTESIAN_POINT ( 'NONE',  ( 0.01426710325855004395, -0.1011618353351904781, 0.08628636487724745951 ) ) ;
#1958 = CARTESIAN_POINT ( 'NONE',  ( 0.06542438130972606791, 0.06542438130972604016, 0.06562500000000001665 ) ) ;
#1959 = ORIENTED_EDGE ( 'NONE', *, *, #1105, .F. ) ;
#1960 = CARTESIAN_POINT ( 'NONE',  ( 0.1250000000000000555, -2.296212748401288034E-17, 0.03437500000000000971 ) ) ;
#1961 = CARTESIAN_POINT ( 'NONE',  ( -0.1555865826303859389, 0.1627627874065140090, -0.1058024543881951191 ) ) ;
#1962 = CARTESIAN_POINT ( 'NONE',  ( 0.05037053673737678511, -0.09425155177587762889, -0.09103733710145377189 ) ) ;
#1963 = CARTESIAN_POINT ( 'NONE',  ( 0.1060952358008627333, -0.02209056762375083069, 0.09251214496510390406 ) ) ;
#1964 = CARTESIAN_POINT ( 'NONE',  ( 0.08838834764831847435, 0.08838834764831844659, 0.08437500000000003331 ) ) ;
#1965 = AXIS2_PLACEMENT_3D ( 'NONE', #132, #2009, #1221 ) ;
#1966 = CARTESIAN_POINT ( 'NONE',  ( 0.000000000000000000, 0.000000000000000000, -0.1093750000000000000 ) ) ;
#1967 = DIRECTION ( 'NONE',  ( 0.000000000000000000, 0.000000000000000000, 1.000000000000000000 ) ) ;
#1968 = CARTESIAN_POINT ( 'NONE',  ( 0.000000000000000000, 0.09252404735808340830, -0.07812500000000000000 ) ) ;
#1969 = FACE_OUTER_BOUND ( 'NONE', #1921, .T. ) ;
#1970 = CARTESIAN_POINT ( 'NONE',  ( 0.1250000000000000278, -0.05177669529663698339, -0.1187500000000000083 ) ) ;
#1971 = ORIENTED_EDGE ( 'NONE', *, *, #619, .T. ) ;
#1972 = CARTESIAN_POINT ( 'NONE',  ( 0.08838834764831847435, 0.08838834764831844659, -0.06562499999999997502 ) ) ;
#1973 = CARTESIAN_POINT ( 'NONE',  ( 0.05457027149387955189, 0.1017483558138099486, 0.09895405367631185389 ) ) ;
#1974 = CARTESIAN_POINT ( 'NONE',  ( -0.05177669529663690012, 0.1250000000000000278, 0.09375000000000002776 ) ) ;
#1975 = CARTESIAN_POINT ( 'NONE',  ( 0.09252404735808340830, 0.03832471526136870671, 0.1062500000000000111 ) ) ;
#1976 = EDGE_CURVE ( 'NONE', #1246, #1242, #571, .T. ) ;
#1977 = AXIS2_PLACEMENT_3D ( 'NONE', #1774, #1458, #1306 ) ;
#1978 = CARTESIAN_POINT ( 'NONE',  ( -0.05177669529663692094, -0.1250000000000000555, 0.06875000000000000555 ) ) ;
#1979 = AXIS2_PLACEMENT_3D ( 'NONE', #1272, #312, #796 ) ;
#1980 = CARTESIAN_POINT ( 'NONE',  ( 0.000000000000000000, 0.000000000000000000, 0.1093750000000000000 ) ) ;
#1981 = CARTESIAN_POINT ( 'NONE',  ( -0.05177669529663690012, 0.1250000000000000278, -0.006249999999999967387 ) ) ;
#1982 = CARTESIAN_POINT ( 'NONE',  ( -1.530808498934192125E-17, -0.1250000000000000555, -0.07812500000000000000 ) ) ;
#1983 = ORIENTED_EDGE ( 'NONE', *, *, #679, .F. ) ;
#1984 = VERTEX_POINT ( 'NONE', #570 ) ;
#1985 = CARTESIAN_POINT ( 'NONE',  ( -0.05177669529663691400, -0.1250000000000000278, -0.08749999999999996669 ) ) ;
#1986 = CARTESIAN_POINT ( 'NONE',  ( 0.000000000000000000, 0.000000000000000000, -0.1093750000000000000 ) ) ;
#1987 = LINE ( 'NONE', #1268, #1120 ) ;
#1988 = DIRECTION ( 'NONE',  ( 0.000000000000000000, 0.000000000000000000, 1.000000000000000000 ) ) ;
#1989 = CARTESIAN_POINT ( 'NONE',  ( 0.05177669529663699033, 0.1250000000000000278, -0.006249999999999986469 ) ) ;
#1990 = EDGE_CURVE ( 'NONE', #978, #991, #1496, .T. ) ;
#1991 = LINE ( 'NONE', #1517, #902 ) ;
#1992 = CARTESIAN_POINT ( 'NONE',  ( 0.01784762896131376203, 0.2422864093852505341, -0.09578624770568164304 ) ) ;
#1993 = CARTESIAN_POINT ( 'NONE',  ( 0.1250000000000000278, 0.05177669529663693482, -0.06249999999999999306 ) ) ;
#1994 = CARTESIAN_POINT ( 'NONE',  ( -0.1250000000000000278, 0.05177669529663690706, 3.414809992080329023E-17 ) ) ;
#1995 = CARTESIAN_POINT ( 'NONE',  ( -1.133092784412349844E-17, -0.09252404735808340830, -0.1093750000000000000 ) ) ;
#1996 = CARTESIAN_POINT ( 'NONE',  ( 0.06716505234293472515, -0.08070108150434951444, 0.08912377038290673903 ) ) ;
#1997 = CARTESIAN_POINT ( 'NONE',  ( 0.06542438130972606791, 0.06542438130972604016, 0.01562500000000002082 ) ) ;
#1998 = DIRECTION ( 'NONE',  ( -8.659560562354947649E-17, 0.7071067811865487940, -0.7071067811865461294 ) ) ;
#1999 = CARTESIAN_POINT ( 'NONE',  ( -0.05177669529663690706, 0.1250000000000000555, 0.1000000000000000194 ) ) ;
#2000 = AXIS2_PLACEMENT_3D ( 'NONE', #1064, #560, #1837 ) ;
#2001 = CARTESIAN_POINT ( 'NONE',  ( 0.000000000000000000, 0.1250000000000000555, 0.04687500000000001388 ) ) ;
#2002 = CARTESIAN_POINT ( 'NONE',  ( -0.1000926839317632933, -0.1948022047585453165, 0.1093750000000002498 ) ) ;
#2003 = ORIENTED_EDGE ( 'NONE', *, *, #1252, .T. ) ;
#2004 = CARTESIAN_POINT ( 'NONE',  ( 0.1093750000000000833, 0.1894430570778461720, 0.1093750000000000000 ) ) ;
#2005 = APPLICATION_CONTEXT ( 'automotive_design' ) ;
#2006 = CARTESIAN_POINT ( 'NONE',  ( -0.1829654146269135417, -0.1469556113832210520, 0.1017652331762853996 ) ) ;
#2007 = CARTESIAN_POINT ( 'NONE',  ( -0.1250000000000000555, -0.05177669529663690012, -0.03749999999999999167 ) ) ;
#2008 =( BOUNDED_CURVE ( )  B_SPLINE_CURVE ( 2, ( #378, #1838, #1684, #2012, #399, #71, #390, #906, #1660 ),
 .UNSPECIFIED., .F., .F. ) 
 B_SPLINE_CURVE_WITH_KNOTS ( ( 3, 2, 2, 2, 3 ),
 ( 0.000000000000000000, 0.02083333333333337034, 0.04166666666666662966, 0.06250000000000000000, 0.08333333333333337034 ),
 .UNSPECIFIED. ) 
 CURVE ( )  GEOMETRIC_REPRESENTATION_ITEM ( )  RATIONAL_B_SPLINE_CURVE ( ( 1.000000000000000000, 0.9238795325112867385, 1.000000000000000000, 0.9238795325112867385, 1.000000000000000000, 0.9238795325112867385, 1.000000000000000000, 0.9238795325112867385, 1.000000000000000000 ) ) 
 REPRESENTATION_ITEM ( '' )  );
#2009 = DIRECTION ( 'NONE',  ( -0.000000000000000000, -0.000000000000000000, -1.000000000000000000 ) ) ;
#2010 = CARTESIAN_POINT ( 'NONE',  ( 0.09252404735808340830, 0.03832471526136870671, -0.08749999999999999445 ) ) ;
#2011 = CARTESIAN_POINT ( 'NONE',  ( 0.1250000000000000278, 0.05177669529663693482, 0.03750000000000002637 ) ) ;
#2012 = CARTESIAN_POINT ( 'NONE',  ( -0.05177669529663690706, 0.1250000000000000555, 0.1000000000000000194 ) ) ;
#2013 = ORIENTED_EDGE ( 'NONE', *, *, #953, .T. ) ;
#2014 = CIRCLE ( 'NONE', #1977, 0.1250000000000000555 ) ;
#2015 = CARTESIAN_POINT ( 'NONE',  ( -0.05177669529663691400, -0.1250000000000000278, -0.03749999999999996392 ) ) ;
#2016 = EDGE_CURVE ( 'NONE', #1702, #90, #1991, .T. ) ;
#2017 = CARTESIAN_POINT ( 'NONE',  ( -0.03578458537308635418, 0.2319305027724709867, -0.1017652331762851775 ) ) ;
#2018 = CARTESIAN_POINT ( 'NONE',  ( 0.09842224836054437598, 0.02008931553885026991, -0.08460762015814903003 ) ) ;
#2019 = CARTESIAN_POINT ( 'NONE',  ( -0.1250000000000000278, 0.05177669529663690706, -0.04999999999999996808 ) ) ;
#2020 = CARTESIAN_POINT ( 'NONE',  ( -1.133092784412349844E-17, -0.09252404735808340830, 0.09687500000000003053 ) ) ;
#2021 = CARTESIAN_POINT ( 'NONE',  ( -0.1093750000000002637, 0.1894430570778458944, 0.1093750000000000000 ) ) ;
#2022 = CARTESIAN_POINT ( 'NONE',  ( 0.05177669529663687931, -0.1250000000000000833, -0.02499999999999999098 ) ) ;
#2023 = ORIENTED_EDGE ( 'NONE', *, *, #1785, .F. ) ;
#2024 = ADVANCED_FACE ( 'NONE', ( #410 ), #971, .F. ) ;
#2025 = CARTESIAN_POINT ( 'NONE',  ( -0.1250000000000000278, 7.654042494670959086E-18, 0.1531250000000000666 ) ) ;
#2026 = FACE_OUTER_BOUND ( 'NONE', #1073, .T. ) ;
#2027 = CARTESIAN_POINT ( 'NONE',  ( -0.1250000000000000555, 7.654042494670960626E-18, -0.04062499999999999445 ) ) ;
#2028 = DIRECTION ( 'NONE',  ( 0.000000000000000000, 0.000000000000000000, -1.000000000000000000 ) ) ;
#2029 = CARTESIAN_POINT ( 'NONE',  ( -0.03832471526136868589, 0.09252404735808342218, 0.1250000000000000278 ) ) ;
#2030 = CARTESIAN_POINT ( 'NONE',  ( -0.01539621571814717496, -0.1090201265412936715, -0.09421194569474630742 ) ) ;
#2031 = ORIENTED_EDGE ( 'NONE', *, *, #999, .T. ) ;
#2032 = VECTOR ( 'NONE', #2065, 39.37007874015748854 ) ;
#2033 = PRODUCT_DEFINITION ( 'General', '', #731, #529 ) ;
#2034 = EDGE_CURVE ( 'NONE', #1204, #1984, #432, .T. ) ;
#2035 = CARTESIAN_POINT ( 'NONE',  ( -0.2187499999999998612, -0.1057386596506553200, 0.09577124957870336575 ) ) ;
#2036 = CARTESIAN_POINT ( 'NONE',  ( 0.1008646659369862864, 0.007041865660142315395, -0.08526765225554806815 ) ) ;
#2037 = CARTESIAN_POINT ( 'NONE',  ( -0.1250000000000000555, 7.654042494670960626E-18, 0.05937500000000001804 ) ) ;
#2038 = ORIENTED_EDGE ( 'NONE', *, *, #1324, .F. ) ;
#2039 = DIRECTION ( 'NONE',  ( -0.000000000000000000, -0.000000000000000000, -1.000000000000000000 ) ) ;
#2040 = ORIENTED_EDGE ( 'NONE', *, *, #1656, .T. ) ;
#2041 = CARTESIAN_POINT ( 'NONE',  ( -0.09252404735808340830, 5.665463922061749222E-18, 0.08437500000000001943 ) ) ;
#2043 = ADVANCED_FACE ( 'NONE', ( #243 ), #579, .F. ) ;
#2042 = CARTESIAN_POINT ( 'NONE',  ( -0.1250000000000000278, -0.05177669529663688625, 0.05625000000000004996 ) ) ;
#2044 = CARTESIAN_POINT ( 'NONE',  ( 0.03832471526136867201, -0.09252404735808343605, -0.05624999999999999445 ) ) ;
#2045 = ORIENTED_EDGE ( 'NONE', *, *, #999, .F. ) ;
#2046 = CARTESIAN_POINT ( 'NONE',  ( -0.1250000000000000278, 7.654042494670959086E-18, 0.05312500000000003331 ) ) ;
#2047 = CARTESIAN_POINT ( 'NONE',  ( -0.09252404735808342218, 0.03832471526136869977, -0.02499999999999999098 ) ) ;
#2048 = CARTESIAN_POINT ( 'NONE',  ( -0.2187499999999998057, 0.1262953713852306981, 0.08983703805189743874 ) ) ;
#2049 = CARTESIAN_POINT ( 'NONE',  ( 0.000000000000000000, 0.000000000000000000, 0.1093750000000000000 ) ) ;
#2050 = CONICAL_SURFACE ( 'NONE', #1153, 0.1125000000000000583, 0.7853981633974500554 ) ;
#2051 = CARTESIAN_POINT ( 'NONE',  ( 0.08745519006255826622, -0.05696565558641097926, -0.08853548881714462526 ) ) ;
#2052 = CARTESIAN_POINT ( 'NONE',  ( 0.05177669529663687931, -0.1250000000000000833, 0.02500000000000002567 ) ) ;
#2053 = CARTESIAN_POINT ( 'NONE',  ( 0.08838834764831846047, -0.08838834764831850210, 0.07812500000000001388 ) ) ;
#2054 = CARTESIAN_POINT ( 'NONE',  ( -0.06542438130972604016, 0.06542438130972605403, 0.07812500000000001388 ) ) ;
#2055 = CARTESIAN_POINT ( 'NONE',  ( 0.06542438130972606791, 0.06542438130972604016, -0.04062499999999999445 ) ) ;
#2056 = ORIENTED_EDGE ( 'NONE', *, *, #1192, .T. ) ;
#2057 = CARTESIAN_POINT ( 'NONE',  ( -0.1250000000000000278, 0.05177669529663690706, 0.05000000000000005135 ) ) ;
#2058 = CARTESIAN_POINT ( 'NONE',  ( 0.09252404735808340830, -1.699639176618524612E-17, -0.09687500000000000278 ) ) ;
#2059 = CARTESIAN_POINT ( 'NONE',  ( -0.03832471526136870671, -0.09252404735808342218, -0.1062499999999999972 ) ) ;
#2060 = DIRECTION ( 'NONE',  ( 0.000000000000000000, -0.7071067811865486830, 0.7071067811865464625 ) ) ;
#2061 = EDGE_LOOP ( 'NONE', ( #1789, #1762, #840 ) ) ;
#2062 = CARTESIAN_POINT ( 'NONE',  ( 0.1250000000000000278, -2.296212748401287726E-17, 0.02812500000000004233 ) ) ;
#2063 = CARTESIAN_POINT ( 'NONE',  ( 0.03832471526136867201, -0.09252404735808343605, 1.707404996040164512E-17 ) ) ;
#2064 = VERTEX_POINT ( 'NONE', #1224 ) ;
#2065 = DIRECTION ( 'NONE',  ( 8.659560562354947649E-17, 0.7071067811865487940, 0.7071067811865461294 ) ) ;
#2066 = CARTESIAN_POINT ( 'NONE',  ( 0.06542438130972604016, -0.06542438130972606791, 0.003125000000000017954 ) ) ;
#2067 =( BOUNDED_CURVE ( )  B_SPLINE_CURVE ( 2, ( #759, #2042, #136, #608, #1891, #300, #1910, #450, #1102 ),
 .UNSPECIFIED., .F., .F. ) 
 B_SPLINE_CURVE_WITH_KNOTS ( ( 3, 2, 2, 2, 3 ),
 ( 0.5416666666666666297, 0.5625000000000000000, 0.5833333333333333703, 0.6041666666666666297, 0.6250000000000000000 ),
 .UNSPECIFIED. ) 
 CURVE ( )  GEOMETRIC_REPRESENTATION_ITEM ( )  RATIONAL_B_SPLINE_CURVE ( ( 1.000000000000000000, 0.9238795325112867385, 1.000000000000000000, 0.9238795325112867385, 1.000000000000000000, 0.9238795325112867385, 1.000000000000000000, 0.9238795325112867385, 1.000000000000000000 ) ) 
 REPRESENTATION_ITEM ( '' )  );
#2068 = CARTESIAN_POINT ( 'NONE',  ( -0.09367225771425546910, -0.06539256658114214749, -0.09835428846748113518 ) ) ;
#2069 = ORIENTED_EDGE ( 'NONE', *, *, #1277, .F. ) ;
#2070 = B_SPLINE_CURVE_WITH_KNOTS ( 'NONE', 3,
 ( #1688, #259, #941, #456, #1570, #1371 ),
 .UNSPECIFIED., .F., .F.,
 ( 4, 2, 4 ),
 ( 0.009108146801265183667, 0.01073257823077396721, 0.01235700966028275075 ),
 .UNSPECIFIED. ) ;
#2071 = CARTESIAN_POINT ( 'NONE',  ( 0.08838834764831846047, -0.08838834764831847435, 0.02187500000000004025 ) ) ;
#2072 = CARTESIAN_POINT ( 'NONE',  ( 0.09252404735808340830, -1.699639176618524612E-17, -0.04687499999999999306 ) ) ;
#2073 = CARTESIAN_POINT ( 'NONE',  ( 0.1279812470397124757, -0.1787007353408579802, -0.1089131945147585045 ) ) ;
#2074 = AXIS2_PLACEMENT_3D ( 'NONE', #630, #1908, #824 ) ;
#2075 = CARTESIAN_POINT ( 'NONE',  ( -0.09076875296028683038, -0.2001853788148326985, -0.1089131945147580743 ) ) ;
ENDSEC;
END-ISO-10303-21;
