ISO-10303-21;
HEADER;
FILE_DESCRIPTION (( 'STEP AP214' ),
    '1' );
FILE_NAME ('90866A029_Zinc-Plated Steel Wing Nut.STEP',
    '2026-02-20T19:34:29',
    ( '' ),
    ( '' ),
    'SwSTEP 2.0',
    'SolidWorks 2025',
    '' );
FILE_SCHEMA (( 'AUTOMOTIVE_DESIGN' ));
ENDSEC;

DATA;
#1 = CIRCLE ( 'NONE', #2572, 0.2410064030424000359 ) ;
#2 = CARTESIAN_POINT ( 'NONE',  ( 0.09252404735808332503, 3.399278353237046143E-17, -0.05624999999999984179 ) ) ;
#3 = ORIENTED_EDGE ( 'NONE', *, *, #2190, .T. ) ;
#4 = CARTESIAN_POINT ( 'NONE',  ( -0.06486054313281912342, 0.1011663227350565047, -0.005071678300869946615 ) ) ;
#5 = CARTESIAN_POINT ( 'NONE',  ( 0.1637145568013739505, 0.06054687500000000000, -0.1571926757814474385 ) ) ;
#6 = CARTESIAN_POINT ( 'NONE',  ( 0.08247477033958701409, -0.06643051356231051419, -0.01930433863982487785 ) ) ;
#7 = CARTESIAN_POINT ( 'NONE',  ( 0.06249999999999997224, 0.1082531754730548385, -0.1166666666666664187 ) ) ;
#8 = CARTESIAN_POINT ( 'NONE',  ( 2.651438096812266054E-17, -0.1443375672974063773, -0.1437499999999996003 ) ) ;
#9 = CARTESIAN_POINT ( 'NONE',  ( -0.1637145568013739505, 0.06054687500000000000, -0.1571926757814474385 ) ) ;
#10 = CARTESIAN_POINT ( 'NONE',  ( -0.2359520961115487703, -0.04865339173049319788, -0.01482304451864375691 ) ) ;
#11 = EDGE_LOOP ( 'NONE', ( #1144, #2606, #1953, #556, #256 ) ) ;
#12 = ORIENTED_EDGE ( 'NONE', *, *, #315, .T. ) ;
#13 = CARTESIAN_POINT ( 'NONE',  ( -0.09252404735808328340, -0.05341878364870315116, -0.2770833333333326820 ) ) ;
#14 = ADVANCED_FACE ( 'NONE', ( #1811 ), #1311, .T. ) ;
#15 = ADVANCED_FACE ( 'NONE', ( #2485 ), #150, .F. ) ;
#16 = ORIENTED_EDGE ( 'NONE', *, *, #1187, .F. ) ;
#17 = CARTESIAN_POINT ( 'NONE',  ( -0.2604859517817782466, 0.04036458333333332871, 0.01357331393917055561 ) ) ;
#18 = CARTESIAN_POINT ( 'NONE',  ( 0.1095967168021949739, -0.007359629436798867386, -0.1665967168021944833 ) ) ;
#19 = CARTESIAN_POINT ( 'NONE',  ( 0.5363867100727401915, -0.06054687500000000000, -0.3954663814860762128 ) ) ;
#20 = ORIENTED_EDGE ( 'NONE', *, *, #2609, .T. ) ;
#21 = CARTESIAN_POINT ( 'NONE',  ( 0.1049950058811950776, -0.02604496120387407923, -0.01702503880580710088 ) ) ;
#22 = FACE_OUTER_BOUND ( 'NONE', #2435, .T. ) ;
#23 = CARTESIAN_POINT ( 'NONE',  ( -0.1249999999999999584, 0.000000000000000000, -0.3062499999999993006 ) ) ;
#24 = CARTESIAN_POINT ( 'NONE',  ( -0.08678696213102794765, -0.06148237912301045965, -0.1625444043189165355 ) ) ;
#25 = ORIENTED_EDGE ( 'NONE', *, *, #1252, .F. ) ;
#26 = EDGE_CURVE ( 'NONE', #115, #2778, #2295, .T. ) ;
#27 = CARTESIAN_POINT ( 'NONE',  ( 0.09252404735808332503, 1.133092784412348612E-17, -0.1562499999999996392 ) ) ;
#28 = DIRECTION ( 'NONE',  ( -0.000000000000000000, -0.000000000000000000, 1.000000000000000000 ) ) ;
#29 = ADVANCED_FACE ( 'NONE', ( #365 ), #993, .T. ) ;
#30 = VERTEX_POINT ( 'NONE', #1537 ) ;
#31 = EDGE_CURVE ( 'NONE', #2625, #1614, #2134, .T. ) ;
#32 = PLANE ( 'NONE',  #1453 ) ;
#33 = DIRECTION ( 'NONE',  ( -1.000000000000000000, 0.000000000000000000, -3.383966546990571645E-15 ) ) ;
#34 = EDGE_LOOP ( 'NONE', ( #2373, #2933, #1638, #2814 ) ) ;
#35 = CARTESIAN_POINT ( 'NONE',  ( -0.03236172680365622528, -0.09739591563124802565, -0.1594208274508520928 ) ) ;
#36 = CARTESIAN_POINT ( 'NONE',  ( 0.1249999999999997641, 0.07216878364870334128, -0.07708333333333308723 ) ) ;
#37 = APPLICATION_PROTOCOL_DEFINITION ( 'draft international standard', 'automotive_design', 1998, #897 ) ;
#38 = CARTESIAN_POINT ( 'NONE',  ( 0.000000000000000000, 0.000000000000000000, 0.000000000000000000 ) ) ;
#39 = DIRECTION ( 'NONE',  ( 0.2588190451025140781, 0.000000000000000000, 0.9659258262890701996 ) ) ;
#40 = AXIS2_PLACEMENT_3D ( 'NONE', #1858, #1162, #1582 ) ;
#41 = CARTESIAN_POINT ( 'NONE',  ( -0.1249999999999999167, -0.07216878364870328577, -0.1520833333333329318 ) ) ;
#42 = CARTESIAN_POINT ( 'NONE',  ( 0.1250000000000000000, 1.530808498934191509E-17, -0.02499999999999994588 ) ) ;
#43 = VECTOR ( 'NONE', #243, 39.37007874015748143 ) ;
#44 = ORIENTED_EDGE ( 'NONE', *, *, #2892, .T. ) ;
#45 = CARTESIAN_POINT ( 'NONE',  ( -0.04626202367904167639, 0.08012817547305463306, -0.2395833333333327597 ) ) ;
#46 = TOROIDAL_SURFACE ( 'NONE', #366, 0.3961370751102372689, 0.02018229166666666782 ) ;
#47 = EDGE_CURVE ( 'NONE', #836, #1745, #2051, .T. ) ;
#48 = DIRECTION ( 'NONE',  ( -1.000000000000000000, 0.000000000000000000, 9.154399031227591509E-17 ) ) ;
#49 = TOROIDAL_SURFACE ( 'NONE', #804, 0.01345486111111107372, 0.02018229166666666782 ) ;
#50 = ORIENTED_EDGE ( 'NONE', *, *, #758, .T. ) ;
#51 = CARTESIAN_POINT ( 'NONE',  ( 0.08912572485401537570, 0.05538080606122006838, -0.1455272577237028964 ) ) ;
#52 = CARTESIAN_POINT ( 'NONE',  ( 0.000000000000000000, 0.000000000000000000, -0.03247595264191655701 ) ) ;
#53 = CIRCLE ( 'NONE', #2212, 0.02018229166666666782 ) ;
#54 = VERTEX_POINT ( 'NONE', #2525 ) ;
#55 = CARTESIAN_POINT ( 'NONE',  ( -0.06249999999999990286, -0.1082531754730548801, -0.04166666666666658109 ) ) ;
#56 = VERTEX_POINT ( 'NONE', #192 ) ;
#57 = CARTESIAN_POINT ( 'NONE',  ( 0.07131874746019943589, 0.08889919481132449453, -0.01128661176139663345 ) ) ;
#58 = CIRCLE ( 'NONE', #2312, 0.02018229166666665395 ) ;
#59 = CARTESIAN_POINT ( 'NONE',  ( -0.09252404735808332503, -4.532371137649394447E-17, -0.08124999999999978073 ) ) ;
#60 = ADVANCED_FACE ( 'NONE', ( #1114 ), #890, .T. ) ;
#61 = ADVANCED_FACE ( 'NONE', ( #2037 ), #2653, .F. ) ;
#62 = CARTESIAN_POINT ( 'NONE',  ( 0.1171161900418883489, 0.03758720566991237411, -0.1799999999999999933 ) ) ;
#63 = DIRECTION ( 'NONE',  ( -0.6330808368971577726, -0.000000000000000000, -0.7740856890251843758 ) ) ;
#64 = FACE_OUTER_BOUND ( 'NONE', #512, .T. ) ;
#65 = CARTESIAN_POINT ( 'NONE',  ( 0.5476725043485169975, -0.04036458333333332177, -0.4121982595780073755 ) ) ;
#66 = ORIENTED_EDGE ( 'NONE', *, *, #2729, .T. ) ;
#67 = ORIENTED_EDGE ( 'NONE', *, *, #2740, .T. ) ;
#68 = ORIENTED_EDGE ( 'NONE', *, *, #2941, .T. ) ;
#69 = CARTESIAN_POINT ( 'NONE',  ( 0.2604859517817783021, 0.04036458333333332871, -0.4663628472222222654 ) ) ;
#70 = CARTESIAN_POINT ( 'NONE',  ( -0.04626202367904157925, -0.08012817547305467469, -0.07291666666666646313 ) ) ;
#71 = ADVANCED_FACE ( 'NONE', ( #176 ), #894, .F. ) ;
#72 = CARTESIAN_POINT ( 'NONE',  ( 0.000000000000000000, 0.000000000000000000, 0.000000000000000000 ) ) ;
#73 = EDGE_CURVE ( 'NONE', #841, #1610, #967, .T. ) ;
#74 =( BOUNDED_CURVE ( )  B_SPLINE_CURVE ( 2, ( #695, #757, #245, #1173, #2357, #51, #1887 ),
 .UNSPECIFIED., .F., .F. ) 
 B_SPLINE_CURVE_WITH_KNOTS ( ( 3, 2, 2, 3 ),
 ( 0.4285714285714286031, 0.4523809523809524391, 0.4761904761904761640, 0.4984702636122403940 ),
 .UNSPECIFIED. ) 
 CURVE ( )  GEOMETRIC_REPRESENTATION_ITEM ( )  RATIONAL_B_SPLINE_CURVE ( ( 0.9999999999999996669, 0.8660254037844390407, 1.000000000000000000, 0.8660254037844387076, 1.000000000000000000, 0.8746331280088252003, 0.9838906256640218562 ) ) 
 REPRESENTATION_ITEM ( '' )  );
#75 = CARTESIAN_POINT ( 'NONE',  ( 0.1539849902522285596, 0.05429341374603736253, -0.1779732287189444151 ) ) ;
#76 = ORIENTED_EDGE ( 'NONE', *, *, #1954, .T. ) ;
#77 = DIRECTION ( 'NONE',  ( 0.000000000000000000, 0.000000000000000000, 1.000000000000000000 ) ) ;
#78 = ORIENTED_EDGE ( 'NONE', *, *, #1406, .F. ) ;
#79 = AXIS2_PLACEMENT_3D ( 'NONE', #2985, #1131, #1163 ) ;
#80 = ORIENTED_EDGE ( 'NONE', *, *, #1623, .F. ) ;
#81 = FACE_OUTER_BOUND ( 'NONE', #1227, .T. ) ;
#82 = CARTESIAN_POINT ( 'NONE',  ( -8.838126989374222236E-18, 0.1443375672974063773, -0.01874999999999986747 ) ) ;
#83 = FACE_OUTER_BOUND ( 'NONE', #1494, .T. ) ;
#84 = CARTESIAN_POINT ( 'NONE',  ( 2.651438096812266671E-17, -0.1443375672974063773, -0.09374999999999972244 ) ) ;
#85 = FACE_OUTER_BOUND ( 'NONE', #236, .T. ) ;
#86 = CIRCLE ( 'NONE', #314, 0.02018229166666666435 ) ;
#87 = DIRECTION ( 'NONE',  ( 0.000000000000000000, 1.000000000000000000, 0.000000000000000000 ) ) ;
#88 = CIRCLE ( 'NONE', #2006, 0.03363715277777774848 ) ;
#89 = CARTESIAN_POINT ( 'NONE',  ( 0.1506177172506505957, 0.04862446634811026791, -0.1800000000000490374 ) ) ;
#90 = ADVANCED_FACE ( 'NONE', ( #81 ), #470, .T. ) ;
#91 = ORIENTED_EDGE ( 'NONE', *, *, #759, .T. ) ;
#92 = TOROIDAL_SURFACE ( 'NONE', #177, 0.1569444371913067682, 0.01000000000000000021 ) ;
#93 = ORIENTED_EDGE ( 'NONE', *, *, #1721, .F. ) ;
#94 = CONICAL_SURFACE ( 'NONE', #2661, 0.2421875000000000278, 0.08726646259971666819 ) ;
#95 = ORIENTED_EDGE ( 'NONE', *, *, #2717, .F. ) ;
#96 = DIRECTION ( 'NONE',  ( 1.000000000000000000, 0.000000000000000000, 0.000000000000000000 ) ) ;
#97 = AXIS2_PLACEMENT_3D ( 'NONE', #2109, #2158, #2323 ) ;
#98 = CARTESIAN_POINT ( 'NONE',  ( 0.06249999999999997224, 0.1082531754730548385, -0.1666666666666663243 ) ) ;
#99 = VECTOR ( 'NONE', #1451, 39.37007874015748143 ) ;
#100 = CARTESIAN_POINT ( 'NONE',  ( -0.2604859517817783021, -0.04036458333333332177, -0.5000000000000000000 ) ) ;
#101 = DIRECTION ( 'NONE',  ( 0.2588190451025140226, 0.000000000000000000, 0.9659258262890699775 ) ) ;
#102 = CARTESIAN_POINT ( 'NONE',  ( 0.06250000000000005551, -0.1082531754730547829, -0.08333333333333316217 ) ) ;
#103 = CARTESIAN_POINT ( 'NONE',  ( -0.1637145568013739505, 0.06054687500000000000, -0.1571926757814474385 ) ) ;
#104 = ORIENTED_EDGE ( 'NONE', *, *, #1515, .F. ) ;
#105 = CARTESIAN_POINT ( 'NONE',  ( 0.1249999999999999584, 1.530808498934191201E-17, -0.1312499999999996447 ) ) ;
#106 = EDGE_CURVE ( 'NONE', #2561, #305, #2506, .T. ) ;
#107 = EDGE_CURVE ( 'NONE', #836, #1743, #1195, .T. ) ;
#108 = VERTEX_POINT ( 'NONE', #2116 ) ;
#109 = DIRECTION ( 'NONE',  ( 0.000000000000000000, 0.000000000000000000, 1.000000000000000000 ) ) ;
#110 = ORIENTED_EDGE ( 'NONE', *, *, #696, .F. ) ;
#111 = DIRECTION ( 'NONE',  ( -0.000000000000000000, -1.000000000000000000, -0.000000000000000000 ) ) ;
#112 = LINE ( 'NONE', #1057, #659 ) ;
#113 = CYLINDRICAL_SURFACE ( 'NONE', #2604, 0.09252404735808332503 ) ;
#114 = EDGE_CURVE ( 'NONE', #2144, #869, #1009, .T. ) ;
#115 = VERTEX_POINT ( 'NONE', #2495 ) ;
#116 = ORIENTED_EDGE ( 'NONE', *, *, #642, .F. ) ;
#117 = CARTESIAN_POINT ( 'NONE',  ( -0.1637145568013739505, 0.06054687500000000000, -0.1571926757814474385 ) ) ;
#118 = ORIENTED_EDGE ( 'NONE', *, *, #1073, .F. ) ;
#119 = CARTESIAN_POINT ( 'NONE',  ( -8.838126989374223777E-18, 0.1443375672974064328, -0.2124999999999995226 ) ) ;
#120 = CYLINDRICAL_SURFACE ( 'NONE', #1686, 0.09252404735808332503 ) ;
#121 = LINE ( 'NONE', #1099, #2364 ) ;
#122 = CARTESIAN_POINT ( 'NONE',  ( -0.09252404735808335279, 0.05341878364870308871, -0.2291666666666661023 ) ) ;
#123 = CARTESIAN_POINT ( 'NONE',  ( -0.09764818301489677776, -0.07453702846817297778, -0.002387969073866072316 ) ) ;
#124 = ORIENTED_EDGE ( 'NONE', *, *, #367, .T. ) ;
#125 = EDGE_CURVE ( 'NONE', #2990, #716, #474, .T. ) ;
#126 = DIRECTION ( 'NONE',  ( -0.000000000000000000, -0.000000000000000000, 1.000000000000000000 ) ) ;
#127 = CONICAL_SURFACE ( 'NONE', #360, 0.2421875000000000278, 0.08726646259971666819 ) ;
#128 = CIRCLE ( 'NONE', #3004, 0.2922932180726093843 ) ;
#129 = ORIENTED_EDGE ( 'NONE', *, *, #2491, .T. ) ;
#130 = AXIS2_PLACEMENT_3D ( 'NONE', #331, #2005, #1950 ) ;
#131 = PRODUCT_DEFINITION ( 'General', '', #2555, #1906 ) ;
#132 = CARTESIAN_POINT ( 'NONE',  ( 0.5288628472222222099, 0.06054687500000000000, -0.3843117960914554931 ) ) ;
#133 = CARTESIAN_POINT ( 'NONE',  ( -0.09330127018926180626, -8.151897724307616232E-13, -0.03169872981073807577 ) ) ;
#134 = CARTESIAN_POINT ( 'NONE',  ( -0.04626202367904160007, -0.08012817547305467469, -0.02291666666666658178 ) ) ;
#135 = AXIS2_PLACEMENT_3D ( 'NONE', #1903, #1645, #1695 ) ;
#136 = FACE_OUTER_BOUND ( 'NONE', #2583, .T. ) ;
#137 = CARTESIAN_POINT ( 'NONE',  ( 0.09252404735808332503, 0.05341878364870312340, -0.1958333333333328319 ) ) ;
#138 = EDGE_CURVE ( 'NONE', #1745, #2656, #1356, .T. ) ;
#139 = EDGE_CURVE ( 'NONE', #30, #2229, #1425, .T. ) ;
#140 = CIRCLE ( 'NONE', #1003, 0.1569444371913067682 ) ;
#141 = FACE_OUTER_BOUND ( 'NONE', #1444, .T. ) ;
#142 = B_SPLINE_CURVE_WITH_KNOTS ( 'NONE', 3,
 ( #2803, #239, #1427, #2330 ),
 .UNSPECIFIED., .F., .F.,
 ( 4, 4 ),
 ( 0.0009321127422039563034, 0.001428952657326316468 ),
 .UNSPECIFIED. ) ;
#143 = DIRECTION ( 'NONE',  ( 0.000000000000000000, 0.000000000000000000, 1.000000000000000000 ) ) ;
#144 = CIRCLE ( 'NONE', #2619, 0.02018229166666665395 ) ;
#145 = CARTESIAN_POINT ( 'NONE',  ( 0.000000000000000000, 0.000000000000000000, -0.1799999999999999933 ) ) ;
#146 = CARTESIAN_POINT ( 'NONE',  ( 2.651438096812266054E-17, -0.1443375672974063773, -0.09374999999999970857 ) ) ;
#147 = DIRECTION ( 'NONE',  ( 0.000000000000000000, 0.000000000000000000, 1.000000000000000000 ) ) ;
#148 = ORIENTED_EDGE ( 'NONE', *, *, #26, .T. ) ;
#149 = LINE ( 'NONE', #2696, #2171 ) ;
#150 = PLANE ( 'NONE',  #504 ) ;
#151 = CARTESIAN_POINT ( 'NONE',  ( -0.2604859517817782466, 0.04036458333333332871, 0.01357331393917055561 ) ) ;
#152 = DIRECTION ( 'NONE',  ( 0.000000000000000000, 1.000000000000000000, 0.000000000000000000 ) ) ;
#153 = CARTESIAN_POINT ( 'NONE',  ( 0.09252404735808335279, -0.05341878364870306095, -0.01041666666666660711 ) ) ;
#154 = VERTEX_POINT ( 'NONE', #645 ) ;
#155 = CARTESIAN_POINT ( 'NONE',  ( 0.09252404735808335279, 1.133092784412348920E-17, -0.1499999999999996336 ) ) ;
#156 = CARTESIAN_POINT ( 'NONE',  ( 0.2421874999999998612, -0.04036458333333332177, -0.3057932180726094518 ) ) ;
#157 = ADVANCED_FACE ( 'NONE', ( #442 ), #2074, .F. ) ;
#158 = CYLINDRICAL_SURFACE ( 'NONE', #230, 0.1250000000000000000 ) ;
#159 = ORIENTED_EDGE ( 'NONE', *, *, #197, .T. ) ;
#160 =( BOUNDED_CURVE ( )  B_SPLINE_CURVE ( 2, ( #290, #2100, #2368, #84, #980, #2169, #2634 ),
 .UNSPECIFIED., .F., .F. ) 
 B_SPLINE_CURVE_WITH_KNOTS ( ( 3, 2, 2, 3 ),
 ( 0.3571428571428570953, 0.3809523809523808757, 0.4047619047619047672, 0.4285714285714285476 ),
 .UNSPECIFIED. ) 
 CURVE ( )  GEOMETRIC_REPRESENTATION_ITEM ( )  RATIONAL_B_SPLINE_CURVE ( ( 1.000000000000000444, 0.8660254037844384856, 1.000000000000000000, 0.8660254037844387076, 1.000000000000000000, 0.8660254037844387076, 1.000000000000000000 ) ) 
 REPRESENTATION_ITEM ( '' )  );
#161 = EDGE_LOOP ( 'NONE', ( #544, #761, #2176, #937 ) ) ;
#162 = CARTESIAN_POINT ( 'NONE',  ( -0.09252404735808332503, 0.05341878364870308177, 0.01458333333333333877 ) ) ;
#163 = ORIENTED_EDGE ( 'NONE', *, *, #2957, .F. ) ;
#164 = DIRECTION ( 'NONE',  ( 0.000000000000000000, 1.000000000000000000, 0.000000000000000000 ) ) ;
#165 = FACE_BOUND ( 'NONE', #444, .T. ) ;
#166 = CARTESIAN_POINT ( 'NONE',  ( 0.09252404735808351932, -0.05341878364870289442, -0.1104166666666663854 ) ) ;
#167 = CARTESIAN_POINT ( 'NONE',  ( -0.1249999999999999167, -0.07216878364870328577, -0.05208333333333313442 ) ) ;
#168 = VERTEX_POINT ( 'NONE', #9 ) ;
#169 = CARTESIAN_POINT ( 'NONE',  ( -0.1006133004687676386, 0.03056773493600683719, -0.02014548657321676983 ) ) ;
#170 = ORIENTED_EDGE ( 'NONE', *, *, #2907, .T. ) ;
#171 = AXIS2_PLACEMENT_3D ( 'NONE', #354, #1576, #809 ) ;
#172 = CARTESIAN_POINT ( 'NONE',  ( -0.1499086832239720224, -0.04646442789221486708, -0.1799999999999999933 ) ) ;
#173 = CONICAL_SURFACE ( 'NONE', #2160, 0.2398253060848000717, 0.4647348018393627211 ) ;
#174 = CARTESIAN_POINT ( 'NONE',  ( -0.09252404735808332503, 0.000000000000000000, -0.1312499999999997002 ) ) ;
#175 = ORIENTED_EDGE ( 'NONE', *, *, #758, .F. ) ;
#176 = FACE_OUTER_BOUND ( 'NONE', #11, .T. ) ;
#177 = AXIS2_PLACEMENT_3D ( 'NONE', #2812, #1416, #2321 ) ;
#178 = CARTESIAN_POINT ( 'NONE',  ( -6.541914240972922338E-18, 0.1068375672974062052, -0.2874999999999993117 ) ) ;
#179 = DIRECTION ( 'NONE',  ( 0.000000000000000000, 0.000000000000000000, -1.000000000000000000 ) ) ;
#180 = CARTESIAN_POINT ( 'NONE',  ( -0.1249999999999999167, -0.07216878364870328577, -0.002083333333333237027 ) ) ;
#181 = AXIS2_PLACEMENT_3D ( 'NONE', #1094, #2048, #2306 ) ;
#182 = CARTESIAN_POINT ( 'NONE',  ( 0.1506174790383563722, -0.04862374064550940844, -0.1800000000001704126 ) ) ;
#183 = DIRECTION ( 'NONE',  ( -0.000000000000000000, -1.000000000000000000, -0.000000000000000000 ) ) ;
#184 = CONICAL_SURFACE ( 'NONE', #1560, 0.2398253060848000717, 0.4647348018393627211 ) ;
#185 = ORIENTED_EDGE ( 'NONE', *, *, #2047, .T. ) ;
#186 = DIRECTION ( 'NONE',  ( -0.000000000000000000, -1.000000000000000000, -0.000000000000000000 ) ) ;
#187 = EDGE_CURVE ( 'NONE', #285, #2900, #1393, .T. ) ;
#188 = DIRECTION ( 'NONE',  ( 0.000000000000000000, 0.000000000000000000, -1.000000000000000000 ) ) ;
#189 = EDGE_CURVE ( 'NONE', #826, #2561, #2004, .T. ) ;
#190 = DIRECTION ( 'NONE',  ( -0.000000000000000000, -0.000000000000000000, 1.000000000000000000 ) ) ;
#191 = ORIENTED_EDGE ( 'NONE', *, *, #856, .T. ) ;
#192 = CARTESIAN_POINT ( 'NONE',  ( -0.2421875000000000278, -0.06054687500000000000, -0.03368229166666673879 ) ) ;
#193 = CARTESIAN_POINT ( 'NONE',  ( 2.651438096812266054E-17, -0.1443375672974063773, -0.04374999999999982375 ) ) ;
#194 = CARTESIAN_POINT ( 'NONE',  ( -0.1086751541474355737, -3.182360892352723312E-13, -0.1656751541474355272 ) ) ;
#195 = CARTESIAN_POINT ( 'NONE',  ( 0.2071815987178526330, -0.06054687500000000000, -0.07496444830734316778 ) ) ;
#196 = CARTESIAN_POINT ( 'NONE',  ( -0.1250000000000000000, 0.000000000000000000, 0.000000000000000000 ) ) ;
#197 = EDGE_CURVE ( 'NONE', #2778, #2070, #86, .T. ) ;
#198 = CARTESIAN_POINT ( 'NONE',  ( -0.1506174790382669715, 0.04862374064531486267, -0.1800000000001896472 ) ) ;
#199 = ORIENTED_EDGE ( 'NONE', *, *, #2173, .T. ) ;
#200 = FACE_OUTER_BOUND ( 'NONE', #1238, .T. ) ;
#201 = CARTESIAN_POINT ( 'NONE',  ( 0.06204806174962011756, 0.06863481166752170848, -0.1495240473580833895 ) ) ;
#202 = VERTEX_POINT ( 'NONE', #225 ) ;
#203 = CARTESIAN_POINT ( 'NONE',  ( -0.1117043921744612089, 0.05167342073961047472, -0.002163219307725126276 ) ) ;
#204 = B_SPLINE_CURVE_WITH_KNOTS ( 'NONE', 3,
 ( #103, #2593, #2353, #1716 ),
 .UNSPECIFIED., .F., .F.,
 ( 4, 4 ),
 ( 0.0009321127422039566287, 0.001428952657326334466 ),
 .UNSPECIFIED. ) ;
#205 = CARTESIAN_POINT ( 'NONE',  ( 0.1684261118331928653, -0.04036458333333332177, -0.1747764385428529077 ) ) ;
#206 = CARTESIAN_POINT ( 'NONE',  ( 0.1249999999999999167, 0.07216878364870323026, -0.1270833333333329651 ) ) ;
#207 = ORIENTED_EDGE ( 'NONE', *, *, #1841, .F. ) ;
#208 = CARTESIAN_POINT ( 'NONE',  ( 0.09252404735808332503, 1.133092784412348612E-17, -0.2062499999999995171 ) ) ;
#209 = CARTESIAN_POINT ( 'NONE',  ( 0.5476725043485169975, 0.06054687500000000000, -0.4121982595780073755 ) ) ;
#210 = ORIENTED_EDGE ( 'NONE', *, *, #2648, .T. ) ;
#211 = DIRECTION ( 'NONE',  ( 1.000000000000000000, 0.000000000000000000, 0.000000000000000000 ) ) ;
#213 = AXIS2_PLACEMENT_3D ( 'NONE', #2792, #1592, #1137 ) ;
#212 = DIRECTION ( 'NONE',  ( 0.000000000000000000, 1.000000000000000000, 0.000000000000000000 ) ) ;
#214 = VERTEX_POINT ( 'NONE', #2826 ) ;
#215 = CARTESIAN_POINT ( 'NONE',  ( -0.07757321501316892520, 0.09258619918827540318, -0.004455006732081695682 ) ) ;
#216 = CIRCLE ( 'NONE', #364, 0.1250000000000000000 ) ;
#217 = CIRCLE ( 'NONE', #2953, 0.02018229166666669211 ) ;
#218 = CARTESIAN_POINT ( 'NONE',  ( -0.1250000000000000000, 0.07216878364870320250, -0.1041666666666664492 ) ) ;
#219 = EDGE_CURVE ( 'NONE', #2641, #2244, #1086, .T. ) ;
#220 = CARTESIAN_POINT ( 'NONE',  ( -0.06249999999999988898, -0.1082531754730548523, -0.2979166666666659413 ) ) ;
#221 = EDGE_CURVE ( 'NONE', #944, #773, #384, .T. ) ;
#222 = ORIENTED_EDGE ( 'NONE', *, *, #2601, .F. ) ;
#223 = CARTESIAN_POINT ( 'NONE',  ( -0.02648403168903992397, 0.1131478268923795660, -0.1723906258635961863 ) ) ;
#224 = AXIS2_PLACEMENT_3D ( 'NONE', #418, #2085, #1893 ) ;
#225 = CARTESIAN_POINT ( 'NONE',  ( -0.2323506059694690484, 0.05940852922172525780, -0.02699999999999997888 ) ) ;
#226 = VERTEX_POINT ( 'NONE', #1665 ) ;
#227 = VERTEX_POINT ( 'NONE', #1472 ) ;
#228 = CARTESIAN_POINT ( 'NONE',  ( 0.1011486569067487629, 0.06771914605190458569, -0.1785327738571509948 ) ) ;
#229 = CARTESIAN_POINT ( 'NONE',  ( -0.04626202367904167639, 0.08012817547305463306, -0.2895833333333326931 ) ) ;
#230 = AXIS2_PLACEMENT_3D ( 'NONE', #1070, #1334, #1993 ) ;
#231 = DIRECTION ( 'NONE',  ( 1.000000000000000000, 0.000000000000000000, 0.000000000000000000 ) ) ;
#232 = ORIENTED_EDGE ( 'NONE', *, *, #1400, .T. ) ;
#233 = AXIS2_PLACEMENT_3D ( 'NONE', #921, #1855, #715 ) ;
#234 = DIRECTION ( 'NONE',  ( 0.000000000000000000, 0.000000000000000000, -1.000000000000000000 ) ) ;
#235 = CARTESIAN_POINT ( 'NONE',  ( -0.5423177083333333703, 0.04036458333333332871, -0.3843117960914555487 ) ) ;
#236 = EDGE_LOOP ( 'NONE', ( #2286, #20, #805, #1236 ) ) ;
#237 = DIRECTION ( 'NONE',  ( -0.000000000000000000, -0.000000000000000000, 1.000000000000000000 ) ) ;
#238 = FACE_OUTER_BOUND ( 'NONE', #2887, .T. ) ;
#239 = CARTESIAN_POINT ( 'NONE',  ( 0.1606651635359928332, -0.06054687499999999306, -0.1628972942302621962 ) ) ;
#240 = CARTESIAN_POINT ( 'NONE',  ( -0.06249999999999988898, -0.1082531754730548523, -0.1479166666666662522 ) ) ;
#241 = ORIENTED_EDGE ( 'NONE', *, *, #453, .T. ) ;
#242 = CARTESIAN_POINT ( 'NONE',  ( 0.04626202367904164864, 0.08012817547305464694, -0.2979166666666659968 ) ) ;
#243 = DIRECTION ( 'NONE',  ( 0.000000000000000000, -1.000000000000000000, -0.000000000000000000 ) ) ;
#244 = ORIENTED_EDGE ( 'NONE', *, *, #1268, .F. ) ;
#245 = CARTESIAN_POINT ( 'NONE',  ( -0.04626202367904181517, 0.08012817547305456367, -0.1333333333333329707 ) ) ;
#246 = DIRECTION ( 'NONE',  ( -0.000000000000000000, -0.000000000000000000, 1.000000000000000000 ) ) ;
#247 = LINE ( 'NONE', #820, #1595 ) ;
#248 = ORIENTED_EDGE ( 'NONE', *, *, #736, .T. ) ;
#249 = CARTESIAN_POINT ( 'NONE',  ( 0.006952520159158035069, -0.1010203928550781338, -0.1573893415443062549 ) ) ;
#250 = DIRECTION ( 'NONE',  ( 0.000000000000000000, 0.000000000000000000, 1.000000000000000000 ) ) ;
#251 = CARTESIAN_POINT ( 'NONE',  ( -0.2604859517817783021, 0.06054687500000000000, -0.4798177083333333148 ) ) ;
#252 = EDGE_CURVE ( 'NONE', #1996, #338, #2248, .T. ) ;
#253 = CARTESIAN_POINT ( 'NONE',  ( -0.1249999999999999584, 0.000000000000000000, -0.1062499999999996919 ) ) ;
#254 = CARTESIAN_POINT ( 'NONE',  ( 0.04626202367904180823, -0.08012817547305456367, -0.1083333333333330456 ) ) ;
#255 = DIRECTION ( 'NONE',  ( 0.000000000000000000, 1.000000000000000000, 0.000000000000000000 ) ) ;
#256 = ORIENTED_EDGE ( 'NONE', *, *, #2833, .F. ) ;
#257 = ORIENTED_EDGE ( 'NONE', *, *, #2893, .F. ) ;
#258 = CARTESIAN_POINT ( 'NONE',  ( -0.09252404735808332503, 0.000000000000000000, -0.2312499999999994560 ) ) ;
#259 =( GEOMETRIC_REPRESENTATION_CONTEXT ( 3 ) GLOBAL_UNCERTAINTY_ASSIGNED_CONTEXT ( ( #538 ) ) GLOBAL_UNIT_ASSIGNED_CONTEXT ( ( #454, #1116, #672 ) ) REPRESENTATION_CONTEXT ( 'NONE', 'WORKASPACE' ) );
#260 = ORIENTED_EDGE ( 'NONE', *, *, #2354, .T. ) ;
#261 = EDGE_CURVE ( 'NONE', #2070, #2512, #2853, .T. ) ;
#262 = EDGE_CURVE ( 'NONE', #1278, #214, #1317, .T. ) ;
#263 = ORIENTED_EDGE ( 'NONE', *, *, #1840, .T. ) ;
#264 = CARTESIAN_POINT ( 'NONE',  ( 0.09244563075698780663, 0.07827758118882048588, -0.1779415393824832214 ) ) ;
#265 = DIRECTION ( 'NONE',  ( 1.000000000000000000, 0.000000000000000000, 0.000000000000000000 ) ) ;
#266 = ORIENTED_EDGE ( 'NONE', *, *, #221, .F. ) ;
#267 = CARTESIAN_POINT ( 'NONE',  ( 0.03153395791825168437, 0.1115144960579391442, -0.009364456756160112125 ) ) ;
#268 = CARTESIAN_POINT ( 'NONE',  ( 0.1249999999999999306, 0.07216878364870323026, -0.02708333333333319548 ) ) ;
#269 = APPLICATION_CONTEXT ( 'automotive_design' ) ;
#270 = CARTESIAN_POINT ( 'NONE',  ( 0.000000000000000000, 0.000000000000000000, -0.5000000000000000000 ) ) ;
#271 = CARTESIAN_POINT ( 'NONE',  ( 0.1637145568013739505, 0.06054687500000000000, -0.1571926757814474385 ) ) ;
#272 =( BOUNDED_CURVE ( )  B_SPLINE_CURVE ( 3, ( #1964, #2427, #1262, #2166 ),
 .UNSPECIFIED., .F., .T. ) 
 B_SPLINE_CURVE_WITH_KNOTS ( ( 4, 4 ),
 ( 2.834553636945071009, 3.141592653589793116 ),
 .UNSPECIFIED. ) 
 CURVE ( )  GEOMETRIC_REPRESENTATION_ITEM ( )  RATIONAL_B_SPLINE_CURVE ( ( 1.000000000000000000, 0.9921593375692197014, 0.9921593375692197014, 1.000000000000000000 ) ) 
 REPRESENTATION_ITEM ( '' )  );
#273 = DIRECTION ( 'NONE',  ( 0.000000000000000000, 0.000000000000000000, 1.000000000000000000 ) ) ;
#274 = AXIS2_PLACEMENT_3D ( 'NONE', #1842, #1618, #1867 ) ;
#275 = B_SPLINE_CURVE_WITH_KNOTS ( 'NONE', 3,
 ( #851, #625, #1572, #1600, #1383, #5 ),
 .UNSPECIFIED., .F., .F.,
 ( 4, 2, 4 ),
 ( 2.283899634984058796E-07, 0.0002466116737049418644, 0.0004929949574463852666 ),
 .UNSPECIFIED. ) ;
#276 = DIRECTION ( 'NONE',  ( 0.000000000000000000, -1.000000000000000000, -0.000000000000000000 ) ) ;
#277 = AXIS2_PLACEMENT_3D ( 'NONE', #1789, #2414, #1736 ) ;
#278 = CARTESIAN_POINT ( 'NONE',  ( -0.09252404735808332503, -6.798556706474092287E-17, -0.1312499999999997002 ) ) ;
#279 = VERTEX_POINT ( 'NONE', #1457 ) ;
#280 = PRODUCT ( '90866A029_Zinc-Plated Steel Wing Nut_90866A029', '90866A029_Zinc-Plated Steel Wing Nut_90866A029', '', ( #1627 ) ) ;
#281 = AXIS2_PLACEMENT_3D ( 'NONE', #1319, #179, #1059 ) ;
#282 = ORIENTED_EDGE ( 'NONE', *, *, #1625, .F. ) ;
#283 = B_SPLINE_CURVE_WITH_KNOTS ( 'NONE', 3,
 ( #2600, #1178, #978, #62 ),
 .UNSPECIFIED., .F., .F.,
 ( 4, 4 ),
 ( 1.493525386500133533E-17, 0.0004556314430654702873 ),
 .UNSPECIFIED. ) ;
#284 = EDGE_CURVE ( 'NONE', #370, #2064, #160, .T. ) ;
#285 = VERTEX_POINT ( 'NONE', #1221 ) ;
#286 = CARTESIAN_POINT ( 'NONE',  ( 0.04570145117345811997, 0.1057791121811314378, -0.01002370356703886564 ) ) ;
#287 = FACE_OUTER_BOUND ( 'NONE', #1294, .T. ) ;
#288 = CARTESIAN_POINT ( 'NONE',  ( 0.2421875000000000278, -0.04036458333333332871, -0.03368229166666673879 ) ) ;
#289 = CARTESIAN_POINT ( 'NONE',  ( -0.1249999999999999722, -0.07216878364870328577, -0.1458333333333330095 ) ) ;
#290 = CARTESIAN_POINT ( 'NONE',  ( 0.1249999999999999445, 1.530808498934191201E-17, -0.08124999999999972522 ) ) ;
#291 = LINE ( 'NONE', #1029, #2307 ) ;
#292 = ORIENTED_EDGE ( 'NONE', *, *, #2941, .F. ) ;
#293 = EDGE_LOOP ( 'NONE', ( #971, #2189, #2490, #2848, #1994, #2670, #2611, #926 ) ) ;
#294 = CARTESIAN_POINT ( 'NONE',  ( -0.1250000000000000000, 1.530808498934191509E-17, -0.5000000000000000000 ) ) ;
#295 = ORIENTED_EDGE ( 'NONE', *, *, #1682, .F. ) ;
#296 = CARTESIAN_POINT ( 'NONE',  ( 0.09282578924206000281, -1.719995238157664475E-15, -0.1498257892420600812 ) ) ;
#297 = FACE_BOUND ( 'NONE', #526, .T. ) ;
#298 = CARTESIAN_POINT ( 'NONE',  ( -0.1637145568013739505, -0.06054687500000000000, -0.1571926757814473830 ) ) ;
#299 = CARTESIAN_POINT ( 'NONE',  ( -0.06250000000000001388, 0.1082531754730548246, -0.1583333333333329929 ) ) ;
#300 = CARTESIAN_POINT ( 'NONE',  ( -0.09252404735808335279, 0.000000000000000000, -0.07499999999999977518 ) ) ;
#301 = EDGE_CURVE ( 'NONE', #2966, #1869, #2753, .T. ) ;
#302 = CARTESIAN_POINT ( 'NONE',  ( 0.2376021605957364946, -0.04036458333333330789, -0.01349999999999999985 ) ) ;
#303 = DIRECTION ( 'NONE',  ( 0.000000000000000000, 0.000000000000000000, 1.000000000000000000 ) ) ;
#304 = CARTESIAN_POINT ( 'NONE',  ( -0.09129845084464391358, 0.01500973726915248718, -0.03247595264191657088 ) ) ;
#305 = VERTEX_POINT ( 'NONE', #100 ) ;
#306 = ORIENTED_EDGE ( 'NONE', *, *, #572, .T. ) ;
#307 = TOROIDAL_SURFACE ( 'NONE', #79, 0.01345486111111107372, 0.02018229166666666782 ) ;
#308 = CIRCLE ( 'NONE', #2152, 0.5135733139391704949 ) ;
#309 = ORIENTED_EDGE ( 'NONE', *, *, #1463, .T. ) ;
#310 = LINE ( 'NONE', #1676, #99 ) ;
#311 = DIRECTION ( 'NONE',  ( 0.000000000000000000, 0.000000000000000000, 1.000000000000000000 ) ) ;
#312 = CARTESIAN_POINT ( 'NONE',  ( 0.5288628472222222099, 0.06054687500000000000, -0.3843117960914554931 ) ) ;
#313 = CARTESIAN_POINT ( 'NONE',  ( 0.4528246739582253988, -0.06054687500000000000, -0.1335250050546745448 ) ) ;
#314 = AXIS2_PLACEMENT_3D ( 'NONE', #2530, #429, #2298 ) ;
#315 = EDGE_CURVE ( 'NONE', #841, #108, #790, .T. ) ;
#316 = ADVANCED_FACE ( 'NONE', ( #141 ), #113, .F. ) ;
#317 = VECTOR ( 'NONE', #1415, 39.37007874015748143 ) ;
#318 = CARTESIAN_POINT ( 'NONE',  ( 0.09252404735808332503, 2.210103635541414168E-16, -0.1062499999999997197 ) ) ;
#319 = ORIENTED_EDGE ( 'NONE', *, *, #2106, .F. ) ;
#320 = VECTOR ( 'NONE', #988, 39.37007874015748143 ) ;
#321 = DIRECTION ( 'NONE',  ( -0.9659258262890698665, 0.000000000000000000, -0.2588190451025152439 ) ) ;
#322 = VERTEX_POINT ( 'NONE', #1777 ) ;
#323 = AXIS2_PLACEMENT_3D ( 'NONE', #1881, #737, #520 ) ;
#324 = ORIENTED_EDGE ( 'NONE', *, *, #844, .F. ) ;
#325 = VECTOR ( 'NONE', #2950, 39.37007874015748143 ) ;
#326 = CARTESIAN_POINT ( 'NONE',  ( -0.06250000000000018041, 0.1082531754730547136, -0.1083333333333331150 ) ) ;
#327 =( NAMED_UNIT ( * ) PLANE_ANGLE_UNIT ( ) SI_UNIT ( $, .RADIAN. ) );
#328 = AXIS2_PLACEMENT_3D ( 'NONE', #2914, #2474, #596 ) ;
#329 = CARTESIAN_POINT ( 'NONE',  ( 0.1489315150786608422, 0.04036458333333332871, -0.1799999999999999933 ) ) ;
#330 = EDGE_CURVE ( 'NONE', #1614, #1278, #688, .T. ) ;
#331 = CARTESIAN_POINT ( 'NONE',  ( 0.000000000000000000, 0.000000000000000000, -0.1799999999999999933 ) ) ;
#332 = FACE_OUTER_BOUND ( 'NONE', #2768, .T. ) ;
#333 = EDGE_CURVE ( 'NONE', #30, #2433, #1241, .T. ) ;
#334 = DIRECTION ( 'NONE',  ( -0.000000000000000000, -0.000000000000000000, 1.000000000000000000 ) ) ;
#335 = DIRECTION ( 'NONE',  ( 0.000000000000000000, 0.000000000000000000, 1.000000000000000000 ) ) ;
#336 = ORIENTED_EDGE ( 'NONE', *, *, #1000, .T. ) ;
#337 = VERTEX_POINT ( 'NONE', #617 ) ;
#338 = VERTEX_POINT ( 'NONE', #1751 ) ;
#339 = FACE_OUTER_BOUND ( 'NONE', #1008, .T. ) ;
#340 = CARTESIAN_POINT ( 'NONE',  ( -0.09239167488635866010, 0.01003510509455637738, -0.03220422069545281901 ) ) ;
#341 = DIRECTION ( 'NONE',  ( 0.000000000000000000, 0.000000000000000000, -1.000000000000000000 ) ) ;
#342 = CARTESIAN_POINT ( 'NONE',  ( -0.04626202367904160700, -0.08012817547305468857, -0.1666666666666662411 ) ) ;
#343 = CARTESIAN_POINT ( 'NONE',  ( -2.486588715423882749E-16, 0.1068375672974061913, -0.08749999999999974465 ) ) ;
#344 = DIRECTION ( 'NONE',  ( 0.000000000000000000, 0.000000000000000000, 1.000000000000000000 ) ) ;
#345 = ADVANCED_FACE ( 'NONE', ( #376 ), #2946, .T. ) ;
#346 = CARTESIAN_POINT ( 'NONE',  ( 0.1249999999999999306, 0.07216878364870323026, -0.1270833333333329374 ) ) ;
#347 = CARTESIAN_POINT ( 'NONE',  ( -0.1065336692574481992, -0.05338083957947727803, -0.006082687527450224806 ) ) ;
#348 = ORIENTED_EDGE ( 'NONE', *, *, #2842, .F. ) ;
#349 = B_SPLINE_CURVE_WITH_KNOTS ( 'NONE', 3,
 ( #2834, #2341, #1159, #2080, #940, #762, #1228, #2325, #18, #1673 ),
 .UNSPECIFIED., .F., .F.,
 ( 4, 2, 2, 2, 4 ),
 ( 3.414806577268629485E-18, 0.0005732412053570496661, 0.001146482410714096080, 0.001719723616071142059, 0.002292964821428188256 ),
 .UNSPECIFIED. ) ;
#350 = ORIENTED_EDGE ( 'NONE', *, *, #1852, .F. ) ;
#351 = EDGE_CURVE ( 'NONE', #1278, #716, #2219, .T. ) ;
#352 = CARTESIAN_POINT ( 'NONE',  ( 0.09252404735808332503, 3.399278353237046143E-17, -0.05624999999999984179 ) ) ;
#353 = ADVANCED_FACE ( 'NONE', ( #2030 ), #2660, .T. ) ;
#354 = CARTESIAN_POINT ( 'NONE',  ( 0.2604859517817783021, -0.04036458333333332871, -0.4798177083333333148 ) ) ;
#355 = CARTESIAN_POINT ( 'NONE',  ( -0.04626202367904160007, -0.08012817547305467469, -0.07291666666666646313 ) ) ;
#356 = CARTESIAN_POINT ( 'NONE',  ( 0.1014605496231165138, -0.07301203236573483579, -0.1799999999999395972 ) ) ;
#357 = CARTESIAN_POINT ( 'NONE',  ( -6.541914240972922338E-18, 0.1068375672974062052, -0.2374999999999994615 ) ) ;
#358 = CARTESIAN_POINT ( 'NONE',  ( -8.838126989374222236E-18, 0.1443375672974063773, -0.1187499999999996753 ) ) ;
#359 = CARTESIAN_POINT ( 'NONE',  ( -0.06250000000000000000, 0.1082531754730547829, -0.06458333333333311777 ) ) ;
#360 = AXIS2_PLACEMENT_3D ( 'NONE', #1497, #1242, #96 ) ;
#361 = ORIENTED_EDGE ( 'NONE', *, *, #946, .F. ) ;
#362 = CARTESIAN_POINT ( 'NONE',  ( -0.5363867100727401915, 0.04036458333333332871, -0.3954663814860762128 ) ) ;
#363 = CIRCLE ( 'NONE', #1089, 0.1250000000000000000 ) ;
#364 = AXIS2_PLACEMENT_3D ( 'NONE', #507, #2852, #1698 ) ;
#365 = FACE_OUTER_BOUND ( 'NONE', #2238, .T. ) ;
#366 = AXIS2_PLACEMENT_3D ( 'NONE', #1028, #598, #344 ) ;
#367 = EDGE_CURVE ( 'NONE', #54, #733, #2402, .T. ) ;
#368 = CARTESIAN_POINT ( 'NONE',  ( 0.2285925121575199392, -0.06054687500000000000, -0.03368229166666666941 ) ) ;
#369 = CARTESIAN_POINT ( 'NONE',  ( -6.541914240972920027E-18, 0.1068375672974061774, 0.006250000000000022898 ) ) ;
#370 = VERTEX_POINT ( 'NONE', #1013 ) ;
#371 = AXIS2_PLACEMENT_3D ( 'NONE', #1749, #768, #2452 ) ;
#372 = DIRECTION ( 'NONE',  ( -5.331547537738404491E-15, 0.000000000000000000, 1.000000000000000000 ) ) ;
#373 = DIRECTION ( 'NONE',  ( 0.000000000000000000, 0.000000000000000000, -1.000000000000000000 ) ) ;
#374 = CARTESIAN_POINT ( 'NONE',  ( 1.962574272291876470E-17, -0.1068375672974062052, -0.3124999999999992228 ) ) ;
#375 = VECTOR ( 'NONE', #628, 39.37007874015748143 ) ;
#376 = FACE_OUTER_BOUND ( 'NONE', #1511, .T. ) ;
#377 = CARTESIAN_POINT ( 'NONE',  ( 0.1489315150786608699, -0.04243832234414841170, -0.1799999999999999933 ) ) ;
#378 = CARTESIAN_POINT ( 'NONE',  ( -0.1249999999999999167, -0.07216878364870328577, -0.1020833333333330123 ) ) ;
#379 = EDGE_LOOP ( 'NONE', ( #1941, #44, #1674, #91, #1774 ) ) ;
#380 = CARTESIAN_POINT ( 'NONE',  ( 0.5288628472222222099, -0.06054687500000000000, -0.3843117960914554931 ) ) ;
#381 = ORIENTED_EDGE ( 'NONE', *, *, #2106, .T. ) ;
#382 = CARTESIAN_POINT ( 'NONE',  ( 0.2474895539454236015, 0.06054687500000000000, -0.4698452215269869336 ) ) ;
#383 = B_SPLINE_CURVE_WITH_KNOTS ( 'NONE', 3,
 ( #2113, #1194, #437, #941, #654, #1143, #2069, #201 ),
 .UNSPECIFIED., .F., .F.,
 ( 4, 2, 2, 4 ),
 ( 0.002292964821428188256, 0.002842293556599258513, 0.003391622291770328770, 0.004490279762112468417 ),
 .UNSPECIFIED. ) ;
#384 =( BOUNDED_CURVE ( )  B_SPLINE_CURVE ( 2, ( #2806, #1905, #727, #750, #2151, #2840, #2383 ),
 .UNSPECIFIED., .F., .T. ) 
 B_SPLINE_CURVE_WITH_KNOTS ( ( 3, 2, 2, 3 ),
 ( 0.2142857142857142738, 0.2380952380952380820, 0.2619047619047619180, 0.2857142857142856984 ),
 .UNSPECIFIED. ) 
 CURVE ( )  GEOMETRIC_REPRESENTATION_ITEM ( )  RATIONAL_B_SPLINE_CURVE ( ( 1.000000000000000000, 0.8660254037844387076, 1.000000000000000000, 0.8660254037844387076, 1.000000000000000000, 0.8660254037844387076, 1.000000000000000000 ) ) 
 REPRESENTATION_ITEM ( '' )  );
#385 = CARTESIAN_POINT ( 'NONE',  ( 0.09252404735808331115, 0.05341878364870311646, -0.1020833333333330817 ) ) ;
#386 = ORIENTED_EDGE ( 'NONE', *, *, #2029, .F. ) ;
#387 = CARTESIAN_POINT ( 'NONE',  ( -0.2061213828136045922, -0.06054687500000000000, -0.3154571050468300553 ) ) ;
#388 = CARTESIAN_POINT ( 'NONE',  ( 0.1118049252433505336, 0.05031471100695521226, -0.1794157345438059104 ) ) ;
#389 = CARTESIAN_POINT ( 'NONE',  ( -0.1637145568013739505, -0.06054687500000000000, -0.1571926757814473830 ) ) ;
#390 = CARTESIAN_POINT ( 'NONE',  ( 0.09252404735808332503, 1.133092784412348612E-17, 0.000000000000000000 ) ) ;
#391 = EDGE_CURVE ( 'NONE', #560, #227, #871, .T. ) ;
#392 = ORIENTED_EDGE ( 'NONE', *, *, #1074, .T. ) ;
#393 = DIRECTION ( 'NONE',  ( 0.000000000000000000, 0.000000000000000000, 1.000000000000000000 ) ) ;
#394 = DIRECTION ( 'NONE',  ( 0.000000000000000000, 1.000000000000000000, 0.000000000000000000 ) ) ;
#395 = FACE_OUTER_BOUND ( 'NONE', #34, .T. ) ;
#396 = CARTESIAN_POINT ( 'NONE',  ( 0.000000000000000000, 0.000000000000000000, 0.000000000000000000 ) ) ;
#397 = ORIENTED_EDGE ( 'NONE', *, *, #2970, .T. ) ;
#398 = CARTESIAN_POINT ( 'NONE',  ( -0.09252404735808335279, 0.000000000000000000, -0.1249999999999996808 ) ) ;
#399 = EDGE_CURVE ( 'NONE', #2628, #2845, #2551, .T. ) ;
#400 = CARTESIAN_POINT ( 'NONE',  ( -0.03865380476139543969, -0.09156437340658137025, -0.02583219719365302883 ) ) ;
#401 = AXIS2_PLACEMENT_3D ( 'NONE', #898, #684, #1583 ) ;
#402 = FACE_OUTER_BOUND ( 'NONE', #2214, .T. ) ;
#403 = CARTESIAN_POINT ( 'NONE',  ( -0.06249999999999988898, -0.1082531754730548523, 0.002083333333333416571 ) ) ;
#404 = ADVANCED_FACE ( 'NONE', ( #2643 ), #120, .F. ) ;
#405 = EDGE_CURVE ( 'NONE', #2845, #227, #1433, .T. ) ;
#406 = ORIENTED_EDGE ( 'NONE', *, *, #1189, .F. ) ;
#407 = VERTEX_POINT ( 'NONE', #1810 ) ;
#408 = DIRECTION ( 'NONE',  ( 0.000000000000000000, 0.000000000000000000, 1.000000000000000000 ) ) ;
#409 = DIRECTION ( 'NONE',  ( -0.000000000000000000, -0.000000000000000000, -1.000000000000000000 ) ) ;
#410 = ORIENTED_EDGE ( 'NONE', *, *, #2117, .T. ) ;
#411 = AXIS2_PLACEMENT_3D ( 'NONE', #1765, #2664, #143 ) ;
#412 = CIRCLE ( 'NONE', #705, 0.2413050481046799811 ) ;
#413 = ADVANCED_FACE ( 'NONE', ( #546 ), #2013, .T. ) ;
#414 = AXIS2_PLACEMENT_3D ( 'NONE', #1326, #409, #847 ) ;
#415 = CARTESIAN_POINT ( 'NONE',  ( 0.09252404735808332503, 2.210103635541414168E-16, -0.1062499999999997197 ) ) ;
#416 = CIRCLE ( 'NONE', #712, 0.4163193667769039541 ) ;
#417 = ORIENTED_EDGE ( 'NONE', *, *, #2855, .T. ) ;
#418 = CARTESIAN_POINT ( 'NONE',  ( 0.5288628472222222099, -0.04036458333333332177, -0.3843117960914554931 ) ) ;
#419 = ADVANCED_FACE ( 'NONE', ( #2392 ), #127, .T. ) ;
#420 = CARTESIAN_POINT ( 'NONE',  ( -0.04626202367904181517, 0.08012817547305456367, -0.1395833333333329762 ) ) ;
#421 = DIRECTION ( 'NONE',  ( 0.000000000000000000, 0.000000000000000000, -1.000000000000000000 ) ) ;
#422 = FACE_OUTER_BOUND ( 'NONE', #933, .T. ) ;
#423 = DIRECTION ( 'NONE',  ( 0.8290375725550407360, -0.000000000000000000, -0.5591929034707482371 ) ) ;
#424 = CARTESIAN_POINT ( 'NONE',  ( 0.2323506059694690484, 0.05940852922172525780, -0.02699999999999997888 ) ) ;
#425 = ORIENTED_EDGE ( 'NONE', *, *, #47, .T. ) ;
#426 = CARTESIAN_POINT ( 'NONE',  ( 0.000000000000000000, 0.000000000000000000, 0.000000000000000000 ) ) ;
#427 = CARTESIAN_POINT ( 'NONE',  ( 2.617427000243340872E-16, -0.1068375672974061913, -0.1187499999999997169 ) ) ;
#428 = CARTESIAN_POINT ( 'NONE',  ( 0.1249999999999999167, 0.07216878364870323026, -0.2770833333333326265 ) ) ;
#429 = DIRECTION ( 'NONE',  ( 3.383966546990571645E-15, -0.000000000000000000, 1.000000000000000000 ) ) ;
#430 = CARTESIAN_POINT ( 'NONE',  ( -0.1559303775463874442, -0.05659652206053621126, -0.1744818574584447168 ) ) ;
#431 = VERTEX_POINT ( 'NONE', #779 ) ;
#432 = CARTESIAN_POINT ( 'NONE',  ( 0.04626202367904164864, 0.08012817547305464694, -0.1479166666666663077 ) ) ;
#433 = DIRECTION ( 'NONE',  ( 0.000000000000000000, 1.000000000000000000, 0.000000000000000000 ) ) ;
#434 = VERTEX_POINT ( 'NONE', #2811 ) ;
#435 = EDGE_LOOP ( 'NONE', ( #306, #1522, #1339, #1080 ) ) ;
#436 = CARTESIAN_POINT ( 'NONE',  ( -0.2279949571908916062, -0.04036458333333332177, -0.4750687829841340748 ) ) ;
#437 = CARTESIAN_POINT ( 'NONE',  ( 0.1054742518221078312, 0.01389423909212490066, -0.1631543808715107124 ) ) ;
#438 = EDGE_CURVE ( 'NONE', #1927, #322, #1015, .T. ) ;
#439 = ORIENTED_EDGE ( 'NONE', *, *, #572, .F. ) ;
#440 = FACE_OUTER_BOUND ( 'NONE', #2971, .T. ) ;
#441 = CARTESIAN_POINT ( 'NONE',  ( -6.541914240972922338E-18, 0.1068375672974062052, 0.01250000000000002671 ) ) ;
#442 = FACE_OUTER_BOUND ( 'NONE', #1096, .T. ) ;
#443 = CARTESIAN_POINT ( 'NONE',  ( -0.1539849902522715530, -0.05429341374608866178, -0.1779732287188928730 ) ) ;
#444 = EDGE_LOOP ( 'NONE', ( #1153, #232, #1845, #1420, #2011, #2831 ) ) ;
#445 = LINE ( 'NONE', #2091, #1870 ) ;
#446 = ORIENTED_EDGE ( 'NONE', *, *, #1115, .T. ) ;
#447 = CARTESIAN_POINT ( 'NONE',  ( 0.1249999999999997086, 0.07216878364870370210, -0.1708333333333329485 ) ) ;
#449 = AXIS2_PLACEMENT_3D ( 'NONE', #997, #1429, #2869 ) ;
#448 = CARTESIAN_POINT ( 'NONE',  ( -0.2421875000000000278, -0.04036458333333332177, -0.01349999999999999985 ) ) ;
#450 = ORIENTED_EDGE ( 'NONE', *, *, #2738, .F. ) ;
#451 = CARTESIAN_POINT ( 'NONE',  ( -0.4528246739582253988, 0.04036458333333332871, -0.1335250050546745448 ) ) ;
#452 = CIRCLE ( 'NONE', #1396, 0.1250000000000000000 ) ;
#453 = EDGE_CURVE ( 'NONE', #2900, #337, #2053, .T. ) ;
#454 =( CONVERSION_BASED_UNIT ( 'INCH', #2052 ) LENGTH_UNIT ( ) NAMED_UNIT ( #1866 ) );
#455 = CARTESIAN_POINT ( 'NONE',  ( -0.09114610293029046240, -0.02646981486551229154, -0.03031968413541321142 ) ) ;
#456 =( BOUNDED_CURVE ( )  B_SPLINE_CURVE ( 2, ( #105, #542, #1492, #2401, #575, #1940, #1521 ),
 .UNSPECIFIED., .F., .T. ) 
 B_SPLINE_CURVE_WITH_KNOTS ( ( 3, 2, 2, 3 ),
 ( 0.5000000000000000000, 0.5238095238095238360, 0.5476190476190476719, 0.5714285714285713969 ),
 .UNSPECIFIED. ) 
 CURVE ( )  GEOMETRIC_REPRESENTATION_ITEM ( )  RATIONAL_B_SPLINE_CURVE ( ( 1.000000000000000000, 0.8660254037844387076, 1.000000000000000000, 0.8660254037844387076, 1.000000000000000000, 0.8660254037844387076, 1.000000000000000000 ) ) 
 REPRESENTATION_ITEM ( '' )  );
#457 = CIRCLE ( 'NONE', #1295, 0.2721109264059426991 ) ;
#458 = CARTESIAN_POINT ( 'NONE',  ( 1.962574272291876470E-17, -0.1068375672974062052, -0.01249999999999991743 ) ) ;
#459 = TOROIDAL_SURFACE ( 'NONE', #2460, 0.3961370751102372689, 0.02018229166666666782 ) ;
#460 = EDGE_LOOP ( 'NONE', ( #829, #1113, #2187, #2178, #1980, #1884, #2951, #540 ) ) ;
#461 = CARTESIAN_POINT ( 'NONE',  ( -0.04626202367904160007, -0.08012817547305467469, -0.2229166666666661523 ) ) ;
#462 = CARTESIAN_POINT ( 'NONE',  ( 0.1489315150786608699, 0.04036458333333332871, -0.01350000000000000852 ) ) ;
#463 = CIRCLE ( 'NONE', #2367, 0.02018229166666669211 ) ;
#464 = DIRECTION ( 'NONE',  ( -9.154399031227591509E-17, 0.000000000000000000, -1.000000000000000000 ) ) ;
#465 = ORIENTED_EDGE ( 'NONE', *, *, #1252, .T. ) ;
#466 = CARTESIAN_POINT ( 'NONE',  ( -0.1249999999999999584, 0.07216878364870318863, -0.1604166666666662355 ) ) ;
#467 = EDGE_CURVE ( 'NONE', #115, #2128, #692, .T. ) ;
#468 = CARTESIAN_POINT ( 'NONE',  ( 0.1250000000000000000, 1.530808498934191509E-17, -0.02499999999999994588 ) ) ;
#469 = ORIENTED_EDGE ( 'NONE', *, *, #73, .T. ) ;
#470 = CYLINDRICAL_SURFACE ( 'NONE', #2698, 0.02018229166666668517 ) ;
#471 = CARTESIAN_POINT ( 'NONE',  ( 0.06249999999999995837, 0.1082531754730548107, -0.07291666666666642149 ) ) ;
#472 = CYLINDRICAL_SURFACE ( 'NONE', #2813, 0.02018229166666668517 ) ;
#473 = CARTESIAN_POINT ( 'NONE',  ( -0.09252404735808335279, 0.000000000000000000, 0.02500000000000000139 ) ) ;
#474 =( BOUNDED_CURVE ( )  B_SPLINE_CURVE ( 2, ( #2510, #2317, #689, #2026, #1336, #1370, #415 ),
 .UNSPECIFIED., .F., .T. ) 
 B_SPLINE_CURVE_WITH_KNOTS ( ( 3, 2, 2, 3 ),
 ( 0.2857142857142856984, 0.3095238095238095344, 0.3333333333333332593, 0.3571428571428570953 ),
 .UNSPECIFIED. ) 
 CURVE ( )  GEOMETRIC_REPRESENTATION_ITEM ( )  RATIONAL_B_SPLINE_CURVE ( ( 1.000000000000000000, 0.8660254037844387076, 1.000000000000000000, 0.8660254037844387076, 1.000000000000000000, 0.8660254037844390407, 0.9999999999999996669 ) ) 
 REPRESENTATION_ITEM ( '' )  );
#475 = CARTESIAN_POINT ( 'NONE',  ( -0.5624999999999998890, -0.04036458333333332177, -0.3843117960914556042 ) ) ;
#476 = ORIENTED_EDGE ( 'NONE', *, *, #2034, .F. ) ;
#477 = EDGE_CURVE ( 'NONE', #2512, #407, #837, .T. ) ;
#478 = CARTESIAN_POINT ( 'NONE',  ( 0.09252404735808331115, 0.05341878364870311646, -0.2520833333333327708 ) ) ;
#479 = DIRECTION ( 'NONE',  ( 0.000000000000000000, 1.000000000000000000, 0.000000000000000000 ) ) ;
#480 = CARTESIAN_POINT ( 'NONE',  ( -0.5288628472222222099, -0.06054687500000000000, -0.3843117960914554931 ) ) ;
#481 = EDGE_LOOP ( 'NONE', ( #1417, #2713, #2197, #2682 ) ) ;
#482 =( BOUNDED_CURVE ( )  B_SPLINE_CURVE ( 2, ( #580, #806, #1077, #1999, #843, #2436, #352 ),
 .UNSPECIFIED., .F., .F. ) 
 B_SPLINE_CURVE_WITH_KNOTS ( ( 3, 2, 2, 3 ),
 ( 0.1466621516961066629, 0.1666666666666666574, 0.1904761904761904656, 0.2142857142857142738 ),
 .UNSPECIFIED. ) 
 CURVE ( )  GEOMETRIC_REPRESENTATION_ITEM ( )  RATIONAL_B_SPLINE_CURVE ( ( 0.9640221895668119600, 0.8874359337419051030, 1.000000000000000000, 0.8660254037844387076, 1.000000000000000000, 0.8660254037844387076, 1.000000000000000000 ) ) 
 REPRESENTATION_ITEM ( '' )  );
#483 = DIRECTION ( 'NONE',  ( -0.6330808368971577726, 0.000000000000000000, 0.7740856890251843758 ) ) ;
#484 = ORIENTED_EDGE ( 'NONE', *, *, #2417, .F. ) ;
#485 = DIRECTION ( 'NONE',  ( -1.000000000000000000, -0.000000000000000000, -0.000000000000000000 ) ) ;
#486 = EDGE_LOOP ( 'NONE', ( #878, #1270, #1672, #1254 ) ) ;
#487 = DIRECTION ( 'NONE',  ( 0.000000000000000000, 0.000000000000000000, 1.000000000000000000 ) ) ;
#488 = DIRECTION ( 'NONE',  ( -0.000000000000000000, -1.000000000000000000, -0.000000000000000000 ) ) ;
#489 = LINE ( 'NONE', #2838, #1146 ) ;
#490 = CARTESIAN_POINT ( 'NONE',  ( -0.06249999999999990286, -0.1082531754730548801, -0.1416666666666663854 ) ) ;
#491 = CARTESIAN_POINT ( 'NONE',  ( -0.1249999999999999167, -0.07216878364870328577, -0.2020833333333328374 ) ) ;
#492 = CARTESIAN_POINT ( 'NONE',  ( -0.06314413414263365942, 0.09475546675458583479, -0.1706641782088736126 ) ) ;
#493 = DIRECTION ( 'NONE',  ( -0.000000000000000000, -0.000000000000000000, 1.000000000000000000 ) ) ;
#494 = CARTESIAN_POINT ( 'NONE',  ( 0.09252404735808331115, 0.05341878364870311646, -0.3020833333333326487 ) ) ;
#495 = DIRECTION ( 'NONE',  ( 0.000000000000000000, 0.000000000000000000, 1.000000000000000000 ) ) ;
#496 = ORIENTED_EDGE ( 'NONE', *, *, #1864, .F. ) ;
#497 = CARTESIAN_POINT ( 'NONE',  ( -0.06250000000000000000, 0.1082531754730547829, -0.1645833333333328874 ) ) ;
#498 = EDGE_LOOP ( 'NONE', ( #469, #2419, #1890 ) ) ;
#499 = LINE ( 'NONE', #717, #320 ) ;
#500 = ORIENTED_EDGE ( 'NONE', *, *, #2770, .T. ) ;
#501 = CARTESIAN_POINT ( 'NONE',  ( 0.09279412745973648902, -0.01317175343354158069, -0.1504914339227925724 ) ) ;
#502 = CARTESIAN_POINT ( 'NONE',  ( -0.1249999999999999584, 0.000000000000000000, -0.006249999999999898866 ) ) ;
#503 = DIRECTION ( 'NONE',  ( 1.000000000000000000, -0.000000000000000000, -9.154399031227591509E-17 ) ) ;
#504 = AXIS2_PLACEMENT_3D ( 'NONE', #2261, #590, #2273 ) ;
#505 = CARTESIAN_POINT ( 'NONE',  ( 0.09252404735808335279, 1.133092784412348920E-17, -0.04999999999999984318 ) ) ;
#506 = CARTESIAN_POINT ( 'NONE',  ( -0.4528246739582253988, -0.04036458333333332871, -0.1335250050546745448 ) ) ;
#507 = CARTESIAN_POINT ( 'NONE',  ( 0.000000000000000000, 0.000000000000000000, -0.1799999999999999933 ) ) ;
#508 = VECTOR ( 'NONE', #101, 39.37007874015748854 ) ;
#509 = CARTESIAN_POINT ( 'NONE',  ( 0.000000000000000000, 0.000000000000000000, -0.02699999999999999969 ) ) ;
#510 = EDGE_CURVE ( 'NONE', #431, #1658, #445, .T. ) ;
#511 = VECTOR ( 'NONE', #1273, 39.37007874015748854 ) ;
#512 = EDGE_LOOP ( 'NONE', ( #417, #397, #2213, #191, #952, #1175, #2645, #410 ) ) ;
#513 = LINE ( 'NONE', #1685, #852 ) ;
#514 = AXIS2_PLACEMENT_3D ( 'NONE', #2488, #1313, #2226 ) ;
#515 = ORIENTED_EDGE ( 'NONE', *, *, #1318, .T. ) ;
#516 = LINE ( 'NONE', #1239, #2905 ) ;
#517 = ORIENTED_EDGE ( 'NONE', *, *, #2729, .F. ) ;
#518 = CARTESIAN_POINT ( 'NONE',  ( 0.09071351575406311207, -0.02623159569313750564, -0.1511989468650417334 ) ) ;
#519 = CARTESIAN_POINT ( 'NONE',  ( -0.09330127018926180626, -8.151897724307616232E-13, -0.03169872981073807577 ) ) ;
#520 = DIRECTION ( 'NONE',  ( 0.000000000000000000, 0.000000000000000000, 1.000000000000000000 ) ) ;
#521 = CARTESIAN_POINT ( 'NONE',  ( 0.04626202367904165558, 0.08012817547305466082, -0.09166666666666641039 ) ) ;
#522 = CARTESIAN_POINT ( 'NONE',  ( -0.09252404735808332503, -6.798556706474092287E-17, -0.1249999999999996947 ) ) ;
#523 = DIRECTION ( 'NONE',  ( 9.154399031227591509E-17, 0.000000000000000000, -1.000000000000000000 ) ) ;
#524 = LINE ( 'NONE', #1715, #2817 ) ;
#525 = CARTESIAN_POINT ( 'NONE',  ( -0.2421875000000000278, 0.04036458333333332871, -0.01349999999999999985 ) ) ;
#526 = EDGE_LOOP ( 'NONE', ( #1608, #110, #1621 ) ) ;
#527 = CARTESIAN_POINT ( 'NONE',  ( -0.1249999999999999584, 0.000000000000000000, -0.1562499999999995837 ) ) ;
#528 = ORIENTED_EDGE ( 'NONE', *, *, #252, .T. ) ;
#529 = ORIENTED_EDGE ( 'NONE', *, *, #351, .F. ) ;
#530 = CARTESIAN_POINT ( 'NONE',  ( 0.05261271486359283406, 0.1021612353104355692, -0.01034243433927107061 ) ) ;
#531 = EDGE_CURVE ( 'NONE', #202, #2697, #2250, .T. ) ;
#532 = EDGE_CURVE ( 'NONE', #1650, #2269, #906, .T. ) ;
#533 = DIRECTION ( 'NONE',  ( 1.000000000000000000, 0.000000000000000000, -0.000000000000000000 ) ) ;
#534 = EDGE_LOOP ( 'NONE', ( #1886, #1897, #2324, #1391 ) ) ;
#535 = CARTESIAN_POINT ( 'NONE',  ( 0.1171161900418883489, 0.03758720566991237411, -0.1799999999999999933 ) ) ;
#536 = CARTESIAN_POINT ( 'NONE',  ( -8.838126989374223777E-18, 0.1443375672974064328, -0.01249999999999997294 ) ) ;
#537 = DIRECTION ( 'NONE',  ( 0.000000000000000000, 0.000000000000000000, 1.000000000000000000 ) ) ;
#538 = UNCERTAINTY_MEASURE_WITH_UNIT (LENGTH_MEASURE( 1.000000000000000082E-05 ), #454, 'distance_accuracy_value', 'NONE');
#539 = FACE_OUTER_BOUND ( 'NONE', #2750, .T. ) ;
#540 = ORIENTED_EDGE ( 'NONE', *, *, #2029, .T. ) ;
#541 = ADVANCED_FACE ( 'NONE', ( #1156 ), #935, .F. ) ;
#542 = CARTESIAN_POINT ( 'NONE',  ( 0.1250000000000000000, -0.07216878364870316087, -0.1354166666666662966 ) ) ;
#543 = CARTESIAN_POINT ( 'NONE',  ( -0.1856380856749511865, 0.06054687500000000000, -0.1161794786004986396 ) ) ;
#544 = ORIENTED_EDGE ( 'NONE', *, *, #2873, .F. ) ;
#545 = FACE_OUTER_BOUND ( 'NONE', #1814, .T. ) ;
#546 = FACE_OUTER_BOUND ( 'NONE', #2046, .T. ) ;
#547 = EDGE_CURVE ( 'NONE', #1830, #1650, #1636, .T. ) ;
#548 = ORIENTED_EDGE ( 'NONE', *, *, #1318, .F. ) ;
#549 = DIRECTION ( 'NONE',  ( -1.000000000000000000, 0.000000000000000000, 9.154399031227591509E-17 ) ) ;
#550 = CARTESIAN_POINT ( 'NONE',  ( -0.04626202367904168333, 0.08012817547305464694, -0.03333333333333320797 ) ) ;
#551 = AXIS2_PLACEMENT_3D ( 'NONE', #426, #237, #1364 ) ;
#552 = CARTESIAN_POINT ( 'NONE',  ( -0.1461806332230959071, 0.06054687500000000000, -0.3843117960914554931 ) ) ;
#553 = AXIS2_PLACEMENT_3D ( 'NONE', #2123, #523, #1473 ) ;
#554 = CARTESIAN_POINT ( 'NONE',  ( -0.05666185251483437518, -0.08702686194397400710, -0.1606367148570687908 ) ) ;
#555 = CARTESIAN_POINT ( 'NONE',  ( 0.2604859517817783021, -0.06054687500000000000, -0.4663628472222222654 ) ) ;
#556 = ORIENTED_EDGE ( 'NONE', *, *, #2251, .T. ) ;
#557 = AXIS2_PLACEMENT_3D ( 'NONE', #879, #1835, #2771 ) ;
#558 = ORIENTED_EDGE ( 'NONE', *, *, #2337, .F. ) ;
#559 = TOROIDAL_SURFACE ( 'NONE', #371, 0.3961370751102372689, 0.02018229166666666782 ) ;
#560 = VERTEX_POINT ( 'NONE', #1394 ) ;
#561 = LINE ( 'NONE', #1978, #693 ) ;
#562 = CARTESIAN_POINT ( 'NONE',  ( -0.06250000000000001388, 0.1082531754730548246, -0.2583333333333327486 ) ) ;
#563 = AXIS2_PLACEMENT_3D ( 'NONE', #1620, #1607, #211 ) ;
#564 = B_SPLINE_CURVE_WITH_KNOTS ( 'NONE', 3,
 ( #2129, #973, #1898, #1467, #2847, #2374 ),
 .UNSPECIFIED., .F., .F.,
 ( 4, 2, 4 ),
 ( 2.118531577696659885E-07, 0.0003214606661949054767, 0.0006427094792320411920 ),
 .UNSPECIFIED. ) ;
#565 = EDGE_CURVE ( 'NONE', #2198, #2561, #2320, .T. ) ;
#566 = LINE ( 'NONE', #1797, #2563 ) ;
#567 = FACE_OUTER_BOUND ( 'NONE', #2115, .T. ) ;
#568 = CARTESIAN_POINT ( 'NONE',  ( -0.04626202367904180129, 0.08012817547305456367, -0.08333333333333310666 ) ) ;
#569 = CARTESIAN_POINT ( 'NONE',  ( -0.2604859517817783021, -0.04036458333333332177, -0.4663628472222222654 ) ) ;
#570 = CARTESIAN_POINT ( 'NONE',  ( -0.06250000000000000000, 0.1082531754730547829, -0.1145833333333329956 ) ) ;
#571 = DIRECTION ( 'NONE',  ( 1.000000000000000000, 0.000000000000000000, 0.000000000000000000 ) ) ;
#572 = EDGE_CURVE ( 'NONE', #115, #2512, #1591, .T. ) ;
#573 = EDGE_CURVE ( 'NONE', #2036, #1705, #1431, .T. ) ;
#574 = ORIENTED_EDGE ( 'NONE', *, *, #1803, .T. ) ;
#575 = CARTESIAN_POINT ( 'NONE',  ( -0.06249999999999988898, -0.1082531754730548523, -0.1479166666666662522 ) ) ;
#576 = ORIENTED_EDGE ( 'NONE', *, *, #2556, .T. ) ;
#577 =( BOUNDED_CURVE ( )  B_SPLINE_CURVE ( 3, ( #2693, #377, #1574, #2494 ),
 .UNSPECIFIED., .F., .F. ) 
 B_SPLINE_CURVE_WITH_KNOTS ( ( 4, 4 ),
 ( 0.000000000000000000, 0.3070390166567284473 ),
 .UNSPECIFIED. ) 
 CURVE ( )  GEOMETRIC_REPRESENTATION_ITEM ( )  RATIONAL_B_SPLINE_CURVE ( ( 1.000000000000000000, 0.9921593375686077465, 0.9921593375686077465, 1.000000000000000000 ) ) 
 REPRESENTATION_ITEM ( '' )  );
#578 = CARTESIAN_POINT ( 'NONE',  ( -0.2604859517817783021, -0.04036458333333332177, -0.4663628472222222654 ) ) ;
#579 = ORIENTED_EDGE ( 'NONE', *, *, #219, .T. ) ;
#580 = CARTESIAN_POINT ( 'NONE',  ( -0.09129845084464391358, 0.01500973726915248718, -0.03247595264191657088 ) ) ;
#581 = CARTESIAN_POINT ( 'NONE',  ( -0.1249999999999999722, -0.07216878364870328577, -0.2458333333333328208 ) ) ;
#582 = DIRECTION ( 'NONE',  ( -0.000000000000000000, -1.000000000000000000, -0.000000000000000000 ) ) ;
#583 = LINE ( 'NONE', #1514, #2860 ) ;
#584 = CARTESIAN_POINT ( 'NONE',  ( 0.04626202367904171803, -0.08012817547305463306, -0.2583333333333327486 ) ) ;
#585 = CARTESIAN_POINT ( 'NONE',  ( 0.04626202367904157231, 0.08012817547305468857, -0.09166666666666642427 ) ) ;
#586 = CARTESIAN_POINT ( 'NONE',  ( -0.1250000000000000000, -6.123233995736766036E-17, -0.09999999999999978351 ) ) ;
#587 = CARTESIAN_POINT ( 'NONE',  ( -0.1249999999999999722, 0.07216878364870318863, -0.06041666666666645202 ) ) ;
#588 = EDGE_CURVE ( 'NONE', #680, #1526, #599, .T. ) ;
#589 = VERTEX_POINT ( 'NONE', #984 ) ;
#590 = DIRECTION ( 'NONE',  ( 0.000000000000000000, 1.000000000000000000, 0.000000000000000000 ) ) ;
#591 = DIRECTION ( 'NONE',  ( 0.000000000000000000, 1.000000000000000000, 0.000000000000000000 ) ) ;
#592 = CARTESIAN_POINT ( 'NONE',  ( -0.06249999999999990286, -0.1082531754730548801, -0.2916666666666660190 ) ) ;
#593 =( CONVERSION_BASED_UNIT ( 'INCH', #1762 ) LENGTH_UNIT ( ) NAMED_UNIT ( #1169 ) );
#594 = CARTESIAN_POINT ( 'NONE',  ( 0.09252404735808332503, 3.399278353237046143E-17, -0.04999999999999984318 ) ) ;
#595 = CARTESIAN_POINT ( 'NONE',  ( 0.1250000000000000000, 1.071565949253934025E-16, -0.1749999999999996281 ) ) ;
#596 = DIRECTION ( 'NONE',  ( 1.000000000000000000, 0.000000000000000000, 0.000000000000000000 ) ) ;
#597 = CARTESIAN_POINT ( 'NONE',  ( 0.04626202367904171803, -0.08012817547305463306, -0.1583333333333329096 ) ) ;
#598 = DIRECTION ( 'NONE',  ( 0.000000000000000000, 1.000000000000000000, 0.000000000000000000 ) ) ;
#599 =( BOUNDED_CURVE ( )  B_SPLINE_CURVE ( 2, ( #649, #2517, #420, #1358, #2271, #1727, #1925 ),
 .UNSPECIFIED., .F., .F. ) 
 B_SPLINE_CURVE_WITH_KNOTS ( ( 3, 2, 2, 3 ),
 ( 0.4285714285714286031, 0.4523809523809524391, 0.4761904761904761640, 0.4811038831343422695 ),
 .UNSPECIFIED. ) 
 CURVE ( )  GEOMETRIC_REPRESENTATION_ITEM ( )  RATIONAL_B_SPLINE_CURVE ( ( 0.9999999999999996669, 0.8660254037844390407, 1.000000000000000000, 0.8660254037844387076, 1.000000000000000000, 0.9723525881234177382, 0.9561159870283588713 ) ) 
 REPRESENTATION_ITEM ( '' )  );
#600 = LINE ( 'NONE', #2221, #375 ) ;
#601 = CARTESIAN_POINT ( 'NONE',  ( -0.06250000000000000000, 0.1082531754730547829, -0.01458333333333321560 ) ) ;
#602 = AXIS2_PLACEMENT_3D ( 'NONE', #706, #493, #2348 ) ;
#603 = ORIENTED_EDGE ( 'NONE', *, *, #883, .T. ) ;
#604 = DIRECTION ( 'NONE',  ( -0.000000000000000000, -1.000000000000000000, -0.000000000000000000 ) ) ;
#605 = AXIS2_PLACEMENT_3D ( 'NONE', #1808, #2385, #273 ) ;
#606 = COLOUR_RGB ( '',0.7921568627450980005, 0.8196078431372548767, 0.9333333333333333481 ) ;
#607 = ORIENTED_EDGE ( 'NONE', *, *, #1189, .T. ) ;
#608 = DIRECTION ( 'NONE',  ( -1.000000000000000000, -0.000000000000000000, -0.000000000000000000 ) ) ;
#609 = DIRECTION ( 'NONE',  ( 0.000000000000000000, 0.000000000000000000, 1.000000000000000000 ) ) ;
#610 = CARTESIAN_POINT ( 'NONE',  ( 0.02115386471018432940, 0.1158354647407764254, -0.1745513160378795448 ) ) ;
#611 = CARTESIAN_POINT ( 'NONE',  ( -0.09252404735808332503, 0.05341878364870308177, -0.08541666666666647423 ) ) ;
#612 = ORIENTED_EDGE ( 'NONE', *, *, #1540, .T. ) ;
#613 = EDGE_CURVE ( 'NONE', #2966, #305, #1683, .T. ) ;
#614 = AXIS2_PLACEMENT_3D ( 'NONE', #2795, #246, #2968 ) ;
#615 = CARTESIAN_POINT ( 'NONE',  ( -0.09252404735808331115, -0.05341878364870315116, -0.3208333333333326376 ) ) ;
#616 = AXIS2_PLACEMENT_3D ( 'NONE', #205, #1626, #866 ) ;
#617 = CARTESIAN_POINT ( 'NONE',  ( -0.5363867100727401915, -0.06054687500000000000, -0.3954663814860762128 ) ) ;
#618 = FACE_OUTER_BOUND ( 'NONE', #1508, .T. ) ;
#619 = AXIS2_PLACEMENT_3D ( 'NONE', #1901, #1876, #1707 ) ;
#620 = ORIENTED_EDGE ( 'NONE', *, *, #2626, .T. ) ;
#621 = ORIENTED_EDGE ( 'NONE', *, *, #642, .T. ) ;
#622 = VERTEX_POINT ( 'NONE', #2886 ) ;
#623 = CARTESIAN_POINT ( 'NONE',  ( 1.962574272291876162E-17, -0.1068375672974061774, -0.1187499999999997308 ) ) ;
#624 = VERTEX_POINT ( 'NONE', #525 ) ;
#625 = CARTESIAN_POINT ( 'NONE',  ( 0.1569737560567765200, 0.05788269400984198676, -0.1716503748985734601 ) ) ;
#626 = ADVANCED_FACE ( 'NONE', ( #1475 ), #173, .T. ) ;
#627 = ADVANCED_FACE ( 'NONE', ( #2370 ), #2508, .T. ) ;
#628 = DIRECTION ( 'NONE',  ( 0.08715574274765836016, 0.000000000000000000, 0.9961946980917454342 ) ) ;
#629 = CARTESIAN_POINT ( 'NONE',  ( -0.1250000000000000278, 0.07216878364870310536, -0.05416666666666655749 ) ) ;
#630 = VERTEX_POINT ( 'NONE', #1443 ) ;
#631 = B_SPLINE_CURVE_WITH_KNOTS ( 'NONE', 3,
 ( #1203, #2744, #748, #1440 ),
 .UNSPECIFIED., .F., .F.,
 ( 4, 4 ),
 ( 0.000000000000000000, 0.0001514460305854081615 ),
 .UNSPECIFIED. ) ;
#632 = B_SPLINE_CURVE_WITH_KNOTS ( 'NONE', 3,
 ( #1301, #2438, #2675, #368 ),
 .UNSPECIFIED., .F., .F.,
 ( 4, 4 ),
 ( 2.084109972145859165E-05, 0.0002177067735394433478 ),
 .UNSPECIFIED. ) ;
#633 = DIRECTION ( 'NONE',  ( 3.383966546990571645E-15, -0.000000000000000000, -1.000000000000000000 ) ) ;
#634 = CARTESIAN_POINT ( 'NONE',  ( -0.04626202367904157925, -0.08012817547305467469, -0.06666666666666647145 ) ) ;
#635 = DIRECTION ( 'NONE',  ( 1.000000000000000000, -0.000000000000000000, -9.154399031227591509E-17 ) ) ;
#636 = CARTESIAN_POINT ( 'NONE',  ( -0.05088365570767599405, 0.07745987497722719994, -0.03291707830192969891 ) ) ;
#637 = ORIENTED_EDGE ( 'NONE', *, *, #1408, .F. ) ;
#638 = CARTESIAN_POINT ( 'NONE',  ( -0.1079921871644584780, 0.05834744958769054468, -0.002491214317290820629 ) ) ;
#639 = EDGE_CURVE ( 'NONE', #1996, #434, #1149, .T. ) ;
#640 = CYLINDRICAL_SURFACE ( 'NONE', #616, 0.02018229166666667823 ) ;
#641 = CARTESIAN_POINT ( 'NONE',  ( -6.541914240972922338E-18, 0.1068375672974062052, -0.1874999999999995559 ) ) ;
#642 = EDGE_CURVE ( 'NONE', #279, #54, #2949, .T. ) ;
#643 = CARTESIAN_POINT ( 'NONE',  ( -0.04463417316662452589, -0.08844005446834476980, -0.02615531796878759613 ) ) ;
#644 = CARTESIAN_POINT ( 'NONE',  ( -8.838126989374222236E-18, 0.1443375672974063773, -0.01874999999999986747 ) ) ;
#645 = CARTESIAN_POINT ( 'NONE',  ( -0.05516785584176638751, 0.07427790399131446730, -0.03247595264191654313 ) ) ;
#646 = DIRECTION ( 'NONE',  ( 0.000000000000000000, 1.000000000000000000, 0.000000000000000000 ) ) ;
#647 = VERTEX_POINT ( 'NONE', #304 ) ;
#648 = CARTESIAN_POINT ( 'NONE',  ( -0.1569737560567765755, -0.05788269400984203533, -0.1716503748985732658 ) ) ;
#649 = CARTESIAN_POINT ( 'NONE',  ( -0.09252404735808332503, -6.798556706474092287E-17, -0.1312499999999997002 ) ) ;
#650 = VERTEX_POINT ( 'NONE', #1908 ) ;
#651 = AXIS2_PLACEMENT_3D ( 'NONE', #156, #1068, #2231 ) ;
#652 = CARTESIAN_POINT ( 'NONE',  ( 0.06004446729723963289, 0.1032598653033243441, -0.1762518701871593207 ) ) ;
#653 = CIRCLE ( 'NONE', #2356, 0.2328414937417158104 ) ;
#654 = CARTESIAN_POINT ( 'NONE',  ( 0.09690413118042030816, 0.03359892164367478395, -0.1593265611466836984 ) ) ;
#655 = ORIENTED_EDGE ( 'NONE', *, *, #2332, .T. ) ;
#656 = CARTESIAN_POINT ( 'NONE',  ( -0.2323506059694690484, -0.05940852922172525086, -0.02699999999999998582 ) ) ;
#657 = PRESENTATION_LAYER_ASSIGNMENT (  '', '', ( #2062 ) ) ;
#658 = ADVANCED_FACE ( 'NONE', ( #2856 ), #1965, .F. ) ;
#659 = VECTOR ( 'NONE', #1982, 39.37007874015748854 ) ;
#660 = CARTESIAN_POINT ( 'NONE',  ( -0.1249999999999999584, 0.000000000000000000, -0.2562499999999993672 ) ) ;
#661 = DIRECTION ( 'NONE',  ( -0.000000000000000000, -0.000000000000000000, 1.000000000000000000 ) ) ;
#662 = CARTESIAN_POINT ( 'NONE',  ( -0.1250000000000000000, 0.000000000000000000, -0.04999999999999989175 ) ) ;
#663 = EDGE_CURVE ( 'NONE', #2128, #733, #2655, .T. ) ;
#664 = B_SPLINE_CURVE_WITH_KNOTS ( 'NONE', 3,
 ( #1366, #1081, #822, #2514, #2545, #2497, #1617, #2622, #2927, #1180, #726, #492, #1664, #2137, #223, #916, #2554, #2098, #610, #2242, #2501, #2748, #652, #2521, #818, #1761, #264, #228, #1921, #388, #2398, #2140 ),
 .UNSPECIFIED., .F., .F.,
 ( 4, 2, 2, 2, 2, 2, 2, 2, 2, 2, 2, 2, 2, 2, 2, 4 ),
 ( 0.008180741238020570322, 0.008700851172127137961, 0.009220961106233703866, 0.009741071040340269771, 0.01026118097444683741, 0.01078129090855340332, 0.01130140084265996922, 0.01234162071087310276, 0.01286173064497966867, 0.01338184057908623631, 0.01390195051319280395, 0.01442206044729936985, 0.01494217038140593576, 0.01546228031551249993, 0.01598239024961906757, 0.01650250018372563521 ),
 .UNSPECIFIED. ) ;
#665 = EDGE_CURVE ( 'NONE', #168, #338, #204, .T. ) ;
#666 = CARTESIAN_POINT ( 'NONE',  ( -0.1089759625702738516, 0.007980184611536199693, -0.01602403742972569392 ) ) ;
#667 = ORIENTED_EDGE ( 'NONE', *, *, #2491, .F. ) ;
#668 = CARTESIAN_POINT ( 'NONE',  ( 2.651438096812266979E-17, -0.1443375672974064328, -0.03749999999999992228 ) ) ;
#669 = ORIENTED_EDGE ( 'NONE', *, *, #1218, .F. ) ;
#670 = CARTESIAN_POINT ( 'NONE',  ( -0.2340239498288765319, 0.05541907675361001234, -0.01962036252742422465 ) ) ;
#671 = CARTESIAN_POINT ( 'NONE',  ( 0.000000000000000000, 0.000000000000000000, 0.000000000000000000 ) ) ;
#672 =( NAMED_UNIT ( * ) SI_UNIT ( $, .STERADIAN. ) SOLID_ANGLE_UNIT ( ) );
#673 = CARTESIAN_POINT ( 'NONE',  ( -0.08942903166577555185, -0.03285117281484672275, -0.02995988002335312969 ) ) ;
#674 = CARTESIAN_POINT ( 'NONE',  ( -0.06250000000000000000, 0.1082531754730547829, -0.2645833333333327264 ) ) ;
#675 = CARTESIAN_POINT ( 'NONE',  ( -0.5288628472222222099, -0.04036458333333332177, -0.3843117960914554931 ) ) ;
#676 = ORIENTED_EDGE ( 'NONE', *, *, #47, .F. ) ;
#677 = CARTESIAN_POINT ( 'NONE',  ( 1.962574272291876162E-17, -0.1068375672974061774, -0.3187499999999993117 ) ) ;
#678 = CARTESIAN_POINT ( 'NONE',  ( 0.1014605496231165138, -0.07301203236573482191, -0.1799999999999395972 ) ) ;
#679 = CARTESIAN_POINT ( 'NONE',  ( -0.1489315150786608144, 0.04243832234406715032, -0.1799999999999999933 ) ) ;
#680 = VERTEX_POINT ( 'NONE', #278 ) ;
#681 = CARTESIAN_POINT ( 'NONE',  ( 0.1250000000000000000, 0.000000000000000000, -0.1799999999999999933 ) ) ;
#682 = ORIENTED_EDGE ( 'NONE', *, *, #106, .T. ) ;
#683 = DIRECTION ( 'NONE',  ( 0.000000000000000000, -1.000000000000000000, -0.000000000000000000 ) ) ;
#684 = DIRECTION ( 'NONE',  ( 0.000000000000000000, 0.000000000000000000, 1.000000000000000000 ) ) ;
#685 = CARTESIAN_POINT ( 'NONE',  ( -0.09362620073813886223, -0.006626082808322688450, -0.03137379926180314943 ) ) ;
#686 = CARTESIAN_POINT ( 'NONE',  ( 0.06250000000000005551, -0.1082531754730547829, -0.1333333333333330539 ) ) ;
#687 = CARTESIAN_POINT ( 'NONE',  ( 0.09252404735808336667, -0.05341878364870306789, -0.004166666666666602424 ) ) ;
#688 =( BOUNDED_CURVE ( )  B_SPLINE_CURVE ( 2, ( #2679, #796, #568, #343, #585, #2692, #2429 ),
 .UNSPECIFIED., .F., .F. ) 
 B_SPLINE_CURVE_WITH_KNOTS ( ( 3, 2, 2, 3 ),
 ( 0.2857142857142856984, 0.3095238095238095344, 0.3333333333333332593, 0.3571428571428570953 ),
 .UNSPECIFIED. ) 
 CURVE ( )  GEOMETRIC_REPRESENTATION_ITEM ( )  RATIONAL_B_SPLINE_CURVE ( ( 1.000000000000000000, 0.8660254037844387076, 1.000000000000000000, 0.8660254037844387076, 1.000000000000000000, 0.8660254037844390407, 0.9999999999999996669 ) ) 
 REPRESENTATION_ITEM ( '' )  );
#689 = CARTESIAN_POINT ( 'NONE',  ( -0.04626202367904180129, 0.08012817547305456367, -0.08958333333333311221 ) ) ;
#690 = ORIENTED_EDGE ( 'NONE', *, *, #1967, .T. ) ;
#691 = CARTESIAN_POINT ( 'NONE',  ( 0.04626202367904170415, -0.08012817547305460530, -0.2645833333333327264 ) ) ;
#692 = LINE ( 'NONE', #209, #1546 ) ;
#693 = VECTOR ( 'NONE', #1959, 39.37007874015748854 ) ;
#694 = ORIENTED_EDGE ( 'NONE', *, *, #703, .T. ) ;
#695 = CARTESIAN_POINT ( 'NONE',  ( -0.09252404735808332503, -6.798556706474092287E-17, -0.1249999999999996947 ) ) ;
#696 = EDGE_CURVE ( 'NONE', #841, #1464, #452, .T. ) ;
#697 = ORIENTED_EDGE ( 'NONE', *, *, #1623, .T. ) ;
#698 = CARTESIAN_POINT ( 'NONE',  ( 0.08877382486421869778, -0.08513640830442067986, -0.1800000000000000488 ) ) ;
#700 = AXIS2_PLACEMENT_3D ( 'NONE', #506, #63, #1245 ) ;
#699 = LINE ( 'NONE', #1126, #2513 ) ;
#701 = ORIENTED_EDGE ( 'NONE', *, *, #787, .F. ) ;
#702 = CIRCLE ( 'NONE', #2808, 0.02018229166666669211 ) ;
#703 = EDGE_CURVE ( 'NONE', #2433, #1477, #1103, .T. ) ;
#704 = CARTESIAN_POINT ( 'NONE',  ( -0.1249999999999999722, 0.07216878364870318863, -0.1604166666666662355 ) ) ;
#705 = AXIS2_PLACEMENT_3D ( 'NONE', #961, #1436, #1844 ) ;
#706 = CARTESIAN_POINT ( 'NONE',  ( 0.000000000000000000, 0.000000000000000000, -0.1744818574584447168 ) ) ;
#707 = CARTESIAN_POINT ( 'NONE',  ( -0.5624999999999998890, 0.04036458333333332871, -0.3843117960914556042 ) ) ;
#708 = ORIENTED_EDGE ( 'NONE', *, *, #2034, .T. ) ;
#709 = CARTESIAN_POINT ( 'NONE',  ( 0.04626202367904170415, -0.08012817547305460530, -0.1645833333333329151 ) ) ;
#710 = CIRCLE ( 'NONE', #2412, 0.1250000000000000000 ) ;
#711 = DIRECTION ( 'NONE',  ( 0.000000000000000000, 0.000000000000000000, -1.000000000000000000 ) ) ;
#712 = AXIS2_PLACEMENT_3D ( 'NONE', #2044, #1373, #2061 ) ;
#713 = CARTESIAN_POINT ( 'NONE',  ( -5.414526668054083464E-19, 0.000000000000000000, -0.01350000000000002066 ) ) ;
#714 = ORIENTED_EDGE ( 'NONE', *, *, #2182, .F. ) ;
#715 = DIRECTION ( 'NONE',  ( 0.000000000000000000, 0.000000000000000000, 1.000000000000000000 ) ) ;
#716 = VERTEX_POINT ( 'NONE', #318 ) ;
#717 = CARTESIAN_POINT ( 'NONE',  ( -0.2328414937417158104, 0.000000000000000000, 0.000000000000000000 ) ) ;
#718 = CARTESIAN_POINT ( 'NONE',  ( 0.2340322307076514452, 0.05539437720863696346, -0.01959396871107951799 ) ) ;
#719 = EDGE_LOOP ( 'NONE', ( #2028, #1741, #465, #175 ) ) ;
#720 = CARTESIAN_POINT ( 'NONE',  ( -0.05089721485246782168, -0.09019275482455504922, -0.1603530900966251838 ) ) ;
#721 = CARTESIAN_POINT ( 'NONE',  ( -0.2604859517817783021, -0.06054687500000000000, -0.4798177083333333148 ) ) ;
#722 = EDGE_CURVE ( 'NONE', #803, #2079, #653, .T. ) ;
#723 = CARTESIAN_POINT ( 'NONE',  ( 0.2279949571908916062, -0.04036458333333332177, -0.4750687829841340748 ) ) ;
#724 = EDGE_CURVE ( 'NONE', #1614, #2990, #1781, .T. ) ;
#725 = EDGE_CURVE ( 'NONE', #1658, #2966, #88, .T. ) ;
#726 = CARTESIAN_POINT ( 'NONE',  ( -0.07363812615527239036, 0.08608621468369606622, -0.1700803927903659640 ) ) ;
#727 = CARTESIAN_POINT ( 'NONE',  ( 0.06250000000000004163, -0.1082531754730547691, -0.03958333333333316495 ) ) ;
#728 = CARTESIAN_POINT ( 'NONE',  ( 0.2421874999999998612, -0.06054687500000000000, -0.3057932180726094518 ) ) ;
#729 = CARTESIAN_POINT ( 'NONE',  ( 0.09252404735808335279, -0.05341878364870306095, -0.1604166666666662633 ) ) ;
#730 = CARTESIAN_POINT ( 'NONE',  ( 0.2604859517817782466, -0.04036458333333332177, 0.01357331393917055561 ) ) ;
#731 = ORIENTED_EDGE ( 'NONE', *, *, #2717, .T. ) ;
#732 = CARTESIAN_POINT ( 'NONE',  ( 0.2421874999999998335, 0.04036458333333332871, -0.03368229166666666941 ) ) ;
#733 = VERTEX_POINT ( 'NONE', #2254 ) ;
#734 = CARTESIAN_POINT ( 'NONE',  ( 0.1091506350946404580, 7.045447113002933065E-13, -0.01584936490535948997 ) ) ;
#735 = DIRECTION ( 'NONE',  ( -0.2588190451025140226, 0.000000000000000000, 0.9659258262890699775 ) ) ;
#736 = EDGE_CURVE ( 'NONE', #1869, #2877, #1778, .T. ) ;
#737 = DIRECTION ( 'NONE',  ( -0.000000000000000000, -1.000000000000000000, -0.000000000000000000 ) ) ;
#738 = CARTESIAN_POINT ( 'NONE',  ( 0.1249999999999999722, 0.07216878364870328577, -0.1708333333333329762 ) ) ;
#739 = DIRECTION ( 'NONE',  ( 0.000000000000000000, 0.000000000000000000, 1.000000000000000000 ) ) ;
#740 = ADVANCED_FACE ( 'NONE', ( #2482 ), #1340, .F. ) ;
#741 = VERTEX_POINT ( 'NONE', #1792 ) ;
#742 = VERTEX_POINT ( 'NONE', #1551 ) ;
#743 = CARTESIAN_POINT ( 'NONE',  ( -0.1249999999999999584, 0.000000000000000000, -0.006249999999999898866 ) ) ;
#744 = VERTEX_POINT ( 'NONE', #1534 ) ;
#745 = CARTESIAN_POINT ( 'NONE',  ( 0.06063255529087252516, -0.07653356568133540261, -0.1544188912525777668 ) ) ;
#746 = CARTESIAN_POINT ( 'NONE',  ( -0.1249999999999999584, 0.07216878364870318863, -0.06041666666666645202 ) ) ;
#747 = AXIS2_PLACEMENT_3D ( 'NONE', #1120, #661, #2988 ) ;
#748 = CARTESIAN_POINT ( 'NONE',  ( 0.09272754762948341722, 0.001993163344306493959, -0.1497275476294829266 ) ) ;
#749 = CARTESIAN_POINT ( 'NONE',  ( 0.09252404735808336667, -0.05341878364870306789, -0.05416666666666648811 ) ) ;
#750 = CARTESIAN_POINT ( 'NONE',  ( 2.651438096812266671E-17, -0.1443375672974063773, -0.04374999999999982375 ) ) ;
#751 = UNCERTAINTY_MEASURE_WITH_UNIT (LENGTH_MEASURE( 1.000000000000000082E-05 ), #593, 'distance_accuracy_value', 'NONE');
#752 = CARTESIAN_POINT ( 'NONE',  ( 0.2604859517817783021, -0.04036458333333332177, -0.4663628472222222654 ) ) ;
#753 = VECTOR ( 'NONE', #2644, 39.37007874015748143 ) ;
#754 = CARTESIAN_POINT ( 'NONE',  ( 0.000000000000000000, 0.000000000000000000, 0.000000000000000000 ) ) ;
#755 = AXIS2_PLACEMENT_3D ( 'NONE', #1362, #212, #1609 ) ;
#756 = ORIENTED_EDGE ( 'NONE', *, *, #1463, .F. ) ;
#757 = CARTESIAN_POINT ( 'NONE',  ( -0.09252404735808328340, 0.05341878364870303320, -0.1291666666666663466 ) ) ;
#758 = EDGE_CURVE ( 'NONE', #2496, #622, #1616, .T. ) ;
#759 = EDGE_CURVE ( 'NONE', #1464, #1212, #363, .T. ) ;
#760 = CIRCLE ( 'NONE', #2462, 0.01345486111111108586 ) ;
#761 = ORIENTED_EDGE ( 'NONE', *, *, #547, .T. ) ;
#762 = CARTESIAN_POINT ( 'NONE',  ( 0.1085573768193631439, -0.03716539254621401001, -0.1715056831027994000 ) ) ;
#763 = VERTEX_POINT ( 'NONE', #2211 ) ;
#764 = CARTESIAN_POINT ( 'NONE',  ( 0.08703766051208476628, 0.07196034736167439272, -0.01232514302097250519 ) ) ;
#765 = CARTESIAN_POINT ( 'NONE',  ( 0.06249999999999995837, 0.1082531754730548107, -0.02291666666666652974 ) ) ;
#766 = DIRECTION ( 'NONE',  ( 0.000000000000000000, 0.000000000000000000, 1.000000000000000000 ) ) ;
#767 = EDGE_LOOP ( 'NONE', ( #1523, #2050 ) ) ;
#768 = DIRECTION ( 'NONE',  ( 0.000000000000000000, 1.000000000000000000, 0.000000000000000000 ) ) ;
#769 = CARTESIAN_POINT ( 'NONE',  ( -0.1250000000000000000, 0.000000000000000000, 0.000000000000000000 ) ) ;
#770 = LINE ( 'NONE', #2170, #508 ) ;
#771 = EDGE_CURVE ( 'NONE', #630, #1464, #884, .T. ) ;
#772 =( BOUNDED_CURVE ( )  B_SPLINE_CURVE ( 2, ( #502, #1439, #1480, #82, #765, #268, #1660 ),
 .UNSPECIFIED., .F., .T. ) 
 B_SPLINE_CURVE_WITH_KNOTS ( ( 3, 2, 2, 3 ),
 ( 0.1428571428571428492, 0.1666666666666666574, 0.1904761904761904656, 0.2142857142857142738 ),
 .UNSPECIFIED. ) 
 CURVE ( )  GEOMETRIC_REPRESENTATION_ITEM ( )  RATIONAL_B_SPLINE_CURVE ( ( 1.000000000000000000, 0.8660254037844387076, 1.000000000000000000, 0.8660254037844387076, 1.000000000000000000, 0.8660254037844387076, 1.000000000000000000 ) ) 
 REPRESENTATION_ITEM ( '' )  );
#773 = VERTEX_POINT ( 'NONE', #1388 ) ;
#774 = DIRECTION ( 'NONE',  ( -0.5591929034707482371, 0.000000000000000000, -0.8290375725550408470 ) ) ;
#775 = ORIENTED_EDGE ( 'NONE', *, *, #139, .T. ) ;
#776 = EDGE_CURVE ( 'NONE', #2036, #2536, #2084, .T. ) ;
#777 = ORIENTED_EDGE ( 'NONE', *, *, #1441, .F. ) ;
#778 = CARTESIAN_POINT ( 'NONE',  ( -8.838126989374222236E-18, 0.1443375672974063773, -0.06874999999999975575 ) ) ;
#779 = CARTESIAN_POINT ( 'NONE',  ( -0.1489315150786608422, 0.04036458333333332871, -0.1799999999999999933 ) ) ;
#780 = PRESENTATION_STYLE_ASSIGNMENT (( #1039 ) ) ;
#781 = B_SPLINE_CURVE_WITH_KNOTS ( 'NONE', 3,
 ( #2992, #1091, #1359, #1342, #888, #2260, #169, #1794, #666, #2015 ),
 .UNSPECIFIED., .F., .F.,
 ( 4, 2, 2, 2, 4 ),
 ( 0.000000000000000000, 0.0006183600579795643822, 0.001236720115959128114, 0.001855080173938692279, 0.002473440231918256228 ),
 .UNSPECIFIED. ) ;
#782 = CARTESIAN_POINT ( 'NONE',  ( -0.08919068644530356305, -0.08757865865275357709, -4.924435031730435797E-18 ) ) ;
#783 = CARTESIAN_POINT ( 'NONE',  ( 0.2421874999999998612, -0.04036458333333332177, -0.3057932180726094518 ) ) ;
#784 = DIRECTION ( 'NONE',  ( 0.000000000000000000, 1.000000000000000000, 0.000000000000000000 ) ) ;
#785 = DIRECTION ( 'NONE',  ( -0.000000000000000000, -1.000000000000000000, -0.000000000000000000 ) ) ;
#786 = ORIENTED_EDGE ( 'NONE', *, *, #2957, .T. ) ;
#787 = EDGE_CURVE ( 'NONE', #2483, #2433, #1837, .T. ) ;
#788 = DIRECTION ( 'NONE',  ( -0.6330808368971577726, 0.000000000000000000, 0.7740856890251843758 ) ) ;
#789 = ORIENTED_EDGE ( 'NONE', *, *, #565, .F. ) ;
#790 =( BOUNDED_CURVE ( )  B_SPLINE_CURVE ( 2, ( #769, #1861, #1712, #536, #1648, #1182, #42 ),
 .UNSPECIFIED., .F., .T. ) 
 B_SPLINE_CURVE_WITH_KNOTS ( ( 3, 2, 2, 3 ),
 ( 0.000000000000000000, 0.02380952380952380820, 0.04761904761904761640, 0.07142857142857142461 ),
 .UNSPECIFIED. ) 
 CURVE ( )  GEOMETRIC_REPRESENTATION_ITEM ( )  RATIONAL_B_SPLINE_CURVE ( ( 1.000000000000000000, 0.8660254037844387076, 1.000000000000000000, 0.8660254037844387076, 1.000000000000000000, 0.8660254037844387076, 1.000000000000000000 ) ) 
 REPRESENTATION_ITEM ( '' )  );
#791 = EDGE_LOOP ( 'NONE', ( #450, #68, #1575 ) ) ;
#792 = CARTESIAN_POINT ( 'NONE',  ( -0.1250000000000000000, 0.000000000000000000, -0.2999999999999993783 ) ) ;
#793 = CARTESIAN_POINT ( 'NONE',  ( -0.1489315150786608699, 0.06054687500000000000, -0.01350000000000000852 ) ) ;
#794 = EDGE_CURVE ( 'NONE', #1684, #2128, #702, .T. ) ;
#795 = EDGE_CURVE ( 'NONE', #1705, #2244, #128, .T. ) ;
#796 = CARTESIAN_POINT ( 'NONE',  ( -0.09252404735808336667, 0.05341878364870299156, -0.07916666666666645480 ) ) ;
#797 = CARTESIAN_POINT ( 'NONE',  ( 0.1250000000000000000, 0.000000000000000000, -0.5000000000000000000 ) ) ;
#798 = TOROIDAL_SURFACE ( 'NONE', #1201, 0.2721109264059426991, 0.02018229166666666782 ) ;
#799 = CARTESIAN_POINT ( 'NONE',  ( 0.06249999999999990286, 0.1082531754730548940, -0.06666666666666652696 ) ) ;
#800 = VERTEX_POINT ( 'NONE', #707 ) ;
#801 = MECHANICAL_DESIGN_GEOMETRIC_PRESENTATION_REPRESENTATION (  '', ( #2062 ), #896 ) ;
#802 = CARTESIAN_POINT ( 'NONE',  ( 0.000000000000000000, 0.000000000000000000, -0.02699999999999999969 ) ) ;
#803 = VERTEX_POINT ( 'NONE', #1649 ) ;
#804 = AXIS2_PLACEMENT_3D ( 'NONE', #1713, #2635, #537 ) ;
#805 = ORIENTED_EDGE ( 'NONE', *, *, #1589, .T. ) ;
#806 = CARTESIAN_POINT ( 'NONE',  ( -0.08419313478490751679, 0.05822863826542132998, -0.03616700426457175599 ) ) ;
#807 = CARTESIAN_POINT ( 'NONE',  ( 0.06250000000000005551, -0.1082531754730547829, -0.2333333333333328374 ) ) ;
#808 = AXIS2_PLACEMENT_3D ( 'NONE', #2535, #2747, #1826 ) ;
#809 = DIRECTION ( 'NONE',  ( 0.000000000000000000, 0.000000000000000000, -1.000000000000000000 ) ) ;
#810 = CARTESIAN_POINT ( 'NONE',  ( 0.09751612741102046178, -0.07734792679993812703, -0.1799999999999999933 ) ) ;
#811 = CARTESIAN_POINT ( 'NONE',  ( 0.04626202367904165558, 0.08012817547305466082, -0.1416666666666663021 ) ) ;
#812 = CARTESIAN_POINT ( 'NONE',  ( 0.1250000000000000278, -0.07216878364870309148, -0.07916666666666649643 ) ) ;
#813 = CARTESIAN_POINT ( 'NONE',  ( -0.2604859517817783021, 0.04036458333333332871, -0.4663628472222222654 ) ) ;
#814 = ORIENTED_EDGE ( 'NONE', *, *, #125, .T. ) ;
#815 = ORIENTED_EDGE ( 'NONE', *, *, #2223, .F. ) ;
#816 = CARTESIAN_POINT ( 'NONE',  ( -0.2604859517817783021, 0.04036458333333332871, -0.5000000000000000000 ) ) ;
#817 = CARTESIAN_POINT ( 'NONE',  ( 0.1250000000000000555, -0.07216878364870317475, -0.2291666666666661856 ) ) ;
#818 = CARTESIAN_POINT ( 'NONE',  ( 0.07728126311056270070, 0.09214881190018742174, -0.1770725107237289264 ) ) ;
#819 = FACE_OUTER_BOUND ( 'NONE', #486, .T. ) ;
#820 = CARTESIAN_POINT ( 'NONE',  ( 0.2421875000000000278, 0.06054687500000000000, -0.03368229166666666941 ) ) ;
#821 = DIRECTION ( 'NONE',  ( -0.000000000000000000, -1.000000000000000000, -0.000000000000000000 ) ) ;
#822 = CARTESIAN_POINT ( 'NONE',  ( -0.1086142408759406264, 0.01374747212145380898, -0.1662674743998657778 ) ) ;
#823 = CARTESIAN_POINT ( 'NONE',  ( 0.04626202367904165558, 0.08012817547305466082, -0.2916666666666659635 ) ) ;
#824 = CARTESIAN_POINT ( 'NONE',  ( 0.1559303775463866670, -0.05659652206053825824, -0.1744818574584447168 ) ) ;
#825 = CARTESIAN_POINT ( 'NONE',  ( 2.651438096812266054E-17, -0.1443375672974063773, 0.006250000000000074940 ) ) ;
#826 = VERTEX_POINT ( 'NONE', #475 ) ;
#827 = FACE_OUTER_BOUND ( 'NONE', #1141, .T. ) ;
#828 = DIRECTION ( 'NONE',  ( 0.000000000000000000, 0.000000000000000000, 1.000000000000000000 ) ) ;
#829 = ORIENTED_EDGE ( 'NONE', *, *, #2760, .F. ) ;
#830 = CYLINDRICAL_SURFACE ( 'NONE', #987, 0.09252404735808332503 ) ;
#831 = CARTESIAN_POINT ( 'NONE',  ( 0.04626202367904164864, 0.08012817547305464694, 0.002083333333333364963 ) ) ;
#832 = ORIENTED_EDGE ( 'NONE', *, *, #2093, .T. ) ;
#833 = CARTESIAN_POINT ( 'NONE',  ( 0.09252404735808332503, 0.05341878364870312340, -0.2458333333333327098 ) ) ;
#834 = FACE_OUTER_BOUND ( 'NONE', #534, .T. ) ;
#835 = CARTESIAN_POINT ( 'NONE',  ( -8.838126989374222236E-18, 0.1443375672974063773, -0.06874999999999976963 ) ) ;
#836 = VERTEX_POINT ( 'NONE', #1106 ) ;
#837 = CIRCLE ( 'NONE', #213, 0.4933910222725038652 ) ;
#838 = ORIENTED_EDGE ( 'NONE', *, *, #2154, .T. ) ;
#839 = AXIS2_PLACEMENT_3D ( 'NONE', #2777, #711, #3011 ) ;
#840 = CARTESIAN_POINT ( 'NONE',  ( -0.1492598118578707944, 0.04448767212347189831, -0.1799999999999999933 ) ) ;
#841 = VERTEX_POINT ( 'NONE', #2027 ) ;
#842 = ADVANCED_FACE ( 'NONE', ( #2978 ), #1822, .T. ) ;
#843 = CARTESIAN_POINT ( 'NONE',  ( 0.04626202367904160007, 0.08012817547305467469, -0.04791666666666653113 ) ) ;
#844 = EDGE_CURVE ( 'NONE', #2327, #1702, #2384, .T. ) ;
#845 = CIRCLE ( 'NONE', #1739, 0.3961370751102372689 ) ;
#846 = CARTESIAN_POINT ( 'NONE',  ( 0.1250000000000000000, 0.000000000000000000, -0.5000000000000000000 ) ) ;
#847 = DIRECTION ( 'NONE',  ( -1.000000000000000000, 0.000000000000000000, 0.000000000000000000 ) ) ;
#848 = ORIENTED_EDGE ( 'NONE', *, *, #2843, .F. ) ;
#849 = CIRCLE ( 'NONE', #1350, 0.3961370751102372689 ) ;
#850 = CARTESIAN_POINT ( 'NONE',  ( -0.2368857816065645938, 0.04458147798642594917, -0.01350000000000000679 ) ) ;
#851 = CARTESIAN_POINT ( 'NONE',  ( 0.1559303775463881381, 0.05659652206053439327, -0.1744818574584447168 ) ) ;
#852 = VECTOR ( 'NONE', #1237, 39.37007874015748854 ) ;
#853 = PLANE ( 'NONE',  #277 ) ;
#854 = CARTESIAN_POINT ( 'NONE',  ( -0.1249999999999999584, 0.000000000000000000, 0.04374999999999999722 ) ) ;
#855 = ORIENTED_EDGE ( 'NONE', *, *, #2610, .F. ) ;
#856 = EDGE_CURVE ( 'NONE', #1434, #2289, #2108, .T. ) ;
#857 = EDGE_CURVE ( 'NONE', #2481, #322, #216, .T. ) ;
#858 = DIRECTION ( 'NONE',  ( 0.000000000000000000, -1.000000000000000000, -0.000000000000000000 ) ) ;
#859 = CARTESIAN_POINT ( 'NONE',  ( -0.1499086832240586198, 0.04646442789193554190, -0.1799999999999999933 ) ) ;
#860 = ORIENTED_EDGE ( 'NONE', *, *, #1796, .T. ) ;
#861 = DIRECTION ( 'NONE',  ( -0.000000000000000000, -1.000000000000000000, -0.000000000000000000 ) ) ;
#862 = EDGE_CURVE ( 'NONE', #2269, #744, #2404, .T. ) ;
#863 = CARTESIAN_POINT ( 'NONE',  ( -0.04626202367904167639, 0.08012817547305463306, -0.1395833333333329762 ) ) ;
#864 = VERTEX_POINT ( 'NONE', #302 ) ;
#865 = CARTESIAN_POINT ( 'NONE',  ( 0.2279949571908916062, 0.06054687500000000000, -0.4750687829841340748 ) ) ;
#866 = DIRECTION ( 'NONE',  ( 0.9659258262890701996, 0.000000000000000000, 0.2588190451025136340 ) ) ;
#867 = CARTESIAN_POINT ( 'NONE',  ( -0.09252404735808335279, 0.000000000000000000, -0.1749999999999995726 ) ) ;
#868 = CARTESIAN_POINT ( 'NONE',  ( 0.1551939354504847379, -0.05568871041124551224, -0.1764803871678225777 ) ) ;
#869 = VERTEX_POINT ( 'NONE', #2153 ) ;
#870 = DIRECTION ( 'NONE',  ( -0.9659258262890701996, 0.000000000000000000, 0.2588190451025136340 ) ) ;
#871 = LINE ( 'NONE', #2193, #1865 ) ;
#872 = CARTESIAN_POINT ( 'NONE',  ( 0.2604859517817782466, 0.04036458333333332871, 0.01357331393917055561 ) ) ;
#873 = ORIENTED_EDGE ( 'NONE', *, *, #1371, .T. ) ;
#874 = ADVANCED_FACE ( 'NONE', ( #85 ), #798, .T. ) ;
#875 = CARTESIAN_POINT ( 'NONE',  ( -0.1250000000000000000, -9.184850993605148438E-17, -0.1499999999999996891 ) ) ;
#876 = CARTESIAN_POINT ( 'NONE',  ( -8.838126989374223777E-18, 0.1443375672974064328, -0.3124999999999992784 ) ) ;
#877 = CARTESIAN_POINT ( 'NONE',  ( 0.09252404735808324177, 0.05341878364870322748, -0.04583333333333319132 ) ) ;
#878 = ORIENTED_EDGE ( 'NONE', *, *, #262, .F. ) ;
#879 = CARTESIAN_POINT ( 'NONE',  ( 0.000000000000000000, 0.000000000000000000, -0.5000000000000000000 ) ) ;
#880 =( BOUNDED_CURVE ( )  B_SPLINE_CURVE ( 2, ( #2479, #166, #2296, #427, #2772, #914, #1150 ),
 .UNSPECIFIED., .F., .T. ) 
 B_SPLINE_CURVE_WITH_KNOTS ( ( 3, 2, 2, 3 ),
 ( 0.3571428571428570953, 0.3809523809523809312, 0.4047619047619047672, 0.4285714285714286031 ),
 .UNSPECIFIED. ) 
 CURVE ( )  GEOMETRIC_REPRESENTATION_ITEM ( )  RATIONAL_B_SPLINE_CURVE ( ( 1.000000000000000444, 0.8660254037844384856, 1.000000000000000000, 0.8660254037844387076, 1.000000000000000000, 0.8660254037844383745, 1.000000000000000222 ) ) 
 REPRESENTATION_ITEM ( '' )  );
#881 = EDGE_CURVE ( 'NONE', #1188, #1702, #2397, .T. ) ;
#882 = CARTESIAN_POINT ( 'NONE',  ( -0.1249999999999999722, 0.07216878364870318863, -0.2104166666666661134 ) ) ;
#883 = EDGE_CURVE ( 'NONE', #1271, #1477, #770, .T. ) ;
#884 = B_SPLINE_CURVE_WITH_KNOTS ( 'NONE', 3,
 ( #2196, #2431, #1985, #347, #1277, #123, #1045, #1973 ),
 .UNSPECIFIED., .F., .F.,
 ( 4, 2, 2, 4 ),
 ( 0.002473440231918256228, 0.003654717298834686198, 0.004245355832292901400, 0.004835994365751116603 ),
 .UNSPECIFIED. ) ;
#885 = CARTESIAN_POINT ( 'NONE',  ( -0.1024014106606542379, -0.03231538428206998798, -0.1641788658505352050 ) ) ;
#886 = ORIENTED_EDGE ( 'NONE', *, *, #2173, .F. ) ;
#887 = CARTESIAN_POINT ( 'NONE',  ( -0.04626202367904160007, -0.08012817547305467469, -0.1729166666666662466 ) ) ;
#888 = CARTESIAN_POINT ( 'NONE',  ( -0.08711456727102279141, 0.05043063747980907480, -0.02464630843147692582 ) ) ;
#889 = ORIENTED_EDGE ( 'NONE', *, *, #2017, .F. ) ;
#890 = TOROIDAL_SURFACE ( 'NONE', #2804, 0.01345486111111110841, 0.02018229166666666782 ) ;
#891 = CARTESIAN_POINT ( 'NONE',  ( -0.2421874999999998335, 0.04036458333333332871, -0.03368229166666666941 ) ) ;
#892 = CARTESIAN_POINT ( 'NONE',  ( 0.2328414937417158104, 2.851485900194807267E-17, 0.000000000000000000 ) ) ;
#893 = ORIENTED_EDGE ( 'NONE', *, *, #1968, .T. ) ;
#894 = PLANE ( 'NONE',  #40 ) ;
#895 = CARTESIAN_POINT ( 'NONE',  ( -0.2330670003308819571, 0.05801216048240610129, -0.02302047141334952196 ) ) ;
#896 =( GEOMETRIC_REPRESENTATION_CONTEXT ( 3 ) GLOBAL_UNCERTAINTY_ASSIGNED_CONTEXT ( ( #751 ) ) GLOBAL_UNIT_ASSIGNED_CONTEXT ( ( #593, #327, #1596 ) ) REPRESENTATION_CONTEXT ( 'NONE', 'WORKASPACE' ) );
#897 = APPLICATION_CONTEXT ( 'automotive_design' ) ;
#898 = CARTESIAN_POINT ( 'NONE',  ( 0.000000000000000000, 0.000000000000000000, 0.000000000000000000 ) ) ;
#899 = CARTESIAN_POINT ( 'NONE',  ( -0.0002493748372718446985, -0.1014285935533624505, -0.02378590480197863982 ) ) ;
#900 = CARTESIAN_POINT ( 'NONE',  ( 0.1250000000000000555, -0.07216878364870317475, -0.1291666666666663743 ) ) ;
#901 = CARTESIAN_POINT ( 'NONE',  ( -0.1249999999999999722, 0.07216878364870318863, -0.2604166666666660190 ) ) ;
#902 = ADVANCED_FACE ( 'NONE', ( #64 ), #1017, .T. ) ;
#903 = AXIS2_PLACEMENT_3D ( 'NONE', #1465, #483, #2372 ) ;
#904 = ORIENTED_EDGE ( 'NONE', *, *, #573, .T. ) ;
#905 = CARTESIAN_POINT ( 'NONE',  ( 0.06249999999999997224, 0.1082531754730548385, -0.01666666666666663174 ) ) ;
#906 = LINE ( 'NONE', #462, #317 ) ;
#907 = VERTEX_POINT ( 'NONE', #2101 ) ;
#908 =( BOUNDED_CURVE ( )  B_SPLINE_CURVE ( 2, ( #2912, #812, #2207, #2220, #2680, #2925, #586 ),
 .UNSPECIFIED., .F., .T. ) 
 B_SPLINE_CURVE_WITH_KNOTS ( ( 3, 2, 2, 3 ),
 ( 0.2142857142857142738, 0.2380952380952380820, 0.2619047619047619180, 0.2857142857142856984 ),
 .UNSPECIFIED. ) 
 CURVE ( )  GEOMETRIC_REPRESENTATION_ITEM ( )  RATIONAL_B_SPLINE_CURVE ( ( 1.000000000000000000, 0.8660254037844387076, 1.000000000000000000, 0.8660254037844387076, 1.000000000000000000, 0.8660254037844387076, 1.000000000000000000 ) ) 
 REPRESENTATION_ITEM ( '' )  );
#909 = CARTESIAN_POINT ( 'NONE',  ( 0.1250000000000000000, 1.071565949253934025E-16, -0.1749999999999996281 ) ) ;
#910 = DIRECTION ( 'NONE',  ( -1.000000000000000000, 0.000000000000000000, 0.000000000000000000 ) ) ;
#911 = ORIENTED_EDGE ( 'NONE', *, *, #510, .T. ) ;
#912 = CARTESIAN_POINT ( 'NONE',  ( 0.5624999999999998890, 0.04036458333333332871, -0.3843117960914556042 ) ) ;
#913 = CARTESIAN_POINT ( 'NONE',  ( -0.08160191858291893086, -0.05126246634511585909, -0.02885835246591466480 ) ) ;
#914 = CARTESIAN_POINT ( 'NONE',  ( -0.09252404735808324177, -0.05341878364870335238, -0.1270833333333330206 ) ) ;
#915 = CARTESIAN_POINT ( 'NONE',  ( 0.06249999999999995837, 0.1082531754730548107, -0.2729166666666659746 ) ) ;
#916 = CARTESIAN_POINT ( 'NONE',  ( -0.006102734097522183321, 0.1163663272408984040, -0.1733234969688219607 ) ) ;
#917 = CARTESIAN_POINT ( 'NONE',  ( -0.2330669157224200261, -0.05801232539801351451, -0.02302094140838427394 ) ) ;
#918 = ORIENTED_EDGE ( 'NONE', *, *, #2054, .F. ) ;
#919 = CARTESIAN_POINT ( 'NONE',  ( -0.1250000000000000000, 0.07216878364870320250, -0.05416666666666655749 ) ) ;
#920 = ORIENTED_EDGE ( 'NONE', *, *, #1997, .T. ) ;
#921 = CARTESIAN_POINT ( 'NONE',  ( -0.5288628472222222099, 0.06054687500000000000, -0.3843117960914554931 ) ) ;
#922 = EDGE_CURVE ( 'NONE', #1183, #1710, #1693, .T. ) ;
#923 = ORIENTED_EDGE ( 'NONE', *, *, #1942, .F. ) ;
#924 = FACE_OUTER_BOUND ( 'NONE', #1793, .T. ) ;
#925 = CARTESIAN_POINT ( 'NONE',  ( 0.1250000000000000278, -0.07216878364870317475, -0.02916666666666660468 ) ) ;
#926 = ORIENTED_EDGE ( 'NONE', *, *, #1000, .F. ) ;
#927 = DIRECTION ( 'NONE',  ( 0.000000000000000000, 1.000000000000000000, 0.000000000000000000 ) ) ;
#928 = DIRECTION ( 'NONE',  ( -1.000000000000000000, 0.000000000000000000, 8.855599760454197625E-17 ) ) ;
#929 = CARTESIAN_POINT ( 'NONE',  ( 0.1028609841023106625, -0.03244794814982678022, -0.01734506927438716692 ) ) ;
#930 = CARTESIAN_POINT ( 'NONE',  ( 2.651438096812266979E-17, -0.1443375672974064328, -0.1374999999999997058 ) ) ;
#931 = CARTESIAN_POINT ( 'NONE',  ( 0.06249999999999995837, 0.1082531754730548107, -0.1729166666666662466 ) ) ;
#932 = CARTESIAN_POINT ( 'NONE',  ( -0.1075167443560044872, -0.01308777667524150048, -0.1651076813431920920 ) ) ;
#933 = EDGE_LOOP ( 'NONE', ( #815, #1257, #1913, #1871 ) ) ;
#934 = CARTESIAN_POINT ( 'NONE',  ( -0.09252404735808332503, 0.05341878364870308177, -0.1854166666666662300 ) ) ;
#935 = CYLINDRICAL_SURFACE ( 'NONE', #2299, 0.1250000000000000000 ) ;
#936 = CIRCLE ( 'NONE', #1862, 0.02018229166666666782 ) ;
#937 = ORIENTED_EDGE ( 'NONE', *, *, #922, .T. ) ;
#938 = CARTESIAN_POINT ( 'NONE',  ( -0.2323506059694690484, -0.05940852922172525086, -0.02699999999999998582 ) ) ;
#939 = EDGE_LOOP ( 'NONE', ( #2799, #2818, #1031, #775 ) ) ;
#940 = CARTESIAN_POINT ( 'NONE',  ( 0.1051920742024897992, -0.05174487843585423574, -0.1739978030442742296 ) ) ;
#942 = AXIS2_PLACEMENT_3D ( 'NONE', #69, #2599, #487 ) ;
#941 = CARTESIAN_POINT ( 'NONE',  ( 0.1002854172465959398, 0.02715174351515919210, -0.1606593796482887193 ) ) ;
#943 = ADVANCED_FACE ( 'NONE', ( #1458 ), #1139, .F. ) ;
#944 = VERTEX_POINT ( 'NONE', #1501 ) ;
#946 = EDGE_CURVE ( 'NONE', #1512, #1188, #2448, .T. ) ;
#945 = CARTESIAN_POINT ( 'NONE',  ( 0.02420395259386434739, 0.1136818621821102937, -0.009026243926513676311 ) ) ;
#947 = CARTESIAN_POINT ( 'NONE',  ( 0.1249999999999999584, 1.530808498934191201E-17, -0.1312499999999996447 ) ) ;
#948 = CARTESIAN_POINT ( 'NONE',  ( 0.1249999999999999167, 0.07216878364870323026, -0.2270833333333327764 ) ) ;
#949 = CIRCLE ( 'NONE', #2303, 0.2410064030424000359 ) ;
#950 = CARTESIAN_POINT ( 'NONE',  ( -0.09252404735808324177, -0.05341878364870335238, -0.1208333333333330151 ) ) ;
#951 = DIRECTION ( 'NONE',  ( 0.000000000000000000, 1.000000000000000000, 0.000000000000000000 ) ) ;
#952 = ORIENTED_EDGE ( 'NONE', *, *, #1170, .T. ) ;
#953 = CARTESIAN_POINT ( 'NONE',  ( -0.06250000000000001388, 0.1082531754730548246, -0.008333333333333315870 ) ) ;
#954 = CIRCLE ( 'NONE', #281, 0.09252404735808332503 ) ;
#955 = CIRCLE ( 'NONE', #903, 0.02018229166666665395 ) ;
#956 = CARTESIAN_POINT ( 'NONE',  ( -0.2604859517817782466, -0.04036458333333332177, 0.01357331393917055561 ) ) ;
#957 = EDGE_LOOP ( 'NONE', ( #1556, #756, #1266, #669, #2979, #1075, #2504, #1449 ) ) ;
#958 = DIRECTION ( 'NONE',  ( -0.9659258262890698665, 0.000000000000000000, -0.2588190451025152439 ) ) ;
#959 = ADVANCED_FACE ( 'NONE', ( #1222 ), #2810, .T. ) ;
#960 = DIRECTION ( 'NONE',  ( 0.9659258262890700886, -0.000000000000000000, 0.2588190451025140781 ) ) ;
#961 = CARTESIAN_POINT ( 'NONE',  ( 0.000000000000000000, 0.000000000000000000, -0.01008647131817906953 ) ) ;
#962 = ORIENTED_EDGE ( 'NONE', *, *, #2033, .T. ) ;
#963 = DIRECTION ( 'NONE',  ( -0.000000000000000000, -1.000000000000000000, -0.000000000000000000 ) ) ;
#964 = EDGE_CURVE ( 'NONE', #622, #2628, #908, .T. ) ;
#965 = B_SPLINE_CURVE_WITH_KNOTS ( 'NONE', 3,
 ( #1164, #648, #1679, #2382, #1454, #298 ),
 .UNSPECIFIED., .F., .F.,
 ( 4, 2, 4 ),
 ( 2.283899635031984185E-07, 0.0002466116737049448460, 0.0004929949574463865676 ),
 .UNSPECIFIED. ) ;
#966 = FACE_OUTER_BOUND ( 'NONE', #460, .T. ) ;
#967 = B_SPLINE_CURVE_WITH_KNOTS ( 'NONE', 3,
 ( #2245, #1097, #2278, #1145, #2735, #203, #638, #1128, #1831, #2769, #215, #4, #2629, #2146, #2376, #1469, #1659, #1450, #2361, #945, #267, #286, #530, #991, #57, #2862, #764, #1875, #2344, #2587, #2614, #1706, #2571, #734 ),
 .UNSPECIFIED., .F., .F.,
 ( 4, 2, 2, 2, 2, 2, 2, 2, 2, 2, 2, 2, 2, 2, 2, 2, 4 ),
 ( 0.000000000000000000, 0.0005821082903549107054, 0.001164216580709821411, 0.001746324871064732333, 0.002328433161419643255, 0.002910541451774554395, 0.003492649742129466401, 0.004074758032484377540, 0.004656866322839289980, 0.005238974613194200686, 0.005821082903549112259, 0.006403191193904024699, 0.006985299484258936271, 0.007567407774613847844, 0.008149516064968760284, 0.008731624355323671857, 0.009313732645678583430 ),
 .UNSPECIFIED. ) ;
#968 = CARTESIAN_POINT ( 'NONE',  ( 0.2421875000000000278, 0.04036458333333332871, -0.03368229166666673879 ) ) ;
#969 = ORIENTED_EDGE ( 'NONE', *, *, #1531, .T. ) ;
#970 = CARTESIAN_POINT ( 'NONE',  ( 0.1135408641495019022, 0.07878471881666873622, -0.1763193909432997086 ) ) ;
#971 = ORIENTED_EDGE ( 'NONE', *, *, #1930, .F. ) ;
#972 = ADVANCED_FACE ( 'NONE', ( #618 ), #2659, .T. ) ;
#973 = CARTESIAN_POINT ( 'NONE',  ( 0.2330670003308819849, -0.05801216048240608741, -0.02302047141334952543 ) ) ;
#974 = ORIENTED_EDGE ( 'NONE', *, *, #2610, .T. ) ;
#975 = DIRECTION ( 'NONE',  ( 0.9659258262890698665, 0.000000000000000000, -0.2588190451025152439 ) ) ;
#976 = CARTESIAN_POINT ( 'NONE',  ( -0.2474895539454236015, 0.06054687500000000000, -0.4698452215269869336 ) ) ;
#977 = CARTESIAN_POINT ( 'NONE',  ( 0.2323506059694690484, 0.05940852922172525780, -0.02699999999999997888 ) ) ;
#978 = CARTESIAN_POINT ( 'NONE',  ( 0.1195806565413474326, 0.03213825280442648286, -0.1799999999999972733 ) ) ;
#979 = CARTESIAN_POINT ( 'NONE',  ( -6.541914240972922338E-18, 0.1068375672974062052, -0.03749999999999985983 ) ) ;
#980 = CARTESIAN_POINT ( 'NONE',  ( -0.06249999999999988898, -0.1082531754730548523, -0.09791666666666637431 ) ) ;
#981 = ADVANCED_FACE ( 'NONE', ( #834 ), #46, .T. ) ;
#982 = CARTESIAN_POINT ( 'NONE',  ( 0.1249999999999999722, 0.07216878364870328577, -0.07083333333333319271 ) ) ;
#983 = DIRECTION ( 'NONE',  ( 0.000000000000000000, 0.000000000000000000, 1.000000000000000000 ) ) ;
#984 = CARTESIAN_POINT ( 'NONE',  ( -0.4528246739582253988, 0.06054687500000000000, -0.1335250050546745448 ) ) ;
#985 = ORIENTED_EDGE ( 'NONE', *, *, #2394, .T. ) ;
#986 = ORIENTED_EDGE ( 'NONE', *, *, #1424, .F. ) ;
#987 = AXIS2_PLACEMENT_3D ( 'NONE', #2657, #2467, #1298 ) ;
#988 = DIRECTION ( 'NONE',  ( -0.6427876096865335898, 0.000000000000000000, -0.7660444431189827874 ) ) ;
#989 = ORIENTED_EDGE ( 'NONE', *, *, #1840, .F. ) ;
#990 = B_SPLINE_CURVE_WITH_KNOTS ( 'NONE', 3,
 ( #1258, #1539, #2179, #1945 ),
 .UNSPECIFIED., .F., .F.,
 ( 4, 4 ),
 ( 0.006093477148955401754, 0.009629819590618763497 ),
 .UNSPECIFIED. ) ;
#991 = CARTESIAN_POINT ( 'NONE',  ( 0.06541330018432964244, 0.09372546155956371083, -0.01096183277809597949 ) ) ;
#992 = CARTESIAN_POINT ( 'NONE',  ( 0.1684261118331928375, 0.06054687500000000000, -0.1747764385428528799 ) ) ;
#993 = TOROIDAL_SURFACE ( 'NONE', #2104, 0.01345486111111107372, 0.02018229166666666782 ) ;
#994 = CARTESIAN_POINT ( 'NONE',  ( 0.000000000000000000, 0.000000000000000000, 0.000000000000000000 ) ) ;
#995 = CARTESIAN_POINT ( 'NONE',  ( -0.2474895539454236015, 0.04036458333333332871, -0.4698452215269869336 ) ) ;
#996 = AXIS2_PLACEMENT_3D ( 'NONE', #1171, #2580, #1186 ) ;
#997 = CARTESIAN_POINT ( 'NONE',  ( -0.2604859517817783021, 0.04036458333333332871, -0.4798177083333333148 ) ) ;
#998 = DIRECTION ( 'NONE',  ( 0.000000000000000000, 0.000000000000000000, 1.000000000000000000 ) ) ;
#999 = TOROIDAL_SURFACE ( 'NONE', #2707, 0.4933910222725038652, 0.02018229166666666782 ) ;
#1000 = EDGE_CURVE ( 'NONE', #1369, #589, #457, .T. ) ;
#1001 = AXIS2_PLACEMENT_3D ( 'NONE', #2767, #1856, #1640 ) ;
#1002 = DIRECTION ( 'NONE',  ( -0.000000000000000000, -1.000000000000000000, -0.000000000000000000 ) ) ;
#1003 = AXIS2_PLACEMENT_3D ( 'NONE', #145, #1766, #2926 ) ;
#1004 = VERTEX_POINT ( 'NONE', #389 ) ;
#1005 = CARTESIAN_POINT ( 'NONE',  ( -0.2474895539454236015, -0.04036458333333332871, -0.4698452215269869336 ) ) ;
#1006 = ORIENTED_EDGE ( 'NONE', *, *, #1168, .T. ) ;
#1007 =( BOUNDED_CURVE ( )  B_SPLINE_CURVE ( 2, ( #782, #1917, #1722 ),
 .UNSPECIFIED., .F., .F. ) 
 B_SPLINE_CURVE_WITH_KNOTS ( ( 3, 3 ),
 ( 0.1253091356504608955, 0.1428571428571428492 ),
 .UNSPECIFIED. ) 
 CURVE ( )  GEOMETRIC_REPRESENTATION_ITEM ( )  RATIONAL_B_SPLINE_CURVE ( ( 0.9480652107226112957, 0.9012585384440751080, 1.000000000000000000 ) ) 
 REPRESENTATION_ITEM ( '' )  );
#1008 = EDGE_LOOP ( 'NONE', ( #222, #2654, #2400, #3 ) ) ;
#1009 = B_SPLINE_CURVE_WITH_KNOTS ( 'NONE', 3,
 ( #296, #2328, #501, #518, #1914, #1900, #1891, #2836, #1215, #745, #2131, #2849, #1438, #1230, #249, #1176, #2097, #35, #2821, #720, #554, #2896, #1292, #24, #1410, #885, #2088, #932, #2977, #194 ),
 .UNSPECIFIED., .F., .F.,
 ( 4, 2, 2, 2, 2, 2, 2, 2, 2, 2, 2, 2, 2, 2, 4 ),
 ( 0.0001514460305854081615, 0.0006532769810501061133, 0.001155107931514803930, 0.001656938881979501312, 0.002158769832444199128, 0.002660600782908896945, 0.003162431733373593894, 0.004166093634302987792, 0.004667924584767685174, 0.005169755535232382557, 0.005671586485697080807, 0.006173417436161778189, 0.007177079337091174689, 0.007678910287555872939, 0.008180741238020570322 ),
 .UNSPECIFIED. ) ;
#1010 = CIRCLE ( 'NONE', #2547, 0.02018229166666666435 ) ;
#1011 = CARTESIAN_POINT ( 'NONE',  ( -0.06250000000000000000, 0.1082531754730547829, -0.06458333333333311777 ) ) ;
#1012 = CARTESIAN_POINT ( 'NONE',  ( 2.651438096812266979E-17, -0.1443375672974064328, -0.1874999999999996114 ) ) ;
#1013 = CARTESIAN_POINT ( 'NONE',  ( 0.1249999999999999584, 1.530808498934191201E-17, -0.08124999999999972522 ) ) ;
#1014 = CARTESIAN_POINT ( 'NONE',  ( -0.2604859517817783021, 0.06054687500000000000, -0.4663628472222222654 ) ) ;
#1015 =( BOUNDED_CURVE ( )  B_SPLINE_CURVE ( 2, ( #2546, #1634, #678 ),
 .UNSPECIFIED., .F., .T. ) 
 B_SPLINE_CURVE_WITH_KNOTS ( ( 3, 3 ),
 ( 0.5000000000000000000, 0.5141318023085944544 ),
 .UNSPECIFIED. ) 
 CURVE ( )  GEOMETRIC_REPRESENTATION_ITEM ( )  RATIONAL_B_SPLINE_CURVE ( ( 1.000000000000000000, 0.9204812946601327317, 0.9353569697109291869 ) ) 
 REPRESENTATION_ITEM ( '' )  );
#1016 = CARTESIAN_POINT ( 'NONE',  ( 0.04626202367904171803, -0.08012817547305463306, -0.1083333333333330456 ) ) ;
#1017 = PLANE ( 'NONE',  #2205 ) ;
#1018 = DIRECTION ( 'NONE',  ( 0.000000000000000000, 0.000000000000000000, 1.000000000000000000 ) ) ;
#1019 = CARTESIAN_POINT ( 'NONE',  ( 0.5423177083333332593, 0.06054687500000000000, -0.3843117960914555487 ) ) ;
#1020 = ORIENTED_EDGE ( 'NONE', *, *, #2516, .T. ) ;
#1021 = DIRECTION ( 'NONE',  ( 0.2588190451025151884, 0.000000000000000000, -0.9659258262890697555 ) ) ;
#1022 = ORIENTED_EDGE ( 'NONE', *, *, #301, .F. ) ;
#1023 = ORIENTED_EDGE ( 'NONE', *, *, #1803, .F. ) ;
#1024 = ADVANCED_FACE ( 'NONE', ( #2456 ), #2478, .T. ) ;
#1025 = CARTESIAN_POINT ( 'NONE',  ( 0.06249999999999997224, 0.1082531754730548385, -0.2666666666666661079 ) ) ;
#1026 = CARTESIAN_POINT ( 'NONE',  ( 0.1250000000000002498, -0.07216878364870295270, -0.1291666666666663743 ) ) ;
#1027 = DIRECTION ( 'NONE',  ( 0.000000000000000000, 1.000000000000000000, 0.000000000000000000 ) ) ;
#1028 = CARTESIAN_POINT ( 'NONE',  ( 0.1461806332230959071, -0.04036458333333332177, -0.3843117960914554931 ) ) ;
#1029 = CARTESIAN_POINT ( 'NONE',  ( -0.1250000000000000000, 1.530808498934191509E-17, -0.5000000000000000000 ) ) ;
#1030 = CARTESIAN_POINT ( 'NONE',  ( 0.1499086832240591194, 0.04646442789193392514, -0.1799999999999999933 ) ) ;
#1031 = ORIENTED_EDGE ( 'NONE', *, *, #333, .F. ) ;
#1032 = DIRECTION ( 'NONE',  ( 0.000000000000000000, 0.000000000000000000, 1.000000000000000000 ) ) ;
#1033 = EDGE_LOOP ( 'NONE', ( #1476, #1172, #1256, #886, #2761, #1730, #2391, #104 ) ) ;
#1034 = AXIS2_PLACEMENT_3D ( 'NONE', #1402, #2784, #2329 ) ;
#1035 = EDGE_LOOP ( 'NONE', ( #2668, #2922, #2765, #2175, #2539, #574, #2499, #2343, #1931, #2059, #95, #714, #1315, #257, #266, #348, #2403, #2102, #986 ) ) ;
#1036 = DIRECTION ( 'NONE',  ( 0.000000000000000000, 1.000000000000000000, 0.000000000000000000 ) ) ;
#1037 = ADVANCED_FACE ( 'NONE', ( #2233, #165 ), #1083, .T. ) ;
#1038 = ADVANCED_FACE ( 'NONE', ( #2955 ), #853, .F. ) ;
#1039 = SURFACE_STYLE_USAGE ( .BOTH. , #2227 ) ;
#1040 = CARTESIAN_POINT ( 'NONE',  ( -0.2421875000000000278, 0.06054687500000000000, -0.01349999999999999985 ) ) ;
#1041 = CARTESIAN_POINT ( 'NONE',  ( 0.08877382486421869778, -0.08513640830442067986, -0.1800000000000000488 ) ) ;
#1042 = CARTESIAN_POINT ( 'NONE',  ( -0.04626202367904168333, 0.08012817547305464694, -0.1333333333333329707 ) ) ;
#1043 = DIRECTION ( 'NONE',  ( 0.000000000000000000, 0.000000000000000000, -1.000000000000000000 ) ) ;
#1044 = CYLINDRICAL_SURFACE ( 'NONE', #1784, 0.02018229166666667129 ) ;
#1045 = CARTESIAN_POINT ( 'NONE',  ( -0.09373203598508561551, -0.08128054162738408694, -0.001172276466229662606 ) ) ;
#1046 = ORIENTED_EDGE ( 'NONE', *, *, #1484, .T. ) ;
#1047 = AXIS2_PLACEMENT_3D ( 'NONE', #2139, #1043, #1547 ) ;
#1048 = CIRCLE ( 'NONE', #2410, 0.02018229166666666435 ) ;
#1049 = ORIENTED_EDGE ( 'NONE', *, *, #1170, .F. ) ;
#1050 = FACE_OUTER_BOUND ( 'NONE', #1552, .T. ) ;
#1051 = AXIS2_PLACEMENT_3D ( 'NONE', #752, #87, #303 ) ;
#1052 = SURFACE_STYLE_FILL_AREA ( #1513 ) ;
#1053 = VECTOR ( 'NONE', #2072, 39.37007874015748143 ) ;
#1054 = CARTESIAN_POINT ( 'NONE',  ( 0.09252404735808332503, 1.133092784412348612E-17, -0.05624999999999984179 ) ) ;
#1055 = EDGE_CURVE ( 'NONE', #305, #1271, #2252, .T. ) ;
#1056 = CARTESIAN_POINT ( 'NONE',  ( 0.1461806332230959071, -0.06054687500000000000, -0.3843117960914554931 ) ) ;
#1057 = CARTESIAN_POINT ( 'NONE',  ( 0.1230000000000000121, 0.000000000000000000, -0.1799999999999999933 ) ) ;
#1058 = CARTESIAN_POINT ( 'NONE',  ( -0.04626202367904160700, -0.08012817547305468857, -0.2166666666666661467 ) ) ;
#1059 = DIRECTION ( 'NONE',  ( -1.000000000000000000, 0.000000000000000000, 0.000000000000000000 ) ) ;
#1060 = CARTESIAN_POINT ( 'NONE',  ( -0.06249999999999990286, -0.1082531754730548801, -0.3416666666666658969 ) ) ;
#1061 = DIRECTION ( 'NONE',  ( 1.000000000000000000, 0.000000000000000000, 0.000000000000000000 ) ) ;
#1062 = ORIENTED_EDGE ( 'NONE', *, *, #2093, .F. ) ;
#1063 = CARTESIAN_POINT ( 'NONE',  ( 0.4528246739582253988, -0.04036458333333332871, -0.1335250050546745448 ) ) ;
#1064 = CARTESIAN_POINT ( 'NONE',  ( -0.5288628472222222099, -0.04036458333333332177, -0.3843117960914554931 ) ) ;
#1065 = CARTESIAN_POINT ( 'NONE',  ( -0.09252404735808328340, -0.05341878364870315116, -0.02708333333333323364 ) ) ;
#1066 = ORIENTED_EDGE ( 'NONE', *, *, #573, .F. ) ;
#1067 = CARTESIAN_POINT ( 'NONE',  ( 0.09252404735808336667, -0.05341878364870306789, -0.1541666666666662577 ) ) ;
#1068 = DIRECTION ( 'NONE',  ( 0.000000000000000000, 1.000000000000000000, 0.000000000000000000 ) ) ;
#1069 = DIRECTION ( 'NONE',  ( -0.000000000000000000, -1.000000000000000000, -0.000000000000000000 ) ) ;
#1070 = CARTESIAN_POINT ( 'NONE',  ( 0.000000000000000000, 0.000000000000000000, -0.5000000000000000000 ) ) ;
#1071 = CARTESIAN_POINT ( 'NONE',  ( 0.06249999999999995837, 0.1082531754730548107, -0.02291666666666652974 ) ) ;
#1072 = DIRECTION ( 'NONE',  ( 0.000000000000000000, 0.000000000000000000, 1.000000000000000000 ) ) ;
#1073 = EDGE_CURVE ( 'NONE', #1610, #1124, #2380, .T. ) ;
#1074 = EDGE_CURVE ( 'NONE', #1895, #836, #1628, .T. ) ;
#1075 = ORIENTED_EDGE ( 'NONE', *, *, #2172, .F. ) ;
#1076 = EDGE_LOOP ( 'NONE', ( #2642, #1632, #2846, #786 ) ) ;
#1077 = CARTESIAN_POINT ( 'NONE',  ( -0.04626202367904170415, 0.08012817547305460530, -0.03958333333333321352 ) ) ;
#1078 = CARTESIAN_POINT ( 'NONE',  ( -8.838126989374223777E-18, 0.1443375672974064328, -0.2624999999999994560 ) ) ;
#1079 = CARTESIAN_POINT ( 'NONE',  ( 0.09252404735808331115, 0.05341878364870311646, -0.002083333333333292538 ) ) ;
#1080 = ORIENTED_EDGE ( 'NONE', *, *, #26, .F. ) ;
#1081 = CARTESIAN_POINT ( 'NONE',  ( -0.1089619188282160561, 0.006811373322719630440, -0.1659619188282031310 ) ) ;
#1082 = DIRECTION ( 'NONE',  ( 0.000000000000000000, 0.000000000000000000, 1.000000000000000000 ) ) ;
#1083 = PLANE ( 'NONE',  #130 ) ;
#1084 = CARTESIAN_POINT ( 'NONE',  ( 0.06250000000000005551, -0.1082531754730547829, -0.3333333333333326487 ) ) ;
#1085 = ADVANCED_FACE ( 'NONE', ( #440 ), #2986, .F. ) ;
#1086 = CIRCLE ( 'NONE', #700, 0.02018229166666665395 ) ;
#1087 = EDGE_CURVE ( 'NONE', #2244, #826, #1142, .T. ) ;
#1088 = ORIENTED_EDGE ( 'NONE', *, *, #31, .F. ) ;
#1089 = AXIS2_PLACEMENT_3D ( 'NONE', #1754, #2667, #571 ) ;
#1090 = CARTESIAN_POINT ( 'NONE',  ( -0.1250000000000000000, -9.184850993605148438E-17, -0.1499999999999996891 ) ) ;
#1091 = CARTESIAN_POINT ( 'NONE',  ( -0.06246237061020937925, 0.07079296163214240933, -0.03092426387223256440 ) ) ;
#1092 = AXIS2_PLACEMENT_3D ( 'NONE', #578, #1957, #109 ) ;
#1093 = CARTESIAN_POINT ( 'NONE',  ( 0.04626202367904178742, -0.08012817547305456367, -0.05833333333333316079 ) ) ;
#1094 = CARTESIAN_POINT ( 'NONE',  ( -0.1461806332230959071, 0.06054687500000000000, -0.3843117960914554931 ) ) ;
#1095 = DIRECTION ( 'NONE',  ( -1.000000000000000000, 0.000000000000000000, 0.000000000000000000 ) ) ;
#1096 = EDGE_LOOP ( 'NONE', ( #2890, #185, #282, #2857 ) ) ;
#1097 = CARTESIAN_POINT ( 'NONE',  ( -0.1247167386555432800, 0.007738843848759986363, -0.0002832613444567090165 ) ) ;
#1098 = CIRCLE ( 'NONE', #563, 0.1230000000000000121 ) ;
#1099 = CARTESIAN_POINT ( 'NONE',  ( -0.2421875000000000278, 2.965941466684996800E-17, 0.000000000000000000 ) ) ;
#1100 = CARTESIAN_POINT ( 'NONE',  ( -0.04626202367904160700, -0.08012817547305468857, -0.1166666666666663632 ) ) ;
#1101 = CIRCLE ( 'NONE', #2715, 0.02018229166666668517 ) ;
#1102 = CARTESIAN_POINT ( 'NONE',  ( -0.02634671994505800516, -0.09652116972665349126, -0.02516720042575513669 ) ) ;
#1103 =( BOUNDED_CURVE ( )  B_SPLINE_CURVE ( 3, ( #2623, #1208, #2125, #1321 ),
 .UNSPECIFIED., .F., .T. ) 
 B_SPLINE_CURVE_WITH_KNOTS ( ( 4, 4 ),
 ( 5.976146290523022486, 6.283185307179586232 ),
 .UNSPECIFIED. ) 
 CURVE ( )  GEOMETRIC_REPRESENTATION_ITEM ( )  RATIONAL_B_SPLINE_CURVE ( ( 1.000000000000000000, 0.9921593375686161842, 0.9921593375686161842, 1.000000000000000000 ) ) 
 REPRESENTATION_ITEM ( '' )  );
#1104 = CARTESIAN_POINT ( 'NONE',  ( 0.1516719726253510647, -0.05072125812712866000, -0.1797311341350106284 ) ) ;
#1105 = ADVANCED_FACE ( 'NONE', ( #2345 ), #1644, .F. ) ;
#1106 = CARTESIAN_POINT ( 'NONE',  ( 0.2279949571908916062, 0.04036458333333332871, -0.4750687829841340748 ) ) ;
#1107 = ORIENTED_EDGE ( 'NONE', *, *, #2332, .F. ) ;
#1108 = CARTESIAN_POINT ( 'NONE',  ( -0.5423177083333333703, -0.04036458333333332871, -0.3843117960914555487 ) ) ;
#1109 = CARTESIAN_POINT ( 'NONE',  ( -0.09252404735808324177, -0.05341878364870324830, -0.07083333333333312332 ) ) ;
#1110 = LINE ( 'NONE', #846, #1737 ) ;
#1111 = CARTESIAN_POINT ( 'NONE',  ( -6.541914240972920027E-18, 0.1068375672974061774, -0.04374999999999986539 ) ) ;
#1112 = EDGE_CURVE ( 'NONE', #1212, #841, #2208, .T. ) ;
#1113 = ORIENTED_EDGE ( 'NONE', *, *, #2019, .T. ) ;
#1115 = EDGE_CURVE ( 'NONE', #907, #2697, #2127, .T. ) ;
#1114 = FACE_OUTER_BOUND ( 'NONE', #481, .T. ) ;
#1116 =( NAMED_UNIT ( * ) PLANE_ANGLE_UNIT ( ) SI_UNIT ( $, .RADIAN. ) );
#1117 = DIRECTION ( 'NONE',  ( -0.000000000000000000, -0.000000000000000000, -1.000000000000000000 ) ) ;
#1118 = CARTESIAN_POINT ( 'NONE',  ( 0.09430854069649380333, -0.05031947759738517045, -0.01831281042867709263 ) ) ;
#1119 = CARTESIAN_POINT ( 'NONE',  ( -0.1249999999999999584, 0.000000000000000000, -0.2062499999999994615 ) ) ;
#1120 = CARTESIAN_POINT ( 'NONE',  ( 0.000000000000000000, 0.000000000000000000, -0.5000000000000000000 ) ) ;
#1121 = ORIENTED_EDGE ( 'NONE', *, *, #883, .F. ) ;
#1122 = CARTESIAN_POINT ( 'NONE',  ( -8.838126989374223777E-18, 0.1443375672974064328, -0.01249999999999997294 ) ) ;
#1123 = CARTESIAN_POINT ( 'NONE',  ( -0.1516719726252656886, 0.05072125812698063257, -0.1797311341350552594 ) ) ;
#1124 = VERTEX_POINT ( 'NONE', #519 ) ;
#1125 = DIRECTION ( 'NONE',  ( 0.000000000000000000, 0.000000000000000000, 1.000000000000000000 ) ) ;
#1126 = CARTESIAN_POINT ( 'NONE',  ( 0.2604859517817783021, 0.06054687500000000000, -0.5000000000000000000 ) ) ;
#1127 = ORIENTED_EDGE ( 'NONE', *, *, #2232, .F. ) ;
#1128 = CARTESIAN_POINT ( 'NONE',  ( -0.09934871603439336674, 0.07095956140261248934, -0.003151356430881391887 ) ) ;
#1129 = CARTESIAN_POINT ( 'NONE',  ( -0.2323506059694690484, 0.05940852922172525780, -0.02699999999999997888 ) ) ;
#1130 = CARTESIAN_POINT ( 'NONE',  ( 0.09232995448921919868, 0.005989895119245591121, -0.1495240473580834450 ) ) ;
#1131 = DIRECTION ( 'NONE',  ( 0.000000000000000000, 1.000000000000000000, 0.000000000000000000 ) ) ;
#1132 = CARTESIAN_POINT ( 'NONE',  ( -0.09252404735808335279, 0.05341878364870308871, 0.02083333333333334259 ) ) ;
#1133 = CARTESIAN_POINT ( 'NONE',  ( -0.2604859517817783021, -0.06054687500000000000, -0.4663628472222222654 ) ) ;
#1134 = ORIENTED_EDGE ( 'NONE', *, *, #2350, .F. ) ;
#1135 = CARTESIAN_POINT ( 'NONE',  ( 0.09252404735808331115, 0.05341878364870311646, -0.2020833333333328652 ) ) ;
#1136 = AXIS2_PLACEMENT_3D ( 'NONE', #2284, #479, #1851 ) ;
#1137 = DIRECTION ( 'NONE',  ( 0.000000000000000000, 0.000000000000000000, 1.000000000000000000 ) ) ;
#1138 = ORIENTED_EDGE ( 'NONE', *, *, #1682, .T. ) ;
#1139 = CONICAL_SURFACE ( 'NONE', #2854, 0.1250000000000000000, 0.7853981633974500554 ) ;
#1140 = CARTESIAN_POINT ( 'NONE',  ( -0.06250000000000020817, 0.1082531754730547136, -0.1583333333333329929 ) ) ;
#1141 = EDGE_LOOP ( 'NONE', ( #1704, #260, #350, #1233, #1349, #1838, #1619, #2265 ) ) ;
#1142 = CIRCLE ( 'NONE', #1694, 0.4163193667769039541 ) ;
#1143 = CARTESIAN_POINT ( 'NONE',  ( 0.08499852389931095153, 0.05125779177348085275, -0.1552741982678105537 ) ) ;
#1144 = ORIENTED_EDGE ( 'NONE', *, *, #532, .T. ) ;
#1145 = CARTESIAN_POINT ( 'NONE',  ( -0.1203089762909144433, 0.03021191727459758558, -0.001190396076441213201 ) ) ;
#1146 = VECTOR ( 'NONE', #503, 39.37007874015748143 ) ;
#1147 = APPLICATION_PROTOCOL_DEFINITION ( 'draft international standard', 'automotive_design', 1998, #269 ) ;
#1148 = CIRCLE ( 'NONE', #323, 0.4933910222725038652 ) ;
#1149 = B_SPLINE_CURVE_WITH_KNOTS ( 'NONE', 3,
 ( #1235, #1224, #75, #2174, #89, #1030 ),
 .UNSPECIFIED., .F., .F.,
 ( 4, 2, 4 ),
 ( 2.282136156707178389E-07, 0.0001738824558083900415, 0.0003475366980011094001 ),
 .UNSPECIFIED. ) ;
#1150 = CARTESIAN_POINT ( 'NONE',  ( -0.09252404735808332503, -6.798556706474092287E-17, -0.1312499999999997002 ) ) ;
#1151 = CARTESIAN_POINT ( 'NONE',  ( 0.09252404735808332503, 0.05341878364870312340, 0.004166666666666713446 ) ) ;
#1152 = VECTOR ( 'NONE', #1308, 39.37007874015748143 ) ;
#1153 = ORIENTED_EDGE ( 'NONE', *, *, #1755, .T. ) ;
#1154 = ADVANCED_FACE ( 'NONE', ( #2381, #297 ), #1709, .T. ) ;
#1155 = CARTESIAN_POINT ( 'NONE',  ( 1.962574272291876162E-17, -0.1068375672974061774, -0.2687499999999993783 ) ) ;
#1156 = FACE_OUTER_BOUND ( 'NONE', #719, .T. ) ;
#1157 = EDGE_LOOP ( 'NONE', ( #1479, #170, #1780, #2963 ) ) ;
#1158 = CARTESIAN_POINT ( 'NONE',  ( 0.2604859517817783021, 0.06054687500000000000, -0.4663628472222222654 ) ) ;
#1159 = CARTESIAN_POINT ( 'NONE',  ( 0.09675233557277401752, -0.07246431983508991315, -0.1776581600682661799 ) ) ;
#1160 = CARTESIAN_POINT ( 'NONE',  ( 0.2330669157224200261, 0.05801232539801351451, -0.02302094140838427047 ) ) ;
#1161 = ORIENTED_EDGE ( 'NONE', *, *, #881, .T. ) ;
#1162 = DIRECTION ( 'NONE',  ( 9.154399031227591509E-17, 0.000000000000000000, -1.000000000000000000 ) ) ;
#1163 = DIRECTION ( 'NONE',  ( 0.000000000000000000, 0.000000000000000000, 1.000000000000000000 ) ) ;
#1164 = CARTESIAN_POINT ( 'NONE',  ( -0.1559303775463874442, -0.05659652206053621126, -0.1744818574584447168 ) ) ;
#1165 = CARTESIAN_POINT ( 'NONE',  ( 2.651438096812266054E-17, -0.1443375672974063773, -0.1937499999999994782 ) ) ;
#1166 = ORIENTED_EDGE ( 'NONE', *, *, #1864, .T. ) ;
#1167 = CARTESIAN_POINT ( 'NONE',  ( 0.1250000000000000000, 1.530808498934191509E-17, -0.02499999999999994588 ) ) ;
#1168 = EDGE_CURVE ( 'NONE', #2292, #1702, #632, .T. ) ;
#1169 = DIMENSIONAL_EXPONENTS ( 1.000000000000000000, 0.000000000000000000, 0.000000000000000000, 0.000000000000000000, 0.000000000000000000, 0.000000000000000000, 0.000000000000000000 ) ;
#1170 = EDGE_CURVE ( 'NONE', #2289, #2070, #1247, .T. ) ;
#1171 = CARTESIAN_POINT ( 'NONE',  ( 0.5363867100727401915, 0.04036458333333332871, -0.3954663814860762128 ) ) ;
#1172 = ORIENTED_EDGE ( 'NONE', *, *, #1802, .F. ) ;
#1173 = CARTESIAN_POINT ( 'NONE',  ( -2.748265285062799981E-16, 0.1068375672974061913, -0.1374999999999996503 ) ) ;
#1174 = CARTESIAN_POINT ( 'NONE',  ( -0.2421875000000000278, -0.04036458333333332871, -0.03368229166666673879 ) ) ;
#1175 = ORIENTED_EDGE ( 'NONE', *, *, #261, .T. ) ;
#1176 = CARTESIAN_POINT ( 'NONE',  ( -0.01294134618027749199, -0.1008144958499680166, -0.1584257445675229248 ) ) ;
#1177 = CARTESIAN_POINT ( 'NONE',  ( -0.2285925121575199392, -0.06054687499999999306, -0.03368229166666667634 ) ) ;
#1178 = CARTESIAN_POINT ( 'NONE',  ( 0.1216411972765475830, 0.02649790085915783300, -0.1799999999999999656 ) ) ;
#1179 = CARTESIAN_POINT ( 'NONE',  ( -0.1249999999999999722, 0.07216878364870318863, -0.1104166666666663438 ) ) ;
#1180 = CARTESIAN_POINT ( 'NONE',  ( -0.07854270873393910668, 0.08121373807764380170, -0.1697727584584209082 ) ) ;
#1181 = B_SPLINE_CURVE_WITH_KNOTS ( 'NONE', 3,
 ( #1770, #2434, #543, #117 ),
 .UNSPECIFIED., .F., .F.,
 ( 4, 4 ),
 ( 0.002743415028892260462, 0.006287033454843969811 ),
 .UNSPECIFIED. ) ;
#1182 = CARTESIAN_POINT ( 'NONE',  ( 0.1249999999999999584, 0.07216878364870328577, -0.02083333333333329054 ) ) ;
#1183 = VERTEX_POINT ( 'NONE', #2194 ) ;
#1184 = B_SPLINE_CURVE_WITH_KNOTS ( 'NONE', 3,
 ( #133, #1947, #340, #2470 ),
 .UNSPECIFIED., .F., .F.,
 ( 4, 4 ),
 ( 0.01736128975424705220, 0.01774322292331073289 ),
 .UNSPECIFIED. ) ;
#1185 = CARTESIAN_POINT ( 'NONE',  ( -0.1250000000000000000, 0.07216878364870320250, -0.004166666666666657935 ) ) ;
#1186 = DIRECTION ( 'NONE',  ( 0.5591929034707482371, 0.000000000000000000, -0.8290375725550408470 ) ) ;
#1187 = EDGE_CURVE ( 'NONE', #2064, #2628, #1989, .T. ) ;
#1188 = VERTEX_POINT ( 'NONE', #1260 ) ;
#1189 = EDGE_CURVE ( 'NONE', #1124, #647, #1184, .T. ) ;
#1190 = CARTESIAN_POINT ( 'NONE',  ( -8.838126989374222236E-18, 0.1443375672974063773, -0.1687499999999995393 ) ) ;
#1191 = MANIFOLD_SOLID_BREP ( 'Combine2', #1338 ) ;
#1192 = ORIENTED_EDGE ( 'NONE', *, *, #722, .F. ) ;
#1193 = FACE_OUTER_BOUND ( 'NONE', #1381, .T. ) ;
#1195 = CIRCLE ( 'NONE', #942, 0.03363715277777774848 ) ;
#1194 = CARTESIAN_POINT ( 'NONE',  ( 0.1073272702546065466, 0.007052626175813106468, -0.1643272702546192954 ) ) ;
#1196 = VERTEX_POINT ( 'NONE', #2731 ) ;
#1197 = DIRECTION ( 'NONE',  ( 0.000000000000000000, 0.000000000000000000, 1.000000000000000000 ) ) ;
#1198 = CARTESIAN_POINT ( 'NONE',  ( 0.09252404735808336667, -0.05341878364870299850, -0.06041666666666650060 ) ) ;
#1199 = CARTESIAN_POINT ( 'NONE',  ( -0.1249999999999999722, -0.07216878364870328577, -0.1958333333333329151 ) ) ;
#1200 = LINE ( 'NONE', #1471, #3012 ) ;
#1201 = AXIS2_PLACEMENT_3D ( 'NONE', #2349, #951, #998 ) ;
#1202 = DIRECTION ( 'NONE',  ( 1.000000000000000000, 0.000000000000000000, 0.000000000000000000 ) ) ;
#1203 = CARTESIAN_POINT ( 'NONE',  ( 0.09232995448921919868, 0.005989895119245591121, -0.1495240473580834450 ) ) ;
#1204 = AXIS2_PLACEMENT_3D ( 'NONE', #480, #1432, #2870 ) ;
#1205 = CARTESIAN_POINT ( 'NONE',  ( 0.2421874999999998335, -0.06054687500000000000, -0.03368229166666666941 ) ) ;
#1206 = CARTESIAN_POINT ( 'NONE',  ( 0.2604859517817783021, 0.06054687500000000000, -0.4663628472222222654 ) ) ;
#1207 = EDGE_CURVE ( 'NONE', #624, #2876, #566, .T. ) ;
#1208 = CARTESIAN_POINT ( 'NONE',  ( -0.1492598118578959965, -0.04448767212362936957, -0.1799999999999999656 ) ) ;
#1209 = CIRCLE ( 'NONE', #1510, 0.01345486111111108586 ) ;
#1210 =( BOUNDED_CURVE ( )  B_SPLINE_CURVE ( 2, ( #875, #1360, #1140, #2287, #1324, #447, #909 ),
 .UNSPECIFIED., .F., .F. ) 
 B_SPLINE_CURVE_WITH_KNOTS ( ( 3, 2, 2, 3 ),
 ( 0.4285714285714285476, 0.4523809523809523836, 0.4761904761904761640, 0.5000000000000000000 ),
 .UNSPECIFIED. ) 
 CURVE ( )  GEOMETRIC_REPRESENTATION_ITEM ( )  RATIONAL_B_SPLINE_CURVE ( ( 1.000000000000000000, 0.8660254037844387076, 1.000000000000000000, 0.8660254037844387076, 1.000000000000000000, 0.8660254037844387076, 1.000000000000000000 ) ) 
 REPRESENTATION_ITEM ( '' )  );
#1211 = ORIENTED_EDGE ( 'NONE', *, *, #1408, .T. ) ;
#1212 = VERTEX_POINT ( 'NONE', #1579 ) ;
#1213 = CARTESIAN_POINT ( 'NONE',  ( 0.000000000000000000, 0.000000000000000000, -0.1799999999999999933 ) ) ;
#1214 = ORIENTED_EDGE ( 'NONE', *, *, #946, .T. ) ;
#1215 = CARTESIAN_POINT ( 'NONE',  ( 0.06991062209358640811, -0.06718506231956425379, -0.1537371418653536714 ) ) ;
#1216 = CARTESIAN_POINT ( 'NONE',  ( -0.1249999999999999584, 0.000000000000000000, -0.05624999999999979322 ) ) ;
#1217 = EDGE_CURVE ( 'NONE', #2079, #803, #2453, .T. ) ;
#1218 = EDGE_CURVE ( 'NONE', #2292, #2536, #2858, .T. ) ;
#1219 = CARTESIAN_POINT ( 'NONE',  ( 0.2310522934321277977, 0.06015879006002865237, -0.02913817766709860327 ) ) ;
#1220 = DIRECTION ( 'NONE',  ( -1.000000000000000000, 0.000000000000000000, 0.000000000000000000 ) ) ;
#1221 = CARTESIAN_POINT ( 'NONE',  ( -0.2474895539454236015, -0.06054687500000000000, -0.4698452215269869336 ) ) ;
#1222 = FACE_OUTER_BOUND ( 'NONE', #1378, .T. ) ;
#1223 = CARTESIAN_POINT ( 'NONE',  ( -0.4684474971091242557, 0.06054687500000000000, -0.1207479829558386758 ) ) ;
#1224 = CARTESIAN_POINT ( 'NONE',  ( 0.1551946857513332723, 0.05568963530656928507, -0.1764783510287345758 ) ) ;
#1225 = EDGE_LOOP ( 'NONE', ( #2684, #607, #985, #2388 ) ) ;
#1226 = FACE_OUTER_BOUND ( 'NONE', #1520, .T. ) ;
#1227 = EDGE_LOOP ( 'NONE', ( #78, #911, #690, #2076, #1641, #777 ) ) ;
#1228 = CARTESIAN_POINT ( 'NONE',  ( 0.1095244925943892750, -0.02980392024215172686, -0.1702699466609589596 ) ) ;
#1229 = ORIENTED_EDGE ( 'NONE', *, *, #2589, .F. ) ;
#1230 = CARTESIAN_POINT ( 'NONE',  ( 0.02010673244839712714, -0.09853617534230818542, -0.1566893778110358959 ) ) ;
#1231 = LINE ( 'NONE', #2615, #1786 ) ;
#1232 = DIRECTION ( 'NONE',  ( 0.000000000000000000, -1.000000000000000000, -0.000000000000000000 ) ) ;
#1233 = ORIENTED_EDGE ( 'NONE', *, *, #844, .T. ) ;
#1234 = FACE_OUTER_BOUND ( 'NONE', #2902, .T. ) ;
#1235 = CARTESIAN_POINT ( 'NONE',  ( 0.1559303775463881381, 0.05659652206053439327, -0.1744818574584447168 ) ) ;
#1236 = ORIENTED_EDGE ( 'NONE', *, *, #795, .T. ) ;
#1237 = DIRECTION ( 'NONE',  ( 0.2588190451025140226, -0.000000000000000000, -0.9659258262890699775 ) ) ;
#1238 = EDGE_LOOP ( 'NONE', ( #386, #708, #1717, #2594, #2734 ) ) ;
#1239 = CARTESIAN_POINT ( 'NONE',  ( 0.1250000000000000000, 0.000000000000000000, -0.5000000000000000000 ) ) ;
#1240 = ORIENTED_EDGE ( 'NONE', *, *, #881, .F. ) ;
#1241 = CIRCLE ( 'NONE', #1961, 0.1569444371913067682 ) ;
#1242 = DIRECTION ( 'NONE',  ( 0.000000000000000000, 0.000000000000000000, 1.000000000000000000 ) ) ;
#1243 = DIRECTION ( 'NONE',  ( 0.9659258262890698665, 0.000000000000000000, -0.2588190451025152439 ) ) ;
#1244 = AXIS2_PLACEMENT_3D ( 'NONE', #2186, #1251, #335 ) ;
#1245 = DIRECTION ( 'NONE',  ( -0.7740856890251839317, 0.000000000000000000, 0.6330808368971583278 ) ) ;
#1246 = DIRECTION ( 'NONE',  ( -1.000000000000000000, -0.000000000000000000, -9.154399031227591509E-17 ) ) ;
#1247 = CIRCLE ( 'NONE', #2407, 0.3961370751102372689 ) ;
#1248 = CARTESIAN_POINT ( 'NONE',  ( -0.1461806332230959071, -0.04036458333333332177, -0.3843117960914554931 ) ) ;
#1249 = LINE ( 'NONE', #1951, #1832 ) ;
#1250 = VECTOR ( 'NONE', #2081, 39.37007874015748143 ) ;
#1251 = DIRECTION ( 'NONE',  ( 0.000000000000000000, 1.000000000000000000, 0.000000000000000000 ) ) ;
#1252 = EDGE_CURVE ( 'NONE', #370, #622, #1110, .T. ) ;
#1253 = AXIS2_PLACEMENT_3D ( 'NONE', #1948, #1711, #2633 ) ;
#1254 = ORIENTED_EDGE ( 'NONE', *, *, #2666, .F. ) ;
#1255 = DIRECTION ( 'NONE',  ( 0.7740856890251839317, 0.000000000000000000, 0.6330808368971583278 ) ) ;
#1256 = ORIENTED_EDGE ( 'NONE', *, *, #2609, .F. ) ;
#1257 = ORIENTED_EDGE ( 'NONE', *, *, #1441, .T. ) ;
#1258 = CARTESIAN_POINT ( 'NONE',  ( 0.1637145568013739505, 0.06054687500000000000, -0.1571926757814474385 ) ) ;
#1259 = CARTESIAN_POINT ( 'NONE',  ( 2.651438096812266979E-17, -0.1443375672974064328, -0.2874999999999994227 ) ) ;
#1260 = CARTESIAN_POINT ( 'NONE',  ( 0.2421875000000000278, -0.06054687500000000000, -0.03368229166666673879 ) ) ;
#1261 = ORIENTED_EDGE ( 'NONE', *, *, #2190, .F. ) ;
#1262 = CARTESIAN_POINT ( 'NONE',  ( 0.1489315150786608144, 0.04243832234406668541, -0.1799999999999999933 ) ) ;
#1263 = B_SPLINE_CURVE_WITH_KNOTS ( 'NONE', 3,
 ( #1474, #1487, #2416, #1923 ),
 .UNSPECIFIED., .F., .F.,
 ( 4, 4 ),
 ( 2.084109972145859165E-05, 0.0002177067735394434291 ),
 .UNSPECIFIED. ) ;
#1264 = LINE ( 'NONE', #1223, #2259 ) ;
#1265 = EDGE_CURVE ( 'NONE', #337, #2561, #217, .T. ) ;
#1266 = ORIENTED_EDGE ( 'NONE', *, *, #776, .T. ) ;
#1267 = DIRECTION ( 'NONE',  ( -1.000000000000000000, 0.000000000000000000, 0.000000000000000000 ) ) ;
#1268 = EDGE_CURVE ( 'NONE', #2198, #800, #1502, .T. ) ;
#1269 = ADVANCED_FACE ( 'NONE', ( #200 ), #2996, .T. ) ;
#1270 = ORIENTED_EDGE ( 'NONE', *, *, #351, .T. ) ;
#1271 = VERTEX_POINT ( 'NONE', #436 ) ;
#1272 = CARTESIAN_POINT ( 'NONE',  ( 0.06249999999999986816, 0.1082531754730549078, -0.1166666666666664187 ) ) ;
#1273 = DIRECTION ( 'NONE',  ( -0.2588190451025140226, -0.000000000000000000, -0.9659258262890699775 ) ) ;
#1274 = CARTESIAN_POINT ( 'NONE',  ( 0.1489315150786608699, -0.04036458333333332177, -0.03368229166666667634 ) ) ;
#1275 = CARTESIAN_POINT ( 'NONE',  ( 0.09252404735808332503, 0.05341878364870312340, -0.2958333333333326709 ) ) ;
#1276 = CARTESIAN_POINT ( 'NONE',  ( 0.000000000000000000, 0.000000000000000000, -0.1799999999999999933 ) ) ;
#1277 = CARTESIAN_POINT ( 'NONE',  ( -0.1040331279942469794, -0.06060327362993946781, -0.004840013466262751279 ) ) ;
#1278 = VERTEX_POINT ( 'NONE', #1379 ) ;
#1279 = EDGE_CURVE ( 'NONE', #1327, #2835, #349, .T. ) ;
#1280 = ORIENTED_EDGE ( 'NONE', *, *, #531, .T. ) ;
#1281 = DIRECTION ( 'NONE',  ( 0.000000000000000000, 0.000000000000000000, 1.000000000000000000 ) ) ;
#1282 = CARTESIAN_POINT ( 'NONE',  ( 0.1249999999999996947, 0.07216878364870353557, -0.1208333333333330567 ) ) ;
#1283 = CARTESIAN_POINT ( 'NONE',  ( -0.1250000000000000000, 1.530808498934191509E-17, -0.5000000000000000000 ) ) ;
#1284 = CARTESIAN_POINT ( 'NONE',  ( -0.05516785584176638751, 0.07427790399131446730, -0.03247595264191654313 ) ) ;
#1285 = CARTESIAN_POINT ( 'NONE',  ( -0.2421875000000000278, 0.06054687500000000000, -0.03368229166666666941 ) ) ;
#1286 = CARTESIAN_POINT ( 'NONE',  ( 0.09252404735808335279, 1.133092784412348920E-17, -0.1999999999999995115 ) ) ;
#1287 = AXIS2_PLACEMENT_3D ( 'NONE', #2930, #1568, #421 ) ;
#1288 = DIRECTION ( 'NONE',  ( 0.000000000000000000, 0.000000000000000000, -1.000000000000000000 ) ) ;
#1289 = B_SPLINE_CURVE_WITH_KNOTS ( 'NONE', 3,
 ( #1129, #895, #670, #2952, #850, #2636 ),
 .UNSPECIFIED., .F., .F.,
 ( 4, 2, 4 ),
 ( 2.118531577696659885E-07, 0.0003214606661949052598, 0.0006427094792320408667 ),
 .UNSPECIFIED. ) ;
#1290 = CARTESIAN_POINT ( 'NONE',  ( 0.1250000000000000000, -0.07216878364870316087, -0.03541666666666649921 ) ) ;
#1291 = AXIS2_PLACEMENT_3D ( 'NONE', #730, #1669, #2156 ) ;
#1292 = CARTESIAN_POINT ( 'NONE',  ( -0.07278780645319229969, -0.07537298314856540060, -0.1615755312828987822 ) ) ;
#1293 = CARTESIAN_POINT ( 'NONE',  ( -1.723881473724419953E-16, 0.1443375672974064328, -0.06249999999999986122 ) ) ;
#1294 = EDGE_LOOP ( 'NONE', ( #159, #1049, #1229, #517 ) ) ;
#1295 = AXIS2_PLACEMENT_3D ( 'NONE', #1564, #2430, #1530 ) ;
#1296 = AXIS2_PLACEMENT_3D ( 'NONE', #1274, #2393, #2865 ) ;
#1297 = CARTESIAN_POINT ( 'NONE',  ( 0.09252404735808336667, -0.05341878364870299850, -0.05416666666666649504 ) ) ;
#1298 = DIRECTION ( 'NONE',  ( -1.000000000000000000, 0.000000000000000000, 0.000000000000000000 ) ) ;
#1299 = CARTESIAN_POINT ( 'NONE',  ( 0.1249999999999999722, 0.07216878364870328577, -0.2208333333333328818 ) ) ;
#1300 = AXIS2_PLACEMENT_3D ( 'NONE', #1158, #861, #188 ) ;
#1301 = CARTESIAN_POINT ( 'NONE',  ( 0.2323506059694690484, -0.05940852922172525086, -0.02699999999999997888 ) ) ;
#1302 = CARTESIAN_POINT ( 'NONE',  ( -0.04626202367904167639, 0.08012817547305463306, 0.01041666666666667997 ) ) ;
#1303 = ORIENTED_EDGE ( 'NONE', *, *, #1796, .F. ) ;
#1304 = CARTESIAN_POINT ( 'NONE',  ( -0.04626202367904160700, -0.08012817547305468857, -0.3166666666666659302 ) ) ;
#1305 = ADVANCED_FACE ( 'NONE', ( #924 ), #1593, .F. ) ;
#1306 = EDGE_CURVE ( 'NONE', #1363, #841, #2597, .T. ) ;
#1307 = CARTESIAN_POINT ( 'NONE',  ( 0.2421874999999998612, 0.06054687500000000000, -0.3057932180726094518 ) ) ;
#1308 = DIRECTION ( 'NONE',  ( -0.000000000000000000, -0.000000000000000000, -1.000000000000000000 ) ) ;
#1309 = CARTESIAN_POINT ( 'NONE',  ( 0.06250000000000004163, -0.1082531754730547691, -0.03958333333333316495 ) ) ;
#1310 = ORIENTED_EDGE ( 'NONE', *, *, #73, .F. ) ;
#1311 = CYLINDRICAL_SURFACE ( 'NONE', #1287, 0.5135733139391704949 ) ;
#1312 = CARTESIAN_POINT ( 'NONE',  ( 0.2604859517817782466, 0.04036458333333332871, 0.01357331393917055561 ) ) ;
#1313 = DIRECTION ( 'NONE',  ( -0.000000000000000000, -0.000000000000000000, 1.000000000000000000 ) ) ;
#1314 = CARTESIAN_POINT ( 'NONE',  ( 0.09252404735808332503, 1.133092784412348612E-17, -0.1062499999999997197 ) ) ;
#1315 = ORIENTED_EDGE ( 'NONE', *, *, #284, .F. ) ;
#1316 = CARTESIAN_POINT ( 'NONE',  ( 1.962574272291876470E-17, -0.1068375672974062052, -0.2124999999999994671 ) ) ;
#1317 =( BOUNDED_CURVE ( )  B_SPLINE_CURVE ( 2, ( #2138, #2602, #254, #2620, #2333, #950, #522 ),
 .UNSPECIFIED., .F., .T. ) 
 B_SPLINE_CURVE_WITH_KNOTS ( ( 3, 2, 2, 3 ),
 ( 0.3571428571428570953, 0.3809523809523809312, 0.4047619047619047672, 0.4285714285714286031 ),
 .UNSPECIFIED. ) 
 CURVE ( )  GEOMETRIC_REPRESENTATION_ITEM ( )  RATIONAL_B_SPLINE_CURVE ( ( 1.000000000000000444, 0.8660254037844384856, 1.000000000000000000, 0.8660254037844387076, 1.000000000000000000, 0.8660254037844383745, 1.000000000000000222 ) ) 
 REPRESENTATION_ITEM ( '' )  );
#1318 = EDGE_CURVE ( 'NONE', #2079, #763, #499, .T. ) ;
#1319 = CARTESIAN_POINT ( 'NONE',  ( 0.000000000000000000, 0.000000000000000000, -0.1495240473580834173 ) ) ;
#1320 = FACE_OUTER_BOUND ( 'NONE', #1035, .T. ) ;
#1321 = CARTESIAN_POINT ( 'NONE',  ( -0.1489315150786608422, -0.04036458333333332177, -0.1799999999999999933 ) ) ;
#1322 = ORIENTED_EDGE ( 'NONE', *, *, #189, .F. ) ;
#1323 = DIRECTION ( 'NONE',  ( 0.000000000000000000, 1.000000000000000000, 0.000000000000000000 ) ) ;
#1324 = CARTESIAN_POINT ( 'NONE',  ( 0.06249999999999964612, 0.1082531754730550327, -0.1666666666666663243 ) ) ;
#1325 = CYLINDRICAL_SURFACE ( 'NONE', #181, 0.4163193667769038986 ) ;
#1326 = CARTESIAN_POINT ( 'NONE',  ( 0.000000000000000000, 0.000000000000000000, 0.000000000000000000 ) ) ;
#1327 = VERTEX_POINT ( 'NONE', #698 ) ;
#1328 = DIRECTION ( 'NONE',  ( -0.000000000000000000, -1.000000000000000000, -0.000000000000000000 ) ) ;
#1329 = CARTESIAN_POINT ( 'NONE',  ( -0.5288628472222222099, 0.06054687500000000000, -0.3843117960914554931 ) ) ;
#1330 = CARTESIAN_POINT ( 'NONE',  ( 0.1250000000000000555, -0.07216878364870317475, -0.1791666666666662522 ) ) ;
#1331 = ADVANCED_FACE ( 'NONE', ( #1193 ), #32, .F. ) ;
#1332 = CARTESIAN_POINT ( 'NONE',  ( -0.09252404735808331115, -0.05341878364870315116, -0.2708333333333327042 ) ) ;
#1333 = CARTESIAN_POINT ( 'NONE',  ( -0.07441782116069260711, -0.06234818421225574864, -0.02814025088179800821 ) ) ;
#1334 = DIRECTION ( 'NONE',  ( -0.000000000000000000, -0.000000000000000000, 1.000000000000000000 ) ) ;
#1335 = CARTESIAN_POINT ( 'NONE',  ( -0.1250000000000000000, 0.000000000000000000, -0.3499999999999992562 ) ) ;
#1336 = CARTESIAN_POINT ( 'NONE',  ( 0.04626202367904157231, 0.08012817547305468857, -0.09791666666666642982 ) ) ;
#1337 = CARTESIAN_POINT ( 'NONE',  ( -0.09252404735808332503, 0.000000000000000000, 0.000000000000000000 ) ) ;
#1338 = CLOSED_SHELL ( 'NONE', ( #2798, #1708, #740, #61, #943, #1756, #2379, #2574, #157, #2733, #1559, #2236, #541, #1105, #316, #2276, #2256, #2909, #3002, #2476, #1909, #1879, #2378, #2800, #413, #1902, #1038, #90, #2961, #2939, #2973, #1878, #972, #1269, #1769, #1384, #1446, #29, #1504, #874, #2202, #2418, #626, #902, #15, #71, #1024, #2928, #353, #14, #2477, #1331, #1815, #60, #1426, #2319, #2879, #842, #2576, #2793, #2132, #627, #1503, #981, #345, #1924, #404, #2288, #2308, #1037, #1085, #419, #1154, #2681, #1445, #658, #1305, #959 ) ) ;
#1339 = ORIENTED_EDGE ( 'NONE', *, *, #197, .F. ) ;
#1340 = CONICAL_SURFACE ( 'NONE', #1452, 0.1230000000000000121, 0.7853981633974500554 ) ;
#1341 = EDGE_CURVE ( 'NONE', #2292, #864, #564, .T. ) ;
#1342 = CARTESIAN_POINT ( 'NONE',  ( -0.08150100286364254931, 0.05634595403319520024, -0.02622746825369466281 ) ) ;
#1343 = AXIS2_PLACEMENT_3D ( 'NONE', #2502, #408, #2068 ) ;
#1344 = EDGE_LOOP ( 'NONE', ( #324, #576, #621, #2390, #2929, #969, #1214, #1161 ) ) ;
#1345 = CYLINDRICAL_SURFACE ( 'NONE', #614, 0.1250000000000000000 ) ;
#1346 = AXIS2_PLACEMENT_3D ( 'NONE', #2676, #2411, #1482 ) ;
#1347 = CARTESIAN_POINT ( 'NONE',  ( 0.000000000000000000, 0.000000000000000000, -0.02699999999999999969 ) ) ;
#1348 = CARTESIAN_POINT ( 'NONE',  ( 0.04626202367904170415, -0.08012817547305460530, -0.01458333333333326591 ) ) ;
#1349 = ORIENTED_EDGE ( 'NONE', *, *, #1168, .F. ) ;
#1350 = AXIS2_PLACEMENT_3D ( 'NONE', #552, #2885, #1681 ) ;
#1351 = AXIS2_PLACEMENT_3D ( 'NONE', #1329, #683, #2974 ) ;
#1352 = CARTESIAN_POINT ( 'NONE',  ( 0.08678883435444029182, -0.06126776013008821548, -0.01897148522868055340 ) ) ;
#1353 = CARTESIAN_POINT ( 'NONE',  ( -8.838126989374223777E-18, 0.1443375672974064328, -0.1124999999999997530 ) ) ;
#1354 = CARTESIAN_POINT ( 'NONE',  ( 0.1249999999999999167, 0.07216878364870323026, -0.02708333333333319548 ) ) ;
#1355 = ORIENTED_EDGE ( 'NONE', *, *, #477, .F. ) ;
#1356 = LINE ( 'NONE', #2741, #2200 ) ;
#1357 = CARTESIAN_POINT ( 'NONE',  ( 0.1637145568013739505, -0.06054687500000000000, -0.1571926757814473830 ) ) ;
#1358 = CARTESIAN_POINT ( 'NONE',  ( -2.748265285062799981E-16, 0.1068375672974061913, -0.1437499999999996558 ) ) ;
#1359 = CARTESIAN_POINT ( 'NONE',  ( -0.06917959071220622369, 0.06649861012414691464, -0.02936206849039378619 ) ) ;
#1360 = CARTESIAN_POINT ( 'NONE',  ( -0.1250000000000000833, 0.07216878364870304985, -0.1541666666666663410 ) ) ;
#1361 = DIRECTION ( 'NONE',  ( -0.5591929034707482371, 0.000000000000000000, -0.8290375725550408470 ) ) ;
#1362 = CARTESIAN_POINT ( 'NONE',  ( -0.2421874999999998612, 0.04036458333333332871, -0.3057932180726094518 ) ) ;
#1363 = VERTEX_POINT ( 'NONE', #743 ) ;
#1364 = DIRECTION ( 'NONE',  ( 1.000000000000000000, 0.000000000000000000, 0.000000000000000000 ) ) ;
#1365 = CARTESIAN_POINT ( 'NONE',  ( -0.2297959015751200040, -0.06054687500000182493, -0.03136204920820820363 ) ) ;
#1366 = CARTESIAN_POINT ( 'NONE',  ( -0.1086751541474355737, -3.182360892352723312E-13, -0.1656751541474355272 ) ) ;
#1367 = CARTESIAN_POINT ( 'NONE',  ( -0.08465731667838694019, -0.04527187372849651031, -0.02922799488754634564 ) ) ;
#1368 = CARTESIAN_POINT ( 'NONE',  ( -0.1249999999999999167, -0.07216878364870328577, -0.3020833333333326487 ) ) ;
#1369 = VERTEX_POINT ( 'NONE', #1688 ) ;
#1370 = CARTESIAN_POINT ( 'NONE',  ( 0.09252404735808308911, 0.05341878364870332463, -0.1020833333333330539 ) ) ;
#1371 = EDGE_CURVE ( 'NONE', #944, #108, #516, .T. ) ;
#1372 = CARTESIAN_POINT ( 'NONE',  ( 0.1250000000000000555, -0.07216878364870317475, -0.02916666666666660468 ) ) ;
#1373 = DIRECTION ( 'NONE',  ( -0.000000000000000000, -1.000000000000000000, -0.000000000000000000 ) ) ;
#1374 = EDGE_CURVE ( 'NONE', #1799, #168, #1181, .T. ) ;
#1375 = CARTESIAN_POINT ( 'NONE',  ( -0.1499086832240586198, 0.04646442789193554190, -0.1799999999999999933 ) ) ;
#1376 = ORIENTED_EDGE ( 'NONE', *, *, #2408, .T. ) ;
#1377 = DIRECTION ( 'NONE',  ( 0.000000000000000000, 0.000000000000000000, 1.000000000000000000 ) ) ;
#1378 = EDGE_LOOP ( 'NONE', ( #295, #1687, #515, #2889 ) ) ;
#1379 = CARTESIAN_POINT ( 'NONE',  ( 0.09252404735808332503, 2.210103635541414168E-16, -0.09999999999999971412 ) ) ;
#1380 = DIRECTION ( 'NONE',  ( 0.000000000000000000, 0.000000000000000000, 1.000000000000000000 ) ) ;
#1381 = EDGE_LOOP ( 'NONE', ( #319, #392, #425, #1939 ) ) ;
#1382 = FACE_OUTER_BOUND ( 'NONE', #1854, .T. ) ;
#1383 = CARTESIAN_POINT ( 'NONE',  ( 0.1621814614910985219, 0.06054687500000000000, -0.1600606967382968149 ) ) ;
#1384 = ADVANCED_FACE ( 'NONE', ( #2177 ), #1970, .T. ) ;
#1385 = CARTESIAN_POINT ( 'NONE',  ( -0.1461806332230959071, -0.04036458333333332177, -0.3843117960914554931 ) ) ;
#1386 = CARTESIAN_POINT ( 'NONE',  ( 0.04626202367904165558, 0.08012817547305466082, 0.008333333333333371382 ) ) ;
#1387 = AXIS2_PLACEMENT_3D ( 'NONE', #2700, #1524, #2685 ) ;
#1388 = CARTESIAN_POINT ( 'NONE',  ( -0.1249999999999999584, 0.000000000000000000, -0.05624999999999979322 ) ) ;
#1389 = ORIENTED_EDGE ( 'NONE', *, *, #2054, .T. ) ;
#1390 = AXIS2_PLACEMENT_3D ( 'NONE', #2919, #591, #1495 ) ;
#1391 = ORIENTED_EDGE ( 'NONE', *, *, #1531, .F. ) ;
#1392 = CARTESIAN_POINT ( 'NONE',  ( 0.04626202367904164864, 0.08012817547305464694, -0.2479166666666660912 ) ) ;
#1393 = CIRCLE ( 'NONE', #1776, 0.01345486111111108586 ) ;
#1394 = CARTESIAN_POINT ( 'NONE',  ( -0.1249999999999999584, 0.000000000000000000, -0.1562499999999995837 ) ) ;
#1395 = ORIENTED_EDGE ( 'NONE', *, *, #794, .F. ) ;
#1396 = AXIS2_PLACEMENT_3D ( 'NONE', #1490, #2387, #2399 ) ;
#1397 = AXIS2_PLACEMENT_3D ( 'NONE', #1108, #633, #2465 ) ;
#1398 = CARTESIAN_POINT ( 'NONE',  ( 0.000000000000000000, 0.000000000000000000, -0.01008647131817906953 ) ) ;
#1399 = EDGE_LOOP ( 'NONE', ( #731, #1956, #2719, #1944 ) ) ;
#1400 = EDGE_CURVE ( 'NONE', #1998, #2828, #2612, .T. ) ;
#1401 = CIRCLE ( 'NONE', #1204, 0.01345486111111108586 ) ;
#1402 = CARTESIAN_POINT ( 'NONE',  ( -0.2421874999999998612, 0.06054687500000000000, -0.3057932180726094518 ) ) ;
#1403 = CARTESIAN_POINT ( 'NONE',  ( 0.2279949571908915784, 0.04036458333333332871, -0.4750687829841341303 ) ) ;
#1404 = VECTOR ( 'NONE', #334, 39.37007874015748143 ) ;
#1405 = CARTESIAN_POINT ( 'NONE',  ( 0.2061213828136045922, 0.04036458333333332871, -0.3154571050468300553 ) ) ;
#1406 = EDGE_CURVE ( 'NONE', #431, #1757, #2868, .T. ) ;
#1407 = CARTESIAN_POINT ( 'NONE',  ( -0.04626202367904160700, -0.08012817547305468857, -0.01666666666666657623 ) ) ;
#1408 = EDGE_CURVE ( 'NONE', #650, #826, #1872, .T. ) ;
#1409 = CIRCLE ( 'NONE', #1647, 0.2721109264059426991 ) ;
#1410 = CARTESIAN_POINT ( 'NONE',  ( -0.09444723608078664512, -0.05033946944271986551, -0.1632179262683251253 ) ) ;
#1411 = CARTESIAN_POINT ( 'NONE',  ( -0.2323506059694690484, -0.05940852922172525086, -0.02699999999999998582 ) ) ;
#1412 = VECTOR ( 'NONE', #735, 39.37007874015748854 ) ;
#1413 = ORIENTED_EDGE ( 'NONE', *, *, #725, .F. ) ;
#1414 = CARTESIAN_POINT ( 'NONE',  ( -0.04626202367904167639, 0.08012817547305463306, -0.1895833333333328818 ) ) ;
#1415 = DIRECTION ( 'NONE',  ( -1.000000000000000000, -0.000000000000000000, -9.154399031227591509E-17 ) ) ;
#1416 = DIRECTION ( 'NONE',  ( 0.000000000000000000, 0.000000000000000000, -1.000000000000000000 ) ) ;
#1417 = ORIENTED_EDGE ( 'NONE', *, *, #2588, .T. ) ;
#1418 = DIRECTION ( 'NONE',  ( -1.000000000000000000, 0.000000000000000000, -9.154399031227591509E-17 ) ) ;
#1419 = CARTESIAN_POINT ( 'NONE',  ( 0.1250000000000000555, -0.07216878364870317475, -0.3291666666666659413 ) ) ;
#1420 = ORIENTED_EDGE ( 'NONE', *, *, #2017, .T. ) ;
#1421 = CARTESIAN_POINT ( 'NONE',  ( 0.2285925121575199392, -0.06054687500000000000, -0.03368229166666666941 ) ) ;
#1422 = EDGE_LOOP ( 'NONE', ( #2022, #2746, #1988, #1166, #381, #2775, #1857, #694 ) ) ;
#1423 = CARTESIAN_POINT ( 'NONE',  ( -0.2604859517817782466, -0.04036458333333332177, 0.01357331393917055561 ) ) ;
#1424 = EDGE_CURVE ( 'NONE', #154, #630, #781, .T. ) ;
#1425 = B_SPLINE_CURVE_WITH_KNOTS ( 'NONE', 3,
 ( #3007, #182, #1104, #2759, #868, #1807 ),
 .UNSPECIFIED., .F., .F.,
 ( 4, 2, 4 ),
 ( 0.0001187185637334852508, 0.0002915329112295597983, 0.0004643472587256343323 ),
 .UNSPECIFIED. ) ;
#1426 = ADVANCED_FACE ( 'NONE', ( #2965 ), #999, .T. ) ;
#1427 = CARTESIAN_POINT ( 'NONE',  ( 0.1580126618374207703, -0.05916335242853777016, -0.1688310302694905340 ) ) ;
#1428 = CARTESIAN_POINT ( 'NONE',  ( 0.1249999999999999584, 1.530808498934191201E-17, -0.1312499999999996447 ) ) ;
#1429 = DIRECTION ( 'NONE',  ( 1.000000000000000000, -0.000000000000000000, -0.000000000000000000 ) ) ;
#1430 = CARTESIAN_POINT ( 'NONE',  ( 0.09252404735808335279, -0.05341878364870306095, -0.2604166666666660745 ) ) ;
#1431 = LINE ( 'NONE', #2105, #2560 ) ;
#1432 = DIRECTION ( 'NONE',  ( 0.000000000000000000, 1.000000000000000000, 0.000000000000000000 ) ) ;
#1433 =( BOUNDED_CURVE ( )  B_SPLINE_CURVE ( 2, ( #1962, #1026, #1748, #2674, #2201, #2437, #1090 ),
 .UNSPECIFIED., .F., .F. ) 
 B_SPLINE_CURVE_WITH_KNOTS ( ( 3, 2, 2, 3 ),
 ( 0.3571428571428570953, 0.3809523809523808757, 0.4047619047619047672, 0.4285714285714285476 ),
 .UNSPECIFIED. ) 
 CURVE ( )  GEOMETRIC_REPRESENTATION_ITEM ( )  RATIONAL_B_SPLINE_CURVE ( ( 1.000000000000000444, 0.8660254037844384856, 1.000000000000000000, 0.8660254037844387076, 1.000000000000000000, 0.8660254037844387076, 1.000000000000000000 ) ) 
 REPRESENTATION_ITEM ( '' )  );
#1434 = VERTEX_POINT ( 'NONE', #1823 ) ;
#1435 = ORIENTED_EDGE ( 'NONE', *, *, #964, .T. ) ;
#1436 = DIRECTION ( 'NONE',  ( 0.000000000000000000, 0.000000000000000000, -1.000000000000000000 ) ) ;
#1437 = ORIENTED_EDGE ( 'NONE', *, *, #613, .F. ) ;
#1438 = CARTESIAN_POINT ( 'NONE',  ( 0.03856536460602560945, -0.09108109745582083916, -0.1556870408809075956 ) ) ;
#1439 = CARTESIAN_POINT ( 'NONE',  ( -0.1249999999999999584, 0.07216878364870318863, -0.01041666666666656201 ) ) ;
#1440 = CARTESIAN_POINT ( 'NONE',  ( 0.09282578924206000281, -1.719995238157664475E-15, -0.1498257892420600812 ) ) ;
#1441 = EDGE_CURVE ( 'NONE', #1757, #338, #2045, .T. ) ;
#1442 = CARTESIAN_POINT ( 'NONE',  ( 0.1250000000000000000, -0.07216878364870316087, -0.1354166666666662688 ) ) ;
#1443 = CARTESIAN_POINT ( 'NONE',  ( -0.1102123412263475294, 0.000000000000000000, -0.01478765877365241510 ) ) ;
#1444 = EDGE_LOOP ( 'NONE', ( #1088, #838, #2375, #2598 ) ) ;
#1445 = ADVANCED_FACE ( 'NONE', ( #2565 ), #92, .T. ) ;
#1446 = ADVANCED_FACE ( 'NONE', ( #332 ), #2165, .T. ) ;
#1447 = ORIENTED_EDGE ( 'NONE', *, *, #2665, .F. ) ;
#1448 = DIRECTION ( 'NONE',  ( 0.2588190451025140226, 0.000000000000000000, -0.9659258262890699775 ) ) ;
#1449 = ORIENTED_EDGE ( 'NONE', *, *, #1656, .T. ) ;
#1450 = CARTESIAN_POINT ( 'NONE',  ( 0.001362462863070881304, 0.1172550623408137593, -0.007985192467416735856 ) ) ;
#1451 = DIRECTION ( 'NONE',  ( -0.000000000000000000, -1.000000000000000000, -0.000000000000000000 ) ) ;
#1452 = AXIS2_PLACEMENT_3D ( 'NONE', #2725, #2235, #1061 ) ;
#1453 = AXIS2_PLACEMENT_3D ( 'NONE', #2112, #960, #1448 ) ;
#1454 = CARTESIAN_POINT ( 'NONE',  ( -0.1621814614910985775, -0.06054687500000000000, -0.1600606967382966761 ) ) ;
#1455 = CARTESIAN_POINT ( 'NONE',  ( -0.09252404735808331115, -0.05341878364870315116, -0.07083333333333312332 ) ) ;
#1456 = VECTOR ( 'NONE', #2687, 39.37007874015748143 ) ;
#1457 = CARTESIAN_POINT ( 'NONE',  ( 0.2474895539454236015, -0.06054687500000000000, -0.4698452215269869336 ) ) ;
#1458 = FACE_OUTER_BOUND ( 'NONE', #498, .T. ) ;
#1459 = AXIS2_PLACEMENT_3D ( 'NONE', #396, #2686, #1095 ) ;
#1460 = DIRECTION ( 'NONE',  ( -0.000000000000000000, -0.000000000000000000, 1.000000000000000000 ) ) ;
#1461 = DIRECTION ( 'NONE',  ( -0.000000000000000000, -0.000000000000000000, 1.000000000000000000 ) ) ;
#1462 = CIRCLE ( 'NONE', #1926, 0.02018229166666668517 ) ;
#1463 = EDGE_CURVE ( 'NONE', #2036, #2466, #949, .T. ) ;
#1464 = VERTEX_POINT ( 'NONE', #2581 ) ;
#1465 = CARTESIAN_POINT ( 'NONE',  ( 0.4528246739582253988, 0.04036458333333332871, -0.1335250050546745448 ) ) ;
#1466 = ORIENTED_EDGE ( 'NONE', *, *, #139, .F. ) ;
#1467 = CARTESIAN_POINT ( 'NONE',  ( 0.2359439148264161346, -0.04868645637174402047, -0.01483760932944477168 ) ) ;
#1468 = ORIENTED_EDGE ( 'NONE', *, *, #857, .T. ) ;
#1469 = CARTESIAN_POINT ( 'NONE',  ( -0.02160423351427315578, 0.1163040066475101997, -0.006956828782343244845 ) ) ;
#1470 = CARTESIAN_POINT ( 'NONE',  ( 0.1084378221735082387, 1.327980318312967197E-17, -0.1654378221735082477 ) ) ;
#1471 = CARTESIAN_POINT ( 'NONE',  ( -0.2279949571908916062, 0.06054687500000000000, -0.4750687829841340748 ) ) ;
#1472 = CARTESIAN_POINT ( 'NONE',  ( -0.1250000000000000000, -9.184850993605148438E-17, -0.1499999999999996891 ) ) ;
#1473 = DIRECTION ( 'NONE',  ( -1.000000000000000000, 0.000000000000000000, -8.855599760454197625E-17 ) ) ;
#1474 = CARTESIAN_POINT ( 'NONE',  ( -0.2323506059694690484, 0.05940852922172525780, -0.02699999999999997888 ) ) ;
#1475 = FACE_OUTER_BOUND ( 'NONE', #3013, .T. ) ;
#1476 = ORIENTED_EDGE ( 'NONE', *, *, #2338, .F. ) ;
#1477 = VERTEX_POINT ( 'NONE', #2183 ) ;
#1478 = DIRECTION ( 'NONE',  ( -0.000000000000000000, -0.000000000000000000, 1.000000000000000000 ) ) ;
#1479 = ORIENTED_EDGE ( 'NONE', *, *, #1667, .F. ) ;
#1480 = CARTESIAN_POINT ( 'NONE',  ( -0.06250000000000000000, 0.1082531754730547829, -0.01458333333333321560 ) ) ;
#1481 = CARTESIAN_POINT ( 'NONE',  ( 0.1461806332230959071, 0.06054687500000000000, -0.3843117960914554931 ) ) ;
#1482 = DIRECTION ( 'NONE',  ( 0.000000000000000000, 0.000000000000000000, -1.000000000000000000 ) ) ;
#1483 = CARTESIAN_POINT ( 'NONE',  ( 0.04626202367904165558, 0.08012817547305466082, -0.04166666666666651864 ) ) ;
#1484 = EDGE_CURVE ( 'NONE', #337, #650, #1401, .T. ) ;
#1485 = CARTESIAN_POINT ( 'NONE',  ( 0.2285925121575199392, -0.06054687500000000000, -0.03368229166666666941 ) ) ;
#1486 = FACE_OUTER_BOUND ( 'NONE', #2820, .T. ) ;
#1487 = CARTESIAN_POINT ( 'NONE',  ( -0.2310522934321277977, 0.06015879006002865237, -0.02913817766709860674 ) ) ;
#1488 = B_SPLINE_CURVE_WITH_KNOTS ( 'NONE', 3,
 ( #1041, #2440, #810, #356 ),
 .UNSPECIFIED., .F., .F.,
 ( 4, 4 ),
 ( 0.006082177029664176740, 0.006523232049785109531 ),
 .UNSPECIFIED. ) ;
#1489 = CARTESIAN_POINT ( 'NONE',  ( 0.1250000000000000000, 1.530808498934191509E-17, -0.3249999999999993450 ) ) ;
#1490 = CARTESIAN_POINT ( 'NONE',  ( 0.000000000000000000, 0.000000000000000000, 0.000000000000000000 ) ) ;
#1491 = ORIENTED_EDGE ( 'NONE', *, *, #2970, .F. ) ;
#1492 = CARTESIAN_POINT ( 'NONE',  ( 0.06250000000000004163, -0.1082531754730547691, -0.1395833333333329207 ) ) ;
#1493 = ORIENTED_EDGE ( 'NONE', *, *, #1265, .F. ) ;
#1494 = EDGE_LOOP ( 'NONE', ( #2447, #1006, #1240, #263, #2570 ) ) ;
#1495 = DIRECTION ( 'NONE',  ( 0.000000000000000000, 0.000000000000000000, 1.000000000000000000 ) ) ;
#1496 = AXIS2_PLACEMENT_3D ( 'NONE', #675, #1630, #1613 ) ;
#1497 = CARTESIAN_POINT ( 'NONE',  ( 0.000000000000000000, 0.000000000000000000, 0.000000000000000000 ) ) ;
#1498 = ORIENTED_EDGE ( 'NONE', *, *, #1279, .F. ) ;
#1499 = DIRECTION ( 'NONE',  ( -9.154399031227591509E-17, 0.000000000000000000, -1.000000000000000000 ) ) ;
#1500 = AXIS2_PLACEMENT_3D ( 'NONE', #2010, #183, #2714 ) ;
#1501 = CARTESIAN_POINT ( 'NONE',  ( 0.1249999999999999584, 1.530808498934191201E-17, -0.03124999999999984734 ) ) ;
#1502 = CIRCLE ( 'NONE', #2758, 0.03363715277777774848 ) ;
#1503 = ADVANCED_FACE ( 'NONE', ( #2884 ), #49, .T. ) ;
#1504 = ADVANCED_FACE ( 'NONE', ( #1486 ), #459, .T. ) ;
#1505 = AXIS2_PLACEMENT_3D ( 'NONE', #288, #1220, #2135 ) ;
#1506 = DIRECTION ( 'NONE',  ( -0.000000000000000000, -0.000000000000000000, 1.000000000000000000 ) ) ;
#1507 = CIRCLE ( 'NONE', #1919, 0.09252404735808332503 ) ;
#1508 = EDGE_LOOP ( 'NONE', ( #2358, #612, #1543, #336 ) ) ;
#1509 = CARTESIAN_POINT ( 'NONE',  ( 0.2474895539454236015, -0.04036458333333332871, -0.4698452215269869336 ) ) ;
#1510 = AXIS2_PLACEMENT_3D ( 'NONE', #380, #604, #1032 ) ;
#1511 = EDGE_LOOP ( 'NONE', ( #2874, #2567, #989, #361 ) ) ;
#1512 = VERTEX_POINT ( 'NONE', #313 ) ;
#1513 = FILL_AREA_STYLE ('',( #1525 ) ) ;
#1514 = CARTESIAN_POINT ( 'NONE',  ( 0.5624999999999998890, 0.06054687500000000000, -0.3843117960914556042 ) ) ;
#1515 = EDGE_CURVE ( 'NONE', #1004, #285, #1724, .T. ) ;
#1516 = CARTESIAN_POINT ( 'NONE',  ( -0.09252404735808335279, 0.05341878364870308871, -0.02916666666666655264 ) ) ;
#1517 = EDGE_CURVE ( 'NONE', #624, #1705, #2473, .T. ) ;
#1518 = DIRECTION ( 'NONE',  ( -0.000000000000000000, -1.000000000000000000, -0.000000000000000000 ) ) ;
#1519 = FACE_OUTER_BOUND ( 'NONE', #2989, .T. ) ;
#1520 = EDGE_LOOP ( 'NONE', ( #2002, #2613, #832, #93, #446 ) ) ;
#1521 = CARTESIAN_POINT ( 'NONE',  ( -0.1249999999999999584, 0.000000000000000000, -0.1562499999999995837 ) ) ;
#1522 = ORIENTED_EDGE ( 'NONE', *, *, #261, .F. ) ;
#1523 = ORIENTED_EDGE ( 'NONE', *, *, #1217, .T. ) ;
#1524 = DIRECTION ( 'NONE',  ( -0.000000000000000000, -1.000000000000000000, -0.000000000000000000 ) ) ;
#1525 = FILL_AREA_STYLE_COLOUR ( '', #606 ) ;
#1526 = VERTEX_POINT ( 'NONE', #1963 ) ;
#1527 =( BOUNDED_CURVE ( )  B_SPLINE_CURVE ( 2, ( #527, #466, #497, #1190, #2608, #970, #2389 ),
 .UNSPECIFIED., .F., .F. ) 
 B_SPLINE_CURVE_WITH_KNOTS ( ( 3, 2, 2, 3 ),
 ( 0.5714285714285713969, 0.5952380952380952328, 0.6190476190476190688, 0.6389814059214491415 ),
 .UNSPECIFIED. ) 
 CURVE ( )  GEOMETRIC_REPRESENTATION_ITEM ( )  RATIONAL_B_SPLINE_CURVE ( ( 1.000000000000000000, 0.8660254037844387076, 1.000000000000000000, 0.8660254037844387076, 1.000000000000000000, 0.8878339160063256630, 0.9634829962880213650 ) ) 
 REPRESENTATION_ITEM ( '' )  );
#1528 = DIRECTION ( 'NONE',  ( 0.2588190451025151884, -4.379174951754774558E-16, 0.9659258262890697555 ) ) ;
#1529 = CARTESIAN_POINT ( 'NONE',  ( 0.04626202367904165558, 0.08012817547305466082, -0.2416666666666660856 ) ) ;
#1530 = DIRECTION ( 'NONE',  ( 0.000000000000000000, 0.000000000000000000, 1.000000000000000000 ) ) ;
#1531 = EDGE_CURVE ( 'NONE', #1991, #1512, #845, .T. ) ;
#1532 = CARTESIAN_POINT ( 'NONE',  ( 5.414526668054083464E-19, 0.000000000000000000, -0.01350000000000002066 ) ) ;
#1533 = CARTESIAN_POINT ( 'NONE',  ( 0.2323506059694690484, -0.05940852922172525086, -0.02699999999999997888 ) ) ;
#1534 = CARTESIAN_POINT ( 'NONE',  ( 0.2410064030424000636, 0.000000000000000000, -0.01349999999999999985 ) ) ;
#1535 = ORIENTED_EDGE ( 'NONE', *, *, #795, .F. ) ;
#1536 = PRODUCT_RELATED_PRODUCT_CATEGORY ( 'part', '', ( #280 ) ) ;
#1537 = CARTESIAN_POINT ( 'NONE',  ( 0.1499086832239708289, -0.04646442789221875980, -0.1799999999999999933 ) ) ;
#1538 = EDGE_CURVE ( 'NONE', #763, #741, #412, .T. ) ;
#1539 = CARTESIAN_POINT ( 'NONE',  ( 0.1856385748699347638, 0.06054687500000000000, -0.1161785634444379156 ) ) ;
#1540 = EDGE_CURVE ( 'NONE', #2110, #624, #2119, .T. ) ;
#1541 = CARTESIAN_POINT ( 'NONE',  ( -0.1249999999999999722, -0.07216878364870328577, -0.2958333333333327264 ) ) ;
#1542 = CYLINDRICAL_SURFACE ( 'NONE', #414, 0.09252404735808332503 ) ;
#1543 = ORIENTED_EDGE ( 'NONE', *, *, #2944, .T. ) ;
#1544 = DIRECTION ( 'NONE',  ( 1.000000000000000000, 0.000000000000000000, -9.154399031227591509E-17 ) ) ;
#1545 = CARTESIAN_POINT ( 'NONE',  ( 0.09252404735808336667, -0.05341878364870306789, -0.2041666666666661911 ) ) ;
#1546 = VECTOR ( 'NONE', #2339, 39.37007874015748143 ) ;
#1547 = DIRECTION ( 'NONE',  ( -1.000000000000000000, 0.000000000000000000, 0.000000000000000000 ) ) ;
#1548 = AXIS2_PLACEMENT_3D ( 'NONE', #728, #1680, #2369 ) ;
#1549 = DIRECTION ( 'NONE',  ( 0.000000000000000000, 1.000000000000000000, 0.000000000000000000 ) ) ;
#1550 = AXIS2_PLACEMENT_3D ( 'NONE', #1347, #234, #2263 ) ;
#1551 = CARTESIAN_POINT ( 'NONE',  ( 0.1232811296224259195, 0.02065824481940834248, -0.1799999999999999933 ) ) ;
#1552 = EDGE_LOOP ( 'NONE', ( #1915, #66, #2421, #920 ) ) ;
#1553 = AXIS2_PLACEMENT_3D ( 'NONE', #2342, #2275, #265 ) ;
#1554 = LINE ( 'NONE', #2640, #1742 ) ;
#1555 = AXIS2_PLACEMENT_3D ( 'NONE', #2230, #164, #1082 ) ;
#1556 = ORIENTED_EDGE ( 'NONE', *, *, #2019, .F. ) ;
#1557 = DIRECTION ( 'NONE',  ( 0.000000000000000000, 0.000000000000000000, 1.000000000000000000 ) ) ;
#1558 = CIRCLE ( 'NONE', #2863, 0.3961370751102372689 ) ;
#1559 = ADVANCED_FACE ( 'NONE', ( #1657 ), #2585, .F. ) ;
#1560 = AXIS2_PLACEMENT_3D ( 'NONE', #802, #2669, #1267 ) ;
#1561 = CARTESIAN_POINT ( 'NONE',  ( -0.04626202367904167639, 0.08012817547305463306, -0.08958333333333311221 ) ) ;
#1562 = ORIENTED_EDGE ( 'NONE', *, *, #405, .T. ) ;
#1563 = CARTESIAN_POINT ( 'NONE',  ( -0.09252404735808335279, 0.000000000000000000, -0.3249999999999992895 ) ) ;
#1564 = CARTESIAN_POINT ( 'NONE',  ( -0.2421874999999998612, 0.06054687500000000000, -0.3057932180726094518 ) ) ;
#1565 = CARTESIAN_POINT ( 'NONE',  ( 0.1249999999999999167, 0.07216878364870323026, 0.02291666666666670321 ) ) ;
#1566 = DIRECTION ( 'NONE',  ( 0.000000000000000000, 1.000000000000000000, 0.000000000000000000 ) ) ;
#1567 = VERTEX_POINT ( 'NONE', #2291 ) ;
#1568 = DIRECTION ( 'NONE',  ( -0.000000000000000000, -1.000000000000000000, -0.000000000000000000 ) ) ;
#1569 = CARTESIAN_POINT ( 'NONE',  ( -0.2071815918058698414, -0.06054687500000000000, -0.07496446163426449816 ) ) ;
#1570 = CARTESIAN_POINT ( 'NONE',  ( -0.04626202367904160007, -0.08012817547305467469, -0.1229166666666663688 ) ) ;
#1571 = EDGE_LOOP ( 'NONE', ( #1127, #2726, #855, #1820, #2743, #1466 ) ) ;
#1572 = CARTESIAN_POINT ( 'NONE',  ( 0.1581455455943355792, 0.05884544862959841666, -0.1687874942137863876 ) ) ;
#1573 = CARTESIAN_POINT ( 'NONE',  ( 0.01956902436908723383, -0.1012153129874074353, -0.02275826951375163609 ) ) ;
#1574 = CARTESIAN_POINT ( 'NONE',  ( 0.1492598118578963573, -0.04448767212363157614, -0.1799999999999999933 ) ) ;
#1575 = ORIENTED_EDGE ( 'NONE', *, *, #1400, .F. ) ;
#1576 = DIRECTION ( 'NONE',  ( 1.000000000000000000, 0.000000000000000000, 0.000000000000000000 ) ) ;
#1577 = ORIENTED_EDGE ( 'NONE', *, *, #315, .F. ) ;
#1578 = DIRECTION ( 'NONE',  ( 1.000000000000000000, 0.000000000000000000, 0.000000000000000000 ) ) ;
#1579 = CARTESIAN_POINT ( 'NONE',  ( 0.1250000000000000000, 0.000000000000000000, 0.000000000000000000 ) ) ;
#1580 = FACE_OUTER_BOUND ( 'NONE', #1624, .T. ) ;
#1581 = ORIENTED_EDGE ( 'NONE', *, *, #1720, .T. ) ;
#1582 = DIRECTION ( 'NONE',  ( -1.000000000000000000, 0.000000000000000000, -9.154399031227591509E-17 ) ) ;
#1583 = DIRECTION ( 'NONE',  ( 1.000000000000000000, 0.000000000000000000, 0.000000000000000000 ) ) ;
#1584 = CARTESIAN_POINT ( 'NONE',  ( -0.09330127018926180626, -8.151897724307616232E-13, -0.03169872981073807577 ) ) ;
#1585 = CARTESIAN_POINT ( 'NONE',  ( -0.1249999999999999722, -0.07216878364870328577, -0.09583333333333310389 ) ) ;
#1586 = LINE ( 'NONE', #2280, #2764 ) ;
#1587 = DIRECTION ( 'NONE',  ( 0.000000000000000000, 0.000000000000000000, 1.000000000000000000 ) ) ;
#1588 = AXIS2_PLACEMENT_3D ( 'NONE', #312, #2396, #739 ) ;
#1589 = EDGE_CURVE ( 'NONE', #56, #1705, #2566, .T. ) ;
#1590 = ORIENTED_EDGE ( 'NONE', *, *, #467, .F. ) ;
#1591 = CIRCLE ( 'NONE', #996, 0.02018229166666669211 ) ;
#1592 = DIRECTION ( 'NONE',  ( 0.000000000000000000, 1.000000000000000000, 0.000000000000000000 ) ) ;
#1593 = CONICAL_SURFACE ( 'NONE', #2509, 0.1230000000000000121, 0.7853981633974500554 ) ;
#1594 = EDGE_LOOP ( 'NONE', ( #1912, #2982, #2445, #25 ) ) ;
#1595 = VECTOR ( 'NONE', #2688, 39.37007874015748143 ) ;
#1596 =( NAMED_UNIT ( * ) SI_UNIT ( $, .STERADIAN. ) SOLID_ANGLE_UNIT ( ) );
#1597 = CARTESIAN_POINT ( 'NONE',  ( -0.2279949571908916062, 0.04036458333333332871, -0.4750687829841340748 ) ) ;
#1598 = ORIENTED_EDGE ( 'NONE', *, *, #2904, .F. ) ;
#1599 = CIRCLE ( 'NONE', #1699, 0.5135733139391704949 ) ;
#1600 = CARTESIAN_POINT ( 'NONE',  ( 0.1607394002069724159, 0.06017845127259147109, -0.1630107458448503133 ) ) ;
#1601 = CARTESIAN_POINT ( 'NONE',  ( 0.1250000000000000000, 1.530808498934191509E-17, -0.1249999999999997224 ) ) ;
#1602 = CARTESIAN_POINT ( 'NONE',  ( -8.838126989374222236E-18, 0.1443375672974063773, -0.2687499999999993783 ) ) ;
#1603 = DIRECTION ( 'NONE',  ( 0.000000000000000000, 0.000000000000000000, 1.000000000000000000 ) ) ;
#1604 = EDGE_CURVE ( 'NONE', #800, #226, #1048, .T. ) ;
#1605 = CARTESIAN_POINT ( 'NONE',  ( -0.06250000000000001388, 0.1082531754730548246, -0.05833333333333320936 ) ) ;
#1606 = ORIENTED_EDGE ( 'NONE', *, *, #1306, .F. ) ;
#1607 = DIRECTION ( 'NONE',  ( 0.000000000000000000, 0.000000000000000000, 1.000000000000000000 ) ) ;
#1608 = ORIENTED_EDGE ( 'NONE', *, *, #759, .F. ) ;
#1609 = DIRECTION ( 'NONE',  ( 4.439472819612863967E-15, 0.000000000000000000, 1.000000000000000000 ) ) ;
#1610 = VERTEX_POINT ( 'NONE', #2538 ) ;
#1611 = CARTESIAN_POINT ( 'NONE',  ( -5.414526668054083464E-19, 0.000000000000000000, -0.01350000000000002066 ) ) ;
#1612 = CARTESIAN_POINT ( 'NONE',  ( 0.1250000000000000000, -0.07216878364870316087, -0.1854166666666661467 ) ) ;
#1613 = DIRECTION ( 'NONE',  ( 0.000000000000000000, 0.000000000000000000, 1.000000000000000000 ) ) ;
#1614 = VERTEX_POINT ( 'NONE', #2797 ) ;
#1615 = CARTESIAN_POINT ( 'NONE',  ( 0.06250000000000005551, -0.1082531754730547829, -0.03333333333333326348 ) ) ;
#1616 =( BOUNDED_CURVE ( )  B_SPLINE_CURVE ( 2, ( #2962, #629, #1952, #1293, #799, #2461, #1740 ),
 .UNSPECIFIED., .F., .T. ) 
 B_SPLINE_CURVE_WITH_KNOTS ( ( 3, 2, 2, 3 ),
 ( 0.1428571428571428492, 0.1666666666666666574, 0.1904761904761904656, 0.2142857142857142738 ),
 .UNSPECIFIED. ) 
 CURVE ( )  GEOMETRIC_REPRESENTATION_ITEM ( )  RATIONAL_B_SPLINE_CURVE ( ( 1.000000000000000000, 0.8660254037844387076, 1.000000000000000000, 0.8660254037844387076, 1.000000000000000000, 0.8660254037844387076, 1.000000000000000000 ) ) 
 REPRESENTATION_ITEM ( '' )  );
#1617 = CARTESIAN_POINT ( 'NONE',  ( -0.09786516445900558803, 0.05319856882231555756, -0.1681816872836490451 ) ) ;
#1618 = DIRECTION ( 'NONE',  ( -0.000000000000000000, -1.000000000000000000, -0.000000000000000000 ) ) ;
#1619 = ORIENTED_EDGE ( 'NONE', *, *, #1720, .F. ) ;
#1620 = CARTESIAN_POINT ( 'NONE',  ( 0.000000000000000000, 0.000000000000000000, -0.1799999999999999933 ) ) ;
#1621 = ORIENTED_EDGE ( 'NONE', *, *, #1112, .F. ) ;
#1622 = CARTESIAN_POINT ( 'NONE',  ( 0.2359520961115487703, 0.04865339173049321175, -0.01482304451864375865 ) ) ;
#1623 = EDGE_CURVE ( 'NONE', #2835, #1526, #383, .T. ) ;
#1624 = EDGE_LOOP ( 'NONE', ( #529, #2322, #2695, #814 ) ) ;
#1625 = EDGE_CURVE ( 'NONE', #108, #2496, #1732, .T. ) ;
#1626 = DIRECTION ( 'NONE',  ( -0.2588190451025140781, 0.000000000000000000, 0.9659258262890701996 ) ) ;
#1627 = PRODUCT_CONTEXT ( 'NONE', #269, 'mechanical' ) ;
#1628 = LINE ( 'NONE', #1403, #2163 ) ;
#1629 = CARTESIAN_POINT ( 'NONE',  ( 0.04626202367904171803, -0.08012817547305463306, -0.008333333333333260359 ) ) ;
#1630 = DIRECTION ( 'NONE',  ( -0.000000000000000000, -1.000000000000000000, -0.000000000000000000 ) ) ;
#1631 = CARTESIAN_POINT ( 'NONE',  ( 0.5363867100727401915, -0.04036458333333332871, -0.3954663814860762128 ) ) ;
#1632 = ORIENTED_EDGE ( 'NONE', *, *, #2258, .F. ) ;
#1633 = CARTESIAN_POINT ( 'NONE',  ( -0.09252404735808332503, 0.05341878364870308177, -0.2354166666666661356 ) ) ;
#1634 = CARTESIAN_POINT ( 'NONE',  ( 0.1250000000000000278, -0.04030063541243076447, -0.1773267582703876299 ) ) ;
#1635 = VERTEX_POINT ( 'NONE', #2 ) ;
#1636 = CIRCLE ( 'NONE', #274, 0.2922932180726093843 ) ;
#1637 = CYLINDRICAL_SURFACE ( 'NONE', #1701, 0.02018229166666666782 ) ;
#1638 = ORIENTED_EDGE ( 'NONE', *, *, #2114, .F. ) ;
#1639 = AXIS2_PLACEMENT_3D ( 'NONE', #891, #2290, #1828 ) ;
#1640 = DIRECTION ( 'NONE',  ( 1.000000000000000000, 0.000000000000000000, 0.000000000000000000 ) ) ;
#1641 = ORIENTED_EDGE ( 'NONE', *, *, #665, .T. ) ;
#1642 = DIRECTION ( 'NONE',  ( -9.154399031227591509E-17, 0.000000000000000000, -1.000000000000000000 ) ) ;
#1643 = AXIS2_PLACEMENT_3D ( 'NONE', #1398, #2309, #910 ) ;
#1644 = CYLINDRICAL_SURFACE ( 'NONE', #2111, 0.1250000000000000000 ) ;
#1645 = DIRECTION ( 'NONE',  ( 1.000000000000000000, -0.000000000000000000, -0.000000000000000000 ) ) ;
#1646 = CARTESIAN_POINT ( 'NONE',  ( 2.651438096812266054E-17, -0.1443375672974063773, -0.2937499999999993450 ) ) ;
#1647 = AXIS2_PLACEMENT_3D ( 'NONE', #1703, #1671, #1758 ) ;
#1648 = CARTESIAN_POINT ( 'NONE',  ( 0.06249999999999997224, 0.1082531754730548385, -0.01666666666666663174 ) ) ;
#1649 = CARTESIAN_POINT ( 'NONE',  ( 0.2328414937417158104, 2.903310223994875117E-17, 0.000000000000000000 ) ) ;
#1650 = VERTEX_POINT ( 'NONE', #1889 ) ;
#1651 = CARTESIAN_POINT ( 'NONE',  ( 1.962574272291876162E-17, -0.1068375672974061774, -0.2187499999999994726 ) ) ;
#1652 = CARTESIAN_POINT ( 'NONE',  ( -0.5476725043485169975, 0.06054687500000000000, -0.4121982595780073755 ) ) ;
#1653 = DIRECTION ( 'NONE',  ( -1.000000000000000000, 0.000000000000000000, 8.855599760454197625E-17 ) ) ;
#1654 = ORIENTED_EDGE ( 'NONE', *, *, #2237, .F. ) ;
#1655 = DIRECTION ( 'NONE',  ( 0.2588190451025151884, 4.379174951754774558E-16, -0.9659258262890697555 ) ) ;
#1656 = EDGE_CURVE ( 'NONE', #741, #763, #1783, .T. ) ;
#1657 = FACE_OUTER_BOUND ( 'NONE', #2094, .T. ) ;
#1658 = VERTEX_POINT ( 'NONE', #1597 ) ;
#1659 = CARTESIAN_POINT ( 'NONE',  ( -0.01390240127750757941, 0.1171248669689014255, -0.007299658216087362948 ) ) ;
#1660 = CARTESIAN_POINT ( 'NONE',  ( 0.1249999999999999584, 1.530808498934191201E-17, -0.03124999999999984734 ) ) ;
#1661 = CARTESIAN_POINT ( 'NONE',  ( -0.1250000000000000000, 0.000000000000000000, -0.1999999999999995670 ) ) ;
#1662 = DIRECTION ( 'NONE',  ( 0.000000000000000000, 0.000000000000000000, 1.000000000000000000 ) ) ;
#1663 = CYLINDRICAL_SURFACE ( 'NONE', #2012, 0.02018229166666667823 ) ;
#1664 = CARTESIAN_POINT ( 'NONE',  ( -0.05750804979957296198, 0.09859574533820616993, -0.1709338934578182589 ) ) ;
#1665 = CARTESIAN_POINT ( 'NONE',  ( -0.5423177083333332593, 0.06054687500000000000, -0.3843117960914555487 ) ) ;
#1666 = EDGE_CURVE ( 'NONE', #2269, #2697, #1731, .T. ) ;
#1667 = EDGE_CURVE ( 'NONE', #1743, #733, #699, .T. ) ;
#1668 = CARTESIAN_POINT ( 'NONE',  ( -0.09252404735808332503, 0.05341878364870308177, -0.2854166666666659857 ) ) ;
#1669 = DIRECTION ( 'NONE',  ( 0.000000000000000000, 1.000000000000000000, 0.000000000000000000 ) ) ;
#1670 = ORIENTED_EDGE ( 'NONE', *, *, #510, .F. ) ;
#1671 = DIRECTION ( 'NONE',  ( 0.000000000000000000, 1.000000000000000000, 0.000000000000000000 ) ) ;
#1672 = ORIENTED_EDGE ( 'NONE', *, *, #2237, .T. ) ;
#1673 = CARTESIAN_POINT ( 'NONE',  ( 0.1084378221735082387, 1.327980318312967197E-17, -0.1654378221735082477 ) ) ;
#1674 = ORIENTED_EDGE ( 'NONE', *, *, #771, .T. ) ;
#1675 = DIRECTION ( 'NONE',  ( -0.2588190451025140781, 0.000000000000000000, -0.9659258262890701996 ) ) ;
#1676 = CARTESIAN_POINT ( 'NONE',  ( 0.4684474971091242557, 0.06054687500000000000, -0.1207479829558386758 ) ) ;
#1677 = CARTESIAN_POINT ( 'NONE',  ( 0.2604859517817782466, -0.06054687500000000000, 0.01357331393917055561 ) ) ;
#1678 = CARTESIAN_POINT ( 'NONE',  ( 0.2297959015751200040, 0.06054687500000183881, -0.03136204920820820363 ) ) ;
#1679 = CARTESIAN_POINT ( 'NONE',  ( -0.1581455455943356070, -0.05884544862959844441, -0.1687874942137862488 ) ) ;
#1680 = DIRECTION ( 'NONE',  ( -0.000000000000000000, -1.000000000000000000, -0.000000000000000000 ) ) ;
#1681 = DIRECTION ( 'NONE',  ( 0.000000000000000000, 0.000000000000000000, 1.000000000000000000 ) ) ;
#1682 = EDGE_CURVE ( 'NONE', #803, #741, #2997, .T. ) ;
#1683 = LINE ( 'NONE', #2830, #2704 ) ;
#1684 = VERTEX_POINT ( 'NONE', #19 ) ;
#1685 = CARTESIAN_POINT ( 'NONE',  ( 0.2061213828136045922, -0.06054687500000000000, -0.3154571050468300553 ) ) ;
#1686 = AXIS2_PLACEMENT_3D ( 'NONE', #2498, #1934, #2906 ) ;
#1687 = ORIENTED_EDGE ( 'NONE', *, *, #1217, .F. ) ;
#1688 = CARTESIAN_POINT ( 'NONE',  ( -0.2421875000000000278, 0.06054687500000000000, -0.03368229166666673879 ) ) ;
#1689 = AXIS2_PLACEMENT_3D ( 'NONE', #783, #255, #2841 ) ;
#1690 = ORIENTED_EDGE ( 'NONE', *, *, #1942, .T. ) ;
#1691 = CARTESIAN_POINT ( 'NONE',  ( -0.2061213828136045922, 0.04036458333333332871, -0.3154571050468300553 ) ) ;
#1692 = CARTESIAN_POINT ( 'NONE',  ( -0.1250000000000000000, 0.07216878364870320250, -0.2041666666666662189 ) ) ;
#1693 = CIRCLE ( 'NONE', #1689, 0.2922932180726093843 ) ;
#1694 = AXIS2_PLACEMENT_3D ( 'NONE', #1385, #2294, #1662 ) ;
#1695 = DIRECTION ( 'NONE',  ( 0.000000000000000000, 0.000000000000000000, -1.000000000000000000 ) ) ;
#1696 = CARTESIAN_POINT ( 'NONE',  ( -0.04626202367904168333, 0.08012817547305464694, -0.08333333333333310666 ) ) ;
#1697 = CONICAL_SURFACE ( 'NONE', #1001, 0.1230000000000000121, 0.7853981633974500554 ) ;
#1698 = DIRECTION ( 'NONE',  ( -1.000000000000000000, 0.000000000000000000, 0.000000000000000000 ) ) ;
#1699 = AXIS2_PLACEMENT_3D ( 'NONE', #17, #394, #1377 ) ;
#1700 = CARTESIAN_POINT ( 'NONE',  ( -0.2376021605957364946, -0.04036458333333330789, -0.01349999999999999985 ) ) ;
#1701 = AXIS2_PLACEMENT_3D ( 'NONE', #732, #1418, #77 ) ;
#1702 = VERTEX_POINT ( 'NONE', #1421 ) ;
#1703 = CARTESIAN_POINT ( 'NONE',  ( -0.2421874999999998612, -0.06054687500000000000, -0.3057932180726094518 ) ) ;
#1704 = ORIENTED_EDGE ( 'NONE', *, *, #1747, .F. ) ;
#1705 = VERTEX_POINT ( 'NONE', #448 ) ;
#1706 = CARTESIAN_POINT ( 'NONE',  ( 0.1089908028436176873, 0.01544878359729005488, -0.01518477451205533374 ) ) ;
#1707 = DIRECTION ( 'NONE',  ( 0.000000000000000000, 0.000000000000000000, 1.000000000000000000 ) ) ;
#1708 = ADVANCED_FACE ( 'NONE', ( #1829 ), #1697, .F. ) ;
#1709 = PLANE ( 'NONE',  #2009 ) ;
#1710 = VERTEX_POINT ( 'NONE', #2569 ) ;
#1711 = DIRECTION ( 'NONE',  ( 0.000000000000000000, 1.000000000000000000, 0.000000000000000000 ) ) ;
#1712 = CARTESIAN_POINT ( 'NONE',  ( -0.06250000000000001388, 0.1082531754730548246, -0.008333333333333315870 ) ) ;
#1713 = CARTESIAN_POINT ( 'NONE',  ( 0.5288628472222222099, -0.04036458333333332177, -0.3843117960914554931 ) ) ;
#1714 = CARTESIAN_POINT ( 'NONE',  ( 0.1250000000000000555, -0.07216878364870317475, -0.07916666666666648255 ) ) ;
#1715 = CARTESIAN_POINT ( 'NONE',  ( 0.1489315150786608422, 0.06054687500000000000, -0.1799999999999999933 ) ) ;
#1716 = CARTESIAN_POINT ( 'NONE',  ( -0.1559303775463886377, 0.05659652206053295692, -0.1744818574584447168 ) ) ;
#1717 = ORIENTED_EDGE ( 'NONE', *, *, #1930, .T. ) ;
#1718 = ORIENTED_EDGE ( 'NONE', *, *, #856, .F. ) ;
#1719 = ORIENTED_EDGE ( 'NONE', *, *, #663, .F. ) ;
#1720 = EDGE_CURVE ( 'NONE', #2861, #2536, #1976, .T. ) ;
#1721 = EDGE_CURVE ( 'NONE', #907, #1434, #247, .T. ) ;
#1722 = CARTESIAN_POINT ( 'NONE',  ( -0.1249999999999999584, 0.000000000000000000, -0.006249999999999898866 ) ) ;
#1723 = CARTESIAN_POINT ( 'NONE',  ( 0.000000000000000000, 0.000000000000000000, 0.000000000000000000 ) ) ;
#1724 = LINE ( 'NONE', #387, #511 ) ;
#1725 = CARTESIAN_POINT ( 'NONE',  ( 0.2604859517817783021, 0.04036458333333332871, -0.4798177083333333148 ) ) ;
#1726 = TOROIDAL_SURFACE ( 'NONE', #1390, 0.01345486111111110841, 0.02018229166666666782 ) ;
#1727 = CARTESIAN_POINT ( 'NONE',  ( 0.05476485393848203043, 0.07521906413389309320, -0.1486824883190032698 ) ) ;
#1728 = DIRECTION ( 'NONE',  ( 0.2588190451025151884, -0.000000000000000000, 0.9659258262890697555 ) ) ;
#1729 = EDGE_LOOP ( 'NONE', ( #2898, #1718, #1062, #1809 ) ) ;
#1730 = ORIENTED_EDGE ( 'NONE', *, *, #453, .F. ) ;
#1731 = B_SPLINE_CURVE_WITH_KNOTS ( 'NONE', 3,
 ( #2523, #2819, #1622, #718, #1160, #424 ),
 .UNSPECIFIED., .F., .F.,
 ( 4, 2, 4 ),
 ( 1.999286231960514124E-07, 0.0003214491022839886434, 0.0006426982759447812717 ),
 .UNSPECIFIED. ) ;
#1732 =( BOUNDED_CURVE ( )  B_SPLINE_CURVE ( 2, ( #468, #925, #2782, #668, #55, #2326, #1873 ),
 .UNSPECIFIED., .F., .F. ) 
 B_SPLINE_CURVE_WITH_KNOTS ( ( 3, 2, 2, 3 ),
 ( 0.07142857142857142461, 0.09523809523809523281, 0.1190476190476190410, 0.1428571428571428492 ),
 .UNSPECIFIED. ) 
 CURVE ( )  GEOMETRIC_REPRESENTATION_ITEM ( )  RATIONAL_B_SPLINE_CURVE ( ( 1.000000000000000000, 0.8660254037844387076, 1.000000000000000000, 0.8660254037844387076, 1.000000000000000000, 0.8660254037844387076, 1.000000000000000000 ) ) 
 REPRESENTATION_ITEM ( '' )  );
#1733 = CARTESIAN_POINT ( 'NONE',  ( 0.1559303775463881381, 0.05659652206053439327, -0.1744818574584447168 ) ) ;
#1734 = AXIS2_PLACEMENT_3D ( 'NONE', #555, #1002, #495 ) ;
#1735 = EDGE_CURVE ( 'NONE', #1567, #1869, #1148, .T. ) ;
#1736 = DIRECTION ( 'NONE',  ( -0.2588190451025140226, 0.000000000000000000, -0.9659258262890699775 ) ) ;
#1737 = VECTOR ( 'NONE', #190, 39.37007874015748143 ) ;
#1738 = CARTESIAN_POINT ( 'NONE',  ( -0.2328414937417158104, 0.000000000000000000, 0.000000000000000000 ) ) ;
#1739 = AXIS2_PLACEMENT_3D ( 'NONE', #1056, #1981, #2095 ) ;
#1740 = CARTESIAN_POINT ( 'NONE',  ( 0.1250000000000000000, 4.592425496802574219E-17, -0.07499999999999984457 ) ) ;
#1741 = ORIENTED_EDGE ( 'NONE', *, *, #2893, .T. ) ;
#1742 = VECTOR ( 'NONE', #2899, 39.37007874015748854 ) ;
#1743 = VERTEX_POINT ( 'NONE', #2573 ) ;
#1744 = CARTESIAN_POINT ( 'NONE',  ( 0.000000000000000000, 0.000000000000000000, -0.1799999999999999933 ) ) ;
#1745 = VERTEX_POINT ( 'NONE', #723 ) ;
#1746 = CARTESIAN_POINT ( 'NONE',  ( 0.1250000000000000000, 1.530808498934191509E-17, -0.2749999999999994116 ) ) ;
#1747 = EDGE_CURVE ( 'NONE', #2483, #1004, #965, .T. ) ;
#1748 = CARTESIAN_POINT ( 'NONE',  ( 0.06250000000000019429, -0.1082531754730547136, -0.1333333333333330539 ) ) ;
#1749 = CARTESIAN_POINT ( 'NONE',  ( -0.1461806332230959071, 0.04036458333333332871, -0.3843117960914554931 ) ) ;
#1750 = CARTESIAN_POINT ( 'NONE',  ( -0.04626202367904168333, 0.08012817547305464694, -0.1833333333333329040 ) ) ;
#1751 = CARTESIAN_POINT ( 'NONE',  ( -0.1559303775463886377, 0.05659652206053295692, -0.1744818574584447168 ) ) ;
#1752 = DIRECTION ( 'NONE',  ( -1.000000000000000000, 0.000000000000000000, 9.154399031227591509E-17 ) ) ;
#1753 = CARTESIAN_POINT ( 'NONE',  ( 2.651438096812266979E-17, -0.1443375672974064328, -0.3374999999999993006 ) ) ;
#1754 = CARTESIAN_POINT ( 'NONE',  ( 0.000000000000000000, 0.000000000000000000, 0.000000000000000000 ) ) ;
#1755 = EDGE_CURVE ( 'NONE', #742, #1998, #283, .T. ) ;
#1756 = ADVANCED_FACE ( 'NONE', ( #966 ), #94, .T. ) ;
#1757 = VERTEX_POINT ( 'NONE', #2099 ) ;
#1758 = DIRECTION ( 'NONE',  ( 5.270718877837813499E-15, 0.000000000000000000, 1.000000000000000000 ) ) ;
#1759 = DIRECTION ( 'NONE',  ( 0.000000000000000000, 0.000000000000000000, 1.000000000000000000 ) ) ;
#1760 = CARTESIAN_POINT ( 'NONE',  ( 0.06250000000000005551, -0.1082531754730547829, -0.2833333333333327708 ) ) ;
#1761 = CARTESIAN_POINT ( 'NONE',  ( 0.08759821419612646987, 0.08323558523514790197, -0.1776450183335718525 ) ) ;
#1762 = LENGTH_MEASURE_WITH_UNIT ( LENGTH_MEASURE( 0.02539999999999999897 ), #2449 );
#1763 = FACE_OUTER_BOUND ( 'NONE', #2859, .T. ) ;
#1764 = FACE_OUTER_BOUND ( 'NONE', #2582, .T. ) ;
#1765 = CARTESIAN_POINT ( 'NONE',  ( -0.2421874999999998612, 0.04036458333333332871, -0.3057932180726094518 ) ) ;
#1766 = DIRECTION ( 'NONE',  ( 0.000000000000000000, 0.000000000000000000, -1.000000000000000000 ) ) ;
#1767 = CARTESIAN_POINT ( 'NONE',  ( 0.1249999999999999167, 0.07216878364870323026, -0.07708333333333308723 ) ) ;
#1768 = VERTEX_POINT ( 'NONE', #271 ) ;
#1769 = ADVANCED_FACE ( 'NONE', ( #1234 ), #1663, .T. ) ;
#1770 = CARTESIAN_POINT ( 'NONE',  ( -0.2285925121575199392, 0.06054687500000000000, -0.03368229166666667634 ) ) ;
#1771 = ORIENTED_EDGE ( 'NONE', *, *, #2515, .T. ) ;
#1772 = CARTESIAN_POINT ( 'NONE',  ( 2.651438096812266979E-17, -0.1443375672974064328, -0.2374999999999994893 ) ) ;
#1773 = CARTESIAN_POINT ( 'NONE',  ( 1.962574272291876162E-17, -0.1068375672974061774, -0.06874999999999982514 ) ) ;
#1774 = ORIENTED_EDGE ( 'NONE', *, *, #2701, .F. ) ;
#1775 = CARTESIAN_POINT ( 'NONE',  ( -0.09252404735808331115, -0.05341878364870315116, -0.1208333333333330151 ) ) ;
#1776 = AXIS2_PLACEMENT_3D ( 'NONE', #1133, #2774, #1603 ) ;
#1777 = CARTESIAN_POINT ( 'NONE',  ( 0.1014605496231165138, -0.07301203236573483579, -0.1799999999999395972 ) ) ;
#1778 = CIRCLE ( 'NONE', #1500, 0.01345486111111108586 ) ;
#1779 = CARTESIAN_POINT ( 'NONE',  ( 0.06250000000000004163, -0.1082531754730547691, -0.08958333333333305670 ) ) ;
#1780 = ORIENTED_EDGE ( 'NONE', *, *, #467, .T. ) ;
#1781 = LINE ( 'NONE', #1337, #2755 ) ;
#1782 = VERTEX_POINT ( 'NONE', #947 ) ;
#1783 = CIRCLE ( 'NONE', #1643, 0.2413050481046799811 ) ;
#1784 = AXIS2_PLACEMENT_3D ( 'NONE', #2913, #1752, #1288 ) ;
#1785 = ORIENTED_EDGE ( 'NONE', *, *, #1747, .T. ) ;
#1786 = VECTOR ( 'NONE', #488, 39.37007874015748143 ) ;
#1787 = CARTESIAN_POINT ( 'NONE',  ( 1.962574272291876162E-17, -0.1068375672974061774, -0.01874999999999992298 ) ) ;
#1788 = ORIENTED_EDGE ( 'NONE', *, *, #2760, .T. ) ;
#1789 = CARTESIAN_POINT ( 'NONE',  ( -0.1489315150786608422, 0.06054687500000000000, -0.1799999999999999933 ) ) ;
#1790 = CARTESIAN_POINT ( 'NONE',  ( 2.651438096812266979E-17, -0.1443375672974064328, -0.08749999999999982792 ) ) ;
#1791 = CARTESIAN_POINT ( 'NONE',  ( 0.06249999999999995837, 0.1082531754730548107, 0.02708333333333336201 ) ) ;
#1792 = CARTESIAN_POINT ( 'NONE',  ( 0.2413050481046799811, 0.000000000000000000, -0.01008647131817906953 ) ) ;
#1793 = EDGE_LOOP ( 'NONE', ( #2632, #1023, #1261, #80 ) ) ;
#1794 = CARTESIAN_POINT ( 'NONE',  ( -0.1068094044694650330, 0.01569106434546152506, -0.01733614943238303077 ) ) ;
#1795 = CARTESIAN_POINT ( 'NONE',  ( 0.5288628472222222099, 0.04036458333333332871, -0.3843117960914554931 ) ) ;
#1796 = EDGE_CURVE ( 'NONE', #1196, #2128, #1972, .T. ) ;
#1797 = CARTESIAN_POINT ( 'NONE',  ( -0.1489315150786608699, 0.04036458333333332871, -0.01350000000000000852 ) ) ;
#1798 = CARTESIAN_POINT ( 'NONE',  ( 0.04626202367904164864, 0.08012817547305464694, -0.04791666666666653113 ) ) ;
#1799 = VERTEX_POINT ( 'NONE', #2824 ) ;
#1800 = DIRECTION ( 'NONE',  ( -0.7740856890251839317, 0.000000000000000000, 0.6330808368971583278 ) ) ;
#1801 = CARTESIAN_POINT ( 'NONE',  ( 0.09252404735808335279, 1.133092784412348920E-17, -0.2499999999999994171 ) ) ;
#1802 = EDGE_CURVE ( 'NONE', #56, #2861, #489, .T. ) ;
#1803 = EDGE_CURVE ( 'NONE', #2794, #2144, #631, .T. ) ;
#1804 = CARTESIAN_POINT ( 'NONE',  ( 0.09752046798962749063, -0.04455418123543963826, -0.01798762005084077534 ) ) ;
#1805 = CARTESIAN_POINT ( 'NONE',  ( -0.4684474971091242557, -0.04036458333333332177, -0.1207479829558386758 ) ) ;
#1806 = CARTESIAN_POINT ( 'NONE',  ( -0.1249999999999999722, 0.07216878364870318863, 0.03958333333333333148 ) ) ;
#1807 = CARTESIAN_POINT ( 'NONE',  ( 0.1559303775463866670, -0.05659652206053825824, -0.1744818574584447168 ) ) ;
#1808 = CARTESIAN_POINT ( 'NONE',  ( 0.2421874999999998612, 0.06054687500000000000, -0.3057932180726094518 ) ) ;
#1809 = ORIENTED_EDGE ( 'NONE', *, *, #547, .F. ) ;
#1810 = CARTESIAN_POINT ( 'NONE',  ( 0.2604859517817783021, 0.06054687500000000000, -0.4798177083333333148 ) ) ;
#1811 = FACE_OUTER_BOUND ( 'NONE', #1157, .T. ) ;
#1812 = CARTESIAN_POINT ( 'NONE',  ( 0.000000000000000000, 0.000000000000000000, -0.1799999999999999933 ) ) ;
#1813 = LINE ( 'NONE', #2035, #325 ) ;
#1814 = EDGE_LOOP ( 'NONE', ( #1447, #2239, #2257, #1020 ) ) ;
#1815 = ADVANCED_FACE ( 'NONE', ( #22 ), #472, .T. ) ;
#1816 = CARTESIAN_POINT ( 'NONE',  ( -0.2285925121575199392, -0.06054687499999999306, -0.03368229166666667634 ) ) ;
#1817 = CARTESIAN_POINT ( 'NONE',  ( -0.05568478807106074652, -0.08118814381859261464, -0.02677205674327239743 ) ) ;
#1818 = CARTESIAN_POINT ( 'NONE',  ( 0.1250000000000000000, -0.07216878364870316087, -0.2354166666666660523 ) ) ;
#1819 = VECTOR ( 'NONE', #1328, 39.37007874015748143 ) ;
#1820 = ORIENTED_EDGE ( 'NONE', *, *, #2556, .F. ) ;
#1821 = CARTESIAN_POINT ( 'NONE',  ( -0.1249999999999999722, -0.07216878364870328577, -0.04583333333333323295 ) ) ;
#1822 = TOROIDAL_SURFACE ( 'NONE', #2058, 0.2721109264059426991, 0.02018229166666666782 ) ;
#1823 = CARTESIAN_POINT ( 'NONE',  ( 0.2421875000000000278, 0.06054687500000000000, -0.03368229166666673879 ) ) ;
#1824 = AXIS2_PLACEMENT_3D ( 'NONE', #569, #1518, #2541 ) ;
#1825 = ORIENTED_EDGE ( 'NONE', *, *, #2114, .T. ) ;
#1826 = DIRECTION ( 'NONE',  ( -1.000000000000000000, 0.000000000000000000, 0.000000000000000000 ) ) ;
#1827 = AXIS2_PLACEMENT_3D ( 'NONE', #793, #1499, #1544 ) ;
#1828 = DIRECTION ( 'NONE',  ( 0.000000000000000000, 0.000000000000000000, 1.000000000000000000 ) ) ;
#1829 = FACE_OUTER_BOUND ( 'NONE', #791, .T. ) ;
#1830 = VERTEX_POINT ( 'NONE', #2365 ) ;
#1831 = CARTESIAN_POINT ( 'NONE',  ( -0.09435548733181260694, 0.07694881591242656860, -0.003486848350638716704 ) ) ;
#1832 = VECTOR ( 'NONE', #2871, 39.37007874015748854 ) ;
#1833 = CARTESIAN_POINT ( 'NONE',  ( -0.1489315150786608422, 0.06054687500000000000, -0.1799999999999999933 ) ) ;
#1834 = SHAPE_DEFINITION_REPRESENTATION ( #2335, #2255 ) ;
#1835 = DIRECTION ( 'NONE',  ( -0.000000000000000000, -0.000000000000000000, 1.000000000000000000 ) ) ;
#1836 = CARTESIAN_POINT ( 'NONE',  ( -0.04626202367904168333, 0.08012817547305464694, 0.01666666666666668725 ) ) ;
#1837 = B_SPLINE_CURVE_WITH_KNOTS ( 'NONE', 3,
 ( #430, #2282, #443, #1848, #2057, #2789 ),
 .UNSPECIFIED., .F., .F.,
 ( 4, 2, 4 ),
 ( 2.282136179080272818E-07, 0.0001738824558076328347, 0.0003475366979973582775 ),
 .UNSPECIFIED. ) ;
#1838 = ORIENTED_EDGE ( 'NONE', *, *, #1218, .T. ) ;
#1839 = CARTESIAN_POINT ( 'NONE',  ( 0.06249999999999997224, 0.1082531754730548385, -0.06666666666666652696 ) ) ;
#1840 = EDGE_CURVE ( 'NONE', #1188, #1183, #2763, .T. ) ;
#1841 = EDGE_CURVE ( 'NONE', #2900, #305, #1877, .T. ) ;
#1842 = CARTESIAN_POINT ( 'NONE',  ( 0.2421874999999998612, 0.04036458333333332871, -0.3057932180726094518 ) ) ;
#1843 = ORIENTED_EDGE ( 'NONE', *, *, #1967, .F. ) ;
#1844 = DIRECTION ( 'NONE',  ( -1.000000000000000000, 0.000000000000000000, 0.000000000000000000 ) ) ;
#1845 = ORIENTED_EDGE ( 'NONE', *, *, #2417, .T. ) ;
#1846 = FACE_OUTER_BOUND ( 'NONE', #293, .T. ) ;
#1847 = CARTESIAN_POINT ( 'NONE',  ( 0.09252404735808335279, 1.133092784412348920E-17, 5.549066237130534971E-17 ) ) ;
#1848 = CARTESIAN_POINT ( 'NONE',  ( -0.1516645914439493925, -0.05070932576566990202, -0.1797360767200947840 ) ) ;
#1849 = EDGE_LOOP ( 'NONE', ( #1843, #2781, #2161, #248 ) ) ;
#1850 = CARTESIAN_POINT ( 'NONE',  ( -0.09252404735808328340, -0.05341878364870315116, -0.1770833333333329263 ) ) ;
#1851 = DIRECTION ( 'NONE',  ( 0.000000000000000000, 0.000000000000000000, 1.000000000000000000 ) ) ;
#1852 = EDGE_CURVE ( 'NONE', #2327, #2229, #142, .T. ) ;
#1853 = DIRECTION ( 'NONE',  ( 0.000000000000000000, 0.000000000000000000, 1.000000000000000000 ) ) ;
#1854 = EDGE_LOOP ( 'NONE', ( #2672, #1322, #2864, #244 ) ) ;
#1855 = DIRECTION ( 'NONE',  ( -0.000000000000000000, -1.000000000000000000, -0.000000000000000000 ) ) ;
#1856 = DIRECTION ( 'NONE',  ( 0.000000000000000000, 0.000000000000000000, -1.000000000000000000 ) ) ;
#1857 = ORIENTED_EDGE ( 'NONE', *, *, #333, .T. ) ;
#1858 = CARTESIAN_POINT ( 'NONE',  ( 0.1489315150786608699, 0.06054687500000000000, -0.01350000000000000852 ) ) ;
#1859 = CARTESIAN_POINT ( 'NONE',  ( -0.09252404735808332503, -4.532371137649394447E-17, -0.08124999999999978073 ) ) ;
#1860 = CARTESIAN_POINT ( 'NONE',  ( 0.06250000000000004163, -0.1082531754730547691, -0.1895833333333328263 ) ) ;
#1861 = CARTESIAN_POINT ( 'NONE',  ( -0.1250000000000000000, 0.07216878364870320250, -0.004166666666666657935 ) ) ;
#1862 = AXIS2_PLACEMENT_3D ( 'NONE', #2673, #608, #2903 ) ;
#1863 = CARTESIAN_POINT ( 'NONE',  ( 0.09252404735808335279, -0.05341878364870306095, -0.3104166666666660079 ) ) ;
#1864 = EDGE_CURVE ( 'NONE', #434, #1895, #272, .T. ) ;
#1865 = VECTOR ( 'NONE', #2727, 39.37007874015748143 ) ;
#1866 = DIMENSIONAL_EXPONENTS ( 1.000000000000000000, 0.000000000000000000, 0.000000000000000000, 0.000000000000000000, 0.000000000000000000, 0.000000000000000000, 0.000000000000000000 ) ;
#1867 = DIRECTION ( 'NONE',  ( -4.439472819612863967E-15, 0.000000000000000000, 1.000000000000000000 ) ) ;
#1868 = CARTESIAN_POINT ( 'NONE',  ( -0.1559303775463886377, 0.05659652206053295692, -0.1744818574584447168 ) ) ;
#1869 = VERTEX_POINT ( 'NONE', #251 ) ;
#1870 = VECTOR ( 'NONE', #2564, 39.37007874015748854 ) ;
#1871 = ORIENTED_EDGE ( 'NONE', *, *, #639, .T. ) ;
#1872 = CIRCLE ( 'NONE', #1397, 0.02018229166666666435 ) ;
#1873 = CARTESIAN_POINT ( 'NONE',  ( -0.1250000000000000000, -3.061616997868383018E-17, -0.04999999999999989175 ) ) ;
#1874 = ORIENTED_EDGE ( 'NONE', *, *, #399, .T. ) ;
#1875 = CARTESIAN_POINT ( 'NONE',  ( 0.09536486527011361902, 0.05915183410672419234, -0.01303940665756149996 ) ) ;
#1876 = DIRECTION ( 'NONE',  ( 0.000000000000000000, 1.000000000000000000, 0.000000000000000000 ) ) ;
#1877 = CIRCLE ( 'NONE', #135, 0.02018229166666666435 ) ;
#1878 = ADVANCED_FACE ( 'NONE', ( #567 ), #559, .T. ) ;
#1879 = ADVANCED_FACE ( 'NONE', ( #136 ), #2181, .T. ) ;
#1880 = CIRCLE ( 'NONE', #2014, 0.4933910222725038652 ) ;
#1881 = CARTESIAN_POINT ( 'NONE',  ( -0.2604859517817782466, 0.06054687500000000000, 0.01357331393917055561 ) ) ;
#1882 = CARTESIAN_POINT ( 'NONE',  ( 2.651438096812266054E-17, -0.1443375672974063773, -0.2437499999999994393 ) ) ;
#1883 = CIRCLE ( 'NONE', #233, 0.01345486111111108586 ) ;
#1884 = ORIENTED_EDGE ( 'NONE', *, *, #1666, .T. ) ;
#1885 = CARTESIAN_POINT ( 'NONE',  ( 1.962574272291876162E-17, -0.1068375672974061774, -0.1687499999999996225 ) ) ;
#1886 = ORIENTED_EDGE ( 'NONE', *, *, #2904, .T. ) ;
#1887 = CARTESIAN_POINT ( 'NONE',  ( 0.09232995448921919868, 0.005989895119245591988, -0.1495240473580834450 ) ) ;
#1888 = ORIENTED_EDGE ( 'NONE', *, *, #696, .T. ) ;
#1889 = CARTESIAN_POINT ( 'NONE',  ( 0.2421875000000000278, 0.04036458333333332871, -0.01349999999999999985 ) ) ;
#1890 = ORIENTED_EDGE ( 'NONE', *, *, #1112, .T. ) ;
#1891 = CARTESIAN_POINT ( 'NONE',  ( 0.08126275761062706771, -0.05090308048503153215, -0.1526593761331548893 ) ) ;
#1892 = CARTESIAN_POINT ( 'NONE',  ( 0.1250000000000000000, 2.985850298717408743E-16, -0.1249999999999997224 ) ) ;
#1893 = DIRECTION ( 'NONE',  ( 0.000000000000000000, 0.000000000000000000, 1.000000000000000000 ) ) ;
#1894 = CARTESIAN_POINT ( 'NONE',  ( 0.2421874999999998612, 0.06054687500000000000, -0.3057932180726094518 ) ) ;
#1895 = VERTEX_POINT ( 'NONE', #329 ) ;
#1896 = FACE_OUTER_BOUND ( 'NONE', #1594, .T. ) ;
#1897 = ORIENTED_EDGE ( 'NONE', *, *, #1997, .F. ) ;
#1898 = CARTESIAN_POINT ( 'NONE',  ( 0.2340239498288765596, -0.05541907675361001234, -0.01962036252742421771 ) ) ;
#1899 = ORIENTED_EDGE ( 'NONE', *, *, #1604, .F. ) ;
#1900 = CARTESIAN_POINT ( 'NONE',  ( 0.08426291550129139107, -0.04498436322615266547, -0.1522927754004784473 ) ) ;
#1901 = CARTESIAN_POINT ( 'NONE',  ( 0.1461806332230959071, 0.04036458333333332871, -0.3843117960914554931 ) ) ;
#1902 = ADVANCED_FACE ( 'NONE', ( #1764 ), #2881, .T. ) ;
#1903 = CARTESIAN_POINT ( 'NONE',  ( -0.2604859517817783021, -0.04036458333333332871, -0.4798177083333333148 ) ) ;
#1904 = EDGE_CURVE ( 'NONE', #2144, #2835, #112, .T. ) ;
#1905 = CARTESIAN_POINT ( 'NONE',  ( 0.1250000000000000000, -0.07216878364870316087, -0.03541666666666649921 ) ) ;
#1906 = PRODUCT_DEFINITION_CONTEXT ( 'detailed design', #897, 'design' ) ;
#1907 = FACE_OUTER_BOUND ( 'NONE', #1974, .T. ) ;
#1908 = CARTESIAN_POINT ( 'NONE',  ( -0.5423177083333332593, -0.06054687500000000000, -0.3843117960914555487 ) ) ;
#1909 = ADVANCED_FACE ( 'NONE', ( #2689 ), #2894, .F. ) ;
#1910 = EDGE_LOOP ( 'NONE', ( #67, #1355, #439, #2999 ) ) ;
#1911 = AXIS2_PLACEMENT_3D ( 'NONE', #1423, #963, #1197 ) ;
#1912 = ORIENTED_EDGE ( 'NONE', *, *, #284, .T. ) ;
#1913 = ORIENTED_EDGE ( 'NONE', *, *, #252, .F. ) ;
#1914 = CARTESIAN_POINT ( 'NONE',  ( 0.08897335535581440968, -0.03270365885501713005, -0.1515656832347928029 ) ) ;
#1915 = ORIENTED_EDGE ( 'NONE', *, *, #1954, .F. ) ;
#1916 = AXIS2_PLACEMENT_3D ( 'NONE', #1174, #485, #1380 ) ;
#1917 = CARTESIAN_POINT ( 'NONE',  ( -0.1249999999999999445, -0.05111021638370696896, -0.003299150281252580079 ) ) ;
#1918 = CARTESIAN_POINT ( 'NONE',  ( 0.09252404735808335279, 1.133092784412348920E-17, -0.09999999999999971412 ) ) ;
#1919 = AXIS2_PLACEMENT_3D ( 'NONE', #52, #2720, #1578 ) ;
#1920 = DIRECTION ( 'NONE',  ( 0.000000000000000000, 1.000000000000000000, 0.000000000000000000 ) ) ;
#1921 = CARTESIAN_POINT ( 'NONE',  ( 0.1050179248108401575, 0.06212487922726846884, -0.1788276067321889762 ) ) ;
#1922 = AXIS2_PLACEMENT_3D ( 'NONE', #1725, #2650, #373 ) ;
#1923 = CARTESIAN_POINT ( 'NONE',  ( -0.2285925121575199392, 0.06054687500000000000, -0.03368229166666667634 ) ) ;
#1924 = ADVANCED_FACE ( 'NONE', ( #83 ), #2923, .T. ) ;
#1925 = CARTESIAN_POINT ( 'NONE',  ( 0.06204806174962011756, 0.06863481166752170848, -0.1495240473580833895 ) ) ;
#1926 = AXIS2_PLACEMENT_3D ( 'NONE', #1005, #1728, #2917 ) ;
#1927 = VERTEX_POINT ( 'NONE', #595 ) ;
#1928 = DIRECTION ( 'NONE',  ( 0.8290375725550407360, -0.000000000000000000, -0.5591929034707482371 ) ) ;
#1929 = EDGE_CURVE ( 'NONE', #800, #2110, #2616, .T. ) ;
#1930 = EDGE_CURVE ( 'NONE', #1799, #1369, #2908, .T. ) ;
#1931 = ORIENTED_EDGE ( 'NONE', *, *, #1755, .F. ) ;
#1932 = ORIENTED_EDGE ( 'NONE', *, *, #2588, .F. ) ;
#1933 = CARTESIAN_POINT ( 'NONE',  ( -0.06249999999999990286, -0.1082531754730548801, -0.1916666666666662633 ) ) ;
#1934 = DIRECTION ( 'NONE',  ( -0.000000000000000000, -0.000000000000000000, -1.000000000000000000 ) ) ;
#1935 = DIRECTION ( 'NONE',  ( -0.000000000000000000, -0.000000000000000000, 1.000000000000000000 ) ) ;
#1936 = CARTESIAN_POINT ( 'NONE',  ( -0.1461806332230959071, 0.04036458333333332871, -0.3843117960914554931 ) ) ;
#1937 = DIRECTION ( 'NONE',  ( 0.000000000000000000, 1.000000000000000000, 0.000000000000000000 ) ) ;
#1938 =( BOUNDED_CURVE ( )  B_SPLINE_CURVE ( 2, ( #2133, #1198, #2118, #2837, #70, #2377, #59 ),
 .UNSPECIFIED., .F., .F. ) 
 B_SPLINE_CURVE_WITH_KNOTS ( ( 3, 2, 2, 3 ),
 ( 0.2142857142857142738, 0.2380952380952380820, 0.2619047619047619180, 0.2857142857142856984 ),
 .UNSPECIFIED. ) 
 CURVE ( )  GEOMETRIC_REPRESENTATION_ITEM ( )  RATIONAL_B_SPLINE_CURVE ( ( 1.000000000000000000, 0.8660254037844387076, 1.000000000000000000, 0.8660254037844387076, 1.000000000000000000, 0.8660254037844387076, 1.000000000000000000 ) ) 
 REPRESENTATION_ITEM ( '' )  );
#1939 = ORIENTED_EDGE ( 'NONE', *, *, #138, .T. ) ;
#1940 = CARTESIAN_POINT ( 'NONE',  ( -0.1249999999999999306, -0.07216878364870328577, -0.1520833333333329318 ) ) ;
#1941 = ORIENTED_EDGE ( 'NONE', *, *, #1073, .T. ) ;
#1942 = EDGE_CURVE ( 'NONE', #733, #1745, #2066, .T. ) ;
#1943 = DIRECTION ( 'NONE',  ( -0.000000000000000000, -0.000000000000000000, 1.000000000000000000 ) ) ;
#1944 = ORIENTED_EDGE ( 'NONE', *, *, #2626, .F. ) ;
#1945 = CARTESIAN_POINT ( 'NONE',  ( 0.2285925121575199392, 0.06054687500000000000, -0.03368229166666667634 ) ) ;
#1946 = CARTESIAN_POINT ( 'NONE',  ( 0.1250000000000000555, -0.07216878364870317475, -0.2791666666666660634 ) ) ;
#1947 = CARTESIAN_POINT ( 'NONE',  ( -0.09305453344153283290, 0.005031530976365801780, -0.03194546655851099315 ) ) ;
#1948 = CARTESIAN_POINT ( 'NONE',  ( 0.1461806332230959071, -0.04036458333333332177, -0.3843117960914554931 ) ) ;
#1949 = CARTESIAN_POINT ( 'NONE',  ( -0.09252404735808335279, 0.000000000000000000, -0.02499999999999989037 ) ) ;
#1950 = DIRECTION ( 'NONE',  ( -1.000000000000000000, 0.000000000000000000, -0.000000000000000000 ) ) ;
#1951 = CARTESIAN_POINT ( 'NONE',  ( -0.1684261118331928375, 0.06054687500000000000, -0.1747764385428528799 ) ) ;
#1952 = CARTESIAN_POINT ( 'NONE',  ( -0.06250000000000005551, 0.1082531754730547829, -0.05833333333333320936 ) ) ;
#1953 = ORIENTED_EDGE ( 'NONE', *, *, #2172, .T. ) ;
#1954 = EDGE_CURVE ( 'NONE', #2778, #1196, #583, .T. ) ;
#1955 = CARTESIAN_POINT ( 'NONE',  ( 0.09252404735808332503, 3.399278353237046143E-17, -0.04999999999999984318 ) ) ;
#1956 = ORIENTED_EDGE ( 'NONE', *, *, #391, .T. ) ;
#1957 = DIRECTION ( 'NONE',  ( 0.000000000000000000, 1.000000000000000000, 0.000000000000000000 ) ) ;
#1958 = ORIENTED_EDGE ( 'NONE', *, *, #2816, .T. ) ;
#1959 = DIRECTION ( 'NONE',  ( -0.7071067811865486830, -8.659560562354947649E-17, -0.7071067811865462405 ) ) ;
#1960 = CARTESIAN_POINT ( 'NONE',  ( 0.1250000000000000000, 1.530808498934191509E-17, -0.2249999999999995060 ) ) ;
#1961 = AXIS2_PLACEMENT_3D ( 'NONE', #1276, #2455, #1969 ) ;
#1962 = CARTESIAN_POINT ( 'NONE',  ( 0.1250000000000000000, 2.985850298717408743E-16, -0.1249999999999997224 ) ) ;
#1963 = CARTESIAN_POINT ( 'NONE',  ( 0.06204806174962011756, 0.06863481166752170848, -0.1495240473580833895 ) ) ;
#1964 = CARTESIAN_POINT ( 'NONE',  ( 0.1499086832240591194, 0.04646442789193392514, -0.1799999999999999933 ) ) ;
#1965 = CONICAL_SURFACE ( 'NONE', #2607, 0.1250000000000000000, 0.7853981633974500554 ) ;
#1966 = CARTESIAN_POINT ( 'NONE',  ( 0.04626202367904171803, -0.08012817547305463306, -0.3083333333333326265 ) ) ;
#1967 = EDGE_CURVE ( 'NONE', #1658, #2877, #2168, .T. ) ;
#1968 = EDGE_CURVE ( 'NONE', #1464, #1363, #1007, .T. ) ;
#1969 = DIRECTION ( 'NONE',  ( -1.000000000000000000, 0.000000000000000000, 0.000000000000000000 ) ) ;
#1970 = TOROIDAL_SURFACE ( 'NONE', #1092, 0.01345486111111110841, 0.02018229166666666782 ) ;
#1971 = CARTESIAN_POINT ( 'NONE',  ( -0.1249999999999999584, 0.000000000000000000, -0.05624999999999979322 ) ) ;
#1972 = CIRCLE ( 'NONE', #224, 0.03363715277777774848 ) ;
#1973 = CARTESIAN_POINT ( 'NONE',  ( -0.08919068644530356305, -0.08757865865275357709, -4.924435031730435797E-18 ) ) ;
#1974 = EDGE_LOOP ( 'NONE', ( #974, #923, #2722, #116 ) ) ;
#1975 = LINE ( 'NONE', #2683, #2867 ) ;
#1976 = B_SPLINE_CURVE_WITH_KNOTS ( 'NONE', 3,
 ( #1816, #1365, #2751, #656 ),
 .UNSPECIFIED., .F., .F.,
 ( 4, 4 ),
 ( 1.904245798648414038E-05, 0.0002159081318044688219 ),
 .UNSPECIFIED. ) ;
#1977 = CARTESIAN_POINT ( 'NONE',  ( 0.09252404735808332503, 3.399278353237046143E-17, -0.04999999999999984318 ) ) ;
#1978 = CARTESIAN_POINT ( 'NONE',  ( -0.1230000000000000121, -1.506315562951244499E-17, -0.1799999999999999933 ) ) ;
#1979 = CARTESIAN_POINT ( 'NONE',  ( -0.09252404735808328340, -0.05341878364870315116, -0.07708333333333312887 ) ) ;
#1980 = ORIENTED_EDGE ( 'NONE', *, *, #862, .F. ) ;
#1981 = DIRECTION ( 'NONE',  ( -0.000000000000000000, -1.000000000000000000, -0.000000000000000000 ) ) ;
#1982 = DIRECTION ( 'NONE',  ( 0.7071067811865486830, 0.000000000000000000, -0.7071067811865462405 ) ) ;
#1983 = CARTESIAN_POINT ( 'NONE',  ( -0.04626202367904168333, 0.08012817547305464694, -0.2333333333333327819 ) ) ;
#1984 = CARTESIAN_POINT ( 'NONE',  ( 0.1250000000000000000, -0.07216878364870316087, 0.01458333333333338908 ) ) ;
#1985 = CARTESIAN_POINT ( 'NONE',  ( -0.1119297739772451838, -0.03093735212660561965, -0.009869830177672869048 ) ) ;
#1986 = ORIENTED_EDGE ( 'NONE', *, *, #2842, .T. ) ;
#1987 = CARTESIAN_POINT ( 'NONE',  ( 0.2323506059694690484, 0.05940852922172525780, -0.02699999999999997888 ) ) ;
#1988 = ORIENTED_EDGE ( 'NONE', *, *, #2223, .T. ) ;
#1989 = LINE ( 'NONE', #1283, #753 ) ;
#1990 = CARTESIAN_POINT ( 'NONE',  ( 0.09252404735808331115, 0.05341878364870311646, -0.05208333333333318993 ) ) ;
#1991 = VERTEX_POINT ( 'NONE', #2646 ) ;
#1992 = CARTESIAN_POINT ( 'NONE',  ( 0.04626202367904165558, 0.08012817547305466082, -0.1916666666666662078 ) ) ;
#1993 = DIRECTION ( 'NONE',  ( 1.000000000000000000, 0.000000000000000000, 0.000000000000000000 ) ) ;
#1994 = ORIENTED_EDGE ( 'NONE', *, *, #1735, .F. ) ;
#1995 = DIRECTION ( 'NONE',  ( 1.000000000000000000, 0.000000000000000000, 0.000000000000000000 ) ) ;
#1996 = VERTEX_POINT ( 'NONE', #1733 ) ;
#1997 = EDGE_CURVE ( 'NONE', #1710, #1196, #2617, .T. ) ;
#1998 = VERTEX_POINT ( 'NONE', #535 ) ;
#1999 = CARTESIAN_POINT ( 'NONE',  ( -1.276003928916805782E-16, 0.1068375672974061913, -0.04374999999999986539 ) ) ;
#2000 = AXIS2_PLACEMENT_3D ( 'NONE', #151, #1036, #1281 ) ;
#2001 = CARTESIAN_POINT ( 'NONE',  ( -0.04626202367904167639, 0.08012817547305463306, -0.03958333333333321352 ) ) ;
#2002 = ORIENTED_EDGE ( 'NONE', *, *, #1666, .F. ) ;
#2003 = CARTESIAN_POINT ( 'NONE',  ( 0.1637145568013739505, -0.06054687500000000000, -0.1571926757814473830 ) ) ;
#2004 = CIRCLE ( 'NONE', #1496, 0.03363715277777774848 ) ;
#2005 = DIRECTION ( 'NONE',  ( 0.000000000000000000, 0.000000000000000000, -1.000000000000000000 ) ) ;
#2006 = AXIS2_PLACEMENT_3D ( 'NONE', #813, #1566, #147 ) ;
#2007 = CARTESIAN_POINT ( 'NONE',  ( -0.1461806332230959071, -0.06054687500000000000, -0.3843117960914554931 ) ) ;
#2008 = CARTESIAN_POINT ( 'NONE',  ( 0.1249999999999999584, 1.530808498934191201E-17, 0.01875000000000004788 ) ) ;
#2009 = AXIS2_PLACEMENT_3D ( 'NONE', #994, #766, #533 ) ;
#2010 = CARTESIAN_POINT ( 'NONE',  ( -0.2604859517817783021, 0.06054687500000000000, -0.4663628472222222654 ) ) ;
#2011 = ORIENTED_EDGE ( 'NONE', *, *, #857, .F. ) ;
#2012 = AXIS2_PLACEMENT_3D ( 'NONE', #2590, #39, #870 ) ;
#2013 = CYLINDRICAL_SURFACE ( 'NONE', #2558, 0.5135733139391704949 ) ;
#2014 = AXIS2_PLACEMENT_3D ( 'NONE', #1677, #2216, #609 ) ;
#2015 = CARTESIAN_POINT ( 'NONE',  ( -0.1102123412263475294, 0.000000000000000000, -0.01478765877365241510 ) ) ;
#2016 = ORIENTED_EDGE ( 'NONE', *, *, #1841, .T. ) ;
#2017 = EDGE_CURVE ( 'NONE', #1327, #322, #1488, .T. ) ;
#2018 = PLANE ( 'NONE',  #2518 ) ;
#2019 = EDGE_CURVE ( 'NONE', #2466, #763, #121, .T. ) ;
#2020 = CIRCLE ( 'NONE', #1922, 0.02018229166666666435 ) ;
#2021 = CARTESIAN_POINT ( 'NONE',  ( 0.04626202367904164864, 0.08012817547305464694, -0.09791666666666642982 ) ) ;
#2022 = ORIENTED_EDGE ( 'NONE', *, *, #2770, .F. ) ;
#2023 = CARTESIAN_POINT ( 'NONE',  ( -0.09252404735808335279, 0.05341878364870308871, -0.1291666666666663466 ) ) ;
#2024 = CARTESIAN_POINT ( 'NONE',  ( -0.5476725043485169975, 0.04036458333333332871, -0.4121982595780073755 ) ) ;
#2025 = CARTESIAN_POINT ( 'NONE',  ( -0.1249999999999999722, -0.07216878364870328577, -0.3458333333333326598 ) ) ;
#2026 = CARTESIAN_POINT ( 'NONE',  ( -2.486588715423882749E-16, 0.1068375672974061913, -0.09374999999999975020 ) ) ;
#2027 = CARTESIAN_POINT ( 'NONE',  ( -0.1250000000000000000, 0.000000000000000000, 0.000000000000000000 ) ) ;
#2028 = ORIENTED_EDGE ( 'NONE', *, *, #2047, .F. ) ;
#2029 = EDGE_CURVE ( 'NONE', #202, #2876, #1289, .T. ) ;
#2030 = FACE_OUTER_BOUND ( 'NONE', #2578, .T. ) ;
#2031 = CARTESIAN_POINT ( 'NONE',  ( -0.09252404735808332503, -4.532371137649394447E-17, -0.07499999999999978906 ) ) ;
#2032 = CARTESIAN_POINT ( 'NONE',  ( -0.1559303775463874442, -0.05659652206053621126, -0.1744818574584447168 ) ) ;
#2033 = EDGE_CURVE ( 'NONE', #589, #226, #849, .T. ) ;
#2034 = EDGE_CURVE ( 'NONE', #202, #1799, #1263, .T. ) ;
#2035 = CARTESIAN_POINT ( 'NONE',  ( -0.5624999999999998890, 0.06054687500000000000, -0.3843117960914556042 ) ) ;
#2036 = VERTEX_POINT ( 'NONE', #1700 ) ;
#2037 = FACE_OUTER_BOUND ( 'NONE', #379, .T. ) ;
#2038 = FACE_OUTER_BOUND ( 'NONE', #1571, .T. ) ;
#2039 = CARTESIAN_POINT ( 'NONE',  ( 0.06840746022686636230, -0.08038767634792656769, -0.02027346589384112704 ) ) ;
#2040 = CARTESIAN_POINT ( 'NONE',  ( -0.1249999999999999584, 0.000000000000000000, -0.1562499999999995837 ) ) ;
#2041 = CARTESIAN_POINT ( 'NONE',  ( -0.2368857283428275062, -0.04458179151819034042, -0.01350000000000000158 ) ) ;
#2042 = EDGE_LOOP ( 'NONE', ( #2984, #1303, #1598, #2940 ) ) ;
#2043 = CARTESIAN_POINT ( 'NONE',  ( 2.651438096812266979E-17, -0.1443375672974064328, -0.03749999999999992228 ) ) ;
#2044 = CARTESIAN_POINT ( 'NONE',  ( 0.1461806332230959071, 0.04036458333333332871, -0.3843117960914554931 ) ) ;
#2045 = B_SPLINE_CURVE_WITH_KNOTS ( 'NONE', 3,
 ( #859, #198, #1123, #2533, #2285, #1868 ),
 .UNSPECIFIED., .F., .F.,
 ( 4, 2, 4 ),
 ( 0.0001187185637270972942, 0.0002915329112263037765, 0.0004643472587255102453 ),
 .UNSPECIFIED. ) ;
#2046 = EDGE_LOOP ( 'NONE', ( #2340, #2993, #789, #667 ) ) ;
#2047 = EDGE_CURVE ( 'NONE', #773, #2496, #291, .T. ) ;
#2048 = DIRECTION ( 'NONE',  ( 0.000000000000000000, -1.000000000000000000, -0.000000000000000000 ) ) ;
#2049 = DIRECTION ( 'NONE',  ( -0.000000000000000000, -1.000000000000000000, -0.000000000000000000 ) ) ;
#2050 = ORIENTED_EDGE ( 'NONE', *, *, #722, .T. ) ;
#2051 = LINE ( 'NONE', #865, #1819 ) ;
#2052 = LENGTH_MEASURE_WITH_UNIT ( LENGTH_MEASURE( 0.02539999999999999897 ), #2313 );
#2053 = CIRCLE ( 'NONE', #1136, 0.4933910222725038652 ) ;
#2054 = EDGE_CURVE ( 'NONE', #2481, #1927, #2184, .T. ) ;
#2055 = CARTESIAN_POINT ( 'NONE',  ( 0.06250000000000004163, -0.1082531754730547691, -0.2895833333333326376 ) ) ;
#2056 = EDGE_CURVE ( 'NONE', #2877, #168, #1249, .T. ) ;
#2057 = CARTESIAN_POINT ( 'NONE',  ( -0.1506177172507341955, -0.04862446634829165754, -0.1800000000000308853 ) ) ;
#2058 = AXIS2_PLACEMENT_3D ( 'NONE', #2742, #646, #1587 ) ;
#2059 = ORIENTED_EDGE ( 'NONE', *, *, #2515, .F. ) ;
#2060 = CARTESIAN_POINT ( 'NONE',  ( -0.09252404735808328340, -0.05341878364870315116, -0.2270833333333328319 ) ) ;
#2061 = DIRECTION ( 'NONE',  ( 5.331547537738404491E-15, 0.000000000000000000, 1.000000000000000000 ) ) ;
#2062 = STYLED_ITEM ( 'NONE', ( #780 ), #1191 ) ;
#2063 = AXIS2_PLACEMENT_3D ( 'NONE', #38, #250, #1202 ) ;
#2064 = VERTEX_POINT ( 'NONE', #2603 ) ;
#2065 = CARTESIAN_POINT ( 'NONE',  ( -0.1250000000000000000, -3.061616997868383018E-17, -0.04999999999999989175 ) ) ;
#2066 = CIRCLE ( 'NONE', #2457, 0.03363715277777774848 ) ;
#2067 = ORIENTED_EDGE ( 'NONE', *, *, #665, .F. ) ;
#2068 = DIRECTION ( 'NONE',  ( 1.000000000000000000, 0.000000000000000000, 0.000000000000000000 ) ) ;
#2069 = CARTESIAN_POINT ( 'NONE',  ( 0.07441951602484440931, 0.06130365763911079652, -0.1523822489857385443 ) ) ;
#2070 = VERTEX_POINT ( 'NONE', #1019 ) ;
#2071 = TOROIDAL_SURFACE ( 'NONE', #1555, 0.01345486111111107372, 0.02018229166666666782 ) ;
#2072 = DIRECTION ( 'NONE',  ( 0.000000000000000000, -1.000000000000000000, -0.000000000000000000 ) ) ;
#2073 = CARTESIAN_POINT ( 'NONE',  ( -8.838126989374222236E-18, 0.1443375672974063773, -0.2187499999999994726 ) ) ;
#2074 = CYLINDRICAL_SURFACE ( 'NONE', #747, 0.1250000000000000000 ) ;
#2075 = CARTESIAN_POINT ( 'NONE',  ( -0.2376021605957364946, -0.04036458333333330789, -0.01349999999999999985 ) ) ;
#2076 = ORIENTED_EDGE ( 'NONE', *, *, #2056, .T. ) ;
#2077 = CARTESIAN_POINT ( 'NONE',  ( 0.09252404735808332503, 1.133092784412348612E-17, -0.3062499999999993561 ) ) ;
#2078 = CARTESIAN_POINT ( 'NONE',  ( 0.000000000000000000, 0.000000000000000000, -0.5000000000000000000 ) ) ;
#2079 = VERTEX_POINT ( 'NONE', #1738 ) ;
#2080 = CARTESIAN_POINT ( 'NONE',  ( 0.1027937558558530556, -0.05889466191812008783, -0.1752431264324182669 ) ) ;
#2081 = DIRECTION ( 'NONE',  ( 0.6427876096865335898, 7.871877887341916038E-17, -0.7660444431189827874 ) ) ;
#2082 = ORIENTED_EDGE ( 'NONE', *, *, #438, .F. ) ;
#2083 = CARTESIAN_POINT ( 'NONE',  ( 0.1088731623074848109, -0.006619503592445116942, -0.01612683769255629507 ) ) ;
#2084 = B_SPLINE_CURVE_WITH_KNOTS ( 'NONE', 3,
 ( #2075, #2041, #10, #2531, #917, #1411 ),
 .UNSPECIFIED., .F., .F.,
 ( 4, 2, 4 ),
 ( 1.999286231958327191E-07, 0.0003214491022839885892, 0.0006426982759447813802 ),
 .UNSPECIFIED. ) ;
#2085 = DIRECTION ( 'NONE',  ( 0.000000000000000000, 1.000000000000000000, 0.000000000000000000 ) ) ;
#2086 = CARTESIAN_POINT ( 'NONE',  ( -0.1250000000000000000, 0.000000000000000000, -0.09999999999999978351 ) ) ;
#2087 = CARTESIAN_POINT ( 'NONE',  ( 0.06249999999999995837, 0.1082531754730548107, -0.2229166666666661245 ) ) ;
#2088 = CARTESIAN_POINT ( 'NONE',  ( -0.1045133023981733023, -0.02600409892124553798, -0.1644959259184443912 ) ) ;
#2089 = EDGE_LOOP ( 'NONE', ( #1606, #1986, #873, #1577 ) ) ;
#2090 = CARTESIAN_POINT ( 'NONE',  ( -0.06249999999999990286, -0.1082531754730548801, -0.04166666666666658109 ) ) ;
#2091 = CARTESIAN_POINT ( 'NONE',  ( -0.2279949571908915784, 0.04036458333333332871, -0.4750687829841341303 ) ) ;
#2092 = ORIENTED_EDGE ( 'NONE', *, *, #1207, .F. ) ;
#2093 = EDGE_CURVE ( 'NONE', #1650, #1434, #53, .T. ) ;
#2094 = EDGE_LOOP ( 'NONE', ( #2651, #1771, #1376, #1389, #2422 ) ) ;
#2095 = DIRECTION ( 'NONE',  ( 2.672284832845591705E-15, 0.000000000000000000, 1.000000000000000000 ) ) ;
#2096 = ORIENTED_EDGE ( 'NONE', *, *, #2855, .F. ) ;
#2097 = CARTESIAN_POINT ( 'NONE',  ( -0.01947708927640293478, -0.1000975123772797626, -0.1587627099833441302 ) ) ;
#2098 = CARTESIAN_POINT ( 'NONE',  ( 0.01429592931889346955, 0.1165682059408152810, -0.1742448202253679412 ) ) ;
#2099 = CARTESIAN_POINT ( 'NONE',  ( -0.1499086832240586198, 0.04646442789193554190, -0.1799999999999999933 ) ) ;
#2100 = CARTESIAN_POINT ( 'NONE',  ( 0.1250000000000001388, -0.07216878364870304985, -0.08541666666666637708 ) ) ;
#2101 = CARTESIAN_POINT ( 'NONE',  ( 0.2285925121575199392, 0.06054687500000000000, -0.03368229166666667634 ) ) ;
#2102 = ORIENTED_EDGE ( 'NONE', *, *, #771, .F. ) ;
#2103 = CARTESIAN_POINT ( 'NONE',  ( 0.04626202367904170415, -0.08012817547305460530, -0.2145833333333328208 ) ) ;
#2104 = AXIS2_PLACEMENT_3D ( 'NONE', #1064, #1323, #1759 ) ;
#2105 = CARTESIAN_POINT ( 'NONE',  ( -0.1489315150786608699, -0.04036458333333332177, -0.01350000000000000852 ) ) ;
#2106 = EDGE_CURVE ( 'NONE', #1895, #2656, #524, .T. ) ;
#2107 = EDGE_LOOP ( 'NONE', ( #124, #1719, #1395, #1134 ) ) ;
#2108 = CIRCLE ( 'NONE', #605, 0.2721109264059426991 ) ;
#2109 = CARTESIAN_POINT ( 'NONE',  ( 0.000000000000000000, 0.000000000000000000, -0.5000000000000000000 ) ) ;
#2110 = VERTEX_POINT ( 'NONE', #2124 ) ;
#2111 = AXIS2_PLACEMENT_3D ( 'NONE', #270, #1935, #2631 ) ;
#2112 = CARTESIAN_POINT ( 'NONE',  ( 0.1489315150786608422, 0.06054687500000000000, -0.1799999999999999933 ) ) ;
#2113 = CARTESIAN_POINT ( 'NONE',  ( 0.1084378221735082387, 1.327980318312967197E-17, -0.1654378221735082477 ) ) ;
#2114 = EDGE_CURVE ( 'NONE', #2110, #2244, #1264, .T. ) ;
#2115 = EDGE_LOOP ( 'NONE', ( #1899, #2596, #1958, #962 ) ) ;
#2117 = EDGE_CURVE ( 'NONE', #407, #2918, #760, .T. ) ;
#2116 = CARTESIAN_POINT ( 'NONE',  ( 0.1250000000000000000, 1.530808498934191509E-17, -0.02499999999999994588 ) ) ;
#2118 = CARTESIAN_POINT ( 'NONE',  ( 0.04626202367904178742, -0.08012817547305456367, -0.06458333333333315940 ) ) ;
#2119 = CIRCLE ( 'NONE', #755, 0.2922932180726093843 ) ;
#2120 = TOROIDAL_SURFACE ( 'NONE', #808, 0.1569444371913067682, 0.01000000000000000021 ) ;
#2121 = CARTESIAN_POINT ( 'NONE',  ( -0.1250000000000000000, 0.07216878364870320250, -0.1541666666666663410 ) ) ;
#2122 = CARTESIAN_POINT ( 'NONE',  ( -0.04626202367904160700, -0.08012817547305468857, -0.06666666666666645757 ) ) ;
#2123 = CARTESIAN_POINT ( 'NONE',  ( 5.414526668054083464E-19, 0.000000000000000000, -0.01350000000000002066 ) ) ;
#2124 = CARTESIAN_POINT ( 'NONE',  ( -0.4684474971091242557, 0.04036458333333332871, -0.1207479829558386758 ) ) ;
#2125 = CARTESIAN_POINT ( 'NONE',  ( -0.1489315150786608699, -0.04243832234414728066, -0.1799999999999999656 ) ) ;
#2126 = ORIENTED_EDGE ( 'NONE', *, *, #125, .F. ) ;
#2127 = B_SPLINE_CURVE_WITH_KNOTS ( 'NONE', 3,
 ( #2147, #1678, #1219, #977 ),
 .UNSPECIFIED., .F., .F.,
 ( 4, 4 ),
 ( 1.904245798648414038E-05, 0.0002159081318044689304 ),
 .UNSPECIFIED. ) ;
#2128 = VERTEX_POINT ( 'NONE', #65 ) ;
#2129 = CARTESIAN_POINT ( 'NONE',  ( 0.2323506059694690484, -0.05940852922172525086, -0.02699999999999997888 ) ) ;
#2130 = ORIENTED_EDGE ( 'NONE', *, *, #438, .T. ) ;
#2131 = CARTESIAN_POINT ( 'NONE',  ( 0.05542480436824951534, -0.08078945885844647512, -0.1547519594558457168 ) ) ;
#2132 = ADVANCED_FACE ( 'NONE', ( #1907 ), #2568, .T. ) ;
#2133 = CARTESIAN_POINT ( 'NONE',  ( 0.09252404735808332503, 3.399278353237046143E-17, -0.05624999999999984179 ) ) ;
#2134 =( BOUNDED_CURVE ( )  B_SPLINE_CURVE ( 2, ( #1977, #1297, #1093, #2728, #634, #1109, #2031 ),
 .UNSPECIFIED., .F., .T. ) 
 B_SPLINE_CURVE_WITH_KNOTS ( ( 3, 2, 2, 3 ),
 ( 0.2142857142857142738, 0.2380952380952380820, 0.2619047619047619180, 0.2857142857142856984 ),
 .UNSPECIFIED. ) 
 CURVE ( )  GEOMETRIC_REPRESENTATION_ITEM ( )  RATIONAL_B_SPLINE_CURVE ( ( 1.000000000000000000, 0.8660254037844387076, 1.000000000000000000, 0.8660254037844387076, 1.000000000000000000, 0.8660254037844387076, 1.000000000000000000 ) ) 
 REPRESENTATION_ITEM ( '' )  );
#2135 = DIRECTION ( 'NONE',  ( 0.000000000000000000, 0.000000000000000000, 1.000000000000000000 ) ) ;
#2136 = CARTESIAN_POINT ( 'NONE',  ( -0.1250000000000000000, 0.000000000000000000, -0.1499999999999996891 ) ) ;
#2137 = CARTESIAN_POINT ( 'NONE',  ( -0.03946300360338747537, 0.1086647759723421702, -0.1717863377853122431 ) ) ;
#2138 = CARTESIAN_POINT ( 'NONE',  ( 0.09252404735808332503, 2.210103635541414168E-16, -0.09999999999999971412 ) ) ;
#2139 = CARTESIAN_POINT ( 'NONE',  ( 0.000000000000000000, 0.000000000000000000, 0.000000000000000000 ) ) ;
#2140 = CARTESIAN_POINT ( 'NONE',  ( 0.1171161900418883489, 0.03758720566991237411, -0.1799999999999999933 ) ) ;
#2141 = DIRECTION ( 'NONE',  ( 0.000000000000000000, 1.000000000000000000, 0.000000000000000000 ) ) ;
#2142 = DIRECTION ( 'NONE',  ( -1.000000000000000000, 0.000000000000000000, 0.000000000000000000 ) ) ;
#2143 = ORIENTED_EDGE ( 'NONE', *, *, #2665, .T. ) ;
#2144 = VERTEX_POINT ( 'NONE', #2155 ) ;
#2145 = ORIENTED_EDGE ( 'NONE', *, *, #1538, .F. ) ;
#2146 = CARTESIAN_POINT ( 'NONE',  ( -0.04395982847291012019, 0.1108749367009912307, -0.005972706601574123350 ) ) ;
#2147 = CARTESIAN_POINT ( 'NONE',  ( 0.2285925121575199392, 0.06054687500000000000, -0.03368229166666667634 ) ) ;
#2148 = CARTESIAN_POINT ( 'NONE',  ( 0.2604859517817783021, -0.04036458333333332177, -0.4663628472222222654 ) ) ;
#2149 = CARTESIAN_POINT ( 'NONE',  ( 0.1250000000000000000, 1.530808498934191509E-17, -0.1749999999999996281 ) ) ;
#2150 = CARTESIAN_POINT ( 'NONE',  ( 0.09252404735808332503, 0.05341878364870312340, -0.09583333333333307613 ) ) ;
#2151 = CARTESIAN_POINT ( 'NONE',  ( -0.06249999999999988898, -0.1082531754730548523, -0.04791666666666646868 ) ) ;
#2152 = AXIS2_PLACEMENT_3D ( 'NONE', #1312, #111, #1557 ) ;
#2153 = CARTESIAN_POINT ( 'NONE',  ( -0.1086751541474355737, -3.182360892352723312E-13, -0.1656751541474355272 ) ) ;
#2154 = EDGE_CURVE ( 'NONE', #2625, #1635, #2844, .T. ) ;
#2155 = CARTESIAN_POINT ( 'NONE',  ( 0.09282578924206000281, -1.719995238157664475E-15, -0.1498257892420600812 ) ) ;
#2156 = DIRECTION ( 'NONE',  ( 0.000000000000000000, 0.000000000000000000, 1.000000000000000000 ) ) ;
#2157 = ORIENTED_EDGE ( 'NONE', *, *, #2337, .T. ) ;
#2158 = DIRECTION ( 'NONE',  ( -0.000000000000000000, -0.000000000000000000, 1.000000000000000000 ) ) ;
#2159 = ORIENTED_EDGE ( 'NONE', *, *, #1589, .F. ) ;
#2160 = AXIS2_PLACEMENT_3D ( 'NONE', #509, #1461, #2142 ) ;
#2161 = ORIENTED_EDGE ( 'NONE', *, *, #301, .T. ) ;
#2162 = CARTESIAN_POINT ( 'NONE',  ( -0.1250000000000000000, 1.530808498934191509E-17, 0.000000000000000000 ) ) ;
#2163 = VECTOR ( 'NONE', #2507, 39.37007874015748854 ) ;
#2164 = CARTESIAN_POINT ( 'NONE',  ( -0.1250000000000000000, -6.123233995736766036E-17, -0.09999999999999978351 ) ) ;
#2165 = TOROIDAL_SURFACE ( 'NONE', #2956, 0.4933910222725038652, 0.02018229166666666782 ) ;
#2166 = CARTESIAN_POINT ( 'NONE',  ( 0.1489315150786608422, 0.04036458333333332871, -0.1799999999999999933 ) ) ;
#2167 = CARTESIAN_POINT ( 'NONE',  ( 1.962574272291876470E-17, -0.1068375672974062052, -0.06249999999999981265 ) ) ;
#2168 = CIRCLE ( 'NONE', #2663, 0.02018229166666668517 ) ;
#2169 = CARTESIAN_POINT ( 'NONE',  ( -0.1249999999999999306, -0.07216878364870328577, -0.1020833333333330262 ) ) ;
#2170 = CARTESIAN_POINT ( 'NONE',  ( -0.1489315150786608422, -0.04036458333333332177, -0.1799999999999999933 ) ) ;
#2171 = VECTOR ( 'NONE', #2888, 39.37007874015748143 ) ;
#2172 = EDGE_CURVE ( 'NONE', #744, #864, #2911, .T. ) ;
#2173 = EDGE_CURVE ( 'NONE', #650, #2641, #1558, .T. ) ;
#2174 = CARTESIAN_POINT ( 'NONE',  ( 0.1516645914438715104, 0.05070932576553455196, -0.1797360767201350851 ) ) ;
#2175 = ORIENTED_EDGE ( 'NONE', *, *, #262, .T. ) ;
#2176 = ORIENTED_EDGE ( 'NONE', *, *, #2833, .T. ) ;
#2177 = FACE_OUTER_BOUND ( 'NONE', #2586, .T. ) ;
#2178 = ORIENTED_EDGE ( 'NONE', *, *, #2215, .F. ) ;
#2179 = CARTESIAN_POINT ( 'NONE',  ( 0.2071815987178526330, 0.06054687500000000000, -0.07496444830734316778 ) ) ;
#2180 = CARTESIAN_POINT ( 'NONE',  ( -3.359381677555098053E-16, 0.1443375672974064328, -0.1124999999999997391 ) ) ;
#2181 = CYLINDRICAL_SURFACE ( 'NONE', #1346, 0.2922932180726093843 ) ;
#2182 = EDGE_CURVE ( 'NONE', #2064, #1782, #2444, .T. ) ;
#2183 = CARTESIAN_POINT ( 'NONE',  ( -0.1489315150786608422, -0.04036458333333332177, -0.1799999999999999933 ) ) ;
#2184 = LINE ( 'NONE', #797, #1404 ) ;
#2185 = CYLINDRICAL_SURFACE ( 'NONE', #328, 0.1250000000000000000 ) ;
#2186 = CARTESIAN_POINT ( 'NONE',  ( 0.2604859517817782466, -0.04036458333333332177, 0.01357331393917055561 ) ) ;
#2187 = ORIENTED_EDGE ( 'NONE', *, *, #1538, .T. ) ;
#2188 = ORIENTED_EDGE ( 'NONE', *, *, #399, .F. ) ;
#2189 = ORIENTED_EDGE ( 'NONE', *, *, #1374, .T. ) ;
#2190 = EDGE_CURVE ( 'NONE', #1526, #2794, #954, .T. ) ;
#2191 = B_SPLINE_CURVE_WITH_KNOTS ( 'NONE', 3,
 ( #2703, #1569, #2658, #2468 ),
 .UNSPECIFIED., .F., .F.,
 ( 4, 4 ),
 ( 0.002743415028892260462, 0.006287033454843969811 ),
 .UNSPECIFIED. ) ;
#2192 = DIRECTION ( 'NONE',  ( 1.000000000000000000, 0.000000000000000000, -3.383966546990571645E-15 ) ) ;
#2193 = CARTESIAN_POINT ( 'NONE',  ( -0.1250000000000000000, 1.530808498934191509E-17, -0.5000000000000000000 ) ) ;
#2194 = CARTESIAN_POINT ( 'NONE',  ( 0.2421875000000000278, -0.04036458333333332177, -0.01349999999999999985 ) ) ;
#2195 = CARTESIAN_POINT ( 'NONE',  ( 1.962574272291876470E-17, -0.1068375672974062052, -0.2624999999999993450 ) ) ;
#2196 = CARTESIAN_POINT ( 'NONE',  ( -0.1102123412263475294, 0.000000000000000000, -0.01478765877365241510 ) ) ;
#2197 = ORIENTED_EDGE ( 'NONE', *, *, #2740, .F. ) ;
#2198 = VERTEX_POINT ( 'NONE', #2024 ) ;
#2199 = FACE_OUTER_BOUND ( 'NONE', #1849, .T. ) ;
#2200 = VECTOR ( 'NONE', #2253, 39.37007874015748854 ) ;
#2201 = CARTESIAN_POINT ( 'NONE',  ( -0.06249999999999966693, -0.1082531754730550050, -0.1416666666666663854 ) ) ;
#2202 = ADVANCED_FACE ( 'NONE', ( #1519 ), #1044, .T. ) ;
#2203 = CARTESIAN_POINT ( 'NONE',  ( 0.2376021605957364946, 0.04036458333333332871, -0.01349999999999999985 ) ) ;
#2204 = DIRECTION ( 'NONE',  ( 0.000000000000000000, 1.000000000000000000, 0.000000000000000000 ) ) ;
#2205 = AXIS2_PLACEMENT_3D ( 'NONE', #1894, #1937, #2883 ) ;
#2206 = CARTESIAN_POINT ( 'NONE',  ( -0.09252404735808331115, -0.05341878364870315116, -0.1708333333333329485 ) ) ;
#2207 = CARTESIAN_POINT ( 'NONE',  ( 0.06250000000000016653, -0.1082531754730547136, -0.08333333333333316217 ) ) ;
#2208 = CIRCLE ( 'NONE', #2063, 0.1250000000000000000 ) ;
#2209 = CARTESIAN_POINT ( 'NONE',  ( 0.06249999999999995837, 0.1082531754730548107, -0.1229166666666663132 ) ) ;
#2210 = CARTESIAN_POINT ( 'NONE',  ( 0.06249999999999995837, 0.1082531754730548107, -0.07291666666666642149 ) ) ;
#2211 = CARTESIAN_POINT ( 'NONE',  ( -0.2413050481046799811, 2.955134547794944816E-17, -0.01008647131817906953 ) ) ;
#2212 = AXIS2_PLACEMENT_3D ( 'NONE', #968, #2351, #2621 ) ;
#2213 = ORIENTED_EDGE ( 'NONE', *, *, #1721, .T. ) ;
#2214 = EDGE_LOOP ( 'NONE', ( #16, #2524, #620, #2188 ) ) ;
#2215 = EDGE_CURVE ( 'NONE', #744, #741, #600, .T. ) ;
#2216 = DIRECTION ( 'NONE',  ( -0.000000000000000000, -1.000000000000000000, -0.000000000000000000 ) ) ;
#2217 = CARTESIAN_POINT ( 'NONE',  ( -0.09252404735808332503, 0.05341878364870308177, -0.03541666666666656166 ) ) ;
#2218 = EDGE_LOOP ( 'NONE', ( #500, #1121, #558, #1670 ) ) ;
#2219 = LINE ( 'NONE', #2882, #2352 ) ;
#2220 = CARTESIAN_POINT ( 'NONE',  ( 6.186688892561956798E-17, -0.1443375672974064328, -0.08749999999999980016 ) ) ;
#2221 = CARTESIAN_POINT ( 'NONE',  ( 0.2421875000000000278, 0.000000000000000000, 0.000000000000000000 ) ) ;
#2222 = CARTESIAN_POINT ( 'NONE',  ( 0.1249999999999999584, 1.530808498934191201E-17, -0.03124999999999984734 ) ) ;
#2223 = EDGE_CURVE ( 'NONE', #1757, #434, #140, .T. ) ;
#2224 = ORIENTED_EDGE ( 'NONE', *, *, #1517, .F. ) ;
#2225 = FACE_OUTER_BOUND ( 'NONE', #2304, .T. ) ;
#2226 = DIRECTION ( 'NONE',  ( 1.000000000000000000, 0.000000000000000000, 0.000000000000000000 ) ) ;
#2227 = SURFACE_SIDE_STYLE ('',( #1052 ) ) ;
#2228 = CARTESIAN_POINT ( 'NONE',  ( 0.09252404735808335279, -0.05341878364870306095, -0.1104166666666663993 ) ) ;
#2229 = VERTEX_POINT ( 'NONE', #824 ) ;
#2230 = CARTESIAN_POINT ( 'NONE',  ( 0.5288628472222222099, 0.04036458333333332871, -0.3843117960914554931 ) ) ;
#2231 = DIRECTION ( 'NONE',  ( 0.000000000000000000, 0.000000000000000000, 1.000000000000000000 ) ) ;
#2232 = EDGE_CURVE ( 'NONE', #2656, #30, #577, .T. ) ;
#2233 = FACE_OUTER_BOUND ( 'NONE', #1422, .T. ) ;
#2234 = CARTESIAN_POINT ( 'NONE',  ( -0.06250000000000000000, 0.1082531754730547829, 0.03541666666666667962 ) ) ;
#2235 = DIRECTION ( 'NONE',  ( 0.000000000000000000, 0.000000000000000000, -1.000000000000000000 ) ) ;
#2236 = ADVANCED_FACE ( 'NONE', ( #402 ), #158, .F. ) ;
#2237 = EDGE_CURVE ( 'NONE', #716, #680, #880, .T. ) ;
#2238 = EDGE_LOOP ( 'NONE', ( #1493, #1046, #1211, #2277 ) ) ;
#2239 = ORIENTED_EDGE ( 'NONE', *, *, #1268, .T. ) ;
#2240 = CARTESIAN_POINT ( 'NONE',  ( 0.5363867100727401915, 0.06054687500000000000, -0.3954663814860762128 ) ) ;
#2241 = CARTESIAN_POINT ( 'NONE',  ( -0.06250000000000001388, 0.1082531754730548246, -0.3083333333333326820 ) ) ;
#2242 = CARTESIAN_POINT ( 'NONE',  ( 0.03462122227674546693, 0.1131703032323797403, -0.1751487096162864521 ) ) ;
#2243 = CARTESIAN_POINT ( 'NONE',  ( 0.09252404735808332503, 1.133092784412348612E-17, -0.006249999999999950040 ) ) ;
#2244 = VERTEX_POINT ( 'NONE', #1805 ) ;
#2245 = CARTESIAN_POINT ( 'NONE',  ( -0.1250000000000000000, 0.000000000000000000, 0.000000000000000000 ) ) ;
#2246 = DIRECTION ( 'NONE',  ( -0.6330808368971577726, -0.000000000000000000, -0.7740856890251843758 ) ) ;
#2247 = CARTESIAN_POINT ( 'NONE',  ( -0.09252404735808331115, -0.05341878364870315116, -0.2208333333333327986 ) ) ;
#2248 = CIRCLE ( 'NONE', #602, 0.1658838417420686884 ) ;
#2249 = CARTESIAN_POINT ( 'NONE',  ( -0.09325370736452390230, -0.01336786075753698677, -0.03102631925754163744 ) ) ;
#2250 = CIRCLE ( 'NONE', #839, 0.2398253060848000717 ) ;
#2251 = EDGE_CURVE ( 'NONE', #864, #1183, #1586, .T. ) ;
#2252 = CIRCLE ( 'NONE', #1824, 0.03363715277777774848 ) ;
#2253 = DIRECTION ( 'NONE',  ( -0.2588190451025140226, 0.000000000000000000, 0.9659258262890699775 ) ) ;
#2254 = CARTESIAN_POINT ( 'NONE',  ( 0.2604859517817783021, -0.04036458333333332177, -0.5000000000000000000 ) ) ;
#2255 = ADVANCED_BREP_SHAPE_REPRESENTATION ( '90866A029_Zinc-Plated Steel Wing Nut_90866A029', ( #1191, #401 ), #259 ) ;
#2256 = ADVANCED_FACE ( 'NONE', ( #1580 ), #2983, .F. ) ;
#2257 = ORIENTED_EDGE ( 'NONE', *, *, #1604, .T. ) ;
#2258 = EDGE_CURVE ( 'NONE', #154, #2625, #2469, .T. ) ;
#2259 = VECTOR ( 'NONE', #276, 39.37007874015748143 ) ;
#2260 = CARTESIAN_POINT ( 'NONE',  ( -0.09660942480495754436, 0.03761191681622456234, -0.02162348607286025334 ) ) ;
#2261 = CARTESIAN_POINT ( 'NONE',  ( 0.2421874999999998612, -0.06054687500000000000, -0.3057932180726094518 ) ) ;
#2262 = DIRECTION ( 'NONE',  ( -1.000000000000000000, 0.000000000000000000, 0.000000000000000000 ) ) ;
#2263 = DIRECTION ( 'NONE',  ( -1.000000000000000000, 0.000000000000000000, 0.000000000000000000 ) ) ;
#2264 = CARTESIAN_POINT ( 'NONE',  ( 0.04626202367904170415, -0.08012817547305460530, -0.06458333333333315940 ) ) ;
#2265 = ORIENTED_EDGE ( 'NONE', *, *, #2338, .T. ) ;
#2266 = CARTESIAN_POINT ( 'NONE',  ( 0.1249999999999999722, 0.07216878364870328577, -0.1208333333333330706 ) ) ;
#2267 = CARTESIAN_POINT ( 'NONE',  ( 0.4528246739582253988, 0.06054687500000000000, -0.1335250050546745448 ) ) ;
#2268 = CARTESIAN_POINT ( 'NONE',  ( 0.1856385748699347638, -0.06054687500000000000, -0.1161785634444379156 ) ) ;
#2269 = VERTEX_POINT ( 'NONE', #2203 ) ;
#2270 = CARTESIAN_POINT ( 'NONE',  ( 0.04626202367904170415, -0.08012817547305460530, -0.3145833333333326598 ) ) ;
#2271 = CARTESIAN_POINT ( 'NONE',  ( 0.04626202367904140578, 0.08012817547305478572, -0.1479166666666663077 ) ) ;
#2272 = DIRECTION ( 'NONE',  ( 0.000000000000000000, 0.000000000000000000, 1.000000000000000000 ) ) ;
#2273 = DIRECTION ( 'NONE',  ( 0.000000000000000000, -0.000000000000000000, 1.000000000000000000 ) ) ;
#2274 = DIRECTION ( 'NONE',  ( 0.000000000000000000, 1.000000000000000000, 0.000000000000000000 ) ) ;
#2275 = DIRECTION ( 'NONE',  ( -0.000000000000000000, -0.000000000000000000, 1.000000000000000000 ) ) ;
#2276 = ADVANCED_FACE ( 'NONE', ( #819 ), #1542, .F. ) ;
#2277 = ORIENTED_EDGE ( 'NONE', *, *, #189, .T. ) ;
#2279 = EDGE_CURVE ( 'NONE', #800, #826, #1813, .T. ) ;
#2278 = CARTESIAN_POINT ( 'NONE',  ( -0.1237098786196012407, 0.01532649715930099049, -0.0005779606123413269254 ) ) ;
#2280 = CARTESIAN_POINT ( 'NONE',  ( 0.1489315150786608699, -0.04036458333333332177, -0.01350000000000000852 ) ) ;
#2281 = CARTESIAN_POINT ( 'NONE',  ( 0.1250000000000000000, -0.07216878364870316087, -0.2854166666666659857 ) ) ;
#2282 = CARTESIAN_POINT ( 'NONE',  ( -0.1551946857513474276, -0.05568963530658668087, -0.1764783510286964396 ) ) ;
#2283 = CARTESIAN_POINT ( 'NONE',  ( -8.838126989374223777E-18, 0.1443375672974064328, -0.06249999999999986122 ) ) ;
#2284 = CARTESIAN_POINT ( 'NONE',  ( -0.2604859517817782466, -0.06054687500000000000, 0.01357331393917055561 ) ) ;
#2285 = CARTESIAN_POINT ( 'NONE',  ( -0.1551939354504693058, 0.05568871041122658988, -0.1764803871678634339 ) ) ;
#2286 = ORIENTED_EDGE ( 'NONE', *, *, #219, .F. ) ;
#2287 = CARTESIAN_POINT ( 'NONE',  ( -3.712906757130066450E-16, 0.1443375672974064328, -0.1624999999999996725 ) ) ;
#2288 = ADVANCED_FACE ( 'NONE', ( #1763 ), #2788, .T. ) ;
#2289 = VERTEX_POINT ( 'NONE', #2267 ) ;
#2290 = DIRECTION ( 'NONE',  ( 1.000000000000000000, 0.000000000000000000, -9.154399031227591509E-17 ) ) ;
#2291 = CARTESIAN_POINT ( 'NONE',  ( -0.5363867100727401915, 0.06054687500000000000, -0.3954663814860762128 ) ) ;
#2292 = VERTEX_POINT ( 'NONE', #1533 ) ;
#2293 = CYLINDRICAL_SURFACE ( 'NONE', #1351, 0.03363715277777774848 ) ;
#2294 = DIRECTION ( 'NONE',  ( -0.000000000000000000, -1.000000000000000000, -0.000000000000000000 ) ) ;
#2295 = CIRCLE ( 'NONE', #3000, 0.03363715277777774848 ) ;
#2296 = CARTESIAN_POINT ( 'NONE',  ( 0.04626202367904180823, -0.08012817547305456367, -0.1145833333333330512 ) ) ;
#2297 = CARTESIAN_POINT ( 'NONE',  ( -0.06249999999999988898, -0.1082531754730548523, -0.1979166666666661856 ) ) ;
#2298 = DIRECTION ( 'NONE',  ( 1.000000000000000000, 0.000000000000000000, -3.383966546990571645E-15 ) ) ;
#2299 = AXIS2_PLACEMENT_3D ( 'NONE', #2078, #28, #231 ) ;
#2300 = ORIENTED_EDGE ( 'NONE', *, *, #1515, .T. ) ;
#2301 = CARTESIAN_POINT ( 'NONE',  ( 0.09252404735808335279, -0.05341878364870306095, -0.2104166666666661689 ) ) ;
#2302 = AXIS2_PLACEMENT_3D ( 'NONE', #1744, #828, #2671 ) ;
#2303 = AXIS2_PLACEMENT_3D ( 'NONE', #713, #464, #1653 ) ;
#2304 = EDGE_LOOP ( 'NONE', ( #1022, #129, #2143, #2716 ) ) ;
#2305 = CYLINDRICAL_SURFACE ( 'NONE', #1300, 0.03363715277777774848 ) ;
#2306 = DIRECTION ( 'NONE',  ( 0.000000000000000000, 0.000000000000000000, -1.000000000000000000 ) ) ;
#2307 = VECTOR ( 'NONE', #1460, 39.37007874015748143 ) ;
#2308 = ADVANCED_FACE ( 'NONE', ( #1320 ), #2766, .T. ) ;
#2309 = DIRECTION ( 'NONE',  ( 0.000000000000000000, 0.000000000000000000, -1.000000000000000000 ) ) ;
#2310 = ORIENTED_EDGE ( 'NONE', *, *, #776, .F. ) ;
#2311 = CARTESIAN_POINT ( 'NONE',  ( 0.2604859517817783021, 0.04036458333333332871, -0.4663628472222222654 ) ) ;
#2312 = AXIS2_PLACEMENT_3D ( 'NONE', #451, #2246, #1800 ) ;
#2313 =( LENGTH_UNIT ( ) NAMED_UNIT ( * ) SI_UNIT ( $, .METRE. ) );
#2314 = VECTOR ( 'NONE', #2630, 39.37007874015748854 ) ;
#2315 = DIRECTION ( 'NONE',  ( -0.9659258262890698665, 0.000000000000000000, -0.2588190451025152439 ) ) ;
#2316 = CARTESIAN_POINT ( 'NONE',  ( -0.09252404735808331115, -0.05341878364870315116, -0.02083333333333323156 ) ) ;
#2317 = CARTESIAN_POINT ( 'NONE',  ( -0.09252404735808336667, 0.05341878364870299156, -0.08541666666666647423 ) ) ;
#2318 = DIRECTION ( 'NONE',  ( 0.5591929034707482371, 0.000000000000000000, -0.8290375725550408470 ) ) ;
#2319 = ADVANCED_FACE ( 'NONE', ( #2475 ), #2071, .T. ) ;
#2320 = LINE ( 'NONE', #1652, #43 ) ;
#2321 = DIRECTION ( 'NONE',  ( -1.000000000000000000, 0.000000000000000000, 0.000000000000000000 ) ) ;
#2322 = ORIENTED_EDGE ( 'NONE', *, *, #330, .F. ) ;
#2323 = DIRECTION ( 'NONE',  ( 1.000000000000000000, 0.000000000000000000, 0.000000000000000000 ) ) ;
#2324 = ORIENTED_EDGE ( 'NONE', *, *, #2678, .F. ) ;
#2325 = CARTESIAN_POINT ( 'NONE',  ( 0.1100545816699634999, -0.01493975875043853166, -0.1678214781294198876 ) ) ;
#2326 = CARTESIAN_POINT ( 'NONE',  ( -0.1249999999999999584, -0.07216878364870328577, -0.04583333333333323295 ) ) ;
#2327 = VERTEX_POINT ( 'NONE', #2003 ) ;
#2328 = CARTESIAN_POINT ( 'NONE',  ( 0.09315132224958763696, -0.006604537944225913337, -0.1501513222495870215 ) ) ;
#2329 = DIRECTION ( 'NONE',  ( 0.000000000000000000, 0.000000000000000000, 1.000000000000000000 ) ) ;
#2330 = CARTESIAN_POINT ( 'NONE',  ( 0.1559303775463866670, -0.05659652206053825824, -0.1744818574584447168 ) ) ;
#2331 = CARTESIAN_POINT ( 'NONE',  ( -0.1249999999999999167, -0.07216878364870328577, -0.2520833333333327153 ) ) ;
#2332 = EDGE_CURVE ( 'NONE', #1996, #1768, #275, .T. ) ;
#2333 = CARTESIAN_POINT ( 'NONE',  ( -0.04626202367904141965, -0.08012817547305478572, -0.1166666666666663632 ) ) ;
#2334 = DIRECTION ( 'NONE',  ( -0.000000000000000000, -1.000000000000000000, -0.000000000000000000 ) ) ;
#2335 = PRODUCT_DEFINITION_SHAPE ( 'NONE', 'NONE',  #131 ) ;
#2336 = CARTESIAN_POINT ( 'NONE',  ( -0.09252404735808332503, 0.000000000000000000, -0.3312499999999993228 ) ) ;
#2337 = EDGE_CURVE ( 'NONE', #1658, #1271, #1200, .T. ) ;
#2338 = EDGE_CURVE ( 'NONE', #2861, #1004, #2191, .T. ) ;
#2339 = DIRECTION ( 'NONE',  ( -0.000000000000000000, -1.000000000000000000, -0.000000000000000000 ) ) ;
#2340 = ORIENTED_EDGE ( 'NONE', *, *, #613, .T. ) ;
#2341 = CARTESIAN_POINT ( 'NONE',  ( 0.09309498780196404089, -0.07895447775394706658, -0.1788398276291907341 ) ) ;
#2342 = CARTESIAN_POINT ( 'NONE',  ( 0.000000000000000000, 0.000000000000000000, -0.5000000000000000000 ) ) ;
#2343 = ORIENTED_EDGE ( 'NONE', *, *, #2738, .T. ) ;
#2344 = CARTESIAN_POINT ( 'NONE',  ( 0.09886456404176985346, 0.05234545635982344736, -0.01340069224193033912 ) ) ;
#2345 = FACE_OUTER_BOUND ( 'NONE', #2089, .T. ) ;
#2346 = DIRECTION ( 'NONE',  ( 0.2588190451025140781, 0.000000000000000000, -0.9659258262890701996 ) ) ;
#2347 = CARTESIAN_POINT ( 'NONE',  ( -8.838126989374222236E-18, 0.1443375672974063773, -0.1187499999999996614 ) ) ;
#2348 = DIRECTION ( 'NONE',  ( 1.000000000000000000, 0.000000000000000000, 0.000000000000000000 ) ) ;
#2349 = CARTESIAN_POINT ( 'NONE',  ( -0.2421874999999998612, -0.04036458333333332177, -0.3057932180726094518 ) ) ;
#2350 = EDGE_CURVE ( 'NONE', #54, #1684, #1880, .T. ) ;
#2351 = DIRECTION ( 'NONE',  ( -1.000000000000000000, 0.000000000000000000, 0.000000000000000000 ) ) ;
#2352 = VECTOR ( 'NONE', #1117, 39.37007874015748143 ) ;
#2353 = CARTESIAN_POINT ( 'NONE',  ( -0.1580126618374205483, 0.05916335242853769383, -0.1688310302694910336 ) ) ;
#2354 = EDGE_CURVE ( 'NONE', #2483, #2229, #2712, .T. ) ;
#2355 = EDGE_LOOP ( 'NONE', ( #1066, #309, #1788, #2092, #2543 ) ) ;
#2356 = AXIS2_PLACEMENT_3D ( 'NONE', #2915, #1072, #1995 ) ;
#2357 = CARTESIAN_POINT ( 'NONE',  ( 0.04626202367904140578, 0.08012817547305478572, -0.1416666666666663021 ) ) ;
#2358 = ORIENTED_EDGE ( 'NONE', *, *, #2816, .F. ) ;
#2359 = VECTOR ( 'NONE', #1478, 39.37007874015748143 ) ;
#2360 = ORIENTED_EDGE ( 'NONE', *, *, #1540, .F. ) ;
#2361 = CARTESIAN_POINT ( 'NONE',  ( 0.009035987238963337498, 0.1165721377770121830, -0.008332835130360812664 ) ) ;
#2362 = CARTESIAN_POINT ( 'NONE',  ( -0.2376021605957364946, 0.04036458333333332871, -0.01349999999999999985 ) ) ;
#2363 = AXIS2_PLACEMENT_3D ( 'NONE', #1014, #2662, #341 ) ;
#2364 = VECTOR ( 'NONE', #2752, 39.37007874015748143 ) ;
#2365 = CARTESIAN_POINT ( 'NONE',  ( 0.4684474971091242557, 0.04036458333333332871, -0.1207479829558386758 ) ) ;
#2366 = CARTESIAN_POINT ( 'NONE',  ( -0.09252404735808335279, 0.05341878364870308871, -0.07916666666666644092 ) ) ;
#2367 = AXIS2_PLACEMENT_3D ( 'NONE', #362, #1928, #774 ) ;
#2368 = CARTESIAN_POINT ( 'NONE',  ( 0.06250000000000004163, -0.1082531754730547691, -0.08958333333333305670 ) ) ;
#2369 = DIRECTION ( 'NONE',  ( -5.270718877837813499E-15, 0.000000000000000000, 1.000000000000000000 ) ) ;
#2370 = FACE_OUTER_BOUND ( 'NONE', #2107, .T. ) ;
#2371 = ORIENTED_EDGE ( 'NONE', *, *, #1904, .T. ) ;
#2372 = DIRECTION ( 'NONE',  ( 0.7740856890251839317, 0.000000000000000000, 0.6330808368971583278 ) ) ;
#2373 = ORIENTED_EDGE ( 'NONE', *, *, #2279, .T. ) ;
#2374 = CARTESIAN_POINT ( 'NONE',  ( 0.2376021605957364946, -0.04036458333333330789, -0.01349999999999999985 ) ) ;
#2375 = ORIENTED_EDGE ( 'NONE', *, *, #2843, .T. ) ;
#2376 = CARTESIAN_POINT ( 'NONE',  ( -0.03667958158851776507, 0.1131615299009520459, -0.006291327367582431711 ) ) ;
#2377 = CARTESIAN_POINT ( 'NONE',  ( -0.09252404735808324177, -0.05341878364870324830, -0.07708333333333314275 ) ) ;
#2378 = ADVANCED_FACE ( 'NONE', ( #395 ), #1325, .T. ) ;
#2379 = ADVANCED_FACE ( 'NONE', ( #2780 ), #1345, .F. ) ;
#2380 = B_SPLINE_CURVE_WITH_KNOTS ( 'NONE', 3,
 ( #2802, #2083, #2754, #21, #929, #1804, #1118, #1352, #6, #2039, #2527, #2976, #1573, #899, #2557, #2493, #1102, #400, #643, #1817, #3003, #2785, #1333, #913, #1367, #673, #455, #2249, #685, #1584 ),
 .UNSPECIFIED., .F., .F.,
 ( 4, 2, 2, 2, 2, 2, 2, 2, 2, 2, 2, 2, 2, 2, 4 ),
 ( 0.009313732645678583430, 0.009816704964964112837, 0.01031967728424964224, 0.01082264960353516992, 0.01132562192282069932, 0.01233156656139175814, 0.01333751119996281695, 0.01384048351924834636, 0.01434345583853387576, 0.01484642815781940517, 0.01534940047710493458, 0.01585237279639046398, 0.01635534511567599339, 0.01685831743496152280, 0.01736128975424705220 ),
 .UNSPECIFIED. ) ;
#2381 = FACE_OUTER_BOUND ( 'NONE', #767, .T. ) ;
#2382 = CARTESIAN_POINT ( 'NONE',  ( -0.1607394002069724437, -0.06017845127259147109, -0.1630107458448502022 ) ) ;
#2383 = CARTESIAN_POINT ( 'NONE',  ( -0.1249999999999999584, 0.000000000000000000, -0.05624999999999979322 ) ) ;
#2384 = B_SPLINE_CURVE_WITH_KNOTS ( 'NONE', 3,
 ( #1357, #2268, #195, #1485 ),
 .UNSPECIFIED., .F., .F.,
 ( 4, 4 ),
 ( 0.006093477148955401754, 0.009629819590618763497 ),
 .UNSPECIFIED. ) ;
#2385 = DIRECTION ( 'NONE',  ( 0.000000000000000000, 1.000000000000000000, 0.000000000000000000 ) ) ;
#2386 = CARTESIAN_POINT ( 'NONE',  ( 0.1250000000000000000, 1.530808498934191509E-17, -0.07499999999999984457 ) ) ;
#2387 = DIRECTION ( 'NONE',  ( 0.000000000000000000, 0.000000000000000000, 1.000000000000000000 ) ) ;
#2388 = ORIENTED_EDGE ( 'NONE', *, *, #1424, .T. ) ;
#2389 = CARTESIAN_POINT ( 'NONE',  ( 0.1232811296224259195, 0.02065824481940834248, -0.1799999999999999933 ) ) ;
#2390 = ORIENTED_EDGE ( 'NONE', *, *, #2350, .T. ) ;
#2391 = ORIENTED_EDGE ( 'NONE', *, *, #187, .F. ) ;
#2392 = FACE_OUTER_BOUND ( 'NONE', #957, .T. ) ;
#2393 = DIRECTION ( 'NONE',  ( 1.000000000000000000, 0.000000000000000000, 9.154399031227591509E-17 ) ) ;
#2394 = EDGE_CURVE ( 'NONE', #647, #154, #1507, .T. ) ;
#2395 = CARTESIAN_POINT ( 'NONE',  ( 0.09252404735808332503, 0.05341878364870312340, -0.04583333333333318438 ) ) ;
#2396 = DIRECTION ( 'NONE',  ( 0.000000000000000000, 1.000000000000000000, 0.000000000000000000 ) ) ;
#2397 = LINE ( 'NONE', #1205, #2901 ) ;
#2398 = CARTESIAN_POINT ( 'NONE',  ( 0.1147346418511374505, 0.04406096522032898477, -0.1797106722046924454 ) ) ;
#2399 = DIRECTION ( 'NONE',  ( 1.000000000000000000, 0.000000000000000000, 0.000000000000000000 ) ) ;
#2400 = ORIENTED_EDGE ( 'NONE', *, *, #588, .T. ) ;
#2401 = CARTESIAN_POINT ( 'NONE',  ( 2.651438096812266671E-17, -0.1443375672974063773, -0.1437499999999996003 ) ) ;
#2402 = CIRCLE ( 'NONE', #171, 0.02018229166666666435 ) ;
#2403 = ORIENTED_EDGE ( 'NONE', *, *, #1968, .F. ) ;
#2404 = CIRCLE ( 'NONE', #553, 0.2410064030424000359 ) ;
#2405 = ORIENTED_EDGE ( 'NONE', *, *, #1802, .T. ) ;
#2406 = CARTESIAN_POINT ( 'NONE',  ( 0.1249999999999999722, 0.07216878364870328577, -0.2708333333333327597 ) ) ;
#2407 = AXIS2_PLACEMENT_3D ( 'NONE', #1481, #152, #2426 ) ;
#2408 = EDGE_CURVE ( 'NONE', #742, #2481, #710, .T. ) ;
#2409 = ORIENTED_EDGE ( 'NONE', *, *, #1087, .T. ) ;
#2410 = AXIS2_PLACEMENT_3D ( 'NONE', #235, #2552, #33 ) ;
#2411 = DIRECTION ( 'NONE',  ( 0.000000000000000000, -1.000000000000000000, -0.000000000000000000 ) ) ;
#2412 = AXIS2_PLACEMENT_3D ( 'NONE', #1812, #2500, #2262 ) ;
#2413 = CARTESIAN_POINT ( 'NONE',  ( 0.000000000000000000, 0.000000000000000000, 0.000000000000000000 ) ) ;
#2414 = DIRECTION ( 'NONE',  ( -0.9659258262890700886, 0.000000000000000000, 0.2588190451025140781 ) ) ;
#2415 = CONICAL_SURFACE ( 'NONE', #2822, 0.2328414937417158104, 0.6981317007977243527 ) ;
#2416 = CARTESIAN_POINT ( 'NONE',  ( -0.2297959015751200040, 0.06054687500000183881, -0.03136204920820820363 ) ) ;
#2417 = EDGE_CURVE ( 'NONE', #2828, #1327, #1098, .T. ) ;
#2418 = ADVANCED_FACE ( 'NONE', ( #422 ), #2120, .T. ) ;
#2419 = ORIENTED_EDGE ( 'NONE', *, *, #2701, .T. ) ;
#2420 = CARTESIAN_POINT ( 'NONE',  ( 0.1489315150786608422, -0.04036458333333332177, -0.1799999999999999933 ) ) ;
#2421 = ORIENTED_EDGE ( 'NONE', *, *, #2873, .T. ) ;
#2422 = ORIENTED_EDGE ( 'NONE', *, *, #2505, .F. ) ;
#2423 = CARTESIAN_POINT ( 'NONE',  ( 0.5423177083333333703, -0.04036458333333332871, -0.3843117960914555487 ) ) ;
#2424 = CARTESIAN_POINT ( 'NONE',  ( -0.06249999999999990286, -0.1082531754730548801, -0.2416666666666661689 ) ) ;
#2425 = CARTESIAN_POINT ( 'NONE',  ( -0.1250000000000000278, 0.07216878364870307760, -0.1041666666666664492 ) ) ;
#2426 = DIRECTION ( 'NONE',  ( 0.000000000000000000, 0.000000000000000000, 1.000000000000000000 ) ) ;
#2427 = CARTESIAN_POINT ( 'NONE',  ( 0.1492598118578706556, 0.04448767212347098932, -0.1799999999999999933 ) ) ;
#2428 = CARTESIAN_POINT ( 'NONE',  ( 1.962574272291876470E-17, -0.1068375672974062052, -0.1624999999999996170 ) ) ;
#2429 = CARTESIAN_POINT ( 'NONE',  ( 0.09252404735808332503, 2.210103635541414168E-16, -0.09999999999999971412 ) ) ;
#2430 = DIRECTION ( 'NONE',  ( -0.000000000000000000, -1.000000000000000000, -0.000000000000000000 ) ) ;
#2431 = CARTESIAN_POINT ( 'NONE',  ( -0.1125742430561899321, -0.01524485443345626433, -0.01242575694381020668 ) ) ;
#2432 = ORIENTED_EDGE ( 'NONE', *, *, #639, .F. ) ;
#2433 = VERTEX_POINT ( 'NONE', #172 ) ;
#2434 = CARTESIAN_POINT ( 'NONE',  ( -0.2071815918058698414, 0.06054687500000000000, -0.07496446163426449816 ) ) ;
#2435 = EDGE_LOOP ( 'NONE', ( #496, #2432, #655, #2096, #1932, #2472 ) ) ;
#2436 = CARTESIAN_POINT ( 'NONE',  ( 0.09252404735808324177, 0.05341878364870322748, -0.05208333333333318993 ) ) ;
#2437 = CARTESIAN_POINT ( 'NONE',  ( -0.1249999999999997224, -0.07216878364870367435, -0.1458333333333330095 ) ) ;
#2438 = CARTESIAN_POINT ( 'NONE',  ( 0.2310522934321277977, -0.06015879006002863849, -0.02913817766709860674 ) ) ;
#2439 = CARTESIAN_POINT ( 'NONE',  ( -0.09252404735808332503, 0.000000000000000000, 0.01874999999999999584 ) ) ;
#2440 = CARTESIAN_POINT ( 'NONE',  ( 0.09326530850422110053, -0.08140792412686452539, -0.1799999999999999933 ) ) ;
#2441 = CARTESIAN_POINT ( 'NONE',  ( -0.09252404735808335279, 0.000000000000000000, -0.2749999999999993561 ) ) ;
#2442 = CARTESIAN_POINT ( 'NONE',  ( -0.1249999999999999584, 0.000000000000000000, -0.1062499999999996919 ) ) ;
#2443 = CARTESIAN_POINT ( 'NONE',  ( -0.06249999999999988898, -0.1082531754730548523, -0.04791666666666646868 ) ) ;
#2444 =( BOUNDED_CURVE ( )  B_SPLINE_CURVE ( 2, ( #2442, #2724, #570, #358, #2209, #346, #2458 ),
 .UNSPECIFIED., .F., .T. ) 
 B_SPLINE_CURVE_WITH_KNOTS ( ( 3, 2, 2, 3 ),
 ( 0.4285714285714285476, 0.4523809523809523836, 0.4761904761904761640, 0.5000000000000000000 ),
 .UNSPECIFIED. ) 
 CURVE ( )  GEOMETRIC_REPRESENTATION_ITEM ( )  RATIONAL_B_SPLINE_CURVE ( ( 1.000000000000000000, 0.8660254037844387076, 1.000000000000000000, 0.8660254037844387076, 1.000000000000000000, 0.8660254037844387076, 1.000000000000000000 ) ) 
 REPRESENTATION_ITEM ( '' )  );
#2445 = ORIENTED_EDGE ( 'NONE', *, *, #964, .F. ) ;
#2446 = CARTESIAN_POINT ( 'NONE',  ( -0.1250000000000000000, -6.123233995736766036E-17, -0.09999999999999978351 ) ) ;
#2447 = ORIENTED_EDGE ( 'NONE', *, *, #1341, .F. ) ;
#2448 = CIRCLE ( 'NONE', #1548, 0.2721109264059426991 ) ;
#2449 =( LENGTH_UNIT ( ) NAMED_UNIT ( * ) SI_UNIT ( $, .METRE. ) );
#2450 = CARTESIAN_POINT ( 'NONE',  ( -0.09252404735808332503, 0.000000000000000000, -0.03124999999999989592 ) ) ;
#2451 = ORIENTED_EDGE ( 'NONE', *, *, #187, .T. ) ;
#2452 = DIRECTION ( 'NONE',  ( 0.000000000000000000, 0.000000000000000000, 1.000000000000000000 ) ) ;
#2453 = CIRCLE ( 'NONE', #1343, 0.2328414937417158104 ) ;
#2454 = CARTESIAN_POINT ( 'NONE',  ( 0.09252404735808335279, 1.133092784412348920E-17, -0.2999999999999993228 ) ) ;
#2455 = DIRECTION ( 'NONE',  ( 0.000000000000000000, 0.000000000000000000, -1.000000000000000000 ) ) ;
#2456 = FACE_OUTER_BOUND ( 'NONE', #161, .T. ) ;
#2457 = AXIS2_PLACEMENT_3D ( 'NONE', #2148, #2204, #311 ) ;
#2458 = CARTESIAN_POINT ( 'NONE',  ( 0.1249999999999999584, 1.530808498934191201E-17, -0.1312499999999996447 ) ) ;
#2459 = CARTESIAN_POINT ( 'NONE',  ( -0.06249999999999988898, -0.1082531754730548523, -0.09791666666666637431 ) ) ;
#2460 = AXIS2_PLACEMENT_3D ( 'NONE', #1248, #784, #1018 ) ;
#2461 = CARTESIAN_POINT ( 'NONE',  ( 0.1249999999999998751, 0.07216878364870341067, -0.07083333333333319271 ) ) ;
#2462 = AXIS2_PLACEMENT_3D ( 'NONE', #1206, #2141, #983 ) ;
#2463 = ORIENTED_EDGE ( 'NONE', *, *, #588, .F. ) ;
#2464 = CIRCLE ( 'NONE', #2520, 0.02018229166666668517 ) ;
#2465 = DIRECTION ( 'NONE',  ( -1.000000000000000000, 0.000000000000000000, -3.383966546990571645E-15 ) ) ;
#2466 = VERTEX_POINT ( 'NONE', #2967 ) ;
#2467 = DIRECTION ( 'NONE',  ( -0.000000000000000000, -0.000000000000000000, -1.000000000000000000 ) ) ;
#2468 = CARTESIAN_POINT ( 'NONE',  ( -0.1637145568013739505, -0.06054687500000000000, -0.1571926757814473830 ) ) ;
#2469 =( BOUNDED_CURVE ( )  B_SPLINE_CURVE ( 2, ( #1284, #636, #2503, #2921, #2749, #877, #594 ),
 .UNSPECIFIED., .F., .F. ) 
 B_SPLINE_CURVE_WITH_KNOTS ( ( 3, 2, 2, 3 ),
 ( 0.1639618973481861697, 0.1666666666666666574, 0.1904761904761904656, 0.2142857142857142738 ),
 .UNSPECIFIED. ) 
 CURVE ( )  GEOMETRIC_REPRESENTATION_ITEM ( )  RATIONAL_B_SPLINE_CURVE ( ( 0.9730187808731869392, 0.9847804441534141473, 1.000000000000000000, 0.8660254037844387076, 1.000000000000000000, 0.8660254037844387076, 1.000000000000000000 ) ) 
 REPRESENTATION_ITEM ( '' )  );
#2470 = CARTESIAN_POINT ( 'NONE',  ( -0.09129845084464391358, 0.01500973726915248718, -0.03247595264191657088 ) ) ;
#2471 = CARTESIAN_POINT ( 'NONE',  ( -6.541914240972920027E-18, 0.1068375672974061774, -0.09374999999999975020 ) ) ;
#2472 = ORIENTED_EDGE ( 'NONE', *, *, #1074, .F. ) ;
#2473 = LINE ( 'NONE', #1040, #1456 ) ;
#2474 = DIRECTION ( 'NONE',  ( -0.000000000000000000, -0.000000000000000000, 1.000000000000000000 ) ) ;
#2475 = FACE_OUTER_BOUND ( 'NONE', #435, .T. ) ;
#2476 = ADVANCED_FACE ( 'NONE', ( #2730 ), #2018, .F. ) ;
#2477 = ADVANCED_FACE ( 'NONE', ( #2994 ), #2305, .T. ) ;
#2478 = CYLINDRICAL_SURFACE ( 'NONE', #3006, 0.2922932180726093843 ) ;
#2479 = CARTESIAN_POINT ( 'NONE',  ( 0.09252404735808332503, 2.210103635541414168E-16, -0.1062499999999997197 ) ) ;
#2480 = CARTESIAN_POINT ( 'NONE',  ( 0.1250000000000000000, -0.07216878364870316087, -0.08541666666666639096 ) ) ;
#2481 = VERTEX_POINT ( 'NONE', #681 ) ;
#2482 = FACE_OUTER_BOUND ( 'NONE', #2790, .T. ) ;
#2483 = VERTEX_POINT ( 'NONE', #2032 ) ;
#2484 = CARTESIAN_POINT ( 'NONE',  ( -0.1489315150786608422, 0.04036458333333332871, -0.1799999999999999933 ) ) ;
#2485 = FACE_OUTER_BOUND ( 'NONE', #1344, .T. ) ;
#2486 = DIRECTION ( 'NONE',  ( 0.000000000000000000, 0.000000000000000000, 1.000000000000000000 ) ) ;
#2487 = CARTESIAN_POINT ( 'NONE',  ( -0.1250000000000000000, 0.07216878364870320250, -0.3041666666666660301 ) ) ;
#2488 = CARTESIAN_POINT ( 'NONE',  ( 0.000000000000000000, 0.000000000000000000, -0.1744818574584447168 ) ) ;
#2489 = CARTESIAN_POINT ( 'NONE',  ( -0.09252404735808328340, -0.05341878364870315116, -0.1270833333333330206 ) ) ;
#2490 = ORIENTED_EDGE ( 'NONE', *, *, #2056, .F. ) ;
#2491 = EDGE_CURVE ( 'NONE', #2966, #2198, #1599, .T. ) ;
#2492 = CARTESIAN_POINT ( 'NONE',  ( -0.09252404735808335279, 0.05341878364870308871, -0.1791666666666661967 ) ) ;
#2493 = CARTESIAN_POINT ( 'NONE',  ( -0.02000875195074139357, -0.09837681597736017136, -0.02482813029814555025 ) ) ;
#2494 = CARTESIAN_POINT ( 'NONE',  ( 0.1499086832239708289, -0.04646442789221875980, -0.1799999999999999933 ) ) ;
#2495 = CARTESIAN_POINT ( 'NONE',  ( 0.5476725043485169975, 0.04036458333333332871, -0.4121982595780073755 ) ) ;
#2496 = VERTEX_POINT ( 'NONE', #2065 ) ;
#2497 = CARTESIAN_POINT ( 'NONE',  ( -0.1006943972415826755, 0.04685565596514349590, -0.1678520714540106817 ) ) ;
#2498 = CARTESIAN_POINT ( 'NONE',  ( 0.000000000000000000, 0.000000000000000000, 0.000000000000000000 ) ) ;
#2499 = ORIENTED_EDGE ( 'NONE', *, *, #114, .T. ) ;
#2500 = DIRECTION ( 'NONE',  ( 0.000000000000000000, 0.000000000000000000, -1.000000000000000000 ) ) ;
#2501 = CARTESIAN_POINT ( 'NONE',  ( 0.04115727896228481286, 0.1112632336340520223, -0.1754363990370264026 ) ) ;
#2502 = CARTESIAN_POINT ( 'NONE',  ( 0.000000000000000000, 0.000000000000000000, 0.000000000000000000 ) ) ;
#2503 = CARTESIAN_POINT ( 'NONE',  ( -0.04626202367904170415, 0.08012817547305460530, -0.03333333333333320797 ) ) ;
#2504 = ORIENTED_EDGE ( 'NONE', *, *, #2215, .T. ) ;
#2505 = EDGE_CURVE ( 'NONE', #227, #1927, #1210, .T. ) ;
#2506 = CIRCLE ( 'NONE', #1911, 0.5135733139391704949 ) ;
#2507 = DIRECTION ( 'NONE',  ( 0.2588190451025140226, -0.000000000000000000, -0.9659258262890699775 ) ) ;
#2508 = TOROIDAL_SURFACE ( 'NONE', #1244, 0.4933910222725038652, 0.02018229166666666782 ) ;
#2509 = AXIS2_PLACEMENT_3D ( 'NONE', #1213, #2627, #2584 ) ;
#2510 = CARTESIAN_POINT ( 'NONE',  ( -0.09252404735808332503, -4.532371137649394447E-17, -0.08124999999999978073 ) ) ;
#2511 = CARTESIAN_POINT ( 'NONE',  ( -0.2421874999999998612, -0.04036458333333332177, -0.3057932180726094518 ) ) ;
#2512 = VERTEX_POINT ( 'NONE', #2240 ) ;
#2513 = VECTOR ( 'NONE', #2049, 39.37007874015748143 ) ;
#2514 = CARTESIAN_POINT ( 'NONE',  ( -0.1066672963218202597, 0.02728474397291229259, -0.1668895081853253581 ) ) ;
#2515 = EDGE_CURVE ( 'NONE', #560, #742, #1527, .T. ) ;
#2516 = EDGE_CURVE ( 'NONE', #226, #1567, #1883, .T. ) ;
#2517 = CARTESIAN_POINT ( 'NONE',  ( -0.09252404735808328340, 0.05341878364870303320, -0.1354166666666663799 ) ) ;
#2518 = AXIS2_PLACEMENT_3D ( 'NONE', #2779, #2549, #2486 ) ;
#2519 = ORIENTED_EDGE ( 'NONE', *, *, #703, .F. ) ;
#2520 = AXIS2_PLACEMENT_3D ( 'NONE', #1509, #1021, #321 ) ;
#2521 = CARTESIAN_POINT ( 'NONE',  ( 0.07177288178186495837, 0.09615669504766530262, -0.1767936862669664266 ) ) ;
#2522 = CARTESIAN_POINT ( 'NONE',  ( -0.5363867100727401915, -0.04036458333333332871, -0.3954663814860762128 ) ) ;
#2523 = CARTESIAN_POINT ( 'NONE',  ( 0.2376021605957364946, 0.04036458333333332871, -0.01349999999999999985 ) ) ;
#2524 = ORIENTED_EDGE ( 'NONE', *, *, #2182, .T. ) ;
#2525 = CARTESIAN_POINT ( 'NONE',  ( 0.2604859517817783021, -0.06054687500000000000, -0.4798177083333333148 ) ) ;
#2526 = LINE ( 'NONE', #1833, #1053 ) ;
#2527 = CARTESIAN_POINT ( 'NONE',  ( 0.05715519458576526907, -0.08803334693613086570, -0.02087069003141874685 ) ) ;
#2528 = DIRECTION ( 'NONE',  ( 1.000000000000000000, 0.000000000000000000, 9.154399031227591509E-17 ) ) ;
#2529 = CARTESIAN_POINT ( 'NONE',  ( -0.06250000000000000000, 0.1082531754730547829, -0.1145833333333329956 ) ) ;
#2530 = CARTESIAN_POINT ( 'NONE',  ( 0.5423177083333333703, 0.04036458333333332871, -0.3843117960914555487 ) ) ;
#2531 = CARTESIAN_POINT ( 'NONE',  ( -0.2340322307076514452, -0.05539437720863696346, -0.01959396871107952492 ) ) ;
#2532 = CARTESIAN_POINT ( 'NONE',  ( -0.09252404735808328340, -0.05341878364870315116, -0.3270833333333326154 ) ) ;
#2533 = CARTESIAN_POINT ( 'NONE',  ( -0.1539818882383310050, 0.05428809000122097189, -0.1779749191117775686 ) ) ;
#2534 = ORIENTED_EDGE ( 'NONE', *, *, #1279, .T. ) ;
#2535 = CARTESIAN_POINT ( 'NONE',  ( 0.000000000000000000, 0.000000000000000000, -0.1699999999999999845 ) ) ;
#2536 = VERTEX_POINT ( 'NONE', #938 ) ;
#2537 = CARTESIAN_POINT ( 'NONE',  ( -0.5288628472222222099, 0.04036458333333332871, -0.3843117960914554931 ) ) ;
#2538 = CARTESIAN_POINT ( 'NONE',  ( 0.1091506350946404580, 7.045447113002933065E-13, -0.01584936490535948997 ) ) ;
#2539 = ORIENTED_EDGE ( 'NONE', *, *, #2601, .T. ) ;
#2540 = DIRECTION ( 'NONE',  ( -1.000000000000000000, 0.000000000000000000, 0.000000000000000000 ) ) ;
#2541 = DIRECTION ( 'NONE',  ( 0.000000000000000000, 0.000000000000000000, 1.000000000000000000 ) ) ;
#2542 = CARTESIAN_POINT ( 'NONE',  ( 0.1249999999999999584, 1.530808498934191201E-17, -0.1812499999999995226 ) ) ;
#2543 = ORIENTED_EDGE ( 'NONE', *, *, #1517, .T. ) ;
#2544 = CARTESIAN_POINT ( 'NONE',  ( -0.09252404735808332503, 0.000000000000000000, -0.1812499999999995781 ) ) ;
#2545 = CARTESIAN_POINT ( 'NONE',  ( -0.1050831889598282110, 0.03390634144592558075, -0.1672065524644074930 ) ) ;
#2546 = CARTESIAN_POINT ( 'NONE',  ( 0.1250000000000000000, 1.071565949253934025E-16, -0.1749999999999996281 ) ) ;
#2547 = AXIS2_PLACEMENT_3D ( 'NONE', #2423, #2931, #2192 ) ;
#2548 = ORIENTED_EDGE ( 'NONE', *, *, #1667, .T. ) ;
#2549 = DIRECTION ( 'NONE',  ( 0.000000000000000000, 1.000000000000000000, 0.000000000000000000 ) ) ;
#2550 = ORIENTED_EDGE ( 'NONE', *, *, #2505, .T. ) ;
#2551 =( BOUNDED_CURVE ( )  B_SPLINE_CURVE ( 2, ( #2164, #2425, #326, #2180, #1272, #1282, #2891 ),
 .UNSPECIFIED., .F., .F. ) 
 B_SPLINE_CURVE_WITH_KNOTS ( ( 3, 2, 2, 3 ),
 ( 0.2857142857142856984, 0.3095238095238095344, 0.3333333333333332593, 0.3571428571428570953 ),
 .UNSPECIFIED. ) 
 CURVE ( )  GEOMETRIC_REPRESENTATION_ITEM ( )  RATIONAL_B_SPLINE_CURVE ( ( 1.000000000000000000, 0.8660254037844387076, 1.000000000000000000, 0.8660254037844387076, 1.000000000000000000, 0.8660254037844390407, 0.9999999999999996669 ) ) 
 REPRESENTATION_ITEM ( '' )  );
#2552 = DIRECTION ( 'NONE',  ( 3.383966546990571645E-15, -0.000000000000000000, -1.000000000000000000 ) ) ;
#2553 = ORIENTED_EDGE ( 'NONE', *, *, #1306, .T. ) ;
#2554 = CARTESIAN_POINT ( 'NONE',  ( 0.0006945516330975732384, 0.1168278105877215978, -0.1736321026433944870 ) ) ;
#2555 = PRODUCT_DEFINITION_FORMATION_WITH_SPECIFIED_SOURCE ( 'Symmetric', '', #280, .NOT_KNOWN. ) ;
#2556 = EDGE_CURVE ( 'NONE', #2327, #279, #513, .T. ) ;
#2557 = CARTESIAN_POINT ( 'NONE',  ( -0.006963122214110059952, -0.1008398990000291401, -0.02413759023104628323 ) ) ;
#2558 = AXIS2_PLACEMENT_3D ( 'NONE', #2964, #858, #2745 ) ;
#2559 = CARTESIAN_POINT ( 'NONE',  ( 0.1249999999999999584, 1.530808498934191201E-17, -0.2312499999999994005 ) ) ;
#2560 = VECTOR ( 'NONE', #48, 39.37007874015748143 ) ;
#2561 = VERTEX_POINT ( 'NONE', #2832 ) ;
#2562 = CARTESIAN_POINT ( 'NONE',  ( 0.1249999999999999722, 0.07216878364870328577, -0.02083333333333329054 ) ) ;
#2563 = VECTOR ( 'NONE', #635, 39.37007874015748143 ) ;
#2564 = DIRECTION ( 'NONE',  ( -0.2588190451025140226, -0.000000000000000000, -0.9659258262890699775 ) ) ;
#2565 = FACE_OUTER_BOUND ( 'NONE', #939, .T. ) ;
#2566 = CIRCLE ( 'NONE', #1916, 0.02018229166666666782 ) ;
#2567 = ORIENTED_EDGE ( 'NONE', *, *, #922, .F. ) ;
#2568 = TOROIDAL_SURFACE ( 'NONE', #1051, 0.01345486111111110841, 0.02018229166666666782 ) ;
#2569 = CARTESIAN_POINT ( 'NONE',  ( 0.4684474971091242557, -0.04036458333333332177, -0.1207479829558386758 ) ) ;
#2570 = ORIENTED_EDGE ( 'NONE', *, *, #2251, .F. ) ;
#2571 = CARTESIAN_POINT ( 'NONE',  ( 0.1094717645157974456, 0.007660993999491096280, -0.01552823548415202884 ) ) ;
#2572 = AXIS2_PLACEMENT_3D ( 'NONE', #1611, #1642, #928 ) ;
#2573 = CARTESIAN_POINT ( 'NONE',  ( 0.2604859517817783021, 0.04036458333333332871, -0.5000000000000000000 ) ) ;
#2574 = ADVANCED_FACE ( 'NONE', ( #1896 ), #2595, .F. ) ;
#2575 = CARTESIAN_POINT ( 'NONE',  ( 0.06250000000000004163, -0.1082531754730547691, -0.1395833333333329207 ) ) ;
#2576 = ADVANCED_FACE ( 'NONE', ( #1226 ), #1637, .T. ) ;
#2577 = DIRECTION ( 'NONE',  ( 0.000000000000000000, 0.000000000000000000, 1.000000000000000000 ) ) ;
#2578 = EDGE_LOOP ( 'NONE', ( #1590, #148, #76, #860 ) ) ;
#2579 = CARTESIAN_POINT ( 'NONE',  ( -6.541914240972920027E-18, 0.1068375672974061774, -0.2437499999999994393 ) ) ;
#2580 = DIRECTION ( 'NONE',  ( 0.8290375725550407360, -0.000000000000000000, 0.5591929034707482371 ) ) ;
#2581 = CARTESIAN_POINT ( 'NONE',  ( -0.08919068644530356305, -0.08757865865275357709, -4.924435031730435797E-18 ) ) ;
#2582 = EDGE_LOOP ( 'NONE', ( #2157, #3008, #1437, #1413 ) ) ;
#2583 = EDGE_LOOP ( 'NONE', ( #1825, #1535, #2224, #2360 ) ) ;
#2584 = DIRECTION ( 'NONE',  ( 1.000000000000000000, 0.000000000000000000, 0.000000000000000000 ) ) ;
#2585 = CYLINDRICAL_SURFACE ( 'NONE', #1553, 0.1250000000000000000 ) ;
#2586 = EDGE_LOOP ( 'NONE', ( #2706, #2451, #2016, #2945 ) ) ;
#2587 = CARTESIAN_POINT ( 'NONE',  ( 0.1044733993512136361, 0.03790771922888543088, -0.01413141555640244629 ) ) ;
#2588 = EDGE_CURVE ( 'NONE', #836, #2918, #1101, .T. ) ;
#2589 = EDGE_CURVE ( 'NONE', #1830, #2289, #955, .T. ) ;
#2590 = CARTESIAN_POINT ( 'NONE',  ( -0.1684261118331928653, -0.04036458333333332177, -0.1747764385428529077 ) ) ;
#2591 = CARTESIAN_POINT ( 'NONE',  ( 0.06249999999999995837, 0.1082531754730548107, -0.1229166666666663132 ) ) ;
#2592 = CARTESIAN_POINT ( 'NONE',  ( -6.541914240972920027E-18, 0.1068375672974061774, -0.2937499999999993450 ) ) ;
#2593 = CARTESIAN_POINT ( 'NONE',  ( -0.1606651635359927222, 0.06054687499999999306, -0.1628972942302624183 ) ) ;
#2594 = ORIENTED_EDGE ( 'NONE', *, *, #2944, .F. ) ;
#2595 = CYLINDRICAL_SURFACE ( 'NONE', #97, 0.1250000000000000000 ) ;
#2596 = ORIENTED_EDGE ( 'NONE', *, *, #1929, .T. ) ;
#2597 = LINE ( 'NONE', #294, #2359 ) ;
#2598 = ORIENTED_EDGE ( 'NONE', *, *, #724, .F. ) ;
#2599 = DIRECTION ( 'NONE',  ( -0.000000000000000000, -1.000000000000000000, -0.000000000000000000 ) ) ;
#2600 = CARTESIAN_POINT ( 'NONE',  ( 0.1232811296224259195, 0.02065824481940834248, -0.1799999999999999933 ) ) ;
#2601 = EDGE_CURVE ( 'NONE', #214, #2794, #74, .T. ) ;
#2602 = CARTESIAN_POINT ( 'NONE',  ( 0.09252404735808351932, -0.05341878364870289442, -0.1041666666666663799 ) ) ;
#2603 = CARTESIAN_POINT ( 'NONE',  ( -0.1249999999999999584, 0.000000000000000000, -0.1062499999999996919 ) ) ;
#2604 = AXIS2_PLACEMENT_3D ( 'NONE', #2413, #2895, #2935 ) ;
#2605 = DIRECTION ( 'NONE',  ( 0.000000000000000000, -1.000000000000000000, -0.000000000000000000 ) ) ;
#2606 = ORIENTED_EDGE ( 'NONE', *, *, #862, .T. ) ;
#2607 = AXIS2_PLACEMENT_3D ( 'NONE', #754, #1506, #2638 ) ;
#2608 = CARTESIAN_POINT ( 'NONE',  ( 0.06249999999999995837, 0.1082531754730548107, -0.1729166666666662466 ) ) ;
#2609 = EDGE_CURVE ( 'NONE', #2641, #56, #1409, .T. ) ;
#2610 = EDGE_CURVE ( 'NONE', #279, #1745, #2464, .T. ) ;
#2611 = ORIENTED_EDGE ( 'NONE', *, *, #2033, .F. ) ;
#2612 = CIRCLE ( 'NONE', #2302, 0.1230000000000000121 ) ;
#2613 = ORIENTED_EDGE ( 'NONE', *, *, #532, .F. ) ;
#2614 = CARTESIAN_POINT ( 'NONE',  ( 0.1064861502384201047, 0.03052581774402374215, -0.01448823831203925779 ) ) ;
#2615 = CARTESIAN_POINT ( 'NONE',  ( 0.2421875000000000278, 0.06054687500000000000, -0.01349999999999999985 ) ) ;
#2616 = CIRCLE ( 'NONE', #2709, 0.4163193667769039541 ) ;
#2617 = CIRCLE ( 'NONE', #1253, 0.4163193667769039541 ) ;
#2618 = CARTESIAN_POINT ( 'NONE',  ( -6.541914240972922338E-18, 0.1068375672974062052, -0.08749999999999975853 ) ) ;
#2619 = AXIS2_PLACEMENT_3D ( 'NONE', #1063, #788, #1255 ) ;
#2620 = CARTESIAN_POINT ( 'NONE',  ( 2.617427000243340872E-16, -0.1068375672974061913, -0.1124999999999997391 ) ) ;
#2621 = DIRECTION ( 'NONE',  ( 0.000000000000000000, 0.000000000000000000, 1.000000000000000000 ) ) ;
#2622 = CARTESIAN_POINT ( 'NONE',  ( -0.09119294356764394427, 0.06507876278655475022, -0.1688261497605476058 ) ) ;
#2623 = CARTESIAN_POINT ( 'NONE',  ( -0.1499086832239720224, -0.04646442789221486708, -0.1799999999999999933 ) ) ;
#2624 = EDGE_LOOP ( 'NONE', ( #676, #2783, #2548, #1690 ) ) ;
#2625 = VERTEX_POINT ( 'NONE', #1955 ) ;
#2626 = EDGE_CURVE ( 'NONE', #1782, #2845, #1975, .T. ) ;
#2627 = DIRECTION ( 'NONE',  ( 0.000000000000000000, 0.000000000000000000, -1.000000000000000000 ) ) ;
#2628 = VERTEX_POINT ( 'NONE', #2446 ) ;
#2629 = CARTESIAN_POINT ( 'NONE',  ( -0.05801820900576715179, 0.1049065869408086632, -0.005361866339595585014 ) ) ;
#2630 = DIRECTION ( 'NONE',  ( -0.7071067811865486830, 8.659560562354947649E-17, 0.7071067811865462405 ) ) ;
#2631 = DIRECTION ( 'NONE',  ( 1.000000000000000000, 0.000000000000000000, 0.000000000000000000 ) ) ;
#2632 = ORIENTED_EDGE ( 'NONE', *, *, #1904, .F. ) ;
#2633 = DIRECTION ( 'NONE',  ( 0.000000000000000000, 0.000000000000000000, 1.000000000000000000 ) ) ;
#2634 = CARTESIAN_POINT ( 'NONE',  ( -0.1249999999999999584, 0.000000000000000000, -0.1062499999999996919 ) ) ;
#2635 = DIRECTION ( 'NONE',  ( 0.000000000000000000, 1.000000000000000000, 0.000000000000000000 ) ) ;
#2636 = CARTESIAN_POINT ( 'NONE',  ( -0.2376021605957364946, 0.04036458333333332871, -0.01349999999999999985 ) ) ;
#2637 = CARTESIAN_POINT ( 'NONE',  ( 0.1249999999999999722, 0.07216878364870328577, -0.3208333333333326376 ) ) ;
#2638 = DIRECTION ( 'NONE',  ( 1.000000000000000000, 0.000000000000000000, 0.000000000000000000 ) ) ;
#2639 = ORIENTED_EDGE ( 'NONE', *, *, #1625, .T. ) ;
#2640 = CARTESIAN_POINT ( 'NONE',  ( 0.1250000000000000000, 0.000000000000000000, 0.000000000000000000 ) ) ;
#2641 = VERTEX_POINT ( 'NONE', #2652 ) ;
#2642 = ORIENTED_EDGE ( 'NONE', *, *, #2154, .F. ) ;
#2643 = FACE_OUTER_BOUND ( 'NONE', #1076, .T. ) ;
#2644 = DIRECTION ( 'NONE',  ( -0.000000000000000000, -0.000000000000000000, 1.000000000000000000 ) ) ;
#2645 = ORIENTED_EDGE ( 'NONE', *, *, #477, .T. ) ;
#2646 = CARTESIAN_POINT ( 'NONE',  ( 0.5423177083333332593, -0.06054687500000000000, -0.3843117960914555487 ) ) ;
#2647 = CARTESIAN_POINT ( 'NONE',  ( 0.04626202367904171803, -0.08012817547305463306, -0.05833333333333314691 ) ) ;
#2648 = EDGE_CURVE ( 'NONE', #285, #1271, #1462, .T. ) ;
#2649 = DIRECTION ( 'NONE',  ( -0.000000000000000000, -0.000000000000000000, 1.000000000000000000 ) ) ;
#2650 = DIRECTION ( 'NONE',  ( 1.000000000000000000, -0.000000000000000000, 0.000000000000000000 ) ) ;
#2651 = ORIENTED_EDGE ( 'NONE', *, *, #391, .F. ) ;
#2652 = CARTESIAN_POINT ( 'NONE',  ( -0.4528246739582253988, -0.06054687500000000000, -0.1335250050546745448 ) ) ;
#2653 = CONICAL_SURFACE ( 'NONE', #551, 0.1250000000000000000, 0.7853981633974500554 ) ;
#2654 = ORIENTED_EDGE ( 'NONE', *, *, #2666, .T. ) ;
#2655 = CIRCLE ( 'NONE', #1291, 0.5135733139391704949 ) ;
#2656 = VERTEX_POINT ( 'NONE', #2420 ) ;
#2657 = CARTESIAN_POINT ( 'NONE',  ( 0.000000000000000000, 0.000000000000000000, 0.000000000000000000 ) ) ;
#2658 = CARTESIAN_POINT ( 'NONE',  ( -0.1856380856749511865, -0.06054687500000000000, -0.1161794786004986396 ) ) ;
#2659 = TOROIDAL_SURFACE ( 'NONE', #411, 0.2721109264059426991, 0.02018229166666666782 ) ;
#2660 = CYLINDRICAL_SURFACE ( 'NONE', #2998, 0.03363715277777774848 ) ;
#2661 = AXIS2_PLACEMENT_3D ( 'NONE', #72, #2851, #2980 ) ;
#2662 = DIRECTION ( 'NONE',  ( 0.000000000000000000, -1.000000000000000000, -0.000000000000000000 ) ) ;
#2663 = AXIS2_PLACEMENT_3D ( 'NONE', #995, #1528, #1243 ) ;
#2664 = DIRECTION ( 'NONE',  ( 0.000000000000000000, 1.000000000000000000, 0.000000000000000000 ) ) ;
#2665 = EDGE_CURVE ( 'NONE', #2198, #1567, #463, .T. ) ;
#2666 = EDGE_CURVE ( 'NONE', #214, #680, #149, .T. ) ;
#2667 = DIRECTION ( 'NONE',  ( 0.000000000000000000, 0.000000000000000000, 1.000000000000000000 ) ) ;
#2668 = ORIENTED_EDGE ( 'NONE', *, *, #2258, .T. ) ;
#2669 = DIRECTION ( 'NONE',  ( -0.000000000000000000, -0.000000000000000000, 1.000000000000000000 ) ) ;
#2670 = ORIENTED_EDGE ( 'NONE', *, *, #2516, .F. ) ;
#2671 = DIRECTION ( 'NONE',  ( 1.000000000000000000, 0.000000000000000000, 0.000000000000000000 ) ) ;
#2672 = ORIENTED_EDGE ( 'NONE', *, *, #565, .T. ) ;
#2673 = CARTESIAN_POINT ( 'NONE',  ( -0.2421875000000000278, 0.04036458333333332871, -0.03368229166666673879 ) ) ;
#2674 = CARTESIAN_POINT ( 'NONE',  ( 3.536144217342583238E-16, -0.1443375672974064328, -0.1374999999999997058 ) ) ;
#2675 = CARTESIAN_POINT ( 'NONE',  ( 0.2297959015751200040, -0.06054687500000182493, -0.03136204920820819669 ) ) ;
#2676 = CARTESIAN_POINT ( 'NONE',  ( -0.2421874999999998612, 0.06054687500000000000, -0.3057932180726094518 ) ) ;
#2677 = CARTESIAN_POINT ( 'NONE',  ( -0.04626202367904160700, -0.08012817547305468857, -0.2666666666666660523 ) ) ;
#2678 = EDGE_CURVE ( 'NONE', #1512, #1710, #144, .T. ) ;
#2679 = CARTESIAN_POINT ( 'NONE',  ( -0.09252404735808332503, -4.532371137649394447E-17, -0.07499999999999978906 ) ) ;
#2680 = CARTESIAN_POINT ( 'NONE',  ( -0.06249999999999988898, -0.1082531754730548940, -0.09166666666666646590 ) ) ;
#2681 = ADVANCED_FACE ( 'NONE', ( #827 ), #184, .T. ) ;
#2682 = ORIENTED_EDGE ( 'NONE', *, *, #107, .F. ) ;
#2683 = CARTESIAN_POINT ( 'NONE',  ( 0.1250000000000000000, 0.000000000000000000, -0.5000000000000000000 ) ) ;
#2684 = ORIENTED_EDGE ( 'NONE', *, *, #2892, .F. ) ;
#2685 = DIRECTION ( 'NONE',  ( 0.000000000000000000, 0.000000000000000000, -1.000000000000000000 ) ) ;
#2686 = DIRECTION ( 'NONE',  ( -0.000000000000000000, -0.000000000000000000, -1.000000000000000000 ) ) ;
#2687 = DIRECTION ( 'NONE',  ( 0.000000000000000000, -1.000000000000000000, -0.000000000000000000 ) ) ;
#2688 = DIRECTION ( 'NONE',  ( 1.000000000000000000, 0.000000000000000000, 9.154399031227591509E-17 ) ) ;
#2689 = FACE_OUTER_BOUND ( 'NONE', #2355, .T. ) ;
#2690 = CARTESIAN_POINT ( 'NONE',  ( 0.06250000000000005551, -0.1082531754730547829, -0.1833333333333329318 ) ) ;
#2691 = CARTESIAN_POINT ( 'NONE',  ( 0.09252404735808332503, 0.05341878364870312340, -0.1458333333333329540 ) ) ;
#2692 = CARTESIAN_POINT ( 'NONE',  ( 0.09252404735808308911, 0.05341878364870332463, -0.09583333333333307613 ) ) ;
#2693 = CARTESIAN_POINT ( 'NONE',  ( 0.1489315150786608422, -0.04036458333333332177, -0.1799999999999999933 ) ) ;
#2694 = CARTESIAN_POINT ( 'NONE',  ( -8.838126989374222236E-18, 0.1443375672974063773, 0.03125000000000002082 ) ) ;
#2695 = ORIENTED_EDGE ( 'NONE', *, *, #724, .T. ) ;
#2696 = CARTESIAN_POINT ( 'NONE',  ( -0.09252404735808332503, 0.000000000000000000, 0.000000000000000000 ) ) ;
#2697 = VERTEX_POINT ( 'NONE', #1987 ) ;
#2698 = AXIS2_PLACEMENT_3D ( 'NONE', #1691, #1675, #975 ) ;
#2699 = EDGE_CURVE ( 'NONE', #1684, #1991, #1209, .T. ) ;
#2700 = CARTESIAN_POINT ( 'NONE',  ( 0.1461806332230959071, 0.06054687500000000000, -0.3843117960914554931 ) ) ;
#2701 = EDGE_CURVE ( 'NONE', #1610, #1212, #1554, .T. ) ;
#2702 = CARTESIAN_POINT ( 'NONE',  ( -0.1250000000000000000, 0.07216878364870320250, -0.2541666666666661523 ) ) ;
#2703 = CARTESIAN_POINT ( 'NONE',  ( -0.2285925121575199392, -0.06054687499999999306, -0.03368229166666667634 ) ) ;
#2704 = VECTOR ( 'NONE', #2605, 39.37007874015748143 ) ;
#2705 = CARTESIAN_POINT ( 'NONE',  ( -0.09252404735808332503, 0.000000000000000000, -0.08124999999999978073 ) ) ;
#2706 = ORIENTED_EDGE ( 'NONE', *, *, #2648, .F. ) ;
#2707 = AXIS2_PLACEMENT_3D ( 'NONE', #872, #433, #2272 ) ;
#2708 = CARTESIAN_POINT ( 'NONE',  ( -0.09252404735808335279, 0.000000000000000000, -0.2249999999999994504 ) ) ;
#2709 = AXIS2_PLACEMENT_3D ( 'NONE', #1936, #1027, #372 ) ;
#2710 = DIRECTION ( 'NONE',  ( 9.154399031227591509E-17, 0.000000000000000000, -1.000000000000000000 ) ) ;
#2711 = CARTESIAN_POINT ( 'NONE',  ( 0.1249999999999999584, 1.530808498934191201E-17, -0.08124999999999972522 ) ) ;
#2712 = CIRCLE ( 'NONE', #514, 0.1658838417420686884 ) ;
#2713 = ORIENTED_EDGE ( 'NONE', *, *, #2117, .F. ) ;
#2714 = DIRECTION ( 'NONE',  ( 0.000000000000000000, 0.000000000000000000, 1.000000000000000000 ) ) ;
#2715 = AXIS2_PLACEMENT_3D ( 'NONE', #2815, #1655, #958 ) ;
#2716 = ORIENTED_EDGE ( 'NONE', *, *, #1735, .T. ) ;
#2717 = EDGE_CURVE ( 'NONE', #1782, #560, #456, .T. ) ;
#2718 = TOROIDAL_SURFACE ( 'NONE', #619, 0.3961370751102372689, 0.02018229166666666782 ) ;
#2719 = ORIENTED_EDGE ( 'NONE', *, *, #405, .F. ) ;
#2720 = DIRECTION ( 'NONE',  ( 0.000000000000000000, 0.000000000000000000, -1.000000000000000000 ) ) ;
#2721 = CARTESIAN_POINT ( 'NONE',  ( 0.04626202367904170415, -0.08012817547305460530, -0.1145833333333330512 ) ) ;
#2722 = ORIENTED_EDGE ( 'NONE', *, *, #367, .F. ) ;
#2723 = CARTESIAN_POINT ( 'NONE',  ( 0.09252404735808336667, -0.05341878364870306789, -0.2541666666666660412 ) ) ;
#2724 = CARTESIAN_POINT ( 'NONE',  ( -0.1249999999999999584, 0.07216878364870318863, -0.1104166666666663438 ) ) ;
#2725 = CARTESIAN_POINT ( 'NONE',  ( 0.000000000000000000, 0.000000000000000000, -0.1799999999999999933 ) ) ;
#2726 = ORIENTED_EDGE ( 'NONE', *, *, #138, .F. ) ;
#2727 = DIRECTION ( 'NONE',  ( -0.000000000000000000, -0.000000000000000000, 1.000000000000000000 ) ) ;
#2728 = CARTESIAN_POINT ( 'NONE',  ( 4.579339968681044789E-17, -0.1068375672974061913, -0.06249999999999981265 ) ) ;
#2729 = EDGE_CURVE ( 'NONE', #2778, #1830, #416, .T. ) ;
#2730 = FACE_OUTER_BOUND ( 'NONE', #1033, .T. ) ;
#2731 = CARTESIAN_POINT ( 'NONE',  ( 0.5624999999999998890, -0.04036458333333332177, -0.3843117960914556042 ) ) ;
#2732 = CARTESIAN_POINT ( 'NONE',  ( -6.541914240972920027E-18, 0.1068375672974061774, -0.1437499999999996558 ) ) ;
#2733 = ADVANCED_FACE ( 'NONE', ( #539 ), #2185, .F. ) ;
#2734 = ORIENTED_EDGE ( 'NONE', *, *, #1207, .T. ) ;
#2735 = CARTESIAN_POINT ( 'NONE',  ( -0.1178847003165109653, 0.03757431534452945754, -0.001511163293327821280 ) ) ;
#2736 = CARTESIAN_POINT ( 'NONE',  ( -0.1230000000000000121, -1.506315562951244499E-17, -0.1799999999999999933 ) ) ;
#2737 = CARTESIAN_POINT ( 'NONE',  ( -0.09252404735808335279, 0.05341878364870308871, -0.2791666666666660079 ) ) ;
#2738 = EDGE_CURVE ( 'NONE', #869, #1998, #664, .T. ) ;
#2739 = CARTESIAN_POINT ( 'NONE',  ( -0.1249999999999999722, 0.07216878364870318863, -0.01041666666666656201 ) ) ;
#2740 = EDGE_CURVE ( 'NONE', #1743, #407, #2020, .T. ) ;
#2741 = CARTESIAN_POINT ( 'NONE',  ( 0.1489315150786608422, -0.04036458333333332177, -0.1799999999999999933 ) ) ;
#2742 = CARTESIAN_POINT ( 'NONE',  ( 0.2421874999999998612, 0.04036458333333332871, -0.3057932180726094518 ) ) ;
#2743 = ORIENTED_EDGE ( 'NONE', *, *, #1852, .T. ) ;
#2744 = CARTESIAN_POINT ( 'NONE',  ( 0.09256288227987065353, 0.003989763968167327896, -0.1496270004471713100 ) ) ;
#2745 = DIRECTION ( 'NONE',  ( 0.000000000000000000, 0.000000000000000000, -1.000000000000000000 ) ) ;
#2746 = ORIENTED_EDGE ( 'NONE', *, *, #1406, .T. ) ;
#2747 = DIRECTION ( 'NONE',  ( 0.000000000000000000, 0.000000000000000000, -1.000000000000000000 ) ) ;
#2748 = CARTESIAN_POINT ( 'NONE',  ( 0.05384418444382286367, 0.1063293947817136181, -0.1759911267264861467 ) ) ;
#2749 = CARTESIAN_POINT ( 'NONE',  ( 0.04626202367904160007, 0.08012817547305467469, -0.04166666666666652558 ) ) ;
#2750 = EDGE_LOOP ( 'NONE', ( #893, #2553, #1888 ) ) ;
#2751 = CARTESIAN_POINT ( 'NONE',  ( -0.2310522934321277977, -0.06015879006002863849, -0.02913817766709860674 ) ) ;
#2752 = DIRECTION ( 'NONE',  ( -0.08715574274765836016, 1.067350013832299517E-17, 0.9961946980917454342 ) ) ;
#2753 = CIRCLE ( 'NONE', #449, 0.02018229166666666435 ) ;
#2754 = CARTESIAN_POINT ( 'NONE',  ( 0.1079858026236209662, -0.01315230277194577406, -0.01641723149018295067 ) ) ;
#2755 = VECTOR ( 'NONE', #2897, 39.37007874015748143 ) ;
#2756 = CARTESIAN_POINT ( 'NONE',  ( -0.06249999999999990286, -0.1082531754730548801, -0.09166666666666646590 ) ) ;
#2757 = CARTESIAN_POINT ( 'NONE',  ( 0.06250000000000004163, -0.1082531754730547691, -0.2395833333333327597 ) ) ;
#2758 = AXIS2_PLACEMENT_3D ( 'NONE', #2537, #2274, #1125 ) ;
#2759 = CARTESIAN_POINT ( 'NONE',  ( 0.1539818882383761356, -0.05428809000127442219, -0.1779749191117229457 ) ) ;
#2760 = EDGE_CURVE ( 'NONE', #2466, #2876, #1, .T. ) ;
#2761 = ORIENTED_EDGE ( 'NONE', *, *, #1484, .F. ) ;
#2762 = CARTESIAN_POINT ( 'NONE',  ( -0.09252404735808332503, 0.000000000000000000, -0.2812499999999993339 ) ) ;
#2763 = CIRCLE ( 'NONE', #1505, 0.02018229166666666782 ) ;
#2764 = VECTOR ( 'NONE', #2528, 39.37007874015748143 ) ;
#2765 = ORIENTED_EDGE ( 'NONE', *, *, #330, .T. ) ;
#2766 =( BOUNDED_SURFACE ( )  B_SPLINE_SURFACE ( 1, 2, ( 
 ( #854, #1806, #2234, #2694, #1791, #1565, #2008, #1984, #2959, #825, #403, #180, #2938, #2739, #601, #644, #1071, #1354, #2222, #1290, #1309, #193, #2443, #167, #1971, #587, #359, #835, #2210, #1767, #2711, #2480, #1779, #146, #2459, #378, #253, #1179, #2529, #2347, #2591, #206, #1428, #1442, #2575, #8, #240, #41, #2040, #704, #2987, #2773, #931, #2787, #2542, #1612, #1860, #1165, #2297, #491, #1119, #882, #2805, #2073, #2087, #948, #2559, #1818, #2757, #1882, #3005, #2331, #660, #901, #674, #1602, #915, #428, #2825, #2281, #2055, #1646, #220, #1368, #23 ),
 ( #473, #1132, #1836, #441, #1386, #1151, #1847, #687, #1629, #458, #1407, #2316, #1949, #1516, #550, #979, #1483, #2395, #505, #749, #2647, #2167, #2122, #1455, #300, #2366, #1696, #2618, #521, #2150, #1918, #2866, #1016, #2910, #1100, #1775, #398, #2023, #1042, #2975, #811, #2691, #155, #1067, #597, #2428, #342, #2206, #867, #2492, #1750, #641, #1992, #137, #1286, #1545, #2934, #1316, #1058, #2247, #2708, #122, #1983, #357, #1529, #833, #1801, #2723, #584, #2195, #2677, #1332, #2441, #2737, #2924, #178, #823, #1275, #2454, #2954, #1966, #374, #1304, #615, #1563 ) ),
 .UNSPECIFIED., .F., .F., .T. ) 
 B_SPLINE_SURFACE_WITH_KNOTS ( ( 2, 2 ),
 ( 3, 2, 2, 2, 2, 2, 2, 2, 2, 2, 2, 2, 2, 2, 2, 2, 2, 2, 2, 2, 2, 2, 2, 2, 2, 2, 2, 2, 2, 2, 2, 2, 2, 2, 2, 2, 2, 2, 2, 2, 2, 2, 3 ),
 ( 0.000000000000000000, 1.000000000000000000 ),
 ( 0.000000000000000000, 0.02380952380952380820, 0.04761904761904761640, 0.07142857142857142461, 0.09523809523809523281, 0.1190476190476190410, 0.1428571428571428492, 0.1666666666666666574, 0.1904761904761904656, 0.2142857142857142738, 0.2380952380952380820, 0.2619047619047619180, 0.2857142857142856984, 0.3095238095238095344, 0.3333333333333333148, 0.3571428571428571508, 0.3809523809523809312, 0.4047619047619047672, 0.4285714285714285476, 0.4523809523809523836, 0.4761904761904761640, 0.5000000000000000000, 0.5238095238095238360, 0.5476190476190476719, 0.5714285714285713969, 0.5952380952380952328, 0.6190476190476190688, 0.6428571428571429047, 0.6666666666666666297, 0.6904761904761904656, 0.7142857142857143016, 0.7380952380952381375, 0.7619047619047618625, 0.7857142857142856984, 0.8095238095238095344, 0.8333333333333333703, 0.8571428571428570953, 0.8809523809523809312, 0.9047619047619047672, 0.9285714285714286031, 0.9523809523809523281, 0.9761904761904761640, 1.000000000000000000 ),
 .UNSPECIFIED. ) 
 GEOMETRIC_REPRESENTATION_ITEM ( )  RATIONAL_B_SPLINE_SURFACE ( (
 ( 1.000000000000000000, 0.8660254037844387076, 1.000000000000000000, 0.8660254037844387076, 1.000000000000000000, 0.8660254037844387076, 1.000000000000000000, 0.8660254037844387076, 1.000000000000000000, 0.8660254037844387076, 1.000000000000000000, 0.8660254037844387076, 1.000000000000000000, 0.8660254037844387076, 1.000000000000000000, 0.8660254037844387076, 1.000000000000000000, 0.8660254037844387076, 1.000000000000000000, 0.8660254037844387076, 1.000000000000000000, 0.8660254037844387076, 1.000000000000000000, 0.8660254037844387076, 1.000000000000000000, 0.8660254037844387076, 1.000000000000000000, 0.8660254037844387076, 1.000000000000000000, 0.8660254037844387076, 1.000000000000000000, 0.8660254037844387076, 1.000000000000000000, 0.8660254037844387076, 1.000000000000000000, 0.8660254037844387076, 1.000000000000000000, 0.8660254037844387076, 1.000000000000000000, 0.8660254037844387076, 1.000000000000000000, 0.8660254037844387076, 1.000000000000000000, 0.8660254037844387076, 1.000000000000000000, 0.8660254037844387076, 1.000000000000000000, 0.8660254037844387076, 1.000000000000000000, 0.8660254037844387076, 1.000000000000000000, 0.8660254037844387076, 1.000000000000000000, 0.8660254037844387076, 1.000000000000000000, 0.8660254037844387076, 1.000000000000000000, 0.8660254037844387076, 1.000000000000000000, 0.8660254037844387076, 1.000000000000000000, 0.8660254037844387076, 1.000000000000000000, 0.8660254037844387076, 1.000000000000000000, 0.8660254037844387076, 1.000000000000000000, 0.8660254037844387076, 1.000000000000000000, 0.8660254037844387076, 1.000000000000000000, 0.8660254037844387076, 1.000000000000000000, 0.8660254037844387076, 1.000000000000000000, 0.8660254037844387076, 1.000000000000000000, 0.8660254037844387076, 1.000000000000000000, 0.8660254037844387076, 1.000000000000000000, 0.8660254037844387076, 1.000000000000000000, 0.8660254037844387076, 1.000000000000000000),
 ( 1.000000000000000000, 0.8660254037844387076, 1.000000000000000000, 0.8660254037844387076, 1.000000000000000000, 0.8660254037844387076, 1.000000000000000000, 0.8660254037844387076, 1.000000000000000000, 0.8660254037844387076, 1.000000000000000000, 0.8660254037844387076, 1.000000000000000000, 0.8660254037844387076, 1.000000000000000000, 0.8660254037844387076, 1.000000000000000000, 0.8660254037844387076, 1.000000000000000000, 0.8660254037844387076, 1.000000000000000000, 0.8660254037844387076, 1.000000000000000000, 0.8660254037844387076, 1.000000000000000000, 0.8660254037844387076, 1.000000000000000000, 0.8660254037844387076, 1.000000000000000000, 0.8660254037844387076, 1.000000000000000000, 0.8660254037844387076, 1.000000000000000000, 0.8660254037844387076, 1.000000000000000000, 0.8660254037844387076, 1.000000000000000000, 0.8660254037844387076, 1.000000000000000000, 0.8660254037844387076, 1.000000000000000000, 0.8660254037844387076, 1.000000000000000000, 0.8660254037844387076, 1.000000000000000000, 0.8660254037844387076, 1.000000000000000000, 0.8660254037844387076, 1.000000000000000000, 0.8660254037844387076, 1.000000000000000000, 0.8660254037844387076, 1.000000000000000000, 0.8660254037844387076, 1.000000000000000000, 0.8660254037844387076, 1.000000000000000000, 0.8660254037844387076, 1.000000000000000000, 0.8660254037844387076, 1.000000000000000000, 0.8660254037844387076, 1.000000000000000000, 0.8660254037844387076, 1.000000000000000000, 0.8660254037844387076, 1.000000000000000000, 0.8660254037844387076, 1.000000000000000000, 0.8660254037844387076, 1.000000000000000000, 0.8660254037844387076, 1.000000000000000000, 0.8660254037844387076, 1.000000000000000000, 0.8660254037844387076, 1.000000000000000000, 0.8660254037844387076, 1.000000000000000000, 0.8660254037844387076, 1.000000000000000000, 0.8660254037844387076, 1.000000000000000000, 0.8660254037844387076, 1.000000000000000000) ) ) 
 REPRESENTATION_ITEM ( '' )  SURFACE ( )  );
#2767 = CARTESIAN_POINT ( 'NONE',  ( 0.000000000000000000, 0.000000000000000000, -0.1799999999999999933 ) ) ;
#2768 = EDGE_LOOP ( 'NONE', ( #207, #241, #2796, #682 ) ) ;
#2769 = CARTESIAN_POINT ( 'NONE',  ( -0.08347192706304414067, 0.08774237369353897475, -0.004137869815201807716 ) ) ;
#2770 = EDGE_CURVE ( 'NONE', #431, #1477, #2526, .T. ) ;
#2771 = DIRECTION ( 'NONE',  ( 1.000000000000000000, 0.000000000000000000, 0.000000000000000000 ) ) ;
#2772 = CARTESIAN_POINT ( 'NONE',  ( -0.04626202367904141965, -0.08012817547305478572, -0.1229166666666663688 ) ) ;
#2773 = CARTESIAN_POINT ( 'NONE',  ( -8.838126989374222236E-18, 0.1443375672974063773, -0.1687499999999995393 ) ) ;
#2774 = DIRECTION ( 'NONE',  ( 0.000000000000000000, 1.000000000000000000, 0.000000000000000000 ) ) ;
#2775 = ORIENTED_EDGE ( 'NONE', *, *, #2232, .T. ) ;
#2776 = CARTESIAN_POINT ( 'NONE',  ( 0.04626202367904164864, 0.08012817547305464694, -0.1979166666666662133 ) ) ;
#2777 = CARTESIAN_POINT ( 'NONE',  ( 0.000000000000000000, 0.000000000000000000, -0.02699999999999999969 ) ) ;
#2778 = VERTEX_POINT ( 'NONE', #912 ) ;
#2779 = CARTESIAN_POINT ( 'NONE',  ( -0.2421874999999998612, -0.06054687500000000000, -0.3057932180726094518 ) ) ;
#2780 = FACE_OUTER_BOUND ( 'NONE', #1399, .T. ) ;
#2781 = ORIENTED_EDGE ( 'NONE', *, *, #725, .T. ) ;
#2782 = CARTESIAN_POINT ( 'NONE',  ( 0.06250000000000005551, -0.1082531754730547829, -0.03333333333333326348 ) ) ;
#2783 = ORIENTED_EDGE ( 'NONE', *, *, #107, .T. ) ;
#2784 = DIRECTION ( 'NONE',  ( 0.000000000000000000, 1.000000000000000000, 0.000000000000000000 ) ) ;
#2785 = CARTESIAN_POINT ( 'NONE',  ( -0.07023591605687913575, -0.06754321817809726125, -0.02778557183845713208 ) ) ;
#2786 = CARTESIAN_POINT ( 'NONE',  ( -0.06250000000000001388, 0.1082531754730548246, -0.1083333333333331150 ) ) ;
#2787 = CARTESIAN_POINT ( 'NONE',  ( 0.1249999999999999167, 0.07216878364870323026, -0.1770833333333328985 ) ) ;
#2788 =( BOUNDED_SURFACE ( )  B_SPLINE_SURFACE ( 1, 2, ( 
 ( #2439, #162, #1302, #369, #831, #1079, #2243, #153, #1348, #1787, #134, #1065, #2450, #2217, #2001, #1111, #1798, #1990, #1054, #2932, #2264, #1773, #355, #1979, #2705, #611, #1561, #2471, #2021, #385, #1314, #2228, #2721, #623, #1570, #2489, #174, #2969, #863, #2732, #432, #2991, #27, #729, #709, #1885, #887, #1850, #2544, #934, #1414, #2829, #2776, #1135, #208, #2301, #2103, #1651, #461, #2060, #258, #1633, #45, #2579, #1392, #478, #2791, #1430, #691, #1155, #2809, #13, #2762, #1668, #229, #2592, #242, #494, #2077, #1863, #2270, #677, #3009, #2532, #2336 ),
 ( #196, #1185, #953, #1122, #905, #2562, #1167, #1372, #1615, #2043, #2090, #1821, #662, #919, #1605, #2283, #1839, #982, #2386, #1714, #102, #1790, #2756, #1585, #2086, #218, #2786, #1353, #7, #2266, #1601, #900, #686, #930, #490, #289, #2136, #2121, #299, #2839, #98, #738, #2149, #1330, #2690, #1012, #1933, #1199, #1661, #1692, #2880, #119, #2920, #1299, #1960, #817, #807, #1772, #2424, #581, #2948, #2702, #562, #1078, #1025, #2406, #1746, #1946, #1760, #1259, #592, #1541, #792, #2487, #2241, #876, #2872, #2637, #1489, #1419, #1084, #1753, #1060, #2025, #1335 ) ),
 .UNSPECIFIED., .F., .F., .T. ) 
 B_SPLINE_SURFACE_WITH_KNOTS ( ( 2, 2 ),
 ( 3, 2, 2, 2, 2, 2, 2, 2, 2, 2, 2, 2, 2, 2, 2, 2, 2, 2, 2, 2, 2, 2, 2, 2, 2, 2, 2, 2, 2, 2, 2, 2, 2, 2, 2, 2, 2, 2, 2, 2, 2, 2, 3 ),
 ( 0.000000000000000000, 1.000000000000000000 ),
 ( 0.000000000000000000, 0.02380952380952380820, 0.04761904761904761640, 0.07142857142857142461, 0.09523809523809523281, 0.1190476190476190410, 0.1428571428571428492, 0.1666666666666666574, 0.1904761904761904656, 0.2142857142857142738, 0.2380952380952380820, 0.2619047619047619180, 0.2857142857142856984, 0.3095238095238095344, 0.3333333333333333148, 0.3571428571428571508, 0.3809523809523809312, 0.4047619047619047672, 0.4285714285714285476, 0.4523809523809523836, 0.4761904761904761640, 0.5000000000000000000, 0.5238095238095238360, 0.5476190476190476719, 0.5714285714285713969, 0.5952380952380952328, 0.6190476190476190688, 0.6428571428571429047, 0.6666666666666666297, 0.6904761904761904656, 0.7142857142857143016, 0.7380952380952381375, 0.7619047619047618625, 0.7857142857142856984, 0.8095238095238095344, 0.8333333333333333703, 0.8571428571428570953, 0.8809523809523809312, 0.9047619047619047672, 0.9285714285714286031, 0.9523809523809523281, 0.9761904761904761640, 1.000000000000000000 ),
 .UNSPECIFIED. ) 
 GEOMETRIC_REPRESENTATION_ITEM ( )  RATIONAL_B_SPLINE_SURFACE ( (
 ( 1.000000000000000000, 0.8660254037844387076, 1.000000000000000000, 0.8660254037844387076, 1.000000000000000000, 0.8660254037844387076, 1.000000000000000000, 0.8660254037844387076, 1.000000000000000000, 0.8660254037844387076, 1.000000000000000000, 0.8660254037844387076, 1.000000000000000000, 0.8660254037844387076, 1.000000000000000000, 0.8660254037844387076, 1.000000000000000000, 0.8660254037844387076, 1.000000000000000000, 0.8660254037844387076, 1.000000000000000000, 0.8660254037844387076, 1.000000000000000000, 0.8660254037844387076, 1.000000000000000000, 0.8660254037844387076, 1.000000000000000000, 0.8660254037844387076, 1.000000000000000000, 0.8660254037844387076, 1.000000000000000000, 0.8660254037844387076, 1.000000000000000000, 0.8660254037844387076, 1.000000000000000000, 0.8660254037844387076, 1.000000000000000000, 0.8660254037844387076, 1.000000000000000000, 0.8660254037844387076, 1.000000000000000000, 0.8660254037844387076, 1.000000000000000000, 0.8660254037844387076, 1.000000000000000000, 0.8660254037844387076, 1.000000000000000000, 0.8660254037844387076, 1.000000000000000000, 0.8660254037844387076, 1.000000000000000000, 0.8660254037844387076, 1.000000000000000000, 0.8660254037844387076, 1.000000000000000000, 0.8660254037844387076, 1.000000000000000000, 0.8660254037844387076, 1.000000000000000000, 0.8660254037844387076, 1.000000000000000000, 0.8660254037844387076, 1.000000000000000000, 0.8660254037844387076, 1.000000000000000000, 0.8660254037844387076, 1.000000000000000000, 0.8660254037844387076, 1.000000000000000000, 0.8660254037844387076, 1.000000000000000000, 0.8660254037844387076, 1.000000000000000000, 0.8660254037844387076, 1.000000000000000000, 0.8660254037844387076, 1.000000000000000000, 0.8660254037844387076, 1.000000000000000000, 0.8660254037844387076, 1.000000000000000000, 0.8660254037844387076, 1.000000000000000000, 0.8660254037844387076, 1.000000000000000000),
 ( 1.000000000000000000, 0.8660254037844387076, 1.000000000000000000, 0.8660254037844387076, 1.000000000000000000, 0.8660254037844387076, 1.000000000000000000, 0.8660254037844387076, 1.000000000000000000, 0.8660254037844387076, 1.000000000000000000, 0.8660254037844387076, 1.000000000000000000, 0.8660254037844387076, 1.000000000000000000, 0.8660254037844387076, 1.000000000000000000, 0.8660254037844387076, 1.000000000000000000, 0.8660254037844387076, 1.000000000000000000, 0.8660254037844387076, 1.000000000000000000, 0.8660254037844387076, 1.000000000000000000, 0.8660254037844387076, 1.000000000000000000, 0.8660254037844387076, 1.000000000000000000, 0.8660254037844387076, 1.000000000000000000, 0.8660254037844387076, 1.000000000000000000, 0.8660254037844387076, 1.000000000000000000, 0.8660254037844387076, 1.000000000000000000, 0.8660254037844387076, 1.000000000000000000, 0.8660254037844387076, 1.000000000000000000, 0.8660254037844387076, 1.000000000000000000, 0.8660254037844387076, 1.000000000000000000, 0.8660254037844387076, 1.000000000000000000, 0.8660254037844387076, 1.000000000000000000, 0.8660254037844387076, 1.000000000000000000, 0.8660254037844387076, 1.000000000000000000, 0.8660254037844387076, 1.000000000000000000, 0.8660254037844387076, 1.000000000000000000, 0.8660254037844387076, 1.000000000000000000, 0.8660254037844387076, 1.000000000000000000, 0.8660254037844387076, 1.000000000000000000, 0.8660254037844387076, 1.000000000000000000, 0.8660254037844387076, 1.000000000000000000, 0.8660254037844387076, 1.000000000000000000, 0.8660254037844387076, 1.000000000000000000, 0.8660254037844387076, 1.000000000000000000, 0.8660254037844387076, 1.000000000000000000, 0.8660254037844387076, 1.000000000000000000, 0.8660254037844387076, 1.000000000000000000, 0.8660254037844387076, 1.000000000000000000, 0.8660254037844387076, 1.000000000000000000, 0.8660254037844387076, 1.000000000000000000) ) ) 
 REPRESENTATION_ITEM ( '' )  SURFACE ( )  );
#2789 = CARTESIAN_POINT ( 'NONE',  ( -0.1499086832239720224, -0.04646442789221486708, -0.1799999999999999933 ) ) ;
#2790 = EDGE_LOOP ( 'NONE', ( #292, #2916, #2371, #1498, #484 ) ) ;
#2791 = CARTESIAN_POINT ( 'NONE',  ( 0.09252404735808332503, 1.133092784412348612E-17, -0.2562499999999994227 ) ) ;
#2792 = CARTESIAN_POINT ( 'NONE',  ( 0.2604859517817782466, 0.06054687500000000000, 0.01357331393917055561 ) ) ;
#2793 = ADVANCED_FACE ( 'NONE', ( #2038 ), #640, .T. ) ;
#2794 = VERTEX_POINT ( 'NONE', #1130 ) ;
#2795 = CARTESIAN_POINT ( 'NONE',  ( 0.000000000000000000, 0.000000000000000000, -0.5000000000000000000 ) ) ;
#2796 = ORIENTED_EDGE ( 'NONE', *, *, #1265, .T. ) ;
#2797 = CARTESIAN_POINT ( 'NONE',  ( -0.09252404735808332503, -4.532371137649394447E-17, -0.07499999999999978906 ) ) ;
#2798 = ADVANCED_FACE ( 'NONE', ( #238 ), #2415, .T. ) ;
#2799 = ORIENTED_EDGE ( 'NONE', *, *, #2354, .F. ) ;
#2800 = ADVANCED_FACE ( 'NONE', ( #1382 ), #2293, .T. ) ;
#2801 = DIRECTION ( 'NONE',  ( 0.000000000000000000, 0.000000000000000000, -1.000000000000000000 ) ) ;
#2802 = CARTESIAN_POINT ( 'NONE',  ( 0.1091506350946404580, 7.045447113002933065E-13, -0.01584936490535948997 ) ) ;
#2803 = CARTESIAN_POINT ( 'NONE',  ( 0.1637145568013739505, -0.06054687500000000000, -0.1571926757814473830 ) ) ;
#2804 = AXIS2_PLACEMENT_3D ( 'NONE', #2311, #927, #2972 ) ;
#2805 = CARTESIAN_POINT ( 'NONE',  ( -0.06250000000000000000, 0.1082531754730547829, -0.2145833333333327653 ) ) ;
#2806 = CARTESIAN_POINT ( 'NONE',  ( 0.1249999999999999584, 1.530808498934191201E-17, -0.03124999999999984734 ) ) ;
#2807 = DIRECTION ( 'NONE',  ( 0.8290375725550407360, 0.000000000000000000, 0.5591929034707482371 ) ) ;
#2808 = AXIS2_PLACEMENT_3D ( 'NONE', #1631, #2807, #2318 ) ;
#2809 = CARTESIAN_POINT ( 'NONE',  ( -0.04626202367904160007, -0.08012817547305467469, -0.2729166666666660301 ) ) ;
#2810 = CONICAL_SURFACE ( 'NONE', #1047, 0.2328414937417158104, 0.6981317007977243527 ) ;
#2811 = CARTESIAN_POINT ( 'NONE',  ( 0.1499086832240591194, 0.04646442789193392514, -0.1799999999999999933 ) ) ;
#2812 = CARTESIAN_POINT ( 'NONE',  ( 0.000000000000000000, 0.000000000000000000, -0.1699999999999999845 ) ) ;
#2813 = AXIS2_PLACEMENT_3D ( 'NONE', #1405, #2346, #2315 ) ;
#2814 = ORIENTED_EDGE ( 'NONE', *, *, #1929, .F. ) ;
#2815 = CARTESIAN_POINT ( 'NONE',  ( 0.2474895539454236015, 0.04036458333333332871, -0.4698452215269869336 ) ) ;
#2816 = EDGE_CURVE ( 'NONE', #2110, #589, #58, .T. ) ;
#2817 = VECTOR ( 'NONE', #785, 39.37007874015748143 ) ;
#2818 = ORIENTED_EDGE ( 'NONE', *, *, #787, .T. ) ;
#2819 = CARTESIAN_POINT ( 'NONE',  ( 0.2368857283428275062, 0.04458179151819034042, -0.01350000000000000332 ) ) ;
#2820 = EDGE_LOOP ( 'NONE', ( #637, #199, #579, #2409 ) ) ;
#2821 = CARTESIAN_POINT ( 'NONE',  ( -0.03876944256405597672, -0.09537735977002027854, -0.1597448887457087741 ) ) ;
#2822 = AXIS2_PLACEMENT_3D ( 'NONE', #671, #2801, #2540 ) ;
#2823 = CARTESIAN_POINT ( 'NONE',  ( 0.1249999999999999584, 1.530808498934191201E-17, -0.08124999999999972522 ) ) ;
#2824 = CARTESIAN_POINT ( 'NONE',  ( -0.2285925121575199392, 0.06054687500000000000, -0.03368229166666667634 ) ) ;
#2825 = CARTESIAN_POINT ( 'NONE',  ( 0.1249999999999999584, 1.530808498934191201E-17, -0.2812499999999993339 ) ) ;
#2826 = CARTESIAN_POINT ( 'NONE',  ( -0.09252404735808332503, -6.798556706474092287E-17, -0.1249999999999996947 ) ) ;
#2827 = DIRECTION ( 'NONE',  ( 1.000000000000000000, 0.000000000000000000, 0.000000000000000000 ) ) ;
#2828 = VERTEX_POINT ( 'NONE', #2736 ) ;
#2829 = CARTESIAN_POINT ( 'NONE',  ( -6.541914240972920027E-18, 0.1068375672974061774, -0.1937499999999995615 ) ) ;
#2830 = CARTESIAN_POINT ( 'NONE',  ( -0.2604859517817783021, 0.06054687500000000000, -0.5000000000000000000 ) ) ;
#2831 = ORIENTED_EDGE ( 'NONE', *, *, #2408, .F. ) ;
#2832 = CARTESIAN_POINT ( 'NONE',  ( -0.5476725043485169975, -0.04036458333333332177, -0.4121982595780073755 ) ) ;
#2833 = EDGE_CURVE ( 'NONE', #1650, #1183, #1231, .T. ) ;
#2834 = CARTESIAN_POINT ( 'NONE',  ( 0.08877382486421869778, -0.08513640830442067986, -0.1800000000000000488 ) ) ;
#2835 = VERTEX_POINT ( 'NONE', #1470 ) ;
#2836 = CARTESIAN_POINT ( 'NONE',  ( 0.07404244442210651533, -0.06206404065900931327, -0.1533856088000650209 ) ) ;
#2837 = CARTESIAN_POINT ( 'NONE',  ( 4.579339968681044789E-17, -0.1068375672974061913, -0.06874999999999982514 ) ) ;
#2838 = CARTESIAN_POINT ( 'NONE',  ( -0.2421874999999998335, -0.06054687500000000000, -0.03368229166666666941 ) ) ;
#2839 = CARTESIAN_POINT ( 'NONE',  ( -8.838126989374223777E-18, 0.1443375672974064328, -0.1624999999999996447 ) ) ;
#2840 = CARTESIAN_POINT ( 'NONE',  ( -0.1249999999999999306, -0.07216878364870328577, -0.05208333333333312748 ) ) ;
#2841 = DIRECTION ( 'NONE',  ( 0.000000000000000000, 0.000000000000000000, 1.000000000000000000 ) ) ;
#2842 = EDGE_CURVE ( 'NONE', #1363, #944, #772, .T. ) ;
#2843 = EDGE_CURVE ( 'NONE', #1635, #2990, #1938, .T. ) ;
#2844 = LINE ( 'NONE', #390, #1152 ) ;
#2845 = VERTEX_POINT ( 'NONE', #1892 ) ;
#2846 = ORIENTED_EDGE ( 'NONE', *, *, #2394, .F. ) ;
#2847 = CARTESIAN_POINT ( 'NONE',  ( 0.2368857816065645938, -0.04458147798642593529, -0.01349999999999999985 ) ) ;
#2848 = ORIENTED_EDGE ( 'NONE', *, *, #736, .F. ) ;
#2849 = CARTESIAN_POINT ( 'NONE',  ( 0.04439820047183578450, -0.08802800399656460217, -0.1553703698697654900 ) ) ;
#2850 = LINE ( 'NONE', #2162, #2314 ) ;
#2851 = DIRECTION ( 'NONE',  ( 0.000000000000000000, 0.000000000000000000, 1.000000000000000000 ) ) ;
#2852 = DIRECTION ( 'NONE',  ( 0.000000000000000000, 0.000000000000000000, -1.000000000000000000 ) ) ;
#2853 = CIRCLE ( 'NONE', #1588, 0.01345486111111108586 ) ;
#2854 = AXIS2_PLACEMENT_3D ( 'NONE', #1723, #2649, #2827 ) ;
#2855 = EDGE_CURVE ( 'NONE', #2918, #1768, #2878, .T. ) ;
#2856 = FACE_OUTER_BOUND ( 'NONE', #1225, .T. ) ;
#2857 = ORIENTED_EDGE ( 'NONE', *, *, #1371, .F. ) ;
#2858 = CIRCLE ( 'NONE', #1550, 0.2398253060848000717 ) ;
#2859 = EDGE_LOOP ( 'NONE', ( #889, #2534, #697, #2463, #1654, #2126, #848, #163, #406, #118, #1310, #12, #2639, #50, #1435, #1874, #1562, #2550, #2130 ) ) ;
#2860 = VECTOR ( 'NONE', #821, 39.37007874015748143 ) ;
#2861 = VERTEX_POINT ( 'NONE', #1177 ) ;
#2862 = CARTESIAN_POINT ( 'NONE',  ( 0.08213795521442203429, 0.07802755273368233713, -0.01196793923968390155 ) ) ;
#2863 = AXIS2_PLACEMENT_3D ( 'NONE', #2007, #1549, #2937 ) ;
#2864 = ORIENTED_EDGE ( 'NONE', *, *, #2279, .F. ) ;
#2865 = DIRECTION ( 'NONE',  ( 0.000000000000000000, 0.000000000000000000, -1.000000000000000000 ) ) ;
#2866 = CARTESIAN_POINT ( 'NONE',  ( 0.09252404735808336667, -0.05341878364870306789, -0.1041666666666663799 ) ) ;
#2867 = VECTOR ( 'NONE', #126, 39.37007874015748143 ) ;
#2868 =( BOUNDED_CURVE ( )  B_SPLINE_CURVE ( 3, ( #2484, #679, #840, #1375 ),
 .UNSPECIFIED., .F., .F. ) 
 B_SPLINE_CURVE_WITH_KNOTS ( ( 4, 4 ),
 ( 3.141592653589793116, 3.448631670234584057 ),
 .UNSPECIFIED. ) 
 CURVE ( )  GEOMETRIC_REPRESENTATION_ITEM ( )  RATIONAL_B_SPLINE_CURVE ( ( 1.000000000000000000, 0.9921593375692162597, 0.9921593375692162597, 1.000000000000000000 ) ) 
 REPRESENTATION_ITEM ( '' )  );
#2869 = DIRECTION ( 'NONE',  ( 0.000000000000000000, 0.000000000000000000, -1.000000000000000000 ) ) ;
#2870 = DIRECTION ( 'NONE',  ( 0.000000000000000000, 0.000000000000000000, 1.000000000000000000 ) ) ;
#2871 = DIRECTION ( 'NONE',  ( 0.2588190451025140226, 0.000000000000000000, 0.9659258262890699775 ) ) ;
#2872 = CARTESIAN_POINT ( 'NONE',  ( 0.06249999999999997224, 0.1082531754730548385, -0.3166666666666659857 ) ) ;
#2873 = EDGE_CURVE ( 'NONE', #1830, #1710, #310, .T. ) ;
#2874 = ORIENTED_EDGE ( 'NONE', *, *, #2678, .T. ) ;
#2875 =( BOUNDED_CURVE ( )  B_SPLINE_CURVE ( 2, ( #1216, #746, #1011, #778, #471, #36, #2823 ),
 .UNSPECIFIED., .F., .F. ) 
 B_SPLINE_CURVE_WITH_KNOTS ( ( 3, 2, 2, 3 ),
 ( 0.2857142857142856984, 0.3095238095238095344, 0.3333333333333332593, 0.3571428571428570953 ),
 .UNSPECIFIED. ) 
 CURVE ( )  GEOMETRIC_REPRESENTATION_ITEM ( )  RATIONAL_B_SPLINE_CURVE ( ( 1.000000000000000000, 0.8660254037844387076, 1.000000000000000000, 0.8660254037844387076, 1.000000000000000000, 0.8660254037844390407, 0.9999999999999996669 ) ) 
 REPRESENTATION_ITEM ( '' )  );
#2876 = VERTEX_POINT ( 'NONE', #2362 ) ;
#2877 = VERTEX_POINT ( 'NONE', #976 ) ;
#2878 = LINE ( 'NONE', #992, #1412 ) ;
#2879 = ADVANCED_FACE ( 'NONE', ( #287 ), #2718, .T. ) ;
#2880 = CARTESIAN_POINT ( 'NONE',  ( -0.06250000000000001388, 0.1082531754730548246, -0.2083333333333328985 ) ) ;
#2881 = CYLINDRICAL_SURFACE ( 'NONE', #2363, 0.03363715277777774848 ) ;
#2882 = CARTESIAN_POINT ( 'NONE',  ( 0.09252404735808332503, 1.133092784412348612E-17, 0.000000000000000000 ) ) ;
#2883 = DIRECTION ( 'NONE',  ( 0.000000000000000000, -0.000000000000000000, 1.000000000000000000 ) ) ;
#2884 = FACE_OUTER_BOUND ( 'NONE', #2042, .T. ) ;
#2885 = DIRECTION ( 'NONE',  ( -0.000000000000000000, -1.000000000000000000, -0.000000000000000000 ) ) ;
#2886 = CARTESIAN_POINT ( 'NONE',  ( 0.1250000000000000000, 4.592425496802574219E-17, -0.07499999999999984457 ) ) ;
#2887 = EDGE_LOOP ( 'NONE', ( #1192, #1138, #2145, #548 ) ) ;
#2888 = DIRECTION ( 'NONE',  ( -0.000000000000000000, -0.000000000000000000, -1.000000000000000000 ) ) ;
#2889 = ORIENTED_EDGE ( 'NONE', *, *, #1656, .F. ) ;
#2890 = ORIENTED_EDGE ( 'NONE', *, *, #221, .T. ) ;
#2891 = CARTESIAN_POINT ( 'NONE',  ( 0.1250000000000000000, 2.985850298717408743E-16, -0.1249999999999997224 ) ) ;
#2892 = EDGE_CURVE ( 'NONE', #1124, #630, #2850, .T. ) ;
#2893 = EDGE_CURVE ( 'NONE', #773, #370, #2875, .T. ) ;
#2894 = PLANE ( 'NONE',  #1827 ) ;
#2895 = DIRECTION ( 'NONE',  ( -0.000000000000000000, -0.000000000000000000, -1.000000000000000000 ) ) ;
#2896 = CARTESIAN_POINT ( 'NONE',  ( -0.06762552170029172138, -0.07961977301184786082, -0.1612537667225114602 ) ) ;
#2897 = DIRECTION ( 'NONE',  ( -0.000000000000000000, -0.000000000000000000, -1.000000000000000000 ) ) ;
#2898 = ORIENTED_EDGE ( 'NONE', *, *, #2589, .T. ) ;
#2899 = DIRECTION ( 'NONE',  ( 0.7071067811865486830, 0.000000000000000000, 0.7071067811865462405 ) ) ;
#2900 = VERTEX_POINT ( 'NONE', #721 ) ;
#2901 = VECTOR ( 'NONE', #1246, 39.37007874015748143 ) ;
#2902 = EDGE_LOOP ( 'NONE', ( #2519, #701, #1785, #2300, #210, #603 ) ) ;
#2903 = DIRECTION ( 'NONE',  ( 0.000000000000000000, 0.000000000000000000, 1.000000000000000000 ) ) ;
#2904 = EDGE_CURVE ( 'NONE', #1991, #1196, #1010, .T. ) ;
#2905 = VECTOR ( 'NONE', #1943, 39.37007874015748143 ) ;
#2906 = DIRECTION ( 'NONE',  ( -1.000000000000000000, 0.000000000000000000, 0.000000000000000000 ) ) ;
#2907 = EDGE_CURVE ( 'NONE', #1743, #115, #308, .T. ) ;
#2908 = LINE ( 'NONE', #1285, #3010 ) ;
#2909 = ADVANCED_FACE ( 'NONE', ( #339 ), #830, .F. ) ;
#2910 = CARTESIAN_POINT ( 'NONE',  ( 1.962574272291876470E-17, -0.1068375672974062052, -0.1124999999999996975 ) ) ;
#2911 = CIRCLE ( 'NONE', #2960, 0.2410064030424000359 ) ;
#2912 = CARTESIAN_POINT ( 'NONE',  ( 0.1250000000000000000, 4.592425496802574219E-17, -0.07499999999999984457 ) ) ;
#2913 = CARTESIAN_POINT ( 'NONE',  ( -0.1489315150786608699, -0.04036458333333332177, -0.03368229166666667634 ) ) ;
#2914 = CARTESIAN_POINT ( 'NONE',  ( 0.000000000000000000, 0.000000000000000000, -0.5000000000000000000 ) ) ;
#2915 = CARTESIAN_POINT ( 'NONE',  ( 0.000000000000000000, 0.000000000000000000, 0.000000000000000000 ) ) ;
#2916 = ORIENTED_EDGE ( 'NONE', *, *, #114, .F. ) ;
#2917 = DIRECTION ( 'NONE',  ( 0.9659258262890698665, 0.000000000000000000, -0.2588190451025152439 ) ) ;
#2918 = VERTEX_POINT ( 'NONE', #382 ) ;
#2919 = CARTESIAN_POINT ( 'NONE',  ( -0.2604859517817783021, 0.04036458333333332871, -0.4663628472222222654 ) ) ;
#2920 = CARTESIAN_POINT ( 'NONE',  ( 0.06249999999999997224, 0.1082531754730548385, -0.2166666666666662300 ) ) ;
#2921 = CARTESIAN_POINT ( 'NONE',  ( -1.276003928916805782E-16, 0.1068375672974061913, -0.03749999999999986677 ) ) ;
#2922 = ORIENTED_EDGE ( 'NONE', *, *, #31, .T. ) ;
#2923 = CYLINDRICAL_SURFACE ( 'NONE', #1296, 0.02018229166666667129 ) ;
#2924 = CARTESIAN_POINT ( 'NONE',  ( -0.04626202367904168333, 0.08012817547305464694, -0.2833333333333326598 ) ) ;
#2925 = CARTESIAN_POINT ( 'NONE',  ( -0.1249999999999998751, -0.07216878364870342455, -0.09583333333333310389 ) ) ;
#2926 = DIRECTION ( 'NONE',  ( -1.000000000000000000, 0.000000000000000000, 0.000000000000000000 ) ) ;
#2927 = CARTESIAN_POINT ( 'NONE',  ( -0.08733260580945841067, 0.07068445186961581916, -0.1691442931053163401 ) ) ;
#2928 = ADVANCED_FACE ( 'NONE', ( #1050 ), #2947, .T. ) ;
#2929 = ORIENTED_EDGE ( 'NONE', *, *, #2699, .T. ) ;
#2930 = CARTESIAN_POINT ( 'NONE',  ( 0.2604859517817782466, 0.06054687500000000000, 0.01357331393917055561 ) ) ;
#2931 = DIRECTION ( 'NONE',  ( 3.383966546990571645E-15, 0.000000000000000000, 1.000000000000000000 ) ) ;
#2932 = CARTESIAN_POINT ( 'NONE',  ( 0.09252404735808335279, -0.05341878364870306095, -0.06041666666666649366 ) ) ;
#2933 = ORIENTED_EDGE ( 'NONE', *, *, #1087, .F. ) ;
#2934 = CARTESIAN_POINT ( 'NONE',  ( 0.04626202367904171803, -0.08012817547305463306, -0.2083333333333328430 ) ) ;
#2935 = DIRECTION ( 'NONE',  ( -1.000000000000000000, 0.000000000000000000, 0.000000000000000000 ) ) ;
#2936 = DIRECTION ( 'NONE',  ( 0.000000000000000000, 0.000000000000000000, -1.000000000000000000 ) ) ;
#2937 = DIRECTION ( 'NONE',  ( -2.672284832845591705E-15, 0.000000000000000000, 1.000000000000000000 ) ) ;
#2938 = CARTESIAN_POINT ( 'NONE',  ( -0.1249999999999999584, 0.000000000000000000, -0.006249999999999898866 ) ) ;
#2939 = ADVANCED_FACE ( 'NONE', ( #2225 ), #2942, .T. ) ;
#2940 = ORIENTED_EDGE ( 'NONE', *, *, #2699, .F. ) ;
#2941 = EDGE_CURVE ( 'NONE', #869, #2828, #561, .T. ) ;
#2942 = TOROIDAL_SURFACE ( 'NONE', #2000, 0.4933910222725038652, 0.02018229166666666782 ) ;
#2943 = ORIENTED_EDGE ( 'NONE', *, *, #1374, .F. ) ;
#2944 = EDGE_CURVE ( 'NONE', #624, #1369, #936, .T. ) ;
#2945 = ORIENTED_EDGE ( 'NONE', *, *, #1055, .T. ) ;
#2946 = TOROIDAL_SURFACE ( 'NONE', #651, 0.2721109264059426991, 0.02018229166666666782 ) ;
#2947 = CYLINDRICAL_SURFACE ( 'NONE', #1387, 0.4163193667769038986 ) ;
#2948 = CARTESIAN_POINT ( 'NONE',  ( -0.1250000000000000000, 0.000000000000000000, -0.2499999999999994449 ) ) ;
#2949 = CIRCLE ( 'NONE', #1734, 0.01345486111111108586 ) ;
#2950 = DIRECTION ( 'NONE',  ( 0.000000000000000000, -1.000000000000000000, -0.000000000000000000 ) ) ;
#2951 = ORIENTED_EDGE ( 'NONE', *, *, #531, .F. ) ;
#2952 = CARTESIAN_POINT ( 'NONE',  ( -0.2359439148264161346, 0.04868645637174402740, -0.01483760932944476647 ) ) ;
#2953 = AXIS2_PLACEMENT_3D ( 'NONE', #2522, #423, #1361 ) ;
#2954 = CARTESIAN_POINT ( 'NONE',  ( 0.09252404735808336667, -0.05341878364870306789, -0.3041666666666659746 ) ) ;
#2955 = FACE_OUTER_BOUND ( 'NONE', #2218, .T. ) ;
#2956 = AXIS2_PLACEMENT_3D ( 'NONE', #956, #1920, #1853 ) ;
#2957 = EDGE_CURVE ( 'NONE', #647, #1635, #482, .T. ) ;
#2958 = DIRECTION ( 'NONE',  ( -1.000000000000000000, 0.000000000000000000, -8.855599760454197625E-17 ) ) ;
#2959 = CARTESIAN_POINT ( 'NONE',  ( 0.06250000000000004163, -0.1082531754730547691, 0.01041666666666673201 ) ) ;
#2960 = AXIS2_PLACEMENT_3D ( 'NONE', #1532, #2710, #2958 ) ;
#2961 = ADVANCED_FACE ( 'NONE', ( #2199 ), #1726, .T. ) ;
#2962 = CARTESIAN_POINT ( 'NONE',  ( -0.1250000000000000000, -3.061616997868383018E-17, -0.04999999999999989175 ) ) ;
#2963 = ORIENTED_EDGE ( 'NONE', *, *, #663, .T. ) ;
#2964 = CARTESIAN_POINT ( 'NONE',  ( -0.2604859517817782466, 0.06054687500000000000, 0.01357331393917055561 ) ) ;
#2965 = FACE_OUTER_BOUND ( 'NONE', #1910, .T. ) ;
#2966 = VERTEX_POINT ( 'NONE', #816 ) ;
#2967 = CARTESIAN_POINT ( 'NONE',  ( -0.2410064030424000636, 2.951477200598922083E-17, -0.01349999999999999985 ) ) ;
#2968 = DIRECTION ( 'NONE',  ( 1.000000000000000000, 0.000000000000000000, 0.000000000000000000 ) ) ;
#2969 = CARTESIAN_POINT ( 'NONE',  ( -0.09252404735808332503, 0.05341878364870308177, -0.1354166666666663243 ) ) ;
#2970 = EDGE_CURVE ( 'NONE', #1768, #907, #990, .T. ) ;
#2971 = EDGE_LOOP ( 'NONE', ( #918, #1468, #2082 ) ) ;
#2973 = ADVANCED_FACE ( 'NONE', ( #545 ), #307, .T. ) ;
#2972 = DIRECTION ( 'NONE',  ( 0.000000000000000000, 0.000000000000000000, 1.000000000000000000 ) ) ;
#2974 = DIRECTION ( 'NONE',  ( 0.000000000000000000, 0.000000000000000000, -1.000000000000000000 ) ) ;
#2975 = CARTESIAN_POINT ( 'NONE',  ( -6.541914240972922338E-18, 0.1068375672974062052, -0.1374999999999996503 ) ) ;
#2976 = CARTESIAN_POINT ( 'NONE',  ( 0.03289478094208383996, -0.09840601848826224796, -0.02208188768948926919 ) ) ;
#2977 = CARTESIAN_POINT ( 'NONE',  ( -0.1083984676569756250, -0.006571991274736363985, -0.1653984676570038892 ) ) ;
#2978 = FACE_OUTER_BOUND ( 'NONE', #1729, .T. ) ;
#2979 = ORIENTED_EDGE ( 'NONE', *, *, #1341, .T. ) ;
#2980 = DIRECTION ( 'NONE',  ( 1.000000000000000000, 0.000000000000000000, 0.000000000000000000 ) ) ;
#2981 = DIRECTION ( 'NONE',  ( 0.000000000000000000, 0.000000000000000000, -1.000000000000000000 ) ) ;
#2982 = ORIENTED_EDGE ( 'NONE', *, *, #1187, .T. ) ;
#2983 = CYLINDRICAL_SURFACE ( 'NONE', #1459, 0.09252404735808332503 ) ;
#2984 = ORIENTED_EDGE ( 'NONE', *, *, #794, .T. ) ;
#2985 = CARTESIAN_POINT ( 'NONE',  ( -0.5288628472222222099, 0.04036458333333332871, -0.3843117960914554931 ) ) ;
#2986 = CYLINDRICAL_SURFACE ( 'NONE', #557, 0.1250000000000000000 ) ;
#2987 = CARTESIAN_POINT ( 'NONE',  ( -0.06250000000000000000, 0.1082531754730547829, -0.1645833333333328874 ) ) ;
#2988 = DIRECTION ( 'NONE',  ( 1.000000000000000000, 0.000000000000000000, 0.000000000000000000 ) ) ;
#2989 = EDGE_LOOP ( 'NONE', ( #2310, #904, #2159, #2405, #1581 ) ) ;
#2990 = VERTEX_POINT ( 'NONE', #1859 ) ;
#2991 = CARTESIAN_POINT ( 'NONE',  ( 0.09252404735808331115, 0.05341878364870311646, -0.1520833333333329318 ) ) ;
#2992 = CARTESIAN_POINT ( 'NONE',  ( -0.05516785584176638751, 0.07427790399131446730, -0.03247595264191654313 ) ) ;
#2993 = ORIENTED_EDGE ( 'NONE', *, *, #106, .F. ) ;
#2994 = FACE_OUTER_BOUND ( 'NONE', #2624, .T. ) ;
#2995 = ORIENTED_EDGE ( 'NONE', *, *, #1115, .F. ) ;
#2996 = CYLINDRICAL_SURFACE ( 'NONE', #1639, 0.02018229166666666782 ) ;
#2998 = AXIS2_PLACEMENT_3D ( 'NONE', #132, #582, #2981 ) ;
#2997 = LINE ( 'NONE', #892, #1250 ) ;
#2999 = ORIENTED_EDGE ( 'NONE', *, *, #2907, .F. ) ;
#3000 = AXIS2_PLACEMENT_3D ( 'NONE', #1795, #186, #393 ) ;
#3001 = PLANE ( 'NONE',  #1034 ) ;
#3002 = ADVANCED_FACE ( 'NONE', ( #1846 ), #3001, .T. ) ;
#3003 = CARTESIAN_POINT ( 'NONE',  ( -0.06081059982869232994, -0.07701621130345631672, -0.02709749404822798732 ) ) ;
#3004 = AXIS2_PLACEMENT_3D ( 'NONE', #2511, #2334, #2577 ) ;
#3005 = CARTESIAN_POINT ( 'NONE',  ( -0.06249999999999988898, -0.1082531754730548523, -0.2479166666666660634 ) ) ;
#3006 = AXIS2_PLACEMENT_3D ( 'NONE', #1307, #1069, #2936 ) ;
#3007 = CARTESIAN_POINT ( 'NONE',  ( 0.1499086832239708289, -0.04646442789221875980, -0.1799999999999999933 ) ) ;
#3008 = ORIENTED_EDGE ( 'NONE', *, *, #1055, .F. ) ;
#3009 = CARTESIAN_POINT ( 'NONE',  ( -0.04626202367904160007, -0.08012817547305467469, -0.3229166666666659635 ) ) ;
#3010 = VECTOR ( 'NONE', #549, 39.37007874015748143 ) ;
#3011 = DIRECTION ( 'NONE',  ( -1.000000000000000000, 0.000000000000000000, 0.000000000000000000 ) ) ;
#3012 = VECTOR ( 'NONE', #1232, 39.37007874015748143 ) ;
#3013 = EDGE_LOOP ( 'NONE', ( #2067, #2943, #476, #1280, #2995, #1491, #1107, #528 ) ) ;
ENDSEC;
END-ISO-10303-21;
