ISO-10303-21;
HEADER;
FILE_DESCRIPTION (( 'STEP AP214' ),
    '1' );
FILE_NAME ('91075A445_Male-Female Threaded Hex Standoff.STEP',
    '2026-02-20T19:34:30',
    ( '' ),
    ( '' ),
    'SwSTEP 2.0',
    'SolidWorks 2025',
    '' );
FILE_SCHEMA (( 'AUTOMOTIVE_DESIGN' ));
ENDSEC;

DATA;
#1 = CARTESIAN_POINT ( 'NONE',  ( 0.04870252959880215504, 0.02017324828170075079, -0.05273437500000021511 ) ) ;
#2 = ADVANCED_FACE ( 'NONE', ( #2051 ), #5317, .F. ) ;
#3 = CARTESIAN_POINT ( 'NONE',  ( 0.1124999999999999750, 0.07938566201357317997, 0.8640654110148561218 ) ) ;
#4 = CARTESIAN_POINT ( 'NONE',  ( -0.03443788894025132108, 0.03443788894025100189, 0.8007812500000002220 ) ) ;
#5 = ORIENTED_EDGE ( 'NONE', *, *, #3680, .F. ) ;
#6 = CARTESIAN_POINT ( 'NONE',  ( 0.01250000000000006314, 0.1371206889325357059, 0.01093458898514388690 ) ) ;
#7 = CARTESIAN_POINT ( 'NONE',  ( -0.04879036790187186307, 0.04879036790187154388, 0.5351562500000001110 ) ) ;
#8 = PLANE ( 'NONE',  #5507 ) ;
#9 = CARTESIAN_POINT ( 'NONE',  ( -0.02928135976391377585, 0.07069145586676625626, -0.2470703124999993339 ) ) ;
#10 = CARTESIAN_POINT ( 'NONE',  ( -0.04998640781534011146, 0.04998640781533989635, -0.1181640625000003192 ) ) ;
#11 = CARTESIAN_POINT ( 'NONE',  ( -5.964339698355189526E-18, -0.04870252959880215504, 0.7773437500000004441 ) ) ;
#12 = CARTESIAN_POINT ( 'NONE',  ( -5.964339698355189526E-18, -0.04870252959880215504, 0.7812500000000003331 ) ) ;
#13 = CARTESIAN_POINT ( 'NONE',  ( 0.02017324828170097978, 0.04870252959880194688, -0.1738281250000001943 ) ) ;
#14 = CARTESIAN_POINT ( 'NONE',  ( -0.02017324828170095202, 0.04870252959880195381, -0.1660156250000001388 ) ) ;
#15 = LINE ( 'NONE', #4508, #4952 ) ;
#16 = CARTESIAN_POINT ( 'NONE',  ( -0.1124999999999998918, 0.07938566201357313834, 0.01093458898514388170 ) ) ;
#17 = ORIENTED_EDGE ( 'NONE', *, *, #252, .T. ) ;
#18 = CARTESIAN_POINT ( 'NONE',  ( -0.02017324828170082018, -0.04870252959880215504, 0.9042968750000002220 ) ) ;
#19 = VERTEX_POINT ( 'NONE', #3461 ) ;
#20 = CARTESIAN_POINT ( 'NONE',  ( 0.07069145586676646442, -3.338356652790262245E-16, 0.6455078125000004441 ) ) ;
#21 = ORIENTED_EDGE ( 'NONE', *, *, #767, .F. ) ;
#22 = CARTESIAN_POINT ( 'NONE',  ( 0.02858073580374305422, -0.06900000000000101885, 0.8261718750000002220 ) ) ;
#23 = CARTESIAN_POINT ( 'NONE',  ( 0.03443788894025155700, -0.03443788894025178599, -0.2460937500000001943 ) ) ;
#24 = CARTESIAN_POINT ( 'NONE',  ( 0.07069145586676646442, -3.338356652790262245E-16, 0.8037109375000001110 ) ) ;
#25 = CARTESIAN_POINT ( 'NONE',  ( 0.07069145586676646442, -2.267730957561948356E-16, -0.1318359374999993339 ) ) ;
#26 = B_SPLINE_CURVE_WITH_KNOTS ( 'NONE', 3,
 ( #290, #5471, #5009, #1959, #614, #3742 ),
 .UNSPECIFIED., .F., .F.,
 ( 4, 2, 4 ),
 ( 0.000000000000000000, 0.0003339356863370645948, 0.0006678713726741291896 ),
 .UNSPECIFIED. ) ;
#27 = EDGE_CURVE ( 'NONE', #4563, #5268, #2923, .T. ) ;
#28 = VERTEX_POINT ( 'NONE', #5573 ) ;
#29 = VERTEX_POINT ( 'NONE', #1611 ) ;
#30 = CARTESIAN_POINT ( 'NONE',  ( -0.04870252959880183585, -0.02017324828170113243, 0.7714843750000005551 ) ) ;
#31 = CARTESIAN_POINT ( 'NONE',  ( 0.04870252959880182891, -0.02017324828170116019, 0.5332031250000005551 ) ) ;
#32 = CARTESIAN_POINT ( 'NONE',  ( -8.450062914116752315E-18, -0.06900000000000044986, 0.8593750000000002220 ) ) ;
#33 = CARTESIAN_POINT ( 'NONE',  ( 0.000000000000000000, -1.493979371535143794E-17, -0.2500000000000000000 ) ) ;
#34 = CARTESIAN_POINT ( 'NONE',  ( 0.000000000000000000, -1.493979371535143794E-17, -0.2500000000000000000 ) ) ;
#35 = DIRECTION ( 'NONE',  ( -0.000000000000000000, 1.081356497492104437E-16, -1.000000000000000000 ) ) ;
#36 = CARTESIAN_POINT ( 'NONE',  ( 0.02858073580374414016, -0.06899999999999992251, 0.6074218750000006661 ) ) ;
#37 = CARTESIAN_POINT ( 'NONE',  ( 0.02017324828170097978, 0.04870252959880194688, -0.07617187500000013878 ) ) ;
#38 = CARTESIAN_POINT ( 'NONE',  ( -0.02896526670286995314, -0.1276144627693554523, 0.006797204659705251631 ) ) ;
#39 = CARTESIAN_POINT ( 'NONE',  ( 0.07069145586676645054, 0.02928135976391356768, -0.1591796875000003053 ) ) ;
#40 = CARTESIAN_POINT ( 'NONE',  ( 0.04870252959880183585, -3.297963650534137407E-16, 0.7851562500000003331 ) ) ;
#41 = CARTESIAN_POINT ( 'NONE',  ( -0.02017324828170081324, 0.04870252959880150972, 0.7363281250000003331 ) ) ;
#42 = CARTESIAN_POINT ( 'NONE',  ( -0.02017324828170095202, 0.04870252959880195381, -0.1660156250000001388 ) ) ;
#43 = CARTESIAN_POINT ( 'NONE',  ( 0.03443788894025155700, -0.03443788894025177905, -0.2109375000000001388 ) ) ;
#44 = DIRECTION ( 'NONE',  ( -0.000000000000000000, -0.000000000000000000, -1.000000000000000000 ) ) ;
#45 = CARTESIAN_POINT ( 'NONE',  ( 0.008760845854621399434, 0.1392794905849115694, 0.8630201580567848918 ) ) ;
#46 = DIRECTION ( 'NONE',  ( 0.000000000000000000, 0.000000000000000000, 1.000000000000000000 ) ) ;
#47 = ORIENTED_EDGE ( 'NONE', *, *, #586, .T. ) ;
#48 = CARTESIAN_POINT ( 'NONE',  ( -0.03443788894025132108, 0.03443788894025100189, 0.7070312500000003331 ) ) ;
#49 = CARTESIAN_POINT ( 'NONE',  ( 0.04998640781534011146, -0.04998640781534044453, 0.6728515625000005551 ) ) ;
#50 = EDGE_LOOP ( 'NONE', ( #5114, #3113 ) ) ;
#51 = EDGE_CURVE ( 'NONE', #2179, #850, #3382, .T. ) ;
#52 = CARTESIAN_POINT ( 'NONE',  ( 1.690012582823350771E-17, 0.06899999999999979761, 0.8398437500000004441 ) ) ;
#53 = CARTESIAN_POINT ( 'NONE',  ( -0.04870252959880216892, -2.166054452118648320E-16, -0.2265625000000001943 ) ) ;
#54 = CARTESIAN_POINT ( 'NONE',  ( -0.06900000000000011680, -3.166248240488225568E-16, 0.5039062500000005551 ) ) ;
#55 = CARTESIAN_POINT ( 'NONE',  ( 0.04998640781534011146, -0.04998640781534045147, 0.6435546875000002220 ) ) ;
#56 = EDGE_CURVE ( 'NONE', #3015, #3328, #716, .T. ) ;
#57 = ORIENTED_EDGE ( 'NONE', *, *, #942, .F. ) ;
#58 = CARTESIAN_POINT ( 'NONE',  ( -0.03443788894025132108, 0.03443788894025100189, 0.6406250000000003331 ) ) ;
#59 = CARTESIAN_POINT ( 'NONE',  ( -0.02017324828170081324, 0.04870252959880150972, 0.6699218750000003331 ) ) ;
#60 = CARTESIAN_POINT ( 'NONE',  ( -5.964339698355230356E-18, -0.04870252959880237709, -0.06250000000000018041 ) ) ;
#61 = CARTESIAN_POINT ( 'NONE',  ( 0.03443788894025155700, -0.03443788894025178599, -0.2421875000000001388 ) ) ;
#62 = CARTESIAN_POINT ( 'NONE',  ( -5.964339698355189526E-18, -0.04870252959880215504, 0.8125000000000003331 ) ) ;
#63 = VERTEX_POINT ( 'NONE', #1728 ) ;
#64 = CARTESIAN_POINT ( 'NONE',  ( -0.06900000000000014455, 0.02858073580374329709, 0.5644531250000005551 ) ) ;
#65 = CARTESIAN_POINT ( 'NONE',  ( -0.06900000000000014455, 0.02858073580374329709, 0.6582031250000005551 ) ) ;
#66 = CARTESIAN_POINT ( 'NONE',  ( 0.04870252959880216892, -2.196841379741120074E-16, -0.08203125000000015266 ) ) ;
#67 = CARTESIAN_POINT ( 'NONE',  ( 0.04998640781534011146, -0.04998640781534033350, -0.1962890625000003331 ) ) ;
#68 = CARTESIAN_POINT ( 'NONE',  ( -0.03443788894025132802, -0.03443788894025164027, 0.7734375000000003331 ) ) ;
#69 = CARTESIAN_POINT ( 'NONE',  ( -0.02017324828170082018, -0.04870252959880215504, 0.6855468750000005551 ) ) ;
#70 = CARTESIAN_POINT ( 'NONE',  ( -0.02017324828170095549, -0.04870252959880237709, -0.1855468750000001388 ) ) ;
#71 = VECTOR ( 'NONE', #224, 39.37007874015748143 ) ;
#72 = CARTESIAN_POINT ( 'NONE',  ( -0.03443788894025155700, -0.03443788894025177211, -0.1875000000000001388 ) ) ;
#73 = CARTESIAN_POINT ( 'NONE',  ( -5.964339698355189526E-18, -0.04870252959880215504, 0.5000000000000002220 ) ) ;
#74 = CARTESIAN_POINT ( 'NONE',  ( 8.391301089453736207E-13, 0.06899999999999967271, -0.2148437500000576206 ) ) ;
#75 = CARTESIAN_POINT ( 'NONE',  ( -0.06899999999999989475, -0.02858073580374372730, -0.08398437499999945877 ) ) ;
#76 = ORIENTED_EDGE ( 'NONE', *, *, #4615, .F. ) ;
#77 = CARTESIAN_POINT ( 'NONE',  ( 0.03443788894025132802, 0.03443788894025099495, 0.7617187500000003331 ) ) ;
#78 = VECTOR ( 'NONE', #5550, 39.37007874015748143 ) ;
#79 = EDGE_CURVE ( 'NONE', #1348, #876, #280, .T. ) ;
#80 = CARTESIAN_POINT ( 'NONE',  ( 0.02928135976391375503, -0.07069145586676681137, 0.6396484375000004441 ) ) ;
#81 = ORIENTED_EDGE ( 'NONE', *, *, #3687, .F. ) ;
#82 = CARTESIAN_POINT ( 'NONE',  ( 0.02070054192274776300, -0.1323861038459371586, 0.8663578120149947326 ) ) ;
#83 = CARTESIAN_POINT ( 'NONE',  ( -0.02017324828170095202, 0.04870252959880194688, -0.2324218750000001665 ) ) ;
#84 = VECTOR ( 'NONE', #4318, 39.37007874015748143 ) ;
#85 = CARTESIAN_POINT ( 'NONE',  ( -0.04879036790187171041, -0.04879036790187191164, -0.1757812499999994726 ) ) ;
#86 = EDGE_CURVE ( 'NONE', #3712, #2138, #2540, .T. ) ;
#87 = CARTESIAN_POINT ( 'NONE',  ( -0.04998640781534011840, -0.04998640781534043759, 0.7294921875000002220 ) ) ;
#88 = VERTEX_POINT ( 'NONE', #2227 ) ;
#89 = AXIS2_PLACEMENT_3D ( 'NONE', #5056, #5025, #2003 ) ;
#90 = ORIENTED_EDGE ( 'NONE', *, *, #2322, .T. ) ;
#91 = CARTESIAN_POINT ( 'NONE',  ( -0.02017324828170082018, -0.04870252959880215504, 0.7441406250000003331 ) ) ;
#92 = CARTESIAN_POINT ( 'NONE',  ( -0.03443788894025132802, -0.03443788894025164027, 0.5546875000000004441 ) ) ;
#93 = CARTESIAN_POINT ( 'NONE',  ( 0.04870252959880182891, 0.02017324828170050446, 0.8496093750000004441 ) ) ;
#94 = CARTESIAN_POINT ( 'NONE',  ( 0.04870252959880182891, 0.02017324828170050446, 0.6308593750000003331 ) ) ;
#95 = CARTESIAN_POINT ( 'NONE',  ( -0.05472903545828486371, -0.02248693619686288267, 0.5000000000000001110 ) ) ;
#96 = CARTESIAN_POINT ( 'NONE',  ( -0.02017324828170095896, -0.04870252959880238403, -0.09570312500000018041 ) ) ;
#97 = CARTESIAN_POINT ( 'NONE',  ( 0.008993316344922697506, 0.04996785183159004745, 0.8539226290976501543 ) ) ;
#98 = CARTESIAN_POINT ( 'NONE',  ( 0.06900000000000010292, -0.02858073580374397363, 0.6152343750000000000 ) ) ;
#99 = CARTESIAN_POINT ( 'NONE',  ( 5.766694280604501403E-17, 0.1443375672974060442, -0.3818813079129863564 ) ) ;
#100 = ORIENTED_EDGE ( 'NONE', *, *, #3561, .T. ) ;
#101 = CARTESIAN_POINT ( 'NONE',  ( -0.1249999999999999029, -0.03870963753140697905, 0.006328713194306318998 ) ) ;
#102 = CARTESIAN_POINT ( 'NONE',  ( 0.02017324828170097978, 0.04870252959880193994, -0.2324218750000001110 ) ) ;
#103 = CARTESIAN_POINT ( 'NONE',  ( 0.000000000000000000, 0.06899999999999992251, -0.2500000000000000000 ) ) ;
#104 = CARTESIAN_POINT ( 'NONE',  ( -0.07069145586676647830, -0.02928135976391398401, -0.2373046875000003053 ) ) ;
#105 = ADVANCED_FACE ( 'NONE', ( #3072 ), #4468, .T. ) ;
#106 = CARTESIAN_POINT ( 'NONE',  ( -0.02017324828170082018, -0.04870252959880215504, 0.7753906250000002220 ) ) ;
#107 = CARTESIAN_POINT ( 'NONE',  ( 0.04870252959880182891, 0.02017324828170050446, 0.7285156250000004441 ) ) ;
#108 = CARTESIAN_POINT ( 'NONE',  ( -0.02017324828170095549, -0.04870252959880237709, -0.1542968750000001110 ) ) ;
#109 = CARTESIAN_POINT ( 'NONE',  ( 0.06900000000000010292, -0.02858073580374397363, 0.6464843750000001110 ) ) ;
#110 = DIRECTION ( 'NONE',  ( -0.000000000000000000, 1.081356497492104437E-16, -1.000000000000000000 ) ) ;
#111 = CARTESIAN_POINT ( 'NONE',  ( -0.04879036790187186307, 0.04879036790187154388, 0.6601562500000000000 ) ) ;
#112 = ORIENTED_EDGE ( 'NONE', *, *, #4249, .T. ) ;
#113 = CARTESIAN_POINT ( 'NONE',  ( 0.03443788894025132108, -0.03443788894025164721, 0.7851562500000002220 ) ) ;
#114 = CARTESIAN_POINT ( 'NONE',  ( 1.731441303086038567E-17, 0.07069145586676613136, 0.7158203125000004441 ) ) ;
#115 =( BOUNDED_CURVE ( )  B_SPLINE_CURVE ( 2, ( #216, #1452, #1914, #2355, #155, #1482, #3729, #5053, #2889 ),
 .UNSPECIFIED., .F., .T. ) 
 B_SPLINE_CURVE_WITH_KNOTS ( ( 3, 2, 2, 2, 3 ),
 ( 0.7142857142857139685, 0.7232142857142853654, 0.7321428571428569843, 0.7410714285714283811, 0.7499999999999997780 ),
 .UNSPECIFIED. ) 
 CURVE ( )  GEOMETRIC_REPRESENTATION_ITEM ( )  RATIONAL_B_SPLINE_CURVE ( ( 1.000000000000002887, 0.9238795325112838519, 1.000000000000000000, 0.9238795325112867385, 1.000000000000000000, 0.9238795325112867385, 1.000000000000000000, 0.9238795325112886259, 0.9999999999999981126 ) ) 
 REPRESENTATION_ITEM ( '' )  );
#116 = CARTESIAN_POINT ( 'NONE',  ( -0.02858073580372316735, 0.06900000000008214840, -0.1503906250000293376 ) ) ;
#117 = CARTESIAN_POINT ( 'NONE',  ( 0.04545869694502661235, -0.1180919763791859617, 0.003619768532846122898 ) ) ;
#118 = CARTESIAN_POINT ( 'NONE',  ( -0.02928135976391377585, -0.07069145586676679749, 0.7314453125000001110 ) ) ;
#119 = ORIENTED_EDGE ( 'NONE', *, *, #2868, .F. ) ;
#120 = CARTESIAN_POINT ( 'NONE',  ( 0.03443788894025132802, 0.03443788894025099495, 0.5390625000000004441 ) ) ;
#121 = CARTESIAN_POINT ( 'NONE',  ( 0.04870252959880182891, -0.02017324828170116019, 0.6269531250000004441 ) ) ;
#122 = CARTESIAN_POINT ( 'NONE',  ( -0.06899999999999970046, -0.02858073580374364403, -0.08007812500000015266 ) ) ;
#123 = CARTESIAN_POINT ( 'NONE',  ( 0.02928135976391375850, -0.07069145586676671422, -0.2314453124999993616 ) ) ;
#124 = CARTESIAN_POINT ( 'NONE',  ( 0.000000000000000000, -1.493979371535143794E-17, -0.2500000000000000000 ) ) ;
#125 = CARTESIAN_POINT ( 'NONE',  ( -0.04870252959880183585, -3.178676856567033324E-16, 0.8046875000000003331 ) ) ;
#126 = VERTEX_POINT ( 'NONE', #3157 ) ;
#127 = CARTESIAN_POINT ( 'NONE',  ( -0.1187499999999999944, -1.870465381485256904E-16, 0.8750000000000001110 ) ) ;
#128 = CARTESIAN_POINT ( 'NONE',  ( 0.07069145586676646442, -2.266535013422156760E-16, -0.1298828125000003053 ) ) ;
#129 = CARTESIAN_POINT ( 'NONE',  ( 0.03443788894025132108, -0.03443788894025164721, 0.7812500000000003331 ) ) ;
#130 = ADVANCED_FACE ( 'NONE', ( #1356 ), #4898, .T. ) ;
#131 = CARTESIAN_POINT ( 'NONE',  ( 0.04870252959880182891, 0.02017324828170050446, 0.5410156250000003331 ) ) ;
#132 = CARTESIAN_POINT ( 'NONE',  ( 0.04870252959880215504, -0.02017324828170118795, -0.08398437500000016653 ) ) ;
#133 = CARTESIAN_POINT ( 'NONE',  ( 0.04870252959880182891, -0.02017324828170116019, 0.8457031250000004441 ) ) ;
#134 = CARTESIAN_POINT ( 'NONE',  ( 0.01249999999999999722, -0.1371206889325363720, 0.01093458898514407598 ) ) ;
#135 = CARTESIAN_POINT ( 'NONE',  ( -0.1249999999999999167, 0.05773502691896182509, 0.01093458898514383659 ) ) ;
#136 = CARTESIAN_POINT ( 'NONE',  ( 0.02017324828170079937, -0.04870252959880216198, 0.6894531250000004441 ) ) ;
#137 = CARTESIAN_POINT ( 'NONE',  ( -0.04998640781534011146, -0.04998640781534043759, 0.6337890625000004441 ) ) ;
#138 = CARTESIAN_POINT ( 'NONE',  ( 0.05414179399725717323, 0.1130787879586803851, 0.003602828677653524634 ) ) ;
#139 = CARTESIAN_POINT ( 'NONE',  ( 0.1124999999999999473, -0.07938566201357383223, -0.3818813079129863564 ) ) ;
#140 = CARTESIAN_POINT ( 'NONE',  ( 0.07069145586676647830, 0.02928135976391346360, 0.7119140625000002220 ) ) ;
#141 =( BOUNDED_CURVE ( )  B_SPLINE_CURVE ( 2, ( #418, #1754, #2283, #98, #1727, #2195, #477, #3043, #3604 ),
 .UNSPECIFIED., .F., .T. ) 
 B_SPLINE_CURVE_WITH_KNOTS ( ( 3, 2, 2, 2, 3 ),
 ( 0.3214285714285712858, 0.3303571428571427382, 0.3392857142857140795, 0.3482142857142854764, 0.3571428571428568177 ),
 .UNSPECIFIED. ) 
 CURVE ( )  GEOMETRIC_REPRESENTATION_ITEM ( )  RATIONAL_B_SPLINE_CURVE ( ( 1.000000000000000888, 0.9238795325112857393, 1.000000000000000000, 0.9238795325112867385, 1.000000000000000000, 0.9238795325112867385, 1.000000000000000000, 0.9238795325112890700, 0.9999999999999976685 ) ) 
 REPRESENTATION_ITEM ( '' )  );
#142 = VERTEX_POINT ( 'NONE', #3605 ) ;
#143 = CARTESIAN_POINT ( 'NONE',  ( 0.03443788894025132802, 0.03443788894025099495, 0.7578125000000004441 ) ) ;
#144 = CARTESIAN_POINT ( 'NONE',  ( -0.02017324828170081324, 0.04870252959880150972, 0.5449218750000004441 ) ) ;
#145 = CARTESIAN_POINT ( 'NONE',  ( -0.02017324828170082018, -0.04870252959880215504, 0.7128906250000004441 ) ) ;
#146 = DIRECTION ( 'NONE',  ( 0.000000000000000000, 0.000000000000000000, 1.000000000000000000 ) ) ;
#147 = CARTESIAN_POINT ( 'NONE',  ( 0.1249999999999999584, 0.04834835438287679588, 0.008662159921549977826 ) ) ;
#148 = CARTESIAN_POINT ( 'NONE',  ( 0.04870252959880183585, -3.297963650534137407E-16, 0.6953125000000003331 ) ) ;
#149 = ORIENTED_EDGE ( 'NONE', *, *, #2096, .F. ) ;
#150 = CARTESIAN_POINT ( 'NONE',  ( -5.964339698355230356E-18, -0.04870252959880239096, -0.2460937500000001665 ) ) ;
#151 = CARTESIAN_POINT ( 'NONE',  ( 0.04998640781534011840, 0.04998640781533988942, -0.09472656250000030531 ) ) ;
#152 = CARTESIAN_POINT ( 'NONE',  ( -0.04870252959880183585, -0.02017324828170113243, 0.7089843750000004441 ) ) ;
#153 = CARTESIAN_POINT ( 'NONE',  ( -0.04870252959880183585, 0.02017324828170049406, 0.6464843750000002220 ) ) ;
#154 = CARTESIAN_POINT ( 'NONE',  ( -0.04879036790187187000, -0.04879036790187218919, 0.6992187500000001110 ) ) ;
#155 = CARTESIAN_POINT ( 'NONE',  ( -0.06900000000000011680, -3.166248240488225568E-16, 0.7890625000000001110 ) ) ;
#156 = PLANE ( 'NONE',  #2466 ) ;
#157 = CARTESIAN_POINT ( 'NONE',  ( -0.07069145586676647830, -0.02928135976391399442, -0.2080078124999993339 ) ) ;
#158 = CARTESIAN_POINT ( 'NONE',  ( -0.04879036790187187000, -0.04879036790187218919, 0.5742187500000001110 ) ) ;
#159 = ORIENTED_EDGE ( 'NONE', *, *, #5590, .T. ) ;
#160 = CARTESIAN_POINT ( 'NONE',  ( 0.04870252959880182891, -0.02017324828170116019, 0.7246093750000003331 ) ) ;
#161 = CARTESIAN_POINT ( 'NONE',  ( -0.04998640781534011146, 0.04998640781533978533, 0.5322265625000004441 ) ) ;
#162 = AXIS2_PLACEMENT_3D ( 'NONE', #5418, #1031, #4549 ) ;
#163 = CARTESIAN_POINT ( 'NONE',  ( -0.06900000000000014455, -0.02858073580374393199, 0.8496093750000005551 ) ) ;
#164 = CARTESIAN_POINT ( 'NONE',  ( 0.01250000000000006314, 0.1371206889325357059, 0.01093458898514388690 ) ) ;
#165 = CARTESIAN_POINT ( 'NONE',  ( 0.02858073580374366138, 0.06899999999999979761, 0.6503906250000005551 ) ) ;
#166 = CIRCLE ( 'NONE', #709, 0.04870252959880198851 ) ;
#167 = CARTESIAN_POINT ( 'NONE',  ( 0.07069145586676647830, 0.02928135976391346360, 0.5244140625000002220 ) ) ;
#168 = ADVANCED_FACE ( 'NONE', ( #538 ), #2196, .T. ) ;
#169 = CARTESIAN_POINT ( 'NONE',  ( 1.731441303086038567E-17, 0.07069145586676613136, 0.9033203125000004441 ) ) ;
#170 = VERTEX_POINT ( 'NONE', #976 ) ;
#171 = AXIS2_PLACEMENT_3D ( 'NONE', #2014, #2368, #3686 ) ;
#172 = CARTESIAN_POINT ( 'NONE',  ( -0.03443788894025132108, 0.03443788894025100189, 0.7031250000000004441 ) ) ;
#173 = CARTESIAN_POINT ( 'NONE',  ( -0.02858073580377553172, -0.06900000000005560019, -0.04492187500003662348 ) ) ;
#174 = CARTESIAN_POINT ( 'NONE',  ( 0.04998640781534011146, -0.04998640781534035432, -0.2294921874999993339 ) ) ;
#175 = CARTESIAN_POINT ( 'NONE',  ( 0.1249999999999999306, 0.009710348252094337315, 0.003608439182435743339 ) ) ;
#176 = CARTESIAN_POINT ( 'NONE',  ( 0.04998640781534013228, 0.04998640781533988248, -0.2216796874999993339 ) ) ;
#177 = CARTESIAN_POINT ( 'NONE',  ( -0.03443788894025132108, 0.03443788894025100189, 0.7382812500000003331 ) ) ;
#178 =( NAMED_UNIT ( * ) SI_UNIT ( $, .STERADIAN. ) SOLID_ANGLE_UNIT ( ) );
#179 = CARTESIAN_POINT ( 'NONE',  ( -8.450062914116753856E-18, -0.06900000000000044986, 0.6679687500000004441 ) ) ;
#180 = CARTESIAN_POINT ( 'NONE',  ( 0.000000000000000000, 0.07069145586676625626, -0.05957031250000031919 ) ) ;
#181 = VERTEX_POINT ( 'NONE', #3542 ) ;
#182 = CARTESIAN_POINT ( 'NONE',  ( 0.04870252959880182891, 0.02017324828170050446, 0.6933593750000003331 ) ) ;
#183 = CARTESIAN_POINT ( 'NONE',  ( 0.04870252959880182891, 0.02017324828170050446, 0.6347656250000002220 ) ) ;
#184 = DIRECTION ( 'NONE',  ( -0.000000000000000000, 1.081356497492104437E-16, -1.000000000000000000 ) ) ;
#185 = CARTESIAN_POINT ( 'NONE',  ( -5.964339698355230356E-18, -0.04870252959880237709, -0.1562500000000002220 ) ) ;
#186 = CARTESIAN_POINT ( 'NONE',  ( -0.02017324828170081324, 0.04870252959880150972, 0.8886718750000004441 ) ) ;
#187 = CARTESIAN_POINT ( 'NONE',  ( -0.03443788894025155700, -0.03443788894025177211, -0.09765625000000018041 ) ) ;
#188 = CARTESIAN_POINT ( 'NONE',  ( -0.02928135976391377585, -0.07069145586676670034, -0.2041015624999993339 ) ) ;
#189 = CARTESIAN_POINT ( 'NONE',  ( -0.02858073580373656289, -0.06900000000000690303, -0.1699218749999995282 ) ) ;
#190 = ORIENTED_EDGE ( 'NONE', *, *, #481, .T. ) ;
#191 = CARTESIAN_POINT ( 'NONE',  ( -0.03443788894025132802, -0.03443788894025164027, 0.6210937500000002220 ) ) ;
#192 = CARTESIAN_POINT ( 'NONE',  ( -0.02928135976391377585, -0.07069145586676678361, 0.5732421875000004441 ) ) ;
#193 = CARTESIAN_POINT ( 'NONE',  ( -0.06899999999999989475, -2.163193389158179740E-16, -0.2421874999999994449 ) ) ;
#194 = CARTESIAN_POINT ( 'NONE',  ( -5.964339698355230356E-18, -0.04870252959880237709, -0.1875000000000001943 ) ) ;
#195 = CARTESIAN_POINT ( 'NONE',  ( 1.831480773947454243E-15, -0.04870252959880239096, -0.2500000000000000555 ) ) ;
#196 = CARTESIAN_POINT ( 'NONE',  ( -0.1124999999999998918, 0.07938566201357313834, 0.8640654110148561218 ) ) ;
#197 = CARTESIAN_POINT ( 'NONE',  ( 0.04998640781534013228, 0.04998640781533977839, 0.6201171875000002220 ) ) ;
#198 = DIRECTION ( 'NONE',  ( 0.000000000000000000, 1.000000000000000000, 0.000000000000000000 ) ) ;
#199 = FACE_OUTER_BOUND ( 'NONE', #2312, .T. ) ;
#200 = ORIENTED_EDGE ( 'NONE', *, *, #1376, .F. ) ;
#201 = CARTESIAN_POINT ( 'NONE',  ( -0.03443788894025132802, -0.03443788894025164027, 0.6171875000000003331 ) ) ;
#202 = CARTESIAN_POINT ( 'NONE',  ( -0.06782258195888514474, 0.007282066643003680916, -0.2433649180411139035 ) ) ;
#203 = EDGE_CURVE ( 'NONE', #493, #4199, #4478, .T. ) ;
#204 = CARTESIAN_POINT ( 'NONE',  ( 0.04870252959880182891, 0.02017324828170050446, 0.5683593750000004441 ) ) ;
#205 = CARTESIAN_POINT ( 'NONE',  ( 0.02556794352897751726, 0.04145137697376483771, 0.8527025295988018838 ) ) ;
#206 = CARTESIAN_POINT ( 'NONE',  ( 0.06900000000000010292, -0.02858073580374397363, 0.5214843750000002220 ) ) ;
#207 = CARTESIAN_POINT ( 'NONE',  ( -5.964339698355189526E-18, -0.04870252959880215504, 0.7500000000000003331 ) ) ;
#208 = LENGTH_MEASURE_WITH_UNIT ( LENGTH_MEASURE( 0.02539999999999999897 ), #978 );
#209 = CARTESIAN_POINT ( 'NONE',  ( 0.03443788894025156394, 0.03443788894025133496, -0.1093750000000001527 ) ) ;
#210 = CARTESIAN_POINT ( 'NONE',  ( 0.02928135976391375503, -0.07069145586676670034, -0.07324218750000033307 ) ) ;
#211 = CARTESIAN_POINT ( 'NONE',  ( -0.04998640781534011146, 0.04998640781533991717, -0.02636718749999933387 ) ) ;
#212 = CARTESIAN_POINT ( 'NONE',  ( 0.04870252959880182891, 0.02017324828170050446, 0.6621093750000003331 ) ) ;
#213 = CARTESIAN_POINT ( 'NONE',  ( 0.04870252959880183585, -3.297963650534137407E-16, 0.5703125000000003331 ) ) ;
#214 = CARTESIAN_POINT ( 'NONE',  ( 0.04870252959880215504, 0.02017324828170075079, -0.04882812500000016653 ) ) ;
#215 = CARTESIAN_POINT ( 'NONE',  ( -0.04870252959880183585, 0.02017324828170049406, 0.8925781250000003331 ) ) ;
#216 = CARTESIAN_POINT ( 'NONE',  ( 1.690012582823350463E-17, 0.06899999999999979761, 0.7812500000000000000 ) ) ;
#217 = CARTESIAN_POINT ( 'NONE',  ( -0.02017324828170095549, -0.04870252959880237709, -0.1894531250000002220 ) ) ;
#218 = CARTESIAN_POINT ( 'NONE',  ( -8.657206515430192834E-18, -0.07069145586676668647, -0.1396484374999993339 ) ) ;
#219 = CARTESIAN_POINT ( 'NONE',  ( 0.05214243845210497080, -0.03684472166050658387, 0.8673597277288651597 ) ) ;
#220 = ORIENTED_EDGE ( 'NONE', *, *, #3931, .T. ) ;
#221 = CARTESIAN_POINT ( 'NONE',  ( -0.04870252959880183585, -0.02017324828170113243, 0.6503906250000002220 ) ) ;
#222 = ORIENTED_EDGE ( 'NONE', *, *, #4928, .F. ) ;
#223 = CARTESIAN_POINT ( 'NONE',  ( 0.07069145586676646442, -3.338356652790262245E-16, 0.5205078125000004441 ) ) ;
#224 = DIRECTION ( 'NONE',  ( -0.000000000000000000, 1.081356497492104437E-16, -1.000000000000000000 ) ) ;
#225 = CARTESIAN_POINT ( 'NONE',  ( -3.752398474886232170E-14, 0.06899999999999965883, -0.1210937499999976408 ) ) ;
#226 = CARTESIAN_POINT ( 'NONE',  ( 0.02928135976391382442, 0.07069145586676613136, 0.5908203125000002220 ) ) ;
#227 = EDGE_CURVE ( 'NONE', #4927, #704, #4817, .T. ) ;
#228 = CARTESIAN_POINT ( 'NONE',  ( -0.04998640781534011146, 0.04998640781533978533, 0.9072265625000005551 ) ) ;
#229 = VERTEX_POINT ( 'NONE', #2622 ) ;
#230 = CARTESIAN_POINT ( 'NONE',  ( 0.02858073580374366832, -0.06900000000000040823, 0.8574218750000006661 ) ) ;
#231 = CARTESIAN_POINT ( 'NONE',  ( -0.03443788894025132802, -0.03443788894025164027, 0.5234375000000003331 ) ) ;
#232 = CARTESIAN_POINT ( 'NONE',  ( -0.04879036790191546014, 0.04879036790191525197, -0.05468750000003597816 ) ) ;
#233 = DIRECTION ( 'NONE',  ( 0.000000000000000000, 1.000000000000000000, 0.000000000000000000 ) ) ;
#234 = CARTESIAN_POINT ( 'NONE',  ( 0.03443788894025132802, 0.03443788894025099495, 0.6992187500000002220 ) ) ;
#235 = CARTESIAN_POINT ( 'NONE',  ( 0.03443788894025156394, 0.03443788894025133496, -0.1132812500000001943 ) ) ;
#236 = CARTESIAN_POINT ( 'NONE',  ( 0.04998640781534011146, -0.04998640781534032657, -0.04003906250000031919 ) ) ;
#237 = ORIENTED_EDGE ( 'NONE', *, *, #5299, .T. ) ;
#238 = CARTESIAN_POINT ( 'NONE',  ( -0.04870252959880183585, 0.02017324828170049406, 0.7050781250000003331 ) ) ;
#239 = CARTESIAN_POINT ( 'NONE',  ( -0.04870252959880183585, 0.02017324828170049406, 0.5527343750000003331 ) ) ;
#240 = CARTESIAN_POINT ( 'NONE',  ( -0.02017324828170095202, 0.04870252959880195381, -0.07226562500000013878 ) ) ;
#241 = CARTESIAN_POINT ( 'NONE',  ( -0.04870252959880216198, -0.02017324828170115672, -0.03320312500000013184 ) ) ;
#242 = CARTESIAN_POINT ( 'NONE',  ( 0.03443788894025132802, 0.03443788894025099495, 0.8828125000000003331 ) ) ;
#243 = CARTESIAN_POINT ( 'NONE',  ( 0.03443788894025155700, -0.03443788894025177905, -0.2148437500000001665 ) ) ;
#244 = CARTESIAN_POINT ( 'NONE',  ( -0.07069145586676646442, -2.085019274135006217E-16, -0.1162109374999993477 ) ) ;
#245 = CARTESIAN_POINT ( 'NONE',  ( -0.1249999999999999029, -0.05773502691896296307, 0.8640654110148560108 ) ) ;
#246 = CARTESIAN_POINT ( 'NONE',  ( 0.04870252959880183585, -3.297963650534137407E-16, 0.6015625000000003331 ) ) ;
#247 = CARTESIAN_POINT ( 'NONE',  ( 0.07069145586676645054, 0.02928135976391346013, 0.5537109375000005551 ) ) ;
#248 = CARTESIAN_POINT ( 'NONE',  ( 0.04998640781534011146, -0.04998640781534045147, 0.5498046875000001110 ) ) ;
#249 = EDGE_CURVE ( 'NONE', #540, #1817, #5290, .T. ) ;
#250 = CARTESIAN_POINT ( 'NONE',  ( 0.02928135976391381748, 0.07069145586676611748, 0.9013671875000004441 ) ) ;
#251 = ORIENTED_EDGE ( 'NONE', *, *, #2676, .T. ) ;
#252 = EDGE_CURVE ( 'NONE', #5625, #936, #5673, .T. ) ;
#253 = CARTESIAN_POINT ( 'NONE',  ( 1.192867939671037905E-17, 0.04870252959880150972, 0.6679687500000004441 ) ) ;
#254 = AXIS2_PLACEMENT_3D ( 'NONE', #589, #4177, #2403 ) ;
#255 = CARTESIAN_POINT ( 'NONE',  ( 0.04879036790187172429, 0.04879036790187148837, -0.09765624999999945877 ) ) ;
#256 =( BOUNDED_CURVE ( )  B_SPLINE_CURVE ( 2, ( #2499, #294, #2083, #5640, #1196, #2970, #4267, #4704, #318 ),
 .UNSPECIFIED., .F., .T. ) 
 B_SPLINE_CURVE_WITH_KNOTS ( ( 3, 2, 2, 2, 3 ),
 ( 0.2500000000000002220, 0.2589285714285717299, 0.2678571428571431268, 0.2767857142857146346, 0.2857142857142860870 ),
 .UNSPECIFIED. ) 
 CURVE ( )  GEOMETRIC_REPRESENTATION_ITEM ( )  RATIONAL_B_SPLINE_CURVE ( ( 0.9999999999999981126, 0.9238795325112886259, 1.000000000000000000, 0.9238795325112867385, 1.000000000000000000, 0.9238795325112867385, 1.000000000000000000, 0.9238795325112834078, 1.000000000000003331 ) ) 
 REPRESENTATION_ITEM ( '' )  );
#257 = CARTESIAN_POINT ( 'NONE',  ( 0.04998640781534013228, 0.04998640781533977839, 0.9013671875000002220 ) ) ;
#258 = CYLINDRICAL_SURFACE ( 'NONE', #2942, 0.06899999999999993638 ) ;
#259 = CARTESIAN_POINT ( 'NONE',  ( -5.964339698355189526E-18, -0.04870252959880215504, 0.7187500000000003331 ) ) ;
#260 = CIRCLE ( 'NONE', #3572, 0.1187499999999999944 ) ;
#261 = CARTESIAN_POINT ( 'NONE',  ( 0.04870252959880216892, -2.275773692967414213E-16, -0.2109375000000001943 ) ) ;
#262 = ORIENTED_EDGE ( 'NONE', *, *, #4408, .T. ) ;
#263 = CARTESIAN_POINT ( 'NONE',  ( -0.04879036790187187000, -0.04879036790187218919, 0.8242187500000001110 ) ) ;
#264 = CARTESIAN_POINT ( 'NONE',  ( 0.03443788894025132802, 0.03443788894025099495, 0.5117187500000002220 ) ) ;
#265 = DIRECTION ( 'NONE',  ( -0.000000000000000000, 1.081356497492104437E-16, -1.000000000000000000 ) ) ;
#266 = CARTESIAN_POINT ( 'NONE',  ( -0.04870252959880216198, 0.02017324828170074386, -0.06835937500000018041 ) ) ;
#267 = CARTESIAN_POINT ( 'NONE',  ( 0.03443788894025132802, 0.03443788894025099495, 0.7265625000000004441 ) ) ;
#268 = ADVANCED_FACE ( 'NONE', ( #5276 ), #5690, .T. ) ;
#269 = CARTESIAN_POINT ( 'NONE',  ( 0.02017324828170098325, 0.04870252959880194688, -0.1113281250000002082 ) ) ;
#270 = CARTESIAN_POINT ( 'NONE',  ( -0.01179315962095651461, -0.05870761818286700934, 0.8637511616436887030 ) ) ;
#271 = ORIENTED_EDGE ( 'NONE', *, *, #4333, .F. ) ;
#272 = CARTESIAN_POINT ( 'NONE',  ( -0.04870252959880183585, -3.178676856567033324E-16, 0.6484375000000003331 ) ) ;
#273 = CARTESIAN_POINT ( 'NONE',  ( -5.964339698355189526E-18, -0.04870252959880215504, 0.9062500000000003331 ) ) ;
#274 = CARTESIAN_POINT ( 'NONE',  ( 1.690012582823350771E-17, 0.06899999999999979761, 0.8710937500000005551 ) ) ;
#275 = CARTESIAN_POINT ( 'NONE',  ( -5.964339698355230356E-18, -0.04870252959880239096, -0.2460937500000001665 ) ) ;
#276 = LINE ( 'NONE', #1115, #4026 ) ;
#277 = B_SPLINE_CURVE_WITH_KNOTS ( 'NONE', 3,
 ( #1357, #3518, #101, #4470 ),
 .UNSPECIFIED., .F., .F.,
 ( 4, 4 ),
 ( 0.01498701704331465746, 0.01646382835779920326 ),
 .UNSPECIFIED. ) ;
#278 = CARTESIAN_POINT ( 'NONE',  ( 0.000000000000000000, -1.351695621865133782E-17, 0.8750000000000001110 ) ) ;
#279 = CARTESIAN_POINT ( 'NONE',  ( 1.731441303086038567E-17, 0.07069145586676614523, 0.5302734375000002220 ) ) ;
#280 = B_SPLINE_CURVE_WITH_KNOTS ( 'NONE', 3,
 ( #3492, #5250, #2938, #715, #292, #3186, #4410, #4438 ),
 .UNSPECIFIED., .F., .F.,
 ( 4, 2, 2, 4 ),
 ( 0.0003769942008442799712, 0.001851878332808212790, 0.002589320398790179688, 0.003326762464772146585 ),
 .UNSPECIFIED. ) ;
#281 = CARTESIAN_POINT ( 'NONE',  ( -0.05431182339204172066, 0.009211078904020210401, 0.8588957285951084319 ) ) ;
#282 = CARTESIAN_POINT ( 'NONE',  ( -0.02928135976391377585, 0.07069145586676614523, 0.8740234375000004441 ) ) ;
#283 = VERTEX_POINT ( 'NONE', #1781 ) ;
#284 = CARTESIAN_POINT ( 'NONE',  ( 0.04870252959880182891, -0.02017324828170116019, 0.6269531250000004441 ) ) ;
#285 = CARTESIAN_POINT ( 'NONE',  ( 0.07069145586676646442, -3.338356652790262245E-16, 0.8974609375000002220 ) ) ;
#286 = CARTESIAN_POINT ( 'NONE',  ( 0.04870252959880182891, -0.02017324828170116019, 0.6308593750000003331 ) ) ;
#287 = CARTESIAN_POINT ( 'NONE',  ( -0.04870252959880216198, -0.02017324828170116366, -0.1894531250000001388 ) ) ;
#288 =( BOUNDED_CURVE ( )  B_SPLINE_CURVE ( 2, ( #1064, #5483, #4152, #206, #3450, #2126, #4313, #5680, #331 ),
 .UNSPECIFIED., .F., .T. ) 
 B_SPLINE_CURVE_WITH_KNOTS ( ( 3, 2, 2, 2, 3 ),
 ( 0.1071428571428572063, 0.1160714285714286448, 0.1249999999999999722, 0.1339285714285712858, 0.1428571428571427382 ),
 .UNSPECIFIED. ) 
 CURVE ( )  GEOMETRIC_REPRESENTATION_ITEM ( )  RATIONAL_B_SPLINE_CURVE ( ( 0.9999999999999990008, 0.9238795325112877377, 1.000000000000000000, 0.9238795325112867385, 1.000000000000000000, 0.9238795325112867385, 1.000000000000000000, 0.9238795325112881818, 0.9999999999999985567 ) ) 
 REPRESENTATION_ITEM ( '' )  );
#289 = CARTESIAN_POINT ( 'NONE',  ( -0.02017324828170095202, 0.04870252959880194688, -0.2011718750000001665 ) ) ;
#290 = CARTESIAN_POINT ( 'NONE',  ( -0.1124999999999998918, -0.07938566201357384611, 0.01093458898514401700 ) ) ;
#291 = CARTESIAN_POINT ( 'NONE',  ( -0.1249999999999999029, -0.05773502691896289368, -0.3818813079129863564 ) ) ;
#292 = CARTESIAN_POINT ( 'NONE',  ( -0.07933780035167185829, -0.09853186690745618925, 0.8707252379844548917 ) ) ;
#293 = CARTESIAN_POINT ( 'NONE',  ( 0.02858073580374427547, -0.06899999999999979761, 0.7324218750000007772 ) ) ;
#294 = CARTESIAN_POINT ( 'NONE',  ( -0.02858073580374416445, -0.06899999999999990863, 0.8222656250000005551 ) ) ;
#295 = CARTESIAN_POINT ( 'NONE',  ( -0.04870252959880183585, -0.02017324828170113243, 0.7402343750000003331 ) ) ;
#296 = CARTESIAN_POINT ( 'NONE',  ( -0.04870252959880216892, 0.02017324828170073345, -0.1972656250000001665 ) ) ;
#297 = CARTESIAN_POINT ( 'NONE',  ( -8.450062914116753856E-18, -0.06900000000000044986, 0.6054687500000005551 ) ) ;
#298 = VERTEX_POINT ( 'NONE', #940 ) ;
#299 = CARTESIAN_POINT ( 'NONE',  ( -0.03443788894025132108, 0.03443788894025100189, 0.6132812500000003331 ) ) ;
#300 = CARTESIAN_POINT ( 'NONE',  ( -0.02017324828170082018, -0.04870252959880215504, 0.9042968750000002220 ) ) ;
#301 = DIRECTION ( 'NONE',  ( -0.000000000000000000, 1.081356497492104437E-16, -1.000000000000000000 ) ) ;
#302 = DIRECTION ( 'NONE',  ( 0.000000000000000000, 1.000000000000000000, 0.000000000000000000 ) ) ;
#303 = DIRECTION ( 'NONE',  ( 0.000000000000000000, 0.000000000000000000, -1.000000000000000000 ) ) ;
#304 = CARTESIAN_POINT ( 'NONE',  ( 0.02928135976391375850, -0.07069145586676682524, 0.4853515625000002776 ) ) ;
#305 = CARTESIAN_POINT ( 'NONE',  ( 0.02928135976391375503, -0.07069145586676681137, 0.7333984375000006661 ) ) ;
#306 = VERTEX_POINT ( 'NONE', #3601 ) ;
#307 = CARTESIAN_POINT ( 'NONE',  ( -0.06900000000000011680, -3.166248240488225568E-16, 0.6914062500000004441 ) ) ;
#308 = CARTESIAN_POINT ( 'NONE',  ( -0.04870252959880183585, -3.178676856567033324E-16, 0.5195312500000003331 ) ) ;
#309 = CARTESIAN_POINT ( 'NONE',  ( -0.05307246278761826308, 0.01213302327994753016, -0.03312801144720527863 ) ) ;
#310 = CARTESIAN_POINT ( 'NONE',  ( -0.03443788894025132802, -0.03443788894025164027, 0.5898437500000003331 ) ) ;
#311 = CARTESIAN_POINT ( 'NONE',  ( -0.04870252959880216198, -0.02017324828170116019, -0.1269531250000001388 ) ) ;
#312 = CARTESIAN_POINT ( 'NONE',  ( 0.03443788894025155700, -0.03443788894025177905, -0.1835937500000001943 ) ) ;
#313 = ADVANCED_FACE ( 'NONE', ( #4434 ), #507, .T. ) ;
#314 = FACE_OUTER_BOUND ( 'NONE', #415, .T. ) ;
#315 = ORIENTED_EDGE ( 'NONE', *, *, #4142, .T. ) ;
#316 =( BOUNDED_CURVE ( )  B_SPLINE_CURVE ( 2, ( #5430, #1074, #5461, #2381, #3756, #2940, #154, #5522, #3668 ),
 .UNSPECIFIED., .F., .T. ) 
 B_SPLINE_CURVE_WITH_KNOTS ( ( 3, 2, 2, 2, 3 ),
 ( 0.4999999999999998335, 0.5089285714285712858, 0.5178571428571426827, 0.5267857142857143016, 0.5357142857142856984 ),
 .UNSPECIFIED. ) 
 CURVE ( )  GEOMETRIC_REPRESENTATION_ITEM ( )  RATIONAL_B_SPLINE_CURVE ( ( 1.000000000000001332, 0.9238795325112852952, 1.000000000000000000, 0.9238795325112867385, 1.000000000000000000, 0.9238795325112867385, 1.000000000000000000, 0.9238795325112867385, 1.000000000000000000 ) ) 
 REPRESENTATION_ITEM ( '' )  );
#317 = CARTESIAN_POINT ( 'NONE',  ( -0.04870252959880183585, 0.02017324828170049406, 0.4902343750000003886 ) ) ;
#318 = CARTESIAN_POINT ( 'NONE',  ( 1.690012582823350771E-17, 0.06899999999999979761, 0.8085937500000003331 ) ) ;
#319 = CARTESIAN_POINT ( 'NONE',  ( -0.03443788894025132802, -0.03443788894025164027, 0.7734375000000003331 ) ) ;
#320 = CARTESIAN_POINT ( 'NONE',  ( 0.04870252959880215504, 0.02017324828170075079, -0.08398437500000019429 ) ) ;
#321 = CARTESIAN_POINT ( 'NONE',  ( 0.000000000000000000, 0.07069145586676625626, -0.06152343749999935468 ) ) ;
#322 = CARTESIAN_POINT ( 'NONE',  ( 1.690012582823350771E-17, 0.06899999999999979761, 0.5898437500000004441 ) ) ;
#323 = CARTESIAN_POINT ( 'NONE',  ( 0.07069145586676645054, -0.02928135976391401871, -0.04003906249999933387 ) ) ;
#324 = CARTESIAN_POINT ( 'NONE',  ( -0.02017324828170081324, 0.04870252959880150972, 0.5488281250000003331 ) ) ;
#325 = CARTESIAN_POINT ( 'NONE',  ( 0.04870252959880183585, -3.297963650534137407E-16, 0.8515625000000003331 ) ) ;
#326 = LINE ( 'NONE', #698, #2574 ) ;
#327 = CARTESIAN_POINT ( 'NONE',  ( 0.04870252959880215504, 0.02017324828170075079, -0.05273437500000021511 ) ) ;
#328 = CARTESIAN_POINT ( 'NONE',  ( 0.06900000000000011680, 0.02858073580374330749, 0.7714843750000005551 ) ) ;
#329 = DIRECTION ( 'NONE',  ( 0.000000000000000000, 0.000000000000000000, 1.000000000000000000 ) ) ;
#330 = LINE ( 'NONE', #1206, #3850 ) ;
#331 = CARTESIAN_POINT ( 'NONE',  ( 1.690012582823350463E-17, 0.06899999999999979761, 0.5312500000000001110 ) ) ;
#332 = CARTESIAN_POINT ( 'NONE',  ( -8.657206515430192834E-18, -0.07069145586676678361, 0.7939453125000004441 ) ) ;
#333 = ORIENTED_EDGE ( 'NONE', *, *, #1964, .F. ) ;
#334 = CARTESIAN_POINT ( 'NONE',  ( -3.715719496428360593E-14, -0.06899999999999972822, -0.1367187500000025813 ) ) ;
#335 = CARTESIAN_POINT ( 'NONE',  ( -0.07069145586676647830, -0.02928135976391408810, 0.8837890625000002220 ) ) ;
#336 = CARTESIAN_POINT ( 'NONE',  ( -0.02465875746351703715, -0.04199859604412582020, -0.03000000000000003011 ) ) ;
#337 = VERTEX_POINT ( 'NONE', #2192 ) ;
#338 = CARTESIAN_POINT ( 'NONE',  ( 0.02017324828170084447, 0.04870252959880150279, 0.6074218750000003331 ) ) ;
#339 = VECTOR ( 'NONE', #3169, 39.37007874015748143 ) ;
#340 = CARTESIAN_POINT ( 'NONE',  ( -0.03443788894025132802, -0.03443788894025164027, 0.8359375000000004441 ) ) ;
#341 = CARTESIAN_POINT ( 'NONE',  ( 0.02017324828170093814, -0.04870252959880239790, -0.2167968750000002498 ) ) ;
#342 = AXIS2_PLACEMENT_3D ( 'NONE', #1911, #627, #1480 ) ;
#343 = CARTESIAN_POINT ( 'NONE',  ( 0.000000000000000000, -1.493979371535143794E-17, -0.2500000000000000000 ) ) ;
#344 = EDGE_LOOP ( 'NONE', ( #3892, #2024, #2482, #5688 ) ) ;
#345 = EDGE_LOOP ( 'NONE', ( #119, #2958, #57, #1511 ) ) ;
#346 = CARTESIAN_POINT ( 'NONE',  ( -8.450062914116753856E-18, -0.06900000000000044986, 0.5742187500000004441 ) ) ;
#347 = EDGE_CURVE ( 'NONE', #19, #3575, #4002, .T. ) ;
#348 = CARTESIAN_POINT ( 'NONE',  ( 0.04860642628167324841, 0.003058057135905752240, -0.01923132227459364504 ) ) ;
#349 = CARTESIAN_POINT ( 'NONE',  ( 0.03443788894025132108, -0.03443788894025164721, 0.7812500000000003331 ) ) ;
#350 = CARTESIAN_POINT ( 'NONE',  ( -0.04870252959880216892, -2.051243814698584118E-16, -0.03906250000000020817 ) ) ;
#351 = CARTESIAN_POINT ( 'NONE',  ( 0.07069145586676645054, 0.02928135976391355727, -0.2529296875000003331 ) ) ;
#352 = CARTESIAN_POINT ( 'NONE',  ( 0.04870252959880182891, 0.02017324828170050446, 0.9121093750000004441 ) ) ;
#353 =( BOUNDED_CURVE ( )  B_SPLINE_CURVE ( 2, ( #5213, #1264, #3038, #674, #2457, #4202, #2016, #3777, #1578 ),
 .UNSPECIFIED., .F., .T. ) 
 B_SPLINE_CURVE_WITH_KNOTS ( ( 3, 2, 2, 2, 3 ),
 ( 0.6785714285714283811, 0.6874999999999997780, 0.6964285714285711748, 0.7053571428571427937, 0.7142857142857141906 ),
 .UNSPECIFIED. ) 
 CURVE ( )  GEOMETRIC_REPRESENTATION_ITEM ( )  RATIONAL_B_SPLINE_CURVE ( ( 1.000000000000001998, 0.9238795325112848511, 1.000000000000000000, 0.9238795325112867385, 1.000000000000000000, 0.9238795325112867385, 1.000000000000000000, 0.9238795325112877377, 0.9999999999999990008 ) ) 
 REPRESENTATION_ITEM ( '' )  );
#354 = AXIS2_PLACEMENT_3D ( 'NONE', #1525, #1990, #5041 ) ;
#355 = CARTESIAN_POINT ( 'NONE',  ( -0.04870252959880183585, -0.02017324828170113243, 0.8066406250000002220 ) ) ;
#356 = CARTESIAN_POINT ( 'NONE',  ( 0.000000000000000000, -1.493979371535143794E-17, -0.2500000000000000000 ) ) ;
#357 = CARTESIAN_POINT ( 'NONE',  ( 0.04870252959880215504, -0.02017324828170118795, -0.05664062500000018735 ) ) ;
#358 = CARTESIAN_POINT ( 'NONE',  ( 0.04870252959880183585, -3.297963650534137407E-16, 0.5078125000000003331 ) ) ;
#359 = CARTESIAN_POINT ( 'NONE',  ( 1.690012582823350771E-17, 0.06899999999999979761, 0.7460937500000005551 ) ) ;
#360 = CARTESIAN_POINT ( 'NONE',  ( -0.04998640781534011146, 0.04998640781533979921, 0.4716796875000001665 ) ) ;
#361 = VERTEX_POINT ( 'NONE', #2281 ) ;
#362 = CARTESIAN_POINT ( 'NONE',  ( 0.02017324828170084447, 0.04870252959880150279, 0.8886718750000004441 ) ) ;
#363 = LINE ( 'NONE', #2484, #608 ) ;
#364 = CARTESIAN_POINT ( 'NONE',  ( -0.07069145586676647830, 0.02928135976391345319, 0.7529296875000004441 ) ) ;
#365 = ORIENTED_EDGE ( 'NONE', *, *, #1058, .F. ) ;
#366 = CARTESIAN_POINT ( 'NONE',  ( -0.04998640781534011840, -0.04998640781534043759, 0.8544921875000002220 ) ) ;
#367 = CARTESIAN_POINT ( 'NONE',  ( -0.04870252959880183585, 0.02017324828170049406, 0.5839843750000002220 ) ) ;
#368 = CARTESIAN_POINT ( 'NONE',  ( -0.04870252959880183585, 0.02017324828170049406, 0.7988281250000005551 ) ) ;
#369 = ADVANCED_FACE ( 'NONE', ( #5304 ), #1352, .T. ) ;
#370 = CARTESIAN_POINT ( 'NONE',  ( -0.03443788894025155700, 0.03443788894025134190, -0.1679687500000001943 ) ) ;
#371 = DIRECTION ( 'NONE',  ( 0.000000000000000000, 1.000000000000000000, 0.000000000000000000 ) ) ;
#372 = CARTESIAN_POINT ( 'NONE',  ( -0.06900000000000014455, -0.02858073580374393199, 0.7246093750000006661 ) ) ;
#373 = EDGE_LOOP ( 'NONE', ( #5423, #1257, #4353, #3999 ) ) ;
#374 = CARTESIAN_POINT ( 'NONE',  ( 0.02858073580379464143, 0.06899999999995048983, -0.09179687500000592582 ) ) ;
#375 = CARTESIAN_POINT ( 'NONE',  ( -0.02017324828170081324, 0.04870252959880150972, 0.7636718750000003331 ) ) ;
#376 = CARTESIAN_POINT ( 'NONE',  ( 0.1238516257341601562, 0.06641573266825873123, 0.8624615979720811065 ) ) ;
#377 = CARTESIAN_POINT ( 'NONE',  ( -8.450062914116724582E-18, -0.06900000000000011680, -0.1406249999999994449 ) ) ;
#378 = CARTESIAN_POINT ( 'NONE',  ( 0.04870252959880182891, 0.02017324828170050446, 0.8808593750000003331 ) ) ;
#379 = CARTESIAN_POINT ( 'NONE',  ( -0.02017324828170081324, 0.04870252959880150972, 0.8300781250000003331 ) ) ;
#380 = CARTESIAN_POINT ( 'NONE',  ( -0.04870252959880216198, -0.02017324828170115672, -0.03710937500000018041 ) ) ;
#381 = CARTESIAN_POINT ( 'NONE',  ( -0.1249999999999999167, 6.664603118469186714E-15, 0.003608439182351153452 ) ) ;
#382 = CARTESIAN_POINT ( 'NONE',  ( 0.1238516257341595733, -0.06641573266826089617, 0.01253840202791926470 ) ) ;
#383 = CYLINDRICAL_SURFACE ( 'NONE', #1632, 0.06899999999999970046 ) ;
#384 = ORIENTED_EDGE ( 'NONE', *, *, #4484, .F. ) ;
#385 = CARTESIAN_POINT ( 'NONE',  ( 0.01640866149271183808, 0.05927522712123577120, 0.8653598775401171173 ) ) ;
#386 = CARTESIAN_POINT ( 'NONE',  ( -0.03443788894025132802, -0.03443788894025164027, 0.8710937500000003331 ) ) ;
#387 = CARTESIAN_POINT ( 'NONE',  ( 0.07069145586676646442, -3.338356652790262245E-16, 0.8330078125000004441 ) ) ;
#388 = CARTESIAN_POINT ( 'NONE',  ( -0.04870252959880216198, 0.02017324828170073345, -0.1972656250000001665 ) ) ;
#389 = CARTESIAN_POINT ( 'NONE',  ( -8.450062914116753856E-18, -0.06900000000000044986, 0.6992187500000004441 ) ) ;
#390 = EDGE_CURVE ( 'NONE', #1072, #4199, #2710, .T. ) ;
#391 = CARTESIAN_POINT ( 'NONE',  ( 0.07069145586676647830, 0.02928135976391346360, 0.8369140625000003331 ) ) ;
#392 = ORIENTED_EDGE ( 'NONE', *, *, #1207, .F. ) ;
#393 = CARTESIAN_POINT ( 'NONE',  ( 0.02017324828170080284, -0.04870252959880216892, 0.5957031250000004441 ) ) ;
#394 = CARTESIAN_POINT ( 'NONE',  ( 0.04870252959880216892, -2.199233268020704745E-16, -0.08593750000000020817 ) ) ;
#395 = CARTESIAN_POINT ( 'NONE',  ( 0.04870252959880215504, 0.02017324828170074386, -0.2050781250000000833 ) ) ;
#396 = CARTESIAN_POINT ( 'NONE',  ( -0.06900000000000014455, 0.02858073580374329709, 0.7207031250000005551 ) ) ;
#397 = ORIENTED_EDGE ( 'NONE', *, *, #929, .F. ) ;
#398 = DIRECTION ( 'NONE',  ( 0.000000000000000000, 1.000000000000000000, 1.081356497492104437E-16 ) ) ;
#399 = CARTESIAN_POINT ( 'NONE',  ( 0.04870252959880183585, -3.297963650534137407E-16, 0.5039062500000003331 ) ) ;
#400 = CARTESIAN_POINT ( 'NONE',  ( -0.04870252959880183585, 0.02017324828170049406, 0.7050781250000003331 ) ) ;
#401 = CARTESIAN_POINT ( 'NONE',  ( -8.450062914116753856E-18, -0.06900000000000044986, 0.7617187500000006661 ) ) ;
#402 = CARTESIAN_POINT ( 'NONE',  ( -0.04870252959880183585, -0.02017324828170113243, 0.8964843750000003331 ) ) ;
#403 = CARTESIAN_POINT ( 'NONE',  ( 0.03443788894025132802, 0.03443788894025099495, 0.7617187500000003331 ) ) ;
#404 = CARTESIAN_POINT ( 'NONE',  ( 0.04870252959880216892, -2.215976485977797441E-16, -0.1132812500000001388 ) ) ;
#405 = CARTESIAN_POINT ( 'NONE',  ( -0.03443788894025132108, 0.03443788894025100189, 0.5195312500000003331 ) ) ;
#406 = CARTESIAN_POINT ( 'NONE',  ( -0.04879036790187187000, -0.04879036790187219613, 0.7578125000000005551 ) ) ;
#407 = DIRECTION ( 'NONE',  ( -0.000000000000000000, 1.081356497492104437E-16, -1.000000000000000000 ) ) ;
#408 = CARTESIAN_POINT ( 'NONE',  ( -0.04870252959880183585, -0.02017324828170113243, 0.8691406250000004441 ) ) ;
#409 = CARTESIAN_POINT ( 'NONE',  ( 0.07069145586676645054, -0.02928135976391412626, 0.7998046875000005551 ) ) ;
#410 = EDGE_LOOP ( 'NONE', ( #5242, #1440, #2266, #2145 ) ) ;
#411 = CARTESIAN_POINT ( 'NONE',  ( 0.06899999999999975597, -2.301100099805912648E-16, -0.1914062500000001665 ) ) ;
#412 = EDGE_CURVE ( 'NONE', #2497, #4807, #5409, .T. ) ;
#413 = CARTESIAN_POINT ( 'NONE',  ( 0.000000000000000000, -3.872963666017773752E-17, -0.02999999999999998848 ) ) ;
#414 = CARTESIAN_POINT ( 'NONE',  ( 0.02928135976391382442, 0.07069145586676613136, 0.7783203125000001110 ) ) ;
#415 = EDGE_LOOP ( 'NONE', ( #2359, #512, #5655, #5342 ) ) ;
#416 = CARTESIAN_POINT ( 'NONE',  ( 0.02017324828170080284, -0.04870252959880216892, 0.7792968750000003331 ) ) ;
#417 = CARTESIAN_POINT ( 'NONE',  ( -0.04870252959880216198, 0.02017324828170074386, -0.07226562500000022204 ) ) ;
#418 = CARTESIAN_POINT ( 'NONE',  ( -8.450062914116752315E-18, -0.06900000000000044986, 0.6093750000000001110 ) ) ;
#419 = CARTESIAN_POINT ( 'NONE',  ( -0.1249999999999999167, 3.583700082140831452E-15, 0.8713915608176138194 ) ) ;
#420 = CARTESIAN_POINT ( 'NONE',  ( 0.02017324828170080284, -0.04870252959880216892, 0.8457031250000002220 ) ) ;
#421 = ORIENTED_EDGE ( 'NONE', *, *, #3760, .F. ) ;
#422 = CARTESIAN_POINT ( 'NONE',  ( -0.1249999999999999167, 0.03885036664766895048, 0.8681811224351603240 ) ) ;
#423 = AXIS2_PLACEMENT_3D ( 'NONE', #2311, #1926, #198 ) ;
#424 = CARTESIAN_POINT ( 'NONE',  ( 0.02017324828170093814, -0.04870252959880239096, -0.09179687500000020817 ) ) ;
#425 =( BOUNDED_CURVE ( )  B_SPLINE_CURVE ( 2, ( #3056, #2977, #4715, #3904, #843, #3371, #1255, #758, #1286 ),
 .UNSPECIFIED., .F., .T. ) 
 B_SPLINE_CURVE_WITH_KNOTS ( ( 3, 2, 2, 2, 3 ),
 ( 0.2499999999999999167, 0.2589285714285712858, 0.2678571428571427382, 0.2767857142857141350, 0.2857142857142854764 ),
 .UNSPECIFIED. ) 
 CURVE ( )  GEOMETRIC_REPRESENTATION_ITEM ( )  RATIONAL_B_SPLINE_CURVE ( ( 1.000000000000000666, 0.9238795325112860723, 1.000000000000000000, 0.9238795325112867385, 1.000000000000000000, 0.9238795325112867385, 1.000000000000000000, 0.9238795325112886259, 0.9999999999999981126 ) ) 
 REPRESENTATION_ITEM ( '' )  );
#426 = CARTESIAN_POINT ( 'NONE',  ( 0.02017324828170093814, -0.04870252959880239096, -0.05664062500000014572 ) ) ;
#427 = CARTESIAN_POINT ( 'NONE',  ( -0.02928135976391377585, 0.07069145586676625626, -0.1201171875000003053 ) ) ;
#428 = CARTESIAN_POINT ( 'NONE',  ( 1.192867939671037905E-17, 0.04870252959880150972, 0.8554687500000004441 ) ) ;
#429 = CARTESIAN_POINT ( 'NONE',  ( -0.04870252959880183585, 0.02017324828170049406, 0.7714843750000004441 ) ) ;
#430 = CARTESIAN_POINT ( 'NONE',  ( 0.03443788894025156394, 0.03443788894025133496, -0.1757812500000001665 ) ) ;
#431 = CARTESIAN_POINT ( 'NONE',  ( 0.04870252959880215504, 0.02017324828170074386, -0.2050781250000001110 ) ) ;
#432 = EDGE_CURVE ( 'NONE', #126, #1713, #3128, .T. ) ;
#433 = CARTESIAN_POINT ( 'NONE',  ( -0.04879036790187186307, 0.04879036790187154388, 0.7539062500000001110 ) ) ;
#434 = CARTESIAN_POINT ( 'NONE',  ( 0.04870252959880182891, -0.02017324828170116019, 0.5644531250000003331 ) ) ;
#435 = CARTESIAN_POINT ( 'NONE',  ( -0.04879036790187187000, -0.04879036790187218919, 0.5117187500000001110 ) ) ;
#436 = CARTESIAN_POINT ( 'NONE',  ( -0.1194697150057829060, 0.07401952568502526142, 0.01254174817448588941 ) ) ;
#437 = VERTEX_POINT ( 'NONE', #4521 ) ;
#438 = CARTESIAN_POINT ( 'NONE',  ( -0.03443788894025132802, -0.03443788894025164027, 0.9023437500000003331 ) ) ;
#439 = EDGE_LOOP ( 'NONE', ( #2835, #4063, #4422, #2165 ) ) ;
#440 = CARTESIAN_POINT ( 'NONE',  ( -0.02928135976391377585, -0.07069145586676678361, 0.7294921875000003331 ) ) ;
#441 = ORIENTED_EDGE ( 'NONE', *, *, #1689, .T. ) ;
#442 = CARTESIAN_POINT ( 'NONE',  ( 0.04870252959880182891, 0.02017324828170050446, 0.5371093750000003331 ) ) ;
#443 = CARTESIAN_POINT ( 'NONE',  ( -0.03443788894025155700, 0.03443788894025133496, -0.2617187500000001665 ) ) ;
#444 = CARTESIAN_POINT ( 'NONE',  ( -0.04879036790187187000, -0.04879036790187219613, 0.5078125000000005551 ) ) ;
#445 = CARTESIAN_POINT ( 'NONE',  ( -0.07069145586676647830, -0.02928135976391408810, 0.7900390625000002220 ) ) ;
#446 = ADVANCED_FACE ( 'NONE', ( #4639 ), #2341, .T. ) ;
#447 = ORIENTED_EDGE ( 'NONE', *, *, #3245, .F. ) ;
#448 = FACE_OUTER_BOUND ( 'NONE', #854, .T. ) ;
#449 = CARTESIAN_POINT ( 'NONE',  ( 0.02017324828170093814, -0.04870252959880239790, -0.2441406250000000833 ) ) ;
#450 = CARTESIAN_POINT ( 'NONE',  ( 0.06899999999999989475, -2.226951563138787851E-16, -0.07031249999999945877 ) ) ;
#451 = EDGE_LOOP ( 'NONE', ( #4254, #3655, #1428 ) ) ;
#452 = PLANE ( 'NONE',  #1281 ) ;
#453 = CARTESIAN_POINT ( 'NONE',  ( -0.03443788894025132108, 0.03443788894025100189, 0.5156250000000004441 ) ) ;
#454 = CARTESIAN_POINT ( 'NONE',  ( -0.04998640781534011146, 0.04998640781533989635, -0.2451171874999993339 ) ) ;
#455 = CARTESIAN_POINT ( 'NONE',  ( -0.02928135976391377585, 0.07069145586676625626, -0.1826171875000003053 ) ) ;
#456 = CARTESIAN_POINT ( 'NONE',  ( 0.02017324828170084447, 0.04870252959880150279, 0.8535156250000003331 ) ) ;
#457 = CARTESIAN_POINT ( 'NONE',  ( 0.06016921043029621607, 0.02520634902590219301, -0.03940508566880523977 ) ) ;
#458 = CARTESIAN_POINT ( 'NONE',  ( -0.04870252959880183585, 0.02017324828170049406, 0.7089843750000002220 ) ) ;
#459 = CARTESIAN_POINT ( 'NONE',  ( 0.04870252959880216892, -2.215976485977797441E-16, -0.1132812500000001388 ) ) ;
#460 = CARTESIAN_POINT ( 'NONE',  ( 0.04870252959880215504, 0.02017324828170074733, -0.1425781250000001943 ) ) ;
#461 =( BOUNDED_SURFACE ( )  B_SPLINE_SURFACE ( 1, 2, ( 
 ( #4570, #5006, #3373, #4635, #2927, #3711, #1601, #2453, #1088, #669, #610, #4198, #4605, #3265, #228, #3347, #169, #250, #2398, #5090, #1149, #642, #4661, #2427, #703, #1984, #2485, #3738, #5448, #5504, #4227, #282, #2041, #3798, #5562, #1026, #2815, #4544, #584, #1927, #3683, #4341, #3451, #1177, #2538, #2572, #5155, #820, #2095, #4284, #4315, #5177, #387, #2127, #3425, #1210, #4687, #4367, #3033, #4718, #1716, #5208, #1686, #2154, #1655, #2600, #1260, #1233, #3937, #409, #2181, #2980, #332, #3478, #5711, #2957, #4775, #3848, #4803, #5654, #734, #5624, #762, #3401, #3907, #1745, #5124, #5682, #2513, #3821, #1290, #3004, #4746, #364, #2069, #1625, #3061, #790, #5241, #849, #2630, #3879, #4253, #305, #5589, #440, #5356, #4396, #4424, #927, #4828, #3622, #114, #2213, #2781, #1315, #875, #899, #2690, #1430, #3968, #3112, #1771, #4884, #466, #992, #3141, #2660, #2240, #2752, #3994, #2305, #4939, #4057, #49, #1864, #3589, #496, #1801, #3508, #3557, #4855, #5325, #1371, #5384, #2725, #4456, #2268, #20, #4020, #4483, #80, #1406, #1833, #137, #3172, #5267, #3529, #4086, #3198, #4514, #553, #5293, #4915, #962, #1340, #526, #2332, #3086, #4566, #1050, #2391, #2920, #4655, #2361, #2838, #1113, #3650, #4218, #4141, #603, #4998, #636, #1021, #1952, #192, #696, #4598, #5470, #3340, #5027, #3767, #1921, #2421, #4193, #247, #3706, #2811, #5086, #5408, #3229, #1512, #3286, #5530, #4540, #1488, #161, #1080, #2867, #1142, #4167, #580, #223, #2894, #1979, #664, #2474, #2449, #3732, #2005, #5499, #1539, #3310, #1891, #5058 ),
 ( #4113, #4628, #1570, #1458, #4970, #3677, #5441, #3260, #273, #300, #838, #3901, #2591, #811, #2061, #2998, #4738, #728, #1203, #3023, #5116, #2975, #5148, #754, #1283, #3053, #2507, #4711, #5200, #2035, #2620, #2532, #4276, #3390, #781, #1170, #325, #2088, #4795, #2560, #3841, #1707, #3416, #2147, #3815, #4305, #4332, #379, #5615, #2948, #3471, #5582, #1649, #5674, #5231, #3792, #3871, #5171, #5556, #355, #1595, #1226, #1619, #4246, #2119, #3367, #4680, #1678, #5646, #3443, #1253, #4767, #12, #3549, #1307, #866, #2295, #429, #5348, #4049, #485, #2205, #403, #3928, #4847, #3079, #2259, #5259, #5285, #1793, #5701, #4474, #951, #4822, #3614, #41, #1422, #1763, #3132, #107, #2745, #5315, #891, #4874, #1856, #1738, #5374, #1363, #2653, #458, #4386, #1822, #1397, #3960, #3523, #4013, #1332, #3105, #2682, #4417, #982, #69, #517, #2233, #4931, #3582, #3985, #920, #2716, #4446, #3165, #4905, #3192, #4360, #3500, #2174, #2804, #2859, #3301, #4555, #3725, #153, #1073, #1040, #5490, #3250, #1447, #183, #5020, #1910, #1998, #5520, #1106, #5460, #2827, #5429, #4531, #4619, #570, #1969, #4587, #4505, #3667, #1942, #2352, #4158, #1479, #4988, #3697, #595, #1530, #1504, #2380, #4102, #2324, #3755, #626, #4132, #5049, #2414, #213, #2883, #3277, #654, #2440, #4184, #1562, #3331, #5076, #239, #2770, #544, #1882, #3219, #4075, #131, #3640, #5402, #4960, #1010, #5105, #1161, #2140, #4702, #4208, #1671, #3360, #5549, #2081, #2969, #264, #5166, #1587, #2463, #1195, #2025, #4760, #3832, #5139, #5574, #3784, #317, #2939, #4672, #5604 ) ),
 .UNSPECIFIED., .F., .F., .T. ) 
 B_SPLINE_SURFACE_WITH_KNOTS ( ( 2, 2 ),
 ( 3, 2, 2, 2, 2, 2, 2, 2, 2, 2, 2, 2, 2, 2, 2, 2, 2, 2, 2, 2, 2, 2, 2, 2, 2, 2, 2, 2, 2, 2, 2, 2, 2, 2, 2, 2, 2, 2, 2, 2, 2, 2, 2, 2, 2, 2, 2, 2, 2, 2, 2, 2, 2, 2, 2, 2, 2, 2, 2, 2, 2, 2, 2, 2, 2, 2, 2, 2, 2, 2, 2, 2, 2, 2, 2, 2, 2, 2, 2, 2, 2, 2, 2, 2, 2, 2, 2, 2, 2, 2, 2, 2, 2, 2, 2, 2, 2, 2, 2, 2, 2, 2, 2, 2, 2, 2, 2, 2, 2, 2, 2, 2, 3 ),
 ( 0.000000000000000000, 1.000000000000000000 ),
 ( 0.000000000000000000, 0.008928571428571428076, 0.01785714285714285615, 0.02678571428571428423, 0.03571428571428571230, 0.04464285714285714385, 0.05357142857142856845, 0.06250000000000000000, 0.07142857142857142461, 0.08035714285714286309, 0.08928571428571428770, 0.09821428571428571230, 0.1071428571428571369, 0.1160714285714285754, 0.1250000000000000000, 0.1339285714285714246, 0.1428571428571428492, 0.1517857142857142738, 0.1607142857142857262, 0.1696428571428571508, 0.1785714285714285754, 0.1875000000000000000, 0.1964285714285714246, 0.2053571428571428492, 0.2142857142857142738, 0.2232142857142857262, 0.2321428571428571508, 0.2410714285714285754, 0.2500000000000000000, 0.2589285714285714524, 0.2678571428571428492, 0.2767857142857143016, 0.2857142857142856984, 0.2946428571428571508, 0.3035714285714285476, 0.3125000000000000000, 0.3214285714285714524, 0.3303571428571428492, 0.3392857142857143016, 0.3482142857142856984, 0.3571428571428571508, 0.3660714285714285476, 0.3750000000000000000, 0.3839285714285714524, 0.3928571428571428492, 0.4017857142857143016, 0.4107142857142856984, 0.4196428571428571508, 0.4285714285714285476, 0.4375000000000000000, 0.4464285714285714524, 0.4553571428571428492, 0.4642857142857143016, 0.4732142857142856984, 0.4821428571428571508, 0.4910714285714285476, 0.5000000000000000000, 0.5089285714285713969, 0.5178571428571429047, 0.5267857142857143016, 0.5357142857142856984, 0.5446428571428570953, 0.5535714285714286031, 0.5625000000000000000, 0.5714285714285713969, 0.5803571428571429047, 0.5892857142857143016, 0.5982142857142856984, 0.6071428571428570953, 0.6160714285714286031, 0.6250000000000000000, 0.6339285714285713969, 0.6428571428571429047, 0.6517857142857143016, 0.6607142857142856984, 0.6696428571428570953, 0.6785714285714286031, 0.6875000000000000000, 0.6964285714285713969, 0.7053571428571429047, 0.7142857142857143016, 0.7232142857142856984, 0.7321428571428570953, 0.7410714285714286031, 0.7500000000000000000, 0.7589285714285713969, 0.7678571428571429047, 0.7767857142857143016, 0.7857142857142856984, 0.7946428571428570953, 0.8035714285714286031, 0.8125000000000000000, 0.8214285714285713969, 0.8303571428571429047, 0.8392857142857143016, 0.8482142857142856984, 0.8571428571428570953, 0.8660714285714286031, 0.8750000000000000000, 0.8839285714285713969, 0.8928571428571429047, 0.9017857142857143016, 0.9107142857142856984, 0.9196428571428570953, 0.9285714285714286031, 0.9375000000000000000, 0.9464285714285713969, 0.9553571428571429047, 0.9642857142857143016, 0.9732142857142856984, 0.9821428571428570953, 0.9910714285714286031, 1.000000000000000000 ),
 .UNSPECIFIED. ) 
 GEOMETRIC_REPRESENTATION_ITEM ( )  RATIONAL_B_SPLINE_SURFACE ( (
 ( 1.000000000000000000, 0.9238795325112867385, 1.000000000000000000, 0.9238795325112867385, 1.000000000000000000, 0.9238795325112867385, 1.000000000000000000, 0.9238795325112867385, 1.000000000000000000, 0.9238795325112867385, 1.000000000000000000, 0.9238795325112867385, 1.000000000000000000, 0.9238795325112867385, 1.000000000000000000, 0.9238795325112867385, 1.000000000000000000, 0.9238795325112867385, 1.000000000000000000, 0.9238795325112867385, 1.000000000000000000, 0.9238795325112867385, 1.000000000000000000, 0.9238795325112867385, 1.000000000000000000, 0.9238795325112867385, 1.000000000000000000, 0.9238795325112867385, 1.000000000000000000, 0.9238795325112867385, 1.000000000000000000, 0.9238795325112867385, 1.000000000000000000, 0.9238795325112867385, 1.000000000000000000, 0.9238795325112867385, 1.000000000000000000, 0.9238795325112867385, 1.000000000000000000, 0.9238795325112867385, 1.000000000000000000, 0.9238795325112867385, 1.000000000000000000, 0.9238795325112867385, 1.000000000000000000, 0.9238795325112867385, 1.000000000000000000, 0.9238795325112867385, 1.000000000000000000, 0.9238795325112867385, 1.000000000000000000, 0.9238795325112867385, 1.000000000000000000, 0.9238795325112867385, 1.000000000000000000, 0.9238795325112867385, 1.000000000000000000, 0.9238795325112867385, 1.000000000000000000, 0.9238795325112867385, 1.000000000000000000, 0.9238795325112867385, 1.000000000000000000, 0.9238795325112867385, 1.000000000000000000, 0.9238795325112867385, 1.000000000000000000, 0.9238795325112867385, 1.000000000000000000, 0.9238795325112867385, 1.000000000000000000, 0.9238795325112867385, 1.000000000000000000, 0.9238795325112867385, 1.000000000000000000, 0.9238795325112867385, 1.000000000000000000, 0.9238795325112867385, 1.000000000000000000, 0.9238795325112867385, 1.000000000000000000, 0.9238795325112867385, 1.000000000000000000, 0.9238795325112867385, 1.000000000000000000, 0.9238795325112867385, 1.000000000000000000, 0.9238795325112867385, 1.000000000000000000, 0.9238795325112867385, 1.000000000000000000, 0.9238795325112867385, 1.000000000000000000, 0.9238795325112867385, 1.000000000000000000, 0.9238795325112867385, 1.000000000000000000, 0.9238795325112867385, 1.000000000000000000, 0.9238795325112867385, 1.000000000000000000, 0.9238795325112867385, 1.000000000000000000, 0.9238795325112867385, 1.000000000000000000, 0.9238795325112867385, 1.000000000000000000, 0.9238795325112867385, 1.000000000000000000, 0.9238795325112867385, 1.000000000000000000, 0.9238795325112867385, 1.000000000000000000, 0.9238795325112867385, 1.000000000000000000, 0.9238795325112867385, 1.000000000000000000, 0.9238795325112867385, 1.000000000000000000, 0.9238795325112867385, 1.000000000000000000, 0.9238795325112867385, 1.000000000000000000, 0.9238795325112867385, 1.000000000000000000, 0.9238795325112867385, 1.000000000000000000, 0.9238795325112867385, 1.000000000000000000, 0.9238795325112867385, 1.000000000000000000, 0.9238795325112867385, 1.000000000000000000, 0.9238795325112867385, 1.000000000000000000, 0.9238795325112867385, 1.000000000000000000, 0.9238795325112867385, 1.000000000000000000, 0.9238795325112867385, 1.000000000000000000, 0.9238795325112867385, 1.000000000000000000, 0.9238795325112867385, 1.000000000000000000, 0.9238795325112867385, 1.000000000000000000, 0.9238795325112867385, 1.000000000000000000, 0.9238795325112867385, 1.000000000000000000, 0.9238795325112867385, 1.000000000000000000, 0.9238795325112867385, 1.000000000000000000, 0.9238795325112867385, 1.000000000000000000, 0.9238795325112867385, 1.000000000000000000, 0.9238795325112867385, 1.000000000000000000, 0.9238795325112867385, 1.000000000000000000, 0.9238795325112867385, 1.000000000000000000, 0.9238795325112867385, 1.000000000000000000, 0.9238795325112867385, 1.000000000000000000, 0.9238795325112867385, 1.000000000000000000, 0.9238795325112867385, 1.000000000000000000, 0.9238795325112867385, 1.000000000000000000, 0.9238795325112867385, 1.000000000000000000, 0.9238795325112867385, 1.000000000000000000, 0.9238795325112867385, 1.000000000000000000, 0.9238795325112867385, 1.000000000000000000, 0.9238795325112867385, 1.000000000000000000, 0.9238795325112867385, 1.000000000000000000, 0.9238795325112867385, 1.000000000000000000, 0.9238795325112867385, 1.000000000000000000, 0.9238795325112867385, 1.000000000000000000, 0.9238795325112867385, 1.000000000000000000, 0.9238795325112867385, 1.000000000000000000, 0.9238795325112867385, 1.000000000000000000, 0.9238795325112867385, 1.000000000000000000, 0.9238795325112867385, 1.000000000000000000, 0.9238795325112867385, 1.000000000000000000, 0.9238795325112867385, 1.000000000000000000, 0.9238795325112867385, 1.000000000000000000, 0.9238795325112867385, 1.000000000000000000, 0.9238795325112867385, 1.000000000000000000, 0.9238795325112867385, 1.000000000000000000, 0.9238795325112867385, 1.000000000000000000, 0.9238795325112867385, 1.000000000000000000, 0.9238795325112867385, 1.000000000000000000, 0.9238795325112867385, 1.000000000000000000, 0.9238795325112867385, 1.000000000000000000),
 ( 1.000000000000000000, 0.9238795325112867385, 1.000000000000000000, 0.9238795325112867385, 1.000000000000000000, 0.9238795325112867385, 1.000000000000000000, 0.9238795325112867385, 1.000000000000000000, 0.9238795325112867385, 1.000000000000000000, 0.9238795325112867385, 1.000000000000000000, 0.9238795325112867385, 1.000000000000000000, 0.9238795325112867385, 1.000000000000000000, 0.9238795325112867385, 1.000000000000000000, 0.9238795325112867385, 1.000000000000000000, 0.9238795325112867385, 1.000000000000000000, 0.9238795325112867385, 1.000000000000000000, 0.9238795325112867385, 1.000000000000000000, 0.9238795325112867385, 1.000000000000000000, 0.9238795325112867385, 1.000000000000000000, 0.9238795325112867385, 1.000000000000000000, 0.9238795325112867385, 1.000000000000000000, 0.9238795325112867385, 1.000000000000000000, 0.9238795325112867385, 1.000000000000000000, 0.9238795325112867385, 1.000000000000000000, 0.9238795325112867385, 1.000000000000000000, 0.9238795325112867385, 1.000000000000000000, 0.9238795325112867385, 1.000000000000000000, 0.9238795325112867385, 1.000000000000000000, 0.9238795325112867385, 1.000000000000000000, 0.9238795325112867385, 1.000000000000000000, 0.9238795325112867385, 1.000000000000000000, 0.9238795325112867385, 1.000000000000000000, 0.9238795325112867385, 1.000000000000000000, 0.9238795325112867385, 1.000000000000000000, 0.9238795325112867385, 1.000000000000000000, 0.9238795325112867385, 1.000000000000000000, 0.9238795325112867385, 1.000000000000000000, 0.9238795325112867385, 1.000000000000000000, 0.9238795325112867385, 1.000000000000000000, 0.9238795325112867385, 1.000000000000000000, 0.9238795325112867385, 1.000000000000000000, 0.9238795325112867385, 1.000000000000000000, 0.9238795325112867385, 1.000000000000000000, 0.9238795325112867385, 1.000000000000000000, 0.9238795325112867385, 1.000000000000000000, 0.9238795325112867385, 1.000000000000000000, 0.9238795325112867385, 1.000000000000000000, 0.9238795325112867385, 1.000000000000000000, 0.9238795325112867385, 1.000000000000000000, 0.9238795325112867385, 1.000000000000000000, 0.9238795325112867385, 1.000000000000000000, 0.9238795325112867385, 1.000000000000000000, 0.9238795325112867385, 1.000000000000000000, 0.9238795325112867385, 1.000000000000000000, 0.9238795325112867385, 1.000000000000000000, 0.9238795325112867385, 1.000000000000000000, 0.9238795325112867385, 1.000000000000000000, 0.9238795325112867385, 1.000000000000000000, 0.9238795325112867385, 1.000000000000000000, 0.9238795325112867385, 1.000000000000000000, 0.9238795325112867385, 1.000000000000000000, 0.9238795325112867385, 1.000000000000000000, 0.9238795325112867385, 1.000000000000000000, 0.9238795325112867385, 1.000000000000000000, 0.9238795325112867385, 1.000000000000000000, 0.9238795325112867385, 1.000000000000000000, 0.9238795325112867385, 1.000000000000000000, 0.9238795325112867385, 1.000000000000000000, 0.9238795325112867385, 1.000000000000000000, 0.9238795325112867385, 1.000000000000000000, 0.9238795325112867385, 1.000000000000000000, 0.9238795325112867385, 1.000000000000000000, 0.9238795325112867385, 1.000000000000000000, 0.9238795325112867385, 1.000000000000000000, 0.9238795325112867385, 1.000000000000000000, 0.9238795325112867385, 1.000000000000000000, 0.9238795325112867385, 1.000000000000000000, 0.9238795325112867385, 1.000000000000000000, 0.9238795325112867385, 1.000000000000000000, 0.9238795325112867385, 1.000000000000000000, 0.9238795325112867385, 1.000000000000000000, 0.9238795325112867385, 1.000000000000000000, 0.9238795325112867385, 1.000000000000000000, 0.9238795325112867385, 1.000000000000000000, 0.9238795325112867385, 1.000000000000000000, 0.9238795325112867385, 1.000000000000000000, 0.9238795325112867385, 1.000000000000000000, 0.9238795325112867385, 1.000000000000000000, 0.9238795325112867385, 1.000000000000000000, 0.9238795325112867385, 1.000000000000000000, 0.9238795325112867385, 1.000000000000000000, 0.9238795325112867385, 1.000000000000000000, 0.9238795325112867385, 1.000000000000000000, 0.9238795325112867385, 1.000000000000000000, 0.9238795325112867385, 1.000000000000000000, 0.9238795325112867385, 1.000000000000000000, 0.9238795325112867385, 1.000000000000000000, 0.9238795325112867385, 1.000000000000000000, 0.9238795325112867385, 1.000000000000000000, 0.9238795325112867385, 1.000000000000000000, 0.9238795325112867385, 1.000000000000000000, 0.9238795325112867385, 1.000000000000000000, 0.9238795325112867385, 1.000000000000000000, 0.9238795325112867385, 1.000000000000000000, 0.9238795325112867385, 1.000000000000000000, 0.9238795325112867385, 1.000000000000000000, 0.9238795325112867385, 1.000000000000000000, 0.9238795325112867385, 1.000000000000000000, 0.9238795325112867385, 1.000000000000000000, 0.9238795325112867385, 1.000000000000000000, 0.9238795325112867385, 1.000000000000000000, 0.9238795325112867385, 1.000000000000000000, 0.9238795325112867385, 1.000000000000000000, 0.9238795325112867385, 1.000000000000000000, 0.9238795325112867385, 1.000000000000000000, 0.9238795325112867385, 1.000000000000000000) ) ) 
 REPRESENTATION_ITEM ( '' )  SURFACE ( )  );
#462 = CARTESIAN_POINT ( 'NONE',  ( 0.02858073580374305422, -0.06900000000000101885, 0.6699218750000005551 ) ) ;
#463 = CARTESIAN_POINT ( 'NONE',  ( -0.02858073580362837166, -0.06900000000011638490, -0.2011718749999895639 ) ) ;
#464 = CARTESIAN_POINT ( 'NONE',  ( -0.02858073580374334566, 0.06900000000000007516, 0.6582031250000001110 ) ) ;
#465 = CARTESIAN_POINT ( 'NONE',  ( -0.03443788894025132802, -0.03443788894025164027, 0.7773437500000002220 ) ) ;
#466 = CARTESIAN_POINT ( 'NONE',  ( -0.07069145586676646442, -3.165212522481658049E-16, 0.6923828125000004441 ) ) ;
#467 = ORIENTED_EDGE ( 'NONE', *, *, #3561, .F. ) ;
#468 = CARTESIAN_POINT ( 'NONE',  ( 0.04879036790187187000, -0.04879036790187220307, 0.8281250000000004441 ) ) ;
#469 = CARTESIAN_POINT ( 'NONE',  ( -0.03443788894025155700, 0.03443788894025134190, -0.2304687500000001943 ) ) ;
#470 = CARTESIAN_POINT ( 'NONE',  ( -0.06900000000000011680, -3.166248240488225568E-16, 0.8515625000000001110 ) ) ;
#471 = CARTESIAN_POINT ( 'NONE',  ( -0.07069145586676647830, 0.02928135976391345666, 0.7236328125000003331 ) ) ;
#472 = ORIENTED_EDGE ( 'NONE', *, *, #4001, .T. ) ;
#473 = CARTESIAN_POINT ( 'NONE',  ( 0.04870252959880182891, -0.02017324828170116019, 0.6894531250000004441 ) ) ;
#474 = CARTESIAN_POINT ( 'NONE',  ( -0.02017324828170082018, -0.04870252959880215504, 0.5566406250000003331 ) ) ;
#475 = CARTESIAN_POINT ( 'NONE',  ( 1.690012582823350463E-17, 0.06899999999999979761, 0.6875000000000001110 ) ) ;
#476 = CARTESIAN_POINT ( 'NONE',  ( -0.04870252959880216198, -0.02017324828170115672, -0.06835937500000019429 ) ) ;
#477 = CARTESIAN_POINT ( 'NONE',  ( 0.04879036790187187694, 0.04879036790187153000, 0.6210937500000001110 ) ) ;
#478 = DIRECTION ( 'NONE',  ( -0.000000000000000000, 1.081356497492104437E-16, -1.000000000000000000 ) ) ;
#479 = VERTEX_POINT ( 'NONE', #1901 ) ;
#480 = CARTESIAN_POINT ( 'NONE',  ( -0.06900000000000011680, -3.166248240488225568E-16, 0.5664062500000004441 ) ) ;
#481 = EDGE_CURVE ( 'NONE', #88, #493, #5123, .T. ) ;
#482 = CARTESIAN_POINT ( 'NONE',  ( -0.04870252959880216198, 0.02017324828170074386, -0.06835937500000018041 ) ) ;
#483 = CARTESIAN_POINT ( 'NONE',  ( 0.02928135976391381748, 0.07069145586676624238, -0.1865234375000003331 ) ) ;
#484 = CARTESIAN_POINT ( 'NONE',  ( -0.04870252959880183585, 0.02017324828170049406, 0.8613281250000003331 ) ) ;
#485 = CARTESIAN_POINT ( 'NONE',  ( 1.192867939671037905E-17, 0.04870252959880150972, 0.7656250000000002220 ) ) ;
#486 = CARTESIAN_POINT ( 'NONE',  ( -0.04870252959880216892, -0.02017324828170116019, -0.09570312500000015266 ) ) ;
#487 = ADVANCED_FACE ( 'NONE', ( #2819 ), #2433, .F. ) ;
#488 = B_SPLINE_CURVE_WITH_KNOTS ( 'NONE', 3,
 ( #3318, #202, #5539, #2487, #3714, #4574 ),
 .UNSPECIFIED., .F., .F.,
 ( 4, 2, 4 ),
 ( 1.772474733623580476E-16, 0.0005611358557038250046, 0.001122271711407472417 ),
 .UNSPECIFIED. ) ;
#489 = CARTESIAN_POINT ( 'NONE',  ( -0.02017324828170095896, -0.04870252959880238403, -0.1230468750000001665 ) ) ;
#490 = CARTESIAN_POINT ( 'NONE',  ( -8.450062914116752315E-18, -0.06900000000000044986, 0.6406250000000001110 ) ) ;
#491 = CARTESIAN_POINT ( 'NONE',  ( 8.450062914116729204E-18, -0.06899999999999996414, -0.2500000000000000000 ) ) ;
#492 = CARTESIAN_POINT ( 'NONE',  ( -0.06899999999999989475, -2.067517857974792413E-16, -0.08593749999999944489 ) ) ;
#493 = VERTEX_POINT ( 'NONE', #1874 ) ;
#494 = CARTESIAN_POINT ( 'NONE',  ( -0.02017324828170082018, -0.04870252959880215504, 0.8105468750000002220 ) ) ;
#495 = ORIENTED_EDGE ( 'NONE', *, *, #2373, .T. ) ;
#496 = CARTESIAN_POINT ( 'NONE',  ( -0.02928135976391377585, -0.07069145586676678361, 0.6669921875000005551 ) ) ;
#497 = ORIENTED_EDGE ( 'NONE', *, *, #1876, .T. ) ;
#498 = CARTESIAN_POINT ( 'NONE',  ( 0.06900000000000011680, 0.02858073580374330749, 0.7441406250000000000 ) ) ;
#499 =( BOUNDED_CURVE ( )  B_SPLINE_CURVE ( 2, ( #5664, #684, #2548, #3381, #1700, #5164, #263, #5137, #2496 ),
 .UNSPECIFIED., .F., .T. ) 
 B_SPLINE_CURVE_WITH_KNOTS ( ( 3, 2, 2, 2, 3 ),
 ( 0.7857142857142856984, 0.7946428571428572063, 0.8035714285714284921, 0.8124999999999997780, 0.8214285714285711748 ),
 .UNSPECIFIED. ) 
 CURVE ( )  GEOMETRIC_REPRESENTATION_ITEM ( )  RATIONAL_B_SPLINE_CURVE ( ( 1.000000000000000000, 0.9238795325112867385, 1.000000000000000000, 0.9238795325112867385, 1.000000000000000000, 0.9238795325112867385, 1.000000000000000000, 0.9238795325112886259, 0.9999999999999981126 ) ) 
 REPRESENTATION_ITEM ( '' )  );
#500 = CARTESIAN_POINT ( 'NONE',  ( -0.03443788894025155700, 0.03443788894025134190, -0.1992187500000001943 ) ) ;
#501 = CYLINDRICAL_SURFACE ( 'NONE', #1274, 0.06899999999999993638 ) ;
#502 = CARTESIAN_POINT ( 'NONE',  ( -8.657206515430192834E-18, -0.07069145586676679749, 0.7333984375000002220 ) ) ;
#503 = ORIENTED_EDGE ( 'NONE', *, *, #3687, .T. ) ;
#504 = CARTESIAN_POINT ( 'NONE',  ( 1.192867939671037905E-17, 0.04870252959880150972, 0.5742187500000003331 ) ) ;
#505 = ADVANCED_FACE ( 'NONE', ( #4950 ), #3299, .T. ) ;
#506 = CARTESIAN_POINT ( 'NONE',  ( 1.192867939671037905E-17, 0.04870252959880150972, 0.6992187500000004441 ) ) ;
#507 = CYLINDRICAL_SURFACE ( 'NONE', #4848, 0.02500000000000000139 ) ;
#508 = CARTESIAN_POINT ( 'NONE',  ( 0.03443788894025132802, 0.03443788894025099495, 0.5390625000000004441 ) ) ;
#509 = CARTESIAN_POINT ( 'NONE',  ( 0.04870252959880215504, -0.02017324828170118795, -0.05664062500000018735 ) ) ;
#510 = DIRECTION ( 'NONE',  ( -0.000000000000000000, 1.081356497492104437E-16, -1.000000000000000000 ) ) ;
#511 = CARTESIAN_POINT ( 'NONE',  ( -0.04870252959880183585, -0.02017324828170113243, 0.8066406250000002220 ) ) ;
#512 = ORIENTED_EDGE ( 'NONE', *, *, #4685, .T. ) ;
#513 = FACE_OUTER_BOUND ( 'NONE', #451, .T. ) ;
#514 = DIRECTION ( 'NONE',  ( -0.000000000000000000, 1.081356497492104437E-16, -1.000000000000000000 ) ) ;
#515 = CARTESIAN_POINT ( 'NONE',  ( -0.04998640781534011146, -0.04998640781534032657, -0.2041015625000003331 ) ) ;
#516 = CARTESIAN_POINT ( 'NONE',  ( -0.04870252959880183585, -3.178676856567033324E-16, 0.8632812500000003331 ) ) ;
#517 = CARTESIAN_POINT ( 'NONE',  ( -0.03443788894025132802, -0.03443788894025164027, 0.6835937500000003331 ) ) ;
#518 = CARTESIAN_POINT ( 'NONE',  ( 0.02017324828170098325, 0.04870252959880194688, -0.1699218750000001388 ) ) ;
#519 = AXIS2_PLACEMENT_3D ( 'NONE', #99, #883, #3517 ) ;
#520 = CARTESIAN_POINT ( 'NONE',  ( 0.02858073580374291545, -0.06900000000000114375, 0.6425781250000000000 ) ) ;
#521 = LINE ( 'NONE', #3990, #5695 ) ;
#522 = PRODUCT ( '91075A445_Male-Female Threaded Hex Standoff_91075A445', '91075A445_Male-Female Threaded Hex Standoff_91075A445', '', ( #4126 ) ) ;
#523 = CARTESIAN_POINT ( 'NONE',  ( -0.06900000000000011680, -0.02858073580374393199, 0.6660156250000000000 ) ) ;
#524 = CARTESIAN_POINT ( 'NONE',  ( 1.192867939671037905E-17, 0.04870252959880150972, 0.7031250000000003331 ) ) ;
#525 = VECTOR ( 'NONE', #3491, 39.37007874015748143 ) ;
#526 = CARTESIAN_POINT ( 'NONE',  ( 0.04998640781534011146, -0.04998640781534044453, 0.6103515625000004441 ) ) ;
#527 = CARTESIAN_POINT ( 'NONE',  ( -0.06900000000004384570, -0.02858073580376192802, -0.1425781250000256184 ) ) ;
#528 = AXIS2_PLACEMENT_3D ( 'NONE', #5038, #4149, #4229 ) ;
#529 = CARTESIAN_POINT ( 'NONE',  ( 0.1124999999999999473, 0.07938566201357319385, 0.01093458898514393721 ) ) ;
#530 = CARTESIAN_POINT ( 'NONE',  ( 0.02858073580376910283, -0.06900000000003592149, -0.1660156250000245359 ) ) ;
#531 = CARTESIAN_POINT ( 'NONE',  ( 1.731441303086038567E-17, 0.07069145586676614523, 0.7490234375000001110 ) ) ;
#532 = VECTOR ( 'NONE', #46, 39.37007874015748143 ) ;
#533 = EDGE_LOOP ( 'NONE', ( #4480, #3948, #5548, #2731 ) ) ;
#534 = CARTESIAN_POINT ( 'NONE',  ( 0.04870252959880183585, -3.297963650534137407E-16, 0.5351562500000003331 ) ) ;
#535 = CARTESIAN_POINT ( 'NONE',  ( -0.03443788894025132802, -0.03443788894025164027, 0.6484375000000003331 ) ) ;
#536 = CARTESIAN_POINT ( 'NONE',  ( -0.06147290826583474976, 0.02274411214262694533, 0.5000000000000001110 ) ) ;
#537 = CARTESIAN_POINT ( 'NONE',  ( -0.02858073580374307504, 0.06900000000000033884, 0.5957031250000001110 ) ) ;
#538 = FACE_OUTER_BOUND ( 'NONE', #3014, .T. ) ;
#539 = DIMENSIONAL_EXPONENTS ( 1.000000000000000000, 0.000000000000000000, 0.000000000000000000, 0.000000000000000000, 0.000000000000000000, 0.000000000000000000, 0.000000000000000000 ) ;
#540 = VERTEX_POINT ( 'NONE', #1961 ) ;
#541 = CARTESIAN_POINT ( 'NONE',  ( 0.04870252959880215504, -0.02017324828170119488, -0.2089843750000001665 ) ) ;
#542 = CARTESIAN_POINT ( 'NONE',  ( 0.07069145586676645054, 0.02928135976391356074, -0.1904296875000003331 ) ) ;
#543 = CARTESIAN_POINT ( 'NONE',  ( 1.192867939671037905E-17, 0.04870252959880150972, 0.7929687500000003331 ) ) ;
#544 = CARTESIAN_POINT ( 'NONE',  ( -0.02017324828170081324, 0.04870252959880150972, 0.5488281250000003331 ) ) ;
#545 = CARTESIAN_POINT ( 'NONE',  ( 0.02017324828170093814, -0.04870252959880239096, -0.08789062500000015266 ) ) ;
#546 = CARTESIAN_POINT ( 'NONE',  ( -0.03443788894025155700, -0.03443788894025177211, -0.1601562500000001943 ) ) ;
#547 = CARTESIAN_POINT ( 'NONE',  ( 0.06900000000000011680, 0.02858073580374330749, 0.6503906250000001110 ) ) ;
#548 = CARTESIAN_POINT ( 'NONE',  ( -0.04879036790187226552, -0.04879036790187247369, -0.2031250000000007216 ) ) ;
#549 = ORIENTED_EDGE ( 'NONE', *, *, #227, .F. ) ;
#550 = CARTESIAN_POINT ( 'NONE',  ( 0.06900000000000011680, -0.02858073580374397363, 0.7988281250000005551 ) ) ;
#551 = CARTESIAN_POINT ( 'NONE',  ( 0.09613479176815445393, -0.08883411939157406789, 0.8686401842519876348 ) ) ;
#552 = CARTESIAN_POINT ( 'NONE',  ( 0.02017324828170079937, -0.04870252959880216198, 0.7207031250000002220 ) ) ;
#553 = CARTESIAN_POINT ( 'NONE',  ( 0.02928135976391381748, 0.07069145586676611748, 0.6201171875000004441 ) ) ;
#554 = CARTESIAN_POINT ( 'NONE',  ( -0.09613479176815439842, 0.08883411939157344339, 0.8686401842519878569 ) ) ;
#555 = CARTESIAN_POINT ( 'NONE',  ( -0.04879036790187169653, 0.04879036790187149530, -0.1835937499999994449 ) ) ;
#556 = CARTESIAN_POINT ( 'NONE',  ( -0.04879036790187186307, 0.04879036790187154388, 0.8476562500000001110 ) ) ;
#557 = CARTESIAN_POINT ( 'NONE',  ( -0.04998640781534011840, -0.04998640781534043759, 0.6982421875000002220 ) ) ;
#558 = ORIENTED_EDGE ( 'NONE', *, *, #4529, .T. ) ;
#559 = CARTESIAN_POINT ( 'NONE',  ( -0.03443788894025132108, 0.03443788894025100189, 0.7656250000000003331 ) ) ;
#560 = CARTESIAN_POINT ( 'NONE',  ( -0.04870252959880183585, 0.02017324828170049406, 0.6113281250000004441 ) ) ;
#561 = CARTESIAN_POINT ( 'NONE',  ( -0.04870252959880183585, -3.178676856567033324E-16, 0.6132812500000003331 ) ) ;
#562 = DIRECTION ( 'NONE',  ( 1.000000000000000000, 0.000000000000000000, 0.000000000000000000 ) ) ;
#563 =( BOUNDED_CURVE ( )  B_SPLINE_CURVE ( 2, ( #4210, #1246, #2113, #2993, #775, #1590, #1614, #3383, #2914 ),
 .UNSPECIFIED., .F., .T. ) 
 B_SPLINE_CURVE_WITH_KNOTS ( ( 3, 2, 2, 2, 3 ),
 ( 0.8214285714285711748, 0.8303571428571425717, 0.8392857142857140795, 0.8482142857142854764, 0.8571428571428569843 ),
 .UNSPECIFIED. ) 
 CURVE ( )  GEOMETRIC_REPRESENTATION_ITEM ( )  RATIONAL_B_SPLINE_CURVE ( ( 1.000000000000001998, 0.9238795325112848511, 1.000000000000000000, 0.9238795325112867385, 1.000000000000000000, 0.9238795325112867385, 1.000000000000000000, 0.9238795325112886259, 0.9999999999999981126 ) ) 
 REPRESENTATION_ITEM ( '' )  );
#564 = CARTESIAN_POINT ( 'NONE',  ( -0.02535891276052518184, -0.04351686511997816115, -0.2500000000000000555 ) ) ;
#565 = CARTESIAN_POINT ( 'NONE',  ( -0.04870252959880183585, -3.178676856567033324E-16, 0.7421875000000002220 ) ) ;
#566 = ORIENTED_EDGE ( 'NONE', *, *, #5394, .F. ) ;
#567 = FACE_OUTER_BOUND ( 'NONE', #3992, .T. ) ;
#568 = CARTESIAN_POINT ( 'NONE',  ( -0.02928135976391377585, -0.07069145586676667259, -0.1083984375000003331 ) ) ;
#569 = CARTESIAN_POINT ( 'NONE',  ( -5.964339698355189526E-18, -0.04870252959880215504, 0.6523437500000003331 ) ) ;
#570 = CARTESIAN_POINT ( 'NONE',  ( -0.03443788894025132108, 0.03443788894025100189, 0.6132812500000003331 ) ) ;
#571 = CARTESIAN_POINT ( 'NONE',  ( 0.03443788894025156394, 0.03443788894025133496, -0.1406250000000001388 ) ) ;
#572 = CARTESIAN_POINT ( 'NONE',  ( 0.04870252959880215504, -0.02017324828170119141, -0.1503906250000001943 ) ) ;
#573 = CARTESIAN_POINT ( 'NONE',  ( 0.03443788894025155700, -0.03443788894025177211, -0.08593750000000013878 ) ) ;
#574 = CARTESIAN_POINT ( 'NONE',  ( 0.04870252959880183585, -3.297963650534137407E-16, 0.8789062500000004441 ) ) ;
#575 = EDGE_CURVE ( 'NONE', #1662, #4563, #3707, .T. ) ;
#576 = CARTESIAN_POINT ( 'NONE',  ( -0.02017324828170095549, -0.04870252959880239096, -0.2207031250000001943 ) ) ;
#577 = CARTESIAN_POINT ( 'NONE',  ( 0.000000000000000000, 0.07069145586676625626, -0.1552734374999993339 ) ) ;
#578 = CARTESIAN_POINT ( 'NONE',  ( -0.004052033906251205179, -0.06015333352620286927, 0.8641612897494023171 ) ) ;
#579 = CARTESIAN_POINT ( 'NONE',  ( -0.04870252959880183585, -0.02017324828170113243, 0.7441406250000004441 ) ) ;
#580 = CARTESIAN_POINT ( 'NONE',  ( 0.07069145586676645054, 0.02928135976391346013, 0.5224609375000005551 ) ) ;
#581 = CARTESIAN_POINT ( 'NONE',  ( -3.715719496428360593E-14, -0.06899999999999972822, -0.1367187500000025813 ) ) ;
#582 = CARTESIAN_POINT ( 'NONE',  ( 0.06899999999999988087, -0.02858073580374377587, -0.1660156249999994449 ) ) ;
#583 = CARTESIAN_POINT ( 'NONE',  ( -0.04998640781534011840, -0.04998640781534043759, 0.6669921875000002220 ) ) ;
#584 = CARTESIAN_POINT ( 'NONE',  ( 0.04998640781534011146, -0.04998640781534044453, 0.8603515625000004441 ) ) ;
#585 = ORIENTED_EDGE ( 'NONE', *, *, #4436, .T. ) ;
#586 = EDGE_CURVE ( 'NONE', #5687, #2691, #4762, .T. ) ;
#587 = CARTESIAN_POINT ( 'NONE',  ( 0.02017324828170079937, -0.04870252959880216198, 0.6230468750000003331 ) ) ;
#588 = CARTESIAN_POINT ( 'NONE',  ( 0.02017324828170079937, -0.04870252959880216198, 0.6230468750000003331 ) ) ;
#589 = CARTESIAN_POINT ( 'NONE',  ( 0.000000000000000000, -1.707404996040164512E-16, 0.000000000000000000 ) ) ;
#590 = CARTESIAN_POINT ( 'NONE',  ( 0.06900000000000011680, 0.02858073580374330749, 0.6816406250000002220 ) ) ;
#591 = CARTESIAN_POINT ( 'NONE',  ( -0.04870252959880183585, -0.02017324828170113243, 0.7753906250000003331 ) ) ;
#592 = CARTESIAN_POINT ( 'NONE',  ( -0.04870252959880216198, 0.02017324828170072998, -0.2558593750000001110 ) ) ;
#593 = CARTESIAN_POINT ( 'NONE',  ( -0.02928135976391377585, 0.07069145586676627013, -0.05761718750000029837 ) ) ;
#594 = CARTESIAN_POINT ( 'NONE',  ( -0.02017324828170082018, -0.04870252959880215504, 0.7441406250000004441 ) ) ;
#595 = CARTESIAN_POINT ( 'NONE',  ( -0.02017324828170082018, -0.04870252959880215504, 0.5917968750000002220 ) ) ;
#596 = LINE ( 'NONE', #5106, #2098 ) ;
#597 = CARTESIAN_POINT ( 'NONE',  ( -5.964339698355189526E-18, -0.04870252959880215504, 0.9023437500000004441 ) ) ;
#598 = CARTESIAN_POINT ( 'NONE',  ( -0.04870252959880216892, -2.089514027171938606E-16, -0.1015625000000001943 ) ) ;
#599 = CARTESIAN_POINT ( 'NONE',  ( -0.04998640781534011146, 0.04998640781533989635, -0.1826171874999993339 ) ) ;
#600 = VERTEX_POINT ( 'NONE', #1524 ) ;
#601 = CARTESIAN_POINT ( 'NONE',  ( -0.04870252959880183585, 0.02017324828170049406, 0.6777343750000003331 ) ) ;
#602 = ORIENTED_EDGE ( 'NONE', *, *, #3947, .F. ) ;
#603 = CARTESIAN_POINT ( 'NONE',  ( 0.07069145586676646442, -3.338356652790262245E-16, 0.5830078125000005551 ) ) ;
#604 = AXIS2_PLACEMENT_3D ( 'NONE', #34, #478, #2643 ) ;
#605 = EDGE_CURVE ( 'NONE', #1322, #1721, #4292, .T. ) ;
#606 = CARTESIAN_POINT ( 'NONE',  ( -0.04879036790187187000, -0.04879036790187218919, 0.7304687500000001110 ) ) ;
#607 = CARTESIAN_POINT ( 'NONE',  ( -0.1194435245687484048, 0.07405078785165539190, 0.8624615979720811065 ) ) ;
#608 = VECTOR ( 'NONE', #1209, 39.37007874015748143 ) ;
#609 = CARTESIAN_POINT ( 'NONE',  ( -0.04998640781534011840, -0.04998640781534043759, 0.6044921875000001110 ) ) ;
#610 = CARTESIAN_POINT ( 'NONE',  ( -0.04998640781534011146, -0.04998640781534043759, 0.9150390625000004441 ) ) ;
#611 = ORIENTED_EDGE ( 'NONE', *, *, #5286, .F. ) ;
#612 = VECTOR ( 'NONE', #3453, 39.37007874015748854 ) ;
#613 = CARTESIAN_POINT ( 'NONE',  ( -5.964339698355189526E-18, -0.04870252959880215504, 0.6835937500000003331 ) ) ;
#614 = CARTESIAN_POINT ( 'NONE',  ( -0.1249999999999999445, -0.06205369239500956036, 0.01198009908533989067 ) ) ;
#615 = CARTESIAN_POINT ( 'NONE',  ( 0.03443788894025132802, 0.03443788894025099495, 0.5078125000000003331 ) ) ;
#616 = CARTESIAN_POINT ( 'NONE',  ( 1.690012582823350771E-17, 0.06899999999999979761, 0.8710937500000005551 ) ) ;
#617 = CARTESIAN_POINT ( 'NONE',  ( 0.000000000000000000, -1.493979371535143794E-17, -0.2500000000000000000 ) ) ;
#618 = AXIS2_PLACEMENT_3D ( 'NONE', #3876, #5648, #4772 ) ;
#619 = CARTESIAN_POINT ( 'NONE',  ( 0.04870252959880182891, -0.02017324828170116019, 0.7558593750000003331 ) ) ;
#620 = CARTESIAN_POINT ( 'NONE',  ( -3.911225857110491064E-15, 0.05993379655413097473, -0.03648437499999970107 ) ) ;
#621 = CARTESIAN_POINT ( 'NONE',  ( -0.02017324828170095896, -0.04870252959880238403, -0.1230468750000001665 ) ) ;
#622 = CARTESIAN_POINT ( 'NONE',  ( -8.657206515430192834E-18, -0.07069145586676667259, -0.04394531250000029837 ) ) ;
#623 = ORIENTED_EDGE ( 'NONE', *, *, #1468, .F. ) ;
#624 = CARTESIAN_POINT ( 'NONE',  ( 0.02858073580419054349, 0.06899999999955376551, -0.2167968750000438816 ) ) ;
#625 = CARTESIAN_POINT ( 'NONE',  ( -0.03443788894025132802, -0.03443788894025164027, 0.7421875000000003331 ) ) ;
#626 = CARTESIAN_POINT ( 'NONE',  ( 1.192867939671037905E-17, 0.04870252959880150972, 0.5781250000000002220 ) ) ;
#627 = DIRECTION ( 'NONE',  ( 0.000000000000000000, 0.000000000000000000, 1.000000000000000000 ) ) ;
#628 = B_SPLINE_CURVE_WITH_KNOTS ( 'NONE', 3,
 ( #4897, #3071, #2251, #943, #3125, #858, #4785, #828, #3516, #3918, #4867, #2163, #3952, #4409 ),
 .UNSPECIFIED., .F., .F.,
 ( 4, 2, 2, 2, 2, 2, 4 ),
 ( 0.000000000000000000, 0.0004430199460882241558, 0.0008860398921764483116, 0.001329059838264672576, 0.001772079784352896623, 0.002658119676529345152, 0.003544159568705793247 ),
 .UNSPECIFIED. ) ;
#629 = CARTESIAN_POINT ( 'NONE',  ( -8.450062914116724582E-18, -0.06900000000000011680, -0.04687499999999943795 ) ) ;
#630 = EDGE_CURVE ( 'NONE', #1369, #4321, #5482, .T. ) ;
#631 = CARTESIAN_POINT ( 'NONE',  ( -0.02017324828170095202, 0.04870252959880194688, -0.2011718750000001943 ) ) ;
#632 = CARTESIAN_POINT ( 'NONE',  ( -0.07069145586676646442, -2.123289486608360950E-16, -0.1787109374999993339 ) ) ;
#633 = CARTESIAN_POINT ( 'NONE',  ( 0.06531502265954861053, 1.126084012510403652E-12, 0.8693150226595488528 ) ) ;
#634 = CARTESIAN_POINT ( 'NONE',  ( 0.04870252959880182891, -0.02017324828170116019, 0.6621093750000002220 ) ) ;
#635 = EDGE_LOOP ( 'NONE', ( #4346, #3256, #4311, #558, #2133, #4773 ) ) ;
#636 = CARTESIAN_POINT ( 'NONE',  ( 0.04998640781534011146, -0.04998640781534044453, 0.5791015625000004441 ) ) ;
#637 = ADVANCED_FACE ( 'NONE', ( #2132 ), #258, .F. ) ;
#638 = CARTESIAN_POINT ( 'NONE',  ( -0.04879036790187187000, 0.04879036790187154388, 0.8437500000000004441 ) ) ;
#639 = CARTESIAN_POINT ( 'NONE',  ( 0.02858073580374325545, 0.06900000000000020006, 0.7128906250000006661 ) ) ;
#640 = CARTESIAN_POINT ( 'NONE',  ( 0.1238376471221984132, -0.06645404533538268321, 0.8624582518255138330 ) ) ;
#641 = CARTESIAN_POINT ( 'NONE',  ( 0.02928135976391375850, -0.07069145586676682524, 0.5478515625000002220 ) ) ;
#642 = CARTESIAN_POINT ( 'NONE',  ( 0.07069145586676645054, -0.02928135976391412626, 0.8935546875000004441 ) ) ;
#643 = ORIENTED_EDGE ( 'NONE', *, *, #2423, .T. ) ;
#644 = CYLINDRICAL_SURFACE ( 'NONE', #528, 0.06899999999999993638 ) ;
#645 =( BOUNDED_CURVE ( )  B_SPLINE_CURVE ( 2, ( #1187, #4696, #4727, #2521, #770, #2545, #2105, #3916, #5275 ),
 .UNSPECIFIED., .F., .T. ) 
 B_SPLINE_CURVE_WITH_KNOTS ( ( 3, 2, 2, 2, 3 ),
 ( 0.5000000000000000000, 0.5156250000000000000, 0.5312500000000000000, 0.5468750000000000000, 0.5625000000000000000 ),
 .UNSPECIFIED. ) 
 CURVE ( )  GEOMETRIC_REPRESENTATION_ITEM ( )  RATIONAL_B_SPLINE_CURVE ( ( 1.000000000000000000, 0.9238795325112867385, 1.000000000000000000, 0.9238795325112867385, 1.000000000000000000, 0.9238795325112867385, 1.000000000000000000, 0.9238795325112867385, 1.000000000000000000 ) ) 
 REPRESENTATION_ITEM ( '' )  );
#646 = CARTESIAN_POINT ( 'NONE',  ( 0.03443788894025132802, 0.03443788894025099495, 0.5390625000000004441 ) ) ;
#647 = CARTESIAN_POINT ( 'NONE',  ( -0.02581855871465008403, 0.06398751460950305447, 0.8730000000000234239 ) ) ;
#648 = CARTESIAN_POINT ( 'NONE',  ( -0.03443788894025068964, -0.03443788894025263947, -0.2500000000000000000 ) ) ;
#649 = CARTESIAN_POINT ( 'NONE',  ( -5.964339698355189526E-18, -0.04870252959880215504, 0.6875000000000002220 ) ) ;
#650 = CARTESIAN_POINT ( 'NONE',  ( 0.04870252959880215504, 0.02017324828170074733, -0.1425781250000001943 ) ) ;
#651 = CARTESIAN_POINT ( 'NONE',  ( 0.000000000000000000, 0.04870252959880194688, -0.2343750000000001943 ) ) ;
#652 = CARTESIAN_POINT ( 'NONE',  ( -0.04879036790187169653, 0.04879036790187149530, -0.2148437499999994726 ) ) ;
#653 = CARTESIAN_POINT ( 'NONE',  ( -0.04870252959880183585, -3.178676856567033324E-16, 0.6445312500000004441 ) ) ;
#654 = CARTESIAN_POINT ( 'NONE',  ( 0.02017324828170079937, -0.04870252959880216198, 0.5644531250000002220 ) ) ;
#655 = CARTESIAN_POINT ( 'NONE',  ( -0.03443788894025155700, 0.03443788894025134883, -0.03906250000000013878 ) ) ;
#656 = ADVANCED_FACE ( 'NONE', ( #3803 ), #3883, .F. ) ;
#657 = CARTESIAN_POINT ( 'NONE',  ( 0.04870252959880215504, 0.02017324828170075079, -0.04882812500000016653 ) ) ;
#658 = CARTESIAN_POINT ( 'NONE',  ( -8.450062914116679900E-18, -0.06899999999999975597, -0.07421875000000004163 ) ) ;
#659 = CARTESIAN_POINT ( 'NONE',  ( 0.02017324828170098325, 0.04870252959880193300, -0.2050781250000001943 ) ) ;
#660 = CARTESIAN_POINT ( 'NONE',  ( 0.02337245729960543694, -0.05711577981478641042, 0.8655871494982932957 ) ) ;
#661 = ORIENTED_EDGE ( 'NONE', *, *, #252, .F. ) ;
#662 = CARTESIAN_POINT ( 'NONE',  ( -0.03443788894025132108, 0.03443788894025100189, 0.6445312500000002220 ) ) ;
#663 = EDGE_CURVE ( 'NONE', #4372, #5712, #2029, .T. ) ;
#664 = CARTESIAN_POINT ( 'NONE',  ( 0.02928135976391375503, -0.07069145586676681137, 0.5146484375000004441 ) ) ;
#665 = CARTESIAN_POINT ( 'NONE',  ( 1.690012582823350771E-17, 0.06899999999999979761, 0.8398437500000004441 ) ) ;
#666 = CARTESIAN_POINT ( 'NONE',  ( 1.690012582823350463E-17, 0.06899999999999979761, 0.7187500000000001110 ) ) ;
#667 = CARTESIAN_POINT ( 'NONE',  ( 0.000000000000000000, -1.493979371535143794E-17, -0.2500000000000000000 ) ) ;
#668 = CARTESIAN_POINT ( 'NONE',  ( 1.731441303086038567E-17, 0.07069145586676614523, 0.5615234375000002220 ) ) ;
#669 = CARTESIAN_POINT ( 'NONE',  ( -0.02928135976391377585, -0.07069145586676678361, 0.9169921875000005551 ) ) ;
#670 = CARTESIAN_POINT ( 'NONE',  ( -0.09613479176815444005, -0.08883411939157412340, 0.006359815748012268878 ) ) ;
#671 = VERTEX_POINT ( 'NONE', #2577 ) ;
#672 = CARTESIAN_POINT ( 'NONE',  ( -0.1249999999999999029, -0.05773502691896296307, 0.8640654110148560108 ) ) ;
#673 = CARTESIAN_POINT ( 'NONE',  ( 0.02928135976391382442, 0.07069145586676613136, 0.9033203125000002220 ) ) ;
#674 = CARTESIAN_POINT ( 'NONE',  ( -0.06900000000000014455, -0.02858073580374393199, 0.6308593750000004441 ) ) ;
#675 = CARTESIAN_POINT ( 'NONE',  ( 0.02017324828170080284, -0.04870252959880216892, 0.7207031250000003331 ) ) ;
#676 = PLANE ( 'NONE',  #2291 ) ;
#677 = CARTESIAN_POINT ( 'NONE',  ( 0.000000000000000000, 0.04870252959880195381, -0.1367187500000001388 ) ) ;
#678 = EDGE_CURVE ( 'NONE', #816, #5362, #1342, .T. ) ;
#679 =( BOUNDED_CURVE ( )  B_SPLINE_CURVE ( 2, ( #1895, #2664, #444, #3997, #54, #2785, #1774 ),
 .UNSPECIFIED., .F., .T. ) 
 B_SPLINE_CURVE_WITH_KNOTS ( ( 3, 2, 2, 3 ),
 ( 0.9642857142857144126, 0.9732142857142858094, 0.9821428571428570953, 0.9910714285714286031 ),
 .UNSPECIFIED. ) 
 CURVE ( )  GEOMETRIC_REPRESENTATION_ITEM ( )  RATIONAL_B_SPLINE_CURVE ( ( 0.9999999999999990008, 0.9238795325112877377, 1.000000000000000000, 0.9238795325112867385, 1.000000000000000000, 0.9238795325112867385, 1.000000000000000000 ) ) 
 REPRESENTATION_ITEM ( '' )  );
#680 = CARTESIAN_POINT ( 'NONE',  ( -0.04998640781534011146, -0.04998640781534031963, -0.04785156250000031225 ) ) ;
#681 = VERTEX_POINT ( 'NONE', #2489 ) ;
#682 = CARTESIAN_POINT ( 'NONE',  ( -8.450062914116753856E-18, -0.06900000000000044986, 0.7304687500000006661 ) ) ;
#683 = CARTESIAN_POINT ( 'NONE',  ( -0.02017324828170082018, -0.04870252959880215504, 0.6503906250000003331 ) ) ;
#684 = CARTESIAN_POINT ( 'NONE',  ( -0.02858073580374361974, 0.06899999999999981148, 0.8144531250000001110 ) ) ;
#685 = CARTESIAN_POINT ( 'NONE',  ( 0.000000000000000000, 0.06899999999999967271, -0.2500000000000000000 ) ) ;
#686 = CARTESIAN_POINT ( 'NONE',  ( 0.02017324828170093814, -0.04870252959880239096, -0.05664062500000013878 ) ) ;
#687 = CARTESIAN_POINT ( 'NONE',  ( -5.964339698355230356E-18, -0.04870252959880237709, -0.05859375000000013878 ) ) ;
#688 = CARTESIAN_POINT ( 'NONE',  ( -0.03443788894025132802, -0.03443788894025164027, 0.8671875000000004441 ) ) ;
#689 = CARTESIAN_POINT ( 'NONE',  ( 0.03443788894025156394, 0.03443788894025133496, -0.1132812500000001943 ) ) ;
#690 = CARTESIAN_POINT ( 'NONE',  ( -0.04998640781534011840, -0.04998640781534032657, -0.08105468749999931999 ) ) ;
#691 = CARTESIAN_POINT ( 'NONE',  ( -0.01557605679694179165, -0.05760463387362306509, 0.8635405953535975065 ) ) ;
#692 = CARTESIAN_POINT ( 'NONE',  ( 0.1249999999999999445, 0.05773502691896201244, 0.01093458898514389904 ) ) ;
#693 = CARTESIAN_POINT ( 'NONE',  ( 0.02928135976391375850, -0.07069145586676671422, -0.04394531249999934081 ) ) ;
#694 = CARTESIAN_POINT ( 'NONE',  ( 0.04870252959880182891, 0.02017324828170050446, 0.6347656250000002220 ) ) ;
#695 = EDGE_CURVE ( 'NONE', #2097, #63, #5628, .T. ) ;
#696 = CARTESIAN_POINT ( 'NONE',  ( -0.04998640781534011146, -0.04998640781534043759, 0.5712890625000004441 ) ) ;
#697 = B_SPLINE_CURVE_WITH_KNOTS ( 'NONE', 3,
 ( #3619, #5406, #1455, #4111, #5437, #692 ),
 .UNSPECIFIED., .F., .F.,
 ( 4, 2, 4 ),
 ( 4.370558682921689079E-19, 0.0003339356863371003192, 0.0006678713726742002048 ),
 .UNSPECIFIED. ) ;
#698 = CARTESIAN_POINT ( 'NONE',  ( 0.000000000000000000, 0.06899999999999967271, -0.2500000000000000000 ) ) ;
#699 = CARTESIAN_POINT ( 'NONE',  ( -0.04870252959880216892, -2.182797670075741262E-16, -0.2539062500000001665 ) ) ;
#700 = CARTESIAN_POINT ( 'NONE',  ( -0.02858073580374334566, 0.06900000000000007516, 0.7207031250000002220 ) ) ;
#701 = CARTESIAN_POINT ( 'NONE',  ( 1.690012582823350771E-17, 0.06899999999999979761, 0.6523437500000004441 ) ) ;
#702 = CARTESIAN_POINT ( 'NONE',  ( 0.02928135976391382442, 0.07069145586676613136, 0.6220703125000001110 ) ) ;
#703 = CARTESIAN_POINT ( 'NONE',  ( -8.657206515430192834E-18, -0.07069145586676678361, 0.8876953125000004441 ) ) ;
#704 = VERTEX_POINT ( 'NONE', #4231 ) ;
#705 = CARTESIAN_POINT ( 'NONE',  ( 0.02017324828170084447, 0.04870252959880150279, 0.6347656250000003331 ) ) ;
#706 = CARTESIAN_POINT ( 'NONE',  ( -8.450062914116753856E-18, -0.06900000000000044986, 0.8554687500000005551 ) ) ;
#707 = CARTESIAN_POINT ( 'NONE',  ( 0.03443788894025132108, -0.03443788894025164721, 0.5000000000000004441 ) ) ;
#708 = CARTESIAN_POINT ( 'NONE',  ( -0.07085820600274277126, 0.1034275629874284314, 0.003602828677653487771 ) ) ;
#709 = AXIS2_PLACEMENT_3D ( 'NONE', #4758, #2937, #2108 ) ;
#710 = CARTESIAN_POINT ( 'NONE',  ( -0.03443788894025132108, 0.03443788894025100189, 0.5507812500000002220 ) ) ;
#711 = DIRECTION ( 'NONE',  ( 0.000000000000000000, 1.000000000000000000, 1.081356497492104437E-16 ) ) ;
#712 = AXIS2_PLACEMENT_3D ( 'NONE', #3818, #5235, #3396 ) ;
#713 = CARTESIAN_POINT ( 'NONE',  ( -0.03443788894025155700, -0.03443788894025177211, -0.1601562500000001943 ) ) ;
#714 = CARTESIAN_POINT ( 'NONE',  ( -0.06899999999999989475, -2.105788070448147146E-16, -0.1484374999999994449 ) ) ;
#715 = CARTESIAN_POINT ( 'NONE',  ( -0.07085820600274278513, -0.1034275629874291808, 0.8713971713223461757 ) ) ;
#716 =( BOUNDED_CURVE ( )  B_SPLINE_CURVE ( 2, ( #2549, #3863, #2610, #372, #1271, #396, #3044, #4786, #4671 ),
 .UNSPECIFIED., .F., .T. ) 
 B_SPLINE_CURVE_WITH_KNOTS ( ( 3, 2, 2, 2, 3 ),
 ( 0.4642857142857140240, 0.4732142857142854764, 0.4821428571428569287, 0.4910714285714283811, 0.4999999999999998335 ),
 .UNSPECIFIED. ) 
 CURVE ( )  GEOMETRIC_REPRESENTATION_ITEM ( )  RATIONAL_B_SPLINE_CURVE ( ( 1.000000000000002442, 0.9238795325112844070, 1.000000000000000000, 0.9238795325112867385, 1.000000000000000000, 0.9238795325112867385, 1.000000000000000000, 0.9238795325112881818, 0.9999999999999985567 ) ) 
 REPRESENTATION_ITEM ( '' )  );
#717 = CARTESIAN_POINT ( 'NONE',  ( 1.690012582823350771E-17, 0.06899999999999979761, 0.7460937500000005551 ) ) ;
#718 = VECTOR ( 'NONE', #2850, 39.37007874015748143 ) ;
#719 = CARTESIAN_POINT ( 'NONE',  ( -0.04870252959880216892, 0.02017324828170074386, -0.06835937500000016653 ) ) ;
#720 = CARTESIAN_POINT ( 'NONE',  ( -5.964339698355189526E-18, -0.04870252959880215504, 0.5273437500000004441 ) ) ;
#721 = CARTESIAN_POINT ( 'NONE',  ( -0.01250000000000001110, -0.1371206889325363998, 0.8640654110148560108 ) ) ;
#722 = CARTESIAN_POINT ( 'NONE',  ( 0.02017324828170079937, -0.04870252959880216198, 0.7167968750000004441 ) ) ;
#723 = CARTESIAN_POINT ( 'NONE',  ( 0.04870252959880216892, -2.237503480494059479E-16, -0.1484375000000001943 ) ) ;
#724 = CARTESIAN_POINT ( 'NONE',  ( -0.07069145586676647830, 0.02928135976391356074, -0.1181640624999993339 ) ) ;
#725 = EDGE_LOOP ( 'NONE', ( #392, #4453, #4829, #4499, #2730 ) ) ;
#726 = CARTESIAN_POINT ( 'NONE',  ( -0.02017324828170082018, -0.04870252959880215504, 0.6230468750000002220 ) ) ;
#727 = CARTESIAN_POINT ( 'NONE',  ( 1.690012582823350771E-17, 0.06899999999999979761, 0.8085937500000003331 ) ) ;
#728 = CARTESIAN_POINT ( 'NONE',  ( 0.02017324828170084447, 0.04870252959880150279, 0.8886718750000004441 ) ) ;
#729 = CARTESIAN_POINT ( 'NONE',  ( 0.06900000000000722222, 0.02858073580374635020, -0.1269531250000044686 ) ) ;
#730 = CARTESIAN_POINT ( 'NONE',  ( -0.02017324828170095896, -0.04870252959880239096, -0.2480468750000001665 ) ) ;
#731 = CARTESIAN_POINT ( 'NONE',  ( 0.000000000000000000, -1.493979371535143794E-17, -0.2500000000000000000 ) ) ;
#732 = CARTESIAN_POINT ( 'NONE',  ( -0.06899999999999965883, -2.160801500878595069E-16, -0.2382812500000001388 ) ) ;
#733 = CARTESIAN_POINT ( 'NONE',  ( -0.07069145586676647830, -0.02928135976391408810, 0.5712890625000003331 ) ) ;
#734 = CARTESIAN_POINT ( 'NONE',  ( 1.731441303086038567E-17, 0.07069145586676613136, 0.7783203125000004441 ) ) ;
#735 = ORIENTED_EDGE ( 'NONE', *, *, #5179, .F. ) ;
#736 = CARTESIAN_POINT ( 'NONE',  ( -0.04870252959880183585, 0.02017324828170049406, 0.6425781250000003331 ) ) ;
#737 = EDGE_CURVE ( 'NONE', #4693, #1487, #353, .T. ) ;
#738 = CARTESIAN_POINT ( 'NONE',  ( -8.450062914116752315E-18, -0.06900000000000044986, 0.5468750000000001110 ) ) ;
#739 = CARTESIAN_POINT ( 'NONE',  ( -0.02017324828170081324, 0.04870252959880150972, 0.5449218750000004441 ) ) ;
#740 = DIRECTION ( 'NONE',  ( 0.000000000000000000, 1.000000000000000000, 0.000000000000000000 ) ) ;
#741 = CARTESIAN_POINT ( 'NONE',  ( -5.964339698355189526E-18, -0.04870252959880215504, 0.6250000000000003331 ) ) ;
#742 = CARTESIAN_POINT ( 'NONE',  ( -0.04870252959880216198, 0.02017324828170074039, -0.1308593750000001388 ) ) ;
#743 = CARTESIAN_POINT ( 'NONE',  ( 0.000000000000000000, 0.04870252959880194688, -0.2031250000000001665 ) ) ;
#744 = CARTESIAN_POINT ( 'NONE',  ( 5.964339698355210326E-18, -0.04870252959880204402, -0.007812499999999999133 ) ) ;
#745 = VERTEX_POINT ( 'NONE', #2237 ) ;
#746 = LINE ( 'NONE', #4266, #3578 ) ;
#747 = CARTESIAN_POINT ( 'NONE',  ( -0.02017324828170082018, -0.04870252959880215504, 0.5253906250000005551 ) ) ;
#748 = CARTESIAN_POINT ( 'NONE',  ( 0.04870252959880215504, -0.02017324828170118795, -0.05273437500000013184 ) ) ;
#749 = CARTESIAN_POINT ( 'NONE',  ( 0.02017324828170084447, 0.04870252959880150279, 0.8222656250000003331 ) ) ;
#750 = CARTESIAN_POINT ( 'NONE',  ( 0.06195226927602975886, 0.005759721844214173159, -0.2493386344423803858 ) ) ;
#751 = CARTESIAN_POINT ( 'NONE',  ( 0.04998640781534013228, 0.04998640781533988942, -0.06542968749999933387 ) ) ;
#752 = CARTESIAN_POINT ( 'NONE',  ( 0.06899999999999988087, -0.02858073580374377240, -0.1347656249999994449 ) ) ;
#753 = CARTESIAN_POINT ( 'NONE',  ( 0.04870252959880182891, -0.02017324828170116019, 0.5371093750000003331 ) ) ;
#754 = CARTESIAN_POINT ( 'NONE',  ( 0.02017324828170079937, -0.04870252959880216198, 0.8769531250000002220 ) ) ;
#755 = CARTESIAN_POINT ( 'NONE',  ( 0.04879036790187172429, 0.04879036790187146755, -0.1914062499999994449 ) ) ;
#756 = EDGE_CURVE ( 'NONE', #3259, #959, #2264, .T. ) ;
#757 = CARTESIAN_POINT ( 'NONE',  ( 0.02017324828170084447, 0.04870252959880150279, 0.5136718750000003331 ) ) ;
#758 = CARTESIAN_POINT ( 'NONE',  ( 0.02858073580374420261, 0.06899999999999924249, 0.5917968750000002220 ) ) ;
#759 = CARTESIAN_POINT ( 'NONE',  ( 0.07069145586676646442, -3.338356652790262245E-16, 0.4912109375000001665 ) ) ;
#760 = CARTESIAN_POINT ( 'NONE',  ( -8.450062914116753856E-18, -0.06900000000000044986, 0.6054687500000005551 ) ) ;
#761 = CARTESIAN_POINT ( 'NONE',  ( 0.04870252959880182891, -0.02017324828170116019, 0.8183593750000002220 ) ) ;
#762 = CARTESIAN_POINT ( 'NONE',  ( 0.04998640781534011840, 0.04998640781533977839, 0.7744140625000005551 ) ) ;
#763 = ORIENTED_EDGE ( 'NONE', *, *, #3462, .T. ) ;
#764 = CARTESIAN_POINT ( 'NONE',  ( 0.1042994580772521745, 0.08412024710017243501, 0.8663578120149950657 ) ) ;
#765 = CARTESIAN_POINT ( 'NONE',  ( -0.04998640781534011146, 0.04998640781533979921, 0.8779296875000002220 ) ) ;
#766 = DIRECTION ( 'NONE',  ( -0.000000000000000000, 1.081356497492104437E-16, -1.000000000000000000 ) ) ;
#767 = EDGE_CURVE ( 'NONE', #3426, #5268, #1908, .T. ) ;
#768 = CARTESIAN_POINT ( 'NONE',  ( -0.03443788894025132108, 0.03443788894025100189, 0.6445312500000002220 ) ) ;
#769 = CARTESIAN_POINT ( 'NONE',  ( 0.04870252959880182891, 0.02017324828170050446, 0.8183593750000003331 ) ) ;
#770 = CARTESIAN_POINT ( 'NONE',  ( -0.06899999999999989475, -2.086652964211470026E-16, -0.1171874999999994588 ) ) ;
#771 = CARTESIAN_POINT ( 'NONE',  ( -0.04870252959880216892, -2.127784239645293586E-16, -0.1640625000000001665 ) ) ;
#772 = CARTESIAN_POINT ( 'NONE',  ( -0.07069145586676647830, 0.02928135976391356768, -0.02441406249999934427 ) ) ;
#773 = CARTESIAN_POINT ( 'NONE',  ( -0.02858073580374344280, 0.06899999999999976985, -0.1542968749999994171 ) ) ;
#774 = CARTESIAN_POINT ( 'NONE',  ( 0.06900000000000011680, -0.02858073580374397363, 0.5800781250000005551 ) ) ;
#775 = CARTESIAN_POINT ( 'NONE',  ( 0.06900000000000011680, -3.335249498770560676E-16, 0.8359375000000001110 ) ) ;
#776 = CARTESIAN_POINT ( 'NONE',  ( 1.192867939671037905E-17, 0.04870252959880150972, 0.8242187500000004441 ) ) ;
#777 = CARTESIAN_POINT ( 'NONE',  ( 0.01226111744501098486, -0.04713386668120742029, -0.02999999999999999195 ) ) ;
#778 = CARTESIAN_POINT ( 'NONE',  ( -0.1249999999999999167, 0.07216878364870281393, -0.3818813079129863564 ) ) ;
#779 = EDGE_CURVE ( 'NONE', #2269, #2110, #3854, .T. ) ;
#780 = CARTESIAN_POINT ( 'NONE',  ( 1.192867939671037905E-17, 0.04870252959880150972, 0.4843750000000002776 ) ) ;
#781 = CARTESIAN_POINT ( 'NONE',  ( 0.03443788894025132802, 0.03443788894025099495, 0.8554687500000002220 ) ) ;
#782 = CARTESIAN_POINT ( 'NONE',  ( 0.000000000000000000, 0.06899999999999992251, -0.2500000000000000000 ) ) ;
#783 = CARTESIAN_POINT ( 'NONE',  ( 0.03443788894025156394, 0.03443788894025134190, -0.05078125000000018041 ) ) ;
#784 = DIRECTION ( 'NONE',  ( 0.000000000000000000, 1.000000000000000000, 0.000000000000000000 ) ) ;
#785 = CARTESIAN_POINT ( 'NONE',  ( -0.02928135976391377585, -0.07069145586676679749, 0.4814453125000001665 ) ) ;
#786 = ORIENTED_EDGE ( 'NONE', *, *, #3535, .F. ) ;
#787 = FILL_AREA_STYLE_COLOUR ( '', #803 ) ;
#788 = CARTESIAN_POINT ( 'NONE',  ( 1.192867939671037905E-17, 0.04870252959880150972, 0.9218750000000002220 ) ) ;
#789 = EDGE_CURVE ( 'NONE', #479, #1087, #521, .T. ) ;
#790 = CARTESIAN_POINT ( 'NONE',  ( 0.02928135976391381748, 0.07069145586676611748, 0.7451171875000004441 ) ) ;
#791 = ORIENTED_EDGE ( 'NONE', *, *, #4273, .F. ) ;
#792 = CARTESIAN_POINT ( 'NONE',  ( 0.01250000000000005621, 0.1371206889325357059, 0.8640654110148561218 ) ) ;
#793 = CARTESIAN_POINT ( 'NONE',  ( -0.02928135976391377585, 0.07069145586676615911, 0.8759765625000000000 ) ) ;
#794 = CARTESIAN_POINT ( 'NONE',  ( -0.09603473329712995665, 0.08889188817675409970, 0.006797204659705055607 ) ) ;
#795 = CARTESIAN_POINT ( 'NONE',  ( -0.01250000000000001110, -0.1371206889325363998, 0.01093458898514408466 ) ) ;
#796 = CARTESIAN_POINT ( 'NONE',  ( 0.03443788894025132108, -0.03443788894025164721, 0.6601562500000003331 ) ) ;
#797 = VECTOR ( 'NONE', #2784, 39.37007874015748143 ) ;
#798 = CARTESIAN_POINT ( 'NONE',  ( -0.03443788894025155700, -0.03443788894025177211, -0.2226562500000001943 ) ) ;
#799 = VECTOR ( 'NONE', #301, 39.37007874015748143 ) ;
#800 = CARTESIAN_POINT ( 'NONE',  ( -8.450062914116724582E-18, -0.06900000000000011680, -0.1406249999999994449 ) ) ;
#801 = EDGE_LOOP ( 'NONE', ( #1391, #1111, #2550, #1295 ) ) ;
#802 = CARTESIAN_POINT ( 'NONE',  ( 0.04879036790187187694, 0.04879036790187153694, 0.5859375000000005551 ) ) ;
#803 = COLOUR_RGB ( '',0.7921568627450980005, 0.8196078431372548767, 0.9333333333333333481 ) ;
#804 = CARTESIAN_POINT ( 'NONE',  ( -0.03443788894025132802, -0.03443788894025164027, 0.8046875000000003331 ) ) ;
#805 = CARTESIAN_POINT ( 'NONE',  ( -0.02017324828170095202, 0.04870252959880195381, -0.07617187500000018041 ) ) ;
#806 = CARTESIAN_POINT ( 'NONE',  ( -0.05414179399725710384, -0.1130787879586810790, 0.003602828677653689866 ) ) ;
#807 = CARTESIAN_POINT ( 'NONE',  ( -0.02928135976391377585, 0.07069145586676625626, -0.2763671875000002776 ) ) ;
#808 = CARTESIAN_POINT ( 'NONE',  ( 0.02017324828170084447, 0.04870252959880150279, 0.8847656250000006661 ) ) ;
#809 = VECTOR ( 'NONE', #4097, 39.37007874015748143 ) ;
#810 = CARTESIAN_POINT ( 'NONE',  ( 0.05426363213764923837, 0.03481504816028096333, -0.03896246395834015303 ) ) ;
#811 = CARTESIAN_POINT ( 'NONE',  ( -0.04870252959880183585, 0.02017324828170049406, 0.8964843750000002220 ) ) ;
#812 = ADVANCED_FACE ( 'NONE', ( #3586 ), #156, .T. ) ;
#813 = CARTESIAN_POINT ( 'NONE',  ( -0.03443788894025132802, -0.03443788894025164027, 0.5273437500000002220 ) ) ;
#814 = CARTESIAN_POINT ( 'NONE',  ( 0.1249999999999999584, -0.05773502691896537781, 0.01093458898514463977 ) ) ;
#815 = DIRECTION ( 'NONE',  ( -0.8660254037844397068, -1.060575238724908024E-16, -0.4999999999999979461 ) ) ;
#816 = VERTEX_POINT ( 'NONE', #4880 ) ;
#817 = CARTESIAN_POINT ( 'NONE',  ( 0.02639967276760754947, -0.04630445340634832541, -0.2500000000000001110 ) ) ;
#818 = CARTESIAN_POINT ( 'NONE',  ( -0.03443788894025132108, 0.03443788894025100189, 0.8632812500000002220 ) ) ;
#819 = CARTESIAN_POINT ( 'NONE',  ( 0.000000000000000000, -1.578460347901714019E-17, -0.2421875000000000278 ) ) ;
#820 = CARTESIAN_POINT ( 'NONE',  ( -0.02928135976391377585, 0.07069145586676614523, 0.8427734375000004441 ) ) ;
#821 = ORIENTED_EDGE ( 'NONE', *, *, #2634, .T. ) ;
#822 = CARTESIAN_POINT ( 'NONE',  ( -0.03443788894025155700, -0.03443788894025177211, -0.1875000000000001388 ) ) ;
#823 = CARTESIAN_POINT ( 'NONE',  ( 0.09603473329713002604, 0.08889188817675411358, 0.8682027953402948750 ) ) ;
#824 = CARTESIAN_POINT ( 'NONE',  ( 0.02928135976391375850, -0.07069145586676682524, 0.8916015625000001110 ) ) ;
#825 = CARTESIAN_POINT ( 'NONE',  ( 0.04870252959880182891, 0.02017324828170050446, 0.6035156250000004441 ) ) ;
#826 = CARTESIAN_POINT ( 'NONE',  ( 1.192867939671037905E-17, 0.04870252959880150972, 0.7929687500000003331 ) ) ;
#827 = CARTESIAN_POINT ( 'NONE',  ( 0.02017324828170097978, 0.04870252959880194688, -0.1738281250000001943 ) ) ;
#828 = CARTESIAN_POINT ( 'NONE',  ( 0.05576778756453284330, 0.01696689280512933898, 0.5000000000000001110 ) ) ;
#829 = ORIENTED_EDGE ( 'NONE', *, *, #4484, .T. ) ;
#830 = ORIENTED_EDGE ( 'NONE', *, *, #4615, .T. ) ;
#831 = CARTESIAN_POINT ( 'NONE',  ( 0.000000000000000000, 0.04870252959880196075, -0.007812499999999987857 ) ) ;
#832 = CARTESIAN_POINT ( 'NONE',  ( -0.02017324828170081324, 0.04870252959880150972, 0.6074218750000004441 ) ) ;
#833 = CARTESIAN_POINT ( 'NONE',  ( 0.04858415803312440828, 0.04368564410627932132, -0.2472693434838156012 ) ) ;
#834 =( BOUNDED_CURVE ( )  B_SPLINE_CURVE ( 2, ( #738, #3482, #3036, #4778, #3403, #4720, #1657, #2515, #4369 ),
 .UNSPECIFIED., .F., .T. ) 
 B_SPLINE_CURVE_WITH_KNOTS ( ( 3, 2, 2, 2, 3 ),
 ( 0.1785714285714284089, 0.1874999999999998057, 0.1964285714285711748, 0.2053571428571426827, 0.2142857142857140795 ),
 .UNSPECIFIED. ) 
 CURVE ( )  GEOMETRIC_REPRESENTATION_ITEM ( )  RATIONAL_B_SPLINE_CURVE ( ( 1.000000000000001554, 0.9238795325112850731, 1.000000000000000000, 0.9238795325112867385, 1.000000000000000000, 0.9238795325112867385, 1.000000000000000000, 0.9238795325112886259, 0.9999999999999981126 ) ) 
 REPRESENTATION_ITEM ( '' )  );
#835 = CARTESIAN_POINT ( 'NONE',  ( 0.04870252959880215504, -0.02017324828170118795, -0.05273437500000013184 ) ) ;
#836 = CARTESIAN_POINT ( 'NONE',  ( -0.02858073580374308198, -0.06900000000000100497, 0.6035156250000005551 ) ) ;
#837 = CARTESIAN_POINT ( 'NONE',  ( 0.02017324828170079937, -0.04870252959880216198, 0.9042968750000003331 ) ) ;
#838 = CARTESIAN_POINT ( 'NONE',  ( -0.03443788894025132802, -0.03443788894025164027, 0.9023437500000003331 ) ) ;
#839 = EDGE_CURVE ( 'NONE', #1403, #3782, #1000, .T. ) ;
#840 = CARTESIAN_POINT ( 'NONE',  ( -0.04879036790187187000, -0.04879036790187218919, 0.6367187500000000000 ) ) ;
#841 = CARTESIAN_POINT ( 'NONE',  ( 0.04870252959880215504, -0.02017324828170119141, -0.1152343750000001249 ) ) ;
#842 = CARTESIAN_POINT ( 'NONE',  ( -5.964339698355189526E-18, -0.04870252959880215504, 0.5000000000000002220 ) ) ;
#843 = CARTESIAN_POINT ( 'NONE',  ( 0.06900000000000011680, -3.335249498770560676E-16, 0.5859375000000001110 ) ) ;
#844 = CARTESIAN_POINT ( 'NONE',  ( -0.04998640781534011840, -0.04998640781534043759, 0.5107421875000001110 ) ) ;
#845 = ORIENTED_EDGE ( 'NONE', *, *, #695, .F. ) ;
#846 = CARTESIAN_POINT ( 'NONE',  ( -0.02581855871465008403, 0.06398751460950305447, 0.8730000000000234239 ) ) ;
#847 = CYLINDRICAL_SURFACE ( 'NONE', #5232, 0.06899999999999993638 ) ;
#848 = CARTESIAN_POINT ( 'NONE',  ( -0.04870252959880183585, -0.02017324828170113243, 0.8378906250000002220 ) ) ;
#849 = CARTESIAN_POINT ( 'NONE',  ( 0.07069145586676645054, 0.02928135976391346013, 0.7412109375000004441 ) ) ;
#850 = VERTEX_POINT ( 'NONE', #134 ) ;
#851 = CARTESIAN_POINT ( 'NONE',  ( -0.02017324828170095896, -0.04870252959880239096, -0.2519531250000001665 ) ) ;
#852 = DIRECTION ( 'NONE',  ( 0.000000000000000000, 1.000000000000000000, 0.000000000000000000 ) ) ;
#853 = CARTESIAN_POINT ( 'NONE',  ( 1.731441303086038567E-17, 0.07069145586676614523, 0.7802734375000001110 ) ) ;
#854 = EDGE_LOOP ( 'NONE', ( #384, #2286, #2991, #4342, #1121, #908, #1006, #4644, #3430, #3914 ) ) ;
#855 = ORIENTED_EDGE ( 'NONE', *, *, #4580, .F. ) ;
#856 = CARTESIAN_POINT ( 'NONE',  ( 0.000000000000000000, -0.1154700538379254265, -0.3818813079129863564 ) ) ;
#857 = CARTESIAN_POINT ( 'NONE',  ( 0.000000000000000000, 0.04870252959880196075, -0.04687500000000020123 ) ) ;
#858 = CARTESIAN_POINT ( 'NONE',  ( 0.05571600887975651506, -0.0005919736596817631868, 0.5000000000000002220 ) ) ;
#859 = CARTESIAN_POINT ( 'NONE',  ( 0.04870252959880183585, -3.297963650534137407E-16, 0.8203125000000002220 ) ) ;
#860 = ORIENTED_EDGE ( 'NONE', *, *, #1223, .F. ) ;
#861 = DIRECTION ( 'NONE',  ( 1.000000000000000000, 0.000000000000000000, 0.000000000000000000 ) ) ;
#862 = CARTESIAN_POINT ( 'NONE',  ( 0.03443788894025155700, -0.03443788894025177211, -0.08984375000000018041 ) ) ;
#863 = CARTESIAN_POINT ( 'NONE',  ( 0.04870252959880215504, -0.02017324828170118795, -0.02148437500000012837 ) ) ;
#864 = CARTESIAN_POINT ( 'NONE',  ( 0.07069145586676646442, -2.323940332132188861E-16, -0.2236328125000003331 ) ) ;
#865 = CARTESIAN_POINT ( 'NONE',  ( 0.02017324828170084447, 0.04870252959880150279, 0.5449218750000003331 ) ) ;
#866 = CARTESIAN_POINT ( 'NONE',  ( -0.04870252959880183585, -0.02017324828170113243, 0.7753906250000002220 ) ) ;
#867 = CARTESIAN_POINT ( 'NONE',  ( -0.04870252959880216198, -0.02017324828170116366, -0.2207031250000001665 ) ) ;
#868 =( BOUNDED_CURVE ( )  B_SPLINE_CURVE ( 2, ( #4406, #2580, #5303, #93, #4725, #3859, #5274, #5186, #4754, #2605, #340, #5632, #1323, #3012, #4373, #3094, #3068, #4323, #5162, #769, #3888, #1665, #2544, #3458, #4290, #4835, #5689, #1697, #5662, #368, #1724, #5217, #826, #2222, #3487, #4809, #880, #2639, #4405, #416, #2191, #3949, #1752, #30, #999, #937, #559, #3236, #2338, #4031, #143, #1870, #4491, #4463, #1778, #2277, #1382, #91, #1842, #1809, #5333, #3150, #3538, #1466, #3598, #1028, #5364, #2248, #4920, #4546, #910, #3628, #1412, #3204, #2367, #3179, #2789, #970, #4946, #4518, #4119, #1349, #2699, #3120, #4432, #473, #1179, #2959, #613, #5036, #5092, #1929, #3685, #2429, #2875, #3292, #253, #5008, #1986, #4607, #4689, #3741, #5506, #5065, #1550, #4663, #2902, #1122, #3774, #736, #1495, #2400, #5538, #705, #1059, #2846, #3349, #284, #2043, #3800, #4572, #1603, #201, #5126, #1958, #3713, #5478, #1521, #2632, #3910, #3941, #1051, #4169, #5532, #2614, #4703, #1589, #1163, #2082, #3090, #4777, #4831, #4748, #4973, #5559, #2262, #1400, #3167, #4079, #434, #1766, #955, #4841, #4009, #5218, #1189, #4293, #4755, #1267, #4783, #1582, #3356, #508, #442, #3678, #4567, #3287, #5028, #720, #747, #4087, #4789, #3495, #5639, #453, #885, #5193, #1787, #1672, #3436, #399, #3895, #1301 ),
 .UNSPECIFIED., .F., .T. ) 
 B_SPLINE_CURVE_WITH_KNOTS ( ( 3, 2, 2, 2, 2, 2, 2, 2, 2, 2, 2, 2, 2, 2, 2, 2, 2, 2, 2, 2, 2, 2, 2, 2, 2, 2, 2, 2, 2, 2, 2, 2, 2, 2, 2, 2, 2, 2, 2, 2, 2, 2, 2, 2, 2, 2, 2, 2, 2, 2, 2, 2, 2, 2, 2, 2, 2, 2, 2, 2, 2, 2, 2, 2, 2, 2, 2, 2, 2, 2, 2, 2, 2, 2, 2, 2, 2, 2, 2, 2, 2, 2, 2, 2, 2, 2, 2, 2, 2, 2, 2, 3 ),
 ( 0.1491206872072031175, 0.1517857142857142738, 0.1607142857142857262, 0.1696428571428571508, 0.1785714285714285754, 0.1875000000000000000, 0.1964285714285713969, 0.2053571428571428492, 0.2142857142857142461, 0.2232142857142856984, 0.2321428571428571508, 0.2410714285714285476, 0.2499999999999999722, 0.2589285714285713969, 0.2678571428571427937, 0.2767857142857143016, 0.2857142857142856984, 0.2946428571428570953, 0.3035714285714284921, 0.3125000000000000000, 0.3214285714285713969, 0.3303571428571427937, 0.3392857142857142461, 0.3482142857142856429, 0.3571428571428570953, 0.3660714285714284921, 0.3749999999999999445, 0.3839285714285713969, 0.3928571428571427937, 0.4017857142857142461, 0.4107142857142856429, 0.4196428571428570953, 0.4285714285714284921, 0.4374999999999999445, 0.4464285714285713413, 0.4553571428571427382, 0.4642857142857141906, 0.4732142857142855874, 0.4821428571428570398, 0.4910714285714284366, 0.4999999999999998890, 0.5089285714285712858, 0.5178571428571427937, 0.5267857142857141906, 0.5357142857142855874, 0.5446428571428569843, 0.5535714285714284921, 0.5624999999999998890, 0.5714285714285712858, 0.5803571428571427937, 0.5892857142857141906, 0.5982142857142855874, 0.6071428571428569843, 0.6160714285714284921, 0.6249999999999998890, 0.6339285714285712858, 0.6428571428571427937, 0.6517857142857141906, 0.6607142857142855874, 0.6696428571428569843, 0.6785714285714286031, 0.6875000000000000000, 0.6964285714285713969, 0.7053571428571427937, 0.7142857142857141906, 0.7232142857142855874, 0.7321428571428569843, 0.7410714285714286031, 0.7500000000000000000, 0.7589285714285713969, 0.7678571428571427937, 0.7767857142857141906, 0.7857142857142853654, 0.7946428571428569843, 0.8035714285714283811, 0.8125000000000000000, 0.8214285714285711748, 0.8303571428571427937, 0.8392857142857139685, 0.8482142857142855874, 0.8571428571428567622, 0.8660714285714283811, 0.8750000000000000000, 0.8839285714285711748, 0.8928571428571427937, 0.9017857142857139685, 0.9107142857142855874, 0.9196428571428567622, 0.9285714285714283811, 0.9374999999999997780, 0.9464285714285711748, 0.9553571428571425717 ),
 .UNSPECIFIED. ) 
 CURVE ( )  GEOMETRIC_REPRESENTATION_ITEM ( )  RATIONAL_B_SPLINE_CURVE ( ( 0.9681221317923367486, 0.9772793320063288824, 1.000000000000000000, 0.9238795325112867385, 1.000000000000000000, 0.9238795325112867385, 1.000000000000000000, 0.9238795325112867385, 1.000000000000000000, 0.9238795325112867385, 1.000000000000000000, 0.9238795325112867385, 1.000000000000000000, 0.9238795325112867385, 1.000000000000000000, 0.9238795325112867385, 1.000000000000000000, 0.9238795325112867385, 1.000000000000000000, 0.9238795325112867385, 1.000000000000000000, 0.9238795325112867385, 1.000000000000000000, 0.9238795325112867385, 1.000000000000000000, 0.9238795325112867385, 1.000000000000000000, 0.9238795325112867385, 1.000000000000000000, 0.9238795325112867385, 1.000000000000000000, 0.9238795325112867385, 1.000000000000000000, 0.9238795325112867385, 1.000000000000000000, 0.9238795325112867385, 1.000000000000000000, 0.9238795325112867385, 1.000000000000000000, 0.9238795325112867385, 1.000000000000000000, 0.9238795325112867385, 1.000000000000000000, 0.9238795325112867385, 1.000000000000000000, 0.9238795325112867385, 1.000000000000000000, 0.9238795325112867385, 1.000000000000000000, 0.9238795325112867385, 1.000000000000000000, 0.9238795325112867385, 1.000000000000000000, 0.9238795325112867385, 1.000000000000000000, 0.9238795325112867385, 1.000000000000000000, 0.9238795325112867385, 1.000000000000000000, 0.9238795325112867385, 1.000000000000000000, 0.9238795325112867385, 1.000000000000000000, 0.9238795325112867385, 1.000000000000000000, 0.9238795325112867385, 1.000000000000000000, 0.9238795325112867385, 1.000000000000000000, 0.9238795325112867385, 1.000000000000000000, 0.9238795325112867385, 1.000000000000000000, 0.9238795325112867385, 1.000000000000000000, 0.9238795325112867385, 1.000000000000000000, 0.9238795325112867385, 1.000000000000000000, 0.9238795325112867385, 1.000000000000000000, 0.9238795325112867385, 1.000000000000000000, 0.9238795325112867385, 1.000000000000000000, 0.9238795325112867385, 1.000000000000000000, 0.9238795325112867385, 1.000000000000000000, 0.9238795325112867385, 1.000000000000000000, 0.9238795325112867385, 1.000000000000000000, 0.9238795325112867385, 1.000000000000000000, 0.9238795325112867385, 1.000000000000000000, 0.9238795325112867385, 1.000000000000000000, 0.9238795325112867385, 1.000000000000000000, 0.9238795325112867385, 1.000000000000000000, 0.9238795325112867385, 1.000000000000000000, 0.9238795325112867385, 1.000000000000000000, 0.9238795325112867385, 1.000000000000000000, 0.9238795325112867385, 1.000000000000000000, 0.9238795325112867385, 1.000000000000000000, 0.9238795325112867385, 1.000000000000000000, 0.9238795325112867385, 1.000000000000000000, 0.9238795325112867385, 1.000000000000000000, 0.9238795325112867385, 1.000000000000000000, 0.9238795325112867385, 1.000000000000000000, 0.9238795325112867385, 1.000000000000000000, 0.9238795325112867385, 1.000000000000000000, 0.9238795325112867385, 1.000000000000000000, 0.9238795325112867385, 1.000000000000000000, 0.9238795325112867385, 1.000000000000000000, 0.9238795325112867385, 1.000000000000000000, 0.9238795325112867385, 1.000000000000000000, 0.9238795325112867385, 1.000000000000000000, 0.9238795325112867385, 1.000000000000000000, 0.9238795325112867385, 1.000000000000000000, 0.9238795325112867385, 1.000000000000000000, 0.9238795325112867385, 1.000000000000000000, 0.9238795325112867385, 1.000000000000000000, 0.9238795325112867385, 1.000000000000000000, 0.9238795325112867385, 1.000000000000000000, 0.9238795325112867385, 1.000000000000000000, 0.9238795325112867385, 1.000000000000000000, 0.9238795325112867385, 1.000000000000000000, 0.9238795325112867385, 1.000000000000000000, 0.9238795325112867385, 1.000000000000000000, 0.9238795325112867385, 1.000000000000000000, 0.9238795325112867385, 1.000000000000000000, 0.9238795325112867385, 1.000000000000000000, 0.9238795325112867385, 1.000000000000000000, 0.9238795325112867385, 1.000000000000000000, 0.9238795325112867385, 1.000000000000000000, 0.9238795325112867385, 1.000000000000000000, 0.9238795325112867385, 1.000000000000000000, 0.9238795325112867385, 1.000000000000000000, 0.9238795325112886259, 0.9999999999999981126 ) ) 
 REPRESENTATION_ITEM ( '' )  );
#869 = CARTESIAN_POINT ( 'NONE',  ( -0.1249999999999998751, 0.04834835438288075798, 0.008662159921550921515 ) ) ;
#870 = CARTESIAN_POINT ( 'NONE',  ( 0.000000000000000000, 0.06899999999999992251, -0.2500000000000000000 ) ) ;
#871 = CARTESIAN_POINT ( 'NONE',  ( -8.657206515430192834E-18, -0.07069145586676679749, 0.4833984375000001665 ) ) ;
#872 = ORIENTED_EDGE ( 'NONE', *, *, #390, .T. ) ;
#873 = EDGE_CURVE ( 'NONE', #1985, #4321, #1367, .T. ) ;
#874 = CARTESIAN_POINT ( 'NONE',  ( 0.04870252959880182891, 0.02017324828170050446, 0.8222656250000003331 ) ) ;
#875 = CARTESIAN_POINT ( 'NONE',  ( 0.07069145586676646442, -3.338356652790262245E-16, 0.7080078125000005551 ) ) ;
#876 = VERTEX_POINT ( 'NONE', #4910 ) ;
#877 = CARTESIAN_POINT ( 'NONE',  ( 0.01249999999999999722, -0.1371206889325363720, 0.01093458898514407598 ) ) ;
#878 = CARTESIAN_POINT ( 'NONE',  ( 0.02928135976391375850, -0.07069145586676682524, 0.8603515625000002220 ) ) ;
#879 = ORIENTED_EDGE ( 'NONE', *, *, #1399, .T. ) ;
#880 = CARTESIAN_POINT ( 'NONE',  ( 0.04870252959880183585, -3.297963650534137407E-16, 0.7851562500000003331 ) ) ;
#881 = CARTESIAN_POINT ( 'NONE',  ( 0.04870252959880216892, -2.160963055547349765E-16, -0.02343750000000018388 ) ) ;
#882 = CARTESIAN_POINT ( 'NONE',  ( -0.03443788894025155700, -0.03443788894025177211, -0.2187500000000001665 ) ) ;
#883 = DIRECTION ( 'NONE',  ( -0.5000000000000003331, 0.8660254037844385966, 0.000000000000000000 ) ) ;
#884 = CARTESIAN_POINT ( 'NONE',  ( -0.04879036790187187000, 0.04879036790187154388, 0.5625000000000004441 ) ) ;
#885 = CARTESIAN_POINT ( 'NONE',  ( -0.02017324828170080978, 0.04870252959880150972, 0.5136718750000003331 ) ) ;
#886 = AXIS2_PLACEMENT_3D ( 'NONE', #3939, #1865, #4058 ) ;
#887 = CARTESIAN_POINT ( 'NONE',  ( -0.03808207081659176207, 0.05720192021206316202, -0.2427953677789969900 ) ) ;
#888 = CARTESIAN_POINT ( 'NONE',  ( 0.000000000000000000, 0.04870252959880195381, -0.1054687500000001388 ) ) ;
#889 = CARTESIAN_POINT ( 'NONE',  ( -0.07069145586676647830, 0.02928135976391355380, -0.2099609375000003053 ) ) ;
#890 = CARTESIAN_POINT ( 'NONE',  ( -0.04870252959880183585, -0.02017324828170113243, 0.8339843750000003331 ) ) ;
#891 = CARTESIAN_POINT ( 'NONE',  ( 0.03443788894025132108, -0.03443788894025164721, 0.7226562500000002220 ) ) ;
#892 = CARTESIAN_POINT ( 'NONE',  ( 0.04870252959880216892, -2.273381804687829542E-16, -0.2070312500000001388 ) ) ;
#893 = CARTESIAN_POINT ( 'NONE',  ( -0.02858073580374334566, -0.06900000000000071354, 0.5136718750000001110 ) ) ;
#894 = VECTOR ( 'NONE', #1402, 39.37007874015748143 ) ;
#895 = CARTESIAN_POINT ( 'NONE',  ( -8.450062914116753856E-18, -0.06900000000000044986, 0.6367187500000005551 ) ) ;
#896 = CARTESIAN_POINT ( 'NONE',  ( 0.04879036790187187000, -0.04879036790187220307, 0.7968750000000004441 ) ) ;
#897 = CARTESIAN_POINT ( 'NONE',  ( 0.05721739672354202166, -0.02057357007768232174, -0.2500000000000001110 ) ) ;
#898 = CARTESIAN_POINT ( 'NONE',  ( 0.04870252959880182891, -0.02017324828170116019, 0.7558593750000004441 ) ) ;
#899 = CARTESIAN_POINT ( 'NONE',  ( 0.07069145586676645054, -0.02928135976391412626, 0.7060546875000004441 ) ) ;
#900 = EDGE_LOOP ( 'NONE', ( #4862, #2603, #4537, #1411 ) ) ;
#901 = FACE_OUTER_BOUND ( 'NONE', #3321, .T. ) ;
#902 =( BOUNDED_CURVE ( )  B_SPLINE_CURVE ( 2, ( #1513, #116, #3651, #1894, #1459, #527, #2306, #4940, #581 ),
 .UNSPECIFIED., .F., .T. ) 
 B_SPLINE_CURVE_WITH_KNOTS ( ( 3, 2, 2, 2, 3 ),
 ( 0.03159113359232418317, 0.03296485038972244569, 0.03433856718712070821, 0.03571228398451896380, 0.03708600078191722632 ),
 .UNSPECIFIED. ) 
 CURVE ( )  GEOMETRIC_REPRESENTATION_ITEM ( )  RATIONAL_B_SPLINE_CURVE ( ( 1.000000000000134115, 0.9238795325111526235, 1.000000000000000000, 0.9238795325112867385, 1.000000000000000000, 0.9238795325112867385, 1.000000000000000000, 0.9238795325118621671, 0.9999999999994245714 ) ) 
 REPRESENTATION_ITEM ( '' )  );
#903 = CARTESIAN_POINT ( 'NONE',  ( -0.02017324828170095202, 0.04870252959880194688, -0.2636718750000002220 ) ) ;
#904 = CARTESIAN_POINT ( 'NONE',  ( -0.06900000000000011680, 0.02858073580374329709, 0.8496093750000001110 ) ) ;
#905 = CARTESIAN_POINT ( 'NONE',  ( 0.02928135976391382442, 0.07069145586676613136, 0.7470703125000002220 ) ) ;
#906 = CARTESIAN_POINT ( 'NONE',  ( 0.04998640781534011146, -0.04998640781534034044, -0.1357421874999993339 ) ) ;
#907 = VERTEX_POINT ( 'NONE', #957 ) ;
#908 = ORIENTED_EDGE ( 'NONE', *, *, #3438, .F. ) ;
#909 = EDGE_CURVE ( 'NONE', #1201, #3449, #4082, .T. ) ;
#910 = CARTESIAN_POINT ( 'NONE',  ( 0.03443788894025132108, -0.03443788894025164721, 0.7187500000000003331 ) ) ;
#911 = CARTESIAN_POINT ( 'NONE',  ( -0.04870252959880183585, -0.02017324828170113243, 0.5839843750000004441 ) ) ;
#912 = CARTESIAN_POINT ( 'NONE',  ( 0.06900000000000010292, -0.02858073580374397363, 0.8652343750000002220 ) ) ;
#913 = EDGE_CURVE ( 'NONE', #681, #3142, #2284, .T. ) ;
#914 = CARTESIAN_POINT ( 'NONE',  ( 0.02017324828170084447, 0.04870252959880150279, 0.8261718750000002220 ) ) ;
#915 = VERTEX_POINT ( 'NONE', #2647 ) ;
#916 = DIRECTION ( 'NONE',  ( 0.000000000000000000, 0.000000000000000000, 1.000000000000000000 ) ) ;
#917 = CARTESIAN_POINT ( 'NONE',  ( -0.02017324828170095202, 0.04870252959880194688, -0.2285156250000001388 ) ) ;
#918 = CARTESIAN_POINT ( 'NONE',  ( 0.04998640781534011146, -0.04998640781534034044, -0.2275390625000003053 ) ) ;
#919 = CARTESIAN_POINT ( 'NONE',  ( 0.02017324828170084447, 0.04870252959880150279, 0.7910156250000003331 ) ) ;
#920 = CARTESIAN_POINT ( 'NONE',  ( -0.02017324828170081324, 0.04870252959880150972, 0.6738281250000003331 ) ) ;
#921 = CARTESIAN_POINT ( 'NONE',  ( 0.02017324828170098325, 0.04870252959880194688, -0.1074218750000001527 ) ) ;
#922 = CARTESIAN_POINT ( 'NONE',  ( -0.04870252959880216198, -0.02017324828170116019, -0.1269531250000001388 ) ) ;
#923 = LINE ( 'NONE', #5705, #5707 ) ;
#924 = CARTESIAN_POINT ( 'NONE',  ( -0.02858073580329717825, 0.06900000000044713422, -0.2128906250000439093 ) ) ;
#925 = DIRECTION ( 'NONE',  ( -0.000000000000000000, 1.081356497492104437E-16, -1.000000000000000000 ) ) ;
#926 = CARTESIAN_POINT ( 'NONE',  ( 0.02017324828170084447, 0.04870252959880150279, 0.7324218750000003331 ) ) ;
#927 = CARTESIAN_POINT ( 'NONE',  ( -0.07069145586676647830, 0.02928135976391345319, 0.7216796875000005551 ) ) ;
#928 = ORIENTED_EDGE ( 'NONE', *, *, #4001, .F. ) ;
#929 = EDGE_CURVE ( 'NONE', #4807, #3213, #4302, .T. ) ;
#930 = CARTESIAN_POINT ( 'NONE',  ( 0.02858073580374332831, -0.06900000000000075517, 0.7363281250000001110 ) ) ;
#931 = DIRECTION ( 'NONE',  ( 0.000000000000000000, -1.000000000000000000, 0.000000000000000000 ) ) ;
#932 = CARTESIAN_POINT ( 'NONE',  ( 0.02886520823184546627, -0.1276722315545360809, 0.006359815748012301838 ) ) ;
#933 = CARTESIAN_POINT ( 'NONE',  ( -0.02928135976391377585, -0.07069145586676679749, 0.7626953125000000000 ) ) ;
#934 =( BOUNDED_CURVE ( )  B_SPLINE_CURVE ( 2, ( #1461, #994, #555, #4024, #1344, #2272, #85, #1837, #3593 ),
 .UNSPECIFIED., .F., .T. ) 
 B_SPLINE_CURVE_WITH_KNOTS ( ( 3, 2, 2, 2, 3 ),
 ( 0.2500000000000000555, 0.2656250000000000555, 0.2812500000000000000, 0.2968750000000000000, 0.3125000000000000000 ),
 .UNSPECIFIED. ) 
 CURVE ( )  GEOMETRIC_REPRESENTATION_ITEM ( )  RATIONAL_B_SPLINE_CURVE ( ( 0.9999999999999997780, 0.9238795325112869605, 1.000000000000000000, 0.9238795325112867385, 1.000000000000000000, 0.9238795325112867385, 1.000000000000000000, 0.9238795325112867385, 1.000000000000000000 ) ) 
 REPRESENTATION_ITEM ( '' )  );
#935 = ORIENTED_EDGE ( 'NONE', *, *, #1361, .T. ) ;
#936 = VERTEX_POINT ( 'NONE', #401 ) ;
#937 = CARTESIAN_POINT ( 'NONE',  ( -0.04870252959880183585, 0.02017324828170049406, 0.7675781250000003331 ) ) ;
#938 = CARTESIAN_POINT ( 'NONE',  ( 0.03443788894025132108, -0.03443788894025164721, 0.5937500000000003331 ) ) ;
#939 = CARTESIAN_POINT ( 'NONE',  ( -0.04870252959880183585, -3.178676856567033324E-16, 0.7070312500000003331 ) ) ;
#940 = CARTESIAN_POINT ( 'NONE',  ( -8.450062914116752315E-18, -0.06900000000000044986, 0.7031250000000001110 ) ) ;
#941 = CARTESIAN_POINT ( 'NONE',  ( -0.04870252959880216198, 0.02017324828170074039, -0.1035156250000001804 ) ) ;
#942 = EDGE_CURVE ( 'NONE', #2454, #1381, #4909, .T. ) ;
#943 = CARTESIAN_POINT ( 'NONE',  ( 0.05009396081514478488, -0.01722031122394436509, 0.4999999999999998335 ) ) ;
#944 = CARTESIAN_POINT ( 'NONE',  ( -0.04870252959880183585, -0.02017324828170113243, 0.8378906250000002220 ) ) ;
#945 = EDGE_LOOP ( 'NONE', ( #3285, #1465, #3338, #5214, #5458, #1830, #1663, #76, #1341, #5449, #4069, #333, #3203, #1017, #2070, #2837, #1178, #1997, #2253 ) ) ;
#946 = DIRECTION ( 'NONE',  ( 0.000000000000000000, 1.000000000000000000, 0.000000000000000000 ) ) ;
#947 = CARTESIAN_POINT ( 'NONE',  ( -0.02858073580374361974, 0.06899999999999981148, 0.6542968750000005551 ) ) ;
#948 = CARTESIAN_POINT ( 'NONE',  ( 0.04879036790187187000, -0.04879036790187220307, 0.6093750000000005551 ) ) ;
#949 = CARTESIAN_POINT ( 'NONE',  ( -0.04998640781534011146, -0.04998640781534032657, -0.1416015625000003053 ) ) ;
#950 = CARTESIAN_POINT ( 'NONE',  ( 0.04870252959880182891, 0.02017324828170050446, 0.8183593750000003331 ) ) ;
#951 = CARTESIAN_POINT ( 'NONE',  ( -0.04870252959880183585, -3.178676856567033324E-16, 0.7421875000000002220 ) ) ;
#952 = CARTESIAN_POINT ( 'NONE',  ( -0.02017324828170095549, -0.04870252959880237709, -0.09179687500000013878 ) ) ;
#953 = CARTESIAN_POINT ( 'NONE',  ( -0.02017324828170095896, -0.04870252959880238403, -0.1582031250000001665 ) ) ;
#954 = CARTESIAN_POINT ( 'NONE',  ( -0.04870252959880216198, 0.02017324828170073345, -0.1621093750000001388 ) ) ;
#955 = CARTESIAN_POINT ( 'NONE',  ( 0.02017324828170080284, -0.04870252959880216892, 0.5605468750000004441 ) ) ;
#956 = CARTESIAN_POINT ( 'NONE',  ( 0.02858073580374393546, 0.06899999999999952005, 0.6816406250000005551 ) ) ;
#957 = CARTESIAN_POINT ( 'NONE',  ( 0.000000000000000000, 0.06899999999999968658, -0.1249999999999994588 ) ) ;
#958 = DIRECTION ( 'NONE',  ( 1.000000000000000000, 0.000000000000000000, 0.000000000000000000 ) ) ;
#959 = VERTEX_POINT ( 'NONE', #1704 ) ;
#960 = CARTESIAN_POINT ( 'NONE',  ( 0.02858073580374399791, -0.06900000000000006128, 0.7949218750000005551 ) ) ;
#961 = CARTESIAN_POINT ( 'NONE',  ( -0.04870252959880183585, 0.02017324828170049406, 0.7089843750000002220 ) ) ;
#962 = CARTESIAN_POINT ( 'NONE',  ( 0.07069145586676646442, -3.338356652790262245E-16, 0.6142578125000004441 ) ) ;
#963 = CARTESIAN_POINT ( 'NONE',  ( 0.02858073580374399791, 0.06899999999999945066, 0.8378906250000003331 ) ) ;
#964 = CARTESIAN_POINT ( 'NONE',  ( 0.03443788894025156394, 0.03443788894025133496, -0.2070312500000001943 ) ) ;
#965 = DIRECTION ( 'NONE',  ( 0.000000000000000000, 1.000000000000000000, 8.764457463017301697E-17 ) ) ;
#966 = B_SPLINE_CURVE_WITH_KNOTS ( 'NONE', 3,
 ( #3905, #1287, #2178, #3934 ),
 .UNSPECIFIED., .F., .F.,
 ( 4, 4 ),
 ( 0.01865365167392547471, 0.02010301913388966993 ),
 .UNSPECIFIED. ) ;
#967 = CARTESIAN_POINT ( 'NONE',  ( -0.05640146058920254141, 0.005366521857224032174, -0.2499999999999902300 ) ) ;
#968 = CARTESIAN_POINT ( 'NONE',  ( -0.07069145586676647830, 0.02928135976391345666, 0.6923828125000001110 ) ) ;
#969 = ORIENTED_EDGE ( 'NONE', *, *, #5585, .F. ) ;
#970 = CARTESIAN_POINT ( 'NONE',  ( -0.04870252959880183585, 0.02017324828170049406, 0.7050781250000004441 ) ) ;
#971 = CARTESIAN_POINT ( 'NONE',  ( 1.192867939671037905E-17, 0.04870252959880150972, 0.6054687500000003331 ) ) ;
#972 = CARTESIAN_POINT ( 'NONE',  ( -5.964339698355189526E-18, -0.04870252959880215504, 0.7148437500000004441 ) ) ;
#973 = DIRECTION ( 'NONE',  ( 0.000000000000000000, 0.000000000000000000, 1.000000000000000000 ) ) ;
#974 = LINE ( 'NONE', #4348, #718 ) ;
#975 = CARTESIAN_POINT ( 'NONE',  ( -0.03105640732417226657, 0.04252895355621551937, 0.8564618278980211663 ) ) ;
#976 = CARTESIAN_POINT ( 'NONE',  ( 1.690012582823350463E-17, 0.06899999999999979761, 0.8437500000000001110 ) ) ;
#977 = ORIENTED_EDGE ( 'NONE', *, *, #4706, .F. ) ;
#978 =( LENGTH_UNIT ( ) NAMED_UNIT ( * ) SI_UNIT ( $, .METRE. ) );
#979 = CARTESIAN_POINT ( 'NONE',  ( -0.02858073580374416445, -0.06899999999999990863, 0.6660156250000005551 ) ) ;
#980 = CARTESIAN_POINT ( 'NONE',  ( 0.04998640781534011146, -0.04998640781534033350, -0.1337890625000003053 ) ) ;
#981 = CARTESIAN_POINT ( 'NONE',  ( 0.04870252959880182891, -0.02017324828170116019, 0.8457031250000004441 ) ) ;
#982 = CARTESIAN_POINT ( 'NONE',  ( -5.964339698355189526E-18, -0.04870252959880215504, 0.6875000000000002220 ) ) ;
#983 = CARTESIAN_POINT ( 'NONE',  ( 0.000000000000000000, 0.04870252959880195381, -0.1054687500000001388 ) ) ;
#984 = AXIS2_PLACEMENT_3D ( 'NONE', #1471, #146, #562 ) ;
#985 = CARTESIAN_POINT ( 'NONE',  ( -0.03443788894025155700, 0.03443788894025134883, -0.1015625000000001527 ) ) ;
#986 = CARTESIAN_POINT ( 'NONE',  ( -0.06900000000000011680, -3.166248240488225568E-16, 0.5078125000000001110 ) ) ;
#987 = CARTESIAN_POINT ( 'NONE',  ( -0.06900000000000069966, 0.02858073580374363709, -0.2089843750000007494 ) ) ;
#988 = CARTESIAN_POINT ( 'NONE',  ( -0.02858073580374321035, -0.06900000000000085232, 0.7910156250000004441 ) ) ;
#989 = VERTEX_POINT ( 'NONE', #5227 ) ;
#990 = CARTESIAN_POINT ( 'NONE',  ( -0.04870252959880183585, -3.178676856567033324E-16, 0.7421875000000002220 ) ) ;
#991 = CONICAL_SURFACE ( 'NONE', #3391, 0.06118749999999978373, 0.7853981633974488341 ) ;
#992 = CARTESIAN_POINT ( 'NONE',  ( -0.07069145586676647830, 0.02928135976391345319, 0.6904296875000006661 ) ) ;
#993 = VECTOR ( 'NONE', #2395, 39.37007874015748854 ) ;
#994 = CARTESIAN_POINT ( 'NONE',  ( -0.02858073580374360587, 0.06899999999999960332, -0.1855468749999994449 ) ) ;
#995 = FACE_OUTER_BOUND ( 'NONE', #725, .T. ) ;
#996 = CARTESIAN_POINT ( 'NONE',  ( -0.04998640781534011840, -0.04998640781534043759, 0.7607421875000001110 ) ) ;
#997 = EDGE_CURVE ( 'NONE', #3142, #2103, #2696, .T. ) ;
#998 = ORIENTED_EDGE ( 'NONE', *, *, #4352, .T. ) ;
#999 = CARTESIAN_POINT ( 'NONE',  ( -0.04870252959880183585, -3.178676856567033324E-16, 0.7695312500000003331 ) ) ;
#1000 = B_SPLINE_CURVE_WITH_KNOTS ( 'NONE', 3,
 ( #2721, #45, #1798, #5352, #5320, #2776 ),
 .UNSPECIFIED., .F., .F.,
 ( 4, 2, 4 ),
 ( 0.000000000000000000, 0.0003339356863370972293, 0.0006678713726741944585 ),
 .UNSPECIFIED. ) ;
#1001 = CARTESIAN_POINT ( 'NONE',  ( 0.04870252959880183585, -3.297963650534137407E-16, 0.5976562500000003331 ) ) ;
#1002 = CARTESIAN_POINT ( 'NONE',  ( 0.03443788894025132802, 0.03443788894025099495, 0.6953125000000003331 ) ) ;
#1003 = CARTESIAN_POINT ( 'NONE',  ( 1.690012582823350771E-17, 0.06899999999999979761, 0.5273437500000005551 ) ) ;
#1004 = CARTESIAN_POINT ( 'NONE',  ( 0.000000000000000000, -3.746242201467919184E-17, -0.04171874999999982542 ) ) ;
#1005 = CARTESIAN_POINT ( 'NONE',  ( -0.04870252959880183585, -3.178676856567033324E-16, 0.6796875000000003331 ) ) ;
#1006 = ORIENTED_EDGE ( 'NONE', *, *, #839, .T. ) ;
#1007 =( CONVERSION_BASED_UNIT ( 'INCH', #208 ) LENGTH_UNIT ( ) NAMED_UNIT ( #3212 ) );
#1008 = CARTESIAN_POINT ( 'NONE',  ( -0.04998640781534011146, -0.04998640781534032657, -0.1103515625000002914 ) ) ;
#1009 = CARTESIAN_POINT ( 'NONE',  ( 0.03443788894025132802, 0.03443788894025099495, 0.8515625000000003331 ) ) ;
#1010 = CARTESIAN_POINT ( 'NONE',  ( 0.02017324828170079937, -0.04870252959880216198, 0.5332031250000002220 ) ) ;
#1011 = CARTESIAN_POINT ( 'NONE',  ( -0.04870252959880216892, 0.02017324828170073345, -0.1621093750000001388 ) ) ;
#1012 = CARTESIAN_POINT ( 'NONE',  ( 0.02017324828170093814, -0.04870252959880239096, -0.08789062500000016653 ) ) ;
#1013 = CARTESIAN_POINT ( 'NONE',  ( 0.03443788894025132108, -0.03443788894025164721, 0.8750000000000003331 ) ) ;
#1014 = CARTESIAN_POINT ( 'NONE',  ( -0.04870252959880216892, -2.166054452118648320E-16, -0.2265625000000001943 ) ) ;
#1015 = CARTESIAN_POINT ( 'NONE',  ( 0.04998640781534013228, 0.04998640781533988248, -0.1904296874999993339 ) ) ;
#1016 = LINE ( 'NONE', #1110, #4133 ) ;
#1017 = ORIENTED_EDGE ( 'NONE', *, *, #1101, .F. ) ;
#1018 = CARTESIAN_POINT ( 'NONE',  ( 8.450062914116699930E-18, -0.06899999999999971434, -0.2500000000000000000 ) ) ;
#1019 = CARTESIAN_POINT ( 'NONE',  ( 0.03443788894025132802, 0.03443788894025099495, 0.7929687500000003331 ) ) ;
#1020 = EDGE_CURVE ( 'NONE', #1487, #2779, #2702, .T. ) ;
#1021 = CARTESIAN_POINT ( 'NONE',  ( 0.02928135976391375503, -0.07069145586676681137, 0.5771484375000004441 ) ) ;
#1022 = CARTESIAN_POINT ( 'NONE',  ( -0.05414179399725707609, 0.1130787879586803713, 0.8713971713223465088 ) ) ;
#1023 = DIRECTION ( 'NONE',  ( 0.000000000000000000, 0.000000000000000000, 1.000000000000000000 ) ) ;
#1024 = CARTESIAN_POINT ( 'NONE',  ( 0.02928135976391382442, 0.07069145586676613136, 0.7158203125000002220 ) ) ;
#1025 =( BOUNDED_CURVE ( )  B_SPLINE_CURVE ( 2, ( #1767, #956, #3616, #1826, #3525, #1741, #5263, #462, #2656 ),
 .UNSPECIFIED., .F., .T. ) 
 B_SPLINE_CURVE_WITH_KNOTS ( ( 3, 2, 2, 2, 3 ),
 ( 0.5714285714285715079, 0.5803571428571430157, 0.5892857142857144126, 0.5982142857142859205, 0.6071428571428573173 ),
 .UNSPECIFIED. ) 
 CURVE ( )  GEOMETRIC_REPRESENTATION_ITEM ( )  RATIONAL_B_SPLINE_CURVE ( ( 0.9999999999999990008, 0.9238795325112877377, 1.000000000000000000, 0.9238795325112867385, 1.000000000000000000, 0.9238795325112867385, 1.000000000000000000, 0.9238795325112848511, 1.000000000000001998 ) ) 
 REPRESENTATION_ITEM ( '' )  );
#1026 = CARTESIAN_POINT ( 'NONE',  ( 0.07069145586676645054, 0.02928135976391346013, 0.8662109375000005551 ) ) ;
#1027 = VERTEX_POINT ( 'NONE', #2801 ) ;
#1028 = CARTESIAN_POINT ( 'NONE',  ( 0.02017324828170084447, 0.04870252959880150279, 0.7285156250000006661 ) ) ;
#1029 = CARTESIAN_POINT ( 'NONE',  ( 0.02017324828170084447, 0.04870252959880150279, 0.5410156250000003331 ) ) ;
#1030 = CARTESIAN_POINT ( 'NONE',  ( 0.04870252959880182891, 0.02017324828170050446, 0.5996093750000003331 ) ) ;
#1031 = DIRECTION ( 'NONE',  ( -0.000000000000000000, 1.081356497492104437E-16, -1.000000000000000000 ) ) ;
#1032 = FACE_OUTER_BOUND ( 'NONE', #2567, .T. ) ;
#1033 = CARTESIAN_POINT ( 'NONE',  ( -8.450062914116675278E-18, -0.06899999999999971434, -0.2304687500000000278 ) ) ;
#1034 = CARTESIAN_POINT ( 'NONE',  ( 0.03443788894025132802, 0.03443788894025099495, 0.7617187500000003331 ) ) ;
#1035 = EDGE_LOOP ( 'NONE', ( #3348, #791, #3493, #1940 ) ) ;
#1036 = CARTESIAN_POINT ( 'NONE',  ( -0.07069145586676646442, -2.045553117521859640E-16, -0.05175781250000032613 ) ) ;
#1037 = ADVANCED_FACE ( 'NONE', ( #3545 ), #4471, .T. ) ;
#1038 = CARTESIAN_POINT ( 'NONE',  ( -5.964339698355189526E-18, -0.04870252959880215504, 0.7460937500000004441 ) ) ;
#1039 = ORIENTED_EDGE ( 'NONE', *, *, #5614, .F. ) ;
#1040 = CARTESIAN_POINT ( 'NONE',  ( -0.02017324828170081324, 0.04870252959880150972, 0.6425781250000003331 ) ) ;
#1041 = CARTESIAN_POINT ( 'NONE',  ( -0.01249999999999995386, 0.1371206889325357059, -0.3818813079129863564 ) ) ;
#1042 = CARTESIAN_POINT ( 'NONE',  ( 0.04870252959880182891, 0.02017324828170050446, 0.8808593750000003331 ) ) ;
#1043 = CARTESIAN_POINT ( 'NONE',  ( -0.02017324828170095202, 0.04870252959880195381, -0.1386718750000001943 ) ) ;
#1044 = CARTESIAN_POINT ( 'NONE',  ( -0.04998640781534011146, 0.04998640781533989635, -0.2138671874999993616 ) ) ;
#1045 = CARTESIAN_POINT ( 'NONE',  ( 0.1187499999999999944, -1.711591184772687368E-16, 0.8750000000000001110 ) ) ;
#1046 = ORIENTED_EDGE ( 'NONE', *, *, #3490, .F. ) ;
#1047 = CARTESIAN_POINT ( 'NONE',  ( 0.03443788894025132108, -0.03443788894025164721, 0.5664062500000002220 ) ) ;
#1048 = ORIENTED_EDGE ( 'NONE', *, *, #4028, .F. ) ;
#1049 = UNCERTAINTY_MEASURE_WITH_UNIT (LENGTH_MEASURE( 1.000000000000000082E-05 ), #2299, 'distance_accuracy_value', 'NONE');
#1050 = CARTESIAN_POINT ( 'NONE',  ( -0.04998640781534011146, -0.04998640781534043759, 0.6025390625000004441 ) ) ;
#1051 = CARTESIAN_POINT ( 'NONE',  ( 0.04870252959880182891, 0.02017324828170050446, 0.5996093750000003331 ) ) ;
#1052 = CARTESIAN_POINT ( 'NONE',  ( 0.06900000000000011680, 0.02858073580374330749, 0.7089843750000005551 ) ) ;
#1053 = EDGE_CURVE ( 'NONE', #540, #5091, #5311, .T. ) ;
#1054 = CARTESIAN_POINT ( 'NONE',  ( -0.1238376471221983993, 0.06645404533538186442, 0.8624582518255140551 ) ) ;
#1055 = CARTESIAN_POINT ( 'NONE',  ( -0.07069145586676647830, 0.02928135976391345666, 0.5986328125000002220 ) ) ;
#1056 = CARTESIAN_POINT ( 'NONE',  ( 0.02017324828170079937, -0.04870252959880216198, 0.4980468750000004996 ) ) ;
#1057 = ORIENTED_EDGE ( 'NONE', *, *, #1613, .T. ) ;
#1058 = EDGE_CURVE ( 'NONE', #298, #4490, #1906, .T. ) ;
#1059 = CARTESIAN_POINT ( 'NONE',  ( 0.03443788894025132802, 0.03443788894025099495, 0.6328125000000004441 ) ) ;
#1060 = CARTESIAN_POINT ( 'NONE',  ( -8.450062914116724582E-18, -0.06900000000000011680, -0.1093749999999994449 ) ) ;
#1061 =( BOUNDED_CURVE ( )  B_SPLINE_CURVE ( 2, ( #717, #1612, #2498, #4239, #3464, #2992, #3016, #293, #1702 ),
 .UNSPECIFIED., .F., .T. ) 
 B_SPLINE_CURVE_WITH_KNOTS ( ( 3, 2, 2, 2, 3 ),
 ( 0.4285714285714284921, 0.4374999999999998890, 0.4464285714285712858, 0.4553571428571426272, 0.4642857142857140240 ),
 .UNSPECIFIED. ) 
 CURVE ( )  GEOMETRIC_REPRESENTATION_ITEM ( )  RATIONAL_B_SPLINE_CURVE ( ( 1.000000000000000444, 0.9238795325112862944, 1.000000000000000000, 0.9238795325112867385, 1.000000000000000000, 0.9238795325112867385, 1.000000000000000000, 0.9238795325112890700, 0.9999999999999976685 ) ) 
 REPRESENTATION_ITEM ( '' )  );
#1062 = CARTESIAN_POINT ( 'NONE',  ( -0.04870252959880183585, 0.02017324828170049406, 0.5175781250000004441 ) ) ;
#1063 = B_SPLINE_CURVE_WITH_KNOTS ( 'NONE', 3,
 ( #2609, #670, #2182, #806, #4577, #38, #1790, #795 ),
 .UNSPECIFIED., .F., .F.,
 ( 4, 2, 2, 4 ),
 ( 0.0003769942008442800797, 0.001851878332808213875, 0.002589320398790180555, 0.003326762464772147453 ),
 .UNSPECIFIED. ) ;
#1064 = CARTESIAN_POINT ( 'NONE',  ( -8.450062914116752315E-18, -0.06900000000000044986, 0.5156250000000002220 ) ) ;
#1065 = CARTESIAN_POINT ( 'NONE',  ( 0.02017324828170084447, 0.04870252959880150279, 0.7011718750000004441 ) ) ;
#1066 = CARTESIAN_POINT ( 'NONE',  ( -0.02858073580374363709, -0.06899999999999999190, -0.2363281249999994171 ) ) ;
#1067 = CARTESIAN_POINT ( 'NONE',  ( 0.03443788894025155700, -0.03443788894025177905, -0.1484375000000001388 ) ) ;
#1068 = CARTESIAN_POINT ( 'NONE',  ( -0.07069145586676647830, 0.02928135976391356074, -0.05371093750000032613 ) ) ;
#1069 = ORIENTED_EDGE ( 'NONE', *, *, #4014, .F. ) ;
#1070 = CARTESIAN_POINT ( 'NONE',  ( -0.04870252959880183585, 0.02017324828170049406, 0.6738281250000005551 ) ) ;
#1071 = ADVANCED_FACE ( 'NONE', ( #4072, #567 ), #8, .T. ) ;
#1072 = VERTEX_POINT ( 'NONE', #4060 ) ;
#1073 = CARTESIAN_POINT ( 'NONE',  ( -0.03443788894025132108, 0.03443788894025100189, 0.6445312500000002220 ) ) ;
#1074 = CARTESIAN_POINT ( 'NONE',  ( -0.02858073580374320341, 0.06900000000000020006, 0.6894531250000001110 ) ) ;
#1075 = CARTESIAN_POINT ( 'NONE',  ( -0.02017324828170095202, 0.04870252959880195381, -0.07226562500000012490 ) ) ;
#1076 = CARTESIAN_POINT ( 'NONE',  ( 0.06899999999999968658, -0.02858073580374368566, -0.06835937500000012490 ) ) ;
#1077 = CARTESIAN_POINT ( 'NONE',  ( -5.964339698355230356E-18, -0.04870252959880237709, -0.1875000000000001943 ) ) ;
#1078 = CARTESIAN_POINT ( 'NONE',  ( -0.02858073580374382444, -0.06900000000000022782, 0.5761718750000000000 ) ) ;
#1079 = CARTESIAN_POINT ( 'NONE',  ( -0.03443788894025132802, -0.03443788894025164027, 0.6835937500000003331 ) ) ;
#1080 = CARTESIAN_POINT ( 'NONE',  ( -0.02928135976391377585, 0.07069145586676614523, 0.5302734375000005551 ) ) ;
#1081 = AXIS2_PLACEMENT_3D ( 'NONE', #4813, #3978, #1755 ) ;
#1082 = CARTESIAN_POINT ( 'NONE',  ( -0.1124999999999998918, 0.07938566201357313834, 0.8640654110148561218 ) ) ;
#1083 = CARTESIAN_POINT ( 'NONE',  ( -0.09999999999999989453, -0.05773502691896289368, -0.3818813079129863564 ) ) ;
#1084 = DIRECTION ( 'NONE',  ( -0.000000000000000000, 1.081356497492104437E-16, -1.000000000000000000 ) ) ;
#1085 = VECTOR ( 'NONE', #4237, 39.37007874015748143 ) ;
#1086 = CARTESIAN_POINT ( 'NONE',  ( -0.07069145586676646442, -3.165212522481658049E-16, 0.5693359375000002220 ) ) ;
#1087 = VERTEX_POINT ( 'NONE', #1408 ) ;
#1088 = CARTESIAN_POINT ( 'NONE',  ( -8.657206515430192834E-18, -0.07069145586676678361, 0.9189453125000005551 ) ) ;
#1089 = EDGE_LOOP ( 'NONE', ( #4759, #1631, #4864, #4808 ) ) ;
#1090 = MECHANICAL_DESIGN_GEOMETRIC_PRESENTATION_REPRESENTATION (  '', ( #5045 ), #4399 ) ;
#1091 = CARTESIAN_POINT ( 'NONE',  ( -0.1238516257341601701, -0.06641573266825936961, 0.8624615979720811065 ) ) ;
#1092 = CARTESIAN_POINT ( 'NONE',  ( 0.03443788894025132108, -0.03443788894025164721, 0.5625000000000003331 ) ) ;
#1093 = CARTESIAN_POINT ( 'NONE',  ( 0.04738981599798618854, 0.01123128349740908603, 0.8527025295988096554 ) ) ;
#1094 = CARTESIAN_POINT ( 'NONE',  ( -8.450062914116752315E-18, -0.06900000000000044986, 0.6718750000000001110 ) ) ;
#1095 = AXIS2_PLACEMENT_3D ( 'NONE', #124, #2434, #5452 ) ;
#1096 = EDGE_CURVE ( 'NONE', #2059, #3456, #4089, .T. ) ;
#1097 = CARTESIAN_POINT ( 'NONE',  ( 0.04870252959880182891, 0.02017324828170050446, 0.7285156250000004441 ) ) ;
#1098 = CARTESIAN_POINT ( 'NONE',  ( -0.04870252959880216198, -0.02017324828170116366, -0.1582031250000001665 ) ) ;
#1099 =( BOUNDED_CURVE ( )  B_SPLINE_CURVE ( 2, ( #4600, #2333, #3624, #163, #4088, #3679, #638, #5386, #2839 ),
 .UNSPECIFIED., .F., .T. ) 
 B_SPLINE_CURVE_WITH_KNOTS ( ( 3, 2, 2, 2, 3 ),
 ( 0.1785714285714285476, 0.1875000000000000000, 0.1964285714285714801, 0.2053571428571429602, 0.2142857142857144126 ),
 .UNSPECIFIED. ) 
 CURVE ( )  GEOMETRIC_REPRESENTATION_ITEM ( )  RATIONAL_B_SPLINE_CURVE ( ( 1.000000000000000222, 0.9238795325112865164, 1.000000000000000000, 0.9238795325112867385, 1.000000000000000000, 0.9238795325112867385, 1.000000000000000000, 0.9238795325112855172, 1.000000000000001110 ) ) 
 REPRESENTATION_ITEM ( '' )  );
#1100 = CARTESIAN_POINT ( 'NONE',  ( 0.04870252959880216892, -2.199233268020704745E-16, -0.08593750000000020817 ) ) ;
#1101 = EDGE_CURVE ( 'NONE', #959, #283, #934, .T. ) ;
#1102 = CARTESIAN_POINT ( 'NONE',  ( 0.04870252959880216892, -2.294908799204091580E-16, -0.2421875000000001665 ) ) ;
#1103 = ORIENTED_EDGE ( 'NONE', *, *, #5444, .T. ) ;
#1104 = CARTESIAN_POINT ( 'NONE',  ( 0.04879036790187225164, 0.04879036790187201572, -0.2187500000000006661 ) ) ;
#1105 = CARTESIAN_POINT ( 'NONE',  ( -0.04870252959880183585, -0.02017324828170113243, 0.6464843750000004441 ) ) ;
#1106 = CARTESIAN_POINT ( 'NONE',  ( -5.964339698355189526E-18, -0.04870252959880215504, 0.6250000000000003331 ) ) ;
#1107 = CARTESIAN_POINT ( 'NONE',  ( -0.03003197409739040424, -0.03884380378311291793, -0.03064673892715251077 ) ) ;
#1108 = CARTESIAN_POINT ( 'NONE',  ( -0.06899999999999989475, -2.048382751738114799E-16, -0.05468749999999943101 ) ) ;
#1109 = CARTESIAN_POINT ( 'NONE',  ( -0.03443788894025155700, 0.03443788894025134190, -0.1679687500000001943 ) ) ;
#1110 = CARTESIAN_POINT ( 'NONE',  ( 0.000000000000000000, 0.06899999999999967271, -0.2500000000000000000 ) ) ;
#1111 = ORIENTED_EDGE ( 'NONE', *, *, #4901, .F. ) ;
#1112 = CARTESIAN_POINT ( 'NONE',  ( -0.04870252959880183585, -0.02017324828170113243, 0.6191406250000002220 ) ) ;
#1113 = CARTESIAN_POINT ( 'NONE',  ( 1.731441303086038567E-17, 0.07069145586676613136, 0.5908203125000004441 ) ) ;
#1114 = CARTESIAN_POINT ( 'NONE',  ( 0.07099999999999991041, -1.351695621865133782E-17, 0.8750000000000001110 ) ) ;
#1115 = CARTESIAN_POINT ( 'NONE',  ( 0.000000000000000000, 0.06899999999999967271, -0.2500000000000000000 ) ) ;
#1116 = CARTESIAN_POINT ( 'NONE',  ( 0.1187499999999999944, -1.852831803438912599E-16, 0.000000000000000000 ) ) ;
#1117 = CARTESIAN_POINT ( 'NONE',  ( -0.07069145586676647830, -0.02928135976391408810, 0.6025390625000002220 ) ) ;
#1118 = EDGE_CURVE ( 'NONE', #4372, #2337, #1266, .T. ) ;
#1119 = CARTESIAN_POINT ( 'NONE',  ( 0.03443788894025132108, -0.03443788894025164721, 0.5000000000000004441 ) ) ;
#1120 = CARTESIAN_POINT ( 'NONE',  ( -0.1249999999999999167, 3.583700082140831452E-15, 0.8713915608176138194 ) ) ;
#1121 = ORIENTED_EDGE ( 'NONE', *, *, #942, .T. ) ;
#1122 = CARTESIAN_POINT ( 'NONE',  ( -0.04870252959880183585, -0.02017324828170113243, 0.6464843750000004441 ) ) ;
#1123 = CARTESIAN_POINT ( 'NONE',  ( 0.02858073580374350872, -0.06900000000000014455, -0.1074218749999994588 ) ) ;
#1124 = CARTESIAN_POINT ( 'NONE',  ( -0.04870252959880183585, -3.178676856567033324E-16, 0.5820312500000003331 ) ) ;
#1125 = DIRECTION ( 'NONE',  ( -0.000000000000000000, 1.081356497492104437E-16, -1.000000000000000000 ) ) ;
#1126 = ORIENTED_EDGE ( 'NONE', *, *, #4233, .F. ) ;
#1127 = CARTESIAN_POINT ( 'NONE',  ( 0.04870252959880183585, -3.297963650534137407E-16, 0.7578125000000003331 ) ) ;
#1128 = CARTESIAN_POINT ( 'NONE',  ( -0.04870252959880216892, -2.144527457602386282E-16, -0.1914062500000001388 ) ) ;
#1129 = CARTESIAN_POINT ( 'NONE',  ( -5.964339698355230356E-18, -0.04870252959880237709, -0.1250000000000001943 ) ) ;
#1130 = CARTESIAN_POINT ( 'NONE',  ( 0.06841818429291621206, 0.03834927216633036984, -0.03351203176376799098 ) ) ;
#1131 = ORIENTED_EDGE ( 'NONE', *, *, #1399, .F. ) ;
#1132 = CARTESIAN_POINT ( 'NONE',  ( -0.02017324828170081324, 0.04870252959880150972, 0.7011718750000005551 ) ) ;
#1133 = CARTESIAN_POINT ( 'NONE',  ( 0.02858073580345464951, -0.06900000000029087033, -0.1035156250000290046 ) ) ;
#1134 = FACE_OUTER_BOUND ( 'NONE', #5469, .T. ) ;
#1135 = CARTESIAN_POINT ( 'NONE',  ( -0.03443788894025155700, -0.03443788894025176517, -0.06250000000000015266 ) ) ;
#1136 = CARTESIAN_POINT ( 'NONE',  ( 0.03443788894025132802, 0.03443788894025099495, 0.9140625000000004441 ) ) ;
#1137 = CARTESIAN_POINT ( 'NONE',  ( -0.03443788894025155700, 0.03443788894025134883, -0.1367187500000001943 ) ) ;
#1138 = CARTESIAN_POINT ( 'NONE',  ( -0.02928135976391377585, -0.07069145586676668647, -0.07910156249999933387 ) ) ;
#1139 = CARTESIAN_POINT ( 'NONE',  ( -0.06899999999999978373, -0.02858073580374367872, -0.1738281250000001943 ) ) ;
#1140 = ORIENTED_EDGE ( 'NONE', *, *, #5468, .F. ) ;
#1141 = CARTESIAN_POINT ( 'NONE',  ( 1.192867939671037905E-17, 0.04870252959880150972, 0.5781250000000002220 ) ) ;
#1142 = CARTESIAN_POINT ( 'NONE',  ( 0.02928135976391381748, 0.07069145586676611748, 0.5263671875000004441 ) ) ;
#1143 = CARTESIAN_POINT ( 'NONE',  ( -0.02017324828170095202, 0.04870252959880194688, -0.2597656250000001665 ) ) ;
#1144 = EDGE_CURVE ( 'NONE', #600, #5591, #5117, .T. ) ;
#1145 = CARTESIAN_POINT ( 'NONE',  ( 0.04879036790187169653, -0.04879036790187194633, -0.2304687499999994449 ) ) ;
#1146 = FACE_OUTER_BOUND ( 'NONE', #4040, .T. ) ;
#1147 = CARTESIAN_POINT ( 'NONE',  ( -0.04998640781534011146, 0.04998640781533979921, 0.5341796875000002220 ) ) ;
#1148 = DIRECTION ( 'NONE',  ( 0.000000000000000000, 1.000000000000000000, 0.000000000000000000 ) ) ;
#1149 = CARTESIAN_POINT ( 'NONE',  ( 0.07069145586676646442, -3.338356652790262245E-16, 0.8955078125000005551 ) ) ;
#1150 = ORIENTED_EDGE ( 'NONE', *, *, #3889, .T. ) ;
#1151 = CARTESIAN_POINT ( 'NONE',  ( -0.004408101165411752211, 0.1404665205199143729, 0.01253840202791900275 ) ) ;
#1152 = CARTESIAN_POINT ( 'NONE',  ( -5.964339698355189526E-18, -0.04870252959880215504, 0.5585937500000003331 ) ) ;
#1153 = CARTESIAN_POINT ( 'NONE',  ( 0.04879036790187187694, 0.04879036790187153694, 0.5234375000000005551 ) ) ;
#1154 = ORIENTED_EDGE ( 'NONE', *, *, #3099, .F. ) ;
#1155 = CARTESIAN_POINT ( 'NONE',  ( -0.04870252959880183585, -3.178676856567033324E-16, 0.6484375000000003331 ) ) ;
#1156 = CARTESIAN_POINT ( 'NONE',  ( -0.03443788894025155700, 0.03443788894025134190, -0.1953125000000001388 ) ) ;
#1157 = CARTESIAN_POINT ( 'NONE',  ( -0.02017324828170095896, -0.04870252959880238403, -0.1269531250000002220 ) ) ;
#1158 = CARTESIAN_POINT ( 'NONE',  ( -5.964339698355230356E-18, -0.04870252959880237709, -0.1250000000000001943 ) ) ;
#1159 = CARTESIAN_POINT ( 'NONE',  ( 0.006668017161189058670, -0.04982070913930045780, -0.2500000000000000555 ) ) ;
#1160 = CARTESIAN_POINT ( 'NONE',  ( -0.06899999999999989475, -0.02858073580374374117, -0.1464843749999994726 ) ) ;
#1161 = CARTESIAN_POINT ( 'NONE',  ( -0.02017324828170082018, -0.04870252959880215504, 0.5292968750000003331 ) ) ;
#1162 = CARTESIAN_POINT ( 'NONE',  ( -0.04870252959880216892, -0.02017324828170115672, -0.03320312500000013184 ) ) ;
#1163 = CARTESIAN_POINT ( 'NONE',  ( -0.02017324828170082018, -0.04870252959880215504, 0.5878906250000004441 ) ) ;
#1164 = CARTESIAN_POINT ( 'NONE',  ( 0.004367932116415350167, -0.1404735710204081667, 0.8624582518255138330 ) ) ;
#1165 = CARTESIAN_POINT ( 'NONE',  ( 0.04870252959880183585, -3.297963650534137407E-16, 0.8164062500000003331 ) ) ;
#1166 = CARTESIAN_POINT ( 'NONE',  ( -0.04870252959880216892, -0.02017324828170116713, -0.1621093750000002220 ) ) ;
#1167 = CARTESIAN_POINT ( 'NONE',  ( -8.657206515430192834E-18, -0.07069145586676668647, -0.1083984374999993339 ) ) ;
#1168 = CARTESIAN_POINT ( 'NONE',  ( -0.04879036790187187000, 0.04879036790187154388, 0.5937500000000005551 ) ) ;
#1169 = CARTESIAN_POINT ( 'NONE',  ( 0.03443788894025132802, 0.03443788894025099495, 0.6679687500000003331 ) ) ;
#1170 = CARTESIAN_POINT ( 'NONE',  ( 0.04870252959880182891, 0.02017324828170050446, 0.8535156250000002220 ) ) ;
#1171 = CARTESIAN_POINT ( 'NONE',  ( 0.02858073580374348097, 0.06899999999999974210, -0.1894531249999994449 ) ) ;
#1172 = CARTESIAN_POINT ( 'NONE',  ( 0.04870252959880215504, -0.02017324828170118795, -0.02539062500000017347 ) ) ;
#1173 = FACE_OUTER_BOUND ( 'NONE', #900, .T. ) ;
#1174 = CARTESIAN_POINT ( 'NONE',  ( 0.07069145586676645054, -0.02928135976391413320, 0.6142578125000003331 ) ) ;
#1175 = AXIS2_PLACEMENT_3D ( 'NONE', #1083, #3313, #2870 ) ;
#1176 = CARTESIAN_POINT ( 'NONE',  ( -0.05516188841542455507, 0.004583477699977713676, 0.8591618884154197389 ) ) ;
#1177 = CARTESIAN_POINT ( 'NONE',  ( -0.07069145586676647830, -0.02928135976391408463, 0.8505859375000004441 ) ) ;
#1178 = ORIENTED_EDGE ( 'NONE', *, *, #1339, .F. ) ;
#1179 = CARTESIAN_POINT ( 'NONE',  ( 0.03443788894025132108, -0.03443788894025164721, 0.6875000000000003331 ) ) ;
#1180 = AXIS2_PLACEMENT_3D ( 'NONE', #2912, #3302, #4556 ) ;
#1181 = CARTESIAN_POINT ( 'NONE',  ( 0.06900000000000011680, -0.02858073580374397363, 0.8613281250000005551 ) ) ;
#1182 = CARTESIAN_POINT ( 'NONE',  ( -0.02017324828170082018, -0.04870252959880215504, 0.5566406250000003331 ) ) ;
#1183 = CARTESIAN_POINT ( 'NONE',  ( -8.450062914116753856E-18, -0.06900000000000044986, 0.5117187500000004441 ) ) ;
#1184 = CIRCLE ( 'NONE', #3662, 0.07099999999999991041 ) ;
#1185 = CARTESIAN_POINT ( 'NONE',  ( 0.04870252959880182891, 0.02017324828170050446, 0.6660156250000003331 ) ) ;
#1186 = CARTESIAN_POINT ( 'NONE',  ( -0.03443788894025155700, -0.03443788894025177211, -0.1562500000000001388 ) ) ;
#1187 = CARTESIAN_POINT ( 'NONE',  ( 0.000000000000000000, 0.06899999999999968658, -0.1249999999999994588 ) ) ;
#1188 = CONICAL_SURFACE ( 'NONE', #4588, 0.07099999999999991041, 0.7853981633974500554 ) ;
#1189 = CARTESIAN_POINT ( 'NONE',  ( -0.04870252959880183585, -0.02017324828170113243, 0.5527343750000003331 ) ) ;
#1190 = CARTESIAN_POINT ( 'NONE',  ( -0.04870252959880216198, 0.02017324828170073345, -0.1660156250000001943 ) ) ;
#1191 = B_SPLINE_CURVE_WITH_KNOTS ( 'NONE', 3,
 ( #877, #2754, #1805, #4515, #5360, #2217 ),
 .UNSPECIFIED., .F., .F.,
 ( 4, 2, 4 ),
 ( 1.714274154578467395E-19, 0.0003339356863370973919, 0.0006678713726741946754 ),
 .UNSPECIFIED. ) ;
#1192 = FACE_OUTER_BOUND ( 'NONE', #5247, .T. ) ;
#1193 = ORIENTED_EDGE ( 'NONE', *, *, #4529, .F. ) ;
#1194 = EDGE_CURVE ( 'NONE', #4490, #5381, #2129, .T. ) ;
#1195 = CARTESIAN_POINT ( 'NONE',  ( 0.03443788894025132108, -0.03443788894025164721, 0.5039062500000003331 ) ) ;
#1196 = CARTESIAN_POINT ( 'NONE',  ( -0.06900000000000011680, -3.166248240488225568E-16, 0.8164062500000004441 ) ) ;
#1197 = CARTESIAN_POINT ( 'NONE',  ( -0.03443788894025132802, -0.03443788894025164027, 0.7421875000000003331 ) ) ;
#1198 = CARTESIAN_POINT ( 'NONE',  ( 0.04870252959880216892, -2.199233268020704745E-16, -0.08593750000000020817 ) ) ;
#1199 = CARTESIAN_POINT ( 'NONE',  ( 0.02928135976391375850, -0.07069145586676671422, -0.07519531249999934774 ) ) ;
#1200 = DIRECTION ( 'NONE',  ( 0.000000000000000000, 1.000000000000000000, 0.000000000000000000 ) ) ;
#1201 = VERTEX_POINT ( 'NONE', #195 ) ;
#1202 = CARTESIAN_POINT ( 'NONE',  ( -0.03443788894025132802, -0.03443788894025164027, 0.4960937500000002776 ) ) ;
#1203 = CARTESIAN_POINT ( 'NONE',  ( 0.03443788894025132802, 0.03443788894025099495, 0.8867187500000002220 ) ) ;
#1204 = CARTESIAN_POINT ( 'NONE',  ( -0.04879036790187187000, -0.04879036790187218919, 0.7617187500000001110 ) ) ;
#1205 = DIRECTION ( 'NONE',  ( 1.000000000000000000, 0.000000000000000000, 0.000000000000000000 ) ) ;
#1206 = CARTESIAN_POINT ( 'NONE',  ( -0.1187499999999999944, -1.857017992171435455E-16, 0.8750000000000001110 ) ) ;
#1207 = EDGE_CURVE ( 'NONE', #4586, #2901, #3734, .T. ) ;
#1208 = CARTESIAN_POINT ( 'NONE',  ( 0.02017324828170084447, 0.04870252959880150279, 0.8574218750000005551 ) ) ;
#1209 = DIRECTION ( 'NONE',  ( -0.000000000000000000, 1.081356497492104437E-16, -1.000000000000000000 ) ) ;
#1210 = CARTESIAN_POINT ( 'NONE',  ( 0.02928135976391375503, -0.07069145586676681137, 0.8271484375000004441 ) ) ;
#1211 = ORIENTED_EDGE ( 'NONE', *, *, #3258, .T. ) ;
#1212 = CARTESIAN_POINT ( 'NONE',  ( 0.02886520823184552179, 0.1276722315545354147, 0.8686401842519876348 ) ) ;
#1213 = CARTESIAN_POINT ( 'NONE',  ( -0.07069145586676647830, 0.02928135976391345666, 0.8798828125000003331 ) ) ;
#1214 = CARTESIAN_POINT ( 'NONE',  ( -0.01249999999999995386, 0.1371206889325357059, 0.01093458898514387996 ) ) ;
#1215 = CARTESIAN_POINT ( 'NONE',  ( 0.04870252959880182891, 0.02017324828170050446, 0.5722656250000002220 ) ) ;
#1216 = CARTESIAN_POINT ( 'NONE',  ( -0.04870252959880216892, -2.108649133408616219E-16, -0.1328125000000001943 ) ) ;
#1217 = FACE_OUTER_BOUND ( 'NONE', #1536, .T. ) ;
#1218 = CARTESIAN_POINT ( 'NONE',  ( -3.752398474886232170E-14, 0.06899999999999965883, -0.1210937499999976408 ) ) ;
#1219 = VERTEX_POINT ( 'NONE', #5500 ) ;
#1220 = CARTESIAN_POINT ( 'NONE',  ( 0.06900000000000011680, 0.02858073580374330749, 0.5839843750000005551 ) ) ;
#1221 = CARTESIAN_POINT ( 'NONE',  ( -0.02017324828170095896, -0.04870252959880237015, -0.02929687500000015613 ) ) ;
#1222 = CARTESIAN_POINT ( 'NONE',  ( -5.964339698355189526E-18, -0.04870252959880215504, 0.7460937500000004441 ) ) ;
#1223 = EDGE_CURVE ( 'NONE', #2366, #704, #3343, .T. ) ;
#1224 = CARTESIAN_POINT ( 'NONE',  ( 0.04998640781534011146, -0.04998640781534034044, -0.2587890625000003331 ) ) ;
#1225 = CARTESIAN_POINT ( 'NONE',  ( -0.04870252959880183585, 0.02017324828170049406, 0.5527343750000003331 ) ) ;
#1226 = CARTESIAN_POINT ( 'NONE',  ( -0.04870252959880183585, 0.02017324828170049406, 0.8027343750000002220 ) ) ;
#1227 = DIRECTION ( 'NONE',  ( 0.000000000000000000, 1.000000000000000000, 0.000000000000000000 ) ) ;
#1228 = CARTESIAN_POINT ( 'NONE',  ( 0.03443788894025132108, -0.03443788894025164721, 0.5351562500000003331 ) ) ;
#1229 = CARTESIAN_POINT ( 'NONE',  ( -0.06899999999999963107, -0.02858073580374364056, -0.2363281250000001110 ) ) ;
#1230 = CARTESIAN_POINT ( 'NONE',  ( -0.02928135976391377585, 0.07069145586676615911, 0.4697265625000001665 ) ) ;
#1231 = CARTESIAN_POINT ( 'NONE',  ( -8.450062914116724582E-18, -0.06900000000000011680, -0.2343749999999994726 ) ) ;
#1232 = CARTESIAN_POINT ( 'NONE',  ( 0.04870252959880182891, -0.02017324828170116019, 0.8808593750000002220 ) ) ;
#1233 = CARTESIAN_POINT ( 'NONE',  ( 0.07069145586676645054, 0.02928135976391346013, 0.8037109375000005551 ) ) ;
#1234 = ORIENTED_EDGE ( 'NONE', *, *, #2772, .T. ) ;
#1235 = FACE_OUTER_BOUND ( 'NONE', #4392, .T. ) ;
#1236 = CARTESIAN_POINT ( 'NONE',  ( -0.04998640781534011146, 0.04998640781533979921, 0.8154296875000001110 ) ) ;
#1237 = ORIENTED_EDGE ( 'NONE', *, *, #586, .F. ) ;
#1238 = CARTESIAN_POINT ( 'NONE',  ( 0.03443788894025132802, 0.03443788894025099495, 0.6367187500000003331 ) ) ;
#1239 = CARTESIAN_POINT ( 'NONE',  ( 0.02017324828170093814, -0.04870252959880239096, -0.1230468750000001804 ) ) ;
#1240 = DIRECTION ( 'NONE',  ( -0.000000000000000000, 1.081356497492104437E-16, -1.000000000000000000 ) ) ;
#1241 = VERTEX_POINT ( 'NONE', #2478 ) ;
#1242 = ORIENTED_EDGE ( 'NONE', *, *, #5368, .F. ) ;
#1243 = EDGE_CURVE ( 'NONE', #3328, #28, #4666, .T. ) ;
#1244 = CARTESIAN_POINT ( 'NONE',  ( 0.06900000000000122702, -2.243694781095883998E-16, -0.09765625000000102696 ) ) ;
#1245 = LINE ( 'NONE', #3074, #2480 ) ;
#1246 = CARTESIAN_POINT ( 'NONE',  ( 0.02858073580374305422, -0.06900000000000101885, 0.8300781250000003331 ) ) ;
#1247 = CARTESIAN_POINT ( 'NONE',  ( 0.04870252959880183585, -3.297963650534137407E-16, 0.7851562500000003331 ) ) ;
#1248 = CARTESIAN_POINT ( 'NONE',  ( 0.1249999999999999029, 0.06205263022371390602, 0.8630201580567851138 ) ) ;
#1249 =( BOUNDED_SURFACE ( )  B_SPLINE_SURFACE ( 1, 2, ( 
 ( #1735, #807, #2503, #1617, #1279, #2589, #2144, #5169, #3387, #3899, #1224, #2558, #4303, #351, #5113, #2117, #3869, #1676, #3440, #5198, #3498, #104, #3103, #2768, #3547, #3958, #918, #2293, #864, #3579, #3521, #5346, #4046, #5313, #4472, #889, #1820, #1791, #515, #3983, #2202, #2713, #67, #2680, #4503, #542, #1854, #483, #1360, #455, #5283, #5372, #1330, #2743, #1395, #5256, #4415, #4443, #4844, #4902, #2231, #39, #2257, #3130, #3612, #4011, #4872, #3163, #3077, #2321, #949, #1419, #3190, #4929, #980, #4073, #128, #1304, #4820, #2649, #4384, #427, #10, #1761, #3693, #5015, #1008, #568, #4985, #4643, #5516, #5426, #2436, #1907, #151, #3664, #2907, #5457, #4958, #4181, #4100, #2349, #2853, #1501, #2802, #210, #1476, #3217, #1939, #4528, #1559, #4584, #180, #593, #3246, #1068, #1036, #3273, #680, #2825, #622, #3327, #236, #2410, #4129, #4155, #5072, #4552, #1130 ),
 ( #1993, #3751, #2376, #2460, #5399, #1966, #3722, #5486, #4205, #1528, #3298, #5046, #1102, #2881, #1880, #4616, #651, #3637, #1444, #5135, #4756, #1699, #798, #2522, #2581, #341, #2988, #2966, #261, #3380, #5570, #4697, #743, #289, #2049, #1268, #3861, #3805, #4728, #4263, #2107, #5633, #312, #2606, #2078, #2020, #1608, #827, #3890, #4324, #370, #1190, #771, #2546, #713, #3829, #3013, #5100, #5600, #1637, #3407, #3042, #4784, #2495, #5163, #5188, #3780, #5546, #1216, #4294, #1667, #3433, #1158, #1239, #2135, #1583, #5663, #3459, #5219, #3358, #2936, #4668, #4235, #941, #2735, #1753, #5248, #96, #2193, #3515, #4466, #3602, #394, #2250, #5277, #4035, #4866, #5691, #1324, #417, #2641, #476, #3183, #5367, #60, #3917, #3070, #509, #4377, #1, #3540, #1297, #857, #2282, #3951, #5338, #1846, #4003, #3096, #2162, #1725, #4837, #4811, #1813, #881, #2671, #1782, #3489, #4407 ) ),
 .UNSPECIFIED., .F., .F., .T. ) 
 B_SPLINE_SURFACE_WITH_KNOTS ( ( 2, 2 ),
 ( 3, 2, 2, 2, 2, 2, 2, 2, 2, 2, 2, 2, 2, 2, 2, 2, 2, 2, 2, 2, 2, 2, 2, 2, 2, 2, 2, 2, 2, 2, 2, 2, 2, 2, 2, 2, 2, 2, 2, 2, 2, 2, 2, 2, 2, 2, 2, 2, 2, 2, 2, 2, 2, 2, 2, 2, 2, 2, 2, 2, 2, 2, 2, 2, 3 ),
 ( 0.000000000000000000, 1.000000000000000000 ),
 ( 0.000000000000000000, 0.01562500000000000000, 0.03125000000000000000, 0.04687500000000000000, 0.06250000000000000000, 0.07812500000000000000, 0.09375000000000000000, 0.1093750000000000000, 0.1250000000000000000, 0.1406250000000000000, 0.1562500000000000000, 0.1718750000000000000, 0.1875000000000000000, 0.2031250000000000000, 0.2187500000000000000, 0.2343750000000000000, 0.2500000000000000000, 0.2656250000000000000, 0.2812500000000000000, 0.2968750000000000000, 0.3125000000000000000, 0.3281250000000000000, 0.3437500000000000000, 0.3593750000000000000, 0.3750000000000000000, 0.3906250000000000000, 0.4062500000000000000, 0.4218750000000000000, 0.4375000000000000000, 0.4531250000000000000, 0.4687500000000000000, 0.4843750000000000000, 0.5000000000000000000, 0.5156250000000000000, 0.5312500000000000000, 0.5468750000000000000, 0.5625000000000000000, 0.5781250000000000000, 0.5937500000000000000, 0.6093750000000000000, 0.6250000000000000000, 0.6406250000000000000, 0.6562500000000000000, 0.6718750000000000000, 0.6875000000000000000, 0.7031250000000000000, 0.7187500000000000000, 0.7343750000000000000, 0.7500000000000000000, 0.7656250000000000000, 0.7812500000000000000, 0.7968750000000000000, 0.8125000000000000000, 0.8281250000000000000, 0.8437500000000000000, 0.8593750000000000000, 0.8750000000000000000, 0.8906250000000000000, 0.9062500000000000000, 0.9218750000000000000, 0.9375000000000000000, 0.9531250000000000000, 0.9687500000000000000, 0.9700253494479406102, 0.9797256029424200596 ),
 .UNSPECIFIED. ) 
 GEOMETRIC_REPRESENTATION_ITEM ( )  RATIONAL_B_SPLINE_SURFACE ( (
 ( 1.000000000000000000, 0.9238795325112867385, 1.000000000000000000, 0.9238795325112867385, 1.000000000000000000, 0.9238795325112867385, 1.000000000000000000, 0.9238795325112867385, 1.000000000000000000, 0.9238795325112867385, 1.000000000000000000, 0.9238795325112867385, 1.000000000000000000, 0.9238795325112867385, 1.000000000000000000, 0.9238795325112867385, 1.000000000000000000, 0.9238795325112867385, 1.000000000000000000, 0.9238795325112867385, 1.000000000000000000, 0.9238795325112867385, 1.000000000000000000, 0.9238795325112867385, 1.000000000000000000, 0.9238795325112867385, 1.000000000000000000, 0.9238795325112867385, 1.000000000000000000, 0.9238795325112867385, 1.000000000000000000, 0.9238795325112867385, 1.000000000000000000, 0.9238795325112867385, 1.000000000000000000, 0.9238795325112867385, 1.000000000000000000, 0.9238795325112867385, 1.000000000000000000, 0.9238795325112867385, 1.000000000000000000, 0.9238795325112867385, 1.000000000000000000, 0.9238795325112867385, 1.000000000000000000, 0.9238795325112867385, 1.000000000000000000, 0.9238795325112867385, 1.000000000000000000, 0.9238795325112867385, 1.000000000000000000, 0.9238795325112867385, 1.000000000000000000, 0.9238795325112867385, 1.000000000000000000, 0.9238795325112867385, 1.000000000000000000, 0.9238795325112867385, 1.000000000000000000, 0.9238795325112867385, 1.000000000000000000, 0.9238795325112867385, 1.000000000000000000, 0.9238795325112867385, 1.000000000000000000, 0.9238795325112867385, 1.000000000000000000, 0.9238795325112867385, 1.000000000000000000, 0.9238795325112867385, 1.000000000000000000, 0.9238795325112867385, 1.000000000000000000, 0.9238795325112867385, 1.000000000000000000, 0.9238795325112867385, 1.000000000000000000, 0.9238795325112867385, 1.000000000000000000, 0.9238795325112867385, 1.000000000000000000, 0.9238795325112867385, 1.000000000000000000, 0.9238795325112867385, 1.000000000000000000, 0.9238795325112867385, 1.000000000000000000, 0.9238795325112867385, 1.000000000000000000, 0.9238795325112867385, 1.000000000000000000, 0.9238795325112867385, 1.000000000000000000, 0.9238795325112867385, 1.000000000000000000, 0.9238795325112867385, 1.000000000000000000, 0.9238795325112867385, 1.000000000000000000, 0.9238795325112867385, 1.000000000000000000, 0.9238795325112867385, 1.000000000000000000, 0.9238795325112867385, 1.000000000000000000, 0.9238795325112867385, 1.000000000000000000, 0.9238795325112867385, 1.000000000000000000, 0.9238795325112867385, 1.000000000000000000, 0.9238795325112867385, 1.000000000000000000, 0.9238795325112867385, 1.000000000000000000, 0.9238795325112867385, 1.000000000000000000, 0.9238795325112867385, 1.000000000000000000, 0.9238795325112867385, 1.000000000000000000, 0.9238795325112867385, 1.000000000000000000, 0.9238795325112867385, 1.000000000000000000, 0.9937868674439224170, 0.9885879960302929037, 0.9885879960302929037, 0.9885879960302929037),
 ( 1.000000000000000000, 0.9238795325112867385, 1.000000000000000000, 0.9238795325112867385, 1.000000000000000000, 0.9238795325112867385, 1.000000000000000000, 0.9238795325112867385, 1.000000000000000000, 0.9238795325112867385, 1.000000000000000000, 0.9238795325112867385, 1.000000000000000000, 0.9238795325112867385, 1.000000000000000000, 0.9238795325112867385, 1.000000000000000000, 0.9238795325112867385, 1.000000000000000000, 0.9238795325112867385, 1.000000000000000000, 0.9238795325112867385, 1.000000000000000000, 0.9238795325112867385, 1.000000000000000000, 0.9238795325112867385, 1.000000000000000000, 0.9238795325112867385, 1.000000000000000000, 0.9238795325112867385, 1.000000000000000000, 0.9238795325112867385, 1.000000000000000000, 0.9238795325112867385, 1.000000000000000000, 0.9238795325112867385, 1.000000000000000000, 0.9238795325112867385, 1.000000000000000000, 0.9238795325112867385, 1.000000000000000000, 0.9238795325112867385, 1.000000000000000000, 0.9238795325112867385, 1.000000000000000000, 0.9238795325112867385, 1.000000000000000000, 0.9238795325112867385, 1.000000000000000000, 0.9238795325112867385, 1.000000000000000000, 0.9238795325112867385, 1.000000000000000000, 0.9238795325112867385, 1.000000000000000000, 0.9238795325112867385, 1.000000000000000000, 0.9238795325112867385, 1.000000000000000000, 0.9238795325112867385, 1.000000000000000000, 0.9238795325112867385, 1.000000000000000000, 0.9238795325112867385, 1.000000000000000000, 0.9238795325112867385, 1.000000000000000000, 0.9238795325112867385, 1.000000000000000000, 0.9238795325112867385, 1.000000000000000000, 0.9238795325112867385, 1.000000000000000000, 0.9238795325112867385, 1.000000000000000000, 0.9238795325112867385, 1.000000000000000000, 0.9238795325112867385, 1.000000000000000000, 0.9238795325112867385, 1.000000000000000000, 0.9238795325112867385, 1.000000000000000000, 0.9238795325112867385, 1.000000000000000000, 0.9238795325112867385, 1.000000000000000000, 0.9238795325112867385, 1.000000000000000000, 0.9238795325112867385, 1.000000000000000000, 0.9238795325112867385, 1.000000000000000000, 0.9238795325112867385, 1.000000000000000000, 0.9238795325112867385, 1.000000000000000000, 0.9238795325112867385, 1.000000000000000000, 0.9238795325112867385, 1.000000000000000000, 0.9238795325112867385, 1.000000000000000000, 0.9238795325112867385, 1.000000000000000000, 0.9238795325112867385, 1.000000000000000000, 0.9238795325112867385, 1.000000000000000000, 0.9238795325112867385, 1.000000000000000000, 0.9238795325112867385, 1.000000000000000000, 0.9238795325112867385, 1.000000000000000000, 0.9238795325112867385, 1.000000000000000000, 0.9238795325112867385, 1.000000000000000000, 0.9238795325112867385, 1.000000000000000000, 0.9238795325112867385, 1.000000000000000000, 0.9238795325112867385, 1.000000000000000000, 0.9937868674439224170, 0.9885879960302929037, 0.9885879960302929037, 0.9885879960302929037) ) ) 
 REPRESENTATION_ITEM ( '' )  SURFACE ( )  );
#1250 = CARTESIAN_POINT ( 'NONE',  ( 0.04879036790187169653, -0.04879036790187193245, -0.1367187499999994726 ) ) ;
#1251 = ADVANCED_FACE ( 'NONE', ( #4170 ), #1981, .F. ) ;
#1252 = CARTESIAN_POINT ( 'NONE',  ( -0.02017324828170082018, -0.04870252959880215504, 0.5292968750000003331 ) ) ;
#1253 = CARTESIAN_POINT ( 'NONE',  ( 0.03443788894025132108, -0.03443788894025164721, 0.7851562500000002220 ) ) ;
#1254 = CARTESIAN_POINT ( 'NONE',  ( 0.000000000000000000, 0.04870252959880194688, -0.2617187500000001665 ) ) ;
#1255 = CARTESIAN_POINT ( 'NONE',  ( 0.04879036790187187694, 0.04879036790187153000, 0.5898437500000001110 ) ) ;
#1256 = DIRECTION ( 'NONE',  ( 0.000000000000000000, 1.000000000000000000, 0.000000000000000000 ) ) ;
#1257 = ORIENTED_EDGE ( 'NONE', *, *, #1096, .T. ) ;
#1258 = CARTESIAN_POINT ( 'NONE',  ( 0.02730175509698159683, 0.05225977695621233238, 0.8628083765644167791 ) ) ;
#1259 = CARTESIAN_POINT ( 'NONE',  ( -8.450062914116724582E-18, -0.06900000000000011680, -0.1093749999999994449 ) ) ;
#1260 = CARTESIAN_POINT ( 'NONE',  ( 0.04998640781534011840, 0.04998640781533977839, 0.8056640625000005551 ) ) ;
#1261 = ORIENTED_EDGE ( 'NONE', *, *, #1144, .F. ) ;
#1262 = CARTESIAN_POINT ( 'NONE',  ( -0.04870252959880216892, -2.106257245129031795E-16, -0.1289062500000001388 ) ) ;
#1263 = CARTESIAN_POINT ( 'NONE',  ( 1.731441303086038567E-17, 0.07069145586676614523, 0.8115234375000002220 ) ) ;
#1264 = CARTESIAN_POINT ( 'NONE',  ( -0.02858073580374308198, -0.06900000000000100497, 0.6347656250000006661 ) ) ;
#1265 = CARTESIAN_POINT ( 'NONE',  ( -0.04870252959880183585, 0.02017324828170049406, 0.6464843750000002220 ) ) ;
#1266 = CIRCLE ( 'NONE', #3030, 0.04870252959880198851 ) ;
#1267 = CARTESIAN_POINT ( 'NONE',  ( -0.03443788894025132108, 0.03443788894025100189, 0.5468750000000003331 ) ) ;
#1268 = CARTESIAN_POINT ( 'NONE',  ( -0.04870252959880216198, 0.02017324828170073345, -0.1972656250000001665 ) ) ;
#1269 = ADVANCED_FACE ( 'NONE', ( #1542 ), #5473, .F. ) ;
#1270 = CARTESIAN_POINT ( 'NONE',  ( 0.04870252959880215504, -0.02017324828170119488, -0.2089843750000001388 ) ) ;
#1271 = CARTESIAN_POINT ( 'NONE',  ( -0.06900000000000011680, -3.166248240488225568E-16, 0.7226562500000005551 ) ) ;
#1272 = CARTESIAN_POINT ( 'NONE',  ( -0.03443788894025155700, 0.03443788894025134190, -0.1953125000000001388 ) ) ;
#1273 = CARTESIAN_POINT ( 'NONE',  ( 8.450062914116699930E-18, -0.06899999999999971434, -0.2500000000000000000 ) ) ;
#1274 = AXIS2_PLACEMENT_3D ( 'NONE', #3532, #2273, #1409 ) ;
#1275 = ADVANCED_FACE ( 'NONE', ( #5029 ), #5088, .T. ) ;
#1276 = CARTESIAN_POINT ( 'NONE',  ( 0.04870252959880182891, -0.02017324828170116019, 0.7519531250000003331 ) ) ;
#1277 = CARTESIAN_POINT ( 'NONE',  ( 0.06190054734078211107, -0.0009465467978726880985, -0.2496535460993897504 ) ) ;
#1278 = CARTESIAN_POINT ( 'NONE',  ( -0.03443788894025155700, 0.03443788894025134883, -0.07031250000000015266 ) ) ;
#1279 = CARTESIAN_POINT ( 'NONE',  ( -0.07069145586676646442, -2.179498861178601455E-16, -0.2705078125000003331 ) ) ;
#1280 = CARTESIAN_POINT ( 'NONE',  ( 0.04870252959880182891, -0.02017324828170116019, 0.9082031250000003331 ) ) ;
#1281 = AXIS2_PLACEMENT_3D ( 'NONE', #2739, #1786, #398 ) ;
#1282 = CARTESIAN_POINT ( 'NONE',  ( 0.07069145586676646442, -2.191190532615238889E-16, -0.006835937499999332999 ) ) ;
#1283 = CARTESIAN_POINT ( 'NONE',  ( -5.964339698355189526E-18, -0.04870252959880215504, 0.8750000000000002220 ) ) ;
#1284 = CARTESIAN_POINT ( 'NONE',  ( 0.02017324828170097978, 0.04870252959880194688, -0.1699218750000001665 ) ) ;
#1285 =( BOUNDED_CURVE ( )  B_SPLINE_CURVE ( 2, ( #1838, #530, #3652, #2308, #4061, #5411, #1432, #3201, #4941 ),
 .UNSPECIFIED., .F., .T. ) 
 B_SPLINE_CURVE_WITH_KNOTS ( ( 3, 2, 2, 2, 3 ),
 ( 0.02609677852377609991, 0.02747036729091312246, 0.02884395605805014154, 0.03021754482518716062, 0.03159113359232418317 ),
 .UNSPECIFIED. ) 
 CURVE ( )  GEOMETRIC_REPRESENTATION_ITEM ( )  RATIONAL_B_SPLINE_CURVE ( ( 0.9999999999999734657, 0.9238795325113131618, 1.000000000000000000, 0.9238795325112866275, 1.000000000000000000, 0.9238795325112866275, 1.000000000000000000, 0.9238795325114207424, 0.9999999999998658851 ) ) 
 REPRESENTATION_ITEM ( '' )  );
#1286 = CARTESIAN_POINT ( 'NONE',  ( 1.690012582823350463E-17, 0.06899999999999979761, 0.5937500000000000000 ) ) ;
#1287 = CARTESIAN_POINT ( 'NONE',  ( 0.1249999999999999584, -0.03870963753135021196, 0.006328713194292594733 ) ) ;
#1288 = ORIENTED_EDGE ( 'NONE', *, *, #3031, .F. ) ;
#1289 = CARTESIAN_POINT ( 'NONE',  ( 0.03443788894025132802, 0.03443788894025099495, 0.9179687500000003331 ) ) ;
#1290 = CARTESIAN_POINT ( 'NONE',  ( -0.04998640781534011146, -0.04998640781534043759, 0.7587890625000004441 ) ) ;
#1291 = CARTESIAN_POINT ( 'NONE',  ( -0.04870252959880216198, -0.02017324828170116366, -0.2246093750000002220 ) ) ;
#1292 = CARTESIAN_POINT ( 'NONE',  ( 0.06900000000000011680, 0.02858073580374330749, 0.8066406250000001110 ) ) ;
#1293 = CARTESIAN_POINT ( 'NONE',  ( -0.07069145586676647830, 0.02928135976391345666, 0.8173828125000002220 ) ) ;
#1294 = EDGE_CURVE ( 'NONE', #2524, #907, #276, .T. ) ;
#1295 = ORIENTED_EDGE ( 'NONE', *, *, #1101, .T. ) ;
#1296 = ORIENTED_EDGE ( 'NONE', *, *, #5431, .F. ) ;
#1297 = CARTESIAN_POINT ( 'NONE',  ( 0.02017324828170097978, 0.04870252959880195381, -0.04882812500000018735 ) ) ;
#1298 = CARTESIAN_POINT ( 'NONE',  ( 0.04870252959880215504, 0.02017324828170074039, -0.2363281250000001388 ) ) ;
#1299 = DIRECTION ( 'NONE',  ( -0.000000000000000000, 1.081356497492104437E-16, -1.000000000000000000 ) ) ;
#1300 = DIRECTION ( 'NONE',  ( -0.000000000000000000, 1.081356497492104437E-16, -1.000000000000000000 ) ) ;
#1301 = CARTESIAN_POINT ( 'NONE',  ( 0.03443788894025132108, -0.03443788894025164721, 0.5000000000000004441 ) ) ;
#1302 = ADVANCED_FACE ( 'NONE', ( #1173 ), #4631, .F. ) ;
#1303 = CARTESIAN_POINT ( 'NONE',  ( -0.02017324828170095896, -0.04870252959880238403, -0.09179687500000012490 ) ) ;
#1304 = CARTESIAN_POINT ( 'NONE',  ( 0.07069145586676645054, 0.02928135976391356768, -0.1279296875000003331 ) ) ;
#1305 = CARTESIAN_POINT ( 'NONE',  ( 0.03443788894025132802, 0.03443788894025099495, 0.5429687500000003331 ) ) ;
#1306 = CARTESIAN_POINT ( 'NONE',  ( 0.04245349031661882488, 0.04702695935415329709, -0.03831532449028734327 ) ) ;
#1307 = CARTESIAN_POINT ( 'NONE',  ( -0.03443788894025132802, -0.03443788894025164027, 0.7773437500000002220 ) ) ;
#1308 = CARTESIAN_POINT ( 'NONE',  ( 0.02017324828170093814, -0.04870252959880239096, -0.1816406250000001665 ) ) ;
#1309 = CARTESIAN_POINT ( 'NONE',  ( 0.03443788894025132802, 0.03443788894025099495, 0.5117187500000002220 ) ) ;
#1310 = CARTESIAN_POINT ( 'NONE',  ( 0.000000000000000000, -4.197370615265405195E-17, 0.000000000000000000 ) ) ;
#1311 = CARTESIAN_POINT ( 'NONE',  ( 1.731441303086038567E-17, 0.07069145586676614523, 0.4677734375000001665 ) ) ;
#1312 = EDGE_LOOP ( 'NONE', ( #1478, #2276, #1834, #3242 ) ) ;
#1313 = CARTESIAN_POINT ( 'NONE',  ( 0.1249999999999999584, -0.05773502691896292838, 0.8640654110148560108 ) ) ;
#1314 = CARTESIAN_POINT ( 'NONE',  ( -0.02017324828170081324, 0.04870252959880150972, 0.8300781250000003331 ) ) ;
#1315 = CARTESIAN_POINT ( 'NONE',  ( 0.07069145586676645054, 0.02928135976391346013, 0.7099609375000005551 ) ) ;
#1316 = ORIENTED_EDGE ( 'NONE', *, *, #5108, .F. ) ;
#1317 = CARTESIAN_POINT ( 'NONE',  ( 0.1249999999999999445, 0.01955402972302629216, 0.8707155541428391876 ) ) ;
#1318 = CARTESIAN_POINT ( 'NONE',  ( 0.000000000000000000, 0.06899999999999992251, -0.2500000000000000000 ) ) ;
#1319 = B_SPLINE_CURVE_WITH_KNOTS ( 'NONE', 3,
 ( #633, #4163, #2419, #2445, #219, #3306, #2892, #660, #3763, #4190, #5527, #2917, #578, #270, #691, #3790, #5554, #4536, #2358, #1916, #3673, #2530, #4793, #5644 ),
 .UNSPECIFIED., .F., .F.,
 ( 4, 2, 2, 2, 2, 2, 2, 2, 2, 2, 2, 4 ),
 ( 0.001988767257593085109, 0.002589139401241051519, 0.003189511544889017496, 0.003789883688536983472, 0.004090069760360966894, 0.004390255832184950316, 0.004690441904008933738, 0.004990627975832916292, 0.005591000119480882269, 0.005891186191304865691, 0.006191372263128849113, 0.006791744406776817691 ),
 .UNSPECIFIED. ) ;
#1320 = CARTESIAN_POINT ( 'NONE',  ( 0.02928135976391382442, 0.07069145586676613136, 0.8720703125000002220 ) ) ;
#1321 = ORIENTED_EDGE ( 'NONE', *, *, #1844, .T. ) ;
#1322 = VERTEX_POINT ( 'NONE', #1489 ) ;
#1323 = CARTESIAN_POINT ( 'NONE',  ( -0.04870252959880183585, -3.178676856567033324E-16, 0.8320312500000003331 ) ) ;
#1324 = CARTESIAN_POINT ( 'NONE',  ( -0.03443788894025155700, 0.03443788894025134883, -0.07421875000000019429 ) ) ;
#1325 = CARTESIAN_POINT ( 'NONE',  ( -0.02017324828170016099, -0.04870252959880239096, -0.2480468750000000833 ) ) ;
#1326 = CARTESIAN_POINT ( 'NONE',  ( -5.964339698355189526E-18, -0.04870252959880215504, 0.8437500000000002220 ) ) ;
#1327 = CARTESIAN_POINT ( 'NONE',  ( 0.000000000000000000, -1.493979371535143794E-17, -0.2500000000000000000 ) ) ;
#1328 = CARTESIAN_POINT ( 'NONE',  ( 0.06493075939519561690, 0.01317155896636643467, 0.8699325500024176483 ) ) ;
#1329 = CARTESIAN_POINT ( 'NONE',  ( 0.03443788894025156394, 0.03443788894025134190, -0.04687500000000013184 ) ) ;
#1330 = CARTESIAN_POINT ( 'NONE',  ( -0.07069145586676646442, -2.122093542468569108E-16, -0.1767578125000003053 ) ) ;
#1331 = CARTESIAN_POINT ( 'NONE',  ( -5.964339698355189526E-18, -0.04870252959880215504, 0.8710937500000003331 ) ) ;
#1332 = CARTESIAN_POINT ( 'NONE',  ( 0.04870252959880183585, -3.297963650534137407E-16, 0.6953125000000003331 ) ) ;
#1333 = CARTESIAN_POINT ( 'NONE',  ( -0.03443788894025155700, 0.03443788894025134190, -0.1679687500000001943 ) ) ;
#1334 = CARTESIAN_POINT ( 'NONE',  ( 0.04870252959880215504, -0.02017324828170119141, -0.1464843750000001388 ) ) ;
#1335 = CARTESIAN_POINT ( 'NONE',  ( -0.02858073580374352607, -0.06900000000000011680, -0.08007812499999944489 ) ) ;
#1336 = ORIENTED_EDGE ( 'NONE', *, *, #779, .T. ) ;
#1337 = CARTESIAN_POINT ( 'NONE',  ( 0.03634311518952835357, 0.04308862862000149840, 0.8602111929972058313 ) ) ;
#1338 = CARTESIAN_POINT ( 'NONE',  ( 1.192867939671037905E-17, 0.04870252959880150972, 0.7656250000000002220 ) ) ;
#1339 = EDGE_CURVE ( 'NONE', #1454, #1904, #5258, .T. ) ;
#1340 = CARTESIAN_POINT ( 'NONE',  ( 0.07069145586676645054, -0.02928135976391412626, 0.6123046875000005551 ) ) ;
#1341 = ORIENTED_EDGE ( 'NONE', *, *, #3346, .F. ) ;
#1342 = B_SPLINE_CURVE_WITH_KNOTS ( 'NONE', 3,
 ( #1214, #4665, #2101, #708, #3853, #794, #2046, #2931 ),
 .UNSPECIFIED., .F., .F.,
 ( 4, 2, 2, 4 ),
 ( 0.0003769942008442806760, 0.001851878332808216043, 0.002589320398790183157, 0.003326762464772150055 ),
 .UNSPECIFIED. ) ;
#1343 = LINE ( 'NONE', #1318, #5511 ) ;
#1344 = CARTESIAN_POINT ( 'NONE',  ( -0.06899999999999989475, -2.124923176684824267E-16, -0.1796874999999994449 ) ) ;
#1345 = CARTESIAN_POINT ( 'NONE',  ( -0.02858073580374307504, 0.06900000000000033884, 0.8457031250000001110 ) ) ;
#1346 = CARTESIAN_POINT ( 'NONE',  ( -0.02928135976391377585, -0.07069145586676679749, 0.6689453125000002220 ) ) ;
#1347 = CARTESIAN_POINT ( 'NONE',  ( -0.07069145586676647830, 0.02928135976391355727, -0.1494140624999993339 ) ) ;
#1348 = VERTEX_POINT ( 'NONE', #2841 ) ;
#1349 = CARTESIAN_POINT ( 'NONE',  ( 0.02017324828170084447, 0.04870252959880150279, 0.6972656250000004441 ) ) ;
#1350 = EDGE_CURVE ( 'NONE', #170, #1841, #2226, .T. ) ;
#1351 = CARTESIAN_POINT ( 'NONE',  ( -0.04870252959880183585, -3.178676856567033324E-16, 0.5195312500000003331 ) ) ;
#1352 = CYLINDRICAL_SURFACE ( 'NONE', #2377, 0.06899999999999970046 ) ;
#1353 = DIRECTION ( 'NONE',  ( 0.000000000000000000, 0.000000000000000000, -1.000000000000000000 ) ) ;
#1354 = CARTESIAN_POINT ( 'NONE',  ( -0.04163420794109606859, 0.03352996159488078054, 0.8572581867005408807 ) ) ;
#1355 = CARTESIAN_POINT ( 'NONE',  ( 0.04870252959880216892, -2.292516910924506909E-16, -0.2382812500000001388 ) ) ;
#1356 = FACE_OUTER_BOUND ( 'NONE', #635, .T. ) ;
#1357 = CARTESIAN_POINT ( 'NONE',  ( -0.1249999999999999167, 6.664603118469186714E-15, 0.003608439182351153452 ) ) ;
#1358 = CARTESIAN_POINT ( 'NONE',  ( 0.04879036790187186307, -0.04879036790187220307, 0.7070312500000001110 ) ) ;
#1359 = CARTESIAN_POINT ( 'NONE',  ( 0.02017324828170097978, 0.04870252959880195381, -0.04492187500000013878 ) ) ;
#1360 = CARTESIAN_POINT ( 'NONE',  ( 0.000000000000000000, 0.07069145586676624238, -0.1845703125000003331 ) ) ;
#1361 = EDGE_CURVE ( 'NONE', #5636, #337, #141, .T. ) ;
#1362 = CARTESIAN_POINT ( 'NONE',  ( 0.02017324828170084447, 0.04870252959880150279, 0.8222656250000003331 ) ) ;
#1363 = CARTESIAN_POINT ( 'NONE',  ( -0.04870252959880183585, -0.02017324828170113243, 0.7128906250000004441 ) ) ;
#1364 = CARTESIAN_POINT ( 'NONE',  ( 0.02017324828170093814, -0.04870252959880239096, -0.1191406250000001249 ) ) ;
#1365 = CARTESIAN_POINT ( 'NONE',  ( -0.02017324828170095896, -0.04870252959880238403, -0.1542968750000001110 ) ) ;
#1366 = CARTESIAN_POINT ( 'NONE',  ( -0.06900000000000014455, 0.02858073580374329709, 0.5332031250000005551 ) ) ;
#1367 = LINE ( 'NONE', #491, #339 ) ;
#1368 = CARTESIAN_POINT ( 'NONE',  ( 1.690012582823350463E-17, 0.06899999999999979761, 0.5312500000000001110 ) ) ;
#1369 = VERTEX_POINT ( 'NONE', #3541 ) ;
#1370 = CARTESIAN_POINT ( 'NONE',  ( 0.02017324828170079937, -0.04870252959880216198, 0.7519531250000002220 ) ) ;
#1371 = CARTESIAN_POINT ( 'NONE',  ( -0.02928135976391377585, 0.07069145586676614523, 0.6552734375000005551 ) ) ;
#1372 = ORIENTED_EDGE ( 'NONE', *, *, #1964, .T. ) ;
#1373 = CARTESIAN_POINT ( 'NONE',  ( -8.450062914116753856E-18, -0.06900000000000044986, 0.8242187500000004441 ) ) ;
#1374 = CARTESIAN_POINT ( 'NONE',  ( 0.04870252959880215504, -0.02017324828170119488, -0.2128906250000001943 ) ) ;
#1375 = CARTESIAN_POINT ( 'NONE',  ( 8.450062914116729204E-18, -0.06899999999999996414, -0.2500000000000000000 ) ) ;
#1376 = EDGE_CURVE ( 'NONE', #4130, #4084, #628, .T. ) ;
#1377 = CARTESIAN_POINT ( 'NONE',  ( -0.04464046460760097423, -0.02549850337443066925, -0.2500000000000001665 ) ) ;
#1378 = CARTESIAN_POINT ( 'NONE',  ( -8.657206515430192834E-18, -0.07069145586676679749, 0.6708984375000001110 ) ) ;
#1379 = CARTESIAN_POINT ( 'NONE',  ( 0.02928135976391382442, 0.07069145586676624238, -0.1884765624999993339 ) ) ;
#1380 = ORIENTED_EDGE ( 'NONE', *, *, #3438, .T. ) ;
#1381 = VERTEX_POINT ( 'NONE', #3 ) ;
#1382 = CARTESIAN_POINT ( 'NONE',  ( -5.964339698355189526E-18, -0.04870252959880215504, 0.7460937500000004441 ) ) ;
#1383 = CARTESIAN_POINT ( 'NONE',  ( -0.02017324828170081324, 0.04870252959880150972, 0.5761718750000005551 ) ) ;
#1384 = CARTESIAN_POINT ( 'NONE',  ( -0.03443788894025132108, 0.03443788894025100189, 0.6406250000000003331 ) ) ;
#1385 = CARTESIAN_POINT ( 'NONE',  ( -0.06135139816874700391, -0.006311632966585289418, 0.4999999999999999445 ) ) ;
#1386 = CARTESIAN_POINT ( 'NONE',  ( 0.03931807283660605085, 0.05826266296713739773, 0.8720091836016371500 ) ) ;
#1387 = CARTESIAN_POINT ( 'NONE',  ( 0.02928135976391382442, 0.07069145586676624238, -0.2197265624999993061 ) ) ;
#1388 = CARTESIAN_POINT ( 'NONE',  ( 0.02017324828170093814, -0.04870252959880239790, -0.2128906250000001943 ) ) ;
#1389 = CARTESIAN_POINT ( 'NONE',  ( -0.1249999999999999029, -0.03869027165569492027, 0.8686759751101635896 ) ) ;
#1390 = CARTESIAN_POINT ( 'NONE',  ( -8.450062914116724582E-18, -0.06900000000000011680, -0.07812499999999945877 ) ) ;
#1391 = ORIENTED_EDGE ( 'NONE', *, *, #1816, .F. ) ;
#1392 = FACE_OUTER_BOUND ( 'NONE', #4018, .T. ) ;
#1393 = CARTESIAN_POINT ( 'NONE',  ( -0.04879036790187187000, -0.04879036790187219613, 0.6640625000000003331 ) ) ;
#1394 = ADVANCED_FACE ( 'NONE', ( #2736 ), #3155, .F. ) ;
#1395 = CARTESIAN_POINT ( 'NONE',  ( -0.04998640781534011146, -0.04998640781534032657, -0.1728515625000003053 ) ) ;
#1396 = CARTESIAN_POINT ( 'NONE',  ( -0.04870252959880183585, -0.02017324828170113243, 0.8652343750000002220 ) ) ;
#1397 = CARTESIAN_POINT ( 'NONE',  ( 1.192867939671037905E-17, 0.04870252959880150972, 0.7031250000000003331 ) ) ;
#1398 = CARTESIAN_POINT ( 'NONE',  ( -0.03443788894025155700, -0.03443788894025177211, -0.09375000000000012490 ) ) ;
#1399 = EDGE_CURVE ( 'NONE', #142, #29, #4004, .T. ) ;
#1400 = CARTESIAN_POINT ( 'NONE',  ( 0.03443788894025132802, 0.03443788894025099495, 0.5703125000000003331 ) ) ;
#1401 = DIRECTION ( 'NONE',  ( -0.000000000000000000, 1.081356497492104437E-16, -1.000000000000000000 ) ) ;
#1402 = DIRECTION ( 'NONE',  ( -0.000000000000000000, -0.000000000000000000, -1.000000000000000000 ) ) ;
#1403 = VERTEX_POINT ( 'NONE', #2705 ) ;
#1404 = CARTESIAN_POINT ( 'NONE',  ( 0.03443788894025132108, -0.03443788894025164721, 0.7226562500000002220 ) ) ;
#1405 = PRODUCT_DEFINITION_CONTEXT ( 'detailed design', #2566, 'design' ) ;
#1406 = CARTESIAN_POINT ( 'NONE',  ( -8.657206515430192834E-18, -0.07069145586676678361, 0.6376953125000004441 ) ) ;
#1407 = CARTESIAN_POINT ( 'NONE',  ( -0.04870252959880216198, 0.02017324828170072998, -0.2597656250000001665 ) ) ;
#1408 = CARTESIAN_POINT ( 'NONE',  ( -0.07099999999999991041, -4.821963944705140828E-18, 0.8750000000000001110 ) ) ;
#1409 = DIRECTION ( 'NONE',  ( 0.000000000000000000, 1.000000000000000000, 0.000000000000000000 ) ) ;
#1410 = CARTESIAN_POINT ( 'NONE',  ( 0.07069145586676645054, -0.02928135976391413320, 0.7080078125000001110 ) ) ;
#1411 = ORIENTED_EDGE ( 'NONE', *, *, #2215, .F. ) ;
#1412 = CARTESIAN_POINT ( 'NONE',  ( -5.964339698355189526E-18, -0.04870252959880215504, 0.7148437500000004441 ) ) ;
#1413 = CARTESIAN_POINT ( 'NONE',  ( 1.192867939671037905E-17, 0.04870252959880150972, 0.5429687500000003331 ) ) ;
#1414 = CARTESIAN_POINT ( 'NONE',  ( 1.192867939671037905E-17, 0.04870252959880150972, 0.6054687500000003331 ) ) ;
#1415 = CARTESIAN_POINT ( 'NONE',  ( 1.690012582823350771E-17, 0.06899999999999979761, 0.7460937500000005551 ) ) ;
#1416 = CARTESIAN_POINT ( 'NONE',  ( -0.04870252959880183585, 0.02017324828170049406, 0.8339843750000003331 ) ) ;
#1417 = VERTEX_POINT ( 'NONE', #1783 ) ;
#1418 = CARTESIAN_POINT ( 'NONE',  ( -0.03443788894025155700, -0.03443788894025177211, -0.2187500000000001665 ) ) ;
#1419 = CARTESIAN_POINT ( 'NONE',  ( -0.02928135976391377585, -0.07069145586676667259, -0.1396484375000003053 ) ) ;
#1420 = EDGE_CURVE ( 'NONE', #1772, #4372, #5447, .T. ) ;
#1421 = CARTESIAN_POINT ( 'NONE',  ( -0.04870252959880183585, 0.02017324828170049406, 0.8300781250000005551 ) ) ;
#1422 = CARTESIAN_POINT ( 'NONE',  ( 1.192867939671037905E-17, 0.04870252959880150972, 0.7343750000000002220 ) ) ;
#1423 = CARTESIAN_POINT ( 'NONE',  ( 0.04870252959880215504, -0.02017324828170119141, -0.1464843750000001388 ) ) ;
#1424 = CARTESIAN_POINT ( 'NONE',  ( 0.03443788894025156394, 0.03443788894025133496, -0.1445312500000001943 ) ) ;
#1425 = CARTESIAN_POINT ( 'NONE',  ( 0.02858073580374393546, 0.06899999999999952005, 0.6542968750000000000 ) ) ;
#1426 = CARTESIAN_POINT ( 'NONE',  ( 0.04870252959880215504, -0.02017324828170119835, -0.2441406250000001943 ) ) ;
#1427 = CARTESIAN_POINT ( 'NONE',  ( -8.450062914116753856E-18, -0.06900000000000044986, 0.7929687500000005551 ) ) ;
#1428 = ORIENTED_EDGE ( 'NONE', *, *, #663, .F. ) ;
#1429 = CARTESIAN_POINT ( 'NONE',  ( -0.02017324828170082018, -0.04870252959880215504, 0.7480468750000002220 ) ) ;
#1430 = CARTESIAN_POINT ( 'NONE',  ( 0.02928135976391375503, -0.07069145586676681137, 0.7021484375000004441 ) ) ;
#1431 = CARTESIAN_POINT ( 'NONE',  ( 0.1249999999999999584, 0.04834854749287973569, 0.8663377933282538912 ) ) ;
#1432 = CARTESIAN_POINT ( 'NONE',  ( 0.04879036790190241502, 0.04879036790190218603, -0.1562500000000253131 ) ) ;
#1433 = CARTESIAN_POINT ( 'NONE',  ( 0.07069145586676647830, 0.02928135976391346360, 0.6806640625000003331 ) ) ;
#1434 =( BOUNDED_CURVE ( )  B_SPLINE_CURVE ( 2, ( #5052, #1481, #2416, #2383, #1108, #4559, #2805, #1506, #629 ),
 .UNSPECIFIED., .F., .T. ) 
 B_SPLINE_CURVE_WITH_KNOTS ( ( 3, 2, 2, 2, 3 ),
 ( 0.7499999999999998890, 0.7656249999999998890, 0.7812500000000000000, 0.7968750000000000000, 0.8125000000000000000 ),
 .UNSPECIFIED. ) 
 CURVE ( )  GEOMETRIC_REPRESENTATION_ITEM ( )  RATIONAL_B_SPLINE_CURVE ( ( 1.000000000000000444, 0.9238795325112861834, 1.000000000000000000, 0.9238795325112867385, 1.000000000000000000, 0.9238795325112867385, 1.000000000000000000, 0.9238795325112867385, 1.000000000000000000 ) ) 
 REPRESENTATION_ITEM ( '' )  );
#1435 = ORIENTED_EDGE ( 'NONE', *, *, #5133, .F. ) ;
#1436 = CARTESIAN_POINT ( 'NONE',  ( -0.02017324828170082018, -0.04870252959880215504, 0.5253906250000005551 ) ) ;
#1437 = CARTESIAN_POINT ( 'NONE',  ( -0.02017324828170082018, -0.04870252959880215504, 0.6191406250000002220 ) ) ;
#1438 = CARTESIAN_POINT ( 'NONE',  ( 0.1249999999999999445, 0.03884844060543737876, 0.006818381201497102084 ) ) ;
#1439 = CARTESIAN_POINT ( 'NONE',  ( -0.02017324828170082018, -0.04870252959880215504, 0.6855468750000004441 ) ) ;
#1440 = ORIENTED_EDGE ( 'NONE', *, *, #2913, .T. ) ;
#1441 = CARTESIAN_POINT ( 'NONE',  ( 0.000000000000000000, 0.04870252959880194688, -0.2617187500000001665 ) ) ;
#1442 = EDGE_CURVE ( 'NONE', #1669, #5625, #596, .T. ) ;
#1443 = CARTESIAN_POINT ( 'NONE',  ( -0.04378091568385850813, 0.05338378544567157907, -0.2424816809393467443 ) ) ;
#1444 = CARTESIAN_POINT ( 'NONE',  ( -0.03443788894025155700, 0.03443788894025134190, -0.2304687500000001943 ) ) ;
#1445 = VECTOR ( 'NONE', #5165, 39.37007874015748143 ) ;
#1446 = CARTESIAN_POINT ( 'NONE',  ( -0.02017324828170082018, -0.04870252959880215504, 0.8378906250000003331 ) ) ;
#1447 = CARTESIAN_POINT ( 'NONE',  ( 0.03443788894025132802, 0.03443788894025099495, 0.6367187500000003331 ) ) ;
#1448 = CARTESIAN_POINT ( 'NONE',  ( 0.04870252959880216892, -2.254246698451152175E-16, -0.1757812500000001388 ) ) ;
#1449 = CONICAL_SURFACE ( 'NONE', #5412, 0.07099999999999991041, 0.7853981633974500554 ) ;
#1450 = CARTESIAN_POINT ( 'NONE',  ( 0.02017324828170097978, 0.04870252959880194688, -0.1074218750000001665 ) ) ;
#1451 = CARTESIAN_POINT ( 'NONE',  ( -0.04870252959880183585, -0.02017324828170113243, 0.8964843750000003331 ) ) ;
#1452 = CARTESIAN_POINT ( 'NONE',  ( -0.02858073580374280442, 0.06900000000000063027, 0.7832031250000002220 ) ) ;
#1453 = CARTESIAN_POINT ( 'NONE',  ( 0.000000000000000000, 0.06899999999999968658, -0.09374999999999944489 ) ) ;
#1454 = VERTEX_POINT ( 'NONE', #4209 ) ;
#1455 = CARTESIAN_POINT ( 'NONE',  ( 0.1194435245687484604, 0.07405078785165539190, 0.01253840202791907041 ) ) ;
#1456 = CARTESIAN_POINT ( 'NONE',  ( 0.04870252959880183585, -3.297963650534137407E-16, 0.7890625000000002220 ) ) ;
#1457 = AXIS2_PLACEMENT_3D ( 'NONE', #3989, #1401, #4016 ) ;
#1458 = CARTESIAN_POINT ( 'NONE',  ( 0.04870252959880182891, 0.02017324828170050446, 0.9160156250000003331 ) ) ;
#1459 = CARTESIAN_POINT ( 'NONE',  ( -0.06900000000004383183, -2.103396182168551382E-16, -0.1445312500000256184 ) ) ;
#1460 = AXIS2_PLACEMENT_3D ( 'NONE', #1310, #3082, #4106 ) ;
#1461 = CARTESIAN_POINT ( 'NONE',  ( 0.000000000000000000, 0.06899999999999967271, -0.1874999999999994449 ) ) ;
#1462 = CARTESIAN_POINT ( 'NONE',  ( -0.05171197392743041854, -0.01418869405386913307, -0.2500000000000001110 ) ) ;
#1463 = CARTESIAN_POINT ( 'NONE',  ( -0.07069145586676647830, -0.02928135976391408810, 0.6650390625000001110 ) ) ;
#1464 = B_SPLINE_CURVE_WITH_KNOTS ( 'NONE', 3,
 ( #2693, #3595, #2728, #4917, #967, #4459, #1462, #1377, #3971, #4860 ),
 .UNSPECIFIED., .F., .F.,
 ( 4, 2, 2, 2, 4 ),
 ( 0.0009057991425576658595, 0.001412644610047499721, 0.001919490077537333583, 0.002426335545027167445, 0.002933181012517001307 ),
 .UNSPECIFIED. ) ;
#1465 = ORIENTED_EDGE ( 'NONE', *, *, #1420, .T. ) ;
#1466 = CARTESIAN_POINT ( 'NONE',  ( -0.02017324828170080978, 0.04870252959880150972, 0.7324218750000003331 ) ) ;
#1467 = CARTESIAN_POINT ( 'NONE',  ( 0.02017324828170079937, -0.04870252959880216198, 0.5605468750000004441 ) ) ;
#1468 = EDGE_CURVE ( 'NONE', #298, #28, #3251, .T. ) ;
#1469 =( BOUNDED_CURVE ( )  B_SPLINE_CURVE ( 2, ( #1033, #3185, #4925, #4497, #2899, #4634, #1104, #624, #2411 ),
 .UNSPECIFIED., .F., .T. ) 
 B_SPLINE_CURVE_WITH_KNOTS ( ( 3, 2, 2, 2, 3 ),
 ( 0.004120776576577690579, 0.005494140888563151665, 0.006867505200548611882, 0.008240869512534072100, 0.009614233824519534052 ),
 .UNSPECIFIED. ) 
 CURVE ( )  GEOMETRIC_REPRESENTATION_ITEM ( )  RATIONAL_B_SPLINE_CURVE ( ( 0.9999999999999701350, 0.9238795325113166035, 1.000000000000000000, 0.9238795325112867385, 1.000000000000000000, 0.9238795325112867385, 1.000000000000000000, 0.9238795325128410507, 0.9999999999984456878 ) ) 
 REPRESENTATION_ITEM ( '' )  );
#1470 = CARTESIAN_POINT ( 'NONE',  ( 0.04870252959880182891, -0.02017324828170116019, 0.6582031250000003331 ) ) ;
#1471 = CARTESIAN_POINT ( 'NONE',  ( 0.000000000000000000, -1.711591184772687368E-16, 0.8750000000000001110 ) ) ;
#1472 = CYLINDRICAL_SURFACE ( 'NONE', #354, 0.06899999999999970046 ) ;
#1473 = CARTESIAN_POINT ( 'NONE',  ( -0.02017324828170082018, -0.04870252959880215504, 0.7792968750000002220 ) ) ;
#1474 = ORIENTED_EDGE ( 'NONE', *, *, #3594, .F. ) ;
#1475 = CARTESIAN_POINT ( 'NONE',  ( -0.06900000000000011680, -3.166248240488225568E-16, 0.6601562500000005551 ) ) ;
#1476 = CARTESIAN_POINT ( 'NONE',  ( 0.04998640781534011146, -0.04998640781534033350, -0.07128906250000033307 ) ) ;
#1477 = CARTESIAN_POINT ( 'NONE',  ( -5.964339698355189526E-18, -0.04870252959880215504, 0.7148437500000004441 ) ) ;
#1478 = ORIENTED_EDGE ( 'NONE', *, *, #2047, .T. ) ;
#1479 = CARTESIAN_POINT ( 'NONE',  ( 0.03443788894025132108, -0.03443788894025164721, 0.5976562500000002220 ) ) ;
#1480 = DIRECTION ( 'NONE',  ( 1.000000000000000000, 0.000000000000000000, 0.000000000000000000 ) ) ;
#1481 = CARTESIAN_POINT ( 'NONE',  ( -0.02858073580374336994, 0.06899999999999985312, -0.06054687499999946571 ) ) ;
#1482 = CARTESIAN_POINT ( 'NONE',  ( -0.06900000000000011680, -0.02858073580374393199, 0.7910156250000001110 ) ) ;
#1483 = CARTESIAN_POINT ( 'NONE',  ( -0.02017324828170095202, 0.04870252959880194688, -0.2324218750000001943 ) ) ;
#1484 = DIRECTION ( 'NONE',  ( -0.000000000000000000, 1.081356497492104437E-16, -1.000000000000000000 ) ) ;
#1485 = ORIENTED_EDGE ( 'NONE', *, *, #1194, .F. ) ;
#1486 = CARTESIAN_POINT ( 'NONE',  ( -5.964339698355189526E-18, -0.04870252959880215504, 0.6875000000000002220 ) ) ;
#1487 = VERTEX_POINT ( 'NONE', #3699 ) ;
#1488 = CARTESIAN_POINT ( 'NONE',  ( -0.07069145586676647830, 0.02928135976391345319, 0.5341796875000004441 ) ) ;
#1489 = CARTESIAN_POINT ( 'NONE',  ( 0.000000000000000000, 0.06899999999999964495, -0.08984375000000024980 ) ) ;
#1490 = CARTESIAN_POINT ( 'NONE',  ( 0.06899999999999989475, -2.284356881848820445E-16, -0.1640624999999994449 ) ) ;
#1491 = CARTESIAN_POINT ( 'NONE',  ( 1.731441303086038567E-17, 0.07069145586676614523, 0.5927734375000001110 ) ) ;
#1492 = EDGE_CURVE ( 'NONE', #2378, #298, #316, .T. ) ;
#1493 = CARTESIAN_POINT ( 'NONE',  ( 0.03443788894025132802, 0.03443788894025099495, 0.5078125000000003331 ) ) ;
#1494 = ORIENTED_EDGE ( 'NONE', *, *, #1294, .F. ) ;
#1495 = CARTESIAN_POINT ( 'NONE',  ( -0.03443788894025132108, 0.03443788894025100189, 0.6406250000000003331 ) ) ;
#1496 = CARTESIAN_POINT ( 'NONE',  ( 1.690012582823350771E-17, 0.06899999999999979761, 0.8710937500000005551 ) ) ;
#1497 = CARTESIAN_POINT ( 'NONE',  ( 0.03443788894025132802, 0.03443788894025099495, 0.6640625000000003331 ) ) ;
#1498 = CARTESIAN_POINT ( 'NONE',  ( -0.02858073580369292072, 0.06900000000005000744, -0.08789062500000502376 ) ) ;
#1499 = CARTESIAN_POINT ( 'NONE',  ( 1.690012582823350463E-17, 0.06899999999999979761, 0.5937500000000000000 ) ) ;
#1500 = CARTESIAN_POINT ( 'NONE',  ( -0.03443788894025132802, -0.03443788894025164027, 0.7148437500000003331 ) ) ;
#1501 = CARTESIAN_POINT ( 'NONE',  ( -0.02928135976391377585, -0.07069145586676667259, -0.07714843750000029143 ) ) ;
#1502 = ORIENTED_EDGE ( 'NONE', *, *, #5455, .F. ) ;
#1503 = CARTESIAN_POINT ( 'NONE',  ( 0.02017324828170079937, -0.04870252959880216198, 0.6855468750000005551 ) ) ;
#1504 = CARTESIAN_POINT ( 'NONE',  ( -0.04870252959880183585, -0.02017324828170113243, 0.5878906250000003331 ) ) ;
#1505 = CARTESIAN_POINT ( 'NONE',  ( 0.04870252959880215504, -0.02017324828170118795, -0.05273437500000013878 ) ) ;
#1506 = CARTESIAN_POINT ( 'NONE',  ( -0.02858073580374352607, -0.06900000000000011680, -0.04882812499999943795 ) ) ;
#1507 = CARTESIAN_POINT ( 'NONE',  ( -0.02017324828170095549, -0.04870252959880237709, -0.09570312500000018041 ) ) ;
#1508 = CARTESIAN_POINT ( 'NONE',  ( 0.02928135976391375850, -0.07069145586676671422, -0.1689453124999993339 ) ) ;
#1509 = CARTESIAN_POINT ( 'NONE',  ( -0.06900000000000011680, -3.166248240488225568E-16, 0.5703125000000001110 ) ) ;
#1510 = CARTESIAN_POINT ( 'NONE',  ( 0.04870252959880182891, 0.02017324828170050446, 0.5722656250000003331 ) ) ;
#1511 = ORIENTED_EDGE ( 'NONE', *, *, #5385, .F. ) ;
#1512 = CARTESIAN_POINT ( 'NONE',  ( -0.02928135976391377585, -0.07069145586676678361, 0.5419921875000004441 ) ) ;
#1513 = CARTESIAN_POINT ( 'NONE',  ( 0.000000000000000000, 0.06899999999999965883, -0.1523437500000002498 ) ) ;
#1514 = CARTESIAN_POINT ( 'NONE',  ( 0.000000000000000000, -1.493979371535143794E-17, -0.2500000000000000000 ) ) ;
#1515 = CARTESIAN_POINT ( 'NONE',  ( -0.02858073580403347816, -0.06899999999971200004, -0.1074218750000289491 ) ) ;
#1516 = CARTESIAN_POINT ( 'NONE',  ( 0.02928135976391375850, -0.07069145586676682524, 0.5791015625000001110 ) ) ;
#1517 = ADVANCED_FACE ( 'NONE', ( #1134 ), #3726, .T. ) ;
#1518 = CARTESIAN_POINT ( 'NONE',  ( 1.192867939671037905E-17, 0.04870252959880150972, 0.4804687500000003886 ) ) ;
#1519 = ORIENTED_EDGE ( 'NONE', *, *, #4316, .F. ) ;
#1520 = ADVANCED_FACE ( 'NONE', ( #1563 ), #5491, .T. ) ;
#1521 = CARTESIAN_POINT ( 'NONE',  ( -0.02017324828170080978, 0.04870252959880150972, 0.6074218750000004441 ) ) ;
#1522 = CARTESIAN_POINT ( 'NONE',  ( -0.1249999999999999029, -0.05773502691896542638, 0.01093458898514461548 ) ) ;
#1523 = CARTESIAN_POINT ( 'NONE',  ( 0.02017324828170084447, 0.04870252959880150279, 0.5722656250000004441 ) ) ;
#1524 = CARTESIAN_POINT ( 'NONE',  ( 0.1124999999999999473, 0.07938566201357319385, 0.01093458898514393721 ) ) ;
#1525 = CARTESIAN_POINT ( 'NONE',  ( 0.000000000000000000, -1.493979371535143794E-17, -0.2500000000000000000 ) ) ;
#1526 = CARTESIAN_POINT ( 'NONE',  ( 0.04870252959880183585, -3.297963650534137407E-16, 0.7265625000000003331 ) ) ;
#1527 = CARTESIAN_POINT ( 'NONE',  ( 0.04870252959880215504, -0.02017324828170119141, -0.1191406250000001665 ) ) ;
#1528 = CARTESIAN_POINT ( 'NONE',  ( 0.02017324828170093814, -0.04870252959880239790, -0.2480468750000001665 ) ) ;
#1529 = CARTESIAN_POINT ( 'NONE',  ( 0.04870252959880182891, -0.02017324828170116019, 0.6582031250000003331 ) ) ;
#1530 = CARTESIAN_POINT ( 'NONE',  ( -0.03443788894025132802, -0.03443788894025164027, 0.5898437500000003331 ) ) ;
#1531 = CARTESIAN_POINT ( 'NONE',  ( -0.02017324828170095202, 0.04870252959880196075, -0.04101562500000012490 ) ) ;
#1532 = CARTESIAN_POINT ( 'NONE',  ( 0.02017324828170084447, 0.04870252959880150279, 0.8847656250000006661 ) ) ;
#1533 = CARTESIAN_POINT ( 'NONE',  ( -0.03443788894025155700, -0.03443788894025177211, -0.1914062500000001943 ) ) ;
#1534 = CARTESIAN_POINT ( 'NONE',  ( 0.07069145586676646442, -2.286866063798626216E-16, -0.1630859374999993339 ) ) ;
#1535 = FACE_OUTER_BOUND ( 'NONE', #4730, .T. ) ;
#1536 = EDGE_LOOP ( 'NONE', ( #5209, #3764, #4021, #2197 ) ) ;
#1537 = CARTESIAN_POINT ( 'NONE',  ( 0.02017324828170079937, -0.04870252959880216198, 0.6269531250000002220 ) ) ;
#1538 = CARTESIAN_POINT ( 'NONE',  ( 0.07069145586676645054, -0.02928135976391403605, -0.2275390624999993616 ) ) ;
#1539 = CARTESIAN_POINT ( 'NONE',  ( -0.07069145586676647830, 0.02928135976391345319, 0.5029296875000004441 ) ) ;
#1540 = AXIS2_PLACEMENT_3D ( 'NONE', #1514, #3288, #302 ) ;
#1541 = DIRECTION ( 'NONE',  ( -0.000000000000000000, 1.081356497492104437E-16, -1.000000000000000000 ) ) ;
#1542 = FACE_OUTER_BOUND ( 'NONE', #1888, .T. ) ;
#1543 = CARTESIAN_POINT ( 'NONE',  ( 0.1249999999999999445, 6.649295001418088219E-15, 0.003608439182351173401 ) ) ;
#1544 = AXIS2_PLACEMENT_3D ( 'NONE', #3510, #5270, #4023 ) ;
#1545 = CARTESIAN_POINT ( 'NONE',  ( -0.04998640781534011840, -0.04998640781534043759, 0.5732421875000002220 ) ) ;
#1546 = CARTESIAN_POINT ( 'NONE',  ( 1.192867939671037905E-17, 0.04870252959880150972, 0.5117187500000004441 ) ) ;
#1547 = ORIENTED_EDGE ( 'NONE', *, *, #3392, .F. ) ;
#1548 = AXIS2_PLACEMENT_3D ( 'NONE', #2511, #329, #1205 ) ;
#1549 = EDGE_CURVE ( 'NONE', #2110, #4976, #5051, .T. ) ;
#1550 = CARTESIAN_POINT ( 'NONE',  ( -5.964339698355189526E-18, -0.04870252959880215504, 0.6523437500000003331 ) ) ;
#1551 = CARTESIAN_POINT ( 'NONE',  ( -0.1194697150057829893, -0.07401952568502591367, 0.8624582518255142771 ) ) ;
#1552 = CARTESIAN_POINT ( 'NONE',  ( 0.04870252959880183585, -3.297963650534137407E-16, 0.5039062500000003331 ) ) ;
#1553 = DIRECTION ( 'NONE',  ( 0.000000000000000000, 1.000000000000000000, 0.000000000000000000 ) ) ;
#1554 = DIRECTION ( 'NONE',  ( 1.000000000000000000, 0.000000000000000000, 0.000000000000000000 ) ) ;
#1555 = AXIS2_PLACEMENT_3D ( 'NONE', #1327, #1299, #2708 ) ;
#1556 = CARTESIAN_POINT ( 'NONE',  ( -0.03443788894025132802, -0.03443788894025164027, 0.7773437500000002220 ) ) ;
#1557 = CARTESIAN_POINT ( 'NONE',  ( 0.04870252959880215504, -0.02017324828170119141, -0.1464843750000001388 ) ) ;
#1558 = CARTESIAN_POINT ( 'NONE',  ( -0.04870252959880216892, -2.089514027171938606E-16, -0.1015625000000001943 ) ) ;
#1559 = CARTESIAN_POINT ( 'NONE',  ( 0.04998640781534011840, 0.04998640781533989635, -0.06347656250000030531 ) ) ;
#1560 = ORIENTED_EDGE ( 'NONE', *, *, #227, .T. ) ;
#1561 = CARTESIAN_POINT ( 'NONE',  ( 1.192867939671037905E-17, 0.04870252959880150972, 0.7304687500000003331 ) ) ;
#1562 = CARTESIAN_POINT ( 'NONE',  ( -0.03443788894025132802, -0.03443788894025164027, 0.5585937500000003331 ) ) ;
#1563 = FACE_OUTER_BOUND ( 'NONE', #3158, .T. ) ;
#1564 = CARTESIAN_POINT ( 'NONE',  ( -0.04870252959880216198, -0.02017324828170115672, -0.06445312500000013878 ) ) ;
#1565 = CARTESIAN_POINT ( 'NONE',  ( -0.04870252959880183585, -3.178676856567033324E-16, 0.8945312500000003331 ) ) ;
#1566 = CARTESIAN_POINT ( 'NONE',  ( 0.04870252959880216892, -2.256638586730736846E-16, -0.1796875000000001943 ) ) ;
#1567 = CARTESIAN_POINT ( 'NONE',  ( -0.04998640781534011840, -0.04998640781534032657, -0.1123046874999993339 ) ) ;
#1568 = LINE ( 'NONE', #4653, #5521 ) ;
#1569 = CARTESIAN_POINT ( 'NONE',  ( -5.964339698355189526E-18, -0.04870252959880215504, 0.5937500000000003331 ) ) ;
#1570 = CARTESIAN_POINT ( 'NONE',  ( 0.03443788894025132802, 0.03443788894025099495, 0.9179687500000003331 ) ) ;
#1571 = CARTESIAN_POINT ( 'NONE',  ( 0.02858073580374338729, -0.06900000000000026945, -0.2324218749999994726 ) ) ;
#1572 = DIRECTION ( 'NONE',  ( 0.000000000000000000, 1.000000000000000000, 0.000000000000000000 ) ) ;
#1573 = CARTESIAN_POINT ( 'NONE',  ( -8.657206515430192834E-18, -0.07069145586676679749, 0.6396484375000002220 ) ) ;
#1574 = CARTESIAN_POINT ( 'NONE',  ( -0.02017324828170082018, -0.04870252959880215504, 0.4941406250000003886 ) ) ;
#1575 = ORIENTED_EDGE ( 'NONE', *, *, #1852, .F. ) ;
#1576 = CARTESIAN_POINT ( 'NONE',  ( 0.1249999999999999445, 3.599008215475012207E-15, 0.8713915608176138194 ) ) ;
#1577 = CARTESIAN_POINT ( 'NONE',  ( 0.04870252959880182891, 0.02017324828170050446, 0.5371093750000003331 ) ) ;
#1578 = CARTESIAN_POINT ( 'NONE',  ( 1.690012582823350771E-17, 0.06899999999999979761, 0.6210937500000005551 ) ) ;
#1579 = CARTESIAN_POINT ( 'NONE',  ( 0.02017324828170084447, 0.04870252959880150279, 0.6699218750000002220 ) ) ;
#1580 = CARTESIAN_POINT ( 'NONE',  ( 0.04870252959880215504, 0.02017324828170074386, -0.1738281250000001943 ) ) ;
#1581 = CARTESIAN_POINT ( 'NONE',  ( -0.03443788894025155700, 0.03443788894025134883, -0.1054687500000002082 ) ) ;
#1582 = CARTESIAN_POINT ( 'NONE',  ( 1.192867939671037905E-17, 0.04870252959880150972, 0.5429687500000003331 ) ) ;
#1583 = CARTESIAN_POINT ( 'NONE',  ( 0.04870252959880215504, -0.02017324828170119141, -0.1191406250000001665 ) ) ;
#1584 = CARTESIAN_POINT ( 'NONE',  ( -0.06899999999999989475, -2.144058282921501634E-16, -0.2109374999999994449 ) ) ;
#1585 = DIRECTION ( 'NONE',  ( 1.000000000000000000, 0.000000000000000000, 0.000000000000000000 ) ) ;
#1586 = CARTESIAN_POINT ( 'NONE',  ( 0.000000000000000000, 0.04870252959880194688, -0.1992187500000001110 ) ) ;
#1587 = CARTESIAN_POINT ( 'NONE',  ( 0.04870252959880183585, -3.297963650534137407E-16, 0.5078125000000003331 ) ) ;
#1588 = FACE_OUTER_BOUND ( 'NONE', #2102, .T. ) ;
#1589 = CARTESIAN_POINT ( 'NONE',  ( -5.964339698355189526E-18, -0.04870252959880215504, 0.5898437500000004441 ) ) ;
#1590 = CARTESIAN_POINT ( 'NONE',  ( 0.06900000000000011680, 0.02858073580374330749, 0.8378906250000002220 ) ) ;
#1591 = CARTESIAN_POINT ( 'NONE',  ( 0.04870252959880182891, -0.02017324828170116019, 0.7832031250000003331 ) ) ;
#1592 = CARTESIAN_POINT ( 'NONE',  ( -0.04870252959880216892, -2.146919345881970953E-16, -0.1953125000000001665 ) ) ;
#1593 = DIRECTION ( 'NONE',  ( -0.000000000000000000, 1.081356497492104437E-16, -1.000000000000000000 ) ) ;
#1594 = CARTESIAN_POINT ( 'NONE',  ( -0.04870252959880183585, -3.178676856567033324E-16, 0.6796875000000003331 ) ) ;
#1595 = CARTESIAN_POINT ( 'NONE',  ( -0.04870252959880183585, -3.178676856567033324E-16, 0.8046875000000003331 ) ) ;
#1596 = FACE_OUTER_BOUND ( 'NONE', #1694, .T. ) ;
#1597 = CARTESIAN_POINT ( 'NONE',  ( 0.04860642628167324841, 0.003058057135905751806, -0.02313757227459369362 ) ) ;
#1598 = CARTESIAN_POINT ( 'NONE',  ( 0.06899999999999989475, -2.322627094322175179E-16, -0.2265624999999994449 ) ) ;
#1599 = CYLINDRICAL_SURFACE ( 'NONE', #3039, 0.06899999999999993638 ) ;
#1600 = CARTESIAN_POINT ( 'NONE',  ( -0.04998640781534011146, 0.04998640781533979921, 0.5654296875000002220 ) ) ;
#1601 = CARTESIAN_POINT ( 'NONE',  ( 0.04998640781534011146, -0.04998640781534044453, 0.9228515625000004441 ) ) ;
#1602 = ORIENTED_EDGE ( 'NONE', *, *, #678, .T. ) ;
#1603 = CARTESIAN_POINT ( 'NONE',  ( -0.02017324828170082018, -0.04870252959880215504, 0.6191406250000003331 ) ) ;
#1604 = DIRECTION ( 'NONE',  ( -0.000000000000000000, 1.081356497492104437E-16, -1.000000000000000000 ) ) ;
#1605 = CARTESIAN_POINT ( 'NONE',  ( 0.04870252959880183585, -3.297963650534137407E-16, 0.5351562500000003331 ) ) ;
#1606 = CARTESIAN_POINT ( 'NONE',  ( 0.02017324828170080284, -0.04870252959880216892, 0.6582031250000002220 ) ) ;
#1607 = CARTESIAN_POINT ( 'NONE',  ( 0.02017324828170093814, -0.04870252959880239096, -0.1816406250000001665 ) ) ;
#1608 = CARTESIAN_POINT ( 'NONE',  ( 0.03443788894025156394, 0.03443788894025133496, -0.1757812500000001665 ) ) ;
#1609 =( BOUNDED_CURVE ( )  B_SPLINE_CURVE ( 2, ( #4825, #2686, #4850, #2236, #986, #2775, #435, #893, #4908 ),
 .UNSPECIFIED., .F., .T. ) 
 B_SPLINE_CURVE_WITH_KNOTS ( ( 3, 2, 2, 2, 3 ),
 ( 0.07142857142857136910, 0.08035714285714290472, 0.08928571428571434321, 0.09821428571428578169, 0.1071428571428572063 ),
 .UNSPECIFIED. ) 
 CURVE ( )  GEOMETRIC_REPRESENTATION_ITEM ( )  RATIONAL_B_SPLINE_CURVE ( ( 1.000000000000000222, 0.9238795325112865164, 1.000000000000000000, 0.9238795325112867385, 1.000000000000000000, 0.9238795325112867385, 1.000000000000000000, 0.9238795325112857393, 1.000000000000000888 ) ) 
 REPRESENTATION_ITEM ( '' )  );
#1610 = CARTESIAN_POINT ( 'NONE',  ( -0.06899999999999989475, 0.02858073580374330402, -0.1503906249999994449 ) ) ;
#1611 = CARTESIAN_POINT ( 'NONE',  ( -8.450062914116753856E-18, -0.06900000000000044986, 0.5429687500000005551 ) ) ;
#1612 = CARTESIAN_POINT ( 'NONE',  ( 0.02858073580374351913, 0.06899999999999992251, 0.7441406250000004441 ) ) ;
#1613 = EDGE_CURVE ( 'NONE', #3782, #816, #4989, .T. ) ;
#1614 = CARTESIAN_POINT ( 'NONE',  ( 0.04879036790187187694, 0.04879036790187153000, 0.8398437500000001110 ) ) ;
#1615 = CARTESIAN_POINT ( 'NONE',  ( 0.02017324828170079937, -0.04870252959880216198, 0.8105468750000002220 ) ) ;
#1616 = CARTESIAN_POINT ( 'NONE',  ( 0.0007351083172312881638, 0.06683284674801835690, -0.2446892800459820883 ) ) ;
#1617 = CARTESIAN_POINT ( 'NONE',  ( -0.07069145586676647830, 0.02928135976391355033, -0.2724609375000003331 ) ) ;
#1618 = CARTESIAN_POINT ( 'NONE',  ( 0.04870252959880183585, -3.297963650534137407E-16, 0.5390625000000002220 ) ) ;
#1619 = CARTESIAN_POINT ( 'NONE',  ( -0.03443788894025132108, 0.03443788894025100189, 0.8007812500000002220 ) ) ;
#1620 = DIRECTION ( 'NONE',  ( -0.000000000000000000, 1.081356497492104437E-16, -1.000000000000000000 ) ) ;
#1621 = CARTESIAN_POINT ( 'NONE',  ( -0.03443788894025155700, 0.03443788894025134883, -0.04296875000000018735 ) ) ;
#1622 = CARTESIAN_POINT ( 'NONE',  ( -0.06900000000000011680, -0.02858073580374393199, 0.7597656250000001110 ) ) ;
#1623 = CARTESIAN_POINT ( 'NONE',  ( 0.06899999999999989475, 0.02858073580374331096, -0.1621093749999994726 ) ) ;
#1624 = CARTESIAN_POINT ( 'NONE',  ( 0.02928135976391382442, 0.07069145586676613136, 0.4970703125000001665 ) ) ;
#1625 = CARTESIAN_POINT ( 'NONE',  ( -0.02928135976391377585, 0.07069145586676614523, 0.7490234375000006661 ) ) ;
#1626 = ORIENTED_EDGE ( 'NONE', *, *, #575, .T. ) ;
#1627 = AXIS2_PLACEMENT_3D ( 'NONE', #5583, #1620, #4656 ) ;
#1628 = CARTESIAN_POINT ( 'NONE',  ( 0.02858073580374305422, -0.06900000000000101885, 0.7988281249999998890 ) ) ;
#1629 = CARTESIAN_POINT ( 'NONE',  ( 0.02017324828170079937, -0.04870252959880216198, 0.5605468750000004441 ) ) ;
#1630 = CARTESIAN_POINT ( 'NONE',  ( -3.911225857110491064E-15, 0.05993379655413097473, -0.03648437499999970107 ) ) ;
#1631 = ORIENTED_EDGE ( 'NONE', *, *, #3490, .T. ) ;
#1632 = AXIS2_PLACEMENT_3D ( 'NONE', #5153, #3002, #1256 ) ;
#1633 = CARTESIAN_POINT ( 'NONE',  ( 0.02017324828170080284, -0.04870252959880216892, 0.6269531250000002220 ) ) ;
#1634 = CARTESIAN_POINT ( 'NONE',  ( 0.02017324828170093814, -0.04870252959880239096, -0.1191406250000001388 ) ) ;
#1635 = ADVANCED_FACE ( 'NONE', ( #1588 ), #1449, .F. ) ;
#1636 = VECTOR ( 'NONE', #3337, 39.37007874015748143 ) ;
#1637 = CARTESIAN_POINT ( 'NONE',  ( 0.04870252959880215504, -0.02017324828170119141, -0.1503906250000001943 ) ) ;
#1638 = LINE ( 'NONE', #3460, #1085 ) ;
#1639 = ORIENTED_EDGE ( 'NONE', *, *, #4980, .F. ) ;
#1640 = LINE ( 'NONE', #2052, #1828 ) ;
#1641 = CARTESIAN_POINT ( 'NONE',  ( 0.000000000000000000, -1.493979371535143794E-17, -0.2500000000000000000 ) ) ;
#1642 = CARTESIAN_POINT ( 'NONE',  ( 0.04787151952107431691, 0.01473906559828512715, -0.01807092327094497394 ) ) ;
#1643 = CARTESIAN_POINT ( 'NONE',  ( 0.04870252959880182891, 0.02017324828170050446, 0.7871093750000003331 ) ) ;
#1644 = CARTESIAN_POINT ( 'NONE',  ( 0.02017324828170098325, 0.04870252959880194688, -0.08007812500000019429 ) ) ;
#1645 =( BOUNDED_CURVE ( )  B_SPLINE_CURVE ( 2, ( #2525, #3410, #802, #1220, #4732, #774, #2551, #4298, #346 ),
 .UNSPECIFIED., .F., .T. ) 
 B_SPLINE_CURVE_WITH_KNOTS ( ( 3, 2, 2, 2, 3 ),
 ( 0.7857142857142858094, 0.7946428571428572063, 0.8035714285714287142, 0.8125000000000001110, 0.8214285714285715079 ),
 .UNSPECIFIED. ) 
 CURVE ( )  GEOMETRIC_REPRESENTATION_ITEM ( )  RATIONAL_B_SPLINE_CURVE ( ( 0.9999999999999990008, 0.9238795325112877377, 1.000000000000000000, 0.9238795325112867385, 1.000000000000000000, 0.9238795325112867385, 1.000000000000000000, 0.9238795325112857393, 1.000000000000000888 ) ) 
 REPRESENTATION_ITEM ( '' )  );
#1646 = CARTESIAN_POINT ( 'NONE',  ( 0.02928135976391382442, 0.07069145586676625626, -0.1259765624999993339 ) ) ;
#1647 = CARTESIAN_POINT ( 'NONE',  ( 0.04879036790187172429, 0.04879036790187148837, -0.1289062499999994449 ) ) ;
#1648 = CARTESIAN_POINT ( 'NONE',  ( 0.02017324828170084447, 0.04870252959880150279, 0.5136718750000003331 ) ) ;
#1649 = CARTESIAN_POINT ( 'NONE',  ( 0.04870252959880183585, -3.297963650534137407E-16, 0.8203125000000002220 ) ) ;
#1650 = CARTESIAN_POINT ( 'NONE',  ( 0.02017324828170093814, -0.04870252959880239096, -0.06054687500000018735 ) ) ;
#1651 = CARTESIAN_POINT ( 'NONE',  ( 1.192867939671037905E-17, 0.04870252959880150972, 0.5468750000000003331 ) ) ;
#1652 = CYLINDRICAL_SURFACE ( 'NONE', #5236, 0.06899999999999970046 ) ;
#1653 = CARTESIAN_POINT ( 'NONE',  ( -0.07069145586676647830, -0.02928135976391408810, 0.4775390625000002776 ) ) ;
#1654 = CARTESIAN_POINT ( 'NONE',  ( -0.02017324828170082018, -0.04870252959880215504, 0.8730468750000003331 ) ) ;
#1655 = CARTESIAN_POINT ( 'NONE',  ( 1.731441303086038567E-17, 0.07069145586676613136, 0.8095703125000004441 ) ) ;
#1656 = ORIENTED_EDGE ( 'NONE', *, *, #756, .F. ) ;
#1657 = CARTESIAN_POINT ( 'NONE',  ( 0.04879036790187187694, 0.04879036790187153000, 0.5585937500000001110 ) ) ;
#1658 = ADVANCED_FACE ( 'NONE', ( #2167 ), #1731, .F. ) ;
#1659 = CARTESIAN_POINT ( 'NONE',  ( 0.07069145586676646442, -3.338356652790262245E-16, 0.8662109375000002220 ) ) ;
#1660 = CARTESIAN_POINT ( 'NONE',  ( -0.04313269841238605296, -0.02733546866612070539, -0.03116424486495251653 ) ) ;
#1661 = EDGE_CURVE ( 'NONE', #4723, #3782, #3609, .T. ) ;
#1662 = VERTEX_POINT ( 'NONE', #3733 ) ;
#1663 = ORIENTED_EDGE ( 'NONE', *, *, #86, .F. ) ;
#1664 = CARTESIAN_POINT ( 'NONE',  ( 1.192867939671037905E-17, 0.04870252959880150972, 0.6093750000000002220 ) ) ;
#1665 = CARTESIAN_POINT ( 'NONE',  ( 0.04870252959880182891, -0.02017324828170116019, 0.8144531250000005551 ) ) ;
#1666 = ADVANCED_FACE ( 'NONE', ( #4971 ), #3303, .F. ) ;
#1667 = CARTESIAN_POINT ( 'NONE',  ( -0.03443788894025155700, -0.03443788894025177211, -0.1289062500000001943 ) ) ;
#1668 = CARTESIAN_POINT ( 'NONE',  ( 0.000000000000000000, -1.493979371535143794E-17, -0.2500000000000000000 ) ) ;
#1669 = VERTEX_POINT ( 'NONE', #2783 ) ;
#1670 = ORIENTED_EDGE ( 'NONE', *, *, #2275, .F. ) ;
#1671 = CARTESIAN_POINT ( 'NONE',  ( -0.04870252959880183585, 0.02017324828170049406, 0.5214843750000002220 ) ) ;
#1672 = CARTESIAN_POINT ( 'NONE',  ( 0.03443788894025132802, 0.03443788894025099495, 0.5078125000000003331 ) ) ;
#1673 = CARTESIAN_POINT ( 'NONE',  ( 0.01249999999999998682, -0.1371206889325363720, 0.8640654110148560108 ) ) ;
#1674 = CARTESIAN_POINT ( 'NONE',  ( -0.03443788894025132108, 0.03443788894025100189, 0.7343750000000004441 ) ) ;
#1675 = CARTESIAN_POINT ( 'NONE',  ( 0.02017324828170098325, 0.04870252959880195381, -0.04882812500000018735 ) ) ;
#1676 = CARTESIAN_POINT ( 'NONE',  ( -0.02928135976391377585, 0.07069145586676625626, -0.2451171875000003053 ) ) ;
#1677 = CARTESIAN_POINT ( 'NONE',  ( 0.03443788894025132802, 0.03443788894025099495, 0.9140625000000004441 ) ) ;
#1678 = CARTESIAN_POINT ( 'NONE',  ( 0.04870252959880182891, 0.02017324828170050446, 0.7910156250000002220 ) ) ;
#1679 =( BOUNDED_CURVE ( )  B_SPLINE_CURVE ( 1, ( #1987, #2960 ),
 .UNSPECIFIED., .F., .T. ) 
 B_SPLINE_CURVE_WITH_KNOTS ( ( 2, 2 ),
 ( 0.000000000000000000, 0.0005953124999998476996 ),
 .UNSPECIFIED. ) 
 CURVE ( )  GEOMETRIC_REPRESENTATION_ITEM ( )  RATIONAL_B_SPLINE_CURVE ( ( 0.9665478800795158643, 0.9665478800795158643 ) ) 
 REPRESENTATION_ITEM ( '' )  );
#1680 = CARTESIAN_POINT ( 'NONE',  ( -5.964339698355189526E-18, -0.04870252959880215504, 0.5312500000000003331 ) ) ;
#1681 = DIRECTION ( 'NONE',  ( 0.000000000000000000, 1.000000000000000000, 0.000000000000000000 ) ) ;
#1682 = CARTESIAN_POINT ( 'NONE',  ( -0.02928135976391377585, 0.07069145586676615911, 0.5009765625000002220 ) ) ;
#1683 = ORIENTED_EDGE ( 'NONE', *, *, #3258, .F. ) ;
#1684 = CARTESIAN_POINT ( 'NONE',  ( 0.03894496370557960774, 0.03957301262469669484, 0.8593640251299241584 ) ) ;
#1685 = CARTESIAN_POINT ( 'NONE',  ( 0.04870252959880183585, -3.297963650534137407E-16, 0.8828125000000003331 ) ) ;
#1686 = CARTESIAN_POINT ( 'NONE',  ( -0.04998640781534011146, 0.04998640781533978533, 0.8134765625000004441 ) ) ;
#1687 = ORIENTED_EDGE ( 'NONE', *, *, #4489, .F. ) ;
#1688 = CARTESIAN_POINT ( 'NONE',  ( -0.04870252959880216892, 0.02017324828170074039, -0.1308593750000001388 ) ) ;
#1689 = EDGE_CURVE ( 'NONE', #2318, #3554, #902, .T. ) ;
#1690 = CARTESIAN_POINT ( 'NONE',  ( 1.690012582823350463E-17, 0.06899999999999979761, 0.8125000000000001110 ) ) ;
#1691 = CARTESIAN_POINT ( 'NONE',  ( 0.04998640781534011146, -0.04998640781534045147, 0.8310546875000002220 ) ) ;
#1692 = DIRECTION ( 'NONE',  ( -0.000000000000000000, 1.081356497492104437E-16, -1.000000000000000000 ) ) ;
#1693 = ORIENTED_EDGE ( 'NONE', *, *, #3080, .F. ) ;
#1694 = EDGE_LOOP ( 'NONE', ( #4265, #3058, #3799, #1372 ) ) ;
#1695 = CARTESIAN_POINT ( 'NONE',  ( 0.04870252959880182891, -0.02017324828170116019, 0.6621093750000002220 ) ) ;
#1696 = EDGE_CURVE ( 'NONE', #2901, #1841, #1099, .T. ) ;
#1697 = CARTESIAN_POINT ( 'NONE',  ( -0.04870252959880183585, -0.02017324828170113243, 0.8027343750000002220 ) ) ;
#1698 = CARTESIAN_POINT ( 'NONE',  ( 0.04870252959880215504, 0.02017324828170075079, -0.08398437500000018041 ) ) ;
#1699 = CARTESIAN_POINT ( 'NONE',  ( -0.04870252959880216198, -0.02017324828170116366, -0.2246093750000002220 ) ) ;
#1700 = CARTESIAN_POINT ( 'NONE',  ( -0.06900000000000011680, -3.166248240488225568E-16, 0.8203125000000001110 ) ) ;
#1701 = ORIENTED_EDGE ( 'NONE', *, *, #4041, .F. ) ;
#1702 = CARTESIAN_POINT ( 'NONE',  ( -8.450062914116753856E-18, -0.06900000000000044986, 0.7304687500000006661 ) ) ;
#1703 = CARTESIAN_POINT ( 'NONE',  ( -5.964339698355189526E-18, -0.04870252959880215504, 0.8085937500000003331 ) ) ;
#1704 = CARTESIAN_POINT ( 'NONE',  ( 0.000000000000000000, 0.06899999999999967271, -0.1874999999999994449 ) ) ;
#1705 = CARTESIAN_POINT ( 'NONE',  ( 0.000000000000000000, -1.493979371535143794E-17, -0.2500000000000000000 ) ) ;
#1706 = CARTESIAN_POINT ( 'NONE',  ( 1.192867939671037905E-17, 0.04870252959880150972, 0.5156250000000003331 ) ) ;
#1707 = CARTESIAN_POINT ( 'NONE',  ( -0.02017324828170082018, -0.04870252959880215504, 0.8417968750000005551 ) ) ;
#1708 = CARTESIAN_POINT ( 'NONE',  ( -5.964339698355230356E-18, -0.04870252959880237709, -0.1523437500000001388 ) ) ;
#1709 = EDGE_CURVE ( 'NONE', #4976, #959, #3281, .T. ) ;
#1710 = CARTESIAN_POINT ( 'NONE',  ( 1.690012582823350771E-17, 0.06899999999999979761, 0.7773437500000005551 ) ) ;
#1711 = CARTESIAN_POINT ( 'NONE',  ( 0.1124999999999999611, -0.07938566201357381835, 0.01093458898514403782 ) ) ;
#1712 = FACE_OUTER_BOUND ( 'NONE', #4919, .T. ) ;
#1713 = VERTEX_POINT ( 'NONE', #274 ) ;
#1714 = CARTESIAN_POINT ( 'NONE',  ( 0.004256190758620318447, 0.06375354051265615107, 0.8677534620915311470 ) ) ;
#1715 = CARTESIAN_POINT ( 'NONE',  ( -0.02017324828170082018, -0.04870252959880215504, 0.8417968750000005551 ) ) ;
#1716 = CARTESIAN_POINT ( 'NONE',  ( -0.07069145586676646442, -3.165212522481658049E-16, 0.8173828125000005551 ) ) ;
#1717 = ORIENTED_EDGE ( 'NONE', *, *, #4761, .T. ) ;
#1718 = CARTESIAN_POINT ( 'NONE',  ( 0.03443788894025156394, 0.03443788894025132802, -0.2382812500000001943 ) ) ;
#1719 = CARTESIAN_POINT ( 'NONE',  ( 0.06900000000000010292, -0.02858073580374397363, 0.8027343750000001110 ) ) ;
#1720 = CARTESIAN_POINT ( 'NONE',  ( -0.07069145586676647830, 0.02928135976391345666, 0.7861328125000001110 ) ) ;
#1721 = VERTEX_POINT ( 'NONE', #5557 ) ;
#1722 = EDGE_CURVE ( 'NONE', #2597, #3087, #2561, .T. ) ;
#1723 = ORIENTED_EDGE ( 'NONE', *, *, #27, .F. ) ;
#1724 = CARTESIAN_POINT ( 'NONE',  ( -0.03443788894025132108, 0.03443788894025100189, 0.7968750000000003331 ) ) ;
#1725 = CARTESIAN_POINT ( 'NONE',  ( -5.964339698355230356E-18, -0.04870252959880237015, -0.03125000000000018041 ) ) ;
#1726 = CIRCLE ( 'NONE', #4854, 0.1187499999999999944 ) ;
#1727 = CARTESIAN_POINT ( 'NONE',  ( 0.06900000000000011680, -3.335249498770560676E-16, 0.6171875000000001110 ) ) ;
#1728 = CARTESIAN_POINT ( 'NONE',  ( 5.964339698355209556E-18, -0.04870252959880203708, -0.02999999999999998848 ) ) ;
#1729 = ORIENTED_EDGE ( 'NONE', *, *, #5005, .T. ) ;
#1730 = CARTESIAN_POINT ( 'NONE',  ( 1.690012582823350771E-17, 0.06899999999999979761, 0.7773437500000005551 ) ) ;
#1731 = CYLINDRICAL_SURFACE ( 'NONE', #3567, 0.06899999999999993638 ) ;
#1732 = CIRCLE ( 'NONE', #1457, 0.04870252959880200239 ) ;
#1733 = CARTESIAN_POINT ( 'NONE',  ( 0.01402068362755514927, 0.06470725251605265183, -0.2453205768448155910 ) ) ;
#1734 = CARTESIAN_POINT ( 'NONE',  ( -0.03443788894025155700, 0.03443788894025134883, -0.1015625000000001527 ) ) ;
#1735 = CARTESIAN_POINT ( 'NONE',  ( 0.000000000000000000, 0.07069145586676624238, -0.2783203125000003331 ) ) ;
#1736 = CARTESIAN_POINT ( 'NONE',  ( -0.03443788894025132802, -0.03443788894025164027, 0.5585937500000003331 ) ) ;
#1737 = AXIS2_PLACEMENT_3D ( 'NONE', #5224, #5343, #946 ) ;
#1738 = CARTESIAN_POINT ( 'NONE',  ( -0.02017324828170082018, -0.04870252959880215504, 0.7167968750000003331 ) ) ;
#1739 = CARTESIAN_POINT ( 'NONE',  ( 0.03443788894025155700, -0.03443788894025177905, -0.1835937500000001943 ) ) ;
#1740 = CARTESIAN_POINT ( 'NONE',  ( -0.04870252959880216892, -2.163662563839063649E-16, -0.2226562500000001388 ) ) ;
#1741 = CARTESIAN_POINT ( 'NONE',  ( 0.06900000000000011680, -0.02858073580374397363, 0.6738281250000006661 ) ) ;
#1742 = CARTESIAN_POINT ( 'NONE',  ( 0.000000000000000000, -9.604153102725926764E-17, 0.4999999999999999445 ) ) ;
#1743 = CARTESIAN_POINT ( 'NONE',  ( 0.000000000000000000, -4.112889638898834044E-17, -0.007812499999999993928 ) ) ;
#1744 = CARTESIAN_POINT ( 'NONE',  ( 0.03443788894025132108, -0.03443788894025164721, 0.8476562500000003331 ) ) ;
#1745 = CARTESIAN_POINT ( 'NONE',  ( 0.07069145586676645054, -0.02928135976391412626, 0.7685546875000005551 ) ) ;
#1746 = EDGE_LOOP ( 'NONE', ( #2183, #421, #2659, #495 ) ) ;
#1747 = CARTESIAN_POINT ( 'NONE',  ( 0.02858073580374420261, 0.06899999999999924249, 0.7480468750000000000 ) ) ;
#1748 = DIRECTION ( 'NONE',  ( 0.000000000000000000, -1.081356497492104437E-16, 1.000000000000000000 ) ) ;
#1749 = CARTESIAN_POINT ( 'NONE',  ( -0.04879036790187187000, -0.04879036790187219613, 0.6953125000000004441 ) ) ;
#1750 = CARTESIAN_POINT ( 'NONE',  ( 0.02928135976391382442, 0.07069145586676613136, 0.8408203125000002220 ) ) ;
#1751 = VERTEX_POINT ( 'NONE', #1114 ) ;
#1752 = CARTESIAN_POINT ( 'NONE',  ( -0.03443788894025132802, -0.03443788894025164027, 0.7734375000000003331 ) ) ;
#1753 = CARTESIAN_POINT ( 'NONE',  ( -0.04870252959880216198, -0.02017324828170116019, -0.09960937500000019429 ) ) ;
#1754 = CARTESIAN_POINT ( 'NONE',  ( 0.02858073580374332831, -0.06900000000000075517, 0.6113281250000001110 ) ) ;
#1755 = DIRECTION ( 'NONE',  ( -1.182924880895401757E-16, 1.000000000000000000, 0.000000000000000000 ) ) ;
#1756 = CARTESIAN_POINT ( 'NONE',  ( -0.06900000000000014455, -0.02858073580374393199, 0.5683593750000005551 ) ) ;
#1757 = CARTESIAN_POINT ( 'NONE',  ( 0.06170546789653989783, 0.02580357149249993751, 0.8705657324655824425 ) ) ;
#1758 = ADVANCED_FACE ( 'NONE', ( #1596 ), #2950, .T. ) ;
#1759 = DIRECTION ( 'NONE',  ( -0.000000000000000000, 1.081356497492104437E-16, -1.000000000000000000 ) ) ;
#1760 = CARTESIAN_POINT ( 'NONE',  ( -0.07069145586676647830, 0.02928135976391355380, -0.2431640624999993339 ) ) ;
#1761 = CARTESIAN_POINT ( 'NONE',  ( -0.07069145586676647830, 0.02928135976391355727, -0.1162109375000003053 ) ) ;
#1762 = CARTESIAN_POINT ( 'NONE',  ( -0.04870252959880183585, -0.02017324828170113243, 0.7714843750000005551 ) ) ;
#1763 = CARTESIAN_POINT ( 'NONE',  ( 0.02017324828170084447, 0.04870252959880150279, 0.7324218750000003331 ) ) ;
#1764 = CARTESIAN_POINT ( 'NONE',  ( -0.04879036790187186307, 0.04879036790187154388, 0.6289062500000001110 ) ) ;
#1765 = CARTESIAN_POINT ( 'NONE',  ( -0.03443788894025155700, 0.03443788894025134190, -0.1640625000000001388 ) ) ;
#1766 = CARTESIAN_POINT ( 'NONE',  ( 0.03443788894025132108, -0.03443788894025164721, 0.5625000000000003331 ) ) ;
#1767 = CARTESIAN_POINT ( 'NONE',  ( 1.690012582823350771E-17, 0.06899999999999979761, 0.6835937500000004441 ) ) ;
#1768 = DIRECTION ( 'NONE',  ( 0.000000000000000000, 0.000000000000000000, 1.000000000000000000 ) ) ;
#1769 = CARTESIAN_POINT ( 'NONE',  ( 0.04689468217677152800, 0.01976958760375947116, 0.8547207818365295529 ) ) ;
#1770 = CARTESIAN_POINT ( 'NONE',  ( 0.04870252959880182891, 0.02017324828170050446, 0.8535156250000002220 ) ) ;
#1771 = CARTESIAN_POINT ( 'NONE',  ( -0.04998640781534011146, -0.04998640781534043759, 0.6962890625000005551 ) ) ;
#1772 = VERTEX_POINT ( 'NONE', #5531 ) ;
#1773 = CARTESIAN_POINT ( 'NONE',  ( 0.000000000000000000, 0.04870252959880194688, -0.2656250000000001665 ) ) ;
#1774 = CARTESIAN_POINT ( 'NONE',  ( -0.04879036790187187000, 0.04879036790187154388, 0.5000000000000004441 ) ) ;
#1775 = CARTESIAN_POINT ( 'NONE',  ( 1.731441303086038567E-17, 0.07069145586676614523, 0.6552734375000002220 ) ) ;
#1776 = CARTESIAN_POINT ( 'NONE',  ( -0.04998640781534011146, 0.04998640781533991023, -0.1513671874999993339 ) ) ;
#1777 = ORIENTED_EDGE ( 'NONE', *, *, #2483, .T. ) ;
#1778 = CARTESIAN_POINT ( 'NONE',  ( 0.03443788894025132108, -0.03443788894025164721, 0.7500000000000003331 ) ) ;
#1779 = CARTESIAN_POINT ( 'NONE',  ( -0.04870252959880183585, 0.02017324828170049406, 0.5800781250000003331 ) ) ;
#1780 = EDGE_CURVE ( 'NONE', #4199, #4130, #2999, .T. ) ;
#1781 = CARTESIAN_POINT ( 'NONE',  ( -8.450062914116724582E-18, -0.06900000000000011680, -0.1718749999999994449 ) ) ;
#1782 = CARTESIAN_POINT ( 'NONE',  ( 0.04860639851292070795, 0.003058498475615064899, -0.02313752843153828176 ) ) ;
#1783 = CARTESIAN_POINT ( 'NONE',  ( 1.690012582823350771E-17, 0.06899999999999979761, 0.6835937500000004441 ) ) ;
#1784 = CARTESIAN_POINT ( 'NONE',  ( 0.000000000000000000, 0.06899999999999968658, -0.06249999999999947264 ) ) ;
#1785 = VERTEX_POINT ( 'NONE', #3816 ) ;
#1786 = DIRECTION ( 'NONE',  ( -0.000000000000000000, 1.081356497492104437E-16, -1.000000000000000000 ) ) ;
#1787 = CARTESIAN_POINT ( 'NONE',  ( 0.02017324828170084447, 0.04870252959880150279, 0.5097656250000003331 ) ) ;
#1788 = CARTESIAN_POINT ( 'NONE',  ( 0.02858073580374359893, -0.06900000000000047762, 0.7050781250000001110 ) ) ;
#1789 = CARTESIAN_POINT ( 'NONE',  ( -0.03443788894025155700, -0.03443788894025176517, -0.06250000000000015266 ) ) ;
#1790 = CARTESIAN_POINT ( 'NONE',  ( -0.02070054192274780810, -0.1323861038459371586, 0.008642187985005224046 ) ) ;
#1791 = CARTESIAN_POINT ( 'NONE',  ( -0.07069145586676647830, -0.02928135976391398401, -0.2060546875000003053 ) ) ;
#1792 = CARTESIAN_POINT ( 'NONE',  ( -0.02017324828170081324, 0.04870252959880150972, 0.7636718750000003331 ) ) ;
#1793 = CARTESIAN_POINT ( 'NONE',  ( -0.02017324828170082018, -0.04870252959880215504, 0.7480468750000002220 ) ) ;
#1794 = B_SPLINE_CURVE_WITH_KNOTS ( 'NONE', 3,
 ( #4550, #175, #1875, #1438, #147, #5510 ),
 .UNSPECIFIED., .F., .F.,
 ( 4, 2, 4 ),
 ( 0.02010301913388966993, 0.02082654720018654870, 0.02155007526648342747 ),
 .UNSPECIFIED. ) ;
#1795 = CARTESIAN_POINT ( 'NONE',  ( -0.04870252959880216892, -2.127784239645293586E-16, -0.1640625000000001665 ) ) ;
#1796 = CARTESIAN_POINT ( 'NONE',  ( 0.02017324828170097978, 0.04870252959880194688, -0.1386718750000001665 ) ) ;
#1797 = CARTESIAN_POINT ( 'NONE',  ( -8.450062914116753856E-18, -0.06900000000000044986, 0.5429687500000005551 ) ) ;
#1798 = CARTESIAN_POINT ( 'NONE',  ( 0.004408101165411849355, 0.1404665205199143729, 0.8624615979720811065 ) ) ;
#1799 = ORIENTED_EDGE ( 'NONE', *, *, #390, .F. ) ;
#1800 = CARTESIAN_POINT ( 'NONE',  ( 0.04870252959880183585, -3.297963650534137407E-16, 0.7265625000000003331 ) ) ;
#1801 = CARTESIAN_POINT ( 'NONE',  ( -0.04998640781534011146, -0.04998640781534043759, 0.6650390625000004441 ) ) ;
#1802 = EDGE_LOOP ( 'NONE', ( #1131, #5466, #3514, #5678 ) ) ;
#1803 = CARTESIAN_POINT ( 'NONE',  ( 0.06900000000000011680, -3.335249498770559690E-16, 0.8320312500000003331 ) ) ;
#1804 = CARTESIAN_POINT ( 'NONE',  ( -0.03443788894025155700, -0.03443788894025177211, -0.2226562500000001943 ) ) ;
#1805 = CARTESIAN_POINT ( 'NONE',  ( 0.004408101165411796446, -0.1404665205199150946, 0.01253840202791920398 ) ) ;
#1806 = CARTESIAN_POINT ( 'NONE',  ( -0.02928135976391377585, -0.07069145586676679749, 0.7001953125000002220 ) ) ;
#1807 = CARTESIAN_POINT ( 'NONE',  ( -0.07069145586676646442, -2.142424592845038317E-16, -0.2099609374999993339 ) ) ;
#1808 = ORIENTED_EDGE ( 'NONE', *, *, #3915, .T. ) ;
#1809 = CARTESIAN_POINT ( 'NONE',  ( -0.04870252959880183585, -0.02017324828170113243, 0.7402343750000004441 ) ) ;
#1810 = CARTESIAN_POINT ( 'NONE',  ( -0.03443788894025132802, -0.03443788894025164027, 0.6171875000000003331 ) ) ;
#1811 = CARTESIAN_POINT ( 'NONE',  ( 0.02017324828170084447, 0.04870252959880150279, 0.6347656250000003331 ) ) ;
#1812 = DIRECTION ( 'NONE',  ( -0.000000000000000000, 1.081356497492104437E-16, -1.000000000000000000 ) ) ;
#1813 = CARTESIAN_POINT ( 'NONE',  ( 0.04870252959880215504, -0.02017324828170118795, -0.02539062500000017347 ) ) ;
#1814 = CARTESIAN_POINT ( 'NONE',  ( 0.02017324828170098325, 0.04870252959880193300, -0.2324218750000001110 ) ) ;
#1815 = CARTESIAN_POINT ( 'NONE',  ( -0.03443788894025132802, -0.03443788894025164027, 0.8085937500000002220 ) ) ;
#1817 = VERTEX_POINT ( 'NONE', #2921 ) ;
#1816 = EDGE_CURVE ( 'NONE', #2137, #283, #2533, .T. ) ;
#1818 = CARTESIAN_POINT ( 'NONE',  ( -0.02858073580374388689, 0.06899999999999953393, 0.5605468750000005551 ) ) ;
#1819 = CARTESIAN_POINT ( 'NONE',  ( 0.04870252959880215504, 0.02017324828170075079, -0.04882812500000016653 ) ) ;
#1820 = CARTESIAN_POINT ( 'NONE',  ( -0.07069145586676646442, -2.141228648705246475E-16, -0.2080078125000003053 ) ) ;
#1821 = CARTESIAN_POINT ( 'NONE',  ( -0.03443788894025132108, 0.03443788894025100189, 0.7656250000000003331 ) ) ;
#1822 = CARTESIAN_POINT ( 'NONE',  ( -0.02017324828170081324, 0.04870252959880150972, 0.7050781250000002220 ) ) ;
#1823 = AXIS2_PLACEMENT_3D ( 'NONE', #3962, #2326, #3585 ) ;
#1824 = CARTESIAN_POINT ( 'NONE',  ( 0.04870252959880215504, 0.02017324828170074733, -0.1425781250000001388 ) ) ;
#1825 = CARTESIAN_POINT ( 'NONE',  ( -0.03443788894025155700, -0.03443788894025177211, -0.1250000000000001388 ) ) ;
#1826 = CARTESIAN_POINT ( 'NONE',  ( 0.06900000000000011680, 0.02858073580374330749, 0.6777343750000005551 ) ) ;
#1827 = DIRECTION ( 'NONE',  ( -0.7071067811865486830, 8.659560562354947649E-17, 0.7071067811865462405 ) ) ;
#1828 = VECTOR ( 'NONE', #3808, 39.37007874015748143 ) ;
#1829 = CARTESIAN_POINT ( 'NONE',  ( -8.450062914116752315E-18, -0.06900000000000044986, 0.8593750000000002220 ) ) ;
#1830 = ORIENTED_EDGE ( 'NONE', *, *, #4352, .F. ) ;
#1831 = CARTESIAN_POINT ( 'NONE',  ( 0.02858073580374461201, 0.06899999999999882616, 0.8066406250000004441 ) ) ;
#1832 = CARTESIAN_POINT ( 'NONE',  ( -5.964339698355189526E-18, -0.04870252959880215504, 0.8125000000000003331 ) ) ;
#1833 = CARTESIAN_POINT ( 'NONE',  ( -0.02928135976391377585, -0.07069145586676678361, 0.6357421875000004441 ) ) ;
#1834 = ORIENTED_EDGE ( 'NONE', *, *, #2309, .T. ) ;
#1835 = CARTESIAN_POINT ( 'NONE',  ( 0.04879036790187186307, -0.04879036790187220307, 0.7382812500000000000 ) ) ;
#1836 = CARTESIAN_POINT ( 'NONE',  ( 0.04870252959880216892, -2.275773692967414213E-16, -0.2109375000000001943 ) ) ;
#1837 = CARTESIAN_POINT ( 'NONE',  ( -0.02858073580374352607, -0.06900000000000011680, -0.1738281249999994726 ) ) ;
#1838 = CARTESIAN_POINT ( 'NONE',  ( 1.762782276905057321E-14, -0.06899999999999972822, -0.1679687499999988620 ) ) ;
#1839 = CARTESIAN_POINT ( 'NONE',  ( 0.04998640781534013228, 0.04998640781533977839, 0.7451171875000002220 ) ) ;
#1840 = ORIENTED_EDGE ( 'NONE', *, *, #4901, .T. ) ;
#1841 = VERTEX_POINT ( 'NONE', #665 ) ;
#1842 = CARTESIAN_POINT ( 'NONE',  ( -0.03443788894025132802, -0.03443788894025164027, 0.7421875000000003331 ) ) ;
#1843 = CARTESIAN_POINT ( 'NONE',  ( -0.04870252959880183585, -3.178676856567033324E-16, 0.5507812500000003331 ) ) ;
#1844 = EDGE_CURVE ( 'NONE', #63, #4372, #2670, .T. ) ;
#1845 = CARTESIAN_POINT ( 'NONE',  ( -0.04870252959880183585, -0.02017324828170113243, 0.6152343750000004441 ) ) ;
#1846 = CARTESIAN_POINT ( 'NONE',  ( -0.04870252959880216892, -2.051243814698584118E-16, -0.03906250000000020817 ) ) ;
#1847 = CARTESIAN_POINT ( 'NONE',  ( -8.657206515430192834E-18, -0.07069145586676667259, -0.01464843749999932693 ) ) ;
#1848 = CARTESIAN_POINT ( 'NONE',  ( -0.03443788894025068964, -0.03443788894025263947, -0.2500000000000000000 ) ) ;
#1849 = CARTESIAN_POINT ( 'NONE',  ( 0.02858073580374350872, -0.06900000000000014455, -0.07617187499999947264 ) ) ;
#1850 = EDGE_LOOP ( 'NONE', ( #2390, #4147, #2981, #17 ) ) ;
#1851 = DIRECTION ( 'NONE',  ( 0.000000000000000000, 1.000000000000000000, 0.000000000000000000 ) ) ;
#1852 = EDGE_CURVE ( 'NONE', #2318, #2351, #326, .T. ) ;
#1853 = CARTESIAN_POINT ( 'NONE',  ( 0.06900000000000011680, 0.02858073580374330749, 0.6152343750000005551 ) ) ;
#1854 = CARTESIAN_POINT ( 'NONE',  ( 0.04998640781534011840, 0.04998640781533988942, -0.1884765625000003053 ) ) ;
#1855 = CARTESIAN_POINT ( 'NONE',  ( 0.02017324828170084447, 0.04870252959880150279, 0.7597656250000004441 ) ) ;
#1856 = CARTESIAN_POINT ( 'NONE',  ( -5.964339698355189526E-18, -0.04870252959880215504, 0.7187500000000003331 ) ) ;
#1857 = CARTESIAN_POINT ( 'NONE',  ( 0.04870252959880216892, -2.235111592214474808E-16, -0.1445312500000001388 ) ) ;
#1858 = CARTESIAN_POINT ( 'NONE',  ( 0.06900000000000011680, -3.335249498770560676E-16, 0.6484375000000000000 ) ) ;
#1859 = CARTESIAN_POINT ( 'NONE',  ( 1.831480773947454243E-15, -0.04870252959880239096, -0.2500000000000000555 ) ) ;
#1860 = CARTESIAN_POINT ( 'NONE',  ( -0.02858073580374429629, -0.06899999999999978373, 0.6699218750000001110 ) ) ;
#1861 = CARTESIAN_POINT ( 'NONE',  ( 0.000000000000000000, -1.493979371535143794E-17, -0.2500000000000000000 ) ) ;
#1862 = LINE ( 'NONE', #1018, #3936 ) ;
#1863 = CARTESIAN_POINT ( 'NONE',  ( 0.04870252959880183585, -3.297963650534137407E-16, 0.7578125000000003331 ) ) ;
#1864 = CARTESIAN_POINT ( 'NONE',  ( 0.02928135976391375503, -0.07069145586676681137, 0.6708984375000004441 ) ) ;
#1865 = DIRECTION ( 'NONE',  ( -0.000000000000000000, 1.081356497492104437E-16, -1.000000000000000000 ) ) ;
#1866 = CARTESIAN_POINT ( 'NONE',  ( -8.450062914116753856E-18, -0.06900000000000044986, 0.8242187500000004441 ) ) ;
#1867 = CARTESIAN_POINT ( 'NONE',  ( 0.07069145586676646442, -3.338356652790262245E-16, 0.7412109375000002220 ) ) ;
#1868 = VERTEX_POINT ( 'NONE', #2476 ) ;
#1869 = EDGE_CURVE ( 'NONE', #3554, #2524, #4445, .T. ) ;
#1870 = CARTESIAN_POINT ( 'NONE',  ( 0.04870252959880182891, 0.02017324828170050446, 0.7558593750000003331 ) ) ;
#1871 = CARTESIAN_POINT ( 'NONE',  ( 1.192867939671037905E-17, 0.04870252959880150972, 0.6367187500000003331 ) ) ;
#1872 =( BOUNDED_CURVE ( )  B_SPLINE_CURVE ( 2, ( #1427, #988, #2778, #2238, #4510, #3991, #2328, #3227, #4083 ),
 .UNSPECIFIED., .F., .T. ) 
 B_SPLINE_CURVE_WITH_KNOTS ( ( 3, 2, 2, 2, 3 ),
 ( 0.3214285714285712858, 0.3303571428571426827, 0.3392857142857141906, 0.3482142857142855874, 0.3571428571428570953 ),
 .UNSPECIFIED. ) 
 CURVE ( )  GEOMETRIC_REPRESENTATION_ITEM ( )  RATIONAL_B_SPLINE_CURVE ( ( 1.000000000000001332, 0.9238795325112852952, 1.000000000000000000, 0.9238795325112867385, 1.000000000000000000, 0.9238795325112867385, 1.000000000000000000, 0.9238795325112871826, 0.9999999999999995559 ) ) 
 REPRESENTATION_ITEM ( '' )  );
#1873 = CARTESIAN_POINT ( 'NONE',  ( -0.02017324828170081324, 0.04870252959880150972, 0.6386718750000004441 ) ) ;
#1874 = CARTESIAN_POINT ( 'NONE',  ( 0.04738981599798618854, 0.01123128349740908603, 0.8527025295988096554 ) ) ;
#1875 = CARTESIAN_POINT ( 'NONE',  ( 0.1249999999999999584, 0.01954412736141339715, 0.004283388795954781204 ) ) ;
#1876 = EDGE_CURVE ( 'NONE', #337, #3969, #5032, .T. ) ;
#1877 = CARTESIAN_POINT ( 'NONE',  ( 0.04870252959880183585, -3.297963650534137407E-16, 0.8515625000000003331 ) ) ;
#1878 = ORIENTED_EDGE ( 'NONE', *, *, #4845, .F. ) ;
#1879 = CARTESIAN_POINT ( 'NONE',  ( 0.04870252959880215504, 0.02017324828170074386, -0.2050781250000001110 ) ) ;
#1880 = CARTESIAN_POINT ( 'NONE',  ( 0.03443788894025156394, 0.03443788894025132802, -0.2382812500000001943 ) ) ;
#1881 = CARTESIAN_POINT ( 'NONE',  ( -0.03443788894025132802, -0.03443788894025164027, 0.8046875000000003331 ) ) ;
#1882 = CARTESIAN_POINT ( 'NONE',  ( 1.192867939671037905E-17, 0.04870252959880150972, 0.5468750000000003331 ) ) ;
#1883 = CARTESIAN_POINT ( 'NONE',  ( 0.03443788894025156394, 0.03443788894025133496, -0.1718750000000001388 ) ) ;
#1884 = CARTESIAN_POINT ( 'NONE',  ( 0.03443788894025156394, 0.03443788894025133496, -0.1093750000000001527 ) ) ;
#1885 = CARTESIAN_POINT ( 'NONE',  ( 0.03443788894025132108, -0.03443788894025164721, 0.8437500000000004441 ) ) ;
#1886 = CARTESIAN_POINT ( 'NONE',  ( 0.000000000000000000, 0.04870252959880194688, -0.2343750000000001943 ) ) ;
#1887 = CARTESIAN_POINT ( 'NONE',  ( -0.02858073580374352607, 0.06899999999999970046, -0.09179687499999945877 ) ) ;
#1888 = EDGE_LOOP ( 'NONE', ( #4462, #4776, #3739, #2214 ) ) ;
#1889 = CARTESIAN_POINT ( 'NONE',  ( 0.06900000000000011680, -3.335249498770559690E-16, 0.8007812500000004441 ) ) ;
#1890 = CARTESIAN_POINT ( 'NONE',  ( 0.02017324828170079937, -0.04870252959880216198, 0.7832031250000003331 ) ) ;
#1891 = CARTESIAN_POINT ( 'NONE',  ( -0.02928135976391377585, 0.07069145586676614523, 0.4990234375000004441 ) ) ;
#1892 = CARTESIAN_POINT ( 'NONE',  ( 0.05950210699355061583, -0.03493564459585668525, -0.04171874999999990175 ) ) ;
#1893 = CARTESIAN_POINT ( 'NONE',  ( -0.04870252959880216198, -0.02017324828170116366, -0.1933593750000001665 ) ) ;
#1894 = CARTESIAN_POINT ( 'NONE',  ( -0.06900000000004384570, 0.02858073580376150821, -0.1464843750000256184 ) ) ;
#1895 = CARTESIAN_POINT ( 'NONE',  ( -8.450062914116753856E-18, -0.06900000000000044986, 0.5117187500000004441 ) ) ;
#1896 = CARTESIAN_POINT ( 'NONE',  ( 0.04998640781534011146, -0.04998640781534045147, 0.6748046875000002220 ) ) ;
#1897 = PRODUCT_DEFINITION ( 'General', '', #2494, #1405 ) ;
#1898 = ORIENTED_EDGE ( 'NONE', *, *, #3680, .T. ) ;
#1899 = CARTESIAN_POINT ( 'NONE',  ( -0.04870252959880183585, -3.178676856567033324E-16, 0.6132812500000003331 ) ) ;
#1900 = CARTESIAN_POINT ( 'NONE',  ( -0.03443788894025132108, 0.03443788894025100189, 0.6093750000000003331 ) ) ;
#1901 = CARTESIAN_POINT ( 'NONE',  ( -0.05540916959362882782, 1.396353919313848572E-15, 0.8594091695936291186 ) ) ;
#1902 = FACE_OUTER_BOUND ( 'NONE', #5103, .T. ) ;
#1903 = CARTESIAN_POINT ( 'NONE',  ( 0.04870252959880182891, -0.02017324828170116019, 0.6933593750000002220 ) ) ;
#1904 = VERTEX_POINT ( 'NONE', #2206 ) ;
#1905 = CARTESIAN_POINT ( 'NONE',  ( -0.03443788894025155700, 0.03443788894025134190, -0.2265625000000001665 ) ) ;
#1906 =( BOUNDED_CURVE ( )  B_SPLINE_CURVE ( 2, ( #2292, #1788, #1358, #4527, #3611, #4045, #2320, #5371, #4502 ),
 .UNSPECIFIED., .F., .T. ) 
 B_SPLINE_CURVE_WITH_KNOTS ( ( 3, 2, 2, 2, 3 ),
 ( 0.5357142857142856984, 0.5446428571428572063, 0.5535714285714286031, 0.5624999999999998890, 0.5714285714285712858 ),
 .UNSPECIFIED. ) 
 CURVE ( )  GEOMETRIC_REPRESENTATION_ITEM ( )  RATIONAL_B_SPLINE_CURVE ( ( 1.000000000000000000, 0.9238795325112867385, 1.000000000000000000, 0.9238795325112867385, 1.000000000000000000, 0.9238795325112867385, 1.000000000000000000, 0.9238795325112877377, 0.9999999999999990008 ) ) 
 REPRESENTATION_ITEM ( '' )  );
#1907 = CARTESIAN_POINT ( 'NONE',  ( 0.07069145586676645054, 0.02928135976391357462, -0.09667968750000029143 ) ) ;
#1908 = CIRCLE ( 'NONE', #2854, 0.06899999999999963107 ) ;
#1909 = CARTESIAN_POINT ( 'NONE',  ( 0.02017324828170084447, 0.04870252959880150279, 0.6972656250000003331 ) ) ;
#1910 = CARTESIAN_POINT ( 'NONE',  ( 0.04870252959880182891, -0.02017324828170116019, 0.6308593750000003331 ) ) ;
#1911 = CARTESIAN_POINT ( 'NONE',  ( -0.09999999999999990841, 0.05773502691896215816, -0.3818813079129863564 ) ) ;
#1912 = AXIS2_PLACEMENT_3D ( 'NONE', #5572, #1240, #371 ) ;
#1913 = CARTESIAN_POINT ( 'NONE',  ( 0.04879036790187156469, -0.04879036790187178674, -0.07031250000000015266 ) ) ;
#1914 = CARTESIAN_POINT ( 'NONE',  ( -0.04879036790187186307, 0.04879036790187154388, 0.7851562500000001110 ) ) ;
#1915 = CARTESIAN_POINT ( 'NONE',  ( 0.02017324828170162510, -0.04870252959880171789, -0.2480468750000000833 ) ) ;
#1916 = CARTESIAN_POINT ( 'NONE',  ( -0.04851379272671869913, -0.03054796470575632528, 0.8611945523077001452 ) ) ;
#1917 = ORIENTED_EDGE ( 'NONE', *, *, #3884, .T. ) ;
#1918 = DIRECTION ( 'NONE',  ( -0.000000000000000000, 1.081356497492104437E-16, -1.000000000000000000 ) ) ;
#1919 = CARTESIAN_POINT ( 'NONE',  ( -5.964339698355189526E-18, -0.04870252959880215504, 0.7187500000000003331 ) ) ;
#1920 = AXIS2_PLACEMENT_3D ( 'NONE', #4309, #5619, #4279 ) ;
#1921 = CARTESIAN_POINT ( 'NONE',  ( 1.731441303086038567E-17, 0.07069145586676613136, 0.5595703125000004441 ) ) ;
#1922 = EDGE_CURVE ( 'NONE', #3449, #63, #166, .T. ) ;
#1923 =( GEOMETRIC_REPRESENTATION_CONTEXT ( 3 ) GLOBAL_UNCERTAINTY_ASSIGNED_CONTEXT ( ( #4565 ) ) GLOBAL_UNIT_ASSIGNED_CONTEXT ( ( #1007, #4525, #178 ) ) REPRESENTATION_CONTEXT ( 'NONE', 'WORKASPACE' ) );
#1924 = CARTESIAN_POINT ( 'NONE',  ( 0.1194435245687484187, -0.07405078785165615518, 0.8624615979720809955 ) ) ;
#1925 = CARTESIAN_POINT ( 'NONE',  ( 0.07069145586676646442, -3.338356652790262245E-16, 0.5224609375000002220 ) ) ;
#1926 = DIRECTION ( 'NONE',  ( -0.000000000000000000, 1.081356497492104437E-16, -1.000000000000000000 ) ) ;
#1927 = CARTESIAN_POINT ( 'NONE',  ( 0.02928135976391375503, -0.07069145586676681137, 0.8583984375000005551 ) ) ;
#1928 = ORIENTED_EDGE ( 'NONE', *, *, #2047, .F. ) ;
#1929 = CARTESIAN_POINT ( 'NONE',  ( -0.04870252959880183585, -0.02017324828170113243, 0.6777343750000003331 ) ) ;
#1930 = CARTESIAN_POINT ( 'NONE',  ( 0.000000000000000000, 0.06899999999999968658, -0.09374999999999944489 ) ) ;
#1931 = CARTESIAN_POINT ( 'NONE',  ( -0.03443788894025132802, -0.03443788894025164027, 0.6796875000000004441 ) ) ;
#1932 = CARTESIAN_POINT ( 'NONE',  ( -8.450062914116679900E-18, -0.06899999999999974210, -0.04296875000000003469 ) ) ;
#1933 = CARTESIAN_POINT ( 'NONE',  ( -0.04879036790187186307, 0.04879036790187154388, 0.5976562500000001110 ) ) ;
#1934 = B_SPLINE_CURVE_WITH_KNOTS ( 'NONE', 3,
 ( #2229, #4380, #4840, #422, #4440, #2254 ),
 .UNSPECIFIED., .F., .F.,
 ( 4, 2, 4 ),
 ( 0.02019991423392817828, 0.02092404681269501715, 0.02164817939146185255 ),
 .UNSPECIFIED. ) ;
#1935 = CARTESIAN_POINT ( 'NONE',  ( 0.04998640781534011146, -0.04998640781534033350, -0.01074218749999934601 ) ) ;
#1936 = CARTESIAN_POINT ( 'NONE',  ( 0.03443788894025132802, 0.03443788894025099495, 0.7304687500000003331 ) ) ;
#1937 = CARTESIAN_POINT ( 'NONE',  ( -0.04870252959880216198, -0.02017324828170116366, -0.2207031250000001665 ) ) ;
#1938 = CARTESIAN_POINT ( 'NONE',  ( -0.03443788894025155700, 0.03443788894025134883, -0.1367187500000001943 ) ) ;
#1939 = CARTESIAN_POINT ( 'NONE',  ( 0.07069145586676646442, -2.228264800948802026E-16, -0.06738281250000031919 ) ) ;
#1940 = ORIENTED_EDGE ( 'NONE', *, *, #3580, .F. ) ;
#1941 = CARTESIAN_POINT ( 'NONE',  ( -0.02017324828170082018, -0.04870252959880215504, 0.7128906250000004441 ) ) ;
#1942 = CARTESIAN_POINT ( 'NONE',  ( 0.04870252959880182891, 0.02017324828170050446, 0.6035156250000004441 ) ) ;
#1943 = CARTESIAN_POINT ( 'NONE',  ( 0.04870252959880215504, 0.02017324828170075079, -0.08007812500000012490 ) ) ;
#1944 = ADVANCED_FACE ( 'NONE', ( #2136 ), #2050, .F. ) ;
#1945 = CARTESIAN_POINT ( 'NONE',  ( 0.04870252959880215504, -0.02017324828170118795, -0.08398437500000016653 ) ) ;
#1946 = CARTESIAN_POINT ( 'NONE',  ( -0.02017324828170082018, -0.04870252959880215504, 0.8691406250000004441 ) ) ;
#1947 = CARTESIAN_POINT ( 'NONE',  ( 0.03443788894025156394, 0.03443788894025133496, -0.2070312500000001943 ) ) ;
#1948 = CARTESIAN_POINT ( 'NONE',  ( -0.02928135976391377585, 0.07069145586676625626, -0.2158203124999993339 ) ) ;
#1949 = CYLINDRICAL_SURFACE ( 'NONE', #89, 0.06899999999999993638 ) ;
#1950 = CARTESIAN_POINT ( 'NONE',  ( -0.02017324828170081324, 0.04870252959880150972, 0.6738281250000003331 ) ) ;
#1951 = ORIENTED_EDGE ( 'NONE', *, *, #56, .F. ) ;
#1952 = CARTESIAN_POINT ( 'NONE',  ( -8.657206515430192834E-18, -0.07069145586676678361, 0.5751953125000004441 ) ) ;
#1953 = CARTESIAN_POINT ( 'NONE',  ( 0.04879036790187169653, -0.04879036790187194633, -0.1992187499999994449 ) ) ;
#1954 = CARTESIAN_POINT ( 'NONE',  ( 8.450062914116729204E-18, -0.06899999999999996414, -0.2500000000000000000 ) ) ;
#1955 = LINE ( 'NONE', #1116, #993 ) ;
#1956 = CARTESIAN_POINT ( 'NONE',  ( 0.07069145586676646442, -3.338356652790262245E-16, 0.6162109375000001110 ) ) ;
#1957 = ORIENTED_EDGE ( 'NONE', *, *, #1020, .T. ) ;
#1958 = CARTESIAN_POINT ( 'NONE',  ( -0.04870252959880183585, -3.178676856567033324E-16, 0.6132812500000003331 ) ) ;
#1959 = CARTESIAN_POINT ( 'NONE',  ( -0.1238376471221976638, -0.06645404533538425140, 0.01254174817448610625 ) ) ;
#1960 = CARTESIAN_POINT ( 'NONE',  ( 0.02017324828170079937, -0.04870252959880216198, 0.5292968750000003331 ) ) ;
#1961 = CARTESIAN_POINT ( 'NONE',  ( 1.690012582823350463E-17, 0.06899999999999979761, 0.7500000000000001110 ) ) ;
#1962 = CARTESIAN_POINT ( 'NONE',  ( 0.02017324828170084447, 0.04870252959880150279, 0.7949218750000002220 ) ) ;
#1963 = FACE_BOUND ( 'NONE', #50, .T. ) ;
#1964 = EDGE_CURVE ( 'NONE', #2351, #5301, #5638, .T. ) ;
#1965 = CARTESIAN_POINT ( 'NONE',  ( 0.03443788894025155700, -0.03443788894025177211, -0.08984375000000018041 ) ) ;
#1966 = CARTESIAN_POINT ( 'NONE',  ( -0.04870252959880216198, -0.02017324828170116713, -0.2558593750000002776 ) ) ;
#1967 = ORIENTED_EDGE ( 'NONE', *, *, #3432, .F. ) ;
#1968 = CARTESIAN_POINT ( 'NONE',  ( 0.03443788894025132108, -0.03443788894025164721, 0.6562500000000004441 ) ) ;
#1969 = CARTESIAN_POINT ( 'NONE',  ( -0.02017324828170081324, 0.04870252959880150972, 0.6113281250000004441 ) ) ;
#1970 = CARTESIAN_POINT ( 'NONE',  ( -0.02465875746351703715, -0.04199859604412582020, -0.03000000000000003011 ) ) ;
#1971 = CARTESIAN_POINT ( 'NONE',  ( 0.04870252959880182891, -0.02017324828170116019, 0.8769531250000002220 ) ) ;
#1972 = CARTESIAN_POINT ( 'NONE',  ( 0.04870252959880215504, 0.02017324828170074733, -0.1464843750000002220 ) ) ;
#1973 = CARTESIAN_POINT ( 'NONE',  ( -0.02928135976391377585, 0.07069145586676625626, -0.1845703124999993061 ) ) ;
#1974 = CARTESIAN_POINT ( 'NONE',  ( 1.762782276905057321E-14, -0.06899999999999972822, -0.1679687499999988620 ) ) ;
#1975 = CARTESIAN_POINT ( 'NONE',  ( -0.04998640781534011840, -0.04998640781534032657, -0.04980468749999934774 ) ) ;
#1976 = CARTESIAN_POINT ( 'NONE',  ( 0.03443788894025132802, 0.03443788894025099495, 0.6367187500000003331 ) ) ;
#1977 = CARTESIAN_POINT ( 'NONE',  ( 0.01132353052052261638, 0.05992271304405471372, -0.03693843984701767474 ) ) ;
#1978 = EDGE_CURVE ( 'NONE', #3178, #4801, #3862, .T. ) ;
#1979 = CARTESIAN_POINT ( 'NONE',  ( 0.04998640781534011146, -0.04998640781534044453, 0.5166015625000005551 ) ) ;
#1980 = CARTESIAN_POINT ( 'NONE',  ( -0.07954130305497325581, 0.09841437456692353480, 0.8713802314671540428 ) ) ;
#1981 = CYLINDRICAL_SURFACE ( 'NONE', #3205, 0.06899999999999993638 ) ;
#1982 = CARTESIAN_POINT ( 'NONE',  ( 0.000000000000000000, -1.493979371535143794E-17, -0.2500000000000000000 ) ) ;
#1983 = CARTESIAN_POINT ( 'NONE',  ( -0.02928135976391377585, -0.07069145586676679749, 0.6376953125000002220 ) ) ;
#1984 = CARTESIAN_POINT ( 'NONE',  ( -0.02928135976391377585, -0.07069145586676678361, 0.8857421875000004441 ) ) ;
#1985 = VERTEX_POINT ( 'NONE', #3891 ) ;
#1986 = CARTESIAN_POINT ( 'NONE',  ( 0.03443788894025132802, 0.03443788894025099495, 0.6640625000000003331 ) ) ;
#1987 = CARTESIAN_POINT ( 'NONE',  ( 0.01737111215118057259, -0.06677757454887876809, -0.04171874999999983930 ) ) ;
#1988 = CARTESIAN_POINT ( 'NONE',  ( -0.02017324828170081324, 0.04870252959880150972, 0.5136718750000003331 ) ) ;
#1989 = CARTESIAN_POINT ( 'NONE',  ( -0.06900000000006178968, 0.02858073580376894324, -0.05273437500003599898 ) ) ;
#1990 = DIRECTION ( 'NONE',  ( -0.000000000000000000, 1.081356497492104437E-16, -1.000000000000000000 ) ) ;
#1991 = CARTESIAN_POINT ( 'NONE',  ( -0.02017324828170082018, -0.04870252959880215504, 0.7480468750000002220 ) ) ;
#1992 = CARTESIAN_POINT ( 'NONE',  ( 0.03443788894025156394, 0.03443788894025133496, -0.1718750000000001388 ) ) ;
#1993 = CARTESIAN_POINT ( 'NONE',  ( 0.000000000000000000, 0.04870252959880194688, -0.2656250000000001665 ) ) ;
#1994 = CARTESIAN_POINT ( 'NONE',  ( -0.04879036790187171041, -0.04879036790187191858, -0.2070312499999994726 ) ) ;
#1995 = ADVANCED_FACE ( 'NONE', ( #3359 ), #3408, .F. ) ;
#1996 = CARTESIAN_POINT ( 'NONE',  ( -0.04870252959880183585, -3.178676856567033324E-16, 0.7070312500000003331 ) ) ;
#1997 = ORIENTED_EDGE ( 'NONE', *, *, #2747, .F. ) ;
#1998 = CARTESIAN_POINT ( 'NONE',  ( 0.03443788894025132108, -0.03443788894025164721, 0.6289062500000002220 ) ) ;
#1999 = CARTESIAN_POINT ( 'NONE',  ( 0.04870252959880216892, -2.196841379741120074E-16, -0.08203125000000015266 ) ) ;
#2000 = CARTESIAN_POINT ( 'NONE',  ( 0.04870252959880215504, -0.02017324828170118795, -0.02148437500000012837 ) ) ;
#2001 = CARTESIAN_POINT ( 'NONE',  ( 0.04870252959880215504, -0.02017324828170119488, -0.2128906250000001943 ) ) ;
#2002 = CARTESIAN_POINT ( 'NONE',  ( 0.02928135976391375850, -0.07069145586676671422, -0.1064453124999993477 ) ) ;
#2003 = DIRECTION ( 'NONE',  ( 0.000000000000000000, 1.000000000000000000, 0.000000000000000000 ) ) ;
#2004 = CARTESIAN_POINT ( 'NONE',  ( 0.04870252959880182891, -0.02017324828170116019, 0.5996093750000003331 ) ) ;
#2005 = CARTESIAN_POINT ( 'NONE',  ( -0.07069145586676647830, -0.02928135976391408463, 0.5068359375000004441 ) ) ;
#2006 = DIRECTION ( 'NONE',  ( -0.000000000000000000, 1.081356497492104437E-16, -1.000000000000000000 ) ) ;
#2007 = CARTESIAN_POINT ( 'NONE',  ( -8.450062914116724582E-18, -0.06900000000000011680, -0.2343749999999994726 ) ) ;
#2008 = CARTESIAN_POINT ( 'NONE',  ( -0.06900000000000121314, 0.02858073580374384873, -0.1152343750000009992 ) ) ;
#2009 = CARTESIAN_POINT ( 'NONE',  ( -8.657206515430192834E-18, -0.07069145586676679749, 0.5458984375000002220 ) ) ;
#2010 = CARTESIAN_POINT ( 'NONE',  ( 0.1249999999999999445, 3.599008215475012207E-15, 0.8713915608176138194 ) ) ;
#2011 = CARTESIAN_POINT ( 'NONE',  ( -0.04870252959880183585, -0.02017324828170113243, 0.4902343750000004441 ) ) ;
#2012 = ORIENTED_EDGE ( 'NONE', *, *, #4283, .T. ) ;
#2013 = VECTOR ( 'NONE', #1084, 39.37007874015748143 ) ;
#2014 = CARTESIAN_POINT ( 'NONE',  ( 6.921095010189079441E-18, -0.05651502959880204402, -0.007812499999999991326 ) ) ;
#2015 = CARTESIAN_POINT ( 'NONE',  ( -0.03443788894025132802, -0.03443788894025164027, 0.5859375000000003331 ) ) ;
#2016 = CARTESIAN_POINT ( 'NONE',  ( -0.04879036790187187000, 0.04879036790187154388, 0.6250000000000005551 ) ) ;
#2017 = CONICAL_SURFACE ( 'NONE', #618, 0.1187499999999999944, 1.047197551196600074 ) ;
#2018 = CARTESIAN_POINT ( 'NONE',  ( -0.02017324828170080978, 0.04870252959880150972, 0.7050781250000002220 ) ) ;
#2019 = CARTESIAN_POINT ( 'NONE',  ( -0.03443788894025155700, 0.03443788894025134190, -0.1640625000000001388 ) ) ;
#2020 = CARTESIAN_POINT ( 'NONE',  ( 0.04870252959880215504, 0.02017324828170074386, -0.1777343750000002498 ) ) ;
#2021 =( BOUNDED_CURVE ( )  B_SPLINE_CURVE ( 2, ( #2451, #5560, #2812, #582, #1490, #1623, #2623, #5204, #5152 ),
 .UNSPECIFIED., .F., .T. ) 
 B_SPLINE_CURVE_WITH_KNOTS ( ( 3, 2, 2, 2, 3 ),
 ( 0.3125000000000000000, 0.3281250000000000000, 0.3437500000000000000, 0.3593749999999999445, 0.3749999999999999445 ),
 .UNSPECIFIED. ) 
 CURVE ( )  GEOMETRIC_REPRESENTATION_ITEM ( )  RATIONAL_B_SPLINE_CURVE ( ( 1.000000000000000000, 0.9238795325112867385, 1.000000000000000000, 0.9238795325112867385, 1.000000000000000000, 0.9238795325112867385, 1.000000000000000000, 0.9238795325112869605, 0.9999999999999997780 ) ) 
 REPRESENTATION_ITEM ( '' )  );
#2022 = DIRECTION ( 'NONE',  ( 0.5000000000000001110, 0.8660254037844387076, -0.000000000000000000 ) ) ;
#2023 = ADVANCED_FACE ( 'NONE', ( #2582 ), #5634, .T. ) ;
#2024 = ORIENTED_EDGE ( 'NONE', *, *, #5189, .T. ) ;
#2025 = CARTESIAN_POINT ( 'NONE',  ( 0.02017324828170079937, -0.04870252959880216198, 0.5019531250000003331 ) ) ;
#2026 = CARTESIAN_POINT ( 'NONE',  ( -5.964339698355230356E-18, -0.04870252959880237709, -0.05859375000000013878 ) ) ;
#2027 = CARTESIAN_POINT ( 'NONE',  ( 0.04870252959880216892, -2.158571167267765094E-16, -0.01953125000000013878 ) ) ;
#2028 = CARTESIAN_POINT ( 'NONE',  ( 0.04870252959880182891, 0.02017324828170050446, 0.7246093750000003331 ) ) ;
#2029 = B_SPLINE_CURVE_WITH_KNOTS ( 'NONE', 3,
 ( #336, #3008, #2517, #1660, #4692, #4722, #4257, #5182, #309, #5095, #3825, #2985, #5595, #5659, #3455, #4751, #5160, #1630 ),
 .UNSPECIFIED., .F., .F.,
 ( 4, 2, 2, 2, 2, 2, 2, 2, 4 ),
 ( 0.000000000000000000, 0.0004502817843127501296, 0.0009005635686255000424, 0.001350845352938250064, 0.001801127137251000085, 0.002251408921563750540, 0.002701690705876500127, 0.003151972490189249715, 0.003602254274501999302 ),
 .UNSPECIFIED. ) ;
#2030 = CARTESIAN_POINT ( 'NONE',  ( -0.03443788894025155700, 0.03443788894025134883, -0.1054687500000002082 ) ) ;
#2031 = CARTESIAN_POINT ( 'NONE',  ( 0.04998640781534011146, -0.04998640781534034044, -0.07324218749999933387 ) ) ;
#2032 = CARTESIAN_POINT ( 'NONE',  ( -0.04879036790187162020, 0.04879036790187141204, -0.1796875000000001943 ) ) ;
#2033 = CARTESIAN_POINT ( 'NONE',  ( -8.657206515430192834E-18, -0.07069145586676668647, -0.04589843749999933387 ) ) ;
#2034 = CARTESIAN_POINT ( 'NONE',  ( -0.03443788894025132108, 0.03443788894025100189, 0.5820312500000003331 ) ) ;
#2035 = CARTESIAN_POINT ( 'NONE',  ( -0.04870252959880183585, 0.02017324828170049406, 0.8652343750000002220 ) ) ;
#2036 = CARTESIAN_POINT ( 'NONE',  ( 0.02858073580358054186, -0.06900000000017346424, -0.1347656250000205114 ) ) ;
#2037 = CARTESIAN_POINT ( 'NONE',  ( 0.03443788894025155700, -0.03443788894025178599, -0.2421875000000001388 ) ) ;
#2038 = CARTESIAN_POINT ( 'NONE',  ( 0.06900000000000011680, -0.02858073580374397363, 0.7050781250000004441 ) ) ;
#2039 = DIRECTION ( 'NONE',  ( -0.000000000000000000, 1.081356497492104437E-16, -1.000000000000000000 ) ) ;
#2040 = CARTESIAN_POINT ( 'NONE',  ( 0.02928135976391382442, 0.07069145586676613136, 0.5283203125000002220 ) ) ;
#2041 = CARTESIAN_POINT ( 'NONE',  ( 1.731441303086038567E-17, 0.07069145586676613136, 0.8720703125000005551 ) ) ;
#2042 = ORIENTED_EDGE ( 'NONE', *, *, #3245, .T. ) ;
#2043 = CARTESIAN_POINT ( 'NONE',  ( 0.03443788894025132108, -0.03443788894025164721, 0.6250000000000003331 ) ) ;
#2044 = CARTESIAN_POINT ( 'NONE',  ( 0.04879036790187169653, -0.04879036790187193245, -0.1054687499999994449 ) ) ;
#2045 = CARTESIAN_POINT ( 'NONE',  ( -0.02017324828170081324, 0.04870252959880150972, 0.5761718750000005551 ) ) ;
#2046 = CARTESIAN_POINT ( 'NONE',  ( -0.1042994580772520774, 0.08412024710017237950, 0.008642187985005026288 ) ) ;
#2047 = EDGE_CURVE ( 'NONE', #2597, #19, #499, .T. ) ;
#2048 = CARTESIAN_POINT ( 'NONE',  ( -0.02017324828170080978, 0.04870252959880150972, 0.6425781250000003331 ) ) ;
#2049 = CARTESIAN_POINT ( 'NONE',  ( -0.03443788894025155700, 0.03443788894025134190, -0.1992187500000001943 ) ) ;
#2050 = CYLINDRICAL_SURFACE ( 'NONE', #4579, 0.06899999999999993638 ) ;
#2051 = FACE_OUTER_BOUND ( 'NONE', #3249, .T. ) ;
#2052 = CARTESIAN_POINT ( 'NONE',  ( 0.000000000000000000, 0.06899999999999992251, -0.2500000000000000000 ) ) ;
#2053 = CARTESIAN_POINT ( 'NONE',  ( -0.04870252959880216892, -2.048851926418999448E-16, -0.03515625000000015959 ) ) ;
#2054 = CARTESIAN_POINT ( 'NONE',  ( -0.04870252959880183585, -3.178676856567033324E-16, 0.8007812500000004441 ) ) ;
#2055 = CARTESIAN_POINT ( 'NONE',  ( 0.000000000000000000, 0.04870252959880195381, -0.1406250000000001943 ) ) ;
#2056 =( BOUNDED_CURVE ( )  B_SPLINE_CURVE ( 2, ( #389, #3091, #1749, #3912, #307, #2983, #2633, #4286, #2099 ),
 .UNSPECIFIED., .F., .T. ) 
 B_SPLINE_CURVE_WITH_KNOTS ( ( 3, 2, 2, 2, 3 ),
 ( 0.5357142857142860315, 0.5446428571428574283, 0.5535714285714288252, 0.5625000000000002220, 0.5714285714285715079 ),
 .UNSPECIFIED. ) 
 CURVE ( )  GEOMETRIC_REPRESENTATION_ITEM ( )  RATIONAL_B_SPLINE_CURVE ( ( 0.9999999999999971134, 0.9238795325112896251, 1.000000000000000000, 0.9238795325112867385, 1.000000000000000000, 0.9238795325112867385, 1.000000000000000000, 0.9238795325112857393, 1.000000000000000888 ) ) 
 REPRESENTATION_ITEM ( '' )  );
#2057 = CARTESIAN_POINT ( 'NONE',  ( -0.04998640781534011146, 0.04998640781533991023, -0.1201171874999993477 ) ) ;
#2058 = DIRECTION ( 'NONE',  ( -1.000000000000000000, -1.182924880895402004E-16, 0.000000000000000000 ) ) ;
#2059 = VERTEX_POINT ( 'NONE', #2967 ) ;
#2060 = CARTESIAN_POINT ( 'NONE',  ( -0.02017324828170081324, 0.04870252959880150972, 0.8886718750000004441 ) ) ;
#2061 = CARTESIAN_POINT ( 'NONE',  ( -0.03443788894025132108, 0.03443788894025100189, 0.8945312500000003331 ) ) ;
#2062 = CARTESIAN_POINT ( 'NONE',  ( 0.03443788894025132108, -0.03443788894025164721, 0.5000000000000004441 ) ) ;
#2063 = CARTESIAN_POINT ( 'NONE',  ( -0.04870252959880216198, -0.02017324828170115672, -0.06835937500000019429 ) ) ;
#2064 = CARTESIAN_POINT ( 'NONE',  ( 0.02858073580374352607, 0.06899999999999970046, -0.2207031249999993894 ) ) ;
#2065 = CARTESIAN_POINT ( 'NONE',  ( -0.04879036790187187000, 0.04879036790187154388, 0.7500000000000005551 ) ) ;
#2066 = CARTESIAN_POINT ( 'NONE',  ( 0.05503251028465175332, -0.04254822551909188261, -0.04236548892715209097 ) ) ;
#2067 = EDGE_CURVE ( 'NONE', #5591, #1403, #1638, .T. ) ;
#2068 = DIRECTION ( 'NONE',  ( -0.000000000000000000, 1.081356497492104437E-16, -1.000000000000000000 ) ) ;
#2069 = CARTESIAN_POINT ( 'NONE',  ( -0.04998640781534011146, 0.04998640781533978533, 0.7509765625000005551 ) ) ;
#2070 = ORIENTED_EDGE ( 'NONE', *, *, #1709, .F. ) ;
#2071 = DIRECTION ( 'NONE',  ( -0.000000000000000000, 1.081356497492104437E-16, -1.000000000000000000 ) ) ;
#2072 = CARTESIAN_POINT ( 'NONE',  ( -0.04870252959880183585, -3.178676856567033324E-16, 0.5507812500000003331 ) ) ;
#2073 = CARTESIAN_POINT ( 'NONE',  ( 0.000000000000000000, -1.493979371535143794E-17, -0.2500000000000000000 ) ) ;
#2074 = B_SPLINE_CURVE_WITH_KNOTS ( 'NONE', 3,
 ( #814, #2595, #382, #2150, #5676, #1711 ),
 .UNSPECIFIED., .F., .F.,
 ( 4, 2, 4 ),
 ( 6.194071302956325910E-17, 0.0003339356863371280748, 0.0006678713726741941333 ),
 .UNSPECIFIED. ) ;
#2075 = CARTESIAN_POINT ( 'NONE',  ( -0.02017324828170080978, 0.04870252959880150972, 0.5800781250000003331 ) ) ;
#2076 = CARTESIAN_POINT ( 'NONE',  ( 0.000000000000000000, 0.04870252959880195381, -0.1679687500000001388 ) ) ;
#2077 = CARTESIAN_POINT ( 'NONE',  ( 0.02017324828170097978, 0.04870252959880194688, -0.1113281250000002082 ) ) ;
#2078 = CARTESIAN_POINT ( 'NONE',  ( 0.04870252959880216892, -2.256638586730736846E-16, -0.1796875000000001943 ) ) ;
#2079 = DIRECTION ( 'NONE',  ( -0.5000000000000002220, -0.8660254037844385966, 0.000000000000000000 ) ) ;
#2080 = ORIENTED_EDGE ( 'NONE', *, *, #4375, .F. ) ;
#2081 = CARTESIAN_POINT ( 'NONE',  ( 1.192867939671037905E-17, 0.04870252959880150972, 0.5156250000000003331 ) ) ;
#2082 = CARTESIAN_POINT ( 'NONE',  ( -0.03443788894025132802, -0.03443788894025164027, 0.5859375000000003331 ) ) ;
#2083 = CARTESIAN_POINT ( 'NONE',  ( -0.04879036790187187000, -0.04879036790187219613, 0.8203125000000003331 ) ) ;
#2084 = CARTESIAN_POINT ( 'NONE',  ( -0.03443788894025132108, 0.03443788894025100189, 0.7656250000000003331 ) ) ;
#2085 = CARTESIAN_POINT ( 'NONE',  ( 0.04870252959880215504, 0.02017324828170075079, -0.05273437500000022204 ) ) ;
#2086 = DIRECTION ( 'NONE',  ( 0.000000000000000000, 0.8660254037844402619, -0.4999999999999972800 ) ) ;
#2087 = CARTESIAN_POINT ( 'NONE',  ( 0.02017324828170079937, -0.04870252959880216198, 0.5332031250000002220 ) ) ;
#2088 = CARTESIAN_POINT ( 'NONE',  ( 0.04870252959880182891, -0.02017324828170116019, 0.8496093750000002220 ) ) ;
#2089 = CARTESIAN_POINT ( 'NONE',  ( -0.02017324828170095202, 0.04870252959880196075, -0.04492187500000018041 ) ) ;
#2090 = ADVANCED_FACE ( 'NONE', ( #1192 ), #2909, .T. ) ;
#2091 = CARTESIAN_POINT ( 'NONE',  ( 0.000000000000000000, -1.493979371535143794E-17, -0.2500000000000000000 ) ) ;
#2092 = CARTESIAN_POINT ( 'NONE',  ( 8.450062914116729204E-18, -0.06899999999999996414, -0.2500000000000000000 ) ) ;
#2093 = FACE_OUTER_BOUND ( 'NONE', #3266, .T. ) ;
#2094 = AXIS2_PLACEMENT_3D ( 'NONE', #2073, #766, #740 ) ;
#2095 = CARTESIAN_POINT ( 'NONE',  ( 1.731441303086038567E-17, 0.07069145586676613136, 0.8408203125000005551 ) ) ;
#2096 = EDGE_CURVE ( 'NONE', #229, #126, #2949, .T. ) ;
#2097 = VERTEX_POINT ( 'NONE', #744 ) ;
#2098 = VECTOR ( 'NONE', #184, 39.37007874015748143 ) ;
#2099 = CARTESIAN_POINT ( 'NONE',  ( 1.690012582823350771E-17, 0.06899999999999979761, 0.6835937500000004441 ) ) ;
#2100 = CARTESIAN_POINT ( 'NONE',  ( 0.04998640781534013228, 0.04998640781533977839, 0.8701171875000001110 ) ) ;
#2101 = CARTESIAN_POINT ( 'NONE',  ( -0.04545869694502657765, 0.1180919763791852400, 0.003619768532845918201 ) ) ;
#2102 = EDGE_LOOP ( 'NONE', ( #3196, #3995, #220, #1547 ) ) ;
#2103 = VERTEX_POINT ( 'NONE', #2523 ) ;
#2104 = CARTESIAN_POINT ( 'NONE',  ( 1.192867939671037905E-17, 0.04870252959880150972, 0.5781250000000002220 ) ) ;
#2105 = CARTESIAN_POINT ( 'NONE',  ( -0.04879036790187171041, -0.04879036790187191164, -0.1132812499999994449 ) ) ;
#2106 = AXIS2_PLACEMENT_3D ( 'NONE', #617, #5419, #233 ) ;
#2107 = CARTESIAN_POINT ( 'NONE',  ( -5.964339698355230356E-18, -0.04870252959880237709, -0.1875000000000001943 ) ) ;
#2108 = DIRECTION ( 'NONE',  ( 0.000000000000000000, 1.000000000000000000, 8.764457463017301697E-17 ) ) ;
#2109 = CARTESIAN_POINT ( 'NONE',  ( 0.01737111215118057259, -0.06677757454887876809, -0.04171874999999983930 ) ) ;
#2110 = VERTEX_POINT ( 'NONE', #4264 ) ;
#2111 = CARTESIAN_POINT ( 'NONE',  ( -6.975793265435210994E-13, -0.06899999999999970046, -0.1054687500000476702 ) ) ;
#2112 = CARTESIAN_POINT ( 'NONE',  ( 0.000000000000000000, -1.351695621865133782E-17, 0.8750000000000001110 ) ) ;
#2113 = CARTESIAN_POINT ( 'NONE',  ( 0.04879036790187186307, -0.04879036790187220307, 0.8320312500000001110 ) ) ;
#2114 = CARTESIAN_POINT ( 'NONE',  ( -5.964339698355189526E-18, -0.04870252959880215504, 0.7773437500000004441 ) ) ;
#2115 = CARTESIAN_POINT ( 'NONE',  ( 0.04870252959880216892, -2.180098161784027378E-16, -0.05468750000000019429 ) ) ;
#2116 = CARTESIAN_POINT ( 'NONE',  ( 0.04998640781534011146, -0.04998640781534034044, -0.1044921874999993339 ) ) ;
#2117 = CARTESIAN_POINT ( 'NONE',  ( 0.02928135976391381748, 0.07069145586676622850, -0.2490234375000003053 ) ) ;
#2118 = CARTESIAN_POINT ( 'NONE',  ( 0.04870252959880183585, -3.297963650534137407E-16, 0.9101562500000003331 ) ) ;
#2119 = CARTESIAN_POINT ( 'NONE',  ( 1.192867939671037905E-17, 0.04870252959880150972, 0.7968750000000002220 ) ) ;
#2120 = ADVANCED_FACE ( 'NONE', ( #314 ), #2990, .T. ) ;
#2121 = CARTESIAN_POINT ( 'NONE',  ( 0.02017324828170099366, -0.04870252959880198157, 0.5019531250000003331 ) ) ;
#2122 = CARTESIAN_POINT ( 'NONE',  ( 1.690012582823350463E-17, 0.06899999999999979761, 0.5000000000000001110 ) ) ;
#2123 = DIRECTION ( 'NONE',  ( -0.000000000000000000, 1.081356497492104437E-16, -1.000000000000000000 ) ) ;
#2124 = ORIENTED_EDGE ( 'NONE', *, *, #2709, .F. ) ;
#2125 = ADVANCED_FACE ( 'NONE', ( #1217 ), #991, .T. ) ;
#2126 = CARTESIAN_POINT ( 'NONE',  ( 0.06900000000000011680, 0.02858073580374330749, 0.5253906250000000000 ) ) ;
#2127 = CARTESIAN_POINT ( 'NONE',  ( 0.07069145586676645054, -0.02928135976391412626, 0.8310546875000004441 ) ) ;
#2128 = ORIENTED_EDGE ( 'NONE', *, *, #1058, .T. ) ;
#2129 =( BOUNDED_CURVE ( )  B_SPLINE_CURVE ( 2, ( #666, #700, #2510, #4601, #2951, #5060, #606, #2424, #4658 ),
 .UNSPECIFIED., .F., .T. ) 
 B_SPLINE_CURVE_WITH_KNOTS ( ( 3, 2, 2, 2, 3 ),
 ( 0.5714285714285712858, 0.5803571428571426827, 0.5892857142857141906, 0.5982142857142855874, 0.6071428571428570953 ),
 .UNSPECIFIED. ) 
 CURVE ( )  GEOMETRIC_REPRESENTATION_ITEM ( )  RATIONAL_B_SPLINE_CURVE ( ( 1.000000000000000888, 0.9238795325112857393, 1.000000000000000000, 0.9238795325112867385, 1.000000000000000000, 0.9238795325112867385, 1.000000000000000000, 0.9238795325112877377, 0.9999999999999990008 ) ) 
 REPRESENTATION_ITEM ( '' )  );
#2130 = CARTESIAN_POINT ( 'NONE',  ( -8.450062914116752315E-18, -0.06900000000000044986, 0.7968750000000001110 ) ) ;
#2131 = CARTESIAN_POINT ( 'NONE',  ( -0.07069145586676646442, -3.165212522481658049E-16, 0.8505859375000002220 ) ) ;
#2132 = FACE_OUTER_BOUND ( 'NONE', #373, .T. ) ;
#2133 = ORIENTED_EDGE ( 'NONE', *, *, #5179, .T. ) ;
#2134 = CARTESIAN_POINT ( 'NONE',  ( -0.03443788894025132108, 0.03443788894025100189, 0.5820312500000003331 ) ) ;
#2135 = CARTESIAN_POINT ( 'NONE',  ( 0.03443788894025155700, -0.03443788894025177905, -0.1210937500000001943 ) ) ;
#2136 = FACE_OUTER_BOUND ( 'NONE', #5156, .T. ) ;
#2137 = VERTEX_POINT ( 'NONE', #2271 ) ;
#2139 = ADVANCED_FACE ( 'NONE', ( #2631 ), #5684, .F. ) ;
#2138 = VERTEX_POINT ( 'NONE', #4368 ) ;
#2140 = CARTESIAN_POINT ( 'NONE',  ( -0.03443788894025132802, -0.03443788894025164027, 0.5273437500000002220 ) ) ;
#2141 = CARTESIAN_POINT ( 'NONE',  ( 0.02017324828170079937, -0.04870252959880216198, 0.7480468750000003331 ) ) ;
#2142 = CARTESIAN_POINT ( 'NONE',  ( 0.1194697150057829893, 0.07401952568502523366, 0.8624582518255140551 ) ) ;
#2143 = CARTESIAN_POINT ( 'NONE',  ( 0.02017324828170093814, -0.04870252959880239096, -0.08789062500000016653 ) ) ;
#2144 = CARTESIAN_POINT ( 'NONE',  ( -0.04998640781534011146, -0.04998640781534033350, -0.2666015625000002776 ) ) ;
#2145 = ORIENTED_EDGE ( 'NONE', *, *, #2888, .F. ) ;
#2146 = CARTESIAN_POINT ( 'NONE',  ( -0.04870252959880183585, -3.178676856567033324E-16, 0.8945312500000003331 ) ) ;
#2147 = CARTESIAN_POINT ( 'NONE',  ( -0.04870252959880183585, -0.02017324828170113243, 0.8378906250000002220 ) ) ;
#2148 = CARTESIAN_POINT ( 'NONE',  ( -0.03443788894025155700, 0.03443788894025134190, -0.2265625000000001665 ) ) ;
#2149 = CARTESIAN_POINT ( 'NONE',  ( 0.03443788894025132802, 0.03443788894025099495, 0.5429687500000003331 ) ) ;
#2150 = CARTESIAN_POINT ( 'NONE',  ( 0.1194697150057824481, -0.07401952568502652430, 0.01254174817448592931 ) ) ;
#2151 = ORIENTED_EDGE ( 'NONE', *, *, #2888, .T. ) ;
#2152 = CARTESIAN_POINT ( 'NONE',  ( 0.008471840438354538011, 0.06253707712857628498, 0.8669674197159141782 ) ) ;
#2153 = CARTESIAN_POINT ( 'NONE',  ( -0.04870252959880183585, -3.178676856567033324E-16, 0.8671875000000002220 ) ) ;
#2154 = CARTESIAN_POINT ( 'NONE',  ( -0.02928135976391377585, 0.07069145586676614523, 0.8115234375000005551 ) ) ;
#2155 = ORIENTED_EDGE ( 'NONE', *, *, #4283, .F. ) ;
#2156 = CARTESIAN_POINT ( 'NONE',  ( -0.04870252959880216892, -2.146919345881970953E-16, -0.1953125000000001665 ) ) ;
#2157 = CARTESIAN_POINT ( 'NONE',  ( 0.06900000000000011680, -3.335249498770559690E-16, 0.5507812500000005551 ) ) ;
#2158 = CARTESIAN_POINT ( 'NONE',  ( -0.02928135976391377585, 0.07069145586676615911, 0.8134765625000002220 ) ) ;
#2159 = B_SPLINE_CURVE_WITH_KNOTS ( 'NONE', 3,
 ( #4005, #1389, #3156, #1120 ),
 .UNSPECIFIED., .F., .F.,
 ( 4, 4 ),
 ( 0.01874928392362087276, 0.02019991423392817828 ),
 .UNSPECIFIED. ) ;
#2160 = ORIENTED_EDGE ( 'NONE', *, *, #3580, .T. ) ;
#2161 = ORIENTED_EDGE ( 'NONE', *, *, #2663, .F. ) ;
#2162 = CARTESIAN_POINT ( 'NONE',  ( -0.02017324828170095896, -0.04870252959880237015, -0.03320312500000020123 ) ) ;
#2163 = CARTESIAN_POINT ( 'NONE',  ( 0.02283333207611211099, 0.06305787128367235095, 0.5000000000000001110 ) ) ;
#2164 = ORIENTED_EDGE ( 'NONE', *, *, #5614, .T. ) ;
#2165 = ORIENTED_EDGE ( 'NONE', *, *, #2663, .T. ) ;
#2166 = CARTESIAN_POINT ( 'NONE',  ( 0.000000000000000000, -3.746242201467919184E-17, -0.04171874999999982542 ) ) ;
#2167 = FACE_OUTER_BOUND ( 'NONE', #1802, .T. ) ;
#2168 = DIRECTION ( 'NONE',  ( -0.000000000000000000, -0.000000000000000000, -1.000000000000000000 ) ) ;
#2169 = CARTESIAN_POINT ( 'NONE',  ( 0.04870252959880183585, -3.297963650534137407E-16, 0.6289062500000003331 ) ) ;
#2170 = CARTESIAN_POINT ( 'NONE',  ( 0.1187499999999999944, -1.711591184772687368E-16, 0.8750000000000001110 ) ) ;
#2171 = CARTESIAN_POINT ( 'NONE',  ( -0.03443788894025155700, 0.03443788894025134883, -0.03906250000000013878 ) ) ;
#2172 = CARTESIAN_POINT ( 'NONE',  ( 0.000000000000000000, 0.06899999999999958944, -0.04171874999999981848 ) ) ;
#2173 = CARTESIAN_POINT ( 'NONE',  ( -0.04870252959880183585, -0.02017324828170113243, 0.4941406250000002220 ) ) ;
#2174 = CARTESIAN_POINT ( 'NONE',  ( 0.02017324828170079937, -0.04870252959880216198, 0.6582031250000002220 ) ) ;
#2175 = CARTESIAN_POINT ( 'NONE',  ( -0.02017324828170095896, -0.04870252959880239096, -0.2167968750000001388 ) ) ;
#2176 = CARTESIAN_POINT ( 'NONE',  ( -0.02017324828170080978, 0.04870252959880150972, 0.5175781250000004441 ) ) ;
#2177 = CARTESIAN_POINT ( 'NONE',  ( -0.06900000000000014455, -0.02858073580374393199, 0.7558593750000005551 ) ) ;
#2178 = CARTESIAN_POINT ( 'NONE',  ( 0.1249999999999999445, -0.01945171643929148597, 0.003608439182433865501 ) ) ;
#2179 = VERTEX_POINT ( 'NONE', #3592 ) ;
#2180 = CARTESIAN_POINT ( 'NONE',  ( -0.03443788894025132108, 0.03443788894025100189, 0.8320312500000002220 ) ) ;
#2181 = CARTESIAN_POINT ( 'NONE',  ( 0.04998640781534011146, -0.04998640781534044453, 0.7978515625000004441 ) ) ;
#2182 = CARTESIAN_POINT ( 'NONE',  ( -0.07954130305497328357, -0.09841437456692427033, 0.003619768532846105551 ) ) ;
#2183 = ORIENTED_EDGE ( 'NONE', *, *, #2676, .F. ) ;
#2184 = CARTESIAN_POINT ( 'NONE',  ( -0.02017324828170095896, -0.04870252959880239096, -0.2207031250000001943 ) ) ;
#2185 = CARTESIAN_POINT ( 'NONE',  ( 0.04879036790187187694, 0.04879036790187153000, 0.8085937500000001110 ) ) ;
#2186 = AXIS2_PLACEMENT_3D ( 'NONE', #4836, #4376, #4923 ) ;
#2187 = CARTESIAN_POINT ( 'NONE',  ( -0.07069145586676647830, 0.02928135976391345666, 0.8486328125000001110 ) ) ;
#2188 = CYLINDRICAL_SURFACE ( 'NONE', #423, 0.06899999999999993638 ) ;
#2189 = ORIENTED_EDGE ( 'NONE', *, *, #1549, .T. ) ;
#2190 = VECTOR ( 'NONE', #2006, 39.37007874015748143 ) ;
#2191 = CARTESIAN_POINT ( 'NONE',  ( -5.964339698355189526E-18, -0.04870252959880215504, 0.7773437500000004441 ) ) ;
#2192 = CARTESIAN_POINT ( 'NONE',  ( 1.690012582823350463E-17, 0.06899999999999979761, 0.6250000000000000000 ) ) ;
#2193 = CARTESIAN_POINT ( 'NONE',  ( -5.964339698355230356E-18, -0.04870252959880237709, -0.09375000000000019429 ) ) ;
#2194 = CIRCLE ( 'NONE', #712, 0.06899999999999993638 ) ;
#2195 = CARTESIAN_POINT ( 'NONE',  ( 0.06900000000000011680, 0.02858073580374330749, 0.6191406250000000000 ) ) ;
#2196 = CYLINDRICAL_SURFACE ( 'NONE', #604, 0.06899999999999970046 ) ;
#2197 = ORIENTED_EDGE ( 'NONE', *, *, #2885, .T. ) ;
#2198 = CYLINDRICAL_SURFACE ( 'NONE', #5420, 0.02500000000000000139 ) ;
#2199 = AXIS2_PLACEMENT_3D ( 'NONE', #4452, #1768, #958 ) ;
#2200 = CARTESIAN_POINT ( 'NONE',  ( 0.1249999999999999445, 0.05773502691896201938, 0.8640654110148561218 ) ) ;
#2201 = CARTESIAN_POINT ( 'NONE',  ( 0.04870252959880216892, 0.001531003069365461256, -0.01938302199387545097 ) ) ;
#2202 = CARTESIAN_POINT ( 'NONE',  ( -8.657206515430192834E-18, -0.07069145586676667259, -0.2001953125000003053 ) ) ;
#2203 = CARTESIAN_POINT ( 'NONE',  ( -0.03443788894025132108, 0.03443788894025100189, 0.8281250000000003331 ) ) ;
#2204 = AXIS2_PLACEMENT_3D ( 'NONE', #2166, #2287, #4788 ) ;
#2205 = CARTESIAN_POINT ( 'NONE',  ( 0.02017324828170084447, 0.04870252959880150279, 0.7636718750000002220 ) ) ;
#2206 = CARTESIAN_POINT ( 'NONE',  ( 0.000000000000000000, 0.06899999999999967271, -0.2187499999999994449 ) ) ;
#2207 = CARTESIAN_POINT ( 'NONE',  ( 0.000000000000000000, 0.04870252959880194688, -0.1992187500000001110 ) ) ;
#2208 = CARTESIAN_POINT ( 'NONE',  ( 0.1249999999999999584, -0.05773502691896537781, 0.01093458898514463977 ) ) ;
#2209 = CARTESIAN_POINT ( 'NONE',  ( -0.1162400740127033927, 0.07722632927554973215, 0.01198009908533985771 ) ) ;
#2210 = LINE ( 'NONE', #3028, #3216 ) ;
#2211 = CARTESIAN_POINT ( 'NONE',  ( 0.02017324828170079937, -0.04870252959880216198, 0.8769531250000002220 ) ) ;
#2212 =( BOUNDED_SURFACE ( )  B_SPLINE_SURFACE ( 1, 2, ( 
 ( #4963, #5462, #1136, #5433, #4590, #3759, #4187, #3279, #597, #4161, #5524, #1451, #1565, #215, #2354, #186, #3670, #1532, #242, #1042, #574, #1971, #1013, #2830, #4136, #1946, #688, #3728, #3334, #5492, #5079, #3700, #4080, #2915, #5022, #4651, #3304, #133, #1885, #3644, #5552, #2556, #2500, #4301, #3017, #4268, #3437, #5576, #776, #749, #5195, #2971, #1165, #5608, #4734, #1615, #1703, #5226, #804, #5167, #2054, #2467, #4763, #3810, #3465, #2527, #2943, #1643, #1247, #1591, #349, #4240, #2114, #2586, #319, #4328, #3384, #3866, #2084, #375, #4705, #4674, #3411, #5641, #5141, #1276, #3047, #2141, #1222, #3835, #1197, #295, #3896, #2994, #1674, #5668, #4212, #4790, #267, #2028, #3787, #3362, #5110, #722, #972, #145, #3630, #4922, #939, #400, #172, #4520, #506, #3238, #1002, #3207, #3657, #3181, #2340, #4949, #2759, #5451, #1931, #3688, #4095, #4493, #4065, #59, #5336, #4033, #1497, #4548, #4465, #1470, #2733, #4894, #2280, #3268, #535, #3923, #4978, #3152, #1384, #1873, #2314, #1811, #2791, #94, #2169, #121, #3569, #588, #5391, #1437, #5366, #1845, #561, #3600, #1900, #832, #1414, #5417, #2369, #1030, #2818, #4122, #2615, #4355, #2402, #2961, #2015, #3294, #1124, #5039, #2488, #2045, #4609, #1523, #2930, #204, #3743, #2877, #1092, #1629, #1152, #1182, #3776, #4256, #2072, #5540, #2904, #739, #2456, #4691, #646, #1577, #1605, #3376, #2432, #1960, #2516, #4176, #231, #5128, #308, #1062, #4664, #1988, #3824, #3351, #615, #5509, #1552, #3319, #707, #5594, #5010, #4230, #4575, #3715, #2848, #5067, #4638, #4201, #5480 ),
 ( #4150, #673, #257, #5094, #285, #3802, #5566, #824, #4721, #3512, #5715, #335, #2666, #1213, #765, #793, #2576, #1320, #2100, #3007, #1659, #4779, #4319, #878, #3037, #2542, #366, #2635, #2131, #2187, #4833, #3944, #5658, #1750, #3483, #391, #3882, #3404, #1691, #4750, #3454, #5212, #3428, #5181, #4401, #1293, #1236, #2158, #1263, #5246, #3065, #2602, #24, #4344, #5159, #3913, #3972, #3092, #5272, #445, #5686, #1720, #4806, #3852, #853, #414, #4287, #4370, #2218, #2984, #5627, #2813, #2244, #933, #996, #3533, #4116, #4027, #2729, #4890, #531, #905, #1839, #4460, #1867, #2336, #3596, #2786, #502, #118, #87, #4516, #2274, #471, #4918, #4062, #5361, #1024, #4543, #140, #4488, #1410, #3177, #3563, #3653, #1806, #557, #3626, #5298, #968, #2755, #5329, #3202, #2310, #5388, #1433, #4943, #4091, #1896, #5413, #1378, #1346, #583, #1463, #3146, #3234, #4975, #2364, #1775, #3116, #4861, #2694, #4428, #3998, #55, #2954, #1573, #1983, #3315, #5004, #4569, #3290, #4684, #3797, #3710, #702, #197, #4145, #1956, #1174, #3736, #3264, #2481, #2396, #609, #1117, #5502, #1055, #4197, #5475, #1491, #226, #2843, #5561, #2898, #4172, #4603, #1516, #5062, #5031, #1545, #733, #1086, #4633, #1600, #4224, #668, #2426, #2452, #3372, #2872, #5122, #248, #641, #2009, #3770, #3345, #2926, #5535, #5089, #1147, #4660, #279, #2040, #2512, #167, #1925, #3682, #5446, #3504, #3846, #4252, #844, #5620, #5264, #4310, #4716, #1682, #3057, #1624, #4338, #4280, #759, #3421, #3475, #304, #871, #785, #5174, #1653, #3027, #3398, #360, #1230, #1311 ) ),
 .UNSPECIFIED., .F., .F., .T. ) 
 B_SPLINE_SURFACE_WITH_KNOTS ( ( 2, 2 ),
 ( 3, 2, 2, 2, 2, 2, 2, 2, 2, 2, 2, 2, 2, 2, 2, 2, 2, 2, 2, 2, 2, 2, 2, 2, 2, 2, 2, 2, 2, 2, 2, 2, 2, 2, 2, 2, 2, 2, 2, 2, 2, 2, 2, 2, 2, 2, 2, 2, 2, 2, 2, 2, 2, 2, 2, 2, 2, 2, 2, 2, 2, 2, 2, 2, 2, 2, 2, 2, 2, 2, 2, 2, 2, 2, 2, 2, 2, 2, 2, 2, 2, 2, 2, 2, 2, 2, 2, 2, 2, 2, 2, 2, 2, 2, 2, 2, 2, 2, 2, 2, 2, 2, 2, 2, 2, 2, 2, 2, 2, 2, 2, 2, 3 ),
 ( 0.000000000000000000, 1.000000000000000000 ),
 ( 0.000000000000000000, 0.008928571428571428076, 0.01785714285714285615, 0.02678571428571428423, 0.03571428571428571230, 0.04464285714285714385, 0.05357142857142856845, 0.06250000000000000000, 0.07142857142857142461, 0.08035714285714286309, 0.08928571428571428770, 0.09821428571428571230, 0.1071428571428571369, 0.1160714285714285754, 0.1250000000000000000, 0.1339285714285714246, 0.1428571428571428492, 0.1517857142857142738, 0.1607142857142857262, 0.1696428571428571508, 0.1785714285714285754, 0.1875000000000000000, 0.1964285714285714246, 0.2053571428571428492, 0.2142857142857142738, 0.2232142857142857262, 0.2321428571428571508, 0.2410714285714285754, 0.2500000000000000000, 0.2589285714285714524, 0.2678571428571428492, 0.2767857142857143016, 0.2857142857142856984, 0.2946428571428571508, 0.3035714285714285476, 0.3125000000000000000, 0.3214285714285714524, 0.3303571428571428492, 0.3392857142857143016, 0.3482142857142856984, 0.3571428571428571508, 0.3660714285714285476, 0.3750000000000000000, 0.3839285714285714524, 0.3928571428571428492, 0.4017857142857143016, 0.4107142857142856984, 0.4196428571428571508, 0.4285714285714285476, 0.4375000000000000000, 0.4464285714285714524, 0.4553571428571428492, 0.4642857142857143016, 0.4732142857142856984, 0.4821428571428571508, 0.4910714285714285476, 0.5000000000000000000, 0.5089285714285713969, 0.5178571428571429047, 0.5267857142857143016, 0.5357142857142856984, 0.5446428571428570953, 0.5535714285714286031, 0.5625000000000000000, 0.5714285714285713969, 0.5803571428571429047, 0.5892857142857143016, 0.5982142857142856984, 0.6071428571428570953, 0.6160714285714286031, 0.6250000000000000000, 0.6339285714285713969, 0.6428571428571429047, 0.6517857142857143016, 0.6607142857142856984, 0.6696428571428570953, 0.6785714285714286031, 0.6875000000000000000, 0.6964285714285713969, 0.7053571428571429047, 0.7142857142857143016, 0.7232142857142856984, 0.7321428571428570953, 0.7410714285714286031, 0.7500000000000000000, 0.7589285714285713969, 0.7678571428571429047, 0.7767857142857143016, 0.7857142857142856984, 0.7946428571428570953, 0.8035714285714286031, 0.8125000000000000000, 0.8214285714285713969, 0.8303571428571429047, 0.8392857142857143016, 0.8482142857142856984, 0.8571428571428570953, 0.8660714285714286031, 0.8750000000000000000, 0.8839285714285713969, 0.8928571428571429047, 0.9017857142857143016, 0.9107142857142856984, 0.9196428571428570953, 0.9285714285714286031, 0.9375000000000000000, 0.9464285714285713969, 0.9553571428571429047, 0.9642857142857143016, 0.9732142857142856984, 0.9821428571428570953, 0.9910714285714286031, 1.000000000000000000 ),
 .UNSPECIFIED. ) 
 GEOMETRIC_REPRESENTATION_ITEM ( )  RATIONAL_B_SPLINE_SURFACE ( (
 ( 1.000000000000000000, 0.9238795325112867385, 1.000000000000000000, 0.9238795325112867385, 1.000000000000000000, 0.9238795325112867385, 1.000000000000000000, 0.9238795325112867385, 1.000000000000000000, 0.9238795325112867385, 1.000000000000000000, 0.9238795325112867385, 1.000000000000000000, 0.9238795325112867385, 1.000000000000000000, 0.9238795325112867385, 1.000000000000000000, 0.9238795325112867385, 1.000000000000000000, 0.9238795325112867385, 1.000000000000000000, 0.9238795325112867385, 1.000000000000000000, 0.9238795325112867385, 1.000000000000000000, 0.9238795325112867385, 1.000000000000000000, 0.9238795325112867385, 1.000000000000000000, 0.9238795325112867385, 1.000000000000000000, 0.9238795325112867385, 1.000000000000000000, 0.9238795325112867385, 1.000000000000000000, 0.9238795325112867385, 1.000000000000000000, 0.9238795325112867385, 1.000000000000000000, 0.9238795325112867385, 1.000000000000000000, 0.9238795325112867385, 1.000000000000000000, 0.9238795325112867385, 1.000000000000000000, 0.9238795325112867385, 1.000000000000000000, 0.9238795325112867385, 1.000000000000000000, 0.9238795325112867385, 1.000000000000000000, 0.9238795325112867385, 1.000000000000000000, 0.9238795325112867385, 1.000000000000000000, 0.9238795325112867385, 1.000000000000000000, 0.9238795325112867385, 1.000000000000000000, 0.9238795325112867385, 1.000000000000000000, 0.9238795325112867385, 1.000000000000000000, 0.9238795325112867385, 1.000000000000000000, 0.9238795325112867385, 1.000000000000000000, 0.9238795325112867385, 1.000000000000000000, 0.9238795325112867385, 1.000000000000000000, 0.9238795325112867385, 1.000000000000000000, 0.9238795325112867385, 1.000000000000000000, 0.9238795325112867385, 1.000000000000000000, 0.9238795325112867385, 1.000000000000000000, 0.9238795325112867385, 1.000000000000000000, 0.9238795325112867385, 1.000000000000000000, 0.9238795325112867385, 1.000000000000000000, 0.9238795325112867385, 1.000000000000000000, 0.9238795325112867385, 1.000000000000000000, 0.9238795325112867385, 1.000000000000000000, 0.9238795325112867385, 1.000000000000000000, 0.9238795325112867385, 1.000000000000000000, 0.9238795325112867385, 1.000000000000000000, 0.9238795325112867385, 1.000000000000000000, 0.9238795325112867385, 1.000000000000000000, 0.9238795325112867385, 1.000000000000000000, 0.9238795325112867385, 1.000000000000000000, 0.9238795325112867385, 1.000000000000000000, 0.9238795325112867385, 1.000000000000000000, 0.9238795325112867385, 1.000000000000000000, 0.9238795325112867385, 1.000000000000000000, 0.9238795325112867385, 1.000000000000000000, 0.9238795325112867385, 1.000000000000000000, 0.9238795325112867385, 1.000000000000000000, 0.9238795325112867385, 1.000000000000000000, 0.9238795325112867385, 1.000000000000000000, 0.9238795325112867385, 1.000000000000000000, 0.9238795325112867385, 1.000000000000000000, 0.9238795325112867385, 1.000000000000000000, 0.9238795325112867385, 1.000000000000000000, 0.9238795325112867385, 1.000000000000000000, 0.9238795325112867385, 1.000000000000000000, 0.9238795325112867385, 1.000000000000000000, 0.9238795325112867385, 1.000000000000000000, 0.9238795325112867385, 1.000000000000000000, 0.9238795325112867385, 1.000000000000000000, 0.9238795325112867385, 1.000000000000000000, 0.9238795325112867385, 1.000000000000000000, 0.9238795325112867385, 1.000000000000000000, 0.9238795325112867385, 1.000000000000000000, 0.9238795325112867385, 1.000000000000000000, 0.9238795325112867385, 1.000000000000000000, 0.9238795325112867385, 1.000000000000000000, 0.9238795325112867385, 1.000000000000000000, 0.9238795325112867385, 1.000000000000000000, 0.9238795325112867385, 1.000000000000000000, 0.9238795325112867385, 1.000000000000000000, 0.9238795325112867385, 1.000000000000000000, 0.9238795325112867385, 1.000000000000000000, 0.9238795325112867385, 1.000000000000000000, 0.9238795325112867385, 1.000000000000000000, 0.9238795325112867385, 1.000000000000000000, 0.9238795325112867385, 1.000000000000000000, 0.9238795325112867385, 1.000000000000000000, 0.9238795325112867385, 1.000000000000000000, 0.9238795325112867385, 1.000000000000000000, 0.9238795325112867385, 1.000000000000000000, 0.9238795325112867385, 1.000000000000000000, 0.9238795325112867385, 1.000000000000000000, 0.9238795325112867385, 1.000000000000000000, 0.9238795325112867385, 1.000000000000000000, 0.9238795325112867385, 1.000000000000000000, 0.9238795325112867385, 1.000000000000000000, 0.9238795325112867385, 1.000000000000000000, 0.9238795325112867385, 1.000000000000000000, 0.9238795325112867385, 1.000000000000000000, 0.9238795325112867385, 1.000000000000000000, 0.9238795325112867385, 1.000000000000000000, 0.9238795325112867385, 1.000000000000000000, 0.9238795325112867385, 1.000000000000000000, 0.9238795325112867385, 1.000000000000000000, 0.9238795325112867385, 1.000000000000000000, 0.9238795325112867385, 1.000000000000000000, 0.9238795325112867385, 1.000000000000000000, 0.9238795325112867385, 1.000000000000000000, 0.9238795325112867385, 1.000000000000000000, 0.9238795325112867385, 1.000000000000000000),
 ( 1.000000000000000000, 0.9238795325112867385, 1.000000000000000000, 0.9238795325112867385, 1.000000000000000000, 0.9238795325112867385, 1.000000000000000000, 0.9238795325112867385, 1.000000000000000000, 0.9238795325112867385, 1.000000000000000000, 0.9238795325112867385, 1.000000000000000000, 0.9238795325112867385, 1.000000000000000000, 0.9238795325112867385, 1.000000000000000000, 0.9238795325112867385, 1.000000000000000000, 0.9238795325112867385, 1.000000000000000000, 0.9238795325112867385, 1.000000000000000000, 0.9238795325112867385, 1.000000000000000000, 0.9238795325112867385, 1.000000000000000000, 0.9238795325112867385, 1.000000000000000000, 0.9238795325112867385, 1.000000000000000000, 0.9238795325112867385, 1.000000000000000000, 0.9238795325112867385, 1.000000000000000000, 0.9238795325112867385, 1.000000000000000000, 0.9238795325112867385, 1.000000000000000000, 0.9238795325112867385, 1.000000000000000000, 0.9238795325112867385, 1.000000000000000000, 0.9238795325112867385, 1.000000000000000000, 0.9238795325112867385, 1.000000000000000000, 0.9238795325112867385, 1.000000000000000000, 0.9238795325112867385, 1.000000000000000000, 0.9238795325112867385, 1.000000000000000000, 0.9238795325112867385, 1.000000000000000000, 0.9238795325112867385, 1.000000000000000000, 0.9238795325112867385, 1.000000000000000000, 0.9238795325112867385, 1.000000000000000000, 0.9238795325112867385, 1.000000000000000000, 0.9238795325112867385, 1.000000000000000000, 0.9238795325112867385, 1.000000000000000000, 0.9238795325112867385, 1.000000000000000000, 0.9238795325112867385, 1.000000000000000000, 0.9238795325112867385, 1.000000000000000000, 0.9238795325112867385, 1.000000000000000000, 0.9238795325112867385, 1.000000000000000000, 0.9238795325112867385, 1.000000000000000000, 0.9238795325112867385, 1.000000000000000000, 0.9238795325112867385, 1.000000000000000000, 0.9238795325112867385, 1.000000000000000000, 0.9238795325112867385, 1.000000000000000000, 0.9238795325112867385, 1.000000000000000000, 0.9238795325112867385, 1.000000000000000000, 0.9238795325112867385, 1.000000000000000000, 0.9238795325112867385, 1.000000000000000000, 0.9238795325112867385, 1.000000000000000000, 0.9238795325112867385, 1.000000000000000000, 0.9238795325112867385, 1.000000000000000000, 0.9238795325112867385, 1.000000000000000000, 0.9238795325112867385, 1.000000000000000000, 0.9238795325112867385, 1.000000000000000000, 0.9238795325112867385, 1.000000000000000000, 0.9238795325112867385, 1.000000000000000000, 0.9238795325112867385, 1.000000000000000000, 0.9238795325112867385, 1.000000000000000000, 0.9238795325112867385, 1.000000000000000000, 0.9238795325112867385, 1.000000000000000000, 0.9238795325112867385, 1.000000000000000000, 0.9238795325112867385, 1.000000000000000000, 0.9238795325112867385, 1.000000000000000000, 0.9238795325112867385, 1.000000000000000000, 0.9238795325112867385, 1.000000000000000000, 0.9238795325112867385, 1.000000000000000000, 0.9238795325112867385, 1.000000000000000000, 0.9238795325112867385, 1.000000000000000000, 0.9238795325112867385, 1.000000000000000000, 0.9238795325112867385, 1.000000000000000000, 0.9238795325112867385, 1.000000000000000000, 0.9238795325112867385, 1.000000000000000000, 0.9238795325112867385, 1.000000000000000000, 0.9238795325112867385, 1.000000000000000000, 0.9238795325112867385, 1.000000000000000000, 0.9238795325112867385, 1.000000000000000000, 0.9238795325112867385, 1.000000000000000000, 0.9238795325112867385, 1.000000000000000000, 0.9238795325112867385, 1.000000000000000000, 0.9238795325112867385, 1.000000000000000000, 0.9238795325112867385, 1.000000000000000000, 0.9238795325112867385, 1.000000000000000000, 0.9238795325112867385, 1.000000000000000000, 0.9238795325112867385, 1.000000000000000000, 0.9238795325112867385, 1.000000000000000000, 0.9238795325112867385, 1.000000000000000000, 0.9238795325112867385, 1.000000000000000000, 0.9238795325112867385, 1.000000000000000000, 0.9238795325112867385, 1.000000000000000000, 0.9238795325112867385, 1.000000000000000000, 0.9238795325112867385, 1.000000000000000000, 0.9238795325112867385, 1.000000000000000000, 0.9238795325112867385, 1.000000000000000000, 0.9238795325112867385, 1.000000000000000000, 0.9238795325112867385, 1.000000000000000000, 0.9238795325112867385, 1.000000000000000000, 0.9238795325112867385, 1.000000000000000000, 0.9238795325112867385, 1.000000000000000000, 0.9238795325112867385, 1.000000000000000000, 0.9238795325112867385, 1.000000000000000000, 0.9238795325112867385, 1.000000000000000000, 0.9238795325112867385, 1.000000000000000000, 0.9238795325112867385, 1.000000000000000000, 0.9238795325112867385, 1.000000000000000000, 0.9238795325112867385, 1.000000000000000000, 0.9238795325112867385, 1.000000000000000000, 0.9238795325112867385, 1.000000000000000000, 0.9238795325112867385, 1.000000000000000000, 0.9238795325112867385, 1.000000000000000000, 0.9238795325112867385, 1.000000000000000000, 0.9238795325112867385, 1.000000000000000000, 0.9238795325112867385, 1.000000000000000000, 0.9238795325112867385, 1.000000000000000000) ) ) 
 REPRESENTATION_ITEM ( '' )  SURFACE ( )  );
#2213 = CARTESIAN_POINT ( 'NONE',  ( 0.02928135976391381748, 0.07069145586676611748, 0.7138671875000005551 ) ) ;
#2214 = ORIENTED_EDGE ( 'NONE', *, *, #3737, .T. ) ;
#2215 = EDGE_CURVE ( 'NONE', #2378, #1417, #1343, .T. ) ;
#2216 = CARTESIAN_POINT ( 'NONE',  ( 0.02896526670286994273, -0.1276144627693554523, 0.8682027953402948750 ) ) ;
#2217 = CARTESIAN_POINT ( 'NONE',  ( -0.01250000000000001110, -0.1371206889325363998, 0.01093458898514408466 ) ) ;
#2218 = CARTESIAN_POINT ( 'NONE',  ( 0.07069145586676646442, -3.338356652790262245E-16, 0.7724609375000001110 ) ) ;
#2219 = CARTESIAN_POINT ( 'NONE',  ( 0.000000000000000000, 0.07069145586676624238, -0.1865234374999993061 ) ) ;
#2220 = ORIENTED_EDGE ( 'NONE', *, *, #3860, .T. ) ;
#2221 = B_SPLINE_CURVE_WITH_KNOTS ( 'NONE', 3,
 ( #4686, #1176, #281, #3470, #2794, #5395, #1354, #4037, #975, #5339, #5421, #97, #3603, #2762 ),
 .UNSPECIFIED., .F., .F.,
 ( 4, 2, 2, 2, 2, 2, 4 ),
 ( 0.006791744406776817691, 0.007141375365258505019, 0.007491006323740192346, 0.007840637282221878807, 0.008190268240703567001, 0.008889530157666939922, 0.009588792074630314577 ),
 .UNSPECIFIED. ) ;
#2222 = CARTESIAN_POINT ( 'NONE',  ( 0.02017324828170084447, 0.04870252959880150279, 0.7910156250000003331 ) ) ;
#2223 = DIRECTION ( 'NONE',  ( 1.000000000000000000, 0.000000000000000000, 0.000000000000000000 ) ) ;
#2224 = EDGE_CURVE ( 'NONE', #2110, #3259, #3922, .T. ) ;
#2225 = CARTESIAN_POINT ( 'NONE',  ( 0.02928135976391375850, -0.07069145586676670034, -0.01269531249999933734 ) ) ;
#2226 = LINE ( 'NONE', #4812, #2665 ) ;
#2227 = CARTESIAN_POINT ( 'NONE',  ( 0.02556794352897751726, 0.04145137697376483771, 0.8527025295988018838 ) ) ;
#2228 = EDGE_LOOP ( 'NONE', ( #845, #112, #4099, #3109, #4411 ) ) ;
#2229 = CARTESIAN_POINT ( 'NONE',  ( -0.1249999999999999167, 3.583700082140831452E-15, 0.8713915608176138194 ) ) ;
#2230 = CARTESIAN_POINT ( 'NONE',  ( -0.07069145586676647830, -0.02928135976391399789, -0.2392578124999993616 ) ) ;
#2231 = CARTESIAN_POINT ( 'NONE',  ( 0.07069145586676646442, -2.285670119658834127E-16, -0.1611328125000003053 ) ) ;
#2232 = CARTESIAN_POINT ( 'NONE',  ( 0.03443788894025132108, -0.03443788894025164721, 0.8437500000000004441 ) ) ;
#2233 = CARTESIAN_POINT ( 'NONE',  ( -0.04870252959880183585, -0.02017324828170113243, 0.6816406250000002220 ) ) ;
#2234 = CARTESIAN_POINT ( 'NONE',  ( 0.04870252959880215504, 0.02017324828170074733, -0.1113281250000001388 ) ) ;
#2235 = CARTESIAN_POINT ( 'NONE',  ( 0.03443788894025156394, 0.03443788894025133496, -0.2031250000000001388 ) ) ;
#2236 = CARTESIAN_POINT ( 'NONE',  ( -0.06900000000000011680, 0.02858073580374329709, 0.5058593750000001110 ) ) ;
#2237 = CARTESIAN_POINT ( 'NONE',  ( 0.1124999999999999611, -0.07938566201357381835, 0.01093458898514403782 ) ) ;
#2238 = CARTESIAN_POINT ( 'NONE',  ( -0.06900000000000014455, -0.02858073580374393199, 0.7871093750000005551 ) ) ;
#2239 = CARTESIAN_POINT ( 'NONE',  ( 0.04870252959880182891, 0.02017324828170050446, 0.7285156250000004441 ) ) ;
#2240 = CARTESIAN_POINT ( 'NONE',  ( 1.731441303086038567E-17, 0.07069145586676613136, 0.6845703125000005551 ) ) ;
#2241 = ORIENTED_EDGE ( 'NONE', *, *, #481, .F. ) ;
#2242 = CARTESIAN_POINT ( 'NONE',  ( 0.02858073580371311984, 0.06900000000002991241, -0.1855468749999972244 ) ) ;
#2243 = DIRECTION ( 'NONE',  ( 0.000000000000000000, 1.000000000000000000, 8.764457463017301697E-17 ) ) ;
#2244 = CARTESIAN_POINT ( 'NONE',  ( -8.657206515430192834E-18, -0.07069145586676679749, 0.7646484375000002220 ) ) ;
#2245 = ADVANCED_FACE ( 'NONE', ( #3970 ), #5099, .F. ) ;
#2246 =( BOUNDED_CURVE ( )  B_SPLINE_CURVE ( 2, ( #4008, #2613, #4870, #1756, #480, #64, #884, #1818, #2675 ),
 .UNSPECIFIED., .F., .T. ) 
 B_SPLINE_CURVE_WITH_KNOTS ( ( 3, 2, 2, 2, 3 ),
 ( 0.8214285714285715079, 0.8303571428571430157, 0.8392857142857143016, 0.8482142857142855874, 0.8571428571428569843 ),
 .UNSPECIFIED. ) 
 CURVE ( )  GEOMETRIC_REPRESENTATION_ITEM ( )  RATIONAL_B_SPLINE_CURVE ( ( 0.9999999999999990008, 0.9238795325112877377, 1.000000000000000000, 0.9238795325112867385, 1.000000000000000000, 0.9238795325112867385, 1.000000000000000000, 0.9238795325112877377, 0.9999999999999990008 ) ) 
 REPRESENTATION_ITEM ( '' )  );
#2247 = ORIENTED_EDGE ( 'NONE', *, *, #3031, .T. ) ;
#2248 = CARTESIAN_POINT ( 'NONE',  ( 0.04870252959880182891, 0.02017324828170050446, 0.7246093750000003331 ) ) ;
#2249 = CARTESIAN_POINT ( 'NONE',  ( 0.04870252959880183585, -3.297963650534137407E-16, 0.5664062500000004441 ) ) ;
#2250 = CARTESIAN_POINT ( 'NONE',  ( 0.04870252959880215504, 0.02017324828170075079, -0.08398437500000018041 ) ) ;
#2251 = CARTESIAN_POINT ( 'NONE',  ( 0.04333838428443546192, -0.02688012801301674706, 0.4999999999999998335 ) ) ;
#2252 = CARTESIAN_POINT ( 'NONE',  ( 0.04738981599798618854, 0.01123128349740908603, 0.8527025295988096554 ) ) ;
#2253 = ORIENTED_EDGE ( 'NONE', *, *, #3326, .T. ) ;
#2254 = CARTESIAN_POINT ( 'NONE',  ( -0.1249999999999999167, 0.05773502691896206795, 0.8640654110148561218 ) ) ;
#2255 = CARTESIAN_POINT ( 'NONE',  ( 0.03443788894025155700, -0.03443788894025177905, -0.2109375000000001388 ) ) ;
#2256 = CARTESIAN_POINT ( 'NONE',  ( -0.04870252959880216198, -0.02017324828170116019, -0.09570312500000013878 ) ) ;
#2257 = CARTESIAN_POINT ( 'NONE',  ( 0.04998640781534011840, 0.04998640781533988942, -0.1572265625000003331 ) ) ;
#2258 = CARTESIAN_POINT ( 'NONE',  ( 0.04870252959880182891, -0.02017324828170116019, 0.8144531250000005551 ) ) ;
#2259 = CARTESIAN_POINT ( 'NONE',  ( 0.03443788894025132108, -0.03443788894025164721, 0.7539062500000002220 ) ) ;
#2260 = CARTESIAN_POINT ( 'NONE',  ( 0.03443788894025155700, -0.03443788894025177905, -0.1484375000000001388 ) ) ;
#2261 = CARTESIAN_POINT ( 'NONE',  ( -5.964339698355230356E-18, -0.04870252959880237709, -0.1210937500000001388 ) ) ;
#2262 = CARTESIAN_POINT ( 'NONE',  ( 0.02017324828170084447, 0.04870252959880150279, 0.5722656250000004441 ) ) ;
#2263 = DIRECTION ( 'NONE',  ( -0.000000000000000000, 1.081356497492104437E-16, -1.000000000000000000 ) ) ;
#2264 = LINE ( 'NONE', #2749, #2475 ) ;
#2265 = CARTESIAN_POINT ( 'NONE',  ( 0.06900000000000011680, -3.335249498770560676E-16, 0.7734375000000001110 ) ) ;
#2266 = ORIENTED_EDGE ( 'NONE', *, *, #56, .T. ) ;
#2267 = CARTESIAN_POINT ( 'NONE',  ( -0.03443788894025132108, 0.03443788894025100189, 0.8007812500000002220 ) ) ;
#2268 = CARTESIAN_POINT ( 'NONE',  ( 0.07069145586676645054, 0.02928135976391346013, 0.6474609375000003331 ) ) ;
#2269 = VERTEX_POINT ( 'NONE', #5194 ) ;
#2270 = CARTESIAN_POINT ( 'NONE',  ( 0.06900000000000011680, 0.02858073580374330749, 0.8339843750000006661 ) ) ;
#2271 = CARTESIAN_POINT ( 'NONE',  ( 1.762782276905057321E-14, -0.06899999999999972822, -0.1679687499999988620 ) ) ;
#2272 = CARTESIAN_POINT ( 'NONE',  ( -0.06899999999999989475, -0.02858073580374374117, -0.1777343749999994449 ) ) ;
#2273 = DIRECTION ( 'NONE',  ( -0.000000000000000000, 1.081356497492104437E-16, -1.000000000000000000 ) ) ;
#2274 = CARTESIAN_POINT ( 'NONE',  ( -0.07069145586676646442, -3.165212522481658049E-16, 0.7255859375000001110 ) ) ;
#2275 = EDGE_CURVE ( 'NONE', #19, #170, #563, .T. ) ;
#2276 = ORIENTED_EDGE ( 'NONE', *, *, #347, .T. ) ;
#2277 = CARTESIAN_POINT ( 'NONE',  ( 0.02017324828170080284, -0.04870252959880216892, 0.7480468750000003331 ) ) ;
#2278 = CARTESIAN_POINT ( 'NONE',  ( 0.03443788894025132108, -0.03443788894025164721, 0.5625000000000003331 ) ) ;
#2279 =( BOUNDED_CURVE ( )  B_SPLINE_CURVE ( 2, ( #32, #5305, #3123, #912, #4924, #2704, #4435, #1386, #3153 ),
 .UNSPECIFIED., .F., .T. ) 
 B_SPLINE_CURVE_WITH_KNOTS ( ( 3, 2, 2, 2, 3 ),
 ( 0.8928571428571427937, 0.9017857142857141906, 0.9107142857142856984, 0.9196428571428570953, 0.9240040757086293022 ),
 .UNSPECIFIED. ) 
 CURVE ( )  GEOMETRIC_REPRESENTATION_ITEM ( )  RATIONAL_B_SPLINE_CURVE ( ( 1.000000000000000888, 0.9238795325112857393, 1.000000000000000000, 0.9238795325112867385, 1.000000000000000000, 0.9238795325112867385, 1.000000000000000000, 0.9628184644427322247, 0.9619600527969499604 ) ) 
 REPRESENTATION_ITEM ( '' )  );
#2280 = CARTESIAN_POINT ( 'NONE',  ( -5.964339698355189526E-18, -0.04870252959880215504, 0.6523437500000003331 ) ) ;
#2281 = CARTESIAN_POINT ( 'NONE',  ( -6.975793265435210994E-13, -0.06899999999999970046, -0.1054687500000476702 ) ) ;
#2282 = CARTESIAN_POINT ( 'NONE',  ( -0.02017324828170095202, 0.04870252959880196075, -0.04492187500000018041 ) ) ;
#2284 = CIRCLE ( 'NONE', #3562, 0.06118749999999978373 ) ;
#2283 = CARTESIAN_POINT ( 'NONE',  ( 0.04879036790187186307, -0.04879036790187220307, 0.6132812500000001110 ) ) ;
#2285 = CARTESIAN_POINT ( 'NONE',  ( 0.06899999999999988087, -0.02858073580374377240, -0.07226562499999945877 ) ) ;
#2286 = ORIENTED_EDGE ( 'NONE', *, *, #2787, .F. ) ;
#2287 = DIRECTION ( 'NONE',  ( -0.000000000000000000, 1.081356497492104437E-16, -1.000000000000000000 ) ) ;
#2288 = CARTESIAN_POINT ( 'NONE',  ( -0.02017324828170095896, -0.04870252959880239096, -0.2480468750000001665 ) ) ;
#2289 = CARTESIAN_POINT ( 'NONE',  ( -0.02017324828170095202, 0.04870252959880195381, -0.1386718750000001943 ) ) ;
#2290 = CARTESIAN_POINT ( 'NONE',  ( -0.06900000000000011680, -3.166248240488225568E-16, 0.5390625000000001110 ) ) ;
#2291 = AXIS2_PLACEMENT_3D ( 'NONE', #3354, #5097, #711 ) ;
#2292 = CARTESIAN_POINT ( 'NONE',  ( -8.450062914116752315E-18, -0.06900000000000044986, 0.7031250000000001110 ) ) ;
#2293 = CARTESIAN_POINT ( 'NONE',  ( 0.07069145586676645054, -0.02928135976391402565, -0.2255859375000003331 ) ) ;
#2294 = CARTESIAN_POINT ( 'NONE',  ( -0.04870252959880183585, -3.178676856567033324E-16, 0.7695312500000003331 ) ) ;
#2295 = CARTESIAN_POINT ( 'NONE',  ( -0.04870252959880183585, -3.178676856567033324E-16, 0.7734375000000002220 ) ) ;
#2296 = CIRCLE ( 'NONE', #1548, 0.07099999999999991041 ) ;
#2297 = CARTESIAN_POINT ( 'NONE',  ( -5.964339698355230356E-18, -0.04870252959880237709, -0.1523437500000001388 ) ) ;
#2298 = LINE ( 'NONE', #4420, #2672 ) ;
#2299 =( CONVERSION_BASED_UNIT ( 'INCH', #4879 ) LENGTH_UNIT ( ) NAMED_UNIT ( #539 ) );
#2300 = VECTOR ( 'NONE', #2123, 39.37007874015748143 ) ;
#2301 = CARTESIAN_POINT ( 'NONE',  ( -0.04879036790187187000, -0.04879036790187218919, 0.6679687500000001110 ) ) ;
#2302 = DIRECTION ( 'NONE',  ( 0.000000000000000000, 1.000000000000000000, 0.000000000000000000 ) ) ;
#2303 = CARTESIAN_POINT ( 'NONE',  ( 1.192867939671037905E-17, 0.04870252959880150972, 0.7968750000000002220 ) ) ;
#2304 = EDGE_CURVE ( 'NONE', #1348, #2179, #2518, .T. ) ;
#2305 = CARTESIAN_POINT ( 'NONE',  ( 0.07069145586676645054, 0.02928135976391346013, 0.6787109375000005551 ) ) ;
#2306 = CARTESIAN_POINT ( 'NONE',  ( -0.04879036790190276890, -0.04879036790190297707, -0.1406250000000255906 ) ) ;
#2307 = CARTESIAN_POINT ( 'NONE',  ( 0.02896526670287002600, 0.1276144627693548139, 0.006797204659705074689 ) ) ;
#2308 = CARTESIAN_POINT ( 'NONE',  ( 0.06900000000004329059, -0.02858073580376175107, -0.1621093750000253131 ) ) ;
#2309 = EDGE_CURVE ( 'NONE', #3575, #3087, #256, .T. ) ;
#2310 = CARTESIAN_POINT ( 'NONE',  ( 0.02928135976391382442, 0.07069145586676613136, 0.6845703125000002220 ) ) ;
#2311 = CARTESIAN_POINT ( 'NONE',  ( 0.000000000000000000, -1.493979371535143794E-17, -0.2500000000000000000 ) ) ;
#2312 = EDGE_LOOP ( 'NONE', ( #5206, #5681, #1799, #1474, #4553, #2155, #1967, #5580, #1296, #4238, #2809, #5357, #4431, #4787, #5563, #5084, #4545, #1951, #1242, #1048, #661, #3139, #2707, #2723, #2161, #4743, #4869, #3067 ) ) ;
#2313 = CARTESIAN_POINT ( 'NONE',  ( 0.03443788894025132108, -0.03443788894025164721, 0.5312500000000003331 ) ) ;
#2314 = CARTESIAN_POINT ( 'NONE',  ( 1.192867939671037905E-17, 0.04870252959880150972, 0.6367187500000003331 ) ) ;
#2315 = CARTESIAN_POINT ( 'NONE',  ( -0.06899999999999970046, -2.065125969695207988E-16, -0.08203125000000012490 ) ) ;
#2316 = CARTESIAN_POINT ( 'NONE',  ( -0.06900000000000011680, 0.02858073580374329709, 0.5996093750000001110 ) ) ;
#2317 = CARTESIAN_POINT ( 'NONE',  ( -0.03443788894025132802, -0.03443788894025164027, 0.8398437500000003331 ) ) ;
#2318 = VERTEX_POINT ( 'NONE', #3833 ) ;
#2319 = CARTESIAN_POINT ( 'NONE',  ( 0.04870252959880216892, -2.273381804687829542E-16, -0.2070312500000001388 ) ) ;
#2320 = CARTESIAN_POINT ( 'NONE',  ( 0.04879036790187187694, 0.04879036790187153000, 0.7148437500000002220 ) ) ;
#2321 = CARTESIAN_POINT ( 'NONE',  ( -0.07069145586676647830, -0.02928135976391398054, -0.1435546875000003053 ) ) ;
#2322 = EDGE_CURVE ( 'NONE', #4636, #142, #2469, .T. ) ;
#2323 = CARTESIAN_POINT ( 'NONE',  ( -0.04870252959880183585, -3.178676856567033324E-16, 0.8007812500000004441 ) ) ;
#2324 = CARTESIAN_POINT ( 'NONE',  ( -0.03443788894025132108, 0.03443788894025100189, 0.5820312500000003331 ) ) ;
#2325 = CARTESIAN_POINT ( 'NONE',  ( -0.03443788894025155700, -0.03443788894025177211, -0.1562500000000001388 ) ) ;
#2326 = DIRECTION ( 'NONE',  ( -0.000000000000000000, 1.081356497492104437E-16, -1.000000000000000000 ) ) ;
#2327 = CARTESIAN_POINT ( 'NONE',  ( 0.02017324828170098325, 0.04870252959880193300, -0.2363281250000001665 ) ) ;
#2328 = CARTESIAN_POINT ( 'NONE',  ( -0.04879036790187187000, 0.04879036790187154388, 0.7812500000000005551 ) ) ;
#2329 = ORIENTED_EDGE ( 'NONE', *, *, #4259, .F. ) ;
#2330 = FACE_OUTER_BOUND ( 'NONE', #4317, .T. ) ;
#2331 = CARTESIAN_POINT ( 'NONE',  ( 0.04870252959880182891, -0.02017324828170116019, 0.6933593750000002220 ) ) ;
#2332 = CARTESIAN_POINT ( 'NONE',  ( 0.02928135976391375503, -0.07069145586676681137, 0.6083984375000005551 ) ) ;
#2333 = CARTESIAN_POINT ( 'NONE',  ( -0.02858073580374354689, -0.06900000000000050537, 0.8535156250000005551 ) ) ;
#2334 = CARTESIAN_POINT ( 'NONE',  ( 0.07954130305497333908, 0.09841437456692363195, 0.003619768532845971977 ) ) ;
#2335 = CARTESIAN_POINT ( 'NONE',  ( -8.450062914116752315E-18, -0.06900000000000044986, 0.8593750000000002220 ) ) ;
#2336 = CARTESIAN_POINT ( 'NONE',  ( 0.07069145586676645054, -0.02928135976391413320, 0.7392578125000004441 ) ) ;
#2337 = VERTEX_POINT ( 'NONE', #2987 ) ;
#2338 = CARTESIAN_POINT ( 'NONE',  ( 1.192867939671037905E-17, 0.04870252959880150972, 0.7617187500000003331 ) ) ;
#2339 = CARTESIAN_POINT ( 'NONE',  ( -0.03443788894025132802, -0.03443788894025164027, 0.5859375000000003331 ) ) ;
#2340 = CARTESIAN_POINT ( 'NONE',  ( 0.03443788894025132108, -0.03443788894025164721, 0.6875000000000003331 ) ) ;
#2341 = CYLINDRICAL_SURFACE ( 'NONE', #3834, 0.06899999999999970046 ) ;
#2342 = CARTESIAN_POINT ( 'NONE',  ( 8.450062914116699930E-18, -0.06899999999999971434, -0.2500000000000000000 ) ) ;
#2343 = CARTESIAN_POINT ( 'NONE',  ( -0.04870252959880183585, -3.178676856567033324E-16, 0.7109375000000002220 ) ) ;
#2344 = ORIENTED_EDGE ( 'NONE', *, *, #79, .F. ) ;
#2345 = CARTESIAN_POINT ( 'NONE',  ( 0.000000000000000000, 0.06899999999999992251, -0.2500000000000000000 ) ) ;
#2346 = CARTESIAN_POINT ( 'NONE',  ( 0.04870252959880216892, -2.292516910924506909E-16, -0.2382812500000001388 ) ) ;
#2347 = CARTESIAN_POINT ( 'NONE',  ( -0.02858073580374409159, -0.06899999999999996414, 0.5449218750000001110 ) ) ;
#2348 = DIRECTION ( 'NONE',  ( 0.000000000000000000, 1.000000000000000000, 0.000000000000000000 ) ) ;
#2349 = CARTESIAN_POINT ( 'NONE',  ( -0.07069145586676647830, -0.02928135976391397707, -0.08105468750000030531 ) ) ;
#2350 = CARTESIAN_POINT ( 'NONE',  ( 1.192867939671037905E-17, 0.04870252959880150972, 0.6992187500000004441 ) ) ;
#2351 = VERTEX_POINT ( 'NONE', #4234 ) ;
#2352 = CARTESIAN_POINT ( 'NONE',  ( 0.04870252959880183585, -3.297963650534137407E-16, 0.6015625000000003331 ) ) ;
#2353 = CARTESIAN_POINT ( 'NONE',  ( 0.02017324828170098325, 0.04870252959880194688, -0.1386718750000001388 ) ) ;
#2354 = CARTESIAN_POINT ( 'NONE',  ( -0.03443788894025132108, 0.03443788894025100189, 0.8906250000000004441 ) ) ;
#2355 = CARTESIAN_POINT ( 'NONE',  ( -0.06900000000000011680, 0.02858073580374329709, 0.7871093750000000000 ) ) ;
#2356 = CARTESIAN_POINT ( 'NONE',  ( 0.04870252959880215504, 0.02017324828170074039, -0.2402343750000001943 ) ) ;
#2357 = CARTESIAN_POINT ( 'NONE',  ( -0.07069145586676646442, -2.104154380371683583E-16, -0.1474609374999993339 ) ) ;
#2358 = CARTESIAN_POINT ( 'NONE',  ( -0.04421125921948616116, -0.03717159348607496083, 0.8616264989857073120 ) ) ;
#2359 = ORIENTED_EDGE ( 'NONE', *, *, #79, .T. ) ;
#2360 = CARTESIAN_POINT ( 'NONE',  ( -0.02017324828170081324, 0.04870252959880150972, 0.7988281250000005551 ) ) ;
#2361 = CARTESIAN_POINT ( 'NONE',  ( -0.04998640781534011146, 0.04998640781533978533, 0.5947265625000005551 ) ) ;
#2362 = CARTESIAN_POINT ( 'NONE',  ( 0.04566219964832808620, 0.1179744840386534460, 0.004274762015545188927 ) ) ;
#2363 = CARTESIAN_POINT ( 'NONE',  ( -0.06900000000000121314, -2.084261075931885355E-16, -0.1132812500000010131 ) ) ;
#2364 = CARTESIAN_POINT ( 'NONE',  ( -0.02928135976391377585, 0.07069145586676615911, 0.6572265625000002220 ) ) ;
#2365 = CARTESIAN_POINT ( 'NONE',  ( -0.1124999999999998918, 0.07938566201357313834, 0.01093458898514388170 ) ) ;
#2366 = VERTEX_POINT ( 'NONE', #4262 ) ;
#2367 = CARTESIAN_POINT ( 'NONE',  ( -0.03443788894025132802, -0.03443788894025164027, 0.7109375000000004441 ) ) ;
#2368 = DIRECTION ( 'NONE',  ( 1.000000000000000000, 1.224646799147353207E-16, 1.324279773390898473E-32 ) ) ;
#2369 = CARTESIAN_POINT ( 'NONE',  ( 0.03443788894025132802, 0.03443788894025099495, 0.6015625000000004441 ) ) ;
#2370 = CARTESIAN_POINT ( 'NONE',  ( -2.288963069680552456E-14, 0.06899999999999965883, -0.05859374999999868855 ) ) ;
#2371 = CARTESIAN_POINT ( 'NONE',  ( 0.04879036790187187694, 0.04879036790187153000, 0.6835937500000001110 ) ) ;
#2372 = ORIENTED_EDGE ( 'NONE', *, *, #1869, .F. ) ;
#2373 = EDGE_CURVE ( 'NONE', #907, #5332, #645, .T. ) ;
#2374 = CARTESIAN_POINT ( 'NONE',  ( -5.964339698355189526E-18, -0.04870252959880215504, 0.7812500000000003331 ) ) ;
#2375 = CARTESIAN_POINT ( 'NONE',  ( -0.02017324828170095202, 0.04870252959880194688, -0.2597656250000001665 ) ) ;
#2376 = CARTESIAN_POINT ( 'NONE',  ( -0.03443788894025155700, 0.03443788894025133496, -0.2617187500000001665 ) ) ;
#2377 = AXIS2_PLACEMENT_3D ( 'NONE', #4895, #1812, #4810 ) ;
#2378 = VERTEX_POINT ( 'NONE', #475 ) ;
#2379 = CARTESIAN_POINT ( 'NONE',  ( 0.04870252959880182891, -0.02017324828170116019, 0.6894531250000004441 ) ) ;
#2380 = CARTESIAN_POINT ( 'NONE',  ( -0.04870252959880183585, -3.178676856567033324E-16, 0.5859375000000003331 ) ) ;
#2381 = CARTESIAN_POINT ( 'NONE',  ( -0.06900000000000011680, 0.02858073580374329709, 0.6933593750000001110 ) ) ;
#2382 = AXIS2_PLACEMENT_3D ( 'NONE', #1861, #1918, #4481 ) ;
#2383 = CARTESIAN_POINT ( 'NONE',  ( -0.06899999999999989475, 0.02858073580374331096, -0.05664062499999948652 ) ) ;
#2384 = CARTESIAN_POINT ( 'NONE',  ( -0.04870252959880216892, -0.02017324828170116019, -0.09960937500000019429 ) ) ;
#2385 = CARTESIAN_POINT ( 'NONE',  ( 0.02928135976391375850, -0.07069145586676671422, -0.1376953124999993616 ) ) ;
#2386 = CARTESIAN_POINT ( 'NONE',  ( -0.04879036790187162020, -0.04879036790187183531, -0.1718750000000001943 ) ) ;
#2387 = ORIENTED_EDGE ( 'NONE', *, *, #2747, .T. ) ;
#2388 = CARTESIAN_POINT ( 'NONE',  ( 0.04870252959880182891, 0.02017324828170050446, 0.6035156250000004441 ) ) ;
#2389 = AXIS2_PLACEMENT_3D ( 'NONE', #1742, #2863, #4591 ) ;
#2390 = ORIENTED_EDGE ( 'NONE', *, *, #4461, .F. ) ;
#2391 = CARTESIAN_POINT ( 'NONE',  ( -0.07069145586676647830, -0.02928135976391408463, 0.6005859375000005551 ) ) ;
#2392 = CARTESIAN_POINT ( 'NONE',  ( -8.450062914116724582E-18, -0.06900000000000011680, -0.2031249999999994449 ) ) ;
#2393 = CONICAL_SURFACE ( 'NONE', #5613, 0.06899999999999963107, 1.047197551196600740 ) ;
#2394 = CARTESIAN_POINT ( 'NONE',  ( 1.690012582823350771E-17, 0.06899999999999979761, 0.7148437500000005551 ) ) ;
#2395 = DIRECTION ( 'NONE',  ( 0.8660254037844397068, -1.060575238724908024E-16, 0.4999999999999979461 ) ) ;
#2396 = CARTESIAN_POINT ( 'NONE',  ( -0.02928135976391377585, -0.07069145586676679749, 0.6064453125000002220 ) ) ;
#2397 = EDGE_CURVE ( 'NONE', #88, #4130, #868, .T. ) ;
#2398 = CARTESIAN_POINT ( 'NONE',  ( 0.04998640781534011840, 0.04998640781533977839, 0.8994140625000004441 ) ) ;
#2399 = ORIENTED_EDGE ( 'NONE', *, *, #1144, .T. ) ;
#2400 = CARTESIAN_POINT ( 'NONE',  ( -0.02017324828170080978, 0.04870252959880150972, 0.6386718750000004441 ) ) ;
#2401 = CARTESIAN_POINT ( 'NONE',  ( -0.1162400740127034204, -0.07722632927555043991, 0.8630199009146599654 ) ) ;
#2402 = CARTESIAN_POINT ( 'NONE',  ( -5.964339698355189526E-18, -0.04870252959880215504, 0.5898437500000004441 ) ) ;
#2403 = DIRECTION ( 'NONE',  ( -1.000000000000000000, 0.000000000000000000, 0.000000000000000000 ) ) ;
#2404 = CARTESIAN_POINT ( 'NONE',  ( 0.01737111215118057259, -0.06677757454887876809, -0.04171874999999983930 ) ) ;
#2405 = CARTESIAN_POINT ( 'NONE',  ( 0.07069145586676645054, -0.02928135976391401871, -0.008789062499999323458 ) ) ;
#2406 = CARTESIAN_POINT ( 'NONE',  ( 0.03443788894025132108, -0.03443788894025164721, 0.7851562500000002220 ) ) ;
#2407 = APPLICATION_PROTOCOL_DEFINITION ( 'draft international standard', 'automotive_design', 1998, #2638 ) ;
#2408 = CARTESIAN_POINT ( 'NONE',  ( 0.04870252959880216892, -2.215976485977797441E-16, -0.1132812500000001388 ) ) ;
#2409 = CARTESIAN_POINT ( 'NONE',  ( -0.03443788894025155700, -0.03443788894025177211, -0.09765625000000018041 ) ) ;
#2410 = CARTESIAN_POINT ( 'NONE',  ( 0.07069145586676645054, -0.02928135976391401524, -0.03808593750000029837 ) ) ;
#2411 = CARTESIAN_POINT ( 'NONE',  ( 8.391301089453736207E-13, 0.06899999999999967271, -0.2148437500000576206 ) ) ;
#2412 = CARTESIAN_POINT ( 'NONE',  ( -0.03443788894025132802, -0.03443788894025164027, 0.7109375000000004441 ) ) ;
#2413 = ORIENTED_EDGE ( 'NONE', *, *, #1978, .F. ) ;
#2414 = CARTESIAN_POINT ( 'NONE',  ( 0.04870252959880182891, 0.02017324828170050446, 0.5722656250000003331 ) ) ;
#2415 = CARTESIAN_POINT ( 'NONE',  ( 0.02017324828170098325, 0.04870252959880194688, -0.07617187500000013878 ) ) ;
#2416 = CARTESIAN_POINT ( 'NONE',  ( -0.04879036790187169653, 0.04879036790187150224, -0.05859374999999945877 ) ) ;
#2417 = CARTESIAN_POINT ( 'NONE',  ( 0.03443788894025156394, 0.03443788894025133496, -0.1757812500000001665 ) ) ;
#2418 = CARTESIAN_POINT ( 'NONE',  ( -0.04998640781534011840, -0.04998640781534032657, -0.1435546874999993339 ) ) ;
#2419 = CARTESIAN_POINT ( 'NONE',  ( 0.06309827228253261922, -0.01575963425261235965, 0.8685596957390500084 ) ) ;
#2420 = CARTESIAN_POINT ( 'NONE',  ( 0.02017324828170079937, -0.04870252959880216198, 0.6582031250000002220 ) ) ;
#2421 = CARTESIAN_POINT ( 'NONE',  ( 0.02928135976391381748, 0.07069145586676611748, 0.5576171875000005551 ) ) ;
#2422 = CARTESIAN_POINT ( 'NONE',  ( 0.06899999999999988087, -0.02858073580374377587, -0.1972656249999994449 ) ) ;
#2423 = EDGE_CURVE ( 'NONE', #1381, #600, #1245, .T. ) ;
#2424 = CARTESIAN_POINT ( 'NONE',  ( -0.02858073580374388689, -0.06900000000000017231, 0.7324218749999998890 ) ) ;
#2425 = CARTESIAN_POINT ( 'NONE',  ( 1.690012582823350771E-17, 0.06899999999999979761, 0.6523437500000004441 ) ) ;
#2426 = CARTESIAN_POINT ( 'NONE',  ( 0.02928135976391382442, 0.07069145586676613136, 0.5595703125000002220 ) ) ;
#2427 = CARTESIAN_POINT ( 'NONE',  ( 0.02928135976391375503, -0.07069145586676681137, 0.8896484375000006661 ) ) ;
#2428 = ORIENTED_EDGE ( 'NONE', *, *, #5616, .T. ) ;
#2429 = CARTESIAN_POINT ( 'NONE',  ( -0.04870252959880183585, 0.02017324828170049406, 0.6738281250000004441 ) ) ;
#2430 = CARTESIAN_POINT ( 'NONE',  ( 0.04879036790187187694, 0.04879036790187153694, 0.8671875000000005551 ) ) ;
#2431 = EDGE_CURVE ( 'NONE', #1241, #2437, #5602, .T. ) ;
#2432 = CARTESIAN_POINT ( 'NONE',  ( 0.03443788894025132108, -0.03443788894025164721, 0.5312500000000003331 ) ) ;
#2433 = CYLINDRICAL_SURFACE ( 'NONE', #162, 0.06899999999999993638 ) ;
#2434 = DIRECTION ( 'NONE',  ( -0.000000000000000000, 1.081356497492104437E-16, -1.000000000000000000 ) ) ;
#2435 = CARTESIAN_POINT ( 'NONE',  ( 0.02017324828170084447, 0.04870252959880150279, 0.7324218750000003331 ) ) ;
#2436 = CARTESIAN_POINT ( 'NONE',  ( 0.07069145586676646442, -2.247399907185479393E-16, -0.09863281250000031919 ) ) ;
#2437 = VERTEX_POINT ( 'NONE', #4299 ) ;
#2438 = CARTESIAN_POINT ( 'NONE',  ( 1.192867939671037905E-17, 0.04870252959880150972, 0.6679687500000004441 ) ) ;
#2439 = ORIENTED_EDGE ( 'NONE', *, *, #2787, .T. ) ;
#2440 = CARTESIAN_POINT ( 'NONE',  ( -5.964339698355189526E-18, -0.04870252959880215504, 0.5625000000000003331 ) ) ;
#2441 = CARTESIAN_POINT ( 'NONE',  ( 0.04870252959880216892, -2.177706273504442707E-16, -0.05078125000000014572 ) ) ;
#2442 = CARTESIAN_POINT ( 'NONE',  ( 0.03443788894025155700, -0.03443788894025177211, -0.02343750000000015266 ) ) ;
#2443 = FACE_OUTER_BOUND ( 'NONE', #3536, .T. ) ;
#2444 = CARTESIAN_POINT ( 'NONE',  ( -0.04870252959880216892, -2.127784239645293586E-16, -0.1640625000000001665 ) ) ;
#2445 = CARTESIAN_POINT ( 'NONE',  ( 0.05673213744958671007, -0.03015808698191818626, 0.8677670910980707086 ) ) ;
#2446 = ORIENTED_EDGE ( 'NONE', *, *, #51, .F. ) ;
#2447 = CARTESIAN_POINT ( 'NONE',  ( -0.07069145586676647830, 0.02928135976391356768, -0.05566406249999936162 ) ) ;
#2448 = CARTESIAN_POINT ( 'NONE',  ( 0.02017324828170084447, 0.04870252959880150279, 0.6074218750000002220 ) ) ;
#2449 = CARTESIAN_POINT ( 'NONE',  ( -0.02928135976391377585, -0.07069145586676678361, 0.5107421875000004441 ) ) ;
#2450 = CARTESIAN_POINT ( 'NONE',  ( 0.000000000000000000, -1.493979371535143794E-17, -0.2500000000000000000 ) ) ;
#2451 = CARTESIAN_POINT ( 'NONE',  ( -8.450062914116724582E-18, -0.06900000000000011680, -0.1718749999999994449 ) ) ;
#2452 = CARTESIAN_POINT ( 'NONE',  ( 0.04998640781534013228, 0.04998640781533977839, 0.5576171875000002220 ) ) ;
#2453 = CARTESIAN_POINT ( 'NONE',  ( 0.02928135976391375503, -0.07069145586676681137, 0.9208984375000004441 ) ) ;
#2454 = VERTEX_POINT ( 'NONE', #5425 ) ;
#2455 = CARTESIAN_POINT ( 'NONE',  ( 0.02858073580374356770, 0.06899999999999967271, -0.09570312499999945877 ) ) ;
#2456 = CARTESIAN_POINT ( 'NONE',  ( 1.192867939671037905E-17, 0.04870252959880150972, 0.5429687500000003331 ) ) ;
#2457 = CARTESIAN_POINT ( 'NONE',  ( -0.06900000000000011680, -3.166248240488225568E-16, 0.6289062500000004441 ) ) ;
#2458 = CARTESIAN_POINT ( 'NONE',  ( 0.04870252959880183585, -3.297963650534137407E-16, 0.7890625000000002220 ) ) ;
#2459 = CARTESIAN_POINT ( 'NONE',  ( 0.04870252959880216892, -2.254246698451152175E-16, -0.1757812500000001388 ) ) ;
#2460 = CARTESIAN_POINT ( 'NONE',  ( -0.04870252959880216198, 0.02017324828170072998, -0.2597656250000001665 ) ) ;
#2461 = ORIENTED_EDGE ( 'NONE', *, *, #3062, .T. ) ;
#2462 = CARTESIAN_POINT ( 'NONE',  ( 0.1249999999999999445, 0.07216878364870286944, -0.3818813079129863564 ) ) ;
#2463 = CARTESIAN_POINT ( 'NONE',  ( 0.04870252959880182891, -0.02017324828170116019, 0.5058593750000002220 ) ) ;
#2464 = CARTESIAN_POINT ( 'NONE',  ( -0.03443788894025155700, -0.03443788894025176517, -0.03125000000000014572 ) ) ;
#2465 = CARTESIAN_POINT ( 'NONE',  ( 0.04870252959880216892, -2.177706273504442707E-16, -0.05078125000000014572 ) ) ;
#2466 = AXIS2_PLACEMENT_3D ( 'NONE', #4451, #4780, #3224 ) ;
#2467 = CARTESIAN_POINT ( 'NONE',  ( -0.04870252959880183585, 0.02017324828170049406, 0.7988281250000005551 ) ) ;
#2468 = CARTESIAN_POINT ( 'NONE',  ( 0.04870252959880215504, -0.02017324828170119488, -0.1816406250000001943 ) ) ;
#2469 =( BOUNDED_CURVE ( )  B_SPLINE_CURVE ( 2, ( #4621, #2646, #7, #3046, #2290, #3189, #2800, #2347, #5044 ),
 .UNSPECIFIED., .F., .T. ) 
 B_SPLINE_CURVE_WITH_KNOTS ( ( 3, 2, 2, 2, 3 ),
 ( 0.1428571428571427382, 0.1517857142857141350, 0.1607142857142855319, 0.1696428571428569010, 0.1785714285714284089 ),
 .UNSPECIFIED. ) 
 CURVE ( )  GEOMETRIC_REPRESENTATION_ITEM ( )  RATIONAL_B_SPLINE_CURVE ( ( 1.000000000000001332, 0.9238795325112852952, 1.000000000000000000, 0.9238795325112867385, 1.000000000000000000, 0.9238795325112867385, 1.000000000000000000, 0.9238795325112884038, 0.9999999999999983347 ) ) 
 REPRESENTATION_ITEM ( '' )  );
#2470 = CARTESIAN_POINT ( 'NONE',  ( -0.07069145586676647830, 0.02928135976391356074, -0.08691406249999933387 ) ) ;
#2471 = CARTESIAN_POINT ( 'NONE',  ( 0.000000000000000000, 0.04870252959880198157, -0.2500000000000000000 ) ) ;
#2472 = CARTESIAN_POINT ( 'NONE',  ( 0.07069145586676646442, -2.210325638851916502E-16, -0.03808593749999934081 ) ) ;
#2473 = CARTESIAN_POINT ( 'NONE',  ( -5.964339698355189526E-18, -0.04870252959880215504, 0.6562500000000002220 ) ) ;
#2474 = CARTESIAN_POINT ( 'NONE',  ( -8.657206515430192834E-18, -0.07069145586676678361, 0.5126953125000004441 ) ) ;
#2475 = VECTOR ( 'NONE', #110, 39.37007874015748143 ) ;
#2476 = CARTESIAN_POINT ( 'NONE',  ( -0.1124999999999998918, -0.07938566201357384611, 0.01093458898514401700 ) ) ;
#2477 = CARTESIAN_POINT ( 'NONE',  ( 0.03443788894025155700, -0.03443788894025177211, -0.02734375000000019776 ) ) ;
#2478 = CARTESIAN_POINT ( 'NONE',  ( 0.02698952754416642993, 0.06350248343917491711, 0.8730000000000002203 ) ) ;
#2479 = LINE ( 'NONE', #5030, #2013 ) ;
#2480 = VECTOR ( 'NONE', #2168, 39.37007874015748143 ) ;
#2481 = CARTESIAN_POINT ( 'NONE',  ( -8.657206515430192834E-18, -0.07069145586676679749, 0.6083984375000002220 ) ) ;
#2482 = ORIENTED_EDGE ( 'NONE', *, *, #1339, .T. ) ;
#2483 = EDGE_CURVE ( 'NONE', #2486, #3822, #4374, .T. ) ;
#2484 = CARTESIAN_POINT ( 'NONE',  ( 8.450062914116729204E-18, -0.06899999999999996414, -0.2500000000000000000 ) ) ;
#2485 = CARTESIAN_POINT ( 'NONE',  ( -0.04998640781534011146, -0.04998640781534043759, 0.8837890625000005551 ) ) ;
#2486 = VERTEX_POINT ( 'NONE', #5454 ) ;
#2487 = CARTESIAN_POINT ( 'NONE',  ( -0.05836648036829355374, 0.02702012015063086359, -0.2472772491346826029 ) ) ;
#2488 = CARTESIAN_POINT ( 'NONE',  ( -0.03443788894025132108, 0.03443788894025100189, 0.5781250000000004441 ) ) ;
#2489 = CARTESIAN_POINT ( 'NONE',  ( -0.04833175246194448132, 0.03752268460821130830, -0.2500000000000000000 ) ) ;
#2490 = AXIS2_PLACEMENT_3D ( 'NONE', #778, #2058, #5611 ) ;
#2491 = CARTESIAN_POINT ( 'NONE',  ( 0.04870252959880183585, -3.297963650534137407E-16, 0.5703125000000003331 ) ) ;
#2492 = CARTESIAN_POINT ( 'NONE',  ( 0.02017324828170093814, -0.04870252959880239096, -0.1503906250000001388 ) ) ;
#2493 = CARTESIAN_POINT ( 'NONE',  ( 0.02017324828170093814, -0.04870252959880239096, -0.09179687500000020817 ) ) ;
#2494 = PRODUCT_DEFINITION_FORMATION_WITH_SPECIFIED_SOURCE ( 'Symmetric', '', #522, .NOT_KNOWN. ) ;
#2495 = CARTESIAN_POINT ( 'NONE',  ( 0.02017324828170097978, 0.04870252959880194688, -0.1425781250000001943 ) ) ;
#2496 = CARTESIAN_POINT ( 'NONE',  ( -8.450062914116752315E-18, -0.06900000000000044986, 0.8281250000000001110 ) ) ;
#2497 = VERTEX_POINT ( 'NONE', #127 ) ;
#2498 = CARTESIAN_POINT ( 'NONE',  ( 0.04879036790187187694, 0.04879036790187153694, 0.7421875000000006661 ) ) ;
#2499 = CARTESIAN_POINT ( 'NONE',  ( -8.450062914116753856E-18, -0.06900000000000044986, 0.8242187500000004441 ) ) ;
#2500 = CARTESIAN_POINT ( 'NONE',  ( -0.03443788894025132802, -0.03443788894025164027, 0.8359375000000004441 ) ) ;
#2501 = ADVANCED_FACE ( 'NONE', ( #2765 ), #3793, .F. ) ;
#2502 = CARTESIAN_POINT ( 'NONE',  ( -0.03443788894025155700, 0.03443788894025134190, -0.1992187500000001943 ) ) ;
#2503 = CARTESIAN_POINT ( 'NONE',  ( -0.04998640781534011146, 0.04998640781533988942, -0.2744140625000002776 ) ) ;
#2504 = VERTEX_POINT ( 'NONE', #419 ) ;
#2505 = CARTESIAN_POINT ( 'NONE',  ( -0.07069145586676647830, -0.02928135976391398054, -0.05175781249999934081 ) ) ;
#2506 = CARTESIAN_POINT ( 'NONE',  ( 0.03443788894025132108, -0.03443788894025164721, 0.5976562500000002220 ) ) ;
#2507 = CARTESIAN_POINT ( 'NONE',  ( -0.03443788894025132802, -0.03443788894025164027, 0.8710937500000003331 ) ) ;
#2508 = CARTESIAN_POINT ( 'NONE',  ( 0.000000000000000000, 0.06899999999999967271, -0.1874999999999994449 ) ) ;
#2509 = CARTESIAN_POINT ( 'NONE',  ( 0.02017324828170093814, -0.04870252959880239790, -0.2441406250000001110 ) ) ;
#2510 = CARTESIAN_POINT ( 'NONE',  ( -0.04879036790187186307, 0.04879036790187154388, 0.7226562500000001110 ) ) ;
#2511 = CARTESIAN_POINT ( 'NONE',  ( 0.000000000000000000, -1.351695621865133782E-17, 0.8750000000000001110 ) ) ;
#2512 = CARTESIAN_POINT ( 'NONE',  ( 0.04998640781534013228, 0.04998640781533977839, 0.5263671875000002220 ) ) ;
#2513 = CARTESIAN_POINT ( 'NONE',  ( -8.657206515430192834E-18, -0.07069145586676678361, 0.7626953125000005551 ) ) ;
#2514 = EDGE_LOOP ( 'NONE', ( #1898, #3566, #4156, #4700 ) ) ;
#2515 = CARTESIAN_POINT ( 'NONE',  ( 0.02858073580374420261, 0.06899999999999924249, 0.5605468750000000000 ) ) ;
#2516 = CARTESIAN_POINT ( 'NONE',  ( -5.964339698355189526E-18, -0.04870252959880215504, 0.5273437500000004441 ) ) ;
#2517 = CARTESIAN_POINT ( 'NONE',  ( -0.03487718536851999035, -0.03592542611147135634, -0.03058593600405294655 ) ) ;
#2518 = B_SPLINE_CURVE_WITH_KNOTS ( 'NONE', 3,
 ( #721, #5140, #3758, #1164, #2941, #1673 ),
 .UNSPECIFIED., .F., .F.,
 ( 4, 2, 4 ),
 ( 5.421010862427522170E-20, 0.0003339356863370978256, 0.0006678713726741955427 ),
 .UNSPECIFIED. ) ;
#2519 = CARTESIAN_POINT ( 'NONE',  ( -0.03443788894025132108, 0.03443788894025100189, 0.6132812500000003331 ) ) ;
#2520 = CARTESIAN_POINT ( 'NONE',  ( -0.04870252959880216892, -2.106257245129031795E-16, -0.1289062500000001388 ) ) ;
#2521 = CARTESIAN_POINT ( 'NONE',  ( -0.06899999999999989475, 0.02858073580374330749, -0.1191406249999995004 ) ) ;
#2522 = CARTESIAN_POINT ( 'NONE',  ( -0.02017324828170095896, -0.04870252959880239096, -0.2207031250000001943 ) ) ;
#2523 = CARTESIAN_POINT ( 'NONE',  ( -0.04879036790187394473, 0.04879036790186917771, -0.2421875000000000278 ) ) ;
#2524 = VERTEX_POINT ( 'NONE', #1218 ) ;
#2525 = CARTESIAN_POINT ( 'NONE',  ( 1.690012582823350771E-17, 0.06899999999999979761, 0.5898437500000004441 ) ) ;
#2526 = CARTESIAN_POINT ( 'NONE',  ( -0.02017324828170095202, 0.04870252959880196075, -0.04101562500000012490 ) ) ;
#2527 = CARTESIAN_POINT ( 'NONE',  ( 0.02017324828170084447, 0.04870252959880150279, 0.7910156250000003331 ) ) ;
#2528 = CARTESIAN_POINT ( 'NONE',  ( 0.000000000000000000, 0.04870252959880196075, -0.04687500000000020123 ) ) ;
#2529 = CARTESIAN_POINT ( 'NONE',  ( 0.02928135976391382442, 0.07069145586676625626, -0.06347656249999933387 ) ) ;
#2530 = CARTESIAN_POINT ( 'NONE',  ( -0.05457352835195309476, -0.01590303377617994715, 0.8602950915516957009 ) ) ;
#2531 = CARTESIAN_POINT ( 'NONE',  ( 0.04870252959880182891, -0.02017324828170116019, 0.5058593750000002220 ) ) ;
#2532 = CARTESIAN_POINT ( 'NONE',  ( -0.02017324828170081324, 0.04870252959880150972, 0.8613281250000002220 ) ) ;
#2533 = LINE ( 'NONE', #3341, #799 ) ;
#2534 = CARTESIAN_POINT ( 'NONE',  ( -0.04870252959880216892, -2.070378920935261239E-16, -0.07031250000000018041 ) ) ;
#2535 = CARTESIAN_POINT ( 'NONE',  ( 8.450062914116729204E-18, -0.06899999999999996414, -0.2500000000000000000 ) ) ;
#2536 = DIRECTION ( 'NONE',  ( 0.000000000000000000, 0.000000000000000000, 1.000000000000000000 ) ) ;
#2537 = CARTESIAN_POINT ( 'NONE',  ( 0.03443788894025132108, -0.03443788894025164721, 0.8164062500000003331 ) ) ;
#2538 = CARTESIAN_POINT ( 'NONE',  ( -0.07069145586676646442, -3.165212522481658049E-16, 0.8486328125000004441 ) ) ;
#2539 = ORIENTED_EDGE ( 'NONE', *, *, #3740, .T. ) ;
#2540 =( BOUNDED_CURVE ( )  B_SPLINE_CURVE ( 2, ( #1390, #1849, #3126, #2285, #450, #5341, #5307, #4039, #1784 ),
 .UNSPECIFIED., .F., .T. ) 
 B_SPLINE_CURVE_WITH_KNOTS ( ( 3, 2, 2, 2, 3 ),
 ( 0.6875000000000000000, 0.7031250000000000000, 0.7187500000000000000, 0.7343749999999998890, 0.7499999999999998890 ),
 .UNSPECIFIED. ) 
 CURVE ( )  GEOMETRIC_REPRESENTATION_ITEM ( )  RATIONAL_B_SPLINE_CURVE ( ( 1.000000000000000000, 0.9238795325112867385, 1.000000000000000000, 0.9238795325112867385, 1.000000000000000000, 0.9238795325112867385, 1.000000000000000000, 0.9238795325112872936, 0.9999999999999994449 ) ) 
 REPRESENTATION_ITEM ( '' )  );
#2541 = CARTESIAN_POINT ( 'NONE',  ( 8.450062914116729204E-18, -0.06899999999999996414, -0.2500000000000000000 ) ) ;
#2542 = CARTESIAN_POINT ( 'NONE',  ( -0.02928135976391377585, -0.07069145586676679749, 0.8564453125000002220 ) ) ;
#2543 = CARTESIAN_POINT ( 'NONE',  ( 0.02017324828170080284, -0.04870252959880216892, 0.5644531250000003331 ) ) ;
#2544 = CARTESIAN_POINT ( 'NONE',  ( 0.03443788894025132108, -0.03443788894025164721, 0.8125000000000004441 ) ) ;
#2545 = CARTESIAN_POINT ( 'NONE',  ( -0.06899999999999989475, -0.02858073580374372730, -0.1152343749999994449 ) ) ;
#2546 = CARTESIAN_POINT ( 'NONE',  ( -0.04870252959880216198, -0.02017324828170116366, -0.1621093750000001943 ) ) ;
#2547 = EDGE_CURVE ( 'NONE', #4801, #2504, #2159, .T. ) ;
#2548 = CARTESIAN_POINT ( 'NONE',  ( -0.04879036790187186307, 0.04879036790187154388, 0.8164062500000000000 ) ) ;
#2549 = CARTESIAN_POINT ( 'NONE',  ( -8.450062914116753856E-18, -0.06900000000000044986, 0.7304687500000006661 ) ) ;
#2550 = ORIENTED_EDGE ( 'NONE', *, *, #756, .T. ) ;
#2551 = CARTESIAN_POINT ( 'NONE',  ( 0.04879036790187187000, -0.04879036790187220307, 0.5781250000000004441 ) ) ;
#2552 = CARTESIAN_POINT ( 'NONE',  ( 0.06531502265954861053, 1.126084012510403652E-12, 0.8693150226595488528 ) ) ;
#2553 = CARTESIAN_POINT ( 'NONE',  ( 0.000000000000000000, 0.04870252959880195381, -0.1406250000000001943 ) ) ;
#2554 = EDGE_CURVE ( 'NONE', #1868, #3684, #1063, .T. ) ;
#2555 = CARTESIAN_POINT ( 'NONE',  ( -0.02017324828170095896, -0.04870252959880238403, -0.06054687500000013184 ) ) ;
#2556 = CARTESIAN_POINT ( 'NONE',  ( -0.02017324828170082018, -0.04870252959880215504, 0.8378906250000003331 ) ) ;
#2557 = DIRECTION ( 'NONE',  ( -0.000000000000000000, 1.081356497492104437E-16, -1.000000000000000000 ) ) ;
#2558 = CARTESIAN_POINT ( 'NONE',  ( 0.07069145586676645054, -0.02928135976391402912, -0.2568359375000003886 ) ) ;
#2559 = CARTESIAN_POINT ( 'NONE',  ( 0.04870252959880183585, -3.297963650534137407E-16, 0.5078125000000003331 ) ) ;
#2560 = CARTESIAN_POINT ( 'NONE',  ( 0.02017324828170079937, -0.04870252959880216198, 0.8457031250000004441 ) ) ;
#2561 = LINE ( 'NONE', #782, #2190 ) ;
#2562 = CARTESIAN_POINT ( 'NONE',  ( 0.000000000000000000, 0.04870252959880196075, -0.04687500000000020123 ) ) ;
#2563 = CARTESIAN_POINT ( 'NONE',  ( 1.192867939671037905E-17, 0.04870252959880150972, 0.5156250000000003331 ) ) ;
#2564 = CARTESIAN_POINT ( 'NONE',  ( -0.06899999999999965883, 0.02858073580364192678, -0.2402343749999931721 ) ) ;
#2565 = CARTESIAN_POINT ( 'NONE',  ( -8.450062914116724582E-18, -0.06900000000000011680, -0.04687499999999943795 ) ) ;
#2566 = APPLICATION_CONTEXT ( 'automotive_design' ) ;
#2567 = EDGE_LOOP ( 'NONE', ( #4719, #2845, #190, #1234, #149, #1701, #3908, #5191, #1150 ) ) ;
#2568 = CARTESIAN_POINT ( 'NONE',  ( 0.04475979270721511943, 0.02805215250015957035, 0.8566593980473643510 ) ) ;
#2569 = FILL_AREA_STYLE ('',( #787 ) ) ;
#2570 = CARTESIAN_POINT ( 'NONE',  ( 0.03443788894025132802, 0.03443788894025099495, 0.8867187500000002220 ) ) ;
#2571 = AXIS2_PLACEMENT_3D ( 'NONE', #2767, #1759, #2348 ) ;
#2572 = CARTESIAN_POINT ( 'NONE',  ( -0.07069145586676647830, 0.02928135976391345319, 0.8466796875000006661 ) ) ;
#2573 = EDGE_LOOP ( 'NONE', ( #3093, #3530, #3694, #1321, #4524 ) ) ;
#2574 = VECTOR ( 'NONE', #3368, 39.37007874015748143 ) ;
#2575 = CARTESIAN_POINT ( 'NONE',  ( 0.06900000000000011680, -0.02858073580374397363, 0.5488281250000006661 ) ) ;
#2576 = CARTESIAN_POINT ( 'NONE',  ( 1.731441303086038567E-17, 0.07069145586676614523, 0.8740234375000002220 ) ) ;
#2577 = CARTESIAN_POINT ( 'NONE',  ( -8.450062914116752315E-18, -0.06900000000000044986, 0.5781250000000001110 ) ) ;
#2578 = ORIENTED_EDGE ( 'NONE', *, *, #5699, .F. ) ;
#2579 = CARTESIAN_POINT ( 'NONE',  ( 0.04870252959880182891, 0.02017324828170050446, 0.6347656250000002220 ) ) ;
#2580 = CARTESIAN_POINT ( 'NONE',  ( 0.03041278484545540881, 0.03846299303504692457, 0.8521136201875556537 ) ) ;
#2581 = CARTESIAN_POINT ( 'NONE',  ( -5.964339698355230356E-18, -0.04870252959880239096, -0.2187500000000001943 ) ) ;
#2582 = FACE_OUTER_BOUND ( 'NONE', #1746, .T. ) ;
#2583 = ORIENTED_EDGE ( 'NONE', *, *, #3357, .F. ) ;
#2584 = CARTESIAN_POINT ( 'NONE',  ( 0.04879036790187264716, -0.04879036790187286921, -0.1015625000000010270 ) ) ;
#2585 = ADVANCED_FACE ( 'NONE', ( #4258 ), #2188, .F. ) ;
#2586 = CARTESIAN_POINT ( 'NONE',  ( -0.02017324828170082018, -0.04870252959880215504, 0.7753906250000002220 ) ) ;
#2587 = CARTESIAN_POINT ( 'NONE',  ( -0.03443788894025155700, -0.03443788894025176517, -0.03515625000000019429 ) ) ;
#2588 = CARTESIAN_POINT ( 'NONE',  ( -0.04870252959880216198, -0.02017324828170115672, -0.06445312500000013878 ) ) ;
#2589 = CARTESIAN_POINT ( 'NONE',  ( -0.07069145586676647830, -0.02928135976391399442, -0.2685546875000003331 ) ) ;
#2590 = CARTESIAN_POINT ( 'NONE',  ( -0.04870252959880183585, -0.02017324828170113243, 0.5566406250000003331 ) ) ;
#2591 = CARTESIAN_POINT ( 'NONE',  ( -0.04870252959880183585, -3.178676856567033324E-16, 0.8984375000000002220 ) ) ;
#2592 = CARTESIAN_POINT ( 'NONE',  ( -0.04870252959880216198, 0.02017324828170073345, -0.1660156250000001943 ) ) ;
#2593 = CARTESIAN_POINT ( 'NONE',  ( -0.04870252959880216198, 0.02017324828170074386, -0.04101562500000019429 ) ) ;
#2594 = CARTESIAN_POINT ( 'NONE',  ( -0.04870252959880183585, 0.02017324828170049406, 0.5214843750000002220 ) ) ;
#2595 = CARTESIAN_POINT ( 'NONE',  ( 0.1249999999999999306, -0.06205263022371425297, 0.01197984194321556617 ) ) ;
#2596 = LINE ( 'NONE', #2092, #2300 ) ;
#2597 = VERTEX_POINT ( 'NONE', #2955 ) ;
#2598 = CARTESIAN_POINT ( 'NONE',  ( 1.192867939671037905E-17, 0.04870252959880150972, 0.8593750000000003331 ) ) ;
#2599 = CARTESIAN_POINT ( 'NONE',  ( -8.450062914116753856E-18, -0.06900000000000044986, 0.8554687500000005551 ) ) ;
#2600 = CARTESIAN_POINT ( 'NONE',  ( 0.02928135976391381748, 0.07069145586676611748, 0.8076171875000004441 ) ) ;
#2601 = CARTESIAN_POINT ( 'NONE',  ( 0.1124999999999999750, 0.07938566201357317997, 0.8640654110148561218 ) ) ;
#2602 = CARTESIAN_POINT ( 'NONE',  ( 0.07069145586676647830, 0.02928135976391346360, 0.8056640625000001110 ) ) ;
#2603 = ORIENTED_EDGE ( 'NONE', *, *, #1468, .T. ) ;
#2604 = CARTESIAN_POINT ( 'NONE',  ( -0.04870252959880183585, -3.178676856567033324E-16, 0.5859375000000003331 ) ) ;
#2605 = CARTESIAN_POINT ( 'NONE',  ( -0.02017324828170082018, -0.04870252959880215504, 0.8378906250000003331 ) ) ;
#2606 = CARTESIAN_POINT ( 'NONE',  ( 0.04870252959880215504, -0.02017324828170119488, -0.1816406250000001943 ) ) ;
#2607 = CARTESIAN_POINT ( 'NONE',  ( -0.07069145586676646442, -2.027613955424973869E-16, -0.02246093749999935468 ) ) ;
#2608 = CARTESIAN_POINT ( 'NONE',  ( 0.04870252959880216892, -2.273381804687829542E-16, -0.2070312500000001388 ) ) ;
#2609 = CARTESIAN_POINT ( 'NONE',  ( -0.1124999999999998918, -0.07938566201357384611, 0.01093458898514401700 ) ) ;
#2610 = CARTESIAN_POINT ( 'NONE',  ( -0.04879036790187187000, -0.04879036790187219613, 0.7265625000000005551 ) ) ;
#2611 = ORIENTED_EDGE ( 'NONE', *, *, #1709, .T. ) ;
#2612 = CARTESIAN_POINT ( 'NONE',  ( -0.04870252959880216892, 0.02017324828170073345, -0.1933593750000001110 ) ) ;
#2613 = CARTESIAN_POINT ( 'NONE',  ( -0.02858073580374388689, -0.06900000000000017231, 0.5722656250000004441 ) ) ;
#2614 = CARTESIAN_POINT ( 'NONE',  ( 0.03443788894025132108, -0.03443788894025164721, 0.5937500000000003331 ) ) ;
#2615 = CARTESIAN_POINT ( 'NONE',  ( 0.03443788894025132108, -0.03443788894025164721, 0.5937500000000003331 ) ) ;
#2616 = CARTESIAN_POINT ( 'NONE',  ( -0.03443788894025155700, -0.03443788894025176517, -0.06640625000000019429 ) ) ;
#2617 = CARTESIAN_POINT ( 'NONE',  ( 0.04870252959880215504, -0.02017324828170118795, -0.08398437500000016653 ) ) ;
#2618 = PLANE ( 'NONE',  #2490 ) ;
#2619 = CARTESIAN_POINT ( 'NONE',  ( -0.02017324828170082018, -0.04870252959880215504, 0.9003906250000005551 ) ) ;
#2620 = CARTESIAN_POINT ( 'NONE',  ( -0.03443788894025132108, 0.03443788894025100189, 0.8632812500000002220 ) ) ;
#2621 = CARTESIAN_POINT ( 'NONE',  ( 0.04870252959880216892, -2.254246698451152175E-16, -0.1757812500000001388 ) ) ;
#2622 = CARTESIAN_POINT ( 'NONE',  ( 0.000000000000000000, 0.06899999999999992251, 0.8730000000000001092 ) ) ;
#2623 = CARTESIAN_POINT ( 'NONE',  ( 0.04879036790187172429, 0.04879036790187147449, -0.1601562499999994449 ) ) ;
#2624 = FACE_OUTER_BOUND ( 'NONE', #5649, .T. ) ;
#2625 = ORIENTED_EDGE ( 'NONE', *, *, #3641, .T. ) ;
#2626 = CARTESIAN_POINT ( 'NONE',  ( 0.000000000000000000, -1.493979371535143794E-17, -0.2500000000000000000 ) ) ;
#2627 = CARTESIAN_POINT ( 'NONE',  ( 0.03443788894025132108, -0.03443788894025164721, 0.9101562500000002220 ) ) ;
#2628 = ADVANCED_FACE ( 'NONE', ( #3506 ), #847, .F. ) ;
#2629 =( BOUNDED_CURVE ( )  B_SPLINE_CURVE ( 2, ( #1496, #2876, #2430, #4175, #3375, #1181, #2847, #230, #706 ),
 .UNSPECIFIED., .F., .T. ) 
 B_SPLINE_CURVE_WITH_KNOTS ( ( 3, 2, 2, 2, 3 ),
 ( 0.1428571428571427382, 0.1517857142857141906, 0.1607142857142856429, 0.1696428571428570953, 0.1785714285714285476 ),
 .UNSPECIFIED. ) 
 CURVE ( )  GEOMETRIC_REPRESENTATION_ITEM ( )  RATIONAL_B_SPLINE_CURVE ( ( 1.000000000000000888, 0.9238795325112857393, 1.000000000000000000, 0.9238795325112867385, 1.000000000000000000, 0.9238795325112867385, 1.000000000000000000, 0.9238795325112869605, 0.9999999999999997780 ) ) 
 REPRESENTATION_ITEM ( '' )  );
#2630 = CARTESIAN_POINT ( 'NONE',  ( 0.07069145586676646442, -3.338356652790262245E-16, 0.7392578125000005551 ) ) ;
#2631 = FACE_OUTER_BOUND ( 'NONE', #5397, .T. ) ;
#2632 = CARTESIAN_POINT ( 'NONE',  ( 1.192867939671037905E-17, 0.04870252959880150972, 0.6054687500000003331 ) ) ;
#2633 = CARTESIAN_POINT ( 'NONE',  ( -0.04879036790187187000, 0.04879036790187154388, 0.6875000000000003331 ) ) ;
#2634 = EDGE_CURVE ( 'NONE', #4563, #3543, #1862, .T. ) ;
#2635 = CARTESIAN_POINT ( 'NONE',  ( -0.07069145586676647830, -0.02928135976391408810, 0.8525390625000001110 ) ) ;
#2636 = ORIENTED_EDGE ( 'NONE', *, *, #3357, .T. ) ;
#2637 = ORIENTED_EDGE ( 'NONE', *, *, #432, .T. ) ;
#2638 = APPLICATION_CONTEXT ( 'automotive_design' ) ;
#2639 = CARTESIAN_POINT ( 'NONE',  ( 0.04870252959880182891, -0.02017324828170116019, 0.7832031250000004441 ) ) ;
#2640 = CARTESIAN_POINT ( 'NONE',  ( -0.06297756712632626708, 0.005284673595665325373, 0.4999999999999999445 ) ) ;
#2641 = CARTESIAN_POINT ( 'NONE',  ( -0.04870252959880216892, -2.070378920935261239E-16, -0.07031250000000018041 ) ) ;
#2642 = DIRECTION ( 'NONE',  ( 0.000000000000000000, 1.000000000000000000, 0.000000000000000000 ) ) ;
#2643 = DIRECTION ( 'NONE',  ( 0.000000000000000000, 1.000000000000000000, 0.000000000000000000 ) ) ;
#2644 = LINE ( 'NONE', #5309, #4044 ) ;
#2645 = CARTESIAN_POINT ( 'NONE',  ( 0.03294646948322212804, 0.06063419763816396690, 0.8726903156081976531 ) ) ;
#2646 = CARTESIAN_POINT ( 'NONE',  ( -0.02858073580374320341, 0.06900000000000020006, 0.5332031250000001110 ) ) ;
#2647 = CARTESIAN_POINT ( 'NONE',  ( -8.450062914116753856E-18, -0.06900000000000044986, 0.5742187500000004441 ) ) ;
#2648 = CARTESIAN_POINT ( 'NONE',  ( -5.964339698355230356E-18, -0.04870252959880237709, -0.08984375000000015266 ) ) ;
#2649 = CARTESIAN_POINT ( 'NONE',  ( 0.02928135976391381748, 0.07069145586676624238, -0.1240234375000003192 ) ) ;
#2650 = EDGE_CURVE ( 'NONE', #4688, #2179, #3135, .T. ) ;
#2651 = CARTESIAN_POINT ( 'NONE',  ( 0.04870252959880182891, -0.02017324828170116019, 0.8769531250000002220 ) ) ;
#2652 = CARTESIAN_POINT ( 'NONE',  ( 0.07069145586676647830, 0.002222242598105191383, -0.006687709493874644320 ) ) ;
#2653 = CARTESIAN_POINT ( 'NONE',  ( -0.04870252959880183585, -3.178676856567033324E-16, 0.7109375000000002220 ) ) ;
#2654 = CARTESIAN_POINT ( 'NONE',  ( -0.03443788894025155700, -0.03443788894025177211, -0.2187500000000001665 ) ) ;
#2655 = CARTESIAN_POINT ( 'NONE',  ( -0.02858073580374307504, 0.06900000000000033884, 0.7519531250000001110 ) ) ;
#2656 = CARTESIAN_POINT ( 'NONE',  ( -8.450062914116753856E-18, -0.06900000000000044986, 0.6679687500000004441 ) ) ;
#2657 = CARTESIAN_POINT ( 'NONE',  ( 0.1124999999999999473, -0.07938566201357383223, 0.8640654110148560108 ) ) ;
#2658 = CARTESIAN_POINT ( 'NONE',  ( 0.06662230439718849762, 0.003577475808692995481, -0.04026269496264443803 ) ) ;
#2659 = ORIENTED_EDGE ( 'NONE', *, *, #1294, .T. ) ;
#2660 = CARTESIAN_POINT ( 'NONE',  ( -0.02928135976391377585, 0.07069145586676614523, 0.6865234375000003331 ) ) ;
#2661 = ORIENTED_EDGE ( 'NONE', *, *, #1780, .F. ) ;
#2662 = CARTESIAN_POINT ( 'NONE',  ( 0.06899999999999974210, -0.02858073580374371342, -0.1933593750000001110 ) ) ;
#2663 = EDGE_CURVE ( 'NONE', #1841, #3575, #2857, .T. ) ;
#2664 = CARTESIAN_POINT ( 'NONE',  ( -0.02858073580374388689, -0.06900000000000017231, 0.5097656250000005551 ) ) ;
#2665 = VECTOR ( 'NONE', #4038, 39.37007874015748143 ) ;
#2666 = CARTESIAN_POINT ( 'NONE',  ( -0.07069145586676646442, -3.165212522481658049E-16, 0.8818359375000001110 ) ) ;
#2667 = CARTESIAN_POINT ( 'NONE',  ( -0.07069145586676647830, -0.02928135976391399442, -0.1455078124999993339 ) ) ;
#2668 =( BOUNDED_CURVE ( )  B_SPLINE_CURVE ( 2, ( #4281, #1831, #4538, #4882, #1889, #550, #896, #960, #4054 ),
 .UNSPECIFIED., .F., .T. ) 
 B_SPLINE_CURVE_WITH_KNOTS ( ( 3, 2, 2, 2, 3 ),
 ( 0.2857142857142860870, 0.2946428571428574283, 0.3035714285714286587, 0.3125000000000000000, 0.3214285714285712858 ),
 .UNSPECIFIED. ) 
 CURVE ( )  GEOMETRIC_REPRESENTATION_ITEM ( )  RATIONAL_B_SPLINE_CURVE ( ( 0.9999999999999966693, 0.9238795325112900692, 1.000000000000000000, 0.9238795325112867385, 1.000000000000000000, 0.9238795325112867385, 1.000000000000000000, 0.9238795325112881818, 0.9999999999999985567 ) ) 
 REPRESENTATION_ITEM ( '' )  );
#2669 = ORIENTED_EDGE ( 'NONE', *, *, #4933, .F. ) ;
#2670 = CIRCLE ( 'NONE', #1627, 0.04870252959880198851 ) ;
#2671 = CARTESIAN_POINT ( 'NONE',  ( 0.04870252959880216892, 0.001530759976777286034, -0.02328929552951064519 ) ) ;
#2672 = VECTOR ( 'NONE', #4934, 39.37007874015748143 ) ;
#2673 = CARTESIAN_POINT ( 'NONE',  ( -0.02017324828170095549, -0.04870252959880239096, -0.2167968750000001388 ) ) ;
#2674 = CARTESIAN_POINT ( 'NONE',  ( 0.04870252959880182891, -0.02017324828170116019, 0.8183593750000003331 ) ) ;
#2675 = CARTESIAN_POINT ( 'NONE',  ( 1.690012582823350771E-17, 0.06899999999999979761, 0.5585937500000005551 ) ) ;
#2676 = EDGE_CURVE ( 'NONE', #361, #5332, #3088, .T. ) ;
#2677 = AXIS2_PLACEMENT_3D ( 'NONE', #1743, #925, #5321 ) ;
#2678 = CARTESIAN_POINT ( 'NONE',  ( 0.04879036790187187694, 0.04879036790187153694, 0.6171875000000006661 ) ) ;
#2679 = CARTESIAN_POINT ( 'NONE',  ( -0.03443788894025155700, -0.03443788894025177211, -0.09375000000000012490 ) ) ;
#2680 = CARTESIAN_POINT ( 'NONE',  ( 0.07069145586676645054, -0.02928135976391402565, -0.1943359375000002776 ) ) ;
#2681 = CARTESIAN_POINT ( 'NONE',  ( 0.04870252959880182891, 0.02017324828170050446, 0.7558593750000004441 ) ) ;
#2682 = CARTESIAN_POINT ( 'NONE',  ( 0.03443788894025132108, -0.03443788894025164721, 0.6914062500000003331 ) ) ;
#2683 = CARTESIAN_POINT ( 'NONE',  ( -0.03443788894025155700, -0.03443788894025177211, -0.1250000000000001388 ) ) ;
#2684 = CARTESIAN_POINT ( 'NONE',  ( 0.03443788894025155700, -0.03443788894025177905, -0.1796875000000001665 ) ) ;
#2685 = ADVANCED_FACE ( 'NONE', ( #901 ), #3143, .F. ) ;
#2686 = CARTESIAN_POINT ( 'NONE',  ( -0.02858073580374354689, 0.06899999999999986700, 0.5019531250000001110 ) ) ;
#2687 = CARTESIAN_POINT ( 'NONE',  ( 0.06900000000000011680, 0.02858073580374330749, 0.7753906250000000000 ) ) ;
#2688 = ORIENTED_EDGE ( 'NONE', *, *, #5299, .F. ) ;
#2689 = CARTESIAN_POINT ( 'NONE',  ( -0.04870252959880183585, -3.178676856567033324E-16, 0.7109375000000002220 ) ) ;
#2690 = CARTESIAN_POINT ( 'NONE',  ( 0.04998640781534011146, -0.04998640781534044453, 0.7041015625000004441 ) ) ;
#2691 = VERTEX_POINT ( 'NONE', #3623 ) ;
#2692 = CARTESIAN_POINT ( 'NONE',  ( 0.04870252959880216892, -2.294908799204091580E-16, -0.2421875000000001665 ) ) ;
#2693 = CARTESIAN_POINT ( 'NONE',  ( -0.04833175246194448132, 0.03752268460821130830, -0.2500000000000000000 ) ) ;
#2694 = CARTESIAN_POINT ( 'NONE',  ( 0.07069145586676647830, 0.02928135976391346360, 0.6494140625000002220 ) ) ;
#2695 = CARTESIAN_POINT ( 'NONE',  ( 0.000000000000000000, 0.07069145586676624238, -0.2177734374999993339 ) ) ;
#2696 = B_SPLINE_CURVE_WITH_KNOTS ( 'NONE', 3,
 ( #3956, #1277, #750, #3924, #4791, #833, #4356, #5696, #1733, #1616, #5142, #4842, #5345, #887, #1443, #2742 ),
 .UNSPECIFIED., .F., .F.,
 ( 4, 2, 2, 2, 2, 2, 2, 4 ),
 ( 0.000000000000000000, 0.0005115932732230808440, 0.001023186546446161688, 0.002046373092892323376, 0.002557966366115404112, 0.003069559639338485281, 0.003581152912561566017, 0.004092746185784646752 ),
 .UNSPECIFIED. ) ;
#2697 = ORIENTED_EDGE ( 'NONE', *, *, #4731, .T. ) ;
#2698 = EDGE_LOOP ( 'NONE', ( #928, #2539, #1193, #315, #2756, #2625, #5016, #4174, #1039, #860 ) ) ;
#2699 = CARTESIAN_POINT ( 'NONE',  ( 0.03443788894025132802, 0.03443788894025099495, 0.6953125000000003331 ) ) ;
#2700 = CARTESIAN_POINT ( 'NONE',  ( -0.04870252959880216198, 0.02017324828170074386, -0.07226562500000022204 ) ) ;
#2701 = CARTESIAN_POINT ( 'NONE',  ( 0.03443788894025132802, 0.03443788894025099495, 0.5703125000000003331 ) ) ;
#2702 =( BOUNDED_CURVE ( )  B_SPLINE_CURVE ( 2, ( #5281, #3162, #2678, #1853, #3981, #2711, #948, #36, #4957 ),
 .UNSPECIFIED., .F., .T. ) 
 B_SPLINE_CURVE_WITH_KNOTS ( ( 3, 2, 2, 2, 3 ),
 ( 0.7142857142857141906, 0.7232142857142855874, 0.7321428571428569843, 0.7410714285714283811, 0.7499999999999997780 ),
 .UNSPECIFIED. ) 
 CURVE ( )  GEOMETRIC_REPRESENTATION_ITEM ( )  RATIONAL_B_SPLINE_CURVE ( ( 1.000000000000000888, 0.9238795325112857393, 1.000000000000000000, 0.9238795325112867385, 1.000000000000000000, 0.9238795325112867385, 1.000000000000000000, 0.9238795325112886259, 0.9999999999999981126 ) ) 
 REPRESENTATION_ITEM ( '' )  );
#2703 = CARTESIAN_POINT ( 'NONE',  ( -0.05993289108257882775, 0.02839134683019445965, 0.5000000000000002220 ) ) ;
#2704 = CARTESIAN_POINT ( 'NONE',  ( 0.06900000000000011680, 0.02858073580374330749, 0.8691406250000002220 ) ) ;
#2705 = CARTESIAN_POINT ( 'NONE',  ( 0.01250000000000005621, 0.1371206889325357059, 0.8640654110148561218 ) ) ;
#2706 = CARTESIAN_POINT ( 'NONE',  ( -0.02017324828170080978, 0.04870252959880150972, 0.8300781250000003331 ) ) ;
#2707 = ORIENTED_EDGE ( 'NONE', *, *, #2814, .F. ) ;
#2708 = DIRECTION ( 'NONE',  ( 0.000000000000000000, 1.000000000000000000, 0.000000000000000000 ) ) ;
#2709 = EDGE_CURVE ( 'NONE', #5381, #540, #4962, .T. ) ;
#2710 = B_SPLINE_CURVE_WITH_KNOTS ( 'NONE', 3,
 ( #4494, #3122, #3570, #2703, #536, #5337, #2640, #1385, #4034, #95, #4610, #2878, #4096, #5011, #2849, #2792, #3239, #5040 ),
 .UNSPECIFIED., .F., .F.,
 ( 4, 2, 2, 2, 2, 2, 2, 2, 4 ),
 ( 0.0003561198209995336669, 0.0007980436388882063527, 0.001239967456776879147, 0.001681891274665551616, 0.002123815092554224085, 0.002565738910442896554, 0.003007662728331569457, 0.003449586546220242359, 0.003891510364108914394 ),
 .UNSPECIFIED. ) ;
#2711 = CARTESIAN_POINT ( 'NONE',  ( 0.06900000000000011680, -0.02858073580374397363, 0.6113281250000005551 ) ) ;
#2712 = CARTESIAN_POINT ( 'NONE',  ( -8.657206515430192834E-18, -0.07069145586676668647, -0.2333984374999993616 ) ) ;
#2713 = CARTESIAN_POINT ( 'NONE',  ( 0.02928135976391375503, -0.07069145586676670034, -0.1982421875000003053 ) ) ;
#2714 = EDGE_CURVE ( 'NONE', #2454, #3213, #5667, .T. ) ;
#2715 = CARTESIAN_POINT ( 'NONE',  ( 1.192867939671037905E-17, 0.04870252959880150972, 0.8242187500000004441 ) ) ;
#2716 = CARTESIAN_POINT ( 'NONE',  ( 1.192867939671037905E-17, 0.04870252959880150972, 0.6718750000000003331 ) ) ;
#2717 = CARTESIAN_POINT ( 'NONE',  ( -5.964339698355230356E-18, -0.04870252959880237709, -0.1835937500000001388 ) ) ;
#2718 = CARTESIAN_POINT ( 'NONE',  ( -5.964339698355230356E-18, -0.04870252959880237709, -0.1835937500000001388 ) ) ;
#2719 = DIRECTION ( 'NONE',  ( -0.000000000000000000, 1.081356497492104437E-16, -1.000000000000000000 ) ) ;
#2720 =( LENGTH_UNIT ( ) NAMED_UNIT ( * ) SI_UNIT ( $, .METRE. ) );
#2721 = CARTESIAN_POINT ( 'NONE',  ( 0.01250000000000005621, 0.1371206889325357059, 0.8640654110148561218 ) ) ;
#2722 = CARTESIAN_POINT ( 'NONE',  ( -0.06900000000000011680, 0.02858073580374329709, 0.6621093750000001110 ) ) ;
#2723 = ORIENTED_EDGE ( 'NONE', *, *, #2309, .F. ) ;
#2724 = CARTESIAN_POINT ( 'NONE',  ( -0.03443788894025132802, -0.03443788894025164027, 0.8085937500000002220 ) ) ;
#2725 = CARTESIAN_POINT ( 'NONE',  ( 0.02928135976391381748, 0.07069145586676611748, 0.6513671875000004441 ) ) ;
#2726 = CARTESIAN_POINT ( 'NONE',  ( 0.06900000000000010292, -0.02858073580374397363, 0.7402343750000001110 ) ) ;
#2727 = CARTESIAN_POINT ( 'NONE',  ( -0.04870252959880216198, -0.02017324828170116713, -0.2558593750000002776 ) ) ;
#2728 = CARTESIAN_POINT ( 'NONE',  ( -0.05399646047282967432, 0.02532391975549515978, -0.2500000000000001110 ) ) ;
#2729 = CARTESIAN_POINT ( 'NONE',  ( -0.04998640781534011146, 0.04998640781533979921, 0.7529296875000002220 ) ) ;
#2730 = ORIENTED_EDGE ( 'NONE', *, *, #3275, .T. ) ;
#2731 = ORIENTED_EDGE ( 'NONE', *, *, #1053, .F. ) ;
#2732 = CARTESIAN_POINT ( 'NONE',  ( -5.964339698355189526E-18, -0.04870252959880215504, 0.6210937500000003331 ) ) ;
#2733 = CARTESIAN_POINT ( 'NONE',  ( 0.03443788894025132108, -0.03443788894025164721, 0.6562500000000004441 ) ) ;
#2734 = CARTESIAN_POINT ( 'NONE',  ( 0.02858073580374414016, -0.06899999999999992251, 0.7636718750000005551 ) ) ;
#2735 = CARTESIAN_POINT ( 'NONE',  ( -0.04870252959880216892, -2.089514027171938606E-16, -0.1015625000000001943 ) ) ;
#2736 = FACE_OUTER_BOUND ( 'NONE', #4166, .T. ) ;
#2737 = CARTESIAN_POINT ( 'NONE',  ( 1.192867939671037905E-17, 0.04870252959880150972, 0.8281250000000003331 ) ) ;
#2738 = ORIENTED_EDGE ( 'NONE', *, *, #1869, .T. ) ;
#2739 = CARTESIAN_POINT ( 'NONE',  ( 0.000000000000000000, 0.06899999999999990863, 0.5000000000000000000 ) ) ;
#2740 = CARTESIAN_POINT ( 'NONE',  ( -0.04870252959880216198, -0.02017324828170116713, -0.2519531250000001665 ) ) ;
#2741 = ADVANCED_FACE ( 'NONE', ( #1963, #3324 ), #676, .F. ) ;
#2742 = CARTESIAN_POINT ( 'NONE',  ( -0.04879036790187394473, 0.04879036790186917771, -0.2421875000000000278 ) ) ;
#2743 = CARTESIAN_POINT ( 'NONE',  ( -0.07069145586676647830, -0.02928135976391398401, -0.1748046875000003331 ) ) ;
#2744 = CARTESIAN_POINT ( 'NONE',  ( -5.964339698355189526E-18, -0.04870252959880215504, 0.8085937500000003331 ) ) ;
#2745 = CARTESIAN_POINT ( 'NONE',  ( 0.04870252959880183585, -3.297963650534137407E-16, 0.7265625000000003331 ) ) ;
#2746 = CARTESIAN_POINT ( 'NONE',  ( 0.03443788894025155700, -0.03443788894025177905, -0.1796875000000001665 ) ) ;
#2747 = EDGE_CURVE ( 'NONE', #3118, #1454, #4558, .T. ) ;
#2748 = CARTESIAN_POINT ( 'NONE',  ( -0.04870252959880216198, -0.02017324828170116366, -0.1894531250000001388 ) ) ;
#2749 = CARTESIAN_POINT ( 'NONE',  ( 0.000000000000000000, 0.06899999999999967271, -0.2500000000000000000 ) ) ;
#2750 = CARTESIAN_POINT ( 'NONE',  ( 0.04879036790187187694, 0.04879036790187153000, 0.7773437500000001110 ) ) ;
#2751 = CARTESIAN_POINT ( 'NONE',  ( 0.04870252959880182891, 0.02017324828170050446, 0.7910156250000002220 ) ) ;
#2752 = CARTESIAN_POINT ( 'NONE',  ( 0.02928135976391381748, 0.07069145586676611748, 0.6826171875000004441 ) ) ;
#2753 = CARTESIAN_POINT ( 'NONE',  ( 0.06900000000000011680, -0.02858073580374397363, 0.8300781250000004441 ) ) ;
#2754 = CARTESIAN_POINT ( 'NONE',  ( 0.008760845854621335249, -0.1392794905849122356, 0.01197984194321509606 ) ) ;
#2755 = CARTESIAN_POINT ( 'NONE',  ( -0.04998640781534011146, 0.04998640781533979921, 0.6904296875000002220 ) ) ;
#2756 = ORIENTED_EDGE ( 'NONE', *, *, #3643, .F. ) ;
#2757 = CARTESIAN_POINT ( 'NONE',  ( 0.02017324828170084447, 0.04870252959880150279, 0.6035156250000005551 ) ) ;
#2758 = EDGE_CURVE ( 'NONE', #3034, #2486, #2210, .T. ) ;
#2759 = CARTESIAN_POINT ( 'NONE',  ( -5.964339698355189526E-18, -0.04870252959880215504, 0.6835937500000003331 ) ) ;
#2760 = DIRECTION ( 'NONE',  ( -0.000000000000000000, 1.081356497492104437E-16, -1.000000000000000000 ) ) ;
#2761 = LINE ( 'NONE', #2342, #809 ) ;
#2762 = CARTESIAN_POINT ( 'NONE',  ( 0.02556794352897751726, 0.04145137697376483771, 0.8527025295988018838 ) ) ;
#2763 = CARTESIAN_POINT ( 'NONE',  ( -0.02017324828170082018, -0.04870252959880215504, 0.8105468750000003331 ) ) ;
#2764 = ORIENTED_EDGE ( 'NONE', *, *, #2397, .F. ) ;
#2765 = FACE_OUTER_BOUND ( 'NONE', #945, .T. ) ;
#2766 = VECTOR ( 'NONE', #265, 39.37007874015748143 ) ;
#2767 = CARTESIAN_POINT ( 'NONE',  ( 0.000000000000000000, -1.493979371535143794E-17, -0.2500000000000000000 ) ) ;
#2768 = CARTESIAN_POINT ( 'NONE',  ( -0.02928135976391377585, -0.07069145586676668647, -0.2333984375000002776 ) ) ;
#2769 = CARTESIAN_POINT ( 'NONE',  ( 0.04870252959880183585, -3.297963650534137407E-16, 0.8476562500000004441 ) ) ;
#2770 = CARTESIAN_POINT ( 'NONE',  ( -0.03443788894025132108, 0.03443788894025100189, 0.5507812500000002220 ) ) ;
#2771 = CIRCLE ( 'NONE', #1920, 0.1187499999999999944 ) ;
#2772 = EDGE_CURVE ( 'NONE', #493, #126, #5592, .T. ) ;
#2773 = CARTESIAN_POINT ( 'NONE',  ( 0.02017324828170093814, -0.04870252959880239096, -0.1503906250000001388 ) ) ;
#2774 = CARTESIAN_POINT ( 'NONE',  ( -0.04870252959880216198, -0.02017324828170116019, -0.09570312500000013878 ) ) ;
#2775 = CARTESIAN_POINT ( 'NONE',  ( -0.06900000000000011680, -0.02858073580374393199, 0.5097656250000002220 ) ) ;
#2776 = CARTESIAN_POINT ( 'NONE',  ( -0.01249999999999994345, 0.1371206889325357059, 0.8640654110148561218 ) ) ;
#2777 = AXIS2_PLACEMENT_3D ( 'NONE', #1705, #5671, #1200 ) ;
#2778 = CARTESIAN_POINT ( 'NONE',  ( -0.04879036790187187000, -0.04879036790187219613, 0.7890625000000005551 ) ) ;
#2779 = VERTEX_POINT ( 'NONE', #760 ) ;
#2780 = CARTESIAN_POINT ( 'NONE',  ( -0.02017324828170081324, 0.04870252959880150972, 0.7050781250000002220 ) ) ;
#2781 = CARTESIAN_POINT ( 'NONE',  ( 0.04998640781534011840, 0.04998640781533977839, 0.7119140625000004441 ) ) ;
#2782 = CARTESIAN_POINT ( 'NONE',  ( 0.1249999999999999445, 0.009715314832800593312, 0.8713915608175644145 ) ) ;
#2783 = CARTESIAN_POINT ( 'NONE',  ( 1.690012582823350463E-17, 0.06899999999999979761, 0.7812500000000000000 ) ) ;
#2784 = DIRECTION ( 'NONE',  ( -0.000000000000000000, 1.081356497492104437E-16, -1.000000000000000000 ) ) ;
#2785 = CARTESIAN_POINT ( 'NONE',  ( -0.06900000000000014455, 0.02858073580374329709, 0.5019531250000005551 ) ) ;
#2786 = CARTESIAN_POINT ( 'NONE',  ( 0.02928135976391375850, -0.07069145586676682524, 0.7353515625000001110 ) ) ;
#2787 = EDGE_CURVE ( 'NONE', #4807, #2497, #1726, .T. ) ;
#2788 = ORIENTED_EDGE ( 'NONE', *, *, #2096, .T. ) ;
#2789 = CARTESIAN_POINT ( 'NONE',  ( -0.04870252959880183585, -3.178676856567033324E-16, 0.7070312500000003331 ) ) ;
#2790 = CARTESIAN_POINT ( 'NONE',  ( -0.04870252959880183585, 0.02017324828170049406, 0.5488281250000003331 ) ) ;
#2791 = CARTESIAN_POINT ( 'NONE',  ( 0.03443788894025132802, 0.03443788894025099495, 0.6328125000000004441 ) ) ;
#2792 = CARTESIAN_POINT ( 'NONE',  ( -0.01175771589856320666, -0.04963698423014502314, 0.5000000000000001110 ) ) ;
#2793 = CARTESIAN_POINT ( 'NONE',  ( 1.831480773947454243E-15, -0.04870252959880239096, -0.2500000000000000555 ) ) ;
#2794 = CARTESIAN_POINT ( 'NONE',  ( -0.04955461800117831606, 0.02215328269301353875, 0.8580824227911626467 ) ) ;
#2795 = B_SPLINE_CURVE_WITH_KNOTS ( 'NONE', 3,
 ( #5101, #1159, #4236, #5571, #817, #4393, #4852, #4365, #897, #3505 ),
 .UNSPECIFIED., .F., .F.,
 ( 4, 2, 2, 2, 4 ),
 ( 0.000000000000000000, 0.0005078881267844885744, 0.0007618321901767329159, 0.001015776253568977149, 0.002031552507137954298 ),
 .UNSPECIFIED. ) ;
#2796 = CARTESIAN_POINT ( 'NONE',  ( -0.03443788894025132108, 0.03443788894025100189, 0.6757812500000002220 ) ) ;
#2797 = ORIENTED_EDGE ( 'NONE', *, *, #4165, .F. ) ;
#2798 = SHAPE_DEFINITION_REPRESENTATION ( #3617, #5300 ) ;
#2799 = CARTESIAN_POINT ( 'NONE',  ( -0.04879036790187187000, 0.04879036790187154388, 0.6562500000000005551 ) ) ;
#2800 = CARTESIAN_POINT ( 'NONE',  ( -0.04879036790187187000, -0.04879036790187218919, 0.5429687500000001110 ) ) ;
#2801 = CARTESIAN_POINT ( 'NONE',  ( -8.450062914116675278E-18, -0.06899999999999971434, -0.2304687500000000278 ) ) ;
#2802 = CARTESIAN_POINT ( 'NONE',  ( -8.657206515430192834E-18, -0.07069145586676667259, -0.07519531250000030531 ) ) ;
#2803 = CARTESIAN_POINT ( 'NONE',  ( -0.03443788894025132108, 0.03443788894025100189, 0.8593750000000003331 ) ) ;
#2804 = CARTESIAN_POINT ( 'NONE',  ( -5.964339698355189526E-18, -0.04870252959880215504, 0.6562500000000002220 ) ) ;
#2805 = CARTESIAN_POINT ( 'NONE',  ( -0.04879036790187171041, -0.04879036790187191164, -0.05078124999999945183 ) ) ;
#2806 = CARTESIAN_POINT ( 'NONE',  ( -0.04870252959880216892, -0.02017324828170116713, -0.2246093750000001943 ) ) ;
#2807 = CARTESIAN_POINT ( 'NONE',  ( 0.07069145586676645054, -0.02928135976391402912, -0.1962890624999993339 ) ) ;
#2808 = CARTESIAN_POINT ( 'NONE',  ( 1.690012582823350463E-17, 0.06899999999999979761, 0.5625000000000001110 ) ) ;
#2809 = ORIENTED_EDGE ( 'NONE', *, *, #1020, .F. ) ;
#2810 = CARTESIAN_POINT ( 'NONE',  ( -0.04870252959880183585, -0.02017324828170113243, 0.7753906250000002220 ) ) ;
#2811 = CARTESIAN_POINT ( 'NONE',  ( 0.07069145586676645054, -0.02928135976391412626, 0.5498046875000004441 ) ) ;
#2812 = CARTESIAN_POINT ( 'NONE',  ( 0.04879036790187169653, -0.04879036790187193245, -0.1679687499999994726 ) ) ;
#2813 = CARTESIAN_POINT ( 'NONE',  ( 0.02928135976391375850, -0.07069145586676682524, 0.7666015625000003331 ) ) ;
#2814 = EDGE_CURVE ( 'NONE', #3087, #3456, #2668, .T. ) ;
#2815 = CARTESIAN_POINT ( 'NONE',  ( 0.07069145586676646442, -3.338356652790262245E-16, 0.8642578125000005551 ) ) ;
#2816 = ORIENTED_EDGE ( 'NONE', *, *, #575, .F. ) ;
#2817 = CARTESIAN_POINT ( 'NONE',  ( -0.03443788894025132802, -0.03443788894025164027, 0.5234375000000003331 ) ) ;
#2818 = CARTESIAN_POINT ( 'NONE',  ( 0.04870252959880183585, -3.297963650534137407E-16, 0.5976562500000003331 ) ) ;
#2819 = FACE_OUTER_BOUND ( 'NONE', #410, .T. ) ;
#2820 = CARTESIAN_POINT ( 'NONE',  ( 0.000000000000000000, -1.351695621865133782E-17, 0.8750000000000001110 ) ) ;
#2821 = CARTESIAN_POINT ( 'NONE',  ( 0.03443788894025132802, 0.03443788894025099495, 0.7929687500000003331 ) ) ;
#2822 =( BOUNDED_CURVE ( )  B_SPLINE_CURVE ( 2, ( #2565, #3083, #4826, #2066, #5677 ),
 .UNSPECIFIED., .F., .T. ) 
 B_SPLINE_CURVE_WITH_KNOTS ( ( 3, 2, 3 ),
 ( 0.8125000000000000000, 0.8281250000000000000, 0.8332190840872878423 ),
 .UNSPECIFIED. ) 
 CURVE ( )  GEOMETRIC_REPRESENTATION_ITEM ( )  RATIONAL_B_SPLINE_CURVE ( ( 1.000000000000000000, 0.9238795325112867385, 1.000000000000000000, 0.9751831000223254442, 0.9665478800794777836 ) ) 
 REPRESENTATION_ITEM ( '' )  );
#2823 = DIRECTION ( 'NONE',  ( -0.000000000000000000, 1.081356497492104437E-16, -1.000000000000000000 ) ) ;
#2824 = CARTESIAN_POINT ( 'NONE',  ( -0.04870252959880216198, 0.02017324828170073345, -0.2246093750000001110 ) ) ;
#2825 = CARTESIAN_POINT ( 'NONE',  ( -0.02928135976391377585, -0.07069145586676665871, -0.04589843750000032613 ) ) ;
#2826 = CARTESIAN_POINT ( 'NONE',  ( -0.03443788894025132108, 0.03443788894025100189, 0.7343750000000004441 ) ) ;
#2827 = CARTESIAN_POINT ( 'NONE',  ( -0.03443788894025132802, -0.03443788894025164027, 0.6210937500000002220 ) ) ;
#2828 = CARTESIAN_POINT ( 'NONE',  ( 0.000000000000000000, 0.04870252959880196075, -0.04296875000000015266 ) ) ;
#2829 = CARTESIAN_POINT ( 'NONE',  ( -0.03443788894025155700, -0.03443788894025177211, -0.09375000000000012490 ) ) ;
#2830 = CARTESIAN_POINT ( 'NONE',  ( 0.02017324828170079937, -0.04870252959880216198, 0.8730468750000004441 ) ) ;
#2831 = ADVANCED_FACE ( 'NONE', ( #2330 ), #5323, .T. ) ;
#2832 = CARTESIAN_POINT ( 'NONE',  ( -5.964339698355230356E-18, -0.04870252959880237709, -0.1250000000000001943 ) ) ;
#2833 = CARTESIAN_POINT ( 'NONE',  ( -0.07069145586676647830, -0.02928135976391399442, -0.1767578124999993339 ) ) ;
#2834 = CARTESIAN_POINT ( 'NONE',  ( -0.02858073580377386638, 0.06899999999996919708, -0.1816406249999972522 ) ) ;
#2835 = ORIENTED_EDGE ( 'NONE', *, *, #347, .F. ) ;
#2836 = CARTESIAN_POINT ( 'NONE',  ( 0.04870252959880183585, -3.297963650534137407E-16, 0.6640625000000002220 ) ) ;
#2837 = ORIENTED_EDGE ( 'NONE', *, *, #3010, .F. ) ;
#2838 = CARTESIAN_POINT ( 'NONE',  ( -0.02928135976391377585, 0.07069145586676614523, 0.5927734375000004441 ) ) ;
#2839 = CARTESIAN_POINT ( 'NONE',  ( 1.690012582823350771E-17, 0.06899999999999979761, 0.8398437500000004441 ) ) ;
#2840 = CARTESIAN_POINT ( 'NONE',  ( -0.02017324828170095202, 0.04870252959880195381, -0.07617187500000018041 ) ) ;
#2841 = CARTESIAN_POINT ( 'NONE',  ( -0.01250000000000001110, -0.1371206889325363998, 0.8640654110148560108 ) ) ;
#2842 = CARTESIAN_POINT ( 'NONE',  ( 0.06900000000000011680, -3.335249498770559690E-16, 0.6445312500000005551 ) ) ;
#2843 = CARTESIAN_POINT ( 'NONE',  ( 0.04998640781534013228, 0.04998640781533977839, 0.5888671875000002220 ) ) ;
#2844 = CARTESIAN_POINT ( 'NONE',  ( -0.02017324828170081324, 0.04870252959880150972, 0.5136718750000003331 ) ) ;
#2845 = ORIENTED_EDGE ( 'NONE', *, *, #2934, .T. ) ;
#2846 = CARTESIAN_POINT ( 'NONE',  ( 0.04870252959880182891, 0.02017324828170050446, 0.6308593750000003331 ) ) ;
#2847 = CARTESIAN_POINT ( 'NONE',  ( 0.04879036790187187000, -0.04879036790187220307, 0.8593750000000005551 ) ) ;
#2848 = CARTESIAN_POINT ( 'NONE',  ( -0.04870252959880183585, -3.178676856567033324E-16, 0.4882812500000003886 ) ) ;
#2849 = CARTESIAN_POINT ( 'NONE',  ( -0.02323207584175031662, -0.04759441495819913964, 0.4999999999999999445 ) ) ;
#2850 = DIRECTION ( 'NONE',  ( -0.000000000000000000, 1.081356497492104437E-16, -1.000000000000000000 ) ) ;
#2851 = CARTESIAN_POINT ( 'NONE',  ( 1.192867939671037905E-17, 0.04870252959880150972, 0.7968750000000002220 ) ) ;
#2852 = CARTESIAN_POINT ( 'NONE',  ( 0.04870252959880215504, -0.02017324828170119141, -0.1152343750000001249 ) ) ;
#2853 = CARTESIAN_POINT ( 'NONE',  ( -0.04998640781534011146, -0.04998640781534032657, -0.07910156250000031919 ) ) ;
#2854 = AXIS2_PLACEMENT_3D ( 'NONE', #4081, #4935, #4345 ) ;
#2855 = EDGE_LOOP ( 'NONE', ( #2583, #855, #47, #262 ) ) ;
#2856 = CARTESIAN_POINT ( 'NONE',  ( -0.04870252959880183585, -0.02017324828170113243, 0.6777343750000003331 ) ) ;
#2857 =( BOUNDED_CURVE ( )  B_SPLINE_CURVE ( 2, ( #52, #963, #4857, #2270, #1803, #2753, #468, #22, #1373 ),
 .UNSPECIFIED., .F., .T. ) 
 B_SPLINE_CURVE_WITH_KNOTS ( ( 3, 2, 2, 2, 3 ),
 ( 0.2142857142857144126, 0.2232142857142858927, 0.2321428571428573173, 0.2410714285714287697, 0.2500000000000002220 ),
 .UNSPECIFIED. ) 
 CURVE ( )  GEOMETRIC_REPRESENTATION_ITEM ( )  RATIONAL_B_SPLINE_CURVE ( ( 0.9999999999999987788, 0.9238795325112879597, 1.000000000000000000, 0.9238795325112867385, 1.000000000000000000, 0.9238795325112867385, 1.000000000000000000, 0.9238795325112848511, 1.000000000000001998 ) ) 
 REPRESENTATION_ITEM ( '' )  );
#2858 = ORIENTED_EDGE ( 'NONE', *, *, #4070, .F. ) ;
#2859 = CARTESIAN_POINT ( 'NONE',  ( -0.02017324828170082018, -0.04870252959880215504, 0.6542968750000003331 ) ) ;
#2860 = CARTESIAN_POINT ( 'NONE',  ( -0.04870252959880216892, -2.067987032655676814E-16, -0.06640625000000013878 ) ) ;
#2861 = AXIS2_PLACEMENT_3D ( 'NONE', #4295, #2079, #3830 ) ;
#2862 = CARTESIAN_POINT ( 'NONE',  ( 0.06899999999999970046, -2.224559674859203180E-16, -0.06640625000000015266 ) ) ;
#2863 = DIRECTION ( 'NONE',  ( -0.000000000000000000, 1.081356497492104437E-16, -1.000000000000000000 ) ) ;
#2864 = CARTESIAN_POINT ( 'NONE',  ( -0.03443788894025155700, -0.03443788894025177211, -0.1601562500000001943 ) ) ;
#2865 = CARTESIAN_POINT ( 'NONE',  ( -8.450062914116752315E-18, -0.06900000000000044986, 0.5781250000000001110 ) ) ;
#2866 = CARTESIAN_POINT ( 'NONE',  ( -0.04870252959880183585, -0.02017324828170113243, 0.6816406250000002220 ) ) ;
#2867 = CARTESIAN_POINT ( 'NONE',  ( 1.731441303086038567E-17, 0.07069145586676613136, 0.5283203125000005551 ) ) ;
#2868 = EDGE_CURVE ( 'NONE', #600, #1785, #697, .T. ) ;
#2869 = CONICAL_SURFACE ( 'NONE', #4221, 0.1187499999999999944, 1.047197551196600074 ) ;
#2870 = DIRECTION ( 'NONE',  ( 1.000000000000000000, 0.000000000000000000, 0.000000000000000000 ) ) ;
#2871 = CARTESIAN_POINT ( 'NONE',  ( 0.1162391541453785815, -0.07722686036119796871, 0.8630201580567850028 ) ) ;
#2872 = CARTESIAN_POINT ( 'NONE',  ( 0.07069145586676646442, -3.338356652790262245E-16, 0.5537109375000002220 ) ) ;
#2873 = CARTESIAN_POINT ( 'NONE',  ( -0.03443788894025132802, -0.03443788894025164027, 0.4921875000000003886 ) ) ;
#2874 = ORIENTED_EDGE ( 'NONE', *, *, #1549, .F. ) ;
#2875 = CARTESIAN_POINT ( 'NONE',  ( -0.03443788894025132108, 0.03443788894025100189, 0.6718750000000003331 ) ) ;
#2876 = CARTESIAN_POINT ( 'NONE',  ( 0.02858073580374339770, 0.06900000000000007516, 0.8691406250000006661 ) ) ;
#2877 = CARTESIAN_POINT ( 'NONE',  ( 0.04870252959880182891, -0.02017324828170116019, 0.5644531250000003331 ) ) ;
#2878 = CARTESIAN_POINT ( 'NONE',  ( -0.04356734853325372470, -0.03604450635388051910, 0.4999999999999993339 ) ) ;
#2879 = CARTESIAN_POINT ( 'NONE',  ( 0.02858073580374291545, -0.06900000000000114375, 0.6738281250000001110 ) ) ;
#2880 = CARTESIAN_POINT ( 'NONE',  ( -0.02017324828170082018, -0.04870252959880215504, 0.7167968750000003331 ) ) ;
#2881 = CARTESIAN_POINT ( 'NONE',  ( 0.04870252959880215504, 0.02017324828170074039, -0.2402343750000001665 ) ) ;
#2882 = CARTESIAN_POINT ( 'NONE',  ( -0.02017324828170081324, 0.04870252959880150972, 0.7324218750000005551 ) ) ;
#2883 = CARTESIAN_POINT ( 'NONE',  ( 0.04870252959880182891, -0.02017324828170116019, 0.5683593750000003331 ) ) ;
#2884 = CARTESIAN_POINT ( 'NONE',  ( 0.03443788894025156394, 0.03443788894025134190, -0.07812500000000013878 ) ) ;
#2885 = EDGE_CURVE ( 'NONE', #3118, #2103, #3119, .T. ) ;
#2886 = CARTESIAN_POINT ( 'NONE',  ( 0.000000000000000000, 0.04870252959880195381, -0.1054687500000001388 ) ) ;
#2887 = CARTESIAN_POINT ( 'NONE',  ( 0.02858073580373400591, 0.06900000000000897082, -0.06054687499999922284 ) ) ;
#2888 = EDGE_CURVE ( 'NONE', #4490, #3328, #3423, .T. ) ;
#2889 = CARTESIAN_POINT ( 'NONE',  ( -8.450062914116752315E-18, -0.06900000000000044986, 0.7968750000000001110 ) ) ;
#2890 = CARTESIAN_POINT ( 'NONE',  ( 0.04870252959880215504, -0.02017324828170119141, -0.1191406250000001804 ) ) ;
#2891 =( BOUNDED_SURFACE ( )  B_SPLINE_SURFACE ( 1, 2, ( 
 ( #788, #3507, #1289, #3477, #3935, #5207, #2627, #5240, #3029, #18, #438, #3966, #4366, #4774, #4340, #3847, #5622, #362, #2570, #5652, #1685, #1232, #3003, #2211, #4802, #1654, #386, #408, #2153, #3060, #818, #3528, #2598, #1208, #4745, #1770, #4827, #5266, #1744, #3878, #3906, #1715, #3422, #848, #5710, #5176, #2180, #1314, #3085, #2979, #4717, #874, #4394, #761, #2537, #4282, #1832, #494, #2724, #4055, #4423, #5355, #2267, #2360, #2303, #3171, #1019, #2751, #1456, #5324, #113, #1890, #3649, #4455, #465, #2810, #3140, #4019, #5407, #4539, #1338, #3197, #77, #4969, #1863, #898, #3588, #1370, #3555, #1429, #4112, #579, #990, #4853, #3993, #3228, #4883, #926, #4482, #2239, #1800, #160, #1404, #552, #1919, #4938, #4913, #3111, #2689, #961, #48, #2780, #524, #3620, #5383, #4512, #5292, #2331, #4085, #136, #1486, #4996, #1079, #2866, #1594, #601, #3284, #1950, #5057, #4596, #1169, #3307, #2836, #634, #2918, #2420, #2473, #5115, #4216, #221, #272, #3765, #662, #4164, #3675, #4140, #1976, #694, #4564, #3731, #5498, #1537, #4678, #726, #191, #1112, #4654, #5439, #299, #2893, #4626, #2448, #4191, #2388, #246, #2004, #2506, #5529, #1569, #2946, #3339, #5555, #3705, #5085, #2034, #3791, #1141, #5467, #4245, #1510, #3366, #3257, #1047, #5026, #5672, #5170, #1736, #2590, #3389, #1225, #3840, #324, #3900, #865, #1305, #3469, #1618, #753, #3927, #2087, #3415, #1252, #4710, #4274, #5700, #5612, #3051, #3499, #1706, #1648, #3814, #5145, #2559, #2531, #5230, #2974, #2997, #5199, #1202, #2173, #4359, #4737, #3078, #5581, #780 ),
 ( #4304, #5257, #1677, #352, #2118, #1280, #3870, #837, #4821, #2619, #5645, #402, #2146, #4766, #3441, #2060, #3021, #808, #4331, #378, #4794, #2651, #4385, #4048, #1331, #5347, #5373, #1396, #516, #484, #2803, #4873, #428, #456, #1009, #4074, #2769, #981, #2232, #3164, #4904, #1446, #3218, #890, #5314, #1421, #2203, #3959, #2715, #1362, #3548, #950, #5284, #2258, #3131, #4959, #2744, #4012, #1881, #3581, #2323, #3984, #4473, #4504, #543, #919, #3104, #3638, #40, #4444, #129, #5401, #11, #106, #68, #1762, #2294, #3522, #1821, #1792, #4416, #1855, #4846, #2681, #3613, #3191, #4930, #3753, #1038, #594, #625, #3665, #3247, #5518, #2826, #2882, #1561, #5489, #4554, #4530, #4101, #5459, #5427, #3300, #1477, #1941, #2412, #152, #1996, #238, #4986, #1132, #2350, #1909, #4131, #182, #3330, #2379, #3696, #1503, #4585, #3276, #5075, #2856, #5018, #1070, #4618, #4157, #2438, #2908, #4183, #212, #4646, #1529, #1968, #3724, #569, #683, #5048, #1105, #653, #4000, #58, #4977, #1871, #4865, #3180, #3206, #4921, #4064, #4032, #587, #2732, #3976, #1810, #4547, #1899, #560, #4519, #3568, #971, #2757, #4433, #4893, #1001, #3121, #938, #3151, #4464, #4094, #2339, #911, #3237, #1779, #5302, #1383, #504, #3656, #2701, #5334, #2249, #5365, #2278, #1467, #3599, #474, #92, #4947, #1843, #2790, #5416, #144, #1413, #1029, #120, #4492, #534, #31, #2313, #3629, #5390, #1436, #2817, #3539, #1351, #5476, #3316, #2844, #1546, #3291, #1493, #4173, #5536, #4117, #1119, #1056, #2900, #1574, #2873, #2011, #4146, #5063, #5033, #3772, #1518 ) ),
 .UNSPECIFIED., .F., .F., .T. ) 
 B_SPLINE_SURFACE_WITH_KNOTS ( ( 2, 2 ),
 ( 3, 2, 2, 2, 2, 2, 2, 2, 2, 2, 2, 2, 2, 2, 2, 2, 2, 2, 2, 2, 2, 2, 2, 2, 2, 2, 2, 2, 2, 2, 2, 2, 2, 2, 2, 2, 2, 2, 2, 2, 2, 2, 2, 2, 2, 2, 2, 2, 2, 2, 2, 2, 2, 2, 2, 2, 2, 2, 2, 2, 2, 2, 2, 2, 2, 2, 2, 2, 2, 2, 2, 2, 2, 2, 2, 2, 2, 2, 2, 2, 2, 2, 2, 2, 2, 2, 2, 2, 2, 2, 2, 2, 2, 2, 2, 2, 2, 2, 2, 2, 2, 2, 2, 2, 2, 2, 2, 2, 2, 2, 2, 2, 3 ),
 ( 0.000000000000000000, 1.000000000000000000 ),
 ( 0.000000000000000000, 0.008928571428571428076, 0.01785714285714285615, 0.02678571428571428423, 0.03571428571428571230, 0.04464285714285714385, 0.05357142857142856845, 0.06250000000000000000, 0.07142857142857142461, 0.08035714285714286309, 0.08928571428571428770, 0.09821428571428571230, 0.1071428571428571369, 0.1160714285714285754, 0.1250000000000000000, 0.1339285714285714246, 0.1428571428571428492, 0.1517857142857142738, 0.1607142857142857262, 0.1696428571428571508, 0.1785714285714285754, 0.1875000000000000000, 0.1964285714285714246, 0.2053571428571428492, 0.2142857142857142738, 0.2232142857142857262, 0.2321428571428571508, 0.2410714285714285754, 0.2500000000000000000, 0.2589285714285714524, 0.2678571428571428492, 0.2767857142857143016, 0.2857142857142856984, 0.2946428571428571508, 0.3035714285714285476, 0.3125000000000000000, 0.3214285714285714524, 0.3303571428571428492, 0.3392857142857143016, 0.3482142857142856984, 0.3571428571428571508, 0.3660714285714285476, 0.3750000000000000000, 0.3839285714285714524, 0.3928571428571428492, 0.4017857142857143016, 0.4107142857142856984, 0.4196428571428571508, 0.4285714285714285476, 0.4375000000000000000, 0.4464285714285714524, 0.4553571428571428492, 0.4642857142857143016, 0.4732142857142856984, 0.4821428571428571508, 0.4910714285714285476, 0.5000000000000000000, 0.5089285714285713969, 0.5178571428571429047, 0.5267857142857143016, 0.5357142857142856984, 0.5446428571428570953, 0.5535714285714286031, 0.5625000000000000000, 0.5714285714285713969, 0.5803571428571429047, 0.5892857142857143016, 0.5982142857142856984, 0.6071428571428570953, 0.6160714285714286031, 0.6250000000000000000, 0.6339285714285713969, 0.6428571428571429047, 0.6517857142857143016, 0.6607142857142856984, 0.6696428571428570953, 0.6785714285714286031, 0.6875000000000000000, 0.6964285714285713969, 0.7053571428571429047, 0.7142857142857143016, 0.7232142857142856984, 0.7321428571428570953, 0.7410714285714286031, 0.7500000000000000000, 0.7589285714285713969, 0.7678571428571429047, 0.7767857142857143016, 0.7857142857142856984, 0.7946428571428570953, 0.8035714285714286031, 0.8125000000000000000, 0.8214285714285713969, 0.8303571428571429047, 0.8392857142857143016, 0.8482142857142856984, 0.8571428571428570953, 0.8660714285714286031, 0.8750000000000000000, 0.8839285714285713969, 0.8928571428571429047, 0.9017857142857143016, 0.9107142857142856984, 0.9196428571428570953, 0.9285714285714286031, 0.9375000000000000000, 0.9464285714285713969, 0.9553571428571429047, 0.9642857142857143016, 0.9732142857142856984, 0.9821428571428570953, 0.9910714285714286031, 1.000000000000000000 ),
 .UNSPECIFIED. ) 
 GEOMETRIC_REPRESENTATION_ITEM ( )  RATIONAL_B_SPLINE_SURFACE ( (
 ( 1.000000000000000000, 0.9238795325112867385, 1.000000000000000000, 0.9238795325112867385, 1.000000000000000000, 0.9238795325112867385, 1.000000000000000000, 0.9238795325112867385, 1.000000000000000000, 0.9238795325112867385, 1.000000000000000000, 0.9238795325112867385, 1.000000000000000000, 0.9238795325112867385, 1.000000000000000000, 0.9238795325112867385, 1.000000000000000000, 0.9238795325112867385, 1.000000000000000000, 0.9238795325112867385, 1.000000000000000000, 0.9238795325112867385, 1.000000000000000000, 0.9238795325112867385, 1.000000000000000000, 0.9238795325112867385, 1.000000000000000000, 0.9238795325112867385, 1.000000000000000000, 0.9238795325112867385, 1.000000000000000000, 0.9238795325112867385, 1.000000000000000000, 0.9238795325112867385, 1.000000000000000000, 0.9238795325112867385, 1.000000000000000000, 0.9238795325112867385, 1.000000000000000000, 0.9238795325112867385, 1.000000000000000000, 0.9238795325112867385, 1.000000000000000000, 0.9238795325112867385, 1.000000000000000000, 0.9238795325112867385, 1.000000000000000000, 0.9238795325112867385, 1.000000000000000000, 0.9238795325112867385, 1.000000000000000000, 0.9238795325112867385, 1.000000000000000000, 0.9238795325112867385, 1.000000000000000000, 0.9238795325112867385, 1.000000000000000000, 0.9238795325112867385, 1.000000000000000000, 0.9238795325112867385, 1.000000000000000000, 0.9238795325112867385, 1.000000000000000000, 0.9238795325112867385, 1.000000000000000000, 0.9238795325112867385, 1.000000000000000000, 0.9238795325112867385, 1.000000000000000000, 0.9238795325112867385, 1.000000000000000000, 0.9238795325112867385, 1.000000000000000000, 0.9238795325112867385, 1.000000000000000000, 0.9238795325112867385, 1.000000000000000000, 0.9238795325112867385, 1.000000000000000000, 0.9238795325112867385, 1.000000000000000000, 0.9238795325112867385, 1.000000000000000000, 0.9238795325112867385, 1.000000000000000000, 0.9238795325112867385, 1.000000000000000000, 0.9238795325112867385, 1.000000000000000000, 0.9238795325112867385, 1.000000000000000000, 0.9238795325112867385, 1.000000000000000000, 0.9238795325112867385, 1.000000000000000000, 0.9238795325112867385, 1.000000000000000000, 0.9238795325112867385, 1.000000000000000000, 0.9238795325112867385, 1.000000000000000000, 0.9238795325112867385, 1.000000000000000000, 0.9238795325112867385, 1.000000000000000000, 0.9238795325112867385, 1.000000000000000000, 0.9238795325112867385, 1.000000000000000000, 0.9238795325112867385, 1.000000000000000000, 0.9238795325112867385, 1.000000000000000000, 0.9238795325112867385, 1.000000000000000000, 0.9238795325112867385, 1.000000000000000000, 0.9238795325112867385, 1.000000000000000000, 0.9238795325112867385, 1.000000000000000000, 0.9238795325112867385, 1.000000000000000000, 0.9238795325112867385, 1.000000000000000000, 0.9238795325112867385, 1.000000000000000000, 0.9238795325112867385, 1.000000000000000000, 0.9238795325112867385, 1.000000000000000000, 0.9238795325112867385, 1.000000000000000000, 0.9238795325112867385, 1.000000000000000000, 0.9238795325112867385, 1.000000000000000000, 0.9238795325112867385, 1.000000000000000000, 0.9238795325112867385, 1.000000000000000000, 0.9238795325112867385, 1.000000000000000000, 0.9238795325112867385, 1.000000000000000000, 0.9238795325112867385, 1.000000000000000000, 0.9238795325112867385, 1.000000000000000000, 0.9238795325112867385, 1.000000000000000000, 0.9238795325112867385, 1.000000000000000000, 0.9238795325112867385, 1.000000000000000000, 0.9238795325112867385, 1.000000000000000000, 0.9238795325112867385, 1.000000000000000000, 0.9238795325112867385, 1.000000000000000000, 0.9238795325112867385, 1.000000000000000000, 0.9238795325112867385, 1.000000000000000000, 0.9238795325112867385, 1.000000000000000000, 0.9238795325112867385, 1.000000000000000000, 0.9238795325112867385, 1.000000000000000000, 0.9238795325112867385, 1.000000000000000000, 0.9238795325112867385, 1.000000000000000000, 0.9238795325112867385, 1.000000000000000000, 0.9238795325112867385, 1.000000000000000000, 0.9238795325112867385, 1.000000000000000000, 0.9238795325112867385, 1.000000000000000000, 0.9238795325112867385, 1.000000000000000000, 0.9238795325112867385, 1.000000000000000000, 0.9238795325112867385, 1.000000000000000000, 0.9238795325112867385, 1.000000000000000000, 0.9238795325112867385, 1.000000000000000000, 0.9238795325112867385, 1.000000000000000000, 0.9238795325112867385, 1.000000000000000000, 0.9238795325112867385, 1.000000000000000000, 0.9238795325112867385, 1.000000000000000000, 0.9238795325112867385, 1.000000000000000000, 0.9238795325112867385, 1.000000000000000000, 0.9238795325112867385, 1.000000000000000000, 0.9238795325112867385, 1.000000000000000000, 0.9238795325112867385, 1.000000000000000000, 0.9238795325112867385, 1.000000000000000000, 0.9238795325112867385, 1.000000000000000000, 0.9238795325112867385, 1.000000000000000000, 0.9238795325112867385, 1.000000000000000000, 0.9238795325112867385, 1.000000000000000000, 0.9238795325112867385, 1.000000000000000000, 0.9238795325112867385, 1.000000000000000000),
 ( 1.000000000000000000, 0.9238795325112867385, 1.000000000000000000, 0.9238795325112867385, 1.000000000000000000, 0.9238795325112867385, 1.000000000000000000, 0.9238795325112867385, 1.000000000000000000, 0.9238795325112867385, 1.000000000000000000, 0.9238795325112867385, 1.000000000000000000, 0.9238795325112867385, 1.000000000000000000, 0.9238795325112867385, 1.000000000000000000, 0.9238795325112867385, 1.000000000000000000, 0.9238795325112867385, 1.000000000000000000, 0.9238795325112867385, 1.000000000000000000, 0.9238795325112867385, 1.000000000000000000, 0.9238795325112867385, 1.000000000000000000, 0.9238795325112867385, 1.000000000000000000, 0.9238795325112867385, 1.000000000000000000, 0.9238795325112867385, 1.000000000000000000, 0.9238795325112867385, 1.000000000000000000, 0.9238795325112867385, 1.000000000000000000, 0.9238795325112867385, 1.000000000000000000, 0.9238795325112867385, 1.000000000000000000, 0.9238795325112867385, 1.000000000000000000, 0.9238795325112867385, 1.000000000000000000, 0.9238795325112867385, 1.000000000000000000, 0.9238795325112867385, 1.000000000000000000, 0.9238795325112867385, 1.000000000000000000, 0.9238795325112867385, 1.000000000000000000, 0.9238795325112867385, 1.000000000000000000, 0.9238795325112867385, 1.000000000000000000, 0.9238795325112867385, 1.000000000000000000, 0.9238795325112867385, 1.000000000000000000, 0.9238795325112867385, 1.000000000000000000, 0.9238795325112867385, 1.000000000000000000, 0.9238795325112867385, 1.000000000000000000, 0.9238795325112867385, 1.000000000000000000, 0.9238795325112867385, 1.000000000000000000, 0.9238795325112867385, 1.000000000000000000, 0.9238795325112867385, 1.000000000000000000, 0.9238795325112867385, 1.000000000000000000, 0.9238795325112867385, 1.000000000000000000, 0.9238795325112867385, 1.000000000000000000, 0.9238795325112867385, 1.000000000000000000, 0.9238795325112867385, 1.000000000000000000, 0.9238795325112867385, 1.000000000000000000, 0.9238795325112867385, 1.000000000000000000, 0.9238795325112867385, 1.000000000000000000, 0.9238795325112867385, 1.000000000000000000, 0.9238795325112867385, 1.000000000000000000, 0.9238795325112867385, 1.000000000000000000, 0.9238795325112867385, 1.000000000000000000, 0.9238795325112867385, 1.000000000000000000, 0.9238795325112867385, 1.000000000000000000, 0.9238795325112867385, 1.000000000000000000, 0.9238795325112867385, 1.000000000000000000, 0.9238795325112867385, 1.000000000000000000, 0.9238795325112867385, 1.000000000000000000, 0.9238795325112867385, 1.000000000000000000, 0.9238795325112867385, 1.000000000000000000, 0.9238795325112867385, 1.000000000000000000, 0.9238795325112867385, 1.000000000000000000, 0.9238795325112867385, 1.000000000000000000, 0.9238795325112867385, 1.000000000000000000, 0.9238795325112867385, 1.000000000000000000, 0.9238795325112867385, 1.000000000000000000, 0.9238795325112867385, 1.000000000000000000, 0.9238795325112867385, 1.000000000000000000, 0.9238795325112867385, 1.000000000000000000, 0.9238795325112867385, 1.000000000000000000, 0.9238795325112867385, 1.000000000000000000, 0.9238795325112867385, 1.000000000000000000, 0.9238795325112867385, 1.000000000000000000, 0.9238795325112867385, 1.000000000000000000, 0.9238795325112867385, 1.000000000000000000, 0.9238795325112867385, 1.000000000000000000, 0.9238795325112867385, 1.000000000000000000, 0.9238795325112867385, 1.000000000000000000, 0.9238795325112867385, 1.000000000000000000, 0.9238795325112867385, 1.000000000000000000, 0.9238795325112867385, 1.000000000000000000, 0.9238795325112867385, 1.000000000000000000, 0.9238795325112867385, 1.000000000000000000, 0.9238795325112867385, 1.000000000000000000, 0.9238795325112867385, 1.000000000000000000, 0.9238795325112867385, 1.000000000000000000, 0.9238795325112867385, 1.000000000000000000, 0.9238795325112867385, 1.000000000000000000, 0.9238795325112867385, 1.000000000000000000, 0.9238795325112867385, 1.000000000000000000, 0.9238795325112867385, 1.000000000000000000, 0.9238795325112867385, 1.000000000000000000, 0.9238795325112867385, 1.000000000000000000, 0.9238795325112867385, 1.000000000000000000, 0.9238795325112867385, 1.000000000000000000, 0.9238795325112867385, 1.000000000000000000, 0.9238795325112867385, 1.000000000000000000, 0.9238795325112867385, 1.000000000000000000, 0.9238795325112867385, 1.000000000000000000, 0.9238795325112867385, 1.000000000000000000, 0.9238795325112867385, 1.000000000000000000, 0.9238795325112867385, 1.000000000000000000, 0.9238795325112867385, 1.000000000000000000, 0.9238795325112867385, 1.000000000000000000, 0.9238795325112867385, 1.000000000000000000, 0.9238795325112867385, 1.000000000000000000, 0.9238795325112867385, 1.000000000000000000, 0.9238795325112867385, 1.000000000000000000, 0.9238795325112867385, 1.000000000000000000, 0.9238795325112867385, 1.000000000000000000, 0.9238795325112867385, 1.000000000000000000, 0.9238795325112867385, 1.000000000000000000, 0.9238795325112867385, 1.000000000000000000, 0.9238795325112867385, 1.000000000000000000, 0.9238795325112867385, 1.000000000000000000) ) ) 
 REPRESENTATION_ITEM ( '' )  SURFACE ( )  );
#2892 = CARTESIAN_POINT ( 'NONE',  ( 0.03426821247523301889, -0.05250844281515797823, 0.8662046511936902782 ) ) ;
#2893 = CARTESIAN_POINT ( 'NONE',  ( -0.02017324828170081324, 0.04870252959880150972, 0.6113281250000004441 ) ) ;
#2894 = CARTESIAN_POINT ( 'NONE',  ( 0.07069145586676645054, -0.02928135976391412626, 0.5185546875000004441 ) ) ;
#2895 = CARTESIAN_POINT ( 'NONE',  ( -5.964339698355189526E-18, -0.04870252959880215504, 0.5000000000000002220 ) ) ;
#2896 = CARTESIAN_POINT ( 'NONE',  ( 0.04879036790187187694, 0.04879036790187153694, 0.7109375000000005551 ) ) ;
#2897 = FACE_OUTER_BOUND ( 'NONE', #3486, .T. ) ;
#2898 = CARTESIAN_POINT ( 'NONE',  ( 0.07069145586676646442, -3.338356652790262245E-16, 0.5849609375000002220 ) ) ;
#2899 = CARTESIAN_POINT ( 'NONE',  ( 0.06900000000000065803, -2.320235206042592480E-16, -0.2226562500000006939 ) ) ;
#2900 = CARTESIAN_POINT ( 'NONE',  ( -5.964339698355189526E-18, -0.04870252959880215504, 0.4960937500000003331 ) ) ;
#2901 = VERTEX_POINT ( 'NONE', #2599 ) ;
#2902 = CARTESIAN_POINT ( 'NONE',  ( -0.03443788894025132802, -0.03443788894025164027, 0.6484375000000003331 ) ) ;
#2903 = CARTESIAN_POINT ( 'NONE',  ( 0.06899999999999988087, -0.02858073580374377240, -0.1035156249999994449 ) ) ;
#2904 = CARTESIAN_POINT ( 'NONE',  ( -0.03443788894025132108, 0.03443788894025100189, 0.5468750000000003331 ) ) ;
#2905 = CARTESIAN_POINT ( 'NONE',  ( -0.04870252959880183585, 0.02017324828170049406, 0.7402343750000001110 ) ) ;
#2906 = CARTESIAN_POINT ( 'NONE',  ( -0.04870252959880216198, 0.02017324828170073345, -0.1621093750000001388 ) ) ;
#2907 = CARTESIAN_POINT ( 'NONE',  ( 0.000000000000000000, 0.07069145586676624238, -0.09082031250000033307 ) ) ;
#2908 = CARTESIAN_POINT ( 'NONE',  ( 0.02017324828170084447, 0.04870252959880150279, 0.6660156250000003331 ) ) ;
#2909 = PLANE ( 'NONE',  #4945 ) ;
#2910 = VERTEX_POINT ( 'NONE', #4314 ) ;
#2911 = CARTESIAN_POINT ( 'NONE',  ( 0.000000000000000000, 0.06899999999999964495, -0.08984375000000024980 ) ) ;
#2912 = CARTESIAN_POINT ( 'NONE',  ( 0.000000000000000000, -1.493979371535143794E-17, -0.2500000000000000000 ) ) ;
#2913 = EDGE_CURVE ( 'NONE', #5381, #3015, #363, .T. ) ;
#2914 = CARTESIAN_POINT ( 'NONE',  ( 1.690012582823350463E-17, 0.06899999999999979761, 0.8437500000000001110 ) ) ;
#2915 = CARTESIAN_POINT ( 'NONE',  ( 0.02017324828170084447, 0.04870252959880150279, 0.8535156250000003331 ) ) ;
#2916 = CARTESIAN_POINT ( 'NONE',  ( 0.03443788894025155700, -0.03443788894025177905, -0.1210937500000001943 ) ) ;
#2917 = CARTESIAN_POINT ( 'NONE',  ( -4.677568065561936309E-05, -0.06048728583568210859, 0.8643577862511062637 ) ) ;
#2918 = CARTESIAN_POINT ( 'NONE',  ( 0.03443788894025132108, -0.03443788894025164721, 0.6601562500000003331 ) ) ;
#2919 = EDGE_CURVE ( 'NONE', #3213, #3147, #3945, .T. ) ;
#2920 = CARTESIAN_POINT ( 'NONE',  ( -0.07069145586676646442, -3.165212522481658049E-16, 0.5986328125000004441 ) ) ;
#2921 = CARTESIAN_POINT ( 'NONE',  ( -8.450062914116752315E-18, -0.06900000000000044986, 0.7656250000000001110 ) ) ;
#2922 = CARTESIAN_POINT ( 'NONE',  ( 0.02017324828170093814, -0.04870252959880238403, -0.02929687500000019776 ) ) ;
#2923 =( BOUNDED_CURVE ( )  B_SPLINE_CURVE ( 2, ( #4326, #3807, #2109 ),
 .UNSPECIFIED., .F., .T. ) 
 B_SPLINE_CURVE_WITH_KNOTS ( ( 3, 3 ),
 ( 0.07005025324718405777, 0.07049452370084004216 ),
 .UNSPECIFIED. ) 
 CURVE ( )  GEOMETRIC_REPRESENTATION_ITEM ( )  RATIONAL_B_SPLINE_CURVE ( ( 1.000000000000022204, 0.9751831000223812884, 0.9665478800795116454 ) ) 
 REPRESENTATION_ITEM ( '' )  );
#2924 = CARTESIAN_POINT ( 'NONE',  ( 0.06899999999999988087, -0.02858073580374377934, -0.2285156249999995282 ) ) ;
#2925 = CARTESIAN_POINT ( 'NONE',  ( 0.06900000000000011680, 0.02858073580374330749, 0.6464843750000004441 ) ) ;
#2926 = CARTESIAN_POINT ( 'NONE',  ( -0.07069145586676647830, -0.02928135976391408810, 0.5400390625000002220 ) ) ;
#2927 = CARTESIAN_POINT ( 'NONE',  ( 0.07069145586676646442, -3.338356652790262245E-16, 0.9267578125000004441 ) ) ;
#2928 = EDGE_LOOP ( 'NONE', ( #2247, #3856, #3661, #3964, #1336, #3374, #1840, #503, #441, #2738, #4430, #1103, #5716, #5273, #1626, #3886, #4899, #5294 ) ) ;
#2929 = CARTESIAN_POINT ( 'NONE',  ( 0.008759925987296591707, 0.1392800216705592786, 0.01198009908533986118 ) ) ;
#2930 = CARTESIAN_POINT ( 'NONE',  ( 0.03443788894025132802, 0.03443788894025099495, 0.5703125000000003331 ) ) ;
#2931 = CARTESIAN_POINT ( 'NONE',  ( -0.1124999999999998918, 0.07938566201357313834, 0.01093458898514388170 ) ) ;
#2932 = CARTESIAN_POINT ( 'NONE',  ( -0.04870252959880183585, -3.178676856567033324E-16, 0.6171875000000002220 ) ) ;
#2933 = CARTESIAN_POINT ( 'NONE',  ( -0.02017324828170095896, -0.04870252959880238403, -0.1855468750000001388 ) ) ;
#2934 = EDGE_CURVE ( 'NONE', #479, #88, #2221, .T. ) ;
#2935 = CARTESIAN_POINT ( 'NONE',  ( 0.04870252959880215504, 0.02017324828170074733, -0.1152343750000001804 ) ) ;
#2936 = CARTESIAN_POINT ( 'NONE',  ( 0.000000000000000000, 0.04870252959880195381, -0.1093750000000001804 ) ) ;
#2937 = DIRECTION ( 'NONE',  ( -0.000000000000000000, 1.081356497492104437E-16, -1.000000000000000000 ) ) ;
#2938 = CARTESIAN_POINT ( 'NONE',  ( -0.04545869694502661235, -0.1180919763791859756, 0.8713802314671539317 ) ) ;
#2939 = CARTESIAN_POINT ( 'NONE',  ( -0.03443788894025132108, 0.03443788894025100189, 0.4882812500000002776 ) ) ;
#2940 = CARTESIAN_POINT ( 'NONE',  ( -0.06900000000000011680, -0.02858073580374393199, 0.6972656250000003331 ) ) ;
#2941 = CARTESIAN_POINT ( 'NONE',  ( 0.008759925987296550073, -0.1392800216705599725, 0.8630199009146599654 ) ) ;
#2942 = AXIS2_PLACEMENT_3D ( 'NONE', #2962, #3352, #4288 ) ;
#2943 = CARTESIAN_POINT ( 'NONE',  ( 0.03443788894025132802, 0.03443788894025099495, 0.7890625000000004441 ) ) ;
#2944 = CARTESIAN_POINT ( 'NONE',  ( 0.02017324828170098325, 0.04870252959880194688, -0.1425781250000001943 ) ) ;
#2945 = CARTESIAN_POINT ( 'NONE',  ( 0.06899999999999989475, -2.265221775612142585E-16, -0.1328124999999994449 ) ) ;
#2946 = CARTESIAN_POINT ( 'NONE',  ( -0.02017324828170082018, -0.04870252959880215504, 0.5917968750000002220 ) ) ;
#2947 = CARTESIAN_POINT ( 'NONE',  ( 0.07069145586676647830, 0.02928135976391356074, -0.2236328124999993339 ) ) ;
#2948 = CARTESIAN_POINT ( 'NONE',  ( 0.02017324828170084447, 0.04870252959880150279, 0.8261718750000003331 ) ) ;
#2949 = CIRCLE ( 'NONE', #3757, 0.06899999999999993638 ) ;
#2950 = CYLINDRICAL_SURFACE ( 'NONE', #4124, 0.06899999999999970046 ) ;
#2951 = CARTESIAN_POINT ( 'NONE',  ( -0.06900000000000011680, -3.166248240488225568E-16, 0.7265625000000000000 ) ) ;
#2952 = CARTESIAN_POINT ( 'NONE',  ( -0.06900000000000014455, 0.02858073580374329709, 0.7519531250000005551 ) ) ;
#2953 = AXIS2_PLACEMENT_3D ( 'NONE', #4742, #2978, #5205 ) ;
#2954 = CARTESIAN_POINT ( 'NONE',  ( 0.02928135976391375850, -0.07069145586676682524, 0.6416015625000001110 ) ) ;
#2955 = CARTESIAN_POINT ( 'NONE',  ( 1.690012582823350463E-17, 0.06899999999999979761, 0.8125000000000001110 ) ) ;
#2956 = CARTESIAN_POINT ( 'NONE',  ( 0.1249999999999999445, -0.01946236170575020574, 0.8713915608175656358 ) ) ;
#2957 = CARTESIAN_POINT ( 'NONE',  ( -0.07069145586676647830, -0.02928135976391408463, 0.7880859375000003331 ) ) ;
#2958 = ORIENTED_EDGE ( 'NONE', *, *, #2423, .F. ) ;
#2959 = CARTESIAN_POINT ( 'NONE',  ( 0.02017324828170080284, -0.04870252959880216892, 0.6855468750000004441 ) ) ;
#2960 = CARTESIAN_POINT ( 'NONE',  ( 0.01226111744501098486, -0.04713386668120742029, -0.02999999999999999195 ) ) ;
#2961 = CARTESIAN_POINT ( 'NONE',  ( -0.02017324828170082018, -0.04870252959880215504, 0.5878906250000004441 ) ) ;
#2962 = CARTESIAN_POINT ( 'NONE',  ( 0.000000000000000000, -1.493979371535143794E-17, -0.2500000000000000000 ) ) ;
#2963 = CARTESIAN_POINT ( 'NONE',  ( 0.04870252959880183585, -3.297963650534137407E-16, 0.6640625000000002220 ) ) ;
#2964 = CARTESIAN_POINT ( 'NONE',  ( -5.964339698355230356E-18, -0.04870252959880237709, -0.1523437500000001388 ) ) ;
#2965 = AXIS2_PLACEMENT_3D ( 'NONE', #5424, #3243, #4500 ) ;
#2966 = CARTESIAN_POINT ( 'NONE',  ( 0.04870252959880215504, -0.02017324828170119488, -0.2128906250000001943 ) ) ;
#2967 = CARTESIAN_POINT ( 'NONE',  ( -8.450062914116752315E-18, -0.06900000000000044986, 0.7968750000000001110 ) ) ;
#2968 = ORIENTED_EDGE ( 'NONE', *, *, #2868, .T. ) ;
#2969 = CARTESIAN_POINT ( 'NONE',  ( 0.02017324828170084447, 0.04870252959880150279, 0.5136718750000003331 ) ) ;
#2970 = CARTESIAN_POINT ( 'NONE',  ( -0.06900000000000014455, 0.02858073580374329709, 0.8144531250000005551 ) ) ;
#2971 = CARTESIAN_POINT ( 'NONE',  ( 0.04870252959880182891, 0.02017324828170050446, 0.8183593750000003331 ) ) ;
#2972 = CARTESIAN_POINT ( 'NONE',  ( 0.04870252959880215504, -0.02017324828170118795, -0.05664062500000018041 ) ) ;
#2973 = CARTESIAN_POINT ( 'NONE',  ( 0.07069145586676646442, -2.229460745088594115E-16, -0.06933593749999934774 ) ) ;
#2974 = CARTESIAN_POINT ( 'NONE',  ( 0.02017324828170079937, -0.04870252959880216198, 0.5019531250000003331 ) ) ;
#2975 = CARTESIAN_POINT ( 'NONE',  ( 0.04870252959880182891, -0.02017324828170116019, 0.8808593750000002220 ) ) ;
#2976 = CARTESIAN_POINT ( 'NONE',  ( -5.964339698355230356E-18, -0.04870252959880237015, -0.03125000000000018041 ) ) ;
#2977 = CARTESIAN_POINT ( 'NONE',  ( 0.02858073580374338729, -0.06900000000000067191, 0.5800781250000000000 ) ) ;
#2978 = DIRECTION ( 'NONE',  ( 0.000000000000000000, 0.000000000000000000, -1.000000000000000000 ) ) ;
#2979 = CARTESIAN_POINT ( 'NONE',  ( 0.02017324828170084447, 0.04870252959880150279, 0.8261718750000003331 ) ) ;
#2980 = CARTESIAN_POINT ( 'NONE',  ( 0.02928135976391375503, -0.07069145586676681137, 0.7958984375000004441 ) ) ;
#2981 = ORIENTED_EDGE ( 'NONE', *, *, #1442, .T. ) ;
#2982 = EDGE_CURVE ( 'NONE', #1027, #2269, #1469, .T. ) ;
#2983 = CARTESIAN_POINT ( 'NONE',  ( -0.06900000000000014455, 0.02858073580374329709, 0.6894531250000006661 ) ) ;
#2984 = CARTESIAN_POINT ( 'NONE',  ( 0.07069145586676645054, -0.02928135976391413320, 0.7705078125000002220 ) ) ;
#2985 = CARTESIAN_POINT ( 'NONE',  ( -0.04121025537150152518, 0.03903176142761992373, -0.03447397745809967912 ) ) ;
#2986 = CARTESIAN_POINT ( 'NONE',  ( 0.04870252959880182891, -0.02017324828170116019, 0.5683593750000003331 ) ) ;
#2987 = CARTESIAN_POINT ( 'NONE',  ( 0.000000000000000000, 0.04870252959880195381, -0.02999999999999998154 ) ) ;
#2988 = CARTESIAN_POINT ( 'NONE',  ( 0.03443788894025155700, -0.03443788894025177905, -0.2148437500000001665 ) ) ;
#2989 = B_SPLINE_CURVE_WITH_KNOTS ( 'NONE', 3,
 ( #648, #564, #3296, #2793 ),
 .UNSPECIFIED., .F., .F.,
 ( 4, 4 ),
 ( 0.000000000000000000, 0.0009752057442287357519 ),
 .UNSPECIFIED. ) ;
#2990 = PLANE ( 'NONE',  #2861 ) ;
#2991 = ORIENTED_EDGE ( 'NONE', *, *, #929, .T. ) ;
#2992 = CARTESIAN_POINT ( 'NONE',  ( 0.06900000000000011680, -0.02858073580374397363, 0.7363281250000006661 ) ) ;
#2993 = CARTESIAN_POINT ( 'NONE',  ( 0.06900000000000010292, -0.02858073580374397363, 0.8339843750000001110 ) ) ;
#2994 = CARTESIAN_POINT ( 'NONE',  ( -0.04870252959880183585, 0.02017324828170049406, 0.7363281250000003331 ) ) ;
#2995 = CARTESIAN_POINT ( 'NONE',  ( 0.000000000000000000, 0.04870252959880195381, -0.07812500000000020817 ) ) ;
#2996 = FACE_OUTER_BOUND ( 'NONE', #3893, .T. ) ;
#2997 = CARTESIAN_POINT ( 'NONE',  ( -5.964339698355189526E-18, -0.04870252959880215504, 0.5000000000000002220 ) ) ;
#2998 = CARTESIAN_POINT ( 'NONE',  ( -0.02017324828170081324, 0.04870252959880150972, 0.8925781250000002220 ) ) ;
#2999 = B_SPLINE_CURVE_WITH_KNOTS ( 'NONE', 3,
 ( #2895, #4630, #5172, #2062 ),
 .UNSPECIFIED., .F., .F.,
 ( 4, 4 ),
 ( 0.000000000000000000, 0.0009752057442287294636 ),
 .UNSPECIFIED. ) ;
#3000 = CARTESIAN_POINT ( 'NONE',  ( 0.02017324828170080284, -0.04870252959880216892, 0.5332031250000002220 ) ) ;
#3001 = CARTESIAN_POINT ( 'NONE',  ( -0.04879036790187153694, -0.04879036790187175898, -0.2343750000000001110 ) ) ;
#3002 = DIRECTION ( 'NONE',  ( -0.000000000000000000, 1.081356497492104437E-16, -1.000000000000000000 ) ) ;
#3003 = CARTESIAN_POINT ( 'NONE',  ( 0.03443788894025132108, -0.03443788894025164721, 0.8789062500000002220 ) ) ;
#3004 = CARTESIAN_POINT ( 'NONE',  ( -0.07069145586676647830, -0.02928135976391408463, 0.7568359375000005551 ) ) ;
#3005 = EDGE_LOOP ( 'NONE', ( #4983, #3537, #1683, #2413 ) ) ;
#3006 = CARTESIAN_POINT ( 'NONE',  ( 1.690012582823350771E-17, 0.06899999999999979761, 0.5585937500000005551 ) ) ;
#3007 = CARTESIAN_POINT ( 'NONE',  ( 0.07069145586676647830, 0.02928135976391346360, 0.8681640625000002220 ) ) ;
#3008 = CARTESIAN_POINT ( 'NONE',  ( -0.03007162329613275939, -0.03944201263900421611, -0.03030942508372137106 ) ) ;
#3009 = ORIENTED_EDGE ( 'NONE', *, *, #605, .F. ) ;
#3010 = EDGE_CURVE ( 'NONE', #1904, #4976, #3066, .T. ) ;
#3011 = CARTESIAN_POINT ( 'NONE',  ( -0.04870252959880183585, -3.178676856567033324E-16, 0.5546875000000002220 ) ) ;
#3012 = CARTESIAN_POINT ( 'NONE',  ( -0.04870252959880183585, 0.02017324828170049406, 0.8300781250000004441 ) ) ;
#3013 = CARTESIAN_POINT ( 'NONE',  ( -5.964339698355230356E-18, -0.04870252959880237709, -0.1562500000000002220 ) ) ;
#3014 = EDGE_LOOP ( 'NONE', ( #4944, #251, #5019, #3388 ) ) ;
#3015 = VERTEX_POINT ( 'NONE', #682 ) ;
#3016 = CARTESIAN_POINT ( 'NONE',  ( 0.04879036790187187000, -0.04879036790187220307, 0.7343750000000005551 ) ) ;
#3017 = CARTESIAN_POINT ( 'NONE',  ( -0.04870252959880183585, -3.178676856567033324E-16, 0.8320312500000003331 ) ) ;
#3018 = CARTESIAN_POINT ( 'NONE',  ( -5.964339698355230356E-18, -0.04870252959880237015, -0.03125000000000018041 ) ) ;
#3019 = CARTESIAN_POINT ( 'NONE',  ( -0.04870252959880216198, 0.02017324828170074386, -0.03710937500000014572 ) ) ;
#3020 = CARTESIAN_POINT ( 'NONE',  ( -0.02858073580374334566, 0.06900000000000008904, 0.5917968750000005551 ) ) ;
#3021 = CARTESIAN_POINT ( 'NONE',  ( 1.192867939671037905E-17, 0.04870252959880150972, 0.8867187500000003331 ) ) ;
#3022 = CARTESIAN_POINT ( 'NONE',  ( 0.05063345536461005825, 0.03928421181145293206, -0.03873903320385142096 ) ) ;
#3023 = CARTESIAN_POINT ( 'NONE',  ( 0.04870252959880182891, 0.02017324828170050446, 0.8847656250000004441 ) ) ;
#3024 = CARTESIAN_POINT ( 'NONE',  ( -0.02017324828170095202, 0.04870252959880195381, -0.1699218750000001665 ) ) ;
#3025 = CARTESIAN_POINT ( 'NONE',  ( -0.02858073580374429629, -0.06899999999999978373, 0.6386718750000001110 ) ) ;
#3026 = CARTESIAN_POINT ( 'NONE',  ( -0.06900000000000011680, -3.166248240488225568E-16, 0.7539062500000005551 ) ) ;
#3027 = CARTESIAN_POINT ( 'NONE',  ( -0.07069145586676646442, -3.165212522481658049E-16, 0.4755859375000002220 ) ) ;
#3028 = CARTESIAN_POINT ( 'NONE',  ( 8.450062914116729204E-18, -0.06899999999999996414, -0.2500000000000000000 ) ) ;
#3029 = CARTESIAN_POINT ( 'NONE',  ( -5.964339698355189526E-18, -0.04870252959880215504, 0.9062500000000003331 ) ) ;
#3030 = AXIS2_PLACEMENT_3D ( 'NONE', #4888, #3175, #965 ) ;
#3031 = EDGE_CURVE ( 'NONE', #1201, #3142, #2795, .T. ) ;
#3032 =( BOUNDED_CURVE ( )  B_SPLINE_CURVE ( 2, ( #5587, #3447, #406, #2177, #3026, #2952, #2065, #3474, #359 ),
 .UNSPECIFIED., .F., .T. ) 
 B_SPLINE_CURVE_WITH_KNOTS ( ( 3, 2, 2, 2, 3 ),
 ( 0.3928571428571426272, 0.4017857142857141350, 0.4107142857142855874, 0.4196428571428570398, 0.4285714285714284921 ),
 .UNSPECIFIED. ) 
 CURVE ( )  GEOMETRIC_REPRESENTATION_ITEM ( )  RATIONAL_B_SPLINE_CURVE ( ( 1.000000000000001998, 0.9238795325112848511, 1.000000000000000000, 0.9238795325112867385, 1.000000000000000000, 0.9238795325112867385, 1.000000000000000000, 0.9238795325112871826, 0.9999999999999995559 ) ) 
 REPRESENTATION_ITEM ( '' )  );
#3033 = CARTESIAN_POINT ( 'NONE',  ( -0.04998640781534011146, -0.04998640781534043759, 0.8212890625000004441 ) ) ;
#3034 = VERTEX_POINT ( 'NONE', #4744 ) ;
#3035 = AXIS2_PLACEMENT_3D ( 'NONE', #2450, #3795, #4195 ) ;
#3036 = CARTESIAN_POINT ( 'NONE',  ( 0.04879036790187186307, -0.04879036790187220307, 0.5507812500000001110 ) ) ;
#3037 = CARTESIAN_POINT ( 'NONE',  ( -8.657206515430192834E-18, -0.07069145586676679749, 0.8583984375000001110 ) ) ;
#3038 = CARTESIAN_POINT ( 'NONE',  ( -0.04879036790187187000, -0.04879036790187219613, 0.6328125000000005551 ) ) ;
#3039 = AXIS2_PLACEMENT_3D ( 'NONE', #5647, #5121, #1681 ) ;
#3040 = CARTESIAN_POINT ( 'NONE',  ( 1.192867939671037905E-17, 0.04870252959880150972, 0.6718750000000003331 ) ) ;
#3041 = VECTOR ( 'NONE', #5280, 39.37007874015748143 ) ;
#3042 = CARTESIAN_POINT ( 'NONE',  ( 0.04870252959880215504, 0.02017324828170074733, -0.1464843750000002220 ) ) ;
#3043 = CARTESIAN_POINT ( 'NONE',  ( 0.02858073580374434486, 0.06899999999999911759, 0.6230468750000001110 ) ) ;
#3044 = CARTESIAN_POINT ( 'NONE',  ( -0.04879036790187187000, 0.04879036790187154388, 0.7187500000000006661 ) ) ;
#3045 = CYLINDRICAL_SURFACE ( 'NONE', #1737, 0.06899999999999993638 ) ;
#3046 = CARTESIAN_POINT ( 'NONE',  ( -0.06900000000000011680, 0.02858073580374329709, 0.5371093750000002220 ) ) ;
#3047 = CARTESIAN_POINT ( 'NONE',  ( 0.03443788894025132108, -0.03443788894025164721, 0.7500000000000003331 ) ) ;
#3048 = CARTESIAN_POINT ( 'NONE',  ( 0.04870252959880215504, -0.02017324828170118795, -0.08789062500000020817 ) ) ;
#3049 = CARTESIAN_POINT ( 'NONE',  ( 0.03443788894025156394, 0.03443788894025134190, -0.07812500000000013878 ) ) ;
#3050 = CYLINDRICAL_SURFACE ( 'NONE', #2777, 0.06899999999999993638 ) ;
#3051 = CARTESIAN_POINT ( 'NONE',  ( -0.03443788894025132108, 0.03443788894025100189, 0.5195312500000003331 ) ) ;
#3052 = MANIFOLD_SOLID_BREP ( 'Cut-Extrude3', #4120 ) ;
#3053 = CARTESIAN_POINT ( 'NONE',  ( -0.02017324828170082018, -0.04870252959880215504, 0.8730468750000003331 ) ) ;
#3054 = CARTESIAN_POINT ( 'NONE',  ( 0.04870252959880215504, 0.02017324828170074386, -0.1777343750000002498 ) ) ;
#3055 = CARTESIAN_POINT ( 'NONE',  ( 0.03443788894025156394, 0.03443788894025133496, -0.1406250000000001388 ) ) ;
#3056 = CARTESIAN_POINT ( 'NONE',  ( -8.450062914116752315E-18, -0.06900000000000044986, 0.5781250000000001110 ) ) ;
#3057 = CARTESIAN_POINT ( 'NONE',  ( 1.731441303086038567E-17, 0.07069145586676614523, 0.4990234375000002220 ) ) ;
#3058 = ORIENTED_EDGE ( 'NONE', *, *, #1689, .F. ) ;
#3059 = DIRECTION ( 'NONE',  ( 1.000000000000000000, 0.000000000000000000, 0.000000000000000000 ) ) ;
#3060 = CARTESIAN_POINT ( 'NONE',  ( -0.04870252959880183585, 0.02017324828170049406, 0.8652343750000002220 ) ) ;
#3061 = CARTESIAN_POINT ( 'NONE',  ( 1.731441303086038567E-17, 0.07069145586676613136, 0.7470703125000004441 ) ) ;
#3062 = EDGE_CURVE ( 'NONE', #1072, #4084, #3220, .T. ) ;
#3063 = CARTESIAN_POINT ( 'NONE',  ( -5.964339698355230356E-18, -0.04870252959880239096, -0.2500000000000002220 ) ) ;
#3064 = CARTESIAN_POINT ( 'NONE',  ( 0.02858073580374366138, 0.06899999999999979761, 0.8105468750000000000 ) ) ;
#3065 = CARTESIAN_POINT ( 'NONE',  ( 0.04998640781534013228, 0.04998640781533977839, 0.8076171875000002220 ) ) ;
#3066 =( BOUNDED_CURVE ( )  B_SPLINE_CURVE ( 2, ( #3695, #3274, #652, #5017, #1584, #3723, #1994, #5074, #4645 ),
 .UNSPECIFIED., .F., .T. ) 
 B_SPLINE_CURVE_WITH_KNOTS ( ( 3, 2, 2, 2, 3 ),
 ( 0.1250000000000000278, 0.1406250000000000000, 0.1562500000000000000, 0.1718749999999999722, 0.1874999999999999445 ),
 .UNSPECIFIED. ) 
 CURVE ( )  GEOMETRIC_REPRESENTATION_ITEM ( )  RATIONAL_B_SPLINE_CURVE ( ( 0.9999999999999998890, 0.9238795325112868495, 1.000000000000000000, 0.9238795325112867385, 1.000000000000000000, 0.9238795325112867385, 1.000000000000000000, 0.9238795325112869605, 0.9999999999999997780 ) ) 
 REPRESENTATION_ITEM ( '' )  );
#3067 = ORIENTED_EDGE ( 'NONE', *, *, #432, .F. ) ;
#3068 = CARTESIAN_POINT ( 'NONE',  ( 1.192867939671037905E-17, 0.04870252959880150972, 0.8242187500000004441 ) ) ;
#3069 = DIRECTION ( 'NONE',  ( 1.000000000000000000, 0.000000000000000000, 0.000000000000000000 ) ) ;
#3070 = CARTESIAN_POINT ( 'NONE',  ( 0.03443788894025155700, -0.03443788894025177211, -0.05859375000000020817 ) ) ;
#3071 = CARTESIAN_POINT ( 'NONE',  ( 0.03924036925022924421, -0.03101478175222374678, 0.5000000000000005551 ) ) ;
#3072 = FACE_OUTER_BOUND ( 'NONE', #4244, .T. ) ;
#3073 = CARTESIAN_POINT ( 'NONE',  ( 0.000000000000000000, -1.493979371535143794E-17, -0.2500000000000000000 ) ) ;
#3074 = CARTESIAN_POINT ( 'NONE',  ( 0.1124999999999999611, 0.07938566201357317997, -0.3818813079129863564 ) ) ;
#3075 = CARTESIAN_POINT ( 'NONE',  ( -0.02017324828170095549, -0.04870252959880237709, -0.06445312500000018041 ) ) ;
#3076 = CARTESIAN_POINT ( 'NONE',  ( -0.04870252959880216892, -2.067987032655676814E-16, -0.06640625000000013878 ) ) ;
#3077 = CARTESIAN_POINT ( 'NONE',  ( -0.07069145586676646442, -2.102958436231891741E-16, -0.1455078125000003053 ) ) ;
#3078 = CARTESIAN_POINT ( 'NONE',  ( -0.03443788894025132108, 0.03443788894025100189, 0.4882812500000002776 ) ) ;
#3079 = CARTESIAN_POINT ( 'NONE',  ( 0.04870252959880182891, -0.02017324828170116019, 0.7558593750000004441 ) ) ;
#3080 = EDGE_CURVE ( 'NONE', #1669, #2059, #115, .T. ) ;
#3081 = CARTESIAN_POINT ( 'NONE',  ( 0.04870252959880215504, 0.02017324828170074386, -0.1738281250000001943 ) ) ;
#3082 = DIRECTION ( 'NONE',  ( -0.000000000000000000, 1.081356497492104437E-16, -1.000000000000000000 ) ) ;
#3083 = CARTESIAN_POINT ( 'NONE',  ( 0.02858073580374350872, -0.06900000000000014455, -0.04492187499999945877 ) ) ;
#3084 = ORIENTED_EDGE ( 'NONE', *, *, #4859, .T. ) ;
#3085 = CARTESIAN_POINT ( 'NONE',  ( 1.192867939671037905E-17, 0.04870252959880150972, 0.8281250000000003331 ) ) ;
#3086 = CARTESIAN_POINT ( 'NONE',  ( -8.657206515430192834E-18, -0.07069145586676678361, 0.6064453125000005551 ) ) ;
#3087 = VERTEX_POINT ( 'NONE', #727 ) ;
#3088 = LINE ( 'NONE', #3558, #4395 ) ;
#3089 = DIRECTION ( 'NONE',  ( -0.000000000000000000, 1.081356497492104437E-16, -1.000000000000000000 ) ) ;
#3090 = CARTESIAN_POINT ( 'NONE',  ( -0.04870252959880183585, -0.02017324828170113243, 0.5839843750000004441 ) ) ;
#3091 = CARTESIAN_POINT ( 'NONE',  ( -0.02858073580374443506, -0.06899999999999963107, 0.6972656250000004441 ) ) ;
#3092 = CARTESIAN_POINT ( 'NONE',  ( -0.02928135976391377585, -0.07069145586676679749, 0.7939453125000002220 ) ) ;
#3093 = ORIENTED_EDGE ( 'NONE', *, *, #5147, .T. ) ;
#3094 = CARTESIAN_POINT ( 'NONE',  ( -0.02017324828170080978, 0.04870252959880150972, 0.8261718750000002220 ) ) ;
#3095 = CARTESIAN_POINT ( 'NONE',  ( 0.04879036790187187000, -0.04879036790187220307, 0.7656250000000005551 ) ) ;
#3096 = CARTESIAN_POINT ( 'NONE',  ( -0.03443788894025155700, -0.03443788894025176517, -0.03515625000000019429 ) ) ;
#3097 = CARTESIAN_POINT ( 'NONE',  ( 0.000000000000000000, 0.04870252959880194688, -0.2304687500000001388 ) ) ;
#3098 = CARTESIAN_POINT ( 'NONE',  ( -0.02017324828170082018, -0.04870252959880215504, 0.8417968750000004441 ) ) ;
#3099 = EDGE_CURVE ( 'NONE', #5712, #3426, #4629, .T. ) ;
#3100 = FACE_OUTER_BOUND ( 'NONE', #3773, .T. ) ;
#3101 = CARTESIAN_POINT ( 'NONE',  ( 0.06561311762240251699, 0.006513135891020781221, 0.8696131176225185833 ) ) ;
#3102 = CARTESIAN_POINT ( 'NONE',  ( 0.04860636800841561245, 0.003058983222031540217, -0.01923123027623835010 ) ) ;
#3103 = CARTESIAN_POINT ( 'NONE',  ( -0.04998640781534011146, -0.04998640781534033350, -0.2353515625000003331 ) ) ;
#3104 = CARTESIAN_POINT ( 'NONE',  ( 0.03443788894025132802, 0.03443788894025099495, 0.7890625000000004441 ) ) ;
#3105 = CARTESIAN_POINT ( 'NONE',  ( 0.04870252959880182891, -0.02017324828170116019, 0.6933593750000002220 ) ) ;
#3106 = CARTESIAN_POINT ( 'NONE',  ( 0.04870252959880216892, -2.235111592214474808E-16, -0.1445312500000001388 ) ) ;
#3107 = FACE_OUTER_BOUND ( 'NONE', #2228, .T. ) ;
#3108 = CARTESIAN_POINT ( 'NONE',  ( 0.04879036790187186307, -0.04879036790187220307, 0.7695312500000000000 ) ) ;
#3109 = ORIENTED_EDGE ( 'NONE', *, *, #1118, .F. ) ;
#3110 = CARTESIAN_POINT ( 'NONE',  ( 0.02019189891735904616, 0.05721813556375792559, 0.8645275379850780872 ) ) ;
#3111 = CARTESIAN_POINT ( 'NONE',  ( -0.04870252959880183585, -0.02017324828170113243, 0.7128906250000004441 ) ) ;
#3112 = CARTESIAN_POINT ( 'NONE',  ( -0.02928135976391377585, -0.07069145586676678361, 0.6982421875000004441 ) ) ;
#3113 = ORIENTED_EDGE ( 'NONE', *, *, #3931, .F. ) ;
#3114 = CARTESIAN_POINT ( 'NONE',  ( 0.04879036790187159939, -0.04879036790187182143, -0.1953125000000001665 ) ) ;
#3115 = CARTESIAN_POINT ( 'NONE',  ( -0.04879036790187187000, -0.04879036790187218919, 0.8554687500000001110 ) ) ;
#3116 = CARTESIAN_POINT ( 'NONE',  ( 0.02928135976391382442, 0.07069145586676613136, 0.6533203125000001110 ) ) ;
#3117 = CARTESIAN_POINT ( 'NONE',  ( 0.04998640781534013228, 0.04998640781533988942, -0.1279296874999993339 ) ) ;
#3118 = VERTEX_POINT ( 'NONE', #193 ) ;
#3119 = CIRCLE ( 'NONE', #3210, 0.06899999999999975597 ) ;
#3120 = CARTESIAN_POINT ( 'NONE',  ( 0.04870252959880182891, 0.02017324828170050446, 0.6933593750000003331 ) ) ;
#3121 = CARTESIAN_POINT ( 'NONE',  ( 0.04870252959880182891, -0.02017324828170116019, 0.5957031250000003331 ) ) ;
#3122 = CARTESIAN_POINT ( 'NONE',  ( -0.05238183144932861968, 0.04423456678770568834, 0.5000000000000125455 ) ) ;
#3123 = CARTESIAN_POINT ( 'NONE',  ( 0.04879036790187186307, -0.04879036790187220307, 0.8632812500000002220 ) ) ;
#3124 = PRESENTATION_LAYER_ASSIGNMENT (  '', '', ( #5045 ) ) ;
#3125 = CARTESIAN_POINT ( 'NONE',  ( 0.05257389437139541738, -0.01194542743249935556, 0.5000000000000002220 ) ) ;
#3126 = CARTESIAN_POINT ( 'NONE',  ( 0.04879036790187169653, -0.04879036790187193245, -0.07421874999999944489 ) ) ;
#3127 = CARTESIAN_POINT ( 'NONE',  ( 0.05234328586440994968, 0.04312165203605052011, 0.8715041216328759388 ) ) ;
#3128 =( BOUNDED_CURVE ( )  B_SPLINE_CURVE ( 2, ( #647, #4576, #616 ),
 .UNSPECIFIED., .F., .T. ) 
 B_SPLINE_CURVE_WITH_KNOTS ( ( 3, 3 ),
 ( 0.1384959242913502975, 0.1428571428571427382 ),
 .UNSPECIFIED. ) 
 CURVE ( )  GEOMETRIC_REPRESENTATION_ITEM ( )  RATIONAL_B_SPLINE_CURVE ( ( 0.9619600527969418557, 0.9628184644425585859, 0.9999999999999990008 ) ) 
 REPRESENTATION_ITEM ( '' )  );
#3129 = CARTESIAN_POINT ( 'NONE',  ( 0.04870252959880215504, 0.02017324828170075079, -0.08007812500000012490 ) ) ;
#3130 = CARTESIAN_POINT ( 'NONE',  ( 0.02928135976391381748, 0.07069145586676624238, -0.1552734375000002776 ) ) ;
#3131 = CARTESIAN_POINT ( 'NONE',  ( 0.03443788894025132108, -0.03443788894025164721, 0.8125000000000004441 ) ) ;
#3132 = CARTESIAN_POINT ( 'NONE',  ( 0.03443788894025132802, 0.03443788894025099495, 0.7304687500000003331 ) ) ;
#3133 = CARTESIAN_POINT ( 'NONE',  ( -0.04870252959880216892, -2.144527457602386282E-16, -0.1914062500000001388 ) ) ;
#3134 = CARTESIAN_POINT ( 'NONE',  ( -0.04870252959880216198, 0.02017324828170074039, -0.1308593750000001388 ) ) ;
#3135 = B_SPLINE_CURVE_WITH_KNOTS ( 'NONE', 3,
 ( #4454, #551, #3648, #5269, #4426, #2216, #82, #4830 ),
 .UNSPECIFIED., .F., .F.,
 ( 4, 2, 2, 4 ),
 ( 0.0003769942008442806218, 0.001851878332808215392, 0.002589320398790182724, 0.003326762464772150055 ),
 .UNSPECIFIED. ) ;
#3136 = CARTESIAN_POINT ( 'NONE',  ( -0.04879036790187187000, 0.04879036790187154388, 0.5312500000000005551 ) ) ;
#3137 = CARTESIAN_POINT ( 'NONE',  ( -0.04879036790187226552, 0.04879036790187204348, -0.2109375000000007216 ) ) ;
#3138 = CARTESIAN_POINT ( 'NONE',  ( -0.1124999999999998918, -0.07938566201357384611, -0.3818813079129863564 ) ) ;
#3139 = ORIENTED_EDGE ( 'NONE', *, *, #4757, .F. ) ;
#3140 = CARTESIAN_POINT ( 'NONE',  ( -0.04870252959880183585, -3.178676856567033324E-16, 0.7734375000000002220 ) ) ;
#3141 = CARTESIAN_POINT ( 'NONE',  ( -0.04998640781534011146, 0.04998640781533978533, 0.6884765625000004441 ) ) ;
#3142 = VERTEX_POINT ( 'NONE', #3230 ) ;
#3143 = CYLINDRICAL_SURFACE ( 'NONE', #886, 0.06899999999999993638 ) ;
#3144 = CARTESIAN_POINT ( 'NONE',  ( 0.04870252959880215504, 0.02017324828170074386, -0.2089843750000001665 ) ) ;
#3145 = DIRECTION ( 'NONE',  ( -0.000000000000000000, 1.081356497492104437E-16, -1.000000000000000000 ) ) ;
#3146 = CARTESIAN_POINT ( 'NONE',  ( -0.07069145586676646442, -3.165212522481658049E-16, 0.6630859375000002220 ) ) ;
#3147 = VERTEX_POINT ( 'NONE', #1313 ) ;
#3148 = ORIENTED_EDGE ( 'NONE', *, *, #1780, .T. ) ;
#3149 = EDGE_CURVE ( 'NONE', #1868, #3178, #26, .T. ) ;
#3150 = CARTESIAN_POINT ( 'NONE',  ( -0.04870252959880183585, 0.02017324828170049406, 0.7363281250000003331 ) ) ;
#3151 = CARTESIAN_POINT ( 'NONE',  ( 0.02017324828170079937, -0.04870252959880216198, 0.5917968750000003331 ) ) ;
#3152 = CARTESIAN_POINT ( 'NONE',  ( -0.04870252959880183585, 0.02017324828170049406, 0.6425781250000003331 ) ) ;
#3153 = CARTESIAN_POINT ( 'NONE',  ( 0.02698952754416642993, 0.06350248343917491711, 0.8730000000000002203 ) ) ;
#3154 = ADVANCED_FACE ( 'NONE', ( #4200 ), #644, .F. ) ;
#3155 = CYLINDRICAL_SURFACE ( 'NONE', #5136, 0.06899999999999993638 ) ;
#3156 = CARTESIAN_POINT ( 'NONE',  ( -0.1249999999999999167, -0.01946236170588153819, 0.8713915608175656358 ) ) ;
#3157 = CARTESIAN_POINT ( 'NONE',  ( -0.02581855871465008403, 0.06398751460950305447, 0.8730000000000234239 ) ) ;
#3158 = EDGE_LOOP ( 'NONE', ( #1288, #3849, #3783, #4029 ) ) ;
#3159 = DIRECTION ( 'NONE',  ( 0.000000000000000000, 0.000000000000000000, 1.000000000000000000 ) ) ;
#3160 = CARTESIAN_POINT ( 'NONE',  ( 0.04870252959880215504, -0.02017324828170119835, -0.2402343750000001388 ) ) ;
#3161 = CARTESIAN_POINT ( 'NONE',  ( -0.03443788894025155700, -0.03443788894025177211, -0.1289062500000001943 ) ) ;
#3162 = CARTESIAN_POINT ( 'NONE',  ( 0.02858073580374339770, 0.06900000000000007516, 0.6191406250000005551 ) ) ;
#3163 = CARTESIAN_POINT ( 'NONE',  ( -0.07069145586676647830, 0.02928135976391355727, -0.1474609375000003331 ) ) ;
#3164 = CARTESIAN_POINT ( 'NONE',  ( 0.02017324828170079937, -0.04870252959880216198, 0.8417968750000005551 ) ) ;
#3165 = CARTESIAN_POINT ( 'NONE',  ( 0.03443788894025132802, 0.03443788894025099495, 0.6679687500000003331 ) ) ;
#3166 = CARTESIAN_POINT ( 'NONE',  ( 0.04870252959880215504, 0.02017324828170074386, -0.1738281250000001943 ) ) ;
#3167 = CARTESIAN_POINT ( 'NONE',  ( 0.04870252959880182891, 0.02017324828170050446, 0.5683593750000004441 ) ) ;
#3168 = CARTESIAN_POINT ( 'NONE',  ( -0.06900000000000014455, -0.02858073580374393199, 0.5371093750000005551 ) ) ;
#3169 = DIRECTION ( 'NONE',  ( -0.000000000000000000, 1.081356497492104437E-16, -1.000000000000000000 ) ) ;
#3170 = ORIENTED_EDGE ( 'NONE', *, *, #4333, .T. ) ;
#3171 = CARTESIAN_POINT ( 'NONE',  ( 0.02017324828170084447, 0.04870252959880150279, 0.7949218750000002220 ) ) ;
#3172 = CARTESIAN_POINT ( 'NONE',  ( -0.07069145586676647830, -0.02928135976391408463, 0.6318359375000004441 ) ) ;
#3173 = ADVANCED_FACE ( 'NONE', ( #5508 ), #4637, .F. ) ;
#3174 = CARTESIAN_POINT ( 'NONE',  ( -0.04870252959880216892, -2.185189558355325933E-16, -0.2578125000000002220 ) ) ;
#3175 = DIRECTION ( 'NONE',  ( -0.000000000000000000, 1.081356497492104437E-16, -1.000000000000000000 ) ) ;
#3176 = CARTESIAN_POINT ( 'NONE',  ( 0.07933780035167189992, -0.09853186690745617538, 0.004274762015545328572 ) ) ;
#3177 = CARTESIAN_POINT ( 'NONE',  ( 0.04998640781534011146, -0.04998640781534045147, 0.7060546875000002220 ) ) ;
#3178 = VERTEX_POINT ( 'NONE', #1522 ) ;
#3179 = CARTESIAN_POINT ( 'NONE',  ( -0.04870252959880183585, -0.02017324828170113243, 0.7089843750000004441 ) ) ;
#3180 = CARTESIAN_POINT ( 'NONE',  ( 0.03443788894025132802, 0.03443788894025099495, 0.6328125000000004441 ) ) ;
#3181 = CARTESIAN_POINT ( 'NONE',  ( 0.04870252959880182891, -0.02017324828170116019, 0.6894531250000004441 ) ) ;
#3182 = CARTESIAN_POINT ( 'NONE',  ( -8.450062914116753856E-18, -0.06900000000000044986, 0.7617187500000006661 ) ) ;
#3183 = CARTESIAN_POINT ( 'NONE',  ( -0.03443788894025155700, -0.03443788894025176517, -0.06640625000000019429 ) ) ;
#3184 = CARTESIAN_POINT ( 'NONE',  ( -0.04998640781534011840, -0.04998640781534031963, -0.01855468749999934081 ) ) ;
#3185 = CARTESIAN_POINT ( 'NONE',  ( 0.02858073580375240438, -0.06899999999999231748, -0.2285156249999999167 ) ) ;
#3186 = CARTESIAN_POINT ( 'NONE',  ( -0.09603473329712995665, -0.08889188817675483523, 0.8682027953402953191 ) ) ;
#3187 = ORIENTED_EDGE ( 'NONE', *, *, #2758, .F. ) ;
#3188 = CARTESIAN_POINT ( 'NONE',  ( 0.02017324828170093814, -0.04870252959880239790, -0.2128906250000001943 ) ) ;
#3189 = CARTESIAN_POINT ( 'NONE',  ( -0.06900000000000011680, -0.02858073580374393199, 0.5410156250000001110 ) ) ;
#3190 = CARTESIAN_POINT ( 'NONE',  ( -8.657206515430192834E-18, -0.07069145586676667259, -0.1376953125000003053 ) ) ;
#3191 = CARTESIAN_POINT ( 'NONE',  ( 0.04870252959880182891, -0.02017324828170116019, 0.7519531250000003331 ) ) ;
#3192 = CARTESIAN_POINT ( 'NONE',  ( 0.04870252959880183585, -3.297963650534137407E-16, 0.6640625000000002220 ) ) ;
#3193 = CARTESIAN_POINT ( 'NONE',  ( -0.02017324828170095202, 0.04870252959880195381, -0.1347656250000001388 ) ) ;
#3194 = CARTESIAN_POINT ( 'NONE',  ( 1.690012582823350463E-17, 0.06899999999999979761, 0.6562500000000001110 ) ) ;
#3195 = CARTESIAN_POINT ( 'NONE',  ( -8.450062914116752315E-18, -0.06900000000000044986, 0.7656250000000001110 ) ) ;
#3196 = ORIENTED_EDGE ( 'NONE', *, *, #4933, .T. ) ;
#3197 = CARTESIAN_POINT ( 'NONE',  ( 0.02017324828170084447, 0.04870252959880150279, 0.7636718750000002220 ) ) ;
#3198 = CARTESIAN_POINT ( 'NONE',  ( -0.02928135976391377585, 0.07069145586676614523, 0.6240234375000005551 ) ) ;
#3199 = CARTESIAN_POINT ( 'NONE',  ( 0.1249999999999999584, 0.03885036664758501068, 0.8681811224351809742 ) ) ;
#3200 = CARTESIAN_POINT ( 'NONE',  ( -0.04566219964832800987, 0.1179744840386534044, 0.8707252379844551138 ) ) ;
#3201 = CARTESIAN_POINT ( 'NONE',  ( 0.02858073580380010234, 0.06900000000000455769, -0.1542968750000290601 ) ) ;
#3202 = CARTESIAN_POINT ( 'NONE',  ( 1.731441303086038567E-17, 0.07069145586676614523, 0.6865234375000002220 ) ) ;
#3203 = ORIENTED_EDGE ( 'NONE', *, *, #3915, .F. ) ;
#3204 = CARTESIAN_POINT ( 'NONE',  ( -0.02017324828170082018, -0.04870252959880215504, 0.7128906250000004441 ) ) ;
#3205 = AXIS2_PLACEMENT_3D ( 'NONE', #731, #4250, #3708 ) ;
#3206 = CARTESIAN_POINT ( 'NONE',  ( 0.04870252959880182891, 0.02017324828170050446, 0.6308593750000003331 ) ) ;
#3207 = CARTESIAN_POINT ( 'NONE',  ( 0.04870252959880182891, 0.02017324828170050446, 0.6933593750000003331 ) ) ;
#3208 = CARTESIAN_POINT ( 'NONE',  ( -0.06900000000006178968, -0.02858073580376935957, -0.04882812500003597816 ) ) ;
#3209 = CARTESIAN_POINT ( 'NONE',  ( -0.04879036790187187000, -0.04879036790187218919, 0.6054687500000001110 ) ) ;
#3210 = AXIS2_PLACEMENT_3D ( 'NONE', #819, #5623, #1148 ) ;
#3211 = CARTESIAN_POINT ( 'NONE',  ( -0.04870252959880183585, -0.02017324828170113243, 0.6816406250000002220 ) ) ;
#3212 = DIMENSIONAL_EXPONENTS ( 1.000000000000000000, 0.000000000000000000, 0.000000000000000000, 0.000000000000000000, 0.000000000000000000, 0.000000000000000000, 0.000000000000000000 ) ;
#3213 = VERTEX_POINT ( 'NONE', #1576 ) ;
#3214 =( BOUNDED_CURVE ( )  B_SPLINE_CURVE ( 2, ( #3006, #5271, #5714, #3511, #2157, #2575, #3881, #5593, #5157 ),
 .UNSPECIFIED., .F., .T. ) 
 B_SPLINE_CURVE_WITH_KNOTS ( ( 3, 2, 2, 2, 3 ),
 ( 0.8571428571428569843, 0.8660714285714284921, 0.8749999999999997780, 0.8839285714285711748, 0.8928571428571426827 ),
 .UNSPECIFIED. ) 
 CURVE ( )  GEOMETRIC_REPRESENTATION_ITEM ( )  RATIONAL_B_SPLINE_CURVE ( ( 1.000000000000000888, 0.9238795325112857393, 1.000000000000000000, 0.9238795325112867385, 1.000000000000000000, 0.9238795325112867385, 1.000000000000000000, 0.9238795325112886259, 0.9999999999999981126 ) ) 
 REPRESENTATION_ITEM ( '' )  );
#3215 = CARTESIAN_POINT ( 'NONE',  ( -0.04870252959880216892, -2.108649133408616219E-16, -0.1328125000000001943 ) ) ;
#3216 = VECTOR ( 'NONE', #5175, 39.37007874015748143 ) ;
#3217 = CARTESIAN_POINT ( 'NONE',  ( 0.07069145586676645054, -0.02928135976391401524, -0.06933593750000030531 ) ) ;
#3218 = CARTESIAN_POINT ( 'NONE',  ( -0.03443788894025132802, -0.03443788894025164027, 0.8359375000000004441 ) ) ;
#3219 = CARTESIAN_POINT ( 'NONE',  ( 0.02017324828170084447, 0.04870252959880150279, 0.5449218750000003331 ) ) ;
#3220 = CIRCLE ( 'NONE', #2389, 0.06900000000000000577 ) ;
#3221 = CARTESIAN_POINT ( 'NONE',  ( -0.02017324828170095202, 0.04870252959880195381, -0.1035156250000001665 ) ) ;
#3222 = CARTESIAN_POINT ( 'NONE',  ( -0.04870252959880216892, -2.087122138892353935E-16, -0.09765625000000013878 ) ) ;
#3223 = CARTESIAN_POINT ( 'NONE',  ( -2.288963069680552456E-14, 0.06899999999999965883, -0.05859374999999868855 ) ) ;
#3224 = DIRECTION ( 'NONE',  ( 0.8660254037844385966, 0.4999999999999998890, 0.000000000000000000 ) ) ;
#3225 = CARTESIAN_POINT ( 'NONE',  ( -0.07069145586676647830, 0.02928135976391355727, -0.1806640624999992784 ) ) ;
#3226 = AXIS2_PLACEMENT_3D ( 'NONE', #3813, #3838, #3926 ) ;
#3227 = CARTESIAN_POINT ( 'NONE',  ( -0.02858073580374375158, 0.06899999999999967271, 0.7792968750000006661 ) ) ;
#3228 = CARTESIAN_POINT ( 'NONE',  ( -0.02017324828170081324, 0.04870252959880150972, 0.7363281250000003331 ) ) ;
#3229 = CARTESIAN_POINT ( 'NONE',  ( -8.657206515430192834E-18, -0.07069145586676678361, 0.5439453125000004441 ) ) ;
#3230 = CARTESIAN_POINT ( 'NONE',  ( 0.06070825464726065102, -0.007643165177681984952, -0.2500000000000000000 ) ) ;
#3231 = CARTESIAN_POINT ( 'NONE',  ( 0.000000000000000000, -4.268512490100411279E-17, -0.007812499999999985255 ) ) ;
#3232 = DIRECTION ( 'NONE',  ( 0.000000000000000000, 1.000000000000000000, 1.081356497492104437E-16 ) ) ;
#3233 = CARTESIAN_POINT ( 'NONE',  ( -0.1162391541453785537, 0.07722686036119726094, 0.8630201580567851138 ) ) ;
#3234 = CARTESIAN_POINT ( 'NONE',  ( -0.07069145586676647830, 0.02928135976391345666, 0.6611328125000002220 ) ) ;
#3235 = ORIENTED_EDGE ( 'NONE', *, *, #4307, .T. ) ;
#3236 = CARTESIAN_POINT ( 'NONE',  ( -0.02017324828170080978, 0.04870252959880150972, 0.7636718750000004441 ) ) ;
#3237 = CARTESIAN_POINT ( 'NONE',  ( -0.04870252959880183585, -3.178676856567033324E-16, 0.5820312500000003331 ) ) ;
#3238 = CARTESIAN_POINT ( 'NONE',  ( 0.02017324828170084447, 0.04870252959880150279, 0.6972656250000003331 ) ) ;
#3239 = CARTESIAN_POINT ( 'NONE',  ( -0.005823934053160211705, -0.04967916234374431667, 0.5000000000000005551 ) ) ;
#3240 = DIRECTION ( 'NONE',  ( -0.000000000000000000, -0.000000000000000000, 1.000000000000000000 ) ) ;
#3241 = CARTESIAN_POINT ( 'NONE',  ( 0.02017324828170084447, 0.04870252959880150279, 0.7636718750000003331 ) ) ;
#3242 = ORIENTED_EDGE ( 'NONE', *, *, #1722, .F. ) ;
#3243 = DIRECTION ( 'NONE',  ( 0.000000000000000000, 0.000000000000000000, 1.000000000000000000 ) ) ;
#3244 = CARTESIAN_POINT ( 'NONE',  ( 0.02017324828170093814, -0.04870252959880239790, -0.2441406250000001110 ) ) ;
#3245 = EDGE_CURVE ( 'NONE', #816, #5591, #3329, .T. ) ;
#3246 = CARTESIAN_POINT ( 'NONE',  ( -0.04998640781534011146, 0.04998640781533991023, -0.05566406250000030531 ) ) ;
#3247 = CARTESIAN_POINT ( 'NONE',  ( -0.04870252959880183585, -3.178676856567033324E-16, 0.7382812500000003331 ) ) ;
#3248 =( BOUNDED_CURVE ( )  B_SPLINE_CURVE ( 2, ( #5297, #1345, #556, #904, #470, #4025, #3115, #4427, #2335 ),
 .UNSPECIFIED., .F., .T. ) 
 B_SPLINE_CURVE_WITH_KNOTS ( ( 3, 2, 2, 2, 3 ),
 ( 0.8571428571428569843, 0.8660714285714283811, 0.8749999999999997780, 0.8839285714285712858, 0.8928571428571427937 ),
 .UNSPECIFIED. ) 
 CURVE ( )  GEOMETRIC_REPRESENTATION_ITEM ( )  RATIONAL_B_SPLINE_CURVE ( ( 1.000000000000001998, 0.9238795325112848511, 1.000000000000000000, 0.9238795325112867385, 1.000000000000000000, 0.9238795325112867385, 1.000000000000000000, 0.9238795325112877377, 0.9999999999999990008 ) ) 
 REPRESENTATION_ITEM ( '' )  );
#3249 = EDGE_LOOP ( 'NONE', ( #3831, #2636, #3170, #1237 ) ) ;
#3250 = CARTESIAN_POINT ( 'NONE',  ( 0.02017324828170084447, 0.04870252959880150279, 0.6386718750000003331 ) ) ;
#3251 = LINE ( 'NONE', #3785, #4306 ) ;
#3252 = CARTESIAN_POINT ( 'NONE',  ( -0.02465875746351703715, -0.04199859604412582020, -0.03000000000000003011 ) ) ;
#3253 = CARTESIAN_POINT ( 'NONE',  ( 0.04870252959880216892, -2.218368374257382112E-16, -0.1171875000000001943 ) ) ;
#3254 = CARTESIAN_POINT ( 'NONE',  ( -0.02928135976391377585, 0.07069145586676627013, -0.1533203124999993339 ) ) ;
#3255 = FACE_OUTER_BOUND ( 'NONE', #4594, .T. ) ;
#3256 = ORIENTED_EDGE ( 'NONE', *, *, #2919, .T. ) ;
#3257 = CARTESIAN_POINT ( 'NONE',  ( 0.04870252959880182891, -0.02017324828170116019, 0.5683593750000003331 ) ) ;
#3258 = EDGE_CURVE ( 'NONE', #4801, #876, #4211, .T. ) ;
#3259 = VERTEX_POINT ( 'NONE', #5093 ) ;
#3260 = CARTESIAN_POINT ( 'NONE',  ( 0.02017324828170079937, -0.04870252959880216198, 0.9082031250000002220 ) ) ;
#3261 = CARTESIAN_POINT ( 'NONE',  ( -0.02017324828170095896, -0.04870252959880238403, -0.1894531250000002220 ) ) ;
#3262 = CARTESIAN_POINT ( 'NONE',  ( -8.450062914116753856E-18, -0.06900000000000044986, 0.6992187500000004441 ) ) ;
#3263 = CYLINDRICAL_SURFACE ( 'NONE', #4036, 0.06899999999999993638 ) ;
#3264 = CARTESIAN_POINT ( 'NONE',  ( 0.02928135976391375850, -0.07069145586676682524, 0.6103515625000001110 ) ) ;
#3265 = CARTESIAN_POINT ( 'NONE',  ( -0.07069145586676647830, 0.02928135976391345319, 0.9091796875000004441 ) ) ;
#3266 = EDGE_LOOP ( 'NONE', ( #2241, #4640, #2661, #4228 ) ) ;
#3267 = CARTESIAN_POINT ( 'NONE',  ( 0.07099999999999991041, -1.351695621865133782E-17, 0.8750000000000001110 ) ) ;
#3268 = CARTESIAN_POINT ( 'NONE',  ( -0.02017324828170082018, -0.04870252959880215504, 0.6503906250000003331 ) ) ;
#3269 = CARTESIAN_POINT ( 'NONE',  ( -0.04879036790187156469, -0.04879036790187177286, -0.07812500000000013878 ) ) ;
#3270 = CARTESIAN_POINT ( 'NONE',  ( -0.02858073580374388689, -0.06900000000000017231, 0.6074218749999998890 ) ) ;
#3271 = CARTESIAN_POINT ( 'NONE',  ( 0.04870252959880182891, 0.02017324828170050446, 0.7597656250000003331 ) ) ;
#3272 = CARTESIAN_POINT ( 'NONE',  ( -0.06899999999999996414, -0.02858073580374368219, -0.2402343749999994726 ) ) ;
#3273 = CARTESIAN_POINT ( 'NONE',  ( -0.07069145586676647830, -0.02928135976391397707, -0.04980468750000030531 ) ) ;
#3274 = CARTESIAN_POINT ( 'NONE',  ( -0.02858073580374355382, 0.06899999999999964495, -0.2167968749999994449 ) ) ;
#3275 = EDGE_CURVE ( 'NONE', #1713, #2901, #2629, .T. ) ;
#3276 = CARTESIAN_POINT ( 'NONE',  ( -0.02017324828170082018, -0.04870252959880215504, 0.6816406250000003331 ) ) ;
#3277 = CARTESIAN_POINT ( 'NONE',  ( 0.03443788894025132108, -0.03443788894025164721, 0.5664062500000002220 ) ) ;
#3278 = CARTESIAN_POINT ( 'NONE',  ( -0.04870252959880216892, 0.02017324828170074386, -0.03710937500000014572 ) ) ;
#3279 = CARTESIAN_POINT ( 'NONE',  ( 0.02017324828170079937, -0.04870252959880216198, 0.9042968750000003331 ) ) ;
#3280 = CARTESIAN_POINT ( 'NONE',  ( 0.03443788894025155700, -0.03443788894025177905, -0.1835937500000001943 ) ) ;
#3281 =( BOUNDED_CURVE ( )  B_SPLINE_CURVE ( 2, ( #2392, #5000, #1953, #2422, #4168, #3872, #755, #1171, #2508 ),
 .UNSPECIFIED., .F., .T. ) 
 B_SPLINE_CURVE_WITH_KNOTS ( ( 3, 2, 2, 2, 3 ),
 ( 0.1874999999999999445, 0.2031249999999999722, 0.2187500000000000000, 0.2343750000000000278, 0.2500000000000000555 ),
 .UNSPECIFIED. ) 
 CURVE ( )  GEOMETRIC_REPRESENTATION_ITEM ( )  RATIONAL_B_SPLINE_CURVE ( ( 1.000000000000000222, 0.9238795325112865164, 1.000000000000000000, 0.9238795325112867385, 1.000000000000000000, 0.9238795325112867385, 1.000000000000000000, 0.9238795325112865164, 1.000000000000000222 ) ) 
 REPRESENTATION_ITEM ( '' )  );
#3282 = CARTESIAN_POINT ( 'NONE',  ( 0.02928135976391382442, 0.07069145586676625626, -0.1572265624999993339 ) ) ;
#3283 = CARTESIAN_POINT ( 'NONE',  ( -0.04879036790187186307, 0.04879036790187154388, 0.5664062500000001110 ) ) ;
#3284 = CARTESIAN_POINT ( 'NONE',  ( -0.03443788894025132108, 0.03443788894025100189, 0.6757812500000002220 ) ) ;
#3285 = ORIENTED_EDGE ( 'NONE', *, *, #3654, .T. ) ;
#3286 = CARTESIAN_POINT ( 'NONE',  ( -0.04998640781534011146, -0.04998640781534043759, 0.5400390625000004441 ) ) ;
#3287 = CARTESIAN_POINT ( 'NONE',  ( 0.03443788894025132108, -0.03443788894025164721, 0.5312500000000003331 ) ) ;
#3288 = DIRECTION ( 'NONE',  ( -0.000000000000000000, 1.081356497492104437E-16, -1.000000000000000000 ) ) ;
#3289 = CARTESIAN_POINT ( 'NONE',  ( -0.01249999999999994345, 0.1371206889325357059, 0.8640654110148561218 ) ) ;
#3290 = CARTESIAN_POINT ( 'NONE',  ( -0.07069145586676647830, 0.02928135976391345666, 0.6298828125000001110 ) ) ;
#3291 = CARTESIAN_POINT ( 'NONE',  ( 0.02017324828170084447, 0.04870252959880150279, 0.5097656250000003331 ) ) ;
#3292 = CARTESIAN_POINT ( 'NONE',  ( -0.02017324828170080978, 0.04870252959880150972, 0.6699218750000002220 ) ) ;
#3293 = CARTESIAN_POINT ( 'NONE',  ( -0.008760845854621298820, 0.1392794905849115694, 0.01197984194321490177 ) ) ;
#3294 = CARTESIAN_POINT ( 'NONE',  ( -0.04870252959880183585, -0.02017324828170113243, 0.5839843750000004441 ) ) ;
#3295 = CARTESIAN_POINT ( 'NONE',  ( 0.000000000000000000, 0.06899999999999964495, -0.08984375000000024980 ) ) ;
#3296 = CARTESIAN_POINT ( 'NONE',  ( -0.01283961124583132482, -0.04870252959880237709, -0.2500000000000000000 ) ) ;
#3297 = CARTESIAN_POINT ( 'NONE',  ( -0.04870252959880183585, -0.02017324828170113243, 0.7128906250000004441 ) ) ;
#3298 = CARTESIAN_POINT ( 'NONE',  ( 0.03443788894025155700, -0.03443788894025178599, -0.2460937500000001943 ) ) ;
#3299 = CONICAL_SURFACE ( 'NONE', #254, 0.1187499999999999944, 1.047197551196600074 ) ;
#3300 = CARTESIAN_POINT ( 'NONE',  ( 0.02017324828170079937, -0.04870252959880216198, 0.7167968750000004441 ) ) ;
#3301 = CARTESIAN_POINT ( 'NONE',  ( -0.03443788894025132802, -0.03443788894025164027, 0.6523437500000002220 ) ) ;
#3302 = DIRECTION ( 'NONE',  ( -0.000000000000000000, 1.081356497492104437E-16, -1.000000000000000000 ) ) ;
#3303 = TOROIDAL_SURFACE ( 'NONE', #3481, 0.05651502959880199545, 0.007812499999999989592 ) ;
#3304 = CARTESIAN_POINT ( 'NONE',  ( 0.04870252959880183585, -3.297963650534137407E-16, 0.8476562500000004441 ) ) ;
#3305 = CARTESIAN_POINT ( 'NONE',  ( -0.03443788894025155700, -0.03443788894025177211, -0.1289062500000001943 ) ) ;
#3306 = CARTESIAN_POINT ( 'NONE',  ( 0.04098395590008496736, -0.04796749001712519861, 0.8665991408540669738 ) ) ;
#3307 = CARTESIAN_POINT ( 'NONE',  ( 0.04870252959880182891, 0.02017324828170050446, 0.6660156250000003331 ) ) ;
#3308 = CARTESIAN_POINT ( 'NONE',  ( 0.07069145586676646442, -2.325136276271980950E-16, -0.2255859374999993339 ) ) ;
#3309 = CARTESIAN_POINT ( 'NONE',  ( 0.02242272955119405109, 0.05758086344087276487, -0.03740777232870674818 ) ) ;
#3310 = CARTESIAN_POINT ( 'NONE',  ( -0.04998640781534011146, 0.04998640781533978533, 0.5009765625000004441 ) ) ;
#3311 = DIRECTION ( 'NONE',  ( 0.000000000000000000, 1.000000000000000000, 1.081356497492104314E-16 ) ) ;
#3312 = VECTOR ( 'NONE', #2086, 39.37007874015748854 ) ;
#3313 = DIRECTION ( 'NONE',  ( 0.000000000000000000, 0.000000000000000000, 1.000000000000000000 ) ) ;
#3314 = DIRECTION ( 'NONE',  ( -0.000000000000000000, 1.081356497492104437E-16, -1.000000000000000000 ) ) ;
#3315 = CARTESIAN_POINT ( 'NONE',  ( -0.04998640781534011840, -0.04998640781534043759, 0.6357421875000001110 ) ) ;
#3316 = CARTESIAN_POINT ( 'NONE',  ( -0.03443788894025132108, 0.03443788894025100189, 0.5156250000000004441 ) ) ;
#3317 = ORIENTED_EDGE ( 'NONE', *, *, #839, .F. ) ;
#3318 = CARTESIAN_POINT ( 'NONE',  ( -0.06899999999999989475, -2.163193389158179740E-16, -0.2421874999999994449 ) ) ;
#3319 = CARTESIAN_POINT ( 'NONE',  ( 0.04870252959880182891, -0.02017324828170116019, 0.5019531250000003331 ) ) ;
#3320 = CARTESIAN_POINT ( 'NONE',  ( -0.04879036790187156469, 0.04879036790187134959, -0.08593750000000013878 ) ) ;
#3321 = EDGE_LOOP ( 'NONE', ( #2578, #2788, #2637 ) ) ;
#3322 = EDGE_CURVE ( 'NONE', #5268, #3449, #1679, .T. ) ;
#3323 = CARTESIAN_POINT ( 'NONE',  ( 0.03443788894025132108, -0.03443788894025164721, 0.7539062500000002220 ) ) ;
#3324 = FACE_OUTER_BOUND ( 'NONE', #5477, .T. ) ;
#3325 = CARTESIAN_POINT ( 'NONE',  ( 0.03443788894025155700, -0.03443788894025177905, -0.1210937500000001943 ) ) ;
#3326 = EDGE_CURVE ( 'NONE', #3118, #681, #488, .T. ) ;
#3327 = CARTESIAN_POINT ( 'NONE',  ( 0.02928135976391375503, -0.07069145586676668647, -0.04199218750000031225 ) ) ;
#3328 = VERTEX_POINT ( 'NONE', #5066 ) ;
#3329 = B_SPLINE_CURVE_WITH_KNOTS ( 'NONE', 3,
 ( #3350, #3293, #1151, #3801, #2929, #4608 ),
 .UNSPECIFIED., .F., .F.,
 ( 4, 2, 4 ),
 ( 0.000000000000000000, 0.0003339356863370975545, 0.0006678713726741951091 ),
 .UNSPECIFIED. ) ;
#3330 = CARTESIAN_POINT ( 'NONE',  ( 0.04870252959880183585, -3.297963650534137407E-16, 0.6914062500000004441 ) ) ;
#3331 = CARTESIAN_POINT ( 'NONE',  ( -0.04870252959880183585, -0.02017324828170113243, 0.5566406250000003331 ) ) ;
#3332 = DIRECTION ( 'NONE',  ( -0.000000000000000000, 1.081356497492104437E-16, -1.000000000000000000 ) ) ;
#3333 = CARTESIAN_POINT ( 'NONE',  ( 0.000000000000000000, 0.04870252959880196075, -0.04296875000000015266 ) ) ;
#3334 = CARTESIAN_POINT ( 'NONE',  ( -0.04870252959880183585, -3.178676856567033324E-16, 0.8632812500000003331 ) ) ;
#3335 = CARTESIAN_POINT ( 'NONE',  ( -0.02017324828170095549, -0.04870252959880237709, -0.1582031250000001665 ) ) ;
#3336 = CARTESIAN_POINT ( 'NONE',  ( 0.000000000000000000, 0.07069145586676625626, -0.1240234374999993339 ) ) ;
#3337 = DIRECTION ( 'NONE',  ( -0.000000000000000000, 1.081356497492104437E-16, -1.000000000000000000 ) ) ;
#3338 = ORIENTED_EDGE ( 'NONE', *, *, #663, .T. ) ;
#3339 = CARTESIAN_POINT ( 'NONE',  ( -0.03443788894025132802, -0.03443788894025164027, 0.5898437500000003331 ) ) ;
#3340 = CARTESIAN_POINT ( 'NONE',  ( -0.07069145586676647830, 0.02928135976391345319, 0.5654296875000005551 ) ) ;
#3341 = CARTESIAN_POINT ( 'NONE',  ( 8.450062914116699930E-18, -0.06899999999999971434, -0.2500000000000000000 ) ) ;
#3342 = CARTESIAN_POINT ( 'NONE',  ( -0.02017324828170095896, -0.04870252959880238403, -0.06445312500000018041 ) ) ;
#3343 = LINE ( 'NONE', #5443, #5692 ) ;
#3344 = CARTESIAN_POINT ( 'NONE',  ( 0.1124999999999999473, -0.07938566201357383223, 0.8640654110148560108 ) ) ;
#3345 = CARTESIAN_POINT ( 'NONE',  ( -0.04998640781534011840, -0.04998640781534043759, 0.5419921875000002220 ) ) ;
#3346 = EDGE_CURVE ( 'NONE', #5332, #989, #4194, .T. ) ;
#3347 = CARTESIAN_POINT ( 'NONE',  ( -0.02928135976391377585, 0.07069145586676614523, 0.9052734375000004441 ) ) ;
#3348 = ORIENTED_EDGE ( 'NONE', *, *, #4142, .F. ) ;
#3349 = CARTESIAN_POINT ( 'NONE',  ( 0.04870252959880183585, -3.297963650534137407E-16, 0.6289062500000003331 ) ) ;
#3350 = CARTESIAN_POINT ( 'NONE',  ( -0.01249999999999995386, 0.1371206889325357059, 0.01093458898514387996 ) ) ;
#3351 = CARTESIAN_POINT ( 'NONE',  ( 0.02017324828170084447, 0.04870252959880150279, 0.5097656250000003331 ) ) ;
#3352 = DIRECTION ( 'NONE',  ( -0.000000000000000000, 1.081356497492104437E-16, -1.000000000000000000 ) ) ;
#3353 = CARTESIAN_POINT ( 'NONE',  ( -0.02017324828170082018, -0.04870252959880215504, 0.5605468750000004441 ) ) ;
#3354 = CARTESIAN_POINT ( 'NONE',  ( 0.000000000000000000, 0.07681249999999978373, 0.8750000000000001110 ) ) ;
#3355 = CARTESIAN_POINT ( 'NONE',  ( -0.04870252959880216198, 0.02017324828170074039, -0.1035156250000001804 ) ) ;
#3356 = CARTESIAN_POINT ( 'NONE',  ( 0.02017324828170084447, 0.04870252959880150279, 0.5410156250000003331 ) ) ;
#3357 = EDGE_CURVE ( 'NONE', #2097, #1219, #3485, .T. ) ;
#3358 = CARTESIAN_POINT ( 'NONE',  ( 0.02017324828170097978, 0.04870252959880194688, -0.1113281250000002082 ) ) ;
#3359 = FACE_OUTER_BOUND ( 'NONE', #4937, .T. ) ;
#3360 = CARTESIAN_POINT ( 'NONE',  ( -0.03443788894025132108, 0.03443788894025100189, 0.5195312500000003331 ) ) ;
#3361 = CARTESIAN_POINT ( 'NONE',  ( -0.04870252959880216892, -2.048851926418999448E-16, -0.03515625000000015959 ) ) ;
#3362 = CARTESIAN_POINT ( 'NONE',  ( 0.04870252959880182891, -0.02017324828170116019, 0.7207031250000004441 ) ) ;
#3363 = CARTESIAN_POINT ( 'NONE',  ( 0.02017324828170093814, -0.04870252959880239096, -0.1542968750000001943 ) ) ;
#3364 = CARTESIAN_POINT ( 'NONE',  ( 0.07069145586676647830, 0.02928135976391357462, -0.09863281249999933387 ) ) ;
#3365 = CARTESIAN_POINT ( 'NONE',  ( -0.02858073580374307504, 0.06900000000000033884, 0.5644531250000002220 ) ) ;
#3366 = CARTESIAN_POINT ( 'NONE',  ( 0.04870252959880183585, -3.297963650534137407E-16, 0.5703125000000003331 ) ) ;
#3367 = CARTESIAN_POINT ( 'NONE',  ( 0.02017324828170084447, 0.04870252959880150279, 0.7949218750000002220 ) ) ;
#3368 = DIRECTION ( 'NONE',  ( -0.000000000000000000, 1.081356497492104437E-16, -1.000000000000000000 ) ) ;
#3369 = CARTESIAN_POINT ( 'NONE',  ( 0.03443788894025155700, -0.03443788894025177211, -0.05859375000000020817 ) ) ;
#3370 = CARTESIAN_POINT ( 'NONE',  ( 0.06899999999999989475, 0.02858073580374330749, -0.2246093749999994726 ) ) ;
#3371 = CARTESIAN_POINT ( 'NONE',  ( 0.06900000000000011680, 0.02858073580374330749, 0.5878906250000001110 ) ) ;
#3372 = CARTESIAN_POINT ( 'NONE',  ( 0.07069145586676647830, 0.02928135976391346360, 0.5556640625000002220 ) ) ;
#3373 = CARTESIAN_POINT ( 'NONE',  ( 0.04998640781534011840, 0.04998640781533977839, 0.9306640625000005551 ) ) ;
#3374 = ORIENTED_EDGE ( 'NONE', *, *, #2224, .T. ) ;
#3375 = CARTESIAN_POINT ( 'NONE',  ( 0.06900000000000011680, -3.335249498770559690E-16, 0.8632812500000006661 ) ) ;
#3376 = CARTESIAN_POINT ( 'NONE',  ( 0.04870252959880182891, -0.02017324828170116019, 0.5332031250000005551 ) ) ;
#3377 = CARTESIAN_POINT ( 'NONE',  ( 0.06900000000000011680, 0.02858073580374330749, 0.5214843750000005551 ) ) ;
#3378 = CARTESIAN_POINT ( 'NONE',  ( 0.04870252959880183585, -3.297963650534137407E-16, 0.6328125000000002220 ) ) ;
#3379 = CARTESIAN_POINT ( 'NONE',  ( 0.02017324828170093814, -0.04870252959880239096, -0.1230468750000001804 ) ) ;
#3380 = CARTESIAN_POINT ( 'NONE',  ( 0.04870252959880215504, 0.02017324828170074386, -0.2089843750000001665 ) ) ;
#3381 = CARTESIAN_POINT ( 'NONE',  ( -0.06900000000000011680, 0.02858073580374329709, 0.8183593750000001110 ) ) ;
#3382 = LINE ( 'NONE', #5138, #1445 ) ;
#3383 = CARTESIAN_POINT ( 'NONE',  ( 0.02858073580374420261, 0.06899999999999924249, 0.8417968750000001110 ) ) ;
#3384 = CARTESIAN_POINT ( 'NONE',  ( -0.04870252959880183585, -3.178676856567033324E-16, 0.7695312500000003331 ) ) ;
#3385 = CARTESIAN_POINT ( 'NONE',  ( 0.03443788894025155700, -0.03443788894025177211, -0.05859375000000020817 ) ) ;
#3386 = CARTESIAN_POINT ( 'NONE',  ( -0.07069145586676646442, -2.065884167898328850E-16, -0.08496093749999933387 ) ) ;
#3387 = CARTESIAN_POINT ( 'NONE',  ( -8.657206515430192834E-18, -0.07069145586676668647, -0.2626953125000003331 ) ) ;
#3388 = ORIENTED_EDGE ( 'NONE', *, *, #4307, .F. ) ;
#3389 = CARTESIAN_POINT ( 'NONE',  ( -0.04870252959880183585, -3.178676856567033324E-16, 0.5546875000000002220 ) ) ;
#3390 = CARTESIAN_POINT ( 'NONE',  ( 0.02017324828170084447, 0.04870252959880150279, 0.8574218750000005551 ) ) ;
#3391 = AXIS2_PLACEMENT_3D ( 'NONE', #343, #1748, #931 ) ;
#3392 = EDGE_CURVE ( 'NONE', #2437, #1751, #5450, .T. ) ;
#3393 =( BOUNDED_CURVE ( )  B_SPLINE_CURVE ( 2, ( #3195, #4851, #3108, #5353, #2265, #2687, #2750, #4421, #3963 ),
 .UNSPECIFIED., .F., .T. ) 
 B_SPLINE_CURVE_WITH_KNOTS ( ( 3, 2, 2, 2, 3 ),
 ( 0.6785714285714283811, 0.6874999999999997780, 0.6964285714285711748, 0.7053571428571424606, 0.7142857142857139685 ),
 .UNSPECIFIED. ) 
 CURVE ( )  GEOMETRIC_REPRESENTATION_ITEM ( )  RATIONAL_B_SPLINE_CURVE ( ( 1.000000000000001998, 0.9238795325112848511, 1.000000000000000000, 0.9238795325112867385, 1.000000000000000000, 0.9238795325112867385, 1.000000000000000000, 0.9238795325112896251, 0.9999999999999971134 ) ) 
 REPRESENTATION_ITEM ( '' )  );
#3394 = CARTESIAN_POINT ( 'NONE',  ( -0.02017324828170095896, -0.04870252959880237015, -0.03320312500000020123 ) ) ;
#3395 = CARTESIAN_POINT ( 'NONE',  ( 0.06900000000000011680, -0.02858073580374397363, 0.7675781250000004441 ) ) ;
#3396 = DIRECTION ( 'NONE',  ( 1.000000000000000000, 0.000000000000000000, 0.000000000000000000 ) ) ;
#3397 = AXIS2_PLACEMENT_3D ( 'NONE', #3448, #5588, #4364 ) ;
#3398 = CARTESIAN_POINT ( 'NONE',  ( -0.07069145586676647830, 0.02928135976391345666, 0.4736328125000001665 ) ) ;
#3399 = CARTESIAN_POINT ( 'NONE',  ( 1.690012582823350463E-17, 0.06899999999999979761, 0.6875000000000001110 ) ) ;
#3400 = B_SPLINE_CURVE_WITH_KNOTS ( 'NONE', 3,
 ( #792, #1212, #5657, #5245, #3823, #823, #764, #2601 ),
 .UNSPECIFIED., .F., .F.,
 ( 4, 2, 2, 4 ),
 ( 0.0003769942008442800797, 0.001851878332808214308, 0.002589320398790181423, 0.003326762464772148320 ),
 .UNSPECIFIED. ) ;
#3401 = CARTESIAN_POINT ( 'NONE',  ( 0.07069145586676645054, 0.02928135976391346013, 0.7724609375000003331 ) ) ;
#3402 = ORIENTED_EDGE ( 'NONE', *, *, #695, .T. ) ;
#3403 = CARTESIAN_POINT ( 'NONE',  ( 0.06900000000000011680, -3.335249498770560676E-16, 0.5546875000000001110 ) ) ;
#3404 = CARTESIAN_POINT ( 'NONE',  ( 0.07069145586676645054, -0.02928135976391413320, 0.8330078125000000000 ) ) ;
#3405 = CARTESIAN_POINT ( 'NONE',  ( 0.02858073580374312014, 0.06900000000000033884, 0.5253906250000005551 ) ) ;
#3406 = CARTESIAN_POINT ( 'NONE',  ( 0.02017324828170084447, 0.04870252959880150279, 0.5761718750000003331 ) ) ;
#3407 = CARTESIAN_POINT ( 'NONE',  ( 0.04870252959880216892, -2.237503480494059479E-16, -0.1484375000000001943 ) ) ;
#3408 = CYLINDRICAL_SURFACE ( 'NONE', #5702, 0.06899999999999993638 ) ;
#3409 = DIRECTION ( 'NONE',  ( 0.000000000000000000, 1.000000000000000000, 1.081356497492104314E-16 ) ) ;
#3410 = CARTESIAN_POINT ( 'NONE',  ( 0.02858073580374393546, 0.06899999999999952005, 0.5878906250000005551 ) ) ;
#3411 = CARTESIAN_POINT ( 'NONE',  ( 0.03443788894025132802, 0.03443788894025099495, 0.7578125000000004441 ) ) ;
#3412 = CARTESIAN_POINT ( 'NONE',  ( -0.04870252959880216892, -0.02017324828170115672, -0.06835937500000019429 ) ) ;
#3413 = CARTESIAN_POINT ( 'NONE',  ( -0.04998640781534011146, 0.04998640781533991023, -0.05761718749999934081 ) ) ;
#3414 = FACE_OUTER_BOUND ( 'NONE', #2928, .T. ) ;
#3415 = CARTESIAN_POINT ( 'NONE',  ( -5.964339698355189526E-18, -0.04870252959880215504, 0.5312500000000003331 ) ) ;
#3416 = CARTESIAN_POINT ( 'NONE',  ( -0.03443788894025132802, -0.03443788894025164027, 0.8398437500000003331 ) ) ;
#3417 = CARTESIAN_POINT ( 'NONE',  ( 0.02017324828170093814, -0.04870252959880239096, -0.1855468750000002220 ) ) ;
#3418 = CARTESIAN_POINT ( 'NONE',  ( 0.02017324828170097978, 0.04870252959880193994, -0.2324218750000001110 ) ) ;
#3419 = CARTESIAN_POINT ( 'NONE',  ( 0.04870252959880182891, -0.02017324828170116019, 0.5371093750000003331 ) ) ;
#3420 = CARTESIAN_POINT ( 'NONE',  ( 0.000000000000000000, -1.707404996040164512E-16, 0.000000000000000000 ) ) ;
#3421 = CARTESIAN_POINT ( 'NONE',  ( 0.07069145586676645054, -0.02928135976391413320, 0.4892578125000001665 ) ) ;
#3422 = CARTESIAN_POINT ( 'NONE',  ( -0.03443788894025132802, -0.03443788894025164027, 0.8398437500000003331 ) ) ;
#3423 = LINE ( 'NONE', #5653, #4669 ) ;
#3424 =( BOUNDED_CURVE ( )  B_SPLINE_CURVE ( 2, ( #297, #836, #4709, #4270, #5229, #4358, #1168, #3020, #322 ),
 .UNSPECIFIED., .F., .T. ) 
 B_SPLINE_CURVE_WITH_KNOTS ( ( 3, 2, 2, 2, 3 ),
 ( 0.7499999999999997780, 0.7589285714285712858, 0.7678571428571427937, 0.7767857142857143016, 0.7857142857142858094 ),
 .UNSPECIFIED. ) 
 CURVE ( )  GEOMETRIC_REPRESENTATION_ITEM ( )  RATIONAL_B_SPLINE_CURVE ( ( 1.000000000000001998, 0.9238795325112848511, 1.000000000000000000, 0.9238795325112867385, 1.000000000000000000, 0.9238795325112867385, 1.000000000000000000, 0.9238795325112857393, 1.000000000000000888 ) ) 
 REPRESENTATION_ITEM ( '' )  );
#3425 = CARTESIAN_POINT ( 'NONE',  ( 0.04998640781534011146, -0.04998640781534044453, 0.8291015625000005551 ) ) ;
#3426 = VERTEX_POINT ( 'NONE', #3851 ) ;
#3427 = CARTESIAN_POINT ( 'NONE',  ( 0.04879036790187186307, -0.04879036790187220307, 0.8007812500000001110 ) ) ;
#3428 = CARTESIAN_POINT ( 'NONE',  ( -0.04998640781534011840, -0.04998640781534043759, 0.8232421875000002220 ) ) ;
#3429 = CARTESIAN_POINT ( 'NONE',  ( 0.06900000000000011680, -3.335249498770559690E-16, 0.5195312500000005551 ) ) ;
#3430 = ORIENTED_EDGE ( 'NONE', *, *, #3717, .T. ) ;
#3431 = CARTESIAN_POINT ( 'NONE',  ( 0.03443788894025132108, -0.03443788894025164721, 0.5664062500000002220 ) ) ;
#3432 = EDGE_CURVE ( 'NONE', #3647, #29, #3214, .T. ) ;
#3433 = CARTESIAN_POINT ( 'NONE',  ( -0.02017324828170095896, -0.04870252959880238403, -0.1269531250000002220 ) ) ;
#3434 = DIRECTION ( 'NONE',  ( 0.000000000000000000, 1.000000000000000000, 0.000000000000000000 ) ) ;
#3435 = ORIENTED_EDGE ( 'NONE', *, *, #873, .T. ) ;
#3436 = CARTESIAN_POINT ( 'NONE',  ( 0.04870252959880182891, 0.02017324828170050446, 0.5058593750000004441 ) ) ;
#3437 = CARTESIAN_POINT ( 'NONE',  ( -0.03443788894025132108, 0.03443788894025100189, 0.8281250000000003331 ) ) ;
#3438 = EDGE_CURVE ( 'NONE', #1403, #1381, #3400, .T. ) ;
#3439 = CARTESIAN_POINT ( 'NONE',  ( -5.964339698355230356E-18, -0.04870252959880237709, -0.09375000000000019429 ) ) ;
#3440 = CARTESIAN_POINT ( 'NONE',  ( -0.04998640781534011146, 0.04998640781533988942, -0.2431640625000003331 ) ) ;
#3441 = CARTESIAN_POINT ( 'NONE',  ( -0.03443788894025132108, 0.03443788894025100189, 0.8906250000000004441 ) ) ;
#3442 = CARTESIAN_POINT ( 'NONE',  ( 0.03777308600709537029, 0.05039448943830290850, -0.03809751394259866530 ) ) ;
#3443 = CARTESIAN_POINT ( 'NONE',  ( 0.04870252959880182891, -0.02017324828170116019, 0.7871093750000003331 ) ) ;
#3444 = CARTESIAN_POINT ( 'NONE',  ( -0.06900000000000011680, -0.02858073580374393199, 0.6347656250000002220 ) ) ;
#3445 = CARTESIAN_POINT ( 'NONE',  ( 0.04870252959880215504, 0.001530538652158641667, -0.02328931695762374507 ) ) ;
#3446 = CARTESIAN_POINT ( 'NONE',  ( -0.1249999999999999167, 0.05773502691896182509, 0.01093458898514383659 ) ) ;
#3447 = CARTESIAN_POINT ( 'NONE',  ( -0.02858073580374308198, -0.06900000000000100497, 0.7597656250000006661 ) ) ;
#3448 = CARTESIAN_POINT ( 'NONE',  ( 0.000000000000000000, -4.197370615265405195E-17, 0.000000000000000000 ) ) ;
#3449 = VERTEX_POINT ( 'NONE', #5211 ) ;
#3450 = CARTESIAN_POINT ( 'NONE',  ( 0.06900000000000011680, -3.335249498770560676E-16, 0.5234375000000001110 ) ) ;
#3451 = CARTESIAN_POINT ( 'NONE',  ( -0.04998640781534011146, -0.04998640781534043759, 0.8525390625000005551 ) ) ;
#3452 = ORIENTED_EDGE ( 'NONE', *, *, #1361, .F. ) ;
#3453 = DIRECTION ( 'NONE',  ( 0.7071067811865486830, 0.000000000000000000, 0.7071067811865462405 ) ) ;
#3454 = CARTESIAN_POINT ( 'NONE',  ( -8.657206515430192834E-18, -0.07069145586676679749, 0.8271484375000001110 ) ) ;
#3455 = CARTESIAN_POINT ( 'NONE',  ( -0.02279168904456667019, 0.05389343060165428800, -0.03549081219978155594 ) ) ;
#3456 = VERTEX_POINT ( 'NONE', #4749 ) ;
#3457 = CARTESIAN_POINT ( 'NONE',  ( -5.964339698355189526E-18, -0.04870252959880215504, 0.6562500000000002220 ) ) ;
#3458 = CARTESIAN_POINT ( 'NONE',  ( 0.02017324828170080284, -0.04870252959880216892, 0.8105468750000003331 ) ) ;
#3459 = CARTESIAN_POINT ( 'NONE',  ( 0.04870252959880215504, 0.02017324828170074733, -0.1152343750000001804 ) ) ;
#3460 = CARTESIAN_POINT ( 'NONE',  ( 0.01250000000000007182, 0.1371206889325357059, -0.3818813079129863564 ) ) ;
#3461 = CARTESIAN_POINT ( 'NONE',  ( -8.450062914116752315E-18, -0.06900000000000044986, 0.8281250000000001110 ) ) ;
#3462 = EDGE_CURVE ( 'NONE', #5636, #2779, #5685, .T. ) ;
#3463 = CARTESIAN_POINT ( 'NONE',  ( 0.03443788894025156394, 0.03443788894025133496, -0.2031250000000001388 ) ) ;
#3464 = CARTESIAN_POINT ( 'NONE',  ( 0.06900000000000011680, -3.335249498770559690E-16, 0.7382812500000005551 ) ) ;
#3465 = CARTESIAN_POINT ( 'NONE',  ( 1.192867939671037905E-17, 0.04870252959880150972, 0.7929687500000003331 ) ) ;
#3466 = CARTESIAN_POINT ( 'NONE',  ( -5.964339698355230356E-18, -0.04870252959880237709, -0.06250000000000018041 ) ) ;
#3467 = CARTESIAN_POINT ( 'NONE',  ( -0.02017324828170095202, 0.04870252959880195381, -0.07226562500000012490 ) ) ;
#3468 = CARTESIAN_POINT ( 'NONE',  ( -8.450062914116724582E-18, -0.06900000000000011680, -0.2031249999999994449 ) ) ;
#3469 = CARTESIAN_POINT ( 'NONE',  ( 0.04870252959880182891, 0.02017324828170050446, 0.5410156250000003331 ) ) ;
#3470 = CARTESIAN_POINT ( 'NONE',  ( -0.05150588892679789504, 0.01797036705198059442, 0.8583572770598931756 ) ) ;
#3471 = CARTESIAN_POINT ( 'NONE',  ( 0.03443788894025132802, 0.03443788894025099495, 0.8242187500000003331 ) ) ;
#3472 = CARTESIAN_POINT ( 'NONE',  ( 0.02017324828170093814, -0.04870252959880239096, -0.1503906250000001388 ) ) ;
#3473 = CARTESIAN_POINT ( 'NONE',  ( 0.04879036790187187694, 0.04879036790187153694, 0.7734375000000006661 ) ) ;
#3474 = CARTESIAN_POINT ( 'NONE',  ( -0.02858073580374375158, 0.06899999999999967271, 0.7480468750000006661 ) ) ;
#3475 = CARTESIAN_POINT ( 'NONE',  ( 0.04998640781534011146, -0.04998640781534045147, 0.4873046875000002220 ) ) ;
#3476 = CARTESIAN_POINT ( 'NONE',  ( -0.01729966560692413821, 0.06580563204034575731, 0.8714984242577368256 ) ) ;
#3477 = CARTESIAN_POINT ( 'NONE',  ( 0.04870252959880182891, 0.02017324828170050446, 0.9160156250000003331 ) ) ;
#3478 = CARTESIAN_POINT ( 'NONE',  ( -0.02928135976391377585, -0.07069145586676678361, 0.7919921875000004441 ) ) ;
#3479 = ORIENTED_EDGE ( 'NONE', *, *, #3322, .F. ) ;
#3480 = CARTESIAN_POINT ( 'NONE',  ( 0.04870252959880215504, -0.02017324828170119835, -0.2441406250000001943 ) ) ;
#3481 = AXIS2_PLACEMENT_3D ( 'NONE', #3231, #1541, #3311 ) ;
#3482 = CARTESIAN_POINT ( 'NONE',  ( 0.02858073580374312361, -0.06900000000000094946, 0.5488281250000003331 ) ) ;
#3483 = CARTESIAN_POINT ( 'NONE',  ( 0.04998640781534013228, 0.04998640781533977839, 0.8388671875000001110 ) ) ;
#3484 = ORIENTED_EDGE ( 'NONE', *, *, #4160, .T. ) ;
#3485 = CIRCLE ( 'NONE', #171, 0.007812499999999993928 ) ;
#3486 = EDGE_LOOP ( 'NONE', ( #3627, #4469, #3885, #5665 ) ) ;
#3487 = CARTESIAN_POINT ( 'NONE',  ( 0.03443788894025132802, 0.03443788894025099495, 0.7890625000000004441 ) ) ;
#3488 = CIRCLE ( 'NONE', #2677, 0.04870252959880200239 ) ;
#3489 = CARTESIAN_POINT ( 'NONE',  ( 0.04787138444069394261, 0.01473952012466918371, -0.02197712384765303922 ) ) ;
#3490 = EDGE_CURVE ( 'NONE', #2059, #2597, #5565, .T. ) ;
#3491 = DIRECTION ( 'NONE',  ( -0.000000000000000000, 1.081356497492104437E-16, -1.000000000000000000 ) ) ;
#3492 = CARTESIAN_POINT ( 'NONE',  ( -0.01250000000000001110, -0.1371206889325363998, 0.8640654110148560108 ) ) ;
#3493 = ORIENTED_EDGE ( 'NONE', *, *, #3860, .F. ) ;
#3494 = DIRECTION ( 'NONE',  ( -0.000000000000000000, 1.081356497492104437E-16, -1.000000000000000000 ) ) ;
#3495 = CARTESIAN_POINT ( 'NONE',  ( -0.04870252959880183585, -3.178676856567033324E-16, 0.5195312500000003331 ) ) ;
#3496 = CARTESIAN_POINT ( 'NONE',  ( 0.03443788894025156394, 0.03443788894025134190, -0.08203125000000019429 ) ) ;
#3497 = CARTESIAN_POINT ( 'NONE',  ( -5.964339698355230356E-18, -0.04870252959880237015, -0.02734375000000013184 ) ) ;
#3498 = CARTESIAN_POINT ( 'NONE',  ( -0.07069145586676646442, -2.160363754941923842E-16, -0.2392578125000003053 ) ) ;
#3499 = CARTESIAN_POINT ( 'NONE',  ( -0.02017324828170081324, 0.04870252959880150972, 0.5175781250000004441 ) ) ;
#3500 = CARTESIAN_POINT ( 'NONE',  ( 0.03443788894025132108, -0.03443788894025164721, 0.6601562500000003331 ) ) ;
#3501 = CARTESIAN_POINT ( 'NONE',  ( -0.04870252959880216892, -2.144527457602386282E-16, -0.1914062500000001388 ) ) ;
#3502 = CARTESIAN_POINT ( 'NONE',  ( -0.1249999999999999167, 0.01954412736148118668, 0.004283388795961916989 ) ) ;
#3503 = CARTESIAN_POINT ( 'NONE',  ( -8.450062914116753856E-18, -0.06900000000000044986, 0.5117187500000004441 ) ) ;
#3504 = CARTESIAN_POINT ( 'NONE',  ( 0.02928135976391375850, -0.07069145586676682524, 0.5166015625000001110 ) ) ;
#3505 = CARTESIAN_POINT ( 'NONE',  ( 0.06070825464726065102, -0.007643165177681984952, -0.2500000000000000000 ) ) ;
#3506 = FACE_OUTER_BOUND ( 'NONE', #439, .T. ) ;
#3507 = CARTESIAN_POINT ( 'NONE',  ( 0.02017324828170084447, 0.04870252959880150279, 0.9199218750000002220 ) ) ;
#3508 = CARTESIAN_POINT ( 'NONE',  ( -0.07069145586676647830, -0.02928135976391408463, 0.6630859375000004441 ) ) ;
#3509 = ORIENTED_EDGE ( 'NONE', *, *, #3641, .F. ) ;
#3510 = CARTESIAN_POINT ( 'NONE',  ( 0.000000000000000000, -1.493979371535143794E-17, -0.2500000000000000000 ) ) ;
#3511 = CARTESIAN_POINT ( 'NONE',  ( 0.06900000000000011680, 0.02858073580374330749, 0.5527343750000005551 ) ) ;
#3512 = CARTESIAN_POINT ( 'NONE',  ( -0.02928135976391377585, -0.07069145586676679749, 0.8876953125000001110 ) ) ;
#3513 = EDGE_CURVE ( 'NONE', #28, #1417, #2056, .T. ) ;
#3514 = ORIENTED_EDGE ( 'NONE', *, *, #5394, .T. ) ;
#3515 = CARTESIAN_POINT ( 'NONE',  ( 0.02017324828170093814, -0.04870252959880239096, -0.09179687500000020817 ) ) ;
#3516 = CARTESIAN_POINT ( 'NONE',  ( 0.05463945756007222709, 0.02266972961679090612, 0.5000000000000000000 ) ) ;
#3517 = DIRECTION ( 'NONE',  ( -0.8660254037844384856, -0.5000000000000002220, 0.000000000000000000 ) ) ;
#3518 = CARTESIAN_POINT ( 'NONE',  ( -0.1249999999999999167, -0.01945171643931417615, 0.003608439182433834276 ) ) ;
#3519 = CARTESIAN_POINT ( 'NONE',  ( 0.000000000000000000, 0.05651502959880195381, -3.702833386194479869E-18 ) ) ;
#3520 = CARTESIAN_POINT ( 'NONE',  ( -0.02017324828170095202, 0.04870252959880195381, -0.1035156250000001665 ) ) ;
#3521 = CARTESIAN_POINT ( 'NONE',  ( 0.04998640781534011840, 0.04998640781533988248, -0.2197265625000003053 ) ) ;
#3522 = CARTESIAN_POINT ( 'NONE',  ( -0.04870252959880183585, 0.02017324828170049406, 0.7675781250000003331 ) ) ;
#3523 = CARTESIAN_POINT ( 'NONE',  ( 0.03443788894025132802, 0.03443788894025099495, 0.6992187500000002220 ) ) ;
#3524 = CARTESIAN_POINT ( 'NONE',  ( -0.03443788894025155700, -0.03443788894025177211, -0.1562500000000001388 ) ) ;
#3525 = CARTESIAN_POINT ( 'NONE',  ( 0.06900000000000011680, -3.335249498770559690E-16, 0.6757812500000003331 ) ) ;
#3526 = CARTESIAN_POINT ( 'NONE',  ( -0.04879036790187171041, -0.04879036790187191164, -0.08203124999999943101 ) ) ;
#3527 = DIRECTION ( 'NONE',  ( -0.000000000000000000, 1.081356497492104437E-16, -1.000000000000000000 ) ) ;
#3528 = CARTESIAN_POINT ( 'NONE',  ( -0.02017324828170081324, 0.04870252959880150972, 0.8613281250000002220 ) ) ;
#3529 = CARTESIAN_POINT ( 'NONE',  ( -0.07069145586676647830, 0.02928135976391345319, 0.6279296875000004441 ) ) ;
#3530 = ORIENTED_EDGE ( 'NONE', *, *, #909, .T. ) ;
#3531 = CARTESIAN_POINT ( 'NONE',  ( 0.02017324828170097978, 0.04870252959880193994, -0.2363281250000001665 ) ) ;
#3532 = CARTESIAN_POINT ( 'NONE',  ( 0.000000000000000000, -1.493979371535143794E-17, -0.2500000000000000000 ) ) ;
#3533 = CARTESIAN_POINT ( 'NONE',  ( -0.07069145586676647830, -0.02928135976391408810, 0.7587890625000002220 ) ) ;
#3534 = CARTESIAN_POINT ( 'NONE',  ( 0.07069145586676647830, 0.02928135976391357462, -0.1298828124999993339 ) ) ;
#3535 = EDGE_CURVE ( 'NONE', #142, #4856, #834, .T. ) ;
#3536 = EDGE_LOOP ( 'NONE', ( #3674, #1316, #5, #1670, #1928, #1046, #1693, #977, #4351, #2124, #1485, #365, #5487, #611, #4571, #1519, #5635, #3452, #2688, #1069, #222, #786, #3746, #5709, #2797, #200, #2764, #5238, #2669 ) ) ;
#3537 = ORIENTED_EDGE ( 'NONE', *, *, #4685, .F. ) ;
#3538 = CARTESIAN_POINT ( 'NONE',  ( -0.03443788894025132108, 0.03443788894025100189, 0.7343750000000004441 ) ) ;
#3539 = CARTESIAN_POINT ( 'NONE',  ( -0.04870252959880183585, -0.02017324828170113243, 0.5214843750000004441 ) ) ;
#3540 = CARTESIAN_POINT ( 'NONE',  ( 0.03443788894025156394, 0.03443788894025134190, -0.05078125000000018041 ) ) ;
#3541 = CARTESIAN_POINT ( 'NONE',  ( 1.690012582823350771E-17, 0.06899999999999979761, 0.5273437500000005551 ) ) ;
#3542 = CARTESIAN_POINT ( 'NONE',  ( 0.1187499999999999944, -1.866279192752734294E-16, 0.000000000000000000 ) ) ;
#3543 = VERTEX_POINT ( 'NONE', #5180 ) ;
#3544 = DIRECTION ( 'NONE',  ( -0.000000000000000000, 1.081356497492104437E-16, -1.000000000000000000 ) ) ;
#3545 = FACE_OUTER_BOUND ( 'NONE', #5034, .T. ) ;
#3546 = CARTESIAN_POINT ( 'NONE',  ( -0.04870252959880216892, -2.048851926418999448E-16, -0.03515625000000015959 ) ) ;
#3547 = CARTESIAN_POINT ( 'NONE',  ( -8.657206515430192834E-18, -0.07069145586676668647, -0.2314453125000003053 ) ) ;
#3548 = CARTESIAN_POINT ( 'NONE',  ( 0.03443788894025132802, 0.03443788894025099495, 0.8203125000000003331 ) ) ;
#3549 = CARTESIAN_POINT ( 'NONE',  ( -0.02017324828170082018, -0.04870252959880215504, 0.7792968750000002220 ) ) ;
#3550 = CARTESIAN_POINT ( 'NONE',  ( 0.000000000000000000, 0.04870252959880195381, -0.1367187500000001388 ) ) ;
#3551 = CARTESIAN_POINT ( 'NONE',  ( -0.02858073580374308198, -0.06900000000000100497, 0.5410156250000005551 ) ) ;
#3552 = CARTESIAN_POINT ( 'NONE',  ( -4.698948156521593470E-15, -0.06899999999999972822, -0.1992187500000003608 ) ) ;
#3553 = CARTESIAN_POINT ( 'NONE',  ( -8.450062914116724582E-18, -0.06900000000000011680, -0.07812499999999945877 ) ) ;
#3554 = VERTEX_POINT ( 'NONE', #334 ) ;
#3555 = CARTESIAN_POINT ( 'NONE',  ( -5.964339698355189526E-18, -0.04870252959880215504, 0.7500000000000003331 ) ) ;
#3556 = ADVANCED_FACE ( 'NONE', ( #1235 ), #4255, .F. ) ;
#3557 = CARTESIAN_POINT ( 'NONE',  ( -0.07069145586676646442, -3.165212522481658049E-16, 0.6611328125000005551 ) ) ;
#3558 = CARTESIAN_POINT ( 'NONE',  ( 8.450062914116699930E-18, -0.06899999999999971434, -0.2500000000000000000 ) ) ;
#3559 = CARTESIAN_POINT ( 'NONE',  ( 0.02858073580385893722, -0.06899999999988450095, -0.1972656249999890365 ) ) ;
#3560 = CARTESIAN_POINT ( 'NONE',  ( 0.07085820600274281289, -0.1034275629874291946, 0.003602828677653679024 ) ) ;
#3561 = EDGE_CURVE ( 'NONE', #2337, #3449, #3766, .T. ) ;
#3562 = AXIS2_PLACEMENT_3D ( 'NONE', #3867, #2557, #4764 ) ;
#3563 = CARTESIAN_POINT ( 'NONE',  ( 0.02928135976391375850, -0.07069145586676682524, 0.7041015625000002220 ) ) ;
#3564 = CARTESIAN_POINT ( 'NONE',  ( 0.02928135976391375850, -0.07069145586676671422, -0.2001953124999993616 ) ) ;
#3565 = ORIENTED_EDGE ( 'NONE', *, *, #1376, .T. ) ;
#3566 = ORIENTED_EDGE ( 'NONE', *, *, #1207, .T. ) ;
#3567 = AXIS2_PLACEMENT_3D ( 'NONE', #1641, #1300, #4485 ) ;
#3568 = CARTESIAN_POINT ( 'NONE',  ( -0.02017324828170081324, 0.04870252959880150972, 0.6074218750000004441 ) ) ;
#3569 = CARTESIAN_POINT ( 'NONE',  ( 0.03443788894025132108, -0.03443788894025164721, 0.6250000000000003331 ) ) ;
#3570 = CARTESIAN_POINT ( 'NONE',  ( -0.05541463485445433795, 0.03910442326165592536, 0.5000000000000002220 ) ) ;
#3571 = CARTESIAN_POINT ( 'NONE',  ( 0.000000000000000000, -1.711591184772687368E-16, 0.8750000000000001110 ) ) ;
#3572 = AXIS2_PLACEMENT_3D ( 'NONE', #3420, #303, #4741 ) ;
#3573 = CARTESIAN_POINT ( 'NONE',  ( -0.02017324828170095202, 0.04870252959880194688, -0.2285156250000001388 ) ) ;
#3574 = CARTESIAN_POINT ( 'NONE',  ( -0.04870252959880183585, -3.178676856567033324E-16, 0.8359375000000003331 ) ) ;
#3575 = VERTEX_POINT ( 'NONE', #1866 ) ;
#3576 = CARTESIAN_POINT ( 'NONE',  ( -8.450062914116752315E-18, -0.06900000000000044986, 0.6093750000000001110 ) ) ;
#3577 = CARTESIAN_POINT ( 'NONE',  ( -0.03443788894025155700, 0.03443788894025133496, -0.2578125000000001110 ) ) ;
#3578 = VECTOR ( 'NONE', #5666, 39.37007874015748143 ) ;
#3579 = CARTESIAN_POINT ( 'NONE',  ( 0.07069145586676645054, 0.02928135976391356074, -0.2216796875000003053 ) ) ;
#3580 = EDGE_CURVE ( 'NONE', #745, #4688, #4090, .T. ) ;
#3581 = CARTESIAN_POINT ( 'NONE',  ( -0.04870252959880183585, -0.02017324828170113243, 0.8027343750000004441 ) ) ;
#3582 = CARTESIAN_POINT ( 'NONE',  ( -0.04870252959880183585, 0.02017324828170049406, 0.6777343750000003331 ) ) ;
#3583 = CARTESIAN_POINT ( 'NONE',  ( 0.04870252959880215504, -0.02017324828170119488, -0.1777343750000001388 ) ) ;
#3584 = CARTESIAN_POINT ( 'NONE',  ( -0.04870252959880216892, -2.106257245129031795E-16, -0.1289062500000001388 ) ) ;
#3585 = DIRECTION ( 'NONE',  ( 0.000000000000000000, 1.000000000000000000, 0.000000000000000000 ) ) ;
#3586 = FACE_OUTER_BOUND ( 'NONE', #5496, .T. ) ;
#3587 = CYLINDRICAL_SURFACE ( 'NONE', #2199, 0.02500000000000000486 ) ;
#3588 = CARTESIAN_POINT ( 'NONE',  ( 0.03443788894025132108, -0.03443788894025164721, 0.7539062500000002220 ) ) ;
#3589 = CARTESIAN_POINT ( 'NONE',  ( -8.657206515430192834E-18, -0.07069145586676678361, 0.6689453125000004441 ) ) ;
#3590 = EDGE_LOOP ( 'NONE', ( #2080, #5322, #5389, #1502 ) ) ;
#3591 = CARTESIAN_POINT ( 'NONE',  ( 1.690012582823350463E-17, 0.06899999999999979761, 0.7500000000000001110 ) ) ;
#3592 = CARTESIAN_POINT ( 'NONE',  ( 0.01249999999999998682, -0.1371206889325363720, 0.8640654110148560108 ) ) ;
#3593 = CARTESIAN_POINT ( 'NONE',  ( -8.450062914116724582E-18, -0.06900000000000011680, -0.1718749999999994449 ) ) ;
#3594 = EDGE_CURVE ( 'NONE', #4321, #1072, #679, .T. ) ;
#3595 = CARTESIAN_POINT ( 'NONE',  ( -0.05164439736057323954, 0.03175992791481112992, -0.2499999999999991673 ) ) ;
#3596 = CARTESIAN_POINT ( 'NONE',  ( 0.04998640781534011146, -0.04998640781534045147, 0.7373046875000001110 ) ) ;
#3597 = EDGE_LOOP ( 'NONE', ( #4747, #4182, #3754, #5505 ) ) ;
#3598 = CARTESIAN_POINT ( 'NONE',  ( 1.192867939671037905E-17, 0.04870252959880150972, 0.7304687500000003331 ) ) ;
#3599 = CARTESIAN_POINT ( 'NONE',  ( -5.964339698355189526E-18, -0.04870252959880215504, 0.5585937500000003331 ) ) ;
#3600 = CARTESIAN_POINT ( 'NONE',  ( -0.04870252959880183585, 0.02017324828170049406, 0.6113281250000004441 ) ) ;
#3601 = CARTESIAN_POINT ( 'NONE',  ( 1.690012582823350771E-17, 0.06899999999999979761, 0.5898437500000004441 ) ) ;
#3602 = CARTESIAN_POINT ( 'NONE',  ( 0.04870252959880215504, -0.02017324828170118795, -0.08789062500000022204 ) ) ;
#3603 = CARTESIAN_POINT ( 'NONE',  ( 0.01797407495146820591, 0.04685196807140329378, 0.8533124021199580689 ) ) ;
#3604 = CARTESIAN_POINT ( 'NONE',  ( 1.690012582823350463E-17, 0.06899999999999979761, 0.6250000000000000000 ) ) ;
#3605 = CARTESIAN_POINT ( 'NONE',  ( -8.450062914116752315E-18, -0.06900000000000044986, 0.5468750000000001110 ) ) ;
#3606 = ORIENTED_EDGE ( 'NONE', *, *, #2224, .F. ) ;
#3607 =( BOUNDED_CURVE ( )  B_SPLINE_CURVE ( 2, ( #5173, #2564, #732, #1229, #3001, #3933, #4799 ),
 .UNSPECIFIED., .F., .T. ) 
 B_SPLINE_CURVE_WITH_KNOTS ( ( 3, 2, 2, 3 ),
 ( 0.000000000000000000, 0.001373592192192563599, 0.002747184384385127198, 0.004120776576577690579 ),
 .UNSPECIFIED. ) 
 CURVE ( )  GEOMETRIC_REPRESENTATION_ITEM ( )  RATIONAL_B_SPLINE_CURVE ( ( 0.9999999999997507549, 0.9238795325115359836, 1.000000000000000000, 0.9238795325112867385, 1.000000000000000000, 0.9238795325112569845, 1.000000000000029754 ) ) 
 REPRESENTATION_ITEM ( '' )  );
#3608 = APPLICATION_PROTOCOL_DEFINITION ( 'draft international standard', 'automotive_design', 1998, #2566 ) ;
#3609 = B_SPLINE_CURVE_WITH_KNOTS ( 'NONE', 3,
 ( #1082, #554, #1980, #1022, #3200, #4114, #5472, #4059 ),
 .UNSPECIFIED., .F., .F.,
 ( 4, 2, 2, 4 ),
 ( 0.0003769942008442807302, 0.001851878332808215826, 0.002589320398790183157, 0.003326762464772150922 ),
 .UNSPECIFIED. ) ;
#3610 = CARTESIAN_POINT ( 'NONE',  ( 0.000000000000000000, 0.04870252959880194688, -0.2304687500000001388 ) ) ;
#3611 = CARTESIAN_POINT ( 'NONE',  ( 0.06900000000000011680, -3.335249498770560676E-16, 0.7109375000000001110 ) ) ;
#3612 = CARTESIAN_POINT ( 'NONE',  ( 0.000000000000000000, 0.07069145586676624238, -0.1533203125000003053 ) ) ;
#3613 = CARTESIAN_POINT ( 'NONE',  ( 0.04870252959880183585, -3.297963650534137407E-16, 0.7539062500000003331 ) ) ;
#3614 = CARTESIAN_POINT ( 'NONE',  ( -0.03443788894025132108, 0.03443788894025100189, 0.7382812500000003331 ) ) ;
#3615 = CARTESIAN_POINT ( 'NONE',  ( -0.04870252959880216892, -2.125392351365708915E-16, -0.1601562500000001110 ) ) ;
#3616 = CARTESIAN_POINT ( 'NONE',  ( 0.04879036790187187694, 0.04879036790187153694, 0.6796875000000004441 ) ) ;
#3617 = PRODUCT_DEFINITION_SHAPE ( 'NONE', 'NONE',  #1897 ) ;
#3618 = CARTESIAN_POINT ( 'NONE',  ( -8.450062914116752315E-18, -0.06900000000000044986, 0.6718750000000001110 ) ) ;
#3619 = CARTESIAN_POINT ( 'NONE',  ( 0.1124999999999999473, 0.07938566201357319385, 0.01093458898514393721 ) ) ;
#3620 = CARTESIAN_POINT ( 'NONE',  ( 0.02017324828170084447, 0.04870252959880150279, 0.7011718750000005551 ) ) ;
#3621 = CARTESIAN_POINT ( 'NONE',  ( 0.06249508881480389522, 0.02001537651398892573, -0.03962702508119318734 ) ) ;
#3622 = CARTESIAN_POINT ( 'NONE',  ( -0.02928135976391377585, 0.07069145586676614523, 0.7177734375000004441 ) ) ;
#3623 = CARTESIAN_POINT ( 'NONE',  ( 0.000000000000000000, 0.05651502959880195381, 8.391285335756670784E-18 ) ) ;
#3624 = CARTESIAN_POINT ( 'NONE',  ( -0.04879036790187187000, -0.04879036790187219613, 0.8515625000000004441 ) ) ;
#3625 = CARTESIAN_POINT ( 'NONE',  ( 0.1042994580772521607, -0.08412024710017305951, 0.008642187985005177209 ) ) ;
#3626 = CARTESIAN_POINT ( 'NONE',  ( -0.07069145586676647830, -0.02928135976391408810, 0.6962890625000004441 ) ) ;
#3627 = ORIENTED_EDGE ( 'NONE', *, *, #2913, .F. ) ;
#3628 = CARTESIAN_POINT ( 'NONE',  ( 0.02017324828170080284, -0.04870252959880216892, 0.7167968750000004441 ) ) ;
#3629 = CARTESIAN_POINT ( 'NONE',  ( 0.02017324828170079937, -0.04870252959880216198, 0.5292968750000003331 ) ) ;
#3630 = CARTESIAN_POINT ( 'NONE',  ( -0.03443788894025132802, -0.03443788894025164027, 0.7109375000000004441 ) ) ;
#3631 = CARTESIAN_POINT ( 'NONE',  ( -0.02858073580359998811, -0.06900000000014337720, -0.07617187499998627487 ) ) ;
#3632 = FACE_OUTER_BOUND ( 'NONE', #344, .T. ) ;
#3633 = CARTESIAN_POINT ( 'NONE',  ( -0.02928135976391377585, -0.07069145586676667259, -0.01660156249999935121 ) ) ;
#3634 = CARTESIAN_POINT ( 'NONE',  ( 0.03443788894025132802, 0.03443788894025099495, 0.8242187500000003331 ) ) ;
#3635 = ORIENTED_EDGE ( 'NONE', *, *, #767, .T. ) ;
#3636 = CARTESIAN_POINT ( 'NONE',  ( -0.04870252959880216892, -2.182797670075741262E-16, -0.2539062500000001665 ) ) ;
#3637 = CARTESIAN_POINT ( 'NONE',  ( -0.02017324828170095202, 0.04870252959880194688, -0.2324218750000001665 ) ) ;
#3638 = CARTESIAN_POINT ( 'NONE',  ( 0.04870252959880182891, 0.02017324828170050446, 0.7871093750000003331 ) ) ;
#3639 =( BOUNDED_CURVE ( )  B_SPLINE_CURVE ( 2, ( #225, #3681, #4144, #2008, #2363, #3709, #5474, #1515, #4223 ),
 .UNSPECIFIED., .F., .T. ) 
 B_SPLINE_CURVE_WITH_KNOTS ( ( 3, 2, 2, 2, 3 ),
 ( 0.04257976364891280507, 0.04395315373192316966, 0.04532654381493352730, 0.04669993389794388494, 0.04807332398095424952 ),
 .UNSPECIFIED. ) 
 CURVE ( )  GEOMETRIC_REPRESENTATION_ITEM ( )  RATIONAL_B_SPLINE_CURVE ( ( 0.9999999999995434763, 0.9238795325117432622, 1.000000000000000000, 0.9238795325112867385, 1.000000000000000000, 0.9238795325112867385, 1.000000000000000000, 0.9238795325122938218, 0.9999999999989929167 ) ) 
 REPRESENTATION_ITEM ( '' )  );
#3640 = CARTESIAN_POINT ( 'NONE',  ( 0.04870252959880183585, -3.297963650534137407E-16, 0.5390625000000002220 ) ) ;
#3641 = EDGE_CURVE ( 'NONE', #850, #3684, #1191, .T. ) ;
#3642 = CARTESIAN_POINT ( 'NONE',  ( -5.964339698355230356E-18, -0.04870252959880237709, -0.1210937500000001388 ) ) ;
#3643 = EDGE_CURVE ( 'NONE', #850, #745, #4148, .T. ) ;
#3644 = CARTESIAN_POINT ( 'NONE',  ( 0.02017324828170079937, -0.04870252959880216198, 0.8417968750000005551 ) ) ;
#3645 = CARTESIAN_POINT ( 'NONE',  ( 0.04870252959880216892, -2.294908799204091580E-16, -0.2421875000000001665 ) ) ;
#3646 = CARTESIAN_POINT ( 'NONE',  ( -0.1249999999999999029, 0.06205263022371385051, 0.01197984194321484452 ) ) ;
#3647 = VERTEX_POINT ( 'NONE', #4400 ) ;
#3648 = CARTESIAN_POINT ( 'NONE',  ( 0.07954130305497331133, -0.09841437456692422869, 0.8713802314671537097 ) ) ;
#3649 = CARTESIAN_POINT ( 'NONE',  ( -5.964339698355189526E-18, -0.04870252959880215504, 0.7812500000000003331 ) ) ;
#3650 = CARTESIAN_POINT ( 'NONE',  ( 0.02928135976391381748, 0.07069145586676611748, 0.5888671875000004441 ) ) ;
#3651 = CARTESIAN_POINT ( 'NONE',  ( -0.04879036790190276890, 0.04879036790190256073, -0.1484375000000256184 ) ) ;
#3652 = CARTESIAN_POINT ( 'NONE',  ( 0.04879036790190240808, -0.04879036790190263012, -0.1640625000000253408 ) ) ;
#3653 = CARTESIAN_POINT ( 'NONE',  ( -8.657206515430192834E-18, -0.07069145586676679749, 0.7021484375000002220 ) ) ;
#3654 = EDGE_CURVE ( 'NONE', #681, #1772, #1464, .T. ) ;
#3655 = ORIENTED_EDGE ( 'NONE', *, *, #4980, .T. ) ;
#3656 = CARTESIAN_POINT ( 'NONE',  ( 0.02017324828170084447, 0.04870252959880150279, 0.5722656250000004441 ) ) ;
#3657 = CARTESIAN_POINT ( 'NONE',  ( 0.04870252959880183585, -3.297963650534137407E-16, 0.6914062500000004441 ) ) ;
#3658 = CARTESIAN_POINT ( 'NONE',  ( 0.03649590908499198566, 0.03471081425615893390, 0.8527025295988018838 ) ) ;
#3659 = FACE_OUTER_BOUND ( 'NONE', #5436, .T. ) ;
#3660 = CARTESIAN_POINT ( 'NONE',  ( -0.02017324828170080978, 0.04870252959880150972, 0.6738281250000003331 ) ) ;
#3661 = ORIENTED_EDGE ( 'NONE', *, *, #4070, .T. ) ;
#3662 = AXIS2_PLACEMENT_3D ( 'NONE', #278, #1023, #4542 ) ;
#3663 = ADVANCED_FACE ( 'NONE', ( #995 ), #501, .F. ) ;
#3664 = CARTESIAN_POINT ( 'NONE',  ( 0.02928135976391381748, 0.07069145586676624238, -0.09277343750000031919 ) ) ;
#3665 = CARTESIAN_POINT ( 'NONE',  ( -0.04870252959880183585, -0.02017324828170113243, 0.7402343750000003331 ) ) ;
#3666 = ORIENTED_EDGE ( 'NONE', *, *, #2067, .F. ) ;
#3667 = CARTESIAN_POINT ( 'NONE',  ( 0.03443788894025132802, 0.03443788894025099495, 0.6054687500000003331 ) ) ;
#3668 = CARTESIAN_POINT ( 'NONE',  ( -8.450062914116752315E-18, -0.06900000000000044986, 0.7031250000000001110 ) ) ;
#3669 = CARTESIAN_POINT ( 'NONE',  ( 0.04870252959880215504, 0.02017324828170075079, -0.08007812500000012490 ) ) ;
#3670 = CARTESIAN_POINT ( 'NONE',  ( 1.192867939671037905E-17, 0.04870252959880150972, 0.8867187500000003331 ) ) ;
#3671 = CARTESIAN_POINT ( 'NONE',  ( -0.06900000000000069966, -2.141666394641917456E-16, -0.2070312500000006939 ) ) ;
#3672 = CARTESIAN_POINT ( 'NONE',  ( 0.04998640781534011146, -0.04998640781534035432, -0.1982421874999993339 ) ) ;
#3673 = CARTESIAN_POINT ( 'NONE',  ( -0.05034245091455451238, -0.02695470927887943027, 0.8609684906731763787 ) ) ;
#3674 = ORIENTED_EDGE ( 'NONE', *, *, #2431, .F. ) ;
#3675 = CARTESIAN_POINT ( 'NONE',  ( 1.192867939671037905E-17, 0.04870252959880150972, 0.6406250000000002220 ) ) ;
#3676 = ORIENTED_EDGE ( 'NONE', *, *, #2650, .F. ) ;
#3677 = CARTESIAN_POINT ( 'NONE',  ( 0.04870252959880182891, -0.02017324828170116019, 0.9121093750000004441 ) ) ;
#3678 = CARTESIAN_POINT ( 'NONE',  ( 0.04870252959880183585, -3.297963650534137407E-16, 0.5351562500000003331 ) ) ;
#3679 = CARTESIAN_POINT ( 'NONE',  ( -0.06900000000000014455, 0.02858073580374329709, 0.8457031250000007772 ) ) ;
#3680 = EDGE_CURVE ( 'NONE', #170, #4586, #3248, .T. ) ;
#3681 = CARTESIAN_POINT ( 'NONE',  ( -0.02858073580387524362, 0.06899999999986981825, -0.1191406249999883288 ) ) ;
#3682 = CARTESIAN_POINT ( 'NONE',  ( 0.07069145586676645054, -0.02928135976391413320, 0.5205078125000003331 ) ) ;
#3683 = CARTESIAN_POINT ( 'NONE',  ( -8.657206515430192834E-18, -0.07069145586676678361, 0.8564453125000004441 ) ) ;
#3684 = VERTEX_POINT ( 'NONE', #4486 ) ;
#3685 = CARTESIAN_POINT ( 'NONE',  ( -0.04870252959880183585, -3.178676856567033324E-16, 0.6757812500000003331 ) ) ;
#3686 = DIRECTION ( 'NONE',  ( -1.224646799147352961E-16, 1.000000000000000000, 0.000000000000000000 ) ) ;
#3687 = EDGE_CURVE ( 'NONE', #2137, #2318, #1285, .T. ) ;
#3688 = CARTESIAN_POINT ( 'NONE',  ( -0.04870252959880183585, -0.02017324828170113243, 0.6777343750000003331 ) ) ;
#3689 = DIRECTION ( 'NONE',  ( 0.000000000000000000, 0.000000000000000000, 1.000000000000000000 ) ) ;
#3690 = CARTESIAN_POINT ( 'NONE',  ( -0.06900000000000011680, -0.02858073580374393199, 0.6035156250000001110 ) ) ;
#3691 = CARTESIAN_POINT ( 'NONE',  ( 0.02017324828170080284, -0.04870252959880216892, 0.7832031250000004441 ) ) ;
#3692 = CARTESIAN_POINT ( 'NONE',  ( -0.04870252959880216198, 0.02017324828170074039, -0.1347656250000001943 ) ) ;
#3693 = CARTESIAN_POINT ( 'NONE',  ( -0.07069145586676646442, -2.083823329995214621E-16, -0.1142578125000003053 ) ) ;
#3694 = ORIENTED_EDGE ( 'NONE', *, *, #1922, .T. ) ;
#3695 = CARTESIAN_POINT ( 'NONE',  ( 0.000000000000000000, 0.06899999999999967271, -0.2187499999999994449 ) ) ;
#3696 = CARTESIAN_POINT ( 'NONE',  ( 0.03443788894025132108, -0.03443788894025164721, 0.6875000000000003331 ) ) ;
#3697 = CARTESIAN_POINT ( 'NONE',  ( -5.964339698355189526E-18, -0.04870252959880215504, 0.5937500000000003331 ) ) ;
#3698 = ADVANCED_FACE ( 'NONE', ( #1146 ), #3263, .F. ) ;
#3699 = CARTESIAN_POINT ( 'NONE',  ( 1.690012582823350771E-17, 0.06899999999999979761, 0.6210937500000005551 ) ) ;
#3700 = CARTESIAN_POINT ( 'NONE',  ( -0.02017324828170081324, 0.04870252959880150972, 0.8574218750000005551 ) ) ;
#3701 = CARTESIAN_POINT ( 'NONE',  ( 0.04870252959880216892, -2.275773692967414213E-16, -0.2109375000000001943 ) ) ;
#3702 = CARTESIAN_POINT ( 'NONE',  ( 0.07069145586676646442, -2.306001170035303583E-16, -0.1943359374999993339 ) ) ;
#3703 = CARTESIAN_POINT ( 'NONE',  ( -0.1249999999999999167, 0.05773502691896182509, 0.01093458898514383659 ) ) ;
#3704 = VERTEX_POINT ( 'NONE', #1543 ) ;
#3705 = CARTESIAN_POINT ( 'NONE',  ( -0.04870252959880183585, -3.178676856567033324E-16, 0.5859375000000003331 ) ) ;
#3706 = CARTESIAN_POINT ( 'NONE',  ( 0.07069145586676646442, -3.338356652790262245E-16, 0.5517578125000004441 ) ) ;
#3707 =( BOUNDED_CURVE ( )  B_SPLINE_CURVE ( 2, ( #2370, #3716, #232, #1989, #4123, #3208, #3744, #173, #1932 ),
 .UNSPECIFIED., .F., .T. ) 
 B_SPLINE_CURVE_WITH_KNOTS ( ( 3, 2, 2, 2, 3 ),
 ( 0.06455581573256331807, 0.06592942511121850646, 0.06730303448987368098, 0.06867664386852886937, 0.07005025324718405777 ),
 .UNSPECIFIED. ) 
 CURVE ( )  GEOMETRIC_REPRESENTATION_ITEM ( )  RATIONAL_B_SPLINE_CURVE ( ( 0.9999999999999638067, 0.9238795325113229318, 1.000000000000000000, 0.9238795325112867385, 1.000000000000000000, 0.9238795325112867385, 1.000000000000000000, 0.9238795325113089429, 0.9999999999999777955 ) ) 
 REPRESENTATION_ITEM ( '' )  );
#3708 = DIRECTION ( 'NONE',  ( 0.000000000000000000, 1.000000000000000000, 0.000000000000000000 ) ) ;
#3709 = CARTESIAN_POINT ( 'NONE',  ( -0.06900000000000121314, -0.02858073580374426853, -0.1113281250000010270 ) ) ;
#3710 = CARTESIAN_POINT ( 'NONE',  ( 1.731441303086038567E-17, 0.07069145586676614523, 0.6240234375000001110 ) ) ;
#3711 = CARTESIAN_POINT ( 'NONE',  ( 0.07069145586676645054, -0.02928135976391412626, 0.9248046875000005551 ) ) ;
#3712 = VERTEX_POINT ( 'NONE', #3735 ) ;
#3713 = CARTESIAN_POINT ( 'NONE',  ( -0.04870252959880183585, 0.02017324828170049406, 0.6113281250000004441 ) ) ;
#3714 = CARTESIAN_POINT ( 'NONE',  ( -0.05383974177837908687, 0.03266688619618084849, -0.2486270368315540713 ) ) ;
#3715 = CARTESIAN_POINT ( 'NONE',  ( -0.04870252959880183585, -0.02017324828170113243, 0.4902343750000004441 ) ) ;
#3716 = CARTESIAN_POINT ( 'NONE',  ( -0.02858073580377956668, 0.06900000000005117318, -0.05664062500003497203 ) ) ;
#3717 = EDGE_CURVE ( 'NONE', #4723, #2910, #4078, .T. ) ;
#3718 = CARTESIAN_POINT ( 'NONE',  ( -8.450062914116724582E-18, -0.06900000000000011680, -0.1406249999999994449 ) ) ;
#3719 = CARTESIAN_POINT ( 'NONE',  ( 1.192867939671037905E-17, 0.04870252959880150972, 0.7343750000000002220 ) ) ;
#3720 = CARTESIAN_POINT ( 'NONE',  ( 0.04870252959880215504, -0.02017324828170119488, -0.1777343750000001665 ) ) ;
#3721 = CARTESIAN_POINT ( 'NONE',  ( 0.04870252959880215504, -0.02017324828170118795, -0.08789062500000022204 ) ) ;
#3722 = CARTESIAN_POINT ( 'NONE',  ( -0.03443788894025155700, -0.03443788894025177905, -0.2539062500000001665 ) ) ;
#3723 = CARTESIAN_POINT ( 'NONE',  ( -0.06899999999999989475, -0.02858073580374374117, -0.2089843749999994726 ) ) ;
#3724 = CARTESIAN_POINT ( 'NONE',  ( 0.02017324828170079937, -0.04870252959880216198, 0.6542968750000003331 ) ) ;
#3725 = CARTESIAN_POINT ( 'NONE',  ( -0.04870252959880183585, -3.178676856567033324E-16, 0.6484375000000003331 ) ) ;
#3726 = CYLINDRICAL_SURFACE ( 'NONE', #342, 0.02500000000000000486 ) ;
#3727 = CARTESIAN_POINT ( 'NONE',  ( 0.04870252959880215504, 0.02017324828170074733, -0.1113281250000001249 ) ) ;
#3728 = CARTESIAN_POINT ( 'NONE',  ( -0.04870252959880183585, -0.02017324828170113243, 0.8652343750000002220 ) ) ;
#3729 = CARTESIAN_POINT ( 'NONE',  ( -0.04879036790187187000, -0.04879036790187218919, 0.7929687500000000000 ) ) ;
#3730 = CARTESIAN_POINT ( 'NONE',  ( 0.04870252959880215504, 0.02017324828170074386, -0.2089843750000001388 ) ) ;
#3731 = CARTESIAN_POINT ( 'NONE',  ( 0.04870252959880182891, -0.02017324828170116019, 0.6308593750000003331 ) ) ;
#3732 = CARTESIAN_POINT ( 'NONE',  ( -0.04998640781534011146, -0.04998640781534043759, 0.5087890625000004441 ) ) ;
#3733 = CARTESIAN_POINT ( 'NONE',  ( -2.288963069680552456E-14, 0.06899999999999965883, -0.05859374999999868855 ) ) ;
#3734 = LINE ( 'NONE', #1954, #71 ) ;
#3735 = CARTESIAN_POINT ( 'NONE',  ( -8.450062914116724582E-18, -0.06900000000000011680, -0.07812499999999945877 ) ) ;
#3736 = CARTESIAN_POINT ( 'NONE',  ( 0.04998640781534011146, -0.04998640781534045147, 0.6123046875000002220 ) ) ;
#3737 = EDGE_CURVE ( 'NONE', #3822, #4693, #5223, .T. ) ;
#3738 = CARTESIAN_POINT ( 'NONE',  ( -0.07069145586676647830, -0.02928135976391408463, 0.8818359375000004441 ) ) ;
#3739 = ORIENTED_EDGE ( 'NONE', *, *, #4233, .T. ) ;
#3740 = EDGE_CURVE ( 'NONE', #181, #3704, #1955, .T. ) ;
#3741 = CARTESIAN_POINT ( 'NONE',  ( 0.04870252959880182891, -0.02017324828170116019, 0.6582031250000003331 ) ) ;
#3742 = CARTESIAN_POINT ( 'NONE',  ( -0.1249999999999999029, -0.05773502691896542638, 0.01093458898514461548 ) ) ;
#3743 = CARTESIAN_POINT ( 'NONE',  ( 0.04870252959880183585, -3.297963650534137407E-16, 0.5664062500000004441 ) ) ;
#3744 = CARTESIAN_POINT ( 'NONE',  ( -0.04879036790191546014, -0.04879036790191567524, -0.04687500000003598510 ) ) ;
#3745 = CARTESIAN_POINT ( 'NONE',  ( 0.06900000000000011680, -3.335249498770560676E-16, 0.6796875000000001110 ) ) ;
#3746 = ORIENTED_EDGE ( 'NONE', *, *, #2322, .F. ) ;
#3747 = CARTESIAN_POINT ( 'NONE',  ( 0.04870252959880182891, -0.02017324828170116019, 0.7871093750000003331 ) ) ;
#3748 = CARTESIAN_POINT ( 'NONE',  ( 0.1249999999999999445, 3.599008215475012207E-15, 0.8713915608176138194 ) ) ;
#3749 = CARTESIAN_POINT ( 'NONE',  ( -0.04870252959880216892, -2.125392351365708915E-16, -0.1601562500000001110 ) ) ;
#3750 = CARTESIAN_POINT ( 'NONE',  ( -0.02017324828170095896, -0.04870252959880238403, -0.09570312500000018041 ) ) ;
#3751 = CARTESIAN_POINT ( 'NONE',  ( -0.02017324828170095202, 0.04870252959880194688, -0.2636718750000002220 ) ) ;
#3752 = ORIENTED_EDGE ( 'NONE', *, *, #5514, .T. ) ;
#3753 = CARTESIAN_POINT ( 'NONE',  ( 0.02017324828170079937, -0.04870252959880216198, 0.7480468750000003331 ) ) ;
#3754 = ORIENTED_EDGE ( 'NONE', *, *, #5133, .T. ) ;
#3755 = CARTESIAN_POINT ( 'NONE',  ( -0.02017324828170081324, 0.04870252959880150972, 0.5800781250000002220 ) ) ;
#3756 = CARTESIAN_POINT ( 'NONE',  ( -0.06900000000000011680, -3.166248240488225568E-16, 0.6953125000000001110 ) ) ;
#3757 = AXIS2_PLACEMENT_3D ( 'NONE', #5547, #4699, #1585 ) ;
#3758 = CARTESIAN_POINT ( 'NONE',  ( -0.004408101165411805987, -0.1404665205199150946, 0.8624615979720809955 ) ) ;
#3759 = CARTESIAN_POINT ( 'NONE',  ( 0.04870252959880182891, -0.02017324828170116019, 0.9082031250000003331 ) ) ;
#3760 = EDGE_CURVE ( 'NONE', #2524, #361, #3639, .T. ) ;
#3761 = CARTESIAN_POINT ( 'NONE',  ( -0.04870252959880216892, -0.02017324828170116713, -0.1933593750000001943 ) ) ;
#3762 = CARTESIAN_POINT ( 'NONE',  ( 0.04998640781534013228, 0.04998640781533988942, -0.09667968749999934774 ) ) ;
#3763 = CARTESIAN_POINT ( 'NONE',  ( 0.01953053322568956002, -0.05831919316626304334, 0.8653757094495606594 ) ) ;
#3764 = ORIENTED_EDGE ( 'NONE', *, *, #913, .F. ) ;
#3765 = CARTESIAN_POINT ( 'NONE',  ( -0.04870252959880183585, 0.02017324828170049406, 0.6464843750000002220 ) ) ;
#3766 = CIRCLE ( 'NONE', #3845, 0.04870252959880198851 ) ;
#3767 = CARTESIAN_POINT ( 'NONE',  ( -0.02928135976391377585, 0.07069145586676614523, 0.5615234375000004441 ) ) ;
#3768 = CARTESIAN_POINT ( 'NONE',  ( 0.04870252959880216892, -2.160963055547349765E-16, -0.02343750000000018388 ) ) ;
#3769 = CARTESIAN_POINT ( 'NONE',  ( -0.1250000000000000000, 0.06205369239500916484, 0.8630199009146600764 ) ) ;
#3770 = CARTESIAN_POINT ( 'NONE',  ( -0.02928135976391377585, -0.07069145586676679749, 0.5439453125000002220 ) ) ;
#3771 = CARTESIAN_POINT ( 'NONE',  ( 0.1249999999999999584, -0.03869027165535289525, 0.8686759751102465232 ) ) ;
#3772 = CARTESIAN_POINT ( 'NONE',  ( -0.02017324828170081324, 0.04870252959880150972, 0.4824218750000004441 ) ) ;
#3773 = EDGE_LOOP ( 'NONE', ( #2372, #3752, #3877, #1494 ) ) ;
#3774 = CARTESIAN_POINT ( 'NONE',  ( -0.04870252959880183585, -3.178676856567033324E-16, 0.6445312500000004441 ) ) ;
#3775 = CARTESIAN_POINT ( 'NONE',  ( -0.1124999999999998779, -0.07938566201357385999, 0.8640654110148560108 ) ) ;
#3776 = CARTESIAN_POINT ( 'NONE',  ( -0.03443788894025132802, -0.03443788894025164027, 0.5546875000000004441 ) ) ;
#3777 = CARTESIAN_POINT ( 'NONE',  ( -0.02858073580374388689, 0.06899999999999953393, 0.6230468750000006661 ) ) ;
#3778 = CARTESIAN_POINT ( 'NONE',  ( -0.02017324828170082018, -0.04870252959880215504, 0.5917968750000003331 ) ) ;
#3779 = CARTESIAN_POINT ( 'NONE',  ( -0.02017324828170095202, 0.04870252959880195381, -0.1347656250000001388 ) ) ;
#3780 = CARTESIAN_POINT ( 'NONE',  ( -0.03443788894025155700, 0.03443788894025134883, -0.1367187500000001943 ) ) ;
#3781 = CARTESIAN_POINT ( 'NONE',  ( -0.04879036790187169653, 0.04879036790187150224, -0.1523437499999994449 ) ) ;
#3782 = VERTEX_POINT ( 'NONE', #3289 ) ;
#3783 = ORIENTED_EDGE ( 'NONE', *, *, #3654, .F. ) ;
#3784 = CARTESIAN_POINT ( 'NONE',  ( -0.04870252959880183585, -3.178676856567033324E-16, 0.4921875000000003331 ) ) ;
#3785 = CARTESIAN_POINT ( 'NONE',  ( 8.450062914116729204E-18, -0.06899999999999996414, -0.2500000000000000000 ) ) ;
#3786 = CARTESIAN_POINT ( 'NONE',  ( 0.04870252959880215504, 0.001530538652158641884, -0.01938306695762369303 ) ) ;
#3787 = CARTESIAN_POINT ( 'NONE',  ( 0.04870252959880183585, -3.297963650534137407E-16, 0.7226562500000004441 ) ) ;
#3788 = CARTESIAN_POINT ( 'NONE',  ( -5.964339698355230356E-18, -0.04870252959880239096, -0.2187500000000001943 ) ) ;
#3789 = CARTESIAN_POINT ( 'NONE',  ( 0.07069145586676645054, -0.02928135976391401871, -0.07128906249999933387 ) ) ;
#3790 = CARTESIAN_POINT ( 'NONE',  ( -0.02665219011391051218, -0.05311404557316254382, 0.8628909288348938222 ) ) ;
#3791 = CARTESIAN_POINT ( 'NONE',  ( -0.02017324828170081324, 0.04870252959880150972, 0.5800781250000002220 ) ) ;
#3792 = CARTESIAN_POINT ( 'NONE',  ( 0.02017324828170079937, -0.04870252959880216198, 0.8144531250000003331 ) ) ;
#3793 =( BOUNDED_SURFACE ( )  B_SPLINE_SURFACE ( 1, 2, ( 
 ( #1441, #2375, #3577, #592, #3636, #2740, #4501, #2288, #150, #3244, #4043, #3160, #2346, #5344, #5370, #102, #3610, #917, #1905, #2824, #5398, #1937, #1418, #4441, #4984, #3188, #2255, #541, #2319, #1879, #4127, #4955, #5098, #5043, #1156, #5569, #1128, #287, #4180, #2933, #5071, #1607, #5513, #3720, #2459, #1580, #1992, #4261, #2076, #5132, #2019, #2906, #3749, #1098, #1186, #4613, #2964, #2492, #1067, #1557, #4204, #650, #4695, #4642, #677, #3779, #5544, #742, #2520, #311, #3828, #621, #5597, #1634, #5014, #2852, #2408, #4154, #209, #5485, #888, #3520, #1734, #4010, #4442, #2256, #2679, #1303, #2648, #2143, #3898, #2617, #66, #3129, #3049, #37, #5228, #3467, #1278, #482, #3076, #2588, #1789, #4792, #5670, #426, #4819, #835, #4357, #1819, #1329, #1359, #3957, #5197, #2171, #3019, #3546, #3925, #5697, #5255, #3497, #4383, #3982, #863, #5282, #2201, #3102 ),
 ( #4843, #9, #454, #1760, #4414, #2230, #5312, #4871, #2712, #123, #174, #1538, #3308, #2947, #176, #1387, #2695, #1948, #1044, #4402, #1807, #157, #4429, #188, #5330, #3564, #3672, #2807, #3702, #5434, #1015, #1379, #2219, #1973, #599, #3225, #632, #2833, #4992, #5464, #4965, #1508, #4561, #4535, #1534, #5494, #5055, #3282, #577, #3254, #1776, #1347, #2357, #2667, #2418, #4108, #218, #2385, #906, #3973, #25, #3534, #3117, #1646, #3336, #5526, #2057, #724, #244, #5143, #1567, #4189, #1167, #2002, #2116, #3812, #5112, #3364, #3762, #5578, #5082, #4242, #3868, #2470, #3386, #5643, #690, #1138, #3837, #1199, #2031, #3789, #2973, #4708, #751, #2529, #321, #5610, #3413, #2447, #5497, #2505, #1975, #5528, #2033, #693, #4272, #323, #2472, #4595, #4215, #3839, #5400, #4698, #211, #772, #2607, #4349, #3184, #3633, #1847, #2225, #1935, #2405, #1282, #2652, #5221 ) ),
 .UNSPECIFIED., .F., .F., .T. ) 
 B_SPLINE_SURFACE_WITH_KNOTS ( ( 2, 2 ),
 ( 3, 2, 2, 2, 2, 2, 2, 2, 2, 2, 2, 2, 2, 2, 2, 2, 2, 2, 2, 2, 2, 2, 2, 2, 2, 2, 2, 2, 2, 2, 2, 2, 2, 2, 2, 2, 2, 2, 2, 2, 2, 2, 2, 2, 2, 2, 2, 2, 2, 2, 2, 2, 2, 2, 2, 2, 2, 2, 2, 2, 2, 2, 2, 3 ),
 ( 0.000000000000000000, 1.000000000000000000 ),
 ( 0.000000000000000000, 0.01562500000000000000, 0.03125000000000000000, 0.04687500000000000000, 0.06250000000000000000, 0.07812500000000000000, 0.09375000000000000000, 0.1093750000000000000, 0.1250000000000000000, 0.1406250000000000000, 0.1562500000000000000, 0.1718750000000000000, 0.1875000000000000000, 0.2031250000000000000, 0.2187500000000000000, 0.2343750000000000000, 0.2500000000000000000, 0.2656250000000000000, 0.2812500000000000000, 0.2968750000000000000, 0.3125000000000000000, 0.3281250000000000000, 0.3437500000000000000, 0.3593750000000000000, 0.3750000000000000000, 0.3906250000000000000, 0.4062500000000000000, 0.4218750000000000000, 0.4375000000000000000, 0.4531250000000000000, 0.4687500000000000000, 0.4843750000000000000, 0.5000000000000000000, 0.5156250000000000000, 0.5312500000000000000, 0.5468750000000000000, 0.5625000000000000000, 0.5781250000000000000, 0.5937500000000000000, 0.6093750000000000000, 0.6250000000000000000, 0.6406250000000000000, 0.6562500000000000000, 0.6718750000000000000, 0.6875000000000000000, 0.7031250000000000000, 0.7187500000000000000, 0.7343750000000000000, 0.7500000000000000000, 0.7656250000000000000, 0.7812500000000000000, 0.7968750000000000000, 0.8125000000000000000, 0.8281250000000000000, 0.8437500000000000000, 0.8593750000000000000, 0.8750000000000000000, 0.8906250000000000000, 0.9062500000000000000, 0.9218750000000000000, 0.9375000000000000000, 0.9531250000000000000, 0.9687500000000000000, 0.9700255507214607942 ),
 .UNSPECIFIED. ) 
 GEOMETRIC_REPRESENTATION_ITEM ( )  RATIONAL_B_SPLINE_SURFACE ( (
 ( 1.000000000000000000, 0.9238795325112867385, 1.000000000000000000, 0.9238795325112867385, 1.000000000000000000, 0.9238795325112867385, 1.000000000000000000, 0.9238795325112867385, 1.000000000000000000, 0.9238795325112867385, 1.000000000000000000, 0.9238795325112867385, 1.000000000000000000, 0.9238795325112867385, 1.000000000000000000, 0.9238795325112867385, 1.000000000000000000, 0.9238795325112867385, 1.000000000000000000, 0.9238795325112867385, 1.000000000000000000, 0.9238795325112867385, 1.000000000000000000, 0.9238795325112867385, 1.000000000000000000, 0.9238795325112867385, 1.000000000000000000, 0.9238795325112867385, 1.000000000000000000, 0.9238795325112867385, 1.000000000000000000, 0.9238795325112867385, 1.000000000000000000, 0.9238795325112867385, 1.000000000000000000, 0.9238795325112867385, 1.000000000000000000, 0.9238795325112867385, 1.000000000000000000, 0.9238795325112867385, 1.000000000000000000, 0.9238795325112867385, 1.000000000000000000, 0.9238795325112867385, 1.000000000000000000, 0.9238795325112867385, 1.000000000000000000, 0.9238795325112867385, 1.000000000000000000, 0.9238795325112867385, 1.000000000000000000, 0.9238795325112867385, 1.000000000000000000, 0.9238795325112867385, 1.000000000000000000, 0.9238795325112867385, 1.000000000000000000, 0.9238795325112867385, 1.000000000000000000, 0.9238795325112867385, 1.000000000000000000, 0.9238795325112867385, 1.000000000000000000, 0.9238795325112867385, 1.000000000000000000, 0.9238795325112867385, 1.000000000000000000, 0.9238795325112867385, 1.000000000000000000, 0.9238795325112867385, 1.000000000000000000, 0.9238795325112867385, 1.000000000000000000, 0.9238795325112867385, 1.000000000000000000, 0.9238795325112867385, 1.000000000000000000, 0.9238795325112867385, 1.000000000000000000, 0.9238795325112867385, 1.000000000000000000, 0.9238795325112867385, 1.000000000000000000, 0.9238795325112867385, 1.000000000000000000, 0.9238795325112867385, 1.000000000000000000, 0.9238795325112867385, 1.000000000000000000, 0.9238795325112867385, 1.000000000000000000, 0.9238795325112867385, 1.000000000000000000, 0.9238795325112867385, 1.000000000000000000, 0.9238795325112867385, 1.000000000000000000, 0.9238795325112867385, 1.000000000000000000, 0.9238795325112867385, 1.000000000000000000, 0.9238795325112867385, 1.000000000000000000, 0.9238795325112867385, 1.000000000000000000, 0.9238795325112867385, 1.000000000000000000, 0.9238795325112867385, 1.000000000000000000, 0.9238795325112867385, 1.000000000000000000, 0.9238795325112867385, 1.000000000000000000, 0.9238795325112867385, 1.000000000000000000, 0.9238795325112867385, 1.000000000000000000, 0.9238795325112867385, 1.000000000000000000, 0.9238795325112867385, 1.000000000000000000, 0.9238795325112867385, 1.000000000000000000, 0.9238795325112867385, 1.000000000000000000, 0.9937858868977176297, 0.9885863551011447869),
 ( 1.000000000000000000, 0.9238795325112867385, 1.000000000000000000, 0.9238795325112867385, 1.000000000000000000, 0.9238795325112867385, 1.000000000000000000, 0.9238795325112867385, 1.000000000000000000, 0.9238795325112867385, 1.000000000000000000, 0.9238795325112867385, 1.000000000000000000, 0.9238795325112867385, 1.000000000000000000, 0.9238795325112867385, 1.000000000000000000, 0.9238795325112867385, 1.000000000000000000, 0.9238795325112867385, 1.000000000000000000, 0.9238795325112867385, 1.000000000000000000, 0.9238795325112867385, 1.000000000000000000, 0.9238795325112867385, 1.000000000000000000, 0.9238795325112867385, 1.000000000000000000, 0.9238795325112867385, 1.000000000000000000, 0.9238795325112867385, 1.000000000000000000, 0.9238795325112867385, 1.000000000000000000, 0.9238795325112867385, 1.000000000000000000, 0.9238795325112867385, 1.000000000000000000, 0.9238795325112867385, 1.000000000000000000, 0.9238795325112867385, 1.000000000000000000, 0.9238795325112867385, 1.000000000000000000, 0.9238795325112867385, 1.000000000000000000, 0.9238795325112867385, 1.000000000000000000, 0.9238795325112867385, 1.000000000000000000, 0.9238795325112867385, 1.000000000000000000, 0.9238795325112867385, 1.000000000000000000, 0.9238795325112867385, 1.000000000000000000, 0.9238795325112867385, 1.000000000000000000, 0.9238795325112867385, 1.000000000000000000, 0.9238795325112867385, 1.000000000000000000, 0.9238795325112867385, 1.000000000000000000, 0.9238795325112867385, 1.000000000000000000, 0.9238795325112867385, 1.000000000000000000, 0.9238795325112867385, 1.000000000000000000, 0.9238795325112867385, 1.000000000000000000, 0.9238795325112867385, 1.000000000000000000, 0.9238795325112867385, 1.000000000000000000, 0.9238795325112867385, 1.000000000000000000, 0.9238795325112867385, 1.000000000000000000, 0.9238795325112867385, 1.000000000000000000, 0.9238795325112867385, 1.000000000000000000, 0.9238795325112867385, 1.000000000000000000, 0.9238795325112867385, 1.000000000000000000, 0.9238795325112867385, 1.000000000000000000, 0.9238795325112867385, 1.000000000000000000, 0.9238795325112867385, 1.000000000000000000, 0.9238795325112867385, 1.000000000000000000, 0.9238795325112867385, 1.000000000000000000, 0.9238795325112867385, 1.000000000000000000, 0.9238795325112867385, 1.000000000000000000, 0.9238795325112867385, 1.000000000000000000, 0.9238795325112867385, 1.000000000000000000, 0.9238795325112867385, 1.000000000000000000, 0.9238795325112867385, 1.000000000000000000, 0.9238795325112867385, 1.000000000000000000, 0.9238795325112867385, 1.000000000000000000, 0.9238795325112867385, 1.000000000000000000, 0.9238795325112867385, 1.000000000000000000, 0.9238795325112867385, 1.000000000000000000, 0.9238795325112867385, 1.000000000000000000, 0.9238795325112867385, 1.000000000000000000, 0.9937858868977176297, 0.9885863551011447869) ) ) 
 REPRESENTATION_ITEM ( '' )  SURFACE ( )  );
#3794 = CARTESIAN_POINT ( 'NONE',  ( -0.03443788894025155700, -0.03443788894025176517, -0.06640625000000019429 ) ) ;
#3795 = DIRECTION ( 'NONE',  ( -0.000000000000000000, 1.081356497492104437E-16, -1.000000000000000000 ) ) ;
#3796 = DIRECTION ( 'NONE',  ( 0.000000000000000000, 1.000000000000000000, 0.000000000000000000 ) ) ;
#3797 = CARTESIAN_POINT ( 'NONE',  ( -0.02928135976391377585, 0.07069145586676615911, 0.6259765625000002220 ) ) ;
#3798 = CARTESIAN_POINT ( 'NONE',  ( 0.02928135976391381748, 0.07069145586676611748, 0.8701171875000005551 ) ) ;
#3799 = ORIENTED_EDGE ( 'NONE', *, *, #1852, .T. ) ;
#3800 = CARTESIAN_POINT ( 'NONE',  ( 0.02017324828170080284, -0.04870252959880216892, 0.6230468750000003331 ) ) ;
#3801 = CARTESIAN_POINT ( 'NONE',  ( 0.004367932116415404811, 0.1404735710204075005, 0.01254174817448588074 ) ) ;
#3802 = CARTESIAN_POINT ( 'NONE',  ( 0.07069145586676645054, -0.02928135976391413320, 0.8955078125000004441 ) ) ;
#3803 = FACE_OUTER_BOUND ( 'NONE', #4834, .T. ) ;
#3804 = CARTESIAN_POINT ( 'NONE',  ( 0.02017324828170084447, 0.04870252959880150279, 0.6386718750000002220 ) ) ;
#3805 = CARTESIAN_POINT ( 'NONE',  ( -0.04870252959880216198, -0.02017324828170116366, -0.1933593750000001665 ) ) ;
#3806 = DIRECTION ( 'NONE',  ( -0.000000000000000000, 1.081356497492104437E-16, -1.000000000000000000 ) ) ;
#3807 = CARTESIAN_POINT ( 'NONE',  ( 0.008827722415974270306, -0.06900000000006416279, -0.04236548892719049775 ) ) ;
#3808 = DIRECTION ( 'NONE',  ( -0.000000000000000000, 1.081356497492104437E-16, -1.000000000000000000 ) ) ;
#3809 = CARTESIAN_POINT ( 'NONE',  ( -0.04870252959880216892, -2.067987032655676814E-16, -0.06640625000000013878 ) ) ;
#3810 = CARTESIAN_POINT ( 'NONE',  ( -0.02017324828170081324, 0.04870252959880150972, 0.7949218750000003331 ) ) ;
#3811 = CARTESIAN_POINT ( 'NONE',  ( -0.04870252959880216892, -2.108649133408616219E-16, -0.1328125000000001943 ) ) ;
#3812 = CARTESIAN_POINT ( 'NONE',  ( 0.07069145586676645054, -0.02928135976391402565, -0.1025390624999993339 ) ) ;
#3813 = CARTESIAN_POINT ( 'NONE',  ( 0.000000000000000000, -1.493979371535143794E-17, -0.2500000000000000000 ) ) ;
#3814 = CARTESIAN_POINT ( 'NONE',  ( 0.03443788894025132802, 0.03443788894025099495, 0.5117187500000002220 ) ) ;
#3815 = CARTESIAN_POINT ( 'NONE',  ( -0.04870252959880183585, -3.178676856567033324E-16, 0.8359375000000003331 ) ) ;
#3816 = CARTESIAN_POINT ( 'NONE',  ( 0.1249999999999999445, 0.05773502691896201244, 0.01093458898514389904 ) ) ;
#3817 = CARTESIAN_POINT ( 'NONE',  ( -0.06900000000000011680, -3.166248240488225568E-16, 0.7578125000000000000 ) ) ;
#3818 = CARTESIAN_POINT ( 'NONE',  ( 0.000000000000000000, -1.351695621865133782E-17, 0.8730000000000001092 ) ) ;
#3819 = CARTESIAN_POINT ( 'NONE',  ( -8.450062914116679900E-18, -0.06899999999999974210, -0.04296875000000003469 ) ) ;
#3820 =( BOUNDED_CURVE ( )  B_SPLINE_CURVE ( 2, ( #1453, #1887, #5405, #4053, #492, #75, #3526, #1335, #3553 ),
 .UNSPECIFIED., .F., .T. ) 
 B_SPLINE_CURVE_WITH_KNOTS ( ( 3, 2, 2, 2, 3 ),
 ( 0.6250000000000000000, 0.6406250000000000000, 0.6562500000000000000, 0.6718750000000000000, 0.6875000000000000000 ),
 .UNSPECIFIED. ) 
 CURVE ( )  GEOMETRIC_REPRESENTATION_ITEM ( )  RATIONAL_B_SPLINE_CURVE ( ( 1.000000000000000000, 0.9238795325112867385, 1.000000000000000000, 0.9238795325112867385, 1.000000000000000000, 0.9238795325112867385, 1.000000000000000000, 0.9238795325112867385, 1.000000000000000000 ) ) 
 REPRESENTATION_ITEM ( '' )  );
#3821 = CARTESIAN_POINT ( 'NONE',  ( -0.02928135976391377585, -0.07069145586676678361, 0.7607421875000005551 ) ) ;
#3822 = VERTEX_POINT ( 'NONE', #701 ) ;
#3823 = CARTESIAN_POINT ( 'NONE',  ( 0.07933780035167192768, 0.09853186690745549536, 0.8707252379844550028 ) ) ;
#3824 = CARTESIAN_POINT ( 'NONE',  ( 1.192867939671037905E-17, 0.04870252959880150972, 0.5117187500000004441 ) ) ;
#3825 = CARTESIAN_POINT ( 'NONE',  ( -0.04768860257899643074, 0.02909560737781910489, -0.03395330559768847123 ) ) ;
#3826 = EDGE_CURVE ( 'NONE', #5125, #306, #2479, .T. ) ;
#3827 = CARTESIAN_POINT ( 'NONE',  ( 0.03443788894025132108, -0.03443788894025164721, 0.5976562500000002220 ) ) ;
#3828 = CARTESIAN_POINT ( 'NONE',  ( -0.03443788894025155700, -0.03443788894025177211, -0.1250000000000001388 ) ) ;
#3829 = CARTESIAN_POINT ( 'NONE',  ( -0.02017324828170095896, -0.04870252959880238403, -0.1582031250000001665 ) ) ;
#3830 = DIRECTION ( 'NONE',  ( 0.8660254037844384856, -0.5000000000000001110, 0.000000000000000000 ) ) ;
#3831 = ORIENTED_EDGE ( 'NONE', *, *, #4249, .F. ) ;
#3832 = CARTESIAN_POINT ( 'NONE',  ( -0.02017324828170082018, -0.04870252959880215504, 0.4980468750000003331 ) ) ;
#3833 = CARTESIAN_POINT ( 'NONE',  ( 0.000000000000000000, 0.06899999999999965883, -0.1523437500000002498 ) ) ;
#3834 = AXIS2_PLACEMENT_3D ( 'NONE', #4151, #1125, #1553 ) ;
#3835 = CARTESIAN_POINT ( 'NONE',  ( -0.02017324828170082018, -0.04870252959880215504, 0.7441406250000004441 ) ) ;
#3836 = CARTESIAN_POINT ( 'NONE',  ( -0.04870252959880216892, 0.02017324828170074386, -0.07226562500000022204 ) ) ;
#3837 = CARTESIAN_POINT ( 'NONE',  ( -8.657206515430192834E-18, -0.07069145586676668647, -0.07714843749999934774 ) ) ;
#3838 = DIRECTION ( 'NONE',  ( -0.000000000000000000, 1.081356497492104437E-16, -1.000000000000000000 ) ) ;
#3839 = CARTESIAN_POINT ( 'NONE',  ( 0.02928135976391382442, 0.07069145586676625626, -0.03222656249999933387 ) ) ;
#3840 = CARTESIAN_POINT ( 'NONE',  ( -0.03443788894025132108, 0.03443788894025100189, 0.5507812500000002220 ) ) ;
#3841 = CARTESIAN_POINT ( 'NONE',  ( -5.964339698355189526E-18, -0.04870252959880215504, 0.8437500000000002220 ) ) ;
#3842 = CARTESIAN_POINT ( 'NONE',  ( 0.06900000000000723610, -2.262829887332574677E-16, -0.1289062500000044964 ) ) ;
#3843 = CARTESIAN_POINT ( 'NONE',  ( 0.04870252959880216892, -2.180098161784027378E-16, -0.05468750000000019429 ) ) ;
#3844 = FACE_OUTER_BOUND ( 'NONE', #5629, .T. ) ;
#3845 = AXIS2_PLACEMENT_3D ( 'NONE', #413, #3943, #2243 ) ;
#3846 = CARTESIAN_POINT ( 'NONE',  ( -8.657206515430192834E-18, -0.07069145586676679749, 0.5146484375000002220 ) ) ;
#3847 = CARTESIAN_POINT ( 'NONE',  ( -0.02017324828170081324, 0.04870252959880150972, 0.8925781250000002220 ) ) ;
#3848 = CARTESIAN_POINT ( 'NONE',  ( -0.07069145586676647830, 0.02928135976391345319, 0.7841796875000004441 ) ) ;
#3849 = ORIENTED_EDGE ( 'NONE', *, *, #5147, .F. ) ;
#3850 = VECTOR ( 'NONE', #815, 39.37007874015748854 ) ;
#3851 = CARTESIAN_POINT ( 'NONE',  ( 0.05950210699355061583, -0.03493564459585668525, -0.04171874999999990175 ) ) ;
#3852 = CARTESIAN_POINT ( 'NONE',  ( -0.02928135976391377585, 0.07069145586676615911, 0.7822265625000002220 ) ) ;
#3853 = CARTESIAN_POINT ( 'NONE',  ( -0.07933780035167187217, 0.09853186690745542597, 0.004274762015545154233 ) ) ;
#3854 =( BOUNDED_CURVE ( )  B_SPLINE_CURVE ( 2, ( #74, #924, #3137, #987, #3671, #4107, #548, #463, #3552 ),
 .UNSPECIFIED., .F., .T. ) 
 B_SPLINE_CURVE_WITH_KNOTS ( ( 3, 2, 2, 2, 3 ),
 ( 0.009614233824519534052, 0.01098793358930309945, 0.01236163335408666658, 0.01373533311887023198, 0.01510903288365379737 ),
 .UNSPECIFIED. ) 
 CURVE ( )  GEOMETRIC_REPRESENTATION_ITEM ( )  RATIONAL_B_SPLINE_CURVE ( ( 1.000000000001554312, 0.9238795325097324262, 1.000000000000000000, 0.9238795325112867385, 1.000000000000000000, 0.9238795325112867385, 1.000000000000000000, 0.9238795325108848377, 1.000000000000401901 ) ) 
 REPRESENTATION_ITEM ( '' )  );
#3855 = ORIENTED_EDGE ( 'NONE', *, *, #4928, .T. ) ;
#3856 = ORIENTED_EDGE ( 'NONE', *, *, #997, .T. ) ;
#3857 = B_SPLINE_CURVE_WITH_KNOTS ( 'NONE', 3,
 ( #3344, #2871, #1924, #640, #5501, #4602 ),
 .UNSPECIFIED., .F., .F.,
 ( 4, 2, 4 ),
 ( 0.000000000000000000, 0.0003339356863370964161, 0.0006678713726741928322 ),
 .UNSPECIFIED. ) ;
#3858 = CARTESIAN_POINT ( 'NONE',  ( 0.04870252959880182891, -0.02017324828170116019, 0.5996093750000003331 ) ) ;
#3859 = CARTESIAN_POINT ( 'NONE',  ( 0.04870252959880182891, -0.02017324828170116019, 0.8457031250000002220 ) ) ;
#3860 = EDGE_CURVE ( 'NONE', #4688, #3147, #3857, .T. ) ;
#3861 = CARTESIAN_POINT ( 'NONE',  ( -0.04870252959880216892, -2.146919345881970953E-16, -0.1953125000000001665 ) ) ;
#3862 = LINE ( 'NONE', #291, #4030 ) ;
#3863 = CARTESIAN_POINT ( 'NONE',  ( -0.02858073580374294320, -0.06900000000000111600, 0.7285156250000005551 ) ) ;
#3864 = CARTESIAN_POINT ( 'NONE',  ( 0.06900000000000122702, 0.02858073580374387648, -0.09570312500000102696 ) ) ;
#3865 = CARTESIAN_POINT ( 'NONE',  ( 0.02017324828170093814, -0.04870252959880238403, -0.02539062500000014572 ) ) ;
#3866 = CARTESIAN_POINT ( 'NONE',  ( -0.04870252959880183585, 0.02017324828170049406, 0.7675781250000003331 ) ) ;
#3867 = CARTESIAN_POINT ( 'NONE',  ( 0.000000000000000000, -1.493979371535143794E-17, -0.2500000000000000000 ) ) ;
#3868 = CARTESIAN_POINT ( 'NONE',  ( -0.04998640781534011146, 0.04998640781533991023, -0.08886718749999934774 ) ) ;
#3869 = CARTESIAN_POINT ( 'NONE',  ( 0.000000000000000000, 0.07069145586676624238, -0.2470703125000003053 ) ) ;
#3870 = CARTESIAN_POINT ( 'NONE',  ( 0.03443788894025132108, -0.03443788894025164721, 0.9062500000000003331 ) ) ;
#3871 = CARTESIAN_POINT ( 'NONE',  ( -5.964339698355189526E-18, -0.04870252959880215504, 0.8125000000000003331 ) ) ;
#3872 = CARTESIAN_POINT ( 'NONE',  ( 0.06899999999999989475, 0.02858073580374331096, -0.1933593749999994449 ) ) ;
#3873 = CARTESIAN_POINT ( 'NONE',  ( -0.03443788894025155700, -0.03443788894025176517, -0.03515625000000019429 ) ) ;
#3874 = CARTESIAN_POINT ( 'NONE',  ( -0.1249999999999999167, 0.009710348252133616659, 0.003608439182435716017 ) ) ;
#3875 = FACE_OUTER_BOUND ( 'NONE', #1089, .T. ) ;
#3876 = CARTESIAN_POINT ( 'NONE',  ( 0.000000000000000000, -1.707404996040164512E-16, 0.000000000000000000 ) ) ;
#3877 = ORIENTED_EDGE ( 'NONE', *, *, #5059, .T. ) ;
#3878 = CARTESIAN_POINT ( 'NONE',  ( 0.02017324828170079937, -0.04870252959880216198, 0.8457031250000004441 ) ) ;
#3879 = CARTESIAN_POINT ( 'NONE',  ( 0.07069145586676645054, -0.02928135976391412626, 0.7373046875000005551 ) ) ;
#3880 = ORIENTED_EDGE ( 'NONE', *, *, #2304, .T. ) ;
#3881 = CARTESIAN_POINT ( 'NONE',  ( 0.04879036790187187000, -0.04879036790187220307, 0.5468750000000005551 ) ) ;
#3882 = CARTESIAN_POINT ( 'NONE',  ( 0.07069145586676646442, -3.338356652790262245E-16, 0.8349609375000002220 ) ) ;
#3883 = CYLINDRICAL_SURFACE ( 'NONE', #2094, 0.06899999999999993638 ) ;
#3884 = EDGE_CURVE ( 'NONE', #337, #1487, #4974, .T. ) ;
#3885 = ORIENTED_EDGE ( 'NONE', *, *, #1053, .T. ) ;
#3886 = ORIENTED_EDGE ( 'NONE', *, *, #27, .T. ) ;
#3887 = CARTESIAN_POINT ( 'NONE',  ( 0.03443788894025132802, 0.03443788894025099495, 0.5742187500000003331 ) ) ;
#3888 = CARTESIAN_POINT ( 'NONE',  ( 0.04870252959880183585, -3.297963650534137407E-16, 0.8164062500000003331 ) ) ;
#3889 = EDGE_CURVE ( 'NONE', #1751, #1087, #1184, .T. ) ;
#3890 = CARTESIAN_POINT ( 'NONE',  ( 0.000000000000000000, 0.04870252959880195381, -0.1718750000000001943 ) ) ;
#3891 = CARTESIAN_POINT ( 'NONE',  ( -8.450062914116752315E-18, -0.06900000000000044986, 0.5156250000000002220 ) ) ;
#3892 = ORIENTED_EDGE ( 'NONE', *, *, #2982, .F. ) ;
#3893 = EDGE_LOOP ( 'NONE', ( #1560, #2164, #4285, #5265, #159, #5503 ) ) ;
#3894 = CARTESIAN_POINT ( 'NONE',  ( -8.450062914116752315E-18, -0.06900000000000044986, 0.7343750000000001110 ) ) ;
#3895 = CARTESIAN_POINT ( 'NONE',  ( 0.04870252959880182891, -0.02017324828170061896, 0.5019531250000003331 ) ) ;
#3896 = CARTESIAN_POINT ( 'NONE',  ( -0.04870252959880183585, -3.178676856567033324E-16, 0.7382812500000003331 ) ) ;
#3897 = CARTESIAN_POINT ( 'NONE',  ( 0.1162400740127034482, 0.07722632927554978766, 0.8630199009146600764 ) ) ;
#3898 = CARTESIAN_POINT ( 'NONE',  ( 0.03443788894025155700, -0.03443788894025177211, -0.08593750000000013878 ) ) ;
#3899 = CARTESIAN_POINT ( 'NONE',  ( 0.02928135976391375503, -0.07069145586676671422, -0.2607421875000002776 ) ) ;
#3900 = CARTESIAN_POINT ( 'NONE',  ( 1.192867939671037905E-17, 0.04870252959880150972, 0.5468750000000003331 ) ) ;
#3901 = CARTESIAN_POINT ( 'NONE',  ( -0.04870252959880183585, -0.02017324828170113243, 0.9003906250000005551 ) ) ;
#3902 = CARTESIAN_POINT ( 'NONE',  ( -0.04870252959880216198, 0.02017324828170073345, -0.1933593750000001110 ) ) ;
#3903 = CARTESIAN_POINT ( 'NONE',  ( -8.450062914116752315E-18, -0.06900000000000044986, 0.7656250000000001110 ) ) ;
#3904 = CARTESIAN_POINT ( 'NONE',  ( 0.06900000000000010292, -0.02858073580374397363, 0.5839843750000001110 ) ) ;
#3905 = CARTESIAN_POINT ( 'NONE',  ( 0.1249999999999999584, -0.05773502691896537781, 0.01093458898514463977 ) ) ;
#3906 = CARTESIAN_POINT ( 'NONE',  ( -5.964339698355189526E-18, -0.04870252959880215504, 0.8437500000000002220 ) ) ;
#3907 = CARTESIAN_POINT ( 'NONE',  ( 0.07069145586676646442, -3.338356652790262245E-16, 0.7705078125000004441 ) ) ;
#3908 = ORIENTED_EDGE ( 'NONE', *, *, #2431, .T. ) ;
#3909 = CARTESIAN_POINT ( 'NONE',  ( 0.06899999999999974210, 0.02858073580374325545, -0.1894531250000001665 ) ) ;
#3910 = CARTESIAN_POINT ( 'NONE',  ( 0.02017324828170084447, 0.04870252959880150279, 0.6035156250000005551 ) ) ;
#3911 = ADVANCED_FACE ( 'NONE', ( #2897 ), #4632, .F. ) ;
#3912 = CARTESIAN_POINT ( 'NONE',  ( -0.06900000000000014455, -0.02858073580374393199, 0.6933593750000005551 ) ) ;
#3913 = CARTESIAN_POINT ( 'NONE',  ( 0.02928135976391375850, -0.07069145586676682524, 0.7978515625000001110 ) ) ;
#3914 = ORIENTED_EDGE ( 'NONE', *, *, #5590, .F. ) ;
#3915 = EDGE_CURVE ( 'NONE', #283, #2351, #2021, .T. ) ;
#3916 = CARTESIAN_POINT ( 'NONE',  ( -0.02858073580374352607, -0.06900000000000011680, -0.1113281249999994588 ) ) ;
#3917 = CARTESIAN_POINT ( 'NONE',  ( 0.02017324828170093814, -0.04870252959880239096, -0.06054687500000018735 ) ) ;
#3918 = CARTESIAN_POINT ( 'NONE',  ( 0.04866483569505933304, 0.03926652611234900114, 0.5000000000000001110 ) ) ;
#3919 = ORIENTED_EDGE ( 'NONE', *, *, #5189, .F. ) ;
#3920 = EDGE_LOOP ( 'NONE', ( #5183, #271 ) ) ;
#3921 = LINE ( 'NONE', #2345, #5244 ) ;
#3922 =( BOUNDED_CURVE ( )  B_SPLINE_CURVE ( 2, ( #4398, #3559, #3114, #2662, #411, #3909, #5359, #2242, #3940 ),
 .UNSPECIFIED., .F., .F. ) 
 B_SPLINE_CURVE_WITH_KNOTS ( ( 3, 2, 2, 2, 3 ),
 ( 0.01510903288365379737, 0.01648267279740345259, 0.01785631271115310434, 0.01922995262490275609, 0.02060359253865241130 ),
 .UNSPECIFIED. ) 
 CURVE ( )  GEOMETRIC_REPRESENTATION_ITEM ( )  RATIONAL_B_SPLINE_CURVE ( ( 0.9999999999995980993, 0.9238795325116885282, 1.000000000000000000, 0.9238795325112866275, 1.000000000000000000, 0.9238795325112866275, 1.000000000000000000, 0.9238795325111809342, 1.000000000000105693 ) ) 
 REPRESENTATION_ITEM ( '' )  );
#3923 = CARTESIAN_POINT ( 'NONE',  ( -0.04870252959880183585, -0.02017324828170113243, 0.6464843750000004441 ) ) ;
#3924 = CARTESIAN_POINT ( 'NONE',  ( 0.05991149455840387439, 0.01918427579663272917, -0.2486459320259316041 ) ) ;
#3925 = CARTESIAN_POINT ( 'NONE',  ( -0.04870252959880216198, -0.02017324828170115672, -0.03320312500000013184 ) ) ;
#3926 = DIRECTION ( 'NONE',  ( 0.000000000000000000, 1.000000000000000000, 0.000000000000000000 ) ) ;
#3927 = CARTESIAN_POINT ( 'NONE',  ( 0.03443788894025132108, -0.03443788894025164721, 0.5351562500000003331 ) ) ;
#3928 = CARTESIAN_POINT ( 'NONE',  ( 0.04870252959880182891, 0.02017324828170050446, 0.7597656250000003331 ) ) ;
#3929 = AXIS2_PLACEMENT_3D ( 'NONE', #4296, #5693, #3409 ) ;
#3930 = CARTESIAN_POINT ( 'NONE',  ( -5.964339698355230356E-18, -0.04870252959880239096, -0.2148437500000001388 ) ) ;
#3931 = EDGE_CURVE ( 'NONE', #1087, #1751, #2296, .T. ) ;
#3932 = CARTESIAN_POINT ( 'NONE',  ( 0.04870252959880182891, -0.02017324828170116019, 0.5058593750000002220 ) ) ;
#3933 = CARTESIAN_POINT ( 'NONE',  ( -0.02858073580373488021, -0.06900000000000842959, -0.2324218749999992784 ) ) ;
#3934 = CARTESIAN_POINT ( 'NONE',  ( 0.1249999999999999445, 6.649295001418088219E-15, 0.003608439182351173401 ) ) ;
#3935 = CARTESIAN_POINT ( 'NONE',  ( 0.04870252959880183585, -3.297963650534137407E-16, 0.9140625000000003331 ) ) ;
#3936 = VECTOR ( 'NONE', #5382, 39.37007874015748143 ) ;
#3937 = CARTESIAN_POINT ( 'NONE',  ( 0.07069145586676646442, -3.338356652790262245E-16, 0.8017578125000004441 ) ) ;
#3938 = ORIENTED_EDGE ( 'NONE', *, *, #3947, .T. ) ;
#3939 = CARTESIAN_POINT ( 'NONE',  ( 0.000000000000000000, -1.493979371535143794E-17, -0.2500000000000000000 ) ) ;
#3940 = CARTESIAN_POINT ( 'NONE',  ( 0.000000000000000000, 0.06899999999999965883, -0.1835937500000002498 ) ) ;
#3941 = CARTESIAN_POINT ( 'NONE',  ( 0.03443788894025132802, 0.03443788894025099495, 0.6015625000000004441 ) ) ;
#3942 = CIRCLE ( 'NONE', #3397, 0.05651502959880199545 ) ;
#3943 = DIRECTION ( 'NONE',  ( -0.000000000000000000, 1.081356497492104437E-16, -1.000000000000000000 ) ) ;
#3944 = CARTESIAN_POINT ( 'NONE',  ( -0.02928135976391377585, 0.07069145586676615911, 0.8447265625000002220 ) ) ;
#3945 = B_SPLINE_CURVE_WITH_KNOTS ( 'NONE', 3,
 ( #2010, #2956, #3771, #4225 ),
 .UNSPECIFIED., .F., .F.,
 ( 4, 4 ),
 ( 0.01478935312822512484, 0.01626626139759368775 ),
 .UNSPECIFIED. ) ;
#3946 = CIRCLE ( 'NONE', #1460, 0.05651502959880199545 ) ;
#3947 = EDGE_CURVE ( 'NONE', #2366, #181, #2771, .T. ) ;
#3948 = ORIENTED_EDGE ( 'NONE', *, *, #4461, .T. ) ;
#3949 = CARTESIAN_POINT ( 'NONE',  ( -0.02017324828170082018, -0.04870252959880215504, 0.7753906250000003331 ) ) ;
#3950 = CARTESIAN_POINT ( 'NONE',  ( 8.450062914116729204E-18, -0.06899999999999996414, -0.2500000000000000000 ) ) ;
#3951 = CARTESIAN_POINT ( 'NONE',  ( -0.03443788894025155700, 0.03443788894025134883, -0.04296875000000018735 ) ) ;
#3952 = CARTESIAN_POINT ( 'NONE',  ( 0.01165803001243351233, 0.06762011647321664043, 0.4999999999999997780 ) ) ;
#3953 = CARTESIAN_POINT ( 'NONE',  ( -0.04870252959880183585, 0.02017324828170049406, 0.8027343750000002220 ) ) ;
#3954 = CYLINDRICAL_SURFACE ( 'NONE', #4679, 0.06899999999999993638 ) ;
#3955 = CARTESIAN_POINT ( 'NONE',  ( 0.04810645691657007561, 0.04821057190130940279, 0.8717902678596086696 ) ) ;
#3956 = CARTESIAN_POINT ( 'NONE',  ( 0.06070825464726065102, -0.007643165177681984952, -0.2500000000000000000 ) ) ;
#3957 = CARTESIAN_POINT ( 'NONE',  ( 0.000000000000000000, 0.04870252959880196075, -0.04296875000000015266 ) ) ;
#3958 = CARTESIAN_POINT ( 'NONE',  ( 0.02928135976391375503, -0.07069145586676671422, -0.2294921875000003331 ) ) ;
#3959 = CARTESIAN_POINT ( 'NONE',  ( -0.02017324828170081324, 0.04870252959880150972, 0.8261718750000003331 ) ) ;
#3960 = CARTESIAN_POINT ( 'NONE',  ( 0.02017324828170084447, 0.04870252959880150279, 0.7011718750000005551 ) ) ;
#3961 = CARTESIAN_POINT ( 'NONE',  ( 0.000000000000000000, 0.04870252959880195381, -0.1679687500000001388 ) ) ;
#3962 = CARTESIAN_POINT ( 'NONE',  ( 0.000000000000000000, -1.493979371535143794E-17, -0.2500000000000000000 ) ) ;
#3963 = CARTESIAN_POINT ( 'NONE',  ( 1.690012582823350463E-17, 0.06899999999999979761, 0.7812500000000000000 ) ) ;
#3964 = ORIENTED_EDGE ( 'NONE', *, *, #2982, .T. ) ;
#3965 = CARTESIAN_POINT ( 'NONE',  ( 0.04738981599798618854, 0.01123128349740908603, 0.8527025295988096554 ) ) ;
#3966 = CARTESIAN_POINT ( 'NONE',  ( -0.04870252959880183585, -0.02017324828170113243, 0.9003906250000005551 ) ) ;
#3967 = CARTESIAN_POINT ( 'NONE',  ( 0.06714156991863909352, -0.01341764072820946473, -0.04086885671870889303 ) ) ;
#3968 = CARTESIAN_POINT ( 'NONE',  ( -8.657206515430192834E-18, -0.07069145586676678361, 0.7001953125000004441 ) ) ;
#3969 = VERTEX_POINT ( 'NONE', #4337 ) ;
#3970 = FACE_OUTER_BOUND ( 'NONE', #2573, .T. ) ;
#3971 = CARTESIAN_POINT ( 'NONE',  ( -0.03995124645819760067, -0.03050808339567990732, -0.2500000000000002776 ) ) ;
#3972 = CARTESIAN_POINT ( 'NONE',  ( -8.657206515430192834E-18, -0.07069145586676679749, 0.7958984375000002220 ) ) ;
#3973 = CARTESIAN_POINT ( 'NONE',  ( 0.07069145586676645054, -0.02928135976391402565, -0.1337890624999993339 ) ) ;
#3974 = ORIENTED_EDGE ( 'NONE', *, *, #1816, .T. ) ;
#3975 =( BOUNDED_CURVE ( )  B_SPLINE_CURVE ( 2, ( #4993, #2834, #2032, #4593, #4109, #1139, #2386, #189, #1974 ),
 .UNSPECIFIED., .F., .T. ) 
 B_SPLINE_CURVE_WITH_KNOTS ( ( 3, 2, 2, 2, 3 ),
 ( 0.02060359253865241130, 0.02197688903493333346, 0.02335018553121425561, 0.02472348202749517776, 0.02609677852377609991 ),
 .UNSPECIFIED. ) 
 CURVE ( )  GEOMETRIC_REPRESENTATION_ITEM ( )  RATIONAL_B_SPLINE_CURVE ( ( 0.9999999999998943068, 0.9238795325113925427, 1.000000000000000000, 0.9238795325112868495, 1.000000000000000000, 0.9238795325112868495, 1.000000000000000000, 0.9238795325112627577, 1.000000000000023981 ) ) 
 REPRESENTATION_ITEM ( '' )  );
#3976 = CARTESIAN_POINT ( 'NONE',  ( -0.02017324828170082018, -0.04870252959880215504, 0.6191406250000002220 ) ) ;
#3977 = CARTESIAN_POINT ( 'NONE',  ( -5.964339698355230356E-18, -0.04870252959880239096, -0.2148437500000001388 ) ) ;
#3978 = DIRECTION ( 'NONE',  ( 1.000000000000000000, 1.182924880895401757E-16, -0.000000000000000000 ) ) ;
#3979 = LINE ( 'NONE', #1273, #3041 ) ;
#3980 = ADVANCED_FACE ( 'NONE', ( #3844 ), #1652, .T. ) ;
#3981 = CARTESIAN_POINT ( 'NONE',  ( 0.06900000000000011680, -3.335249498770559690E-16, 0.6132812500000005551 ) ) ;
#3982 = CARTESIAN_POINT ( 'NONE',  ( 0.03443788894025155700, -0.03443788894025177211, -0.02343750000000015266 ) ) ;
#3983 = CARTESIAN_POINT ( 'NONE',  ( -0.02928135976391377585, -0.07069145586676667259, -0.2021484375000003053 ) ) ;
#3984 = CARTESIAN_POINT ( 'NONE',  ( -0.04870252959880183585, 0.02017324828170049406, 0.7988281250000005551 ) ) ;
#3985 = CARTESIAN_POINT ( 'NONE',  ( -0.03443788894025132108, 0.03443788894025100189, 0.6757812500000002220 ) ) ;
#3986 = CARTESIAN_POINT ( 'NONE',  ( -0.04870252959880216892, 0.02017324828170074039, -0.09960937500000012490 ) ) ;
#3987 = CARTESIAN_POINT ( 'NONE',  ( 0.04870252959880216892, -2.256638586730736846E-16, -0.1796875000000001943 ) ) ;
#3988 = CARTESIAN_POINT ( 'NONE',  ( 0.02017324828170097978, 0.04870252959880193994, -0.2011718750000001388 ) ) ;
#3989 = CARTESIAN_POINT ( 'NONE',  ( 0.000000000000000000, -4.112889638898834044E-17, -0.007812499999999993928 ) ) ;
#3990 = CARTESIAN_POINT ( 'NONE',  ( -0.07099999999999991041, -4.821963944705140828E-18, 0.8750000000000001110 ) ) ;
#3991 = CARTESIAN_POINT ( 'NONE',  ( -0.06900000000000014455, 0.02858073580374329709, 0.7832031250000005551 ) ) ;
#3992 = EDGE_LOOP ( 'NONE', ( #3938, #472 ) ) ;
#3993 = CARTESIAN_POINT ( 'NONE',  ( -0.03443788894025132108, 0.03443788894025100189, 0.7382812500000003331 ) ) ;
#3994 = CARTESIAN_POINT ( 'NONE',  ( 0.04998640781534011840, 0.04998640781533977839, 0.6806640625000004441 ) ) ;
#3995 = ORIENTED_EDGE ( 'NONE', *, *, #789, .T. ) ;
#3996 = CARTESIAN_POINT ( 'NONE',  ( -0.04870252959880216198, 0.02017324828170073345, -0.2285156250000001943 ) ) ;
#3997 = CARTESIAN_POINT ( 'NONE',  ( -0.06900000000000014455, -0.02858073580374393199, 0.5058593750000005551 ) ) ;
#3998 = CARTESIAN_POINT ( 'NONE',  ( 0.07069145586676645054, -0.02928135976391413320, 0.6455078125000002220 ) ) ;
#3999 = ORIENTED_EDGE ( 'NONE', *, *, #1442, .F. ) ;
#4000 = CARTESIAN_POINT ( 'NONE',  ( -0.04870252959880183585, 0.02017324828170049406, 0.6425781250000003331 ) ) ;
#4001 = EDGE_CURVE ( 'NONE', #181, #2366, #260, .T. ) ;
#4002 = LINE ( 'NONE', #3950, #4387 ) ;
#4003 = CARTESIAN_POINT ( 'NONE',  ( -0.04870252959880216198, -0.02017324828170115672, -0.03710937500000018041 ) ) ;
#4004 = LINE ( 'NONE', #5278, #525 ) ;
#4005 = CARTESIAN_POINT ( 'NONE',  ( -0.1249999999999999029, -0.05773502691896296307, 0.8640654110148560108 ) ) ;
#4006 = CARTESIAN_POINT ( 'NONE',  ( 0.04870252959880182891, 0.02017324828170050446, 0.8222656250000003331 ) ) ;
#4007 = ORIENTED_EDGE ( 'NONE', *, *, #2650, .T. ) ;
#4008 = CARTESIAN_POINT ( 'NONE',  ( -8.450062914116753856E-18, -0.06900000000000044986, 0.5742187500000004441 ) ) ;
#4009 = CARTESIAN_POINT ( 'NONE',  ( -0.02017324828170082018, -0.04870252959880215504, 0.5566406250000003331 ) ) ;
#4010 = CARTESIAN_POINT ( 'NONE',  ( -0.04870252959880216198, 0.02017324828170074039, -0.09960937500000013878 ) ) ;
#4011 = CARTESIAN_POINT ( 'NONE',  ( -0.02928135976391377585, 0.07069145586676625626, -0.1513671875000003053 ) ) ;
#4012 = CARTESIAN_POINT ( 'NONE',  ( -0.02017324828170082018, -0.04870252959880215504, 0.8066406250000003331 ) ) ;
#4013 = CARTESIAN_POINT ( 'NONE',  ( 0.04870252959880182891, 0.02017324828170050446, 0.6972656250000002220 ) ) ;
#4014 = EDGE_CURVE ( 'NONE', #671, #5125, #425, .T. ) ;
#4015 = CARTESIAN_POINT ( 'NONE',  ( 0.000000000000000000, 0.04870252959880195381, -0.1679687500000001388 ) ) ;
#4016 = DIRECTION ( 'NONE',  ( 0.000000000000000000, 1.000000000000000000, 1.095557182877162373E-16 ) ) ;
#4017 = CARTESIAN_POINT ( 'NONE',  ( -0.06900000000000011680, -3.166248240488225568E-16, 0.6640625000000001110 ) ) ;
#4018 = EDGE_LOOP ( 'NONE', ( #447, #5069, #3317, #3666 ) ) ;
#4019 = CARTESIAN_POINT ( 'NONE',  ( -0.04870252959880183585, 0.02017324828170049406, 0.7714843750000004441 ) ) ;
#4020 = CARTESIAN_POINT ( 'NONE',  ( 0.07069145586676645054, -0.02928135976391412626, 0.6435546875000005551 ) ) ;
#4021 = ORIENTED_EDGE ( 'NONE', *, *, #3326, .F. ) ;
#4022 = CARTESIAN_POINT ( 'NONE',  ( 0.04879036790187187694, 0.04879036790187153000, 0.7460937500000001110 ) ) ;
#4023 = DIRECTION ( 'NONE',  ( 0.000000000000000000, 1.000000000000000000, 0.000000000000000000 ) ) ;
#4024 = CARTESIAN_POINT ( 'NONE',  ( -0.06899999999999989475, 0.02858073580374330402, -0.1816406249999994171 ) ) ;
#4025 = CARTESIAN_POINT ( 'NONE',  ( -0.06900000000000011680, -0.02858073580374393199, 0.8535156250000003331 ) ) ;
#4026 = VECTOR ( 'NONE', #5533, 39.37007874015748143 ) ;
#4027 = CARTESIAN_POINT ( 'NONE',  ( -0.07069145586676647830, 0.02928135976391345666, 0.7548828125000002220 ) ) ;
#4028 = EDGE_CURVE ( 'NONE', #936, #5091, #3032, .T. ) ;
#4029 = ORIENTED_EDGE ( 'NONE', *, *, #913, .T. ) ;
#4030 = VECTOR ( 'NONE', #4647, 39.37007874015748143 ) ;
#4031 = CARTESIAN_POINT ( 'NONE',  ( 0.02017324828170084447, 0.04870252959880150279, 0.7597656250000003331 ) ) ;
#4032 = CARTESIAN_POINT ( 'NONE',  ( 0.03443788894025132108, -0.03443788894025164721, 0.6250000000000003331 ) ) ;
#4033 = CARTESIAN_POINT ( 'NONE',  ( 0.02017324828170084447, 0.04870252959880150279, 0.6660156250000003331 ) ) ;
#4034 = CARTESIAN_POINT ( 'NONE',  ( -0.05966551339804462145, -0.01196669835221577001, 0.5000000000000001110 ) ) ;
#4035 = CARTESIAN_POINT ( 'NONE',  ( 0.02017324828170097978, 0.04870252959880194688, -0.08007812500000019429 ) ) ;
#4036 = AXIS2_PLACEMENT_3D ( 'NONE', #1982, #5534, #1572 ) ;
#4037 = CARTESIAN_POINT ( 'NONE',  ( -0.03487842091319749704, 0.03981953660392794497, 0.8567339415930838031 ) ) ;
#4038 = DIRECTION ( 'NONE',  ( -0.000000000000000000, 1.081356497492104437E-16, -1.000000000000000000 ) ) ;
#4039 = CARTESIAN_POINT ( 'NONE',  ( 0.02858073580374372036, 0.06899999999999952005, -0.06445312499999947264 ) ) ;
#4041 = EDGE_CURVE ( 'NONE', #1241, #229, #2194, .T. ) ;
#4040 = EDGE_LOOP ( 'NONE', ( #623, #2128, #2151, #5517 ) ) ;
#4042 = LINE ( 'NONE', #4354, #5146 ) ;
#4043 = CARTESIAN_POINT ( 'NONE',  ( 0.03443788894025155700, -0.03443788894025178599, -0.2421875000000001388 ) ) ;
#4044 = VECTOR ( 'NONE', #35, 39.37007874015748143 ) ;
#4045 = CARTESIAN_POINT ( 'NONE',  ( 0.06900000000000011680, 0.02858073580374330749, 0.7128906250000002220 ) ) ;
#4046 = CARTESIAN_POINT ( 'NONE',  ( 0.000000000000000000, 0.07069145586676624238, -0.2158203125000003053 ) ) ;
#4047 = PRODUCT_RELATED_PRODUCT_CATEGORY ( 'part', '', ( #522 ) ) ;
#4048 = CARTESIAN_POINT ( 'NONE',  ( 0.02017324828170079937, -0.04870252959880216198, 0.8730468750000004441 ) ) ;
#4049 = CARTESIAN_POINT ( 'NONE',  ( -0.02017324828170081324, 0.04870252959880150972, 0.7675781250000003331 ) ) ;
#4050 = CARTESIAN_POINT ( 'NONE',  ( 0.03443788894025155700, -0.03443788894025177905, -0.1523437500000001943 ) ) ;
#4051 = CARTESIAN_POINT ( 'NONE',  ( -0.02017324828170095202, 0.04870252959880195381, -0.1035156250000001665 ) ) ;
#4052 = CARTESIAN_POINT ( 'NONE',  ( 0.04879036790187186307, -0.04879036790187220307, 0.6445312500000001110 ) ) ;
#4053 = CARTESIAN_POINT ( 'NONE',  ( -0.06899999999999989475, 0.02858073580374330749, -0.08789062499999944489 ) ) ;
#4054 = CARTESIAN_POINT ( 'NONE',  ( -8.450062914116753856E-18, -0.06900000000000044986, 0.7929687500000005551 ) ) ;
#4055 = CARTESIAN_POINT ( 'NONE',  ( -0.04870252959880183585, -0.02017324828170113243, 0.8066406250000002220 ) ) ;
#4056 = CARTESIAN_POINT ( 'NONE',  ( 0.06573866723963613101, 0.009132988239063473748, -0.04006049345796419692 ) ) ;
#4057 = CARTESIAN_POINT ( 'NONE',  ( 0.07069145586676645054, -0.02928135976391412626, 0.6748046875000004441 ) ) ;
#4058 = DIRECTION ( 'NONE',  ( 0.000000000000000000, 1.000000000000000000, 0.000000000000000000 ) ) ;
#4059 = CARTESIAN_POINT ( 'NONE',  ( -0.01249999999999994345, 0.1371206889325357059, 0.8640654110148561218 ) ) ;
#4060 = CARTESIAN_POINT ( 'NONE',  ( -0.04879036790187187000, 0.04879036790187154388, 0.5000000000000004441 ) ) ;
#4061 = CARTESIAN_POINT ( 'NONE',  ( 0.06900000000004330447, -2.281964993569330437E-16, -0.1601562500000253131 ) ) ;
#4062 = CARTESIAN_POINT ( 'NONE',  ( -0.02928135976391377585, 0.07069145586676615911, 0.7197265625000003331 ) ) ;
#4063 = ORIENTED_EDGE ( 'NONE', *, *, #2275, .T. ) ;
#4064 = CARTESIAN_POINT ( 'NONE',  ( 0.04870252959880182891, -0.02017324828170116019, 0.6269531250000004441 ) ) ;
#4065 = CARTESIAN_POINT ( 'NONE',  ( -0.03443788894025132108, 0.03443788894025100189, 0.6718750000000003331 ) ) ;
#4066 = DIRECTION ( 'NONE',  ( -1.000000000000000000, 0.000000000000000000, 0.000000000000000000 ) ) ;
#4067 = CARTESIAN_POINT ( 'NONE',  ( -0.06900000000000011680, -3.166248240488225568E-16, 0.6015625000000001110 ) ) ;
#4068 = CARTESIAN_POINT ( 'NONE',  ( 0.04870252959880182891, -0.02017324828170116019, 0.8496093750000002220 ) ) ;
#4069 = ORIENTED_EDGE ( 'NONE', *, *, #5059, .F. ) ;
#4070 = EDGE_CURVE ( 'NONE', #2103, #1027, #3607, .T. ) ;
#4071 = CARTESIAN_POINT ( 'NONE',  ( -0.06900000000000014455, -0.02858073580374393199, 0.6621093750000004441 ) ) ;
#4072 = FACE_BOUND ( 'NONE', #3920, .T. ) ;
#4073 = CARTESIAN_POINT ( 'NONE',  ( 0.07069145586676645054, -0.02928135976391401871, -0.1318359375000003053 ) ) ;
#4074 = CARTESIAN_POINT ( 'NONE',  ( 0.04870252959880182891, 0.02017324828170050446, 0.8496093750000003331 ) ) ;
#4075 = CARTESIAN_POINT ( 'NONE',  ( 0.03443788894025132802, 0.03443788894025099495, 0.5429687500000003331 ) ) ;
#4076 = CARTESIAN_POINT ( 'NONE',  ( 0.03443788894025155700, -0.03443788894025177211, -0.08593750000000013878 ) ) ;
#4077 = CARTESIAN_POINT ( 'NONE',  ( 0.02017324828170093814, -0.04870252959880239096, -0.1542968750000001665 ) ) ;
#4078 = B_SPLINE_CURVE_WITH_KNOTS ( 'NONE', 3,
 ( #196, #3233, #607, #1054, #3769, #5003 ),
 .UNSPECIFIED., .F., .F.,
 ( 4, 2, 4 ),
 ( 4.336808689942017736E-19, 0.0003339356863370986387, 0.0006678713726741968438 ),
 .UNSPECIFIED. ) ;
#4079 = CARTESIAN_POINT ( 'NONE',  ( 0.04870252959880183585, -3.297963650534137407E-16, 0.5664062500000004441 ) ) ;
#4080 = CARTESIAN_POINT ( 'NONE',  ( 1.192867939671037905E-17, 0.04870252959880150972, 0.8554687500000004441 ) ) ;
#4081 = CARTESIAN_POINT ( 'NONE',  ( 0.000000000000000000, -3.746242201467919184E-17, -0.04171874999999982542 ) ) ;
#4082 =( BOUNDED_CURVE ( )  B_SPLINE_CURVE ( 2, ( #1859, #1915, #4509, #1426, #3645, #2356, #5380, #2327, #1886, #1483, #5404, #4964, #1014, #2806, #4534, #576, #3788, #5024, #243, #2001, #3701, #3730, #1947, #659, #5525, #631, #2502, #296, #1592, #3761, #1533, #217, #1077, #5111, #3280, #2468, #1566, #4991, #2417, #5463, #4241, #4592, #1109, #4675, #2444, #1166, #2864, #3335, #5553, #3363, #4162, #4137, #723, #1972, #5493, #2944, #2055, #1043, #1137, #4188, #3811, #5081, #3305, #5054, #2832, #5577, #2916, #2890, #3253, #4652, #689, #269, #4623, #4213, #2030, #4560, #598, #2384, #187, #1507, #3439, #424, #862, #3048, #1198, #320, #3496, #1644, #2995, #805, #4269, #3836, #5254, #3412, #2616, #3075, #3466, #5168, #3385, #2972, #2115, #2085, #4707, #1675, #2528, #4818, #4329, #5642, #350, #5609, #2587, #4735, #3018, #4382, #777 ),
 .UNSPECIFIED., .F., .T. ) 
 B_SPLINE_CURVE_WITH_KNOTS ( ( 3, 2, 2, 2, 2, 2, 2, 2, 2, 2, 2, 2, 2, 2, 2, 2, 2, 2, 2, 2, 2, 2, 2, 2, 2, 2, 2, 2, 2, 2, 2, 2, 2, 2, 2, 2, 2, 2, 2, 2, 2, 2, 2, 2, 2, 2, 2, 2, 2, 2, 2, 2, 2, 2, 2, 2, 2, 3 ),
 ( 0.06443130587831606693, 0.08053913234789465692, 0.09664695881747324691, 0.1127547852870518369, 0.1288626117566304408, 0.1449704382262090308, 0.1610782646957876207, 0.1771860911653662107, 0.1932939176349448007, 0.2094017441045233907, 0.2255095705741019807, 0.2416173970436805707, 0.2577252235132591607, 0.2738330499828377507, 0.2899408764524163407, 0.3060487029219949306, 0.3221565293915735206, 0.3382643558611521106, 0.3543721823307307006, 0.3704800088003092906, 0.3865878352698878806, 0.4026956617394664706, 0.4188034882090450606, 0.4349113146786236506, 0.4510191411482022406, 0.4671269676177808305, 0.4832347940873594205, 0.4993426205569380660, 0.5154504470265165450, 0.5315582734960951905, 0.5476660999656738360, 0.5637739264352523705, 0.5798817529048309050, 0.5959895793744095505, 0.6120974058439880849, 0.6282052323135667304, 0.6443130587831452649, 0.6604208852527239104, 0.6765287117223024449, 0.6926365381918809794, 0.7087443646614596249, 0.7248521911310382704, 0.7409600176006168049, 0.7570678440701954504, 0.7731756705397739848, 0.7892834970093525193, 0.8053913234789311648, 0.8214991499485096993, 0.8376069764180883448, 0.8537148028876669903, 0.8698226293572455248, 0.8859304558268241703, 0.9020382822964027048, 0.9181461087659812392, 0.9342539352355599958, 0.9503617617051385302, 0.9664695881747170647, 0.9717210840146778272 ),
 .UNSPECIFIED. ) 
 CURVE ( )  GEOMETRIC_REPRESENTATION_ITEM ( )  RATIONAL_B_SPLINE_CURVE ( ( 0.9999999999999966693, 0.9238795325112900692, 1.000000000000000000, 0.9238795325112867385, 1.000000000000000000, 0.9238795325112867385, 1.000000000000000000, 0.9238795325112867385, 1.000000000000000000, 0.9238795325112867385, 1.000000000000000000, 0.9238795325112867385, 1.000000000000000000, 0.9238795325112867385, 1.000000000000000000, 0.9238795325112867385, 1.000000000000000000, 0.9238795325112867385, 1.000000000000000000, 0.9238795325112867385, 1.000000000000000000, 0.9238795325112867385, 1.000000000000000000, 0.9238795325112867385, 1.000000000000000000, 0.9238795325112867385, 1.000000000000000000, 0.9238795325112867385, 1.000000000000000000, 0.9238795325112867385, 1.000000000000000000, 0.9238795325112867385, 1.000000000000000000, 0.9238795325112867385, 1.000000000000000000, 0.9238795325112867385, 1.000000000000000000, 0.9238795325112867385, 1.000000000000000000, 0.9238795325112867385, 1.000000000000000000, 0.9238795325112867385, 1.000000000000000000, 0.9238795325112867385, 1.000000000000000000, 0.9238795325112867385, 1.000000000000000000, 0.9238795325112867385, 1.000000000000000000, 0.9238795325112867385, 1.000000000000000000, 0.9238795325112867385, 1.000000000000000000, 0.9238795325112867385, 1.000000000000000000, 0.9238795325112867385, 1.000000000000000000, 0.9238795325112867385, 1.000000000000000000, 0.9238795325112867385, 1.000000000000000000, 0.9238795325112867385, 1.000000000000000000, 0.9238795325112867385, 1.000000000000000000, 0.9238795325112867385, 1.000000000000000000, 0.9238795325112867385, 1.000000000000000000, 0.9238795325112867385, 1.000000000000000000, 0.9238795325112867385, 1.000000000000000000, 0.9238795325112867385, 1.000000000000000000, 0.9238795325112867385, 1.000000000000000000, 0.9238795325112867385, 1.000000000000000000, 0.9238795325112867385, 1.000000000000000000, 0.9238795325112867385, 1.000000000000000000, 0.9238795325112867385, 1.000000000000000000, 0.9238795325112867385, 1.000000000000000000, 0.9238795325112867385, 1.000000000000000000, 0.9238795325112867385, 1.000000000000000000, 0.9238795325112867385, 1.000000000000000000, 0.9238795325112867385, 1.000000000000000000, 0.9238795325112867385, 1.000000000000000000, 0.9238795325112867385, 1.000000000000000000, 0.9238795325112867385, 1.000000000000000000, 0.9238795325112867385, 1.000000000000000000, 0.9238795325112867385, 1.000000000000000000, 0.9238795325112867385, 1.000000000000000000, 0.9238795325112867385, 1.000000000000000000, 0.9238795325112867385, 1.000000000000000000, 0.9238795325112867385, 1.000000000000000000, 0.9751831000223518675, 0.9665478800794962133 ) ) 
 REPRESENTATION_ITEM ( '' )  );
#4083 = CARTESIAN_POINT ( 'NONE',  ( 1.690012582823350771E-17, 0.06899999999999979761, 0.7773437500000005551 ) ) ;
#4084 = VERTEX_POINT ( 'NONE', #2122 ) ;
#4085 = CARTESIAN_POINT ( 'NONE',  ( 0.03443788894025132108, -0.03443788894025164721, 0.6914062500000003331 ) ) ;
#4086 = CARTESIAN_POINT ( 'NONE',  ( -0.04998640781534011146, 0.04998640781533978533, 0.6259765625000004441 ) ) ;
#4087 = CARTESIAN_POINT ( 'NONE',  ( -0.03443788894025132802, -0.03443788894025164027, 0.5234375000000003331 ) ) ;
#4088 = CARTESIAN_POINT ( 'NONE',  ( -0.06900000000000011680, -3.166248240488225568E-16, 0.8476562500000004441 ) ) ;
#4089 = LINE ( 'NONE', #1375, #797 ) ;
#4090 = LINE ( 'NONE', #139, #4771 ) ;
#4091 = CARTESIAN_POINT ( 'NONE',  ( 0.07069145586676645054, -0.02928135976391413320, 0.6767578125000000000 ) ) ;
#4092 = ORIENTED_EDGE ( 'NONE', *, *, #2758, .T. ) ;
#4093 = ADVANCED_FACE ( 'NONE', ( #3875 ), #1599, .F. ) ;
#4094 = CARTESIAN_POINT ( 'NONE',  ( -0.02017324828170082018, -0.04870252959880215504, 0.5878906250000004441 ) ) ;
#4095 = CARTESIAN_POINT ( 'NONE',  ( -0.04870252959880183585, -3.178676856567033324E-16, 0.6757812500000003331 ) ) ;
#4096 = CARTESIAN_POINT ( 'NONE',  ( -0.03893623552349928518, -0.03983412549313351814, 0.5000000000000001110 ) ) ;
#4097 = DIRECTION ( 'NONE',  ( -0.000000000000000000, 1.081356497492104437E-16, -1.000000000000000000 ) ) ;
#4098 = CARTESIAN_POINT ( 'NONE',  ( -0.04870252959880183585, 0.02017324828170049406, 0.7089843750000003331 ) ) ;
#4099 = ORIENTED_EDGE ( 'NONE', *, *, #4845, .T. ) ;
#4100 = CARTESIAN_POINT ( 'NONE',  ( -0.07069145586676646442, -2.064688223758536761E-16, -0.08300781250000030531 ) ) ;
#4101 = CARTESIAN_POINT ( 'NONE',  ( 0.04870252959880183585, -3.297963650534137407E-16, 0.7226562500000004441 ) ) ;
#4102 = CARTESIAN_POINT ( 'NONE',  ( -0.04870252959880183585, 0.02017324828170049406, 0.5839843750000003331 ) ) ;
#4103 = CARTESIAN_POINT ( 'NONE',  ( -0.04870252959880216892, -0.02017324828170115672, -0.06445312500000013878 ) ) ;
#4104 = CARTESIAN_POINT ( 'NONE',  ( 0.04870252959880215504, 0.02017324828170074733, -0.1464843750000002220 ) ) ;
#4105 = CARTESIAN_POINT ( 'NONE',  ( 0.04870252959880216892, -2.196841379741120074E-16, -0.08203125000000015266 ) ) ;
#4106 = DIRECTION ( 'NONE',  ( 0.000000000000000000, 1.000000000000000000, 1.081356497492104437E-16 ) ) ;
#4107 = CARTESIAN_POINT ( 'NONE',  ( -0.06900000000000069966, -0.02858073580374405689, -0.2050781250000007494 ) ) ;
#4108 = CARTESIAN_POINT ( 'NONE',  ( -0.02928135976391377585, -0.07069145586676668647, -0.1416015624999993616 ) ) ;
#4109 = CARTESIAN_POINT ( 'NONE',  ( -0.06899999999999978373, -2.122531288405240335E-16, -0.1757812500000001665 ) ) ;
#4110 = ORIENTED_EDGE ( 'NONE', *, *, #3717, .F. ) ;
#4111 = CARTESIAN_POINT ( 'NONE',  ( 0.1238376471221984687, 0.06645404533538183667, 0.01254174817448592931 ) ) ;
#4112 = CARTESIAN_POINT ( 'NONE',  ( -0.03443788894025132802, -0.03443788894025164027, 0.7460937500000003331 ) ) ;
#4113 = CARTESIAN_POINT ( 'NONE',  ( 1.192867939671037905E-17, 0.04870252959880150972, 0.9218750000000002220 ) ) ;
#4114 = CARTESIAN_POINT ( 'NONE',  ( -0.02896526670286990804, 0.1276144627693547862, 0.8682027953402948750 ) ) ;
#4115 = CARTESIAN_POINT ( 'NONE',  ( 0.02070054192274784974, 0.1323861038459364647, 0.008642187985005029757 ) ) ;
#4116 = CARTESIAN_POINT ( 'NONE',  ( -0.07069145586676646442, -3.165212522481658049E-16, 0.7568359375000001110 ) ) ;
#4117 = CARTESIAN_POINT ( 'NONE',  ( 0.04870252959880182891, -0.02017324828170116019, 0.5019531250000003331 ) ) ;
#4118 = ORIENTED_EDGE ( 'NONE', *, *, #3740, .F. ) ;
#4119 = CARTESIAN_POINT ( 'NONE',  ( 1.192867939671037905E-17, 0.04870252959880150972, 0.6992187500000004441 ) ) ;
#4120 = CLOSED_SHELL ( 'NONE', ( #5488, #2585, #637, #1251, #487, #1302, #1944, #5637, #2139, #656, #3556, #1995, #3663, #2628, #4093, #3173, #3911, #3698, #4903, #1269, #4948, #1394, #1658, #3154, #1635, #2, #5023, #5650, #5185, #5202, #369, #168, #5519, #446, #4877, #2831, #1037, #2023, #1758, #5215, #3980, #4513, #4425, #105, #2090, #130, #812, #2120, #5035, #5087, #2741, #505, #1520, #2125, #4449, #5158, #4192, #1666, #1071, #5542, #1275, #313, #4604, #268, #1517, #5080, #2501, #2245, #5253, #5621, #5363, #5335, #4404, #2685 ) ) ;
#4121 = CARTESIAN_POINT ( 'NONE',  ( -0.1249999999999998751, -0.06205263022371462767, 0.8630201580567850028 ) ) ;
#4122 = CARTESIAN_POINT ( 'NONE',  ( 0.04870252959880182891, -0.02017324828170116019, 0.5957031250000003331 ) ) ;
#4123 = CARTESIAN_POINT ( 'NONE',  ( -0.06900000000006177581, -2.045990863458514598E-16, -0.05078125000003599898 ) ) ;
#4124 = AXIS2_PLACEMENT_3D ( 'NONE', #356, #4247, #1227 ) ;
#4125 = CARTESIAN_POINT ( 'NONE',  ( -0.04870252959880183585, -0.02017324828170113243, 0.7441406250000003331 ) ) ;
#4126 = PRODUCT_CONTEXT ( 'NONE', #2638, 'mechanical' ) ;
#4127 = CARTESIAN_POINT ( 'NONE',  ( 0.03443788894025156394, 0.03443788894025133496, -0.2031250000000001388 ) ) ;
#4128 = VECTOR ( 'NONE', #407, 39.37007874015748143 ) ;
#4129 = CARTESIAN_POINT ( 'NONE',  ( 0.07069145586676646442, -2.209129694712124167E-16, -0.03613281250000030531 ) ) ;
#4130 = VERTEX_POINT ( 'NONE', #4770 ) ;
#4131 = CARTESIAN_POINT ( 'NONE',  ( 0.03443788894025132802, 0.03443788894025099495, 0.6953125000000003331 ) ) ;
#4132 = CARTESIAN_POINT ( 'NONE',  ( 0.02017324828170084447, 0.04870252959880150279, 0.5761718750000003331 ) ) ;
#4133 = VECTOR ( 'NONE', #1593, 39.37007874015748143 ) ;
#4134 = CARTESIAN_POINT ( 'NONE',  ( -0.03443788894025155700, -0.03443788894025176517, -0.06250000000000015266 ) ) ;
#4135 = CARTESIAN_POINT ( 'NONE',  ( -0.04870252959880216198, 0.02017324828170074039, -0.09960937500000013878 ) ) ;
#4136 = CARTESIAN_POINT ( 'NONE',  ( -5.964339698355189526E-18, -0.04870252959880215504, 0.8710937500000003331 ) ) ;
#4137 = CARTESIAN_POINT ( 'NONE',  ( 0.04870252959880215504, -0.02017324828170119141, -0.1503906250000001943 ) ) ;
#4138 = DIRECTION ( 'NONE',  ( -0.000000000000000000, 1.081356497492104437E-16, -1.000000000000000000 ) ) ;
#4139 = ORIENTED_EDGE ( 'NONE', *, *, #4583, .T. ) ;
#4140 = CARTESIAN_POINT ( 'NONE',  ( 0.02017324828170084447, 0.04870252959880150279, 0.6386718750000003331 ) ) ;
#4141 = CARTESIAN_POINT ( 'NONE',  ( 0.07069145586676645054, 0.02928135976391346013, 0.5849609375000004441 ) ) ;
#4142 = EDGE_CURVE ( 'NONE', #4206, #745, #2074, .T. ) ;
#4143 = CARTESIAN_POINT ( 'NONE',  ( 0.04879036790187187000, -0.04879036790187220307, 0.7031250000000004441 ) ) ;
#4144 = CARTESIAN_POINT ( 'NONE',  ( -0.04879036790187262634, 0.04879036790187241818, -0.1171875000000010270 ) ) ;
#4145 = CARTESIAN_POINT ( 'NONE',  ( 0.07069145586676647830, 0.02928135976391346360, 0.6181640625000001110 ) ) ;
#4146 = CARTESIAN_POINT ( 'NONE',  ( -0.04870252959880183585, -3.178676856567033324E-16, 0.4882812500000003886 ) ) ;
#4147 = ORIENTED_EDGE ( 'NONE', *, *, #4706, .T. ) ;
#4148 = B_SPLINE_CURVE_WITH_KNOTS ( 'NONE', 3,
 ( #5387, #932, #117, #3560, #3176, #4889, #3625, #5328 ),
 .UNSPECIFIED., .F., .F.,
 ( 4, 2, 2, 4 ),
 ( 0.0003769942008442807844, 0.001851878332808216477, 0.002589320398790183157, 0.003326762464772150055 ),
 .UNSPECIFIED. ) ;
#4149 = DIRECTION ( 'NONE',  ( -0.000000000000000000, 1.081356497492104437E-16, -1.000000000000000000 ) ) ;
#4150 = CARTESIAN_POINT ( 'NONE',  ( 1.731441303086038567E-17, 0.07069145586676614523, 0.9052734375000001110 ) ) ;
#4151 = CARTESIAN_POINT ( 'NONE',  ( 0.000000000000000000, -1.493979371535143794E-17, -0.2500000000000000000 ) ) ;
#4152 = CARTESIAN_POINT ( 'NONE',  ( 0.04879036790187186307, -0.04879036790187220307, 0.5195312500000001110 ) ) ;
#4153 = CARTESIAN_POINT ( 'NONE',  ( -0.04870252959880183585, 0.02017324828170049406, 0.7714843750000004441 ) ) ;
#4154 = CARTESIAN_POINT ( 'NONE',  ( 0.04870252959880215504, 0.02017324828170074733, -0.1113281250000001249 ) ) ;
#4155 = CARTESIAN_POINT ( 'NONE',  ( 0.07069145586676646442, 0.002221889750540389282, -0.03598460802951077009 ) ) ;
#4156 = ORIENTED_EDGE ( 'NONE', *, *, #1696, .T. ) ;
#4157 = CARTESIAN_POINT ( 'NONE',  ( -0.02017324828170081324, 0.04870252959880150972, 0.6699218750000003331 ) ) ;
#4158 = CARTESIAN_POINT ( 'NONE',  ( 0.04870252959880182891, -0.02017324828170116019, 0.5996093750000003331 ) ) ;
#4159 = CARTESIAN_POINT ( 'NONE',  ( -0.03443788894025155700, 0.03443788894025134883, -0.07031250000000015266 ) ) ;
#4160 = EDGE_CURVE ( 'NONE', #1417, #2486, #1025, .T. ) ;
#4161 = CARTESIAN_POINT ( 'NONE',  ( -0.02017324828170082018, -0.04870252959880215504, 0.9003906250000005551 ) ) ;
#4162 = CARTESIAN_POINT ( 'NONE',  ( 0.03443788894025155700, -0.03443788894025177905, -0.1523437500000001943 ) ) ;
#4163 = CARTESIAN_POINT ( 'NONE',  ( 0.06495506518100513382, -0.007864782247625235270, 0.8689550651808766180 ) ) ;
#4164 = CARTESIAN_POINT ( 'NONE',  ( -0.02017324828170081324, 0.04870252959880150972, 0.6425781250000003331 ) ) ;
#4165 = EDGE_CURVE ( 'NONE', #4084, #1985, #1609, .T. ) ;
#4166 = EDGE_LOOP ( 'NONE', ( #1687, #5178, #4677, #4662 ) ) ;
#4167 = CARTESIAN_POINT ( 'NONE',  ( 0.04998640781534011840, 0.04998640781533977839, 0.5244140625000004441 ) ) ;
#4168 = CARTESIAN_POINT ( 'NONE',  ( 0.06899999999999989475, -2.303491988085497812E-16, -0.1953124999999994171 ) ) ;
#4169 = CARTESIAN_POINT ( 'NONE',  ( 0.04870252959880183585, -3.297963650534137407E-16, 0.5976562500000003331 ) ) ;
#4170 = FACE_OUTER_BOUND ( 'NONE', #533, .T. ) ;
#4171 = CARTESIAN_POINT ( 'NONE',  ( 0.000000000000000000, 0.06899999999999992251, -0.2500000000000000000 ) ) ;
#4172 = CARTESIAN_POINT ( 'NONE',  ( 0.07069145586676645054, -0.02928135976391413320, 0.5830078125000002220 ) ) ;
#4173 = CARTESIAN_POINT ( 'NONE',  ( 0.04870252959880182891, 0.02017324828170050446, 0.5058593750000004441 ) ) ;
#4174 = ORIENTED_EDGE ( 'NONE', *, *, #3149, .T. ) ;
#4175 = CARTESIAN_POINT ( 'NONE',  ( 0.06900000000000011680, 0.02858073580374330749, 0.8652343750000005551 ) ) ;
#4176 = CARTESIAN_POINT ( 'NONE',  ( -0.02017324828170082018, -0.04870252959880215504, 0.5253906250000005551 ) ) ;
#4177 = DIRECTION ( 'NONE',  ( 0.000000000000000000, 0.000000000000000000, 1.000000000000000000 ) ) ;
#4178 = CYLINDRICAL_SURFACE ( 'NONE', #1095, 0.06899999999999970046 ) ;
#4179 = CARTESIAN_POINT ( 'NONE',  ( -0.03443788894025132802, -0.03443788894025164027, 0.6835937500000003331 ) ) ;
#4180 = CARTESIAN_POINT ( 'NONE',  ( -0.03443788894025155700, -0.03443788894025177211, -0.1875000000000001388 ) ) ;
#4181 = CARTESIAN_POINT ( 'NONE',  ( -0.07069145586676647830, 0.02928135976391356074, -0.08496093750000031919 ) ) ;
#4182 = ORIENTED_EDGE ( 'NONE', *, *, #5308, .T. ) ;
#4183 = CARTESIAN_POINT ( 'NONE',  ( 0.03443788894025132802, 0.03443788894025099495, 0.6640625000000003331 ) ) ;
#4184 = CARTESIAN_POINT ( 'NONE',  ( -0.02017324828170082018, -0.04870252959880215504, 0.5605468750000004441 ) ) ;
#4185 = CARTESIAN_POINT ( 'NONE',  ( 0.000000000000000000, 0.04870252959880195381, -0.07421875000000016653 ) ) ;
#4186 = CARTESIAN_POINT ( 'NONE',  ( 0.03443788894025156394, 0.03443788894025134190, -0.04687500000000013184 ) ) ;
#4187 = CARTESIAN_POINT ( 'NONE',  ( 0.03443788894025132108, -0.03443788894025164721, 0.9062500000000003331 ) ) ;
#4188 = CARTESIAN_POINT ( 'NONE',  ( -0.04870252959880216892, 0.02017324828170074039, -0.1347656250000001943 ) ) ;
#4189 = CARTESIAN_POINT ( 'NONE',  ( -0.02928135976391377585, -0.07069145586676668647, -0.1103515624999993477 ) ) ;
#4190 = CARTESIAN_POINT ( 'NONE',  ( 0.01179032648166556015, -0.05994087357796450133, 0.8649616913694743170 ) ) ;
#4191 = CARTESIAN_POINT ( 'NONE',  ( 0.03443788894025132802, 0.03443788894025099495, 0.6054687500000003331 ) ) ;
#4192 = ADVANCED_FACE ( 'NONE', ( #3107 ), #5289, .T. ) ;
#4193 = CARTESIAN_POINT ( 'NONE',  ( 0.04998640781534011840, 0.04998640781533977839, 0.5556640625000005551 ) ) ;
#4194 =( BOUNDED_CURVE ( )  B_SPLINE_CURVE ( 2, ( #1060, #1123, #2044, #2903, #5564, #4690, #255, #2455, #1930 ),
 .UNSPECIFIED., .F., .T. ) 
 B_SPLINE_CURVE_WITH_KNOTS ( ( 3, 2, 2, 2, 3 ),
 ( 0.5625000000000000000, 0.5781250000000000000, 0.5937500000000000000, 0.6093750000000000000, 0.6250000000000000000 ),
 .UNSPECIFIED. ) 
 CURVE ( )  GEOMETRIC_REPRESENTATION_ITEM ( )  RATIONAL_B_SPLINE_CURVE ( ( 1.000000000000000000, 0.9238795325112867385, 1.000000000000000000, 0.9238795325112867385, 1.000000000000000000, 0.9238795325112867385, 1.000000000000000000, 0.9238795325112867385, 1.000000000000000000 ) ) 
 REPRESENTATION_ITEM ( '' )  );
#4195 = DIRECTION ( 'NONE',  ( 0.000000000000000000, 1.000000000000000000, 0.000000000000000000 ) ) ;
#4196 = CARTESIAN_POINT ( 'NONE',  ( 0.06900000000000011680, -0.02858073580374397363, 0.6425781250000005551 ) ) ;
#4197 = CARTESIAN_POINT ( 'NONE',  ( -0.04998640781534011146, 0.04998640781533979921, 0.5966796875000002220 ) ) ;
#4198 = CARTESIAN_POINT ( 'NONE',  ( -0.07069145586676647830, -0.02928135976391408463, 0.9130859375000005551 ) ) ;
#4199 = VERTEX_POINT ( 'NONE', #73 ) ;
#4200 = FACE_OUTER_BOUND ( 'NONE', #3597, .T. ) ;
#4201 = CARTESIAN_POINT ( 'NONE',  ( -0.02017324828170081324, 0.04870252959880150972, 0.4824218750000004441 ) ) ;
#4202 = CARTESIAN_POINT ( 'NONE',  ( -0.06900000000000014455, 0.02858073580374329709, 0.6269531250000004441 ) ) ;
#4203 = CARTESIAN_POINT ( 'NONE',  ( 0.03443788894025132108, -0.03443788894025164721, 0.7226562500000002220 ) ) ;
#4204 = CARTESIAN_POINT ( 'NONE',  ( 0.04870252959880216892, -2.235111592214474808E-16, -0.1445312500000001388 ) ) ;
#4205 = CARTESIAN_POINT ( 'NONE',  ( -5.964339698355230356E-18, -0.04870252959880239096, -0.2500000000000002220 ) ) ;
#4206 = VERTEX_POINT ( 'NONE', #2208 ) ;
#4207 = CARTESIAN_POINT ( 'NONE',  ( 0.000000000000000000, -1.493979371535143794E-17, -0.2500000000000000000 ) ) ;
#4208 = CARTESIAN_POINT ( 'NONE',  ( -0.04870252959880183585, -3.178676856567033324E-16, 0.5234375000000003331 ) ) ;
#4209 = CARTESIAN_POINT ( 'NONE',  ( -8.450062914116724582E-18, -0.06900000000000011680, -0.2343749999999994726 ) ) ;
#4210 = CARTESIAN_POINT ( 'NONE',  ( -8.450062914116752315E-18, -0.06900000000000044986, 0.8281250000000001110 ) ) ;
#4211 = B_SPLINE_CURVE_WITH_KNOTS ( 'NONE', 3,
 ( #672, #4121, #1091, #1551, #2401, #3775 ),
 .UNSPECIFIED., .F., .F.,
 ( 4, 2, 4 ),
 ( 1.788112030672749005E-18, 0.0003339356863370983677, 0.0006678713726741948922 ),
 .UNSPECIFIED. ) ;
#4212 = CARTESIAN_POINT ( 'NONE',  ( 1.192867939671037905E-17, 0.04870252959880150972, 0.7304687500000003331 ) ) ;
#4213 = CARTESIAN_POINT ( 'NONE',  ( -0.02017324828170095202, 0.04870252959880195381, -0.1074218750000002082 ) ) ;
#4214 = CYLINDRICAL_SURFACE ( 'NONE', #4863, 0.06899999999999970046 ) ;
#4215 = CARTESIAN_POINT ( 'NONE',  ( 0.04998640781534013228, 0.04998640781533989635, -0.03417968749999932693 ) ) ;
#4216 = CARTESIAN_POINT ( 'NONE',  ( -0.03443788894025132802, -0.03443788894025164027, 0.6523437500000002220 ) ) ;
#4217 = VECTOR ( 'NONE', #2263, 39.37007874015748143 ) ;
#4218 = CARTESIAN_POINT ( 'NONE',  ( 0.04998640781534011840, 0.04998640781533977839, 0.5869140625000004441 ) ) ;
#4219 = CARTESIAN_POINT ( 'NONE',  ( -3.715719496428360593E-14, -0.06899999999999972822, -0.1367187500000025813 ) ) ;
#4220 = CARTESIAN_POINT ( 'NONE',  ( -0.03443788894025155700, -0.03443788894025177905, -0.2500000000000001110 ) ) ;
#4221 = AXIS2_PLACEMENT_3D ( 'NONE', #3571, #1353, #2223 ) ;
#4222 = DIRECTION ( 'NONE',  ( -0.8660254037844397068, 0.000000000000000000, 0.4999999999999979461 ) ) ;
#4223 = CARTESIAN_POINT ( 'NONE',  ( -6.975793265435210994E-13, -0.06899999999999970046, -0.1054687500000476702 ) ) ;
#4224 = CARTESIAN_POINT ( 'NONE',  ( -0.02928135976391377585, 0.07069145586676615911, 0.5634765625000002220 ) ) ;
#4225 = CARTESIAN_POINT ( 'NONE',  ( 0.1249999999999999584, -0.05773502691896292838, 0.8640654110148560108 ) ) ;
#4226 =( BOUNDED_CURVE ( )  B_SPLINE_CURVE ( 2, ( #1797, #3551, #5319, #3168, #4477, #1366, #3136, #5351, #4878 ),
 .UNSPECIFIED., .F., .T. ) 
 B_SPLINE_CURVE_WITH_KNOTS ( ( 3, 2, 2, 2, 3 ),
 ( 0.8928571428571426827, 0.9017857142857140795, 0.9107142857142854764, 0.9196428571428568732, 0.9285714285714283811 ),
 .UNSPECIFIED. ) 
 CURVE ( )  GEOMETRIC_REPRESENTATION_ITEM ( )  RATIONAL_B_SPLINE_CURVE ( ( 1.000000000000001998, 0.9238795325112848511, 1.000000000000000000, 0.9238795325112867385, 1.000000000000000000, 0.9238795325112867385, 1.000000000000000000, 0.9238795325112886259, 0.9999999999999981126 ) ) 
 REPRESENTATION_ITEM ( '' )  );
#4227 = CARTESIAN_POINT ( 'NONE',  ( -0.04998640781534011146, 0.04998640781533978533, 0.8759765625000004441 ) ) ;
#4228 = ORIENTED_EDGE ( 'NONE', *, *, #203, .F. ) ;
#4229 = DIRECTION ( 'NONE',  ( 0.000000000000000000, 1.000000000000000000, 0.000000000000000000 ) ) ;
#4230 = CARTESIAN_POINT ( 'NONE',  ( -0.02017324828170082018, -0.04870252959880215504, 0.4941406250000003886 ) ) ;
#4231 = CARTESIAN_POINT ( 'NONE',  ( -0.1249999999999999167, 6.664603118469186714E-15, 0.003608439182351153452 ) ) ;
#4232 = CARTESIAN_POINT ( 'NONE',  ( -0.02017324828170080978, 0.04870252959880150972, 0.5488281250000003331 ) ) ;
#4233 = EDGE_CURVE ( 'NONE', #437, #3822, #4390, .T. ) ;
#4234 = CARTESIAN_POINT ( 'NONE',  ( 0.000000000000000000, 0.06899999999999968658, -0.1562499999999994726 ) ) ;
#4235 = CARTESIAN_POINT ( 'NONE',  ( -0.03443788894025155700, 0.03443788894025134883, -0.1054687500000002082 ) ) ;
#4236 = CARTESIAN_POINT ( 'NONE',  ( 0.01342917922959531093, -0.04961122644024115735, -0.2499999999999998890 ) ) ;
#4237 = DIRECTION ( 'NONE',  ( 0.000000000000000000, 0.000000000000000000, 1.000000000000000000 ) ) ;
#4238 = ORIENTED_EDGE ( 'NONE', *, *, #5005, .F. ) ;
#4239 = CARTESIAN_POINT ( 'NONE',  ( 0.06900000000000011680, 0.02858073580374330749, 0.7402343750000005551 ) ) ;
#4240 = CARTESIAN_POINT ( 'NONE',  ( 0.02017324828170079937, -0.04870252959880216198, 0.7792968750000003331 ) ) ;
#4241 = CARTESIAN_POINT ( 'NONE',  ( 0.000000000000000000, 0.04870252959880195381, -0.1718750000000001943 ) ) ;
#4242 = CARTESIAN_POINT ( 'NONE',  ( -0.02928135976391377585, 0.07069145586676627013, -0.09082031249999934774 ) ) ;
#4243 = CYLINDRICAL_SURFACE ( 'NONE', #3226, 0.04870252959880199545 ) ;
#4244 = EDGE_LOOP ( 'NONE', ( #5660, #1057, #1602, #4139 ) ) ;
#4245 = CARTESIAN_POINT ( 'NONE',  ( 0.03443788894025132802, 0.03443788894025099495, 0.5742187500000003331 ) ) ;
#4246 = CARTESIAN_POINT ( 'NONE',  ( -0.02017324828170081324, 0.04870252959880150972, 0.7988281250000005551 ) ) ;
#4247 = DIRECTION ( 'NONE',  ( -0.000000000000000000, 1.081356497492104437E-16, -1.000000000000000000 ) ) ;
#4248 = CARTESIAN_POINT ( 'NONE',  ( 0.04870252959880215504, -0.02017324828170119835, -0.2402343750000001388 ) ) ;
#4249 = EDGE_CURVE ( 'NONE', #2097, #5687, #1732, .T. ) ;
#4250 = DIRECTION ( 'NONE',  ( -0.000000000000000000, 1.081356497492104437E-16, -1.000000000000000000 ) ) ;
#4251 = DIRECTION ( 'NONE',  ( -0.000000000000000000, 1.081356497492104437E-16, -1.000000000000000000 ) ) ;
#4252 = CARTESIAN_POINT ( 'NONE',  ( -0.02928135976391377585, -0.07069145586676679749, 0.5126953125000002220 ) ) ;
#4253 = CARTESIAN_POINT ( 'NONE',  ( 0.04998640781534011146, -0.04998640781534044453, 0.7353515625000004441 ) ) ;
#4254 = ORIENTED_EDGE ( 'NONE', *, *, #1118, .T. ) ;
#4255 = CYLINDRICAL_SURFACE ( 'NONE', #4496, 0.06899999999999993638 ) ;
#4256 = CARTESIAN_POINT ( 'NONE',  ( -0.04870252959880183585, -0.02017324828170113243, 0.5527343750000003331 ) ) ;
#4257 = CARTESIAN_POINT ( 'NONE',  ( -0.05275539391193629496, -0.005689724744869585453, -0.03232553766700715231 ) ) ;
#4258 = FACE_OUTER_BOUND ( 'NONE', #1312, .T. ) ;
#4259 = EDGE_CURVE ( 'NONE', #2910, #4927, #2298, .T. ) ;
#4260 = CARTESIAN_POINT ( 'NONE',  ( -5.964339698355189526E-18, -0.04870252959880215504, 0.5937500000000003331 ) ) ;
#4261 = CARTESIAN_POINT ( 'NONE',  ( 0.02017324828170097978, 0.04870252959880194688, -0.1699218750000001665 ) ) ;
#4262 = CARTESIAN_POINT ( 'NONE',  ( -0.1187499999999999944, -1.707404996040164512E-16, 0.000000000000000000 ) ) ;
#4263 = CARTESIAN_POINT ( 'NONE',  ( -0.02017324828170095896, -0.04870252959880238403, -0.1894531250000002220 ) ) ;
#4264 = CARTESIAN_POINT ( 'NONE',  ( -4.698948156521593470E-15, -0.06899999999999972822, -0.1992187500000003608 ) ) ;
#4265 = ORIENTED_EDGE ( 'NONE', *, *, #5514, .F. ) ;
#4266 = CARTESIAN_POINT ( 'NONE',  ( 0.1249999999999999445, 0.05773502691896221367, -0.3818813079129863564 ) ) ;
#4267 = CARTESIAN_POINT ( 'NONE',  ( -0.04879036790187187000, 0.04879036790187154388, 0.8125000000000004441 ) ) ;
#4268 = CARTESIAN_POINT ( 'NONE',  ( -0.04870252959880183585, 0.02017324828170049406, 0.8300781250000005551 ) ) ;
#4269 = CARTESIAN_POINT ( 'NONE',  ( -0.03443788894025155700, 0.03443788894025134883, -0.07421875000000019429 ) ) ;
#4270 = CARTESIAN_POINT ( 'NONE',  ( -0.06900000000000014455, -0.02858073580374393199, 0.5996093750000005551 ) ) ;
#4271 = ORIENTED_EDGE ( 'NONE', *, *, #412, .T. ) ;
#4272 = CARTESIAN_POINT ( 'NONE',  ( 0.04998640781534011146, -0.04998640781534034044, -0.04199218749999935468 ) ) ;
#4273 = EDGE_CURVE ( 'NONE', #3147, #4206, #15, .T. ) ;
#4274 = CARTESIAN_POINT ( 'NONE',  ( -0.04870252959880183585, -0.02017324828170113243, 0.5253906250000003331 ) ) ;
#4275 = CARTESIAN_POINT ( 'NONE',  ( -3.911225857110491064E-15, 0.05993379655413097473, -0.03648437499999970107 ) ) ;
#4276 = CARTESIAN_POINT ( 'NONE',  ( 1.192867939671037905E-17, 0.04870252959880150972, 0.8593750000000003331 ) ) ;
#4277 = CARTESIAN_POINT ( 'NONE',  ( 0.04870252959880215504, 0.02017324828170074039, -0.2363281250000001110 ) ) ;
#4278 = CARTESIAN_POINT ( 'NONE',  ( -0.06900000000000011680, 0.02858073580374329709, 0.7558593750000002220 ) ) ;
#4279 = DIRECTION ( 'NONE',  ( -1.000000000000000000, 0.000000000000000000, 0.000000000000000000 ) ) ;
#4280 = CARTESIAN_POINT ( 'NONE',  ( 0.07069145586676647830, 0.02928135976391346360, 0.4931640625000003331 ) ) ;
#4281 = CARTESIAN_POINT ( 'NONE',  ( 1.690012582823350771E-17, 0.06899999999999979761, 0.8085937500000003331 ) ) ;
#4282 = CARTESIAN_POINT ( 'NONE',  ( 0.02017324828170079937, -0.04870252959880216198, 0.8144531250000003331 ) ) ;
#4283 = EDGE_CURVE ( 'NONE', #29, #1369, #4226, .T. ) ;
#4284 = CARTESIAN_POINT ( 'NONE',  ( 0.02928135976391381748, 0.07069145586676611748, 0.8388671875000004441 ) ) ;
#4285 = ORIENTED_EDGE ( 'NONE', *, *, #1978, .T. ) ;
#4286 = CARTESIAN_POINT ( 'NONE',  ( -0.02858073580374334566, 0.06900000000000008904, 0.6855468750000005551 ) ) ;
#4287 = CARTESIAN_POINT ( 'NONE',  ( 0.04998640781534013228, 0.04998640781533977839, 0.7763671875000002220 ) ) ;
#4288 = DIRECTION ( 'NONE',  ( 0.000000000000000000, 1.000000000000000000, 0.000000000000000000 ) ) ;
#4289 = CARTESIAN_POINT ( 'NONE',  ( -0.03443788894025132802, -0.03443788894025164027, 0.6523437500000002220 ) ) ;
#4290 = CARTESIAN_POINT ( 'NONE',  ( -5.964339698355189526E-18, -0.04870252959880215504, 0.8085937500000003331 ) ) ;
#4291 = CARTESIAN_POINT ( 'NONE',  ( 0.02017324828170097978, 0.04870252959880194688, -0.08007812500000019429 ) ) ;
#4292 =( BOUNDED_CURVE ( )  B_SPLINE_CURVE ( 2, ( #3295, #1498, #3320, #5068, #2315, #122, #3269, #3631, #5392 ),
 .UNSPECIFIED., .F., .T. ) 
 B_SPLINE_CURVE_WITH_KNOTS ( ( 3, 2, 2, 2, 3 ),
 ( 0.05356815411762613083, 0.05494177630589182348, 0.05631539849415752308, 0.05768902068242322267, 0.05906264287068891533 ),
 .UNSPECIFIED. ) 
 CURVE ( )  GEOMETRIC_REPRESENTATION_ITEM ( )  RATIONAL_B_SPLINE_CURVE ( ( 1.000000000000175859, 0.9238795325111108792, 1.000000000000000000, 0.9238795325112866275, 1.000000000000000000, 0.9238795325112866275, 1.000000000000000000, 0.9238795325107873602, 1.000000000000499156 ) ) 
 REPRESENTATION_ITEM ( '' )  );
#4293 = CARTESIAN_POINT ( 'NONE',  ( -0.04870252959880183585, -3.178676856567033324E-16, 0.5507812500000003331 ) ) ;
#4294 = CARTESIAN_POINT ( 'NONE',  ( -0.04870252959880216198, -0.02017324828170116019, -0.1308593750000001943 ) ) ;
#4295 = CARTESIAN_POINT ( 'NONE',  ( -0.1249999999999999029, -0.07216878364870352169, -0.3818813079129863564 ) ) ;
#4296 = CARTESIAN_POINT ( 'NONE',  ( 0.000000000000000000, -4.268512490100411279E-17, -0.007812499999999985255 ) ) ;
#4297 = ORIENTED_EDGE ( 'NONE', *, *, #3462, .F. ) ;
#4298 = CARTESIAN_POINT ( 'NONE',  ( 0.02858073580374332831, -0.06900000000000075517, 0.5761718750000005551 ) ) ;
#4299 = CARTESIAN_POINT ( 'NONE',  ( 0.06531502265954861053, 1.126084012510403652E-12, 0.8693150226595488528 ) ) ;
#4300 = CARTESIAN_POINT ( 'NONE',  ( 0.03443788894025155700, -0.03443788894025177211, -0.05468750000000015959 ) ) ;
#4301 = CARTESIAN_POINT ( 'NONE',  ( -0.04870252959880183585, -0.02017324828170113243, 0.8339843750000003331 ) ) ;
#4302 = LINE ( 'NONE', #2170, #4487 ) ;
#4303 = CARTESIAN_POINT ( 'NONE',  ( 0.07069145586676646442, -2.343075438368866228E-16, -0.2548828125000002776 ) ) ;
#4304 = CARTESIAN_POINT ( 'NONE',  ( 1.192867939671037905E-17, 0.04870252959880150972, 0.9179687500000003331 ) ) ;
#4305 = CARTESIAN_POINT ( 'NONE',  ( -0.04870252959880183585, 0.02017324828170049406, 0.8339843750000003331 ) ) ;
#4306 = VECTOR ( 'NONE', #3332, 39.37007874015748143 ) ;
#4307 = EDGE_CURVE ( 'NONE', #1322, #989, #923, .T. ) ;
#4308 = CARTESIAN_POINT ( 'NONE',  ( 0.04870252959880182891, 0.02017324828170050446, 0.5097656250000003331 ) ) ;
#4309 = CARTESIAN_POINT ( 'NONE',  ( 0.000000000000000000, -1.707404996040164512E-16, 0.000000000000000000 ) ) ;
#4310 = CARTESIAN_POINT ( 'NONE',  ( -0.07069145586676647830, 0.02928135976391345666, 0.5048828125000001110 ) ) ;
#4311 = ORIENTED_EDGE ( 'NONE', *, *, #4273, .T. ) ;
#4312 = CARTESIAN_POINT ( 'NONE',  ( 0.04742153316843933375, 0.01554338505449807256, 0.8537278050072015789 ) ) ;
#4313 = CARTESIAN_POINT ( 'NONE',  ( 0.04879036790187187694, 0.04879036790187153000, 0.5273437500000002220 ) ) ;
#4314 = CARTESIAN_POINT ( 'NONE',  ( -0.1249999999999999167, 0.05773502691896206795, 0.8640654110148561218 ) ) ;
#4315 = CARTESIAN_POINT ( 'NONE',  ( 0.04998640781534011840, 0.04998640781533977839, 0.8369140625000004441 ) ) ;
#4316 = EDGE_CURVE ( 'NONE', #3969, #437, #4412, .T. ) ;
#4317 = EDGE_LOOP ( 'NONE', ( #5331, #2816, #4967, #998 ) ) ;
#4318 = DIRECTION ( 'NONE',  ( -0.000000000000000000, 1.081356497492104437E-16, -1.000000000000000000 ) ) ;
#4319 = CARTESIAN_POINT ( 'NONE',  ( 0.04998640781534011146, -0.04998640781534045147, 0.8623046875000002220 ) ) ;
#4320 = CARTESIAN_POINT ( 'NONE',  ( 5.964339698355209556E-18, -0.04870252959880201626, -0.2500000000000000000 ) ) ;
#4321 = VERTEX_POINT ( 'NONE', #3503 ) ;
#4322 = CARTESIAN_POINT ( 'NONE',  ( 0.03443788894025132802, 0.03443788894025099495, 0.6054687500000003331 ) ) ;
#4323 = CARTESIAN_POINT ( 'NONE',  ( 0.02017324828170084447, 0.04870252959880150279, 0.8222656250000003331 ) ) ;
#4324 = CARTESIAN_POINT ( 'NONE',  ( -0.02017324828170095202, 0.04870252959880195381, -0.1699218750000001665 ) ) ;
#4325 = DIRECTION ( 'NONE',  ( -0.000000000000000000, 1.081356497492104437E-16, -1.000000000000000000 ) ) ;
#4326 = CARTESIAN_POINT ( 'NONE',  ( -8.450062914116679900E-18, -0.06899999999999974210, -0.04296875000000003469 ) ) ;
#4327 = CARTESIAN_POINT ( 'NONE',  ( 0.04879036790187265410, 0.04879036790187242512, -0.09375000000000101308 ) ) ;
#4328 = CARTESIAN_POINT ( 'NONE',  ( -0.04870252959880183585, -0.02017324828170113243, 0.7714843750000005551 ) ) ;
#4329 = CARTESIAN_POINT ( 'NONE',  ( -0.03443788894025155700, 0.03443788894025134883, -0.04296875000000018735 ) ) ;
#4330 = FACE_OUTER_BOUND ( 'NONE', #5603, .T. ) ;
#4331 = CARTESIAN_POINT ( 'NONE',  ( 0.03443788894025132802, 0.03443788894025099495, 0.8828125000000003331 ) ) ;
#4332 = CARTESIAN_POINT ( 'NONE',  ( -0.03443788894025132108, 0.03443788894025100189, 0.8320312500000002220 ) ) ;
#4333 = EDGE_CURVE ( 'NONE', #1219, #2691, #3946, .T. ) ;
#4334 = CARTESIAN_POINT ( 'NONE',  ( -0.04870252959880216198, -0.02017324828170116366, -0.1621093750000001943 ) ) ;
#4335 = CARTESIAN_POINT ( 'NONE',  ( -0.04870252959880216892, -2.051243814698584118E-16, -0.03906250000000020817 ) ) ;
#4336 = CARTESIAN_POINT ( 'NONE',  ( -0.1249999999999999167, 0.03884844060545415700, 0.006818381201501023427 ) ) ;
#4337 = CARTESIAN_POINT ( 'NONE',  ( -8.450062914116752315E-18, -0.06900000000000044986, 0.6406250000000001110 ) ) ;
#4338 = CARTESIAN_POINT ( 'NONE',  ( 0.04998640781534013228, 0.04998640781533977839, 0.4951171875000001665 ) ) ;
#4339 = CARTESIAN_POINT ( 'NONE',  ( 0.03052946569266820967, 0.04943096122601461917, 0.8619457891769969349 ) ) ;
#4340 = CARTESIAN_POINT ( 'NONE',  ( -0.03443788894025132108, 0.03443788894025100189, 0.8945312500000003331 ) ) ;
#4341 = CARTESIAN_POINT ( 'NONE',  ( -0.02928135976391377585, -0.07069145586676678361, 0.8544921875000004441 ) ) ;
#4342 = ORIENTED_EDGE ( 'NONE', *, *, #2714, .F. ) ;
#4343 = CARTESIAN_POINT ( 'NONE',  ( -0.02017324828170095202, 0.04870252959880194688, -0.2011718750000001665 ) ) ;
#4344 = CARTESIAN_POINT ( 'NONE',  ( 0.07069145586676645054, -0.02928135976391413320, 0.8017578125000002220 ) ) ;
#4345 = DIRECTION ( 'NONE',  ( 0.000000000000000000, 1.000000000000000000, 1.237249997130560650E-16 ) ) ;
#4346 = ORIENTED_EDGE ( 'NONE', *, *, #2714, .T. ) ;
#4347 = CARTESIAN_POINT ( 'NONE',  ( -0.04870252959880183585, -0.02017324828170113243, 0.5878906250000003331 ) ) ;
#4348 = CARTESIAN_POINT ( 'NONE',  ( 0.000000000000000000, 0.06899999999999992251, -0.2500000000000000000 ) ) ;
#4349 = CARTESIAN_POINT ( 'NONE',  ( -0.07069145586676647830, -0.02928135976391398054, -0.02050781249999932693 ) ) ;
#4350 = CARTESIAN_POINT ( 'NONE',  ( 0.04870252959880215504, -0.02017324828170119835, -0.2402343750000001388 ) ) ;
#4351 = ORIENTED_EDGE ( 'NONE', *, *, #249, .F. ) ;
#4353 = ORIENTED_EDGE ( 'NONE', *, *, #4757, .T. ) ;
#4352 = EDGE_CURVE ( 'NONE', #2138, #3543, #1434, .T. ) ;
#4354 = CARTESIAN_POINT ( 'NONE',  ( -0.01249999999999998682, -0.1371206889325363998, -0.3818813079129863564 ) ) ;
#4355 = CARTESIAN_POINT ( 'NONE',  ( 0.02017324828170079937, -0.04870252959880216198, 0.5917968750000003331 ) ) ;
#4356 = CARTESIAN_POINT ( 'NONE',  ( 0.03855386788411399590, 0.05347627434339170122, -0.2466551203542594606 ) ) ;
#4357 = CARTESIAN_POINT ( 'NONE',  ( 0.04870252959880216892, -2.177706273504442707E-16, -0.05078125000000014572 ) ) ;
#4358 = CARTESIAN_POINT ( 'NONE',  ( -0.06900000000000014455, 0.02858073580374329709, 0.5957031250000005551 ) ) ;
#4359 = CARTESIAN_POINT ( 'NONE',  ( -0.04870252959880183585, -3.178676856567033324E-16, 0.4921875000000003331 ) ) ;
#4360 = CARTESIAN_POINT ( 'NONE',  ( 0.04870252959880182891, -0.02017324828170116019, 0.6621093750000002220 ) ) ;
#4361 = CARTESIAN_POINT ( 'NONE',  ( -8.450062914116752315E-18, -0.06900000000000044986, 0.6406250000000001110 ) ) ;
#4362 = CARTESIAN_POINT ( 'NONE',  ( -0.04870252959880216198, -0.02017324828170116366, -0.1582031250000001665 ) ) ;
#4363 = CARTESIAN_POINT ( 'NONE',  ( 0.06900000000000011680, -3.335249498770559690E-16, 0.7695312500000005551 ) ) ;
#4364 = DIRECTION ( 'NONE',  ( 0.000000000000000000, 1.000000000000000000, 1.081356497492104437E-16 ) ) ;
#4365 = CARTESIAN_POINT ( 'NONE',  ( 0.04911530502381834806, -0.03225591736023437212, -0.2500000000000008327 ) ) ;
#4366 = CARTESIAN_POINT ( 'NONE',  ( -0.04870252959880183585, -3.178676856567033324E-16, 0.8984375000000002220 ) ) ;
#4367 = CARTESIAN_POINT ( 'NONE',  ( -0.02928135976391377585, -0.07069145586676678361, 0.8232421875000005551 ) ) ;
#4368 = CARTESIAN_POINT ( 'NONE',  ( 0.000000000000000000, 0.06899999999999968658, -0.06249999999999947264 ) ) ;
#4369 = CARTESIAN_POINT ( 'NONE',  ( 1.690012582823350463E-17, 0.06899999999999979761, 0.5625000000000001110 ) ) ;
#4370 = CARTESIAN_POINT ( 'NONE',  ( 0.07069145586676647830, 0.02928135976391346360, 0.7744140625000001110 ) ) ;
#4371 = EDGE_LOOP ( 'NONE', ( #81, #3974, #1808, #1575 ) ) ;
#4372 = VERTEX_POINT ( 'NONE', #3252 ) ;
#4373 = CARTESIAN_POINT ( 'NONE',  ( -0.03443788894025132108, 0.03443788894025100189, 0.8281250000000003331 ) ) ;
#4374 =( BOUNDED_CURVE ( )  B_SPLINE_CURVE ( 2, ( #179, #979, #1393, #4071, #1475, #65, #2799, #947, #4526 ),
 .UNSPECIFIED., .F., .T. ) 
 B_SPLINE_CURVE_WITH_KNOTS ( ( 3, 2, 2, 2, 3 ),
 ( 0.6071428571428573173, 0.6160714285714288252, 0.6250000000000001110, 0.6339285714285713969, 0.6428571428571429047 ),
 .UNSPECIFIED. ) 
 CURVE ( )  GEOMETRIC_REPRESENTATION_ITEM ( )  RATIONAL_B_SPLINE_CURVE ( ( 0.9999999999999981126, 0.9238795325112886259, 1.000000000000000000, 0.9238795325112867385, 1.000000000000000000, 0.9238795325112867385, 1.000000000000000000, 0.9238795325112867385, 1.000000000000000000 ) ) 
 REPRESENTATION_ITEM ( '' )  );
#4375 = EDGE_CURVE ( 'NONE', #1721, #1662, #5598, .T. ) ;
#4376 = DIRECTION ( 'NONE',  ( 0.000000000000000000, 0.000000000000000000, 1.000000000000000000 ) ) ;
#4377 = CARTESIAN_POINT ( 'NONE',  ( 0.04870252959880216892, -2.180098161784027378E-16, -0.05468750000000019429 ) ) ;
#4378 = CARTESIAN_POINT ( 'NONE',  ( -0.03443788894025155700, 0.03443788894025134190, -0.2265625000000001665 ) ) ;
#4379 = CARTESIAN_POINT ( 'NONE',  ( 0.03443788894025132108, -0.03443788894025164721, 0.8164062500000003331 ) ) ;
#4380 = CARTESIAN_POINT ( 'NONE',  ( -0.1249999999999998751, 0.009715314833042871731, 0.8713915608175646366 ) ) ;
#4381 = CARTESIAN_POINT ( 'NONE',  ( 0.03835630703200947067, 0.05699521580294272111, 0.8723863355497150085 ) ) ;
#4382 = CARTESIAN_POINT ( 'NONE',  ( 0.006230904525425551808, -0.04870252959880237015, -0.03064673892715348222 ) ) ;
#4383 = CARTESIAN_POINT ( 'NONE',  ( 0.02017324828170093814, -0.04870252959880238403, -0.02539062500000014572 ) ) ;
#4384 = CARTESIAN_POINT ( 'NONE',  ( 0.000000000000000000, 0.07069145586676624238, -0.1220703125000003053 ) ) ;
#4385 = CARTESIAN_POINT ( 'NONE',  ( 0.03443788894025132108, -0.03443788894025164721, 0.8750000000000003331 ) ) ;
#4386 = CARTESIAN_POINT ( 'NONE',  ( -0.03443788894025132108, 0.03443788894025100189, 0.7070312500000003331 ) ) ;
#4387 = VECTOR ( 'NONE', #2760, 39.37007874015748143 ) ;
#4388 = CARTESIAN_POINT ( 'NONE',  ( -0.06900000000000011680, 0.02858073580374329709, 0.6308593750000000000 ) ) ;
#4389 = CARTESIAN_POINT ( 'NONE',  ( -0.03443788894025155700, 0.03443788894025134190, -0.1953125000000001388 ) ) ;
#4390 = LINE ( 'NONE', #870, #4217 ) ;
#4391 = LINE ( 'NONE', #4881, #532 ) ;
#4392 = EDGE_LOOP ( 'NONE', ( #90, #879, #2012, #1435 ) ) ;
#4393 = CARTESIAN_POINT ( 'NONE',  ( 0.03250592415814386460, -0.04357842295506286767, -0.2500000000000001110 ) ) ;
#4394 = CARTESIAN_POINT ( 'NONE',  ( 0.04870252959880183585, -3.297963650534137407E-16, 0.8203125000000002220 ) ) ;
#4395 = VECTOR ( 'NONE', #5295, 39.37007874015748143 ) ;
#4396 = CARTESIAN_POINT ( 'NONE',  ( -0.07069145586676647830, -0.02928135976391408463, 0.7255859375000005551 ) ) ;
#4397 = EDGE_LOOP ( 'NONE', ( #4297, #935, #1917, #1957 ) ) ;
#4398 = CARTESIAN_POINT ( 'NONE',  ( -4.698948156521593470E-15, -0.06899999999999972822, -0.1992187500000003608 ) ) ;
#4399 =( GEOMETRIC_REPRESENTATION_CONTEXT ( 3 ) GLOBAL_UNCERTAINTY_ASSIGNED_CONTEXT ( ( #1049 ) ) GLOBAL_UNIT_ASSIGNED_CONTEXT ( ( #2299, #5706, #4450 ) ) REPRESENTATION_CONTEXT ( 'NONE', 'WORKASPACE' ) );
#4400 = CARTESIAN_POINT ( 'NONE',  ( 1.690012582823350771E-17, 0.06899999999999979761, 0.5585937500000005551 ) ) ;
#4401 = CARTESIAN_POINT ( 'NONE',  ( -0.07069145586676646442, -3.165212522481658049E-16, 0.8193359375000002220 ) ) ;
#4402 = CARTESIAN_POINT ( 'NONE',  ( -0.07069145586676647830, 0.02928135976391355727, -0.2119140624999993339 ) ) ;
#4403 = ORIENTED_EDGE ( 'NONE', *, *, #1922, .F. ) ;
#4404 = ADVANCED_FACE ( 'NONE', ( #2443 ), #2212, .T. ) ;
#4405 = CARTESIAN_POINT ( 'NONE',  ( 0.03443788894025132108, -0.03443788894025164721, 0.7812500000000003331 ) ) ;
#4406 = CARTESIAN_POINT ( 'NONE',  ( 0.02556794352897751726, 0.04145137697376483771, 0.8527025295988018838 ) ) ;
#4407 = CARTESIAN_POINT ( 'NONE',  ( 0.04713637036846717726, 0.02642054177372330295, -0.02081671926376779669 ) ) ;
#4408 = EDGE_CURVE ( 'NONE', #2691, #1219, #3942, .T. ) ;
#4409 = CARTESIAN_POINT ( 'NONE',  ( 1.690012582823350463E-17, 0.06899999999999979761, 0.5000000000000001110 ) ) ;
#4410 = CARTESIAN_POINT ( 'NONE',  ( -0.1042994580772521190, -0.08412024710017314277, 0.8663578120149950657 ) ) ;
#4411 = ORIENTED_EDGE ( 'NONE', *, *, #1844, .F. ) ;
#4412 =( BOUNDED_CURVE ( )  B_SPLINE_CURVE ( 2, ( #490, #520, #4052, #109, #1858, #547, #5379, #1425, #3194 ),
 .UNSPECIFIED., .F., .T. ) 
 B_SPLINE_CURVE_WITH_KNOTS ( ( 3, 2, 2, 2, 3 ),
 ( 0.3928571428571426272, 0.4017857142857140795, 0.4107142857142854764, 0.4196428571428569287, 0.4285714285714284921 ),
 .UNSPECIFIED. ) 
 CURVE ( )  GEOMETRIC_REPRESENTATION_ITEM ( )  RATIONAL_B_SPLINE_CURVE ( ( 1.000000000000002442, 0.9238795325112844070, 1.000000000000000000, 0.9238795325112867385, 1.000000000000000000, 0.9238795325112867385, 1.000000000000000000, 0.9238795325112877377, 0.9999999999999990008 ) ) 
 REPRESENTATION_ITEM ( '' )  );
#4413 = FACE_OUTER_BOUND ( 'NONE', #5354, .T. ) ;
#4414 = CARTESIAN_POINT ( 'NONE',  ( -0.07069145586676646442, -2.161559699081715931E-16, -0.2412109374999993339 ) ) ;
#4415 = CARTESIAN_POINT ( 'NONE',  ( -8.657206515430192834E-18, -0.07069145586676667259, -0.1689453125000003331 ) ) ;
#4416 = CARTESIAN_POINT ( 'NONE',  ( 1.192867939671037905E-17, 0.04870252959880150972, 0.7617187500000003331 ) ) ;
#4417 = CARTESIAN_POINT ( 'NONE',  ( 0.02017324828170079937, -0.04870252959880216198, 0.6894531250000004441 ) ) ;
#4418 = CARTESIAN_POINT ( 'NONE',  ( -0.02017324828170095549, -0.04870252959880237709, -0.1230468750000001665 ) ) ;
#4419 = CARTESIAN_POINT ( 'NONE',  ( 0.04870252959880215504, -0.02017324828170119488, -0.1777343750000001665 ) ) ;
#4420 = CARTESIAN_POINT ( 'NONE',  ( -0.1249999999999999167, 0.05773502691896215816, -0.3818813079129863564 ) ) ;
#4421 = CARTESIAN_POINT ( 'NONE',  ( 0.02858073580374447670, 0.06899999999999896494, 0.7792968749999996669 ) ) ;
#4422 = ORIENTED_EDGE ( 'NONE', *, *, #1350, .T. ) ;
#4423 = CARTESIAN_POINT ( 'NONE',  ( -0.04870252959880183585, -3.178676856567033324E-16, 0.8046875000000003331 ) ) ;
#4424 = CARTESIAN_POINT ( 'NONE',  ( -0.07069145586676646442, -3.165212522481658049E-16, 0.7236328125000004441 ) ) ;
#4425 = ADVANCED_FACE ( 'NONE', ( #1712 ), #5415, .T. ) ;
#4426 = CARTESIAN_POINT ( 'NONE',  ( 0.04566219964832805844, -0.1179744840386540844, 0.8707252379844548917 ) ) ;
#4427 = CARTESIAN_POINT ( 'NONE',  ( -0.02858073580374388689, -0.06900000000000017231, 0.8574218750000001110 ) ) ;
#4428 = CARTESIAN_POINT ( 'NONE',  ( 0.07069145586676646442, -3.338356652790262245E-16, 0.6474609375000001110 ) ) ;
#4429 = CARTESIAN_POINT ( 'NONE',  ( -0.04998640781534011840, -0.04998640781534033350, -0.2060546874999993616 ) ) ;
#4430 = ORIENTED_EDGE ( 'NONE', *, *, #3760, .T. ) ;
#4431 = ORIENTED_EDGE ( 'NONE', *, *, #3737, .F. ) ;
#4432 = CARTESIAN_POINT ( 'NONE',  ( 0.04870252959880183585, -3.297963650534137407E-16, 0.6914062500000004441 ) ) ;
#4433 = CARTESIAN_POINT ( 'NONE',  ( 0.03443788894025132802, 0.03443788894025099495, 0.6015625000000004441 ) ) ;
#4434 = FACE_OUTER_BOUND ( 'NONE', #5007, .T. ) ;
#4435 = CARTESIAN_POINT ( 'NONE',  ( 0.04879036790187187694, 0.04879036790187153000, 0.8710937500000002220 ) ) ;
#4436 = EDGE_CURVE ( 'NONE', #3543, #3426, #2822, .T. ) ;
#4437 = CARTESIAN_POINT ( 'NONE',  ( 0.03443788894025156394, 0.03443788894025132802, -0.2343750000000001388 ) ) ;
#4438 = CARTESIAN_POINT ( 'NONE',  ( -0.1124999999999998779, -0.07938566201357385999, 0.8640654110148560108 ) ) ;
#4439 = ORIENTED_EDGE ( 'NONE', *, *, #779, .F. ) ;
#4440 = CARTESIAN_POINT ( 'NONE',  ( -0.1249999999999999167, 0.04834854749289570902, 0.8663377933282500054 ) ) ;
#4441 = CARTESIAN_POINT ( 'NONE',  ( -0.02017324828170095896, -0.04870252959880239096, -0.2167968750000001388 ) ) ;
#4442 = CARTESIAN_POINT ( 'NONE',  ( -0.04870252959880216892, -2.087122138892353935E-16, -0.09765625000000013878 ) ) ;
#4443 = CARTESIAN_POINT ( 'NONE',  ( 0.02928135976391375503, -0.07069145586676670034, -0.1669921875000003053 ) ) ;
#4444 = CARTESIAN_POINT ( 'NONE',  ( 0.04870252959880182891, -0.02017324828170116019, 0.7832031250000003331 ) ) ;
#4445 =( BOUNDED_CURVE ( )  B_SPLINE_CURVE ( 2, ( #4219, #2036, #5118, #4681, #3842, #729, #5149, #4712, #5617 ),
 .UNSPECIFIED., .F., .T. ) 
 B_SPLINE_CURVE_WITH_KNOTS ( ( 3, 2, 2, 2, 3 ),
 ( 0.03708600078191722632, 0.03845944149866611927, 0.03983288221541501917, 0.04120632293216391212, 0.04257976364891280507 ),
 .UNSPECIFIED. ) 
 CURVE ( )  GEOMETRIC_REPRESENTATION_ITEM ( )  RATIONAL_B_SPLINE_CURVE ( ( 1.000000000000577538, 0.9238795325107090894, 1.000000000000000000, 0.9238795325112867385, 1.000000000000000000, 0.9238795325112867385, 1.000000000000000000, 0.9238795325108302148, 1.000000000000456524 ) ) 
 REPRESENTATION_ITEM ( '' )  );
#4446 = CARTESIAN_POINT ( 'NONE',  ( 0.02017324828170084447, 0.04870252959880150279, 0.6699218750000003331 ) ) ;
#4447 = CARTESIAN_POINT ( 'NONE',  ( -0.04870252959880216892, -2.087122138892353935E-16, -0.09765625000000013878 ) ) ;
#4448 = CARTESIAN_POINT ( 'NONE',  ( -0.02017324828170095896, -0.04870252959880238403, -0.1855468750000001388 ) ) ;
#4449 = ADVANCED_FACE ( 'NONE', ( #2624 ), #383, .T. ) ;
#4450 =( NAMED_UNIT ( * ) SI_UNIT ( $, .STERADIAN. ) SOLID_ANGLE_UNIT ( ) );
#4451 = CARTESIAN_POINT ( 'NONE',  ( -2.739698395493584162E-17, -0.1443375672974067103, -0.3818813079129863564 ) ) ;
#4452 = CARTESIAN_POINT ( 'NONE',  ( 0.09999999999999996392, -0.05773502691896287980, -0.3818813079129863564 ) ) ;
#4453 = ORIENTED_EDGE ( 'NONE', *, *, #5108, .T. ) ;
#4454 = CARTESIAN_POINT ( 'NONE',  ( 0.1124999999999999473, -0.07938566201357383223, 0.8640654110148560108 ) ) ;
#4455 = CARTESIAN_POINT ( 'NONE',  ( -0.02017324828170082018, -0.04870252959880215504, 0.7792968750000002220 ) ) ;
#4456 = CARTESIAN_POINT ( 'NONE',  ( 0.04998640781534011840, 0.04998640781533977839, 0.6494140625000004441 ) ) ;
#4457 = CARTESIAN_POINT ( 'NONE',  ( 0.06900000000000011680, -3.335249498770560676E-16, 0.7421875000000001110 ) ) ;
#4458 = CARTESIAN_POINT ( 'NONE',  ( 0.000000000000000000, 0.04870252959880194688, -0.2031250000000001665 ) ) ;
#4459 = CARTESIAN_POINT ( 'NONE',  ( -0.05415427179554823528, -0.007759645343639455344, -0.2499999999999902578 ) ) ;
#4460 = CARTESIAN_POINT ( 'NONE',  ( 0.07069145586676647830, 0.02928135976391346360, 0.7431640625000001110 ) ) ;
#4461 = EDGE_CURVE ( 'NONE', #1817, #936, #4800, .T. ) ;
#4462 = ORIENTED_EDGE ( 'NONE', *, *, #4859, .F. ) ;
#4463 = CARTESIAN_POINT ( 'NONE',  ( 0.04870252959880182891, -0.02017324828170116019, 0.7519531250000004441 ) ) ;
#4464 = CARTESIAN_POINT ( 'NONE',  ( -5.964339698355189526E-18, -0.04870252959880215504, 0.5898437500000004441 ) ) ;
#4465 = CARTESIAN_POINT ( 'NONE',  ( 0.04870252959880183585, -3.297963650534137407E-16, 0.6601562500000003331 ) ) ;
#4466 = CARTESIAN_POINT ( 'NONE',  ( 0.03443788894025155700, -0.03443788894025177211, -0.08984375000000018041 ) ) ;
#4467 = CARTESIAN_POINT ( 'NONE',  ( 0.03443788894025155700, -0.03443788894025177905, -0.2109375000000001388 ) ) ;
#4468 = PLANE ( 'NONE',  #519 ) ;
#4469 = ORIENTED_EDGE ( 'NONE', *, *, #2709, .T. ) ;
#4470 = CARTESIAN_POINT ( 'NONE',  ( -0.1249999999999999029, -0.05773502691896542638, 0.01093458898514461548 ) ) ;
#4471 = CYLINDRICAL_SURFACE ( 'NONE', #2571, 0.06899999999999970046 ) ;
#4472 = CARTESIAN_POINT ( 'NONE',  ( -0.04998640781534011146, 0.04998640781533988942, -0.2119140625000003053 ) ) ;
#4473 = CARTESIAN_POINT ( 'NONE',  ( -0.03443788894025132108, 0.03443788894025100189, 0.7968750000000003331 ) ) ;
#4474 = CARTESIAN_POINT ( 'NONE',  ( -0.04870252959880183585, -0.02017324828170113243, 0.7441406250000004441 ) ) ;
#4475 = CARTESIAN_POINT ( 'NONE',  ( -0.04870252959880216892, -0.02017324828170116713, -0.1894531250000001388 ) ) ;
#4476 = CARTESIAN_POINT ( 'NONE',  ( -0.02017324828170095202, 0.04870252959880194688, -0.1972656250000001110 ) ) ;
#4477 = CARTESIAN_POINT ( 'NONE',  ( -0.06900000000000011680, -3.166248240488225568E-16, 0.5351562500000005551 ) ) ;
#4478 =( BOUNDED_CURVE ( )  B_SPLINE_CURVE ( 2, ( #2252, #4868, #1877, #4068, #4839, #420, #1326, #3098, #2317, #944, #3574, #1416, #4498, #2706, #2737, #914, #3634, #4006, #859, #2674, #4379, #4926, #62, #2763, #1815, #511, #125, #3953, #4, #5279, #2851, #1962, #2821, #4641, #2458, #3747, #2406, #3691, #2374, #1473, #1556, #591, #4551, #4153, #4523, #4581, #4982, #3241, #1034, #3271, #1127, #619, #3323, #5422, #207, #1991, #5512, #4125, #565, #2905, #177, #5484, #3719, #2435, #1936, #1097, #1526, #5453, #4203, #675, #259, #2880, #1500, #3297, #2343, #4098, #5012, #2018, #5070, #1065, #234, #5042, #148, #1903, #5396, #4612, #649, #1439, #4179, #3211, #1005, #4953, #2796, #3660, #3040, #1579, #5096, #1185, #2963, #1695, #796, #1606, #3457, #4753, #4289, #5216, #1155, #1265, #768, #2048, #5596, #3804, #1238, #2579, #3378, #286, #4694, #1633, #741, #5631, #4724, #5130, #2932, #5568, #2519, #4782, #1664, #338, #4322, #825, #5161, #3858, #3827, #393, #4260, #3778, #310, #4347, #2604, #367, #2134, #2075, #2104, #3406, #3887, #1215, #2491, #2986, #3431, #2543, #5543, #3353, #5661, #5184, #3011, #4667, #710, #4232, #1651, #4798, #2149, #4714, #4769, #3419, #1228, #3000, #1680, #5262, #813, #5704, #4740, #2594, #405, #2176, #2563, #757, #1309, #4308, #358, #3932, #4824, #2121, #842 ),
 .UNSPECIFIED., .F., .T. ) 
 B_SPLINE_CURVE_WITH_KNOTS ( ( 3, 2, 2, 2, 2, 2, 2, 2, 2, 2, 2, 2, 2, 2, 2, 2, 2, 2, 2, 2, 2, 2, 2, 2, 2, 2, 2, 2, 2, 2, 2, 2, 2, 2, 2, 2, 2, 2, 2, 2, 2, 2, 2, 2, 2, 2, 2, 2, 2, 2, 2, 2, 2, 2, 2, 2, 2, 2, 2, 2, 2, 2, 2, 2, 2, 2, 2, 2, 2, 2, 2, 2, 2, 2, 2, 2, 2, 2, 2, 2, 2, 2, 2, 2, 2, 2, 2, 2, 2, 2, 2, 3 ),
 ( 0.1580492586357567231, 0.1607142857142857262, 0.1696428571428571508, 0.1785714285714285754, 0.1875000000000000000, 0.1964285714285714246, 0.2053571428571428492, 0.2142857142857142738, 0.2232142857142856984, 0.2321428571428571508, 0.2410714285714285754, 0.2500000000000000000, 0.2589285714285714524, 0.2678571428571428492, 0.2767857142857143016, 0.2857142857142856984, 0.2946428571428570953, 0.3035714285714284921, 0.3125000000000000000, 0.3214285714285713969, 0.3303571428571428492, 0.3392857142857143016, 0.3482142857142856984, 0.3571428571428570953, 0.3660714285714284921, 0.3749999999999999445, 0.3839285714285713969, 0.3928571428571427937, 0.4017857142857143016, 0.4107142857142856984, 0.4196428571428570953, 0.4285714285714284921, 0.4375000000000000000, 0.4464285714285713969, 0.4553571428571427937, 0.4642857142857143016, 0.4732142857142856984, 0.4821428571428570953, 0.4910714285714284921, 0.5000000000000000000, 0.5089285714285713969, 0.5178571428571429047, 0.5267857142857143016, 0.5357142857142856984, 0.5446428571428570953, 0.5535714285714286031, 0.5625000000000000000, 0.5714285714285713969, 0.5803571428571427937, 0.5892857142857141906, 0.5982142857142856984, 0.6071428571428570953, 0.6160714285714286031, 0.6250000000000000000, 0.6339285714285712858, 0.6428571428571429047, 0.6517857142857143016, 0.6607142857142856984, 0.6696428571428570953, 0.6785714285714284921, 0.6874999999999998890, 0.6964285714285712858, 0.7053571428571427937, 0.7142857142857141906, 0.7232142857142855874, 0.7321428571428569843, 0.7410714285714284921, 0.7500000000000000000, 0.7589285714285712858, 0.7678571428571427937, 0.7767857142857141906, 0.7857142857142855874, 0.7946428571428569843, 0.8035714285714284921, 0.8124999999999998890, 0.8214285714285712858, 0.8303571428571427937, 0.8392857142857143016, 0.8482142857142856984, 0.8571428571428570953, 0.8660714285714284921, 0.8749999999999998890, 0.8839285714285712858, 0.8928571428571427937, 0.9017857142857141906, 0.9107142857142855874, 0.9196428571428569843, 0.9285714285714286031, 0.9375000000000000000, 0.9464285714285711748, 0.9553571428571427937, 0.9642857142857141906 ),
 .UNSPECIFIED. ) 
 CURVE ( )  GEOMETRIC_REPRESENTATION_ITEM ( )  RATIONAL_B_SPLINE_CURVE ( ( 0.9681221317922141800, 0.9772793320061767819, 1.000000000000000000, 0.9238795325112867385, 1.000000000000000000, 0.9238795325112867385, 1.000000000000000000, 0.9238795325112867385, 1.000000000000000000, 0.9238795325112867385, 1.000000000000000000, 0.9238795325112867385, 1.000000000000000000, 0.9238795325112867385, 1.000000000000000000, 0.9238795325112867385, 1.000000000000000000, 0.9238795325112867385, 1.000000000000000000, 0.9238795325112867385, 1.000000000000000000, 0.9238795325112867385, 1.000000000000000000, 0.9238795325112867385, 1.000000000000000000, 0.9238795325112867385, 1.000000000000000000, 0.9238795325112867385, 1.000000000000000000, 0.9238795325112867385, 1.000000000000000000, 0.9238795325112867385, 1.000000000000000000, 0.9238795325112867385, 1.000000000000000000, 0.9238795325112867385, 1.000000000000000000, 0.9238795325112867385, 1.000000000000000000, 0.9238795325112867385, 1.000000000000000000, 0.9238795325112867385, 1.000000000000000000, 0.9238795325112867385, 1.000000000000000000, 0.9238795325112867385, 1.000000000000000000, 0.9238795325112867385, 1.000000000000000000, 0.9238795325112867385, 1.000000000000000000, 0.9238795325112867385, 1.000000000000000000, 0.9238795325112867385, 1.000000000000000000, 0.9238795325112867385, 1.000000000000000000, 0.9238795325112867385, 1.000000000000000000, 0.9238795325112867385, 1.000000000000000000, 0.9238795325112867385, 1.000000000000000000, 0.9238795325112867385, 1.000000000000000000, 0.9238795325112867385, 1.000000000000000000, 0.9238795325112867385, 1.000000000000000000, 0.9238795325112867385, 1.000000000000000000, 0.9238795325112867385, 1.000000000000000000, 0.9238795325112867385, 1.000000000000000000, 0.9238795325112867385, 1.000000000000000000, 0.9238795325112867385, 1.000000000000000000, 0.9238795325112867385, 1.000000000000000000, 0.9238795325112867385, 1.000000000000000000, 0.9238795325112867385, 1.000000000000000000, 0.9238795325112867385, 1.000000000000000000, 0.9238795325112867385, 1.000000000000000000, 0.9238795325112867385, 1.000000000000000000, 0.9238795325112867385, 1.000000000000000000, 0.9238795325112867385, 1.000000000000000000, 0.9238795325112867385, 1.000000000000000000, 0.9238795325112867385, 1.000000000000000000, 0.9238795325112867385, 1.000000000000000000, 0.9238795325112867385, 1.000000000000000000, 0.9238795325112867385, 1.000000000000000000, 0.9238795325112867385, 1.000000000000000000, 0.9238795325112867385, 1.000000000000000000, 0.9238795325112867385, 1.000000000000000000, 0.9238795325112867385, 1.000000000000000000, 0.9238795325112867385, 1.000000000000000000, 0.9238795325112867385, 1.000000000000000000, 0.9238795325112867385, 1.000000000000000000, 0.9238795325112867385, 1.000000000000000000, 0.9238795325112867385, 1.000000000000000000, 0.9238795325112867385, 1.000000000000000000, 0.9238795325112867385, 1.000000000000000000, 0.9238795325112867385, 1.000000000000000000, 0.9238795325112867385, 1.000000000000000000, 0.9238795325112867385, 1.000000000000000000, 0.9238795325112867385, 1.000000000000000000, 0.9238795325112867385, 1.000000000000000000, 0.9238795325112867385, 1.000000000000000000, 0.9238795325112867385, 1.000000000000000000, 0.9238795325112867385, 1.000000000000000000, 0.9238795325112867385, 1.000000000000000000, 0.9238795325112867385, 1.000000000000000000, 0.9238795325112867385, 1.000000000000000000, 0.9238795325112867385, 1.000000000000000000, 0.9238795325112867385, 1.000000000000000000, 0.9238795325112867385, 1.000000000000000000, 0.9238795325112867385, 1.000000000000000000, 0.9238795325112867385, 1.000000000000000000, 0.9238795325112867385, 1.000000000000000000, 0.9238795325112867385, 1.000000000000000000, 0.9238795325112867385, 1.000000000000000000, 0.9238795325112867385, 1.000000000000000000, 0.9238795325112867385, 1.000000000000000000, 0.9238795325112867385, 1.000000000000000000, 0.9238795325112867385, 1.000000000000000000, 0.9238795325112867385, 1.000000000000000000, 0.9238795325112867385, 1.000000000000000000, 0.9238795325112867385, 1.000000000000000000, 0.9238795325112867385, 1.000000000000000000, 0.9238795325112877377, 0.9999999999999990008 ) ) 
 REPRESENTATION_ITEM ( '' )  );
#4479 = LINE ( 'NONE', #3138, #894 ) ;
#4480 = ORIENTED_EDGE ( 'NONE', *, *, #249, .T. ) ;
#4481 = DIRECTION ( 'NONE',  ( 0.000000000000000000, 1.000000000000000000, 0.000000000000000000 ) ) ;
#4482 = CARTESIAN_POINT ( 'NONE',  ( 0.03443788894025132802, 0.03443788894025099495, 0.7304687500000003331 ) ) ;
#4483 = CARTESIAN_POINT ( 'NONE',  ( 0.04998640781534011146, -0.04998640781534044453, 0.6416015625000004441 ) ) ;
#4484 = EDGE_CURVE ( 'NONE', #2497, #2504, #330, .T. ) ;
#4485 = DIRECTION ( 'NONE',  ( 0.000000000000000000, 1.000000000000000000, 0.000000000000000000 ) ) ;
#4486 = CARTESIAN_POINT ( 'NONE',  ( -0.01250000000000001110, -0.1371206889325363998, 0.01093458898514408466 ) ) ;
#4487 = VECTOR ( 'NONE', #5196, 39.37007874015748854 ) ;
#4488 = CARTESIAN_POINT ( 'NONE',  ( 0.07069145586676646442, -3.338356652790262245E-16, 0.7099609375000002220 ) ) ;
#4489 = EDGE_CURVE ( 'NONE', #671, #915, #2596, .T. ) ;
#4490 = VERTEX_POINT ( 'NONE', #5708 ) ;
#4491 = CARTESIAN_POINT ( 'NONE',  ( 0.04870252959880183585, -3.297963650534137407E-16, 0.7539062500000003331 ) ) ;
#4492 = CARTESIAN_POINT ( 'NONE',  ( 0.04870252959880182891, 0.02017324828170050446, 0.5371093750000003331 ) ) ;
#4493 = CARTESIAN_POINT ( 'NONE',  ( -0.04870252959880183585, 0.02017324828170049406, 0.6738281250000005551 ) ) ;
#4494 = CARTESIAN_POINT ( 'NONE',  ( -0.04879036790187187000, 0.04879036790187154388, 0.5000000000000004441 ) ) ;
#4495 = CYLINDRICAL_SURFACE ( 'NONE', #2106, 0.06899999999999970046 ) ;
#4496 = AXIS2_PLACEMENT_3D ( 'NONE', #4805, #2071, #852 ) ;
#4497 = CARTESIAN_POINT ( 'NONE',  ( 0.06900000000000064415, -0.02858073580374409159, -0.2246093750000006661 ) ) ;
#4498 = CARTESIAN_POINT ( 'NONE',  ( -0.03443788894025132108, 0.03443788894025100189, 0.8320312500000002220 ) ) ;
#4499 = ORIENTED_EDGE ( 'NONE', *, *, #5699, .T. ) ;
#4500 = DIRECTION ( 'NONE',  ( 1.000000000000000000, 0.000000000000000000, 0.000000000000000000 ) ) ;
#4501 = CARTESIAN_POINT ( 'NONE',  ( -0.03443788894025155700, -0.03443788894025177905, -0.2500000000000001110 ) ) ;
#4502 = CARTESIAN_POINT ( 'NONE',  ( 1.690012582823350463E-17, 0.06899999999999979761, 0.7187500000000001110 ) ) ;
#4503 = CARTESIAN_POINT ( 'NONE',  ( 0.07069145586676646442, -2.304805225895511494E-16, -0.1923828125000003053 ) ) ;
#4504 = CARTESIAN_POINT ( 'NONE',  ( -0.02017324828170081324, 0.04870252959880150972, 0.7949218750000003331 ) ) ;
#4505 = CARTESIAN_POINT ( 'NONE',  ( 0.02017324828170084447, 0.04870252959880150279, 0.6074218750000002220 ) ) ;
#4506 = CARTESIAN_POINT ( 'NONE',  ( -5.964339698355230356E-18, -0.04870252959880237709, -0.08984375000000015266 ) ) ;
#4507 = CARTESIAN_POINT ( 'NONE',  ( -0.02017324828170095896, -0.04870252959880238403, -0.09179687500000012490 ) ) ;
#4508 = CARTESIAN_POINT ( 'NONE',  ( 0.1249999999999999584, -0.05773502691896287980, -0.3818813079129863564 ) ) ;
#4509 = CARTESIAN_POINT ( 'NONE',  ( 0.03443788894025155700, -0.03443788894025178599, -0.2460937500000001943 ) ) ;
#4510 = CARTESIAN_POINT ( 'NONE',  ( -0.06900000000000011680, -3.166248240488225568E-16, 0.7851562500000004441 ) ) ;
#4511 = ORIENTED_EDGE ( 'NONE', *, *, #2919, .F. ) ;
#4512 = CARTESIAN_POINT ( 'NONE',  ( 0.04870252959880182891, 0.02017324828170050446, 0.6972656250000002220 ) ) ;
#4513 = ADVANCED_FACE ( 'NONE', ( #5237 ), #2017, .T. ) ;
#4514 = CARTESIAN_POINT ( 'NONE',  ( 1.731441303086038567E-17, 0.07069145586676613136, 0.6220703125000004441 ) ) ;
#4515 = CARTESIAN_POINT ( 'NONE',  ( -0.004367932116415355372, -0.1404735710204081667, 0.01254174817448607676 ) ) ;
#4516 = CARTESIAN_POINT ( 'NONE',  ( -0.07069145586676647830, -0.02928135976391408810, 0.7275390625000002220 ) ) ;
#4517 = ORIENTED_EDGE ( 'NONE', *, *, #4761, .F. ) ;
#4518 = CARTESIAN_POINT ( 'NONE',  ( -0.02017324828170080978, 0.04870252959880150972, 0.7011718750000004441 ) ) ;
#4519 = CARTESIAN_POINT ( 'NONE',  ( -0.03443788894025132108, 0.03443788894025100189, 0.6093750000000003331 ) ) ;
#4520 = CARTESIAN_POINT ( 'NONE',  ( -0.02017324828170081324, 0.04870252959880150972, 0.7011718750000005551 ) ) ;
#4521 = CARTESIAN_POINT ( 'NONE',  ( 1.690012582823350463E-17, 0.06899999999999979761, 0.6562500000000001110 ) ) ;
#4522 = CARTESIAN_POINT ( 'NONE',  ( -8.450062914116752315E-18, -0.06900000000000044986, 0.6093750000000001110 ) ) ;
#4523 = CARTESIAN_POINT ( 'NONE',  ( -0.03443788894025132108, 0.03443788894025100189, 0.7695312500000003331 ) ) ;
#4524 = ORIENTED_EDGE ( 'NONE', *, *, #1420, .F. ) ;
#4525 =( NAMED_UNIT ( * ) PLANE_ANGLE_UNIT ( ) SI_UNIT ( $, .RADIAN. ) );
#4526 = CARTESIAN_POINT ( 'NONE',  ( 1.690012582823350771E-17, 0.06899999999999979761, 0.6523437500000004441 ) ) ;
#4527 = CARTESIAN_POINT ( 'NONE',  ( 0.06900000000000010292, -0.02858073580374397363, 0.7089843750000002220 ) ) ;
#4528 = CARTESIAN_POINT ( 'NONE',  ( 0.07069145586676645054, 0.02928135976391357462, -0.06542968750000033307 ) ) ;
#4529 = EDGE_CURVE ( 'NONE', #4206, #3704, #966, .T. ) ;
#4530 = CARTESIAN_POINT ( 'NONE',  ( 0.04870252959880182891, 0.02017324828170050446, 0.7246093750000003331 ) ) ;
#4531 = CARTESIAN_POINT ( 'NONE',  ( -0.04870252959880183585, -3.178676856567033324E-16, 0.6171875000000002220 ) ) ;
#4532 = CARTESIAN_POINT ( 'NONE',  ( 0.02017324828170093814, -0.04870252959880239096, -0.1816406250000001110 ) ) ;
#4533 = CARTESIAN_POINT ( 'NONE',  ( 0.06899999999999970046, 0.02858073580374324157, -0.06445312500000016653 ) ) ;
#4534 = CARTESIAN_POINT ( 'NONE',  ( -0.03443788894025155700, -0.03443788894025177211, -0.2226562500000001943 ) ) ;
#4535 = CARTESIAN_POINT ( 'NONE',  ( 0.07069145586676645054, -0.02928135976391402912, -0.1650390624999993339 ) ) ;
#4536 = CARTESIAN_POINT ( 'NONE',  ( -0.04173054843786039997, -0.04022973387660442462, 0.8618288281124429906 ) ) ;
#4537 = ORIENTED_EDGE ( 'NONE', *, *, #3513, .T. ) ;
#4538 = CARTESIAN_POINT ( 'NONE',  ( 0.04879036790187187694, 0.04879036790187153694, 0.8046875000000005551 ) ) ;
#4539 = CARTESIAN_POINT ( 'NONE',  ( -0.02017324828170081324, 0.04870252959880150972, 0.7675781250000003331 ) ) ;
#4540 = CARTESIAN_POINT ( 'NONE',  ( -0.07069145586676646442, -3.165212522481658049E-16, 0.5361328125000004441 ) ) ;
#4541 = CARTESIAN_POINT ( 'NONE',  ( -0.03443788894025155700, -0.03443788894025177211, -0.1914062500000001943 ) ) ;
#4542 = DIRECTION ( 'NONE',  ( 1.000000000000000000, 0.000000000000000000, 0.000000000000000000 ) ) ;
#4543 = CARTESIAN_POINT ( 'NONE',  ( 0.04998640781534013228, 0.04998640781533977839, 0.7138671875000002220 ) ) ;
#4544 = CARTESIAN_POINT ( 'NONE',  ( 0.07069145586676645054, -0.02928135976391412626, 0.8623046875000004441 ) ) ;
#4545 = ORIENTED_EDGE ( 'NONE', *, *, #1243, .F. ) ;
#4546 = CARTESIAN_POINT ( 'NONE',  ( 0.04870252959880182891, -0.02017324828170116019, 0.7207031250000004441 ) ) ;
#4547 = CARTESIAN_POINT ( 'NONE',  ( -0.04870252959880183585, -0.02017324828170113243, 0.6152343750000004441 ) ) ;
#4548 = CARTESIAN_POINT ( 'NONE',  ( 0.04870252959880182891, 0.02017324828170050446, 0.6621093750000003331 ) ) ;
#4549 = DIRECTION ( 'NONE',  ( 0.000000000000000000, 1.000000000000000000, 0.000000000000000000 ) ) ;
#4550 = CARTESIAN_POINT ( 'NONE',  ( 0.1249999999999999445, 6.649295001418088219E-15, 0.003608439182351173401 ) ) ;
#4551 = CARTESIAN_POINT ( 'NONE',  ( -0.04870252959880183585, -3.178676856567033324E-16, 0.7734375000000002220 ) ) ;
#4552 = CARTESIAN_POINT ( 'NONE',  ( 0.06948505320663171669, 0.02139433300433739651, -0.03467243634765319882 ) ) ;
#4553 = ORIENTED_EDGE ( 'NONE', *, *, #630, .F. ) ;
#4554 = CARTESIAN_POINT ( 'NONE',  ( 0.03443788894025132802, 0.03443788894025099495, 0.7265625000000004441 ) ) ;
#4555 = CARTESIAN_POINT ( 'NONE',  ( -0.04870252959880183585, -0.02017324828170113243, 0.6503906250000002220 ) ) ;
#4556 = DIRECTION ( 'NONE',  ( 0.000000000000000000, 1.000000000000000000, 1.081356497492104437E-16 ) ) ;
#4557 = CARTESIAN_POINT ( 'NONE',  ( 0.000000000000000000, 0.04870252959880195381, -0.07421875000000016653 ) ) ;
#4558 =( BOUNDED_CURVE ( )  B_SPLINE_CURVE ( 2, ( #5131, #3272, #5013, #1066, #1231 ),
 .UNSPECIFIED., .F., .T. ) 
 B_SPLINE_CURVE_WITH_KNOTS ( ( 3, 2, 3 ),
 ( 0.03124999999999995837, 0.04687499999999993755, 0.06249999999999991673 ),
 .UNSPECIFIED. ) 
 CURVE ( )  GEOMETRIC_REPRESENTATION_ITEM ( )  RATIONAL_B_SPLINE_CURVE ( ( 1.000000000000000222, 0.9238795325112865164, 1.000000000000000000, 0.9238795325112871826, 0.9999999999999995559 ) ) 
 REPRESENTATION_ITEM ( '' )  );
#4559 = CARTESIAN_POINT ( 'NONE',  ( -0.06899999999999989475, -0.02858073580374372036, -0.05273437499999945183 ) ) ;
#4560 = CARTESIAN_POINT ( 'NONE',  ( -0.04870252959880216892, 0.02017324828170074039, -0.1035156250000001943 ) ) ;
#4561 = CARTESIAN_POINT ( 'NONE',  ( 0.04998640781534011146, -0.04998640781534034044, -0.1669921874999993616 ) ) ;
#4562 = CARTESIAN_POINT ( 'NONE',  ( 0.000000000000000000, -1.493979371535143794E-17, -0.2500000000000000000 ) ) ;
#4563 = VERTEX_POINT ( 'NONE', #3819 ) ;
#4564 = CARTESIAN_POINT ( 'NONE',  ( 0.04870252959880183585, -3.297963650534137407E-16, 0.6328125000000002220 ) ) ;
#4565 = UNCERTAINTY_MEASURE_WITH_UNIT (LENGTH_MEASURE( 1.000000000000000082E-05 ), #1007, 'distance_accuracy_value', 'NONE');
#4566 = CARTESIAN_POINT ( 'NONE',  ( -0.02928135976391377585, -0.07069145586676678361, 0.6044921875000004441 ) ) ;
#4567 = CARTESIAN_POINT ( 'NONE',  ( 0.04870252959880182891, -0.02017324828170116019, 0.5332031250000004441 ) ) ;
#4568 = CARTESIAN_POINT ( 'NONE',  ( -8.450062914116753856E-18, -0.06900000000000044986, 0.6367187500000005551 ) ) ;
#4569 = CARTESIAN_POINT ( 'NONE',  ( -0.07069145586676646442, -3.165212522481658049E-16, 0.6318359375000002220 ) ) ;
#4570 = CARTESIAN_POINT ( 'NONE',  ( 1.731441303086038567E-17, 0.07069145586676613136, 0.9345703125000004441 ) ) ;
#4571 = ORIENTED_EDGE ( 'NONE', *, *, #4731, .F. ) ;
#4572 = CARTESIAN_POINT ( 'NONE',  ( -5.964339698355189526E-18, -0.04870252959880215504, 0.6210937500000003331 ) ) ;
#4573 = AXIS2_PLACEMENT_3D ( 'NONE', #5481, #4066, #3689 ) ;
#4574 = CARTESIAN_POINT ( 'NONE',  ( -0.04833175246194448132, 0.03752268460821130830, -0.2500000000000000000 ) ) ;
#4575 = CARTESIAN_POINT ( 'NONE',  ( -0.03443788894025132802, -0.03443788894025164027, 0.4921875000000003886 ) ) ;
#4576 = CARTESIAN_POINT ( 'NONE',  ( -0.01339584814816405234, 0.06899999999999965883, 0.8720091836016418130 ) ) ;
#4577 = CARTESIAN_POINT ( 'NONE',  ( -0.04566219964832803763, -0.1179744840386540844, 0.004274762015545347654 ) ) ;
#4578 = DIRECTION ( 'NONE',  ( 0.000000000000000000, 1.000000000000000000, 1.237249997130560650E-16 ) ) ;
#4579 = AXIS2_PLACEMENT_3D ( 'NONE', #1668, #4325, #3434 ) ;
#4580 = EDGE_CURVE ( 'NONE', #5687, #2097, #3488, .T. ) ;
#4581 = CARTESIAN_POINT ( 'NONE',  ( -0.02017324828170080978, 0.04870252959880150972, 0.7675781250000003331 ) ) ;
#4582 = CARTESIAN_POINT ( 'NONE',  ( -0.02017324828170095202, 0.04870252959880195381, -0.1074218750000002220 ) ) ;
#4583 = EDGE_CURVE ( 'NONE', #5362, #4723, #4391, .T. ) ;
#4584 = CARTESIAN_POINT ( 'NONE',  ( 0.02928135976391381748, 0.07069145586676625626, -0.06152343750000031919 ) ) ;
#4585 = CARTESIAN_POINT ( 'NONE',  ( -5.964339698355189526E-18, -0.04870252959880215504, 0.6835937500000003331 ) ) ;
#4586 = VERTEX_POINT ( 'NONE', #1829 ) ;
#4587 = CARTESIAN_POINT ( 'NONE',  ( 1.192867939671037905E-17, 0.04870252959880150972, 0.6093750000000002220 ) ) ;
#4588 = AXIS2_PLACEMENT_3D ( 'NONE', #2820, #3240, #1554 ) ;
#4589 = CARTESIAN_POINT ( 'NONE',  ( 0.02017324828170098325, 0.04870252959880195381, -0.04492187500000013878 ) ) ;
#4590 = CARTESIAN_POINT ( 'NONE',  ( 0.04870252959880183585, -3.297963650534137407E-16, 0.9101562500000003331 ) ) ;
#4591 = DIRECTION ( 'NONE',  ( 0.000000000000000000, 1.000000000000000000, 0.000000000000000000 ) ) ;
#4592 = CARTESIAN_POINT ( 'NONE',  ( -0.02017324828170095202, 0.04870252959880195381, -0.1699218750000001388 ) ) ;
#4593 = CARTESIAN_POINT ( 'NONE',  ( -0.06899999999999978373, 0.02858073580374325545, -0.1777343750000001943 ) ) ;
#4594 = EDGE_LOOP ( 'NONE', ( #3606, #2189, #2611, #1656 ) ) ;
#4595 = CARTESIAN_POINT ( 'NONE',  ( 0.07069145586676647830, 0.02928135976391357809, -0.03613281249999934774 ) ) ;
#4596 = CARTESIAN_POINT ( 'NONE',  ( 0.02017324828170084447, 0.04870252959880150279, 0.6699218750000003331 ) ) ;
#4597 = CARTESIAN_POINT ( 'NONE',  ( 0.005691468628260674262, 0.06032157968534211656, -0.03670826169519143117 ) ) ;
#4598 = CARTESIAN_POINT ( 'NONE',  ( -0.07069145586676647830, -0.02928135976391408463, 0.5693359375000004441 ) ) ;
#4599 =( BOUNDED_CURVE ( )  B_SPLINE_CURVE ( 2, ( #1094, #2879, #4981, #5393, #3745, #590, #2371, #4611, #3399 ),
 .UNSPECIFIED., .F., .T. ) 
 B_SPLINE_CURVE_WITH_KNOTS ( ( 3, 2, 2, 2, 3 ),
 ( 0.4642857142857140240, 0.4732142857142854764, 0.4821428571428568732, 0.4910714285714283811, 0.4999999999999998335 ),
 .UNSPECIFIED. ) 
 CURVE ( )  GEOMETRIC_REPRESENTATION_ITEM ( )  RATIONAL_B_SPLINE_CURVE ( ( 1.000000000000002442, 0.9238795325112844070, 1.000000000000000000, 0.9238795325112867385, 1.000000000000000000, 0.9238795325112867385, 1.000000000000000000, 0.9238795325112881818, 0.9999999999999985567 ) ) 
 REPRESENTATION_ITEM ( '' )  );
#4600 = CARTESIAN_POINT ( 'NONE',  ( -8.450062914116753856E-18, -0.06900000000000044986, 0.8554687500000005551 ) ) ;
#4601 = CARTESIAN_POINT ( 'NONE',  ( -0.06900000000000011680, 0.02858073580374329709, 0.7246093750000002220 ) ) ;
#4602 = CARTESIAN_POINT ( 'NONE',  ( 0.1249999999999999584, -0.05773502691896292838, 0.8640654110148560108 ) ) ;
#4603 = CARTESIAN_POINT ( 'NONE',  ( 0.04998640781534011146, -0.04998640781534045147, 0.5810546875000001110 ) ) ;
#4604 = ADVANCED_FACE ( 'NONE', ( #5291 ), #3587, .T. ) ;
#4605 = CARTESIAN_POINT ( 'NONE',  ( -0.07069145586676646442, -3.165212522481658049E-16, 0.9111328125000004441 ) ) ;
#4606 = ORIENTED_EDGE ( 'NONE', *, *, #3010, .T. ) ;
#4607 = CARTESIAN_POINT ( 'NONE',  ( 0.04870252959880182891, 0.02017324828170050446, 0.6621093750000004441 ) ) ;
#4608 = CARTESIAN_POINT ( 'NONE',  ( 0.01250000000000006314, 0.1371206889325357059, 0.01093458898514388690 ) ) ;
#4609 = CARTESIAN_POINT ( 'NONE',  ( 1.192867939671037905E-17, 0.04870252959880150972, 0.5742187500000003331 ) ) ;
#4610 = CARTESIAN_POINT ( 'NONE',  ( -0.05141076175573464774, -0.02745324164675853884, 0.4999999999999994449 ) ) ;
#4611 = CARTESIAN_POINT ( 'NONE',  ( 0.02858073580374406730, 0.06899999999999938127, 0.6855468750000001110 ) ) ;
#4612 = CARTESIAN_POINT ( 'NONE',  ( 0.02017324828170080284, -0.04870252959880216892, 0.6894531250000004441 ) ) ;
#4613 = CARTESIAN_POINT ( 'NONE',  ( -0.02017324828170095896, -0.04870252959880238403, -0.1542968750000001110 ) ) ;
#4614 = CARTESIAN_POINT ( 'NONE',  ( -0.04870252959880216198, -0.02017324828170116019, -0.09960937500000019429 ) ) ;
#4615 = EDGE_CURVE ( 'NONE', #989, #3712, #3820, .T. ) ;
#4616 = CARTESIAN_POINT ( 'NONE',  ( 0.02017324828170097978, 0.04870252959880193994, -0.2363281250000001665 ) ) ;
#4617 = ORIENTED_EDGE ( 'NONE', *, *, #678, .F. ) ;
#4618 = CARTESIAN_POINT ( 'NONE',  ( -0.03443788894025132108, 0.03443788894025100189, 0.6718750000000003331 ) ) ;
#4619 = CARTESIAN_POINT ( 'NONE',  ( -0.04870252959880183585, 0.02017324828170049406, 0.6152343750000002220 ) ) ;
#4620 = CARTESIAN_POINT ( 'NONE',  ( 8.450062914116699930E-18, -0.06899999999999971434, -0.2500000000000000000 ) ) ;
#4621 = CARTESIAN_POINT ( 'NONE',  ( 1.690012582823350463E-17, 0.06899999999999979761, 0.5312500000000001110 ) ) ;
#4622 = CARTESIAN_POINT ( 'NONE',  ( 0.02858073580388688362, -0.06899999999985648169, -0.07226562499998627487 ) ) ;
#4623 = CARTESIAN_POINT ( 'NONE',  ( 0.000000000000000000, 0.04870252959880195381, -0.1093750000000001804 ) ) ;
#4624 = LINE ( 'NONE', #2471, #1636 ) ;
#4625 = ORIENTED_EDGE ( 'NONE', *, *, #3826, .F. ) ;
#4626 = CARTESIAN_POINT ( 'NONE',  ( 1.192867939671037905E-17, 0.04870252959880150972, 0.6093750000000002220 ) ) ;
#4627 = CARTESIAN_POINT ( 'NONE',  ( 0.02779225108766049390, 0.05564042499569316069, -0.03764299837273647059 ) ) ;
#4628 = CARTESIAN_POINT ( 'NONE',  ( 0.02017324828170084447, 0.04870252959880150279, 0.9199218750000002220 ) ) ;
#4629 = B_SPLINE_CURVE_WITH_KNOTS ( 'NONE', 3,
 ( #4275, #4597, #1977, #3309, #4627, #3442, #1306, #3022, #810, #457, #3621, #4056, #2658, #3967, #4914, #1892 ),
 .UNSPECIFIED., .F., .F.,
 ( 4, 2, 2, 2, 2, 2, 2, 4 ),
 ( 0.003602254274501999302, 0.004032292594963429039, 0.004462330915424857908, 0.004892369235886287644, 0.005322407556347717381, 0.005752445876809147117, 0.006182484197270576853, 0.007042560838193435459 ),
 .UNSPECIFIED. ) ;
#4630 = CARTESIAN_POINT ( 'NONE',  ( 0.01283961124583122247, -0.04870252959880215504, 0.5000000000000002220 ) ) ;
#4631 = CYLINDRICAL_SURFACE ( 'NONE', #3035, 0.06899999999999993638 ) ;
#4632 = CYLINDRICAL_SURFACE ( 'NONE', #5327, 0.06899999999999993638 ) ;
#4633 = CARTESIAN_POINT ( 'NONE',  ( -0.07069145586676647830, 0.02928135976391345666, 0.5673828125000001110 ) ) ;
#4634 = CARTESIAN_POINT ( 'NONE',  ( 0.06900000000000064415, 0.02858073580374363015, -0.2207031250000006939 ) ) ;
#4635 = CARTESIAN_POINT ( 'NONE',  ( 0.07069145586676645054, 0.02928135976391346013, 0.9287109375000004441 ) ) ;
#4636 = VERTEX_POINT ( 'NONE', #1368 ) ;
#4637 = CYLINDRICAL_SURFACE ( 'NONE', #5606, 0.06899999999999993638 ) ;
#4638 = CARTESIAN_POINT ( 'NONE',  ( -0.03443788894025132108, 0.03443788894025100189, 0.4843750000000003331 ) ) ;
#4639 = FACE_OUTER_BOUND ( 'NONE', #4371, .T. ) ;
#4640 = ORIENTED_EDGE ( 'NONE', *, *, #2397, .T. ) ;
#4641 = CARTESIAN_POINT ( 'NONE',  ( 0.04870252959880182891, 0.02017324828170050446, 0.7910156250000002220 ) ) ;
#4642 = CARTESIAN_POINT ( 'NONE',  ( 0.02017324828170097978, 0.04870252959880194688, -0.1386718750000001665 ) ) ;
#4643 = CARTESIAN_POINT ( 'NONE',  ( 0.02928135976391375503, -0.07069145586676670034, -0.1044921875000003192 ) ) ;
#4644 = ORIENTED_EDGE ( 'NONE', *, *, #1661, .F. ) ;
#4645 = CARTESIAN_POINT ( 'NONE',  ( -8.450062914116724582E-18, -0.06900000000000011680, -0.2031249999999994449 ) ) ;
#4646 = CARTESIAN_POINT ( 'NONE',  ( 0.04870252959880183585, -3.297963650534137407E-16, 0.6601562500000003331 ) ) ;
#4647 = DIRECTION ( 'NONE',  ( 0.000000000000000000, 0.000000000000000000, 1.000000000000000000 ) ) ;
#4648 = LINE ( 'NONE', #685, #5050 ) ;
#4649 = CARTESIAN_POINT ( 'NONE',  ( 0.03443788894025155700, -0.03443788894025177211, -0.05468750000000015959 ) ) ;
#4650 = CARTESIAN_POINT ( 'NONE',  ( -0.03443788894025155700, 0.03443788894025134883, -0.07031250000000015266 ) ) ;
#4651 = CARTESIAN_POINT ( 'NONE',  ( 0.04870252959880182891, 0.02017324828170050446, 0.8496093750000003331 ) ) ;
#4652 = CARTESIAN_POINT ( 'NONE',  ( 0.04870252959880215504, 0.02017324828170074733, -0.1152343750000001804 ) ) ;
#4653 = CARTESIAN_POINT ( 'NONE',  ( 8.450062914116729204E-18, -0.06899999999999996414, -0.2500000000000000000 ) ) ;
#4654 = CARTESIAN_POINT ( 'NONE',  ( -0.04870252959880183585, -3.178676856567033324E-16, 0.6171875000000002220 ) ) ;
#4655 = CARTESIAN_POINT ( 'NONE',  ( -0.07069145586676647830, 0.02928135976391345319, 0.5966796875000004441 ) ) ;
#4656 = DIRECTION ( 'NONE',  ( 0.000000000000000000, 1.000000000000000000, 8.764457463017301697E-17 ) ) ;
#4657 = CARTESIAN_POINT ( 'NONE',  ( -0.03443788894025155700, 0.03443788894025133496, -0.2578125000000001110 ) ) ;
#4658 = CARTESIAN_POINT ( 'NONE',  ( -8.450062914116752315E-18, -0.06900000000000044986, 0.7343750000000001110 ) ) ;
#4659 = CARTESIAN_POINT ( 'NONE',  ( 0.04879036790187187000, -0.04879036790187220307, 0.6406250000000004441 ) ) ;
#4660 = CARTESIAN_POINT ( 'NONE',  ( -0.02928135976391377585, 0.07069145586676615911, 0.5322265625000002220 ) ) ;
#4661 = CARTESIAN_POINT ( 'NONE',  ( 0.04998640781534011146, -0.04998640781534044453, 0.8916015625000004441 ) ) ;
#4662 = ORIENTED_EDGE ( 'NONE', *, *, #5431, .T. ) ;
#4663 = CARTESIAN_POINT ( 'NONE',  ( -0.02017324828170082018, -0.04870252959880215504, 0.6503906250000004441 ) ) ;
#4664 = CARTESIAN_POINT ( 'NONE',  ( -0.03443788894025132108, 0.03443788894025100189, 0.5156250000000004441 ) ) ;
#4665 = CARTESIAN_POINT ( 'NONE',  ( -0.02886520823184541076, 0.1276722315545354702, 0.006359815748012113620 ) ) ;
#4666 =( BOUNDED_CURVE ( )  B_SPLINE_CURVE ( 2, ( #2394, #639, #2896, #1052, #5558, #2038, #4143, #4683, #3262 ),
 .UNSPECIFIED., .F., .T. ) 
 B_SPLINE_CURVE_WITH_KNOTS ( ( 3, 2, 2, 2, 3 ),
 ( 0.4999999999999998335, 0.5089285714285713969, 0.5178571428571430157, 0.5267857142857145236, 0.5357142857142860315 ),
 .UNSPECIFIED. ) 
 CURVE ( )  GEOMETRIC_REPRESENTATION_ITEM ( )  RATIONAL_B_SPLINE_CURVE ( ( 1.000000000000001332, 0.9238795325112852952, 1.000000000000000000, 0.9238795325112867385, 1.000000000000000000, 0.9238795325112867385, 1.000000000000000000, 0.9238795325112838519, 1.000000000000002887 ) ) 
 REPRESENTATION_ITEM ( '' )  );
#4667 = CARTESIAN_POINT ( 'NONE',  ( -0.04870252959880183585, 0.02017324828170049406, 0.5527343750000003331 ) ) ;
#4668 = CARTESIAN_POINT ( 'NONE',  ( -0.02017324828170095202, 0.04870252959880195381, -0.1074218750000002220 ) ) ;
#4669 = VECTOR ( 'NONE', #2068, 39.37007874015748143 ) ;
#4670 = DIRECTION ( 'NONE',  ( 0.000000000000000000, 1.000000000000000000, 0.000000000000000000 ) ) ;
#4671 = CARTESIAN_POINT ( 'NONE',  ( 1.690012582823350771E-17, 0.06899999999999979761, 0.7148437500000005551 ) ) ;
#4672 = CARTESIAN_POINT ( 'NONE',  ( -0.02017324828170081324, 0.04870252959880150972, 0.4863281250000002776 ) ) ;
#4673 = CARTESIAN_POINT ( 'NONE',  ( -0.02017324828170095549, -0.04870252959880237709, -0.06054687500000013184 ) ) ;
#4674 = CARTESIAN_POINT ( 'NONE',  ( 0.02017324828170084447, 0.04870252959880150279, 0.7597656250000004441 ) ) ;
#4675 = CARTESIAN_POINT ( 'NONE',  ( -0.04870252959880216892, 0.02017324828170073345, -0.1660156250000001943 ) ) ;
#4676 = CARTESIAN_POINT ( 'NONE',  ( 0.06899999999999989475, 0.02858073580374332137, -0.1308593749999994449 ) ) ;
#4677 = ORIENTED_EDGE ( 'NONE', *, *, #3826, .T. ) ;
#4678 = CARTESIAN_POINT ( 'NONE',  ( -5.964339698355189526E-18, -0.04870252959880215504, 0.6250000000000003331 ) ) ;
#4679 = AXIS2_PLACEMENT_3D ( 'NONE', #3073, #3494, #1851 ) ;
#4680 = CARTESIAN_POINT ( 'NONE',  ( 0.03443788894025132802, 0.03443788894025099495, 0.7929687500000003331 ) ) ;
#4681 = CARTESIAN_POINT ( 'NONE',  ( 0.06900000000000722222, -0.02858073580374680817, -0.1308593750000044686 ) ) ;
#4682 = CARTESIAN_POINT ( 'NONE',  ( -0.04870252959880216198, 0.02017324828170072998, -0.2558593750000001110 ) ) ;
#4683 = CARTESIAN_POINT ( 'NONE',  ( 0.02858073580374278708, -0.06900000000000129641, 0.7011718750000004441 ) ) ;
#4684 = CARTESIAN_POINT ( 'NONE',  ( -0.04998640781534011146, 0.04998640781533979921, 0.6279296875000001110 ) ) ;
#4685 = EDGE_CURVE ( 'NONE', #876, #1868, #4479, .T. ) ;
#4686 = CARTESIAN_POINT ( 'NONE',  ( -0.05540916959362882782, 1.396353919313848572E-15, 0.8594091695936291186 ) ) ;
#4687 = CARTESIAN_POINT ( 'NONE',  ( -8.657206515430192834E-18, -0.07069145586676678361, 0.8251953125000004441 ) ) ;
#4688 = VERTEX_POINT ( 'NONE', #2657 ) ;
#4689 = CARTESIAN_POINT ( 'NONE',  ( 0.04870252959880183585, -3.297963650534137407E-16, 0.6601562500000003331 ) ) ;
#4690 = CARTESIAN_POINT ( 'NONE',  ( 0.06899999999999989475, 0.02858073580374332137, -0.09960937499999948652 ) ) ;
#4691 = CARTESIAN_POINT ( 'NONE',  ( 0.02017324828170084447, 0.04870252959880150279, 0.5410156250000003331 ) ) ;
#4692 = CARTESIAN_POINT ( 'NONE',  ( -0.04647598327390498052, -0.02235758268467289214, -0.03146147188374352061 ) ) ;
#4693 = VERTEX_POINT ( 'NONE', #895 ) ;
#4694 = CARTESIAN_POINT ( 'NONE',  ( 0.03443788894025132108, -0.03443788894025164721, 0.6289062500000002220 ) ) ;
#4695 = CARTESIAN_POINT ( 'NONE',  ( 0.03443788894025156394, 0.03443788894025133496, -0.1406250000000001388 ) ) ;
#4696 = CARTESIAN_POINT ( 'NONE',  ( -0.02858073580374352607, 0.06899999999999970046, -0.1230468749999994449 ) ) ;
#4697 = CARTESIAN_POINT ( 'NONE',  ( 0.02017324828170097978, 0.04870252959880193994, -0.2050781250000001943 ) ) ;
#4698 = CARTESIAN_POINT ( 'NONE',  ( -0.02928135976391377585, 0.07069145586676627013, -0.02832031249999932346 ) ) ;
#4699 = DIRECTION ( 'NONE',  ( -0.000000000000000000, -0.000000000000000000, 1.000000000000000000 ) ) ;
#4700 = ORIENTED_EDGE ( 'NONE', *, *, #1350, .F. ) ;
#4701 = ORIENTED_EDGE ( 'NONE', *, *, #51, .T. ) ;
#4702 = CARTESIAN_POINT ( 'NONE',  ( -0.04870252959880183585, -0.02017324828170113243, 0.5253906250000003331 ) ) ;
#4703 = CARTESIAN_POINT ( 'NONE',  ( 0.02017324828170080284, -0.04870252959880216892, 0.5917968750000003331 ) ) ;
#4704 = CARTESIAN_POINT ( 'NONE',  ( -0.02858073580374266218, 0.06900000000000075517, 0.8105468750000004441 ) ) ;
#4705 = CARTESIAN_POINT ( 'NONE',  ( 1.192867939671037905E-17, 0.04870252959880150972, 0.7617187500000003331 ) ) ;
#4706 = EDGE_CURVE ( 'NONE', #1817, #1669, #3393, .T. ) ;
#4707 = CARTESIAN_POINT ( 'NONE',  ( 0.03443788894025156394, 0.03443788894025134190, -0.05078125000000018041 ) ) ;
#4708 = CARTESIAN_POINT ( 'NONE',  ( 0.07069145586676647830, 0.02928135976391357809, -0.06738281249999933387 ) ) ;
#4709 = CARTESIAN_POINT ( 'NONE',  ( -0.04879036790187187000, -0.04879036790187219613, 0.6015625000000005551 ) ) ;
#4710 = CARTESIAN_POINT ( 'NONE',  ( -0.03443788894025132802, -0.03443788894025164027, 0.5273437500000002220 ) ) ;
#4711 = CARTESIAN_POINT ( 'NONE',  ( -0.04870252959880183585, -0.02017324828170113243, 0.8691406250000004441 ) ) ;
#4712 = CARTESIAN_POINT ( 'NONE',  ( 0.02858073580361542715, 0.06900000000013818691, -0.1230468749999918260 ) ) ;
#4713 = CARTESIAN_POINT ( 'NONE',  ( 0.04870252959880216892, -2.292516910924506909E-16, -0.2382812500000001388 ) ) ;
#4714 = CARTESIAN_POINT ( 'NONE',  ( 0.04870252959880182891, 0.02017324828170050446, 0.5410156250000003331 ) ) ;
#4715 = CARTESIAN_POINT ( 'NONE',  ( 0.04879036790187186307, -0.04879036790187220307, 0.5820312500000000000 ) ) ;
#4716 = CARTESIAN_POINT ( 'NONE',  ( -0.04998640781534011146, 0.04998640781533979921, 0.5029296875000002220 ) ) ;
#4717 = CARTESIAN_POINT ( 'NONE',  ( 0.03443788894025132802, 0.03443788894025099495, 0.8242187500000003331 ) ) ;
#4718 = CARTESIAN_POINT ( 'NONE',  ( -0.07069145586676647830, -0.02928135976391408463, 0.8193359375000006661 ) ) ;
#4719 = ORIENTED_EDGE ( 'NONE', *, *, #789, .F. ) ;
#4720 = CARTESIAN_POINT ( 'NONE',  ( 0.06900000000000011680, 0.02858073580374330749, 0.5566406250000001110 ) ) ;
#4721 = CARTESIAN_POINT ( 'NONE',  ( -8.657206515430192834E-18, -0.07069145586676679749, 0.8896484375000002220 ) ) ;
#4722 = CARTESIAN_POINT ( 'NONE',  ( -0.05130019967065236469, -0.01151234088512728855, -0.03204378576963684555 ) ) ;
#4723 = VERTEX_POINT ( 'NONE', #4936 ) ;
#4724 = CARTESIAN_POINT ( 'NONE',  ( -0.03443788894025132802, -0.03443788894025164027, 0.6210937500000002220 ) ) ;
#4725 = CARTESIAN_POINT ( 'NONE',  ( 0.04870252959880183585, -3.297963650534137407E-16, 0.8476562500000004441 ) ) ;
#4726 = CARTESIAN_POINT ( 'NONE',  ( 0.03443788894025156394, 0.03443788894025134190, -0.08203125000000019429 ) ) ;
#4727 = CARTESIAN_POINT ( 'NONE',  ( -0.04879036790187169653, 0.04879036790187150224, -0.1210937499999994588 ) ) ;
#4728 = CARTESIAN_POINT ( 'NONE',  ( -0.03443788894025155700, -0.03443788894025177211, -0.1914062500000001943 ) ) ;
#4729 = CARTESIAN_POINT ( 'NONE',  ( -0.02858073580374344280, -0.06900000000000020006, -0.1425781249999994171 ) ) ;
#4730 = EDGE_LOOP ( 'NONE', ( #3187, #5537, #5440, #3484 ) ) ;
#4731 = EDGE_CURVE ( 'NONE', #437, #3034, #4814, .T. ) ;
#4732 = CARTESIAN_POINT ( 'NONE',  ( 0.06900000000000011680, -3.335249498770559690E-16, 0.5820312500000005551 ) ) ;
#4733 = CARTESIAN_POINT ( 'NONE',  ( -0.03443788894025155700, -0.03443788894025176517, -0.03125000000000014572 ) ) ;
#4734 = CARTESIAN_POINT ( 'NONE',  ( 0.03443788894025132108, -0.03443788894025164721, 0.8125000000000004441 ) ) ;
#4735 = CARTESIAN_POINT ( 'NONE',  ( -0.02017324828170095549, -0.04870252959880237015, -0.03320312500000020123 ) ) ;
#4736 = FACE_OUTER_BOUND ( 'NONE', #4397, .T. ) ;
#4737 = CARTESIAN_POINT ( 'NONE',  ( -0.04870252959880183585, 0.02017324828170049406, 0.4902343750000003886 ) ) ;
#4738 = CARTESIAN_POINT ( 'NONE',  ( 1.192867939671037905E-17, 0.04870252959880150972, 0.8906250000000003331 ) ) ;
#4739 = CARTESIAN_POINT ( 'NONE',  ( 1.690012582823350463E-17, 0.06899999999999979761, 0.6250000000000000000 ) ) ;
#4740 = CARTESIAN_POINT ( 'NONE',  ( -0.04870252959880183585, -3.178676856567033324E-16, 0.5234375000000003331 ) ) ;
#4741 = DIRECTION ( 'NONE',  ( -1.000000000000000000, 0.000000000000000000, 0.000000000000000000 ) ) ;
#4742 = CARTESIAN_POINT ( 'NONE',  ( 0.000000000000000000, -1.711591184772687368E-16, 0.8750000000000001110 ) ) ;
#4743 = ORIENTED_EDGE ( 'NONE', *, *, #1696, .F. ) ;
#4744 = CARTESIAN_POINT ( 'NONE',  ( -8.450062914116752315E-18, -0.06900000000000044986, 0.6718750000000001110 ) ) ;
#4745 = CARTESIAN_POINT ( 'NONE',  ( 0.03443788894025132802, 0.03443788894025099495, 0.8554687500000002220 ) ) ;
#4746 = CARTESIAN_POINT ( 'NONE',  ( -0.07069145586676646442, -3.165212522481658049E-16, 0.7548828125000004441 ) ) ;
#4747 = ORIENTED_EDGE ( 'NONE', *, *, #873, .F. ) ;
#4748 = CARTESIAN_POINT ( 'NONE',  ( -0.03443788894025132108, 0.03443788894025100189, 0.5781250000000004441 ) ) ;
#4749 = CARTESIAN_POINT ( 'NONE',  ( -8.450062914116753856E-18, -0.06900000000000044986, 0.7929687500000005551 ) ) ;
#4750 = CARTESIAN_POINT ( 'NONE',  ( 0.02928135976391375850, -0.07069145586676682524, 0.8291015625000002220 ) ) ;
#4751 = CARTESIAN_POINT ( 'NONE',  ( -0.01170882923663764223, 0.05823510853916396418, -0.03600490080711656743 ) ) ;
#4752 = ORIENTED_EDGE ( 'NONE', *, *, #2067, .T. ) ;
#4753 = CARTESIAN_POINT ( 'NONE',  ( -0.02017324828170082018, -0.04870252959880215504, 0.6542968750000003331 ) ) ;
#4754 = CARTESIAN_POINT ( 'NONE',  ( -5.964339698355189526E-18, -0.04870252959880215504, 0.8398437500000003331 ) ) ;
#4755 = CARTESIAN_POINT ( 'NONE',  ( -0.04870252959880183585, 0.02017324828170049406, 0.5488281250000004441 ) ) ;
#4756 = CARTESIAN_POINT ( 'NONE',  ( -0.04870252959880216892, -2.166054452118648320E-16, -0.2265625000000001943 ) ) ;
#4757 = EDGE_CURVE ( 'NONE', #3456, #5625, #1872, .T. ) ;
#4758 = CARTESIAN_POINT ( 'NONE',  ( 0.000000000000000000, -3.872963666017773752E-17, -0.02999999999999998848 ) ) ;
#4759 = ORIENTED_EDGE ( 'NONE', *, *, #1096, .F. ) ;
#4760 = CARTESIAN_POINT ( 'NONE',  ( -5.964339698355189526E-18, -0.04870252959880215504, 0.5000000000000002220 ) ) ;
#4761 = EDGE_CURVE ( 'NONE', #4927, #5362, #5375, .T. ) ;
#4762 = CIRCLE ( 'NONE', #4573, 0.007812499999999989592 ) ;
#4763 = CARTESIAN_POINT ( 'NONE',  ( -0.03443788894025132108, 0.03443788894025100189, 0.7968750000000003331 ) ) ;
#4764 = DIRECTION ( 'NONE',  ( 0.000000000000000000, 1.000000000000000000, 0.000000000000000000 ) ) ;
#4765 = CARTESIAN_POINT ( 'NONE',  ( 0.000000000000000000, 0.06899999999999968658, -0.1249999999999994588 ) ) ;
#4766 = CARTESIAN_POINT ( 'NONE',  ( -0.04870252959880183585, 0.02017324828170049406, 0.8925781250000003331 ) ) ;
#4767 = CARTESIAN_POINT ( 'NONE',  ( 0.02017324828170079937, -0.04870252959880216198, 0.7832031250000003331 ) ) ;
#4768 = CARTESIAN_POINT ( 'NONE',  ( -5.964339698355230356E-18, -0.04870252959880237709, -0.06250000000000018041 ) ) ;
#4769 = CARTESIAN_POINT ( 'NONE',  ( 0.04870252959880183585, -3.297963650534137407E-16, 0.5390625000000002220 ) ) ;
#4770 = CARTESIAN_POINT ( 'NONE',  ( 0.03443788894025132108, -0.03443788894025164721, 0.5000000000000004441 ) ) ;
#4771 = VECTOR ( 'NONE', #4832, 39.37007874015748143 ) ;
#4772 = DIRECTION ( 'NONE',  ( -1.000000000000000000, 0.000000000000000000, 0.000000000000000000 ) ) ;
#4773 = ORIENTED_EDGE ( 'NONE', *, *, #5385, .T. ) ;
#4774 = CARTESIAN_POINT ( 'NONE',  ( -0.04870252959880183585, 0.02017324828170049406, 0.8964843750000002220 ) ) ;
#4775 = CARTESIAN_POINT ( 'NONE',  ( -0.07069145586676646442, -3.165212522481658049E-16, 0.7861328125000004441 ) ) ;
#4776 = ORIENTED_EDGE ( 'NONE', *, *, #4316, .T. ) ;
#4777 = CARTESIAN_POINT ( 'NONE',  ( -0.04870252959880183585, -3.178676856567033324E-16, 0.5820312500000003331 ) ) ;
#4778 = CARTESIAN_POINT ( 'NONE',  ( 0.06900000000000010292, -0.02858073580374397363, 0.5527343750000001110 ) ) ;
#4779 = CARTESIAN_POINT ( 'NONE',  ( 0.07069145586676645054, -0.02928135976391413320, 0.8642578125000001110 ) ) ;
#4780 = DIRECTION ( 'NONE',  ( 0.4999999999999999445, -0.8660254037844387076, 0.000000000000000000 ) ) ;
#4781 = EDGE_CURVE ( 'NONE', #2269, #1904, #1016, .T. ) ;
#4782 = CARTESIAN_POINT ( 'NONE',  ( -0.02017324828170080978, 0.04870252959880150972, 0.6113281250000004441 ) ) ;
#4783 = CARTESIAN_POINT ( 'NONE',  ( -0.02017324828170080978, 0.04870252959880150972, 0.5449218750000004441 ) ) ;
#4784 = CARTESIAN_POINT ( 'NONE',  ( 0.03443788894025156394, 0.03443788894025133496, -0.1445312500000001943 ) ) ;
#4785 = CARTESIAN_POINT ( 'NONE',  ( 0.05629489349774056961, 0.005219457502832239651, 0.5000000000000001110 ) ) ;
#4786 = CARTESIAN_POINT ( 'NONE',  ( -0.02858073580374402567, 0.06899999999999940903, 0.7167968750000007772 ) ) ;
#4787 = ORIENTED_EDGE ( 'NONE', *, *, #2483, .F. ) ;
#4788 = DIRECTION ( 'NONE',  ( 0.000000000000000000, 1.000000000000000000, 1.237249997130560650E-16 ) ) ;
#4789 = CARTESIAN_POINT ( 'NONE',  ( -0.04870252959880183585, -0.02017324828170113243, 0.5214843750000004441 ) ) ;
#4790 = CARTESIAN_POINT ( 'NONE',  ( 0.02017324828170084447, 0.04870252959880150279, 0.7285156250000006661 ) ) ;
#4791 = CARTESIAN_POINT ( 'NONE',  ( 0.05784693186735601761, 0.02558193247241325255, -0.2482997309156660393 ) ) ;
#4792 = CARTESIAN_POINT ( 'NONE',  ( -0.02017324828170095896, -0.04870252959880238403, -0.06054687500000013184 ) ) ;
#4793 = CARTESIAN_POINT ( 'NONE',  ( -0.05583379083337676463, -0.007870562561180483377, 0.8598337908333623103 ) ) ;
#4794 = CARTESIAN_POINT ( 'NONE',  ( 0.04870252959880183585, -3.297963650534137407E-16, 0.8789062500000004441 ) ) ;
#4795 = CARTESIAN_POINT ( 'NONE',  ( 0.03443788894025132108, -0.03443788894025164721, 0.8476562500000003331 ) ) ;
#4796 = CARTESIAN_POINT ( 'NONE',  ( -0.02858073580374293626, 0.06900000000000047762, 0.6269531250000000000 ) ) ;
#4797 = CARTESIAN_POINT ( 'NONE',  ( 0.03443788894025155700, -0.03443788894025177905, -0.1171875000000001388 ) ) ;
#4798 = CARTESIAN_POINT ( 'NONE',  ( 0.02017324828170084447, 0.04870252959880150279, 0.5449218750000001110 ) ) ;
#4799 = CARTESIAN_POINT ( 'NONE',  ( -8.450062914116675278E-18, -0.06899999999999971434, -0.2304687500000000278 ) ) ;
#4800 = LINE ( 'NONE', #2535, #4128 ) ;
#4801 = VERTEX_POINT ( 'NONE', #245 ) ;
#4802 = CARTESIAN_POINT ( 'NONE',  ( -5.964339698355189526E-18, -0.04870252959880215504, 0.8750000000000002220 ) ) ;
#4803 = CARTESIAN_POINT ( 'NONE',  ( -0.04998640781534011146, 0.04998640781533978533, 0.7822265625000004441 ) ) ;
#4804 = CARTESIAN_POINT ( 'NONE',  ( 0.04870252959880215504, 0.02017324828170074039, -0.2402343750000001665 ) ) ;
#4805 = CARTESIAN_POINT ( 'NONE',  ( 0.000000000000000000, -1.493979371535143794E-17, -0.2500000000000000000 ) ) ;
#4806 = CARTESIAN_POINT ( 'NONE',  ( -0.04998640781534011146, 0.04998640781533979921, 0.7841796875000002220 ) ) ;
#4807 = VERTEX_POINT ( 'NONE', #1045 ) ;
#4808 = ORIENTED_EDGE ( 'NONE', *, *, #2814, .T. ) ;
#4809 = CARTESIAN_POINT ( 'NONE',  ( 0.04870252959880182891, 0.02017324828170050446, 0.7871093750000003331 ) ) ;
#4810 = DIRECTION ( 'NONE',  ( 0.000000000000000000, 1.000000000000000000, 0.000000000000000000 ) ) ;
#4811 = CARTESIAN_POINT ( 'NONE',  ( 0.03443788894025155700, -0.03443788894025177211, -0.02734375000000019776 ) ) ;
#4812 = CARTESIAN_POINT ( 'NONE',  ( 0.000000000000000000, 0.06899999999999992251, -0.2500000000000000000 ) ) ;
#4813 = CARTESIAN_POINT ( 'NONE',  ( 0.1249999999999999584, -0.07216878364870349394, -0.3818813079129863564 ) ) ;
#4814 =( BOUNDED_CURVE ( )  B_SPLINE_CURVE ( 2, ( #4911, #464, #111, #2722, #4017, #523, #2301, #1860, #3618 ),
 .UNSPECIFIED., .F., .T. ) 
 B_SPLINE_CURVE_WITH_KNOTS ( ( 3, 2, 2, 2, 3 ),
 ( 0.4285714285714284921, 0.4374999999999998335, 0.4464285714285711748, 0.4553571428571426827, 0.4642857142857140240 ),
 .UNSPECIFIED. ) 
 CURVE ( )  GEOMETRIC_REPRESENTATION_ITEM ( )  RATIONAL_B_SPLINE_CURVE ( ( 1.000000000000000888, 0.9238795325112857393, 1.000000000000000000, 0.9238795325112867385, 1.000000000000000000, 0.9238795325112867385, 1.000000000000000000, 0.9238795325112890700, 0.9999999999999976685 ) ) 
 REPRESENTATION_ITEM ( '' )  );
#4815 = CARTESIAN_POINT ( 'NONE',  ( 5.122214988120493535E-17, 0.1154700538379247465, -0.3818813079129863564 ) ) ;
#4816 = CARTESIAN_POINT ( 'NONE',  ( 0.02698952754416642993, 0.06350248343917491711, 0.8730000000000002203 ) ) ;
#4817 = B_SPLINE_CURVE_WITH_KNOTS ( 'NONE', 3,
 ( #3446, #869, #4336, #3502, #3874, #381 ),
 .UNSPECIFIED., .F., .F.,
 ( 4, 2, 4 ),
 ( 0.01351256082131029740, 0.01424978893231247656, 0.01498701704331465746 ),
 .UNSPECIFIED. ) ;
#4818 = CARTESIAN_POINT ( 'NONE',  ( -0.02017324828170095202, 0.04870252959880196075, -0.04492187500000017347 ) ) ;
#4819 = CARTESIAN_POINT ( 'NONE',  ( 0.03443788894025155700, -0.03443788894025177211, -0.05468750000000015959 ) ) ;
#4820 = CARTESIAN_POINT ( 'NONE',  ( 0.04998640781534011840, 0.04998640781533988942, -0.1259765625000003053 ) ) ;
#4821 = CARTESIAN_POINT ( 'NONE',  ( -5.964339698355189526E-18, -0.04870252959880215504, 0.9023437500000004441 ) ) ;
#4822 = CARTESIAN_POINT ( 'NONE',  ( -0.04870252959880183585, 0.02017324828170049406, 0.7402343750000002220 ) ) ;
#4823 = CARTESIAN_POINT ( 'NONE',  ( -0.02017324828170095202, 0.04870252959880194688, -0.2285156250000001388 ) ) ;
#4824 = CARTESIAN_POINT ( 'NONE',  ( 0.03443788894025132108, -0.03443788894025164721, 0.5039062500000003331 ) ) ;
#4825 = CARTESIAN_POINT ( 'NONE',  ( 1.690012582823350463E-17, 0.06899999999999979761, 0.5000000000000001110 ) ) ;
#4826 = CARTESIAN_POINT ( 'NONE',  ( 0.04879036790187169653, -0.04879036790187193245, -0.04296874999999945877 ) ) ;
#4827 = CARTESIAN_POINT ( 'NONE',  ( 0.04870252959880183585, -3.297963650534137407E-16, 0.8515625000000003331 ) ) ;
#4828 = CARTESIAN_POINT ( 'NONE',  ( -0.04998640781534011146, 0.04998640781533978533, 0.7197265625000005551 ) ) ;
#4829 = ORIENTED_EDGE ( 'NONE', *, *, #4041, .T. ) ;
#4830 = CARTESIAN_POINT ( 'NONE',  ( 0.01249999999999998682, -0.1371206889325363720, 0.8640654110148560108 ) ) ;
#4831 = CARTESIAN_POINT ( 'NONE',  ( -0.04870252959880183585, 0.02017324828170049406, 0.5800781250000003331 ) ) ;
#4832 = DIRECTION ( 'NONE',  ( 0.000000000000000000, 0.000000000000000000, 1.000000000000000000 ) ) ;
#4833 = CARTESIAN_POINT ( 'NONE',  ( -0.04998640781534011146, 0.04998640781533979921, 0.8466796875000001110 ) ) ;
#4834 = EDGE_LOOP ( 'NONE', ( #3855, #4994, #2428, #566 ) ) ;
#4835 = CARTESIAN_POINT ( 'NONE',  ( -0.02017324828170082018, -0.04870252959880215504, 0.8066406250000004441 ) ) ;
#4836 = CARTESIAN_POINT ( 'NONE',  ( 0.09999999999999993616, 0.05773502691896221367, -0.3818813079129863564 ) ) ;
#4837 = CARTESIAN_POINT ( 'NONE',  ( 0.02017324828170093814, -0.04870252959880238403, -0.02929687500000019776 ) ) ;
#4838 = CARTESIAN_POINT ( 'NONE',  ( -0.04870252959880216892, -2.163662563839063649E-16, -0.2226562500000001388 ) ) ;
#4839 = CARTESIAN_POINT ( 'NONE',  ( 0.03443788894025132108, -0.03443788894025164721, 0.8476562500000003331 ) ) ;
#4840 = CARTESIAN_POINT ( 'NONE',  ( -0.1249999999999999167, 0.01955402972339814749, 0.8707155541427996637 ) ) ;
#4841 = CARTESIAN_POINT ( 'NONE',  ( -5.964339698355189526E-18, -0.04870252959880215504, 0.5585937500000003331 ) ) ;
#4842 = CARTESIAN_POINT ( 'NONE',  ( -0.01940327413905612586, 0.06492696091080145393, -0.2437563034961753028 ) ) ;
#4843 = CARTESIAN_POINT ( 'NONE',  ( 0.000000000000000000, 0.07069145586676624238, -0.2490234374999993339 ) ) ;
#4844 = CARTESIAN_POINT ( 'NONE',  ( 0.04998640781534011146, -0.04998640781534033350, -0.1650390625000003331 ) ) ;
#4845 = EDGE_CURVE ( 'NONE', #5687, #2337, #4624, .T. ) ;
#4846 = CARTESIAN_POINT ( 'NONE',  ( 0.03443788894025132802, 0.03443788894025099495, 0.7578125000000004441 ) ) ;
#4847 = CARTESIAN_POINT ( 'NONE',  ( 0.04870252959880183585, -3.297963650534137407E-16, 0.7578125000000003331 ) ) ;
#4848 = AXIS2_PLACEMENT_3D ( 'NONE', #856, #973, #3069 ) ;
#4849 = CARTESIAN_POINT ( 'NONE',  ( 0.000000000000000000, 0.04870252959880194688, -0.2304687500000001388 ) ) ;
#4850 = CARTESIAN_POINT ( 'NONE',  ( -0.04879036790187186307, 0.04879036790187154388, 0.5039062500000002220 ) ) ;
#4851 = CARTESIAN_POINT ( 'NONE',  ( 0.02858073580374305422, -0.06900000000000101885, 0.7675781250000001110 ) ) ;
#4852 = CARTESIAN_POINT ( 'NONE',  ( 0.03546607381469468745, -0.04189289236876894695, -0.2500000000000008882 ) ) ;
#4853 = CARTESIAN_POINT ( 'NONE',  ( -0.04870252959880183585, 0.02017324828170049406, 0.7402343750000002220 ) ) ;
#4854 = AXIS2_PLACEMENT_3D ( 'NONE', #5239, #2536, #3059 ) ;
#4855 = CARTESIAN_POINT ( 'NONE',  ( -0.07069145586676647830, 0.02928135976391345319, 0.6591796875000003331 ) ) ;
#4856 = VERTEX_POINT ( 'NONE', #5435 ) ;
#4857 = CARTESIAN_POINT ( 'NONE',  ( 0.04879036790187187694, 0.04879036790187153694, 0.8359375000000004441 ) ) ;
#4858 = CARTESIAN_POINT ( 'NONE',  ( -0.03443788894025155700, -0.03443788894025177905, -0.2539062500000001665 ) ) ;
#4859 = EDGE_CURVE ( 'NONE', #3969, #4693, #1568, .T. ) ;
#4860 = CARTESIAN_POINT ( 'NONE',  ( -0.03443788894025068964, -0.03443788894025263947, -0.2500000000000000000 ) ) ;
#4861 = CARTESIAN_POINT ( 'NONE',  ( 0.04998640781534013228, 0.04998640781533977839, 0.6513671875000002220 ) ) ;
#4862 = ORIENTED_EDGE ( 'NONE', *, *, #1492, .T. ) ;
#4863 = AXIS2_PLACEMENT_3D ( 'NONE', #4562, #4138, #5083 ) ;
#4864 = ORIENTED_EDGE ( 'NONE', *, *, #1722, .T. ) ;
#4865 = CARTESIAN_POINT ( 'NONE',  ( 0.02017324828170084447, 0.04870252959880150279, 0.6347656250000003331 ) ) ;
#4866 = CARTESIAN_POINT ( 'NONE',  ( 0.000000000000000000, 0.04870252959880195381, -0.07812500000000020817 ) ) ;
#4867 = CARTESIAN_POINT ( 'NONE',  ( 0.04132628554043196040, 0.04883004571369107399, 0.5000000000000000000 ) ) ;
#4868 = CARTESIAN_POINT ( 'NONE',  ( 0.04870252959880184279, 0.005692356800862549866, 0.8521136201875593175 ) ) ;
#4869 = ORIENTED_EDGE ( 'NONE', *, *, #3275, .F. ) ;
#4870 = CARTESIAN_POINT ( 'NONE',  ( -0.04879036790187187000, -0.04879036790187219613, 0.5703125000000005551 ) ) ;
#4871 = CARTESIAN_POINT ( 'NONE',  ( -0.02928135976391377585, -0.07069145586676670034, -0.2353515624999993339 ) ) ;
#4872 = CARTESIAN_POINT ( 'NONE',  ( -0.04998640781534011146, 0.04998640781533989635, -0.1494140625000003053 ) ) ;
#4873 = CARTESIAN_POINT ( 'NONE',  ( -0.02017324828170081324, 0.04870252959880150972, 0.8574218750000005551 ) ) ;
#4874 = CARTESIAN_POINT ( 'NONE',  ( 0.02017324828170079937, -0.04870252959880216198, 0.7207031250000002220 ) ) ;
#4875 = CARTESIAN_POINT ( 'NONE',  ( 0.03443788894025155700, -0.03443788894025177905, -0.1171875000000001388 ) ) ;
#4876 = CARTESIAN_POINT ( 'NONE',  ( 0.03443788894025156394, 0.03443788894025133496, -0.1718750000000001388 ) ) ;
#4877 = ADVANCED_FACE ( 'NONE', ( #3255 ), #4214, .T. ) ;
#4878 = CARTESIAN_POINT ( 'NONE',  ( 1.690012582823350771E-17, 0.06899999999999979761, 0.5273437500000005551 ) ) ;
#4879 = LENGTH_MEASURE_WITH_UNIT ( LENGTH_MEASURE( 0.02539999999999999897 ), #2720 );
#4880 = CARTESIAN_POINT ( 'NONE',  ( -0.01249999999999995386, 0.1371206889325357059, 0.01093458898514387996 ) ) ;
#4881 = CARTESIAN_POINT ( 'NONE',  ( -0.1124999999999999056, 0.07938566201357313834, -0.3818813079129863564 ) ) ;
#4882 = CARTESIAN_POINT ( 'NONE',  ( 0.06900000000000011680, 0.02858073580374330749, 0.8027343750000005551 ) ) ;
#4883 = CARTESIAN_POINT ( 'NONE',  ( 1.192867939671037905E-17, 0.04870252959880150972, 0.7343750000000002220 ) ) ;
#4884 = CARTESIAN_POINT ( 'NONE',  ( -0.07069145586676647830, -0.02928135976391408463, 0.6943359375000004441 ) ) ;
#4885 = ORIENTED_EDGE ( 'NONE', *, *, #3062, .F. ) ;
#4886 = CARTESIAN_POINT ( 'NONE',  ( -8.450062914116752315E-18, -0.06900000000000044986, 0.7343750000000001110 ) ) ;
#4887 = CARTESIAN_POINT ( 'NONE',  ( 0.02017324828170097978, 0.04870252959880193994, -0.2050781250000001943 ) ) ;
#4888 = CARTESIAN_POINT ( 'NONE',  ( 0.000000000000000000, -3.872963666017773752E-17, -0.02999999999999998848 ) ) ;
#4889 = CARTESIAN_POINT ( 'NONE',  ( 0.09603473329713002604, -0.08889188817675476584, 0.006797204659705217804 ) ) ;
#4890 = CARTESIAN_POINT ( 'NONE',  ( -0.02928135976391377585, 0.07069145586676615911, 0.7509765625000002220 ) ) ;
#4891 = ORIENTED_EDGE ( 'NONE', *, *, #412, .F. ) ;
#4892 = ORIENTED_EDGE ( 'NONE', *, *, #4781, .T. ) ;
#4893 = CARTESIAN_POINT ( 'NONE',  ( 0.04870252959880182891, 0.02017324828170050446, 0.5996093750000003331 ) ) ;
#4894 = CARTESIAN_POINT ( 'NONE',  ( 0.02017324828170079937, -0.04870252959880216198, 0.6542968750000003331 ) ) ;
#4895 = CARTESIAN_POINT ( 'NONE',  ( 0.000000000000000000, -1.493979371535143794E-17, -0.2500000000000000000 ) ) ;
#4896 = CARTESIAN_POINT ( 'NONE',  ( 1.690012582823350463E-17, 0.06899999999999979761, 0.5937500000000000000 ) ) ;
#4897 = CARTESIAN_POINT ( 'NONE',  ( 0.03443788894025132108, -0.03443788894025164721, 0.5000000000000004441 ) ) ;
#4898 = PLANE ( 'NONE',  #1081 ) ;
#4899 = ORIENTED_EDGE ( 'NONE', *, *, #3322, .T. ) ;
#4900 = FACE_OUTER_BOUND ( 'NONE', #4954, .T. ) ;
#4901 = EDGE_CURVE ( 'NONE', #3259, #2137, #3975, .T. ) ;
#4902 = CARTESIAN_POINT ( 'NONE',  ( 0.07069145586676645054, -0.02928135976391401871, -0.1630859375000003053 ) ) ;
#4903 = ADVANCED_FACE ( 'NONE', ( #1535 ), #1949, .F. ) ;
#4904 = CARTESIAN_POINT ( 'NONE',  ( -5.964339698355189526E-18, -0.04870252959880215504, 0.8398437500000003331 ) ) ;
#4905 = CARTESIAN_POINT ( 'NONE',  ( 0.04870252959880182891, 0.02017324828170050446, 0.6660156250000003331 ) ) ;
#4906 = CARTESIAN_POINT ( 'NONE',  ( 0.04870252959880215504, -0.02017324828170119141, -0.1152343750000001388 ) ) ;
#4907 = CARTESIAN_POINT ( 'NONE',  ( 0.02017324828170093814, -0.04870252959880239790, -0.2128906250000001943 ) ) ;
#4908 = CARTESIAN_POINT ( 'NONE',  ( -8.450062914116752315E-18, -0.06900000000000044986, 0.5156250000000002220 ) ) ;
#4909 = B_SPLINE_CURVE_WITH_KNOTS ( 'NONE', 3,
 ( #2200, #1248, #376, #2142, #3897, #5669 ),
 .UNSPECIFIED., .F., .F.,
 ( 4, 2, 4 ),
 ( 4.635519035990620617E-18, 0.0003339356863370996687, 0.0006678713726741946754 ),
 .UNSPECIFIED. ) ;
#4910 = CARTESIAN_POINT ( 'NONE',  ( -0.1124999999999998779, -0.07938566201357385999, 0.8640654110148560108 ) ) ;
#4911 = CARTESIAN_POINT ( 'NONE',  ( 1.690012582823350463E-17, 0.06899999999999979761, 0.6562500000000001110 ) ) ;
#4912 = SURFACE_SIDE_STYLE ('',( #4968 ) ) ;
#4913 = CARTESIAN_POINT ( 'NONE',  ( -0.03443788894025132802, -0.03443788894025164027, 0.7148437500000003331 ) ) ;
#4914 = CARTESIAN_POINT ( 'NONE',  ( 0.06464252517776483686, -0.02475414479849400579, -0.04130178976438410310 ) ) ;
#4915 = CARTESIAN_POINT ( 'NONE',  ( 0.07069145586676645054, 0.02928135976391346013, 0.6162109375000004441 ) ) ;
#4916 = CARTESIAN_POINT ( 'NONE',  ( 0.02017324828170093814, -0.04870252959880239790, -0.2167968750000002498 ) ) ;
#4917 = CARTESIAN_POINT ( 'NONE',  ( -0.05635026784166904251, 0.01221888310222165631, -0.2500000000000000555 ) ) ;
#4918 = CARTESIAN_POINT ( 'NONE',  ( -0.04998640781534011146, 0.04998640781533979921, 0.7216796875000002220 ) ) ;
#4919 = EDGE_LOOP ( 'NONE', ( #4891, #829, #5047, #1211, #2344, #3880, #3676, #2220, #4511, #397 ) ) ;
#4920 = CARTESIAN_POINT ( 'NONE',  ( 0.04870252959880183585, -3.297963650534137407E-16, 0.7226562500000004441 ) ) ;
#4921 = CARTESIAN_POINT ( 'NONE',  ( 0.04870252959880183585, -3.297963650534137407E-16, 0.6289062500000003331 ) ) ;
#4922 = CARTESIAN_POINT ( 'NONE',  ( -0.04870252959880183585, -0.02017324828170113243, 0.7089843750000004441 ) ) ;
#4923 = DIRECTION ( 'NONE',  ( 1.000000000000000000, 0.000000000000000000, 0.000000000000000000 ) ) ;
#4924 = CARTESIAN_POINT ( 'NONE',  ( 0.06900000000000011680, -3.335249498770560676E-16, 0.8671875000000001110 ) ) ;
#4925 = CARTESIAN_POINT ( 'NONE',  ( 0.04879036790187224470, -0.04879036790187247369, -0.2265625000000006939 ) ) ;
#4926 = CARTESIAN_POINT ( 'NONE',  ( 0.02017324828170080284, -0.04870252959880216892, 0.8144531250000002220 ) ) ;
#4927 = VERTEX_POINT ( 'NONE', #3703 ) ;
#4928 = EDGE_CURVE ( 'NONE', #4856, #671, #4999, .T. ) ;
#4929 = CARTESIAN_POINT ( 'NONE',  ( 0.02928135976391375503, -0.07069145586676670034, -0.1357421875000003331 ) ) ;
#4930 = CARTESIAN_POINT ( 'NONE',  ( 0.03443788894025132108, -0.03443788894025164721, 0.7500000000000003331 ) ) ;
#4931 = CARTESIAN_POINT ( 'NONE',  ( -0.04870252959880183585, -3.178676856567033324E-16, 0.6796875000000003331 ) ) ;
#4932 = CARTESIAN_POINT ( 'NONE',  ( -0.04870252959880216892, -0.02017324828170116019, -0.1269531250000001388 ) ) ;
#4933 = EDGE_CURVE ( 'NONE', #2437, #479, #1319, .T. ) ;
#4934 = DIRECTION ( 'NONE',  ( -0.000000000000000000, -0.000000000000000000, -1.000000000000000000 ) ) ;
#4935 = DIRECTION ( 'NONE',  ( -0.000000000000000000, 1.081356497492104437E-16, -1.000000000000000000 ) ) ;
#4936 = CARTESIAN_POINT ( 'NONE',  ( -0.1124999999999998918, 0.07938566201357313834, 0.8640654110148561218 ) ) ;
#4937 = EDGE_LOOP ( 'NONE', ( #5683, #3435, #4997, #2461 ) ) ;
#4938 = CARTESIAN_POINT ( 'NONE',  ( -0.02017324828170082018, -0.04870252959880215504, 0.7167968750000003331 ) ) ;
#4939 = CARTESIAN_POINT ( 'NONE',  ( 0.07069145586676646442, -3.338356652790262245E-16, 0.6767578125000004441 ) ) ;
#4940 = CARTESIAN_POINT ( 'NONE',  ( -0.02858073580392710492, -0.06899999999987867227, -0.1386718750000416056 ) ) ;
#4941 = CARTESIAN_POINT ( 'NONE',  ( 0.000000000000000000, 0.06899999999999965883, -0.1523437500000002498 ) ) ;
#4942 = VECTOR ( 'NONE', #1692, 39.37007874015748143 ) ;
#4943 = CARTESIAN_POINT ( 'NONE',  ( 0.07069145586676646442, -3.338356652790262245E-16, 0.6787109375000002220 ) ) ;
#4944 = ORIENTED_EDGE ( 'NONE', *, *, #5444, .F. ) ;
#4945 = AXIS2_PLACEMENT_3D ( 'NONE', #2462, #2022, #5601 ) ;
#4946 = CARTESIAN_POINT ( 'NONE',  ( -0.03443788894025132108, 0.03443788894025100189, 0.7031250000000004441 ) ) ;
#4947 = CARTESIAN_POINT ( 'NONE',  ( -0.04870252959880183585, -0.02017324828170113243, 0.5527343750000003331 ) ) ;
#4948 = ADVANCED_FACE ( 'NONE', ( #4736 ), #3050, .F. ) ;
#4949 = CARTESIAN_POINT ( 'NONE',  ( 0.02017324828170079937, -0.04870252959880216198, 0.6855468750000005551 ) ) ;
#4950 = FACE_OUTER_BOUND ( 'NONE', #5414, .T. ) ;
#4951 = FACE_OUTER_BOUND ( 'NONE', #801, .T. ) ;
#4952 = VECTOR ( 'NONE', #44, 39.37007874015748143 ) ;
#4953 = CARTESIAN_POINT ( 'NONE',  ( -0.04870252959880183585, 0.02017324828170049406, 0.6777343750000003331 ) ) ;
#4954 = EDGE_LOOP ( 'NONE', ( #497, #3084, #4987, #5369 ) ) ;
#4955 = CARTESIAN_POINT ( 'NONE',  ( 0.02017324828170097978, 0.04870252959880193994, -0.2011718750000001388 ) ) ;
#4956 = CONICAL_SURFACE ( 'NONE', #2204, 0.06899999999999963107, 1.047197551196600740 ) ;
#4957 = CARTESIAN_POINT ( 'NONE',  ( -8.450062914116753856E-18, -0.06900000000000044986, 0.6054687500000005551 ) ) ;
#4958 = CARTESIAN_POINT ( 'NONE',  ( -0.04998640781534011146, 0.04998640781533989635, -0.08691406250000031919 ) ) ;
#4959 = CARTESIAN_POINT ( 'NONE',  ( 0.02017324828170079937, -0.04870252959880216198, 0.8105468750000002220 ) ) ;
#4960 = CARTESIAN_POINT ( 'NONE',  ( 0.03443788894025132108, -0.03443788894025164721, 0.5351562500000003331 ) ) ;
#4961 = CARTESIAN_POINT ( 'NONE',  ( -5.964339698355230356E-18, -0.04870252959880237709, -0.08984375000000015266 ) ) ;
#4962 =( BOUNDED_CURVE ( )  B_SPLINE_CURVE ( 2, ( #4886, #930, #1835, #2726, #4457, #498, #4022, #1747, #3591 ),
 .UNSPECIFIED., .F., .T. ) 
 B_SPLINE_CURVE_WITH_KNOTS ( ( 3, 2, 2, 2, 3 ),
 ( 0.6071428571428570953, 0.6160714285714284921, 0.6249999999999997780, 0.6339285714285711748, 0.6428571428571425717 ),
 .UNSPECIFIED. ) 
 CURVE ( )  GEOMETRIC_REPRESENTATION_ITEM ( )  RATIONAL_B_SPLINE_CURVE ( ( 1.000000000000000888, 0.9238795325112857393, 1.000000000000000000, 0.9238795325112867385, 1.000000000000000000, 0.9238795325112867385, 1.000000000000000000, 0.9238795325112886259, 0.9999999999999981126 ) ) 
 REPRESENTATION_ITEM ( '' )  );
#4963 = CARTESIAN_POINT ( 'NONE',  ( 1.192867939671037905E-17, 0.04870252959880150972, 0.9179687500000003331 ) ) ;
#4964 = CARTESIAN_POINT ( 'NONE',  ( -0.04870252959880216892, 0.02017324828170073345, -0.2285156250000001943 ) ) ;
#4965 = CARTESIAN_POINT ( 'NONE',  ( -8.657206515430192834E-18, -0.07069145586676668647, -0.1708984374999993339 ) ) ;
#4966 = CARTESIAN_POINT ( 'NONE',  ( -0.1238516257341601146, 0.06641573266825877286, 0.01253840202791905133 ) ) ;
#4967 = ORIENTED_EDGE ( 'NONE', *, *, #5455, .T. ) ;
#4968 = SURFACE_STYLE_FILL_AREA ( #2569 ) ;
#4969 = CARTESIAN_POINT ( 'NONE',  ( 0.04870252959880182891, 0.02017324828170050446, 0.7597656250000003331 ) ) ;
#4970 = CARTESIAN_POINT ( 'NONE',  ( 0.04870252959880183585, -3.297963650534137407E-16, 0.9140625000000003331 ) ) ;
#4971 = FACE_OUTER_BOUND ( 'NONE', #2855, .T. ) ;
#4972 = CARTESIAN_POINT ( 'NONE',  ( 0.09613479176815448168, 0.08883411939157345727, 0.006359815748012169132 ) ) ;
#4973 = CARTESIAN_POINT ( 'NONE',  ( -0.02017324828170080978, 0.04870252959880150972, 0.5761718750000005551 ) ) ;
#4974 = LINE ( 'NONE', #4171, #5515 ) ;
#4975 = CARTESIAN_POINT ( 'NONE',  ( -0.04998640781534011146, 0.04998640781533979921, 0.6591796875000001110 ) ) ;
#4976 = VERTEX_POINT ( 'NONE', #3468 ) ;
#4977 = CARTESIAN_POINT ( 'NONE',  ( -0.02017324828170081324, 0.04870252959880150972, 0.6386718750000004441 ) ) ;
#4978 = CARTESIAN_POINT ( 'NONE',  ( -0.04870252959880183585, -3.178676856567033324E-16, 0.6445312500000004441 ) ) ;
#4979 = CARTESIAN_POINT ( 'NONE',  ( 0.04442887505540416698, 0.02372481965319979749, 0.8527025295988017728 ) ) ;
#4980 = EDGE_CURVE ( 'NONE', #2337, #5712, #5144, .T. ) ;
#4981 = CARTESIAN_POINT ( 'NONE',  ( 0.04879036790187186307, -0.04879036790187220307, 0.6757812500000001110 ) ) ;
#4982 = CARTESIAN_POINT ( 'NONE',  ( 1.192867939671037905E-17, 0.04870252959880150972, 0.7656250000000002220 ) ) ;
#4983 = ORIENTED_EDGE ( 'NONE', *, *, #3149, .F. ) ;
#4984 = CARTESIAN_POINT ( 'NONE',  ( -5.964339698355230356E-18, -0.04870252959880239096, -0.2148437500000001388 ) ) ;
#4985 = CARTESIAN_POINT ( 'NONE',  ( -8.657206515430192834E-18, -0.07069145586676667259, -0.1064453125000003192 ) ) ;
#4986 = CARTESIAN_POINT ( 'NONE',  ( -0.03443788894025132108, 0.03443788894025100189, 0.7031250000000004441 ) ) ;
#4987 = ORIENTED_EDGE ( 'NONE', *, *, #737, .T. ) ;
#4988 = CARTESIAN_POINT ( 'NONE',  ( 0.02017324828170079937, -0.04870252959880216198, 0.5957031250000003331 ) ) ;
#4989 = LINE ( 'NONE', #1041, #78 ) ;
#4990 = CARTESIAN_POINT ( 'NONE',  ( 0.04879036790187157163, 0.04879036790187134959, -0.06250000000000013878 ) ) ;
#4991 = CARTESIAN_POINT ( 'NONE',  ( 0.04870252959880215504, 0.02017324828170074386, -0.1777343750000002498 ) ) ;
#4992 = CARTESIAN_POINT ( 'NONE',  ( -0.04998640781534011840, -0.04998640781534032657, -0.1748046874999993339 ) ) ;
#4993 = CARTESIAN_POINT ( 'NONE',  ( 0.000000000000000000, 0.06899999999999965883, -0.1835937500000002498 ) ) ;
#4994 = ORIENTED_EDGE ( 'NONE', *, *, #4489, .T. ) ;
#4995 = PRESENTATION_STYLE_ASSIGNMENT (( #5438 ) ) ;
#4996 = CARTESIAN_POINT ( 'NONE',  ( -0.02017324828170082018, -0.04870252959880215504, 0.6855468750000005551 ) ) ;
#4997 = ORIENTED_EDGE ( 'NONE', *, *, #3594, .T. ) ;
#4998 = CARTESIAN_POINT ( 'NONE',  ( 0.07069145586676645054, -0.02928135976391412626, 0.5810546875000005551 ) ) ;
#4999 =( BOUNDED_CURVE ( )  B_SPLINE_CURVE ( 2, ( #2808, #3365, #3283, #5465, #1509, #5495, #158, #1078, #2865 ),
 .UNSPECIFIED., .F., .T. ) 
 B_SPLINE_CURVE_WITH_KNOTS ( ( 3, 2, 2, 2, 3 ),
 ( 0.2142857142857140795, 0.2232142857142855041, 0.2321428571428569287, 0.2410714285714284921, 0.2499999999999999167 ),
 .UNSPECIFIED. ) 
 CURVE ( )  GEOMETRIC_REPRESENTATION_ITEM ( )  RATIONAL_B_SPLINE_CURVE ( ( 1.000000000000001998, 0.9238795325112848511, 1.000000000000000000, 0.9238795325112867385, 1.000000000000000000, 0.9238795325112867385, 1.000000000000000000, 0.9238795325112874046, 0.9999999999999993339 ) ) 
 REPRESENTATION_ITEM ( '' )  );
#5000 = CARTESIAN_POINT ( 'NONE',  ( 0.02858073580374342199, -0.06900000000000022782, -0.2011718749999994449 ) ) ;
#5001 = CARTESIAN_POINT ( 'NONE',  ( -0.03443788894025155700, 0.03443788894025134883, -0.07421875000000019429 ) ) ;
#5002 = CARTESIAN_POINT ( 'NONE',  ( 0.000000000000000000, 0.06899999999999967271, -0.2187499999999994449 ) ) ;
#5003 = CARTESIAN_POINT ( 'NONE',  ( -0.1249999999999999167, 0.05773502691896206795, 0.8640654110148561218 ) ) ;
#5004 = CARTESIAN_POINT ( 'NONE',  ( -0.07069145586676647830, -0.02928135976391408810, 0.6337890625000001110 ) ) ;
#5005 = EDGE_CURVE ( 'NONE', #2779, #306, #3424, .T. ) ;
#5006 = CARTESIAN_POINT ( 'NONE',  ( 0.02928135976391381748, 0.07069145586676611748, 0.9326171875000006661 ) ) ;
#5007 = EDGE_LOOP ( 'NONE', ( #3509, #2446, #5064, #1140 ) ) ;
#5008 = CARTESIAN_POINT ( 'NONE',  ( 0.02017324828170084447, 0.04870252959880150279, 0.6660156250000003331 ) ) ;
#5009 = CARTESIAN_POINT ( 'NONE',  ( -0.1194435245687477526, -0.07405078785165676580, 0.01253840202791902531 ) ) ;
#5010 = CARTESIAN_POINT ( 'NONE',  ( -5.964339698355189526E-18, -0.04870252959880215504, 0.4960937500000003331 ) ) ;
#5011 = CARTESIAN_POINT ( 'NONE',  ( -0.02884650611411704660, -0.04556087133632217429, 0.5000000000000001110 ) ) ;
#5012 = CARTESIAN_POINT ( 'NONE',  ( -0.03443788894025132108, 0.03443788894025100189, 0.7070312500000003331 ) ) ;
#5013 = CARTESIAN_POINT ( 'NONE',  ( -0.04879036790187171041, -0.04879036790187191858, -0.2382812499999994449 ) ) ;
#5014 = CARTESIAN_POINT ( 'NONE',  ( 0.03443788894025155700, -0.03443788894025177905, -0.1171875000000001388 ) ) ;
#5015 = CARTESIAN_POINT ( 'NONE',  ( -0.07069145586676647830, -0.02928135976391398054, -0.1123046875000003192 ) ) ;
#5016 = ORIENTED_EDGE ( 'NONE', *, *, #2554, .F. ) ;
#5017 = CARTESIAN_POINT ( 'NONE',  ( -0.06899999999999989475, 0.02858073580374330402, -0.2128906249999994449 ) ) ;
#5018 = CARTESIAN_POINT ( 'NONE',  ( -0.04870252959880183585, -3.178676856567033324E-16, 0.6757812500000003331 ) ) ;
#5019 = ORIENTED_EDGE ( 'NONE', *, *, #3346, .T. ) ;
#5020 = CARTESIAN_POINT ( 'NONE',  ( 0.04870252959880183585, -3.297963650534137407E-16, 0.6328125000000002220 ) ) ;
#5021 = CARTESIAN_POINT ( 'NONE',  ( 0.03443788894025156394, 0.03443788894025134190, -0.07812500000000013878 ) ) ;
#5022 = CARTESIAN_POINT ( 'NONE',  ( 0.03443788894025132802, 0.03443788894025099495, 0.8515625000000003331 ) ) ;
#5023 = ADVANCED_FACE ( 'NONE', ( #4330 ), #4243, .T. ) ;
#5024 = CARTESIAN_POINT ( 'NONE',  ( 0.02017324828170093814, -0.04870252959880239790, -0.2167968750000002498 ) ) ;
#5025 = DIRECTION ( 'NONE',  ( -0.000000000000000000, 1.081356497492104437E-16, -1.000000000000000000 ) ) ;
#5026 = CARTESIAN_POINT ( 'NONE',  ( 0.02017324828170079937, -0.04870252959880216198, 0.5644531250000002220 ) ) ;
#5027 = CARTESIAN_POINT ( 'NONE',  ( -0.04998640781534011146, 0.04998640781533978533, 0.5634765625000004441 ) ) ;
#5028 = CARTESIAN_POINT ( 'NONE',  ( 0.02017324828170080284, -0.04870252959880216892, 0.5292968750000003331 ) ) ;
#5029 = FACE_OUTER_BOUND ( 'NONE', #3005, .T. ) ;
#5030 = CARTESIAN_POINT ( 'NONE',  ( 0.000000000000000000, 0.06899999999999992251, -0.2500000000000000000 ) ) ;
#5031 = CARTESIAN_POINT ( 'NONE',  ( -0.02928135976391377585, -0.07069145586676679749, 0.5751953125000002220 ) ) ;
#5032 =( BOUNDED_CURVE ( )  B_SPLINE_CURVE ( 2, ( #4739, #4796, #1764, #4388, #5260, #3444, #840, #3025, #4361 ),
 .UNSPECIFIED., .F., .T. ) 
 B_SPLINE_CURVE_WITH_KNOTS ( ( 3, 2, 2, 2, 3 ),
 ( 0.3571428571428568177, 0.3660714285714283256, 0.3749999999999997224, 0.3839285714285711193, 0.3928571428571426272 ),
 .UNSPECIFIED. ) 
 CURVE ( )  GEOMETRIC_REPRESENTATION_ITEM ( )  RATIONAL_B_SPLINE_CURVE ( ( 1.000000000000002442, 0.9238795325112844070, 1.000000000000000000, 0.9238795325112867385, 1.000000000000000000, 0.9238795325112867385, 1.000000000000000000, 0.9238795325112890700, 0.9999999999999976685 ) ) 
 REPRESENTATION_ITEM ( '' )  );
#5033 = CARTESIAN_POINT ( 'NONE',  ( -0.03443788894025132108, 0.03443788894025100189, 0.4843750000000003331 ) ) ;
#5034 = EDGE_LOOP ( 'NONE', ( #969, #3009, #3235, #830 ) ) ;
#5035 = ADVANCED_FACE ( 'NONE', ( #2996 ), #2618, .T. ) ;
#5036 = CARTESIAN_POINT ( 'NONE',  ( -0.02017324828170082018, -0.04870252959880215504, 0.6816406250000003331 ) ) ;
#5037 = VECTOR ( 'NONE', #514, 39.37007874015748143 ) ;
#5038 = CARTESIAN_POINT ( 'NONE',  ( 0.000000000000000000, -1.493979371535143794E-17, -0.2500000000000000000 ) ) ;
#5039 = CARTESIAN_POINT ( 'NONE',  ( -0.04870252959880183585, 0.02017324828170049406, 0.5800781250000003331 ) ) ;
#5040 = CARTESIAN_POINT ( 'NONE',  ( -5.964339698355189526E-18, -0.04870252959880215504, 0.5000000000000002220 ) ) ;
#5041 = DIRECTION ( 'NONE',  ( 0.000000000000000000, 1.000000000000000000, 0.000000000000000000 ) ) ;
#5042 = CARTESIAN_POINT ( 'NONE',  ( 0.04870252959880182891, 0.02017324828170050446, 0.6972656250000003331 ) ) ;
#5043 = CARTESIAN_POINT ( 'NONE',  ( -0.02017324828170095202, 0.04870252959880194688, -0.1972656250000001110 ) ) ;
#5044 = CARTESIAN_POINT ( 'NONE',  ( -8.450062914116752315E-18, -0.06900000000000044986, 0.5468750000000001110 ) ) ;
#5045 = STYLED_ITEM ( 'NONE', ( #4995 ), #3052 ) ;
#5046 = CARTESIAN_POINT ( 'NONE',  ( 0.04870252959880215504, -0.02017324828170119835, -0.2441406250000001943 ) ) ;
#5047 = ORIENTED_EDGE ( 'NONE', *, *, #2547, .F. ) ;
#5048 = CARTESIAN_POINT ( 'NONE',  ( -0.03443788894025132802, -0.03443788894025164027, 0.6484375000000003331 ) ) ;
#5049 = CARTESIAN_POINT ( 'NONE',  ( 0.03443788894025132802, 0.03443788894025099495, 0.5742187500000003331 ) ) ;
#5050 = VECTOR ( 'NONE', #3544, 39.37007874015748143 ) ;
#5051 = LINE ( 'NONE', #4620, #2766 ) ;
#5052 = CARTESIAN_POINT ( 'NONE',  ( 0.000000000000000000, 0.06899999999999968658, -0.06249999999999947264 ) ) ;
#5053 = CARTESIAN_POINT ( 'NONE',  ( -0.02858073580374415751, -0.06899999999999990863, 0.7949218749999998890 ) ) ;
#5054 = CARTESIAN_POINT ( 'NONE',  ( -0.02017324828170095549, -0.04870252959880237709, -0.1269531250000002220 ) ) ;
#5055 = CARTESIAN_POINT ( 'NONE',  ( 0.04998640781534013228, 0.04998640781533988942, -0.1591796874999993339 ) ) ;
#5056 = CARTESIAN_POINT ( 'NONE',  ( 0.000000000000000000, -1.493979371535143794E-17, -0.2500000000000000000 ) ) ;
#5057 = CARTESIAN_POINT ( 'NONE',  ( 1.192867939671037905E-17, 0.04870252959880150972, 0.6718750000000003331 ) ) ;
#5058 = CARTESIAN_POINT ( 'NONE',  ( 1.731441303086038567E-17, 0.07069145586676613136, 0.4970703125000004441 ) ) ;
#5059 = EDGE_CURVE ( 'NONE', #5301, #907, #5410, .T. ) ;
#5060 = CARTESIAN_POINT ( 'NONE',  ( -0.06900000000000011680, -0.02858073580374393199, 0.7285156250000001110 ) ) ;
#5061 = CARTESIAN_POINT ( 'NONE',  ( 0.02858073580374414016, -0.06899999999999992251, 0.6386718750000005551 ) ) ;
#5062 = CARTESIAN_POINT ( 'NONE',  ( -8.657206515430192834E-18, -0.07069145586676679749, 0.5771484375000002220 ) ) ;
#5063 = CARTESIAN_POINT ( 'NONE',  ( -0.04870252959880183585, 0.02017324828170049406, 0.4863281250000003331 ) ) ;
#5064 = ORIENTED_EDGE ( 'NONE', *, *, #2304, .F. ) ;
#5065 = CARTESIAN_POINT ( 'NONE',  ( 0.02017324828170080284, -0.04870252959880216892, 0.6542968750000003331 ) ) ;
#5066 = CARTESIAN_POINT ( 'NONE',  ( 1.690012582823350771E-17, 0.06899999999999979761, 0.7148437500000005551 ) ) ;
#5067 = CARTESIAN_POINT ( 'NONE',  ( -0.04870252959880183585, 0.02017324828170049406, 0.4863281250000003331 ) ) ;
#5068 = CARTESIAN_POINT ( 'NONE',  ( -0.06899999999999970046, 0.02858073580374323117, -0.08398437500000016653 ) ) ;
#5069 = ORIENTED_EDGE ( 'NONE', *, *, #1613, .F. ) ;
#5070 = CARTESIAN_POINT ( 'NONE',  ( 1.192867939671037905E-17, 0.04870252959880150972, 0.7031250000000003331 ) ) ;
#5071 = CARTESIAN_POINT ( 'NONE',  ( -5.964339698355230356E-18, -0.04870252959880237709, -0.1835937500000001388 ) ) ;
#5072 = CARTESIAN_POINT ( 'NONE',  ( 0.07055192212034724908, 0.004439393842344423191, -0.03583284093153840666 ) ) ;
#5073 = ORIENTED_EDGE ( 'NONE', *, *, #1223, .T. ) ;
#5074 = CARTESIAN_POINT ( 'NONE',  ( -0.02858073580374360587, -0.06900000000000004741, -0.2050781249999995004 ) ) ;
#5075 = CARTESIAN_POINT ( 'NONE',  ( -0.03443788894025132802, -0.03443788894025164027, 0.6796875000000004441 ) ) ;
#5076 = CARTESIAN_POINT ( 'NONE',  ( -0.04870252959880183585, -3.178676856567033324E-16, 0.5546875000000002220 ) ) ;
#5077 = CARTESIAN_POINT ( 'NONE',  ( 0.03443788894025156394, 0.03443788894025134190, -0.04687500000000013184 ) ) ;
#5078 = CARTESIAN_POINT ( 'NONE',  ( -5.964339698355230356E-18, -0.04870252959880237015, -0.02734375000000013184 ) ) ;
#5079 = CARTESIAN_POINT ( 'NONE',  ( -0.03443788894025132108, 0.03443788894025100189, 0.8593750000000003331 ) ) ;
#5080 = ADVANCED_FACE ( 'NONE', ( #3414 ), #1249, .F. ) ;
#5081 = CARTESIAN_POINT ( 'NONE',  ( -0.04870252959880216892, -0.02017324828170116019, -0.1308593750000001943 ) ) ;
#5082 = CARTESIAN_POINT ( 'NONE',  ( 0.000000000000000000, 0.07069145586676625626, -0.09277343749999933387 ) ) ;
#5083 = DIRECTION ( 'NONE',  ( 0.000000000000000000, 1.000000000000000000, 0.000000000000000000 ) ) ;
#5084 = ORIENTED_EDGE ( 'NONE', *, *, #3513, .F. ) ;
#5085 = CARTESIAN_POINT ( 'NONE',  ( -0.04870252959880183585, 0.02017324828170049406, 0.5839843750000003331 ) ) ;
#5086 = CARTESIAN_POINT ( 'NONE',  ( 0.04998640781534011146, -0.04998640781534044453, 0.5478515625000004441 ) ) ;
#5087 = ADVANCED_FACE ( 'NONE', ( #448 ), #2869, .T. ) ;
#5088 = CYLINDRICAL_SURFACE ( 'NONE', #1175, 0.02500000000000000486 ) ;
#5089 = CARTESIAN_POINT ( 'NONE',  ( -0.07069145586676647830, 0.02928135976391345666, 0.5361328125000002220 ) ) ;
#5090 = CARTESIAN_POINT ( 'NONE',  ( 0.07069145586676645054, 0.02928135976391346013, 0.8974609375000004441 ) ) ;
#5091 = VERTEX_POINT ( 'NONE', #1415 ) ;
#5092 = CARTESIAN_POINT ( 'NONE',  ( -0.03443788894025132802, -0.03443788894025164027, 0.6796875000000004441 ) ) ;
#5093 = CARTESIAN_POINT ( 'NONE',  ( 0.000000000000000000, 0.06899999999999965883, -0.1835937500000002498 ) ) ;
#5094 = CARTESIAN_POINT ( 'NONE',  ( 0.07069145586676647830, 0.02928135976391346360, 0.8994140625000001110 ) ) ;
#5095 = CARTESIAN_POINT ( 'NONE',  ( -0.05010850829799179396, 0.02360645713527942044, -0.03367911293021574881 ) ) ;
#5096 = CARTESIAN_POINT ( 'NONE',  ( 0.03443788894025132802, 0.03443788894025099495, 0.6679687500000003331 ) ) ;
#5097 = DIRECTION ( 'NONE',  ( -0.000000000000000000, 1.081356497492104437E-16, -1.000000000000000000 ) ) ;
#5098 = CARTESIAN_POINT ( 'NONE',  ( 0.000000000000000000, 0.04870252959880194688, -0.1992187500000001110 ) ) ;
#5099 =( BOUNDED_SURFACE ( )  B_SPLINE_SURFACE ( 1, 2, ( 
 ( #1773, #903, #443, #1407, #3174, #2727, #4858, #851, #3063, #5296, #23, #3480, #2692, #4804, #1718, #3531, #5243, #83, #469, #3996, #53, #1291, #1804, #2184, #5326, #4916, #5713, #1374, #1836, #3144, #964, #4887, #4458, #4343, #500, #388, #2156, #1893, #4541, #3261, #194, #3417, #1739, #5233, #3987, #3054, #430, #13, #5287, #3024, #1333, #2592, #1795, #4334, #546, #953, #185, #4077, #4050, #572, #5377, #4104, #1424, #5107, #2553, #2289, #1938, #3692, #3215, #5456, #3161, #1157, #1129, #3379, #3325, #1527, #5545, #2935, #235, #2077, #5599, #4582, #1581, #3355, #1558, #4614, #2409, #3750, #5134, #2493, #1965, #3721, #1100, #1698, #4726, #4291, #5442, #2840, #5001, #2700, #2534, #2063, #3794, #3342, #4768, #1650, #3369, #357, #3843, #327, #783, #5584, #2562, #2089, #1621, #2593, #4335, #380, #3873, #3394, #2976, #2922, #2477, #1172, #3768, #3445, #1597, #5201, #5119 ),
 ( #1254, #1143, #4657, #4682, #699, #5150, #4220, #730, #275, #2509, #2037, #4248, #4713, #4277, #5618, #3418, #4849, #4823, #2148, #5261, #1740, #867, #2654, #2175, #3930, #4907, #43, #5703, #892, #431, #2235, #3988, #2207, #4476, #4389, #3902, #3501, #2748, #72, #4448, #2718, #1308, #2684, #4419, #2621, #3081, #4876, #1284, #3961, #14, #1765, #954, #5675, #4362, #3524, #1365, #1708, #3472, #5288, #1334, #3106, #460, #3055, #1796, #3550, #5234, #5318, #3134, #3584, #922, #1825, #489, #2261, #5350, #4797, #841, #404, #3727, #1884, #1450, #2886, #4051, #985, #4135, #3222, #2774, #2829, #4507, #4961, #1012, #573, #1945, #4105, #3669, #5021, #5432, #4557, #1075, #4650, #266, #3809, #1564, #1135, #2555, #687, #5607, #4300, #748, #2465, #657, #4186, #5109, #3333, #2526, #5523, #5551, #2053, #241, #4733, #1221, #5078, #3865, #2442, #2000, #2027, #3786, #348, #1642, #5575 ) ),
 .UNSPECIFIED., .F., .F., .T. ) 
 B_SPLINE_SURFACE_WITH_KNOTS ( ( 2, 2 ),
 ( 3, 2, 2, 2, 2, 2, 2, 2, 2, 2, 2, 2, 2, 2, 2, 2, 2, 2, 2, 2, 2, 2, 2, 2, 2, 2, 2, 2, 2, 2, 2, 2, 2, 2, 2, 2, 2, 2, 2, 2, 2, 2, 2, 2, 2, 2, 2, 2, 2, 2, 2, 2, 2, 2, 2, 2, 2, 2, 2, 2, 2, 2, 2, 2, 3 ),
 ( 0.000000000000000000, 1.000000000000000000 ),
 ( 0.000000000000000000, 0.01562500000000000000, 0.03125000000000000000, 0.04687500000000000000, 0.06250000000000000000, 0.07812500000000000000, 0.09375000000000000000, 0.1093750000000000000, 0.1250000000000000000, 0.1406250000000000000, 0.1562500000000000000, 0.1718750000000000000, 0.1875000000000000000, 0.2031250000000000000, 0.2187500000000000000, 0.2343750000000000000, 0.2500000000000000000, 0.2656250000000000000, 0.2812500000000000000, 0.2968750000000000000, 0.3125000000000000000, 0.3281250000000000000, 0.3437500000000000000, 0.3593750000000000000, 0.3750000000000000000, 0.3906250000000000000, 0.4062500000000000000, 0.4218750000000000000, 0.4375000000000000000, 0.4531250000000000000, 0.4687500000000000000, 0.4843750000000000000, 0.5000000000000000000, 0.5156250000000000000, 0.5312500000000000000, 0.5468750000000000000, 0.5625000000000000000, 0.5781250000000000000, 0.5937500000000000000, 0.6093750000000000000, 0.6250000000000000000, 0.6406250000000000000, 0.6562500000000000000, 0.6718750000000000000, 0.6875000000000000000, 0.7031250000000000000, 0.7187500000000000000, 0.7343750000000000000, 0.7500000000000000000, 0.7656250000000000000, 0.7812500000000000000, 0.7968750000000000000, 0.8125000000000000000, 0.8281250000000000000, 0.8437500000000000000, 0.8593750000000000000, 0.8750000000000000000, 0.8906250000000000000, 0.9062500000000000000, 0.9218750000000000000, 0.9375000000000000000, 0.9531250000000000000, 0.9687500000000000000, 0.9700251661973141593, 0.9797254178592873508 ),
 .UNSPECIFIED. ) 
 GEOMETRIC_REPRESENTATION_ITEM ( )  RATIONAL_B_SPLINE_SURFACE ( (
 ( 1.000000000000000000, 0.9238795325112867385, 1.000000000000000000, 0.9238795325112867385, 1.000000000000000000, 0.9238795325112867385, 1.000000000000000000, 0.9238795325112867385, 1.000000000000000000, 0.9238795325112867385, 1.000000000000000000, 0.9238795325112867385, 1.000000000000000000, 0.9238795325112867385, 1.000000000000000000, 0.9238795325112867385, 1.000000000000000000, 0.9238795325112867385, 1.000000000000000000, 0.9238795325112867385, 1.000000000000000000, 0.9238795325112867385, 1.000000000000000000, 0.9238795325112867385, 1.000000000000000000, 0.9238795325112867385, 1.000000000000000000, 0.9238795325112867385, 1.000000000000000000, 0.9238795325112867385, 1.000000000000000000, 0.9238795325112867385, 1.000000000000000000, 0.9238795325112867385, 1.000000000000000000, 0.9238795325112867385, 1.000000000000000000, 0.9238795325112867385, 1.000000000000000000, 0.9238795325112867385, 1.000000000000000000, 0.9238795325112867385, 1.000000000000000000, 0.9238795325112867385, 1.000000000000000000, 0.9238795325112867385, 1.000000000000000000, 0.9238795325112867385, 1.000000000000000000, 0.9238795325112867385, 1.000000000000000000, 0.9238795325112867385, 1.000000000000000000, 0.9238795325112867385, 1.000000000000000000, 0.9238795325112867385, 1.000000000000000000, 0.9238795325112867385, 1.000000000000000000, 0.9238795325112867385, 1.000000000000000000, 0.9238795325112867385, 1.000000000000000000, 0.9238795325112867385, 1.000000000000000000, 0.9238795325112867385, 1.000000000000000000, 0.9238795325112867385, 1.000000000000000000, 0.9238795325112867385, 1.000000000000000000, 0.9238795325112867385, 1.000000000000000000, 0.9238795325112867385, 1.000000000000000000, 0.9238795325112867385, 1.000000000000000000, 0.9238795325112867385, 1.000000000000000000, 0.9238795325112867385, 1.000000000000000000, 0.9238795325112867385, 1.000000000000000000, 0.9238795325112867385, 1.000000000000000000, 0.9238795325112867385, 1.000000000000000000, 0.9238795325112867385, 1.000000000000000000, 0.9238795325112867385, 1.000000000000000000, 0.9238795325112867385, 1.000000000000000000, 0.9238795325112867385, 1.000000000000000000, 0.9238795325112867385, 1.000000000000000000, 0.9238795325112867385, 1.000000000000000000, 0.9238795325112867385, 1.000000000000000000, 0.9238795325112867385, 1.000000000000000000, 0.9238795325112867385, 1.000000000000000000, 0.9238795325112867385, 1.000000000000000000, 0.9238795325112867385, 1.000000000000000000, 0.9238795325112867385, 1.000000000000000000, 0.9238795325112867385, 1.000000000000000000, 0.9238795325112867385, 1.000000000000000000, 0.9238795325112867385, 1.000000000000000000, 0.9238795325112867385, 1.000000000000000000, 0.9238795325112867385, 1.000000000000000000, 0.9238795325112867385, 1.000000000000000000, 0.9238795325112867385, 1.000000000000000000, 0.9937877601878170042, 0.9885894900675514796, 0.9885894900675514796, 0.9885894900675514796),
 ( 1.000000000000000000, 0.9238795325112867385, 1.000000000000000000, 0.9238795325112867385, 1.000000000000000000, 0.9238795325112867385, 1.000000000000000000, 0.9238795325112867385, 1.000000000000000000, 0.9238795325112867385, 1.000000000000000000, 0.9238795325112867385, 1.000000000000000000, 0.9238795325112867385, 1.000000000000000000, 0.9238795325112867385, 1.000000000000000000, 0.9238795325112867385, 1.000000000000000000, 0.9238795325112867385, 1.000000000000000000, 0.9238795325112867385, 1.000000000000000000, 0.9238795325112867385, 1.000000000000000000, 0.9238795325112867385, 1.000000000000000000, 0.9238795325112867385, 1.000000000000000000, 0.9238795325112867385, 1.000000000000000000, 0.9238795325112867385, 1.000000000000000000, 0.9238795325112867385, 1.000000000000000000, 0.9238795325112867385, 1.000000000000000000, 0.9238795325112867385, 1.000000000000000000, 0.9238795325112867385, 1.000000000000000000, 0.9238795325112867385, 1.000000000000000000, 0.9238795325112867385, 1.000000000000000000, 0.9238795325112867385, 1.000000000000000000, 0.9238795325112867385, 1.000000000000000000, 0.9238795325112867385, 1.000000000000000000, 0.9238795325112867385, 1.000000000000000000, 0.9238795325112867385, 1.000000000000000000, 0.9238795325112867385, 1.000000000000000000, 0.9238795325112867385, 1.000000000000000000, 0.9238795325112867385, 1.000000000000000000, 0.9238795325112867385, 1.000000000000000000, 0.9238795325112867385, 1.000000000000000000, 0.9238795325112867385, 1.000000000000000000, 0.9238795325112867385, 1.000000000000000000, 0.9238795325112867385, 1.000000000000000000, 0.9238795325112867385, 1.000000000000000000, 0.9238795325112867385, 1.000000000000000000, 0.9238795325112867385, 1.000000000000000000, 0.9238795325112867385, 1.000000000000000000, 0.9238795325112867385, 1.000000000000000000, 0.9238795325112867385, 1.000000000000000000, 0.9238795325112867385, 1.000000000000000000, 0.9238795325112867385, 1.000000000000000000, 0.9238795325112867385, 1.000000000000000000, 0.9238795325112867385, 1.000000000000000000, 0.9238795325112867385, 1.000000000000000000, 0.9238795325112867385, 1.000000000000000000, 0.9238795325112867385, 1.000000000000000000, 0.9238795325112867385, 1.000000000000000000, 0.9238795325112867385, 1.000000000000000000, 0.9238795325112867385, 1.000000000000000000, 0.9238795325112867385, 1.000000000000000000, 0.9238795325112867385, 1.000000000000000000, 0.9238795325112867385, 1.000000000000000000, 0.9238795325112867385, 1.000000000000000000, 0.9238795325112867385, 1.000000000000000000, 0.9238795325112867385, 1.000000000000000000, 0.9238795325112867385, 1.000000000000000000, 0.9238795325112867385, 1.000000000000000000, 0.9238795325112867385, 1.000000000000000000, 0.9238795325112867385, 1.000000000000000000, 0.9238795325112867385, 1.000000000000000000, 0.9937877601878170042, 0.9885894900675514796, 0.9885894900675514796, 0.9885894900675514796) ) ) 
 REPRESENTATION_ITEM ( '' )  SURFACE ( )  );
#5100 = CARTESIAN_POINT ( 'NONE',  ( 0.02017324828170093814, -0.04870252959880239096, -0.1542968750000001665 ) ) ;
#5101 = CARTESIAN_POINT ( 'NONE',  ( 1.831480773947454243E-15, -0.04870252959880239096, -0.2500000000000000555 ) ) ;
#5102 = CARTESIAN_POINT ( 'NONE',  ( 0.000000000000000000, 0.06899999999999968658, -0.1562499999999994726 ) ) ;
#5103 = EDGE_LOOP ( 'NONE', ( #1723, #821, #585, #3635 ) ) ;
#5104 = CARTESIAN_POINT ( 'NONE',  ( -0.02017324828170095202, 0.04870252959880194688, -0.1972656250000001388 ) ) ;
#5105 = CARTESIAN_POINT ( 'NONE',  ( -5.964339698355189526E-18, -0.04870252959880215504, 0.5312500000000003331 ) ) ;
#5106 = CARTESIAN_POINT ( 'NONE',  ( 0.000000000000000000, 0.06899999999999992251, -0.2500000000000000000 ) ) ;
#5107 = CARTESIAN_POINT ( 'NONE',  ( 0.02017324828170097978, 0.04870252959880194688, -0.1425781250000001943 ) ) ;
#5108 = EDGE_CURVE ( 'NONE', #4586, #1241, #2279, .T. ) ;
#5109 = CARTESIAN_POINT ( 'NONE',  ( 0.02017324828170097978, 0.04870252959880195381, -0.04492187500000013878 ) ) ;
#5110 = CARTESIAN_POINT ( 'NONE',  ( 0.03443788894025132108, -0.03443788894025164721, 0.7187500000000003331 ) ) ;
#5111 = CARTESIAN_POINT ( 'NONE',  ( 0.02017324828170093814, -0.04870252959880239096, -0.1855468750000001943 ) ) ;
#5112 = CARTESIAN_POINT ( 'NONE',  ( 0.07069145586676646442, -2.248595851325271482E-16, -0.1005859374999993339 ) ) ;
#5113 = CARTESIAN_POINT ( 'NONE',  ( 0.04998640781534011840, 0.04998640781533988248, -0.2509765625000003331 ) ) ;
#5114 = ORIENTED_EDGE ( 'NONE', *, *, #3889, .F. ) ;
#5115 = CARTESIAN_POINT ( 'NONE',  ( -0.02017324828170082018, -0.04870252959880215504, 0.6542968750000003331 ) ) ;
#5116 = CARTESIAN_POINT ( 'NONE',  ( 0.04870252959880183585, -3.297963650534137407E-16, 0.8828125000000003331 ) ) ;
#5117 = B_SPLINE_CURVE_WITH_KNOTS ( 'NONE', 3,
 ( #529, #4972, #2334, #138, #2362, #2307, #4115, #164 ),
 .UNSPECIFIED., .F., .F.,
 ( 4, 2, 2, 4 ),
 ( 0.0003769942008442805676, 0.001851878332808214308, 0.002589320398790180555, 0.003326762464772147453 ),
 .UNSPECIFIED. ) ;
#5118 = CARTESIAN_POINT ( 'NONE',  ( 0.04879036790187688682, -0.04879036790187710887, -0.1328125000000044686 ) ) ;
#5119 = CARTESIAN_POINT ( 'NONE',  ( 0.04713661276047538540, 0.02642007406066449599, -0.02081677426729628202 ) ) ;
#5120 = CARTESIAN_POINT ( 'NONE',  ( 0.04879036790187172429, 0.04879036790187146755, -0.2226562499999994449 ) ) ;
#5121 = DIRECTION ( 'NONE',  ( -0.000000000000000000, 1.081356497492104437E-16, -1.000000000000000000 ) ) ;
#5122 = CARTESIAN_POINT ( 'NONE',  ( 0.07069145586676645054, -0.02928135976391413320, 0.5517578125000001110 ) ) ;
#5123 = B_SPLINE_CURVE_WITH_KNOTS ( 'NONE', 3,
 ( #205, #3658, #4979, #1093 ),
 .UNSPECIFIED., .F., .F.,
 ( 4, 4 ),
 ( 0.000000000000000000, 0.0009752057442267841880 ),
 .UNSPECIFIED. ) ;
#5124 = CARTESIAN_POINT ( 'NONE',  ( 0.04998640781534011146, -0.04998640781534044453, 0.7666015625000004441 ) ) ;
#5125 = VERTEX_POINT ( 'NONE', #4896 ) ;
#5126 = CARTESIAN_POINT ( 'NONE',  ( -0.04870252959880183585, -0.02017324828170113243, 0.6152343750000003331 ) ) ;
#5127 = DIRECTION ( 'NONE',  ( 0.000000000000000000, 1.000000000000000000, 0.000000000000000000 ) ) ;
#5128 = CARTESIAN_POINT ( 'NONE',  ( -0.04870252959880183585, -0.02017324828170113243, 0.5214843750000004441 ) ) ;
#5129 = CARTESIAN_POINT ( 'NONE',  ( 0.04879036790187187000, -0.04879036790187220307, 0.5156250000000005551 ) ) ;
#5130 = CARTESIAN_POINT ( 'NONE',  ( -0.04870252959880183585, -0.02017324828170113243, 0.6191406250000003331 ) ) ;
#5131 = CARTESIAN_POINT ( 'NONE',  ( -0.06899999999999989475, -2.163193389158179740E-16, -0.2421874999999994449 ) ) ;
#5132 = CARTESIAN_POINT ( 'NONE',  ( -0.02017324828170095202, 0.04870252959880195381, -0.1660156250000001388 ) ) ;
#5133 = EDGE_CURVE ( 'NONE', #4636, #1369, #974, .T. ) ;
#5134 = CARTESIAN_POINT ( 'NONE',  ( -5.964339698355230356E-18, -0.04870252959880237709, -0.09375000000000019429 ) ) ;
#5135 = CARTESIAN_POINT ( 'NONE',  ( -0.04870252959880216198, 0.02017324828170073345, -0.2285156250000001943 ) ) ;
#5136 = AXIS2_PLACEMENT_3D ( 'NONE', #33, #510, #2642 ) ;
#5137 = CARTESIAN_POINT ( 'NONE',  ( -0.02858073580374415751, -0.06899999999999990863, 0.8261718750000001110 ) ) ;
#5138 = CARTESIAN_POINT ( 'NONE',  ( 0.01249999999999999029, -0.1371206889325363720, -0.3818813079129863564 ) ) ;
#5139 = CARTESIAN_POINT ( 'NONE',  ( -0.03443788894025132802, -0.03443788894025164027, 0.4960937500000002776 ) ) ;
#5140 = CARTESIAN_POINT ( 'NONE',  ( -0.008760845854621352596, -0.1392794905849122633, 0.8630201580567850028 ) ) ;
#5141 = CARTESIAN_POINT ( 'NONE',  ( 0.04870252959880183585, -3.297963650534137407E-16, 0.7539062500000003331 ) ) ;
#5142 = CARTESIAN_POINT ( 'NONE',  ( -0.006106356349004270212, 0.06685517994599592118, -0.2443902572800955575 ) ) ;
#5143 = CARTESIAN_POINT ( 'NONE',  ( -0.07069145586676647830, -0.02928135976391398401, -0.1142578124999993200 ) ) ;
#5144 = LINE ( 'NONE', #2172, #3312 ) ;
#5145 = CARTESIAN_POINT ( 'NONE',  ( 0.04870252959880182891, 0.02017324828170050446, 0.5097656250000003331 ) ) ;
#5146 = VECTOR ( 'NONE', #916, 39.37007874015748143 ) ;
#5147 = EDGE_CURVE ( 'NONE', #1772, #1201, #2989, .T. ) ;
#5148 = CARTESIAN_POINT ( 'NONE',  ( 0.03443788894025132108, -0.03443788894025164721, 0.8789062500000002220 ) ) ;
#5149 = CARTESIAN_POINT ( 'NONE',  ( 0.04879036790187690070, 0.04879036790187666478, -0.1250000000000044964 ) ) ;
#5150 = CARTESIAN_POINT ( 'NONE',  ( -0.04870252959880216198, -0.02017324828170116713, -0.2519531250000001665 ) ) ;
#5151 = CARTESIAN_POINT ( 'NONE',  ( 1.690012582823350463E-17, 0.06899999999999979761, 0.7500000000000001110 ) ) ;
#5152 = CARTESIAN_POINT ( 'NONE',  ( 0.000000000000000000, 0.06899999999999968658, -0.1562499999999994726 ) ) ;
#5153 = CARTESIAN_POINT ( 'NONE',  ( 0.000000000000000000, -1.493979371535143794E-17, -0.2500000000000000000 ) ) ;
#5154 = DIRECTION ( 'NONE',  ( -0.000000000000000000, 1.081356497492104437E-16, -1.000000000000000000 ) ) ;
#5155 = CARTESIAN_POINT ( 'NONE',  ( -0.04998640781534011146, 0.04998640781533978533, 0.8447265625000004441 ) ) ;
#5156 = EDGE_LOOP ( 'NONE', ( #2697, #4092, #1777, #1126 ) ) ;
#5157 = CARTESIAN_POINT ( 'NONE',  ( -8.450062914116753856E-18, -0.06900000000000044986, 0.5429687500000005551 ) ) ;
#5158 = ADVANCED_FACE ( 'NONE', ( #3659 ), #2393, .T. ) ;
#5159 = CARTESIAN_POINT ( 'NONE',  ( 0.04998640781534011146, -0.04998640781534045147, 0.7998046875000002220 ) ) ;
#5160 = CARTESIAN_POINT ( 'NONE',  ( -0.005959386704298488130, 0.05952775906412131196, -0.03624994914584175887 ) ) ;
#5161 = CARTESIAN_POINT ( 'NONE',  ( 0.04870252959880183585, -3.297963650534137407E-16, 0.6015625000000003331 ) ) ;
#5162 = CARTESIAN_POINT ( 'NONE',  ( 0.03443788894025132802, 0.03443788894025099495, 0.8203125000000003331 ) ) ;
#5163 = CARTESIAN_POINT ( 'NONE',  ( 0.000000000000000000, 0.04870252959880195381, -0.1406250000000001943 ) ) ;
#5164 = CARTESIAN_POINT ( 'NONE',  ( -0.06900000000000011680, -0.02858073580374393199, 0.8222656250000002220 ) ) ;
#5165 = DIRECTION ( 'NONE',  ( -0.000000000000000000, -0.000000000000000000, -1.000000000000000000 ) ) ;
#5166 = CARTESIAN_POINT ( 'NONE',  ( 0.04870252959880182891, 0.02017324828170050446, 0.5097656250000003331 ) ) ;
#5167 = CARTESIAN_POINT ( 'NONE',  ( -0.04870252959880183585, -0.02017324828170113243, 0.8027343750000004441 ) ) ;
#5168 = CARTESIAN_POINT ( 'NONE',  ( 0.02017324828170093814, -0.04870252959880239096, -0.06054687500000018735 ) ) ;
#5169 = CARTESIAN_POINT ( 'NONE',  ( -0.02928135976391377585, -0.07069145586676668647, -0.2646484375000003331 ) ) ;
#5170 = CARTESIAN_POINT ( 'NONE',  ( -0.02017324828170082018, -0.04870252959880215504, 0.5605468750000004441 ) ) ;
#5171 = CARTESIAN_POINT ( 'NONE',  ( -0.02017324828170082018, -0.04870252959880215504, 0.8105468750000002220 ) ) ;
#5172 = CARTESIAN_POINT ( 'NONE',  ( 0.02535891276052500490, -0.04351686511997795992, 0.5000000000000007772 ) ) ;
#5173 = CARTESIAN_POINT ( 'NONE',  ( -0.04879036790187394473, 0.04879036790186917771, -0.2421875000000000278 ) ) ;
#5174 = CARTESIAN_POINT ( 'NONE',  ( -0.04998640781534011840, -0.04998640781534043759, 0.4794921875000001665 ) ) ;
#5175 = DIRECTION ( 'NONE',  ( -0.000000000000000000, 1.081356497492104437E-16, -1.000000000000000000 ) ) ;
#5176 = CARTESIAN_POINT ( 'NONE',  ( -0.04870252959880183585, 0.02017324828170049406, 0.8339843750000003331 ) ) ;
#5177 = CARTESIAN_POINT ( 'NONE',  ( 0.07069145586676645054, 0.02928135976391346013, 0.8349609375000005551 ) ) ;
#5178 = ORIENTED_EDGE ( 'NONE', *, *, #4014, .T. ) ;
#5179 = EDGE_CURVE ( 'NONE', #3704, #1785, #1794, .T. ) ;
#5180 = CARTESIAN_POINT ( 'NONE',  ( -8.450062914116724582E-18, -0.06900000000000011680, -0.04687499999999943795 ) ) ;
#5181 = CARTESIAN_POINT ( 'NONE',  ( -0.07069145586676647830, -0.02928135976391408810, 0.8212890625000002220 ) ) ;
#5182 = CARTESIAN_POINT ( 'NONE',  ( -0.05361466811224976231, 0.006146425818639084104, -0.03285097517460061622 ) ) ;
#5183 = ORIENTED_EDGE ( 'NONE', *, *, #4408, .F. ) ;
#5184 = CARTESIAN_POINT ( 'NONE',  ( -0.04870252959880183585, -0.02017324828170113243, 0.5566406250000003331 ) ) ;
#5185 = ADVANCED_FACE ( 'NONE', ( #3632 ), #4178, .T. ) ;
#5186 = CARTESIAN_POINT ( 'NONE',  ( 0.02017324828170080284, -0.04870252959880216892, 0.8417968750000004441 ) ) ;
#5187 =( BOUNDED_CURVE ( )  B_SPLINE_CURVE ( 2, ( #1499, #537, #1933, #2316, #4067, #3690, #3209, #3270, #4522 ),
 .UNSPECIFIED., .F., .T. ) 
 B_SPLINE_CURVE_WITH_KNOTS ( ( 3, 2, 2, 2, 3 ),
 ( 0.2857142857142854764, 0.2946428571428568732, 0.3035714285714284366, 0.3124999999999998890, 0.3214285714285712858 ),
 .UNSPECIFIED. ) 
 CURVE ( )  GEOMETRIC_REPRESENTATION_ITEM ( )  RATIONAL_B_SPLINE_CURVE ( ( 1.000000000000001998, 0.9238795325112848511, 1.000000000000000000, 0.9238795325112867385, 1.000000000000000000, 0.9238795325112867385, 1.000000000000000000, 0.9238795325112877377, 0.9999999999999990008 ) ) 
 REPRESENTATION_ITEM ( '' )  );
#5188 = CARTESIAN_POINT ( 'NONE',  ( -0.02017324828170095202, 0.04870252959880195381, -0.1386718750000001943 ) ) ;
#5189 = EDGE_CURVE ( 'NONE', #1027, #1454, #2761, .T. ) ;
#5190 = ORIENTED_EDGE ( 'NONE', *, *, #3643, .T. ) ;
#5191 = ORIENTED_EDGE ( 'NONE', *, *, #3392, .T. ) ;
#5192 = CARTESIAN_POINT ( 'NONE',  ( 0.06900000000000121314, -0.02858073580374431710, -0.09960937500000104083 ) ) ;
#5193 = CARTESIAN_POINT ( 'NONE',  ( 1.192867939671037905E-17, 0.04870252959880150972, 0.5117187500000004441 ) ) ;
#5194 = CARTESIAN_POINT ( 'NONE',  ( 8.391301089453736207E-13, 0.06899999999999967271, -0.2148437500000576206 ) ) ;
#5195 = CARTESIAN_POINT ( 'NONE',  ( 0.03443788894025132802, 0.03443788894025099495, 0.8203125000000003331 ) ) ;
#5196 = DIRECTION ( 'NONE',  ( 0.8660254037844397068, 0.000000000000000000, -0.4999999999999979461 ) ) ;
#5197 = CARTESIAN_POINT ( 'NONE',  ( -0.02017324828170095202, 0.04870252959880196075, -0.04101562500000012490 ) ) ;
#5198 = CARTESIAN_POINT ( 'NONE',  ( -0.07069145586676647830, 0.02928135976391355380, -0.2412109375000002776 ) ) ;
#5199 = CARTESIAN_POINT ( 'NONE',  ( -0.02017324828170082018, -0.04870252959880215504, 0.4980468750000003331 ) ) ;
#5200 = CARTESIAN_POINT ( 'NONE',  ( -0.04870252959880183585, -3.178676856567033324E-16, 0.8671875000000002220 ) ) ;
#5201 = CARTESIAN_POINT ( 'NONE',  ( 0.04787151952107431691, 0.01473906559828512541, -0.02197717327094498435 ) ) ;
#5202 = ADVANCED_FACE ( 'NONE', ( #1902 ), #4495, .T. ) ;
#5203 = CARTESIAN_POINT ( 'NONE',  ( -0.02858073580374415751, -0.06899999999999990863, 0.7636718750000000000 ) ) ;
#5204 = CARTESIAN_POINT ( 'NONE',  ( 0.02858073580374364750, 0.06899999999999958944, -0.1582031249999994726 ) ) ;
#5205 = DIRECTION ( 'NONE',  ( 1.000000000000000000, 0.000000000000000000, 0.000000000000000000 ) ) ;
#5206 = ORIENTED_EDGE ( 'NONE', *, *, #2772, .F. ) ;
#5207 = CARTESIAN_POINT ( 'NONE',  ( 0.04870252959880182891, -0.02017324828170116019, 0.9121093750000004441 ) ) ;
#5208 = CARTESIAN_POINT ( 'NONE',  ( -0.07069145586676647830, 0.02928135976391345319, 0.8154296875000003331 ) ) ;
#5209 = ORIENTED_EDGE ( 'NONE', *, *, #997, .F. ) ;
#5210 = CARTESIAN_POINT ( 'NONE',  ( -0.03443788894025155700, 0.03443788894025134190, -0.1640625000000001388 ) ) ;
#5211 = CARTESIAN_POINT ( 'NONE',  ( 0.01226111744501098486, -0.04713386668120742029, -0.02999999999999999195 ) ) ;
#5212 = CARTESIAN_POINT ( 'NONE',  ( -0.02928135976391377585, -0.07069145586676679749, 0.8251953125000002220 ) ) ;
#5213 = CARTESIAN_POINT ( 'NONE',  ( -8.450062914116753856E-18, -0.06900000000000044986, 0.6367187500000005551 ) ) ;
#5214 = ORIENTED_EDGE ( 'NONE', *, *, #3099, .T. ) ;
#5215 = ADVANCED_FACE ( 'NONE', ( #4951 ), #1472, .T. ) ;
#5216 = CARTESIAN_POINT ( 'NONE',  ( -0.04870252959880183585, -0.02017324828170113243, 0.6503906250000002220 ) ) ;
#5217 = CARTESIAN_POINT ( 'NONE',  ( -0.02017324828170080978, 0.04870252959880150972, 0.7949218750000004441 ) ) ;
#5218 = CARTESIAN_POINT ( 'NONE',  ( -0.03443788894025132802, -0.03443788894025164027, 0.5546875000000004441 ) ) ;
#5219 = CARTESIAN_POINT ( 'NONE',  ( 0.03443788894025156394, 0.03443788894025133496, -0.1132812500000001943 ) ) ;
#5220 = CARTESIAN_POINT ( 'NONE',  ( -0.04879036790187171041, -0.04879036790187191164, -0.1445312499999994449 ) ) ;
#5221 = CARTESIAN_POINT ( 'NONE',  ( 0.07055187784322462796, 0.004440097449121921565, -0.006535917776237542588 ) ) ;
#5222 = CARTESIAN_POINT ( 'NONE',  ( 0.02017324828170098325, 0.04870252959880193300, -0.2011718750000001388 ) ) ;
#5223 =( BOUNDED_CURVE ( )  B_SPLINE_CURVE ( 2, ( #2425, #165, #5445, #2925, #2842, #4196, #4659, #5061, #4568 ),
 .UNSPECIFIED., .F., .T. ) 
 B_SPLINE_CURVE_WITH_KNOTS ( ( 3, 2, 2, 2, 3 ),
 ( 0.6428571428571429047, 0.6517857142857141906, 0.6607142857142855874, 0.6696428571428569843, 0.6785714285714283811 ),
 .UNSPECIFIED. ) 
 CURVE ( )  GEOMETRIC_REPRESENTATION_ITEM ( )  RATIONAL_B_SPLINE_CURVE ( ( 1.000000000000000000, 0.9238795325112867385, 1.000000000000000000, 0.9238795325112867385, 1.000000000000000000, 0.9238795325112867385, 1.000000000000000000, 0.9238795325112886259, 0.9999999999999981126 ) ) 
 REPRESENTATION_ITEM ( '' )  );
#5224 = CARTESIAN_POINT ( 'NONE',  ( 0.000000000000000000, -1.493979371535143794E-17, -0.2500000000000000000 ) ) ;
#5225 = DIRECTION ( 'NONE',  ( 1.000000000000000000, 0.000000000000000000, 0.000000000000000000 ) ) ;
#5226 = CARTESIAN_POINT ( 'NONE',  ( -0.02017324828170082018, -0.04870252959880215504, 0.8066406250000003331 ) ) ;
#5227 = CARTESIAN_POINT ( 'NONE',  ( 0.000000000000000000, 0.06899999999999968658, -0.09374999999999944489 ) ) ;
#5228 = CARTESIAN_POINT ( 'NONE',  ( 0.000000000000000000, 0.04870252959880195381, -0.07421875000000016653 ) ) ;
#5229 = CARTESIAN_POINT ( 'NONE',  ( -0.06900000000000011680, -3.166248240488225568E-16, 0.5976562500000005551 ) ) ;
#5230 = CARTESIAN_POINT ( 'NONE',  ( 0.03443788894025132108, -0.03443788894025164721, 0.5039062500000003331 ) ) ;
#5231 = CARTESIAN_POINT ( 'NONE',  ( 0.03443788894025132108, -0.03443788894025164721, 0.8164062500000003331 ) ) ;
#5232 = AXIS2_PLACEMENT_3D ( 'NONE', #2626, #3527, #2302 ) ;
#5233 = CARTESIAN_POINT ( 'NONE',  ( 0.04870252959880215504, -0.02017324828170119488, -0.1816406250000001943 ) ) ;
#5234 = CARTESIAN_POINT ( 'NONE',  ( -0.02017324828170095202, 0.04870252959880195381, -0.1347656250000001388 ) ) ;
#5235 = DIRECTION ( 'NONE',  ( -0.000000000000000000, -0.000000000000000000, 1.000000000000000000 ) ) ;
#5236 = AXIS2_PLACEMENT_3D ( 'NONE', #2091, #4251, #784 ) ;
#5237 = FACE_OUTER_BOUND ( 'NONE', #2698, .T. ) ;
#5238 = ORIENTED_EDGE ( 'NONE', *, *, #2934, .F. ) ;
#5239 = CARTESIAN_POINT ( 'NONE',  ( 0.000000000000000000, -1.711591184772687368E-16, 0.8750000000000001110 ) ) ;
#5240 = CARTESIAN_POINT ( 'NONE',  ( 0.02017324828170079937, -0.04870252959880216198, 0.9082031250000002220 ) ) ;
#5241 = CARTESIAN_POINT ( 'NONE',  ( 0.04998640781534011840, 0.04998640781533977839, 0.7431640625000005551 ) ) ;
#5242 = ORIENTED_EDGE ( 'NONE', *, *, #1194, .T. ) ;
#5243 = CARTESIAN_POINT ( 'NONE',  ( 0.000000000000000000, 0.04870252959880194688, -0.2343750000000001943 ) ) ;
#5244 = VECTOR ( 'NONE', #2823, 39.37007874015748143 ) ;
#5245 = CARTESIAN_POINT ( 'NONE',  ( 0.07085820600274285452, 0.1034275629874285146, 0.8713971713223465088 ) ) ;
#5246 = CARTESIAN_POINT ( 'NONE',  ( 0.02928135976391382442, 0.07069145586676613136, 0.8095703125000003331 ) ) ;
#5247 = EDGE_LOOP ( 'NONE', ( #2399, #4752, #1380, #643 ) ) ;
#5248 = CARTESIAN_POINT ( 'NONE',  ( -0.03443788894025155700, -0.03443788894025177211, -0.09765625000000018041 ) ) ;
#5249 = CARTESIAN_POINT ( 'NONE',  ( -5.964339698355230356E-18, -0.04870252959880239096, -0.2460937500000001665 ) ) ;
#5250 = CARTESIAN_POINT ( 'NONE',  ( -0.02886520823184546627, -0.1276722315545361919, 0.8686401842519876348 ) ) ;
#5251 = ORIENTED_EDGE ( 'NONE', *, *, #4583, .F. ) ;
#5252 = CYLINDRICAL_SURFACE ( 'NONE', #1555, 0.06899999999999970046 ) ;
#5253 = ADVANCED_FACE ( 'NONE', ( #1032 ), #1188, .F. ) ;
#5254 = CARTESIAN_POINT ( 'NONE',  ( -0.04870252959880216892, -2.070378920935261239E-16, -0.07031250000000018041 ) ) ;
#5255 = CARTESIAN_POINT ( 'NONE',  ( -0.02017324828170095896, -0.04870252959880237015, -0.02929687500000015613 ) ) ;
#5256 = CARTESIAN_POINT ( 'NONE',  ( -0.02928135976391377585, -0.07069145586676667259, -0.1708984375000003053 ) ) ;
#5257 = CARTESIAN_POINT ( 'NONE',  ( 0.02017324828170084447, 0.04870252959880150279, 0.9160156250000004441 ) ) ;
#5258 =( BOUNDED_CURVE ( )  B_SPLINE_CURVE ( 2, ( #2007, #1571, #1145, #2924, #1598, #3370, #5120, #2064, #5002 ),
 .UNSPECIFIED., .F., .T. ) 
 B_SPLINE_CURVE_WITH_KNOTS ( ( 3, 2, 2, 2, 3 ),
 ( 0.06249999999999991673, 0.07812499999999994449, 0.09374999999999997224, 0.1093750000000000000, 0.1250000000000000278 ),
 .UNSPECIFIED. ) 
 CURVE ( )  GEOMETRIC_REPRESENTATION_ITEM ( )  RATIONAL_B_SPLINE_CURVE ( ( 1.000000000000000444, 0.9238795325112862944, 1.000000000000000000, 0.9238795325112867385, 1.000000000000000000, 0.9238795325112867385, 1.000000000000000000, 0.9238795325112866275, 1.000000000000000222 ) ) 
 REPRESENTATION_ITEM ( '' )  );
#5259 = CARTESIAN_POINT ( 'NONE',  ( 0.02017324828170079937, -0.04870252959880216198, 0.7519531250000002220 ) ) ;
#5260 = CARTESIAN_POINT ( 'NONE',  ( -0.06900000000000011680, -3.166248240488225568E-16, 0.6328125000000001110 ) ) ;
#5261 = CARTESIAN_POINT ( 'NONE',  ( -0.04870252959880216198, 0.02017324828170073345, -0.2246093750000001110 ) ) ;
#5262 = CARTESIAN_POINT ( 'NONE',  ( -0.02017324828170082018, -0.04870252959880215504, 0.5292968750000003331 ) ) ;
#5263 = CARTESIAN_POINT ( 'NONE',  ( 0.04879036790187187000, -0.04879036790187220307, 0.6718750000000004441 ) ) ;
#5264 = CARTESIAN_POINT ( 'NONE',  ( -0.07069145586676646442, -3.165212522481658049E-16, 0.5068359375000002220 ) ) ;
#5265 = ORIENTED_EDGE ( 'NONE', *, *, #2547, .T. ) ;
#5266 = CARTESIAN_POINT ( 'NONE',  ( 0.04870252959880182891, -0.02017324828170116019, 0.8496093750000002220 ) ) ;
#5267 = CARTESIAN_POINT ( 'NONE',  ( -0.07069145586676646442, -3.165212522481658049E-16, 0.6298828125000004441 ) ) ;
#5268 = VERTEX_POINT ( 'NONE', #2404 ) ;
#5269 = CARTESIAN_POINT ( 'NONE',  ( 0.05414179399725711078, -0.1130787879586810513, 0.8713971713223465088 ) ) ;
#5270 = DIRECTION ( 'NONE',  ( -0.000000000000000000, 1.081356497492104437E-16, -1.000000000000000000 ) ) ;
#5271 = CARTESIAN_POINT ( 'NONE',  ( 0.02858073580374339770, 0.06900000000000007516, 0.5566406250000006661 ) ) ;
#5272 = CARTESIAN_POINT ( 'NONE',  ( -0.04998640781534011840, -0.04998640781534043759, 0.7919921875000001110 ) ) ;
#5273 = ORIENTED_EDGE ( 'NONE', *, *, #4375, .T. ) ;
#5274 = CARTESIAN_POINT ( 'NONE',  ( 0.03443788894025132108, -0.03443788894025164721, 0.8437500000000004441 ) ) ;
#5275 = CARTESIAN_POINT ( 'NONE',  ( -8.450062914116724582E-18, -0.06900000000000011680, -0.1093749999999994449 ) ) ;
#5276 = FACE_OUTER_BOUND ( 'NONE', #345, .T. ) ;
#5277 = CARTESIAN_POINT ( 'NONE',  ( 0.03443788894025156394, 0.03443788894025134190, -0.08203125000000019429 ) ) ;
#5278 = CARTESIAN_POINT ( 'NONE',  ( 8.450062914116729204E-18, -0.06899999999999996414, -0.2500000000000000000 ) ) ;
#5279 = CARTESIAN_POINT ( 'NONE',  ( -0.02017324828170080978, 0.04870252959880150972, 0.7988281250000005551 ) ) ;
#5280 = DIRECTION ( 'NONE',  ( -0.000000000000000000, 1.081356497492104437E-16, -1.000000000000000000 ) ) ;
#5281 = CARTESIAN_POINT ( 'NONE',  ( 1.690012582823350771E-17, 0.06899999999999979761, 0.6210937500000005551 ) ) ;
#5282 = CARTESIAN_POINT ( 'NONE',  ( 0.04870252959880216892, -2.158571167267765094E-16, -0.01953125000000013878 ) ) ;
#5283 = CARTESIAN_POINT ( 'NONE',  ( -0.04998640781534011146, 0.04998640781533989635, -0.1806640625000003053 ) ) ;
#5284 = CARTESIAN_POINT ( 'NONE',  ( 0.04870252959880183585, -3.297963650534137407E-16, 0.8164062500000003331 ) ) ;
#5285 = CARTESIAN_POINT ( 'NONE',  ( -5.964339698355189526E-18, -0.04870252959880215504, 0.7500000000000003331 ) ) ;
#5286 = EDGE_CURVE ( 'NONE', #3034, #2378, #4599, .T. ) ;
#5287 = CARTESIAN_POINT ( 'NONE',  ( 0.000000000000000000, 0.04870252959880195381, -0.1718750000000001943 ) ) ;
#5288 = CARTESIAN_POINT ( 'NONE',  ( 0.03443788894025155700, -0.03443788894025177905, -0.1484375000000001388 ) ) ;
#5289 = CYLINDRICAL_SURFACE ( 'NONE', #1823, 0.04870252959880199545 ) ;
#5290 =( BOUNDED_CURVE ( )  B_SPLINE_CURVE ( 2, ( #5151, #2655, #433, #4278, #3817, #1622, #1204, #5203, #3903 ),
 .UNSPECIFIED., .F., .T. ) 
 B_SPLINE_CURVE_WITH_KNOTS ( ( 3, 2, 2, 2, 3 ),
 ( 0.6428571428571425717, 0.6517857142857140795, 0.6607142857142854764, 0.6696428571428569843, 0.6785714285714283811 ),
 .UNSPECIFIED. ) 
 CURVE ( )  GEOMETRIC_REPRESENTATION_ITEM ( )  RATIONAL_B_SPLINE_CURVE ( ( 1.000000000000001998, 0.9238795325112848511, 1.000000000000000000, 0.9238795325112867385, 1.000000000000000000, 0.9238795325112867385, 1.000000000000000000, 0.9238795325112886259, 0.9999999999999981126 ) ) 
 REPRESENTATION_ITEM ( '' )  );
#5291 = FACE_OUTER_BOUND ( 'NONE', #1035, .T. ) ;
#5292 = CARTESIAN_POINT ( 'NONE',  ( 0.04870252959880183585, -3.297963650534137407E-16, 0.6953125000000003331 ) ) ;
#5293 = CARTESIAN_POINT ( 'NONE',  ( 0.04998640781534011840, 0.04998640781533977839, 0.6181640625000005551 ) ) ;
#5294 = ORIENTED_EDGE ( 'NONE', *, *, #909, .F. ) ;
#5295 = DIRECTION ( 'NONE',  ( -0.000000000000000000, 1.081356497492104437E-16, -1.000000000000000000 ) ) ;
#5296 = CARTESIAN_POINT ( 'NONE',  ( 0.02017324828170093814, -0.04870252959880239790, -0.2480468750000001665 ) ) ;
#5297 = CARTESIAN_POINT ( 'NONE',  ( 1.690012582823350463E-17, 0.06899999999999979761, 0.8437500000000001110 ) ) ;
#5298 = CARTESIAN_POINT ( 'NONE',  ( -0.07069145586676646442, -3.165212522481658049E-16, 0.6943359375000001110 ) ) ;
#5299 = EDGE_CURVE ( 'NONE', #5125, #5636, #5187, .T. ) ;
#5300 = ADVANCED_BREP_SHAPE_REPRESENTATION ( '91075A445_Male-Female Threaded Hex Standoff_91075A445', ( #3052, #2965 ), #1923 ) ;
#5301 = VERTEX_POINT ( 'NONE', #3718 ) ;
#5302 = CARTESIAN_POINT ( 'NONE',  ( -0.03443788894025132108, 0.03443788894025100189, 0.5781250000000004441 ) ) ;
#5303 = CARTESIAN_POINT ( 'NONE',  ( 0.03443788894025132802, 0.03443788894025099495, 0.8515625000000003331 ) ) ;
#5304 = FACE_OUTER_BOUND ( 'NONE', #3590, .T. ) ;
#5305 = CARTESIAN_POINT ( 'NONE',  ( 0.02858073580374332831, -0.06900000000000075517, 0.8613281250000000000 ) ) ;
#5306 = CARTESIAN_POINT ( 'NONE',  ( -0.04870252959880216892, 0.02017324828170073345, -0.2246093750000001665 ) ) ;
#5307 = CARTESIAN_POINT ( 'NONE',  ( 0.04879036790187172429, 0.04879036790187148837, -0.06640624999999944489 ) ) ;
#5308 = EDGE_CURVE ( 'NONE', #1985, #4636, #288, .T. ) ;
#5309 = CARTESIAN_POINT ( 'NONE',  ( 8.450062914116699930E-18, -0.06899999999999971434, -0.2500000000000000000 ) ) ;
#5310 = CARTESIAN_POINT ( 'NONE',  ( 0.05911693206454343708, 0.03196565524507854333, 0.8708888986304575974 ) ) ;
#5311 = LINE ( 'NONE', #103, #5037 ) ;
#5312 = CARTESIAN_POINT ( 'NONE',  ( -0.04998640781534011840, -0.04998640781534033350, -0.2373046874999993339 ) ) ;
#5313 = CARTESIAN_POINT ( 'NONE',  ( -0.02928135976391377585, 0.07069145586676625626, -0.2138671875000003331 ) ) ;
#5314 = CARTESIAN_POINT ( 'NONE',  ( -0.04870252959880183585, -3.178676856567033324E-16, 0.8320312500000003331 ) ) ;
#5315 = CARTESIAN_POINT ( 'NONE',  ( 0.04870252959880182891, -0.02017324828170116019, 0.7246093750000003331 ) ) ;
#5316 = CARTESIAN_POINT ( 'NONE',  ( -0.04870252959880216892, -0.02017324828170116713, -0.1582031250000001665 ) ) ;
#5317 = TOROIDAL_SURFACE ( 'NONE', #3929, 0.05651502959880199545, 0.007812499999999989592 ) ;
#5318 = CARTESIAN_POINT ( 'NONE',  ( -0.03443788894025155700, 0.03443788894025134883, -0.1328125000000001388 ) ) ;
#5319 = CARTESIAN_POINT ( 'NONE',  ( -0.04879036790187187000, -0.04879036790187219613, 0.5390625000000005551 ) ) ;
#5320 = CARTESIAN_POINT ( 'NONE',  ( -0.008759925987296487623, 0.1392800216705592786, 0.8630199009146600764 ) ) ;
#5321 = DIRECTION ( 'NONE',  ( 0.000000000000000000, 1.000000000000000000, 1.095557182877162373E-16 ) ) ;
#5322 = ORIENTED_EDGE ( 'NONE', *, *, #5585, .T. ) ;
#5323 = CYLINDRICAL_SURFACE ( 'NONE', #2382, 0.06899999999999970046 ) ;
#5324 = CARTESIAN_POINT ( 'NONE',  ( 0.04870252959880182891, -0.02017324828170116019, 0.7871093750000003331 ) ) ;
#5325 = CARTESIAN_POINT ( 'NONE',  ( -0.04998640781534011146, 0.04998640781533978533, 0.6572265625000004441 ) ) ;
#5326 = CARTESIAN_POINT ( 'NONE',  ( -5.964339698355230356E-18, -0.04870252959880239096, -0.2187500000000001943 ) ) ;
#5327 = AXIS2_PLACEMENT_3D ( 'NONE', #667, #2039, #3796 ) ;
#5328 = CARTESIAN_POINT ( 'NONE',  ( 0.1124999999999999611, -0.07938566201357381835, 0.01093458898514403782 ) ) ;
#5329 = CARTESIAN_POINT ( 'NONE',  ( -0.02928135976391377585, 0.07069145586676615911, 0.6884765625000002220 ) ) ;
#5330 = CARTESIAN_POINT ( 'NONE',  ( -8.657206515430192834E-18, -0.07069145586676668647, -0.2021484374999993339 ) ) ;
#5331 = ORIENTED_EDGE ( 'NONE', *, *, #2634, .F. ) ;
#5332 = VERTEX_POINT ( 'NONE', #1259 ) ;
#5333 = CARTESIAN_POINT ( 'NONE',  ( -0.04870252959880183585, -3.178676856567033324E-16, 0.7382812500000003331 ) ) ;
#5334 = CARTESIAN_POINT ( 'NONE',  ( 0.04870252959880182891, 0.02017324828170050446, 0.5683593750000004441 ) ) ;
#5335 = ADVANCED_FACE ( 'NONE', ( #2093 ), #2891, .T. ) ;
#5336 = CARTESIAN_POINT ( 'NONE',  ( 1.192867939671037905E-17, 0.04870252959880150972, 0.6679687500000004441 ) ) ;
#5337 = CARTESIAN_POINT ( 'NONE',  ( -0.06299960704298271374, 0.01109585988722732244, 0.5000000000000001110 ) ) ;
#5338 = CARTESIAN_POINT ( 'NONE',  ( -0.04870252959880216198, 0.02017324828170074386, -0.04101562500000019429 ) ) ;
#5339 = CARTESIAN_POINT ( 'NONE',  ( -0.01886395722162394553, 0.04891439326650690728, 0.8556196763880722367 ) ) ;
#5340 = CARTESIAN_POINT ( 'NONE',  ( -0.04870252959880216892, -0.02017324828170116713, -0.2207031250000001388 ) ) ;
#5341 = CARTESIAN_POINT ( 'NONE',  ( 0.06899999999999989475, 0.02858073580374332484, -0.06835937499999944489 ) ) ;
#5342 = ORIENTED_EDGE ( 'NONE', *, *, #5468, .T. ) ;
#5343 = DIRECTION ( 'NONE',  ( -0.000000000000000000, 1.081356497492104437E-16, -1.000000000000000000 ) ) ;
#5344 = CARTESIAN_POINT ( 'NONE',  ( 0.04870252959880215504, 0.02017324828170074039, -0.2363281250000001110 ) ) ;
#5345 = CARTESIAN_POINT ( 'NONE',  ( -0.02596871511229861471, 0.06294195529860956151, -0.2434287820553406034 ) ) ;
#5346 = CARTESIAN_POINT ( 'NONE',  ( 0.02928135976391381748, 0.07069145586676622850, -0.2177734375000003608 ) ) ;
#5347 = CARTESIAN_POINT ( 'NONE',  ( -0.02017324828170082018, -0.04870252959880215504, 0.8691406250000004441 ) ) ;
#5348 = CARTESIAN_POINT ( 'NONE',  ( -0.03443788894025132108, 0.03443788894025100189, 0.7695312500000003331 ) ) ;
#5349 = CARTESIAN_POINT ( 'NONE',  ( -0.03443788894025155700, 0.03443788894025134883, -0.1328125000000001388 ) ) ;
#5350 = CARTESIAN_POINT ( 'NONE',  ( 0.02017324828170093814, -0.04870252959880239096, -0.1191406250000001388 ) ) ;
#5351 = CARTESIAN_POINT ( 'NONE',  ( -0.02858073580374415751, 0.06899999999999925637, 0.5292968750000005551 ) ) ;
#5352 = CARTESIAN_POINT ( 'NONE',  ( -0.004367932116415299861, 0.1404735710204075005, 0.8624582518255142771 ) ) ;
#5353 = CARTESIAN_POINT ( 'NONE',  ( 0.06900000000000010292, -0.02858073580374397363, 0.7714843750000001110 ) ) ;
#5354 = EDGE_LOOP ( 'NONE', ( #3565, #4885, #872, #3148 ) ) ;
#5355 = CARTESIAN_POINT ( 'NONE',  ( -0.04870252959880183585, 0.02017324828170049406, 0.8027343750000002220 ) ) ;
#5356 = CARTESIAN_POINT ( 'NONE',  ( -0.04998640781534011146, -0.04998640781534043759, 0.7275390625000005551 ) ) ;
#5357 = ORIENTED_EDGE ( 'NONE', *, *, #737, .F. ) ;
#5358 = CARTESIAN_POINT ( 'NONE',  ( 0.1249999999999999445, 0.05773502691896201938, 0.8640654110148561218 ) ) ;
#5359 = CARTESIAN_POINT ( 'NONE',  ( 0.04879036790187160633, 0.04879036790187137734, -0.1875000000000001388 ) ) ;
#5360 = CARTESIAN_POINT ( 'NONE',  ( -0.008759925987296541400, -0.1392800216705599725, 0.01198009908534006414 ) ) ;
#5361 = CARTESIAN_POINT ( 'NONE',  ( 1.731441303086038567E-17, 0.07069145586676614523, 0.7177734375000002220 ) ) ;
#5362 = VERTEX_POINT ( 'NONE', #2365 ) ;
#5363 = ADVANCED_FACE ( 'NONE', ( #199 ), #461, .T. ) ;
#5364 = CARTESIAN_POINT ( 'NONE',  ( 0.03443788894025132802, 0.03443788894025099495, 0.7265625000000004441 ) ) ;
#5365 = CARTESIAN_POINT ( 'NONE',  ( 0.04870252959880182891, -0.02017324828170116019, 0.5644531250000003331 ) ) ;
#5366 = CARTESIAN_POINT ( 'NONE',  ( -0.03443788894025132802, -0.03443788894025164027, 0.6171875000000003331 ) ) ;
#5367 = CARTESIAN_POINT ( 'NONE',  ( -0.02017324828170095896, -0.04870252959880238403, -0.06445312500000018041 ) ) ;
#5368 = EDGE_CURVE ( 'NONE', #5091, #3015, #1061, .T. ) ;
#5369 = ORIENTED_EDGE ( 'NONE', *, *, #3884, .F. ) ;
#5370 = CARTESIAN_POINT ( 'NONE',  ( 0.03443788894025156394, 0.03443788894025132802, -0.2343750000000001388 ) ) ;
#5371 = CARTESIAN_POINT ( 'NONE',  ( 0.02858073580374393546, 0.06899999999999952005, 0.7167968750000001110 ) ) ;
#5372 = CARTESIAN_POINT ( 'NONE',  ( -0.07069145586676647830, 0.02928135976391355380, -0.1787109375000003608 ) ) ;
#5373 = CARTESIAN_POINT ( 'NONE',  ( -0.03443788894025132802, -0.03443788894025164027, 0.8671875000000004441 ) ) ;
#5374 = CARTESIAN_POINT ( 'NONE',  ( -0.03443788894025132802, -0.03443788894025164027, 0.7148437500000003331 ) ) ;
#5375 = B_SPLINE_CURVE_WITH_KNOTS ( 'NONE', 3,
 ( #135, #3646, #4966, #436, #2209, #16 ),
 .UNSPECIFIED., .F., .F.,
 ( 4, 2, 4 ),
 ( 8.249204080946369061E-18, 0.0003339356863371018913, 0.0006678713726741955427 ),
 .UNSPECIFIED. ) ;
#5376 = CARTESIAN_POINT ( 'NONE',  ( -0.03443788894025155700, 0.03443788894025134883, -0.1015625000000001527 ) ) ;
#5377 = CARTESIAN_POINT ( 'NONE',  ( 0.04870252959880216892, -2.237503480494059479E-16, -0.1484375000000001943 ) ) ;
#5378 =( BOUNDED_CURVE ( )  B_SPLINE_CURVE ( 2, ( #2111, #1133, #2584, #5192, #1244, #3864, #4327, #374, #2911 ),
 .UNSPECIFIED., .F., .T. ) 
 B_SPLINE_CURVE_WITH_KNOTS ( ( 3, 2, 2, 2, 3 ),
 ( 0.04807332398095424952, 0.04944703151512221811, 0.05082073904929018671, 0.05219444658345816224, 0.05356815411762613083 ),
 .UNSPECIFIED. ) 
 CURVE ( )  GEOMETRIC_REPRESENTATION_ITEM ( )  RATIONAL_B_SPLINE_CURVE ( ( 1.000000000001007194, 0.9238795325102795442, 1.000000000000000000, 0.9238795325112866275, 1.000000000000000000, 0.9238795325112866275, 1.000000000000000000, 0.9238795325114623758, 0.9999999999998242517 ) ) 
 REPRESENTATION_ITEM ( '' )  );
#5379 = CARTESIAN_POINT ( 'NONE',  ( 0.04879036790187187694, 0.04879036790187153000, 0.6523437500000001110 ) ) ;
#5380 = CARTESIAN_POINT ( 'NONE',  ( 0.03443788894025156394, 0.03443788894025132802, -0.2382812500000001943 ) ) ;
#5381 = VERTEX_POINT ( 'NONE', #3894 ) ;
#5382 = DIRECTION ( 'NONE',  ( -0.000000000000000000, 1.081356497492104437E-16, -1.000000000000000000 ) ) ;
#5383 = CARTESIAN_POINT ( 'NONE',  ( 0.03443788894025132802, 0.03443788894025099495, 0.6992187500000002220 ) ) ;
#5384 = CARTESIAN_POINT ( 'NONE',  ( 1.731441303086038567E-17, 0.07069145586676613136, 0.6533203125000004441 ) ) ;
#5385 = EDGE_CURVE ( 'NONE', #1785, #2454, #746, .T. ) ;
#5386 = CARTESIAN_POINT ( 'NONE',  ( -0.02858073580374327280, 0.06900000000000014455, 0.8417968750000004441 ) ) ;
#5387 = CARTESIAN_POINT ( 'NONE',  ( 0.01249999999999999722, -0.1371206889325363720, 0.01093458898514407598 ) ) ;
#5388 = CARTESIAN_POINT ( 'NONE',  ( 0.04998640781534013228, 0.04998640781533977839, 0.6826171875000001110 ) ) ;
#5389 = ORIENTED_EDGE ( 'NONE', *, *, #86, .T. ) ;
#5390 = CARTESIAN_POINT ( 'NONE',  ( -5.964339698355189526E-18, -0.04870252959880215504, 0.5273437500000004441 ) ) ;
#5391 = CARTESIAN_POINT ( 'NONE',  ( -5.964339698355189526E-18, -0.04870252959880215504, 0.6210937500000003331 ) ) ;
#5392 = CARTESIAN_POINT ( 'NONE',  ( -8.450062914116679900E-18, -0.06899999999999975597, -0.07421875000000004163 ) ) ;
#5393 = CARTESIAN_POINT ( 'NONE',  ( 0.06900000000000010292, -0.02858073580374397363, 0.6777343750000001110 ) ) ;
#5394 = EDGE_CURVE ( 'NONE', #4856, #3647, #1640, .T. ) ;
#5395 = CARTESIAN_POINT ( 'NONE',  ( -0.04457320980421246304, 0.03000003152070216880, 0.8575280606704211994 ) ) ;
#5396 = CARTESIAN_POINT ( 'NONE',  ( 0.03443788894025132108, -0.03443788894025164721, 0.6914062500000003331 ) ) ;
#5397 = EDGE_LOOP ( 'NONE', ( #237, #763, #1729, #4625 ) ) ;
#5398 = CARTESIAN_POINT ( 'NONE',  ( -0.04870252959880216892, -2.163662563839063649E-16, -0.2226562500000001388 ) ) ;
#5399 = CARTESIAN_POINT ( 'NONE',  ( -0.04870252959880216892, -2.185189558355325933E-16, -0.2578125000000002220 ) ) ;
#5400 = CARTESIAN_POINT ( 'NONE',  ( 0.000000000000000000, 0.07069145586676627013, -0.03027343749999934774 ) ) ;
#5401 = CARTESIAN_POINT ( 'NONE',  ( 0.02017324828170079937, -0.04870252959880216198, 0.7792968750000003331 ) ) ;
#5402 = CARTESIAN_POINT ( 'NONE',  ( 0.04870252959880182891, -0.02017324828170116019, 0.5371093750000003331 ) ) ;
#5403 = CARTESIAN_POINT ( 'NONE',  ( 0.03443788894025156394, 0.03443788894025133496, -0.1093750000000001527 ) ) ;
#5404 = CARTESIAN_POINT ( 'NONE',  ( -0.03443788894025155700, 0.03443788894025134190, -0.2304687500000001943 ) ) ;
#5405 = CARTESIAN_POINT ( 'NONE',  ( -0.04879036790187169653, 0.04879036790187150224, -0.08984374999999945877 ) ) ;
#5406 = CARTESIAN_POINT ( 'NONE',  ( 0.1162391541453786509, 0.07722686036119730257, 0.01197984194321496595 ) ) ;
#5407 = CARTESIAN_POINT ( 'NONE',  ( -0.03443788894025132108, 0.03443788894025100189, 0.7695312500000003331 ) ) ;
#5408 = CARTESIAN_POINT ( 'NONE',  ( 0.02928135976391375503, -0.07069145586676681137, 0.5458984375000004441 ) ) ;
#5409 = CIRCLE ( 'NONE', #984, 0.1187499999999999944 ) ;
#5410 =( BOUNDED_CURVE ( )  B_SPLINE_CURVE ( 2, ( #377, #5698, #1250, #752, #2945, #4676, #1647, #5579, #4765 ),
 .UNSPECIFIED., .F., .T. ) 
 B_SPLINE_CURVE_WITH_KNOTS ( ( 3, 2, 2, 2, 3 ),
 ( 0.4375000000000000555, 0.4531250000000000555, 0.4687500000000000000, 0.4843750000000000000, 0.5000000000000000000 ),
 .UNSPECIFIED. ) 
 CURVE ( )  GEOMETRIC_REPRESENTATION_ITEM ( )  RATIONAL_B_SPLINE_CURVE ( ( 0.9999999999999997780, 0.9238795325112869605, 1.000000000000000000, 0.9238795325112867385, 1.000000000000000000, 0.9238795325112867385, 1.000000000000000000, 0.9238795325112867385, 1.000000000000000000 ) ) 
 REPRESENTATION_ITEM ( '' )  );
#5411 = CARTESIAN_POINT ( 'NONE',  ( 0.06900000000004329059, 0.02858073580376130005, -0.1582031250000253408 ) ) ;
#5412 = AXIS2_PLACEMENT_3D ( 'NONE', #2112, #5605, #5225 ) ;
#5413 = CARTESIAN_POINT ( 'NONE',  ( 0.02928135976391375850, -0.07069145586676682524, 0.6728515625000002220 ) ) ;
#5414 = EDGE_LOOP ( 'NONE', ( #4118, #602, #5073, #549, #1717, #4617, #2042, #1261, #2968, #735 ) ) ;
#5415 = CONICAL_SURFACE ( 'NONE', #2953, 0.1187499999999999944, 1.047197551196600074 ) ;
#5416 = CARTESIAN_POINT ( 'NONE',  ( -0.03443788894025132108, 0.03443788894025100189, 0.5468750000000003331 ) ) ;
#5417 = CARTESIAN_POINT ( 'NONE',  ( 0.02017324828170084447, 0.04870252959880150279, 0.6035156250000005551 ) ) ;
#5418 = CARTESIAN_POINT ( 'NONE',  ( 0.000000000000000000, -1.493979371535143794E-17, -0.2500000000000000000 ) ) ;
#5419 = DIRECTION ( 'NONE',  ( -0.000000000000000000, 1.081356497492104437E-16, -1.000000000000000000 ) ) ;
#5420 = AXIS2_PLACEMENT_3D ( 'NONE', #4815, #3159, #861 ) ;
#5421 = CARTESIAN_POINT ( 'NONE',  ( -0.009494003023839405267, 0.05097307821758179786, 0.8550195426956216371 ) ) ;
#5422 = CARTESIAN_POINT ( 'NONE',  ( 0.02017324828170080284, -0.04870252959880216892, 0.7519531250000003331 ) ) ;
#5423 = ORIENTED_EDGE ( 'NONE', *, *, #3080, .T. ) ;
#5424 = CARTESIAN_POINT ( 'NONE',  ( 0.000000000000000000, 0.000000000000000000, 0.000000000000000000 ) ) ;
#5425 = CARTESIAN_POINT ( 'NONE',  ( 0.1249999999999999445, 0.05773502691896201938, 0.8640654110148561218 ) ) ;
#5426 = CARTESIAN_POINT ( 'NONE',  ( 0.07069145586676645054, -0.02928135976391401524, -0.1005859375000003053 ) ) ;
#5427 = CARTESIAN_POINT ( 'NONE',  ( 0.03443788894025132108, -0.03443788894025164721, 0.7187500000000003331 ) ) ;
#5428 = ORIENTED_EDGE ( 'NONE', *, *, #2885, .F. ) ;
#5429 = CARTESIAN_POINT ( 'NONE',  ( -0.04870252959880183585, -0.02017324828170113243, 0.6191406250000002220 ) ) ;
#5430 = CARTESIAN_POINT ( 'NONE',  ( 1.690012582823350463E-17, 0.06899999999999979761, 0.6875000000000001110 ) ) ;
#5431 = EDGE_CURVE ( 'NONE', #306, #915, #1645, .T. ) ;
#5432 = CARTESIAN_POINT ( 'NONE',  ( 0.02017324828170097978, 0.04870252959880194688, -0.07617187500000013878 ) ) ;
#5433 = CARTESIAN_POINT ( 'NONE',  ( 0.04870252959880182891, 0.02017324828170050446, 0.9121093750000004441 ) ) ;
#5434 = CARTESIAN_POINT ( 'NONE',  ( 0.07069145586676647830, 0.02928135976391356768, -0.1923828124999993616 ) ) ;
#5435 = CARTESIAN_POINT ( 'NONE',  ( 1.690012582823350463E-17, 0.06899999999999979761, 0.5625000000000001110 ) ) ;
#5436 = EDGE_LOOP ( 'NONE', ( #1639, #100, #3479, #21, #1154 ) ) ;
#5437 = CARTESIAN_POINT ( 'NONE',  ( 0.1250000000000000278, 0.06205369239500924117, 0.01198009908533992536 ) ) ;
#5438 = SURFACE_STYLE_USAGE ( .BOTH. , #4912 ) ;
#5439 = CARTESIAN_POINT ( 'NONE',  ( -0.04870252959880183585, 0.02017324828170049406, 0.6152343750000002220 ) ) ;
#5440 = ORIENTED_EDGE ( 'NONE', *, *, #2215, .T. ) ;
#5441 = CARTESIAN_POINT ( 'NONE',  ( 0.03443788894025132108, -0.03443788894025164721, 0.9101562500000002220 ) ) ;
#5442 = CARTESIAN_POINT ( 'NONE',  ( 0.000000000000000000, 0.04870252959880195381, -0.07812500000000020817 ) ) ;
#5443 = CARTESIAN_POINT ( 'NONE',  ( -0.1187499999999999944, -1.707404996040164512E-16, 0.000000000000000000 ) ) ;
#5444 = EDGE_CURVE ( 'NONE', #361, #1322, #5378, .T. ) ;
#5445 = CARTESIAN_POINT ( 'NONE',  ( 0.04879036790187187694, 0.04879036790187153694, 0.6484375000000005551 ) ) ;
#5446 = CARTESIAN_POINT ( 'NONE',  ( 0.04998640781534011146, -0.04998640781534045147, 0.5185546875000002220 ) ) ;
#5447 =( BOUNDED_CURVE ( )  B_SPLINE_CURVE ( 2, ( #1848, #1325, #5249, #449, #61, #4350, #1355, #1298, #4437, #1814, #3097, #3573, #4378, #5306, #4838, #5340, #882, #2673, #3977, #1388, #4467, #1270, #2608, #395, #3463, #5222, #1586, #5104, #1272, #2612, #3133, #4475, #822, #70, #2717, #4532, #2746, #3583, #1448, #3166, #1883, #518, #4015, #42, #5210, #1011, #3615, #5316, #2325, #108, #2297, #2773, #2260, #1423, #1857, #1824, #571, #2353, #5656, #3193, #5349, #1688, #1262, #4932, #2683, #4418, #3642, #1364, #4875, #4906, #459, #2234, #5403, #921, #983, #3221, #5376, #3986, #4447, #486, #1398, #952, #4506, #545, #4076, #132, #1999, #1943, #2884, #2415, #4185, #240, #4159, #719, #2860, #4103, #4134, #4673, #2026, #686, #4649, #1505, #2441, #214, #5077, #4589, #2828, #1531, #655, #3278, #3361, #1162, #2464, #1107, #1970 ),
 .UNSPECIFIED., .F., .T. ) 
 B_SPLINE_CURVE_WITH_KNOTS ( ( 3, 2, 2, 2, 2, 2, 2, 2, 2, 2, 2, 2, 2, 2, 2, 2, 2, 2, 2, 2, 2, 2, 2, 2, 2, 2, 2, 2, 2, 2, 2, 2, 2, 2, 2, 2, 2, 2, 2, 2, 2, 2, 2, 2, 2, 2, 2, 2, 2, 2, 2, 2, 2, 2, 2, 2, 2, 3 ),
 ( 0.04832348853768347191, 0.06443131805024424064, 0.08053914756280500242, 0.09664697707536576421, 0.1127548065879265260, 0.1288626361004872878, 0.1449704656130480496, 0.1610782951256088114, 0.1771861246381696009, 0.1932939541507303627, 0.2094017836632911245, 0.2255096131758518863, 0.2416174426884126480, 0.2577252722009734098, 0.2738331017135341439, 0.2899409312260949334, 0.3060487607386557229, 0.3221565902512164570, 0.3382644197637772465, 0.3543722492763379806, 0.3704800787888987701, 0.3865879083014595041, 0.4026957378140202937, 0.4188035673265810832, 0.4349113968391418172, 0.4510192263517026068, 0.4671270558642633963, 0.4832348853768241859, 0.4993427148893848644, 0.5154505444019455984, 0.5315583739145064435, 0.5476662034270671775, 0.5637740329396279115, 0.5798818624521886456, 0.5959896919647493796, 0.6120975214773102246, 0.6282053509898709587, 0.6443131805024318037, 0.6604210100149924267, 0.6765288395275531608, 0.6926366690401140058, 0.7087444985526747399, 0.7248523280652354739, 0.7409601575777963189, 0.7570679870903570530, 0.7731758166029177870, 0.7892836461154786321, 0.8053914756280393661, 0.8214993051406001001, 0.8376071346531609452, 0.8537149641657216792, 0.8698227936782825243, 0.8859306231908432583, 0.9020384527034038813, 0.9181462822159648374, 0.9342541117285254604, 0.9503619412410861944, 0.9556134380731321487 ),
 .UNSPECIFIED. ) 
 CURVE ( )  GEOMETRIC_REPRESENTATION_ITEM ( )  RATIONAL_B_SPLINE_CURVE ( ( 0.9999999999999972244, 0.9238795325112895140, 1.000000000000000000, 0.9238795325112867385, 1.000000000000000000, 0.9238795325112867385, 1.000000000000000000, 0.9238795325112867385, 1.000000000000000000, 0.9238795325112867385, 1.000000000000000000, 0.9238795325112867385, 1.000000000000000000, 0.9238795325112867385, 1.000000000000000000, 0.9238795325112867385, 1.000000000000000000, 0.9238795325112867385, 1.000000000000000000, 0.9238795325112867385, 1.000000000000000000, 0.9238795325112867385, 1.000000000000000000, 0.9238795325112867385, 1.000000000000000000, 0.9238795325112867385, 1.000000000000000000, 0.9238795325112867385, 1.000000000000000000, 0.9238795325112867385, 1.000000000000000000, 0.9238795325112867385, 1.000000000000000000, 0.9238795325112867385, 1.000000000000000000, 0.9238795325112867385, 1.000000000000000000, 0.9238795325112867385, 1.000000000000000000, 0.9238795325112867385, 1.000000000000000000, 0.9238795325112867385, 1.000000000000000000, 0.9238795325112867385, 1.000000000000000000, 0.9238795325112867385, 1.000000000000000000, 0.9238795325112867385, 1.000000000000000000, 0.9238795325112867385, 1.000000000000000000, 0.9238795325112867385, 1.000000000000000000, 0.9238795325112867385, 1.000000000000000000, 0.9238795325112867385, 1.000000000000000000, 0.9238795325112867385, 1.000000000000000000, 0.9238795325112867385, 1.000000000000000000, 0.9238795325112867385, 1.000000000000000000, 0.9238795325112867385, 1.000000000000000000, 0.9238795325112867385, 1.000000000000000000, 0.9238795325112867385, 1.000000000000000000, 0.9238795325112867385, 1.000000000000000000, 0.9238795325112867385, 1.000000000000000000, 0.9238795325112867385, 1.000000000000000000, 0.9238795325112867385, 1.000000000000000000, 0.9238795325112867385, 1.000000000000000000, 0.9238795325112867385, 1.000000000000000000, 0.9238795325112867385, 1.000000000000000000, 0.9238795325112867385, 1.000000000000000000, 0.9238795325112867385, 1.000000000000000000, 0.9238795325112867385, 1.000000000000000000, 0.9238795325112867385, 1.000000000000000000, 0.9238795325112867385, 1.000000000000000000, 0.9238795325112867385, 1.000000000000000000, 0.9238795325112867385, 1.000000000000000000, 0.9238795325112867385, 1.000000000000000000, 0.9238795325112867385, 1.000000000000000000, 0.9238795325112867385, 1.000000000000000000, 0.9238795325112867385, 1.000000000000000000, 0.9238795325112867385, 1.000000000000000000, 0.9238795325112867385, 1.000000000000000000, 0.9238795325112867385, 1.000000000000000000, 0.9238795325112867385, 1.000000000000000000, 0.9751831000223145640, 0.9665478800794702341 ) ) 
 REPRESENTATION_ITEM ( '' )  );
#5448 = CARTESIAN_POINT ( 'NONE',  ( -0.07069145586676646442, -3.165212522481658049E-16, 0.8798828125000004441 ) ) ;
#5449 = ORIENTED_EDGE ( 'NONE', *, *, #2373, .F. ) ;
#5450 = LINE ( 'NONE', #3267, #612 ) ;
#5451 = CARTESIAN_POINT ( 'NONE',  ( -0.02017324828170082018, -0.04870252959880215504, 0.6816406250000003331 ) ) ;
#5452 = DIRECTION ( 'NONE',  ( 0.000000000000000000, 1.000000000000000000, 0.000000000000000000 ) ) ;
#5453 = CARTESIAN_POINT ( 'NONE',  ( 0.04870252959880182891, -0.02017324828170116019, 0.7246093750000003331 ) ) ;
#5454 = CARTESIAN_POINT ( 'NONE',  ( -8.450062914116753856E-18, -0.06900000000000044986, 0.6679687500000004441 ) ) ;
#5455 = EDGE_CURVE ( 'NONE', #1662, #2138, #4648, .T. ) ;
#5456 = CARTESIAN_POINT ( 'NONE',  ( -0.04870252959880216198, -0.02017324828170116019, -0.1308593750000001943 ) ) ;
#5457 = CARTESIAN_POINT ( 'NONE',  ( -0.02928135976391377585, 0.07069145586676625626, -0.08886718750000030531 ) ) ;
#5458 = ORIENTED_EDGE ( 'NONE', *, *, #4436, .F. ) ;
#5459 = CARTESIAN_POINT ( 'NONE',  ( 0.04870252959880182891, -0.02017324828170116019, 0.7207031250000004441 ) ) ;
#5460 = CARTESIAN_POINT ( 'NONE',  ( -0.02017324828170082018, -0.04870252959880215504, 0.6230468750000002220 ) ) ;
#5461 = CARTESIAN_POINT ( 'NONE',  ( -0.04879036790187186307, 0.04879036790187154388, 0.6914062500000001110 ) ) ;
#5462 = CARTESIAN_POINT ( 'NONE',  ( 0.02017324828170084447, 0.04870252959880150279, 0.9160156250000004441 ) ) ;
#5463 = CARTESIAN_POINT ( 'NONE',  ( 0.02017324828170098325, 0.04870252959880194688, -0.1738281250000001943 ) ) ;
#5464 = CARTESIAN_POINT ( 'NONE',  ( -0.02928135976391377585, -0.07069145586676668647, -0.1728515624999993616 ) ) ;
#5465 = CARTESIAN_POINT ( 'NONE',  ( -0.06900000000000011680, 0.02858073580374329709, 0.5683593750000000000 ) ) ;
#5466 = ORIENTED_EDGE ( 'NONE', *, *, #3535, .T. ) ;
#5467 = CARTESIAN_POINT ( 'NONE',  ( 0.02017324828170084447, 0.04870252959880150279, 0.5761718750000003331 ) ) ;
#5468 = EDGE_CURVE ( 'NONE', #3684, #1348, #4042, .T. ) ;
#5469 = EDGE_LOOP ( 'NONE', ( #4517, #2329, #4110, #5251 ) ) ;
#5470 = CARTESIAN_POINT ( 'NONE',  ( -0.07069145586676646442, -3.165212522481658049E-16, 0.5673828125000004441 ) ) ;
#5471 = CARTESIAN_POINT ( 'NONE',  ( -0.1162391541453781790, -0.07722686036119817687, 0.01197984194321493299 ) ) ;
#5472 = CARTESIAN_POINT ( 'NONE',  ( -0.02070054192274772831, 0.1323861038459364925, 0.8663578120149951767 ) ) ;
#5473 = CYLINDRICAL_SURFACE ( 'NONE', #1540, 0.06899999999999993638 ) ;
#5474 = CARTESIAN_POINT ( 'NONE',  ( -0.04879036790187262634, -0.04879036790187284145, -0.1093750000000009992 ) ) ;
#5475 = CARTESIAN_POINT ( 'NONE',  ( -0.02928135976391377585, 0.07069145586676615911, 0.5947265625000002220 ) ) ;
#5476 = CARTESIAN_POINT ( 'NONE',  ( -0.04870252959880183585, 0.02017324828170049406, 0.5175781250000004441 ) ) ;
#5477 = EDGE_LOOP ( 'NONE', ( #2439, #4271 ) ) ;
#5478 = CARTESIAN_POINT ( 'NONE',  ( -0.03443788894025132108, 0.03443788894025100189, 0.6093750000000003331 ) ) ;
#5479 = CARTESIAN_POINT ( 'NONE',  ( 0.000000000000000000, -1.493979371535143794E-17, -0.2500000000000000000 ) ) ;
#5480 = CARTESIAN_POINT ( 'NONE',  ( 1.192867939671037905E-17, 0.04870252959880150972, 0.4804687500000003886 ) ) ;
#5481 = CARTESIAN_POINT ( 'NONE',  ( 0.000000000000000000, 0.05651502959880195381, -0.007812499999999978316 ) ) ;
#5482 =( BOUNDED_CURVE ( )  B_SPLINE_CURVE ( 2, ( #1003, #3405, #1153, #3377, #3429, #5541, #5129, #5567, #1183 ),
 .UNSPECIFIED., .F., .T. ) 
 B_SPLINE_CURVE_WITH_KNOTS ( ( 3, 2, 2, 2, 3 ),
 ( 0.9285714285714283811, 0.9374999999999998890, 0.9464285714285713969, 0.9553571428571429047, 0.9642857142857144126 ),
 .UNSPECIFIED. ) 
 CURVE ( )  GEOMETRIC_REPRESENTATION_ITEM ( )  RATIONAL_B_SPLINE_CURVE ( ( 1.000000000000001998, 0.9238795325112848511, 1.000000000000000000, 0.9238795325112867385, 1.000000000000000000, 0.9238795325112867385, 1.000000000000000000, 0.9238795325112857393, 1.000000000000000888 ) ) 
 REPRESENTATION_ITEM ( '' )  );
#5483 = CARTESIAN_POINT ( 'NONE',  ( 0.02858073580374386954, -0.06900000000000017231, 0.5175781250000001110 ) ) ;
#5484 = CARTESIAN_POINT ( 'NONE',  ( -0.02017324828170080978, 0.04870252959880150972, 0.7363281250000003331 ) ) ;
#5485 = CARTESIAN_POINT ( 'NONE',  ( 0.02017324828170097978, 0.04870252959880194688, -0.1074218750000001665 ) ) ;
#5486 = CARTESIAN_POINT ( 'NONE',  ( -0.02017324828170095896, -0.04870252959880239096, -0.2519531250000001665 ) ) ;
#5487 = ORIENTED_EDGE ( 'NONE', *, *, #1492, .F. ) ;
#5488 = ADVANCED_FACE ( 'NONE', ( #5694 ), #3954, .F. ) ;
#5489 = CARTESIAN_POINT ( 'NONE',  ( 0.02017324828170084447, 0.04870252959880150279, 0.7285156250000006661 ) ) ;
#5490 = CARTESIAN_POINT ( 'NONE',  ( 1.192867939671037905E-17, 0.04870252959880150972, 0.6406250000000002220 ) ) ;
#5491 = PLANE ( 'NONE',  #1180 ) ;
#5492 = CARTESIAN_POINT ( 'NONE',  ( -0.04870252959880183585, 0.02017324828170049406, 0.8613281250000003331 ) ) ;
#5493 = CARTESIAN_POINT ( 'NONE',  ( 0.03443788894025156394, 0.03443788894025133496, -0.1445312500000001943 ) ) ;
#5494 = CARTESIAN_POINT ( 'NONE',  ( 0.07069145586676647830, 0.02928135976391356768, -0.1611328124999993616 ) ) ;
#5495 = CARTESIAN_POINT ( 'NONE',  ( -0.06900000000000011680, -0.02858073580374393199, 0.5722656250000000000 ) ) ;
#5496 = EDGE_LOOP ( 'NONE', ( #4007, #4701, #5190, #2160 ) ) ;
#5497 = CARTESIAN_POINT ( 'NONE',  ( -0.07069145586676646442, -2.046749061661651236E-16, -0.05371093749999932693 ) ) ;
#5498 = CARTESIAN_POINT ( 'NONE',  ( 0.03443788894025132108, -0.03443788894025164721, 0.6289062500000002220 ) ) ;
#5499 = CARTESIAN_POINT ( 'NONE',  ( -0.07069145586676646442, -3.165212522481658049E-16, 0.5048828125000004441 ) ) ;
#5500 = CARTESIAN_POINT ( 'NONE',  ( 6.921095010189079441E-18, -0.05651502959880204402, -4.122772845656259505E-18 ) ) ;
#5501 = CARTESIAN_POINT ( 'NONE',  ( 0.1250000000000000278, -0.06205369239500985179, 0.8630199009146599654 ) ) ;
#5502 = CARTESIAN_POINT ( 'NONE',  ( -0.07069145586676646442, -3.165212522481658049E-16, 0.6005859375000002220 ) ) ;
#5503 = ORIENTED_EDGE ( 'NONE', *, *, #4259, .T. ) ;
#5504 = CARTESIAN_POINT ( 'NONE',  ( -0.07069145586676647830, 0.02928135976391345319, 0.8779296875000005551 ) ) ;
#5505 = ORIENTED_EDGE ( 'NONE', *, *, #630, .T. ) ;
#5506 = CARTESIAN_POINT ( 'NONE',  ( 0.03443788894025132108, -0.03443788894025164721, 0.6562500000000004441 ) ) ;
#5507 = AXIS2_PLACEMENT_3D ( 'NONE', #3519, #3145, #3232 ) ;
#5508 = FACE_OUTER_BOUND ( 'NONE', #1850, .T. ) ;
#5509 = CARTESIAN_POINT ( 'NONE',  ( 0.04870252959880182891, 0.02017324828170050446, 0.5058593750000004441 ) ) ;
#5510 = CARTESIAN_POINT ( 'NONE',  ( 0.1249999999999999445, 0.05773502691896201244, 0.01093458898514389904 ) ) ;
#5511 = VECTOR ( 'NONE', #3089, 39.37007874015748143 ) ;
#5512 = CARTESIAN_POINT ( 'NONE',  ( -0.03443788894025132802, -0.03443788894025164027, 0.7460937500000003331 ) ) ;
#5513 = CARTESIAN_POINT ( 'NONE',  ( 0.03443788894025155700, -0.03443788894025177905, -0.1796875000000001665 ) ) ;
#5514 = EDGE_CURVE ( 'NONE', #3554, #5301, #2644, .T. ) ;
#5515 = VECTOR ( 'NONE', #3314, 39.37007874015748143 ) ;
#5516 = CARTESIAN_POINT ( 'NONE',  ( 0.04998640781534011146, -0.04998640781534033350, -0.1025390625000003053 ) ) ;
#5517 = ORIENTED_EDGE ( 'NONE', *, *, #1243, .T. ) ;
#5518 = CARTESIAN_POINT ( 'NONE',  ( -0.04870252959880183585, 0.02017324828170049406, 0.7363281250000003331 ) ) ;
#5519 = ADVANCED_FACE ( 'NONE', ( #3100 ), #5252, .T. ) ;
#5520 = CARTESIAN_POINT ( 'NONE',  ( 0.02017324828170079937, -0.04870252959880216198, 0.6269531250000002220 ) ) ;
#5521 = VECTOR ( 'NONE', #1484, 39.37007874015748143 ) ;
#5522 = CARTESIAN_POINT ( 'NONE',  ( -0.02858073580374361974, -0.06900000000000044986, 0.7011718750000002220 ) ) ;
#5523 = CARTESIAN_POINT ( 'NONE',  ( -0.03443788894025155700, 0.03443788894025134883, -0.03906250000000013878 ) ) ;
#5524 = CARTESIAN_POINT ( 'NONE',  ( -0.03443788894025132802, -0.03443788894025164027, 0.8984375000000003331 ) ) ;
#5525 = CARTESIAN_POINT ( 'NONE',  ( 0.000000000000000000, 0.04870252959880194688, -0.2031250000000001665 ) ) ;
#5526 = CARTESIAN_POINT ( 'NONE',  ( -0.02928135976391377585, 0.07069145586676627013, -0.1220703124999993339 ) ) ;
#5527 = CARTESIAN_POINT ( 'NONE',  ( 0.007874962125219488532, -0.06037526414303834993, 0.8647580116052008270 ) ) ;
#5528 = CARTESIAN_POINT ( 'NONE',  ( -0.02928135976391377585, -0.07069145586676668647, -0.04785156249999932693 ) ) ;
#5529 = CARTESIAN_POINT ( 'NONE',  ( 0.02017324828170079937, -0.04870252959880216198, 0.5957031250000003331 ) ) ;
#5530 = CARTESIAN_POINT ( 'NONE',  ( -0.07069145586676647830, -0.02928135976391408463, 0.5380859375000006661 ) ) ;
#5531 = CARTESIAN_POINT ( 'NONE',  ( -0.03443788894025068964, -0.03443788894025263947, -0.2500000000000000000 ) ) ;
#5532 = CARTESIAN_POINT ( 'NONE',  ( 0.04870252959880182891, -0.02017324828170116019, 0.5957031250000004441 ) ) ;
#5533 = DIRECTION ( 'NONE',  ( -0.000000000000000000, 1.081356497492104437E-16, -1.000000000000000000 ) ) ;
#5534 = DIRECTION ( 'NONE',  ( -0.000000000000000000, 1.081356497492104437E-16, -1.000000000000000000 ) ) ;
#5535 = CARTESIAN_POINT ( 'NONE',  ( -0.07069145586676646442, -3.165212522481658049E-16, 0.5380859375000001110 ) ) ;
#5536 = CARTESIAN_POINT ( 'NONE',  ( 0.04870252959880183585, -3.297963650534137407E-16, 0.5039062500000003331 ) ) ;
#5537 = ORIENTED_EDGE ( 'NONE', *, *, #5286, .T. ) ;
#5538 = CARTESIAN_POINT ( 'NONE',  ( 1.192867939671037905E-17, 0.04870252959880150972, 0.6367187500000003331 ) ) ;
#5539 = CARTESIAN_POINT ( 'NONE',  ( -0.06545753936312748156, 0.01414822978657476020, -0.2446093571323892379 ) ) ;
#5540 = CARTESIAN_POINT ( 'NONE',  ( -0.04870252959880183585, 0.02017324828170049406, 0.5488281250000003331 ) ) ;
#5541 = CARTESIAN_POINT ( 'NONE',  ( 0.06900000000000011680, -0.02858073580374397363, 0.5175781250000005551 ) ) ;
#5542 = ADVANCED_FACE ( 'NONE', ( #1392 ), #2198, .T. ) ;
#5543 = CARTESIAN_POINT ( 'NONE',  ( -5.964339698355189526E-18, -0.04870252959880215504, 0.5625000000000003331 ) ) ;
#5544 = CARTESIAN_POINT ( 'NONE',  ( -0.03443788894025155700, 0.03443788894025134883, -0.1328125000000001388 ) ) ;
#5545 = CARTESIAN_POINT ( 'NONE',  ( 0.04870252959880216892, -2.218368374257382112E-16, -0.1171875000000001943 ) ) ;
#5546 = CARTESIAN_POINT ( 'NONE',  ( -0.04870252959880216198, 0.02017324828170074039, -0.1347656250000001943 ) ) ;
#5547 = CARTESIAN_POINT ( 'NONE',  ( 0.000000000000000000, -1.351695621865133782E-17, 0.8730000000000001092 ) ) ;
#5548 = ORIENTED_EDGE ( 'NONE', *, *, #4028, .T. ) ;
#5549 = CARTESIAN_POINT ( 'NONE',  ( -0.02017324828170081324, 0.04870252959880150972, 0.5175781250000004441 ) ) ;
#5550 = DIRECTION ( 'NONE',  ( -0.000000000000000000, -0.000000000000000000, -1.000000000000000000 ) ) ;
#5551 = CARTESIAN_POINT ( 'NONE',  ( -0.04870252959880216198, 0.02017324828170074386, -0.03710937500000014572 ) ) ;
#5552 = CARTESIAN_POINT ( 'NONE',  ( -5.964339698355189526E-18, -0.04870252959880215504, 0.8398437500000003331 ) ) ;
#5553 = CARTESIAN_POINT ( 'NONE',  ( -5.964339698355230356E-18, -0.04870252959880237709, -0.1562500000000002220 ) ) ;
#5554 = CARTESIAN_POINT ( 'NONE',  ( -0.03333442798888962277, -0.04866572289486260916, 0.8624529680583593594 ) ) ;
#5555 = CARTESIAN_POINT ( 'NONE',  ( -0.04870252959880183585, -0.02017324828170113243, 0.5878906250000003331 ) ) ;
#5556 = CARTESIAN_POINT ( 'NONE',  ( -0.03443788894025132802, -0.03443788894025164027, 0.8085937500000002220 ) ) ;
#5557 = CARTESIAN_POINT ( 'NONE',  ( -8.450062914116679900E-18, -0.06899999999999975597, -0.07421875000000004163 ) ) ;
#5558 = CARTESIAN_POINT ( 'NONE',  ( 0.06900000000000011680, -3.335249498770559690E-16, 0.7070312500000004441 ) ) ;
#5559 = CARTESIAN_POINT ( 'NONE',  ( 1.192867939671037905E-17, 0.04870252959880150972, 0.5742187500000003331 ) ) ;
#5560 = CARTESIAN_POINT ( 'NONE',  ( 0.02858073580374350872, -0.06900000000000014455, -0.1699218749999994449 ) ) ;
#5561 = CARTESIAN_POINT ( 'NONE',  ( 0.07069145586676647830, 0.02928135976391346360, 0.5869140625000001110 ) ) ;
#5562 = CARTESIAN_POINT ( 'NONE',  ( 0.04998640781534011840, 0.04998640781533977839, 0.8681640625000004441 ) ) ;
#5563 = ORIENTED_EDGE ( 'NONE', *, *, #4160, .F. ) ;
#5564 = CARTESIAN_POINT ( 'NONE',  ( 0.06899999999999989475, -2.246086669375465218E-16, -0.1015624999999994588 ) ) ;
#5565 =( BOUNDED_CURVE ( )  B_SPLINE_CURVE ( 2, ( #2130, #1628, #3427, #1719, #5626, #1292, #2185, #3064, #1690 ),
 .UNSPECIFIED., .F., .T. ) 
 B_SPLINE_CURVE_WITH_KNOTS ( ( 3, 2, 2, 2, 3 ),
 ( 0.7499999999999997780, 0.7589285714285711748, 0.7678571428571426827, 0.7767857142857141906, 0.7857142857142856984 ),
 .UNSPECIFIED. ) 
 CURVE ( )  GEOMETRIC_REPRESENTATION_ITEM ( )  RATIONAL_B_SPLINE_CURVE ( ( 1.000000000000001998, 0.9238795325112848511, 1.000000000000000000, 0.9238795325112867385, 1.000000000000000000, 0.9238795325112867385, 1.000000000000000000, 0.9238795325112867385, 1.000000000000000000 ) ) 
 REPRESENTATION_ITEM ( '' )  );
#5566 = CARTESIAN_POINT ( 'NONE',  ( 0.04998640781534011146, -0.04998640781534045147, 0.8935546875000001110 ) ) ;
#5567 = CARTESIAN_POINT ( 'NONE',  ( 0.02858073580374332831, -0.06900000000000075517, 0.5136718750000005551 ) ) ;
#5568 = CARTESIAN_POINT ( 'NONE',  ( -0.04870252959880183585, 0.02017324828170049406, 0.6152343750000002220 ) ) ;
#5569 = CARTESIAN_POINT ( 'NONE',  ( -0.04870252959880216198, 0.02017324828170073345, -0.1933593750000001110 ) ) ;
#5570 = CARTESIAN_POINT ( 'NONE',  ( 0.03443788894025156394, 0.03443788894025133496, -0.2070312500000001943 ) ) ;
#5571 = CARTESIAN_POINT ( 'NONE',  ( 0.02323889266184589464, -0.04736278193400060565, -0.2499999999999999722 ) ) ;
#5572 = CARTESIAN_POINT ( 'NONE',  ( 0.000000000000000000, -1.493979371535143794E-17, -0.2500000000000000000 ) ) ;
#5573 = CARTESIAN_POINT ( 'NONE',  ( -8.450062914116753856E-18, -0.06900000000000044986, 0.6992187500000004441 ) ) ;
#5574 = CARTESIAN_POINT ( 'NONE',  ( -0.04870252959880183585, -0.02017324828170113243, 0.4941406250000002220 ) ) ;
#5575 = CARTESIAN_POINT ( 'NONE',  ( 0.04713661276047538540, 0.02642007406066449599, -0.01691052426729630284 ) ) ;
#5576 = CARTESIAN_POINT ( 'NONE',  ( -0.02017324828170081324, 0.04870252959880150972, 0.8261718750000003331 ) ) ;
#5577 = CARTESIAN_POINT ( 'NONE',  ( 0.02017324828170093814, -0.04870252959880239096, -0.1230468750000001943 ) ) ;
#5578 = CARTESIAN_POINT ( 'NONE',  ( 0.02928135976391382442, 0.07069145586676625626, -0.09472656249999934774 ) ) ;
#5579 = CARTESIAN_POINT ( 'NONE',  ( 0.02858073580374356770, 0.06899999999999967271, -0.1269531249999994726 ) ) ;
#5580 = ORIENTED_EDGE ( 'NONE', *, *, #5616, .F. ) ;
#5581 = CARTESIAN_POINT ( 'NONE',  ( -0.02017324828170081324, 0.04870252959880150972, 0.4863281250000002776 ) ) ;
#5582 = CARTESIAN_POINT ( 'NONE',  ( 0.04870252959880182891, 0.02017324828170050446, 0.8222656250000003331 ) ) ;
#5583 = CARTESIAN_POINT ( 'NONE',  ( 0.000000000000000000, -3.872963666017773752E-17, -0.02999999999999998848 ) ) ;
#5584 = CARTESIAN_POINT ( 'NONE',  ( 0.02017324828170097978, 0.04870252959880195381, -0.04882812500000018735 ) ) ;
#5585 = EDGE_CURVE ( 'NONE', #1721, #3712, #3979, .T. ) ;
#5586 = CARTESIAN_POINT ( 'NONE',  ( 0.02858073580374351913, 0.06899999999999992251, 0.7753906250000006661 ) ) ;
#5587 = CARTESIAN_POINT ( 'NONE',  ( -8.450062914116753856E-18, -0.06900000000000044986, 0.7617187500000006661 ) ) ;
#5588 = DIRECTION ( 'NONE',  ( -0.000000000000000000, 1.081356497492104437E-16, -1.000000000000000000 ) ) ;
#5589 = CARTESIAN_POINT ( 'NONE',  ( -8.657206515430192834E-18, -0.07069145586676678361, 0.7314453125000005551 ) ) ;
#5590 = EDGE_CURVE ( 'NONE', #2504, #2910, #1934, .T. ) ;
#5591 = VERTEX_POINT ( 'NONE', #6 ) ;
#5592 = B_SPLINE_CURVE_WITH_KNOTS ( 'NONE', 3,
 ( #3965, #4312, #1769, #2568, #5651, #1684, #1337, #4339, #1258, #3110, #385, #2152, #1714, #5679, #3476, #846 ),
 .UNSPECIFIED., .F., .F.,
 ( 4, 2, 2, 2, 2, 2, 2, 4 ),
 ( 1.773419729001739025E-14, 0.0003329566855349998895, 0.0006659133710522655925, 0.0009988700565695314039, 0.001331826742086797107, 0.001664783427604062810, 0.001997740113121328296, 0.002663653484155861437 ),
 .UNSPECIFIED. ) ;
#5593 = CARTESIAN_POINT ( 'NONE',  ( 0.02858073580374414016, -0.06899999999999992251, 0.5449218750000006661 ) ) ;
#5594 = CARTESIAN_POINT ( 'NONE',  ( 0.02017324828170079937, -0.04870252959880216198, 0.4980468750000004996 ) ) ;
#5595 = CARTESIAN_POINT ( 'NONE',  ( -0.03717337495155787624, 0.04344242080977171738, -0.03471472620910061313 ) ) ;
#5596 = CARTESIAN_POINT ( 'NONE',  ( 1.192867939671037905E-17, 0.04870252959880150972, 0.6406250000000002220 ) ) ;
#5597 = CARTESIAN_POINT ( 'NONE',  ( -5.964339698355230356E-18, -0.04870252959880237709, -0.1210937500000001388 ) ) ;
#5598 =( BOUNDED_CURVE ( )  B_SPLINE_CURVE ( 2, ( #658, #4622, #1913, #1076, #2862, #4533, #4990, #2887, #3223 ),
 .UNSPECIFIED., .F., .T. ) 
 B_SPLINE_CURVE_WITH_KNOTS ( ( 3, 2, 2, 2, 3 ),
 ( 0.05906264287068891533, 0.06043593608615751428, 0.06180922930162612017, 0.06318252251709471912, 0.06455581573256331807 ),
 .UNSPECIFIED. ) 
 CURVE ( )  GEOMETRIC_REPRESENTATION_ITEM ( )  RATIONAL_B_SPLINE_CURVE ( ( 0.9999999999995007327, 0.9238795325117860058, 1.000000000000000000, 0.9238795325112867385, 1.000000000000000000, 0.9238795325112867385, 1.000000000000000000, 0.9238795325112537649, 1.000000000000033085 ) ) 
 REPRESENTATION_ITEM ( '' )  );
#5599 = CARTESIAN_POINT ( 'NONE',  ( 0.000000000000000000, 0.04870252959880195381, -0.1093750000000001804 ) ) ;
#5600 = CARTESIAN_POINT ( 'NONE',  ( 0.03443788894025155700, -0.03443788894025177905, -0.1523437500000001943 ) ) ;
#5601 = DIRECTION ( 'NONE',  ( -0.8660254037844385966, 0.5000000000000000000, 0.000000000000000000 ) ) ;
#5602 = B_SPLINE_CURVE_WITH_KNOTS ( 'NONE', 3,
 ( #4816, #2645, #4381, #3955, #3127, #5310, #1757, #1328, #3101, #2552 ),
 .UNSPECIFIED., .F., .F.,
 ( 4, 2, 2, 2, 4 ),
 ( 0.000000000000000000, 0.0004971918143982712772, 0.0009943836287965425545, 0.001491575443194813940, 0.001988767257593085109 ),
 .UNSPECIFIED. ) ;
#5603 = EDGE_LOOP ( 'NONE', ( #5630, #3402, #4403, #467, #1878 ) ) ;
#5604 = CARTESIAN_POINT ( 'NONE',  ( 1.192867939671037905E-17, 0.04870252959880150972, 0.4843750000000002776 ) ) ;
#5605 = DIRECTION ( 'NONE',  ( -0.000000000000000000, -0.000000000000000000, 1.000000000000000000 ) ) ;
#5606 = AXIS2_PLACEMENT_3D ( 'NONE', #5479, #1604, #5127 ) ;
#5607 = CARTESIAN_POINT ( 'NONE',  ( 0.02017324828170093814, -0.04870252959880239096, -0.05664062500000014572 ) ) ;
#5608 = CARTESIAN_POINT ( 'NONE',  ( 0.04870252959880182891, -0.02017324828170116019, 0.8144531250000005551 ) ) ;
#5609 = CARTESIAN_POINT ( 'NONE',  ( -0.04870252959880216892, -0.02017324828170115672, -0.03710937500000018041 ) ) ;
#5610 = CARTESIAN_POINT ( 'NONE',  ( -0.02928135976391377585, 0.07069145586676627013, -0.05957031249999933387 ) ) ;
#5611 = DIRECTION ( 'NONE',  ( 1.182924880895402004E-16, -1.000000000000000000, 0.000000000000000000 ) ) ;
#5612 = CARTESIAN_POINT ( 'NONE',  ( -0.04870252959880183585, 0.02017324828170049406, 0.5214843750000002220 ) ) ;
#5613 = AXIS2_PLACEMENT_3D ( 'NONE', #1004, #5154, #4578 ) ;
#5614 = EDGE_CURVE ( 'NONE', #704, #3178, #277, .T. ) ;
#5615 = CARTESIAN_POINT ( 'NONE',  ( 1.192867939671037905E-17, 0.04870252959880150972, 0.8281250000000003331 ) ) ;
#5616 = EDGE_CURVE ( 'NONE', #915, #3647, #2246, .T. ) ;
#5617 = CARTESIAN_POINT ( 'NONE',  ( -3.752398474886232170E-14, 0.06899999999999965883, -0.1210937499999976408 ) ) ;
#5618 = CARTESIAN_POINT ( 'NONE',  ( 0.03443788894025156394, 0.03443788894025132802, -0.2343750000000001388 ) ) ;
#5619 = DIRECTION ( 'NONE',  ( 0.000000000000000000, 0.000000000000000000, -1.000000000000000000 ) ) ;
#5620 = CARTESIAN_POINT ( 'NONE',  ( -0.07069145586676647830, -0.02928135976391408810, 0.5087890625000002220 ) ) ;
#5621 = ADVANCED_FACE ( 'NONE', ( #4413 ), #452, .F. ) ;
#5622 = CARTESIAN_POINT ( 'NONE',  ( 1.192867939671037905E-17, 0.04870252959880150972, 0.8906250000000003331 ) ) ;
#5623 = DIRECTION ( 'NONE',  ( -0.000000000000000000, 1.081356497492104437E-16, -1.000000000000000000 ) ) ;
#5624 = CARTESIAN_POINT ( 'NONE',  ( 0.02928135976391381748, 0.07069145586676611748, 0.7763671875000006661 ) ) ;
#5625 = VERTEX_POINT ( 'NONE', #1730 ) ;
#5626 = CARTESIAN_POINT ( 'NONE',  ( 0.06900000000000011680, -3.335249498770560676E-16, 0.8046875000000000000 ) ) ;
#5627 = CARTESIAN_POINT ( 'NONE',  ( 0.04998640781534011146, -0.04998640781534045147, 0.7685546875000001110 ) ) ;
#5628 = LINE ( 'NONE', #4320, #4942 ) ;
#5629 = EDGE_LOOP ( 'NONE', ( #2874, #4439, #4892, #4606 ) ) ;
#5630 = ORIENTED_EDGE ( 'NONE', *, *, #4580, .T. ) ;
#5631 = CARTESIAN_POINT ( 'NONE',  ( -0.02017324828170082018, -0.04870252959880215504, 0.6230468750000002220 ) ) ;
#5632 = CARTESIAN_POINT ( 'NONE',  ( -0.04870252959880183585, -0.02017324828170113243, 0.8339843750000003331 ) ) ;
#5633 = CARTESIAN_POINT ( 'NONE',  ( 0.02017324828170093814, -0.04870252959880239096, -0.1855468750000002220 ) ) ;
#5634 = CYLINDRICAL_SURFACE ( 'NONE', #1912, 0.06899999999999970046 ) ;
#5635 = ORIENTED_EDGE ( 'NONE', *, *, #1876, .F. ) ;
#5637 = ADVANCED_FACE ( 'NONE', ( #4900 ), #3045, .F. ) ;
#5636 = VERTEX_POINT ( 'NONE', #3576 ) ;
#5638 =( BOUNDED_CURVE ( )  B_SPLINE_CURVE ( 2, ( #5102, #773, #3781, #1610, #714, #1160, #5220, #4729, #800 ),
 .UNSPECIFIED., .F., .T. ) 
 B_SPLINE_CURVE_WITH_KNOTS ( ( 3, 2, 2, 2, 3 ),
 ( 0.3749999999999999445, 0.3906250000000000000, 0.4062500000000000000, 0.4218750000000000000, 0.4375000000000000555 ),
 .UNSPECIFIED. ) 
 CURVE ( )  GEOMETRIC_REPRESENTATION_ITEM ( )  RATIONAL_B_SPLINE_CURVE ( ( 1.000000000000000222, 0.9238795325112865164, 1.000000000000000000, 0.9238795325112867385, 1.000000000000000000, 0.9238795325112867385, 1.000000000000000000, 0.9238795325112865164, 1.000000000000000222 ) ) 
 REPRESENTATION_ITEM ( '' )  );
#5639 = CARTESIAN_POINT ( 'NONE',  ( -0.04870252959880183585, 0.02017324828170049406, 0.5175781250000004441 ) ) ;
#5640 = CARTESIAN_POINT ( 'NONE',  ( -0.06900000000000014455, -0.02858073580374393199, 0.8183593750000003331 ) ) ;
#5641 = CARTESIAN_POINT ( 'NONE',  ( 0.04870252959880182891, 0.02017324828170050446, 0.7558593750000004441 ) ) ;
#5642 = CARTESIAN_POINT ( 'NONE',  ( -0.04870252959880216892, 0.02017324828170074386, -0.04101562500000019429 ) ) ;
#5643 = CARTESIAN_POINT ( 'NONE',  ( -0.07069145586676647830, -0.02928135976391398401, -0.08300781249999934774 ) ) ;
#5644 = CARTESIAN_POINT ( 'NONE',  ( -0.05540916959362882782, 1.396353919313848572E-15, 0.8594091695936291186 ) ) ;
#5645 = CARTESIAN_POINT ( 'NONE',  ( -0.03443788894025132802, -0.03443788894025164027, 0.8984375000000003331 ) ) ;
#5646 = CARTESIAN_POINT ( 'NONE',  ( 0.04870252959880183585, -3.297963650534137407E-16, 0.7890625000000002220 ) ) ;
#5647 = CARTESIAN_POINT ( 'NONE',  ( 0.000000000000000000, -1.493979371535143794E-17, -0.2500000000000000000 ) ) ;
#5648 = DIRECTION ( 'NONE',  ( 0.000000000000000000, 0.000000000000000000, 1.000000000000000000 ) ) ;
#5649 = EDGE_LOOP ( 'NONE', ( #3919, #2858, #5428, #2387 ) ) ;
#5650 = ADVANCED_FACE ( 'NONE', ( #513 ), #4956, .T. ) ;
#5651 = CARTESIAN_POINT ( 'NONE',  ( 0.04313168122795116993, 0.03210291662831397247, 0.8576039264789214744 ) ) ;
#5652 = CARTESIAN_POINT ( 'NONE',  ( 0.04870252959880182891, 0.02017324828170050446, 0.8847656250000004441 ) ) ;
#5653 = CARTESIAN_POINT ( 'NONE',  ( 0.000000000000000000, 0.06899999999999992251, -0.2500000000000000000 ) ) ;
#5654 = CARTESIAN_POINT ( 'NONE',  ( -0.02928135976391377585, 0.07069145586676614523, 0.7802734375000005551 ) ) ;
#5655 = ORIENTED_EDGE ( 'NONE', *, *, #2554, .T. ) ;
#5656 = CARTESIAN_POINT ( 'NONE',  ( 0.000000000000000000, 0.04870252959880195381, -0.1367187500000001388 ) ) ;
#5657 = CARTESIAN_POINT ( 'NONE',  ( 0.04545869694502666786, 0.1180919763791852678, 0.8713802314671539317 ) ) ;
#5658 = CARTESIAN_POINT ( 'NONE',  ( 1.731441303086038567E-17, 0.07069145586676614523, 0.8427734375000002220 ) ) ;
#5659 = CARTESIAN_POINT ( 'NONE',  ( -0.02793413662896676586, 0.05090324535594344807, -0.03523023874487189733 ) ) ;
#5660 = ORIENTED_EDGE ( 'NONE', *, *, #1661, .T. ) ;
#5661 = CARTESIAN_POINT ( 'NONE',  ( -0.03443788894025132802, -0.03443788894025164027, 0.5585937500000003331 ) ) ;
#5662 = CARTESIAN_POINT ( 'NONE',  ( -0.04870252959880183585, -3.178676856567033324E-16, 0.8007812500000004441 ) ) ;
#5663 = CARTESIAN_POINT ( 'NONE',  ( 0.04870252959880216892, -2.218368374257382112E-16, -0.1171875000000001943 ) ) ;
#5664 = CARTESIAN_POINT ( 'NONE',  ( 1.690012582823350463E-17, 0.06899999999999979761, 0.8125000000000001110 ) ) ;
#5665 = ORIENTED_EDGE ( 'NONE', *, *, #5368, .T. ) ;
#5666 = DIRECTION ( 'NONE',  ( 0.000000000000000000, 0.000000000000000000, 1.000000000000000000 ) ) ;
#5667 = B_SPLINE_CURVE_WITH_KNOTS ( 'NONE', 3,
 ( #5358, #1431, #3199, #1317, #2782, #3748 ),
 .UNSPECIFIED., .F., .F.,
 ( 4, 2, 4 ),
 ( 0.01331485285605875195, 0.01405210299214193839, 0.01478935312822512484 ),
 .UNSPECIFIED. ) ;
#5668 = CARTESIAN_POINT ( 'NONE',  ( -0.02017324828170081324, 0.04870252959880150972, 0.7324218750000005551 ) ) ;
#5669 = CARTESIAN_POINT ( 'NONE',  ( 0.1124999999999999750, 0.07938566201357317997, 0.8640654110148561218 ) ) ;
#5670 = CARTESIAN_POINT ( 'NONE',  ( -5.964339698355230356E-18, -0.04870252959880237709, -0.05859375000000013878 ) ) ;
#5671 = DIRECTION ( 'NONE',  ( -0.000000000000000000, 1.081356497492104437E-16, -1.000000000000000000 ) ) ;
#5672 = CARTESIAN_POINT ( 'NONE',  ( -5.964339698355189526E-18, -0.04870252959880215504, 0.5625000000000003331 ) ) ;
#5673 =( BOUNDED_CURVE ( )  B_SPLINE_CURVE ( 2, ( #1710, #5586, #3473, #328, #4363, #3395, #3095, #2734, #3182 ),
 .UNSPECIFIED., .F., .F. ) 
 B_SPLINE_CURVE_WITH_KNOTS ( ( 3, 2, 2, 2, 3 ),
 ( 0.3571428571428570953, 0.3660714285714284366, 0.3749999999999998890, 0.3839285714285712858, 0.3928571428571426272 ),
 .UNSPECIFIED. ) 
 CURVE ( )  GEOMETRIC_REPRESENTATION_ITEM ( )  RATIONAL_B_SPLINE_CURVE ( ( 1.000000000000000444, 0.9238795325112862944, 1.000000000000000000, 0.9238795325112867385, 1.000000000000000000, 0.9238795325112867385, 1.000000000000000000, 0.9238795325112886259, 0.9999999999999981126 ) ) 
 REPRESENTATION_ITEM ( '' )  );
#5674 = CARTESIAN_POINT ( 'NONE',  ( 0.04870252959880182891, -0.02017324828170116019, 0.8183593750000002220 ) ) ;
#5675 = CARTESIAN_POINT ( 'NONE',  ( -0.04870252959880216892, -2.125392351365708915E-16, -0.1601562500000001110 ) ) ;
#5676 = CARTESIAN_POINT ( 'NONE',  ( 0.1162400740127031429, -0.07722632927555063420, 0.01198009908533991322 ) ) ;
#5677 = CARTESIAN_POINT ( 'NONE',  ( 0.05950210699355061583, -0.03493564459585668525, -0.04171874999999990175 ) ) ;
#5678 = ORIENTED_EDGE ( 'NONE', *, *, #3432, .T. ) ;
#5679 = CARTESIAN_POINT ( 'NONE',  ( -0.008515945745384705806, 0.06596282775912108709, 0.8699629846342037398 ) ) ;
#5680 = CARTESIAN_POINT ( 'NONE',  ( 0.02858073580374406730, 0.06899999999999938127, 0.5292968750000000000 ) ) ;
#5681 = ORIENTED_EDGE ( 'NONE', *, *, #203, .T. ) ;
#5682 = CARTESIAN_POINT ( 'NONE',  ( 0.02928135976391375503, -0.07069145586676681137, 0.7646484375000004441 ) ) ;
#5683 = ORIENTED_EDGE ( 'NONE', *, *, #4165, .T. ) ;
#5684 = CYLINDRICAL_SURFACE ( 'NONE', #1544, 0.06899999999999993638 ) ;
#5685 = LINE ( 'NONE', #2541, #84 ) ;
#5686 = CARTESIAN_POINT ( 'NONE',  ( -0.07069145586676646442, -3.165212522481658049E-16, 0.7880859375000002220 ) ) ;
#5687 = VERTEX_POINT ( 'NONE', #831 ) ;
#5688 = ORIENTED_EDGE ( 'NONE', *, *, #4781, .F. ) ;
#5689 = CARTESIAN_POINT ( 'NONE',  ( -0.03443788894025132802, -0.03443788894025164027, 0.8046875000000003331 ) ) ;
#5690 = CYLINDRICAL_SURFACE ( 'NONE', #2186, 0.02500000000000000486 ) ;
#5691 = CARTESIAN_POINT ( 'NONE',  ( -0.02017324828170095202, 0.04870252959880195381, -0.07617187500000018041 ) ) ;
#5692 = VECTOR ( 'NONE', #4222, 39.37007874015748854 ) ;
#5693 = DIRECTION ( 'NONE',  ( -0.000000000000000000, 1.081356497492104437E-16, -1.000000000000000000 ) ) ;
#5694 = FACE_OUTER_BOUND ( 'NONE', #2514, .T. ) ;
#5695 = VECTOR ( 'NONE', #1827, 39.37007874015748854 ) ;
#5696 = CARTESIAN_POINT ( 'NONE',  ( 0.02048996720753015754, 0.06261366728882006294, -0.2456520978757481821 ) ) ;
#5697 = CARTESIAN_POINT ( 'NONE',  ( -0.03443788894025155700, -0.03443788894025176517, -0.03125000000000014572 ) ) ;
#5698 = CARTESIAN_POINT ( 'NONE',  ( 0.02858073580374358852, -0.06900000000000004741, -0.1386718749999994449 ) ) ;
#5699 = EDGE_CURVE ( 'NONE', #229, #1713, #3921, .T. ) ;
#5700 = CARTESIAN_POINT ( 'NONE',  ( -0.04870252959880183585, -3.178676856567033324E-16, 0.5234375000000003331 ) ) ;
#5701 = CARTESIAN_POINT ( 'NONE',  ( -0.03443788894025132802, -0.03443788894025164027, 0.7460937500000003331 ) ) ;
#5702 = AXIS2_PLACEMENT_3D ( 'NONE', #4207, #3806, #4670 ) ;
#5703 = CARTESIAN_POINT ( 'NONE',  ( 0.04870252959880215504, -0.02017324828170119488, -0.2089843750000001665 ) ) ;
#5704 = CARTESIAN_POINT ( 'NONE',  ( -0.04870252959880183585, -0.02017324828170113243, 0.5253906250000003331 ) ) ;
#5705 = CARTESIAN_POINT ( 'NONE',  ( 0.000000000000000000, 0.06899999999999967271, -0.2500000000000000000 ) ) ;
#5706 =( NAMED_UNIT ( * ) PLANE_ANGLE_UNIT ( ) SI_UNIT ( $, .RADIAN. ) );
#5707 = VECTOR ( 'NONE', #2719, 39.37007874015748143 ) ;
#5708 = CARTESIAN_POINT ( 'NONE',  ( 1.690012582823350463E-17, 0.06899999999999979761, 0.7187500000000001110 ) ) ;
#5709 = ORIENTED_EDGE ( 'NONE', *, *, #5308, .F. ) ;
#5710 = CARTESIAN_POINT ( 'NONE',  ( -0.04870252959880183585, -3.178676856567033324E-16, 0.8359375000000003331 ) ) ;
#5711 = CARTESIAN_POINT ( 'NONE',  ( -0.04998640781534011146, -0.04998640781534043759, 0.7900390625000004441 ) ) ;
#5712 = VERTEX_POINT ( 'NONE', #620 ) ;
#5713 = CARTESIAN_POINT ( 'NONE',  ( 0.03443788894025155700, -0.03443788894025177905, -0.2148437500000001665 ) ) ;
#5714 = CARTESIAN_POINT ( 'NONE',  ( 0.04879036790187187694, 0.04879036790187153694, 0.5546875000000005551 ) ) ;
#5715 = CARTESIAN_POINT ( 'NONE',  ( -0.04998640781534011840, -0.04998640781534043759, 0.8857421875000002220 ) ) ;
#5716 = ORIENTED_EDGE ( 'NONE', *, *, #605, .T. ) ;
ENDSEC;
END-ISO-10303-21;
