ISO-10303-21;
HEADER;
FILE_DESCRIPTION (( 'STEP AP214' ),
    '1' );
FILE_NAME ('91292A046_18-8 Stainless Steel Socket Head Screw.STEP',
    '2026-02-20T19:34:31',
    ( '' ),
    ( '' ),
    'SwSTEP 2.0',
    'SolidWorks 2025',
    '' );
FILE_SCHEMA (( 'AUTOMOTIVE_DESIGN' ));
ENDSEC;

DATA;
#1 = CARTESIAN_POINT ( 'NONE',  ( 1.667508410807436947, 4.025721420742503831, 0.1562500000000018596 ) ) ;
#2 = CARTESIAN_POINT ( 'NONE',  ( 2.846614915774973831, -2.846614915774984045, -6.124999999999998224 ) ) ;
#3 = CARTESIAN_POINT ( 'NONE',  ( 0.000000000000000000, 5.000000000000002665, -12.49999999999999645 ) ) ;
#4 = ORIENTED_EDGE ( 'NONE', *, *, #2743, .T. ) ;
#5 = CARTESIAN_POINT ( 'NONE',  ( 2.846614915774973831, -2.846614915774984045, -12.31249999999999822 ) ) ;
#6 = CARTESIAN_POINT ( 'NONE',  ( -4.025721420742514489, -8.866399893941979642E-15, -9.874999999999998224 ) ) ;
#7 = DIRECTION ( 'NONE',  ( 0.000000000000000000, 0.000000000000000000, 1.000000000000000000 ) ) ;
#8 = CARTESIAN_POINT ( 'NONE',  ( 5.000000000000012434, -1.003138933591105784E-14, -0.8749999999999972244 ) ) ;
#9 = CARTESIAN_POINT ( 'NONE',  ( 4.025721420742512713, 1.667508410807426289, -3.031249999999999556 ) ) ;
#10 = CARTESIAN_POINT ( 'NONE',  ( 4.025721420742512713, -1.667508410807445607, -1.531249999999999556 ) ) ;
#11 = CARTESIAN_POINT ( 'NONE',  ( -2.846614915774974275, -2.846614915774983157, -11.00000000000000000 ) ) ;
#12 = ORIENTED_EDGE ( 'NONE', *, *, #2499, .F. ) ;
#13 = CARTESIAN_POINT ( 'NONE',  ( 4.718508756615730881, -1.220316807579973073, 3.486951179217241403 ) ) ;
#14 = CARTESIAN_POINT ( 'NONE',  ( 1.390409820017109332, -4.487882370310310343, -12.81149359497810813 ) ) ;
#15 = CARTESIAN_POINT ( 'NONE',  ( -3.500000000000003553, -2.955743346222810501E-15, -13.99999999999999822 ) ) ;
#16 = CARTESIAN_POINT ( 'NONE',  ( -6.222662924367237206E-16, -5.081189881604809777, -4.203124999999998224 ) ) ;
#17 = CARTESIAN_POINT ( 'NONE',  ( -1.667508410807434505, 4.025721420742504719, -7.156249999999999112 ) ) ;
#18 = CARTESIAN_POINT ( 'NONE',  ( -4.269360528590762982, 2.053220857904832997, 3.112334670147248961 ) ) ;
#19 = EDGE_CURVE ( 'NONE', #628, #2510, #1598, .T. ) ;
#20 = ORIENTED_EDGE ( 'NONE', *, *, #327, .F. ) ;
#21 = LINE ( 'NONE', #3875, #3609 ) ;
#22 = CARTESIAN_POINT ( 'NONE',  ( 4.025721420742514489, -0.3186858057986075576, -13.45541702764434611 ) ) ;
#23 = VERTEX_POINT ( 'NONE', #2083 ) ;
#24 = CARTESIAN_POINT ( 'NONE',  ( -5.081189881604800007, -2.104697761953658652, -14.89062500000000000 ) ) ;
#25 = CARTESIAN_POINT ( 'NONE',  ( 2.846614915774973831, -2.846614915774984045, -3.124999999999999112 ) ) ;
#26 = CARTESIAN_POINT ( 'NONE',  ( 3.007732838376460993, -3.325598837061820578, 2.416906445402107639 ) ) ;
#27 = CARTESIAN_POINT ( 'NONE',  ( -2.846614915774974275, -2.846614915774983157, -9.687499999999998224 ) ) ;
#28 = CARTESIAN_POINT ( 'NONE',  ( -3.999999999999998224, 4.898587164242653601E-16, 13.36549101804925144 ) ) ;
#29 = CARTESIAN_POINT ( 'NONE',  ( 5.081189881604800007, -1.004630367520562695E-14, -8.328124999999998224 ) ) ;
#30 = CARTESIAN_POINT ( 'NONE',  ( -5.000000000000012434, -8.806742536763703202E-15, -0.1249999999999965306 ) ) ;
#31 = CARTESIAN_POINT ( 'NONE',  ( -2.104697761953649326, 5.081189881604790237, -10.76562500000000178 ) ) ;
#32 = CARTESIAN_POINT ( 'NONE',  ( -2.846614915774974275, -2.846614915774983157, -1.999999999999998224 ) ) ;
#33 = CARTESIAN_POINT ( 'NONE',  ( -3.535533905932746190, -3.535533905932755072, -7.437499999999997335 ) ) ;
#34 = VERTEX_POINT ( 'NONE', #2654 ) ;
#35 = CARTESIAN_POINT ( 'NONE',  ( 4.835073170883389615, -0.6031909868162936839, -12.63699081317690620 ) ) ;
#36 = FACE_OUTER_BOUND ( 'NONE', #1627, .T. ) ;
#37 = EDGE_CURVE ( 'NONE', #2847, #679, #1341, .T. ) ;
#38 = CARTESIAN_POINT ( 'NONE',  ( 5.081189881604800007, -2.104697761953661761, -5.421874999999999112 ) ) ;
#39 = CARTESIAN_POINT ( 'NONE',  ( -2.846614915774974275, -2.846614915774983157, -9.687499999999998224 ) ) ;
#40 = EDGE_CURVE ( 'NONE', #2637, #3635, #3056, .T. ) ;
#41 = CARTESIAN_POINT ( 'NONE',  ( -5.000000000000008882, 2.071067811865476394, -10.71875000000000000 ) ) ;
#42 = VERTEX_POINT ( 'NONE', #2698 ) ;
#43 = CARTESIAN_POINT ( 'NONE',  ( 1.667508410807433616, -4.025721420742524259, 4.093750000000000000 ) ) ;
#44 = EDGE_LOOP ( 'NONE', ( #1235, #3619, #265, #2691, #67, #1555, #926 ) ) ;
#45 = CARTESIAN_POINT ( 'NONE',  ( 4.112740473580832834, -9.868402405054721250E-15, -13.38725952641916805 ) ) ;
#46 = FACE_OUTER_BOUND ( 'NONE', #3660, .T. ) ;
#47 = CARTESIAN_POINT ( 'NONE',  ( -4.025721420742514489, 1.667508410807425623, 0.5312500000000004441 ) ) ;
#48 = CARTESIAN_POINT ( 'NONE',  ( 3.592943821779224667, -3.592943821779234881, -11.42187500000000000 ) ) ;
#49 = AXIS2_PLACEMENT_3D ( 'NONE', #1992, #1094, #1714 ) ;
#50 = CARTESIAN_POINT ( 'NONE',  ( 4.025721420742514489, -9.852417264376230094E-15, -2.937499999999999112 ) ) ;
#51 = CARTESIAN_POINT ( 'NONE',  ( -0.9902047593689365934, 4.090928274372875428, -13.29668466981468278 ) ) ;
#52 = ORIENTED_EDGE ( 'NONE', *, *, #1901, .T. ) ;
#53 = CARTESIAN_POINT ( 'NONE',  ( -1.875172901998022557, -4.189301515429406209, -12.92040601874073147 ) ) ;
#54 = CARTESIAN_POINT ( 'NONE',  ( 5.081189881604800007, -1.004630367520562695E-14, -3.828124999999998224 ) ) ;
#55 = CARTESIAN_POINT ( 'NONE',  ( 2.846614915774973831, -2.846614915774984045, -4.812499999999999112 ) ) ;
#56 = CIRCLE ( 'NONE', #3555, 8.000000000000000000 ) ;
#57 = CARTESIAN_POINT ( 'NONE',  ( 1.667508410807433616, -4.025721420742524259, -7.906250000000000888 ) ) ;
#58 = EDGE_CURVE ( 'NONE', #3635, #2545, #1492, .T. ) ;
#59 = EDGE_LOOP ( 'NONE', ( #1699, #1737, #2367, #2140 ) ) ;
#60 = CARTESIAN_POINT ( 'NONE',  ( 5.000000000000012434, -1.003138933591105784E-14, -9.874999999999996447 ) ) ;
#61 = CARTESIAN_POINT ( 'NONE',  ( -4.025721420742514489, -8.866399893941979642E-15, -6.687499999999999112 ) ) ;
#62 = CARTESIAN_POINT ( 'NONE',  ( -2.846614915774974275, 2.846614915774965393, -10.06249999999999822 ) ) ;
#63 = CARTESIAN_POINT ( 'NONE',  ( -5.000000000000012434, -8.806742536763703202E-15, 1.562499999999999334 ) ) ;
#64 = CARTESIAN_POINT ( 'NONE',  ( 2.104697761953648882, -5.081189881604811553, 4.890625000000000888 ) ) ;
#65 = CARTESIAN_POINT ( 'NONE',  ( 1.667508410807436947, 4.025721420742503831, 1.656250000000001554 ) ) ;
#66 = CARTESIAN_POINT ( 'NONE',  ( -2.610477438358606239, -3.523406960070765148, 2.144756539068419343 ) ) ;
#67 = ORIENTED_EDGE ( 'NONE', *, *, #3445, .F. ) ;
#68 = CARTESIAN_POINT ( 'NONE',  ( 0.000000000000000000, 0.000000000000000000, 8.999999999999998224 ) ) ;
#69 = CARTESIAN_POINT ( 'NONE',  ( 2.846614915774973831, -2.846614915774984045, -9.312499999999998224 ) ) ;
#70 = EDGE_CURVE ( 'NONE', #568, #2953, #21, .T. ) ;
#71 = CARTESIAN_POINT ( 'NONE',  ( -3.999999999999998224, 4.898587164242653601E-16, 13.36549101804925144 ) ) ;
#72 = CARTESIAN_POINT ( 'NONE',  ( 3.592943821779224667, -3.592943821779234881, -9.921875000000000000 ) ) ;
#73 = CARTESIAN_POINT ( 'NONE',  ( 4.025721420742512713, -1.667508410807445607, -10.53124999999999822 ) ) ;
#74 = CARTESIAN_POINT ( 'NONE',  ( -0.3330953183276152418, 4.172087658726811199, -13.32053669341489233 ) ) ;
#75 = ORIENTED_EDGE ( 'NONE', *, *, #2348, .F. ) ;
#76 = DIRECTION ( 'NONE',  ( -1.000000000000000000, 0.000000000000000000, 0.000000000000000000 ) ) ;
#77 = CARTESIAN_POINT ( 'NONE',  ( 3.592943821779225555, 3.592943821779214897, -0.5468749999999987788 ) ) ;
#78 = PLANE ( 'NONE',  #976 ) ;
#79 = FACE_OUTER_BOUND ( 'NONE', #2480, .T. ) ;
#80 = CARTESIAN_POINT ( 'NONE',  ( -1.316032391661069001, 3.858990497929219554, 13.36599243599574116 ) ) ;
#81 = CARTESIAN_POINT ( 'NONE',  ( 3.535533905932745746, -3.535533905932755960, -6.875000000000000888 ) ) ;
#82 = ORIENTED_EDGE ( 'NONE', *, *, #3374, .T. ) ;
#83 = CARTESIAN_POINT ( 'NONE',  ( 2.071067811865483943, 5.000000000000000888, -1.906250000000001998 ) ) ;
#84 = EDGE_CURVE ( 'NONE', #2953, #1932, #2929, .T. ) ;
#85 = CARTESIAN_POINT ( 'NONE',  ( 5.000000000000012434, -2.071067811865492381, -3.968749999999996447 ) ) ;
#86 = CARTESIAN_POINT ( 'NONE',  ( 3.592943821779225555, 3.592943821779214897, -12.54687499999999822 ) ) ;
#87 = CARTESIAN_POINT ( 'NONE',  ( 3.259042460730133151, 2.363276369065447469, -13.47427857925744377 ) ) ;
#88 =( BOUNDED_CURVE ( )  B_SPLINE_CURVE ( 2, ( #3241, #809, #3475, #533, #217, #1428, #1411, #256, #1180 ),
 .UNSPECIFIED., .F., .T. ) 
 B_SPLINE_CURVE_WITH_KNOTS ( ( 3, 2, 2, 2, 3 ),
 ( 0.4423076923076922906, 0.4519230769230768718, 0.4615384615384615641, 0.4711538461538462008, 0.4807692307692307820 ),
 .UNSPECIFIED. ) 
 CURVE ( )  GEOMETRIC_REPRESENTATION_ITEM ( )  RATIONAL_B_SPLINE_CURVE ( ( 1.000000000000000000, 0.9238795325112867385, 1.000000000000000000, 0.9238795325112867385, 1.000000000000000000, 0.9238795325112867385, 1.000000000000000000, 0.9238795325112862944, 1.000000000000000444 ) ) 
 REPRESENTATION_ITEM ( '' )  );
#89 = CARTESIAN_POINT ( 'NONE',  ( -4.415505858872921685, -0.3026479255967993720, -13.08449414112708098 ) ) ;
#90 = CARTESIAN_POINT ( 'NONE',  ( -4.930086852171255217E-16, -4.025721420742523371, -6.499999999999999112 ) ) ;
#91 = CARTESIAN_POINT ( 'NONE',  ( -4.025721420742513601, 1.667508410807425623, -2.281249999999998668 ) ) ;
#92 = FACE_OUTER_BOUND ( 'NONE', #1849, .T. ) ;
#93 = CARTESIAN_POINT ( 'NONE',  ( -1.667508410807434727, -4.025721420742523371, -7.906250000000000000 ) ) ;
#94 = CARTESIAN_POINT ( 'NONE',  ( 1.119529222150402103E-15, -4.618802153517004960, 13.72275660795741281 ) ) ;
#95 = CARTESIAN_POINT ( 'NONE',  ( -0.6380450900321035235, 4.167037862146693250, 1.680761264352234274 ) ) ;
#96 = ORIENTED_EDGE ( 'NONE', *, *, #2142, .F. ) ;
#97 = CARTESIAN_POINT ( 'NONE',  ( 4.503032893660224190, 2.052263479692142845, -12.55400345688334873 ) ) ;
#98 = CARTESIAN_POINT ( 'NONE',  ( -4.760009172861399129, -1.389027532892812865E-11, 3.201058768652178532 ) ) ;
#99 = CARTESIAN_POINT ( 'NONE',  ( 5.081189881604800007, 2.104697761953641777, -3.640624999999999556 ) ) ;
#100 = CARTESIAN_POINT ( 'NONE',  ( 2.846614915774973831, -2.846614915774984045, -9.124999999999998224 ) ) ;
#101 = CARTESIAN_POINT ( 'NONE',  ( 0.000000000000000000, -3.469446951953614189E-15, -13.99999999999999822 ) ) ;
#102 = FACE_OUTER_BOUND ( 'NONE', #3689, .T. ) ;
#103 = ORIENTED_EDGE ( 'NONE', *, *, #178, .T. ) ;
#104 = CARTESIAN_POINT ( 'NONE',  ( -4.025721420742514489, 1.667508410807425623, -11.46874999999999822 ) ) ;
#105 = CARTESIAN_POINT ( 'NONE',  ( 5.081189881604800007, -1.004630367520562695E-14, -0.7343749999999988898 ) ) ;
#106 = CARTESIAN_POINT ( 'NONE',  ( 2.846614915774974719, 2.846614915774964505, -7.437499999999999112 ) ) ;
#107 =( BOUNDED_SURFACE ( )  B_SPLINE_SURFACE ( 1, 2, ( 
 ( #1482, #1087, #2313, #231, #2916, #2073, #3509, #2296, #2052, #2623, #3824, #1423, #1787, #3492, #1149, #250, #2374, #803, #2351, #3568, #2604, #3549, #2955, #596, #1890, #2391, #3630, #975, #2149, #3360, #917, #1851, #673, #1564, #1911, #636, #3291, #3071, #1829, #3647, #1872, #1263, #1522, #2447, #382, #2703, #3035, #346, #2746, #3587, #3054, #1604, #6, #1584, #27, #1214, #1191, #2409, #69, #3605, #2764, #931, #3369, #2139, #1593, #1613, #665, #3320, #1550, #2731, #356, #2159, #1900, #57, #2790, #988, #3062, #1251, #106, #2438, #373, #648, #2774, #955, #2495, #904, #1574, #2756, #90, #2195, #3116, #2011, #3431, #408, #1631, #1007, #3474, #2576, #785, #185, #1351, #1392, #2810, #202, #3767, #1408, #3712, #764, #3751, #1370, #1076, #3728, #1042, #741, #127, #3136, #3155, #444, #1057, #2246, #3693, #2825, #2840, #2265, #467, #162, #3175, #1990, #2284, #3390, #1668, #1331, #428, #1688, #2512, #1652, #146, #2532, #1957, #1972, #1936, #2558, #2858, #2214, #701, #3451, #493, #1712, #2877, #1024, #2231, #3410, #721, #2740, #3325, #3268, #1232, #3304, #2068, #1, #1186, #3287, #2950, #2424, #2368, #3857, #1517, #2103, #262, #2994, #2404, #3249, #890, #1556, #1780, #65, #1846, #2085, #3601, #558, #1534, #613, #1207, #1868, #2123, #632, #3626, #299, #2387, #913, #3032, #1476, #341, #1258, #869, #2443, #3012, #318, #2718, #578, #3563, #43, #1804, #590, #2657, #849, #940, #2143, #1166 ),
 ( #2700, #2971, #1824, #275, #3583, #24, #1497, #2682, #2349, #3545, #852, #1785, #3463, #1067, #308, #620, #1893, #554, #1856, #3310, #326, #2131, #1539, #1832, #948, #3346, #1137, #1607, #2725, #3608, #86, #1283, #2707, #922, #3000, #658, #3535, #2432, #977, #2151, #2466, #3018, #48, #675, #1568, #3667, #1241, #1525, #3074, #31, #3648, #3632, #1265, #3331, #2449, #2188, #843, #3037, #72, #638, #3057, #964, #349, #385, #2171, #3833, #1587, #1874, #364, #2766, #3762, #1001, #1384, #776, #2804, #2002, #3743, #1052, #756, #2507, #399, #3443, #119, #2818, #694, #2570, #1983, #2548, #3168, #2225, #483, #2257, #1949, #437, #1323, #3129, #420, #3088, #1033, #3149, #2206, #3403, #3682, #2781, #458, #3704, #1018, #2238, #1069, #1645, #1678, #3108, #1926, #3424, #1662, #715, #2278, #140, #2850, #176, #736, #1344, #2526, #3465, #3722, #99, #157, #2485, #1303, #1363, #3381, #1624, #1965, #2835, #3547, #1442, #1480, #873, #1170, #3796, #1106, #987, #2773, #1630, #3351, #3043, #2789, #1291, #2472, #2755, #1330, #1350, #2213, #372, #720, #427, #105, #2493, #77, #3657, #2194, #2531, #3115, #1592, #1023, #3711, #354, #3368, #682, #392, #1271, #1650, #2175, #1899, #3691, #1917, #2455, #3388, #1934, #1573, #2823, #1041, #2245, #234, #511, #1988, #3198, #2039, #3511, #2874, #1074, #3782, #528, #1369, #3216, #2627, #3153, #740, #1727, #215, #2608, #465, #2263, #3804, #1686, #3472, #3749, #1746, #820 ) ),
 .UNSPECIFIED., .F., .F., .F. ) 
 B_SPLINE_SURFACE_WITH_KNOTS ( ( 2, 2 ),
 ( 3, 2, 2, 2, 2, 2, 2, 2, 2, 2, 2, 2, 2, 2, 2, 2, 2, 2, 2, 2, 2, 2, 2, 2, 2, 2, 2, 2, 2, 2, 2, 2, 2, 2, 2, 2, 2, 2, 2, 2, 2, 2, 2, 2, 2, 2, 2, 2, 2, 2, 2, 2, 2, 2, 2, 2, 2, 2, 2, 2, 2, 2, 2, 2, 2, 2, 2, 2, 2, 2, 2, 2, 2, 2, 2, 2, 2, 2, 2, 2, 2, 2, 2, 2, 2, 2, 2, 2, 2, 2, 2, 2, 2, 2, 2, 2, 2, 2, 2, 2, 2, 2, 2, 2, 3 ),
 ( 0.000000000000000000, 1.000000000000000000 ),
 ( 0.000000000000000000, 0.009615384615384615918, 0.01923076923076923184, 0.02884615384615384776, 0.03846153846153846367, 0.04807692307692307959, 0.05769230769230769551, 0.06730769230769230449, 0.07692307692307692735, 0.08653846153846153633, 0.09615384615384615918, 0.1057692307692307682, 0.1153846153846153910, 0.1250000000000000000, 0.1346153846153846090, 0.1442307692307692180, 0.1538461538461538547, 0.1634615384615384637, 0.1730769230769230727, 0.1826923076923076816, 0.1923076923076923184, 0.2019230769230769273, 0.2115384615384615363, 0.2211538461538461453, 0.2307692307692307820, 0.2403846153846153910, 0.2500000000000000000, 0.2596153846153846367, 0.2692307692307692180, 0.2788461538461538547, 0.2884615384615384359, 0.2980769230769230727, 0.3076923076923077094, 0.3173076923076922906, 0.3269230769230769273, 0.3365384615384615641, 0.3461538461538461453, 0.3557692307692307820, 0.3653846153846153633, 0.3750000000000000000, 0.3846153846153846367, 0.3942307692307692180, 0.4038461538461538547, 0.4134615384615384359, 0.4230769230769230727, 0.4326923076923077094, 0.4423076923076922906, 0.4519230769230769273, 0.4615384615384615641, 0.4711538461538461453, 0.4807692307692307820, 0.4903846153846153633, 0.5000000000000000000, 0.5096153846153845812, 0.5192307692307692735, 0.5288461538461538547, 0.5384615384615384359, 0.5480769230769231282, 0.5576923076923077094, 0.5673076923076922906, 0.5769230769230768718, 0.5865384615384615641, 0.5961538461538461453, 0.6057692307692307265, 0.6153846153846154188, 0.6250000000000000000, 0.6346153846153845812, 0.6442307692307692735, 0.6538461538461538547, 0.6634615384615384359, 0.6730769230769231282, 0.6826923076923077094, 0.6923076923076922906, 0.7019230769230768718, 0.7115384615384615641, 0.7211538461538461453, 0.7307692307692307265, 0.7403846153846154188, 0.7500000000000000000, 0.7596153846153845812, 0.7692307692307692735, 0.7788461538461538547, 0.7884615384615384359, 0.7980769230769231282, 0.8076923076923077094, 0.8173076923076922906, 0.8269230769230768718, 0.8365384615384615641, 0.8461538461538461453, 0.8557692307692307265, 0.8653846153846154188, 0.8750000000000000000, 0.8846153846153845812, 0.8942307692307692735, 0.9038461538461538547, 0.9134615384615384359, 0.9230769230769231282, 0.9326923076923077094, 0.9423076923076922906, 0.9519230769230768718, 0.9615384615384615641, 0.9711538461538461453, 0.9807692307692307265, 0.9903846153846154188, 1.000000000000000000 ),
 .UNSPECIFIED. ) 
 GEOMETRIC_REPRESENTATION_ITEM ( )  RATIONAL_B_SPLINE_SURFACE ( (
 ( 1.000000000000000000, 0.9238795325112867385, 1.000000000000000000, 0.9238795325112867385, 1.000000000000000000, 0.9238795325112867385, 1.000000000000000000, 0.9238795325112867385, 1.000000000000000000, 0.9238795325112867385, 1.000000000000000000, 0.9238795325112867385, 1.000000000000000000, 0.9238795325112867385, 1.000000000000000000, 0.9238795325112867385, 1.000000000000000000, 0.9238795325112867385, 1.000000000000000000, 0.9238795325112867385, 1.000000000000000000, 0.9238795325112867385, 1.000000000000000000, 0.9238795325112867385, 1.000000000000000000, 0.9238795325112867385, 1.000000000000000000, 0.9238795325112867385, 1.000000000000000000, 0.9238795325112867385, 1.000000000000000000, 0.9238795325112867385, 1.000000000000000000, 0.9238795325112867385, 1.000000000000000000, 0.9238795325112867385, 1.000000000000000000, 0.9238795325112867385, 1.000000000000000000, 0.9238795325112867385, 1.000000000000000000, 0.9238795325112867385, 1.000000000000000000, 0.9238795325112867385, 1.000000000000000000, 0.9238795325112867385, 1.000000000000000000, 0.9238795325112867385, 1.000000000000000000, 0.9238795325112867385, 1.000000000000000000, 0.9238795325112867385, 1.000000000000000000, 0.9238795325112867385, 1.000000000000000000, 0.9238795325112867385, 1.000000000000000000, 0.9238795325112867385, 1.000000000000000000, 0.9238795325112867385, 1.000000000000000000, 0.9238795325112867385, 1.000000000000000000, 0.9238795325112867385, 1.000000000000000000, 0.9238795325112867385, 1.000000000000000000, 0.9238795325112867385, 1.000000000000000000, 0.9238795325112867385, 1.000000000000000000, 0.9238795325112867385, 1.000000000000000000, 0.9238795325112867385, 1.000000000000000000, 0.9238795325112867385, 1.000000000000000000, 0.9238795325112867385, 1.000000000000000000, 0.9238795325112867385, 1.000000000000000000, 0.9238795325112867385, 1.000000000000000000, 0.9238795325112867385, 1.000000000000000000, 0.9238795325112867385, 1.000000000000000000, 0.9238795325112867385, 1.000000000000000000, 0.9238795325112867385, 1.000000000000000000, 0.9238795325112867385, 1.000000000000000000, 0.9238795325112867385, 1.000000000000000000, 0.9238795325112867385, 1.000000000000000000, 0.9238795325112867385, 1.000000000000000000, 0.9238795325112867385, 1.000000000000000000, 0.9238795325112867385, 1.000000000000000000, 0.9238795325112867385, 1.000000000000000000, 0.9238795325112867385, 1.000000000000000000, 0.9238795325112867385, 1.000000000000000000, 0.9238795325112867385, 1.000000000000000000, 0.9238795325112867385, 1.000000000000000000, 0.9238795325112867385, 1.000000000000000000, 0.9238795325112867385, 1.000000000000000000, 0.9238795325112867385, 1.000000000000000000, 0.9238795325112867385, 1.000000000000000000, 0.9238795325112867385, 1.000000000000000000, 0.9238795325112867385, 1.000000000000000000, 0.9238795325112867385, 1.000000000000000000, 0.9238795325112867385, 1.000000000000000000, 0.9238795325112867385, 1.000000000000000000, 0.9238795325112867385, 1.000000000000000000, 0.9238795325112867385, 1.000000000000000000, 0.9238795325112867385, 1.000000000000000000, 0.9238795325112867385, 1.000000000000000000, 0.9238795325112867385, 1.000000000000000000, 0.9238795325112867385, 1.000000000000000000, 0.9238795325112867385, 1.000000000000000000, 0.9238795325112867385, 1.000000000000000000, 0.9238795325112867385, 1.000000000000000000, 0.9238795325112867385, 1.000000000000000000, 0.9238795325112867385, 1.000000000000000000, 0.9238795325112867385, 1.000000000000000000, 0.9238795325112867385, 1.000000000000000000, 0.9238795325112867385, 1.000000000000000000, 0.9238795325112867385, 1.000000000000000000, 0.9238795325112867385, 1.000000000000000000, 0.9238795325112867385, 1.000000000000000000, 0.9238795325112867385, 1.000000000000000000, 0.9238795325112867385, 1.000000000000000000, 0.9238795325112867385, 1.000000000000000000, 0.9238795325112867385, 1.000000000000000000, 0.9238795325112867385, 1.000000000000000000, 0.9238795325112867385, 1.000000000000000000, 0.9238795325112867385, 1.000000000000000000, 0.9238795325112867385, 1.000000000000000000, 0.9238795325112867385, 1.000000000000000000, 0.9238795325112867385, 1.000000000000000000, 0.9238795325112867385, 1.000000000000000000, 0.9238795325112867385, 1.000000000000000000, 0.9238795325112867385, 1.000000000000000000, 0.9238795325112867385, 1.000000000000000000, 0.9238795325112867385, 1.000000000000000000, 0.9238795325112867385, 1.000000000000000000, 0.9238795325112867385, 1.000000000000000000, 0.9238795325112867385, 1.000000000000000000, 0.9238795325112867385, 1.000000000000000000, 0.9238795325112867385, 1.000000000000000000, 0.9238795325112867385, 1.000000000000000000, 0.9238795325112867385, 1.000000000000000000),
 ( 1.000000000000000000, 0.9238795325112867385, 1.000000000000000000, 0.9238795325112867385, 1.000000000000000000, 0.9238795325112867385, 1.000000000000000000, 0.9238795325112867385, 1.000000000000000000, 0.9238795325112867385, 1.000000000000000000, 0.9238795325112867385, 1.000000000000000000, 0.9238795325112867385, 1.000000000000000000, 0.9238795325112867385, 1.000000000000000000, 0.9238795325112867385, 1.000000000000000000, 0.9238795325112867385, 1.000000000000000000, 0.9238795325112867385, 1.000000000000000000, 0.9238795325112867385, 1.000000000000000000, 0.9238795325112867385, 1.000000000000000000, 0.9238795325112867385, 1.000000000000000000, 0.9238795325112867385, 1.000000000000000000, 0.9238795325112867385, 1.000000000000000000, 0.9238795325112867385, 1.000000000000000000, 0.9238795325112867385, 1.000000000000000000, 0.9238795325112867385, 1.000000000000000000, 0.9238795325112867385, 1.000000000000000000, 0.9238795325112867385, 1.000000000000000000, 0.9238795325112867385, 1.000000000000000000, 0.9238795325112867385, 1.000000000000000000, 0.9238795325112867385, 1.000000000000000000, 0.9238795325112867385, 1.000000000000000000, 0.9238795325112867385, 1.000000000000000000, 0.9238795325112867385, 1.000000000000000000, 0.9238795325112867385, 1.000000000000000000, 0.9238795325112867385, 1.000000000000000000, 0.9238795325112867385, 1.000000000000000000, 0.9238795325112867385, 1.000000000000000000, 0.9238795325112867385, 1.000000000000000000, 0.9238795325112867385, 1.000000000000000000, 0.9238795325112867385, 1.000000000000000000, 0.9238795325112867385, 1.000000000000000000, 0.9238795325112867385, 1.000000000000000000, 0.9238795325112867385, 1.000000000000000000, 0.9238795325112867385, 1.000000000000000000, 0.9238795325112867385, 1.000000000000000000, 0.9238795325112867385, 1.000000000000000000, 0.9238795325112867385, 1.000000000000000000, 0.9238795325112867385, 1.000000000000000000, 0.9238795325112867385, 1.000000000000000000, 0.9238795325112867385, 1.000000000000000000, 0.9238795325112867385, 1.000000000000000000, 0.9238795325112867385, 1.000000000000000000, 0.9238795325112867385, 1.000000000000000000, 0.9238795325112867385, 1.000000000000000000, 0.9238795325112867385, 1.000000000000000000, 0.9238795325112867385, 1.000000000000000000, 0.9238795325112867385, 1.000000000000000000, 0.9238795325112867385, 1.000000000000000000, 0.9238795325112867385, 1.000000000000000000, 0.9238795325112867385, 1.000000000000000000, 0.9238795325112867385, 1.000000000000000000, 0.9238795325112867385, 1.000000000000000000, 0.9238795325112867385, 1.000000000000000000, 0.9238795325112867385, 1.000000000000000000, 0.9238795325112867385, 1.000000000000000000, 0.9238795325112867385, 1.000000000000000000, 0.9238795325112867385, 1.000000000000000000, 0.9238795325112867385, 1.000000000000000000, 0.9238795325112867385, 1.000000000000000000, 0.9238795325112867385, 1.000000000000000000, 0.9238795325112867385, 1.000000000000000000, 0.9238795325112867385, 1.000000000000000000, 0.9238795325112867385, 1.000000000000000000, 0.9238795325112867385, 1.000000000000000000, 0.9238795325112867385, 1.000000000000000000, 0.9238795325112867385, 1.000000000000000000, 0.9238795325112867385, 1.000000000000000000, 0.9238795325112867385, 1.000000000000000000, 0.9238795325112867385, 1.000000000000000000, 0.9238795325112867385, 1.000000000000000000, 0.9238795325112867385, 1.000000000000000000, 0.9238795325112867385, 1.000000000000000000, 0.9238795325112867385, 1.000000000000000000, 0.9238795325112867385, 1.000000000000000000, 0.9238795325112867385, 1.000000000000000000, 0.9238795325112867385, 1.000000000000000000, 0.9238795325112867385, 1.000000000000000000, 0.9238795325112867385, 1.000000000000000000, 0.9238795325112867385, 1.000000000000000000, 0.9238795325112867385, 1.000000000000000000, 0.9238795325112867385, 1.000000000000000000, 0.9238795325112867385, 1.000000000000000000, 0.9238795325112867385, 1.000000000000000000, 0.9238795325112867385, 1.000000000000000000, 0.9238795325112867385, 1.000000000000000000, 0.9238795325112867385, 1.000000000000000000, 0.9238795325112867385, 1.000000000000000000, 0.9238795325112867385, 1.000000000000000000, 0.9238795325112867385, 1.000000000000000000, 0.9238795325112867385, 1.000000000000000000, 0.9238795325112867385, 1.000000000000000000, 0.9238795325112867385, 1.000000000000000000, 0.9238795325112867385, 1.000000000000000000, 0.9238795325112867385, 1.000000000000000000, 0.9238795325112867385, 1.000000000000000000, 0.9238795325112867385, 1.000000000000000000, 0.9238795325112867385, 1.000000000000000000, 0.9238795325112867385, 1.000000000000000000, 0.9238795325112867385, 1.000000000000000000, 0.9238795325112867385, 1.000000000000000000) ) ) 
 REPRESENTATION_ITEM ( '' )  SURFACE ( )  );
#108 = PRESENTATION_LAYER_ASSIGNMENT (  '', '', ( #1431 ) ) ;
#109 = EDGE_CURVE ( 'NONE', #2325, #738, #2007, .T. ) ;
#110 = CARTESIAN_POINT ( 'NONE',  ( -4.025721420742513601, -1.667508410807443386, 3.906250000000000000 ) ) ;
#111 = DIRECTION ( 'NONE',  ( -0.000000000000000000, -0.000000000000000000, -1.000000000000000000 ) ) ;
#112 = CARTESIAN_POINT ( 'NONE',  ( 3.310315964174433745, 3.122300313690942186, -12.95941883549241602 ) ) ;
#113 = CARTESIAN_POINT ( 'NONE',  ( -0.6531234336233187054, 4.241721163300528730, 13.50504879674872782 ) ) ;
#114 = CARTESIAN_POINT ( 'NONE',  ( -3.673031319800980299, 2.498176532287981200, 13.61376704789060810 ) ) ;
#115 = CARTESIAN_POINT ( 'NONE',  ( -3.733403018248685257, 2.094622459432916806, 1.860074009281827978 ) ) ;
#116 = LINE ( 'NONE', #1319, #2482 ) ;
#117 = VERTEX_POINT ( 'NONE', #1552 ) ;
#118 = CARTESIAN_POINT ( 'NONE',  ( -2.071067811865481278, -5.000000000000022204, 0.3437499999999983902 ) ) ;
#119 = CARTESIAN_POINT ( 'NONE',  ( -3.592943821779224667, 3.592943821779215785, -7.671875000000000000 ) ) ;
#120 = CARTESIAN_POINT ( 'NONE',  ( -4.025721420742514489, -8.866399893941979642E-15, -2.374999999999998668 ) ) ;
#121 = CARTESIAN_POINT ( 'NONE',  ( -4.545912253588365814, -2.395194305436089050E-11, 2.612832317374721658 ) ) ;
#122 = DIRECTION ( 'NONE',  ( -0.000000000000000000, -0.000000000000000000, -1.000000000000000000 ) ) ;
#123 = VERTEX_POINT ( 'NONE', #60 ) ;
#124 = CARTESIAN_POINT ( 'NONE',  ( 4.025721420742514489, -9.852417264376230094E-15, -6.124999999999998224 ) ) ;
#125 = CARTESIAN_POINT ( 'NONE',  ( -4.025721420742513601, 1.667508410807425623, -6.781249999999999112 ) ) ;
#126 = CARTESIAN_POINT ( 'NONE',  ( -1.667508410807434505, 4.025721420742504719, -4.156249999999998224 ) ) ;
#127 = CARTESIAN_POINT ( 'NONE',  ( -2.846614915774974275, 2.846614915774965393, -4.062499999999998224 ) ) ;
#128 = CARTESIAN_POINT ( 'NONE',  ( -5.081189881604800007, -8.801771090332180691E-15, -7.578124999999998224 ) ) ;
#129 = CARTESIAN_POINT ( 'NONE',  ( 4.025721420742512713, -1.667508410807445607, -0.03124999999999829303 ) ) ;
#130 = LINE ( 'NONE', #3097, #3548 ) ;
#131 = CARTESIAN_POINT ( 'NONE',  ( 1.667508410807436947, 4.025721420742503831, -2.656249999999999112 ) ) ;
#132 = EDGE_CURVE ( 'NONE', #23, #1404, #2004, .T. ) ;
#133 = DIRECTION ( 'NONE',  ( -1.000000000000000000, 0.000000000000000000, 0.000000000000000000 ) ) ;
#134 = ORIENTED_EDGE ( 'NONE', *, *, #3864, .F. ) ;
#135 = CARTESIAN_POINT ( 'NONE',  ( -2.648108585872667398, 3.328742324437360622, 1.785062653037390090 ) ) ;
#136 = CARTESIAN_POINT ( 'NONE',  ( -0.06877370803907040253, -4.025133927524370492, 1.183619750323456010 ) ) ;
#137 = CARTESIAN_POINT ( 'NONE',  ( -5.081189881604800007, -2.104697761953658652, -10.48437500000000000 ) ) ;
#138 = CARTESIAN_POINT ( 'NONE',  ( 4.149923586981426382, 2.716480879248511116, 3.738747306691811101 ) ) ;
#139 = ADVANCED_BREP_SHAPE_REPRESENTATION ( '91292A046_18-8 Stainless Steel Socket Head Screw_91292A046', ( #1190, #2557 ), #3107 ) ;
#140 = CARTESIAN_POINT ( 'NONE',  ( -5.081189881604800007, -2.104697761953658652, -4.390624999999999112 ) ) ;
#141 = CARTESIAN_POINT ( 'NONE',  ( 2.846614915774974719, 2.846614915774964505, -8.749999999999998224 ) ) ;
#142 = CARTESIAN_POINT ( 'NONE',  ( 0.2177409144443132605, 4.648919431474933361, 2.882337642361493479 ) ) ;
#143 = ORIENTED_EDGE ( 'NONE', *, *, #3784, .T. ) ;
#144 = ORIENTED_EDGE ( 'NONE', *, *, #3020, .T. ) ;
#145 = CARTESIAN_POINT ( 'NONE',  ( 4.025721420742514489, -9.852417264376230094E-15, -7.624999999999999112 ) ) ;
#146 = CARTESIAN_POINT ( 'NONE',  ( -4.930086852171255217E-16, -4.025721420742523371, -1.999999999999998224 ) ) ;
#147 = ADVANCED_FACE ( 'NONE', ( #684, #2197 ), #78, .T. ) ;
#148 = CARTESIAN_POINT ( 'NONE',  ( 4.025721420742512713, 1.667508410807426289, 1.656250000000001554 ) ) ;
#149 = CYLINDRICAL_SURFACE ( 'NONE', #3352, 8.000000000000001776 ) ;
#150 = LINE ( 'NONE', #1275, #352 ) ;
#151 = VERTEX_POINT ( 'NONE', #1938 ) ;
#152 = DIRECTION ( 'NONE',  ( 1.000000000000000000, 0.000000000000000000, 0.000000000000000000 ) ) ;
#153 = CARTESIAN_POINT ( 'NONE',  ( 0.000000000000000000, 4.025721420742504719, 0.2500000000000002220 ) ) ;
#154 = ORIENTED_EDGE ( 'NONE', *, *, #1811, .F. ) ;
#155 = ORIENTED_EDGE ( 'NONE', *, *, #3445, .T. ) ;
#156 = CARTESIAN_POINT ( 'NONE',  ( 5.000000000000012434, -1.003138933591105784E-14, 3.812499999999998224 ) ) ;
#157 = CARTESIAN_POINT ( 'NONE',  ( 3.592943821779225555, 3.592943821779214897, -3.546874999999999556 ) ) ;
#158 = CARTESIAN_POINT ( 'NONE',  ( -1.667508410807434505, 4.025721420742504719, -14.65624999999999822 ) ) ;
#159 = CARTESIAN_POINT ( 'NONE',  ( -0.4238676102403580725, 4.372095861511713366, 2.166108387494334764 ) ) ;
#160 = LINE ( 'NONE', #2871, #2675 ) ;
#161 = CARTESIAN_POINT ( 'NONE',  ( 4.025721420742513601, 1.667508410807426067, -10.53124999999999822 ) ) ;
#162 = CARTESIAN_POINT ( 'NONE',  ( 4.025721420742512713, 1.667508410807426289, -3.031249999999999556 ) ) ;
#163 = CARTESIAN_POINT ( 'NONE',  ( 1.667508410807433616, -4.025721420742524259, 2.781250000000002665 ) ) ;
#164 = CARTESIAN_POINT ( 'NONE',  ( 5.000000000000012434, -1.003138933591105784E-14, -0.8749999999999972244 ) ) ;
#165 = EDGE_CURVE ( 'NONE', #42, #1360, #130, .T. ) ;
#166 = CARTESIAN_POINT ( 'NONE',  ( 4.025721420742513601, -1.667508410807445607, -6.031249999999998224 ) ) ;
#167 = VECTOR ( 'NONE', #111, 1000.000000000000000 ) ;
#168 = DIRECTION ( 'NONE',  ( -1.000000000000000000, 0.000000000000000000, 0.000000000000000000 ) ) ;
#169 = MECHANICAL_DESIGN_GEOMETRIC_PRESENTATION_REPRESENTATION (  '', ( #1431 ), #281 ) ;
#170 = CARTESIAN_POINT ( 'NONE',  ( -2.071067811865480390, 5.000000000000003553, -7.718750000000001776 ) ) ;
#171 = CIRCLE ( 'NONE', #285, 5.000000000000007105 ) ;
#172 = VERTEX_POINT ( 'NONE', #1026 ) ;
#173 = EDGE_LOOP ( 'NONE', ( #1479, #1835 ) ) ;
#174 = CARTESIAN_POINT ( 'NONE',  ( 4.025721420742512713, -1.667508410807445607, -12.03124999999999822 ) ) ;
#175 = FACE_OUTER_BOUND ( 'NONE', #1674, .T. ) ;
#176 = CARTESIAN_POINT ( 'NONE',  ( -2.104697761953650215, -5.081189881604809777, -4.203125000000000888 ) ) ;
#177 = CARTESIAN_POINT ( 'NONE',  ( -1.667508410807434949, -4.025721420742524259, -12.59375000000000000 ) ) ;
#178 = EDGE_CURVE ( 'NONE', #679, #123, #2385, .T. ) ;
#179 = EDGE_CURVE ( 'NONE', #3384, #3092, #220, .T. ) ;
#180 = CARTESIAN_POINT ( 'NONE',  ( 2.071067811865483943, 5.000000000000000888, -6.406250000000000888 ) ) ;
#181 = EDGE_LOOP ( 'NONE', ( #1464, #2630, #2489, #1123 ) ) ;
#182 = CARTESIAN_POINT ( 'NONE',  ( -4.930086852171255217E-16, -4.025721420742523371, -3.499999999999999556 ) ) ;
#183 = CARTESIAN_POINT ( 'NONE',  ( 0.000000000000000000, 4.025721420742504719, -14.56249999999999822 ) ) ;
#184 = CARTESIAN_POINT ( 'NONE',  ( 1.667508410807436947, 4.025721420742503831, 4.656250000000000000 ) ) ;
#185 = CARTESIAN_POINT ( 'NONE',  ( -4.025721420742513601, 1.667508410807425623, -5.468749999999999112 ) ) ;
#186 = CARTESIAN_POINT ( 'NONE',  ( -2.104697761953649326, 5.081189881604790237, 4.140625000000000000 ) ) ;
#187 = CARTESIAN_POINT ( 'NONE',  ( -2.846614915774974275, -2.846614915774983157, 2.500000000000002220 ) ) ;
#188 = DIRECTION ( 'NONE',  ( -0.000000000000000000, -0.000000000000000000, 1.000000000000000000 ) ) ;
#189 = CARTESIAN_POINT ( 'NONE',  ( 4.025721420742514489, -9.852417264376230094E-15, -4.437499999999999112 ) ) ;
#190 = CYLINDRICAL_SURFACE ( 'NONE', #3552, 5.000000000000006217 ) ;
#191 = CARTESIAN_POINT ( 'NONE',  ( -5.000000000000012434, -8.806742536763703202E-15, -2.937500000000000888 ) ) ;
#192 = VERTEX_POINT ( 'NONE', #745 ) ;
#193 = CARTESIAN_POINT ( 'NONE',  ( -4.025721420742514489, -8.866399893941979642E-15, -6.687499999999999112 ) ) ;
#194 = CARTESIAN_POINT ( 'NONE',  ( 2.846614915774974719, 2.846614915774964505, -8.749999999999998224 ) ) ;
#195 = DIRECTION ( 'NONE',  ( 0.000000000000000000, 0.000000000000000000, -1.000000000000000000 ) ) ;
#196 = CARTESIAN_POINT ( 'NONE',  ( 5.050799999999994405, -9.725842854191581423E-15, 4.000000000000000000 ) ) ;
#197 = CARTESIAN_POINT ( 'NONE',  ( -4.025721420742513601, -1.667508410807443386, 2.406250000000001776 ) ) ;
#198 = CARTESIAN_POINT ( 'NONE',  ( 2.071067811865479502, -5.000000000000023093, -1.156249999999995559 ) ) ;
#199 = ORIENTED_EDGE ( 'NONE', *, *, #1741, .T. ) ;
#200 = CARTESIAN_POINT ( 'NONE',  ( -2.846614915774974275, -2.846614915774983157, -5.187499999999999112 ) ) ;
#201 = CARTESIAN_POINT ( 'NONE',  ( -2.846614915774974275, 2.846614915774965393, -14.37499999999999822 ) ) ;
#202 = CARTESIAN_POINT ( 'NONE',  ( -1.667508410807434949, -4.025721420742524259, -5.093749999999999112 ) ) ;
#203 = DIRECTION ( 'NONE',  ( -1.000000000000000000, 0.000000000000000000, 0.000000000000000000 ) ) ;
#204 = CARTESIAN_POINT ( 'NONE',  ( -5.000000000000012434, 2.071067811865471953, -0.03125000000000189432 ) ) ;
#205 = CYLINDRICAL_SURFACE ( 'NONE', #2983, 5.000000000000006217 ) ;
#206 = FACE_OUTER_BOUND ( 'NONE', #2288, .T. ) ;
#207 = DIRECTION ( 'NONE',  ( -1.000000000000000000, 0.000000000000000000, 0.000000000000000000 ) ) ;
#208 = CARTESIAN_POINT ( 'NONE',  ( -2.846614915774974275, -2.846614915774983157, -9.499999999999998224 ) ) ;
#209 = DIRECTION ( 'NONE',  ( -0.000000000000000000, -0.000000000000000000, -1.000000000000000000 ) ) ;
#210 = CARTESIAN_POINT ( 'NONE',  ( 3.845266242843917048, -1.329251148063897769, 1.276453561094649913 ) ) ;
#211 = CARTESIAN_POINT ( 'NONE',  ( 1.667508410807436947, 4.025721420742503831, 1.843750000000001554 ) ) ;
#212 = CARTESIAN_POINT ( 'NONE',  ( 2.104697761953648882, -5.081189881604811553, -13.10937499999999822 ) ) ;
#213 = CARTESIAN_POINT ( 'NONE',  ( 0.000000000000000000, 5.081189881604791125, -10.95312499999999822 ) ) ;
#214 = CARTESIAN_POINT ( 'NONE',  ( 4.025721420742513601, -1.667508410807445607, -4.718749999999999112 ) ) ;
#215 = CARTESIAN_POINT ( 'NONE',  ( -2.104697761953650215, -5.081189881604809777, 3.296874999999999112 ) ) ;
#216 = CARTESIAN_POINT ( 'NONE',  ( 5.000000000000012434, -1.003138933591105784E-14, -8.374999999999996447 ) ) ;
#217 = CARTESIAN_POINT ( 'NONE',  ( 0.000000000000000000, 5.000000000000002665, -4.812500000000000888 ) ) ;
#218 = DIRECTION ( 'NONE',  ( 0.8660254037844387076, -0.4999999999999999445, 0.000000000000000000 ) ) ;
#219 = CARTESIAN_POINT ( 'NONE',  ( 5.000000000000012434, 2.071067811865472841, -9.593750000000003553 ) ) ;
#220 = B_SPLINE_CURVE_WITH_KNOTS ( 'NONE', 3,
 ( #1353, #2514, #2827, #1959, #3696, #1919 ),
 .UNSPECIFIED., .F., .F.,
 ( 4, 2, 4 ),
 ( 0.004034411251402880184, 0.005202116143593734678, 0.006369821035784589171 ),
 .UNSPECIFIED. ) ;
#221 = ORIENTED_EDGE ( 'NONE', *, *, #1585, .F. ) ;
#222 = LINE ( 'NONE', #2032, #3735 ) ;
#223 = AXIS2_PLACEMENT_3D ( 'NONE', #789, #3453, #2595 ) ;
#224 = CARTESIAN_POINT ( 'NONE',  ( -2.846614915774974275, 2.846614915774965393, -11.37500000000000000 ) ) ;
#225 = CARTESIAN_POINT ( 'NONE',  ( -1.667508410807434505, 4.025721420742504719, -11.46874999999999822 ) ) ;
#226 = LINE ( 'NONE', #2035, #350 ) ;
#227 = ORIENTED_EDGE ( 'NONE', *, *, #666, .F. ) ;
#228 = CARTESIAN_POINT ( 'NONE',  ( 2.071067811865483943, 5.000000000000000888, 2.593750000000000444 ) ) ;
#229 = AXIS2_PLACEMENT_3D ( 'NONE', #1403, #2297, #1387 ) ;
#230 = CARTESIAN_POINT ( 'NONE',  ( 1.667508410807433616, -4.025721420742524259, -13.90624999999999822 ) ) ;
#231 = CARTESIAN_POINT ( 'NONE',  ( -4.025721420742513601, 1.667508410807425623, -14.46875000000000178 ) ) ;
#232 = CIRCLE ( 'NONE', #1244, 8.000000000000003553 ) ;
#233 = CARTESIAN_POINT ( 'NONE',  ( -4.930086852171255217E-16, -4.025721420742523371, -4.999999999999999112 ) ) ;
#234 = CARTESIAN_POINT ( 'NONE',  ( -2.104697761953650215, -5.081189881604809777, 1.796875000000001554 ) ) ;
#235 = CARTESIAN_POINT ( 'NONE',  ( 4.025721420742512713, -1.667508410807445607, 4.281250000000000888 ) ) ;
#236 = DIRECTION ( 'NONE',  ( -1.000000000000000000, 0.000000000000000000, 0.000000000000000000 ) ) ;
#237 = ORIENTED_EDGE ( 'NONE', *, *, #3700, .F. ) ;
#238 = CARTESIAN_POINT ( 'NONE',  ( 5.081189881604800007, -1.004630367520562695E-14, 3.671875000000003109 ) ) ;
#239 = CARTESIAN_POINT ( 'NONE',  ( -2.071067811865480390, 5.000000000000003553, -12.21875000000000178 ) ) ;
#240 = CARTESIAN_POINT ( 'NONE',  ( 0.000000000000000000, -3.469446951953614189E-15, -13.99999999999999822 ) ) ;
#241 = CARTESIAN_POINT ( 'NONE',  ( 2.071067811865483943, 5.000000000000000888, -9.406250000000000000 ) ) ;
#242 = DIRECTION ( 'NONE',  ( -1.000000000000000000, 0.000000000000000000, 0.000000000000000000 ) ) ;
#243 = EDGE_CURVE ( 'NONE', #404, #2847, #991, .T. ) ;
#244 = ORIENTED_EDGE ( 'NONE', *, *, #40, .F. ) ;
#245 = CARTESIAN_POINT ( 'NONE',  ( 0.000000000000000000, 4.025721420742504719, -8.562499999999998224 ) ) ;
#246 = CARTESIAN_POINT ( 'NONE',  ( -4.025721420742513601, -1.667508410807443386, -3.593749999999997780 ) ) ;
#247 = CARTESIAN_POINT ( 'NONE',  ( -5.000000000000012434, -2.071067811865489716, -12.03124999999999822 ) ) ;
#248 = VERTEX_POINT ( 'NONE', #1615 ) ;
#249 = CARTESIAN_POINT ( 'NONE',  ( 5.000000000000012434, -1.003138933591105784E-14, -3.687500000000001332 ) ) ;
#250 = CARTESIAN_POINT ( 'NONE',  ( 1.667508410807436947, 4.025721420742503831, -13.34375000000000178 ) ) ;
#251 = CARTESIAN_POINT ( 'NONE',  ( -4.025721420742514489, -8.866399893941979642E-15, -5.375000000000000000 ) ) ;
#252 = CARTESIAN_POINT ( 'NONE',  ( 4.025721420742514489, -9.852417264376230094E-15, 2.875000000000002665 ) ) ;
#253 = FACE_OUTER_BOUND ( 'NONE', #1622, .T. ) ;
#254 = ORIENTED_EDGE ( 'NONE', *, *, #836, .F. ) ;
#255 = CARTESIAN_POINT ( 'NONE',  ( 2.104697761953648882, -5.081189881604811553, 0.3906250000000020539 ) ) ;
#256 = CARTESIAN_POINT ( 'NONE',  ( 5.000000000000021316, 2.071067811865463515, -5.093750000000000888 ) ) ;
#257 = CARTESIAN_POINT ( 'NONE',  ( 2.846614915774973831, -2.846614915774984045, -7.812499999999999112 ) ) ;
#258 = EDGE_CURVE ( 'NONE', #2342, #3537, #2705, .T. ) ;
#259 = EDGE_LOOP ( 'NONE', ( #1559, #3144, #887, #227, #561, #3126, #1905 ) ) ;
#260 = DIRECTION ( 'NONE',  ( 0.000000000000000000, 0.000000000000000000, 1.000000000000000000 ) ) ;
#261 = ORIENTED_EDGE ( 'NONE', *, *, #2535, .T. ) ;
#262 = CARTESIAN_POINT ( 'NONE',  ( -4.930086852171255217E-16, -4.025721420742523371, 1.000000000000000888 ) ) ;
#263 = CARTESIAN_POINT ( 'NONE',  ( -4.025721420742513601, -1.667508410807443386, -5.093749999999999112 ) ) ;
#264 = CARTESIAN_POINT ( 'NONE',  ( -4.500900449184515040, -0.7727858421828848190, 2.663002995628739988 ) ) ;
#265 = ORIENTED_EDGE ( 'NONE', *, *, #3004, .F. ) ;
#266 = DIRECTION ( 'NONE',  ( -0.000000000000000000, -0.000000000000000000, -1.000000000000000000 ) ) ;
#267 = CARTESIAN_POINT ( 'NONE',  ( 5.000000000000001776, 2.071067811865481723, -6.781249999999995559 ) ) ;
#268 = CARTESIAN_POINT ( 'NONE',  ( -3.999999999999999112, 1.557647712637308057, 13.52517192463809437 ) ) ;
#269 = CARTESIAN_POINT ( 'NONE',  ( 0.000000000000000000, 4.025721420742504719, -5.562499999999998224 ) ) ;
#270 = CARTESIAN_POINT ( 'NONE',  ( 0.000000000000000000, -9.107298248878237246E-15, 4.000000000000000000 ) ) ;
#271 = FACE_OUTER_BOUND ( 'NONE', #1328, .T. ) ;
#272 = CARTESIAN_POINT ( 'NONE',  ( 1.667508410807433616, -4.025721420742524259, -9.406249999999998224 ) ) ;
#273 = CARTESIAN_POINT ( 'NONE',  ( -3.535533905932746190, 3.535533905932737309, -10.81249999999999645 ) ) ;
#274 = CARTESIAN_POINT ( 'NONE',  ( -4.025721420742514489, 1.667508410807425623, -11.28125000000000000 ) ) ;
#276 = VECTOR ( 'NONE', #218, 999.9999999999998863 ) ;
#275 = CARTESIAN_POINT ( 'NONE',  ( -5.081189881604800007, 2.104697761953640445, -15.07812500000000178 ) ) ;
#277 = CARTESIAN_POINT ( 'NONE',  ( 4.025721420742512713, -1.667508410807445607, -4.531249999999998224 ) ) ;
#278 = CARTESIAN_POINT ( 'NONE',  ( -5.081189881604800007, 2.104697761953640445, -9.171875000000000000 ) ) ;
#279 = CARTESIAN_POINT ( 'NONE',  ( 2.785118654769108026, -3.508364040718976895, 2.404623770754782619 ) ) ;
#280 = ORIENTED_EDGE ( 'NONE', *, *, #2106, .F. ) ;
#281 =( GEOMETRIC_REPRESENTATION_CONTEXT ( 3 ) GLOBAL_UNCERTAINTY_ASSIGNED_CONTEXT ( ( #1269 ) ) GLOBAL_UNIT_ASSIGNED_CONTEXT ( ( #1061, #3516, #3456 ) ) REPRESENTATION_CONTEXT ( 'NONE', 'WORKASPACE' ) );
#282 = CARTESIAN_POINT ( 'NONE',  ( 3.259042460730133151, 2.363276369065447469, -13.47427857925744377 ) ) ;
#283 = CARTESIAN_POINT ( 'NONE',  ( -3.999999999999997335, -1.549370514577011804, 13.52343127590237870 ) ) ;
#284 = CARTESIAN_POINT ( 'NONE',  ( -2.846614915774974275, -2.846614915774983157, 0.8125000000000006661 ) ) ;
#285 = AXIS2_PLACEMENT_3D ( 'NONE', #594, #2974, #2126 ) ;
#286 = CARTESIAN_POINT ( 'NONE',  ( -1.667508410807434505, 4.025721420742504719, -2.656249999999998668 ) ) ;
#287 = CARTESIAN_POINT ( 'NONE',  ( -2.846614915774974275, 2.846614915774965393, -0.8749999999999990008 ) ) ;
#288 = ADVANCED_FACE ( 'NONE', ( #92 ), #149, .T. ) ;
#289 = CARTESIAN_POINT ( 'NONE',  ( -5.000000000000012434, 2.071067811865471953, -10.53125000000000000 ) ) ;
#290 = CARTESIAN_POINT ( 'NONE',  ( -2.846614915774974275, -2.846614915774983157, -0.4999999999999987232 ) ) ;
#291 = VERTEX_POINT ( 'NONE', #1975 ) ;
#292 = CARTESIAN_POINT ( 'NONE',  ( 4.848239592080249238, -0.6196308321651952111, 3.525269895152538524 ) ) ;
#293 = CARTESIAN_POINT ( 'NONE',  ( -0.4223455592073621645, -4.620816155300992989, -12.86979847572242797 ) ) ;
#294 = CARTESIAN_POINT ( 'NONE',  ( -5.000000000000012434, -8.806742536763703202E-15, -5.937500000000001776 ) ) ;
#295 = CARTESIAN_POINT ( 'NONE',  ( -2.846614915774974275, -2.846614915774983157, 1.000000000000000888 ) ) ;
#296 = CARTESIAN_POINT ( 'NONE',  ( -2.846614915774974275, 2.846614915774965393, -5.562500000000000000 ) ) ;
#297 = CARTESIAN_POINT ( 'NONE',  ( -5.000000000000031086, 2.071067811865453745, -3.218749999999995115 ) ) ;
#298 = ORIENTED_EDGE ( 'NONE', *, *, #109, .F. ) ;
#299 = CARTESIAN_POINT ( 'NONE',  ( 4.025721420742512713, -1.667508410807445607, 2.781250000000002665 ) ) ;
#300 = CARTESIAN_POINT ( 'NONE',  ( -1.667508410807434949, -4.025721420742524259, -4.906249999999999112 ) ) ;
#301 = CARTESIAN_POINT ( 'NONE',  ( 3.417989530036578127, -2.915956403132329289, 2.441255618550948636 ) ) ;
#302 = ORIENTED_EDGE ( 'NONE', *, *, #582, .F. ) ;
#303 = PRODUCT_CONTEXT ( 'NONE', #1335, 'mechanical' ) ;
#304 = CARTESIAN_POINT ( 'NONE',  ( 4.895764368345703055, 1.015623576743225565, 3.860428147091755413 ) ) ;
#305 = FACE_OUTER_BOUND ( 'NONE', #609, .T. ) ;
#306 = CARTESIAN_POINT ( 'NONE',  ( 4.025721420742512713, -1.667508410807445607, -7.531249999999999112 ) ) ;
#307 = CARTESIAN_POINT ( 'NONE',  ( 3.999999999999997335, 1.557647712637308945, 13.52517192463809614 ) ) ;
#308 = CARTESIAN_POINT ( 'NONE',  ( 3.592943821779225555, 3.592943821779214897, -14.04687500000000000 ) ) ;
#309 = CARTESIAN_POINT ( 'NONE',  ( -4.025721420742514489, -8.866399893941979642E-15, -3.687499999999998224 ) ) ;
#310 = CARTESIAN_POINT ( 'NONE',  ( 5.000000000000012434, -1.003138933591105784E-14, -9.687500000000001776 ) ) ;
#311 = DIRECTION ( 'NONE',  ( -0.000000000000000000, -0.000000000000000000, -1.000000000000000000 ) ) ;
#312 = DIRECTION ( 'NONE',  ( -0.000000000000000000, -0.000000000000000000, -1.000000000000000000 ) ) ;
#313 = CARTESIAN_POINT ( 'NONE',  ( -2.104697761953649326, 5.081189881604790237, -4.859374999999999112 ) ) ;
#314 = CARTESIAN_POINT ( 'NONE',  ( 4.025721420742512713, 1.667508410807426289, -9.031250000000000000 ) ) ;
#315 = CARTESIAN_POINT ( 'NONE',  ( 5.000000000000012434, -1.003138933591105784E-14, -0.6875000000000006661 ) ) ;
#316 = CARTESIAN_POINT ( 'NONE',  ( 4.025721420742513601, 1.667508410807426067, -7.343749999999999112 ) ) ;
#317 = CARTESIAN_POINT ( 'NONE',  ( 4.025721420742512713, -1.667508410807445607, -10.71874999999999645 ) ) ;
#318 = CARTESIAN_POINT ( 'NONE',  ( -4.025721420742513601, -1.667508410807443386, 3.718750000000000000 ) ) ;
#319 = CARTESIAN_POINT ( 'NONE',  ( 0.6679152239677350611, -4.391178358910884150, 2.300328382252787129 ) ) ;
#320 = ORIENTED_EDGE ( 'NONE', *, *, #3821, .T. ) ;
#321 = DIRECTION ( 'NONE',  ( 0.000000000000000000, 0.000000000000000000, 1.000000000000000000 ) ) ;
#322 = B_SPLINE_CURVE_WITH_KNOTS ( 'NONE', 3,
 ( #136, #3438, #3718, #1100, #1416, #752 ),
 .UNSPECIFIED., .F., .F.,
 ( 4, 2, 4 ),
 ( 3.208217994246107979E-16, 0.001587719991367904024, 0.003175439982735486256 ),
 .UNSPECIFIED. ) ;
#323 = DIRECTION ( 'NONE',  ( -0.000000000000000000, -0.000000000000000000, 1.000000000000000000 ) ) ;
#324 = ORIENTED_EDGE ( 'NONE', *, *, #2673, .T. ) ;
#325 = CARTESIAN_POINT ( 'NONE',  ( 3.999999999999998224, 1.936023883256136724, 13.61497189636847871 ) ) ;
#326 = CARTESIAN_POINT ( 'NONE',  ( -5.081189881604800007, -8.801771090332180691E-15, -13.48437500000000000 ) ) ;
#327 = EDGE_CURVE ( 'NONE', #2545, #151, #2127, .T. ) ;
#328 = CARTESIAN_POINT ( 'NONE',  ( 2.846614915774974719, 2.846614915774964505, -4.249999999999998224 ) ) ;
#329 = CARTESIAN_POINT ( 'NONE',  ( -2.846614915774974275, 2.846614915774965393, -9.874999999999998224 ) ) ;
#330 = FACE_OUTER_BOUND ( 'NONE', #3612, .T. ) ;
#331 = ORIENTED_EDGE ( 'NONE', *, *, #2993, .T. ) ;
#332 = CARTESIAN_POINT ( 'NONE',  ( 2.224340716531327811, -4.233347695894660312, 3.234592264194954048 ) ) ;
#333 = CARTESIAN_POINT ( 'NONE',  ( 4.025721420742513601, 1.667508410807426067, -12.03124999999999822 ) ) ;
#334 = CARTESIAN_POINT ( 'NONE',  ( -6.123233995736780087E-16, -5.000000000000022204, -8.562500000000000000 ) ) ;
#335 = CARTESIAN_POINT ( 'NONE',  ( 0.000000000000000000, 5.081189881604791125, -4.953124999999997335 ) ) ;
#336 = CARTESIAN_POINT ( 'NONE',  ( 2.846614915774973831, -2.846614915774984045, -9.312499999999998224 ) ) ;
#337 = CARTESIAN_POINT ( 'NONE',  ( -2.071067811865481278, -5.000000000000022204, -1.156250000000001332 ) ) ;
#338 = ADVANCED_FACE ( 'NONE', ( #358 ), #667, .F. ) ;
#339 = DIRECTION ( 'NONE',  ( 1.000000000000000000, 0.000000000000000000, -0.000000000000000000 ) ) ;
#340 = CARTESIAN_POINT ( 'NONE',  ( -4.025721420742514489, -1.667508410807443164, 0.9062500000000007772 ) ) ;
#341 = CARTESIAN_POINT ( 'NONE',  ( 0.000000000000000000, 4.025721420742504719, 3.250000000000002665 ) ) ;
#342 = CARTESIAN_POINT ( 'NONE',  ( 4.497285253689282669, -0.5811103814673936885, 2.556808311725982996 ) ) ;
#343 = ORIENTED_EDGE ( 'NONE', *, *, #3521, .T. ) ;
#344 = CARTESIAN_POINT ( 'NONE',  ( 0.000000000000000000, 0.000000000000000000, 0.000000000000000000 ) ) ;
#345 = CARTESIAN_POINT ( 'NONE',  ( 4.881129763209997918, 1.390114890936764854E-11, -12.61887023679000919 ) ) ;
#346 = CARTESIAN_POINT ( 'NONE',  ( 1.667508410807436947, 4.025721420742503831, -10.34374999999999822 ) ) ;
#347 = ORIENTED_EDGE ( 'NONE', *, *, #3500, .F. ) ;
#348 = CARTESIAN_POINT ( 'NONE',  ( -3.535533905932746190, -3.535533905932755072, 3.249999999999997780 ) ) ;
#349 = CARTESIAN_POINT ( 'NONE',  ( 3.592943821779225555, 3.592943821779214897, -9.546875000000000000 ) ) ;
#350 = VECTOR ( 'NONE', #1104, 1000.000000000000000 ) ;
#351 = CARTESIAN_POINT ( 'NONE',  ( -1.204679616672022391, 4.041459187796484720, -13.28863234539216975 ) ) ;
#352 = VECTOR ( 'NONE', #1296, 1000.000000000000000 ) ;
#353 = CARTESIAN_POINT ( 'NONE',  ( 2.244846412761648313, -4.161547339081641539, -12.78130920833085860 ) ) ;
#354 = CARTESIAN_POINT ( 'NONE',  ( -3.592943821779224667, -3.592943821779233549, 0.2031250000000001665 ) ) ;
#355 = AXIS2_PLACEMENT_3D ( 'NONE', #3110, #2819, #1706 ) ;
#356 = CARTESIAN_POINT ( 'NONE',  ( -2.846614915774974275, -2.846614915774983157, -8.187500000000000000 ) ) ;
#357 = VECTOR ( 'NONE', #853, 1000.000000000000000 ) ;
#358 = FACE_OUTER_BOUND ( 'NONE', #2180, .T. ) ;
#359 = CARTESIAN_POINT ( 'NONE',  ( 0.000000000000000000, 5.000000000000002665, -9.499999999999996447 ) ) ;
#360 = CARTESIAN_POINT ( 'NONE',  ( 3.999999999999998224, -2.309401076758501148, 8.999999999999998224 ) ) ;
#361 = ORIENTED_EDGE ( 'NONE', *, *, #2331, .F. ) ;
#362 = CARTESIAN_POINT ( 'NONE',  ( -3.999999999999998224, 4.898587164242653601E-16, 13.36549101804925144 ) ) ;
#363 = DIRECTION ( 'NONE',  ( -0.000000000000000000, -0.000000000000000000, -1.000000000000000000 ) ) ;
#364 = CARTESIAN_POINT ( 'NONE',  ( -5.081189881604800007, -8.801771090332180691E-15, -8.984375000000000000 ) ) ;
#365 = CARTESIAN_POINT ( 'NONE',  ( 1.667508410807433616, -4.025721420742524259, -1.906249999999998668 ) ) ;
#366 = CARTESIAN_POINT ( 'NONE',  ( 2.846614915774974719, 2.846614915774964505, -10.24999999999999822 ) ) ;
#367 = ORIENTED_EDGE ( 'NONE', *, *, #2954, .T. ) ;
#368 = CARTESIAN_POINT ( 'NONE',  ( 0.000000000000000000, 5.081189881604791125, 1.046875000000000888 ) ) ;
#369 = CARTESIAN_POINT ( 'NONE',  ( 3.592943821779225555, 3.592943821779214897, -6.640624999999998224 ) ) ;
#370 = CARTESIAN_POINT ( 'NONE',  ( 3.877914173929423836, -2.820447968435087382, -12.71469245589524810 ) ) ;
#371 = CARTESIAN_POINT ( 'NONE',  ( -5.081189881604800007, -2.104697761953658652, -5.984374999999999112 ) ) ;
#372 = CARTESIAN_POINT ( 'NONE',  ( 2.104697761953648882, -5.081189881604811553, -1.015624999999999334 ) ) ;
#373 = CARTESIAN_POINT ( 'NONE',  ( 0.000000000000000000, 4.025721420742504719, -7.249999999999999112 ) ) ;
#374 = CARTESIAN_POINT ( 'NONE',  ( -4.025721420742514489, -8.866399893941979642E-15, -5.187499999999999112 ) ) ;
#375 = DIRECTION ( 'NONE',  ( 0.000000000000000000, 0.000000000000000000, 1.000000000000000000 ) ) ;
#376 = CARTESIAN_POINT ( 'NONE',  ( -2.846614915774974275, 2.846614915774965393, -6.874999999999999112 ) ) ;
#377 = DIRECTION ( 'NONE',  ( -0.000000000000000000, -0.000000000000000000, -1.000000000000000000 ) ) ;
#378 = ORIENTED_EDGE ( 'NONE', *, *, #109, .T. ) ;
#379 =( BOUNDED_CURVE ( )  B_SPLINE_CURVE ( 2, ( #924, #3382, #2240, #2870, #3090, #198, #3151, #3406, #1054 ),
 .UNSPECIFIED., .F., .F. ) 
 B_SPLINE_CURVE_WITH_KNOTS ( ( 3, 2, 2, 2, 3 ),
 ( 0.6346153846153846922, 0.6442307692307693845, 0.6538461538461539657, 0.6634615384615384359, 0.6730769230769231282 ),
 .UNSPECIFIED. ) 
 CURVE ( )  GEOMETRIC_REPRESENTATION_ITEM ( )  RATIONAL_B_SPLINE_CURVE ( ( 0.9999999999999991118, 0.9238795325112876267, 1.000000000000000000, 0.9238795325112867385, 1.000000000000000000, 0.9238795325112867385, 1.000000000000000000, 0.9238795325112867385, 1.000000000000000000 ) ) 
 REPRESENTATION_ITEM ( '' )  );
#380 = CARTESIAN_POINT ( 'NONE',  ( 0.000000000000000000, 5.000000000000002665, 1.000000000000002887 ) ) ;
#381 = ORIENTED_EDGE ( 'NONE', *, *, #3567, .F. ) ;
#382 = CARTESIAN_POINT ( 'NONE',  ( 4.025721420742514489, -9.852417264376230094E-15, -10.62499999999999822 ) ) ;
#383 = VERTEX_POINT ( 'NONE', #2475 ) ;
#384 = CARTESIAN_POINT ( 'NONE',  ( 2.071067811865479502, -5.000000000000023093, 0.5312499999999987788 ) ) ;
#385 = CARTESIAN_POINT ( 'NONE',  ( 2.104697761953652879, 5.081189881604789349, -9.453124999999998224 ) ) ;
#386 = CARTESIAN_POINT ( 'NONE',  ( -2.846614915774974275, 2.846614915774965393, -2.562499999999998668 ) ) ;
#387 = CARTESIAN_POINT ( 'NONE',  ( -4.025721420742514489, -8.866399893941979642E-15, 0.8125000000000006661 ) ) ;
#388 = EDGE_CURVE ( 'NONE', #2325, #575, #1902, .T. ) ;
#389 = CARTESIAN_POINT ( 'NONE',  ( 0.000000000000000000, -3.469446951953614189E-15, -13.99999999999999822 ) ) ;
#390 = CARTESIAN_POINT ( 'NONE',  ( -4.505332665078249477, 1.494809171514026591, 3.138263105952600274 ) ) ;
#391 = CARTESIAN_POINT ( 'NONE',  ( -2.846614915774974275, 2.846614915774965393, -10.06249999999999822 ) ) ;
#392 = CARTESIAN_POINT ( 'NONE',  ( 2.104697761953648882, -5.081189881604811553, 0.4843750000000004441 ) ) ;
#393 = CARTESIAN_POINT ( 'NONE',  ( -1.667508410807434505, 4.025721420742504719, 3.531249999999999556 ) ) ;
#394 = CARTESIAN_POINT ( 'NONE',  ( 5.000000000000006217, -2.857123552379936476E-15, -13.99999999999999822 ) ) ;
#395 = CARTESIAN_POINT ( 'NONE',  ( -6.123233995736780087E-16, -5.000000000000022204, 0.2500000000000037748 ) ) ;
#396 = CARTESIAN_POINT ( 'NONE',  ( -5.000000000000012434, 2.071067811865471953, -7.531250000000001776 ) ) ;
#397 = CARTESIAN_POINT ( 'NONE',  ( -3.999999999999998224, -2.309401076758502480, 8.999999999999998224 ) ) ;
#398 = CARTESIAN_POINT ( 'NONE',  ( 4.858459471390862205, 0.8144591893692336715, 3.611181278009642170 ) ) ;
#399 = CARTESIAN_POINT ( 'NONE',  ( 0.000000000000000000, 5.081189881604791125, -7.859375000000000000 ) ) ;
#400 = DIRECTION ( 'NONE',  ( 0.000000000000000000, -1.000000000000000000, 0.000000000000000000 ) ) ;
#401 = CARTESIAN_POINT ( 'NONE',  ( 3.413901584772498055, 3.079001079963338938, 2.726527442161919446 ) ) ;
#402 = ORIENTED_EDGE ( 'NONE', *, *, #749, .T. ) ;
#403 = CARTESIAN_POINT ( 'NONE',  ( -4.025721420742513601, -1.667508410807443386, -11.09374999999999822 ) ) ;
#404 = VERTEX_POINT ( 'NONE', #2216 ) ;
#405 = CARTESIAN_POINT ( 'NONE',  ( 1.667508410807436947, 4.025721420742503831, -8.843750000000000000 ) ) ;
#406 = CIRCLE ( 'NONE', #1233, 3.500000000000003553 ) ;
#407 = EDGE_CURVE ( 'NONE', #2759, #3164, #3392, .T. ) ;
#408 = CARTESIAN_POINT ( 'NONE',  ( 4.025721420742512713, 1.667508410807426289, -6.031249999999998224 ) ) ;
#409 = AXIS2_PLACEMENT_3D ( 'NONE', #586, #821, #567 ) ;
#410 = CARTESIAN_POINT ( 'NONE',  ( -1.667508410807434949, -4.025721420742524259, 4.093750000000000000 ) ) ;
#411 = CARTESIAN_POINT ( 'NONE',  ( 5.000000000000006217, -2.857123552379936476E-15, -13.99999999999999822 ) ) ;
#412 = VECTOR ( 'NONE', #1130, 999.9999999999998863 ) ;
#413 = CARTESIAN_POINT ( 'NONE',  ( 4.025721420742513601, -1.667508410807445607, -3.031249999999999112 ) ) ;
#414 = CARTESIAN_POINT ( 'NONE',  ( -5.000000000000012434, -8.806742536763703202E-15, 1.375000000000003109 ) ) ;
#415 = CARTESIAN_POINT ( 'NONE',  ( -2.189533221373133109, 3.635861566468449713, 1.759317835531469143 ) ) ;
#416 = CARTESIAN_POINT ( 'NONE',  ( -6.123233995736780087E-16, -5.000000000000022204, -8.749999999999998224 ) ) ;
#417 = EDGE_LOOP ( 'NONE', ( #1945, #1210 ) ) ;
#418 = CARTESIAN_POINT ( 'NONE',  ( -1.667508410807434505, 4.025721420742504719, -12.96875000000000178 ) ) ;
#419 = VERTEX_POINT ( 'NONE', #2632 ) ;
#420 = CARTESIAN_POINT ( 'NONE',  ( 0.000000000000000000, 5.081189881604791125, -6.359374999999999112 ) ) ;
#421 = EDGE_CURVE ( 'NONE', #1361, #2616, #2603, .T. ) ;
#422 = DIRECTION ( 'NONE',  ( -0.8660254037844387076, 0.4999999999999998890, 0.000000000000000000 ) ) ;
#423 = DIRECTION ( 'NONE',  ( -0.000000000000000000, -0.000000000000000000, -1.000000000000000000 ) ) ;
#424 = ORIENTED_EDGE ( 'NONE', *, *, #3329, .T. ) ;
#425 = CARTESIAN_POINT ( 'NONE',  ( 2.846614915774974719, 2.846614915774964505, -5.937499999999998224 ) ) ;
#426 = ADVANCED_FACE ( 'NONE', ( #3753 ), #2268, .T. ) ;
#427 = CARTESIAN_POINT ( 'NONE',  ( 5.081189881604800007, -2.104697761953661761, -0.8281249999999990008 ) ) ;
#428 = CARTESIAN_POINT ( 'NONE',  ( -4.025721420742514489, -8.866399893941979642E-15, -2.374999999999998668 ) ) ;
#429 = CARTESIAN_POINT ( 'NONE',  ( 2.846614915774973831, -2.846614915774984045, 4.375000000000000000 ) ) ;
#430 = DIRECTION ( 'NONE',  ( -1.000000000000000000, 0.000000000000000000, 0.000000000000000000 ) ) ;
#431 = CARTESIAN_POINT ( 'NONE',  ( 0.000000000000000000, -3.469446951953614189E-15, 13.49999999999999822 ) ) ;
#432 = CARTESIAN_POINT ( 'NONE',  ( -2.071067811865480390, 5.000000000000003553, 1.093750000000003109 ) ) ;
#433 = CARTESIAN_POINT ( 'NONE',  ( 5.000000000000021316, -2.071067811865483055, -8.468749999999998224 ) ) ;
#434 = CARTESIAN_POINT ( 'NONE',  ( 2.846614915774973831, -2.846614915774984045, -13.62499999999999822 ) ) ;
#435 = ORIENTED_EDGE ( 'NONE', *, *, #1236, .T. ) ;
#436 = CARTESIAN_POINT ( 'NONE',  ( 2.743673865700722025, 4.179982502196737393, 3.860428147091758078 ) ) ;
#437 = CARTESIAN_POINT ( 'NONE',  ( 5.081189881604800007, 2.104697761953641777, -6.640624999999998224 ) ) ;
#438 = CARTESIAN_POINT ( 'NONE',  ( -2.846614915774974275, -2.846614915774983157, -14.18749999999999822 ) ) ;
#439 = CARTESIAN_POINT ( 'NONE',  ( -5.000000000000031086, -2.071067811865471509, -11.84375000000000533 ) ) ;
#440 = ORIENTED_EDGE ( 'NONE', *, *, #2894, .T. ) ;
#441 = ADVANCED_FACE ( 'NONE', ( #3499 ), #2030, .T. ) ;
#442 = CARTESIAN_POINT ( 'NONE',  ( 1.667508410807436947, 4.025721420742503831, -7.343749999999999112 ) ) ;
#443 = CARTESIAN_POINT ( 'NONE',  ( 2.846614915774973831, -2.846614915774984045, -13.62499999999999822 ) ) ;
#444 = CARTESIAN_POINT ( 'NONE',  ( -4.025721420742513601, -1.667508410807443386, -3.781249999999997780 ) ) ;
#445 = CARTESIAN_POINT ( 'NONE',  ( 1.667508410807433616, -4.025721420742524259, -0.2187499999999984734 ) ) ;
#446 = CARTESIAN_POINT ( 'NONE',  ( 2.104697761953648882, -5.081189881604811553, -8.609374999999998224 ) ) ;
#447 = CARTESIAN_POINT ( 'NONE',  ( -5.050799999999994405, -9.107298248878237246E-15, 4.000000000000000000 ) ) ;
#448 = CARTESIAN_POINT ( 'NONE',  ( -2.776679131437810089, 3.258298501534944602, -13.22474688502886764 ) ) ;
#449 = B_SPLINE_CURVE_WITH_KNOTS ( 'NONE', 3,
 ( #2631, #1817, #35, #2727, #3350, #588, #968, #370, #2396, #1591, #3336, #645, #353, #2114, #14, #3041, #3593, #2415, #293, #2173, #1572, #53, #3654, #3615, #927, #2135, #2984, #1861, #1878, #3025, #2434, #3316, #89, #1528 ),
 .UNSPECIFIED., .F., .F.,
 ( 4, 2, 2, 2, 2, 2, 2, 2, 2, 2, 2, 2, 2, 2, 2, 2, 4 ),
 ( 0.003864427057452944451, 0.004772481695134052175, 0.005680536332815160766, 0.006588590970496268490, 0.007496645608177376213, 0.008404700245858483937, 0.009312754883539591660, 0.01022080952122069765, 0.01112886415890180364, 0.01203691879658291136, 0.01294497343426401909, 0.01385302807194512681, 0.01476108270962623453, 0.01566913734730733879, 0.01657719198498844651, 0.01748524662266955770, 0.01839330126035066543 ),
 .UNSPECIFIED. ) ;
#450 = CARTESIAN_POINT ( 'NONE',  ( 3.551905005593686493, 2.109627724210071165, 1.448218464231396663 ) ) ;
#451 = CARTESIAN_POINT ( 'NONE',  ( 5.081189881604800007, -1.004630367520562695E-14, -2.328124999999998668 ) ) ;
#452 = CARTESIAN_POINT ( 'NONE',  ( 0.000000000000000000, 0.000000000000000000, 13.99999999999999822 ) ) ;
#453 = EDGE_CURVE ( 'NONE', #2759, #3111, #1394, .T. ) ;
#454 = ORIENTED_EDGE ( 'NONE', *, *, #3194, .T. ) ;
#455 = CARTESIAN_POINT ( 'NONE',  ( 1.667508410807433616, -4.025721420742524259, -13.71875000000000178 ) ) ;
#456 = CARTESIAN_POINT ( 'NONE',  ( -4.025721420742514489, -8.866399893941979642E-15, -6.687499999999999112 ) ) ;
#457 = CARTESIAN_POINT ( 'NONE',  ( -5.000000000000012434, -8.806742536763703202E-15, -4.437500000000000888 ) ) ;
#458 = CARTESIAN_POINT ( 'NONE',  ( -6.222662924367237206E-16, -5.081189881604809777, -5.609375000000000000 ) ) ;
#459 = CARTESIAN_POINT ( 'NONE',  ( -2.846614915774974275, 2.846614915774965393, -13.06250000000000000 ) ) ;
#460 = CARTESIAN_POINT ( 'NONE',  ( -2.071067811865480390, 5.000000000000003553, -6.218750000000001776 ) ) ;
#461 = CARTESIAN_POINT ( 'NONE',  ( 7.950715832999022273E-16, -4.618802153517004960, 8.999999999999998224 ) ) ;
#462 = CARTESIAN_POINT ( 'NONE',  ( 0.000000000000000000, 5.081189881604791125, 2.546875000000002220 ) ) ;
#463 = CARTESIAN_POINT ( 'NONE',  ( 2.104697761953648882, -5.081189881604811553, -11.60937500000000000 ) ) ;
#464 = CARTESIAN_POINT ( 'NONE',  ( 1.667508410807433616, -4.025721420742524259, -7.906250000000000000 ) ) ;
#465 = CARTESIAN_POINT ( 'NONE',  ( 2.104697761953648882, -5.081189881604811553, 3.484374999999999556 ) ) ;
#466 = CARTESIAN_POINT ( 'NONE',  ( 2.846614915774974719, 2.846614915774964505, 3.062500000000002665 ) ) ;
#467 = CARTESIAN_POINT ( 'NONE',  ( 4.025721420742514489, -9.852417264376230094E-15, -3.124999999999999112 ) ) ;
#468 = CARTESIAN_POINT ( 'NONE',  ( -1.667508410807434949, -4.025721420742524259, -0.4062499999999986677 ) ) ;
#469 = CARTESIAN_POINT ( 'NONE',  ( -3.613907143057008481E-16, 4.618802153517004960, 8.999999999999998224 ) ) ;
#470 = CARTESIAN_POINT ( 'NONE',  ( 4.025721420742513601, -1.667508410807445607, -4.531249999999999112 ) ) ;
#471 = AXIS2_PLACEMENT_3D ( 'NONE', #513, #2041, #2378 ) ;
#472 = CARTESIAN_POINT ( 'NONE',  ( -3.535533905932746190, 3.535533905932737309, -9.125000000000001776 ) ) ;
#473 =( BOUNDED_CURVE ( )  B_SPLINE_CURVE ( 2, ( #3330, #963, #2170, #2957, #1484, #3865, #878, #85, #3087 ),
 .UNSPECIFIED., .F., .T. ) 
 B_SPLINE_CURVE_WITH_KNOTS ( ( 3, 2, 2, 2, 3 ),
 ( 0.4807692307692307820, 0.4903846153846153633, 0.5000000000000000000, 0.5096153846153845812, 0.5192307692307692735 ),
 .UNSPECIFIED. ) 
 CURVE ( )  GEOMETRIC_REPRESENTATION_ITEM ( )  RATIONAL_B_SPLINE_CURVE ( ( 1.000000000000000000, 0.9238795325112867385, 1.000000000000000000, 0.9238795325112867385, 1.000000000000000000, 0.9238795325112867385, 1.000000000000000000, 0.9238795325112867385, 1.000000000000000000 ) ) 
 REPRESENTATION_ITEM ( '' )  );
#474 = VECTOR ( 'NONE', #498, 1000.000000000000000 ) ;
#475 = FILL_AREA_STYLE ('',( #3756 ) ) ;
#476 = CARTESIAN_POINT ( 'NONE',  ( 5.081189881604800007, 2.104697761953641777, -2.234374999999998668 ) ) ;
#477 = B_SPLINE_CURVE_WITH_KNOTS ( 'NONE', 3,
 ( #3544, #2370, #851, #1168, #2425, #2105, #1234, #2406, #1188, #3013, #66, #2973, #1519, #1806, #1278, #2444, #1826, #2996, #319, #3051, #3603, #2702, #2741, #279, #26, #301, #1209, #915, #2125, #1499, #1848, #342, #2087, #2461 ),
 .UNSPECIFIED., .F., .F.,
 ( 4, 2, 2, 2, 2, 2, 2, 2, 2, 2, 2, 2, 2, 2, 2, 2, 4 ),
 ( 0.01640057240846707828, 0.01726708769735784896, 0.01813360298624861616, 0.01900011827513938684, 0.01986663356403015404, 0.02073314885292092125, 0.02159966414181168845, 0.02246617943070245565, 0.02333269471959322286, 0.02419921000848399006, 0.02506572529737475727, 0.02593224058626552447, 0.02679875587515628821, 0.02766527116404705888, 0.02853178645293782262, 0.02939830174182858982, 0.03026481703071935703 ),
 .UNSPECIFIED. ) ;
#478 = CIRCLE ( 'NONE', #1435, 5.000000000000006217 ) ;
#479 = ORIENTED_EDGE ( 'NONE', *, *, #1651, .T. ) ;
#480 = CARTESIAN_POINT ( 'NONE',  ( -2.846614915774974275, 2.846614915774965393, -9.874999999999998224 ) ) ;
#481 = CARTESIAN_POINT ( 'NONE',  ( -5.000000000000012434, -8.806742536763703202E-15, -5.937500000000001776 ) ) ;
#482 = CARTESIAN_POINT ( 'NONE',  ( 4.999999999999997335, 2.071067811865486163, 2.406250000000001776 ) ) ;
#483 = CARTESIAN_POINT ( 'NONE',  ( 3.592943821779224667, -3.592943821779234881, -6.921874999999999112 ) ) ;
#484 = CARTESIAN_POINT ( 'NONE',  ( 2.797569140014720901, -2.894829850658321213, 1.183619750323454012 ) ) ;
#485 = CARTESIAN_POINT ( 'NONE',  ( -4.025721420742514489, -8.866399893941979642E-15, 2.312500000000002220 ) ) ;
#486 = CARTESIAN_POINT ( 'NONE',  ( 1.802209450748972541, 3.942970091933332810, 2.008216101783284024 ) ) ;
#487 = CARTESIAN_POINT ( 'NONE',  ( 3.999999999999998224, -3.234724141858758908E-24, 13.36549101804925144 ) ) ;
#488 = ORIENTED_EDGE ( 'NONE', *, *, #2142, .T. ) ;
#489 = CARTESIAN_POINT ( 'NONE',  ( -2.846614915774974275, 2.846614915774965393, -8.374999999999998224 ) ) ;
#490 = CARTESIAN_POINT ( 'NONE',  ( -2.846614915774974275, 2.846614915774965393, -4.062499999999998224 ) ) ;
#491 = FACE_OUTER_BOUND ( 'NONE', #1016, .T. ) ;
#492 = CARTESIAN_POINT ( 'NONE',  ( 3.535533905932747079, 3.535533905932736420, -5.187499999999995559 ) ) ;
#493 = CARTESIAN_POINT ( 'NONE',  ( -2.846614915774974275, 2.846614915774965393, -1.062499999999999112 ) ) ;
#494 = LINE ( 'NONE', #2339, #1240 ) ;
#495 = DIRECTION ( 'NONE',  ( -0.000000000000000000, -0.000000000000000000, -1.000000000000000000 ) ) ;
#496 = CARTESIAN_POINT ( 'NONE',  ( -4.025721420742514489, -1.667508410807443164, -3.593749999999997780 ) ) ;
#497 = CARTESIAN_POINT ( 'NONE',  ( -2.071067811865480390, 5.000000000000003553, -9.218750000000003553 ) ) ;
#498 = DIRECTION ( 'NONE',  ( -0.000000000000000000, -0.000000000000000000, -1.000000000000000000 ) ) ;
#499 = DIRECTION ( 'NONE',  ( -0.000000000000000000, -0.000000000000000000, -1.000000000000000000 ) ) ;
#500 =( BOUNDED_CURVE ( )  B_SPLINE_CURVE ( 2, ( #3397, #3418, #3143, #2845, #1697, #1062, #1995, #2599, #2931 ),
 .UNSPECIFIED., .F., .F. ) 
 B_SPLINE_CURVE_WITH_KNOTS ( ( 3, 2, 2, 2, 3 ),
 ( 0.7884615384615385469, 0.7980769230769232392, 0.8076923076923078204, 0.8173076923076924016, 0.8269230769230769829 ),
 .UNSPECIFIED. ) 
 CURVE ( )  GEOMETRIC_REPRESENTATION_ITEM ( )  RATIONAL_B_SPLINE_CURVE ( ( 0.9999999999999991118, 0.9238795325112876267, 1.000000000000000000, 0.9238795325112867385, 1.000000000000000000, 0.9238795325112867385, 1.000000000000000000, 0.9238795325112858503, 1.000000000000000888 ) ) 
 REPRESENTATION_ITEM ( '' )  );
#501 = CARTESIAN_POINT ( 'NONE',  ( 4.025721420742512713, 1.667508410807426289, -7.343749999999999112 ) ) ;
#502 = CARTESIAN_POINT ( 'NONE',  ( 5.000000000000021316, -2.071067811865483055, -11.46874999999999645 ) ) ;
#503 = EDGE_LOOP ( 'NONE', ( #2469, #967, #629, #1097 ) ) ;
#504 = CARTESIAN_POINT ( 'NONE',  ( 3.625527913089994669, -1.824473554561397037, 1.249408084947114306 ) ) ;
#505 = CARTESIAN_POINT ( 'NONE',  ( 7.950715832999022273E-16, -4.618802153517004960, 8.999999999999998224 ) ) ;
#506 = CARTESIAN_POINT ( 'NONE',  ( 2.846614915774973831, -2.846614915774984045, 2.875000000000002665 ) ) ;
#507 = CARTESIAN_POINT ( 'NONE',  ( 0.000000000000000000, 5.000000000000002665, -6.499999999999997335 ) ) ;
#508 = DIRECTION ( 'NONE',  ( -0.8660254037844384856, -0.5000000000000003331, 0.000000000000000000 ) ) ;
#509 =( BOUNDED_CURVE ( )  B_SPLINE_CURVE ( 2, ( #3048, #1554, #3266, #2969, #359, #2680, #3009, #3855, #576 ),
 .UNSPECIFIED., .F., .F. ) 
 B_SPLINE_CURVE_WITH_KNOTS ( ( 3, 2, 2, 2, 3 ),
 ( 0.2115384615384615641, 0.2211538461538461453, 0.2307692307692307820, 0.2403846153846153633, 0.2499999999999999722 ),
 .UNSPECIFIED. ) 
 CURVE ( )  GEOMETRIC_REPRESENTATION_ITEM ( )  RATIONAL_B_SPLINE_CURVE ( ( 0.9999999999999997780, 0.9238795325112869605, 1.000000000000000000, 0.9238795325112867385, 1.000000000000000000, 0.9238795325112867385, 1.000000000000000000, 0.9238795325112869605, 0.9999999999999997780 ) ) 
 REPRESENTATION_ITEM ( '' )  );
#510 = CARTESIAN_POINT ( 'NONE',  ( 4.025721420742513601, 1.667508410807426067, -0.03124999999999829303 ) ) ;
#511 = CARTESIAN_POINT ( 'NONE',  ( -6.222662924367237206E-16, -5.081189881604809777, 1.890625000000001776 ) ) ;
#512 = ADVANCED_FACE ( 'NONE', ( #2579 ), #767, .F. ) ;
#513 = CARTESIAN_POINT ( 'NONE',  ( 0.000000000000000000, -3.469446951953614189E-15, -13.99999999999999822 ) ) ;
#514 = CARTESIAN_POINT ( 'NONE',  ( -3.592943821779224667, 3.592943821779215785, -0.2656249999999985012 ) ) ;
#515 = LINE ( 'NONE', #2061, #2737 ) ;
#516 = CARTESIAN_POINT ( 'NONE',  ( -3.408611196401723831, 2.639246073542454774, -13.19467796732078568 ) ) ;
#517 = CARTESIAN_POINT ( 'NONE',  ( 7.500000000000000000, -2.550961852593099394E-15, 13.49999999999999822 ) ) ;
#518 = CARTESIAN_POINT ( 'NONE',  ( -4.930086852171255217E-16, -4.025721420742523371, -12.31249999999999822 ) ) ;
#519 = CARTESIAN_POINT ( 'NONE',  ( -4.930086852171255217E-16, -4.025721420742523371, -11.00000000000000000 ) ) ;
#520 = CARTESIAN_POINT ( 'NONE',  ( -2.104697761953650215, -5.081189881604809777, -10.29687499999999822 ) ) ;
#521 = CARTESIAN_POINT ( 'NONE',  ( -4.025721420742513601, -1.667508410807443386, -6.593749999999998224 ) ) ;
#522 = CYLINDRICAL_SURFACE ( 'NONE', #846, 5.000000000000006217 ) ;
#523 = CARTESIAN_POINT ( 'NONE',  ( 0.000000000000000000, -3.469446951953614189E-15, 4.500000000000000888 ) ) ;
#524 = CARTESIAN_POINT ( 'NONE',  ( -2.846614915774974275, 2.846614915774965393, 2.125000000000001776 ) ) ;
#525 = CARTESIAN_POINT ( 'NONE',  ( 5.000000000000006217, -2.857123552379936476E-15, -13.99999999999999822 ) ) ;
#526 = ADVANCED_FACE ( 'NONE', ( #3158 ), #842, .F. ) ;
#527 = CARTESIAN_POINT ( 'NONE',  ( 2.846614915774974719, 2.846614915774964505, 0.06250000000000179023 ) ) ;
#528 = CARTESIAN_POINT ( 'NONE',  ( 0.000000000000000000, 5.081189881604791125, 2.640625000000002220 ) ) ;
#529 = CARTESIAN_POINT ( 'NONE',  ( 0.000000000000000000, 4.025721420742504719, 1.750000000000001554 ) ) ;
#530 = ORIENTED_EDGE ( 'NONE', *, *, #3694, .T. ) ;
#531 = CARTESIAN_POINT ( 'NONE',  ( 2.846614915774974719, 2.846614915774964505, -11.75000000000000000 ) ) ;
#532 = EDGE_CURVE ( 'NONE', #1800, #3375, #2306, .T. ) ;
#533 = CARTESIAN_POINT ( 'NONE',  ( -2.071067811865480390, 5.000000000000003553, -4.718750000000000888 ) ) ;
#534 = CARTESIAN_POINT ( 'NONE',  ( 5.000000000000012434, -1.003138933591105784E-14, -5.374999999999996447 ) ) ;
#535 = CARTESIAN_POINT ( 'NONE',  ( -4.391341490534875547, 0.4392881784357488550, -13.10865850946512623 ) ) ;
#536 = CARTESIAN_POINT ( 'NONE',  ( 2.104697761953652879, 5.081189881604789349, -8.046874999999998224 ) ) ;
#537 = FACE_OUTER_BOUND ( 'NONE', #2338, .T. ) ;
#538 = CONICAL_SURFACE ( 'NONE', #1889, 3.500000000000003553, 0.7853981633974496113 ) ;
#539 = EDGE_LOOP ( 'NONE', ( #3039, #2872, #3729, #881, #3260 ) ) ;
#540 = CARTESIAN_POINT ( 'NONE',  ( 4.025721420742514489, -9.852417264376230094E-15, -11.93749999999999822 ) ) ;
#541 = DIRECTION ( 'NONE',  ( -0.000000000000000000, -0.000000000000000000, -1.000000000000000000 ) ) ;
#542 = CARTESIAN_POINT ( 'NONE',  ( -5.000000000000012434, -8.806742536763703202E-15, 3.062499999999997335 ) ) ;
#543 = DIRECTION ( 'NONE',  ( -0.000000000000000000, -0.000000000000000000, -1.000000000000000000 ) ) ;
#544 = CARTESIAN_POINT ( 'NONE',  ( 5.081189881604800007, -2.104697761953661761, -8.421874999999998224 ) ) ;
#545 = CARTESIAN_POINT ( 'NONE',  ( 2.846614915774973831, -2.846614915774984045, -7.624999999999999112 ) ) ;
#546 = CARTESIAN_POINT ( 'NONE',  ( -1.667508410807434061, 4.025721420742504719, -5.656249999999999112 ) ) ;
#547 = EDGE_CURVE ( 'NONE', #2518, #2325, #1865, .T. ) ;
#548 = CARTESIAN_POINT ( 'NONE',  ( 2.071067811865483943, 5.000000000000000888, -8.093749999999996447 ) ) ;
#549 = ORIENTED_EDGE ( 'NONE', *, *, #2550, .F. ) ;
#550 = CARTESIAN_POINT ( 'NONE',  ( 2.846614915774973831, -2.846614915774984045, -12.12499999999999822 ) ) ;
#551 = CARTESIAN_POINT ( 'NONE',  ( -5.081189881604800007, -8.801771090332180691E-15, 2.921875000000002665 ) ) ;
#552 = CARTESIAN_POINT ( 'NONE',  ( 0.2059813576416824332, -4.037001125887787367, 1.203323746621275170 ) ) ;
#553 = CARTESIAN_POINT ( 'NONE',  ( -5.050799999999994405, -9.107298248878237246E-15, 4.000000000000000000 ) ) ;
#554 = CARTESIAN_POINT ( 'NONE',  ( -2.104697761953649326, 5.081189881604790237, -13.76562500000000178 ) ) ;
#555 = CYLINDRICAL_SURFACE ( 'NONE', #2362, 5.000000000000006217 ) ;
#556 = CARTESIAN_POINT ( 'NONE',  ( 1.667508410807436947, 4.025721420742503831, -13.15625000000000000 ) ) ;
#557 = VERTEX_POINT ( 'NONE', #1078 ) ;
#558 = CARTESIAN_POINT ( 'NONE',  ( -4.025721420742513601, 1.667508410807425623, 2.031250000000001776 ) ) ;
#559 = CARTESIAN_POINT ( 'NONE',  ( -1.667508410807434505, 4.025721420742504719, -3.968749999999998224 ) ) ;
#560 = CARTESIAN_POINT ( 'NONE',  ( 0.000000000000000000, 0.000000000000000000, -13.99999999999999822 ) ) ;
#561 = ORIENTED_EDGE ( 'NONE', *, *, #179, .F. ) ;
#562 = DIRECTION ( 'NONE',  ( -0.000000000000000000, -0.000000000000000000, -1.000000000000000000 ) ) ;
#563 = CARTESIAN_POINT ( 'NONE',  ( 0.000000000000000000, -9.107298248878237246E-15, 4.000000000000000000 ) ) ;
#564 = CARTESIAN_POINT ( 'NONE',  ( -4.025721420742514489, 1.667508410807425623, -5.468750000000000000 ) ) ;
#565 = CARTESIAN_POINT ( 'NONE',  ( -4.930086852171255217E-16, -4.025721420742523371, -12.31249999999999822 ) ) ;
#566 = CARTESIAN_POINT ( 'NONE',  ( 4.025721420742512713, -1.667508410807445607, -3.031249999999999556 ) ) ;
#567 = DIRECTION ( 'NONE',  ( 1.000000000000000000, 0.000000000000000000, 0.000000000000000000 ) ) ;
#568 = VERTEX_POINT ( 'NONE', #1114 ) ;
#569 = CARTESIAN_POINT ( 'NONE',  ( 5.081189881604800007, 2.104697761953641777, 0.7656250000000024425 ) ) ;
#570 = CARTESIAN_POINT ( 'NONE',  ( -3.592943821779224667, -3.592943821779233549, -7.390624999999999112 ) ) ;
#571 = CARTESIAN_POINT ( 'NONE',  ( 4.040670912809220638, -1.074369734342974558, 1.585804914283887923 ) ) ;
#572 = CARTESIAN_POINT ( 'NONE',  ( 5.099001794597502801, 0.000000000000000000, 13.99999999999999822 ) ) ;
#573 = CARTESIAN_POINT ( 'NONE',  ( 4.025721420742512713, -1.667508410807445607, -4.718749999999999112 ) ) ;
#574 = ORIENTED_EDGE ( 'NONE', *, *, #1741, .F. ) ;
#575 = VERTEX_POINT ( 'NONE', #164 ) ;
#576 = CARTESIAN_POINT ( 'NONE',  ( -5.000000000000012434, -8.806742536763703202E-15, -9.124999999999998224 ) ) ;
#577 = ORIENTED_EDGE ( 'NONE', *, *, #800, .F. ) ;
#578 = CARTESIAN_POINT ( 'NONE',  ( -1.667508410807434949, -4.025721420742524259, 3.906250000000000000 ) ) ;
#579 = CARTESIAN_POINT ( 'NONE',  ( -4.025721420742513601, -1.667508410807443386, -0.5937499999999987788 ) ) ;
#580 = CARTESIAN_POINT ( 'NONE',  ( -5.000000000000012434, -8.806742536763703202E-15, -7.437500000000001776 ) ) ;
#581 = VERTEX_POINT ( 'NONE', #2321 ) ;
#582 = EDGE_CURVE ( 'NONE', #2721, #2407, #598, .T. ) ;
#583 = CARTESIAN_POINT ( 'NONE',  ( 3.344052989275408727, 2.678568171444377644, 1.868719683865653458 ) ) ;
#584 = CARTESIAN_POINT ( 'NONE',  ( 4.999999999999993783, 2.071067811865491048, 2.218750000000004885 ) ) ;
#585 = CARTESIAN_POINT ( 'NONE',  ( -1.667508410807434505, 4.025721420742504719, -5.468749999999999112 ) ) ;
#586 = CARTESIAN_POINT ( 'NONE',  ( 0.000000000000000000, -3.469446951953614189E-15, -13.99999999999999822 ) ) ;
#587 = ORIENTED_EDGE ( 'NONE', *, *, #1509, .T. ) ;
#588 = CARTESIAN_POINT ( 'NONE',  ( 4.368277450966216335, -2.047030051343121659, -12.68536769115890550 ) ) ;
#589 = CARTESIAN_POINT ( 'NONE',  ( 2.846614915774974719, 2.846614915774964505, -10.24999999999999822 ) ) ;
#590 = CARTESIAN_POINT ( 'NONE',  ( 4.025721420742512713, -1.667508410807445607, 4.281250000000000888 ) ) ;
#591 = CARTESIAN_POINT ( 'NONE',  ( 4.025721420742514489, -9.852417264376230094E-15, -2.937499999999999112 ) ) ;
#592 = DIRECTION ( 'NONE',  ( 1.000000000000000000, 0.000000000000000000, 0.000000000000000000 ) ) ;
#593 = DIRECTION ( 'NONE',  ( -1.000000000000000000, 0.000000000000000000, 0.000000000000000000 ) ) ;
#594 = CARTESIAN_POINT ( 'NONE',  ( 0.000000000000000000, -3.469446951953614189E-15, -12.49999999999999822 ) ) ;
#595 = CIRCLE ( 'NONE', #3354, 7.500000000000001776 ) ;
#596 = CARTESIAN_POINT ( 'NONE',  ( -1.667508410807434949, -4.025721420742524259, -12.59375000000000000 ) ) ;
#597 = CARTESIAN_POINT ( 'NONE',  ( 0.000000000000000000, -9.107298248878237246E-15, 4.000000000000000000 ) ) ;
#598 =( BOUNDED_CURVE ( )  B_SPLINE_CURVE ( 2, ( #824, #1375, #2043, #2340, #1136, #3221, #2286, #3476, #534 ),
 .UNSPECIFIED., .F., .F. ) 
 B_SPLINE_CURVE_WITH_KNOTS ( ( 3, 2, 2, 2, 3 ),
 ( 0.4038461538461538547, 0.4134615384615384359, 0.4230769230769231282, 0.4326923076923077649, 0.4423076923076923461 ),
 .UNSPECIFIED. ) 
 CURVE ( )  GEOMETRIC_REPRESENTATION_ITEM ( )  RATIONAL_B_SPLINE_CURVE ( ( 1.000000000000000000, 0.9238795325112867385, 1.000000000000000000, 0.9238795325112867385, 1.000000000000000000, 0.9238795325112867385, 1.000000000000000000, 0.9238795325112862944, 1.000000000000000444 ) ) 
 REPRESENTATION_ITEM ( '' )  );
#599 = CARTESIAN_POINT ( 'NONE',  ( -4.930086852171255217E-16, -4.025721420742523371, 1.000000000000000888 ) ) ;
#600 = VECTOR ( 'NONE', #3253, 1000.000000000000000 ) ;
#601 = CARTESIAN_POINT ( 'NONE',  ( -4.025721420742513601, -1.667508410807443386, -0.5937499999999987788 ) ) ;
#602 = AXIS2_PLACEMENT_3D ( 'NONE', #3636, #3575, #76 ) ;
#603 = CARTESIAN_POINT ( 'NONE',  ( -2.104697761953649326, 5.081189881604790237, 1.140625000000000888 ) ) ;
#604 = CARTESIAN_POINT ( 'NONE',  ( 4.025721420742512713, 1.667508410807426289, -11.84375000000000178 ) ) ;
#605 = CARTESIAN_POINT ( 'NONE',  ( 0.000000000000000000, 4.025721420742504719, -13.25000000000000000 ) ) ;
#606 = CARTESIAN_POINT ( 'NONE',  ( -6.222662924367237206E-16, -5.081189881604809777, -5.703124999999998224 ) ) ;
#607 = CARTESIAN_POINT ( 'NONE',  ( 4.025721420742512713, 1.667508410807426289, -4.531249999999998224 ) ) ;
#608 = CARTESIAN_POINT ( 'NONE',  ( -0.6986281979847840384, 4.614947483367307868, 2.919954436625058936 ) ) ;
#609 = EDGE_LOOP ( 'NONE', ( #1544, #331, #454, #1618 ) ) ;
#610 = CARTESIAN_POINT ( 'NONE',  ( -3.535533905932746190, -3.535533905932755072, -1.250000000000001332 ) ) ;
#611 = CARTESIAN_POINT ( 'NONE',  ( 4.025721420742513601, -1.667508410807445607, -7.531249999999999112 ) ) ;
#612 = ADVANCED_FACE ( 'NONE', ( #1754 ), #2926, .T. ) ;
#613 = CARTESIAN_POINT ( 'NONE',  ( -4.025721420742513601, -1.667508410807443386, 2.218750000000002220 ) ) ;
#614 = CARTESIAN_POINT ( 'NONE',  ( 4.025721420742512713, 1.667508410807426289, -4.343749999999998224 ) ) ;
#615 = CYLINDRICAL_SURFACE ( 'NONE', #2846, 5.000000000000006217 ) ;
#616 = ORIENTED_EDGE ( 'NONE', *, *, #2655, .T. ) ;
#617 =( LENGTH_UNIT ( ) NAMED_UNIT ( * ) SI_UNIT ( .MILLI., .METRE. ) );
#618 = CARTESIAN_POINT ( 'NONE',  ( 4.213546993442887079, 2.633512056542956170, -12.53376740675063417 ) ) ;
#619 = CARTESIAN_POINT ( 'NONE',  ( -4.025721420742514489, -1.667508410807443164, 0.7187500000000006661 ) ) ;
#620 = CARTESIAN_POINT ( 'NONE',  ( 2.104697761953652879, 5.081189881604789349, -13.95312500000000178 ) ) ;
#621 = CARTESIAN_POINT ( 'NONE',  ( 2.846614915774974719, 2.846614915774964505, -5.749999999999998224 ) ) ;
#622 = CARTESIAN_POINT ( 'NONE',  ( 3.134898762400271544, 2.548729202810157801, -13.46591070876792884 ) ) ;
#623 = CARTESIAN_POINT ( 'NONE',  ( 4.025721420742514489, -9.852417264376230094E-15, -12.12499999999999822 ) ) ;
#624 = CARTESIAN_POINT ( 'NONE',  ( 5.000000000000030198, -2.071067811865474173, -8.281250000000000000 ) ) ;
#625 = EDGE_CURVE ( 'NONE', #2183, #1841, #3139, .T. ) ;
#626 = CARTESIAN_POINT ( 'NONE',  ( 3.592943821779224667, -3.592943821779234881, -4.015624999999998224 ) ) ;
#627 = CARTESIAN_POINT ( 'NONE',  ( -4.025721420742513601, 1.667508410807425623, -5.468749999999999112 ) ) ;
#628 = VERTEX_POINT ( 'NONE', #3298 ) ;
#629 = ORIENTED_EDGE ( 'NONE', *, *, #3821, .F. ) ;
#630 = CARTESIAN_POINT ( 'NONE',  ( 1.667508410807436947, 4.025721420742503831, -7.156249999999998224 ) ) ;
#631 = CARTESIAN_POINT ( 'NONE',  ( -3.535533905932746190, 3.535533905932737309, -7.812499999999996447 ) ) ;
#632 = CARTESIAN_POINT ( 'NONE',  ( 1.667508410807433616, -4.025721420742524259, 2.593750000000002220 ) ) ;
#633 = CARTESIAN_POINT ( 'NONE',  ( 3.535533905932747079, 3.535533905932736420, -2.187499999999996891 ) ) ;
#634 = ORIENTED_EDGE ( 'NONE', *, *, #3597, .F. ) ;
#635 = CARTESIAN_POINT ( 'NONE',  ( 3.956823102794210456, 3.042647915991607110, -12.51897962091412175 ) ) ;
#636 = CARTESIAN_POINT ( 'NONE',  ( -4.025721420742513601, 1.667508410807425623, -11.46874999999999822 ) ) ;
#637 = CARTESIAN_POINT ( 'NONE',  ( -3.535533905932746190, 3.535533905932737309, -0.3124999999999967248 ) ) ;
#638 = CARTESIAN_POINT ( 'NONE',  ( 5.081189881604800007, -2.104697761953661761, -9.828125000000000000 ) ) ;
#639 = CARTESIAN_POINT ( 'NONE',  ( -4.025721420742513601, -1.667508410807443386, -2.281249999999998668 ) ) ;
#640 = CARTESIAN_POINT ( 'NONE',  ( 4.025721420742512713, -1.667508410807445607, -4.531249999999998224 ) ) ;
#641 = CARTESIAN_POINT ( 'NONE',  ( 2.846614915774973831, -2.846614915774984045, -0.1249999999999983763 ) ) ;
#642 = CARTESIAN_POINT ( 'NONE',  ( 7.950715832999022273E-16, -4.618802153517004960, 8.999999999999998224 ) ) ;
#643 = ORIENTED_EDGE ( 'NONE', *, *, #919, .T. ) ;
#644 = CARTESIAN_POINT ( 'NONE',  ( -3.592943821779224667, 3.592943821779215785, 1.234375000000001110 ) ) ;
#645 = CARTESIAN_POINT ( 'NONE',  ( 2.511476951178965411, -4.018061931467975967, -12.77144882051481112 ) ) ;
#646 = CARTESIAN_POINT ( 'NONE',  ( 5.081189881604800007, -1.004630367520562695E-14, -5.328124999999998224 ) ) ;
#647 = CARTESIAN_POINT ( 'NONE',  ( -4.025721420742513601, 1.667508410807425623, -8.468749999999998224 ) ) ;
#648 = CARTESIAN_POINT ( 'NONE',  ( -1.667508410807434505, 4.025721420742504719, -7.156249999999999112 ) ) ;
#649 = CARTESIAN_POINT ( 'NONE',  ( 5.000000000000012434, -1.003138933591105784E-14, -3.874999999999996447 ) ) ;
#650 = CARTESIAN_POINT ( 'NONE',  ( -4.930086852171255217E-16, -4.025721420742523371, -7.812499999999999112 ) ) ;
#651 = DIRECTION ( 'NONE',  ( 0.000000000000000000, 0.000000000000000000, 1.000000000000000000 ) ) ;
#652 = ORIENTED_EDGE ( 'NONE', *, *, #1142, .T. ) ;
#653 = CARTESIAN_POINT ( 'NONE',  ( 0.000000000000000000, 5.081189881604791125, 5.546875000000001776 ) ) ;
#654 = CARTESIAN_POINT ( 'NONE',  ( -5.000000000000031086, 2.071067811865453745, -1.718749999999995559 ) ) ;
#655 = VERTEX_POINT ( 'NONE', #1471 ) ;
#656 = CARTESIAN_POINT ( 'NONE',  ( 0.000000000000000000, -3.469446951953614189E-15, -13.99999999999999822 ) ) ;
#657 = CARTESIAN_POINT ( 'NONE',  ( 5.000000000000016875, -2.071067811865488828, 3.718749999999999112 ) ) ;
#658 = CARTESIAN_POINT ( 'NONE',  ( -5.081189881604800007, 2.104697761953640445, -12.07812500000000000 ) ) ;
#659 = VECTOR ( 'NONE', #942, 1000.000000000000000 ) ;
#660 = CARTESIAN_POINT ( 'NONE',  ( -1.667508410807434949, -4.025721420742524259, -0.4062499999999986677 ) ) ;
#661 = CARTESIAN_POINT ( 'NONE',  ( -6.123233995736780087E-16, -5.000000000000022204, -10.06250000000000178 ) ) ;
#662 = EDGE_LOOP ( 'NONE', ( #1468, #2711, #2761, #343 ) ) ;
#663 = CARTESIAN_POINT ( 'NONE',  ( -1.667508410807434061, 4.025721420742504719, -13.15625000000000000 ) ) ;
#664 = CONICAL_SURFACE ( 'NONE', #3490, 5.099001794597502801, 1.047197551196600074 ) ;
#665 = CARTESIAN_POINT ( 'NONE',  ( -2.846614915774974275, 2.846614915774965393, -8.562499999999998224 ) ) ;
#666 = EDGE_CURVE ( 'NONE', #3092, #2323, #1508, .T. ) ;
#667 = CYLINDRICAL_SURFACE ( 'NONE', #1885, 1.000000000000000000 ) ;
#668 = CARTESIAN_POINT ( 'NONE',  ( -2.846614915774974275, 2.846614915774965393, -8.374999999999998224 ) ) ;
#669 = CARTESIAN_POINT ( 'NONE',  ( 5.000000000000012434, -2.071067811865492381, 0.5312500000000039968 ) ) ;
#670 = ORIENTED_EDGE ( 'NONE', *, *, #864, .F. ) ;
#671 = CARTESIAN_POINT ( 'NONE',  ( -3.535533905932746190, 3.535533905932737309, -7.625000000000001776 ) ) ;
#672 = ORIENTED_EDGE ( 'NONE', *, *, #2809, .F. ) ;
#673 = CARTESIAN_POINT ( 'NONE',  ( 0.000000000000000000, 4.025721420742504719, -11.75000000000000000 ) ) ;
#674 = DIRECTION ( 'NONE',  ( -1.000000000000000000, 0.000000000000000000, 0.000000000000000000 ) ) ;
#675 = CARTESIAN_POINT ( 'NONE',  ( 5.081189881604800007, -2.104697761953661761, -11.32812499999999822 ) ) ;
#676 = CARTESIAN_POINT ( 'NONE',  ( -4.025721420742513601, 1.667508410807425623, 0.7187500000000005551 ) ) ;
#677 = CARTESIAN_POINT ( 'NONE',  ( 1.999026108654288869, 3.596537888366130087, -13.40932448596906923 ) ) ;
#678 = CARTESIAN_POINT ( 'NONE',  ( 4.513224380990835449, 0.6070440976791393606, 2.606816365426601223 ) ) ;
#679 = VERTEX_POINT ( 'NONE', #1529 ) ;
#680 = CARTESIAN_POINT ( 'NONE',  ( 5.081189881604800007, -2.104697761953661761, -6.921874999999999112 ) ) ;
#681 = CARTESIAN_POINT ( 'NONE',  ( -1.667508410807434061, 4.025721420742504719, -10.15624999999999822 ) ) ;
#682 = CARTESIAN_POINT ( 'NONE',  ( -6.222662924367237206E-16, -5.081189881604809777, 0.3906250000000003331 ) ) ;
#683 = CARTESIAN_POINT ( 'NONE',  ( 1.667508410807436947, 4.025721420742503831, 3.343750000000002665 ) ) ;
#684 = FACE_BOUND ( 'NONE', #173, .T. ) ;
#685 = CARTESIAN_POINT ( 'NONE',  ( 2.846614915774973831, -2.846614915774984045, -9.124999999999998224 ) ) ;
#686 = CARTESIAN_POINT ( 'NONE',  ( 1.175669997120143195, 4.729924961573083841, -12.63531769868546739 ) ) ;
#687 = CARTESIAN_POINT ( 'NONE',  ( -2.104697761953650215, -5.081189881604809777, 4.703125000000000888 ) ) ;
#688 = CARTESIAN_POINT ( 'NONE',  ( 2.071067811865483943, 5.000000000000000888, -7.906250000000000000 ) ) ;
#689 = ORIENTED_EDGE ( 'NONE', *, *, #453, .T. ) ;
#690 = ADVANCED_FACE ( 'NONE', ( #271 ), #1248, .T. ) ;
#691 = VERTEX_POINT ( 'NONE', #928 ) ;
#692 = CARTESIAN_POINT ( 'NONE',  ( 4.232613842960176065, -2.357850656297439507, 3.407870149108559232 ) ) ;
#693 = CARTESIAN_POINT ( 'NONE',  ( -0.5503516202067414431, -4.844184611301071364, 3.489464234588872671 ) ) ;
#694 = CARTESIAN_POINT ( 'NONE',  ( -5.081189881604800007, -8.801771090332180691E-15, -7.484375000000000000 ) ) ;
#695 = CARTESIAN_POINT ( 'NONE',  ( 3.999999999999998224, 2.309401076758503368, 8.999999999999998224 ) ) ;
#696 = CARTESIAN_POINT ( 'NONE',  ( -4.596161667408777518, 1.205733182214702826, 3.151134072993403645 ) ) ;
#697 = ORIENTED_EDGE ( 'NONE', *, *, #3211, .F. ) ;
#698 = ORIENTED_EDGE ( 'NONE', *, *, #742, .T. ) ;
#699 = CARTESIAN_POINT ( 'NONE',  ( -4.025721420742514489, 1.667508410807425623, -9.968749999999998224 ) ) ;
#700 = CARTESIAN_POINT ( 'NONE',  ( -2.846614915774974275, -2.846614915774983157, -1.999999999999998224 ) ) ;
#701 = CARTESIAN_POINT ( 'NONE',  ( 0.000000000000000000, 4.025721420742504719, -1.249999999999999334 ) ) ;
#702 = CARTESIAN_POINT ( 'NONE',  ( 2.846614915774974719, 2.846614915774964505, 3.250000000000002665 ) ) ;
#703 = DIRECTION ( 'NONE',  ( 1.000000000000000000, 0.000000000000000000, -0.000000000000000000 ) ) ;
#704 = EDGE_CURVE ( 'NONE', #939, #2154, #1316, .T. ) ;
#705 = CARTESIAN_POINT ( 'NONE',  ( -1.667508410807434061, 4.025721420742504719, -5.468750000000000000 ) ) ;
#706 = ORIENTED_EDGE ( 'NONE', *, *, #2716, .T. ) ;
#707 = CARTESIAN_POINT ( 'NONE',  ( 0.4617558694348051773, 4.171898546953852538, 1.630738179254828557 ) ) ;
#708 = CARTESIAN_POINT ( 'NONE',  ( -3.592943821779224667, 3.592943821779215785, -1.765624999999998002 ) ) ;
#709 = DIRECTION ( 'NONE',  ( 1.000000000000000000, 0.000000000000000000, 0.000000000000000000 ) ) ;
#710 = ORIENTED_EDGE ( 'NONE', *, *, #40, .T. ) ;
#711 = VERTEX_POINT ( 'NONE', #1181 ) ;
#712 = ADVANCED_FACE ( 'NONE', ( #36 ), #2136, .T. ) ;
#713 = CARTESIAN_POINT ( 'NONE',  ( -0.4786445531897637884, -4.693949815763847511, 3.058143806024679723 ) ) ;
#714 = CARTESIAN_POINT ( 'NONE',  ( -4.618851103441176775, -1.268070531783698440, 3.253295587739080563 ) ) ;
#715 = CARTESIAN_POINT ( 'NONE',  ( -5.081189881604800007, 2.104697761953640445, -4.578124999999998224 ) ) ;
#716 = CARTESIAN_POINT ( 'NONE',  ( -1.667508410807434949, -4.025721420742524259, 1.093750000000000888 ) ) ;
#717 = CARTESIAN_POINT ( 'NONE',  ( -4.071353016685014481, 1.931126080353077423, 2.478578940399020603 ) ) ;
#718 = CARTESIAN_POINT ( 'NONE',  ( 0.000000000000000000, 4.025721420742504719, -10.24999999999999822 ) ) ;
#719 = TOROIDAL_SURFACE ( 'NONE', #3733, 7.500000000000000000, 0.4999999999999995559 ) ;
#720 = CARTESIAN_POINT ( 'NONE',  ( 3.592943821779224667, -3.592943821779234881, -0.9218749999999991118 ) ) ;
#721 = CARTESIAN_POINT ( 'NONE',  ( -4.930086852171255217E-16, -4.025721420742523371, -0.4999999999999987232 ) ) ;
#722 = AXIS2_PLACEMENT_3D ( 'NONE', #3810, #2843, #2064 ) ;
#723 = VERTEX_POINT ( 'NONE', #2382 ) ;
#724 = CARTESIAN_POINT ( 'NONE',  ( -1.667508410807434949, -4.025721420742524259, 2.593750000000002220 ) ) ;
#725 = CARTESIAN_POINT ( 'NONE',  ( 3.383345341190195477, 2.191858260411999826, -13.47427857925748995 ) ) ;
#726 = AXIS2_PLACEMENT_3D ( 'NONE', #2305, #3202, #203 ) ;
#727 = CARTESIAN_POINT ( 'NONE',  ( 2.919060764007749054, 3.583052619046515730, -12.88815567318627053 ) ) ;
#728 = CARTESIAN_POINT ( 'NONE',  ( -3.863624123654959330, 1.853871954876308958, 1.872988174832133090 ) ) ;
#729 = DIRECTION ( 'NONE',  ( -0.000000000000000000, -0.000000000000000000, 1.000000000000000000 ) ) ;
#730 = CARTESIAN_POINT ( 'NONE',  ( 2.846614915774974719, 2.846614915774964505, 0.06250000000000179023 ) ) ;
#731 = ADVANCED_FACE ( 'NONE', ( #2435 ), #719, .T. ) ;
#732 = ORIENTED_EDGE ( 'NONE', *, *, #2430, .F. ) ;
#733 = CARTESIAN_POINT ( 'NONE',  ( -2.846614915774974275, -2.846614915774983157, -13.99999999999999822 ) ) ;
#734 = ORIENTED_EDGE ( 'NONE', *, *, #1968, .T. ) ;
#735 = CARTESIAN_POINT ( 'NONE',  ( -5.099001794597502801, 6.244476226600442526E-16, 13.99999999999999822 ) ) ;
#736 = CARTESIAN_POINT ( 'NONE',  ( -6.222662924367237206E-16, -5.081189881604809777, -4.109375000000000000 ) ) ;
#737 = CARTESIAN_POINT ( 'NONE',  ( -5.000000000000012434, -8.806742536763703202E-15, -11.93750000000000355 ) ) ;
#738 = VERTEX_POINT ( 'NONE', #2062 ) ;
#739 = CARTESIAN_POINT ( 'NONE',  ( 1.667508410807433616, -4.025721420742524259, -10.90625000000000000 ) ) ;
#740 = CARTESIAN_POINT ( 'NONE',  ( -5.081189881604800007, -2.104697761953658652, 3.109374999999999112 ) ) ;
#741 = CARTESIAN_POINT ( 'NONE',  ( -1.667508410807434505, 4.025721420742504719, -4.156249999999998224 ) ) ;
#742 = EDGE_CURVE ( 'NONE', #248, #2616, #3278, .T. ) ;
#743 = CARTESIAN_POINT ( 'NONE',  ( 1.667508410807433616, -4.025721420742524259, 4.281250000000000888 ) ) ;
#744 = CARTESIAN_POINT ( 'NONE',  ( -6.222662924367237206E-16, -5.081189881604809777, -8.703124999999998224 ) ) ;
#745 = CARTESIAN_POINT ( 'NONE',  ( 3.975579770541141311, -0.6334022777739152232, -13.47427857925748818 ) ) ;
#746 = CARTESIAN_POINT ( 'NONE',  ( -4.025721420742514489, -8.866399893941979642E-15, -5.187499999999999112 ) ) ;
#747 = CARTESIAN_POINT ( 'NONE',  ( -1.663746164062832822, -3.658237857832119744, 13.36524241528352164 ) ) ;
#748 =( BOUNDED_CURVE ( )  B_SPLINE_CURVE ( 2, ( #3569, #3550, #3016, #857, #1830, #3863, #895, #2074, #2109 ),
 .UNSPECIFIED., .F., .F. ) 
 B_SPLINE_CURVE_WITH_KNOTS ( ( 3, 2, 2, 2, 3 ),
 ( 0.5576923076923078204, 0.5673076923076924016, 0.5769230769230768718, 0.5865384615384615641, 0.5961538461538461453 ),
 .UNSPECIFIED. ) 
 CURVE ( )  GEOMETRIC_REPRESENTATION_ITEM ( )  RATIONAL_B_SPLINE_CURVE ( ( 0.9999999999999991118, 0.9238795325112876267, 1.000000000000000000, 0.9238795325112867385, 1.000000000000000000, 0.9238795325112867385, 1.000000000000000000, 0.9238795325112867385, 1.000000000000000000 ) ) 
 REPRESENTATION_ITEM ( '' )  );
#749 = EDGE_CURVE ( 'NONE', #655, #865, #3156, .T. ) ;
#750 = VERTEX_POINT ( 'NONE', #15 ) ;
#751 = DIRECTION ( 'NONE',  ( 0.000000000000000000, 0.000000000000000000, 1.000000000000000000 ) ) ;
#752 = CARTESIAN_POINT ( 'NONE',  ( 2.797569140014720901, -2.894829850658321213, 1.183619750323454012 ) ) ;
#753 = CARTESIAN_POINT ( 'NONE',  ( -4.025721420742514489, -8.866399893941979642E-15, 0.6250000000000005551 ) ) ;
#754 = ORIENTED_EDGE ( 'NONE', *, *, #2203, .F. ) ;
#755 = CARTESIAN_POINT ( 'NONE',  ( -5.000000000000006217, 2.071067811865477282, 2.968749999999996447 ) ) ;
#756 = CARTESIAN_POINT ( 'NONE',  ( 3.592943821779225555, 3.592943821779214897, -8.046874999999998224 ) ) ;
#757 = CARTESIAN_POINT ( 'NONE',  ( -4.025721420742514489, -8.866399893941979642E-15, -12.87500000000000000 ) ) ;
#758 = CARTESIAN_POINT ( 'NONE',  ( 2.071067811865479502, -5.000000000000023093, -11.46875000000000178 ) ) ;
#759 = CARTESIAN_POINT ( 'NONE',  ( -5.081189881604800007, -2.104697761953658652, -13.48437499999999822 ) ) ;
#760 = ORIENTED_EDGE ( 'NONE', *, *, #3020, .F. ) ;
#761 = CARTESIAN_POINT ( 'NONE',  ( -1.667508410807434727, -4.025721420742523371, -8.093750000000000000 ) ) ;
#762 = CARTESIAN_POINT ( 'NONE',  ( 4.025721420742512713, -1.667508410807445607, 2.781250000000002665 ) ) ;
#763 = EDGE_CURVE ( 'NONE', #1360, #3141, #1621, .T. ) ;
#764 = CARTESIAN_POINT ( 'NONE',  ( 4.025721420742512713, -1.667508410807445607, -4.718749999999999112 ) ) ;
#765 = CARTESIAN_POINT ( 'NONE',  ( 3.592943821779225555, 3.592943821779214897, 3.859375000000003553 ) ) ;
#766 = CARTESIAN_POINT ( 'NONE',  ( 4.025721420742514489, -9.852417264376230094E-15, 4.562500000000000888 ) ) ;
#767 = PLANE ( 'NONE',  #49 ) ;
#768 = CARTESIAN_POINT ( 'NONE',  ( -3.535533905932746190, 3.535533905932737309, 1.374999999999999556 ) ) ;
#769 = ORIENTED_EDGE ( 'NONE', *, *, #763, .T. ) ;
#770 = CARTESIAN_POINT ( 'NONE',  ( 0.000000000000000000, 0.000000000000000000, 13.99999999999999822 ) ) ;
#771 = CARTESIAN_POINT ( 'NONE',  ( -1.667508410807434949, -4.025721420742524259, 0.9062500000000007772 ) ) ;
#772 = CARTESIAN_POINT ( 'NONE',  ( -4.025721420742514489, -8.866399893941979642E-15, -12.68750000000000000 ) ) ;
#773 = ORIENTED_EDGE ( 'NONE', *, *, #2925, .F. ) ;
#774 = CARTESIAN_POINT ( 'NONE',  ( -1.667508410807434949, -4.025721420742524259, -6.406249999999998224 ) ) ;
#775 = CARTESIAN_POINT ( 'NONE',  ( 1.352029590411673476, -4.712950720857604914, 3.565482401503370813 ) ) ;
#776 = CARTESIAN_POINT ( 'NONE',  ( 2.104697761953648882, -5.081189881604811553, -8.515624999999998224 ) ) ;
#777 = CARTESIAN_POINT ( 'NONE',  ( 4.025721420742514489, -9.852417264376230094E-15, -1.437499999999999556 ) ) ;
#778 = CARTESIAN_POINT ( 'NONE',  ( 4.025721420742512713, 1.667508410807426289, 4.656250000000000000 ) ) ;
#779 = CARTESIAN_POINT ( 'NONE',  ( -4.296420221561180419, 1.405350698398049492, 2.517945187051482403 ) ) ;
#780 = CARTESIAN_POINT ( 'NONE',  ( 2.104697761953652879, 5.081189881604789349, -12.54687499999999822 ) ) ;
#781 =( BOUNDED_CURVE ( )  B_SPLINE_CURVE ( 2, ( #1560, #2763, #3699, #1583, #3378, #83, #2745, #1280, #1014 ),
 .UNSPECIFIED., .F., .F. ) 
 B_SPLINE_CURVE_WITH_KNOTS ( ( 3, 2, 2, 2, 3 ),
 ( 0.2884615384615384914, 0.2980769230769231837, 0.3076923076923077649, 0.3173076923076923461, 0.3269230769230769273 ),
 .UNSPECIFIED. ) 
 CURVE ( )  GEOMETRIC_REPRESENTATION_ITEM ( )  RATIONAL_B_SPLINE_CURVE ( ( 0.9999999999999995559, 0.9238795325112871826, 1.000000000000000000, 0.9238795325112867385, 1.000000000000000000, 0.9238795325112867385, 1.000000000000000000, 0.9238795325112862944, 1.000000000000000444 ) ) 
 REPRESENTATION_ITEM ( '' )  );
#782 = CARTESIAN_POINT ( 'NONE',  ( -2.846614915774974275, 2.846614915774965393, -5.562500000000000000 ) ) ;
#783 = CARTESIAN_POINT ( 'NONE',  ( -4.025721420742513601, 1.667508410807425623, -14.28124999999999822 ) ) ;
#784 = CARTESIAN_POINT ( 'NONE',  ( 5.000000000000012434, -1.003138933591105784E-14, -5.374999999999996447 ) ) ;
#785 = CARTESIAN_POINT ( 'NONE',  ( -2.846614915774974275, 2.846614915774965393, -5.562500000000000000 ) ) ;
#786 = VECTOR ( 'NONE', #1670, 999.9999999999998863 ) ;
#787 = CARTESIAN_POINT ( 'NONE',  ( -5.081189881604800007, -2.104697761953658652, 3.015625000000003109 ) ) ;
#788 = CARTESIAN_POINT ( 'NONE',  ( -4.999999999999994671, 2.071067811865490160, -12.03125000000000178 ) ) ;
#789 = CARTESIAN_POINT ( 'NONE',  ( 0.000000000000000000, -3.469446951953614189E-15, -13.99999999999999822 ) ) ;
#790 = CARTESIAN_POINT ( 'NONE',  ( 0.000000000000000000, 4.025721420742504719, -4.062499999999998224 ) ) ;
#791 = FACE_OUTER_BOUND ( 'NONE', #1535, .T. ) ;
#792 = AXIS2_PLACEMENT_3D ( 'NONE', #1523, #1788, #875 ) ;
#793 = DIRECTION ( 'NONE',  ( 1.000000000000000000, 0.000000000000000000, 0.000000000000000000 ) ) ;
#794 = CARTESIAN_POINT ( 'NONE',  ( 0.000000000000000000, -3.469446951953614189E-15, -13.99999999999999822 ) ) ;
#795 = CARTESIAN_POINT ( 'NONE',  ( -1.667508410807434505, 4.025721420742504719, -11.65624999999999822 ) ) ;
#796 = VECTOR ( 'NONE', #1017, 1000.000000000000114 ) ;
#797 = CARTESIAN_POINT ( 'NONE',  ( 4.025721420742513601, 1.667508410807426067, 0.1562500000000018874 ) ) ;
#798 = CARTESIAN_POINT ( 'NONE',  ( -1.667508410807434505, 4.025721420742504719, -8.468749999999998224 ) ) ;
#799 = CARTESIAN_POINT ( 'NONE',  ( -4.101423018498167927, -2.102144233313143040, 2.756689715322714562 ) ) ;
#800 = EDGE_CURVE ( 'NONE', #1299, #1841, #3669, .T. ) ;
#801 = CARTESIAN_POINT ( 'NONE',  ( 3.175487663136246752, -2.504156298214063270, 1.209208528682379713 ) ) ;
#802 = CARTESIAN_POINT ( 'NONE',  ( -1.667508410807434505, 4.025721420742504719, 2.031250000000001776 ) ) ;
#803 = CARTESIAN_POINT ( 'NONE',  ( -1.667508410807434505, 4.025721420742504719, -13.15625000000000000 ) ) ;
#804 = CARTESIAN_POINT ( 'NONE',  ( 0.000000000000000000, 5.081189881604791125, -12.45312499999999822 ) ) ;
#805 = ORIENTED_EDGE ( 'NONE', *, *, #1142, .F. ) ;
#806 = CARTESIAN_POINT ( 'NONE',  ( -2.846614915774974275, -2.846614915774983157, -3.687500000000000000 ) ) ;
#807 = CARTESIAN_POINT ( 'NONE',  ( 3.535533905932747079, 3.535533905932736420, -11.00000000000000178 ) ) ;
#808 = CARTESIAN_POINT ( 'NONE',  ( -2.104697761953649326, 5.081189881604790237, 2.640625000000002220 ) ) ;
#809 = CARTESIAN_POINT ( 'NONE',  ( -5.000000000000012434, 2.071067811865471953, -4.531250000000000888 ) ) ;
#810 = DIRECTION ( 'NONE',  ( -1.000000000000000000, 0.000000000000000000, 0.000000000000000000 ) ) ;
#811 = CARTESIAN_POINT ( 'NONE',  ( -3.792909610659706665, 2.097868950126640097, -13.17123391127072018 ) ) ;
#812 = CARTESIAN_POINT ( 'NONE',  ( 3.999999999999998224, 2.309401076758503368, 13.72275660795741281 ) ) ;
#813 = CARTESIAN_POINT ( 'NONE',  ( -2.846614915774974275, -2.846614915774983157, -8.000000000000000000 ) ) ;
#814 = CARTESIAN_POINT ( 'NONE',  ( -5.081189881604800007, -8.801771090332180691E-15, -9.078125000000000000 ) ) ;
#815 = DIRECTION ( 'NONE',  ( 0.8660254037844383745, 0.5000000000000003331, 0.000000000000000000 ) ) ;
#816 = CARTESIAN_POINT ( 'NONE',  ( 4.946288724780249169, -0.6351095671874494863, 3.796492540962397300 ) ) ;
#817 = CARTESIAN_POINT ( 'NONE',  ( -4.025721420742513601, 1.667508410807425623, -14.46875000000000178 ) ) ;
#818 = ADVANCED_FACE ( 'NONE', ( #3506 ), #2049, .F. ) ;
#819 = CARTESIAN_POINT ( 'NONE',  ( 4.025721420742514489, -9.852417264376230094E-15, -3.124999999999999112 ) ) ;
#820 = CARTESIAN_POINT ( 'NONE',  ( 0.000000000000000000, 5.081189881604791125, 4.140625000000000000 ) ) ;
#821 = DIRECTION ( 'NONE',  ( 0.000000000000000000, 0.000000000000000000, 1.000000000000000000 ) ) ;
#822 = CARTESIAN_POINT ( 'NONE',  ( 5.081189881604800007, 2.104697761953641777, -0.7343749999999990008 ) ) ;
#823 = CARTESIAN_POINT ( 'NONE',  ( 2.071067811865483943, 5.000000000000000888, -3.406250000000001776 ) ) ;
#824 = CARTESIAN_POINT ( 'NONE',  ( -5.000000000000012434, -8.806742536763703202E-15, -6.124999999999996447 ) ) ;
#825 = ORIENTED_EDGE ( 'NONE', *, *, #1043, .T. ) ;
#826 = CARTESIAN_POINT ( 'NONE',  ( 4.985584772631853845, -1.002874130160274951E-14, 3.820822635401434297 ) ) ;
#827 = ORIENTED_EDGE ( 'NONE', *, *, #3347, .T. ) ;
#828 = CARTESIAN_POINT ( 'NONE',  ( -2.846614915774974275, 2.846614915774965393, -8.374999999999998224 ) ) ;
#829 = CARTESIAN_POINT ( 'NONE',  ( -1.385646722646278084, -4.487045760833644259, 2.997859854509628441 ) ) ;
#830 = EDGE_LOOP ( 'NONE', ( #2921, #3780, #689, #643, #1231, #488 ) ) ;
#831 = EDGE_CURVE ( 'NONE', #1823, #2847, #3010, .T. ) ;
#832 = CARTESIAN_POINT ( 'NONE',  ( 4.320661814619332297, -2.433562727150150096, 3.719028621975664084 ) ) ;
#833 = DIRECTION ( 'NONE',  ( -1.000000000000000000, 0.000000000000000000, 0.000000000000000000 ) ) ;
#834 = CARTESIAN_POINT ( 'NONE',  ( 4.025721420742512713, 1.667508410807426289, 1.656250000000001554 ) ) ;
#835 = LINE ( 'NONE', #525, #1567 ) ;
#836 = EDGE_CURVE ( 'NONE', #1404, #23, #3790, .T. ) ;
#837 = CARTESIAN_POINT ( 'NONE',  ( 1.667508410807436947, 4.025721420742503831, -2.843749999999999112 ) ) ;
#838 = CARTESIAN_POINT ( 'NONE',  ( -2.846614915774974275, 2.846614915774965393, 1.937500000000001776 ) ) ;
#839 = ORIENTED_EDGE ( 'NONE', *, *, #58, .T. ) ;
#840 = CARTESIAN_POINT ( 'NONE',  ( -5.081189881604800007, -2.104697761953658652, 0.01562500000000174860 ) ) ;
#841 = CARTESIAN_POINT ( 'NONE',  ( 3.954310297771077565, -1.334771558035143801, 1.565501284154751316 ) ) ;
#842 = PLANE ( 'NONE',  #2476 ) ;
#843 = CARTESIAN_POINT ( 'NONE',  ( -6.222662924367237206E-16, -5.081189881604809777, -10.10937500000000000 ) ) ;
#844 = CARTESIAN_POINT ( 'NONE',  ( -2.417124987201707764, 3.514480337538569366, -13.24025842101855410 ) ) ;
#845 = DIRECTION ( 'NONE',  ( -1.000000000000000000, -1.224646799147351482E-16, 0.000000000000000000 ) ) ;
#846 = AXIS2_PLACEMENT_3D ( 'NONE', #3860, #541, #1439 ) ;
#847 = CARTESIAN_POINT ( 'NONE',  ( -1.667508410807434061, 4.025721420742504719, 0.5312500000000004441 ) ) ;
#848 = AXIS2_PLACEMENT_3D ( 'NONE', #431, #1657, #1579 ) ;
#849 = CARTESIAN_POINT ( 'NONE',  ( 4.025721420742512713, 1.667508410807426289, 4.468750000000000888 ) ) ;
#850 = CARTESIAN_POINT ( 'NONE',  ( -4.930086852171255217E-16, -4.025721420742523371, -6.312499999999998224 ) ) ;
#851 = CARTESIAN_POINT ( 'NONE',  ( -4.288481149016925009, -0.5824423429120978435, 1.987306283882750879 ) ) ;
#852 = CARTESIAN_POINT ( 'NONE',  ( 3.592943821779224667, -3.592943821779234881, -14.42187500000000000 ) ) ;
#853 = DIRECTION ( 'NONE',  ( -0.000000000000000000, -0.000000000000000000, 1.000000000000000000 ) ) ;
#854 = TOROIDAL_SURFACE ( 'NONE', #1098, 7.500000000000001776, 0.5000000000000013323 ) ;
#855 = EDGE_CURVE ( 'NONE', #750, #3344, #406, .T. ) ;
#856 = CARTESIAN_POINT ( 'NONE',  ( 4.083719729857826941, 1.138866016637539280, 1.744587875653722975 ) ) ;
#857 = CARTESIAN_POINT ( 'NONE',  ( -2.071067811865481278, -5.000000000000022204, -2.843749999999997335 ) ) ;
#858 = CARTESIAN_POINT ( 'NONE',  ( 2.104697761953652879, 5.081189881604789349, -9.546874999999996447 ) ) ;
#859 = CARTESIAN_POINT ( 'NONE',  ( 0.000000000000000000, 4.025721420742504719, -2.749999999999999112 ) ) ;
#860 = CARTESIAN_POINT ( 'NONE',  ( -2.846614915774974275, 2.846614915774965393, -3.874999999999998224 ) ) ;
#861 = EDGE_LOOP ( 'NONE', ( #670, #2660, #144, #440 ) ) ;
#862 = CYLINDRICAL_SURFACE ( 'NONE', #726, 5.000000000000006217 ) ;
#863 = CARTESIAN_POINT ( 'NONE',  ( 1.667508410807433616, -4.025721420742524259, -4.906249999999999112 ) ) ;
#864 = EDGE_CURVE ( 'NONE', #628, #1870, #3230, .T. ) ;
#865 = VERTEX_POINT ( 'NONE', #481 ) ;
#866 = CARTESIAN_POINT ( 'NONE',  ( -3.535533905932746190, -3.535533905932755072, -2.750000000000000888 ) ) ;
#867 = EDGE_CURVE ( 'NONE', #1404, #3324, #226, .T. ) ;
#868 = ORIENTED_EDGE ( 'NONE', *, *, #2254, .F. ) ;
#869 = CARTESIAN_POINT ( 'NONE',  ( -2.846614915774974275, 2.846614915774965393, 3.437499999999999556 ) ) ;
#870 = CARTESIAN_POINT ( 'NONE',  ( 1.667508410807433616, -4.025721420742524259, -4.718749999999999112 ) ) ;
#871 = CARTESIAN_POINT ( 'NONE',  ( -6.123233995736780087E-16, -5.000000000000022204, -7.062500000000000888 ) ) ;
#872 = DIRECTION ( 'NONE',  ( 1.000000000000000000, 0.000000000000000000, 0.000000000000000000 ) ) ;
#873 = CARTESIAN_POINT ( 'NONE',  ( 2.104697761953648882, -5.081189881604811553, -2.515624999999998668 ) ) ;
#874 = CARTESIAN_POINT ( 'NONE',  ( -3.535533905932746190, -3.535533905932755072, 3.062500000000004441 ) ) ;
#875 = DIRECTION ( 'NONE',  ( 0.000000000000000000, 0.000000000000000000, -1.000000000000000000 ) ) ;
#876 = CARTESIAN_POINT ( 'NONE',  ( -1.667508410807434949, -4.025721420742524259, -7.906250000000000888 ) ) ;
#877 =( BOUNDED_CURVE ( )  B_SPLINE_CURVE ( 2, ( #2919, #289, #3217, #2940, #3827, #2356, #807, #2593, #3573 ),
 .UNSPECIFIED., .F., .T. ) 
 B_SPLINE_CURVE_WITH_KNOTS ( ( 3, 2, 2, 2, 3 ),
 ( 0.7500000000000000000, 0.7596153846153845812, 0.7692307692307691624, 0.7788461538461539657, 0.7884615384615385469 ),
 .UNSPECIFIED. ) 
 CURVE ( )  GEOMETRIC_REPRESENTATION_ITEM ( )  RATIONAL_B_SPLINE_CURVE ( ( 1.000000000000000000, 0.9238795325112867385, 1.000000000000000000, 0.9238795325112867385, 1.000000000000000000, 0.9238795325112867385, 1.000000000000000000, 0.9238795325112858503, 1.000000000000000888 ) ) 
 REPRESENTATION_ITEM ( '' )  );
#878 = CARTESIAN_POINT ( 'NONE',  ( 3.535533905932745746, -3.535533905932756404, -4.062499999999996447 ) ) ;
#879 = CARTESIAN_POINT ( 'NONE',  ( -1.667508410807434949, -4.025721420742524259, -1.906249999999998668 ) ) ;
#880 = CARTESIAN_POINT ( 'NONE',  ( -3.535533905932746190, 3.535533905932737309, -12.31249999999999645 ) ) ;
#881 = ORIENTED_EDGE ( 'NONE', *, *, #258, .T. ) ;
#882 = CARTESIAN_POINT ( 'NONE',  ( 4.025721420742512713, -1.667508410807445607, -12.03124999999999822 ) ) ;
#883 = CARTESIAN_POINT ( 'NONE',  ( 3.071959810122759205, 2.621270021427180907, -13.45541702764432479 ) ) ;
#884 = CARTESIAN_POINT ( 'NONE',  ( 0.000000000000000000, -3.469446951953614189E-15, 13.49999999999999822 ) ) ;
#885 = CARTESIAN_POINT ( 'NONE',  ( -3.592943821779224667, 3.592943821779215785, -6.265624999999998224 ) ) ;
#886 = CARTESIAN_POINT ( 'NONE',  ( -4.930086852171255217E-16, -4.025721420742523371, -9.499999999999998224 ) ) ;
#887 = ORIENTED_EDGE ( 'NONE', *, *, #1154, .T. ) ;
#888 = CARTESIAN_POINT ( 'NONE',  ( 0.000000000000000000, 5.000000000000002665, -3.499999999999996003 ) ) ;
#889 = CARTESIAN_POINT ( 'NONE',  ( 4.025721420742513601, -1.667508410807445607, -10.53124999999999822 ) ) ;
#890 = CARTESIAN_POINT ( 'NONE',  ( 4.025721420742514489, -9.852417264376230094E-15, 1.375000000000001332 ) ) ;
#891 = CARTESIAN_POINT ( 'NONE',  ( -4.025721420742513601, -1.667508410807443386, -2.093749999999998668 ) ) ;
#892 = CARTESIAN_POINT ( 'NONE',  ( -5.000000000000012434, -2.071067811865489716, -7.343750000000000888 ) ) ;
#893 = CARTESIAN_POINT ( 'NONE',  ( -3.999999999999998224, 2.309401076758501148, 8.999999999999998224 ) ) ;
#894 = CARTESIAN_POINT ( 'NONE',  ( 0.000000000000000000, -3.469446951953614189E-15, 4.000000000000000000 ) ) ;
#895 = CARTESIAN_POINT ( 'NONE',  ( 3.535533905932745746, -3.535533905932756404, -2.562499999999996891 ) ) ;
#896 = FACE_OUTER_BOUND ( 'NONE', #1286, .T. ) ;
#897 = CARTESIAN_POINT ( 'NONE',  ( 1.667508410807436947, 4.025721420742503831, -2.843749999999999112 ) ) ;
#898 = CARTESIAN_POINT ( 'NONE',  ( 0.000000000000000000, 4.025721420742504719, -4.062499999999998224 ) ) ;
#899 = ORIENTED_EDGE ( 'NONE', *, *, #165, .T. ) ;
#900 = CARTESIAN_POINT ( 'NONE',  ( 2.104697761953652879, 5.081189881604789349, -0.5468749999999986677 ) ) ;
#901 = CARTESIAN_POINT ( 'NONE',  ( -5.000000000000006217, -3.469446951953614189E-15, -13.99999999999999822 ) ) ;
#902 = CARTESIAN_POINT ( 'NONE',  ( 2.071067811865479502, -5.000000000000023093, -5.468750000000001776 ) ) ;
#903 = CARTESIAN_POINT ( 'NONE',  ( 4.025721420742514489, -9.852417264376230094E-15, -6.124999999999998224 ) ) ;
#904 = CARTESIAN_POINT ( 'NONE',  ( -4.025721420742513601, -1.667508410807443386, -6.781249999999999112 ) ) ;
#905 = CARTESIAN_POINT ( 'NONE',  ( 1.972751820992174832, 4.183668305181922342, 2.804002243882008027 ) ) ;
#906 = CARTESIAN_POINT ( 'NONE',  ( 5.000000000000011546, 0.5131607518828841252, 3.835728993378871188 ) ) ;
#907 =( BOUNDED_CURVE ( )  B_SPLINE_CURVE ( 2, ( #216, #2666, #3531, #548, #2898, #1771, #631, #2423, #1882 ),
 .UNSPECIFIED., .F., .T. ) 
 B_SPLINE_CURVE_WITH_KNOTS ( ( 3, 2, 2, 2, 3 ),
 ( 0.2884615384615384914, 0.2980769230769231282, 0.3076923076923077094, 0.3173076923076922906, 0.3269230769230769273 ),
 .UNSPECIFIED. ) 
 CURVE ( )  GEOMETRIC_REPRESENTATION_ITEM ( )  RATIONAL_B_SPLINE_CURVE ( ( 0.9999999999999995559, 0.9238795325112871826, 1.000000000000000000, 0.9238795325112867385, 1.000000000000000000, 0.9238795325112867385, 1.000000000000000000, 0.9238795325112867385, 1.000000000000000000 ) ) 
 REPRESENTATION_ITEM ( '' )  );
#908 = CARTESIAN_POINT ( 'NONE',  ( -4.025721420742514489, -1.667508410807443164, -9.593749999999998224 ) ) ;
#909 = EDGE_CURVE ( 'NONE', #750, #691, #3819, .T. ) ;
#910 = CARTESIAN_POINT ( 'NONE',  ( -5.000000000000008882, -2.071067811865494157, 1.656250000000000000 ) ) ;
#911 = ORIENTED_EDGE ( 'NONE', *, *, #3247, .F. ) ;
#912 = CARTESIAN_POINT ( 'NONE',  ( 5.081189881604800007, -2.104697761953661761, 5.078125000000000888 ) ) ;
#913 = CARTESIAN_POINT ( 'NONE',  ( 4.025721420742512713, 1.667508410807426289, 2.968750000000002220 ) ) ;
#914 = CARTESIAN_POINT ( 'NONE',  ( 0.000000000000000000, 4.025721420742504719, -1.062499999999999112 ) ) ;
#915 = CARTESIAN_POINT ( 'NONE',  ( 3.926537111686375425, -2.211729593185566056, 2.479496837289314026 ) ) ;
#916 = APPLICATION_PROTOCOL_DEFINITION ( 'draft international standard', 'automotive_design', 1998, #1335 ) ;
#917 = CARTESIAN_POINT ( 'NONE',  ( 2.846614915774974719, 2.846614915774964505, -11.93750000000000000 ) ) ;
#918 = DIRECTION ( 'NONE',  ( 0.3420201433256694901, -4.188538737677001009E-17, 0.9396926207859082059 ) ) ;
#919 = EDGE_CURVE ( 'NONE', #3111, #557, #2659, .T. ) ;
#920 = CARTESIAN_POINT ( 'NONE',  ( -5.000000000000012434, 2.071067811865471953, -0.2187499999999966416 ) ) ;
#921 = VECTOR ( 'NONE', #122, 1000.000000000000000 ) ;
#922 = CARTESIAN_POINT ( 'NONE',  ( -2.104697761953649326, 5.081189881604790237, -12.26562499999999822 ) ) ;
#923 = CARTESIAN_POINT ( 'NONE',  ( 4.025721420742514489, -9.852417264376230094E-15, -5.937499999999998224 ) ) ;
#924 = CARTESIAN_POINT ( 'NONE',  ( -5.000000000000012434, -8.806742536763703202E-15, -1.624999999999996225 ) ) ;
#925 = VECTOR ( 'NONE', #363, 1000.000000000000000 ) ;
#926 = ORIENTED_EDGE ( 'NONE', *, *, #1115, .T. ) ;
#927 = CARTESIAN_POINT ( 'NONE',  ( -2.886850508001388427, -3.515559516995172551, -12.96125397376400024 ) ) ;
#928 = CARTESIAN_POINT ( 'NONE',  ( -4.405648816047917471, -8.843136050513523483E-15, -13.09435118395208697 ) ) ;
#929 = CARTESIAN_POINT ( 'NONE',  ( 2.104697761953648882, -5.081189881604811553, -5.609374999999999112 ) ) ;
#930 = CARTESIAN_POINT ( 'NONE',  ( 2.846614915774974719, 2.846614915774964505, -7.437499999999999112 ) ) ;
#931 = CARTESIAN_POINT ( 'NONE',  ( 4.025721420742512713, 1.667508410807426289, -9.031250000000000000 ) ) ;
#932 = CARTESIAN_POINT ( 'NONE',  ( -1.292294014845932093, 4.494846130329468892, 2.945836910772799744 ) ) ;
#933 = ORIENTED_EDGE ( 'NONE', *, *, #2743, .F. ) ;
#934 = CARTESIAN_POINT ( 'NONE',  ( -5.000000000000003553, -2.071067811865498154, -2.843750000000000000 ) ) ;
#935 = CARTESIAN_POINT ( 'NONE',  ( -4.025721420742514489, 1.667508410807425623, -9.781249999999998224 ) ) ;
#936 = CARTESIAN_POINT ( 'NONE',  ( 2.071067811865479502, -5.000000000000023093, 2.031250000000000000 ) ) ;
#937 = B_SPLINE_CURVE_WITH_KNOTS ( 'NONE', 3,
 ( #2537, #1597, #1336, #747, #3066, #2777, #3140, #94 ),
 .UNSPECIFIED., .F., .F.,
 ( 4, 2, 2, 4 ),
 ( 2.380737581617534223E-07, 0.002332607846774747973, 0.003498792733283041627, 0.004664977619791335281 ),
 .UNSPECIFIED. ) ;
#938 = CARTESIAN_POINT ( 'NONE',  ( -3.999999999999998224, 2.309401076758501148, 13.72275660795741281 ) ) ;
#939 = VERTEX_POINT ( 'NONE', #1125 ) ;
#940 = CARTESIAN_POINT ( 'NONE',  ( 2.846614915774974719, 2.846614915774964505, 4.562500000000000888 ) ) ;
#941 = CARTESIAN_POINT ( 'NONE',  ( -3.592943821779224667, -3.592943821779233549, -8.890625000000000000 ) ) ;
#942 = DIRECTION ( 'NONE',  ( 0.000000000000000000, 1.000000000000000000, 0.000000000000000000 ) ) ;
#943 = ORIENTED_EDGE ( 'NONE', *, *, #1509, .F. ) ;
#944 = APPLICATION_PROTOCOL_DEFINITION ( 'draft international standard', 'automotive_design', 1998, #2626 ) ;
#945 = DIRECTION ( 'NONE',  ( 0.7071067811865484609, 0.000000000000000000, 0.7071067811865465735 ) ) ;
#946 = ADVANCED_FACE ( 'NONE', ( #1783 ), #522, .T. ) ;
#947 = CARTESIAN_POINT ( 'NONE',  ( 5.000000000000006217, -2.857123552379936476E-15, -13.99999999999999822 ) ) ;
#948 = CARTESIAN_POINT ( 'NONE',  ( -6.222662924367237206E-16, -5.081189881604809777, -13.10937500000000000 ) ) ;
#949 = EDGE_CURVE ( 'NONE', #3652, #1360, #3044, .T. ) ;
#950 = CARTESIAN_POINT ( 'NONE',  ( -1.667508410807434727, -4.025721420742523371, -0.4062499999999986677 ) ) ;
#951 = CARTESIAN_POINT ( 'NONE',  ( -5.000000000000012434, -8.806742536763703202E-15, -7.624999999999996447 ) ) ;
#952 = VERTEX_POINT ( 'NONE', #2070 ) ;
#953 = CARTESIAN_POINT ( 'NONE',  ( 1.667508410807436947, 4.025721420742503831, -11.84375000000000178 ) ) ;
#954 = CARTESIAN_POINT ( 'NONE',  ( -2.846614915774974275, -2.846614915774983157, -6.687499999999999112 ) ) ;
#955 = CARTESIAN_POINT ( 'NONE',  ( -4.025721420742513601, 1.667508410807425623, -6.968749999999999112 ) ) ;
#956 = CARTESIAN_POINT ( 'NONE',  ( 5.000000000000001776, 2.071067811865481723, -11.28124999999999289 ) ) ;
#957 = CARTESIAN_POINT ( 'NONE',  ( -2.846614915774974275, -2.846614915774983157, -6.499999999999999112 ) ) ;
#958 = CARTESIAN_POINT ( 'NONE',  ( 2.104697761953652879, 5.081189881604789349, 5.453125000000001776 ) ) ;
#959 = CARTESIAN_POINT ( 'NONE',  ( 0.000000000000000000, 0.000000000000000000, -14.14699193025205659 ) ) ;
#960 = EDGE_LOOP ( 'NONE', ( #2970, #3813, #3187, #154 ) ) ;
#961 = DIRECTION ( 'NONE',  ( -1.000000000000000000, 0.000000000000000000, 0.000000000000000000 ) ) ;
#962 = EDGE_CURVE ( 'NONE', #2183, #291, #477, .T. ) ;
#963 = CARTESIAN_POINT ( 'NONE',  ( -5.000000000000012434, -2.071067811865489716, -4.531249999999997335 ) ) ;
#964 = CARTESIAN_POINT ( 'NONE',  ( 5.081189881604800007, 2.104697761953641777, -9.640625000000001776 ) ) ;
#965 = CARTESIAN_POINT ( 'NONE',  ( -4.930086852171255217E-16, -4.025721420742523371, -1.999999999999998224 ) ) ;
#966 = DIRECTION ( 'NONE',  ( -0.000000000000000000, -0.000000000000000000, -1.000000000000000000 ) ) ;
#967 = ORIENTED_EDGE ( 'NONE', *, *, #3004, .T. ) ;
#968 = CARTESIAN_POINT ( 'NONE',  ( 4.222630878411841593, -2.313042461670264061, -12.69512745502439444 ) ) ;
#969 = CARTESIAN_POINT ( 'NONE',  ( 3.592943821779224667, -3.592943821779234881, -5.515624999999998224 ) ) ;
#970 = PLANE ( 'NONE',  #978 ) ;
#971 = EDGE_LOOP ( 'NONE', ( #1140, #3067, #1690, #96 ) ) ;
#972 = CARTESIAN_POINT ( 'NONE',  ( 0.9985866115072214999, 4.067196466818089995, 1.604899079553903096 ) ) ;
#973 = ORIENTED_EDGE ( 'NONE', *, *, #3530, .F. ) ;
#974 = CARTESIAN_POINT ( 'NONE',  ( 4.039434841337436133, -0.4248541993216309320, -13.44403155343007406 ) ) ;
#975 = CARTESIAN_POINT ( 'NONE',  ( 4.025721420742512713, -1.667508410807445607, -12.21875000000000178 ) ) ;
#976 = AXIS2_PLACEMENT_3D ( 'NONE', #3731, #375, #703 ) ;
#977 = CARTESIAN_POINT ( 'NONE',  ( -3.592943821779224667, -3.592943821779233549, -11.79687500000000000 ) ) ;
#978 = AXIS2_PLACEMENT_3D ( 'NONE', #1695, #3204, #1671 ) ;
#979 = CARTESIAN_POINT ( 'NONE',  ( 2.846614915774974719, 2.846614915774964505, 0.2500000000000019429 ) ) ;
#980 = CARTESIAN_POINT ( 'NONE',  ( -4.025721420742513601, -1.667508410807443386, -9.593749999999996447 ) ) ;
#981 = CARTESIAN_POINT ( 'NONE',  ( -3.535533905932746190, -3.535533905932755072, -10.25000000000000178 ) ) ;
#982 = ORIENTED_EDGE ( 'NONE', *, *, #1295, .T. ) ;
#983 = CARTESIAN_POINT ( 'NONE',  ( 5.081189881604800007, -2.104697761953661761, 2.078125000000001776 ) ) ;
#984 = AXIS2_PLACEMENT_3D ( 'NONE', #563, #323, #3606 ) ;
#985 = B_SPLINE_CURVE_WITH_KNOTS ( 'NONE', 3,
 ( #2199, #2458, #1977, #3122, #994, #3373, #2217, #2249, #112, #727, #3084, #1904, #3394, #3099, #686, #3435, #2500, #3716 ),
 .UNSPECIFIED., .F., .F.,
 ( 4, 2, 2, 2, 2, 2, 2, 2, 4 ),
 ( 0.0006518111974047941957, 0.001556780282313067251, 0.002461749367221340197, 0.003366718452129612710, 0.004271687537037885223, 0.005176656621946156868, 0.006081625706854430248, 0.006986594791762703628, 0.007891563876670976141 ),
 .UNSPECIFIED. ) ;
#986 = CARTESIAN_POINT ( 'NONE',  ( -4.930086852171255217E-16, -4.025721420742523371, -6.499999999999999112 ) ) ;
#987 = CARTESIAN_POINT ( 'NONE',  ( 5.081189881604800007, 2.104697761953641777, -2.140625000000000444 ) ) ;
#988 = CARTESIAN_POINT ( 'NONE',  ( 4.025721420742512713, -1.667508410807445607, -7.718749999999999112 ) ) ;
#989 = CARTESIAN_POINT ( 'NONE',  ( 1.667508410807433616, -4.025721420742524259, -3.218749999999999556 ) ) ;
#990 = AXIS2_PLACEMENT_3D ( 'NONE', #2372, #3546, #593 ) ;
#991 = LINE ( 'NONE', #411, #167 ) ;
#992 = CARTESIAN_POINT ( 'NONE',  ( 1.667508410807436947, 4.025721420742503831, -10.15624999999999822 ) ) ;
#993 = ADVANCED_FACE ( 'NONE', ( #3306 ), #615, .T. ) ;
#994 = CARTESIAN_POINT ( 'NONE',  ( 4.055908138054299172, 1.492979134871165847, -13.18830926711350493 ) ) ;
#995 = ORIENTED_EDGE ( 'NONE', *, *, #855, .T. ) ;
#996 = CARTESIAN_POINT ( 'NONE',  ( 2.015856774196327805, 3.648784754115558027, 1.551510574814736421 ) ) ;
#997 = ORIENTED_EDGE ( 'NONE', *, *, #3530, .T. ) ;
#998 = LINE ( 'NONE', #1888, #1171 ) ;
#999 = CARTESIAN_POINT ( 'NONE',  ( 0.7549454228778740283, -4.685490830280516050, 3.134569795479411614 ) ) ;
#1000 = CARTESIAN_POINT ( 'NONE',  ( -2.355184911237216738, -4.235833264724452540, 3.410254125823184879 ) ) ;
#1001 = CARTESIAN_POINT ( 'NONE',  ( -2.104697761953650215, -5.081189881604809777, -8.703125000000000000 ) ) ;
#1002 = CARTESIAN_POINT ( 'NONE',  ( -4.930086852171255217E-16, -4.025721420742523371, -9.312499999999998224 ) ) ;
#1003 = CARTESIAN_POINT ( 'NONE',  ( -2.071067811865481278, -5.000000000000022204, -7.343749999999998224 ) ) ;
#1004 = ORIENTED_EDGE ( 'NONE', *, *, #3405, .F. ) ;
#1005 = VERTEX_POINT ( 'NONE', #3 ) ;
#1006 = CARTESIAN_POINT ( 'NONE',  ( 4.025721420742514489, -9.852417264376230094E-15, -10.62499999999999822 ) ) ;
#1007 = CARTESIAN_POINT ( 'NONE',  ( 1.667508410807436947, 4.025721420742503831, -5.843749999999998224 ) ) ;
#1008 = EDGE_CURVE ( 'NONE', #3127, #1921, #2610, .T. ) ;
#1009 = CARTESIAN_POINT ( 'NONE',  ( -4.025721420742513601, 1.667508410807425623, 0.7187500000000005551 ) ) ;
#1010 = DIRECTION ( 'NONE',  ( -0.000000000000000000, -0.000000000000000000, -1.000000000000000000 ) ) ;
#1011 = CARTESIAN_POINT ( 'NONE',  ( -4.930086852171255217E-16, -4.025721420742523371, -3.312499999999999556 ) ) ;
#1012 = CARTESIAN_POINT ( 'NONE',  ( 5.000000000000012434, -1.003138933591105784E-14, 0.6250000000000042188 ) ) ;
#1013 = CARTESIAN_POINT ( 'NONE',  ( 3.886916284302941893, 1.355112954534757330, 1.407646450380533487 ) ) ;
#1014 = CARTESIAN_POINT ( 'NONE',  ( 5.000000000000012434, -1.003138933591105784E-14, -2.187500000000001776 ) ) ;
#1015 = EDGE_LOOP ( 'NONE', ( #1628, #402, #2201, #2568 ) ) ;
#1016 = EDGE_LOOP ( 'NONE', ( #12, #1611, #973, #3566, #82 ) ) ;
#1017 = DIRECTION ( 'NONE',  ( -0.8660254037844397068, 1.060575238724908147E-16, 0.4999999999999979461 ) ) ;
#1018 = CARTESIAN_POINT ( 'NONE',  ( 3.592943821779224667, -3.592943821779234881, -5.421875000000000000 ) ) ;
#1019 = CARTESIAN_POINT ( 'NONE',  ( -2.072837894178161111, 3.921960832182080470, 2.285808614364105207 ) ) ;
#1020 = CARTESIAN_POINT ( 'NONE',  ( 4.086762532646120327, 2.063596979648244290, 2.673961333779903526 ) ) ;
#1021 = ORIENTED_EDGE ( 'NONE', *, *, #165, .F. ) ;
#1022 = CARTESIAN_POINT ( 'NONE',  ( 4.025721420742513601, 1.667508410807426067, -6.031249999999998224 ) ) ;
#1023 = CARTESIAN_POINT ( 'NONE',  ( -5.081189881604800007, -8.801771090332180691E-15, 0.01562500000000001388 ) ) ;
#1024 = CARTESIAN_POINT ( 'NONE',  ( -4.025721420742513601, -1.667508410807443386, -0.7812499999999990008 ) ) ;
#1025 = CARTESIAN_POINT ( 'NONE',  ( -1.667508410807434505, 4.025721420742504719, 2.031250000000001776 ) ) ;
#1026 = CARTESIAN_POINT ( 'NONE',  ( 4.200310384173238987, 2.025701212517513242E-11, 1.663298985035360333 ) ) ;
#1027 = EDGE_CURVE ( 'NONE', #557, #1139, #1869, .T. ) ;
#1028 = CARTESIAN_POINT ( 'NONE',  ( 1.667508410807433616, -4.025721420742524259, -3.218749999999999556 ) ) ;
#1029 = CARTESIAN_POINT ( 'NONE',  ( -3.613907143057008481E-16, 4.618802153517004960, 8.999999999999998224 ) ) ;
#1030 = DIRECTION ( 'NONE',  ( 1.000000000000000000, 0.000000000000000000, 0.000000000000000000 ) ) ;
#1031 = CARTESIAN_POINT ( 'NONE',  ( -4.025721420742513601, 1.667508410807425623, -0.9687499999999993339 ) ) ;
#1032 = CARTESIAN_POINT ( 'NONE',  ( -8.000000000000003553, -3.469446951953614189E-15, 4.500000000000000888 ) ) ;
#1033 = CARTESIAN_POINT ( 'NONE',  ( -3.592943821779224667, 3.592943821779215785, -6.171875000000000000 ) ) ;
#1034 = ADVANCED_FACE ( 'NONE', ( #3270 ), #2389, .F. ) ;
#1035 = CARTESIAN_POINT ( 'NONE',  ( -2.804982579526050124, 3.464625722654227857, 2.345030331468665796 ) ) ;
#1036 = CARTESIAN_POINT ( 'NONE',  ( 0.5192672327891352246, 4.620320015494598032, 2.869936827975974047 ) ) ;
#1037 = ORIENTED_EDGE ( 'NONE', *, *, #2673, .F. ) ;
#1038 = CARTESIAN_POINT ( 'NONE',  ( -2.336253835937163625, 3.269965372443385920, 13.36524241528352341 ) ) ;
#1039 = CARTESIAN_POINT ( 'NONE',  ( -2.846614915774974275, 2.846614915774965393, -11.56250000000000000 ) ) ;
#1040 = AXIS2_PLACEMENT_3D ( 'NONE', #2728, #3317, #3576 ) ;
#1041 = CARTESIAN_POINT ( 'NONE',  ( -5.081189881604800007, -2.104697761953658652, 1.609375000000001332 ) ) ;
#1042 = CARTESIAN_POINT ( 'NONE',  ( 0.000000000000000000, 4.025721420742504719, -4.249999999999998224 ) ) ;
#1043 = EDGE_CURVE ( 'NONE', #1870, #952, #3407, .T. ) ;
#1044 = CARTESIAN_POINT ( 'NONE',  ( -1.667508410807434505, 4.025721420742504719, 0.5312500000000004441 ) ) ;
#1045 = CARTESIAN_POINT ( 'NONE',  ( -2.071067811865481278, -5.000000000000022204, -10.34374999999999645 ) ) ;
#1046 = CARTESIAN_POINT ( 'NONE',  ( -2.846614915774974275, -2.846614915774983157, -4.999999999999999112 ) ) ;
#1047 = CARTESIAN_POINT ( 'NONE',  ( -2.071067811865481278, -5.000000000000022204, 0.1562500000000037192 ) ) ;
#1048 = DIRECTION ( 'NONE',  ( -1.000000000000000000, 0.000000000000000000, 0.000000000000000000 ) ) ;
#1049 = CARTESIAN_POINT ( 'NONE',  ( -1.667508410807434505, 4.025721420742504719, 0.3437500000000002776 ) ) ;
#1050 = ORIENTED_EDGE ( 'NONE', *, *, #742, .F. ) ;
#1051 = LINE ( 'NONE', #3128, #1956 ) ;
#1052 = CARTESIAN_POINT ( 'NONE',  ( 5.081189881604800007, 2.104697761953641777, -8.140624999999998224 ) ) ;
#1053 = CARTESIAN_POINT ( 'NONE',  ( -4.025721420742513601, -1.667508410807443386, -14.28124999999999822 ) ) ;
#1054 = CARTESIAN_POINT ( 'NONE',  ( 5.000000000000012434, -1.003138933591105784E-14, -0.8749999999999972244 ) ) ;
#1055 = CARTESIAN_POINT ( 'NONE',  ( -6.222662924367237206E-16, -5.081189881604809777, -13.20312499999999822 ) ) ;
#1056 = CARTESIAN_POINT ( 'NONE',  ( 2.846614915774974719, 2.846614915774964505, -10.43749999999999822 ) ) ;
#1057 = CARTESIAN_POINT ( 'NONE',  ( -2.846614915774974275, -2.846614915774983157, -3.687500000000000000 ) ) ;
#1058 = CARTESIAN_POINT ( 'NONE',  ( -2.846614915774974275, 2.846614915774965393, 3.624999999999999556 ) ) ;
#1059 = DIRECTION ( 'NONE',  ( -1.000000000000000000, 0.000000000000000000, 0.000000000000000000 ) ) ;
#1060 = DIRECTION ( 'NONE',  ( -0.000000000000000000, -0.000000000000000000, -1.000000000000000000 ) ) ;
#1061 =( LENGTH_UNIT ( ) NAMED_UNIT ( * ) SI_UNIT ( .MILLI., .METRE. ) );
#1062 = CARTESIAN_POINT ( 'NONE',  ( 2.071067811865479502, -5.000000000000023093, 1.843750000000003553 ) ) ;
#1063 = CARTESIAN_POINT ( 'NONE',  ( -4.025721420742513601, -1.667508410807443386, 0.7187500000000005551 ) ) ;
#1064 = CARTESIAN_POINT ( 'NONE',  ( -4.025721420742514489, 1.667508410807425623, 0.7187500000000006661 ) ) ;
#1065 = CARTESIAN_POINT ( 'NONE',  ( -4.025721420742513601, -1.667508410807443386, -14.09375000000000178 ) ) ;
#1066 = CARTESIAN_POINT ( 'NONE',  ( -4.025721420742514489, -8.866399893941979642E-15, -8.187499999999998224 ) ) ;
#1067 = CARTESIAN_POINT ( 'NONE',  ( 5.081189881604800007, 2.104697761953641777, -14.14062500000000000 ) ) ;
#1068 = DIRECTION ( 'NONE',  ( 0.3420201433256694901, -4.188538737677001009E-17, 0.9396926207859082059 ) ) ;
#1069 = CARTESIAN_POINT ( 'NONE',  ( 5.081189881604800007, -1.004630367520562695E-14, -5.234374999999999112 ) ) ;
#1070 = CARTESIAN_POINT ( 'NONE',  ( 4.025721420742513601, 1.667508410807426067, -1.343749999999999556 ) ) ;
#1071 = CARTESIAN_POINT ( 'NONE',  ( 4.025721420742512713, -1.667508410807445607, 4.468750000000000888 ) ) ;
#1072 = CARTESIAN_POINT ( 'NONE',  ( -3.934909740049213234, 2.181247317646981543, 2.458983979616550020 ) ) ;
#1073 = CARTESIAN_POINT ( 'NONE',  ( -1.667508410807434727, -4.025721420742523371, -3.593749999999999556 ) ) ;
#1074 = CARTESIAN_POINT ( 'NONE',  ( 3.592943821779225555, 3.592943821779214897, 2.453125000000002220 ) ) ;
#1075 = CARTESIAN_POINT ( 'NONE',  ( -1.667508410807434505, 4.025721420742504719, 1.843750000000001554 ) ) ;
#1076 = CARTESIAN_POINT ( 'NONE',  ( 2.846614915774974719, 2.846614915774964505, -4.437499999999999112 ) ) ;
#1077 = CARTESIAN_POINT ( 'NONE',  ( 4.025721420742514489, -9.852417264376230094E-15, 0.06250000000000179023 ) ) ;
#1078 = CARTESIAN_POINT ( 'NONE',  ( 3.999999999999998224, -2.309401076758501148, 8.999999999999998224 ) ) ;
#1079 = CARTESIAN_POINT ( 'NONE',  ( 2.846614915774973831, -2.846614915774984045, -6.124999999999998224 ) ) ;
#1080 = ORIENTED_EDGE ( 'NONE', *, *, #3347, .F. ) ;
#1081 = CARTESIAN_POINT ( 'NONE',  ( 1.119529222150402103E-15, -4.618802153517004960, 13.72275660795741281 ) ) ;
#1082 = CARTESIAN_POINT ( 'NONE',  ( 3.535533905932745746, -3.535533905932756404, -8.562499999999996447 ) ) ;
#1083 = CARTESIAN_POINT ( 'NONE',  ( 0.000000000000000000, 4.025721420742504719, -10.06249999999999822 ) ) ;
#1084 = DIRECTION ( 'NONE',  ( -1.000000000000000000, 0.000000000000000000, 0.000000000000000000 ) ) ;
#1085 = CARTESIAN_POINT ( 'NONE',  ( 2.071067811865479502, -5.000000000000023093, -3.968750000000002665 ) ) ;
#1086 = CARTESIAN_POINT ( 'NONE',  ( -2.846614915774974275, -2.846614915774983157, 4.000000000000000000 ) ) ;
#1087 = CARTESIAN_POINT ( 'NONE',  ( -1.667508410807434505, 4.025721420742504719, -14.65624999999999822 ) ) ;
#1088 = CARTESIAN_POINT ( 'NONE',  ( 2.846614915774973831, -2.846614915774984045, -3.312499999999999556 ) ) ;
#1089 = CARTESIAN_POINT ( 'NONE',  ( -2.846614915774974275, -2.846614915774983157, -13.99999999999999822 ) ) ;
#1090 = CARTESIAN_POINT ( 'NONE',  ( 2.071067811865483943, 5.000000000000000888, -5.093749999999996447 ) ) ;
#1091 = CARTESIAN_POINT ( 'NONE',  ( 1.000000000000000000, 0.000000000000000000, -13.99999999999999822 ) ) ;
#1092 = AXIS2_PLACEMENT_3D ( 'NONE', #2022, #1701, #195 ) ;
#1093 = CARTESIAN_POINT ( 'NONE',  ( -3.999999999999998224, 2.309401076758501148, 8.999999999999998224 ) ) ;
#1094 = DIRECTION ( 'NONE',  ( -1.000000000000000000, 0.000000000000000000, -0.000000000000000000 ) ) ;
#1095 = CIRCLE ( 'NONE', #848, 8.000000000000000000 ) ;
#1096 = LINE ( 'NONE', #1396, #3614 ) ;
#1097 = ORIENTED_EDGE ( 'NONE', *, *, #3104, .F. ) ;
#1098 = AXIS2_PLACEMENT_3D ( 'NONE', #2352, #1483, #2956 ) ;
#1099 = DIRECTION ( 'NONE',  ( -0.000000000000000000, -0.000000000000000000, -1.000000000000000000 ) ) ;
#1100 = CARTESIAN_POINT ( 'NONE',  ( 1.964950080395475362, -3.552257275960264415, 1.183619750323454234 ) ) ;
#1101 = EDGE_CURVE ( 'NONE', #1921, #939, #3285, .T. ) ;
#1102 = ORIENTED_EDGE ( 'NONE', *, *, #1449, .T. ) ;
#1103 = CARTESIAN_POINT ( 'NONE',  ( -4.930086852171255217E-16, -4.025721420742523371, -6.312499999999998224 ) ) ;
#1104 = DIRECTION ( 'NONE',  ( -0.000000000000000000, -0.000000000000000000, 1.000000000000000000 ) ) ;
#1105 = FACE_OUTER_BOUND ( 'NONE', #3556, .T. ) ;
#1106 = CARTESIAN_POINT ( 'NONE',  ( 5.081189881604800007, -1.004630367520562695E-14, -2.234375000000000444 ) ) ;
#1107 = CARTESIAN_POINT ( 'NONE',  ( 1.667508410807433616, -4.025721420742524259, 4.281250000000000888 ) ) ;
#1108 = CARTESIAN_POINT ( 'NONE',  ( 3.657772993642607329, 2.202836613161794244, 1.828282031352155723 ) ) ;
#1109 = CARTESIAN_POINT ( 'NONE',  ( -5.081189881604800007, 2.104697761953640445, -12.17187499999999822 ) ) ;
#1110 = CARTESIAN_POINT ( 'NONE',  ( 4.025721420742514489, -9.852417264376230094E-15, -1.624999999999999778 ) ) ;
#1111 = CARTESIAN_POINT ( 'NONE',  ( 4.881129763209997918, 1.390114890936764854E-11, -12.61887023679000919 ) ) ;
#1112 = CARTESIAN_POINT ( 'NONE',  ( 0.000000000000000000, -3.469446951953614189E-15, -13.99999999999999822 ) ) ;
#1113 = CARTESIAN_POINT ( 'NONE',  ( 3.106474994938963619, -2.721131478000518022, 1.444896674644724488 ) ) ;
#1114 = CARTESIAN_POINT ( 'NONE',  ( 5.000000000000012434, -1.003138933591105784E-14, -3.687500000000001332 ) ) ;
#1115 = EDGE_CURVE ( 'NONE', #2323, #34, #3858, .T. ) ;
#1116 = CARTESIAN_POINT ( 'NONE',  ( -5.000000000000012434, 2.071067811865471953, -9.031250000000001776 ) ) ;
#1117 = ADVANCED_FACE ( 'NONE', ( #1337 ), #538, .T. ) ;
#1118 = ORIENTED_EDGE ( 'NONE', *, *, #1955, .F. ) ;
#1119 = VERTEX_POINT ( 'NONE', #1638 ) ;
#1120 = CARTESIAN_POINT ( 'NONE',  ( 3.999999999999998224, -2.309401076758501148, 13.72275660795741281 ) ) ;
#1121 = CARTESIAN_POINT ( 'NONE',  ( -4.025721420742514489, 1.667508410807425623, -12.78125000000000000 ) ) ;
#1122 = EDGE_CURVE ( 'NONE', #1119, #1779, #2119, .T. ) ;
#1123 = ORIENTED_EDGE ( 'NONE', *, *, #1966, .T. ) ;
#1124 = CARTESIAN_POINT ( 'NONE',  ( 2.846614915774973831, -2.846614915774984045, -10.62499999999999822 ) ) ;
#1125 = CARTESIAN_POINT ( 'NONE',  ( 5.000000000000012434, -1.003138933591105784E-14, -8.187500000000000000 ) ) ;
#1126 = ORIENTED_EDGE ( 'NONE', *, *, #3429, .T. ) ;
#1127 = CARTESIAN_POINT ( 'NONE',  ( 2.528356264833971245, -4.223323274256261861, 3.618086131740349654 ) ) ;
#1128 = CARTESIAN_POINT ( 'NONE',  ( 2.071067811865479502, -5.000000000000023093, 3.343750000000005329 ) ) ;
#1129 = CARTESIAN_POINT ( 'NONE',  ( 1.667508410807436947, 4.025721420742503831, -13.34375000000000178 ) ) ;
#1130 = DIRECTION ( 'NONE',  ( 0.3420201433256694901, -4.188538737677001009E-17, 0.9396926207859082059 ) ) ;
#1131 = CARTESIAN_POINT ( 'NONE',  ( -1.667508410807434727, -4.025721420742523371, -5.093749999999999112 ) ) ;
#1132 = FACE_OUTER_BOUND ( 'NONE', #3014, .T. ) ;
#1133 = VERTEX_POINT ( 'NONE', #3395 ) ;
#1134 = CARTESIAN_POINT ( 'NONE',  ( 3.592943821779225555, 3.592943821779214897, -0.6406249999999988898 ) ) ;
#1135 = CARTESIAN_POINT ( 'NONE',  ( 2.713191913686689549, -3.095180582774329725, 1.407099871741042563 ) ) ;
#1136 = CARTESIAN_POINT ( 'NONE',  ( -6.123233995736780087E-16, -5.000000000000022204, -5.749999999999996447 ) ) ;
#1137 = CARTESIAN_POINT ( 'NONE',  ( 3.592943821779224667, -3.592943821779234881, -12.92187500000000000 ) ) ;
#1138 = CARTESIAN_POINT ( 'NONE',  ( -4.405648816047917471, -8.843136050513523483E-15, -13.09435118395208697 ) ) ;
#1139 = VERTEX_POINT ( 'NONE', #2235 ) ;
#1140 = ORIENTED_EDGE ( 'NONE', *, *, #1153, .T. ) ;
#1141 = PRESENTATION_STYLE_ASSIGNMENT (( #2882 ) ) ;
#1142 = EDGE_CURVE ( 'NONE', #1169, #2183, #3430, .T. ) ;
#1143 = CARTESIAN_POINT ( 'NONE',  ( 2.846614915774973831, -2.846614915774984045, -12.12499999999999822 ) ) ;
#1144 = CARTESIAN_POINT ( 'NONE',  ( 4.025721420742512713, -1.667508410807445607, 1.281250000000000888 ) ) ;
#1145 = CARTESIAN_POINT ( 'NONE',  ( 1.667508410807436947, 4.025721420742503831, -11.65624999999999822 ) ) ;
#1146 = CARTESIAN_POINT ( 'NONE',  ( 0.000000000000000000, 4.025721420742504719, -5.562499999999998224 ) ) ;
#1147 = DIRECTION ( 'NONE',  ( -0.000000000000000000, -0.000000000000000000, -1.000000000000000000 ) ) ;
#1148 = CARTESIAN_POINT ( 'NONE',  ( 3.963493054501186830, -2.964520967219079317, 3.693274589994036461 ) ) ;
#1149 = CARTESIAN_POINT ( 'NONE',  ( 2.846614915774974719, 2.846614915774964505, -13.43750000000000000 ) ) ;
#1150 =( BOUNDED_CURVE ( )  B_SPLINE_CURVE ( 2, ( #1502, #584, #1810, #2976, #1192, #2053, #2688, #1537, #2392 ),
 .UNSPECIFIED., .F., .T. ) 
 B_SPLINE_CURVE_WITH_KNOTS ( ( 3, 2, 2, 2, 3 ),
 ( 0.8269230769230769829, 0.8365384615384616751, 0.8461538461538462563, 0.8557692307692307265, 0.8653846153846154188 ),
 .UNSPECIFIED. ) 
 CURVE ( )  GEOMETRIC_REPRESENTATION_ITEM ( )  RATIONAL_B_SPLINE_CURVE ( ( 0.9999999999999991118, 0.9238795325112876267, 1.000000000000000000, 0.9238795325112867385, 1.000000000000000000, 0.9238795325112867385, 1.000000000000000000, 0.9238795325112867385, 1.000000000000000000 ) ) 
 REPRESENTATION_ITEM ( '' )  );
#1151 = CARTESIAN_POINT ( 'NONE',  ( -4.930086852171255217E-16, -4.025721420742523371, -1.999999999999998224 ) ) ;
#1152 = CARTESIAN_POINT ( 'NONE',  ( 2.846614915774973831, -2.846614915774984045, -3.124999999999999112 ) ) ;
#1153 = EDGE_CURVE ( 'NONE', #1139, #1221, #222, .T. ) ;
#1154 = EDGE_CURVE ( 'NONE', #34, #2323, #2734, .T. ) ;
#1155 = CARTESIAN_POINT ( 'NONE',  ( -2.071067811865475505, 5.000000000000006217, -12.40624999999999645 ) ) ;
#1156 = ORIENTED_EDGE ( 'NONE', *, *, #1811, .T. ) ;
#1157 = CARTESIAN_POINT ( 'NONE',  ( 5.081189881604800007, -2.104697761953661761, -0.9218749999999992228 ) ) ;
#1158 = CARTESIAN_POINT ( 'NONE',  ( 3.599653927618324811, -2.068439857630953060, 1.504702606358124584 ) ) ;
#1159 = CARTESIAN_POINT ( 'NONE',  ( 5.000000000000012434, -1.003138933591105784E-14, -5.187500000000000888 ) ) ;
#1160 = CARTESIAN_POINT ( 'NONE',  ( -4.025721420742514489, -8.866399893941979642E-15, -6.874999999999999112 ) ) ;
#1161 = VERTEX_POINT ( 'NONE', #1994 ) ;
#1162 = CARTESIAN_POINT ( 'NONE',  ( 5.000000000000012434, -1.003138933591105784E-14, -2.187500000000001776 ) ) ;
#1163 = CARTESIAN_POINT ( 'NONE',  ( 0.000000000000000000, 4.025721420742504719, -11.56250000000000000 ) ) ;
#1164 = CONICAL_SURFACE ( 'NONE', #2300, 5.050799999999994405, 0.3490658503988666728 ) ;
#1165 = ORIENTED_EDGE ( 'NONE', *, *, #3247, .T. ) ;
#1166 = CARTESIAN_POINT ( 'NONE',  ( 0.000000000000000000, 4.025721420742504719, 4.750000000000000888 ) ) ;
#1167 = CARTESIAN_POINT ( 'NONE',  ( -2.846614915774974275, 2.846614915774965393, -5.375000000000000000 ) ) ;
#1168 = CARTESIAN_POINT ( 'NONE',  ( -4.182446045069021068, -1.149295324806406171, 2.013816226320678471 ) ) ;
#1169 = VERTEX_POINT ( 'NONE', #3836 ) ;
#1170 = CARTESIAN_POINT ( 'NONE',  ( 3.592943821779224667, -3.592943821779234881, -2.421874999999998668 ) ) ;
#1171 = VECTOR ( 'NONE', #945, 1000.000000000000000 ) ;
#1172 = CARTESIAN_POINT ( 'NONE',  ( 2.533831999633301191, 3.490209387675837327, 1.946956047185291583 ) ) ;
#1173 = LINE ( 'NONE', #2998, #3301 ) ;
#1174 = PRODUCT_DEFINITION_FORMATION_WITH_SPECIFIED_SOURCE ( 'Symmetric', '', #2454, .NOT_KNOWN. ) ;
#1175 = CARTESIAN_POINT ( 'NONE',  ( 3.999999999999999112, 0.7857951648261679578, 13.39989775237163805 ) ) ;
#1176 = CARTESIAN_POINT ( 'NONE',  ( 0.000000000000000000, 4.025721420742504719, -2.749999999999999112 ) ) ;
#1177 = CARTESIAN_POINT ( 'NONE',  ( 4.025721420742512713, 1.667508410807426289, -4.343749999999998224 ) ) ;
#1178 = CARTESIAN_POINT ( 'NONE',  ( -4.025721420742513601, 1.667508410807425623, -9.781249999999998224 ) ) ;
#1179 = CARTESIAN_POINT ( 'NONE',  ( -5.081189881604800007, -8.801771090332180691E-15, -1.578124999999998002 ) ) ;
#1180 = CARTESIAN_POINT ( 'NONE',  ( 5.000000000000012434, -1.003138933591105784E-14, -5.187500000000000888 ) ) ;
#1181 = CARTESIAN_POINT ( 'NONE',  ( -7.500000000000001776, -3.469446951953614189E-15, 4.000000000000000000 ) ) ;
#1182 = CARTESIAN_POINT ( 'NONE',  ( -3.592943821779224667, 3.592943821779215785, -3.265624999999997780 ) ) ;
#1183 = CARTESIAN_POINT ( 'NONE',  ( -4.025721420742514489, -8.866399893941979642E-15, -8.374999999999998224 ) ) ;
#1184 =( BOUNDED_CURVE ( )  B_SPLINE_CURVE ( 2, ( #3036, #657, #1503, #1239, #3017, #1854, #348, #2999, #1524 ),
 .UNSPECIFIED., .F., .T. ) 
 B_SPLINE_CURVE_WITH_KNOTS ( ( 3, 2, 2, 2, 3 ),
 ( 0.01923076923076924918, 0.02884615384615384429, 0.03846153846153843592, 0.04807692307692314204, 0.05769230769230773714 ),
 .UNSPECIFIED. ) 
 CURVE ( )  GEOMETRIC_REPRESENTATION_ITEM ( )  RATIONAL_B_SPLINE_CURVE ( ( 1.000000000000000000, 0.9238795325112864054, 1.000000000000000000, 0.9238795325112867385, 1.000000000000000000, 0.9238795325112867385, 1.000000000000000000, 0.9238795325112865164, 1.000000000000000222 ) ) 
 REPRESENTATION_ITEM ( '' )  );
#1185 = CARTESIAN_POINT ( 'NONE',  ( 2.846614915774973831, -2.846614915774984045, -10.62499999999999822 ) ) ;
#1186 = CARTESIAN_POINT ( 'NONE',  ( 0.000000000000000000, 4.025721420742504719, 0.2500000000000002220 ) ) ;
#1187 = CARTESIAN_POINT ( 'NONE',  ( 2.846614915774974719, 2.846614915774964505, -5.749999999999998224 ) ) ;
#1188 = CARTESIAN_POINT ( 'NONE',  ( -3.243446101242621893, -2.930739643489212565, 2.106932129570147527 ) ) ;
#1189 = CARTESIAN_POINT ( 'NONE',  ( 5.000000000000012434, -1.003138933591105784E-14, -6.874999999999996447 ) ) ;
#1190 = MANIFOLD_SOLID_BREP ( 'Cut-Extrude3', #1368 ) ;
#1191 = CARTESIAN_POINT ( 'NONE',  ( -4.930086852171255217E-16, -4.025721420742523371, -9.499999999999998224 ) ) ;
#1192 = CARTESIAN_POINT ( 'NONE',  ( 0.000000000000000000, 5.000000000000002665, 2.500000000000003997 ) ) ;
#1193 = CARTESIAN_POINT ( 'NONE',  ( 2.071067811865483943, 5.000000000000000888, -0.5937499999999970024 ) ) ;
#1194 = CARTESIAN_POINT ( 'NONE',  ( -4.025721420742513601, 1.667508410807425623, -12.78125000000000000 ) ) ;
#1195 = CARTESIAN_POINT ( 'NONE',  ( -4.025721420742513601, 1.667508410807425623, -0.7812499999999990008 ) ) ;
#1196 = CARTESIAN_POINT ( 'NONE',  ( -4.930086852171255217E-16, -4.025721420742523371, -0.3124999999999985567 ) ) ;
#1197 = CARTESIAN_POINT ( 'NONE',  ( -5.081189881604800007, -2.104697761953658652, -1.484374999999997780 ) ) ;
#1198 = CARTESIAN_POINT ( 'NONE',  ( -4.025721420742514489, 1.667508410807425623, -12.96875000000000355 ) ) ;
#1199 = CARTESIAN_POINT ( 'NONE',  ( 7.500000000000001776, -2.550961852593099000E-15, 4.500000000000000888 ) ) ;
#1200 = CARTESIAN_POINT ( 'NONE',  ( -4.025721420742513601, -1.667508410807443386, -8.281249999999998224 ) ) ;
#1201 = CARTESIAN_POINT ( 'NONE',  ( -2.416755275076679865, 4.026472660899642619, 2.998550021466275695 ) ) ;
#1202 = CARTESIAN_POINT ( 'NONE',  ( -5.000000000000012434, -8.806742536763703202E-15, -3.124999999999996003 ) ) ;
#1203 = CARTESIAN_POINT ( 'NONE',  ( -4.025721420742514489, -1.667508410807443164, -8.093749999999998224 ) ) ;
#1204 = EDGE_CURVE ( 'NONE', #2832, #3384, #3625, .T. ) ;
#1205 = CARTESIAN_POINT ( 'NONE',  ( 5.000000000000012434, -1.003138933591105784E-14, 0.8124999999999988898 ) ) ;
#1206 = ORIENTED_EDGE ( 'NONE', *, *, #831, .F. ) ;
#1207 = CARTESIAN_POINT ( 'NONE',  ( -2.846614915774974275, -2.846614915774983157, 2.312500000000002220 ) ) ;
#1208 = CARTESIAN_POINT ( 'NONE',  ( 2.846614915774974719, 2.846614915774964505, -1.249999999999999334 ) ) ;
#1209 = CARTESIAN_POINT ( 'NONE',  ( 3.604462786266291907, -2.689575872618840346, 2.453973973382532314 ) ) ;
#1210 = ORIENTED_EDGE ( 'NONE', *, *, #1154, .F. ) ;
#1211 =( NAMED_UNIT ( * ) SI_UNIT ( $, .STERADIAN. ) SOLID_ANGLE_UNIT ( ) );
#1212 = DIRECTION ( 'NONE',  ( -0.000000000000000000, -0.000000000000000000, -1.000000000000000000 ) ) ;
#1213 = B_SPLINE_CURVE_WITH_KNOTS ( 'NONE', 3,
 ( #3191, #1702, #801, #2023, #504, #210, #1420, #2601, #3795, #3507 ),
 .UNSPECIFIED., .F., .F.,
 ( 4, 2, 2, 2, 4 ),
 ( 7.060612241203511692E-17, 0.0008111406116604524472, 0.001622281223320834421, 0.002433421834981216395, 0.003244562446641598152 ),
 .UNSPECIFIED. ) ;
#1214 = CARTESIAN_POINT ( 'NONE',  ( -1.667508410807434949, -4.025721420742524259, -9.593749999999996447 ) ) ;
#1215 = LINE ( 'NONE', #2410, #2122 ) ;
#1216 = CARTESIAN_POINT ( 'NONE',  ( 3.592943821779225555, 3.592943821779214897, -8.140624999999998224 ) ) ;
#1217 = CARTESIAN_POINT ( 'NONE',  ( 2.797569140014720901, -2.894829850658321213, 1.183619750323454012 ) ) ;
#1218 = CARTESIAN_POINT ( 'NONE',  ( 4.025721420742512713, -1.667508410807445607, -3.218749999999999556 ) ) ;
#1219 = CARTESIAN_POINT ( 'NONE',  ( -4.025721420742513601, 1.667508410807425623, -5.281249999999999112 ) ) ;
#1220 = CARTESIAN_POINT ( 'NONE',  ( 2.529070002267688189, 3.191338038913301478, -13.43411232891577178 ) ) ;
#1221 = VERTEX_POINT ( 'NONE', #812 ) ;
#1222 = B_SPLINE_CURVE_WITH_KNOTS ( 'NONE', 3,
 ( #2736, #2812, #3734, #2828, #1617, #2795, #1315, #2179 ),
 .UNSPECIFIED., .F., .F.,
 ( 4, 2, 2, 4 ),
 ( 2.380737581617534223E-07, 0.002332607846774747539, 0.003498792733283040326, 0.004664977619791332679 ),
 .UNSPECIFIED. ) ;
#1223 = CARTESIAN_POINT ( 'NONE',  ( 1.667508410807436947, 4.025721420742503831, -13.34375000000000178 ) ) ;
#1224 = CARTESIAN_POINT ( 'NONE',  ( 5.000000000000001776, -2.071067811865501263, -5.281250000000002665 ) ) ;
#1225 = CARTESIAN_POINT ( 'NONE',  ( -5.081189881604800007, 2.104697761953640445, -4.671874999999999112 ) ) ;
#1226 = CARTESIAN_POINT ( 'NONE',  ( -4.025721420742513601, -1.667508410807443386, -9.781249999999998224 ) ) ;
#1227 = CARTESIAN_POINT ( 'NONE',  ( -5.000000000000006217, -3.469446951953614189E-15, -13.99999999999999822 ) ) ;
#1228 = CARTESIAN_POINT ( 'NONE',  ( 3.535533905932745746, -3.535533905932755960, -0.8750000000000008882 ) ) ;
#1229 = CARTESIAN_POINT ( 'NONE',  ( 1.667508410807436947, 4.025721420742503831, -8.656249999999998224 ) ) ;
#1230 = CARTESIAN_POINT ( 'NONE',  ( 5.000000000000006217, -2.857123552379936476E-15, -13.99999999999999822 ) ) ;
#1231 = ORIENTED_EDGE ( 'NONE', *, *, #1027, .T. ) ;
#1233 = AXIS2_PLACEMENT_3D ( 'NONE', #2327, #1478, #1084 ) ;
#1232 = CARTESIAN_POINT ( 'NONE',  ( 4.025721420742514489, -9.852417264376230094E-15, -0.1249999999999983763 ) ) ;
#1234 = CARTESIAN_POINT ( 'NONE',  ( -3.747241151563754258, -2.223172956151828306, 2.067882646068863739 ) ) ;
#1236 = EDGE_CURVE ( 'NONE', #1599, #2637, #2964, .T. ) ;
#1235 = ORIENTED_EDGE ( 'NONE', *, *, #3655, .F. ) ;
#1237 = AXIS2_PLACEMENT_3D ( 'NONE', #642, #2710, #1266 ) ;
#1238 = CARTESIAN_POINT ( 'NONE',  ( -9.767485715204783227E-17, 4.618802153517004960, 13.72275660795741281 ) ) ;
#1239 = CARTESIAN_POINT ( 'NONE',  ( 2.071067811865479502, -5.000000000000023093, 3.531249999999997780 ) ) ;
#1240 = VECTOR ( 'NONE', #3533, 1000.000000000000000 ) ;
#1241 = CARTESIAN_POINT ( 'NONE',  ( 3.592943821779225555, 3.592943821779214897, -11.04687500000000000 ) ) ;
#1242 = CARTESIAN_POINT ( 'NONE',  ( 1.667508410807436947, 4.025721420742503831, -4.156249999999998224 ) ) ;
#1243 = CARTESIAN_POINT ( 'NONE',  ( -8.000000000000001776, -3.469446951953614189E-15, -13.99999999999999822 ) ) ;
#1244 = AXIS2_PLACEMENT_3D ( 'NONE', #2071, #2685, #2408 ) ;
#1245 = ORIENTED_EDGE ( 'NONE', *, *, #3072, .T. ) ;
#1246 = CARTESIAN_POINT ( 'NONE',  ( -2.104697761953650215, -5.081189881604809777, 1.703125000000001554 ) ) ;
#1247 = FACE_OUTER_BOUND ( 'NONE', #3470, .T. ) ;
#1248 = CYLINDRICAL_SURFACE ( 'NONE', #3480, 5.000000000000006217 ) ;
#1249 = CARTESIAN_POINT ( 'NONE',  ( 2.104697761953652879, 5.081189881604789349, -3.546874999999998668 ) ) ;
#1250 = CARTESIAN_POINT ( 'NONE',  ( 1.667508410807436947, 4.025721420742503831, -4.343749999999998224 ) ) ;
#1251 = CARTESIAN_POINT ( 'NONE',  ( 4.025721420742512713, 1.667508410807426289, -7.531249999999999112 ) ) ;
#1252 = ORIENTED_EDGE ( 'NONE', *, *, #1460, .F. ) ;
#1253 = CARTESIAN_POINT ( 'NONE',  ( 0.000000000000000000, 0.000000000000000000, -13.99999999999999822 ) ) ;
#1254 = CARTESIAN_POINT ( 'NONE',  ( -4.025721420742514489, -1.667508410807443164, -6.593749999999999112 ) ) ;
#1255 = EDGE_CURVE ( 'NONE', #711, #3141, #595, .T. ) ;
#1256 = CARTESIAN_POINT ( 'NONE',  ( 2.104697761953648882, -5.081189881604811553, -10.10937500000000178 ) ) ;
#1257 = ORIENTED_EDGE ( 'NONE', *, *, #3694, .F. ) ;
#1258 = CARTESIAN_POINT ( 'NONE',  ( -1.667508410807434505, 4.025721420742504719, 3.343749999999999556 ) ) ;
#1259 = CARTESIAN_POINT ( 'NONE',  ( 2.071067811865479502, -5.000000000000023093, -6.968750000000001776 ) ) ;
#1260 = ORIENTED_EDGE ( 'NONE', *, *, #2618, .T. ) ;
#1261 = DIRECTION ( 'NONE',  ( -1.000000000000000000, 0.000000000000000000, 0.000000000000000000 ) ) ;
#1262 = ADVANCED_FACE ( 'NONE', ( #537 ), #1759, .T. ) ;
#1263 = CARTESIAN_POINT ( 'NONE',  ( 1.667508410807433616, -4.025721420742524259, -10.90625000000000000 ) ) ;
#1264 = DIRECTION ( 'NONE',  ( -1.000000000000000000, 0.000000000000000000, 0.000000000000000000 ) ) ;
#1265 = CARTESIAN_POINT ( 'NONE',  ( -5.081189881604800007, -8.801771090332180691E-15, -10.48437500000000000 ) ) ;
#1266 = DIRECTION ( 'NONE',  ( 0.8660254037844383745, 0.5000000000000003331, 0.000000000000000000 ) ) ;
#1267 = CARTESIAN_POINT ( 'NONE',  ( 3.592943821779225555, 3.592943821779214897, 2.359375000000002220 ) ) ;
#1268 = CARTESIAN_POINT ( 'NONE',  ( 2.104697761953652879, 5.081189881604789349, -6.546874999999999112 ) ) ;
#1269 = UNCERTAINTY_MEASURE_WITH_UNIT (LENGTH_MEASURE( 1.000000000000000082E-05 ), #1061, 'distance_accuracy_value', 'NONE');
#1270 = CARTESIAN_POINT ( 'NONE',  ( -5.081189881604800007, -8.801771090332180691E-15, -4.578124999999999112 ) ) ;
#1271 = CARTESIAN_POINT ( 'NONE',  ( 3.592943821779224667, -3.592943821779234881, 0.5781250000000005551 ) ) ;
#1272 = B_SPLINE_CURVE_WITH_KNOTS ( 'NONE', 3,
 ( #3055, #1925, #2547, #2765 ),
 .UNSPECIFIED., .F., .F.,
 ( 4, 4 ),
 ( 0.002538160329472950033, 0.003175398396953346344 ),
 .UNSPECIFIED. ) ;
#1273 = CARTESIAN_POINT ( 'NONE',  ( 2.071067811865479502, -5.000000000000023093, -10.15624999999999822 ) ) ;
#1274 = CARTESIAN_POINT ( 'NONE',  ( 0.000000000000000000, 4.025721420742504719, -8.562499999999998224 ) ) ;
#1275 = CARTESIAN_POINT ( 'NONE',  ( -5.000000000000006217, -3.469446951953614189E-15, -13.99999999999999822 ) ) ;
#1276 = ADVANCED_FACE ( 'NONE', ( #206 ), #190, .T. ) ;
#1277 = ORIENTED_EDGE ( 'NONE', *, *, #1449, .F. ) ;
#1278 = CARTESIAN_POINT ( 'NONE',  ( -1.059995547988955567, -4.284944857034793664, 2.224313101743724097 ) ) ;
#1279 = ORIENTED_EDGE ( 'NONE', *, *, #2597, .F. ) ;
#1280 = CARTESIAN_POINT ( 'NONE',  ( 5.000000000000021316, 2.071067811865463515, -2.093750000000002220 ) ) ;
#1281 = ORIENTED_EDGE ( 'NONE', *, *, #1881, .F. ) ;
#1282 = CARTESIAN_POINT ( 'NONE',  ( 0.000000000000000000, -3.469446951953614189E-15, 13.49999999999999822 ) ) ;
#1283 = CARTESIAN_POINT ( 'NONE',  ( 2.104697761953652879, 5.081189881604789349, -12.45312499999999822 ) ) ;
#1284 = CARTESIAN_POINT ( 'NONE',  ( 4.025721420742512713, -1.667508410807445607, -0.03124999999999829303 ) ) ;
#1285 = CYLINDRICAL_SURFACE ( 'NONE', #3416, 5.000000000000006217 ) ;
#1286 = EDGE_LOOP ( 'NONE', ( #1589, #378, #199, #1772 ) ) ;
#1287 = CARTESIAN_POINT ( 'NONE',  ( -6.222662924367237206E-16, -5.081189881604809777, 1.796875000000001554 ) ) ;
#1288 = CARTESIAN_POINT ( 'NONE',  ( -4.025721420742514489, -8.866399893941979642E-15, -11.37500000000000000 ) ) ;
#1289 = CARTESIAN_POINT ( 'NONE',  ( -1.667508410807434505, 4.025721420742504719, -6.968749999999999112 ) ) ;
#1290 = CARTESIAN_POINT ( 'NONE',  ( -2.846614915774974275, 2.846614915774965393, -4.062499999999998224 ) ) ;
#1291 = CARTESIAN_POINT ( 'NONE',  ( -5.081189881604800007, 2.104697761953640445, -1.578124999999999778 ) ) ;
#1292 = CARTESIAN_POINT ( 'NONE',  ( -2.846614915774974275, 2.846614915774965393, -3.874999999999998224 ) ) ;
#1293 =( BOUNDED_CURVE ( )  B_SPLINE_CURVE ( 2, ( #2477, #3675, #3697, #1047, #395, #3415, #1920, #669, #1012 ),
 .UNSPECIFIED., .F., .F. ) 
 B_SPLINE_CURVE_WITH_KNOTS ( ( 3, 2, 2, 2, 3 ),
 ( 0.7115384615384615641, 0.7211538461538461453, 0.7307692307692307265, 0.7403846153846154188, 0.7500000000000000000 ),
 .UNSPECIFIED. ) 
 CURVE ( )  GEOMETRIC_REPRESENTATION_ITEM ( )  RATIONAL_B_SPLINE_CURVE ( ( 1.000000000000000000, 0.9238795325112867385, 1.000000000000000000, 0.9238795325112867385, 1.000000000000000000, 0.9238795325112867385, 1.000000000000000000, 0.9238795325112867385, 1.000000000000000000 ) ) 
 REPRESENTATION_ITEM ( '' )  );
#1294 = CARTESIAN_POINT ( 'NONE',  ( 0.000000000000000000, 0.000000000000000000, -14.14699193025205659 ) ) ;
#1295 = EDGE_CURVE ( 'NONE', #2518, #3321, #2019, .T. ) ;
#1296 = DIRECTION ( 'NONE',  ( -0.000000000000000000, -0.000000000000000000, -1.000000000000000000 ) ) ;
#1297 = ORIENTED_EDGE ( 'NONE', *, *, #3028, .F. ) ;
#1298 = CARTESIAN_POINT ( 'NONE',  ( -1.948405995228695620, 3.765110174981843638, 1.746325144865399803 ) ) ;
#1299 = VERTEX_POINT ( 'NONE', #2309 ) ;
#1300 = DIRECTION ( 'NONE',  ( -0.000000000000000000, -0.000000000000000000, -1.000000000000000000 ) ) ;
#1301 = AXIS2_PLACEMENT_3D ( 'NONE', #3788, #495, #1059 ) ;
#1302 = CARTESIAN_POINT ( 'NONE',  ( -4.737302680633852958, -0.6379761863540373001, 3.226610736102956345 ) ) ;
#1303 = CARTESIAN_POINT ( 'NONE',  ( 0.000000000000000000, 5.081189881604791125, -3.359374999999999556 ) ) ;
#1304 = CARTESIAN_POINT ( 'NONE',  ( 4.025721420742512713, -1.667508410807445607, -9.031250000000000000 ) ) ;
#1305 = CARTESIAN_POINT ( 'NONE',  ( 5.000000000000012434, -2.071067811865492381, -9.781250000000001776 ) ) ;
#1306 = VERTEX_POINT ( 'NONE', #3502 ) ;
#1307 = CARTESIAN_POINT ( 'NONE',  ( -5.081189881604800007, 2.104697761953640445, 1.328125000000001110 ) ) ;
#1308 = AXIS2_PLACEMENT_3D ( 'NONE', #894, #266, #833 ) ;
#1309 = CARTESIAN_POINT ( 'NONE',  ( -2.846614915774974275, -2.846614915774983157, -9.687499999999998224 ) ) ;
#1310 = EDGE_CURVE ( 'NONE', #723, #42, #2009, .T. ) ;
#1311 = CARTESIAN_POINT ( 'NONE',  ( -5.081189881604800007, 2.104697761953640445, -7.671874999999998224 ) ) ;
#1312 = CARTESIAN_POINT ( 'NONE',  ( -4.930086852171255217E-16, -4.025721420742523371, 4.187500000000000000 ) ) ;
#1313 = CARTESIAN_POINT ( 'NONE',  ( 3.172674458437602318, 3.898393353427881181, 3.835728993378876073 ) ) ;
#1314 = CARTESIAN_POINT ( 'NONE',  ( -1.667508410807434727, -4.025721420742523371, -4.906249999999999112 ) ) ;
#1315 = CARTESIAN_POINT ( 'NONE',  ( 0.3269686801990181468, 4.430026697987525353, 13.61376704789060810 ) ) ;
#1316 =( BOUNDED_CURVE ( )  B_SPLINE_CURVE ( 2, ( #1489, #624, #2670, #2713, #334, #1837, #3873, #3242, #2651 ),
 .UNSPECIFIED., .F., .F. ) 
 B_SPLINE_CURVE_WITH_KNOTS ( ( 3, 2, 2, 2, 3 ),
 ( 0.6346153846153844702, 0.6442307692307690514, 0.6538461538461537437, 0.6634615384615384359, 0.6730769230769231282 ),
 .UNSPECIFIED. ) 
 CURVE ( )  GEOMETRIC_REPRESENTATION_ITEM ( )  RATIONAL_B_SPLINE_CURVE ( ( 1.000000000000000888, 0.9238795325112858503, 1.000000000000000000, 0.9238795325112867385, 1.000000000000000000, 0.9238795325112867385, 1.000000000000000000, 0.9238795325112867385, 1.000000000000000000 ) ) 
 REPRESENTATION_ITEM ( '' )  );
#1317 = CARTESIAN_POINT ( 'NONE',  ( 5.081189881604800007, 2.104697761953641777, -9.734375000000000000 ) ) ;
#1318 = CARTESIAN_POINT ( 'NONE',  ( -4.077100977348630195, 1.349931892067869343, 1.898861538431507512 ) ) ;
#1319 = CARTESIAN_POINT ( 'NONE',  ( 3.500000000000003553, -3.469446951953614189E-15, -13.99999999999999822 ) ) ;
#1320 = CARTESIAN_POINT ( 'NONE',  ( 4.025721420742512713, 1.667508410807426289, -1.531249999999999556 ) ) ;
#1321 = ORIENTED_EDGE ( 'NONE', *, *, #2993, .F. ) ;
#1322 = CARTESIAN_POINT ( 'NONE',  ( -5.000000000000012434, -8.806742536763703202E-15, 0.06249999999999819589 ) ) ;
#1323 = CARTESIAN_POINT ( 'NONE',  ( 3.592943821779225555, 3.592943821779214897, -6.546874999999999112 ) ) ;
#1324 =( BOUNDED_CURVE ( )  B_SPLINE_CURVE ( 2, ( #1993, #1116, #472, #497, #2270, #241, #2322, #219, #3536 ),
 .UNSPECIFIED., .F., .T. ) 
 B_SPLINE_CURVE_WITH_KNOTS ( ( 3, 2, 2, 2, 3 ),
 ( 0.6730769230769231282, 0.6826923076923077094, 0.6923076923076922906, 0.7019230769230768718, 0.7115384615384615641 ),
 .UNSPECIFIED. ) 
 CURVE ( )  GEOMETRIC_REPRESENTATION_ITEM ( )  RATIONAL_B_SPLINE_CURVE ( ( 1.000000000000000000, 0.9238795325112867385, 1.000000000000000000, 0.9238795325112867385, 1.000000000000000000, 0.9238795325112867385, 1.000000000000000000, 0.9238795325112867385, 1.000000000000000000 ) ) 
 REPRESENTATION_ITEM ( '' )  );
#1325 = CARTESIAN_POINT ( 'NONE',  ( 2.846614915774973831, -2.846614915774984045, 1.375000000000001332 ) ) ;
#1326 = CARTESIAN_POINT ( 'NONE',  ( -4.539326361787989761, 0.2870607787885013917, 2.594737728362073170 ) ) ;
#1327 = CARTESIAN_POINT ( 'NONE',  ( 3.945703139373727186, 2.331841609876394106, 2.687305233823886752 ) ) ;
#1328 = EDGE_LOOP ( 'NONE', ( #2770, #1979, #2892, #760 ) ) ;
#1329 = CARTESIAN_POINT ( 'NONE',  ( -1.667508410807434727, -4.025721420742523371, -9.593749999999998224 ) ) ;
#1330 = CARTESIAN_POINT ( 'NONE',  ( -3.592943821779224667, -3.592943821779233549, -1.296874999999999334 ) ) ;
#1331 = CARTESIAN_POINT ( 'NONE',  ( -4.025721420742513601, 1.667508410807425623, -2.468749999999999112 ) ) ;
#1332 = CARTESIAN_POINT ( 'NONE',  ( -1.667508410807434949, -4.025721420742524259, 1.093750000000000888 ) ) ;
#1333 = CARTESIAN_POINT ( 'NONE',  ( -6.123233995736780087E-16, -5.000000000000022204, -10.24999999999999645 ) ) ;
#1334 = CARTESIAN_POINT ( 'NONE',  ( 2.846614915774974719, 2.846614915774964505, -2.749999999999999112 ) ) ;
#1335 = APPLICATION_CONTEXT ( 'automotive_design' ) ;
#1336 = CARTESIAN_POINT ( 'NONE',  ( -2.683967608338928112, -3.069212732346288330, 13.36599243599574116 ) ) ;
#1337 = FACE_OUTER_BOUND ( 'NONE', #539, .T. ) ;
#1338 = CARTESIAN_POINT ( 'NONE',  ( -5.081189881604800007, 2.104697761953640445, -1.671874999999998224 ) ) ;
#1339 = ADVANCED_FACE ( 'NONE', ( #1732 ), #555, .T. ) ;
#1340 = CARTESIAN_POINT ( 'NONE',  ( 4.025721420742512713, -1.667508410807445607, -0.2187499999999984734 ) ) ;
#1341 =( BOUNDED_CURVE ( )  B_SPLINE_CURVE ( 2, ( #2715, #956, #3264, #2966, #3598, #1842, #273, #41, #2677 ),
 .UNSPECIFIED., .F., .T. ) 
 B_SPLINE_CURVE_WITH_KNOTS ( ( 3, 2, 2, 2, 3 ),
 ( 0.1346153846153846645, 0.1442307692307692457, 0.1538461538461538547, 0.1634615384615384637, 0.1730769230769230449 ),
 .UNSPECIFIED. ) 
 CURVE ( )  GEOMETRIC_REPRESENTATION_ITEM ( )  RATIONAL_B_SPLINE_CURVE ( ( 0.9999999999999995559, 0.9238795325112871826, 1.000000000000000000, 0.9238795325112867385, 1.000000000000000000, 0.9238795325112867385, 1.000000000000000000, 0.9238795325112869605, 0.9999999999999997780 ) ) 
 REPRESENTATION_ITEM ( '' )  );
#1342 = VERTEX_POINT ( 'NONE', #3276 ) ;
#1343 = CARTESIAN_POINT ( 'NONE',  ( -4.764550708261526601, -0.3175650315732895246, 3.213536534616229012 ) ) ;
#1344 = CARTESIAN_POINT ( 'NONE',  ( 2.104697761953648882, -5.081189881604811553, -4.015625000000000000 ) ) ;
#1345 = CARTESIAN_POINT ( 'NONE',  ( -3.535533905932746190, -3.535533905932755072, -11.75000000000000178 ) ) ;
#1346 = LINE ( 'NONE', #1227, #921 ) ;
#1347 = CARTESIAN_POINT ( 'NONE',  ( 3.592943821779225555, 3.592943821779214897, -11.14062499999999822 ) ) ;
#1348 = CARTESIAN_POINT ( 'NONE',  ( -4.025721420742513601, -1.667508410807443386, -8.093750000000000000 ) ) ;
#1349 = CARTESIAN_POINT ( 'NONE',  ( -1.667508410807434727, -4.025721420742523371, -6.593749999999999112 ) ) ;
#1350 = CARTESIAN_POINT ( 'NONE',  ( -2.104697761953650215, -5.081189881604809777, -1.203124999999999334 ) ) ;
#1351 = CARTESIAN_POINT ( 'NONE',  ( -4.025721420742514489, -8.866399893941979642E-15, -5.375000000000000000 ) ) ;
#1352 = CARTESIAN_POINT ( 'NONE',  ( -4.025721420742513601, 1.667508410807425623, 2.218750000000002220 ) ) ;
#1353 = CARTESIAN_POINT ( 'NONE',  ( 3.999999999999998224, -2.309401076758501148, 13.72275660795741281 ) ) ;
#1354 = CARTESIAN_POINT ( 'NONE',  ( 2.846614915774974719, 2.846614915774964505, -5.749999999999998224 ) ) ;
#1355 = DIRECTION ( 'NONE',  ( -1.000000000000000000, 0.000000000000000000, 0.000000000000000000 ) ) ;
#1356 = CARTESIAN_POINT ( 'NONE',  ( 0.000000000000000000, 5.000000000000002665, -7.812500000000001776 ) ) ;
#1357 = CARTESIAN_POINT ( 'NONE',  ( -2.071067811865481278, -5.000000000000022204, -8.843750000000000000 ) ) ;
#1358 = CARTESIAN_POINT ( 'NONE',  ( 1.667508410807436947, 4.025721420742503831, -13.15625000000000000 ) ) ;
#1359 = ADVANCED_FACE ( 'NONE', ( #253 ), #3845, .T. ) ;
#1360 = VERTEX_POINT ( 'NONE', #1467 ) ;
#1361 = VERTEX_POINT ( 'NONE', #3497 ) ;
#1362 = CARTESIAN_POINT ( 'NONE',  ( -5.000000000000012434, -2.071067811865489716, 0.1562499999999983069 ) ) ;
#1363 = CARTESIAN_POINT ( 'NONE',  ( -2.104697761953649326, 5.081189881604790237, -3.265624999999999556 ) ) ;
#1364 = CARTESIAN_POINT ( 'NONE',  ( 0.000000000000000000, 4.025721420742504719, 4.937500000000000888 ) ) ;
#1365 = CARTESIAN_POINT ( 'NONE',  ( 0.1469273917771317661, 4.376387500997803492, 2.128274431897091645 ) ) ;
#1366 = FACE_OUTER_BOUND ( 'NONE', #2047, .T. ) ;
#1367 = CARTESIAN_POINT ( 'NONE',  ( -4.930086852171255217E-16, -4.025721420742523371, -8.000000000000000000 ) ) ;
#1368 = CLOSED_SHELL ( 'NONE', ( #338, #1117, #1381, #1276, #2665, #3356, #1986, #1359, #690, #1339, #1794, #712, #3806, #1409, #426, #1262, #2060, #3483, #2157, #3232, #946, #1875, #2494, #2467, #441, #2831, #1429, #2918, #1705, #3802, #288, #3622, #2465, #147, #526, #512, #3045, #2040, #818, #1828, #2429, #1575, #731, #612, #2876, #3720, #2473, #993, #2400, #2384, #3118, #1850, #3117, #1034 ) ) ;
#1369 = CARTESIAN_POINT ( 'NONE',  ( -2.104697761953649326, 5.081189881604790237, 2.734374999999998668 ) ) ;
#1370 = CARTESIAN_POINT ( 'NONE',  ( 4.025721420742512713, 1.667508410807426289, -4.531249999999998224 ) ) ;
#1371 = VECTOR ( 'NONE', #3834, 1000.000000000000000 ) ;
#1372 = B_SPLINE_CURVE_WITH_KNOTS ( 'NONE', 3,
 ( #1871, #1923, #635, #618, #1909, #1536, #97, #3070, #1602, #2427, #3015, #345 ),
 .UNSPECIFIED., .F., .F.,
 ( 4, 2, 2, 2, 2, 4 ),
 ( 1.034490240161119470E-17, 0.0009661067643632435939, 0.001449160146544860566, 0.001932213528726477864, 0.002898320293089710724, 0.003864427057452944451 ),
 .UNSPECIFIED. ) ;
#1373 = CARTESIAN_POINT ( 'NONE',  ( 3.592943821779224667, -3.592943821779234881, 3.484375000000003109 ) ) ;
#1374 = CARTESIAN_POINT ( 'NONE',  ( 0.000000000000000000, 4.025721420742504719, 1.937500000000001776 ) ) ;
#1375 = CARTESIAN_POINT ( 'NONE',  ( -5.000000000000012434, -2.071067811865489716, -6.031249999999996447 ) ) ;
#1376 = AXIS2_PLACEMENT_3D ( 'NONE', #3364, #1648, #2399 ) ;
#1377 = CARTESIAN_POINT ( 'NONE',  ( -2.071067811865480390, 5.000000000000003553, 1.281249999999999112 ) ) ;
#1378 = CARTESIAN_POINT ( 'NONE',  ( 4.087843656499607903, 0.2736015847457282657, 1.354299190312111323 ) ) ;
#1379 = ORIENTED_EDGE ( 'NONE', *, *, #2550, .T. ) ;
#1380 = CARTESIAN_POINT ( 'NONE',  ( -4.930086852171255217E-16, -4.025721420742523371, -9.312499999999998224 ) ) ;
#1381 = ADVANCED_FACE ( 'NONE', ( #2318 ), #2796, .T. ) ;
#1382 = ORIENTED_EDGE ( 'NONE', *, *, #1460, .T. ) ;
#1383 = CARTESIAN_POINT ( 'NONE',  ( 3.758288071016987253, -3.213369978444735153, 3.680572671121187689 ) ) ;
#1384 = CARTESIAN_POINT ( 'NONE',  ( -6.222662924367237206E-16, -5.081189881604809777, -8.609374999999998224 ) ) ;
#1385 = CARTESIAN_POINT ( 'NONE',  ( 2.846614915774974719, 2.846614915774964505, 4.750000000000000888 ) ) ;
#1386 = FACE_OUTER_BOUND ( 'NONE', #861, .T. ) ;
#1387 = DIRECTION ( 'NONE',  ( -1.000000000000000000, 0.000000000000000000, 0.000000000000000000 ) ) ;
#1388 = CARTESIAN_POINT ( 'NONE',  ( 5.081189881604800007, 2.104697761953641777, -11.23437500000000000 ) ) ;
#1389 = CARTESIAN_POINT ( 'NONE',  ( -4.025721420742514489, -8.866399893941979642E-15, -2.374999999999998668 ) ) ;
#1390 = CARTESIAN_POINT ( 'NONE',  ( -1.667508410807434505, 4.025721420742504719, -14.46875000000000178 ) ) ;
#1391 = CARTESIAN_POINT ( 'NONE',  ( 0.000000000000000000, 4.025721420742504719, 3.250000000000002665 ) ) ;
#1392 = CARTESIAN_POINT ( 'NONE',  ( -4.025721420742513601, -1.667508410807443386, -5.281249999999999112 ) ) ;
#1393 = CARTESIAN_POINT ( 'NONE',  ( 4.025721420742512713, -1.667508410807445607, 4.468750000000000888 ) ) ;
#1394 = LINE ( 'NONE', #2016, #276 ) ;
#1395 = CARTESIAN_POINT ( 'NONE',  ( 4.025721420742513601, 1.667508410807426067, -5.843749999999998224 ) ) ;
#1396 = CARTESIAN_POINT ( 'NONE',  ( -5.000000000000006217, -3.469446951953614189E-15, -13.99999999999999822 ) ) ;
#1397 = DIRECTION ( 'NONE',  ( -0.000000000000000000, -0.000000000000000000, -1.000000000000000000 ) ) ;
#1398 = CARTESIAN_POINT ( 'NONE',  ( 4.025721420742512713, 1.667508410807426289, -10.34374999999999822 ) ) ;
#1399 = CARTESIAN_POINT ( 'NONE',  ( -4.545093420921531902, -0.3114762645736282032, 2.632652340909804156 ) ) ;
#1400 = PLANE ( 'NONE',  #1570 ) ;
#1401 = CARTESIAN_POINT ( 'NONE',  ( -1.667508410807434949, -4.025721420742524259, -14.09375000000000178 ) ) ;
#1402 = CARTESIAN_POINT ( 'NONE',  ( -5.000000000000012434, -8.806742536763703202E-15, -5.937500000000001776 ) ) ;
#1403 = CARTESIAN_POINT ( 'NONE',  ( 0.000000000000000000, -3.469446951953614189E-15, -13.99999999999999822 ) ) ;
#1404 = VERTEX_POINT ( 'NONE', #1091 ) ;
#1405 = CARTESIAN_POINT ( 'NONE',  ( -2.846614915774974275, 2.846614915774965393, -2.562499999999998668 ) ) ;
#1406 = CARTESIAN_POINT ( 'NONE',  ( 4.025721420742512713, 1.667508410807426289, -13.34375000000000178 ) ) ;
#1407 = CARTESIAN_POINT ( 'NONE',  ( 4.025721420742514489, -9.852417264376230094E-15, 4.375000000000000000 ) ) ;
#1408 = CARTESIAN_POINT ( 'NONE',  ( 1.667508410807433616, -4.025721420742524259, -4.906249999999999112 ) ) ;
#1409 = ADVANCED_FACE ( 'NONE', ( #1132 ), #3868, .T. ) ;
#1410 = CARTESIAN_POINT ( 'NONE',  ( -3.592943821779224667, 3.592943821779215785, 2.734375000000002220 ) ) ;
#1411 = CARTESIAN_POINT ( 'NONE',  ( 3.535533905932747079, 3.535533905932736420, -5.000000000000000888 ) ) ;
#1412 = DIRECTION ( 'NONE',  ( 0.000000000000000000, 0.000000000000000000, -1.000000000000000000 ) ) ;
#1413 = B_SPLINE_CURVE_WITH_KNOTS ( 'NONE', 3,
 ( #2419, #3383, #678, #2118, #2488, #1020, #1327, #3091, #401, #2697, #3427, #1840, #905, #1930, #1610, #1036, #142, #1820, #608, #932, #2191, #2988, #1201, #1626, #1914, #2509, #3076, #3706, #18, #390, #696, #2785, #3684, #2838 ),
 .UNSPECIFIED., .F., .F.,
 ( 4, 2, 2, 2, 2, 2, 2, 2, 2, 2, 2, 2, 2, 2, 2, 2, 4 ),
 ( 0.03026481703071935703, 0.03117611712675850619, 0.03208741722279765535, 0.03299871731883680798, 0.03391001741487595367, 0.03482131751091510630, 0.03573261760695425893, 0.03664391770299340462, 0.03755521779903255725, 0.03846651789507170294, 0.03937781799111085557, 0.04028911808715000820, 0.04120041818318915389, 0.04211171827922829958, 0.04302301837526745221, 0.04393431847130660484, 0.04484561856734575053 ),
 .UNSPECIFIED. ) ;
#1414 = CARTESIAN_POINT ( 'NONE',  ( -5.000000000000012434, -8.806742536763703202E-15, 1.562499999999999334 ) ) ;
#1415 = CARTESIAN_POINT ( 'NONE',  ( 4.895764368345703055, 1.015623576743225565, 3.860428147091755413 ) ) ;
#1416 = CARTESIAN_POINT ( 'NONE',  ( 2.416587036770655672, -3.263011688596435533, 1.183619750323453790 ) ) ;
#1417 = CARTESIAN_POINT ( 'NONE',  ( -4.025721420742514489, -8.866399893941979642E-15, -0.8749999999999990008 ) ) ;
#1418 = CARTESIAN_POINT ( 'NONE',  ( 1.667508410807436947, 4.025721420742503831, -8.656250000000000000 ) ) ;
#1419 = CARTESIAN_POINT ( 'NONE',  ( -4.418573039222191134, -1.226664134772446957, 2.693756990529655670 ) ) ;
#1420 = CARTESIAN_POINT ( 'NONE',  ( 3.929566730962287924, -1.072992095954229619, 1.289837418594249163 ) ) ;
#1421 = CARTESIAN_POINT ( 'NONE',  ( 4.025721420742513601, -1.667508410807445607, -1.531249999999999556 ) ) ;
#1422 = CARTESIAN_POINT ( 'NONE',  ( -4.025721420742513601, 1.667508410807425623, 3.718750000000000000 ) ) ;
#1423 = CARTESIAN_POINT ( 'NONE',  ( 4.025721420742512713, -1.667508410807445607, -13.71875000000000178 ) ) ;
#1424 = CARTESIAN_POINT ( 'NONE',  ( 4.025721420742514489, -9.852417264376230094E-15, -4.624999999999999112 ) ) ;
#1425 = CARTESIAN_POINT ( 'NONE',  ( -3.535533905932746190, 3.535533905932737309, -4.812499999999997335 ) ) ;
#1426 = EDGE_CURVE ( 'NONE', #1963, #404, #877, .T. ) ;
#1427 = VECTOR ( 'NONE', #1821, 1000.000000000000000 ) ;
#1428 = CARTESIAN_POINT ( 'NONE',  ( 2.071067811865483943, 5.000000000000000888, -4.906250000000001776 ) ) ;
#1429 = ADVANCED_FACE ( 'NONE', ( #1748 ), #1164, .T. ) ;
#1430 = DIRECTION ( 'NONE',  ( -0.5000000000000004441, 0.8660254037844384856, 0.000000000000000000 ) ) ;
#1431 = STYLED_ITEM ( 'NONE', ( #1141 ), #1190 ) ;
#1432 = CARTESIAN_POINT ( 'NONE',  ( -3.263833109627596318, 2.804725707896938758, -13.20227842753198466 ) ) ;
#1433 = ORIENTED_EDGE ( 'NONE', *, *, #3312, .F. ) ;
#1434 = ORIENTED_EDGE ( 'NONE', *, *, #1043, .F. ) ;
#1435 = AXIS2_PLACEMENT_3D ( 'NONE', #2208, #3618, #3006 ) ;
#1436 = CARTESIAN_POINT ( 'NONE',  ( -2.846614915774974275, -2.846614915774983157, -11.18750000000000000 ) ) ;
#1437 = AXIS2_PLACEMENT_3D ( 'NONE', #523, #3586, #1261 ) ;
#1438 = CARTESIAN_POINT ( 'NONE',  ( 1.667508410807436947, 4.025721420742503831, -10.15624999999999822 ) ) ;
#1439 = DIRECTION ( 'NONE',  ( -1.000000000000000000, 0.000000000000000000, 0.000000000000000000 ) ) ;
#1440 = ORIENTED_EDGE ( 'NONE', *, *, #1255, .F. ) ;
#1441 = DIRECTION ( 'NONE',  ( -1.000000000000000000, 0.000000000000000000, 0.000000000000000000 ) ) ;
#1442 = CARTESIAN_POINT ( 'NONE',  ( -2.104697761953650215, -5.081189881604809777, -2.703124999999999112 ) ) ;
#1443 = CARTESIAN_POINT ( 'NONE',  ( 2.846614915774973831, -2.846614915774984045, -13.81249999999999822 ) ) ;
#1444 = CARTESIAN_POINT ( 'NONE',  ( 3.163151559360042331, 2.900795503196634151, 1.888142284764228185 ) ) ;
#1445 = FACE_OUTER_BOUND ( 'NONE', #3086, .T. ) ;
#1446 = CARTESIAN_POINT ( 'NONE',  ( 1.667508410807436947, 4.025721420742503831, 0.1562500000000018874 ) ) ;
#1447 = CARTESIAN_POINT ( 'NONE',  ( 0.000000000000000000, -9.107298248878237246E-15, 4.000000000000000000 ) ) ;
#1448 = EDGE_LOOP ( 'NONE', ( #3421, #1675, #827, #3386 ) ) ;
#1449 = EDGE_CURVE ( 'NONE', #1005, #1823, #1725, .T. ) ;
#1450 = CARTESIAN_POINT ( 'NONE',  ( -5.000000000000012434, -8.806742536763703202E-15, -0.1249999999999965306 ) ) ;
#1451 = DIRECTION ( 'NONE',  ( -0.000000000000000000, -0.000000000000000000, -1.000000000000000000 ) ) ;
#1452 = CARTESIAN_POINT ( 'NONE',  ( 0.000000000000000000, 5.000000000000002665, 1.187499999999999334 ) ) ;
#1453 = EDGE_LOOP ( 'NONE', ( #3240, #75 ) ) ;
#1454 = CARTESIAN_POINT ( 'NONE',  ( -5.000000000000006217, -3.469446951953614189E-15, -13.99999999999999822 ) ) ;
#1455 = ORIENTED_EDGE ( 'NONE', *, *, #3042, .F. ) ;
#1456 = CARTESIAN_POINT ( 'NONE',  ( -4.930086852171255217E-16, -4.025721420742523371, -7.812499999999999112 ) ) ;
#1457 = CARTESIAN_POINT ( 'NONE',  ( 4.025721420742512713, 1.667508410807426289, -2.843749999999999112 ) ) ;
#1458 = CARTESIAN_POINT ( 'NONE',  ( 7.950715832999022273E-16, -4.618802153517004960, 8.999999999999998224 ) ) ;
#1460 = EDGE_CURVE ( 'NONE', #2616, #1361, #2607, .T. ) ;
#1459 = ORIENTED_EDGE ( 'NONE', *, *, #3328, .F. ) ;
#1461 = CARTESIAN_POINT ( 'NONE',  ( -3.535533905932746190, -3.535533905932755072, -4.250000000000001776 ) ) ;
#1462 = CARTESIAN_POINT ( 'NONE',  ( 3.792316536741505040, 1.945830626045183642, 1.807295736191894875 ) ) ;
#1463 = CARTESIAN_POINT ( 'NONE',  ( 1.119529222150402103E-15, -4.618802153517004960, 13.72275660795741281 ) ) ;
#1464 = ORIENTED_EDGE ( 'NONE', *, *, #3245, .F. ) ;
#1465 = CARTESIAN_POINT ( 'NONE',  ( 2.846614915774973831, -2.846614915774984045, -4.812499999999999112 ) ) ;
#1466 = CARTESIAN_POINT ( 'NONE',  ( 1.667508410807436947, 4.025721420742503831, -5.656249999999997335 ) ) ;
#1467 = CARTESIAN_POINT ( 'NONE',  ( 8.000000000000003553, -2.489729512635731426E-15, 4.500000000000000888 ) ) ;
#1468 = ORIENTED_EDGE ( 'NONE', *, *, #70, .F. ) ;
#1469 = CARTESIAN_POINT ( 'NONE',  ( 3.592943821779224667, -3.592943821779234881, 0.4843750000000021649 ) ) ;
#1470 = DIRECTION ( 'NONE',  ( -0.000000000000000000, -0.000000000000000000, -1.000000000000000000 ) ) ;
#1471 = CARTESIAN_POINT ( 'NONE',  ( 5.000000000000012434, -1.003138933591105784E-14, -5.187500000000000888 ) ) ;
#1472 = CARTESIAN_POINT ( 'NONE',  ( 0.000000000000000000, 4.025721420742504719, -7.249999999999999112 ) ) ;
#1473 = ORIENTED_EDGE ( 'NONE', *, *, #2762, .T. ) ;
#1474 = CARTESIAN_POINT ( 'NONE',  ( 3.535533905932745746, -3.535533905932755960, -2.375000000000000444 ) ) ;
#1475 = ORIENTED_EDGE ( 'NONE', *, *, #2762, .F. ) ;
#1476 = CARTESIAN_POINT ( 'NONE',  ( 1.667508410807436947, 4.025721420742503831, 3.156250000000002665 ) ) ;
#1477 = CARTESIAN_POINT ( 'NONE',  ( 4.025721420742512713, 1.667508410807426289, -1.343749999999999556 ) ) ;
#1478 = DIRECTION ( 'NONE',  ( -0.000000000000000000, -0.000000000000000000, -1.000000000000000000 ) ) ;
#1479 = ORIENTED_EDGE ( 'NONE', *, *, #2820, .F. ) ;
#1480 = CARTESIAN_POINT ( 'NONE',  ( -6.222662924367237206E-16, -5.081189881604809777, -2.609374999999998668 ) ) ;
#1481 = LINE ( 'NONE', #2373, #3739 ) ;
#1482 = CARTESIAN_POINT ( 'NONE',  ( 0.000000000000000000, 4.025721420742504719, -14.75000000000000000 ) ) ;
#1483 = DIRECTION ( 'NONE',  ( -0.000000000000000000, -0.000000000000000000, -1.000000000000000000 ) ) ;
#1484 = CARTESIAN_POINT ( 'NONE',  ( -6.123233995736780087E-16, -5.000000000000022204, -4.249999999999996447 ) ) ;
#1485 = CARTESIAN_POINT ( 'NONE',  ( -4.025721420742514489, -8.866399893941979642E-15, -5.187499999999999112 ) ) ;
#1486 = ORIENTED_EDGE ( 'NONE', *, *, #421, .F. ) ;
#1487 = CARTESIAN_POINT ( 'NONE',  ( 1.279947874887708892, -3.865189085444845851, 1.284616214273685220 ) ) ;
#1488 = CARTESIAN_POINT ( 'NONE',  ( 3.592943821779224667, -3.592943821779234881, -8.515624999999998224 ) ) ;
#1489 = CARTESIAN_POINT ( 'NONE',  ( 5.000000000000012434, -1.003138933591105784E-14, -8.187500000000000000 ) ) ;
#1490 = CARTESIAN_POINT ( 'NONE',  ( 1.667508410807436947, 4.025721420742503831, -7.343749999999999112 ) ) ;
#1491 = CARTESIAN_POINT ( 'NONE',  ( -2.104697761953649326, 5.081189881604790237, -7.859374999999999112 ) ) ;
#1492 = LINE ( 'NONE', #3853, #1427 ) ;
#1493 = CIRCLE ( 'NONE', #3296, 3.500000000000003553 ) ;
#1494 = CARTESIAN_POINT ( 'NONE',  ( -1.667508410807434061, 4.025721420742504719, -12.96875000000000355 ) ) ;
#1495 = CARTESIAN_POINT ( 'NONE',  ( -5.000000000000012434, -8.806742536763703202E-15, 3.062499999999997335 ) ) ;
#1496 = AXIS2_PLACEMENT_3D ( 'NONE', #2891, #543, #3842 ) ;
#1497 = CARTESIAN_POINT ( 'NONE',  ( -3.592943821779224667, -3.592943821779233549, -14.79687500000000000 ) ) ;
#1498 = CARTESIAN_POINT ( 'NONE',  ( -2.846614915774974275, -2.846614915774983157, -3.499999999999999556 ) ) ;
#1499 = CARTESIAN_POINT ( 'NONE',  ( 4.292120029780353896, -1.420477038390887792, 2.518653402726128476 ) ) ;
#1500 = ORIENTED_EDGE ( 'NONE', *, *, #3374, .F. ) ;
#1501 = CARTESIAN_POINT ( 'NONE',  ( -2.071067811865480390, 5.000000000000003553, -6.406249999999999112 ) ) ;
#1502 = CARTESIAN_POINT ( 'NONE',  ( 5.000000000000012434, -1.003138933591105784E-14, 2.125000000000003553 ) ) ;
#1503 = CARTESIAN_POINT ( 'NONE',  ( 3.535533905932745746, -3.535533905932755960, 3.624999999999998224 ) ) ;
#1504 = CARTESIAN_POINT ( 'NONE',  ( -4.025721420742514489, -8.866399893941979642E-15, -12.68750000000000000 ) ) ;
#1505 = CARTESIAN_POINT ( 'NONE',  ( 4.025721420742512713, -1.667508410807445607, -6.031249999999998224 ) ) ;
#1506 = CARTESIAN_POINT ( 'NONE',  ( -6.222662924367237206E-16, -5.081189881604809777, -1.203124999999997558 ) ) ;
#1507 = CARTESIAN_POINT ( 'NONE',  ( -4.025721420742514489, -1.667508410807443164, -12.78125000000000000 ) ) ;
#1508 = LINE ( 'NONE', #572, #2915 ) ;
#1509 = EDGE_CURVE ( 'NONE', #117, #419, #907, .T. ) ;
#1510 = CARTESIAN_POINT ( 'NONE',  ( 3.592943821779225555, 3.592943821779214897, -5.140624999999997335 ) ) ;
#1511 = CARTESIAN_POINT ( 'NONE',  ( -2.846614915774974275, -2.846614915774983157, -5.187499999999999112 ) ) ;
#1512 = LINE ( 'NONE', #3724, #2676 ) ;
#1513 = CARTESIAN_POINT ( 'NONE',  ( 5.000000000000012434, -1.003138933591105784E-14, 3.812499999999998224 ) ) ;
#1514 = CARTESIAN_POINT ( 'NONE',  ( 2.846614915774974719, 2.846614915774964505, -11.75000000000000000 ) ) ;
#1515 = CARTESIAN_POINT ( 'NONE',  ( 3.592943821779224667, -3.592943821779234881, -10.01562499999999822 ) ) ;
#1516 = VERTEX_POINT ( 'NONE', #1205 ) ;
#1517 = CARTESIAN_POINT ( 'NONE',  ( -2.846614915774974275, -2.846614915774983157, 0.8125000000000006661 ) ) ;
#1518 = CARTESIAN_POINT ( 'NONE',  ( 1.667508410807436947, 4.025721420742503831, -2.656249999999998668 ) ) ;
#1519 = CARTESIAN_POINT ( 'NONE',  ( -1.869537811686878159, -3.982519855670694220, 2.184587618873875314 ) ) ;
#1520 = ORIENTED_EDGE ( 'NONE', *, *, #1122, .T. ) ;
#1521 = SHAPE_DEFINITION_REPRESENTATION ( #1891, #139 ) ;
#1522 = CARTESIAN_POINT ( 'NONE',  ( 2.846614915774973831, -2.846614915774984045, -10.81250000000000000 ) ) ;
#1523 = CARTESIAN_POINT ( 'NONE',  ( -7.500000000000000000, -3.469446951953614189E-15, 13.49999999999999822 ) ) ;
#1524 = CARTESIAN_POINT ( 'NONE',  ( -5.000000000000012434, -8.806742536763703202E-15, 3.062499999999997335 ) ) ;
#1525 = CARTESIAN_POINT ( 'NONE',  ( 2.104697761953652879, 5.081189881604789349, -10.95312499999999822 ) ) ;
#1526 = CARTESIAN_POINT ( 'NONE',  ( -4.025721420742514489, -8.866399893941979642E-15, -0.6874999999999988898 ) ) ;
#1527 = CARTESIAN_POINT ( 'NONE',  ( -2.071067811865481278, -5.000000000000022204, -10.15625000000000000 ) ) ;
#1528 = CARTESIAN_POINT ( 'NONE',  ( -4.405648816047917471, -8.843136050513523483E-15, -13.09435118395208697 ) ) ;
#1529 = CARTESIAN_POINT ( 'NONE',  ( -5.000000000000012434, -8.806742536763703202E-15, -10.62499999999999645 ) ) ;
#1530 = CARTESIAN_POINT ( 'NONE',  ( 0.000000000000000000, 4.025721420742504719, -8.749999999999998224 ) ) ;
#1531 = EDGE_CURVE ( 'NONE', #1516, #1119, #3582, .T. ) ;
#1532 = CARTESIAN_POINT ( 'NONE',  ( -5.000000000000022204, -2.071067811865479946, -1.343750000000001998 ) ) ;
#1533 = CARTESIAN_POINT ( 'NONE',  ( 2.846614915774974719, 2.846614915774964505, -7.249999999999998224 ) ) ;
#1534 = CARTESIAN_POINT ( 'NONE',  ( -4.025721420742514489, -8.866399893941979642E-15, 2.125000000000001776 ) ) ;
#1535 = EDGE_LOOP ( 'NONE', ( #933, #2129, #616, #706 ) ) ;
#1536 = CARTESIAN_POINT ( 'NONE',  ( 4.437278946819938064, 2.202395128300408622, -12.54886884981611317 ) ) ;
#1537 = CARTESIAN_POINT ( 'NONE',  ( -5.000000000000012434, 2.071067811865471953, 2.781250000000004441 ) ) ;
#1538 = CYLINDRICAL_SURFACE ( 'NONE', #2613, 5.000000000000006217 ) ;
#1539 = CARTESIAN_POINT ( 'NONE',  ( -3.592943821779224667, -3.592943821779233549, -13.29687500000000000 ) ) ;
#1540 = CARTESIAN_POINT ( 'NONE',  ( 1.667508410807436947, 4.025721420742503831, -1.156249999999999334 ) ) ;
#1541 = CARTESIAN_POINT ( 'NONE',  ( -4.025721420742514489, -1.667508410807443164, -0.5937499999999987788 ) ) ;
#1542 = CARTESIAN_POINT ( 'NONE',  ( -4.025721420742514489, -8.866399893941979642E-15, -9.687499999999998224 ) ) ;
#1543 = DIRECTION ( 'NONE',  ( -1.000000000000000000, 0.000000000000000000, 0.000000000000000000 ) ) ;
#1544 = ORIENTED_EDGE ( 'NONE', *, *, #3787, .T. ) ;
#1545 = UNCERTAINTY_MEASURE_WITH_UNIT (LENGTH_MEASURE( 1.000000000000000082E-05 ), #617, 'distance_accuracy_value', 'NONE');
#1546 = CARTESIAN_POINT ( 'NONE',  ( 0.000000000000000000, 4.025721420742504719, -11.75000000000000000 ) ) ;
#1547 = CARTESIAN_POINT ( 'NONE',  ( 0.000000000000000000, -3.469446951953614189E-15, -13.99999999999999822 ) ) ;
#1548 = CARTESIAN_POINT ( 'NONE',  ( -3.592943821779224667, -3.592943821779233549, -2.890624999999999112 ) ) ;
#1549 = CARTESIAN_POINT ( 'NONE',  ( -1.667508410807434505, 4.025721420742504719, -5.656249999999999112 ) ) ;
#1550 = CARTESIAN_POINT ( 'NONE',  ( -4.025721420742514489, -8.866399893941979642E-15, -8.374999999999998224 ) ) ;
#1551 = EDGE_CURVE ( 'NONE', #3248, #2981, #3592, .T. ) ;
#1552 = CARTESIAN_POINT ( 'NONE',  ( 5.000000000000012434, -1.003138933591105784E-14, -8.374999999999996447 ) ) ;
#1553 = CARTESIAN_POINT ( 'NONE',  ( 4.025721420742513601, 1.667508410807426067, -8.843750000000000000 ) ) ;
#1554 = CARTESIAN_POINT ( 'NONE',  ( 5.000000000000007994, 2.071067811865477282, -9.781249999999996447 ) ) ;
#1555 = ORIENTED_EDGE ( 'NONE', *, *, #666, .T. ) ;
#1557 = VECTOR ( 'NONE', #3770, 1000.000000000000000 ) ;
#1556 = CARTESIAN_POINT ( 'NONE',  ( 4.025721420742512713, 1.667508410807426289, 1.468750000000001332 ) ) ;
#1558 = CARTESIAN_POINT ( 'NONE',  ( 5.000000000000012434, -2.071067811865492381, -6.781250000000000888 ) ) ;
#1559 = ORIENTED_EDGE ( 'NONE', *, *, #2954, .F. ) ;
#1560 = CARTESIAN_POINT ( 'NONE',  ( -5.000000000000012434, -8.806742536763703202E-15, -1.437500000000001554 ) ) ;
#1561 = CARTESIAN_POINT ( 'NONE',  ( 1.667508410807436947, 4.025721420742503831, -1.343749999999999556 ) ) ;
#1562 = CARTESIAN_POINT ( 'NONE',  ( 4.025721420742514489, -9.852417264376230094E-15, -12.12499999999999822 ) ) ;
#1563 = CONICAL_SURFACE ( 'NONE', #3163, 5.050799999999994405, 0.3490658503988666728 ) ;
#1564 = CARTESIAN_POINT ( 'NONE',  ( -1.667508410807434505, 4.025721420742504719, -11.65624999999999822 ) ) ;
#1565 = ORIENTED_EDGE ( 'NONE', *, *, #1968, .F. ) ;
#1566 = CARTESIAN_POINT ( 'NONE',  ( 3.535533905932747079, 3.535533905932736420, -0.6874999999999970024 ) ) ;
#1567 = VECTOR ( 'NONE', #2975, 1000.000000000000000 ) ;
#1568 = CARTESIAN_POINT ( 'NONE',  ( 5.081189881604800007, -1.004630367520562695E-14, -11.23437500000000000 ) ) ;
#1569 = CARTESIAN_POINT ( 'NONE',  ( -4.930086852171255217E-16, -4.025721420742523371, -10.81250000000000000 ) ) ;
#1570 = AXIS2_PLACEMENT_3D ( 'NONE', #2587, #2569, #1441 ) ;
#1571 = CARTESIAN_POINT ( 'NONE',  ( 5.081189881604800007, -1.004630367520562695E-14, -6.828124999999998224 ) ) ;
#1572 = CARTESIAN_POINT ( 'NONE',  ( -1.307695208998927106, -4.421155916261702679, -12.89969057245559014 ) ) ;
#1573 = CARTESIAN_POINT ( 'NONE',  ( -5.081189881604800007, 2.104697761953640445, 1.421875000000001332 ) ) ;
#1574 = CARTESIAN_POINT ( 'NONE',  ( -2.846614915774974275, -2.846614915774983157, -6.687499999999999112 ) ) ;
#1575 = ADVANCED_FACE ( 'NONE', ( #1802, #2441 ), #3340, .T. ) ;
#1576 = CARTESIAN_POINT ( 'NONE',  ( -3.592943821779224667, 3.592943821779215785, -7.765624999999998224 ) ) ;
#1577 =( BOUNDED_CURVE ( )  B_SPLINE_CURVE ( 2, ( #2452, #883, #2381, #1223, #605, #663, #1897, #1198, #1836, #1507, #3061, #2094, #2771, #3003, #2712, #3277, #623, #333, #2694, #953, #1546, #3387, #1039, #104, #1288, #2229, #1933, #3094, #3367, #739, #1987, #1649, #1006, #161, #1056, #3408, #718, #681, #391, #699, #3152, #2555, #1309, #1329, #3748, #3079, #2491, #2262, #3690, #1970, #3449, #405, #2511, #1612, #2839, #1954, #3709, #2244, #2211, #761, #1367, #464, #3428, #1629, #145, #2471, #3134, #442, #2822, #1684, #2530, #2855, #3671, #3114, #2808, #1349, #986, #1916, #2192, #2788, #124, #1022, #425, #1667, #3727, #546, #782, #564, #251, #1789, #200, #1131, #233, #1745, #1465, #214, #1424, #3803, #2008, #3510, #3528, #1726, #490, #2315, #3235, #2281, #806, #1073, #182, #1768, #1088, #2299, #819, #2354, #2896, #837, #859, #2334, #1405, #2917, #1389, #3826, #3471, #2574, #1151, #3172, #3781, #2873, #1110, #3494, #3551, #2038, #1709, #2591, #3765, #3843, #2937, #2075, #2648, #2606, #3256, #2055, #2027, #3215, #3197, #510, #527, #1446, #2625, #2393, #3345, #47, #2110, #619, #284, #3309, #599, #3274, #1217 ),
 .UNSPECIFIED., .F., .F. ) 
 B_SPLINE_CURVE_WITH_KNOTS ( ( 3, 2, 2, 2, 2, 2, 2, 2, 2, 2, 2, 2, 2, 2, 2, 2, 2, 2, 2, 2, 2, 2, 2, 2, 2, 2, 2, 2, 2, 2, 2, 2, 2, 2, 2, 2, 2, 2, 2, 2, 2, 2, 2, 2, 2, 2, 2, 2, 2, 2, 2, 2, 2, 2, 2, 2, 2, 2, 2, 2, 2, 2, 2, 2, 2, 2, 2, 2, 2, 2, 2, 2, 2, 2, 2, 2, 2, 2, 2, 3 ),
 ( 0.06534947575197525005, 0.06730769230769230449, 0.07692307692307692735, 0.08653846153846153633, 0.09615384615384615918, 0.1057692307692307682, 0.1153846153846153910, 0.1250000000000000000, 0.1346153846153846090, 0.1442307692307692180, 0.1538461538461538547, 0.1634615384615384637, 0.1730769230769230727, 0.1826923076923076816, 0.1923076923076923184, 0.2019230769230769273, 0.2115384615384615363, 0.2211538461538461453, 0.2307692307692307820, 0.2403846153846153910, 0.2500000000000000000, 0.2596153846153846367, 0.2692307692307692180, 0.2788461538461538547, 0.2884615384615384359, 0.2980769230769230727, 0.3076923076923077094, 0.3173076923076922906, 0.3269230769230769273, 0.3365384615384615641, 0.3461538461538461453, 0.3557692307692307820, 0.3653846153846153633, 0.3750000000000000000, 0.3846153846153846367, 0.3942307692307692180, 0.4038461538461537992, 0.4134615384615384914, 0.4230769230769230171, 0.4326923076923077094, 0.4423076923076923461, 0.4519230769230768718, 0.4615384615384615641, 0.4711538461538460898, 0.4807692307692307265, 0.4903846153846154188, 0.4999999999999999445, 0.5096153846153845812, 0.5192307692307692735, 0.5288461538461537437, 0.5384615384615385469, 0.5480769230769231282, 0.5576923076923077094, 0.5673076923076922906, 0.5769230769230768718, 0.5865384615384615641, 0.5961538461538461453, 0.6057692307692307265, 0.6153846153846154188, 0.6250000000000000000, 0.6346153846153845812, 0.6442307692307692735, 0.6538461538461538547, 0.6634615384615384359, 0.6730769230769231282, 0.6826923076923077094, 0.6923076923076922906, 0.7019230769230768718, 0.7115384615384615641, 0.7211538461538461453, 0.7307692307692307265, 0.7403846153846154188, 0.7500000000000000000, 0.7596153846153845812, 0.7692307692307692735, 0.7788461538461538547, 0.7884615384615384359, 0.7980769230769232392, 0.8076923076923077094, 0.8170934180032186633 ),
 .UNSPECIFIED. ) 
 CURVE ( )  GEOMETRIC_REPRESENTATION_ITEM ( )  RATIONAL_B_SPLINE_CURVE ( ( 0.9753096629729762768, 0.9844977225948067234, 1.000000000000000000, 0.9238795325112867385, 1.000000000000000000, 0.9238795325112867385, 1.000000000000000000, 0.9238795325112867385, 1.000000000000000000, 0.9238795325112867385, 1.000000000000000000, 0.9238795325112867385, 1.000000000000000000, 0.9238795325112867385, 1.000000000000000000, 0.9238795325112867385, 1.000000000000000000, 0.9238795325112867385, 1.000000000000000000, 0.9238795325112867385, 1.000000000000000000, 0.9238795325112867385, 1.000000000000000000, 0.9238795325112867385, 1.000000000000000000, 0.9238795325112867385, 1.000000000000000000, 0.9238795325112867385, 1.000000000000000000, 0.9238795325112867385, 1.000000000000000000, 0.9238795325112867385, 1.000000000000000000, 0.9238795325112867385, 1.000000000000000000, 0.9238795325112867385, 1.000000000000000000, 0.9238795325112867385, 1.000000000000000000, 0.9238795325112867385, 1.000000000000000000, 0.9238795325112867385, 1.000000000000000000, 0.9238795325112867385, 1.000000000000000000, 0.9238795325112867385, 1.000000000000000000, 0.9238795325112867385, 1.000000000000000000, 0.9238795325112867385, 1.000000000000000000, 0.9238795325112867385, 1.000000000000000000, 0.9238795325112867385, 1.000000000000000000, 0.9238795325112867385, 1.000000000000000000, 0.9238795325112867385, 1.000000000000000000, 0.9238795325112867385, 1.000000000000000000, 0.9238795325112867385, 1.000000000000000000, 0.9238795325112867385, 1.000000000000000000, 0.9238795325112867385, 1.000000000000000000, 0.9238795325112867385, 1.000000000000000000, 0.9238795325112867385, 1.000000000000000000, 0.9238795325112867385, 1.000000000000000000, 0.9238795325112867385, 1.000000000000000000, 0.9238795325112867385, 1.000000000000000000, 0.9238795325112867385, 1.000000000000000000, 0.9238795325112867385, 1.000000000000000000, 0.9238795325112867385, 1.000000000000000000, 0.9238795325112867385, 1.000000000000000000, 0.9238795325112867385, 1.000000000000000000, 0.9238795325112867385, 1.000000000000000000, 0.9238795325112867385, 1.000000000000000000, 0.9238795325112867385, 1.000000000000000000, 0.9238795325112867385, 1.000000000000000000, 0.9238795325112867385, 1.000000000000000000, 0.9238795325112867385, 1.000000000000000000, 0.9238795325112867385, 1.000000000000000000, 0.9238795325112867385, 1.000000000000000000, 0.9238795325112867385, 1.000000000000000000, 0.9238795325112867385, 1.000000000000000000, 0.9238795325112867385, 1.000000000000000000, 0.9238795325112867385, 1.000000000000000000, 0.9238795325112867385, 1.000000000000000000, 0.9238795325112867385, 1.000000000000000000, 0.9238795325112867385, 1.000000000000000000, 0.9238795325112867385, 1.000000000000000000, 0.9238795325112867385, 1.000000000000000000, 0.9238795325112867385, 1.000000000000000000, 0.9238795325112867385, 1.000000000000000000, 0.9238795325112867385, 1.000000000000000000, 0.9238795325112867385, 1.000000000000000000, 0.9238795325112867385, 1.000000000000000000, 0.9238795325112867385, 1.000000000000000000, 0.9238795325112867385, 1.000000000000000000, 0.9238795325112867385, 1.000000000000000000, 0.9238795325112867385, 1.000000000000000000, 0.9238795325112867385, 1.000000000000000000, 0.9238795325112867385, 1.000000000000000000, 0.9238795325112867385, 1.000000000000000000, 0.9238795325112867385, 1.000000000000000000, 0.9238795325112867385, 1.000000000000000000, 0.9238795325112867385, 1.000000000000000000, 0.9238795325112867385, 1.000000000000000000, 0.9238795325112867385, 1.000000000000000000, 0.9238795325112867385, 1.000000000000000000, 0.9255758411749304138, 0.9966829855474002020 ) ) 
 REPRESENTATION_ITEM ( '' )  );
#1578 = CARTESIAN_POINT ( 'NONE',  ( 3.684286088140769078, 1.636007461995381052, -13.47427857925749528 ) ) ;
#1579 = DIRECTION ( 'NONE',  ( -1.000000000000000000, 0.000000000000000000, 0.000000000000000000 ) ) ;
#1580 = EDGE_LOOP ( 'NONE', ( #361, #3377, #2524, #103 ) ) ;
#1581 = CARTESIAN_POINT ( 'NONE',  ( 0.000000000000000000, -3.469446951953614189E-15, -13.99999999999999822 ) ) ;
#1582 = ORIENTED_EDGE ( 'NONE', *, *, #2639, .T. ) ;
#1583 = CARTESIAN_POINT ( 'NONE',  ( -2.071067811865480390, 5.000000000000003553, -1.718750000000001776 ) ) ;
#1584 = CARTESIAN_POINT ( 'NONE',  ( -4.025721420742513601, -1.667508410807443386, -9.781249999999998224 ) ) ;
#1585 = EDGE_CURVE ( 'NONE', #123, #3307, #509, .T. ) ;
#1586 = FACE_OUTER_BOUND ( 'NONE', #3628, .T. ) ;
#1587 = CARTESIAN_POINT ( 'NONE',  ( -3.592943821779224667, 3.592943821779215785, -9.171875000000000000 ) ) ;
#1588 = CARTESIAN_POINT ( 'NONE',  ( 5.000000000000021316, -2.071067811865483055, -6.968749999999996447 ) ) ;
#1589 = ORIENTED_EDGE ( 'NONE', *, *, #388, .F. ) ;
#1590 = CARTESIAN_POINT ( 'NONE',  ( -3.592943821779224667, -3.592943821779233549, 1.609375000000001332 ) ) ;
#1591 = CARTESIAN_POINT ( 'NONE',  ( 3.255494873949943635, -3.482197238513130788, -12.74264394977852355 ) ) ;
#1592 = CARTESIAN_POINT ( 'NONE',  ( -5.081189881604800007, 2.104697761953640445, -0.07812500000000006939 ) ) ;
#1593 = CARTESIAN_POINT ( 'NONE',  ( 0.000000000000000000, 4.025721420742504719, -8.749999999999998224 ) ) ;
#1594 = CARTESIAN_POINT ( 'NONE',  ( 4.025721420742512713, 1.667508410807426289, -5.843749999999998224 ) ) ;
#1595 = CARTESIAN_POINT ( 'NONE',  ( 5.000000000000012434, -1.003138933591105784E-14, -9.874999999999996447 ) ) ;
#1596 = CARTESIAN_POINT ( 'NONE',  ( -4.025721420742514489, 1.667508410807425623, -6.781249999999999112 ) ) ;
#1597 = CARTESIAN_POINT ( 'NONE',  ( -3.346876566376680184, -2.686482066974977823, 13.50504879674872782 ) ) ;
#1598 =( BOUNDED_CURVE ( )  B_SPLINE_CURVE ( 2, ( #1162, #3561, #1474, #2402, #2100, #3282, #866, #934, #2160 ),
 .UNSPECIFIED., .F., .T. ) 
 B_SPLINE_CURVE_WITH_KNOTS ( ( 3, 2, 2, 2, 3 ),
 ( 0.3269230769230769273, 0.3365384615384615641, 0.3461538461538461453, 0.3557692307692307265, 0.3653846153846153633 ),
 .UNSPECIFIED. ) 
 CURVE ( )  GEOMETRIC_REPRESENTATION_ITEM ( )  RATIONAL_B_SPLINE_CURVE ( ( 0.9999999999999995559, 0.9238795325112871826, 1.000000000000000000, 0.9238795325112867385, 1.000000000000000000, 0.9238795325112867385, 1.000000000000000000, 0.9238795325112871826, 0.9999999999999995559 ) ) 
 REPRESENTATION_ITEM ( '' )  );
#1599 = VERTEX_POINT ( 'NONE', #2717 ) ;
#1600 = CARTESIAN_POINT ( 'NONE',  ( 1.774139164769636290, 3.777818711509981942, 1.564793849851864538 ) ) ;
#1601 = VERTEX_POINT ( 'NONE', #1495 ) ;
#1602 = CARTESIAN_POINT ( 'NONE',  ( 4.760180687526029963, 1.287442758688769340, -12.57936905897398461 ) ) ;
#1603 = CARTESIAN_POINT ( 'NONE',  ( 2.846614915774974719, 2.846614915774964505, -11.93750000000000000 ) ) ;
#1604 = CARTESIAN_POINT ( 'NONE',  ( -4.025721420742513601, 1.667508410807425623, -9.968749999999998224 ) ) ;
#1605 = CARTESIAN_POINT ( 'NONE',  ( 1.655677839854346356, -4.470861738522218687, 3.194503624587490709 ) ) ;
#1606 = CARTESIAN_POINT ( 'NONE',  ( 4.439710064602082618, 2.180080588899073746, 3.700846678874391671 ) ) ;
#1607 = CARTESIAN_POINT ( 'NONE',  ( 5.081189881604800007, -2.104697761953661761, -12.82812500000000000 ) ) ;
#1608 = CARTESIAN_POINT ( 'NONE',  ( -2.846614915774974275, -2.846614915774983157, -9.499999999999998224 ) ) ;
#1609 = CARTESIAN_POINT ( 'NONE',  ( -0.5550659597110636501, 4.156253313307121111, -13.31261418335532554 ) ) ;
#1610 = CARTESIAN_POINT ( 'NONE',  ( 1.115127143576479130, 4.504009354345154925, 2.844035585139266242 ) ) ;
#1611 = ORIENTED_EDGE ( 'NONE', *, *, #2535, .F. ) ;
#1612 = CARTESIAN_POINT ( 'NONE',  ( -1.667508410807434061, 4.025721420742504719, -8.656249999999998224 ) ) ;
#1613 = CARTESIAN_POINT ( 'NONE',  ( -1.667508410807434505, 4.025721420742504719, -8.656250000000000000 ) ) ;
#1614 = CARTESIAN_POINT ( 'NONE',  ( -4.930086852171255217E-16, -4.025721420742523371, 1.187500000000001110 ) ) ;
#1615 = CARTESIAN_POINT ( 'NONE',  ( -4.760009172861399129, -1.389027532892812865E-11, 3.201058768652178532 ) ) ;
#1616 = CARTESIAN_POINT ( 'NONE',  ( 2.846614915774974719, 2.846614915774964505, -8.749999999999998224 ) ) ;
#1617 = CARTESIAN_POINT ( 'NONE',  ( 1.324018751612216160, 3.854379570861580007, 13.39933838643354136 ) ) ;
#1618 = ORIENTED_EDGE ( 'NONE', *, *, #2499, .T. ) ;
#1619 = CARTESIAN_POINT ( 'NONE',  ( 0.1845366159805905126, 4.198014348485028080, 1.643339349669342475 ) ) ;
#1620 = CARTESIAN_POINT ( 'NONE',  ( 4.084917696087204675, -0.2136807614551169132, -13.41508230391279888 ) ) ;
#1621 = CIRCLE ( 'NONE', #2059, 0.5000000000000013323 ) ;
#1622 = EDGE_LOOP ( 'NONE', ( #3725, #2228, #825, #574 ) ) ;
#1623 = CARTESIAN_POINT ( 'NONE',  ( 5.000000000000012434, -1.003138933591105784E-14, 0.8124999999999988898 ) ) ;
#1624 = CARTESIAN_POINT ( 'NONE',  ( -5.081189881604800007, 2.104697761953640445, -3.078124999999999112 ) ) ;
#1625 = CARTESIAN_POINT ( 'NONE',  ( 5.000000000000012434, -1.003138933591105784E-14, -11.18750000000000355 ) ) ;
#1626 = CARTESIAN_POINT ( 'NONE',  ( -2.920310151757075978, 3.689478231832477029, 3.024107748941588181 ) ) ;
#1627 = EDGE_LOOP ( 'NONE', ( #3031, #2885, #587, #2462 ) ) ;
#1628 = ORIENTED_EDGE ( 'NONE', *, *, #3517, .F. ) ;
#1629 = CARTESIAN_POINT ( 'NONE',  ( 4.025721420742513601, -1.667508410807445607, -7.718749999999999112 ) ) ;
#1630 = CARTESIAN_POINT ( 'NONE',  ( 2.104697761953652879, 5.081189881604789349, -1.953125000000000000 ) ) ;
#1631 = CARTESIAN_POINT ( 'NONE',  ( 2.846614915774974719, 2.846614915774964505, -5.937499999999998224 ) ) ;
#1632 = EDGE_CURVE ( 'NONE', #1221, #3375, #1222, .T. ) ;
#1633 = CARTESIAN_POINT ( 'NONE',  ( 4.025721420742512713, -1.667508410807445607, 1.468750000000001332 ) ) ;
#1634 = CARTESIAN_POINT ( 'NONE',  ( -5.000000000000016875, -2.071067811865484831, -10.53124999999999645 ) ) ;
#1635 = CARTESIAN_POINT ( 'NONE',  ( 4.025721420742514489, -9.852417264376230094E-15, -2.937499999999999112 ) ) ;
#1636 = CARTESIAN_POINT ( 'NONE',  ( 0.000000000000000000, -3.469446951953614189E-15, -13.99999999999999822 ) ) ;
#1637 = CARTESIAN_POINT ( 'NONE',  ( 3.592943821779225555, 3.592943821779214897, -9.640624999999998224 ) ) ;
#1638 = CARTESIAN_POINT ( 'NONE',  ( 5.000000000000012434, -1.003138933591105784E-14, 0.6250000000000042188 ) ) ;
#1639 = CARTESIAN_POINT ( 'NONE',  ( -3.535533905932746190, -3.535533905932755072, -8.937499999999998224 ) ) ;
#1640 = CARTESIAN_POINT ( 'NONE',  ( 1.667508410807433616, -4.025721420742524259, -0.4062499999999986677 ) ) ;
#1641 = CARTESIAN_POINT ( 'NONE',  ( -4.930086852171255217E-16, -4.025721420742523371, -13.81249999999999822 ) ) ;
#1642 = ORIENTED_EDGE ( 'NONE', *, *, #3567, .T. ) ;
#1643 = CARTESIAN_POINT ( 'NONE',  ( 3.250615569177006670, -3.546036384253029361, 3.312405450214363611 ) ) ;
#1644 = CARTESIAN_POINT ( 'NONE',  ( -4.138511084525841710, -2.449703890296362818, 3.307207996942501005 ) ) ;
#1645 = CARTESIAN_POINT ( 'NONE',  ( 5.081189881604800007, 2.104697761953641777, -5.140624999999999112 ) ) ;
#1646 = CARTESIAN_POINT ( 'NONE',  ( 4.025721420742512713, 1.667508410807426289, -8.843749999999998224 ) ) ;
#1647 = CARTESIAN_POINT ( 'NONE',  ( 4.112740473580832834, -9.868402405054721250E-15, -13.38725952641916805 ) ) ;
#1648 = DIRECTION ( 'NONE',  ( -0.4999999999999999445, -0.8660254037844387076, 0.000000000000000000 ) ) ;
#1649 = CARTESIAN_POINT ( 'NONE',  ( 4.025721420742513601, -1.667508410807445607, -10.71874999999999645 ) ) ;
#1650 = CARTESIAN_POINT ( 'NONE',  ( 5.081189881604800007, -2.104697761953661761, 0.6718750000000005551 ) ) ;
#1651 = EDGE_CURVE ( 'NONE', #3321, #1119, #1293, .T. ) ;
#1652 = CARTESIAN_POINT ( 'NONE',  ( -1.667508410807434949, -4.025721420742524259, -2.093749999999998668 ) ) ;
#1653 = CARTESIAN_POINT ( 'NONE',  ( 0.000000000000000000, 4.025721420742504719, 4.937500000000000888 ) ) ;
#1654 = CARTESIAN_POINT ( 'NONE',  ( 5.000000000000015987, -2.071067811865487940, -9.968749999999996447 ) ) ;
#1655 = CARTESIAN_POINT ( 'NONE',  ( -4.025721420742514489, 1.667508410807425623, -3.781249999999997780 ) ) ;
#1656 = EDGE_CURVE ( 'NONE', #2172, #1005, #985, .T. ) ;
#1657 = DIRECTION ( 'NONE',  ( -0.000000000000000000, -0.000000000000000000, -1.000000000000000000 ) ) ;
#1658 = CARTESIAN_POINT ( 'NONE',  ( 3.681849289690924731, 1.862544355345359559, 1.434584409090971402 ) ) ;
#1659 = ORIENTED_EDGE ( 'NONE', *, *, #2324, .F. ) ;
#1660 = ORIENTED_EDGE ( 'NONE', *, *, #962, .T. ) ;
#1661 = CARTESIAN_POINT ( 'NONE',  ( 4.891514123002895786, -1.001146080360847878E-14, 3.562365649712447180 ) ) ;
#1662 = CARTESIAN_POINT ( 'NONE',  ( -3.592943821779224667, 3.592943821779215785, -4.671874999999999112 ) ) ;
#1663 = CARTESIAN_POINT ( 'NONE',  ( 4.025721420742512713, 1.667508410807426289, -13.53125000000000000 ) ) ;
#1664 = CARTESIAN_POINT ( 'NONE',  ( -1.271800316949349696, 4.227198452050516586, 2.225620567825476126 ) ) ;
#1665 = ORIENTED_EDGE ( 'NONE', *, *, #1651, .F. ) ;
#1666 = CARTESIAN_POINT ( 'NONE',  ( -2.104697761953650215, -5.081189881604809777, -11.79687499999999822 ) ) ;
#1667 = CARTESIAN_POINT ( 'NONE',  ( 1.667508410807436947, 4.025721420742503831, -5.843749999999998224 ) ) ;
#1668 = CARTESIAN_POINT ( 'NONE',  ( -2.846614915774974275, 2.846614915774965393, -2.562499999999998668 ) ) ;
#1669 = CARTESIAN_POINT ( 'NONE',  ( 4.025721420742512713, 1.667508410807426289, 0.1562500000000018596 ) ) ;
#1670 = DIRECTION ( 'NONE',  ( -0.3420201433256694901, 0.000000000000000000, 0.9396926207859082059 ) ) ;
#1671 = DIRECTION ( 'NONE',  ( -0.8660254037844385966, 0.4999999999999998890, 0.000000000000000000 ) ) ;
#1672 = CARTESIAN_POINT ( 'NONE',  ( -1.443015526722112307, 3.976099759298455272, 1.720097951973720063 ) ) ;
#1673 = CARTESIAN_POINT ( 'NONE',  ( -5.000000000000012434, -8.806742536763703202E-15, -9.124999999999998224 ) ) ;
#1674 = EDGE_LOOP ( 'NONE', ( #2932, #1260 ) ) ;
#1675 = ORIENTED_EDGE ( 'NONE', *, *, #2203, .T. ) ;
#1676 = CARTESIAN_POINT ( 'NONE',  ( -4.025721420742513601, 1.667508410807425623, -6.781249999999999112 ) ) ;
#1677 = LINE ( 'NONE', #196, #2679 ) ;
#1678 = CARTESIAN_POINT ( 'NONE',  ( 3.592943821779225555, 3.592943821779214897, -5.046874999999999112 ) ) ;
#1679 = CARTESIAN_POINT ( 'NONE',  ( -4.025721420742513601, -1.667508410807443386, -12.78125000000000000 ) ) ;
#1680 = VECTOR ( 'NONE', #3850, 999.9999999999998863 ) ;
#1681 = CARTESIAN_POINT ( 'NONE',  ( 0.000000000000000000, 5.000000000000002665, -6.312500000000000888 ) ) ;
#1682 = CARTESIAN_POINT ( 'NONE',  ( -5.081189881604800007, 2.104697761953640445, -13.67187499999999645 ) ) ;
#1683 = CARTESIAN_POINT ( 'NONE',  ( 5.081189881604800007, -2.104697761953661761, -11.42187499999999645 ) ) ;
#1684 = CARTESIAN_POINT ( 'NONE',  ( -1.667508410807434061, 4.025721420742504719, -7.156249999999998224 ) ) ;
#1685 = VECTOR ( 'NONE', #3522, 1000.000000000000000 ) ;
#1686 = CARTESIAN_POINT ( 'NONE',  ( 5.081189881604800007, -1.004630367520562695E-14, 3.765625000000000000 ) ) ;
#1687 = CARTESIAN_POINT ( 'NONE',  ( 4.025721420742512713, 1.667508410807426289, 4.468750000000000888 ) ) ;
#1688 = CARTESIAN_POINT ( 'NONE',  ( -4.025721420742513601, -1.667508410807443386, -2.281249999999998668 ) ) ;
#1689 = AXIS2_PLACEMENT_3D ( 'NONE', #517, #3538, #845 ) ;
#1690 = ORIENTED_EDGE ( 'NONE', *, *, #532, .F. ) ;
#1691 = CARTESIAN_POINT ( 'NONE',  ( 2.104697761953652879, 5.081189881604789349, 3.953125000000003553 ) ) ;
#1692 = CARTESIAN_POINT ( 'NONE',  ( 4.193575893199270155, -0.2712216651149318425, 1.644796123149364186 ) ) ;
#1693 = CARTESIAN_POINT ( 'NONE',  ( -5.000000000000012434, -8.806742536763703202E-15, 0.06249999999999819589 ) ) ;
#1694 = CIRCLE ( 'NONE', #1758, 0.5000000000000013323 ) ;
#1695 = CARTESIAN_POINT ( 'NONE',  ( 3.999999999999998224, 2.309401076758503368, 8.999999999999998224 ) ) ;
#1696 = CARTESIAN_POINT ( 'NONE',  ( 4.960240212567288864, 0.6805018391964893221, 3.846856159798679453 ) ) ;
#1697 = CARTESIAN_POINT ( 'NONE',  ( -6.123233995736780087E-16, -5.000000000000022204, 1.750000000000003553 ) ) ;
#1698 = CARTESIAN_POINT ( 'NONE',  ( -2.846614915774974275, -2.846614915774983157, -0.6874999999999988898 ) ) ;
#1699 = ORIENTED_EDGE ( 'NONE', *, *, #2106, .T. ) ;
#1700 = CARTESIAN_POINT ( 'NONE',  ( -4.025721420742513601, 1.667508410807425623, -11.28125000000000000 ) ) ;
#1701 = DIRECTION ( 'NONE',  ( 1.000000000000000000, -0.000000000000000000, 0.000000000000000000 ) ) ;
#1702 = CARTESIAN_POINT ( 'NONE',  ( 2.997580905361094228, -2.708017608556240852, 1.196421101655385399 ) ) ;
#1703 =( BOUNDED_CURVE ( )  B_SPLINE_CURVE ( 2, ( #1625, #3764, #3446, #758, #2806, #3778, #1345, #439, #737 ),
 .UNSPECIFIED., .F., .F. ) 
 B_SPLINE_CURVE_WITH_KNOTS ( ( 3, 2, 2, 2, 3 ),
 ( 0.7884615384615385469, 0.7980769230769232392, 0.8076923076923078204, 0.8173076923076924016, 0.8269230769230769829 ),
 .UNSPECIFIED. ) 
 CURVE ( )  GEOMETRIC_REPRESENTATION_ITEM ( )  RATIONAL_B_SPLINE_CURVE ( ( 0.9999999999999991118, 0.9238795325112876267, 1.000000000000000000, 0.9238795325112867385, 1.000000000000000000, 0.9238795325112867385, 1.000000000000000000, 0.9238795325112858503, 1.000000000000000888 ) ) 
 REPRESENTATION_ITEM ( '' )  );
#1704 = CARTESIAN_POINT ( 'NONE',  ( 4.025721420742512713, -1.667508410807445607, 2.968750000000002220 ) ) ;
#1705 = ADVANCED_FACE ( 'NONE', ( #79 ), #1563, .T. ) ;
#1706 = DIRECTION ( 'NONE',  ( -1.000000000000000000, 0.000000000000000000, 0.000000000000000000 ) ) ;
#1707 = EDGE_LOOP ( 'NONE', ( #2816, #1749, #1642, #1582 ) ) ;
#1708 = CARTESIAN_POINT ( 'NONE',  ( -6.222662924367237206E-16, -5.081189881604809777, -11.70312499999999822 ) ) ;
#1709 = CARTESIAN_POINT ( 'NONE',  ( 0.000000000000000000, 4.025721420742504719, -1.249999999999999334 ) ) ;
#1710 = CARTESIAN_POINT ( 'NONE',  ( -4.025721420742513601, -1.667508410807443386, -14.09375000000000178 ) ) ;
#1711 = CARTESIAN_POINT ( 'NONE',  ( 0.000000000000000000, 5.000000000000002665, -4.999999999999995559 ) ) ;
#1712 = CARTESIAN_POINT ( 'NONE',  ( -4.025721420742513601, 1.667508410807425623, -0.9687499999999993339 ) ) ;
#1713 = CARTESIAN_POINT ( 'NONE',  ( 2.033053046406915865, -3.553627346680425791, 1.346618443812843235 ) ) ;
#1714 = DIRECTION ( 'NONE',  ( -0.000000000000000000, 0.000000000000000000, 1.000000000000000000 ) ) ;
#1715 = LINE ( 'NONE', #2581, #1371 ) ;
#1716 = SURFACE_STYLE_FILL_AREA ( #475 ) ;
#1717 = DIRECTION ( 'NONE',  ( 1.000000000000000000, 0.000000000000000000, 0.000000000000000000 ) ) ;
#1718 = CARTESIAN_POINT ( 'NONE',  ( -4.025721420742514489, -8.866399893941979642E-15, -11.37500000000000000 ) ) ;
#1719 = CARTESIAN_POINT ( 'NONE',  ( 2.846614915774974719, 2.846614915774964505, -7.249999999999998224 ) ) ;
#1720 = CARTESIAN_POINT ( 'NONE',  ( -3.958406393254849220, -2.374611463044926207, 2.777283288379505333 ) ) ;
#1721 = CARTESIAN_POINT ( 'NONE',  ( -2.071067811865481278, -5.000000000000022204, -4.156250000000002665 ) ) ;
#1722 = CARTESIAN_POINT ( 'NONE',  ( 1.667508410807436947, 4.025721420742503831, 3.343750000000002665 ) ) ;
#1723 = CARTESIAN_POINT ( 'NONE',  ( 5.000000000000012434, -1.003138933591105784E-14, -0.6875000000000006661 ) ) ;
#1724 = CARTESIAN_POINT ( 'NONE',  ( 0.000000000000000000, 5.081189881604791125, -13.95312499999999822 ) ) ;
#1725 =( BOUNDED_CURVE ( )  B_SPLINE_CURVE ( 2, ( #1791, #1155, #880, #2960, #3200 ),
 .UNSPECIFIED., .F., .F. ) 
 B_SPLINE_CURVE_WITH_KNOTS ( ( 3, 2, 3 ),
 ( 0.07692307692307689959, 0.08653846153846152245, 0.09615384615384615918 ),
 .UNSPECIFIED. ) 
 CURVE ( )  GEOMETRIC_REPRESENTATION_ITEM ( )  RATIONAL_B_SPLINE_CURVE ( ( 1.000000000000000222, 0.9238795325112865164, 1.000000000000000000, 0.9238795325112867385, 1.000000000000000000 ) ) 
 REPRESENTATION_ITEM ( '' )  );
#1726 = CARTESIAN_POINT ( 'NONE',  ( -1.667508410807434061, 4.025721420742504719, -4.156249999999998224 ) ) ;
#1727 = CARTESIAN_POINT ( 'NONE',  ( -3.592943821779224667, -3.592943821779233549, 3.203124999999999556 ) ) ;
#1728 = CARTESIAN_POINT ( 'NONE',  ( -2.071067811865480390, 5.000000000000003553, -4.906249999999996447 ) ) ;
#1729 = CARTESIAN_POINT ( 'NONE',  ( -5.081189881604800007, 2.104697761953640445, -0.1718749999999983902 ) ) ;
#1730 = CARTESIAN_POINT ( 'NONE',  ( -5.000000000000012434, -8.806742536763703202E-15, -2.937500000000000888 ) ) ;
#1731 = CARTESIAN_POINT ( 'NONE',  ( 3.535533905932747079, 3.535533905932736420, -0.5000000000000005551 ) ) ;
#1732 = FACE_OUTER_BOUND ( 'NONE', #2546, .T. ) ;
#1733 = CARTESIAN_POINT ( 'NONE',  ( 4.025721420742514489, -9.852417264376230094E-15, -11.93749999999999822 ) ) ;
#1734 = CARTESIAN_POINT ( 'NONE',  ( 1.667508410807433616, -4.025721420742524259, -10.90625000000000000 ) ) ;
#1735 = CARTESIAN_POINT ( 'NONE',  ( 4.025721420742512713, -1.667508410807445607, -10.53124999999999822 ) ) ;
#1736 = CARTESIAN_POINT ( 'NONE',  ( -4.520774638523468170, -0.6200182870419492787, 2.652831046805321780 ) ) ;
#1737 = ORIENTED_EDGE ( 'NONE', *, *, #3245, .T. ) ;
#1738 = CARTESIAN_POINT ( 'NONE',  ( 4.816014634101479785, -1.258262476036543065, 3.771097465813899596 ) ) ;
#1739 = FACE_OUTER_BOUND ( 'NONE', #2786, .T. ) ;
#1740 = CARTESIAN_POINT ( 'NONE',  ( 4.025721420742512713, -1.667508410807445607, -1.718749999999999778 ) ) ;
#1741 = EDGE_CURVE ( 'NONE', #738, #952, #150, .T. ) ;
#1742 = CARTESIAN_POINT ( 'NONE',  ( -4.025721420742514489, -8.866399893941979642E-15, -14.37499999999999822 ) ) ;
#1743 = CARTESIAN_POINT ( 'NONE',  ( 2.071067811865483943, 5.000000000000000888, -6.593749999999997335 ) ) ;
#1744 = B_SPLINE_CURVE_WITH_KNOTS ( 'NONE', 3,
 ( #98, #1343, #1302, #714, #2484, #1964, #1644, #2224, #2834, #3106, #3681, #1000, #3402, #3380, #1948, #693, #2849, #3231, #2644, #775, #3841, #1766, #1127, #2294, #2328, #1383, #1148, #832, #2350, #2001, #1738, #816, #2312, #2051 ),
 .UNSPECIFIED., .F., .F.,
 ( 4, 2, 2, 2, 2, 2, 2, 2, 2, 2, 2, 2, 2, 2, 2, 2, 4 ),
 ( 0.04484561856734575053, 0.04580155785816321379, 0.04675749714898067705, 0.04771343643979814031, 0.04866937573061561051, 0.04962531502143307377, 0.05058125431225053703, 0.05153719360306800029, 0.05249313289388546355, 0.05344907218470292681, 0.05440501147552039007, 0.05536095076633786027, 0.05631689005715531660, 0.05727282934797278680, 0.05822876863879025006, 0.05918470792960771332, 0.06014064722042517658 ),
 .UNSPECIFIED. ) ;
#1745 = CARTESIAN_POINT ( 'NONE',  ( 1.667508410807433616, -4.025721420742524259, -4.906249999999999112 ) ) ;
#1746 = CARTESIAN_POINT ( 'NONE',  ( 2.104697761953652879, 5.081189881604789349, 4.046875000000000888 ) ) ;
#1747 = CARTESIAN_POINT ( 'NONE',  ( -4.025721420742514489, -8.866399893941979642E-15, 2.125000000000001776 ) ) ;
#1748 = FACE_OUTER_BOUND ( 'NONE', #2615, .T. ) ;
#1749 = ORIENTED_EDGE ( 'NONE', *, *, #3450, .T. ) ;
#1750 = CARTESIAN_POINT ( 'NONE',  ( -6.222662924367237206E-16, -5.081189881604809777, 0.2968750000000019984 ) ) ;
#1751 = CARTESIAN_POINT ( 'NONE',  ( 1.667508410807436947, 4.025721420742503831, -11.65624999999999822 ) ) ;
#1752 = AXIS2_PLACEMENT_3D ( 'NONE', #3840, #1147, #2347 ) ;
#1753 = CARTESIAN_POINT ( 'NONE',  ( 0.000000000000000000, 5.000000000000002665, -3.312500000000001332 ) ) ;
#1754 = FACE_OUTER_BOUND ( 'NONE', #1762, .T. ) ;
#1755 = AXIS2_PLACEMENT_3D ( 'NONE', #1447, #2629, #2337 ) ;
#1756 = FACE_OUTER_BOUND ( 'NONE', #181, .T. ) ;
#1757 = EDGE_LOOP ( 'NONE', ( #1660, #3852, #2420, #1792 ) ) ;
#1758 = AXIS2_PLACEMENT_3D ( 'NONE', #3053, #3679, #2202 ) ;
#1759 = CYLINDRICAL_SURFACE ( 'NONE', #2185, 5.000000000000006217 ) ;
#1760 = CARTESIAN_POINT ( 'NONE',  ( 1.667508410807436947, 4.025721420742503831, -10.34374999999999822 ) ) ;
#1761 = TOROIDAL_SURFACE ( 'NONE', #1437, 7.500000000000001776, 0.5000000000000013323 ) ;
#1762 = EDGE_LOOP ( 'NONE', ( #1021, #1156, #734, #134 ) ) ;
#1763 = CARTESIAN_POINT ( 'NONE',  ( 1.667508410807433616, -4.025721420742524259, -10.71874999999999645 ) ) ;
#1764 = CARTESIAN_POINT ( 'NONE',  ( 4.025721420742512713, -1.667508410807445607, -1.531249999999999556 ) ) ;
#1765 = CARTESIAN_POINT ( 'NONE',  ( -2.231631863843671848, -4.106718596805524868, 2.936339691667491092 ) ) ;
#1766 = CARTESIAN_POINT ( 'NONE',  ( 2.247982279796162164, -4.373401121141232473, 3.605059441626085714 ) ) ;
#1767 = DIRECTION ( 'NONE',  ( -0.000000000000000000, -0.000000000000000000, 1.000000000000000000 ) ) ;
#1768 = CARTESIAN_POINT ( 'NONE',  ( 1.667508410807433616, -4.025721420742524259, -3.406249999999999556 ) ) ;
#1769 = CARTESIAN_POINT ( 'NONE',  ( 2.846614915774973831, -2.846614915774984045, -3.312499999999999556 ) ) ;
#1770 = CARTESIAN_POINT ( 'NONE',  ( -4.025721420742513601, 1.667508410807425623, 3.531249999999999556 ) ) ;
#1771 = CARTESIAN_POINT ( 'NONE',  ( -2.071067811865480390, 5.000000000000003553, -7.906249999999995559 ) ) ;
#1772 = ORIENTED_EDGE ( 'NONE', *, *, #2081, .T. ) ;
#1773 = CARTESIAN_POINT ( 'NONE',  ( -3.592943821779224667, -3.592943821779233549, 3.109375000000002665 ) ) ;
#1774 = CARTESIAN_POINT ( 'NONE',  ( -0.06877370803907040253, -4.025133927524370492, 1.183619750323456010 ) ) ;
#1775 = ORIENTED_EDGE ( 'NONE', *, *, #3787, .F. ) ;
#1776 = CARTESIAN_POINT ( 'NONE',  ( 0.000000000000000000, -3.469446951953614189E-15, -13.99999999999999822 ) ) ;
#1777 = CARTESIAN_POINT ( 'NONE',  ( 1.667508410807433616, -4.025721420742524259, -12.21875000000000178 ) ) ;
#1778 = CARTESIAN_POINT ( 'NONE',  ( -3.592943821779224667, -3.592943821779233549, -10.39062499999999822 ) ) ;
#1779 = VERTEX_POINT ( 'NONE', #414 ) ;
#1780 = CARTESIAN_POINT ( 'NONE',  ( 2.846614915774974719, 2.846614915774964505, 1.562500000000001332 ) ) ;
#1781 = CARTESIAN_POINT ( 'NONE',  ( 4.025721420742514489, -9.852417264376230094E-15, -1.437499999999999556 ) ) ;
#1782 = CARTESIAN_POINT ( 'NONE',  ( -3.592943821779224667, 3.592943821779215785, -9.265625000000000000 ) ) ;
#1783 = FACE_OUTER_BOUND ( 'NONE', #1015, .T. ) ;
#1784 = ORIENTED_EDGE ( 'NONE', *, *, #867, .F. ) ;
#1785 = CARTESIAN_POINT ( 'NONE',  ( 5.081189881604800007, -2.104697761953661761, -14.32812500000000178 ) ) ;
#1786 = CARTESIAN_POINT ( 'NONE',  ( 2.846614915774973831, -2.846614915774984045, -1.624999999999998002 ) ) ;
#1787 = CARTESIAN_POINT ( 'NONE',  ( 4.025721420742514489, -9.852417264376230094E-15, -13.62499999999999822 ) ) ;
#1788 = DIRECTION ( 'NONE',  ( 0.000000000000000000, -1.000000000000000000, 0.000000000000000000 ) ) ;
#1789 = CARTESIAN_POINT ( 'NONE',  ( -4.025721420742514489, -1.667508410807443164, -5.281249999999999112 ) ) ;
#1790 = CARTESIAN_POINT ( 'NONE',  ( 1.667508410807433616, -4.025721420742524259, -1.718749999999998002 ) ) ;
#1791 = CARTESIAN_POINT ( 'NONE',  ( 0.000000000000000000, 5.000000000000002665, -12.49999999999999645 ) ) ;
#1792 = ORIENTED_EDGE ( 'NONE', *, *, #625, .F. ) ;
#1793 = CARTESIAN_POINT ( 'NONE',  ( -2.104697761953650215, -5.081189881604809777, -7.296874999999999112 ) ) ;
#1794 = ADVANCED_FACE ( 'NONE', ( #2516 ), #3357, .T. ) ;
#1795 = PRODUCT_DEFINITION_CONTEXT ( 'detailed design', #2626, 'design' ) ;
#1796 = CARTESIAN_POINT ( 'NONE',  ( 2.494305144046954581, -3.265045281646995701, 1.387070137348297427 ) ) ;
#1797 = CARTESIAN_POINT ( 'NONE',  ( 4.025721420742512713, -1.667508410807445607, -7.718749999999999112 ) ) ;
#1798 = CARTESIAN_POINT ( 'NONE',  ( -4.025721420742514489, -8.866399893941979642E-15, -2.187499999999998668 ) ) ;
#1799 = EDGE_CURVE ( 'NONE', #3164, #2832, #937, .T. ) ;
#1800 = VERTEX_POINT ( 'NONE', #1029 ) ;
#1801 = CARTESIAN_POINT ( 'NONE',  ( 4.025721420742513601, 1.667508410807426067, -11.84375000000000178 ) ) ;
#1802 = FACE_BOUND ( 'NONE', #417, .T. ) ;
#1803 = ORIENTED_EDGE ( 'NONE', *, *, #1901, .F. ) ;
#1804 = CARTESIAN_POINT ( 'NONE',  ( 2.846614915774973831, -2.846614915774984045, 4.187500000000000000 ) ) ;
#1805 = CARTESIAN_POINT ( 'NONE',  ( -1.667508410807434949, -4.025721420742524259, -6.406249999999998224 ) ) ;
#1806 = CARTESIAN_POINT ( 'NONE',  ( -1.336068253506123682, -4.201848290007693443, 2.211147745330071857 ) ) ;
#1807 = CARTESIAN_POINT ( 'NONE',  ( 5.000000000000012434, -1.003138933591105784E-14, 3.625000000000004885 ) ) ;
#1808 = CARTESIAN_POINT ( 'NONE',  ( 1.667508410807433616, -4.025721420742524259, -12.40624999999999822 ) ) ;
#1809 = CARTESIAN_POINT ( 'NONE',  ( 0.000000000000000000, -3.469446951953614189E-15, 13.49999999999999822 ) ) ;
#1810 = CARTESIAN_POINT ( 'NONE',  ( 3.535533905932747079, 3.535533905932736420, 2.312500000000003997 ) ) ;
#1811 = EDGE_CURVE ( 'NONE', #42, #383, #1095, .T. ) ;
#1812 = CARTESIAN_POINT ( 'NONE',  ( 0.000000000000000000, 5.081189881604791125, -9.453124999999998224 ) ) ;
#1813 = CARTESIAN_POINT ( 'NONE',  ( 0.000000000000000000, -3.469446951953614189E-15, -13.99999999999999822 ) ) ;
#1814 = CARTESIAN_POINT ( 'NONE',  ( 4.025721420742512713, 1.667508410807426289, -1.343749999999999556 ) ) ;
#1815 = CARTESIAN_POINT ( 'NONE',  ( 1.667508410807436947, 4.025721420742503831, -7.156249999999999112 ) ) ;
#1816 = CARTESIAN_POINT ( 'NONE',  ( 4.884896471263139972, -0.3103740753339612746, 3.544183800987655619 ) ) ;
#1817 = CARTESIAN_POINT ( 'NONE',  ( 4.872226640082443438, -0.3028613929635093349, -12.62777335991836836 ) ) ;
#1818 = CARTESIAN_POINT ( 'NONE',  ( 3.535533905932745746, -3.535533905932755960, -5.375000000000000888 ) ) ;
#1819 = CARTESIAN_POINT ( 'NONE',  ( 1.667508410807436947, 4.025721420742503831, -5.843749999999998224 ) ) ;
#1820 = CARTESIAN_POINT ( 'NONE',  ( -0.3925278772902148772, 4.646449717465086948, 2.907075877706445599 ) ) ;
#1821 = DIRECTION ( 'NONE',  ( -0.000000000000000000, -0.000000000000000000, -1.000000000000000000 ) ) ;
#1822 = CONICAL_SURFACE ( 'NONE', #2920, 5.099001794597502801, 1.047197551196600074 ) ;
#1823 = VERTEX_POINT ( 'NONE', #3659 ) ;
#1824 = CARTESIAN_POINT ( 'NONE',  ( -3.592943821779224667, 3.592943821779215785, -15.17187500000000000 ) ) ;
#1825 = CARTESIAN_POINT ( 'NONE',  ( -1.667508410807434949, -4.025721420742524259, -1.906249999999998668 ) ) ;
#1826 = CARTESIAN_POINT ( 'NONE',  ( -0.1987286445429252146, -4.423473804355951167, 2.262927328876247479 ) ) ;
#1827 = LINE ( 'NONE', #893, #357 ) ;
#1828 = ADVANCED_FACE ( 'NONE', ( #2758 ), #970, .F. ) ;
#1829 = CARTESIAN_POINT ( 'NONE',  ( -2.846614915774974275, -2.846614915774983157, -11.18750000000000000 ) ) ;
#1830 = CARTESIAN_POINT ( 'NONE',  ( -6.123233995736780087E-16, -5.000000000000022204, -2.749999999999997335 ) ) ;
#1831 = CARTESIAN_POINT ( 'NONE',  ( -2.071067811865480390, 5.000000000000003553, -0.4062499999999968359 ) ) ;
#1832 = CARTESIAN_POINT ( 'NONE',  ( -2.104697761953650215, -5.081189881604809777, -13.20312499999999822 ) ) ;
#1833 = CARTESIAN_POINT ( 'NONE',  ( 4.025721420742514489, -9.852417264376230094E-15, -4.437499999999999112 ) ) ;
#1834 = EDGE_CURVE ( 'NONE', #2154, #3645, #1324, .T. ) ;
#1835 = ORIENTED_EDGE ( 'NONE', *, *, #2864, .F. ) ;
#1836 = CARTESIAN_POINT ( 'NONE',  ( -4.025721420742514489, -8.866399893941979642E-15, -12.87500000000000000 ) ) ;
#1837 = CARTESIAN_POINT ( 'NONE',  ( -2.071067811865481278, -5.000000000000022204, -8.656250000000000000 ) ) ;
#1838 = CARTESIAN_POINT ( 'NONE',  ( 2.846614915774974719, 2.846614915774964505, -4.437499999999999112 ) ) ;
#1839 =( BOUNDED_CURVE ( )  B_SPLINE_CURVE ( 2, ( #3234, #267, #3195, #1743, #507, #1501, #2661, #2037, #3214 ),
 .UNSPECIFIED., .F., .T. ) 
 B_SPLINE_CURVE_WITH_KNOTS ( ( 3, 2, 2, 2, 3 ),
 ( 0.3653846153846154188, 0.3750000000000000555, 0.3846153846153846922, 0.3942307692307692180, 0.4038461538461538547 ),
 .UNSPECIFIED. ) 
 CURVE ( )  GEOMETRIC_REPRESENTATION_ITEM ( )  RATIONAL_B_SPLINE_CURVE ( ( 0.9999999999999995559, 0.9238795325112871826, 1.000000000000000000, 0.9238795325112867385, 1.000000000000000000, 0.9238795325112867385, 1.000000000000000000, 0.9238795325112867385, 1.000000000000000000 ) ) 
 REPRESENTATION_ITEM ( '' )  );
#1840 = CARTESIAN_POINT ( 'NONE',  ( 2.240219686339171012, 4.041404220652768053, 2.790751785541444985 ) ) ;
#1841 = VERTEX_POINT ( 'NONE', #3771 ) ;
#1842 = CARTESIAN_POINT ( 'NONE',  ( -2.071067811865480390, 5.000000000000003553, -10.90624999999999822 ) ) ;
#1843 = CARTESIAN_POINT ( 'NONE',  ( 4.025721420742514489, -9.852417264376230094E-15, -7.437499999999999112 ) ) ;
#1844 = CARTESIAN_POINT ( 'NONE',  ( 4.025721420742514489, -9.852417264376230094E-15, 1.375000000000001332 ) ) ;
#1845 = CARTESIAN_POINT ( 'NONE',  ( -2.071067811865481278, -5.000000000000022204, 1.843749999999999778 ) ) ;
#1846 = CARTESIAN_POINT ( 'NONE',  ( 0.000000000000000000, 4.025721420742504719, 1.750000000000001554 ) ) ;
#1847 = CARTESIAN_POINT ( 'NONE',  ( -4.025721420742514489, -8.866399893941979642E-15, -2.187499999999998668 ) ) ;
#1848 = CARTESIAN_POINT ( 'NONE',  ( 4.378330779773605741, -1.144690221830839461, 2.531536733685945784 ) ) ;
#1849 = EDGE_LOOP ( 'NONE', ( #1896, #899, #3678, #1565 ) ) ;
#1850 = ADVANCED_FACE ( 'NONE', ( #791 ), #1950, .T. ) ;
#1851 = CARTESIAN_POINT ( 'NONE',  ( 1.667508410807436947, 4.025721420742503831, -11.84375000000000178 ) ) ;
#1852 = DIRECTION ( 'NONE',  ( 1.000000000000000000, 0.000000000000000000, 0.000000000000000000 ) ) ;
#1853 = EDGE_CURVE ( 'NONE', #1963, #679, #1715, .T. ) ;
#1854 = CARTESIAN_POINT ( 'NONE',  ( -2.071067811865481278, -5.000000000000022204, 3.343749999999997780 ) ) ;
#1855 = B_SPLINE_CURVE_WITH_KNOTS ( 'NONE', 3,
 ( #2168, #974, #1620, #45 ),
 .UNSPECIFIED., .F., .F.,
 ( 4, 4 ),
 ( 2.168404344971008868E-18, 0.0006518111974047941957 ),
 .UNSPECIFIED. ) ;
#1856 = CARTESIAN_POINT ( 'NONE',  ( -3.592943821779224667, 3.592943821779215785, -13.67187500000000000 ) ) ;
#1857 = CARTESIAN_POINT ( 'NONE',  ( 0.000000000000000000, 4.025721420742504719, -1.062499999999999112 ) ) ;
#1858 = CARTESIAN_POINT ( 'NONE',  ( 1.667508410807436947, 4.025721420742503831, -10.15624999999999822 ) ) ;
#1859 = CARTESIAN_POINT ( 'NONE',  ( 0.7671298280529561531, 4.093358947007717852, -13.35928755381671351 ) ) ;
#1860 = ORIENTED_EDGE ( 'NONE', *, *, #1426, .T. ) ;
#1861 = CARTESIAN_POINT ( 'NONE',  ( -3.841952550253254106, -2.341663758402963591, -13.01091105507596346 ) ) ;
#1862 = CARTESIAN_POINT ( 'NONE',  ( -5.081189881604800007, 2.104697761953640445, -3.171874999999998224 ) ) ;
#1863 = CARTESIAN_POINT ( 'NONE',  ( 1.667508410807433616, -4.025721420742524259, -6.406249999999998224 ) ) ;
#1864 = ORIENTED_EDGE ( 'NONE', *, *, #919, .F. ) ;
#1865 =( BOUNDED_CURVE ( )  B_SPLINE_CURVE ( 2, ( #1693, #204, #2612, #2842, #3832, #2861, #1731, #2902, #3809 ),
 .UNSPECIFIED., .F., .F. ) 
 B_SPLINE_CURVE_WITH_KNOTS ( ( 3, 2, 2, 2, 3 ),
 ( 0.2115384615384615641, 0.2211538461538461453, 0.2307692307692307265, 0.2403846153846153910, 0.2499999999999999722 ),
 .UNSPECIFIED. ) 
 CURVE ( )  GEOMETRIC_REPRESENTATION_ITEM ( )  RATIONAL_B_SPLINE_CURVE ( ( 1.000000000000000000, 0.9238795325112867385, 1.000000000000000000, 0.9238795325112867385, 1.000000000000000000, 0.9238795325112867385, 1.000000000000000000, 0.9238795325112869605, 0.9999999999999997780 ) ) 
 REPRESENTATION_ITEM ( '' )  );
#1866 = CARTESIAN_POINT ( 'NONE',  ( -3.535533905932746190, 3.535533905932737309, -3.312499999999996003 ) ) ;
#1867 = CARTESIAN_POINT ( 'NONE',  ( 0.000000000000000000, 7.499999999999996447, 13.99999999999999822 ) ) ;
#1868 = CARTESIAN_POINT ( 'NONE',  ( -1.667508410807434949, -4.025721420742524259, 2.406250000000001776 ) ) ;
#1869 = LINE ( 'NONE', #360, #659 ) ;
#1870 = VERTEX_POINT ( 'NONE', #2880 ) ;
#1871 = CARTESIAN_POINT ( 'NONE',  ( 3.535533905932747079, 3.535533905932736420, -12.50000000000000000 ) ) ;
#1872 = CARTESIAN_POINT ( 'NONE',  ( -4.930086852171255217E-16, -4.025721420742523371, -11.00000000000000000 ) ) ;
#1873 = CARTESIAN_POINT ( 'NONE',  ( -3.999999999999998224, 0.3902246064903353018, 13.36549101804925321 ) ) ;
#1874 = CARTESIAN_POINT ( 'NONE',  ( -5.081189881604800007, 2.104697761953640445, -9.078124999999998224 ) ) ;
#1875 = ADVANCED_FACE ( 'NONE', ( #1756 ), #205, .T. ) ;
#1876 = CARTESIAN_POINT ( 'NONE',  ( -1.667508410807434949, -4.025721420742524259, -3.406249999999999556 ) ) ;
#1877 = FACE_OUTER_BOUND ( 'NONE', #3436, .T. ) ;
#1878 = CARTESIAN_POINT ( 'NONE',  ( -3.984597396619875997, -2.066712138140177846, -13.02155505961518145 ) ) ;
#1879 = CARTESIAN_POINT ( 'NONE',  ( -2.104697761953649326, 5.081189881604790237, -6.359375000000000000 ) ) ;
#1880 = CARTESIAN_POINT ( 'NONE',  ( 2.071067811865479502, -5.000000000000023093, -0.9687500000000009992 ) ) ;
#1881 = EDGE_CURVE ( 'NONE', #2981, #1516, #3185, .T. ) ;
#1882 = CARTESIAN_POINT ( 'NONE',  ( -5.000000000000012434, -8.806742536763703202E-15, -7.624999999999996447 ) ) ;
#1883 = EDGE_LOOP ( 'NONE', ( #1080, #2234, #3023, #1102 ) ) ;
#1884 = CARTESIAN_POINT ( 'NONE',  ( 0.000000000000000000, 4.025721420742504719, -14.56249999999999822 ) ) ;
#1885 = AXIS2_PLACEMENT_3D ( 'NONE', #1294, #3064, #2497 ) ;
#1886 = CARTESIAN_POINT ( 'NONE',  ( -5.000000000000012434, -8.806742536763703202E-15, -1.624999999999996225 ) ) ;
#1887 = ORIENTED_EDGE ( 'NONE', *, *, #704, .T. ) ;
#1888 = CARTESIAN_POINT ( 'NONE',  ( 3.500000000000003553, -3.469446951953614189E-15, -13.99999999999999822 ) ) ;
#1889 = AXIS2_PLACEMENT_3D ( 'NONE', #3358, #3123, #1030 ) ;
#1890 = CARTESIAN_POINT ( 'NONE',  ( -4.930086852171255217E-16, -4.025721420742523371, -12.49999999999999822 ) ) ;
#1891 = PRODUCT_DEFINITION_SHAPE ( 'NONE', 'NONE',  #2853 ) ;
#1892 = CARTESIAN_POINT ( 'NONE',  ( 3.791896348179523812, 3.218216826438552669, 3.776071909796826276 ) ) ;
#1893 = CARTESIAN_POINT ( 'NONE',  ( 0.000000000000000000, 5.081189881604791125, -13.85937500000000000 ) ) ;
#1894 = CARTESIAN_POINT ( 'NONE',  ( 2.846614915774973831, -2.846614915774984045, -0.1249999999999983763 ) ) ;
#1895 = CARTESIAN_POINT ( 'NONE',  ( -5.000000000000012434, -8.806742536763703202E-15, -10.43750000000000178 ) ) ;
#1896 = ORIENTED_EDGE ( 'NONE', *, *, #2254, .T. ) ;
#1897 = CARTESIAN_POINT ( 'NONE',  ( -2.846614915774974275, 2.846614915774965393, -13.06250000000000000 ) ) ;
#1898 = CARTESIAN_POINT ( 'NONE',  ( -2.104697761953650215, -5.081189881604809777, -2.796874999999999112 ) ) ;
#1899 = CARTESIAN_POINT ( 'NONE',  ( 5.081189881604800007, 2.104697761953641777, 0.8593750000000006661 ) ) ;
#1900 = CARTESIAN_POINT ( 'NONE',  ( -4.930086852171255217E-16, -4.025721420742523371, -8.000000000000000000 ) ) ;
#1901 = EDGE_CURVE ( 'NONE', #3344, #750, #1493, .T. ) ;
#1902 = LINE ( 'NONE', #394, #1944 ) ;
#1903 = CARTESIAN_POINT ( 'NONE',  ( -1.667508410807434061, 4.025721420742504719, -9.968749999999998224 ) ) ;
#1904 = CARTESIAN_POINT ( 'NONE',  ( 2.236642983217040914, 4.167717415164360339, -12.77942615195117959 ) ) ;
#1905 = ORIENTED_EDGE ( 'NONE', *, *, #1799, .F. ) ;
#1906 = CARTESIAN_POINT ( 'NONE',  ( -1.667508410807434505, 4.025721420742504719, -14.46875000000000178 ) ) ;
#1907 = CARTESIAN_POINT ( 'NONE',  ( -5.000000000000012434, -8.806742536763703202E-15, -7.437500000000001776 ) ) ;
#1908 = VERTEX_POINT ( 'NONE', #2563 ) ;
#1909 = CARTESIAN_POINT ( 'NONE',  ( 4.292583003894202776, 2.492777031888786077, -12.53875851330516511 ) ) ;
#1910 = CARTESIAN_POINT ( 'NONE',  ( 4.025721420742512713, -1.667508410807445607, -12.21875000000000178 ) ) ;
#1911 = CARTESIAN_POINT ( 'NONE',  ( -2.846614915774974275, 2.846614915774965393, -11.56250000000000000 ) ) ;
#1912 = CARTESIAN_POINT ( 'NONE',  ( 3.387327310826373061, 3.676333283815282460, 3.811840247998652398 ) ) ;
#1913 = CARTESIAN_POINT ( 'NONE',  ( 0.3337603658676024376, 4.166630926575152216, -13.34370457117010389 ) ) ;
#1914 = CARTESIAN_POINT ( 'NONE',  ( -3.159079290541549234, 3.493489785705821138, 3.036655475671032001 ) ) ;
#1915 = ORIENTED_EDGE ( 'NONE', *, *, #37, .T. ) ;
#1916 = CARTESIAN_POINT ( 'NONE',  ( 1.667508410807433616, -4.025721420742524259, -6.406249999999999112 ) ) ;
#1917 = CARTESIAN_POINT ( 'NONE',  ( 2.104697761953652879, 5.081189881604789349, 1.046875000000000888 ) ) ;
#1918 = CARTESIAN_POINT ( 'NONE',  ( -2.846614915774974275, -2.846614915774983157, 4.000000000000000000 ) ) ;
#1919 = CARTESIAN_POINT ( 'NONE',  ( 3.999999999999998224, -3.234724141858758908E-24, 13.36549101804925144 ) ) ;
#1920 = CARTESIAN_POINT ( 'NONE',  ( 3.535533905932745746, -3.535533905932756404, 0.4375000000000039413 ) ) ;
#1921 = VERTEX_POINT ( 'NONE', #3180 ) ;
#1922 = CARTESIAN_POINT ( 'NONE',  ( 3.535533905932747079, 3.535533905932736420, -8.000000000000000000 ) ) ;
#1923 = CARTESIAN_POINT ( 'NONE',  ( 3.759712528716821822, 3.298108249502711864, -12.50936706732165682 ) ) ;
#1924 = ORIENTED_EDGE ( 'NONE', *, *, #3700, .T. ) ;
#1925 = CARTESIAN_POINT ( 'NONE',  ( 4.025721420742518042, -0.2122707761724655640, -13.47427857925748995 ) ) ;
#1926 = CARTESIAN_POINT ( 'NONE',  ( 0.000000000000000000, 5.081189881604791125, -4.859374999999999112 ) ) ;
#1927 = CARTESIAN_POINT ( 'NONE',  ( -2.846614915774974275, -2.846614915774983157, 1.000000000000000888 ) ) ;
#1928 = EDGE_CURVE ( 'NONE', #865, #2721, #1096, .T. ) ;
#1929 = LINE ( 'NONE', #695, #2239 ) ;
#1930 = CARTESIAN_POINT ( 'NONE',  ( 1.411632111574908643, 4.414921942583674763, 2.830586273532863739 ) ) ;
#1931 = ORIENTED_EDGE ( 'NONE', *, *, #2418, .T. ) ;
#1932 = VERTEX_POINT ( 'NONE', #2308 ) ;
#1933 = CARTESIAN_POINT ( 'NONE',  ( -2.846614915774974275, -2.846614915774983157, -11.18750000000000000 ) ) ;
#1934 = CARTESIAN_POINT ( 'NONE',  ( -3.592943821779224667, 3.592943821779215785, 1.328125000000001110 ) ) ;
#1935 = CARTESIAN_POINT ( 'NONE',  ( 2.846614915774974719, 2.846614915774964505, 1.562500000000001332 ) ) ;
#1936 = CARTESIAN_POINT ( 'NONE',  ( 4.025721420742514489, -9.852417264376230094E-15, -1.624999999999999778 ) ) ;
#1937 = CARTESIAN_POINT ( 'NONE',  ( 0.000000000000000000, 4.025721420742504719, 0.4375000000000003886 ) ) ;
#1938 = CARTESIAN_POINT ( 'NONE',  ( 2.743673865700722025, 4.179982502196737393, 3.860428147091758078 ) ) ;
#1939 = CARTESIAN_POINT ( 'NONE',  ( 1.667508410807433616, -4.025721420742524259, -6.218749999999998224 ) ) ;
#1940 = DIRECTION ( 'NONE',  ( -0.000000000000000000, -0.000000000000000000, 1.000000000000000000 ) ) ;
#1941 = B_SPLINE_CURVE_WITH_KNOTS ( 'NONE', 3,
 ( #2411, #2150, #1175, #307, #325, #2689 ),
 .UNSPECIFIED., .F., .F.,
 ( 4, 2, 4 ),
 ( 0.006369821035784589171, 0.007538129399589494489, 0.008706437763394398940 ),
 .UNSPECIFIED. ) ;
#1942 = CARTESIAN_POINT ( 'NONE',  ( 4.999999999999993783, 2.071067811865491048, -8.093749999999996447 ) ) ;
#1943 = CYLINDRICAL_SURFACE ( 'NONE', #2304, 5.000000000000006217 ) ;
#1944 = VECTOR ( 'NONE', #1010, 1000.000000000000000 ) ;
#1945 = ORIENTED_EDGE ( 'NONE', *, *, #1115, .F. ) ;
#1946 = CARTESIAN_POINT ( 'NONE',  ( 4.025721420742512713, -1.667508410807445607, -13.53124999999999822 ) ) ;
#1947 = CARTESIAN_POINT ( 'NONE',  ( -1.090599380754315284, -4.575556453767299914, 3.018065351549854558 ) ) ;
#1948 = CARTESIAN_POINT ( 'NONE',  ( -1.174144980245801939, -4.722169168183033783, 3.463598309948559884 ) ) ;
#1949 = CARTESIAN_POINT ( 'NONE',  ( 5.081189881604800007, -1.004630367520562695E-14, -6.734374999999999112 ) ) ;
#1950 = CONICAL_SURFACE ( 'NONE', #722, 3.500000000000003553, 0.7853981633974496113 ) ;
#1951 = CARTESIAN_POINT ( 'NONE',  ( -1.667508410807434949, -4.025721420742524259, -9.406249999999998224 ) ) ;
#1952 = CARTESIAN_POINT ( 'NONE',  ( 3.535533905932747079, 3.535533905932736420, -6.500000000000000888 ) ) ;
#1953 = CIRCLE ( 'NONE', #1496, 7.500000000000000000 ) ;
#1954 = CARTESIAN_POINT ( 'NONE',  ( -4.025721420742514489, 1.667508410807425623, -8.468749999999998224 ) ) ;
#1955 = EDGE_CURVE ( 'NONE', #691, #2342, #3698, .T. ) ;
#1956 = VECTOR ( 'NONE', #2256, 1000.000000000000000 ) ;
#1957 = CARTESIAN_POINT ( 'NONE',  ( 2.846614915774973831, -2.846614915774984045, -1.812499999999998224 ) ) ;
#1958 = CARTESIAN_POINT ( 'NONE',  ( 4.025721420742512713, -1.667508410807445607, 2.968750000000002220 ) ) ;
#1959 = CARTESIAN_POINT ( 'NONE',  ( 3.999999999999997335, -0.7777712736365870461, 13.39900116077125958 ) ) ;
#1960 = CARTESIAN_POINT ( 'NONE',  ( 4.025721420742513601, 1.667508410807426067, -2.843749999999999112 ) ) ;
#1961 = CARTESIAN_POINT ( 'NONE',  ( 0.000000000000000000, -9.107298248878237246E-15, 4.000000000000000000 ) ) ;
#1962 = CARTESIAN_POINT ( 'NONE',  ( -4.308857973319892842, -8.849062780300203935E-15, 1.961531035152029645 ) ) ;
#1963 = VERTEX_POINT ( 'NONE', #3651 ) ;
#1964 = CARTESIAN_POINT ( 'NONE',  ( -4.289998938830884789, -2.162527521316949919, 3.293585655656591449 ) ) ;
#1965 = CARTESIAN_POINT ( 'NONE',  ( -5.081189881604800007, -8.801771090332180691E-15, -2.984374999999999112 ) ) ;
#1966 = EDGE_CURVE ( 'NONE', #419, #2643, #2506, .T. ) ;
#1967 = CARTESIAN_POINT ( 'NONE',  ( -4.930086852171255217E-16, -4.025721420742523371, -0.3124999999999985567 ) ) ;
#1968 = EDGE_CURVE ( 'NONE', #383, #3652, #2769, .T. ) ;
#1969 = CARTESIAN_POINT ( 'NONE',  ( 0.000000000000000000, 4.025721420742504719, -8.562499999999998224 ) ) ;
#1970 = CARTESIAN_POINT ( 'NONE',  ( 4.025721420742513601, 1.667508410807426067, -9.031250000000000000 ) ) ;
#1971 = CARTESIAN_POINT ( 'NONE',  ( -1.667508410807434949, -4.025721420742524259, -13.90624999999999822 ) ) ;
#1972 = CARTESIAN_POINT ( 'NONE',  ( 4.025721420742512713, -1.667508410807445607, -1.718749999999999778 ) ) ;
#1973 = CARTESIAN_POINT ( 'NONE',  ( 5.081189881604800007, -1.004630367520562695E-14, 5.171875000000000888 ) ) ;
#1974 = CARTESIAN_POINT ( 'NONE',  ( 0.000000000000000000, 4.025721420742504719, 3.437500000000003109 ) ) ;
#1975 = CARTESIAN_POINT ( 'NONE',  ( 4.534433573090242753, -2.044644238210746220E-11, 2.581294901900989203 ) ) ;
#1976 = CARTESIAN_POINT ( 'NONE',  ( 1.667508410807436947, 4.025721420742503831, -4.156249999999998224 ) ) ;
#1977 = CARTESIAN_POINT ( 'NONE',  ( 4.158995757302822227, 0.6004965544440239444, -13.30843318760125804 ) ) ;
#1978 = CARTESIAN_POINT ( 'NONE',  ( 5.000000000000012434, -1.003138933591105784E-14, -8.187500000000000000 ) ) ;
#1979 = ORIENTED_EDGE ( 'NONE', *, *, #70, .T. ) ;
#1980 = CARTESIAN_POINT ( 'NONE',  ( 4.025721420742512713, -1.667508410807445607, -9.031250000000000000 ) ) ;
#1981 = CARTESIAN_POINT ( 'NONE',  ( 4.380401466192083149, -2.087629702552820099, 3.427536926960759622 ) ) ;
#1982 = CARTESIAN_POINT ( 'NONE',  ( -2.071067811865480390, 5.000000000000003553, 2.781249999999997335 ) ) ;
#1983 = CARTESIAN_POINT ( 'NONE',  ( -3.592943821779224667, -3.592943821779233549, -7.296874999999999112 ) ) ;
#1984 = CARTESIAN_POINT ( 'NONE',  ( 2.846614915774974719, 2.846614915774964505, -13.43750000000000000 ) ) ;
#1985 = CARTESIAN_POINT ( 'NONE',  ( -3.613954289489909932, 2.655824115799830132, 2.419977410010435648 ) ) ;
#1986 = ADVANCED_FACE ( 'NONE', ( #330 ), #1285, .T. ) ;
#1987 = CARTESIAN_POINT ( 'NONE',  ( 2.846614915774973831, -2.846614915774984045, -10.81250000000000000 ) ) ;
#1988 = CARTESIAN_POINT ( 'NONE',  ( 2.104697761953648882, -5.081189881604811553, 1.984375000000001554 ) ) ;
#1989 = CARTESIAN_POINT ( 'NONE',  ( -4.025721420742513601, -1.667508410807443386, 3.718750000000000000 ) ) ;
#1990 = CARTESIAN_POINT ( 'NONE',  ( 1.667508410807436947, 4.025721420742503831, -2.843749999999999112 ) ) ;
#1991 = CARTESIAN_POINT ( 'NONE',  ( 4.025721420742512713, 1.667508410807426289, 3.156250000000002665 ) ) ;
#1992 = CARTESIAN_POINT ( 'NONE',  ( -3.999999999999998224, 2.309401076758501148, 8.999999999999998224 ) ) ;
#1993 = CARTESIAN_POINT ( 'NONE',  ( -5.000000000000012434, -8.806742536763703202E-15, -8.937500000000001776 ) ) ;
#1994 = CARTESIAN_POINT ( 'NONE',  ( -5.000000000000012434, -8.806742536763703202E-15, 2.875000000000004441 ) ) ;
#1995 = CARTESIAN_POINT ( 'NONE',  ( 3.535533905932745746, -3.535533905932756404, 1.937500000000003775 ) ) ;
#1996 = EDGE_CURVE ( 'NONE', #3645, #1963, #3562, .T. ) ;
#1997 = CARTESIAN_POINT ( 'NONE',  ( -4.930086852171255217E-16, -4.025721420742523371, 1.000000000000000888 ) ) ;
#1998 = ORIENTED_EDGE ( 'NONE', *, *, #407, .T. ) ;
#1999 = CARTESIAN_POINT ( 'NONE',  ( 2.846614915774974719, 2.846614915774964505, -11.75000000000000000 ) ) ;
#2000 = CARTESIAN_POINT ( 'NONE',  ( 5.000000000000012434, -1.003138933591105784E-14, -11.37499999999999645 ) ) ;
#2001 = CARTESIAN_POINT ( 'NONE',  ( 4.719210739361112239, -1.567998062683368943, 3.757940550161592341 ) ) ;
#2002 = CARTESIAN_POINT ( 'NONE',  ( 5.081189881604800007, -2.104697761953661761, -8.328124999999998224 ) ) ;
#2003 = CARTESIAN_POINT ( 'NONE',  ( 1.667508410807436947, 4.025721420742503831, 4.843750000000000888 ) ) ;
#2004 = CIRCLE ( 'NONE', #2978, 1.000000000000000000 ) ;
#2005 = CARTESIAN_POINT ( 'NONE',  ( 0.9990116312601138304, 4.241438038385608067, 2.069350498767388302 ) ) ;
#2006 = CARTESIAN_POINT ( 'NONE',  ( -3.343329576205436915, 2.688529922705157116, 13.52382966936226616 ) ) ;
#2007 =( BOUNDED_CURVE ( )  B_SPLINE_CURVE ( 2, ( #315, #3303, #1228, #1880, #3338, #337, #610, #1532, #2733 ),
 .UNSPECIFIED., .F., .F. ) 
 B_SPLINE_CURVE_WITH_KNOTS ( ( 3, 2, 2, 2, 3 ),
 ( 0.2499999999999999722, 0.2596153846153845812, 0.2692307692307692735, 0.2788461538461539102, 0.2884615384615384914 ),
 .UNSPECIFIED. ) 
 CURVE ( )  GEOMETRIC_REPRESENTATION_ITEM ( )  RATIONAL_B_SPLINE_CURVE ( ( 1.000000000000000222, 0.9238795325112865164, 1.000000000000000000, 0.9238795325112867385, 1.000000000000000000, 0.9238795325112867385, 1.000000000000000000, 0.9238795325112862944, 1.000000000000000444 ) ) 
 REPRESENTATION_ITEM ( '' )  );
#2008 = CARTESIAN_POINT ( 'NONE',  ( 2.846614915774974719, 2.846614915774964505, -4.437499999999999112 ) ) ;
#2009 = CIRCLE ( 'NONE', #1689, 0.4999999999999995559 ) ;
#2010 = CARTESIAN_POINT ( 'NONE',  ( -4.930086852171255217E-16, -4.025721420742523371, -13.81249999999999822 ) ) ;
#2011 = CARTESIAN_POINT ( 'NONE',  ( 4.025721420742512713, -1.667508410807445607, -6.218749999999998224 ) ) ;
#2012 = VECTOR ( 'NONE', #3409, 1000.000000000000000 ) ;
#2013 = CARTESIAN_POINT ( 'NONE',  ( -5.081189881604800007, -2.104697761953658652, -7.484374999999998224 ) ) ;
#2014 = CARTESIAN_POINT ( 'NONE',  ( 5.081189881604800007, -2.104697761953661761, 3.578125000000003109 ) ) ;
#2015 = CARTESIAN_POINT ( 'NONE',  ( 3.535533905932747079, 3.535533905932736420, -12.50000000000000000 ) ) ;
#2016 = CARTESIAN_POINT ( 'NONE',  ( -3.999999999999998224, -2.309401076758502480, 8.999999999999998224 ) ) ;
#2017 = CARTESIAN_POINT ( 'NONE',  ( -1.667508410807434061, 4.025721420742504719, -3.968749999999998224 ) ) ;
#2018 =( BOUNDED_CURVE ( )  B_SPLINE_CURVE ( 2, ( #1730, #3513, #2594, #2358, #1753, #823, #2942, #2029, #2962 ),
 .UNSPECIFIED., .F., .F. ) 
 B_SPLINE_CURVE_WITH_KNOTS ( ( 3, 2, 2, 2, 3 ),
 ( 0.3653846153846153633, 0.3749999999999999445, 0.3846153846153845812, 0.3942307692307692735, 0.4038461538461538547 ),
 .UNSPECIFIED. ) 
 CURVE ( )  GEOMETRIC_REPRESENTATION_ITEM ( )  RATIONAL_B_SPLINE_CURVE ( ( 1.000000000000000444, 0.9238795325112862944, 1.000000000000000000, 0.9238795325112867385, 1.000000000000000000, 0.9238795325112867385, 1.000000000000000000, 0.9238795325112867385, 1.000000000000000000 ) ) 
 REPRESENTATION_ITEM ( '' )  );
#2019 = LINE ( 'NONE', #1454, #474 ) ;
#2020 = FACE_OUTER_BOUND ( 'NONE', #3228, .T. ) ;
#2021 = CARTESIAN_POINT ( 'NONE',  ( -1.667508410807434949, -4.025721420742524259, -10.90625000000000000 ) ) ;
#2022 = CARTESIAN_POINT ( 'NONE',  ( 3.999999999999998224, -2.309401076758501148, 8.999999999999998224 ) ) ;
#2023 = CARTESIAN_POINT ( 'NONE',  ( 3.488977950757375268, -2.063848993593416115, 1.235704651814585553 ) ) ;
#2024 = CARTESIAN_POINT ( 'NONE',  ( -4.930086852171255217E-16, -4.025721420742523371, -13.99999999999999822 ) ) ;
#2025 = CARTESIAN_POINT ( 'NONE',  ( 4.185130318882805511, 0.5758798817280230686, 1.703324446942883430 ) ) ;
#2026 = CARTESIAN_POINT ( 'NONE',  ( -2.104697761953650215, -5.081189881604809777, -13.29687499999999822 ) ) ;
#2027 = CARTESIAN_POINT ( 'NONE',  ( 2.846614915774973831, -2.846614915774984045, -0.3124999999999985567 ) ) ;
#2028 = CARTESIAN_POINT ( 'NONE',  ( 5.000000000000012434, -1.003138933591105784E-14, -5.374999999999996447 ) ) ;
#2029 = CARTESIAN_POINT ( 'NONE',  ( 5.000000000000012434, 2.071067811865472841, -3.593750000000001776 ) ) ;
#2030 = CYLINDRICAL_SURFACE ( 'NONE', #223, 5.000000000000006217 ) ;
#2031 = CARTESIAN_POINT ( 'NONE',  ( -3.672722150819686338, 2.286691758037544986, -13.17919048400336202 ) ) ;
#2032 = CARTESIAN_POINT ( 'NONE',  ( 3.999999999999998224, 2.309401076758503368, 8.999999999999998224 ) ) ;
#2033 = CARTESIAN_POINT ( 'NONE',  ( -4.025721420742513601, -1.667508410807443386, -11.28125000000000000 ) ) ;
#2034 = CARTESIAN_POINT ( 'NONE',  ( 1.667508410807433616, -4.025721420742524259, -6.218749999999998224 ) ) ;
#2035 = CARTESIAN_POINT ( 'NONE',  ( 1.000000000000000000, 0.000000000000000000, -14.14699193025205659 ) ) ;
#2036 = CARTESIAN_POINT ( 'NONE',  ( -4.025721420742514489, -8.866399893941979642E-15, 3.812500000000000000 ) ) ;
#2037 = CARTESIAN_POINT ( 'NONE',  ( -5.000000000000012434, 2.071067811865471953, -6.218749999999996447 ) ) ;
#2038 = CARTESIAN_POINT ( 'NONE',  ( 1.667508410807436947, 4.025721420742503831, -1.343749999999999556 ) ) ;
#2039 = CARTESIAN_POINT ( 'NONE',  ( 5.081189881604800007, -2.104697761953661761, 2.171875000000001776 ) ) ;
#2040 = ADVANCED_FACE ( 'NONE', ( #2487 ), #2153, .F. ) ;
#2041 = DIRECTION ( 'NONE',  ( -0.000000000000000000, -0.000000000000000000, -1.000000000000000000 ) ) ;
#2042 = LINE ( 'NONE', #3220, #3239 ) ;
#2043 = CARTESIAN_POINT ( 'NONE',  ( -3.535533905932746190, -3.535533905932755072, -5.937499999999996447 ) ) ;
#2044 = EDGE_LOOP ( 'NONE', ( #254, #2928 ) ) ;
#2045 = CARTESIAN_POINT ( 'NONE',  ( 3.673031319800981187, -2.498176532287981200, 13.61376704789060810 ) ) ;
#2046 = CARTESIAN_POINT ( 'NONE',  ( -1.667508410807434727, -4.025721420742523371, -12.40624999999999822 ) ) ;
#2047 = EDGE_LOOP ( 'NONE', ( #52, #995 ) ) ;
#2048 = CARTESIAN_POINT ( 'NONE',  ( 2.846614915774973831, -2.846614915774984045, -7.624999999999999112 ) ) ;
#2049 = PLANE ( 'NONE',  #1092 ) ;
#2050 = ORIENTED_EDGE ( 'NONE', *, *, #1799, .T. ) ;
#2051 = CARTESIAN_POINT ( 'NONE',  ( 4.985584772631853845, -1.002874130160274951E-14, 3.820822635401434297 ) ) ;
#2052 = CARTESIAN_POINT ( 'NONE',  ( -4.930086852171255217E-16, -4.025721420742523371, -13.99999999999999822 ) ) ;
#2053 = CARTESIAN_POINT ( 'NONE',  ( -2.071067811865480390, 5.000000000000003553, 2.593750000000004441 ) ) ;
#2054 = CARTESIAN_POINT ( 'NONE',  ( 1.667508410807433616, -4.025721420742524259, -7.718749999999999112 ) ) ;
#2055 = CARTESIAN_POINT ( 'NONE',  ( 1.667508410807433616, -4.025721420742524259, -0.4062499999999986677 ) ) ;
#2056 = CARTESIAN_POINT ( 'NONE',  ( -2.846614915774974275, -2.846614915774983157, -3.687500000000000000 ) ) ;
#2057 = CARTESIAN_POINT ( 'NONE',  ( -2.846614915774974275, -2.846614915774983157, -12.49999999999999822 ) ) ;
#2058 = CARTESIAN_POINT ( 'NONE',  ( -3.592943821779224667, -3.592943821779233549, 0.1093750000000018319 ) ) ;
#2059 = AXIS2_PLACEMENT_3D ( 'NONE', #1199, #3594, #2115 ) ;
#2060 = ADVANCED_FACE ( 'NONE', ( #1877 ), #2190, .T. ) ;
#2061 = CARTESIAN_POINT ( 'NONE',  ( -5.000000000000006217, -3.469446951953614189E-15, -13.99999999999999822 ) ) ;
#2062 = CARTESIAN_POINT ( 'NONE',  ( -5.000000000000012434, -8.806742536763703202E-15, -1.437500000000001554 ) ) ;
#2063 = AXIS2_PLACEMENT_3D ( 'NONE', #2271, #260, #793 ) ;
#2064 = DIRECTION ( 'NONE',  ( 1.000000000000000000, 0.000000000000000000, 0.000000000000000000 ) ) ;
#2065 = AXIS2_PLACEMENT_3D ( 'NONE', #3292, #7, #1852 ) ;
#2066 = DIRECTION ( 'NONE',  ( -0.000000000000000000, -0.000000000000000000, -1.000000000000000000 ) ) ;
#2067 = ORIENTED_EDGE ( 'NONE', *, *, #2266, .F. ) ;
#2068 = CARTESIAN_POINT ( 'NONE',  ( 2.846614915774974719, 2.846614915774964505, 0.06250000000000179023 ) ) ;
#2069 = CARTESIAN_POINT ( 'NONE',  ( -1.667508410807434505, 4.025721420742504719, -5.468749999999999112 ) ) ;
#2070 = CARTESIAN_POINT ( 'NONE',  ( -5.000000000000012434, -8.806742536763703202E-15, -1.624999999999996225 ) ) ;
#2071 = CARTESIAN_POINT ( 'NONE',  ( 0.000000000000000000, -3.469446951953614189E-15, 4.500000000000000888 ) ) ;
#2072 = CARTESIAN_POINT ( 'NONE',  ( -4.930086852171255217E-16, -4.025721420742523371, -12.49999999999999822 ) ) ;
#2073 = CARTESIAN_POINT ( 'NONE',  ( -4.025721420742513601, -1.667508410807443386, -14.28124999999999822 ) ) ;
#2074 = CARTESIAN_POINT ( 'NONE',  ( 5.000000000000012434, -2.071067811865492381, -2.468749999999996891 ) ) ;
#2075 = CARTESIAN_POINT ( 'NONE',  ( -4.025721420742514489, -1.667508410807443164, -0.7812499999999991118 ) ) ;
#2076 = CARTESIAN_POINT ( 'NONE',  ( -4.930086852171255217E-16, -4.025721420742523371, -3.499999999999999556 ) ) ;
#2077 = CARTESIAN_POINT ( 'NONE',  ( -4.930086852171255217E-16, -4.025721420742523371, -1.812499999999998224 ) ) ;
#2078 = ORIENTED_EDGE ( 'NONE', *, *, #3741, .T. ) ;
#2079 = CARTESIAN_POINT ( 'NONE',  ( -3.592943821779224667, -3.592943821779233549, -1.390624999999997780 ) ) ;
#2080 = CARTESIAN_POINT ( 'NONE',  ( 3.734561835197867108, -1.830014132953564410, 1.525095263749402408 ) ) ;
#2081 = EDGE_CURVE ( 'NONE', #952, #575, #379, .T. ) ;
#2082 = CARTESIAN_POINT ( 'NONE',  ( 2.846614915774974719, 2.846614915774964505, -5.937499999999998224 ) ) ;
#2083 = CARTESIAN_POINT ( 'NONE',  ( -1.000000000000000000, 1.224646799147352961E-16, -13.99999999999999822 ) ) ;
#2084 = CARTESIAN_POINT ( 'NONE',  ( -2.846614915774974275, -2.846614915774983157, -12.49999999999999822 ) ) ;
#2085 = CARTESIAN_POINT ( 'NONE',  ( -1.667508410807434505, 4.025721420742504719, 1.843750000000001554 ) ) ;
#2086 = CARTESIAN_POINT ( 'NONE',  ( 2.846614915774973831, -2.846614915774984045, -4.624999999999999112 ) ) ;
#2087 = CARTESIAN_POINT ( 'NONE',  ( 4.530077503928193750, -0.2901616361151965195, 2.569326700244276118 ) ) ;
#2088 = CARTESIAN_POINT ( 'NONE',  ( -2.071067811865481278, -5.000000000000022204, 3.156250000000004885 ) ) ;
#2089 = CARTESIAN_POINT ( 'NONE',  ( 4.200310384173238987, 2.025701212517513242E-11, 1.663298985035360333 ) ) ;
#2090 = CARTESIAN_POINT ( 'NONE',  ( -3.999999999999998224, -1.934050476331656609, 13.61440222285893142 ) ) ;
#2091 = CARTESIAN_POINT ( 'NONE',  ( 5.000000000000006217, -2.857123552379936476E-15, -13.99999999999999822 ) ) ;
#2092 = CARTESIAN_POINT ( 'NONE',  ( -1.667508410807434949, -4.025721420742524259, -4.906249999999999112 ) ) ;
#2093 = ORIENTED_EDGE ( 'NONE', *, *, #407, .F. ) ;
#2094 = CARTESIAN_POINT ( 'NONE',  ( -1.667508410807434727, -4.025721420742523371, -12.59375000000000355 ) ) ;
#2095 = DIRECTION ( 'NONE',  ( -0.000000000000000000, -0.000000000000000000, -1.000000000000000000 ) ) ;
#2096 = CARTESIAN_POINT ( 'NONE',  ( 5.081189881604800007, 2.104697761953641777, -3.734374999999998668 ) ) ;
#2097 = CARTESIAN_POINT ( 'NONE',  ( 4.025721420742514489, -9.852417264376230094E-15, -7.624999999999999112 ) ) ;
#2098 =( BOUNDED_CURVE ( )  B_SPLINE_CURVE ( 2, ( #542, #755, #3167, #1982, #2912, #228, #2621, #482, #2277 ),
 .UNSPECIFIED., .F., .F. ) 
 B_SPLINE_CURVE_WITH_KNOTS ( ( 3, 2, 2, 2, 3 ),
 ( 0.05769230769230774408, 0.06730769230769229061, 0.07692307692307684408, 0.08653846153846150857, 0.09615384615384606204 ),
 .UNSPECIFIED. ) 
 CURVE ( )  GEOMETRIC_REPRESENTATION_ITEM ( )  RATIONAL_B_SPLINE_CURVE ( ( 0.9999999999999996669, 0.9238795325112870716, 1.000000000000000000, 0.9238795325112867385, 1.000000000000000000, 0.9238795325112867385, 1.000000000000000000, 0.9238795325112874046, 0.9999999999999993339 ) ) 
 REPRESENTATION_ITEM ( '' )  );
#2099 = CARTESIAN_POINT ( 'NONE',  ( 2.846614915774974719, 2.846614915774964505, -1.249999999999999334 ) ) ;
#2100 = CARTESIAN_POINT ( 'NONE',  ( -6.123233995736780087E-16, -5.000000000000022204, -2.562500000000000444 ) ) ;
#2101 = CARTESIAN_POINT ( 'NONE',  ( 4.025721420742514489, -9.852417264376230094E-15, -10.43749999999999822 ) ) ;
#2102 = CARTESIAN_POINT ( 'NONE',  ( 5.000000000000012434, -1.003138933591105784E-14, 2.312500000000000444 ) ) ;
#2103 = CARTESIAN_POINT ( 'NONE',  ( -1.667508410807434949, -4.025721420742524259, 0.9062500000000007772 ) ) ;
#2104 = CARTESIAN_POINT ( 'NONE',  ( 0.000000000000000000, 4.025721420742504719, -2.562499999999998668 ) ) ;
#2105 = CARTESIAN_POINT ( 'NONE',  ( -3.882562187146189725, -1.967167216295883314, 2.054476578417772537 ) ) ;
#2106 = EDGE_CURVE ( 'NONE', #865, #3127, #2633, .T. ) ;
#2107 =( NAMED_UNIT ( * ) PLANE_ANGLE_UNIT ( ) SI_UNIT ( $, .RADIAN. ) );
#2108 = CARTESIAN_POINT ( 'NONE',  ( 3.535533905932745746, -3.535533905932756404, 3.437500000000004885 ) ) ;
#2109 = CARTESIAN_POINT ( 'NONE',  ( 5.000000000000012434, -1.003138933591105784E-14, -2.374999999999996891 ) ) ;
#2110 = CARTESIAN_POINT ( 'NONE',  ( -4.025721420742514489, -8.866399893941979642E-15, 0.6250000000000005551 ) ) ;
#2111 = CARTESIAN_POINT ( 'NONE',  ( -1.667508410807434505, 4.025721420742504719, -3.968749999999998224 ) ) ;
#2112 = ORIENTED_EDGE ( 'NONE', *, *, #2222, .T. ) ;
#2113 = CARTESIAN_POINT ( 'NONE',  ( 0.000000000000000000, 5.081189881604791125, -0.4531249999999986677 ) ) ;
#2114 = CARTESIAN_POINT ( 'NONE',  ( 1.685944380874418780, -4.396287282040822753, -12.80127874451860315 ) ) ;
#2115 = DIRECTION ( 'NONE',  ( -1.000000000000000000, -1.224646799147354933E-16, 0.000000000000000000 ) ) ;
#2116 = CARTESIAN_POINT ( 'NONE',  ( -4.930086852171255217E-16, -4.025721420742523371, -4.999999999999999112 ) ) ;
#2117 = AXIS2_PLACEMENT_3D ( 'NONE', #560, #209, #2642 ) ;
#2118 = CARTESIAN_POINT ( 'NONE',  ( 4.401715451134387003, 1.204359148580173899, 2.633358501281552133 ) ) ;
#2119 =( BOUNDED_CURVE ( )  B_SPLINE_CURVE ( 2, ( #3736, #2251, #2479, #3376, #380, #432, #2182, #2218, #3142 ),
 .UNSPECIFIED., .F., .T. ) 
 B_SPLINE_CURVE_WITH_KNOTS ( ( 3, 2, 2, 2, 3 ),
 ( 0.7500000000000000000, 0.7596153846153845812, 0.7692307692307693845, 0.7788461538461539657, 0.7884615384615385469 ),
 .UNSPECIFIED. ) 
 CURVE ( )  GEOMETRIC_REPRESENTATION_ITEM ( )  RATIONAL_B_SPLINE_CURVE ( ( 1.000000000000000000, 0.9238795325112867385, 1.000000000000000000, 0.9238795325112867385, 1.000000000000000000, 0.9238795325112867385, 1.000000000000000000, 0.9238795325112858503, 1.000000000000000888 ) ) 
 REPRESENTATION_ITEM ( '' )  );
#2120 = DIRECTION ( 'NONE',  ( -0.000000000000000000, -0.000000000000000000, -1.000000000000000000 ) ) ;
#2121 = CARTESIAN_POINT ( 'NONE',  ( -4.025721420742514489, 1.667508410807425623, -8.281249999999998224 ) ) ;
#2122 = VECTOR ( 'NONE', #918, 999.9999999999998863 ) ;
#2123 = CARTESIAN_POINT ( 'NONE',  ( -4.930086852171255217E-16, -4.025721420742523371, 2.500000000000002220 ) ) ;
#2124 = CARTESIAN_POINT ( 'NONE',  ( -2.846614915774974275, -2.846614915774983157, -4.999999999999999112 ) ) ;
#2125 = CARTESIAN_POINT ( 'NONE',  ( 4.064441343023558417, -1.958146111203268314, 2.492430635339818679 ) ) ;
#2126 = DIRECTION ( 'NONE',  ( -1.000000000000000000, 0.000000000000000000, 0.000000000000000000 ) ) ;
#2127 =( BOUNDED_CURVE ( )  B_SPLINE_CURVE ( 2, ( #2176, #3412, #2757, #1313, #2248 ),
 .UNSPECIFIED., .F., .T. ) 
 B_SPLINE_CURVE_WITH_KNOTS ( ( 3, 2, 3 ),
 ( 0.9038461538461540767, 0.9134615384615384359, 0.9159887039255979468 ),
 .UNSPECIFIED. ) 
 CURVE ( )  GEOMETRIC_REPRESENTATION_ITEM ( )  RATIONAL_B_SPLINE_CURVE ( ( 0.9999999999999982236, 0.9238795325112885148, 1.000000000000000000, 0.9799936222792638985, 0.9705036053405766694 ) ) 
 REPRESENTATION_ITEM ( '' )  );
#2128 = CARTESIAN_POINT ( 'NONE',  ( 5.000000000000012434, -1.003138933591105784E-14, -11.37499999999999645 ) ) ;
#2129 = ORIENTED_EDGE ( 'NONE', *, *, #1656, .T. ) ;
#2130 = DIRECTION ( 'NONE',  ( -0.000000000000000000, -0.000000000000000000, -1.000000000000000000 ) ) ;
#2131 = CARTESIAN_POINT ( 'NONE',  ( -5.081189881604800007, -2.104697761953658652, -13.39062500000000000 ) ) ;
#2132 = CARTESIAN_POINT ( 'NONE',  ( 2.846614915774973831, -2.846614915774984045, -4.624999999999999112 ) ) ;
#2133 = CARTESIAN_POINT ( 'NONE',  ( -1.627307051044460495, 3.908183666127851730, -13.27235290221677744 ) ) ;
#2134 = ORIENTED_EDGE ( 'NONE', *, *, #178, .F. ) ;
#2135 = CARTESIAN_POINT ( 'NONE',  ( -3.317476641822898031, -3.083888936451746332, -12.98079950002216343 ) ) ;
#2136 = CYLINDRICAL_SURFACE ( 'NONE', #1040, 5.000000000000006217 ) ;
#2137 = CARTESIAN_POINT ( 'NONE',  ( 2.104697761953652879, 5.081189881604789349, -5.046874999999998224 ) ) ;
#2138 = CARTESIAN_POINT ( 'NONE',  ( 1.667508410807433616, -4.025721420742524259, -7.906250000000000888 ) ) ;
#2139 = CARTESIAN_POINT ( 'NONE',  ( 1.667508410807436947, 4.025721420742503831, -8.843749999999998224 ) ) ;
#2140 = ORIENTED_EDGE ( 'NONE', *, *, #1928, .F. ) ;
#2141 = CARTESIAN_POINT ( 'NONE',  ( 1.667508410807433616, -4.025721420742524259, -9.218749999999998224 ) ) ;
#2142 = EDGE_CURVE ( 'NONE', #1139, #1800, #1929, .T. ) ;
#2143 = CARTESIAN_POINT ( 'NONE',  ( 1.667508410807436947, 4.025721420742503831, 4.656250000000000000 ) ) ;
#2144 = CARTESIAN_POINT ( 'NONE',  ( -2.104697761953650215, -5.081189881604809777, -8.796875000000000000 ) ) ;
#2145 = CARTESIAN_POINT ( 'NONE',  ( 5.000000000000012434, -1.003138933591105784E-14, -2.374999999999996891 ) ) ;
#2146 = ORIENTED_EDGE ( 'NONE', *, *, #84, .F. ) ;
#2147 = DIRECTION ( 'NONE',  ( 0.7071067811865484609, 0.000000000000000000, 0.7071067811865465735 ) ) ;
#2148 = CARTESIAN_POINT ( 'NONE',  ( -2.846614915774974275, 2.846614915774965393, -1.062499999999999112 ) ) ;
#2149 = CARTESIAN_POINT ( 'NONE',  ( 4.025721420742514489, -9.852417264376230094E-15, -12.12499999999999822 ) ) ;
#2150 = CARTESIAN_POINT ( 'NONE',  ( 3.999999999999998224, 0.3902246064903351352, 13.36549101804924966 ) ) ;
#2151 = CARTESIAN_POINT ( 'NONE',  ( -2.104697761953650215, -5.081189881604809777, -11.70312500000000000 ) ) ;
#2152 = CARTESIAN_POINT ( 'NONE',  ( 1.667508410807433616, -4.025721420742524259, -0.2187499999999984734 ) ) ;
#2153 = PLANE ( 'NONE',  #1237 ) ;
#2154 = VERTEX_POINT ( 'NONE', #2551 ) ;
#2155 = LINE ( 'NONE', #901, #2989 ) ;
#2156 = EDGE_CURVE ( 'NONE', #3286, #2759, #2572, .T. ) ;
#2157 = ADVANCED_FACE ( 'NONE', ( #1386 ), #3468, .T. ) ;
#2158 = CARTESIAN_POINT ( 'NONE',  ( 0.000000000000000000, 4.025721420742504719, -5.749999999999998224 ) ) ;
#2159 = CARTESIAN_POINT ( 'NONE',  ( -1.667508410807434949, -4.025721420742524259, -8.093750000000001776 ) ) ;
#2160 = CARTESIAN_POINT ( 'NONE',  ( -5.000000000000012434, -8.806742536763703202E-15, -2.937500000000000888 ) ) ;
#2161 = CARTESIAN_POINT ( 'NONE',  ( -1.667508410807434727, -4.025721420742523371, -6.406249999999999112 ) ) ;
#2162 = CARTESIAN_POINT ( 'NONE',  ( 5.000000000000024869, -2.071067811865478170, 2.218750000000001332 ) ) ;
#2163 = CARTESIAN_POINT ( 'NONE',  ( 5.081189881604800007, -2.104697761953661761, -9.921874999999998224 ) ) ;
#2164 = ORIENTED_EDGE ( 'NONE', *, *, #1008, .F. ) ;
#2165 = CARTESIAN_POINT ( 'NONE',  ( -6.222662924367237206E-16, -5.081189881604809777, 4.796875000000000888 ) ) ;
#2166 = CARTESIAN_POINT ( 'NONE',  ( -2.071067811865480390, 5.000000000000003553, -1.906249999999996447 ) ) ;
#2167 = ORIENTED_EDGE ( 'NONE', *, *, #1834, .T. ) ;
#2168 = CARTESIAN_POINT ( 'NONE',  ( 3.975579770541141311, -0.6334022777739152232, -13.47427857925748818 ) ) ;
#2169 = CARTESIAN_POINT ( 'NONE',  ( 4.025721420742512713, 1.667508410807426289, -12.03124999999999822 ) ) ;
#2170 = CARTESIAN_POINT ( 'NONE',  ( -3.535533905932746190, -3.535533905932755072, -4.437499999999997335 ) ) ;
#2171 = CARTESIAN_POINT ( 'NONE',  ( 0.000000000000000000, 5.081189881604791125, -9.359375000000000000 ) ) ;
#2172 = VERTEX_POINT ( 'NONE', #1647 ) ;
#2173 = CARTESIAN_POINT ( 'NONE',  ( -1.017028315694294971, -4.507019104909065987, -12.88957526361303074 ) ) ;
#2174 = CARTESIAN_POINT ( 'NONE',  ( -3.592943821779224667, 3.592943821779215785, -4.765624999999999112 ) ) ;
#2175 = CARTESIAN_POINT ( 'NONE',  ( 5.081189881604800007, -1.004630367520562695E-14, 0.7656250000000006661 ) ) ;
#2176 = CARTESIAN_POINT ( 'NONE',  ( 5.000000000000012434, -1.003138933591105784E-14, 3.625000000000004885 ) ) ;
#2177 = CARTESIAN_POINT ( 'NONE',  ( -4.930086852171255217E-16, -4.025721420742523371, -9.312499999999998224 ) ) ;
#2178 = AXIS2_PLACEMENT_3D ( 'NONE', #959, #3289, #592 ) ;
#2179 = CARTESIAN_POINT ( 'NONE',  ( -9.767485715204783227E-17, 4.618802153517004960, 13.72275660795741281 ) ) ;
#2180 = EDGE_LOOP ( 'NONE', ( #2401, #3007, #3400, #1784 ) ) ;
#2181 = AXIS2_PLACEMENT_3D ( 'NONE', #1867, #651, #339 ) ;
#2182 = CARTESIAN_POINT ( 'NONE',  ( -3.535533905932746190, 3.535533905932737309, 1.187500000000003109 ) ) ;
#2183 = VERTEX_POINT ( 'NONE', #2259 ) ;
#2184 = CARTESIAN_POINT ( 'NONE',  ( 2.846614915774974719, 2.846614915774964505, -1.437499999999999556 ) ) ;
#2185 = AXIS2_PLACEMENT_3D ( 'NONE', #3479, #1099, #2863 ) ;
#2186 = CARTESIAN_POINT ( 'NONE',  ( -6.123233995736780087E-16, -5.000000000000022204, 0.4374999999999985567 ) ) ;
#2187 = CONICAL_SURFACE ( 'NONE', #2799, 5.050799999999994405, 0.3490658503988666728 ) ;
#2188 = CARTESIAN_POINT ( 'NONE',  ( -2.104697761953650215, -5.081189881604809777, -10.20312500000000000 ) ) ;
#2189 = CARTESIAN_POINT ( 'NONE',  ( -1.667508410807434505, 4.025721420742504719, 0.5312500000000004441 ) ) ;
#2190 = CYLINDRICAL_SURFACE ( 'NONE', #3617, 5.000000000000006217 ) ;
#2191 = CARTESIAN_POINT ( 'NONE',  ( -1.584012809998157190, 4.405853446671682327, 2.959015028168837880 ) ) ;
#2192 = CARTESIAN_POINT ( 'NONE',  ( 2.846614915774973831, -2.846614915774984045, -6.312499999999998224 ) ) ;
#2193 = CARTESIAN_POINT ( 'NONE',  ( -2.846614915774974275, 2.846614915774965393, -6.874999999999999112 ) ) ;
#2194 = CARTESIAN_POINT ( 'NONE',  ( 0.000000000000000000, 5.081189881604791125, -0.3593750000000003331 ) ) ;
#2195 = CARTESIAN_POINT ( 'NONE',  ( 1.667508410807433616, -4.025721420742524259, -6.406249999999998224 ) ) ;
#2196 = CARTESIAN_POINT ( 'NONE',  ( -4.930086852171255217E-16, -4.025721420742523371, -1.812499999999998224 ) ) ;
#2197 = FACE_OUTER_BOUND ( 'NONE', #830, .T. ) ;
#2198 = CARTESIAN_POINT ( 'NONE',  ( -2.846614915774974275, 2.846614915774965393, -9.874999999999998224 ) ) ;
#2199 = CARTESIAN_POINT ( 'NONE',  ( 4.112740473580832834, -9.868402405054721250E-15, -13.38725952641916805 ) ) ;
#2200 = CARTESIAN_POINT ( 'NONE',  ( -2.862003739196440577, 3.152613692440228821, 1.797487930028471403 ) ) ;
#2201 = ORIENTED_EDGE ( 'NONE', *, *, #1928, .T. ) ;
#2202 = DIRECTION ( 'NONE',  ( 0.000000000000000000, 0.000000000000000000, -1.000000000000000000 ) ) ;
#2203 = EDGE_CURVE ( 'NONE', #404, #1306, #1703, .T. ) ;
#2204 = CARTESIAN_POINT ( 'NONE',  ( 3.887993188449502480, -2.867294865128399817, 3.369001744901671369 ) ) ;
#2205 = LINE ( 'NONE', #735, #796 ) ;
#2206 = CARTESIAN_POINT ( 'NONE',  ( -5.081189881604800007, -8.801771090332180691E-15, -5.984375000000000000 ) ) ;
#2207 = CARTESIAN_POINT ( 'NONE',  ( -4.384878140994467266, 1.127870848442117380, 2.537825280516654569 ) ) ;
#2208 = CARTESIAN_POINT ( 'NONE',  ( 0.000000000000000000, -9.107298248878237246E-15, 3.860428147091738538 ) ) ;
#2209 = ORIENTED_EDGE ( 'NONE', *, *, #1996, .F. ) ;
#2210 = ORIENTED_EDGE ( 'NONE', *, *, #2968, .F. ) ;
#2211 = CARTESIAN_POINT ( 'NONE',  ( -2.846614915774974275, -2.846614915774983157, -8.187500000000000000 ) ) ;
#2212 = CARTESIAN_POINT ( 'NONE',  ( -4.025721420742514489, -8.866399893941979642E-15, -3.874999999999998224 ) ) ;
#2213 = CARTESIAN_POINT ( 'NONE',  ( -6.222662924367237206E-16, -5.081189881604809777, -1.109374999999999334 ) ) ;
#2214 = CARTESIAN_POINT ( 'NONE',  ( 1.667508410807436947, 4.025721420742503831, -1.343749999999999556 ) ) ;
#2215 = CARTESIAN_POINT ( 'NONE',  ( -3.999999999999998224, -2.309401076758502480, 13.72275660795741281 ) ) ;
#2216 = CARTESIAN_POINT ( 'NONE',  ( 5.000000000000012434, -1.003138933591105784E-14, -11.18750000000000355 ) ) ;
#2217 = CARTESIAN_POINT ( 'NONE',  ( 3.767589265335626880, 2.349468164111868429, -13.06977172622105421 ) ) ;
#2218 = CARTESIAN_POINT ( 'NONE',  ( -5.000000000000031086, 2.071067811865453745, 1.281250000000004441 ) ) ;
#2219 = CARTESIAN_POINT ( 'NONE',  ( 2.104697761953648882, -5.081189881604811553, -2.609374999999998668 ) ) ;
#2220 =( BOUNDED_CURVE ( )  B_SPLINE_CURVE ( 2, ( #1673, #3772, #1639, #1357, #416, #3791, #1082, #433, #2830 ),
 .UNSPECIFIED., .F., .F. ) 
 B_SPLINE_CURVE_WITH_KNOTS ( ( 3, 2, 2, 2, 3 ),
 ( 0.2499999999999999722, 0.2596153846153846367, 0.2692307692307692180, 0.2788461538461539102, 0.2884615384615384914 ),
 .UNSPECIFIED. ) 
 CURVE ( )  GEOMETRIC_REPRESENTATION_ITEM ( )  RATIONAL_B_SPLINE_CURVE ( ( 1.000000000000000222, 0.9238795325112865164, 1.000000000000000000, 0.9238795325112867385, 1.000000000000000000, 0.9238795325112867385, 1.000000000000000000, 0.9238795325112862944, 1.000000000000000444 ) ) 
 REPRESENTATION_ITEM ( '' )  );
#2221 = CARTESIAN_POINT ( 'NONE',  ( 2.846614915774974719, 2.846614915774964505, -13.25000000000000000 ) ) ;
#2222 = EDGE_CURVE ( 'NONE', #1841, #172, #2577, .T. ) ;
#2223 = EDGE_LOOP ( 'NONE', ( #2067, #1245, #698, #1382, #3341, #435, #2275, #3811 ) ) ;
#2224 = CARTESIAN_POINT ( 'NONE',  ( -3.786535358165899812, -2.980314172943277384, 3.333461872214213528 ) ) ;
#2225 = CARTESIAN_POINT ( 'NONE',  ( 2.104697761953648882, -5.081189881604811553, -7.015624999999999112 ) ) ;
#2226 = CARTESIAN_POINT ( 'NONE',  ( -4.999999999999994671, 2.071067811865490160, -6.031250000000004441 ) ) ;
#2227 = PLANE ( 'NONE',  #1376 ) ;
#2228 = ORIENTED_EDGE ( 'NONE', *, *, #864, .T. ) ;
#2229 = CARTESIAN_POINT ( 'NONE',  ( -4.025721420742514489, -1.667508410807443164, -11.28125000000000000 ) ) ;
#2230 = CARTESIAN_POINT ( 'NONE',  ( 5.000000000000012434, -1.003138933591105784E-14, 3.625000000000004885 ) ) ;
#2231 = CARTESIAN_POINT ( 'NONE',  ( -2.846614915774974275, -2.846614915774983157, -0.6874999999999988898 ) ) ;
#2232 = CARTESIAN_POINT ( 'NONE',  ( -2.846614915774974275, 2.846614915774965393, 0.6250000000000005551 ) ) ;
#2233 = CARTESIAN_POINT ( 'NONE',  ( -1.667508410807434727, -4.025721420742523371, -3.406249999999999556 ) ) ;
#2234 = ORIENTED_EDGE ( 'NONE', *, *, #3312, .T. ) ;
#2235 = CARTESIAN_POINT ( 'NONE',  ( 3.999999999999998224, 2.309401076758503368, 8.999999999999998224 ) ) ;
#2236 = DIRECTION ( 'NONE',  ( -0.000000000000000000, -0.000000000000000000, -1.000000000000000000 ) ) ;
#2237 =( BOUNDED_CURVE ( )  B_SPLINE_CURVE ( 2, ( #2650, #788, #3558, #239, #2320, #3849, #2015 ),
 .UNSPECIFIED., .F., .F. ) 
 B_SPLINE_CURVE_WITH_KNOTS ( ( 3, 2, 2, 3 ),
 ( 0.8269230769230769829, 0.8365384615384616751, 0.8461538461538461453, 0.8557692307692308376 ),
 .UNSPECIFIED. ) 
 CURVE ( )  GEOMETRIC_REPRESENTATION_ITEM ( )  RATIONAL_B_SPLINE_CURVE ( ( 0.9999999999999991118, 0.9238795325112876267, 1.000000000000000000, 0.9238795325112867385, 1.000000000000000000, 0.9238795325112867385, 1.000000000000000000 ) ) 
 REPRESENTATION_ITEM ( '' )  );
#2238 = CARTESIAN_POINT ( 'NONE',  ( 5.081189881604800007, -2.104697761953661761, -5.328125000000000000 ) ) ;
#2239 = VECTOR ( 'NONE', #422, 1000.000000000000000 ) ;
#2240 = CARTESIAN_POINT ( 'NONE',  ( -3.535533905932746190, -3.535533905932755072, -1.437499999999996003 ) ) ;
#2241 = CARTESIAN_POINT ( 'NONE',  ( -2.675981248387783840, 3.073823659413926102, 13.39933838643353781 ) ) ;
#2242 = AXIS2_PLACEMENT_3D ( 'NONE', #2565, #3757, #3458 ) ;
#2243 = CARTESIAN_POINT ( 'NONE',  ( -2.846614915774974275, -2.846614915774983157, -8.000000000000000000 ) ) ;
#2244 = CARTESIAN_POINT ( 'NONE',  ( -4.025721420742514489, -1.667508410807443164, -8.281249999999998224 ) ) ;
#2245 = CARTESIAN_POINT ( 'NONE',  ( -3.592943821779224667, -3.592943821779233549, 1.703125000000001554 ) ) ;
#2246 = CARTESIAN_POINT ( 'NONE',  ( -1.667508410807434949, -4.025721420742524259, -3.593749999999999556 ) ) ;
#2247 = CARTESIAN_POINT ( 'NONE',  ( 1.667508410807436947, 4.025721420742503831, 0.3437500000000020539 ) ) ;
#2248 = CARTESIAN_POINT ( 'NONE',  ( 2.743673865700722025, 4.179982502196737393, 3.860428147091758078 ) ) ;
#2249 = CARTESIAN_POINT ( 'NONE',  ( 3.481848712358473374, 2.874044666681223159, -12.99493660053778221 ) ) ;
#2250 = ORIENTED_EDGE ( 'NONE', *, *, #1426, .F. ) ;
#2251 = CARTESIAN_POINT ( 'NONE',  ( 5.000000000000012434, 2.071067811865472841, 0.7187500000000042188 ) ) ;
#2252 = CARTESIAN_POINT ( 'NONE',  ( 5.081189881604800007, -2.104697761953661761, -2.421874999999998224 ) ) ;
#2253 = CARTESIAN_POINT ( 'NONE',  ( -4.025721420742513601, 1.667508410807425623, 0.5312500000000004441 ) ) ;
#2254 = EDGE_CURVE ( 'NONE', #383, #42, #56, .T. ) ;
#2255 = ORIENTED_EDGE ( 'NONE', *, *, #2517, .T. ) ;
#2256 = DIRECTION ( 'NONE',  ( -0.000000000000000000, -0.000000000000000000, -1.000000000000000000 ) ) ;
#2257 = CARTESIAN_POINT ( 'NONE',  ( 5.081189881604800007, -2.104697761953661761, -6.828124999999999112 ) ) ;
#2258 = CARTESIAN_POINT ( 'NONE',  ( -4.025721420742513601, 1.667508410807425623, -12.96875000000000178 ) ) ;
#2259 = CARTESIAN_POINT ( 'NONE',  ( -4.308857973319892842, -8.849062780300203935E-15, 1.961531035152029645 ) ) ;
#2260 = FACE_BOUND ( 'NONE', #2044, .T. ) ;
#2261 = ORIENTED_EDGE ( 'NONE', *, *, #547, .F. ) ;
#2262 = CARTESIAN_POINT ( 'NONE',  ( 4.025721420742513601, -1.667508410807445607, -9.218750000000000000 ) ) ;
#2263 = CARTESIAN_POINT ( 'NONE',  ( 3.592943821779224667, -3.592943821779234881, 3.578124999999999556 ) ) ;
#2264 = CARTESIAN_POINT ( 'NONE',  ( -1.667508410807434949, -4.025721420742524259, 3.906250000000000000 ) ) ;
#2265 = CARTESIAN_POINT ( 'NONE',  ( 4.025721420742512713, -1.667508410807445607, -3.218749999999999556 ) ) ;
#2266 = EDGE_CURVE ( 'NONE', #291, #1299, #2646, .T. ) ;
#2267 = CARTESIAN_POINT ( 'NONE',  ( 2.846614915774973831, -2.846614915774984045, 1.375000000000001332 ) ) ;
#2268 = CYLINDRICAL_SURFACE ( 'NONE', #1301, 5.000000000000006217 ) ;
#2269 = CARTESIAN_POINT ( 'NONE',  ( 1.667508410807433616, -4.025721420742524259, -4.718749999999999112 ) ) ;
#2270 = CARTESIAN_POINT ( 'NONE',  ( 0.000000000000000000, 5.000000000000002665, -9.312500000000001776 ) ) ;
#2271 = CARTESIAN_POINT ( 'NONE',  ( 0.000000000000000000, 0.000000000000000000, 13.99999999999999822 ) ) ;
#2272 = CARTESIAN_POINT ( 'NONE',  ( 3.592943821779225555, 3.592943821779214897, -2.140624999999998224 ) ) ;
#2273 = CARTESIAN_POINT ( 'NONE',  ( -2.846614915774974275, -2.846614915774983157, 0.8125000000000006661 ) ) ;
#2274 = CARTESIAN_POINT ( 'NONE',  ( -4.025721420742514489, -8.866399893941979642E-15, 0.8125000000000006661 ) ) ;
#2275 = ORIENTED_EDGE ( 'NONE', *, *, #3028, .T. ) ;
#2276 = CARTESIAN_POINT ( 'NONE',  ( -4.025721420742513601, -1.667508410807443386, -9.593749999999996447 ) ) ;
#2277 = CARTESIAN_POINT ( 'NONE',  ( 5.000000000000012434, -1.003138933591105784E-14, 2.312500000000000444 ) ) ;
#2278 = CARTESIAN_POINT ( 'NONE',  ( -5.081189881604800007, -8.801771090332180691E-15, -4.484374999999999112 ) ) ;
#2279 = CARTESIAN_POINT ( 'NONE',  ( -1.547213264866053706, 4.141981573975665576, 2.245850627474522909 ) ) ;
#2280 = CARTESIAN_POINT ( 'NONE',  ( 5.081189881604800007, 2.104697761953641777, -12.73437500000000178 ) ) ;
#2281 = CARTESIAN_POINT ( 'NONE',  ( -4.025721420742514489, -1.667508410807443164, -3.781249999999997780 ) ) ;
#2282 = CARTESIAN_POINT ( 'NONE',  ( 4.025721420742512713, -1.667508410807445607, -13.53124999999999822 ) ) ;
#2283 = CARTESIAN_POINT ( 'NONE',  ( 1.667508410807436947, 4.025721420742503831, 3.156250000000002665 ) ) ;
#2284 = CARTESIAN_POINT ( 'NONE',  ( 0.000000000000000000, 4.025721420742504719, -2.749999999999999112 ) ) ;
#2285 = CARTESIAN_POINT ( 'NONE',  ( 1.667508410807433616, -4.025721420742524259, 1.281250000000000888 ) ) ;
#2286 = CARTESIAN_POINT ( 'NONE',  ( 3.535533905932745746, -3.535533905932756404, -5.562499999999996447 ) ) ;
#2287 = CARTESIAN_POINT ( 'NONE',  ( 5.000000000000012434, -1.003138933591105784E-14, 0.8124999999999988898 ) ) ;
#2288 = EDGE_LOOP ( 'NONE', ( #710, #839, #3856, #1297 ) ) ;
#2289 = CARTESIAN_POINT ( 'NONE',  ( 1.316032391661069445, -3.858990497929218222, 13.36599243599574116 ) ) ;
#2290 = CARTESIAN_POINT ( 'NONE',  ( -4.025721420742513601, -1.667508410807443386, -0.7812499999999990008 ) ) ;
#2291 = B_SPLINE_CURVE_WITH_KNOTS ( 'NONE', 3,
 ( #3157, #1692, #3831, #571, #841, #2080, #1158, #2924, #1113, #1135, #1796, #1713, #3261, #1487, #3498, #2669, #552, #1774 ),
 .UNSPECIFIED., .F., .F.,
 ( 4, 2, 2, 2, 2, 2, 2, 2, 4 ),
 ( 0.03335837214692118774, 0.03417200597739221413, 0.03498563980786324745, 0.03579927363833427384, 0.03661290746880530023, 0.03742654129927633355, 0.03824017512974735994, 0.03905380896021839326, 0.03986744279068941965 ),
 .UNSPECIFIED. ) ;
#2292 = CARTESIAN_POINT ( 'NONE',  ( -4.025721420742513601, 1.667508410807425623, -8.281249999999998224 ) ) ;
#2293 = CARTESIAN_POINT ( 'NONE',  ( 5.000000000000006217, -2.857123552379936476E-15, -13.99999999999999822 ) ) ;
#2294 = CARTESIAN_POINT ( 'NONE',  ( 3.062544557468807493, -3.865550137290804322, 3.643963237852732462 ) ) ;
#2295 = CARTESIAN_POINT ( 'NONE',  ( 2.846614915774974719, 2.846614915774964505, 3.250000000000002665 ) ) ;
#2296 = CARTESIAN_POINT ( 'NONE',  ( -1.667508410807434949, -4.025721420742524259, -14.09375000000000178 ) ) ;
#2297 = DIRECTION ( 'NONE',  ( -0.000000000000000000, 0.000000000000000000, -1.000000000000000000 ) ) ;
#2298 = ORIENTED_EDGE ( 'NONE', *, *, #763, .F. ) ;
#2299 = CARTESIAN_POINT ( 'NONE',  ( 4.025721420742513601, -1.667508410807445607, -3.218749999999999556 ) ) ;
#2300 = AXIS2_PLACEMENT_3D ( 'NONE', #270, #3238, #236 ) ;
#2301 = CARTESIAN_POINT ( 'NONE',  ( 2.846614915774974719, 2.846614915774964505, -13.25000000000000000 ) ) ;
#2302 = CARTESIAN_POINT ( 'NONE',  ( -4.025721420742514489, -8.866399893941979642E-15, 3.624999999999999556 ) ) ;
#2303 = DIRECTION ( 'NONE',  ( -1.000000000000000000, 0.000000000000000000, 0.000000000000000000 ) ) ;
#2304 = AXIS2_PLACEMENT_3D ( 'NONE', #3183, #499, #207 ) ;
#2305 = CARTESIAN_POINT ( 'NONE',  ( 0.000000000000000000, -3.469446951953614189E-15, -13.99999999999999822 ) ) ;
#2306 = LINE ( 'NONE', #2879, #1557 ) ;
#2307 = CIRCLE ( 'NONE', #3423, 7.500000000000000000 ) ;
#2308 = CARTESIAN_POINT ( 'NONE',  ( -5.000000000000012434, -8.806742536763703202E-15, -3.124999999999996003 ) ) ;
#2309 = CARTESIAN_POINT ( 'NONE',  ( 4.891514123002895786, -1.001146080360847878E-14, 3.562365649712447180 ) ) ;
#2310 = CARTESIAN_POINT ( 'NONE',  ( -4.025721420742513601, 1.667508410807425623, -9.781249999999998224 ) ) ;
#2311 = DIRECTION ( 'NONE',  ( -0.7071067811865484609, 8.659560562354943952E-17, 0.7071067811865465735 ) ) ;
#2312 = CARTESIAN_POINT ( 'NONE',  ( 4.981221434767016731, -0.3195634704640237245, 3.808834463144341598 ) ) ;
#2313 = CARTESIAN_POINT ( 'NONE',  ( -2.846614915774974275, 2.846614915774965393, -14.56249999999999822 ) ) ;
#2314 = CARTESIAN_POINT ( 'NONE',  ( -5.081189881604800007, -2.104697761953658652, -11.98437500000000178 ) ) ;
#2315 = CARTESIAN_POINT ( 'NONE',  ( -4.025721420742514489, 1.667508410807425623, -3.968749999999998224 ) ) ;
#2316 = CARTESIAN_POINT ( 'NONE',  ( -4.025721420742513601, -1.667508410807443386, -3.781249999999997780 ) ) ;
#2317 = CARTESIAN_POINT ( 'NONE',  ( 2.846614915774973831, -2.846614915774984045, 2.687500000000002220 ) ) ;
#2318 = FACE_OUTER_BOUND ( 'NONE', #3302, .T. ) ;
#2319 = CARTESIAN_POINT ( 'NONE',  ( 2.104697761953648882, -5.081189881604811553, 3.390625000000003109 ) ) ;
#2320 = CARTESIAN_POINT ( 'NONE',  ( 0.000000000000000000, 5.000000000000002665, -12.31250000000000000 ) ) ;
#2321 = CARTESIAN_POINT ( 'NONE',  ( 3.535533905932747079, 3.535533905932736420, -12.50000000000000000 ) ) ;
#2322 = CARTESIAN_POINT ( 'NONE',  ( 3.535533905932747079, 3.535533905932736420, -9.500000000000001776 ) ) ;
#2323 = VERTEX_POINT ( 'NONE', #3527 ) ;
#2324 = EDGE_CURVE ( 'NONE', #2643, #2721, #1839, .T. ) ;
#2325 = VERTEX_POINT ( 'NONE', #1723 ) ;
#2326 = CARTESIAN_POINT ( 'NONE',  ( -1.667508410807434949, -4.025721420742524259, -9.406249999999998224 ) ) ;
#2327 = CARTESIAN_POINT ( 'NONE',  ( 0.000000000000000000, -3.469446951953614189E-15, -13.99999999999999822 ) ) ;
#2328 = CARTESIAN_POINT ( 'NONE',  ( 3.309160386328383385, -3.662375448270512202, 3.656347729407671832 ) ) ;
#2329 = CARTESIAN_POINT ( 'NONE',  ( -5.050799999999994405, -9.107298248878237246E-15, 4.000000000000000000 ) ) ;
#2330 = CARTESIAN_POINT ( 'NONE',  ( 0.000000000000000000, 4.025721420742504719, -13.25000000000000000 ) ) ;
#2331 = EDGE_CURVE ( 'NONE', #3645, #123, #835, .T. ) ;
#2332 = CARTESIAN_POINT ( 'NONE',  ( 4.005266385422347142, 1.412885509323200672, 1.765383143432640800 ) ) ;
#2333 = CARTESIAN_POINT ( 'NONE',  ( -4.930086852171255217E-16, -4.025721420742523371, -7.812499999999999112 ) ) ;
#2334 = CARTESIAN_POINT ( 'NONE',  ( -1.667508410807434061, 4.025721420742504719, -2.656249999999999112 ) ) ;
#2335 = CARTESIAN_POINT ( 'NONE',  ( -4.025721420742513601, -1.667508410807443386, -12.59375000000000000 ) ) ;
#2336 = CARTESIAN_POINT ( 'NONE',  ( -4.930086852171255217E-16, -4.025721420742523371, 4.000000000000000000 ) ) ;
#2337 = DIRECTION ( 'NONE',  ( -1.000000000000000000, 0.000000000000000000, 0.000000000000000000 ) ) ;
#2338 = EDGE_LOOP ( 'NONE', ( #2813, #3523, #2946, #2255 ) ) ;
#2339 = CARTESIAN_POINT ( 'NONE',  ( 5.000000000000006217, -2.857123552379936476E-15, -13.99999999999999822 ) ) ;
#2340 = CARTESIAN_POINT ( 'NONE',  ( -2.071067811865481278, -5.000000000000022204, -5.843749999999996447 ) ) ;
#2341 = CARTESIAN_POINT ( 'NONE',  ( -4.001346236374436316, 1.706958466181123013, -13.15540826854724621 ) ) ;
#2342 = VERTEX_POINT ( 'NONE', #282 ) ;
#2343 = CARTESIAN_POINT ( 'NONE',  ( 0.6531234336233190385, -4.241721163300527841, 13.50504879674873315 ) ) ;
#2344 = CARTESIAN_POINT ( 'NONE',  ( 4.025721420742513601, -1.667508410807445607, -12.03124999999999822 ) ) ;
#2345 = CARTESIAN_POINT ( 'NONE',  ( 4.025721420742514489, -9.852417264376230094E-15, -10.43749999999999822 ) ) ;
#2346 = CARTESIAN_POINT ( 'NONE',  ( 1.667508410807433616, -4.025721420742524259, -1.718749999999998002 ) ) ;
#2347 = DIRECTION ( 'NONE',  ( -1.000000000000000000, 0.000000000000000000, 0.000000000000000000 ) ) ;
#2348 = EDGE_CURVE ( 'NONE', #723, #1908, #1953, .T. ) ;
#2349 = CARTESIAN_POINT ( 'NONE',  ( -6.222662924367237206E-16, -5.081189881604809777, -14.60937499999999822 ) ) ;
#2350 = CARTESIAN_POINT ( 'NONE',  ( 4.471620015245465929, -2.154164797460499603, 3.731962824512874644 ) ) ;
#2351 = CARTESIAN_POINT ( 'NONE',  ( -2.846614915774974275, 2.846614915774965393, -13.06250000000000000 ) ) ;
#2352 = CARTESIAN_POINT ( 'NONE',  ( 0.000000000000000000, -3.469446951953614189E-15, 4.500000000000000888 ) ) ;
#2353 = CARTESIAN_POINT ( 'NONE',  ( -5.081189881604800007, 2.104697761953640445, 4.328125000000000888 ) ) ;
#2354 = CARTESIAN_POINT ( 'NONE',  ( 4.025721420742513601, 1.667508410807426067, -3.031249999999999112 ) ) ;
#2355 = CARTESIAN_POINT ( 'NONE',  ( -4.025721420742513601, -1.667508410807443386, -2.093749999999998668 ) ) ;
#2356 = CARTESIAN_POINT ( 'NONE',  ( 2.071067811865483943, 5.000000000000000888, -10.90625000000000178 ) ) ;
#2357 = CARTESIAN_POINT ( 'NONE',  ( 5.081189881604800007, -2.104697761953661761, 0.5781250000000022204 ) ) ;
#2358 = CARTESIAN_POINT ( 'NONE',  ( -2.071067811865480390, 5.000000000000003553, -3.218750000000001332 ) ) ;
#2359 = CARTESIAN_POINT ( 'NONE',  ( -6.123233995736780087E-16, -5.000000000000022204, -5.562500000000001776 ) ) ;
#2360 = CARTESIAN_POINT ( 'NONE',  ( 4.025721420742512713, 1.667508410807426289, -6.031249999999998224 ) ) ;
#2361 =( BOUNDED_CURVE ( )  B_SPLINE_CURVE ( 2, ( #3206, #22, #3518, #2906, #2366, #556, #2991, #1494, #3503, #1121, #2638, #3837, #2084, #2046, #518, #1777, #1143, #2344, #1733, #1801, #1514, #3854, #1163, #3265, #224, #274, #2617, #3815, #2678, #3226, #3539, #3580, #1185, #889, #2101, #3283, #589, #992, #3621, #1903, #2198, #935, #2403, #908, #3339, #2440, #2177, #2141, #685, #3083, #3355, #1553, #1616, #1229, #1274, #3641, #668, #2121, #2794, #1203, #3008, #93, #650, #2735, #2457, #611, #1843, #316, #1533, #630, #3030, #3065, #376, #1596, #61, #1254, #957, #2161, #3047, #1939, #1079, #166, #2562, #1395, #1354, #2536, #3732, #705, #3434, #3454, #746, #3754, #1046, #1314, #3121, #2269, #3159, #470, #189, #3477, #2580, #1976, #790, #2017, #3179, #1655, #3098, #496, #2498, #2233, #1011, #1028, #3393, #413, #1635, #1960, #1334, #131, #2515, #3715, #3413, #2653, #1798, #2674, #700, #2824, #3750, #3192, #1786, #1421, #777, #1070, #2099, #3222, #3243, #3281, #3370, #3768, #2768, #1541, #290, #950, #1196, #2152, #641, #3290, #2722, #797, #2908, #3227, #3540, #847, #3246, #1064, #2274, #340, #295, #2772, #2492 ),
 .UNSPECIFIED., .F., .F. ) 
 B_SPLINE_CURVE_WITH_KNOTS ( ( 3, 2, 2, 2, 2, 2, 2, 2, 2, 2, 2, 2, 2, 2, 2, 2, 2, 2, 2, 2, 2, 2, 2, 2, 2, 2, 2, 2, 2, 2, 2, 2, 2, 2, 2, 2, 2, 2, 2, 2, 2, 2, 2, 2, 2, 2, 2, 2, 2, 2, 2, 2, 2, 2, 2, 2, 2, 2, 2, 2, 2, 2, 2, 2, 2, 2, 2, 2, 2, 2, 2, 2, 2, 2, 2, 2, 2, 2, 2, 3 ),
 ( 0.05573409113658804592, 0.05769230769230769551, 0.06730769230769230449, 0.07692307692307692735, 0.08653846153846153633, 0.09615384615384615918, 0.1057692307692307682, 0.1153846153846153910, 0.1250000000000000000, 0.1346153846153846090, 0.1442307692307692180, 0.1538461538461538547, 0.1634615384615384637, 0.1730769230769230727, 0.1826923076923077094, 0.1923076923076923461, 0.2019230769230769273, 0.2115384615384615641, 0.2211538461538461453, 0.2307692307692307820, 0.2403846153846154188, 0.2500000000000000000, 0.2596153846153846367, 0.2692307692307692180, 0.2788461538461538547, 0.2884615384615384359, 0.2980769230769230727, 0.3076923076923077094, 0.3173076923076922906, 0.3269230769230769273, 0.3365384615384615641, 0.3461538461538461453, 0.3557692307692307820, 0.3653846153846153633, 0.3750000000000000000, 0.3846153846153846367, 0.3942307692307692180, 0.4038461538461538547, 0.4134615384615384359, 0.4230769230769230727, 0.4326923076923077094, 0.4423076923076922906, 0.4519230769230769273, 0.4615384615384615641, 0.4711538461538461453, 0.4807692307692307820, 0.4903846153846153633, 0.5000000000000000000, 0.5096153846153845812, 0.5192307692307692735, 0.5288461538461538547, 0.5384615384615384359, 0.5480769230769231282, 0.5576923076923077094, 0.5673076923076922906, 0.5769230769230768718, 0.5865384615384615641, 0.5961538461538461453, 0.6057692307692307265, 0.6153846153846154188, 0.6250000000000000000, 0.6346153846153845812, 0.6442307692307692735, 0.6538461538461538547, 0.6634615384615384359, 0.6730769230769231282, 0.6826923076923077094, 0.6923076923076922906, 0.7019230769230768718, 0.7115384615384615641, 0.7211538461538460343, 0.7307692307692307265, 0.7403846153846154188, 0.7500000000000000000, 0.7596153846153846922, 0.7692307692307693845, 0.7788461538461538547, 0.7884615384615384359, 0.7980769230769231282, 0.8074780333878343042 ),
 .UNSPECIFIED. ) 
 CURVE ( )  GEOMETRIC_REPRESENTATION_ITEM ( )  RATIONAL_B_SPLINE_CURVE ( ( 0.9753096629729520739, 0.9844977225947861843, 1.000000000000000000, 0.9238795325112867385, 1.000000000000000000, 0.9238795325112867385, 1.000000000000000000, 0.9238795325112867385, 1.000000000000000000, 0.9238795325112867385, 1.000000000000000000, 0.9238795325112867385, 1.000000000000000000, 0.9238795325112867385, 1.000000000000000000, 0.9238795325112867385, 1.000000000000000000, 0.9238795325112867385, 1.000000000000000000, 0.9238795325112867385, 1.000000000000000000, 0.9238795325112867385, 1.000000000000000000, 0.9238795325112867385, 1.000000000000000000, 0.9238795325112867385, 1.000000000000000000, 0.9238795325112867385, 1.000000000000000000, 0.9238795325112867385, 1.000000000000000000, 0.9238795325112867385, 1.000000000000000000, 0.9238795325112867385, 1.000000000000000000, 0.9238795325112867385, 1.000000000000000000, 0.9238795325112867385, 1.000000000000000000, 0.9238795325112867385, 1.000000000000000000, 0.9238795325112867385, 1.000000000000000000, 0.9238795325112867385, 1.000000000000000000, 0.9238795325112867385, 1.000000000000000000, 0.9238795325112867385, 1.000000000000000000, 0.9238795325112867385, 1.000000000000000000, 0.9238795325112867385, 1.000000000000000000, 0.9238795325112867385, 1.000000000000000000, 0.9238795325112867385, 1.000000000000000000, 0.9238795325112867385, 1.000000000000000000, 0.9238795325112867385, 1.000000000000000000, 0.9238795325112867385, 1.000000000000000000, 0.9238795325112867385, 1.000000000000000000, 0.9238795325112867385, 1.000000000000000000, 0.9238795325112867385, 1.000000000000000000, 0.9238795325112867385, 1.000000000000000000, 0.9238795325112867385, 1.000000000000000000, 0.9238795325112867385, 1.000000000000000000, 0.9238795325112867385, 1.000000000000000000, 0.9238795325112867385, 1.000000000000000000, 0.9238795325112867385, 1.000000000000000000, 0.9238795325112867385, 1.000000000000000000, 0.9238795325112867385, 1.000000000000000000, 0.9238795325112867385, 1.000000000000000000, 0.9238795325112867385, 1.000000000000000000, 0.9238795325112867385, 1.000000000000000000, 0.9238795325112867385, 1.000000000000000000, 0.9238795325112867385, 1.000000000000000000, 0.9238795325112867385, 1.000000000000000000, 0.9238795325112867385, 1.000000000000000000, 0.9238795325112867385, 1.000000000000000000, 0.9238795325112867385, 1.000000000000000000, 0.9238795325112867385, 1.000000000000000000, 0.9238795325112867385, 1.000000000000000000, 0.9238795325112867385, 1.000000000000000000, 0.9238795325112867385, 1.000000000000000000, 0.9238795325112867385, 1.000000000000000000, 0.9238795325112867385, 1.000000000000000000, 0.9238795325112867385, 1.000000000000000000, 0.9238795325112867385, 1.000000000000000000, 0.9238795325112867385, 1.000000000000000000, 0.9238795325112867385, 1.000000000000000000, 0.9238795325112867385, 1.000000000000000000, 0.9238795325112867385, 1.000000000000000000, 0.9238795325112867385, 1.000000000000000000, 0.9238795325112867385, 1.000000000000000000, 0.9238795325112867385, 1.000000000000000000, 0.9238795325112867385, 1.000000000000000000, 0.9238795325112867385, 1.000000000000000000, 0.9238795325112867385, 1.000000000000000000, 0.9238795325112867385, 1.000000000000000000, 0.9238795325112867385, 1.000000000000000000, 0.9238795325112867385, 1.000000000000000000, 0.9238795325112867385, 1.000000000000000000, 0.9238795325112867385, 1.000000000000000000, 0.9238795325112867385, 1.000000000000000000, 0.9238795325112867385, 1.000000000000000000, 0.9238795325112867385, 1.000000000000000000, 0.9238795325112867385, 1.000000000000000000, 0.9255758411749295256, 0.9966829855474018673 ) ) 
 REPRESENTATION_ITEM ( '' )  );
#2362 = AXIS2_PLACEMENT_3D ( 'NONE', #1776, #2947, #3259 ) ;
#2363 = ORIENTED_EDGE ( 'NONE', *, *, #3329, .F. ) ;
#2364 = VECTOR ( 'NONE', #400, 1000.000000000000000 ) ;
#2365 = EDGE_LOOP ( 'NONE', ( #1279, #3871, #3707, #3359 ) ) ;
#2366 = CARTESIAN_POINT ( 'NONE',  ( 2.846614915774974719, 2.846614915774964505, -13.25000000000000000 ) ) ;
#2367 = ORIENTED_EDGE ( 'NONE', *, *, #2324, .T. ) ;
#2368 = CARTESIAN_POINT ( 'NONE',  ( -4.025721420742514489, -8.866399893941979642E-15, 0.6250000000000005551 ) ) ;
#2369 = CARTESIAN_POINT ( 'NONE',  ( -2.846614915774974275, 2.846614915774965393, -0.8749999999999990008 ) ) ;
#2370 = CARTESIAN_POINT ( 'NONE',  ( -4.313428650045318946, -0.2893109462932240694, 1.974088866246776375 ) ) ;
#2371 = ORIENTED_EDGE ( 'NONE', *, *, #2635, .T. ) ;
#2372 = CARTESIAN_POINT ( 'NONE',  ( 0.000000000000000000, -3.469446951953614189E-15, -13.99999999999999822 ) ) ;
#2373 = CARTESIAN_POINT ( 'NONE',  ( 5.000000000000006217, -2.857123552379936476E-15, -13.99999999999999822 ) ) ;
#2374 = CARTESIAN_POINT ( 'NONE',  ( 0.000000000000000000, 4.025721420742504719, -13.25000000000000000 ) ) ;
#2375 = CARTESIAN_POINT ( 'NONE',  ( -3.999999999999999112, -0.7777712736365873791, 13.39900116077126135 ) ) ;
#2376 = CARTESIAN_POINT ( 'NONE',  ( -3.999999999999998224, 2.309401076758501148, 13.72275660795741281 ) ) ;
#2377 = CARTESIAN_POINT ( 'NONE',  ( -4.025721420742513601, 1.667508410807425623, -2.281249999999998668 ) ) ;
#2378 = DIRECTION ( 'NONE',  ( -1.000000000000000000, 0.000000000000000000, 0.000000000000000000 ) ) ;
#2379 = CARTESIAN_POINT ( 'NONE',  ( 1.667508410807433616, -4.025721420742524259, -12.21875000000000178 ) ) ;
#2380 = CARTESIAN_POINT ( 'NONE',  ( -6.222662924367237206E-16, -5.081189881604809777, -7.203124999999998224 ) ) ;
#2381 = CARTESIAN_POINT ( 'NONE',  ( 2.846614915774974719, 2.846614915774964505, -13.43750000000000000 ) ) ;
#2382 = CARTESIAN_POINT ( 'NONE',  ( 7.500000000000000000, -2.520345682614415213E-15, 13.99999999999999822 ) ) ;
#2383 = CARTESIAN_POINT ( 'NONE',  ( 4.025721420742512713, 1.667508410807426289, -7.531249999999999112 ) ) ;
#2384 = ADVANCED_FACE ( 'NONE', ( #2936 ), #107, .T. ) ;
#2385 =( BOUNDED_CURVE ( )  B_SPLINE_CURVE ( 2, ( #2456, #1634, #3433, #1045, #1333, #1273, #3353, #1654, #1595 ),
 .UNSPECIFIED., .F., .T. ) 
 B_SPLINE_CURVE_WITH_KNOTS ( ( 3, 2, 2, 2, 3 ),
 ( 0.1730769230769230449, 0.1826923076923076539, 0.1923076923076923184, 0.2019230769230769273, 0.2115384615384615641 ),
 .UNSPECIFIED. ) 
 CURVE ( )  GEOMETRIC_REPRESENTATION_ITEM ( )  RATIONAL_B_SPLINE_CURVE ( ( 1.000000000000000222, 0.9238795325112865164, 1.000000000000000000, 0.9238795325112867385, 1.000000000000000000, 0.9238795325112867385, 1.000000000000000000, 0.9238795325112865164, 1.000000000000000222 ) ) 
 REPRESENTATION_ITEM ( '' )  );
#2386 = EDGE_LOOP ( 'NONE', ( #2167, #2490, #3740, #2911 ) ) ;
#2387 = CARTESIAN_POINT ( 'NONE',  ( 4.025721420742514489, -9.852417264376230094E-15, 2.875000000000002665 ) ) ;
#2388 = CARTESIAN_POINT ( 'NONE',  ( 1.667508410807436947, 4.025721420742503831, -5.656249999999997335 ) ) ;
#2389 = CYLINDRICAL_SURFACE ( 'NONE', #2178, 1.000000000000000000 ) ;
#2390 =( BOUNDED_CURVE ( )  B_SPLINE_CURVE ( 2, ( #8, #3631, #1566, #1193, #2706, #1831, #637, #920, #30 ),
 .UNSPECIFIED., .F., .F. ) 
 B_SPLINE_CURVE_WITH_KNOTS ( ( 3, 2, 2, 2, 3 ),
 ( 0.6730769230769231282, 0.6826923076923077094, 0.6923076923076922906, 0.7019230769230768718, 0.7115384615384615641 ),
 .UNSPECIFIED. ) 
 CURVE ( )  GEOMETRIC_REPRESENTATION_ITEM ( )  RATIONAL_B_SPLINE_CURVE ( ( 1.000000000000000000, 0.9238795325112867385, 1.000000000000000000, 0.9238795325112867385, 1.000000000000000000, 0.9238795325112867385, 1.000000000000000000, 0.9238795325112867385, 1.000000000000000000 ) ) 
 REPRESENTATION_ITEM ( '' )  );
#2391 = CARTESIAN_POINT ( 'NONE',  ( 1.667508410807433616, -4.025721420742524259, -12.40624999999999822 ) ) ;
#2392 = CARTESIAN_POINT ( 'NONE',  ( -5.000000000000012434, -8.806742536763703202E-15, 2.875000000000004441 ) ) ;
#2393 = CARTESIAN_POINT ( 'NONE',  ( -1.667508410807434061, 4.025721420742504719, 0.3437500000000003331 ) ) ;
#2394 = CARTESIAN_POINT ( 'NONE',  ( -2.846614915774974275, -2.846614915774983157, -4.999999999999999112 ) ) ;
#2395 = CARTESIAN_POINT ( 'NONE',  ( 2.104697761953648882, -5.081189881604811553, -7.109374999999998224 ) ) ;
#2396 = CARTESIAN_POINT ( 'NONE',  ( 3.683747538892647722, -3.054446276446252551, -12.72421419111471508 ) ) ;
#2397 = CARTESIAN_POINT ( 'NONE',  ( -5.000000000000031086, -2.071067811865471509, -5.843750000000003553 ) ) ;
#2398 = CARTESIAN_POINT ( 'NONE',  ( 4.025721420742512713, -1.667508410807445607, -6.218749999999998224 ) ) ;
#2399 = DIRECTION ( 'NONE',  ( 0.8660254037844387076, -0.4999999999999999445, 0.000000000000000000 ) ) ;
#2400 = ADVANCED_FACE ( 'NONE', ( #491 ), #2878, .T. ) ;
#2401 = ORIENTED_EDGE ( 'NONE', *, *, #836, .T. ) ;
#2402 = CARTESIAN_POINT ( 'NONE',  ( 2.071067811865479502, -5.000000000000023093, -2.468750000000000444 ) ) ;
#2403 = CARTESIAN_POINT ( 'NONE',  ( -4.025721420742514489, -8.866399893941979642E-15, -9.687499999999998224 ) ) ;
#2404 = CARTESIAN_POINT ( 'NONE',  ( 2.846614915774973831, -2.846614915774984045, 1.187500000000001110 ) ) ;
#2405 = CARTESIAN_POINT ( 'NONE',  ( 2.846614915774974719, 2.846614915774964505, -2.749999999999999112 ) ) ;
#2406 = CARTESIAN_POINT ( 'NONE',  ( -3.429035101765586901, -2.703531980241839161, 2.094096755703453105 ) ) ;
#2407 = VERTEX_POINT ( 'NONE', #2028 ) ;
#2408 = DIRECTION ( 'NONE',  ( -1.000000000000000000, 0.000000000000000000, 0.000000000000000000 ) ) ;
#2409 = CARTESIAN_POINT ( 'NONE',  ( 1.667508410807433616, -4.025721420742524259, -9.406249999999998224 ) ) ;
#2410 = CARTESIAN_POINT ( 'NONE',  ( 5.050799999999994405, -9.725842854191581423E-15, 4.000000000000000000 ) ) ;
#2411 = CARTESIAN_POINT ( 'NONE',  ( 3.999999999999998224, -3.234724141858758908E-24, 13.36549101804925144 ) ) ;
#2412 = CARTESIAN_POINT ( 'NONE',  ( 1.667508410807433616, -4.025721420742524259, -3.218749999999999556 ) ) ;
#2413 = DIRECTION ( 'NONE',  ( -0.000000000000000000, -0.000000000000000000, -1.000000000000000000 ) ) ;
#2414 = EDGE_LOOP ( 'NONE', ( #2538, #3263, #155, #3267, #3574 ) ) ;
#2415 = CARTESIAN_POINT ( 'NONE',  ( -0.1147740478099155970, -4.648302099150615874, -12.86025014365440278 ) ) ;
#2416 = CARTESIAN_POINT ( 'NONE',  ( -2.104697761953650215, -5.081189881604809777, -4.296874999999998224 ) ) ;
#2417 = CARTESIAN_POINT ( 'NONE',  ( 1.667508410807436947, 4.025721420742503831, -8.843749999999998224 ) ) ;
#2418 = EDGE_CURVE ( 'NONE', #2407, #3002, #3812, .T. ) ;
#2419 = CARTESIAN_POINT ( 'NONE',  ( 4.534433573090242753, -2.044644238210746220E-11, 2.581294901900989203 ) ) ;
#2420 = ORIENTED_EDGE ( 'NONE', *, *, #800, .T. ) ;
#2421 = CARTESIAN_POINT ( 'NONE',  ( 5.000000000000012434, 2.071067811865472841, -3.781249999999996447 ) ) ;
#2422 = VECTOR ( 'NONE', #2945, 1000.000000000000000 ) ;
#2423 = CARTESIAN_POINT ( 'NONE',  ( -5.000000000000012434, 2.071067811865471953, -7.718749999999997335 ) ) ;
#2424 = CARTESIAN_POINT ( 'NONE',  ( -4.025721420742513601, 1.667508410807425623, 0.5312500000000004441 ) ) ;
#2425 = CARTESIAN_POINT ( 'NONE',  ( -4.101662637663420874, -1.426332395870442804, 2.027248556788075362 ) ) ;
#2426 = VERTEX_POINT ( 'NONE', #1111 ) ;
#2427 = CARTESIAN_POINT ( 'NONE',  ( 4.867941986617969619, 0.6505206979789888155, -12.59940654751245859 ) ) ;
#2428 = TOROIDAL_SURFACE ( 'NONE', #2802, 7.500000000000000000, 0.4999999999999995559 ) ;
#2429 = ADVANCED_FACE ( 'NONE', ( #2883 ), #664, .F. ) ;
#2430 = EDGE_CURVE ( 'NONE', #3307, #117, #2220, .T. ) ;
#2431 = LINE ( 'NONE', #947, #2857 ) ;
#2432 = CARTESIAN_POINT ( 'NONE',  ( -5.081189881604800007, -2.104697761953658652, -11.89062500000000000 ) ) ;
#2433 = CARTESIAN_POINT ( 'NONE',  ( 1.667508410807436947, 4.025721420742503831, -2.656249999999998668 ) ) ;
#2434 = CARTESIAN_POINT ( 'NONE',  ( -4.289708602761254319, -1.210965436494688241, -13.05315106400411373 ) ) ;
#2435 = FACE_OUTER_BOUND ( 'NONE', #960, .T. ) ;
#2436 = CARTESIAN_POINT ( 'NONE',  ( 0.000000000000000000, 5.081189881604791125, -3.453124999999997780 ) ) ;
#2437 = CARTESIAN_POINT ( 'NONE',  ( -4.025721420742513601, 1.667508410807425623, -9.968749999999998224 ) ) ;
#2438 = CARTESIAN_POINT ( 'NONE',  ( 1.667508410807436947, 4.025721420742503831, -7.343749999999999112 ) ) ;
#2439 = DIRECTION ( 'NONE',  ( -0.000000000000000000, -0.000000000000000000, -1.000000000000000000 ) ) ;
#2440 = CARTESIAN_POINT ( 'NONE',  ( -1.667508410807434727, -4.025721420742523371, -9.406249999999998224 ) ) ;
#2441 = FACE_OUTER_BOUND ( 'NONE', #1453, .T. ) ;
#2442 = CARTESIAN_POINT ( 'NONE',  ( 3.592943821779224667, -3.592943821779234881, 4.984375000000000888 ) ) ;
#2443 = CARTESIAN_POINT ( 'NONE',  ( -4.025721420742513601, 1.667508410807425623, 3.531249999999999556 ) ) ;
#2444 = CARTESIAN_POINT ( 'NONE',  ( -0.4886516015560306569, -4.396514629381867323, 2.250414909321840629 ) ) ;
#2445 = ORIENTED_EDGE ( 'NONE', *, *, #704, .F. ) ;
#2446 = DIRECTION ( 'NONE',  ( 0.000000000000000000, 0.000000000000000000, 1.000000000000000000 ) ) ;
#2447 = CARTESIAN_POINT ( 'NONE',  ( 4.025721420742512713, -1.667508410807445607, -10.71874999999999645 ) ) ;
#2448 = LINE ( 'NONE', #2091, #3801 ) ;
#2449 = CARTESIAN_POINT ( 'NONE',  ( -3.592943821779224667, -3.592943821779233549, -10.29687500000000000 ) ) ;
#2450 = CARTESIAN_POINT ( 'NONE',  ( 2.104697761953652879, 5.081189881604789349, 2.453125000000002220 ) ) ;
#2451 = CARTESIAN_POINT ( 'NONE',  ( 4.025721420742514489, -9.852417264376230094E-15, -7.437499999999999112 ) ) ;
#2452 = CARTESIAN_POINT ( 'NONE',  ( 3.259042460730133151, 2.363276369065447469, -13.47427857925744377 ) ) ;
#2453 = CARTESIAN_POINT ( 'NONE',  ( 2.104697761953648882, -5.081189881604811553, -4.109374999999998224 ) ) ;
#2454 = PRODUCT ( '91292A046_18-8 Stainless Steel Socket Head Screw_91292A046', '91292A046_18-8 Stainless Steel Socket Head Screw_91292A046', '', ( #303 ) ) ;
#2455 = CARTESIAN_POINT ( 'NONE',  ( 0.000000000000000000, 5.081189881604791125, 1.140625000000001110 ) ) ;
#2456 = CARTESIAN_POINT ( 'NONE',  ( -5.000000000000012434, -8.806742536763703202E-15, -10.62499999999999645 ) ) ;
#2457 = CARTESIAN_POINT ( 'NONE',  ( 2.846614915774973831, -2.846614915774984045, -7.624999999999999112 ) ) ;
#2458 = CARTESIAN_POINT ( 'NONE',  ( 4.151369379601892895, 0.2966725394200831478, -13.34863062039811155 ) ) ;
#2459 = CARTESIAN_POINT ( 'NONE',  ( 5.081189881604800007, -1.004630367520562695E-14, -9.828124999999998224 ) ) ;
#2460 = ORIENTED_EDGE ( 'NONE', *, *, #388, .T. ) ;
#2461 = CARTESIAN_POINT ( 'NONE',  ( 4.534433573090242753, -2.044644238210746220E-11, 2.581294901900989203 ) ) ;
#2462 = ORIENTED_EDGE ( 'NONE', *, *, #3604, .F. ) ;
#2463 = CARTESIAN_POINT ( 'NONE',  ( 5.000000000000012434, -1.003138933591105784E-14, 2.125000000000003553 ) ) ;
#2464 = CARTESIAN_POINT ( 'NONE',  ( 5.000000000000024869, -2.071067811865478170, 0.7187499999999995559 ) ) ;
#2465 = ADVANCED_FACE ( 'NONE', ( #2520 ), #1822, .F. ) ;
#2466 = CARTESIAN_POINT ( 'NONE',  ( -6.222662924367237206E-16, -5.081189881604809777, -11.60937500000000000 ) ) ;
#2467 = ADVANCED_FACE ( 'NONE', ( #3482 ), #3737, .T. ) ;
#2468 = CARTESIAN_POINT ( 'NONE',  ( 3.535533905932745746, -3.535533905932755960, -9.875000000000001776 ) ) ;
#2469 = ORIENTED_EDGE ( 'NONE', *, *, #532, .T. ) ;
#2470 = CARTESIAN_POINT ( 'NONE',  ( 0.000000000000000000, 5.081189881604791125, -6.453124999999999112 ) ) ;
#2471 = CARTESIAN_POINT ( 'NONE',  ( 4.025721420742513601, 1.667508410807426067, -7.531249999999999112 ) ) ;
#2472 = CARTESIAN_POINT ( 'NONE',  ( -5.081189881604800007, -8.801771090332180691E-15, -1.484374999999999556 ) ) ;
#2473 = ADVANCED_FACE ( 'NONE', ( #3124 ), #3674, .T. ) ;
#2474 = CARTESIAN_POINT ( 'NONE',  ( -1.667508410807434949, -4.025721420742524259, -3.406249999999999556 ) ) ;
#2475 = CARTESIAN_POINT ( 'NONE',  ( -8.000000000000000000, -3.469446951953614189E-15, 13.49999999999999822 ) ) ;
#2476 = AXIS2_PLACEMENT_3D ( 'NONE', #469, #1430, #3203 ) ;
#2477 = CARTESIAN_POINT ( 'NONE',  ( -5.000000000000012434, -8.806742536763703202E-15, -0.1249999999999965306 ) ) ;
#2478 = AXIS2_PLACEMENT_3D ( 'NONE', #1112, #3785, #2303 ) ;
#2479 = CARTESIAN_POINT ( 'NONE',  ( 3.535533905932747079, 3.535533905932736420, 0.8125000000000044409 ) ) ;
#2480 = EDGE_LOOP ( 'NONE', ( #1321, #652, #3146, #2112 ) ) ;
#2481 =( BOUNDED_CURVE ( )  B_SPLINE_CURVE ( 2, ( #249, #3489, #3524, #1085, #3761, #1721, #1461, #3148, #457 ),
 .UNSPECIFIED., .F., .F. ) 
 B_SPLINE_CURVE_WITH_KNOTS ( ( 3, 2, 2, 2, 3 ),
 ( 0.4038461538461538547, 0.4134615384615384359, 0.4230769230769231282, 0.4326923076923077094, 0.4423076923076922906 ),
 .UNSPECIFIED. ) 
 CURVE ( )  GEOMETRIC_REPRESENTATION_ITEM ( )  RATIONAL_B_SPLINE_CURVE ( ( 1.000000000000000000, 0.9238795325112867385, 1.000000000000000000, 0.9238795325112867385, 1.000000000000000000, 0.9238795325112867385, 1.000000000000000000, 0.9238795325112867385, 1.000000000000000000 ) ) 
 REPRESENTATION_ITEM ( '' )  );
#2482 = VECTOR ( 'NONE', #2147, 1000.000000000000000 ) ;
#2483 = CARTESIAN_POINT ( 'NONE',  ( 4.625080566278736427, -1.515019928563965834, 3.467347015857557668 ) ) ;
#2484 = CARTESIAN_POINT ( 'NONE',  ( -4.529115460837881635, -1.572888601063392455, 3.266691804502452889 ) ) ;
#2485 = CARTESIAN_POINT ( 'NONE',  ( 2.104697761953652879, 5.081189881604789349, -3.453124999999999112 ) ) ;
#2486 = CARTESIAN_POINT ( 'NONE',  ( 4.025721420742512713, 1.667508410807426289, 0.1562500000000018596 ) ) ;
#2487 = FACE_OUTER_BOUND ( 'NONE', #3448, .T. ) ;
#2488 = CARTESIAN_POINT ( 'NONE',  ( 4.314663678255031165, 1.501453958289174384, 2.647055968172130846 ) ) ;
#2489 = ORIENTED_EDGE ( 'NONE', *, *, #3604, .T. ) ;
#2490 = ORIENTED_EDGE ( 'NONE', *, *, #2331, .T. ) ;
#2491 = CARTESIAN_POINT ( 'NONE',  ( 2.846614915774973831, -2.846614915774984045, -9.312499999999998224 ) ) ;
#2492 = CARTESIAN_POINT ( 'NONE',  ( -0.06877370803907040253, -4.025133927524370492, 1.183619750323456010 ) ) ;
#2493 = CARTESIAN_POINT ( 'NONE',  ( 5.081189881604800007, 2.104697761953641777, -0.6406249999999987788 ) ) ;
#2494 = ADVANCED_FACE ( 'NONE', ( #2020 ), #1943, .T. ) ;
#2495 = CARTESIAN_POINT ( 'NONE',  ( -4.025721420742514489, -8.866399893941979642E-15, -6.874999999999999112 ) ) ;
#2496 = CARTESIAN_POINT ( 'NONE',  ( -2.846614915774974275, -2.846614915774983157, -0.4999999999999987232 ) ) ;
#2497 = DIRECTION ( 'NONE',  ( 1.000000000000000000, 0.000000000000000000, 0.000000000000000000 ) ) ;
#2498 = CARTESIAN_POINT ( 'NONE',  ( -2.846614915774974275, -2.846614915774983157, -3.499999999999999556 ) ) ;
#2499 = EDGE_CURVE ( 'NONE', #1133, #2553, #322, .T. ) ;
#2500 = CARTESIAN_POINT ( 'NONE',  ( 0.3017813217994032571, 4.967678707678270023, -12.53232129232173442 ) ) ;
#2501 = CARTESIAN_POINT ( 'NONE',  ( -4.160779368049614568, 1.083712472685291806, 1.911959457039466681 ) ) ;
#2502 = CARTESIAN_POINT ( 'NONE',  ( 0.000000000000000000, 4.025721420742504719, -1.249999999999999334 ) ) ;
#2503 = ORIENTED_EDGE ( 'NONE', *, *, #547, .T. ) ;
#2504 = CARTESIAN_POINT ( 'NONE',  ( -4.025721420742514489, -8.866399893941979642E-15, -14.18749999999999822 ) ) ;
#2505 = CARTESIAN_POINT ( 'NONE',  ( -5.000000000000006217, -3.469446951953614189E-15, -13.99999999999999822 ) ) ;
#2506 =( BOUNDED_CURVE ( )  B_SPLINE_CURVE ( 2, ( #951, #3668, #33, #1003, #3363, #3244, #3022, #1588, #3348 ),
 .UNSPECIFIED., .F., .T. ) 
 B_SPLINE_CURVE_WITH_KNOTS ( ( 3, 2, 2, 2, 3 ),
 ( 0.3269230769230769273, 0.3365384615384615641, 0.3461538461538461453, 0.3557692307692308376, 0.3653846153846154188 ),
 .UNSPECIFIED. ) 
 CURVE ( )  GEOMETRIC_REPRESENTATION_ITEM ( )  RATIONAL_B_SPLINE_CURVE ( ( 1.000000000000000000, 0.9238795325112867385, 1.000000000000000000, 0.9238795325112867385, 1.000000000000000000, 0.9238795325112867385, 1.000000000000000000, 0.9238795325112862944, 1.000000000000000444 ) ) 
 REPRESENTATION_ITEM ( '' )  );
#2507 = CARTESIAN_POINT ( 'NONE',  ( 2.104697761953652879, 5.081189881604789349, -7.953124999999998224 ) ) ;
#2508 = CARTESIAN_POINT ( 'NONE',  ( -3.428699465750967956, 2.879963016222929273, 2.400563797710660641 ) ) ;
#2509 = CARTESIAN_POINT ( 'NONE',  ( -3.589621298087595225, 3.063043876652371544, 3.060998263522036744 ) ) ;
#2510 = VERTEX_POINT ( 'NONE', #191 ) ;
#2511 = CARTESIAN_POINT ( 'NONE',  ( 0.000000000000000000, 4.025721420742504719, -8.749999999999998224 ) ) ;
#2512 = CARTESIAN_POINT ( 'NONE',  ( -2.846614915774974275, -2.846614915774983157, -2.187499999999998668 ) ) ;
#2513 = CARTESIAN_POINT ( 'NONE',  ( -4.025721420742513601, -1.667508410807443386, 2.406250000000001776 ) ) ;
#2514 = CARTESIAN_POINT ( 'NONE',  ( 3.999999999999998224, -1.934050476331655277, 13.61440222285892432 ) ) ;
#2515 = CARTESIAN_POINT ( 'NONE',  ( 0.000000000000000000, 4.025721420742504719, -2.562499999999998668 ) ) ;
#2516 = FACE_OUTER_BOUND ( 'NONE', #59, .T. ) ;
#2517 = EDGE_CURVE ( 'NONE', #1779, #2821, #500, .T. ) ;
#2518 = VERTEX_POINT ( 'NONE', #2967 ) ;
#2519 = CARTESIAN_POINT ( 'NONE',  ( 2.471235509523245000, 3.345286399769625163, 1.525270482483593870 ) ) ;
#2520 = FACE_OUTER_BOUND ( 'NONE', #259, .T. ) ;
#2521 = CARTESIAN_POINT ( 'NONE',  ( 4.025721420742512713, 1.667508410807426289, -0.03124999999999829303 ) ) ;
#2522 = B_SPLINE_CURVE_WITH_KNOTS ( 'NONE', 3,
 ( #1238, #113, #80, #1038, #2241, #2006, #114, #938 ),
 .UNSPECIFIED., .F., .F.,
 ( 4, 2, 2, 4 ),
 ( 2.380737581622859678E-07, 0.002332607846774749274, 0.003498792733283042061, 0.004664977619791335281 ),
 .UNSPECIFIED. ) ;
#2523 = CARTESIAN_POINT ( 'NONE',  ( -4.025721420742513601, 1.667508410807425623, -12.78125000000000000 ) ) ;
#2524 = ORIENTED_EDGE ( 'NONE', *, *, #1853, .T. ) ;
#2525 = CARTESIAN_POINT ( 'NONE',  ( 4.661855332723534140, 1.610378423862874220, 3.662425924783942577 ) ) ;
#2526 = CARTESIAN_POINT ( 'NONE',  ( 3.592943821779224667, -3.592943821779234881, -3.921875000000000000 ) ) ;
#2527 = CARTESIAN_POINT ( 'NONE',  ( 1.667508410807433616, -4.025721420742524259, -0.2187499999999984734 ) ) ;
#2528 = CARTESIAN_POINT ( 'NONE',  ( 1.667508410807433616, -4.025721420742524259, -9.218749999999996447 ) ) ;
#2529 = CARTESIAN_POINT ( 'NONE',  ( -4.505605865804103161, 0.5700177978572184001, 2.576119757735734428 ) ) ;
#2530 = CARTESIAN_POINT ( 'NONE',  ( -2.846614915774974275, 2.846614915774965393, -7.062499999999999112 ) ) ;
#2531 = CARTESIAN_POINT ( 'NONE',  ( -2.104697761953649326, 5.081189881604790237, -0.2656250000000002220 ) ) ;
#2532 = CARTESIAN_POINT ( 'NONE',  ( 1.667508410807433616, -4.025721420742524259, -1.906249999999998668 ) ) ;
#2533 = CARTESIAN_POINT ( 'NONE',  ( 2.846614915774973831, -2.846614915774984045, 2.875000000000002665 ) ) ;
#2534 = DIRECTION ( 'NONE',  ( -0.000000000000000000, -0.000000000000000000, -1.000000000000000000 ) ) ;
#2535 = EDGE_CURVE ( 'NONE', #192, #1133, #2361, .T. ) ;
#2536 = CARTESIAN_POINT ( 'NONE',  ( 1.667508410807436947, 4.025721420742503831, -5.656249999999998224 ) ) ;
#2537 = CARTESIAN_POINT ( 'NONE',  ( -3.999999999999998224, -2.309401076758502480, 13.72275660795741281 ) ) ;
#2538 = ORIENTED_EDGE ( 'NONE', *, *, #2900, .T. ) ;
#2539 = CARTESIAN_POINT ( 'NONE',  ( 0.000000000000000000, 0.000000000000000000, 13.99999999999999822 ) ) ;
#2540 = CARTESIAN_POINT ( 'NONE',  ( 3.592943821779224667, -3.592943821779234881, -2.515624999999998668 ) ) ;
#2541 = DIRECTION ( 'NONE',  ( -0.000000000000000000, -0.000000000000000000, 1.000000000000000000 ) ) ;
#2542 = CARTESIAN_POINT ( 'NONE',  ( -4.930086852171255217E-16, -4.025721420742523371, -0.4999999999999987232 ) ) ;
#2543 = VECTOR ( 'NONE', #815, 1000.000000000000114 ) ;
#2544 = ORIENTED_EDGE ( 'NONE', *, *, #2418, .F. ) ;
#2545 = VERTEX_POINT ( 'NONE', #2230 ) ;
#2546 = EDGE_LOOP ( 'NONE', ( #1165, #2681, #1931, #1459 ) ) ;
#2547 = CARTESIAN_POINT ( 'NONE',  ( 4.009036921223987804, -0.4234068671130446493, -13.47427857925748995 ) ) ;
#2548 = CARTESIAN_POINT ( 'NONE',  ( -2.104697761953650215, -5.081189881604809777, -7.203124999999999112 ) ) ;
#2549 = CARTESIAN_POINT ( 'NONE',  ( 2.846614915774973831, -2.846614915774984045, 4.375000000000000000 ) ) ;
#2550 = EDGE_CURVE ( 'NONE', #3111, #2832, #3095, .T. ) ;
#2551 = CARTESIAN_POINT ( 'NONE',  ( -5.000000000000012434, -8.806742536763703202E-15, -8.937500000000001776 ) ) ;
#2552 = CARTESIAN_POINT ( 'NONE',  ( -3.592943821779224667, -3.592943821779233549, -13.39062499999999822 ) ) ;
#2553 = VERTEX_POINT ( 'NONE', #484 ) ;
#2554 = CIRCLE ( 'NONE', #2065, 1.000000000000000000 ) ;
#2555 = CARTESIAN_POINT ( 'NONE',  ( -4.025721420742514489, -1.667508410807443164, -9.781249999999998224 ) ) ;
#2556 = CARTESIAN_POINT ( 'NONE',  ( 2.846614915774973831, -2.846614915774984045, 4.187500000000000000 ) ) ;
#2557 = AXIS2_PLACEMENT_3D ( 'NONE', #344, #321, #872 ) ;
#2558 = CARTESIAN_POINT ( 'NONE',  ( 4.025721420742512713, 1.667508410807426289, -1.531249999999999556 ) ) ;
#2559 = CARTESIAN_POINT ( 'NONE',  ( 5.081189881604800007, 2.104697761953641777, 3.765625000000003553 ) ) ;
#2560 = CARTESIAN_POINT ( 'NONE',  ( -4.930086852171255217E-16, -4.025721420742523371, -0.3124999999999985567 ) ) ;
#2561 = CARTESIAN_POINT ( 'NONE',  ( 0.000000000000000000, -9.107298248878237246E-15, 4.000000000000000000 ) ) ;
#2562 = CARTESIAN_POINT ( 'NONE',  ( 4.025721420742514489, -9.852417264376230094E-15, -5.937499999999998224 ) ) ;
#2563 = CARTESIAN_POINT ( 'NONE',  ( -7.500000000000000000, -3.469446951953614189E-15, 13.99999999999999822 ) ) ;
#2564 = CARTESIAN_POINT ( 'NONE',  ( 2.336253835937165402, -3.269965372443385920, 13.36524241528352874 ) ) ;
#2565 = CARTESIAN_POINT ( 'NONE',  ( 0.000000000000000000, -9.107298248878237246E-15, 4.000000000000000000 ) ) ;
#2566 = CARTESIAN_POINT ( 'NONE',  ( -2.846614915774974275, -2.846614915774983157, -6.499999999999999112 ) ) ;
#2567 = CARTESIAN_POINT ( 'NONE',  ( 3.688695856858279942, -3.108788259318797209, 3.349601757499613086 ) ) ;
#2568 = ORIENTED_EDGE ( 'NONE', *, *, #582, .T. ) ;
#2569 = DIRECTION ( 'NONE',  ( -0.000000000000000000, 0.000000000000000000, -1.000000000000000000 ) ) ;
#2570 = CARTESIAN_POINT ( 'NONE',  ( -5.081189881604800007, -2.104697761953658652, -7.390625000000000000 ) ) ;
#2571 = CARTESIAN_POINT ( 'NONE',  ( 4.025721420742514489, -9.852417264376230094E-15, 4.562500000000000888 ) ) ;
#2572 = LINE ( 'NONE', #3426, #2364 ) ;
#2573 = CARTESIAN_POINT ( 'NONE',  ( -3.592943821779224667, 3.592943821779215785, -13.76562499999999822 ) ) ;
#2574 = CARTESIAN_POINT ( 'NONE',  ( -1.667508410807434727, -4.025721420742523371, -2.093749999999998224 ) ) ;
#2575 = CARTESIAN_POINT ( 'NONE',  ( -1.667508410807434949, -4.025721420742524259, 2.406250000000001776 ) ) ;
#2576 = CARTESIAN_POINT ( 'NONE',  ( -1.667508410807434505, 4.025721420742504719, -5.656249999999999112 ) ) ;
#2577 = B_SPLINE_CURVE_WITH_KNOTS ( 'NONE', 3,
 ( #121, #1326, #2529, #2207, #779, #717, #1072, #1985, #2508, #3723, #1035, #3131, #1019, #2279, #1664, #2837, #159, #1365, #3745, #2005, #3170, #486, #3272, #1172, #3254, #1444, #583, #1108, #1462, #2332, #856, #2025, #2687, #2089 ),
 .UNSPECIFIED., .F., .F.,
 ( 4, 2, 2, 2, 2, 2, 2, 2, 2, 2, 2, 2, 2, 2, 2, 2, 4 ),
 ( 0.01966357533689239503, 0.02051950013751919349, 0.02137542493814599195, 0.02223134973877279041, 0.02308727453939958887, 0.02394319934002638733, 0.02479912414065318926, 0.02565504894127998772, 0.02651097374190678618, 0.02736689854253358811, 0.02822282334316038657, 0.02907874814378718850, 0.02993467294441398696, 0.03079059774504078889, 0.03164652254566759082, 0.03250244734629438581, 0.03335837214692118774 ),
 .UNSPECIFIED. ) ;
#2578 = CARTESIAN_POINT ( 'NONE',  ( 7.500000000000001776, -2.520345682614415213E-15, 4.000000000000000000 ) ) ;
#2579 = FACE_OUTER_BOUND ( 'NONE', #2833, .T. ) ;
#2580 = CARTESIAN_POINT ( 'NONE',  ( 2.846614915774974719, 2.846614915774964505, -4.249999999999998224 ) ) ;
#2581 = CARTESIAN_POINT ( 'NONE',  ( -5.000000000000006217, -3.469446951953614189E-15, -13.99999999999999822 ) ) ;
#2582 = SURFACE_SIDE_STYLE ('',( #1716 ) ) ;
#2583 = CARTESIAN_POINT ( 'NONE',  ( -6.222662924367237206E-16, -5.081189881604809777, -2.703124999999999112 ) ) ;
#2584 = ORIENTED_EDGE ( 'NONE', *, *, #453, .F. ) ;
#2585 = CARTESIAN_POINT ( 'NONE',  ( 1.667508410807433616, -4.025721420742524259, -9.218749999999996447 ) ) ;
#2586 = CARTESIAN_POINT ( 'NONE',  ( -4.549466057708666078, -0.1549004765946828122, 2.622596313950658509 ) ) ;
#2587 = CARTESIAN_POINT ( 'NONE',  ( -7.500000000000001776, -3.469446951953614189E-15, 4.000000000000000000 ) ) ;
#2588 = CARTESIAN_POINT ( 'NONE',  ( -1.667508410807434949, -4.025721420742524259, 2.593750000000002220 ) ) ;
#2589 = CARTESIAN_POINT ( 'NONE',  ( -3.535533905932746190, 3.535533905932737309, -6.125000000000001776 ) ) ;
#2590 = CARTESIAN_POINT ( 'NONE',  ( -2.104697761953649326, 5.081189881604790237, -13.85937500000000000 ) ) ;
#2591 = CARTESIAN_POINT ( 'NONE',  ( -1.667508410807434061, 4.025721420742504719, -1.156249999999999334 ) ) ;
#2592 = CARTESIAN_POINT ( 'NONE',  ( 1.667508410807436947, 4.025721420742503831, -13.15625000000000000 ) ) ;
#2593 = CARTESIAN_POINT ( 'NONE',  ( 5.000000000000030198, 2.071067811865455077, -11.09375000000000533 ) ) ;
#2594 = CARTESIAN_POINT ( 'NONE',  ( -3.535533905932746190, 3.535533905932737309, -3.125000000000000888 ) ) ;
#2595 = DIRECTION ( 'NONE',  ( -1.000000000000000000, 0.000000000000000000, 0.000000000000000000 ) ) ;
#2596 = CARTESIAN_POINT ( 'NONE',  ( 0.000000000000000000, -3.469446951953614189E-15, -13.99999999999999822 ) ) ;
#2597 = EDGE_CURVE ( 'NONE', #23, #3846, #2913, .T. ) ;
#2598 = CARTESIAN_POINT ( 'NONE',  ( 4.990210058117228620, 0.3387480702570496160, 3.833530502831034248 ) ) ;
#2599 = CARTESIAN_POINT ( 'NONE',  ( 5.000000000000030198, -2.071067811865474173, 2.031250000000004885 ) ) ;
#2600 = CARTESIAN_POINT ( 'NONE',  ( -4.025721420742513601, -1.667508410807443386, -8.093750000000000000 ) ) ;
#2601 = CARTESIAN_POINT ( 'NONE',  ( 4.046769248541334463, -0.5430903196156583457, 1.316332377276843602 ) ) ;
#2602 = CARTESIAN_POINT ( 'NONE',  ( -4.930086852171255217E-16, -4.025721420742523371, 2.687500000000002220 ) ) ;
#2603 = CIRCLE ( 'NONE', #3162, 5.050799999999994405 ) ;
#2604 = CARTESIAN_POINT ( 'NONE',  ( -4.025721420742514489, -8.866399893941979642E-15, -12.87500000000000000 ) ) ;
#2605 = CARTESIAN_POINT ( 'NONE',  ( -2.104697761953649326, 5.081189881604790237, -10.85937500000000000 ) ) ;
#2606 = CARTESIAN_POINT ( 'NONE',  ( -1.667508410807434727, -4.025721420742523371, -0.5937499999999987788 ) ) ;
#2607 = CIRCLE ( 'NONE', #1755, 5.050799999999994405 ) ;
#2608 = CARTESIAN_POINT ( 'NONE',  ( -6.222662924367237206E-16, -5.081189881604809777, 3.390624999999999556 ) ) ;
#2609 = CARTESIAN_POINT ( 'NONE',  ( -5.000000000000012434, 2.071067811865471953, -4.718749999999998224 ) ) ;
#2610 =( BOUNDED_CURVE ( )  B_SPLINE_CURVE ( 2, ( #2720, #1558, #81, #1259, #871, #3585, #3627, #892, #580 ),
 .UNSPECIFIED., .F., .T. ) 
 B_SPLINE_CURVE_WITH_KNOTS ( ( 3, 2, 2, 2, 3 ),
 ( 0.5576923076923077094, 0.5673076923076922906, 0.5769230769230768718, 0.5865384615384615641, 0.5961538461538461453 ),
 .UNSPECIFIED. ) 
 CURVE ( )  GEOMETRIC_REPRESENTATION_ITEM ( )  RATIONAL_B_SPLINE_CURVE ( ( 1.000000000000000000, 0.9238795325112867385, 1.000000000000000000, 0.9238795325112867385, 1.000000000000000000, 0.9238795325112867385, 1.000000000000000000, 0.9238795325112867385, 1.000000000000000000 ) ) 
 REPRESENTATION_ITEM ( '' )  );
#2611 = AXIS2_PLACEMENT_3D ( 'NONE', #794, #2815, #1048 ) ;
#2612 = CARTESIAN_POINT ( 'NONE',  ( -3.535533905932746190, 3.535533905932737309, -0.1250000000000019429 ) ) ;
#2613 = AXIS2_PLACEMENT_3D ( 'NONE', #1813, #2724, #1264 ) ;
#2614 = CARTESIAN_POINT ( 'NONE',  ( -4.308218445096166249, 0.8832486282438720693, -13.12417681387982782 ) ) ;
#2615 = EDGE_LOOP ( 'NONE', ( #530, #2078, #2965, #1050 ) ) ;
#2616 = VERTEX_POINT ( 'NONE', #2329 ) ;
#2617 = CARTESIAN_POINT ( 'NONE',  ( -4.025721420742514489, -8.866399893941979642E-15, -11.18750000000000000 ) ) ;
#2618 = EDGE_CURVE ( 'NONE', #3141, #711, #3103, .T. ) ;
#2619 = CARTESIAN_POINT ( 'NONE',  ( -4.025721420742513601, -1.667508410807443386, -11.09374999999999822 ) ) ;
#2620 = CARTESIAN_POINT ( 'NONE',  ( -2.071067811865481278, -5.000000000000022204, -11.84374999999999467 ) ) ;
#2621 = CARTESIAN_POINT ( 'NONE',  ( 3.535533905932747079, 3.535533905932736420, 2.500000000000000444 ) ) ;
#2622 = CARTESIAN_POINT ( 'NONE',  ( 4.025721420742514489, -9.852417264376230094E-15, -13.62499999999999822 ) ) ;
#2623 = CARTESIAN_POINT ( 'NONE',  ( 1.667508410807433616, -4.025721420742524259, -13.90624999999999822 ) ) ;
#2624 = CARTESIAN_POINT ( 'NONE',  ( -5.081189881604800007, -8.801771090332180691E-15, -13.57812499999999822 ) ) ;
#2625 = CARTESIAN_POINT ( 'NONE',  ( 0.000000000000000000, 4.025721420742504719, 0.2500000000000002220 ) ) ;
#2626 = APPLICATION_CONTEXT ( 'automotive_design' ) ;
#2627 = CARTESIAN_POINT ( 'NONE',  ( -5.081189881604800007, 2.104697761953640445, 2.921874999999999112 ) ) ;
#2628 = CARTESIAN_POINT ( 'NONE',  ( -4.025721420742513601, 1.667508410807425623, 2.031250000000001776 ) ) ;
#2629 = DIRECTION ( 'NONE',  ( 0.000000000000000000, 0.000000000000000000, -1.000000000000000000 ) ) ;
#2630 = ORIENTED_EDGE ( 'NONE', *, *, #1008, .T. ) ;
#2631 = CARTESIAN_POINT ( 'NONE',  ( 4.881129763209997918, 1.390114890936764854E-11, -12.61887023679000919 ) ) ;
#2632 = CARTESIAN_POINT ( 'NONE',  ( -5.000000000000012434, -8.806742536763703202E-15, -7.624999999999996447 ) ) ;
#2633 =( BOUNDED_CURVE ( )  B_SPLINE_CURVE ( 2, ( #1402, #2226, #2589, #460, #1681, #180, #1952, #3705, #2852 ),
 .UNSPECIFIED., .F., .T. ) 
 B_SPLINE_CURVE_WITH_KNOTS ( ( 3, 2, 2, 2, 3 ),
 ( 0.5192307692307692735, 0.5288461538461539657, 0.5384615384615385469, 0.5480769230769231282, 0.5576923076923077094 ),
 .UNSPECIFIED. ) 
 CURVE ( )  GEOMETRIC_REPRESENTATION_ITEM ( )  RATIONAL_B_SPLINE_CURVE ( ( 0.9999999999999991118, 0.9238795325112876267, 1.000000000000000000, 0.9238795325112867385, 1.000000000000000000, 0.9238795325112867385, 1.000000000000000000, 0.9238795325112867385, 1.000000000000000000 ) ) 
 REPRESENTATION_ITEM ( '' )  );
#2634 = CARTESIAN_POINT ( 'NONE',  ( 3.535533905932747079, 3.535533905932736420, 0.9999999999999991118 ) ) ;
#2635 = EDGE_CURVE ( 'NONE', #3248, #2821, #1481, .T. ) ;
#2636 = ORIENTED_EDGE ( 'NONE', *, *, #749, .F. ) ;
#2637 = VERTEX_POINT ( 'NONE', #304 ) ;
#2638 = CARTESIAN_POINT ( 'NONE',  ( -4.025721420742514489, -8.866399893941979642E-15, -12.68750000000000000 ) ) ;
#2639 = EDGE_CURVE ( 'NONE', #1161, #2545, #2903, .T. ) ;
#2640 = CARTESIAN_POINT ( 'NONE',  ( 1.667508410807436947, 4.025721420742503831, -7.156249999999999112 ) ) ;
#2641 = CARTESIAN_POINT ( 'NONE',  ( -4.930086852171255217E-16, -4.025721420742523371, -3.312499999999999556 ) ) ;
#2642 = DIRECTION ( 'NONE',  ( -1.000000000000000000, 0.000000000000000000, 0.000000000000000000 ) ) ;
#2643 = VERTEX_POINT ( 'NONE', #1189 ) ;
#2644 = CARTESIAN_POINT ( 'NONE',  ( 0.7262393823258904701, -4.839409695274845546, 3.539463343265977446 ) ) ;
#2645 = CARTESIAN_POINT ( 'NONE',  ( 5.000000000000048850, -2.071067811865455521, 3.531250000000007994 ) ) ;
#2646 = LINE ( 'NONE', #3799, #412 ) ;
#2647 = DIRECTION ( 'NONE',  ( -1.000000000000000000, 0.000000000000000000, 0.000000000000000000 ) ) ;
#2648 = CARTESIAN_POINT ( 'NONE',  ( -2.846614915774974275, -2.846614915774983157, -0.6874999999999988898 ) ) ;
#2649 = CARTESIAN_POINT ( 'NONE',  ( -4.025721420742513601, -1.667508410807443386, -5.093749999999999112 ) ) ;
#2650 = CARTESIAN_POINT ( 'NONE',  ( -5.000000000000012434, -8.806742536763703202E-15, -11.93750000000000355 ) ) ;
#2651 = CARTESIAN_POINT ( 'NONE',  ( -5.000000000000012434, -8.806742536763703202E-15, -8.937500000000001776 ) ) ;
#2652 = CARTESIAN_POINT ( 'NONE',  ( 2.846614915774974719, 2.846614915774964505, -8.937500000000000000 ) ) ;
#2653 = CARTESIAN_POINT ( 'NONE',  ( -4.025721420742514489, 1.667508410807425623, -2.281249999999998668 ) ) ;
#2654 = CARTESIAN_POINT ( 'NONE',  ( -5.099001794597502801, 6.244476226600442526E-16, 13.99999999999999822 ) ) ;
#2655 = EDGE_CURVE ( 'NONE', #1005, #581, #171, .T. ) ;
#2656 = CARTESIAN_POINT ( 'NONE',  ( 4.025721420742514489, -9.852417264376230094E-15, -10.62499999999999822 ) ) ;
#2657 = CARTESIAN_POINT ( 'NONE',  ( 4.025721420742514489, -9.852417264376230094E-15, 4.375000000000000000 ) ) ;
#2658 = CARTESIAN_POINT ( 'NONE',  ( -1.667508410807434505, 4.025721420742504719, -0.9687499999999993339 ) ) ;
#2659 = LINE ( 'NONE', #1458, #2543 ) ;
#2660 = ORIENTED_EDGE ( 'NONE', *, *, #19, .T. ) ;
#2661 = CARTESIAN_POINT ( 'NONE',  ( -3.535533905932746190, 3.535533905932737309, -6.312499999999997335 ) ) ;
#2662 = CARTESIAN_POINT ( 'NONE',  ( -3.999999999999998224, -0.3900230420058070635, 13.36549101804924966 ) ) ;
#2663 = DIRECTION ( 'NONE',  ( -0.000000000000000000, -0.000000000000000000, -1.000000000000000000 ) ) ;
#2664 = CARTESIAN_POINT ( 'NONE',  ( 4.025721420742512713, 1.667508410807426289, -2.843749999999999112 ) ) ;
#2665 = ADVANCED_FACE ( 'NONE', ( #1739 ), #2798, .T. ) ;
#2666 = CARTESIAN_POINT ( 'NONE',  ( 5.000000000000001776, 2.071067811865481723, -8.281249999999994671 ) ) ;
#2667 = CARTESIAN_POINT ( 'NONE',  ( -1.667508410807434949, -4.025721420742524259, -10.90625000000000000 ) ) ;
#2668 = AXIS2_PLACEMENT_3D ( 'NONE', #1636, #377, #133 ) ;
#2669 = CARTESIAN_POINT ( 'NONE',  ( 0.4771737892016036375, -4.020911830361169059, 1.222976015998236132 ) ) ;
#2670 = CARTESIAN_POINT ( 'NONE',  ( 3.535533905932745746, -3.535533905932755960, -8.375000000000000000 ) ) ;
#2671 = CARTESIAN_POINT ( 'NONE',  ( 5.081189881604800007, -2.104697761953661761, -3.921874999999998224 ) ) ;
#2672 = CARTESIAN_POINT ( 'NONE',  ( -4.930086852171255217E-16, -4.025721420742523371, -6.499999999999999112 ) ) ;
#2673 = EDGE_CURVE ( 'NONE', #192, #2172, #1855, .T. ) ;
#2674 = CARTESIAN_POINT ( 'NONE',  ( -4.025721420742514489, -1.667508410807443164, -2.093749999999998224 ) ) ;
#2675 = VECTOR ( 'NONE', #508, 1000.000000000000114 ) ;
#2676 = VECTOR ( 'NONE', #423, 1000.000000000000000 ) ;
#2677 = CARTESIAN_POINT ( 'NONE',  ( -5.000000000000012434, -8.806742536763703202E-15, -10.62499999999999645 ) ) ;
#2678 = CARTESIAN_POINT ( 'NONE',  ( -2.846614915774974275, -2.846614915774983157, -11.00000000000000000 ) ) ;
#2679 = VECTOR ( 'NONE', #1068, 999.9999999999998863 ) ;
#2680 = CARTESIAN_POINT ( 'NONE',  ( -2.071067811865480390, 5.000000000000003553, -9.406249999999998224 ) ) ;
#2681 = ORIENTED_EDGE ( 'NONE', *, *, #3517, .T. ) ;
#2682 = CARTESIAN_POINT ( 'NONE',  ( -2.104697761953650215, -5.081189881604809777, -14.70312500000000355 ) ) ;
#2683 = CARTESIAN_POINT ( 'NONE',  ( 0.000000000000000000, 4.025721420742504719, -4.062499999999998224 ) ) ;
#2684 = DIRECTION ( 'NONE',  ( -0.000000000000000000, -0.000000000000000000, -1.000000000000000000 ) ) ;
#2685 = DIRECTION ( 'NONE',  ( -0.000000000000000000, -0.000000000000000000, -1.000000000000000000 ) ) ;
#2686 = CARTESIAN_POINT ( 'NONE',  ( -5.000000000000012434, -8.806742536763703202E-15, 2.875000000000004441 ) ) ;
#2687 = CARTESIAN_POINT ( 'NONE',  ( 4.207394919781622278, 0.2853191951696593676, 1.682763586650556586 ) ) ;
#2688 = CARTESIAN_POINT ( 'NONE',  ( -3.535533905932746190, 3.535533905932737309, 2.687500000000003997 ) ) ;
#2689 = CARTESIAN_POINT ( 'NONE',  ( 3.999999999999998224, 2.309401076758503368, 13.72275660795741281 ) ) ;
#2690 = CARTESIAN_POINT ( 'NONE',  ( 2.846614915774974719, 2.846614915774964505, -2.749999999999999112 ) ) ;
#2691 = ORIENTED_EDGE ( 'NONE', *, *, #1632, .F. ) ;
#2692 = CARTESIAN_POINT ( 'NONE',  ( 2.104697761953648882, -5.081189881604811553, -1.109374999999997335 ) ) ;
#2693 = CARTESIAN_POINT ( 'NONE',  ( 0.000000000000000000, 4.025721420742504719, -7.062499999999999112 ) ) ;
#2694 = CARTESIAN_POINT ( 'NONE',  ( 2.846614915774974719, 2.846614915774964505, -11.93750000000000000 ) ) ;
#2695 = DIRECTION ( 'NONE',  ( 0.8660254037844397068, 0.000000000000000000, 0.4999999999999979461 ) ) ;
#2696 = CARTESIAN_POINT ( 'NONE',  ( -1.667508410807434949, -4.025721420742524259, -5.093749999999999112 ) ) ;
#2697 = CARTESIAN_POINT ( 'NONE',  ( 2.985811692982909715, 3.507540724798251297, 2.751341243687967619 ) ) ;
#2698 = CARTESIAN_POINT ( 'NONE',  ( 8.000000000000000000, -2.489729512635731426E-15, 13.49999999999999822 ) ) ;
#2699 = ORIENTED_EDGE ( 'NONE', *, *, #1531, .T. ) ;
#2700 = CARTESIAN_POINT ( 'NONE',  ( 0.000000000000000000, 5.081189881604791125, -15.35937500000000000 ) ) ;
#2701 = CARTESIAN_POINT ( 'NONE',  ( 4.025721420742514489, -9.852417264376230094E-15, -5.937499999999998224 ) ) ;
#2702 = CARTESIAN_POINT ( 'NONE',  ( 2.045694924048773622, -3.969149375342182484, 2.365754617508580626 ) ) ;
#2703 = CARTESIAN_POINT ( 'NONE',  ( 4.025721420742512713, 1.667508410807426289, -10.53124999999999822 ) ) ;
#2704 = CARTESIAN_POINT ( 'NONE',  ( 5.000000000000012434, -1.003138933591105784E-14, -3.874999999999996447 ) ) ;
#2705 = B_SPLINE_CURVE_WITH_KNOTS ( 'NONE', 3,
 ( #2776, #725, #3714, #1578, #3372, #3082, #2793, #3658 ),
 .UNSPECIFIED., .F., .F.,
 ( 4, 2, 2, 4 ),
 ( 8.615985968490836457E-16, 0.0006345400823688836928, 0.001269080164736905662, 0.002538160329472950033 ),
 .UNSPECIFIED. ) ;
#2706 = CARTESIAN_POINT ( 'NONE',  ( 0.000000000000000000, 5.000000000000002665, -0.4999999999999968914 ) ) ;
#2707 = CARTESIAN_POINT ( 'NONE',  ( 0.000000000000000000, 5.081189881604791125, -12.35937499999999822 ) ) ;
#2708 = CARTESIAN_POINT ( 'NONE',  ( -1.667508410807434949, -4.025721420742524259, -3.593749999999999556 ) ) ;
#2709 = CARTESIAN_POINT ( 'NONE',  ( -2.846614915774974275, -2.846614915774983157, -3.499999999999999556 ) ) ;
#2710 = DIRECTION ( 'NONE',  ( 0.5000000000000004441, -0.8660254037844384856, 0.000000000000000000 ) ) ;
#2711 = ORIENTED_EDGE ( 'NONE', *, *, #3738, .T. ) ;
#2712 = CARTESIAN_POINT ( 'NONE',  ( 2.846614915774973831, -2.846614915774984045, -12.31249999999999822 ) ) ;
#2713 = CARTESIAN_POINT ( 'NONE',  ( 2.071067811865479502, -5.000000000000023093, -8.468750000000001776 ) ) ;
#2714 = CARTESIAN_POINT ( 'NONE',  ( -1.667508410807434505, 4.025721420742504719, -8.656250000000000000 ) ) ;
#2715 = CARTESIAN_POINT ( 'NONE',  ( 5.000000000000012434, -1.003138933591105784E-14, -11.37499999999999645 ) ) ;
#2716 = EDGE_CURVE ( 'NONE', #581, #2426, #1372, .T. ) ;
#2717 = CARTESIAN_POINT ( 'NONE',  ( 4.985584772631853845, -1.002874130160274951E-14, 3.820822635401434297 ) ) ;
#2718 = CARTESIAN_POINT ( 'NONE',  ( -2.846614915774974275, -2.846614915774983157, 3.812500000000000000 ) ) ;
#2719 = CARTESIAN_POINT ( 'NONE',  ( -5.081189881604800007, -2.104697761953658652, -8.984374999999998224 ) ) ;
#2720 = CARTESIAN_POINT ( 'NONE',  ( 5.000000000000012434, -1.003138933591105784E-14, -6.687500000000001776 ) ) ;
#2721 = VERTEX_POINT ( 'NONE', #3629 ) ;
#2722 = CARTESIAN_POINT ( 'NONE',  ( 4.025721420742514489, -9.852417264376230094E-15, 0.06250000000000179023 ) ) ;
#2723 = CARTESIAN_POINT ( 'NONE',  ( -5.000000000000012434, -8.806742536763703202E-15, -4.624999999999997335 ) ) ;
#2724 = DIRECTION ( 'NONE',  ( -0.000000000000000000, -0.000000000000000000, -1.000000000000000000 ) ) ;
#2725 = CARTESIAN_POINT ( 'NONE',  ( 5.081189881604800007, -1.004630367520562695E-14, -12.73437500000000000 ) ) ;
#2726 = ORIENTED_EDGE ( 'NONE', *, *, #2081, .F. ) ;
#2727 = CARTESIAN_POINT ( 'NONE',  ( 4.703143844423326669, -1.198685438519890845, -12.65608678663524600 ) ) ;
#2728 = CARTESIAN_POINT ( 'NONE',  ( 0.000000000000000000, -3.469446951953614189E-15, -13.99999999999999822 ) ) ;
#2729 = CARTESIAN_POINT ( 'NONE',  ( -5.081189881604800007, -2.104697761953658652, -2.984374999999997780 ) ) ;
#2730 = CARTESIAN_POINT ( 'NONE',  ( 2.846614915774973831, -2.846614915774984045, -6.312499999999998224 ) ) ;
#2731 = CARTESIAN_POINT ( 'NONE',  ( -4.025721420742513601, -1.667508410807443386, -8.281249999999998224 ) ) ;
#2732 = EDGE_CURVE ( 'NONE', #3344, #3537, #998, .T. ) ;
#2733 = CARTESIAN_POINT ( 'NONE',  ( -5.000000000000012434, -8.806742536763703202E-15, -1.437500000000001554 ) ) ;
#2734 = CIRCLE ( 'NONE', #2063, 5.099001794597502801 ) ;
#2735 = CARTESIAN_POINT ( 'NONE',  ( 1.667508410807433616, -4.025721420742524259, -7.718749999999999112 ) ) ;
#2736 = CARTESIAN_POINT ( 'NONE',  ( 3.999999999999998224, 2.309401076758503368, 13.72275660795741281 ) ) ;
#2737 = VECTOR ( 'NONE', #1470, 1000.000000000000000 ) ;
#2738 = ORIENTED_EDGE ( 'NONE', *, *, #2618, .F. ) ;
#2739 = CARTESIAN_POINT ( 'NONE',  ( -3.592943821779224667, -3.592943821779233549, 4.609375000000000888 ) ) ;
#2740 = CARTESIAN_POINT ( 'NONE',  ( 1.667508410807433616, -4.025721420742524259, -0.4062499999999986677 ) ) ;
#2741 = CARTESIAN_POINT ( 'NONE',  ( 2.305119139548409635, -3.829978274648436098, 2.379029611591699123 ) ) ;
#2743 = EDGE_CURVE ( 'NONE', #2172, #2426, #116, .T. ) ;
#2742 = ORIENTED_EDGE ( 'NONE', *, *, #2968, .T. ) ;
#2744 = CARTESIAN_POINT ( 'NONE',  ( -1.000000000000000000, 1.224646799147352961E-16, 8.999999999999998224 ) ) ;
#2745 = CARTESIAN_POINT ( 'NONE',  ( 3.535533905932747079, 3.535533905932736420, -2.000000000000001776 ) ) ;
#2746 = CARTESIAN_POINT ( 'NONE',  ( 0.000000000000000000, 4.025721420742504719, -10.24999999999999822 ) ) ;
#2747 = CARTESIAN_POINT ( 'NONE',  ( -3.999999999999997335, 0.7857951648261670696, 13.39989775237163627 ) ) ;
#2748 = CARTESIAN_POINT ( 'NONE',  ( -2.846614915774974275, -2.846614915774983157, -2.187499999999998668 ) ) ;
#2749 = CARTESIAN_POINT ( 'NONE',  ( 1.667508410807436947, 4.025721420742503831, 0.3437500000000020539 ) ) ;
#2750 = CARTESIAN_POINT ( 'NONE',  ( 2.846614915774973831, -2.846614915774984045, -10.62499999999999822 ) ) ;
#2751 = CARTESIAN_POINT ( 'NONE',  ( 2.104697761953652879, 5.081189881604789349, 0.9531250000000025535 ) ) ;
#2752 = CARTESIAN_POINT ( 'NONE',  ( 2.846614915774974719, 2.846614915774964505, -7.249999999999998224 ) ) ;
#2753 = CARTESIAN_POINT ( 'NONE',  ( 3.500000000000003553, -3.469446951953614189E-15, -13.99999999999999822 ) ) ;
#2754 = CARTESIAN_POINT ( 'NONE',  ( -3.592943821779224667, -3.592943821779233549, -5.890624999999998224 ) ) ;
#2755 = CARTESIAN_POINT ( 'NONE',  ( -5.081189881604800007, -2.104697761953658652, -1.390624999999999556 ) ) ;
#2756 = CARTESIAN_POINT ( 'NONE',  ( -1.667508410807434949, -4.025721420742524259, -6.593749999999998224 ) ) ;
#2757 = CARTESIAN_POINT ( 'NONE',  ( 3.535533905932747079, 3.535533905932736420, 3.812500000000005329 ) ) ;
#2758 = FACE_OUTER_BOUND ( 'NONE', #971, .T. ) ;
#2759 = VERTEX_POINT ( 'NONE', #397 ) ;
#2760 = DIRECTION ( 'NONE',  ( -1.000000000000000000, 0.000000000000000000, 0.000000000000000000 ) ) ;
#2761 = ORIENTED_EDGE ( 'NONE', *, *, #3328, .T. ) ;
#2762 = EDGE_CURVE ( 'NONE', #3652, #711, #1694, .T. ) ;
#2763 = CARTESIAN_POINT ( 'NONE',  ( -5.000000000000003553, 2.071067811865480390, -1.531250000000001776 ) ) ;
#2764 = CARTESIAN_POINT ( 'NONE',  ( 4.025721420742514489, -9.852417264376230094E-15, -9.125000000000000000 ) ) ;
#2765 = CARTESIAN_POINT ( 'NONE',  ( 3.975579770541141311, -0.6334022777739152232, -13.47427857925748818 ) ) ;
#2766 = CARTESIAN_POINT ( 'NONE',  ( -5.081189881604800007, -2.104697761953658652, -8.890625000000000000 ) ) ;
#2767 = CARTESIAN_POINT ( 'NONE',  ( 2.846614915774973831, -2.846614915774984045, -1.812499999999998224 ) ) ;
#2768 = CARTESIAN_POINT ( 'NONE',  ( -4.025721420742514489, -8.866399893941979642E-15, -0.6874999999999988898 ) ) ;
#2769 = LINE ( 'NONE', #1243, #2422 ) ;
#2770 = ORIENTED_EDGE ( 'NONE', *, *, #3211, .T. ) ;
#2771 = CARTESIAN_POINT ( 'NONE',  ( -4.930086852171255217E-16, -4.025721420742523371, -12.49999999999999822 ) ) ;
#2772 = CARTESIAN_POINT ( 'NONE',  ( -1.695897042361227625, -3.997332789188730917, 1.091492838160119883 ) ) ;
#2773 = CARTESIAN_POINT ( 'NONE',  ( 3.592943821779225555, 3.592943821779214897, -2.046875000000000000 ) ) ;
#2774 = CARTESIAN_POINT ( 'NONE',  ( -2.846614915774974275, 2.846614915774965393, -7.062499999999999112 ) ) ;
#2775 = CARTESIAN_POINT ( 'NONE',  ( -1.667508410807434505, 4.025721420742504719, -2.468749999999999112 ) ) ;
#2776 = CARTESIAN_POINT ( 'NONE',  ( 3.259042460730133151, 2.363276369065447469, -13.47427857925744377 ) ) ;
#2777 = CARTESIAN_POINT ( 'NONE',  ( -0.6566704237945609757, -4.239673307570349436, 13.52382966936226794 ) ) ;
#2778 = CARTESIAN_POINT ( 'NONE',  ( 1.261553980800250718, 3.988685883571083224, 1.591696132935186636 ) ) ;
#2779 = ORIENTED_EDGE ( 'NONE', *, *, #1295, .F. ) ;
#2780 = CARTESIAN_POINT ( 'NONE',  ( -3.535533905932746190, -3.535533905932755072, 0.2499999999999983902 ) ) ;
#2781 = CARTESIAN_POINT ( 'NONE',  ( -2.104697761953650215, -5.081189881604809777, -5.703125000000000000 ) ) ;
#2782 = CARTESIAN_POINT ( 'NONE',  ( -4.025721420742513601, 1.667508410807425623, -2.468749999999999112 ) ) ;
#2783 = CARTESIAN_POINT ( 'NONE',  ( -4.025721420742513601, -1.667508410807443386, 0.9062500000000007772 ) ) ;
#2784 = DIRECTION ( 'NONE',  ( -1.000000000000000000, 0.000000000000000000, 0.000000000000000000 ) ) ;
#2785 = CARTESIAN_POINT ( 'NONE',  ( -4.722071239766222561, 0.6073198627282503370, 3.176689936008364690 ) ) ;
#2786 = EDGE_LOOP ( 'NONE', ( #1924, #2371, #2742, #381 ) ) ;
#2787 = CARTESIAN_POINT ( 'NONE',  ( 5.081189881604800007, 2.104697761953641777, 2.265625000000002220 ) ) ;
#2788 = CARTESIAN_POINT ( 'NONE',  ( 4.025721420742513601, -1.667508410807445607, -6.218749999999998224 ) ) ;
#2789 = CARTESIAN_POINT ( 'NONE',  ( -3.592943821779224667, 3.592943821779215785, -1.671874999999999778 ) ) ;
#2790 = CARTESIAN_POINT ( 'NONE',  ( 2.846614915774973831, -2.846614915774984045, -7.812499999999999112 ) ) ;
#2791 =( BOUNDED_CURVE ( )  B_SPLINE_CURVE ( 2, ( #1623, #2464, #3422, #384, #2186, #118, #2780, #1362, #1322 ),
 .UNSPECIFIED., .F., .T. ) 
 B_SPLINE_CURVE_WITH_KNOTS ( ( 3, 2, 2, 2, 3 ),
 ( 0.1730769230769230449, 0.1826923076923076539, 0.1923076923076922351, 0.2019230769230768441, 0.2115384615384615641 ),
 .UNSPECIFIED. ) 
 CURVE ( )  GEOMETRIC_REPRESENTATION_ITEM ( )  RATIONAL_B_SPLINE_CURVE ( ( 1.000000000000000666, 0.9238795325112860723, 1.000000000000000000, 0.9238795325112867385, 1.000000000000000000, 0.9238795325112867385, 1.000000000000000000, 0.9238795325112867385, 1.000000000000000000 ) ) 
 REPRESENTATION_ITEM ( '' )  );
#2792 = CARTESIAN_POINT ( 'NONE',  ( -2.846614915774974275, -2.846614915774983157, 1.000000000000000888 ) ) ;
#2793 = CARTESIAN_POINT ( 'NONE',  ( 4.025721420742504719, 0.4227440972867403390, -13.47427857925749173 ) ) ;
#2794 = CARTESIAN_POINT ( 'NONE',  ( -4.025721420742514489, -8.866399893941979642E-15, -8.187499999999998224 ) ) ;
#2795 = CARTESIAN_POINT ( 'NONE',  ( 0.6566704237945620859, 4.239673307570349436, 13.52382966936226971 ) ) ;
#2796 = CONICAL_SURFACE ( 'NONE', #409, 3.500000000000003553, 0.7853981633974496113 ) ;
#2797 = CARTESIAN_POINT ( 'NONE',  ( -0.3659700991737215303, 4.195120770715641711, 1.668079180466336853 ) ) ;
#2798 = CYLINDRICAL_SURFACE ( 'NONE', #3420, 5.000000000000006217 ) ;
#2799 = AXIS2_PLACEMENT_3D ( 'NONE', #597, #1767, #2647 ) ;
#2800 = ORIENTED_EDGE ( 'NONE', *, *, #1204, .T. ) ;
#2801 = LINE ( 'NONE', #2505, #925 ) ;
#2802 = AXIS2_PLACEMENT_3D ( 'NONE', #1282, #2236, #674 ) ;
#2803 = B_SPLINE_CURVE_WITH_KNOTS ( 'NONE', 3,
 ( #436, #3442, #1912, #1892, #2817, #138, #3721, #1606, #3361, #2525, #3073, #398, #3666, #1661 ),
 .UNSPECIFIED., .F., .F.,
 ( 4, 2, 2, 2, 2, 2, 4 ),
 ( 2.115279805580460780E-15, 0.001220978490532395903, 0.001831467735797535999, 0.002441956981062676744, 0.003052446226327817057, 0.003662935471592956502, 0.004883913962123234524 ),
 .UNSPECIFIED. ) ;
#2804 = CARTESIAN_POINT ( 'NONE',  ( 3.592943821779224667, -3.592943821779234881, -8.421874999999998224 ) ) ;
#2805 = CARTESIAN_POINT ( 'NONE',  ( 1.667508410807433616, -4.025721420742524259, 1.281250000000000888 ) ) ;
#2806 = CARTESIAN_POINT ( 'NONE',  ( -6.123233995736780087E-16, -5.000000000000022204, -11.56250000000000178 ) ) ;
#2807 = VERTEX_POINT ( 'NONE', #362 ) ;
#2808 = CARTESIAN_POINT ( 'NONE',  ( -2.846614915774974275, -2.846614915774983157, -6.687499999999999112 ) ) ;
#2809 = EDGE_CURVE ( 'NONE', #738, #628, #781, .T. ) ;
#2810 = CARTESIAN_POINT ( 'NONE',  ( -2.846614915774974275, -2.846614915774983157, -5.187499999999999112 ) ) ;
#2811 = CARTESIAN_POINT ( 'NONE',  ( 4.025721420742514489, -9.852417264376230094E-15, 1.562500000000001332 ) ) ;
#2812 = CARTESIAN_POINT ( 'NONE',  ( 3.346876566376679296, 2.686482066974977823, 13.50504879674873315 ) ) ;
#2813 = ORIENTED_EDGE ( 'NONE', *, *, #2635, .F. ) ;
#2814 = CARTESIAN_POINT ( 'NONE',  ( -4.274049694252484599, 0.5461822577421048264, 1.937320120660487310 ) ) ;
#2815 = DIRECTION ( 'NONE',  ( -0.000000000000000000, -0.000000000000000000, -1.000000000000000000 ) ) ;
#2816 = ORIENTED_EDGE ( 'NONE', *, *, #58, .F. ) ;
#2817 = CARTESIAN_POINT ( 'NONE',  ( 3.918692893134174682, 3.055352526637143296, 3.763727808529029328 ) ) ;
#2818 = CARTESIAN_POINT ( 'NONE',  ( -5.081189881604800007, 2.104697761953640445, -7.578124999999999112 ) ) ;
#2819 = DIRECTION ( 'NONE',  ( -0.000000000000000000, -0.000000000000000000, -1.000000000000000000 ) ) ;
#2820 = EDGE_CURVE ( 'NONE', #3324, #3846, #3870, .T. ) ;
#2821 = VERTEX_POINT ( 'NONE', #2463 ) ;
#2822 = CARTESIAN_POINT ( 'NONE',  ( 0.000000000000000000, 4.025721420742504719, -7.249999999999999112 ) ) ;
#2823 = CARTESIAN_POINT ( 'NONE',  ( -5.081189881604800007, -8.801771090332180691E-15, 1.515625000000001332 ) ) ;
#2824 = CARTESIAN_POINT ( 'NONE',  ( -1.667508410807434727, -4.025721420742523371, -1.906249999999998668 ) ) ;
#2825 = CARTESIAN_POINT ( 'NONE',  ( 1.667508410807433616, -4.025721420742524259, -3.406249999999999556 ) ) ;
#2826 = CARTESIAN_POINT ( 'NONE',  ( -4.025721420742514489, -8.866399893941979642E-15, 0.8125000000000006661 ) ) ;
#2827 = CARTESIAN_POINT ( 'NONE',  ( 3.999999999999999112, -1.549370514577011582, 13.52343127590237870 ) ) ;
#2828 = CARTESIAN_POINT ( 'NONE',  ( 1.663746164062835042, 3.658237857832121076, 13.36524241528352874 ) ) ;
#2829 = CARTESIAN_POINT ( 'NONE',  ( 3.248491137643408688, 2.567692347721633794, 1.474576051021995182 ) ) ;
#2830 = CARTESIAN_POINT ( 'NONE',  ( 5.000000000000012434, -1.003138933591105784E-14, -8.374999999999996447 ) ) ;
#2831 = ADVANCED_FACE ( 'NONE', ( #3664 ), #2187, .T. ) ;
#2832 = VERTEX_POINT ( 'NONE', #1463 ) ;
#2833 = EDGE_LOOP ( 'NONE', ( #320, #1126, #367, #2093, #3365 ) ) ;
#2834 = CARTESIAN_POINT ( 'NONE',  ( -3.585591869970096379, -3.226277999003051011, 3.346074732985982791 ) ) ;
#2835 = CARTESIAN_POINT ( 'NONE',  ( -5.081189881604800007, -2.104697761953658652, -2.890624999999998668 ) ) ;
#2836 = CARTESIAN_POINT ( 'NONE',  ( -4.025721420742513601, -1.667508410807443386, 3.906250000000000000 ) ) ;
#2837 = CARTESIAN_POINT ( 'NONE',  ( -0.7076302832096028617, 4.342551450689606796, 2.185577216788101573 ) ) ;
#2838 = CARTESIAN_POINT ( 'NONE',  ( -4.760009172861399129, -1.389027532892812865E-11, 3.201058768652178532 ) ) ;
#2839 = CARTESIAN_POINT ( 'NONE',  ( -2.846614915774974275, 2.846614915774965393, -8.562499999999998224 ) ) ;
#2840 = CARTESIAN_POINT ( 'NONE',  ( 2.846614915774973831, -2.846614915774984045, -3.312499999999999556 ) ) ;
#2841 = CARTESIAN_POINT ( 'NONE',  ( -4.930086852171255217E-16, -4.025721420742523371, 2.687500000000002220 ) ) ;
#2842 = CARTESIAN_POINT ( 'NONE',  ( -2.071067811865480390, 5.000000000000003553, -0.2187500000000020262 ) ) ;
#2843 = DIRECTION ( 'NONE',  ( 0.000000000000000000, 0.000000000000000000, 1.000000000000000000 ) ) ;
#2844 = CARTESIAN_POINT ( 'NONE',  ( -3.424587124151448503, 2.553011730108572852, 1.834295566426682900 ) ) ;
#2845 = CARTESIAN_POINT ( 'NONE',  ( -2.071067811865481278, -5.000000000000022204, 1.656250000000003331 ) ) ;
#2846 = AXIS2_PLACEMENT_3D ( 'NONE', #1581, #2684, #2760 ) ;
#2847 = VERTEX_POINT ( 'NONE', #2128 ) ;
#2848 = CARTESIAN_POINT ( 'NONE',  ( 2.846614915774973831, -2.846614915774984045, -9.124999999999998224 ) ) ;
#2849 = CARTESIAN_POINT ( 'NONE',  ( -0.2274904177115944504, -4.874715764562614240, 3.502133131555294376 ) ) ;
#2850 = CARTESIAN_POINT ( 'NONE',  ( -3.592943821779224667, -3.592943821779233549, -4.296875000000000000 ) ) ;
#2851 = CARTESIAN_POINT ( 'NONE',  ( -2.846614915774974275, -2.846614915774983157, -12.68750000000000000 ) ) ;
#2852 = CARTESIAN_POINT ( 'NONE',  ( 5.000000000000012434, -1.003138933591105784E-14, -6.687500000000001776 ) ) ;
#2853 = PRODUCT_DEFINITION ( 'General', '', #1174, #1795 ) ;
#2854 = CARTESIAN_POINT ( 'NONE',  ( 5.081189881604800007, -1.004630367520562695E-14, -11.32812499999999822 ) ) ;
#2855 = CARTESIAN_POINT ( 'NONE',  ( -4.025721420742514489, 1.667508410807425623, -6.968749999999999112 ) ) ;
#2856 = CARTESIAN_POINT ( 'NONE',  ( 2.846614915774974719, 2.846614915774964505, 4.562500000000000888 ) ) ;
#2857 = VECTOR ( 'NONE', #2130, 1000.000000000000000 ) ;
#2858 = CARTESIAN_POINT ( 'NONE',  ( 2.846614915774974719, 2.846614915774964505, -1.437499999999999556 ) ) ;
#2859 = CARTESIAN_POINT ( 'NONE',  ( 0.000000000000000000, 5.081189881604791125, 4.046875000000003553 ) ) ;
#2860 = CARTESIAN_POINT ( 'NONE',  ( 2.846614915774974719, 2.846614915774964505, 1.750000000000001554 ) ) ;
#2861 = CARTESIAN_POINT ( 'NONE',  ( 2.071067811865483943, 5.000000000000000888, -0.4062500000000004441 ) ) ;
#2862 = DIRECTION ( 'NONE',  ( -1.000000000000000000, 0.000000000000000000, 0.000000000000000000 ) ) ;
#2863 = DIRECTION ( 'NONE',  ( -1.000000000000000000, 0.000000000000000000, 0.000000000000000000 ) ) ;
#2864 = EDGE_CURVE ( 'NONE', #3846, #3324, #2554, .T. ) ;
#2865 = CARTESIAN_POINT ( 'NONE',  ( 1.667508410807436947, 4.025721420742503831, -11.84375000000000178 ) ) ;
#2866 = CARTESIAN_POINT ( 'NONE',  ( -2.846614915774974275, 2.846614915774965393, -12.87500000000000000 ) ) ;
#2867 = CARTESIAN_POINT ( 'NONE',  ( 4.025721420742512713, 1.667508410807426289, -8.843749999999998224 ) ) ;
#2868 = CARTESIAN_POINT ( 'NONE',  ( -2.746357078411310493, -3.763677418862434454, 2.895751427222818641 ) ) ;
#2869 = FACE_BOUND ( 'NONE', #3462, .T. ) ;
#2870 = CARTESIAN_POINT ( 'NONE',  ( -2.071067811865481278, -5.000000000000022204, -1.343749999999996003 ) ) ;
#2871 = CARTESIAN_POINT ( 'NONE',  ( -3.613907143057008481E-16, 4.618802153517004960, 8.999999999999998224 ) ) ;
#2872 = ORIENTED_EDGE ( 'NONE', *, *, #909, .T. ) ;
#2873 = CARTESIAN_POINT ( 'NONE',  ( 4.025721420742513601, -1.667508410807445607, -1.718749999999999778 ) ) ;
#2874 = CARTESIAN_POINT ( 'NONE',  ( 5.081189881604800007, 2.104697761953641777, 2.359375000000002220 ) ) ;
#2875 = CARTESIAN_POINT ( 'NONE',  ( -4.025721420742513601, -1.667508410807443386, 2.218750000000002220 ) ) ;
#2876 = ADVANCED_FACE ( 'NONE', ( #46 ), #854, .T. ) ;
#2877 = CARTESIAN_POINT ( 'NONE',  ( -4.025721420742514489, -8.866399893941979642E-15, -0.8749999999999990008 ) ) ;
#2878 =( BOUNDED_SURFACE ( )  B_SPLINE_SURFACE ( 1, 2, ( 
 ( #183, #1390, #201, #783, #3766, #1710, #1089, #1971, #2010, #3135, #443, #2282, #3173, #1406, #2301, #2592, #3495, #2979, #3571, #1194, #1504, #2335, #2057, #3257, #565, #2958, #2933, #174, #540, #3838, #1999, #1145, #2909, #225, #3818, #1700, #3461, #2619, #3165, #2021, #3759, #1763, #1124, #1735, #2345, #1398, #3541, #1438, #1083, #3505, #480, #2310, #3487, #2276, #208, #2326, #1380, #2585, #2848, #1980, #3520, #2867, #194, #1418, #245, #798, #828, #2292, #1066, #2600, #813, #3774, #1456, #3188, #2048, #3229, #3793, #501, #1719, #2640, #2886, #3147, #3209, #1676, #456, #521, #2566, #774, #1103, #2034, #3591, #1505, #923, #3332, #621, #1466, #269, #585, #3572, #1219, #1485, #2649, #2394, #2092, #3275, #3554, #2132, #640, #1833, #1177, #328, #1242, #898, #2111, #860, #3001, #309, #3844, #2709, #1876, #3038, #2412, #1152, #566, #50, #2664, #2690, #2433, #3258, #3867, #3633, #2377, #3311, #2355, #32, #879, #2077, #1790, #3294, #10, #3610, #1814, #2959, #1540, #1857, #2980, #287, #1195, #1526, #601, #3019, #660, #1967, #2527, #1894, #1284, #3058, #2486, #979, #2749, #3683, #2189, #3362, #676, #387, #2783, #1927, #716, #3089, #2805, #1325, #3404, #3213, #834, #3150, #211, #3193, #802, #524, #3169, #485, #197, #3744, #2588, #2602, #3777, #506, #1704, #3130, #3467, #2295, #1722, #3798, #3491, #2914, #1422, #2036, #2836, #1086, #3444, #3763, #1107, #2549, #1071, #2571, #778, #1385, #2003, #1364 ),
 ( #2890, #158, #3508, #817, #1742, #1053, #438, #1401, #2024, #230, #1443, #3823, #2622, #1663, #1984, #1129, #2330, #3526, #459, #2258, #757, #1679, #2851, #177, #2072, #1808, #5, #1910, #1562, #2169, #1603, #2865, #3485, #795, #2884, #3184, #1718, #2033, #1436, #3208, #519, #1734, #3419, #317, #2656, #2992, #3581, #1760, #3599, #3816, #62, #2437, #3874, #1226, #39, #3596, #886, #272, #336, #2963, #2944, #314, #2652, #2417, #1530, #2714, #3851, #647, #1183, #1200, #2986, #3616, #3639, #2138, #257, #1797, #2097, #2383, #930, #1490, #1472, #17, #3578, #3280, #1160, #3319, #954, #3300, #2672, #1863, #2730, #2398, #903, #2360, #2082, #1819, #2158, #1549, #296, #627, #3027, #3560, #1511, #2696, #2116, #863, #55, #573, #3262, #607, #1838, #1250, #3337, #126, #1290, #3080, #2212, #2316, #2056, #2708, #2076, #3590, #1769, #1218, #2938, #9, #3553, #897, #1176, #286, #386, #2782, #120, #639, #2748, #3649, #965, #365, #2767, #1740, #3466, #1320, #2184, #1561, #2502, #3701, #2148, #1031, #1417, #2290, #1698, #3102, #2542, #1640, #3484, #1340, #3792, #2521, #730, #3125, #153, #1049, #3758, #2253, #753, #1063, #2273, #771, #1997, #3207, #2907, #1144, #1844, #3692, #1935, #3389, #529, #1075, #838, #2628, #1747, #2875, #3237, #2575, #2897, #3783, #2317, #762, #252, #3529, #466, #2283, #1391, #3496, #3174, #1770, #2302, #1989, #3154, #2264, #2336, #2939, #2556, #235, #1407, #1687, #2856, #184, #3473 ) ),
 .UNSPECIFIED., .F., .F., .F. ) 
 B_SPLINE_SURFACE_WITH_KNOTS ( ( 2, 2 ),
 ( 3, 2, 2, 2, 2, 2, 2, 2, 2, 2, 2, 2, 2, 2, 2, 2, 2, 2, 2, 2, 2, 2, 2, 2, 2, 2, 2, 2, 2, 2, 2, 2, 2, 2, 2, 2, 2, 2, 2, 2, 2, 2, 2, 2, 2, 2, 2, 2, 2, 2, 2, 2, 2, 2, 2, 2, 2, 2, 2, 2, 2, 2, 2, 2, 2, 2, 2, 2, 2, 2, 2, 2, 2, 2, 2, 2, 2, 2, 2, 2, 2, 2, 2, 2, 2, 2, 2, 2, 2, 2, 2, 2, 2, 2, 2, 2, 2, 2, 2, 2, 2, 2, 2, 2, 3 ),
 ( 0.000000000000000000, 1.000000000000000000 ),
 ( 0.000000000000000000, 0.009615384615384615918, 0.01923076923076923184, 0.02884615384615384776, 0.03846153846153846367, 0.04807692307692307959, 0.05769230769230769551, 0.06730769230769230449, 0.07692307692307692735, 0.08653846153846153633, 0.09615384615384615918, 0.1057692307692307682, 0.1153846153846153910, 0.1250000000000000000, 0.1346153846153846090, 0.1442307692307692180, 0.1538461538461538547, 0.1634615384615384637, 0.1730769230769230727, 0.1826923076923076816, 0.1923076923076923184, 0.2019230769230769273, 0.2115384615384615363, 0.2211538461538461453, 0.2307692307692307820, 0.2403846153846153910, 0.2500000000000000000, 0.2596153846153846367, 0.2692307692307692180, 0.2788461538461538547, 0.2884615384615384359, 0.2980769230769230727, 0.3076923076923077094, 0.3173076923076922906, 0.3269230769230769273, 0.3365384615384615641, 0.3461538461538461453, 0.3557692307692307820, 0.3653846153846153633, 0.3750000000000000000, 0.3846153846153846367, 0.3942307692307692180, 0.4038461538461538547, 0.4134615384615384359, 0.4230769230769230727, 0.4326923076923077094, 0.4423076923076922906, 0.4519230769230769273, 0.4615384615384615641, 0.4711538461538461453, 0.4807692307692307820, 0.4903846153846153633, 0.5000000000000000000, 0.5096153846153845812, 0.5192307692307692735, 0.5288461538461538547, 0.5384615384615384359, 0.5480769230769231282, 0.5576923076923077094, 0.5673076923076922906, 0.5769230769230768718, 0.5865384615384615641, 0.5961538461538461453, 0.6057692307692307265, 0.6153846153846154188, 0.6250000000000000000, 0.6346153846153845812, 0.6442307692307692735, 0.6538461538461538547, 0.6634615384615384359, 0.6730769230769231282, 0.6826923076923077094, 0.6923076923076922906, 0.7019230769230768718, 0.7115384615384615641, 0.7211538461538461453, 0.7307692307692307265, 0.7403846153846154188, 0.7500000000000000000, 0.7596153846153845812, 0.7692307692307692735, 0.7788461538461538547, 0.7884615384615384359, 0.7980769230769231282, 0.8076923076923077094, 0.8173076923076922906, 0.8269230769230768718, 0.8365384615384615641, 0.8461538461538461453, 0.8557692307692307265, 0.8653846153846154188, 0.8750000000000000000, 0.8846153846153845812, 0.8942307692307692735, 0.9038461538461538547, 0.9134615384615384359, 0.9230769230769231282, 0.9326923076923077094, 0.9423076923076922906, 0.9519230769230768718, 0.9615384615384615641, 0.9711538461538461453, 0.9807692307692307265, 0.9903846153846154188, 1.000000000000000000 ),
 .UNSPECIFIED. ) 
 GEOMETRIC_REPRESENTATION_ITEM ( )  RATIONAL_B_SPLINE_SURFACE ( (
 ( 1.000000000000000000, 0.9238795325112867385, 1.000000000000000000, 0.9238795325112867385, 1.000000000000000000, 0.9238795325112867385, 1.000000000000000000, 0.9238795325112867385, 1.000000000000000000, 0.9238795325112867385, 1.000000000000000000, 0.9238795325112867385, 1.000000000000000000, 0.9238795325112867385, 1.000000000000000000, 0.9238795325112867385, 1.000000000000000000, 0.9238795325112867385, 1.000000000000000000, 0.9238795325112867385, 1.000000000000000000, 0.9238795325112867385, 1.000000000000000000, 0.9238795325112867385, 1.000000000000000000, 0.9238795325112867385, 1.000000000000000000, 0.9238795325112867385, 1.000000000000000000, 0.9238795325112867385, 1.000000000000000000, 0.9238795325112867385, 1.000000000000000000, 0.9238795325112867385, 1.000000000000000000, 0.9238795325112867385, 1.000000000000000000, 0.9238795325112867385, 1.000000000000000000, 0.9238795325112867385, 1.000000000000000000, 0.9238795325112867385, 1.000000000000000000, 0.9238795325112867385, 1.000000000000000000, 0.9238795325112867385, 1.000000000000000000, 0.9238795325112867385, 1.000000000000000000, 0.9238795325112867385, 1.000000000000000000, 0.9238795325112867385, 1.000000000000000000, 0.9238795325112867385, 1.000000000000000000, 0.9238795325112867385, 1.000000000000000000, 0.9238795325112867385, 1.000000000000000000, 0.9238795325112867385, 1.000000000000000000, 0.9238795325112867385, 1.000000000000000000, 0.9238795325112867385, 1.000000000000000000, 0.9238795325112867385, 1.000000000000000000, 0.9238795325112867385, 1.000000000000000000, 0.9238795325112867385, 1.000000000000000000, 0.9238795325112867385, 1.000000000000000000, 0.9238795325112867385, 1.000000000000000000, 0.9238795325112867385, 1.000000000000000000, 0.9238795325112867385, 1.000000000000000000, 0.9238795325112867385, 1.000000000000000000, 0.9238795325112867385, 1.000000000000000000, 0.9238795325112867385, 1.000000000000000000, 0.9238795325112867385, 1.000000000000000000, 0.9238795325112867385, 1.000000000000000000, 0.9238795325112867385, 1.000000000000000000, 0.9238795325112867385, 1.000000000000000000, 0.9238795325112867385, 1.000000000000000000, 0.9238795325112867385, 1.000000000000000000, 0.9238795325112867385, 1.000000000000000000, 0.9238795325112867385, 1.000000000000000000, 0.9238795325112867385, 1.000000000000000000, 0.9238795325112867385, 1.000000000000000000, 0.9238795325112867385, 1.000000000000000000, 0.9238795325112867385, 1.000000000000000000, 0.9238795325112867385, 1.000000000000000000, 0.9238795325112867385, 1.000000000000000000, 0.9238795325112867385, 1.000000000000000000, 0.9238795325112867385, 1.000000000000000000, 0.9238795325112867385, 1.000000000000000000, 0.9238795325112867385, 1.000000000000000000, 0.9238795325112867385, 1.000000000000000000, 0.9238795325112867385, 1.000000000000000000, 0.9238795325112867385, 1.000000000000000000, 0.9238795325112867385, 1.000000000000000000, 0.9238795325112867385, 1.000000000000000000, 0.9238795325112867385, 1.000000000000000000, 0.9238795325112867385, 1.000000000000000000, 0.9238795325112867385, 1.000000000000000000, 0.9238795325112867385, 1.000000000000000000, 0.9238795325112867385, 1.000000000000000000, 0.9238795325112867385, 1.000000000000000000, 0.9238795325112867385, 1.000000000000000000, 0.9238795325112867385, 1.000000000000000000, 0.9238795325112867385, 1.000000000000000000, 0.9238795325112867385, 1.000000000000000000, 0.9238795325112867385, 1.000000000000000000, 0.9238795325112867385, 1.000000000000000000, 0.9238795325112867385, 1.000000000000000000, 0.9238795325112867385, 1.000000000000000000, 0.9238795325112867385, 1.000000000000000000, 0.9238795325112867385, 1.000000000000000000, 0.9238795325112867385, 1.000000000000000000, 0.9238795325112867385, 1.000000000000000000, 0.9238795325112867385, 1.000000000000000000, 0.9238795325112867385, 1.000000000000000000, 0.9238795325112867385, 1.000000000000000000, 0.9238795325112867385, 1.000000000000000000, 0.9238795325112867385, 1.000000000000000000, 0.9238795325112867385, 1.000000000000000000, 0.9238795325112867385, 1.000000000000000000, 0.9238795325112867385, 1.000000000000000000, 0.9238795325112867385, 1.000000000000000000, 0.9238795325112867385, 1.000000000000000000, 0.9238795325112867385, 1.000000000000000000, 0.9238795325112867385, 1.000000000000000000, 0.9238795325112867385, 1.000000000000000000, 0.9238795325112867385, 1.000000000000000000, 0.9238795325112867385, 1.000000000000000000, 0.9238795325112867385, 1.000000000000000000, 0.9238795325112867385, 1.000000000000000000, 0.9238795325112867385, 1.000000000000000000, 0.9238795325112867385, 1.000000000000000000, 0.9238795325112867385, 1.000000000000000000, 0.9238795325112867385, 1.000000000000000000),
 ( 1.000000000000000000, 0.9238795325112867385, 1.000000000000000000, 0.9238795325112867385, 1.000000000000000000, 0.9238795325112867385, 1.000000000000000000, 0.9238795325112867385, 1.000000000000000000, 0.9238795325112867385, 1.000000000000000000, 0.9238795325112867385, 1.000000000000000000, 0.9238795325112867385, 1.000000000000000000, 0.9238795325112867385, 1.000000000000000000, 0.9238795325112867385, 1.000000000000000000, 0.9238795325112867385, 1.000000000000000000, 0.9238795325112867385, 1.000000000000000000, 0.9238795325112867385, 1.000000000000000000, 0.9238795325112867385, 1.000000000000000000, 0.9238795325112867385, 1.000000000000000000, 0.9238795325112867385, 1.000000000000000000, 0.9238795325112867385, 1.000000000000000000, 0.9238795325112867385, 1.000000000000000000, 0.9238795325112867385, 1.000000000000000000, 0.9238795325112867385, 1.000000000000000000, 0.9238795325112867385, 1.000000000000000000, 0.9238795325112867385, 1.000000000000000000, 0.9238795325112867385, 1.000000000000000000, 0.9238795325112867385, 1.000000000000000000, 0.9238795325112867385, 1.000000000000000000, 0.9238795325112867385, 1.000000000000000000, 0.9238795325112867385, 1.000000000000000000, 0.9238795325112867385, 1.000000000000000000, 0.9238795325112867385, 1.000000000000000000, 0.9238795325112867385, 1.000000000000000000, 0.9238795325112867385, 1.000000000000000000, 0.9238795325112867385, 1.000000000000000000, 0.9238795325112867385, 1.000000000000000000, 0.9238795325112867385, 1.000000000000000000, 0.9238795325112867385, 1.000000000000000000, 0.9238795325112867385, 1.000000000000000000, 0.9238795325112867385, 1.000000000000000000, 0.9238795325112867385, 1.000000000000000000, 0.9238795325112867385, 1.000000000000000000, 0.9238795325112867385, 1.000000000000000000, 0.9238795325112867385, 1.000000000000000000, 0.9238795325112867385, 1.000000000000000000, 0.9238795325112867385, 1.000000000000000000, 0.9238795325112867385, 1.000000000000000000, 0.9238795325112867385, 1.000000000000000000, 0.9238795325112867385, 1.000000000000000000, 0.9238795325112867385, 1.000000000000000000, 0.9238795325112867385, 1.000000000000000000, 0.9238795325112867385, 1.000000000000000000, 0.9238795325112867385, 1.000000000000000000, 0.9238795325112867385, 1.000000000000000000, 0.9238795325112867385, 1.000000000000000000, 0.9238795325112867385, 1.000000000000000000, 0.9238795325112867385, 1.000000000000000000, 0.9238795325112867385, 1.000000000000000000, 0.9238795325112867385, 1.000000000000000000, 0.9238795325112867385, 1.000000000000000000, 0.9238795325112867385, 1.000000000000000000, 0.9238795325112867385, 1.000000000000000000, 0.9238795325112867385, 1.000000000000000000, 0.9238795325112867385, 1.000000000000000000, 0.9238795325112867385, 1.000000000000000000, 0.9238795325112867385, 1.000000000000000000, 0.9238795325112867385, 1.000000000000000000, 0.9238795325112867385, 1.000000000000000000, 0.9238795325112867385, 1.000000000000000000, 0.9238795325112867385, 1.000000000000000000, 0.9238795325112867385, 1.000000000000000000, 0.9238795325112867385, 1.000000000000000000, 0.9238795325112867385, 1.000000000000000000, 0.9238795325112867385, 1.000000000000000000, 0.9238795325112867385, 1.000000000000000000, 0.9238795325112867385, 1.000000000000000000, 0.9238795325112867385, 1.000000000000000000, 0.9238795325112867385, 1.000000000000000000, 0.9238795325112867385, 1.000000000000000000, 0.9238795325112867385, 1.000000000000000000, 0.9238795325112867385, 1.000000000000000000, 0.9238795325112867385, 1.000000000000000000, 0.9238795325112867385, 1.000000000000000000, 0.9238795325112867385, 1.000000000000000000, 0.9238795325112867385, 1.000000000000000000, 0.9238795325112867385, 1.000000000000000000, 0.9238795325112867385, 1.000000000000000000, 0.9238795325112867385, 1.000000000000000000, 0.9238795325112867385, 1.000000000000000000, 0.9238795325112867385, 1.000000000000000000, 0.9238795325112867385, 1.000000000000000000, 0.9238795325112867385, 1.000000000000000000, 0.9238795325112867385, 1.000000000000000000, 0.9238795325112867385, 1.000000000000000000, 0.9238795325112867385, 1.000000000000000000, 0.9238795325112867385, 1.000000000000000000, 0.9238795325112867385, 1.000000000000000000, 0.9238795325112867385, 1.000000000000000000, 0.9238795325112867385, 1.000000000000000000, 0.9238795325112867385, 1.000000000000000000, 0.9238795325112867385, 1.000000000000000000, 0.9238795325112867385, 1.000000000000000000, 0.9238795325112867385, 1.000000000000000000, 0.9238795325112867385, 1.000000000000000000, 0.9238795325112867385, 1.000000000000000000, 0.9238795325112867385, 1.000000000000000000, 0.9238795325112867385, 1.000000000000000000, 0.9238795325112867385, 1.000000000000000000) ) ) 
 REPRESENTATION_ITEM ( '' )  SURFACE ( )  );
#2879 = CARTESIAN_POINT ( 'NONE',  ( -3.613907143057008481E-16, 4.618802153517004960, 8.999999999999998224 ) ) ;
#2880 = CARTESIAN_POINT ( 'NONE',  ( 5.000000000000012434, -1.003138933591105784E-14, -2.374999999999996891 ) ) ;
#2881 = CARTESIAN_POINT ( 'NONE',  ( 0.000000000000000000, 5.081189881604791125, -7.953124999999998224 ) ) ;
#2882 = SURFACE_STYLE_USAGE ( .BOTH. , #2582 ) ;
#2883 = FACE_OUTER_BOUND ( 'NONE', #44, .T. ) ;
#2884 = CARTESIAN_POINT ( 'NONE',  ( -2.846614915774974275, 2.846614915774965393, -11.56250000000000000 ) ) ;
#2885 = ORIENTED_EDGE ( 'NONE', *, *, #3405, .T. ) ;
#2886 = CARTESIAN_POINT ( 'NONE',  ( 0.000000000000000000, 4.025721420742504719, -7.062499999999999112 ) ) ;
#2887 = CARTESIAN_POINT ( 'NONE',  ( -5.000000000000012434, -8.806742536763703202E-15, -12.12499999999999645 ) ) ;
#2888 = CARTESIAN_POINT ( 'NONE',  ( 0.000000000000000000, -3.469446951953614189E-15, 13.99999999999999822 ) ) ;
#2889 = B_SPLINE_CURVE_WITH_KNOTS ( 'NONE', 3,
 ( #28, #2662, #2375, #283, #2090, #3273 ),
 .UNSPECIFIED., .F., .F.,
 ( 4, 2, 4 ),
 ( 0.01480967490411027286, 0.01597852162955675295, 0.01714736835500323478 ),
 .UNSPECIFIED. ) ;
#2890 = CARTESIAN_POINT ( 'NONE',  ( 0.000000000000000000, 4.025721420742504719, -14.75000000000000000 ) ) ;
#2891 = CARTESIAN_POINT ( 'NONE',  ( 0.000000000000000000, -3.469446951953614189E-15, 13.99999999999999822 ) ) ;
#2892 = ORIENTED_EDGE ( 'NONE', *, *, #84, .T. ) ;
#2893 = CARTESIAN_POINT ( 'NONE',  ( 2.104697761953652879, 5.081189881604789349, -11.04687499999999822 ) ) ;
#2894 = EDGE_CURVE ( 'NONE', #1932, #1870, #748, .T. ) ;
#2895 = CARTESIAN_POINT ( 'NONE',  ( -4.025721420742514489, -8.866399893941979642E-15, -8.187499999999998224 ) ) ;
#2896 = CARTESIAN_POINT ( 'NONE',  ( 2.846614915774974719, 2.846614915774964505, -2.937499999999999112 ) ) ;
#2897 = CARTESIAN_POINT ( 'NONE',  ( -4.930086852171255217E-16, -4.025721420742523371, 2.500000000000002220 ) ) ;
#2898 = CARTESIAN_POINT ( 'NONE',  ( 0.000000000000000000, 5.000000000000002665, -7.999999999999996447 ) ) ;
#2899 = CARTESIAN_POINT ( 'NONE',  ( -5.081189881604800007, -8.801771090332180691E-15, -0.07812499999999833467 ) ) ;
#2900 = EDGE_CURVE ( 'NONE', #557, #3384, #1173, .T. ) ;
#2901 = CARTESIAN_POINT ( 'NONE',  ( -5.000000000000012434, -8.806742536763703202E-15, -9.124999999999998224 ) ) ;
#2902 = CARTESIAN_POINT ( 'NONE',  ( 5.000000000000007994, 2.071067811865477282, -0.5937500000000004441 ) ) ;
#2903 =( BOUNDED_CURVE ( )  B_SPLINE_CURVE ( 2, ( #2686, #3822, #874, #2088, #3271, #1128, #2108, #2645, #1807 ),
 .UNSPECIFIED., .F., .F. ) 
 B_SPLINE_CURVE_WITH_KNOTS ( ( 3, 2, 2, 2, 3 ),
 ( 0.8653846153846154188, 0.8750000000000000000, 0.8846153846153846922, 0.8942307692307694955, 0.9038461538461540767 ),
 .UNSPECIFIED. ) 
 CURVE ( )  GEOMETRIC_REPRESENTATION_ITEM ( )  RATIONAL_B_SPLINE_CURVE ( ( 1.000000000000000000, 0.9238795325112867385, 1.000000000000000000, 0.9238795325112867385, 1.000000000000000000, 0.9238795325112867385, 1.000000000000000000, 0.9238795325112849621, 1.000000000000001776 ) ) 
 REPRESENTATION_ITEM ( '' )  );
#2904 = CARTESIAN_POINT ( 'NONE',  ( -2.948657755188456964, 3.113942745939523249, -13.21718085454918423 ) ) ;
#2905 = DIRECTION ( 'NONE',  ( -0.000000000000000000, -0.000000000000000000, 1.000000000000000000 ) ) ;
#2906 = CARTESIAN_POINT ( 'NONE',  ( 4.025721420742513601, 1.667508410807426067, -13.34375000000000178 ) ) ;
#2907 = CARTESIAN_POINT ( 'NONE',  ( 2.846614915774973831, -2.846614915774984045, 1.187500000000001110 ) ) ;
#2908 = CARTESIAN_POINT ( 'NONE',  ( 2.846614915774974719, 2.846614915774964505, 0.2500000000000019429 ) ) ;
#2909 = CARTESIAN_POINT ( 'NONE',  ( 0.000000000000000000, 4.025721420742504719, -11.56250000000000000 ) ) ;
#2910 = CARTESIAN_POINT ( 'NONE',  ( -4.332934655683425618, -1.525137627126770035, 2.714701088502907922 ) ) ;
#2911 = ORIENTED_EDGE ( 'NONE', *, *, #3293, .F. ) ;
#2912 = CARTESIAN_POINT ( 'NONE',  ( 0.000000000000000000, 5.000000000000002665, 2.687500000000000444 ) ) ;
#2913 = LINE ( 'NONE', #3525, #600 ) ;
#2914 = CARTESIAN_POINT ( 'NONE',  ( -2.846614915774974275, 2.846614915774965393, 3.624999999999999556 ) ) ;
#2915 = VECTOR ( 'NONE', #2695, 1000.000000000000114 ) ;
#2916 = CARTESIAN_POINT ( 'NONE',  ( -4.025721420742514489, -8.866399893941979642E-15, -14.37499999999999822 ) ) ;
#2917 = CARTESIAN_POINT ( 'NONE',  ( -4.025721420742514489, 1.667508410807425623, -2.468749999999998668 ) ) ;
#2918 = ADVANCED_FACE ( 'NONE', ( #305 ), #3049, .T. ) ;
#2919 = CARTESIAN_POINT ( 'NONE',  ( -5.000000000000012434, -8.806742536763703202E-15, -10.43750000000000178 ) ) ;
#2920 = AXIS2_PLACEMENT_3D ( 'NONE', #452, #2541, #1717 ) ;
#2921 = ORIENTED_EDGE ( 'NONE', *, *, #3104, .T. ) ;
#2922 = CARTESIAN_POINT ( 'NONE',  ( -2.104697761953649326, 5.081189881604790237, -0.3593749999999986677 ) ) ;
#2923 = CARTESIAN_POINT ( 'NONE',  ( -6.222662924367237206E-16, -5.081189881604809777, 3.296875000000003109 ) ) ;
#2924 = CARTESIAN_POINT ( 'NONE',  ( 3.283977954596426940, -2.515983391148002291, 1.464417097630781095 ) ) ;
#2925 = EDGE_CURVE ( 'NONE', #1908, #383, #3797, .T. ) ;
#2926 = CYLINDRICAL_SURFACE ( 'NONE', #3861, 8.000000000000001776 ) ;
#2927 = CARTESIAN_POINT ( 'NONE',  ( -1.834767847958684861, 3.824194882118194805, -13.26414780520504699 ) ) ;
#2928 = ORIENTED_EDGE ( 'NONE', *, *, #132, .F. ) ;
#2929 =( BOUNDED_CURVE ( )  B_SPLINE_CURVE ( 2, ( #649, #2421, #3620, #3322, #888, #2990, #1866, #297, #1202 ),
 .UNSPECIFIED., .F., .F. ) 
 B_SPLINE_CURVE_WITH_KNOTS ( ( 3, 2, 2, 2, 3 ),
 ( 0.5192307692307692735, 0.5288461538461538547, 0.5384615384615385469, 0.5480769230769232392, 0.5576923076923078204 ),
 .UNSPECIFIED. ) 
 CURVE ( )  GEOMETRIC_REPRESENTATION_ITEM ( )  RATIONAL_B_SPLINE_CURVE ( ( 1.000000000000000000, 0.9238795325112867385, 1.000000000000000000, 0.9238795325112867385, 1.000000000000000000, 0.9238795325112867385, 1.000000000000000000, 0.9238795325112858503, 1.000000000000000888 ) ) 
 REPRESENTATION_ITEM ( '' )  );
#2930 = CARTESIAN_POINT ( 'NONE',  ( 0.000000000000000000, -3.469446951953614189E-15, -13.99999999999999822 ) ) ;
#2931 = CARTESIAN_POINT ( 'NONE',  ( 5.000000000000012434, -1.003138933591105784E-14, 2.125000000000003553 ) ) ;
#2932 = ORIENTED_EDGE ( 'NONE', *, *, #1255, .T. ) ;
#2933 = CARTESIAN_POINT ( 'NONE',  ( 2.846614915774973831, -2.846614915774984045, -12.12499999999999822 ) ) ;
#2934 = CARTESIAN_POINT ( 'NONE',  ( -4.930086852171255217E-16, -4.025721420742523371, -4.812499999999999112 ) ) ;
#2935 = CARTESIAN_POINT ( 'NONE',  ( -3.535533905932746190, -3.535533905932755072, -11.93749999999999645 ) ) ;
#2936 = FACE_OUTER_BOUND ( 'NONE', #3460, .T. ) ;
#2937 = CARTESIAN_POINT ( 'NONE',  ( -4.025721420742514489, -8.866399893941979642E-15, -0.8749999999999990008 ) ) ;
#2938 = CARTESIAN_POINT ( 'NONE',  ( 4.025721420742514489, -9.852417264376230094E-15, -3.124999999999999112 ) ) ;
#2939 = CARTESIAN_POINT ( 'NONE',  ( 1.667508410807433616, -4.025721420742524259, 4.093750000000000000 ) ) ;
#2940 = CARTESIAN_POINT ( 'NONE',  ( -2.071067811865480390, 5.000000000000003553, -10.71875000000000178 ) ) ;
#2941 = CARTESIAN_POINT ( 'NONE',  ( -2.104697761953650215, -5.081189881604809777, 0.2031250000000018874 ) ) ;
#2942 = CARTESIAN_POINT ( 'NONE',  ( 3.535533905932747079, 3.535533905932736420, -3.500000000000001332 ) ) ;
#2943 = DIRECTION ( 'NONE',  ( -1.000000000000000000, 0.000000000000000000, 0.000000000000000000 ) ) ;
#2944 = CARTESIAN_POINT ( 'NONE',  ( 4.025721420742514489, -9.852417264376230094E-15, -9.125000000000000000 ) ) ;
#2945 = DIRECTION ( 'NONE',  ( -0.000000000000000000, -0.000000000000000000, -1.000000000000000000 ) ) ;
#2946 = ORIENTED_EDGE ( 'NONE', *, *, #3042, .T. ) ;
#2947 = DIRECTION ( 'NONE',  ( -0.000000000000000000, -0.000000000000000000, -1.000000000000000000 ) ) ;
#2948 = CARTESIAN_POINT ( 'NONE',  ( -6.222662924367237206E-16, -5.081189881604809777, -10.20312499999999822 ) ) ;
#2949 = ORIENTED_EDGE ( 'NONE', *, *, #3500, .T. ) ;
#2950 = CARTESIAN_POINT ( 'NONE',  ( -2.846614915774974275, 2.846614915774965393, 0.4375000000000003886 ) ) ;
#2951 = CARTESIAN_POINT ( 'NONE',  ( 4.025721420742512713, -1.667508410807445607, -3.031249999999999556 ) ) ;
#2952 = CARTESIAN_POINT ( 'NONE',  ( -3.420715992942749750, -3.131978914632801647, 2.837454231014461037 ) ) ;
#2954 = EDGE_CURVE ( 'NONE', #2807, #3164, #2889, .T. ) ;
#2953 = VERTEX_POINT ( 'NONE', #2704 ) ;
#2955 = CARTESIAN_POINT ( 'NONE',  ( -2.846614915774974275, -2.846614915774983157, -12.68750000000000000 ) ) ;
#2956 = DIRECTION ( 'NONE',  ( -1.000000000000000000, 0.000000000000000000, 0.000000000000000000 ) ) ;
#2957 = CARTESIAN_POINT ( 'NONE',  ( -2.071067811865481278, -5.000000000000022204, -4.343749999999997335 ) ) ;
#2958 = CARTESIAN_POINT ( 'NONE',  ( 1.667508410807433616, -4.025721420742524259, -12.21875000000000178 ) ) ;
#2959 = CARTESIAN_POINT ( 'NONE',  ( 2.846614915774974719, 2.846614915774964505, -1.249999999999999334 ) ) ;
#2960 = CARTESIAN_POINT ( 'NONE',  ( -5.000000000000012434, 2.071067811865471953, -12.21874999999999822 ) ) ;
#2961 = CARTESIAN_POINT ( 'NONE',  ( -1.667508410807434949, -4.025721420742524259, -12.40624999999999822 ) ) ;
#2962 = CARTESIAN_POINT ( 'NONE',  ( 5.000000000000012434, -1.003138933591105784E-14, -3.687500000000001332 ) ) ;
#2963 = CARTESIAN_POINT ( 'NONE',  ( 4.025721420742512713, -1.667508410807445607, -9.218749999999998224 ) ) ;
#2964 = B_SPLINE_CURVE_WITH_KNOTS ( 'NONE', 3,
 ( #826, #2598, #1696, #1415 ),
 .UNSPECIFIED., .F., .F.,
 ( 4, 4 ),
 ( 0.06014064722042517658, 0.06115397515048276444 ),
 .UNSPECIFIED. ) ;
#2965 = ORIENTED_EDGE ( 'NONE', *, *, #421, .T. ) ;
#2966 = CARTESIAN_POINT ( 'NONE',  ( 2.071067811865483943, 5.000000000000000888, -11.09374999999999645 ) ) ;
#2967 = CARTESIAN_POINT ( 'NONE',  ( -5.000000000000012434, -8.806742536763703202E-15, 0.06249999999999819589 ) ) ;
#2968 = EDGE_CURVE ( 'NONE', #2821, #1161, #1150, .T. ) ;
#2969 = CARTESIAN_POINT ( 'NONE',  ( 2.071067811865483943, 5.000000000000000888, -9.593749999999998224 ) ) ;
#2970 = ORIENTED_EDGE ( 'NONE', *, *, #1310, .F. ) ;
#2971 = CARTESIAN_POINT ( 'NONE',  ( -2.104697761953649326, 5.081189881604790237, -15.26562500000000000 ) ) ;
#2972 = CARTESIAN_POINT ( 'NONE',  ( 4.025721420742512713, -1.667508410807445607, -6.031249999999998224 ) ) ;
#2973 = CARTESIAN_POINT ( 'NONE',  ( -2.129384545866540801, -3.844288840572076094, 2.171051973277167146 ) ) ;
#2974 = DIRECTION ( 'NONE',  ( -0.000000000000000000, -0.000000000000000000, -1.000000000000000000 ) ) ;
#2975 = DIRECTION ( 'NONE',  ( -0.000000000000000000, -0.000000000000000000, -1.000000000000000000 ) ) ;
#2976 = CARTESIAN_POINT ( 'NONE',  ( 2.071067811865483943, 5.000000000000000888, 2.406250000000004441 ) ) ;
#2977 = CARTESIAN_POINT ( 'NONE',  ( -9.767485715204783227E-17, 4.618802153517004960, 13.72275660795741281 ) ) ;
#2978 = AXIS2_PLACEMENT_3D ( 'NONE', #1253, #2439, #3046 ) ;
#2979 = CARTESIAN_POINT ( 'NONE',  ( -1.667508410807434505, 4.025721420742504719, -12.96875000000000178 ) ) ;
#2980 = CARTESIAN_POINT ( 'NONE',  ( -1.667508410807434505, 4.025721420742504719, -0.9687499999999993339 ) ) ;
#2981 = VERTEX_POINT ( 'NONE', #3588 ) ;
#2982 = CARTESIAN_POINT ( 'NONE',  ( 4.025721420742514489, -9.852417264376230094E-15, -11.93749999999999822 ) ) ;
#2983 = AXIS2_PLACEMENT_3D ( 'NONE', #3755, #1060, #168 ) ;
#2984 = CARTESIAN_POINT ( 'NONE',  ( -3.508579224810759456, -2.849163261129367797, -12.99047780081228431 ) ) ;
#2985 = CARTESIAN_POINT ( 'NONE',  ( -3.535533905932746190, -3.535533905932755072, -5.750000000000001776 ) ) ;
#2986 = CARTESIAN_POINT ( 'NONE',  ( -2.846614915774974275, -2.846614915774983157, -8.187500000000000000 ) ) ;
#2987 = AXIS2_PLACEMENT_3D ( 'NONE', #68, #2446, #3646 ) ;
#2988 = CARTESIAN_POINT ( 'NONE',  ( -2.149708254694593368, 4.170093906929107419, 2.985535980162065783 ) ) ;
#2989 = VECTOR ( 'NONE', #311, 1000.000000000000000 ) ;
#2990 = CARTESIAN_POINT ( 'NONE',  ( -2.071067811865480390, 5.000000000000003553, -3.406249999999996003 ) ) ;
#2991 = CARTESIAN_POINT ( 'NONE',  ( 0.000000000000000000, 4.025721420742504719, -13.06250000000000000 ) ) ;
#2992 = CARTESIAN_POINT ( 'NONE',  ( 4.025721420742512713, 1.667508410807426289, -10.53124999999999822 ) ) ;
#2993 = EDGE_CURVE ( 'NONE', #1169, #172, #1215, .T. ) ;
#2994 = CARTESIAN_POINT ( 'NONE',  ( 1.667508410807433616, -4.025721420742524259, 1.093750000000000888 ) ) ;
#2995 = CARTESIAN_POINT ( 'NONE',  ( -2.846614915774974275, 2.846614915774965393, -2.374999999999998668 ) ) ;
#2996 = CARTESIAN_POINT ( 'NONE',  ( 0.3774085864926897127, -4.420774508954860238, 2.287485805778257220 ) ) ;
#2997 = ORIENTED_EDGE ( 'NONE', *, *, #2639, .F. ) ;
#2998 = CARTESIAN_POINT ( 'NONE',  ( 3.999999999999998224, -2.309401076758501148, 8.999999999999998224 ) ) ;
#2999 = CARTESIAN_POINT ( 'NONE',  ( -5.000000000000018652, -2.071067811865483499, 3.156249999999996891 ) ) ;
#3000 = CARTESIAN_POINT ( 'NONE',  ( -3.592943821779224667, 3.592943821779215785, -12.17187499999999822 ) ) ;
#3001 = CARTESIAN_POINT ( 'NONE',  ( -4.025721420742513601, 1.667508410807425623, -3.781249999999997780 ) ) ;
#3002 = VERTEX_POINT ( 'NONE', #2723 ) ;
#3003 = CARTESIAN_POINT ( 'NONE',  ( 1.667508410807433616, -4.025721420742524259, -12.40624999999999822 ) ) ;
#3004 = EDGE_CURVE ( 'NONE', #3375, #3441, #2522, .T. ) ;
#3005 = CARTESIAN_POINT ( 'NONE',  ( 5.081189881604800007, 2.104697761953641777, -5.234374999999999112 ) ) ;
#3006 = DIRECTION ( 'NONE',  ( 1.000000000000000000, 0.000000000000000000, 0.000000000000000000 ) ) ;
#3007 = ORIENTED_EDGE ( 'NONE', *, *, #2597, .T. ) ;
#3008 = CARTESIAN_POINT ( 'NONE',  ( -2.846614915774974275, -2.846614915774983157, -8.000000000000000000 ) ) ;
#3009 = CARTESIAN_POINT ( 'NONE',  ( -3.535533905932746190, 3.535533905932737309, -9.312499999999998224 ) ) ;
#3010 =( BOUNDED_CURVE ( )  B_SPLINE_CURVE ( 2, ( #2887, #247, #2935, #2620, #3794, #3189, #3251, #502, #2000 ),
 .UNSPECIFIED., .F., .F. ) 
 B_SPLINE_CURVE_WITH_KNOTS ( ( 3, 2, 2, 2, 3 ),
 ( 0.09615384615384615918, 0.1057692307692307820, 0.1153846153846154188, 0.1250000000000000555, 0.1346153846153846645 ),
 .UNSPECIFIED. ) 
 CURVE ( )  GEOMETRIC_REPRESENTATION_ITEM ( )  RATIONAL_B_SPLINE_CURVE ( ( 1.000000000000000000, 0.9238795325112867385, 1.000000000000000000, 0.9238795325112867385, 1.000000000000000000, 0.9238795325112867385, 1.000000000000000000, 0.9238795325112862944, 1.000000000000000444 ) ) 
 REPRESENTATION_ITEM ( '' )  );
#3011 = ORIENTED_EDGE ( 'NONE', *, *, #2430, .T. ) ;
#3012 = CARTESIAN_POINT ( 'NONE',  ( -4.025721420742514489, -8.866399893941979642E-15, 3.624999999999999556 ) ) ;
#3013 = CARTESIAN_POINT ( 'NONE',  ( -2.833349391457030908, -3.340772203430236509, 2.131928837440665525 ) ) ;
#3014 = EDGE_LOOP ( 'NONE', ( #1860, #3052, #1915, #3817 ) ) ;
#3015 = CARTESIAN_POINT ( 'NONE',  ( 4.890602064898133428, 0.3222233864466891862, -12.60939793510091889 ) ) ;
#3016 = CARTESIAN_POINT ( 'NONE',  ( -3.535533905932746190, -3.535533905932755072, -2.937499999999997335 ) ) ;
#3017 = CARTESIAN_POINT ( 'NONE',  ( -6.123233995736780087E-16, -5.000000000000022204, 3.437499999999997780 ) ) ;
#3018 = CARTESIAN_POINT ( 'NONE',  ( 2.104697761953648882, -5.081189881604811553, -11.51562500000000000 ) ) ;
#3019 = CARTESIAN_POINT ( 'NONE',  ( -2.846614915774974275, -2.846614915774983157, -0.4999999999999987232 ) ) ;
#3020 = EDGE_CURVE ( 'NONE', #2510, #1932, #1346, .T. ) ;
#3021 = CARTESIAN_POINT ( 'NONE',  ( 0.000000000000000000, 4.025721420742504719, -10.06249999999999822 ) ) ;
#3022 = CARTESIAN_POINT ( 'NONE',  ( 3.535533905932745746, -3.535533905932756404, -7.062499999999995559 ) ) ;
#3023 = ORIENTED_EDGE ( 'NONE', *, *, #2655, .F. ) ;
#3024 = CARTESIAN_POINT ( 'NONE',  ( 5.081189881604800007, 2.104697761953641777, -6.734374999999998224 ) ) ;
#3025 = CARTESIAN_POINT ( 'NONE',  ( -4.207395666401573031, -1.502628559766619576, -13.04262134307016829 ) ) ;
#3026 = CARTESIAN_POINT ( 'NONE',  ( -5.081189881604800007, -8.801771090332180691E-15, -3.078124999999997335 ) ) ;
#3027 = CARTESIAN_POINT ( 'NONE',  ( -4.025721420742514489, -8.866399893941979642E-15, -5.375000000000000000 ) ) ;
#3028 = EDGE_CURVE ( 'NONE', #2637, #151, #478, .T. ) ;
#3029 = ORIENTED_EDGE ( 'NONE', *, *, #3521, .F. ) ;
#3030 = CARTESIAN_POINT ( 'NONE',  ( 0.000000000000000000, 4.025721420742504719, -7.062499999999999112 ) ) ;
#3031 = ORIENTED_EDGE ( 'NONE', *, *, #1101, .T. ) ;
#3032 = CARTESIAN_POINT ( 'NONE',  ( 2.846614915774974719, 2.846614915774964505, 3.062500000000002665 ) ) ;
#3033 = CARTESIAN_POINT ( 'NONE',  ( 2.071067811865483943, 5.000000000000000888, -2.093749999999996447 ) ) ;
#3034 = ORIENTED_EDGE ( 'NONE', *, *, #1551, .F. ) ;
#3035 = CARTESIAN_POINT ( 'NONE',  ( 2.846614915774974719, 2.846614915774964505, -10.43749999999999822 ) ) ;
#3036 = CARTESIAN_POINT ( 'NONE',  ( 5.000000000000012434, -1.003138933591105784E-14, 3.812499999999998224 ) ) ;
#3037 = CARTESIAN_POINT ( 'NONE',  ( 2.104697761953648882, -5.081189881604811553, -10.01562500000000000 ) ) ;
#3038 = CARTESIAN_POINT ( 'NONE',  ( -4.930086852171255217E-16, -4.025721420742523371, -3.312499999999999556 ) ) ;
#3039 = ORIENTED_EDGE ( 'NONE', *, *, #855, .F. ) ;
#3040 = CARTESIAN_POINT ( 'NONE',  ( 2.104697761953648882, -5.081189881604811553, 1.890625000000001554 ) ) ;
#3041 = CARTESIAN_POINT ( 'NONE',  ( 0.7951538690948631860, -4.610390760153755707, -12.83140949435090405 ) ) ;
#3042 = EDGE_CURVE ( 'NONE', #2981, #1779, #1512, .T. ) ;
#3043 = CARTESIAN_POINT ( 'NONE',  ( -2.104697761953649326, 5.081189881604790237, -1.765624999999999778 ) ) ;
#3044 = CIRCLE ( 'NONE', #1752, 8.000000000000003553 ) ;
#3045 = ADVANCED_FACE ( 'NONE', ( #102 ), #2227, .F. ) ;
#3046 = DIRECTION ( 'NONE',  ( -1.000000000000000000, 0.000000000000000000, 0.000000000000000000 ) ) ;
#3047 = CARTESIAN_POINT ( 'NONE',  ( -4.930086852171255217E-16, -4.025721420742523371, -6.312499999999998224 ) ) ;
#3048 = CARTESIAN_POINT ( 'NONE',  ( 5.000000000000012434, -1.003138933591105784E-14, -9.874999999999996447 ) ) ;
#3049 = CONICAL_SURFACE ( 'NONE', #984, 5.050799999999994405, 0.3490658503988666728 ) ;
#3050 = CARTESIAN_POINT ( 'NONE',  ( -2.846614915774974275, 2.846614915774965393, -14.37499999999999822 ) ) ;
#3051 = CARTESIAN_POINT ( 'NONE',  ( 1.237523779253029366, -4.275675696456561425, 2.326431940560391709 ) ) ;
#3052 = ORIENTED_EDGE ( 'NONE', *, *, #243, .T. ) ;
#3053 = CARTESIAN_POINT ( 'NONE',  ( -7.500000000000001776, -3.469446951953614189E-15, 4.500000000000000888 ) ) ;
#3054 = CARTESIAN_POINT ( 'NONE',  ( -2.846614915774974275, 2.846614915774965393, -10.06249999999999822 ) ) ;
#3055 = CARTESIAN_POINT ( 'NONE',  ( 4.025721420742514489, 7.686404827221489917E-14, -13.47427857925748995 ) ) ;
#3056 =( BOUNDED_CURVE ( )  B_SPLINE_CURVE ( 2, ( #3579, #906, #1513 ),
 .UNSPECIFIED., .F., .T. ) 
 B_SPLINE_CURVE_WITH_KNOTS ( ( 3, 3 ),
 ( 0.01670360376670954050, 0.01923076923076924918 ),
 .UNSPECIFIED. ) 
 CURVE ( )  GEOMETRIC_REPRESENTATION_ITEM ( )  RATIONAL_B_SPLINE_CURVE ( ( 0.9705036053405748930, 0.9799936222792620111, 0.9999999999999997780 ) ) 
 REPRESENTATION_ITEM ( '' )  );
#3057 = CARTESIAN_POINT ( 'NONE',  ( 5.081189881604800007, -1.004630367520562695E-14, -9.734375000000000000 ) ) ;
#3058 = CARTESIAN_POINT ( 'NONE',  ( 4.025721420742514489, -9.852417264376230094E-15, 0.06250000000000179023 ) ) ;
#3059 = CARTESIAN_POINT ( 'NONE',  ( -5.000000000000012434, -2.071067811865489716, -10.34375000000000355 ) ) ;
#3060 = ORIENTED_EDGE ( 'NONE', *, *, #2517, .F. ) ;
#3061 = CARTESIAN_POINT ( 'NONE',  ( -2.846614915774974275, -2.846614915774983157, -12.68750000000000000 ) ) ;
#3062 = CARTESIAN_POINT ( 'NONE',  ( 4.025721420742514489, -9.852417264376230094E-15, -7.624999999999999112 ) ) ;
#3063 = CARTESIAN_POINT ( 'NONE',  ( -4.025721420742513601, 1.667508410807425623, -0.7812499999999990008 ) ) ;
#3064 = DIRECTION ( 'NONE',  ( -0.000000000000000000, -0.000000000000000000, 1.000000000000000000 ) ) ;
#3065 = CARTESIAN_POINT ( 'NONE',  ( -1.667508410807434061, 4.025721420742504719, -6.968749999999999112 ) ) ;
#3066 = CARTESIAN_POINT ( 'NONE',  ( -1.324018751612215050, -3.854379570861580007, 13.39933838643354136 ) ) ;
#3067 = ORIENTED_EDGE ( 'NONE', *, *, #1632, .T. ) ;
#3068 = CARTESIAN_POINT ( 'NONE',  ( 4.083282373549240063, -9.862991039867824350E-15, 1.341767168402226762 ) ) ;
#3069 = ORIENTED_EDGE ( 'NONE', *, *, #1656, .F. ) ;
#3070 = CARTESIAN_POINT ( 'NONE',  ( 4.675790809071275866, 1.598096976642266798, -12.56927000037723730 ) ) ;
#3071 = CARTESIAN_POINT ( 'NONE',  ( -4.025721420742513601, -1.667508410807443386, -11.28125000000000000 ) ) ;
#3072 = EDGE_CURVE ( 'NONE', #291, #248, #1413, .T. ) ;
#3073 = CARTESIAN_POINT ( 'NONE',  ( 4.720848844027234037, 1.411822038807972302, 3.649428952385326497 ) ) ;
#3074 = CARTESIAN_POINT ( 'NONE',  ( 0.000000000000000000, 5.081189881604791125, -10.85937500000000000 ) ) ;
#3075 = CARTESIAN_POINT ( 'NONE',  ( 2.996882164732154408, 2.721394021316494438, -13.45788112783105461 ) ) ;
#3076 = CARTESIAN_POINT ( 'NONE',  ( -3.782202674130442421, 2.829348321681606659, 3.073497928922560352 ) ) ;
#3077 = ORIENTED_EDGE ( 'NONE', *, *, #3864, .T. ) ;
#3078 = CARTESIAN_POINT ( 'NONE',  ( 5.081189881604800007, -1.004630367520562695E-14, 2.171875000000001776 ) ) ;
#3079 = CARTESIAN_POINT ( 'NONE',  ( 1.667508410807433616, -4.025721420742524259, -9.406249999999998224 ) ) ;
#3080 = CARTESIAN_POINT ( 'NONE',  ( -4.025721420742513601, 1.667508410807425623, -3.968749999999998224 ) ) ;
#3081 = CARTESIAN_POINT ( 'NONE',  ( 4.025721420742512713, 1.667508410807426289, 4.656250000000000000 ) ) ;
#3082 = CARTESIAN_POINT ( 'NONE',  ( 3.957816061571108879, 0.8466815055375653820, -13.47427857925749528 ) ) ;
#3083 = CARTESIAN_POINT ( 'NONE',  ( 4.025721420742513601, -1.667508410807445607, -9.031250000000000000 ) ) ;
#3084 = CARTESIAN_POINT ( 'NONE',  ( 2.704161510714436556, 3.791947503977981970, -12.85212602184629205 ) ) ;
#3085 = CARTESIAN_POINT ( 'NONE',  ( 4.065257486292369826, 0.5474060721047113720, 1.367316825138108927 ) ) ;
#3086 = EDGE_LOOP ( 'NONE', ( #634, #20, #2997, #2210, #3060, #3224, #1665, #347, #2726, #1434, #3252, #2146, #3029, #2544, #302, #1659, #3205, #943, #732, #221, #2134, #3515, #1206, #1277, #3069, #1037, #261, #3820, #3327, #577 ) ) ;
#3087 = CARTESIAN_POINT ( 'NONE',  ( 5.000000000000012434, -1.003138933591105784E-14, -3.874999999999996447 ) ) ;
#3088 = CARTESIAN_POINT ( 'NONE',  ( -2.104697761953649326, 5.081189881604790237, -6.265625000000000888 ) ) ;
#3089 = CARTESIAN_POINT ( 'NONE',  ( -4.930086852171255217E-16, -4.025721420742523371, 1.187500000000001110 ) ) ;
#3090 = CARTESIAN_POINT ( 'NONE',  ( -6.123233995736780087E-16, -5.000000000000022204, -1.249999999999996003 ) ) ;
#3091 = CARTESIAN_POINT ( 'NONE',  ( 3.607946588323414527, 2.842004846244630123, 2.713776183266781050 ) ) ;
#3092 = VERTEX_POINT ( 'NONE', #487 ) ;
#3093 = CARTESIAN_POINT ( 'NONE',  ( -4.025721420742513601, 1.667508410807425623, -11.28125000000000000 ) ) ;
#3094 = CARTESIAN_POINT ( 'NONE',  ( -1.667508410807434727, -4.025721420742523371, -11.09374999999999822 ) ) ;
#3095 = LINE ( 'NONE', #505, #2012 ) ;
#3096 = CARTESIAN_POINT ( 'NONE',  ( 4.025721420742514489, -9.852417264376230094E-15, 3.062500000000002665 ) ) ;
#3097 = CARTESIAN_POINT ( 'NONE',  ( 8.000000000000001776, -2.489729512635731426E-15, -13.99999999999999822 ) ) ;
#3098 = CARTESIAN_POINT ( 'NONE',  ( -4.025721420742514489, -8.866399893941979642E-15, -3.687499999999998224 ) ) ;
#3099 = CARTESIAN_POINT ( 'NONE',  ( 1.451830290812152535, 4.615669889567142192, -12.67053592599599199 ) ) ;
#3100 = CARTESIAN_POINT ( 'NONE',  ( 5.081189881604800007, 2.104697761953641777, -8.234374999999998224 ) ) ;
#3101 = CARTESIAN_POINT ( 'NONE',  ( 3.963985042205940612, 1.092224784545114957, 1.394191846082377229 ) ) ;
#3102 = CARTESIAN_POINT ( 'NONE',  ( -1.667508410807434949, -4.025721420742524259, -0.5937499999999987788 ) ) ;
#3103 = CIRCLE ( 'NONE', #1308, 7.500000000000001776 ) ;
#3104 = EDGE_CURVE ( 'NONE', #1800, #3286, #160, .T. ) ;
#3105 = CARTESIAN_POINT ( 'NONE',  ( 1.361857919474404488, -4.561465626817510888, 3.174497874975917622 ) ) ;
#3106 = CARTESIAN_POINT ( 'NONE',  ( -3.133267456625964176, -3.679074228284744841, 3.371059041839481019 ) ) ;
#3107 =( GEOMETRIC_REPRESENTATION_CONTEXT ( 3 ) GLOBAL_UNCERTAINTY_ASSIGNED_CONTEXT ( ( #1545 ) ) GLOBAL_UNIT_ASSIGNED_CONTEXT ( ( #617, #2107, #1211 ) ) REPRESENTATION_CONTEXT ( 'NONE', 'WORKASPACE' ) );
#3108 = CARTESIAN_POINT ( 'NONE',  ( 2.104697761953652879, 5.081189881604789349, -4.953124999999999112 ) ) ;
#3109 = CARTESIAN_POINT ( 'NONE',  ( 4.025721420742514489, -9.852417264376230094E-15, -8.937500000000000000 ) ) ;
#3110 = CARTESIAN_POINT ( 'NONE',  ( 0.000000000000000000, -3.469446951953614189E-15, -13.99999999999999822 ) ) ;
#3111 = VERTEX_POINT ( 'NONE', #461 ) ;
#3112 = CARTESIAN_POINT ( 'NONE',  ( 3.592943821779224667, -3.592943821779234881, -11.51562499999999822 ) ) ;
#3113 = CARTESIAN_POINT ( 'NONE',  ( -1.667508410807434505, 4.025721420742504719, -8.468749999999998224 ) ) ;
#3114 = CARTESIAN_POINT ( 'NONE',  ( -4.025721420742514489, -1.667508410807443164, -6.781249999999999112 ) ) ;
#3115 = CARTESIAN_POINT ( 'NONE',  ( -3.592943821779224667, 3.592943821779215785, -0.1718750000000001665 ) ) ;
#3116 = CARTESIAN_POINT ( 'NONE',  ( 2.846614915774973831, -2.846614915774984045, -6.312499999999998224 ) ) ;
#3117 = ADVANCED_FACE ( 'NONE', ( #2260, #1366 ), #3746, .T. ) ;
#3118 = ADVANCED_FACE ( 'NONE', ( #1445 ), #3685, .T. ) ;
#3119 = CARTESIAN_POINT ( 'NONE',  ( 1.667508410807436947, 4.025721420742503831, 4.843750000000000888 ) ) ;
#3120 = CARTESIAN_POINT ( 'NONE',  ( 0.000000000000000000, -3.469446951953614189E-15, -13.99999999999999822 ) ) ;
#3121 = CARTESIAN_POINT ( 'NONE',  ( -4.930086852171255217E-16, -4.025721420742523371, -4.812499999999999112 ) ) ;
#3122 = CARTESIAN_POINT ( 'NONE',  ( 4.110808601134605667, 1.199292320726931038, -13.22818072159443936 ) ) ;
#3123 = DIRECTION ( 'NONE',  ( 0.000000000000000000, 0.000000000000000000, 1.000000000000000000 ) ) ;
#3124 = FACE_OUTER_BOUND ( 'NONE', #2223, .T. ) ;
#3125 = CARTESIAN_POINT ( 'NONE',  ( 1.667508410807436947, 4.025721420742503831, 0.1562500000000018596 ) ) ;
#3126 = ORIENTED_EDGE ( 'NONE', *, *, #1204, .F. ) ;
#3127 = VERTEX_POINT ( 'NONE', #3730 ) ;
#3128 = CARTESIAN_POINT ( 'NONE',  ( -5.000000000000006217, -3.469446951953614189E-15, -13.99999999999999822 ) ) ;
#3129 = CARTESIAN_POINT ( 'NONE',  ( 2.104697761953652879, 5.081189881604789349, -6.453124999999999112 ) ) ;
#3130 = CARTESIAN_POINT ( 'NONE',  ( 4.025721420742514489, -9.852417264376230094E-15, 3.062500000000002665 ) ) ;
#3131 = CARTESIAN_POINT ( 'NONE',  ( -2.326598088465251291, 3.785721191661152840, 2.305805175188716305 ) ) ;
#3132 = ORIENTED_EDGE ( 'NONE', *, *, #1881, .T. ) ;
#3133 = CARTESIAN_POINT ( 'NONE',  ( -4.025721420742513601, 1.667508410807425623, -8.281249999999998224 ) ) ;
#3134 = CARTESIAN_POINT ( 'NONE',  ( 2.846614915774974719, 2.846614915774964505, -7.437499999999999112 ) ) ;
#3135 = CARTESIAN_POINT ( 'NONE',  ( 1.667508410807433616, -4.025721420742524259, -13.71875000000000178 ) ) ;
#3136 = CARTESIAN_POINT ( 'NONE',  ( -4.025721420742513601, 1.667508410807425623, -3.968749999999998224 ) ) ;
#3137 = CARTESIAN_POINT ( 'NONE',  ( 3.592943821779225555, 3.592943821779214897, 5.359375000000000888 ) ) ;
#3138 = CARTESIAN_POINT ( 'NONE',  ( -4.025721420742513601, 1.667508410807425623, 3.718750000000000000 ) ) ;
#3139 = LINE ( 'NONE', #447, #786 ) ;
#3140 = CARTESIAN_POINT ( 'NONE',  ( -0.3269686801990175917, -4.430026697987524464, 13.61376704789060454 ) ) ;
#3141 = VERTEX_POINT ( 'NONE', #2578 ) ;
#3142 = CARTESIAN_POINT ( 'NONE',  ( -5.000000000000012434, -8.806742536763703202E-15, 1.375000000000003109 ) ) ;
#3143 = CARTESIAN_POINT ( 'NONE',  ( -3.535533905932746190, -3.535533905932755072, 1.562500000000003331 ) ) ;
#3144 = ORIENTED_EDGE ( 'NONE', *, *, #3655, .T. ) ;
#3145 = CARTESIAN_POINT ( 'NONE',  ( -1.667508410807434949, -4.025721420742524259, -13.90624999999999822 ) ) ;
#3146 = ORIENTED_EDGE ( 'NONE', *, *, #625, .T. ) ;
#3147 = CARTESIAN_POINT ( 'NONE',  ( -1.667508410807434505, 4.025721420742504719, -6.968749999999999112 ) ) ;
#3148 = CARTESIAN_POINT ( 'NONE',  ( -5.000000000000012434, -2.071067811865489716, -4.343750000000000000 ) ) ;
#3149 = CARTESIAN_POINT ( 'NONE',  ( -5.081189881604800007, 2.104697761953640445, -6.078125000000000000 ) ) ;
#3150 = CARTESIAN_POINT ( 'NONE',  ( 2.846614915774974719, 2.846614915774964505, 1.750000000000001554 ) ) ;
#3151 = CARTESIAN_POINT ( 'NONE',  ( 3.535533905932745746, -3.535533905932756404, -1.062499999999995781 ) ) ;
#3152 = CARTESIAN_POINT ( 'NONE',  ( -4.025721420742514489, -8.866399893941979642E-15, -9.874999999999998224 ) ) ;
#3153 = CARTESIAN_POINT ( 'NONE',  ( -5.081189881604800007, -8.801771090332180691E-15, 3.015624999999999112 ) ) ;
#3154 = CARTESIAN_POINT ( 'NONE',  ( -2.846614915774974275, -2.846614915774983157, 3.812500000000000000 ) ) ;
#3155 = CARTESIAN_POINT ( 'NONE',  ( -4.025721420742514489, -8.866399893941979642E-15, -3.874999999999998224 ) ) ;
#3156 =( BOUNDED_CURVE ( )  B_SPLINE_CURVE ( 2, ( #1159, #1224, #1818, #902, #2359, #3559, #2985, #2397, #294 ),
 .UNSPECIFIED., .F., .F. ) 
 B_SPLINE_CURVE_WITH_KNOTS ( ( 3, 2, 2, 2, 3 ),
 ( 0.4807692307692307820, 0.4903846153846154743, 0.5000000000000001110, 0.5096153846153846922, 0.5192307692307692735 ),
 .UNSPECIFIED. ) 
 CURVE ( )  GEOMETRIC_REPRESENTATION_ITEM ( )  RATIONAL_B_SPLINE_CURVE ( ( 0.9999999999999995559, 0.9238795325112871826, 1.000000000000000000, 0.9238795325112867385, 1.000000000000000000, 0.9238795325112867385, 1.000000000000000000, 0.9238795325112858503, 1.000000000000000888 ) ) 
 REPRESENTATION_ITEM ( '' )  );
#3157 = CARTESIAN_POINT ( 'NONE',  ( 4.200310384173238987, 2.025701212517513242E-11, 1.663298985035360333 ) ) ;
#3158 = FACE_OUTER_BOUND ( 'NONE', #503, .T. ) ;
#3159 = CARTESIAN_POINT ( 'NONE',  ( 2.846614915774973831, -2.846614915774984045, -4.624999999999999112 ) ) ;
#3160 = CARTESIAN_POINT ( 'NONE',  ( 4.999999999999997335, 2.071067811865486163, 0.9062499999999996669 ) ) ;
#3161 = CARTESIAN_POINT ( 'NONE',  ( 3.343329576205436471, -2.688529922705157560, 13.52382966936226616 ) ) ;
#3162 = AXIS2_PLACEMENT_3D ( 'NONE', #2561, #1412, #810 ) ;
#3163 = AXIS2_PLACEMENT_3D ( 'NONE', #1961, #1940, #1355 ) ;
#3164 = VERTEX_POINT ( 'NONE', #2215 ) ;
#3165 = CARTESIAN_POINT ( 'NONE',  ( -2.846614915774974275, -2.846614915774983157, -11.00000000000000000 ) ) ;
#3166 = CARTESIAN_POINT ( 'NONE',  ( -4.545912253588365814, -2.395194305436089050E-11, 2.612832317374721658 ) ) ;
#3167 = CARTESIAN_POINT ( 'NONE',  ( -3.535533905932746190, 3.535533905932737309, 2.874999999999997335 ) ) ;
#3168 = CARTESIAN_POINT ( 'NONE',  ( -6.222662924367237206E-16, -5.081189881604809777, -7.109374999999999112 ) ) ;
#3169 = CARTESIAN_POINT ( 'NONE',  ( -4.025721420742513601, 1.667508410807425623, 2.218750000000002220 ) ) ;
#3170 = CARTESIAN_POINT ( 'NONE',  ( 1.272048100999900067, 4.160060947996364611, 2.049188034348452980 ) ) ;
#3171 = ORIENTED_EDGE ( 'NONE', *, *, #3072, .F. ) ;
#3172 = CARTESIAN_POINT ( 'NONE',  ( 1.667508410807433616, -4.025721420742524259, -1.906249999999998668 ) ) ;
#3173 = CARTESIAN_POINT ( 'NONE',  ( 4.025721420742514489, -9.852417264376230094E-15, -13.43749999999999822 ) ) ;
#3174 = CARTESIAN_POINT ( 'NONE',  ( -2.846614915774974275, 2.846614915774965393, 3.437499999999999556 ) ) ;
#3175 = CARTESIAN_POINT ( 'NONE',  ( 2.846614915774974719, 2.846614915774964505, -2.937499999999999112 ) ) ;
#3176 = CARTESIAN_POINT ( 'NONE',  ( -3.592943821779224667, 3.592943821779215785, 4.234375000000000000 ) ) ;
#3177 = DIRECTION ( 'NONE',  ( -0.000000000000000000, -0.000000000000000000, -1.000000000000000000 ) ) ;
#3178 = CARTESIAN_POINT ( 'NONE',  ( -3.999999999999998224, -2.309401076758502480, 8.999999999999998224 ) ) ;
#3179 = CARTESIAN_POINT ( 'NONE',  ( -2.846614915774974275, 2.846614915774965393, -3.874999999999998224 ) ) ;
#3180 = CARTESIAN_POINT ( 'NONE',  ( -5.000000000000012434, -8.806742536763703202E-15, -7.437500000000001776 ) ) ;
#3181 = ORIENTED_EDGE ( 'NONE', *, *, #962, .F. ) ;
#3182 = CARTESIAN_POINT ( 'NONE',  ( 0.000000000000000000, -3.469446951953614189E-15, 4.000000000000000000 ) ) ;
#3183 = CARTESIAN_POINT ( 'NONE',  ( 0.000000000000000000, -3.469446951953614189E-15, -13.99999999999999822 ) ) ;
#3184 = CARTESIAN_POINT ( 'NONE',  ( -4.025721420742513601, 1.667508410807425623, -11.46874999999999822 ) ) ;
#3185 =( BOUNDED_CURVE ( )  B_SPLINE_CURVE ( 2, ( #1414, #3455, #768, #1377, #1452, #3223, #2634, #3160, #2287 ),
 .UNSPECIFIED., .F., .T. ) 
 B_SPLINE_CURVE_WITH_KNOTS ( ( 3, 2, 2, 2, 3 ),
 ( 0.1346153846153845535, 0.1442307692307692180, 0.1538461538461537992, 0.1634615384615383527, 0.1730769230769230449 ),
 .UNSPECIFIED. ) 
 CURVE ( )  GEOMETRIC_REPRESENTATION_ITEM ( )  RATIONAL_B_SPLINE_CURVE ( ( 1.000000000000000222, 0.9238795325112865164, 1.000000000000000000, 0.9238795325112867385, 1.000000000000000000, 0.9238795325112867385, 1.000000000000000000, 0.9238795325112874046, 0.9999999999999993339 ) ) 
 REPRESENTATION_ITEM ( '' )  );
#3186 = CARTESIAN_POINT ( 'NONE',  ( -5.081189881604800007, -8.801771090332180691E-15, -10.57812499999999822 ) ) ;
#3187 = ORIENTED_EDGE ( 'NONE', *, *, #2925, .T. ) ;
#3188 = CARTESIAN_POINT ( 'NONE',  ( 1.667508410807433616, -4.025721420742524259, -7.718749999999999112 ) ) ;
#3189 = CARTESIAN_POINT ( 'NONE',  ( 2.071067811865479502, -5.000000000000023093, -11.65624999999999645 ) ) ;
#3190 = ORIENTED_EDGE ( 'NONE', *, *, #3450, .F. ) ;
#3191 = CARTESIAN_POINT ( 'NONE',  ( 2.797569140014720901, -2.894829850658321213, 1.183619750323454012 ) ) ;
#3192 = CARTESIAN_POINT ( 'NONE',  ( 1.667508410807433616, -4.025721420742524259, -1.718749999999998002 ) ) ;
#3193 = CARTESIAN_POINT ( 'NONE',  ( 0.000000000000000000, 4.025721420742504719, 1.937500000000001776 ) ) ;
#3194 = EDGE_CURVE ( 'NONE', #172, #1133, #2291, .T. ) ;
#3195 = CARTESIAN_POINT ( 'NONE',  ( 3.535533905932747079, 3.535533905932736420, -6.687499999999995559 ) ) ;
#3196 = CARTESIAN_POINT ( 'NONE',  ( 3.592943821779224667, -3.592943821779234881, -13.01562500000000000 ) ) ;
#3197 = CARTESIAN_POINT ( 'NONE',  ( 4.025721420742514489, -9.852417264376230094E-15, -0.1249999999999983763 ) ) ;
#3198 = CARTESIAN_POINT ( 'NONE',  ( 3.592943821779224667, -3.592943821779234881, 2.078125000000001776 ) ) ;
#3199 = CARTESIAN_POINT ( 'NONE',  ( 5.000000000000001776, 2.071067811865481723, -5.281249999999996447 ) ) ;
#3200 = CARTESIAN_POINT ( 'NONE',  ( -5.000000000000012434, -8.806742536763703202E-15, -12.12499999999999645 ) ) ;
#3201 = PRODUCT_RELATED_PRODUCT_CATEGORY ( 'part', '', ( #2454 ) ) ;
#3202 = DIRECTION ( 'NONE',  ( -0.000000000000000000, -0.000000000000000000, -1.000000000000000000 ) ) ;
#3203 = DIRECTION ( 'NONE',  ( -0.8660254037844383745, -0.5000000000000003331, 0.000000000000000000 ) ) ;
#3204 = DIRECTION ( 'NONE',  ( 0.4999999999999999445, 0.8660254037844387076, 0.000000000000000000 ) ) ;
#3205 = ORIENTED_EDGE ( 'NONE', *, *, #1966, .F. ) ;
#3206 = CARTESIAN_POINT ( 'NONE',  ( 3.975579770541141311, -0.6334022777739152232, -13.47427857925748818 ) ) ;
#3207 = CARTESIAN_POINT ( 'NONE',  ( 1.667508410807433616, -4.025721420742524259, 1.093750000000000888 ) ) ;
#3208 = CARTESIAN_POINT ( 'NONE',  ( -1.667508410807434949, -4.025721420742524259, -11.09374999999999822 ) ) ;
#3209 = CARTESIAN_POINT ( 'NONE',  ( -2.846614915774974275, 2.846614915774965393, -6.874999999999999112 ) ) ;
#3210 = CARTESIAN_POINT ( 'NONE',  ( -1.954733533804207113, -4.253685239882662117, 2.957112748920888379 ) ) ;
#3211 = EDGE_CURVE ( 'NONE', #2510, #568, #2018, .T. ) ;
#3212 = FACE_OUTER_BOUND ( 'NONE', #2386, .T. ) ;
#3213 = CARTESIAN_POINT ( 'NONE',  ( 4.025721420742514489, -9.852417264376230094E-15, 1.562500000000001332 ) ) ;
#3214 = CARTESIAN_POINT ( 'NONE',  ( -5.000000000000012434, -8.806742536763703202E-15, -6.124999999999996447 ) ) ;
#3215 = CARTESIAN_POINT ( 'NONE',  ( 4.025721420742513601, -1.667508410807445607, -0.2187499999999984734 ) ) ;
#3216 = CARTESIAN_POINT ( 'NONE',  ( -3.592943821779224667, 3.592943821779215785, 2.828124999999999112 ) ) ;
#3217 = CARTESIAN_POINT ( 'NONE',  ( -3.535533905932746190, 3.535533905932737309, -10.62500000000000178 ) ) ;
#3218 = ORIENTED_EDGE ( 'NONE', *, *, #19, .F. ) ;
#3219 = CARTESIAN_POINT ( 'NONE',  ( -2.846614915774974275, -2.846614915774983157, -12.49999999999999822 ) ) ;
#3220 = CARTESIAN_POINT ( 'NONE',  ( -5.000000000000006217, -3.469446951953614189E-15, -13.99999999999999822 ) ) ;
#3221 = CARTESIAN_POINT ( 'NONE',  ( 2.071067811865479502, -5.000000000000023093, -5.656249999999996447 ) ) ;
#3222 = CARTESIAN_POINT ( 'NONE',  ( 1.667508410807436947, 4.025721420742503831, -1.156249999999999334 ) ) ;
#3223 = CARTESIAN_POINT ( 'NONE',  ( 2.071067811865483943, 5.000000000000000888, 1.093749999999999112 ) ) ;
#3224 = ORIENTED_EDGE ( 'NONE', *, *, #1122, .F. ) ;
#3225 = DIRECTION ( 'NONE',  ( -1.000000000000000000, 0.000000000000000000, 0.000000000000000000 ) ) ;
#3226 = CARTESIAN_POINT ( 'NONE',  ( -1.667508410807434727, -4.025721420742523371, -10.90625000000000000 ) ) ;
#3227 = CARTESIAN_POINT ( 'NONE',  ( 1.667508410807436947, 4.025721420742503831, 0.3437500000000020539 ) ) ;
#3228 = EDGE_LOOP ( 'NONE', ( #1004, #1887, #3349, #3011 ) ) ;
#3229 = CARTESIAN_POINT ( 'NONE',  ( 4.025721420742512713, -1.667508410807445607, -7.531249999999999112 ) ) ;
#3230 = LINE ( 'NONE', #2293, #1685 ) ;
#3231 = CARTESIAN_POINT ( 'NONE',  ( 0.4103319790016351498, -4.871726857774066666, 3.526791606299520154 ) ) ;
#3232 = ADVANCED_FACE ( 'NONE', ( #3872 ), #862, .T. ) ;
#3233 = VECTOR ( 'NONE', #188, 1000.000000000000000 ) ;
#3234 = CARTESIAN_POINT ( 'NONE',  ( 5.000000000000012434, -1.003138933591105784E-14, -6.874999999999996447 ) ) ;
#3235 = CARTESIAN_POINT ( 'NONE',  ( -4.025721420742514489, -8.866399893941979642E-15, -3.874999999999998224 ) ) ;
#3236 = VECTOR ( 'NONE', #3323, 1000.000000000000000 ) ;
#3237 = CARTESIAN_POINT ( 'NONE',  ( -2.846614915774974275, -2.846614915774983157, 2.312500000000002220 ) ) ;
#3238 = DIRECTION ( 'NONE',  ( -0.000000000000000000, -0.000000000000000000, 1.000000000000000000 ) ) ;
#3239 = VECTOR ( 'NONE', #3177, 1000.000000000000000 ) ;
#3240 = ORIENTED_EDGE ( 'NONE', *, *, #3784, .F. ) ;
#3241 = CARTESIAN_POINT ( 'NONE',  ( -5.000000000000012434, -8.806742536763703202E-15, -4.437500000000000888 ) ) ;
#3242 = CARTESIAN_POINT ( 'NONE',  ( -5.000000000000012434, -2.071067811865489716, -8.843750000000001776 ) ) ;
#3243 = CARTESIAN_POINT ( 'NONE',  ( 0.000000000000000000, 4.025721420742504719, -1.062499999999999112 ) ) ;
#3244 = CARTESIAN_POINT ( 'NONE',  ( 2.071067811865479502, -5.000000000000023093, -7.156249999999997335 ) ) ;
#3245 = EDGE_CURVE ( 'NONE', #3127, #2643, #494, .T. ) ;
#3246 = CARTESIAN_POINT ( 'NONE',  ( -2.846614915774974275, 2.846614915774965393, 0.6250000000000005551 ) ) ;
#3247 = EDGE_CURVE ( 'NONE', #1342, #655, #88, .T. ) ;
#3248 = VERTEX_POINT ( 'NONE', #3786 ) ;
#3249 = CARTESIAN_POINT ( 'NONE',  ( 4.025721420742512713, -1.667508410807445607, 1.281250000000000888 ) ) ;
#3250 = CARTESIAN_POINT ( 'NONE',  ( 2.846614915774974719, 2.846614915774964505, -4.249999999999998224 ) ) ;
#3251 = CARTESIAN_POINT ( 'NONE',  ( 3.535533905932745746, -3.535533905932756404, -11.56249999999999645 ) ) ;
#3252 = ORIENTED_EDGE ( 'NONE', *, *, #2894, .F. ) ;
#3253 = DIRECTION ( 'NONE',  ( -0.000000000000000000, -0.000000000000000000, 1.000000000000000000 ) ) ;
#3254 = CARTESIAN_POINT ( 'NONE',  ( 2.754897183419680040, 3.309426004950790201, 1.927093163774964646 ) ) ;
#3255 = DIRECTION ( 'NONE',  ( -0.000000000000000000, -0.000000000000000000, 1.000000000000000000 ) ) ;
#3256 = CARTESIAN_POINT ( 'NONE',  ( -4.930086852171255217E-16, -4.025721420742523371, -0.4999999999999987232 ) ) ;
#3257 = CARTESIAN_POINT ( 'NONE',  ( -1.667508410807434949, -4.025721420742524259, -12.40624999999999822 ) ) ;
#3258 = CARTESIAN_POINT ( 'NONE',  ( 0.000000000000000000, 4.025721420742504719, -2.562499999999998668 ) ) ;
#3259 = DIRECTION ( 'NONE',  ( -1.000000000000000000, 0.000000000000000000, 0.000000000000000000 ) ) ;
#3260 = ORIENTED_EDGE ( 'NONE', *, *, #2732, .F. ) ;
#3261 = CARTESIAN_POINT ( 'NONE',  ( 1.790206341892776276, -3.673705688132749003, 1.326131443406739718 ) ) ;
#3262 = CARTESIAN_POINT ( 'NONE',  ( 4.025721420742514489, -9.852417264376230094E-15, -4.624999999999999112 ) ) ;
#3263 = ORIENTED_EDGE ( 'NONE', *, *, #179, .T. ) ;
#3264 = CARTESIAN_POINT ( 'NONE',  ( 3.535533905932747079, 3.535533905932736420, -11.18749999999999645 ) ) ;
#3265 = CARTESIAN_POINT ( 'NONE',  ( -1.667508410807434061, 4.025721420742504719, -11.46874999999999822 ) ) ;
#3266 = CARTESIAN_POINT ( 'NONE',  ( 3.535533905932747079, 3.535533905932736420, -9.687499999999996447 ) ) ;
#3267 = ORIENTED_EDGE ( 'NONE', *, *, #1153, .F. ) ;
#3268 = CARTESIAN_POINT ( 'NONE',  ( 4.025721420742512713, -1.667508410807445607, -0.2187499999999984734 ) ) ;
#3269 = CARTESIAN_POINT ( 'NONE',  ( -2.846614915774974275, -2.846614915774983157, -1.999999999999998224 ) ) ;
#3270 = FACE_OUTER_BOUND ( 'NONE', #2365, .T. ) ;
#3271 = CARTESIAN_POINT ( 'NONE',  ( -6.123233995736780087E-16, -5.000000000000022204, 3.250000000000004441 ) ) ;
#3272 = CARTESIAN_POINT ( 'NONE',  ( 2.059069158781851705, 3.806443595372055011, 1.987398657504208632 ) ) ;
#3273 = CARTESIAN_POINT ( 'NONE',  ( -3.999999999999998224, -2.309401076758502480, 13.72275660795741281 ) ) ;
#3274 = CARTESIAN_POINT ( 'NONE',  ( 1.627360823046826388, -4.025721420742523371, 1.091492838160118772 ) ) ;
#3275 = CARTESIAN_POINT ( 'NONE',  ( -4.930086852171255217E-16, -4.025721420742523371, -4.812499999999999112 ) ) ;
#3276 = CARTESIAN_POINT ( 'NONE',  ( -5.000000000000012434, -8.806742536763703202E-15, -4.437500000000000888 ) ) ;
#3277 = CARTESIAN_POINT ( 'NONE',  ( 4.025721420742513601, -1.667508410807445607, -12.21875000000000178 ) ) ;
#3278 = LINE ( 'NONE', #553, #1680 ) ;
#3279 = CARTESIAN_POINT ( 'NONE',  ( -2.104697761953649326, 5.081189881604790237, -3.359374999999998224 ) ) ;
#3280 = CARTESIAN_POINT ( 'NONE',  ( -4.025721420742513601, 1.667508410807425623, -6.968749999999999112 ) ) ;
#3281 = CARTESIAN_POINT ( 'NONE',  ( -1.667508410807434061, 4.025721420742504719, -0.9687499999999993339 ) ) ;
#3282 = CARTESIAN_POINT ( 'NONE',  ( -2.071067811865481278, -5.000000000000022204, -2.656250000000000444 ) ) ;
#3283 = CARTESIAN_POINT ( 'NONE',  ( 4.025721420742513601, 1.667508410807426067, -10.34374999999999645 ) ) ;
#3284 = CARTESIAN_POINT ( 'NONE',  ( 3.535533905932745746, -3.535533905932755960, 2.125000000000000000 ) ) ;
#3285 =( BOUNDED_CURVE ( )  B_SPLINE_CURVE ( 2, ( #1907, #396, #671, #170, #1356, #688, #1922, #1942, #1978 ),
 .UNSPECIFIED., .F., .F. ) 
 B_SPLINE_CURVE_WITH_KNOTS ( ( 3, 2, 2, 2, 3 ),
 ( 0.5961538461538461453, 0.6057692307692308376, 0.6153846153846154188, 0.6249999999999998890, 0.6346153846153844702 ),
 .UNSPECIFIED. ) 
 CURVE ( )  GEOMETRIC_REPRESENTATION_ITEM ( )  RATIONAL_B_SPLINE_CURVE ( ( 1.000000000000000000, 0.9238795325112867385, 1.000000000000000000, 0.9238795325112867385, 1.000000000000000000, 0.9238795325112867385, 1.000000000000000000, 0.9238795325112876267, 0.9999999999999991118 ) ) 
 REPRESENTATION_ITEM ( '' )  );
#3286 = VERTEX_POINT ( 'NONE', #1093 ) ;
#3287 = CARTESIAN_POINT ( 'NONE',  ( -1.667508410807434505, 4.025721420742504719, 0.3437500000000002776 ) ) ;
#3288 = CARTESIAN_POINT ( 'NONE',  ( -4.025721420742514489, -8.866399893941979642E-15, -3.687499999999998224 ) ) ;
#3289 = DIRECTION ( 'NONE',  ( -0.000000000000000000, -0.000000000000000000, 1.000000000000000000 ) ) ;
#3290 = CARTESIAN_POINT ( 'NONE',  ( 4.025721420742513601, -1.667508410807445607, -0.03124999999999829303 ) ) ;
#3291 = CARTESIAN_POINT ( 'NONE',  ( -4.025721420742514489, -8.866399893941979642E-15, -11.37500000000000000 ) ) ;
#3292 = CARTESIAN_POINT ( 'NONE',  ( 0.000000000000000000, 0.000000000000000000, 8.999999999999998224 ) ) ;
#3293 = EDGE_CURVE ( 'NONE', #2154, #3307, #515, .T. ) ;
#3294 = CARTESIAN_POINT ( 'NONE',  ( 2.846614915774973831, -2.846614915774984045, -1.624999999999998002 ) ) ;
#3295 = CARTESIAN_POINT ( 'NONE',  ( -4.930086852171255217E-16, -4.025721420742523371, -12.31249999999999822 ) ) ;
#3296 = AXIS2_PLACEMENT_3D ( 'NONE', #2596, #3789, #2862 ) ;
#3297 = CYLINDRICAL_SURFACE ( 'NONE', #602, 5.000000000000006217 ) ;
#3298 = CARTESIAN_POINT ( 'NONE',  ( 5.000000000000012434, -1.003138933591105784E-14, -2.187500000000001776 ) ) ;
#3299 = CARTESIAN_POINT ( 'NONE',  ( -5.081189881604800007, 2.104697761953640445, -6.171874999999999112 ) ) ;
#3300 = CARTESIAN_POINT ( 'NONE',  ( -1.667508410807434949, -4.025721420742524259, -6.593749999999998224 ) ) ;
#3301 = VECTOR ( 'NONE', #3255, 1000.000000000000000 ) ;
#3302 = EDGE_LOOP ( 'NONE', ( #3398, #1803, #3828, #997, #324, #4, #424 ) ) ;
#3303 = CARTESIAN_POINT ( 'NONE',  ( 5.000000000000015987, -2.071067811865487940, -0.7812500000000005551 ) ) ;
#3304 = CARTESIAN_POINT ( 'NONE',  ( 4.025721420742512713, 1.667508410807426289, -0.03124999999999829303 ) ) ;
#3305 = CARTESIAN_POINT ( 'NONE',  ( 1.667508410807433616, -4.025721420742524259, -6.218749999999998224 ) ) ;
#3306 = FACE_OUTER_BOUND ( 'NONE', #1883, .T. ) ;
#3307 = VERTEX_POINT ( 'NONE', #2901 ) ;
#3308 = CYLINDRICAL_SURFACE ( 'NONE', #990, 5.000000000000006217 ) ;
#3309 = CARTESIAN_POINT ( 'NONE',  ( -1.667508410807434727, -4.025721420742523371, 0.9062500000000007772 ) ) ;
#3310 = CARTESIAN_POINT ( 'NONE',  ( -5.081189881604800007, 2.104697761953640445, -13.57812499999999822 ) ) ;
#3311 = CARTESIAN_POINT ( 'NONE',  ( -4.025721420742514489, -8.866399893941979642E-15, -2.187499999999998668 ) ) ;
#3312 = EDGE_CURVE ( 'NONE', #1306, #581, #2237, .T. ) ;
#3313 = CARTESIAN_POINT ( 'NONE',  ( 4.025721420742512713, 1.667508410807426289, -10.34374999999999822 ) ) ;
#3314 = CARTESIAN_POINT ( 'NONE',  ( 2.694266478677124432, 3.042207773888258249, -13.44222513613348191 ) ) ;
#3315 = CARTESIAN_POINT ( 'NONE',  ( -5.081189881604800007, -8.801771090332180691E-15, 1.421875000000001332 ) ) ;
#3316 = CARTESIAN_POINT ( 'NONE',  ( -4.394519572656932382, -0.6078530328903080093, -13.07419884556051315 ) ) ;
#3317 = DIRECTION ( 'NONE',  ( -0.000000000000000000, -0.000000000000000000, -1.000000000000000000 ) ) ;
#3318 = CARTESIAN_POINT ( 'NONE',  ( -3.592943821779224667, -3.592943821779233549, -4.390624999999999112 ) ) ;
#3319 = CARTESIAN_POINT ( 'NONE',  ( -4.025721420742513601, -1.667508410807443386, -6.781249999999999112 ) ) ;
#3320 = CARTESIAN_POINT ( 'NONE',  ( -4.025721420742513601, 1.667508410807425623, -8.468749999999998224 ) ) ;
#3321 = VERTEX_POINT ( 'NONE', #1450 ) ;
#3322 = CARTESIAN_POINT ( 'NONE',  ( 2.071067811865483943, 5.000000000000000888, -3.593749999999996003 ) ) ;
#3323 = DIRECTION ( 'NONE',  ( -0.000000000000000000, -0.000000000000000000, -1.000000000000000000 ) ) ;
#3324 = VERTEX_POINT ( 'NONE', #3808 ) ;
#3325 = CARTESIAN_POINT ( 'NONE',  ( 2.846614915774973831, -2.846614915774984045, -0.3124999999999985567 ) ) ;
#3326 = CARTESIAN_POINT ( 'NONE',  ( 5.000000000000012434, 2.071067811865472841, -2.281249999999996891 ) ) ;
#3327 = ORIENTED_EDGE ( 'NONE', *, *, #2222, .F. ) ;
#3328 = EDGE_CURVE ( 'NONE', #1342, #3002, #2042, .T. ) ;
#3329 = EDGE_CURVE ( 'NONE', #2426, #691, #449, .T. ) ;
#3330 = CARTESIAN_POINT ( 'NONE',  ( -5.000000000000012434, -8.806742536763703202E-15, -4.624999999999997335 ) ) ;
#3331 = CARTESIAN_POINT ( 'NONE',  ( -5.081189881604800007, -2.104697761953658652, -10.39062500000000000 ) ) ;
#3332 = CARTESIAN_POINT ( 'NONE',  ( 4.025721420742512713, 1.667508410807426289, -5.843749999999998224 ) ) ;
#3333 = CARTESIAN_POINT ( 'NONE',  ( 1.610893269924403626, 3.804424954106039980, -13.39268332382892623 ) ) ;
#3334 = CARTESIAN_POINT ( 'NONE',  ( -4.025721420742514489, -8.866399893941979642E-15, -11.18750000000000000 ) ) ;
#3335 = CARTESIAN_POINT ( 'NONE',  ( 4.025721420742512713, 1.667508410807426289, -7.343749999999999112 ) ) ;
#3336 = CARTESIAN_POINT ( 'NONE',  ( 3.018524423272118007, -3.677694644538914037, -12.75197033623883947 ) ) ;
#3337 = CARTESIAN_POINT ( 'NONE',  ( 0.000000000000000000, 4.025721420742504719, -4.249999999999998224 ) ) ;
#3338 = CARTESIAN_POINT ( 'NONE',  ( -6.123233995736780087E-16, -5.000000000000022204, -1.062500000000001110 ) ) ;
#3339 = CARTESIAN_POINT ( 'NONE',  ( -2.846614915774974275, -2.846614915774983157, -9.499999999999998224 ) ) ;
#3340 = PLANE ( 'NONE',  #2181 ) ;
#3341 = ORIENTED_EDGE ( 'NONE', *, *, #3741, .F. ) ;
#3342 = CARTESIAN_POINT ( 'NONE',  ( -5.081189881604800007, -2.104697761953658652, 4.515625000000000888 ) ) ;
#3343 = CARTESIAN_POINT ( 'NONE',  ( -3.535533905932746190, 3.535533905932737309, -1.812499999999996447 ) ) ;
#3344 = VERTEX_POINT ( 'NONE', #2753 ) ;
#3345 = CARTESIAN_POINT ( 'NONE',  ( -2.846614915774974275, 2.846614915774965393, 0.4375000000000003886 ) ) ;
#3346 = CARTESIAN_POINT ( 'NONE',  ( 2.104697761953648882, -5.081189881604811553, -13.01562500000000000 ) ) ;
#3347 = EDGE_CURVE ( 'NONE', #1306, #1823, #2155, .T. ) ;
#3348 = CARTESIAN_POINT ( 'NONE',  ( 5.000000000000012434, -1.003138933591105784E-14, -6.874999999999996447 ) ) ;
#3349 = ORIENTED_EDGE ( 'NONE', *, *, #3293, .T. ) ;
#3350 = CARTESIAN_POINT ( 'NONE',  ( 4.608246266927087831, -1.491353203192889998, -12.66589487258127811 ) ) ;
#3351 = CARTESIAN_POINT ( 'NONE',  ( 0.000000000000000000, 5.081189881604791125, -1.859375000000000000 ) ) ;
#3352 = AXIS2_PLACEMENT_3D ( 'NONE', #3120, #2534, #430 ) ;
#3353 = CARTESIAN_POINT ( 'NONE',  ( 3.535533905932745746, -3.535533905932756404, -10.06249999999999645 ) ) ;
#3354 = AXIS2_PLACEMENT_3D ( 'NONE', #3182, #2066, #3225 ) ;
#3355 = CARTESIAN_POINT ( 'NONE',  ( 4.025721420742514489, -9.852417264376230094E-15, -8.937500000000000000 ) ) ;
#3356 = ADVANCED_FACE ( 'NONE', ( #1247 ), #3297, .T. ) ;
#3357 = CYLINDRICAL_SURFACE ( 'NONE', #2668, 5.000000000000006217 ) ;
#3358 = CARTESIAN_POINT ( 'NONE',  ( 0.000000000000000000, -3.469446951953614189E-15, -13.99999999999999822 ) ) ;
#3359 = ORIENTED_EDGE ( 'NONE', *, *, #2820, .T. ) ;
#3360 = CARTESIAN_POINT ( 'NONE',  ( 4.025721420742512713, 1.667508410807426289, -12.03124999999999822 ) ) ;
#3361 = CARTESIAN_POINT ( 'NONE',  ( 4.521357524926022720, 1.993921083145190787, 3.688098581642229146 ) ) ;
#3362 = CARTESIAN_POINT ( 'NONE',  ( -2.846614915774974275, 2.846614915774965393, 0.6250000000000005551 ) ) ;
#3363 = CARTESIAN_POINT ( 'NONE',  ( -6.123233995736780087E-16, -5.000000000000022204, -7.249999999999997335 ) ) ;
#3364 = CARTESIAN_POINT ( 'NONE',  ( -3.999999999999998224, -2.309401076758502480, 8.999999999999998224 ) ) ;
#3365 = ORIENTED_EDGE ( 'NONE', *, *, #2156, .F. ) ;
#3366 = CARTESIAN_POINT ( 'NONE',  ( -2.846614915774974275, 2.846614915774965393, -11.37500000000000000 ) ) ;
#3367 = CARTESIAN_POINT ( 'NONE',  ( -4.930086852171255217E-16, -4.025721420742523371, -11.00000000000000000 ) ) ;
#3368 = CARTESIAN_POINT ( 'NONE',  ( -2.104697761953650215, -5.081189881604809777, 0.2968750000000002776 ) ) ;
#3369 = CARTESIAN_POINT ( 'NONE',  ( 2.846614915774974719, 2.846614915774964505, -8.937500000000000000 ) ) ;
#3370 = CARTESIAN_POINT ( 'NONE',  ( -2.846614915774974275, 2.846614915774965393, -0.8749999999999990008 ) ) ;
#3371 = CARTESIAN_POINT ( 'NONE',  ( 2.846614915774973831, -2.846614915774984045, -1.624999999999998002 ) ) ;
#3372 = CARTESIAN_POINT ( 'NONE',  ( 3.764016301116951180, 1.443017806632018063, -13.47427857925749173 ) ) ;
#3373 = CARTESIAN_POINT ( 'NONE',  ( 3.884480007603022145, 2.068917456172338021, -13.10899740099305966 ) ) ;
#3374 = EDGE_CURVE ( 'NONE', #2342, #2553, #1577, .T. ) ;
#3375 = VERTEX_POINT ( 'NONE', #2977 ) ;
#3376 = CARTESIAN_POINT ( 'NONE',  ( 2.071067811865483943, 5.000000000000000888, 0.9062500000000042188 ) ) ;
#3377 = ORIENTED_EDGE ( 'NONE', *, *, #1996, .T. ) ;
#3378 = CARTESIAN_POINT ( 'NONE',  ( 0.000000000000000000, 5.000000000000002665, -1.812500000000001776 ) ) ;
#3379 = CARTESIAN_POINT ( 'NONE',  ( 0.4439477567104220812, -4.717755075945551546, 3.114801546008898914 ) ) ;
#3380 = CARTESIAN_POINT ( 'NONE',  ( -1.478676923028655388, -4.631046794782385234, 3.450431948512285185 ) ) ;
#3381 = CARTESIAN_POINT ( 'NONE',  ( -3.592943821779224667, 3.592943821779215785, -3.171874999999999556 ) ) ;
#3382 = CARTESIAN_POINT ( 'NONE',  ( -4.999999999999994671, -2.071067811865507480, -1.531249999999995337 ) ) ;
#3383 = CARTESIAN_POINT ( 'NONE',  ( 4.539014780481064548, 0.3051582934685399540, 2.593881665757333366 ) ) ;
#3384 = VERTEX_POINT ( 'NONE', #3589 ) ;
#3385 = CARTESIAN_POINT ( 'NONE',  ( -1.667508410807434505, 4.025721420742504719, -11.46874999999999822 ) ) ;
#3386 = ORIENTED_EDGE ( 'NONE', *, *, #831, .T. ) ;
#3387 = CARTESIAN_POINT ( 'NONE',  ( -1.667508410807434061, 4.025721420742504719, -11.65624999999999822 ) ) ;
#3388 = CARTESIAN_POINT ( 'NONE',  ( -2.104697761953649326, 5.081189881604790237, 1.234375000000001110 ) ) ;
#3389 = CARTESIAN_POINT ( 'NONE',  ( 1.667508410807436947, 4.025721420742503831, 1.656250000000001554 ) ) ;
#3390 = CARTESIAN_POINT ( 'NONE',  ( -1.667508410807434505, 4.025721420742504719, -2.656249999999998668 ) ) ;
#3391 = CARTESIAN_POINT ( 'NONE',  ( 2.846614915774974719, 2.846614915774964505, 4.750000000000000888 ) ) ;
#3392 = LINE ( 'NONE', #3178, #3233 ) ;
#3393 = CARTESIAN_POINT ( 'NONE',  ( 2.846614915774973831, -2.846614915774984045, -3.124999999999999112 ) ) ;
#3394 = CARTESIAN_POINT ( 'NONE',  ( 1.981577844477924621, 4.335445539627338363, -12.74245417256761570 ) ) ;
#3395 = CARTESIAN_POINT ( 'NONE',  ( -0.06877370803907040253, -4.025133927524370492, 1.183619750323456010 ) ) ;
#3396 = CARTESIAN_POINT ( 'NONE',  ( 2.104697761953652879, 5.081189881604789349, -2.046874999999998224 ) ) ;
#3397 = CARTESIAN_POINT ( 'NONE',  ( -5.000000000000012434, -8.806742536763703202E-15, 1.375000000000003109 ) ) ;
#3398 = ORIENTED_EDGE ( 'NONE', *, *, #909, .F. ) ;
#3399 = CARTESIAN_POINT ( 'NONE',  ( 0.000000000000000000, 4.025721420742504719, -13.06250000000000000 ) ) ;
#3400 = ORIENTED_EDGE ( 'NONE', *, *, #2864, .T. ) ;
#3401 = CARTESIAN_POINT ( 'NONE',  ( -0.1710457814706983215, -4.721791241872566935, 3.077057077825292364 ) ) ;
#3402 = CARTESIAN_POINT ( 'NONE',  ( -2.072549521597678357, -4.386685441480110192, 3.423611650193370881 ) ) ;
#3403 = CARTESIAN_POINT ( 'NONE',  ( -5.081189881604800007, -2.104697761953658652, -5.890625000000000000 ) ) ;
#3404 = CARTESIAN_POINT ( 'NONE',  ( 4.025721420742512713, -1.667508410807445607, 1.468750000000001332 ) ) ;
#3405 = EDGE_CURVE ( 'NONE', #939, #117, #2448, .T. ) ;
#3406 = CARTESIAN_POINT ( 'NONE',  ( 5.000000000000012434, -2.071067811865492381, -0.9687499999999973355 ) ) ;
#3407 =( BOUNDED_CURVE ( )  B_SPLINE_CURVE ( 2, ( #2145, #3326, #633, #3033, #3644, #2166, #3343, #654, #1886 ),
 .UNSPECIFIED., .F., .F. ) 
 B_SPLINE_CURVE_WITH_KNOTS ( ( 3, 2, 2, 2, 3 ),
 ( 0.5961538461538461453, 0.6057692307692307265, 0.6153846153846154188, 0.6250000000000001110, 0.6346153846153846922 ),
 .UNSPECIFIED. ) 
 CURVE ( )  GEOMETRIC_REPRESENTATION_ITEM ( )  RATIONAL_B_SPLINE_CURVE ( ( 1.000000000000000000, 0.9238795325112867385, 1.000000000000000000, 0.9238795325112867385, 1.000000000000000000, 0.9238795325112867385, 1.000000000000000000, 0.9238795325112858503, 1.000000000000000888 ) ) 
 REPRESENTATION_ITEM ( '' )  );
#3408 = CARTESIAN_POINT ( 'NONE',  ( 1.667508410807436947, 4.025721420742503831, -10.34374999999999645 ) ) ;
#3409 = DIRECTION ( 'NONE',  ( -0.000000000000000000, -0.000000000000000000, 1.000000000000000000 ) ) ;
#3410 = CARTESIAN_POINT ( 'NONE',  ( -1.667508410807434949, -4.025721420742524259, -0.5937499999999987788 ) ) ;
#3411 = CARTESIAN_POINT ( 'NONE',  ( 1.667508410807436947, 4.025721420742503831, 1.843750000000001554 ) ) ;
#3412 = CARTESIAN_POINT ( 'NONE',  ( 4.999999999999974243, 2.071067811865509256, 3.718750000000007105 ) ) ;
#3413 = CARTESIAN_POINT ( 'NONE',  ( -2.846614915774974275, 2.846614915774965393, -2.374999999999998668 ) ) ;
#3414 = VECTOR ( 'NONE', #2311, 1000.000000000000000 ) ;
#3415 = CARTESIAN_POINT ( 'NONE',  ( 2.071067811865479502, -5.000000000000023093, 0.3437500000000039413 ) ) ;
#3416 = AXIS2_PLACEMENT_3D ( 'NONE', #101, #966, #1543 ) ;
#3417 = CARTESIAN_POINT ( 'NONE',  ( -3.248763927971034526, 2.765954149315475341, 1.821687805044049258 ) ) ;
#3418 = CARTESIAN_POINT ( 'NONE',  ( -4.999999999999994671, -2.071067811865507480, 1.468750000000004441 ) ) ;
#3419 = CARTESIAN_POINT ( 'NONE',  ( 2.846614915774973831, -2.846614915774984045, -10.81250000000000000 ) ) ;
#3420 = AXIS2_PLACEMENT_3D ( 'NONE', #656, #1300, #961 ) ;
#3421 = ORIENTED_EDGE ( 'NONE', *, *, #243, .F. ) ;
#3422 = CARTESIAN_POINT ( 'NONE',  ( 3.535533905932745746, -3.535533905932755960, 0.6249999999999986677 ) ) ;
#3423 = AXIS2_PLACEMENT_3D ( 'NONE', #2888, #3776, #3464 ) ;
#3424 = CARTESIAN_POINT ( 'NONE',  ( -2.104697761953649326, 5.081189881604790237, -4.765624999999999112 ) ) ;
#3425 = CARTESIAN_POINT ( 'NONE',  ( 1.667508410807436947, 4.025721420742503831, -8.656250000000000000 ) ) ;
#3426 = CARTESIAN_POINT ( 'NONE',  ( -3.999999999999998224, 2.309401076758501148, 8.999999999999998224 ) ) ;
#3427 = CARTESIAN_POINT ( 'NONE',  ( 2.748459403973949389, 3.702559400327229522, 2.764338856533378852 ) ) ;
#3428 = CARTESIAN_POINT ( 'NONE',  ( 2.846614915774973831, -2.846614915774984045, -7.812499999999999112 ) ) ;
#3429 = EDGE_CURVE ( 'NONE', #3441, #2807, #3504, .T. ) ;
#3430 = B_SPLINE_CURVE_WITH_KNOTS ( 'NONE', 3,
 ( #3068, #1378, #3085, #3101, #1013, #1658, #450, #2829, #3662, #3677, #2519, #996, #1600, #2778, #972, #707, #1619, #2797, #95, #3437, #1672, #1298, #415, #135, #2200, #3417, #2844, #115, #728, #1318, #2501, #2814, #3717, #1962 ),
 .UNSPECIFIED., .F., .F.,
 ( 4, 2, 2, 2, 2, 2, 2, 2, 2, 2, 2, 2, 2, 2, 2, 2, 4 ),
 ( 0.003244562446641598152, 0.004066813069255689576, 0.004889063691869781000, 0.005711314314483873292, 0.006533564937097965583, 0.007355815559712057007, 0.008178066182326148431, 0.009000316804940242457, 0.009822567427554336483, 0.01064481805016842877, 0.01146706867278252107, 0.01228931929539661509, 0.01311156991801070738, 0.01393382054062479967, 0.01475607116323889197, 0.01557832178585298599, 0.01640057240846707828 ),
 .UNSPECIFIED. ) ;
#3431 = CARTESIAN_POINT ( 'NONE',  ( 4.025721420742514489, -9.852417264376230094E-15, -6.124999999999998224 ) ) ;
#3432 = CARTESIAN_POINT ( 'NONE',  ( -4.025721420742514489, -8.866399893941979642E-15, 2.312500000000002220 ) ) ;
#3433 = CARTESIAN_POINT ( 'NONE',  ( -3.535533905932746190, -3.535533905932755072, -10.43749999999999645 ) ) ;
#3434 = CARTESIAN_POINT ( 'NONE',  ( -2.846614915774974275, 2.846614915774965393, -5.375000000000000000 ) ) ;
#3435 = CARTESIAN_POINT ( 'NONE',  ( 0.6005865678853977707, 4.906229184469314220, -12.56618475776149246 ) ) ;
#3436 = EDGE_LOOP ( 'NONE', ( #3643, #3663, #982, #479 ) ) ;
#3437 = CARTESIAN_POINT ( 'NONE',  ( -1.175898726338253208, 4.058100806951130402, 1.706730986432095865 ) ) ;
#3438 = CARTESIAN_POINT ( 'NONE',  ( 0.4609651949916102054, -4.034185081923154392, 1.183619750323472664 ) ) ;
#3439 = ORIENTED_EDGE ( 'NONE', *, *, #949, .T. ) ;
#3440 = CARTESIAN_POINT ( 'NONE',  ( 4.025721420742514489, -9.852417264376230094E-15, -13.43749999999999822 ) ) ;
#3441 = VERTEX_POINT ( 'NONE', #3607 ) ;
#3442 = CARTESIAN_POINT ( 'NONE',  ( 3.083069154716944205, 3.946279119946854319, 3.835323861305334869 ) ) ;
#3443 = CARTESIAN_POINT ( 'NONE',  ( -2.104697761953649326, 5.081189881604790237, -7.765625000000000000 ) ) ;
#3444 = CARTESIAN_POINT ( 'NONE',  ( -1.667508410807434949, -4.025721420742524259, 4.093750000000000000 ) ) ;
#3445 = EDGE_CURVE ( 'NONE', #3092, #1221, #1941, .T. ) ;
#3446 = CARTESIAN_POINT ( 'NONE',  ( 3.535533905932745746, -3.535533905932755960, -11.37500000000000178 ) ) ;
#3447 = CARTESIAN_POINT ( 'NONE',  ( 5.081189881604800007, -1.004630367520562695E-14, -12.82812500000000000 ) ) ;
#3448 = EDGE_LOOP ( 'NONE', ( #1379, #2800, #3702, #1864 ) ) ;
#3449 = CARTESIAN_POINT ( 'NONE',  ( 2.846614915774974719, 2.846614915774964505, -8.937500000000000000 ) ) ;
#3450 = EDGE_CURVE ( 'NONE', #3635, #1601, #1184, .T. ) ;
#3451 = CARTESIAN_POINT ( 'NONE',  ( -1.667508410807434505, 4.025721420742504719, -1.156249999999999334 ) ) ;
#3452 = CARTESIAN_POINT ( 'NONE',  ( -4.025721420742514489, -8.866399893941979642E-15, 3.812500000000000000 ) ) ;
#3453 = DIRECTION ( 'NONE',  ( -0.000000000000000000, -0.000000000000000000, -1.000000000000000000 ) ) ;
#3454 = CARTESIAN_POINT ( 'NONE',  ( -4.025721420742514489, 1.667508410807425623, -5.281249999999999112 ) ) ;
#3455 = CARTESIAN_POINT ( 'NONE',  ( -5.000000000000016875, 2.071067811865467068, 1.468749999999999778 ) ) ;
#3456 =( NAMED_UNIT ( * ) SI_UNIT ( $, .STERADIAN. ) SOLID_ANGLE_UNIT ( ) );
#3457 = CARTESIAN_POINT ( 'NONE',  ( 0.000000000000000000, 5.081189881604791125, -1.953124999999998224 ) ) ;
#3458 = DIRECTION ( 'NONE',  ( -1.000000000000000000, 0.000000000000000000, 0.000000000000000000 ) ) ;
#3459 = CARTESIAN_POINT ( 'NONE',  ( 4.025721420742512713, 1.667508410807426289, -13.34375000000000178 ) ) ;
#3460 = EDGE_LOOP ( 'NONE', ( #1775, #1500, #1118, #2363, #3708, #1433, #754, #2250, #2209, #3519, #2445, #3719, #2164, #280, #2636, #911, #3686, #697, #3218, #672, #298, #2261, #3532, #1281, #3034, #237, #3190, #244, #3640, #1257, #3171, #3181, #805 ) ) ;
#3461 = CARTESIAN_POINT ( 'NONE',  ( -4.025721420742514489, -8.866399893941979642E-15, -11.18750000000000000 ) ) ;
#3462 = EDGE_LOOP ( 'NONE', ( #1252, #1486 ) ) ;
#3463 = CARTESIAN_POINT ( 'NONE',  ( 5.081189881604800007, -1.004630367520562695E-14, -14.23437500000000000 ) ) ;
#3464 = DIRECTION ( 'NONE',  ( -1.000000000000000000, 0.000000000000000000, 0.000000000000000000 ) ) ;
#3465 = CARTESIAN_POINT ( 'NONE',  ( 5.081189881604800007, -2.104697761953661761, -3.828124999999999556 ) ) ;
#3466 = CARTESIAN_POINT ( 'NONE',  ( 4.025721420742514489, -9.852417264376230094E-15, -1.624999999999999778 ) ) ;
#3467 = CARTESIAN_POINT ( 'NONE',  ( 4.025721420742512713, 1.667508410807426289, 3.156250000000002665 ) ) ;
#3468 = CYLINDRICAL_SURFACE ( 'NONE', #355, 5.000000000000006217 ) ;
#3469 = CARTESIAN_POINT ( 'NONE',  ( 3.592943821779225555, 3.592943821779214897, -12.64062499999999822 ) ) ;
#3470 = EDGE_LOOP ( 'NONE', ( #3132, #2699, #1520, #1455 ) ) ;
#3471 = CARTESIAN_POINT ( 'NONE',  ( -2.846614915774974275, -2.846614915774983157, -2.187499999999998668 ) ) ;
#3472 = CARTESIAN_POINT ( 'NONE',  ( 5.081189881604800007, 2.104697761953641777, 3.859374999999999556 ) ) ;
#3473 = CARTESIAN_POINT ( 'NONE',  ( 0.000000000000000000, 4.025721420742504719, 4.750000000000000888 ) ) ;
#3474 = CARTESIAN_POINT ( 'NONE',  ( 0.000000000000000000, 4.025721420742504719, -5.749999999999998224 ) ) ;
#3475 = CARTESIAN_POINT ( 'NONE',  ( -3.535533905932746190, 3.535533905932737309, -4.625000000000000888 ) ) ;
#3476 = CARTESIAN_POINT ( 'NONE',  ( 5.000000000000021316, -2.071067811865483055, -5.468749999999996447 ) ) ;
#3477 = CARTESIAN_POINT ( 'NONE',  ( 4.025721420742513601, 1.667508410807426067, -4.343749999999998224 ) ) ;
#3478 = DIRECTION ( 'NONE',  ( -0.000000000000000000, -0.000000000000000000, -1.000000000000000000 ) ) ;
#3479 = CARTESIAN_POINT ( 'NONE',  ( 0.000000000000000000, -3.469446951953614189E-15, -13.99999999999999822 ) ) ;
#3480 = AXIS2_PLACEMENT_3D ( 'NONE', #1547, #312, #2943 ) ;
#3481 = CARTESIAN_POINT ( 'NONE',  ( -2.104697761953649326, 5.081189881604790237, -1.859374999999998446 ) ) ;
#3482 = FACE_OUTER_BOUND ( 'NONE', #1580, .T. ) ;
#3483 = ADVANCED_FACE ( 'NONE', ( #896 ), #1538, .T. ) ;
#3484 = CARTESIAN_POINT ( 'NONE',  ( 2.846614915774973831, -2.846614915774984045, -0.3124999999999985567 ) ) ;
#3485 = CARTESIAN_POINT ( 'NONE',  ( 0.000000000000000000, 4.025721420742504719, -11.75000000000000000 ) ) ;
#3486 = COLOUR_RGB ( '',0.7921568627450980005, 0.8196078431372548767, 0.9333333333333333481 ) ;
#3487 = CARTESIAN_POINT ( 'NONE',  ( -4.025721420742514489, -8.866399893941979642E-15, -9.687499999999998224 ) ) ;
#3488 = CARTESIAN_POINT ( 'NONE',  ( -3.500000000000003553, -3.040820572252039987E-15, -13.99999999999999822 ) ) ;
#3489 = CARTESIAN_POINT ( 'NONE',  ( 5.000000000000012434, -2.071067811865492381, -3.781250000000002220 ) ) ;
#3490 = AXIS2_PLACEMENT_3D ( 'NONE', #770, #729, #709 ) ;
#3491 = CARTESIAN_POINT ( 'NONE',  ( -1.667508410807434505, 4.025721420742504719, 3.531249999999999556 ) ) ;
#3492 = CARTESIAN_POINT ( 'NONE',  ( 4.025721420742512713, 1.667508410807426289, -13.53125000000000000 ) ) ;
#3493 = CARTESIAN_POINT ( 'NONE',  ( -5.081189881604800007, -8.801771090332180691E-15, -12.07812499999999822 ) ) ;
#3494 = CARTESIAN_POINT ( 'NONE',  ( 4.025721420742513601, 1.667508410807426067, -1.531249999999999556 ) ) ;
#3495 = CARTESIAN_POINT ( 'NONE',  ( 0.000000000000000000, 4.025721420742504719, -13.06250000000000000 ) ) ;
#3496 = CARTESIAN_POINT ( 'NONE',  ( -1.667508410807434505, 4.025721420742504719, 3.343749999999999556 ) ) ;
#3497 = CARTESIAN_POINT ( 'NONE',  ( 5.050799999999994405, -9.725842854191581423E-15, 4.000000000000000000 ) ) ;
#3498 = CARTESIAN_POINT ( 'NONE',  ( 1.012690702013798294, -3.935687887786811334, 1.263621889986279667 ) ) ;
#3499 = FACE_OUTER_BOUND ( 'NONE', #1448, .T. ) ;
#3500 = EDGE_CURVE ( 'NONE', #575, #3321, #2390, .T. ) ;
#3501 = CARTESIAN_POINT ( 'NONE',  ( -4.089696228970766789, 1.505460483852044229, -13.14755642480525211 ) ) ;
#3502 = CARTESIAN_POINT ( 'NONE',  ( -5.000000000000012434, -8.806742536763703202E-15, -11.93750000000000355 ) ) ;
#3503 = CARTESIAN_POINT ( 'NONE',  ( -2.846614915774974275, 2.846614915774965393, -12.87500000000000000 ) ) ;
#3504 = B_SPLINE_CURVE_WITH_KNOTS ( 'NONE', 3,
 ( #2376, #3570, #268, #2747, #1873, #71 ),
 .UNSPECIFIED., .F., .F.,
 ( 4, 2, 4 ),
 ( 0.01247077332978698168, 0.01364022411694862727, 0.01480967490411027286 ),
 .UNSPECIFIED. ) ;
#3505 = CARTESIAN_POINT ( 'NONE',  ( -1.667508410807434505, 4.025721420742504719, -9.968749999999998224 ) ) ;
#3506 = FACE_OUTER_BOUND ( 'NONE', #2414, .T. ) ;
#3507 = CARTESIAN_POINT ( 'NONE',  ( 4.083282373549240063, -9.862991039867824350E-15, 1.341767168402226762 ) ) ;
#3508 = CARTESIAN_POINT ( 'NONE',  ( -2.846614915774974275, 2.846614915774965393, -14.56249999999999822 ) ) ;
#3509 = CARTESIAN_POINT ( 'NONE',  ( -2.846614915774974275, -2.846614915774983157, -14.18749999999999822 ) ) ;
#3510 = CARTESIAN_POINT ( 'NONE',  ( 1.667508410807436947, 4.025721420742503831, -4.343749999999998224 ) ) ;
#3511 = CARTESIAN_POINT ( 'NONE',  ( 5.081189881604800007, -1.004630367520562695E-14, 2.265625000000002220 ) ) ;
#3512 = CARTESIAN_POINT ( 'NONE',  ( 5.081189881604800007, -1.004630367520562695E-14, -0.8281249999999990008 ) ) ;
#3513 = CARTESIAN_POINT ( 'NONE',  ( -5.000000000000022204, 2.071067811865462627, -3.031249999999999556 ) ) ;
#3514 = CARTESIAN_POINT ( 'NONE',  ( -2.228714748969098380, 3.627611254254068829, -13.24813721904264163 ) ) ;
#3515 = ORIENTED_EDGE ( 'NONE', *, *, #37, .F. ) ;
#3516 =( NAMED_UNIT ( * ) PLANE_ANGLE_UNIT ( ) SI_UNIT ( $, .RADIAN. ) );
#3517 = EDGE_CURVE ( 'NONE', #655, #2407, #2431, .T. ) ;
#3518 = CARTESIAN_POINT ( 'NONE',  ( 4.025721420742514489, -9.852417264376230094E-15, -13.43749999999999822 ) ) ;
#3519 = ORIENTED_EDGE ( 'NONE', *, *, #1834, .F. ) ;
#3520 = CARTESIAN_POINT ( 'NONE',  ( 4.025721420742514489, -9.852417264376230094E-15, -8.937500000000000000 ) ) ;
#3521 = EDGE_CURVE ( 'NONE', #3002, #2953, #473, .T. ) ;
#3522 = DIRECTION ( 'NONE',  ( -0.000000000000000000, -0.000000000000000000, -1.000000000000000000 ) ) ;
#3523 = ORIENTED_EDGE ( 'NONE', *, *, #1551, .T. ) ;
#3524 = CARTESIAN_POINT ( 'NONE',  ( 3.535533905932745746, -3.535533905932755960, -3.875000000000001776 ) ) ;
#3525 = CARTESIAN_POINT ( 'NONE',  ( -1.000000000000000000, 1.224646799147352961E-16, -14.14699193025205659 ) ) ;
#3526 = CARTESIAN_POINT ( 'NONE',  ( -1.667508410807434505, 4.025721420742504719, -13.15625000000000000 ) ) ;
#3527 = CARTESIAN_POINT ( 'NONE',  ( 5.099001794597502801, 0.000000000000000000, 13.99999999999999822 ) ) ;
#3528 = CARTESIAN_POINT ( 'NONE',  ( 0.000000000000000000, 4.025721420742504719, -4.249999999999998224 ) ) ;
#3529 = CARTESIAN_POINT ( 'NONE',  ( 4.025721420742512713, 1.667508410807426289, 2.968750000000002220 ) ) ;
#3530 = EDGE_CURVE ( 'NONE', #3537, #192, #1272, .T. ) ;
#3531 = CARTESIAN_POINT ( 'NONE',  ( 3.535533905932747079, 3.535533905932736420, -8.187499999999996447 ) ) ;
#3532 = ORIENTED_EDGE ( 'NONE', *, *, #3642, .F. ) ;
#3533 = DIRECTION ( 'NONE',  ( -0.000000000000000000, -0.000000000000000000, -1.000000000000000000 ) ) ;
#3534 = DIRECTION ( 'NONE',  ( -1.000000000000000000, 0.000000000000000000, 0.000000000000000000 ) ) ;
#3535 = CARTESIAN_POINT ( 'NONE',  ( -5.081189881604800007, -8.801771090332180691E-15, -11.98437500000000000 ) ) ;
#3536 = CARTESIAN_POINT ( 'NONE',  ( 5.000000000000012434, -1.003138933591105784E-14, -9.687500000000001776 ) ) ;
#3537 = VERTEX_POINT ( 'NONE', #3742 ) ;
#3538 = DIRECTION ( 'NONE',  ( -1.224646799147353207E-16, 1.000000000000000000, 0.000000000000000000 ) ) ;
#3539 = CARTESIAN_POINT ( 'NONE',  ( -4.930086852171255217E-16, -4.025721420742523371, -10.81250000000000000 ) ) ;
#3540 = CARTESIAN_POINT ( 'NONE',  ( 0.000000000000000000, 4.025721420742504719, 0.4375000000000003886 ) ) ;
#3541 = CARTESIAN_POINT ( 'NONE',  ( 2.846614915774974719, 2.846614915774964505, -10.24999999999999822 ) ) ;
#3542 = CARTESIAN_POINT ( 'NONE',  ( 1.667508410807436947, 4.025721420742503831, -4.156249999999998224 ) ) ;
#3543 = CARTESIAN_POINT ( 'NONE',  ( -2.104697761953649326, 5.081189881604790237, -9.359374999999998224 ) ) ;
#3544 = CARTESIAN_POINT ( 'NONE',  ( -4.308857973319892842, -8.849062780300203935E-15, 1.961531035152029645 ) ) ;
#3545 = CARTESIAN_POINT ( 'NONE',  ( 2.104697761953648882, -5.081189881604811553, -14.51562499999999822 ) ) ;
#3546 = DIRECTION ( 'NONE',  ( -0.000000000000000000, -0.000000000000000000, -1.000000000000000000 ) ) ;
#3547 = CARTESIAN_POINT ( 'NONE',  ( -3.592943821779224667, -3.592943821779233549, -2.796874999999999112 ) ) ;
#3548 = VECTOR ( 'NONE', #3673, 1000.000000000000000 ) ;
#3549 = CARTESIAN_POINT ( 'NONE',  ( -4.025721420742513601, -1.667508410807443386, -12.78125000000000000 ) ) ;
#3550 = CARTESIAN_POINT ( 'NONE',  ( -4.999999999999994671, -2.071067811865507480, -3.031249999999994227 ) ) ;
#3551 = CARTESIAN_POINT ( 'NONE',  ( 2.846614915774974719, 2.846614915774964505, -1.437499999999999556 ) ) ;
#3552 = AXIS2_PLACEMENT_3D ( 'NONE', #2930, #1397, #242 ) ;
#3553 = CARTESIAN_POINT ( 'NONE',  ( 2.846614915774974719, 2.846614915774964505, -2.937499999999999112 ) ) ;
#3554 = CARTESIAN_POINT ( 'NONE',  ( 1.667508410807433616, -4.025721420742524259, -4.718749999999999112 ) ) ;
#3555 = AXIS2_PLACEMENT_3D ( 'NONE', #1809, #562, #3862 ) ;
#3556 = EDGE_LOOP ( 'NONE', ( #3439, #769, #1440, #1475 ) ) ;
#3557 = CARTESIAN_POINT ( 'NONE',  ( 5.081189881604800007, -1.004630367520562695E-14, 0.6718750000000023315 ) ) ;
#3558 = CARTESIAN_POINT ( 'NONE',  ( -3.535533905932746190, 3.535533905932737309, -12.12500000000000000 ) ) ;
#3559 = CARTESIAN_POINT ( 'NONE',  ( -2.071067811865481278, -5.000000000000022204, -5.656250000000001776 ) ) ;
#3560 = CARTESIAN_POINT ( 'NONE',  ( -4.025721420742513601, -1.667508410807443386, -5.281249999999999112 ) ) ;
#3561 = CARTESIAN_POINT ( 'NONE',  ( 5.000000000000001776, -2.071067811865501263, -2.281250000000003109 ) ) ;
#3562 =( BOUNDED_CURVE ( )  B_SPLINE_CURVE ( 2, ( #310, #1305, #2468, #3634, #661, #1527, #981, #3059, #1895 ),
 .UNSPECIFIED., .F., .T. ) 
 B_SPLINE_CURVE_WITH_KNOTS ( ( 3, 2, 2, 2, 3 ),
 ( 0.7115384615384615641, 0.7211538461538461453, 0.7307692307692308376, 0.7403846153846154188, 0.7500000000000000000 ),
 .UNSPECIFIED. ) 
 CURVE ( )  GEOMETRIC_REPRESENTATION_ITEM ( )  RATIONAL_B_SPLINE_CURVE ( ( 1.000000000000000000, 0.9238795325112867385, 1.000000000000000000, 0.9238795325112867385, 1.000000000000000000, 0.9238795325112867385, 1.000000000000000000, 0.9238795325112867385, 1.000000000000000000 ) ) 
 REPRESENTATION_ITEM ( '' )  );
#3563 = CARTESIAN_POINT ( 'NONE',  ( -4.930086852171255217E-16, -4.025721420742523371, 4.000000000000000000 ) ) ;
#3564 = CARTESIAN_POINT ( 'NONE',  ( -4.025721420742514489, -8.866399893941979642E-15, -0.6874999999999988898 ) ) ;
#3565 = CARTESIAN_POINT ( 'NONE',  ( -2.984132899106370473, -3.568680897115405593, 2.875969812589934893 ) ) ;
#3566 = ORIENTED_EDGE ( 'NONE', *, *, #258, .F. ) ;
#3567 = EDGE_CURVE ( 'NONE', #1601, #1161, #1051, .T. ) ;
#3568 = CARTESIAN_POINT ( 'NONE',  ( -4.025721420742513601, 1.667508410807425623, -12.96875000000000178 ) ) ;
#3569 = CARTESIAN_POINT ( 'NONE',  ( -5.000000000000012434, -8.806742536763703202E-15, -3.124999999999996003 ) ) ;
#3570 = CARTESIAN_POINT ( 'NONE',  ( -3.999999999999998224, 1.936023883256136502, 13.61497189636847338 ) ) ;
#3571 = CARTESIAN_POINT ( 'NONE',  ( -2.846614915774974275, 2.846614915774965393, -12.87500000000000000 ) ) ;
#3572 = CARTESIAN_POINT ( 'NONE',  ( -2.846614915774974275, 2.846614915774965393, -5.375000000000000000 ) ) ;
#3573 = CARTESIAN_POINT ( 'NONE',  ( 5.000000000000012434, -1.003138933591105784E-14, -11.18750000000000355 ) ) ;
#3574 = ORIENTED_EDGE ( 'NONE', *, *, #1027, .F. ) ;
#3575 = DIRECTION ( 'NONE',  ( -0.000000000000000000, -0.000000000000000000, -1.000000000000000000 ) ) ;
#3576 = DIRECTION ( 'NONE',  ( -1.000000000000000000, 0.000000000000000000, 0.000000000000000000 ) ) ;
#3577 = CARTESIAN_POINT ( 'NONE',  ( -5.081189881604800007, -8.801771090332180691E-15, -6.078124999999998224 ) ) ;
#3578 = CARTESIAN_POINT ( 'NONE',  ( -2.846614915774974275, 2.846614915774965393, -7.062499999999999112 ) ) ;
#3579 = CARTESIAN_POINT ( 'NONE',  ( 4.895764368345703055, 1.015623576743225565, 3.860428147091755413 ) ) ;
#3580 = CARTESIAN_POINT ( 'NONE',  ( 1.667508410807433616, -4.025721420742524259, -10.71874999999999645 ) ) ;
#3581 = CARTESIAN_POINT ( 'NONE',  ( 2.846614915774974719, 2.846614915774964505, -10.43749999999999822 ) ) ;
#3582 = LINE ( 'NONE', #1230, #3236 ) ;
#3583 = CARTESIAN_POINT ( 'NONE',  ( -5.081189881604800007, -8.801771090332180691E-15, -14.98437500000000000 ) ) ;
#3584 = CARTESIAN_POINT ( 'NONE',  ( -4.025721420742513601, 1.667508410807425623, -3.781249999999997780 ) ) ;
#3585 = CARTESIAN_POINT ( 'NONE',  ( -2.071067811865481278, -5.000000000000022204, -7.156250000000000888 ) ) ;
#3586 = DIRECTION ( 'NONE',  ( -0.000000000000000000, -0.000000000000000000, -1.000000000000000000 ) ) ;
#3587 = CARTESIAN_POINT ( 'NONE',  ( -1.667508410807434505, 4.025721420742504719, -10.15624999999999822 ) ) ;
#3588 = CARTESIAN_POINT ( 'NONE',  ( -5.000000000000012434, -8.806742536763703202E-15, 1.562499999999999334 ) ) ;
#3589 = CARTESIAN_POINT ( 'NONE',  ( 3.999999999999998224, -2.309401076758501148, 13.72275660795741281 ) ) ;
#3590 = CARTESIAN_POINT ( 'NONE',  ( 1.667508410807433616, -4.025721420742524259, -3.406249999999999556 ) ) ;
#3591 = CARTESIAN_POINT ( 'NONE',  ( 2.846614915774973831, -2.846614915774984045, -6.124999999999998224 ) ) ;
#3592 =( BOUNDED_CURVE ( )  B_SPLINE_CURVE ( 2, ( #2102, #2162, #3284, #936, #3623, #1845, #3600, #910, #63 ),
 .UNSPECIFIED., .F., .F. ) 
 B_SPLINE_CURVE_WITH_KNOTS ( ( 3, 2, 2, 2, 3 ),
 ( 0.09615384615384606204, 0.1057692307692306571, 0.1153846153846153633, 0.1249999999999999584, 0.1346153846153845535 ),
 .UNSPECIFIED. ) 
 CURVE ( )  GEOMETRIC_REPRESENTATION_ITEM ( )  RATIONAL_B_SPLINE_CURVE ( ( 1.000000000000000666, 0.9238795325112860723, 1.000000000000000000, 0.9238795325112867385, 1.000000000000000000, 0.9238795325112867385, 1.000000000000000000, 0.9238795325112869605, 0.9999999999999997780 ) ) 
 REPRESENTATION_ITEM ( '' )  );
#3593 = CARTESIAN_POINT ( 'NONE',  ( 0.4941250478778305699, -4.642541840919931495, -12.84116457147574941 ) ) ;
#3594 = DIRECTION ( 'NONE',  ( -1.224646799147353207E-16, 1.000000000000000000, 0.000000000000000000 ) ) ;
#3595 = CARTESIAN_POINT ( 'NONE',  ( -2.104697761953650215, -5.081189881604809777, -5.796875000000000000 ) ) ;
#3596 = CARTESIAN_POINT ( 'NONE',  ( -1.667508410807434949, -4.025721420742524259, -9.593749999999996447 ) ) ;
#3597 = EDGE_CURVE ( 'NONE', #151, #1299, #2803, .T. ) ;
#3598 = CARTESIAN_POINT ( 'NONE',  ( 0.000000000000000000, 5.000000000000002665, -10.99999999999999645 ) ) ;
#3599 = CARTESIAN_POINT ( 'NONE',  ( 0.000000000000000000, 4.025721420742504719, -10.24999999999999822 ) ) ;
#3600 = CARTESIAN_POINT ( 'NONE',  ( -3.535533905932746190, -3.535533905932755072, 1.749999999999999556 ) ) ;
#3601 = CARTESIAN_POINT ( 'NONE',  ( -2.846614915774974275, 2.846614915774965393, 1.937500000000001776 ) ) ;
#3602 = CARTESIAN_POINT ( 'NONE',  ( 1.667508410807436947, 4.025721420742503831, -1.156249999999999334 ) ) ;
#3603 = CARTESIAN_POINT ( 'NONE',  ( 1.513000563062012693, -4.191041850463413709, 2.339518089403190615 ) ) ;
#3604 = EDGE_CURVE ( 'NONE', #1921, #419, #2801, .T. ) ;
#3605 = CARTESIAN_POINT ( 'NONE',  ( 4.025721420742512713, -1.667508410807445607, -9.218749999999998224 ) ) ;
#3606 = DIRECTION ( 'NONE',  ( -1.000000000000000000, 0.000000000000000000, 0.000000000000000000 ) ) ;
#3607 = CARTESIAN_POINT ( 'NONE',  ( -3.999999999999998224, 2.309401076758501148, 13.72275660795741281 ) ) ;
#3608 = CARTESIAN_POINT ( 'NONE',  ( 5.081189881604800007, 2.104697761953641777, -12.64062499999999822 ) ) ;
#3609 = VECTOR ( 'NONE', #2120, 1000.000000000000000 ) ;
#3610 = CARTESIAN_POINT ( 'NONE',  ( 4.025721420742514489, -9.852417264376230094E-15, -1.437499999999999556 ) ) ;
#3611 = CARTESIAN_POINT ( 'NONE',  ( 1.667508410807433616, -4.025721420742524259, -10.71874999999999645 ) ) ;
#3612 = EDGE_LOOP ( 'NONE', ( #2503, #2460, #2949, #2779 ) ) ;
#3613 = CARTESIAN_POINT ( 'NONE',  ( 3.592943821779225555, 3.592943821779214897, 0.8593750000000024425 ) ) ;
#3614 = VECTOR ( 'NONE', #3478, 1000.000000000000000 ) ;
#3615 = CARTESIAN_POINT ( 'NONE',  ( -2.648478518146631266, -3.710768519296309353, -12.95108145097632146 ) ) ;
#3616 = CARTESIAN_POINT ( 'NONE',  ( -1.667508410807434949, -4.025721420742524259, -8.093750000000001776 ) ) ;
#3617 = AXIS2_PLACEMENT_3D ( 'NONE', #389, #2413, #2784 ) ;
#3618 = DIRECTION ( 'NONE',  ( -0.000000000000000000, -0.000000000000000000, 1.000000000000000000 ) ) ;
#3619 = ORIENTED_EDGE ( 'NONE', *, *, #3429, .F. ) ;
#3620 = CARTESIAN_POINT ( 'NONE',  ( 3.535533905932747079, 3.535533905932736420, -3.687499999999996447 ) ) ;
#3621 = CARTESIAN_POINT ( 'NONE',  ( 0.000000000000000000, 4.025721420742504719, -10.06249999999999822 ) ) ;
#3622 = ADVANCED_FACE ( 'NONE', ( #1586 ), #2428, .T. ) ;
#3623 = CARTESIAN_POINT ( 'NONE',  ( -6.123233995736780087E-16, -5.000000000000022204, 1.937499999999999778 ) ) ;
#3625 = B_SPLINE_CURVE_WITH_KNOTS ( 'NONE', 3,
 ( #1081, #2343, #2289, #2564, #3814, #3161, #2045, #1120 ),
 .UNSPECIFIED., .F., .F.,
 ( 4, 2, 2, 4 ),
 ( 2.380737581626564917E-07, 0.002332607846774749274, 0.003498792733283042494, 0.004664977619791335281 ),
 .UNSPECIFIED. ) ;
#3624 = CARTESIAN_POINT ( 'NONE',  ( -5.081189881604800007, -8.801771090332180691E-15, 4.421875000000000888 ) ) ;
#3626 = CARTESIAN_POINT ( 'NONE',  ( 2.846614915774973831, -2.846614915774984045, 2.687500000000002220 ) ) ;
#3627 = CARTESIAN_POINT ( 'NONE',  ( -3.535533905932746190, -3.535533905932755072, -7.250000000000000888 ) ) ;
#3628 = EDGE_LOOP ( 'NONE', ( #143, #3835, #868, #773 ) ) ;
#3629 = CARTESIAN_POINT ( 'NONE',  ( -5.000000000000012434, -8.806742536763703202E-15, -6.124999999999996447 ) ) ;
#3630 = CARTESIAN_POINT ( 'NONE',  ( 2.846614915774973831, -2.846614915774984045, -12.31249999999999822 ) ) ;
#3631 = CARTESIAN_POINT ( 'NONE',  ( 5.000000000000012434, 2.071067811865472841, -0.7812499999999971134 ) ) ;
#3632 = CARTESIAN_POINT ( 'NONE',  ( -5.081189881604800007, 2.104697761953640445, -10.57812500000000178 ) ) ;
#3633 = CARTESIAN_POINT ( 'NONE',  ( -2.846614915774974275, 2.846614915774965393, -2.374999999999998668 ) ) ;
#3634 = CARTESIAN_POINT ( 'NONE',  ( 2.071067811865479502, -5.000000000000023093, -9.968750000000001776 ) ) ;
#3635 = VERTEX_POINT ( 'NONE', #156 ) ;
#3636 = CARTESIAN_POINT ( 'NONE',  ( 0.000000000000000000, -3.469446951953614189E-15, -13.99999999999999822 ) ) ;
#3637 = DIRECTION ( 'NONE',  ( -1.000000000000000000, 0.000000000000000000, 0.000000000000000000 ) ) ;
#3638 = CARTESIAN_POINT ( 'NONE',  ( -5.081189881604800007, -2.104697761953658652, -4.484374999999998224 ) ) ;
#3639 = CARTESIAN_POINT ( 'NONE',  ( -4.930086852171255217E-16, -4.025721420742523371, -8.000000000000000000 ) ) ;
#3640 = ORIENTED_EDGE ( 'NONE', *, *, #1236, .F. ) ;
#3641 = CARTESIAN_POINT ( 'NONE',  ( -1.667508410807434061, 4.025721420742504719, -8.468749999999998224 ) ) ;
#3642 = EDGE_CURVE ( 'NONE', #1516, #2518, #2791, .T. ) ;
#3643 = ORIENTED_EDGE ( 'NONE', *, *, #1531, .F. ) ;
#3644 = CARTESIAN_POINT ( 'NONE',  ( 0.000000000000000000, 5.000000000000002665, -1.999999999999996669 ) ) ;
#3645 = VERTEX_POINT ( 'NONE', #3703 ) ;
#3646 = DIRECTION ( 'NONE',  ( 1.000000000000000000, 0.000000000000000000, 0.000000000000000000 ) ) ;
#3647 = CARTESIAN_POINT ( 'NONE',  ( -1.667508410807434949, -4.025721420742524259, -11.09374999999999822 ) ) ;
#3648 = CARTESIAN_POINT ( 'NONE',  ( -3.592943821779224667, 3.592943821779215785, -10.67187500000000000 ) ) ;
#3649 = CARTESIAN_POINT ( 'NONE',  ( -1.667508410807434949, -4.025721420742524259, -2.093749999999998668 ) ) ;
#3650 = CARTESIAN_POINT ( 'NONE',  ( 4.025721420742514489, -9.852417264376230094E-15, -10.43749999999999822 ) ) ;
#3651 = CARTESIAN_POINT ( 'NONE',  ( -5.000000000000012434, -8.806742536763703202E-15, -10.43750000000000178 ) ) ;
#3652 = VERTEX_POINT ( 'NONE', #1032 ) ;
#3653 = CARTESIAN_POINT ( 'NONE',  ( 3.592943821779224667, -3.592943821779234881, -7.015624999999998224 ) ) ;
#3654 = CARTESIAN_POINT ( 'NONE',  ( -2.144281957942031802, -4.046217561467325474, -12.93072870463470103 ) ) ;
#3655 = EDGE_CURVE ( 'NONE', #2807, #34, #2205, .T. ) ;
#3656 = CARTESIAN_POINT ( 'NONE',  ( 3.592943821779225555, 3.592943821779214897, -3.640624999999998224 ) ) ;
#3657 = CARTESIAN_POINT ( 'NONE',  ( 2.104697761953652879, 5.081189881604789349, -0.4531249999999986677 ) ) ;
#3658 = CARTESIAN_POINT ( 'NONE',  ( 4.025721420742514489, 7.686404827221489917E-14, -13.47427857925748995 ) ) ;
#3659 = CARTESIAN_POINT ( 'NONE',  ( -5.000000000000012434, -8.806742536763703202E-15, -12.12499999999999645 ) ) ;
#3660 = EDGE_LOOP ( 'NONE', ( #2298, #3077, #1473, #2738 ) ) ;
#3661 = CARTESIAN_POINT ( 'NONE',  ( -4.025721420742513601, 1.667508410807425623, -14.28124999999999822 ) ) ;
#3662 = CARTESIAN_POINT ( 'NONE',  ( 3.075466893921859679, 2.779439270261525152, 1.487184936874225150 ) ) ;
#3663 = ORIENTED_EDGE ( 'NONE', *, *, #3642, .T. ) ;
#3664 = FACE_OUTER_BOUND ( 'NONE', #1757, .T. ) ;
#3665 = CARTESIAN_POINT ( 'NONE',  ( -5.081189881604800007, 2.104697761953640445, -10.67187500000000000 ) ) ;
#3666 = CARTESIAN_POINT ( 'NONE',  ( 4.900261290047853713, 0.4102503410779413384, 3.586398293652663494 ) ) ;
#3667 = CARTESIAN_POINT ( 'NONE',  ( 5.081189881604800007, 2.104697761953641777, -11.14062500000000000 ) ) ;
#3668 = CARTESIAN_POINT ( 'NONE',  ( -5.000000000000012434, -2.071067811865489716, -7.531249999999997335 ) ) ;
#3669 = B_SPLINE_CURVE_WITH_KNOTS ( 'NONE', 3,
 ( #3848, #1816, #292, #13, #2483, #1981, #692, #2204, #2567, #1643, #3680, #3760, #332, #1605, #3105, #999, #3379, #3401, #713, #1947, #829, #3210, #1765, #2868, #3565, #2952, #3775, #1720, #799, #2910, #1419, #264, #1736, #1399, #2586, #3166 ),
 .UNSPECIFIED., .F., .F.,
 ( 4, 2, 2, 2, 2, 2, 2, 2, 2, 2, 2, 2, 2, 2, 2, 2, 2, 4 ),
 ( 0.004883913962123234524, 0.005807642798046307869, 0.006731371633969380347, 0.007655100469892452825, 0.008578829305815525302, 0.009502558141738596045, 0.01042628697766166852, 0.01135001581358473927, 0.01227374464950781174, 0.01319747348543088422, 0.01412120232135395670, 0.01504493115727702918, 0.01596865999320010165, 0.01689238882912317413, 0.01781611766504624661, 0.01873984650096932256, 0.01920171091893085880, 0.01966357533689239503 ),
 .UNSPECIFIED. ) ;
#3670 = CARTESIAN_POINT ( 'NONE',  ( 3.592943821779224667, -3.592943821779234881, 1.984375000000001776 ) ) ;
#3671 = CARTESIAN_POINT ( 'NONE',  ( -4.025721420742514489, -8.866399893941979642E-15, -6.874999999999999112 ) ) ;
#3672 = CARTESIAN_POINT ( 'NONE',  ( -4.025721420742513601, 1.667508410807425623, -5.281249999999999112 ) ) ;
#3673 = DIRECTION ( 'NONE',  ( -0.000000000000000000, -0.000000000000000000, -1.000000000000000000 ) ) ;
#3674 = CONICAL_SURFACE ( 'NONE', #2242, 5.050799999999994405, 0.3490658503988666728 ) ;
#3675 = CARTESIAN_POINT ( 'NONE',  ( -5.000000000000012434, -2.071067811865489716, -0.03124999999999644382 ) ) ;
#3676 = CARTESIAN_POINT ( 'NONE',  ( 5.081189881604800007, 2.104697761953641777, 5.265625000000001776 ) ) ;
#3677 = CARTESIAN_POINT ( 'NONE',  ( 2.686985751467633854, 3.168471181353996524, 1.512174040018886334 ) ) ;
#3678 = ORIENTED_EDGE ( 'NONE', *, *, #949, .F. ) ;
#3679 = DIRECTION ( 'NONE',  ( 0.000000000000000000, -1.000000000000000000, 0.000000000000000000 ) ) ;
#3680 = CARTESIAN_POINT ( 'NONE',  ( 3.013091975369266429, -3.741170528678838814, 3.293797030179846708 ) ) ;
#3681 = CARTESIAN_POINT ( 'NONE',  ( -2.883658778456945626, -3.883506206542020944, 3.384074990295297791 ) ) ;
#3682 = CARTESIAN_POINT ( 'NONE',  ( -3.592943821779224667, -3.592943821779233549, -5.796875000000000000 ) ) ;
#3683 = CARTESIAN_POINT ( 'NONE',  ( 0.000000000000000000, 4.025721420742504719, 0.4375000000000003886 ) ) ;
#3684 = CARTESIAN_POINT ( 'NONE',  ( -4.755679712103735746, 0.3027357976864851752, 3.189163672979659747 ) ) ;
#3685 =( BOUNDED_SURFACE ( )  B_SPLINE_SURFACE ( 1, 2, ( 
 ( #1724, #2590, #2573, #1682, #2624, #759, #2552, #2026, #1055, #212, #3196, #3800, #3447, #2280, #3469, #780, #804, #3779, #3825, #1109, #3493, #2314, #3747, #1666, #1708, #463, #3112, #1683, #2854, #1388, #1347, #2893, #213, #2605, #3726, #3665, #3186, #137, #1778, #520, #2948, #1256, #1515, #2163, #2459, #1317, #1637, #858, #1812, #3543, #1782, #278, #814, #2719, #941, #2144, #744, #446, #1488, #544, #29, #3100, #1216, #536, #2881, #1491, #1576, #1311, #128, #2013, #570, #1793, #2380, #2395, #3653, #680, #1571, #3024, #369, #1268, #2470, #1879, #885, #3299, #3577, #371, #2754, #3595, #606, #929, #969, #38, #646, #3005, #1510, #2137, #335, #313, #2174, #1225, #1270, #3638, #3318, #2416, #16, #2453, #626, #2671, #54, #2096, #3656, #1249, #2436, #3279, #1182, #1862, #3026, #2729, #1548, #1898, #2583, #2219, #2540, #2252, #451, #476, #2272, #3396, #3457, #3481, #708, #1338, #1179, #1197, #2079, #3829, #1506, #2692, #3847, #1157, #3512, #822, #1134, #900, #2113, #2922, #514, #1729, #2899, #840, #2058, #2941, #1750, #255, #1469, #2357, #3557, #569, #3613, #2751, #368, #603, #644, #1307, #3315, #3687, #1590, #1246, #1287, #3040, #3670, #983, #3078, #2787, #1267, #2450, #462, #808, #1410, #3807, #551, #787, #1773, #3830, #2923, #2319, #1373, #2014, #238, #2559, #765, #1691, #2859, #186, #3176, #2353, #3624, #3342, #2739, #687, #2165, #64, #2442, #912, #1973, #3676, #3137, #958, #653 ),
 ( #1884, #1906, #3050, #3661, #2504, #1065, #733, #3145, #1641, #455, #434, #1946, #3440, #3459, #2221, #1358, #3399, #418, #2866, #2523, #772, #3773, #3219, #2961, #3295, #2379, #550, #882, #2982, #604, #531, #1751, #3688, #3385, #3366, #3093, #3334, #403, #11, #2667, #1569, #3611, #2750, #73, #3650, #3313, #366, #1858, #3021, #3869, #329, #1178, #1542, #980, #1608, #1951, #1002, #2528, #100, #1304, #3109, #1646, #141, #3425, #1969, #3113, #489, #3133, #2895, #1348, #2243, #876, #2333, #2054, #545, #306, #2451, #3335, #2752, #1815, #2693, #1289, #2193, #125, #193, #3710, #3859, #1805, #850, #3305, #2, #2972, #2701, #1594, #1187, #2388, #1146, #2069, #1167, #3672, #374, #263, #2124, #300, #2934, #870, #2086, #277, #3839, #614, #3250, #3542, #2683, #559, #1292, #3584, #3288, #246, #1498, #2474, #2641, #989, #25, #2951, #591, #1457, #2405, #1518, #2104, #2775, #2995, #91, #1847, #891, #3269, #1825, #2196, #2346, #3371, #1764, #1781, #1477, #1208, #3602, #914, #2658, #2369, #3063, #3564, #579, #2496, #468, #2560, #445, #3769, #129, #1077, #1669, #3713, #2247, #1937, #1044, #2232, #1009, #2826, #3752, #2792, #1332, #1614, #2285, #2267, #1633, #2811, #148, #2860, #3411, #1374, #1025, #3695, #1352, #3432, #2513, #187, #724, #2841, #163, #2533, #1958, #3096, #1991, #702, #683, #1974, #393, #1058, #3138, #3452, #110, #1918, #410, #1312, #743, #429, #1393, #766, #3081, #3391, #3119, #1653 ) ),
 .UNSPECIFIED., .F., .F., .F. ) 
 B_SPLINE_SURFACE_WITH_KNOTS ( ( 2, 2 ),
 ( 3, 2, 2, 2, 2, 2, 2, 2, 2, 2, 2, 2, 2, 2, 2, 2, 2, 2, 2, 2, 2, 2, 2, 2, 2, 2, 2, 2, 2, 2, 2, 2, 2, 2, 2, 2, 2, 2, 2, 2, 2, 2, 2, 2, 2, 2, 2, 2, 2, 2, 2, 2, 2, 2, 2, 2, 2, 2, 2, 2, 2, 2, 2, 2, 2, 2, 2, 2, 2, 2, 2, 2, 2, 2, 2, 2, 2, 2, 2, 2, 2, 2, 2, 2, 2, 2, 2, 2, 2, 2, 2, 2, 2, 2, 2, 2, 2, 2, 2, 2, 2, 2, 2, 2, 3 ),
 ( 0.000000000000000000, 1.000000000000000000 ),
 ( 0.000000000000000000, 0.009615384615384615918, 0.01923076923076923184, 0.02884615384615384776, 0.03846153846153846367, 0.04807692307692307959, 0.05769230769230769551, 0.06730769230769230449, 0.07692307692307692735, 0.08653846153846153633, 0.09615384615384615918, 0.1057692307692307682, 0.1153846153846153910, 0.1250000000000000000, 0.1346153846153846090, 0.1442307692307692180, 0.1538461538461538547, 0.1634615384615384637, 0.1730769230769230727, 0.1826923076923076816, 0.1923076923076923184, 0.2019230769230769273, 0.2115384615384615363, 0.2211538461538461453, 0.2307692307692307820, 0.2403846153846153910, 0.2500000000000000000, 0.2596153846153846367, 0.2692307692307692180, 0.2788461538461538547, 0.2884615384615384359, 0.2980769230769230727, 0.3076923076923077094, 0.3173076923076922906, 0.3269230769230769273, 0.3365384615384615641, 0.3461538461538461453, 0.3557692307692307820, 0.3653846153846153633, 0.3750000000000000000, 0.3846153846153846367, 0.3942307692307692180, 0.4038461538461538547, 0.4134615384615384359, 0.4230769230769230727, 0.4326923076923077094, 0.4423076923076922906, 0.4519230769230769273, 0.4615384615384615641, 0.4711538461538461453, 0.4807692307692307820, 0.4903846153846153633, 0.5000000000000000000, 0.5096153846153845812, 0.5192307692307692735, 0.5288461538461538547, 0.5384615384615384359, 0.5480769230769231282, 0.5576923076923077094, 0.5673076923076922906, 0.5769230769230768718, 0.5865384615384615641, 0.5961538461538461453, 0.6057692307692307265, 0.6153846153846154188, 0.6250000000000000000, 0.6346153846153845812, 0.6442307692307692735, 0.6538461538461538547, 0.6634615384615384359, 0.6730769230769231282, 0.6826923076923077094, 0.6923076923076922906, 0.7019230769230768718, 0.7115384615384615641, 0.7211538461538461453, 0.7307692307692307265, 0.7403846153846154188, 0.7500000000000000000, 0.7596153846153845812, 0.7692307692307692735, 0.7788461538461538547, 0.7884615384615384359, 0.7980769230769231282, 0.8076923076923077094, 0.8173076923076922906, 0.8269230769230768718, 0.8365384615384615641, 0.8461538461538461453, 0.8557692307692307265, 0.8653846153846154188, 0.8750000000000000000, 0.8846153846153845812, 0.8942307692307692735, 0.9038461538461538547, 0.9134615384615384359, 0.9230769230769231282, 0.9326923076923077094, 0.9423076923076922906, 0.9519230769230768718, 0.9615384615384615641, 0.9711538461538461453, 0.9807692307692307265, 0.9903846153846154188, 1.000000000000000000 ),
 .UNSPECIFIED. ) 
 GEOMETRIC_REPRESENTATION_ITEM ( )  RATIONAL_B_SPLINE_SURFACE ( (
 ( 1.000000000000000000, 0.9238795325112867385, 1.000000000000000000, 0.9238795325112867385, 1.000000000000000000, 0.9238795325112867385, 1.000000000000000000, 0.9238795325112867385, 1.000000000000000000, 0.9238795325112867385, 1.000000000000000000, 0.9238795325112867385, 1.000000000000000000, 0.9238795325112867385, 1.000000000000000000, 0.9238795325112867385, 1.000000000000000000, 0.9238795325112867385, 1.000000000000000000, 0.9238795325112867385, 1.000000000000000000, 0.9238795325112867385, 1.000000000000000000, 0.9238795325112867385, 1.000000000000000000, 0.9238795325112867385, 1.000000000000000000, 0.9238795325112867385, 1.000000000000000000, 0.9238795325112867385, 1.000000000000000000, 0.9238795325112867385, 1.000000000000000000, 0.9238795325112867385, 1.000000000000000000, 0.9238795325112867385, 1.000000000000000000, 0.9238795325112867385, 1.000000000000000000, 0.9238795325112867385, 1.000000000000000000, 0.9238795325112867385, 1.000000000000000000, 0.9238795325112867385, 1.000000000000000000, 0.9238795325112867385, 1.000000000000000000, 0.9238795325112867385, 1.000000000000000000, 0.9238795325112867385, 1.000000000000000000, 0.9238795325112867385, 1.000000000000000000, 0.9238795325112867385, 1.000000000000000000, 0.9238795325112867385, 1.000000000000000000, 0.9238795325112867385, 1.000000000000000000, 0.9238795325112867385, 1.000000000000000000, 0.9238795325112867385, 1.000000000000000000, 0.9238795325112867385, 1.000000000000000000, 0.9238795325112867385, 1.000000000000000000, 0.9238795325112867385, 1.000000000000000000, 0.9238795325112867385, 1.000000000000000000, 0.9238795325112867385, 1.000000000000000000, 0.9238795325112867385, 1.000000000000000000, 0.9238795325112867385, 1.000000000000000000, 0.9238795325112867385, 1.000000000000000000, 0.9238795325112867385, 1.000000000000000000, 0.9238795325112867385, 1.000000000000000000, 0.9238795325112867385, 1.000000000000000000, 0.9238795325112867385, 1.000000000000000000, 0.9238795325112867385, 1.000000000000000000, 0.9238795325112867385, 1.000000000000000000, 0.9238795325112867385, 1.000000000000000000, 0.9238795325112867385, 1.000000000000000000, 0.9238795325112867385, 1.000000000000000000, 0.9238795325112867385, 1.000000000000000000, 0.9238795325112867385, 1.000000000000000000, 0.9238795325112867385, 1.000000000000000000, 0.9238795325112867385, 1.000000000000000000, 0.9238795325112867385, 1.000000000000000000, 0.9238795325112867385, 1.000000000000000000, 0.9238795325112867385, 1.000000000000000000, 0.9238795325112867385, 1.000000000000000000, 0.9238795325112867385, 1.000000000000000000, 0.9238795325112867385, 1.000000000000000000, 0.9238795325112867385, 1.000000000000000000, 0.9238795325112867385, 1.000000000000000000, 0.9238795325112867385, 1.000000000000000000, 0.9238795325112867385, 1.000000000000000000, 0.9238795325112867385, 1.000000000000000000, 0.9238795325112867385, 1.000000000000000000, 0.9238795325112867385, 1.000000000000000000, 0.9238795325112867385, 1.000000000000000000, 0.9238795325112867385, 1.000000000000000000, 0.9238795325112867385, 1.000000000000000000, 0.9238795325112867385, 1.000000000000000000, 0.9238795325112867385, 1.000000000000000000, 0.9238795325112867385, 1.000000000000000000, 0.9238795325112867385, 1.000000000000000000, 0.9238795325112867385, 1.000000000000000000, 0.9238795325112867385, 1.000000000000000000, 0.9238795325112867385, 1.000000000000000000, 0.9238795325112867385, 1.000000000000000000, 0.9238795325112867385, 1.000000000000000000, 0.9238795325112867385, 1.000000000000000000, 0.9238795325112867385, 1.000000000000000000, 0.9238795325112867385, 1.000000000000000000, 0.9238795325112867385, 1.000000000000000000, 0.9238795325112867385, 1.000000000000000000, 0.9238795325112867385, 1.000000000000000000, 0.9238795325112867385, 1.000000000000000000, 0.9238795325112867385, 1.000000000000000000, 0.9238795325112867385, 1.000000000000000000, 0.9238795325112867385, 1.000000000000000000, 0.9238795325112867385, 1.000000000000000000, 0.9238795325112867385, 1.000000000000000000, 0.9238795325112867385, 1.000000000000000000, 0.9238795325112867385, 1.000000000000000000, 0.9238795325112867385, 1.000000000000000000, 0.9238795325112867385, 1.000000000000000000, 0.9238795325112867385, 1.000000000000000000, 0.9238795325112867385, 1.000000000000000000, 0.9238795325112867385, 1.000000000000000000, 0.9238795325112867385, 1.000000000000000000, 0.9238795325112867385, 1.000000000000000000, 0.9238795325112867385, 1.000000000000000000, 0.9238795325112867385, 1.000000000000000000, 0.9238795325112867385, 1.000000000000000000, 0.9238795325112867385, 1.000000000000000000, 0.9238795325112867385, 1.000000000000000000, 0.9238795325112867385, 1.000000000000000000),
 ( 1.000000000000000000, 0.9238795325112867385, 1.000000000000000000, 0.9238795325112867385, 1.000000000000000000, 0.9238795325112867385, 1.000000000000000000, 0.9238795325112867385, 1.000000000000000000, 0.9238795325112867385, 1.000000000000000000, 0.9238795325112867385, 1.000000000000000000, 0.9238795325112867385, 1.000000000000000000, 0.9238795325112867385, 1.000000000000000000, 0.9238795325112867385, 1.000000000000000000, 0.9238795325112867385, 1.000000000000000000, 0.9238795325112867385, 1.000000000000000000, 0.9238795325112867385, 1.000000000000000000, 0.9238795325112867385, 1.000000000000000000, 0.9238795325112867385, 1.000000000000000000, 0.9238795325112867385, 1.000000000000000000, 0.9238795325112867385, 1.000000000000000000, 0.9238795325112867385, 1.000000000000000000, 0.9238795325112867385, 1.000000000000000000, 0.9238795325112867385, 1.000000000000000000, 0.9238795325112867385, 1.000000000000000000, 0.9238795325112867385, 1.000000000000000000, 0.9238795325112867385, 1.000000000000000000, 0.9238795325112867385, 1.000000000000000000, 0.9238795325112867385, 1.000000000000000000, 0.9238795325112867385, 1.000000000000000000, 0.9238795325112867385, 1.000000000000000000, 0.9238795325112867385, 1.000000000000000000, 0.9238795325112867385, 1.000000000000000000, 0.9238795325112867385, 1.000000000000000000, 0.9238795325112867385, 1.000000000000000000, 0.9238795325112867385, 1.000000000000000000, 0.9238795325112867385, 1.000000000000000000, 0.9238795325112867385, 1.000000000000000000, 0.9238795325112867385, 1.000000000000000000, 0.9238795325112867385, 1.000000000000000000, 0.9238795325112867385, 1.000000000000000000, 0.9238795325112867385, 1.000000000000000000, 0.9238795325112867385, 1.000000000000000000, 0.9238795325112867385, 1.000000000000000000, 0.9238795325112867385, 1.000000000000000000, 0.9238795325112867385, 1.000000000000000000, 0.9238795325112867385, 1.000000000000000000, 0.9238795325112867385, 1.000000000000000000, 0.9238795325112867385, 1.000000000000000000, 0.9238795325112867385, 1.000000000000000000, 0.9238795325112867385, 1.000000000000000000, 0.9238795325112867385, 1.000000000000000000, 0.9238795325112867385, 1.000000000000000000, 0.9238795325112867385, 1.000000000000000000, 0.9238795325112867385, 1.000000000000000000, 0.9238795325112867385, 1.000000000000000000, 0.9238795325112867385, 1.000000000000000000, 0.9238795325112867385, 1.000000000000000000, 0.9238795325112867385, 1.000000000000000000, 0.9238795325112867385, 1.000000000000000000, 0.9238795325112867385, 1.000000000000000000, 0.9238795325112867385, 1.000000000000000000, 0.9238795325112867385, 1.000000000000000000, 0.9238795325112867385, 1.000000000000000000, 0.9238795325112867385, 1.000000000000000000, 0.9238795325112867385, 1.000000000000000000, 0.9238795325112867385, 1.000000000000000000, 0.9238795325112867385, 1.000000000000000000, 0.9238795325112867385, 1.000000000000000000, 0.9238795325112867385, 1.000000000000000000, 0.9238795325112867385, 1.000000000000000000, 0.9238795325112867385, 1.000000000000000000, 0.9238795325112867385, 1.000000000000000000, 0.9238795325112867385, 1.000000000000000000, 0.9238795325112867385, 1.000000000000000000, 0.9238795325112867385, 1.000000000000000000, 0.9238795325112867385, 1.000000000000000000, 0.9238795325112867385, 1.000000000000000000, 0.9238795325112867385, 1.000000000000000000, 0.9238795325112867385, 1.000000000000000000, 0.9238795325112867385, 1.000000000000000000, 0.9238795325112867385, 1.000000000000000000, 0.9238795325112867385, 1.000000000000000000, 0.9238795325112867385, 1.000000000000000000, 0.9238795325112867385, 1.000000000000000000, 0.9238795325112867385, 1.000000000000000000, 0.9238795325112867385, 1.000000000000000000, 0.9238795325112867385, 1.000000000000000000, 0.9238795325112867385, 1.000000000000000000, 0.9238795325112867385, 1.000000000000000000, 0.9238795325112867385, 1.000000000000000000, 0.9238795325112867385, 1.000000000000000000, 0.9238795325112867385, 1.000000000000000000, 0.9238795325112867385, 1.000000000000000000, 0.9238795325112867385, 1.000000000000000000, 0.9238795325112867385, 1.000000000000000000, 0.9238795325112867385, 1.000000000000000000, 0.9238795325112867385, 1.000000000000000000, 0.9238795325112867385, 1.000000000000000000, 0.9238795325112867385, 1.000000000000000000, 0.9238795325112867385, 1.000000000000000000, 0.9238795325112867385, 1.000000000000000000, 0.9238795325112867385, 1.000000000000000000, 0.9238795325112867385, 1.000000000000000000, 0.9238795325112867385, 1.000000000000000000, 0.9238795325112867385, 1.000000000000000000, 0.9238795325112867385, 1.000000000000000000, 0.9238795325112867385, 1.000000000000000000, 0.9238795325112867385, 1.000000000000000000) ) ) 
 REPRESENTATION_ITEM ( '' )  SURFACE ( )  );
#3686 = ORIENTED_EDGE ( 'NONE', *, *, #3738, .F. ) ;
#3687 = CARTESIAN_POINT ( 'NONE',  ( -5.081189881604800007, -2.104697761953658652, 1.515625000000001110 ) ) ;
#3688 = CARTESIAN_POINT ( 'NONE',  ( 0.000000000000000000, 4.025721420742504719, -11.56250000000000000 ) ) ;
#3689 = EDGE_LOOP ( 'NONE', ( #1998, #2050, #549, #2584 ) ) ;
#3690 = CARTESIAN_POINT ( 'NONE',  ( 4.025721420742514489, -9.852417264376230094E-15, -9.125000000000000000 ) ) ;
#3691 = CARTESIAN_POINT ( 'NONE',  ( 3.592943821779225555, 3.592943821779214897, 0.9531250000000008882 ) ) ;
#3692 = CARTESIAN_POINT ( 'NONE',  ( 4.025721420742512713, 1.667508410807426289, 1.468750000000001332 ) ) ;
#3693 = CARTESIAN_POINT ( 'NONE',  ( -4.930086852171255217E-16, -4.025721420742523371, -3.499999999999999556 ) ) ;
#3694 = EDGE_CURVE ( 'NONE', #248, #1599, #1744, .T. ) ;
#3695 = CARTESIAN_POINT ( 'NONE',  ( -2.846614915774974275, 2.846614915774965393, 2.125000000000001776 ) ) ;
#3696 = CARTESIAN_POINT ( 'NONE',  ( 3.999999999999998224, -0.3900230420058068970, 13.36549101804925144 ) ) ;
#3697 = CARTESIAN_POINT ( 'NONE',  ( -3.535533905932746190, -3.535533905932755072, 0.06250000000000364986 ) ) ;
#3698 = B_SPLINE_CURVE_WITH_KNOTS ( 'NONE', 3,
 ( #1138, #535, #2614, #3501, #2341, #811, #2031, #516, #1432, #2904, #448, #844, #3514, #2927, #2133, #351, #51, #1609, #74, #1913, #1859, #3333, #677, #1220, #3314, #3075, #622, #87 ),
 .UNSPECIFIED., .F., .F.,
 ( 4, 2, 2, 2, 2, 2, 2, 2, 2, 2, 2, 2, 2, 4 ),
 ( 0.01839330126035066543, 0.01971132670830472514, 0.02037033943228175326, 0.02102935215625878138, 0.02168836488023580950, 0.02234737760421283762, 0.02300639032818986573, 0.02366540305216689732, 0.02432441577614392197, 0.02498342850012095009, 0.02630145394807500633, 0.02761947939602906257, 0.02827849212000609069, 0.02893750484398311881 ),
 .UNSPECIFIED. ) ;
#3699 = CARTESIAN_POINT ( 'NONE',  ( -3.535533905932746190, 3.535533905932737309, -1.625000000000001554 ) ) ;
#3700 = EDGE_CURVE ( 'NONE', #1601, #3248, #2098, .T. ) ;
#3701 = CARTESIAN_POINT ( 'NONE',  ( -1.667508410807434505, 4.025721420742504719, -1.156249999999999334 ) ) ;
#3702 = ORIENTED_EDGE ( 'NONE', *, *, #2900, .F. ) ;
#3703 = CARTESIAN_POINT ( 'NONE',  ( 5.000000000000012434, -1.003138933591105784E-14, -9.687500000000001776 ) ) ;
#3704 = CARTESIAN_POINT ( 'NONE',  ( 2.104697761953648882, -5.081189881604811553, -5.515624999999999112 ) ) ;
#3705 = CARTESIAN_POINT ( 'NONE',  ( 5.000000000000012434, 2.071067811865472841, -6.593750000000001776 ) ) ;
#3706 = CARTESIAN_POINT ( 'NONE',  ( -4.122143385713630259, 2.325139388805983920, 3.099139981985858050 ) ) ;
#3707 = ORIENTED_EDGE ( 'NONE', *, *, #867, .T. ) ;
#3708 = ORIENTED_EDGE ( 'NONE', *, *, #2716, .F. ) ;
#3709 = CARTESIAN_POINT ( 'NONE',  ( -4.025721420742514489, -8.866399893941979642E-15, -8.374999999999998224 ) ) ;
#3710 = CARTESIAN_POINT ( 'NONE',  ( -4.025721420742513601, -1.667508410807443386, -6.593749999999998224 ) ) ;
#3711 = CARTESIAN_POINT ( 'NONE',  ( -5.081189881604800007, -2.104697761953658652, 0.1093750000000000833 ) ) ;
#3712 = CARTESIAN_POINT ( 'NONE',  ( 2.846614915774973831, -2.846614915774984045, -4.812499999999999112 ) ) ;
#3713 = CARTESIAN_POINT ( 'NONE',  ( 2.846614915774974719, 2.846614915774964505, 0.2500000000000019429 ) ) ;
#3714 = CARTESIAN_POINT ( 'NONE',  ( 3.494184735757099869, 2.010263024425975154, -13.47427857925749706 ) ) ;
#3715 = CARTESIAN_POINT ( 'NONE',  ( -1.667508410807434061, 4.025721420742504719, -2.468749999999998668 ) ) ;
#3716 = CARTESIAN_POINT ( 'NONE',  ( 0.000000000000000000, 5.000000000000002665, -12.49999999999999645 ) ) ;
#3717 = CARTESIAN_POINT ( 'NONE',  ( -4.304520782930481460, 0.2745319197116311005, 1.949614702493256191 ) ) ;
#3718 = CARTESIAN_POINT ( 'NONE',  ( 0.9928002693662965061, -3.936230201373523307, 1.183619750323454012 ) ) ;
#3719 = ORIENTED_EDGE ( 'NONE', *, *, #1101, .F. ) ;
#3720 = ADVANCED_FACE ( 'NONE', ( #2869, #175 ), #1400, .T. ) ;
#3721 = CARTESIAN_POINT ( 'NONE',  ( 4.253992533766242090, 2.541360210046435419, 3.726171041118486738 ) ) ;
#3722 = CARTESIAN_POINT ( 'NONE',  ( 5.081189881604800007, -1.004630367520562695E-14, -3.734375000000000000 ) ) ;
#3723 = CARTESIAN_POINT ( 'NONE',  ( -3.025107400478258768, 3.283113075522625657, 2.363599467798102705 ) ) ;
#3724 = CARTESIAN_POINT ( 'NONE',  ( -5.000000000000006217, -3.469446951953614189E-15, -13.99999999999999822 ) ) ;
#3725 = ORIENTED_EDGE ( 'NONE', *, *, #2809, .T. ) ;
#3726 = CARTESIAN_POINT ( 'NONE',  ( -3.592943821779224667, 3.592943821779215785, -10.76562499999999822 ) ) ;
#3727 = CARTESIAN_POINT ( 'NONE',  ( 0.000000000000000000, 4.025721420742504719, -5.749999999999998224 ) ) ;
#3728 = CARTESIAN_POINT ( 'NONE',  ( 1.667508410807436947, 4.025721420742503831, -4.343749999999998224 ) ) ;
#3729 = ORIENTED_EDGE ( 'NONE', *, *, #1955, .T. ) ;
#3730 = CARTESIAN_POINT ( 'NONE',  ( 5.000000000000012434, -1.003138933591105784E-14, -6.687500000000001776 ) ) ;
#3731 = CARTESIAN_POINT ( 'NONE',  ( 0.000000000000000000, 0.000000000000000000, 8.999999999999998224 ) ) ;
#3732 = CARTESIAN_POINT ( 'NONE',  ( 0.000000000000000000, 4.025721420742504719, -5.562499999999998224 ) ) ;
#3733 = AXIS2_PLACEMENT_3D ( 'NONE', #884, #2095, #3637 ) ;
#3734 = CARTESIAN_POINT ( 'NONE',  ( 2.683967608338928557, 3.069212732346287886, 13.36599243599574116 ) ) ;
#3735 = VECTOR ( 'NONE', #2905, 1000.000000000000000 ) ;
#3736 = CARTESIAN_POINT ( 'NONE',  ( 5.000000000000012434, -1.003138933591105784E-14, 0.6250000000000042188 ) ) ;
#3737 = CYLINDRICAL_SURFACE ( 'NONE', #2611, 5.000000000000006217 ) ;
#3738 = EDGE_CURVE ( 'NONE', #568, #1342, #2481, .T. ) ;
#3739 = VECTOR ( 'NONE', #1212, 1000.000000000000000 ) ;
#3740 = ORIENTED_EDGE ( 'NONE', *, *, #1585, .T. ) ;
#3741 = EDGE_CURVE ( 'NONE', #1599, #1361, #1677, .T. ) ;
#3742 = CARTESIAN_POINT ( 'NONE',  ( 4.025721420742514489, 7.686404827221489917E-14, -13.47427857925748995 ) ) ;
#3743 = CARTESIAN_POINT ( 'NONE',  ( 5.081189881604800007, -1.004630367520562695E-14, -8.234374999999998224 ) ) ;
#3744 = CARTESIAN_POINT ( 'NONE',  ( -2.846614915774974275, -2.846614915774983157, 2.500000000000002220 ) ) ;
#3745 = CARTESIAN_POINT ( 'NONE',  ( 0.4370756963175104204, 4.350016815079563948, 2.109048921304758295 ) ) ;
#3746 = PLANE ( 'NONE',  #229 ) ;
#3747 = CARTESIAN_POINT ( 'NONE',  ( -3.592943821779224667, -3.592943821779233549, -11.89062499999999822 ) ) ;
#3748 = CARTESIAN_POINT ( 'NONE',  ( -4.930086852171255217E-16, -4.025721420742523371, -9.499999999999998224 ) ) ;
#3749 = CARTESIAN_POINT ( 'NONE',  ( 3.592943821779225555, 3.592943821779214897, 3.953125000000000000 ) ) ;
#3750 = CARTESIAN_POINT ( 'NONE',  ( -4.930086852171255217E-16, -4.025721420742523371, -1.812499999999998224 ) ) ;
#3751 = CARTESIAN_POINT ( 'NONE',  ( 4.025721420742514489, -9.852417264376230094E-15, -4.624999999999999112 ) ) ;
#3752 = CARTESIAN_POINT ( 'NONE',  ( -4.025721420742513601, -1.667508410807443386, 0.9062500000000007772 ) ) ;
#3753 = FACE_OUTER_BOUND ( 'NONE', #1707, .T. ) ;
#3754 = CARTESIAN_POINT ( 'NONE',  ( -4.025721420742514489, -1.667508410807443164, -5.093749999999999112 ) ) ;
#3755 = CARTESIAN_POINT ( 'NONE',  ( 0.000000000000000000, -3.469446951953614189E-15, -13.99999999999999822 ) ) ;
#3756 = FILL_AREA_STYLE_COLOUR ( '', #3486 ) ;
#3757 = DIRECTION ( 'NONE',  ( -0.000000000000000000, -0.000000000000000000, 1.000000000000000000 ) ) ;
#3758 = CARTESIAN_POINT ( 'NONE',  ( -2.846614915774974275, 2.846614915774965393, 0.4375000000000003886 ) ) ;
#3759 = CARTESIAN_POINT ( 'NONE',  ( -4.930086852171255217E-16, -4.025721420742523371, -10.81250000000000000 ) ) ;
#3760 = CARTESIAN_POINT ( 'NONE',  ( 2.501244805961171824, -4.084498406001386250, 3.254844319451458468 ) ) ;
#3761 = CARTESIAN_POINT ( 'NONE',  ( -6.123233995736780087E-16, -5.000000000000022204, -4.062500000000001776 ) ) ;
#3762 = CARTESIAN_POINT ( 'NONE',  ( -3.592943821779224667, -3.592943821779233549, -8.796875000000000000 ) ) ;
#3763 = CARTESIAN_POINT ( 'NONE',  ( -4.930086852171255217E-16, -4.025721420742523371, 4.187500000000000000 ) ) ;
#3764 = CARTESIAN_POINT ( 'NONE',  ( 4.999999999999993783, -2.071067811865510588, -11.28125000000000355 ) ) ;
#3765 = CARTESIAN_POINT ( 'NONE',  ( -2.846614915774974275, 2.846614915774965393, -1.062499999999999112 ) ) ;
#3766 = CARTESIAN_POINT ( 'NONE',  ( -4.025721420742514489, -8.866399893941979642E-15, -14.18749999999999822 ) ) ;
#3767 = CARTESIAN_POINT ( 'NONE',  ( -4.930086852171255217E-16, -4.025721420742523371, -4.999999999999999112 ) ) ;
#3768 = CARTESIAN_POINT ( 'NONE',  ( -4.025721420742514489, 1.667508410807425623, -0.7812499999999991118 ) ) ;
#3769 = CARTESIAN_POINT ( 'NONE',  ( 2.846614915774973831, -2.846614915774984045, -0.1249999999999983763 ) ) ;
#3770 = DIRECTION ( 'NONE',  ( -0.000000000000000000, -0.000000000000000000, 1.000000000000000000 ) ) ;
#3771 = CARTESIAN_POINT ( 'NONE',  ( -4.545912253588365814, -2.395194305436089050E-11, 2.612832317374721658 ) ) ;
#3772 = CARTESIAN_POINT ( 'NONE',  ( -5.000000000000016875, -2.071067811865484831, -9.031249999999996447 ) ) ;
#3773 = CARTESIAN_POINT ( 'NONE',  ( -4.025721420742513601, -1.667508410807443386, -12.59375000000000000 ) ) ;
#3774 = CARTESIAN_POINT ( 'NONE',  ( -1.667508410807434949, -4.025721420742524259, -7.906250000000000888 ) ) ;
#3775 = CARTESIAN_POINT ( 'NONE',  ( -3.619465729643510432, -2.888422052502724657, 2.817709171260274648 ) ) ;
#3776 = DIRECTION ( 'NONE',  ( -0.000000000000000000, -0.000000000000000000, -1.000000000000000000 ) ) ;
#3777 = CARTESIAN_POINT ( 'NONE',  ( 1.667508410807433616, -4.025721420742524259, 2.781250000000002665 ) ) ;
#3778 = CARTESIAN_POINT ( 'NONE',  ( -2.071067811865481278, -5.000000000000022204, -11.65625000000000178 ) ) ;
#3779 = CARTESIAN_POINT ( 'NONE',  ( -2.104697761953649326, 5.081189881604790237, -12.35937500000000000 ) ) ;
#3780 = ORIENTED_EDGE ( 'NONE', *, *, #2156, .T. ) ;
#3781 = CARTESIAN_POINT ( 'NONE',  ( 2.846614915774973831, -2.846614915774984045, -1.812499999999998224 ) ) ;
#3782 = CARTESIAN_POINT ( 'NONE',  ( 2.104697761953652879, 5.081189881604789349, 2.546875000000002665 ) ) ;
#3783 = CARTESIAN_POINT ( 'NONE',  ( 1.667508410807433616, -4.025721420742524259, 2.593750000000002220 ) ) ;
#3784 = EDGE_CURVE ( 'NONE', #1908, #723, #2307, .T. ) ;
#3785 = DIRECTION ( 'NONE',  ( -0.000000000000000000, -0.000000000000000000, -1.000000000000000000 ) ) ;
#3786 = CARTESIAN_POINT ( 'NONE',  ( 5.000000000000012434, -1.003138933591105784E-14, 2.312500000000000444 ) ) ;
#3787 = EDGE_CURVE ( 'NONE', #2553, #1169, #1213, .T. ) ;
#3788 = CARTESIAN_POINT ( 'NONE',  ( 0.000000000000000000, -3.469446951953614189E-15, -13.99999999999999822 ) ) ;
#3789 = DIRECTION ( 'NONE',  ( -0.000000000000000000, -0.000000000000000000, -1.000000000000000000 ) ) ;
#3790 = CIRCLE ( 'NONE', #2117, 1.000000000000000000 ) ;
#3791 = CARTESIAN_POINT ( 'NONE',  ( 2.071067811865479502, -5.000000000000023093, -8.656249999999994671 ) ) ;
#3792 = CARTESIAN_POINT ( 'NONE',  ( 4.025721420742514489, -9.852417264376230094E-15, -0.1249999999999983763 ) ) ;
#3793 = CARTESIAN_POINT ( 'NONE',  ( 4.025721420742514489, -9.852417264376230094E-15, -7.437499999999999112 ) ) ;
#3794 = CARTESIAN_POINT ( 'NONE',  ( -6.123233995736780087E-16, -5.000000000000022204, -11.74999999999999645 ) ) ;
#3795 = CARTESIAN_POINT ( 'NONE',  ( 4.078782721325739935, -0.2699047598119900249, 1.329404475522765638 ) ) ;
#3796 = CARTESIAN_POINT ( 'NONE',  ( 5.081189881604800007, -2.104697761953661761, -2.328125000000000000 ) ) ;
#3797 = CIRCLE ( 'NONE', #792, 0.5000000000000004441 ) ;
#3798 = CARTESIAN_POINT ( 'NONE',  ( 0.000000000000000000, 4.025721420742504719, 3.437500000000003109 ) ) ;
#3799 = CARTESIAN_POINT ( 'NONE',  ( 5.050799999999994405, -9.725842854191581423E-15, 4.000000000000000000 ) ) ;
#3800 = CARTESIAN_POINT ( 'NONE',  ( 5.081189881604800007, -2.104697761953661761, -12.92187500000000000 ) ) ;
#3801 = VECTOR ( 'NONE', #2663, 1000.000000000000000 ) ;
#3802 = ADVANCED_FACE ( 'NONE', ( #1105 ), #1761, .T. ) ;
#3803 = CARTESIAN_POINT ( 'NONE',  ( 4.025721420742513601, 1.667508410807426067, -4.531249999999999112 ) ) ;
#3804 = CARTESIAN_POINT ( 'NONE',  ( 5.081189881604800007, -2.104697761953661761, 3.671874999999999556 ) ) ;
#3805 = CARTESIAN_POINT ( 'NONE',  ( -5.000000000000012434, -8.806742536763703202E-15, -4.624999999999997335 ) ) ;
#3806 = ADVANCED_FACE ( 'NONE', ( #3212 ), #3308, .T. ) ;
#3807 = CARTESIAN_POINT ( 'NONE',  ( -5.081189881604800007, 2.104697761953640445, 2.828125000000002665 ) ) ;
#3808 = CARTESIAN_POINT ( 'NONE',  ( 1.000000000000000000, 0.000000000000000000, 8.999999999999998224 ) ) ;
#3809 = CARTESIAN_POINT ( 'NONE',  ( 5.000000000000012434, -1.003138933591105784E-14, -0.6875000000000006661 ) ) ;
#3810 = CARTESIAN_POINT ( 'NONE',  ( 0.000000000000000000, -3.469446951953614189E-15, -13.99999999999999822 ) ) ;
#3811 = ORIENTED_EDGE ( 'NONE', *, *, #3597, .T. ) ;
#3812 =( BOUNDED_CURVE ( )  B_SPLINE_CURVE ( 2, ( #784, #3199, #492, #1090, #1711, #1728, #1425, #2609, #3805 ),
 .UNSPECIFIED., .F., .T. ) 
 B_SPLINE_CURVE_WITH_KNOTS ( ( 3, 2, 2, 2, 3 ),
 ( 0.4423076923076923461, 0.4519230769230769829, 0.4615384615384615641, 0.4711538461538461453, 0.4807692307692307820 ),
 .UNSPECIFIED. ) 
 CURVE ( )  GEOMETRIC_REPRESENTATION_ITEM ( )  RATIONAL_B_SPLINE_CURVE ( ( 0.9999999999999995559, 0.9238795325112871826, 1.000000000000000000, 0.9238795325112867385, 1.000000000000000000, 0.9238795325112867385, 1.000000000000000000, 0.9238795325112867385, 1.000000000000000000 ) ) 
 REPRESENTATION_ITEM ( '' )  );
#3813 = ORIENTED_EDGE ( 'NONE', *, *, #2348, .T. ) ;
#3814 = CARTESIAN_POINT ( 'NONE',  ( 2.675981248387783840, -3.073823659413926546, 13.39933838643354136 ) ) ;
#3815 = CARTESIAN_POINT ( 'NONE',  ( -4.025721420742514489, -1.667508410807443164, -11.09374999999999822 ) ) ;
#3816 = CARTESIAN_POINT ( 'NONE',  ( -1.667508410807434505, 4.025721420742504719, -10.15624999999999822 ) ) ;
#3817 = ORIENTED_EDGE ( 'NONE', *, *, #1853, .F. ) ;
#3818 = CARTESIAN_POINT ( 'NONE',  ( -2.846614915774974275, 2.846614915774965393, -11.37500000000000000 ) ) ;
#3819 = LINE ( 'NONE', #3488, #3414 ) ;
#3821 = EDGE_CURVE ( 'NONE', #3286, #3441, #1827, .T. ) ;
#3820 = ORIENTED_EDGE ( 'NONE', *, *, #3194, .F. ) ;
#3822 = CARTESIAN_POINT ( 'NONE',  ( -5.000000000000012434, -2.071067811865489716, 2.968750000000004885 ) ) ;
#3823 = CARTESIAN_POINT ( 'NONE',  ( 4.025721420742512713, -1.667508410807445607, -13.71875000000000178 ) ) ;
#3824 = CARTESIAN_POINT ( 'NONE',  ( 2.846614915774973831, -2.846614915774984045, -13.81249999999999822 ) ) ;
#3825 = CARTESIAN_POINT ( 'NONE',  ( -3.592943821779224667, 3.592943821779215785, -12.26562499999999822 ) ) ;
#3826 = CARTESIAN_POINT ( 'NONE',  ( -4.025721420742514489, -1.667508410807443164, -2.281249999999998668 ) ) ;
#3827 = CARTESIAN_POINT ( 'NONE',  ( 0.000000000000000000, 5.000000000000002665, -10.81250000000000178 ) ) ;
#3828 = ORIENTED_EDGE ( 'NONE', *, *, #2732, .T. ) ;
#3829 = CARTESIAN_POINT ( 'NONE',  ( -2.104697761953650215, -5.081189881604809777, -1.296874999999997558 ) ) ;
#3830 = CARTESIAN_POINT ( 'NONE',  ( -2.104697761953650215, -5.081189881604809777, 3.203125000000002665 ) ) ;
#3831 = CARTESIAN_POINT ( 'NONE',  ( 4.160577363213517010, -0.5403623607685750230, 1.625611322735895481 ) ) ;
#3832 = CARTESIAN_POINT ( 'NONE',  ( 0.000000000000000000, 5.000000000000002665, -0.3125000000000021094 ) ) ;
#3833 = CARTESIAN_POINT ( 'NONE',  ( -2.104697761953649326, 5.081189881604790237, -9.265625000000000000 ) ) ;
#3834 = DIRECTION ( 'NONE',  ( -0.000000000000000000, -0.000000000000000000, -1.000000000000000000 ) ) ;
#3835 = ORIENTED_EDGE ( 'NONE', *, *, #1310, .T. ) ;
#3836 = CARTESIAN_POINT ( 'NONE',  ( 4.083282373549240063, -9.862991039867824350E-15, 1.341767168402226762 ) ) ;
#3837 = CARTESIAN_POINT ( 'NONE',  ( -4.025721420742514489, -1.667508410807443164, -12.59375000000000355 ) ) ;
#3838 = CARTESIAN_POINT ( 'NONE',  ( 4.025721420742512713, 1.667508410807426289, -11.84375000000000178 ) ) ;
#3839 = CARTESIAN_POINT ( 'NONE',  ( 4.025721420742514489, -9.852417264376230094E-15, -4.437499999999999112 ) ) ;
#3840 = CARTESIAN_POINT ( 'NONE',  ( 0.000000000000000000, -3.469446951953614189E-15, 4.500000000000000888 ) ) ;
#3841 = CARTESIAN_POINT ( 'NONE',  ( 1.661605094609974964, -4.617957323173145667, 3.578830330683845151 ) ) ;
#3842 = DIRECTION ( 'NONE',  ( -1.000000000000000000, 0.000000000000000000, 0.000000000000000000 ) ) ;
#3843 = CARTESIAN_POINT ( 'NONE',  ( -4.025721420742514489, 1.667508410807425623, -0.9687499999999993339 ) ) ;
#3844 = CARTESIAN_POINT ( 'NONE',  ( -4.025721420742513601, -1.667508410807443386, -3.593749999999997780 ) ) ;
#3845 = CYLINDRICAL_SURFACE ( 'NONE', #2478, 5.000000000000006217 ) ;
#3846 = VERTEX_POINT ( 'NONE', #2744 ) ;
#3847 = CARTESIAN_POINT ( 'NONE',  ( 3.592943821779224667, -3.592943821779234881, -1.015624999999997335 ) ) ;
#3848 = CARTESIAN_POINT ( 'NONE',  ( 4.891514123002895786, -1.001146080360847878E-14, 3.562365649712447180 ) ) ;
#3849 = CARTESIAN_POINT ( 'NONE',  ( 2.071067811865483943, 5.000000000000000888, -12.40625000000000000 ) ) ;
#3850 = DIRECTION ( 'NONE',  ( -0.3420201433256694901, 0.000000000000000000, 0.9396926207859082059 ) ) ;
#3851 = CARTESIAN_POINT ( 'NONE',  ( -2.846614915774974275, 2.846614915774965393, -8.562499999999998224 ) ) ;
#3852 = ORIENTED_EDGE ( 'NONE', *, *, #2266, .T. ) ;
#3853 = CARTESIAN_POINT ( 'NONE',  ( 5.000000000000006217, -2.857123552379936476E-15, -13.99999999999999822 ) ) ;
#3854 = CARTESIAN_POINT ( 'NONE',  ( 1.667508410807436947, 4.025721420742503831, -11.65624999999999822 ) ) ;
#3855 = CARTESIAN_POINT ( 'NONE',  ( -5.000000000000008882, 2.071067811865476394, -9.218749999999998224 ) ) ;
#3856 = ORIENTED_EDGE ( 'NONE', *, *, #327, .T. ) ;
#3858 = CIRCLE ( 'NONE', #3866, 5.099001794597502801 ) ;
#3857 = CARTESIAN_POINT ( 'NONE',  ( -4.025721420742513601, -1.667508410807443386, 0.7187500000000005551 ) ) ;
#3859 = CARTESIAN_POINT ( 'NONE',  ( -2.846614915774974275, -2.846614915774983157, -6.499999999999999112 ) ) ;
#3860 = CARTESIAN_POINT ( 'NONE',  ( 0.000000000000000000, -3.469446951953614189E-15, -13.99999999999999822 ) ) ;
#3861 = AXIS2_PLACEMENT_3D ( 'NONE', #240, #1451, #3534 ) ;
#3862 = DIRECTION ( 'NONE',  ( -1.000000000000000000, 0.000000000000000000, 0.000000000000000000 ) ) ;
#3863 = CARTESIAN_POINT ( 'NONE',  ( 2.071067811865479502, -5.000000000000023093, -2.656249999999997335 ) ) ;
#3864 = EDGE_CURVE ( 'NONE', #1360, #3652, #232, .T. ) ;
#3865 = CARTESIAN_POINT ( 'NONE',  ( 2.071067811865479502, -5.000000000000023093, -4.156249999999996447 ) ) ;
#3866 = AXIS2_PLACEMENT_3D ( 'NONE', #2539, #751, #152 ) ;
#3867 = CARTESIAN_POINT ( 'NONE',  ( -1.667508410807434505, 4.025721420742504719, -2.468749999999999112 ) ) ;
#3868 = CYLINDRICAL_SURFACE ( 'NONE', #471, 5.000000000000006217 ) ;
#3869 = CARTESIAN_POINT ( 'NONE',  ( -1.667508410807434505, 4.025721420742504719, -9.968749999999998224 ) ) ;
#3870 = CIRCLE ( 'NONE', #2987, 1.000000000000000000 ) ;
#3871 = ORIENTED_EDGE ( 'NONE', *, *, #132, .T. ) ;
#3872 = FACE_OUTER_BOUND ( 'NONE', #662, .T. ) ;
#3873 = CARTESIAN_POINT ( 'NONE',  ( -3.535533905932746190, -3.535533905932755072, -8.750000000000000000 ) ) ;
#3874 = CARTESIAN_POINT ( 'NONE',  ( -4.025721420742514489, -8.866399893941979642E-15, -9.874999999999998224 ) ) ;
#3875 = CARTESIAN_POINT ( 'NONE',  ( 5.000000000000006217, -2.857123552379936476E-15, -13.99999999999999822 ) ) ;
ENDSEC;
END-ISO-10303-21;
