ISO-10303-21;
HEADER;
FILE_DESCRIPTION (( 'STEP AP214' ),
    '1' );
FILE_NAME ('92196A540_18-8 Stainless Steel Socket Head Screw.STEP',
    '2026-02-20T19:34:29',
    ( '' ),
    ( '' ),
    'SwSTEP 2.0',
    'SolidWorks 2025',
    '' );
FILE_SCHEMA (( 'AUTOMOTIVE_DESIGN' ));
ENDSEC;

DATA;
#1 = CARTESIAN_POINT ( 'NONE',  ( 0.01530756312513084638, 0.09941534978212360207, 0.9948974789582296641 ) ) ;
#2 = CARTESIAN_POINT ( 'NONE',  ( 0.1249999999999999306, -2.104064416233336445E-17, 0.1937500000000000056 ) ) ;
#3 = CARTESIAN_POINT ( 'NONE',  ( -1.133092784412350307E-17, -0.09252404735808331115, 0.7500000000000001110 ) ) ;
#4 = EDGE_LOOP ( 'NONE', ( #3679, #2753, #1742, #3183 ) ) ;
#5 = CARTESIAN_POINT ( 'NONE',  ( -0.08838834764831837720, 0.08838834764831855761, 0.7562499999999999778 ) ) ;
#6 = CARTESIAN_POINT ( 'NONE',  ( -0.08838834764831839108, -0.08838834764831839108, 0.1187500000000000500 ) ) ;
#7 = CARTESIAN_POINT ( 'NONE',  ( 0.1874999999999998057, 0.02454369260617026913, 0.7593750000000000222 ) ) ;
#8 = ORIENTED_EDGE ( 'NONE', *, *, #1911, .F. ) ;
#9 = CARTESIAN_POINT ( 'NONE',  ( -0.03832471526136872059, 0.09252404735808350544, 0.2343749999999999722 ) ) ;
#10 = CARTESIAN_POINT ( 'NONE',  ( -0.06542438130972610955, -0.06542438130972598465, 0.5500000000000000444 ) ) ;
#11 = CARTESIAN_POINT ( 'NONE',  ( -0.1874999999999998335, -0.02454369240633884341, 0.7500000000000001110 ) ) ;
#12 = CARTESIAN_POINT ( 'NONE',  ( 0.08838834764831837720, -0.08838834764831833557, 0.3312500000000000444 ) ) ;
#13 = CARTESIAN_POINT ( 'NONE',  ( 0.03832471526136876916, 0.09252404735808360259, 0.7218750000000001554 ) ) ;
#14 = EDGE_LOOP ( 'NONE', ( #16, #1421, #1799, #2834 ) ) ;
#15 = CARTESIAN_POINT ( 'NONE',  ( -0.06542438130972608179, -0.06542438130972602628, 0.3437500000000000555 ) ) ;
#16 = ORIENTED_EDGE ( 'NONE', *, *, #1307, .T. ) ;
#17 = CARTESIAN_POINT ( 'NONE',  ( -0.06542438130972608179, -0.06542438130972599852, 0.4437500000000000333 ) ) ;
#18 = CARTESIAN_POINT ( 'NONE',  ( 0.06542438130972608179, -0.06542438130972604016, 0.4062500000000000000 ) ) ;
#19 = CARTESIAN_POINT ( 'NONE',  ( 0.000000000000000000, 0.09252404735808358871, 0.5312500000000000000 ) ) ;
#20 = CARTESIAN_POINT ( 'NONE',  ( -0.06542438130972609567, 0.06542438130972610955, 0.1874999999999999722 ) ) ;
#21 =( BOUNDED_CURVE ( )  B_SPLINE_CURVE ( 2, ( #1685, #2861, #4333, #4734, #3125, #4690, #2420, #3193, #3927 ),
 .UNSPECIFIED., .F., .F. ) 
 B_SPLINE_CURVE_WITH_KNOTS ( ( 3, 2, 2, 2, 3 ),
 ( 0.3281250000000000000, 0.3359375000000000000, 0.3437500000000000000, 0.3515625000000000000, 0.3593750000000000000 ),
 .UNSPECIFIED. ) 
 CURVE ( )  GEOMETRIC_REPRESENTATION_ITEM ( )  RATIONAL_B_SPLINE_CURVE ( ( 1.000000000000000000, 0.9238795325112867385, 1.000000000000000000, 0.9238795325112867385, 1.000000000000000000, 0.9238795325112867385, 1.000000000000000000, 0.9238795325112867385, 1.000000000000000000 ) ) 
 REPRESENTATION_ITEM ( '' )  );
#22 = CARTESIAN_POINT ( 'NONE',  ( 0.1249999999999998751, -0.05177669529663688625, 0.2843750000000000444 ) ) ;
#23 = CARTESIAN_POINT ( 'NONE',  ( 0.03832471526136877610, 0.09252404735808364422, 0.7781250000000000666 ) ) ;
#24 = B_SPLINE_CURVE_WITH_KNOTS ( 'NONE', 3,
 ( #1609, #120, #3415, #3459, #4584, #1988 ),
 .UNSPECIFIED., .F., .F.,
 ( 4, 2, 4 ),
 ( 0.01163643954852218443, 0.01229951956398749914, 0.01296259957945281385 ),
 .UNSPECIFIED. ) ;
#25 = EDGE_CURVE ( 'NONE', #778, #3454, #1006, .T. ) ;
#26 = VERTEX_POINT ( 'NONE', #1882 ) ;
#27 = CARTESIAN_POINT ( 'NONE',  ( 0.04907772852307042133, 0.1826198767901030251, 0.9812499999999999556 ) ) ;
#28 = CARTESIAN_POINT ( 'NONE',  ( -0.05177669529663687931, -0.1249999999999999167, 0.2781250000000000666 ) ) ;
#29 = ORIENTED_EDGE ( 'NONE', *, *, #3147, .F. ) ;
#30 = CARTESIAN_POINT ( 'NONE',  ( -0.1249999999999999167, 0.05177669529663683767, 0.1093750000000000278 ) ) ;
#31 = CARTESIAN_POINT ( 'NONE',  ( 0.08838834764831840496, 0.08838834764831832169, -2.561107494060246767E-17 ) ) ;
#32 = CARTESIAN_POINT ( 'NONE',  ( 0.1249999999999999029, 1.538357638823458008E-17, 0.000000000000000000 ) ) ;
#33 = CARTESIAN_POINT ( 'NONE',  ( 0.03832471526136877610, 0.09252404735808351932, 0.3781250000000000999 ) ) ;
#34 = CARTESIAN_POINT ( 'NONE',  ( -0.02454369240633561683, -0.1874999999999998057, 0.7593750000000000222 ) ) ;
#35 = ORIENTED_EDGE ( 'NONE', *, *, #620, .F. ) ;
#36 = CARTESIAN_POINT ( 'NONE',  ( 0.1249999999999998890, 0.05177669529663688625, 0.1906250000000000444 ) ) ;
#37 = CARTESIAN_POINT ( 'NONE',  ( 0.09252404735808347769, 0.03832471526136887324, 0.6218749999999999556 ) ) ;
#38 = CARTESIAN_POINT ( 'NONE',  ( -0.1249999999999993755, -0.05177669529663725401, 0.6656250000000001332 ) ) ;
#39 = CARTESIAN_POINT ( 'NONE',  ( 0.1874999999999998335, 0.02454369238351223823, 0.9812499999999999556 ) ) ;
#40 = DIRECTION ( 'NONE',  ( 1.000000000000000000, 0.000000000000000000, 0.000000000000000000 ) ) ;
#41 = CARTESIAN_POINT ( 'NONE',  ( 0.000000000000000000, -5.530426628471140438E-17, 0.7250000000000000888 ) ) ;
#42 = CARTESIAN_POINT ( 'NONE',  ( -0.06542438130972608179, 0.06542438130972619281, 0.5312500000000000000 ) ) ;
#43 = CARTESIAN_POINT ( 'NONE',  ( -0.09252404735808347769, 0.03832471526136878998, 0.4343750000000001776 ) ) ;
#44 = EDGE_CURVE ( 'NONE', #2883, #785, #3221, .T. ) ;
#45 = CARTESIAN_POINT ( 'NONE',  ( -0.06542438130972610955, -0.06542438130972601240, 0.4500000000000000666 ) ) ;
#46 = CARTESIAN_POINT ( 'NONE',  ( 0.06542438130972610955, 0.06542438130972604016, 0.07499999999999998335 ) ) ;
#47 = CYLINDRICAL_SURFACE ( 'NONE', #609, 0.1249999999999999029 ) ;
#48 = CARTESIAN_POINT ( 'NONE',  ( -0.09252404735808346381, 2.050889070324886856E-17, 0.2375000000000000167 ) ) ;
#49 = EDGE_CURVE ( 'NONE', #1469, #984, #2939, .T. ) ;
#50 = DIRECTION ( 'NONE',  ( 1.000000000000000000, 0.000000000000000000, 0.000000000000000000 ) ) ;
#51 =( BOUNDED_CURVE ( )  B_SPLINE_CURVE ( 2, ( #2857, #3247, #2906, #4026, #2880, #4330, #3271, #976, #2490 ),
 .UNSPECIFIED., .F., .F. ) 
 B_SPLINE_CURVE_WITH_KNOTS ( ( 3, 2, 2, 2, 3 ),
 ( 0.7968750000000000000, 0.8046875000000000000, 0.8125000000000000000, 0.8203125000000001110, 0.8281250000000001110 ),
 .UNSPECIFIED. ) 
 CURVE ( )  GEOMETRIC_REPRESENTATION_ITEM ( )  RATIONAL_B_SPLINE_CURVE ( ( 1.000000000000000000, 0.9238795325112867385, 1.000000000000000000, 0.9238795325112867385, 1.000000000000000000, 0.9238795325112867385, 1.000000000000000000, 0.9238795325112856283, 1.000000000000001110 ) ) 
 REPRESENTATION_ITEM ( '' )  );
#52 = CARTESIAN_POINT ( 'NONE',  ( 0.06542438130972609567, -0.06542438130972602628, 0.4625000000000000777 ) ) ;
#53 = CARTESIAN_POINT ( 'NONE',  ( 0.05431570440143768802, -0.07490329495353674483, 0.005024047358083607272 ) ) ;
#54 = ORIENTED_EDGE ( 'NONE', *, *, #1745, .T. ) ;
#55 = CARTESIAN_POINT ( 'NONE',  ( -0.08838834764831837720, 0.08838834764831833557, 0.006249999999999970857 ) ) ;
#56 = CARTESIAN_POINT ( 'NONE',  ( 0.1249999999999998890, -0.05177669529663698339, 0.04062500000000001527 ) ) ;
#57 = ORIENTED_EDGE ( 'NONE', *, *, #2303, .T. ) ;
#58 = CARTESIAN_POINT ( 'NONE',  ( -0.03832471526136872059, 0.09252404735808346381, 0.1343749999999999944 ) ) ;
#59 = CARTESIAN_POINT ( 'NONE',  ( 0.1638349478928962377, -0.09442855863492151391, 0.7593750000000000222 ) ) ;
#60 = ORIENTED_EDGE ( 'NONE', *, *, #3222, .T. ) ;
#61 = CARTESIAN_POINT ( 'NONE',  ( 0.05177669529663693482, 0.1249999999999999167, 0.2968750000000000000 ) ) ;
#62 = CIRCLE ( 'NONE', #4572, 0.1082531754730549772 ) ;
#63 = CARTESIAN_POINT ( 'NONE',  ( 0.03832471526136869977, -0.09252404735808335279, 0.6593749999999999334 ) ) ;
#64 = DIMENSIONAL_EXPONENTS ( 1.000000000000000000, 0.000000000000000000, 0.000000000000000000, 0.000000000000000000, 0.000000000000000000, 0.000000000000000000, 0.000000000000000000 ) ;
#65 = CARTESIAN_POINT ( 'NONE',  ( 0.1638349478928959047, 0.09442855863492199964, 0.7593750000000000222 ) ) ;
#66 = CARTESIAN_POINT ( 'NONE',  ( -0.1638349479016301125, -0.09442855861383595006, 0.9812499999999999556 ) ) ;
#67 = CARTESIAN_POINT ( 'NONE',  ( 0.1249999999999999167, 3.618510544405751576E-17, 0.3875000000000000111 ) ) ;
#68 = DIRECTION ( 'NONE',  ( -0.000000000000000000, -0.000000000000000000, 1.000000000000000000 ) ) ;
#69 = CARTESIAN_POINT ( 'NONE',  ( 0.09252404735808344993, -0.03832471526136865120, 0.5593750000000000666 ) ) ;
#70 = VECTOR ( 'NONE', #4906, 39.37007874015748854 ) ;
#71 = CARTESIAN_POINT ( 'NONE',  ( 0.03832471526136876916, 0.09252404735808350544, 0.3218750000000000222 ) ) ;
#72 = CARTESIAN_POINT ( 'NONE',  ( -0.06542438130972609567, 0.06542438130972620669, 0.5374999999999999778 ) ) ;
#73 = CARTESIAN_POINT ( 'NONE',  ( -0.03832471526136872059, 0.09252404735808343605, 0.03437499999999996808 ) ) ;
#74 = CARTESIAN_POINT ( 'NONE',  ( -0.08838834764831837720, 0.08838834764831843271, 0.3062499999999999667 ) ) ;
#75 = CARTESIAN_POINT ( 'NONE',  ( 0.000000000000000000, 7.549139889267777477E-20, 0.000000000000000000 ) ) ;
#76 = ADVANCED_FACE ( 'NONE', ( #1953 ), #820, .F. ) ;
#77 = CARTESIAN_POINT ( 'NONE',  ( -0.06542438130972608179, -0.06542438130972608179, 0.1437500000000000167 ) ) ;
#78 = EDGE_LOOP ( 'NONE', ( #1593, #2896, #2233, #2171 ) ) ;
#79 = PRESENTATION_LAYER_ASSIGNMENT (  '', '', ( #1816 ) ) ;
#80 = CARTESIAN_POINT ( 'NONE',  ( -0.1474597276623386966, 0.08495837654814483719, 1.000000000000000000 ) ) ;
#81 = DIRECTION ( 'NONE',  ( 0.000000000000000000, 0.000000000000000000, -1.000000000000000000 ) ) ;
#82 = CARTESIAN_POINT ( 'NONE',  ( 0.09252404735808347769, -0.03832471526136882467, 0.01562500000000001041 ) ) ;
#83 = CARTESIAN_POINT ( 'NONE',  ( 0.06542438130972610955, 0.06542438130972613730, 0.3750000000000000555 ) ) ;
#84 = CARTESIAN_POINT ( 'NONE',  ( -0.1249999999999999445, -0.05177669529663676135, 0.4718750000000000444 ) ) ;
#85 = SURFACE_STYLE_USAGE ( .BOTH. , #4218 ) ;
#86 = DIRECTION ( 'NONE',  ( -0.000000000000000000, -0.000000000000000000, -1.000000000000000000 ) ) ;
#87 = CARTESIAN_POINT ( 'NONE',  ( 0.000000000000000000, 0.1249999999999998612, -4.055086865595390561E-17 ) ) ;
#88 = CARTESIAN_POINT ( 'NONE',  ( 0.08838834764831837720, -0.08838834764831846047, -0.01249999999999997294 ) ) ;
#89 = ORIENTED_EDGE ( 'NONE', *, *, #2262, .T. ) ;
#90 = CARTESIAN_POINT ( 'NONE',  ( -0.06542438130972609567, 0.06542438130972610955, 0.1874999999999999722 ) ) ;
#91 = CARTESIAN_POINT ( 'NONE',  ( 0.1249999999999999167, 3.618510544405751576E-17, 0.3875000000000000111 ) ) ;
#92 = CARTESIAN_POINT ( 'NONE',  ( -0.04907772850198648812, -0.1826198767988362892, 0.7593750000000000222 ) ) ;
#93 = EDGE_CURVE ( 'NONE', #701, #2528, #3066, .T. ) ;
#94 = CARTESIAN_POINT ( 'NONE',  ( -0.1249999999999999167, -0.05177669529663680298, 0.3156249999999999889 ) ) ;
#95 = DIRECTION ( 'NONE',  ( -1.000000000000000000, 0.000000000000000000, 0.000000000000000000 ) ) ;
#96 = CARTESIAN_POINT ( 'NONE',  ( -0.04907772852307668715, 0.1826198767901004716, 0.9812499999999999556 ) ) ;
#97 = CARTESIAN_POINT ( 'NONE',  ( -0.09252404735808347769, -0.03832471526136854018, 0.7406250000000001998 ) ) ;
#98 = FACE_OUTER_BOUND ( 'NONE', #3805, .T. ) ;
#99 = CARTESIAN_POINT ( 'NONE',  ( -0.09252404735808346381, 1.238844383793098163E-16, 0.5875000000000000222 ) ) ;
#100 = ORIENTED_EDGE ( 'NONE', *, *, #891, .F. ) ;
#101 = CARTESIAN_POINT ( 'NONE',  ( 0.08838834764831837720, -0.08838834764831836333, 0.3875000000000000111 ) ) ;
#102 = DIRECTION ( 'NONE',  ( 0.000000000000000000, 0.000000000000000000, 1.000000000000000000 ) ) ;
#103 = CARTESIAN_POINT ( 'NONE',  ( -1.133092784412350307E-17, -0.09252404735808347769, 0.1500000000000000500 ) ) ;
#104 = CARTESIAN_POINT ( 'NONE',  ( 0.09252404735808344993, -0.03832471526136879691, 0.05937500000000002498 ) ) ;
#105 = CARTESIAN_POINT ( 'NONE',  ( 0.06542438130972610955, 0.06542438130972615118, 0.4249999999999999889 ) ) ;
#106 = CARTESIAN_POINT ( 'NONE',  ( 0.1349437795130002393, -0.1037047591374593153, 1.000000000000000000 ) ) ;
#107 = CARTESIAN_POINT ( 'NONE',  ( -0.06542438130972608179, 0.06542438130972604016, 0.03124999999999998265 ) ) ;
#108 = CARTESIAN_POINT ( 'NONE',  ( 0.05177669529663694176, 0.1249999999999998612, 0.05312499999999997780 ) ) ;
#109 = VERTEX_POINT ( 'NONE', #1250 ) ;
#110 = CARTESIAN_POINT ( 'NONE',  ( -0.09252404735808347769, 7.586947243741243540E-18, 0.1937500000000000056 ) ) ;
#111 = CARTESIAN_POINT ( 'NONE',  ( 0.09442855863492420621, 0.1638349478928950997, 0.7593750000000000222 ) ) ;
#112 = ADVANCED_FACE ( 'NONE', ( #98 ), #1563, .F. ) ;
#113 = CARTESIAN_POINT ( 'NONE',  ( 0.05177669529663682380, -0.1249999999999998890, 0.3281250000000000000 ) ) ;
#114 = CARTESIAN_POINT ( 'NONE',  ( 0.03832471526136869977, -0.09252404735808356095, 0.009375000000000023939 ) ) ;
#115 = FACE_OUTER_BOUND ( 'NONE', #4545, .T. ) ;
#116 = CARTESIAN_POINT ( 'NONE',  ( -0.09375000000000020817, -0.01822629401375030697, 0.8752239531706377251 ) ) ;
#117 = CARTESIAN_POINT ( 'NONE',  ( -0.09252404735808346381, -0.03832471526136861650, 0.4906250000000000333 ) ) ;
#118 = EDGE_CURVE ( 'NONE', #2003, #1352, #3591, .T. ) ;
#119 = CARTESIAN_POINT ( 'NONE',  ( 0.1249999999999999306, -6.272708780038936294E-18, 0.2437500000000000222 ) ) ;
#120 = CARTESIAN_POINT ( 'NONE',  ( -0.1225354028735244072, -0.008786265692070855185, 0.7207159904359398128 ) ) ;
#121 = CARTESIAN_POINT ( 'NONE',  ( 0.06542438130972610955, 0.06542438130972606791, 0.1687500000000000111 ) ) ;
#122 = CARTESIAN_POINT ( 'NONE',  ( -0.03832471526136870671, 0.09252404735808340830, -0.02187500000000003678 ) ) ;
#123 = CARTESIAN_POINT ( 'NONE',  ( -0.06430178835283363592, 0.09600064698261537299, 0.7165729564481914116 ) ) ;
#124 = CARTESIAN_POINT ( 'NONE',  ( 0.03832471526136877610, 0.09252404735808353320, 0.4781250000000000777 ) ) ;
#125 = CARTESIAN_POINT ( 'NONE',  ( -0.1874999999999998335, 2.303761888290552992E-17, 1.000000000000000000 ) ) ;
#126 = CARTESIAN_POINT ( 'NONE',  ( 0.06542438130972608179, -0.06542438130972609567, 0.2062500000000000167 ) ) ;
#127 = CARTESIAN_POINT ( 'NONE',  ( 0.000000000000000000, 0.1249999999999999167, 0.1062499999999999556 ) ) ;
#128 = ORIENTED_EDGE ( 'NONE', *, *, #4565, .F. ) ;
#129 = CARTESIAN_POINT ( 'NONE',  ( -0.06542438130972610955, -0.06542438130972608179, 0.2000000000000000389 ) ) ;
#130 = CARTESIAN_POINT ( 'NONE',  ( 0.05177669529663694176, 0.1249999999999999167, 0.2531249999999999889 ) ) ;
#131 = CARTESIAN_POINT ( 'NONE',  ( 0.05177669529663693482, 0.1249999999999999861, 0.4468750000000000222 ) ) ;
#132 = CARTESIAN_POINT ( 'NONE',  ( -0.08838834764831839108, -0.08838834764831822455, 0.7187500000000001110 ) ) ;
#133 = CARTESIAN_POINT ( 'NONE',  ( -0.1249999999999999167, 1.511350158471084894E-17, 0.2125000000000000222 ) ) ;
#134 = CARTESIAN_POINT ( 'NONE',  ( 0.02454369238353811336, -0.1874999999999998057, 0.9812499999999999556 ) ) ;
#135 = CARTESIAN_POINT ( 'NONE',  ( -0.09375000000000020817, 0.04537600886647390891, 0.8802864254669044985 ) ) ;
#136 = CARTESIAN_POINT ( 'NONE',  ( 0.1249999999999999306, -6.534445030921663043E-17, 0.04375000000000000416 ) ) ;
#137 = CARTESIAN_POINT ( 'NONE',  ( -0.03832471526136870671, 0.09252404735808354708, 0.4781250000000001332 ) ) ;
#138 = ORIENTED_EDGE ( 'NONE', *, *, #4462, .T. ) ;
#139 = CARTESIAN_POINT ( 'NONE',  ( 0.000000000000000000, 0.1249999999999999861, 0.3562500000000000111 ) ) ;
#140 = CARTESIAN_POINT ( 'NONE',  ( 0.08838834764831839108, 0.08838834764831844659, 0.4437500000000000333 ) ) ;
#141 = CARTESIAN_POINT ( 'NONE',  ( -0.09375000000000001388, -0.01821786802258765214, 0.9924104054571583067 ) ) ;
#142 = CIRCLE ( 'NONE', #2776, 0.08749999999999996669 ) ;
#143 = CARTESIAN_POINT ( 'NONE',  ( -0.06542438130972608179, -0.06542438130972604016, 0.2937500000000000666 ) ) ;
#144 = EDGE_CURVE ( 'NONE', #3340, #3969, #3434, .T. ) ;
#145 = CARTESIAN_POINT ( 'NONE',  ( -1.133092784412350307E-17, -0.09252404735808353320, 2.134256245050205639E-17 ) ) ;
#146 = VECTOR ( 'NONE', #2477, 39.37007874015748143 ) ;
#147 = CARTESIAN_POINT ( 'NONE',  ( 0.09252404735808347769, 0.03832471526136878998, 0.3718750000000000111 ) ) ;
#148 = CARTESIAN_POINT ( 'NONE',  ( -0.1249999999999999306, -2.734431263938562161E-17, 0.06875000000000000555 ) ) ;
#149 =( BOUNDED_CURVE ( )  B_SPLINE_CURVE ( 2, ( #270, #1092, #2163, #2552, #4039, #4389, #1411, #4841, #1040 ),
 .UNSPECIFIED., .F., .T. ) 
 B_SPLINE_CURVE_WITH_KNOTS ( ( 3, 2, 2, 2, 3 ),
 ( 0.8906250000000001110, 0.8984375000000001110, 0.9062500000000001110, 0.9140625000000001110, 0.9218750000000001110 ),
 .UNSPECIFIED. ) 
 CURVE ( )  GEOMETRIC_REPRESENTATION_ITEM ( )  RATIONAL_B_SPLINE_CURVE ( ( 0.9999999999999988898, 0.9238795325112878487, 1.000000000000000000, 0.9238795325112867385, 1.000000000000000000, 0.9238795325112867385, 1.000000000000000000, 0.9238795325112856283, 1.000000000000001110 ) ) 
 REPRESENTATION_ITEM ( '' )  );
#150 = CARTESIAN_POINT ( 'NONE',  ( -0.03832471526136870671, 0.09252404735808344993, 0.1281249999999999889 ) ) ;
#151 = CARTESIAN_POINT ( 'NONE',  ( -0.05177669529663686543, -0.1249999999999999584, 0.1781250000000000333 ) ) ;
#152 = CARTESIAN_POINT ( 'NONE',  ( -1.133092784412350615E-17, -0.09252404735808347769, 0.2062500000000000444 ) ) ;
#153 = CARTESIAN_POINT ( 'NONE',  ( -0.002572073514747205605, -0.09328120766393552254, 0.005024047358083617680 ) ) ;
#154 = CARTESIAN_POINT ( 'NONE',  ( -0.08838834764831837720, 0.08838834764831844659, 0.3562500000000000666 ) ) ;
#155 = CARTESIAN_POINT ( 'NONE',  ( 0.03832471526136877610, 0.09252404735808350544, 0.2781250000000000666 ) ) ;
#156 = CARTESIAN_POINT ( 'NONE',  ( 0.03832471526136869977, -0.09252404735808353320, 0.05937500000000002498 ) ) ;
#157 = DIRECTION ( 'NONE',  ( 0.000000000000000000, 0.000000000000000000, -1.000000000000000000 ) ) ;
#158 = CARTESIAN_POINT ( 'NONE',  ( -3.756290991288361679E-16, 0.1082531754730548801, 1.000000000000000000 ) ) ;
#159 = CARTESIAN_POINT ( 'NONE',  ( 0.000000000000000000, 7.549139889267777477E-20, 0.000000000000000000 ) ) ;
#160 = CARTESIAN_POINT ( 'NONE',  ( 0.000000000000000000, -5.530426628471140438E-17, 0.7250000000000000888 ) ) ;
#161 = EDGE_LOOP ( 'NONE', ( #3833, #2416 ) ) ;
#162 = UNCERTAINTY_MEASURE_WITH_UNIT (LENGTH_MEASURE( 1.000000000000000082E-05 ), #2998, 'distance_accuracy_value', 'NONE');
#163 = CARTESIAN_POINT ( 'NONE',  ( 0.08496052921703650673, -0.1474649246647862788, 0.9999999999999998890 ) ) ;
#164 = CARTESIAN_POINT ( 'NONE',  ( 0.09252404735808347769, 0.03832471526136875528, 0.2218750000000000167 ) ) ;
#165 = CARTESIAN_POINT ( 'NONE',  ( -0.05288315292113360960, -0.1064328714029944001, 0.03120255975341209437 ) ) ;
#166 = DIRECTION ( 'NONE',  ( -0.000000000000000000, -0.000000000000000000, -1.000000000000000000 ) ) ;
#167 = CARTESIAN_POINT ( 'NONE',  ( 0.03832471526136876916, 0.09252404735808351932, 0.4218750000000000555 ) ) ;
#168 = CARTESIAN_POINT ( 'NONE',  ( -0.03832471526136872753, -0.09252404735808343605, 0.4031250000000000666 ) ) ;
#169 = CARTESIAN_POINT ( 'NONE',  ( 0.000000000000000000, 0.09252404735808339442, -0.02500000000000003261 ) ) ;
#170 = CARTESIAN_POINT ( 'NONE',  ( 0.09375000000000001388, 0.05412658773652767596, 1.000000000000000000 ) ) ;
#171 = CARTESIAN_POINT ( 'NONE',  ( 0.1874999999999997780, -0.02454369260617022055, 0.9812500000000000666 ) ) ;
#172 = EDGE_CURVE ( 'NONE', #1126, #2351, #1058, .T. ) ;
#173 = CARTESIAN_POINT ( 'NONE',  ( -0.09252404735808350544, -0.03832471526136861650, 0.4968750000000001221 ) ) ;
#174 = CARTESIAN_POINT ( 'NONE',  ( -0.1249999999999999306, 1.203350411835585891E-16, 0.5687500000000000888 ) ) ;
#175 = CARTESIAN_POINT ( 'NONE',  ( -0.09252404735808346381, -0.03832471526136874834, 0.04062500000000000833 ) ) ;
#176 = ORIENTED_EDGE ( 'NONE', *, *, #1198, .T. ) ;
#177 = CARTESIAN_POINT ( 'NONE',  ( -0.1249999999999999584, 0.05177669529663685849, 0.1156250000000000194 ) ) ;
#178 = CARTESIAN_POINT ( 'NONE',  ( -0.1249999999999999167, -0.05177669529663671971, 0.6156250000000000888 ) ) ;
#179 =( BOUNDED_CURVE ( )  B_SPLINE_CURVE ( 2, ( #3259, #3988, #269, #1358, #1788, #2137, #3301, #3231, #4812 ),
 .UNSPECIFIED., .F., .T. ) 
 B_SPLINE_CURVE_WITH_KNOTS ( ( 3, 2, 2, 2, 3 ),
 ( 0.7031250000000000000, 0.7109375000000000000, 0.7187500000000000000, 0.7265625000000000000, 0.7343750000000000000 ),
 .UNSPECIFIED. ) 
 CURVE ( )  GEOMETRIC_REPRESENTATION_ITEM ( )  RATIONAL_B_SPLINE_CURVE ( ( 1.000000000000000000, 0.9238795325112867385, 1.000000000000000000, 0.9238795325112867385, 1.000000000000000000, 0.9238795325112867385, 1.000000000000000000, 0.9238795325112867385, 1.000000000000000000 ) ) 
 REPRESENTATION_ITEM ( '' )  );
#180 = CARTESIAN_POINT ( 'NONE',  ( 0.1499375329496586695, 0.1152275099952964621, 0.7593750000000000222 ) ) ;
#181 = CARTESIAN_POINT ( 'NONE',  ( -1.133092784412350615E-17, -0.09252404735808344993, 0.3062500000000000222 ) ) ;
#182 = CARTESIAN_POINT ( 'NONE',  ( -0.05177669529663685849, 0.1249999999999999861, 0.4031249999999999001 ) ) ;
#183 = CARTESIAN_POINT ( 'NONE',  ( -0.06542438130972610955, -0.06542438130972615118, 1.493979371535143794E-17 ) ) ;
#184 = CARTESIAN_POINT ( 'NONE',  ( -0.05177669529663687931, -0.1249999999999999167, 0.2218750000000000444 ) ) ;
#185 = CARTESIAN_POINT ( 'NONE',  ( -0.1874999999999998890, -0.02454369260617027607, 0.7593749999999999112 ) ) ;
#186 = CARTESIAN_POINT ( 'NONE',  ( -0.1556432004982449546, 0.08970713070317129501, 0.7500000000000001110 ) ) ;
#187 = CARTESIAN_POINT ( 'NONE',  ( 0.08838834764831840496, 0.08838834764831837720, 0.1999999999999999833 ) ) ;
#188 = ORIENTED_EDGE ( 'NONE', *, *, #697, .T. ) ;
#189 = CARTESIAN_POINT ( 'NONE',  ( -0.09201152083094059353, -0.07165131155400791818, 0.02897199191162628390 ) ) ;
#190 = CARTESIAN_POINT ( 'NONE',  ( 0.09375000000000023592, -0.009137588046931101673, 0.8744390877365273429 ) ) ;
#191 = CARTESIAN_POINT ( 'NONE',  ( -0.06542438130972608179, 0.06542438130972615118, 0.3812499999999999778 ) ) ;
#192 = EDGE_CURVE ( 'NONE', #912, #4607, #1651, .T. ) ;
#193 = CARTESIAN_POINT ( 'NONE',  ( 0.03832471526136869283, -0.09252404735808353320, 0.003125000000000021858 ) ) ;
#194 = CARTESIAN_POINT ( 'NONE',  ( -0.03832471526136872753, -0.09252404735808333891, 0.6531250000000000666 ) ) ;
#195 = LINE ( 'NONE', #2474, #3936 ) ;
#196 = CARTESIAN_POINT ( 'NONE',  ( 0.09252404735808344993, -0.03832471526136879691, 0.05937500000000002498 ) ) ;
#197 = ORIENTED_EDGE ( 'NONE', *, *, #2870, .T. ) ;
#198 = CARTESIAN_POINT ( 'NONE',  ( 0.1249999999999999306, -5.057651492692220535E-17, 0.09375000000000002776 ) ) ;
#199 = CARTESIAN_POINT ( 'NONE',  ( 0.000000000000000000, 0.09252404735808351932, 0.3312499999999999889 ) ) ;
#200 = CARTESIAN_POINT ( 'NONE',  ( -0.1826198768753090340, 0.04907772831736499641, 0.7593750000000002442 ) ) ;
#201 = ORIENTED_EDGE ( 'NONE', *, *, #172, .F. ) ;
#202 = B_SPLINE_CURVE_WITH_KNOTS ( 'NONE', 3,
 ( #3173, #3518, #2470, #483, #506, #4358, #3563, #2396 ),
 .UNSPECIFIED., .F., .F.,
 ( 4, 2, 2, 4 ),
 ( 2.380745673472169206E-07, 0.001388728690853439224, 0.002082973998996485478, 0.002777219307139531732 ),
 .UNSPECIFIED. ) ;
#203 = CARTESIAN_POINT ( 'NONE',  ( -0.1249999999999999167, -0.05177669529663675441, 0.5156250000000001110 ) ) ;
#204 =( BOUNDED_CURVE ( )  B_SPLINE_CURVE ( 2, ( #4893, #84, #2323, #3815, #3081, #4217, #2347, #2070, #3888 ),
 .UNSPECIFIED., .F., .T. ) 
 B_SPLINE_CURVE_WITH_KNOTS ( ( 3, 2, 2, 2, 3 ),
 ( 0.6406250000000000000, 0.6484375000000000000, 0.6562500000000000000, 0.6640625000000000000, 0.6718750000000000000 ),
 .UNSPECIFIED. ) 
 CURVE ( )  GEOMETRIC_REPRESENTATION_ITEM ( )  RATIONAL_B_SPLINE_CURVE ( ( 1.000000000000000000, 0.9238795325112867385, 1.000000000000000000, 0.9238795325112867385, 1.000000000000000000, 0.9238795325112867385, 1.000000000000000000, 0.9238795325112867385, 1.000000000000000000 ) ) 
 REPRESENTATION_ITEM ( '' )  );
#205 = CARTESIAN_POINT ( 'NONE',  ( 0.1249999999999998890, 0.05177669529663699727, 0.5906250000000001776 ) ) ;
#206 = CARTESIAN_POINT ( 'NONE',  ( 0.000000000000000000, 0.09252404735808340830, -0.01875000000000003400 ) ) ;
#207 = CARTESIAN_POINT ( 'NONE',  ( 0.1499375329496586973, -0.1152275099952964899, 0.7593750000000001332 ) ) ;
#208 = CARTESIAN_POINT ( 'NONE',  ( 0.1094661346297701454, 0.1424406561679372185, 0.7500000000000001110 ) ) ;
#209 = CARTESIAN_POINT ( 'NONE',  ( -0.03832471526136872059, -0.09252404735808332503, 0.6468750000000000888 ) ) ;
#210 = CARTESIAN_POINT ( 'NONE',  ( 0.08838834764831837720, -0.08838834764831846047, 0.03750000000000002637 ) ) ;
#211 = CARTESIAN_POINT ( 'NONE',  ( 0.09375000000000001388, -0.05412658773652763433, 0.8828124999999998890 ) ) ;
#212 = CARTESIAN_POINT ( 'NONE',  ( -0.09252404735808347769, -0.03832471526136863732, 0.4406249999999999889 ) ) ;
#213 = EDGE_LOOP ( 'NONE', ( #2370, #3347 ) ) ;
#214 = CARTESIAN_POINT ( 'NONE',  ( 0.09252404735808344993, -0.03832471526136876222, 0.2093750000000000611 ) ) ;
#215 = ADVANCED_FACE ( 'NONE', ( #899 ), #3920, .T. ) ;
#216 = CARTESIAN_POINT ( 'NONE',  ( -0.08838834764831837720, 0.08838834764831840496, 0.2062499999999999889 ) ) ;
#217 = CONICAL_SURFACE ( 'NONE', #4179, 0.08749999999999996669, 0.7853981633974427279 ) ;
#218 = CARTESIAN_POINT ( 'NONE',  ( 0.1687471874025347485, -0.02206091049060393550, 0.9999999999999998890 ) ) ;
#219 = CARTESIAN_POINT ( 'NONE',  ( -0.06542438130972609567, 0.06542438130972622057, 0.5875000000000000222 ) ) ;
#220 = CARTESIAN_POINT ( 'NONE',  ( 0.1152275101527333034, -0.1499375327922265466, 1.000000000000000000 ) ) ;
#221 = CONICAL_SURFACE ( 'NONE', #3865, 0.1082531754730549772, 1.047197551196600074 ) ;
#222 = CARTESIAN_POINT ( 'NONE',  ( 0.05177669529663683073, -0.1249999999999999861, 0.08437500000000004718 ) ) ;
#223 = AXIS2_PLACEMENT_3D ( 'NONE', #3849, #396, #2724 ) ;
#224 = DIRECTION ( 'NONE',  ( 0.4999999999999996114, 0.8660254037844389297, 0.000000000000000000 ) ) ;
#225 = ORIENTED_EDGE ( 'NONE', *, *, #4324, .F. ) ;
#226 = CARTESIAN_POINT ( 'NONE',  ( -0.1249999999999999584, 0.05177669529663699033, 0.6156249999999999778 ) ) ;
#227 =( GEOMETRIC_REPRESENTATION_CONTEXT ( 3 ) GLOBAL_UNCERTAINTY_ASSIGNED_CONTEXT ( ( #852 ) ) GLOBAL_UNIT_ASSIGNED_CONTEXT ( ( #3041, #2644, #806 ) ) REPRESENTATION_CONTEXT ( 'NONE', 'WORKASPACE' ) );
#228 = CARTESIAN_POINT ( 'NONE',  ( 0.08838834764831837720, -0.08838834764831832169, 0.3812500000000000888 ) ) ;
#229 = CARTESIAN_POINT ( 'NONE',  ( 0.1249999999999999167, 1.247927177378240909E-16, 0.6875000000000001110 ) ) ;
#230 = CARTESIAN_POINT ( 'NONE',  ( 0.06542438130972610955, 0.06542438130972610955, 0.2750000000000000222 ) ) ;
#231 = EDGE_CURVE ( 'NONE', #3236, #3746, #1242, .T. ) ;
#232 = LINE ( 'NONE', #3267, #4098 ) ;
#233 = CARTESIAN_POINT ( 'NONE',  ( -0.09374999999999995837, 0.05412658773652766903, 1.000000000000000000 ) ) ;
#234 = CARTESIAN_POINT ( 'NONE',  ( -0.06542438130972608179, -0.06542438130972594301, 0.6437500000000000444 ) ) ;
#235 = ORIENTED_EDGE ( 'NONE', *, *, #192, .F. ) ;
#236 = CARTESIAN_POINT ( 'NONE',  ( 0.08838834764831837720, -0.08838834764831832169, 0.4875000000000000444 ) ) ;
#237 = CARTESIAN_POINT ( 'NONE',  ( -1.133092784412350615E-17, -0.09252404735808339442, 0.5062500000000000888 ) ) ;
#238 = CARTESIAN_POINT ( 'NONE',  ( 0.1249999999999999029, 1.538357638823458008E-17, 0.000000000000000000 ) ) ;
#239 = CARTESIAN_POINT ( 'NONE',  ( 0.06636928528436839003, -0.06601338117810859329, 0.005809478636911629204 ) ) ;
#240 = CARTESIAN_POINT ( 'NONE',  ( 0.09252404735808346381, 6.430274423532678142E-17, 0.4625000000000000777 ) ) ;
#241 = B_SPLINE_CURVE_WITH_KNOTS ( 'NONE', 3,
 ( #3402, #3774, #4821, #1874, #1901, #3749, #4473, #4873 ),
 .UNSPECIFIED., .F., .F.,
 ( 4, 2, 2, 4 ),
 ( 2.380745673298490395E-07, 0.001388728690853430984, 0.002082973998996481141, 0.002777219307139530864 ),
 .UNSPECIFIED. ) ;
#242 = CARTESIAN_POINT ( 'NONE',  ( -0.02579133851119587775, -0.08906593727121740744, 0.7034921628294170670 ) ) ;
#243 = CARTESIAN_POINT ( 'NONE',  ( -1.133092784412350307E-17, -0.09252404735808344993, 0.2500000000000000555 ) ) ;
#244 = CARTESIAN_POINT ( 'NONE',  ( 0.09375000000000002776, 0.03650651419216901367, 0.9953687190402750185 ) ) ;
#245 = CARTESIAN_POINT ( 'NONE',  ( -0.05177669529663687931, -0.1249999999999998612, 0.4281250000000000888 ) ) ;
#246 = CARTESIAN_POINT ( 'NONE',  ( -0.09252404735808347769, 1.404983656843910584E-16, 0.6437500000000000444 ) ) ;
#247 = CARTESIAN_POINT ( 'NONE',  ( 0.02454369238353811683, -0.1874999999999998612, 1.000000000000000000 ) ) ;
#248 = CARTESIAN_POINT ( 'NONE',  ( 0.09375000000000001388, 0.05412658773652767596, 0.8828124999999998890 ) ) ;
#249 = CARTESIAN_POINT ( 'NONE',  ( 0.1249999999999999306, -3.580857954462778644E-17, 0.1437500000000000167 ) ) ;
#250 = EDGE_LOOP ( 'NONE', ( #2502, #4138, #1405, #3408 ) ) ;
#251 = CARTESIAN_POINT ( 'NONE',  ( 0.1474597276623237085, -0.08495837654818996776, 1.000000000000000000 ) ) ;
#252 = FACE_OUTER_BOUND ( 'NONE', #3733, .T. ) ;
#253 = CARTESIAN_POINT ( 'NONE',  ( -0.06542438130972608179, -0.06542438130972595689, 0.5937500000000000000 ) ) ;
#254 = CARTESIAN_POINT ( 'NONE',  ( -0.08838834764831837720, 0.08838834764831854374, 0.7062500000000000444 ) ) ;
#255 = CARTESIAN_POINT ( 'NONE',  ( 0.09252404735808347769, 0.03832471526136872059, 0.1218749999999999972 ) ) ;
#256 = CARTESIAN_POINT ( 'NONE',  ( -0.02454369260617018586, -0.1874999999999997780, 0.7593749999999995781 ) ) ;
#257 = CARTESIAN_POINT ( 'NONE',  ( 0.1499375328083512315, -0.1152275101366038446, 0.7500000000000001110 ) ) ;
#258 = CARTESIAN_POINT ( 'NONE',  ( -0.05177669529663687931, 0.1249999999999999445, 0.2093750000000000056 ) ) ;
#259 = CARTESIAN_POINT ( 'NONE',  ( -0.1249999999999999584, 0.05177669529663693482, 0.4156250000000001332 ) ) ;
#260 = FACE_OUTER_BOUND ( 'NONE', #1142, .T. ) ;
#261 = CARTESIAN_POINT ( 'NONE',  ( 0.1781249999999998668, 0.02331650778601853519, 0.7500000000000001110 ) ) ;
#262 = CARTESIAN_POINT ( 'NONE',  ( 0.09252404735808344993, 0.03832471526136883855, 0.5656250000000001554 ) ) ;
#263 = CARTESIAN_POINT ( 'NONE',  ( 0.000000000000000000, 0.09252404735808344993, 0.1749999999999999889 ) ) ;
#264 = EDGE_CURVE ( 'NONE', #785, #862, #2549, .T. ) ;
#265 = CARTESIAN_POINT ( 'NONE',  ( -0.1249999999999999029, 7.549139889267777477E-20, 0.000000000000000000 ) ) ;
#266 = CARTESIAN_POINT ( 'NONE',  ( -0.09252404735808350544, 0.03832471526136883161, 0.5406249999999999112 ) ) ;
#267 = CARTESIAN_POINT ( 'NONE',  ( 0.02208932314516316026, 0.1687499999999998446, 1.000000000000000000 ) ) ;
#268 = CARTESIAN_POINT ( 'NONE',  ( 0.1037047591374642003, 0.1349437795129905804, 1.000000000000000000 ) ) ;
#269 = CARTESIAN_POINT ( 'NONE',  ( -0.08838834764831839108, -0.08838834764831828006, 0.5250000000000000222 ) ) ;
#270 = CARTESIAN_POINT ( 'NONE',  ( -0.1249999999999999306, 1.498709119481474885E-16, 0.6687500000000000666 ) ) ;
#271 = CARTESIAN_POINT ( 'NONE',  ( -0.03832471526136870671, 0.09252404735808358871, 0.6281250000000000444 ) ) ;
#272 = CARTESIAN_POINT ( 'NONE',  ( 0.08838834764831839108, 0.08838834764831847435, 0.5937500000000000000 ) ) ;
#273 = CARTESIAN_POINT ( 'NONE',  ( -0.09252404735808350544, 0.03832471526136870671, 0.1406250000000000000 ) ) ;
#274 = CARTESIAN_POINT ( 'NONE',  ( -0.01312685846761006865, 0.1052001737810017573, 0.01829383700481461428 ) ) ;
#275 = CARTESIAN_POINT ( 'NONE',  ( -0.02454369240633530111, 0.1874999999999998335, 0.7500000000000001110 ) ) ;
#276 = CARTESIAN_POINT ( 'NONE',  ( 0.06542438130972610955, 0.06542438130972610955, 0.2750000000000000222 ) ) ;
#277 = CARTESIAN_POINT ( 'NONE',  ( 0.05177669529663683073, -0.1250000000000000000, 0.1343750000000000500 ) ) ;
#278 = EDGE_LOOP ( 'NONE', ( #4837, #741, #1437, #1393 ) ) ;
#279 = CARTESIAN_POINT ( 'NONE',  ( 0.08838834764831840496, 0.08838834764831847435, 0.5500000000000000444 ) ) ;
#280 = CARTESIAN_POINT ( 'NONE',  ( 0.03832471526136877610, 0.09252404735808353320, 0.4781250000000000777 ) ) ;
#281 = CARTESIAN_POINT ( 'NONE',  ( 0.1250000000000000278, -0.05177669529663680298, 0.09062500000000003886 ) ) ;
#282 = CARTESIAN_POINT ( 'NONE',  ( 0.1781249999999998668, -0.02331650778601849008, 0.7500000000000001110 ) ) ;
#283 = CARTESIAN_POINT ( 'NONE',  ( 0.06542438130972610955, 0.06542438130972619281, 0.6187500000000000222 ) ) ;
#284 = CARTESIAN_POINT ( 'NONE',  ( -0.03832471526136870671, 0.09252404735808351932, 0.3781250000000000999 ) ) ;
#285 = CARTESIAN_POINT ( 'NONE',  ( -0.03832471526136870671, 0.09252404735808347769, 0.1781249999999999778 ) ) ;
#286 = CARTESIAN_POINT ( 'NONE',  ( 0.000000000000000000, 7.549139889267777477E-20, 0.000000000000000000 ) ) ;
#287 = CARTESIAN_POINT ( 'NONE',  ( -0.09252404735808350544, -0.03832471526136854711, 0.7468750000000000666 ) ) ;
#288 = CARTESIAN_POINT ( 'NONE',  ( -0.1874999999999998612, 2.303761888290552992E-17, 1.000000000000000000 ) ) ;
#289 = ORIENTED_EDGE ( 'NONE', *, *, #2612, .T. ) ;
#290 = CARTESIAN_POINT ( 'NONE',  ( -0.1874999999999998335, 2.303761888290552992E-17, 0.9812499999999999556 ) ) ;
#291 = VECTOR ( 'NONE', #2256, 39.37007874015748143 ) ;
#292 = CARTESIAN_POINT ( 'NONE',  ( 0.09653593717868236279, 0.03613292281331850764, 0.7094008891842613629 ) ) ;
#293 = CARTESIAN_POINT ( 'NONE',  ( -0.08838834764831837720, 0.08838834764831844659, 0.3624999999999999334 ) ) ;
#294 = AXIS2_PLACEMENT_3D ( 'NONE', #2091, #932, #2066 ) ;
#295 = CARTESIAN_POINT ( 'NONE',  ( -0.08838834764831839108, -0.08838834764831823843, 0.6250000000000000000 ) ) ;
#296 = CARTESIAN_POINT ( 'NONE',  ( 0.09252404735808344993, -0.03832471526136864426, 0.6093750000000001110 ) ) ;
#297 = VERTEX_POINT ( 'NONE', #682 ) ;
#298 = VECTOR ( 'NONE', #1343, 39.37007874015748143 ) ;
#299 = CARTESIAN_POINT ( 'NONE',  ( -0.08838834764831837720, 0.08838834764831852986, 0.6562500000000000000 ) ) ;
#300 = CARTESIAN_POINT ( 'NONE',  ( 0.06542438130972609567, -0.06542438130972610955, 0.2125000000000000500 ) ) ;
#301 = CARTESIAN_POINT ( 'NONE',  ( -0.1299999999999999212, -5.530426628471140438E-17, 0.7250000000000000888 ) ) ;
#302 = CARTESIAN_POINT ( 'NONE',  ( -0.1152275101366111026, 0.1499375328083440151, 0.7593750000000000222 ) ) ;
#303 = APPLICATION_PROTOCOL_DEFINITION ( 'draft international standard', 'automotive_design', 1998, #534 ) ;
#304 = B_SPLINE_CURVE_WITH_KNOTS ( 'NONE', 3,
 ( #3700, #1773, #3290, #1420, #1119, #4450, #2560, #3026, #4823, #1048, #3751, #2650, #4797, #4875, #2580, #1495, #2224, #2925 ),
 .UNSPECIFIED., .F., .F.,
 ( 4, 2, 2, 2, 2, 2, 2, 2, 4 ),
 ( 0.000000000000000000, 0.06250000000000001388, 0.1250000000000000278, 0.1875000000000000555, 0.2500000000000000555, 0.3125000000000000555, 0.3750000000000001110, 0.4375000000000000555, 0.5000000000000000000 ),
 .UNSPECIFIED. ) ;
#305 = CARTESIAN_POINT ( 'NONE',  ( 0.1249999999999999306, 5.279903274913877016E-17, 0.4437500000000000888 ) ) ;
#306 = CARTESIAN_POINT ( 'NONE',  ( -0.09252404735808347769, 8.142662415521335812E-17, 0.4437500000000000333 ) ) ;
#307 = CARTESIAN_POINT ( 'NONE',  ( 0.1249999999999999167, 8.495226602255474913E-18, 0.2937500000000000111 ) ) ;
#308 = CARTESIAN_POINT ( 'NONE',  ( -0.1556432004982449546, 0.08970713070317129501, 0.7500000000000001110 ) ) ;
#309 = CARTESIAN_POINT ( 'NONE',  ( 0.03832471526136876916, 0.09252404735808351932, 0.5218749999999999778 ) ) ;
#310 = CARTESIAN_POINT ( 'NONE',  ( 0.09252404735808344993, 0.03832471526136876916, 0.3156249999999999889 ) ) ;
#311 = CARTESIAN_POINT ( 'NONE',  ( -0.08838834764831837720, 0.08838834764831852986, 0.6624999999999999778 ) ) ;
#312 = CARTESIAN_POINT ( 'NONE',  ( 0.000000000000000000, 0.09252404735808344993, 0.1249999999999999584 ) ) ;
#313 = CARTESIAN_POINT ( 'NONE',  ( -0.1249999999999999306, 1.646388473304419013E-16, 0.7187500000000001110 ) ) ;
#314 = CARTESIAN_POINT ( 'NONE',  ( 0.09252404735808347769, 1.399884130695856991E-16, 0.7187500000000001110 ) ) ;
#315 = CARTESIAN_POINT ( 'NONE',  ( -0.1643578891110971107, -0.04416995567076272000, 1.000000000000000000 ) ) ;
#316 = CARTESIAN_POINT ( 'NONE',  ( -0.02454369238351460786, 0.1874999999999998612, 1.000000000000000000 ) ) ;
#317 = FACE_OUTER_BOUND ( 'NONE', #713, .T. ) ;
#318 = ADVANCED_FACE ( 'NONE', ( #4008 ), #1376, .T. ) ;
#319 = CARTESIAN_POINT ( 'NONE',  ( -1.530808498934190893E-17, -0.1249999999999997918, 0.6312500000000000888 ) ) ;
#320 = ORIENTED_EDGE ( 'NONE', *, *, #697, .F. ) ;
#321 = CARTESIAN_POINT ( 'NONE',  ( -1.530808498934190893E-17, -0.1249999999999997780, 0.7312500000000001776 ) ) ;
#322 = CARTESIAN_POINT ( 'NONE',  ( -0.06542438130972608179, -0.06542438130972592913, 0.6937500000000000888 ) ) ;
#323 = ORIENTED_EDGE ( 'NONE', *, *, #3417, .F. ) ;
#324 = ADVANCED_FACE ( 'NONE', ( #115 ), #3899, .T. ) ;
#325 = CARTESIAN_POINT ( 'NONE',  ( 0.09252404735808347769, -3.722681151794740174E-17, 0.1187500000000000083 ) ) ;
#326 = CARTESIAN_POINT ( 'NONE',  ( -0.04012347917006069131, 0.09956050653973669284, 0.01962066527808844357 ) ) ;
#327 = CARTESIAN_POINT ( 'NONE',  ( -0.02454369240633561683, -0.1874999999999998335, 0.7500000000000001110 ) ) ;
#328 = CARTESIAN_POINT ( 'NONE',  ( -0.03832471526136872059, 0.09252404735808353320, 0.4343750000000000111 ) ) ;
#329 = CARTESIAN_POINT ( 'NONE',  ( -0.1249999999999999306, 4.649536427208649452E-17, 0.3187500000000000333 ) ) ;
#330 = CARTESIAN_POINT ( 'NONE',  ( 0.1499375328083565051, 0.1152275101365986126, 0.7500000000000001110 ) ) ;
#331 = CARTESIAN_POINT ( 'NONE',  ( -0.09252404735808347769, -0.03832471526136857487, 0.6406250000000000000 ) ) ;
#332 = VERTEX_POINT ( 'NONE', #2700 ) ;
#333 = CARTESIAN_POINT ( 'NONE',  ( -0.03832471526136872753, -0.09252404735808335279, 0.6531250000000000666 ) ) ;
#334 = CARTESIAN_POINT ( 'NONE',  ( 0.06542438130972608179, -0.06542438130972608179, 0.2562500000000000333 ) ) ;
#335 = VERTEX_POINT ( 'NONE', #1320 ) ;
#336 = CARTESIAN_POINT ( 'NONE',  ( -0.09252404735808347769, -3.671685890314203014E-17, 0.04375000000000000416 ) ) ;
#337 = EDGE_CURVE ( 'NONE', #1348, #4121, #3554, .T. ) ;
#338 = CARTESIAN_POINT ( 'NONE',  ( 0.06542438130972608179, -0.06542438130972613730, 0.05625000000000001527 ) ) ;
#339 = ORIENTED_EDGE ( 'NONE', *, *, #337, .F. ) ;
#340 = CARTESIAN_POINT ( 'NONE',  ( 0.02454369238351463561, 0.1874999999999998612, 1.000000000000000000 ) ) ;
#341 = CARTESIAN_POINT ( 'NONE',  ( 0.1249999999999999029, 1.538357638823458008E-17, 0.000000000000000000 ) ) ;
#342 = ORIENTED_EDGE ( 'NONE', *, *, #891, .T. ) ;
#343 = CARTESIAN_POINT ( 'NONE',  ( 0.1249999999999999167, -3.765457146741459112E-17, 0.1375000000000000111 ) ) ;
#344 = CARTESIAN_POINT ( 'NONE',  ( -0.06542438130972608179, 0.06542438130972620669, 0.5812500000000000444 ) ) ;
#345 = ORIENTED_EDGE ( 'NONE', *, *, #3346, .T. ) ;
#346 = CARTESIAN_POINT ( 'NONE',  ( -0.06542438130972609567, 0.06542438130972606791, 0.03749999999999998473 ) ) ;
#347 = CARTESIAN_POINT ( 'NONE',  ( -0.06542438130972609567, 0.06542438130972617893, 0.4375000000000000000 ) ) ;
#348 = CARTESIAN_POINT ( 'NONE',  ( -0.08545707805089369780, 0.06907247121846664395, 0.02216393920888945837 ) ) ;
#349 = CARTESIAN_POINT ( 'NONE',  ( -0.1874999999999998335, 0.02454369240633881913, 0.7500000000000001110 ) ) ;
#350 = CARTESIAN_POINT ( 'NONE',  ( -0.1249999999999999306, -1.257637725709120270E-17, 0.1187499999999999944 ) ) ;
#351 = CARTESIAN_POINT ( 'NONE',  ( 0.06542438130972610955, 0.06542438130972620669, 0.6250000000000000000 ) ) ;
#352 = FACE_OUTER_BOUND ( 'NONE', #3807, .T. ) ;
#353 = CARTESIAN_POINT ( 'NONE',  ( 0.1874999999999998335, -0.02454369240633526295, 0.7500000000000001110 ) ) ;
#354 = CARTESIAN_POINT ( 'NONE',  ( -0.06542438130972608179, -0.06542438130972594301, 0.6437500000000000444 ) ) ;
#355 = CARTESIAN_POINT ( 'NONE',  ( -0.03832471526136870671, 0.09252404735808346381, 0.2281249999999999667 ) ) ;
#356 = CARTESIAN_POINT ( 'NONE',  ( 0.06542438130972610955, 0.06542438130972610955, 0.3187500000000000333 ) ) ;
#357 = CARTESIAN_POINT ( 'NONE',  ( 0.03832471526136877610, 0.09252404735808342218, 0.02812499999999996947 ) ) ;
#358 =( BOUNDED_SURFACE ( )  B_SPLINE_SURFACE ( 2, 3, ( 
 ( #3211, #2851, #898, #186, #4751, #4349, #2434, #2054, #971, #2486, #567, #3600, #208, #667, #2195, #3725, #2971, #998, #2169, #2997, #4499, #1772, #1494, #1875, #2924, #4874, #4900, #1850, #2579, #4474, #2628, #3750, #2601, #4050 ),
 ( #1468, #349, #2535, #4101, #3667, #4128, #4852, #619, #275, #1026, #4428, #3699, #2252, #1100, #1392, #4020, #3289, #719, #2558, #3378, #257, #4400, #644, #2147, #1797, #327, #3643, #1073, #3308, #4796, #4822, #1419, #2945, #695 ),
 ( #2223, #4449, #1047, #3357, #4076, #302, #1825, #3331, #1445, #3424, #812, #111, #2378, #3775, #4247, #2305, #841, #2695, #2279, #59, #2671, #4623, #1946, #3875, #3478, #34, #92, #3822, #446, #2330, #1166, #3503, #467, #1141 ) ),
 .UNSPECIFIED., .F., .T., .F. ) 
 B_SPLINE_SURFACE_WITH_KNOTS ( ( 3, 3 ),
 ( 4, 2, 2, 2, 2, 2, 2, 2, 2, 2, 2, 2, 2, 2, 2, 2, 4 ),
 ( 0.000000000000000000, 1.000000000000000000 ),
 ( 0.000000000000000000, 0.3926990816987241395, 0.7853981633974482790, 1.178097245096172418, 1.570796326794896558, 1.963495408493620697, 2.356194490192344837, 2.748893571891068976, 3.141592653589793116, 3.534291735288517255, 3.926990816987241395, 4.319689898685965090, 4.712388980384689674, 5.105088062083414258, 5.497787143782137953, 5.890486225480861648, 6.283185307179586232 ),
 .UNSPECIFIED. ) 
 GEOMETRIC_REPRESENTATION_ITEM ( )  RATIONAL_B_SPLINE_SURFACE ( (
 ( 1.000000000000000000, 1.000000000000000000, 1.000000000000000000, 1.000000000000000000, 1.000000000000000000, 1.000000000000000000, 1.000000000000000000, 1.000000000000000000, 1.000000000000000000, 1.000000000000000000, 1.000000000000000000, 1.000000000000000000, 1.000000000000000000, 1.000000000000000000, 1.000000000000000000, 1.000000000000000000, 1.000000000000000000, 1.000000000000000000, 1.000000000000000000, 1.000000000000000000, 1.000000000000000000, 1.000000000000000000, 1.000000000000000000, 1.000000000000000000, 1.000000000000000000, 1.000000000000000000, 1.000000000000000000, 1.000000000000000000, 1.000000000000000000, 1.000000000000000000, 1.000000000000000000, 1.000000000000000000, 1.000000000000000000, 1.000000000000000000),
 ( 0.3333333333333334259, 0.3333333333333334259, 0.3333333333333334259, 0.3333333333333334259, 0.3333333333333334259, 0.3333333333333334259, 0.3333333333333334259, 0.3333333333333334259, 0.3333333333333334259, 0.3333333333333334259, 0.3333333333333334259, 0.3333333333333334259, 0.3333333333333334259, 0.3333333333333334259, 0.3333333333333334259, 0.3333333333333334259, 0.3333333333333334259, 0.3333333333333334259, 0.3333333333333334259, 0.3333333333333334259, 0.3333333333333334259, 0.3333333333333334259, 0.3333333333333334259, 0.3333333333333334259, 0.3333333333333334259, 0.3333333333333334259, 0.3333333333333334259, 0.3333333333333334259, 0.3333333333333333148, 0.3333333333333333148, 0.3333333333333334259, 0.3333333333333334259, 0.3333333333333334259, 0.3333333333333334259),
 ( 1.000000000000000000, 1.000000000000000000, 1.000000000000000000, 1.000000000000000000, 1.000000000000000000, 1.000000000000000000, 1.000000000000000000, 1.000000000000000000, 1.000000000000000000, 1.000000000000000000, 1.000000000000000000, 1.000000000000000000, 1.000000000000000000, 1.000000000000000000, 1.000000000000000000, 1.000000000000000000, 1.000000000000000000, 1.000000000000000000, 1.000000000000000000, 1.000000000000000000, 1.000000000000000000, 1.000000000000000000, 1.000000000000000000, 1.000000000000000000, 1.000000000000000000, 1.000000000000000000, 1.000000000000000000, 1.000000000000000000, 1.000000000000000000, 1.000000000000000000, 1.000000000000000000, 1.000000000000000000, 1.000000000000000000, 1.000000000000000000) ) ) 
 REPRESENTATION_ITEM ( '' )  SURFACE ( )  );
#359 = CARTESIAN_POINT ( 'NONE',  ( 0.1238623283194639352, -0.007966762129463771797, 0.03636232831946431543 ) ) ;
#360 = CARTESIAN_POINT ( 'NONE',  ( -0.03832471526136872059, 0.09252404735808361647, 0.6843749999999999556 ) ) ;
#361 = CARTESIAN_POINT ( 'NONE',  ( -0.09442855861383198102, 0.1638349479016317500, 0.9812499999999999556 ) ) ;
#362 = PRODUCT_DEFINITION_SHAPE ( 'NONE', 'NONE',  #4845 ) ;
#363 = CARTESIAN_POINT ( 'NONE',  ( 0.1003483722808131140, -1.732768207433592939E-14, 0.7079826238996337340 ) ) ;
#364 = LINE ( 'NONE', #3741, #1497 ) ;
#366 = AXIS2_PLACEMENT_3D ( 'NONE', #4001, #2441, #1777 ) ;
#365 = CARTESIAN_POINT ( 'NONE',  ( -0.05177669529663685849, 0.1249999999999998890, 0.1031249999999999806 ) ) ;
#367 = CARTESIAN_POINT ( 'NONE',  ( -0.06542438130972610955, -0.06542438130972604016, 0.3500000000000000888 ) ) ;
#368 = CARTESIAN_POINT ( 'NONE',  ( -0.1249999999999999584, 0.05177669529663683073, 0.06562499999999998890 ) ) ;
#369 = VERTEX_POINT ( 'NONE', #3186 ) ;
#370 = CARTESIAN_POINT ( 'NONE',  ( -0.1125269863454828462, 0.01385814349273559003, 0.02502698634548317438 ) ) ;
#371 = DIRECTION ( 'NONE',  ( -0.000000000000000000, -0.000000000000000000, -1.000000000000000000 ) ) ;
#372 = VECTOR ( 'NONE', #2007, 39.37007874015748143 ) ;
#373 = CARTESIAN_POINT ( 'NONE',  ( 0.03832471526136869977, -0.09252404735808350544, 0.2593750000000000222 ) ) ;
#374 = CARTESIAN_POINT ( 'NONE',  ( 0.09252404735808347769, -0.03832471526136865120, 0.6156249999999999778 ) ) ;
#375 = ADVANCED_FACE ( 'NONE', ( #2082 ), #3918, .T. ) ;
#376 = CARTESIAN_POINT ( 'NONE',  ( -0.1249999999999999445, -0.05177669529663687931, 0.07187500000000002220 ) ) ;
#377 = CARTESIAN_POINT ( 'NONE',  ( 0.08838834764831839108, 0.08838834764831837720, 0.2437499999999999944 ) ) ;
#378 = CARTESIAN_POINT ( 'NONE',  ( -0.09442855863492148616, -0.1638349478928962655, 0.7593750000000000222 ) ) ;
#379 = CARTESIAN_POINT ( 'NONE',  ( 0.1249999999999999167, 0.05177669529663694870, 0.3906250000000000000 ) ) ;
#380 = CARTESIAN_POINT ( 'NONE',  ( 0.05177669529663693482, 0.1250000000000000278, 0.6968750000000002442 ) ) ;
#381 = CARTESIAN_POINT ( 'NONE',  ( -0.03832471526136870671, 0.09252404735808350544, 0.2781250000000000666 ) ) ;
#382 = CARTESIAN_POINT ( 'NONE',  ( -1.133092784412350307E-17, -0.09252404735808339442, 0.4500000000000000666 ) ) ;
#383 = CARTESIAN_POINT ( 'NONE',  ( 0.06542438130972608179, -0.06542438130972606791, 0.3062500000000000222 ) ) ;
#384 = CARTESIAN_POINT ( 'NONE',  ( -1.133092784412350615E-17, -0.09252404735808354708, 0.006250000000000025500 ) ) ;
#385 = CARTESIAN_POINT ( 'NONE',  ( -0.09252404735808347769, -7.180988138553183074E-18, 0.1437500000000000167 ) ) ;
#386 = DIRECTION ( 'NONE',  ( -1.000000000000000000, 0.000000000000000000, 0.000000000000000000 ) ) ;
#387 = CARTESIAN_POINT ( 'NONE',  ( -0.03832471526136872753, -0.09252404735808333891, 0.7031250000000001110 ) ) ;
#388 = CARTESIAN_POINT ( 'NONE',  ( 0.1499375327922243539, -0.1152275101527307083, 0.9812499999999999556 ) ) ;
#389 =( BOUNDED_CURVE ( )  B_SPLINE_CURVE ( 2, ( #3810, #4660, #3884, #1230, #4637, #407, #3100, #4237, #4556 ),
 .UNSPECIFIED., .F., .F. ) 
 B_SPLINE_CURVE_WITH_KNOTS ( ( 3, 2, 2, 2, 3 ),
 ( 0.5468750000000000000, 0.5546875000000000000, 0.5625000000000000000, 0.5703125000000000000, 0.5781250000000000000 ),
 .UNSPECIFIED. ) 
 CURVE ( )  GEOMETRIC_REPRESENTATION_ITEM ( )  RATIONAL_B_SPLINE_CURVE ( ( 1.000000000000000000, 0.9238795325112867385, 1.000000000000000000, 0.9238795325112867385, 1.000000000000000000, 0.9238795325112867385, 1.000000000000000000, 0.9238795325112867385, 1.000000000000000000 ) ) 
 REPRESENTATION_ITEM ( '' )  );
#390 = CARTESIAN_POINT ( 'NONE',  ( 0.03084450010908022788, 0.09044509503205815093, 0.9916383330878952851 ) ) ;
#391 = ORIENTED_EDGE ( 'NONE', *, *, #4805, .T. ) ;
#392 = CARTESIAN_POINT ( 'NONE',  ( -0.1249999999999999167, -0.05177669529663687931, 0.06562500000000001665 ) ) ;
#393 = CARTESIAN_POINT ( 'NONE',  ( 0.1249999999999999306, -8.011238569151105550E-17, -0.006250000000000001214 ) ) ;
#394 = ORIENTED_EDGE ( 'NONE', *, *, #3958, .T. ) ;
#395 = CARTESIAN_POINT ( 'NONE',  ( -0.09252404735808347769, -3.671685890314203014E-17, 0.04375000000000000416 ) ) ;
#396 = DIRECTION ( 'NONE',  ( -0.4999999999999996114, -0.8660254037844389297, 0.000000000000000000 ) ) ;
#397 = CARTESIAN_POINT ( 'NONE',  ( -0.1037268387247844564, -0.1349256775391705632, 1.000000000000000222 ) ) ;
#398 = CARTESIAN_POINT ( 'NONE',  ( -0.1249999999999999167, -0.05177669529663683767, 0.2156250000000000111 ) ) ;
#399 = CARTESIAN_POINT ( 'NONE',  ( 0.06542438130972610955, 0.06542438130972619281, 0.5750000000000000666 ) ) ;
#400 = CARTESIAN_POINT ( 'NONE',  ( 0.02454369240633527682, 0.1874999999999998335, 0.7593750000000000222 ) ) ;
#401 = CARTESIAN_POINT ( 'NONE',  ( -0.1874999999999998335, 0.02454369238351464255, 0.9812499999999999556 ) ) ;
#402 = CARTESIAN_POINT ( 'NONE',  ( -0.06542438130972608179, -0.06542438130972590138, 0.7437500000000001332 ) ) ;
#403 = CARTESIAN_POINT ( 'NONE',  ( -0.06542438130972608179, 0.06542438130972620669, 0.5812500000000000444 ) ) ;
#404 = CARTESIAN_POINT ( 'NONE',  ( -0.03832471526136870671, 0.09252404735808351932, 0.4281250000000000333 ) ) ;
#405 = CARTESIAN_POINT ( 'NONE',  ( 0.06542438130972610955, 0.06542438130972616506, 0.4749999999999999778 ) ) ;
#406 = CARTESIAN_POINT ( 'NONE',  ( -0.06542438130972609567, 0.06542438130972606791, 0.03749999999999998473 ) ) ;
#407 = CARTESIAN_POINT ( 'NONE',  ( -0.05177669529663687931, 0.1250000000000000000, 0.4093749999999999889 ) ) ;
#408 = CARTESIAN_POINT ( 'NONE',  ( -0.06542438130972608179, 0.06542438130972610955, 0.2312500000000000389 ) ) ;
#409 = APPLICATION_CONTEXT ( 'automotive_design' ) ;
#410 = CARTESIAN_POINT ( 'NONE',  ( -0.02454369238351460786, 0.1874999999999998335, 0.9812499999999999556 ) ) ;
#411 = CARTESIAN_POINT ( 'NONE',  ( 0.1249999999999999306, 8.495226602255474913E-18, 0.2937500000000000111 ) ) ;
#412 = CARTESIAN_POINT ( 'NONE',  ( 0.03832471526136869977, -0.09252404735808356095, 0.009375000000000023939 ) ) ;
#413 = LINE ( 'NONE', #1188, #768 ) ;
#414 = CARTESIAN_POINT ( 'NONE',  ( 0.000000000000000000, 0.1249999999999998751, 0.04999999999999996114 ) ) ;
#415 = CARTESIAN_POINT ( 'NONE',  ( -0.08838834764831839108, -0.08838834764831840496, 0.07500000000000003886 ) ) ;
#416 = ORIENTED_EDGE ( 'NONE', *, *, #1801, .F. ) ;
#417 = LINE ( 'NONE', #1569, #4016 ) ;
#418 = EDGE_LOOP ( 'NONE', ( #1839, #2999, #2759 ) ) ;
#419 = CARTESIAN_POINT ( 'NONE',  ( -0.08838834764831837720, 0.08838834764831840496, 0.2562499999999999778 ) ) ;
#420 = EDGE_CURVE ( 'NONE', #3969, #1746, #2863, .T. ) ;
#421 = CARTESIAN_POINT ( 'NONE',  ( -1.133092784412350615E-17, -0.09252404735808332503, 0.7062500000000000444 ) ) ;
#422 = CARTESIAN_POINT ( 'NONE',  ( 0.08838834764831837720, -0.08838834764831823843, 0.6812500000000000222 ) ) ;
#423 = CARTESIAN_POINT ( 'NONE',  ( 0.000000000000000000, 7.549139889267777477E-20, 0.000000000000000000 ) ) ;
#424 = CARTESIAN_POINT ( 'NONE',  ( 0.02454369238351463561, 0.1874999999999998612, 1.000000000000000000 ) ) ;
#425 = DIRECTION ( 'NONE',  ( -1.000000000000000000, 0.000000000000000000, 0.000000000000000000 ) ) ;
#426 = CARTESIAN_POINT ( 'NONE',  ( 0.08838834764831837720, -0.08838834764831846047, 0.03750000000000002637 ) ) ;
#427 = CARTESIAN_POINT ( 'NONE',  ( -0.09252404735808346381, -0.03832471526136860263, 0.5406250000000000222 ) ) ;
#428 = ORIENTED_EDGE ( 'NONE', *, *, #3175, .T. ) ;
#429 = CARTESIAN_POINT ( 'NONE',  ( 0.09252404735808344993, 0.03832471526136881773, 0.4656250000000000111 ) ) ;
#430 = CARTESIAN_POINT ( 'NONE',  ( -0.03832471526136870671, 0.09252404735808350544, 0.2781250000000000666 ) ) ;
#431 = CARTESIAN_POINT ( 'NONE',  ( -0.03832471526136872059, 0.09252404735808358871, 0.5343750000000000444 ) ) ;
#432 = CARTESIAN_POINT ( 'NONE',  ( 0.000000000000000000, 0.09252404735808346381, 0.1312499999999999778 ) ) ;
#433 = CARTESIAN_POINT ( 'NONE',  ( -0.1249999999999999167, 2.988143696700528326E-17, 0.2625000000000000111 ) ) ;
#434 = CARTESIAN_POINT ( 'NONE',  ( -0.03832471526136870671, 0.09252404735808347769, 0.1781249999999999778 ) ) ;
#435 = CARTESIAN_POINT ( 'NONE',  ( -0.1152275101527368145, 0.1499375327922183310, 0.9812499999999999556 ) ) ;
#436 = EDGE_CURVE ( 'NONE', #3358, #1827, #3935, .T. ) ;
#437 = CARTESIAN_POINT ( 'NONE',  ( 0.09252404735808347769, 3.661286539352471130E-17, 0.3687499999999999667 ) ) ;
#438 = CARTESIAN_POINT ( 'NONE',  ( -0.1249999999999999306, -2.734431263938562161E-17, 0.06875000000000000555 ) ) ;
#439 = CARTESIAN_POINT ( 'NONE',  ( -0.007324426483196882880, -0.09252404735808357483, 0.005652765745188428025 ) ) ;
#440 = CARTESIAN_POINT ( 'NONE',  ( 0.06271835715228440966, 0.07204271508805257240, 0.9924198921391043093 ) ) ;
#441 = CARTESIAN_POINT ( 'NONE',  ( -0.1249999999999999167, 0.05177669529663682380, 0.05937499999999999029 ) ) ;
#442 = CARTESIAN_POINT ( 'NONE',  ( -0.08838834764831839108, -0.08838834764831843271, 0.02500000000000003261 ) ) ;
#443 = EDGE_LOOP ( 'NONE', ( #4530, #342, #4376, #1000 ) ) ;
#444 = CARTESIAN_POINT ( 'NONE',  ( 0.06542438130972609567, -0.06542438130972612342, 0.1625000000000000333 ) ) ;
#445 = DIRECTION ( 'NONE',  ( -0.000000000000000000, -0.000000000000000000, -1.000000000000000000 ) ) ;
#446 = CARTESIAN_POINT ( 'NONE',  ( -0.1152275101366058846, -0.1499375328083491221, 0.7593750000000000222 ) ) ;
#447 = EDGE_LOOP ( 'NONE', ( #2343, #4363, #801, #3844, #3847, #4500 ) ) ;
#448 = CARTESIAN_POINT ( 'NONE',  ( -1.530808498934190276E-17, -0.1249999999999999029, 0.2250000000000000611 ) ) ;
#449 = CARTESIAN_POINT ( 'NONE',  ( -0.09442855863491997348, -0.1638349478928926017, 0.7500000000000001110 ) ) ;
#450 = CARTESIAN_POINT ( 'NONE',  ( 0.1874999999999998335, -0.02454369238351223823, 0.9812499999999999556 ) ) ;
#451 = CARTESIAN_POINT ( 'NONE',  ( -0.06542438130972608179, -0.06542438130972592913, 0.6937500000000000888 ) ) ;
#452 = CARTESIAN_POINT ( 'NONE',  ( 0.06542438130972610955, 0.06542438130972617893, 0.5187500000000000444 ) ) ;
#453 = EDGE_LOOP ( 'NONE', ( #3991, #2704, #2021, #1920 ) ) ;
#454 = AXIS2_PLACEMENT_3D ( 'NONE', #3520, #1334, #936 ) ;
#455 = CARTESIAN_POINT ( 'NONE',  ( -0.08838834764831837720, 0.08838834764831843271, 0.3125000000000000000 ) ) ;
#456 = AXIS2_PLACEMENT_3D ( 'NONE', #1172, #1202, #425 ) ;
#457 = DIRECTION ( 'NONE',  ( -0.000000000000000000, -0.000000000000000000, -1.000000000000000000 ) ) ;
#458 = FACE_OUTER_BOUND ( 'NONE', #3923, .T. ) ;
#459 = CARTESIAN_POINT ( 'NONE',  ( 0.03832471526136869283, -0.09252404735808351932, 0.1031250000000000638 ) ) ;
#460 = CARTESIAN_POINT ( 'NONE',  ( -0.03832471526136872059, -0.09252404735808351932, 0.04687500000000003469 ) ) ;
#461 = CARTESIAN_POINT ( 'NONE',  ( 0.000000000000000000, 0.09252404735808350544, 0.2812499999999999445 ) ) ;
#462 = CARTESIAN_POINT ( 'NONE',  ( -0.05177669529663687931, 0.1249999999999999167, 0.05937499999999996947 ) ) ;
#463 = CARTESIAN_POINT ( 'NONE',  ( 0.09252404735808346381, -2.430486805843977518E-17, 0.1625000000000000056 ) ) ;
#464 = CARTESIAN_POINT ( 'NONE',  ( 0.000000000000000000, 0.09252404735808363034, 0.7750000000000000222 ) ) ;
#465 = ORIENTED_EDGE ( 'NONE', *, *, #3138, .T. ) ;
#466 = CARTESIAN_POINT ( 'NONE',  ( 0.06542438130972610955, 0.06542438130972608179, 0.1749999999999999889 ) ) ;
#467 = CARTESIAN_POINT ( 'NONE',  ( -0.1874999999999998335, -0.02454369240633884341, 0.7593750000000000222 ) ) ;
#468 = CARTESIAN_POINT ( 'NONE',  ( -0.05177669529663685849, 0.1249999999999999584, 0.2031249999999999445 ) ) ;
#469 = CARTESIAN_POINT ( 'NONE',  ( 0.09252404735808347769, 0.03832471526136876222, 0.2718750000000000333 ) ) ;
#470 = CARTESIAN_POINT ( 'NONE',  ( -0.1638349478928959602, -0.09442855863492199964, 0.7593750000000000222 ) ) ;
#471 = CARTESIAN_POINT ( 'NONE',  ( 0.1249999999999998751, -0.05177669529663687931, 0.3343750000000000333 ) ) ;
#472 = CARTESIAN_POINT ( 'NONE',  ( 0.1638349479016283639, 0.09442855861384014116, 0.9812499999999999556 ) ) ;
#473 = CARTESIAN_POINT ( 'NONE',  ( 0.03832471526136876916, 0.09252404735808358871, 0.6718750000000000000 ) ) ;
#474 = CARTESIAN_POINT ( 'NONE',  ( -0.08838834764831839108, -0.08838834764831825230, 0.5750000000000000666 ) ) ;
#475 = CARTESIAN_POINT ( 'NONE',  ( -0.09252404735808350544, 0.03832471526136888018, 0.6906249999999999334 ) ) ;
#476 = CARTESIAN_POINT ( 'NONE',  ( -0.03832471526136872059, 0.09252404735808354708, 0.4343750000000000111 ) ) ;
#477 = CARTESIAN_POINT ( 'NONE',  ( 0.03832471526136869283, -0.09252404735808336667, 0.6031250000000000222 ) ) ;
#478 = CARTESIAN_POINT ( 'NONE',  ( -1.133092784412350615E-17, -0.09252404735808338054, 0.5562500000000001332 ) ) ;
#479 = CARTESIAN_POINT ( 'NONE',  ( 0.000000000000000000, 0.1249999999999999584, 0.3062499999999999667 ) ) ;
#480 = DIRECTION ( 'NONE',  ( 0.000000000000000000, 0.000000000000000000, 1.000000000000000000 ) ) ;
#481 = CARTESIAN_POINT ( 'NONE',  ( -0.1556514748752104160, -0.08967980441430593863, 0.7500000000000002220 ) ) ;
#482 = CARTESIAN_POINT ( 'NONE',  ( 0.09252404735808344993, 0.03832471526136874140, 0.2156250000000000111 ) ) ;
#483 = CARTESIAN_POINT ( 'NONE',  ( 0.03899397011127299362, -0.08573999633253893971, 0.9916207643691719031 ) ) ;
#484 = CARTESIAN_POINT ( 'NONE',  ( 0.000000000000000000, 0.1250000000000000278, 0.5062499999999999778 ) ) ;
#485 = B_SPLINE_CURVE_WITH_KNOTS ( 'NONE', 3,
 ( #1427, #3736, #1958, #2317, #3123, #4190, #2709, #1634, #2363, #3861, #4611, #3516, #1584, #1209, #481, #1914, #2393, #2737, #4212, #776 ),
 .UNSPECIFIED., .F., .F.,
 ( 4, 2, 2, 2, 2, 2, 2, 2, 2, 4 ),
 ( 0.5000000000000000000, 0.5625000000000000000, 0.6250000000000000000, 0.6875000000000000000, 0.7500000000000000000, 0.8125000000000000000, 0.8750000000000000000, 0.9375000000000000000, 0.9687500000000000000, 1.000000000000000000 ),
 .UNSPECIFIED. ) ;
#486 = CARTESIAN_POINT ( 'NONE',  ( -0.09252404735808347769, 3.712281800833008907E-17, 0.2937500000000000111 ) ) ;
#487 = CARTESIAN_POINT ( 'NONE',  ( -0.1249999999999999445, 0.05177669529663698339, 0.5656250000000000444 ) ) ;
#488 = CARTESIAN_POINT ( 'NONE',  ( 0.03832471526136876916, 0.09252404735808343605, 0.1718750000000000000 ) ) ;
#489 = ORIENTED_EDGE ( 'NONE', *, *, #2356, .F. ) ;
#490 = CARTESIAN_POINT ( 'NONE',  ( 0.05177669529663694176, 0.1249999999999998751, 0.1531250000000000111 ) ) ;
#491 = ORIENTED_EDGE ( 'NONE', *, *, #2331, .T. ) ;
#492 = CARTESIAN_POINT ( 'NONE',  ( -0.1249999999999999167, -1.442236917987799813E-17, 0.1125000000000000167 ) ) ;
#493 = CARTESIAN_POINT ( 'NONE',  ( 0.1249999999999999306, -6.272708780038936294E-18, 0.2437500000000000222 ) ) ;
#494 = ORIENTED_EDGE ( 'NONE', *, *, #3669, .T. ) ;
#495 = CARTESIAN_POINT ( 'NONE',  ( 0.08838834764831839108, 0.08838834764831836333, 0.1937499999999999778 ) ) ;
#496 = CARTESIAN_POINT ( 'NONE',  ( 0.000000000000000000, 0.09252404735808350544, 0.2812499999999999445 ) ) ;
#497 = DIRECTION ( 'NONE',  ( 1.000000000000000000, 0.000000000000000000, 0.000000000000000000 ) ) ;
#498 = CARTESIAN_POINT ( 'NONE',  ( 0.03832471526136877610, 0.09252404735808343605, 0.07812499999999997224 ) ) ;
#499 = ADVANCED_FACE ( 'NONE', ( #2829 ), #3973, .T. ) ;
#500 = CARTESIAN_POINT ( 'NONE',  ( -0.04907772852304898709, -0.1826198767901119346, 0.9812499999999999556 ) ) ;
#501 = CARTESIAN_POINT ( 'NONE',  ( 0.06542438130972608179, -0.06542438130972601240, 0.4562499999999999889 ) ) ;
#502 = VERTEX_POINT ( 'NONE', #544 ) ;
#503 = CARTESIAN_POINT ( 'NONE',  ( 0.05177669529663694176, 0.1249999999999999861, 0.4031250000000000111 ) ) ;
#504 = CARTESIAN_POINT ( 'NONE',  ( -0.09375000000000001388, -0.04533162657322728495, 0.9974611134024273795 ) ) ;
#505 = CARTESIAN_POINT ( 'NONE',  ( -0.03832471526136872059, -0.09252404735808350544, 0.1468750000000000888 ) ) ;
#506 = CARTESIAN_POINT ( 'NONE',  ( 0.03103164284771600667, -0.09033704812152942853, 0.9924198921391040873 ) ) ;
#507 = CARTESIAN_POINT ( 'NONE',  ( -0.09252404735808350544, 0.03832471526136875528, 0.2906250000000000222 ) ) ;
#508 = CARTESIAN_POINT ( 'NONE',  ( 0.08749999999999996669, 7.549139889267777477E-20, 4.148491032111687552E-18 ) ) ;
#509 = CARTESIAN_POINT ( 'NONE',  ( -0.06542438130972608179, -0.06542438130972610955, 0.09375000000000002776 ) ) ;
#510 = CARTESIAN_POINT ( 'NONE',  ( -0.05177669529663686543, 0.1249999999999999167, 0.1093750000000000000 ) ) ;
#511 = CARTESIAN_POINT ( 'NONE',  ( 0.06542438130972610955, 0.06542438130972606791, 0.1250000000000000000 ) ) ;
#512 =( BOUNDED_CURVE ( )  B_SPLINE_CURVE ( 2, ( #4367, #3758, #4183 ),
 .UNSPECIFIED., .F., .F. ) 
 B_SPLINE_CURVE_WITH_KNOTS ( ( 3, 3 ),
 ( 0.000000000000000000, 1.000000000000000000 ),
 .UNSPECIFIED. ) 
 CURVE ( )  GEOMETRIC_REPRESENTATION_ITEM ( )  RATIONAL_B_SPLINE_CURVE ( ( 1.000000000000000000, 0.3333333333333334259, 1.000000000000000000 ) ) 
 REPRESENTATION_ITEM ( '' )  );
#513 = CARTESIAN_POINT ( 'NONE',  ( 0.1638349478164231876, 0.09442855881954356767, 0.7593750000000000222 ) ) ;
#514 = CARTESIAN_POINT ( 'NONE',  ( -0.05177669529663686543, -0.1249999999999998612, 0.3718750000000000666 ) ) ;
#515 = CARTESIAN_POINT ( 'NONE',  ( 0.000000000000000000, 0.09252404735808343605, 0.03124999999999997571 ) ) ;
#516 = CARTESIAN_POINT ( 'NONE',  ( -0.08838834764831839108, -0.08838834764831837720, 0.1750000000000000444 ) ) ;
#517 = LINE ( 'NONE', #3997, #1406 ) ;
#518 = CARTESIAN_POINT ( 'NONE',  ( 0.000000000000000000, 0.1249999999999999167, 0.1499999999999999667 ) ) ;
#519 = CARTESIAN_POINT ( 'NONE',  ( -0.05177669529663687931, -0.1249999999999998612, 0.3218750000000000777 ) ) ;
#520 = CARTESIAN_POINT ( 'NONE',  ( -0.06542438130972608179, 0.06542438130972623445, 0.6812500000000000222 ) ) ;
#521 = ORIENTED_EDGE ( 'NONE', *, *, #2328, .T. ) ;
#522 = AXIS2_PLACEMENT_3D ( 'NONE', #4049, #4851, #1099 ) ;
#523 = EDGE_CURVE ( 'NONE', #2314, #2101, #1567, .T. ) ;
#524 = DIRECTION ( 'NONE',  ( -0.000000000000000000, -0.000000000000000000, -1.000000000000000000 ) ) ;
#525 = CARTESIAN_POINT ( 'NONE',  ( -0.06290549989091978600, -0.07193466817752459941, 0.8744508330878950630 ) ) ;
#526 = CARTESIAN_POINT ( 'NONE',  ( 0.09252404735808344993, -0.03832471526136870671, 0.3593750000000001110 ) ) ;
#527 = FACE_OUTER_BOUND ( 'NONE', #78, .T. ) ;
#528 = AXIS2_PLACEMENT_3D ( 'NONE', #4323, #4701, #3995 ) ;
#529 = CARTESIAN_POINT ( 'NONE',  ( -0.1249999999999999167, 0.05177669529663687931, 0.2093750000000000611 ) ) ;
#530 = CARTESIAN_POINT ( 'NONE',  ( -0.1499375329496586140, -0.1152275099952964621, 0.9812500000000001776 ) ) ;
#531 = CARTESIAN_POINT ( 'NONE',  ( 0.03832471526136869977, -0.09252404735808342218, 0.5093750000000000222 ) ) ;
#532 = CARTESIAN_POINT ( 'NONE',  ( 0.1037047591374595096, -0.1349437795130000728, 1.000000000000000000 ) ) ;
#533 = CARTESIAN_POINT ( 'NONE',  ( 0.03832471526136876916, 0.09252404735808344993, 0.2218749999999999611 ) ) ;
#534 = APPLICATION_CONTEXT ( 'automotive_design' ) ;
#535 = CARTESIAN_POINT ( 'NONE',  ( 0.05177669529663694176, 0.1249999999999999167, 0.2531249999999999889 ) ) ;
#536 = CARTESIAN_POINT ( 'NONE',  ( 0.05177669529663693482, 0.1250000000000000278, 0.6468750000000000888 ) ) ;
#537 = CARTESIAN_POINT ( 'NONE',  ( -0.1874999999999998057, 0.02454369260617024137, 0.7593750000000000222 ) ) ;
#538 = CARTESIAN_POINT ( 'NONE',  ( -1.530808498934190276E-17, -0.1249999999999999167, 0.1750000000000000444 ) ) ;
#539 = ORIENTED_EDGE ( 'NONE', *, *, #4097, .F. ) ;
#540 = CARTESIAN_POINT ( 'NONE',  ( 0.1249999999999998890, 0.05177669529663697645, 0.4406249999999999889 ) ) ;
#541 =( BOUNDED_CURVE ( )  B_SPLINE_CURVE ( 2, ( #2894, #439, #384, #3513, #3167, #3924, #2836, #4329, #615, #640, #2693, #1140, #346, #2276, #395, #1539, #3401, #3354, #761, #3773, #4151, #3694, #1515, #4125, #4566, #2647, #4848, #1872, #3023, #1117, #2670, #2189, #1441, #2966, #4470, #1069, #2426, #810, #3549, #3086, #511, #1945, #3873, #58, #1268, #2721, #4597, #1620, #2375, #1194, #4269, #2352, #444, #840, #1971, #3475, #466, #2024, #3110, #3501, #90, #4621, #110, #1218, #129, #2405, #152, #2749, #1999, #3134, #1670, #4648, #1239, #3893, #1642, #2048, #4672, #4696, #2799, #4291, #1291, #786, #3821, #2148, #3949, #3619, #593, #3668, #276, #3309, #1700, #4727, #2105, #4752, #2122, #1752, #4651, #4040, #181, #661, #2242, #3742, #1919, #1592, #2744, #3130, #2072, #1667, #2283, #1101, #4492, #1042, #367, #2245, #3444, #1191, #2718, #957, #575, #1884, #694, #33, #3933, #1541, #3656, #683, #1890, #1991, #1659, #168, #2543, #728, #3033, #3049, #2260, #1605, #3831, #1983, #4631, #476, #3142, #875, #3456, #3489, #45, #824, #4187, #1956, #1552, #2362, #3809, #1912, #405, #1607, #2657, #797, #2390, #3120, #2339, #3073, #4635, #774, #1177, #2706, #4209, #3834, #4161, #1229, #1130, #2761, #19, #431, #72, #1581, #3097, #3390, #1506, #4554, #478, #4609, #4533, #3230, #2868, #4414, #2822, #4316, #608, #581, #914, #2892, #1692, #4387, #3281, #2202, #4883, #3409, #1908, #3707, #4455, #1054, #1524, #1148, #652, #4858, #1450, #1080, #3731, #2608, #2677, #333, #1857, #1475, #3005, #4508, #727, #2634, #1503, #2176, #3677, #1577, #3856, #475, #1652, #1629, #3533, #4579, #3485 ),
 .UNSPECIFIED., .F., .F. ) 
 B_SPLINE_CURVE_WITH_KNOTS ( ( 3, 2, 2, 2, 2, 2, 2, 2, 2, 2, 2, 2, 2, 2, 2, 2, 2, 2, 2, 2, 2, 2, 2, 2, 2, 2, 2, 2, 2, 2, 2, 2, 2, 2, 2, 2, 2, 2, 2, 2, 2, 2, 2, 2, 2, 2, 2, 2, 2, 2, 2, 2, 2, 2, 2, 2, 2, 2, 2, 2, 2, 2, 2, 2, 2, 2, 2, 2, 2, 2, 2, 2, 2, 2, 2, 2, 2, 2, 2, 2, 2, 2, 2, 2, 2, 2, 2, 2, 2, 2, 2, 2, 2, 2, 2, 2, 2, 2, 2, 2, 2, 2, 2, 2, 2, 2, 2, 2, 2, 2, 2, 2, 2, 3 ),
 ( 0.02965894904847773267, 0.03125000000000000000, 0.03906250000000000000, 0.04687500000000000000, 0.05468750000000000000, 0.06250000000000000000, 0.07031250000000000000, 0.07812500000000000000, 0.08593750000000000000, 0.09375000000000000000, 0.1015625000000000000, 0.1093750000000000000, 0.1171875000000000000, 0.1250000000000000000, 0.1328125000000000000, 0.1406250000000000000, 0.1484375000000000000, 0.1562500000000000000, 0.1640625000000000000, 0.1718750000000000000, 0.1796875000000000278, 0.1875000000000000278, 0.1953125000000000278, 0.2031250000000000278, 0.2109375000000000278, 0.2187500000000000278, 0.2265625000000000278, 0.2343750000000000278, 0.2421875000000000278, 0.2500000000000000000, 0.2578125000000000000, 0.2656250000000000000, 0.2734375000000000000, 0.2812500000000000000, 0.2890625000000000000, 0.2968750000000000000, 0.3046875000000000000, 0.3125000000000000000, 0.3203125000000000000, 0.3281250000000000000, 0.3359375000000000000, 0.3437500000000000000, 0.3515625000000000000, 0.3593750000000000000, 0.3671875000000000000, 0.3750000000000000000, 0.3828125000000000000, 0.3906250000000000000, 0.3984375000000000000, 0.4062500000000000000, 0.4140625000000000000, 0.4218750000000000000, 0.4296875000000000000, 0.4375000000000000000, 0.4453125000000000000, 0.4531250000000000000, 0.4609375000000000000, 0.4687500000000000000, 0.4765625000000000000, 0.4843750000000000000, 0.4921875000000000000, 0.5000000000000000000, 0.5078125000000000000, 0.5156250000000000000, 0.5234375000000000000, 0.5312500000000000000, 0.5390625000000000000, 0.5468750000000000000, 0.5546875000000000000, 0.5625000000000000000, 0.5703125000000000000, 0.5781250000000000000, 0.5859375000000000000, 0.5937500000000000000, 0.6015625000000000000, 0.6093750000000000000, 0.6171875000000000000, 0.6250000000000000000, 0.6328125000000000000, 0.6406250000000000000, 0.6484375000000000000, 0.6562500000000000000, 0.6640625000000000000, 0.6718750000000000000, 0.6796875000000000000, 0.6875000000000000000, 0.6953125000000000000, 0.7031250000000000000, 0.7109375000000000000, 0.7187500000000000000, 0.7265625000000000000, 0.7343750000000000000, 0.7421875000000000000, 0.7500000000000000000, 0.7578125000000000000, 0.7656250000000000000, 0.7734375000000000000, 0.7812500000000000000, 0.7890625000000000000, 0.7968750000000000000, 0.8046875000000000000, 0.8125000000000000000, 0.8203125000000000000, 0.8281250000000000000, 0.8359375000000000000, 0.8437500000000000000, 0.8515625000000000000, 0.8593750000000000000, 0.8671875000000000000, 0.8750000000000000000, 0.8828125000000000000, 0.8906250000000000000, 0.8984375000000000000, 0.9027854590113115751 ),
 .UNSPECIFIED. ) 
 CURVE ( )  GEOMETRIC_REPRESENTATION_ITEM ( )  RATIONAL_B_SPLINE_CURVE ( ( 0.9753096629729514078, 0.9844977225947856292, 1.000000000000000000, 0.9238795325112867385, 1.000000000000000000, 0.9238795325112867385, 1.000000000000000000, 0.9238795325112867385, 1.000000000000000000, 0.9238795325112867385, 1.000000000000000000, 0.9238795325112867385, 1.000000000000000000, 0.9238795325112867385, 1.000000000000000000, 0.9238795325112867385, 1.000000000000000000, 0.9238795325112867385, 1.000000000000000000, 0.9238795325112867385, 1.000000000000000000, 0.9238795325112867385, 1.000000000000000000, 0.9238795325112867385, 1.000000000000000000, 0.9238795325112867385, 1.000000000000000000, 0.9238795325112867385, 1.000000000000000000, 0.9238795325112867385, 1.000000000000000000, 0.9238795325112867385, 1.000000000000000000, 0.9238795325112867385, 1.000000000000000000, 0.9238795325112867385, 1.000000000000000000, 0.9238795325112867385, 1.000000000000000000, 0.9238795325112867385, 1.000000000000000000, 0.9238795325112867385, 1.000000000000000000, 0.9238795325112867385, 1.000000000000000000, 0.9238795325112867385, 1.000000000000000000, 0.9238795325112867385, 1.000000000000000000, 0.9238795325112867385, 1.000000000000000000, 0.9238795325112867385, 1.000000000000000000, 0.9238795325112867385, 1.000000000000000000, 0.9238795325112867385, 1.000000000000000000, 0.9238795325112867385, 1.000000000000000000, 0.9238795325112867385, 1.000000000000000000, 0.9238795325112867385, 1.000000000000000000, 0.9238795325112867385, 1.000000000000000000, 0.9238795325112867385, 1.000000000000000000, 0.9238795325112867385, 1.000000000000000000, 0.9238795325112867385, 1.000000000000000000, 0.9238795325112867385, 1.000000000000000000, 0.9238795325112867385, 1.000000000000000000, 0.9238795325112867385, 1.000000000000000000, 0.9238795325112867385, 1.000000000000000000, 0.9238795325112867385, 1.000000000000000000, 0.9238795325112867385, 1.000000000000000000, 0.9238795325112867385, 1.000000000000000000, 0.9238795325112867385, 1.000000000000000000, 0.9238795325112867385, 1.000000000000000000, 0.9238795325112867385, 1.000000000000000000, 0.9238795325112867385, 1.000000000000000000, 0.9238795325112867385, 1.000000000000000000, 0.9238795325112867385, 1.000000000000000000, 0.9238795325112867385, 1.000000000000000000, 0.9238795325112867385, 1.000000000000000000, 0.9238795325112867385, 1.000000000000000000, 0.9238795325112867385, 1.000000000000000000, 0.9238795325112867385, 1.000000000000000000, 0.9238795325112867385, 1.000000000000000000, 0.9238795325112867385, 1.000000000000000000, 0.9238795325112867385, 1.000000000000000000, 0.9238795325112867385, 1.000000000000000000, 0.9238795325112867385, 1.000000000000000000, 0.9238795325112867385, 1.000000000000000000, 0.9238795325112867385, 1.000000000000000000, 0.9238795325112867385, 1.000000000000000000, 0.9238795325112867385, 1.000000000000000000, 0.9238795325112867385, 1.000000000000000000, 0.9238795325112867385, 1.000000000000000000, 0.9238795325112867385, 1.000000000000000000, 0.9238795325112867385, 1.000000000000000000, 0.9238795325112867385, 1.000000000000000000, 0.9238795325112867385, 1.000000000000000000, 0.9238795325112867385, 1.000000000000000000, 0.9238795325112867385, 1.000000000000000000, 0.9238795325112867385, 1.000000000000000000, 0.9238795325112867385, 1.000000000000000000, 0.9238795325112867385, 1.000000000000000000, 0.9238795325112867385, 1.000000000000000000, 0.9238795325112867385, 1.000000000000000000, 0.9238795325112867385, 1.000000000000000000, 0.9238795325112867385, 1.000000000000000000, 0.9238795325112867385, 1.000000000000000000, 0.9238795325112867385, 1.000000000000000000, 0.9238795325112867385, 1.000000000000000000, 0.9238795325112867385, 1.000000000000000000, 0.9238795325112867385, 1.000000000000000000, 0.9238795325112867385, 1.000000000000000000, 0.9238795325112867385, 1.000000000000000000, 0.9238795325112867385, 1.000000000000000000, 0.9238795325112867385, 1.000000000000000000, 0.9238795325112867385, 1.000000000000000000, 0.9238795325112867385, 1.000000000000000000, 0.9238795325112867385, 1.000000000000000000, 0.9238795325112867385, 1.000000000000000000, 0.9238795325112867385, 1.000000000000000000, 0.9238795325112867385, 1.000000000000000000, 0.9238795325112867385, 1.000000000000000000, 0.9238795325112867385, 1.000000000000000000, 0.9238795325112867385, 1.000000000000000000, 0.9238795325112867385, 1.000000000000000000, 0.9238795325112867385, 1.000000000000000000, 0.9238795325112867385, 1.000000000000000000, 0.9238795325112867385, 1.000000000000000000, 0.9238795325112867385, 1.000000000000000000, 0.9238795325112867385, 1.000000000000000000, 0.9238795325112867385, 1.000000000000000000, 0.9238795325112867385, 1.000000000000000000, 0.9238795325112867385, 1.000000000000000000, 0.9238795325112867385, 1.000000000000000000, 0.9238795325112867385, 1.000000000000000000, 0.9238795325112867385, 1.000000000000000000, 0.9238795325112867385, 1.000000000000000000, 0.9238795325112867385, 1.000000000000000000, 0.9238795325112867385, 1.000000000000000000, 0.9238795325112867385, 1.000000000000000000, 0.9238795325112867385, 1.000000000000000000, 0.9576360099119615166, 0.9624264242932738522 ) ) 
 REPRESENTATION_ITEM ( '' )  );
#542 = CARTESIAN_POINT ( 'NONE',  ( -0.08749999999999996669, 1.308736363983329636E-17, 4.148491032111687552E-18 ) ) ;
#543 = EDGE_CURVE ( 'NONE', #3872, #4644, #232, .T. ) ;
#544 = CARTESIAN_POINT ( 'NONE',  ( 0.1003483722808131140, -1.732768207433592939E-14, 0.7079826238996337340 ) ) ;
#545 = CARTESIAN_POINT ( 'NONE',  ( 0.08838834764831840496, 0.08838834764831833557, 0.09999999999999999167 ) ) ;
#546 = DIRECTION ( 'NONE',  ( -1.000000000000000000, 0.000000000000000000, 0.000000000000000000 ) ) ;
#547 = VERTEX_POINT ( 'NONE', #4399 ) ;
#548 = ORIENTED_EDGE ( 'NONE', *, *, #118, .F. ) ;
#549 = EDGE_CURVE ( 'NONE', #1440, #901, #1669, .T. ) ;
#550 = CARTESIAN_POINT ( 'NONE',  ( 0.1249999999999998890, -0.05177669529663688625, 0.2906250000000000777 ) ) ;
#551 = CARTESIAN_POINT ( 'NONE',  ( -0.08844164206122163974, -0.07639764790790470883, 0.02922403869644671012 ) ) ;
#552 = CARTESIAN_POINT ( 'NONE',  ( -0.09374999999999998612, 0.01841620991973114824, 0.9924327962006512793 ) ) ;
#553 = CARTESIAN_POINT ( 'NONE',  ( -0.06542438130972608179, 0.06542438130972612342, 0.2812499999999999445 ) ) ;
#554 = CARTESIAN_POINT ( 'NONE',  ( -0.09252404735808347769, -0.03832471526136876222, -0.009374999999999997918 ) ) ;
#555 = DIRECTION ( 'NONE',  ( -0.000000000000000000, 0.000000000000000000, -1.000000000000000000 ) ) ;
#556 = CARTESIAN_POINT ( 'NONE',  ( -0.09252404735808350544, 0.03832471526136885936, 0.6406250000000000000 ) ) ;
#557 = CARTESIAN_POINT ( 'NONE',  ( 0.09252404735808344993, 0.03832471526136869283, 0.06562499999999998890 ) ) ;
#558 = CARTESIAN_POINT ( 'NONE',  ( -0.05177669529663686543, -0.1249999999999998890, 0.2781250000000000666 ) ) ;
#559 = CARTESIAN_POINT ( 'NONE',  ( 0.09375000000000020817, 0.01840772069454301926, 0.8752442289393232988 ) ) ;
#560 = FACE_OUTER_BOUND ( 'NONE', #3051, .T. ) ;
#561 = CARTESIAN_POINT ( 'NONE',  ( 0.1249999999999999167, -2.288663608512017221E-17, 0.1875000000000000278 ) ) ;
#562 = ORIENTED_EDGE ( 'NONE', *, *, #523, .F. ) ;
#563 = CARTESIAN_POINT ( 'NONE',  ( 0.1249999999999998890, 0.05177669529663698339, 0.4906250000000000333 ) ) ;
#564 = CARTESIAN_POINT ( 'NONE',  ( -0.1249999999999999167, 1.627928554076551212E-16, 0.7125000000000001332 ) ) ;
#565 = CARTESIAN_POINT ( 'NONE',  ( -0.1249999999999999167, 1.646388473304419013E-16, 0.7187500000000001110 ) ) ;
#566 = CARTESIAN_POINT ( 'NONE',  ( -0.1874999999999998335, -2.288663608512017529E-17, 0.7593750000000000222 ) ) ;
#567 = CARTESIAN_POINT ( 'NONE',  ( 0.04662384207688718279, 0.1734888829588984438, 0.7500000000000001110 ) ) ;
#568 = CARTESIAN_POINT ( 'NONE',  ( -0.09252404735808346381, 1.386523737616042537E-16, 0.6375000000000000666 ) ) ;
#569 = ORIENTED_EDGE ( 'NONE', *, *, #2267, .F. ) ;
#570 = EDGE_CURVE ( 'NONE', #1864, #332, #241, .T. ) ;
#571 = CARTESIAN_POINT ( 'NONE',  ( -0.08838834764831837720, 0.08838834764831847435, 0.4624999999999999667 ) ) ;
#572 = CARTESIAN_POINT ( 'NONE',  ( -0.1136107581013576090, -0.01177209786780631338, 0.02611075810135791292 ) ) ;
#573 = CYLINDRICAL_SURFACE ( 'NONE', #2380, 0.1249999999999999029 ) ;
#574 = CARTESIAN_POINT ( 'NONE',  ( 0.000000000000000000, 0.09252404735808353320, 0.4250000000000000444 ) ) ;
#575 = CARTESIAN_POINT ( 'NONE',  ( 0.09252404735808347769, 3.661286539352471130E-17, 0.3687499999999999667 ) ) ;
#576 = CARTESIAN_POINT ( 'NONE',  ( -0.09252404735808347769, -0.03832471526136870671, 0.1906250000000000444 ) ) ;
#577 = CYLINDRICAL_SURFACE ( 'NONE', #762, 0.1249999999999999029 ) ;
#578 = CARTESIAN_POINT ( 'NONE',  ( 0.06542438130972610955, 0.06542438130972620669, 0.6250000000000000000 ) ) ;
#579 = CARTESIAN_POINT ( 'NONE',  ( -0.1687499999999998446, 0.02208932314516317413, 1.000000000000000000 ) ) ;
#580 = CARTESIAN_POINT ( 'NONE',  ( -0.05177669529663686543, -0.1249999999999999722, 0.1281250000000000722 ) ) ;
#581 = CARTESIAN_POINT ( 'NONE',  ( -0.03832471526136872059, 0.09252404735808358871, 0.5843750000000000888 ) ) ;
#582 = CARTESIAN_POINT ( 'NONE',  ( 0.1249999999999999167, 6.649234679468681023E-18, 0.2875000000000000333 ) ) ;
#583 = ADVANCED_FACE ( 'NONE', ( #3377 ), #4127, .T. ) ;
#584 = DIRECTION ( 'NONE',  ( -1.000000000000000000, 0.000000000000000000, 0.000000000000000000 ) ) ;
#585 = CARTESIAN_POINT ( 'NONE',  ( 0.05177669529663682380, -0.1249999999999999584, 0.1781250000000000888 ) ) ;
#586 = CARTESIAN_POINT ( 'NONE',  ( 0.1249999999999998890, -0.05177669529663675441, 0.7406250000000001998 ) ) ;
#587 = CARTESIAN_POINT ( 'NONE',  ( -0.05177669529663686543, -0.1249999999999998196, 0.4718750000000000444 ) ) ;
#588 = CARTESIAN_POINT ( 'NONE',  ( 0.08838834764831837720, -0.08838834764831825230, 0.6312499999999999778 ) ) ;
#589 = CARTESIAN_POINT ( 'NONE',  ( 0.06542438130972610955, 0.06542438130972604016, 0.02499999999999998057 ) ) ;
#590 = CARTESIAN_POINT ( 'NONE',  ( 0.02454369260617026219, -0.1874999999999998890, 0.7593750000000001332 ) ) ;
#591 = CARTESIAN_POINT ( 'NONE',  ( -0.03103164284771575687, 0.09033704812153005304, 0.9924198921391045314 ) ) ;
#592 = CARTESIAN_POINT ( 'NONE',  ( -0.1249999999999999167, -2.919030456217242320E-17, 0.06250000000000001388 ) ) ;
#593 = CARTESIAN_POINT ( 'NONE',  ( 0.09252404735808347769, 7.076994628935871938E-18, 0.2687500000000000444 ) ) ;
#594 = CARTESIAN_POINT ( 'NONE',  ( 0.06542438130972608179, -0.06542438130972595689, 0.6562500000000000000 ) ) ;
#595 = CARTESIAN_POINT ( 'NONE',  ( -0.08838834764831839108, -0.08838834764831829394, 0.4750000000000000333 ) ) ;
#596 = CARTESIAN_POINT ( 'NONE',  ( 0.09252404735808347769, 5.138080077581913637E-17, 0.4187500000000000111 ) ) ;
#597 = FACE_OUTER_BOUND ( 'NONE', #4890, .T. ) ;
#598 = CARTESIAN_POINT ( 'NONE',  ( -0.09374999999999998612, -0.05412658773652782862, 1.000000000000000000 ) ) ;
#599 = CARTESIAN_POINT ( 'NONE',  ( -0.03832471526136870671, 0.09252404735808351932, 0.3781250000000001554 ) ) ;
#600 = CARTESIAN_POINT ( 'NONE',  ( 0.06542438130972610955, 0.06542438130972608179, 0.2187500000000000278 ) ) ;
#601 = CARTESIAN_POINT ( 'NONE',  ( 0.1249999999999999167, -2.288663608512017221E-17, 0.1875000000000000278 ) ) ;
#602 = CONICAL_SURFACE ( 'NONE', #454, 0.1082531754730549772, 1.047197551196600074 ) ;
#603 = CARTESIAN_POINT ( 'NONE',  ( 0.000000000000000000, 7.549139889267777477E-20, 0.000000000000000000 ) ) ;
#604 = CARTESIAN_POINT ( 'NONE',  ( 0.06542438130972609567, -0.06542438130972601240, 0.5125000000000000666 ) ) ;
#605 = CARTESIAN_POINT ( 'NONE',  ( -0.1687499999999998446, 2.074140613450424158E-17, 1.000000000000000000 ) ) ;
#606 = CONICAL_SURFACE ( 'NONE', #2772, 0.1082531754730549634, 1.047197551196600074 ) ;
#607 = CARTESIAN_POINT ( 'NONE',  ( 0.1687499999999998446, 0.02208932314516101961, 1.000000000000000000 ) ) ;
#608 = CARTESIAN_POINT ( 'NONE',  ( 0.000000000000000000, 0.09252404735808358871, 0.5812499999999999334 ) ) ;
#609 = AXIS2_PLACEMENT_3D ( 'NONE', #75, #1935, #2763 ) ;
#610 = CARTESIAN_POINT ( 'NONE',  ( -0.08838834764831837720, 0.08838834764831839108, 0.1624999999999999778 ) ) ;
#611 = EDGE_LOOP ( 'NONE', ( #1474, #4243, #4876, #4094 ) ) ;
#612 = CARTESIAN_POINT ( 'NONE',  ( 0.08838834764831837720, -0.08838834764831828006, 0.6374999999999999556 ) ) ;
#613 = CARTESIAN_POINT ( 'NONE',  ( 0.06542438130972610955, 0.06542438130972619281, 0.6187500000000000222 ) ) ;
#614 = CARTESIAN_POINT ( 'NONE',  ( -0.05177669529663685849, 0.1249999999999999861, 0.4531250000000000000 ) ) ;
#615 = CARTESIAN_POINT ( 'NONE',  ( 0.06542438130972610955, 0.06542438130972604016, 0.02499999999999998057 ) ) ;
#616 = CARTESIAN_POINT ( 'NONE',  ( 0.08838834764831839108, 0.08838834764831851598, 0.6937500000000000888 ) ) ;
#617 = CARTESIAN_POINT ( 'NONE',  ( 0.06542438130972609567, -0.06542438130972608179, 0.2625000000000000666 ) ) ;
#618 = CARTESIAN_POINT ( 'NONE',  ( 0.01530756312513077873, -0.09941534978212365758, 0.8777099789582294420 ) ) ;
#619 = CARTESIAN_POINT ( 'NONE',  ( -0.04907772850199077636, 0.1826198767988303773, 0.7500000000000001110 ) ) ;
#620 = EDGE_CURVE ( 'NONE', #2478, #1217, #2600, .T. ) ;
#621 = CARTESIAN_POINT ( 'NONE',  ( -0.1249999999999999167, 0.05177669529663696951, 0.5093750000000000222 ) ) ;
#622 = VERTEX_POINT ( 'NONE', #3724 ) ;
#623 = LINE ( 'NONE', #3672, #4661 ) ;
#624 = CARTESIAN_POINT ( 'NONE',  ( -0.08838834764831839108, -0.08838834764831828006, 0.5250000000000000222 ) ) ;
#625 = CARTESIAN_POINT ( 'NONE',  ( -0.03832471526136872059, 0.09252404735808358871, 0.5343750000000001554 ) ) ;
#626 = LINE ( 'NONE', #4405, #4659 ) ;
#627 = CARTESIAN_POINT ( 'NONE',  ( -0.1424406561679308625, 0.1094661346297764876, 0.7500000000000001110 ) ) ;
#628 = CARTESIAN_POINT ( 'NONE',  ( 0.03832471526136869283, -0.09252404735808343605, 0.3531250000000000222 ) ) ;
#629 = CARTESIAN_POINT ( 'NONE',  ( -0.03832471526136872059, -0.09252404735808344993, 0.2468750000000000944 ) ) ;
#630 = CARTESIAN_POINT ( 'NONE',  ( -0.1249999999999999029, 7.549139889267777477E-20, 0.000000000000000000 ) ) ;
#631 = CARTESIAN_POINT ( 'NONE',  ( -0.08608668341437197835, 0.05855100563012530929, 0.8802580611380931286 ) ) ;
#632 = CARTESIAN_POINT ( 'NONE',  ( -0.09252404735808350544, -0.03832471526136860263, 0.5468750000000001110 ) ) ;
#633 = CARTESIAN_POINT ( 'NONE',  ( -0.1687499999999998446, -0.02208932314516313250, 1.000000000000000000 ) ) ;
#634 = CARTESIAN_POINT ( 'NONE',  ( 0.1874999999999998612, 0.02454369238351224169, 1.000000000000000000 ) ) ;
#635 = CARTESIAN_POINT ( 'NONE',  ( -0.08838834764831839108, -0.08838834764831823843, 0.6187500000000000222 ) ) ;
#636 = CARTESIAN_POINT ( 'NONE',  ( 0.1249999999999999167, 0.05177669529663693482, 0.3468749999999999889 ) ) ;
#637 = CARTESIAN_POINT ( 'NONE',  ( 0.08838834764831837720, -0.08838834764831825230, 0.6875000000000000000 ) ) ;
#638 = CARTESIAN_POINT ( 'NONE',  ( -0.09252404735808346381, 1.386523737616042537E-16, 0.6375000000000000666 ) ) ;
#639 = ORIENTED_EDGE ( 'NONE', *, *, #2303, .F. ) ;
#640 = CARTESIAN_POINT ( 'NONE',  ( 0.03832471526136877610, 0.09252404735808340830, 0.02812499999999996947 ) ) ;
#641 = CARTESIAN_POINT ( 'NONE',  ( -1.530808498934190276E-17, -0.1249999999999997918, 0.5750000000000000666 ) ) ;
#642 = CARTESIAN_POINT ( 'NONE',  ( -1.133092784412350615E-17, -0.09252404735808347769, 0.2062500000000000444 ) ) ;
#643 = LINE ( 'NONE', #4448, #759 ) ;
#644 = CARTESIAN_POINT ( 'NONE',  ( 0.09442855863492050084, -0.1638349478928923797, 0.7500000000000001110 ) ) ;
#645 = DIRECTION ( 'NONE',  ( 1.000000000000000000, 0.000000000000000000, 0.000000000000000000 ) ) ;
#646 =( BOUNDED_CURVE ( )  B_SPLINE_CURVE ( 2, ( #2056, #4777, #4704, #4021, #3922, #4401, #4327, #621, #1299 ),
 .UNSPECIFIED., .F., .T. ) 
 B_SPLINE_CURVE_WITH_KNOTS ( ( 3, 2, 2, 2, 3 ),
 ( 0.6093750000000000000, 0.6171875000000000000, 0.6250000000000000000, 0.6328125000000000000, 0.6406250000000000000 ),
 .UNSPECIFIED. ) 
 CURVE ( )  GEOMETRIC_REPRESENTATION_ITEM ( )  RATIONAL_B_SPLINE_CURVE ( ( 1.000000000000000000, 0.9238795325112867385, 1.000000000000000000, 0.9238795325112867385, 1.000000000000000000, 0.9238795325112867385, 1.000000000000000000, 0.9238795325112867385, 1.000000000000000000 ) ) 
 REPRESENTATION_ITEM ( '' )  );
#647 = ORIENTED_EDGE ( 'NONE', *, *, #1566, .T. ) ;
#648 = CARTESIAN_POINT ( 'NONE',  ( 0.1249999999999999306, 8.233490351372762031E-17, 0.5437500000000000666 ) ) ;
#649 = EDGE_CURVE ( 'NONE', #2196, #1977, #3698, .T. ) ;
#650 = CARTESIAN_POINT ( 'NONE',  ( -0.1249999999999999306, -2.734431263938562161E-17, 0.06875000000000000555 ) ) ;
#651 = CARTESIAN_POINT ( 'NONE',  ( 0.06542438130972608179, -0.06542438130972601240, 0.5062499999999999778 ) ) ;
#652 = CARTESIAN_POINT ( 'NONE',  ( 0.000000000000000000, 0.09252404735808360259, 0.6312499999999999778 ) ) ;
#653 = CARTESIAN_POINT ( 'NONE',  ( -0.03832471526136872059, -0.09252404735808343605, 0.2968750000000000000 ) ) ;
#654 = VERTEX_POINT ( 'NONE', #4100 ) ;
#655 = CARTESIAN_POINT ( 'NONE',  ( -0.09252404735808346381, 2.050889070324886856E-17, 0.2375000000000000167 ) ) ;
#656 = CARTESIAN_POINT ( 'NONE',  ( -0.1249999999999999167, -1.442236917987799813E-17, 0.1125000000000000167 ) ) ;
#657 = CARTESIAN_POINT ( 'NONE',  ( -0.09252404735808350544, 0.03832471526136888712, 0.7406250000000001998 ) ) ;
#658 = CARTESIAN_POINT ( 'NONE',  ( -0.1638349479016318055, 0.09442855861383961380, 1.000000000000000000 ) ) ;
#659 = CARTESIAN_POINT ( 'NONE',  ( -0.08838834764831839108, -0.08838834764831833557, 0.2750000000000000777 ) ) ;
#660 = CARTESIAN_POINT ( 'NONE',  ( 0.08838834764831837720, -0.08838834764831821067, 0.7812500000000000000 ) ) ;
#661 = CARTESIAN_POINT ( 'NONE',  ( 0.03832471526136869977, -0.09252404735808346381, 0.3093750000000000111 ) ) ;
#662 = CARTESIAN_POINT ( 'NONE',  ( -0.05177669529663686543, 0.1250000000000000833, 0.7093749999999999778 ) ) ;
#663 = CARTESIAN_POINT ( 'NONE',  ( 0.09252404735808344993, 0.03832471526136887324, 0.6656250000000001332 ) ) ;
#664 = CARTESIAN_POINT ( 'NONE',  ( 0.000000000000000000, 0.1250000000000000555, 0.6500000000000000222 ) ) ;
#665 = CARTESIAN_POINT ( 'NONE',  ( 0.000000000000000000, 0.09252404735808344993, 0.08124999999999997502 ) ) ;
#666 = CARTESIAN_POINT ( 'NONE',  ( -0.09765872235887482211, 0.05239888187420717325, 0.02311612232058455826 ) ) ;
#667 = CARTESIAN_POINT ( 'NONE',  ( 0.1424406561679374128, 0.1094661346297699511, 0.7500000000000001110 ) ) ;
#668 = ADVANCED_FACE ( 'NONE', ( #693 ), #2921, .T. ) ;
#669 = ORIENTED_EDGE ( 'NONE', *, *, #3710, .F. ) ;
#670 = CARTESIAN_POINT ( 'NONE',  ( -0.1249999999999999584, -0.05177669529663675441, 0.4718750000000000444 ) ) ;
#671 = CARTESIAN_POINT ( 'NONE',  ( -0.06542438130972610955, -0.06542438130972601240, 0.4500000000000000666 ) ) ;
#672 = CARTESIAN_POINT ( 'NONE',  ( -0.1874999999999998335, 0.02454369240633881913, 0.7500000000000001110 ) ) ;
#673 =( BOUNDED_SURFACE ( )  B_SPLINE_SURFACE ( 2, 3, ( 
 ( #4362, #1664, #961, #2498, #4666, #3177, #4693, #1994, #2819, #4313, #3932, #3495, #532, #106, #1614, #4642, #1234, #607, #3657, #4441, #1039, #268, #3258, #4766, #2915, #2620, #1015, #4009, #4488, #1384, #4413, #2550, #2161, #2571 ),
 ( #2987, #3686, #4386, #4036, #4787, #1765, #4064, #1089, #3716, #247, #2891, #2136, #4867, #3280, #4119, #3634, #1459, #634, #710, #1787, #4090, #2238, #3300, #684, #340, #316, #4810, #1407, #4838, #2938, #658, #3322, #2182, #985 ),
 ( #290, #1814, #2214, #1433, #2960, #3740, #4461, #1062, #2591, #2523, #1357, #1840, #3348, #388, #1556, #2320, #1916, #1891, #3463, #4587, #4215, #1511, #3765, #27, #755, #410, #3369, #361, #435, #802, #3395, #1587, #3079, #2344 ) ),
 .UNSPECIFIED., .F., .T., .F. ) 
 B_SPLINE_SURFACE_WITH_KNOTS ( ( 3, 3 ),
 ( 4, 2, 2, 2, 2, 2, 2, 2, 2, 2, 2, 2, 2, 2, 2, 2, 4 ),
 ( 0.000000000000000000, 1.000000000000000000 ),
 ( -3.141592653589793116, -2.748893571891068976, -2.356194490192344837, -1.963495408493620697, -1.570796326794896558, -1.178097245096172418, -0.7853981633974482790, -0.3926990816987241395, 0.000000000000000000, 0.3926990816987241395, 0.7853981633974482790, 1.178097245096172418, 1.570796326794896558, 1.963495408493620697, 2.356194490192344837, 2.748893571891068976, 3.141592653589793116 ),
 .UNSPECIFIED. ) 
 GEOMETRIC_REPRESENTATION_ITEM ( )  RATIONAL_B_SPLINE_SURFACE ( (
 ( 1.000000000000000000, 1.000000000000000000, 1.000000000000000000, 1.000000000000000000, 1.000000000000000000, 1.000000000000000000, 1.000000000000000000, 1.000000000000000000, 1.000000000000000000, 1.000000000000000000, 1.000000000000000000, 1.000000000000000000, 1.000000000000000000, 1.000000000000000000, 1.000000000000000000, 1.000000000000000000, 1.000000000000000000, 1.000000000000000000, 1.000000000000000000, 1.000000000000000000, 1.000000000000000000, 1.000000000000000000, 1.000000000000000000, 1.000000000000000000, 1.000000000000000000, 1.000000000000000000, 1.000000000000000000, 1.000000000000000000, 1.000000000000000000, 1.000000000000000000, 1.000000000000000000, 1.000000000000000000, 1.000000000000000000, 1.000000000000000000),
 ( 0.3333333333333333148, 0.3333333333333333148, 0.3333333333333333148, 0.3333333333333333148, 0.3333333333333333148, 0.3333333333333333148, 0.3333333333333333148, 0.3333333333333333148, 0.3333333333333333148, 0.3333333333333333148, 0.3333333333333333148, 0.3333333333333333148, 0.3333333333333333148, 0.3333333333333333148, 0.3333333333333333148, 0.3333333333333333148, 0.3333333333333333148, 0.3333333333333333148, 0.3333333333333333148, 0.3333333333333333148, 0.3333333333333333148, 0.3333333333333333148, 0.3333333333333333148, 0.3333333333333333148, 0.3333333333333333148, 0.3333333333333333148, 0.3333333333333333148, 0.3333333333333333148, 0.3333333333333333148, 0.3333333333333333148, 0.3333333333333333148, 0.3333333333333333148, 0.3333333333333333148, 0.3333333333333333148),
 ( 1.000000000000000000, 1.000000000000000000, 1.000000000000000000, 1.000000000000000000, 1.000000000000000000, 1.000000000000000000, 1.000000000000000000, 1.000000000000000000, 1.000000000000000000, 1.000000000000000000, 1.000000000000000000, 1.000000000000000000, 1.000000000000000000, 1.000000000000000000, 1.000000000000000000, 1.000000000000000000, 1.000000000000000000, 1.000000000000000000, 1.000000000000000000, 1.000000000000000000, 1.000000000000000000, 1.000000000000000000, 1.000000000000000000, 1.000000000000000000, 1.000000000000000000, 1.000000000000000000, 1.000000000000000000, 1.000000000000000000, 1.000000000000000000, 1.000000000000000000, 1.000000000000000000, 1.000000000000000000, 1.000000000000000000, 1.000000000000000000) ) ) 
 REPRESENTATION_ITEM ( '' )  SURFACE ( )  );
#674 = CARTESIAN_POINT ( 'NONE',  ( -0.03832471526136872059, -0.09252404735808336667, 0.4968750000000001221 ) ) ;
#675 = CARTESIAN_POINT ( 'NONE',  ( 0.08838834764831837720, -0.08838834764831836333, 0.3875000000000000111 ) ) ;
#676 = CARTESIAN_POINT ( 'NONE',  ( 0.000000000000000000, 7.549139889267777477E-20, 0.000000000000000000 ) ) ;
#677 = CARTESIAN_POINT ( 'NONE',  ( 0.06542438130972610955, 0.06542438130972609567, 0.2687500000000000444 ) ) ;
#678 = EDGE_CURVE ( 'NONE', #3817, #4607, #2295, .T. ) ;
#679 = CARTESIAN_POINT ( 'NONE',  ( 0.06542438130972610955, 0.06542438130972605403, 0.1187499999999999944 ) ) ;
#680 = CARTESIAN_POINT ( 'NONE',  ( 0.06264903314040581872, -0.08738576415231491534, 0.01974002241409260339 ) ) ;
#681 = CARTESIAN_POINT ( 'NONE',  ( 0.03832471526136877610, 0.09252404735808361647, 0.7281250000000001332 ) ) ;
#682 = CARTESIAN_POINT ( 'NONE',  ( 0.1249999999999999306, 8.233490351372762031E-17, 0.5437500000000000666 ) ) ;
#683 = CARTESIAN_POINT ( 'NONE',  ( -0.09252404735808350544, 0.03832471526136878304, 0.3906250000000000000 ) ) ;
#684 = CARTESIAN_POINT ( 'NONE',  ( 0.04907772852306905437, 0.1826198767900997499, 1.000000000000000000 ) ) ;
#685 = AXIS2_PLACEMENT_3D ( 'NONE', #1467, #742, #2194 ) ;
#686 = LINE ( 'NONE', #1063, #4825 ) ;
#687 = CIRCLE ( 'NONE', #3010, 0.1082531754730549772 ) ;
#688 = ORIENTED_EDGE ( 'NONE', *, *, #4746, .T. ) ;
#689 = CARTESIAN_POINT ( 'NONE',  ( 0.08838834764831840496, 0.08838834764831854374, 0.7500000000000001110 ) ) ;
#690 = CARTESIAN_POINT ( 'NONE',  ( 0.03832471526136869283, -0.09252404735808333891, 0.6531250000000000666 ) ) ;
#691 = CIRCLE ( 'NONE', #2213, 0.01875000000000000625 ) ;
#692 = CARTESIAN_POINT ( 'NONE',  ( 0.09252404735808347769, -0.03832471526136874140, 0.2656250000000000000 ) ) ;
#693 = FACE_OUTER_BOUND ( 'NONE', #1265, .T. ) ;
#694 = CARTESIAN_POINT ( 'NONE',  ( 0.06542438130972610955, 0.06542438130972613730, 0.3750000000000000555 ) ) ;
#695 = CARTESIAN_POINT ( 'NONE',  ( -0.1874999999999998335, 7.549139889267777477E-20, 0.7500000000000001110 ) ) ;
#696 = CARTESIAN_POINT ( 'NONE',  ( -0.1349216999256749872, -0.1037228611112892274, 1.000000000000000222 ) ) ;
#697 = EDGE_CURVE ( 'NONE', #701, #2672, #643, .T. ) ;
#698 = DIRECTION ( 'NONE',  ( -0.000000000000000000, -0.000000000000000000, -1.000000000000000000 ) ) ;
#699 = CARTESIAN_POINT ( 'NONE',  ( -0.1424406561679318617, -0.1094661346297754745, 0.7500000000000001110 ) ) ;
#700 = CARTESIAN_POINT ( 'NONE',  ( -0.06542438130972608179, 0.06542438130972619281, 0.5312500000000000000 ) ) ;
#701 = VERTEX_POINT ( 'NONE', #3307 ) ;
#702 = DIRECTION ( 'NONE',  ( -1.000000000000000000, 0.000000000000000000, 0.000000000000000000 ) ) ;
#703 = CARTESIAN_POINT ( 'NONE',  ( 0.03832471526136869283, -0.09252404735808343605, 0.4031250000000000111 ) ) ;
#704 = CARTESIAN_POINT ( 'NONE',  ( 0.05177669529663694176, 0.1250000000000000278, 0.6531250000000000666 ) ) ;
#705 = CARTESIAN_POINT ( 'NONE',  ( -0.03832471526136872059, -0.09252404735808343605, 0.3468750000000000444 ) ) ;
#706 = CARTESIAN_POINT ( 'NONE',  ( -0.1249999999999999167, 2.988143696700528326E-17, 0.2625000000000000111 ) ) ;
#707 =( BOUNDED_CURVE ( )  B_SPLINE_CURVE ( 2, ( #4691, #2910, #4311, #2472, #3224, #4736, #3961, #2043, #1662 ),
 .UNSPECIFIED., .F., .F. ) 
 B_SPLINE_CURVE_WITH_KNOTS ( ( 3, 2, 2, 2, 3 ),
 ( 0.4531250000000000000, 0.4609375000000000000, 0.4687500000000000000, 0.4765625000000000000, 0.4843750000000000000 ),
 .UNSPECIFIED. ) 
 CURVE ( )  GEOMETRIC_REPRESENTATION_ITEM ( )  RATIONAL_B_SPLINE_CURVE ( ( 1.000000000000000000, 0.9238795325112867385, 1.000000000000000000, 0.9238795325112867385, 1.000000000000000000, 0.9238795325112867385, 1.000000000000000000, 0.9238795325112867385, 1.000000000000000000 ) ) 
 REPRESENTATION_ITEM ( '' )  );
#708 = FACE_OUTER_BOUND ( 'NONE', #3131, .T. ) ;
#709 = CARTESIAN_POINT ( 'NONE',  ( -0.09252404735808347769, -0.03832471526136875528, 0.04062500000000000833 ) ) ;
#710 = CARTESIAN_POINT ( 'NONE',  ( 0.1826198767901070774, 0.04907772852306972050, 1.000000000000000000 ) ) ;
#711 = CARTESIAN_POINT ( 'NONE',  ( 0.000000000000000000, 7.549139889267777477E-20, 0.000000000000000000 ) ) ;
#712 = CARTESIAN_POINT ( 'NONE',  ( 0.1250000000000004718, -0.05177669529663623399, 0.6406250000000001110 ) ) ;
#713 = EDGE_LOOP ( 'NONE', ( #1458, #839, #4063, #4618 ) ) ;
#714 = CARTESIAN_POINT ( 'NONE',  ( -0.05177669529663686543, -0.1249999999999999861, 0.02187500000000003678 ) ) ;
#715 = CARTESIAN_POINT ( 'NONE',  ( 0.09252404735808346381, 7.907067961762119417E-17, 0.5125000000000000666 ) ) ;
#716 = ORIENTED_EDGE ( 'NONE', *, *, #2432, .T. ) ;
#717 = CARTESIAN_POINT ( 'NONE',  ( 0.06542438130972609567, -0.06542438130972606791, 0.3625000000000000999 ) ) ;
#718 = CARTESIAN_POINT ( 'NONE',  ( 0.04044783743671466480, 0.09514683766782597307, 0.01566019025090023900 ) ) ;
#719 = CARTESIAN_POINT ( 'NONE',  ( 0.1874999999999998335, -0.02454369240633526295, 0.7500000000000001110 ) ) ;
#720 = LENGTH_MEASURE_WITH_UNIT ( LENGTH_MEASURE( 0.02539999999999999897 ), #2946 );
#721 = CARTESIAN_POINT ( 'NONE',  ( -0.1249999999999999306, 1.203350411835585891E-16, 0.5687500000000000888 ) ) ;
#722 = CARTESIAN_POINT ( 'NONE',  ( 0.06542438130972609567, -0.06542438130972599852, 0.5625000000000001110 ) ) ;
#723 = CARTESIAN_POINT ( 'NONE',  ( 0.1249999999999999029, 1.538357638823458008E-17, 0.000000000000000000 ) ) ;
#724 = CARTESIAN_POINT ( 'NONE',  ( -0.02454369240633530111, 0.1874999999999998335, 0.7500000000000001110 ) ) ;
#725 = CARTESIAN_POINT ( 'NONE',  ( -0.09252404735808347769, -0.03832471526136858875, 0.5906250000000001776 ) ) ;
#726 = CARTESIAN_POINT ( 'NONE',  ( -0.05177669529663687931, -0.1249999999999998751, 0.3781250000000000999 ) ) ;
#727 = CARTESIAN_POINT ( 'NONE',  ( 0.09252404735808347769, 1.252204776872912864E-16, 0.6687500000000000666 ) ) ;
#728 = CARTESIAN_POINT ( 'NONE',  ( 0.03832471526136869977, -0.09252404735808344993, 0.4093750000000000444 ) ) ;
#729 = CARTESIAN_POINT ( 'NONE',  ( 0.03832471526136876916, 0.09252404735808351932, 0.4218750000000000555 ) ) ;
#730 = ORIENTED_EDGE ( 'NONE', *, *, #2716, .T. ) ;
#731 = CARTESIAN_POINT ( 'NONE',  ( -0.09252404735808347769, 0.03832471526136876222, 0.3343750000000000333 ) ) ;
#732 = CARTESIAN_POINT ( 'NONE',  ( 0.09252404735808347769, -5.199474690024182682E-17, 0.06875000000000000555 ) ) ;
#733 = CARTESIAN_POINT ( 'NONE',  ( 0.04008775369403657501, -0.09514836590780235970, 0.01545678743846537126 ) ) ;
#734 = CARTESIAN_POINT ( 'NONE',  ( -0.06542438130972608179, -0.06542438130972612342, 0.04375000000000001804 ) ) ;
#735 = ORIENTED_EDGE ( 'NONE', *, *, #4721, .T. ) ;
#736 = CARTESIAN_POINT ( 'NONE',  ( -0.08838834764831839108, -0.08838834764831832169, 0.3687500000000000777 ) ) ;
#737 = CARTESIAN_POINT ( 'NONE',  ( 0.1249999999999999306, -6.534445030921663043E-17, 0.04375000000000000416 ) ) ;
#738 = VERTEX_POINT ( 'NONE', #1391 ) ;
#739 = CARTESIAN_POINT ( 'NONE',  ( 0.1249999999999998751, -0.05177669529663694870, 0.08437500000000004718 ) ) ;
#740 = CARTESIAN_POINT ( 'NONE',  ( -0.09252404735808346381, 1.681882445261931039E-16, 0.7375000000000001554 ) ) ;
#741 = ORIENTED_EDGE ( 'NONE', *, *, #4667, .F. ) ;
#742 = DIRECTION ( 'NONE',  ( -0.000000000000000000, -0.000000000000000000, -1.000000000000000000 ) ) ;
#743 = CARTESIAN_POINT ( 'NONE',  ( -0.1249999999999999167, 0.05177669529663690706, 0.3593750000000000555 ) ) ;
#744 = EDGE_LOOP ( 'NONE', ( #2327, #1622, #1998, #1725 ) ) ;
#745 = CARTESIAN_POINT ( 'NONE',  ( 0.03832471526136877610, 0.09252404735808360259, 0.6781249999999999778 ) ) ;
#746 = DIRECTION ( 'NONE',  ( -1.000000000000000000, 0.000000000000000000, 0.000000000000000000 ) ) ;
#747 = CARTESIAN_POINT ( 'NONE',  ( 0.1152275101365988486, 0.1499375328083563108, 0.7593750000000000222 ) ) ;
#748 = CARTESIAN_POINT ( 'NONE',  ( -0.06542438130972608179, 0.06542438130972620669, 0.5812500000000000444 ) ) ;
#749 = CARTESIAN_POINT ( 'NONE',  ( -0.08838834764831839108, -0.08838834764831832169, 0.3750000000000000555 ) ) ;
#750 = CARTESIAN_POINT ( 'NONE',  ( -0.09252404735808346381, 5.004476146783770330E-17, 0.3375000000000000222 ) ) ;
#751 = ORIENTED_EDGE ( 'NONE', *, *, #2280, .F. ) ;
#752 = CARTESIAN_POINT ( 'NONE',  ( -0.03832471526136872059, -0.09252404735808342218, 0.3968750000000001443 ) ) ;
#753 = CARTESIAN_POINT ( 'NONE',  ( -0.05177669529663687931, -0.1249999999999998751, 0.2718750000000000333 ) ) ;
#754 = CARTESIAN_POINT ( 'NONE',  ( -0.06542438130972609567, 0.06542438130972626220, 0.7374999999999999334 ) ) ;
#755 = CARTESIAN_POINT ( 'NONE',  ( 0.02454369238351463214, 0.1874999999999998335, 0.9812499999999999556 ) ) ;
#756 = CARTESIAN_POINT ( 'NONE',  ( 0.006030206126402798579, 0.1109294697018789466, 0.7140114880782710838 ) ) ;
#757 = LINE ( 'NONE', #341, #4512 ) ;
#759 = VECTOR ( 'NONE', #2578, 39.37007874015748143 ) ;
#758 = CARTESIAN_POINT ( 'NONE',  ( 0.1249999999999998890, 0.05177669529663686543, 0.09062499999999999722 ) ) ;
#760 = CARTESIAN_POINT ( 'NONE',  ( -0.05177669529663686543, 0.1249999999999998612, -0.04062500000000002914 ) ) ;
#761 = CARTESIAN_POINT ( 'NONE',  ( -1.133092784412350615E-17, -0.09252404735808353320, 0.05625000000000002220 ) ) ;
#762 = AXIS2_PLACEMENT_3D ( 'NONE', #603, #2133, #3195 ) ;
#763 = DIRECTION ( 'NONE',  ( -0.000000000000000000, -0.000000000000000000, -1.000000000000000000 ) ) ;
#764 = CARTESIAN_POINT ( 'NONE',  ( -0.1249999999999999306, -1.257637725709120270E-17, 0.1187499999999999944 ) ) ;
#765 = ORIENTED_EDGE ( 'NONE', *, *, #3324, .F. ) ;
#766 = CARTESIAN_POINT ( 'NONE',  ( -0.06542438130972609567, 0.06542438130972624832, 0.6875000000000000000 ) ) ;
#767 = CARTESIAN_POINT ( 'NONE',  ( -0.1874999999999998335, -0.02454369240633884341, 0.7593750000000000222 ) ) ;
#768 = VECTOR ( 'NONE', #1918, 39.37007874015748143 ) ;
#769 = CARTESIAN_POINT ( 'NONE',  ( -1.133092784412350307E-17, -0.09252404735808331115, 0.7000000000000000666 ) ) ;
#770 = CARTESIAN_POINT ( 'NONE',  ( -0.08838834764831837720, 0.08838834764831836333, 0.05624999999999998057 ) ) ;
#771 = LINE ( 'NONE', #4083, #1326 ) ;
#772 = CARTESIAN_POINT ( 'NONE',  ( -0.09252404735808346381, 0.03832471526136882467, 0.5343750000000000444 ) ) ;
#773 = CARTESIAN_POINT ( 'NONE',  ( -1.133092784412350307E-17, -0.09252404735808343605, 0.3500000000000000333 ) ) ;
#774 = CARTESIAN_POINT ( 'NONE',  ( -0.03832471526136872753, -0.09252404735808338054, 0.5031250000000000444 ) ) ;
#775 = CARTESIAN_POINT ( 'NONE',  ( 0.06542438130972610955, 0.06542438130972606791, 0.1250000000000000000 ) ) ;
#776 = CARTESIAN_POINT ( 'NONE',  ( -0.1781249999999998668, 3.774569944633888739E-20, 0.7500000000000001110 ) ) ;
#777 = CARTESIAN_POINT ( 'NONE',  ( -0.09252404735808347769, -0.03832471526136873446, 0.09062499999999999722 ) ) ;
#778 = VERTEX_POINT ( 'NONE', #301 ) ;
#779 = CARTESIAN_POINT ( 'NONE',  ( -0.1643496145602200698, 0.04419728187507333123, 1.000000000000000222 ) ) ;
#780 = CARTESIAN_POINT ( 'NONE',  ( 0.05177669529663694176, 0.1250000000000000000, 0.5031249999999999334 ) ) ;
#781 = DIRECTION ( 'NONE',  ( -0.000000000000000000, -0.000000000000000000, -1.000000000000000000 ) ) ;
#782 = EDGE_CURVE ( 'NONE', #297, #1278, #3330, .T. ) ;
#783 = CARTESIAN_POINT ( 'NONE',  ( -0.08838834764831839108, -0.08838834764831840496, 0.06875000000000003331 ) ) ;
#784 = CARTESIAN_POINT ( 'NONE',  ( -0.08838834764831837720, 0.08838834764831833557, 0.01249999999999997814 ) ) ;
#785 = VERTEX_POINT ( 'NONE', #2222 ) ;
#786 = CARTESIAN_POINT ( 'NONE',  ( -0.03832471526136872753, -0.09252404735808346381, 0.2531250000000000444 ) ) ;
#787 = CARTESIAN_POINT ( 'NONE',  ( -0.05177669529663685849, 0.1250000000000000000, 0.3531249999999999112 ) ) ;
#788 = CARTESIAN_POINT ( 'NONE',  ( -0.08838834764831839108, -0.08838834764831836333, 0.2187500000000000555 ) ) ;
#789 = CARTESIAN_POINT ( 'NONE',  ( 0.03832471526136869977, -0.09252404735808336667, 0.6093750000000001110 ) ) ;
#790 = CARTESIAN_POINT ( 'NONE',  ( 0.09442855863492198576, -0.1638349478928959602, 0.7593750000000000222 ) ) ;
#791 = CARTESIAN_POINT ( 'NONE',  ( -0.1638349479016318055, 0.09442855861383961380, 1.000000000000000000 ) ) ;
#792 = CARTESIAN_POINT ( 'NONE',  ( 0.06542438130972610955, 0.06542438130972623445, 0.7687500000000000444 ) ) ;
#793 = CARTESIAN_POINT ( 'NONE',  ( -0.03832471526136872059, -0.09252404735808338054, 0.4968750000000001221 ) ) ;
#794 = ORIENTED_EDGE ( 'NONE', *, *, #1510, .F. ) ;
#795 = CARTESIAN_POINT ( 'NONE',  ( -0.06542438130972608179, -0.06542438130972601240, 0.3937499999999999889 ) ) ;
#796 = EDGE_CURVE ( 'NONE', #3986, #2561, #883, .T. ) ;
#797 = CARTESIAN_POINT ( 'NONE',  ( -0.03832471526136872059, 0.09252404735808356095, 0.4843750000000000000 ) ) ;
#798 = CARTESIAN_POINT ( 'NONE',  ( -0.09252404735808350544, -0.03832471526136872753, 0.1468750000000000611 ) ) ;
#799 = CARTESIAN_POINT ( 'NONE',  ( 0.000000000000000000, -5.530426628471140438E-17, 0.7500000000000001110 ) ) ;
#800 = CARTESIAN_POINT ( 'NONE',  ( -0.06542438130972608179, 0.06542438130972606791, 0.08124999999999998890 ) ) ;
#801 = ORIENTED_EDGE ( 'NONE', *, *, #3826, .T. ) ;
#802 = CARTESIAN_POINT ( 'NONE',  ( -0.1499375327922185253, 0.1152275101527365925, 0.9812499999999999556 ) ) ;
#803 = CARTESIAN_POINT ( 'NONE',  ( -0.05779193317450816159, 0.09953451937054937082, 0.7163150970878865431 ) ) ;
#804 = CARTESIAN_POINT ( 'NONE',  ( -0.06542438130972610955, -0.06542438130972606791, 0.3000000000000000999 ) ) ;
#805 = CARTESIAN_POINT ( 'NONE',  ( -0.1152275099952964621, 0.1499375329496586695, 0.9812499999999999556 ) ) ;
#806 =( NAMED_UNIT ( * ) SI_UNIT ( $, .STERADIAN. ) SOLID_ANGLE_UNIT ( ) );
#807 = CARTESIAN_POINT ( 'NONE',  ( 0.08838834764831839108, 0.08838834764831833557, 0.09374999999999997224 ) ) ;
#808 = CARTESIAN_POINT ( 'NONE',  ( -0.1249999999999999306, -5.688018340397447484E-17, -0.03125000000000000000 ) ) ;
#809 = ORIENTED_EDGE ( 'NONE', *, *, #3349, .F. ) ;
#810 = CARTESIAN_POINT ( 'NONE',  ( 0.09252404735808346381, -0.03832471526136878998, 0.1156250000000000333 ) ) ;
#811 = LINE ( 'NONE', #866, #3696 ) ;
#812 = CARTESIAN_POINT ( 'NONE',  ( 0.04907772850198448972, 0.1826198767988372051, 0.7593750000000000222 ) ) ;
#813 = CARTESIAN_POINT ( 'NONE',  ( -0.1249999999999999167, 4.464937234929969601E-17, 0.3125000000000000000 ) ) ;
#814 = CARTESIAN_POINT ( 'NONE',  ( 0.09252404735808347769, -0.03832471526136874140, 0.2656250000000000000 ) ) ;
#815 = CARTESIAN_POINT ( 'NONE',  ( 0.06542438130972610955, 0.06542438130972623445, 0.7250000000000000888 ) ) ;
#816 = CARTESIAN_POINT ( 'NONE',  ( -0.05177669529663685849, 0.1249999999999999445, 0.2531249999999999889 ) ) ;
#817 = CARTESIAN_POINT ( 'NONE',  ( -0.1638349478928962932, 0.09442855863492119473, 0.7593750000000000222 ) ) ;
#818 = CARTESIAN_POINT ( 'NONE',  ( -0.02454369238351460786, 0.1874999999999998612, 1.000000000000000000 ) ) ;
#819 = CARTESIAN_POINT ( 'NONE',  ( 0.05177669529663693482, 0.1249999999999999584, 0.3968749999999999778 ) ) ;
#820 = PLANE ( 'NONE',  #843 ) ;
#821 = CARTESIAN_POINT ( 'NONE',  ( 0.05177669529663693482, 0.1249999999999998473, 0.04687499999999997224 ) ) ;
#822 = CARTESIAN_POINT ( 'NONE',  ( -0.03832471526136872059, -0.09252404735808336667, 0.5468750000000000000 ) ) ;
#823 = VERTEX_POINT ( 'NONE', #2723 ) ;
#824 = CARTESIAN_POINT ( 'NONE',  ( -0.03832471526136872753, -0.09252404735808340830, 0.4531250000000001665 ) ) ;
#825 = CARTESIAN_POINT ( 'NONE',  ( 0.09252404735808347769, -0.03832471526136876916, 0.1656250000000000222 ) ) ;
#826 = CYLINDRICAL_SURFACE ( 'NONE', #4010, 0.1249999999999999029 ) ;
#827 = DIRECTION ( 'NONE',  ( -0.000000000000000000, -0.000000000000000000, -1.000000000000000000 ) ) ;
#828 = CARTESIAN_POINT ( 'NONE',  ( 0.000000000000000000, 0.09252404735808344993, 0.1249999999999999584 ) ) ;
#829 = CARTESIAN_POINT ( 'NONE',  ( 0.1687499999999998446, 0.000000000000000000, 1.000000000000000000 ) ) ;
#830 = CARTESIAN_POINT ( 'NONE',  ( -0.1220636985421586773, 1.649597647882070829E-16, 0.7204452744371064865 ) ) ;
#831 = CARTESIAN_POINT ( 'NONE',  ( -0.03832471526136872753, -0.09252404735808344993, 0.3531250000000000777 ) ) ;
#832 = CARTESIAN_POINT ( 'NONE',  ( -0.08838834764831837720, 0.08838834764831836333, 0.06249999999999997918 ) ) ;
#833 = EDGE_CURVE ( 'NONE', #1079, #3969, #811, .T. ) ;
#834 = CARTESIAN_POINT ( 'NONE',  ( -0.05177669529663687931, 0.1250000000000000278, 0.4593750000000000888 ) ) ;
#835 = ORIENTED_EDGE ( 'NONE', *, *, #2734, .T. ) ;
#836 = CARTESIAN_POINT ( 'NONE',  ( 0.08838834764831839108, 0.08838834764831846047, 0.5437500000000000666 ) ) ;
#837 = B_SPLINE_CURVE_WITH_KNOTS ( 'NONE', 3,
 ( #233, #2412, #3974, #3555, #591, #1321, #3531, #158 ),
 .UNSPECIFIED., .F., .F.,
 ( 4, 2, 2, 4 ),
 ( 2.380745673640421978E-07, 0.001388728690853448548, 0.002082973998996490682, 0.002777219307139533466 ),
 .UNSPECIFIED. ) ;
#838 = CARTESIAN_POINT ( 'NONE',  ( 0.09252404735808344993, 0.03832471526136888018, 0.7156250000000000666 ) ) ;
#839 = ORIENTED_EDGE ( 'NONE', *, *, #44, .F. ) ;
#840 = CARTESIAN_POINT ( 'NONE',  ( 0.09252404735808346381, -0.03832471526136876916, 0.1656250000000000222 ) ) ;
#841 = CARTESIAN_POINT ( 'NONE',  ( 0.1874999999999998335, 0.02454369240633530805, 0.7593750000000000222 ) ) ;
#842 = CARTESIAN_POINT ( 'NONE',  ( 0.1249999999999999167, 2.141717006176309377E-17, 0.3375000000000000222 ) ) ;
#843 = AXIS2_PLACEMENT_3D ( 'NONE', #3830, #4300, #1203 ) ;
#844 = CARTESIAN_POINT ( 'NONE',  ( 0.09252404735808347769, 0.03832471526136891488, 0.7718750000000000888 ) ) ;
#845 = DIMENSIONAL_EXPONENTS ( 1.000000000000000000, 0.000000000000000000, 0.000000000000000000, 0.000000000000000000, 0.000000000000000000, 0.000000000000000000, 0.000000000000000000 ) ;
#846 = CARTESIAN_POINT ( 'NONE',  ( 0.1499375328083512593, -0.1152275101366038862, 0.7593750000000000222 ) ) ;
#847 = CARTESIAN_POINT ( 'NONE',  ( -0.1826198767901002218, 0.04907772852306942213, 1.000000000000000000 ) ) ;
#848 = CARTESIAN_POINT ( 'NONE',  ( 0.000000000000000000, -5.530426628471140438E-17, 0.7312500000000000666 ) ) ;
#849 = CARTESIAN_POINT ( 'NONE',  ( -0.06542438130972608179, -0.06542438130972599852, 0.4437500000000000333 ) ) ;
#850 = ORIENTED_EDGE ( 'NONE', *, *, #1283, .F. ) ;
#851 = VECTOR ( 'NONE', #1661, 39.37007874015748143 ) ;
#852 = UNCERTAINTY_MEASURE_WITH_UNIT (LENGTH_MEASURE( 1.000000000000000082E-05 ), #3041, 'distance_accuracy_value', 'NONE');
#853 = VECTOR ( 'NONE', #3248, 39.37007874015748143 ) ;
#854 = FACE_OUTER_BOUND ( 'NONE', #4683, .T. ) ;
#855 = CARTESIAN_POINT ( 'NONE',  ( 0.09252404735808344993, 0.03832471526136875528, 0.2656250000000000000 ) ) ;
#856 = ADVANCED_FACE ( 'NONE', ( #2329 ), #2353, .T. ) ;
#857 = CARTESIAN_POINT ( 'NONE',  ( 0.09252404735808344993, -0.03832471526136882467, 0.009375000000000006592 ) ) ;
#858 = DIRECTION ( 'NONE',  ( -0.000000000000000000, -0.000000000000000000, -1.000000000000000000 ) ) ;
#859 = CARTESIAN_POINT ( 'NONE',  ( 0.03832471526136877610, 0.09252404735808351932, 0.3281250000000000000 ) ) ;
#860 = CARTESIAN_POINT ( 'NONE',  ( 0.1299999999999999212, -3.938385789579582329E-17, 0.7312500000000000666 ) ) ;
#861 = CARTESIAN_POINT ( 'NONE',  ( -1.133092784412350307E-17, -0.09252404735808346381, 0.2000000000000000389 ) ) ;
#862 = VERTEX_POINT ( 'NONE', #91 ) ;
#863 = CARTESIAN_POINT ( 'NONE',  ( -0.1249999999999999584, -0.05177669529663683767, 0.2218750000000000444 ) ) ;
#864 = ORIENTED_EDGE ( 'NONE', *, *, #3940, .T. ) ;
#865 =( BOUNDED_CURVE ( )  B_SPLINE_CURVE ( 2, ( #4544, #2354, #1220, #1976, #1542, #787, #2752, #743, #1902 ),
 .UNSPECIFIED., .F., .F. ) 
 B_SPLINE_CURVE_WITH_KNOTS ( ( 3, 2, 2, 2, 3 ),
 ( 0.4218750000000000000, 0.4296875000000000000, 0.4375000000000000000, 0.4453125000000000000, 0.4531250000000000000 ),
 .UNSPECIFIED. ) 
 CURVE ( )  GEOMETRIC_REPRESENTATION_ITEM ( )  RATIONAL_B_SPLINE_CURVE ( ( 1.000000000000000000, 0.9238795325112867385, 1.000000000000000000, 0.9238795325112867385, 1.000000000000000000, 0.9238795325112867385, 1.000000000000000000, 0.9238795325112867385, 1.000000000000000000 ) ) 
 REPRESENTATION_ITEM ( '' )  );
#866 = CARTESIAN_POINT ( 'NONE',  ( -0.1874999999999998335, 7.549139889267777477E-20, 0.000000000000000000 ) ) ;
#867 = CARTESIAN_POINT ( 'NONE',  ( 0.03327951370173023310, -0.08717491862236058375, 0.005024047358083655844 ) ) ;
#868 = ORIENTED_EDGE ( 'NONE', *, *, #4048, .T. ) ;
#869 = CARTESIAN_POINT ( 'NONE',  ( -0.08838834764831839108, -0.08838834764831837720, 0.1687500000000000389 ) ) ;
#870 = CARTESIAN_POINT ( 'NONE',  ( 0.000000000000000000, -1.104688079777929626E-16, 1.000000000000000000 ) ) ;
#871 = CARTESIAN_POINT ( 'NONE',  ( 0.09252404735808347769, 0.03832471526136869283, 0.02187499999999998820 ) ) ;
#872 = CARTESIAN_POINT ( 'NONE',  ( -0.09442855861383228633, 0.1638349479016325272, 1.000000000000000000 ) ) ;
#873 = CARTESIAN_POINT ( 'NONE',  ( 0.000000000000000000, -5.530426628471140438E-17, 0.7312500000000000666 ) ) ;
#874 = CARTESIAN_POINT ( 'NONE',  ( -0.05177669529663685849, 0.1249999999999999167, 0.1531249999999999833 ) ) ;
#875 = CARTESIAN_POINT ( 'NONE',  ( -0.09252404735808350544, 0.03832471526136879691, 0.4406250000000000444 ) ) ;
#876 = CARTESIAN_POINT ( 'NONE',  ( 0.000000000000000000, 0.09252404735808353320, 0.4250000000000000444 ) ) ;
#877 = VERTEX_POINT ( 'NONE', #3423 ) ;
#878 = CARTESIAN_POINT ( 'NONE',  ( -1.530808498934190893E-17, -0.1249999999999998751, 0.3812500000000000888 ) ) ;
#879 = CARTESIAN_POINT ( 'NONE',  ( -0.09374999999999995837, 0.05412658773652766903, 1.000000000000000000 ) ) ;
#880 = CARTESIAN_POINT ( 'NONE',  ( 0.03832471526136876916, 0.09252404735808342218, 0.07187499999999996669 ) ) ;
#881 = DIRECTION ( 'NONE',  ( -0.000000000000000000, -0.000000000000000000, -1.000000000000000000 ) ) ;
#882 = CARTESIAN_POINT ( 'NONE',  ( -0.02313826444668563159, 0.1104465767398952331, 0.7150176830919863225 ) ) ;
#883 = B_SPLINE_CURVE_WITH_KNOTS ( 'NONE', 3,
 ( #1444, #370, #2923, #1418, #666, #4075, #348, #2970, #1072, #2168, #4427, #326, #3024, #1025, #274, #3356, #2996, #4498, #2627, #718, #1493, #2648, #4598, #3477, #1240, #4270, #3111, #4567, #2000, #4622 ),
 .UNSPECIFIED., .F., .F.,
 ( 4, 2, 2, 2, 2, 2, 2, 2, 2, 2, 2, 2, 2, 2, 4 ),
 ( 0.007107169621544132988, 0.008152991886494032753, 0.008675903018968981334, 0.009198814151443931650, 0.009721725283918881966, 0.01024463641639383228, 0.01076754754886878433, 0.01129045868134373465, 0.01181336981381868670, 0.01233628094629363875, 0.01285919207876858907, 0.01338210321124353938, 0.01390501434371849143, 0.01442792547619344348, 0.01547374774114334411 ),
 .UNSPECIFIED. ) ;
#884 = CARTESIAN_POINT ( 'NONE',  ( -0.06542438130972609567, 0.06542438130972615118, 0.3375000000000000222 ) ) ;
#885 = LINE ( 'NONE', #508, #4185 ) ;
#886 = CARTESIAN_POINT ( 'NONE',  ( 0.03832471526136876916, 0.09252404735808340830, 0.07187499999999998057 ) ) ;
#887 = CARTESIAN_POINT ( 'NONE',  ( -0.09375000000000002776, 0.05412658773652766209, 0.8828124999999998890 ) ) ;
#888 = CARTESIAN_POINT ( 'NONE',  ( 0.1249999999999999167, 0.05177669529663687931, 0.1968749999999999944 ) ) ;
#889 = ORIENTED_EDGE ( 'NONE', *, *, #1198, .F. ) ;
#890 = DIRECTION ( 'NONE',  ( -1.000000000000000000, 0.000000000000000000, 0.000000000000000000 ) ) ;
#891 = EDGE_CURVE ( 'NONE', #3283, #622, #2377, .T. ) ;
#892 = ORIENTED_EDGE ( 'NONE', *, *, #4831, .F. ) ;
#893 = CARTESIAN_POINT ( 'NONE',  ( 0.06542438130972608179, -0.06542438130972601240, 0.4562499999999999889 ) ) ;
#894 = CARTESIAN_POINT ( 'NONE',  ( -0.08838834764831837720, 0.08838834764831846047, 0.4062500000000000000 ) ) ;
#895 =( BOUNDED_CURVE ( )  B_SPLINE_CURVE ( 2, ( #433, #1180, #4164, #753, #3437, #2294, #1554, #22, #2014 ),
 .UNSPECIFIED., .F., .T. ) 
 B_SPLINE_CURVE_WITH_KNOTS ( ( 3, 2, 2, 2, 3 ),
 ( 0.3281250000000000000, 0.3359375000000000000, 0.3437500000000000000, 0.3515625000000000000, 0.3593750000000000000 ),
 .UNSPECIFIED. ) 
 CURVE ( )  GEOMETRIC_REPRESENTATION_ITEM ( )  RATIONAL_B_SPLINE_CURVE ( ( 1.000000000000000000, 0.9238795325112867385, 1.000000000000000000, 0.9238795325112867385, 1.000000000000000000, 0.9238795325112867385, 1.000000000000000000, 0.9238795325112867385, 1.000000000000000000 ) ) 
 REPRESENTATION_ITEM ( '' )  );
#896 = CARTESIAN_POINT ( 'NONE',  ( -0.1249999999999999029, 7.549139889267777477E-20, 0.000000000000000000 ) ) ;
#897 = CARTESIAN_POINT ( 'NONE',  ( 0.05475602988872740884, -0.07663976687704313062, 0.8744332643691721252 ) ) ;
#898 = CARTESIAN_POINT ( 'NONE',  ( -0.1734888829589006642, 0.04662384207689182491, 0.7500000000000001110 ) ) ;
#899 = FACE_OUTER_BOUND ( 'NONE', #14, .T. ) ;
#900 = CARTESIAN_POINT ( 'NONE',  ( 0.000000000000000000, 0.09252404735808360259, 0.6750000000000000444 ) ) ;
#901 = VERTEX_POINT ( 'NONE', #1598 ) ;
#902 = CARTESIAN_POINT ( 'NONE',  ( 0.07662613218338706900, -0.05825622014479722721, 0.7053866823876402403 ) ) ;
#903 = CARTESIAN_POINT ( 'NONE',  ( -0.03167064247104980912, -0.1160330974783772007, 0.03221352980809589345 ) ) ;
#904 = LINE ( 'NONE', #3272, #853 ) ;
#905 = CARTESIAN_POINT ( 'NONE',  ( 0.09252404735808344993, -0.03832471526136872753, 0.3093750000000000111 ) ) ;
#906 = CARTESIAN_POINT ( 'NONE',  ( -0.09252404735808347769, 0.03832471526136867201, 0.03437499999999999584 ) ) ;
#907 = ADVANCED_FACE ( 'NONE', ( #1925 ), #217, .T. ) ;
#908 = CARTESIAN_POINT ( 'NONE',  ( 0.1249999999999999167, -6.719044223200344743E-17, 0.03749999999999999861 ) ) ;
#909 = CARTESIAN_POINT ( 'NONE',  ( 0.08838834764831837720, -0.08838834764831830781, 0.4812500000000000111 ) ) ;
#910 = CARTESIAN_POINT ( 'NONE',  ( 0.000000000000000000, 0.09252404735808357483, 0.4812500000000000111 ) ) ;
#911 = CARTESIAN_POINT ( 'NONE',  ( -1.133092784412350307E-17, -0.09252404735808350544, 0.1000000000000000194 ) ) ;
#912 = VERTEX_POINT ( 'NONE', #3502 ) ;
#913 = CARTESIAN_POINT ( 'NONE',  ( -1.530808498934190893E-17, -0.1249999999999999306, 0.1812500000000000500 ) ) ;
#914 = CARTESIAN_POINT ( 'NONE',  ( -0.06542438130972609567, 0.06542438130972622057, 0.5875000000000000222 ) ) ;
#915 = CARTESIAN_POINT ( 'NONE',  ( 0.1249999999999999167, 0.05177669529663701808, 0.6406250000000001110 ) ) ;
#916 = LINE ( 'NONE', #1241, #3245 ) ;
#917 = EDGE_LOOP ( 'NONE', ( #3310, #2853, #1147, #3469 ) ) ;
#918 = EDGE_CURVE ( 'NONE', #1067, #2003, #4451, .T. ) ;
#919 = CARTESIAN_POINT ( 'NONE',  ( -0.09252404735808347769, -0.03832471526136860956, 0.4906250000000000333 ) ) ;
#920 = CARTESIAN_POINT ( 'NONE',  ( -0.08838834764831839108, -0.08838834764831829394, 0.4687500000000000000 ) ) ;
#921 = CARTESIAN_POINT ( 'NONE',  ( -0.09252404735808350544, -0.03832471526136854711, 0.7468750000000000666 ) ) ;
#922 = LINE ( 'NONE', #896, #4907 ) ;
#923 = CARTESIAN_POINT ( 'NONE',  ( 0.1874999999999998335, 2.219009066670379316E-17, 0.7593750000000000222 ) ) ;
#924 = CARTESIAN_POINT ( 'NONE',  ( -0.05177669529663687931, 0.1249999999999999167, 0.1093750000000000000 ) ) ;
#925 = CARTESIAN_POINT ( 'NONE',  ( 0.09252404735808346381, 1.233744857645044817E-16, 0.6625000000000000888 ) ) ;
#926 = VECTOR ( 'NONE', #3666, 39.37007874015748143 ) ;
#927 = CARTESIAN_POINT ( 'NONE',  ( 0.1249999999999999167, 0.05177669529663693482, 0.3468749999999999889 ) ) ;
#928 = DIRECTION ( 'NONE',  ( -0.000000000000000000, -0.000000000000000000, -1.000000000000000000 ) ) ;
#929 = CARTESIAN_POINT ( 'NONE',  ( 0.000000000000000000, 7.549139889267777477E-20, 0.000000000000000000 ) ) ;
#930 = CARTESIAN_POINT ( 'NONE',  ( -1.133092784412350307E-17, -0.09252404735808343605, 0.3500000000000000333 ) ) ;
#931 = ORIENTED_EDGE ( 'NONE', *, *, #3808, .T. ) ;
#932 = DIRECTION ( 'NONE',  ( -0.000000000000000000, -0.000000000000000000, -1.000000000000000000 ) ) ;
#933 = AXIS2_PLACEMENT_3D ( 'NONE', #3829, #3070, #40 ) ;
#934 = CARTESIAN_POINT ( 'NONE',  ( -0.1249999999999999306, 6.126329965438092575E-17, 0.3687500000000000777 ) ) ;
#935 = CARTESIAN_POINT ( 'NONE',  ( 0.000000000000000000, 0.09252404735808360259, 0.6312499999999999778 ) ) ;
#936 = DIRECTION ( 'NONE',  ( 1.000000000000000000, 0.000000000000000000, 0.000000000000000000 ) ) ;
#937 = CARTESIAN_POINT ( 'NONE',  ( -0.09252404735808346381, -0.03832471526136872059, 0.1406250000000000278 ) ) ;
#938 = CARTESIAN_POINT ( 'NONE',  ( -0.1249999999999999306, 3.172742888979206944E-17, 0.2687499999999999889 ) ) ;
#939 = CARTESIAN_POINT ( 'NONE',  ( 0.09375000000000019429, 0.04537600886646683818, 0.8802864254669026112 ) ) ;
#940 = CARTESIAN_POINT ( 'NONE',  ( 0.000000000000000000, 0.09252404735808353320, 0.3812499999999999778 ) ) ;
#941 = ADVANCED_FACE ( 'NONE', ( #854 ), #826, .T. ) ;
#942 = CARTESIAN_POINT ( 'NONE',  ( -0.1249999999999999029, 7.549139889267777477E-20, 0.000000000000000000 ) ) ;
#943 = CARTESIAN_POINT ( 'NONE',  ( -0.05177669529663687931, -0.1249999999999999167, 0.1718750000000000555 ) ) ;
#944 = ORIENTED_EDGE ( 'NONE', *, *, #1221, .F. ) ;
#945 = CARTESIAN_POINT ( 'NONE',  ( -0.05177669529663685849, 0.1250000000000000278, 0.5031249999999999334 ) ) ;
#946 = CARTESIAN_POINT ( 'NONE',  ( -0.09252404735808350544, 0.03832471526136867895, 0.04062499999999999445 ) ) ;
#947 = CARTESIAN_POINT ( 'NONE',  ( -0.05177669529663687931, -0.1249999999999999445, 0.1781250000000000333 ) ) ;
#948 = CARTESIAN_POINT ( 'NONE',  ( 0.000000000000000000, 0.1249999999999999861, 0.3999999999999999667 ) ) ;
#949 = CARTESIAN_POINT ( 'NONE',  ( -0.1249999999999999445, 0.05177669529663687931, 0.2156250000000000111 ) ) ;
#950 = VERTEX_POINT ( 'NONE', #1256 ) ;
#951 = CARTESIAN_POINT ( 'NONE',  ( -0.05177669529663686543, -0.1249999999999998612, 0.4281250000000000888 ) ) ;
#952 = CARTESIAN_POINT ( 'NONE',  ( 0.07013105612876635586, -0.1030276473052700870, 0.03657910082783003003 ) ) ;
#953 = CARTESIAN_POINT ( 'NONE',  ( 0.06065410026131480559, -0.07081337142795413042, 0.005433948230485778977 ) ) ;
#954 = CARTESIAN_POINT ( 'NONE',  ( -0.09252404735808346381, 6.481269685013212837E-17, 0.3875000000000000111 ) ) ;
#955 = ORIENTED_EDGE ( 'NONE', *, *, #4377, .T. ) ;
#956 = EDGE_CURVE ( 'NONE', #1977, #2319, #2593, .T. ) ;
#957 = CARTESIAN_POINT ( 'NONE',  ( 0.09252404735808346381, -0.03832471526136872059, 0.3656250000000000888 ) ) ;
#958 = CARTESIAN_POINT ( 'NONE',  ( 0.05177669529663693482, 0.1249999999999998751, 0.1968749999999999944 ) ) ;
#959 = FACE_OUTER_BOUND ( 'NONE', #1238, .T. ) ;
#960 = CARTESIAN_POINT ( 'NONE',  ( -1.133092784412350615E-17, -0.09252404735808335279, 0.6562500000000000000 ) ) ;
#961 = CARTESIAN_POINT ( 'NONE',  ( -0.1643578891110971107, -0.04416995567076272000, 1.000000000000000000 ) ) ;
#962 = ORIENTED_EDGE ( 'NONE', *, *, #1989, .F. ) ;
#963 = CARTESIAN_POINT ( 'NONE',  ( -0.1249999999999999584, -0.05177669529663686543, 0.1218750000000000389 ) ) ;
#964 = CARTESIAN_POINT ( 'NONE',  ( 0.05177669529663682380, -0.1249999999999998335, 0.5781250000000001110 ) ) ;
#965 = CARTESIAN_POINT ( 'NONE',  ( 0.09252404735808347769, 0.03832471526136877610, 0.3218749999999999667 ) ) ;
#966 = CARTESIAN_POINT ( 'NONE',  ( 0.09375000000000001388, -0.05412658773652719024, 0.8828124999999998890 ) ) ;
#967 = CARTESIAN_POINT ( 'NONE',  ( 0.1249999999999998751, -0.05177669529663682380, 0.5343750000000001554 ) ) ;
#968 = CARTESIAN_POINT ( 'NONE',  ( 0.1249999999999999167, 9.525684697323524071E-17, 0.5875000000000001332 ) ) ;
#969 = CARTESIAN_POINT ( 'NONE',  ( 0.03832471526136877610, 0.09252404735808342218, 0.02812499999999996947 ) ) ;
#970 = CARTESIAN_POINT ( 'NONE',  ( -0.1249999999999999167, -0.05177669529663678910, 0.4156250000000000777 ) ) ;
#971 = CARTESIAN_POINT ( 'NONE',  ( -0.02331650778601852478, 0.1781249999999998668, 0.7500000000000001110 ) ) ;
#972 = CARTESIAN_POINT ( 'NONE',  ( -0.03152818781910433910, -0.08698662375540350267, 0.7034921628294169560 ) ) ;
#973 = VERTEX_POINT ( 'NONE', #119 ) ;
#974 = CARTESIAN_POINT ( 'NONE',  ( -0.06542438130972609567, 0.06542438130972619281, 0.4874999999999999889 ) ) ;
#975 = EDGE_CURVE ( 'NONE', #654, #332, #2683, .T. ) ;
#976 = CARTESIAN_POINT ( 'NONE',  ( -0.1250000000000004996, 0.05177669529663643522, 0.6156250000000001998 ) ) ;
#977 = CARTESIAN_POINT ( 'NONE',  ( -0.1249999999999999167, 0.05177669529663698339, 0.6093750000000001110 ) ) ;
#978 = CARTESIAN_POINT ( 'NONE',  ( 0.06542438130972608179, -0.06542438130972601240, 0.4562499999999999889 ) ) ;
#979 = CARTESIAN_POINT ( 'NONE',  ( 0.1249999999999999306, 1.118707742783164828E-16, 0.6437500000000000444 ) ) ;
#980 = CARTESIAN_POINT ( 'NONE',  ( -0.06542438130972608179, -0.06542438130972606791, 0.2437500000000000222 ) ) ;
#981 = CARTESIAN_POINT ( 'NONE',  ( -1.530808498934190276E-17, -0.1249999999999998335, 0.4750000000000001443 ) ) ;
#982 = CARTESIAN_POINT ( 'NONE',  ( -0.09252404735808347769, 9.619455953750779552E-17, 0.4937500000000000222 ) ) ;
#983 = CARTESIAN_POINT ( 'NONE',  ( 0.1826198767901070774, 0.04907772852306972050, 1.000000000000000000 ) ) ;
#984 = VERTEX_POINT ( 'NONE', #3099 ) ;
#985 = CARTESIAN_POINT ( 'NONE',  ( -0.1874999999999998612, 2.303761888290552992E-17, 1.000000000000000000 ) ) ;
#986 = CARTESIAN_POINT ( 'NONE',  ( -0.05177669529663687931, -0.1249999999999997918, 0.5718750000000001332 ) ) ;
#987 = CARTESIAN_POINT ( 'NONE',  ( 0.03832471526136869977, -0.09252404735808344993, 0.3593750000000001110 ) ) ;
#988 = EDGE_CURVE ( 'NONE', #2101, #3882, #2211, .T. ) ;
#989 = CARTESIAN_POINT ( 'NONE',  ( 0.000000000000000000, 0.1249999999999999861, 0.3562500000000000111 ) ) ;
#990 = CARTESIAN_POINT ( 'NONE',  ( -0.08838834764831839108, -0.08838834764831837720, 0.1687500000000000389 ) ) ;
#991 = ORIENTED_EDGE ( 'NONE', *, *, #3381, .T. ) ;
#992 = CARTESIAN_POINT ( 'NONE',  ( 0.1249999999999998890, -0.05177669529663680298, 0.5906250000000002887 ) ) ;
#993 = CARTESIAN_POINT ( 'NONE',  ( -0.1249999999999999167, -0.05177669529663677522, 0.4156250000000001332 ) ) ;
#994 = CARTESIAN_POINT ( 'NONE',  ( 0.09322321449249963699, -0.03101490082556982927, 0.7067166264757520633 ) ) ;
#995 = CARTESIAN_POINT ( 'NONE',  ( -0.1249999999999999167, 1.332569846430662218E-16, 0.6125000000000000444 ) ) ;
#996 = CARTESIAN_POINT ( 'NONE',  ( -0.03832471526136872753, -0.09252404735808351932, 0.1531250000000000389 ) ) ;
#997 = CARTESIAN_POINT ( 'NONE',  ( 0.1874999999999998890, -0.02454369260617019627, 0.7593750000000001332 ) ) ;
#998 = CARTESIAN_POINT ( 'NONE',  ( 0.1781249999999998668, -0.02331650778601849008, 0.7500000000000001110 ) ) ;
#999 = CARTESIAN_POINT ( 'NONE',  ( 0.03832471526136876916, 0.09252404735808358871, 0.6718750000000001110 ) ) ;
#1000 = ORIENTED_EDGE ( 'NONE', *, *, #3782, .F. ) ;
#1001 = CARTESIAN_POINT ( 'NONE',  ( -0.08838834764831837720, 0.08838834764831850210, 0.5124999999999999556 ) ) ;
#1002 = CARTESIAN_POINT ( 'NONE',  ( 0.03832471526136877610, 0.09252404735808353320, 0.5281249999999999556 ) ) ;
#1003 = CARTESIAN_POINT ( 'NONE',  ( 0.08838834764831837720, -0.08838834764831846047, 0.03750000000000002637 ) ) ;
#1004 = CARTESIAN_POINT ( 'NONE',  ( 0.1874999999999998335, 0.02454369240633531152, 0.7500000000000001110 ) ) ;
#1005 = CARTESIAN_POINT ( 'NONE',  ( 0.03832471526136869283, -0.09252404735808344993, 0.3031250000000000333 ) ) ;
#1006 = CIRCLE ( 'NONE', #1806, 0.1299999999999999212 ) ;
#1007 = CARTESIAN_POINT ( 'NONE',  ( -0.1249999999999999167, 1.498709119481474885E-16, 0.6687500000000000666 ) ) ;
#1008 = CARTESIAN_POINT ( 'NONE',  ( -0.06542438130972608179, 0.06542438130972606791, 0.1312499999999999778 ) ) ;
#1009 = CARTESIAN_POINT ( 'NONE',  ( -0.1249999999999999167, 7.418524311388855848E-17, 0.4125000000000000333 ) ) ;
#1010 = AXIS2_PLACEMENT_3D ( 'NONE', #1306, #881, #4259 ) ;
#1011 = CARTESIAN_POINT ( 'NONE',  ( -0.09374999999999998612, 0.05412658773652764127, 0.8828124999999998890 ) ) ;
#1012 = CARTESIAN_POINT ( 'NONE',  ( 0.09252404735808347769, 9.568460692270243625E-17, 0.5687500000000000888 ) ) ;
#1013 = CARTESIAN_POINT ( 'NONE',  ( 0.04907772852309313233, -0.1826198767900997222, 1.000000000000000000 ) ) ;
#1014 = AXIS2_PLACEMENT_3D ( 'NONE', #3915, #2777, #2823 ) ;
#1015 = CARTESIAN_POINT ( 'NONE',  ( -0.04416995567076753559, 0.1643578891110858975, 1.000000000000000000 ) ) ;
#1016 = CARTESIAN_POINT ( 'NONE',  ( -1.530808498934190276E-17, -0.1249999999999997918, 0.5750000000000001776 ) ) ;
#1017 = CARTESIAN_POINT ( 'NONE',  ( 0.1249999999999998890, 0.05177669529663706666, 0.7906250000000000222 ) ) ;
#1018 = CARTESIAN_POINT ( 'NONE',  ( -0.1249999999999999167, 2.988143696700528326E-17, 0.2625000000000000111 ) ) ;
#1019 = CARTESIAN_POINT ( 'NONE',  ( -0.1249999999999993894, 0.05177669529663744136, 0.2656249999999999445 ) ) ;
#1020 = CARTESIAN_POINT ( 'NONE',  ( 0.05177669529663694176, 0.1250000000000000555, 0.7031250000000001110 ) ) ;
#1021 = CARTESIAN_POINT ( 'NONE',  ( -1.133092784412350307E-17, -0.09252404735808332503, 0.6500000000000000222 ) ) ;
#1022 = EDGE_CURVE ( 'NONE', #2528, #3872, #51, .T. ) ;
#1023 = CARTESIAN_POINT ( 'NONE',  ( 0.08838834764831839108, 0.08838834764831850210, 0.6437500000000000444 ) ) ;
#1024 = CARTESIAN_POINT ( 'NONE',  ( 0.03832471526136869977, -0.09252404735808350544, 0.2593750000000000222 ) ) ;
#1025 = CARTESIAN_POINT ( 'NONE',  ( -0.02009142969032996773, 0.1044342442662884868, 0.01862641138205851921 ) ) ;
#1026 = CARTESIAN_POINT ( 'NONE',  ( 0.02454369240633527335, 0.1874999999999998335, 0.7500000000000001110 ) ) ;
#1027 = DIRECTION ( 'NONE',  ( 0.000000000000000000, 0.000000000000000000, 1.000000000000000000 ) ) ;
#1028 = ORIENTED_EDGE ( 'NONE', *, *, #2825, .F. ) ;
#1029 = CARTESIAN_POINT ( 'NONE',  ( 0.05177669529663683073, -0.1250000000000000000, 0.08437500000000003331 ) ) ;
#1030 = CARTESIAN_POINT ( 'NONE',  ( -0.04907772850199077636, 0.1826198767988303773, 0.7500000000000001110 ) ) ;
#1031 =( BOUNDED_CURVE ( )  B_SPLINE_CURVE ( 2, ( #1705, #3925, #4758, #4730, #2108, #3602, #4379, #977, #4002 ),
 .UNSPECIFIED., .F., .F. ) 
 B_SPLINE_CURVE_WITH_KNOTS ( ( 3, 2, 2, 2, 3 ),
 ( 0.7343750000000000000, 0.7421875000000000000, 0.7500000000000000000, 0.7578125000000000000, 0.7656250000000000000 ),
 .UNSPECIFIED. ) 
 CURVE ( )  GEOMETRIC_REPRESENTATION_ITEM ( )  RATIONAL_B_SPLINE_CURVE ( ( 1.000000000000000000, 0.9238795325112867385, 1.000000000000000000, 0.9238795325112867385, 1.000000000000000000, 0.9238795325112867385, 1.000000000000000000, 0.9238795325112867385, 1.000000000000000000 ) ) 
 REPRESENTATION_ITEM ( '' )  );
#1032 = CARTESIAN_POINT ( 'NONE',  ( -0.03832471526136872059, -0.09252404735808335279, 0.5468750000000000000 ) ) ;
#1033 = CARTESIAN_POINT ( 'NONE',  ( 0.09252404735808346381, 5.231002706149078048E-18, 0.2625000000000000111 ) ) ;
#1034 = DIRECTION ( 'NONE',  ( -0.000000000000000000, -0.000000000000000000, 1.000000000000000000 ) ) ;
#1035 = CARTESIAN_POINT ( 'NONE',  ( 0.09252404735808346381, -3.907280344073419409E-17, 0.1125000000000000167 ) ) ;
#1036 = CARTESIAN_POINT ( 'NONE',  ( -0.08838834764831837720, 0.08838834764831837720, 0.1062499999999999833 ) ) ;
#1037 = CARTESIAN_POINT ( 'NONE',  ( 0.03832471526136869283, -0.09252404735808353320, 0.003125000000000021858 ) ) ;
#1038 = CARTESIAN_POINT ( 'NONE',  ( -0.1874999999999998612, -0.02454369238351459745, 1.000000000000000000 ) ) ;
#1039 = CARTESIAN_POINT ( 'NONE',  ( 0.1349437795129953543, 0.1037047591374689604, 1.000000000000000000 ) ) ;
#1040 = CARTESIAN_POINT ( 'NONE',  ( 0.1249999999999999167, 1.266387096606108955E-16, 0.6937500000000000888 ) ) ;
#1041 = CARTESIAN_POINT ( 'NONE',  ( -0.05177669529663686543, -0.1249999999999997918, 0.6281250000000001554 ) ) ;
#1042 = CARTESIAN_POINT ( 'NONE',  ( -0.09252404735808350544, -0.03832471526136866508, 0.3468750000000000444 ) ) ;
#1043 = CARTESIAN_POINT ( 'NONE',  ( 0.09252404735808346381, 1.086065503822100443E-16, 0.6125000000000000444 ) ) ;
#1044 = CARTESIAN_POINT ( 'NONE',  ( -0.1249999999999999167, 0.05177669529663699727, 0.6593750000000000444 ) ) ;
#1045 = CARTESIAN_POINT ( 'NONE',  ( 0.06542438130972610955, 0.06542438130972608179, 0.2249999999999999778 ) ) ;
#1046 = ADVANCED_FACE ( 'NONE', ( #1682 ), #2515, .T. ) ;
#1047 = CARTESIAN_POINT ( 'NONE',  ( -0.1826198767988359284, 0.04907772850198735548, 0.7593750000000000222 ) ) ;
#1048 = CARTESIAN_POINT ( 'NONE',  ( 0.02328809512016887309, 0.1781278127904652453, 0.7500000000000002220 ) ) ;
#1049 = CARTESIAN_POINT ( 'NONE',  ( -0.1249999999999999584, -0.05177669529663675441, 0.5218750000000000888 ) ) ;
#1050 = CARTESIAN_POINT ( 'NONE',  ( 0.1781249999999998668, 2.774533118565267485E-17, 0.7500000000000001110 ) ) ;
#1051 = CARTESIAN_POINT ( 'NONE',  ( -0.1781249999999998668, -0.02331650778602190055, 0.7500000000000001110 ) ) ;
#1052 = EDGE_CURVE ( 'NONE', #1064, #2003, #2087, .T. ) ;
#1053 = CARTESIAN_POINT ( 'NONE',  ( 0.06542438130972610955, 0.06542438130972617893, 0.5187500000000000444 ) ) ;
#1054 = CARTESIAN_POINT ( 'NONE',  ( 0.09252404735808346381, 0.03832471526136887324, 0.6218750000000000666 ) ) ;
#1055 = CARTESIAN_POINT ( 'NONE',  ( -1.133092784412350307E-17, -0.09252404735808343605, 0.3000000000000000444 ) ) ;
#1056 = ORIENTED_EDGE ( 'NONE', *, *, #3895, .T. ) ;
#1057 = CARTESIAN_POINT ( 'NONE',  ( -0.03832471526136870671, 0.09252404735808344993, 0.1281249999999999889 ) ) ;
#1058 =( BOUNDED_CURVE ( )  B_SPLINE_CURVE ( 2, ( #426, #3901, #136 ),
 .UNSPECIFIED., .F., .F. ) 
 B_SPLINE_CURVE_WITH_KNOTS ( ( 3, 3 ),
 ( 0.1015624999999999722, 0.1093750000000000000 ),
 .UNSPECIFIED. ) 
 CURVE ( )  GEOMETRIC_REPRESENTATION_ITEM ( )  RATIONAL_B_SPLINE_CURVE ( ( 1.000000000000000222, 0.9238795325112865164, 1.000000000000000000 ) ) 
 REPRESENTATION_ITEM ( '' )  );
#1059 = FACE_OUTER_BOUND ( 'NONE', #4882, .T. ) ;
#1060 = CARTESIAN_POINT ( 'NONE',  ( 0.09252404735808344993, -0.03832471526136882467, 0.009375000000000006592 ) ) ;
#1061 = ORIENTED_EDGE ( 'NONE', *, *, #436, .F. ) ;
#1062 = CARTESIAN_POINT ( 'NONE',  ( -0.04907772852304898709, -0.1826198767901119346, 0.9812499999999999556 ) ) ;
#1063 = CARTESIAN_POINT ( 'NONE',  ( -0.1082531754730549634, 3.886826542466381952E-17, 0.8828124999999998890 ) ) ;
#1064 = VERTEX_POINT ( 'NONE', #3649 ) ;
#1065 = CARTESIAN_POINT ( 'NONE',  ( -1.530808498934190893E-17, -0.1249999999999997780, 0.6812500000000001332 ) ) ;
#1066 = CARTESIAN_POINT ( 'NONE',  ( 0.09252404735808346381, 1.233744857645044817E-16, 0.6625000000000000888 ) ) ;
#1067 = VERTEX_POINT ( 'NONE', #1374 ) ;
#1068 = EDGE_CURVE ( 'NONE', #2528, #823, #626, .T. ) ;
#1069 = CARTESIAN_POINT ( 'NONE',  ( 0.03832471526136869977, -0.09252404735808351932, 0.1093750000000000416 ) ) ;
#1070 = CARTESIAN_POINT ( 'NONE',  ( 0.05177669529663693482, 0.1250000000000000278, 0.6968750000000002442 ) ) ;
#1071 = CARTESIAN_POINT ( 'NONE',  ( -0.06542438130972610955, -0.06542438130972608179, 0.2000000000000000389 ) ) ;
#1072 = CARTESIAN_POINT ( 'NONE',  ( -0.07036600249897928538, 0.08319908984678765773, 0.02124949573851541568 ) ) ;
#1073 = CARTESIAN_POINT ( 'NONE',  ( -0.09442855863491997348, -0.1638349478928926017, 0.7500000000000001110 ) ) ;
#1074 = ADVANCED_FACE ( 'NONE', ( #260 ), #3929, .F. ) ;
#1075 = ORIENTED_EDGE ( 'NONE', *, *, #2094, .T. ) ;
#1076 = CARTESIAN_POINT ( 'NONE',  ( 0.09252404735808347769, 0.03832471526136882467, 0.4718749999999999889 ) ) ;
#1077 = CARTESIAN_POINT ( 'NONE',  ( -0.1499375328083440151, 0.1152275101366110888, 0.7500000000000001110 ) ) ;
#1078 = CARTESIAN_POINT ( 'NONE',  ( 0.03832471526136876916, 0.09252404735808351932, 0.4718750000000000444 ) ) ;
#1079 = VERTEX_POINT ( 'NONE', #3625 ) ;
#1080 = CARTESIAN_POINT ( 'NONE',  ( -0.09252404735808350544, 0.03832471526136885936, 0.6406250000000001110 ) ) ;
#1081 = CARTESIAN_POINT ( 'NONE',  ( 0.06542438130972608179, -0.06542438130972605403, 0.3562500000000000666 ) ) ;
#1082 = ORIENTED_EDGE ( 'NONE', *, *, #3648, .F. ) ;
#1083 = B_SPLINE_CURVE_WITH_KNOTS ( 'NONE', 3,
 ( #211, #2442, #1281, #2088, #190, #2858 ),
 .UNSPECIFIED., .F., .F.,
 ( 4, 2, 4 ),
 ( 0.002357542807800234053, 0.003052511824003800462, 0.003747480840207366871 ),
 .UNSPECIFIED. ) ;
#1084 = CARTESIAN_POINT ( 'NONE',  ( -1.133092784412350307E-17, -0.09252404735808347769, 0.1500000000000000500 ) ) ;
#1085 = CARTESIAN_POINT ( 'NONE',  ( -1.530808498934190276E-17, -0.1249999999999998751, 0.2750000000000000777 ) ) ;
#1086 = CARTESIAN_POINT ( 'NONE',  ( 0.01641421348905753794, -0.09743563028946716775, 0.01100144456536433779 ) ) ;
#1087 = CARTESIAN_POINT ( 'NONE',  ( 0.06542438130972610955, 0.06542438130972602628, 0.01874999999999997849 ) ) ;
#1088 = CARTESIAN_POINT ( 'NONE',  ( -0.1499375327922183032, -0.1152275101527415746, 1.000000000000000000 ) ) ;
#1089 = CARTESIAN_POINT ( 'NONE',  ( -0.04907772852304784217, -0.1826198767901091868, 1.000000000000000000 ) ) ;
#1090 = VECTOR ( 'NONE', #763, 39.37007874015748143 ) ;
#1091 = CARTESIAN_POINT ( 'NONE',  ( -0.1139320424213525612, -0.05142460218318741644, 0.7221304482402236546 ) ) ;
#1092 = CARTESIAN_POINT ( 'NONE',  ( -0.1249999999999993894, -0.05177669529663725401, 0.6718749999999998890 ) ) ;
#1093 = CARTESIAN_POINT ( 'NONE',  ( -0.05177669529663686543, -0.1249999999999999584, 0.1218750000000000389 ) ) ;
#1094 = CARTESIAN_POINT ( 'NONE',  ( -0.06542438130972608179, -0.06542438130972594301, 0.6437500000000000444 ) ) ;
#1095 = CARTESIAN_POINT ( 'NONE',  ( -0.1249999999999999167, 3.455662024164220365E-19, 0.1625000000000000056 ) ) ;
#1096 = TOROIDAL_SURFACE ( 'NONE', #528, 0.1487499999999999101, 0.01875000000000000278 ) ;
#1097 = EDGE_CURVE ( 'NONE', #4607, #3693, #62, .T. ) ;
#1098 = CARTESIAN_POINT ( 'NONE',  ( -0.06542438130972609567, 0.06542438130972608179, 0.08749999999999999445 ) ) ;
#1099 = DIRECTION ( 'NONE',  ( 1.000000000000000000, 0.000000000000000000, 0.000000000000000000 ) ) ;
#1100 = CARTESIAN_POINT ( 'NONE',  ( 0.1499375328083565051, 0.1152275101365986126, 0.7500000000000001110 ) ) ;
#1101 = CARTESIAN_POINT ( 'NONE',  ( -0.09252404735808350544, 0.03832471526136876916, 0.3406250000000000111 ) ) ;
#1102 = CARTESIAN_POINT ( 'NONE',  ( 0.09252404735808347769, 0.03832471526136885243, 0.5718750000000001332 ) ) ;
#1103 = CARTESIAN_POINT ( 'NONE',  ( 0.1638349478928923242, 0.09442855863492051471, 0.7500000000000001110 ) ) ;
#1104 = CARTESIAN_POINT ( 'NONE',  ( -0.09252404735808347769, 0.03832471526136879691, 0.4843750000000000000 ) ) ;
#1105 = ORIENTED_EDGE ( 'NONE', *, *, #1745, .F. ) ;
#1106 = CARTESIAN_POINT ( 'NONE',  ( 0.06542438130972610955, 0.06542438130972610955, 0.3187500000000000333 ) ) ;
#1107 = CARTESIAN_POINT ( 'NONE',  ( -0.03832471526136872753, -0.09252404735808351932, 0.05312500000000002637 ) ) ;
#1108 = CARTESIAN_POINT ( 'NONE',  ( -0.007077224641440828419, -0.09417333102045304105, 0.006613894216689413311 ) ) ;
#1109 = CARTESIAN_POINT ( 'NONE',  ( 0.000000000000000000, 0.09252404735808340830, 0.02499999999999997363 ) ) ;
#1110 = EDGE_CURVE ( 'NONE', #1126, #3986, #4353, .T. ) ;
#1111 = ORIENTED_EDGE ( 'NONE', *, *, #49, .T. ) ;
#1112 = CARTESIAN_POINT ( 'NONE',  ( 0.05177669529663682380, -0.1249999999999998751, 0.3781250000000000999 ) ) ;
#1113 = ORIENTED_EDGE ( 'NONE', *, *, #2559, .T. ) ;
#1114 = CARTESIAN_POINT ( 'NONE',  ( 0.05177669529663682380, -0.1250000000000000000, 0.07812500000000005551 ) ) ;
#1115 = CARTESIAN_POINT ( 'NONE',  ( -0.05177669529663686543, 0.1249999999999998890, 0.05937499999999997641 ) ) ;
#1116 = CARTESIAN_POINT ( 'NONE',  ( -0.08838834764831837720, 0.08838834764831851598, 0.5562500000000000222 ) ) ;
#1117 = CARTESIAN_POINT ( 'NONE',  ( -0.09252404735808350544, 0.03832471526136869977, 0.09062500000000001110 ) ) ;
#1118 = CARTESIAN_POINT ( 'NONE',  ( 0.000000000000000000, 7.549139889267777477E-20, 0.000000000000000000 ) ) ;
#1119 = CARTESIAN_POINT ( 'NONE',  ( -0.1424185764360624273, 0.1094842364752201258, 0.7500000000000001110 ) ) ;
#1120 = VERTEX_POINT ( 'NONE', #3601 ) ;
#1121 = CARTESIAN_POINT ( 'NONE',  ( -0.1643444175577753741, -0.04419512920611404910, 1.000000000000000000 ) ) ;
#1122 = CARTESIAN_POINT ( 'NONE',  ( 0.09252404735808347769, 1.252204776872912864E-16, 0.6687500000000000666 ) ) ;
#1123 = CARTESIAN_POINT ( 'NONE',  ( 0.1249999999999999029, 1.538357638823458008E-17, 0.000000000000000000 ) ) ;
#1124 = CARTESIAN_POINT ( 'NONE',  ( -0.02454369240633530111, 0.1874999999999998335, 0.7593750000000000222 ) ) ;
#1125 = CARTESIAN_POINT ( 'NONE',  ( 0.03832471526136869283, -0.09252404735808340830, 0.5031250000000000444 ) ) ;
#1126 = VERTEX_POINT ( 'NONE', #210 ) ;
#1127 = CYLINDRICAL_SURFACE ( 'NONE', #2207, 0.1249999999999999029 ) ;
#1128 = CARTESIAN_POINT ( 'NONE',  ( -0.06542438130972608179, -0.06542438130972606791, 0.2437500000000000222 ) ) ;
#1129 = CARTESIAN_POINT ( 'NONE',  ( 0.06542438130972610955, 0.06542438130972612342, 0.3687500000000000777 ) ) ;
#1130 = CARTESIAN_POINT ( 'NONE',  ( 0.06542438130972610955, 0.06542438130972617893, 0.5250000000000000222 ) ) ;
#1131 = CARTESIAN_POINT ( 'NONE',  ( 0.09252404735808347769, -2.245887613565297975E-17, 0.1687500000000000111 ) ) ;
#1132 = CARTESIAN_POINT ( 'NONE',  ( 0.000000000000000000, 7.549139889267777477E-20, 0.000000000000000000 ) ) ;
#1133 = CARTESIAN_POINT ( 'NONE',  ( -0.09252404735808346381, -5.333078620822326605E-17, -0.01250000000000000590 ) ) ;
#1134 = VERTEX_POINT ( 'NONE', #1728 ) ;
#1135 = CARTESIAN_POINT ( 'NONE',  ( -0.1249999999999999167, -0.05177669529663678910, 0.3656250000000000333 ) ) ;
#1136 = CARTESIAN_POINT ( 'NONE',  ( 0.08017008600783490091, 0.06860597895776091026, 0.7108063724678811424 ) ) ;
#1137 = DIRECTION ( 'NONE',  ( -0.000000000000000000, -0.000000000000000000, -1.000000000000000000 ) ) ;
#1138 = CARTESIAN_POINT ( 'NONE',  ( -0.05177669529663686543, -0.1249999999999999861, -0.02187499999999997433 ) ) ;
#1139 = ADVANCED_FACE ( 'NONE', ( #597, #3002 ), #4133, .T. ) ;
#1140 = CARTESIAN_POINT ( 'NONE',  ( -0.03832471526136872059, 0.09252404735808343605, 0.03437499999999997502 ) ) ;
#1141 = CARTESIAN_POINT ( 'NONE',  ( -0.1874999999999998335, 7.549139889267777477E-20, 0.7593750000000000222 ) ) ;
#1142 = EDGE_LOOP ( 'NONE', ( #4351, #1812 ) ) ;
#1143 = CARTESIAN_POINT ( 'NONE',  ( -0.06542438130972610955, -0.06542438130972608179, 0.2500000000000000555 ) ) ;
#1144 = CARTESIAN_POINT ( 'NONE',  ( -0.03832471526136872753, -0.09252404735808333891, 0.6531250000000000666 ) ) ;
#1145 = CARTESIAN_POINT ( 'NONE',  ( -0.1874999999999998335, 7.549139889267777477E-20, 0.7593750000000000222 ) ) ;
#1146 = CARTESIAN_POINT ( 'NONE',  ( -0.03832471526136870671, 0.09252404735808361647, 0.7281250000000001332 ) ) ;
#1147 = ORIENTED_EDGE ( 'NONE', *, *, #3703, .T. ) ;
#1148 = CARTESIAN_POINT ( 'NONE',  ( 0.03832471526136877610, 0.09252404735808358871, 0.6281250000000000444 ) ) ;
#1149 = CARTESIAN_POINT ( 'NONE',  ( 0.000000000000000000, 0.09252404735808357483, 0.5750000000000000666 ) ) ;
#1150 = CARTESIAN_POINT ( 'NONE',  ( 0.09252404735808346381, 4.953480885303234402E-17, 0.4125000000000000333 ) ) ;
#1151 = CARTESIAN_POINT ( 'NONE',  ( -1.133092784412350615E-17, -0.09252404735808350544, 0.1562500000000000278 ) ) ;
#1152 = CARTESIAN_POINT ( 'NONE',  ( 0.000000000000000000, 0.1250000000000000000, 0.4499999999999999556 ) ) ;
#1153 = CARTESIAN_POINT ( 'NONE',  ( 0.09566106215400409229, -0.01481040867400780850, 0.009013766893787161782 ) ) ;
#1154 = CARTESIAN_POINT ( 'NONE',  ( -0.09252404735808346381, 5.740955320954434243E-18, 0.1875000000000000278 ) ) ;
#1155 = CARTESIAN_POINT ( 'NONE',  ( 0.000000000000000000, -1.104688079777929626E-16, 1.000000000000000000 ) ) ;
#1156 = CARTESIAN_POINT ( 'NONE',  ( -0.08838834764831837720, 0.08838834764831850210, 0.5124999999999999556 ) ) ;
#1157 = EDGE_CURVE ( 'NONE', #2835, #1469, #3674, .T. ) ;
#1158 = CARTESIAN_POINT ( 'NONE',  ( 0.1874999999999998335, 0.02454369260617026219, 0.9812499999999999556 ) ) ;
#1159 = CARTESIAN_POINT ( 'NONE',  ( 0.09252404735808344993, 0.03832471526136867895, 0.01562499999999998959 ) ) ;
#1160 = VERTEX_POINT ( 'NONE', #3755 ) ;
#1161 = CARTESIAN_POINT ( 'NONE',  ( 0.02799325226320128687, -0.08839382380582003207, 0.7034921628294176221 ) ) ;
#1162 = FACE_OUTER_BOUND ( 'NONE', #2679, .T. ) ;
#1163 = CARTESIAN_POINT ( 'NONE',  ( -0.08838834764831839108, -0.08838834764831844659, -0.02499999999999997710 ) ) ;
#1164 = AXIS2_PLACEMENT_3D ( 'NONE', #1155, #4193, #50 ) ;
#1165 = DIRECTION ( 'NONE',  ( 0.000000000000000000, 0.000000000000000000, 1.000000000000000000 ) ) ;
#1166 = CARTESIAN_POINT ( 'NONE',  ( -0.1638349478928959602, -0.09442855863492199964, 0.7593750000000000222 ) ) ;
#1167 = EDGE_CURVE ( 'NONE', #973, #1820, #3360, .T. ) ;
#1168 = CARTESIAN_POINT ( 'NONE',  ( 0.000000000000000000, 0.1249999999999999306, 0.2500000000000000000 ) ) ;
#1169 = CARTESIAN_POINT ( 'NONE',  ( 0.03832471526136877610, 0.09252404735808358871, 0.6281250000000000444 ) ) ;
#1170 = CARTESIAN_POINT ( 'NONE',  ( -0.1249999999999999167, 1.480249200253606838E-16, 0.6625000000000000888 ) ) ;
#1171 = CARTESIAN_POINT ( 'NONE',  ( 0.09442855861381968530, -0.1638349479016368293, 0.9812499999999999556 ) ) ;
#1172 = CARTESIAN_POINT ( 'NONE',  ( 0.000000000000000000, 7.549139889267777477E-20, 0.000000000000000000 ) ) ;
#1173 = CARTESIAN_POINT ( 'NONE',  ( 0.000000000000000000, 7.549139889267777477E-20, 4.148491032111687552E-18 ) ) ;
#1174 = CARTESIAN_POINT ( 'NONE',  ( 0.03832471526136876916, 0.09252404735808356095, 0.6218750000000000666 ) ) ;
#1175 = ORIENTED_EDGE ( 'NONE', *, *, #975, .F. ) ;
#1176 = CARTESIAN_POINT ( 'NONE',  ( -0.09252404735808347769, -0.03832471526136865814, 0.3406250000000000111 ) ) ;
#1177 = CARTESIAN_POINT ( 'NONE',  ( -1.133092784412350615E-17, -0.09252404735808339442, 0.5062500000000000888 ) ) ;
#1178 = CARTESIAN_POINT ( 'NONE',  ( 0.000000000000000000, 0.09252404735808344993, 0.08124999999999997502 ) ) ;
#1179 = DIRECTION ( 'NONE',  ( -1.000000000000000000, 0.000000000000000000, 0.000000000000000000 ) ) ;
#1180 = CARTESIAN_POINT ( 'NONE',  ( -0.1249999999999999167, -0.05177669529663682380, 0.2656250000000000000 ) ) ;
#1181 = CARTESIAN_POINT ( 'NONE',  ( -0.03832471526136872059, -0.09252404735808351932, 0.09687500000000004441 ) ) ;
#1182 = ORIENTED_EDGE ( 'NONE', *, *, #4097, .T. ) ;
#1183 = CARTESIAN_POINT ( 'NONE',  ( 0.1643444175577141175, 0.04419512920622804819, 1.000000000000000222 ) ) ;
#1184 = CARTESIAN_POINT ( 'NONE',  ( -0.04441751162870438002, 0.1052088935712126166, 0.7158004646353315348 ) ) ;
#1185 = CARTESIAN_POINT ( 'NONE',  ( 0.09252404735808347769, 0.03832471526136882467, 0.4718749999999999889 ) ) ;
#1186 = CARTESIAN_POINT ( 'NONE',  ( 0.04907772831736499641, 0.1826198768753089785, 0.9812500000000000666 ) ) ;
#1187 =( BOUNDED_CURVE ( )  B_SPLINE_CURVE ( 2, ( #2365, #1135, #736, #2685, #3058, #1112, #3439, #2270, #3014 ),
 .UNSPECIFIED., .F., .F. ) 
 B_SPLINE_CURVE_WITH_KNOTS ( ( 3, 2, 2, 2, 3 ),
 ( 0.4531250000000000000, 0.4609375000000000000, 0.4687500000000000000, 0.4765625000000000000, 0.4843750000000000000 ),
 .UNSPECIFIED. ) 
 CURVE ( )  GEOMETRIC_REPRESENTATION_ITEM ( )  RATIONAL_B_SPLINE_CURVE ( ( 1.000000000000000000, 0.9238795325112867385, 1.000000000000000000, 0.9238795325112867385, 1.000000000000000000, 0.9238795325112867385, 1.000000000000000000, 0.9238795325112867385, 1.000000000000000000 ) ) 
 REPRESENTATION_ITEM ( '' )  );
#1188 = CARTESIAN_POINT ( 'NONE',  ( -3.295631491865439644E-17, 0.1082531754730550605, 0.8828124999999998890 ) ) ;
#1189 = ORIENTED_EDGE ( 'NONE', *, *, #4225, .F. ) ;
#1190 = CARTESIAN_POINT ( 'NONE',  ( -1.530808498934190276E-17, -0.1249999999999999445, 0.07500000000000003886 ) ) ;
#1191 = CARTESIAN_POINT ( 'NONE',  ( 0.03832471526136869977, -0.09252404735808344993, 0.3593750000000000555 ) ) ;
#1192 = CARTESIAN_POINT ( 'NONE',  ( 0.06542438130972608179, -0.06542438130972592913, 0.7562499999999999778 ) ) ;
#1193 = EDGE_LOOP ( 'NONE', ( #2786, #2696, #188, #3200 ) ) ;
#1194 = CARTESIAN_POINT ( 'NONE',  ( -0.03832471526136872753, -0.09252404735808351932, 0.1531250000000000389 ) ) ;
#1195 = ADVANCED_FACE ( 'NONE', ( #352 ), #2285, .T. ) ;
#1196 = FACE_OUTER_BOUND ( 'NONE', #3535, .T. ) ;
#1197 = CARTESIAN_POINT ( 'NONE',  ( 0.1249999999999998890, 0.05177669529663691400, 0.2906250000000000222 ) ) ;
#1198 = EDGE_CURVE ( 'NONE', #1348, #1160, #1347, .T. ) ;
#1199 = CARTESIAN_POINT ( 'NONE',  ( 0.1249999999999999167, 0.05177669529663690012, 0.2406250000000000056 ) ) ;
#1200 = CARTESIAN_POINT ( 'NONE',  ( 0.1874999999999998335, -0.02454369240633526641, 0.7593750000000000222 ) ) ;
#1201 = CARTESIAN_POINT ( 'NONE',  ( -0.02454369238353784968, -0.1874999999999998890, 0.9812499999999999556 ) ) ;
#1202 = DIRECTION ( 'NONE',  ( -0.000000000000000000, -0.000000000000000000, -1.000000000000000000 ) ) ;
#1203 = DIRECTION ( 'NONE',  ( 0.8660254037844384856, 0.5000000000000001110, 0.000000000000000000 ) ) ;
#1204 = CARTESIAN_POINT ( 'NONE',  ( 0.09252404735808344993, 0.03832471526136881773, 0.4656250000000000111 ) ) ;
#1205 = VERTEX_POINT ( 'NONE', #1050 ) ;
#1206 = CARTESIAN_POINT ( 'NONE',  ( 0.03832471526136877610, 0.09252404735808343605, 0.07812499999999997224 ) ) ;
#1207 = ADVANCED_FACE ( 'NONE', ( #3382 ), #3029, .T. ) ;
#1208 = CARTESIAN_POINT ( 'NONE',  ( -0.05177669529663685849, 0.1250000000000000000, 0.4531250000000000000 ) ) ;
#1209 = CARTESIAN_POINT ( 'NONE',  ( -0.1424225543224564294, -0.1094882143616850573, 0.7500000000000002220 ) ) ;
#1210 = CARTESIAN_POINT ( 'NONE',  ( -0.09252404735808346381, -2.379491544363440974E-17, 0.08750000000000000833 ) ) ;
#1211 = CARTESIAN_POINT ( 'NONE',  ( 0.1474649246648448986, 0.08496052921698965532, 1.000000000000000000 ) ) ;
#1212 = CARTESIAN_POINT ( 'NONE',  ( 0.1249999999999999029, 1.538357638823458008E-17, 0.000000000000000000 ) ) ;
#1213 = CARTESIAN_POINT ( 'NONE',  ( 0.09252404735808347769, 5.138080077581913637E-17, 0.4187500000000000111 ) ) ;
#1214 = CARTESIAN_POINT ( 'NONE',  ( 0.1249999999999999306, 5.279903274913877016E-17, 0.4437500000000000888 ) ) ;
#1215 = FACE_OUTER_BOUND ( 'NONE', #4519, .T. ) ;
#1216 = CARTESIAN_POINT ( 'NONE',  ( 0.08838834764831837720, -0.08838834764831846047, 0.03750000000000002637 ) ) ;
#1217 = VERTEX_POINT ( 'NONE', #2929 ) ;
#1218 = CARTESIAN_POINT ( 'NONE',  ( -0.09252404735808350544, -0.03832471526136870671, 0.1968749999999999944 ) ) ;
#1219 =( BOUNDED_CURVE ( )  B_SPLINE_CURVE ( 2, ( #3187, #4678, #545, #4326, #1723, #924, #1275, #4703, #1345 ),
 .UNSPECIFIED., .F., .T. ) 
 B_SPLINE_CURVE_WITH_KNOTS ( ( 3, 2, 2, 2, 3 ),
 ( 0.1718750000000000278, 0.1796875000000000278, 0.1875000000000000000, 0.1953125000000000000, 0.2031250000000000000 ),
 .UNSPECIFIED. ) 
 CURVE ( )  GEOMETRIC_REPRESENTATION_ITEM ( )  RATIONAL_B_SPLINE_CURVE ( ( 0.9999999999999997780, 0.9238795325112869605, 1.000000000000000000, 0.9238795325112867385, 1.000000000000000000, 0.9238795325112867385, 1.000000000000000000, 0.9238795325112867385, 1.000000000000000000 ) ) 
 REPRESENTATION_ITEM ( '' )  );
#1220 = CARTESIAN_POINT ( 'NONE',  ( 0.08838834764831839108, 0.08838834764831840496, 0.3437500000000000555 ) ) ;
#1221 = EDGE_CURVE ( 'NONE', #2150, #332, #4079, .T. ) ;
#1222 = CARTESIAN_POINT ( 'NONE',  ( 0.08838834764831837720, -0.08838834764831833557, 0.3312500000000000444 ) ) ;
#1223 = CARTESIAN_POINT ( 'NONE',  ( -0.09252404735808350544, 0.03832471526136875528, 0.2906250000000000222 ) ) ;
#1224 = CARTESIAN_POINT ( 'NONE',  ( -0.1152275101366058846, -0.1499375328083491221, 0.7593750000000000222 ) ) ;
#1225 = CARTESIAN_POINT ( 'NONE',  ( -0.1874999999999998335, -0.02454369238351460092, 0.9812499999999999556 ) ) ;
#1226 = CARTESIAN_POINT ( 'NONE',  ( 0.06542438130972608179, -0.06542438130972592913, 0.7562499999999999778 ) ) ;
#1227 = CARTESIAN_POINT ( 'NONE',  ( -0.08838834764831837720, 0.08838834764831839108, 0.1562499999999999722 ) ) ;
#1228 = CARTESIAN_POINT ( 'NONE',  ( -0.03832471526136870671, 0.09252404735808356095, 0.5281250000000000666 ) ) ;
#1229 = CARTESIAN_POINT ( 'NONE',  ( 0.09252404735808346381, 0.03832471526136883855, 0.5218749999999999778 ) ) ;
#1230 = CARTESIAN_POINT ( 'NONE',  ( 0.05177669529663694176, 0.1250000000000000000, 0.4031250000000000111 ) ) ;
#1231 = CARTESIAN_POINT ( 'NONE',  ( 0.09252404735808346381, 5.231002706149078048E-18, 0.2625000000000000111 ) ) ;
#1232 = CARTESIAN_POINT ( 'NONE',  ( 0.09252404735808344993, 0.03832471526136869283, 0.06562499999999998890 ) ) ;
#1233 = CARTESIAN_POINT ( 'NONE',  ( 0.03832471526136869977, -0.09252404735808344993, 0.4093750000000000444 ) ) ;
#1234 = CARTESIAN_POINT ( 'NONE',  ( 0.1687499999999998446, -0.02208932314516101961, 1.000000000000000000 ) ) ;
#1235 = CARTESIAN_POINT ( 'NONE',  ( -0.03832471526136872059, -0.09252404735808346381, 0.1968750000000000222 ) ) ;
#1236 = ORIENTED_EDGE ( 'NONE', *, *, #4249, .F. ) ;
#1237 = CARTESIAN_POINT ( 'NONE',  ( 0.1249999999999999306, -2.104064416233336445E-17, 0.1937500000000000056 ) ) ;
#1238 = EDGE_LOOP ( 'NONE', ( #3645, #3263, #1561, #1543 ) ) ;
#1239 = CARTESIAN_POINT ( 'NONE',  ( 0.06542438130972610955, 0.06542438130972608179, 0.2249999999999999778 ) ) ;
#1240 = CARTESIAN_POINT ( 'NONE',  ( 0.07759162488293253057, 0.06469572660077399506, 0.01329089406425251578 ) ) ;
#1241 = CARTESIAN_POINT ( 'NONE',  ( 6.091376809005443538E-17, -0.1082531754730545887, 0.8828124999999998890 ) ) ;
#1242 = CIRCLE ( 'NONE', #1968, 0.08749999999999996669 ) ;
#1243 = CARTESIAN_POINT ( 'NONE',  ( 0.05177669529663682380, -0.1249999999999999722, 0.1781250000000001166 ) ) ;
#1244 = CIRCLE ( 'NONE', #4420, 0.1249999999999999029 ) ;
#1245 = CARTESIAN_POINT ( 'NONE',  ( 0.09252404735808347769, 1.547563484518801119E-16, 0.7687500000000000444 ) ) ;
#1246 = CARTESIAN_POINT ( 'NONE',  ( -0.1250000000000004996, 0.05177669529663646297, 0.7156250000000000666 ) ) ;
#1247 = DIRECTION ( 'NONE',  ( -0.000000000000000000, -0.000000000000000000, -1.000000000000000000 ) ) ;
#1248 = CARTESIAN_POINT ( 'NONE',  ( -0.1874999999999998612, 0.02454369238351464602, 1.000000000000000000 ) ) ;
#1249 = CARTESIAN_POINT ( 'NONE',  ( 0.03832471526136869283, -0.09252404735808332503, 0.7531249999999999334 ) ) ;
#1250 = CARTESIAN_POINT ( 'NONE',  ( 0.1249999999999999167, -5.242250684970901619E-17, 0.08750000000000000833 ) ) ;
#1251 = CARTESIAN_POINT ( 'NONE',  ( -0.1249999999999999306, 4.649536427208649452E-17, 0.3187500000000000333 ) ) ;
#1252 = CARTESIAN_POINT ( 'NONE',  ( 0.06542438130972608179, -0.06542438130972597077, 0.6062499999999999556 ) ) ;
#1253 = CIRCLE ( 'NONE', #4583, 0.1487499999999999101 ) ;
#1254 = CARTESIAN_POINT ( 'NONE',  ( -0.1249999999999999584, 0.05177669529663690012, 0.3156249999999999889 ) ) ;
#1255 = AXIS2_PLACEMENT_3D ( 'NONE', #4673, #2100, #1621 ) ;
#1256 = CARTESIAN_POINT ( 'NONE',  ( 0.000000000000000000, 2.561107494060246767E-17, 0.8203125000000002220 ) ) ;
#1257 = CARTESIAN_POINT ( 'NONE',  ( -0.03832471526136872059, -0.09252404735808347769, 0.1968750000000000222 ) ) ;
#1258 = AXIS2_PLACEMENT_3D ( 'NONE', #160, #1678, #546 ) ;
#1259 = CARTESIAN_POINT ( 'NONE',  ( 0.03832471526136876916, 0.09252404735808342218, 0.07187499999999996669 ) ) ;
#1260 = CARTESIAN_POINT ( 'NONE',  ( -0.01585442483018011800, 0.1112659313436380332, 0.7147589368144174893 ) ) ;
#1261 = EDGE_CURVE ( 'NONE', #2196, #2437, #1895, .T. ) ;
#1262 = CARTESIAN_POINT ( 'NONE',  ( 0.06542438130972610955, 0.06542438130972612342, 0.3250000000000000111 ) ) ;
#1263 = CARTESIAN_POINT ( 'NONE',  ( -0.1687499999999998446, 2.744475302765376591E-17, 1.000000000000000000 ) ) ;
#1264 = CARTESIAN_POINT ( 'NONE',  ( -0.03832471526136872059, -0.09252404735808351932, 0.09687500000000004441 ) ) ;
#1265 = EDGE_LOOP ( 'NONE', ( #4246, #2231, #1702, #794 ) ) ;
#1266 = CARTESIAN_POINT ( 'NONE',  ( 0.1249999999999999167, 0.05177669529663686543, 0.09687500000000000278 ) ) ;
#1267 = ORIENTED_EDGE ( 'NONE', *, *, #1937, .F. ) ;
#1268 = CARTESIAN_POINT ( 'NONE',  ( -0.06542438130972609567, 0.06542438130972608179, 0.1374999999999999833 ) ) ;
#1269 = DIRECTION ( 'NONE',  ( 0.000000000000000000, 0.000000000000000000, -1.000000000000000000 ) ) ;
#1270 = ORIENTED_EDGE ( 'NONE', *, *, #1261, .T. ) ;
#1271 = CARTESIAN_POINT ( 'NONE',  ( -0.03832471526136870671, 0.09252404735808353320, 0.4781250000000000777 ) ) ;
#1272 = CARTESIAN_POINT ( 'NONE',  ( -0.05177669529663686543, -0.1249999999999998473, 0.4218750000000000555 ) ) ;
#1273 = CARTESIAN_POINT ( 'NONE',  ( -0.1249999999999999167, -0.05177669529663683767, 0.2156250000000000111 ) ) ;
#1274 = CARTESIAN_POINT ( 'NONE',  ( -0.09442855861386008354, -0.1638349479016200649, 0.9812499999999999556 ) ) ;
#1275 = CARTESIAN_POINT ( 'NONE',  ( -0.08838834764831837720, 0.08838834764831837720, 0.1124999999999999750 ) ) ;
#1276 = CARTESIAN_POINT ( 'NONE',  ( 0.09375000000000001388, 0.05412658773652767596, 0.8828124999999998890 ) ) ;
#1277 = CARTESIAN_POINT ( 'NONE',  ( 0.000000000000000000, -1.104688079777929626E-16, 1.000000000000000000 ) ) ;
#1278 = VERTEX_POINT ( 'NONE', #4878 ) ;
#1279 = EDGE_LOOP ( 'NONE', ( #669, #1061, #521, #289 ) ) ;
#1280 = CARTESIAN_POINT ( 'NONE',  ( 0.003061455531566665503, -0.1212602372696411912, 0.03365729822108034369 ) ) ;
#1281 = CARTESIAN_POINT ( 'NONE',  ( 0.09375000000000024980, -0.03631973612757355419, 0.8781419288023962766 ) ) ;
#1282 = CARTESIAN_POINT ( 'NONE',  ( 0.03832471526136869283, -0.09252404735808343605, 0.4031250000000000111 ) ) ;
#1283 = EDGE_CURVE ( 'NONE', #2351, #1348, #3257, .T. ) ;
#1284 = CARTESIAN_POINT ( 'NONE',  ( 0.1874999999999998335, 2.219009066670379316E-17, 0.7593750000000000222 ) ) ;
#1285 = CARTESIAN_POINT ( 'NONE',  ( -0.1249999999999999167, 1.511350158471084894E-17, 0.2125000000000000222 ) ) ;
#1286 = CARTESIAN_POINT ( 'NONE',  ( -0.1249999999999999167, -0.05177669529663676135, 0.4656250000000000111 ) ) ;
#1287 = CARTESIAN_POINT ( 'NONE',  ( -0.09252404735808347769, 8.142662415521335812E-17, 0.4437500000000000333 ) ) ;
#1288 = CARTESIAN_POINT ( 'NONE',  ( -0.1249999999999999167, 3.455662024164220365E-19, 0.1625000000000000056 ) ) ;
#1289 = CARTESIAN_POINT ( 'NONE',  ( -0.03832471526136870671, 0.09252404735808346381, 0.1781249999999999500 ) ) ;
#1290 = CARTESIAN_POINT ( 'NONE',  ( 0.08838834764831840496, 0.08838834764831836333, 0.1499999999999999944 ) ) ;
#1291 = CARTESIAN_POINT ( 'NONE',  ( -0.06542438130972610955, -0.06542438130972608179, 0.2500000000000000555 ) ) ;
#1292 =( BOUNDED_CURVE ( )  B_SPLINE_CURVE ( 2, ( #4769, #636, #2527, #1817, #989, #3637, #293, #2139, #1361 ),
 .UNSPECIFIED., .F., .F. ) 
 B_SPLINE_CURVE_WITH_KNOTS ( ( 3, 2, 2, 2, 3 ),
 ( 0.4843750000000000000, 0.4921875000000000000, 0.5000000000000000000, 0.5078125000000000000, 0.5156250000000000000 ),
 .UNSPECIFIED. ) 
 CURVE ( )  GEOMETRIC_REPRESENTATION_ITEM ( )  RATIONAL_B_SPLINE_CURVE ( ( 1.000000000000000000, 0.9238795325112867385, 1.000000000000000000, 0.9238795325112867385, 1.000000000000000000, 0.9238795325112867385, 1.000000000000000000, 0.9238795325112867385, 1.000000000000000000 ) ) 
 REPRESENTATION_ITEM ( '' )  );
#1293 = CARTESIAN_POINT ( 'NONE',  ( 0.04907772831736500335, 0.1826198768753090063, 0.7593750000000001332 ) ) ;
#1294 = VERTEX_POINT ( 'NONE', #4145 ) ;
#1295 = CARTESIAN_POINT ( 'NONE',  ( -0.08838834764831837720, 0.08838834764831847435, 0.4562499999999999889 ) ) ;
#1296 = CARTESIAN_POINT ( 'NONE',  ( -0.09252404735808350544, -0.03832471526136876916, -0.003124999999999993235 ) ) ;
#1297 = DIRECTION ( 'NONE',  ( -1.000000000000000000, 0.000000000000000000, 0.000000000000000000 ) ) ;
#1298 = CARTESIAN_POINT ( 'NONE',  ( -0.09375000000000023592, 0.009141833668847448163, 0.8744390877365274539 ) ) ;
#1299 = CARTESIAN_POINT ( 'NONE',  ( -0.1249999999999999167, 1.037211138784774086E-16, 0.5125000000000000666 ) ) ;
#1300 = ORIENTED_EDGE ( 'NONE', *, *, #4476, .F. ) ;
#1301 = ORIENTED_EDGE ( 'NONE', *, *, #2395, .F. ) ;
#1302 = CARTESIAN_POINT ( 'NONE',  ( 0.1249999999999998890, -0.05177669529663687931, 0.3406250000000000111 ) ) ;
#1303 = CARTESIAN_POINT ( 'NONE',  ( 0.000000000000000000, -1.104688079777929626E-16, 1.000000000000000000 ) ) ;
#1304 = CARTESIAN_POINT ( 'NONE',  ( 0.07664179646899169085, -0.05510217529944368836, 0.006596891385917194595 ) ) ;
#1305 = CARTESIAN_POINT ( 'NONE',  ( 0.09252404735808344993, 0.03832471526136877610, 0.3656250000000000333 ) ) ;
#1306 = CARTESIAN_POINT ( 'NONE',  ( 0.000000000000000000, 7.549139889267777477E-20, 0.000000000000000000 ) ) ;
#1307 = EDGE_CURVE ( 'NONE', #1079, #1120, #4105, .T. ) ;
#1308 = CARTESIAN_POINT ( 'NONE',  ( 0.09375000000000001388, 0.009141833668847416938, 0.9916265877365274539 ) ) ;
#1309 = CARTESIAN_POINT ( 'NONE',  ( 0.04907772831736508662, -0.1826198768753090618, 0.9812500000000003997 ) ) ;
#1310 = CARTESIAN_POINT ( 'NONE',  ( -1.133092784412350615E-17, -0.09252404735808339442, 0.5062500000000000888 ) ) ;
#1311 = DIRECTION ( 'NONE',  ( 0.7071067811865435759, 0.000000000000000000, 0.7071067811865514585 ) ) ;
#1312 = CARTESIAN_POINT ( 'NONE',  ( -0.09252404735808346381, 0.03832471526136868589, 0.08437500000000000555 ) ) ;
#1313 = CARTESIAN_POINT ( 'NONE',  ( -0.08838834764831837720, 0.08838834764831840496, 0.2625000000000000111 ) ) ;
#1314 = CARTESIAN_POINT ( 'NONE',  ( 0.09252404735808347769, 0.03832471526136878998, 0.3718750000000000111 ) ) ;
#1315 = CARTESIAN_POINT ( 'NONE',  ( -0.09442855881954358155, 0.1638349478164231598, 0.7593749999999996891 ) ) ;
#1316 = B_SPLINE_CURVE_WITH_KNOTS ( 'NONE', 3,
 ( #598, #504, #2127, #141, #3191, #3955, #552, #4710, #2790, #879 ),
 .UNSPECIFIED., .F., .F.,
 ( 4, 2, 2, 2, 4 ),
 ( 0.002357542806382271084, 0.003052673275234247825, 0.003747803744086224131, 0.004442934212938200872, 0.005138064681790177612 ),
 .UNSPECIFIED. ) ;
#1317 = CARTESIAN_POINT ( 'NONE',  ( 0.1249999999999999167, 5.095304082635194700E-17, 0.4375000000000000555 ) ) ;
#1318 = CARTESIAN_POINT ( 'NONE',  ( 0.09252404735808347769, -0.03832471526136879691, 0.06562500000000000278 ) ) ;
#1319 = EDGE_CURVE ( 'NONE', #2866, #1432, #204, .T. ) ;
#1320 = CARTESIAN_POINT ( 'NONE',  ( 0.1249999999999999306, 5.279903274913877016E-17, 0.4437500000000000888 ) ) ;
#1321 = CARTESIAN_POINT ( 'NONE',  ( -0.01539068948143306609, 0.09936735675793577360, 0.9953376562697852092 ) ) ;
#1322 = CARTESIAN_POINT ( 'NONE',  ( -1.133092784412350307E-17, -0.09252404735808331115, 0.7000000000000000666 ) ) ;
#1323 = CARTESIAN_POINT ( 'NONE',  ( -0.1249999999999999306, 6.126329965438092575E-17, 0.3687500000000000777 ) ) ;
#1324 = CARTESIAN_POINT ( 'NONE',  ( -0.1123300382759835625, -0.02335168939382955763, 0.02662526693410869824 ) ) ;
#1325 = DIRECTION ( 'NONE',  ( -1.000000000000000000, 0.000000000000000000, 0.000000000000000000 ) ) ;
#1326 = VECTOR ( 'NONE', #3785, 39.37007874015748143 ) ;
#1327 = CARTESIAN_POINT ( 'NONE',  ( -0.09252404735808347769, 0.03832471526136874140, 0.2843750000000000444 ) ) ;
#1328 = ORIENTED_EDGE ( 'NONE', *, *, #988, .T. ) ;
#1329 = CARTESIAN_POINT ( 'NONE',  ( -0.09252404735808346381, -3.856285082592883482E-17, 0.03749999999999999861 ) ) ;
#1330 = VECTOR ( 'NONE', #3941, 39.37007874015748143 ) ;
#1331 = DIRECTION ( 'NONE',  ( -0.000000000000000000, -0.000000000000000000, -1.000000000000000000 ) ) ;
#1332 = CARTESIAN_POINT ( 'NONE',  ( -0.1638349478164231876, -0.09442855881954366482, 0.9812499999999999556 ) ) ;
#1333 = CARTESIAN_POINT ( 'NONE',  ( 0.000000000000000000, 0.09252404735808358871, 0.5312500000000000000 ) ) ;
#1334 = DIRECTION ( 'NONE',  ( -0.000000000000000000, -0.000000000000000000, 1.000000000000000000 ) ) ;
#1335 = CARTESIAN_POINT ( 'NONE',  ( -0.06542438130972608179, -0.06542438130972608179, 0.1437500000000000167 ) ) ;
#1336 = CIRCLE ( 'NONE', #2856, 0.1082531754730549772 ) ;
#1337 = CARTESIAN_POINT ( 'NONE',  ( -0.08838834764831837720, 0.08838834764831839108, 0.1624999999999999778 ) ) ;
#1338 = CARTESIAN_POINT ( 'NONE',  ( 0.05177669529663682380, -0.1249999999999998057, 0.6281250000000000444 ) ) ;
#1339 = CARTESIAN_POINT ( 'NONE',  ( -0.09252404735808350544, -0.03832471526136866508, 0.3468750000000000444 ) ) ;
#1340 = CARTESIAN_POINT ( 'NONE',  ( -0.04907772831736500335, 0.1826198768753090340, 0.7593749999999999112 ) ) ;
#1341 = CARTESIAN_POINT ( 'NONE',  ( -1.530808498934190276E-17, -0.1249999999999998057, 0.5250000000000000222 ) ) ;
#1342 = CARTESIAN_POINT ( 'NONE',  ( -0.05177669529663686543, -0.1249999999999997918, 0.5718750000000001332 ) ) ;
#1343 = DIRECTION ( 'NONE',  ( -0.000000000000000000, -0.000000000000000000, -1.000000000000000000 ) ) ;
#1344 = CARTESIAN_POINT ( 'NONE',  ( -0.1499375329496586418, -0.1152275099952964621, 0.7593750000000000222 ) ) ;
#1345 = CARTESIAN_POINT ( 'NONE',  ( -0.1249999999999999306, -1.257637725709120270E-17, 0.1187499999999999944 ) ) ;
#1346 = CARTESIAN_POINT ( 'NONE',  ( -0.04304057651590800088, -0.1142877338748356508, 0.7204796071552482806 ) ) ;
#1347 =( BOUNDED_CURVE ( )  B_SPLINE_CURVE ( 2, ( #650, #376, #2228, #4904, #3292, #1029, #4802, #281, #2950 ),
 .UNSPECIFIED., .F., .T. ) 
 B_SPLINE_CURVE_WITH_KNOTS ( ( 3, 2, 2, 2, 3 ),
 ( 0.1406250000000000000, 0.1484375000000000000, 0.1562500000000000000, 0.1640625000000000278, 0.1718750000000000278 ),
 .UNSPECIFIED. ) 
 CURVE ( )  GEOMETRIC_REPRESENTATION_ITEM ( )  RATIONAL_B_SPLINE_CURVE ( ( 1.000000000000000000, 0.9238795325112867385, 1.000000000000000000, 0.9238795325112867385, 1.000000000000000000, 0.9238795325112867385, 1.000000000000000000, 0.9238795325112865164, 1.000000000000000222 ) ) 
 REPRESENTATION_ITEM ( '' )  );
#1348 = VERTEX_POINT ( 'NONE', #148 ) ;
#1349 = CARTESIAN_POINT ( 'NONE',  ( -0.08073271085382371925, -0.08516679705033011749, 0.02970550530962010397 ) ) ;
#1350 = DIRECTION ( 'NONE',  ( -1.000000000000000000, 0.000000000000000000, 0.000000000000000000 ) ) ;
#1351 = CARTESIAN_POINT ( 'NONE',  ( -0.03832471526136870671, 0.09252404735808351932, 0.4281250000000000333 ) ) ;
#1352 = VERTEX_POINT ( 'NONE', #1288 ) ;
#1353 = CARTESIAN_POINT ( 'NONE',  ( -0.09252404735808347769, 0.03832471526136873446, 0.2343750000000000000 ) ) ;
#1354 = CARTESIAN_POINT ( 'NONE',  ( -0.08838834764831839108, -0.08838834764831830781, 0.4250000000000000444 ) ) ;
#1355 = CARTESIAN_POINT ( 'NONE',  ( 0.06542438130972609567, -0.06542438130972599852, 0.5625000000000001110 ) ) ;
#1356 = CARTESIAN_POINT ( 'NONE',  ( 0.1643578891110934470, 0.04416995567076276163, 1.000000000000000000 ) ) ;
#1357 = CARTESIAN_POINT ( 'NONE',  ( 0.04907772852308893430, -0.1826198767900953923, 0.9812499999999999556 ) ) ;
#1358 = CARTESIAN_POINT ( 'NONE',  ( -0.05177669529663687931, -0.1249999999999998335, 0.5281250000000000666 ) ) ;
#1359 = CARTESIAN_POINT ( 'NONE',  ( -1.133092784412350615E-17, -0.09252404735808344993, 0.3562500000000000666 ) ) ;
#1360 = CARTESIAN_POINT ( 'NONE',  ( -0.03152818781910433910, -0.08698662375540350267, 0.7034921628294169560 ) ) ;
#1361 = CARTESIAN_POINT ( 'NONE',  ( -0.1249999999999999306, 6.126329965438092575E-17, 0.3687500000000000777 ) ) ;
#1362 = CARTESIAN_POINT ( 'NONE',  ( -0.05177669529663685849, 0.1250000000000000278, 0.5531250000000000888 ) ) ;
#1363 = CARTESIAN_POINT ( 'NONE',  ( 0.05177669529663694176, 0.1250000000000000555, 0.7531249999999999334 ) ) ;
#1364 = CARTESIAN_POINT ( 'NONE',  ( -0.1249999999999999167, 0.05177669529663686543, 0.1593749999999999889 ) ) ;
#1365 = CARTESIAN_POINT ( 'NONE',  ( -0.1249999999999999167, -0.05177669529663678910, 0.3656250000000000333 ) ) ;
#1366 = CARTESIAN_POINT ( 'NONE',  ( 0.09138643749169490793, -0.03517081364632532875, 0.7065285844721208575 ) ) ;
#1367 = CARTESIAN_POINT ( 'NONE',  ( -0.1249999999999999167, -0.05177669529663667808, 0.7156250000000000666 ) ) ;
#1368 = CARTESIAN_POINT ( 'NONE',  ( 0.06542438130972609567, -0.06542438130972612342, 0.1625000000000000333 ) ) ;
#1369 = DIRECTION ( 'NONE',  ( -0.000000000000000000, -0.000000000000000000, -1.000000000000000000 ) ) ;
#1370 = CARTESIAN_POINT ( 'NONE',  ( -0.1874999999999998335, -2.288663608512017529E-17, 0.7593750000000000222 ) ) ;
#1371 = CARTESIAN_POINT ( 'NONE',  ( 0.03921503612455887189, -0.08380262693537951502, 0.7034921628294172891 ) ) ;
#1372 = CARTESIAN_POINT ( 'NONE',  ( 0.000000000000000000, 0.1250000000000000278, 0.5062499999999999778 ) ) ;
#1373 = CARTESIAN_POINT ( 'NONE',  ( 0.09252404735808347769, 0.03832471526136883855, 0.5218749999999999778 ) ) ;
#1374 = CARTESIAN_POINT ( 'NONE',  ( -0.1249999999999999167, -1.442236917987799813E-17, 0.1125000000000000167 ) ) ;
#1375 = CARTESIAN_POINT ( 'NONE',  ( -0.1152275101366111026, 0.1499375328083439873, 0.7500000000000001110 ) ) ;
#1376 =( BOUNDED_SURFACE ( )  B_SPLINE_SURFACE ( 2, 3, ( 
 ( #2135, #633, #315, #4460, #2569, #3279, #2210, #4440, #1838, #2590, #4034, #4089, #2937, #2958, #4809, #3655, #1430, #1785, #1356, #1457, #2159, #4866, #3684, #4487, #267, #1811, #2986, #2912, #3714, #3345, #3320, #4412, #579, #605 ),
 ( #288, #1038, #3298, #3633, #1088, #4836, #2617, #4786, #2522, #2112, #1013, #3607, #220, #1738, #3256, #4765, #2890, #4385, #983, #1626, #4204, #2384, #2782, #4628, #424, #818, #2730, #872, #4654, #4251, #791, #847, #1248, #2359 ),
 ( #1602, #1225, #4576, #66, #3140, #3879, #1274, #500, #1201, #134, #1649, #1171, #1574, #3828, #4274, #3092, #450, #39, #2032, #472, #2411, #3530, #1930, #3161, #1547, #4603, #96, #2006, #4230, #4117, #3738, #1951, #401, #3508 ) ),
 .UNSPECIFIED., .F., .T., .F. ) 
 B_SPLINE_SURFACE_WITH_KNOTS ( ( 3, 3 ),
 ( 4, 2, 2, 2, 2, 2, 2, 2, 2, 2, 2, 2, 2, 2, 2, 2, 4 ),
 ( 0.000000000000000000, 1.000000000000000000 ),
 ( -3.141592653589793116, -2.748893571891068976, -2.356194490192344837, -1.963495408493620697, -1.570796326794896558, -1.178097245096172418, -0.7853981633974482790, -0.3926990816987241395, 0.000000000000000000, 0.3926990816987241395, 0.7853981633974482790, 1.178097245096172418, 1.570796326794896558, 1.963495408493620697, 2.356194490192344837, 2.748893571891068976, 3.141592653589793116 ),
 .UNSPECIFIED. ) 
 GEOMETRIC_REPRESENTATION_ITEM ( )  RATIONAL_B_SPLINE_SURFACE ( (
 ( 1.000000000000000000, 1.000000000000000000, 1.000000000000000000, 1.000000000000000000, 1.000000000000000000, 1.000000000000000000, 1.000000000000000000, 1.000000000000000000, 1.000000000000000000, 1.000000000000000000, 1.000000000000000000, 1.000000000000000000, 1.000000000000000000, 1.000000000000000000, 1.000000000000000000, 1.000000000000000000, 1.000000000000000000, 1.000000000000000000, 1.000000000000000000, 1.000000000000000000, 1.000000000000000000, 1.000000000000000000, 1.000000000000000000, 1.000000000000000000, 1.000000000000000000, 1.000000000000000000, 1.000000000000000000, 1.000000000000000000, 1.000000000000000000, 1.000000000000000000, 1.000000000000000000, 1.000000000000000000, 1.000000000000000000, 1.000000000000000000),
 ( 0.3333333333333333148, 0.3333333333333333148, 0.3333333333333333148, 0.3333333333333333148, 0.3333333333333333148, 0.3333333333333333148, 0.3333333333333333148, 0.3333333333333333148, 0.3333333333333333148, 0.3333333333333333148, 0.3333333333333333148, 0.3333333333333333148, 0.3333333333333333148, 0.3333333333333333148, 0.3333333333333333148, 0.3333333333333333148, 0.3333333333333333148, 0.3333333333333333148, 0.3333333333333333148, 0.3333333333333333148, 0.3333333333333333148, 0.3333333333333333148, 0.3333333333333333148, 0.3333333333333333148, 0.3333333333333333148, 0.3333333333333333148, 0.3333333333333333148, 0.3333333333333333148, 0.3333333333333333148, 0.3333333333333333148, 0.3333333333333333148, 0.3333333333333333148, 0.3333333333333333148, 0.3333333333333333148),
 ( 1.000000000000000000, 1.000000000000000000, 1.000000000000000000, 1.000000000000000000, 1.000000000000000000, 1.000000000000000000, 1.000000000000000000, 1.000000000000000000, 1.000000000000000000, 1.000000000000000000, 1.000000000000000000, 1.000000000000000000, 1.000000000000000000, 1.000000000000000000, 1.000000000000000000, 1.000000000000000000, 1.000000000000000000, 1.000000000000000000, 1.000000000000000000, 1.000000000000000000, 1.000000000000000000, 1.000000000000000000, 1.000000000000000000, 1.000000000000000000, 1.000000000000000000, 1.000000000000000000, 1.000000000000000000, 1.000000000000000000, 1.000000000000000000, 1.000000000000000000, 1.000000000000000000, 1.000000000000000000, 1.000000000000000000, 1.000000000000000000) ) ) 
 REPRESENTATION_ITEM ( '' )  SURFACE ( )  );
#1377 = CARTESIAN_POINT ( 'NONE',  ( 0.09252404735808346381, 1.999893808844349080E-17, 0.3125000000000000000 ) ) ;
#1378 = B_SPLINE_CURVE_WITH_KNOTS ( 'NONE', 3,
 ( #3491, #3836, #1153, #2682, #1729, #2814, #1304, #239, #953, #2491 ),
 .UNSPECIFIED., .F., .F.,
 ( 4, 2, 2, 2, 4 ),
 ( 0.01547374774114334411, 0.01603989863753878947, 0.01660604953393423483, 0.01717220043032968366, 0.01773835132672512901 ),
 .UNSPECIFIED. ) ;
#1379 = CARTESIAN_POINT ( 'NONE',  ( -0.09252404735808347769, 0.03832471526136870671, 0.1843750000000000111 ) ) ;
#1380 = DIRECTION ( 'NONE',  ( 0.000000000000000000, 0.000000000000000000, -1.000000000000000000 ) ) ;
#1381 = CARTESIAN_POINT ( 'NONE',  ( 0.1499375329496586418, -0.1152275099952964343, 0.9812499999999998446 ) ) ;
#1382 = CARTESIAN_POINT ( 'NONE',  ( -0.03832471526136872059, 0.09252404735808358871, 0.5843750000000000888 ) ) ;
#1383 = ORIENTED_EDGE ( 'NONE', *, *, #118, .T. ) ;
#1384 = CARTESIAN_POINT ( 'NONE',  ( -0.1349437795129976303, 0.1037047591374619659, 1.000000000000000000 ) ) ;
#1385 = CARTESIAN_POINT ( 'NONE',  ( 0.1249999999999999167, 1.100247823555296535E-16, 0.6375000000000000666 ) ) ;
#1386 = CARTESIAN_POINT ( 'NONE',  ( -0.1249999999999999306, 2.191558125203223534E-18, 0.1687500000000000111 ) ) ;
#1387 = CARTESIAN_POINT ( 'NONE',  ( 0.08838834764831837720, -0.08838834764831823843, 0.7374999999999999334 ) ) ;
#1388 = CARTESIAN_POINT ( 'NONE',  ( -0.06542438130972608179, 0.06542438130972622057, 0.6312499999999999778 ) ) ;
#1389 = CARTESIAN_POINT ( 'NONE',  ( -1.530808498934190276E-17, -0.1249999999999997641, 0.6750000000000000444 ) ) ;
#1390 = CARTESIAN_POINT ( 'NONE',  ( -0.03832471526136872059, 0.09252404735808347769, 0.1343749999999999944 ) ) ;
#1391 = CARTESIAN_POINT ( 'NONE',  ( -0.09375000000000020817, 3.709213845753195715E-17, 0.8744390877365274539 ) ) ;
#1392 = CARTESIAN_POINT ( 'NONE',  ( 0.1638349478928923242, 0.09442855863492051471, 0.7500000000000001110 ) ) ;
#1393 = ORIENTED_EDGE ( 'NONE', *, *, #3958, .F. ) ;
#1394 = CARTESIAN_POINT ( 'NONE',  ( 0.08838834764831837720, -0.08838834764831830781, 0.5375000000000000888 ) ) ;
#1395 = CARTESIAN_POINT ( 'NONE',  ( -0.03832471526136872753, -0.09252404735808342218, 0.4531250000000002220 ) ) ;
#1396 = DIRECTION ( 'NONE',  ( -0.000000000000000000, -0.000000000000000000, -1.000000000000000000 ) ) ;
#1397 = CARTESIAN_POINT ( 'NONE',  ( 0.1152275101366036919, -0.1499375328083513981, 0.7500000000000001110 ) ) ;
#1398 = CARTESIAN_POINT ( 'NONE',  ( -0.09252404735808347769, -0.03832471526136859569, 0.5406250000000000222 ) ) ;
#1399 = CARTESIAN_POINT ( 'NONE',  ( 0.03832471526136876916, 0.09252404735808344993, 0.2218749999999999611 ) ) ;
#1400 =( BOUNDED_CURVE ( )  B_SPLINE_CURVE ( 2, ( #3313, #2606, #4855 ),
 .UNSPECIFIED., .F., .F. ) 
 B_SPLINE_CURVE_WITH_KNOTS ( ( 3, 3 ),
 ( 0.000000000000000000, 1.000000000000000000 ),
 .UNSPECIFIED. ) 
 CURVE ( )  GEOMETRIC_REPRESENTATION_ITEM ( )  RATIONAL_B_SPLINE_CURVE ( ( 1.000000000000000000, 0.3333333333333333148, 1.000000000000000000 ) ) 
 REPRESENTATION_ITEM ( '' )  );
#1401 = VECTOR ( 'NONE', #2641, 39.37007874015748143 ) ;
#1402 = CARTESIAN_POINT ( 'NONE',  ( 0.0006460662650155054622, -0.09585834028453332767, 0.008043942407761397670 ) ) ;
#1403 = CARTESIAN_POINT ( 'NONE',  ( -0.06542438130972609567, 0.06542438130972620669, 0.5374999999999999778 ) ) ;
#1404 = DIRECTION ( 'NONE',  ( -0.000000000000000000, -0.000000000000000000, -1.000000000000000000 ) ) ;
#1405 = ORIENTED_EDGE ( 'NONE', *, *, #620, .T. ) ;
#1406 = VECTOR ( 'NONE', #1650, 39.37007874015748143 ) ;
#1407 = CARTESIAN_POINT ( 'NONE',  ( -0.09442855861383228633, 0.1638349479016325272, 1.000000000000000000 ) ) ;
#1408 = CARTESIAN_POINT ( 'NONE',  ( 0.1249999999999999167, 1.100247823555296535E-16, 0.6375000000000000666 ) ) ;
#1409 = EDGE_CURVE ( 'NONE', #2866, #3882, #195, .T. ) ;
#1410 = AXIS2_PLACEMENT_3D ( 'NONE', #1798, #1027, #645 ) ;
#1411 = CARTESIAN_POINT ( 'NONE',  ( 0.08838834764831837720, -0.08838834764831825230, 0.6875000000000000000 ) ) ;
#1412 = ORIENTED_EDGE ( 'NONE', *, *, #1880, .T. ) ;
#1413 = CARTESIAN_POINT ( 'NONE',  ( -0.08838834764831837720, 0.08838834764831852986, 0.6624999999999999778 ) ) ;
#1414 = CARTESIAN_POINT ( 'NONE',  ( -0.09252404735808347769, -0.03832471526136857487, 0.6406250000000000000 ) ) ;
#1415 = CARTESIAN_POINT ( 'NONE',  ( -0.1249999999999999167, 0.05177669529663698339, 0.5593750000000000666 ) ) ;
#1416 = CARTESIAN_POINT ( 'NONE',  ( 0.000000000000000000, 0.1250000000000000278, 0.5999999999999999778 ) ) ;
#1417 = CARTESIAN_POINT ( 'NONE',  ( -0.09252404735808347769, 2.235488262603567632E-17, 0.2437500000000000222 ) ) ;
#1418 = CARTESIAN_POINT ( 'NONE',  ( -0.1010079492277808494, 0.04639497805579326228, 0.02343631167433869733 ) ) ;
#1419 = CARTESIAN_POINT ( 'NONE',  ( -0.1826198767988397031, -0.04907772850198854203, 0.7500000000000001110 ) ) ;
#1420 = CARTESIAN_POINT ( 'NONE',  ( -0.1556566722342695996, 0.08968195723107984241, 0.7500000000000001110 ) ) ;
#1421 = ORIENTED_EDGE ( 'NONE', *, *, #4697, .T. ) ;
#1422 = CARTESIAN_POINT ( 'NONE',  ( 0.09252404735808347769, -0.03832471526136867895, 0.4656250000000001221 ) ) ;
#1423 = CARTESIAN_POINT ( 'NONE',  ( 0.02331650778601825763, -0.1781249999999998668, 0.7500000000000001110 ) ) ;
#1424 = CARTESIAN_POINT ( 'NONE',  ( -0.03832471526136870671, 0.09252404735808356095, 0.5281250000000000666 ) ) ;
#1425 = CARTESIAN_POINT ( 'NONE',  ( -0.09252404735808346381, 6.481269685013212837E-17, 0.3875000000000000111 ) ) ;
#1426 = CARTESIAN_POINT ( 'NONE',  ( -0.09252404735808346381, -2.379491544363440974E-17, 0.08750000000000000833 ) ) ;
#1427 = CARTESIAN_POINT ( 'NONE',  ( 0.1781249999999998668, 2.774533118565267485E-17, 0.7500000000000001110 ) ) ;
#1428 = EDGE_CURVE ( 'NONE', #297, #701, #3722, .T. ) ;
#1429 = CARTESIAN_POINT ( 'NONE',  ( -0.06542438130972608179, 0.06542438130972604016, 0.03124999999999998265 ) ) ;
#1430 = CARTESIAN_POINT ( 'NONE',  ( 0.1687499999999998446, -0.02208932314516101961, 1.000000000000000000 ) ) ;
#1431 = ADVANCED_FACE ( 'NONE', ( #3226 ), #2399, .T. ) ;
#1432 = VERTEX_POINT ( 'NONE', #3589 ) ;
#1433 = CARTESIAN_POINT ( 'NONE',  ( -0.1638349479016301125, -0.09442855861383595006, 0.9812499999999999556 ) ) ;
#1434 = CARTESIAN_POINT ( 'NONE',  ( 0.07557997304779381920, 0.07427881568660167633, 0.7110630308115007958 ) ) ;
#1435 = ADVANCED_FACE ( 'NONE', ( #2019 ), #3197, .T. ) ;
#1436 = CARTESIAN_POINT ( 'NONE',  ( -0.1249999999999993894, -0.05177669529663727482, 0.6218750000000000666 ) ) ;
#1437 = ORIENTED_EDGE ( 'NONE', *, *, #4742, .F. ) ;
#1438 = CARTESIAN_POINT ( 'NONE',  ( 0.08838834764831840496, 0.08838834764831851598, 0.6500000000000000222 ) ) ;
#1439 = CARTESIAN_POINT ( 'NONE',  ( -0.03832471526136870671, 0.09252404735808356095, 0.5281250000000000666 ) ) ;
#1440 = VERTEX_POINT ( 'NONE', #4738 ) ;
#1441 = CARTESIAN_POINT ( 'NONE',  ( -0.06542438130972610955, -0.06542438130972612342, 0.1000000000000000194 ) ) ;
#1442 = CARTESIAN_POINT ( 'NONE',  ( 0.05177669529663693482, 0.1249999999999999861, 0.5968749999999999334 ) ) ;
#1443 = CARTESIAN_POINT ( 'NONE',  ( -0.09252404735808350544, 0.03832471526136874140, 0.2406250000000000056 ) ) ;
#1444 = CARTESIAN_POINT ( 'NONE',  ( -0.1131129763209579864, -4.081307847991383817E-17, 0.02561297632095831459 ) ) ;
#1445 = CARTESIAN_POINT ( 'NONE',  ( -0.02454369240633530111, 0.1874999999999998335, 0.7593750000000000222 ) ) ;
#1446 = CARTESIAN_POINT ( 'NONE',  ( 0.000000000000000000, 7.549139889267777477E-20, 0.000000000000000000 ) ) ;
#1447 = CARTESIAN_POINT ( 'NONE',  ( -0.04662384207688959059, 0.1734888829588883685, 0.7500000000000001110 ) ) ;
#1448 = CARTESIAN_POINT ( 'NONE',  ( 0.06542438130972608179, -0.06542438130972599852, 0.5562500000000000222 ) ) ;
#1449 = CARTESIAN_POINT ( 'NONE',  ( -0.05177669529663685849, 0.1250000000000000555, 0.7031250000000001110 ) ) ;
#1450 = CARTESIAN_POINT ( 'NONE',  ( -0.06542438130972609567, 0.06542438130972623445, 0.6374999999999999556 ) ) ;
#1451 = CARTESIAN_POINT ( 'NONE',  ( -0.03832471526136870671, 0.09252404735808351932, 0.3281250000000000000 ) ) ;
#1452 = VERTEX_POINT ( 'NONE', #4716 ) ;
#1453 = CARTESIAN_POINT ( 'NONE',  ( 0.03832471526136869283, -0.09252404735808351932, 0.1531250000000000389 ) ) ;
#1454 = CARTESIAN_POINT ( 'NONE',  ( 0.1249999999999998890, 0.05177669529663690012, 0.2406249999999999500 ) ) ;
#1455 = CARTESIAN_POINT ( 'NONE',  ( -0.1249999999999999167, 0.05177669529663683767, 0.1093750000000000139 ) ) ;
#1456 = CARTESIAN_POINT ( 'NONE',  ( 0.06542438130972609567, -0.06542438130972594301, 0.7624999999999999556 ) ) ;
#1457 = CARTESIAN_POINT ( 'NONE',  ( 0.1474514531114655136, 0.08498570275245492800, 1.000000000000000000 ) ) ;
#1458 = ORIENTED_EDGE ( 'NONE', *, *, #264, .F. ) ;
#1459 = CARTESIAN_POINT ( 'NONE',  ( 0.1874999999999998612, -0.02454369238351224169, 1.000000000000000000 ) ) ;
#1460 = ADVANCED_FACE ( 'NONE', ( #3128 ), #602, .F. ) ;
#1461 = CARTESIAN_POINT ( 'NONE',  ( 0.08838834764831837720, -0.08838834764831837720, 0.2875000000000000888 ) ) ;
#1462 = CARTESIAN_POINT ( 'NONE',  ( -0.09252404735808347769, 6.665868877291894538E-17, 0.3937499999999999889 ) ) ;
#1463 = CARTESIAN_POINT ( 'NONE',  ( -0.1249999999999999445, 0.05177669529663687931, 0.1656249999999999944 ) ) ;
#1464 = CARTESIAN_POINT ( 'NONE',  ( 0.1249999999999999306, 1.266387096606108955E-16, 0.6937500000000000888 ) ) ;
#1465 = CARTESIAN_POINT ( 'NONE',  ( 0.06542438130972610955, 0.06542438130972619281, 0.5687500000000000888 ) ) ;
#1466 = CARTESIAN_POINT ( 'NONE',  ( -0.09252404735808350544, 0.03832471526136869977, 0.09062499999999999722 ) ) ;
#1467 = CARTESIAN_POINT ( 'NONE',  ( 0.000000000000000000, 7.549139889267777477E-20, 0.000000000000000000 ) ) ;
#1468 = CARTESIAN_POINT ( 'NONE',  ( -0.1874999999999998335, 7.549139889267777477E-20, 0.7500000000000001110 ) ) ;
#1469 = VERTEX_POINT ( 'NONE', #4285 ) ;
#1470 = CARTESIAN_POINT ( 'NONE',  ( -0.06542438130972609567, 0.06542438130972626220, 0.7374999999999999334 ) ) ;
#1471 = EDGE_CURVE ( 'NONE', #4465, #1079, #1730, .T. ) ;
#1472 = CARTESIAN_POINT ( 'NONE',  ( 0.08970713070317509752, -0.1556432004982482298, 0.7500000000000001110 ) ) ;
#1473 = CARTESIAN_POINT ( 'NONE',  ( 0.03832471526136869283, -0.09252404735808333891, 0.6531250000000000666 ) ) ;
#1474 = ORIENTED_EDGE ( 'NONE', *, *, #1052, .F. ) ;
#1475 = CARTESIAN_POINT ( 'NONE',  ( 0.03832471526136869977, -0.09252404735808336667, 0.6593749999999999334 ) ) ;
#1476 = CARTESIAN_POINT ( 'NONE',  ( -0.03832471526136872059, -0.09252404735808340830, 0.3968750000000001443 ) ) ;
#1477 = CARTESIAN_POINT ( 'NONE',  ( -0.03832471526136870671, 0.09252404735808351932, 0.3781250000000001554 ) ) ;
#1478 = CARTESIAN_POINT ( 'NONE',  ( -0.06542438130972609567, 0.06542438130972608179, 0.08749999999999999445 ) ) ;
#1479 = CARTESIAN_POINT ( 'NONE',  ( 0.1249999999999999167, -0.05177669529663685849, 0.4406250000000000999 ) ) ;
#1480 = CARTESIAN_POINT ( 'NONE',  ( 0.09252404735808347769, 1.547563484518801119E-16, 0.7687500000000000444 ) ) ;
#1481 = ORIENTED_EDGE ( 'NONE', *, *, #3940, .F. ) ;
#1482 = DIRECTION ( 'NONE',  ( -0.8660254037844384856, -0.5000000000000001110, 0.000000000000000000 ) ) ;
#1483 = AXIS2_PLACEMENT_3D ( 'NONE', #159, #3071, #4578 ) ;
#1484 = CARTESIAN_POINT ( 'NONE',  ( -0.1249999999999999167, 1.480249200253606838E-16, 0.6625000000000000888 ) ) ;
#1485 = CARTESIAN_POINT ( 'NONE',  ( 0.1249999999999999167, 0.05177669529663696951, 0.4468750000000000222 ) ) ;
#1486 = CONICAL_SURFACE ( 'NONE', #2458, 0.1082531754730549772, 1.047197551196600074 ) ;
#1487 = VERTEX_POINT ( 'NONE', #2865 ) ;
#1488 = CARTESIAN_POINT ( 'NONE',  ( 0.05177669529663693482, 0.1249999999999998751, 0.1468749999999999778 ) ) ;
#1489 = CARTESIAN_POINT ( 'NONE',  ( -0.03832471526136872059, -0.09252404735808333891, 0.5968749999999999334 ) ) ;
#1490 = ORIENTED_EDGE ( 'NONE', *, *, #3859, .T. ) ;
#1491 = CARTESIAN_POINT ( 'NONE',  ( -0.05177669529663685849, 0.1250000000000000278, 0.5531250000000000888 ) ) ;
#1492 = VECTOR ( 'NONE', #371, 39.37007874015748143 ) ;
#1493 = CARTESIAN_POINT ( 'NONE',  ( 0.04659634652148710726, 0.09190695977762568247, 0.01531158634454678549 ) ) ;
#1494 = CARTESIAN_POINT ( 'NONE',  ( 0.08970713070317509752, -0.1556432004982482298, 0.7500000000000001110 ) ) ;
#1495 = CARTESIAN_POINT ( 'NONE',  ( 0.1734806085819481092, 0.04665116836568099223, 0.7500000000000003331 ) ) ;
#1496 = ORIENTED_EDGE ( 'NONE', *, *, #2832, .F. ) ;
#1497 = VECTOR ( 'NONE', #3467, 39.37007874015748143 ) ;
#1498 = CARTESIAN_POINT ( 'NONE',  ( -0.09252404735808347769, 2.235488262603567632E-17, 0.2437500000000000222 ) ) ;
#1499 = CARTESIAN_POINT ( 'NONE',  ( -1.133092784412350615E-17, -0.09252404735808336667, 0.6062500000000000666 ) ) ;
#1500 = CARTESIAN_POINT ( 'NONE',  ( -0.04907772850199221965, 0.1826198767988339300, 0.7593750000000000222 ) ) ;
#1501 = CARTESIAN_POINT ( 'NONE',  ( -0.1220636985421586773, 1.649597647882070829E-16, 0.7204452744371064865 ) ) ;
#1502 = CARTESIAN_POINT ( 'NONE',  ( -0.09252404735808346381, 1.091165029970153913E-16, 0.5375000000000000888 ) ) ;
#1503 = CARTESIAN_POINT ( 'NONE',  ( 0.06542438130972610955, 0.06542438130972622057, 0.6750000000000000444 ) ) ;
#1504 = CARTESIAN_POINT ( 'NONE',  ( 0.09252404735808346381, 1.999893808844349080E-17, 0.3125000000000000000 ) ) ;
#1505 = CARTESIAN_POINT ( 'NONE',  ( 0.09252404735808344993, 0.03832471526136877610, 0.3656250000000000333 ) ) ;
#1506 = CARTESIAN_POINT ( 'NONE',  ( -0.06542438130972610955, -0.06542438130972598465, 0.5500000000000000444 ) ) ;
#1507 = CARTESIAN_POINT ( 'NONE',  ( 0.06542438130972609567, -0.06542438130972612342, 0.1125000000000000305 ) ) ;
#1508 = DIRECTION ( 'NONE',  ( -0.000000000000000000, -0.000000000000000000, -1.000000000000000000 ) ) ;
#1509 = CARTESIAN_POINT ( 'NONE',  ( 0.09252404735808344993, 0.03832471526136869283, 0.06562499999999998890 ) ) ;
#1510 = EDGE_CURVE ( 'NONE', #3236, #2561, #885, .T. ) ;
#1511 = CARTESIAN_POINT ( 'NONE',  ( 0.1152275101527403950, 0.1499375327922146672, 0.9812499999999999556 ) ) ;
#1512 = CARTESIAN_POINT ( 'NONE',  ( 0.1249999999999999167, -3.765457146741459112E-17, 0.1375000000000000111 ) ) ;
#1513 = LENGTH_MEASURE_WITH_UNIT ( LENGTH_MEASURE( 0.02539999999999999897 ), #3843 );
#1514 = CARTESIAN_POINT ( 'NONE',  ( -0.1249999999999999306, -2.734431263938562161E-17, 0.06875000000000000555 ) ) ;
#1515 = CARTESIAN_POINT ( 'NONE',  ( 0.09252404735808347769, -5.199474690024182682E-17, 0.06875000000000000555 ) ) ;
#1516 = CARTESIAN_POINT ( 'NONE',  ( -0.05177669529663687931, -0.1249999999999999445, 0.1218750000000000527 ) ) ;
#1517 = CARTESIAN_POINT ( 'NONE',  ( 0.1826198768753090063, 0.04907772831736501029, 0.7593750000000001332 ) ) ;
#1518 = VERTEX_POINT ( 'NONE', #860 ) ;
#1519 = CARTESIAN_POINT ( 'NONE',  ( 0.05177669529663694176, 0.1249999999999999861, 0.5531250000000000888 ) ) ;
#1520 = CARTESIAN_POINT ( 'NONE',  ( -0.09252404735808347769, 1.257304303020966210E-16, 0.5937500000000000000 ) ) ;
#1521 = CARTESIAN_POINT ( 'NONE',  ( 0.05177669529663693482, 0.1249999999999999167, 0.2468749999999999833 ) ) ;
#1522 = CARTESIAN_POINT ( 'NONE',  ( -0.1826198767988359284, 0.04907772850198735548, 0.7593750000000000222 ) ) ;
#1523 = CARTESIAN_POINT ( 'NONE',  ( -0.03832471526136872059, -0.09252404735808329728, 0.7468750000000000666 ) ) ;
#1524 = CARTESIAN_POINT ( 'NONE',  ( 0.06542438130972610955, 0.06542438130972620669, 0.6250000000000000000 ) ) ;
#1525 = CARTESIAN_POINT ( 'NONE',  ( 0.03832471526136869283, -0.09252404735808344993, 0.3031250000000000333 ) ) ;
#1526 = ORIENTED_EDGE ( 'NONE', *, *, #3796, .F. ) ;
#1527 = CARTESIAN_POINT ( 'NONE',  ( -0.06542438130972608179, 0.06542438130972612342, 0.2812499999999999445 ) ) ;
#1528 = CARTESIAN_POINT ( 'NONE',  ( -1.133092784412350615E-17, -0.09252404735808347769, 0.2062500000000000444 ) ) ;
#1529 = CARTESIAN_POINT ( 'NONE',  ( 0.1249999999999999306, 1.118707742783164828E-16, 0.6437500000000000444 ) ) ;
#1530 = CARTESIAN_POINT ( 'NONE',  ( 0.09252404735808346381, -2.430486805843977518E-17, 0.1625000000000000056 ) ) ;
#1531 = CARTESIAN_POINT ( 'NONE',  ( 0.1687528125974648852, 0.02206091049060392509, 1.000000000000000222 ) ) ;
#1532 = CARTESIAN_POINT ( 'NONE',  ( 0.1249999999999999167, 0.05177669529663698339, 0.4968750000000001221 ) ) ;
#1533 = ADVANCED_FACE ( 'NONE', ( #3150 ), #673, .T. ) ;
#1534 = CARTESIAN_POINT ( 'NONE',  ( 0.02454369260617021709, 0.1874999999999998890, 0.9812499999999999556 ) ) ;
#1535 = ORIENTED_EDGE ( 'NONE', *, *, #1097, .F. ) ;
#1536 = CARTESIAN_POINT ( 'NONE',  ( -0.05177669529663687931, -0.1249999999999999584, 0.07187500000000004996 ) ) ;
#1537 = CARTESIAN_POINT ( 'NONE',  ( -0.09252404735808347769, -0.03832471526136854018, 0.7406250000000001998 ) ) ;
#1538 = ORIENTED_EDGE ( 'NONE', *, *, #2191, .F. ) ;
#1539 = CARTESIAN_POINT ( 'NONE',  ( -0.09252404735808350544, -0.03832471526136875528, 0.04687500000000001388 ) ) ;
#1540 = CARTESIAN_POINT ( 'NONE',  ( 0.1249999999999999167, -3.765457146741459112E-17, 0.1375000000000000111 ) ) ;
#1541 = CARTESIAN_POINT ( 'NONE',  ( -0.03832471526136872059, 0.09252404735808351932, 0.3843749999999999667 ) ) ;
#1542 = CARTESIAN_POINT ( 'NONE',  ( 0.000000000000000000, 0.1249999999999999584, 0.3499999999999999778 ) ) ;
#1543 = ORIENTED_EDGE ( 'NONE', *, *, #3648, .T. ) ;
#1544 = CARTESIAN_POINT ( 'NONE',  ( 0.03832471526136877610, 0.09252404735808347769, 0.2281250000000000222 ) ) ;
#1545 = CARTESIAN_POINT ( 'NONE',  ( -0.09252404735808350544, -0.03832471526136859569, 0.5968750000000000444 ) ) ;
#1546 = CARTESIAN_POINT ( 'NONE',  ( -0.05177669529663687931, -0.1249999999999997780, 0.6718750000000001110 ) ) ;
#1547 = CARTESIAN_POINT ( 'NONE',  ( 0.02454369238351463214, 0.1874999999999998335, 0.9812499999999999556 ) ) ;
#1548 = CARTESIAN_POINT ( 'NONE',  ( -0.09375000000000018041, -0.03631973612773699289, 0.8781419288024303604 ) ) ;
#1549 = DIRECTION ( 'NONE',  ( 0.000000000000000000, 0.000000000000000000, -1.000000000000000000 ) ) ;
#1550 = CARTESIAN_POINT ( 'NONE',  ( 0.09252404735808346381, 7.907067961762119417E-17, 0.5125000000000000666 ) ) ;
#1551 = CARTESIAN_POINT ( 'NONE',  ( -0.09252404735808346381, 7.958063223242654112E-17, 0.4375000000000000555 ) ) ;
#1552 = CARTESIAN_POINT ( 'NONE',  ( 0.06542438130972609567, -0.06542438130972602628, 0.4625000000000000777 ) ) ;
#1553 = CARTESIAN_POINT ( 'NONE',  ( -0.09252404735808350544, -0.03832471526136874140, 0.09687500000000001665 ) ) ;
#1554 = CARTESIAN_POINT ( 'NONE',  ( 0.08838834764831837720, -0.08838834764831836333, 0.2812500000000000555 ) ) ;
#1555 = CARTESIAN_POINT ( 'NONE',  ( -0.09252404735808347769, 0.03832471526136870671, 0.1843750000000000111 ) ) ;
#1556 = CARTESIAN_POINT ( 'NONE',  ( 0.1638349479016227850, -0.09442855861385369975, 0.9812499999999999556 ) ) ;
#1557 = CARTESIAN_POINT ( 'NONE',  ( -0.1216695281231722214, 0.007342069595030350192, 0.7202190559532162251 ) ) ;
#1558 = CARTESIAN_POINT ( 'NONE',  ( 0.03832471526136877610, 0.09252404735808351932, 0.3781250000000001554 ) ) ;
#1559 = CARTESIAN_POINT ( 'NONE',  ( 0.09442855881954353992, 0.1638349478164232986, 0.9812500000000000666 ) ) ;
#1560 = CARTESIAN_POINT ( 'NONE',  ( 0.000000000000000000, 0.1250000000000000278, 0.4562499999999999889 ) ) ;
#1561 = ORIENTED_EDGE ( 'NONE', *, *, #3782, .T. ) ;
#1563 = CONICAL_SURFACE ( 'NONE', #2050, 0.1082531754730549772, 1.047197551196600074 ) ;
#1562 = CARTESIAN_POINT ( 'NONE',  ( -0.08838834764831837720, 0.08838834764831836333, 0.05624999999999998057 ) ) ;
#1564 = CARTESIAN_POINT ( 'NONE',  ( -0.1249999999999999584, -0.05177669529663690706, -0.02812499999999997988 ) ) ;
#1566 = EDGE_CURVE ( 'NONE', #2389, #4465, #3449, .T. ) ;
#1565 = EDGE_LOOP ( 'NONE', ( #1846, #2711, #3166, #345, #138, #4041, #2237, #4581 ) ) ;
#1567 =( BOUNDED_CURVE ( )  B_SPLINE_CURVE ( 2, ( #3642, #970, #3599, #4776, #2120, #1722, #3242, #4750, #3616 ),
 .UNSPECIFIED., .F., .F. ) 
 B_SPLINE_CURVE_WITH_KNOTS ( ( 3, 2, 2, 2, 3 ),
 ( 0.5156250000000000000, 0.5234375000000000000, 0.5312500000000000000, 0.5390625000000000000, 0.5468750000000000000 ),
 .UNSPECIFIED. ) 
 CURVE ( )  GEOMETRIC_REPRESENTATION_ITEM ( )  RATIONAL_B_SPLINE_CURVE ( ( 1.000000000000000000, 0.9238795325112867385, 1.000000000000000000, 0.9238795325112867385, 1.000000000000000000, 0.9238795325112867385, 1.000000000000000000, 0.9238795325112867385, 1.000000000000000000 ) ) 
 REPRESENTATION_ITEM ( '' )  );
#1568 = VECTOR ( 'NONE', #1686, 39.37007874015748143 ) ;
#1569 = CARTESIAN_POINT ( 'NONE',  ( -0.1249999999999999029, 7.549139889267777477E-20, 0.000000000000000000 ) ) ;
#1570 = AXIS2_PLACEMENT_3D ( 'NONE', #929, #1683, #1325 ) ;
#1571 = CARTESIAN_POINT ( 'NONE',  ( -0.1249999999999999167, 0.05177669529663687931, 0.2593749999999999667 ) ) ;
#1572 = CARTESIAN_POINT ( 'NONE',  ( -0.06542438130972610955, -0.06542438130972594301, 0.7000000000000000666 ) ) ;
#1573 = CARTESIAN_POINT ( 'NONE',  ( -0.1152275101366111026, 0.1499375328083440151, 0.7593750000000000222 ) ) ;
#1574 = CARTESIAN_POINT ( 'NONE',  ( 0.1152275101527309303, -0.1499375327922242152, 0.9812499999999999556 ) ) ;
#1575 = CARTESIAN_POINT ( 'NONE',  ( 0.09252404735808344993, 0.03832471526136889406, 0.7656250000000002220 ) ) ;
#1576 = CARTESIAN_POINT ( 'NONE',  ( -0.1781249999999998668, 3.774569944633888739E-20, 0.7500000000000001110 ) ) ;
#1577 = CARTESIAN_POINT ( 'NONE',  ( -0.03832471526136872059, 0.09252404735808361647, 0.6843749999999999556 ) ) ;
#1578 = CARTESIAN_POINT ( 'NONE',  ( -0.09252404735808346381, -0.03832471526136863038, 0.4406250000000000444 ) ) ;
#1579 = EDGE_LOOP ( 'NONE', ( #3109, #2798 ) ) ;
#1580 = CARTESIAN_POINT ( 'NONE',  ( -0.06542438130972608179, 0.06542438130972612342, 0.3312500000000000444 ) ) ;
#1581 = CARTESIAN_POINT ( 'NONE',  ( -0.09252404735808350544, 0.03832471526136882467, 0.5406250000000000222 ) ) ;
#1582 = CARTESIAN_POINT ( 'NONE',  ( 0.09252404735808347769, -3.722681151794740174E-17, 0.1187500000000000083 ) ) ;
#1583 = DIRECTION ( 'NONE',  ( 1.000000000000000000, 0.000000000000000000, 0.000000000000000000 ) ) ;
#1584 = CARTESIAN_POINT ( 'NONE',  ( -0.1094842364752502267, -0.1424185764360229312, 0.7500000000000001110 ) ) ;
#1585 = CARTESIAN_POINT ( 'NONE',  ( -0.03832471526136870671, 0.09252404735808347769, 0.2281250000000000222 ) ) ;
#1586 = VERTEX_POINT ( 'NONE', #4166 ) ;
#1587 = CARTESIAN_POINT ( 'NONE',  ( -0.1826198767901021924, 0.04907772852307260014, 0.9812499999999999556 ) ) ;
#1588 = DIRECTION ( 'NONE',  ( -0.000000000000000000, -0.000000000000000000, 1.000000000000000000 ) ) ;
#1589 = EDGE_CURVE ( 'NONE', #3661, #862, #1187, .T. ) ;
#1590 = CARTESIAN_POINT ( 'NONE',  ( -0.06542438130972609567, 0.06542438130972616506, 0.3874999999999999556 ) ) ;
#1591 = CARTESIAN_POINT ( 'NONE',  ( -0.1249999999999999306, 9.079917041896977590E-17, 0.4687500000000001110 ) ) ;
#1592 = CARTESIAN_POINT ( 'NONE',  ( 0.09252404735808346381, 0.03832471526136878304, 0.3218749999999999667 ) ) ;
#1593 = ORIENTED_EDGE ( 'NONE', *, *, #2637, .F. ) ;
#1594 = CARTESIAN_POINT ( 'NONE',  ( -0.1249999999999999167, -1.442236917987799813E-17, 0.1125000000000000167 ) ) ;
#1595 = CARTESIAN_POINT ( 'NONE',  ( -0.05177669529663686543, -0.1249999999999999861, 0.02812500000000003886 ) ) ;
#1596 = VERTEX_POINT ( 'NONE', #4559 ) ;
#1597 = ADVANCED_FACE ( 'NONE', ( #3864 ), #1865, .F. ) ;
#1598 = CARTESIAN_POINT ( 'NONE',  ( 0.09375000000000001388, -0.05412658773652763433, 0.8828124999999998890 ) ) ;
#1599 = CARTESIAN_POINT ( 'NONE',  ( 0.000000000000000000, -1.104688079777929626E-16, 1.000000000000000000 ) ) ;
#1600 = CARTESIAN_POINT ( 'NONE',  ( -0.08838834764831839108, -0.08838834764831832169, 0.3187500000000000333 ) ) ;
#1601 = CARTESIAN_POINT ( 'NONE',  ( -0.1826198767988397031, -0.04907772850198854203, 0.7500000000000001110 ) ) ;
#1602 = CARTESIAN_POINT ( 'NONE',  ( -0.1874999999999998335, 2.303761888290552992E-17, 0.9812499999999999556 ) ) ;
#1603 = CARTESIAN_POINT ( 'NONE',  ( -1.133092784412350307E-17, -0.09252404735808331115, 0.7500000000000001110 ) ) ;
#1604 = CARTESIAN_POINT ( 'NONE',  ( 0.000000000000000000, 0.1249999999999998751, 0.04999999999999996808 ) ) ;
#1605 = CARTESIAN_POINT ( 'NONE',  ( 0.09252404735808346381, 0.03832471526136880385, 0.4218750000000000000 ) ) ;
#1606 = CARTESIAN_POINT ( 'NONE',  ( -0.06542438130972608179, -0.06542438130972595689, 0.5937500000000000000 ) ) ;
#1607 = CARTESIAN_POINT ( 'NONE',  ( 0.03832471526136877610, 0.09252404735808354708, 0.4781250000000001332 ) ) ;
#1608 = CARTESIAN_POINT ( 'NONE',  ( -1.530808498934190893E-17, -0.1249999999999999029, 0.2812500000000000555 ) ) ;
#1609 = CARTESIAN_POINT ( 'NONE',  ( -0.1220636985421586773, 1.649597647882070829E-16, 0.7204452744371064865 ) ) ;
#1610 = CARTESIAN_POINT ( 'NONE',  ( 0.06542438130972610955, 0.06542438130972608179, 0.2187500000000000278 ) ) ;
#1611 = CARTESIAN_POINT ( 'NONE',  ( 0.09252404735808346381, -5.384073882302861917E-17, 0.06250000000000000000 ) ) ;
#1612 = CARTESIAN_POINT ( 'NONE',  ( -0.001327263109717281885, 0.1115084669522547894, 0.7142566010190756209 ) ) ;
#1613 = CARTESIAN_POINT ( 'NONE',  ( 0.03832471526136869977, -0.09252404735808343605, 0.4593750000000000888 ) ) ;
#1614 = CARTESIAN_POINT ( 'NONE',  ( 0.1474514531114559657, -0.08498570275246684902, 1.000000000000000000 ) ) ;
#1615 = CARTESIAN_POINT ( 'NONE',  ( -0.09252404735808346381, -0.03832471526136870671, 0.1906250000000000444 ) ) ;
#1616 = ADVANCED_FACE ( 'NONE', ( #3792 ), #3238, .F. ) ;
#1617 = ORIENTED_EDGE ( 'NONE', *, *, #570, .F. ) ;
#1618 = CARTESIAN_POINT ( 'NONE',  ( 0.000000000000000000, 0.1249999999999998612, -0.04375000000000003886 ) ) ;
#1619 = ORIENTED_EDGE ( 'NONE', *, *, #3056, .F. ) ;
#1620 = CARTESIAN_POINT ( 'NONE',  ( -0.09252404735808350544, -0.03832471526136872753, 0.1468750000000000611 ) ) ;
#1621 = DIRECTION ( 'NONE',  ( -1.000000000000000000, 0.000000000000000000, 0.000000000000000000 ) ) ;
#1622 = ORIENTED_EDGE ( 'NONE', *, *, #2870, .F. ) ;
#1623 = CARTESIAN_POINT ( 'NONE',  ( -0.05177669529663686543, -0.1249999999999998751, 0.2718750000000000888 ) ) ;
#1624 = CARTESIAN_POINT ( 'NONE',  ( -0.09252404735808350544, 0.03832471526136888712, 0.7406250000000001998 ) ) ;
#1625 = CARTESIAN_POINT ( 'NONE',  ( -0.06542438130972609567, 0.06542438130972606791, 0.03749999999999998473 ) ) ;
#1626 = CARTESIAN_POINT ( 'NONE',  ( 0.1638349479016251442, 0.09442855861383880889, 1.000000000000000000 ) ) ;
#1627 = CARTESIAN_POINT ( 'NONE',  ( 0.09252404735808344993, -0.03832471526136859569, 0.7593749999999999112 ) ) ;
#1628 = CARTESIAN_POINT ( 'NONE',  ( 0.000000000000000000, -1.104688079777929626E-16, 1.000000000000000000 ) ) ;
#1629 = CARTESIAN_POINT ( 'NONE',  ( -0.09252404735808350544, -0.03832471526136856099, 0.6968750000000002442 ) ) ;
#1630 = CARTESIAN_POINT ( 'NONE',  ( -0.09252404735808346381, 0.03832471526136878998, 0.4343750000000001221 ) ) ;
#1631 = CARTESIAN_POINT ( 'NONE',  ( 0.1037228611113516635, -0.1349216999256125094, 1.000000000000000000 ) ) ;
#1632 = CARTESIAN_POINT ( 'NONE',  ( 0.06542438130972609567, -0.06542438130972610955, 0.2125000000000000500 ) ) ;
#1633 = CARTESIAN_POINT ( 'NONE',  ( -0.1249999999999999584, -0.05177669529663679604, 0.3718750000000000666 ) ) ;
#1634 = CARTESIAN_POINT ( 'NONE',  ( 0.04665116836577029580, -0.1734806085819297627, 0.7500000000000002220 ) ) ;
#1635 = CARTESIAN_POINT ( 'NONE',  ( -0.06542438130972608179, -0.06542438130972606791, 0.1937500000000000056 ) ) ;
#1636 = CARTESIAN_POINT ( 'NONE',  ( -0.09252404735808347769, 5.189075339062451414E-17, 0.3437500000000000000 ) ) ;
#1637 = CARTESIAN_POINT ( 'NONE',  ( -0.1874999999999998335, 1.155655514089910516E-17, 0.9812499999999999556 ) ) ;
#1638 = CARTESIAN_POINT ( 'NONE',  ( 0.06542438130972608179, -0.06542438130972613730, 0.05625000000000001527 ) ) ;
#1639 = EDGE_LOOP ( 'NONE', ( #225, #4214, #4044, #1175, #4393, #1535, #4142 ) ) ;
#1640 = CARTESIAN_POINT ( 'NONE',  ( 0.05177669529663683073, -0.1249999999999999861, 0.1343750000000000500 ) ) ;
#1641 = ORIENTED_EDGE ( 'NONE', *, *, #4901, .T. ) ;
#1642 = CARTESIAN_POINT ( 'NONE',  ( 0.000000000000000000, 0.09252404735808347769, 0.2312499999999999833 ) ) ;
#1643 = CARTESIAN_POINT ( 'NONE',  ( -0.1499375329496587250, 0.1152275099952964343, 0.7593750000000001332 ) ) ;
#1644 = VECTOR ( 'NONE', #2850, 39.37007874015748143 ) ;
#1645 = ORIENTED_EDGE ( 'NONE', *, *, #3863, .T. ) ;
#1646 = CARTESIAN_POINT ( 'NONE',  ( -0.1249999999999999167, 8.895317849618297123E-17, 0.4625000000000000777 ) ) ;
#1647 = AXIS2_PLACEMENT_3D ( 'NONE', #3545, #1689, #1711 ) ;
#1648 = CARTESIAN_POINT ( 'NONE',  ( 0.1249999999999999306, 1.266387096606108955E-16, 0.6937500000000000888 ) ) ;
#1649 = CARTESIAN_POINT ( 'NONE',  ( 0.04907772852308893430, -0.1826198767900953923, 0.9812499999999999556 ) ) ;
#1650 = DIRECTION ( 'NONE',  ( -0.000000000000000000, -0.000000000000000000, -1.000000000000000000 ) ) ;
#1651 = LINE ( 'NONE', #1276, #3610 ) ;
#1652 = CARTESIAN_POINT ( 'NONE',  ( -0.09252404735808347769, 1.552663010666854958E-16, 0.6937500000000000888 ) ) ;
#1653 = CARTESIAN_POINT ( 'NONE',  ( -0.06542438130972608179, 0.06542438130972617893, 0.4812500000000000111 ) ) ;
#1654 = ORIENTED_EDGE ( 'NONE', *, *, #4118, .F. ) ;
#1655 = AXIS2_PLACEMENT_3D ( 'NONE', #848, #2336, #3431 ) ;
#1656 = EDGE_CURVE ( 'NONE', #2748, #778, #4516, .T. ) ;
#1657 = DIRECTION ( 'NONE',  ( -1.000000000000000000, 0.000000000000000000, 0.000000000000000000 ) ) ;
#1658 = CARTESIAN_POINT ( 'NONE',  ( -0.03832471526136872059, -0.09252404735808343605, 0.2968750000000000000 ) ) ;
#1659 = CARTESIAN_POINT ( 'NONE',  ( -0.06542438130972610955, -0.06542438130972604016, 0.4000000000000000222 ) ) ;
#1660 = CARTESIAN_POINT ( 'NONE',  ( 0.06542438130972608179, -0.06542438130972615118, 0.006250000000000014225 ) ) ;
#1661 = DIRECTION ( 'NONE',  ( -0.000000000000000000, -0.000000000000000000, 1.000000000000000000 ) ) ;
#1662 = CARTESIAN_POINT ( 'NONE',  ( 0.1249999999999999306, 2.326316198454990153E-17, 0.3437500000000000555 ) ) ;
#1663 = CARTESIAN_POINT ( 'NONE',  ( -0.09252404735808347769, 6.665868877291894538E-17, 0.3937499999999999889 ) ) ;
#1664 = CARTESIAN_POINT ( 'NONE',  ( -0.1687499999999998446, -0.02208932314516313250, 1.000000000000000000 ) ) ;
#1665 = ADVANCED_FACE ( 'NONE', ( #4143 ), #3908, .T. ) ;
#1666 = CARTESIAN_POINT ( 'NONE',  ( -0.09252404735808346381, 0.03832471526136867201, 0.03437499999999998890 ) ) ;
#1667 = CARTESIAN_POINT ( 'NONE',  ( -0.03832471526136872059, 0.09252404735808351932, 0.3343749999999999778 ) ) ;
#1668 = CARTESIAN_POINT ( 'NONE',  ( -0.08838834764831839108, -0.08838834764831839108, 0.1250000000000000278 ) ) ;
#1669 = B_SPLINE_CURVE_WITH_KNOTS ( 'NONE', 3,
 ( #4019, #618, #4298, #897, #2053, #1676, #1796, #2557 ),
 .UNSPECIFIED., .F., .F.,
 ( 4, 2, 2, 4 ),
 ( 2.380745673464952221E-07, 0.001388728690853442476, 0.002082973998996489814, 0.002777219307139537803 ),
 .UNSPECIFIED. ) ;
#1670 = CARTESIAN_POINT ( 'NONE',  ( 0.09252404735808347769, -7.690940753358554677E-18, 0.2187500000000000278 ) ) ;
#1671 = CARTESIAN_POINT ( 'NONE',  ( -0.06542438130972610955, -0.06542438130972606791, 0.3000000000000000999 ) ) ;
#1672 = CARTESIAN_POINT ( 'NONE',  ( -0.1687499999999998446, 2.744475302765376591E-17, 1.000000000000000000 ) ) ;
#1673 = CARTESIAN_POINT ( 'NONE',  ( -0.1249999999999999167, 0.05177669529663694176, 0.4593750000000000888 ) ) ;
#1674 = CARTESIAN_POINT ( 'NONE',  ( -0.1249999999999999167, 1.332569846430662218E-16, 0.6125000000000000444 ) ) ;
#1675 = CARTESIAN_POINT ( 'NONE',  ( -0.08838834764831837720, 0.08838834764831854374, 0.7125000000000000222 ) ) ;
#1676 = CARTESIAN_POINT ( 'NONE',  ( 0.07835931051856723228, -0.06301240645164683796, 0.8781501562697854313 ) ) ;
#1677 = CARTESIAN_POINT ( 'NONE',  ( -0.1249999999999999306, 1.351029765658530511E-16, 0.6187500000000000222 ) ) ;
#1678 = DIRECTION ( 'NONE',  ( -0.000000000000000000, -0.000000000000000000, 1.000000000000000000 ) ) ;
#1679 = ORIENTED_EDGE ( 'NONE', *, *, #988, .F. ) ;
#1680 = ORIENTED_EDGE ( 'NONE', *, *, #570, .T. ) ;
#1681 = CARTESIAN_POINT ( 'NONE',  ( 0.1249999999999999167, 0.05177669529663691400, 0.2968750000000000000 ) ) ;
#1682 = FACE_OUTER_BOUND ( 'NONE', #2810, .T. ) ;
#1683 = DIRECTION ( 'NONE',  ( -0.000000000000000000, -0.000000000000000000, -1.000000000000000000 ) ) ;
#1684 = CARTESIAN_POINT ( 'NONE',  ( -0.06542438130972608179, 0.06542438130972616506, 0.4312500000000000222 ) ) ;
#1685 = CARTESIAN_POINT ( 'NONE',  ( -0.1249999999999999306, 1.695949350749765670E-17, 0.2187500000000000278 ) ) ;
#1686 = DIRECTION ( 'NONE',  ( -0.000000000000000000, -0.000000000000000000, -1.000000000000000000 ) ) ;
#1687 = CARTESIAN_POINT ( 'NONE',  ( -0.1249999999999999167, 8.895317849618297123E-17, 0.4625000000000000777 ) ) ;
#1688 = CARTESIAN_POINT ( 'NONE',  ( -0.09252404735808350544, 0.03832471526136881773, 0.4906249999999999778 ) ) ;
#1689 = DIRECTION ( 'NONE',  ( 0.000000000000000000, 0.000000000000000000, -1.000000000000000000 ) ) ;
#1690 = CARTESIAN_POINT ( 'NONE',  ( -0.06542438130972608179, 0.06542438130972606791, 0.08124999999999998890 ) ) ;
#1691 = CARTESIAN_POINT ( 'NONE',  ( -0.05177669529663686543, 0.1249999999999999584, 0.1593749999999999611 ) ) ;
#1692 = CARTESIAN_POINT ( 'NONE',  ( -0.09252404735808347769, 1.257304303020966210E-16, 0.5937500000000000000 ) ) ;
#1693 = EDGE_CURVE ( 'NONE', #2478, #973, #21, .T. ) ;
#1694 = CARTESIAN_POINT ( 'NONE',  ( 0.03832471526136877610, 0.09252404735808351932, 0.3781250000000001554 ) ) ;
#1695 = FACE_OUTER_BOUND ( 'NONE', #1193, .T. ) ;
#1696 = CARTESIAN_POINT ( 'NONE',  ( 0.08838834764831839108, 0.08838834764831846047, 0.4937500000000000222 ) ) ;
#1697 = CARTESIAN_POINT ( 'NONE',  ( -1.133092784412350615E-17, -0.09252404735808354708, 0.006250000000000025500 ) ) ;
#1698 = CARTESIAN_POINT ( 'NONE',  ( -0.1826198768753089785, -0.04907772831736510744, 0.7593750000000000222 ) ) ;
#1699 = CARTESIAN_POINT ( 'NONE',  ( 0.007663316585628021649, 0.1038287575794573925, 0.8802580611380930176 ) ) ;
#1700 = CARTESIAN_POINT ( 'NONE',  ( 0.000000000000000000, 0.09252404735808350544, 0.2812499999999999445 ) ) ;
#1701 =( BOUNDED_CURVE ( )  B_SPLINE_CURVE ( 2, ( #601, #2067, #3928, #958, #1708, #4310, #216, #529, #1285 ),
 .UNSPECIFIED., .F., .F. ) 
 B_SPLINE_CURVE_WITH_KNOTS ( ( 3, 2, 2, 2, 3 ),
 ( 0.2343750000000000000, 0.2421875000000000000, 0.2500000000000000000, 0.2578125000000000000, 0.2656250000000000000 ),
 .UNSPECIFIED. ) 
 CURVE ( )  GEOMETRIC_REPRESENTATION_ITEM ( )  RATIONAL_B_SPLINE_CURVE ( ( 1.000000000000000000, 0.9238795325112867385, 1.000000000000000000, 0.9238795325112867385, 1.000000000000000000, 0.9238795325112867385, 1.000000000000000000, 0.9238795325112867385, 1.000000000000000000 ) ) 
 REPRESENTATION_ITEM ( '' )  );
#1702 = ORIENTED_EDGE ( 'NONE', *, *, #796, .T. ) ;
#1703 = CARTESIAN_POINT ( 'NONE',  ( 0.1249999999999999306, 1.266387096606108955E-16, 0.6937500000000000888 ) ) ;
#1704 = CARTESIAN_POINT ( 'NONE',  ( 0.08838834764831840496, 0.08838834764831843271, 0.3500000000000000333 ) ) ;
#1705 = CARTESIAN_POINT ( 'NONE',  ( 0.1249999999999999167, 9.525684697323524071E-17, 0.5875000000000001332 ) ) ;
#1706 = CARTESIAN_POINT ( 'NONE',  ( 0.09252404735808346381, 4.953480885303234402E-17, 0.4125000000000000333 ) ) ;
#1707 = CARTESIAN_POINT ( 'NONE',  ( 0.09252404735808344993, 0.03832471526136867895, 0.01562499999999998612 ) ) ;
#1708 = CARTESIAN_POINT ( 'NONE',  ( 0.000000000000000000, 0.1249999999999999167, 0.1999999999999999833 ) ) ;
#1709 = CARTESIAN_POINT ( 'NONE',  ( 0.1249999999999999167, 6.572097620864639056E-17, 0.4875000000000000444 ) ) ;
#1710 = CARTESIAN_POINT ( 'NONE',  ( -0.03832471526136872059, 0.09252404735808360259, 0.6343750000000000222 ) ) ;
#1711 = DIRECTION ( 'NONE',  ( -1.000000000000000000, 0.000000000000000000, 0.000000000000000000 ) ) ;
#1712 = CARTESIAN_POINT ( 'NONE',  ( -0.03832471526136870671, 0.09252404735808340830, 0.02812499999999996947 ) ) ;
#1713 = CARTESIAN_POINT ( 'NONE',  ( 0.1249999999999998890, -0.05177669529663694870, 0.09062500000000003886 ) ) ;
#1714 = CARTESIAN_POINT ( 'NONE',  ( 0.1249999999999998751, -0.05177669529663680298, 0.5843750000000000888 ) ) ;
#1715 = FACE_OUTER_BOUND ( 'NONE', #2959, .T. ) ;
#1716 = ADVANCED_FACE ( 'NONE', ( #527 ), #2040, .T. ) ;
#1717 = ORIENTED_EDGE ( 'NONE', *, *, #2086, .T. ) ;
#1718 = ORIENTED_EDGE ( 'NONE', *, *, #4617, .F. ) ;
#1719 = CARTESIAN_POINT ( 'NONE',  ( 0.08838834764831837720, -0.08838834764831830781, 0.4812500000000000111 ) ) ;
#1720 = CARTESIAN_POINT ( 'NONE',  ( -0.08838834764831837720, 0.08838834764831851598, 0.6062500000000000666 ) ) ;
#1721 = CARTESIAN_POINT ( 'NONE',  ( -0.09252404735808350544, 0.03832471526136866508, -0.009375000000000015266 ) ) ;
#1722 = CARTESIAN_POINT ( 'NONE',  ( 0.05177669529663682380, -0.1249999999999998751, 0.4281250000000000888 ) ) ;
#1723 = CARTESIAN_POINT ( 'NONE',  ( 0.000000000000000000, 0.1249999999999999167, 0.1062499999999999556 ) ) ;
#1724 = CARTESIAN_POINT ( 'NONE',  ( -0.06542438130972608179, 0.06542438130972622057, 0.6312499999999999778 ) ) ;
#1725 = ORIENTED_EDGE ( 'NONE', *, *, #2884, .F. ) ;
#1726 = VECTOR ( 'NONE', #698, 39.37007874015748143 ) ;
#1727 = CARTESIAN_POINT ( 'NONE',  ( 0.08838834764831837720, -0.08838834764831833557, 0.4375000000000000555 ) ) ;
#1728 = CARTESIAN_POINT ( 'NONE',  ( 0.1249999999999999167, -2.288663608512017221E-17, 0.1875000000000000278 ) ) ;
#1729 = CARTESIAN_POINT ( 'NONE',  ( 0.08851239894565662847, -0.03612297797629639845, 0.007811252841092724414 ) ) ;
#1730 =( BOUNDED_CURVE ( )  B_SPLINE_CURVE ( 2, ( #1263, #125, #1637 ),
 .UNSPECIFIED., .F., .T. ) 
 B_SPLINE_CURVE_WITH_KNOTS ( ( 3, 3 ),
 ( 0.000000000000000000, 1.000000000000000000 ),
 .UNSPECIFIED. ) 
 CURVE ( )  GEOMETRIC_REPRESENTATION_ITEM ( )  RATIONAL_B_SPLINE_CURVE ( ( 1.000000000000000000, 0.3333333333333333148, 1.000000000000000000 ) ) 
 REPRESENTATION_ITEM ( '' )  );
#1731 = TOROIDAL_SURFACE ( 'NONE', #2298, 0.1487499999999999101, 0.01875000000000000278 ) ;
#1732 = CARTESIAN_POINT ( 'NONE',  ( -0.03832471526136872059, -0.09252404735808340830, 0.4468750000000000777 ) ) ;
#1733 = CARTESIAN_POINT ( 'NONE',  ( -0.05177669529663687931, 0.1250000000000000555, 0.6593749999999999334 ) ) ;
#1734 = CARTESIAN_POINT ( 'NONE',  ( 0.09252404735808346381, -9.536932676145348567E-18, 0.2125000000000000222 ) ) ;
#1735 = CIRCLE ( 'NONE', #4505, 0.1487499999999999101 ) ;
#1736 = CARTESIAN_POINT ( 'NONE',  ( 0.09442855881954365094, -0.1638349478164231598, 0.9812500000000000666 ) ) ;
#1737 = CARTESIAN_POINT ( 'NONE',  ( -0.09252404735808347769, 1.257304303020966210E-16, 0.5937500000000000000 ) ) ;
#1738 = CARTESIAN_POINT ( 'NONE',  ( 0.1499375327922219947, -0.1152275101527283074, 1.000000000000000000 ) ) ;
#1739 = CARTESIAN_POINT ( 'NONE',  ( -0.1249999999999999306, -1.257637725709120270E-17, 0.1187499999999999944 ) ) ;
#1740 = CARTESIAN_POINT ( 'NONE',  ( 0.1249999999999998751, -0.05177669529663678910, 0.6343750000000001332 ) ) ;
#1741 = DIRECTION ( 'NONE',  ( -0.000000000000000000, -0.000000000000000000, -1.000000000000000000 ) ) ;
#1742 = ORIENTED_EDGE ( 'NONE', *, *, #1307, .F. ) ;
#1743 = CARTESIAN_POINT ( 'NONE',  ( 0.08838834764831840496, 0.08838834764831852986, 0.7000000000000000666 ) ) ;
#1744 = B_SPLINE_CURVE_WITH_KNOTS ( 'NONE', 3,
 ( #4807, #2984, #3037, #4140, #4485, #4087 ),
 .UNSPECIFIED., .F., .F.,
 ( 4, 2, 4 ),
 ( 0.008755864747575429000, 0.009451757481403009337, 0.01014765021523058967 ),
 .UNSPECIFIED. ) ;
#1745 = EDGE_CURVE ( 'NONE', #26, #1864, #202, .T. ) ;
#1746 = VERTEX_POINT ( 'NONE', #1284 ) ;
#1747 = CARTESIAN_POINT ( 'NONE',  ( 0.08838834764831839108, 0.08838834764831843271, 0.3937500000000000444 ) ) ;
#1748 = CARTESIAN_POINT ( 'NONE',  ( 0.08838834764831839108, 0.08838834764831852986, 0.7437500000000001332 ) ) ;
#1749 = CARTESIAN_POINT ( 'NONE',  ( 0.03832471526136877610, 0.09252404735808350544, 0.2781250000000000666 ) ) ;
#1750 = CARTESIAN_POINT ( 'NONE',  ( -0.1249999999999999029, 7.549139889267777477E-20, 0.000000000000000000 ) ) ;
#1751 = CARTESIAN_POINT ( 'NONE',  ( -0.09375000000000024980, 0.03650651419216897897, 0.8781812190402751295 ) ) ;
#1752 = CARTESIAN_POINT ( 'NONE',  ( -0.09252404735808350544, -0.03832471526136867895, 0.2968750000000000000 ) ) ;
#1753 = CARTESIAN_POINT ( 'NONE',  ( 0.1249999999999999167, 0.05177669529663687931, 0.1968749999999999944 ) ) ;
#1754 = CARTESIAN_POINT ( 'NONE',  ( 0.1249999999999999306, 6.756696813143318291E-17, 0.4937500000000000777 ) ) ;
#1755 = CARTESIAN_POINT ( 'NONE',  ( -0.09252404735808350544, 0.03832471526136879691, 0.4406249999999999889 ) ) ;
#1756 = CARTESIAN_POINT ( 'NONE',  ( -0.1249999999999999167, 0.05177669529663694176, 0.4593750000000000888 ) ) ;
#1757 = CARTESIAN_POINT ( 'NONE',  ( -0.1249999999999999306, 1.646388473304419013E-16, 0.7187500000000001110 ) ) ;
#1758 = CARTESIAN_POINT ( 'NONE',  ( 0.06542438130972610955, 0.06542438130972612342, 0.3687500000000000777 ) ) ;
#1759 = ORIENTED_EDGE ( 'NONE', *, *, #4687, .T. ) ;
#1760 = CARTESIAN_POINT ( 'NONE',  ( 0.03832471526136869283, -0.09252404735808347769, 0.2531250000000000444 ) ) ;
#1761 = CARTESIAN_POINT ( 'NONE',  ( 0.09375000000000001388, -0.05412658773652719024, 0.8828124999999998890 ) ) ;
#1762 = CARTESIAN_POINT ( 'NONE',  ( 0.02454369260617028994, -0.1874999999999998890, 0.9812500000000001776 ) ) ;
#1763 = CARTESIAN_POINT ( 'NONE',  ( 0.09252404735808347769, 8.091667154040798652E-17, 0.5187500000000000444 ) ) ;
#1764 = CARTESIAN_POINT ( 'NONE',  ( 0.1249999999999999029, 1.538357638823458008E-17, 0.000000000000000000 ) ) ;
#1765 = CARTESIAN_POINT ( 'NONE',  ( -0.1152275101527365925, -0.1499375327922137513, 1.000000000000000000 ) ) ;
#1766 = CARTESIAN_POINT ( 'NONE',  ( 0.000000000000000000, 0.1249999999999999167, 0.1562499999999999722 ) ) ;
#1767 = CARTESIAN_POINT ( 'NONE',  ( 0.000000000000000000, -1.104688079777929626E-16, 1.000000000000000000 ) ) ;
#1768 = CARTESIAN_POINT ( 'NONE',  ( -0.03832471526136872059, -0.09252404735808332503, 0.6468750000000000888 ) ) ;
#1769 = CARTESIAN_POINT ( 'NONE',  ( 0.05177669529663682380, -0.1249999999999997780, 0.7281250000000001332 ) ) ;
#1770 = CARTESIAN_POINT ( 'NONE',  ( 0.000000000000000000, 0.09252404735808346381, 0.1312499999999999778 ) ) ;
#1771 = CARTESIAN_POINT ( 'NONE',  ( -0.09442855881954363706, -0.1638349478164231876, 0.7593749999999999112 ) ) ;
#1772 = CARTESIAN_POINT ( 'NONE',  ( 0.1094661346297750165, -0.1424406561679323335, 0.7500000000000001110 ) ) ;
#1773 = CARTESIAN_POINT ( 'NONE',  ( -0.1781249999999998945, 0.02330224473670444371, 0.7500000000000002220 ) ) ;
#1774 = ORIENTED_EDGE ( 'NONE', *, *, #337, .T. ) ;
#1775 = CARTESIAN_POINT ( 'NONE',  ( -0.1249999999999999584, 0.05177669529663697645, 0.5156250000000001110 ) ) ;
#1776 = CARTESIAN_POINT ( 'NONE',  ( -0.03832471526136872059, 0.09252404735808356095, 0.4843750000000000000 ) ) ;
#1777 = DIRECTION ( 'NONE',  ( 1.000000000000000000, 0.000000000000000000, 0.000000000000000000 ) ) ;
#1778 = CARTESIAN_POINT ( 'NONE',  ( 0.04907772850198585668, 0.1826198767988404803, 0.7500000000000001110 ) ) ;
#1779 = CARTESIAN_POINT ( 'NONE',  ( -0.06542438130972608179, -0.06542438130972595689, 0.5937500000000000000 ) ) ;
#1780 = ADVANCED_FACE ( 'NONE', ( #2016 ), #2415, .T. ) ;
#1781 = LINE ( 'NONE', #3709, #4339 ) ;
#1782 = CARTESIAN_POINT ( 'NONE',  ( 0.09252404735808346381, 5.231002706149078048E-18, 0.2625000000000000111 ) ) ;
#1783 = CARTESIAN_POINT ( 'NONE',  ( 0.08838834764831839108, 0.08838834764831833557, 0.09374999999999997224 ) ) ;
#1784 = CARTESIAN_POINT ( 'NONE',  ( 0.09252404735808347769, -0.03832471526136867201, 0.5156250000000001110 ) ) ;
#1785 = CARTESIAN_POINT ( 'NONE',  ( 0.1687499999999998446, 0.02208932314516101961, 1.000000000000000000 ) ) ;
#1786 = ADVANCED_FACE ( 'NONE', ( #252 ), #221, .F. ) ;
#1787 = CARTESIAN_POINT ( 'NONE',  ( 0.1638349479016251442, 0.09442855861383880889, 1.000000000000000000 ) ) ;
#1788 = CARTESIAN_POINT ( 'NONE',  ( -1.530808498934190893E-17, -0.1249999999999998335, 0.5312500000000001110 ) ) ;
#1789 = CARTESIAN_POINT ( 'NONE',  ( -0.03832471526136872059, 0.09252404735808351932, 0.3343749999999999778 ) ) ;
#1790 = CARTESIAN_POINT ( 'NONE',  ( -0.1249999999999999306, 3.172742888979206944E-17, 0.2687499999999999889 ) ) ;
#1791 = CARTESIAN_POINT ( 'NONE',  ( -0.1249999999999999306, 1.351029765658530511E-16, 0.6187500000000000222 ) ) ;
#1792 = CARTESIAN_POINT ( 'NONE',  ( 0.09252404735808346381, 9.383861499991563157E-17, 0.5625000000000001110 ) ) ;
#1793 = CARTESIAN_POINT ( 'NONE',  ( 0.09975608566457533355, -0.009069643033953630334, 0.7076427044792509280 ) ) ;
#1794 = CARTESIAN_POINT ( 'NONE',  ( -0.1249999999999999167, -0.05177669529663671971, 0.6156249999999999778 ) ) ;
#1795 = CARTESIAN_POINT ( 'NONE',  ( 0.03832471526136869977, -0.09252404735808351932, 0.1593750000000000444 ) ) ;
#1796 = CARTESIAN_POINT ( 'NONE',  ( 0.08608668341437196447, -0.05855100563012533704, 0.8802580611380930176 ) ) ;
#1797 = CARTESIAN_POINT ( 'NONE',  ( 0.02454369240633502008, -0.1874999999999998335, 0.7500000000000001110 ) ) ;
#1798 = CARTESIAN_POINT ( 'NONE',  ( 0.000000000000000000, 0.000000000000000000, 0.000000000000000000 ) ) ;
#1799 = ORIENTED_EDGE ( 'NONE', *, *, #4249, .T. ) ;
#1800 = CARTESIAN_POINT ( 'NONE',  ( -1.133092784412350615E-17, -0.09252404735808340830, 0.4562500000000000999 ) ) ;
#1801 = EDGE_CURVE ( 'NONE', #4121, #109, #1863, .T. ) ;
#1802 =( BOUNDED_CURVE ( )  B_SPLINE_CURVE ( 2, ( #53, #1896, #3419, #3082, #4562, #1159, #4592, #2715, #4717, #1712, #107, #1666, #2796, #175, #4435, #3227, #3129, #3590, #1638, #196, #2045, #557, #2820, #886, #2400, #3964, #1690, #1312, #2020, #4266, #509, #1264, #911, #3868, #3178, #3546, #4338, #4314, #2097, #2071, #2844, #150, #3568, #4739, #4668, #937, #1335, #3199, #4287, #2369, #3889, #2933, #463, #2475, #1995, #488, #4694, #1289, #2770, #3151, #3496, #1615, #4643, #1235, #861, #3521, #126, #2450, #2423, #3912, #3934, #533, #3732, #355, #4509, #2565, #3708, #4531, #1128, #3316, #3050, #2232, #334, #2981, #1033, #4058, #677, #4111, #2261, #381, #3339, #2655, #2288, #3759, #4859, #653, #1055, #1525, #4159, #3034, #1504, #310, #1106, #4481, #1883, #1451, #4832, #3386, #750, #3786, #15, #3410, #1909, #3362, #1081, #2177, #4456, #1858, #4884, #4910, #2635, #284, #3678, #1805, #1425, #2953, #2609, #1476, #3006, #703, #2586, #4084, #2204, #1833, #4137, #729, #876, #2703, #2338, #1630, #3903, #1578, #849, #3117, #3094, #3534, #501, #2035, #2388, #1204, #4632, #4657, #1984, #137, #1653, #2785, #4206, #117, #4551, #793, #3832, #2733, #2313, #3143, #1550, #3433, #452, #4233, #3806, #1228, #42, #772, #4606, #427, #1954, #822, #4254, #3453, #2361, #69, #3511, #3857, #3486, #3881, #1149, #2678, #403, #2414, #99, #4184, #1606, #1932, #2757, #477, #1252, #2010, #3072, #4277, #4580, #1174, #3975, #2084, #1724, #4682, #568, #2852, #234, #209, #2902, #2877, #594, #3188, #925, #2106, #2436, #999, #900, #2536, #520, #3578, #4350, #3620, #3644, #2123, #1322, #3244, #1371 ),
 .UNSPECIFIED., .F., .F. ) 
 B_SPLINE_CURVE_WITH_KNOTS ( ( 3, 2, 2, 2, 2, 2, 2, 2, 2, 2, 2, 2, 2, 2, 2, 2, 2, 2, 2, 2, 2, 2, 2, 2, 2, 2, 2, 2, 2, 2, 2, 2, 2, 2, 2, 2, 2, 2, 2, 2, 2, 2, 2, 2, 2, 2, 2, 2, 2, 2, 2, 2, 2, 2, 2, 2, 2, 2, 2, 2, 2, 2, 2, 2, 2, 2, 2, 2, 2, 2, 2, 2, 2, 2, 2, 2, 2, 2, 2, 2, 2, 2, 2, 2, 2, 2, 2, 2, 2, 2, 2, 2, 2, 2, 2, 2, 2, 2, 2, 2, 2, 2, 2, 2, 2, 2, 2, 2, 2, 2, 2, 2, 2, 3 ),
 ( 0.03747144904847772573, 0.03906250000000000000, 0.04687500000000000000, 0.05468750000000000000, 0.06250000000000000000, 0.07031250000000000000, 0.07812500000000000000, 0.08593750000000000000, 0.09375000000000000000, 0.1015625000000000000, 0.1093750000000000000, 0.1171875000000000000, 0.1250000000000000000, 0.1328125000000000000, 0.1406250000000000000, 0.1484375000000000000, 0.1562500000000000000, 0.1640625000000000000, 0.1718750000000000000, 0.1796875000000000000, 0.1875000000000000000, 0.1953125000000000000, 0.2031250000000000000, 0.2109375000000000000, 0.2187500000000000000, 0.2265625000000000000, 0.2343750000000000000, 0.2421875000000000000, 0.2500000000000000000, 0.2578125000000000000, 0.2656250000000000000, 0.2734375000000000000, 0.2812500000000000000, 0.2890625000000000000, 0.2968750000000000000, 0.3046875000000000000, 0.3125000000000000000, 0.3203125000000000000, 0.3281250000000000000, 0.3359375000000000000, 0.3437500000000000000, 0.3515624999999999445, 0.3593750000000000000, 0.3671875000000000555, 0.3750000000000000000, 0.3828125000000000000, 0.3906250000000000000, 0.3984375000000000000, 0.4062500000000000000, 0.4140625000000000000, 0.4218750000000000000, 0.4296875000000000000, 0.4375000000000000000, 0.4453125000000000000, 0.4531250000000000000, 0.4609375000000000000, 0.4687500000000000000, 0.4765625000000000000, 0.4843749999999999445, 0.4921875000000000000, 0.5000000000000001110, 0.5078125000000000000, 0.5156250000000000000, 0.5234375000000000000, 0.5312500000000000000, 0.5390625000000000000, 0.5468750000000000000, 0.5546875000000000000, 0.5625000000000000000, 0.5703125000000000000, 0.5781250000000000000, 0.5859375000000000000, 0.5937500000000000000, 0.6015625000000000000, 0.6093750000000000000, 0.6171875000000000000, 0.6250000000000000000, 0.6328125000000000000, 0.6406250000000000000, 0.6484375000000000000, 0.6562500000000000000, 0.6640625000000000000, 0.6718750000000000000, 0.6796874999999998890, 0.6875000000000000000, 0.6953125000000000000, 0.7031250000000000000, 0.7109375000000001110, 0.7187500000000000000, 0.7265625000000000000, 0.7343750000000000000, 0.7421875000000000000, 0.7500000000000000000, 0.7578125000000000000, 0.7656250000000000000, 0.7734375000000000000, 0.7812500000000000000, 0.7890625000000000000, 0.7968750000000000000, 0.8046875000000000000, 0.8125000000000000000, 0.8203125000000000000, 0.8281249999999998890, 0.8359375000000000000, 0.8437500000000000000, 0.8515625000000000000, 0.8593750000000001110, 0.8671875000000000000, 0.8750000000000000000, 0.8828125000000000000, 0.8906250000000000000, 0.8984375000000000000, 0.9062500000000000000, 0.9105979590113117972 ),
 .UNSPECIFIED. ) 
 CURVE ( )  GEOMETRIC_REPRESENTATION_ITEM ( )  RATIONAL_B_SPLINE_CURVE ( ( 0.9753096629729514078, 0.9844977225947856292, 1.000000000000000000, 0.9238795325112867385, 1.000000000000000000, 0.9238795325112867385, 1.000000000000000000, 0.9238795325112867385, 1.000000000000000000, 0.9238795325112867385, 1.000000000000000000, 0.9238795325112867385, 1.000000000000000000, 0.9238795325112867385, 1.000000000000000000, 0.9238795325112867385, 1.000000000000000000, 0.9238795325112867385, 1.000000000000000000, 0.9238795325112867385, 1.000000000000000000, 0.9238795325112867385, 1.000000000000000000, 0.9238795325112867385, 1.000000000000000000, 0.9238795325112867385, 1.000000000000000000, 0.9238795325112867385, 1.000000000000000000, 0.9238795325112867385, 1.000000000000000000, 0.9238795325112867385, 1.000000000000000000, 0.9238795325112867385, 1.000000000000000000, 0.9238795325112867385, 1.000000000000000000, 0.9238795325112867385, 1.000000000000000000, 0.9238795325112867385, 1.000000000000000000, 0.9238795325112867385, 1.000000000000000000, 0.9238795325112867385, 1.000000000000000000, 0.9238795325112867385, 1.000000000000000000, 0.9238795325112867385, 1.000000000000000000, 0.9238795325112867385, 1.000000000000000000, 0.9238795325112867385, 1.000000000000000000, 0.9238795325112867385, 1.000000000000000000, 0.9238795325112867385, 1.000000000000000000, 0.9238795325112867385, 1.000000000000000000, 0.9238795325112867385, 1.000000000000000000, 0.9238795325112867385, 1.000000000000000000, 0.9238795325112867385, 1.000000000000000000, 0.9238795325112867385, 1.000000000000000000, 0.9238795325112867385, 1.000000000000000000, 0.9238795325112867385, 1.000000000000000000, 0.9238795325112867385, 1.000000000000000000, 0.9238795325112867385, 1.000000000000000000, 0.9238795325112867385, 1.000000000000000000, 0.9238795325112867385, 1.000000000000000000, 0.9238795325112867385, 1.000000000000000000, 0.9238795325112867385, 1.000000000000000000, 0.9238795325112867385, 1.000000000000000000, 0.9238795325112867385, 1.000000000000000000, 0.9238795325112867385, 1.000000000000000000, 0.9238795325112867385, 1.000000000000000000, 0.9238795325112867385, 1.000000000000000000, 0.9238795325112867385, 1.000000000000000000, 0.9238795325112867385, 1.000000000000000000, 0.9238795325112867385, 1.000000000000000000, 0.9238795325112867385, 1.000000000000000000, 0.9238795325112867385, 1.000000000000000000, 0.9238795325112867385, 1.000000000000000000, 0.9238795325112867385, 1.000000000000000000, 0.9238795325112867385, 1.000000000000000000, 0.9238795325112867385, 1.000000000000000000, 0.9238795325112867385, 1.000000000000000000, 0.9238795325112867385, 1.000000000000000000, 0.9238795325112867385, 1.000000000000000000, 0.9238795325112867385, 1.000000000000000000, 0.9238795325112867385, 1.000000000000000000, 0.9238795325112867385, 1.000000000000000000, 0.9238795325112867385, 1.000000000000000000, 0.9238795325112867385, 1.000000000000000000, 0.9238795325112867385, 1.000000000000000000, 0.9238795325112867385, 1.000000000000000000, 0.9238795325112867385, 1.000000000000000000, 0.9238795325112867385, 1.000000000000000000, 0.9238795325112867385, 1.000000000000000000, 0.9238795325112867385, 1.000000000000000000, 0.9238795325112867385, 1.000000000000000000, 0.9238795325112867385, 1.000000000000000000, 0.9238795325112867385, 1.000000000000000000, 0.9238795325112867385, 1.000000000000000000, 0.9238795325112867385, 1.000000000000000000, 0.9238795325112867385, 1.000000000000000000, 0.9238795325112867385, 1.000000000000000000, 0.9238795325112867385, 1.000000000000000000, 0.9238795325112867385, 1.000000000000000000, 0.9238795325112867385, 1.000000000000000000, 0.9238795325112867385, 1.000000000000000000, 0.9238795325112867385, 1.000000000000000000, 0.9238795325112867385, 1.000000000000000000, 0.9238795325112867385, 1.000000000000000000, 0.9238795325112867385, 1.000000000000000000, 0.9238795325112867385, 1.000000000000000000, 0.9238795325112867385, 1.000000000000000000, 0.9238795325112867385, 1.000000000000000000, 0.9238795325112867385, 1.000000000000000000, 0.9238795325112867385, 1.000000000000000000, 0.9238795325112867385, 1.000000000000000000, 0.9238795325112867385, 1.000000000000000000, 0.9238795325112867385, 1.000000000000000000, 0.9238795325112867385, 1.000000000000000000, 0.9238795325112867385, 1.000000000000000000, 0.9238795325112867385, 1.000000000000000000, 0.9238795325112867385, 1.000000000000000000, 0.9238795325112867385, 1.000000000000000000, 0.9238795325112867385, 1.000000000000000000, 0.9238795325112867385, 1.000000000000000000, 0.9238795325112867385, 1.000000000000000000, 0.9238795325112867385, 1.000000000000000000, 0.9238795325112867385, 1.000000000000000000, 0.9238795325112867385, 1.000000000000000000, 0.9238795325112867385, 1.000000000000000000, 0.9238795325112867385, 1.000000000000000000, 0.9238795325112867385, 1.000000000000000000, 0.9238795325112867385, 1.000000000000000000, 0.9238795325112867385, 1.000000000000000000, 0.9238795325112867385, 1.000000000000000000, 0.9238795325112867385, 1.000000000000000000, 0.9238795325112867385, 1.000000000000000000, 0.9238795325112867385, 1.000000000000000000, 0.9576360099119594071, 0.9624264242932741853 ) ) 
 REPRESENTATION_ITEM ( '' )  );
#1803 = CARTESIAN_POINT ( 'NONE',  ( 0.1734888829588971948, 0.04662384207688847343, 0.7500000000000001110 ) ) ;
#1804 = CARTESIAN_POINT ( 'NONE',  ( -0.09252404735808347769, 0.03832471526136883161, 0.5843750000000000888 ) ) ;
#1805 = CARTESIAN_POINT ( 'NONE',  ( -0.09252404735808346381, 0.03832471526136876916, 0.3843750000000000222 ) ) ;
#1806 = AXIS2_PLACEMENT_3D ( 'NONE', #41, #1549, #4082 ) ;
#1807 = B_SPLINE_CURVE_WITH_KNOTS ( 'NONE', 3,
 ( #3277, #171, #4714, #4006, #1381, #3543, #1736, #1309, #1762, #3983, #3174, #2841, #3565, #530, #1332, #4784, #2520, #3930 ),
 .UNSPECIFIED., .F., .F.,
 ( 4, 2, 2, 2, 2, 2, 2, 2, 4 ),
 ( 0.5000000000000000000, 0.5625000000000000000, 0.6250000000000000000, 0.6875000000000000000, 0.7500000000000000000, 0.8125000000000000000, 0.8750000000000000000, 0.9375000000000000000, 1.000000000000000000 ),
 .UNSPECIFIED. ) ;
#1808 = ADVANCED_FACE ( 'NONE', ( #1162 ), #3771, .T. ) ;
#1809 = CARTESIAN_POINT ( 'NONE',  ( -0.06542438130972608179, -0.06542438130972606791, 0.1937500000000000056 ) ) ;
#1810 = CARTESIAN_POINT ( 'NONE',  ( 0.03832471526136876916, 0.09252404735808340830, 0.02187499999999997780 ) ) ;
#1811 = CARTESIAN_POINT ( 'NONE',  ( -0.02208932314516314638, 0.1687499999999998446, 1.000000000000000000 ) ) ;
#1812 = ORIENTED_EDGE ( 'NONE', *, *, #975, .T. ) ;
#1813 = CIRCLE ( 'NONE', #1655, 0.1299999999999999212 ) ;
#1814 = CARTESIAN_POINT ( 'NONE',  ( -0.1874999999999998335, -0.02454369238351460092, 0.9812499999999999556 ) ) ;
#1815 = CARTESIAN_POINT ( 'NONE',  ( -0.06542438130972609567, 0.06542438130972604016, -0.01250000000000002498 ) ) ;
#1816 = STYLED_ITEM ( 'NONE', ( #3018 ), #4650 ) ;
#1817 = CARTESIAN_POINT ( 'NONE',  ( 0.05177669529663694176, 0.1249999999999999584, 0.3531250000000000222 ) ) ;
#1818 = CARTESIAN_POINT ( 'NONE',  ( -0.1249999999999999306, 1.646388473304419013E-16, 0.7187500000000001110 ) ) ;
#1819 = CARTESIAN_POINT ( 'NONE',  ( 0.03832471526136876916, 0.09252404735808358871, 0.6718750000000000000 ) ) ;
#1820 = VERTEX_POINT ( 'NONE', #2667 ) ;
#1821 = CARTESIAN_POINT ( 'NONE',  ( -0.1249999999999999167, 1.184890492607718090E-16, 0.5625000000000001110 ) ) ;
#1822 = CARTESIAN_POINT ( 'NONE',  ( -0.05177669529663686543, -0.1249999999999997780, 0.7218750000000001554 ) ) ;
#1823 = CARTESIAN_POINT ( 'NONE',  ( -0.06542438130972609567, 0.06542438130972610955, 0.1874999999999999722 ) ) ;
#1824 = CARTESIAN_POINT ( 'NONE',  ( 0.1249999999999999029, 1.538357638823458008E-17, 0.000000000000000000 ) ) ;
#1825 = CARTESIAN_POINT ( 'NONE',  ( -0.09442855863491618484, 0.1638349478928983749, 0.7593750000000000222 ) ) ;
#1826 = SHAPE_DEFINITION_REPRESENTATION ( #362, #2751 ) ;
#1827 = VERTEX_POINT ( 'NONE', #2 ) ;
#1828 = CARTESIAN_POINT ( 'NONE',  ( 0.08838834764831840496, 0.08838834764831840496, 0.2999999999999999889 ) ) ;
#1829 = CARTESIAN_POINT ( 'NONE',  ( 0.04662384207688846649, -0.1734888829588971948, 0.7500000000000001110 ) ) ;
#1830 = CARTESIAN_POINT ( 'NONE',  ( -0.09252404735808346381, 1.238844383793098163E-16, 0.5875000000000000222 ) ) ;
#1831 = ORIENTED_EDGE ( 'NONE', *, *, #2512, .F. ) ;
#1832 = ADVANCED_FACE ( 'NONE', ( #4594 ), #3404, .T. ) ;
#1833 = CARTESIAN_POINT ( 'NONE',  ( 0.09252404735808344993, 0.03832471526136879691, 0.4156250000000000777 ) ) ;
#1834 = VERTEX_POINT ( 'NONE', #3877 ) ;
#1835 = CARTESIAN_POINT ( 'NONE',  ( -0.09252404735808346381, 5.740955320954434243E-18, 0.1875000000000000278 ) ) ;
#1836 = CARTESIAN_POINT ( 'NONE',  ( 0.08884799867894266345, -0.06937273454431112929, 0.02495105851803614341 ) ) ;
#1837 = CARTESIAN_POINT ( 'NONE',  ( 0.06542438130972610955, 0.06542438130972623445, 0.7250000000000000888 ) ) ;
#1838 = CARTESIAN_POINT ( 'NONE',  ( -0.02208932314518405673, -0.1687499999999998446, 1.000000000000000000 ) ) ;
#1839 = ORIENTED_EDGE ( 'NONE', *, *, #2734, .F. ) ;
#1840 = CARTESIAN_POINT ( 'NONE',  ( 0.09442855861381968530, -0.1638349479016368293, 0.9812499999999999556 ) ) ;
#1841 = PRODUCT ( '92196A540_18-8 Stainless Steel Socket Head Screw_92196A540', '92196A540_18-8 Stainless Steel Socket Head Screw_92196A540', '', ( #3670 ) ) ;
#1842 = CYLINDRICAL_SURFACE ( 'NONE', #2385, 0.1249999999999999029 ) ;
#1843 = ORIENTED_EDGE ( 'NONE', *, *, #4746, .F. ) ;
#1844 = CARTESIAN_POINT ( 'NONE',  ( -0.08838834764831837720, 0.08838834764831851598, 0.6124999999999999334 ) ) ;
#1845 = CARTESIAN_POINT ( 'NONE',  ( -0.03832471526136872059, -0.09252404735808332503, 0.6968750000000002442 ) ) ;
#1847 = EDGE_CURVE ( 'NONE', #332, #1864, #687, .T. ) ;
#1846 = ORIENTED_EDGE ( 'NONE', *, *, #4286, .F. ) ;
#1848 = CARTESIAN_POINT ( 'NONE',  ( -0.06542438130972609567, 0.06542438130972612342, 0.2374999999999999889 ) ) ;
#1849 = DIRECTION ( 'NONE',  ( -0.000000000000000000, -0.000000000000000000, -1.000000000000000000 ) ) ;
#1850 = CARTESIAN_POINT ( 'NONE',  ( -0.08970713070317461180, -0.1556432004982484518, 0.7500000000000001110 ) ) ;
#1851 = EDGE_LOOP ( 'NONE', ( #2903, #4268, #1970, #4706 ) ) ;
#1852 = CARTESIAN_POINT ( 'NONE',  ( 0.000000000000000000, 0.09252404735808363034, 0.7312500000000000666 ) ) ;
#1853 = CARTESIAN_POINT ( 'NONE',  ( 0.1250000000000004718, 0.05177669529663635889, 0.2968749999999999445 ) ) ;
#1854 = CARTESIAN_POINT ( 'NONE',  ( -0.02331650778601852478, 0.1781249999999998668, 0.7500000000000001110 ) ) ;
#1855 = CARTESIAN_POINT ( 'NONE',  ( -1.133092784412350307E-17, -0.09252404735808335279, 0.5999999999999999778 ) ) ;
#1856 = ORIENTED_EDGE ( 'NONE', *, *, #678, .T. ) ;
#1857 = CARTESIAN_POINT ( 'NONE',  ( -1.133092784412350615E-17, -0.09252404735808335279, 0.6562500000000000000 ) ) ;
#1858 = CARTESIAN_POINT ( 'NONE',  ( 0.09252404735808344993, 0.03832471526136878304, 0.3656250000000000333 ) ) ;
#1859 = CARTESIAN_POINT ( 'NONE',  ( -0.09252404735808347769, -0.03832471526136867201, 0.2906250000000000222 ) ) ;
#1860 = CARTESIAN_POINT ( 'NONE',  ( -0.03832471526136872059, 0.09252404735808350544, 0.1843749999999999556 ) ) ;
#1861 = CYLINDRICAL_SURFACE ( 'NONE', #4818, 0.1249999999999999029 ) ;
#1862 = CARTESIAN_POINT ( 'NONE',  ( 0.000000000000000000, 0.09252404735808363034, 0.7312500000000000666 ) ) ;
#1863 =( BOUNDED_CURVE ( )  B_SPLINE_CURVE ( 2, ( #2941, #2186, #783, #1536, #4541, #1114, #2717, #3818, #3443 ),
 .UNSPECIFIED., .F., .F. ) 
 B_SPLINE_CURVE_WITH_KNOTS ( ( 3, 2, 2, 2, 3 ),
 ( 0.07812500000000000000, 0.08593750000000000000, 0.09375000000000000000, 0.1015625000000000000, 0.1093750000000000000 ),
 .UNSPECIFIED. ) 
 CURVE ( )  GEOMETRIC_REPRESENTATION_ITEM ( )  RATIONAL_B_SPLINE_CURVE ( ( 1.000000000000000000, 0.9238795325112867385, 1.000000000000000000, 0.9238795325112867385, 1.000000000000000000, 0.9238795325112867385, 1.000000000000000000, 0.9238795325112867385, 1.000000000000000000 ) ) 
 REPRESENTATION_ITEM ( '' )  );
#1864 = VERTEX_POINT ( 'NONE', #4676 ) ;
#1865 = PLANE ( 'NONE',  #2376 ) ;
#1866 = DIRECTION ( 'NONE',  ( -0.000000000000000000, -0.000000000000000000, -1.000000000000000000 ) ) ;
#1867 = EDGE_LOOP ( 'NONE', ( #1985, #4290, #1113, #320 ) ) ;
#1868 = CARTESIAN_POINT ( 'NONE',  ( 0.1249999999999998751, -0.05177669529663698339, 0.03437500000000002359 ) ) ;
#1869 = CARTESIAN_POINT ( 'NONE',  ( -0.09252404735808347769, -0.03832471526136858875, 0.5906250000000001776 ) ) ;
#1870 = EDGE_LOOP ( 'NONE', ( #2011, #991, #1075, #3497, #2140, #4552, #2598, #2404 ) ) ;
#1871 = CARTESIAN_POINT ( 'NONE',  ( 0.08838834764831839108, 0.08838834764831846047, 0.5437500000000000666 ) ) ;
#1872 = CARTESIAN_POINT ( 'NONE',  ( -0.03832471526136872059, 0.09252404735808344993, 0.08437499999999996392 ) ) ;
#1873 = CARTESIAN_POINT ( 'NONE',  ( 0.06542438130972609567, -0.06542438130972604016, 0.4125000000000000333 ) ) ;
#1874 = CARTESIAN_POINT ( 'NONE',  ( -0.05475602988872697863, -0.07663976687704289470, 0.9916207643691720142 ) ) ;
#1875 = CARTESIAN_POINT ( 'NONE',  ( 0.04662384207688846649, -0.1734888829588971948, 0.7500000000000001110 ) ) ;
#1876 = CARTESIAN_POINT ( 'NONE',  ( -0.1249999999999999445, -0.05177669529663687931, 0.1218750000000000527 ) ) ;
#1877 = CARTESIAN_POINT ( 'NONE',  ( 0.06542438130972609567, -0.06542438130972598465, 0.6125000000000000444 ) ) ;
#1878 = DIRECTION ( 'NONE',  ( -0.000000000000000000, -0.000000000000000000, -1.000000000000000000 ) ) ;
#1879 = CARTESIAN_POINT ( 'NONE',  ( 0.1826198767988399252, -0.04907772850198804243, 0.7500000000000001110 ) ) ;
#1880 = EDGE_CURVE ( 'NONE', #4644, #622, #2379, .T. ) ;
#1881 = CARTESIAN_POINT ( 'NONE',  ( 0.06542438130972608179, -0.06542438130972595689, 0.6562500000000000000 ) ) ;
#1882 = CARTESIAN_POINT ( 'NONE',  ( 0.09375000000000054123, -0.05412658773652687105, 1.000000000000000000 ) ) ;
#1883 = CARTESIAN_POINT ( 'NONE',  ( 0.000000000000000000, 0.09252404735808350544, 0.3250000000000000111 ) ) ;
#1884 = CARTESIAN_POINT ( 'NONE',  ( 0.09252404735808346381, 0.03832471526136879691, 0.3718750000000000111 ) ) ;
#1885 = CARTESIAN_POINT ( 'NONE',  ( 0.000000000000000000, 0.09252404735808350544, 0.3250000000000000111 ) ) ;
#1886 = CARTESIAN_POINT ( 'NONE',  ( -0.09252404735808350544, 0.03832471526136867895, 0.04062499999999999445 ) ) ;
#1887 = CARTESIAN_POINT ( 'NONE',  ( 0.1249999999999999167, -6.719044223200344743E-17, 0.03749999999999999861 ) ) ;
#1888 = AXIS2_PLACEMENT_3D ( 'NONE', #3848, #445, #1975 ) ;
#1889 = CARTESIAN_POINT ( 'NONE',  ( 0.09252404735808347769, -0.03832471526136860956, 0.7156249999999999556 ) ) ;
#1890 = CARTESIAN_POINT ( 'NONE',  ( -0.09252404735808347769, 6.665868877291894538E-17, 0.3937499999999999889 ) ) ;
#1891 = CARTESIAN_POINT ( 'NONE',  ( 0.1874999999999998335, 0.02454369238351223823, 0.9812499999999999556 ) ) ;
#1892 = AXIS2_PLACEMENT_3D ( 'NONE', #2713, #81, #2041 ) ;
#1893 = CARTESIAN_POINT ( 'NONE',  ( 0.1008221066484585454, 0.007254260842043593928, 0.7082545049573016893 ) ) ;
#1894 = CARTESIAN_POINT ( 'NONE',  ( -0.1249999999999999445, 0.05177669529663683073, 0.06562499999999998890 ) ) ;
#1895 =( BOUNDED_CURVE ( )  B_SPLINE_CURVE ( 2, ( #307, #1853, #1828, #2976, #3335, #4854, #4106, #3728, #329 ),
 .UNSPECIFIED., .F., .T. ) 
 B_SPLINE_CURVE_WITH_KNOTS ( ( 3, 2, 2, 2, 3 ),
 ( 0.4218749999999998890, 0.4296874999999998890, 0.4374999999999999445, 0.4453125000000000000, 0.4531250000000000000 ),
 .UNSPECIFIED. ) 
 CURVE ( )  GEOMETRIC_REPRESENTATION_ITEM ( )  RATIONAL_B_SPLINE_CURVE ( ( 1.000000000000001110, 0.9238795325112856283, 1.000000000000000000, 0.9238795325112867385, 1.000000000000000000, 0.9238795325112867385, 1.000000000000000000, 0.9238795325112867385, 1.000000000000000000 ) ) 
 REPRESENTATION_ITEM ( '' )  );
#1896 = CARTESIAN_POINT ( 'NONE',  ( 0.06024522967515520688, -0.07060353294429702609, 0.005652765745188415014 ) ) ;
#1897 = AXIS2_PLACEMENT_3D ( 'NONE', #2114, #3989, #890 ) ;
#1898 = CARTESIAN_POINT ( 'NONE',  ( 0.08838834764831837720, -0.08838834764831843271, 0.08125000000000001665 ) ) ;
#1899 = CARTESIAN_POINT ( 'NONE',  ( 0.06542438130972608179, -0.06542438130972595689, 0.7062500000000000444 ) ) ;
#1900 = ORIENTED_EDGE ( 'NONE', *, *, #25, .T. ) ;
#1901 = CARTESIAN_POINT ( 'NONE',  ( -0.06271835715228400721, -0.07204271508805232260, 0.9924198921391039763 ) ) ;
#1902 = CARTESIAN_POINT ( 'NONE',  ( -0.1249999999999999167, 5.941730773159412108E-17, 0.3625000000000000444 ) ) ;
#1903 = AXIS2_PLACEMENT_3D ( 'NONE', #3442, #781, #4894 ) ;
#1904 = CARTESIAN_POINT ( 'NONE',  ( -0.1249999999999999584, 0.05177669529663698339, 0.5656250000000000444 ) ) ;
#1905 = CARTESIAN_POINT ( 'NONE',  ( -0.03832471526136872059, 0.09252404735808358871, 0.5843750000000000888 ) ) ;
#1906 = CARTESIAN_POINT ( 'NONE',  ( -0.1152275101366084797, -0.1499375328083516756, 0.7500000000000000000 ) ) ;
#1907 = CARTESIAN_POINT ( 'NONE',  ( -0.09252404735808347769, 0.03832471526136886630, 0.6843749999999999556 ) ) ;
#1908 = CARTESIAN_POINT ( 'NONE',  ( 0.06542438130972609567, -0.06542438130972598465, 0.6125000000000000444 ) ) ;
#1909 = CARTESIAN_POINT ( 'NONE',  ( -1.133092784412350307E-17, -0.09252404735808343605, 0.3500000000000000333 ) ) ;
#1910 = CARTESIAN_POINT ( 'NONE',  ( 0.000000000000000000, 0.09252404735808351932, 0.3750000000000000555 ) ) ;
#1911 = EDGE_CURVE ( 'NONE', #547, #912, #2991, .T. ) ;
#1912 = CARTESIAN_POINT ( 'NONE',  ( 0.09252404735808346381, 0.03832471526136882467, 0.4718749999999999889 ) ) ;
#1913 = CARTESIAN_POINT ( 'NONE',  ( 0.03832471526136869977, -0.09252404735808351932, 0.1593750000000000444 ) ) ;
#1914 = CARTESIAN_POINT ( 'NONE',  ( -0.1690233251552538951, -0.05740832737789476614, 0.7500000000000001110 ) ) ;
#1915 = CARTESIAN_POINT ( 'NONE',  ( 0.06542438130972610955, 0.06542438130972624832, 0.7750000000000000222 ) ) ;
#1916 = CARTESIAN_POINT ( 'NONE',  ( 0.1874999999999998335, -0.02454369238351223823, 0.9812499999999999556 ) ) ;
#1917 = CARTESIAN_POINT ( 'NONE',  ( 0.09836576145251220427, 0.02910080655347854414, 0.7091138816269588752 ) ) ;
#1918 = DIRECTION ( 'NONE',  ( -0.000000000000000000, -0.000000000000000000, 1.000000000000000000 ) ) ;
#1919 = CARTESIAN_POINT ( 'NONE',  ( 0.09252404735808347769, 2.184493001123028314E-17, 0.3187499999999999778 ) ) ;
#1920 = ORIENTED_EDGE ( 'NONE', *, *, #144, .F. ) ;
#1921 = CARTESIAN_POINT ( 'NONE',  ( -1.530808498934190276E-17, -0.1249999999999999306, 0.1250000000000000555 ) ) ;
#1922 = CARTESIAN_POINT ( 'NONE',  ( -1.530808498934190893E-17, -0.1249999999999999861, 0.03125000000000003469 ) ) ;
#1923 = ORIENTED_EDGE ( 'NONE', *, *, #4801, .F. ) ;
#1924 =( BOUNDED_CURVE ( )  B_SPLINE_CURVE ( 2, ( #1687, #1286, #3254, #4032, #981, #2817, #909, #2862, #1709 ),
 .UNSPECIFIED., .F., .F. ) 
 B_SPLINE_CURVE_WITH_KNOTS ( ( 3, 2, 2, 2, 3 ),
 ( 0.5781250000000000000, 0.5859375000000000000, 0.5937500000000000000, 0.6015625000000000000, 0.6093750000000000000 ),
 .UNSPECIFIED. ) 
 CURVE ( )  GEOMETRIC_REPRESENTATION_ITEM ( )  RATIONAL_B_SPLINE_CURVE ( ( 1.000000000000000000, 0.9238795325112867385, 1.000000000000000000, 0.9238795325112867385, 1.000000000000000000, 0.9238795325112867385, 1.000000000000000000, 0.9238795325112867385, 1.000000000000000000 ) ) 
 REPRESENTATION_ITEM ( '' )  );
#1925 = FACE_OUTER_BOUND ( 'NONE', #1565, .T. ) ;
#1926 = LINE ( 'NONE', #4522, #1492 ) ;
#1927 = CARTESIAN_POINT ( 'NONE',  ( 0.08838834764831839108, 0.08838834764831837720, 0.2437499999999999944 ) ) ;
#1928 = CARTESIAN_POINT ( 'NONE',  ( 0.000000000000000000, 0.09252404735808361647, 0.6812500000000000222 ) ) ;
#1929 = CARTESIAN_POINT ( 'NONE',  ( 0.04907772850198703629, -0.1826198767988360949, 0.7593750000000000222 ) ) ;
#1930 = CARTESIAN_POINT ( 'NONE',  ( 0.09442855861383799010, 0.1638349479016292520, 0.9812499999999999556 ) ) ;
#1931 = CARTESIAN_POINT ( 'NONE',  ( 0.09252404735808346381, 1.529103565290933319E-16, 0.7625000000000001776 ) ) ;
#1932 = CARTESIAN_POINT ( 'NONE',  ( -0.03832471526136872059, -0.09252404735808335279, 0.5968750000000000444 ) ) ;
#1933 = CARTESIAN_POINT ( 'NONE',  ( -0.06542438130972608179, 0.06542438130972616506, 0.4312500000000000222 ) ) ;
#1934 = CARTESIAN_POINT ( 'NONE',  ( -1.133092784412350615E-17, -0.09252404735808353320, 0.05625000000000002220 ) ) ;
#1935 = DIRECTION ( 'NONE',  ( -0.000000000000000000, -0.000000000000000000, -1.000000000000000000 ) ) ;
#1936 = CARTESIAN_POINT ( 'NONE',  ( 0.09252404735808344993, -0.03832471526136876222, 0.2093750000000000611 ) ) ;
#1937 = EDGE_CURVE ( 'NONE', #2672, #823, #2057, .T. ) ;
#1938 = CARTESIAN_POINT ( 'NONE',  ( 0.1349216999255731519, 0.1037228611113910071, 1.000000000000000222 ) ) ;
#1939 = CARTESIAN_POINT ( 'NONE',  ( -0.01455762488768123399, -0.09137163070204255833, 0.005024047358083624619 ) ) ;
#1940 = EDGE_CURVE ( 'NONE', #1487, #297, #179, .T. ) ;
#1941 = CYLINDRICAL_SURFACE ( 'NONE', #1903, 0.1249999999999999029 ) ;
#1942 = DIRECTION ( 'NONE',  ( -1.000000000000000000, 0.000000000000000000, 0.000000000000000000 ) ) ;
#1943 = CARTESIAN_POINT ( 'NONE',  ( -0.05177669529663686543, 0.1249999999999998751, 0.009374999999999968428 ) ) ;
#1944 = ORIENTED_EDGE ( 'NONE', *, *, #1940, .F. ) ;
#1945 = CARTESIAN_POINT ( 'NONE',  ( 0.03832471526136877610, 0.09252404735808344993, 0.1281249999999999889 ) ) ;
#1946 = CARTESIAN_POINT ( 'NONE',  ( 0.09442855863492198576, -0.1638349478928959602, 0.7593750000000000222 ) ) ;
#1947 = CARTESIAN_POINT ( 'NONE',  ( 0.1249999999999998751, -0.05177669529663690706, 0.2343750000000000000 ) ) ;
#1948 = CARTESIAN_POINT ( 'NONE',  ( 0.06542438130972609567, -0.06542438130972595689, 0.7125000000000000222 ) ) ;
#1949 = CARTESIAN_POINT ( 'NONE',  ( -0.1874999999999998335, 7.549139889267777477E-20, 0.7593750000000000222 ) ) ;
#1950 = DIRECTION ( 'NONE',  ( -0.000000000000000000, -0.000000000000000000, -1.000000000000000000 ) ) ;
#1951 = CARTESIAN_POINT ( 'NONE',  ( -0.1826198767901021924, 0.04907772852307260014, 0.9812499999999999556 ) ) ;
#1952 = CARTESIAN_POINT ( 'NONE',  ( -0.1299999999999999212, -5.530426628471140438E-17, 1.117695526217004520 ) ) ;
#1953 = FACE_OUTER_BOUND ( 'NONE', #2826, .T. ) ;
#1954 = CARTESIAN_POINT ( 'NONE',  ( -0.06542438130972608179, -0.06542438130972597077, 0.5437500000000000666 ) ) ;
#1955 = CARTESIAN_POINT ( 'NONE',  ( -0.09252404735808346381, 3.527682608554327823E-17, 0.2875000000000000333 ) ) ;
#1956 = CARTESIAN_POINT ( 'NONE',  ( 0.03832471526136869977, -0.09252404735808343605, 0.4593750000000000888 ) ) ;
#1957 = CARTESIAN_POINT ( 'NONE',  ( 0.09252404735808347769, -6.676268228253625189E-17, 0.01874999999999999584 ) ) ;
#1958 = CARTESIAN_POINT ( 'NONE',  ( 0.1734754112229480172, -0.04664901554885177160, 0.7500000000000002220 ) ) ;
#1959 = CARTESIAN_POINT ( 'NONE',  ( -0.09252404735808347769, -0.03832471526136869283, 0.2406250000000000056 ) ) ;
#1960 = ADVANCED_FACE ( 'NONE', ( #4767 ), #1731, .F. ) ;
#1961 = CARTESIAN_POINT ( 'NONE',  ( -0.1687499999999998446, 2.744475302765376591E-17, 1.000000000000000000 ) ) ;
#1962 = CARTESIAN_POINT ( 'NONE',  ( -0.1172048974334176791, 0.02863311263661228942, 0.7195101650798757520 ) ) ;
#1963 = CARTESIAN_POINT ( 'NONE',  ( 0.06542438130972609567, -0.06542438130972608179, 0.3125000000000000555 ) ) ;
#1964 = CARTESIAN_POINT ( 'NONE',  ( 0.08838834764831840496, 0.08838834764831833557, 0.04999999999999998196 ) ) ;
#1965 = B_SPLINE_CURVE_WITH_KNOTS ( 'NONE', 3,
 ( #2833, #1346, #4302, #4728, #3998, #3950, #4375, #3212, #3557, #972 ),
 .UNSPECIFIED., .F., .F.,
 ( 4, 3, 3, 4 ),
 ( 0.000000000000000000, 0.0002529836738225776233, 0.0005059673491372034849, 0.0009518431618855916973 ),
 .UNSPECIFIED. ) ;
#1966 = ORIENTED_EDGE ( 'NONE', *, *, #3500, .F. ) ;
#1968 = AXIS2_PLACEMENT_3D ( 'NONE', #1173, #2702, #4062 ) ;
#1967 = CARTESIAN_POINT ( 'NONE',  ( 0.05177669529663682380, -0.1249999999999999861, 0.07812500000000002776 ) ) ;
#1969 = CARTESIAN_POINT ( 'NONE',  ( 0.03832471526136876916, 0.09252404735808360259, 0.7218750000000001554 ) ) ;
#1970 = ORIENTED_EDGE ( 'NONE', *, *, #3500, .T. ) ;
#1971 = CARTESIAN_POINT ( 'NONE',  ( 0.09252404735808347769, -2.245887613565297975E-17, 0.1687500000000000111 ) ) ;
#1972 = CARTESIAN_POINT ( 'NONE',  ( 0.03832471526136869977, -0.09252404735808347769, 0.3093750000000000111 ) ) ;
#1973 = CARTESIAN_POINT ( 'NONE',  ( -0.1249999999999999167, -0.05177669529663667114, 0.7656250000000002220 ) ) ;
#1974 = AXIS2_PLACEMENT_3D ( 'NONE', #2447, #555, #4383 ) ;
#1975 = DIRECTION ( 'NONE',  ( -1.000000000000000000, 0.000000000000000000, 0.000000000000000000 ) ) ;
#1976 = CARTESIAN_POINT ( 'NONE',  ( 0.05177669529663693482, 0.1249999999999999445, 0.3468749999999999889 ) ) ;
#1977 = VERTEX_POINT ( 'NONE', #582 ) ;
#1978 = AXIS2_PLACEMENT_3D ( 'NONE', #3451, #3030, #3068 ) ;
#1979 = CARTESIAN_POINT ( 'NONE',  ( -0.08838834764831839108, -0.08838834764831833557, 0.2687500000000000444 ) ) ;
#1980 = CARTESIAN_POINT ( 'NONE',  ( 0.1250000000000004441, -0.05177669529663620623, 0.6843750000000002887 ) ) ;
#1981 = CARTESIAN_POINT ( 'NONE',  ( 0.1082531754730549772, -1.104688079777929626E-16, 1.000000000000000000 ) ) ;
#1982 = CARTESIAN_POINT ( 'NONE',  ( -0.06542438130972608179, 0.06542438130972624832, 0.7312500000000000666 ) ) ;
#1983 = CARTESIAN_POINT ( 'NONE',  ( 0.03832471526136877610, 0.09252404735808351932, 0.4281250000000000333 ) ) ;
#1984 = CARTESIAN_POINT ( 'NONE',  ( 0.000000000000000000, 0.09252404735808354708, 0.4750000000000000333 ) ) ;
#1985 = ORIENTED_EDGE ( 'NONE', *, *, #1428, .F. ) ;
#1986 = CARTESIAN_POINT ( 'NONE',  ( 0.08838834764831837720, -0.08838834764831836333, 0.3375000000000000777 ) ) ;
#1987 = CARTESIAN_POINT ( 'NONE',  ( -0.05177669529663685849, 0.1249999999999999584, 0.3031249999999999778 ) ) ;
#1988 = CARTESIAN_POINT ( 'NONE',  ( -0.1139320424213525612, -0.05142460218318741644, 0.7221304482402236546 ) ) ;
#1989 = EDGE_CURVE ( 'NONE', #622, #1452, #3909, .T. ) ;
#1990 = CARTESIAN_POINT ( 'NONE',  ( 0.06542438130972608179, -0.06542438130972609567, 0.2062500000000000167 ) ) ;
#1991 = CARTESIAN_POINT ( 'NONE',  ( -0.09252404735808350544, -0.03832471526136865120, 0.3968750000000001443 ) ) ;
#1992 = CARTESIAN_POINT ( 'NONE',  ( -1.133092784412350307E-17, -0.09252404735808351932, 0.05000000000000002359 ) ) ;
#1993 = CARTESIAN_POINT ( 'NONE',  ( -1.133092784412350615E-17, -0.09252404735808344993, 0.3562500000000000666 ) ) ;
#1994 = CARTESIAN_POINT ( 'NONE',  ( -0.04416995567074376294, -0.1643578891110953621, 1.000000000000000000 ) ) ;
#1995 = CARTESIAN_POINT ( 'NONE',  ( 0.06542438130972610955, 0.06542438130972606791, 0.1687500000000000111 ) ) ;
#1996 = ORIENTED_EDGE ( 'NONE', *, *, #264, .T. ) ;
#1997 = CARTESIAN_POINT ( 'NONE',  ( -0.1249999999999999584, -0.05177669529663690012, 0.02187500000000002290 ) ) ;
#1998 = ORIENTED_EDGE ( 'NONE', *, *, #1471, .T. ) ;
#1999 = CARTESIAN_POINT ( 'NONE',  ( 0.06542438130972609567, -0.06542438130972610955, 0.2125000000000000500 ) ) ;
#2000 = CARTESIAN_POINT ( 'NONE',  ( 0.09794376499021842375, 0.01383119846650793065, 0.01044376499030693663 ) ) ;
#2001 = CYLINDRICAL_SURFACE ( 'NONE', #2541, 0.1249999999999999029 ) ;
#2002 = ADVANCED_FACE ( 'NONE', ( #3717 ), #4463, .T. ) ;
#2003 = VERTEX_POINT ( 'NONE', #1512 ) ;
#2004 = CARTESIAN_POINT ( 'NONE',  ( 0.000000000000000000, 0.1249999999999999167, 0.1999999999999999833 ) ) ;
#2005 = CARTESIAN_POINT ( 'NONE',  ( -0.02454369240633561683, -0.1874999999999998057, 0.7593750000000000222 ) ) ;
#2006 = CARTESIAN_POINT ( 'NONE',  ( -0.09442855861383198102, 0.1638349479016317500, 0.9812499999999999556 ) ) ;
#2007 = DIRECTION ( 'NONE',  ( 0.000000000000000000, 0.000000000000000000, -1.000000000000000000 ) ) ;
#2008 = CARTESIAN_POINT ( 'NONE',  ( -0.05177669529663687931, -0.1249999999999998057, 0.5781250000000001110 ) ) ;
#2009 = CARTESIAN_POINT ( 'NONE',  ( 0.1249999999999999167, -6.719044223200344743E-17, 0.03749999999999999861 ) ) ;
#2010 = CARTESIAN_POINT ( 'NONE',  ( 0.09252404735808344993, -0.03832471526136863732, 0.6093750000000003331 ) ) ;
#2011 = ORIENTED_EDGE ( 'NONE', *, *, #2356, .T. ) ;
#2012 = CARTESIAN_POINT ( 'NONE',  ( 0.08838834764831837720, -0.08838834764831837720, 0.2875000000000000888 ) ) ;
#2013 = CARTESIAN_POINT ( 'NONE',  ( 0.000000000000000000, 7.549139889267777477E-20, 0.000000000000000000 ) ) ;
#2014 = CARTESIAN_POINT ( 'NONE',  ( 0.1249999999999999167, 6.649234679468681023E-18, 0.2875000000000000333 ) ) ;
#2015 = CARTESIAN_POINT ( 'NONE',  ( 0.09252404735808344993, -0.03832471526136878304, 0.1093750000000000278 ) ) ;
#2016 = FACE_OUTER_BOUND ( 'NONE', #3858, .T. ) ;
#2017 = CARTESIAN_POINT ( 'NONE',  ( -0.05177669529663687931, 0.1250000000000000278, 0.5093750000000000222 ) ) ;
#2018 = CARTESIAN_POINT ( 'NONE',  ( -0.06542438130972610955, -0.06542438130972604016, 0.4000000000000000222 ) ) ;
#2019 = FACE_OUTER_BOUND ( 'NONE', #3412, .T. ) ;
#2020 = CARTESIAN_POINT ( 'NONE',  ( -0.09252404735808346381, -2.379491544363440974E-17, 0.08750000000000000833 ) ) ;
#2021 = ORIENTED_EDGE ( 'NONE', *, *, #420, .F. ) ;
#2022 = CARTESIAN_POINT ( 'NONE',  ( -0.08838834764831839108, -0.08838834764831837720, 0.1750000000000000444 ) ) ;
#2023 = ORIENTED_EDGE ( 'NONE', *, *, #4438, .T. ) ;
#2024 = CARTESIAN_POINT ( 'NONE',  ( 0.03832471526136877610, 0.09252404735808344993, 0.1781250000000000056 ) ) ;
#2025 = CARTESIAN_POINT ( 'NONE',  ( -1.530808498934190276E-17, -0.1249999999999997363, 0.7750000000000000222 ) ) ;
#2026 = CARTESIAN_POINT ( 'NONE',  ( -0.1249999999999999167, -0.05177669529663687931, 0.1156250000000000333 ) ) ;
#2027 = CARTESIAN_POINT ( 'NONE',  ( 0.1249999999999999167, 0.05177669529663690012, 0.2468750000000000389 ) ) ;
#2028 = CARTESIAN_POINT ( 'NONE',  ( 0.03832471526136876916, 0.09252404735808351932, 0.4718750000000000444 ) ) ;
#2029 = CARTESIAN_POINT ( 'NONE',  ( 0.05177669529663682380, -0.1249999999999999584, 0.2281250000000000777 ) ) ;
#2030 = CARTESIAN_POINT ( 'NONE',  ( -0.06936479781640401965, -0.1074118974802325960, 0.7203737615460151789 ) ) ;
#2031 = DIRECTION ( 'NONE',  ( -1.000000000000000000, 0.000000000000000000, 0.000000000000000000 ) ) ;
#2032 = CARTESIAN_POINT ( 'NONE',  ( 0.1826198767901038578, 0.04907772852306842293, 0.9812499999999999556 ) ) ;
#2033 = CARTESIAN_POINT ( 'NONE',  ( -0.08838834764831837720, 0.08838834764831846047, 0.4062500000000000000 ) ) ;
#2034 = CARTESIAN_POINT ( 'NONE',  ( 0.08838834764831837720, -0.08838834764831829394, 0.5875000000000000222 ) ) ;
#2035 = CARTESIAN_POINT ( 'NONE',  ( 0.09252404735808344993, -0.03832471526136867895, 0.4593750000000000888 ) ) ;
#2036 = EDGE_CURVE ( 'NONE', #4620, #2196, #2913, .T. ) ;
#2037 = CARTESIAN_POINT ( 'NONE',  ( 0.1249999999999999167, 0.05177669529663696951, 0.4406250000000000444 ) ) ;
#2038 = FACE_OUTER_BOUND ( 'NONE', #2060, .T. ) ;
#2039 = CARTESIAN_POINT ( 'NONE',  ( -0.06542438130972608179, 0.06542438130972606791, 0.1312499999999999778 ) ) ;
#2040 = CYLINDRICAL_SURFACE ( 'NONE', #294, 0.1249999999999999029 ) ;
#2041 = DIRECTION ( 'NONE',  ( -1.000000000000000000, 0.000000000000000000, 0.000000000000000000 ) ) ;
#2042 = B_SPLINE_CURVE_WITH_KNOTS ( 'NONE', 3,
 ( #4281, #3980, #525, #2516, #3216, #3906, #2063, #4307 ),
 .UNSPECIFIED., .F., .F.,
 ( 4, 2, 2, 4 ),
 ( 2.380745673610603771E-07, 0.001388728690853444862, 0.002082973998996486779, 0.002777219307139528696 ),
 .UNSPECIFIED. ) ;
#2043 = CARTESIAN_POINT ( 'NONE',  ( 0.1249999999999999167, -0.05177669529663687931, 0.3406250000000000111 ) ) ;
#2044 = CARTESIAN_POINT ( 'NONE',  ( 0.000000000000000000, 0.09252404735808353320, 0.3812499999999999778 ) ) ;
#2045 = CARTESIAN_POINT ( 'NONE',  ( 0.09252404735808346381, -5.384073882302861917E-17, 0.06250000000000000000 ) ) ;
#2046 = EDGE_LOOP ( 'NONE', ( #1831, #2247, #2595, #688 ) ) ;
#2047 = CARTESIAN_POINT ( 'NONE',  ( 0.1249999999999999167, 0.05177669529663686543, 0.1468750000000000333 ) ) ;
#2048 = CARTESIAN_POINT ( 'NONE',  ( -0.03832471526136872059, 0.09252404735808350544, 0.2343749999999999722 ) ) ;
#2049 = CARTESIAN_POINT ( 'NONE',  ( 0.05431570440143768802, -0.07490329495353674483, 0.005024047358083607272 ) ) ;
#2050 = AXIS2_PLACEMENT_3D ( 'NONE', #1628, #68, #2337 ) ;
#2051 = CARTESIAN_POINT ( 'NONE',  ( -0.1249999999999999167, 0.05177669529663690706, 0.3593750000000001110 ) ) ;
#2052 = FACE_OUTER_BOUND ( 'NONE', #2046, .T. ) ;
#2053 = CARTESIAN_POINT ( 'NONE',  ( 0.06271835715228439578, -0.07204271508805261404, 0.8752323921391044204 ) ) ;
#2054 = CARTESIAN_POINT ( 'NONE',  ( -0.04662384207688959059, 0.1734888829588883685, 0.7500000000000001110 ) ) ;
#2055 = CARTESIAN_POINT ( 'NONE',  ( 0.08838834764831839108, 0.08838834764831833557, 0.1437499999999999889 ) ) ;
#2056 = CARTESIAN_POINT ( 'NONE',  ( 0.1249999999999999167, 6.572097620864639056E-17, 0.4875000000000000444 ) ) ;
#2057 =( BOUNDED_CURVE ( )  B_SPLINE_CURVE ( 2, ( #4415, #4388, #4341, #986, #1016, #964, #3658, #1714, #2524 ),
 .UNSPECIFIED., .F., .F. ) 
 B_SPLINE_CURVE_WITH_KNOTS ( ( 3, 2, 2, 2, 3 ),
 ( 0.7031250000000000000, 0.7109375000000000000, 0.7187500000000000000, 0.7265625000000000000, 0.7343750000000000000 ),
 .UNSPECIFIED. ) 
 CURVE ( )  GEOMETRIC_REPRESENTATION_ITEM ( )  RATIONAL_B_SPLINE_CURVE ( ( 1.000000000000000000, 0.9238795325112867385, 1.000000000000000000, 0.9238795325112867385, 1.000000000000000000, 0.9238795325112867385, 1.000000000000000000, 0.9238795325112867385, 1.000000000000000000 ) ) 
 REPRESENTATION_ITEM ( '' )  );
#2058 = VERTEX_POINT ( 'NONE', #3766 ) ;
#2059 = CIRCLE ( 'NONE', #933, 0.1249999999999999029 ) ;
#2060 = EDGE_LOOP ( 'NONE', ( #1300, #3387, #3250, #2130 ) ) ;
#2061 = CARTESIAN_POINT ( 'NONE',  ( -0.1249999999999999584, -0.05177669529663680298, 0.3218750000000000222 ) ) ;
#2062 = CARTESIAN_POINT ( 'NONE',  ( 0.03216857153077588155, -0.1182026326728981419, 0.03486291948405606522 ) ) ;
#2063 = CARTESIAN_POINT ( 'NONE',  ( -0.007663316585628480483, -0.1038287575794571704, 0.8802580611380931286 ) ) ;
#2064 = CARTESIAN_POINT ( 'NONE',  ( 0.09252404735808344993, -0.03832471526136869977, 0.4093750000000000444 ) ) ;
#2065 = ADVANCED_FACE ( 'NONE', ( #317 ), #4868, .T. ) ;
#2066 = DIRECTION ( 'NONE',  ( -1.000000000000000000, 0.000000000000000000, 0.000000000000000000 ) ) ;
#2067 = CARTESIAN_POINT ( 'NONE',  ( 0.1249999999999999167, 0.05177669529663688625, 0.1906250000000000444 ) ) ;
#2068 = FACE_BOUND ( 'NONE', #1579, .T. ) ;
#2069 = CARTESIAN_POINT ( 'NONE',  ( 0.06542438130972610955, 0.06542438130972617893, 0.5250000000000000222 ) ) ;
#2070 = CARTESIAN_POINT ( 'NONE',  ( 0.1249999999999999167, -0.05177669529663683767, 0.4906250000000000333 ) ) ;
#2071 = CARTESIAN_POINT ( 'NONE',  ( 0.03832471526136876916, 0.09252404735808343605, 0.1218749999999999833 ) ) ;
#2072 = CARTESIAN_POINT ( 'NONE',  ( 0.000000000000000000, 0.09252404735808351932, 0.3312499999999999889 ) ) ;
#2073 = CARTESIAN_POINT ( 'NONE',  ( 0.08838834764831840496, 0.08838834764831833557, 0.09999999999999999167 ) ) ;
#2074 = CARTESIAN_POINT ( 'NONE',  ( 0.000000000000000000, 0.1250000000000000555, 0.6500000000000000222 ) ) ;
#2075 = CARTESIAN_POINT ( 'NONE',  ( 0.03832471526136877610, 0.09252404735808351932, 0.3281250000000000000 ) ) ;
#2076 = LINE ( 'NONE', #3181, #146 ) ;
#2077 = CARTESIAN_POINT ( 'NONE',  ( 0.1249999999999998751, -0.05177669529663692094, 0.1843750000000000389 ) ) ;
#2078 = ORIENTED_EDGE ( 'NONE', *, *, #2267, .T. ) ;
#2079 = CARTESIAN_POINT ( 'NONE',  ( -1.133092784412350307E-17, -0.09252404735808338054, 0.5000000000000001110 ) ) ;
#2080 = CARTESIAN_POINT ( 'NONE',  ( 0.1249999999999998751, -0.05177669529663683073, 0.4843750000000000555 ) ) ;
#2081 = CARTESIAN_POINT ( 'NONE',  ( 0.05177669529663682380, -0.1249999999999999445, 0.2281250000000000500 ) ) ;
#2082 = FACE_OUTER_BOUND ( 'NONE', #3715, .T. ) ;
#2083 = CARTESIAN_POINT ( 'NONE',  ( -0.09375000000000020817, 3.709213845753195715E-17, 0.8744390877365274539 ) ) ;
#2084 = CARTESIAN_POINT ( 'NONE',  ( -0.03832471526136870671, 0.09252404735808358871, 0.6281250000000000444 ) ) ;
#2085 = CARTESIAN_POINT ( 'NONE',  ( 0.08838834764831840496, 0.08838834764831840496, 0.2999999999999999889 ) ) ;
#2086 = EDGE_CURVE ( 'NONE', #502, #2748, #2345, .T. ) ;
#2087 = LINE ( 'NONE', #238, #2205 ) ;
#2088 = CARTESIAN_POINT ( 'NONE',  ( 0.09375000000000024980, -0.01822629401360556511, 0.8752239531706219600 ) ) ;
#2089 =( BOUNDED_CURVE ( )  B_SPLINE_CURVE ( 2, ( #313, #4513, #2588 ),
 .UNSPECIFIED., .F., .T. ) 
 B_SPLINE_CURVE_WITH_KNOTS ( ( 3, 3 ),
 ( 0.9531250000000001110, 0.9573384824549509009 ),
 .UNSPECIFIED. ) 
 CURVE ( )  GEOMETRIC_REPRESENTATION_ITEM ( )  RATIONAL_B_SPLINE_CURVE ( ( 0.9999999999999988898, 0.9589462714590268888, 0.9621752091369870641 ) ) 
 REPRESENTATION_ITEM ( '' )  );
#2090 = CARTESIAN_POINT ( 'NONE',  ( -0.09252404735808347769, -0.03832471526136867201, 0.2906250000000000222 ) ) ;
#2091 = CARTESIAN_POINT ( 'NONE',  ( 0.000000000000000000, 7.549139889267777477E-20, 0.000000000000000000 ) ) ;
#2092 = CARTESIAN_POINT ( 'NONE',  ( -0.1249999999999999167, -0.05177669529663676135, 0.5156250000000000000 ) ) ;
#2093 = FACE_OUTER_BOUND ( 'NONE', #2511, .T. ) ;
#2094 = EDGE_CURVE ( 'NONE', #3454, #778, #4501, .T. ) ;
#2095 = CARTESIAN_POINT ( 'NONE',  ( -0.06542438130972610955, -0.06542438130972595689, 0.6500000000000000222 ) ) ;
#2096 = CARTESIAN_POINT ( 'NONE',  ( 0.08838834764831840496, 0.08838834764831847435, 0.5500000000000000444 ) ) ;
#2097 = CARTESIAN_POINT ( 'NONE',  ( 0.06542438130972610955, 0.06542438130972605403, 0.1187499999999999944 ) ) ;
#2098 = CARTESIAN_POINT ( 'NONE',  ( -0.08838834764831837720, 0.08838834764831837720, 0.1124999999999999750 ) ) ;
#2099 = ADVANCED_FACE ( 'NONE', ( #3866 ), #1486, .F. ) ;
#2100 = DIRECTION ( 'NONE',  ( -0.000000000000000000, -0.000000000000000000, -1.000000000000000000 ) ) ;
#2101 = VERTEX_POINT ( 'NONE', #3541 ) ;
#2102 = CARTESIAN_POINT ( 'NONE',  ( -0.08838834764831837720, 0.08838834764831850210, 0.5062499999999999778 ) ) ;
#2103 = CARTESIAN_POINT ( 'NONE',  ( 0.08838834764831837720, -0.08838834764831822455, 0.7312500000000000666 ) ) ;
#2104 = CARTESIAN_POINT ( 'NONE',  ( -0.1249999999999999167, 0.05177669529663692094, 0.4093750000000000444 ) ) ;
#2105 = CARTESIAN_POINT ( 'NONE',  ( -0.06542438130972609567, 0.06542438130972613730, 0.2874999999999999778 ) ) ;
#2106 = CARTESIAN_POINT ( 'NONE',  ( 0.09252404735808344993, 0.03832471526136888018, 0.6656250000000001332 ) ) ;
#2107 = CARTESIAN_POINT ( 'NONE',  ( -0.1131129763209579864, -4.081307847991383817E-17, 0.02561297632095831459 ) ) ;
#2108 = CARTESIAN_POINT ( 'NONE',  ( 0.000000000000000000, 0.1250000000000000278, 0.5999999999999999778 ) ) ;
#2109 = CARTESIAN_POINT ( 'NONE',  ( 0.09252404735808346381, 3.476687347073791895E-17, 0.3625000000000000444 ) ) ;
#2110 = CARTESIAN_POINT ( 'NONE',  ( -1.133092784412350307E-17, -0.09252404735808346381, 0.2000000000000000389 ) ) ;
#2111 = CARTESIAN_POINT ( 'NONE',  ( 0.09252404735808347769, 1.252204776872912864E-16, 0.6687500000000000666 ) ) ;
#2112 = CARTESIAN_POINT ( 'NONE',  ( 0.02454369238353811683, -0.1874999999999998612, 1.000000000000000000 ) ) ;
#2113 = CARTESIAN_POINT ( 'NONE',  ( -1.530808498934190893E-17, -0.1249999999999999445, 0.1312500000000000333 ) ) ;
#2114 = CARTESIAN_POINT ( 'NONE',  ( 0.000000000000000000, 7.549139889267777477E-20, 0.000000000000000000 ) ) ;
#2115 = ORIENTED_EDGE ( 'NONE', *, *, #4801, .T. ) ;
#2116 = CARTESIAN_POINT ( 'NONE',  ( 0.1249999999999999167, 0.05177669529663703890, 0.7468750000000000666 ) ) ;
#2117 = CARTESIAN_POINT ( 'NONE',  ( -0.1249999999999999167, 1.037211138784774086E-16, 0.5125000000000000666 ) ) ;
#2118 = CARTESIAN_POINT ( 'NONE',  ( 0.05177669529663682380, -0.1249999999999998057, 0.6281250000000000444 ) ) ;
#2119 = CARTESIAN_POINT ( 'NONE',  ( 0.03832471526136877610, 0.09252404735808344993, 0.1281249999999999889 ) ) ;
#2120 = CARTESIAN_POINT ( 'NONE',  ( -1.530808498934190276E-17, -0.1249999999999998473, 0.4250000000000000999 ) ) ;
#2121 = CARTESIAN_POINT ( 'NONE',  ( 0.06290549989091964722, 0.07193466817752465492, 0.8744508330878953961 ) ) ;
#2122 = CARTESIAN_POINT ( 'NONE',  ( -0.09252404735808347769, 3.712281800833008907E-17, 0.2937500000000000111 ) ) ;
#2123 = CARTESIAN_POINT ( 'NONE',  ( -0.03832471526136872059, -0.09252404735808332503, 0.6968750000000002442 ) ) ;
#2124 = CARTESIAN_POINT ( 'NONE',  ( -0.1249999999999999584, 0.05177669529663694870, 0.4656249999999999556 ) ) ;
#2125 = CARTESIAN_POINT ( 'NONE',  ( 0.000000000000000000, 0.09252404735808354708, 0.4312500000000000222 ) ) ;
#2126 = CARTESIAN_POINT ( 'NONE',  ( 0.000000000000000000, 7.549139889267777477E-20, 0.000000000000000000 ) ) ;
#2127 = CARTESIAN_POINT ( 'NONE',  ( -0.09374999999999998612, -0.03631555189938762140, 0.9953284430503344105 ) ) ;
#2128 = AXIS2_PLACEMENT_3D ( 'NONE', #711, #2239, #2988 ) ;
#2129 = CARTESIAN_POINT ( 'NONE',  ( -0.09252404735808347769, 0.03832471526136876916, 0.3843750000000000222 ) ) ;
#2130 = ORIENTED_EDGE ( 'NONE', *, *, #3703, .F. ) ;
#2131 = CARTESIAN_POINT ( 'NONE',  ( 0.000000000000000000, 0.1250000000000000555, 0.6562500000000000000 ) ) ;
#2132 = CARTESIAN_POINT ( 'NONE',  ( 0.06542438130972608179, -0.06542438130972610955, 0.1562500000000000000 ) ) ;
#2133 = DIRECTION ( 'NONE',  ( -0.000000000000000000, -0.000000000000000000, -1.000000000000000000 ) ) ;
#2134 = CARTESIAN_POINT ( 'NONE',  ( -0.03832471526136872059, 0.09252404735808358871, 0.5343750000000001554 ) ) ;
#2135 = CARTESIAN_POINT ( 'NONE',  ( -0.1687499999999998446, 2.074140613450424158E-17, 1.000000000000000000 ) ) ;
#2136 = CARTESIAN_POINT ( 'NONE',  ( 0.09442855861381549420, -0.1638349479016325272, 1.000000000000000000 ) ) ;
#2137 = CARTESIAN_POINT ( 'NONE',  ( 0.05177669529663683073, -0.1249999999999998612, 0.5343750000000000444 ) ) ;
#2138 = CARTESIAN_POINT ( 'NONE',  ( 0.06542438130972610955, 0.06542438130972613730, 0.3750000000000000555 ) ) ;
#2139 = CARTESIAN_POINT ( 'NONE',  ( -0.1249999999999999445, 0.05177669529663691400, 0.3656250000000000333 ) ) ;
#2140 = ORIENTED_EDGE ( 'NONE', *, *, #3198, .T. ) ;
#2141 = CARTESIAN_POINT ( 'NONE',  ( 0.000000000000000000, 0.1250000000000000555, 0.6562500000000000000 ) ) ;
#2142 = CARTESIAN_POINT ( 'NONE',  ( 0.000000000000000000, 0.09252404735808358871, 0.6250000000000000000 ) ) ;
#2143 = CARTESIAN_POINT ( 'NONE',  ( 0.05177669529663682380, -0.1249999999999997918, 0.6781249999999999778 ) ) ;
#2144 = CARTESIAN_POINT ( 'NONE',  ( -0.03832471526136872753, -0.09252404735808350544, 0.2031250000000000278 ) ) ;
#2145 = EDGE_CURVE ( 'NONE', #3951, #3719, #3103, .T. ) ;
#2146 = CARTESIAN_POINT ( 'NONE',  ( -0.04907772831736504499, -0.1826198768753090063, 0.7593749999999996891 ) ) ;
#2147 = CARTESIAN_POINT ( 'NONE',  ( 0.04907772850198854203, -0.1826198767988397031, 0.7500000000000001110 ) ) ;
#2148 = CARTESIAN_POINT ( 'NONE',  ( 0.03832471526136869977, -0.09252404735808350544, 0.2593750000000000777 ) ) ;
#2149 = CARTESIAN_POINT ( 'NONE',  ( 0.1249999999999999306, -2.104064416233336445E-17, 0.1937500000000000056 ) ) ;
#2150 = VERTEX_POINT ( 'NONE', #2740 ) ;
#2151 = CARTESIAN_POINT ( 'NONE',  ( -0.05177669529663686543, -0.1249999999999998196, 0.5281250000000000666 ) ) ;
#2152 = CARTESIAN_POINT ( 'NONE',  ( 0.06542438130972609567, -0.06542438130972604016, 0.4125000000000000333 ) ) ;
#2153 = CARTESIAN_POINT ( 'NONE',  ( 0.01478244353103307096, -0.1208722385762160817, 0.03413178842204141888 ) ) ;
#2154 = CARTESIAN_POINT ( 'NONE',  ( 0.1556432004982484518, -0.08970713070317463955, 0.7500000000000001110 ) ) ;
#2155 = CARTESIAN_POINT ( 'NONE',  ( -0.09252404735808346381, 5.004476146783770330E-17, 0.3375000000000000222 ) ) ;
#2156 = CARTESIAN_POINT ( 'NONE',  ( -0.09252404735808347769, -0.03832471526136873446, 0.09062499999999999722 ) ) ;
#2157 = CARTESIAN_POINT ( 'NONE',  ( 0.1164611152716586995, -0.03080398972710498423, 0.03270787163496143707 ) ) ;
#2158 = CARTESIAN_POINT ( 'NONE',  ( -0.03832471526136872753, -0.09252404735808336667, 0.5531250000000001998 ) ) ;
#2159 = CARTESIAN_POINT ( 'NONE',  ( 0.1349437795129953543, 0.1037047591374689604, 1.000000000000000000 ) ) ;
#2160 = B_SPLINE_CURVE_WITH_KNOTS ( 'NONE', 3,
 ( #2660, #3682, #2935, #2208, #4913, #2235, #631, #3712 ),
 .UNSPECIFIED., .F., .F.,
 ( 4, 2, 2, 4 ),
 ( 2.380745673564828787E-07, 0.001388728690853446596, 0.002082973998996491983, 0.002777219307139536936 ),
 .UNSPECIFIED. ) ;
#2161 = CARTESIAN_POINT ( 'NONE',  ( -0.1687499999999998446, 0.02208932314516317413, 1.000000000000000000 ) ) ;
#2162 = CARTESIAN_POINT ( 'NONE',  ( 0.05177669529663693482, 0.1250000000000000555, 0.7968750000000000000 ) ) ;
#2163 = CARTESIAN_POINT ( 'NONE',  ( -0.08838834764831839108, -0.08838834764831823843, 0.6750000000000000444 ) ) ;
#2164 = CARTESIAN_POINT ( 'NONE',  ( -0.1249999999999999584, 0.05177669529663701808, 0.7156249999999999556 ) ) ;
#2165 = CARTESIAN_POINT ( 'NONE',  ( 0.09252404735808344993, 0.03832471526136883855, 0.5656250000000001554 ) ) ;
#2166 = CARTESIAN_POINT ( 'NONE',  ( 0.000000000000000000, 0.1250000000000000555, 0.7000000000000000666 ) ) ;
#2167 = CARTESIAN_POINT ( 'NONE',  ( 0.06542438130972610955, 0.06542438130972608179, 0.1749999999999999889 ) ) ;
#2168 = CARTESIAN_POINT ( 'NONE',  ( -0.05898064583586878212, 0.09086831074742476866, 0.02061455242319561176 ) ) ;
#2169 = CARTESIAN_POINT ( 'NONE',  ( 0.1734888829588973891, -0.04662384207688798771, 0.7500000000000001110 ) ) ;
#2170 = APPLICATION_PROTOCOL_DEFINITION ( 'draft international standard', 'automotive_design', 1998, #409 ) ;
#2171 = ORIENTED_EDGE ( 'NONE', *, *, #2978, .T. ) ;
#2172 = CARTESIAN_POINT ( 'NONE',  ( 0.1249999999999999167, 0.05177669529663698339, 0.5468750000000000000 ) ) ;
#2173 = CARTESIAN_POINT ( 'NONE',  ( 0.09252404735808347769, 8.091667154040798652E-17, 0.5187500000000000444 ) ) ;
#2174 = CARTESIAN_POINT ( 'NONE',  ( -0.1781249999999998668, 0.02331650778602187626, 0.7500000000000001110 ) ) ;
#2175 = CARTESIAN_POINT ( 'NONE',  ( 0.03832471526136876916, 0.09252404735808356095, 0.6218749999999999556 ) ) ;
#2176 = CARTESIAN_POINT ( 'NONE',  ( 0.03832471526136877610, 0.09252404735808360259, 0.6781249999999999778 ) ) ;
#2177 = CARTESIAN_POINT ( 'NONE',  ( 0.09252404735808344993, -0.03832471526136870671, 0.3593750000000000555 ) ) ;
#2178 = ORIENTED_EDGE ( 'NONE', *, *, #2612, .F. ) ;
#2179 = CARTESIAN_POINT ( 'NONE',  ( 0.09252404735808344993, 0.03832471526136875528, 0.2656250000000000000 ) ) ;
#2180 = CARTESIAN_POINT ( 'NONE',  ( 0.08838834764831837720, -0.08838834764831833557, 0.4375000000000000555 ) ) ;
#2181 = CARTESIAN_POINT ( 'NONE',  ( -0.03832471526136872059, 0.09252404735808364422, 0.7343750000000001110 ) ) ;
#2182 = CARTESIAN_POINT ( 'NONE',  ( -0.1874999999999998612, 0.02454369238351464602, 1.000000000000000000 ) ) ;
#2183 = CARTESIAN_POINT ( 'NONE',  ( 0.05177669529663683073, -0.1249999999999999445, 0.2843750000000000444 ) ) ;
#2184 = CARTESIAN_POINT ( 'NONE',  ( 0.1249999999999998751, -0.05177669529663675441, 0.7843749999999999334 ) ) ;
#2185 = FACE_OUTER_BOUND ( 'NONE', #278, .T. ) ;
#2186 = CARTESIAN_POINT ( 'NONE',  ( -0.1249999999999999167, -0.05177669529663687931, 0.06562500000000003053 ) ) ;
#2187 = CARTESIAN_POINT ( 'NONE',  ( 0.06542438130972610955, 0.06542438130972622057, 0.6687500000000000666 ) ) ;
#2188 = ORIENTED_EDGE ( 'NONE', *, *, #2483, .T. ) ;
#2189 = CARTESIAN_POINT ( 'NONE',  ( -0.09252404735808350544, -0.03832471526136874140, 0.09687500000000001665 ) ) ;
#2190 = CARTESIAN_POINT ( 'NONE',  ( -0.09252404735808347769, 3.712281800833008907E-17, 0.2937500000000000111 ) ) ;
#2191 = EDGE_CURVE ( 'NONE', #1432, #1487, #4236, .T. ) ;
#2192 = CARTESIAN_POINT ( 'NONE',  ( -0.08838834764831839108, -0.08838834764831822455, 0.7187500000000001110 ) ) ;
#2193 = CARTESIAN_POINT ( 'NONE',  ( -0.03832471526136872753, -0.09252404735808351932, 0.1031250000000000638 ) ) ;
#2194 = DIRECTION ( 'NONE',  ( -1.000000000000000000, 0.000000000000000000, 0.000000000000000000 ) ) ;
#2195 = CARTESIAN_POINT ( 'NONE',  ( 0.1556432004982482298, 0.08970713070317513915, 0.7500000000000001110 ) ) ;
#2196 = VERTEX_POINT ( 'NONE', #411 ) ;
#2197 = CARTESIAN_POINT ( 'NONE',  ( -0.1249999999999999306, 1.055671058012641886E-16, 0.5187500000000001554 ) ) ;
#2198 = CARTESIAN_POINT ( 'NONE',  ( 0.000000000000000000, 0.09252404735808357483, 0.4812500000000000111 ) ) ;
#2199 = CARTESIAN_POINT ( 'NONE',  ( -0.09374999999999998612, -0.05412658773652719024, 0.8828124999999998890 ) ) ;
#2200 = CARTESIAN_POINT ( 'NONE',  ( -0.1826198767988428118, 0.04907772850199021430, 0.7500000000000001110 ) ) ;
#2201 = CARTESIAN_POINT ( 'NONE',  ( 0.09252404735808344993, -0.03832471526136865120, 0.5593750000000000666 ) ) ;
#2202 = CARTESIAN_POINT ( 'NONE',  ( -0.03832471526136872753, -0.09252404735808336667, 0.6031250000000000222 ) ) ;
#2203 = DIRECTION ( 'NONE',  ( -0.000000000000000000, -0.000000000000000000, -1.000000000000000000 ) ) ;
#2204 = CARTESIAN_POINT ( 'NONE',  ( 0.09252404735808346381, 4.953480885303234402E-17, 0.4125000000000000333 ) ) ;
#2205 = VECTOR ( 'NONE', #4709, 39.37007874015748143 ) ;
#2206 = CARTESIAN_POINT ( 'NONE',  ( -0.03832471526136872059, -0.09252404735808351932, 0.09687500000000004441 ) ) ;
#2207 = AXIS2_PLACEMENT_3D ( 'NONE', #676, #2203, #702 ) ;
#2208 = CARTESIAN_POINT ( 'NONE',  ( -0.05475602988872753374, 0.07663976687704304736, 0.8744332643691721252 ) ) ;
#2209 = CARTESIAN_POINT ( 'NONE',  ( 0.03832471526136869977, -0.09252404735808333891, 0.7093749999999999778 ) ) ;
#2210 = CARTESIAN_POINT ( 'NONE',  ( -0.08498570275247437078, -0.1474514531114634042, 1.000000000000000000 ) ) ;
#2211 =( BOUNDED_CURVE ( )  B_SPLINE_CURVE ( 2, ( #4279, #2037, #140, #3170, #1152, #1208, #2736, #1756, #4378 ),
 .UNSPECIFIED., .F., .T. ) 
 B_SPLINE_CURVE_WITH_KNOTS ( ( 3, 2, 2, 2, 3 ),
 ( 0.5468750000000000000, 0.5546875000000000000, 0.5625000000000000000, 0.5703125000000000000, 0.5781250000000000000 ),
 .UNSPECIFIED. ) 
 CURVE ( )  GEOMETRIC_REPRESENTATION_ITEM ( )  RATIONAL_B_SPLINE_CURVE ( ( 1.000000000000000000, 0.9238795325112867385, 1.000000000000000000, 0.9238795325112867385, 1.000000000000000000, 0.9238795325112867385, 1.000000000000000000, 0.9238795325112867385, 1.000000000000000000 ) ) 
 REPRESENTATION_ITEM ( '' )  );
#2212 = VERTEX_POINT ( 'NONE', #1939 ) ;
#2213 = AXIS2_PLACEMENT_3D ( 'NONE', #3538, #3561, #2881 ) ;
#2214 = CARTESIAN_POINT ( 'NONE',  ( -0.1826198767901023312, -0.04907772852307206585, 0.9812499999999999556 ) ) ;
#2215 = B_SPLINE_CURVE_WITH_KNOTS ( 'NONE', 3,
 ( #3617, #135, #1751, #3163, #1298, #2083 ),
 .UNSPECIFIED., .F., .F.,
 ( 4, 2, 4 ),
 ( 0.007363432610939291828, 0.008059648679257357812, 0.008755864747575423795 ),
 .UNSPECIFIED. ) ;
#2216 = CARTESIAN_POINT ( 'NONE',  ( -0.06542438130972610955, -0.06542438130972615118, 1.493979371535143794E-17 ) ) ;
#2217 = DIRECTION ( 'NONE',  ( 0.8660254037844397068, 0.000000000000000000, 0.4999999999999979461 ) ) ;
#2218 = EDGE_LOOP ( 'NONE', ( #4853, #3446, #4154, #3235 ) ) ;
#2219 = CARTESIAN_POINT ( 'NONE',  ( 0.1249999999999999167, 0.05177669529663701808, 0.6468750000000000888 ) ) ;
#2220 = CARTESIAN_POINT ( 'NONE',  ( -0.09252404735808346381, 1.534203091438986911E-16, 0.6875000000000001110 ) ) ;
#2221 = CARTESIAN_POINT ( 'NONE',  ( -1.133092784412350615E-17, -0.09252404735808351932, 0.1062500000000000389 ) ) ;
#2222 = CARTESIAN_POINT ( 'NONE',  ( 0.1249999999999999306, 3.803109736684432660E-17, 0.3937500000000000444 ) ) ;
#2223 = CARTESIAN_POINT ( 'NONE',  ( -0.1874999999999998335, 7.549139889267777477E-20, 0.7593750000000000222 ) ) ;
#2224 = CARTESIAN_POINT ( 'NONE',  ( 0.1781221872095157255, 0.02328809512030350498, 0.7500000000000002220 ) ) ;
#2225 = ORIENTED_EDGE ( 'NONE', *, *, #3039, .F. ) ;
#2226 = CARTESIAN_POINT ( 'NONE',  ( -1.133092784412350615E-17, -0.09252404735808346381, 0.2562500000000000888 ) ) ;
#2227 = CARTESIAN_POINT ( 'NONE',  ( 0.09252404735808347769, -0.03832471526136870671, 0.4156250000000001887 ) ) ;
#2228 = CARTESIAN_POINT ( 'NONE',  ( -0.08838834764831839108, -0.08838834764831840496, 0.07500000000000003886 ) ) ;
#2229 = CARTESIAN_POINT ( 'NONE',  ( 0.04662384207688718279, 0.1734888829588984438, 0.7500000000000001110 ) ) ;
#2230 = CARTESIAN_POINT ( 'NONE',  ( 0.09252404735808344993, -0.03832471526136864426, 0.6093750000000001110 ) ) ;
#2231 = ORIENTED_EDGE ( 'NONE', *, *, #4286, .T. ) ;
#2232 = CARTESIAN_POINT ( 'NONE',  ( 0.03832471526136869283, -0.09252404735808346381, 0.2531250000000000444 ) ) ;
#2233 = ORIENTED_EDGE ( 'NONE', *, *, #1409, .T. ) ;
#2234 = CARTESIAN_POINT ( 'NONE',  ( 0.1249999999999993755, 0.05177669529663757320, 0.6468750000000000888 ) ) ;
#2235 = CARTESIAN_POINT ( 'NONE',  ( -0.07835931051856727392, 0.06301240645164676857, 0.8781501562697850982 ) ) ;
#2236 = CARTESIAN_POINT ( 'NONE',  ( -0.03832471526136872059, -0.09252404735808351932, 0.04687500000000003469 ) ) ;
#2237 = ORIENTED_EDGE ( 'NONE', *, *, #2800, .T. ) ;
#2238 = CARTESIAN_POINT ( 'NONE',  ( 0.1152275101527332202, 0.1499375327922170820, 1.000000000000000000 ) ) ;
#2239 = DIRECTION ( 'NONE',  ( -0.000000000000000000, -0.000000000000000000, -1.000000000000000000 ) ) ;
#2240 =( BOUNDED_CURVE ( )  B_SPLINE_CURVE ( 2, ( #3638, #4790, #990, #943, #538, #585, #3990, #2077, #561 ),
 .UNSPECIFIED., .F., .F. ) 
 B_SPLINE_CURVE_WITH_KNOTS ( ( 3, 2, 2, 2, 3 ),
 ( 0.2031250000000000000, 0.2109375000000000000, 0.2187500000000000000, 0.2265625000000000000, 0.2343750000000000000 ),
 .UNSPECIFIED. ) 
 CURVE ( )  GEOMETRIC_REPRESENTATION_ITEM ( )  RATIONAL_B_SPLINE_CURVE ( ( 1.000000000000000000, 0.9238795325112867385, 1.000000000000000000, 0.9238795325112867385, 1.000000000000000000, 0.9238795325112867385, 1.000000000000000000, 0.9238795325112867385, 1.000000000000000000 ) ) 
 REPRESENTATION_ITEM ( '' )  );
#2241 = CARTESIAN_POINT ( 'NONE',  ( 0.09375000000000001388, 0.05412658773652767596, 0.8828124999999998890 ) ) ;
#2242 = CARTESIAN_POINT ( 'NONE',  ( 0.06542438130972609567, -0.06542438130972608179, 0.3125000000000000555 ) ) ;
#2243 = ORIENTED_EDGE ( 'NONE', *, *, #4520, .F. ) ;
#2244 = CARTESIAN_POINT ( 'NONE',  ( 0.05177669529663693482, 0.1249999999999998473, 0.04687499999999995837 ) ) ;
#2245 = CARTESIAN_POINT ( 'NONE',  ( -0.03832471526136872753, -0.09252404735808344993, 0.3531250000000000777 ) ) ;
#2246 = CARTESIAN_POINT ( 'NONE',  ( 0.09252404735808344993, -0.03832471526136861650, 0.6593750000000000444 ) ) ;
#2247 = ORIENTED_EDGE ( 'NONE', *, *, #2432, .F. ) ;
#2248 = CARTESIAN_POINT ( 'NONE',  ( -0.05177669529663685849, 0.1249999999999999167, 0.1531249999999999833 ) ) ;
#2249 = CARTESIAN_POINT ( 'NONE',  ( 0.08711758624514444327, -0.04324164590905394540, 0.7061484054803915944 ) ) ;
#2250 = CARTESIAN_POINT ( 'NONE',  ( 0.09252404735808347769, -0.03832471526136870671, 0.3656250000000000888 ) ) ;
#2251 = DIRECTION ( 'NONE',  ( 1.000000000000000000, 0.000000000000000000, 0.000000000000000000 ) ) ;
#2252 = CARTESIAN_POINT ( 'NONE',  ( 0.1152275101365988208, 0.1499375328083563108, 0.7500000000000001110 ) ) ;
#2253 = CARTESIAN_POINT ( 'NONE',  ( 0.08838834764831837720, -0.08838834764831843271, 0.1375000000000000389 ) ) ;
#2254 = ORIENTED_EDGE ( 'NONE', *, *, #4880, .F. ) ;
#2255 = CARTESIAN_POINT ( 'NONE',  ( 0.03832471526136877610, 0.09252404735808356095, 0.5781249999999998890 ) ) ;
#2256 = DIRECTION ( 'NONE',  ( -0.000000000000000000, -0.000000000000000000, -1.000000000000000000 ) ) ;
#2257 = CARTESIAN_POINT ( 'NONE',  ( 0.1826198767988397031, 0.04907772850198854203, 0.7500000000000001110 ) ) ;
#2258 = CARTESIAN_POINT ( 'NONE',  ( 0.09252404735808344993, 0.03832471526136887324, 0.6656250000000001332 ) ) ;
#2259 = CARTESIAN_POINT ( 'NONE',  ( -1.530808498934190893E-17, -0.1249999999999998751, 0.3812500000000000888 ) ) ;
#2260 = CARTESIAN_POINT ( 'NONE',  ( 0.09252404735808347769, 5.138080077581913637E-17, 0.4187500000000000111 ) ) ;
#2261 = CARTESIAN_POINT ( 'NONE',  ( 0.000000000000000000, 0.09252404735808347769, 0.2749999999999999667 ) ) ;
#2262 = EDGE_CURVE ( 'NONE', #901, #26, #2887, .T. ) ;
#2263 = PRODUCT_DEFINITION_CONTEXT ( 'detailed design', #534, 'design' ) ;
#2264 = CARTESIAN_POINT ( 'NONE',  ( 0.06542438130972609567, -0.06542438130972615118, 0.06250000000000001388 ) ) ;
#2265 = CARTESIAN_POINT ( 'NONE',  ( 0.04783366770725574341, -0.08054633344095088465, 0.7038959294337808759 ) ) ;
#2266 = CARTESIAN_POINT ( 'NONE',  ( 0.06963327646548700400, -0.08368742027803340033, 0.02108251949362532560 ) ) ;
#2267 = EDGE_CURVE ( 'NONE', #1134, #1217, #1701, .T. ) ;
#2268 = CARTESIAN_POINT ( 'NONE',  ( 0.09252404735808346381, -5.384073882302861917E-17, 0.06250000000000000000 ) ) ;
#2269 = VERTEX_POINT ( 'NONE', #908 ) ;
#2270 = CARTESIAN_POINT ( 'NONE',  ( 0.1249999999999998751, -0.05177669529663687931, 0.3843750000000000222 ) ) ;
#2271 = CARTESIAN_POINT ( 'NONE',  ( -0.1250000000000004996, -0.05177669529663626868, 0.2718750000000000333 ) ) ;
#2272 = CARTESIAN_POINT ( 'NONE',  ( 0.000000000000000000, 0.1249999999999999029, 0.05624999999999997363 ) ) ;
#2273 = ORIENTED_EDGE ( 'NONE', *, *, #3669, .F. ) ;
#2274 = CARTESIAN_POINT ( 'NONE',  ( 0.1249999999999999167, -5.242250684970901619E-17, 0.08750000000000000833 ) ) ;
#2275 = CARTESIAN_POINT ( 'NONE',  ( 0.09252404735808346381, 1.529103565290933319E-16, 0.7625000000000001776 ) ) ;
#2276 = CARTESIAN_POINT ( 'NONE',  ( -0.09252404735808350544, 0.03832471526136867895, 0.04062499999999999445 ) ) ;
#2277 = CARTESIAN_POINT ( 'NONE',  ( -0.1249999999999999167, 1.775607907899495340E-16, 0.7625000000000001776 ) ) ;
#2278 = DIRECTION ( 'NONE',  ( -0.000000000000000000, -0.000000000000000000, -1.000000000000000000 ) ) ;
#2279 = CARTESIAN_POINT ( 'NONE',  ( 0.1826198767988362892, -0.04907772850198651587, 0.7593750000000000222 ) ) ;
#2280 = EDGE_CURVE ( 'NONE', #4607, #3896, #3573, .T. ) ;
#2281 = CARTESIAN_POINT ( 'NONE',  ( 0.1249999999999999167, -0.05177669529663694176, 0.1406250000000000555 ) ) ;
#2282 = ORIENTED_EDGE ( 'NONE', *, *, #3198, .F. ) ;
#2283 = CARTESIAN_POINT ( 'NONE',  ( -0.06542438130972609567, 0.06542438130972615118, 0.3375000000000000222 ) ) ;
#2284 = CARTESIAN_POINT ( 'NONE',  ( 0.03832471526136869977, -0.09252404735808333891, 0.7093749999999999778 ) ) ;
#2285 = CYLINDRICAL_SURFACE ( 'NONE', #3460, 0.1249999999999999029 ) ;
#2286 = CARTESIAN_POINT ( 'NONE',  ( 0.04907772850198448972, 0.1826198767988372051, 0.7593750000000000222 ) ) ;
#2287 = FACE_OUTER_BOUND ( 'NONE', #4319, .T. ) ;
#2288 = CARTESIAN_POINT ( 'NONE',  ( -0.09252404735808346381, 3.527682608554327823E-17, 0.2875000000000000333 ) ) ;
#2289 = CARTESIAN_POINT ( 'NONE',  ( -0.04419728187518626172, -0.1643496145601817948, 0.9999999999999996669 ) ) ;
#2290 = ORIENTED_EDGE ( 'NONE', *, *, #2086, .F. ) ;
#2291 = CARTESIAN_POINT ( 'NONE',  ( -0.03832471526136872059, -0.09252404735808340830, 0.4468750000000000777 ) ) ;
#2292 = CARTESIAN_POINT ( 'NONE',  ( -1.133092784412350307E-17, -0.09252404735808340830, 0.4000000000000000222 ) ) ;
#2293 = CARTESIAN_POINT ( 'NONE',  ( -0.09252404735808347769, -2.194892352084760199E-17, 0.09375000000000001388 ) ) ;
#2294 = CARTESIAN_POINT ( 'NONE',  ( 0.05177669529663682380, -0.1249999999999999167, 0.2781250000000000666 ) ) ;
#2295 = CIRCLE ( 'NONE', #522, 0.1082531754730549772 ) ;
#2296 = CARTESIAN_POINT ( 'NONE',  ( -0.09252404735808347769, 1.700342364489799086E-16, 0.7437500000000001332 ) ) ;
#2297 = CARTESIAN_POINT ( 'NONE',  ( -3.295631491865439644E-17, 0.1082531754730550605, 0.8828124999999998890 ) ) ;
#2298 = AXIS2_PLACEMENT_3D ( 'NONE', #4365, #4317, #2500 ) ;
#2299 = VECTOR ( 'NONE', #4318, 39.37007874015748143 ) ;
#2300 = ORIENTED_EDGE ( 'NONE', *, *, #1283, .T. ) ;
#2301 = CARTESIAN_POINT ( 'NONE',  ( -0.08838834764831839108, -0.08838834764831839108, 0.1187500000000000361 ) ) ;
#2302 = CARTESIAN_POINT ( 'NONE',  ( 0.09252404735808346381, 1.381424211467988945E-16, 0.7125000000000001332 ) ) ;
#2303 = EDGE_CURVE ( 'NONE', #877, #3760, #4261, .T. ) ;
#2304 = CARTESIAN_POINT ( 'NONE',  ( 0.1249999999999998751, -0.05177669529663693482, 0.1343750000000000222 ) ) ;
#2305 = CARTESIAN_POINT ( 'NONE',  ( 0.1826198767988360949, 0.04907772850198706405, 0.7593750000000000222 ) ) ;
#2306 = ORIENTED_EDGE ( 'NONE', *, *, #3381, .F. ) ;
#2307 = CARTESIAN_POINT ( 'NONE',  ( 0.05177669529663682380, -0.1249999999999999167, 0.2781250000000000666 ) ) ;
#2308 = CARTESIAN_POINT ( 'NONE',  ( -0.06542438130972610955, -0.06542438130972595689, 0.6500000000000000222 ) ) ;
#2309 = EDGE_CURVE ( 'NONE', #4077, #1067, #4409, .T. ) ;
#2310 = LINE ( 'NONE', #3803, #4343 ) ;
#2311 = CARTESIAN_POINT ( 'NONE',  ( -0.09252404735808346381, 1.681882445261931039E-16, 0.7375000000000001554 ) ) ;
#2312 = ORIENTED_EDGE ( 'NONE', *, *, #2262, .F. ) ;
#2313 = CARTESIAN_POINT ( 'NONE',  ( 0.06542438130972608179, -0.06542438130972601240, 0.5062499999999999778 ) ) ;
#2314 = VERTEX_POINT ( 'NONE', #1009 ) ;
#2315 = CARTESIAN_POINT ( 'NONE',  ( 0.000000000000000000, 0.09252404735808353320, 0.4250000000000000444 ) ) ;
#2316 = CARTESIAN_POINT ( 'NONE',  ( -0.06542438130972610955, -0.06542438130972612342, 0.1000000000000000194 ) ) ;
#2317 = CARTESIAN_POINT ( 'NONE',  ( 0.1556566722341978792, -0.08968195723121083485, 0.7500000000000002220 ) ) ;
#2318 = CARTESIAN_POINT ( 'NONE',  ( 0.000000000000000000, 0.09252404735808343605, 0.07499999999999998335 ) ) ;
#2319 = VERTEX_POINT ( 'NONE', #2546 ) ;
#2320 = CARTESIAN_POINT ( 'NONE',  ( 0.1826198767901095199, -0.04907772852305475331, 0.9812499999999999556 ) ) ;
#2321 = CARTESIAN_POINT ( 'NONE',  ( -0.1249999999999999445, 0.05177669529663696951, 0.5156250000000000000 ) ) ;
#2322 = CARTESIAN_POINT ( 'NONE',  ( -0.06542438130972610955, -0.06542438130972604016, 0.4000000000000000222 ) ) ;
#2323 = CARTESIAN_POINT ( 'NONE',  ( -0.08838834764831839108, -0.08838834764831829394, 0.4750000000000000333 ) ) ;
#2324 = CARTESIAN_POINT ( 'NONE',  ( 0.05431570440143768802, -0.07490329495353674483, 0.005024047358083607272 ) ) ;
#2325 = CARTESIAN_POINT ( 'NONE',  ( 0.1249999999999998890, 0.05177669529663683767, 0.04062499999999998751 ) ) ;
#2326 = CARTESIAN_POINT ( 'NONE',  ( 0.08838834764831840496, 0.08838834764831833557, 0.04999999999999998196 ) ) ;
#2327 = ORIENTED_EDGE ( 'NONE', *, *, #3559, .F. ) ;
#2328 = EDGE_CURVE ( 'NONE', #3358, #1352, #4031, .T. ) ;
#2329 = FACE_OUTER_BOUND ( 'NONE', #2676, .T. ) ;
#2330 = CARTESIAN_POINT ( 'NONE',  ( -0.1499375328083484560, -0.1152275101366067450, 0.7593750000000000222 ) ) ;
#2331 = EDGE_CURVE ( 'NONE', #1586, #1278, #4103, .T. ) ;
#2332 = CARTESIAN_POINT ( 'NONE',  ( -0.05177669529663686543, -0.1249999999999999167, 0.1718750000000000555 ) ) ;
#2333 = CARTESIAN_POINT ( 'NONE',  ( -1.133092784412350615E-17, -0.09252404735808338054, 0.5562500000000001332 ) ) ;
#2334 = FACE_OUTER_BOUND ( 'NONE', #3850, .T. ) ;
#2335 = DIRECTION ( 'NONE',  ( -0.000000000000000000, -0.000000000000000000, -1.000000000000000000 ) ) ;
#2336 = DIRECTION ( 'NONE',  ( -0.000000000000000000, -0.000000000000000000, -1.000000000000000000 ) ) ;
#2337 = DIRECTION ( 'NONE',  ( 1.000000000000000000, 0.000000000000000000, 0.000000000000000000 ) ) ;
#2338 = CARTESIAN_POINT ( 'NONE',  ( -0.06542438130972608179, 0.06542438130972616506, 0.4312500000000000222 ) ) ;
#2339 = CARTESIAN_POINT ( 'NONE',  ( -0.09252404735808347769, 9.619455953750779552E-17, 0.4937500000000000222 ) ) ;
#2340 = CARTESIAN_POINT ( 'NONE',  ( -0.03832471526136872753, -0.09252404735808351932, 0.1531250000000000389 ) ) ;
#2341 = DIRECTION ( 'NONE',  ( -1.000000000000000000, 0.000000000000000000, 0.000000000000000000 ) ) ;
#2342 = CARTESIAN_POINT ( 'NONE',  ( 0.09252404735808346381, -9.536932676145348567E-18, 0.2125000000000000222 ) ) ;
#2343 = ORIENTED_EDGE ( 'NONE', *, *, #4589, .F. ) ;
#2344 = CARTESIAN_POINT ( 'NONE',  ( -0.1874999999999998335, 2.303761888290552992E-17, 0.9812499999999999556 ) ) ;
#2345 = B_SPLINE_CURVE_WITH_KNOTS ( 'NONE', 3,
 ( #363, #1893, #4489, #1917, #292, #4065, #4538, #1136, #1434, #4442, #3687, #4091, #3396, #2663, #4167, #756, #1612, #1260, #882, #2766, #1184, #803, #123, #3910, #3059, #4262, #3840, #2793, #3126, #2687, #1962, #4588, #1557, #830 ),
 .UNSPECIFIED., .F., .F.,
 ( 4, 2, 2, 2, 2, 2, 2, 2, 2, 2, 2, 2, 2, 2, 2, 2, 4 ),
 ( 0.002771003803708054283, 0.003325093537758936658, 0.003879183271809819034, 0.004433273005860702276, 0.004987362739911584651, 0.005541452473962467894, 0.006095542208013350269, 0.006649631942064233511, 0.007203721676115116754, 0.007757811410165999129, 0.008311901144216883239, 0.008865990878267766481, 0.009420080612318649724, 0.009974170346369534701, 0.01052826008042041794, 0.01108234981447130119, 0.01163643954852218443 ),
 .UNSPECIFIED. ) ;
#2346 = CARTESIAN_POINT ( 'NONE',  ( 0.000000000000000000, 0.09252404735808351932, 0.3312499999999999889 ) ) ;
#2347 = CARTESIAN_POINT ( 'NONE',  ( 0.08838834764831837720, -0.08838834764831832169, 0.4875000000000000444 ) ) ;
#2348 = CARTESIAN_POINT ( 'NONE',  ( 0.07835931051856720453, 0.06301240645164683796, 0.9953376562697852092 ) ) ;
#2349 = CARTESIAN_POINT ( 'NONE',  ( 0.05177669529663693482, 0.1249999999999998612, 0.09687499999999996114 ) ) ;
#2350 = CARTESIAN_POINT ( 'NONE',  ( 0.09252404735808344993, 0.03832471526136889406, 0.7656250000000002220 ) ) ;
#2351 = VERTEX_POINT ( 'NONE', #2495 ) ;
#2352 = CARTESIAN_POINT ( 'NONE',  ( 0.03832471526136869977, -0.09252404735808351932, 0.1593750000000000722 ) ) ;
#2353 = CYLINDRICAL_SURFACE ( 'NONE', #1888, 0.1249999999999999029 ) ;
#2354 = CARTESIAN_POINT ( 'NONE',  ( 0.1249999999999999167, 0.05177669529663693482, 0.3406250000000000111 ) ) ;
#2355 = CARTESIAN_POINT ( 'NONE',  ( -0.1249999999999999167, 0.05177669529663686543, 0.2093750000000000056 ) ) ;
#2356 = EDGE_CURVE ( 'NONE', #3701, #502, #4228, .T. ) ;
#2357 = CARTESIAN_POINT ( 'NONE',  ( -0.03832471526136872059, 0.09252404735808360259, 0.6343750000000000222 ) ) ;
#2358 = CARTESIAN_POINT ( 'NONE',  ( 0.1638349478928962377, -0.09442855863492151391, 0.7593750000000000222 ) ) ;
#2359 = CARTESIAN_POINT ( 'NONE',  ( -0.1874999999999998612, 2.303761888290552992E-17, 1.000000000000000000 ) ) ;
#2360 = CARTESIAN_POINT ( 'NONE',  ( 0.03832471526136869283, -0.09252404735808332503, 0.7031250000000001110 ) ) ;
#2361 = CARTESIAN_POINT ( 'NONE',  ( 0.06542438130972608179, -0.06542438130972599852, 0.5562500000000000222 ) ) ;
#2362 = CARTESIAN_POINT ( 'NONE',  ( 0.09252404735808346381, -0.03832471526136868589, 0.4656250000000001221 ) ) ;
#2363 = CARTESIAN_POINT ( 'NONE',  ( 0.02328809511993414072, -0.1781221872094784497, 0.7500000000000002220 ) ) ;
#2364 = CARTESIAN_POINT ( 'NONE',  ( 0.06542438130972610955, 0.06542438130972605403, 0.1187499999999999944 ) ) ;
#2365 = CARTESIAN_POINT ( 'NONE',  ( -0.1249999999999999167, 5.941730773159412108E-17, 0.3625000000000000444 ) ) ;
#2366 = ADVANCED_FACE ( 'NONE', ( #4086 ), #606, .F. ) ;
#2367 = CARTESIAN_POINT ( 'NONE',  ( 0.09252404735808347769, -0.03832471526136873446, 0.3156250000000000444 ) ) ;
#2368 = CARTESIAN_POINT ( 'NONE',  ( -0.1499375329496586695, 0.1152275099952964482, 0.9812499999999998446 ) ) ;
#2369 = CARTESIAN_POINT ( 'NONE',  ( 0.03832471526136869283, -0.09252404735808351932, 0.1531250000000000389 ) ) ;
#2370 = ORIENTED_EDGE ( 'NONE', *, *, #231, .T. ) ;
#2371 = CARTESIAN_POINT ( 'NONE',  ( 0.05177669529663693482, 0.1250000000000000000, 0.5468750000000000000 ) ) ;
#2372 = AXIS2_PLACEMENT_3D ( 'NONE', #4527, #1396, #2583 ) ;
#2373 = CARTESIAN_POINT ( 'NONE',  ( 0.000000000000000000, 0.09252404735808361647, 0.7250000000000000888 ) ) ;
#2374 = ORIENTED_EDGE ( 'NONE', *, *, #833, .T. ) ;
#2375 = CARTESIAN_POINT ( 'NONE',  ( -0.06542438130972610955, -0.06542438130972610955, 0.1500000000000000222 ) ) ;
#2376 = AXIS2_PLACEMENT_3D ( 'NONE', #2297, #4891, #1482 ) ;
#2377 = LINE ( 'NONE', #32, #1090 ) ;
#2378 = CARTESIAN_POINT ( 'NONE',  ( 0.1152275101365988486, 0.1499375328083563108, 0.7593750000000000222 ) ) ;
#2379 =( BOUNDED_CURVE ( )  B_SPLINE_CURVE ( 2, ( #1674, #178, #635, #3966, #3593, #1338, #4788, #1740, #1385 ),
 .UNSPECIFIED., .F., .F. ) 
 B_SPLINE_CURVE_WITH_KNOTS ( ( 3, 2, 2, 2, 3 ),
 ( 0.7656250000000000000, 0.7734375000000000000, 0.7812500000000000000, 0.7890625000000000000, 0.7968750000000000000 ),
 .UNSPECIFIED. ) 
 CURVE ( )  GEOMETRIC_REPRESENTATION_ITEM ( )  RATIONAL_B_SPLINE_CURVE ( ( 1.000000000000000000, 0.9238795325112867385, 1.000000000000000000, 0.9238795325112867385, 1.000000000000000000, 0.9238795325112867385, 1.000000000000000000, 0.9238795325112867385, 1.000000000000000000 ) ) 
 REPRESENTATION_ITEM ( '' )  );
#2380 = AXIS2_PLACEMENT_3D ( 'NONE', #3626, #166, #1350 ) ;
#2381 = CARTESIAN_POINT ( 'NONE',  ( -0.05177669529663686543, -0.1249999999999998890, 0.2218750000000000444 ) ) ;
#2382 = CARTESIAN_POINT ( 'NONE',  ( 0.06542438130972610955, 0.06542438130972624832, 0.7750000000000000222 ) ) ;
#2383 = CARTESIAN_POINT ( 'NONE',  ( 0.1826198767988362892, -0.04907772850198651587, 0.7593750000000000222 ) ) ;
#2384 = CARTESIAN_POINT ( 'NONE',  ( 0.1152275101527332202, 0.1499375327922170820, 1.000000000000000000 ) ) ;
#2385 = AXIS2_PLACEMENT_3D ( 'NONE', #3690, #1741, #3260 ) ;
#2386 = LINE ( 'NONE', #4252, #4424 ) ;
#2387 = CARTESIAN_POINT ( 'NONE',  ( -0.1874999999999998335, -2.288663608512017529E-17, 0.7593750000000000222 ) ) ;
#2388 = CARTESIAN_POINT ( 'NONE',  ( 0.09252404735808346381, 6.430274423532678142E-17, 0.4625000000000000777 ) ) ;
#2389 = VERTEX_POINT ( 'NONE', #4781 ) ;
#2390 = CARTESIAN_POINT ( 'NONE',  ( -0.06542438130972609567, 0.06542438130972619281, 0.4874999999999999889 ) ) ;
#2391 = CARTESIAN_POINT ( 'NONE',  ( 0.1249999999999999306, 8.495226602255474913E-18, 0.2937500000000000111 ) ) ;
#2392 = CARTESIAN_POINT ( 'NONE',  ( -0.1249999999999999167, 0.05177669529663690012, 0.3093750000000000111 ) ) ;
#2393 = CARTESIAN_POINT ( 'NONE',  ( -0.1724026438760967450, -0.04624848473727532355, 0.7500000000000001110 ) ) ;
#2394 = CARTESIAN_POINT ( 'NONE',  ( 0.06542438130972610955, 0.06542438130972609567, 0.2687500000000000444 ) ) ;
#2395 = EDGE_CURVE ( 'NONE', #1820, #1834, #2570, .T. ) ;
#2396 = CARTESIAN_POINT ( 'NONE',  ( 9.049246479012871048E-16, -0.1082531754730551021, 1.000000000000000000 ) ) ;
#2397 = CARTESIAN_POINT ( 'NONE',  ( 0.08838834764831840496, 0.08838834764831846047, 0.5000000000000000000 ) ) ;
#2398 = CARTESIAN_POINT ( 'NONE',  ( -0.03832471526136872059, 0.09252404735808351932, 0.3343749999999999778 ) ) ;
#2399 = CYLINDRICAL_SURFACE ( 'NONE', #2614, 0.1249999999999999029 ) ;
#2400 = CARTESIAN_POINT ( 'NONE',  ( 0.000000000000000000, 0.09252404735808343605, 0.07499999999999998335 ) ) ;
#2401 = ORIENTED_EDGE ( 'NONE', *, *, #2191, .T. ) ;
#2402 = CARTESIAN_POINT ( 'NONE',  ( 0.03921503612455887189, -0.08380262693537951502, 0.7034921628294172891 ) ) ;
#2403 = CARTESIAN_POINT ( 'NONE',  ( -0.1249999999999999306, 2.191558125203223534E-18, 0.1687500000000000111 ) ) ;
#2404 = ORIENTED_EDGE ( 'NONE', *, *, #2512, .T. ) ;
#2405 = CARTESIAN_POINT ( 'NONE',  ( -0.03832471526136872753, -0.09252404735808350544, 0.2031250000000000278 ) ) ;
#2406 = CARTESIAN_POINT ( 'NONE',  ( -0.05177669529663686543, -0.1249999999999997780, 0.7718750000000000888 ) ) ;
#2407 = DIRECTION ( 'NONE',  ( -0.000000000000000000, -0.000000000000000000, -1.000000000000000000 ) ) ;
#2408 = DIRECTION ( 'NONE',  ( 1.000000000000000000, 0.000000000000000000, 0.000000000000000000 ) ) ;
#2409 = EDGE_CURVE ( 'NONE', #3746, #3236, #142, .T. ) ;
#2410 = CARTESIAN_POINT ( 'NONE',  ( 0.06542438130972609567, -0.06542438130972615118, 0.06250000000000001388 ) ) ;
#2411 = CARTESIAN_POINT ( 'NONE',  ( 0.1499375327922146950, 0.1152275101527403811, 0.9812499999999999556 ) ) ;
#2412 = CARTESIAN_POINT ( 'NONE',  ( -0.07844243687486902872, 0.06296441342745920378, 0.9948974789582294420 ) ) ;
#2413 = CARTESIAN_POINT ( 'NONE',  ( -0.1249999999999999167, 0.05177669529663687931, 0.1593750000000000167 ) ) ;
#2414 = CARTESIAN_POINT ( 'NONE',  ( -0.09252404735808346381, 0.03832471526136883161, 0.5843750000000000888 ) ) ;
#2415 =( BOUNDED_SURFACE ( )  B_SPLINE_SURFACE ( 1, 2, ( 
 ( #169, #122, #4712, #3959, #3540, #554, #3148, #3586, #145, #193, #1660, #857, #4283, #1707, #4640, #2816, #2494, #3220, #4309, #906, #1329, #3886, #2445, #460, #1992, #3493, #2765, #104, #1611, #1232, #4663, #1259, #2792, #2519, #4457, #4483, #1426, #2156, #2566, #2206, #3342, #4030, #3711, #2955, #1035, #3630, #679, #2934, #312, #1057, #1008, #2587, #4806, #4085, #3295, #3652, #1084, #1453, #2132, #3252, #2545, #4862, #4059, #2983, #263, #285, #3982, #1379, #1835, #576, #1809, #2909, #2110, #4004, #3604, #214, #1734, #4761, #600, #1399, #4436, #4381, #4783, #1353, #655, #2885, #980, #629, #243, #1760, #3275, #4408, #1782, #2179, #3681, #3317, #4833, #430, #1527, #4208, #1955, #1859, #3455, #4886, #3035, #3787, #383, #4532, #2613, #4113, #356, #71, #1885, #3364, #1580, #731, #3389, #1176, #3096, #705, #773, #4911, #4608, #3052, #3734, #1505, #1129, #2656, #1910, #1477, #2705, #4510, #3008, #4160, #795, #752, #2292, #3413, #18, #4553, #1150, #2680, #3435, #4186, #2315, #404, #1933, #43, #1551, #4885, #17, #2291, #382, #2504, #893, #3157, #3262, #429, #4771, #2028, #4674, #1271, #4320, #2803, #4294, #919, #2456, #3942, #2079, #2530, #2554, #3021, #715, #4493, #2992, #4043, #4844, #1439, #2919, #3304, #4871, #2965, #4518, #3745, #4445, #3374, #4898, #4422, #1792, #2165, #1465, #4816, #4070, #3285, #344, #4468, #4123, #1869, #253, #1489, #4792, #2942, #3692, #296, #1043, #4014, #613, #3663, #2142, #271, #1388, #3640, #638, #1414, #1094, #1768, #1021, #690, #2575, #2246, #1066, #663, #2187, #1819, #3327, #2597, #4096, #2624, #2220, #3721, #322, #1845, #3352, #3871, #1899, #4245, #2302, #838, #2668, #1969, #2373, #2719, #4173, #2646, #740, #1537, #3400, #4221, #3, #4542, #1192, #3043, #2275, #2350, #3498, #3472, #464 ),
 ( #1618, #760, #3772, #4564, #808, #1564, #1163, #1138, #2747, #3846, #88, #3798, #393, #4196, #31, #4595, #4149, #1943, #784, #3108, #3084, #1997, #442, #1595, #1922, #4619, #1216, #56, #3422, #2692, #2326, #108, #3132, #1115, #3062, #368, #1514, #3819, #415, #3445, #4670, #222, #2867, #1713, #198, #1266, #2073, #3570, #127, #510, #2098, #177, #1739, #963, #1668, #580, #2113, #1640, #3914, #4289, #3592, #2047, #1290, #490, #2499, #1691, #1337, #3987, #2403, #3608, #2022, #151, #913, #2451, #3179, #4646, #1237, #888, #2773, #2425, #3522, #4267, #2797, #3548, #3229, #863, #3891, #2846, #4695, #4364, #3201, #3153, #2821, #4315, #3937, #535, #4718, #4741, #1313, #4340, #938, #2476, #3965, #558, #1608, #3953, #2012, #550, #2391, #1681, #2085, #2439, #479, #3860, #455, #1254, #3121, #2061, #4636, #4255, #4708, #2762, #1986, #1302, #3214, #927, #1704, #3490, #139, #2788, #3581, #4304, #1323, #1633, #3514, #3144, #878, #2855, #101, #2812, #4278, #2417, #4684, #503, #3536, #3168, #4827, #259, #3311, #3646, #2538, #951, #3333, #2513, #1727, #2904, #305, #2927, #2489, #4024, #3978, #3999, #571, #2124, #4755, #670, #595, #3623, #4452, #2878, #236, #4053, #1754, #4078, #4799, #4779, #1372, #4403, #1001, #1775, #2197, #1049, #624, #2151, #3291, #2582, #1394, #4430, #648, #2172, #279, #1519, #4131, #3779, #2974, #1904, #721, #2605, #4525, #3753, #4770, #4069, #3261, #992, #2574, #4392, #3611, #3691, #4870, #4843, #1844, #226, #1791, #2918, #295, #1041, #3351, #3284, #612, #4013, #2553, #2219, #1438, #4444, #2141, #4095, #1413, #3720, #2964, #4421, #4466, #3303, #1065, #4815, #637, #2990, #1464, #3639, #1743, #1020, #4491, #662, #2503, #2164, #1818, #3992, #4791, #2596, #321, #3326, #1387, #586, #2529, #2116, #689, #1363, #2897 ) ),
 .UNSPECIFIED., .F., .F., .F. ) 
 B_SPLINE_SURFACE_WITH_KNOTS ( ( 2, 2 ),
 ( 3, 2, 2, 2, 2, 2, 2, 2, 2, 2, 2, 2, 2, 2, 2, 2, 2, 2, 2, 2, 2, 2, 2, 2, 2, 2, 2, 2, 2, 2, 2, 2, 2, 2, 2, 2, 2, 2, 2, 2, 2, 2, 2, 2, 2, 2, 2, 2, 2, 2, 2, 2, 2, 2, 2, 2, 2, 2, 2, 2, 2, 2, 2, 2, 2, 2, 2, 2, 2, 2, 2, 2, 2, 2, 2, 2, 2, 2, 2, 2, 2, 2, 2, 2, 2, 2, 2, 2, 2, 2, 2, 2, 2, 2, 2, 2, 2, 2, 2, 2, 2, 2, 2, 2, 2, 2, 2, 2, 2, 2, 2, 2, 2, 2, 2, 2, 2, 2, 2, 2, 2, 2, 2, 2, 2, 2, 2, 2, 3 ),
 ( 0.000000000000000000, 1.000000000000000000 ),
 ( 0.000000000000000000, 0.007812500000000000000, 0.01562500000000000000, 0.02343750000000000000, 0.03125000000000000000, 0.03906250000000000000, 0.04687500000000000000, 0.05468750000000000000, 0.06250000000000000000, 0.07031250000000000000, 0.07812500000000000000, 0.08593750000000000000, 0.09375000000000000000, 0.1015625000000000000, 0.1093750000000000000, 0.1171875000000000000, 0.1250000000000000000, 0.1328125000000000000, 0.1406250000000000000, 0.1484375000000000000, 0.1562500000000000000, 0.1640625000000000000, 0.1718750000000000000, 0.1796875000000000000, 0.1875000000000000000, 0.1953125000000000000, 0.2031250000000000000, 0.2109375000000000000, 0.2187500000000000000, 0.2265625000000000000, 0.2343750000000000000, 0.2421875000000000000, 0.2500000000000000000, 0.2578125000000000000, 0.2656250000000000000, 0.2734375000000000000, 0.2812500000000000000, 0.2890625000000000000, 0.2968750000000000000, 0.3046875000000000000, 0.3125000000000000000, 0.3203125000000000000, 0.3281250000000000000, 0.3359375000000000000, 0.3437500000000000000, 0.3515625000000000000, 0.3593750000000000000, 0.3671875000000000000, 0.3750000000000000000, 0.3828125000000000000, 0.3906250000000000000, 0.3984375000000000000, 0.4062500000000000000, 0.4140625000000000000, 0.4218750000000000000, 0.4296875000000000000, 0.4375000000000000000, 0.4453125000000000000, 0.4531250000000000000, 0.4609375000000000000, 0.4687500000000000000, 0.4765625000000000000, 0.4843750000000000000, 0.4921875000000000000, 0.5000000000000000000, 0.5078125000000000000, 0.5156250000000000000, 0.5234375000000000000, 0.5312500000000000000, 0.5390625000000000000, 0.5468750000000000000, 0.5546875000000000000, 0.5625000000000000000, 0.5703125000000000000, 0.5781250000000000000, 0.5859375000000000000, 0.5937500000000000000, 0.6015625000000000000, 0.6093750000000000000, 0.6171875000000000000, 0.6250000000000000000, 0.6328125000000000000, 0.6406250000000000000, 0.6484375000000000000, 0.6562500000000000000, 0.6640625000000000000, 0.6718750000000000000, 0.6796875000000000000, 0.6875000000000000000, 0.6953125000000000000, 0.7031250000000000000, 0.7109375000000000000, 0.7187500000000000000, 0.7265625000000000000, 0.7343750000000000000, 0.7421875000000000000, 0.7500000000000000000, 0.7578125000000000000, 0.7656250000000000000, 0.7734375000000000000, 0.7812500000000000000, 0.7890625000000000000, 0.7968750000000000000, 0.8046875000000000000, 0.8125000000000000000, 0.8203125000000000000, 0.8281250000000000000, 0.8359375000000000000, 0.8437500000000000000, 0.8515625000000000000, 0.8593750000000000000, 0.8671875000000000000, 0.8750000000000000000, 0.8828125000000000000, 0.8906250000000000000, 0.8984375000000000000, 0.9062500000000000000, 0.9140625000000000000, 0.9218750000000000000, 0.9296875000000000000, 0.9375000000000000000, 0.9453125000000000000, 0.9531250000000000000, 0.9609375000000000000, 0.9687500000000000000, 0.9765625000000000000, 0.9843750000000000000, 0.9921875000000000000, 1.000000000000000000 ),
 .UNSPECIFIED. ) 
 GEOMETRIC_REPRESENTATION_ITEM ( )  RATIONAL_B_SPLINE_SURFACE ( (
 ( 1.000000000000000000, 0.9238795325112867385, 1.000000000000000000, 0.9238795325112867385, 1.000000000000000000, 0.9238795325112867385, 1.000000000000000000, 0.9238795325112867385, 1.000000000000000000, 0.9238795325112867385, 1.000000000000000000, 0.9238795325112867385, 1.000000000000000000, 0.9238795325112867385, 1.000000000000000000, 0.9238795325112867385, 1.000000000000000000, 0.9238795325112867385, 1.000000000000000000, 0.9238795325112867385, 1.000000000000000000, 0.9238795325112867385, 1.000000000000000000, 0.9238795325112867385, 1.000000000000000000, 0.9238795325112867385, 1.000000000000000000, 0.9238795325112867385, 1.000000000000000000, 0.9238795325112867385, 1.000000000000000000, 0.9238795325112867385, 1.000000000000000000, 0.9238795325112867385, 1.000000000000000000, 0.9238795325112867385, 1.000000000000000000, 0.9238795325112867385, 1.000000000000000000, 0.9238795325112867385, 1.000000000000000000, 0.9238795325112867385, 1.000000000000000000, 0.9238795325112867385, 1.000000000000000000, 0.9238795325112867385, 1.000000000000000000, 0.9238795325112867385, 1.000000000000000000, 0.9238795325112867385, 1.000000000000000000, 0.9238795325112867385, 1.000000000000000000, 0.9238795325112867385, 1.000000000000000000, 0.9238795325112867385, 1.000000000000000000, 0.9238795325112867385, 1.000000000000000000, 0.9238795325112867385, 1.000000000000000000, 0.9238795325112867385, 1.000000000000000000, 0.9238795325112867385, 1.000000000000000000, 0.9238795325112867385, 1.000000000000000000, 0.9238795325112867385, 1.000000000000000000, 0.9238795325112867385, 1.000000000000000000, 0.9238795325112867385, 1.000000000000000000, 0.9238795325112867385, 1.000000000000000000, 0.9238795325112867385, 1.000000000000000000, 0.9238795325112867385, 1.000000000000000000, 0.9238795325112867385, 1.000000000000000000, 0.9238795325112867385, 1.000000000000000000, 0.9238795325112867385, 1.000000000000000000, 0.9238795325112867385, 1.000000000000000000, 0.9238795325112867385, 1.000000000000000000, 0.9238795325112867385, 1.000000000000000000, 0.9238795325112867385, 1.000000000000000000, 0.9238795325112867385, 1.000000000000000000, 0.9238795325112867385, 1.000000000000000000, 0.9238795325112867385, 1.000000000000000000, 0.9238795325112867385, 1.000000000000000000, 0.9238795325112867385, 1.000000000000000000, 0.9238795325112867385, 1.000000000000000000, 0.9238795325112867385, 1.000000000000000000, 0.9238795325112867385, 1.000000000000000000, 0.9238795325112867385, 1.000000000000000000, 0.9238795325112867385, 1.000000000000000000, 0.9238795325112867385, 1.000000000000000000, 0.9238795325112867385, 1.000000000000000000, 0.9238795325112867385, 1.000000000000000000, 0.9238795325112867385, 1.000000000000000000, 0.9238795325112867385, 1.000000000000000000, 0.9238795325112867385, 1.000000000000000000, 0.9238795325112867385, 1.000000000000000000, 0.9238795325112867385, 1.000000000000000000, 0.9238795325112867385, 1.000000000000000000, 0.9238795325112867385, 1.000000000000000000, 0.9238795325112867385, 1.000000000000000000, 0.9238795325112867385, 1.000000000000000000, 0.9238795325112867385, 1.000000000000000000, 0.9238795325112867385, 1.000000000000000000, 0.9238795325112867385, 1.000000000000000000, 0.9238795325112867385, 1.000000000000000000, 0.9238795325112867385, 1.000000000000000000, 0.9238795325112867385, 1.000000000000000000, 0.9238795325112867385, 1.000000000000000000, 0.9238795325112867385, 1.000000000000000000, 0.9238795325112867385, 1.000000000000000000, 0.9238795325112867385, 1.000000000000000000, 0.9238795325112867385, 1.000000000000000000, 0.9238795325112867385, 1.000000000000000000, 0.9238795325112867385, 1.000000000000000000, 0.9238795325112867385, 1.000000000000000000, 0.9238795325112867385, 1.000000000000000000, 0.9238795325112867385, 1.000000000000000000, 0.9238795325112867385, 1.000000000000000000, 0.9238795325112867385, 1.000000000000000000, 0.9238795325112867385, 1.000000000000000000, 0.9238795325112867385, 1.000000000000000000, 0.9238795325112867385, 1.000000000000000000, 0.9238795325112867385, 1.000000000000000000, 0.9238795325112867385, 1.000000000000000000, 0.9238795325112867385, 1.000000000000000000, 0.9238795325112867385, 1.000000000000000000, 0.9238795325112867385, 1.000000000000000000, 0.9238795325112867385, 1.000000000000000000, 0.9238795325112867385, 1.000000000000000000, 0.9238795325112867385, 1.000000000000000000, 0.9238795325112867385, 1.000000000000000000, 0.9238795325112867385, 1.000000000000000000, 0.9238795325112867385, 1.000000000000000000, 0.9238795325112867385, 1.000000000000000000, 0.9238795325112867385, 1.000000000000000000, 0.9238795325112867385, 1.000000000000000000, 0.9238795325112867385, 1.000000000000000000, 0.9238795325112867385, 1.000000000000000000, 0.9238795325112867385, 1.000000000000000000, 0.9238795325112867385, 1.000000000000000000, 0.9238795325112867385, 1.000000000000000000, 0.9238795325112867385, 1.000000000000000000, 0.9238795325112867385, 1.000000000000000000, 0.9238795325112867385, 1.000000000000000000, 0.9238795325112867385, 1.000000000000000000, 0.9238795325112867385, 1.000000000000000000, 0.9238795325112867385, 1.000000000000000000, 0.9238795325112867385, 1.000000000000000000, 0.9238795325112867385, 1.000000000000000000, 0.9238795325112867385, 1.000000000000000000, 0.9238795325112867385, 1.000000000000000000, 0.9238795325112867385, 1.000000000000000000, 0.9238795325112867385, 1.000000000000000000, 0.9238795325112867385, 1.000000000000000000, 0.9238795325112867385, 1.000000000000000000, 0.9238795325112867385, 1.000000000000000000, 0.9238795325112867385, 1.000000000000000000, 0.9238795325112867385, 1.000000000000000000, 0.9238795325112867385, 1.000000000000000000, 0.9238795325112867385, 1.000000000000000000, 0.9238795325112867385, 1.000000000000000000),
 ( 1.000000000000000000, 0.9238795325112867385, 1.000000000000000000, 0.9238795325112867385, 1.000000000000000000, 0.9238795325112867385, 1.000000000000000000, 0.9238795325112867385, 1.000000000000000000, 0.9238795325112867385, 1.000000000000000000, 0.9238795325112867385, 1.000000000000000000, 0.9238795325112867385, 1.000000000000000000, 0.9238795325112867385, 1.000000000000000000, 0.9238795325112867385, 1.000000000000000000, 0.9238795325112867385, 1.000000000000000000, 0.9238795325112867385, 1.000000000000000000, 0.9238795325112867385, 1.000000000000000000, 0.9238795325112867385, 1.000000000000000000, 0.9238795325112867385, 1.000000000000000000, 0.9238795325112867385, 1.000000000000000000, 0.9238795325112867385, 1.000000000000000000, 0.9238795325112867385, 1.000000000000000000, 0.9238795325112867385, 1.000000000000000000, 0.9238795325112867385, 1.000000000000000000, 0.9238795325112867385, 1.000000000000000000, 0.9238795325112867385, 1.000000000000000000, 0.9238795325112867385, 1.000000000000000000, 0.9238795325112867385, 1.000000000000000000, 0.9238795325112867385, 1.000000000000000000, 0.9238795325112867385, 1.000000000000000000, 0.9238795325112867385, 1.000000000000000000, 0.9238795325112867385, 1.000000000000000000, 0.9238795325112867385, 1.000000000000000000, 0.9238795325112867385, 1.000000000000000000, 0.9238795325112867385, 1.000000000000000000, 0.9238795325112867385, 1.000000000000000000, 0.9238795325112867385, 1.000000000000000000, 0.9238795325112867385, 1.000000000000000000, 0.9238795325112867385, 1.000000000000000000, 0.9238795325112867385, 1.000000000000000000, 0.9238795325112867385, 1.000000000000000000, 0.9238795325112867385, 1.000000000000000000, 0.9238795325112867385, 1.000000000000000000, 0.9238795325112867385, 1.000000000000000000, 0.9238795325112867385, 1.000000000000000000, 0.9238795325112867385, 1.000000000000000000, 0.9238795325112867385, 1.000000000000000000, 0.9238795325112867385, 1.000000000000000000, 0.9238795325112867385, 1.000000000000000000, 0.9238795325112867385, 1.000000000000000000, 0.9238795325112867385, 1.000000000000000000, 0.9238795325112867385, 1.000000000000000000, 0.9238795325112867385, 1.000000000000000000, 0.9238795325112867385, 1.000000000000000000, 0.9238795325112867385, 1.000000000000000000, 0.9238795325112867385, 1.000000000000000000, 0.9238795325112867385, 1.000000000000000000, 0.9238795325112867385, 1.000000000000000000, 0.9238795325112867385, 1.000000000000000000, 0.9238795325112867385, 1.000000000000000000, 0.9238795325112867385, 1.000000000000000000, 0.9238795325112867385, 1.000000000000000000, 0.9238795325112867385, 1.000000000000000000, 0.9238795325112867385, 1.000000000000000000, 0.9238795325112867385, 1.000000000000000000, 0.9238795325112867385, 1.000000000000000000, 0.9238795325112867385, 1.000000000000000000, 0.9238795325112867385, 1.000000000000000000, 0.9238795325112867385, 1.000000000000000000, 0.9238795325112867385, 1.000000000000000000, 0.9238795325112867385, 1.000000000000000000, 0.9238795325112867385, 1.000000000000000000, 0.9238795325112867385, 1.000000000000000000, 0.9238795325112867385, 1.000000000000000000, 0.9238795325112867385, 1.000000000000000000, 0.9238795325112867385, 1.000000000000000000, 0.9238795325112867385, 1.000000000000000000, 0.9238795325112867385, 1.000000000000000000, 0.9238795325112867385, 1.000000000000000000, 0.9238795325112867385, 1.000000000000000000, 0.9238795325112867385, 1.000000000000000000, 0.9238795325112867385, 1.000000000000000000, 0.9238795325112867385, 1.000000000000000000, 0.9238795325112867385, 1.000000000000000000, 0.9238795325112867385, 1.000000000000000000, 0.9238795325112867385, 1.000000000000000000, 0.9238795325112867385, 1.000000000000000000, 0.9238795325112867385, 1.000000000000000000, 0.9238795325112867385, 1.000000000000000000, 0.9238795325112867385, 1.000000000000000000, 0.9238795325112867385, 1.000000000000000000, 0.9238795325112867385, 1.000000000000000000, 0.9238795325112867385, 1.000000000000000000, 0.9238795325112867385, 1.000000000000000000, 0.9238795325112867385, 1.000000000000000000, 0.9238795325112867385, 1.000000000000000000, 0.9238795325112867385, 1.000000000000000000, 0.9238795325112867385, 1.000000000000000000, 0.9238795325112867385, 1.000000000000000000, 0.9238795325112867385, 1.000000000000000000, 0.9238795325112867385, 1.000000000000000000, 0.9238795325112867385, 1.000000000000000000, 0.9238795325112867385, 1.000000000000000000, 0.9238795325112867385, 1.000000000000000000, 0.9238795325112867385, 1.000000000000000000, 0.9238795325112867385, 1.000000000000000000, 0.9238795325112867385, 1.000000000000000000, 0.9238795325112867385, 1.000000000000000000, 0.9238795325112867385, 1.000000000000000000, 0.9238795325112867385, 1.000000000000000000, 0.9238795325112867385, 1.000000000000000000, 0.9238795325112867385, 1.000000000000000000, 0.9238795325112867385, 1.000000000000000000, 0.9238795325112867385, 1.000000000000000000, 0.9238795325112867385, 1.000000000000000000, 0.9238795325112867385, 1.000000000000000000, 0.9238795325112867385, 1.000000000000000000, 0.9238795325112867385, 1.000000000000000000, 0.9238795325112867385, 1.000000000000000000, 0.9238795325112867385, 1.000000000000000000, 0.9238795325112867385, 1.000000000000000000, 0.9238795325112867385, 1.000000000000000000, 0.9238795325112867385, 1.000000000000000000, 0.9238795325112867385, 1.000000000000000000, 0.9238795325112867385, 1.000000000000000000, 0.9238795325112867385, 1.000000000000000000, 0.9238795325112867385, 1.000000000000000000, 0.9238795325112867385, 1.000000000000000000, 0.9238795325112867385, 1.000000000000000000, 0.9238795325112867385, 1.000000000000000000, 0.9238795325112867385, 1.000000000000000000, 0.9238795325112867385, 1.000000000000000000, 0.9238795325112867385, 1.000000000000000000) ) ) 
 REPRESENTATION_ITEM ( '' )  SURFACE ( )  );
#2416 = ORIENTED_EDGE ( 'NONE', *, *, #1097, .T. ) ;
#2417 = CARTESIAN_POINT ( 'NONE',  ( 0.1249999999999999167, 0.05177669529663694176, 0.3968749999999999778 ) ) ;
#2418 = CARTESIAN_POINT ( 'NONE',  ( 0.000000000000000000, -5.530426628471140438E-17, 0.7500000000000001110 ) ) ;
#2419 = CARTESIAN_POINT ( 'NONE',  ( 0.06542438130972608179, -0.06542438130972612342, 0.1062500000000000250 ) ) ;
#2420 = CARTESIAN_POINT ( 'NONE',  ( 0.08838834764831837720, -0.08838834764831839108, 0.2375000000000000722 ) ) ;
#2421 = CARTESIAN_POINT ( 'NONE',  ( 0.09252404735808347769, 0.03832471526136877610, 0.3218749999999999667 ) ) ;
#2422 = CARTESIAN_POINT ( 'NONE',  ( 0.05177669529663694176, 0.1250000000000000000, 0.5531250000000000888 ) ) ;
#2423 = CARTESIAN_POINT ( 'NONE',  ( 0.09252404735808346381, -9.536932676145348567E-18, 0.2125000000000000222 ) ) ;
#2424 = VERTEX_POINT ( 'NONE', #1091 ) ;
#2425 = CARTESIAN_POINT ( 'NONE',  ( 0.05177669529663694176, 0.1249999999999998890, 0.2031249999999999445 ) ) ;
#2426 = CARTESIAN_POINT ( 'NONE',  ( 0.06542438130972609567, -0.06542438130972612342, 0.1125000000000000305 ) ) ;
#2427 = DIRECTION ( 'NONE',  ( -0.000000000000000000, -0.000000000000000000, 1.000000000000000000 ) ) ;
#2428 = VERTEX_POINT ( 'NONE', #1360 ) ;
#2429 = CARTESIAN_POINT ( 'NONE',  ( 0.05177669529663682380, -0.1249999999999998751, 0.3781250000000001554 ) ) ;
#2430 = CARTESIAN_POINT ( 'NONE',  ( -1.133092784412350615E-17, -0.09252404735808332503, 0.7562499999999999778 ) ) ;
#2431 = LINE ( 'NONE', #4677, #298 ) ;
#2432 = EDGE_CURVE ( 'NONE', #2212, #2428, #541, .T. ) ;
#2433 = DIRECTION ( 'NONE',  ( -1.000000000000000000, 0.000000000000000000, 0.000000000000000000 ) ) ;
#2434 = CARTESIAN_POINT ( 'NONE',  ( -0.08970713070317339055, 0.1556432004982573336, 0.7500000000000001110 ) ) ;
#2435 = CARTESIAN_POINT ( 'NONE',  ( 0.05177669529663693482, 0.1249999999999998751, 0.1468749999999999778 ) ) ;
#2436 = CARTESIAN_POINT ( 'NONE',  ( 0.06542438130972610955, 0.06542438130972622057, 0.6687500000000000666 ) ) ;
#2437 = VERTEX_POINT ( 'NONE', #1251 ) ;
#2438 = ORIENTED_EDGE ( 'NONE', *, *, #4048, .F. ) ;
#2439 = CARTESIAN_POINT ( 'NONE',  ( 0.05177669529663694176, 0.1249999999999999584, 0.3031249999999999778 ) ) ;
#2440 = CARTESIAN_POINT ( 'NONE',  ( -1.133092784412350615E-17, -0.09252404735808343605, 0.4062500000000000555 ) ) ;
#2441 = DIRECTION ( 'NONE',  ( -0.000000000000000000, -0.000000000000000000, 1.000000000000000000 ) ) ;
#2442 = CARTESIAN_POINT ( 'NONE',  ( 0.09375000000000020817, -0.04533366931169132558, 0.8802742030902285242 ) ) ;
#2443 =( BOUNDED_SURFACE ( )  B_SPLINE_SURFACE ( 1, 2, ( 
 ( #206, #3575, #3553, #1721, #3529, #1296, #183, #2849, #1697, #114, #3917, #3240, #2874, #871, #589, #969, #515, #4371, #1625, #946, #3185, #3208, #2507, #3139, #4723, #156, #2410, #1318, #4346, #2482, #3898, #498, #665, #4047, #1098, #1466, #4497, #3329, #3665, #2193, #2221, #4447, #2626, #4126, #325, #255, #2599, #2119, #1770, #1390, #3266, #273, #4775, #4099, #4018, #996, #2943, #1795, #1368, #3697, #2534, #2899, #2167, #3287, #4794, #3306, #1823, #2922, #4820, #4426, #1071, #2144, #642, #3615, #300, #4850, #2577, #2995, #1045, #4074, #3355, #4398, #1848, #1443, #1417, #3641, #3723, #2968, #4472, #1024, #617, #692, #2556, #4872, #230, #1749, #461, #2794, #2767, #507, #486, #3149, #804, #3887, #4284, #4641, #1963, #2367, #4240, #2421, #1262, #859, #2346, #2398, #884, #3867, #1636, #3465, #4264, #831, #1993, #2741, #717, #2250, #437, #147, #83, #1558, #2044, #3841, #1590, #3911, #1663, #3748, #2018, #3104, #3544, #1233, #1873, #4616, #1213, #4216, #105, #3176, #4692, #2714, #347, #4590, #1287, #3494, #2818, #3080, #3376, #1613, #52, #3127, #4665, #1185, #3519, #124, #910, #3931, #4737, #1688, #982, #173, #2842, #4384, #1310, #531, #604, #1784, #1763, #3654, #2069, #3606, #1333, #2134, #1403, #266, #3196, #632, #3588, #2158, #3984, #3566, #1355, #3962, #1012, #3255, #3297, #4785, #2864, #1382, #219, #3278, #1737, #2497, #4808, #4312, #2473, #4715, #4361, #2448, #2889, #4336, #578, #3632, #935, #1710, #2911, #556, #246, #3225, #2095, #194, #960, #2548, #4411, #4033, #2111, #4764, #2521, #4007, #3713, #360, #3368, #3416, #4165, #4865, #3791, #387, #3319, #2209, #2589, #1889, #314, #4486, #1837, #681, #1862, #2181, #754, #657, #2296, #287, #3344, #4116, #4889, #3394, #1456, #4141, #1480, #2985, #1915, #23, #2936 ),
 ( #4536, #2957, #4439, #3683, #1133, #4088, #2661, #4459, #3763, #1037, #4514, #1060, #2568, #4061, #1087, #1810, #1109, #4835, #1429, #3012, #2616, #709, #734, #2236, #4914, #3737, #338, #2640, #2268, #1509, #3038, #880, #2318, #2791, #800, #4282, #1210, #777, #3492, #1181, #3146, #459, #2419, #2015, #3461, #3517, #2364, #3885, #828, #4612, #2039, #3907, #4585, #3811, #77, #505, #103, #3539, #2738, #2764, #1530, #3837, #121, #3055, #4258, #434, #4557, #1555, #1154, #4662, #1635, #1257, #3077, #3862, #1990, #1936, #2342, #482, #1610, #2684, #4191, #1585, #408, #3438, #48, #1959, #2710, #4213, #3101, #4238, #3124, #4638, #1231, #855, #2394, #2815, #4407, #2444, #553, #1327, #2859, #2090, #143, #1658, #4711, #1005, #2839, #905, #1377, #3192, #4332, #2542, #4308, #4356, #3585, #2882, #2155, #4028, #3926, #2908, #930, #628, #4731, #526, #2109, #1305, #1758, #3981, #3172, #599, #191, #2129, #954, #2517, #2492, #3217, #4689, #1282, #2469, #2064, #1706, #3562, #3603, #167, #574, #1351, #1684, #3956, #3627, #212, #4380, #1732, #3249, #4759, #978, #3273, #240, #4782, #4003, #1078, #2607, #4057, #4454, #1104, #4109, #4158, #4908, #674, #4529, #1125, #651, #2952, #3315, #2632, #1053, #309, #2585, #1424, #700, #2932, #1502, #1398, #3031, #1032, #4081, #4856, #1448, #2201, #3651, #262, #4830, #2653, #3705, #4434, #748, #1804, #1830, #725, #1779, #3294, #1855, #3337, #3385, #2230, #4804, #2979, #283, #2175, #4479, #2564, #4135, #3676, #3730, #331, #354, #3361, #4881, #1473, #1881, #3004, #4506, #2258, #3757, #473, #3854, #3804, #3783, #1907, #2701, #4550, #451, #3048, #769, #2360, #4182, #3407, #3484, #4655, #4629, #13, #4205, #1146, #1982, #2675, #2311, #97, #402, #1523, #1603, #1249, #1226, #1627, #1931, #1575, #792, #3115, #4275 ) ),
 .UNSPECIFIED., .F., .F., .F. ) 
 B_SPLINE_SURFACE_WITH_KNOTS ( ( 2, 2 ),
 ( 3, 2, 2, 2, 2, 2, 2, 2, 2, 2, 2, 2, 2, 2, 2, 2, 2, 2, 2, 2, 2, 2, 2, 2, 2, 2, 2, 2, 2, 2, 2, 2, 2, 2, 2, 2, 2, 2, 2, 2, 2, 2, 2, 2, 2, 2, 2, 2, 2, 2, 2, 2, 2, 2, 2, 2, 2, 2, 2, 2, 2, 2, 2, 2, 2, 2, 2, 2, 2, 2, 2, 2, 2, 2, 2, 2, 2, 2, 2, 2, 2, 2, 2, 2, 2, 2, 2, 2, 2, 2, 2, 2, 2, 2, 2, 2, 2, 2, 2, 2, 2, 2, 2, 2, 2, 2, 2, 2, 2, 2, 2, 2, 2, 2, 2, 2, 2, 2, 2, 2, 2, 2, 2, 2, 2, 2, 2, 2, 3 ),
 ( 0.000000000000000000, 1.000000000000000000 ),
 ( 0.000000000000000000, 0.007812500000000000000, 0.01562500000000000000, 0.02343750000000000000, 0.03125000000000000000, 0.03906250000000000000, 0.04687500000000000000, 0.05468750000000000000, 0.06250000000000000000, 0.07031250000000000000, 0.07812500000000000000, 0.08593750000000000000, 0.09375000000000000000, 0.1015625000000000000, 0.1093750000000000000, 0.1171875000000000000, 0.1250000000000000000, 0.1328125000000000000, 0.1406250000000000000, 0.1484375000000000000, 0.1562500000000000000, 0.1640625000000000000, 0.1718750000000000000, 0.1796875000000000000, 0.1875000000000000000, 0.1953125000000000000, 0.2031250000000000000, 0.2109375000000000000, 0.2187500000000000000, 0.2265625000000000000, 0.2343750000000000000, 0.2421875000000000000, 0.2500000000000000000, 0.2578125000000000000, 0.2656250000000000000, 0.2734375000000000000, 0.2812500000000000000, 0.2890625000000000000, 0.2968750000000000000, 0.3046875000000000000, 0.3125000000000000000, 0.3203125000000000000, 0.3281250000000000000, 0.3359375000000000000, 0.3437500000000000000, 0.3515625000000000000, 0.3593750000000000000, 0.3671875000000000000, 0.3750000000000000000, 0.3828125000000000000, 0.3906250000000000000, 0.3984375000000000000, 0.4062500000000000000, 0.4140625000000000000, 0.4218750000000000000, 0.4296875000000000000, 0.4375000000000000000, 0.4453125000000000000, 0.4531250000000000000, 0.4609375000000000000, 0.4687500000000000000, 0.4765625000000000000, 0.4843750000000000000, 0.4921875000000000000, 0.5000000000000000000, 0.5078125000000000000, 0.5156250000000000000, 0.5234375000000000000, 0.5312500000000000000, 0.5390625000000000000, 0.5468750000000000000, 0.5546875000000000000, 0.5625000000000000000, 0.5703125000000000000, 0.5781250000000000000, 0.5859375000000000000, 0.5937500000000000000, 0.6015625000000000000, 0.6093750000000000000, 0.6171875000000000000, 0.6250000000000000000, 0.6328125000000000000, 0.6406250000000000000, 0.6484375000000000000, 0.6562500000000000000, 0.6640625000000000000, 0.6718750000000000000, 0.6796875000000000000, 0.6875000000000000000, 0.6953125000000000000, 0.7031250000000000000, 0.7109375000000000000, 0.7187500000000000000, 0.7265625000000000000, 0.7343750000000000000, 0.7421875000000000000, 0.7500000000000000000, 0.7578125000000000000, 0.7656250000000000000, 0.7734375000000000000, 0.7812500000000000000, 0.7890625000000000000, 0.7968750000000000000, 0.8046875000000000000, 0.8125000000000000000, 0.8203125000000000000, 0.8281250000000000000, 0.8359375000000000000, 0.8437500000000000000, 0.8515625000000000000, 0.8593750000000000000, 0.8671875000000000000, 0.8750000000000000000, 0.8828125000000000000, 0.8906250000000000000, 0.8984375000000000000, 0.9062500000000000000, 0.9140625000000000000, 0.9218750000000000000, 0.9296875000000000000, 0.9375000000000000000, 0.9453125000000000000, 0.9531250000000000000, 0.9609375000000000000, 0.9687500000000000000, 0.9765625000000000000, 0.9843750000000000000, 0.9921875000000000000, 1.000000000000000000 ),
 .UNSPECIFIED. ) 
 GEOMETRIC_REPRESENTATION_ITEM ( )  RATIONAL_B_SPLINE_SURFACE ( (
 ( 1.000000000000000000, 0.9238795325112867385, 1.000000000000000000, 0.9238795325112867385, 1.000000000000000000, 0.9238795325112867385, 1.000000000000000000, 0.9238795325112867385, 1.000000000000000000, 0.9238795325112867385, 1.000000000000000000, 0.9238795325112867385, 1.000000000000000000, 0.9238795325112867385, 1.000000000000000000, 0.9238795325112867385, 1.000000000000000000, 0.9238795325112867385, 1.000000000000000000, 0.9238795325112867385, 1.000000000000000000, 0.9238795325112867385, 1.000000000000000000, 0.9238795325112867385, 1.000000000000000000, 0.9238795325112867385, 1.000000000000000000, 0.9238795325112867385, 1.000000000000000000, 0.9238795325112867385, 1.000000000000000000, 0.9238795325112867385, 1.000000000000000000, 0.9238795325112867385, 1.000000000000000000, 0.9238795325112867385, 1.000000000000000000, 0.9238795325112867385, 1.000000000000000000, 0.9238795325112867385, 1.000000000000000000, 0.9238795325112867385, 1.000000000000000000, 0.9238795325112867385, 1.000000000000000000, 0.9238795325112867385, 1.000000000000000000, 0.9238795325112867385, 1.000000000000000000, 0.9238795325112867385, 1.000000000000000000, 0.9238795325112867385, 1.000000000000000000, 0.9238795325112867385, 1.000000000000000000, 0.9238795325112867385, 1.000000000000000000, 0.9238795325112867385, 1.000000000000000000, 0.9238795325112867385, 1.000000000000000000, 0.9238795325112867385, 1.000000000000000000, 0.9238795325112867385, 1.000000000000000000, 0.9238795325112867385, 1.000000000000000000, 0.9238795325112867385, 1.000000000000000000, 0.9238795325112867385, 1.000000000000000000, 0.9238795325112867385, 1.000000000000000000, 0.9238795325112867385, 1.000000000000000000, 0.9238795325112867385, 1.000000000000000000, 0.9238795325112867385, 1.000000000000000000, 0.9238795325112867385, 1.000000000000000000, 0.9238795325112867385, 1.000000000000000000, 0.9238795325112867385, 1.000000000000000000, 0.9238795325112867385, 1.000000000000000000, 0.9238795325112867385, 1.000000000000000000, 0.9238795325112867385, 1.000000000000000000, 0.9238795325112867385, 1.000000000000000000, 0.9238795325112867385, 1.000000000000000000, 0.9238795325112867385, 1.000000000000000000, 0.9238795325112867385, 1.000000000000000000, 0.9238795325112867385, 1.000000000000000000, 0.9238795325112867385, 1.000000000000000000, 0.9238795325112867385, 1.000000000000000000, 0.9238795325112867385, 1.000000000000000000, 0.9238795325112867385, 1.000000000000000000, 0.9238795325112867385, 1.000000000000000000, 0.9238795325112867385, 1.000000000000000000, 0.9238795325112867385, 1.000000000000000000, 0.9238795325112867385, 1.000000000000000000, 0.9238795325112867385, 1.000000000000000000, 0.9238795325112867385, 1.000000000000000000, 0.9238795325112867385, 1.000000000000000000, 0.9238795325112867385, 1.000000000000000000, 0.9238795325112867385, 1.000000000000000000, 0.9238795325112867385, 1.000000000000000000, 0.9238795325112867385, 1.000000000000000000, 0.9238795325112867385, 1.000000000000000000, 0.9238795325112867385, 1.000000000000000000, 0.9238795325112867385, 1.000000000000000000, 0.9238795325112867385, 1.000000000000000000, 0.9238795325112867385, 1.000000000000000000, 0.9238795325112867385, 1.000000000000000000, 0.9238795325112867385, 1.000000000000000000, 0.9238795325112867385, 1.000000000000000000, 0.9238795325112867385, 1.000000000000000000, 0.9238795325112867385, 1.000000000000000000, 0.9238795325112867385, 1.000000000000000000, 0.9238795325112867385, 1.000000000000000000, 0.9238795325112867385, 1.000000000000000000, 0.9238795325112867385, 1.000000000000000000, 0.9238795325112867385, 1.000000000000000000, 0.9238795325112867385, 1.000000000000000000, 0.9238795325112867385, 1.000000000000000000, 0.9238795325112867385, 1.000000000000000000, 0.9238795325112867385, 1.000000000000000000, 0.9238795325112867385, 1.000000000000000000, 0.9238795325112867385, 1.000000000000000000, 0.9238795325112867385, 1.000000000000000000, 0.9238795325112867385, 1.000000000000000000, 0.9238795325112867385, 1.000000000000000000, 0.9238795325112867385, 1.000000000000000000, 0.9238795325112867385, 1.000000000000000000, 0.9238795325112867385, 1.000000000000000000, 0.9238795325112867385, 1.000000000000000000, 0.9238795325112867385, 1.000000000000000000, 0.9238795325112867385, 1.000000000000000000, 0.9238795325112867385, 1.000000000000000000, 0.9238795325112867385, 1.000000000000000000, 0.9238795325112867385, 1.000000000000000000, 0.9238795325112867385, 1.000000000000000000, 0.9238795325112867385, 1.000000000000000000, 0.9238795325112867385, 1.000000000000000000, 0.9238795325112867385, 1.000000000000000000, 0.9238795325112867385, 1.000000000000000000, 0.9238795325112867385, 1.000000000000000000, 0.9238795325112867385, 1.000000000000000000, 0.9238795325112867385, 1.000000000000000000, 0.9238795325112867385, 1.000000000000000000, 0.9238795325112867385, 1.000000000000000000, 0.9238795325112867385, 1.000000000000000000, 0.9238795325112867385, 1.000000000000000000, 0.9238795325112867385, 1.000000000000000000, 0.9238795325112867385, 1.000000000000000000, 0.9238795325112867385, 1.000000000000000000, 0.9238795325112867385, 1.000000000000000000, 0.9238795325112867385, 1.000000000000000000, 0.9238795325112867385, 1.000000000000000000, 0.9238795325112867385, 1.000000000000000000, 0.9238795325112867385, 1.000000000000000000, 0.9238795325112867385, 1.000000000000000000, 0.9238795325112867385, 1.000000000000000000, 0.9238795325112867385, 1.000000000000000000, 0.9238795325112867385, 1.000000000000000000, 0.9238795325112867385, 1.000000000000000000, 0.9238795325112867385, 1.000000000000000000, 0.9238795325112867385, 1.000000000000000000, 0.9238795325112867385, 1.000000000000000000, 0.9238795325112867385, 1.000000000000000000, 0.9238795325112867385, 1.000000000000000000),
 ( 1.000000000000000000, 0.9238795325112867385, 1.000000000000000000, 0.9238795325112867385, 1.000000000000000000, 0.9238795325112867385, 1.000000000000000000, 0.9238795325112867385, 1.000000000000000000, 0.9238795325112867385, 1.000000000000000000, 0.9238795325112867385, 1.000000000000000000, 0.9238795325112867385, 1.000000000000000000, 0.9238795325112867385, 1.000000000000000000, 0.9238795325112867385, 1.000000000000000000, 0.9238795325112867385, 1.000000000000000000, 0.9238795325112867385, 1.000000000000000000, 0.9238795325112867385, 1.000000000000000000, 0.9238795325112867385, 1.000000000000000000, 0.9238795325112867385, 1.000000000000000000, 0.9238795325112867385, 1.000000000000000000, 0.9238795325112867385, 1.000000000000000000, 0.9238795325112867385, 1.000000000000000000, 0.9238795325112867385, 1.000000000000000000, 0.9238795325112867385, 1.000000000000000000, 0.9238795325112867385, 1.000000000000000000, 0.9238795325112867385, 1.000000000000000000, 0.9238795325112867385, 1.000000000000000000, 0.9238795325112867385, 1.000000000000000000, 0.9238795325112867385, 1.000000000000000000, 0.9238795325112867385, 1.000000000000000000, 0.9238795325112867385, 1.000000000000000000, 0.9238795325112867385, 1.000000000000000000, 0.9238795325112867385, 1.000000000000000000, 0.9238795325112867385, 1.000000000000000000, 0.9238795325112867385, 1.000000000000000000, 0.9238795325112867385, 1.000000000000000000, 0.9238795325112867385, 1.000000000000000000, 0.9238795325112867385, 1.000000000000000000, 0.9238795325112867385, 1.000000000000000000, 0.9238795325112867385, 1.000000000000000000, 0.9238795325112867385, 1.000000000000000000, 0.9238795325112867385, 1.000000000000000000, 0.9238795325112867385, 1.000000000000000000, 0.9238795325112867385, 1.000000000000000000, 0.9238795325112867385, 1.000000000000000000, 0.9238795325112867385, 1.000000000000000000, 0.9238795325112867385, 1.000000000000000000, 0.9238795325112867385, 1.000000000000000000, 0.9238795325112867385, 1.000000000000000000, 0.9238795325112867385, 1.000000000000000000, 0.9238795325112867385, 1.000000000000000000, 0.9238795325112867385, 1.000000000000000000, 0.9238795325112867385, 1.000000000000000000, 0.9238795325112867385, 1.000000000000000000, 0.9238795325112867385, 1.000000000000000000, 0.9238795325112867385, 1.000000000000000000, 0.9238795325112867385, 1.000000000000000000, 0.9238795325112867385, 1.000000000000000000, 0.9238795325112867385, 1.000000000000000000, 0.9238795325112867385, 1.000000000000000000, 0.9238795325112867385, 1.000000000000000000, 0.9238795325112867385, 1.000000000000000000, 0.9238795325112867385, 1.000000000000000000, 0.9238795325112867385, 1.000000000000000000, 0.9238795325112867385, 1.000000000000000000, 0.9238795325112867385, 1.000000000000000000, 0.9238795325112867385, 1.000000000000000000, 0.9238795325112867385, 1.000000000000000000, 0.9238795325112867385, 1.000000000000000000, 0.9238795325112867385, 1.000000000000000000, 0.9238795325112867385, 1.000000000000000000, 0.9238795325112867385, 1.000000000000000000, 0.9238795325112867385, 1.000000000000000000, 0.9238795325112867385, 1.000000000000000000, 0.9238795325112867385, 1.000000000000000000, 0.9238795325112867385, 1.000000000000000000, 0.9238795325112867385, 1.000000000000000000, 0.9238795325112867385, 1.000000000000000000, 0.9238795325112867385, 1.000000000000000000, 0.9238795325112867385, 1.000000000000000000, 0.9238795325112867385, 1.000000000000000000, 0.9238795325112867385, 1.000000000000000000, 0.9238795325112867385, 1.000000000000000000, 0.9238795325112867385, 1.000000000000000000, 0.9238795325112867385, 1.000000000000000000, 0.9238795325112867385, 1.000000000000000000, 0.9238795325112867385, 1.000000000000000000, 0.9238795325112867385, 1.000000000000000000, 0.9238795325112867385, 1.000000000000000000, 0.9238795325112867385, 1.000000000000000000, 0.9238795325112867385, 1.000000000000000000, 0.9238795325112867385, 1.000000000000000000, 0.9238795325112867385, 1.000000000000000000, 0.9238795325112867385, 1.000000000000000000, 0.9238795325112867385, 1.000000000000000000, 0.9238795325112867385, 1.000000000000000000, 0.9238795325112867385, 1.000000000000000000, 0.9238795325112867385, 1.000000000000000000, 0.9238795325112867385, 1.000000000000000000, 0.9238795325112867385, 1.000000000000000000, 0.9238795325112867385, 1.000000000000000000, 0.9238795325112867385, 1.000000000000000000, 0.9238795325112867385, 1.000000000000000000, 0.9238795325112867385, 1.000000000000000000, 0.9238795325112867385, 1.000000000000000000, 0.9238795325112867385, 1.000000000000000000, 0.9238795325112867385, 1.000000000000000000, 0.9238795325112867385, 1.000000000000000000, 0.9238795325112867385, 1.000000000000000000, 0.9238795325112867385, 1.000000000000000000, 0.9238795325112867385, 1.000000000000000000, 0.9238795325112867385, 1.000000000000000000, 0.9238795325112867385, 1.000000000000000000, 0.9238795325112867385, 1.000000000000000000, 0.9238795325112867385, 1.000000000000000000, 0.9238795325112867385, 1.000000000000000000, 0.9238795325112867385, 1.000000000000000000, 0.9238795325112867385, 1.000000000000000000, 0.9238795325112867385, 1.000000000000000000, 0.9238795325112867385, 1.000000000000000000, 0.9238795325112867385, 1.000000000000000000, 0.9238795325112867385, 1.000000000000000000, 0.9238795325112867385, 1.000000000000000000, 0.9238795325112867385, 1.000000000000000000, 0.9238795325112867385, 1.000000000000000000, 0.9238795325112867385, 1.000000000000000000, 0.9238795325112867385, 1.000000000000000000, 0.9238795325112867385, 1.000000000000000000, 0.9238795325112867385, 1.000000000000000000, 0.9238795325112867385, 1.000000000000000000, 0.9238795325112867385, 1.000000000000000000, 0.9238795325112867385, 1.000000000000000000, 0.9238795325112867385, 1.000000000000000000) ) ) 
 REPRESENTATION_ITEM ( '' )  SURFACE ( )  );
#2444 = CARTESIAN_POINT ( 'NONE',  ( -0.03832471526136870671, 0.09252404735808350544, 0.2781250000000000666 ) ) ;
#2445 = CARTESIAN_POINT ( 'NONE',  ( -0.06542438130972608179, -0.06542438130972612342, 0.04375000000000001804 ) ) ;
#2446 = CARTESIAN_POINT ( 'NONE',  ( -0.1249999999999999167, 1.037211138784774086E-16, 0.5125000000000000666 ) ) ;
#2447 = CARTESIAN_POINT ( 'NONE',  ( 0.000000000000000000, 0.1874999999999998335, 0.7500000000000001110 ) ) ;
#2448 = CARTESIAN_POINT ( 'NONE',  ( 0.09252404735808347769, -0.03832471526136865120, 0.6156249999999999778 ) ) ;
#2449 = DIRECTION ( 'NONE',  ( -1.000000000000000000, 0.000000000000000000, 0.000000000000000000 ) ) ;
#2450 = CARTESIAN_POINT ( 'NONE',  ( 0.09252404735808344993, -0.03832471526136876222, 0.2093750000000000611 ) ) ;
#2451 = CARTESIAN_POINT ( 'NONE',  ( 0.05177669529663683073, -0.1249999999999999861, 0.1843750000000000389 ) ) ;
#2452 = CARTESIAN_POINT ( 'NONE',  ( 0.08838834764831839108, 0.08838834764831850210, 0.6437500000000000444 ) ) ;
#2453 = CARTESIAN_POINT ( 'NONE',  ( 0.09442855881954356767, 0.1638349478164231876, 0.7593750000000000222 ) ) ;
#2454 = AXIS2_PLACEMENT_3D ( 'NONE', #4477, #4055, #4156 ) ;
#2455 = CARTESIAN_POINT ( 'NONE',  ( -0.08838834764831837720, 0.08838834764831851598, 0.5562500000000000222 ) ) ;
#2456 = CARTESIAN_POINT ( 'NONE',  ( -0.06542438130972608179, -0.06542438130972598465, 0.4937500000000000222 ) ) ;
#2457 = CARTESIAN_POINT ( 'NONE',  ( 0.05177669529663682380, -0.1249999999999998612, 0.4781250000000000777 ) ) ;
#2458 = AXIS2_PLACEMENT_3D ( 'NONE', #3464, #1588, #4615 ) ;
#2459 = CARTESIAN_POINT ( 'NONE',  ( -3.756290991288361679E-16, 0.1082531754730548801, 1.000000000000000000 ) ) ;
#2460 = CARTESIAN_POINT ( 'NONE',  ( -0.08838834764831839108, -0.08838834764831836333, 0.2187500000000000555 ) ) ;
#2461 = CARTESIAN_POINT ( 'NONE',  ( -1.530808498934190893E-17, -0.1249999999999999306, 0.1812500000000000500 ) ) ;
#2462 = CARTESIAN_POINT ( 'NONE',  ( 0.03103164284771550707, 0.09033704812153019181, 0.8752323921391044204 ) ) ;
#2463 = DIRECTION ( 'NONE',  ( 0.000000000000000000, 0.000000000000000000, 1.000000000000000000 ) ) ;
#2464 = ORIENTED_EDGE ( 'NONE', *, *, #172, .T. ) ;
#2465 = AXIS2_PLACEMENT_3D ( 'NONE', #286, #1508, #4834 ) ;
#2466 = EDGE_CURVE ( 'NONE', #2269, #4121, #3564, .T. ) ;
#2467 = CARTESIAN_POINT ( 'NONE',  ( -0.06285299244893956250, -0.1002679853413654537, 0.03069425222170811887 ) ) ;
#2468 = CARTESIAN_POINT ( 'NONE',  ( 0.1299999999999999212, -3.938385789579582329E-17, 0.7250000000000000888 ) ) ;
#2469 = CARTESIAN_POINT ( 'NONE',  ( 0.06542438130972608179, -0.06542438130972604016, 0.4062500000000000000 ) ) ;
#2470 = CARTESIAN_POINT ( 'NONE',  ( 0.06290549989092017458, -0.07193466817752387776, 0.9916383330878953961 ) ) ;
#2471 = CARTESIAN_POINT ( 'NONE',  ( 0.1249999999999998751, -0.05177669529663682380, 0.5343750000000000444 ) ) ;
#2472 = CARTESIAN_POINT ( 'NONE',  ( -0.05177669529663687931, -0.1249999999999999167, 0.3281250000000000555 ) ) ;
#2473 = CARTESIAN_POINT ( 'NONE',  ( -1.133092784412350615E-17, -0.09252404735808336667, 0.6062500000000000666 ) ) ;
#2474 = CARTESIAN_POINT ( 'NONE',  ( -0.1249999999999999029, 7.549139889267777477E-20, 0.000000000000000000 ) ) ;
#2475 = CARTESIAN_POINT ( 'NONE',  ( 0.09252404735808344993, 0.03832471526136872059, 0.1656250000000000222 ) ) ;
#2476 = CARTESIAN_POINT ( 'NONE',  ( -0.1249999999999999584, -0.05177669529663682380, 0.2718750000000000333 ) ) ;
#2477 = DIRECTION ( 'NONE',  ( 0.000000000000000000, 0.000000000000000000, -1.000000000000000000 ) ) ;
#2478 = VERTEX_POINT ( 'NONE', #4861 ) ;
#2479 = CARTESIAN_POINT ( 'NONE',  ( -0.1249999999999999167, 7.418524311388855848E-17, 0.4125000000000000333 ) ) ;
#2480 = EDGE_CURVE ( 'NONE', #2518, #654, #1781, .T. ) ;
#2481 = CARTESIAN_POINT ( 'NONE',  ( 0.03832471526136869977, -0.09252404735808333891, 0.7593749999999999112 ) ) ;
#2482 = CARTESIAN_POINT ( 'NONE',  ( 0.09252404735808347769, 0.03832471526136870671, 0.07187500000000000833 ) ) ;
#2483 = EDGE_CURVE ( 'NONE', #3283, #1294, #2726, .T. ) ;
#2484 = CARTESIAN_POINT ( 'NONE',  ( 0.1249999999999999167, -8.118700702825745592E-18, 0.2375000000000000167 ) ) ;
#2485 = CARTESIAN_POINT ( 'NONE',  ( 0.08838834764831837720, -0.08838834764831840496, 0.1875000000000000555 ) ) ;
#2486 = CARTESIAN_POINT ( 'NONE',  ( 0.02331650778601850049, 0.1781249999999998668, 0.7500000000000001110 ) ) ;
#2487 = CARTESIAN_POINT ( 'NONE',  ( -0.08838834764831837720, 0.08838834764831839108, 0.2124999999999999944 ) ) ;
#2488 = ORIENTED_EDGE ( 'NONE', *, *, #2917, .F. ) ;
#2489 = CARTESIAN_POINT ( 'NONE',  ( 0.08838834764831840496, 0.08838834764831846047, 0.4499999999999999556 ) ) ;
#2490 = CARTESIAN_POINT ( 'NONE',  ( -0.1249999999999999167, 1.351029765658530511E-16, 0.6187500000000000222 ) ) ;
#2491 = CARTESIAN_POINT ( 'NONE',  ( 0.05431570440143768802, -0.07490329495353674483, 0.005024047358083607272 ) ) ;
#2492 = CARTESIAN_POINT ( 'NONE',  ( -0.06542438130972608179, -0.06542438130972601240, 0.3937499999999999889 ) ) ;
#2493 = CYLINDRICAL_SURFACE ( 'NONE', #4011, 0.1249999999999999029 ) ;
#2494 = CARTESIAN_POINT ( 'NONE',  ( 0.000000000000000000, 0.09252404735808340830, 0.02499999999999997363 ) ) ;
#2495 = CARTESIAN_POINT ( 'NONE',  ( 0.1249999999999999306, -6.534445030921663043E-17, 0.04375000000000000416 ) ) ;
#2496 = CARTESIAN_POINT ( 'NONE',  ( 0.1687499999999998446, 0.000000000000000000, 1.000000000000000000 ) ) ;
#2497 = CARTESIAN_POINT ( 'NONE',  ( -0.09252404735808350544, -0.03832471526136859569, 0.5968750000000000444 ) ) ;
#2498 = CARTESIAN_POINT ( 'NONE',  ( -0.1474514531114620719, -0.08498570275245448391, 1.000000000000000000 ) ) ;
#2499 = CARTESIAN_POINT ( 'NONE',  ( 0.000000000000000000, 0.1249999999999999167, 0.1562499999999999722 ) ) ;
#2500 = DIRECTION ( 'NONE',  ( -1.000000000000000000, 0.000000000000000000, 0.000000000000000000 ) ) ;
#2501 = DIRECTION ( 'NONE',  ( 0.000000000000000000, 0.000000000000000000, 1.000000000000000000 ) ) ;
#2502 = ORIENTED_EDGE ( 'NONE', *, *, #1167, .F. ) ;
#2503 = CARTESIAN_POINT ( 'NONE',  ( -0.08838834764831837720, 0.08838834764831854374, 0.7125000000000000222 ) ) ;
#2504 = CARTESIAN_POINT ( 'NONE',  ( 0.03832471526136869283, -0.09252404735808342218, 0.4531250000000000555 ) ) ;
#2505 = CARTESIAN_POINT ( 'NONE',  ( 0.1249999999999999167, 8.048891159094080331E-17, 0.5375000000000000888 ) ) ;
#2506 = CARTESIAN_POINT ( 'NONE',  ( 0.08838834764831837720, -0.08838834764831828006, 0.5812500000000000444 ) ) ;
#2507 = CARTESIAN_POINT ( 'NONE',  ( -0.06542438130972610955, -0.06542438130972613730, 0.05000000000000002359 ) ) ;
#2508 = CARTESIAN_POINT ( 'NONE',  ( 0.1249999999999999167, -0.05177669529663692094, 0.1906250000000000444 ) ) ;
#2509 = CARTESIAN_POINT ( 'NONE',  ( 0.09375000000000001388, 0.05412658773652767596, 0.8828124999999998890 ) ) ;
#2510 = FACE_OUTER_BOUND ( 'NONE', #2602, .T. ) ;
#2511 = EDGE_LOOP ( 'NONE', ( #3133, #323, #944, #4586, #4178 ) ) ;
#2512 = EDGE_CURVE ( 'NONE', #2428, #3701, #3219, .T. ) ;
#2513 = CARTESIAN_POINT ( 'NONE',  ( 0.05177669529663683073, -0.1249999999999998890, 0.4343750000000001776 ) ) ;
#2514 = CARTESIAN_POINT ( 'NONE',  ( -0.09252404735808350544, -0.03832471526136861650, 0.4968750000000001221 ) ) ;
#2515 = CYLINDRICAL_SURFACE ( 'NONE', #3234, 0.1249999999999999029 ) ;
#2516 = CARTESIAN_POINT ( 'NONE',  ( -0.03899397011127277157, -0.08573999633253959196, 0.8744332643691721252 ) ) ;
#2517 = CARTESIAN_POINT ( 'NONE',  ( -0.09252404735808347769, -0.03832471526136865120, 0.3906250000000000000 ) ) ;
#2518 = VERTEX_POINT ( 'NONE', #887 ) ;
#2519 = CARTESIAN_POINT ( 'NONE',  ( -0.03832471526136870671, 0.09252404735808343605, 0.07812499999999997224 ) ) ;
#2520 = CARTESIAN_POINT ( 'NONE',  ( -0.1874999999999998335, -0.02454369260617027607, 0.9812499999999999556 ) ) ;
#2521 = CARTESIAN_POINT ( 'NONE',  ( 0.06542438130972610955, 0.06542438130972622057, 0.6750000000000000444 ) ) ;
#2522 = CARTESIAN_POINT ( 'NONE',  ( -0.02454369238353784968, -0.1874999999999998612, 1.000000000000000000 ) ) ;
#2523 = CARTESIAN_POINT ( 'NONE',  ( 0.02454369238353811336, -0.1874999999999998057, 0.9812499999999999556 ) ) ;
#2524 = CARTESIAN_POINT ( 'NONE',  ( 0.1249999999999999167, 9.525684697323524071E-17, 0.5875000000000001332 ) ) ;
#2525 = ADVANCED_FACE ( 'NONE', ( #1215 ), #2493, .T. ) ;
#2526 = CARTESIAN_POINT ( 'NONE',  ( 0.09252404735808347769, 3.661286539352471130E-17, 0.3687499999999999667 ) ) ;
#2527 = CARTESIAN_POINT ( 'NONE',  ( 0.08838834764831840496, 0.08838834764831843271, 0.3500000000000000333 ) ) ;
#2528 = VERTEX_POINT ( 'NONE', #3106 ) ;
#2529 = CARTESIAN_POINT ( 'NONE',  ( 0.1249999999999999306, 1.414066450429053329E-16, 0.7437500000000001332 ) ) ;
#2530 = CARTESIAN_POINT ( 'NONE',  ( 0.03832471526136869283, -0.09252404735808340830, 0.5031250000000000444 ) ) ;
#2531 = CARTESIAN_POINT ( 'NONE',  ( -0.08838834764831839108, -0.08838834764831830781, 0.4187500000000000111 ) ) ;
#2532 = CARTESIAN_POINT ( 'NONE',  ( -0.1249999999999999167, 1.480249200253606838E-16, 0.6625000000000000888 ) ) ;
#2533 = VECTOR ( 'NONE', #1849, 39.37007874015748143 ) ;
#2534 = CARTESIAN_POINT ( 'NONE',  ( 0.09252404735808347769, -2.245887613565297975E-17, 0.1687500000000000111 ) ) ;
#2535 = CARTESIAN_POINT ( 'NONE',  ( -0.1826198767988428118, 0.04907772850199021430, 0.7500000000000001110 ) ) ;
#2536 = CARTESIAN_POINT ( 'NONE',  ( -0.03832471526136870671, 0.09252404735808360259, 0.6781249999999999778 ) ) ;
#2537 = ORIENTED_EDGE ( 'NONE', *, *, #2559, .F. ) ;
#2538 = CARTESIAN_POINT ( 'NONE',  ( -0.08838834764831839108, -0.08838834764831830781, 0.4250000000000000444 ) ) ;
#2539 = CARTESIAN_POINT ( 'NONE',  ( 0.07972411556193949311, -0.09641396353575673595, 0.03704843015515342508 ) ) ;
#2540 = FACE_OUTER_BOUND ( 'NONE', #2622, .T. ) ;
#2541 = AXIS2_PLACEMENT_3D ( 'NONE', #1118, #2649, #4224 ) ;
#2542 = CARTESIAN_POINT ( 'NONE',  ( 0.03832471526136876916, 0.09252404735808350544, 0.3218750000000000222 ) ) ;
#2543 = CARTESIAN_POINT ( 'NONE',  ( -1.133092784412350615E-17, -0.09252404735808343605, 0.4062500000000000555 ) ) ;
#2544 = CARTESIAN_POINT ( 'NONE',  ( -0.01984147852290767816, -0.09057381949200460358, 0.7034921628294175111 ) ) ;
#2545 = CARTESIAN_POINT ( 'NONE',  ( 0.09252404735808346381, -2.430486805843977518E-17, 0.1625000000000000056 ) ) ;
#2546 = CARTESIAN_POINT ( 'NONE',  ( -0.1249999999999999167, 4.464937234929969601E-17, 0.3125000000000000000 ) ) ;
#2547 = DIRECTION ( 'NONE',  ( -0.000000000000000000, 0.000000000000000000, 1.000000000000000000 ) ) ;
#2548 = CARTESIAN_POINT ( 'NONE',  ( 0.03832471526136869977, -0.09252404735808335279, 0.6593749999999999334 ) ) ;
#2549 = LINE ( 'NONE', #1764, #3778 ) ;
#2550 = CARTESIAN_POINT ( 'NONE',  ( -0.1643578891110873130, 0.04416995567076557189, 1.000000000000000000 ) ) ;
#2551 = CARTESIAN_POINT ( 'NONE',  ( 0.09375000000000020817, 0.009141833668649479785, 0.8744390877365277870 ) ) ;
#2552 = CARTESIAN_POINT ( 'NONE',  ( -0.05177669529663687931, -0.1249999999999997918, 0.6781250000000001998 ) ) ;
#2553 = CARTESIAN_POINT ( 'NONE',  ( 0.1249999999999999306, 1.118707742783164828E-16, 0.6437500000000000444 ) ) ;
#2554 = CARTESIAN_POINT ( 'NONE',  ( 0.06542438130972608179, -0.06542438130972601240, 0.5062499999999999778 ) ) ;
#2555 = CARTESIAN_POINT ( 'NONE',  ( -0.08838834764831839108, -0.08838834764831823843, 0.6187500000000000222 ) ) ;
#2556 = CARTESIAN_POINT ( 'NONE',  ( 0.09252404735808347769, 7.076994628935871938E-18, 0.2687500000000000444 ) ) ;
#2557 = CARTESIAN_POINT ( 'NONE',  ( 0.09375000000000001388, -0.05412658773652763433, 0.8828124999999998890 ) ) ;
#2558 = CARTESIAN_POINT ( 'NONE',  ( 0.1826198767988399252, -0.04907772850198804243, 0.7500000000000001110 ) ) ;
#2559 = EDGE_CURVE ( 'NONE', #1278, #2672, #3752, .T. ) ;
#2560 = CARTESIAN_POINT ( 'NONE',  ( -0.08967980441446674056, 0.1556514748751768595, 0.7500000000000001110 ) ) ;
#2561 = VERTEX_POINT ( 'NONE', #3204 ) ;
#2562 = CARTESIAN_POINT ( 'NONE',  ( 0.03832471526136869977, -0.09252404735808344993, 0.4093750000000000444 ) ) ;
#2563 = CARTESIAN_POINT ( 'NONE',  ( 0.04907772850198854203, -0.1826198767988397031, 0.7500000000000001110 ) ) ;
#2564 = CARTESIAN_POINT ( 'NONE',  ( -0.03832471526136870671, 0.09252404735808358871, 0.6281250000000000444 ) ) ;
#2565 = CARTESIAN_POINT ( 'NONE',  ( -0.09252404735808346381, 0.03832471526136872753, 0.2343750000000000000 ) ) ;
#2566 = CARTESIAN_POINT ( 'NONE',  ( -0.06542438130972608179, -0.06542438130972610955, 0.09375000000000002776 ) ) ;
#2567 = LINE ( 'NONE', #265, #2778 ) ;
#2568 = CARTESIAN_POINT ( 'NONE',  ( 0.09252404735808346381, -6.860867420532304424E-17, 0.01249999999999999549 ) ) ;
#2569 = CARTESIAN_POINT ( 'NONE',  ( -0.1349437795129974360, -0.1037047591374621325, 1.000000000000000000 ) ) ;
#2570 =( BOUNDED_CURVE ( )  B_SPLINE_CURVE ( 2, ( #3506, #1199, #377, #1521, #2728, #816, #4174, #3447, #1018 ),
 .UNSPECIFIED., .F., .F. ) 
 B_SPLINE_CURVE_WITH_KNOTS ( ( 3, 2, 2, 2, 3 ),
 ( 0.2968750000000000000, 0.3046875000000000000, 0.3125000000000000000, 0.3203125000000000000, 0.3281250000000000000 ),
 .UNSPECIFIED. ) 
 CURVE ( )  GEOMETRIC_REPRESENTATION_ITEM ( )  RATIONAL_B_SPLINE_CURVE ( ( 1.000000000000000000, 0.9238795325112867385, 1.000000000000000000, 0.9238795325112867385, 1.000000000000000000, 0.9238795325112867385, 1.000000000000000000, 0.9238795325112867385, 1.000000000000000000 ) ) 
 REPRESENTATION_ITEM ( '' )  );
#2571 = CARTESIAN_POINT ( 'NONE',  ( -0.1687499999999998446, 2.074140613450424158E-17, 1.000000000000000000 ) ) ;
#2572 = CARTESIAN_POINT ( 'NONE',  ( 0.000000000000000000, 0.09252404735808340830, -0.01875000000000003400 ) ) ;
#2573 = CARTESIAN_POINT ( 'NONE',  ( 0.05177669529663683073, -0.1249999999999998335, 0.6343750000000001332 ) ) ;
#2574 = CARTESIAN_POINT ( 'NONE',  ( 0.1249999999999999306, 9.710283889602203306E-17, 0.5937500000000001110 ) ) ;
#2575 = CARTESIAN_POINT ( 'NONE',  ( 0.06542438130972608179, -0.06542438130972595689, 0.6562500000000000000 ) ) ;
#2576 = CARTESIAN_POINT ( 'NONE',  ( -0.1249999999999999167, -0.05177669529663670583, 0.6656250000000001332 ) ) ;
#2577 = CARTESIAN_POINT ( 'NONE',  ( 0.09252404735808347769, -7.690940753358554677E-18, 0.2187500000000000278 ) ) ;
#2578 = DIRECTION ( 'NONE',  ( -0.000000000000000000, -0.000000000000000000, -1.000000000000000000 ) ) ;
#2579 = CARTESIAN_POINT ( 'NONE',  ( -0.1094661346297747390, -0.1424406561679326111, 0.7500000000000001110 ) ) ;
#2580 = CARTESIAN_POINT ( 'NONE',  ( 0.1556514748751973709, 0.08967980441438266892, 0.7500000000000003331 ) ) ;
#2581 = ORIENTED_EDGE ( 'NONE', *, *, #3169, .F. ) ;
#2582 = CARTESIAN_POINT ( 'NONE',  ( 0.05177669529663683073, -0.1249999999999998612, 0.5343750000000001554 ) ) ;
#2583 = DIRECTION ( 'NONE',  ( -1.000000000000000000, 0.000000000000000000, 0.000000000000000000 ) ) ;
#2584 = CARTESIAN_POINT ( 'NONE',  ( -0.08970713070317461180, -0.1556432004982484518, 0.7500000000000001110 ) ) ;
#2585 = CARTESIAN_POINT ( 'NONE',  ( 0.000000000000000000, 0.09252404735808357483, 0.5250000000000000222 ) ) ;
#2586 = CARTESIAN_POINT ( 'NONE',  ( 0.06542438130972608179, -0.06542438130972604016, 0.4062500000000000000 ) ) ;
#2587 = CARTESIAN_POINT ( 'NONE',  ( -0.09252404735808347769, 0.03832471526136870671, 0.1343750000000000222 ) ) ;
#2588 = CARTESIAN_POINT ( 'NONE',  ( -0.1139320424213525473, -0.05142460218318741644, 0.7221304482402236546 ) ) ;
#2589 = CARTESIAN_POINT ( 'NONE',  ( 0.06542438130972609567, -0.06542438130972595689, 0.7125000000000000222 ) ) ;
#2590 = CARTESIAN_POINT ( 'NONE',  ( 0.02208932314518429613, -0.1687499999999998446, 1.000000000000000000 ) ) ;
#2591 = CARTESIAN_POINT ( 'NONE',  ( -0.02454369238353784968, -0.1874999999999998890, 0.9812499999999999556 ) ) ;
#2592 = CARTESIAN_POINT ( 'NONE',  ( -1.530808498934190893E-17, -0.1249999999999999029, 0.2812500000000000555 ) ) ;
#2593 =( BOUNDED_CURVE ( )  B_SPLINE_CURVE ( 2, ( #2789, #3883, #3515, #3458, #2708, #1987, #74, #2392, #4211 ),
 .UNSPECIFIED., .F., .T. ) 
 B_SPLINE_CURVE_WITH_KNOTS ( ( 3, 2, 2, 2, 3 ),
 ( 0.3593750000000000000, 0.3671875000000000000, 0.3750000000000000000, 0.3828125000000000000, 0.3906250000000000000 ),
 .UNSPECIFIED. ) 
 CURVE ( )  GEOMETRIC_REPRESENTATION_ITEM ( )  RATIONAL_B_SPLINE_CURVE ( ( 1.000000000000000000, 0.9238795325112867385, 1.000000000000000000, 0.9238795325112867385, 1.000000000000000000, 0.9238795325112867385, 1.000000000000000000, 0.9238795325112867385, 1.000000000000000000 ) ) 
 REPRESENTATION_ITEM ( '' )  );
#2594 = CARTESIAN_POINT ( 'NONE',  ( -0.08838834764831837720, 0.08838834764831840496, 0.2625000000000000111 ) ) ;
#2595 = ORIENTED_EDGE ( 'NONE', *, *, #4462, .F. ) ;
#2596 = CARTESIAN_POINT ( 'NONE',  ( -0.05177669529663686543, -0.1249999999999997780, 0.7281250000000002442 ) ) ;
#2597 = CARTESIAN_POINT ( 'NONE',  ( -0.03832471526136870671, 0.09252404735808360259, 0.6781249999999999778 ) ) ;
#2598 = ORIENTED_EDGE ( 'NONE', *, *, #4831, .T. ) ;
#2599 = CARTESIAN_POINT ( 'NONE',  ( 0.06542438130972610955, 0.06542438130972606791, 0.1250000000000000000 ) ) ;
#2600 = LINE ( 'NONE', #4899, #2611 ) ;
#2601 = CARTESIAN_POINT ( 'NONE',  ( -0.1781249999999998668, -0.02331650778602190055, 0.7500000000000001110 ) ) ;
#2602 = EDGE_LOOP ( 'NONE', ( #2306, #1717, #4147, #1900 ) ) ;
#2603 = CARTESIAN_POINT ( 'NONE',  ( -0.1474649246647838086, -0.08496052921710316175, 1.000000000000000000 ) ) ;
#2604 = CARTESIAN_POINT ( 'NONE',  ( -0.03832471526136872753, -0.09252404735808347769, 0.2531250000000000444 ) ) ;
#2605 = CARTESIAN_POINT ( 'NONE',  ( -0.1249999999999999584, -0.05177669529663674747, 0.5718750000000002442 ) ) ;
#2606 = CARTESIAN_POINT ( 'NONE',  ( 0.1874999999999998335, 0.000000000000000000, 1.000000000000000000 ) ) ;
#2607 = CARTESIAN_POINT ( 'NONE',  ( 0.000000000000000000, 0.09252404735808354708, 0.4750000000000000333 ) ) ;
#2608 = CARTESIAN_POINT ( 'NONE',  ( -0.09252404735808350544, -0.03832471526136857487, 0.6468750000000000888 ) ) ;
#2609 = CARTESIAN_POINT ( 'NONE',  ( -0.06542438130972608179, -0.06542438130972601240, 0.3937499999999999889 ) ) ;
#2610 = ORIENTED_EDGE ( 'NONE', *, *, #3767, .F. ) ;
#2611 = VECTOR ( 'NONE', #2278, 39.37007874015748143 ) ;
#2612 = EDGE_CURVE ( 'NONE', #1352, #1134, #2240, .T. ) ;
#2613 = CARTESIAN_POINT ( 'NONE',  ( 0.09252404735808346381, 1.999893808844349080E-17, 0.3125000000000000000 ) ) ;
#2614 = AXIS2_PLACEMENT_3D ( 'NONE', #2795, #4337, #2449 ) ;
#2615 = CARTESIAN_POINT ( 'NONE',  ( 0.04788696316226351973, -0.09312906856558762769, 0.01692908565271125307 ) ) ;
#2616 = CARTESIAN_POINT ( 'NONE',  ( -0.09252404735808346381, -3.856285082592883482E-17, 0.03749999999999999861 ) ) ;
#2617 = CARTESIAN_POINT ( 'NONE',  ( -0.09442855861386120764, -0.1638349479016228127, 1.000000000000000000 ) ) ;
#2618 = EDGE_CURVE ( 'NONE', #1205, #1746, #512, .T. ) ;
#2619 = CIRCLE ( 'NONE', #4108, 0.1082531754730549772 ) ;
#2620 = CARTESIAN_POINT ( 'NONE',  ( -0.02208932314516314638, 0.1687499999999998446, 1.000000000000000000 ) ) ;
#2621 = CARTESIAN_POINT ( 'NONE',  ( -0.1249999999999999306, 1.351029765658530511E-16, 0.6187500000000000222 ) ) ;
#2622 = EDGE_LOOP ( 'NONE', ( #4507, #2254, #4895, #1236 ) ) ;
#2623 = CARTESIAN_POINT ( 'NONE',  ( -0.08838834764831839108, -0.08838834764831843271, 0.01875000000000002359 ) ) ;
#2624 = CARTESIAN_POINT ( 'NONE',  ( -0.09252404735808347769, 0.03832471526136886630, 0.6843749999999999556 ) ) ;
#2625 = CARTESIAN_POINT ( 'NONE',  ( -0.1249999999999999167, 0.05177669529663702502, 0.7593749999999999112 ) ) ;
#2626 = CARTESIAN_POINT ( 'NONE',  ( 0.06542438130972609567, -0.06542438130972612342, 0.1125000000000000305 ) ) ;
#2627 = CARTESIAN_POINT ( 'NONE',  ( 0.02773761118628479544, 0.1003055083499739542, 0.01634433860724238130 ) ) ;
#2628 = CARTESIAN_POINT ( 'NONE',  ( -0.1556432004982482298, -0.08970713070317512527, 0.7500000000000001110 ) ) ;
#2629 = CARTESIAN_POINT ( 'NONE',  ( 0.000000000000000000, 0.09252404735808347769, 0.2312499999999999833 ) ) ;
#2630 = CARTESIAN_POINT ( 'NONE',  ( 0.000000000000000000, 0.09252404735808360259, 0.6312499999999999778 ) ) ;
#2631 = CARTESIAN_POINT ( 'NONE',  ( 0.09442855863492283230, 0.1638349478928918246, 0.7500000000000001110 ) ) ;
#2632 = CARTESIAN_POINT ( 'NONE',  ( 0.09252404735808344993, 0.03832471526136882467, 0.5156250000000001110 ) ) ;
#2633 = CARTESIAN_POINT ( 'NONE',  ( -0.1249999999999999306, 6.126329965438092575E-17, 0.3687500000000000777 ) ) ;
#2634 = CARTESIAN_POINT ( 'NONE',  ( 0.09252404735808346381, 0.03832471526136888018, 0.6718750000000001110 ) ) ;
#2635 = CARTESIAN_POINT ( 'NONE',  ( 0.000000000000000000, 0.09252404735808351932, 0.3750000000000000555 ) ) ;
#2636 = B_SPLINE_CURVE_WITH_KNOTS ( 'NONE', 3,
 ( #2689, #1, #390, #3795, #440, #2348, #3816, #3769 ),
 .UNSPECIFIED., .F., .F.,
 ( 4, 2, 2, 4 ),
 ( 2.380745673509048492E-07, 0.001388728690853444645, 0.002082973998996491549, 0.002777219307139537369 ),
 .UNSPECIFIED. ) ;
#2637 = EDGE_CURVE ( 'NONE', #1432, #369, #771, .T. ) ;
#2638 = CARTESIAN_POINT ( 'NONE',  ( -0.09252404735808347769, 7.586947243741243540E-18, 0.1937500000000000056 ) ) ;
#2639 = DIRECTION ( 'NONE',  ( -1.000000000000000000, 0.000000000000000000, 0.000000000000000000 ) ) ;
#2640 = CARTESIAN_POINT ( 'NONE',  ( 0.09252404735808344993, -0.03832471526136879691, 0.05937500000000002498 ) ) ;
#2641 = DIRECTION ( 'NONE',  ( -0.8673144019880985045, 0.000000000000000000, 0.4977607137008978055 ) ) ;
#2642 = CARTESIAN_POINT ( 'NONE',  ( 0.1249999999999993477, -0.05177669529663744136, 0.2906249999999999667 ) ) ;
#2643 = CARTESIAN_POINT ( 'NONE',  ( 0.1249999999999999167, 0.05177669529663683767, 0.04687499999999998612 ) ) ;
#2644 =( NAMED_UNIT ( * ) PLANE_ANGLE_UNIT ( ) SI_UNIT ( $, .RADIAN. ) );
#2645 = CARTESIAN_POINT ( 'NONE',  ( -0.05177669529663685849, 0.1249999999999998612, 0.003124999999999959407 ) ) ;
#2646 = CARTESIAN_POINT ( 'NONE',  ( -0.09252404735808347769, 0.03832471526136887324, 0.7343750000000001110 ) ) ;
#2647 = CARTESIAN_POINT ( 'NONE',  ( 0.03832471526136877610, 0.09252404735808343605, 0.07812499999999997224 ) ) ;
#2648 = CARTESIAN_POINT ( 'NONE',  ( 0.05813865295804481609, 0.08423884326539682332, 0.01461953390235219870 ) ) ;
#2649 = DIRECTION ( 'NONE',  ( -0.000000000000000000, -0.000000000000000000, -1.000000000000000000 ) ) ;
#2650 = CARTESIAN_POINT ( 'NONE',  ( 0.08968195723112692974, 0.1556566722342546949, 0.7500000000000002220 ) ) ;
#2651 = CARTESIAN_POINT ( 'NONE',  ( -0.06542438130972610955, -0.06542438130972597077, 0.6000000000000000888 ) ) ;
#2652 = CARTESIAN_POINT ( 'NONE',  ( 0.1874999999999998335, 0.02454369240633530805, 0.7593750000000000222 ) ) ;
#2653 = CARTESIAN_POINT ( 'NONE',  ( 0.03832471526136876916, 0.09252404735808353320, 0.5718750000000001332 ) ) ;
#2654 = CARTESIAN_POINT ( 'NONE',  ( 0.1249999999999999306, 3.803109736684432660E-17, 0.3937500000000000444 ) ) ;
#2655 = CARTESIAN_POINT ( 'NONE',  ( -0.09252404735808346381, 0.03832471526136874140, 0.2843750000000000444 ) ) ;
#2656 = CARTESIAN_POINT ( 'NONE',  ( 0.03832471526136876916, 0.09252404735808351932, 0.3718750000000000666 ) ) ;
#2657 = CARTESIAN_POINT ( 'NONE',  ( 0.000000000000000000, 0.09252404735808357483, 0.4812500000000000111 ) ) ;
#2658 = CARTESIAN_POINT ( 'NONE',  ( -0.09252404735808350544, -0.03832471526136870671, 0.1968749999999999944 ) ) ;
#2659 = CARTESIAN_POINT ( 'NONE',  ( 0.1003483722808131140, -1.732768207433592939E-14, 0.7079826238996337340 ) ) ;
#2660 = CARTESIAN_POINT ( 'NONE',  ( -3.295631491865439644E-17, 0.1082531754730550605, 0.8828124999999998890 ) ) ;
#2661 = CARTESIAN_POINT ( 'NONE',  ( -0.06542438130972608179, -0.06542438130972612342, -0.006249999999999989071 ) ) ;
#2662 = CARTESIAN_POINT ( 'NONE',  ( 0.08495837654800192373, 0.1474597276623820508, 1.000000000000000222 ) ) ;
#2663 = CARTESIAN_POINT ( 'NONE',  ( 0.02738399902308187583, 0.1062578314950390207, 0.7132285023969534565 ) ) ;
#2664 =( BOUNDED_CURVE ( )  B_SPLINE_CURVE ( 2, ( #2621, #1436, #3302, #3325, #319, #2573, #4120, #712, #3350 ),
 .UNSPECIFIED., .F., .F. ) 
 B_SPLINE_CURVE_WITH_KNOTS ( ( 3, 2, 2, 2, 3 ),
 ( 0.8281250000000001110, 0.8359375000000001110, 0.8437500000000001110, 0.8515625000000001110, 0.8593750000000001110 ),
 .UNSPECIFIED. ) 
 CURVE ( )  GEOMETRIC_REPRESENTATION_ITEM ( )  RATIONAL_B_SPLINE_CURVE ( ( 0.9999999999999988898, 0.9238795325112878487, 1.000000000000000000, 0.9238795325112867385, 1.000000000000000000, 0.9238795325112867385, 1.000000000000000000, 0.9238795325112856283, 1.000000000000001110 ) ) 
 REPRESENTATION_ITEM ( '' )  );
#2665 = CARTESIAN_POINT ( 'NONE',  ( 0.1638349478164231598, 0.09442855881954359543, 0.9812499999999999556 ) ) ;
#2666 = FILL_AREA_STYLE ('',( #4194 ) ) ;
#2667 = CARTESIAN_POINT ( 'NONE',  ( 0.1249999999999999167, -8.118700702825745592E-18, 0.2375000000000000167 ) ) ;
#2668 = CARTESIAN_POINT ( 'NONE',  ( 0.06542438130972610955, 0.06542438130972623445, 0.7187500000000001110 ) ) ;
#2669 = ADVANCED_FACE ( 'NONE', ( #3032 ), #1127, .T. ) ;
#2670 = CARTESIAN_POINT ( 'NONE',  ( -0.09252404735808347769, -2.194892352084760199E-17, 0.09375000000000001388 ) ) ;
#2671 = CARTESIAN_POINT ( 'NONE',  ( 0.1499375328083512593, -0.1152275101366038862, 0.7593750000000000222 ) ) ;
#2672 = VERTEX_POINT ( 'NONE', #4232 ) ;
#2673 = CARTESIAN_POINT ( 'NONE',  ( 0.09252404735808347769, -0.03832471526136865814, 0.5656250000000001554 ) ) ;
#2674 = CARTESIAN_POINT ( 'NONE',  ( 0.1826198767988360949, 0.04907772850198706405, 0.7593750000000000222 ) ) ;
#2675 = CARTESIAN_POINT ( 'NONE',  ( -0.09252404735808347769, 0.03832471526136887324, 0.7343750000000001110 ) ) ;
#2676 = EDGE_LOOP ( 'NONE', ( #4860, #3154, #1328, #3628 ) ) ;
#2677 = CARTESIAN_POINT ( 'NONE',  ( -0.06542438130972610955, -0.06542438130972595689, 0.6500000000000000222 ) ) ;
#2678 = CARTESIAN_POINT ( 'NONE',  ( -0.03832471526136870671, 0.09252404735808356095, 0.5781250000000001110 ) ) ;
#2679 = EDGE_LOOP ( 'NONE', ( #1481, #1056, #3228, #4902 ) ) ;
#2680 = CARTESIAN_POINT ( 'NONE',  ( 0.09252404735808344993, 0.03832471526136878998, 0.4156250000000001332 ) ) ;
#2681 = CARTESIAN_POINT ( 'NONE',  ( -0.03832471526136872059, 0.09252404735808347769, 0.1343749999999999944 ) ) ;
#2682 = CARTESIAN_POINT ( 'NONE',  ( 0.09148493824647095651, -0.02913194127217864221, 0.008221910296186624514 ) ) ;
#2683 = CIRCLE ( 'NONE', #4811, 0.1082531754730549772 ) ;
#2684 = CARTESIAN_POINT ( 'NONE',  ( 0.03832471526136876916, 0.09252404735808344993, 0.2218749999999999611 ) ) ;
#2685 = CARTESIAN_POINT ( 'NONE',  ( -0.05177669529663687931, -0.1249999999999998612, 0.3718750000000001221 ) ) ;
#2686 = VECTOR ( 'NONE', #1331, 39.37007874015748143 ) ;
#2687 = CARTESIAN_POINT ( 'NONE',  ( -0.1148380633452308064, 0.03559171456578200804, 0.7192636600886934684 ) ) ;
#2688 = CARTESIAN_POINT ( 'NONE',  ( -0.02454369260617025872, 0.1874999999999998335, 0.9812500000000000666 ) ) ;
#2689 = CARTESIAN_POINT ( 'NONE',  ( -3.756290991288361679E-16, 0.1082531754730548801, 1.000000000000000000 ) ) ;
#2690 = AXIS2_PLACEMENT_3D ( 'NONE', #1599, #4599, #3045 ) ;
#2691 = CARTESIAN_POINT ( 'NONE',  ( -0.1249999999999999167, -4.395823994446684827E-17, 0.01249999999999999722 ) ) ;
#2692 = CARTESIAN_POINT ( 'NONE',  ( 0.1249999999999999167, 0.05177669529663683767, 0.04687499999999998612 ) ) ;
#2693 = CARTESIAN_POINT ( 'NONE',  ( 0.000000000000000000, 0.09252404735808343605, 0.03124999999999997571 ) ) ;
#2694 = COLOUR_RGB ( '',0.7921568627450980005, 0.8196078431372548767, 0.9333333333333333481 ) ;
#2695 = CARTESIAN_POINT ( 'NONE',  ( 0.1874999999999998335, -0.02454369240633526641, 0.7593750000000000222 ) ) ;
#2696 = ORIENTED_EDGE ( 'NONE', *, *, #93, .F. ) ;
#2697 = CARTESIAN_POINT ( 'NONE',  ( 0.000000000000000000, 0.1249999999999999445, 0.2999999999999999889 ) ) ;
#2698 = CARTESIAN_POINT ( 'NONE',  ( -0.03832471526136872753, -0.09252404735808333891, 0.7031250000000001110 ) ) ;
#2699 = CARTESIAN_POINT ( 'NONE',  ( -1.530808498934190276E-17, -0.1249999999999997641, 0.6750000000000000444 ) ) ;
#2700 = CARTESIAN_POINT ( 'NONE',  ( -0.09374999999999998612, -0.05412658773652782862, 1.000000000000000000 ) ) ;
#2701 = CARTESIAN_POINT ( 'NONE',  ( -0.09252404735808346381, 1.534203091438986911E-16, 0.6875000000000001110 ) ) ;
#2702 = DIRECTION ( 'NONE',  ( -0.000000000000000000, -0.000000000000000000, -1.000000000000000000 ) ) ;
#2703 = CARTESIAN_POINT ( 'NONE',  ( -0.03832471526136870671, 0.09252404735808351932, 0.4281250000000000333 ) ) ;
#2704 = ORIENTED_EDGE ( 'NONE', *, *, #2618, .T. ) ;
#2705 = CARTESIAN_POINT ( 'NONE',  ( -0.06542438130972608179, 0.06542438130972615118, 0.3812499999999999778 ) ) ;
#2706 = CARTESIAN_POINT ( 'NONE',  ( 0.03832471526136869977, -0.09252404735808340830, 0.5093750000000001332 ) ) ;
#2707 = CARTESIAN_POINT ( 'NONE',  ( 0.09252404735808347769, 0.03832471526136872059, 0.1218749999999999972 ) ) ;
#2708 = CARTESIAN_POINT ( 'NONE',  ( 0.000000000000000000, 0.1249999999999999445, 0.2999999999999999889 ) ) ;
#2709 = CARTESIAN_POINT ( 'NONE',  ( 0.08967980441429330984, -0.1556514748752156896, 0.7500000000000001110 ) ) ;
#2710 = CARTESIAN_POINT ( 'NONE',  ( -0.06542438130972608179, -0.06542438130972606791, 0.2437500000000000222 ) ) ;
#2711 = ORIENTED_EDGE ( 'NONE', *, *, #231, .F. ) ;
#2712 = CARTESIAN_POINT ( 'NONE',  ( -0.1299999999999999212, -5.530426628471140438E-17, 0.7250000000000000888 ) ) ;
#2713 = CARTESIAN_POINT ( 'NONE',  ( 0.000000000000000000, -5.530426628471140438E-17, 0.7250000000000000888 ) ) ;
#2714 = CARTESIAN_POINT ( 'NONE',  ( -0.03832471526136872059, 0.09252404735808353320, 0.4343750000000000111 ) ) ;
#2715 = CARTESIAN_POINT ( 'NONE',  ( 0.03832471526136876916, 0.09252404735808338054, 0.02187499999999998126 ) ) ;
#2716 = EDGE_CURVE ( 'NONE', #2319, #3719, #4260, .T. ) ;
#2717 = CARTESIAN_POINT ( 'NONE',  ( 0.08838834764831837720, -0.08838834764831843271, 0.08125000000000004441 ) ) ;
#2718 = CARTESIAN_POINT ( 'NONE',  ( 0.06542438130972609567, -0.06542438130972606791, 0.3625000000000000999 ) ) ;
#2719 = CARTESIAN_POINT ( 'NONE',  ( -0.03832471526136870671, 0.09252404735808361647, 0.7281250000000001332 ) ) ;
#2720 = ORIENTED_EDGE ( 'NONE', *, *, #93, .T. ) ;
#2721 = CARTESIAN_POINT ( 'NONE',  ( -0.09252404735808350544, 0.03832471526136870671, 0.1406250000000000000 ) ) ;
#2722 = CARTESIAN_POINT ( 'NONE',  ( -0.03832471526136872753, -0.09252404735808344993, 0.3031250000000000333 ) ) ;
#2723 = CARTESIAN_POINT ( 'NONE',  ( 0.1249999999999999167, 9.525684697323524071E-17, 0.5875000000000001332 ) ) ;
#2724 = DIRECTION ( 'NONE',  ( 0.8660254037844388186, -0.4999999999999995559, 0.000000000000000000 ) ) ;
#2725 = EDGE_LOOP ( 'NONE', ( #931, #4035, #4469, #1526 ) ) ;
#2726 =( BOUNDED_CURVE ( )  B_SPLINE_CURVE ( 2, ( #979, #2234, #2954, #704, #2131, #1733, #311, #3251, #1007 ),
 .UNSPECIFIED., .F., .F. ) 
 B_SPLINE_CURVE_WITH_KNOTS ( ( 3, 2, 2, 2, 3 ),
 ( 0.8593750000000001110, 0.8671875000000001110, 0.8750000000000001110, 0.8828125000000001110, 0.8906250000000001110 ),
 .UNSPECIFIED. ) 
 CURVE ( )  GEOMETRIC_REPRESENTATION_ITEM ( )  RATIONAL_B_SPLINE_CURVE ( ( 0.9999999999999988898, 0.9238795325112878487, 1.000000000000000000, 0.9238795325112867385, 1.000000000000000000, 0.9238795325112867385, 1.000000000000000000, 0.9238795325112856283, 1.000000000000001110 ) ) 
 REPRESENTATION_ITEM ( '' )  );
#2727 = CARTESIAN_POINT ( 'NONE',  ( 0.08838834764831839108, 0.08838834764831839108, 0.2937500000000000111 ) ) ;
#2728 = CARTESIAN_POINT ( 'NONE',  ( 0.000000000000000000, 0.1249999999999999306, 0.2500000000000000000 ) ) ;
#2729 = CARTESIAN_POINT ( 'NONE',  ( 0.02454369240633502008, -0.1874999999999998890, 0.7593750000000000222 ) ) ;
#2730 = CARTESIAN_POINT ( 'NONE',  ( -0.04907772852307637490, 0.1826198767900997222, 1.000000000000000000 ) ) ;
#2731 = CARTESIAN_POINT ( 'NONE',  ( -0.09375000000000020817, -0.009137588047027158517, 0.8744390877365275649 ) ) ;
#2732 = CARTESIAN_POINT ( 'NONE',  ( -0.1249999999999999445, -0.05177669529663674747, 0.5718750000000001332 ) ) ;
#2733 = CARTESIAN_POINT ( 'NONE',  ( 0.03832471526136869283, -0.09252404735808338054, 0.5031250000000000444 ) ) ;
#2734 = EDGE_CURVE ( 'NONE', #3896, #3817, #4203, .T. ) ;
#2735 = CARTESIAN_POINT ( 'NONE',  ( -0.06542438130972609567, 0.06542438130972608179, 0.1374999999999999833 ) ) ;
#2736 = CARTESIAN_POINT ( 'NONE',  ( -0.08838834764831837720, 0.08838834764831847435, 0.4562499999999999889 ) ) ;
#2737 = CARTESIAN_POINT ( 'NONE',  ( -0.1769805287752192480, -0.02324814925741538682, 0.7500000000000001110 ) ) ;
#2738 = CARTESIAN_POINT ( 'NONE',  ( 0.06542438130972608179, -0.06542438130972610955, 0.1562500000000000000 ) ) ;
#2739 = CARTESIAN_POINT ( 'NONE',  ( 0.1037268387248864721, 0.1349256775390685892, 1.000000000000000222 ) ) ;
#2740 = CARTESIAN_POINT ( 'NONE',  ( -0.09374999999999998612, -0.05412658773652766209, 0.8828124999999998890 ) ) ;
#2741 = CARTESIAN_POINT ( 'NONE',  ( 0.03832471526136869977, -0.09252404735808344993, 0.3593750000000001110 ) ) ;
#2742 = CARTESIAN_POINT ( 'NONE',  ( -0.09442855881954359543, 0.1638349478164231876, 0.9812500000000000666 ) ) ;
#2743 = CARTESIAN_POINT ( 'NONE',  ( -0.08838834764831837720, 0.08838834764831847435, 0.4624999999999999667 ) ) ;
#2744 = CARTESIAN_POINT ( 'NONE',  ( 0.06542438130972610955, 0.06542438130972612342, 0.3250000000000000111 ) ) ;
#2745 = ORIENTED_EDGE ( 'NONE', *, *, #956, .F. ) ;
#2746 = CARTESIAN_POINT ( 'NONE',  ( 0.1249999999999999167, 8.048891159094080331E-17, 0.5375000000000000888 ) ) ;
#2747 = CARTESIAN_POINT ( 'NONE',  ( -1.530808498934190893E-17, -0.1250000000000000000, -0.01874999999999996808 ) ) ;
#2748 = VERTEX_POINT ( 'NONE', #1501 ) ;
#2749 = CARTESIAN_POINT ( 'NONE',  ( 0.03832471526136869977, -0.09252404735808351932, 0.2093750000000000611 ) ) ;
#2750 = CARTESIAN_POINT ( 'NONE',  ( -0.08838834764831839108, -0.08838834764831821067, 0.7687500000000000444 ) ) ;
#2751 = ADVANCED_BREP_SHAPE_REPRESENTATION ( '92196A540_18-8 Stainless Steel Socket Head Screw_92196A540', ( #4650, #1410 ), #3943 ) ;
#2752 = CARTESIAN_POINT ( 'NONE',  ( -0.08838834764831837720, 0.08838834764831844659, 0.3562500000000000666 ) ) ;
#2753 = ORIENTED_EDGE ( 'NONE', *, *, #3559, .T. ) ;
#2754 = CARTESIAN_POINT ( 'NONE',  ( 0.08838834764831837720, -0.08838834764831839108, 0.1812500000000000500 ) ) ;
#2755 = CARTESIAN_POINT ( 'NONE',  ( -0.04907772850198800774, -0.1826198767988399252, 0.7500000000000001110 ) ) ;
#2756 = CARTESIAN_POINT ( 'NONE',  ( -0.1487499999999999101, -5.530426628471140438E-17, 0.7500000000000001110 ) ) ;
#2757 = CARTESIAN_POINT ( 'NONE',  ( -1.133092784412350307E-17, -0.09252404735808335279, 0.5999999999999999778 ) ) ;
#2758 =( BOUNDED_SURFACE ( )  B_SPLINE_SURFACE ( 2, 3, ( 
 ( #2951, #2174, #4056, #308, #627, #4134, #4027, #1447, #1854, #4453, #2229, #3675, #2977, #4829, #3729, #1803, #261, #282, #4879, #2154, #3704, #3756, #1472, #1829, #1423, #3003, #4803, #2584, #4080, #699, #4478, #2907, #1051, #4504 ),
 ( #3650, #672, #2200, #3336, #1077, #1375, #4406, #1030, #724, #4107, #1778, #2631, #4433, #330, #1103, #2257, #1004, #353, #1879, #3383, #3293, #1397, #2930, #2563, #3406, #4202, #2755, #449, #1906, #4528, #3781, #1601, #11, #4250 ),
 ( #1145, #3114, #1522, #817, #4626, #1573, #3047, #1500, #1124, #400, #2286, #3091, #747, #4548, #65, #2674, #2652, #1200, #2383, #2358, #846, #4157, #790, #1929, #2729, #2005, #3878, #378, #1224, #4181, #470, #4574, #767, #1949 ) ),
 .UNSPECIFIED., .F., .T., .T. ) 
 B_SPLINE_SURFACE_WITH_KNOTS ( ( 3, 3 ),
 ( 4, 2, 2, 2, 2, 2, 2, 2, 2, 2, 2, 2, 2, 2, 2, 2, 4 ),
 ( 0.000000000000000000, 1.000000000000000000 ),
 ( 0.000000000000000000, 0.3926990816987241395, 0.7853981633974482790, 1.178097245096172418, 1.570796326794896558, 1.963495408493620697, 2.356194490192344837, 2.748893571891068976, 3.141592653589793116, 3.534291735288517255, 3.926990816987241395, 4.319689898685965090, 4.712388980384689674, 5.105088062083414258, 5.497787143782137953, 5.890486225480861648, 6.283185307179586232 ),
 .UNSPECIFIED. ) 
 GEOMETRIC_REPRESENTATION_ITEM ( )  RATIONAL_B_SPLINE_SURFACE ( (
 ( 1.000000000000000000, 1.000000000000000000, 1.000000000000000000, 1.000000000000000000, 1.000000000000000000, 1.000000000000000000, 1.000000000000000000, 1.000000000000000000, 1.000000000000000000, 1.000000000000000000, 1.000000000000000000, 1.000000000000000000, 1.000000000000000000, 1.000000000000000000, 1.000000000000000000, 1.000000000000000000, 1.000000000000000000, 1.000000000000000000, 1.000000000000000000, 1.000000000000000000, 1.000000000000000000, 1.000000000000000000, 1.000000000000000000, 1.000000000000000000, 1.000000000000000000, 1.000000000000000000, 1.000000000000000000, 1.000000000000000000, 1.000000000000000000, 1.000000000000000000, 1.000000000000000000, 1.000000000000000000, 1.000000000000000000, 1.000000000000000000),
 ( 0.3333333333333334259, 0.3333333333333334259, 0.3333333333333334259, 0.3333333333333334259, 0.3333333333333334259, 0.3333333333333334259, 0.3333333333333334259, 0.3333333333333334259, 0.3333333333333334259, 0.3333333333333334259, 0.3333333333333334259, 0.3333333333333334259, 0.3333333333333334259, 0.3333333333333334259, 0.3333333333333334259, 0.3333333333333334259, 0.3333333333333334259, 0.3333333333333334259, 0.3333333333333334259, 0.3333333333333334259, 0.3333333333333334259, 0.3333333333333334259, 0.3333333333333334259, 0.3333333333333334259, 0.3333333333333334259, 0.3333333333333334259, 0.3333333333333334259, 0.3333333333333334259, 0.3333333333333333148, 0.3333333333333333148, 0.3333333333333334259, 0.3333333333333334259, 0.3333333333333334259, 0.3333333333333334259),
 ( 1.000000000000000000, 1.000000000000000000, 1.000000000000000000, 1.000000000000000000, 1.000000000000000000, 1.000000000000000000, 1.000000000000000000, 1.000000000000000000, 1.000000000000000000, 1.000000000000000000, 1.000000000000000000, 1.000000000000000000, 1.000000000000000000, 1.000000000000000000, 1.000000000000000000, 1.000000000000000000, 1.000000000000000000, 1.000000000000000000, 1.000000000000000000, 1.000000000000000000, 1.000000000000000000, 1.000000000000000000, 1.000000000000000000, 1.000000000000000000, 1.000000000000000000, 1.000000000000000000, 1.000000000000000000, 1.000000000000000000, 1.000000000000000000, 1.000000000000000000, 1.000000000000000000, 1.000000000000000000, 1.000000000000000000, 1.000000000000000000) ) ) 
 REPRESENTATION_ITEM ( '' )  SURFACE ( )  );
#2759 = ORIENTED_EDGE ( 'NONE', *, *, #4324, .T. ) ;
#2760 = B_SPLINE_CURVE_WITH_KNOTS ( 'NONE', 3,
 ( #3403, #7, #1517, #513, #180, #3135, #2453, #1293, #3594, #3572, #1340, #1315, #3968, #1643, #4720, #200, #537, #2801 ),
 .UNSPECIFIED., .F., .F.,
 ( 4, 2, 2, 2, 2, 2, 2, 2, 4 ),
 ( 0.5000000000000000000, 0.5625000000000000000, 0.6250000000000000000, 0.6875000000000000000, 0.7500000000000000000, 0.8125000000000000000, 0.8750000000000000000, 0.9375000000000000000, 1.000000000000000000 ),
 .UNSPECIFIED. ) ;
#2761 = CARTESIAN_POINT ( 'NONE',  ( 0.03832471526136877610, 0.09252404735808354708, 0.5281249999999999556 ) ) ;
#2762 = CARTESIAN_POINT ( 'NONE',  ( 0.05177669529663683073, -0.1249999999999999167, 0.3343750000000000333 ) ) ;
#2763 = DIRECTION ( 'NONE',  ( -1.000000000000000000, 0.000000000000000000, 0.000000000000000000 ) ) ;
#2764 = CARTESIAN_POINT ( 'NONE',  ( 0.09252404735808344993, -0.03832471526136876916, 0.1593750000000000167 ) ) ;
#2765 = CARTESIAN_POINT ( 'NONE',  ( 0.06542438130972608179, -0.06542438130972613730, 0.05625000000000001527 ) ) ;
#2766 = CARTESIAN_POINT ( 'NONE',  ( -0.03748965601781366341, 0.1073990463217665975, 0.7155410334347878099 ) ) ;
#2767 = CARTESIAN_POINT ( 'NONE',  ( -0.06542438130972609567, 0.06542438130972613730, 0.2874999999999999778 ) ) ;
#2768 = CARTESIAN_POINT ( 'NONE',  ( -0.08838834764831837720, 0.08838834764831850210, 0.5625000000000000000 ) ) ;
#2769 = ADVANCED_FACE ( 'NONE', ( #2334 ), #3827, .T. ) ;
#2770 = CARTESIAN_POINT ( 'NONE',  ( -0.06542438130972608179, 0.06542438130972608179, 0.1812500000000000222 ) ) ;
#2771 = ORIENTED_EDGE ( 'NONE', *, *, #4697, .F. ) ;
#2772 = AXIS2_PLACEMENT_3D ( 'NONE', #4163, #4114, #4280 ) ;
#2773 = CARTESIAN_POINT ( 'NONE',  ( 0.08838834764831840496, 0.08838834764831837720, 0.1999999999999999833 ) ) ;
#2774 = ORIENTED_EDGE ( 'NONE', *, *, #4476, .T. ) ;
#2775 = CARTESIAN_POINT ( 'NONE',  ( 0.06542438130972609567, -0.06542438130972608179, 0.3125000000000000555 ) ) ;
#2776 = AXIS2_PLACEMENT_3D ( 'NONE', #3689, #4092, #4490 ) ;
#2777 = DIRECTION ( 'NONE',  ( 0.000000000000000000, 0.000000000000000000, 1.000000000000000000 ) ) ;
#2778 = VECTOR ( 'NONE', #4437, 39.37007874015748143 ) ;
#2779 = CARTESIAN_POINT ( 'NONE',  ( 0.08838834764831837720, -0.08838834764831837720, 0.2312500000000000666 ) ) ;
#2780 = CARTESIAN_POINT ( 'NONE',  ( 0.03832471526136877610, 0.09252404735808364422, 0.7781250000000000666 ) ) ;
#2781 = CARTESIAN_POINT ( 'NONE',  ( -0.1249999999999999167, 1.627928554076551212E-16, 0.7125000000000001332 ) ) ;
#2782 = CARTESIAN_POINT ( 'NONE',  ( 0.09442855861383935012, 0.1638349479016325549, 1.000000000000000000 ) ) ;
#2783 = VECTOR ( 'NONE', #2217, 39.37007874015748854 ) ;
#2784 = DIRECTION ( 'NONE',  ( -0.000000000000000000, -0.000000000000000000, -1.000000000000000000 ) ) ;
#2785 = CARTESIAN_POINT ( 'NONE',  ( -0.09252404735808346381, 0.03832471526136880385, 0.4843750000000000000 ) ) ;
#2786 = ORIENTED_EDGE ( 'NONE', *, *, #1068, .F. ) ;
#2787 = CARTESIAN_POINT ( 'NONE',  ( 0.1349256775391080854, -0.1037268387248469204, 1.000000000000000222 ) ) ;
#2788 = CARTESIAN_POINT ( 'NONE',  ( -0.05177669529663686543, 0.1249999999999999861, 0.3593750000000001110 ) ) ;
#2789 = CARTESIAN_POINT ( 'NONE',  ( 0.1249999999999999167, 6.649234679468681023E-18, 0.2875000000000000333 ) ) ;
#2790 = CARTESIAN_POINT ( 'NONE',  ( -0.09374999999999998612, 0.04537804082471875999, 0.9974745120427244149 ) ) ;
#2791 = CARTESIAN_POINT ( 'NONE',  ( -0.03832471526136870671, 0.09252404735808343605, 0.07812499999999997224 ) ) ;
#2792 = CARTESIAN_POINT ( 'NONE',  ( 0.000000000000000000, 0.09252404735808343605, 0.07499999999999998335 ) ) ;
#2793 = CARTESIAN_POINT ( 'NONE',  ( -0.1052975993322171899, 0.05528385111729343382, 0.7185186593159930135 ) ) ;
#2794 = CARTESIAN_POINT ( 'NONE',  ( -0.03832471526136872059, 0.09252404735808351932, 0.2843749999999999889 ) ) ;
#2795 = CARTESIAN_POINT ( 'NONE',  ( 0.000000000000000000, 7.549139889267777477E-20, 0.000000000000000000 ) ) ;
#2796 = CARTESIAN_POINT ( 'NONE',  ( -0.09252404735808346381, -3.856285082592883482E-17, 0.03749999999999999861 ) ) ;
#2797 = CARTESIAN_POINT ( 'NONE',  ( -0.08838834764831837720, 0.08838834764831839108, 0.2124999999999999944 ) ) ;
#2798 = ORIENTED_EDGE ( 'NONE', *, *, #3440, .T. ) ;
#2799 = CARTESIAN_POINT ( 'NONE',  ( -0.09252404735808347769, 2.235488262603567632E-17, 0.2437500000000000222 ) ) ;
#2800 = EDGE_CURVE ( 'NONE', #2269, #1126, #1244, .T. ) ;
#2801 = CARTESIAN_POINT ( 'NONE',  ( -0.1874999999999998335, -2.288663608512017529E-17, 0.7593750000000000222 ) ) ;
#2802 = ORIENTED_EDGE ( 'NONE', *, *, #3474, .T. ) ;
#2803 = CARTESIAN_POINT ( 'NONE',  ( -0.09252404735808347769, 0.03832471526136879691, 0.4843750000000000000 ) ) ;
#2804 = CARTESIAN_POINT ( 'NONE',  ( -1.530808498934190276E-17, -0.1249999999999998335, 0.4750000000000000333 ) ) ;
#2805 = CARTESIAN_POINT ( 'NONE',  ( 0.000000000000000000, 0.1250000000000000833, 0.7062500000000000444 ) ) ;
#2806 = CARTESIAN_POINT ( 'NONE',  ( 0.000000000000000000, -5.530426628471140438E-17, 1.117695526217004520 ) ) ;
#2807 = CARTESIAN_POINT ( 'NONE',  ( -0.05177669529663685849, 0.1250000000000000000, 0.4031249999999999556 ) ) ;
#2808 = DIRECTION ( 'NONE',  ( -0.000000000000000000, -0.000000000000000000, 1.000000000000000000 ) ) ;
#2809 = DIRECTION ( 'NONE',  ( 1.000000000000000000, 0.000000000000000000, 0.000000000000000000 ) ) ;
#2810 = EDGE_LOOP ( 'NONE', ( #1538, #4733, #2115, #1496 ) ) ;
#2811 = CARTESIAN_POINT ( 'NONE',  ( 0.09252404735808347769, -7.690940753358554677E-18, 0.2187500000000000278 ) ) ;
#2812 = CARTESIAN_POINT ( 'NONE',  ( 0.1249999999999998890, -0.05177669529663686543, 0.3906250000000000555 ) ) ;
#2813 = CARTESIAN_POINT ( 'NONE',  ( -0.02011121746998007290, -0.1190959018181659418, 0.03272086096849786269 ) ) ;
#2814 = CARTESIAN_POINT ( 'NONE',  ( 0.08113217237799495718, -0.04902654045406365513, 0.007003712502812618410 ) ) ;
#2815 = CARTESIAN_POINT ( 'NONE',  ( 0.03832471526136876916, 0.09252404735808347769, 0.2718749999999999778 ) ) ;
#2816 = CARTESIAN_POINT ( 'NONE',  ( 0.03832471526136876916, 0.09252404735808340830, 0.02187499999999997780 ) ) ;
#2817 = CARTESIAN_POINT ( 'NONE',  ( 0.05177669529663682380, -0.1249999999999998612, 0.4781250000000001332 ) ) ;
#2818 = CARTESIAN_POINT ( 'NONE',  ( -0.06542438130972610955, -0.06542438130972601240, 0.4500000000000000666 ) ) ;
#2819 = CARTESIAN_POINT ( 'NONE',  ( -0.02208932314518405673, -0.1687499999999998446, 1.000000000000000000 ) ) ;
#2820 = CARTESIAN_POINT ( 'NONE',  ( 0.06542438130972610955, 0.06542438130972604016, 0.06874999999999997780 ) ) ;
#2821 = CARTESIAN_POINT ( 'NONE',  ( 0.1249999999999999306, -6.272708780038936294E-18, 0.2437500000000000222 ) ) ;
#2822 = CARTESIAN_POINT ( 'NONE',  ( 0.06542438130972610955, 0.06542438130972619281, 0.5750000000000000666 ) ) ;
#2823 = DIRECTION ( 'NONE',  ( 1.000000000000000000, 0.000000000000000000, 0.000000000000000000 ) ) ;
#2824 = CARTESIAN_POINT ( 'NONE',  ( -0.1249999999999999167, 1.184890492607718090E-16, 0.5625000000000001110 ) ) ;
#2825 = EDGE_CURVE ( 'NONE', #1217, #1820, #4614, .T. ) ;
#2826 = EDGE_LOOP ( 'NONE', ( #2023, #1105, #2312, #4480 ) ) ;
#2827 = CARTESIAN_POINT ( 'NONE',  ( -0.05177669529663685849, 0.1249999999999999861, 0.3531249999999999667 ) ) ;
#2828 = CARTESIAN_POINT ( 'NONE',  ( -0.04419943486702331004, -0.1169248047141226154, 0.7221304482402233216 ) ) ;
#2829 = FACE_OUTER_BOUND ( 'NONE', #2725, .T. ) ;
#2830 =( BOUNDED_CURVE ( )  B_SPLINE_CURVE ( 2, ( #2149, #1753, #187, #3269, #4753, #258, #2487, #949, #3165 ),
 .UNSPECIFIED., .F., .F. ) 
 B_SPLINE_CURVE_WITH_KNOTS ( ( 3, 2, 2, 2, 3 ),
 ( 0.2968750000000000000, 0.3046875000000000000, 0.3125000000000000000, 0.3203125000000000000, 0.3281250000000000000 ),
 .UNSPECIFIED. ) 
 CURVE ( )  GEOMETRIC_REPRESENTATION_ITEM ( )  RATIONAL_B_SPLINE_CURVE ( ( 1.000000000000000000, 0.9238795325112867385, 1.000000000000000000, 0.9238795325112867385, 1.000000000000000000, 0.9238795325112867385, 1.000000000000000000, 0.9238795325112867385, 1.000000000000000000 ) ) 
 REPRESENTATION_ITEM ( '' )  );
#2831 = CARTESIAN_POINT ( 'NONE',  ( -0.1249999999999999167, 8.895317849618297123E-17, 0.4625000000000000777 ) ) ;
#2832 = EDGE_CURVE ( 'NONE', #1487, #1586, #623, .T. ) ;
#2833 = CARTESIAN_POINT ( 'NONE',  ( -0.04419943486702331004, -0.1169248047141226154, 0.7221304482402233216 ) ) ;
#2834 = ORIENTED_EDGE ( 'NONE', *, *, #833, .F. ) ;
#2835 = VERTEX_POINT ( 'NONE', #1703 ) ;
#2836 = CARTESIAN_POINT ( 'NONE',  ( 0.09252404735808347769, -6.676268228253625189E-17, 0.01874999999999999584 ) ) ;
#2837 = CARTESIAN_POINT ( 'NONE',  ( -0.04771488814516890165, -0.1091221369182808348, 0.03145590063068599146 ) ) ;
#2838 = DIRECTION ( 'NONE',  ( 0.000000000000000000, 0.000000000000000000, 1.000000000000000000 ) ) ;
#2839 = CARTESIAN_POINT ( 'NONE',  ( 0.06542438130972608179, -0.06542438130972606791, 0.3062500000000000222 ) ) ;
#2840 = CARTESIAN_POINT ( 'NONE',  ( -1.530808498934190276E-17, -0.1249999999999998057, 0.5250000000000001332 ) ) ;
#2841 = CARTESIAN_POINT ( 'NONE',  ( -0.09442855881954363706, -0.1638349478164231876, 0.9812500000000001776 ) ) ;
#2842 = CARTESIAN_POINT ( 'NONE',  ( -0.06542438130972610955, -0.06542438130972599852, 0.5000000000000001110 ) ) ;
#2843 = CARTESIAN_POINT ( 'NONE',  ( 0.1249999999999999306, 8.233490351372762031E-17, 0.5437500000000000666 ) ) ;
#2844 = CARTESIAN_POINT ( 'NONE',  ( 0.000000000000000000, 0.09252404735808344993, 0.1249999999999999584 ) ) ;
#2845 = ORIENTED_EDGE ( 'NONE', *, *, #3276, .F. ) ;
#2846 = CARTESIAN_POINT ( 'NONE',  ( -0.05177669529663686543, -0.1249999999999999167, 0.2281250000000000777 ) ) ;
#2847 = DIRECTION ( 'NONE',  ( 1.000000000000000000, -0.000000000000000000, 0.000000000000000000 ) ) ;
#2848 = CARTESIAN_POINT ( 'NONE',  ( -0.1249999999999999167, 5.941730773159412108E-17, 0.3625000000000000444 ) ) ;
#2849 = CARTESIAN_POINT ( 'NONE',  ( -0.03832471526136872753, -0.09252404735808353320, 0.003125000000000024026 ) ) ;
#2850 = DIRECTION ( 'NONE',  ( -0.000000000000000000, -0.000000000000000000, -1.000000000000000000 ) ) ;
#2851 = CARTESIAN_POINT ( 'NONE',  ( -0.1781249999999998668, 0.02331650778602187626, 0.7500000000000001110 ) ) ;
#2852 = CARTESIAN_POINT ( 'NONE',  ( -0.09252404735808346381, -0.03832471526136857487, 0.6406250000000001110 ) ) ;
#2853 = ORIENTED_EDGE ( 'NONE', *, *, #2036, .F. ) ;
#2854 = CARTESIAN_POINT ( 'NONE',  ( -0.1249999999999999306, 9.079917041896977590E-17, 0.4687500000000001110 ) ) ;
#2855 = CARTESIAN_POINT ( 'NONE',  ( 0.05177669529663683073, -0.1249999999999999167, 0.3843750000000000222 ) ) ;
#2856 = AXIS2_PLACEMENT_3D ( 'NONE', #1277, #2463, #2809 ) ;
#2857 = CARTESIAN_POINT ( 'NONE',  ( 0.1249999999999999306, 9.710283889602203306E-17, 0.5937500000000001110 ) ) ;
#2858 = CARTESIAN_POINT ( 'NONE',  ( 0.09375000000000020817, 2.561107471552864931E-17, 0.8744390877365274539 ) ) ;
#2859 = CARTESIAN_POINT ( 'NONE',  ( -0.09252404735808346381, 3.527682608554327823E-17, 0.2875000000000000333 ) ) ;
#2860 = ORIENTED_EDGE ( 'NONE', *, *, #3635, .F. ) ;
#2861 = CARTESIAN_POINT ( 'NONE',  ( -0.1249999999999999445, -0.05177669529663683767, 0.2218750000000000444 ) ) ;
#2862 = CARTESIAN_POINT ( 'NONE',  ( 0.1249999999999998751, -0.05177669529663683073, 0.4843750000000000555 ) ) ;
#2863 = B_SPLINE_CURVE_WITH_KNOTS ( 'NONE', 3,
 ( #566, #185, #1698, #3996, #1344, #4724, #1771, #2146, #256, #590, #4348, #2875, #2900, #207, #3288, #4795, #997, #923 ),
 .UNSPECIFIED., .F., .F.,
 ( 4, 2, 2, 2, 2, 2, 2, 2, 4 ),
 ( 0.000000000000000000, 0.06250000000000002776, 0.1250000000000000555, 0.1875000000000000833, 0.2500000000000000555, 0.3125000000000000555, 0.3750000000000000555, 0.4375000000000000555, 0.5000000000000000000 ),
 .UNSPECIFIED. ) ;
#2864 = CARTESIAN_POINT ( 'NONE',  ( 0.000000000000000000, 0.09252404735808358871, 0.5812499999999999334 ) ) ;
#2865 = CARTESIAN_POINT ( 'NONE',  ( -0.1249999999999999306, 1.055671058012641886E-16, 0.5187500000000001554 ) ) ;
#2866 = VERTEX_POINT ( 'NONE', #2854 ) ;
#2867 = CARTESIAN_POINT ( 'NONE',  ( 0.08838834764831837720, -0.08838834764831844659, 0.08750000000000003608 ) ) ;
#2868 = CARTESIAN_POINT ( 'NONE',  ( 0.09252404735808347769, 9.568460692270243625E-17, 0.5687500000000000888 ) ) ;
#2869 = CARTESIAN_POINT ( 'NONE',  ( -0.06542438130972610955, -0.06542438130972604016, 0.3500000000000000888 ) ) ;
#2870 = EDGE_CURVE ( 'NONE', #4465, #2389, #3341, .T. ) ;
#2871 = CYLINDRICAL_SURFACE ( 'NONE', #1255, 0.1249999999999999029 ) ;
#2872 = CARTESIAN_POINT ( 'NONE',  ( 0.05177669529663682380, -0.1249999999999998473, 0.5281250000000000666 ) ) ;
#2873 = CARTESIAN_POINT ( 'NONE',  ( 0.1249999999999999167, 1.395606531201185283E-16, 0.7375000000000001554 ) ) ;
#2874 = CARTESIAN_POINT ( 'NONE',  ( 0.09252404735808347769, -6.676268228253625189E-17, 0.01874999999999999584 ) ) ;
#2875 = CARTESIAN_POINT ( 'NONE',  ( 0.09442855881954366482, -0.1638349478164231876, 0.7593750000000001332 ) ) ;
#2876 = CARTESIAN_POINT ( 'NONE',  ( 0.03899397011127248708, 0.08573999633253968911, 0.8744332643691722362 ) ) ;
#2877 = CARTESIAN_POINT ( 'NONE',  ( 0.03832471526136869283, -0.09252404735808335279, 0.6531250000000000666 ) ) ;
#2878 = CARTESIAN_POINT ( 'NONE',  ( 0.05177669529663683073, -0.1249999999999998751, 0.4843750000000000555 ) ) ;
#2879 = CARTESIAN_POINT ( 'NONE',  ( 0.09252404735808347769, 0.03832471526136881773, 0.4218749999999999445 ) ) ;
#2880 = CARTESIAN_POINT ( 'NONE',  ( 0.000000000000000000, 0.1250000000000000555, 0.6062499999999999556 ) ) ;
#2881 = DIRECTION ( 'NONE',  ( -1.000000000000000000, -1.224646799147351482E-16, 0.000000000000000000 ) ) ;
#2882 = CARTESIAN_POINT ( 'NONE',  ( -0.09252404735808347769, 0.03832471526136876222, 0.3343750000000000333 ) ) ;
#2883 = VERTEX_POINT ( 'NONE', #934 ) ;
#2884 = EDGE_CURVE ( 'NONE', #1120, #1079, #1807, .T. ) ;
#2885 = CARTESIAN_POINT ( 'NONE',  ( -0.09252404735808347769, -0.03832471526136869283, 0.2406250000000000056 ) ) ;
#2886 =( BOUNDED_CURVE ( )  B_SPLINE_CURVE ( 2, ( #4864, #3367, #1783, #2956, #3393, #3296, #1036, #1455, #656 ),
 .UNSPECIFIED., .F., .T. ) 
 B_SPLINE_CURVE_WITH_KNOTS ( ( 3, 2, 2, 2, 3 ),
 ( 0.1093750000000000000, 0.1171875000000000000, 0.1250000000000000000, 0.1328125000000000000, 0.1406250000000000000 ),
 .UNSPECIFIED. ) 
 CURVE ( )  GEOMETRIC_REPRESENTATION_ITEM ( )  RATIONAL_B_SPLINE_CURVE ( ( 1.000000000000000000, 0.9238795325112867385, 1.000000000000000000, 0.9238795325112867385, 1.000000000000000000, 0.9238795325112867385, 1.000000000000000000, 0.9238795325112867385, 1.000000000000000000 ) ) 
 REPRESENTATION_ITEM ( '' )  );
#2887 = LINE ( 'NONE', #1761, #851 ) ;
#2888 = CARTESIAN_POINT ( 'NONE',  ( -1.530808498934190893E-17, -0.1249999999999998612, 0.4312500000000000777 ) ) ;
#2889 = CARTESIAN_POINT ( 'NONE',  ( 0.09252404735808347769, 1.104525423049968367E-16, 0.6187500000000000222 ) ) ;
#2890 = CARTESIAN_POINT ( 'NONE',  ( 0.1874999999999998612, -0.02454369238351224169, 1.000000000000000000 ) ) ;
#2891 = CARTESIAN_POINT ( 'NONE',  ( 0.04907772852309313233, -0.1826198767900997222, 1.000000000000000000 ) ) ;
#2892 = CARTESIAN_POINT ( 'NONE',  ( -0.09252404735808350544, 0.03832471526136883855, 0.5906249999999999556 ) ) ;
#2893 = CARTESIAN_POINT ( 'NONE',  ( 0.06542438130972609567, -0.06542438130972606791, 0.3625000000000000999 ) ) ;
#2894 = CARTESIAN_POINT ( 'NONE',  ( -0.01455762488768123399, -0.09137163070204255833, 0.005024047358083626354 ) ) ;
#2895 = CARTESIAN_POINT ( 'NONE',  ( -0.05177669529663687931, 0.1249999999999999445, 0.1593749999999999611 ) ) ;
#2896 = ORIENTED_EDGE ( 'NONE', *, *, #1319, .F. ) ;
#2897 = CARTESIAN_POINT ( 'NONE',  ( 0.000000000000000000, 0.1250000000000001110, 0.7562499999999999778 ) ) ;
#2898 = CARTESIAN_POINT ( 'NONE',  ( 0.1249999999999999167, 3.618510544405751576E-17, 0.3875000000000000111 ) ) ;
#2899 = CARTESIAN_POINT ( 'NONE',  ( 0.09252404735808347769, 0.03832471526136873446, 0.1718750000000000278 ) ) ;
#2900 = CARTESIAN_POINT ( 'NONE',  ( 0.1152275099952965037, -0.1499375329496586418, 0.7593750000000000222 ) ) ;
#2901 = CARTESIAN_POINT ( 'NONE',  ( -0.1131129763209579864, -4.081307847991383817E-17, 0.02561297632095831459 ) ) ;
#2902 = CARTESIAN_POINT ( 'NONE',  ( -1.133092784412350307E-17, -0.09252404735808332503, 0.6500000000000000222 ) ) ;
#2903 = ORIENTED_EDGE ( 'NONE', *, *, #1022, .F. ) ;
#2904 = CARTESIAN_POINT ( 'NONE',  ( 0.1249999999999998890, -0.05177669529663685849, 0.4406250000000000999 ) ) ;
#2905 = CARTESIAN_POINT ( 'NONE',  ( 0.09252404735808347769, 6.614873615811357377E-17, 0.4687500000000000000 ) ) ;
#2906 = CARTESIAN_POINT ( 'NONE',  ( 0.08838834764831840496, 0.08838834764831850210, 0.5999999999999999778 ) ) ;
#2907 = CARTESIAN_POINT ( 'NONE',  ( -0.1734888829588971948, -0.04662384207688846649, 0.7500000000000001110 ) ) ;
#2908 = CARTESIAN_POINT ( 'NONE',  ( -0.03832471526136872059, -0.09252404735808343605, 0.3468750000000000444 ) ) ;
#2909 = CARTESIAN_POINT ( 'NONE',  ( -0.03832471526136872059, -0.09252404735808347769, 0.1968750000000000222 ) ) ;
#2910 = CARTESIAN_POINT ( 'NONE',  ( -0.1249999999999999445, -0.05177669529663680298, 0.3218750000000000222 ) ) ;
#2911 = CARTESIAN_POINT ( 'NONE',  ( -0.06542438130972609567, 0.06542438130972623445, 0.6374999999999999556 ) ) ;
#2912 = CARTESIAN_POINT ( 'NONE',  ( -0.08498570275245025119, 0.1474514531114730909, 1.000000000000000000 ) ) ;
#2913 =( BOUNDED_CURVE ( )  B_SPLINE_CURVE ( 2, ( #4839, #2271, #659, #28, #2592, #2183, #1461, #2642, #4144 ),
 .UNSPECIFIED., .F., .F. ) 
 B_SPLINE_CURVE_WITH_KNOTS ( ( 3, 2, 2, 2, 3 ),
 ( 0.3906249999999998890, 0.3984374999999998890, 0.4062499999999998890, 0.4140624999999998890, 0.4218749999999998890 ),
 .UNSPECIFIED. ) 
 CURVE ( )  GEOMETRIC_REPRESENTATION_ITEM ( )  RATIONAL_B_SPLINE_CURVE ( ( 1.000000000000001110, 0.9238795325112856283, 1.000000000000000000, 0.9238795325112867385, 1.000000000000000000, 0.9238795325112867385, 1.000000000000000000, 0.9238795325112878487, 0.9999999999999988898 ) ) 
 REPRESENTATION_ITEM ( '' )  );
#2914 = ORIENTED_EDGE ( 'NONE', *, *, #2978, .F. ) ;
#2915 = CARTESIAN_POINT ( 'NONE',  ( 0.02208932314516316026, 0.1687499999999998446, 1.000000000000000000 ) ) ;
#2916 = CARTESIAN_POINT ( 'NONE',  ( 0.09252404735808347769, -0.03832471526136870671, 0.3656250000000000888 ) ) ;
#2917 = EDGE_CURVE ( 'NONE', #2437, #3951, #707, .T. ) ;
#2918 = CARTESIAN_POINT ( 'NONE',  ( -0.1249999999999999584, -0.05177669529663671971, 0.6218749999999999556 ) ) ;
#2919 = CARTESIAN_POINT ( 'NONE',  ( -0.06542438130972608179, 0.06542438130972619281, 0.5312500000000000000 ) ) ;
#2920 = CARTESIAN_POINT ( 'NONE',  ( -0.05177669529663685849, 0.1250000000000000555, 0.6531250000000000666 ) ) ;
#2921 = CONICAL_SURFACE ( 'NONE', #3379, 0.08749999999999996669, 0.7853981633974427279 ) ;
#2922 = CARTESIAN_POINT ( 'NONE',  ( -0.09252404735808350544, 0.03832471526136872059, 0.1906250000000000444 ) ) ;
#2923 = CARTESIAN_POINT ( 'NONE',  ( -0.1094088132113709699, 0.02730372957394449490, 0.02440551311080974353 ) ) ;
#2924 = CARTESIAN_POINT ( 'NONE',  ( 0.02331650778601825763, -0.1781249999999998668, 0.7500000000000001110 ) ) ;
#2925 = CARTESIAN_POINT ( 'NONE',  ( 0.1781249999999998668, 2.774533118565267485E-17, 0.7500000000000001110 ) ) ;
#2926 = AXIS2_PLACEMENT_3D ( 'NONE', #423, #1950, #95 ) ;
#2927 = CARTESIAN_POINT ( 'NONE',  ( 0.1249999999999999167, 0.05177669529663697645, 0.4468750000000000222 ) ) ;
#2928 = CARTESIAN_POINT ( 'NONE',  ( 0.03832471526136869977, -0.09252404735808342218, 0.5093750000000000222 ) ) ;
#2929 = CARTESIAN_POINT ( 'NONE',  ( -0.1249999999999999167, 1.511350158471084894E-17, 0.2125000000000000222 ) ) ;
#2930 = CARTESIAN_POINT ( 'NONE',  ( 0.09442855863492050084, -0.1638349478928923797, 0.7500000000000001110 ) ) ;
#2931 = AXIS2_PLACEMENT_3D ( 'NONE', #2241, #224, #3282 ) ;
#2932 = CARTESIAN_POINT ( 'NONE',  ( -0.09252404735808347769, 0.03832471526136882467, 0.5343750000000001554 ) ) ;
#2933 = CARTESIAN_POINT ( 'NONE',  ( 0.09252404735808344993, -0.03832471526136876916, 0.1593750000000000167 ) ) ;
#2934 = CARTESIAN_POINT ( 'NONE',  ( 0.03832471526136876916, 0.09252404735808343605, 0.1218749999999999833 ) ) ;
#2935 = CARTESIAN_POINT ( 'NONE',  ( -0.03084450010908037360, 0.09044509503205806766, 0.8744508330878950630 ) ) ;
#2936 = CARTESIAN_POINT ( 'NONE',  ( 0.000000000000000000, 0.09252404735808365810, 0.7812500000000000000 ) ) ;
#2937 = CARTESIAN_POINT ( 'NONE',  ( 0.1037047591374595096, -0.1349437795130000728, 1.000000000000000000 ) ) ;
#2938 = CARTESIAN_POINT ( 'NONE',  ( -0.1499375327922137513, 0.1152275101527365925, 1.000000000000000000 ) ) ;
#2939 =( BOUNDED_CURVE ( )  B_SPLINE_CURVE ( 2, ( #3706, #3784, #3338, #380, #4857, #1449, #2980, #4605, #4679 ),
 .UNSPECIFIED., .F., .T. ) 
 B_SPLINE_CURVE_WITH_KNOTS ( ( 3, 2, 2, 2, 3 ),
 ( 0.8593750000000001110, 0.8671875000000001110, 0.8750000000000001110, 0.8828125000000001110, 0.8906250000000001110 ),
 .UNSPECIFIED. ) 
 CURVE ( )  GEOMETRIC_REPRESENTATION_ITEM ( )  RATIONAL_B_SPLINE_CURVE ( ( 0.9999999999999988898, 0.9238795325112878487, 1.000000000000000000, 0.9238795325112867385, 1.000000000000000000, 0.9238795325112867385, 1.000000000000000000, 0.9238795325112856283, 1.000000000000001110 ) ) 
 REPRESENTATION_ITEM ( '' )  );
#2940 = LINE ( 'NONE', #4093, #2783 ) ;
#2941 = CARTESIAN_POINT ( 'NONE',  ( -0.1249999999999999167, -2.919030456217242320E-17, 0.06250000000000001388 ) ) ;
#2942 = CARTESIAN_POINT ( 'NONE',  ( 0.03832471526136869283, -0.09252404735808335279, 0.6031249999999999112 ) ) ;
#2943 = CARTESIAN_POINT ( 'NONE',  ( -1.133092784412350615E-17, -0.09252404735808350544, 0.1562500000000000278 ) ) ;
#2944 = DIRECTION ( 'NONE',  ( 0.000000000000000000, 0.000000000000000000, 1.000000000000000000 ) ) ;
#2945 = CARTESIAN_POINT ( 'NONE',  ( -0.1874999999999998335, -0.02454369240633884341, 0.7500000000000001110 ) ) ;
#2946 =( LENGTH_UNIT ( ) NAMED_UNIT ( * ) SI_UNIT ( $, .METRE. ) );
#2947 = ORIENTED_EDGE ( 'NONE', *, *, #3039, .T. ) ;
#2948 = CARTESIAN_POINT ( 'NONE',  ( 0.06542438130972610955, 0.06542438130972608179, 0.2249999999999999778 ) ) ;
#2949 = CARTESIAN_POINT ( 'NONE',  ( 0.06542438130972609567, -0.06542438130972601240, 0.5125000000000000666 ) ) ;
#2950 = CARTESIAN_POINT ( 'NONE',  ( 0.1249999999999999306, -5.057651492692220535E-17, 0.09375000000000002776 ) ) ;
#2951 = CARTESIAN_POINT ( 'NONE',  ( -0.1781249999999998668, 7.549139889267777477E-20, 0.7500000000000001110 ) ) ;
#2952 = CARTESIAN_POINT ( 'NONE',  ( 0.09252404735808344993, -0.03832471526136866508, 0.5093750000000000222 ) ) ;
#2953 = CARTESIAN_POINT ( 'NONE',  ( -0.09252404735808346381, -0.03832471526136865120, 0.3906250000000000000 ) ) ;
#2954 = CARTESIAN_POINT ( 'NONE',  ( 0.08838834764831840496, 0.08838834764831851598, 0.6500000000000000222 ) ) ;
#2955 = CARTESIAN_POINT ( 'NONE',  ( 0.09252404735808344993, -0.03832471526136878304, 0.1093750000000000278 ) ) ;
#2956 = CARTESIAN_POINT ( 'NONE',  ( 0.05177669529663693482, 0.1249999999999998612, 0.09687499999999997502 ) ) ;
#2957 = CARTESIAN_POINT ( 'NONE',  ( -0.03832471526136870671, 0.09252404735808340830, -0.02187500000000003678 ) ) ;
#2958 = CARTESIAN_POINT ( 'NONE',  ( 0.1349437795130002393, -0.1037047591374593153, 1.000000000000000000 ) ) ;
#2959 = EDGE_LOOP ( 'NONE', ( #3213, #1996, #3398, #2860 ) ) ;
#2960 = CARTESIAN_POINT ( 'NONE',  ( -0.1499375327922183310, -0.1152275101527368145, 0.9812499999999999556 ) ) ;
#2961 = ADVANCED_FACE ( 'NONE', ( #2068, #4335 ), #4360, .T. ) ;
#2962 = CARTESIAN_POINT ( 'NONE',  ( -0.1249999999999999167, 1.332569846430662218E-16, 0.6125000000000000444 ) ) ;
#2963 = ORIENTED_EDGE ( 'NONE', *, *, #4520, .T. ) ;
#2964 = CARTESIAN_POINT ( 'NONE',  ( -0.1249999999999999306, 1.498709119481474885E-16, 0.6687500000000000666 ) ) ;
#2965 = CARTESIAN_POINT ( 'NONE',  ( -0.09252404735808347769, -0.03832471526136859569, 0.5406250000000000222 ) ) ;
#2966 = CARTESIAN_POINT ( 'NONE',  ( -0.03832471526136872753, -0.09252404735808351932, 0.1031250000000000638 ) ) ;
#2967 = CARTESIAN_POINT ( 'NONE',  ( 0.1249999999999998751, -0.05177669529663676135, 0.6843750000000001776 ) ) ;
#2968 = CARTESIAN_POINT ( 'NONE',  ( -0.03832471526136872753, -0.09252404735808347769, 0.2531250000000000444 ) ) ;
#2969 = ADVANCED_FACE ( 'NONE', ( #2093 ), #3587, .F. ) ;
#2970 = CARTESIAN_POINT ( 'NONE',  ( -0.07565925013752895778, 0.07883647865736126414, 0.02154940894867020743 ) ) ;
#2971 = CARTESIAN_POINT ( 'NONE',  ( 0.1781249999999998668, 0.02331650778601853519, 0.7500000000000001110 ) ) ;
#2972 = ORIENTED_EDGE ( 'NONE', *, *, #3474, .F. ) ;
#2973 = CARTESIAN_POINT ( 'NONE',  ( -0.1687499999999998168, -0.02207505962347403733, 1.000000000000000222 ) ) ;
#2974 = CARTESIAN_POINT ( 'NONE',  ( -0.08838834764831837720, 0.08838834764831850210, 0.5625000000000000000 ) ) ;
#2975 = CARTESIAN_POINT ( 'NONE',  ( 0.03832471526136877610, 0.09252404735808351932, 0.4281250000000000333 ) ) ;
#2976 = CARTESIAN_POINT ( 'NONE',  ( 0.05177669529663694176, 0.1249999999999999445, 0.3031249999999999778 ) ) ;
#2977 = CARTESIAN_POINT ( 'NONE',  ( 0.1094661346297701454, 0.1424406561679372185, 0.7500000000000001110 ) ) ;
#2978 = EDGE_CURVE ( 'NONE', #3882, #369, #1924, .T. ) ;
#2979 = CARTESIAN_POINT ( 'NONE',  ( 0.09252404735808344993, 0.03832471526136885243, 0.6156249999999999778 ) ) ;
#2980 = CARTESIAN_POINT ( 'NONE',  ( -0.08838834764831837720, 0.08838834764831854374, 0.7062500000000000444 ) ) ;
#2981 = CARTESIAN_POINT ( 'NONE',  ( 0.09252404735808344993, -0.03832471526136874140, 0.2593750000000000222 ) ) ;
#2982 = ORIENTED_EDGE ( 'NONE', *, *, #4634, .T. ) ;
#2983 = CARTESIAN_POINT ( 'NONE',  ( 0.03832471526136876916, 0.09252404735808343605, 0.1718749999999999722 ) ) ;
#2984 = CARTESIAN_POINT ( 'NONE',  ( 0.09375000000000001388, -0.009137588047027096066, 0.9916265877365272319 ) ) ;
#2985 = CARTESIAN_POINT ( 'NONE',  ( 0.09252404735808347769, 0.03832471526136891488, 0.7718750000000000888 ) ) ;
#2986 = CARTESIAN_POINT ( 'NONE',  ( -0.04416995567076753559, 0.1643578891110858975, 1.000000000000000000 ) ) ;
#2987 = CARTESIAN_POINT ( 'NONE',  ( -0.1874999999999998612, 2.303761888290552992E-17, 1.000000000000000000 ) ) ;
#2988 = DIRECTION ( 'NONE',  ( -1.000000000000000000, 0.000000000000000000, 0.000000000000000000 ) ) ;
#2989 = CARTESIAN_POINT ( 'NONE',  ( 0.08838834764831840496, 0.08838834764831836333, 0.1499999999999999944 ) ) ;
#2990 = CARTESIAN_POINT ( 'NONE',  ( 0.1249999999999998890, -0.05177669529663677522, 0.6906250000000000444 ) ) ;
#2991 = B_SPLINE_CURVE_WITH_KNOTS ( 'NONE', 3,
 ( #3202, #2551, #559, #4037, #939, #248 ),
 .UNSPECIFIED., .F., .F.,
 ( 4, 2, 4 ),
 ( 0.003747480840207366871, 0.004442772761704278858, 0.005138064683201190412 ),
 .UNSPECIFIED. ) ;
#2992 = CARTESIAN_POINT ( 'NONE',  ( 0.06542438130972610955, 0.06542438130972617893, 0.5187500000000000444 ) ) ;
#2993 = ADVANCED_FACE ( 'NONE', ( #959 ), #577, .T. ) ;
#2994 = CARTESIAN_POINT ( 'NONE',  ( 0.000000000000000000, 0.1249999999999999167, 0.1499999999999999667 ) ) ;
#2995 = CARTESIAN_POINT ( 'NONE',  ( 0.09252404735808347769, 0.03832471526136875528, 0.2218750000000000167 ) ) ;
#2996 = CARTESIAN_POINT ( 'NONE',  ( 0.007448534931858305508, 0.1048129969026757730, 0.01734888087649082491 ) ) ;
#2997 = CARTESIAN_POINT ( 'NONE',  ( 0.1556432004982484518, -0.08970713070317463955, 0.7500000000000001110 ) ) ;
#2998 =( CONVERSION_BASED_UNIT ( 'INCH', #720 ) LENGTH_UNIT ( ) NAMED_UNIT ( #845 ) );
#2999 = ORIENTED_EDGE ( 'NONE', *, *, #3056, .T. ) ;
#3000 = CARTESIAN_POINT ( 'NONE',  ( -0.001870744090601570223, -0.09270205068415281191, 0.7034921628294172891 ) ) ;
#3001 = CARTESIAN_POINT ( 'NONE',  ( 0.000000000000000000, 0.09252404735808358871, 0.5812499999999999334 ) ) ;
#3002 = FACE_BOUND ( 'NONE', #1639, .T. ) ;
#3003 = CARTESIAN_POINT ( 'NONE',  ( -0.02331650778601881968, -0.1781249999999998668, 0.7500000000000001110 ) ) ;
#3004 = CARTESIAN_POINT ( 'NONE',  ( 0.09252404735808344993, -0.03832471526136861650, 0.6593750000000000444 ) ) ;
#3005 = CARTESIAN_POINT ( 'NONE',  ( 0.06542438130972609567, -0.06542438130972597077, 0.6624999999999999778 ) ) ;
#3006 = CARTESIAN_POINT ( 'NONE',  ( -1.133092784412350307E-17, -0.09252404735808340830, 0.4000000000000000222 ) ) ;
#3007 = AXIS2_PLACEMENT_3D ( 'NONE', #2806, #157, #2433 ) ;
#3008 = CARTESIAN_POINT ( 'NONE',  ( -0.09252404735808346381, 6.481269685013212837E-17, 0.3875000000000000111 ) ) ;
#3009 = CARTESIAN_POINT ( 'NONE',  ( 0.09252404735808347769, 0.03832471526136873446, 0.1718750000000000278 ) ) ;
#3010 = AXIS2_PLACEMENT_3D ( 'NONE', #870, #3159, #497 ) ;
#3011 = DIRECTION ( 'NONE',  ( -0.000000000000000000, -0.000000000000000000, -1.000000000000000000 ) ) ;
#3012 = CARTESIAN_POINT ( 'NONE',  ( -0.09252404735808347769, 0.03832471526136867201, 0.03437499999999999584 ) ) ;
#3013 = ORIENTED_EDGE ( 'NONE', *, *, #49, .F. ) ;
#3014 = CARTESIAN_POINT ( 'NONE',  ( 0.1249999999999999167, 3.618510544405751576E-17, 0.3875000000000000111 ) ) ;
#3015 = DIRECTION ( 'NONE',  ( -0.000000000000000000, -0.000000000000000000, -1.000000000000000000 ) ) ;
#3016 =( BOUNDED_CURVE ( )  B_SPLINE_CURVE ( 2, ( #493, #2027, #3524, #130, #4419, #4789, #2594, #1019, #1790 ),
 .UNSPECIFIED., .F., .T. ) 
 B_SPLINE_CURVE_WITH_KNOTS ( ( 3, 2, 2, 2, 3 ),
 ( 0.3593750000000000000, 0.3671875000000000000, 0.3749999999999999445, 0.3828124999999998890, 0.3906249999999998890 ),
 .UNSPECIFIED. ) 
 CURVE ( )  GEOMETRIC_REPRESENTATION_ITEM ( )  RATIONAL_B_SPLINE_CURVE ( ( 1.000000000000000000, 0.9238795325112867385, 1.000000000000000000, 0.9238795325112867385, 1.000000000000000000, 0.9238795325112867385, 1.000000000000000000, 0.9238795325112878487, 0.9999999999999988898 ) ) 
 REPRESENTATION_ITEM ( '' )  );
#3017 = MECHANICAL_DESIGN_GEOMETRIC_PRESENTATION_REPRESENTATION (  '', ( #1816 ), #227 ) ;
#3018 = PRESENTATION_STYLE_ASSIGNMENT (( #85 ) ) ;
#3019 = EDGE_LOOP ( 'NONE', ( #2438, #2802, #765, #639 ) ) ;
#3020 = CARTESIAN_POINT ( 'NONE',  ( 0.08838834764831839108, 0.08838834764831832169, 0.04374999999999997641 ) ) ;
#3021 = CARTESIAN_POINT ( 'NONE',  ( 0.09252404735808344993, -0.03832471526136866508, 0.5093750000000000222 ) ) ;
#3022 = ORIENTED_EDGE ( 'NONE', *, *, #1693, .T. ) ;
#3023 = CARTESIAN_POINT ( 'NONE',  ( -0.06542438130972609567, 0.06542438130972608179, 0.08749999999999999445 ) ) ;
#3024 = CARTESIAN_POINT ( 'NONE',  ( -0.03357807143398708338, 0.1016063531480387305, 0.01928940093301179104 ) ) ;
#3025 = DIRECTION ( 'NONE',  ( -0.000000000000000000, -0.000000000000000000, -1.000000000000000000 ) ) ;
#3026 = CARTESIAN_POINT ( 'NONE',  ( -0.04665116836559627528, 0.1734806085819688148, 0.7500000000000001110 ) ) ;
#3027 = ORIENTED_EDGE ( 'NONE', *, *, #918, .F. ) ;
#3028 = CARTESIAN_POINT ( 'NONE',  ( -0.09252404735808350544, 0.03832471526136883855, 0.5906250000000001776 ) ) ;
#3029 = CYLINDRICAL_SURFACE ( 'NONE', #2372, 0.1249999999999999029 ) ;
#3030 = DIRECTION ( 'NONE',  ( -0.000000000000000000, 0.000000000000000000, -1.000000000000000000 ) ) ;
#3031 = CARTESIAN_POINT ( 'NONE',  ( -0.06542438130972608179, -0.06542438130972597077, 0.5437500000000000666 ) ) ;
#3032 = FACE_OUTER_BOUND ( 'NONE', #3892, .T. ) ;
#3033 = CARTESIAN_POINT ( 'NONE',  ( 0.06542438130972609567, -0.06542438130972604016, 0.4125000000000000333 ) ) ;
#3034 = CARTESIAN_POINT ( 'NONE',  ( 0.09252404735808344993, -0.03832471526136872753, 0.3093750000000000111 ) ) ;
#3035 = CARTESIAN_POINT ( 'NONE',  ( -1.133092784412350307E-17, -0.09252404735808343605, 0.3000000000000000444 ) ) ;
#3036 = CARTESIAN_POINT ( 'NONE',  ( 0.03832471526136877610, 0.09252404735808344993, 0.1281249999999999889 ) ) ;
#3037 = CARTESIAN_POINT ( 'NONE',  ( 0.09375000000000002776, -0.01822629401375015085, 0.9924114531706377251 ) ) ;
#3038 = CARTESIAN_POINT ( 'NONE',  ( 0.06542438130972610955, 0.06542438130972604016, 0.06874999999999997780 ) ) ;
#3039 = EDGE_CURVE ( 'NONE', #3363, #335, #4423, .T. ) ;
#3040 = CARTESIAN_POINT ( 'NONE',  ( 0.02206091049058248738, 0.1687471874025170682, 1.000000000000000000 ) ) ;
#3041 =( CONVERSION_BASED_UNIT ( 'INCH', #1513 ) LENGTH_UNIT ( ) NAMED_UNIT ( #64 ) );
#3042 = CARTESIAN_POINT ( 'NONE',  ( -1.530808498934190276E-17, -0.1249999999999999584, 0.02500000000000003608 ) ) ;
#3043 = CARTESIAN_POINT ( 'NONE',  ( 0.09252404735808344993, -0.03832471526136859569, 0.7593749999999999112 ) ) ;
#3044 = CARTESIAN_POINT ( 'NONE',  ( -1.530808498934190276E-17, -0.1249999999999999306, 0.1250000000000000555 ) ) ;
#3045 = DIRECTION ( 'NONE',  ( 1.000000000000000000, 0.000000000000000000, 0.000000000000000000 ) ) ;
#3046 = CARTESIAN_POINT ( 'NONE',  ( -0.09252404735808347769, 1.404983656843910584E-16, 0.6437500000000000444 ) ) ;
#3047 = CARTESIAN_POINT ( 'NONE',  ( -0.09442855863491618484, 0.1638349478928983749, 0.7593750000000000222 ) ) ;
#3048 = CARTESIAN_POINT ( 'NONE',  ( -0.03832471526136872059, -0.09252404735808332503, 0.6968750000000002442 ) ) ;
#3049 = CARTESIAN_POINT ( 'NONE',  ( 0.09252404735808346381, -0.03832471526136870671, 0.4156250000000001332 ) ) ;
#3050 = CARTESIAN_POINT ( 'NONE',  ( -1.133092784412350307E-17, -0.09252404735808344993, 0.2500000000000000555 ) ) ;
#3051 = EDGE_LOOP ( 'NONE', ( #89, #1619, #751, #235, #8, #4846 ) ) ;
#3052 = CARTESIAN_POINT ( 'NONE',  ( 0.09252404735808344993, -0.03832471526136870671, 0.3593750000000001110 ) ) ;
#3053 = CARTESIAN_POINT ( 'NONE',  ( -0.09252404735808350544, 0.03832471526136869977, 0.09062499999999999722 ) ) ;
#3054 = CARTESIAN_POINT ( 'NONE',  ( -0.1781249999999998668, 3.774569944633888739E-20, 0.7500000000000001110 ) ) ;
#3055 = CARTESIAN_POINT ( 'NONE',  ( 0.03832471526136876916, 0.09252404735808343605, 0.1718749999999999722 ) ) ;
#3056 = EDGE_CURVE ( 'NONE', #3896, #26, #1744, .T. ) ;
#3057 = ORIENTED_EDGE ( 'NONE', *, *, #1428, .T. ) ;
#3058 = CARTESIAN_POINT ( 'NONE',  ( -1.530808498934190276E-17, -0.1249999999999998612, 0.3750000000000001110 ) ) ;
#3059 = CARTESIAN_POINT ( 'NONE',  ( -0.08197495670888713115, 0.08321294854212224479, 0.7172992370835391540 ) ) ;
#3060 = CARTESIAN_POINT ( 'NONE',  ( 0.08838834764831840496, 0.08838834764831846047, 0.4499999999999999556 ) ) ;
#3061 = CARTESIAN_POINT ( 'NONE',  ( 0.000000000000000000, 0.1249999999999999029, 0.09999999999999997780 ) ) ;
#3062 = CARTESIAN_POINT ( 'NONE',  ( -0.08838834764831837720, 0.08838834764831836333, 0.06249999999999997918 ) ) ;
#3063 = ORIENTED_EDGE ( 'NONE', *, *, #782, .F. ) ;
#3064 = CARTESIAN_POINT ( 'NONE',  ( 0.000000000000000000, 7.549139889267777477E-20, 4.148491032111687552E-18 ) ) ;
#3065 = CARTESIAN_POINT ( 'NONE',  ( 0.000000000000000000, 2.561107494060246767E-17, 0.8828124999999998890 ) ) ;
#3066 =( BOUNDED_CURVE ( )  B_SPLINE_CURVE ( 2, ( #3532, #2732, #474, #2008, #3452, #3855, #2034, #3510, #3556 ),
 .UNSPECIFIED., .F., .T. ) 
 B_SPLINE_CURVE_WITH_KNOTS ( ( 3, 2, 2, 2, 3 ),
 ( 0.7656250000000000000, 0.7734375000000000000, 0.7812500000000000000, 0.7890625000000000000, 0.7968750000000000000 ),
 .UNSPECIFIED. ) 
 CURVE ( )  GEOMETRIC_REPRESENTATION_ITEM ( )  RATIONAL_B_SPLINE_CURVE ( ( 1.000000000000000000, 0.9238795325112867385, 1.000000000000000000, 0.9238795325112867385, 1.000000000000000000, 0.9238795325112867385, 1.000000000000000000, 0.9238795325112867385, 1.000000000000000000 ) ) 
 REPRESENTATION_ITEM ( '' )  );
#3067 = CARTESIAN_POINT ( 'NONE',  ( -0.09252404735808350544, -0.03832471526136857487, 0.6468750000000000888 ) ) ;
#3068 = DIRECTION ( 'NONE',  ( -1.000000000000000000, 0.000000000000000000, 0.000000000000000000 ) ) ;
#3069 = DIRECTION ( 'NONE',  ( -1.000000000000000000, 0.000000000000000000, 0.000000000000000000 ) ) ;
#3070 = DIRECTION ( 'NONE',  ( -0.000000000000000000, -0.000000000000000000, 1.000000000000000000 ) ) ;
#3071 = DIRECTION ( 'NONE',  ( -0.000000000000000000, -0.000000000000000000, -1.000000000000000000 ) ) ;
#3072 = CARTESIAN_POINT ( 'NONE',  ( 0.09252404735808346381, 1.086065503822100443E-16, 0.6125000000000000444 ) ) ;
#3073 = CARTESIAN_POINT ( 'NONE',  ( -0.09252404735808350544, -0.03832471526136861650, 0.4968750000000001221 ) ) ;
#3074 = CARTESIAN_POINT ( 'NONE',  ( 0.000000000000000000, 0.09252404735808346381, 0.1812499999999999667 ) ) ;
#3075 = CYLINDRICAL_SURFACE ( 'NONE', #3939, 0.1249999999999999029 ) ;
#3076 = EDGE_CURVE ( 'NONE', #2212, #2269, #4168, .T. ) ;
#3077 = CARTESIAN_POINT ( 'NONE',  ( -1.133092784412350307E-17, -0.09252404735808346381, 0.2000000000000000389 ) ) ;
#3078 = ORIENTED_EDGE ( 'NONE', *, *, #1847, .T. ) ;
#3079 = CARTESIAN_POINT ( 'NONE',  ( -0.1874999999999998335, 0.02454369238351464255, 0.9812499999999999556 ) ) ;
#3080 = CARTESIAN_POINT ( 'NONE',  ( -0.03832471526136872753, -0.09252404735808342218, 0.4531250000000002220 ) ) ;
#3081 = CARTESIAN_POINT ( 'NONE',  ( -1.530808498934190893E-17, -0.1249999999999998473, 0.4812500000000000666 ) ) ;
#3082 = CARTESIAN_POINT ( 'NONE',  ( 0.09252404735808344993, -0.03832471526136882467, 0.009375000000000006592 ) ) ;
#3083 = CARTESIAN_POINT ( 'NONE',  ( -0.05177669529663686543, -0.1249999999999999722, 0.07187500000000004996 ) ) ;
#3084 = CARTESIAN_POINT ( 'NONE',  ( -0.1249999999999999306, -4.211224802168004976E-17, 0.01875000000000000625 ) ) ;
#3085 = ORIENTED_EDGE ( 'NONE', *, *, #956, .T. ) ;
#3086 = CARTESIAN_POINT ( 'NONE',  ( 0.09252404735808346381, 0.03832471526136872059, 0.1218749999999999972 ) ) ;
#3087 = FACE_OUTER_BOUND ( 'NONE', #4102, .T. ) ;
#3088 = ADVANCED_FACE ( 'NONE', ( #708 ), #1861, .T. ) ;
#3089 = CARTESIAN_POINT ( 'NONE',  ( -0.05177669529663685849, 0.1249999999999999722, 0.3031249999999999778 ) ) ;
#3090 = CARTESIAN_POINT ( 'NONE',  ( 0.09252404735808347769, -0.03832471526136860956, 0.7156249999999999556 ) ) ;
#3091 = CARTESIAN_POINT ( 'NONE',  ( 0.09442855863492420621, 0.1638349478928950997, 0.7593750000000000222 ) ) ;
#3092 = CARTESIAN_POINT ( 'NONE',  ( 0.1826198767901095199, -0.04907772852305475331, 0.9812499999999999556 ) ) ;
#3093 = CARTESIAN_POINT ( 'NONE',  ( 0.08838834764831839108, 0.08838834764831843271, 0.3937500000000000444 ) ) ;
#3094 = CARTESIAN_POINT ( 'NONE',  ( -1.133092784412350307E-17, -0.09252404735808339442, 0.4500000000000000666 ) ) ;
#3095 =( BOUNDED_CURVE ( )  B_SPLINE_CURVE ( 2, ( #67, #379, #3093, #819, #948, #2807, #2033, #2104, #3268 ),
 .UNSPECIFIED., .F., .F. ) 
 B_SPLINE_CURVE_WITH_KNOTS ( ( 3, 2, 2, 2, 3 ),
 ( 0.4843750000000000000, 0.4921875000000000000, 0.5000000000000000000, 0.5078125000000000000, 0.5156250000000000000 ),
 .UNSPECIFIED. ) 
 CURVE ( )  GEOMETRIC_REPRESENTATION_ITEM ( )  RATIONAL_B_SPLINE_CURVE ( ( 1.000000000000000000, 0.9238795325112867385, 1.000000000000000000, 0.9238795325112867385, 1.000000000000000000, 0.9238795325112867385, 1.000000000000000000, 0.9238795325112867385, 1.000000000000000000 ) ) 
 REPRESENTATION_ITEM ( '' )  );
#3096 = CARTESIAN_POINT ( 'NONE',  ( -0.06542438130972608179, -0.06542438130972602628, 0.3437500000000000555 ) ) ;
#3097 = CARTESIAN_POINT ( 'NONE',  ( -0.09252404735808347769, 1.109624949198022083E-16, 0.5437500000000000666 ) ) ;
#3098 = CARTESIAN_POINT ( 'NONE',  ( -0.03832471526136872059, 0.09252404735808344993, 0.08437499999999997780 ) ) ;
#3099 = CARTESIAN_POINT ( 'NONE',  ( -0.1249999999999999167, 1.627928554076551212E-16, 0.7125000000000001332 ) ) ;
#3100 = CARTESIAN_POINT ( 'NONE',  ( -0.08838834764831837720, 0.08838834764831846047, 0.4124999999999999778 ) ) ;
#3101 = CARTESIAN_POINT ( 'NONE',  ( -1.133092784412350307E-17, -0.09252404735808344993, 0.2500000000000000555 ) ) ;
#3102 = CARTESIAN_POINT ( 'NONE',  ( -0.04419512920619365209, 0.1643444175577301880, 1.000000000000000222 ) ) ;
#3103 = LINE ( 'NONE', #1212, #3152 ) ;
#3104 = CARTESIAN_POINT ( 'NONE',  ( -0.03832471526136872753, -0.09252404735808343605, 0.4031250000000000666 ) ) ;
#3105 = CARTESIAN_POINT ( 'NONE',  ( 0.1874999999999998335, 1.151880944145276496E-17, 0.9812499999999999556 ) ) ;
#3106 = CARTESIAN_POINT ( 'NONE',  ( 0.1249999999999999306, 9.710283889602203306E-17, 0.5937500000000001110 ) ) ;
#3107 = CARTESIAN_POINT ( 'NONE',  ( -0.1249999999999999167, -0.05177669529663686543, 0.1156250000000000333 ) ) ;
#3108 = CARTESIAN_POINT ( 'NONE',  ( -0.1249999999999999584, 0.05177669529663681686, 0.01562499999999998612 ) ) ;
#3109 = ORIENTED_EDGE ( 'NONE', *, *, #3324, .T. ) ;
#3110 = CARTESIAN_POINT ( 'NONE',  ( 0.000000000000000000, 0.09252404735808346381, 0.1812499999999999667 ) ) ;
#3111 = CARTESIAN_POINT ( 'NONE',  ( 0.08822264511802707654, 0.04705966108187628616, 0.01225034561405771195 ) ) ;
#3112 = CARTESIAN_POINT ( 'NONE',  ( -0.1249999999999999167, -2.919030456217242320E-17, 0.06250000000000001388 ) ) ;
#3113 = CARTESIAN_POINT ( 'NONE',  ( -0.05177669529663686543, -0.1249999999999998612, 0.3218750000000000222 ) ) ;
#3114 = CARTESIAN_POINT ( 'NONE',  ( -0.1874999999999998335, 0.02454369240633881913, 0.7593750000000000222 ) ) ;
#3115 = CARTESIAN_POINT ( 'NONE',  ( 0.03832471526136876916, 0.09252404735808361647, 0.7718750000000000888 ) ) ;
#3116 = CARTESIAN_POINT ( 'NONE',  ( -0.05177669529663685849, 0.1249999999999998751, 0.05312499999999997780 ) ) ;
#3117 = CARTESIAN_POINT ( 'NONE',  ( -0.03832471526136872059, -0.09252404735808338054, 0.4468750000000000777 ) ) ;
#3118 = CARTESIAN_POINT ( 'NONE',  ( 0.04419512920618126617, -0.1643444175577725985, 1.000000000000000000 ) ) ;
#3119 = ORIENTED_EDGE ( 'NONE', *, *, #3122, .T. ) ;
#3120 = CARTESIAN_POINT ( 'NONE',  ( -0.09252404735808350544, 0.03832471526136881773, 0.4906249999999999778 ) ) ;
#3121 = CARTESIAN_POINT ( 'NONE',  ( -0.1249999999999999306, 4.649536427208649452E-17, 0.3187500000000000333 ) ) ;
#3122 = EDGE_CURVE ( 'NONE', #1596, #2518, #2160, .T. ) ;
#3123 = CARTESIAN_POINT ( 'NONE',  ( 0.1424185764360501871, -0.1094842364752510039, 0.7500000000000002220 ) ) ;
#3124 = CARTESIAN_POINT ( 'NONE',  ( 0.06542438130972608179, -0.06542438130972608179, 0.2562500000000000333 ) ) ;
#3125 = CARTESIAN_POINT ( 'NONE',  ( -1.530808498934190893E-17, -0.1249999999999999167, 0.2312500000000000666 ) ) ;
#3126 = CARTESIAN_POINT ( 'NONE',  ( -0.1088606704702517608, 0.04895593926542118196, 0.7187663574928064847 ) ) ;
#3127 = CARTESIAN_POINT ( 'NONE',  ( 0.09252404735808347769, -0.03832471526136867895, 0.4656250000000001221 ) ) ;
#3128 = FACE_OUTER_BOUND ( 'NONE', #3976, .T. ) ;
#3129 = CARTESIAN_POINT ( 'NONE',  ( -1.133092784412350307E-17, -0.09252404735808351932, 0.05000000000000002359 ) ) ;
#3130 = CARTESIAN_POINT ( 'NONE',  ( 0.03832471526136877610, 0.09252404735808351932, 0.3281250000000000000 ) ) ;
#3131 = EDGE_LOOP ( 'NONE', ( #3671, #3770, #3085, #539 ) ) ;
#3132 = CARTESIAN_POINT ( 'NONE',  ( 0.000000000000000000, 0.1249999999999999029, 0.05624999999999997363 ) ) ;
#3133 = ORIENTED_EDGE ( 'NONE', *, *, #2480, .T. ) ;
#3134 = CARTESIAN_POINT ( 'NONE',  ( 0.09252404735808346381, -0.03832471526136876222, 0.2156250000000000111 ) ) ;
#3135 = CARTESIAN_POINT ( 'NONE',  ( 0.1152275099952964621, 0.1499375329496587250, 0.7593750000000001332 ) ) ;
#3136 = ADVANCED_FACE ( 'NONE', ( #1059 ), #3653, .T. ) ;
#3137 = CARTESIAN_POINT ( 'NONE',  ( 0.05177669529663693482, 0.1249999999999998751, 0.1968749999999999944 ) ) ;
#3138 = EDGE_CURVE ( 'NONE', #3425, #984, #2567, .T. ) ;
#3139 = CARTESIAN_POINT ( 'NONE',  ( -0.03832471526136872753, -0.09252404735808351932, 0.05312500000000002637 ) ) ;
#3140 = CARTESIAN_POINT ( 'NONE',  ( -0.1499375327922183310, -0.1152275101527368145, 0.9812499999999999556 ) ) ;
#3141 = CARTESIAN_POINT ( 'NONE',  ( -0.09375000000000019429, -0.04533366931175593362, 0.8802742030902471759 ) ) ;
#3142 = CARTESIAN_POINT ( 'NONE',  ( -0.06542438130972609567, 0.06542438130972617893, 0.4375000000000000000 ) ) ;
#3143 = CARTESIAN_POINT ( 'NONE',  ( 0.09252404735808344993, -0.03832471526136866508, 0.5093750000000000222 ) ) ;
#3144 = CARTESIAN_POINT ( 'NONE',  ( -0.05177669529663686543, -0.1249999999999998751, 0.3781250000000001554 ) ) ;
#3145 = CARTESIAN_POINT ( 'NONE',  ( 0.08749999999999996669, 7.549139889267777477E-20, 4.148491032111687552E-18 ) ) ;
#3146 = CARTESIAN_POINT ( 'NONE',  ( -1.133092784412350307E-17, -0.09252404735808350544, 0.1000000000000000194 ) ) ;
#3147 = EDGE_CURVE ( 'NONE', #3425, #2424, #2089, .T. ) ;
#3148 = CARTESIAN_POINT ( 'NONE',  ( -0.06542438130972608179, -0.06542438130972612342, -0.006249999999999989071 ) ) ;
#3149 = CARTESIAN_POINT ( 'NONE',  ( -0.09252404735808350544, -0.03832471526136867895, 0.2968750000000000000 ) ) ;
#3150 = FACE_OUTER_BOUND ( 'NONE', #4, .T. ) ;
#3151 = CARTESIAN_POINT ( 'NONE',  ( -0.09252404735808346381, 0.03832471526136872059, 0.1843749999999999556 ) ) ;
#3152 = VECTOR ( 'NONE', #858, 39.37007874015748143 ) ;
#3153 = CARTESIAN_POINT ( 'NONE',  ( 0.1249999999999998890, -0.05177669529663690706, 0.2406250000000000333 ) ) ;
#3154 = ORIENTED_EDGE ( 'NONE', *, *, #4118, .T. ) ;
#3155 = AXIS2_PLACEMENT_3D ( 'NONE', #3065, #4176, #3800 ) ;
#3156 = LINE ( 'NONE', #4292, #1330 ) ;
#3157 = CARTESIAN_POINT ( 'NONE',  ( 0.09252404735808344993, -0.03832471526136867895, 0.4593750000000000888 ) ) ;
#3158 = CARTESIAN_POINT ( 'NONE',  ( -1.530808498934190276E-17, -0.1249999999999998612, 0.3750000000000000555 ) ) ;
#3159 = DIRECTION ( 'NONE',  ( 0.000000000000000000, 0.000000000000000000, 1.000000000000000000 ) ) ;
#3160 = CARTESIAN_POINT ( 'NONE',  ( 0.05177669529663694176, 0.1250000000000000555, 0.7031250000000001110 ) ) ;
#3161 = CARTESIAN_POINT ( 'NONE',  ( 0.04907772852307042133, 0.1826198767901030251, 0.9812499999999999556 ) ) ;
#3162 =( BOUNDED_CURVE ( )  B_SPLINE_CURVE ( 2, ( #350, #1876, #4051, #3776, #4153, #277, #2253, #2281, #4129 ),
 .UNSPECIFIED., .F., .T. ) 
 B_SPLINE_CURVE_WITH_KNOTS ( ( 3, 2, 2, 2, 3 ),
 ( 0.2031250000000000000, 0.2109375000000000000, 0.2187500000000000000, 0.2265625000000000000, 0.2343750000000000000 ),
 .UNSPECIFIED. ) 
 CURVE ( )  GEOMETRIC_REPRESENTATION_ITEM ( )  RATIONAL_B_SPLINE_CURVE ( ( 1.000000000000000000, 0.9238795325112867385, 1.000000000000000000, 0.9238795325112867385, 1.000000000000000000, 0.9238795325112867385, 1.000000000000000000, 0.9238795325112867385, 1.000000000000000000 ) ) 
 REPRESENTATION_ITEM ( '' )  );
#3163 = CARTESIAN_POINT ( 'NONE',  ( -0.09375000000000024980, 0.01840772069489212195, 0.8752442289393693731 ) ) ;
#3164 = CARTESIAN_POINT ( 'NONE',  ( -0.1249999999999999167, 3.455662024164220365E-19, 0.1625000000000000056 ) ) ;
#3165 = CARTESIAN_POINT ( 'NONE',  ( -0.1249999999999999306, 1.695949350749765670E-17, 0.2187500000000000278 ) ) ;
#3166 = ORIENTED_EDGE ( 'NONE', *, *, #1510, .T. ) ;
#3167 = CARTESIAN_POINT ( 'NONE',  ( 0.06542438130972609567, -0.06542438130972616506, 0.01250000000000001804 ) ) ;
#3168 = CARTESIAN_POINT ( 'NONE',  ( -0.05177669529663686543, 0.1249999999999999861, 0.4093749999999999889 ) ) ;
#3169 = EDGE_CURVE ( 'NONE', #109, #1067, #2886, .T. ) ;
#3170 = CARTESIAN_POINT ( 'NONE',  ( 0.05177669529663693482, 0.1250000000000000000, 0.4468750000000000222 ) ) ;
#3171 = CARTESIAN_POINT ( 'NONE',  ( -0.04419943486702331004, -0.1169248047141226154, 0.7221304482402233216 ) ) ;
#3172 = CARTESIAN_POINT ( 'NONE',  ( 0.000000000000000000, 0.09252404735808351932, 0.3750000000000000555 ) ) ;
#3173 = CARTESIAN_POINT ( 'NONE',  ( 0.09375000000000054123, -0.05412658773652687105, 1.000000000000000000 ) ) ;
#3174 = CARTESIAN_POINT ( 'NONE',  ( -0.04907772831736507968, -0.1826198768753090895, 0.9812500000000001776 ) ) ;
#3175 = EDGE_CURVE ( 'NONE', #1205, #3340, #485, .T. ) ;
#3176 = CARTESIAN_POINT ( 'NONE',  ( 0.03832471526136877610, 0.09252404735808351932, 0.4281250000000000333 ) ) ;
#3177 = CARTESIAN_POINT ( 'NONE',  ( -0.1037047591374619659, -0.1349437795129976025, 1.000000000000000000 ) ) ;
#3178 = CARTESIAN_POINT ( 'NONE',  ( 0.06542438130972608179, -0.06542438130972612342, 0.1062500000000000250 ) ) ;
#3179 = CARTESIAN_POINT ( 'NONE',  ( 0.08838834764831837720, -0.08838834764831840496, 0.1875000000000000555 ) ) ;
#3180 = CARTESIAN_POINT ( 'NONE',  ( -1.133092784412350615E-17, -0.09252404735808344993, 0.3062500000000000222 ) ) ;
#3181 = CARTESIAN_POINT ( 'NONE',  ( 0.1299999999999999212, -3.938385789579582329E-17, 1.117695526217004520 ) ) ;
#3182 = CARTESIAN_POINT ( 'NONE',  ( 0.000000000000000000, 0.1250000000000000278, 0.5500000000000000444 ) ) ;
#3183 = ORIENTED_EDGE ( 'NONE', *, *, #1471, .F. ) ;
#3184 = CARTESIAN_POINT ( 'NONE',  ( 0.000000000000000000, 0.1250000000000000000, 0.4499999999999999556 ) ) ;
#3185 = CARTESIAN_POINT ( 'NONE',  ( -0.09252404735808347769, -3.671685890314203014E-17, 0.04375000000000000416 ) ) ;
#3186 = CARTESIAN_POINT ( 'NONE',  ( 0.1249999999999999167, 6.572097620864639056E-17, 0.4875000000000000444 ) ) ;
#3187 = CARTESIAN_POINT ( 'NONE',  ( 0.1249999999999999306, -5.057651492692220535E-17, 0.09375000000000002776 ) ) ;
#3188 = CARTESIAN_POINT ( 'NONE',  ( 0.09252404735808344993, -0.03832471526136863038, 0.6593750000000001554 ) ) ;
#3189 = ORIENTED_EDGE ( 'NONE', *, *, #4721, .F. ) ;
#3190 = DIRECTION ( 'NONE',  ( -1.000000000000000000, 0.000000000000000000, 0.000000000000000000 ) ) ;
#3191 = CARTESIAN_POINT ( 'NONE',  ( -0.09374999999999998612, -0.009127018611293660419, 0.9916258713233305766 ) ) ;
#3192 = CARTESIAN_POINT ( 'NONE',  ( 0.09252404735808344993, 0.03832471526136876916, 0.3156249999999999889 ) ) ;
#3193 = CARTESIAN_POINT ( 'NONE',  ( 0.1249999999999999167, -0.05177669529663690706, 0.2406250000000000333 ) ) ;
#3194 = CARTESIAN_POINT ( 'NONE',  ( -0.08838834764831839108, -0.08838834764831828006, 0.5187500000000000444 ) ) ;
#3195 = DIRECTION ( 'NONE',  ( -1.000000000000000000, 0.000000000000000000, 0.000000000000000000 ) ) ;
#3196 = CARTESIAN_POINT ( 'NONE',  ( -0.09252404735808347769, 1.109624949198022083E-16, 0.5437500000000000666 ) ) ;
#3197 = CYLINDRICAL_SURFACE ( 'NONE', #1647, 0.1299999999999999212 ) ;
#3198 = EDGE_CURVE ( 'NONE', #2748, #2424, #24, .T. ) ;
#3199 = CARTESIAN_POINT ( 'NONE',  ( -0.03832471526136872059, -0.09252404735808350544, 0.1468750000000000611 ) ) ;
#3200 = ORIENTED_EDGE ( 'NONE', *, *, #1937, .T. ) ;
#3201 = CARTESIAN_POINT ( 'NONE',  ( 0.08838834764831837720, -0.08838834764831839108, 0.2375000000000000722 ) ) ;
#3202 = CARTESIAN_POINT ( 'NONE',  ( 0.09375000000000020817, 2.561107471552864931E-17, 0.8744390877365274539 ) ) ;
#3203 = CARTESIAN_POINT ( 'NONE',  ( -0.09252404735808350544, 0.03832471526136876916, 0.3406250000000000111 ) ) ;
#3204 = CARTESIAN_POINT ( 'NONE',  ( 0.09726361141559962398, 6.215058260391174298E-13, 0.009763611415599782184 ) ) ;
#3205 = ORIENTED_EDGE ( 'NONE', *, *, #1940, .T. ) ;
#3206 = CARTESIAN_POINT ( 'NONE',  ( 0.05177669529663693482, 0.1249999999999999861, 0.4968750000000001221 ) ) ;
#3207 = CARTESIAN_POINT ( 'NONE',  ( 0.09252404735808347769, -0.03832471526136859569, 0.7656249999999998890 ) ) ;
#3208 = CARTESIAN_POINT ( 'NONE',  ( -0.09252404735808350544, -0.03832471526136875528, 0.04687500000000001388 ) ) ;
#3209 = CARTESIAN_POINT ( 'NONE',  ( 0.08838834764831837720, -0.08838834764831837720, 0.2312500000000000666 ) ) ;
#3210 = CARTESIAN_POINT ( 'NONE',  ( 0.1249999999999999306, -2.104064416233336445E-17, 0.1937500000000000056 ) ) ;
#3211 = CARTESIAN_POINT ( 'NONE',  ( -0.1781249999999998668, 7.549139889267777477E-20, 0.7500000000000001110 ) ) ;
#3212 = CARTESIAN_POINT ( 'NONE',  ( -0.03538713735125464943, -0.09637668392193111944, 0.7093137241301447071 ) ) ;
#3213 = ORIENTED_EDGE ( 'NONE', *, *, #3222, .F. ) ;
#3214 = CARTESIAN_POINT ( 'NONE',  ( 0.1249999999999999306, 2.326316198454990153E-17, 0.3437500000000000555 ) ) ;
#3215 = CARTESIAN_POINT ( 'NONE',  ( -0.1014717947781442753, -0.05682442135421368612, 0.02820789923362225851 ) ) ;
#3216 = CARTESIAN_POINT ( 'NONE',  ( -0.03103164284771584361, -0.09033704812153003916, 0.8752323921391040873 ) ) ;
#3217 = CARTESIAN_POINT ( 'NONE',  ( -0.03832471526136872059, -0.09252404735808342218, 0.3968750000000001443 ) ) ;
#3218 = ORIENTED_EDGE ( 'NONE', *, *, #4467, .F. ) ;
#3219 = B_SPLINE_CURVE_WITH_KNOTS ( 'NONE', 3,
 ( #3629, #242, #2544, #4029, #3000, #4593, #4645, #1161, #4669, #2402 ),
 .UNSPECIFIED., .F., .F.,
 ( 4, 2, 2, 2, 4 ),
 ( 1.084202172485504434E-19, 0.0004639090726152961339, 0.0009278181452305921595, 0.001391727217845888185, 0.001855636290461184102 ),
 .UNSPECIFIED. ) ;
#3220 = CARTESIAN_POINT ( 'NONE',  ( -0.03832471526136870671, 0.09252404735808342218, 0.02812499999999996947 ) ) ;
#3221 =( BOUNDED_CURVE ( )  B_SPLINE_CURVE ( 2, ( #2633, #4136, #749, #726, #2259, #4110, #675, #4909, #2654 ),
 .UNSPECIFIED., .F., .T. ) 
 B_SPLINE_CURVE_WITH_KNOTS ( ( 3, 2, 2, 2, 3 ),
 ( 0.5156250000000000000, 0.5234375000000000000, 0.5312500000000000000, 0.5390625000000000000, 0.5468750000000000000 ),
 .UNSPECIFIED. ) 
 CURVE ( )  GEOMETRIC_REPRESENTATION_ITEM ( )  RATIONAL_B_SPLINE_CURVE ( ( 1.000000000000000000, 0.9238795325112867385, 1.000000000000000000, 0.9238795325112867385, 1.000000000000000000, 0.9238795325112867385, 1.000000000000000000, 0.9238795325112867385, 1.000000000000000000 ) ) 
 REPRESENTATION_ITEM ( '' )  );
#3222 = EDGE_CURVE ( 'NONE', #785, #3363, #389, .T. ) ;
#3223 = CARTESIAN_POINT ( 'NONE',  ( 0.09375000000000001388, -1.104688082028675513E-16, 0.9916265877365274539 ) ) ;
#3224 = CARTESIAN_POINT ( 'NONE',  ( -1.530808498934190893E-17, -0.1249999999999999029, 0.3312500000000000444 ) ) ;
#3225 = CARTESIAN_POINT ( 'NONE',  ( -0.09252404735808350544, -0.03832471526136857487, 0.6468750000000000888 ) ) ;
#3226 = FACE_OUTER_BOUND ( 'NONE', #1867, .T. ) ;
#3227 = CARTESIAN_POINT ( 'NONE',  ( -0.03832471526136872059, -0.09252404735808351932, 0.04687500000000002776 ) ) ;
#3228 = ORIENTED_EDGE ( 'NONE', *, *, #3169, .T. ) ;
#3229 = CARTESIAN_POINT ( 'NONE',  ( -0.1249999999999999306, 1.695949350749765670E-17, 0.2187500000000000278 ) ) ;
#3230 = CARTESIAN_POINT ( 'NONE',  ( 0.09252404735808346381, -0.03832471526136865814, 0.5656250000000000444 ) ) ;
#3231 = CARTESIAN_POINT ( 'NONE',  ( 0.1249999999999999167, -0.05177669529663682380, 0.5406250000000000222 ) ) ;
#3232 = CARTESIAN_POINT ( 'NONE',  ( -0.06542438130972609567, 0.06542438130972615118, 0.3375000000000000222 ) ) ;
#3233 = CARTESIAN_POINT ( 'NONE',  ( 0.04449036493042417967, -0.08202808478664611047, 0.005024047358083617680 ) ) ;
#3234 = AXIS2_PLACEMENT_3D ( 'NONE', #2126, #928, #3190 ) ;
#3235 = ORIENTED_EDGE ( 'NONE', *, *, #3122, .F. ) ;
#3236 = VERTEX_POINT ( 'NONE', #3145 ) ;
#3237 = CARTESIAN_POINT ( 'NONE',  ( -0.08838834764831839108, -0.08838834764831828006, 0.5187500000000000444 ) ) ;
#3238 = CONICAL_SURFACE ( 'NONE', #1164, 0.1082531754730549772, 1.047197551196600074 ) ;
#3239 = CARTESIAN_POINT ( 'NONE',  ( 0.1249999999999998890, 0.05177669529663703196, 0.6906250000000001554 ) ) ;
#3240 = CARTESIAN_POINT ( 'NONE',  ( 0.09252404735808347769, -0.03832471526136882467, 0.01562500000000001041 ) ) ;
#3241 = ADVANCED_FACE ( 'NONE', ( #458 ), #47, .T. ) ;
#3242 = CARTESIAN_POINT ( 'NONE',  ( 0.08838834764831837720, -0.08838834764831832169, 0.4312500000000000222 ) ) ;
#3243 = CARTESIAN_POINT ( 'NONE',  ( -3.295631491865439644E-17, 0.1082531754730550605, 0.8828124999999998890 ) ) ;
#3244 = CARTESIAN_POINT ( 'NONE',  ( 0.02057733961169679049, -0.09252404735808331115, 0.7016778777310674897 ) ) ;
#3245 = VECTOR ( 'NONE', #4271, 39.37007874015748143 ) ;
#3246 = CARTESIAN_POINT ( 'NONE',  ( -0.09252404735808350544, -0.03832471526136864426, 0.4468750000000000777 ) ) ;
#3247 = CARTESIAN_POINT ( 'NONE',  ( 0.1249999999999999167, 0.05177669529663699727, 0.5968750000000000444 ) ) ;
#3248 = DIRECTION ( 'NONE',  ( 0.8673144019880985045, -1.062153806249125689E-16, 0.4977607137008978055 ) ) ;
#3249 = CARTESIAN_POINT ( 'NONE',  ( -1.133092784412350307E-17, -0.09252404735808339442, 0.4500000000000000666 ) ) ;
#3250 = ORIENTED_EDGE ( 'NONE', *, *, #2395, .T. ) ;
#3251 = CARTESIAN_POINT ( 'NONE',  ( -0.1250000000000004996, 0.05177669529663645603, 0.6656250000000001332 ) ) ;
#3252 = CARTESIAN_POINT ( 'NONE',  ( 0.09252404735808344993, -0.03832471526136876916, 0.1593750000000000167 ) ) ;
#3253 = CARTESIAN_POINT ( 'NONE',  ( 0.09375000000000001388, 0.04537600886647400605, 0.9974739254669046096 ) ) ;
#3254 = CARTESIAN_POINT ( 'NONE',  ( -0.08838834764831839108, -0.08838834764831829394, 0.4687500000000000000 ) ) ;
#3255 = CARTESIAN_POINT ( 'NONE',  ( 0.09252404735808347769, 0.03832471526136885243, 0.5718750000000001332 ) ) ;
#3256 = CARTESIAN_POINT ( 'NONE',  ( 0.1638349479016156518, -0.09442855861385072991, 1.000000000000000000 ) ) ;
#3257 =( BOUNDED_CURVE ( )  B_SPLINE_CURVE ( 2, ( #737, #2643, #1964, #3466, #2272, #462, #832, #1894, #438 ),
 .UNSPECIFIED., .F., .F. ) 
 B_SPLINE_CURVE_WITH_KNOTS ( ( 3, 2, 2, 2, 3 ),
 ( 0.1093750000000000000, 0.1171875000000000000, 0.1250000000000000000, 0.1328125000000000000, 0.1406250000000000000 ),
 .UNSPECIFIED. ) 
 CURVE ( )  GEOMETRIC_REPRESENTATION_ITEM ( )  RATIONAL_B_SPLINE_CURVE ( ( 1.000000000000000000, 0.9238795325112867385, 1.000000000000000000, 0.9238795325112867385, 1.000000000000000000, 0.9238795325112867385, 1.000000000000000000, 0.9238795325112867385, 1.000000000000000000 ) ) 
 REPRESENTATION_ITEM ( '' )  );
#3258 = CARTESIAN_POINT ( 'NONE',  ( 0.08498570275245252714, 0.1474514531114635429, 1.000000000000000000 ) ) ;
#3259 = CARTESIAN_POINT ( 'NONE',  ( -0.1249999999999999306, 1.055671058012641886E-16, 0.5187500000000001554 ) ) ;
#3260 = DIRECTION ( 'NONE',  ( -1.000000000000000000, 0.000000000000000000, 0.000000000000000000 ) ) ;
#3261 = CARTESIAN_POINT ( 'NONE',  ( 0.08838834764831837720, -0.08838834764831829394, 0.5875000000000000222 ) ) ;
#3262 = CARTESIAN_POINT ( 'NONE',  ( 0.09252404735808346381, 6.430274423532678142E-17, 0.4625000000000000777 ) ) ;
#3263 = ORIENTED_EDGE ( 'NONE', *, *, #4634, .F. ) ;
#3264 = CARTESIAN_POINT ( 'NONE',  ( 0.08838834764831839108, 0.08838834764831840496, 0.3437500000000000555 ) ) ;
#3265 = CARTESIAN_POINT ( 'NONE',  ( 0.05177669529663693482, 0.1250000000000000555, 0.7468750000000000666 ) ) ;
#3266 = CARTESIAN_POINT ( 'NONE',  ( -0.06542438130972609567, 0.06542438130972608179, 0.1374999999999999833 ) ) ;
#3267 = CARTESIAN_POINT ( 'NONE',  ( -0.1249999999999999029, 7.549139889267777477E-20, 0.000000000000000000 ) ) ;
#3268 = CARTESIAN_POINT ( 'NONE',  ( -0.1249999999999999167, 7.418524311388855848E-17, 0.4125000000000000333 ) ) ;
#3269 = CARTESIAN_POINT ( 'NONE',  ( 0.05177669529663694176, 0.1249999999999999167, 0.2031249999999999722 ) ) ;
#3270 = CARTESIAN_POINT ( 'NONE',  ( 0.09252404735808347769, -0.03832471526136867201, 0.5156250000000001110 ) ) ;
#3271 = CARTESIAN_POINT ( 'NONE',  ( -0.08838834764831837720, 0.08838834764831851598, 0.6124999999999999334 ) ) ;
#3272 = CARTESIAN_POINT ( 'NONE',  ( 0.1299999999999999212, -7.122467467362699164E-17, 0.7250000000000000888 ) ) ;
#3273 = CARTESIAN_POINT ( 'NONE',  ( 0.09252404735808344993, -0.03832471526136867895, 0.4593750000000000888 ) ) ;
#3274 = ORIENTED_EDGE ( 'NONE', *, *, #4225, .T. ) ;
#3275 = CARTESIAN_POINT ( 'NONE',  ( 0.06542438130972608179, -0.06542438130972608179, 0.2562500000000000333 ) ) ;
#3276 = EDGE_CURVE ( 'NONE', #1834, #1977, #895, .T. ) ;
#3277 = CARTESIAN_POINT ( 'NONE',  ( 0.1874999999999998335, 1.151880944145276496E-17, 0.9812499999999999556 ) ) ;
#3278 = CARTESIAN_POINT ( 'NONE',  ( -0.09252404735808350544, 0.03832471526136883855, 0.5906250000000001776 ) ) ;
#3279 = CARTESIAN_POINT ( 'NONE',  ( -0.1037047591374619659, -0.1349437795129976025, 1.000000000000000000 ) ) ;
#3280 = CARTESIAN_POINT ( 'NONE',  ( 0.1499375327922219947, -0.1152275101527283074, 1.000000000000000000 ) ) ;
#3281 = CARTESIAN_POINT ( 'NONE',  ( -0.06542438130972610955, -0.06542438130972597077, 0.6000000000000000888 ) ) ;
#3282 = DIRECTION ( 'NONE',  ( -0.8660254037844388186, 0.4999999999999995559, 0.000000000000000000 ) ) ;
#3283 = VERTEX_POINT ( 'NONE', #1529 ) ;
#3284 = CARTESIAN_POINT ( 'NONE',  ( 0.05177669529663683073, -0.1249999999999998196, 0.6343750000000000222 ) ) ;
#3285 = CARTESIAN_POINT ( 'NONE',  ( -0.03832471526136870671, 0.09252404735808356095, 0.5781250000000001110 ) ) ;
#3286 = CARTESIAN_POINT ( 'NONE',  ( -0.1249999999999999167, 0.05177669529663698339, 0.6093750000000001110 ) ) ;
#3287 = CARTESIAN_POINT ( 'NONE',  ( 0.03832471526136877610, 0.09252404735808344993, 0.1781250000000000056 ) ) ;
#3288 = CARTESIAN_POINT ( 'NONE',  ( 0.1638349478164232986, -0.09442855881954356767, 0.7593750000000000222 ) ) ;
#3289 = CARTESIAN_POINT ( 'NONE',  ( 0.1874999999999998335, 0.02454369240633531152, 0.7500000000000001110 ) ) ;
#3290 = CARTESIAN_POINT ( 'NONE',  ( -0.1734754112228759915, 0.04664901554898331221, 0.7500000000000001110 ) ) ;
#3291 = CARTESIAN_POINT ( 'NONE',  ( -1.530808498934190893E-17, -0.1249999999999998335, 0.5312500000000001110 ) ) ;
#3292 = CARTESIAN_POINT ( 'NONE',  ( -1.530808498934190893E-17, -0.1249999999999999584, 0.08125000000000005829 ) ) ;
#3293 = CARTESIAN_POINT ( 'NONE',  ( 0.1499375328083512315, -0.1152275101366038446, 0.7500000000000001110 ) ) ;
#3294 = CARTESIAN_POINT ( 'NONE',  ( -0.03832471526136872059, -0.09252404735808333891, 0.5968749999999999334 ) ) ;
#3295 = CARTESIAN_POINT ( 'NONE',  ( -0.06542438130972608179, -0.06542438130972608179, 0.1437500000000000167 ) ) ;
#3296 = CARTESIAN_POINT ( 'NONE',  ( -0.05177669529663685849, 0.1249999999999999167, 0.1031249999999999806 ) ) ;
#3297 = CARTESIAN_POINT ( 'NONE',  ( 0.06542438130972610955, 0.06542438130972619281, 0.5750000000000000666 ) ) ;
#3298 = CARTESIAN_POINT ( 'NONE',  ( -0.1826198767901004438, -0.04907772852307128175, 1.000000000000000000 ) ) ;
#3299 = ADVANCED_FACE ( 'NONE', ( #4256 ), #3075, .T. ) ;
#3300 = CARTESIAN_POINT ( 'NONE',  ( 0.09442855861383935012, 0.1638349479016325549, 1.000000000000000000 ) ) ;
#3301 = CARTESIAN_POINT ( 'NONE',  ( 0.08838834764831837720, -0.08838834764831830781, 0.5375000000000000888 ) ) ;
#3302 = CARTESIAN_POINT ( 'NONE',  ( -0.08838834764831839108, -0.08838834764831823843, 0.6250000000000000000 ) ) ;
#3303 = CARTESIAN_POINT ( 'NONE',  ( -0.05177669529663686543, -0.1249999999999997918, 0.6781250000000001998 ) ) ;
#3304 = CARTESIAN_POINT ( 'NONE',  ( -0.09252404735808347769, 0.03832471526136882467, 0.5343750000000001554 ) ) ;
#3305 = CARTESIAN_POINT ( 'NONE',  ( -0.1249999999999999167, 0.05177669529663701808, 0.7093749999999999778 ) ) ;
#3306 = CARTESIAN_POINT ( 'NONE',  ( -0.03832471526136872059, 0.09252404735808350544, 0.1843749999999999556 ) ) ;
#3307 = CARTESIAN_POINT ( 'NONE',  ( -0.1249999999999999306, 1.203350411835585891E-16, 0.5687500000000000888 ) ) ;
#3308 = CARTESIAN_POINT ( 'NONE',  ( -0.1152275101366084797, -0.1499375328083516756, 0.7500000000000000000 ) ) ;
#3309 = CARTESIAN_POINT ( 'NONE',  ( 0.03832471526136877610, 0.09252404735808350544, 0.2781250000000000666 ) ) ;
#3310 = ORIENTED_EDGE ( 'NONE', *, *, #649, .F. ) ;
#3311 = CARTESIAN_POINT ( 'NONE',  ( -0.1249999999999999306, 7.603123503667533850E-17, 0.4187500000000000666 ) ) ;
#3312 = CARTESIAN_POINT ( 'NONE',  ( 0.06542438130972610955, 0.06542438130972616506, 0.4749999999999999778 ) ) ;
#3313 = CARTESIAN_POINT ( 'NONE',  ( 0.1687499999999998446, 0.000000000000000000, 1.000000000000000000 ) ) ;
#3314 = AXIS2_PLACEMENT_3D ( 'NONE', #966, #2847, #1269 ) ;
#3315 = CARTESIAN_POINT ( 'NONE',  ( 0.09252404735808346381, 7.907067961762119417E-17, 0.5125000000000000666 ) ) ;
#3316 = CARTESIAN_POINT ( 'NONE',  ( -0.03832471526136872059, -0.09252404735808344993, 0.2468750000000000944 ) ) ;
#3317 = CARTESIAN_POINT ( 'NONE',  ( 0.03832471526136876916, 0.09252404735808347769, 0.2718749999999999778 ) ) ;
#3318 = CARTESIAN_POINT ( 'NONE',  ( 0.1218995855725582139, -0.01580241962675629427, 0.03516654262023837657 ) ) ;
#3319 = CARTESIAN_POINT ( 'NONE',  ( -1.133092784412350615E-17, -0.09252404735808332503, 0.7062500000000000444 ) ) ;
#3320 = CARTESIAN_POINT ( 'NONE',  ( -0.1474514531114714533, 0.08498570275245255490, 1.000000000000000000 ) ) ;
#3321 = EDGE_LOOP ( 'NONE', ( #4569, #3595, #2078, #35 ) ) ;
#3322 = CARTESIAN_POINT ( 'NONE',  ( -0.1826198767901002218, 0.04907772852306942213, 1.000000000000000000 ) ) ;
#3323 = DIRECTION ( 'NONE',  ( -1.000000000000000000, 0.000000000000000000, 0.000000000000000000 ) ) ;
#3324 = EDGE_CURVE ( 'NONE', #3760, #2058, #1735, .T. ) ;
#3325 = CARTESIAN_POINT ( 'NONE',  ( -0.05177669529663687931, -0.1249999999999997918, 0.6281250000000001554 ) ) ;
#3326 = CARTESIAN_POINT ( 'NONE',  ( 0.05177669529663683073, -0.1249999999999998057, 0.7343750000000003331 ) ) ;
#3327 = CARTESIAN_POINT ( 'NONE',  ( 0.000000000000000000, 0.09252404735808360259, 0.6750000000000000444 ) ) ;
#3328 = CARTESIAN_POINT ( 'NONE',  ( -0.05177669529663685849, 0.1250000000000000278, 0.6031249999999999112 ) ) ;
#3329 = CARTESIAN_POINT ( 'NONE',  ( -0.09252404735808350544, -0.03832471526136874140, 0.09687500000000001665 ) ) ;
#3330 = LINE ( 'NONE', #4152, #926 ) ;
#3331 = CARTESIAN_POINT ( 'NONE',  ( -0.04907772850199221965, 0.1826198767988339300, 0.7593750000000000222 ) ) ;
#3332 =( NAMED_UNIT ( * ) PLANE_ANGLE_UNIT ( ) SI_UNIT ( $, .RADIAN. ) );
#3333 = CARTESIAN_POINT ( 'NONE',  ( -1.530808498934190893E-17, -0.1249999999999998612, 0.4312500000000000777 ) ) ;
#3334 = CARTESIAN_POINT ( 'NONE',  ( 0.06542438130972610955, 0.06542438130972615118, 0.4249999999999999889 ) ) ;
#3335 = CARTESIAN_POINT ( 'NONE',  ( 0.000000000000000000, 0.1249999999999999584, 0.3062499999999999667 ) ) ;
#3336 = CARTESIAN_POINT ( 'NONE',  ( -0.1638349478928894098, 0.09442855863491834978, 0.7500000000000001110 ) ) ;
#3337 = CARTESIAN_POINT ( 'NONE',  ( 0.03832471526136869283, -0.09252404735808335279, 0.6031249999999999112 ) ) ;
#3338 = CARTESIAN_POINT ( 'NONE',  ( 0.08838834764831839108, 0.08838834764831851598, 0.6937500000000000888 ) ) ;
#3339 = CARTESIAN_POINT ( 'NONE',  ( -0.06542438130972608179, 0.06542438130972612342, 0.2812499999999999445 ) ) ;
#3340 = VERTEX_POINT ( 'NONE', #3054 ) ;
#3341 = B_SPLINE_CURVE_WITH_KNOTS ( 'NONE', 3,
 ( #3977, #2973, #1121, #2603, #696, #397, #3411, #2289, #4234, #3487, #3118, #163, #1631, #2787, #251, #4707, #218, #2496 ),
 .UNSPECIFIED., .F., .F.,
 ( 4, 2, 2, 2, 2, 2, 2, 2, 4 ),
 ( 0.000000000000000000, 0.06250000000000000000, 0.1249999999999999861, 0.1874999999999999722, 0.2499999999999999445, 0.3124999999999999445, 0.3749999999999999445, 0.4374999999999999445, 0.5000000000000000000 ),
 .UNSPECIFIED. ) ;
#3342 = CARTESIAN_POINT ( 'NONE',  ( -1.133092784412350307E-17, -0.09252404735808350544, 0.1000000000000000194 ) ) ;
#3343 = CARTESIAN_POINT ( 'NONE',  ( 0.09976521464590311361, -0.05784808169439142195, 0.02755735962328548574 ) ) ;
#3344 = CARTESIAN_POINT ( 'NONE',  ( -0.06542438130972610955, -0.06542438130972592913, 0.7500000000000001110 ) ) ;
#3345 = CARTESIAN_POINT ( 'NONE',  ( -0.1349437795129976303, 0.1037047591374619659, 1.000000000000000000 ) ) ;
#3346 = EDGE_CURVE ( 'NONE', #2561, #4732, #1378, .T. ) ;
#3347 = ORIENTED_EDGE ( 'NONE', *, *, #2409, .T. ) ;
#3348 = CARTESIAN_POINT ( 'NONE',  ( 0.1152275101527309303, -0.1499375327922242152, 0.9812499999999999556 ) ) ;
#3349 = EDGE_CURVE ( 'NONE', #2150, #1440, #2042, .T. ) ;
#3350 = CARTESIAN_POINT ( 'NONE',  ( 0.1249999999999999167, 1.118707742783164828E-16, 0.6437500000000000444 ) ) ;
#3351 = CARTESIAN_POINT ( 'NONE',  ( -1.530808498934190893E-17, -0.1249999999999997918, 0.6312500000000000888 ) ) ;
#3352 = CARTESIAN_POINT ( 'NONE',  ( -1.133092784412350307E-17, -0.09252404735808331115, 0.7000000000000000666 ) ) ;
#3353 = ORIENTED_EDGE ( 'NONE', *, *, #1801, .T. ) ;
#3354 = CARTESIAN_POINT ( 'NONE',  ( -0.03832471526136872753, -0.09252404735808351932, 0.05312500000000003331 ) ) ;
#3355 = CARTESIAN_POINT ( 'NONE',  ( 0.000000000000000000, 0.09252404735808347769, 0.2312499999999999833 ) ) ;
#3356 = CARTESIAN_POINT ( 'NONE',  ( 0.0006060562942518053211, 0.1053792684995788348, 0.01765751283269198502 ) ) ;
#3357 = CARTESIAN_POINT ( 'NONE',  ( -0.1638349478928962932, 0.09442855863492119473, 0.7593750000000000222 ) ) ;
#3358 = VERTEX_POINT ( 'NONE', #4355 ) ;
#3359 = CARTESIAN_POINT ( 'NONE',  ( -0.03832471526136872059, 0.09252404735808361647, 0.6843749999999999556 ) ) ;
#3360 = LINE ( 'NONE', #1123, #1726 ) ;
#3361 = CARTESIAN_POINT ( 'NONE',  ( -0.03832471526136872059, -0.09252404735808332503, 0.6468750000000000888 ) ) ;
#3362 = CARTESIAN_POINT ( 'NONE',  ( 0.03832471526136869283, -0.09252404735808343605, 0.3531250000000000222 ) ) ;
#3363 = VERTEX_POINT ( 'NONE', #3584 ) ;
#3364 = CARTESIAN_POINT ( 'NONE',  ( -0.03832471526136870671, 0.09252404735808351932, 0.3281250000000000000 ) ) ;
#3365 = CARTESIAN_POINT ( 'NONE',  ( -0.09252404735808350544, -0.03832471526136875528, 0.04687500000000001388 ) ) ;
#3366 = CARTESIAN_POINT ( 'NONE',  ( 0.03921503612455887189, -0.08380262693537951502, 0.7034921628294172891 ) ) ;
#3367 = CARTESIAN_POINT ( 'NONE',  ( 0.1249999999999999167, 0.05177669529663687931, 0.09062500000000001110 ) ) ;
#3368 = CARTESIAN_POINT ( 'NONE',  ( -0.06542438130972609567, 0.06542438130972624832, 0.6875000000000000000 ) ) ;
#3369 = CARTESIAN_POINT ( 'NONE',  ( -0.04907772852307668715, 0.1826198767901004716, 0.9812499999999999556 ) ) ;
#3370 = ADVANCED_FACE ( 'NONE', ( #4331 ), #4688, .T. ) ;
#3371 = CARTESIAN_POINT ( 'NONE',  ( -0.09252404735808350544, -0.03832471526136876916, -0.003124999999999993235 ) ) ;
#3372 = FACE_OUTER_BOUND ( 'NONE', #250, .T. ) ;
#3373 = CARTESIAN_POINT ( 'NONE',  ( 0.05177669529663682380, -0.1249999999999999861, 0.02812500000000003539 ) ) ;
#3374 = CARTESIAN_POINT ( 'NONE',  ( 0.03832471526136869283, -0.09252404735808336667, 0.5531250000000001998 ) ) ;
#3375 = EDGE_LOOP ( 'NONE', ( #4022, #428 ) ) ;
#3376 = CARTESIAN_POINT ( 'NONE',  ( -1.133092784412350615E-17, -0.09252404735808340830, 0.4562500000000000999 ) ) ;
#3377 = FACE_OUTER_BOUND ( 'NONE', #443, .T. ) ;
#3378 = CARTESIAN_POINT ( 'NONE',  ( 0.1638349478928925740, -0.09442855863492000124, 0.7500000000000001110 ) ) ;
#3379 = AXIS2_PLACEMENT_3D ( 'NONE', #4521, #2944, #2251 ) ;
#3380 = CARTESIAN_POINT ( 'NONE',  ( -0.06542438130972609567, 0.06542438130972623445, 0.6374999999999999556 ) ) ;
#3381 = EDGE_CURVE ( 'NONE', #502, #3454, #904, .T. ) ;
#3382 = FACE_OUTER_BOUND ( 'NONE', #4288, .T. ) ;
#3383 = CARTESIAN_POINT ( 'NONE',  ( 0.1638349478928925740, -0.09442855863492000124, 0.7500000000000001110 ) ) ;
#3384 = CARTESIAN_POINT ( 'NONE',  ( 0.05177669529663682380, -0.1249999999999999167, 0.3281250000000000555 ) ) ;
#3385 = CARTESIAN_POINT ( 'NONE',  ( 0.06542438130972608179, -0.06542438130972597077, 0.6062499999999999556 ) ) ;
#3386 = CARTESIAN_POINT ( 'NONE',  ( -0.09252404735808346381, 0.03832471526136876222, 0.3343750000000000333 ) ) ;
#3387 = ORIENTED_EDGE ( 'NONE', *, *, #1167, .T. ) ;
#3388 = AXIS2_PLACEMENT_3D ( 'NONE', #4735, #4382, #1380 ) ;
#3389 = CARTESIAN_POINT ( 'NONE',  ( -0.09252404735808346381, 5.004476146783770330E-17, 0.3375000000000000222 ) ) ;
#3390 = CARTESIAN_POINT ( 'NONE',  ( -0.09252404735808350544, -0.03832471526136860263, 0.5468750000000001110 ) ) ;
#3391 = CARTESIAN_POINT ( 'NONE',  ( 0.03832471526136869977, -0.09252404735808351932, 0.1093750000000000416 ) ) ;
#3392 = CARTESIAN_POINT ( 'NONE',  ( 0.05575828577842525252, -0.07610429187403872087, 0.7042823474416404217 ) ) ;
#3393 = CARTESIAN_POINT ( 'NONE',  ( 0.000000000000000000, 0.1249999999999999029, 0.09999999999999997780 ) ) ;
#3394 = CARTESIAN_POINT ( 'NONE',  ( 0.03832471526136869977, -0.09252404735808333891, 0.7593749999999999112 ) ) ;
#3395 = CARTESIAN_POINT ( 'NONE',  ( -0.1638349479016298349, 0.09442855861383644966, 0.9812499999999999556 ) ) ;
#3396 = CARTESIAN_POINT ( 'NONE',  ( 0.04088777990214593344, 0.1008129280403044087, 0.7126874471101144470 ) ) ;
#3397 = CARTESIAN_POINT ( 'NONE',  ( -0.1874999999999998057, 0.02454369260617023096, 0.9812500000000001776 ) ) ;
#3398 = ORIENTED_EDGE ( 'NONE', *, *, #3842, .T. ) ;
#3399 = CARTESIAN_POINT ( 'NONE',  ( 0.08838834764831839108, 0.08838834764831833557, 0.1437499999999999889 ) ) ;
#3400 = CARTESIAN_POINT ( 'NONE',  ( -0.06542438130972608179, -0.06542438130972590138, 0.7437500000000001332 ) ) ;
#3401 = CARTESIAN_POINT ( 'NONE',  ( -0.06542438130972610955, -0.06542438130972613730, 0.05000000000000002359 ) ) ;
#3402 = CARTESIAN_POINT ( 'NONE',  ( 9.049246479012871048E-16, -0.1082531754730551021, 1.000000000000000000 ) ) ;
#3403 = CARTESIAN_POINT ( 'NONE',  ( 0.1874999999999998335, 2.219009066670379316E-17, 0.7593750000000000222 ) ) ;
#3404 =( BOUNDED_SURFACE ( )  B_SPLINE_SURFACE ( 1, 2, ( 
 ( #87, #2645, #55, #4220, #2691, #4148, #2623, #714, #3042, #3373, #4195, #1868, #4517, #2325, #3020, #2244, #414, #3471, #1562, #441, #3744, #392, #4172, #3083, #1190, #1967, #1898, #739, #2274, #758, #807, #2349, #3061, #365, #3845, #30, #1594, #3107, #2301, #1093, #1921, #4122, #3421, #3797, #343, #4896, #3399, #1488, #2994, #2248, #4494, #1364, #1095, #4394, #869, #2332, #3504, #1243, #2754, #3823, #4863, #36, #495, #3137, #2004, #468, #4571, #2355, #3851, #398, #788, #2381, #448, #2029, #2779, #1947, #3897, #1454, #1927, #4199, #1168, #3876, #419, #1571, #706, #4484, #1979, #1623, #1085, #2307, #3801, #3426, #3450, #1197, #2727, #61, #2697, #3089, #4600, #4226, #813, #94, #1600, #3113, #4624, #113, #1222, #4248, #842, #4652, #3264, #3970, #4675, #2827, #154, #2051, #2848, #1365, #3993, #514, #3158, #2429, #228, #3551, #2898, #4296, #1747, #4700, #4772, #182, #894, #4395, #2479, #993, #2531, #1272, #4015, #3916, #3944, #4722, #1317, #540, #3526, #131, #3184, #614, #1295, #1673, #1646, #4321, #920, #587, #2804, #2457, #1719, #2080, #3574, #563, #1696, #3206, #4345, #945, #2102, #3596, #2117, #203, #3237, #4747, #1341, #2872, #4369, #967, #2505, #3612, #1871, #4817, #4495, #1491, #1116, #1415, #1821, #3597, #4397, #1342, #641, #4748, #2506, #4046, #968, #205, #272, #1442, #1416, #3328, #1720, #3286, #995, #1794, #2555, #4849, #4774, #2118, #588, #4017, #3695, #4446, #1023, #3613, #664, #2920, #299, #1044, #2532, #2576, #4793, #4073, #1389, #2143, #4471, #2967, #229, #3239, #616, #1070, #2166, #3971, #254, #3305, #564, #1367, #2192, #1822, #4819, #1769, #2103, #3994, #2873, #4370, #1748, #3265, #4425, #3664, #5, #2625, #2277, #1973, #2750, #2406, #2025, #3636, #660, #2184, #4418, #1017, #4038, #2162, #3659 ),
 ( #2572, #4067, #1815, #4342, #3794, #3371, #2216, #4539, #4560, #412, #4840, #82, #1957, #4912, #3457, #357, #4582, #73, #406, #1886, #336, #3365, #4162, #1107, #1934, #4511, #2264, #3436, #732, #4887, #46, #1206, #1178, #3098, #1478, #3053, #2293, #1553, #2316, #4610, #4534, #3391, #1507, #3788, #1582, #2707, #775, #3036, #432, #2681, #2735, #4210, #385, #798, #4555, #2340, #1151, #1913, #4235, #825, #1131, #3009, #3414, #3735, #3074, #1860, #20, #3835, #2638, #2658, #4139, #3761, #1528, #4188, #1632, #3905, #2811, #164, #2948, #1544, #2629, #9, #4546, #4502, #1498, #3427, #1143, #2604, #2226, #373, #3726, #814, #3480, #469, #3505, #155, #496, #3527, #4625, #1223, #2190, #4396, #1671, #2722, #3180, #1972, #2775, #4698, #4768, #965, #3938, #2075, #199, #1789, #3232, #3203, #4813, #1339, #2869, #4417, #1359, #987, #2893, #2916, #2526, #1314, #2138, #1694, #940, #3967, #4066, #3688, #1462, #4685, #2322, #4305, #2440, #2562, #2152, #2227, #596, #2879, #3334, #2975, #2125, #328, #3727, #1755, #306, #3246, #671, #1395, #1800, #4475, #4104, #1422, #2905, #1076, #3312, #280, #2198, #1776, #974, #4828, #4800, #2514, #4000, #3624, #237, #2928, #2949, #3270, #2173, #1373, #4404, #1002, #4025, #625, #3647, #4431, #4054, #3673, #10, #4503, #2333, #3754, #722, #2673, #3405, #1102, #399, #2255, #3001, #1905, #4903, #3028, #1520, #1545, #2651, #4547, #1499, #789, #1877, #374, #4227, #37, #351, #1169, #2630, #2357, #3380, #4132, #3046, #3067, #2308, #1144, #4526, #63, #4573, #4200, #1122, #4155, #4180, #745, #1928, #3359, #766, #3802, #3824, #3428, #1572, #2698, #421, #2284, #1948, #3090, #4601, #3780, #815, #3852, #1852, #4877, #1470, #1624, #3552, #921, #3528, #4322, #2430, #2481, #3481, #3207, #1245, #844, #2382, #2780, #4272 ) ),
 .UNSPECIFIED., .F., .F., .T. ) 
 B_SPLINE_SURFACE_WITH_KNOTS ( ( 2, 2 ),
 ( 3, 2, 2, 2, 2, 2, 2, 2, 2, 2, 2, 2, 2, 2, 2, 2, 2, 2, 2, 2, 2, 2, 2, 2, 2, 2, 2, 2, 2, 2, 2, 2, 2, 2, 2, 2, 2, 2, 2, 2, 2, 2, 2, 2, 2, 2, 2, 2, 2, 2, 2, 2, 2, 2, 2, 2, 2, 2, 2, 2, 2, 2, 2, 2, 2, 2, 2, 2, 2, 2, 2, 2, 2, 2, 2, 2, 2, 2, 2, 2, 2, 2, 2, 2, 2, 2, 2, 2, 2, 2, 2, 2, 2, 2, 2, 2, 2, 2, 2, 2, 2, 2, 2, 2, 2, 2, 2, 2, 2, 2, 2, 2, 2, 2, 2, 2, 2, 2, 2, 2, 2, 2, 2, 2, 2, 2, 2, 2, 3 ),
 ( 0.000000000000000000, 1.000000000000000000 ),
 ( 0.000000000000000000, 0.007812500000000000000, 0.01562500000000000000, 0.02343750000000000000, 0.03125000000000000000, 0.03906250000000000000, 0.04687500000000000000, 0.05468750000000000000, 0.06250000000000000000, 0.07031250000000000000, 0.07812500000000000000, 0.08593750000000000000, 0.09375000000000000000, 0.1015625000000000000, 0.1093750000000000000, 0.1171875000000000000, 0.1250000000000000000, 0.1328125000000000000, 0.1406250000000000000, 0.1484375000000000000, 0.1562500000000000000, 0.1640625000000000000, 0.1718750000000000000, 0.1796875000000000000, 0.1875000000000000000, 0.1953125000000000000, 0.2031250000000000000, 0.2109375000000000000, 0.2187500000000000000, 0.2265625000000000000, 0.2343750000000000000, 0.2421875000000000000, 0.2500000000000000000, 0.2578125000000000000, 0.2656250000000000000, 0.2734375000000000000, 0.2812500000000000000, 0.2890625000000000000, 0.2968750000000000000, 0.3046875000000000000, 0.3125000000000000000, 0.3203125000000000000, 0.3281250000000000000, 0.3359375000000000000, 0.3437500000000000000, 0.3515625000000000000, 0.3593750000000000000, 0.3671875000000000000, 0.3750000000000000000, 0.3828125000000000000, 0.3906250000000000000, 0.3984375000000000000, 0.4062500000000000000, 0.4140625000000000000, 0.4218750000000000000, 0.4296875000000000000, 0.4375000000000000000, 0.4453125000000000000, 0.4531250000000000000, 0.4609375000000000000, 0.4687500000000000000, 0.4765625000000000000, 0.4843750000000000000, 0.4921875000000000000, 0.5000000000000000000, 0.5078125000000000000, 0.5156250000000000000, 0.5234375000000000000, 0.5312500000000000000, 0.5390625000000000000, 0.5468750000000000000, 0.5546875000000000000, 0.5625000000000000000, 0.5703125000000000000, 0.5781250000000000000, 0.5859375000000000000, 0.5937500000000000000, 0.6015625000000000000, 0.6093750000000000000, 0.6171875000000000000, 0.6250000000000000000, 0.6328125000000000000, 0.6406250000000000000, 0.6484375000000000000, 0.6562500000000000000, 0.6640625000000000000, 0.6718750000000000000, 0.6796875000000000000, 0.6875000000000000000, 0.6953125000000000000, 0.7031250000000000000, 0.7109375000000000000, 0.7187500000000000000, 0.7265625000000000000, 0.7343750000000000000, 0.7421875000000000000, 0.7500000000000000000, 0.7578125000000000000, 0.7656250000000000000, 0.7734375000000000000, 0.7812500000000000000, 0.7890625000000000000, 0.7968750000000000000, 0.8046875000000000000, 0.8125000000000000000, 0.8203125000000000000, 0.8281250000000000000, 0.8359375000000000000, 0.8437500000000000000, 0.8515625000000000000, 0.8593750000000000000, 0.8671875000000000000, 0.8750000000000000000, 0.8828125000000000000, 0.8906250000000000000, 0.8984375000000000000, 0.9062500000000000000, 0.9140625000000000000, 0.9218750000000000000, 0.9296875000000000000, 0.9375000000000000000, 0.9453125000000000000, 0.9531250000000000000, 0.9609375000000000000, 0.9687500000000000000, 0.9765625000000000000, 0.9843750000000000000, 0.9921875000000000000, 1.000000000000000000 ),
 .UNSPECIFIED. ) 
 GEOMETRIC_REPRESENTATION_ITEM ( )  RATIONAL_B_SPLINE_SURFACE ( (
 ( 1.000000000000000000, 0.9238795325112867385, 1.000000000000000000, 0.9238795325112867385, 1.000000000000000000, 0.9238795325112867385, 1.000000000000000000, 0.9238795325112867385, 1.000000000000000000, 0.9238795325112867385, 1.000000000000000000, 0.9238795325112867385, 1.000000000000000000, 0.9238795325112867385, 1.000000000000000000, 0.9238795325112867385, 1.000000000000000000, 0.9238795325112867385, 1.000000000000000000, 0.9238795325112867385, 1.000000000000000000, 0.9238795325112867385, 1.000000000000000000, 0.9238795325112867385, 1.000000000000000000, 0.9238795325112867385, 1.000000000000000000, 0.9238795325112867385, 1.000000000000000000, 0.9238795325112867385, 1.000000000000000000, 0.9238795325112867385, 1.000000000000000000, 0.9238795325112867385, 1.000000000000000000, 0.9238795325112867385, 1.000000000000000000, 0.9238795325112867385, 1.000000000000000000, 0.9238795325112867385, 1.000000000000000000, 0.9238795325112867385, 1.000000000000000000, 0.9238795325112867385, 1.000000000000000000, 0.9238795325112867385, 1.000000000000000000, 0.9238795325112867385, 1.000000000000000000, 0.9238795325112867385, 1.000000000000000000, 0.9238795325112867385, 1.000000000000000000, 0.9238795325112867385, 1.000000000000000000, 0.9238795325112867385, 1.000000000000000000, 0.9238795325112867385, 1.000000000000000000, 0.9238795325112867385, 1.000000000000000000, 0.9238795325112867385, 1.000000000000000000, 0.9238795325112867385, 1.000000000000000000, 0.9238795325112867385, 1.000000000000000000, 0.9238795325112867385, 1.000000000000000000, 0.9238795325112867385, 1.000000000000000000, 0.9238795325112867385, 1.000000000000000000, 0.9238795325112867385, 1.000000000000000000, 0.9238795325112867385, 1.000000000000000000, 0.9238795325112867385, 1.000000000000000000, 0.9238795325112867385, 1.000000000000000000, 0.9238795325112867385, 1.000000000000000000, 0.9238795325112867385, 1.000000000000000000, 0.9238795325112867385, 1.000000000000000000, 0.9238795325112867385, 1.000000000000000000, 0.9238795325112867385, 1.000000000000000000, 0.9238795325112867385, 1.000000000000000000, 0.9238795325112867385, 1.000000000000000000, 0.9238795325112867385, 1.000000000000000000, 0.9238795325112867385, 1.000000000000000000, 0.9238795325112867385, 1.000000000000000000, 0.9238795325112867385, 1.000000000000000000, 0.9238795325112867385, 1.000000000000000000, 0.9238795325112867385, 1.000000000000000000, 0.9238795325112867385, 1.000000000000000000, 0.9238795325112867385, 1.000000000000000000, 0.9238795325112867385, 1.000000000000000000, 0.9238795325112867385, 1.000000000000000000, 0.9238795325112867385, 1.000000000000000000, 0.9238795325112867385, 1.000000000000000000, 0.9238795325112867385, 1.000000000000000000, 0.9238795325112867385, 1.000000000000000000, 0.9238795325112867385, 1.000000000000000000, 0.9238795325112867385, 1.000000000000000000, 0.9238795325112867385, 1.000000000000000000, 0.9238795325112867385, 1.000000000000000000, 0.9238795325112867385, 1.000000000000000000, 0.9238795325112867385, 1.000000000000000000, 0.9238795325112867385, 1.000000000000000000, 0.9238795325112867385, 1.000000000000000000, 0.9238795325112867385, 1.000000000000000000, 0.9238795325112867385, 1.000000000000000000, 0.9238795325112867385, 1.000000000000000000, 0.9238795325112867385, 1.000000000000000000, 0.9238795325112867385, 1.000000000000000000, 0.9238795325112867385, 1.000000000000000000, 0.9238795325112867385, 1.000000000000000000, 0.9238795325112867385, 1.000000000000000000, 0.9238795325112867385, 1.000000000000000000, 0.9238795325112867385, 1.000000000000000000, 0.9238795325112867385, 1.000000000000000000, 0.9238795325112867385, 1.000000000000000000, 0.9238795325112867385, 1.000000000000000000, 0.9238795325112867385, 1.000000000000000000, 0.9238795325112867385, 1.000000000000000000, 0.9238795325112867385, 1.000000000000000000, 0.9238795325112867385, 1.000000000000000000, 0.9238795325112867385, 1.000000000000000000, 0.9238795325112867385, 1.000000000000000000, 0.9238795325112867385, 1.000000000000000000, 0.9238795325112867385, 1.000000000000000000, 0.9238795325112867385, 1.000000000000000000, 0.9238795325112867385, 1.000000000000000000, 0.9238795325112867385, 1.000000000000000000, 0.9238795325112867385, 1.000000000000000000, 0.9238795325112867385, 1.000000000000000000, 0.9238795325112867385, 1.000000000000000000, 0.9238795325112867385, 1.000000000000000000, 0.9238795325112867385, 1.000000000000000000, 0.9238795325112867385, 1.000000000000000000, 0.9238795325112867385, 1.000000000000000000, 0.9238795325112867385, 1.000000000000000000, 0.9238795325112867385, 1.000000000000000000, 0.9238795325112867385, 1.000000000000000000, 0.9238795325112867385, 1.000000000000000000, 0.9238795325112867385, 1.000000000000000000, 0.9238795325112867385, 1.000000000000000000, 0.9238795325112867385, 1.000000000000000000, 0.9238795325112867385, 1.000000000000000000, 0.9238795325112867385, 1.000000000000000000, 0.9238795325112867385, 1.000000000000000000, 0.9238795325112867385, 1.000000000000000000, 0.9238795325112867385, 1.000000000000000000, 0.9238795325112867385, 1.000000000000000000, 0.9238795325112867385, 1.000000000000000000, 0.9238795325112867385, 1.000000000000000000, 0.9238795325112867385, 1.000000000000000000, 0.9238795325112867385, 1.000000000000000000, 0.9238795325112867385, 1.000000000000000000, 0.9238795325112867385, 1.000000000000000000, 0.9238795325112867385, 1.000000000000000000, 0.9238795325112867385, 1.000000000000000000, 0.9238795325112867385, 1.000000000000000000, 0.9238795325112867385, 1.000000000000000000, 0.9238795325112867385, 1.000000000000000000, 0.9238795325112867385, 1.000000000000000000, 0.9238795325112867385, 1.000000000000000000, 0.9238795325112867385, 1.000000000000000000, 0.9238795325112867385, 1.000000000000000000),
 ( 1.000000000000000000, 0.9238795325112867385, 1.000000000000000000, 0.9238795325112867385, 1.000000000000000000, 0.9238795325112867385, 1.000000000000000000, 0.9238795325112867385, 1.000000000000000000, 0.9238795325112867385, 1.000000000000000000, 0.9238795325112867385, 1.000000000000000000, 0.9238795325112867385, 1.000000000000000000, 0.9238795325112867385, 1.000000000000000000, 0.9238795325112867385, 1.000000000000000000, 0.9238795325112867385, 1.000000000000000000, 0.9238795325112867385, 1.000000000000000000, 0.9238795325112867385, 1.000000000000000000, 0.9238795325112867385, 1.000000000000000000, 0.9238795325112867385, 1.000000000000000000, 0.9238795325112867385, 1.000000000000000000, 0.9238795325112867385, 1.000000000000000000, 0.9238795325112867385, 1.000000000000000000, 0.9238795325112867385, 1.000000000000000000, 0.9238795325112867385, 1.000000000000000000, 0.9238795325112867385, 1.000000000000000000, 0.9238795325112867385, 1.000000000000000000, 0.9238795325112867385, 1.000000000000000000, 0.9238795325112867385, 1.000000000000000000, 0.9238795325112867385, 1.000000000000000000, 0.9238795325112867385, 1.000000000000000000, 0.9238795325112867385, 1.000000000000000000, 0.9238795325112867385, 1.000000000000000000, 0.9238795325112867385, 1.000000000000000000, 0.9238795325112867385, 1.000000000000000000, 0.9238795325112867385, 1.000000000000000000, 0.9238795325112867385, 1.000000000000000000, 0.9238795325112867385, 1.000000000000000000, 0.9238795325112867385, 1.000000000000000000, 0.9238795325112867385, 1.000000000000000000, 0.9238795325112867385, 1.000000000000000000, 0.9238795325112867385, 1.000000000000000000, 0.9238795325112867385, 1.000000000000000000, 0.9238795325112867385, 1.000000000000000000, 0.9238795325112867385, 1.000000000000000000, 0.9238795325112867385, 1.000000000000000000, 0.9238795325112867385, 1.000000000000000000, 0.9238795325112867385, 1.000000000000000000, 0.9238795325112867385, 1.000000000000000000, 0.9238795325112867385, 1.000000000000000000, 0.9238795325112867385, 1.000000000000000000, 0.9238795325112867385, 1.000000000000000000, 0.9238795325112867385, 1.000000000000000000, 0.9238795325112867385, 1.000000000000000000, 0.9238795325112867385, 1.000000000000000000, 0.9238795325112867385, 1.000000000000000000, 0.9238795325112867385, 1.000000000000000000, 0.9238795325112867385, 1.000000000000000000, 0.9238795325112867385, 1.000000000000000000, 0.9238795325112867385, 1.000000000000000000, 0.9238795325112867385, 1.000000000000000000, 0.9238795325112867385, 1.000000000000000000, 0.9238795325112867385, 1.000000000000000000, 0.9238795325112867385, 1.000000000000000000, 0.9238795325112867385, 1.000000000000000000, 0.9238795325112867385, 1.000000000000000000, 0.9238795325112867385, 1.000000000000000000, 0.9238795325112867385, 1.000000000000000000, 0.9238795325112867385, 1.000000000000000000, 0.9238795325112867385, 1.000000000000000000, 0.9238795325112867385, 1.000000000000000000, 0.9238795325112867385, 1.000000000000000000, 0.9238795325112867385, 1.000000000000000000, 0.9238795325112867385, 1.000000000000000000, 0.9238795325112867385, 1.000000000000000000, 0.9238795325112867385, 1.000000000000000000, 0.9238795325112867385, 1.000000000000000000, 0.9238795325112867385, 1.000000000000000000, 0.9238795325112867385, 1.000000000000000000, 0.9238795325112867385, 1.000000000000000000, 0.9238795325112867385, 1.000000000000000000, 0.9238795325112867385, 1.000000000000000000, 0.9238795325112867385, 1.000000000000000000, 0.9238795325112867385, 1.000000000000000000, 0.9238795325112867385, 1.000000000000000000, 0.9238795325112867385, 1.000000000000000000, 0.9238795325112867385, 1.000000000000000000, 0.9238795325112867385, 1.000000000000000000, 0.9238795325112867385, 1.000000000000000000, 0.9238795325112867385, 1.000000000000000000, 0.9238795325112867385, 1.000000000000000000, 0.9238795325112867385, 1.000000000000000000, 0.9238795325112867385, 1.000000000000000000, 0.9238795325112867385, 1.000000000000000000, 0.9238795325112867385, 1.000000000000000000, 0.9238795325112867385, 1.000000000000000000, 0.9238795325112867385, 1.000000000000000000, 0.9238795325112867385, 1.000000000000000000, 0.9238795325112867385, 1.000000000000000000, 0.9238795325112867385, 1.000000000000000000, 0.9238795325112867385, 1.000000000000000000, 0.9238795325112867385, 1.000000000000000000, 0.9238795325112867385, 1.000000000000000000, 0.9238795325112867385, 1.000000000000000000, 0.9238795325112867385, 1.000000000000000000, 0.9238795325112867385, 1.000000000000000000, 0.9238795325112867385, 1.000000000000000000, 0.9238795325112867385, 1.000000000000000000, 0.9238795325112867385, 1.000000000000000000, 0.9238795325112867385, 1.000000000000000000, 0.9238795325112867385, 1.000000000000000000, 0.9238795325112867385, 1.000000000000000000, 0.9238795325112867385, 1.000000000000000000, 0.9238795325112867385, 1.000000000000000000, 0.9238795325112867385, 1.000000000000000000, 0.9238795325112867385, 1.000000000000000000, 0.9238795325112867385, 1.000000000000000000, 0.9238795325112867385, 1.000000000000000000, 0.9238795325112867385, 1.000000000000000000, 0.9238795325112867385, 1.000000000000000000, 0.9238795325112867385, 1.000000000000000000, 0.9238795325112867385, 1.000000000000000000, 0.9238795325112867385, 1.000000000000000000, 0.9238795325112867385, 1.000000000000000000, 0.9238795325112867385, 1.000000000000000000, 0.9238795325112867385, 1.000000000000000000, 0.9238795325112867385, 1.000000000000000000, 0.9238795325112867385, 1.000000000000000000, 0.9238795325112867385, 1.000000000000000000, 0.9238795325112867385, 1.000000000000000000, 0.9238795325112867385, 1.000000000000000000, 0.9238795325112867385, 1.000000000000000000, 0.9238795325112867385, 1.000000000000000000, 0.9238795325112867385, 1.000000000000000000) ) ) 
 REPRESENTATION_ITEM ( '' )  SURFACE ( )  );
#3405 = CARTESIAN_POINT ( 'NONE',  ( 0.09252404735808347769, 9.568460692270243625E-17, 0.5687500000000000888 ) ) ;
#3406 = CARTESIAN_POINT ( 'NONE',  ( 0.02454369240633502008, -0.1874999999999998335, 0.7500000000000001110 ) ) ;
#3407 = CARTESIAN_POINT ( 'NONE',  ( 0.09252404735808344993, -0.03832471526136860263, 0.7093749999999999778 ) ) ;
#3408 = ORIENTED_EDGE ( 'NONE', *, *, #2825, .T. ) ;
#3409 = CARTESIAN_POINT ( 'NONE',  ( 0.03832471526136869977, -0.09252404735808338054, 0.6093750000000001110 ) ) ;
#3410 = CARTESIAN_POINT ( 'NONE',  ( -0.03832471526136872059, -0.09252404735808343605, 0.3468750000000000444 ) ) ;
#3411 = CARTESIAN_POINT ( 'NONE',  ( -0.08495837654803191363, -0.1474597276623769715, 1.000000000000000222 ) ) ;
#3412 = EDGE_LOOP ( 'NONE', ( #3218, #868, #4192, #4328 ) ) ;
#3413 = CARTESIAN_POINT ( 'NONE',  ( 0.03832471526136869283, -0.09252404735808343605, 0.4031250000000000111 ) ) ;
#3414 = CARTESIAN_POINT ( 'NONE',  ( 0.06542438130972610955, 0.06542438130972608179, 0.1749999999999999889 ) ) ;
#3415 = CARTESIAN_POINT ( 'NONE',  ( -0.1220782933162813944, -0.01748253054624728658, 0.7209927750836343519 ) ) ;
#3416 = CARTESIAN_POINT ( 'NONE',  ( -0.09252404735808350544, 0.03832471526136887324, 0.6906250000000000444 ) ) ;
#3417 = EDGE_CURVE ( 'NONE', #332, #654, #1316, .T. ) ;
#3418 = CARTESIAN_POINT ( 'NONE',  ( -0.02206091049058247350, 0.1687528125974826210, 1.000000000000000000 ) ) ;
#3419 = CARTESIAN_POINT ( 'NONE',  ( 0.06542438130972608179, -0.06542438130972615118, 0.006250000000000014225 ) ) ;
#3420 = EDGE_LOOP ( 'NONE', ( #892, #4357, #3013, #1082, #962, #4754, #1966, #1267, #2537, #4171, #1923, #2914, #1679, #562, #4303, #4596, #1189, #4842, #2745, #2845, #1301, #1028, #569, #2178, #548, #3027, #2581, #416, #3890, #4197, #716 ) ) ;
#3421 = CARTESIAN_POINT ( 'NONE',  ( 0.08838834764831837720, -0.08838834764831840496, 0.1312500000000000333 ) ) ;
#3422 = CARTESIAN_POINT ( 'NONE',  ( 0.1249999999999999306, -6.534445030921663043E-17, 0.04375000000000000416 ) ) ;
#3423 = CARTESIAN_POINT ( 'NONE',  ( -0.1299999999999999212, -5.530426628471140438E-17, 0.7312500000000000666 ) ) ;
#3424 = CARTESIAN_POINT ( 'NONE',  ( 0.02454369240633527682, 0.1874999999999998335, 0.7593750000000000222 ) ) ;
#3425 = VERTEX_POINT ( 'NONE', #1757 ) ;
#3426 = CARTESIAN_POINT ( 'NONE',  ( 0.1249999999999998751, -0.05177669529663688625, 0.2843750000000000444 ) ) ;
#3427 = CARTESIAN_POINT ( 'NONE',  ( -0.09252404735808350544, -0.03832471526136869977, 0.2468750000000000666 ) ) ;
#3428 = CARTESIAN_POINT ( 'NONE',  ( -0.09252404735808350544, -0.03832471526136856099, 0.6968750000000002442 ) ) ;
#3429 = DIRECTION ( 'NONE',  ( -0.000000000000000000, -0.000000000000000000, -1.000000000000000000 ) ) ;
#3430 = CARTESIAN_POINT ( 'NONE',  ( 0.000000000000000000, 7.549139889267777477E-20, 0.000000000000000000 ) ) ;
#3431 = DIRECTION ( 'NONE',  ( -1.000000000000000000, 0.000000000000000000, 0.000000000000000000 ) ) ;
#3432 = ORIENTED_EDGE ( 'NONE', *, *, #3895, .F. ) ;
#3433 = CARTESIAN_POINT ( 'NONE',  ( 0.09252404735808344993, 0.03832471526136882467, 0.5156250000000000000 ) ) ;
#3434 =( BOUNDED_CURVE ( )  B_SPLINE_CURVE ( 2, ( #1576, #4253, #2387 ),
 .UNSPECIFIED., .F., .F. ) 
 B_SPLINE_CURVE_WITH_KNOTS ( ( 3, 3 ),
 ( 0.000000000000000000, 1.000000000000000000 ),
 .UNSPECIFIED. ) 
 CURVE ( )  GEOMETRIC_REPRESENTATION_ITEM ( )  RATIONAL_B_SPLINE_CURVE ( ( 1.000000000000000000, 0.3333333333333334259, 1.000000000000000000 ) ) 
 REPRESENTATION_ITEM ( '' )  );
#3435 = CARTESIAN_POINT ( 'NONE',  ( 0.06542438130972610955, 0.06542438130972613730, 0.4187500000000000111 ) ) ;
#3436 = CARTESIAN_POINT ( 'NONE',  ( 0.09252404735808347769, -0.03832471526136879691, 0.06562500000000000278 ) ) ;
#3437 = CARTESIAN_POINT ( 'NONE',  ( -1.530808498934190276E-17, -0.1249999999999998751, 0.2750000000000000777 ) ) ;
#3438 = CARTESIAN_POINT ( 'NONE',  ( -0.09252404735808347769, 0.03832471526136873446, 0.2343750000000000000 ) ) ;
#3439 = CARTESIAN_POINT ( 'NONE',  ( 0.08838834764831837720, -0.08838834764831832169, 0.3812500000000000888 ) ) ;
#3440 = EDGE_CURVE ( 'NONE', #2058, #3760, #1253, .T. ) ;
#3441 = CARTESIAN_POINT ( 'NONE',  ( -0.1874999999999998335, 1.155655514089910516E-17, 0.9812499999999999556 ) ) ;
#3442 = CARTESIAN_POINT ( 'NONE',  ( 0.000000000000000000, 7.549139889267777477E-20, 0.000000000000000000 ) ) ;
#3443 = CARTESIAN_POINT ( 'NONE',  ( 0.1249999999999999167, -5.242250684970901619E-17, 0.08750000000000000833 ) ) ;
#3444 = CARTESIAN_POINT ( 'NONE',  ( -1.133092784412350615E-17, -0.09252404735808344993, 0.3562500000000000666 ) ) ;
#3445 = CARTESIAN_POINT ( 'NONE',  ( -0.05177669529663686543, -0.1249999999999999861, 0.07812500000000002776 ) ) ;
#3446 = ORIENTED_EDGE ( 'NONE', *, *, #3859, .F. ) ;
#3447 = CARTESIAN_POINT ( 'NONE',  ( -0.1249999999999999167, 0.05177669529663687931, 0.2593750000000000222 ) ) ;
#3448 = FACE_OUTER_BOUND ( 'NONE', #161, .T. ) ;
#3449 = B_SPLINE_CURVE_WITH_KNOTS ( 'NONE', 3,
 ( #829, #1531, #1183, #1211, #1938, #2739, #2662, #4915, #3040, #3418, #3102, #3839, #3813, #4537, #80, #779, #4613, #1961 ),
 .UNSPECIFIED., .F., .F.,
 ( 4, 2, 2, 2, 2, 2, 2, 2, 4 ),
 ( 0.5000000000000000000, 0.5625000000000000000, 0.6250000000000000000, 0.6875000000000000000, 0.7500000000000000000, 0.8125000000000000000, 0.8750000000000000000, 0.9375000000000000000, 1.000000000000000000 ),
 .UNSPECIFIED. ) ;
#3450 = CARTESIAN_POINT ( 'NONE',  ( 0.1249999999999999167, 6.649234679468681023E-18, 0.2875000000000000333 ) ) ;
#3451 = CARTESIAN_POINT ( 'NONE',  ( 0.000000000000000000, 0.08749999999999996669, 2.074245516055843776E-18 ) ) ;
#3452 = CARTESIAN_POINT ( 'NONE',  ( -1.530808498934190893E-17, -0.1249999999999998057, 0.5812500000000000444 ) ) ;
#3453 = CARTESIAN_POINT ( 'NONE',  ( 0.03832471526136869283, -0.09252404735808338054, 0.5531250000000000888 ) ) ;
#3454 = VERTEX_POINT ( 'NONE', #2468 ) ;
#3455 = CARTESIAN_POINT ( 'NONE',  ( -0.06542438130972608179, -0.06542438130972604016, 0.2937500000000000666 ) ) ;
#3456 = CARTESIAN_POINT ( 'NONE',  ( -0.09252404735808347769, 8.142662415521335812E-17, 0.4437500000000000333 ) ) ;
#3457 = CARTESIAN_POINT ( 'NONE',  ( 0.06542438130972610955, 0.06542438130972604016, 0.02499999999999998057 ) ) ;
#3458 = CARTESIAN_POINT ( 'NONE',  ( 0.05177669529663693482, 0.1249999999999999167, 0.2968750000000000000 ) ) ;
#3459 = CARTESIAN_POINT ( 'NONE',  ( -0.1193712173327193815, -0.03466476319793114491, 0.7215559239463222863 ) ) ;
#3460 = AXIS2_PLACEMENT_3D ( 'NONE', #1446, #1878, #746 ) ;
#3461 = CARTESIAN_POINT ( 'NONE',  ( 0.09252404735808346381, -3.907280344073419409E-17, 0.1125000000000000167 ) ) ;
#3462 = ADVANCED_FACE ( 'NONE', ( #2038 ), #573, .T. ) ;
#3463 = CARTESIAN_POINT ( 'NONE',  ( 0.1826198767901038578, 0.04907772852306842293, 0.9812499999999999556 ) ) ;
#3464 = CARTESIAN_POINT ( 'NONE',  ( 0.000000000000000000, -1.104688079777929626E-16, 1.000000000000000000 ) ) ;
#3465 = CARTESIAN_POINT ( 'NONE',  ( -0.09252404735808350544, -0.03832471526136866508, 0.3468750000000000444 ) ) ;
#3466 = CARTESIAN_POINT ( 'NONE',  ( 0.05177669529663694176, 0.1249999999999998612, 0.05312499999999997780 ) ) ;
#3467 = DIRECTION ( 'NONE',  ( -0.000000000000000000, -0.000000000000000000, -1.000000000000000000 ) ) ;
#3468 = AXIS2_PLACEMENT_3D ( 'NONE', #873, #3577, #4299 ) ;
#3469 = ORIENTED_EDGE ( 'NONE', *, *, #3276, .T. ) ;
#3470 = CARTESIAN_POINT ( 'NONE',  ( 0.000000000000000000, 7.549139889267777477E-20, 0.000000000000000000 ) ) ;
#3471 = CARTESIAN_POINT ( 'NONE',  ( -0.05177669529663685849, 0.1249999999999998751, 0.05312499999999997780 ) ) ;
#3472 = CARTESIAN_POINT ( 'NONE',  ( 0.03832471526136876916, 0.09252404735808361647, 0.7718750000000000888 ) ) ;
#3474 = EDGE_CURVE ( 'NONE', #1518, #2058, #691, .T. ) ;
#3473 = ORIENTED_EDGE ( 'NONE', *, *, #1052, .T. ) ;
#3475 = CARTESIAN_POINT ( 'NONE',  ( 0.09252404735808346381, 0.03832471526136873446, 0.1718750000000000278 ) ) ;
#3476 = PRODUCT_DEFINITION_FORMATION_WITH_SPECIFIED_SOURCE ( 'Symmetric', '', #1841, .NOT_KNOWN. ) ;
#3477 = CARTESIAN_POINT ( 'NONE',  ( 0.07316015532595282478, 0.07014586578744023970, 0.01362208814957880168 ) ) ;
#3478 = CARTESIAN_POINT ( 'NONE',  ( 0.02454369240633502008, -0.1874999999999998890, 0.7593750000000000222 ) ) ;
#3479 = EDGE_CURVE ( 'NONE', #901, #547, #1083, .T. ) ;
#3480 = CARTESIAN_POINT ( 'NONE',  ( 0.09252404735808347769, 7.076994628935871938E-18, 0.2687500000000000444 ) ) ;
#3481 = CARTESIAN_POINT ( 'NONE',  ( 0.06542438130972609567, -0.06542438130972594301, 0.7624999999999999556 ) ) ;
#3482 = CARTESIAN_POINT ( 'NONE',  ( -0.1249999999999999167, 5.941730773159412108E-17, 0.3625000000000000444 ) ) ;
#3483 = CARTESIAN_POINT ( 'NONE',  ( 0.000000000000000000, 7.549139889267777477E-20, 0.03750000000000035250 ) ) ;
#3484 = CARTESIAN_POINT ( 'NONE',  ( 0.09252404735808346381, 1.381424211467988945E-16, 0.7125000000000001332 ) ) ;
#3485 = CARTESIAN_POINT ( 'NONE',  ( -0.03152818781910433910, -0.08698662375540350267, 0.7034921628294169560 ) ) ;
#3486 = CARTESIAN_POINT ( 'NONE',  ( 0.06542438130972610955, 0.06542438130972619281, 0.5687500000000000888 ) ) ;
#3487 = CARTESIAN_POINT ( 'NONE',  ( 0.02206091049068849286, -0.1687528125975004123, 1.000000000000000222 ) ) ;
#3488 = ORIENTED_EDGE ( 'NONE', *, *, #1022, .T. ) ;
#3489 = CARTESIAN_POINT ( 'NONE',  ( -0.09252404735808350544, -0.03832471526136863732, 0.4468750000000000777 ) ) ;
#3490 = CARTESIAN_POINT ( 'NONE',  ( 0.05177669529663694176, 0.1249999999999999722, 0.3531250000000000222 ) ) ;
#3491 = CARTESIAN_POINT ( 'NONE',  ( 0.09726361141559962398, 6.215058260391174298E-13, 0.009763611415599782184 ) ) ;
#3492 = CARTESIAN_POINT ( 'NONE',  ( -0.06542438130972608179, -0.06542438130972610955, 0.09375000000000002776 ) ) ;
#3493 = CARTESIAN_POINT ( 'NONE',  ( 0.03832471526136869283, -0.09252404735808351932, 0.05312500000000001943 ) ) ;
#3494 = CARTESIAN_POINT ( 'NONE',  ( -0.09252404735808350544, -0.03832471526136864426, 0.4468750000000000777 ) ) ;
#3495 = CARTESIAN_POINT ( 'NONE',  ( 0.08498570275243587380, -0.1474514531114730909, 1.000000000000000000 ) ) ;
#3496 = CARTESIAN_POINT ( 'NONE',  ( -0.09252404735808346381, 5.740955320954434243E-18, 0.1875000000000000278 ) ) ;
#3497 = ORIENTED_EDGE ( 'NONE', *, *, #1656, .F. ) ;
#3498 = CARTESIAN_POINT ( 'NONE',  ( 0.06542438130972610955, 0.06542438130972623445, 0.7687500000000000444 ) ) ;
#3499 = VERTEX_POINT ( 'NONE', #3171 ) ;
#3500 = EDGE_CURVE ( 'NONE', #823, #4644, #1031, .T. ) ;
#3501 = CARTESIAN_POINT ( 'NONE',  ( -0.03832471526136872059, 0.09252404735808350544, 0.1843749999999999556 ) ) ;
#3502 = CARTESIAN_POINT ( 'NONE',  ( 0.09375000000000001388, 0.05412658773652767596, 0.8828124999999998890 ) ) ;
#3503 = CARTESIAN_POINT ( 'NONE',  ( -0.1826198767988360949, -0.04907772850198705017, 0.7593750000000000222 ) ) ;
#3504 = CARTESIAN_POINT ( 'NONE',  ( -1.530808498934190276E-17, -0.1249999999999999167, 0.1750000000000000444 ) ) ;
#3505 = CARTESIAN_POINT ( 'NONE',  ( 0.06542438130972610955, 0.06542438130972610955, 0.2750000000000000222 ) ) ;
#3506 = CARTESIAN_POINT ( 'NONE',  ( 0.1249999999999999167, -8.118700702825745592E-18, 0.2375000000000000167 ) ) ;
#3507 = CARTESIAN_POINT ( 'NONE',  ( 0.08838834764831840496, 0.08838834764831852986, 0.7000000000000000666 ) ) ;
#3508 = CARTESIAN_POINT ( 'NONE',  ( -0.1874999999999998335, 2.303761888290552992E-17, 0.9812499999999999556 ) ) ;
#3509 = LINE ( 'NONE', #1952, #372 ) ;
#3510 = CARTESIAN_POINT ( 'NONE',  ( 0.1249999999999999167, -0.05177669529663680298, 0.5906250000000001776 ) ) ;
#3511 = CARTESIAN_POINT ( 'NONE',  ( 0.09252404735808346381, 9.383861499991563157E-17, 0.5625000000000001110 ) ) ;
#3512 = ORIENTED_EDGE ( 'NONE', *, *, #1221, .T. ) ;
#3513 = CARTESIAN_POINT ( 'NONE',  ( 0.03832471526136869977, -0.09252404735808356095, 0.009375000000000023939 ) ) ;
#3514 = CARTESIAN_POINT ( 'NONE',  ( -0.08838834764831839108, -0.08838834764831832169, 0.3750000000000000555 ) ) ;
#3515 = CARTESIAN_POINT ( 'NONE',  ( 0.08838834764831839108, 0.08838834764831839108, 0.2937500000000000111 ) ) ;
#3516 = CARTESIAN_POINT ( 'NONE',  ( -0.08968195723118130291, -0.1556566722342365428, 0.7500000000000002220 ) ) ;
#3517 = CARTESIAN_POINT ( 'NONE',  ( 0.09252404735808344993, 0.03832471526136870671, 0.1156250000000000194 ) ) ;
#3518 = CARTESIAN_POINT ( 'NONE',  ( 0.07844243687486954220, -0.06296441342745845438, 0.9948974789582291089 ) ) ;
#3519 = CARTESIAN_POINT ( 'NONE',  ( 0.06542438130972610955, 0.06542438130972616506, 0.4749999999999999778 ) ) ;
#3520 = CARTESIAN_POINT ( 'NONE',  ( 0.000000000000000000, -1.104688079777929626E-16, 1.000000000000000000 ) ) ;
#3521 = CARTESIAN_POINT ( 'NONE',  ( 0.03832471526136869283, -0.09252404735808350544, 0.2031250000000000278 ) ) ;
#3522 = CARTESIAN_POINT ( 'NONE',  ( 0.000000000000000000, 0.1249999999999999306, 0.2062499999999999889 ) ) ;
#3523 = ORIENTED_EDGE ( 'NONE', *, *, #2832, .T. ) ;
#3524 = CARTESIAN_POINT ( 'NONE',  ( 0.08838834764831840496, 0.08838834764831839108, 0.2500000000000000000 ) ) ;
#3525 = ORIENTED_EDGE ( 'NONE', *, *, #2328, .F. ) ;
#3526 = CARTESIAN_POINT ( 'NONE',  ( 0.08838834764831839108, 0.08838834764831844659, 0.4437500000000000333 ) ) ;
#3527 = CARTESIAN_POINT ( 'NONE',  ( -0.03832471526136872059, 0.09252404735808351932, 0.2843749999999999889 ) ) ;
#3528 = CARTESIAN_POINT ( 'NONE',  ( -0.06542438130972610955, -0.06542438130972592913, 0.7500000000000001110 ) ) ;
#3529 = CARTESIAN_POINT ( 'NONE',  ( -0.09252404735808347769, -5.148479428543645521E-17, -0.006250000000000003816 ) ) ;
#3530 = CARTESIAN_POINT ( 'NONE',  ( 0.1152275101527403950, 0.1499375327922146672, 0.9812499999999999556 ) ) ;
#3531 = CARTESIAN_POINT ( 'NONE',  ( -0.007663316585628381604, 0.1038287575794572259, 0.9974455611380932396 ) ) ;
#3532 = CARTESIAN_POINT ( 'NONE',  ( -0.1249999999999999306, 1.203350411835585891E-16, 0.5687500000000000888 ) ) ;
#3533 = CARTESIAN_POINT ( 'NONE',  ( -0.06542438130972610955, -0.06542438130972594301, 0.7000000000000000666 ) ) ;
#3534 = CARTESIAN_POINT ( 'NONE',  ( 0.03832471526136869283, -0.09252404735808340830, 0.4531250000000000555 ) ) ;
#3535 = EDGE_LOOP ( 'NONE', ( #850, #735, #4130, #339 ) ) ;
#3536 = CARTESIAN_POINT ( 'NONE',  ( 0.000000000000000000, 0.1250000000000000000, 0.4062500000000000000 ) ) ;
#3537 = CARTESIAN_POINT ( 'NONE',  ( 0.000000000000000000, -1.104688079777929626E-16, 1.000000000000000000 ) ) ;
#3538 = CARTESIAN_POINT ( 'NONE',  ( 0.1487499999999999101, -3.708764514739453803E-17, 0.7312500000000000666 ) ) ;
#3539 = CARTESIAN_POINT ( 'NONE',  ( 0.03832471526136869283, -0.09252404735808351932, 0.1531250000000000389 ) ) ;
#3540 = CARTESIAN_POINT ( 'NONE',  ( -0.09252404735808346381, -5.333078620822326605E-17, -0.01250000000000000590 ) ) ;
#3541 = CARTESIAN_POINT ( 'NONE',  ( 0.1249999999999999167, 5.095304082635194700E-17, 0.4375000000000000555 ) ) ;
#3542 = CLOSED_SHELL ( 'NONE', ( #4071, #1533, #3685, #668, #4201, #1207, #583, #4570, #1431, #1046, #856, #4295, #2769, #3088, #3462, #1665, #2525, #1808, #941, #2993, #3838, #4352, #324, #1716, #375, #2065, #2669, #3370, #4726, #3299, #2002, #3241, #4372, #499, #215, #2099, #2366, #4150, #4558, #1597, #2969, #4223, #76, #4263, #4177, #112, #1074, #1460, #1786, #1616, #1139, #318, #3136, #3579, #2961, #1435, #4847, #1195, #1832, #1780, #3747, #907, #3618, #1960 ) ) ;
#3543 = CARTESIAN_POINT ( 'NONE',  ( 0.1152275099952964343, -0.1499375329496585862, 0.9812499999999998446 ) ) ;
#3544 = CARTESIAN_POINT ( 'NONE',  ( -1.133092784412350615E-17, -0.09252404735808343605, 0.4062500000000000555 ) ) ;
#3545 = CARTESIAN_POINT ( 'NONE',  ( 0.000000000000000000, -5.530426628471140438E-17, 1.117695526217004520 ) ) ;
#3546 = CARTESIAN_POINT ( 'NONE',  ( 0.09252404735808344993, -0.03832471526136878304, 0.1093750000000000139 ) ) ;
#3547 = AXIS2_PLACEMENT_3D ( 'NONE', #4892, #3015, #3323 ) ;
#3548 = CARTESIAN_POINT ( 'NONE',  ( -0.1249999999999999584, 0.05177669529663686543, 0.2156250000000000111 ) ) ;
#3549 = CARTESIAN_POINT ( 'NONE',  ( 0.09252404735808347769, -3.722681151794740174E-17, 0.1187500000000000083 ) ) ;
#3550 = CARTESIAN_POINT ( 'NONE',  ( 0.009752331959680542867, -0.09280023971082744516, 0.005024047358083667987 ) ) ;
#3551 = CARTESIAN_POINT ( 'NONE',  ( 0.1249999999999998751, -0.05177669529663686543, 0.3843750000000000222 ) ) ;
#3552 = CARTESIAN_POINT ( 'NONE',  ( -0.09252404735808347769, 1.700342364489799086E-16, 0.7437500000000001332 ) ) ;
#3553 = CARTESIAN_POINT ( 'NONE',  ( -0.06542438130972609567, 0.06542438130972604016, -0.01250000000000002498 ) ) ;
#3554 = LINE ( 'NONE', #1750, #1644 ) ;
#3555 = CARTESIAN_POINT ( 'NONE',  ( -0.03899397011127268831, 0.08573999633253956421, 0.9916207643691723472 ) ) ;
#3556 = CARTESIAN_POINT ( 'NONE',  ( 0.1249999999999999306, 9.710283889602203306E-17, 0.5937500000000001110 ) ) ;
#3557 = CARTESIAN_POINT ( 'NONE',  ( -0.03344256094546999708, -0.09168767670448259299, 0.7064030576671378459 ) ) ;
#3558 = ORIENTED_EDGE ( 'NONE', *, *, #796, .F. ) ;
#3559 = EDGE_CURVE ( 'NONE', #2389, #1120, #1400, .T. ) ;
#3560 = CARTESIAN_POINT ( 'NONE',  ( -0.002761362533023947741, -0.1210388940479803221, 0.03343067900204684667 ) ) ;
#3561 = DIRECTION ( 'NONE',  ( -1.224646799147353207E-16, 1.000000000000000000, 0.000000000000000000 ) ) ;
#3562 = CARTESIAN_POINT ( 'NONE',  ( 0.09252404735808344993, 0.03832471526136878998, 0.4156250000000001332 ) ) ;
#3563 = CARTESIAN_POINT ( 'NONE',  ( 0.007663316585628499565, -0.1038287575794567125, 0.9974455611380927955 ) ) ;
#3564 =( BOUNDED_CURVE ( )  B_SPLINE_CURVE ( 2, ( #2009, #4656, #4680, #821, #1604, #3116, #770, #3902, #592 ),
 .UNSPECIFIED., .F., .F. ) 
 B_SPLINE_CURVE_WITH_KNOTS ( ( 3, 2, 2, 2, 3 ),
 ( 0.04687500000000000000, 0.05468750000000000000, 0.06250000000000000000, 0.07031250000000000000, 0.07812500000000000000 ),
 .UNSPECIFIED. ) 
 CURVE ( )  GEOMETRIC_REPRESENTATION_ITEM ( )  RATIONAL_B_SPLINE_CURVE ( ( 1.000000000000000000, 0.9238795325112867385, 1.000000000000000000, 0.9238795325112867385, 1.000000000000000000, 0.9238795325112867385, 1.000000000000000000, 0.9238795325112867385, 1.000000000000000000 ) ) 
 REPRESENTATION_ITEM ( '' )  );
#3565 = CARTESIAN_POINT ( 'NONE',  ( -0.1152275099952963927, -0.1499375329496586695, 0.9812499999999998446 ) ) ;
#3566 = CARTESIAN_POINT ( 'NONE',  ( 0.03832471526136869977, -0.09252404735808340830, 0.5593750000000000666 ) ) ;
#3567 = CARTESIAN_POINT ( 'NONE',  ( -0.05177669529663687931, 0.1250000000000000278, 0.5593750000000000666 ) ) ;
#3568 = CARTESIAN_POINT ( 'NONE',  ( -0.06542438130972608179, 0.06542438130972606791, 0.1312499999999999778 ) ) ;
#3569 = ORIENTED_EDGE ( 'NONE', *, *, #3138, .F. ) ;
#3570 = CARTESIAN_POINT ( 'NONE',  ( 0.05177669529663694176, 0.1249999999999998751, 0.1031249999999999806 ) ) ;
#3571 = CARTESIAN_POINT ( 'NONE',  ( -0.05177669529663685849, 0.1250000000000000555, 0.6531250000000000666 ) ) ;
#3572 = CARTESIAN_POINT ( 'NONE',  ( -0.02454369260617024484, 0.1874999999999998890, 0.7593750000000000222 ) ) ;
#3573 = B_SPLINE_CURVE_WITH_KNOTS ( 'NONE', 3,
 ( #170, #3253, #244, #4762, #1308, #3223 ),
 .UNSPECIFIED., .F., .F.,
 ( 4, 2, 4 ),
 ( 0.007363432610939292695, 0.008059648679257361281, 0.008755864747575429000 ),
 .UNSPECIFIED. ) ;
#3574 = CARTESIAN_POINT ( 'NONE',  ( 0.1249999999999999167, 6.572097620864639056E-17, 0.4875000000000000444 ) ) ;
#3575 = CARTESIAN_POINT ( 'NONE',  ( -0.03832471526136872059, 0.09252404735808342218, -0.01562500000000003123 ) ) ;
#3576 = CARTESIAN_POINT ( 'NONE',  ( 0.000000000000000000, 7.549139889267777477E-20, 0.000000000000000000 ) ) ;
#3577 = DIRECTION ( 'NONE',  ( -0.000000000000000000, -0.000000000000000000, -1.000000000000000000 ) ) ;
#3578 = CARTESIAN_POINT ( 'NONE',  ( -0.09252404735808346381, 0.03832471526136886630, 0.6843749999999999556 ) ) ;
#3579 = ADVANCED_FACE ( 'NONE', ( #2540 ), #2758, .T. ) ;
#3580 = ORIENTED_EDGE ( 'NONE', *, *, #2917, .T. ) ;
#3581 = CARTESIAN_POINT ( 'NONE',  ( -0.08838834764831837720, 0.08838834764831844659, 0.3624999999999999334 ) ) ;
#3582 = CARTESIAN_POINT ( 'NONE',  ( 0.08466818497071154637, -0.04717348736541348425, 0.7059552911831157296 ) ) ;
#3583 = CARTESIAN_POINT ( 'NONE',  ( 0.04889375830894138880, -0.1131221270734529549, 0.03559846789710850029 ) ) ;
#3584 = CARTESIAN_POINT ( 'NONE',  ( -0.1249999999999999306, 7.603123503667533850E-17, 0.4187500000000000666 ) ) ;
#3585 = CARTESIAN_POINT ( 'NONE',  ( -0.06542438130972608179, 0.06542438130972612342, 0.3312500000000000444 ) ) ;
#3586 = CARTESIAN_POINT ( 'NONE',  ( -0.03832471526136872059, -0.09252404735808351932, -0.003124999999999979357 ) ) ;
#3587 = PLANE ( 'NONE',  #4740 ) ;
#3588 = CARTESIAN_POINT ( 'NONE',  ( -0.06542438130972610955, -0.06542438130972598465, 0.5500000000000000444 ) ) ;
#3589 = CARTESIAN_POINT ( 'NONE',  ( 0.1249999999999999306, 6.756696813143318291E-17, 0.4937500000000000777 ) ) ;
#3590 = CARTESIAN_POINT ( 'NONE',  ( 0.03832471526136869283, -0.09252404735808351932, 0.05312500000000001943 ) ) ;
#3591 =( BOUNDED_CURVE ( )  B_SPLINE_CURVE ( 2, ( #4276, #4630, #2055, #2435, #518, #874, #1227, #2413, #3164 ),
 .UNSPECIFIED., .F., .T. ) 
 B_SPLINE_CURVE_WITH_KNOTS ( ( 3, 2, 2, 2, 3 ),
 ( 0.1718750000000000000, 0.1796875000000000000, 0.1875000000000000000, 0.1953125000000000000, 0.2031250000000000000 ),
 .UNSPECIFIED. ) 
 CURVE ( )  GEOMETRIC_REPRESENTATION_ITEM ( )  RATIONAL_B_SPLINE_CURVE ( ( 1.000000000000000000, 0.9238795325112867385, 1.000000000000000000, 0.9238795325112867385, 1.000000000000000000, 0.9238795325112867385, 1.000000000000000000, 0.9238795325112867385, 1.000000000000000000 ) ) 
 REPRESENTATION_ITEM ( '' )  );
#3592 = CARTESIAN_POINT ( 'NONE',  ( 0.1249999999999999306, -3.580857954462778644E-17, 0.1437500000000000167 ) ) ;
#3593 = CARTESIAN_POINT ( 'NONE',  ( -1.530808498934190276E-17, -0.1249999999999997780, 0.6250000000000000000 ) ) ;
#3594 = CARTESIAN_POINT ( 'NONE',  ( 0.02454369260617022402, 0.1874999999999998335, 0.7593750000000000222 ) ) ;
#3595 = ORIENTED_EDGE ( 'NONE', *, *, #3710, .T. ) ;
#3596 = CARTESIAN_POINT ( 'NONE',  ( -0.1249999999999999167, 0.05177669529663697645, 0.5093750000000000222 ) ) ;
#3597 = CARTESIAN_POINT ( 'NONE',  ( -0.1249999999999999167, -0.05177669529663673359, 0.5656250000000001554 ) ) ;
#3598 = CARTESIAN_POINT ( 'NONE',  ( 0.03921503612455887189, -0.08380262693537951502, 0.7034921628294172891 ) ) ;
#3599 = CARTESIAN_POINT ( 'NONE',  ( -0.08838834764831839108, -0.08838834764831830781, 0.4187500000000000111 ) ) ;
#3600 = CARTESIAN_POINT ( 'NONE',  ( 0.08970713070317605509, 0.1556432004982471751, 0.7500000000000001110 ) ) ;
#3601 = CARTESIAN_POINT ( 'NONE',  ( 0.1874999999999998335, 1.151880944145276496E-17, 0.9812499999999999556 ) ) ;
#3602 = CARTESIAN_POINT ( 'NONE',  ( -0.05177669529663685849, 0.1250000000000000278, 0.6031250000000000222 ) ) ;
#3603 = CARTESIAN_POINT ( 'NONE',  ( 0.06542438130972610955, 0.06542438130972613730, 0.4187500000000000111 ) ) ;
#3604 = CARTESIAN_POINT ( 'NONE',  ( 0.06542438130972608179, -0.06542438130972609567, 0.2062500000000000167 ) ) ;
#3605 = CARTESIAN_POINT ( 'NONE',  ( -0.1249999999999999306, 7.603123503667533850E-17, 0.4187500000000000666 ) ) ;
#3606 = CARTESIAN_POINT ( 'NONE',  ( 0.03832471526136877610, 0.09252404735808353320, 0.5281249999999999556 ) ) ;
#3607 = CARTESIAN_POINT ( 'NONE',  ( 0.09442855861381549420, -0.1638349479016325272, 1.000000000000000000 ) ) ;
#3608 = CARTESIAN_POINT ( 'NONE',  ( -0.1249999999999999584, -0.05177669529663686543, 0.1718750000000000278 ) ) ;
#3609 = CARTESIAN_POINT ( 'NONE',  ( 0.000000000000000000, -1.104688079777929626E-16, 1.000000000000000000 ) ) ;
#3610 = VECTOR ( 'NONE', #2808, 39.37007874015748143 ) ;
#3611 = CARTESIAN_POINT ( 'NONE',  ( 0.08838834764831840496, 0.08838834764831850210, 0.5999999999999999778 ) ) ;
#3612 = CARTESIAN_POINT ( 'NONE',  ( 0.1249999999999998890, 0.05177669529663699033, 0.5406250000000000222 ) ) ;
#3613 = CARTESIAN_POINT ( 'NONE',  ( 0.05177669529663693482, 0.1250000000000000278, 0.6468750000000000888 ) ) ;
#3614 = B_SPLINE_CURVE_WITH_KNOTS ( 'NONE', 3,
 ( #2049, #3233, #867, #3550, #153, #3894 ),
 .UNSPECIFIED., .F., .F.,
 ( 4, 2, 4 ),
 ( 0.000000000000000000, 0.0009226957930190242147, 0.001845391586038047996 ),
 .UNSPECIFIED. ) ;
#3615 = CARTESIAN_POINT ( 'NONE',  ( 0.03832471526136869977, -0.09252404735808351932, 0.2093750000000000611 ) ) ;
#3616 = CARTESIAN_POINT ( 'NONE',  ( 0.1249999999999999167, 5.095304082635194700E-17, 0.4375000000000000555 ) ) ;
#3617 = CARTESIAN_POINT ( 'NONE',  ( -0.09375000000000002776, 0.05412658773652766209, 0.8828124999999998890 ) ) ;
#3618 = ADVANCED_FACE ( 'NONE', ( #4229 ), #4905, .T. ) ;
#3619 = CARTESIAN_POINT ( 'NONE',  ( 0.09252404735808346381, -0.03832471526136874140, 0.2656250000000000000 ) ) ;
#3620 = CARTESIAN_POINT ( 'NONE',  ( -0.09252404735808346381, -0.03832471526136855405, 0.6906250000000000444 ) ) ;
#3621 = EDGE_LOOP ( 'NONE', ( #4368, #835, #1856 ) ) ;
#3622 = CONICAL_SURFACE ( 'NONE', #2690, 0.1082531754730549772, 1.047197551196600074 ) ;
#3623 = CARTESIAN_POINT ( 'NONE',  ( -0.05177669529663686543, -0.1249999999999998473, 0.4781250000000000777 ) ) ;
#3624 = CARTESIAN_POINT ( 'NONE',  ( -0.03832471526136872753, -0.09252404735808340830, 0.5031250000000000444 ) ) ;
#3625 = CARTESIAN_POINT ( 'NONE',  ( -0.1874999999999998335, 1.155655514089910516E-17, 0.9812499999999999556 ) ) ;
#3626 = CARTESIAN_POINT ( 'NONE',  ( 0.000000000000000000, 7.549139889267777477E-20, 0.000000000000000000 ) ) ;
#3627 = CARTESIAN_POINT ( 'NONE',  ( -0.09252404735808346381, 7.958063223242654112E-17, 0.4375000000000000555 ) ) ;
#3628 = ORIENTED_EDGE ( 'NONE', *, *, #1409, .F. ) ;
#3629 = CARTESIAN_POINT ( 'NONE',  ( -0.03152818781910433910, -0.08698662375540350267, 0.7034921628294169560 ) ) ;
#3630 = CARTESIAN_POINT ( 'NONE',  ( 0.09252404735808344993, 0.03832471526136870671, 0.1156250000000000194 ) ) ;
#3631 = CARTESIAN_POINT ( 'NONE',  ( 0.05177669529663683073, -0.1249999999999999167, 0.4343750000000001221 ) ) ;
#3632 = CARTESIAN_POINT ( 'NONE',  ( 0.03832471526136877610, 0.09252404735808358871, 0.6281250000000000444 ) ) ;
#3633 = CARTESIAN_POINT ( 'NONE',  ( -0.1638349479016319998, -0.09442855861383672722, 1.000000000000000000 ) ) ;
#3634 = CARTESIAN_POINT ( 'NONE',  ( 0.1826198767901166253, -0.04907772852305770928, 1.000000000000000000 ) ) ;
#3635 = EDGE_CURVE ( 'NONE', #3363, #2314, #2310, .T. ) ;
#3636 = CARTESIAN_POINT ( 'NONE',  ( 0.05177669529663682380, -0.1249999999999997780, 0.7781250000000000666 ) ) ;
#3637 = CARTESIAN_POINT ( 'NONE',  ( -0.05177669529663687931, 0.1250000000000000000, 0.3593750000000000555 ) ) ;
#3638 = CARTESIAN_POINT ( 'NONE',  ( -0.1249999999999999167, 3.455662024164220365E-19, 0.1625000000000000056 ) ) ;
#3639 = CARTESIAN_POINT ( 'NONE',  ( 0.1249999999999999167, 0.05177669529663703196, 0.6968750000000002442 ) ) ;
#3640 = CARTESIAN_POINT ( 'NONE',  ( -0.09252404735808347769, 0.03832471526136885243, 0.6343750000000000222 ) ) ;
#3641 = CARTESIAN_POINT ( 'NONE',  ( -0.09252404735808350544, -0.03832471526136869977, 0.2468750000000000666 ) ) ;
#3642 = CARTESIAN_POINT ( 'NONE',  ( -0.1249999999999999167, 7.418524311388855848E-17, 0.4125000000000000333 ) ) ;
#3643 = CARTESIAN_POINT ( 'NONE',  ( -0.04907772850198800774, -0.1826198767988399252, 0.7500000000000001110 ) ) ;
#3644 = CARTESIAN_POINT ( 'NONE',  ( -0.06542438130972608179, -0.06542438130972592913, 0.6937500000000000888 ) ) ;
#3645 = ORIENTED_EDGE ( 'NONE', *, *, #1157, .F. ) ;
#3646 = CARTESIAN_POINT ( 'NONE',  ( -0.1249999999999999584, -0.05177669529663677522, 0.4218750000000000555 ) ) ;
#3647 = CARTESIAN_POINT ( 'NONE',  ( -0.06542438130972609567, 0.06542438130972620669, 0.5374999999999999778 ) ) ;
#3648 = EDGE_CURVE ( 'NONE', #1452, #1469, #4072, .T. ) ;
#3649 = CARTESIAN_POINT ( 'NONE',  ( 0.1249999999999999306, -3.580857954462778644E-17, 0.1437500000000000167 ) ) ;
#3650 = CARTESIAN_POINT ( 'NONE',  ( -0.1874999999999998335, 7.549139889267777477E-20, 0.7500000000000001110 ) ) ;
#3651 = CARTESIAN_POINT ( 'NONE',  ( 0.09252404735808346381, 9.383861499991563157E-17, 0.5625000000000001110 ) ) ;
#3652 = CARTESIAN_POINT ( 'NONE',  ( -0.03832471526136872059, -0.09252404735808350544, 0.1468750000000000888 ) ) ;
#3653 = CYLINDRICAL_SURFACE ( 'NONE', #2465, 0.1874999999999998335 ) ;
#3654 = CARTESIAN_POINT ( 'NONE',  ( 0.09252404735808347769, 0.03832471526136883855, 0.5218749999999999778 ) ) ;
#3655 = CARTESIAN_POINT ( 'NONE',  ( 0.1643578891111030782, -0.04416995567075074347, 1.000000000000000000 ) ) ;
#3656 = CARTESIAN_POINT ( 'NONE',  ( -0.06542438130972609567, 0.06542438130972616506, 0.3874999999999999556 ) ) ;
#3657 = CARTESIAN_POINT ( 'NONE',  ( 0.1643578891110934470, 0.04416995567076276163, 1.000000000000000000 ) ) ;
#3658 = CARTESIAN_POINT ( 'NONE',  ( 0.08838834764831837720, -0.08838834764831828006, 0.5812500000000000444 ) ) ;
#3659 = CARTESIAN_POINT ( 'NONE',  ( 0.000000000000000000, 0.1250000000000001110, 0.8000000000000000444 ) ) ;
#3660 = CARTESIAN_POINT ( 'NONE',  ( -0.1249999999999999306, 3.172742888979206944E-17, 0.2687499999999999889 ) ) ;
#3661 = VERTEX_POINT ( 'NONE', #3482 ) ;
#3662 = DIRECTION ( 'NONE',  ( 1.000000000000000000, 0.000000000000000000, 0.000000000000000000 ) ) ;
#3663 = CARTESIAN_POINT ( 'NONE',  ( 0.03832471526136876916, 0.09252404735808356095, 0.6218749999999999556 ) ) ;
#3664 = CARTESIAN_POINT ( 'NONE',  ( -0.05177669529663685849, 0.1250000000000000833, 0.7531249999999999334 ) ) ;
#3665 = CARTESIAN_POINT ( 'NONE',  ( -0.06542438130972610955, -0.06542438130972612342, 0.1000000000000000194 ) ) ;
#3666 = DIRECTION ( 'NONE',  ( -0.000000000000000000, -0.000000000000000000, -1.000000000000000000 ) ) ;
#3667 = CARTESIAN_POINT ( 'NONE',  ( -0.1499375328083440151, 0.1152275101366110888, 0.7500000000000001110 ) ) ;
#3668 = CARTESIAN_POINT ( 'NONE',  ( 0.09252404735808346381, 0.03832471526136876222, 0.2718750000000000333 ) ) ;
#3669 = EDGE_CURVE ( 'NONE', #2835, #3425, #4773, .T. ) ;
#3670 = PRODUCT_CONTEXT ( 'NONE', #409, 'mechanical' ) ;
#3671 = ORIENTED_EDGE ( 'NONE', *, *, #1261, .F. ) ;
#3672 = CARTESIAN_POINT ( 'NONE',  ( -0.1249999999999999029, 7.549139889267777477E-20, 0.000000000000000000 ) ) ;
#3673 = CARTESIAN_POINT ( 'NONE',  ( -0.09252404735808350544, -0.03832471526136860263, 0.5468750000000001110 ) ) ;
#3674 = LINE ( 'NONE', #723, #291 ) ;
#3675 = CARTESIAN_POINT ( 'NONE',  ( 0.08970713070317605509, 0.1556432004982471751, 0.7500000000000001110 ) ) ;
#3676 = CARTESIAN_POINT ( 'NONE',  ( -0.09252404735808347769, 0.03832471526136885243, 0.6343750000000000222 ) ) ;
#3677 = CARTESIAN_POINT ( 'NONE',  ( 0.000000000000000000, 0.09252404735808361647, 0.6812500000000000222 ) ) ;
#3678 = CARTESIAN_POINT ( 'NONE',  ( -0.06542438130972608179, 0.06542438130972615118, 0.3812499999999999778 ) ) ;
#3679 = ORIENTED_EDGE ( 'NONE', *, *, #1566, .F. ) ;
#3680 = EDGE_CURVE ( 'NONE', #984, #3499, #4743, .T. ) ;
#3681 = CARTESIAN_POINT ( 'NONE',  ( 0.06542438130972610955, 0.06542438130972609567, 0.2687500000000000444 ) ) ;
#3682 = CARTESIAN_POINT ( 'NONE',  ( -0.01530756312513104241, 0.09941534978212349105, 0.8777099789582289979 ) ) ;
#3683 = CARTESIAN_POINT ( 'NONE',  ( -0.09252404735808347769, 0.03832471526136865814, -0.01562500000000001388 ) ) ;
#3684 = CARTESIAN_POINT ( 'NONE',  ( 0.08498570275245252714, 0.1474514531114635429, 1.000000000000000000 ) ) ;
#3685 = ADVANCED_FACE ( 'NONE', ( #4273 ), #1096, .F. ) ;
#3686 = CARTESIAN_POINT ( 'NONE',  ( -0.1874999999999998612, -0.02454369238351459745, 1.000000000000000000 ) ) ;
#3687 = CARTESIAN_POINT ( 'NONE',  ( 0.05957608215718927097, 0.08931064725786051761, 0.7118644083368241837 ) ) ;
#3688 = CARTESIAN_POINT ( 'NONE',  ( -0.09252404735808350544, 0.03832471526136877610, 0.3906250000000000000 ) ) ;
#3689 = CARTESIAN_POINT ( 'NONE',  ( 0.000000000000000000, 7.549139889267777477E-20, 4.148491032111687552E-18 ) ) ;
#3690 = CARTESIAN_POINT ( 'NONE',  ( 0.000000000000000000, 7.549139889267777477E-20, 0.000000000000000000 ) ) ;
#3691 = CARTESIAN_POINT ( 'NONE',  ( 0.05177669529663694176, 0.1250000000000000278, 0.6031249999999999112 ) ) ;
#3692 = CARTESIAN_POINT ( 'NONE',  ( 0.06542438130972608179, -0.06542438130972597077, 0.6062499999999999556 ) ) ;
#3693 = VERTEX_POINT ( 'NONE', #2459 ) ;
#3694 = CARTESIAN_POINT ( 'NONE',  ( 0.09252404735808346381, -0.03832471526136880385, 0.06562500000000000278 ) ) ;
#3695 = CARTESIAN_POINT ( 'NONE',  ( 0.1249999999999999167, 1.100247823555296535E-16, 0.6375000000000000666 ) ) ;
#3696 = VECTOR ( 'NONE', #2407, 39.37007874015748143 ) ;
#3697 = CARTESIAN_POINT ( 'NONE',  ( 0.09252404735808347769, -0.03832471526136876916, 0.1656250000000000222 ) ) ;
#3698 = LINE ( 'NONE', #1824, #2533 ) ;
#3699 = CARTESIAN_POINT ( 'NONE',  ( 0.09442855863492283230, 0.1638349478928918246, 0.7500000000000001110 ) ) ;
#3700 = CARTESIAN_POINT ( 'NONE',  ( -0.1781249999999998668, 3.774569944633888739E-20, 0.7500000000000001110 ) ) ;
#3701 = VERTEX_POINT ( 'NONE', #3598 ) ;
#3702 = AXIS2_PLACEMENT_3D ( 'NONE', #4563, #1137, #1942 ) ;
#3703 = EDGE_CURVE ( 'NONE', #4620, #1834, #922, .T. ) ;
#3704 = CARTESIAN_POINT ( 'NONE',  ( 0.1424406561679321670, -0.1094661346297751831, 0.7500000000000001110 ) ) ;
#3705 = CARTESIAN_POINT ( 'NONE',  ( 0.000000000000000000, 0.09252404735808357483, 0.5750000000000000666 ) ) ;
#3706 = CARTESIAN_POINT ( 'NONE',  ( 0.1249999999999999167, 1.247927177378240909E-16, 0.6875000000000001110 ) ) ;
#3707 = CARTESIAN_POINT ( 'NONE',  ( 0.09252404735808346381, -0.03832471526136864426, 0.6156250000000000888 ) ) ;
#3708 = CARTESIAN_POINT ( 'NONE',  ( -0.09252404735808346381, 2.050889070324886856E-17, 0.2375000000000000167 ) ) ;
#3709 = CARTESIAN_POINT ( 'NONE',  ( -0.09374999999999998612, 0.05412658773652764127, 0.8828124999999998890 ) ) ;
#3710 = EDGE_CURVE ( 'NONE', #1827, #1134, #2431, .T. ) ;
#3711 = CARTESIAN_POINT ( 'NONE',  ( 0.06542438130972608179, -0.06542438130972612342, 0.1062500000000000250 ) ) ;
#3712 = CARTESIAN_POINT ( 'NONE',  ( -0.09375000000000002776, 0.05412658773652766209, 0.8828124999999998890 ) ) ;
#3713 = CARTESIAN_POINT ( 'NONE',  ( 0.000000000000000000, 0.09252404735808361647, 0.6812500000000000222 ) ) ;
#3714 = CARTESIAN_POINT ( 'NONE',  ( -0.1037047591374621464, 0.1349437795129974360, 1.000000000000000000 ) ) ;
#3715 = EDGE_LOOP ( 'NONE', ( #1654, #2225, #3777, #4222 ) ) ;
#3716 = CARTESIAN_POINT ( 'NONE',  ( -0.02454369238353784968, -0.1874999999999998612, 1.000000000000000000 ) ) ;
#3717 = FACE_OUTER_BOUND ( 'NONE', #611, .T. ) ;
#3718 = CARTESIAN_POINT ( 'NONE',  ( 0.09375000000000001388, 0.05412658773652767596, 1.000000000000000000 ) ) ;
#3719 = VERTEX_POINT ( 'NONE', #3945 ) ;
#3720 = CARTESIAN_POINT ( 'NONE',  ( -0.1249999999999999584, 0.05177669529663700421, 0.6656249999999999112 ) ) ;
#3721 = CARTESIAN_POINT ( 'NONE',  ( -0.09252404735808347769, -0.03832471526136855405, 0.6906250000000001554 ) ) ;
#3722 =( BOUNDED_CURVE ( )  B_SPLINE_CURVE ( 2, ( #2843, #3985, #2096, #2422, #4265, #3567, #2768, #487, #174 ),
 .UNSPECIFIED., .F., .F. ) 
 B_SPLINE_CURVE_WITH_KNOTS ( ( 3, 2, 2, 2, 3 ),
 ( 0.7343750000000000000, 0.7421875000000000000, 0.7500000000000000000, 0.7578125000000000000, 0.7656250000000000000 ),
 .UNSPECIFIED. ) 
 CURVE ( )  GEOMETRIC_REPRESENTATION_ITEM ( )  RATIONAL_B_SPLINE_CURVE ( ( 1.000000000000000000, 0.9238795325112867385, 1.000000000000000000, 0.9238795325112867385, 1.000000000000000000, 0.9238795325112867385, 1.000000000000000000, 0.9238795325112867385, 1.000000000000000000 ) ) 
 REPRESENTATION_ITEM ( '' )  );
#3723 = CARTESIAN_POINT ( 'NONE',  ( -0.06542438130972610955, -0.06542438130972608179, 0.2500000000000000555 ) ) ;
#3724 = CARTESIAN_POINT ( 'NONE',  ( 0.1249999999999999167, 1.100247823555296535E-16, 0.6375000000000000666 ) ) ;
#3725 = CARTESIAN_POINT ( 'NONE',  ( 0.1734888829588971948, 0.04662384207688847343, 0.7500000000000001110 ) ) ;
#3726 = CARTESIAN_POINT ( 'NONE',  ( 0.06542438130972609567, -0.06542438130972608179, 0.2625000000000000666 ) ) ;
#3727 = CARTESIAN_POINT ( 'NONE',  ( -0.06542438130972609567, 0.06542438130972617893, 0.4375000000000000000 ) ) ;
#3728 = CARTESIAN_POINT ( 'NONE',  ( -0.1249999999999999445, 0.05177669529663690012, 0.3156249999999999889 ) ) ;
#3729 = CARTESIAN_POINT ( 'NONE',  ( 0.1556432004982482298, 0.08970713070317513915, 0.7500000000000001110 ) ) ;
#3730 = CARTESIAN_POINT ( 'NONE',  ( -0.09252404735808346381, 1.386523737616042537E-16, 0.6375000000000000666 ) ) ;
#3731 = CARTESIAN_POINT ( 'NONE',  ( -0.09252404735808347769, 1.404983656843910584E-16, 0.6437500000000000444 ) ) ;
#3732 = CARTESIAN_POINT ( 'NONE',  ( 0.000000000000000000, 0.09252404735808346381, 0.2249999999999999778 ) ) ;
#3733 = EDGE_LOOP ( 'NONE', ( #54, #955 ) ) ;
#3734 = CARTESIAN_POINT ( 'NONE',  ( 0.09252404735808346381, 3.476687347073791895E-17, 0.3625000000000000444 ) ) ;
#3735 = CARTESIAN_POINT ( 'NONE',  ( 0.03832471526136877610, 0.09252404735808344993, 0.1781250000000000056 ) ) ;
#3736 = CARTESIAN_POINT ( 'NONE',  ( 0.1781278127904840358, -0.02328809512030345641, 0.7500000000000002220 ) ) ;
#3737 = CARTESIAN_POINT ( 'NONE',  ( 0.03832471526136869283, -0.09252404735808351932, 0.05312500000000001943 ) ) ;
#3738 = CARTESIAN_POINT ( 'NONE',  ( -0.1638349479016298349, 0.09442855861383644966, 0.9812499999999999556 ) ) ;
#3739 = EDGE_LOOP ( 'NONE', ( #3512, #1617, #3743, #809 ) ) ;
#3740 = CARTESIAN_POINT ( 'NONE',  ( -0.1152275101527365925, -0.1499375327922184975, 0.9812499999999999556 ) ) ;
#3741 = CARTESIAN_POINT ( 'NONE',  ( 0.1874999999999998335, 2.303761888290552992E-17, 0.000000000000000000 ) ) ;
#3742 = CARTESIAN_POINT ( 'NONE',  ( 0.09252404735808346381, -0.03832471526136872753, 0.3156250000000000444 ) ) ;
#3743 = ORIENTED_EDGE ( 'NONE', *, *, #4438, .F. ) ;
#3744 = CARTESIAN_POINT ( 'NONE',  ( -0.1249999999999999167, -2.919030456217242320E-17, 0.06250000000000001388 ) ) ;
#3745 = CARTESIAN_POINT ( 'NONE',  ( -0.03832471526136872059, -0.09252404735808335279, 0.5468750000000000000 ) ) ;
#3747 = ADVANCED_FACE ( 'NONE', ( #2052 ), #2443, .T. ) ;
#3746 = VERTEX_POINT ( 'NONE', #542 ) ;
#3748 = CARTESIAN_POINT ( 'NONE',  ( -0.09252404735808350544, -0.03832471526136865120, 0.3968750000000001443 ) ) ;
#3749 = CARTESIAN_POINT ( 'NONE',  ( -0.07835931051856689922, -0.06301240645164654652, 0.9953376562697848762 ) ) ;
#3750 = CARTESIAN_POINT ( 'NONE',  ( -0.1734888829588971948, -0.04662384207688846649, 0.7500000000000001110 ) ) ;
#3751 = CARTESIAN_POINT ( 'NONE',  ( 0.04664901554893635671, 0.1734754112228909517, 0.7500000000000001110 ) ) ;
#3752 =( BOUNDED_CURVE ( )  B_SPLINE_CURVE ( 2, ( #2746, #4244, #836, #2371, #3182, #1362, #2455, #4390, #2824 ),
 .UNSPECIFIED., .F., .T. ) 
 B_SPLINE_CURVE_WITH_KNOTS ( ( 3, 2, 2, 2, 3 ),
 ( 0.6718750000000000000, 0.6796875000000000000, 0.6875000000000000000, 0.6953125000000000000, 0.7031250000000000000 ),
 .UNSPECIFIED. ) 
 CURVE ( )  GEOMETRIC_REPRESENTATION_ITEM ( )  RATIONAL_B_SPLINE_CURVE ( ( 1.000000000000000000, 0.9238795325112867385, 1.000000000000000000, 0.9238795325112867385, 1.000000000000000000, 0.9238795325112867385, 1.000000000000000000, 0.9238795325112867385, 1.000000000000000000 ) ) 
 REPRESENTATION_ITEM ( '' )  );
#3753 = CARTESIAN_POINT ( 'NONE',  ( -0.05177669529663686543, -0.1249999999999998057, 0.5781250000000001110 ) ) ;
#3754 = CARTESIAN_POINT ( 'NONE',  ( 0.03832471526136869977, -0.09252404735808340830, 0.5593750000000000666 ) ) ;
#3755 = CARTESIAN_POINT ( 'NONE',  ( 0.1249999999999999306, -5.057651492692220535E-17, 0.09375000000000002776 ) ) ;
#3756 = CARTESIAN_POINT ( 'NONE',  ( 0.1094661346297750165, -0.1424406561679323335, 0.7500000000000001110 ) ) ;
#3757 = CARTESIAN_POINT ( 'NONE',  ( 0.06542438130972610955, 0.06542438130972622057, 0.6687500000000000666 ) ) ;
#3758 = CARTESIAN_POINT ( 'NONE',  ( 0.1874999999999998335, 2.240969057302715074E-17, 0.7500000000000001110 ) ) ;
#3759 = CARTESIAN_POINT ( 'NONE',  ( -0.09252404735808346381, -0.03832471526136867201, 0.2906250000000000222 ) ) ;
#3760 = VERTEX_POINT ( 'NONE', #2756 ) ;
#3761 = CARTESIAN_POINT ( 'NONE',  ( -0.03832471526136872753, -0.09252404735808350544, 0.2031250000000000278 ) ) ;
#3762 = CARTESIAN_POINT ( 'NONE',  ( 0.1249999999999999306, 5.279903274913877016E-17, 0.4437500000000000888 ) ) ;
#3763 = CARTESIAN_POINT ( 'NONE',  ( -1.133092784412350307E-17, -0.09252404735808353320, 2.134256245050205639E-17 ) ) ;
#3764 = ORIENTED_EDGE ( 'NONE', *, *, #420, .T. ) ;
#3765 = CARTESIAN_POINT ( 'NONE',  ( 0.09442855861383799010, 0.1638349479016292520, 0.9812499999999999556 ) ) ;
#3766 = CARTESIAN_POINT ( 'NONE',  ( 0.1487499999999999101, -3.708764514739453803E-17, 0.7500000000000001110 ) ) ;
#3767 = EDGE_CURVE ( 'NONE', #2424, #3499, #2059, .T. ) ;
#3768 = CARTESIAN_POINT ( 'NONE',  ( -0.1826198768753089785, 0.04907772831736498947, 0.9812499999999999556 ) ) ;
#3769 = CARTESIAN_POINT ( 'NONE',  ( 0.09375000000000001388, 0.05412658773652767596, 1.000000000000000000 ) ) ;
#3770 = ORIENTED_EDGE ( 'NONE', *, *, #649, .T. ) ;
#3771 = CYLINDRICAL_SURFACE ( 'NONE', #3702, 0.1249999999999999029 ) ;
#3772 = CARTESIAN_POINT ( 'NONE',  ( -0.08838834764831837720, 0.08838834764831832169, -0.03750000000000002637 ) ) ;
#3773 = CARTESIAN_POINT ( 'NONE',  ( 0.03832471526136869977, -0.09252404735808354708, 0.05937500000000002498 ) ) ;
#3774 = CARTESIAN_POINT ( 'NONE',  ( -0.01530756312513019066, -0.09941534978212346330, 0.9948974789582293310 ) ) ;
#3775 = CARTESIAN_POINT ( 'NONE',  ( 0.1499375328083564773, 0.1152275101365986126, 0.7593750000000000222 ) ) ;
#3776 = CARTESIAN_POINT ( 'NONE',  ( -0.05177669529663687931, -0.1249999999999999584, 0.1281250000000000444 ) ) ;
#3777 = ORIENTED_EDGE ( 'NONE', *, *, #3635, .T. ) ;
#3778 = VECTOR ( 'NONE', #1404, 39.37007874015748143 ) ;
#3779 = CARTESIAN_POINT ( 'NONE',  ( -0.05177669529663686543, 0.1250000000000000278, 0.5593750000000000666 ) ) ;
#3780 = CARTESIAN_POINT ( 'NONE',  ( 0.09252404735808347769, 0.03832471526136889406, 0.7218750000000001554 ) ) ;
#3781 = CARTESIAN_POINT ( 'NONE',  ( -0.1638349478928923797, -0.09442855863492051471, 0.7500000000000001110 ) ) ;
#3782 = EDGE_CURVE ( 'NONE', #1294, #1452, #2386, .T. ) ;
#3783 = CARTESIAN_POINT ( 'NONE',  ( -0.06542438130972608179, 0.06542438130972623445, 0.6812500000000000222 ) ) ;
#3784 = CARTESIAN_POINT ( 'NONE',  ( 0.1249999999999993477, 0.05177669529663758707, 0.6906250000000002665 ) ) ;
#3785 = DIRECTION ( 'NONE',  ( -0.000000000000000000, -0.000000000000000000, -1.000000000000000000 ) ) ;
#3786 = CARTESIAN_POINT ( 'NONE',  ( -0.09252404735808346381, -0.03832471526136865814, 0.3406250000000000111 ) ) ;
#3787 = CARTESIAN_POINT ( 'NONE',  ( 0.03832471526136869283, -0.09252404735808344993, 0.3031250000000000333 ) ) ;
#3788 = CARTESIAN_POINT ( 'NONE',  ( 0.09252404735808347769, -0.03832471526136878998, 0.1156250000000000333 ) ) ;
#3789 = CONICAL_SURFACE ( 'NONE', #3869, 0.1299999999999999212, 1.049781331994649403 ) ;
#3790 = CARTESIAN_POINT ( 'NONE',  ( 0.000000000000000000, 7.549139889267777477E-20, 0.000000000000000000 ) ) ;
#3791 = CARTESIAN_POINT ( 'NONE',  ( -0.06542438130972610955, -0.06542438130972594301, 0.7000000000000000666 ) ) ;
#3792 = FACE_OUTER_BOUND ( 'NONE', #418, .T. ) ;
#3793 = CARTESIAN_POINT ( 'NONE',  ( -0.1250000000000004718, 0.05177669529663645603, 0.6593750000000002665 ) ) ;
#3794 = CARTESIAN_POINT ( 'NONE',  ( -0.09252404735808347769, -5.148479428543645521E-17, -0.006250000000000003816 ) ) ;
#3795 = CARTESIAN_POINT ( 'NONE',  ( 0.05475602988872744353, 0.07663976687704311674, 0.9916207643691725693 ) ) ;
#3796 = EDGE_CURVE ( 'NONE', #877, #778, #3509, .T. ) ;
#3797 = CARTESIAN_POINT ( 'NONE',  ( 0.1249999999999998751, -0.05177669529663693482, 0.1343750000000000222 ) ) ;
#3798 = CARTESIAN_POINT ( 'NONE',  ( 0.1249999999999998890, -0.05177669529663698339, -0.009374999999999984041 ) ) ;
#3799 = ORIENTED_EDGE ( 'NONE', *, *, #4515, .T. ) ;
#3800 = DIRECTION ( 'NONE',  ( 1.000000000000000000, 0.000000000000000000, 0.000000000000000000 ) ) ;
#3801 = CARTESIAN_POINT ( 'NONE',  ( 0.08838834764831837720, -0.08838834764831836333, 0.2812500000000000555 ) ) ;
#3802 = CARTESIAN_POINT ( 'NONE',  ( -0.09252404735808350544, 0.03832471526136887324, 0.6906250000000000444 ) ) ;
#3803 = CARTESIAN_POINT ( 'NONE',  ( -0.1249999999999999029, 7.549139889267777477E-20, 0.000000000000000000 ) ) ;
#3804 = CARTESIAN_POINT ( 'NONE',  ( -0.03832471526136870671, 0.09252404735808360259, 0.6781249999999999778 ) ) ;
#3805 = EDGE_LOOP ( 'NONE', ( #1490, #4671 ) ) ;
#3806 = CARTESIAN_POINT ( 'NONE',  ( 0.000000000000000000, 0.09252404735808357483, 0.5250000000000000222 ) ) ;
#3807 = EDGE_LOOP ( 'NONE', ( #3189, #201, #4207 ) ) ;
#3808 = EDGE_CURVE ( 'NONE', #877, #1518, #1813, .T. ) ;
#3809 = CARTESIAN_POINT ( 'NONE',  ( 0.09252404735808347769, 6.614873615811357377E-17, 0.4687500000000000000 ) ) ;
#3810 = CARTESIAN_POINT ( 'NONE',  ( 0.1249999999999999306, 3.803109736684432660E-17, 0.3937500000000000444 ) ) ;
#3811 = CARTESIAN_POINT ( 'NONE',  ( -0.09252404735808347769, -0.03832471526136872059, 0.1406250000000000278 ) ) ;
#3812 = ORIENTED_EDGE ( 'NONE', *, *, #436, .T. ) ;
#3813 = CARTESIAN_POINT ( 'NONE',  ( -0.1037228611112271798, 0.1349216999257369098, 0.9999999999999998890 ) ) ;
#3814 = CARTESIAN_POINT ( 'NONE',  ( -0.1249999999999999306, 1.055671058012641886E-16, 0.5187500000000001554 ) ) ;
#3815 = CARTESIAN_POINT ( 'NONE',  ( -0.05177669529663687931, -0.1249999999999998473, 0.4781250000000001332 ) ) ;
#3816 = CARTESIAN_POINT ( 'NONE',  ( 0.08608668341437200611, 0.05855100563012535786, 0.9974455611380933506 ) ) ;
#3817 = VERTEX_POINT ( 'NONE', #3880 ) ;
#3818 = CARTESIAN_POINT ( 'NONE',  ( 0.1249999999999998751, -0.05177669529663694870, 0.08437500000000003331 ) ) ;
#3819 = CARTESIAN_POINT ( 'NONE',  ( -0.1249999999999999584, -0.05177669529663687931, 0.07187500000000002220 ) ) ;
#3820 = ORIENTED_EDGE ( 'NONE', *, *, #1157, .T. ) ;
#3821 = CARTESIAN_POINT ( 'NONE',  ( -1.133092784412350615E-17, -0.09252404735808346381, 0.2562500000000000888 ) ) ;
#3822 = CARTESIAN_POINT ( 'NONE',  ( -0.09442855863492148616, -0.1638349478928962655, 0.7593750000000000222 ) ) ;
#3823 = CARTESIAN_POINT ( 'NONE',  ( 0.1249999999999998751, -0.05177669529663692094, 0.1843750000000000389 ) ) ;
#3824 = CARTESIAN_POINT ( 'NONE',  ( -0.09252404735808347769, 1.552663010666854958E-16, 0.6937500000000000888 ) ) ;
#3825 = CARTESIAN_POINT ( 'NONE',  ( 0.05177669529663682380, -0.1249999999999997918, 0.6781249999999999778 ) ) ;
#3826 = EDGE_CURVE ( 'NONE', #738, #2150, #4639, .T. ) ;
#3827 = CYLINDRICAL_SURFACE ( 'NONE', #2926, 0.1249999999999999029 ) ;
#3828 = CARTESIAN_POINT ( 'NONE',  ( 0.1499375327922243539, -0.1152275101527307083, 0.9812499999999999556 ) ) ;
#3829 = CARTESIAN_POINT ( 'NONE',  ( 0.000000000000000000, -5.530426628471140438E-17, 0.7221304482402235436 ) ) ;
#3830 = CARTESIAN_POINT ( 'NONE',  ( 6.091376809005443538E-17, -0.1082531754730545887, 0.8828124999999998890 ) ) ;
#3831 = CARTESIAN_POINT ( 'NONE',  ( 0.06542438130972610955, 0.06542438130972615118, 0.4249999999999999889 ) ) ;
#3832 = CARTESIAN_POINT ( 'NONE',  ( -1.133092784412350307E-17, -0.09252404735808338054, 0.5000000000000001110 ) ) ;
#3833 = ORIENTED_EDGE ( 'NONE', *, *, #4667, .T. ) ;
#3834 = CARTESIAN_POINT ( 'NONE',  ( 0.09252404735808346381, -0.03832471526136867201, 0.5156250000000000000 ) ) ;
#3835 = CARTESIAN_POINT ( 'NONE',  ( -0.09252404735808350544, 0.03832471526136872059, 0.1906250000000000444 ) ) ;
#3836 = CARTESIAN_POINT ( 'NONE',  ( 0.09689541352111760708, -0.007487453338364481216, 0.009395413521069904267 ) ) ;
#3837 = CARTESIAN_POINT ( 'NONE',  ( 0.09252404735808344993, 0.03832471526136872059, 0.1656250000000000222 ) ) ;
#3838 = ADVANCED_FACE ( 'NONE', ( #2287 ), #4577, .T. ) ;
#3839 = CARTESIAN_POINT ( 'NONE',  ( -0.08496052921702415550, 0.1474649246648288003, 1.000000000000000222 ) ) ;
#3840 = CARTESIAN_POINT ( 'NONE',  ( -0.09704803817074139638, 0.06724689455031100660, 0.7180251301311538770 ) ) ;
#3841 = CARTESIAN_POINT ( 'NONE',  ( -0.03832471526136872059, 0.09252404735808351932, 0.3843749999999999112 ) ) ;
#3842 = EDGE_CURVE ( 'NONE', #862, #2314, #3095, .T. ) ;
#3843 =( LENGTH_UNIT ( ) NAMED_UNIT ( * ) SI_UNIT ( $, .METRE. ) );
#3844 = ORIENTED_EDGE ( 'NONE', *, *, #3349, .T. ) ;
#3845 = CARTESIAN_POINT ( 'NONE',  ( -0.08838834764831837720, 0.08838834764831837720, 0.1062499999999999833 ) ) ;
#3846 = CARTESIAN_POINT ( 'NONE',  ( 0.05177669529663683073, -0.1250000000000000278, -0.01562499999999996877 ) ) ;
#3847 = ORIENTED_EDGE ( 'NONE', *, *, #549, .T. ) ;
#3848 = CARTESIAN_POINT ( 'NONE',  ( 0.000000000000000000, 7.549139889267777477E-20, 0.000000000000000000 ) ) ;
#3849 = CARTESIAN_POINT ( 'NONE',  ( -0.09374999999999998612, -0.05412658773652719024, 0.8828124999999998890 ) ) ;
#3850 = EDGE_LOOP ( 'NONE', ( #4052, #3904, #3274, #4219 ) ) ;
#3851 = CARTESIAN_POINT ( 'NONE',  ( -0.1249999999999999167, 1.511350158471084894E-17, 0.2125000000000000222 ) ) ;
#3852 = CARTESIAN_POINT ( 'NONE',  ( 0.03832471526136877610, 0.09252404735808361647, 0.7281250000000001332 ) ) ;
#3853 = CARTESIAN_POINT ( 'NONE',  ( 0.1249999999999999167, 1.247927177378240909E-16, 0.6875000000000001110 ) ) ;
#3854 = CARTESIAN_POINT ( 'NONE',  ( 0.000000000000000000, 0.09252404735808360259, 0.6750000000000000444 ) ) ;
#3855 = CARTESIAN_POINT ( 'NONE',  ( 0.05177669529663683073, -0.1249999999999998473, 0.5843750000000000888 ) ) ;
#3856 = CARTESIAN_POINT ( 'NONE',  ( -0.06542438130972609567, 0.06542438130972624832, 0.6875000000000000000 ) ) ;
#3857 = CARTESIAN_POINT ( 'NONE',  ( 0.09252404735808344993, 0.03832471526136883855, 0.5656250000000000444 ) ) ;
#3858 = EDGE_LOOP ( 'NONE', ( #489, #1843, #4760, #3558, #4658, #2464, #2300, #176, #864, #1641, #4633, #3812, #391, #3022, #2774, #4482, #1270, #3580, #3799, #4112, #60, #2947, #1759, #4524, #2401, #3205, #3057, #2720, #3488, #2963, #2188, #2982, #494, #4012, #2282, #2290 ) ) ;
#3859 = EDGE_CURVE ( 'NONE', #654, #3693, #837, .T. ) ;
#3860 = CARTESIAN_POINT ( 'NONE',  ( -0.05177669529663686543, 0.1249999999999999861, 0.3093749999999999556 ) ) ;
#3861 = CARTESIAN_POINT ( 'NONE',  ( -0.02328809511993469583, -0.1781278127905213671, 0.7500000000000002220 ) ) ;
#3862 = CARTESIAN_POINT ( 'NONE',  ( 0.03832471526136869283, -0.09252404735808350544, 0.2031250000000000278 ) ) ;
#3863 = EDGE_CURVE ( 'NONE', #2518, #738, #2215, .T. ) ;
#3864 = FACE_OUTER_BOUND ( 'NONE', #2218, .T. ) ;
#3865 = AXIS2_PLACEMENT_3D ( 'NONE', #1767, #4042, #3662 ) ;
#3866 = FACE_OUTER_BOUND ( 'NONE', #3621, .T. ) ;
#3867 = CARTESIAN_POINT ( 'NONE',  ( -0.09252404735808350544, 0.03832471526136876916, 0.3406250000000000111 ) ) ;
#3868 = CARTESIAN_POINT ( 'NONE',  ( 0.03832471526136869283, -0.09252404735808351932, 0.1031250000000000638 ) ) ;
#3869 = AXIS2_PLACEMENT_3D ( 'NONE', #4649, #2427, #584 ) ;
#3870 = DIRECTION ( 'NONE',  ( -1.000000000000000000, 0.000000000000000000, 0.000000000000000000 ) ) ;
#3871 = CARTESIAN_POINT ( 'NONE',  ( 0.03832471526136869283, -0.09252404735808332503, 0.7031250000000001110 ) ) ;
#3872 = VERTEX_POINT ( 'NONE', #1677 ) ;
#3873 = CARTESIAN_POINT ( 'NONE',  ( 0.000000000000000000, 0.09252404735808346381, 0.1312499999999999778 ) ) ;
#3874 = DIRECTION ( 'NONE',  ( 1.000000000000000000, 0.000000000000000000, 0.000000000000000000 ) ) ;
#3875 = CARTESIAN_POINT ( 'NONE',  ( 0.04907772850198703629, -0.1826198767988360949, 0.7593750000000000222 ) ) ;
#3876 = CARTESIAN_POINT ( 'NONE',  ( -0.05177669529663685849, 0.1249999999999999584, 0.2531249999999999889 ) ) ;
#3877 = CARTESIAN_POINT ( 'NONE',  ( -0.1249999999999999167, 2.988143696700528326E-17, 0.2625000000000000111 ) ) ;
#3878 = CARTESIAN_POINT ( 'NONE',  ( -0.04907772850198648812, -0.1826198767988362892, 0.7593750000000000222 ) ) ;
#3879 = CARTESIAN_POINT ( 'NONE',  ( -0.1152275101527365925, -0.1499375327922184975, 0.9812499999999999556 ) ) ;
#3880 = CARTESIAN_POINT ( 'NONE',  ( 0.1082531754730549772, -1.104688079777929626E-16, 1.000000000000000000 ) ) ;
#3881 = CARTESIAN_POINT ( 'NONE',  ( 0.03832471526136876916, 0.09252404735808354708, 0.5718750000000001332 ) ) ;
#3882 = VERTEX_POINT ( 'NONE', #2831 ) ;
#3883 = CARTESIAN_POINT ( 'NONE',  ( 0.1249999999999999167, 0.05177669529663691400, 0.2906250000000000222 ) ) ;
#3884 = CARTESIAN_POINT ( 'NONE',  ( 0.08838834764831840496, 0.08838834764831844659, 0.3999999999999999667 ) ) ;
#3885 = CARTESIAN_POINT ( 'NONE',  ( 0.03832471526136876916, 0.09252404735808343605, 0.1218749999999999833 ) ) ;
#3886 = CARTESIAN_POINT ( 'NONE',  ( -0.09252404735808347769, -0.03832471526136875528, 0.04062500000000000833 ) ) ;
#3887 = CARTESIAN_POINT ( 'NONE',  ( -0.03832471526136872753, -0.09252404735808344993, 0.3031250000000000333 ) ) ;
#3888 = CARTESIAN_POINT ( 'NONE',  ( 0.1249999999999999306, 6.756696813143318291E-17, 0.4937500000000000777 ) ) ;
#3889 = CARTESIAN_POINT ( 'NONE',  ( 0.06542438130972608179, -0.06542438130972610955, 0.1562500000000000000 ) ) ;
#3890 = ORIENTED_EDGE ( 'NONE', *, *, #2466, .F. ) ;
#3891 = CARTESIAN_POINT ( 'NONE',  ( -0.08838834764831839108, -0.08838834764831836333, 0.2250000000000000611 ) ) ;
#3892 = EDGE_LOOP ( 'NONE', ( #4705, #2488, #1182, #730 ) ) ;
#3893 = CARTESIAN_POINT ( 'NONE',  ( 0.03832471526136877610, 0.09252404735808346381, 0.2281249999999999667 ) ) ;
#3894 = CARTESIAN_POINT ( 'NONE',  ( -0.01455762488768123399, -0.09137163070204255833, 0.005024047358083624619 ) ) ;
#3895 = EDGE_CURVE ( 'NONE', #1160, #109, #517, .T. ) ;
#3896 = VERTEX_POINT ( 'NONE', #3948 ) ;
#3897 = CARTESIAN_POINT ( 'NONE',  ( 0.1249999999999999167, -8.118700702825745592E-18, 0.2375000000000000167 ) ) ;
#3898 = CARTESIAN_POINT ( 'NONE',  ( 0.06542438130972610955, 0.06542438130972604016, 0.07499999999999998335 ) ) ;
#3899 = CYLINDRICAL_SURFACE ( 'NONE', #4257, 0.1249999999999999029 ) ;
#3900 = CARTESIAN_POINT ( 'NONE',  ( 0.1249999999999999306, 2.326316198454990153E-17, 0.3437500000000000555 ) ) ;
#3901 = CARTESIAN_POINT ( 'NONE',  ( 0.1249999999999999167, -0.05177669529663717074, 0.04062500000000000139 ) ) ;
#3902 = CARTESIAN_POINT ( 'NONE',  ( -0.1249999999999999167, 0.05177669529663682380, 0.05937499999999999029 ) ) ;
#3903 = CARTESIAN_POINT ( 'NONE',  ( -0.09252404735808346381, 7.958063223242654112E-17, 0.4375000000000000555 ) ) ;
#3904 = ORIENTED_EDGE ( 'NONE', *, *, #2145, .T. ) ;
#3905 = CARTESIAN_POINT ( 'NONE',  ( 0.09252404735808347769, -0.03832471526136876222, 0.2156250000000000111 ) ) ;
#3906 = CARTESIAN_POINT ( 'NONE',  ( -0.01539068948143315109, -0.09936735675793574585, 0.8781501562697850982 ) ) ;
#3907 = CARTESIAN_POINT ( 'NONE',  ( -0.09252404735808347769, 0.03832471526136870671, 0.1343750000000000222 ) ) ;
#3908 = CYLINDRICAL_SURFACE ( 'NONE', #1010, 0.1249999999999999029 ) ;
#3909 =( BOUNDED_CURVE ( )  B_SPLINE_CURVE ( 2, ( #1408, #915, #2452, #536, #2074, #3571, #4719, #3793, #1484 ),
 .UNSPECIFIED., .F., .F. ) 
 B_SPLINE_CURVE_WITH_KNOTS ( ( 3, 2, 2, 2, 3 ),
 ( 0.7968750000000000000, 0.8046875000000000000, 0.8125000000000000000, 0.8203125000000001110, 0.8281250000000001110 ),
 .UNSPECIFIED. ) 
 CURVE ( )  GEOMETRIC_REPRESENTATION_ITEM ( )  RATIONAL_B_SPLINE_CURVE ( ( 1.000000000000000000, 0.9238795325112867385, 1.000000000000000000, 0.9238795325112867385, 1.000000000000000000, 0.9238795325112867385, 1.000000000000000000, 0.9238795325112856283, 1.000000000000001110 ) ) 
 REPRESENTATION_ITEM ( '' )  );
#3910 = CARTESIAN_POINT ( 'NONE',  ( -0.07638427062933114686, 0.08783962941225402499, 0.7170675794665458680 ) ) ;
#3911 = CARTESIAN_POINT ( 'NONE',  ( -0.09252404735808350544, 0.03832471526136877610, 0.3906250000000000000 ) ) ;
#3912 = CARTESIAN_POINT ( 'NONE',  ( 0.09252404735808344993, 0.03832471526136874140, 0.2156250000000000111 ) ) ;
#3913 = B_SPLINE_CURVE_WITH_KNOTS ( 'NONE', 3,
 ( #2509, #4725, #2121, #2876, #2462, #4374, #1699, #3243 ),
 .UNSPECIFIED., .F., .F.,
 ( 4, 2, 2, 4 ),
 ( 2.380745673616467886E-07, 0.001388728690853452451, 0.002082973998996497621, 0.002777219307139543441 ),
 .UNSPECIFIED. ) ;
#3914 = CARTESIAN_POINT ( 'NONE',  ( 0.08838834764831837720, -0.08838834764831843271, 0.1375000000000000389 ) ) ;
#3915 = CARTESIAN_POINT ( 'NONE',  ( 0.000000000000000000, -1.104688079777929626E-16, 1.000000000000000000 ) ) ;
#3916 = CARTESIAN_POINT ( 'NONE',  ( 0.05177669529663682380, -0.1249999999999998751, 0.4281250000000000333 ) ) ;
#3917 = CARTESIAN_POINT ( 'NONE',  ( 0.06542438130972609567, -0.06542438130972616506, 0.01250000000000001804 ) ) ;
#3918 = CYLINDRICAL_SURFACE ( 'NONE', #4897, 0.1249999999999999029 ) ;
#3919 = FACE_OUTER_BOUND ( 'NONE', #453, .T. ) ;
#3920 = CYLINDRICAL_SURFACE ( 'NONE', #1483, 0.1874999999999998335 ) ;
#3921 = CARTESIAN_POINT ( 'NONE',  ( -0.08838834764831839108, -0.08838834764831832169, 0.3187500000000000333 ) ) ;
#3922 = CARTESIAN_POINT ( 'NONE',  ( 0.000000000000000000, 0.1250000000000000278, 0.5000000000000000000 ) ) ;
#3923 = EDGE_LOOP ( 'NONE', ( #3432, #889, #1774, #3353 ) ) ;
#3924 = CARTESIAN_POINT ( 'NONE',  ( 0.09252404735808346381, -0.03832471526136882467, 0.01562500000000001041 ) ) ;
#3925 = CARTESIAN_POINT ( 'NONE',  ( 0.1249999999999999167, 0.05177669529663699727, 0.5906250000000001776 ) ) ;
#3926 = CARTESIAN_POINT ( 'NONE',  ( -0.06542438130972608179, -0.06542438130972602628, 0.3437500000000000555 ) ) ;
#3927 = CARTESIAN_POINT ( 'NONE',  ( 0.1249999999999999306, -6.272708780038936294E-18, 0.2437500000000000222 ) ) ;
#3928 = CARTESIAN_POINT ( 'NONE',  ( 0.08838834764831839108, 0.08838834764831836333, 0.1937499999999999778 ) ) ;
#3929 = CONICAL_SURFACE ( 'NONE', #366, 0.1082531754730549772, 1.047197551196600074 ) ;
#3930 = CARTESIAN_POINT ( 'NONE',  ( -0.1874999999999998335, 1.155655514089910516E-17, 0.9812499999999999556 ) ) ;
#3931 = CARTESIAN_POINT ( 'NONE',  ( -0.03832471526136872059, 0.09252404735808356095, 0.4843750000000000000 ) ) ;
#3932 = CARTESIAN_POINT ( 'NONE',  ( 0.04416995567078188523, -0.1643578891110858975, 1.000000000000000000 ) ) ;
#3933 = CARTESIAN_POINT ( 'NONE',  ( 0.000000000000000000, 0.09252404735808353320, 0.3812499999999999778 ) ) ;
#3934 = CARTESIAN_POINT ( 'NONE',  ( 0.06542438130972610955, 0.06542438130972608179, 0.2187500000000000278 ) ) ;
#3935 =( BOUNDED_CURVE ( )  B_SPLINE_CURVE ( 2, ( #4373, #4702, #516, #947, #2461, #3947, #2485, #2508, #3210 ),
 .UNSPECIFIED., .F., .T. ) 
 B_SPLINE_CURVE_WITH_KNOTS ( ( 3, 2, 2, 2, 3 ),
 ( 0.2656250000000000000, 0.2734375000000000000, 0.2812500000000000000, 0.2890625000000000000, 0.2968750000000000000 ),
 .UNSPECIFIED. ) 
 CURVE ( )  GEOMETRIC_REPRESENTATION_ITEM ( )  RATIONAL_B_SPLINE_CURVE ( ( 1.000000000000000000, 0.9238795325112867385, 1.000000000000000000, 0.9238795325112867385, 1.000000000000000000, 0.9238795325112867385, 1.000000000000000000, 0.9238795325112867385, 1.000000000000000000 ) ) 
 REPRESENTATION_ITEM ( '' )  );
#3936 = VECTOR ( 'NONE', #3963, 39.37007874015748143 ) ;
#3937 = CARTESIAN_POINT ( 'NONE',  ( 0.08838834764831840496, 0.08838834764831839108, 0.2500000000000000000 ) ) ;
#3938 = CARTESIAN_POINT ( 'NONE',  ( 0.06542438130972610955, 0.06542438130972612342, 0.3250000000000000111 ) ) ;
#3939 = AXIS2_PLACEMENT_3D ( 'NONE', #3790, #827, #386 ) ;
#3940 = EDGE_CURVE ( 'NONE', #1160, #4077, #1219, .T. ) ;
#3941 = DIRECTION ( 'NONE',  ( -0.7071067811865435759, 8.659560562354884787E-17, 0.7071067811865514585 ) ) ;
#3942 = CARTESIAN_POINT ( 'NONE',  ( -0.03832471526136872059, -0.09252404735808336667, 0.4968750000000001221 ) ) ;
#3943 =( GEOMETRIC_REPRESENTATION_CONTEXT ( 3 ) GLOBAL_UNCERTAINTY_ASSIGNED_CONTEXT ( ( #162 ) ) GLOBAL_UNIT_ASSIGNED_CONTEXT ( ( #2998, #3332, #4429 ) ) REPRESENTATION_CONTEXT ( 'NONE', 'WORKASPACE' ) );
#3944 = CARTESIAN_POINT ( 'NONE',  ( 0.08838834764831837720, -0.08838834764831832169, 0.4312500000000000222 ) ) ;
#3945 = CARTESIAN_POINT ( 'NONE',  ( 0.1249999999999999167, 2.141717006176309377E-17, 0.3375000000000000222 ) ) ;
#3946 = CARTESIAN_POINT ( 'NONE',  ( -1.530808498934190276E-17, -0.1249999999999999029, 0.2250000000000000611 ) ) ;
#3947 = CARTESIAN_POINT ( 'NONE',  ( 0.05177669529663683073, -0.1250000000000000000, 0.1843750000000000389 ) ) ;
#3948 = CARTESIAN_POINT ( 'NONE',  ( 0.09375000000000001388, -1.104688082028675513E-16, 0.9916265877365274539 ) ) ;
#3949 = CARTESIAN_POINT ( 'NONE',  ( 0.06542438130972609567, -0.06542438130972608179, 0.2625000000000000666 ) ) ;
#3950 = CARTESIAN_POINT ( 'NONE',  ( -0.03848203384297579216, -0.1037065346494464302, 0.7138753106460385967 ) ) ;
#3951 = VERTEX_POINT ( 'NONE', #3900 ) ;
#3952 = DIRECTION ( 'NONE',  ( -0.000000000000000000, -0.000000000000000000, -1.000000000000000000 ) ) ;
#3953 = CARTESIAN_POINT ( 'NONE',  ( 0.05177669529663683073, -0.1249999999999999584, 0.2843750000000000444 ) ) ;
#3954 = CARTESIAN_POINT ( 'NONE',  ( -0.06765572209224642031, -0.09677982781615551700, 0.03043898999304118017 ) ) ;
#3955 = CARTESIAN_POINT ( 'NONE',  ( -0.09374999999999998612, 0.009152492404438446194, 0.9916273051487927148 ) ) ;
#3956 = CARTESIAN_POINT ( 'NONE',  ( -0.09252404735808347769, 0.03832471526136878998, 0.4343750000000001776 ) ) ;
#3957 = PRODUCT_RELATED_PRODUCT_CATEGORY ( 'part', '', ( #1841 ) ) ;
#3958 = EDGE_CURVE ( 'NONE', #912, #1596, #3913, .T. ) ;
#3959 = CARTESIAN_POINT ( 'NONE',  ( -0.09252404735808347769, 0.03832471526136865814, -0.01562500000000001388 ) ) ;
#3960 = CARTESIAN_POINT ( 'NONE',  ( 0.1249999999999999167, 8.048891159094080331E-17, 0.5375000000000000888 ) ) ;
#3961 = CARTESIAN_POINT ( 'NONE',  ( 0.08838834764831837720, -0.08838834764831836333, 0.3375000000000000777 ) ) ;
#3962 = CARTESIAN_POINT ( 'NONE',  ( 0.09252404735808347769, -0.03832471526136865814, 0.5656250000000001554 ) ) ;
#3963 = DIRECTION ( 'NONE',  ( -0.000000000000000000, -0.000000000000000000, -1.000000000000000000 ) ) ;
#3964 = CARTESIAN_POINT ( 'NONE',  ( -0.03832471526136870671, 0.09252404735808343605, 0.07812499999999997224 ) ) ;
#3965 = CARTESIAN_POINT ( 'NONE',  ( -0.08838834764831839108, -0.08838834764831833557, 0.2750000000000000777 ) ) ;
#3966 = CARTESIAN_POINT ( 'NONE',  ( -0.05177669529663687931, -0.1249999999999997780, 0.6218750000000000666 ) ) ;
#3967 = CARTESIAN_POINT ( 'NONE',  ( -0.03832471526136872059, 0.09252404735808351932, 0.3843749999999999112 ) ) ;
#3968 = CARTESIAN_POINT ( 'NONE',  ( -0.1152275099952964482, 0.1499375329496586695, 0.7593750000000000222 ) ) ;
#3969 = VERTEX_POINT ( 'NONE', #1370 ) ;
#3970 = CARTESIAN_POINT ( 'NONE',  ( 0.05177669529663693482, 0.1249999999999999584, 0.3468749999999999889 ) ) ;
#3971 = CARTESIAN_POINT ( 'NONE',  ( -0.05177669529663685849, 0.1250000000000000555, 0.7031250000000001110 ) ) ;
#3972 = CARTESIAN_POINT ( 'NONE',  ( 0.1249999999999993755, 0.05177669529663758707, 0.6968750000000002442 ) ) ;
#3973 = CYLINDRICAL_SURFACE ( 'NONE', #3007, 0.1299999999999999212 ) ;
#3974 = CARTESIAN_POINT ( 'NONE',  ( -0.06290549989091975824, 0.07193466817752458553, 0.9916383330878957292 ) ) ;
#3975 = CARTESIAN_POINT ( 'NONE',  ( 0.000000000000000000, 0.09252404735808358871, 0.6250000000000000000 ) ) ;
#3976 = EDGE_LOOP ( 'NONE', ( #1680, #3078 ) ) ;
#3977 = CARTESIAN_POINT ( 'NONE',  ( -0.1687499999999998446, 2.744475302765376591E-17, 1.000000000000000000 ) ) ;
#3978 = CARTESIAN_POINT ( 'NONE',  ( 0.000000000000000000, 0.1250000000000000278, 0.4562499999999999889 ) ) ;
#3979 = CARTESIAN_POINT ( 'NONE',  ( 0.05437468733066476434, -0.1108703537934236372, 0.03584700037860030775 ) ) ;
#3980 = CARTESIAN_POINT ( 'NONE',  ( -0.07844243687486909811, -0.06296441342745924541, 0.8777099789582289979 ) ) ;
#3981 = CARTESIAN_POINT ( 'NONE',  ( 0.03832471526136876916, 0.09252404735808351932, 0.3718750000000000666 ) ) ;
#3982 = CARTESIAN_POINT ( 'NONE',  ( -0.06542438130972608179, 0.06542438130972608179, 0.1812500000000000222 ) ) ;
#3983 = CARTESIAN_POINT ( 'NONE',  ( -0.02454369260617018586, -0.1874999999999998057, 0.9812500000000000666 ) ) ;
#3984 = CARTESIAN_POINT ( 'NONE',  ( -1.133092784412350615E-17, -0.09252404735808338054, 0.5562500000000001332 ) ) ;
#3985 = CARTESIAN_POINT ( 'NONE',  ( 0.1249999999999999167, 0.05177669529663698339, 0.5468750000000000000 ) ) ;
#3986 = VERTEX_POINT ( 'NONE', #2901 ) ;
#3987 = CARTESIAN_POINT ( 'NONE',  ( -0.1249999999999999584, 0.05177669529663686543, 0.1656249999999999944 ) ) ;
#3988 = CARTESIAN_POINT ( 'NONE',  ( -0.1249999999999999445, -0.05177669529663676135, 0.5218750000000000888 ) ) ;
#3989 = DIRECTION ( 'NONE',  ( -0.000000000000000000, -0.000000000000000000, -1.000000000000000000 ) ) ;
#3990 = CARTESIAN_POINT ( 'NONE',  ( 0.08838834764831837720, -0.08838834764831839108, 0.1812500000000000500 ) ) ;
#3991 = ORIENTED_EDGE ( 'NONE', *, *, #3175, .F. ) ;
#3992 = CARTESIAN_POINT ( 'NONE',  ( -0.1249999999999999584, -0.05177669529663669890, 0.7218750000000001554 ) ) ;
#3993 = CARTESIAN_POINT ( 'NONE',  ( -0.08838834764831839108, -0.08838834764831832169, 0.3687500000000000777 ) ) ;
#3994 = CARTESIAN_POINT ( 'NONE',  ( 0.1249999999999998751, -0.05177669529663675441, 0.7343750000000001110 ) ) ;
#3995 = DIRECTION ( 'NONE',  ( -1.000000000000000000, 0.000000000000000000, 0.000000000000000000 ) ) ;
#3996 = CARTESIAN_POINT ( 'NONE',  ( -0.1638349478164232154, -0.09442855881954366482, 0.7593750000000000222 ) ) ;
#3997 = CARTESIAN_POINT ( 'NONE',  ( 0.1249999999999999029, 1.538357638823458008E-17, 0.000000000000000000 ) ) ;
#3998 = CARTESIAN_POINT ( 'NONE',  ( -0.03961204379081470495, -0.1063559202411443055, 0.7155264992960163051 ) ) ;
#3999 = CARTESIAN_POINT ( 'NONE',  ( -0.05177669529663686543, 0.1250000000000000278, 0.4593750000000000888 ) ) ;
#4000 = CARTESIAN_POINT ( 'NONE',  ( -0.06542438130972610955, -0.06542438130972599852, 0.5000000000000001110 ) ) ;
#4001 = CARTESIAN_POINT ( 'NONE',  ( 0.000000000000000000, -1.104688079777929626E-16, 1.000000000000000000 ) ) ;
#4002 = CARTESIAN_POINT ( 'NONE',  ( -0.1249999999999999167, 1.332569846430662218E-16, 0.6125000000000000444 ) ) ;
#4003 = CARTESIAN_POINT ( 'NONE',  ( 0.06542438130972610955, 0.06542438130972615118, 0.4687500000000000000 ) ) ;
#4004 = CARTESIAN_POINT ( 'NONE',  ( 0.03832471526136869283, -0.09252404735808350544, 0.2031250000000000278 ) ) ;
#4005 = CARTESIAN_POINT ( 'NONE',  ( -0.1249999999999999029, 7.549139889267777477E-20, 0.000000000000000000 ) ) ;
#4006 = CARTESIAN_POINT ( 'NONE',  ( 0.1638349478164233541, -0.09442855881954356767, 0.9812500000000001776 ) ) ;
#4007 = CARTESIAN_POINT ( 'NONE',  ( 0.03832471526136877610, 0.09252404735808360259, 0.6781249999999999778 ) ) ;
#4008 = FACE_OUTER_BOUND ( 'NONE', #744, .T. ) ;
#4009 = CARTESIAN_POINT ( 'NONE',  ( -0.08498570275245025119, 0.1474514531114730909, 1.000000000000000000 ) ) ;
#4010 = AXIS2_PLACEMENT_3D ( 'NONE', #2013, #457, #1179 ) ;
#4011 = AXIS2_PLACEMENT_3D ( 'NONE', #3470, #86, #3870 ) ;
#4012 = ORIENTED_EDGE ( 'NONE', *, *, #3147, .T. ) ;
#4013 = CARTESIAN_POINT ( 'NONE',  ( 0.1249999999999998890, -0.05177669529663678910, 0.6406250000000000000 ) ) ;
#4014 = CARTESIAN_POINT ( 'NONE',  ( 0.09252404735808344993, 0.03832471526136885243, 0.6156249999999999778 ) ) ;
#4015 = CARTESIAN_POINT ( 'NONE',  ( -1.530808498934190276E-17, -0.1249999999999998473, 0.4250000000000000444 ) ) ;
#4016 = VECTOR ( 'NONE', #3025, 39.37007874015748143 ) ;
#4017 = CARTESIAN_POINT ( 'NONE',  ( 0.1249999999999998751, -0.05177669529663678910, 0.6343750000000000222 ) ) ;
#4018 = CARTESIAN_POINT ( 'NONE',  ( -0.06542438130972610955, -0.06542438130972610955, 0.1500000000000000222 ) ) ;
#4019 = CARTESIAN_POINT ( 'NONE',  ( -5.292955487724510356E-16, -0.1082531754730549217, 0.8828124999999998890 ) ) ;
#4020 = CARTESIAN_POINT ( 'NONE',  ( 0.1826198767988397031, 0.04907772850198854203, 0.7500000000000001110 ) ) ;
#4021 = CARTESIAN_POINT ( 'NONE',  ( 0.05177669529663693482, 0.1250000000000000000, 0.4968750000000001221 ) ) ;
#4022 = ORIENTED_EDGE ( 'NONE', *, *, #4880, .T. ) ;
#4023 = CONICAL_SURFACE ( 'NONE', #1258, 0.1299999999999999212, 1.049781331994649403 ) ;
#4024 = CARTESIAN_POINT ( 'NONE',  ( 0.05177669529663694176, 0.1249999999999999861, 0.4531250000000000555 ) ) ;
#4025 = CARTESIAN_POINT ( 'NONE',  ( 0.000000000000000000, 0.09252404735808358871, 0.5312500000000000000 ) ) ;
#4026 = CARTESIAN_POINT ( 'NONE',  ( 0.05177669529663694176, 0.1250000000000000278, 0.6031250000000000222 ) ) ;
#4027 = CARTESIAN_POINT ( 'NONE',  ( -0.08970713070317339055, 0.1556432004982573336, 0.7500000000000001110 ) ) ;
#4028 = CARTESIAN_POINT ( 'NONE',  ( -0.09252404735808347769, -0.03832471526136865814, 0.3406250000000000111 ) ) ;
#4029 = CARTESIAN_POINT ( 'NONE',  ( -0.007878134662150010348, -0.09238634120685949858, 0.7034921628294169560 ) ) ;
#4030 = CARTESIAN_POINT ( 'NONE',  ( 0.03832471526136869283, -0.09252404735808351932, 0.1031250000000000638 ) ) ;
#4031 = LINE ( 'NONE', #630, #1568 ) ;
#4032 = CARTESIAN_POINT ( 'NONE',  ( -0.05177669529663687931, -0.1249999999999998335, 0.4718750000000002109 ) ) ;
#4033 = CARTESIAN_POINT ( 'NONE',  ( 0.09252404735808347769, -0.03832471526136863038, 0.6656250000000001332 ) ) ;
#4034 = CARTESIAN_POINT ( 'NONE',  ( 0.04416995567078188523, -0.1643578891110858975, 1.000000000000000000 ) ) ;
#4035 = ORIENTED_EDGE ( 'NONE', *, *, #4467, .T. ) ;
#4036 = CARTESIAN_POINT ( 'NONE',  ( -0.1638349479016319998, -0.09442855861383672722, 1.000000000000000000 ) ) ;
#4037 = CARTESIAN_POINT ( 'NONE',  ( 0.09375000000000018041, 0.03650651419210439175, 0.8781812190402541463 ) ) ;
#4038 = CARTESIAN_POINT ( 'NONE',  ( 0.08838834764831839108, 0.08838834764831854374, 0.7937500000000000666 ) ) ;
#4039 = CARTESIAN_POINT ( 'NONE',  ( -1.530808498934190893E-17, -0.1249999999999997780, 0.6812500000000001332 ) ) ;
#4040 = CARTESIAN_POINT ( 'NONE',  ( -0.03832471526136872753, -0.09252404735808344993, 0.3031250000000001443 ) ) ;
#4041 = ORIENTED_EDGE ( 'NONE', *, *, #3076, .T. ) ;
#4042 = DIRECTION ( 'NONE',  ( -0.000000000000000000, -0.000000000000000000, 1.000000000000000000 ) ) ;
#4043 = CARTESIAN_POINT ( 'NONE',  ( 0.03832471526136876916, 0.09252404735808351932, 0.5218749999999999778 ) ) ;
#4044 = ORIENTED_EDGE ( 'NONE', *, *, #1847, .F. ) ;
#4045 = CARTESIAN_POINT ( 'NONE',  ( 0.09785270499898617025, -0.01819058527268830119, 0.7072749715829472761 ) ) ;
#4046 = CARTESIAN_POINT ( 'NONE',  ( 0.1249999999999998751, -0.05177669529663680298, 0.5843750000000000888 ) ) ;
#4047 = CARTESIAN_POINT ( 'NONE',  ( -0.03832471526136872059, 0.09252404735808344993, 0.08437499999999997780 ) ) ;
#4048 = EDGE_CURVE ( 'NONE', #1518, #877, #4189, .T. ) ;
#4049 = CARTESIAN_POINT ( 'NONE',  ( 0.000000000000000000, -1.104688079777929626E-16, 1.000000000000000000 ) ) ;
#4050 = CARTESIAN_POINT ( 'NONE',  ( -0.1781249999999998668, 7.549139889267777477E-20, 0.7500000000000001110 ) ) ;
#4051 = CARTESIAN_POINT ( 'NONE',  ( -0.08838834764831839108, -0.08838834764831839108, 0.1250000000000000278 ) ) ;
#4052 = ORIENTED_EDGE ( 'NONE', *, *, #4515, .F. ) ;
#4053 = CARTESIAN_POINT ( 'NONE',  ( 0.1249999999999998890, -0.05177669529663683767, 0.4906250000000000333 ) ) ;
#4054 = CARTESIAN_POINT ( 'NONE',  ( -0.09252404735808347769, 1.109624949198022083E-16, 0.5437500000000000666 ) ) ;
#4055 = DIRECTION ( 'NONE',  ( 0.000000000000000000, 0.000000000000000000, 1.000000000000000000 ) ) ;
#4056 = CARTESIAN_POINT ( 'NONE',  ( -0.1734888829589006642, 0.04662384207689182491, 0.7500000000000001110 ) ) ;
#4057 = CARTESIAN_POINT ( 'NONE',  ( -0.03832471526136870671, 0.09252404735808353320, 0.4781250000000000777 ) ) ;
#4058 = CARTESIAN_POINT ( 'NONE',  ( 0.09252404735808344993, 0.03832471526136875528, 0.2656250000000000000 ) ) ;
#4059 = CARTESIAN_POINT ( 'NONE',  ( 0.06542438130972610955, 0.06542438130972606791, 0.1687500000000000111 ) ) ;
#4060 = CARTESIAN_POINT ( 'NONE',  ( 0.08278802161814780014, -0.07460569986058777914, 0.02366498104442514225 ) ) ;
#4061 = CARTESIAN_POINT ( 'NONE',  ( 0.09252404735808344993, 0.03832471526136867895, 0.01562499999999998612 ) ) ;
#4062 = DIRECTION ( 'NONE',  ( -1.000000000000000000, 0.000000000000000000, 0.000000000000000000 ) ) ;
#4063 = ORIENTED_EDGE ( 'NONE', *, *, #4416, .T. ) ;
#4064 = CARTESIAN_POINT ( 'NONE',  ( -0.09442855861386120764, -0.1638349479016228127, 1.000000000000000000 ) ) ;
#4065 = CARTESIAN_POINT ( 'NONE',  ( 0.09139557869619649444, 0.04977808012638063745, 0.7099736789559459860 ) ) ;
#4066 = CARTESIAN_POINT ( 'NONE',  ( -0.06542438130972609567, 0.06542438130972616506, 0.3874999999999999556 ) ) ;
#4067 = CARTESIAN_POINT ( 'NONE',  ( -0.03832471526136872059, 0.09252404735808342218, -0.01562500000000003123 ) ) ;
#4068 = DIRECTION ( 'NONE',  ( -0.8660254037844397068, 1.060575238724908024E-16, 0.4999999999999979461 ) ) ;
#4069 = CARTESIAN_POINT ( 'NONE',  ( 0.05177669529663683073, -0.1249999999999998473, 0.5843750000000000888 ) ) ;
#4070 = CARTESIAN_POINT ( 'NONE',  ( 0.000000000000000000, 0.09252404735808357483, 0.5750000000000000666 ) ) ;
#4071 = ADVANCED_FACE ( 'NONE', ( #3919 ), #358, .T. ) ;
#4072 =( BOUNDED_CURVE ( )  B_SPLINE_CURVE ( 2, ( #1170, #38, #4602, #1546, #2699, #3825, #422, #1980, #3853 ),
 .UNSPECIFIED., .F., .T. ) 
 B_SPLINE_CURVE_WITH_KNOTS ( ( 3, 2, 2, 2, 3 ),
 ( 0.8281250000000001110, 0.8359375000000001110, 0.8437500000000001110, 0.8515625000000001110, 0.8593750000000001110 ),
 .UNSPECIFIED. ) 
 CURVE ( )  GEOMETRIC_REPRESENTATION_ITEM ( )  RATIONAL_B_SPLINE_CURVE ( ( 0.9999999999999988898, 0.9238795325112878487, 1.000000000000000000, 0.9238795325112867385, 1.000000000000000000, 0.9238795325112867385, 1.000000000000000000, 0.9238795325112856283, 1.000000000000001110 ) ) 
 REPRESENTATION_ITEM ( '' )  );
#4073 = CARTESIAN_POINT ( 'NONE',  ( -0.05177669529663686543, -0.1249999999999997780, 0.6718750000000000000 ) ) ;
#4074 = CARTESIAN_POINT ( 'NONE',  ( 0.03832471526136877610, 0.09252404735808347769, 0.2281250000000000222 ) ) ;
#4075 = CARTESIAN_POINT ( 'NONE',  ( -0.08990627201193697460, 0.06371576728304283177, 0.02248133655470317682 ) ) ;
#4076 = CARTESIAN_POINT ( 'NONE',  ( -0.1499375328083440151, 0.1152275101366110888, 0.7593750000000000222 ) ) ;
#4077 = VERTEX_POINT ( 'NONE', #764 ) ;
#4078 = CARTESIAN_POINT ( 'NONE',  ( 0.1249999999999999167, 0.05177669529663698339, 0.4968750000000001221 ) ) ;
#4079 = LINE ( 'NONE', #2199, #4496 ) ;
#4080 = CARTESIAN_POINT ( 'NONE',  ( -0.1094661346297747390, -0.1424406561679326111, 0.7500000000000001110 ) ) ;
#4081 = CARTESIAN_POINT ( 'NONE',  ( -1.133092784412350307E-17, -0.09252404735808336667, 0.5500000000000000444 ) ) ;
#4082 = DIRECTION ( 'NONE',  ( -1.000000000000000000, 0.000000000000000000, 0.000000000000000000 ) ) ;
#4083 = CARTESIAN_POINT ( 'NONE',  ( 0.1249999999999999029, 1.538357638823458008E-17, 0.000000000000000000 ) ) ;
#4084 = CARTESIAN_POINT ( 'NONE',  ( 0.09252404735808344993, -0.03832471526136869977, 0.4093750000000000444 ) ) ;
#4085 = CARTESIAN_POINT ( 'NONE',  ( -0.09252404735808347769, -0.03832471526136872059, 0.1406250000000000278 ) ) ;
#4086 = FACE_OUTER_BOUND ( 'NONE', #447, .T. ) ;
#4087 = CARTESIAN_POINT ( 'NONE',  ( 0.09375000000000054123, -0.05412658773652687105, 1.000000000000000000 ) ) ;
#4088 = CARTESIAN_POINT ( 'NONE',  ( -0.09252404735808347769, -0.03832471526136876222, -0.009374999999999997918 ) ) ;
#4089 = CARTESIAN_POINT ( 'NONE',  ( 0.08498570275243587380, -0.1474514531114730909, 1.000000000000000000 ) ) ;
#4090 = CARTESIAN_POINT ( 'NONE',  ( 0.1499375327922218837, 0.1152275101527379941, 1.000000000000000000 ) ) ;
#4091 = CARTESIAN_POINT ( 'NONE',  ( 0.04745346326798782766, 0.09735577612385078183, 0.7124092554288151691 ) ) ;
#4092 = DIRECTION ( 'NONE',  ( -0.000000000000000000, -0.000000000000000000, -1.000000000000000000 ) ) ;
#4093 = CARTESIAN_POINT ( 'NONE',  ( 0.1082531754730549634, 2.561107494060246767E-17, 0.8828124999999998890 ) ) ;
#4094 = ORIENTED_EDGE ( 'NONE', *, *, #918, .T. ) ;
#4095 = CARTESIAN_POINT ( 'NONE',  ( -0.05177669529663686543, 0.1250000000000000555, 0.6593749999999999334 ) ) ;
#4096 = CARTESIAN_POINT ( 'NONE',  ( -0.06542438130972608179, 0.06542438130972623445, 0.6812500000000000222 ) ) ;
#4097 = EDGE_CURVE ( 'NONE', #2437, #2319, #417, .T. ) ;
#4098 = VECTOR ( 'NONE', #1369, 39.37007874015748143 ) ;
#4099 = CARTESIAN_POINT ( 'NONE',  ( -0.09252404735808350544, -0.03832471526136872753, 0.1468750000000000611 ) ) ;
#4100 = CARTESIAN_POINT ( 'NONE',  ( -0.09374999999999995837, 0.05412658773652766903, 1.000000000000000000 ) ) ;
#4101 = CARTESIAN_POINT ( 'NONE',  ( -0.1638349478928894098, 0.09442855863491834978, 0.7500000000000001110 ) ) ;
#4102 = EDGE_LOOP ( 'NONE', ( #128, #4798, #4824, #394, #3119, #1645 ) ) ;
#4103 =( BOUNDED_CURVE ( )  B_SPLINE_CURVE ( 2, ( #2446, #2092, #3194, #4713, #2840, #4334, #4359, #2471, #3960 ),
 .UNSPECIFIED., .F., .F. ) 
 B_SPLINE_CURVE_WITH_KNOTS ( ( 3, 2, 2, 2, 3 ),
 ( 0.6406250000000000000, 0.6484375000000000000, 0.6562500000000000000, 0.6640625000000000000, 0.6718750000000000000 ),
 .UNSPECIFIED. ) 
 CURVE ( )  GEOMETRIC_REPRESENTATION_ITEM ( )  RATIONAL_B_SPLINE_CURVE ( ( 1.000000000000000000, 0.9238795325112867385, 1.000000000000000000, 0.9238795325112867385, 1.000000000000000000, 0.9238795325112867385, 1.000000000000000000, 0.9238795325112867385, 1.000000000000000000 ) ) 
 REPRESENTATION_ITEM ( '' )  );
#4104 = CARTESIAN_POINT ( 'NONE',  ( 0.06542438130972609567, -0.06542438130972602628, 0.4625000000000000777 ) ) ;
#4105 = B_SPLINE_CURVE_WITH_KNOTS ( 'NONE', 3,
 ( #3441, #3397, #3768, #4591, #2368, #805, #2742, #4540, #2688, #1534, #1186, #1559, #4241, #4169, #2665, #4561, #1158, #3105 ),
 .UNSPECIFIED., .F., .F.,
 ( 4, 2, 2, 2, 2, 2, 2, 2, 4 ),
 ( 0.000000000000000000, 0.06250000000000004163, 0.1250000000000000555, 0.1875000000000000555, 0.2500000000000000555, 0.3125000000000000555, 0.3750000000000000000, 0.4375000000000000000, 0.5000000000000000000 ),
 .UNSPECIFIED. ) ;
#4106 = CARTESIAN_POINT ( 'NONE',  ( -0.08838834764831837720, 0.08838834764831843271, 0.3125000000000000000 ) ) ;
#4107 = CARTESIAN_POINT ( 'NONE',  ( 0.02454369240633527335, 0.1874999999999998335, 0.7500000000000001110 ) ) ;
#4108 = AXIS2_PLACEMENT_3D ( 'NONE', #3609, #2501, #2408 ) ;
#4109 = CARTESIAN_POINT ( 'NONE',  ( -0.09252404735808346381, 9.434856761472099085E-17, 0.4875000000000000444 ) ) ;
#4110 = CARTESIAN_POINT ( 'NONE',  ( 0.05177669529663683073, -0.1249999999999999167, 0.3843750000000000222 ) ) ;
#4111 = CARTESIAN_POINT ( 'NONE',  ( 0.03832471526136876916, 0.09252404735808346381, 0.2718749999999999778 ) ) ;
#4112 = ORIENTED_EDGE ( 'NONE', *, *, #44, .T. ) ;
#4113 = CARTESIAN_POINT ( 'NONE',  ( 0.09252404735808344993, 0.03832471526136876916, 0.3156249999999999889 ) ) ;
#4114 = DIRECTION ( 'NONE',  ( -0.000000000000000000, -0.000000000000000000, 1.000000000000000000 ) ) ;
#4115 = CARTESIAN_POINT ( 'NONE',  ( 0.1130153008007353382, -0.03792973229676283031, 0.03145302293514519454 ) ) ;
#4116 = CARTESIAN_POINT ( 'NONE',  ( -0.03832471526136872753, -0.09252404735808332503, 0.7531249999999999334 ) ) ;
#4117 = CARTESIAN_POINT ( 'NONE',  ( -0.1499375327922185253, 0.1152275101527365925, 0.9812499999999999556 ) ) ;
#4118 = EDGE_CURVE ( 'NONE', #335, #2101, #1926, .T. ) ;
#4119 = CARTESIAN_POINT ( 'NONE',  ( 0.1638349479016156518, -0.09442855861385072991, 1.000000000000000000 ) ) ;
#4120 = CARTESIAN_POINT ( 'NONE',  ( 0.08838834764831837720, -0.08838834764831828006, 0.6374999999999999556 ) ) ;
#4121 = VERTEX_POINT ( 'NONE', #3112 ) ;
#4122 = CARTESIAN_POINT ( 'NONE',  ( 0.05177669529663682380, -0.1249999999999999861, 0.1281250000000000722 ) ) ;
#4123 = CARTESIAN_POINT ( 'NONE',  ( -0.09252404735808346381, 1.238844383793098163E-16, 0.5875000000000000222 ) ) ;
#4124 = ORIENTED_EDGE ( 'NONE', *, *, #543, .T. ) ;
#4125 = CARTESIAN_POINT ( 'NONE',  ( 0.09252404735808346381, 0.03832471526136870671, 0.07187500000000000833 ) ) ;
#4126 = CARTESIAN_POINT ( 'NONE',  ( 0.09252404735808347769, -0.03832471526136878998, 0.1156250000000000333 ) ) ;
#4127 = CYLINDRICAL_SURFACE ( 'NONE', #685, 0.1249999999999999029 ) ;
#4128 = CARTESIAN_POINT ( 'NONE',  ( -0.1152275101366111026, 0.1499375328083439873, 0.7500000000000001110 ) ) ;
#4129 = CARTESIAN_POINT ( 'NONE',  ( 0.1249999999999999306, -3.580857954462778644E-17, 0.1437500000000000167 ) ) ;
#4130 = ORIENTED_EDGE ( 'NONE', *, *, #2466, .T. ) ;
#4131 = CARTESIAN_POINT ( 'NONE',  ( 0.000000000000000000, 0.1250000000000000278, 0.5562500000000000222 ) ) ;
#4132 = CARTESIAN_POINT ( 'NONE',  ( -0.09252404735808350544, 0.03832471526136885936, 0.6406250000000000000 ) ) ;
#4133 = PLANE ( 'NONE',  #2454 ) ;
#4134 = CARTESIAN_POINT ( 'NONE',  ( -0.1094661346297765014, 0.1424406561679308347, 0.7500000000000001110 ) ) ;
#4135 = CARTESIAN_POINT ( 'NONE',  ( -0.06542438130972608179, 0.06542438130972622057, 0.6312499999999999778 ) ) ;
#4136 = CARTESIAN_POINT ( 'NONE',  ( -0.1249999999999999445, -0.05177669529663679604, 0.3718750000000000666 ) ) ;
#4137 = CARTESIAN_POINT ( 'NONE',  ( 0.06542438130972610955, 0.06542438130972613730, 0.4187500000000000111 ) ) ;
#4138 = ORIENTED_EDGE ( 'NONE', *, *, #1693, .F. ) ;
#4139 = CARTESIAN_POINT ( 'NONE',  ( -0.06542438130972610955, -0.06542438130972608179, 0.2000000000000000389 ) ) ;
#4140 = CARTESIAN_POINT ( 'NONE',  ( 0.09375000000000002776, -0.03631973612773658350, 0.9953294288024299163 ) ) ;
#4141 = CARTESIAN_POINT ( 'NONE',  ( 0.09252404735808347769, -0.03832471526136859569, 0.7656249999999998890 ) ) ;
#4142 = ORIENTED_EDGE ( 'NONE', *, *, #678, .F. ) ;
#4143 = FACE_OUTER_BOUND ( 'NONE', #3321, .T. ) ;
#4144 = CARTESIAN_POINT ( 'NONE',  ( 0.1249999999999999306, 8.495226602255474913E-18, 0.2937500000000000111 ) ) ;
#4145 = CARTESIAN_POINT ( 'NONE',  ( -0.1249999999999999306, 1.498709119481474885E-16, 0.6687500000000000666 ) ) ;
#4146 = CARTESIAN_POINT ( 'NONE',  ( -0.1249999999999999445, 0.05177669529663694870, 0.4656249999999999556 ) ) ;
#4147 = ORIENTED_EDGE ( 'NONE', *, *, #1656, .T. ) ;
#4148 = CARTESIAN_POINT ( 'NONE',  ( -0.1249999999999999167, -0.05177669529663688625, 0.01562500000000001388 ) ) ;
#4149 = CARTESIAN_POINT ( 'NONE',  ( 0.000000000000000000, 0.1249999999999998751, 0.006249999999999967387 ) ) ;
#4150 = ADVANCED_FACE ( 'NONE', ( #3087 ), #4664, .F. ) ;
#4151 = CARTESIAN_POINT ( 'NONE',  ( 0.06542438130972609567, -0.06542438130972615118, 0.06250000000000001388 ) ) ;
#4152 = CARTESIAN_POINT ( 'NONE',  ( 0.1249999999999999029, 1.538357638823458008E-17, 0.000000000000000000 ) ) ;
#4153 = CARTESIAN_POINT ( 'NONE',  ( -1.530808498934190893E-17, -0.1249999999999999445, 0.1312500000000000333 ) ) ;
#4154 = ORIENTED_EDGE ( 'NONE', *, *, #2480, .F. ) ;
#4155 = CARTESIAN_POINT ( 'NONE',  ( 0.09252404735808347769, 0.03832471526136888018, 0.6718750000000000000 ) ) ;
#4156 = DIRECTION ( 'NONE',  ( 1.000000000000000000, 0.000000000000000000, -0.000000000000000000 ) ) ;
#4157 = CARTESIAN_POINT ( 'NONE',  ( 0.1152275101366036780, -0.1499375328083513981, 0.7593750000000000222 ) ) ;
#4158 = CARTESIAN_POINT ( 'NONE',  ( -0.09252404735808347769, -0.03832471526136860956, 0.4906250000000000333 ) ) ;
#4159 = CARTESIAN_POINT ( 'NONE',  ( 0.06542438130972608179, -0.06542438130972606791, 0.3062500000000000222 ) ) ;
#4160 = CARTESIAN_POINT ( 'NONE',  ( -0.09252404735808347769, -0.03832471526136865120, 0.3906250000000000000 ) ) ;
#4161 = CARTESIAN_POINT ( 'NONE',  ( 0.09252404735808347769, 8.091667154040798652E-17, 0.5187500000000000444 ) ) ;
#4162 = CARTESIAN_POINT ( 'NONE',  ( -0.06542438130972610955, -0.06542438130972613730, 0.05000000000000002359 ) ) ;
#4163 = CARTESIAN_POINT ( 'NONE',  ( 0.000000000000000000, 2.561107494060246767E-17, 0.8828124999999998890 ) ) ;
#4164 = CARTESIAN_POINT ( 'NONE',  ( -0.08838834764831839108, -0.08838834764831833557, 0.2687500000000000444 ) ) ;
#4165 = CARTESIAN_POINT ( 'NONE',  ( -0.09252404735808347769, 1.552663010666854958E-16, 0.6937500000000000888 ) ) ;
#4166 = CARTESIAN_POINT ( 'NONE',  ( -0.1249999999999999167, 1.037211138784774086E-16, 0.5125000000000000666 ) ) ;
#4167 = CARTESIAN_POINT ( 'NONE',  ( 0.02041359246075424502, 0.1082846904590602788, 0.7134931527893273451 ) ) ;
#4168 = B_SPLINE_CURVE_WITH_KNOTS ( 'NONE', 3,
 ( #4458, #1108, #1402, #1086, #4535, #733, #2615, #680, #2266, #4060, #1836, #3343, #4888, #4115, #2157, #3318, #359, #1887 ),
 .UNSPECIFIED., .F., .F.,
 ( 4, 2, 2, 2, 2, 2, 2, 2, 4 ),
 ( 1.354865735978434084E-15, 0.0006118946359694137213, 0.001223789271937472624, 0.001835683907905531200, 0.002447578543873589561, 0.003059473179841647704, 0.003671367815809706281, 0.004283262451777763991, 0.004895157087745823435 ),
 .UNSPECIFIED. ) ;
#4169 = CARTESIAN_POINT ( 'NONE',  ( 0.1499375329496586695, 0.1152275099952964899, 0.9812499999999999556 ) ) ;
#4170 = CARTESIAN_POINT ( 'NONE',  ( 0.05177669529663694176, 0.1250000000000000000, 0.4531250000000000555 ) ) ;
#4171 = ORIENTED_EDGE ( 'NONE', *, *, #2331, .F. ) ;
#4172 = CARTESIAN_POINT ( 'NONE',  ( -0.08838834764831839108, -0.08838834764831840496, 0.06875000000000003331 ) ) ;
#4173 = CARTESIAN_POINT ( 'NONE',  ( -0.06542438130972608179, 0.06542438130972624832, 0.7312500000000000666 ) ) ;
#4174 = CARTESIAN_POINT ( 'NONE',  ( -0.08838834764831837720, 0.08838834764831840496, 0.2562499999999999778 ) ) ;
#4175 = CARTESIAN_POINT ( 'NONE',  ( 0.08838834764831837720, -0.08838834764831840496, 0.1312500000000000611 ) ) ;
#4176 = DIRECTION ( 'NONE',  ( -0.000000000000000000, -0.000000000000000000, 1.000000000000000000 ) ) ;
#4177 = ADVANCED_FACE ( 'NONE', ( #3448 ), #3622, .F. ) ;
#4178 = ORIENTED_EDGE ( 'NONE', *, *, #3863, .F. ) ;
#4179 = AXIS2_PLACEMENT_3D ( 'NONE', #3064, #1165, #3874 ) ;
#4180 = CARTESIAN_POINT ( 'NONE',  ( 0.06542438130972610955, 0.06542438130972622057, 0.6750000000000000444 ) ) ;
#4181 = CARTESIAN_POINT ( 'NONE',  ( -0.1499375328083484560, -0.1152275101366067450, 0.7593750000000000222 ) ) ;
#4182 = CARTESIAN_POINT ( 'NONE',  ( 0.06542438130972608179, -0.06542438130972595689, 0.7062500000000000444 ) ) ;
#4183 = CARTESIAN_POINT ( 'NONE',  ( 0.1874999999999998335, 2.219009066670379316E-17, 0.7593750000000000222 ) ) ;
#4184 = CARTESIAN_POINT ( 'NONE',  ( -0.09252404735808346381, -0.03832471526136858875, 0.5906250000000001776 ) ) ;
#4185 = VECTOR ( 'NONE', #1311, 39.37007874015748143 ) ;
#4186 = CARTESIAN_POINT ( 'NONE',  ( 0.03832471526136876916, 0.09252404735808351932, 0.4218750000000000555 ) ) ;
#4187 = CARTESIAN_POINT ( 'NONE',  ( -1.133092784412350615E-17, -0.09252404735808340830, 0.4562500000000000999 ) ) ;
#4188 = CARTESIAN_POINT ( 'NONE',  ( 0.03832471526136869977, -0.09252404735808351932, 0.2093750000000000611 ) ) ;
#4189 = CIRCLE ( 'NONE', #3468, 0.1299999999999999212 ) ;
#4190 = CARTESIAN_POINT ( 'NONE',  ( 0.1094882143616569825, -0.1424225543224564849, 0.7500000000000002220 ) ) ;
#4191 = CARTESIAN_POINT ( 'NONE',  ( 0.000000000000000000, 0.09252404735808346381, 0.2249999999999999778 ) ) ;
#4192 = ORIENTED_EDGE ( 'NONE', *, *, #3796, .T. ) ;
#4193 = DIRECTION ( 'NONE',  ( -0.000000000000000000, -0.000000000000000000, 1.000000000000000000 ) ) ;
#4194 = FILL_AREA_STYLE_COLOUR ( '', #2694 ) ;
#4195 = CARTESIAN_POINT ( 'NONE',  ( 0.08838834764831837720, -0.08838834764831843271, 0.03125000000000002776 ) ) ;
#4196 = CARTESIAN_POINT ( 'NONE',  ( 0.1249999999999999167, 0.05177669529663682380, -0.003125000000000017954 ) ) ;
#4197 = ORIENTED_EDGE ( 'NONE', *, *, #3076, .F. ) ;
#4198 = PLANE ( 'NONE',  #223 ) ;
#4199 = CARTESIAN_POINT ( 'NONE',  ( 0.05177669529663693482, 0.1249999999999998890, 0.2468749999999999833 ) ) ;
#4200 = CARTESIAN_POINT ( 'NONE',  ( 0.09252404735808347769, -0.03832471526136863038, 0.6656250000000001332 ) ) ;
#4201 = ADVANCED_FACE ( 'NONE', ( #1196 ), #2001, .T. ) ;
#4202 = CARTESIAN_POINT ( 'NONE',  ( -0.02454369240633561683, -0.1874999999999998335, 0.7500000000000001110 ) ) ;
#4203 = LINE ( 'NONE', #1981, #70 ) ;
#4204 = CARTESIAN_POINT ( 'NONE',  ( 0.1499375327922218837, 0.1152275101527379941, 1.000000000000000000 ) ) ;
#4205 = CARTESIAN_POINT ( 'NONE',  ( 0.000000000000000000, 0.09252404735808361647, 0.7250000000000000888 ) ) ;
#4206 = CARTESIAN_POINT ( 'NONE',  ( -0.09252404735808346381, 9.434856761472099085E-17, 0.4875000000000000444 ) ) ;
#4207 = ORIENTED_EDGE ( 'NONE', *, *, #2800, .F. ) ;
#4208 = CARTESIAN_POINT ( 'NONE',  ( -0.09252404735808347769, 0.03832471526136874140, 0.2843750000000000444 ) ) ;
#4209 = CARTESIAN_POINT ( 'NONE',  ( 0.06542438130972609567, -0.06542438130972601240, 0.5125000000000000666 ) ) ;
#4210 = CARTESIAN_POINT ( 'NONE',  ( -0.09252404735808350544, 0.03832471526136870671, 0.1406250000000000000 ) ) ;
#4211 = CARTESIAN_POINT ( 'NONE',  ( -0.1249999999999999167, 4.464937234929969601E-17, 0.3125000000000000000 ) ) ;
#4212 = CARTESIAN_POINT ( 'NONE',  ( -0.1781249999999998945, -0.01166537692496693278, 0.7500000000000001110 ) ) ;
#4213 = CARTESIAN_POINT ( 'NONE',  ( -0.03832471526136872059, -0.09252404735808344993, 0.2468750000000000944 ) ) ;
#4214 = ORIENTED_EDGE ( 'NONE', *, *, #4377, .F. ) ;
#4215 = CARTESIAN_POINT ( 'NONE',  ( 0.1499375327922146950, 0.1152275101527403811, 0.9812499999999999556 ) ) ;
#4216 = CARTESIAN_POINT ( 'NONE',  ( 0.09252404735808347769, 0.03832471526136881773, 0.4218749999999999445 ) ) ;
#4217 = CARTESIAN_POINT ( 'NONE',  ( 0.05177669529663683073, -0.1249999999999998751, 0.4843750000000000555 ) ) ;
#4218 = SURFACE_SIDE_STYLE ('',( #4242 ) ) ;
#4219 = ORIENTED_EDGE ( 'NONE', *, *, #4416, .F. ) ;
#4220 = CARTESIAN_POINT ( 'NONE',  ( -0.1249999999999999167, 0.05177669529663680298, 0.009374999999999984041 ) ) ;
#4221 = CARTESIAN_POINT ( 'NONE',  ( -0.03832471526136872059, -0.09252404735808329728, 0.7468750000000000666 ) ) ;
#4222 = ORIENTED_EDGE ( 'NONE', *, *, #523, .T. ) ;
#4223 = ADVANCED_FACE ( 'NONE', ( #4568 ), #4198, .F. ) ;
#4224 = DIRECTION ( 'NONE',  ( -1.000000000000000000, 0.000000000000000000, 0.000000000000000000 ) ) ;
#4225 = EDGE_CURVE ( 'NONE', #3719, #3661, #865, .T. ) ;
#4226 = CARTESIAN_POINT ( 'NONE',  ( -0.1249999999999999167, 0.05177669529663690012, 0.3093750000000000111 ) ) ;
#4227 = CARTESIAN_POINT ( 'NONE',  ( 0.09252404735808347769, 1.104525423049968367E-16, 0.6187500000000000222 ) ) ;
#4228 = B_SPLINE_CURVE_WITH_KNOTS ( 'NONE', 3,
 ( #3366, #2265, #3392, #4756, #902, #3582, #2249, #1366, #994, #4045, #1793, #2659 ),
 .UNSPECIFIED., .F., .F.,
 ( 4, 2, 2, 2, 2, 4 ),
 ( 5.336918429034151609E-17, 0.0006927509509270531442, 0.001385501901854052946, 0.001731877377317553009, 0.002078252852781053289, 0.002771003803708054283 ),
 .UNSPECIFIED. ) ;
#4229 = FACE_OUTER_BOUND ( 'NONE', #213, .T. ) ;
#4230 = CARTESIAN_POINT ( 'NONE',  ( -0.1152275101527368145, 0.1499375327922183310, 0.9812499999999999556 ) ) ;
#4231 = CARTESIAN_POINT ( 'NONE',  ( -0.09374999999999998612, -0.05412658773652766209, 0.8828124999999998890 ) ) ;
#4232 = CARTESIAN_POINT ( 'NONE',  ( -0.1249999999999999167, 1.184890492607718090E-16, 0.5625000000000001110 ) ) ;
#4233 = CARTESIAN_POINT ( 'NONE',  ( 0.03832471526136876916, 0.09252404735808351932, 0.5218749999999999778 ) ) ;
#4234 = CARTESIAN_POINT ( 'NONE',  ( -0.02206091049068828122, -0.1687471874024993046, 0.9999999999999998890 ) ) ;
#4235 = CARTESIAN_POINT ( 'NONE',  ( 0.06542438130972609567, -0.06542438130972612342, 0.1625000000000000333 ) ) ;
#4236 =( BOUNDED_CURVE ( )  B_SPLINE_CURVE ( 2, ( #4239, #1532, #2397, #780, #484, #2017, #1156, #2321, #3814 ),
 .UNSPECIFIED., .F., .F. ) 
 B_SPLINE_CURVE_WITH_KNOTS ( ( 3, 2, 2, 2, 3 ),
 ( 0.6718750000000000000, 0.6796875000000000000, 0.6875000000000000000, 0.6953125000000000000, 0.7031250000000000000 ),
 .UNSPECIFIED. ) 
 CURVE ( )  GEOMETRIC_REPRESENTATION_ITEM ( )  RATIONAL_B_SPLINE_CURVE ( ( 1.000000000000000000, 0.9238795325112867385, 1.000000000000000000, 0.9238795325112867385, 1.000000000000000000, 0.9238795325112867385, 1.000000000000000000, 0.9238795325112867385, 1.000000000000000000 ) ) 
 REPRESENTATION_ITEM ( '' )  );
#4237 = CARTESIAN_POINT ( 'NONE',  ( -0.1249999999999999445, 0.05177669529663693482, 0.4156250000000000777 ) ) ;
#4238 = CARTESIAN_POINT ( 'NONE',  ( 0.03832471526136869283, -0.09252404735808347769, 0.2531250000000000444 ) ) ;
#4239 = CARTESIAN_POINT ( 'NONE',  ( 0.1249999999999999306, 6.756696813143318291E-17, 0.4937500000000000777 ) ) ;
#4240 = CARTESIAN_POINT ( 'NONE',  ( 0.09252404735808347769, 2.184493001123028314E-17, 0.3187499999999999778 ) ) ;
#4241 = CARTESIAN_POINT ( 'NONE',  ( 0.1152275099952965176, 0.1499375329496586973, 0.9812500000000003997 ) ) ;
#4242 = SURFACE_STYLE_FILL_AREA ( #2666 ) ;
#4243 = ORIENTED_EDGE ( 'NONE', *, *, #4901, .F. ) ;
#4244 = CARTESIAN_POINT ( 'NONE',  ( 0.1249999999999999167, 0.05177669529663699033, 0.5406250000000000222 ) ) ;
#4245 = CARTESIAN_POINT ( 'NONE',  ( 0.09252404735808344993, -0.03832471526136860263, 0.7093749999999999778 ) ) ;
#4246 = ORIENTED_EDGE ( 'NONE', *, *, #2409, .F. ) ;
#4247 = CARTESIAN_POINT ( 'NONE',  ( 0.1638349478928959047, 0.09442855863492199964, 0.7593750000000000222 ) ) ;
#4248 = CARTESIAN_POINT ( 'NONE',  ( 0.1249999999999998751, -0.05177669529663686543, 0.3343750000000000333 ) ) ;
#4249 = EDGE_CURVE ( 'NONE', #1746, #3969, #2760, .T. ) ;
#4250 = CARTESIAN_POINT ( 'NONE',  ( -0.1874999999999998335, 7.549139889267777477E-20, 0.7500000000000001110 ) ) ;
#4251 = CARTESIAN_POINT ( 'NONE',  ( -0.1499375327922137513, 0.1152275101527365925, 1.000000000000000000 ) ) ;
#4252 = CARTESIAN_POINT ( 'NONE',  ( -0.1249999999999999029, 7.549139889267777477E-20, 0.000000000000000000 ) ) ;
#4253 = CARTESIAN_POINT ( 'NONE',  ( -0.1874999999999998335, 7.549139889267777477E-20, 0.7500000000000001110 ) ) ;
#4254 = CARTESIAN_POINT ( 'NONE',  ( -1.133092784412350307E-17, -0.09252404735808336667, 0.5500000000000000444 ) ) ;
#4255 = CARTESIAN_POINT ( 'NONE',  ( -0.05177669529663686543, -0.1249999999999998890, 0.3281250000000000555 ) ) ;
#4256 = FACE_OUTER_BOUND ( 'NONE', #1279, .T. ) ;
#4257 = AXIS2_PLACEMENT_3D ( 'NONE', #3430, #2335, #3069 ) ;
#4258 = CARTESIAN_POINT ( 'NONE',  ( 0.000000000000000000, 0.09252404735808344993, 0.1749999999999999889 ) ) ;
#4259 = DIRECTION ( 'NONE',  ( -1.000000000000000000, 0.000000000000000000, 0.000000000000000000 ) ) ;
#4260 =( BOUNDED_CURVE ( )  B_SPLINE_CURVE ( 2, ( #4681, #4301, #3921, #519, #4575, #3384, #12, #471, #4627 ),
 .UNSPECIFIED., .F., .T. ) 
 B_SPLINE_CURVE_WITH_KNOTS ( ( 3, 2, 2, 2, 3 ),
 ( 0.3906250000000000000, 0.3984375000000000000, 0.4062500000000000000, 0.4140625000000000000, 0.4218750000000000000 ),
 .UNSPECIFIED. ) 
 CURVE ( )  GEOMETRIC_REPRESENTATION_ITEM ( )  RATIONAL_B_SPLINE_CURVE ( ( 1.000000000000000000, 0.9238795325112867385, 1.000000000000000000, 0.9238795325112867385, 1.000000000000000000, 0.9238795325112867385, 1.000000000000000000, 0.9238795325112867385, 1.000000000000000000 ) ) 
 REPRESENTATION_ITEM ( '' )  );
#4261 = CIRCLE ( 'NONE', #3388, 0.01875000000000003747 ) ;
#4262 = CARTESIAN_POINT ( 'NONE',  ( -0.09230519751392707306, 0.07293013247541647870, 0.7177769279792034496 ) ) ;
#4263 = ADVANCED_FACE ( 'NONE', ( #560 ), #4745, .F. ) ;
#4264 = CARTESIAN_POINT ( 'NONE',  ( -0.06542438130972610955, -0.06542438130972604016, 0.3500000000000000888 ) ) ;
#4265 = CARTESIAN_POINT ( 'NONE',  ( 0.000000000000000000, 0.1250000000000000278, 0.5562500000000000222 ) ) ;
#4266 = CARTESIAN_POINT ( 'NONE',  ( -0.09252404735808346381, -0.03832471526136873446, 0.09062500000000001110 ) ) ;
#4267 = CARTESIAN_POINT ( 'NONE',  ( -0.05177669529663686543, 0.1249999999999999584, 0.2093750000000000056 ) ) ;
#4268 = ORIENTED_EDGE ( 'NONE', *, *, #1068, .T. ) ;
#4269 = CARTESIAN_POINT ( 'NONE',  ( -1.133092784412350615E-17, -0.09252404735808350544, 0.1562500000000000278 ) ) ;
#4270 = CARTESIAN_POINT ( 'NONE',  ( 0.08509454890298122354, 0.05316522654130593356, 0.01260210087748308942 ) ) ;
#4271 = DIRECTION ( 'NONE',  ( -0.000000000000000000, -0.000000000000000000, 1.000000000000000000 ) ) ;
#4272 = CARTESIAN_POINT ( 'NONE',  ( 0.000000000000000000, 0.09252404735808365810, 0.7812500000000000000 ) ) ;
#4273 = FACE_OUTER_BOUND ( 'NONE', #3019, .T. ) ;
#4274 = CARTESIAN_POINT ( 'NONE',  ( 0.1638349479016227850, -0.09442855861385369975, 0.9812499999999999556 ) ) ;
#4275 = CARTESIAN_POINT ( 'NONE',  ( 0.000000000000000000, 0.09252404735808363034, 0.7750000000000000222 ) ) ;
#4276 = CARTESIAN_POINT ( 'NONE',  ( 0.1249999999999999167, -3.765457146741459112E-17, 0.1375000000000000111 ) ) ;
#4277 = CARTESIAN_POINT ( 'NONE',  ( 0.09252404735808344993, 0.03832471526136885243, 0.6156250000000000888 ) ) ;
#4278 = CARTESIAN_POINT ( 'NONE',  ( 0.1249999999999999306, 3.803109736684432660E-17, 0.3937500000000000444 ) ) ;
#4279 = CARTESIAN_POINT ( 'NONE',  ( 0.1249999999999999167, 5.095304082635194700E-17, 0.4375000000000000555 ) ) ;
#4280 = DIRECTION ( 'NONE',  ( 1.000000000000000000, 0.000000000000000000, 0.000000000000000000 ) ) ;
#4281 = CARTESIAN_POINT ( 'NONE',  ( -0.09374999999999998612, -0.05412658773652766209, 0.8828124999999998890 ) ) ;
#4282 = CARTESIAN_POINT ( 'NONE',  ( -0.09252404735808347769, 0.03832471526136868589, 0.08437500000000000555 ) ) ;
#4283 = CARTESIAN_POINT ( 'NONE',  ( 0.09252404735808346381, -6.860867420532304424E-17, 0.01249999999999999549 ) ) ;
#4284 = CARTESIAN_POINT ( 'NONE',  ( -1.133092784412350615E-17, -0.09252404735808344993, 0.3062500000000000222 ) ) ;
#4285 = CARTESIAN_POINT ( 'NONE',  ( 0.1249999999999999167, 1.247927177378240909E-16, 0.6875000000000001110 ) ) ;
#4286 = EDGE_CURVE ( 'NONE', #3746, #3986, #3156, .T. ) ;
#4287 = CARTESIAN_POINT ( 'NONE',  ( -1.133092784412350307E-17, -0.09252404735808347769, 0.1500000000000000500 ) ) ;
#4288 = EDGE_LOOP ( 'NONE', ( #2273, #3820, #1111, #3569 ) ) ;
#4289 = CARTESIAN_POINT ( 'NONE',  ( 0.1249999999999998890, -0.05177669529663694176, 0.1406250000000000555 ) ) ;
#4290 = ORIENTED_EDGE ( 'NONE', *, *, #782, .T. ) ;
#4291 = CARTESIAN_POINT ( 'NONE',  ( -0.09252404735808350544, -0.03832471526136869977, 0.2468750000000000389 ) ) ;
#4292 = CARTESIAN_POINT ( 'NONE',  ( -0.08749999999999996669, 1.079115089143201572E-17, 4.148491032111687552E-18 ) ) ;
#4293 = ORIENTED_EDGE ( 'NONE', *, *, #2884, .T. ) ;
#4294 = CARTESIAN_POINT ( 'NONE',  ( -0.09252404735808346381, 9.434856761472099085E-17, 0.4875000000000000444 ) ) ;
#4295 = ADVANCED_FACE ( 'NONE', ( #1715 ), #2871, .T. ) ;
#4296 = CARTESIAN_POINT ( 'NONE',  ( 0.1249999999999998890, 0.05177669529663694870, 0.3906250000000000000 ) ) ;
#4297 = CARTESIAN_POINT ( 'NONE',  ( -0.1249999999999993755, -0.05177669529663724013, 0.7156250000000000666 ) ) ;
#4298 = CARTESIAN_POINT ( 'NONE',  ( 0.03084450010908017931, -0.09044509503205820644, 0.8744508330878951741 ) ) ;
#4299 = DIRECTION ( 'NONE',  ( -1.000000000000000000, 0.000000000000000000, 0.000000000000000000 ) ) ;
#4300 = DIRECTION ( 'NONE',  ( 0.5000000000000002220, -0.8660254037844385966, 0.000000000000000000 ) ) ;
#4301 = CARTESIAN_POINT ( 'NONE',  ( -0.1249999999999999167, -0.05177669529663680298, 0.3156249999999999889 ) ) ;
#4302 = CARTESIAN_POINT ( 'NONE',  ( -0.04189130947393204796, -0.1116465067311592368, 0.7188286393599836455 ) ) ;
#4303 = ORIENTED_EDGE ( 'NONE', *, *, #3842, .F. ) ;
#4304 = CARTESIAN_POINT ( 'NONE',  ( -0.1249999999999999584, 0.05177669529663691400, 0.3656250000000000333 ) ) ;
#4305 = CARTESIAN_POINT ( 'NONE',  ( -0.03832471526136872753, -0.09252404735808343605, 0.4031250000000000666 ) ) ;
#4306 = CARTESIAN_POINT ( 'NONE',  ( 0.02067837983836976964, -0.1202504867524544913, 0.03437608320121293692 ) ) ;
#4307 = CARTESIAN_POINT ( 'NONE',  ( -5.292955487724510356E-16, -0.1082531754730549217, 0.8828124999999998890 ) ) ;
#4308 = CARTESIAN_POINT ( 'NONE',  ( 0.000000000000000000, 0.09252404735808350544, 0.3250000000000000111 ) ) ;
#4309 = CARTESIAN_POINT ( 'NONE',  ( -0.06542438130972608179, 0.06542438130972604016, 0.03124999999999998265 ) ) ;
#4310 = CARTESIAN_POINT ( 'NONE',  ( -0.05177669529663685849, 0.1249999999999999445, 0.2031249999999999722 ) ) ;
#4311 = CARTESIAN_POINT ( 'NONE',  ( -0.08838834764831839108, -0.08838834764831833557, 0.3250000000000000666 ) ) ;
#4312 = CARTESIAN_POINT ( 'NONE',  ( -0.03832471526136872753, -0.09252404735808335279, 0.6031250000000000222 ) ) ;
#4313 = CARTESIAN_POINT ( 'NONE',  ( 0.02208932314518429613, -0.1687499999999998446, 1.000000000000000000 ) ) ;
#4314 = CARTESIAN_POINT ( 'NONE',  ( 0.09252404735808344993, 0.03832471526136870671, 0.1156250000000000194 ) ) ;
#4315 = CARTESIAN_POINT ( 'NONE',  ( 0.1249999999999999167, 0.05177669529663690012, 0.2468750000000000666 ) ) ;
#4316 = CARTESIAN_POINT ( 'NONE',  ( 0.03832471526136877610, 0.09252404735808356095, 0.5781249999999998890 ) ) ;
#4317 = DIRECTION ( 'NONE',  ( -0.000000000000000000, -0.000000000000000000, -1.000000000000000000 ) ) ;
#4318 = DIRECTION ( 'NONE',  ( -0.000000000000000000, -0.000000000000000000, -1.000000000000000000 ) ) ;
#4319 = EDGE_LOOP ( 'NONE', ( #100, #2243, #4124, #1412 ) ) ;
#4320 = CARTESIAN_POINT ( 'NONE',  ( -0.06542438130972608179, 0.06542438130972617893, 0.4812500000000000111 ) ) ;
#4321 = CARTESIAN_POINT ( 'NONE',  ( -0.1249999999999999167, -0.05177669529663675441, 0.4656250000000000111 ) ) ;
#4322 = CARTESIAN_POINT ( 'NONE',  ( -0.03832471526136872753, -0.09252404735808332503, 0.7531249999999999334 ) ) ;
#4323 = CARTESIAN_POINT ( 'NONE',  ( 0.000000000000000000, -5.530426628471140438E-17, 0.7312500000000000666 ) ) ;
#4324 = EDGE_CURVE ( 'NONE', #26, #3817, #2619, .T. ) ;
#4325 = DIRECTION ( 'NONE',  ( -0.000000000000000000, -0.000000000000000000, -1.000000000000000000 ) ) ;
#4326 = CARTESIAN_POINT ( 'NONE',  ( 0.05177669529663694176, 0.1249999999999998751, 0.1031249999999999806 ) ) ;
#4327 = CARTESIAN_POINT ( 'NONE',  ( -0.08838834764831837720, 0.08838834764831850210, 0.5062499999999999778 ) ) ;
#4328 = ORIENTED_EDGE ( 'NONE', *, *, #2094, .F. ) ;
#4329 = CARTESIAN_POINT ( 'NONE',  ( 0.09252404735808346381, 0.03832471526136869283, 0.02187499999999998820 ) ) ;
#4330 = CARTESIAN_POINT ( 'NONE',  ( -0.05177669529663687931, 0.1250000000000000555, 0.6093750000000000000 ) ) ;
#4331 = FACE_OUTER_BOUND ( 'NONE', #917, .T. ) ;
#4332 = CARTESIAN_POINT ( 'NONE',  ( 0.06542438130972610955, 0.06542438130972610955, 0.3187500000000000333 ) ) ;
#4333 = CARTESIAN_POINT ( 'NONE',  ( -0.08838834764831839108, -0.08838834764831836333, 0.2250000000000000611 ) ) ;
#4334 = CARTESIAN_POINT ( 'NONE',  ( 0.05177669529663682380, -0.1249999999999998473, 0.5281250000000000666 ) ) ;
#4335 = FACE_OUTER_BOUND ( 'NONE', #3375, .T. ) ;
#4336 = CARTESIAN_POINT ( 'NONE',  ( 0.09252404735808347769, 0.03832471526136887324, 0.6218749999999999556 ) ) ;
#4337 = DIRECTION ( 'NONE',  ( -0.000000000000000000, -0.000000000000000000, -1.000000000000000000 ) ) ;
#4338 = CARTESIAN_POINT ( 'NONE',  ( 0.09252404735808346381, -3.907280344073419409E-17, 0.1125000000000000167 ) ) ;
#4339 = VECTOR ( 'NONE', #1034, 39.37007874015748143 ) ;
#4340 = CARTESIAN_POINT ( 'NONE',  ( -0.1249999999999999584, 0.05177669529663688625, 0.2656250000000000000 ) ) ;
#4341 = CARTESIAN_POINT ( 'NONE',  ( -0.08838834764831839108, -0.08838834764831825230, 0.5687500000000000888 ) ) ;
#4342 = CARTESIAN_POINT ( 'NONE',  ( -0.09252404735808350544, 0.03832471526136866508, -0.009375000000000015266 ) ) ;
#4343 = VECTOR ( 'NONE', #3429, 39.37007874015748143 ) ;
#4344 = LINE ( 'NONE', #942, #2299 ) ;
#4345 = CARTESIAN_POINT ( 'NONE',  ( 0.000000000000000000, 0.1250000000000000278, 0.5000000000000000000 ) ) ;
#4346 = CARTESIAN_POINT ( 'NONE',  ( 0.09252404735808347769, -5.199474690024182682E-17, 0.06875000000000000555 ) ) ;
#4347 = CARTESIAN_POINT ( 'NONE',  ( 0.1249999999999998751, -0.05177669529663690706, 0.2343750000000000000 ) ) ;
#4348 = CARTESIAN_POINT ( 'NONE',  ( 0.04907772831736510744, -0.1826198768753089785, 0.7593750000000000222 ) ) ;
#4349 = CARTESIAN_POINT ( 'NONE',  ( -0.1094661346297765014, 0.1424406561679308347, 0.7500000000000001110 ) ) ;
#4350 = CARTESIAN_POINT ( 'NONE',  ( -0.09252404735808346381, 1.534203091438986911E-16, 0.6875000000000001110 ) ) ;
#4351 = ORIENTED_EDGE ( 'NONE', *, *, #3417, .T. ) ;
#4352 = ADVANCED_FACE ( 'NONE', ( #1695 ), #4699, .T. ) ;
#4353 = B_SPLINE_CURVE_WITH_KNOTS ( 'NONE', 3,
 ( #1003, #2539, #952, #3979, #3583, #4686, #2062, #4306, #2153, #1280, #3560, #2813, #903, #2837, #165, #2467, #3954, #4354, #1349, #551, #189, #3215, #4729, #1324, #572, #2107 ),
 .UNSPECIFIED., .F., .F.,
 ( 4, 2, 2, 2, 2, 2, 2, 2, 2, 2, 2, 2, 4 ),
 ( 1.137638104033830901E-16, 0.0008883962026931163701, 0.001332594304039618231, 0.001776792405386119550, 0.002220990506732620651, 0.002665188608079121970, 0.003553584810772124174, 0.003997782912118625492, 0.004441981013465126811, 0.004886179114811628130, 0.005330377216158129448, 0.006218773418851131218, 0.007107169621544132988 ),
 .UNSPECIFIED. ) ;
#4354 = CARTESIAN_POINT ( 'NONE',  ( -0.07657222921618940525, -0.08924015102564249180, 0.02994396280289083126 ) ) ;
#4355 = CARTESIAN_POINT ( 'NONE',  ( -0.1249999999999999306, 2.191558125203223534E-18, 0.1687500000000000111 ) ) ;
#4356 = CARTESIAN_POINT ( 'NONE',  ( -0.03832471526136870671, 0.09252404735808351932, 0.3281250000000000000 ) ) ;
#4357 = ORIENTED_EDGE ( 'NONE', *, *, #3680, .F. ) ;
#4358 = CARTESIAN_POINT ( 'NONE',  ( 0.01539068948143321874, -0.09936735675793523237, 0.9953376562697846541 ) ) ;
#4359 = CARTESIAN_POINT ( 'NONE',  ( 0.08838834764831837720, -0.08838834764831829394, 0.5312500000000000000 ) ) ;
#4360 = PLANE ( 'NONE',  #1974 ) ;
#4361 = CARTESIAN_POINT ( 'NONE',  ( 0.06542438130972609567, -0.06542438130972598465, 0.6125000000000000444 ) ) ;
#4362 = CARTESIAN_POINT ( 'NONE',  ( -0.1687499999999998446, 2.074140613450424158E-17, 1.000000000000000000 ) ) ;
#4363 = ORIENTED_EDGE ( 'NONE', *, *, #4565, .T. ) ;
#4364 = CARTESIAN_POINT ( 'NONE',  ( 0.05177669529663683073, -0.1249999999999999722, 0.2343750000000000278 ) ) ;
#4365 = CARTESIAN_POINT ( 'NONE',  ( 0.000000000000000000, -5.530426628471140438E-17, 0.7312500000000000666 ) ) ;
#4366 = FACE_OUTER_BOUND ( 'NONE', #1870, .T. ) ;
#4367 = CARTESIAN_POINT ( 'NONE',  ( 0.1781249999999998668, 2.774533118565267485E-17, 0.7500000000000001110 ) ) ;
#4368 = ORIENTED_EDGE ( 'NONE', *, *, #2280, .T. ) ;
#4369 = CARTESIAN_POINT ( 'NONE',  ( 0.08838834764831837720, -0.08838834764831829394, 0.5312500000000000000 ) ) ;
#4370 = CARTESIAN_POINT ( 'NONE',  ( 0.1249999999999998890, 0.05177669529663705278, 0.7406250000000001998 ) ) ;
#4371 = CARTESIAN_POINT ( 'NONE',  ( -0.03832471526136872059, 0.09252404735808343605, 0.03437499999999996808 ) ) ;
#4372 = ADVANCED_FACE ( 'NONE', ( #4366 ), #3789, .T. ) ;
#4373 = CARTESIAN_POINT ( 'NONE',  ( -0.1249999999999999306, 2.191558125203223534E-18, 0.1687500000000000111 ) ) ;
#4374 = CARTESIAN_POINT ( 'NONE',  ( 0.01539068948143273996, 0.09936735675793592626, 0.8781501562697852092 ) ) ;
#4375 = CARTESIAN_POINT ( 'NONE',  ( -0.03736168915315873224, -0.1010531472545236897, 0.7122240278829821136 ) ) ;
#4376 = ORIENTED_EDGE ( 'NONE', *, *, #1989, .T. ) ;
#4377 = EDGE_CURVE ( 'NONE', #1864, #26, #4744, .T. ) ;
#4378 = CARTESIAN_POINT ( 'NONE',  ( -0.1249999999999999167, 8.895317849618297123E-17, 0.4625000000000000777 ) ) ;
#4379 = CARTESIAN_POINT ( 'NONE',  ( -0.08838834764831837720, 0.08838834764831851598, 0.6062500000000000666 ) ) ;
#4380 = CARTESIAN_POINT ( 'NONE',  ( -0.06542438130972608179, -0.06542438130972599852, 0.4437500000000000333 ) ) ;
#4381 = CARTESIAN_POINT ( 'NONE',  ( -0.03832471526136870671, 0.09252404735808347769, 0.2281250000000000222 ) ) ;
#4382 = DIRECTION ( 'NONE',  ( 0.000000000000000000, -1.000000000000000000, 0.000000000000000000 ) ) ;
#4383 = DIRECTION ( 'NONE',  ( -1.000000000000000000, 0.000000000000000000, 0.000000000000000000 ) ) ;
#4384 = CARTESIAN_POINT ( 'NONE',  ( -0.03832471526136872753, -0.09252404735808340830, 0.5031250000000000444 ) ) ;
#4385 = CARTESIAN_POINT ( 'NONE',  ( 0.1874999999999998612, 0.02454369238351224169, 1.000000000000000000 ) ) ;
#4386 = CARTESIAN_POINT ( 'NONE',  ( -0.1826198767901004438, -0.04907772852307128175, 1.000000000000000000 ) ) ;
#4387 = CARTESIAN_POINT ( 'NONE',  ( -0.09252404735808350544, -0.03832471526136859569, 0.5968750000000000444 ) ) ;
#4388 = CARTESIAN_POINT ( 'NONE',  ( -0.1249999999999999167, -0.05177669529663672665, 0.5656250000000000444 ) ) ;
#4389 = CARTESIAN_POINT ( 'NONE',  ( 0.05177669529663683073, -0.1249999999999998057, 0.6843750000000001776 ) ) ;
#4390 = CARTESIAN_POINT ( 'NONE',  ( -0.1249999999999999167, 0.05177669529663698339, 0.5593750000000000666 ) ) ;
#4391 = ORIENTED_EDGE ( 'NONE', *, *, #3808, .F. ) ;
#4392 = CARTESIAN_POINT ( 'NONE',  ( 0.1249999999999999167, 0.05177669529663699727, 0.5968749999999999334 ) ) ;
#4393 = ORIENTED_EDGE ( 'NONE', *, *, #4826, .F. ) ;
#4394 = CARTESIAN_POINT ( 'NONE',  ( -0.1249999999999999167, -0.05177669529663685849, 0.1656250000000000222 ) ) ;
#4395 = CARTESIAN_POINT ( 'NONE',  ( -0.1249999999999999167, 0.05177669529663692094, 0.4093750000000000444 ) ) ;
#4396 = CARTESIAN_POINT ( 'NONE',  ( -0.09252404735808350544, -0.03832471526136867895, 0.2968750000000000000 ) ) ;
#4397 = CARTESIAN_POINT ( 'NONE',  ( -0.08838834764831839108, -0.08838834764831825230, 0.5687500000000000888 ) ) ;
#4398 = CARTESIAN_POINT ( 'NONE',  ( -0.03832471526136872059, 0.09252404735808350544, 0.2343749999999999722 ) ) ;
#4399 = CARTESIAN_POINT ( 'NONE',  ( 0.09375000000000020817, 2.561107471552864931E-17, 0.8744390877365274539 ) ) ;
#4400 = CARTESIAN_POINT ( 'NONE',  ( 0.1152275101366036919, -0.1499375328083513981, 0.7500000000000001110 ) ) ;
#4401 = CARTESIAN_POINT ( 'NONE',  ( -0.05177669529663685849, 0.1250000000000000278, 0.5031249999999999334 ) ) ;
#4402 = EDGE_LOOP ( 'NONE', ( #2972, #4391, #57, #4647 ) ) ;
#4403 = CARTESIAN_POINT ( 'NONE',  ( -0.05177669529663686543, 0.1250000000000000278, 0.5093750000000000222 ) ) ;
#4404 = CARTESIAN_POINT ( 'NONE',  ( 0.06542438130972610955, 0.06542438130972617893, 0.5250000000000000222 ) ) ;
#4405 = CARTESIAN_POINT ( 'NONE',  ( 0.1249999999999999029, 1.538357638823458008E-17, 0.000000000000000000 ) ) ;
#4406 = CARTESIAN_POINT ( 'NONE',  ( -0.09442855863491764201, 0.1638349478929019276, 0.7500000000000001110 ) ) ;
#4407 = CARTESIAN_POINT ( 'NONE',  ( 0.000000000000000000, 0.09252404735808347769, 0.2749999999999999667 ) ) ;
#4408 = CARTESIAN_POINT ( 'NONE',  ( 0.09252404735808344993, -0.03832471526136874140, 0.2593749999999999667 ) ) ;
#4409 = LINE ( 'NONE', #4005, #2686 ) ;
#4410 = DIRECTION ( 'NONE',  ( -1.000000000000000000, 0.000000000000000000, -0.000000000000000000 ) ) ;
#4411 = CARTESIAN_POINT ( 'NONE',  ( 0.06542438130972609567, -0.06542438130972597077, 0.6624999999999999778 ) ) ;
#4412 = CARTESIAN_POINT ( 'NONE',  ( -0.1643578891110873130, 0.04416995567076557189, 1.000000000000000000 ) ) ;
#4413 = CARTESIAN_POINT ( 'NONE',  ( -0.1474514531114714533, 0.08498570275245255490, 1.000000000000000000 ) ) ;
#4414 = CARTESIAN_POINT ( 'NONE',  ( 0.09252404735808346381, 0.03832471526136885243, 0.5718750000000001332 ) ) ;
#4415 = CARTESIAN_POINT ( 'NONE',  ( -0.1249999999999999167, 1.184890492607718090E-16, 0.5625000000000001110 ) ) ;
#4416 = EDGE_CURVE ( 'NONE', #2883, #3661, #4344, .T. ) ;
#4417 = CARTESIAN_POINT ( 'NONE',  ( -0.03832471526136872753, -0.09252404735808344993, 0.3531250000000000777 ) ) ;
#4418 = CARTESIAN_POINT ( 'NONE',  ( 0.1249999999999999167, 1.543285885024129410E-16, 0.7875000000000000888 ) ) ;
#4419 = CARTESIAN_POINT ( 'NONE',  ( 0.000000000000000000, 0.1249999999999999445, 0.2562499999999999778 ) ) ;
#4420 = AXIS2_PLACEMENT_3D ( 'NONE', #3483, #1247, #2031 ) ;
#4421 = CARTESIAN_POINT ( 'NONE',  ( -0.1249999999999999584, -0.05177669529663670583, 0.6718750000000000000 ) ) ;
#4422 = CARTESIAN_POINT ( 'NONE',  ( 0.09252404735808344993, -0.03832471526136865120, 0.5593750000000000666 ) ) ;
#4423 =( BOUNDED_CURVE ( )  B_SPLINE_CURVE ( 2, ( #3605, #4763, #1354, #245, #2888, #3631, #2180, #1479, #3762 ),
 .UNSPECIFIED., .F., .T. ) 
 B_SPLINE_CURVE_WITH_KNOTS ( ( 3, 2, 2, 2, 3 ),
 ( 0.5781250000000000000, 0.5859375000000000000, 0.5937500000000000000, 0.6015625000000000000, 0.6093750000000000000 ),
 .UNSPECIFIED. ) 
 CURVE ( )  GEOMETRIC_REPRESENTATION_ITEM ( )  RATIONAL_B_SPLINE_CURVE ( ( 1.000000000000000000, 0.9238795325112867385, 1.000000000000000000, 0.9238795325112867385, 1.000000000000000000, 0.9238795325112867385, 1.000000000000000000, 0.9238795325112867385, 1.000000000000000000 ) ) 
 REPRESENTATION_ITEM ( '' )  );
#4424 = VECTOR ( 'NONE', #2784, 39.37007874015748143 ) ;
#4425 = CARTESIAN_POINT ( 'NONE',  ( 0.000000000000000000, 0.1250000000000000833, 0.7500000000000001110 ) ) ;
#4426 = CARTESIAN_POINT ( 'NONE',  ( -0.09252404735808350544, -0.03832471526136870671, 0.1968749999999999944 ) ) ;
#4427 = CARTESIAN_POINT ( 'NONE',  ( -0.05281860722335534469, 0.09420545825160277220, 0.02028275613413575013 ) ) ;
#4428 = CARTESIAN_POINT ( 'NONE',  ( 0.04907772850198585668, 0.1826198767988404803, 0.7500000000000001110 ) ) ;
#4429 =( NAMED_UNIT ( * ) SI_UNIT ( $, .STERADIAN. ) SOLID_ANGLE_UNIT ( ) );
#4430 = CARTESIAN_POINT ( 'NONE',  ( 0.1249999999999998890, -0.05177669529663682380, 0.5406250000000000222 ) ) ;
#4431 = CARTESIAN_POINT ( 'NONE',  ( -0.09252404735808350544, 0.03832471526136883161, 0.5406249999999999112 ) ) ;
#4432 = DIRECTION ( 'NONE',  ( -0.000000000000000000, -0.000000000000000000, 1.000000000000000000 ) ) ;
#4433 = CARTESIAN_POINT ( 'NONE',  ( 0.1152275101365988208, 0.1499375328083563108, 0.7500000000000001110 ) ) ;
#4434 = CARTESIAN_POINT ( 'NONE',  ( -0.03832471526136870671, 0.09252404735808356095, 0.5781250000000001110 ) ) ;
#4435 = CARTESIAN_POINT ( 'NONE',  ( -0.06542438130972608179, -0.06542438130972612342, 0.04375000000000001804 ) ) ;
#4436 = CARTESIAN_POINT ( 'NONE',  ( 0.000000000000000000, 0.09252404735808346381, 0.2249999999999999778 ) ) ;
#4437 = DIRECTION ( 'NONE',  ( -0.000000000000000000, -0.000000000000000000, -1.000000000000000000 ) ) ;
#4438 = EDGE_CURVE ( 'NONE', #1440, #1864, #916, .T. ) ;
#4439 = CARTESIAN_POINT ( 'NONE',  ( -0.06542438130972608179, 0.06542438130972602628, -0.01875000000000002359 ) ) ;
#4440 = CARTESIAN_POINT ( 'NONE',  ( -0.04416995567074376294, -0.1643578891110953621, 1.000000000000000000 ) ) ;
#4441 = CARTESIAN_POINT ( 'NONE',  ( 0.1474514531114655136, 0.08498570275245492800, 1.000000000000000000 ) ) ;
#4442 = CARTESIAN_POINT ( 'NONE',  ( 0.06520691743924775241, 0.08470278808327259823, 0.7115949736826384653 ) ) ;
#4443 = CARTESIAN_POINT ( 'NONE',  ( 0.1249999999999999167, 0.05177669529663687931, 0.1468750000000000333 ) ) ;
#4444 = CARTESIAN_POINT ( 'NONE',  ( 0.05177669529663694176, 0.1250000000000000278, 0.6531250000000000666 ) ) ;
#4445 = CARTESIAN_POINT ( 'NONE',  ( -1.133092784412350307E-17, -0.09252404735808336667, 0.5500000000000000444 ) ) ;
#4446 = CARTESIAN_POINT ( 'NONE',  ( 0.1249999999999998890, 0.05177669529663701808, 0.6406250000000000000 ) ) ;
#4447 = CARTESIAN_POINT ( 'NONE',  ( 0.03832471526136869977, -0.09252404735808351932, 0.1093750000000000416 ) ) ;
#4448 = CARTESIAN_POINT ( 'NONE',  ( -0.1249999999999999029, 7.549139889267777477E-20, 0.000000000000000000 ) ) ;
#4449 = CARTESIAN_POINT ( 'NONE',  ( -0.1874999999999998335, 0.02454369240633881913, 0.7593750000000000222 ) ) ;
#4450 = CARTESIAN_POINT ( 'NONE',  ( -0.1094882143616449782, 0.1424225543224872659, 0.7500000000000001110 ) ) ;
#4451 =( BOUNDED_CURVE ( )  B_SPLINE_CURVE ( 2, ( #492, #2026, #6, #1516, #3044, #4543, #4175, #2304, #1540 ),
 .UNSPECIFIED., .F., .T. ) 
 B_SPLINE_CURVE_WITH_KNOTS ( ( 3, 2, 2, 2, 3 ),
 ( 0.1406250000000000000, 0.1484375000000000000, 0.1562500000000000000, 0.1640625000000000000, 0.1718750000000000000 ),
 .UNSPECIFIED. ) 
 CURVE ( )  GEOMETRIC_REPRESENTATION_ITEM ( )  RATIONAL_B_SPLINE_CURVE ( ( 1.000000000000000000, 0.9238795325112867385, 1.000000000000000000, 0.9238795325112867385, 1.000000000000000000, 0.9238795325112867385, 1.000000000000000000, 0.9238795325112867385, 1.000000000000000000 ) ) 
 REPRESENTATION_ITEM ( '' )  );
#4452 = CARTESIAN_POINT ( 'NONE',  ( -1.530808498934190893E-17, -0.1249999999999998473, 0.4812500000000000666 ) ) ;
#4453 = CARTESIAN_POINT ( 'NONE',  ( 0.02331650778601850049, 0.1781249999999998668, 0.7500000000000001110 ) ) ;
#4454 = CARTESIAN_POINT ( 'NONE',  ( -0.06542438130972608179, 0.06542438130972617893, 0.4812500000000000111 ) ) ;
#4455 = CARTESIAN_POINT ( 'NONE',  ( 0.09252404735808347769, 1.104525423049968367E-16, 0.6187500000000000222 ) ) ;
#4456 = CARTESIAN_POINT ( 'NONE',  ( 0.09252404735808346381, 3.476687347073791895E-17, 0.3625000000000000444 ) ) ;
#4457 = CARTESIAN_POINT ( 'NONE',  ( -0.06542438130972608179, 0.06542438130972606791, 0.08124999999999998890 ) ) ;
#4458 = CARTESIAN_POINT ( 'NONE',  ( -0.01455762488768123399, -0.09137163070204255833, 0.005024047358083624619 ) ) ;
#4459 = CARTESIAN_POINT ( 'NONE',  ( -0.03832471526136872059, -0.09252404735808351932, -0.003124999999999979357 ) ) ;
#4460 = CARTESIAN_POINT ( 'NONE',  ( -0.1474514531114620719, -0.08498570275245448391, 1.000000000000000000 ) ) ;
#4461 = CARTESIAN_POINT ( 'NONE',  ( -0.09442855861386008354, -0.1638349479016200649, 0.9812499999999999556 ) ) ;
#4462 = EDGE_CURVE ( 'NONE', #4732, #2212, #3614, .T. ) ;
#4463 = CYLINDRICAL_SURFACE ( 'NONE', #3547, 0.1249999999999999029 ) ;
#4464 = FACE_OUTER_BOUND ( 'NONE', #1851, .T. ) ;
#4465 = VERTEX_POINT ( 'NONE', #1672 ) ;
#4466 = CARTESIAN_POINT ( 'NONE',  ( -0.08838834764831839108, -0.08838834764831823843, 0.6750000000000000444 ) ) ;
#4467 = EDGE_CURVE ( 'NONE', #1518, #3454, #2076, .T. ) ;
#4468 = CARTESIAN_POINT ( 'NONE',  ( -0.09252404735808347769, 0.03832471526136883161, 0.5843750000000000888 ) ) ;
#4469 = ORIENTED_EDGE ( 'NONE', *, *, #25, .F. ) ;
#4470 = CARTESIAN_POINT ( 'NONE',  ( -1.133092784412350615E-17, -0.09252404735808351932, 0.1062500000000000389 ) ) ;
#4471 = CARTESIAN_POINT ( 'NONE',  ( 0.08838834764831837720, -0.08838834764831823843, 0.6812500000000000222 ) ) ;
#4472 = CARTESIAN_POINT ( 'NONE',  ( -1.133092784412350615E-17, -0.09252404735808346381, 0.2562500000000000888 ) ) ;
#4473 = CARTESIAN_POINT ( 'NONE',  ( -0.08608668341437164528, -0.05855100563012505255, 0.9974455611380929065 ) ) ;
#4474 = CARTESIAN_POINT ( 'NONE',  ( -0.1424406561679318617, -0.1094661346297754745, 0.7500000000000001110 ) ) ;
#4475 = CARTESIAN_POINT ( 'NONE',  ( 0.03832471526136869977, -0.09252404735808343605, 0.4593750000000000888 ) ) ;
#4476 = EDGE_CURVE ( 'NONE', #973, #4620, #3016, .T. ) ;
#4477 = CARTESIAN_POINT ( 'NONE',  ( 0.000000000000000000, 0.1874999999999998890, 1.000000000000000000 ) ) ;
#4478 = CARTESIAN_POINT ( 'NONE',  ( -0.1556432004982482298, -0.08970713070317512527, 0.7500000000000001110 ) ) ;
#4479 = CARTESIAN_POINT ( 'NONE',  ( 0.000000000000000000, 0.09252404735808358871, 0.6250000000000000000 ) ) ;
#4480 = ORIENTED_EDGE ( 'NONE', *, *, #549, .F. ) ;
#4481 = CARTESIAN_POINT ( 'NONE',  ( 0.03832471526136876916, 0.09252404735808350544, 0.3218750000000000222 ) ) ;
#4482 = ORIENTED_EDGE ( 'NONE', *, *, #2036, .T. ) ;
#4483 = CARTESIAN_POINT ( 'NONE',  ( -0.09252404735808347769, 0.03832471526136868589, 0.08437500000000000555 ) ) ;
#4484 = CARTESIAN_POINT ( 'NONE',  ( -0.1249999999999999167, -0.05177669529663682380, 0.2656250000000000000 ) ) ;
#4485 = CARTESIAN_POINT ( 'NONE',  ( 0.09375000000000001388, -0.04533366931175537157, 0.9974617030902471759 ) ) ;
#4486 = CARTESIAN_POINT ( 'NONE',  ( 0.09252404735808347769, 0.03832471526136889406, 0.7218750000000001554 ) ) ;
#4487 = CARTESIAN_POINT ( 'NONE',  ( 0.04416995567076502371, 0.1643578891110955009, 1.000000000000000000 ) ) ;
#4488 = CARTESIAN_POINT ( 'NONE',  ( -0.1037047591374621464, 0.1349437795129974360, 1.000000000000000000 ) ) ;
#4489 = CARTESIAN_POINT ( 'NONE',  ( 0.1005239704064756212, 0.01461163148752234013, 0.7085386329342131528 ) ) ;
#4490 = DIRECTION ( 'NONE',  ( -1.000000000000000000, 0.000000000000000000, 0.000000000000000000 ) ) ;
#4491 = CARTESIAN_POINT ( 'NONE',  ( 0.000000000000000000, 0.1250000000000000833, 0.7062500000000000444 ) ) ;
#4492 = CARTESIAN_POINT ( 'NONE',  ( -0.09252404735808347769, 5.189075339062451414E-17, 0.3437500000000000000 ) ) ;
#4493 = CARTESIAN_POINT ( 'NONE',  ( 0.09252404735808344993, 0.03832471526136882467, 0.5156250000000001110 ) ) ;
#4494 = CARTESIAN_POINT ( 'NONE',  ( -0.08838834764831837720, 0.08838834764831839108, 0.1562499999999999722 ) ) ;
#4495 = CARTESIAN_POINT ( 'NONE',  ( 0.000000000000000000, 0.1250000000000000278, 0.5500000000000000444 ) ) ;
#4496 = VECTOR ( 'NONE', #4432, 39.37007874015748143 ) ;
#4497 = CARTESIAN_POINT ( 'NONE',  ( -0.09252404735808347769, -2.194892352084760199E-17, 0.09375000000000001388 ) ) ;
#4498 = CARTESIAN_POINT ( 'NONE',  ( 0.02107859722101208463, 0.1022653288445911357, 0.01668516004306540637 ) ) ;
#4499 = CARTESIAN_POINT ( 'NONE',  ( 0.1424406561679321670, -0.1094661346297751831, 0.7500000000000001110 ) ) ;
#4500 = ORIENTED_EDGE ( 'NONE', *, *, #3479, .T. ) ;
#4501 = CIRCLE ( 'NONE', #1892, 0.1299999999999999212 ) ;
#4502 = CARTESIAN_POINT ( 'NONE',  ( -0.09252404735808350544, 0.03832471526136874140, 0.2406250000000000056 ) ) ;
#4503 = CARTESIAN_POINT ( 'NONE',  ( -0.03832471526136872753, -0.09252404735808336667, 0.5531250000000001998 ) ) ;
#4504 = CARTESIAN_POINT ( 'NONE',  ( -0.1781249999999998668, 7.549139889267777477E-20, 0.7500000000000001110 ) ) ;
#4505 = AXIS2_PLACEMENT_3D ( 'NONE', #799, #102, #2341 ) ;
#4506 = CARTESIAN_POINT ( 'NONE',  ( 0.09252404735808346381, 1.233744857645044817E-16, 0.6625000000000000888 ) ) ;
#4507 = ORIENTED_EDGE ( 'NONE', *, *, #2618, .F. ) ;
#4508 = CARTESIAN_POINT ( 'NONE',  ( 0.09252404735808346381, -0.03832471526136863038, 0.6656250000000001332 ) ) ;
#4509 = CARTESIAN_POINT ( 'NONE',  ( -0.06542438130972608179, 0.06542438130972610955, 0.2312500000000000389 ) ) ;
#4510 = CARTESIAN_POINT ( 'NONE',  ( -0.09252404735808347769, 0.03832471526136876916, 0.3843750000000000222 ) ) ;
#4511 = CARTESIAN_POINT ( 'NONE',  ( 0.03832471526136869977, -0.09252404735808353320, 0.05937500000000002498 ) ) ;
#4512 = VECTOR ( 'NONE', #1866, 39.37007874015748143 ) ;
#4513 = CARTESIAN_POINT ( 'NONE',  ( -0.1249999999999996392, -0.02690336217677644082, 0.7203737615460151789 ) ) ;
#4514 = CARTESIAN_POINT ( 'NONE',  ( 0.06542438130972608179, -0.06542438130972615118, 0.006250000000000014225 ) ) ;
#4515 = EDGE_CURVE ( 'NONE', #3951, #2883, #1292, .T. ) ;
#4516 = LINE ( 'NONE', #2712, #1401 ) ;
#4517 = CARTESIAN_POINT ( 'NONE',  ( 0.1249999999999999167, -6.719044223200344743E-17, 0.03749999999999999861 ) ) ;
#4518 = CARTESIAN_POINT ( 'NONE',  ( -0.06542438130972608179, -0.06542438130972597077, 0.5437500000000000666 ) ) ;
#4519 = EDGE_LOOP ( 'NONE', ( #1718, #3473, #1383, #3525 ) ) ;
#4520 = EDGE_CURVE ( 'NONE', #3872, #3283, #2664, .T. ) ;
#4521 = CARTESIAN_POINT ( 'NONE',  ( 0.000000000000000000, 7.549139889267777477E-20, 4.148491032111687552E-18 ) ) ;
#4522 = CARTESIAN_POINT ( 'NONE',  ( 0.1249999999999999029, 1.538357638823458008E-17, 0.000000000000000000 ) ) ;
#4523 =( BOUNDED_CURVE ( )  B_SPLINE_CURVE ( 2, ( #249, #4443, #2989, #4869, #1766, #2895, #610, #1463, #1386 ),
 .UNSPECIFIED., .F., .T. ) 
 B_SPLINE_CURVE_WITH_KNOTS ( ( 3, 2, 2, 2, 3 ),
 ( 0.2343750000000000000, 0.2421875000000000000, 0.2500000000000000000, 0.2578125000000000000, 0.2656250000000000000 ),
 .UNSPECIFIED. ) 
 CURVE ( )  GEOMETRIC_REPRESENTATION_ITEM ( )  RATIONAL_B_SPLINE_CURVE ( ( 1.000000000000000000, 0.9238795325112867385, 1.000000000000000000, 0.9238795325112867385, 1.000000000000000000, 0.9238795325112867385, 1.000000000000000000, 0.9238795325112867385, 1.000000000000000000 ) ) 
 REPRESENTATION_ITEM ( '' )  );
#4524 = ORIENTED_EDGE ( 'NONE', *, *, #1319, .T. ) ;
#4525 = CARTESIAN_POINT ( 'NONE',  ( -0.08838834764831839108, -0.08838834764831825230, 0.5750000000000000666 ) ) ;
#4526 = CARTESIAN_POINT ( 'NONE',  ( -1.133092784412350615E-17, -0.09252404735808335279, 0.6562500000000000000 ) ) ;
#4527 = CARTESIAN_POINT ( 'NONE',  ( 0.000000000000000000, 7.549139889267777477E-20, 0.000000000000000000 ) ) ;
#4528 = CARTESIAN_POINT ( 'NONE',  ( -0.1499375328083459025, -0.1152275101366041637, 0.7500000000000000000 ) ) ;
#4529 = CARTESIAN_POINT ( 'NONE',  ( -1.133092784412350307E-17, -0.09252404735808338054, 0.5000000000000001110 ) ) ;
#4530 = ORIENTED_EDGE ( 'NONE', *, *, #2483, .F. ) ;
#4531 = CARTESIAN_POINT ( 'NONE',  ( -0.09252404735808346381, -0.03832471526136869283, 0.2406250000000000056 ) ) ;
#4532 = CARTESIAN_POINT ( 'NONE',  ( 0.09252404735808344993, -0.03832471526136872753, 0.3093750000000000111 ) ) ;
#4533 = CARTESIAN_POINT ( 'NONE',  ( 0.06542438130972609567, -0.06542438130972599852, 0.5625000000000001110 ) ) ;
#4534 = CARTESIAN_POINT ( 'NONE',  ( -1.133092784412350615E-17, -0.09252404735808351932, 0.1062500000000000389 ) ) ;
#4535 = CARTESIAN_POINT ( 'NONE',  ( 0.02444606084542126634, -0.09728682562644311305, 0.01251098379587380592 ) ) ;
#4536 = CARTESIAN_POINT ( 'NONE',  ( 0.000000000000000000, 0.09252404735808339442, -0.02500000000000003261 ) ) ;
#4537 = CARTESIAN_POINT ( 'NONE',  ( -0.1349256775392325691, 0.1037268387247224782, 1.000000000000000222 ) ) ;
#4538 = CARTESIAN_POINT ( 'NONE',  ( 0.08805386745539484084, 0.05640096932192618234, 0.7102601608750820361 ) ) ;
#4539 = CARTESIAN_POINT ( 'NONE',  ( -0.03832471526136872753, -0.09252404735808353320, 0.003125000000000024026 ) ) ;
#4540 = CARTESIAN_POINT ( 'NONE',  ( -0.04907772831736499641, 0.1826198768753090340, 0.9812499999999999556 ) ) ;
#4541 = CARTESIAN_POINT ( 'NONE',  ( -1.530808498934190276E-17, -0.1249999999999999445, 0.07500000000000003886 ) ) ;
#4542 = CARTESIAN_POINT ( 'NONE',  ( 0.03832471526136869283, -0.09252404735808332503, 0.7531249999999999334 ) ) ;
#4543 = CARTESIAN_POINT ( 'NONE',  ( 0.05177669529663682380, -0.1250000000000000000, 0.1281250000000000444 ) ) ;
#4544 = CARTESIAN_POINT ( 'NONE',  ( 0.1249999999999999167, 2.141717006176309377E-17, 0.3375000000000000222 ) ) ;
#4545 = EDGE_LOOP ( 'NONE', ( #3063, #1944, #3523, #491 ) ) ;
#4546 = CARTESIAN_POINT ( 'NONE',  ( -0.06542438130972609567, 0.06542438130972612342, 0.2374999999999999889 ) ) ;
#4547 = CARTESIAN_POINT ( 'NONE',  ( -0.03832471526136872753, -0.09252404735808335279, 0.6031250000000000222 ) ) ;
#4548 = CARTESIAN_POINT ( 'NONE',  ( 0.1499375328083564773, 0.1152275101365986126, 0.7593750000000000222 ) ) ;
#4549 =( BOUNDED_CURVE ( )  B_SPLINE_CURVE ( 2, ( #1214, #1485, #3060, #4170, #1560, #834, #2743, #4146, #1591 ),
 .UNSPECIFIED., .F., .F. ) 
 B_SPLINE_CURVE_WITH_KNOTS ( ( 3, 2, 2, 2, 3 ),
 ( 0.6093750000000000000, 0.6171875000000000000, 0.6250000000000000000, 0.6328125000000000000, 0.6406250000000000000 ),
 .UNSPECIFIED. ) 
 CURVE ( )  GEOMETRIC_REPRESENTATION_ITEM ( )  RATIONAL_B_SPLINE_CURVE ( ( 1.000000000000000000, 0.9238795325112867385, 1.000000000000000000, 0.9238795325112867385, 1.000000000000000000, 0.9238795325112867385, 1.000000000000000000, 0.9238795325112867385, 1.000000000000000000 ) ) 
 REPRESENTATION_ITEM ( '' )  );
#4550 = CARTESIAN_POINT ( 'NONE',  ( -0.09252404735808347769, -0.03832471526136855405, 0.6906250000000001554 ) ) ;
#4551 = CARTESIAN_POINT ( 'NONE',  ( -0.06542438130972608179, -0.06542438130972598465, 0.4937500000000000222 ) ) ;
#4552 = ORIENTED_EDGE ( 'NONE', *, *, #3767, .T. ) ;
#4553 = CARTESIAN_POINT ( 'NONE',  ( 0.09252404735808344993, -0.03832471526136869977, 0.4093750000000000444 ) ) ;
#4554 = CARTESIAN_POINT ( 'NONE',  ( -0.03832471526136872753, -0.09252404735808338054, 0.5531250000000000888 ) ) ;
#4555 = CARTESIAN_POINT ( 'NONE',  ( -0.06542438130972610955, -0.06542438130972610955, 0.1500000000000000222 ) ) ;
#4556 = CARTESIAN_POINT ( 'NONE',  ( -0.1249999999999999306, 7.603123503667533850E-17, 0.4187500000000000666 ) ) ;
#4557 = CARTESIAN_POINT ( 'NONE',  ( -0.06542438130972608179, 0.06542438130972608179, 0.1812500000000000222 ) ) ;
#4558 = ADVANCED_FACE ( 'NONE', ( #2185 ), #4814, .F. ) ;
#4559 = CARTESIAN_POINT ( 'NONE',  ( -3.295631491865439644E-17, 0.1082531754730550605, 0.8828124999999998890 ) ) ;
#4560 = CARTESIAN_POINT ( 'NONE',  ( -1.133092784412350615E-17, -0.09252404735808354708, 0.006250000000000025500 ) ) ;
#4561 = CARTESIAN_POINT ( 'NONE',  ( 0.1826198768753090340, 0.04907772831736499641, 0.9812499999999998446 ) ) ;
#4562 = CARTESIAN_POINT ( 'NONE',  ( 0.09252404735808346381, -6.860867420532304424E-17, 0.01249999999999999549 ) ) ;
#4563 = CARTESIAN_POINT ( 'NONE',  ( 0.000000000000000000, 7.549139889267777477E-20, 0.000000000000000000 ) ) ;
#4564 = CARTESIAN_POINT ( 'NONE',  ( -0.1249999999999999584, 0.05177669529663679604, -0.03437500000000002359 ) ) ;
#4565 = EDGE_CURVE ( 'NONE', #950, #738, #686, .T. ) ;
#4566 = CARTESIAN_POINT ( 'NONE',  ( 0.06542438130972610955, 0.06542438130972604016, 0.07499999999999998335 ) ) ;
#4567 = CARTESIAN_POINT ( 'NONE',  ( 0.09570455481952888643, 0.02770446813534074501, 0.01117136320793596718 ) ) ;
#4568 = FACE_OUTER_BOUND ( 'NONE', #3739, .T. ) ;
#4569 = ORIENTED_EDGE ( 'NONE', *, *, #4805, .F. ) ;
#4570 = ADVANCED_FACE ( 'NONE', ( #4464 ), #1842, .T. ) ;
#4571 = CARTESIAN_POINT ( 'NONE',  ( -0.08838834764831837720, 0.08838834764831840496, 0.2062499999999999889 ) ) ;
#4572 = AXIS2_PLACEMENT_3D ( 'NONE', #1303, #4757, #4780 ) ;
#4573 = CARTESIAN_POINT ( 'NONE',  ( 0.06542438130972609567, -0.06542438130972597077, 0.6624999999999999778 ) ) ;
#4574 = CARTESIAN_POINT ( 'NONE',  ( -0.1826198767988360949, -0.04907772850198705017, 0.7593750000000000222 ) ) ;
#4575 = CARTESIAN_POINT ( 'NONE',  ( -1.530808498934190276E-17, -0.1249999999999998612, 0.3250000000000000666 ) ) ;
#4576 = CARTESIAN_POINT ( 'NONE',  ( -0.1826198767901023312, -0.04907772852307206585, 0.9812499999999999556 ) ) ;
#4577 = CYLINDRICAL_SURFACE ( 'NONE', #456, 0.1249999999999999029 ) ;
#4578 = DIRECTION ( 'NONE',  ( -1.000000000000000000, 0.000000000000000000, 0.000000000000000000 ) ) ;
#4579 = CARTESIAN_POINT ( 'NONE',  ( -0.05087400493151750941, -0.07997475768793452233, 0.7016778777310674897 ) ) ;
#4580 = CARTESIAN_POINT ( 'NONE',  ( 0.06542438130972610955, 0.06542438130972619281, 0.6187500000000000222 ) ) ;
#4581 = ORIENTED_EDGE ( 'NONE', *, *, #1110, .T. ) ;
#4582 = CARTESIAN_POINT ( 'NONE',  ( 0.000000000000000000, 0.09252404735808343605, 0.03124999999999997571 ) ) ;
#4583 = AXIS2_PLACEMENT_3D ( 'NONE', #2418, #2838, #1657 ) ;
#4584 = CARTESIAN_POINT ( 'NONE',  ( -0.1170929463301788598, -0.04321007200522108266, 0.7218444080688337650 ) ) ;
#4585 = CARTESIAN_POINT ( 'NONE',  ( -0.09252404735808346381, -9.026980061339992372E-18, 0.1375000000000000111 ) ) ;
#4586 = ORIENTED_EDGE ( 'NONE', *, *, #3826, .F. ) ;
#4587 = CARTESIAN_POINT ( 'NONE',  ( 0.1638349479016283639, 0.09442855861384014116, 0.9812499999999999556 ) ) ;
#4588 = CARTESIAN_POINT ( 'NONE',  ( -0.1206082395577807165, 0.01453471664163512138, 0.7199868713553860822 ) ) ;
#4589 = EDGE_CURVE ( 'NONE', #950, #547, #2940, .T. ) ;
#4590 = CARTESIAN_POINT ( 'NONE',  ( -0.09252404735808350544, 0.03832471526136879691, 0.4406249999999999889 ) ) ;
#4591 = CARTESIAN_POINT ( 'NONE',  ( -0.1638349478164232154, 0.09442855881954352604, 0.9812499999999999556 ) ) ;
#4592 = CARTESIAN_POINT ( 'NONE',  ( 0.06542438130972610955, 0.06542438130972602628, 0.01874999999999997849 ) ) ;
#4593 = CARTESIAN_POINT ( 'NONE',  ( 0.01019519809251933327, -0.09215870995382938191, 0.7034921628294172891 ) ) ;
#4594 = FACE_OUTER_BOUND ( 'NONE', #3420, .T. ) ;
#4595 = CARTESIAN_POINT ( 'NONE',  ( 0.05177669529663694176, 0.1249999999999998473, 0.003124999999999966346 ) ) ;
#4596 = ORIENTED_EDGE ( 'NONE', *, *, #1589, .F. ) ;
#4597 = CARTESIAN_POINT ( 'NONE',  ( -0.09252404735808347769, -7.180988138553183074E-18, 0.1437500000000000167 ) ) ;
#4598 = CARTESIAN_POINT ( 'NONE',  ( 0.06344718751237111987, 0.07988185825963035891, 0.01428154439575836376 ) ) ;
#4599 = DIRECTION ( 'NONE',  ( -0.000000000000000000, -0.000000000000000000, 1.000000000000000000 ) ) ;
#4600 = CARTESIAN_POINT ( 'NONE',  ( -0.08838834764831837720, 0.08838834764831843271, 0.3062499999999999667 ) ) ;
#4601 = CARTESIAN_POINT ( 'NONE',  ( 0.09252404735808347769, 1.399884130695856991E-16, 0.7187500000000001110 ) ) ;
#4602 = CARTESIAN_POINT ( 'NONE',  ( -0.08838834764831839108, -0.08838834764831822455, 0.6687500000000000666 ) ) ;
#4603 = CARTESIAN_POINT ( 'NONE',  ( -0.02454369238351460786, 0.1874999999999998335, 0.9812499999999999556 ) ) ;
#4604 = CARTESIAN_POINT ( 'NONE',  ( -0.09375000000000020817, 3.709213845753195715E-17, 0.8744390877365274539 ) ) ;
#4605 = CARTESIAN_POINT ( 'NONE',  ( -0.1250000000000004718, 0.05177669529663646297, 0.7093750000000003109 ) ) ;
#4606 = CARTESIAN_POINT ( 'NONE',  ( -0.09252404735808346381, 1.091165029970153913E-16, 0.5375000000000000888 ) ) ;
#4607 = VERTEX_POINT ( 'NONE', #3718 ) ;
#4608 = CARTESIAN_POINT ( 'NONE',  ( 0.06542438130972608179, -0.06542438130972605403, 0.3562500000000000666 ) ) ;
#4609 = CARTESIAN_POINT ( 'NONE',  ( 0.03832471526136869977, -0.09252404735808338054, 0.5593750000000000666 ) ) ;
#4610 = CARTESIAN_POINT ( 'NONE',  ( -0.03832471526136872753, -0.09252404735808351932, 0.1031250000000000638 ) ) ;
#4611 = CARTESIAN_POINT ( 'NONE',  ( -0.04664901554888126189, -0.1734754112229093259, 0.7499999999999998890 ) ) ;
#4612 = CARTESIAN_POINT ( 'NONE',  ( -0.03832471526136870671, 0.09252404735808344993, 0.1281249999999999889 ) ) ;
#4613 = CARTESIAN_POINT ( 'NONE',  ( -0.1687499999999998446, 0.02210356873772804931, 0.9999999999999998890 ) ) ;
#4614 =( BOUNDED_CURVE ( )  B_SPLINE_CURVE ( 2, ( #133, #1273, #2460, #184, #3946, #2081, #3209, #4347, #2484 ),
 .UNSPECIFIED., .F., .F. ) 
 B_SPLINE_CURVE_WITH_KNOTS ( ( 3, 2, 2, 2, 3 ),
 ( 0.2656250000000000000, 0.2734375000000000000, 0.2812500000000000000, 0.2890625000000000000, 0.2968750000000000000 ),
 .UNSPECIFIED. ) 
 CURVE ( )  GEOMETRIC_REPRESENTATION_ITEM ( )  RATIONAL_B_SPLINE_CURVE ( ( 1.000000000000000000, 0.9238795325112867385, 1.000000000000000000, 0.9238795325112867385, 1.000000000000000000, 0.9238795325112867385, 1.000000000000000000, 0.9238795325112867385, 1.000000000000000000 ) ) 
 REPRESENTATION_ITEM ( '' )  );
#4615 = DIRECTION ( 'NONE',  ( 1.000000000000000000, 0.000000000000000000, 0.000000000000000000 ) ) ;
#4616 = CARTESIAN_POINT ( 'NONE',  ( 0.09252404735808347769, -0.03832471526136870671, 0.4156250000000001887 ) ) ;
#4617 = EDGE_CURVE ( 'NONE', #1064, #3358, #4523, .T. ) ;
#4618 = ORIENTED_EDGE ( 'NONE', *, *, #1589, .T. ) ;
#4619 = CARTESIAN_POINT ( 'NONE',  ( 0.05177669529663683073, -0.1250000000000000278, 0.03437500000000003053 ) ) ;
#4620 = VERTEX_POINT ( 'NONE', #3660 ) ;
#4621 = CARTESIAN_POINT ( 'NONE',  ( -0.09252404735808350544, 0.03832471526136872059, 0.1906250000000000444 ) ) ;
#4622 = CARTESIAN_POINT ( 'NONE',  ( 0.09726361141559962398, 6.215058260391174298E-13, 0.009763611415599782184 ) ) ;
#4623 = CARTESIAN_POINT ( 'NONE',  ( 0.1152275101366036780, -0.1499375328083513981, 0.7593750000000000222 ) ) ;
#4624 = CARTESIAN_POINT ( 'NONE',  ( -1.530808498934190276E-17, -0.1249999999999998612, 0.3250000000000000111 ) ) ;
#4625 = CARTESIAN_POINT ( 'NONE',  ( -0.06542438130972609567, 0.06542438130972613730, 0.2874999999999999778 ) ) ;
#4626 = CARTESIAN_POINT ( 'NONE',  ( -0.1499375328083440151, 0.1152275101366110888, 0.7593750000000000222 ) ) ;
#4627 = CARTESIAN_POINT ( 'NONE',  ( 0.1249999999999999167, 2.141717006176309377E-17, 0.3375000000000000222 ) ) ;
#4628 = CARTESIAN_POINT ( 'NONE',  ( 0.04907772852306905437, 0.1826198767900997499, 1.000000000000000000 ) ) ;
#4629 = CARTESIAN_POINT ( 'NONE',  ( 0.06542438130972610955, 0.06542438130972623445, 0.7187500000000001110 ) ) ;
#4630 = CARTESIAN_POINT ( 'NONE',  ( 0.1249999999999999167, 0.05177669529663687931, 0.1406250000000000000 ) ) ;
#4631 = CARTESIAN_POINT ( 'NONE',  ( 0.000000000000000000, 0.09252404735808354708, 0.4312500000000000222 ) ) ;
#4632 = CARTESIAN_POINT ( 'NONE',  ( 0.06542438130972610955, 0.06542438130972615118, 0.4687500000000000000 ) ) ;
#4633 = ORIENTED_EDGE ( 'NONE', *, *, #4617, .T. ) ;
#4634 = EDGE_CURVE ( 'NONE', #1294, #2835, #149, .T. ) ;
#4635 = CARTESIAN_POINT ( 'NONE',  ( -0.06542438130972610955, -0.06542438130972599852, 0.5000000000000001110 ) ) ;
#4636 = CARTESIAN_POINT ( 'NONE',  ( -0.08838834764831839108, -0.08838834764831833557, 0.3250000000000000666 ) ) ;
#4637 = CARTESIAN_POINT ( 'NONE',  ( 0.000000000000000000, 0.1250000000000000000, 0.4062500000000000000 ) ) ;
#4638 = CARTESIAN_POINT ( 'NONE',  ( 0.09252404735808344993, -0.03832471526136874140, 0.2593749999999999667 ) ) ;
#4639 = B_SPLINE_CURVE_WITH_KNOTS ( 'NONE', 3,
 ( #4604, #2731, #116, #1548, #3141, #4231 ),
 .UNSPECIFIED., .F., .F.,
 ( 4, 2, 4 ),
 ( 0.008755864747575423795, 0.009451757481403012806, 0.01014765021523060355 ),
 .UNSPECIFIED. ) ;
#4640 = CARTESIAN_POINT ( 'NONE',  ( 0.06542438130972610955, 0.06542438130972602628, 0.01874999999999997849 ) ) ;
#4641 = CARTESIAN_POINT ( 'NONE',  ( 0.03832471526136869977, -0.09252404735808347769, 0.3093750000000000111 ) ) ;
#4642 = CARTESIAN_POINT ( 'NONE',  ( 0.1643578891111030782, -0.04416995567075074347, 1.000000000000000000 ) ) ;
#4643 = CARTESIAN_POINT ( 'NONE',  ( -0.06542438130972608179, -0.06542438130972606791, 0.1937500000000000056 ) ) ;
#4644 = VERTEX_POINT ( 'NONE', #2962 ) ;
#4645 = CARTESIAN_POINT ( 'NONE',  ( 0.01627865227313828392, -0.09128031408499770460, 0.7034921628294175111 ) ) ;
#4646 = CARTESIAN_POINT ( 'NONE',  ( 0.1249999999999998890, -0.05177669529663692094, 0.1906250000000000444 ) ) ;
#4647 = ORIENTED_EDGE ( 'NONE', *, *, #3440, .F. ) ;
#4648 = CARTESIAN_POINT ( 'NONE',  ( 0.09252404735808346381, 0.03832471526136875528, 0.2218750000000000167 ) ) ;
#4649 = CARTESIAN_POINT ( 'NONE',  ( 0.000000000000000000, -5.530426628471140438E-17, 0.7250000000000000888 ) ) ;
#4650 = MANIFOLD_SOLID_BREP ( 'Fillet3', #3542 ) ;
#4651 = CARTESIAN_POINT ( 'NONE',  ( -0.06542438130972610955, -0.06542438130972606791, 0.3000000000000000999 ) ) ;
#4652 = CARTESIAN_POINT ( 'NONE',  ( 0.1249999999999998890, 0.05177669529663693482, 0.3406250000000000111 ) ) ;
#4653 = CARTESIAN_POINT ( 'NONE',  ( -0.05177669529663687931, 0.1250000000000000833, 0.7093749999999999778 ) ) ;
#4654 = CARTESIAN_POINT ( 'NONE',  ( -0.1152275101527415885, 0.1499375327922183310, 1.000000000000000000 ) ) ;
#4655 = CARTESIAN_POINT ( 'NONE',  ( 0.09252404735808344993, 0.03832471526136888018, 0.7156250000000000666 ) ) ;
#4656 = CARTESIAN_POINT ( 'NONE',  ( 0.1249999999999999167, 0.05177669529663683767, 0.04062499999999998751 ) ) ;
#4657 = CARTESIAN_POINT ( 'NONE',  ( 0.03832471526136876916, 0.09252404735808351932, 0.4718750000000000444 ) ) ;
#4658 = ORIENTED_EDGE ( 'NONE', *, *, #1110, .F. ) ;
#4659 = VECTOR ( 'NONE', #524, 39.37007874015748143 ) ;
#4660 = CARTESIAN_POINT ( 'NONE',  ( 0.1249999999999999167, 0.05177669529663694176, 0.3968749999999999778 ) ) ;
#4661 = VECTOR ( 'NONE', #3952, 39.37007874015748143 ) ;
#4662 = CARTESIAN_POINT ( 'NONE',  ( -0.09252404735808347769, -0.03832471526136870671, 0.1906250000000000444 ) ) ;
#4663 = CARTESIAN_POINT ( 'NONE',  ( 0.06542438130972610955, 0.06542438130972604016, 0.06874999999999997780 ) ) ;
#4664 = CONICAL_SURFACE ( 'NONE', #3155, 0.1082531754730549634, 1.047197551196600074 ) ;
#4665 = CARTESIAN_POINT ( 'NONE',  ( 0.09252404735808347769, 6.614873615811357377E-17, 0.4687500000000000000 ) ) ;
#4666 = CARTESIAN_POINT ( 'NONE',  ( -0.1349437795129974360, -0.1037047591374621325, 1.000000000000000000 ) ) ;
#4667 = EDGE_CURVE ( 'NONE', #3693, #4607, #2636, .T. ) ;
#4668 = CARTESIAN_POINT ( 'NONE',  ( -0.09252404735808346381, -9.026980061339992372E-18, 0.1375000000000000111 ) ) ;
#4669 = CARTESIAN_POINT ( 'NONE',  ( 0.03368817438904657402, -0.08638889529640211840, 0.7034921628294172891 ) ) ;
#4670 = CARTESIAN_POINT ( 'NONE',  ( -1.530808498934190893E-17, -0.1249999999999999584, 0.08125000000000005829 ) ) ;
#4671 = ORIENTED_EDGE ( 'NONE', *, *, #4826, .T. ) ;
#4672 = CARTESIAN_POINT ( 'NONE',  ( -0.06542438130972609567, 0.06542438130972612342, 0.2374999999999999889 ) ) ;
#4673 = CARTESIAN_POINT ( 'NONE',  ( 0.000000000000000000, 7.549139889267777477E-20, 0.000000000000000000 ) ) ;
#4674 = CARTESIAN_POINT ( 'NONE',  ( 0.000000000000000000, 0.09252404735808354708, 0.4750000000000000333 ) ) ;
#4675 = CARTESIAN_POINT ( 'NONE',  ( 0.000000000000000000, 0.1249999999999999584, 0.3499999999999999778 ) ) ;
#4676 = CARTESIAN_POINT ( 'NONE',  ( 9.049246479012871048E-16, -0.1082531754730551021, 1.000000000000000000 ) ) ;
#4677 = CARTESIAN_POINT ( 'NONE',  ( 0.1249999999999999029, 1.538357638823458008E-17, 0.000000000000000000 ) ) ;
#4678 = CARTESIAN_POINT ( 'NONE',  ( 0.1249999999999997780, 0.05177669529663701115, 0.09687500000000003053 ) ) ;
#4679 = CARTESIAN_POINT ( 'NONE',  ( -0.1249999999999999167, 1.627928554076551212E-16, 0.7125000000000001332 ) ) ;
#4680 = CARTESIAN_POINT ( 'NONE',  ( 0.08838834764831839108, 0.08838834764831832169, 0.04374999999999997641 ) ) ;
#4681 = CARTESIAN_POINT ( 'NONE',  ( -0.1249999999999999167, 4.464937234929969601E-17, 0.3125000000000000000 ) ) ;
#4682 = CARTESIAN_POINT ( 'NONE',  ( -0.09252404735808346381, 0.03832471526136885243, 0.6343750000000001332 ) ) ;
#4683 = EDGE_LOOP ( 'NONE', ( #29, #465, #4778, #2610 ) ) ;
#4684 = CARTESIAN_POINT ( 'NONE',  ( 0.08838834764831840496, 0.08838834764831844659, 0.3999999999999999667 ) ) ;
#4685 = CARTESIAN_POINT ( 'NONE',  ( -0.09252404735808350544, -0.03832471526136865120, 0.3968750000000001443 ) ) ;
#4686 = CARTESIAN_POINT ( 'NONE',  ( 0.03781162722858845415, -0.1167768846349950124, 0.03510741210117966637 ) ) ;
#4687 = EDGE_CURVE ( 'NONE', #335, #2866, #4549, .T. ) ;
#4688 = CYLINDRICAL_SURFACE ( 'NONE', #1570, 0.1249999999999999029 ) ;
#4689 = CARTESIAN_POINT ( 'NONE',  ( -1.133092784412350307E-17, -0.09252404735808340830, 0.4000000000000000222 ) ) ;
#4690 = CARTESIAN_POINT ( 'NONE',  ( 0.05177669529663683073, -0.1249999999999999584, 0.2343750000000000278 ) ) ;
#4691 = CARTESIAN_POINT ( 'NONE',  ( -0.1249999999999999306, 4.649536427208649452E-17, 0.3187500000000000333 ) ) ;
#4692 = CARTESIAN_POINT ( 'NONE',  ( 0.000000000000000000, 0.09252404735808354708, 0.4312500000000000222 ) ) ;
#4693 = CARTESIAN_POINT ( 'NONE',  ( -0.08498570275247437078, -0.1474514531114634042, 1.000000000000000000 ) ) ;
#4694 = CARTESIAN_POINT ( 'NONE',  ( 0.000000000000000000, 0.09252404735808344993, 0.1749999999999999889 ) ) ;
#4695 = CARTESIAN_POINT ( 'NONE',  ( -1.530808498934190893E-17, -0.1249999999999999167, 0.2312500000000000666 ) ) ;
#4696 = CARTESIAN_POINT ( 'NONE',  ( -0.09252404735808350544, 0.03832471526136874140, 0.2406250000000000056 ) ) ;
#4697 = EDGE_CURVE ( 'NONE', #1120, #1746, #364, .T. ) ;
#4698 = CARTESIAN_POINT ( 'NONE',  ( 0.09252404735808347769, -0.03832471526136873446, 0.3156250000000000444 ) ) ;
#4699 = CYLINDRICAL_SURFACE ( 'NONE', #1897, 0.1249999999999999029 ) ;
#4700 = CARTESIAN_POINT ( 'NONE',  ( 0.05177669529663693482, 0.1249999999999999722, 0.3968749999999999778 ) ) ;
#4701 = DIRECTION ( 'NONE',  ( -0.000000000000000000, -0.000000000000000000, -1.000000000000000000 ) ) ;
#4702 = CARTESIAN_POINT ( 'NONE',  ( -0.1249999999999999445, -0.05177669529663687931, 0.1718750000000000278 ) ) ;
#4703 = CARTESIAN_POINT ( 'NONE',  ( -0.1249999999999999445, 0.05177669529663685849, 0.1156250000000000194 ) ) ;
#4704 = CARTESIAN_POINT ( 'NONE',  ( 0.08838834764831839108, 0.08838834764831846047, 0.4937500000000000222 ) ) ;
#4705 = ORIENTED_EDGE ( 'NONE', *, *, #2145, .F. ) ;
#4706 = ORIENTED_EDGE ( 'NONE', *, *, #543, .F. ) ;
#4707 = CARTESIAN_POINT ( 'NONE',  ( 0.1643496145602353353, -0.04419728187502762473, 1.000000000000000222 ) ) ;
#4708 = CARTESIAN_POINT ( 'NONE',  ( -1.530808498934190893E-17, -0.1249999999999999029, 0.3312500000000000444 ) ) ;
#4709 = DIRECTION ( 'NONE',  ( -0.000000000000000000, -0.000000000000000000, -1.000000000000000000 ) ) ;
#4710 = CARTESIAN_POINT ( 'NONE',  ( -0.09374999999999998612, 0.03651063298655463779, 0.9953696979674683254 ) ) ;
#4711 = CARTESIAN_POINT ( 'NONE',  ( -1.133092784412350307E-17, -0.09252404735808343605, 0.3000000000000000444 ) ) ;
#4712 = CARTESIAN_POINT ( 'NONE',  ( -0.06542438130972608179, 0.06542438130972602628, -0.01875000000000002359 ) ) ;
#4713 = CARTESIAN_POINT ( 'NONE',  ( -0.05177669529663687931, -0.1249999999999998057, 0.5218750000000000888 ) ) ;
#4714 = CARTESIAN_POINT ( 'NONE',  ( 0.1826198768753090340, -0.04907772831736495478, 0.9812499999999999556 ) ) ;
#4715 = CARTESIAN_POINT ( 'NONE',  ( 0.03832471526136869977, -0.09252404735808336667, 0.6093750000000001110 ) ) ;
#4716 = CARTESIAN_POINT ( 'NONE',  ( -0.1249999999999999167, 1.480249200253606838E-16, 0.6625000000000000888 ) ) ;
#4717 = CARTESIAN_POINT ( 'NONE',  ( 0.000000000000000000, 0.09252404735808340830, 0.02499999999999997363 ) ) ;
#4718 = CARTESIAN_POINT ( 'NONE',  ( 0.000000000000000000, 0.1249999999999999445, 0.2562499999999999778 ) ) ;
#4719 = CARTESIAN_POINT ( 'NONE',  ( -0.08838834764831837720, 0.08838834764831852986, 0.6562500000000000000 ) ) ;
#4720 = CARTESIAN_POINT ( 'NONE',  ( -0.1638349478164232709, 0.09442855881954356767, 0.7593750000000000222 ) ) ;
#4721 = EDGE_CURVE ( 'NONE', #2351, #2269, #757, .T. ) ;
#4722 = CARTESIAN_POINT ( 'NONE',  ( 0.1249999999999998751, -0.05177669529663685849, 0.4343750000000001776 ) ) ;
#4723 = CARTESIAN_POINT ( 'NONE',  ( -1.133092784412350615E-17, -0.09252404735808353320, 0.05625000000000002220 ) ) ;
#4724 = CARTESIAN_POINT ( 'NONE',  ( -0.1152275099952964621, -0.1499375329496587250, 0.7593750000000002442 ) ) ;
#4725 = CARTESIAN_POINT ( 'NONE',  ( 0.07844243687486902872, 0.06296441342745924541, 0.8777099789582289979 ) ) ;
#4726 = ADVANCED_FACE ( 'NONE', ( #3372 ), #1941, .T. ) ;
#4727 = CARTESIAN_POINT ( 'NONE',  ( -0.03832471526136872059, 0.09252404735808351932, 0.2843749999999999889 ) ) ;
#4728 = CARTESIAN_POINT ( 'NONE',  ( -0.04075167663438680060, -0.1090012134908252966, 0.7171775693309169197 ) ) ;
#4729 = CARTESIAN_POINT ( 'NONE',  ( -0.1062021046751585873, -0.04612494808493046439, 0.02768522270422808795 ) ) ;
#4730 = CARTESIAN_POINT ( 'NONE',  ( 0.05177669529663693482, 0.1250000000000000000, 0.5968750000000000444 ) ) ;
#4731 = CARTESIAN_POINT ( 'NONE',  ( 0.06542438130972608179, -0.06542438130972605403, 0.3562500000000000666 ) ) ;
#4732 = VERTEX_POINT ( 'NONE', #2324 ) ;
#4733 = ORIENTED_EDGE ( 'NONE', *, *, #2637, .T. ) ;
#4734 = CARTESIAN_POINT ( 'NONE',  ( -0.05177669529663687931, -0.1249999999999999167, 0.2281250000000000500 ) ) ;
#4735 = CARTESIAN_POINT ( 'NONE',  ( -0.1487499999999999101, -5.530426628471140438E-17, 0.7312500000000000666 ) ) ;
#4736 = CARTESIAN_POINT ( 'NONE',  ( 0.05177669529663683073, -0.1249999999999999167, 0.3343750000000000333 ) ) ;
#4737 = CARTESIAN_POINT ( 'NONE',  ( -0.06542438130972609567, 0.06542438130972619281, 0.4874999999999999889 ) ) ;
#4738 = CARTESIAN_POINT ( 'NONE',  ( -5.292955487724510356E-16, -0.1082531754730549217, 0.8828124999999998890 ) ) ;
#4739 = CARTESIAN_POINT ( 'NONE',  ( -0.09252404735808346381, 0.03832471526136870671, 0.1343750000000000222 ) ) ;
#4740 = AXIS2_PLACEMENT_3D ( 'NONE', #1011, #4410, #2547 ) ;
#4741 = CARTESIAN_POINT ( 'NONE',  ( -0.05177669529663686543, 0.1249999999999999722, 0.2593749999999999667 ) ) ;
#4742 = EDGE_CURVE ( 'NONE', #1596, #3693, #413, .T. ) ;
#4743 =( BOUNDED_CURVE ( )  B_SPLINE_CURVE ( 2, ( #2781, #4297, #132, #2030, #2828 ),
 .UNSPECIFIED., .F., .F. ) 
 B_SPLINE_CURVE_WITH_KNOTS ( ( 3, 2, 3 ),
 ( 0.8906250000000001110, 0.8984375000000000000, 0.9026509824549505678 ),
 .UNSPECIFIED. ) 
 CURVE ( )  GEOMETRIC_REPRESENTATION_ITEM ( )  RATIONAL_B_SPLINE_CURVE ( ( 0.9999999999999988898, 0.9238795325112878487, 1.000000000000000000, 0.9589462714590299974, 0.9621752091369861759 ) ) 
 REPRESENTATION_ITEM ( '' )  );
#4744 = CIRCLE ( 'NONE', #1014, 0.1082531754730549772 ) ;
#4745 = PLANE ( 'NONE',  #3314 ) ;
#4746 = EDGE_CURVE ( 'NONE', #4732, #3701, #1802, .T. ) ;
#4747 = CARTESIAN_POINT ( 'NONE',  ( -0.05177669529663686543, -0.1249999999999998057, 0.5218749999999999778 ) ) ;
#4748 = CARTESIAN_POINT ( 'NONE',  ( 0.05177669529663682380, -0.1249999999999998196, 0.5781250000000001110 ) ) ;
#4749 = DIRECTION ( 'NONE',  ( -0.000000000000000000, -0.000000000000000000, -1.000000000000000000 ) ) ;
#4750 = CARTESIAN_POINT ( 'NONE',  ( 0.1249999999999998751, -0.05177669529663685849, 0.4343750000000001221 ) ) ;
#4751 = CARTESIAN_POINT ( 'NONE',  ( -0.1424406561679308625, 0.1094661346297764876, 0.7500000000000001110 ) ) ;
#4752 = CARTESIAN_POINT ( 'NONE',  ( -0.09252404735808350544, 0.03832471526136875528, 0.2906250000000000222 ) ) ;
#4753 = CARTESIAN_POINT ( 'NONE',  ( 0.000000000000000000, 0.1249999999999999306, 0.2062499999999999889 ) ) ;
#4754 = ORIENTED_EDGE ( 'NONE', *, *, #1880, .F. ) ;
#4755 = CARTESIAN_POINT ( 'NONE',  ( -0.1249999999999999306, 9.079917041896977590E-17, 0.4687500000000001110 ) ) ;
#4756 = CARTESIAN_POINT ( 'NONE',  ( 0.07024530954455619758, -0.06489313690620954200, 0.7050249365388544520 ) ) ;
#4757 = DIRECTION ( 'NONE',  ( 0.000000000000000000, 0.000000000000000000, 1.000000000000000000 ) ) ;
#4758 = CARTESIAN_POINT ( 'NONE',  ( 0.08838834764831839108, 0.08838834764831847435, 0.5937500000000000000 ) ) ;
#4759 = CARTESIAN_POINT ( 'NONE',  ( 0.03832471526136869283, -0.09252404735808342218, 0.4531250000000000555 ) ) ;
#4760 = ORIENTED_EDGE ( 'NONE', *, *, #3346, .F. ) ;
#4761 = CARTESIAN_POINT ( 'NONE',  ( 0.09252404735808344993, 0.03832471526136874140, 0.2156250000000000111 ) ) ;
#4762 = CARTESIAN_POINT ( 'NONE',  ( 0.09375000000000002776, 0.01840772069489210461, 0.9924317289393693731 ) ) ;
#4763 = CARTESIAN_POINT ( 'NONE',  ( -0.1249999999999999445, -0.05177669529663678910, 0.4218750000000000555 ) ) ;
#4764 = CARTESIAN_POINT ( 'NONE',  ( 0.09252404735808347769, 0.03832471526136888018, 0.6718750000000000000 ) ) ;
#4765 = CARTESIAN_POINT ( 'NONE',  ( 0.1826198767901166253, -0.04907772852305770928, 1.000000000000000000 ) ) ;
#4766 = CARTESIAN_POINT ( 'NONE',  ( 0.04416995567076502371, 0.1643578891110955009, 1.000000000000000000 ) ) ;
#4767 = FACE_OUTER_BOUND ( 'NONE', #4402, .T. ) ;
#4768 = CARTESIAN_POINT ( 'NONE',  ( 0.09252404735808347769, 2.184493001123028314E-17, 0.3187499999999999778 ) ) ;
#4769 = CARTESIAN_POINT ( 'NONE',  ( 0.1249999999999999306, 2.326316198454990153E-17, 0.3437500000000000555 ) ) ;
#4770 = CARTESIAN_POINT ( 'NONE',  ( -1.530808498934190893E-17, -0.1249999999999998057, 0.5812500000000000444 ) ) ;
#4771 = CARTESIAN_POINT ( 'NONE',  ( 0.06542438130972610955, 0.06542438130972615118, 0.4687500000000000000 ) ) ;
#4772 = CARTESIAN_POINT ( 'NONE',  ( 0.000000000000000000, 0.1249999999999999861, 0.3999999999999999667 ) ) ;
#4773 =( BOUNDED_CURVE ( )  B_SPLINE_CURVE ( 2, ( #1648, #3972, #3507, #3160, #2805, #4653, #1675, #1246, #565 ),
 .UNSPECIFIED., .F., .T. ) 
 B_SPLINE_CURVE_WITH_KNOTS ( ( 3, 2, 2, 2, 3 ),
 ( 0.9218750000000001110, 0.9296875000000001110, 0.9375000000000001110, 0.9453125000000001110, 0.9531250000000001110 ),
 .UNSPECIFIED. ) 
 CURVE ( )  GEOMETRIC_REPRESENTATION_ITEM ( )  RATIONAL_B_SPLINE_CURVE ( ( 0.9999999999999988898, 0.9238795325112878487, 1.000000000000000000, 0.9238795325112867385, 1.000000000000000000, 0.9238795325112867385, 1.000000000000000000, 0.9238795325112856283, 1.000000000000001110 ) ) 
 REPRESENTATION_ITEM ( '' )  );
#4774 = CARTESIAN_POINT ( 'NONE',  ( -1.530808498934190276E-17, -0.1249999999999997780, 0.6250000000000000000 ) ) ;
#4775 = CARTESIAN_POINT ( 'NONE',  ( -0.09252404735808347769, -7.180988138553183074E-18, 0.1437500000000000167 ) ) ;
#4776 = CARTESIAN_POINT ( 'NONE',  ( -0.05177669529663687931, -0.1249999999999998473, 0.4218750000000001110 ) ) ;
#4777 = CARTESIAN_POINT ( 'NONE',  ( 0.1249999999999999167, 0.05177669529663698339, 0.4906250000000000333 ) ) ;
#4778 = ORIENTED_EDGE ( 'NONE', *, *, #3680, .T. ) ;
#4779 = CARTESIAN_POINT ( 'NONE',  ( 0.05177669529663694176, 0.1249999999999999861, 0.5031249999999999334 ) ) ;
#4780 = DIRECTION ( 'NONE',  ( 1.000000000000000000, 0.000000000000000000, 0.000000000000000000 ) ) ;
#4781 = CARTESIAN_POINT ( 'NONE',  ( 0.1687499999999998446, 0.000000000000000000, 1.000000000000000000 ) ) ;
#4782 = CARTESIAN_POINT ( 'NONE',  ( 0.09252404735808344993, 0.03832471526136881773, 0.4656250000000000111 ) ) ;
#4783 = CARTESIAN_POINT ( 'NONE',  ( -0.06542438130972608179, 0.06542438130972610955, 0.2312500000000000389 ) ) ;
#4784 = CARTESIAN_POINT ( 'NONE',  ( -0.1826198768753090340, -0.04907772831736510744, 0.9812500000000001776 ) ) ;
#4785 = CARTESIAN_POINT ( 'NONE',  ( 0.03832471526136877610, 0.09252404735808356095, 0.5781249999999998890 ) ) ;
#4786 = CARTESIAN_POINT ( 'NONE',  ( -0.04907772852304784217, -0.1826198767901091868, 1.000000000000000000 ) ) ;
#4787 = CARTESIAN_POINT ( 'NONE',  ( -0.1499375327922183032, -0.1152275101527415746, 1.000000000000000000 ) ) ;
#4788 = CARTESIAN_POINT ( 'NONE',  ( 0.08838834764831837720, -0.08838834764831825230, 0.6312499999999999778 ) ) ;
#4789 = CARTESIAN_POINT ( 'NONE',  ( -0.05177669529663687931, 0.1249999999999999584, 0.2593750000000000222 ) ) ;
#4790 = CARTESIAN_POINT ( 'NONE',  ( -0.1249999999999999167, -0.05177669529663685849, 0.1656250000000000222 ) ) ;
#4791 = CARTESIAN_POINT ( 'NONE',  ( -0.08838834764831839108, -0.08838834764831822455, 0.7250000000000000888 ) ) ;
#4792 = CARTESIAN_POINT ( 'NONE',  ( -1.133092784412350307E-17, -0.09252404735808335279, 0.5999999999999999778 ) ) ;
#4793 = CARTESIAN_POINT ( 'NONE',  ( -0.08838834764831839108, -0.08838834764831822455, 0.6687500000000000666 ) ) ;
#4794 = CARTESIAN_POINT ( 'NONE',  ( 0.000000000000000000, 0.09252404735808346381, 0.1812499999999999667 ) ) ;
#4795 = CARTESIAN_POINT ( 'NONE',  ( 0.1826198768753090340, -0.04907772831736498947, 0.7593750000000000222 ) ) ;
#4796 = CARTESIAN_POINT ( 'NONE',  ( -0.1499375328083459025, -0.1152275101366041637, 0.7500000000000000000 ) ) ;
#4797 = CARTESIAN_POINT ( 'NONE',  ( 0.1094842364751155567, 0.1424185764361668993, 0.7499999999999998890 ) ) ;
#4798 = ORIENTED_EDGE ( 'NONE', *, *, #4589, .T. ) ;
#4799 = CARTESIAN_POINT ( 'NONE',  ( 0.08838834764831840496, 0.08838834764831846047, 0.5000000000000000000 ) ) ;
#4800 = CARTESIAN_POINT ( 'NONE',  ( -0.09252404735808347769, 9.619455953750779552E-17, 0.4937500000000000222 ) ) ;
#4801 = EDGE_CURVE ( 'NONE', #369, #1586, #646, .T. ) ;
#4802 = CARTESIAN_POINT ( 'NONE',  ( 0.08838834764831837720, -0.08838834764831844659, 0.08750000000000003608 ) ) ;
#4803 = CARTESIAN_POINT ( 'NONE',  ( -0.04662384207688795301, -0.1734888829588973891, 0.7500000000000001110 ) ) ;
#4804 = CARTESIAN_POINT ( 'NONE',  ( 0.09252404735808346381, 1.086065503822100443E-16, 0.6125000000000000444 ) ) ;
#4805 = EDGE_CURVE ( 'NONE', #1827, #2478, #2830, .T. ) ;
#4806 = CARTESIAN_POINT ( 'NONE',  ( -0.09252404735808346381, -9.026980061339992372E-18, 0.1375000000000000111 ) ) ;
#4807 = CARTESIAN_POINT ( 'NONE',  ( 0.09375000000000001388, -1.104688082028675513E-16, 0.9916265877365274539 ) ) ;
#4808 = CARTESIAN_POINT ( 'NONE',  ( -0.06542438130972610955, -0.06542438130972597077, 0.6000000000000000888 ) ) ;
#4809 = CARTESIAN_POINT ( 'NONE',  ( 0.1474514531114559657, -0.08498570275246684902, 1.000000000000000000 ) ) ;
#4810 = CARTESIAN_POINT ( 'NONE',  ( -0.04907772852307637490, 0.1826198767900997222, 1.000000000000000000 ) ) ;
#4811 = AXIS2_PLACEMENT_3D ( 'NONE', #3537, #480, #1583 ) ;
#4812 = CARTESIAN_POINT ( 'NONE',  ( 0.1249999999999999306, 8.233490351372762031E-17, 0.5437500000000000666 ) ) ;
#4813 = CARTESIAN_POINT ( 'NONE',  ( -0.09252404735808347769, 5.189075339062451414E-17, 0.3437500000000000000 ) ) ;
#4814 = PLANE ( 'NONE',  #2931 ) ;
#4815 = CARTESIAN_POINT ( 'NONE',  ( 0.05177669529663683073, -0.1249999999999998057, 0.6843750000000001776 ) ) ;
#4816 = CARTESIAN_POINT ( 'NONE',  ( 0.03832471526136876916, 0.09252404735808353320, 0.5718750000000001332 ) ) ;
#4817 = CARTESIAN_POINT ( 'NONE',  ( 0.05177669529663693482, 0.1249999999999999861, 0.5468750000000000000 ) ) ;
#4818 = AXIS2_PLACEMENT_3D ( 'NONE', #1132, #3011, #2639 ) ;
#4819 = CARTESIAN_POINT ( 'NONE',  ( -1.530808498934190276E-17, -0.1249999999999997363, 0.7250000000000000888 ) ) ;
#4820 = CARTESIAN_POINT ( 'NONE',  ( -0.09252404735808347769, 7.586947243741243540E-18, 0.1937500000000000056 ) ) ;
#4821 = CARTESIAN_POINT ( 'NONE',  ( -0.03084450010907965542, -0.09044509503205799827, 0.9916383330878951741 ) ) ;
#4822 = CARTESIAN_POINT ( 'NONE',  ( -0.1638349478928923797, -0.09442855863492051471, 0.7500000000000001110 ) ) ;
#4823 = CARTESIAN_POINT ( 'NONE',  ( -0.02328809512016886615, 0.1781221872095344605, 0.7499999999999998890 ) ) ;
#4824 = ORIENTED_EDGE ( 'NONE', *, *, #1911, .T. ) ;
#4825 = VECTOR ( 'NONE', #4068, 39.37007874015748854 ) ;
#4826 = EDGE_CURVE ( 'NONE', #3693, #654, #1336, .T. ) ;
#4827 = CARTESIAN_POINT ( 'NONE',  ( -0.08838834764831837720, 0.08838834764831846047, 0.4124999999999999778 ) ) ;
#4828 = CARTESIAN_POINT ( 'NONE',  ( -0.09252404735808350544, 0.03832471526136881773, 0.4906249999999999778 ) ) ;
#4829 = CARTESIAN_POINT ( 'NONE',  ( 0.1424406561679374128, 0.1094661346297699511, 0.7500000000000001110 ) ) ;
#4830 = CARTESIAN_POINT ( 'NONE',  ( 0.06542438130972610955, 0.06542438130972619281, 0.5687500000000000888 ) ) ;
#4831 = EDGE_CURVE ( 'NONE', #3499, #2428, #1965, .T. ) ;
#4832 = CARTESIAN_POINT ( 'NONE',  ( -0.06542438130972608179, 0.06542438130972612342, 0.3312500000000000444 ) ) ;
#4833 = CARTESIAN_POINT ( 'NONE',  ( 0.000000000000000000, 0.09252404735808347769, 0.2749999999999999667 ) ) ;
#4834 = DIRECTION ( 'NONE',  ( -1.000000000000000000, 0.000000000000000000, 0.000000000000000000 ) ) ;
#4835 = CARTESIAN_POINT ( 'NONE',  ( -0.03832471526136870671, 0.09252404735808342218, 0.02812499999999996947 ) ) ;
#4836 = CARTESIAN_POINT ( 'NONE',  ( -0.1152275101527365925, -0.1499375327922137513, 1.000000000000000000 ) ) ;
#4837 = ORIENTED_EDGE ( 'NONE', *, *, #192, .T. ) ;
#4838 = CARTESIAN_POINT ( 'NONE',  ( -0.1152275101527415885, 0.1499375327922183310, 1.000000000000000000 ) ) ;
#4839 = CARTESIAN_POINT ( 'NONE',  ( -0.1249999999999999167, 3.172742888979206944E-17, 0.2687499999999999889 ) ) ;
#4840 = CARTESIAN_POINT ( 'NONE',  ( 0.06542438130972609567, -0.06542438130972616506, 0.01250000000000001804 ) ) ;
#4841 = CARTESIAN_POINT ( 'NONE',  ( 0.1250000000000004718, -0.05177669529663620623, 0.6906249999999999334 ) ) ;
#4842 = ORIENTED_EDGE ( 'NONE', *, *, #2716, .F. ) ;
#4843 = CARTESIAN_POINT ( 'NONE',  ( -0.05177669529663686543, 0.1250000000000000555, 0.6093749999999998890 ) ) ;
#4844 = CARTESIAN_POINT ( 'NONE',  ( 0.000000000000000000, 0.09252404735808357483, 0.5250000000000000222 ) ) ;
#4845 = PRODUCT_DEFINITION ( 'General', '', #3476, #2263 ) ;
#4847 = ADVANCED_FACE ( 'NONE', ( #2510 ), #4023, .T. ) ;
#4846 = ORIENTED_EDGE ( 'NONE', *, *, #3479, .F. ) ;
#4848 = CARTESIAN_POINT ( 'NONE',  ( 0.000000000000000000, 0.09252404735808344993, 0.08124999999999997502 ) ) ;
#4849 = CARTESIAN_POINT ( 'NONE',  ( -0.05177669529663686543, -0.1249999999999997780, 0.6218749999999999556 ) ) ;
#4850 = CARTESIAN_POINT ( 'NONE',  ( 0.09252404735808347769, -0.03832471526136876222, 0.2156250000000000111 ) ) ;
#4851 = DIRECTION ( 'NONE',  ( 0.000000000000000000, 0.000000000000000000, 1.000000000000000000 ) ) ;
#4852 = CARTESIAN_POINT ( 'NONE',  ( -0.09442855863491764201, 0.1638349478929019276, 0.7500000000000001110 ) ) ;
#4853 = ORIENTED_EDGE ( 'NONE', *, *, #4742, .T. ) ;
#4854 = CARTESIAN_POINT ( 'NONE',  ( -0.05177669529663687931, 0.1250000000000000000, 0.3093749999999999556 ) ) ;
#4855 = CARTESIAN_POINT ( 'NONE',  ( 0.1874999999999998335, 1.151880944145276496E-17, 0.9812499999999999556 ) ) ;
#4856 = CARTESIAN_POINT ( 'NONE',  ( 0.03832471526136869283, -0.09252404735808336667, 0.5531250000000001998 ) ) ;
#4857 = CARTESIAN_POINT ( 'NONE',  ( 0.000000000000000000, 0.1250000000000000555, 0.7000000000000000666 ) ) ;
#4858 = CARTESIAN_POINT ( 'NONE',  ( -0.03832471526136872059, 0.09252404735808360259, 0.6343750000000000222 ) ) ;
#4859 = CARTESIAN_POINT ( 'NONE',  ( -0.06542438130972608179, -0.06542438130972604016, 0.2937500000000000666 ) ) ;
#4860 = ORIENTED_EDGE ( 'NONE', *, *, #4687, .F. ) ;
#4861 = CARTESIAN_POINT ( 'NONE',  ( -0.1249999999999999306, 1.695949350749765670E-17, 0.2187500000000000278 ) ) ;
#4862 = CARTESIAN_POINT ( 'NONE',  ( 0.09252404735808344993, 0.03832471526136872059, 0.1656250000000000222 ) ) ;
#4863 = CARTESIAN_POINT ( 'NONE',  ( 0.1249999999999999167, -2.288663608512017221E-17, 0.1875000000000000278 ) ) ;
#4864 = CARTESIAN_POINT ( 'NONE',  ( 0.1249999999999999167, -5.242250684970901619E-17, 0.08750000000000000833 ) ) ;
#4865 = CARTESIAN_POINT ( 'NONE',  ( -0.09252404735808350544, -0.03832471526136856099, 0.6968750000000002442 ) ) ;
#4866 = CARTESIAN_POINT ( 'NONE',  ( 0.1037047591374642003, 0.1349437795129905804, 1.000000000000000000 ) ) ;
#4867 = CARTESIAN_POINT ( 'NONE',  ( 0.1152275101527333034, -0.1499375327922265466, 1.000000000000000000 ) ) ;
#4868 = CYLINDRICAL_SURFACE ( 'NONE', #2128, 0.1249999999999999029 ) ;
#4869 = CARTESIAN_POINT ( 'NONE',  ( 0.05177669529663694176, 0.1249999999999998751, 0.1531250000000000111 ) ) ;
#4870 = CARTESIAN_POINT ( 'NONE',  ( 0.000000000000000000, 0.1250000000000000555, 0.6062499999999999556 ) ) ;
#4871 = CARTESIAN_POINT ( 'NONE',  ( -0.09252404735808346381, 1.091165029970153913E-16, 0.5375000000000000888 ) ) ;
#4872 = CARTESIAN_POINT ( 'NONE',  ( 0.09252404735808347769, 0.03832471526136876222, 0.2718750000000000333 ) ) ;
#4873 = CARTESIAN_POINT ( 'NONE',  ( -0.09374999999999998612, -0.05412658773652782862, 1.000000000000000000 ) ) ;
#4874 = CARTESIAN_POINT ( 'NONE',  ( -0.02331650778601881968, -0.1781249999999998668, 0.7500000000000001110 ) ) ;
#4875 = CARTESIAN_POINT ( 'NONE',  ( 0.1424225543225919599, 0.1094882143615403258, 0.7500000000000002220 ) ) ;
#4876 = ORIENTED_EDGE ( 'NONE', *, *, #2309, .T. ) ;
#4877 = CARTESIAN_POINT ( 'NONE',  ( -0.03832471526136872059, 0.09252404735808364422, 0.7343750000000001110 ) ) ;
#4878 = CARTESIAN_POINT ( 'NONE',  ( 0.1249999999999999167, 8.048891159094080331E-17, 0.5375000000000000888 ) ) ;
#4879 = CARTESIAN_POINT ( 'NONE',  ( 0.1734888829588973891, -0.04662384207688798771, 0.7500000000000001110 ) ) ;
#4880 = EDGE_CURVE ( 'NONE', #3340, #1205, #304, .T. ) ;
#4881 = CARTESIAN_POINT ( 'NONE',  ( -1.133092784412350307E-17, -0.09252404735808332503, 0.6500000000000000222 ) ) ;
#4882 = EDGE_LOOP ( 'NONE', ( #2771, #4293, #2374, #3764 ) ) ;
#4883 = CARTESIAN_POINT ( 'NONE',  ( -1.133092784412350615E-17, -0.09252404735808336667, 0.6062500000000000666 ) ) ;
#4884 = CARTESIAN_POINT ( 'NONE',  ( 0.06542438130972610955, 0.06542438130972612342, 0.3687500000000000777 ) ) ;
#4885 = CARTESIAN_POINT ( 'NONE',  ( -0.09252404735808347769, -0.03832471526136863732, 0.4406249999999999889 ) ) ;
#4886 = CARTESIAN_POINT ( 'NONE',  ( -0.03832471526136872059, -0.09252404735808343605, 0.2968750000000000000 ) ) ;
#4887 = CARTESIAN_POINT ( 'NONE',  ( 0.09252404735808347769, 0.03832471526136870671, 0.07187500000000000833 ) ) ;
#4888 = CARTESIAN_POINT ( 'NONE',  ( 0.1046901669518957023, -0.05143927616369138589, 0.02888182438372709215 ) ) ;
#4889 = CARTESIAN_POINT ( 'NONE',  ( -1.133092784412350615E-17, -0.09252404735808332503, 0.7562499999999999778 ) ) ;
#4890 = EDGE_LOOP ( 'NONE', ( #197, #647 ) ) ;
#4891 = DIRECTION ( 'NONE',  ( -0.5000000000000002220, 0.8660254037844385966, 0.000000000000000000 ) ) ;
#4892 = CARTESIAN_POINT ( 'NONE',  ( 0.000000000000000000, 7.549139889267777477E-20, 0.000000000000000000 ) ) ;
#4893 = CARTESIAN_POINT ( 'NONE',  ( -0.1249999999999999306, 9.079917041896977590E-17, 0.4687500000000001110 ) ) ;
#4894 = DIRECTION ( 'NONE',  ( -1.000000000000000000, 0.000000000000000000, 0.000000000000000000 ) ) ;
#4895 = ORIENTED_EDGE ( 'NONE', *, *, #144, .T. ) ;
#4897 = AXIS2_PLACEMENT_3D ( 'NONE', #3576, #4325, #1297 ) ;
#4896 = CARTESIAN_POINT ( 'NONE',  ( 0.1249999999999998890, 0.05177669529663686543, 0.1406250000000000000 ) ) ;
#4898 = CARTESIAN_POINT ( 'NONE',  ( 0.06542438130972608179, -0.06542438130972599852, 0.5562500000000000222 ) ) ;
#4899 = CARTESIAN_POINT ( 'NONE',  ( -0.1249999999999999029, 7.549139889267777477E-20, 0.000000000000000000 ) ) ;
#4900 = CARTESIAN_POINT ( 'NONE',  ( -0.04662384207688795301, -0.1734888829588973891, 0.7500000000000001110 ) ) ;
#4901 = EDGE_CURVE ( 'NONE', #4077, #1064, #3162, .T. ) ;
#4902 = ORIENTED_EDGE ( 'NONE', *, *, #2309, .F. ) ;
#4903 = CARTESIAN_POINT ( 'NONE',  ( -0.06542438130972609567, 0.06542438130972622057, 0.5875000000000000222 ) ) ;
#4904 = CARTESIAN_POINT ( 'NONE',  ( -0.05177669529663687931, -0.1250000000000000000, 0.07812500000000005551 ) ) ;
#4905 = PLANE ( 'NONE',  #1978 ) ;
#4906 = DIRECTION ( 'NONE',  ( 0.8660254037844397068, 0.000000000000000000, 0.4999999999999979461 ) ) ;
#4907 = VECTOR ( 'NONE', #4749, 39.37007874015748143 ) ;
#4908 = CARTESIAN_POINT ( 'NONE',  ( -0.06542438130972608179, -0.06542438130972598465, 0.4937500000000000222 ) ) ;
#4909 = CARTESIAN_POINT ( 'NONE',  ( 0.1249999999999999167, -0.05177669529663687931, 0.3906250000000001665 ) ) ;
#4910 = CARTESIAN_POINT ( 'NONE',  ( 0.03832471526136876916, 0.09252404735808351932, 0.3718750000000000666 ) ) ;
#4911 = CARTESIAN_POINT ( 'NONE',  ( 0.03832471526136869283, -0.09252404735808343605, 0.3531250000000000222 ) ) ;
#4912 = CARTESIAN_POINT ( 'NONE',  ( 0.09252404735808347769, 0.03832471526136869283, 0.02187499999999998820 ) ) ;
#4913 = CARTESIAN_POINT ( 'NONE',  ( -0.06271835715228450681, 0.07204271508805253077, 0.8752323921391040873 ) ) ;
#4914 = CARTESIAN_POINT ( 'NONE',  ( -1.133092784412350307E-17, -0.09252404735808351932, 0.05000000000000002359 ) ) ;
#4915 = CARTESIAN_POINT ( 'NONE',  ( 0.04419728187521562712, 0.1643496145601769931, 0.9999999999999998890 ) ) ;
ENDSEC;
END-ISO-10303-21;
