ISO-10303-21;
HEADER;
FILE_DESCRIPTION (( 'STEP AP214' ),
    '1' );
FILE_NAME ('92196A537_18-8 Stainless Steel Socket Head Screw.STEP',
    '2026-02-20T19:34:31',
    ( '' ),
    ( '' ),
    'SwSTEP 2.0',
    'SolidWorks 2025',
    '' );
FILE_SCHEMA (( 'AUTOMOTIVE_DESIGN' ));
ENDSEC;

DATA;
#1 = CARTESIAN_POINT ( 'NONE',  ( 0.09375000000000023592, -0.009137588046931101673, 0.6244390877365274539 ) ) ;
#2 = CARTESIAN_POINT ( 'NONE',  ( 0.04662384207688721055, 0.1734888829588984716, 0.5000000000000000000 ) ) ;
#3 = ORIENTED_EDGE ( 'NONE', *, *, #2219, .F. ) ;
#4 = DIRECTION ( 'NONE',  ( -1.000000000000000000, 0.000000000000000000, 0.000000000000000000 ) ) ;
#5 = CARTESIAN_POINT ( 'NONE',  ( -0.1499375327922207735, -0.1152275101527344553, 0.7312499999999998446 ) ) ;
#6 = PLANE ( 'NONE',  #3436 ) ;
#7 = CARTESIAN_POINT ( 'NONE',  ( -0.09442855881954365094, -0.1638349478164232154, 0.7312499999999998446 ) ) ;
#8 = CARTESIAN_POINT ( 'NONE',  ( 0.1249999999999999445, 2.326316198454988612E-17, 0.3437500000000000555 ) ) ;
#9 = DIRECTION ( 'NONE',  ( -1.000000000000000000, 0.000000000000000000, 0.000000000000000000 ) ) ;
#10 = CARTESIAN_POINT ( 'NONE',  ( 0.05177669529663694870, 0.1250000000000000000, 0.4031250000000000111 ) ) ;
#11 = CARTESIAN_POINT ( 'NONE',  ( 0.06542438130972609567, -0.06542438130972606791, 0.3625000000000000999 ) ) ;
#12 = ORIENTED_EDGE ( 'NONE', *, *, #1900, .F. ) ;
#13 = CARTESIAN_POINT ( 'NONE',  ( 0.08838834764831839108, -0.08838834764831837720, 0.3875000000000000111 ) ) ;
#14 = CARTESIAN_POINT ( 'NONE',  ( 0.000000000000000000, 0.09252404735808357483, 0.5250000000000000222 ) ) ;
#15 = CARTESIAN_POINT ( 'NONE',  ( -1.530808498934190893E-17, -0.1249999999999999167, 0.3312500000000000444 ) ) ;
#16 = CARTESIAN_POINT ( 'NONE',  ( -0.1499375327922207735, -0.1152275101527344553, 0.7312499999999998446 ) ) ;
#17 = CARTESIAN_POINT ( 'NONE',  ( 0.06344718751237181376, 0.07988185825962985931, 0.01428154439575829958 ) ) ;
#18 = CARTESIAN_POINT ( 'NONE',  ( -0.1874999999999999167, -2.288663608512018453E-17, 0.5093750000000000222 ) ) ;
#19 = EDGE_CURVE ( 'NONE', #3480, #938, #1333, .T. ) ;
#20 = VERTEX_POINT ( 'NONE', #3735 ) ;
#21 = CARTESIAN_POINT ( 'NONE',  ( -0.03832471526136872059, -0.09252404735808343605, 0.3468750000000000444 ) ) ;
#22 = ORIENTED_EDGE ( 'NONE', *, *, #3598, .T. ) ;
#23 = CARTESIAN_POINT ( 'NONE',  ( 0.03103164284771600667, -0.09033704812152942853, 0.7424198921391038652 ) ) ;
#24 = CARTESIAN_POINT ( 'NONE',  ( -0.1781249999999999223, 7.549139889267777477E-20, 0.5000000000000000000 ) ) ;
#25 = APPLICATION_PROTOCOL_DEFINITION ( 'draft international standard', 'automotive_design', 1998, #3207 ) ;
#26 = FACE_OUTER_BOUND ( 'NONE', #873, .T. ) ;
#27 = CARTESIAN_POINT ( 'NONE',  ( 0.1249999999999999306, 6.649234679468681023E-18, 0.2875000000000000333 ) ) ;
#28 = CARTESIAN_POINT ( 'NONE',  ( 0.1826198767901167086, -0.04907772852305294226, 0.7500000000000000000 ) ) ;
#29 = CARTESIAN_POINT ( 'NONE',  ( -0.1249999999999999584, -0.05177669529663678910, 0.4218750000000000555 ) ) ;
#30 = CARTESIAN_POINT ( 'NONE',  ( -0.06542438130972608179, -0.06542438130972612342, 0.04375000000000001804 ) ) ;
#31 = CARTESIAN_POINT ( 'NONE',  ( -0.09375000000000002776, 0.05412658773652766209, 0.6328124999999998890 ) ) ;
#32 = CARTESIAN_POINT ( 'NONE',  ( 0.03832471526136877610, 0.09252404735808342218, 0.02812499999999996947 ) ) ;
#33 = ORIENTED_EDGE ( 'NONE', *, *, #3526, .F. ) ;
#34 =( BOUNDED_SURFACE ( )  B_SPLINE_SURFACE ( 2, 3, ( 
 ( #1885, #3032, #2466, #2191, #387, #2741, #104, #3641, #692, #1902, #1640, #2852, #216, #1682, #2563, #3701, #3068, #1322, #460, #3680, #1657, #2812, #1364, #3623, #3140, #140, #515, #1748, #2907, #1490, #1234, #2128, #2421, #1295 ),
 ( #1610, #851, #1785, #3500, #1751, #279, #808, #2673, #928, #2107, #739, #443, #1464, #541, #3057, #28, #1195, #2841, #532, #1467, #1290, #1548, #131, #1980, #565, #1764, #2341, #2354, #2978, #1543, #3610, #1246, #2431, #369 ),
 ( #676, #3614, #1485, #3550, #16, #917, #3254, #955, #2374, #2060, #3233, #1166, #2416, #2709, #2140, #1249, #315, #1869, #2684, #622, #603, #2629, #2959, #3594, #57, #335, #371, #38, #1203, #2099, #3272, #1836, #641, #2980 ) ),
 .UNSPECIFIED., .F., .T., .F. ) 
 B_SPLINE_SURFACE_WITH_KNOTS ( ( 3, 3 ),
 ( 4, 2, 2, 2, 2, 2, 2, 2, 2, 2, 2, 2, 2, 2, 2, 2, 4 ),
 ( 0.000000000000000000, 1.000000000000000000 ),
 ( -3.141592653589793116, -2.748893571891068976, -2.356194490192344837, -1.963495408493620697, -1.570796326794896558, -1.178097245096172418, -0.7853981633974482790, -0.3926990816987241395, 0.000000000000000000, 0.3926990816987241395, 0.7853981633974482790, 1.178097245096172418, 1.570796326794896558, 1.963495408493620697, 2.356194490192344837, 2.748893571891068976, 3.141592653589793116 ),
 .UNSPECIFIED. ) 
 GEOMETRIC_REPRESENTATION_ITEM ( )  RATIONAL_B_SPLINE_SURFACE ( (
 ( 1.000000000000000000, 1.000000000000000000, 1.000000000000000000, 1.000000000000000000, 1.000000000000000000, 1.000000000000000000, 1.000000000000000000, 1.000000000000000000, 1.000000000000000000, 1.000000000000000000, 1.000000000000000000, 1.000000000000000000, 1.000000000000000000, 1.000000000000000000, 1.000000000000000000, 1.000000000000000000, 1.000000000000000000, 1.000000000000000000, 1.000000000000000000, 1.000000000000000000, 1.000000000000000000, 1.000000000000000000, 1.000000000000000000, 1.000000000000000000, 1.000000000000000000, 1.000000000000000000, 1.000000000000000000, 1.000000000000000000, 1.000000000000000000, 1.000000000000000000, 1.000000000000000000, 1.000000000000000000, 1.000000000000000000, 1.000000000000000000),
 ( 0.3333333333333333148, 0.3333333333333333148, 0.3333333333333333148, 0.3333333333333333148, 0.3333333333333333148, 0.3333333333333333148, 0.3333333333333333148, 0.3333333333333333148, 0.3333333333333333148, 0.3333333333333333148, 0.3333333333333333148, 0.3333333333333333148, 0.3333333333333333148, 0.3333333333333333148, 0.3333333333333333148, 0.3333333333333333148, 0.3333333333333333148, 0.3333333333333333148, 0.3333333333333333148, 0.3333333333333333148, 0.3333333333333333148, 0.3333333333333333148, 0.3333333333333333148, 0.3333333333333333148, 0.3333333333333333148, 0.3333333333333333148, 0.3333333333333333148, 0.3333333333333333148, 0.3333333333333333148, 0.3333333333333333148, 0.3333333333333333148, 0.3333333333333333148, 0.3333333333333333148, 0.3333333333333333148),
 ( 1.000000000000000000, 1.000000000000000000, 1.000000000000000000, 1.000000000000000000, 1.000000000000000000, 1.000000000000000000, 1.000000000000000000, 1.000000000000000000, 1.000000000000000000, 1.000000000000000000, 1.000000000000000000, 1.000000000000000000, 1.000000000000000000, 1.000000000000000000, 1.000000000000000000, 1.000000000000000000, 1.000000000000000000, 1.000000000000000000, 1.000000000000000000, 1.000000000000000000, 1.000000000000000000, 1.000000000000000000, 1.000000000000000000, 1.000000000000000000, 1.000000000000000000, 1.000000000000000000, 1.000000000000000000, 1.000000000000000000, 1.000000000000000000, 1.000000000000000000, 1.000000000000000000, 1.000000000000000000, 1.000000000000000000, 1.000000000000000000) ) ) 
 REPRESENTATION_ITEM ( '' )  SURFACE ( )  );
#35 = CARTESIAN_POINT ( 'NONE',  ( 0.03832471526136876916, 0.09252404735808351932, 0.3718750000000000666 ) ) ;
#36 = CARTESIAN_POINT ( 'NONE',  ( -0.08838834764831839108, 0.08838834764831846047, 0.3624999999999999334 ) ) ;
#37 = ADVANCED_FACE ( 'NONE', ( #3679 ), #2262, .T. ) ;
#38 = CARTESIAN_POINT ( 'NONE',  ( -0.09442855861383742111, 0.1638349479016295296, 0.7312499999999998446 ) ) ;
#39 = CARTESIAN_POINT ( 'NONE',  ( 0.05431570440143778516, -0.07490329495353668932, 0.005024047358083617680 ) ) ;
#40 = EDGE_CURVE ( 'NONE', #1279, #45, #806, .T. ) ;
#41 = CARTESIAN_POINT ( 'NONE',  ( -1.133092784412350307E-17, -0.09252404735808344993, 0.2500000000000000555 ) ) ;
#42 = ORIENTED_EDGE ( 'NONE', *, *, #3187, .T. ) ;
#43 = CARTESIAN_POINT ( 'NONE',  ( -0.1687499999999999001, 2.744475302765376899E-17, 0.7499999999999998890 ) ) ;
#44 = CARTESIAN_POINT ( 'NONE',  ( 0.1499375328083565606, 0.1152275101365986543, 0.5000000000000000000 ) ) ;
#45 = VERTEX_POINT ( 'NONE', #1639 ) ;
#46 = CARTESIAN_POINT ( 'NONE',  ( 0.1249999999999999167, 0.05177669529663693482, 0.3406250000000000111 ) ) ;
#47 = CARTESIAN_POINT ( 'NONE',  ( -0.1249999999999999445, 4.649536427208650068E-17, 0.3187500000000000333 ) ) ;
#48 = CARTESIAN_POINT ( 'NONE',  ( -0.08838834764831837720, 0.08838834764831843271, 0.3062499999999999667 ) ) ;
#49 = EDGE_LOOP ( 'NONE', ( #126, #1155, #3213 ) ) ;
#50 = CARTESIAN_POINT ( 'NONE',  ( 0.000000000000000000, -1.104688079777929626E-16, 0.7499999999999998890 ) ) ;
#51 = CARTESIAN_POINT ( 'NONE',  ( -0.09252404735808346381, -0.03832471526136873446, 0.09062500000000001110 ) ) ;
#52 = CARTESIAN_POINT ( 'NONE',  ( -0.05177669529663687931, 0.1250000000000000000, 0.3093749999999999556 ) ) ;
#53 = CARTESIAN_POINT ( 'NONE',  ( -0.03832471526136872059, 0.09252404735808344993, 0.08437499999999997780 ) ) ;
#54 = EDGE_LOOP ( 'NONE', ( #901, #3336, #2845, #3621, #3278, #2102, #971, #2388, #1188, #3773, #1716, #1749, #2033, #3323, #624, #833, #2791, #2573, #2424, #1509, #1571, #2762, #2986, #1152, #668, #570 ) ) ;
#55 = CARTESIAN_POINT ( 'NONE',  ( 0.09252404735808346381, 3.476687347073791895E-17, 0.3625000000000000444 ) ) ;
#56 = CARTESIAN_POINT ( 'NONE',  ( -0.08838834764831840496, -0.08838834764831837720, 0.2250000000000000611 ) ) ;
#57 = CARTESIAN_POINT ( 'NONE',  ( 0.02454369238351464255, 0.1874999999999999167, 0.7312499999999998446 ) ) ;
#58 = CARTESIAN_POINT ( 'NONE',  ( -0.1874999999999999167, 2.303761888290553917E-17, 0.7312499999999998446 ) ) ;
#59 = AXIS2_PLACEMENT_3D ( 'NONE', #50, #1218, #2392 ) ;
#60 = CARTESIAN_POINT ( 'NONE',  ( -0.1139320424213534494, -0.05142460218318561926, 0.4721304482402234881 ) ) ;
#61 = EDGE_CURVE ( 'NONE', #3304, #985, #3177, .T. ) ;
#62 =( BOUNDED_CURVE ( )  B_SPLINE_CURVE ( 2, ( #1993, #1422, #2277, #1380, #2245, #2261, #2582, #2796, #3779 ),
 .UNSPECIFIED., .F., .T. ) 
 B_SPLINE_CURVE_WITH_KNOTS ( ( 3, 2, 2, 2, 3 ),
 ( 0.7500000000000000000, 0.7613636363636363535, 0.7727272727272727071, 0.7840909090909091717, 0.7954545454545455252 ),
 .UNSPECIFIED. ) 
 CURVE ( )  GEOMETRIC_REPRESENTATION_ITEM ( )  RATIONAL_B_SPLINE_CURVE ( ( 1.000000000000000000, 0.9238795325112867385, 1.000000000000000000, 0.9238795325112867385, 1.000000000000000000, 0.9238795325112867385, 1.000000000000000000, 0.9238795325112859613, 1.000000000000000666 ) ) 
 REPRESENTATION_ITEM ( '' )  );
#63 = ORIENTED_EDGE ( 'NONE', *, *, #1783, .F. ) ;
#64 = CARTESIAN_POINT ( 'NONE',  ( -0.03832471526136870671, 0.09252404735808350544, 0.2781250000000000666 ) ) ;
#65 = CARTESIAN_POINT ( 'NONE',  ( -0.09252404735808350544, 0.03832471526136870671, 0.1406250000000000000 ) ) ;
#66 = CARTESIAN_POINT ( 'NONE',  ( -0.1152275101527368839, 0.1499375327922183587, 0.7312499999999998446 ) ) ;
#67 = CARTESIAN_POINT ( 'NONE',  ( -0.08838834764831837720, 0.08838834764831837720, 0.1062499999999999972 ) ) ;
#68 = CARTESIAN_POINT ( 'NONE',  ( -1.133092784412350615E-17, -0.09252404735808347769, 0.2062500000000000444 ) ) ;
#69 = CARTESIAN_POINT ( 'NONE',  ( 0.1687471874025349150, -0.02206091049058611642, 0.7500000000000001110 ) ) ;
#70 = CARTESIAN_POINT ( 'NONE',  ( -0.1781249999999999223, -0.02331650778602191096, 0.5000000000000000000 ) ) ;
#71 = VERTEX_POINT ( 'NONE', #3495 ) ;
#72 = CARTESIAN_POINT ( 'NONE',  ( 0.05177669529663683767, -0.1249999999999999445, 0.3343750000000000333 ) ) ;
#73 = DIRECTION ( 'NONE',  ( 0.8660254037844384856, 0.5000000000000001110, 0.000000000000000000 ) ) ;
#74 = EDGE_CURVE ( 'NONE', #1433, #20, #1794, .T. ) ;
#75 = CARTESIAN_POINT ( 'NONE',  ( 0.09375000000000001388, 0.05412658773652767596, 0.7499999999999998890 ) ) ;
#76 = CARTESIAN_POINT ( 'NONE',  ( -0.06542438130972608179, 0.06542438130972606791, 0.08124999999999998890 ) ) ;
#77 = CARTESIAN_POINT ( 'NONE',  ( 0.03832471526136877610, 0.09252404735808351932, 0.3781250000000001554 ) ) ;
#78 = CARTESIAN_POINT ( 'NONE',  ( 0.000000000000000000, 0.09252404735808343605, 0.03124999999999997571 ) ) ;
#79 = ORIENTED_EDGE ( 'NONE', *, *, #2186, .F. ) ;
#80 = CARTESIAN_POINT ( 'NONE',  ( -0.03832471526136872059, -0.09252404735808342218, 0.3968750000000001443 ) ) ;
#81 = DIRECTION ( 'NONE',  ( -1.000000000000000000, 0.000000000000000000, 0.000000000000000000 ) ) ;
#82 = CARTESIAN_POINT ( 'NONE',  ( 0.09252404735808346381, 6.430274423532678142E-17, 0.4625000000000000777 ) ) ;
#83 = CARTESIAN_POINT ( 'NONE',  ( 0.1249999999999999167, 0.05177669529663690012, 0.2406250000000000056 ) ) ;
#84 = CARTESIAN_POINT ( 'NONE',  ( -0.1249999999999999445, 0.05177669529663690706, 0.3093750000000000111 ) ) ;
#85 = CARTESIAN_POINT ( 'NONE',  ( -0.08970713070317343218, 0.1556432004982573891, 0.5000000000000000000 ) ) ;
#86 = ORIENTED_EDGE ( 'NONE', *, *, #544, .T. ) ;
#87 = CARTESIAN_POINT ( 'NONE',  ( -0.03084450010908037360, 0.09044509503205806766, 0.6244508330878951741 ) ) ;
#88 = ADVANCED_FACE ( 'NONE', ( #1594 ), #278, .F. ) ;
#89 = CARTESIAN_POINT ( 'NONE',  ( -0.03832471526136870671, 0.09252404735808346381, 0.1781249999999999500 ) ) ;
#90 = CARTESIAN_POINT ( 'NONE',  ( 0.03832471526136869977, -0.09252404735808353320, 0.05937500000000002498 ) ) ;
#91 = CARTESIAN_POINT ( 'NONE',  ( -0.06542438130972608179, -0.06542438130972601240, 0.3937499999999999889 ) ) ;
#92 = CARTESIAN_POINT ( 'NONE',  ( 0.05177669529663694176, 0.1249999999999999167, 0.2468749999999999833 ) ) ;
#93 = CARTESIAN_POINT ( 'NONE',  ( -0.08838834764831840496, -0.08838834764831846047, -0.02499999999999997710 ) ) ;
#94 = CARTESIAN_POINT ( 'NONE',  ( 0.09252404735808347769, -3.722681151794740174E-17, 0.1187500000000000083 ) ) ;
#95 = CARTESIAN_POINT ( 'NONE',  ( 0.000000000000000000, 0.1249999999999999861, 0.3499999999999999778 ) ) ;
#96 = CARTESIAN_POINT ( 'NONE',  ( 0.1152275101366037335, -0.1499375328083514536, 0.5093750000000000222 ) ) ;
#97 = ORIENTED_EDGE ( 'NONE', *, *, #2068, .F. ) ;
#98 = B_SPLINE_CURVE_WITH_KNOTS ( 'NONE', 3,
 ( #379, #1576, #1174, #2350, #3543, #3243, #1804, #2368, #3560, #907 ),
 .UNSPECIFIED., .F., .F.,
 ( 4, 2, 2, 2, 4 ),
 ( 0.002357542806382271084, 0.003052673275234247825, 0.003747803744086224131, 0.004442934212938200872, 0.005138064681790177612 ),
 .UNSPECIFIED. ) ;
#99 = CARTESIAN_POINT ( 'NONE',  ( -0.05475602988872753374, 0.07663976687704304736, 0.6244332643691720142 ) ) ;
#100 = CARTESIAN_POINT ( 'NONE',  ( -0.1249999999999999584, 0.05177669529663687931, 0.2156250000000000111 ) ) ;
#101 = CARTESIAN_POINT ( 'NONE',  ( -0.09252404735808346381, 6.481269685013212837E-17, 0.3875000000000000111 ) ) ;
#102 = CARTESIAN_POINT ( 'NONE',  ( 0.06542438130972610955, 0.06542438130972615118, 0.4249999999999999889 ) ) ;
#103 = CARTESIAN_POINT ( 'NONE',  ( 0.03832471526136869977, -0.09252404735808351932, 0.1593750000000000444 ) ) ;
#104 = CARTESIAN_POINT ( 'NONE',  ( -0.08498570275247439854, -0.1474514531114634597, 0.7499999999999998890 ) ) ;
#105 = ORIENTED_EDGE ( 'NONE', *, *, #2877, .F. ) ;
#106 = CARTESIAN_POINT ( 'NONE',  ( 0.1249999999999999445, -6.534445030921665508E-17, 0.04375000000000000416 ) ) ;
#107 = CIRCLE ( 'NONE', #2499, 0.1299999999999999489 ) ;
#108 = CARTESIAN_POINT ( 'NONE',  ( -0.1249999999999999306, 1.511350158471085510E-17, 0.2125000000000000222 ) ) ;
#109 = CARTESIAN_POINT ( 'NONE',  ( 0.05177669529663683767, -0.1250000000000000000, 0.2343750000000000278 ) ) ;
#110 = STYLED_ITEM ( 'NONE', ( #3090 ), #1423 ) ;
#111 = EDGE_CURVE ( 'NONE', #1279, #3662, #1128, .T. ) ;
#112 = CARTESIAN_POINT ( 'NONE',  ( -0.09252404735808347769, -0.03832471526136873446, 0.09062499999999999722 ) ) ;
#113 = CARTESIAN_POINT ( 'NONE',  ( -1.530808498934190893E-17, -0.1250000000000000278, -0.01874999999999996808 ) ) ;
#114 = VECTOR ( 'NONE', #2410, 39.37007874015748143 ) ;
#115 = CARTESIAN_POINT ( 'NONE',  ( 0.08838834764831840496, 0.08838834764831839108, 0.2437499999999999944 ) ) ;
#116 = CARTESIAN_POINT ( 'NONE',  ( -0.1249999999999999306, 4.464937234929970217E-17, 0.3125000000000000000 ) ) ;
#117 = DIRECTION ( 'NONE',  ( 0.000000000000000000, 0.000000000000000000, 1.000000000000000000 ) ) ;
#118 = CARTESIAN_POINT ( 'NONE',  ( -0.1249999999999999445, 6.126329965438092575E-17, 0.3687500000000000777 ) ) ;
#119 = CARTESIAN_POINT ( 'NONE',  ( -0.1874999999999998335, 0.02454369260617025872, 0.7312499999999997335 ) ) ;
#120 = CARTESIAN_POINT ( 'NONE',  ( 0.09138643749169501895, -0.03517081364632568263, 0.4565285844721204134 ) ) ;
#121 = CARTESIAN_POINT ( 'NONE',  ( 0.000000000000000000, 0.1249999999999999445, 0.2062499999999999889 ) ) ;
#122 = CARTESIAN_POINT ( 'NONE',  ( 0.09252404735808344993, 0.03832471526136876916, 0.3156249999999999889 ) ) ;
#123 = LINE ( 'NONE', #635, #1282 ) ;
#124 = CARTESIAN_POINT ( 'NONE',  ( -0.09252404735808350544, -0.03832471526136869977, 0.2468750000000000666 ) ) ;
#125 = CARTESIAN_POINT ( 'NONE',  ( 0.08838834764831837720, -0.08838834764831840496, 0.1812500000000000500 ) ) ;
#126 = ORIENTED_EDGE ( 'NONE', *, *, #3164, .F. ) ;
#127 = CARTESIAN_POINT ( 'NONE',  ( -0.1781249999999999223, 7.549139889267777477E-20, 0.5000000000000000000 ) ) ;
#128 = CARTESIAN_POINT ( 'NONE',  ( -0.09252404735808347769, 9.619455953750779552E-17, 0.4937500000000000222 ) ) ;
#129 = CARTESIAN_POINT ( 'NONE',  ( 0.01564129401613239406, -0.09139212113744103749, 0.005024047358083648038 ) ) ;
#130 = CARTESIAN_POINT ( 'NONE',  ( -0.08838834764831839108, 0.08838834764831840496, 0.1624999999999999778 ) ) ;
#131 = CARTESIAN_POINT ( 'NONE',  ( 0.09442855861383694926, 0.1638349479016421584, 0.7500000000000000000 ) ) ;
#132 = CARTESIAN_POINT ( 'NONE',  ( -0.09252404735808347769, -0.03832471526136875528, 0.04062500000000000833 ) ) ;
#133 = CARTESIAN_POINT ( 'NONE',  ( 0.09252404735808344993, -0.03832471526136867895, 0.4593750000000000888 ) ) ;
#134 = CARTESIAN_POINT ( 'NONE',  ( -0.09252404735808350544, 0.03832471526136874140, 0.2406250000000000056 ) ) ;
#135 = EDGE_CURVE ( 'NONE', #1896, #2770, #2920, .T. ) ;
#136 = CARTESIAN_POINT ( 'NONE',  ( 0.05177669529663683073, -0.1249999999999999722, 0.2281250000000000777 ) ) ;
#137 = EDGE_LOOP ( 'NONE', ( #693, #224, #3332, #3281 ) ) ;
#138 = CARTESIAN_POINT ( 'NONE',  ( 0.1638349478928959879, 0.09442855863492202739, 0.5093750000000000222 ) ) ;
#139 = CARTESIAN_POINT ( 'NONE',  ( -0.1299999999999999489, -5.530426628471140438E-17, 0.4812500000000000111 ) ) ;
#140 = CARTESIAN_POINT ( 'NONE',  ( -0.02208932314516315332, 0.1687499999999999001, 0.7499999999999998890 ) ) ;
#141 = CARTESIAN_POINT ( 'NONE',  ( 0.09252404735808344993, 0.03832471526136878304, 0.3656250000000000333 ) ) ;
#142 = CARTESIAN_POINT ( 'NONE',  ( -0.03832471526136872059, 0.09252404735808353320, 0.4343750000000000111 ) ) ;
#143 = CARTESIAN_POINT ( 'NONE',  ( 0.09252404735808347769, -0.03832471526136876222, 0.2156250000000000111 ) ) ;
#144 = CARTESIAN_POINT ( 'NONE',  ( 0.1249999999999999445, 0.05177669529663698339, 0.4468750000000000222 ) ) ;
#145 = CARTESIAN_POINT ( 'NONE',  ( -0.1249999999999999445, -2.734431263938561544E-17, 0.06875000000000000555 ) ) ;
#146 = EDGE_LOOP ( 'NONE', ( #1493, #259 ) ) ;
#147 = CARTESIAN_POINT ( 'NONE',  ( -0.1094661346297765570, 0.1424406561679308902, 0.5000000000000000000 ) ) ;
#148 = CARTESIAN_POINT ( 'NONE',  ( 0.06636928528436823738, -0.06601338117810870432, 0.005809478636911634408 ) ) ;
#149 =( BOUNDED_CURVE ( )  B_SPLINE_CURVE ( 2, ( #919, #356, #660, #3274, #1871, #109, #1585, #3018, #2686 ),
 .UNSPECIFIED., .F., .T. ) 
 B_SPLINE_CURVE_WITH_KNOTS ( ( 3, 2, 2, 2, 3 ),
 ( 0.4772727272727272929, 0.4886363636363636465, 0.5000000000000000000, 0.5113636363636363535, 0.5227272727272727071 ),
 .UNSPECIFIED. ) 
 CURVE ( )  GEOMETRIC_REPRESENTATION_ITEM ( )  RATIONAL_B_SPLINE_CURVE ( ( 1.000000000000000000, 0.9238795325112867385, 1.000000000000000000, 0.9238795325112867385, 1.000000000000000000, 0.9238795325112867385, 1.000000000000000000, 0.9238795325112867385, 1.000000000000000000 ) ) 
 REPRESENTATION_ITEM ( '' )  );
#150 = EDGE_CURVE ( 'NONE', #416, #2538, #1278, .T. ) ;
#151 = CARTESIAN_POINT ( 'NONE',  ( 0.09252404735808344993, 0.03832471526136867895, 0.01562499999999998612 ) ) ;
#152 = CARTESIAN_POINT ( 'NONE',  ( 0.05177669529663694870, 0.1249999999999998612, 0.003124999999999966346 ) ) ;
#153 = CARTESIAN_POINT ( 'NONE',  ( -0.05177669529663686543, 0.1249999999999999722, 0.2531249999999999889 ) ) ;
#154 = EDGE_LOOP ( 'NONE', ( #2891, #2880, #12, #1261, #1411, #3204, #3574 ) ) ;
#155 = CARTESIAN_POINT ( 'NONE',  ( -0.04907772850198651587, -0.1826198767988363447, 0.5093750000000000222 ) ) ;
#156 = CARTESIAN_POINT ( 'NONE',  ( 0.01478244353103312821, -0.1208722385762161233, 0.03413178842204141195 ) ) ;
#157 = LINE ( 'NONE', #747, #3248 ) ;
#158 = VERTEX_POINT ( 'NONE', #414 ) ;
#159 = CARTESIAN_POINT ( 'NONE',  ( 0.03832471526136869283, -0.09252404735808346381, 0.2531250000000000444 ) ) ;
#160 = CARTESIAN_POINT ( 'NONE',  ( -0.1874999999999999167, -0.02454369238351460786, 0.7312499999999998446 ) ) ;
#161 = CARTESIAN_POINT ( 'NONE',  ( 0.000000000000000000, 0.09252404735808351932, 0.3312499999999999889 ) ) ;
#162 = DIRECTION ( 'NONE',  ( 0.000000000000000000, 0.000000000000000000, -1.000000000000000000 ) ) ;
#163 = FACE_OUTER_BOUND ( 'NONE', #545, .T. ) ;
#164 = CARTESIAN_POINT ( 'NONE',  ( -0.03832471526136870671, 0.09252404735808340830, -0.02187500000000003678 ) ) ;
#165 = B_SPLINE_CURVE_WITH_KNOTS ( 'NONE', 3,
 ( #43, #1189, #1211, #2066, #2034, #2347, #2364, #2386, #3580, #3556, #2987, #927, #1529, #554, #2695, #3540, #69, #3240 ),
 .UNSPECIFIED., .F., .F.,
 ( 4, 2, 2, 2, 2, 2, 2, 2, 4 ),
 ( 0.000000000000000000, 0.06250000000000002776, 0.1250000000000000278, 0.1875000000000000555, 0.2500000000000000555, 0.3125000000000000555, 0.3750000000000000555, 0.4375000000000000000, 0.5000000000000000000 ),
 .UNSPECIFIED. ) ;
#166 = CARTESIAN_POINT ( 'NONE',  ( -0.06542438130972608179, 0.06542438130972606791, 0.08124999999999998890 ) ) ;
#167 = CARTESIAN_POINT ( 'NONE',  ( -0.08838834764831840496, -0.08838834764831844659, 0.02500000000000003261 ) ) ;
#168 = EDGE_CURVE ( 'NONE', #45, #630, #728, .T. ) ;
#169 = CARTESIAN_POINT ( 'NONE',  ( 0.06542438130972609567, -0.06542438130972610955, 0.2125000000000000500 ) ) ;
#170 = CARTESIAN_POINT ( 'NONE',  ( -0.1249999999999999584, -0.05177669529663677522, 0.4156250000000001332 ) ) ;
#171 = VECTOR ( 'NONE', #1767, 39.37007874015748143 ) ;
#172 = CARTESIAN_POINT ( 'NONE',  ( -1.530808498934190893E-17, -0.1249999999999999445, 0.1812500000000000500 ) ) ;
#173 = AXIS2_PLACEMENT_3D ( 'NONE', #3205, #1239, #1778 ) ;
#174 = DIRECTION ( 'NONE',  ( -0.000000000000000000, -0.000000000000000000, -1.000000000000000000 ) ) ;
#175 = ORIENTED_EDGE ( 'NONE', *, *, #1900, .T. ) ;
#176 = CARTESIAN_POINT ( 'NONE',  ( -0.1556566722342901665, 0.08968195723106599238, 0.4999999999999998335 ) ) ;
#177 = CARTESIAN_POINT ( 'NONE',  ( -0.1249999999999999306, 7.549139889267777477E-20, 0.000000000000000000 ) ) ;
#178 = CARTESIAN_POINT ( 'NONE',  ( -0.03832471526136872059, -0.09252404735808346381, 0.1968750000000000222 ) ) ;
#179 = CARTESIAN_POINT ( 'NONE',  ( 0.1638349479016156518, -0.09442855861385555938, 0.7500000000000000000 ) ) ;
#180 = ADVANCED_FACE ( 'NONE', ( #3673 ), #3081, .T. ) ;
#181 = CARTESIAN_POINT ( 'NONE',  ( -0.03832471526136872753, -0.09252404735808344993, 0.3531250000000000777 ) ) ;
#182 = CARTESIAN_POINT ( 'NONE',  ( 0.08838834764831839108, -0.08838834764831846047, 0.08750000000000003608 ) ) ;
#183 = CARTESIAN_POINT ( 'NONE',  ( -0.02454369240633560642, -0.1874999999999999167, 0.5000000000000000000 ) ) ;
#184 = CARTESIAN_POINT ( 'NONE',  ( -0.1349256775392326801, 0.1037268387247224782, 0.7499999999999998890 ) ) ;
#185 = CARTESIAN_POINT ( 'NONE',  ( 0.06264903314035034920, -0.08738576415234204642, 0.01974002241408197994 ) ) ;
#186 = CARTESIAN_POINT ( 'NONE',  ( -5.292955487724510356E-16, -0.1082531754730549217, 0.6328124999999998890 ) ) ;
#187 = B_SPLINE_CURVE_WITH_KNOTS ( 'NONE', 3,
 ( #2179, #1308, #1368, #2469, #3368, #716, #425, #148, #3091, #1326 ),
 .UNSPECIFIED., .F., .F.,
 ( 4, 2, 2, 2, 4 ),
 ( 0.01547374774114337534, 0.01603989863753881376, 0.01660604953393425218, 0.01717220043032968713, 0.01773835132672512555 ),
 .UNSPECIFIED. ) ;
#188 = CARTESIAN_POINT ( 'NONE',  ( -0.09252404735808347769, -7.180988138553183074E-18, 0.1437500000000000167 ) ) ;
#189 = CARTESIAN_POINT ( 'NONE',  ( -0.06542438130972608179, -0.06542438130972612342, 0.04375000000000001804 ) ) ;
#190 = CARTESIAN_POINT ( 'NONE',  ( 0.08838834764831839108, -0.08838834764831846047, 0.08750000000000003608 ) ) ;
#191 = CARTESIAN_POINT ( 'NONE',  ( -0.03832471526136872059, 0.09252404735808351932, 0.2843749999999999889 ) ) ;
#192 = CARTESIAN_POINT ( 'NONE',  ( -0.03832471526136872059, -0.09252404735808351932, -0.003124999999999979357 ) ) ;
#193 = CARTESIAN_POINT ( 'NONE',  ( 0.1249999999999999306, 1.538357638823458624E-17, 0.000000000000000000 ) ) ;
#194 = ORIENTED_EDGE ( 'NONE', *, *, #2506, .T. ) ;
#195 = CARTESIAN_POINT ( 'NONE',  ( -1.133092784412350615E-17, -0.09252404735808339442, 0.5062500000000000888 ) ) ;
#196 = CARTESIAN_POINT ( 'NONE',  ( -0.1249999999999999445, 0.05177669529663694870, 0.4593750000000000888 ) ) ;
#197 = CARTESIAN_POINT ( 'NONE',  ( 0.05177669529663694870, 0.1249999999999999861, 0.5031249999999999334 ) ) ;
#198 = CARTESIAN_POINT ( 'NONE',  ( 0.02454369260617023790, 0.1874999999999999167, 0.5093750000000000222 ) ) ;
#199 = CARTESIAN_POINT ( 'NONE',  ( -0.09442855861383470106, 0.1638349479016229793, 0.7500000000000000000 ) ) ;
#200 = CARTESIAN_POINT ( 'NONE',  ( -1.133092784412350615E-17, -0.09252404735808346381, 0.2562500000000000888 ) ) ;
#201 = CARTESIAN_POINT ( 'NONE',  ( 0.000000000000000000, 7.549139889267777477E-20, 0.000000000000000000 ) ) ;
#202 = CARTESIAN_POINT ( 'NONE',  ( 0.02454369240633500968, -0.1874999999999999167, 0.5000000000000000000 ) ) ;
#203 = CARTESIAN_POINT ( 'NONE',  ( 0.08495837654830178109, 0.1474597276622914843, 0.7499999999999998890 ) ) ;
#204 = CARTESIAN_POINT ( 'NONE',  ( 0.08838834764831843271, 0.08838834764831836333, 0.1499999999999999944 ) ) ;
#205 = CARTESIAN_POINT ( 'NONE',  ( -0.06542438130972608179, 0.06542438130972610955, 0.2312500000000000389 ) ) ;
#206 = CARTESIAN_POINT ( 'NONE',  ( -0.05177669529663687931, -0.1249999999999999722, 0.1781250000000000333 ) ) ;
#207 = CARTESIAN_POINT ( 'NONE',  ( 0.000000000000000000, 0.1250000000000000555, 0.5500000000000000444 ) ) ;
#208 = CARTESIAN_POINT ( 'NONE',  ( 0.03832471526136876916, 0.09252404735808342218, 0.07187499999999996669 ) ) ;
#209 = LINE ( 'NONE', #1393, #2150 ) ;
#210 = CARTESIAN_POINT ( 'NONE',  ( 0.04664901554900261621, 0.1734754112228467926, 0.5000000000000000000 ) ) ;
#211 = CARTESIAN_POINT ( 'NONE',  ( 0.05177669529663694870, 0.1249999999999999861, 0.4531250000000000555 ) ) ;
#212 = CARTESIAN_POINT ( 'NONE',  ( -0.02579133851119708859, -0.08906593727121718540, 0.4534921628294171780 ) ) ;
#213 = CARTESIAN_POINT ( 'NONE',  ( -0.1687499999999999001, 0.02208932314516318454, 0.7499999999999998890 ) ) ;
#214 = CARTESIAN_POINT ( 'NONE',  ( -0.03832471526136872753, -0.09252404735808340830, 0.5031250000000000444 ) ) ;
#215 = CARTESIAN_POINT ( 'NONE',  ( -0.1687499999999999001, 2.744475302765376899E-17, 0.7499999999999998890 ) ) ;
#216 = CARTESIAN_POINT ( 'NONE',  ( 0.1037047591374595373, -0.1349437795130001283, 0.7499999999999998890 ) ) ;
#217 = CARTESIAN_POINT ( 'NONE',  ( -0.1874999999999999167, 0.02454369240633882607, 0.5093750000000000222 ) ) ;
#218 = CARTESIAN_POINT ( 'NONE',  ( 0.1874999999999999167, 2.080899838923949690E-17, 0.5000000000000000000 ) ) ;
#219 = CARTESIAN_POINT ( 'NONE',  ( -0.01455762488768087316, -0.09137163070204264159, 0.005024047358083652375 ) ) ;
#220 = CARTESIAN_POINT ( 'NONE',  ( -0.1249999999999999584, 0.05177669529663681686, 0.009374999999999987510 ) ) ;
#221 = CARTESIAN_POINT ( 'NONE',  ( 0.03832471526136869283, -0.09252404735808344993, 0.3031250000000000333 ) ) ;
#222 = CARTESIAN_POINT ( 'NONE',  ( 0.000000000000000000, 0.1249999999999999167, 0.05624999999999997363 ) ) ;
#223 = CARTESIAN_POINT ( 'NONE',  ( 0.000000000000000000, 0.1250000000000000278, 0.5000000000000000000 ) ) ;
#224 = ORIENTED_EDGE ( 'NONE', *, *, #3613, .F. ) ;
#225 = CARTESIAN_POINT ( 'NONE',  ( 0.000000000000000000, 0.09252404735808343605, 0.07499999999999998335 ) ) ;
#226 = CARTESIAN_POINT ( 'NONE',  ( -0.09252404735808350544, -0.03832471526136875528, 0.04687500000000001388 ) ) ;
#227 = AXIS2_PLACEMENT_3D ( 'NONE', #1650, #3748, #2241 ) ;
#228 = CARTESIAN_POINT ( 'NONE',  ( 0.000000000000000000, 0.1250000000000000278, 0.4562499999999999889 ) ) ;
#229 = ORIENTED_EDGE ( 'NONE', *, *, #1924, .F. ) ;
#230 = CARTESIAN_POINT ( 'NONE',  ( -0.1152275099952965176, 0.1499375329496587250, 0.5093750000000000222 ) ) ;
#231 =( GEOMETRIC_REPRESENTATION_CONTEXT ( 3 ) GLOBAL_UNCERTAINTY_ASSIGNED_CONTEXT ( ( #1247 ) ) GLOBAL_UNIT_ASSIGNED_CONTEXT ( ( #1172, #884, #591 ) ) REPRESENTATION_CONTEXT ( 'NONE', 'WORKASPACE' ) );
#232 = CARTESIAN_POINT ( 'NONE',  ( -0.1152275101527366619, -0.1499375327922185530, 0.7500000000000000000 ) ) ;
#233 = CARTESIAN_POINT ( 'NONE',  ( 0.06542438130972609567, -0.06542438130972604016, 0.4125000000000000333 ) ) ;
#234 = CARTESIAN_POINT ( 'NONE',  ( -0.1152275101366084520, -0.1499375328083466519, 0.5093750000000000222 ) ) ;
#235 = CARTESIAN_POINT ( 'NONE',  ( 0.1687499999999999001, 0.000000000000000000, 0.7499999999999998890 ) ) ;
#236 = CARTESIAN_POINT ( 'NONE',  ( 0.1249999999999999306, -6.719044223200344743E-17, 0.03750000000000000555 ) ) ;
#237 = ORIENTED_EDGE ( 'NONE', *, *, #1387, .T. ) ;
#238 = CARTESIAN_POINT ( 'NONE',  ( -0.03832471526136872059, 0.09252404735808350544, 0.1843749999999999556 ) ) ;
#239 = CARTESIAN_POINT ( 'NONE',  ( 0.000000000000000000, 0.09252404735808346381, 0.2249999999999999778 ) ) ;
#240 = CARTESIAN_POINT ( 'NONE',  ( -0.08838834764831839108, 0.08838834764831837720, 0.06249999999999997918 ) ) ;
#241 = CARTESIAN_POINT ( 'NONE',  ( 0.08838834764831837720, -0.08838834764831830781, 0.5312500000000000000 ) ) ;
#242 = CARTESIAN_POINT ( 'NONE',  ( 0.09252404735808344993, 0.03832471526136869283, 0.06562499999999998890 ) ) ;
#243 = CARTESIAN_POINT ( 'NONE',  ( -0.01455762488768087316, -0.09137163070204264159, 0.005024047358083652375 ) ) ;
#244 = EDGE_CURVE ( 'NONE', #2770, #1634, #157, .T. ) ;
#245 = ORIENTED_EDGE ( 'NONE', *, *, #3650, .T. ) ;
#246 = CARTESIAN_POINT ( 'NONE',  ( -0.1687499999999999001, -0.02208932314516313944, 0.7499999999999998890 ) ) ;
#247 = CARTESIAN_POINT ( 'NONE',  ( 0.1424185764361262374, -0.1094842364751563712, 0.5000000000000000000 ) ) ;
#248 = ORIENTED_EDGE ( 'NONE', *, *, #3282, .F. ) ;
#249 = CARTESIAN_POINT ( 'NONE',  ( -0.02454369260617026219, 0.1874999999999999445, 0.5093750000000001332 ) ) ;
#250 = CARTESIAN_POINT ( 'NONE',  ( -0.1874999999999999167, 2.303761888290553917E-17, 0.7499999999999998890 ) ) ;
#251 = CARTESIAN_POINT ( 'NONE',  ( 0.02454369240633500968, -0.1874999999999999445, 0.5093750000000000222 ) ) ;
#252 = FACE_OUTER_BOUND ( 'NONE', #861, .T. ) ;
#253 = CARTESIAN_POINT ( 'NONE',  ( 0.1249999999999999167, 0.05177669529663683767, 0.04062499999999999445 ) ) ;
#254 = VERTEX_POINT ( 'NONE', #3179 ) ;
#255 = CARTESIAN_POINT ( 'NONE',  ( 0.09252404735808347769, -0.03832471526136879691, 0.06562500000000000278 ) ) ;
#256 = CARTESIAN_POINT ( 'NONE',  ( 0.06542438130972608179, -0.06542438130972608179, 0.2562500000000000333 ) ) ;
#257 = CARTESIAN_POINT ( 'NONE',  ( 0.09726361141559959622, 6.203157005158397739E-13, 0.009763611415599717999 ) ) ;
#258 = EDGE_CURVE ( 'NONE', #158, #649, #2055, .T. ) ;
#259 = ORIENTED_EDGE ( 'NONE', *, *, #74, .T. ) ;
#260 = CARTESIAN_POINT ( 'NONE',  ( -0.09252404735808347769, -0.03832471526136872059, 0.1406250000000000278 ) ) ;
#261 = B_SPLINE_CURVE_WITH_KNOTS ( 'NONE', 3,
 ( #361, #931, #87, #99, #1259, #1277, #1860, #1844 ),
 .UNSPECIFIED., .F., .F.,
 ( 4, 2, 2, 4 ),
 ( 2.380745673565511443E-07, 0.001388728690853446596, 0.002082973998996491983, 0.002777219307139536936 ),
 .UNSPECIFIED. ) ;
#262 = ORIENTED_EDGE ( 'NONE', *, *, #290, .T. ) ;
#263 = CARTESIAN_POINT ( 'NONE',  ( -0.05177669529663686543, 0.1250000000000000278, 0.4593750000000000888 ) ) ;
#264 = ORIENTED_EDGE ( 'NONE', *, *, #2877, .T. ) ;
#265 =( LENGTH_UNIT ( ) NAMED_UNIT ( * ) SI_UNIT ( $, .METRE. ) );
#266 = CARTESIAN_POINT ( 'NONE',  ( 0.1249999999999999167, -0.05177669529663694870, 0.08437500000000003331 ) ) ;
#267 = CARTESIAN_POINT ( 'NONE',  ( 0.09252404735808347769, 0.03832471526136881773, 0.4218749999999999445 ) ) ;
#268 = CARTESIAN_POINT ( 'NONE',  ( 0.1249999999999999167, -0.05177669529663687931, 0.4406250000000000999 ) ) ;
#269 =( BOUNDED_CURVE ( )  B_SPLINE_CURVE ( 2, ( #2139, #2415, #3306, #370, #3270, #1563, #3405, #993, #2227 ),
 .UNSPECIFIED., .F., .T. ) 
 B_SPLINE_CURVE_WITH_KNOTS ( ( 3, 2, 2, 2, 3 ),
 ( 0.5227272727272727071, 0.5340909090909089496, 0.5454545454545453032, 0.5568181818181816567, 0.5681818181818180102 ),
 .UNSPECIFIED. ) 
 CURVE ( )  GEOMETRIC_REPRESENTATION_ITEM ( )  RATIONAL_B_SPLINE_CURVE ( ( 1.000000000000000000, 0.9238795325112867385, 1.000000000000000000, 0.9238795325112867385, 1.000000000000000000, 0.9238795325112867385, 1.000000000000000000, 0.9238795325112881818, 0.9999999999999985567 ) ) 
 REPRESENTATION_ITEM ( '' )  );
#270 = CARTESIAN_POINT ( 'NONE',  ( -0.1249999999999999445, 7.603123503667533850E-17, 0.4187500000000000666 ) ) ;
#271 = CARTESIAN_POINT ( 'NONE',  ( 0.1874999999999999167, 1.151880944145276958E-17, 0.7312499999999998446 ) ) ;
#272 = CARTESIAN_POINT ( 'NONE',  ( 0.03832471526136869283, -0.09252404735808351932, 0.1531250000000000389 ) ) ;
#273 = CARTESIAN_POINT ( 'NONE',  ( -0.1249999999999999722, -0.05177669529663685849, 0.2218750000000000444 ) ) ;
#274 = CARTESIAN_POINT ( 'NONE',  ( -0.05281860722335502550, 0.09420545825160296649, 0.02028275613413573972 ) ) ;
#275 = CARTESIAN_POINT ( 'NONE',  ( -0.09252404735808346381, 6.481269685013212837E-17, 0.3875000000000000111 ) ) ;
#276 = CARTESIAN_POINT ( 'NONE',  ( 0.09375000000000001388, -0.05412658773652763433, 0.6328124999999998890 ) ) ;
#278 = CONICAL_SURFACE ( 'NONE', #3372, 0.1082531754730549634, 1.047197551196600074 ) ;
#277 = CARTESIAN_POINT ( 'NONE',  ( 0.1249999999999999306, 3.618510544405751576E-17, 0.3875000000000000111 ) ) ;
#279 = CARTESIAN_POINT ( 'NONE',  ( -0.1152275101527366619, -0.1499375327922185530, 0.7500000000000000000 ) ) ;
#280 = CARTESIAN_POINT ( 'NONE',  ( -0.1781249999999999223, 0.02331650778602188320, 0.5000000000000000000 ) ) ;
#281 = VERTEX_POINT ( 'NONE', #1788 ) ;
#282 = DIRECTION ( 'NONE',  ( -0.000000000000000000, -0.000000000000000000, -1.000000000000000000 ) ) ;
#283 = CIRCLE ( 'NONE', #2438, 0.1082531754730549772 ) ;
#284 = CARTESIAN_POINT ( 'NONE',  ( -0.06542438130972609567, 0.06542438130972616506, 0.3874999999999999556 ) ) ;
#285 = CYLINDRICAL_SURFACE ( 'NONE', #355, 0.1249999999999999306 ) ;
#286 = CARTESIAN_POINT ( 'NONE',  ( 0.1249999999999999306, 2.141717006176309377E-17, 0.3375000000000000222 ) ) ;
#287 = VECTOR ( 'NONE', #3485, 39.37007874015748143 ) ;
#288 = CARTESIAN_POINT ( 'NONE',  ( -0.1250000000000007216, -0.05177669529663604664, 0.2718749999999999223 ) ) ;
#289 = CARTESIAN_POINT ( 'NONE',  ( -0.1249999999999999306, -1.442236917987798888E-17, 0.1125000000000000167 ) ) ;
#290 = EDGE_CURVE ( 'NONE', #325, #2665, #1612, .T. ) ;
#291 = CARTESIAN_POINT ( 'NONE',  ( -1.530808498934190893E-17, -0.1249999999999999861, 0.02500000000000003955 ) ) ;
#292 = CARTESIAN_POINT ( 'NONE',  ( 0.09252404735808346381, -0.03832471526136872059, 0.3656250000000000888 ) ) ;
#293 = PRODUCT_DEFINITION_FORMATION_WITH_SPECIFIED_SOURCE ( 'Symmetric', '', #1253, .NOT_KNOWN. ) ;
#294 = ORIENTED_EDGE ( 'NONE', *, *, #3613, .T. ) ;
#295 =( BOUNDED_CURVE ( )  B_SPLINE_CURVE ( 2, ( #2622, #2338, #1498, #3211, #3821, #52, #1161, #1514, #1849 ),
 .UNSPECIFIED., .F., .F. ) 
 B_SPLINE_CURVE_WITH_KNOTS ( ( 3, 2, 2, 2, 3 ),
 ( 0.6136363636363635354, 0.6249999999999998890, 0.6363636363636362425, 0.6477272727272727071, 0.6590909090909090606 ),
 .UNSPECIFIED. ) 
 CURVE ( )  GEOMETRIC_REPRESENTATION_ITEM ( )  RATIONAL_B_SPLINE_CURVE ( ( 1.000000000000000666, 0.9238795325112859613, 1.000000000000000000, 0.9238795325112867385, 1.000000000000000000, 0.9238795325112867385, 1.000000000000000000, 0.9238795325112867385, 1.000000000000000000 ) ) 
 REPRESENTATION_ITEM ( '' )  );
#296 = CARTESIAN_POINT ( 'NONE',  ( 0.05177669529663683767, -0.1249999999999999584, 0.3843750000000000222 ) ) ;
#297 = CARTESIAN_POINT ( 'NONE',  ( 0.03832471526136876916, 0.09252404735808351932, 0.5218749999999999778 ) ) ;
#298 = CARTESIAN_POINT ( 'NONE',  ( 0.05177669529663683767, -0.1249999999999999584, 0.3343750000000000333 ) ) ;
#299 = CARTESIAN_POINT ( 'NONE',  ( 0.09252404735808346381, 0.03832471526136880385, 0.4218750000000000000 ) ) ;
#300 = CARTESIAN_POINT ( 'NONE',  ( -0.04012347917006033049, 0.09956050653973683162, 0.01962066527808842623 ) ) ;
#301 = CARTESIAN_POINT ( 'NONE',  ( -1.133092784412350307E-17, -0.09252404735808346381, 0.2000000000000000389 ) ) ;
#302 = ORIENTED_EDGE ( 'NONE', *, *, #3655, .F. ) ;
#303 = CARTESIAN_POINT ( 'NONE',  ( -0.04189130947393648191, -0.1116465067311575715, 0.4688286393599829238 ) ) ;
#304 = CARTESIAN_POINT ( 'NONE',  ( -0.08970713070317462567, -0.1556432004982485073, 0.5000000000000000000 ) ) ;
#305 = ORIENTED_EDGE ( 'NONE', *, *, #2884, .F. ) ;
#306 = CARTESIAN_POINT ( 'NONE',  ( -1.530808498934190893E-17, -0.1249999999999999584, 0.07500000000000003886 ) ) ;
#307 = CARTESIAN_POINT ( 'NONE',  ( 0.09375000000000001388, 0.05412658773652767596, 0.6328124999999998890 ) ) ;
#308 = CARTESIAN_POINT ( 'NONE',  ( 0.09252404735808347769, 6.614873615811357377E-17, 0.4687500000000000000 ) ) ;
#309 = FACE_OUTER_BOUND ( 'NONE', #1008, .T. ) ;
#310 = CARTESIAN_POINT ( 'NONE',  ( -0.09252404735808346381, 5.740955320954434243E-18, 0.1875000000000000278 ) ) ;
#311 = CARTESIAN_POINT ( 'NONE',  ( 0.05177669529663683073, -0.1250000000000000000, 0.1281250000000000444 ) ) ;
#312 = CARTESIAN_POINT ( 'NONE',  ( 0.09252404735808347769, -3.722681151794740174E-17, 0.1187500000000000083 ) ) ;
#313 = CARTESIAN_POINT ( 'NONE',  ( -0.06542438130972608179, 0.06542438130972616506, 0.4312500000000000222 ) ) ;
#314 = CARTESIAN_POINT ( 'NONE',  ( -0.08838834764831839108, 0.08838834764831844659, 0.3125000000000000000 ) ) ;
#315 = CARTESIAN_POINT ( 'NONE',  ( 0.1874999999999999167, -0.02454369238351226598, 0.7312499999999998446 ) ) ;
#316 = CARTESIAN_POINT ( 'NONE',  ( 0.02773761118628543382, 0.1003055083499736766, 0.01634433860724236048 ) ) ;
#317 = CARTESIAN_POINT ( 'NONE',  ( -0.06542438130972608179, -0.06542438130972602628, 0.3437500000000000555 ) ) ;
#318 = CARTESIAN_POINT ( 'NONE',  ( -0.06542438130972609567, 0.06542438130972608179, 0.1374999999999999833 ) ) ;
#319 = CARTESIAN_POINT ( 'NONE',  ( 0.09442855861383052385, 0.1638349479016324439, 0.7312499999999998446 ) ) ;
#320 = CARTESIAN_POINT ( 'NONE',  ( 0.03899397011127297280, -0.08573999633253893971, 0.7416207643691720142 ) ) ;
#321 = CARTESIAN_POINT ( 'NONE',  ( 0.1556432004982483130, 0.08970713070317515303, 0.5000000000000000000 ) ) ;
#322 = ORIENTED_EDGE ( 'NONE', *, *, #244, .F. ) ;
#323 = DIRECTION ( 'NONE',  ( -0.000000000000000000, -0.000000000000000000, -1.000000000000000000 ) ) ;
#324 = CARTESIAN_POINT ( 'NONE',  ( -0.1206082395577807859, 0.01453471664163456106, 0.4699868713553859156 ) ) ;
#325 = VERTEX_POINT ( 'NONE', #1443 ) ;
#326 = CARTESIAN_POINT ( 'NONE',  ( 0.06542438130972608179, -0.06542438130972610955, 0.1562500000000000000 ) ) ;
#327 = EDGE_CURVE ( 'NONE', #2495, #1634, #107, .T. ) ;
#328 = CARTESIAN_POINT ( 'NONE',  ( -0.05177669529663687931, -0.1249999999999999584, 0.1218750000000000527 ) ) ;
#329 = CARTESIAN_POINT ( 'NONE',  ( -0.09252404735808350544, -0.03832471526136865120, 0.3968750000000001443 ) ) ;
#330 = CARTESIAN_POINT ( 'NONE',  ( -0.03832471526136872059, 0.09252404735808350544, 0.1843749999999999556 ) ) ;
#331 = ORIENTED_EDGE ( 'NONE', *, *, #1848, .T. ) ;
#332 = CARTESIAN_POINT ( 'NONE',  ( 0.1249999999999999584, 0.05177669529663694870, 0.3968749999999999778 ) ) ;
#333 = CARTESIAN_POINT ( 'NONE',  ( -0.03832471526136872059, -0.09252404735808340830, 0.4468750000000000777 ) ) ;
#334 = CARTESIAN_POINT ( 'NONE',  ( -0.1249999999999999445, 4.649536427208650068E-17, 0.3187500000000000333 ) ) ;
#335 = CARTESIAN_POINT ( 'NONE',  ( -0.02454369238351461827, 0.1874999999999999167, 0.7312499999999998446 ) ) ;
#336 = CARTESIAN_POINT ( 'NONE',  ( 0.02738838463134652540, -0.08858355531240105774, 0.005024047358083648038 ) ) ;
#337 = CARTESIAN_POINT ( 'NONE',  ( 0.03832471526136876916, 0.09252404735808350544, 0.3218750000000000222 ) ) ;
#338 = EDGE_CURVE ( 'NONE', #158, #2495, #2899, .T. ) ;
#339 = CARTESIAN_POINT ( 'NONE',  ( 0.000000000000000000, 0.1249999999999999306, 0.1499999999999999667 ) ) ;
#340 = CARTESIAN_POINT ( 'NONE',  ( 0.09252404735808347769, 5.138080077581913637E-17, 0.4187500000000000111 ) ) ;
#341 = CARTESIAN_POINT ( 'NONE',  ( 0.000000000000000000, 7.549139889267777477E-20, 0.03750000000000035250 ) ) ;
#342 = CARTESIAN_POINT ( 'NONE',  ( -0.1781249999999999223, 3.774569944633888739E-20, 0.5000000000000000000 ) ) ;
#343 = EDGE_LOOP ( 'NONE', ( #2057, #1856 ) ) ;
#344 = CARTESIAN_POINT ( 'NONE',  ( -0.05177669529663687931, 0.1250000000000000000, 0.3531249999999999112 ) ) ;
#345 = DIRECTION ( 'NONE',  ( -0.000000000000000000, -0.000000000000000000, -1.000000000000000000 ) ) ;
#346 = CARTESIAN_POINT ( 'NONE',  ( -0.08838834764831839108, -0.08838834764831829394, 0.4687500000000000000 ) ) ;
#347 = ORIENTED_EDGE ( 'NONE', *, *, #3266, .T. ) ;
#348 = DIRECTION ( 'NONE',  ( -1.000000000000000000, 0.000000000000000000, 0.000000000000000000 ) ) ;
#349 = CARTESIAN_POINT ( 'NONE',  ( -0.03832471526136870671, 0.09252404735808340830, 0.02812499999999996947 ) ) ;
#350 = AXIS2_PLACEMENT_3D ( 'NONE', #3357, #450, #2460 ) ;
#351 = CARTESIAN_POINT ( 'NONE',  ( 0.06542438130972610955, 0.06542438130972604016, 0.02499999999999998057 ) ) ;
#352 = VECTOR ( 'NONE', #1035, 39.37007874015748143 ) ;
#353 = CARTESIAN_POINT ( 'NONE',  ( 0.03832471526136876916, 0.09252404735808351932, 0.4718750000000000444 ) ) ;
#354 = CARTESIAN_POINT ( 'NONE',  ( -0.09252404735808346381, 0.03832471526136878998, 0.4343750000000001221 ) ) ;
#355 = AXIS2_PLACEMENT_3D ( 'NONE', #1458, #2038, #908 ) ;
#356 = CARTESIAN_POINT ( 'NONE',  ( -0.1249999999999999584, -0.05177669529663685849, 0.2218750000000000444 ) ) ;
#357 = CARTESIAN_POINT ( 'NONE',  ( -1.133092784412350307E-17, -0.09252404735808339442, 0.4500000000000000666 ) ) ;
#358 = CARTESIAN_POINT ( 'NONE',  ( 0.1249999999999999306, -3.765457146741459112E-17, 0.1375000000000000111 ) ) ;
#359 = CARTESIAN_POINT ( 'NONE',  ( -0.04662384207688961835, 0.1734888829588884518, 0.5000000000000000000 ) ) ;
#360 = ORIENTED_EDGE ( 'NONE', *, *, #1103, .F. ) ;
#361 = CARTESIAN_POINT ( 'NONE',  ( -3.295631491865439644E-17, 0.1082531754730550605, 0.6328124999999998890 ) ) ;
#362 = DIRECTION ( 'NONE',  ( -1.224646799147353207E-16, 1.000000000000000000, 0.000000000000000000 ) ) ;
#363 = CARTESIAN_POINT ( 'NONE',  ( 0.09252404735808344993, 0.03832471526136872059, 0.1656250000000000222 ) ) ;
#364 = CARTESIAN_POINT ( 'NONE',  ( -0.1249999999999999306, 7.549139889267777477E-20, 0.000000000000000000 ) ) ;
#365 = CARTESIAN_POINT ( 'NONE',  ( 0.000000000000000000, 0.09252404735808353320, 0.3812499999999999778 ) ) ;
#366 = CARTESIAN_POINT ( 'NONE',  ( 0.06542438130972610955, 0.06542438130972606791, 0.1250000000000000000 ) ) ;
#367 = ORIENTED_EDGE ( 'NONE', *, *, #2311, .F. ) ;
#368 = CARTESIAN_POINT ( 'NONE',  ( -0.06542438130972610955, -0.06542438130972612342, 0.1000000000000000194 ) ) ;
#369 = CARTESIAN_POINT ( 'NONE',  ( -0.1874999999999999167, 2.303761888290553917E-17, 0.7500000000000000000 ) ) ;
#370 = CARTESIAN_POINT ( 'NONE',  ( 0.05177669529663694870, 0.1249999999999999445, 0.2531249999999999889 ) ) ;
#371 = CARTESIAN_POINT ( 'NONE',  ( -0.04907772852307129563, 0.1826198767901027753, 0.7312499999999998446 ) ) ;
#372 = CARTESIAN_POINT ( 'NONE',  ( -0.09252404735808346381, -0.03832471526136863038, 0.4406250000000000444 ) ) ;
#373 = CARTESIAN_POINT ( 'NONE',  ( -0.09252404735808347769, -0.03832471526136863732, 0.4406249999999999889 ) ) ;
#374 = CARTESIAN_POINT ( 'NONE',  ( -0.03832471526136872753, -0.09252404735808351932, 0.1531250000000000389 ) ) ;
#375 = CARTESIAN_POINT ( 'NONE',  ( 0.08838834764831840496, 0.08838834764831840496, 0.2937500000000000111 ) ) ;
#376 = ORIENTED_EDGE ( 'NONE', *, *, #1387, .F. ) ;
#377 = CARTESIAN_POINT ( 'NONE',  ( -0.09442855863492000124, -0.1638349478928926850, 0.5000000000000000000 ) ) ;
#378 = ORIENTED_EDGE ( 'NONE', *, *, #2492, .F. ) ;
#379 = CARTESIAN_POINT ( 'NONE',  ( -0.09374999999999998612, -0.05412658773652782862, 0.7499999999999998890 ) ) ;
#380 = ORIENTED_EDGE ( 'NONE', *, *, #1828, .T. ) ;
#381 = PLANE ( 'NONE',  #2267 ) ;
#382 = CARTESIAN_POINT ( 'NONE',  ( -0.03832471526136872059, -0.09252404735808351932, 0.04687500000000002776 ) ) ;
#383 = CARTESIAN_POINT ( 'NONE',  ( 0.1249999999999999445, 8.495226602255459505E-18, 0.2937500000000000111 ) ) ;
#384 = CARTESIAN_POINT ( 'NONE',  ( 0.1874999999999999167, 2.219009066670379932E-17, 0.5093750000000000222 ) ) ;
#385 = ADVANCED_FACE ( 'NONE', ( #2607 ), #939, .T. ) ;
#386 = CARTESIAN_POINT ( 'NONE',  ( -0.09252404735808350544, -0.03832471526136872753, 0.1468750000000000611 ) ) ;
#387 = CARTESIAN_POINT ( 'NONE',  ( -0.1349437795129974915, -0.1037047591374621880, 0.7499999999999998890 ) ) ;
#388 = CARTESIAN_POINT ( 'NONE',  ( -0.09375000000000023592, 0.009141833668847448163, 0.6244390877365274539 ) ) ;
#389 = LINE ( 'NONE', #1250, #783 ) ;
#390 = CARTESIAN_POINT ( 'NONE',  ( -0.03832471526136870671, 0.09252404735808343605, 0.07812499999999997224 ) ) ;
#391 = CARTESIAN_POINT ( 'NONE',  ( 0.000000000000000000, 0.09252404735808354708, 0.4750000000000000333 ) ) ;
#392 = CARTESIAN_POINT ( 'NONE',  ( -0.1249999999999999584, 0.05177669529663691400, 0.3593750000000001110 ) ) ;
#393 = CARTESIAN_POINT ( 'NONE',  ( 0.02454369240633528029, 0.1874999999999999167, 0.5093750000000000222 ) ) ;
#394 = CARTESIAN_POINT ( 'NONE',  ( 0.000000000000000000, 7.549139889267777477E-20, 0.000000000000000000 ) ) ;
#395 = CARTESIAN_POINT ( 'NONE',  ( -0.1249999999999999584, -0.05177669529663687931, 0.1218750000000000527 ) ) ;
#396 = CARTESIAN_POINT ( 'NONE',  ( -0.09252404735808346381, 0.03832471526136876916, 0.3843750000000000222 ) ) ;
#397 = CARTESIAN_POINT ( 'NONE',  ( -0.03832471526136872753, -0.09252404735808350544, 0.2031250000000000278 ) ) ;
#398 = FACE_OUTER_BOUND ( 'NONE', #2448, .T. ) ;
#399 = ORIENTED_EDGE ( 'NONE', *, *, #2219, .T. ) ;
#400 = CARTESIAN_POINT ( 'NONE',  ( -1.133092784412350615E-17, -0.09252404735808344993, 0.3562500000000000666 ) ) ;
#401 = ORIENTED_EDGE ( 'NONE', *, *, #2391, .T. ) ;
#402 = CARTESIAN_POINT ( 'NONE',  ( -0.08970713070317343218, 0.1556432004982573891, 0.5000000000000000000 ) ) ;
#403 = AXIS2_PLACEMENT_3D ( 'NONE', #3110, #441, #1626 ) ;
#404 = EDGE_CURVE ( 'NONE', #2734, #522, #2776, .T. ) ;
#405 = DIRECTION ( 'NONE',  ( -0.000000000000000000, -0.000000000000000000, -1.000000000000000000 ) ) ;
#406 = COLOUR_RGB ( '',0.7921568627450980005, 0.8196078431372548767, 0.9333333333333333481 ) ;
#407 = CARTESIAN_POINT ( 'NONE',  ( 0.000000000000000000, 0.09252404735808344993, 0.1249999999999999584 ) ) ;
#408 = CARTESIAN_POINT ( 'NONE',  ( 0.08838834764831839108, -0.08838834764831847435, -0.01249999999999997294 ) ) ;
#409 = CONICAL_SURFACE ( 'NONE', #2568, 0.08749999999999995282, 0.7853981633974433940 ) ;
#410 = CARTESIAN_POINT ( 'NONE',  ( -0.06542438130972610955, -0.06542438130972608179, 0.2500000000000000555 ) ) ;
#411 = CARTESIAN_POINT ( 'NONE',  ( -0.08838834764831837720, 0.08838834764831844659, 0.3562500000000000666 ) ) ;
#412 =( BOUNDED_CURVE ( )  B_SPLINE_CURVE ( 2, ( #3730, #517, #497, #1752, #3792, #2893, #1154, #3749, #1970 ),
 .UNSPECIFIED., .F., .F. ) 
 B_SPLINE_CURVE_WITH_KNOTS ( ( 3, 2, 2, 2, 3 ),
 ( 0.7500000000000000000, 0.7613636363636363535, 0.7727272727272727071, 0.7840909090909091717, 0.7954545454545455252 ),
 .UNSPECIFIED. ) 
 CURVE ( )  GEOMETRIC_REPRESENTATION_ITEM ( )  RATIONAL_B_SPLINE_CURVE ( ( 1.000000000000000000, 0.9238795325112867385, 1.000000000000000000, 0.9238795325112867385, 1.000000000000000000, 0.9238795325112867385, 1.000000000000000000, 0.9238795325112859613, 1.000000000000000666 ) ) 
 REPRESENTATION_ITEM ( '' )  );
#413 = CARTESIAN_POINT ( 'NONE',  ( -0.1874999999999999167, -2.288663608512018453E-17, 0.5093750000000000222 ) ) ;
#414 = CARTESIAN_POINT ( 'NONE',  ( -0.1220636985421584692, 9.112008787673483431E-17, 0.4704452744371067641 ) ) ;
#415 = CARTESIAN_POINT ( 'NONE',  ( -0.03832471526136872753, -0.09252404735808344993, 0.3031250000000000333 ) ) ;
#416 = VERTEX_POINT ( 'NONE', #1137 ) ;
#417 = CARTESIAN_POINT ( 'NONE',  ( 0.1249999999999999445, -2.104064416233337678E-17, 0.1937500000000000056 ) ) ;
#418 = CARTESIAN_POINT ( 'NONE',  ( -0.06542438130972608179, -0.06542438130972606791, 0.1937500000000000056 ) ) ;
#419 = EDGE_CURVE ( 'NONE', #1431, #3136, #3585, .T. ) ;
#420 = CARTESIAN_POINT ( 'NONE',  ( -0.03832471526136872753, -0.09252404735808347769, 0.2531250000000000444 ) ) ;
#421 = ORIENTED_EDGE ( 'NONE', *, *, #621, .F. ) ;
#422 = CARTESIAN_POINT ( 'NONE',  ( 0.000000000000000000, 7.549139889267777477E-20, 0.000000000000000000 ) ) ;
#423 = EDGE_CURVE ( 'NONE', #685, #3260, #2750, .T. ) ;
#424 = CARTESIAN_POINT ( 'NONE',  ( -0.1249999999999999445, -2.734431263938561544E-17, 0.06875000000000000555 ) ) ;
#425 = CARTESIAN_POINT ( 'NONE',  ( 0.07664179646899138554, -0.05510217529944396592, 0.006596891385917185054 ) ) ;
#426 = CARTESIAN_POINT ( 'NONE',  ( -0.09252404735808347769, 0.03832471526136870671, 0.1343750000000000222 ) ) ;
#427 = CARTESIAN_POINT ( 'NONE',  ( 0.08838834764831843271, 0.08838834764831832169, -2.561107494060246767E-17 ) ) ;
#428 = CARTESIAN_POINT ( 'NONE',  ( -0.1249999999999999584, -0.05177669529663682380, 0.2656250000000001110 ) ) ;
#429 = CARTESIAN_POINT ( 'NONE',  ( 0.1152275101365988902, 0.1499375328083563663, 0.5093750000000000222 ) ) ;
#430 = CYLINDRICAL_SURFACE ( 'NONE', #3689, 0.1249999999999999306 ) ;
#431 =( BOUNDED_CURVE ( )  B_SPLINE_CURVE ( 2, ( #27, #3262, #2369, #3561, #2090, #2677, #48, #84, #116 ),
 .UNSPECIFIED., .F., .T. ) 
 B_SPLINE_CURVE_WITH_KNOTS ( ( 3, 2, 2, 2, 3 ),
 ( 0.5227272727272727071, 0.5340909090909090606, 0.5454545454545454142, 0.5568181818181817677, 0.5681818181818182323 ),
 .UNSPECIFIED. ) 
 CURVE ( )  GEOMETRIC_REPRESENTATION_ITEM ( )  RATIONAL_B_SPLINE_CURVE ( ( 1.000000000000000000, 0.9238795325112867385, 1.000000000000000000, 0.9238795325112867385, 1.000000000000000000, 0.9238795325112867385, 1.000000000000000000, 0.9238795325112867385, 1.000000000000000000 ) ) 
 REPRESENTATION_ITEM ( '' )  );
#432 = CARTESIAN_POINT ( 'NONE',  ( 0.09252404735808347769, 7.076994628935871938E-18, 0.2687500000000000444 ) ) ;
#433 = ORIENTED_EDGE ( 'NONE', *, *, #3283, .T. ) ;
#434 = CARTESIAN_POINT ( 'NONE',  ( 0.000000000000000000, 0.1250000000000000000, 0.3999999999999999667 ) ) ;
#435 = CARTESIAN_POINT ( 'NONE',  ( 0.09252404735808346381, 3.476687347073791895E-17, 0.3625000000000000444 ) ) ;
#436 = CARTESIAN_POINT ( 'NONE',  ( 0.08498570275245255490, 0.1474514531114731741, 0.7499999999999998890 ) ) ;
#437 = CARTESIAN_POINT ( 'NONE',  ( -0.09252404735808347769, 2.235488262603567632E-17, 0.2437500000000000222 ) ) ;
#438 = CARTESIAN_POINT ( 'NONE',  ( 0.1249999999999999445, -5.057651492692222384E-17, 0.09375000000000002776 ) ) ;
#439 = ADVANCED_FACE ( 'NONE', ( #2933, #2260 ), #3447, .T. ) ;
#440 = CARTESIAN_POINT ( 'NONE',  ( 0.08970713070317513915, -0.1556432004982483130, 0.5000000000000000000 ) ) ;
#441 = DIRECTION ( 'NONE',  ( -0.000000000000000000, 0.000000000000000000, -1.000000000000000000 ) ) ;
#442 = CARTESIAN_POINT ( 'NONE',  ( 0.03832471526136877610, 0.09252404735808353320, 0.5281249999999999556 ) ) ;
#443 = CARTESIAN_POINT ( 'NONE',  ( 0.09442855861381790894, -0.1638349479016325549, 0.7500000000000000000 ) ) ;
#444 = CARTESIAN_POINT ( 'NONE',  ( -0.08838834764831840496, -0.08838834764831839108, 0.1750000000000000444 ) ) ;
#445 = CARTESIAN_POINT ( 'NONE',  ( -0.06542438130972610955, -0.06542438130972615118, 1.493979371535143794E-17 ) ) ;
#446 = CARTESIAN_POINT ( 'NONE',  ( 0.1499375328083565329, 0.1152275101365986543, 0.5093750000000000222 ) ) ;
#447 = CARTESIAN_POINT ( 'NONE',  ( -0.03832471526136872059, 0.09252404735808342218, -0.01562500000000003123 ) ) ;
#448 = CARTESIAN_POINT ( 'NONE',  ( 0.1874999999999999167, 1.151880944145276958E-17, 0.7312499999999998446 ) ) ;
#449 = EDGE_CURVE ( 'NONE', #3609, #1451, #2383, .T. ) ;
#450 = DIRECTION ( 'NONE',  ( 0.000000000000000000, 0.000000000000000000, 1.000000000000000000 ) ) ;
#451 = CARTESIAN_POINT ( 'NONE',  ( -0.03832471526136872059, 0.09252404735808351932, 0.2843749999999999889 ) ) ;
#452 = CARTESIAN_POINT ( 'NONE',  ( 9.049246479012871048E-16, -0.1082531754730551021, 0.7499999999999998890 ) ) ;
#453 = CARTESIAN_POINT ( 'NONE',  ( -0.007663316585628381604, 0.1038287575794572259, 0.7474455611380931286 ) ) ;
#454 = CARTESIAN_POINT ( 'NONE',  ( -0.09252404735808346381, -0.03832471526136869283, 0.2406250000000000056 ) ) ;
#455 = CARTESIAN_POINT ( 'NONE',  ( 0.02454369238353812030, -0.1874999999999999167, 0.7500000000000000000 ) ) ;
#456 =( BOUNDED_SURFACE ( )  B_SPLINE_SURFACE ( 2, 3, ( 
 ( #1777, #280, #2967, #1213, #2639, #2108, #85, #359, #1842, #575, #2, #2131, #883, #1801, #321, #1171, #2348, #3298, #2067, #1531, #648, #629, #3241, #2050, #3541, #1190, #2950, #304, #2387, #2365, #2655, #1508, #70, #24 ),
 ( #1237, #3581, #1858, #2406, #3600, #3557, #2674, #905, #2087, #946, #3259, #611, #1822, #44, #929, #3009, #1552, #2715, #1257, #3222, #2423, #863, #1034, #2788, #1930, #2200, #3333, #377, #3078, #2146, #2183, #744, #1913, #2216 ),
 ( #2458, #3634, #3315, #2476, #2439, #667, #1878, #3620, #703, #393, #1591, #3023, #429, #446, #138, #3374, #1353, #2754, #1572, #3059, #2733, #96, #1894, #1646, #3393, #2165, #155, #982, #684, #3041, #2803, #3354, #1275, #1332 ) ),
 .UNSPECIFIED., .F., .T., .F. ) 
 B_SPLINE_SURFACE_WITH_KNOTS ( ( 3, 3 ),
 ( 4, 2, 2, 2, 2, 2, 2, 2, 2, 2, 2, 2, 2, 2, 2, 2, 4 ),
 ( 0.000000000000000000, 1.000000000000000000 ),
 ( 0.000000000000000000, 0.3926990816987241395, 0.7853981633974482790, 1.178097245096172418, 1.570796326794896558, 1.963495408493620697, 2.356194490192344837, 2.748893571891068976, 3.141592653589793116, 3.534291735288517255, 3.926990816987241395, 4.319689898685965090, 4.712388980384689674, 5.105088062083414258, 5.497787143782137953, 5.890486225480861648, 6.283185307179586232 ),
 .UNSPECIFIED. ) 
 GEOMETRIC_REPRESENTATION_ITEM ( )  RATIONAL_B_SPLINE_SURFACE ( (
 ( 1.000000000000000000, 1.000000000000000000, 1.000000000000000000, 1.000000000000000000, 1.000000000000000000, 1.000000000000000000, 1.000000000000000000, 1.000000000000000000, 1.000000000000000000, 1.000000000000000000, 1.000000000000000000, 1.000000000000000000, 1.000000000000000000, 1.000000000000000000, 1.000000000000000000, 1.000000000000000000, 1.000000000000000000, 1.000000000000000000, 1.000000000000000000, 1.000000000000000000, 1.000000000000000000, 1.000000000000000000, 1.000000000000000000, 1.000000000000000000, 1.000000000000000000, 1.000000000000000000, 1.000000000000000000, 1.000000000000000000, 1.000000000000000000, 1.000000000000000000, 1.000000000000000000, 1.000000000000000000, 1.000000000000000000, 1.000000000000000000),
 ( 0.3333333333333334259, 0.3333333333333334259, 0.3333333333333334259, 0.3333333333333334259, 0.3333333333333334259, 0.3333333333333334259, 0.3333333333333334259, 0.3333333333333334259, 0.3333333333333334259, 0.3333333333333334259, 0.3333333333333334259, 0.3333333333333334259, 0.3333333333333334259, 0.3333333333333334259, 0.3333333333333334259, 0.3333333333333334259, 0.3333333333333334259, 0.3333333333333334259, 0.3333333333333334259, 0.3333333333333334259, 0.3333333333333334259, 0.3333333333333334259, 0.3333333333333334259, 0.3333333333333334259, 0.3333333333333334259, 0.3333333333333334259, 0.3333333333333334259, 0.3333333333333334259, 0.3333333333333333148, 0.3333333333333333148, 0.3333333333333334259, 0.3333333333333334259, 0.3333333333333334259, 0.3333333333333334259),
 ( 1.000000000000000000, 1.000000000000000000, 1.000000000000000000, 1.000000000000000000, 1.000000000000000000, 1.000000000000000000, 1.000000000000000000, 1.000000000000000000, 1.000000000000000000, 1.000000000000000000, 1.000000000000000000, 1.000000000000000000, 1.000000000000000000, 1.000000000000000000, 1.000000000000000000, 1.000000000000000000, 1.000000000000000000, 1.000000000000000000, 1.000000000000000000, 1.000000000000000000, 1.000000000000000000, 1.000000000000000000, 1.000000000000000000, 1.000000000000000000, 1.000000000000000000, 1.000000000000000000, 1.000000000000000000, 1.000000000000000000, 1.000000000000000000, 1.000000000000000000, 1.000000000000000000, 1.000000000000000000, 1.000000000000000000, 1.000000000000000000) ) ) 
 REPRESENTATION_ITEM ( '' )  SURFACE ( )  );
#457 = CARTESIAN_POINT ( 'NONE',  ( -0.09252404735808350544, -0.03832471526136866508, 0.3468750000000000444 ) ) ;
#458 = CARTESIAN_POINT ( 'NONE',  ( -0.08749999999999995282, 1.079115089143201264E-17, 4.148491032111687552E-18 ) ) ;
#459 = CARTESIAN_POINT ( 'NONE',  ( -0.06542438130972609567, 0.06542438130972608179, 0.1374999999999999833 ) ) ;
#460 = CARTESIAN_POINT ( 'NONE',  ( 0.1643578891110935303, 0.04416995567076278939, 0.7499999999999998890 ) ) ;
#461 = CARTESIAN_POINT ( 'NONE',  ( 0.02331650778601826457, -0.1781249999999999223, 0.5000000000000000000 ) ) ;
#462 = CARTESIAN_POINT ( 'NONE',  ( 0.1037268387248632406, 0.1349256775390918484, 0.7499999999999998890 ) ) ;
#463 = CARTESIAN_POINT ( 'NONE',  ( 0.1238623283194632829, -0.007966762129468174525, 0.03636232831946371175 ) ) ;
#464 = CARTESIAN_POINT ( 'NONE',  ( 0.09252404735808347769, 0.03832471526136883855, 0.5218749999999999778 ) ) ;
#465 = CARTESIAN_POINT ( 'NONE',  ( 0.05177669529663694870, 0.1249999999999998890, 0.1031249999999999806 ) ) ;
#466 = CARTESIAN_POINT ( 'NONE',  ( 0.06542438130972609567, -0.06542438130972608179, 0.2625000000000000666 ) ) ;
#467 = AXIS2_PLACEMENT_3D ( 'NONE', #2700, #1592, #3636 ) ;
#468 = CARTESIAN_POINT ( 'NONE',  ( 0.08838834764831840496, 0.08838834764831846047, 0.4437500000000000333 ) ) ;
#469 = CONICAL_SURFACE ( 'NONE', #1469, 0.1082531754730549772, 1.047197551196600074 ) ;
#470 = CARTESIAN_POINT ( 'NONE',  ( -0.03832471526136872059, -0.09252404735808351932, 0.04687500000000003469 ) ) ;
#471 = CARTESIAN_POINT ( 'NONE',  ( -0.1249999999999999445, -1.257637725709119499E-17, 0.1187499999999999944 ) ) ;
#472 = B_SPLINE_CURVE_WITH_KNOTS ( 'NONE', 3,
 ( #862, #1776, #303, #2615, #2330, #3279, #2049, #1506, #628, #2086 ),
 .UNSPECIFIED., .F., .F.,
 ( 4, 3, 3, 4 ),
 ( 4.848699518061080308E-19, 0.0002529836738225842369, 0.0005059673491372119417, 0.0009518431618855897457 ),
 .UNSPECIFIED. ) ;
#473 = VECTOR ( 'NONE', #1905, 39.37007874015748143 ) ;
#474 = VERTEX_POINT ( 'NONE', #2113 ) ;
#475 = CARTESIAN_POINT ( 'NONE',  ( -0.1249999999999999445, 9.079917041896977590E-17, 0.4687500000000001110 ) ) ;
#476 = CARTESIAN_POINT ( 'NONE',  ( -0.08968195723118134455, -0.1556566722342365983, 0.4999999999999999445 ) ) ;
#477 = CARTESIAN_POINT ( 'NONE',  ( 0.03921503612455914251, -0.08380262693537948726, 0.4534921628294172335 ) ) ;
#478 = CARTESIAN_POINT ( 'NONE',  ( -0.03832471526136872059, -0.09252404735808343605, 0.3468750000000000444 ) ) ;
#479 = CARTESIAN_POINT ( 'NONE',  ( -0.09252404735808347769, 8.142662415521335812E-17, 0.4437500000000000333 ) ) ;
#480 = CARTESIAN_POINT ( 'NONE',  ( 0.1643578891110935303, 0.04416995567076278939, 0.7499999999999998890 ) ) ;
#481 = CARTESIAN_POINT ( 'NONE',  ( 0.09252404735808347769, 0.03832471526136878998, 0.3718750000000000111 ) ) ;
#482 = CARTESIAN_POINT ( 'NONE',  ( 0.08017008600783467887, 0.06860597895776118782, 0.4608063724678813089 ) ) ;
#483 = CARTESIAN_POINT ( 'NONE',  ( 0.05177669529663683767, -0.1250000000000000278, 0.08437500000000003331 ) ) ;
#484 = CARTESIAN_POINT ( 'NONE',  ( -0.09252404735808350544, -0.03832471526136864426, 0.4468750000000000777 ) ) ;
#485 = CARTESIAN_POINT ( 'NONE',  ( -0.1152275101366061066, 0.1499375328083491221, 0.5093750000000000222 ) ) ;
#486 = CARTESIAN_POINT ( 'NONE',  ( -0.1037228611112272353, 0.1349216999257369931, 0.7499999999999998890 ) ) ;
#487 = CARTESIAN_POINT ( 'NONE',  ( 0.01641421348897035073, -0.09743563028946571059, 0.01100144456534797067 ) ) ;
#488 = CARTESIAN_POINT ( 'NONE',  ( -0.1249999999999999306, 7.549139889267777477E-20, 0.000000000000000000 ) ) ;
#489 = CARTESIAN_POINT ( 'NONE',  ( -0.03832471526136872059, -0.09252404735808343605, 0.3468750000000000444 ) ) ;
#490 = CARTESIAN_POINT ( 'NONE',  ( 0.1249999999999999445, -3.580857954462780493E-17, 0.1437500000000000167 ) ) ;
#491 = CARTESIAN_POINT ( 'NONE',  ( 0.03832471526136869977, -0.09252404735808346381, 0.3093750000000000111 ) ) ;
#492 = CARTESIAN_POINT ( 'NONE',  ( 0.1249999999999999167, 0.05177669529663698339, 0.4906250000000000333 ) ) ;
#493 = CARTESIAN_POINT ( 'NONE',  ( 0.03832471526136869283, -0.09252404735808351932, 0.1531250000000000389 ) ) ;
#494 = CARTESIAN_POINT ( 'NONE',  ( 0.000000000000000000, 7.549139889267777477E-20, 0.000000000000000000 ) ) ;
#495 = B_SPLINE_CURVE_WITH_KNOTS ( 'NONE', 3,
 ( #39, #1204, #1837, #2981, #336, #129, #1270, #3036, #2177, #2279 ),
 .UNSPECIFIED., .F., .F.,
 ( 4, 2, 2, 2, 4 ),
 ( 4.574253976840018070E-18, 0.0004639090726152850209, 0.0009278181452305654881, 0.001391727217845845901, 0.001855636290461126423 ),
 .UNSPECIFIED. ) ;
#496 = CARTESIAN_POINT ( 'NONE',  ( -0.1734754112228555911, 0.04664901554899714142, 0.5000000000000001110 ) ) ;
#497 = CARTESIAN_POINT ( 'NONE',  ( -0.08838834764831840496, -0.08838834764831833557, 0.3750000000000000555 ) ) ;
#498 = ORIENTED_EDGE ( 'NONE', *, *, #1924, .T. ) ;
#499 = CARTESIAN_POINT ( 'NONE',  ( -0.1249999999999999306, 5.941730773159413341E-17, 0.3625000000000000444 ) ) ;
#500 = CARTESIAN_POINT ( 'NONE',  ( -0.03832471526136872059, 0.09252404735808354708, 0.4343750000000000111 ) ) ;
#501 = CARTESIAN_POINT ( 'NONE',  ( -0.1638349479016318611, 0.09442855861383726845, 0.7500000000000000000 ) ) ;
#502 = CARTESIAN_POINT ( 'NONE',  ( 0.08838834764831839108, -0.08838834764831847435, 0.03750000000000002637 ) ) ;
#503 = CARTESIAN_POINT ( 'NONE',  ( 0.02041359246075376624, 0.1082846904590606119, 0.4634931527893271785 ) ) ;
#504 = CARTESIAN_POINT ( 'NONE',  ( 0.09442855863492284618, 0.1638349478928918246, 0.5000000000000000000 ) ) ;
#505 = CARTESIAN_POINT ( 'NONE',  ( 0.05177669529663683073, -0.1249999999999999584, 0.2281250000000000500 ) ) ;
#506 = ADVANCED_FACE ( 'NONE', ( #26 ), #1494, .T. ) ;
#507 = CARTESIAN_POINT ( 'NONE',  ( -0.1170929463301802753, -0.04321007200521771729, 0.4718444080688330433 ) ) ;
#508 = CARTESIAN_POINT ( 'NONE',  ( -0.09252404735808350544, 0.03832471526136867895, 0.04062499999999999445 ) ) ;
#509 = CARTESIAN_POINT ( 'NONE',  ( 0.06542438130972610955, 0.06542438130972609567, 0.2687500000000000444 ) ) ;
#510 = CARTESIAN_POINT ( 'NONE',  ( -0.1249999999999999722, 0.05177669529663683767, 0.06562499999999998890 ) ) ;
#511 = CARTESIAN_POINT ( 'NONE',  ( 0.08838834764831840496, 0.08838834764831847435, 0.5437500000000000666 ) ) ;
#512 = CARTESIAN_POINT ( 'NONE',  ( 0.06542438130972610955, 0.06542438130972604016, 0.06874999999999997780 ) ) ;
#513 = CARTESIAN_POINT ( 'NONE',  ( 0.09252404735808346381, -0.03832471526136882467, 0.01562500000000001041 ) ) ;
#514 = CARTESIAN_POINT ( 'NONE',  ( 0.1874999999999999167, 0.02454369238351226598, 0.7312499999999998446 ) ) ;
#515 = CARTESIAN_POINT ( 'NONE',  ( -0.04416995567076757029, 0.1643578891110955009, 0.7499999999999998890 ) ) ;
#516 = CARTESIAN_POINT ( 'NONE',  ( -0.02208932314518406367, -0.1687499999999999001, 0.7499999999999998890 ) ) ;
#517 = CARTESIAN_POINT ( 'NONE',  ( -0.1249999999999999584, -0.05177669529663680298, 0.3718750000000000666 ) ) ;
#518 = CARTESIAN_POINT ( 'NONE',  ( -0.05177669529663687931, -0.1249999999999998751, 0.3718750000000001221 ) ) ;
#519 = CARTESIAN_POINT ( 'NONE',  ( -0.04907772852307398792, 0.1826198767901093256, 0.7500000000000000000 ) ) ;
#520 = CARTESIAN_POINT ( 'NONE',  ( 0.000000000000000000, 0.09252404735808354708, 0.4312500000000000222 ) ) ;
#521 = ADVANCED_FACE ( 'NONE', ( #3603 ), #6, .F. ) ;
#522 = VERTEX_POINT ( 'NONE', #3318 ) ;
#523 = CARTESIAN_POINT ( 'NONE',  ( 0.1638349478928962932, -0.09442855863492154167, 0.5093750000000000222 ) ) ;
#524 = DIRECTION ( 'NONE',  ( 0.000000000000000000, 0.000000000000000000, -1.000000000000000000 ) ) ;
#525 = CYLINDRICAL_SURFACE ( 'NONE', #1597, 0.1249999999999999306 ) ;
#526 = ORIENTED_EDGE ( 'NONE', *, *, #2958, .F. ) ;
#527 = CARTESIAN_POINT ( 'NONE',  ( 0.000000000000000000, 0.09252404735808351932, 0.3312499999999999889 ) ) ;
#528 = EDGE_CURVE ( 'NONE', #3260, #921, #1796, .T. ) ;
#529 = CARTESIAN_POINT ( 'NONE',  ( -0.06542438130972608179, 0.06542438130972612342, 0.3312500000000000444 ) ) ;
#530 = CARTESIAN_POINT ( 'NONE',  ( 0.000000000000000000, 0.1249999999999999306, 0.1062499999999999556 ) ) ;
#531 = CARTESIAN_POINT ( 'NONE',  ( 0.1249999999999998890, -0.05177669529663682380, 0.5343750000000001554 ) ) ;
#532 = CARTESIAN_POINT ( 'NONE',  ( 0.1826198767901071329, 0.04907772852306976213, 0.7500000000000000000 ) ) ;
#533 = CARTESIAN_POINT ( 'NONE',  ( 0.03832471526136869283, -0.09252404735808351932, 0.1031250000000000638 ) ) ;
#534 = ORIENTED_EDGE ( 'NONE', *, *, #1524, .T. ) ;
#535 = CARTESIAN_POINT ( 'NONE',  ( 0.08838834764831839108, -0.08838834764831847435, 0.03750000000000002637 ) ) ;
#536 = CARTESIAN_POINT ( 'NONE',  ( 0.1249999999999999584, 0.05177669529663698339, 0.4968750000000001221 ) ) ;
#537 = ADVANCED_BREP_SHAPE_REPRESENTATION ( '92196A537_18-8 Stainless Steel Socket Head Screw_92196A537', ( #1423, #1729 ), #231 ) ;
#538 = CARTESIAN_POINT ( 'NONE',  ( 0.02799325226320192178, -0.08839382380581993492, 0.4534921628294171780 ) ) ;
#539 = VECTOR ( 'NONE', #671, 39.37007874015748143 ) ;
#540 = CARTESIAN_POINT ( 'NONE',  ( -0.06542438130972609567, 0.06542438130972619281, 0.4874999999999999889 ) ) ;
#541 = CARTESIAN_POINT ( 'NONE',  ( 0.1499375327922172207, -0.1152275101527379664, 0.7500000000000000000 ) ) ;
#542 = CARTESIAN_POINT ( 'NONE',  ( 0.09252404735808347769, -0.03832471526136867895, 0.4656250000000001221 ) ) ;
#543 = CARTESIAN_POINT ( 'NONE',  ( 0.1638349478928959879, 0.09442855863492202739, 0.5093750000000000222 ) ) ;
#544 = EDGE_CURVE ( 'NONE', #3201, #563, #98, .T. ) ;
#545 = EDGE_LOOP ( 'NONE', ( #718, #237, #79, #1337 ) ) ;
#546 = CARTESIAN_POINT ( 'NONE',  ( 0.03832471526136877610, 0.09252404735808351932, 0.3281250000000000000 ) ) ;
#547 = CARTESIAN_POINT ( 'NONE',  ( 0.03832471526136877610, 0.09252404735808344993, 0.1781250000000000056 ) ) ;
#548 = CARTESIAN_POINT ( 'NONE',  ( 0.03832471526136876916, 0.09252404735808347769, 0.2718749999999999778 ) ) ;
#549 = CARTESIAN_POINT ( 'NONE',  ( -0.08838834764831840496, -0.08838834764831833557, 0.3750000000000000555 ) ) ;
#550 = CARTESIAN_POINT ( 'NONE',  ( -0.09252404735808346381, 0.03832471526136867201, 0.03437499999999998890 ) ) ;
#551 = CARTESIAN_POINT ( 'NONE',  ( -0.09252404735808346381, -2.379491544363440974E-17, 0.08750000000000000833 ) ) ;
#552 = CARTESIAN_POINT ( 'NONE',  ( 0.05475602988872738802, -0.07663976687704313062, 0.6244332643691720142 ) ) ;
#553 = VERTEX_POINT ( 'NONE', #1826 ) ;
#554 = CARTESIAN_POINT ( 'NONE',  ( 0.1349256775390723639, -0.1037268387249004747, 0.7499999999999998890 ) ) ;
#555 = CARTESIAN_POINT ( 'NONE',  ( -0.02328809511993231926, -0.1781278127905214226, 0.5000000000000001110 ) ) ;
#556 = EDGE_LOOP ( 'NONE', ( #3183, #868 ) ) ;
#557 = CARTESIAN_POINT ( 'NONE',  ( -0.06542438130972609567, 0.06542438130972617893, 0.4375000000000000000 ) ) ;
#558 = CARTESIAN_POINT ( 'NONE',  ( 0.1874999999999999167, -0.02454369260617022055, 0.7312499999999997335 ) ) ;
#559 = CARTESIAN_POINT ( 'NONE',  ( -0.1638349478928995961, 0.09442855863491583790, 0.5000000000000000000 ) ) ;
#560 =( LENGTH_UNIT ( ) NAMED_UNIT ( * ) SI_UNIT ( $, .METRE. ) );
#561 = CARTESIAN_POINT ( 'NONE',  ( -3.756290991288361679E-16, 0.1082531754730548801, 0.7499999999999998890 ) ) ;
#562 = CARTESIAN_POINT ( 'NONE',  ( -0.08838834764831839108, -0.08838834764831843271, 0.01875000000000003053 ) ) ;
#563 = VERTEX_POINT ( 'NONE', #1523 ) ;
#564 = CARTESIAN_POINT ( 'NONE',  ( 0.03832471526136877610, 0.09252404735808343605, 0.07812499999999997224 ) ) ;
#565 = CARTESIAN_POINT ( 'NONE',  ( 0.02454369238351464602, 0.1874999999999999167, 0.7500000000000000000 ) ) ;
#566 = APPLICATION_CONTEXT ( 'automotive_design' ) ;
#567 = CARTESIAN_POINT ( 'NONE',  ( -0.03832471526136870671, 0.09252404735808350544, 0.2781250000000000666 ) ) ;
#568 = CARTESIAN_POINT ( 'NONE',  ( -1.530808498934190893E-17, -0.1249999999999999306, 0.2312500000000000666 ) ) ;
#569 = CARTESIAN_POINT ( 'NONE',  ( -0.01539068948143314415, -0.09936735675793573197, 0.6281501562697850982 ) ) ;
#570 = ORIENTED_EDGE ( 'NONE', *, *, #2778, .F. ) ;
#571 = CARTESIAN_POINT ( 'NONE',  ( 0.09252404735808344993, -0.03832471526136876222, 0.2093750000000000611 ) ) ;
#572 = CARTESIAN_POINT ( 'NONE',  ( 0.08838834764831837720, -0.08838834764831840496, 0.1812500000000000500 ) ) ;
#573 = ORIENTED_EDGE ( 'NONE', *, *, #2456, .F. ) ;
#574 = CARTESIAN_POINT ( 'NONE',  ( 0.09375000000000001388, -0.05412658773652763433, 0.6328124999999998890 ) ) ;
#575 = CARTESIAN_POINT ( 'NONE',  ( 0.02331650778601850743, 0.1781249999999999223, 0.5000000000000000000 ) ) ;
#576 = ORIENTED_EDGE ( 'NONE', *, *, #793, .T. ) ;
#577 = CARTESIAN_POINT ( 'NONE',  ( 0.000000000000000000, 0.1249999999999999861, 0.3499999999999999778 ) ) ;
#578 = CARTESIAN_POINT ( 'NONE',  ( 0.09252404735808347769, -0.03832471526136867201, 0.5156250000000001110 ) ) ;
#579 = CARTESIAN_POINT ( 'NONE',  ( 0.1152275099952965037, -0.1499375329496586695, 0.7312499999999998446 ) ) ;
#580 = ORIENTED_EDGE ( 'NONE', *, *, #3760, .T. ) ;
#581 = CARTESIAN_POINT ( 'NONE',  ( -0.1874999999999999167, -0.02454369240633885729, 0.5093750000000000222 ) ) ;
#582 = CARTESIAN_POINT ( 'NONE',  ( 0.08838834764831840496, 0.08838834764831837720, 0.1937499999999999778 ) ) ;
#583 = CARTESIAN_POINT ( 'NONE',  ( 0.05177669529663694176, 0.1249999999999998612, 0.04687499999999996531 ) ) ;
#584 = EDGE_LOOP ( 'NONE', ( #3024, #2874, #2502, #646 ) ) ;
#585 = CARTESIAN_POINT ( 'NONE',  ( -0.09252404735808347769, 0.03832471526136876916, 0.3843750000000000222 ) ) ;
#586 = CARTESIAN_POINT ( 'NONE',  ( 0.08838834764831843271, 0.08838834764831839108, 0.2500000000000000000 ) ) ;
#587 = CARTESIAN_POINT ( 'NONE',  ( 0.09252404735808346381, 1.999893808844349080E-17, 0.3125000000000000000 ) ) ;
#588 = CARTESIAN_POINT ( 'NONE',  ( -0.09252404735808350544, 0.03832471526136867895, 0.04062499999999999445 ) ) ;
#589 = CARTESIAN_POINT ( 'NONE',  ( 0.09375000000000054123, -0.05412658773652687105, 0.7499999999999998890 ) ) ;
#590 = CARTESIAN_POINT ( 'NONE',  ( -0.1769805287752193035, -0.02324814925742484453, 0.5000000000000001110 ) ) ;
#591 =( NAMED_UNIT ( * ) SI_UNIT ( $, .STERADIAN. ) SOLID_ANGLE_UNIT ( ) );
#592 = CARTESIAN_POINT ( 'NONE',  ( -0.03152818781910345092, -0.08698662375540387737, 0.4534921628294171780 ) ) ;
#593 = VECTOR ( 'NONE', #3335, 39.37007874015748143 ) ;
#594 = DIRECTION ( 'NONE',  ( 0.000000000000000000, 0.000000000000000000, 1.000000000000000000 ) ) ;
#595 = FACE_OUTER_BOUND ( 'NONE', #3809, .T. ) ;
#596 = ORIENTED_EDGE ( 'NONE', *, *, #3558, .F. ) ;
#597 = DIRECTION ( 'NONE',  ( 0.000000000000000000, 0.000000000000000000, -1.000000000000000000 ) ) ;
#598 = CARTESIAN_POINT ( 'NONE',  ( 0.05177669529663694176, 0.1249999999999999167, 0.1968749999999999944 ) ) ;
#599 = CARTESIAN_POINT ( 'NONE',  ( -0.09252404735808350544, -0.03832471526136874140, 0.09687500000000001665 ) ) ;
#600 = CARTESIAN_POINT ( 'NONE',  ( 0.03832471526136869977, -0.09252404735808347769, 0.3093750000000000111 ) ) ;
#601 = CARTESIAN_POINT ( 'NONE',  ( 0.03832471526136869283, -0.09252404735808343605, 0.4031250000000000111 ) ) ;
#602 = CARTESIAN_POINT ( 'NONE',  ( -0.1249999999999999445, 6.126329965438092575E-17, 0.3687500000000000777 ) ) ;
#603 = CARTESIAN_POINT ( 'NONE',  ( 0.1499375327922123358, 0.1152275101527428236, 0.7312499999999998446 ) ) ;
#604 = CARTESIAN_POINT ( 'NONE',  ( -0.03899397011127277157, -0.08573999633253952257, 0.6244332643691720142 ) ) ;
#605 = DIRECTION ( 'NONE',  ( -1.000000000000000000, 0.000000000000000000, 0.000000000000000000 ) ) ;
#606 = ORIENTED_EDGE ( 'NONE', *, *, #1215, .F. ) ;
#607 = CARTESIAN_POINT ( 'NONE',  ( -0.06542438130972608179, 0.06542438130972615118, 0.3812499999999999778 ) ) ;
#608 = CARTESIAN_POINT ( 'NONE',  ( -1.133092784412350615E-17, -0.09252404735808351932, 0.1062500000000000389 ) ) ;
#609 = EDGE_CURVE ( 'NONE', #2332, #3509, #1080, .T. ) ;
#610 = CARTESIAN_POINT ( 'NONE',  ( 0.09375000000000024980, -0.03631973612757355419, 0.6281419288023962766 ) ) ;
#611 = CARTESIAN_POINT ( 'NONE',  ( 0.09442855863492284618, 0.1638349478928918246, 0.5000000000000000000 ) ) ;
#612 = ORIENTED_EDGE ( 'NONE', *, *, #793, .F. ) ;
#613 = APPLICATION_PROTOCOL_DEFINITION ( 'draft international standard', 'automotive_design', 1998, #566 ) ;
#614 = PLANE ( 'NONE',  #2626 ) ;
#615 = CARTESIAN_POINT ( 'NONE',  ( -0.1131129763209580141, -4.081307847991383200E-17, 0.02561297632095831459 ) ) ;
#616 = CARTESIAN_POINT ( 'NONE',  ( 0.06542438130972610955, 0.06542438130972606791, 0.1687500000000000111 ) ) ;
#617 = DIRECTION ( 'NONE',  ( -1.000000000000000000, 0.000000000000000000, 0.000000000000000000 ) ) ;
#618 = CARTESIAN_POINT ( 'NONE',  ( 0.03832471526136877610, 0.09252404735808344993, 0.1781250000000000056 ) ) ;
#619 = CARTESIAN_POINT ( 'NONE',  ( -0.03832471526136870671, 0.09252404735808351932, 0.3781250000000001554 ) ) ;
#620 = CARTESIAN_POINT ( 'NONE',  ( -0.05177669529663687931, -0.1249999999999999584, 0.2281250000000000777 ) ) ;
#621 = EDGE_CURVE ( 'NONE', #2956, #1665, #149, .T. ) ;
#622 = CARTESIAN_POINT ( 'NONE',  ( 0.1638349479016284471, 0.09442855861384015503, 0.7312499999999998446 ) ) ;
#623 = CARTESIAN_POINT ( 'NONE',  ( 0.08509454890298159824, 0.05316522654130508008, 0.01260210087748304432 ) ) ;
#624 = ORIENTED_EDGE ( 'NONE', *, *, #3027, .T. ) ;
#625 = CARTESIAN_POINT ( 'NONE',  ( 0.09252404735808344993, -0.03832471526136874140, 0.2593749999999999667 ) ) ;
#626 = CARTESIAN_POINT ( 'NONE',  ( -0.06542438130972610955, -0.06542438130972613730, 0.05000000000000002359 ) ) ;
#627 = CARTESIAN_POINT ( 'NONE',  ( 0.08838834764831840496, 0.08838834764831836333, 0.1437500000000000167 ) ) ;
#628 = CARTESIAN_POINT ( 'NONE',  ( -0.03344256094547288366, -0.09168767670448160767, 0.4564030576671373463 ) ) ;
#629 = CARTESIAN_POINT ( 'NONE',  ( 0.1094661346297750720, -0.1424406561679323890, 0.5000000000000000000 ) ) ;
#630 = VERTEX_POINT ( 'NONE', #2729 ) ;
#631 = CARTESIAN_POINT ( 'NONE',  ( 0.000000000000000000, 0.1874999999999999167, 0.5000000000000000000 ) ) ;
#632 = DIRECTION ( 'NONE',  ( -0.000000000000000000, -0.000000000000000000, -1.000000000000000000 ) ) ;
#633 = DIRECTION ( 'NONE',  ( -1.000000000000000000, 0.000000000000000000, 0.000000000000000000 ) ) ;
#634 = CARTESIAN_POINT ( 'NONE',  ( 0.03832471526136869283, -0.09252404735808351932, 0.1031250000000000638 ) ) ;
#635 = CARTESIAN_POINT ( 'NONE',  ( 0.08749999999999995282, 7.549139889267777477E-20, 4.148491032111687552E-18 ) ) ;
#636 = CARTESIAN_POINT ( 'NONE',  ( -0.03832471526136872059, 0.09252404735808351932, 0.3843749999999999667 ) ) ;
#637 = CARTESIAN_POINT ( 'NONE',  ( 0.09252404735808347769, 0.03832471526136869283, 0.02187499999999998820 ) ) ;
#638 = ORIENTED_EDGE ( 'NONE', *, *, #1625, .T. ) ;
#639 = CARTESIAN_POINT ( 'NONE',  ( -0.06542438130972609567, 0.06542438130972608179, 0.08749999999999999445 ) ) ;
#640 = CARTESIAN_POINT ( 'NONE',  ( -0.09252404735808347769, -0.03832471526136863732, 0.4406249999999999889 ) ) ;
#641 = CARTESIAN_POINT ( 'NONE',  ( -0.1874999999999999167, 0.02454369238351464949, 0.7312499999999998446 ) ) ;
#642 = CARTESIAN_POINT ( 'NONE',  ( -0.08990627201193683582, 0.06371576728304306769, 0.02248133655470313172 ) ) ;
#643 = CARTESIAN_POINT ( 'NONE',  ( -0.09252404735808346381, 3.527682608554327823E-17, 0.2875000000000000333 ) ) ;
#644 = CARTESIAN_POINT ( 'NONE',  ( 0.09252404735808347769, -2.245887613565297975E-17, 0.1687500000000000111 ) ) ;
#645 = CARTESIAN_POINT ( 'NONE',  ( 0.05177669529663683073, -0.1249999999999999861, 0.1781250000000001166 ) ) ;
#646 = ORIENTED_EDGE ( 'NONE', *, *, #2186, .T. ) ;
#647 = CARTESIAN_POINT ( 'NONE',  ( -0.03832471526136872059, 0.09252404735808350544, 0.2343749999999999722 ) ) ;
#648 = CARTESIAN_POINT ( 'NONE',  ( 0.1424406561679322225, -0.1094661346297752386, 0.5000000000000000000 ) ) ;
#649 = VERTEX_POINT ( 'NONE', #60 ) ;
#650 = CARTESIAN_POINT ( 'NONE',  ( -0.05177669529663687931, -0.1249999999999998751, 0.3218750000000000777 ) ) ;
#651 = CARTESIAN_POINT ( 'NONE',  ( 0.06542438130972608179, -0.06542438130972612342, 0.1062500000000000250 ) ) ;
#652 = AXIS2_PLACEMENT_3D ( 'NONE', #2766, #1925, #1685 ) ;
#653 = CARTESIAN_POINT ( 'NONE',  ( -0.1152275099952964482, -0.1499375329496587528, 0.5093750000000001332 ) ) ;
#654 = DIMENSIONAL_EXPONENTS ( 1.000000000000000000, 0.000000000000000000, 0.000000000000000000, 0.000000000000000000, 0.000000000000000000, 0.000000000000000000, 0.000000000000000000 ) ;
#655 = CARTESIAN_POINT ( 'NONE',  ( -1.133092784412350615E-17, -0.09252404735808353320, 0.05625000000000002220 ) ) ;
#656 = VERTEX_POINT ( 'NONE', #2746 ) ;
#657 = CARTESIAN_POINT ( 'NONE',  ( 0.09252404735808344993, -0.03832471526136869977, 0.4093750000000000444 ) ) ;
#658 = PRODUCT_DEFINITION_SHAPE ( 'NONE', 'NONE',  #720 ) ;
#659 = AXIS2_PLACEMENT_3D ( 'NONE', #3663, #3325, #1641 ) ;
#660 = CARTESIAN_POINT ( 'NONE',  ( -0.08838834764831840496, -0.08838834764831837720, 0.2250000000000000611 ) ) ;
#661 = EDGE_CURVE ( 'NONE', #3296, #3480, #3456, .T. ) ;
#662 = CARTESIAN_POINT ( 'NONE',  ( -0.08838834764831839108, 0.08838834764831833557, -0.03750000000000002637 ) ) ;
#663 =( BOUNDED_CURVE ( )  B_SPLINE_CURVE ( 2, ( #3319, #395, #1897, #3658, #3083, #3043, #1595, #1004, #3361 ),
 .UNSPECIFIED., .F., .F. ) 
 B_SPLINE_CURVE_WITH_KNOTS ( ( 3, 2, 2, 2, 3 ),
 ( 0.2954545454545454697, 0.3068181818181818232, 0.3181818181818182323, 0.3295454545454545858, 0.3409090909090909394 ),
 .UNSPECIFIED. ) 
 CURVE ( )  GEOMETRIC_REPRESENTATION_ITEM ( )  RATIONAL_B_SPLINE_CURVE ( ( 1.000000000000000000, 0.9238795325112867385, 1.000000000000000000, 0.9238795325112867385, 1.000000000000000000, 0.9238795325112867385, 1.000000000000000000, 0.9238795325112864054, 1.000000000000000444 ) ) 
 REPRESENTATION_ITEM ( '' )  );
#664 = CARTESIAN_POINT ( 'NONE',  ( -0.03832471526136872059, 0.09252404735808346381, 0.1343749999999999944 ) ) ;
#665 = CARTESIAN_POINT ( 'NONE',  ( 0.1249999999999998890, -0.05177669529663686543, 0.3343750000000000333 ) ) ;
#666 = VERTEX_POINT ( 'NONE', #1546 ) ;
#667 = CARTESIAN_POINT ( 'NONE',  ( -0.1152275101366061066, 0.1499375328083491221, 0.5093750000000000222 ) ) ;
#668 = ORIENTED_EDGE ( 'NONE', *, *, #258, .F. ) ;
#669 = CARTESIAN_POINT ( 'NONE',  ( 0.09375000000000001388, 0.05412658773652767596, 0.7499999999999998890 ) ) ;
#670 = EDGE_LOOP ( 'NONE', ( #981, #1775, #1616 ) ) ;
#671 = DIRECTION ( 'NONE',  ( -0.000000000000000000, -0.000000000000000000, 1.000000000000000000 ) ) ;
#672 = CARTESIAN_POINT ( 'NONE',  ( 0.03832471526136876916, 0.09252404735808343605, 0.1718750000000000000 ) ) ;
#673 = CARTESIAN_POINT ( 'NONE',  ( 0.1874999999999998890, -0.02454369260617023790, 0.5093749999999999112 ) ) ;
#674 = CARTESIAN_POINT ( 'NONE',  ( 0.09252404735808347769, -0.03832471526136882467, 0.01562500000000001041 ) ) ;
#675 = ORIENTED_EDGE ( 'NONE', *, *, #528, .T. ) ;
#676 = CARTESIAN_POINT ( 'NONE',  ( -0.1874999999999999167, 2.303761888290553917E-17, 0.7312499999999998446 ) ) ;
#677 = DIRECTION ( 'NONE',  ( -1.000000000000000000, 0.000000000000000000, 0.000000000000000000 ) ) ;
#678 = DIRECTION ( 'NONE',  ( -0.5000000000000002220, 0.8660254037844385966, 0.000000000000000000 ) ) ;
#679 = CARTESIAN_POINT ( 'NONE',  ( 0.03832471526136876916, 0.09252404735808342218, 0.07187499999999996669 ) ) ;
#680 = CARTESIAN_POINT ( 'NONE',  ( -1.133092784412350307E-17, -0.09252404735808340830, 0.4000000000000000222 ) ) ;
#681 = CARTESIAN_POINT ( 'NONE',  ( 0.09252404735808346381, -0.03832471526136880385, 0.06562500000000000278 ) ) ;
#682 = CARTESIAN_POINT ( 'NONE',  ( -1.530808498934190893E-17, -0.1249999999999998751, 0.3750000000000001110 ) ) ;
#683 = CARTESIAN_POINT ( 'NONE',  ( 0.06542438130972609567, -0.06542438130972610955, 0.2125000000000000500 ) ) ;
#684 = CARTESIAN_POINT ( 'NONE',  ( -0.1152275101366084520, -0.1499375328083466519, 0.5093750000000000222 ) ) ;
#685 = VERTEX_POINT ( 'NONE', #2711 ) ;
#686 = ADVANCED_FACE ( 'NONE', ( #2230 ), #1593, .T. ) ;
#687 = ORIENTED_EDGE ( 'NONE', *, *, #2591, .T. ) ;
#688 = CARTESIAN_POINT ( 'NONE',  ( 0.05177669529663683767, -0.1249999999999999167, 0.4343750000000001776 ) ) ;
#689 = CARTESIAN_POINT ( 'NONE',  ( -0.1249999999999999306, 3.455662024164295957E-19, 0.1625000000000000056 ) ) ;
#690 = CARTESIAN_POINT ( 'NONE',  ( 0.06542438130972608179, -0.06542438130972606791, 0.3062500000000000222 ) ) ;
#691 = CARTESIAN_POINT ( 'NONE',  ( -0.03832471526136872059, 0.09252404735808351932, 0.3843749999999999112 ) ) ;
#692 = CARTESIAN_POINT ( 'NONE',  ( -0.02208932314518406367, -0.1687499999999999001, 0.7499999999999998890 ) ) ;
#693 = ORIENTED_EDGE ( 'NONE', *, *, #700, .T. ) ;
#694 = ORIENTED_EDGE ( 'NONE', *, *, #3695, .F. ) ;
#695 = CARTESIAN_POINT ( 'NONE',  ( -0.09375000000000024980, 0.01840772069489212195, 0.6252442289393692620 ) ) ;
#696 = CARTESIAN_POINT ( 'NONE',  ( 0.09252404735808346381, 0.03832471526136878304, 0.3218749999999999667 ) ) ;
#697 = CARTESIAN_POINT ( 'NONE',  ( 0.09375000000000001388, 0.05412658773652767596, 0.6328124999999998890 ) ) ;
#698 = CARTESIAN_POINT ( 'NONE',  ( 0.06542438130972610955, 0.06542438130972604016, 0.06874999999999997780 ) ) ;
#699 = CARTESIAN_POINT ( 'NONE',  ( 0.05177669529663683767, -0.1250000000000000555, -0.01562499999999996877 ) ) ;
#700 = EDGE_CURVE ( 'NONE', #2593, #3260, #3407, .T. ) ;
#701 = CARTESIAN_POINT ( 'NONE',  ( 0.09252404735808346381, -0.03832471526136876222, 0.2156250000000000111 ) ) ;
#702 = ORIENTED_EDGE ( 'NONE', *, *, #2853, .F. ) ;
#703 = CARTESIAN_POINT ( 'NONE',  ( -0.02454369240633530458, 0.1874999999999999167, 0.5093750000000000222 ) ) ;
#704 = DIRECTION ( 'NONE',  ( -0.000000000000000000, -0.000000000000000000, 1.000000000000000000 ) ) ;
#705 = CARTESIAN_POINT ( 'NONE',  ( 0.000000000000000000, 2.561107494060246767E-17, 0.6328124999999998890 ) ) ;
#706 = ORIENTED_EDGE ( 'NONE', *, *, #3027, .F. ) ;
#707 = ADVANCED_FACE ( 'NONE', ( #2798 ), #1978, .T. ) ;
#708 = CARTESIAN_POINT ( 'NONE',  ( -0.05177669529663686543, 0.1250000000000000278, 0.4093749999999999889 ) ) ;
#709 = CARTESIAN_POINT ( 'NONE',  ( 0.000000000000000000, 2.561107494060246767E-17, 0.6328124999999998890 ) ) ;
#710 = CARTESIAN_POINT ( 'NONE',  ( -0.09252404735808346381, -0.03832471526136867201, 0.2906250000000000222 ) ) ;
#711 = CARTESIAN_POINT ( 'NONE',  ( 0.09442855881954365094, -0.1638349478164232709, 0.5093750000000000222 ) ) ;
#712 = CARTESIAN_POINT ( 'NONE',  ( 0.06542438130972609567, -0.06542438130972608179, 0.2625000000000000666 ) ) ;
#713 = CARTESIAN_POINT ( 'NONE',  ( 0.1556432004982485073, -0.08970713070317465343, 0.5000000000000000000 ) ) ;
#714 = AXIS2_PLACEMENT_3D ( 'NONE', #1708, #2867, #1989 ) ;
#715 = CARTESIAN_POINT ( 'NONE',  ( -0.1249999999999999584, 0.05177669529663683767, 0.06562499999999998890 ) ) ;
#716 = CARTESIAN_POINT ( 'NONE',  ( 0.08113217237799466575, -0.04902654045406401595, 0.007003712502812595858 ) ) ;
#717 = VECTOR ( 'NONE', #1787, 39.37007874015748143 ) ;
#718 = ORIENTED_EDGE ( 'NONE', *, *, #949, .F. ) ;
#719 = CARTESIAN_POINT ( 'NONE',  ( -0.03832471526136872059, -0.09252404735808351932, 0.09687500000000004441 ) ) ;
#720 = PRODUCT_DEFINITION ( 'General', '', #293, #3611 ) ;
#721 = CARTESIAN_POINT ( 'NONE',  ( 0.03832471526136876916, 0.09252404735808351932, 0.5218749999999999778 ) ) ;
#722 = CIRCLE ( 'NONE', #2879, 0.1487499999999999656 ) ;
#723 = CARTESIAN_POINT ( 'NONE',  ( -0.05177669529663686543, -0.1249999999999999167, 0.2218750000000000444 ) ) ;
#724 = CARTESIAN_POINT ( 'NONE',  ( -0.1249999999999999445, 2.191558125203230852E-18, 0.1687500000000000111 ) ) ;
#725 = LINE ( 'NONE', #193, #352 ) ;
#726 = CARTESIAN_POINT ( 'NONE',  ( -0.09201152083094055190, -0.07165131155400794594, 0.02897199191162626308 ) ) ;
#727 = EDGE_CURVE ( 'NONE', #1196, #914, #784, .T. ) ;
#728 = LINE ( 'NONE', #2773, #2436 ) ;
#729 = CARTESIAN_POINT ( 'NONE',  ( 0.09252404735808347769, 0.03832471526136876222, 0.2718750000000000333 ) ) ;
#730 = ORIENTED_EDGE ( 'NONE', *, *, #3266, .F. ) ;
#731 = CARTESIAN_POINT ( 'NONE',  ( 0.08838834764831840496, 0.08838834764831844659, 0.3937500000000000444 ) ) ;
#732 = CARTESIAN_POINT ( 'NONE',  ( 0.000000000000000000, 0.09252404735808347769, 0.2749999999999999667 ) ) ;
#733 = CARTESIAN_POINT ( 'NONE',  ( 0.000000000000000000, 0.09252404735808350544, 0.2812499999999999445 ) ) ;
#734 = CARTESIAN_POINT ( 'NONE',  ( 0.1249999999999999306, 6.649234679468681023E-18, 0.2875000000000000333 ) ) ;
#735 = CARTESIAN_POINT ( 'NONE',  ( 0.1249999999999999306, 1.538357638823458624E-17, 0.000000000000000000 ) ) ;
#736 = CARTESIAN_POINT ( 'NONE',  ( -1.530808498934190893E-17, -0.1249999999999999167, 0.2250000000000000611 ) ) ;
#737 = EDGE_CURVE ( 'NONE', #1553, #3609, #3130, .T. ) ;
#738 = CARTESIAN_POINT ( 'NONE',  ( -0.09252404735808346381, -9.026980061339992372E-18, 0.1375000000000000111 ) ) ;
#739 = CARTESIAN_POINT ( 'NONE',  ( 0.04907772852309076617, -0.1826198767900997499, 0.7500000000000000000 ) ) ;
#740 = CARTESIAN_POINT ( 'NONE',  ( -0.05177669529663686543, 0.1249999999999998890, 0.009374999999999968428 ) ) ;
#741 = CARTESIAN_POINT ( 'NONE',  ( -0.09252404735808350544, -0.03832471526136869977, 0.2468750000000000389 ) ) ;
#742 = CARTESIAN_POINT ( 'NONE',  ( -0.05177669529663686543, -0.1249999999999998751, 0.3218750000000000777 ) ) ;
#743 = VERTEX_POINT ( 'NONE', #2249 ) ;
#744 = CARTESIAN_POINT ( 'NONE',  ( -0.1826198767988397309, -0.04907772850198856979, 0.5000000000000000000 ) ) ;
#745 = CARTESIAN_POINT ( 'NONE',  ( 0.1638349478164232709, 0.09442855881954360930, 0.7312500000000000666 ) ) ;
#746 = CARTESIAN_POINT ( 'NONE',  ( -0.1136107581013575535, -0.01177209786780633594, 0.02611075810135791986 ) ) ;
#747 = CARTESIAN_POINT ( 'NONE',  ( 0.1300000000000000044, -7.122467467362699164E-17, 0.4749999999999999778 ) ) ;
#748 = CARTESIAN_POINT ( 'NONE',  ( -0.06290549989091975824, 0.07193466817752458553, 0.7416383330878953961 ) ) ;
#749 = CARTESIAN_POINT ( 'NONE',  ( 0.09252404735808344993, 0.03832471526136875528, 0.2656250000000000000 ) ) ;
#750 = CARTESIAN_POINT ( 'NONE',  ( 0.1643578891111031060, -0.04416995567075076429, 0.7499999999999998890 ) ) ;
#751 = CARTESIAN_POINT ( 'NONE',  ( 0.000000000000000000, 0.09252404735808347769, 0.2312499999999999833 ) ) ;
#752 = CARTESIAN_POINT ( 'NONE',  ( 0.09139557869619627239, 0.04977808012638113011, 0.4599736789559455419 ) ) ;
#753 = CARTESIAN_POINT ( 'NONE',  ( 0.1249999999999999445, 2.326316198454988612E-17, 0.3437500000000000555 ) ) ;
#754 = CARTESIAN_POINT ( 'NONE',  ( -0.04662384207688961835, 0.1734888829588884518, 0.5000000000000000000 ) ) ;
#755 = CARTESIAN_POINT ( 'NONE',  ( 0.1218995855725564376, -0.01580241962676439196, 0.03516654262023721778 ) ) ;
#756 = ADVANCED_FACE ( 'NONE', ( #3682 ), #1960, .T. ) ;
#757 = CARTESIAN_POINT ( 'NONE',  ( -0.09375000000000019429, -0.04533366931175593362, 0.6302742030902471759 ) ) ;
#758 = CARTESIAN_POINT ( 'NONE',  ( -0.03832471526136872753, -0.09252404735808351932, 0.1531250000000000389 ) ) ;
#759 = CARTESIAN_POINT ( 'NONE',  ( 0.09252404735808346381, -3.907280344073419409E-17, 0.1125000000000000167 ) ) ;
#760 = CARTESIAN_POINT ( 'NONE',  ( -0.1249999999999999722, -0.05177669529663686543, 0.1718750000000000278 ) ) ;
#761 = CARTESIAN_POINT ( 'NONE',  ( -0.08838834764831839108, -0.08838834764831829394, 0.4687500000000000000 ) ) ;
#762 = EDGE_LOOP ( 'NONE', ( #97, #687, #22, #2329 ) ) ;
#763 = CARTESIAN_POINT ( 'NONE',  ( -0.09252404735808347769, -0.03832471526136876222, -0.009374999999999997918 ) ) ;
#764 = CARTESIAN_POINT ( 'NONE',  ( -0.1874999999999999167, 7.549139889267777477E-20, 0.000000000000000000 ) ) ;
#765 = CYLINDRICAL_SURFACE ( 'NONE', #1028, 0.1249999999999999306 ) ;
#766 = CARTESIAN_POINT ( 'NONE',  ( -0.09252404735808350544, 0.03832471526136875528, 0.2906250000000000222 ) ) ;
#767 = ORIENTED_EDGE ( 'NONE', *, *, #858, .F. ) ;
#768 = CARTESIAN_POINT ( 'NONE',  ( 0.1249999999999995559, 0.05177669529663734421, 0.4406250000000000444 ) ) ;
#769 = CARTESIAN_POINT ( 'NONE',  ( -0.01539068948143306609, 0.09936735675793577360, 0.7453376562697852092 ) ) ;
#770 = CARTESIAN_POINT ( 'NONE',  ( -0.09252404735808346381, 0.03832471526136876222, 0.3343750000000000333 ) ) ;
#771 = CARTESIAN_POINT ( 'NONE',  ( -0.09252404735808347769, 5.189075339062451414E-17, 0.3437500000000000000 ) ) ;
#772 = CARTESIAN_POINT ( 'NONE',  ( -0.1638349479016320553, -0.09442855861384152893, 0.7500000000000000000 ) ) ;
#773 = CARTESIAN_POINT ( 'NONE',  ( 0.03832471526136869977, -0.09252404735808350544, 0.2593750000000000222 ) ) ;
#774 = DIRECTION ( 'NONE',  ( -0.7071067811865440200, 8.659560562354889717E-17, 0.7071067811865510144 ) ) ;
#775 = CARTESIAN_POINT ( 'NONE',  ( 0.1874999999999999167, 0.02454369240633530111, 0.5093750000000000222 ) ) ;
#776 = CARTESIAN_POINT ( 'NONE',  ( 0.04419728187491580446, 0.1643496145602676706, 0.7499999999999998890 ) ) ;
#777 = CARTESIAN_POINT ( 'NONE',  ( 0.08278802161811037175, -0.07460569986061874048, 0.02366498104441768294 ) ) ;
#778 = DIRECTION ( 'NONE',  ( -0.000000000000000000, -0.000000000000000000, 1.000000000000000000 ) ) ;
#779 = CARTESIAN_POINT ( 'NONE',  ( -0.06542438130972610955, -0.06542438130972610955, 0.1500000000000000222 ) ) ;
#780 = CARTESIAN_POINT ( 'NONE',  ( -0.09252404735808347769, -0.03832471526136869283, 0.2406250000000000056 ) ) ;
#781 = CARTESIAN_POINT ( 'NONE',  ( -0.05177669529663687931, -0.1249999999999999861, 0.07812500000000002776 ) ) ;
#782 = CARTESIAN_POINT ( 'NONE',  ( 0.06542438130972610955, 0.06542438130972608179, 0.2249999999999999778 ) ) ;
#783 = VECTOR ( 'NONE', #3346, 39.37007874015748143 ) ;
#784 = B_SPLINE_CURVE_WITH_KNOTS ( 'NONE', 3,
 ( #2783, #2195, #3430, #1663, #757, #2837 ),
 .UNSPECIFIED., .F., .F.,
 ( 4, 2, 4 ),
 ( 0.008755864747575423795, 0.009451757481403012806, 0.01014765021523060355 ),
 .UNSPECIFIED. ) ;
#785 = CARTESIAN_POINT ( 'NONE',  ( -0.08838834764831837720, 0.08838834764831850210, 0.5062499999999999778 ) ) ;
#786 = AXIS2_PLACEMENT_3D ( 'NONE', #709, #1919, #1618 ) ;
#787 = CARTESIAN_POINT ( 'NONE',  ( 0.03832471526136876916, 0.09252404735808343605, 0.1218749999999999833 ) ) ;
#788 = CARTESIAN_POINT ( 'NONE',  ( -0.03152818781910344398, -0.08698662375540387737, 0.4534921628294171780 ) ) ;
#789 = CARTESIAN_POINT ( 'NONE',  ( 0.1152275101527357876, -0.1499375327922194689, 0.7312499999999998446 ) ) ;
#790 = CARTESIAN_POINT ( 'NONE',  ( 0.09252404735808346381, -0.03832471526136870671, 0.4156250000000001332 ) ) ;
#791 = FACE_OUTER_BOUND ( 'NONE', #584, .T. ) ;
#792 = CARTESIAN_POINT ( 'NONE',  ( 0.09375000000000001388, -1.104688082028675513E-16, 0.7416265877365273429 ) ) ;
#793 = EDGE_CURVE ( 'NONE', #3172, #2637, #3348, .T. ) ;
#794 = CARTESIAN_POINT ( 'NONE',  ( 0.03084450010908023482, 0.09044509503205815093, 0.7416383330878951741 ) ) ;
#795 = CARTESIAN_POINT ( 'NONE',  ( 0.1037047591374642558, 0.1349437795129906081, 0.7499999999999998890 ) ) ;
#796 = CARTESIAN_POINT ( 'NONE',  ( -0.1687499999999999001, 2.744475302765376899E-17, 0.7499999999999998890 ) ) ;
#797 = CARTESIAN_POINT ( 'NONE',  ( 0.04088777990214550323, 0.1008129280403046585, 0.4626874471101146136 ) ) ;
#798 = DIRECTION ( 'NONE',  ( -0.000000000000000000, -0.000000000000000000, -1.000000000000000000 ) ) ;
#799 = CARTESIAN_POINT ( 'NONE',  ( -0.1874999999999999167, 0.02454369240633882954, 0.5000000000000000000 ) ) ;
#800 = CARTESIAN_POINT ( 'NONE',  ( 0.1249999999999999306, -5.242250684970901619E-17, 0.08750000000000000833 ) ) ;
#801 = CARTESIAN_POINT ( 'NONE',  ( 0.06542438130972609567, -0.06542438130972612342, 0.1625000000000000333 ) ) ;
#802 = CARTESIAN_POINT ( 'NONE',  ( 0.03832471526136869283, -0.09252404735808350544, 0.2031250000000000278 ) ) ;
#803 = CARTESIAN_POINT ( 'NONE',  ( -1.530808498934190893E-17, -0.1249999999999999861, 0.08125000000000005829 ) ) ;
#804 = CARTESIAN_POINT ( 'NONE',  ( -0.05177669529663686543, 0.1249999999999999861, 0.4031249999999999001 ) ) ;
#805 = CARTESIAN_POINT ( 'NONE',  ( 0.09252404735808344993, 0.03832471526136872059, 0.1656250000000000222 ) ) ;
#806 =( BOUNDED_CURVE ( )  B_SPLINE_CURVE ( 2, ( #145, #2467, #3087, #3404, #2509, #483, #182, #2226, #438 ),
 .UNSPECIFIED., .F., .T. ) 
 B_SPLINE_CURVE_WITH_KNOTS ( ( 3, 2, 2, 2, 3 ),
 ( 0.2045454545454545581, 0.2159090909090909394, 0.2272727272727272929, 0.2386363636363637020, 0.2500000000000000555 ),
 .UNSPECIFIED. ) 
 CURVE ( )  GEOMETRIC_REPRESENTATION_ITEM ( )  RATIONAL_B_SPLINE_CURVE ( ( 1.000000000000000000, 0.9238795325112867385, 1.000000000000000000, 0.9238795325112867385, 1.000000000000000000, 0.9238795325112867385, 1.000000000000000000, 0.9238795325112864054, 1.000000000000000444 ) ) 
 REPRESENTATION_ITEM ( '' )  );
#807 = CARTESIAN_POINT ( 'NONE',  ( -0.04416995567074379070, -0.1643578891110954177, 0.7499999999999998890 ) ) ;
#808 = CARTESIAN_POINT ( 'NONE',  ( -0.09442855861385884841, -0.1638349479016228960, 0.7500000000000000000 ) ) ;
#809 = CARTESIAN_POINT ( 'NONE',  ( -0.08838834764831839108, 0.08838834764831850210, 0.4624999999999999667 ) ) ;
#810 = CARTESIAN_POINT ( 'NONE',  ( 0.01530756312513085506, 0.09941534978212360207, 0.7448974789582294420 ) ) ;
#811 = CARTESIAN_POINT ( 'NONE',  ( -0.1874999999999999167, -0.02454369238351460786, 0.7500000000000000000 ) ) ;
#812 = EDGE_CURVE ( 'NONE', #1770, #254, #3352, .T. ) ;
#813 = CARTESIAN_POINT ( 'NONE',  ( 0.1499375328083512871, -0.1152275101366039001, 0.5000000000000000000 ) ) ;
#814 = SURFACE_STYLE_FILL_AREA ( #3450 ) ;
#815 = CARTESIAN_POINT ( 'NONE',  ( 0.000000000000000000, 0.1249999999999998751, -3.414809992080329023E-17 ) ) ;
#816 = CARTESIAN_POINT ( 'NONE',  ( -0.09252404735808350544, -0.03832471526136875528, 0.04687500000000001388 ) ) ;
#817 = CARTESIAN_POINT ( 'NONE',  ( -0.03832471526136870671, 0.09252404735808347769, 0.2281250000000000222 ) ) ;
#818 = CARTESIAN_POINT ( 'NONE',  ( -0.1249999999999999722, -0.05177669529663688625, 0.07187500000000002220 ) ) ;
#819 = ORIENTED_EDGE ( 'NONE', *, *, #338, .F. ) ;
#820 = CARTESIAN_POINT ( 'NONE',  ( -0.03832471526136872059, -0.09252404735808351932, 0.09687500000000004441 ) ) ;
#821 = VERTEX_POINT ( 'NONE', #186 ) ;
#822 = CARTESIAN_POINT ( 'NONE',  ( -0.04419943486702259533, -0.1169248047141229346, 0.4721304482402233771 ) ) ;
#823 = CARTESIAN_POINT ( 'NONE',  ( 0.1734754112229276446, -0.04664901554888233742, 0.5000000000000001110 ) ) ;
#824 = ORIENTED_EDGE ( 'NONE', *, *, #1934, .T. ) ;
#825 = EDGE_CURVE ( 'NONE', #1763, #474, #187, .T. ) ;
#826 = CARTESIAN_POINT ( 'NONE',  ( 0.08838834764831837720, -0.08838834764831833557, 0.3812500000000000888 ) ) ;
#827 = CARTESIAN_POINT ( 'NONE',  ( 0.000000000000000000, 2.561107494060246767E-17, 0.5703125000000001110 ) ) ;
#828 = CARTESIAN_POINT ( 'NONE',  ( -0.02454369238351461827, 0.1874999999999999167, 0.7500000000000000000 ) ) ;
#829 = CARTESIAN_POINT ( 'NONE',  ( 0.000000000000000000, 0.09252404735808358871, 0.5312500000000000000 ) ) ;
#830 = ADVANCED_FACE ( 'NONE', ( #2489 ), #2531, .T. ) ;
#831 = CARTESIAN_POINT ( 'NONE',  ( 0.04907772850198588444, 0.1826198767988404803, 0.5000000000000000000 ) ) ;
#832 = CARTESIAN_POINT ( 'NONE',  ( -0.007077224641490673963, -0.09417333102044977977, 0.006613894216687185058 ) ) ;
#833 = ORIENTED_EDGE ( 'NONE', *, *, #1769, .T. ) ;
#834 = CARTESIAN_POINT ( 'NONE',  ( 0.03832471526136877610, 0.09252404735808342218, 0.02812499999999996947 ) ) ;
#835 =( BOUNDED_CURVE ( )  B_SPLINE_CURVE ( 2, ( #1521, #1227, #877, #2398, #1852, #2184, #2497, #3355, #471 ),
 .UNSPECIFIED., .F., .F. ) 
 B_SPLINE_CURVE_WITH_KNOTS ( ( 3, 2, 2, 2, 3 ),
 ( 0.2500000000000000555, 0.2613636363636364091, 0.2727272727272727071, 0.2840909090909091161, 0.2954545454545454697 ),
 .UNSPECIFIED. ) 
 CURVE ( )  GEOMETRIC_REPRESENTATION_ITEM ( )  RATIONAL_B_SPLINE_CURVE ( ( 0.9999999999999996669, 0.9238795325112870716, 1.000000000000000000, 0.9238795325112867385, 1.000000000000000000, 0.9238795325112867385, 1.000000000000000000, 0.9238795325112867385, 1.000000000000000000 ) ) 
 REPRESENTATION_ITEM ( '' )  );
#836 = CARTESIAN_POINT ( 'NONE',  ( -0.06542438130972608179, 0.06542438130972612342, 0.2812499999999999445 ) ) ;
#837 = CARTESIAN_POINT ( 'NONE',  ( 0.05177669529663683767, -0.1249999999999999861, 0.1343750000000000500 ) ) ;
#838 = CARTESIAN_POINT ( 'NONE',  ( -0.03832471526136870671, 0.09252404735808344993, 0.1281249999999999889 ) ) ;
#839 = CARTESIAN_POINT ( 'NONE',  ( -1.133092784412350615E-17, -0.09252404735808354708, 0.006250000000000025500 ) ) ;
#840 = CARTESIAN_POINT ( 'NONE',  ( -0.03832471526136870671, 0.09252404735808343605, 0.07812499999999997224 ) ) ;
#841 = AXIS2_PLACEMENT_3D ( 'NONE', #1236, #1750, #2909 ) ;
#842 = CARTESIAN_POINT ( 'NONE',  ( 0.03832471526136869977, -0.09252404735808344993, 0.4093750000000000444 ) ) ;
#843 = TOROIDAL_SURFACE ( 'NONE', #3004, 0.1487499999999999656, 0.01875000000000000278 ) ;
#844 = DIRECTION ( 'NONE',  ( -1.000000000000000000, 0.000000000000000000, 0.000000000000000000 ) ) ;
#845 = CARTESIAN_POINT ( 'NONE',  ( 0.08967980441429337923, -0.1556514748752158006, 0.5000000000000001110 ) ) ;
#846 = CARTESIAN_POINT ( 'NONE',  ( 0.06542438130972608179, -0.06542438130972615118, 0.006250000000000014225 ) ) ;
#847 = AXIS2_PLACEMENT_3D ( 'NONE', #925, #117, #1321 ) ;
#848 = ADVANCED_FACE ( 'NONE', ( #3387 ), #3460, .T. ) ;
#849 = CARTESIAN_POINT ( 'NONE',  ( 0.06542438130972610955, 0.06542438130972615118, 0.4249999999999999889 ) ) ;
#850 = CARTESIAN_POINT ( 'NONE',  ( -0.06430178835283394123, 0.09600064698261506768, 0.4665729564481916891 ) ) ;
#851 = CARTESIAN_POINT ( 'NONE',  ( -0.1874999999999999167, -0.02454369238351460786, 0.7500000000000000000 ) ) ;
#852 = CARTESIAN_POINT ( 'NONE',  ( -0.1638349478928978753, 0.09442855863491764201, 0.5093750000000000222 ) ) ;
#853 = CARTESIAN_POINT ( 'NONE',  ( -0.1249999999999999445, -1.257637725709119499E-17, 0.1187499999999999944 ) ) ;
#854 = VERTEX_POINT ( 'NONE', #1091 ) ;
#855 = CARTESIAN_POINT ( 'NONE',  ( -0.09252404735808347769, -0.03832471526136865814, 0.3406250000000000111 ) ) ;
#856 = LINE ( 'NONE', #3573, #171 ) ;
#857 =( BOUNDED_CURVE ( )  B_SPLINE_CURVE ( 2, ( #3807, #881, #3181, #2890, #2946, #1150, #2575, #3768, #2328 ),
 .UNSPECIFIED., .F., .F. ) 
 B_SPLINE_CURVE_WITH_KNOTS ( ( 3, 2, 2, 2, 3 ),
 ( 0.1590909090909090884, 0.1704545454545454419, 0.1818181818181818232, 0.1931818181818181768, 0.2045454545454545581 ),
 .UNSPECIFIED. ) 
 CURVE ( )  GEOMETRIC_REPRESENTATION_ITEM ( )  RATIONAL_B_SPLINE_CURVE ( ( 1.000000000000000000, 0.9238795325112867385, 1.000000000000000000, 0.9238795325112867385, 1.000000000000000000, 0.9238795325112867385, 1.000000000000000000, 0.9238795325112867385, 1.000000000000000000 ) ) 
 REPRESENTATION_ITEM ( '' )  );
#858 = EDGE_CURVE ( 'NONE', #1665, #3296, #2292, .T. ) ;
#859 = ORIENTED_EDGE ( 'NONE', *, *, #2623, .F. ) ;
#860 = CARTESIAN_POINT ( 'NONE',  ( 0.09252404735808344993, 0.03832471526136877610, 0.3656250000000000333 ) ) ;
#861 = EDGE_LOOP ( 'NONE', ( #1879, #433, #580, #2018 ) ) ;
#862 = CARTESIAN_POINT ( 'NONE',  ( -0.04419943486702259533, -0.1169248047141229346, 0.4721304482402233771 ) ) ;
#863 = CARTESIAN_POINT ( 'NONE',  ( 0.1152275101366037335, -0.1499375328083514813, 0.5000000000000000000 ) ) ;
#864 = CARTESIAN_POINT ( 'NONE',  ( 0.08838834764831840496, 0.08838834764831843271, 0.3437500000000000555 ) ) ;
#865 = CARTESIAN_POINT ( 'NONE',  ( 0.09252404735808346381, 4.953480885303234402E-17, 0.4125000000000000333 ) ) ;
#866 = CARTESIAN_POINT ( 'NONE',  ( 0.09375000000000054123, -0.05412658773652687105, 0.7499999999999998890 ) ) ;
#867 = CARTESIAN_POINT ( 'NONE',  ( 0.09375000000000020817, 2.561107471552864931E-17, 0.6244390877365274539 ) ) ;
#868 = ORIENTED_EDGE ( 'NONE', *, *, #2044, .T. ) ;
#869 = CARTESIAN_POINT ( 'NONE',  ( 0.06542438130972609567, -0.06542438130972602628, 0.4625000000000000777 ) ) ;
#870 = CARTESIAN_POINT ( 'NONE',  ( -0.1826198767988361782, -0.04907772850198707099, 0.5093750000000000222 ) ) ;
#871 = CARTESIAN_POINT ( 'NONE',  ( -0.1249999999999999306, 7.549139889267777477E-20, 0.000000000000000000 ) ) ;
#872 = CARTESIAN_POINT ( 'NONE',  ( -0.05177669529663686543, 0.1249999999999998751, 0.003124999999999965913 ) ) ;
#873 = EDGE_LOOP ( 'NONE', ( #2407, #596, #3766, #1904 ) ) ;
#874 = CARTESIAN_POINT ( 'NONE',  ( 0.09252404735808347769, 0.03832471526136877610, 0.3218749999999999667 ) ) ;
#875 = CARTESIAN_POINT ( 'NONE',  ( 0.06542438130972608179, -0.06542438130972601240, 0.5062499999999999778 ) ) ;
#876 = CARTESIAN_POINT ( 'NONE',  ( 0.08838834764831843271, 0.08838834764831840496, 0.2999999999999999889 ) ) ;
#877 = CARTESIAN_POINT ( 'NONE',  ( 0.08838834764831843271, 0.08838834764831833557, 0.09999999999999999167 ) ) ;
#878 = CARTESIAN_POINT ( 'NONE',  ( -0.03084450010907965542, -0.09044509503205799827, 0.7416383330878950630 ) ) ;
#879 = ORIENTED_EDGE ( 'NONE', *, *, #1357, .T. ) ;
#880 = CARTESIAN_POINT ( 'NONE',  ( 0.000000000000000000, 0.09252404735808346381, 0.2249999999999999778 ) ) ;
#881 = CARTESIAN_POINT ( 'NONE',  ( 0.1249999999999999167, 0.05177669529663687931, 0.09062500000000001110 ) ) ;
#882 = CARTESIAN_POINT ( 'NONE',  ( 0.007663316585628502167, -0.1038287575794567125, 0.7474455611380927955 ) ) ;
#883 = CARTESIAN_POINT ( 'NONE',  ( 0.1094661346297702009, 0.1424406561679372740, 0.5000000000000000000 ) ) ;
#884 =( NAMED_UNIT ( * ) PLANE_ANGLE_UNIT ( ) SI_UNIT ( $, .RADIAN. ) );
#885 = CARTESIAN_POINT ( 'NONE',  ( 0.09375000000000001388, -1.104688082028675513E-16, 0.7416265877365273429 ) ) ;
#886 = CARTESIAN_POINT ( 'NONE',  ( 0.09375000000000019429, 0.04537600886646683818, 0.6302864254669027222 ) ) ;
#887 = CARTESIAN_POINT ( 'NONE',  ( -1.530808498934190893E-17, -0.1249999999999998751, 0.3250000000000000666 ) ) ;
#888 = CARTESIAN_POINT ( 'NONE',  ( 0.05177669529663683767, -0.1249999999999999584, 0.2843750000000000444 ) ) ;
#889 = FACE_OUTER_BOUND ( 'NONE', #1867, .T. ) ;
#890 = ORIENTED_EDGE ( 'NONE', *, *, #40, .F. ) ;
#891 = CARTESIAN_POINT ( 'NONE',  ( -0.09252404735808347769, -3.671685890314203014E-17, 0.04375000000000000416 ) ) ;
#892 = CARTESIAN_POINT ( 'NONE',  ( 0.03832471526136869283, -0.09252404735808342218, 0.4531250000000000555 ) ) ;
#893 = CARTESIAN_POINT ( 'NONE',  ( -0.08838834764831840496, -0.08838834764831836333, 0.2750000000000000777 ) ) ;
#894 = CARTESIAN_POINT ( 'NONE',  ( -0.007663316585628466605, -0.1038287575794571566, 0.6302580611380931286 ) ) ;
#895 = CARTESIAN_POINT ( 'NONE',  ( 0.08838834764831840496, 0.08838834764831839108, 0.2437499999999999944 ) ) ;
#896 = CARTESIAN_POINT ( 'NONE',  ( -0.05177669529663687931, -0.1249999999999999445, 0.1718750000000000555 ) ) ;
#897 = CARTESIAN_POINT ( 'NONE',  ( 0.09252404735808346381, -9.536932676145348567E-18, 0.2125000000000000222 ) ) ;
#898 = CARTESIAN_POINT ( 'NONE',  ( 0.09252404735808347769, -5.199474690024182682E-17, 0.06875000000000000555 ) ) ;
#899 = EDGE_CURVE ( 'NONE', #2380, #666, #3772, .T. ) ;
#900 = CARTESIAN_POINT ( 'NONE',  ( -0.1249999999999999584, -0.05177669529663686543, 0.1156250000000000333 ) ) ;
#901 = ORIENTED_EDGE ( 'NONE', *, *, #135, .F. ) ;
#902 = CARTESIAN_POINT ( 'NONE',  ( 0.03832471526136869977, -0.09252404735808351932, 0.2093750000000000611 ) ) ;
#904 = AXIS2_PLACEMENT_3D ( 'NONE', #3523, #3163, #3203 ) ;
#903 = CYLINDRICAL_SURFACE ( 'NONE', #2687, 0.1249999999999999306 ) ;
#905 = CARTESIAN_POINT ( 'NONE',  ( -0.04907772850199079023, 0.1826198767988304328, 0.5000000000000000000 ) ) ;
#906 = CIRCLE ( 'NONE', #2382, 0.1487499999999999656 ) ;
#907 = CARTESIAN_POINT ( 'NONE',  ( -0.09374999999999995837, 0.05412658773652766903, 0.7499999999999998890 ) ) ;
#908 = DIRECTION ( 'NONE',  ( -1.000000000000000000, 0.000000000000000000, 0.000000000000000000 ) ) ;
#909 = EDGE_CURVE ( 'NONE', #1634, #2495, #3811, .T. ) ;
#910 = CARTESIAN_POINT ( 'NONE',  ( 0.1082531754730549772, -1.104688079777929626E-16, 0.7499999999999998890 ) ) ;
#911 = CARTESIAN_POINT ( 'NONE',  ( 0.000000000000000000, 0.09252404735808343605, 0.07499999999999998335 ) ) ;
#912 = CARTESIAN_POINT ( 'NONE',  ( 0.000000000000000000, 0.1250000000000000278, 0.4062500000000000000 ) ) ;
#913 = CARTESIAN_POINT ( 'NONE',  ( 0.06542438130972609567, -0.06542438130972612342, 0.1625000000000000333 ) ) ;
#914 = VERTEX_POINT ( 'NONE', #2257 ) ;
#915 = CARTESIAN_POINT ( 'NONE',  ( -0.09252404735808346381, 9.434856761472099085E-17, 0.4875000000000000444 ) ) ;
#916 = CARTESIAN_POINT ( 'NONE',  ( 0.05177669529663683767, -0.1249999999999999861, 0.2343750000000000278 ) ) ;
#917 = CARTESIAN_POINT ( 'NONE',  ( -0.1152275101527342471, -0.1499375327922209400, 0.7312499999999998446 ) ) ;
#918 = CARTESIAN_POINT ( 'NONE',  ( 9.049246479012871048E-16, -0.1082531754730551021, 0.7499999999999998890 ) ) ;
#919 = CARTESIAN_POINT ( 'NONE',  ( -0.1249999999999999445, 1.695949350749766594E-17, 0.2187500000000000278 ) ) ;
#920 = CARTESIAN_POINT ( 'NONE',  ( 0.1250000000000001110, -0.05177669529663672665, 0.1843750000000000389 ) ) ;
#921 = VERTEX_POINT ( 'NONE', #792 ) ;
#922 = CARTESIAN_POINT ( 'NONE',  ( -0.09252404735808347769, -0.03832471526136867201, 0.2906250000000000222 ) ) ;
#923 = CARTESIAN_POINT ( 'NONE',  ( -0.03832471526136872753, -0.09252404735808351932, 0.05312500000000003331 ) ) ;
#924 = CARTESIAN_POINT ( 'NONE',  ( 0.1249999999999999167, 0.05177669529663686543, 0.1406250000000000000 ) ) ;
#925 = CARTESIAN_POINT ( 'NONE',  ( 0.000000000000000000, -1.104688079777929626E-16, 0.7499999999999998890 ) ) ;
#926 = ORIENTED_EDGE ( 'NONE', *, *, #258, .T. ) ;
#927 = CARTESIAN_POINT ( 'NONE',  ( 0.08496052921695110283, -0.1474649246648554179, 0.7500000000000001110 ) ) ;
#928 = CARTESIAN_POINT ( 'NONE',  ( -0.02454369238353786009, -0.1874999999999999167, 0.7500000000000000000 ) ) ;
#929 = CARTESIAN_POINT ( 'NONE',  ( 0.1638349478928924075, 0.09442855863492054247, 0.5000000000000000000 ) ) ;
#930 = EDGE_LOOP ( 'NONE', ( #294, #2091 ) ) ;
#931 = CARTESIAN_POINT ( 'NONE',  ( -0.01530756312513104241, 0.09941534978212349105, 0.6277099789582288869 ) ) ;
#932 = EDGE_CURVE ( 'NONE', #985, #281, #412, .T. ) ;
#933 = DIRECTION ( 'NONE',  ( -0.000000000000000000, -0.000000000000000000, 1.000000000000000000 ) ) ;
#934 = CARTESIAN_POINT ( 'NONE',  ( 0.000000000000000000, 0.09252404735808344993, 0.1749999999999999889 ) ) ;
#935 = ADVANCED_FACE ( 'NONE', ( #2578 ), #2377, .F. ) ;
#936 = CARTESIAN_POINT ( 'NONE',  ( 0.03832471526136877610, 0.09252404735808351932, 0.3781250000000000999 ) ) ;
#937 = CARTESIAN_POINT ( 'NONE',  ( -0.06542438130972610955, -0.06542438130972612342, 0.1000000000000000194 ) ) ;
#938 = VERTEX_POINT ( 'NONE', #1113 ) ;
#939 =( BOUNDED_SURFACE ( )  B_SPLINE_SURFACE ( 1, 2, ( 
 ( #815, #872, #1461, #220, #3230, #1079, #562, #3452, #291, #3531, #3171, #2878, #236, #253, #1425, #583, #2302, #2586, #1120, #2266, #2339, #2624, #2547, #2917, #3798, #3822, #1141, #1762, #800, #3808, #2635, #3578, #2671, #1209, #67, #1187, #3555, #900, #3219, #2085, #3277, #1820, #2384, #2964, #358, #924, #627, #1840, #339, #1527, #2403, #2691, #2127, #2048, #3295, #2926, #3238, #645, #572, #1855, #2065, #3006, #1774, #1471, #3539, #2457, #1016, #2713, #3095, #3040, #2787, #723, #3670, #136, #1273, #2143, #2198, #83, #115, #2494, #3653, #153, #1569, #1912, #3077, #428, #1875, #3021, #3353, #3632, #957, #1312, #1892, #2769, #375, #2473, #3688, #2420, #3617, #999, #3056, #3313, #3373, #742, #1033, #1929, #1254, #665, #1330, #2732, #2437, #2182, #95, #1631, #411, #392, #980, #2164, #1609, #3330, #682, #1589, #1550, #2214, #2751, #1294, #3391, #1946, #1127, #804, #2862, #2030, #2252, #170, #2550, #3709, #3411, #2535, #2306, #2886, #2821, #2011, #468, #3114, #1670, #3494, #2840, #2518, #3178, #1963, #761, #1084, #1688, #1048, #3156, #1372, #1352, #492, #3725, #3434, #223, #1104, #785, #2235, #3744, #1985, #1409, #1998, #1430, #2571, #241, #531, #2271, #3135, #511, #2590, #207 ),
 ( #1727, #1391, #3787, #3764, #3457, #2285, #445, #3471, #839, #1645, #2802, #674, #3288, #637, #351, #32, #78, #2724, #1244, #3303, #1850, #990, #2395, #3608, #655, #90, #953, #3031, #1560, #2156, #2904, #1866, #3568, #53, #1265, #2664, #1222, #3589, #937, #1517, #2119, #1499, #3015, #2429, #312, #3197, #366, #1884, #3626, #970, #3321, #2976, #1199, #386, #2372, #1581, #2740, #103, #913, #2095, #1284, #2445, #3268, #618, #1833, #330, #2190, #1901, #1041, #1006, #3046, #397, #2173, #3086, #2777, #143, #1598, #1655, #2830, #2507, #751, #3733, #1320, #2761, #437, #124, #1303, #420, #200, #773, #712, #2527, #3365, #1922, #3066, #1379, #733, #2465, #3718, #3660, #1621, #2795, #3382, #2485, #2224, #3677, #1021, #2205, #1938, #1638, #1955, #2811, #161, #1342, #3699, #3402, #3106, #457, #3125, #181, #1975, #1060, #1362, #2244, #3424, #481, #1680, #2543, #3340, #691, #284, #2037, #3208, #2913, #2004, #2560, #3507, #1696, #233, #3465, #2053, #267, #849, #1476, #520, #2641, #557, #1421, #2602, #2276, #1439, #2581, #1400, #3188, #1457, #3148, #1715, #1992, #1075, #2619, #3167, #2873, #540, #3225, #3778, #1757, #1118, #214, #1736, #3793, #2297, #578, #3484, #3815, #1157, #2895, #829 ) ),
 .UNSPECIFIED., .F., .F., .T. ) 
 B_SPLINE_SURFACE_WITH_KNOTS ( ( 2, 2 ),
 ( 3, 2, 2, 2, 2, 2, 2, 2, 2, 2, 2, 2, 2, 2, 2, 2, 2, 2, 2, 2, 2, 2, 2, 2, 2, 2, 2, 2, 2, 2, 2, 2, 2, 2, 2, 2, 2, 2, 2, 2, 2, 2, 2, 2, 2, 2, 2, 2, 2, 2, 2, 2, 2, 2, 2, 2, 2, 2, 2, 2, 2, 2, 2, 2, 2, 2, 2, 2, 2, 2, 2, 2, 2, 2, 2, 2, 2, 2, 2, 2, 2, 2, 2, 2, 2, 2, 2, 2, 3 ),
 ( 0.000000000000000000, 1.000000000000000000 ),
 ( 0.000000000000000000, 0.01136363636363636395, 0.02272727272727272790, 0.03409090909090908839, 0.04545454545454545581, 0.05681818181818181629, 0.06818181818181817677, 0.07954545454545454419, 0.09090909090909091161, 0.1022727272727272790, 0.1136363636363636326, 0.1250000000000000000, 0.1363636363636363535, 0.1477272727272727348, 0.1590909090909090884, 0.1704545454545454419, 0.1818181818181818232, 0.1931818181818181768, 0.2045454545454545581, 0.2159090909090909116, 0.2272727272727272652, 0.2386363636363636465, 0.2500000000000000000, 0.2613636363636363535, 0.2727272727272727071, 0.2840909090909091161, 0.2954545454545454697, 0.3068181818181818232, 0.3181818181818181768, 0.3295454545454545303, 0.3409090909090908839, 0.3522727272727272929, 0.3636363636363636465, 0.3750000000000000000, 0.3863636363636363535, 0.3977272727272727071, 0.4090909090909091161, 0.4204545454545454697, 0.4318181818181818232, 0.4431818181818181768, 0.4545454545454545303, 0.4659090909090908839, 0.4772727272727272929, 0.4886363636363636465, 0.5000000000000000000, 0.5113636363636363535, 0.5227272727272727071, 0.5340909090909090606, 0.5454545454545454142, 0.5568181818181817677, 0.5681818181818182323, 0.5795454545454545858, 0.5909090909090909394, 0.6022727272727272929, 0.6136363636363636465, 0.6250000000000000000, 0.6363636363636363535, 0.6477272727272727071, 0.6590909090909090606, 0.6704545454545454142, 0.6818181818181817677, 0.6931818181818182323, 0.7045454545454545858, 0.7159090909090909394, 0.7272727272727272929, 0.7386363636363636465, 0.7500000000000000000, 0.7613636363636363535, 0.7727272727272727071, 0.7840909090909090606, 0.7954545454545454142, 0.8068181818181817677, 0.8181818181818182323, 0.8295454545454545858, 0.8409090909090909394, 0.8522727272727272929, 0.8636363636363636465, 0.8750000000000000000, 0.8863636363636363535, 0.8977272727272727071, 0.9090909090909090606, 0.9204545454545454142, 0.9318181818181817677, 0.9431818181818182323, 0.9545454545454545858, 0.9659090909090909394, 0.9772727272727272929, 0.9886363636363636465, 1.000000000000000000 ),
 .UNSPECIFIED. ) 
 GEOMETRIC_REPRESENTATION_ITEM ( )  RATIONAL_B_SPLINE_SURFACE ( (
 ( 1.000000000000000000, 0.9238795325112867385, 1.000000000000000000, 0.9238795325112867385, 1.000000000000000000, 0.9238795325112867385, 1.000000000000000000, 0.9238795325112867385, 1.000000000000000000, 0.9238795325112867385, 1.000000000000000000, 0.9238795325112867385, 1.000000000000000000, 0.9238795325112867385, 1.000000000000000000, 0.9238795325112867385, 1.000000000000000000, 0.9238795325112867385, 1.000000000000000000, 0.9238795325112867385, 1.000000000000000000, 0.9238795325112867385, 1.000000000000000000, 0.9238795325112867385, 1.000000000000000000, 0.9238795325112867385, 1.000000000000000000, 0.9238795325112867385, 1.000000000000000000, 0.9238795325112867385, 1.000000000000000000, 0.9238795325112867385, 1.000000000000000000, 0.9238795325112867385, 1.000000000000000000, 0.9238795325112867385, 1.000000000000000000, 0.9238795325112867385, 1.000000000000000000, 0.9238795325112867385, 1.000000000000000000, 0.9238795325112867385, 1.000000000000000000, 0.9238795325112867385, 1.000000000000000000, 0.9238795325112867385, 1.000000000000000000, 0.9238795325112867385, 1.000000000000000000, 0.9238795325112867385, 1.000000000000000000, 0.9238795325112867385, 1.000000000000000000, 0.9238795325112867385, 1.000000000000000000, 0.9238795325112867385, 1.000000000000000000, 0.9238795325112867385, 1.000000000000000000, 0.9238795325112867385, 1.000000000000000000, 0.9238795325112867385, 1.000000000000000000, 0.9238795325112867385, 1.000000000000000000, 0.9238795325112867385, 1.000000000000000000, 0.9238795325112867385, 1.000000000000000000, 0.9238795325112867385, 1.000000000000000000, 0.9238795325112867385, 1.000000000000000000, 0.9238795325112867385, 1.000000000000000000, 0.9238795325112867385, 1.000000000000000000, 0.9238795325112867385, 1.000000000000000000, 0.9238795325112867385, 1.000000000000000000, 0.9238795325112867385, 1.000000000000000000, 0.9238795325112867385, 1.000000000000000000, 0.9238795325112867385, 1.000000000000000000, 0.9238795325112867385, 1.000000000000000000, 0.9238795325112867385, 1.000000000000000000, 0.9238795325112867385, 1.000000000000000000, 0.9238795325112867385, 1.000000000000000000, 0.9238795325112867385, 1.000000000000000000, 0.9238795325112867385, 1.000000000000000000, 0.9238795325112867385, 1.000000000000000000, 0.9238795325112867385, 1.000000000000000000, 0.9238795325112867385, 1.000000000000000000, 0.9238795325112867385, 1.000000000000000000, 0.9238795325112867385, 1.000000000000000000, 0.9238795325112867385, 1.000000000000000000, 0.9238795325112867385, 1.000000000000000000, 0.9238795325112867385, 1.000000000000000000, 0.9238795325112867385, 1.000000000000000000, 0.9238795325112867385, 1.000000000000000000, 0.9238795325112867385, 1.000000000000000000, 0.9238795325112867385, 1.000000000000000000, 0.9238795325112867385, 1.000000000000000000, 0.9238795325112867385, 1.000000000000000000, 0.9238795325112867385, 1.000000000000000000, 0.9238795325112867385, 1.000000000000000000, 0.9238795325112867385, 1.000000000000000000, 0.9238795325112867385, 1.000000000000000000, 0.9238795325112867385, 1.000000000000000000, 0.9238795325112867385, 1.000000000000000000, 0.9238795325112867385, 1.000000000000000000, 0.9238795325112867385, 1.000000000000000000, 0.9238795325112867385, 1.000000000000000000, 0.9238795325112867385, 1.000000000000000000, 0.9238795325112867385, 1.000000000000000000, 0.9238795325112867385, 1.000000000000000000, 0.9238795325112867385, 1.000000000000000000, 0.9238795325112867385, 1.000000000000000000, 0.9238795325112867385, 1.000000000000000000, 0.9238795325112867385, 1.000000000000000000, 0.9238795325112867385, 1.000000000000000000, 0.9238795325112867385, 1.000000000000000000, 0.9238795325112867385, 1.000000000000000000, 0.9238795325112867385, 1.000000000000000000, 0.9238795325112867385, 1.000000000000000000, 0.9238795325112867385, 1.000000000000000000, 0.9238795325112867385, 1.000000000000000000, 0.9238795325112867385, 1.000000000000000000, 0.9238795325112867385, 1.000000000000000000),
 ( 1.000000000000000000, 0.9238795325112867385, 1.000000000000000000, 0.9238795325112867385, 1.000000000000000000, 0.9238795325112867385, 1.000000000000000000, 0.9238795325112867385, 1.000000000000000000, 0.9238795325112867385, 1.000000000000000000, 0.9238795325112867385, 1.000000000000000000, 0.9238795325112867385, 1.000000000000000000, 0.9238795325112867385, 1.000000000000000000, 0.9238795325112867385, 1.000000000000000000, 0.9238795325112867385, 1.000000000000000000, 0.9238795325112867385, 1.000000000000000000, 0.9238795325112867385, 1.000000000000000000, 0.9238795325112867385, 1.000000000000000000, 0.9238795325112867385, 1.000000000000000000, 0.9238795325112867385, 1.000000000000000000, 0.9238795325112867385, 1.000000000000000000, 0.9238795325112867385, 1.000000000000000000, 0.9238795325112867385, 1.000000000000000000, 0.9238795325112867385, 1.000000000000000000, 0.9238795325112867385, 1.000000000000000000, 0.9238795325112867385, 1.000000000000000000, 0.9238795325112867385, 1.000000000000000000, 0.9238795325112867385, 1.000000000000000000, 0.9238795325112867385, 1.000000000000000000, 0.9238795325112867385, 1.000000000000000000, 0.9238795325112867385, 1.000000000000000000, 0.9238795325112867385, 1.000000000000000000, 0.9238795325112867385, 1.000000000000000000, 0.9238795325112867385, 1.000000000000000000, 0.9238795325112867385, 1.000000000000000000, 0.9238795325112867385, 1.000000000000000000, 0.9238795325112867385, 1.000000000000000000, 0.9238795325112867385, 1.000000000000000000, 0.9238795325112867385, 1.000000000000000000, 0.9238795325112867385, 1.000000000000000000, 0.9238795325112867385, 1.000000000000000000, 0.9238795325112867385, 1.000000000000000000, 0.9238795325112867385, 1.000000000000000000, 0.9238795325112867385, 1.000000000000000000, 0.9238795325112867385, 1.000000000000000000, 0.9238795325112867385, 1.000000000000000000, 0.9238795325112867385, 1.000000000000000000, 0.9238795325112867385, 1.000000000000000000, 0.9238795325112867385, 1.000000000000000000, 0.9238795325112867385, 1.000000000000000000, 0.9238795325112867385, 1.000000000000000000, 0.9238795325112867385, 1.000000000000000000, 0.9238795325112867385, 1.000000000000000000, 0.9238795325112867385, 1.000000000000000000, 0.9238795325112867385, 1.000000000000000000, 0.9238795325112867385, 1.000000000000000000, 0.9238795325112867385, 1.000000000000000000, 0.9238795325112867385, 1.000000000000000000, 0.9238795325112867385, 1.000000000000000000, 0.9238795325112867385, 1.000000000000000000, 0.9238795325112867385, 1.000000000000000000, 0.9238795325112867385, 1.000000000000000000, 0.9238795325112867385, 1.000000000000000000, 0.9238795325112867385, 1.000000000000000000, 0.9238795325112867385, 1.000000000000000000, 0.9238795325112867385, 1.000000000000000000, 0.9238795325112867385, 1.000000000000000000, 0.9238795325112867385, 1.000000000000000000, 0.9238795325112867385, 1.000000000000000000, 0.9238795325112867385, 1.000000000000000000, 0.9238795325112867385, 1.000000000000000000, 0.9238795325112867385, 1.000000000000000000, 0.9238795325112867385, 1.000000000000000000, 0.9238795325112867385, 1.000000000000000000, 0.9238795325112867385, 1.000000000000000000, 0.9238795325112867385, 1.000000000000000000, 0.9238795325112867385, 1.000000000000000000, 0.9238795325112867385, 1.000000000000000000, 0.9238795325112867385, 1.000000000000000000, 0.9238795325112867385, 1.000000000000000000, 0.9238795325112867385, 1.000000000000000000, 0.9238795325112867385, 1.000000000000000000, 0.9238795325112867385, 1.000000000000000000, 0.9238795325112867385, 1.000000000000000000, 0.9238795325112867385, 1.000000000000000000, 0.9238795325112867385, 1.000000000000000000, 0.9238795325112867385, 1.000000000000000000, 0.9238795325112867385, 1.000000000000000000, 0.9238795325112867385, 1.000000000000000000, 0.9238795325112867385, 1.000000000000000000, 0.9238795325112867385, 1.000000000000000000, 0.9238795325112867385, 1.000000000000000000, 0.9238795325112867385, 1.000000000000000000) ) ) 
 REPRESENTATION_ITEM ( '' )  SURFACE ( )  );
#940 = CARTESIAN_POINT ( 'NONE',  ( 0.000000000000000000, 0.09252404735808354708, 0.4750000000000000333 ) ) ;
#941 = CARTESIAN_POINT ( 'NONE',  ( 0.1249999999999999306, -6.719044223200344743E-17, 0.03749999999999999861 ) ) ;
#942 = CARTESIAN_POINT ( 'NONE',  ( -0.1249999999999999445, 0.05177669529663688625, 0.2593750000000000222 ) ) ;
#943 = CARTESIAN_POINT ( 'NONE',  ( 0.03832471526136876916, 0.09252404735808344993, 0.2218749999999999611 ) ) ;
#944 = CARTESIAN_POINT ( 'NONE',  ( -0.03832471526136872753, -0.09252404735808351932, 0.1031250000000000638 ) ) ;
#945 = CARTESIAN_POINT ( 'NONE',  ( 0.09252404735808347769, 0.03832471526136875528, 0.2218750000000000167 ) ) ;
#946 = CARTESIAN_POINT ( 'NONE',  ( 0.02454369240633528029, 0.1874999999999999167, 0.5000000000000000000 ) ) ;
#947 = EDGE_LOOP ( 'NONE', ( #2120, #573, #2659, #347 ) ) ;
#948 = CARTESIAN_POINT ( 'NONE',  ( -0.1299999999999999489, -5.530426628471140438E-17, 0.4749999999999999778 ) ) ;
#949 = EDGE_CURVE ( 'NONE', #992, #553, #2731, .T. ) ;
#950 = CARTESIAN_POINT ( 'NONE',  ( -0.1249999999999999445, 3.172742888979207561E-17, 0.2687499999999999889 ) ) ;
#951 = CARTESIAN_POINT ( 'NONE',  ( -1.133092784412350307E-17, -0.09252404735808351932, 0.05000000000000002359 ) ) ;
#952 = LINE ( 'NONE', #364, #1664 ) ;
#953 = CARTESIAN_POINT ( 'NONE',  ( 0.06542438130972609567, -0.06542438130972615118, 0.06250000000000001388 ) ) ;
#954 = EDGE_LOOP ( 'NONE', ( #2961, #1745, #1444, #2298 ) ) ;
#955 = CARTESIAN_POINT ( 'NONE',  ( -0.04907772852304901484, -0.1826198767901120179, 0.7312499999999998446 ) ) ;
#956 = CARTESIAN_POINT ( 'NONE',  ( 0.06542438130972610955, 0.06542438130972617893, 0.5187500000000000444 ) ) ;
#957 = CARTESIAN_POINT ( 'NONE',  ( 0.08838834764831837720, -0.08838834764831837720, 0.2812500000000000555 ) ) ;
#958 = VERTEX_POINT ( 'NONE', #2929 ) ;
#959 =( BOUNDED_CURVE ( )  B_SPLINE_CURVE ( 2, ( #724, #3671, #1947, #1017, #172, #2496, #1611, #2771, #1632 ),
 .UNSPECIFIED., .F., .F. ) 
 B_SPLINE_CURVE_WITH_KNOTS ( ( 3, 2, 2, 2, 3 ),
 ( 0.3863636363636363535, 0.3977272727272727071, 0.4090909090909091161, 0.4204545454545454697, 0.4318181818181818232 ),
 .UNSPECIFIED. ) 
 CURVE ( )  GEOMETRIC_REPRESENTATION_ITEM ( )  RATIONAL_B_SPLINE_CURVE ( ( 1.000000000000000000, 0.9238795325112867385, 1.000000000000000000, 0.9238795325112867385, 1.000000000000000000, 0.9238795325112867385, 1.000000000000000000, 0.9238795325112867385, 1.000000000000000000 ) ) 
 REPRESENTATION_ITEM ( '' )  );
#960 = CARTESIAN_POINT ( 'NONE',  ( 0.09375000000000001388, -0.05412658773652763433, 0.6328124999999998890 ) ) ;
#961 = ORIENTED_EDGE ( 'NONE', *, *, #2506, .F. ) ;
#962 = CARTESIAN_POINT ( 'NONE',  ( -0.09442855881954363706, 0.1638349478164232709, 0.7312499999999998446 ) ) ;
#963 = CARTESIAN_POINT ( 'NONE',  ( -0.06936479781640372821, -0.1074118974802329568, 0.4703737615460151789 ) ) ;
#964 = VECTOR ( 'NONE', #2572, 39.37007874015748143 ) ;
#965 = CARTESIAN_POINT ( 'NONE',  ( -0.08838834764831839108, 0.08838834764831840496, 0.2124999999999999944 ) ) ;
#966 = CARTESIAN_POINT ( 'NONE',  ( -0.06542438130972608179, 0.06542438130972604016, 0.03124999999999998265 ) ) ;
#967 = TOROIDAL_SURFACE ( 'NONE', #2753, 0.1487499999999999656, 0.01875000000000000278 ) ;
#968 = CARTESIAN_POINT ( 'NONE',  ( 0.02454369260617027954, -0.1874999999999999445, 0.5093750000000000222 ) ) ;
#969 = CARTESIAN_POINT ( 'NONE',  ( 0.09252404735808347769, 5.138080077581913637E-17, 0.4187500000000000111 ) ) ;
#970 = CARTESIAN_POINT ( 'NONE',  ( -0.03832471526136872059, 0.09252404735808347769, 0.1343749999999999944 ) ) ;
#971 = ORIENTED_EDGE ( 'NONE', *, *, #1255, .T. ) ;
#972 = CARTESIAN_POINT ( 'NONE',  ( 0.06542438130972610955, 0.06542438130972606791, 0.1250000000000000000 ) ) ;
#973 = CARTESIAN_POINT ( 'NONE',  ( -0.1781249999999999223, 7.549139889267777477E-20, 0.5000000000000000000 ) ) ;
#974 = PLANE ( 'NONE',  #2320 ) ;
#975 = AXIS2_PLACEMENT_3D ( 'NONE', #1578, #1883, #2758 ) ;
#976 = CARTESIAN_POINT ( 'NONE',  ( 0.000000000000000000, 0.1249999999999999445, 0.2500000000000000000 ) ) ;
#977 = CARTESIAN_POINT ( 'NONE',  ( 0.06542438130972610955, 0.06542438130972615118, 0.4687500000000000000 ) ) ;
#978 = CARTESIAN_POINT ( 'NONE',  ( 0.09252404735808346381, -0.03832471526136878998, 0.1156250000000000333 ) ) ;
#979 = ADVANCED_FACE ( 'NONE', ( #2696 ), #456, .T. ) ;
#980 = CARTESIAN_POINT ( 'NONE',  ( -0.1249999999999999306, 5.941730773159413341E-17, 0.3625000000000000444 ) ) ;
#981 = ORIENTED_EDGE ( 'NONE', *, *, #3312, .F. ) ;
#982 = CARTESIAN_POINT ( 'NONE',  ( -0.09442855863492150004, -0.1638349478928963210, 0.5093750000000000222 ) ) ;
#983 = EDGE_LOOP ( 'NONE', ( #194, #824, #3022, #859 ) ) ;
#984 = DIRECTION ( 'NONE',  ( -1.000000000000000000, 0.000000000000000000, 0.000000000000000000 ) ) ;
#985 = VERTEX_POINT ( 'NONE', #118 ) ;
#986 = CARTESIAN_POINT ( 'NONE',  ( -0.05177669529663687931, -0.1249999999999998751, 0.4281250000000000888 ) ) ;
#987 = DIRECTION ( 'NONE',  ( -1.000000000000000000, 0.000000000000000000, 0.000000000000000000 ) ) ;
#988 = CARTESIAN_POINT ( 'NONE',  ( -1.133092784412350307E-17, -0.09252404735808344993, 0.2500000000000000555 ) ) ;
#989 = CARTESIAN_POINT ( 'NONE',  ( 0.000000000000000000, 0.09252404735808354708, 0.4312500000000000222 ) ) ;
#990 = CARTESIAN_POINT ( 'NONE',  ( -0.09252404735808350544, -0.03832471526136875528, 0.04687500000000001388 ) ) ;
#991 = CARTESIAN_POINT ( 'NONE',  ( -0.1249999999999999306, 2.988143696700528942E-17, 0.2625000000000000111 ) ) ;
#992 = VERTEX_POINT ( 'NONE', #1296 ) ;
#993 = CARTESIAN_POINT ( 'NONE',  ( -0.1249999999999991673, 0.05177669529663767034, 0.2656250000000000000 ) ) ;
#994 = CARTESIAN_POINT ( 'NONE',  ( -0.1249999999999999584, 0.05177669529663687931, 0.1656249999999999944 ) ) ;
#995 = EDGE_CURVE ( 'NONE', #553, #2927, #2270, .T. ) ;
#996 = CARTESIAN_POINT ( 'NONE',  ( 0.03832471526136869977, -0.09252404735808342218, 0.5093750000000000222 ) ) ;
#997 = CARTESIAN_POINT ( 'NONE',  ( -0.03832471526136870671, 0.09252404735808351932, 0.4281250000000000333 ) ) ;
#998 = CARTESIAN_POINT ( 'NONE',  ( -0.03832471526136872753, -0.09252404735808350544, 0.2031250000000000278 ) ) ;
#999 = CARTESIAN_POINT ( 'NONE',  ( -0.1249999999999999584, 0.05177669529663690706, 0.3093750000000000111 ) ) ;
#1000 = CARTESIAN_POINT ( 'NONE',  ( -0.1781249999999999223, 3.774569944633888739E-20, 0.5000000000000000000 ) ) ;
#1001 = CARTESIAN_POINT ( 'NONE',  ( -0.05177669529663687931, -0.1249999999999999167, 0.3281250000000000555 ) ) ;
#1002 = DIRECTION ( 'NONE',  ( -0.000000000000000000, -0.000000000000000000, -1.000000000000000000 ) ) ;
#1003 = ORIENTED_EDGE ( 'NONE', *, *, #1679, .T. ) ;
#1004 = CARTESIAN_POINT ( 'NONE',  ( 0.1250000000000001110, -0.05177669529663674747, 0.1406250000000000833 ) ) ;
#1005 = CARTESIAN_POINT ( 'NONE',  ( -1.133092784412350307E-17, -0.09252404735808343605, 0.3000000000000000444 ) ) ;
#1006 = CARTESIAN_POINT ( 'NONE',  ( -0.09252404735808350544, -0.03832471526136870671, 0.1968749999999999944 ) ) ;
#1007 = CARTESIAN_POINT ( 'NONE',  ( 0.000000000000000000, -5.530426628471140438E-17, 0.4749999999999999778 ) ) ;
#1008 = EDGE_LOOP ( 'NONE', ( #331, #2922, #2697, #1732, #702, #1742 ) ) ;
#1009 = CARTESIAN_POINT ( 'NONE',  ( 0.1781249999999999223, 0.02331650778601854213, 0.5000000000000000000 ) ) ;
#1010 = CARTESIAN_POINT ( 'NONE',  ( -0.06542438130972608179, -0.06542438130972599852, 0.4437500000000000333 ) ) ;
#1011 = CARTESIAN_POINT ( 'NONE',  ( -0.1249999999999999445, 2.191558125203230852E-18, 0.1687500000000000111 ) ) ;
#1012 = CARTESIAN_POINT ( 'NONE',  ( -0.03832471526136870671, 0.09252404735808342218, 0.02812499999999996947 ) ) ;
#1013 = CARTESIAN_POINT ( 'NONE',  ( -0.03832471526136872059, -0.09252404735808342218, 0.3968750000000001443 ) ) ;
#1014 = EDGE_CURVE ( 'NONE', #254, #3172, #959, .T. ) ;
#1015 = CARTESIAN_POINT ( 'NONE',  ( -0.09252404735808347769, 2.235488262603567632E-17, 0.2437500000000000222 ) ) ;
#1016 = CARTESIAN_POINT ( 'NONE',  ( -0.08838834764831837720, 0.08838834764831840496, 0.2062499999999999889 ) ) ;
#1017 = CARTESIAN_POINT ( 'NONE',  ( -0.05177669529663687931, -0.1249999999999999584, 0.1781250000000000333 ) ) ;
#1018 = CARTESIAN_POINT ( 'NONE',  ( -0.05288315292113363042, -0.1064328714029944417, 0.03120255975341207702 ) ) ;
#1019 = LINE ( 'NONE', #1339, #539 ) ;
#1020 = CARTESIAN_POINT ( 'NONE',  ( -0.03832471526136870671, 0.09252404735808346381, 0.2281249999999999667 ) ) ;
#1021 = CARTESIAN_POINT ( 'NONE',  ( 0.06542438130972609567, -0.06542438130972608179, 0.3125000000000000555 ) ) ;
#1022 = CARTESIAN_POINT ( 'NONE',  ( -0.1249999999999999445, 9.079917041896977590E-17, 0.4687500000000001110 ) ) ;
#1023 = LINE ( 'NONE', #2206, #2510 ) ;
#1024 = CARTESIAN_POINT ( 'NONE',  ( -0.09375000000000020817, 3.709213845753195715E-17, 0.6244390877365274539 ) ) ;
#1025 = CLOSED_SHELL ( 'NONE', ( #3198, #1556, #2027, #686, #3774, #3488, #3062, #1854, #2551, #2824, #1289, #1088, #3455, #2434, #3756, #180, #1825, #1966, #37, #3817, #506, #707, #2948, #830, #2576, #1437, #3577, #88, #1233, #1315, #1547, #3478, #521, #3331, #935, #2451, #1186, #2596, #3302, #2688, #439, #2982, #1484, #979, #2474, #1403, #3401, #3364, #385, #848, #3002, #3147, #756, #2613 ) ) ;
#1026 = CARTESIAN_POINT ( 'NONE',  ( 0.000000000000000000, 0.09252404735808353320, 0.4250000000000000444 ) ) ;
#1027 = CARTESIAN_POINT ( 'NONE',  ( 0.000000000000000000, -5.530426628471140438E-17, 0.8676955262170046312 ) ) ;
#1028 = AXIS2_PLACEMENT_3D ( 'NONE', #1967, #1133, #3160 ) ;
#1029 = CARTESIAN_POINT ( 'NONE',  ( -0.03832471526136870671, 0.09252404735808340830, -0.02187500000000003678 ) ) ;
#1030 = CARTESIAN_POINT ( 'NONE',  ( 0.000000000000000000, 0.09252404735808357483, 0.5250000000000000222 ) ) ;
#1031 = AXIS2_PLACEMENT_3D ( 'NONE', #3586, #933, #633 ) ;
#1032 = CARTESIAN_POINT ( 'NONE',  ( -0.06542438130972609567, 0.06542438130972610955, 0.1874999999999999722 ) ) ;
#1033 = CARTESIAN_POINT ( 'NONE',  ( -1.530808498934190893E-17, -0.1249999999999998751, 0.3250000000000000666 ) ) ;
#1034 = CARTESIAN_POINT ( 'NONE',  ( 0.09442855863492054247, -0.1638349478928924075, 0.5000000000000000000 ) ) ;
#1035 = DIRECTION ( 'NONE',  ( -0.000000000000000000, -0.000000000000000000, -1.000000000000000000 ) ) ;
#1036 = CARTESIAN_POINT ( 'NONE',  ( -0.1014717947781442614, -0.05682442135421374163, 0.02820789923362224810 ) ) ;
#1037 = DIRECTION ( 'NONE',  ( -0.000000000000000000, -0.000000000000000000, -1.000000000000000000 ) ) ;
#1038 = CARTESIAN_POINT ( 'NONE',  ( -0.1249999999999999445, 0.05177669529663687931, 0.1593750000000000167 ) ) ;
#1039 = CARTESIAN_POINT ( 'NONE',  ( 0.03832471526136869283, -0.09252404735808350544, 0.2031250000000000278 ) ) ;
#1040 = CARTESIAN_POINT ( 'NONE',  ( -0.1643578891110873685, 0.04416995567076558576, 0.7499999999999998890 ) ) ;
#1041 = CARTESIAN_POINT ( 'NONE',  ( -0.09252404735808347769, 7.586947243741243540E-18, 0.1937500000000000056 ) ) ;
#1042 = CARTESIAN_POINT ( 'NONE',  ( 0.1005239704064758571, 0.01461163148752328035, 0.4585386329342127643 ) ) ;
#1043 = CARTESIAN_POINT ( 'NONE',  ( 0.1094661346297750720, -0.1424406561679323890, 0.5000000000000000000 ) ) ;
#1044 = CARTESIAN_POINT ( 'NONE',  ( 0.1249999999999997363, 0.05177669529663708053, 0.1468750000000000333 ) ) ;
#1045 = CARTESIAN_POINT ( 'NONE',  ( -0.09252404735808346381, -2.379491544363440974E-17, 0.08750000000000000833 ) ) ;
#1046 = CARTESIAN_POINT ( 'NONE',  ( 0.05177669529663694870, 0.1249999999999998751, 0.05312499999999997780 ) ) ;
#1047 = B_SPLINE_CURVE_WITH_KNOTS ( 'NONE', 3,
 ( #3537, #2309, #3497, #552, #2864, #1747, #1773, #276 ),
 .UNSPECIFIED., .F., .F.,
 ( 4, 2, 2, 4 ),
 ( 2.380745673463103572E-07, 0.001388728690853441609, 0.002082973998996489381, 0.002777219307139536936 ),
 .UNSPECIFIED. ) ;
#1048 = CARTESIAN_POINT ( 'NONE',  ( 0.05177669529663683073, -0.1249999999999998751, 0.4781250000000000777 ) ) ;
#1049 = CARTESIAN_POINT ( 'NONE',  ( -0.09252404735808347769, 0.03832471526136870671, 0.1843750000000000111 ) ) ;
#1050 = CARTESIAN_POINT ( 'NONE',  ( 0.1874999999999999167, 1.151880944145276958E-17, 0.7312499999999998446 ) ) ;
#1051 = FACE_OUTER_BOUND ( 'NONE', #947, .T. ) ;
#1052 = CARTESIAN_POINT ( 'NONE',  ( -0.06542438130972610955, -0.06542438130972604016, 0.4000000000000000222 ) ) ;
#1053 = CARTESIAN_POINT ( 'NONE',  ( 0.03832471526136877610, 0.09252404735808350544, 0.2781250000000000666 ) ) ;
#1054 = CARTESIAN_POINT ( 'NONE',  ( -0.08967980441445773387, 0.1556514748751786914, 0.5000000000000001110 ) ) ;
#1055 = CARTESIAN_POINT ( 'NONE',  ( 0.09252404735808346381, -6.860867420532304424E-17, 0.01249999999999999549 ) ) ;
#1056 = DIRECTION ( 'NONE',  ( -0.000000000000000000, -0.000000000000000000, 1.000000000000000000 ) ) ;
#1057 = CARTESIAN_POINT ( 'NONE',  ( -0.09252404735808346381, 0.03832471526136874140, 0.2843750000000000444 ) ) ;
#1058 = CARTESIAN_POINT ( 'NONE',  ( -0.09252404735808350544, 0.03832471526136876916, 0.3406250000000000111 ) ) ;
#1059 = CARTESIAN_POINT ( 'NONE',  ( 0.02454369238351464602, 0.1874999999999999167, 0.7500000000000000000 ) ) ;
#1060 = CARTESIAN_POINT ( 'NONE',  ( 0.03832471526136869977, -0.09252404735808344993, 0.3593750000000001110 ) ) ;
#1061 = CARTESIAN_POINT ( 'NONE',  ( -0.1826198767988327643, 0.04907772850199276782, 0.5000000000000000000 ) ) ;
#1062 = CARTESIAN_POINT ( 'NONE',  ( 0.1874999999999999167, 2.219009066670379932E-17, 0.5093750000000000222 ) ) ;
#1063 = CARTESIAN_POINT ( 'NONE',  ( 0.1249999999999999306, -6.719044223200344743E-17, 0.03749999999999999861 ) ) ;
#1064 = DIRECTION ( 'NONE',  ( -0.000000000000000000, -0.000000000000000000, -1.000000000000000000 ) ) ;
#1065 = CARTESIAN_POINT ( 'NONE',  ( 0.03832471526136869283, -0.09252404735808353320, 0.003125000000000021858 ) ) ;
#1066 = CARTESIAN_POINT ( 'NONE',  ( 0.08838834764831843271, 0.08838834764831833557, 0.09999999999999999167 ) ) ;
#1067 = CARTESIAN_POINT ( 'NONE',  ( -0.03832471526136872753, -0.09252404735808344993, 0.3031250000000001443 ) ) ;
#1068 = VERTEX_POINT ( 'NONE', #960 ) ;
#1069 = CARTESIAN_POINT ( 'NONE',  ( 0.09252404735808344993, 0.03832471526136870671, 0.1156250000000000194 ) ) ;
#1070 = FACE_OUTER_BOUND ( 'NONE', #3082, .T. ) ;
#1071 = FACE_OUTER_BOUND ( 'NONE', #3010, .T. ) ;
#1072 = CARTESIAN_POINT ( 'NONE',  ( -0.1249999999999999722, -0.05177669529663676135, 0.4718750000000000444 ) ) ;
#1073 = CARTESIAN_POINT ( 'NONE',  ( 0.1499375329496586695, 0.1152275099952965315, 0.5093750000000000222 ) ) ;
#1074 = CARTESIAN_POINT ( 'NONE',  ( -0.1826198767901005271, -0.04907772852306651473, 0.7500000000000000000 ) ) ;
#1075 = CARTESIAN_POINT ( 'NONE',  ( 0.06542438130972610955, 0.06542438130972616506, 0.4749999999999999778 ) ) ;
#1076 = CARTESIAN_POINT ( 'NONE',  ( -0.1152275101366010551, 0.1499375328083541736, 0.5000000000000000000 ) ) ;
#1077 = CARTESIAN_POINT ( 'NONE',  ( 0.1249999999999999167, -0.05177669529663690706, 0.2343750000000000000 ) ) ;
#1078 = CARTESIAN_POINT ( 'NONE',  ( 0.03921503612455914251, -0.08380262693537948726, 0.4534921628294172335 ) ) ;
#1079 = CARTESIAN_POINT ( 'NONE',  ( -0.1249999999999999584, -0.05177669529663688625, 0.01562500000000002082 ) ) ;
#1080 = CIRCLE ( 'NONE', #1149, 0.08749999999999995282 ) ;
#1081 = CARTESIAN_POINT ( 'NONE',  ( 0.06542438130972610955, 0.06542438130972608179, 0.2187500000000000278 ) ) ;
#1082 = CARTESIAN_POINT ( 'NONE',  ( 0.1249999999999999584, 0.05177669529663686543, 0.09687500000000000278 ) ) ;
#1083 = AXIS2_PLACEMENT_3D ( 'NONE', #3737, #524, #1346 ) ;
#1084 = CARTESIAN_POINT ( 'NONE',  ( -0.05177669529663686543, -0.1249999999999998473, 0.4718750000000002665 ) ) ;
#1085 = ORIENTED_EDGE ( 'NONE', *, *, #2428, .T. ) ;
#1086 = CARTESIAN_POINT ( 'NONE',  ( 0.09252404735808344993, -0.03832471526136876916, 0.1593750000000000167 ) ) ;
#1087 = DIRECTION ( 'NONE',  ( 1.000000000000000000, 0.000000000000000000, 0.000000000000000000 ) ) ;
#1088 = ADVANCED_FACE ( 'NONE', ( #3690 ), #903, .T. ) ;
#1089 = ORIENTED_EDGE ( 'NONE', *, *, #2122, .F. ) ;
#1090 = CARTESIAN_POINT ( 'NONE',  ( -0.08498570275247439854, -0.1474514531114634597, 0.7499999999999998890 ) ) ;
#1091 = CARTESIAN_POINT ( 'NONE',  ( -0.1487499999999999656, -5.530426628471140438E-17, 0.5000000000000000000 ) ) ;
#1092 = CARTESIAN_POINT ( 'NONE',  ( -0.1499375329496587250, 0.1152275099952965037, 0.5093750000000001332 ) ) ;
#1093 = CARTESIAN_POINT ( 'NONE',  ( 0.06542438130972608179, -0.06542438130972604016, 0.4062500000000000000 ) ) ;
#1094 = CARTESIAN_POINT ( 'NONE',  ( 0.1499375327922172207, -0.1152275101527379664, 0.7500000000000000000 ) ) ;
#1095 = CARTESIAN_POINT ( 'NONE',  ( 0.000000000000000000, -1.104688079777929626E-16, 0.7499999999999998890 ) ) ;
#1096 = CARTESIAN_POINT ( 'NONE',  ( 0.09653593717868226565, 0.03613292281331904887, 0.4594008891842613629 ) ) ;
#1097 = CARTESIAN_POINT ( 'NONE',  ( -0.04907772850198651587, -0.1826198767988363447, 0.5093750000000000222 ) ) ;
#1098 = CARTESIAN_POINT ( 'NONE',  ( 0.1130153008007250409, -0.03792973229678308494, 0.03145302293514158631 ) ) ;
#1099 = CARTESIAN_POINT ( 'NONE',  ( 0.1687499999999999001, 0.000000000000000000, 0.7499999999999998890 ) ) ;
#1100 =( BOUNDED_CURVE ( )  B_SPLINE_CURVE ( 2, ( #2312, #3502, #846, #1754, #1055, #3419, #1559, #3285, #1513, #349, #966, #550, #2427, #3030, #30, #382, #951, #2137, #1864, #3564, #1497, #1847, #1830, #3786, #911, #3301, #76, #1541, #1263, #51, #1220, #3587, #1807, #634, #651, #2994, #1243, #2393, #1579, #2972, #2411, #838, #1126, #2721, #2093, #3264, #2117, #2153, #2679, #3013, #326, #2954, #3605, #363, #616, #672, #934, #89, #3625, #3493, #310, #2661, #418, #178, #1953, #1039, #1340, #2464, #3339, #2222, #1281, #1319, #3716, #1020, #1360, #2759, #1933, #454, #1652, #3104, #988, #159, #3399, #3084, #2525, #749, #2808, #2443, #732, #3044, #3362, #1057, #2172, #710, #2189, #3064, #1005, #1619, #690, #3676, #2243, #122, #3421, #1301, #2504, #3659, #2737, #770, #3697, #1972, #3639, #478, #1920, #2203, #2775, #3122, #435, #141, #2482, #1898, #1636, #2793, #3380, #396, #101, #1596, #3504, #3751, #1455, #1156, #1093, #1419, #865, #2178, #2710, #1906, #1026, #1325, #1603, #354, #3615, #372, #1010, #1870, #3307, #1565, #2488 ),
 .UNSPECIFIED., .F., .T. ) 
 B_SPLINE_CURVE_WITH_KNOTS ( ( 3, 2, 2, 2, 2, 2, 2, 2, 2, 2, 2, 2, 2, 2, 2, 2, 2, 2, 2, 2, 2, 2, 2, 2, 2, 2, 2, 2, 2, 2, 2, 2, 2, 2, 2, 2, 2, 2, 2, 2, 2, 2, 2, 2, 2, 2, 2, 2, 2, 2, 2, 2, 2, 2, 2, 2, 2, 2, 2, 2, 2, 2, 2, 2, 2, 2, 2, 2, 2, 2, 2, 2, 2, 3 ),
 ( 0.05450392588869489019, 0.05681818181818181629, 0.06818181818181817677, 0.07954545454545454419, 0.09090909090909091161, 0.1022727272727272790, 0.1136363636363636326, 0.1250000000000000000, 0.1363636363636363535, 0.1477272727272727348, 0.1590909090909090884, 0.1704545454545454419, 0.1818181818181818232, 0.1931818181818181768, 0.2045454545454545858, 0.2159090909090908839, 0.2272727272727272929, 0.2386363636363636465, 0.2500000000000000000, 0.2613636363636362980, 0.2727272727272727071, 0.2840909090909091161, 0.2954545454545454697, 0.3068181818181818232, 0.3181818181818181768, 0.3295454545454545303, 0.3409090909090908839, 0.3522727272727272929, 0.3636363636363636465, 0.3750000000000000000, 0.3863636363636363535, 0.3977272727272727071, 0.4090909090909091161, 0.4204545454545454697, 0.4318181818181818787, 0.4431818181818181768, 0.4545454545454545303, 0.4659090909090908839, 0.4772727272727272929, 0.4886363636363636465, 0.5000000000000000000, 0.5113636363636363535, 0.5227272727272727071, 0.5340909090909089496, 0.5454545454545454142, 0.5568181818181817677, 0.5681818181818182323, 0.5795454545454545858, 0.5909090909090909394, 0.6022727272727272929, 0.6136363636363636465, 0.6250000000000000000, 0.6363636363636363535, 0.6477272727272727071, 0.6590909090909090606, 0.6704545454545454142, 0.6818181818181817677, 0.6931818181818182323, 0.7045454545454545858, 0.7159090909090909394, 0.7272727272727271819, 0.7386363636363636465, 0.7500000000000001110, 0.7613636363636363535, 0.7727272727272727071, 0.7840909090909090606, 0.7954545454545454142, 0.8068181818181817677, 0.8181818181818182323, 0.8295454545454545858, 0.8409090909090909394, 0.8522727272727271819, 0.8636363636363636465, 0.8699606676528170990 ),
 .UNSPECIFIED. ) 
 CURVE ( )  GEOMETRIC_REPRESENTATION_ITEM ( )  RATIONAL_B_SPLINE_CURVE ( ( 0.9753096629729514078, 0.9844977225947857402, 1.000000000000000000, 0.9238795325112867385, 1.000000000000000000, 0.9238795325112867385, 1.000000000000000000, 0.9238795325112867385, 1.000000000000000000, 0.9238795325112867385, 1.000000000000000000, 0.9238795325112867385, 1.000000000000000000, 0.9238795325112867385, 1.000000000000000000, 0.9238795325112867385, 1.000000000000000000, 0.9238795325112867385, 1.000000000000000000, 0.9238795325112867385, 1.000000000000000000, 0.9238795325112867385, 1.000000000000000000, 0.9238795325112867385, 1.000000000000000000, 0.9238795325112867385, 1.000000000000000000, 0.9238795325112867385, 1.000000000000000000, 0.9238795325112867385, 1.000000000000000000, 0.9238795325112867385, 1.000000000000000000, 0.9238795325112867385, 1.000000000000000000, 0.9238795325112867385, 1.000000000000000000, 0.9238795325112867385, 1.000000000000000000, 0.9238795325112867385, 1.000000000000000000, 0.9238795325112867385, 1.000000000000000000, 0.9238795325112867385, 1.000000000000000000, 0.9238795325112867385, 1.000000000000000000, 0.9238795325112867385, 1.000000000000000000, 0.9238795325112867385, 1.000000000000000000, 0.9238795325112867385, 1.000000000000000000, 0.9238795325112867385, 1.000000000000000000, 0.9238795325112867385, 1.000000000000000000, 0.9238795325112867385, 1.000000000000000000, 0.9238795325112867385, 1.000000000000000000, 0.9238795325112867385, 1.000000000000000000, 0.9238795325112867385, 1.000000000000000000, 0.9238795325112867385, 1.000000000000000000, 0.9238795325112867385, 1.000000000000000000, 0.9238795325112867385, 1.000000000000000000, 0.9238795325112867385, 1.000000000000000000, 0.9238795325112867385, 1.000000000000000000, 0.9238795325112867385, 1.000000000000000000, 0.9238795325112867385, 1.000000000000000000, 0.9238795325112867385, 1.000000000000000000, 0.9238795325112867385, 1.000000000000000000, 0.9238795325112867385, 1.000000000000000000, 0.9238795325112867385, 1.000000000000000000, 0.9238795325112867385, 1.000000000000000000, 0.9238795325112867385, 1.000000000000000000, 0.9238795325112867385, 1.000000000000000000, 0.9238795325112867385, 1.000000000000000000, 0.9238795325112867385, 1.000000000000000000, 0.9238795325112867385, 1.000000000000000000, 0.9238795325112867385, 1.000000000000000000, 0.9238795325112867385, 1.000000000000000000, 0.9238795325112867385, 1.000000000000000000, 0.9238795325112867385, 1.000000000000000000, 0.9238795325112867385, 1.000000000000000000, 0.9238795325112867385, 1.000000000000000000, 0.9238795325112867385, 1.000000000000000000, 0.9238795325112867385, 1.000000000000000000, 0.9238795325112867385, 1.000000000000000000, 0.9238795325112867385, 1.000000000000000000, 0.9238795325112867385, 1.000000000000000000, 0.9238795325112867385, 1.000000000000000000, 0.9238795325112867385, 1.000000000000000000, 0.9238795325112867385, 1.000000000000000000, 0.9238795325112867385, 1.000000000000000000, 0.9238795325112867385, 1.000000000000000000, 0.9238795325112867385, 1.000000000000000000, 0.9238795325112867385, 1.000000000000000000, 0.9238795325112867385, 1.000000000000000000, 0.9238795325112867385, 1.000000000000000000, 0.9238795325112867385, 1.000000000000000000, 0.9238795325112867385, 1.000000000000000000, 0.9238795325112867385, 1.000000000000000000, 0.9576360099119590741, 0.9624264242932742963 ) ) 
 REPRESENTATION_ITEM ( '' )  );
#1101 = CARTESIAN_POINT ( 'NONE',  ( -0.06542438130972608179, -0.06542438130972604016, 0.2937500000000000666 ) ) ;
#1102 = CARTESIAN_POINT ( 'NONE',  ( -0.08838834764831840496, -0.08838834764831840496, 0.1250000000000000278 ) ) ;
#1103 = EDGE_CURVE ( 'NONE', #1451, #2599, #472, .T. ) ;
#1104 = CARTESIAN_POINT ( 'NONE',  ( -0.05177669529663686543, 0.1250000000000000278, 0.5031249999999999334 ) ) ;
#1105 = EDGE_CURVE ( 'NONE', #20, #1433, #1125, .T. ) ;
#1106 = DIRECTION ( 'NONE',  ( 0.8673144019880985045, -1.062153806249125689E-16, 0.4977607137008978055 ) ) ;
#1107 = ORIENTED_EDGE ( 'NONE', *, *, #1427, .F. ) ;
#1108 = CARTESIAN_POINT ( 'NONE',  ( 0.09252404735808346381, -3.907280344073419409E-17, 0.1125000000000000167 ) ) ;
#1109 = CARTESIAN_POINT ( 'NONE',  ( -0.007324426483196692927, -0.09252404735808353320, 0.005652765745188441902 ) ) ;
#1110 = EDGE_CURVE ( 'NONE', #3260, #2135, #2872, .T. ) ;
#1111 = EDGE_LOOP ( 'NONE', ( #3825, #1085, #3524, #1214 ) ) ;
#1112 = CARTESIAN_POINT ( 'NONE',  ( 0.000000000000000000, -1.104688079777929626E-16, 0.7499999999999998890 ) ) ;
#1113 = CARTESIAN_POINT ( 'NONE',  ( 0.1249999999999999306, 6.649234679468681023E-18, 0.2875000000000000333 ) ) ;
#1114 = ORIENTED_EDGE ( 'NONE', *, *, #2925, .F. ) ;
#1115 = CARTESIAN_POINT ( 'NONE',  ( 0.1638349478164232709, 0.09442855881954359543, 0.5093749999999999112 ) ) ;
#1116 = LINE ( 'NONE', #2294, #1151 ) ;
#1117 = CARTESIAN_POINT ( 'NONE',  ( -0.02454369238353786009, -0.1874999999999999167, 0.7500000000000000000 ) ) ;
#1118 = CARTESIAN_POINT ( 'NONE',  ( -0.06542438130972610955, -0.06542438130972599852, 0.5000000000000001110 ) ) ;
#1119 = CARTESIAN_POINT ( 'NONE',  ( 0.1638349478928926295, -0.09442855863492004287, 0.5000000000000000000 ) ) ;
#1120 = CARTESIAN_POINT ( 'NONE',  ( -0.08838834764831837720, 0.08838834764831836333, 0.05624999999999998057 ) ) ;
#1121 = ORIENTED_EDGE ( 'NONE', *, *, #2765, .T. ) ;
#1122 = CARTESIAN_POINT ( 'NONE',  ( 0.09252404735808347769, -0.03832471526136882467, 0.01562500000000001041 ) ) ;
#1123 = CARTESIAN_POINT ( 'NONE',  ( -0.09252404735808346381, 2.050889070324886856E-17, 0.2375000000000000167 ) ) ;
#1124 = CARTESIAN_POINT ( 'NONE',  ( 0.000000000000000000, 0.1249999999999999445, 0.2062499999999999889 ) ) ;
#1125 = B_SPLINE_CURVE_WITH_KNOTS ( 'NONE', 3,
 ( #589, #1452, #1492, #320, #23, #3258, #882, #2405 ),
 .UNSPECIFIED., .F., .F.,
 ( 4, 2, 2, 4 ),
 ( 2.380745673472169206E-07, 0.001388728690853439224, 0.002082973998996485478, 0.002777219307139531732 ),
 .UNSPECIFIED. ) ;
#1126 = CARTESIAN_POINT ( 'NONE',  ( -0.06542438130972608179, 0.06542438130972606791, 0.1312499999999999778 ) ) ;
#1127 = CARTESIAN_POINT ( 'NONE',  ( 0.000000000000000000, 0.1250000000000000000, 0.3999999999999999667 ) ) ;
#1128 = LINE ( 'NONE', #1633, #964 ) ;
#1129 = ORIENTED_EDGE ( 'NONE', *, *, #1713, .T. ) ;
#1130 = CARTESIAN_POINT ( 'NONE',  ( 0.09252404735808346381, -5.384073882302861917E-17, 0.06250000000000000000 ) ) ;
#1131 = EDGE_CURVE ( 'NONE', #1068, #666, #3386, .T. ) ;
#1132 = CARTESIAN_POINT ( 'NONE',  ( 0.06542438130972610955, 0.06542438130972604016, 0.02499999999999998057 ) ) ;
#1133 = DIRECTION ( 'NONE',  ( -0.000000000000000000, -0.000000000000000000, -1.000000000000000000 ) ) ;
#1134 = CARTESIAN_POINT ( 'NONE',  ( 0.000000000000000000, 7.549139889267777477E-20, 0.000000000000000000 ) ) ;
#1135 = CARTESIAN_POINT ( 'NONE',  ( 0.1781249999999999223, 2.774533118565267485E-17, 0.5000000000000000000 ) ) ;
#1136 = CARTESIAN_POINT ( 'NONE',  ( 0.1249999999999999167, -0.05177669529663687931, 0.3843750000000000222 ) ) ;
#1137 = CARTESIAN_POINT ( 'NONE',  ( 0.1299999999999999489, -3.938385789579581713E-17, 0.4812500000000000111 ) ) ;
#1138 = CARTESIAN_POINT ( 'NONE',  ( -0.1499375328083459857, -0.1152275101366093263, 0.5093750000000000222 ) ) ;
#1139 = CARTESIAN_POINT ( 'NONE',  ( -0.1249999999999999584, 0.05177669529663694176, 0.4156250000000000777 ) ) ;
#1140 = EDGE_CURVE ( 'NONE', #1674, #1431, #3687, .T. ) ;
#1141 = CARTESIAN_POINT ( 'NONE',  ( 0.08838834764831837720, -0.08838834764831844659, 0.08125000000000004441 ) ) ;
#1142 = ORIENTED_EDGE ( 'NONE', *, *, #1769, .F. ) ;
#1143 = CARTESIAN_POINT ( 'NONE',  ( 0.06542438130972610955, 0.06542438130972604016, 0.02499999999999998057 ) ) ;
#1144 = CARTESIAN_POINT ( 'NONE',  ( 0.09252404735808344993, 0.03832471526136874140, 0.2156250000000000111 ) ) ;
#1145 = CARTESIAN_POINT ( 'NONE',  ( -0.1249999999999999445, 1.695949350749766594E-17, 0.2187500000000000278 ) ) ;
#1146 = CARTESIAN_POINT ( 'NONE',  ( -0.09374999999999998612, -0.05412658773652782862, 0.7499999999999998890 ) ) ;
#1147 = ORIENTED_EDGE ( 'NONE', *, *, #2836, .T. ) ;
#1148 = CARTESIAN_POINT ( 'NONE',  ( 0.06542438130972610955, 0.06542438130972609567, 0.2687500000000000444 ) ) ;
#1149 = AXIS2_PLACEMENT_3D ( 'NONE', #3327, #2101, #1566 ) ;
#1150 = CARTESIAN_POINT ( 'NONE',  ( -0.05177669529663687931, 0.1249999999999999167, 0.1031249999999999806 ) ) ;
#1151 = VECTOR ( 'NONE', #3482, 39.37007874015748143 ) ;
#1152 = ORIENTED_EDGE ( 'NONE', *, *, #3742, .T. ) ;
#1153 = CARTESIAN_POINT ( 'NONE',  ( 0.000000000000000000, -1.104688079777929626E-16, 0.7499999999999998890 ) ) ;
#1154 = CARTESIAN_POINT ( 'NONE',  ( 0.08838834764831839108, -0.08838834764831837720, 0.3875000000000000111 ) ) ;
#1155 = ORIENTED_EDGE ( 'NONE', *, *, #419, .F. ) ;
#1156 = CARTESIAN_POINT ( 'NONE',  ( 0.03832471526136869283, -0.09252404735808343605, 0.4031250000000000111 ) ) ;
#1157 = CARTESIAN_POINT ( 'NONE',  ( 0.06542438130972610955, 0.06542438130972617893, 0.5250000000000000222 ) ) ;
#1158 = CARTESIAN_POINT ( 'NONE',  ( 0.1499375329496588083, -0.1152275099952965037, 0.7312500000000000666 ) ) ;
#1159 = CARTESIAN_POINT ( 'NONE',  ( 0.1487499999999999656, -3.708764514739452570E-17, 0.5000000000000000000 ) ) ;
#1160 = DIRECTION ( 'NONE',  ( 0.000000000000000000, 0.000000000000000000, 1.000000000000000000 ) ) ;
#1161 = CARTESIAN_POINT ( 'NONE',  ( -0.08838834764831839108, 0.08838834764831844659, 0.3125000000000000000 ) ) ;
#1162 = CARTESIAN_POINT ( 'NONE',  ( -0.03832471526136872753, -0.09252404735808343605, 0.4031250000000000666 ) ) ;
#1163 = CARTESIAN_POINT ( 'NONE',  ( 0.09252404735808347769, -6.676268228253625189E-17, 0.01874999999999999584 ) ) ;
#1164 = CARTESIAN_POINT ( 'NONE',  ( 0.09252404735808346381, -2.430486805843977518E-17, 0.1625000000000000056 ) ) ;
#1165 = CARTESIAN_POINT ( 'NONE',  ( -0.05177669529663687931, -0.1249999999999999167, 0.2781250000000000666 ) ) ;
#1166 = CARTESIAN_POINT ( 'NONE',  ( 0.09442855861381971305, -0.1638349479016368848, 0.7312499999999998446 ) ) ;
#1167 = CARTESIAN_POINT ( 'NONE',  ( -0.07835931051856689922, -0.06301240645164654652, 0.7453376562697849872 ) ) ;
#1168 = CARTESIAN_POINT ( 'NONE',  ( -1.133092784412350307E-17, -0.09252404735808343605, 0.3000000000000000444 ) ) ;
#1169 = CARTESIAN_POINT ( 'NONE',  ( 0.000000000000000000, 0.09252404735808343605, 0.03124999999999997571 ) ) ;
#1170 = CARTESIAN_POINT ( 'NONE',  ( -0.09375000000000020817, 3.709213845753195715E-17, 0.6244390877365274539 ) ) ;
#1171 = CARTESIAN_POINT ( 'NONE',  ( 0.1734888829588972503, 0.04662384207688850118, 0.5000000000000000000 ) ) ;
#1172 =( CONVERSION_BASED_UNIT ( 'INCH', #1802 ) LENGTH_UNIT ( ) NAMED_UNIT ( #2147 ) );
#1173 = CARTESIAN_POINT ( 'NONE',  ( -0.05087400493151716246, -0.07997475768793496642, 0.4516778777310674342 ) ) ;
#1174 = CARTESIAN_POINT ( 'NONE',  ( -0.09374999999999998612, -0.03631555189938762140, 0.7453284430503341884 ) ) ;
#1175 = CARTESIAN_POINT ( 'NONE',  ( -0.02313826444668655793, 0.1104465767398951914, 0.4650176830919863780 ) ) ;
#1176 = LINE ( 'NONE', #910, #2207 ) ;
#1177 = CARTESIAN_POINT ( 'NONE',  ( 0.1249999999999999445, 8.495226602255459505E-18, 0.2937500000000000111 ) ) ;
#1178 = CARTESIAN_POINT ( 'NONE',  ( 0.06542438130972610955, 0.06542438130972613730, 0.3750000000000000555 ) ) ;
#1179 = CARTESIAN_POINT ( 'NONE',  ( 0.06542438130972609567, -0.06542438130972616506, 0.01250000000000001804 ) ) ;
#1180 = CARTESIAN_POINT ( 'NONE',  ( 0.09252404735808344993, -0.03832471526136866508, 0.5093750000000000222 ) ) ;
#1181 = CARTESIAN_POINT ( 'NONE',  ( 0.1249999999999999445, 2.326316198454988612E-17, 0.3437500000000000555 ) ) ;
#1182 = CARTESIAN_POINT ( 'NONE',  ( -0.07036600249897904946, 0.08319908984678783814, 0.02124949573851542262 ) ) ;
#1183 = CARTESIAN_POINT ( 'NONE',  ( 0.05177669529663694870, 0.1250000000000000000, 0.4531250000000000555 ) ) ;
#1184 = CARTESIAN_POINT ( 'NONE',  ( 0.03832471526136869283, -0.09252404735808343605, 0.3531250000000000222 ) ) ;
#1185 = CARTESIAN_POINT ( 'NONE',  ( -0.09252404735808350544, -0.03832471526136872753, 0.1468750000000000611 ) ) ;
#1186 = ADVANCED_FACE ( 'NONE', ( #1821 ), #3001, .F. ) ;
#1187 = CARTESIAN_POINT ( 'NONE',  ( -0.1249999999999999584, 0.05177669529663685849, 0.1093750000000000278 ) ) ;
#1188 = ORIENTED_EDGE ( 'NONE', *, *, #2999, .T. ) ;
#1189 = CARTESIAN_POINT ( 'NONE',  ( -0.1687499999999998723, -0.02207505962345621825, 0.7499999999999998890 ) ) ;
#1190 = CARTESIAN_POINT ( 'NONE',  ( -0.02331650778601883009, -0.1781249999999999223, 0.5000000000000000000 ) ) ;
#1191 = VERTEX_POINT ( 'NONE', #277 ) ;
#1192 = CARTESIAN_POINT ( 'NONE',  ( -0.06542438130972610955, -0.06542438130972601240, 0.4500000000000000666 ) ) ;
#1193 = CARTESIAN_POINT ( 'NONE',  ( 6.091376809005443538E-17, -0.1082531754730545887, 0.6328124999999998890 ) ) ;
#1194 = CARTESIAN_POINT ( 'NONE',  ( -0.08197495670888720054, 0.08321294854212211989, 0.4672992370835388765 ) ) ;
#1195 = CARTESIAN_POINT ( 'NONE',  ( 0.1874999999999999167, -0.02454369238351226598, 0.7500000000000000000 ) ) ;
#1196 = VERTEX_POINT ( 'NONE', #1170 ) ;
#1197 = CARTESIAN_POINT ( 'NONE',  ( 0.08838834764831837720, -0.08838834764831836333, 0.3312500000000000444 ) ) ;
#1198 = LINE ( 'NONE', #871, #717 ) ;
#1199 = CARTESIAN_POINT ( 'NONE',  ( -0.09252404735808347769, -7.180988138553183074E-18, 0.1437500000000000167 ) ) ;
#1200 = ORIENTED_EDGE ( 'NONE', *, *, #932, .F. ) ;
#1201 = CARTESIAN_POINT ( 'NONE',  ( 0.09252404735808346381, 4.953480885303234402E-17, 0.4125000000000000333 ) ) ;
#1202 = CARTESIAN_POINT ( 'NONE',  ( -0.1249999999999999722, 0.05177669529663692094, 0.3656250000000000333 ) ) ;
#1203 = CARTESIAN_POINT ( 'NONE',  ( -0.1152275101527368839, 0.1499375327922183587, 0.7312499999999998446 ) ) ;
#1204 = CARTESIAN_POINT ( 'NONE',  ( 0.04937576194519850692, -0.07848546653063011302, 0.005024047358083633293 ) ) ;
#1205 = CARTESIAN_POINT ( 'NONE',  ( 0.1249999999999999445, 5.279903274913875167E-17, 0.4437500000000000888 ) ) ;
#1206 = CARTESIAN_POINT ( 'NONE',  ( 0.09252404735808344993, 0.03832471526136875528, 0.2656250000000000000 ) ) ;
#1207 =( BOUNDED_CURVE ( )  B_SPLINE_CURVE ( 2, ( #1480, #2995, #582, #598, #2663, #2094, #1808, #1221, #3566 ),
 .UNSPECIFIED., .F., .F. ) 
 B_SPLINE_CURVE_WITH_KNOTS ( ( 3, 2, 2, 2, 3 ),
 ( 0.3409090909090909394, 0.3522727272727273484, 0.3636363636363636465, 0.3750000000000000000, 0.3863636363636363535 ),
 .UNSPECIFIED. ) 
 CURVE ( )  GEOMETRIC_REPRESENTATION_ITEM ( )  RATIONAL_B_SPLINE_CURVE ( ( 0.9999999999999996669, 0.9238795325112870716, 1.000000000000000000, 0.9238795325112867385, 1.000000000000000000, 0.9238795325112867385, 1.000000000000000000, 0.9238795325112867385, 1.000000000000000000 ) ) 
 REPRESENTATION_ITEM ( '' )  );
#1208 = CARTESIAN_POINT ( 'NONE',  ( -0.09252404735808350544, 0.03832471526136869977, 0.09062500000000001110 ) ) ;
#1209 = CARTESIAN_POINT ( 'NONE',  ( -0.05177669529663686543, 0.1249999999999999167, 0.1031249999999999806 ) ) ;
#1210 = EDGE_LOOP ( 'NONE', ( #1518, #367, #1601, #3562 ) ) ;
#1212 = AXIS2_PLACEMENT_3D ( 'NONE', #1841, #2949, #2106 ) ;
#1211 = CARTESIAN_POINT ( 'NONE',  ( -0.1643444175577754296, -0.04419512920611407686, 0.7499999999999998890 ) ) ;
#1213 = CARTESIAN_POINT ( 'NONE',  ( -0.1556432004982551409, 0.08970713070317130888, 0.5000000000000000000 ) ) ;
#1215 = EDGE_CURVE ( 'NONE', #2734, #325, #165, .T. ) ;
#1214 = ORIENTED_EDGE ( 'NONE', *, *, #1828, .F. ) ;
#1216 = CARTESIAN_POINT ( 'NONE',  ( -0.1249999999999999306, 5.941730773159413341E-17, 0.3625000000000000444 ) ) ;
#1217 = CARTESIAN_POINT ( 'NONE',  ( -0.1172048974334178179, 0.02863311263661176900, 0.4695101650798756965 ) ) ;
#1218 = DIRECTION ( 'NONE',  ( 0.000000000000000000, 0.000000000000000000, 1.000000000000000000 ) ) ;
#1219 = AXIS2_PLACEMENT_3D ( 'NONE', #1318, #362, #1863 ) ;
#1220 = CARTESIAN_POINT ( 'NONE',  ( -0.06542438130972608179, -0.06542438130972610955, 0.09375000000000002776 ) ) ;
#1221 = CARTESIAN_POINT ( 'NONE',  ( -0.1249999999999999445, 0.05177669529663687931, 0.2093750000000000611 ) ) ;
#1222 = CARTESIAN_POINT ( 'NONE',  ( -0.09252404735808347769, -2.194892352084760199E-17, 0.09375000000000001388 ) ) ;
#1223 = ORIENTED_EDGE ( 'NONE', *, *, #290, .F. ) ;
#1224 = CARTESIAN_POINT ( 'NONE',  ( -0.03832471526136872059, 0.09252404735808344993, 0.08437499999999997780 ) ) ;
#1225 = CARTESIAN_POINT ( 'NONE',  ( -0.03832471526136870671, 0.09252404735808351932, 0.4281250000000000333 ) ) ;
#1226 = CARTESIAN_POINT ( 'NONE',  ( 0.1249999999999999167, -0.05177669529663688625, 0.3406250000000000111 ) ) ;
#1227 = CARTESIAN_POINT ( 'NONE',  ( 0.1249999999999997363, 0.05177669529663706666, 0.09687500000000003053 ) ) ;
#1228 = CARTESIAN_POINT ( 'NONE',  ( 0.1249999999999999445, -6.272708780038951702E-18, 0.2437500000000000222 ) ) ;
#1229 = CARTESIAN_POINT ( 'NONE',  ( 0.1249999999999999167, 0.05177669529663690012, 0.2406250000000000056 ) ) ;
#1230 = EDGE_LOOP ( 'NONE', ( #376, #1107, #3397, #2148 ) ) ;
#1231 = CARTESIAN_POINT ( 'NONE',  ( 0.06542438130972610955, 0.06542438130972610955, 0.3187500000000000333 ) ) ;
#1232 = CARTESIAN_POINT ( 'NONE',  ( -0.09252404735808347769, -7.180988138553183074E-18, 0.1437500000000000167 ) ) ;
#1233 = ADVANCED_FACE ( 'NONE', ( #1800 ), #3202, .F. ) ;
#1234 = CARTESIAN_POINT ( 'NONE',  ( -0.1474514531114715088, 0.08498570275245259653, 0.7499999999999998890 ) ) ;
#1235 = ORIENTED_EDGE ( 'NONE', *, *, #661, .F. ) ;
#1236 = CARTESIAN_POINT ( 'NONE',  ( 0.09375000000000001388, 0.05412658773652767596, 0.6328124999999998890 ) ) ;
#1237 = CARTESIAN_POINT ( 'NONE',  ( -0.1874999999999999167, 7.549139889267777477E-20, 0.5000000000000000000 ) ) ;
#1238 = EDGE_LOOP ( 'NONE', ( #3532, #1893, #3635, #819, #926, #3275, #2989, #2005 ) ) ;
#1239 = DIRECTION ( 'NONE',  ( -0.000000000000000000, -0.000000000000000000, -1.000000000000000000 ) ) ;
#1240 = EDGE_CURVE ( 'NONE', #474, #1896, #1100, .T. ) ;
#1241 = CARTESIAN_POINT ( 'NONE',  ( -0.1249999999999999306, 8.895317849618297123E-17, 0.4625000000000000777 ) ) ;
#1242 = CARTESIAN_POINT ( 'NONE',  ( -0.05177669529663687931, -0.1249999999999998751, 0.4281250000000000888 ) ) ;
#1243 = CARTESIAN_POINT ( 'NONE',  ( 0.09252404735808346381, -3.907280344073419409E-17, 0.1125000000000000167 ) ) ;
#1244 = CARTESIAN_POINT ( 'NONE',  ( -0.06542438130972609567, 0.06542438130972606791, 0.03749999999999998473 ) ) ;
#1245 = CARTESIAN_POINT ( 'NONE',  ( 0.000000000000000000, 0.09252404735808344993, 0.08124999999999997502 ) ) ;
#1246 = CARTESIAN_POINT ( 'NONE',  ( -0.1826198767901003051, 0.04907772852307184380, 0.7500000000000000000 ) ) ;
#1247 = UNCERTAINTY_MEASURE_WITH_UNIT (LENGTH_MEASURE( 1.000000000000000082E-05 ), #1172, 'distance_accuracy_value', 'NONE');
#1248 = CARTESIAN_POINT ( 'NONE',  ( 0.03832471526136869283, -0.09252404735808340830, 0.5031250000000000444 ) ) ;
#1249 = CARTESIAN_POINT ( 'NONE',  ( 0.1826198767901104081, -0.04907772852305274103, 0.7312499999999998446 ) ) ;
#1250 = CARTESIAN_POINT ( 'NONE',  ( -0.1249999999999999306, 7.549139889267777477E-20, 0.000000000000000000 ) ) ;
#1251 = CARTESIAN_POINT ( 'NONE',  ( -0.09252404735808347769, -0.03832471526136860956, 0.4906250000000000333 ) ) ;
#1252 = CARTESIAN_POINT ( 'NONE',  ( 0.09252404735808346381, 0.03832471526136873446, 0.1718750000000000278 ) ) ;
#1253 = PRODUCT ( '92196A537_18-8 Stainless Steel Socket Head Screw_92196A537', '92196A537_18-8 Stainless Steel Socket Head Screw_92196A537', '', ( #3559 ) ) ;
#1254 = CARTESIAN_POINT ( 'NONE',  ( 0.08838834764831837720, -0.08838834764831836333, 0.3312500000000000444 ) ) ;
#1255 = EDGE_CURVE ( 'NONE', #3136, #1279, #2823, .T. ) ;
#1256 = ORIENTED_EDGE ( 'NONE', *, *, #1783, .T. ) ;
#1257 = CARTESIAN_POINT ( 'NONE',  ( 0.1826198767988400085, -0.04907772850198804937, 0.5000000000000000000 ) ) ;
#1258 = ORIENTED_EDGE ( 'NONE', *, *, #1956, .T. ) ;
#1259 = CARTESIAN_POINT ( 'NONE',  ( -0.06271835715228450681, 0.07204271508805253077, 0.6252323921391043093 ) ) ;
#1260 =( BOUNDED_CURVE ( )  B_SPLINE_CURVE ( 2, ( #1205, #144, #1582, #1183, #2358, #2944, #1622, #3678, #1022 ),
 .UNSPECIFIED., .F., .F. ) 
 B_SPLINE_CURVE_WITH_KNOTS ( ( 3, 2, 2, 2, 3 ),
 ( 0.8863636363636363535, 0.8977272727272727071, 0.9090909090909091717, 0.9204545454545455252, 0.9318181818181818787 ),
 .UNSPECIFIED. ) 
 CURVE ( )  GEOMETRIC_REPRESENTATION_ITEM ( )  RATIONAL_B_SPLINE_CURVE ( ( 1.000000000000000000, 0.9238795325112867385, 1.000000000000000000, 0.9238795325112867385, 1.000000000000000000, 0.9238795325112867385, 1.000000000000000000, 0.9238795325112859613, 1.000000000000000666 ) ) 
 REPRESENTATION_ITEM ( '' )  );
#1261 = ORIENTED_EDGE ( 'NONE', *, *, #3073, .F. ) ;
#1262 = CARTESIAN_POINT ( 'NONE',  ( -0.05177669529663687931, 0.1249999999999999584, 0.2093750000000000056 ) ) ;
#1263 = CARTESIAN_POINT ( 'NONE',  ( -0.09252404735808346381, -2.379491544363440974E-17, 0.08750000000000000833 ) ) ;
#1264 = CARTESIAN_POINT ( 'NONE',  ( -0.1638349478164232709, -0.09442855881954367869, 0.5093750000000000222 ) ) ;
#1265 = CARTESIAN_POINT ( 'NONE',  ( -0.06542438130972609567, 0.06542438130972608179, 0.08749999999999999445 ) ) ;
#1266 = CARTESIAN_POINT ( 'NONE',  ( -0.08838834764831839108, -0.08838834764831833557, 0.2687500000000000444 ) ) ;
#1267 = CARTESIAN_POINT ( 'NONE',  ( -1.133092784412350615E-17, -0.09252404735808351932, 0.1062500000000000389 ) ) ;
#1268 = CARTESIAN_POINT ( 'NONE',  ( -0.1734888829588972503, -0.04662384207688850118, 0.5000000000000000000 ) ) ;
#1269 = CARTESIAN_POINT ( 'NONE',  ( -0.09252404735808350544, -0.03832471526136861650, 0.4968750000000001221 ) ) ;
#1270 = CARTESIAN_POINT ( 'NONE',  ( 0.009551741098626366500, -0.09222718959867753918, 0.005024047358084529277 ) ) ;
#1271 = FACE_OUTER_BOUND ( 'NONE', #2868, .T. ) ;
#1272 = CARTESIAN_POINT ( 'NONE',  ( 0.06542438130972610955, 0.06542438130972613730, 0.4187500000000000111 ) ) ;
#1273 = CARTESIAN_POINT ( 'NONE',  ( 0.08838834764831837720, -0.08838834764831839108, 0.2312500000000000666 ) ) ;
#1274 = ORIENTED_EDGE ( 'NONE', *, *, #2765, .F. ) ;
#1275 = CARTESIAN_POINT ( 'NONE',  ( -0.1874999999999999167, -0.02454369240633885729, 0.5093750000000000222 ) ) ;
#1276 = ORIENTED_EDGE ( 'NONE', *, *, #1131, .T. ) ;
#1277 = CARTESIAN_POINT ( 'NONE',  ( -0.07835931051856727392, 0.06301240645164676857, 0.6281501562697850982 ) ) ;
#1278 = CIRCLE ( 'NONE', #3116, 0.1299999999999999489 ) ;
#1279 = VERTEX_POINT ( 'NONE', #2728 ) ;
#1280 = CARTESIAN_POINT ( 'NONE',  ( 0.000000000000000000, 7.549139889267777477E-20, 0.000000000000000000 ) ) ;
#1281 = CARTESIAN_POINT ( 'NONE',  ( 0.06542438130972610955, 0.06542438130972608179, 0.2187500000000000278 ) ) ;
#1282 = VECTOR ( 'NONE', #2703, 39.37007874015748143 ) ;
#1283 = CARTESIAN_POINT ( 'NONE',  ( 0.03832471526136877610, 0.09252404735808351932, 0.4281250000000000333 ) ) ;
#1284 = CARTESIAN_POINT ( 'NONE',  ( 0.09252404735808347769, -2.245887613565297975E-17, 0.1687500000000000111 ) ) ;
#1285 = EDGE_LOOP ( 'NONE', ( #86, #2138 ) ) ;
#1286 = CARTESIAN_POINT ( 'NONE',  ( 0.000000000000000000, 0.09252404735808346381, 0.1312499999999999778 ) ) ;
#1287 = AXIS2_PLACEMENT_3D ( 'NONE', #1280, #2792, #987 ) ;
#1288 = CARTESIAN_POINT ( 'NONE',  ( -0.09375000000000020817, 0.04537600886647390891, 0.6302864254669044985 ) ) ;
#1289 = ADVANCED_FACE ( 'NONE', ( #1271 ), #1624, .T. ) ;
#1290 = CARTESIAN_POINT ( 'NONE',  ( 0.1499375327922171097, 0.1152275101527476114, 0.7500000000000000000 ) ) ;
#1291 = CARTESIAN_POINT ( 'NONE',  ( -0.03832471526136870671, 0.09252404735808344993, 0.1281249999999999889 ) ) ;
#1292 = CARTESIAN_POINT ( 'NONE',  ( 0.09252404735808344993, -0.03832471526136866508, 0.5093750000000000222 ) ) ;
#1293 = CARTESIAN_POINT ( 'NONE',  ( -0.03832471526136872059, 0.09252404735808350544, 0.1843749999999999556 ) ) ;
#1294 = CARTESIAN_POINT ( 'NONE',  ( 0.1249999999999999167, 0.05177669529663694870, 0.3906250000000000000 ) ) ;
#1295 = CARTESIAN_POINT ( 'NONE',  ( -0.1687499999999999001, 2.074140613450425082E-17, 0.7499999999999998890 ) ) ;
#1296 = CARTESIAN_POINT ( 'NONE',  ( 0.1781249999999999223, 2.774533118565267485E-17, 0.5000000000000000000 ) ) ;
#1297 = CARTESIAN_POINT ( 'NONE',  ( -0.04907772831736501029, 0.1826198768753090895, 0.7312500000000000666 ) ) ;
#1298 = CARTESIAN_POINT ( 'NONE',  ( 0.07972411556193940985, -0.09641396353575684697, 0.03704843015515341814 ) ) ;
#1299 = CARTESIAN_POINT ( 'NONE',  ( 0.09785270499898604535, -0.01819058527268871059, 0.4572749715829477202 ) ) ;
#1300 = FACE_OUTER_BOUND ( 'NONE', #3805, .T. ) ;
#1301 = CARTESIAN_POINT ( 'NONE',  ( 0.03832471526136876916, 0.09252404735808350544, 0.3218750000000000222 ) ) ;
#1302 = CARTESIAN_POINT ( 'NONE',  ( -0.02454369260617022055, -0.1874999999999998890, 0.5093750000000000222 ) ) ;
#1303 = CARTESIAN_POINT ( 'NONE',  ( -0.06542438130972610955, -0.06542438130972608179, 0.2500000000000000555 ) ) ;
#1304 = CARTESIAN_POINT ( 'NONE',  ( 0.09375000000000001388, 0.05412658773652767596, 0.6328124999999998890 ) ) ;
#1305 = ORIENTED_EDGE ( 'NONE', *, *, #2168, .T. ) ;
#1306 = CARTESIAN_POINT ( 'NONE',  ( 0.1094661346297702009, 0.1424406561679372740, 0.5000000000000000000 ) ) ;
#1307 = CARTESIAN_POINT ( 'NONE',  ( 0.1249999999999999445, 0.05177669529663685849, 0.04687499999999998612 ) ) ;
#1308 = CARTESIAN_POINT ( 'NONE',  ( 0.09689541352111742667, -0.007487453338365573224, 0.009395413521069862633 ) ) ;
#1309 = CARTESIAN_POINT ( 'NONE',  ( -0.03832471526136872059, -0.09252404735808351932, -0.003124999999999979357 ) ) ;
#1310 = CARTESIAN_POINT ( 'NONE',  ( 0.000000000000000000, 0.09252404735808353320, 0.4250000000000000444 ) ) ;
#1311 = CARTESIAN_POINT ( 'NONE',  ( 0.03832471526136869977, -0.09252404735808350544, 0.2593750000000000777 ) ) ;
#1312 = CARTESIAN_POINT ( 'NONE',  ( 0.1249999999999998890, -0.05177669529663688625, 0.2843750000000000999 ) ) ;
#1313 = CARTESIAN_POINT ( 'NONE',  ( -0.1874999999999999167, 7.549139889267777477E-20, 0.5000000000000000000 ) ) ;
#1314 = FACE_OUTER_BOUND ( 'NONE', #1210, .T. ) ;
#1315 = ADVANCED_FACE ( 'NONE', ( #2781 ), #974, .F. ) ;
#1316 = CARTESIAN_POINT ( 'NONE',  ( -0.08073271085382366374, -0.08516679705033010361, 0.02970550530962010397 ) ) ;
#1317 = DIRECTION ( 'NONE',  ( 1.000000000000000000, 0.000000000000000000, 0.000000000000000000 ) ) ;
#1318 = CARTESIAN_POINT ( 'NONE',  ( 0.1487499999999999656, -3.708764514739452570E-17, 0.4812500000000000111 ) ) ;
#1319 = CARTESIAN_POINT ( 'NONE',  ( 0.03832471526136876916, 0.09252404735808344993, 0.2218749999999999611 ) ) ;
#1320 = CARTESIAN_POINT ( 'NONE',  ( -0.06542438130972609567, 0.06542438130972612342, 0.2374999999999999889 ) ) ;
#1321 = DIRECTION ( 'NONE',  ( 1.000000000000000000, 0.000000000000000000, 0.000000000000000000 ) ) ;
#1322 = CARTESIAN_POINT ( 'NONE',  ( 0.1687499999999999001, 0.02208932314516103348, 0.7499999999999998890 ) ) ;
#1323 = CARTESIAN_POINT ( 'NONE',  ( -0.03832471526136872753, -0.09252404735808342218, 0.4531250000000002220 ) ) ;
#1324 = CARTESIAN_POINT ( 'NONE',  ( 0.1424406561679322225, -0.1094661346297752386, 0.5000000000000000000 ) ) ;
#1325 = CARTESIAN_POINT ( 'NONE',  ( -0.03832471526136870671, 0.09252404735808351932, 0.4281250000000000333 ) ) ;
#1326 = CARTESIAN_POINT ( 'NONE',  ( 0.05431570440143778516, -0.07490329495353668932, 0.005024047358083617680 ) ) ;
#1327 = CARTESIAN_POINT ( 'NONE',  ( -0.09252404735808347769, 0.03832471526136867201, 0.03437499999999999584 ) ) ;
#1328 = CARTESIAN_POINT ( 'NONE',  ( 0.000000000000000000, 0.1249999999999999029, 0.006249999999999967387 ) ) ;
#1329 = CARTESIAN_POINT ( 'NONE',  ( 0.06542438130972610955, 0.06542438130972610955, 0.2750000000000000222 ) ) ;
#1330 = CARTESIAN_POINT ( 'NONE',  ( 0.1249999999999999306, 2.141717006176309377E-17, 0.3375000000000000222 ) ) ;
#1331 = B_SPLINE_CURVE_WITH_KNOTS ( 'NONE', 3,
 ( #885, #2071, #2870, #1456, #3776, #866 ),
 .UNSPECIFIED., .F., .F.,
 ( 4, 2, 4 ),
 ( 0.008755864747575429000, 0.009451757481403009337, 0.01014765021523058967 ),
 .UNSPECIFIED. ) ;
#1332 = CARTESIAN_POINT ( 'NONE',  ( -0.1874999999999999167, 7.549139889267777477E-20, 0.5093750000000000222 ) ) ;
#1333 =( BOUNDED_CURVE ( )  B_SPLINE_CURVE ( 2, ( #991, #1561, #1266, #2430, #3426, #3126, #3067, #2851, #734 ),
 .UNSPECIFIED., .F., .F. ) 
 B_SPLINE_CURVE_WITH_KNOTS ( ( 3, 2, 2, 2, 3 ),
 ( 0.4772727272727272929, 0.4886363636363636465, 0.5000000000000000000, 0.5113636363636363535, 0.5227272727272727071 ),
 .UNSPECIFIED. ) 
 CURVE ( )  GEOMETRIC_REPRESENTATION_ITEM ( )  RATIONAL_B_SPLINE_CURVE ( ( 1.000000000000000000, 0.9238795325112867385, 1.000000000000000000, 0.9238795325112867385, 1.000000000000000000, 0.9238795325112867385, 1.000000000000000000, 0.9238795325112867385, 1.000000000000000000 ) ) 
 REPRESENTATION_ITEM ( '' )  );
#1334 = CARTESIAN_POINT ( 'NONE',  ( 0.09375000000000001388, 0.05412658773652767596, 0.6328124999999998890 ) ) ;
#1335 = CARTESIAN_POINT ( 'NONE',  ( -0.03832471526136872753, -0.09252404735808347769, 0.2531250000000000444 ) ) ;
#1336 = EDGE_CURVE ( 'NONE', #3227, #3480, #389, .T. ) ;
#1337 = ORIENTED_EDGE ( 'NONE', *, *, #995, .F. ) ;
#1338 = VERTEX_POINT ( 'NONE', #2417 ) ;
#1339 = CARTESIAN_POINT ( 'NONE',  ( 6.091376809005443538E-17, -0.1082531754730545887, 0.6328124999999998890 ) ) ;
#1340 = CARTESIAN_POINT ( 'NONE',  ( 0.06542438130972608179, -0.06542438130972609567, 0.2062500000000000167 ) ) ;
#1341 = CARTESIAN_POINT ( 'NONE',  ( 0.1349437795130002948, -0.1037047591374593708, 0.7499999999999998890 ) ) ;
#1342 = CARTESIAN_POINT ( 'NONE',  ( -0.03832471526136872059, 0.09252404735808351932, 0.3343749999999999778 ) ) ;
#1343 = LINE ( 'NONE', #458, #2326 ) ;
#1344 = CARTESIAN_POINT ( 'NONE',  ( 0.04662384207688848037, -0.1734888829588972503, 0.5000000000000000000 ) ) ;
#1345 = AXIS2_PLACEMENT_3D ( 'NONE', #1410, #1037, #2790 ) ;
#1346 = DIRECTION ( 'NONE',  ( -1.000000000000000000, 0.000000000000000000, 0.000000000000000000 ) ) ;
#1347 = DIRECTION ( 'NONE',  ( 0.000000000000000000, 0.000000000000000000, -1.000000000000000000 ) ) ;
#1348 = CARTESIAN_POINT ( 'NONE',  ( -0.09252404735808350544, 0.03832471526136870671, 0.1406250000000000000 ) ) ;
#1349 = CARTESIAN_POINT ( 'NONE',  ( 0.000000000000000000, 0.09252404735808340830, 0.02499999999999997363 ) ) ;
#1350 = CARTESIAN_POINT ( 'NONE',  ( -0.05177669529663686543, 0.1249999999999999722, 0.1593749999999999611 ) ) ;
#1351 = AXIS2_PLACEMENT_3D ( 'NONE', #3247, #2092, #597 ) ;
#1352 = CARTESIAN_POINT ( 'NONE',  ( 0.1249999999999999306, 6.572097620864639056E-17, 0.4875000000000000444 ) ) ;
#1353 = CARTESIAN_POINT ( 'NONE',  ( 0.1874999999999999167, 0.02454369240633530111, 0.5093750000000000222 ) ) ;
#1354 = CARTESIAN_POINT ( 'NONE',  ( 0.1499375329496586695, 0.1152275099952965315, 0.7312499999999997335 ) ) ;
#1355 = VERTEX_POINT ( 'NONE', #108 ) ;
#1356 = CARTESIAN_POINT ( 'NONE',  ( 0.02328809512026593434, 0.1781278127904652453, 0.4999999999999999445 ) ) ;
#1357 = EDGE_CURVE ( 'NONE', #1355, #3296, #1507, .T. ) ;
#1358 = VERTEX_POINT ( 'NONE', #1062 ) ;
#1359 = CARTESIAN_POINT ( 'NONE',  ( -3.756290991288361679E-16, 0.1082531754730548801, 0.7499999999999998890 ) ) ;
#1360 = CARTESIAN_POINT ( 'NONE',  ( -0.06542438130972608179, 0.06542438130972610955, 0.2312500000000000389 ) ) ;
#1361 = CARTESIAN_POINT ( 'NONE',  ( 0.1874999999999999167, 0.02454369238351226598, 0.7500000000000000000 ) ) ;
#1362 = CARTESIAN_POINT ( 'NONE',  ( 0.06542438130972609567, -0.06542438130972606791, 0.3625000000000000999 ) ) ;
#1363 = LINE ( 'NONE', #3425, #2943 ) ;
#1364 = CARTESIAN_POINT ( 'NONE',  ( 0.08498570275245255490, 0.1474514531114731741, 0.7499999999999998890 ) ) ;
#1365 = CARTESIAN_POINT ( 'NONE',  ( 0.04907772850198706405, -0.1826198767988361782, 0.5093750000000000222 ) ) ;
#1366 = CARTESIAN_POINT ( 'NONE',  ( -0.1474597276623388353, 0.08495837654814482331, 0.7499999999999998890 ) ) ;
#1367 = DIRECTION ( 'NONE',  ( -0.000000000000000000, -0.000000000000000000, 1.000000000000000000 ) ) ;
#1368 = CARTESIAN_POINT ( 'NONE',  ( 0.09566106215400385637, -0.01481040867400878862, 0.009013766893787125353 ) ) ;
#1369 = CARTESIAN_POINT ( 'NONE',  ( 0.09252404735808344993, -0.03832471526136878304, 0.1093750000000000278 ) ) ;
#1370 = CARTESIAN_POINT ( 'NONE',  ( -0.1249999999999999722, 0.05177669529663686543, 0.1156250000000000194 ) ) ;
#1371 = CARTESIAN_POINT ( 'NONE',  ( -0.06542438130972609567, 0.06542438130972612342, 0.2374999999999999889 ) ) ;
#1372 = CARTESIAN_POINT ( 'NONE',  ( 0.1249999999999998890, -0.05177669529663683073, 0.4843750000000000555 ) ) ;
#1373 = CARTESIAN_POINT ( 'NONE',  ( -0.06542438130972608179, 0.06542438130972606791, 0.08124999999999998890 ) ) ;
#1374 = B_SPLINE_CURVE_WITH_KNOTS ( 'NONE', 3,
 ( #1584, #1288, #2780, #695, #388, #1024 ),
 .UNSPECIFIED., .F., .F.,
 ( 4, 2, 4 ),
 ( 0.007363432610939291828, 0.008059648679257357812, 0.008755864747575423795 ),
 .UNSPECIFIED. ) ;
#1375 = CARTESIAN_POINT ( 'NONE',  ( 0.1556514748751937904, 0.08967980441439137029, 0.5000000000000000000 ) ) ;
#1376 = CARTESIAN_POINT ( 'NONE',  ( 0.000000000000000000, 0.1250000000000000555, 0.5062499999999999778 ) ) ;
#1377 = CARTESIAN_POINT ( 'NONE',  ( -0.1249999999999999306, 7.418524311388855848E-17, 0.4125000000000000333 ) ) ;
#1378 = CARTESIAN_POINT ( 'NONE',  ( 0.1349437795129954099, 0.1037047591374690297, 0.7499999999999998890 ) ) ;
#1379 = CARTESIAN_POINT ( 'NONE',  ( 0.03832471526136877610, 0.09252404735808350544, 0.2781250000000000666 ) ) ;
#1380 = CARTESIAN_POINT ( 'NONE',  ( -0.05177669529663687931, -0.1249999999999998612, 0.4218750000000001110 ) ) ;
#1381 = CARTESIAN_POINT ( 'NONE',  ( 0.08838834764831843271, 0.08838834764831843271, 0.3500000000000000333 ) ) ;
#1382 = B_SPLINE_CURVE_WITH_KNOTS ( 'NONE', 3,
 ( #2351, #558, #2914, #3816, #1158, #579, #2336, #2054, #3226, #2952, #1511, #7, #1805, #1782, #2934, #1477, #3544, #1495 ),
 .UNSPECIFIED., .F., .F.,
 ( 4, 2, 2, 2, 2, 2, 2, 2, 4 ),
 ( 0.5000000000000000000, 0.5625000000000000000, 0.6250000000000001110, 0.6875000000000001110, 0.7500000000000001110, 0.8125000000000001110, 0.8750000000000000000, 0.9375000000000000000, 1.000000000000000000 ),
 .UNSPECIFIED. ) ;
#1383 = CARTESIAN_POINT ( 'NONE',  ( 0.09442855863492054247, -0.1638349478928924075, 0.5000000000000000000 ) ) ;
#1384 = CARTESIAN_POINT ( 'NONE',  ( 0.1874999999999999167, 2.219009066670379932E-17, 0.5093750000000000222 ) ) ;
#1385 = CARTESIAN_POINT ( 'NONE',  ( 0.1046901669518781192, -0.05143927616371660183, 0.02888182438372210656 ) ) ;
#1386 = CARTESIAN_POINT ( 'NONE',  ( 0.05177669529663694870, 0.1249999999999999167, 0.1531250000000000111 ) ) ;
#1387 = EDGE_CURVE ( 'NONE', #992, #1358, #2932, .T. ) ;
#1388 = CARTESIAN_POINT ( 'NONE',  ( -0.06542438130972609567, 0.06542438130972610955, 0.1874999999999999722 ) ) ;
#1389 = CARTESIAN_POINT ( 'NONE',  ( 0.09252404735808346381, 5.231002706149078048E-18, 0.2625000000000000111 ) ) ;
#1390 = CARTESIAN_POINT ( 'NONE',  ( 0.1249999999999999167, -0.05177669529663694870, 0.1406250000000000555 ) ) ;
#1391 = CARTESIAN_POINT ( 'NONE',  ( -0.03832471526136872059, 0.09252404735808342218, -0.01562500000000003123 ) ) ;
#1392 = CARTESIAN_POINT ( 'NONE',  ( -0.03832471526136872059, -0.09252404735808350544, 0.1468750000000000888 ) ) ;
#1393 = CARTESIAN_POINT ( 'NONE',  ( -0.09374999999999998612, -0.05412658773652719024, 0.6328124999999998890 ) ) ;
#1394 = CARTESIAN_POINT ( 'NONE',  ( -0.03167064247104980912, -0.1160330974783772701, 0.03221352980809588651 ) ) ;
#1395 = CARTESIAN_POINT ( 'NONE',  ( -0.1249999999999999306, 8.895317849618297123E-17, 0.4625000000000000777 ) ) ;
#1396 = CARTESIAN_POINT ( 'NONE',  ( -1.530808498934190893E-17, -0.1249999999999998612, 0.4812500000000000666 ) ) ;
#1397 = CARTESIAN_POINT ( 'NONE',  ( -3.756290991288361679E-16, 0.1082531754730548801, 0.7499999999999998890 ) ) ;
#1398 = CARTESIAN_POINT ( 'NONE',  ( -0.03832471526136872059, 0.09252404735808351932, 0.3343749999999999778 ) ) ;
#1399 = CARTESIAN_POINT ( 'NONE',  ( 0.09442855861381790894, -0.1638349479016325549, 0.7500000000000000000 ) ) ;
#1400 = CARTESIAN_POINT ( 'NONE',  ( -1.133092784412350615E-17, -0.09252404735808340830, 0.4562500000000000999 ) ) ;
#1401 = CARTESIAN_POINT ( 'NONE',  ( -0.1826198767988345129, 0.04907772850199095677, 0.5093750000000000222 ) ) ;
#1402 = CARTESIAN_POINT ( 'NONE',  ( 0.04008775369396408439, -0.09514836590781838854, 0.01545678743845166694 ) ) ;
#1403 = ADVANCED_FACE ( 'NONE', ( #3108 ), #2247, .T. ) ;
#1404 = AXIS2_PLACEMENT_3D ( 'NONE', #1027, #1347, #2211 ) ;
#1405 = CARTESIAN_POINT ( 'NONE',  ( 0.09252404735808344993, 0.03832471526136872059, 0.1656250000000000222 ) ) ;
#1406 = EDGE_CURVE ( 'NONE', #325, #2734, #3287, .T. ) ;
#1407 = CARTESIAN_POINT ( 'NONE',  ( 0.1249999999999999167, -0.05177669529663697645, 0.09062500000000003886 ) ) ;
#1408 = VECTOR ( 'NONE', #3648, 39.37007874015748143 ) ;
#1409 = CARTESIAN_POINT ( 'NONE',  ( -0.08838834764831839108, -0.08838834764831828006, 0.5187500000000000444 ) ) ;
#1410 = CARTESIAN_POINT ( 'NONE',  ( 0.000000000000000000, 7.549139889267777477E-20, 0.000000000000000000 ) ) ;
#1411 = ORIENTED_EDGE ( 'NONE', *, *, #2912, .F. ) ;
#1412 = AXIS2_PLACEMENT_3D ( 'NONE', #2930, #282, #3261 ) ;
#1413 = CARTESIAN_POINT ( 'NONE',  ( 0.09252404735808346381, -6.860867420532304424E-17, 0.01249999999999999549 ) ) ;
#1414 = CARTESIAN_POINT ( 'NONE',  ( 0.1638349479016284471, 0.09442855861384015503, 0.7312499999999998446 ) ) ;
#1415 = DIRECTION ( 'NONE',  ( -0.000000000000000000, -0.000000000000000000, -1.000000000000000000 ) ) ;
#1416 = CARTESIAN_POINT ( 'NONE',  ( -0.08838834764831840496, -0.08838834764831830781, 0.4750000000000000333 ) ) ;
#1417 = ORIENTED_EDGE ( 'NONE', *, *, #1936, .T. ) ;
#1418 = CARTESIAN_POINT ( 'NONE',  ( 0.09375000000000001388, 0.05412658773652767596, 0.7499999999999998890 ) ) ;
#1419 = CARTESIAN_POINT ( 'NONE',  ( 0.09252404735808344993, -0.03832471526136869977, 0.4093750000000000444 ) ) ;
#1420 = CARTESIAN_POINT ( 'NONE',  ( 0.1499375327922171097, 0.1152275101527476114, 0.7500000000000000000 ) ) ;
#1421 = CARTESIAN_POINT ( 'NONE',  ( -0.09252404735808350544, 0.03832471526136879691, 0.4406249999999999889 ) ) ;
#1422 = CARTESIAN_POINT ( 'NONE',  ( -0.1249999999999999445, -0.05177669529663678910, 0.4156250000000000777 ) ) ;
#1423 = MANIFOLD_SOLID_BREP ( 'Fillet3', #1025 ) ;
#1424 = CARTESIAN_POINT ( 'NONE',  ( -0.04907772850198802161, -0.1826198767988400085, 0.5000000000000000000 ) ) ;
#1425 = CARTESIAN_POINT ( 'NONE',  ( 0.08838834764831840496, 0.08838834764831833557, 0.04374999999999997641 ) ) ;
#1426 = EDGE_LOOP ( 'NONE', ( #1089, #399, #264, #2187 ) ) ;
#1427 = EDGE_CURVE ( 'NONE', #553, #992, #1815, .T. ) ;
#1428 = CARTESIAN_POINT ( 'NONE',  ( 0.09252404735808344993, 0.03832471526136875528, 0.2656250000000000000 ) ) ;
#1429 = CARTESIAN_POINT ( 'NONE',  ( 0.08838834764831843271, 0.08838834764831837720, 0.1999999999999999833 ) ) ;
#1430 = CARTESIAN_POINT ( 'NONE',  ( -1.530808498934190893E-17, -0.1249999999999998335, 0.5250000000000001332 ) ) ;
#1431 = VERTEX_POINT ( 'NONE', #535 ) ;
#1432 = CARTESIAN_POINT ( 'NONE',  ( -0.06542438130972608179, 0.06542438130972606791, 0.1312499999999999778 ) ) ;
#1433 = VERTEX_POINT ( 'NONE', #452 ) ;
#1434 = FACE_OUTER_BOUND ( 'NONE', #3033, .T. ) ;
#1435 = CARTESIAN_POINT ( 'NONE',  ( 0.1094882143615810294, -0.1424225543225512702, 0.5000000000000002220 ) ) ;
#1437 = ADVANCED_FACE ( 'NONE', ( #3477 ), #3251, .F. ) ;
#1436 = ORIENTED_EDGE ( 'NONE', *, *, #2391, .F. ) ;
#1438 = CARTESIAN_POINT ( 'NONE',  ( -0.09374999999999995837, 0.05412658773652766903, 0.7499999999999998890 ) ) ;
#1439 = CARTESIAN_POINT ( 'NONE',  ( -0.06542438130972610955, -0.06542438130972601240, 0.4500000000000000666 ) ) ;
#1440 = CARTESIAN_POINT ( 'NONE',  ( -0.09230519751392712857, 0.07293013247541638155, 0.4677769279792032830 ) ) ;
#1441 = CARTESIAN_POINT ( 'NONE',  ( 0.05177669529663694870, 0.1250000000000000000, 0.3531250000000000222 ) ) ;
#1442 = CARTESIAN_POINT ( 'NONE',  ( 0.04907772850198856979, -0.1826198767988397309, 0.5000000000000000000 ) ) ;
#1443 = CARTESIAN_POINT ( 'NONE',  ( 0.1687499999999999001, 0.000000000000000000, 0.7499999999999998890 ) ) ;
#1444 = ORIENTED_EDGE ( 'NONE', *, *, #449, .T. ) ;
#1445 = CARTESIAN_POINT ( 'NONE',  ( 0.09252404735808347769, 0.03832471526136870671, 0.07187500000000000833 ) ) ;
#1446 = CARTESIAN_POINT ( 'NONE',  ( 0.09252404735808346381, 1.999893808844349080E-17, 0.3125000000000000000 ) ) ;
#1447 = CARTESIAN_POINT ( 'NONE',  ( -0.1249999999999999722, 0.05177669529663687931, 0.2156250000000000111 ) ) ;
#1448 = CARTESIAN_POINT ( 'NONE',  ( -0.1826198767901022479, 0.04907772852307262790, 0.7312499999999998446 ) ) ;
#1449 = ORIENTED_EDGE ( 'NONE', *, *, #2044, .F. ) ;
#1450 = CARTESIAN_POINT ( 'NONE',  ( 0.06542438130972608179, -0.06542438130972608179, 0.2562500000000000333 ) ) ;
#1451 = VERTEX_POINT ( 'NONE', #822 ) ;
#1452 = CARTESIAN_POINT ( 'NONE',  ( 0.07844243687486954220, -0.06296441342745845438, 0.7448974789582291089 ) ) ;
#1453 = CARTESIAN_POINT ( 'NONE',  ( 0.08838834764831843271, 0.08838834764831846047, 0.5000000000000000000 ) ) ;
#1454 = ORIENTED_EDGE ( 'NONE', *, *, #1630, .T. ) ;
#1455 = CARTESIAN_POINT ( 'NONE',  ( -1.133092784412350307E-17, -0.09252404735808340830, 0.4000000000000000222 ) ) ;
#1456 = CARTESIAN_POINT ( 'NONE',  ( 0.09375000000000002776, -0.03631973612773658350, 0.7453294288024300274 ) ) ;
#1457 = CARTESIAN_POINT ( 'NONE',  ( 0.06542438130972609567, -0.06542438130972602628, 0.4625000000000000777 ) ) ;
#1458 = CARTESIAN_POINT ( 'NONE',  ( 0.000000000000000000, 7.549139889267777477E-20, 0.000000000000000000 ) ) ;
#1459 = CARTESIAN_POINT ( 'NONE',  ( 0.000000000000000000, -1.104688079777929626E-16, 0.7499999999999998890 ) ) ;
#1460 = CARTESIAN_POINT ( 'NONE',  ( -0.1249999999999999445, 7.603123503667533850E-17, 0.4187500000000000666 ) ) ;
#1461 = CARTESIAN_POINT ( 'NONE',  ( -0.08838834764831837720, 0.08838834764831833557, 0.006249999999999976928 ) ) ;
#1462 = ORIENTED_EDGE ( 'NONE', *, *, #2311, .T. ) ;
#1463 = CARTESIAN_POINT ( 'NONE',  ( -0.09252404735808347769, 0.03832471526136870671, 0.1843750000000000111 ) ) ;
#1464 = CARTESIAN_POINT ( 'NONE',  ( 0.1152275101527381329, -0.1499375327922170820, 0.7500000000000000000 ) ) ;
#1465 = CARTESIAN_POINT ( 'NONE',  ( 0.08838834764831839108, -0.08838834764831840496, 0.2375000000000000722 ) ) ;
#1466 = CARTESIAN_POINT ( 'NONE',  ( -0.01312685846760956732, 0.1052001737810017712, 0.01829383700481461428 ) ) ;
#1467 = CARTESIAN_POINT ( 'NONE',  ( 0.1638349479016252275, 0.09442855861383885052, 0.7500000000000000000 ) ) ;
#1468 = CARTESIAN_POINT ( 'NONE',  ( -0.03832471526136872059, -0.09252404735808344993, 0.2468750000000000944 ) ) ;
#1469 = AXIS2_PLACEMENT_3D ( 'NONE', #3414, #1965, #1087 ) ;
#1470 = CARTESIAN_POINT ( 'NONE',  ( 0.03832471526136877610, 0.09252404735808340830, 0.02812499999999996947 ) ) ;
#1471 = CARTESIAN_POINT ( 'NONE',  ( 0.05177669529663694176, 0.1249999999999998890, 0.1968749999999999944 ) ) ;
#1472 = AXIS2_PLACEMENT_3D ( 'NONE', #1459, #3563, #3300 ) ;
#1473 = DIRECTION ( 'NONE',  ( -0.000000000000000000, -0.000000000000000000, 1.000000000000000000 ) ) ;
#1474 = CARTESIAN_POINT ( 'NONE',  ( -0.1781249999999999500, -0.01166537692497638355, 0.5000000000000001110 ) ) ;
#1475 = ORIENTED_EDGE ( 'NONE', *, *, #727, .T. ) ;
#1476 = CARTESIAN_POINT ( 'NONE',  ( 0.03832471526136877610, 0.09252404735808351932, 0.4281250000000000333 ) ) ;
#1477 = CARTESIAN_POINT ( 'NONE',  ( -0.1826198768753090618, -0.04907772831736515601, 0.7312500000000000666 ) ) ;
#1478 = DIRECTION ( 'NONE',  ( 0.000000000000000000, -1.000000000000000000, 0.000000000000000000 ) ) ;
#1479 =( NAMED_UNIT ( * ) PLANE_ANGLE_UNIT ( ) SI_UNIT ( $, .RADIAN. ) );
#1480 = CARTESIAN_POINT ( 'NONE',  ( 0.1249999999999999306, -2.288663608512017221E-17, 0.1875000000000000278 ) ) ;
#1481 = CARTESIAN_POINT ( 'NONE',  ( 0.09252404735808347769, 0.03832471526136869283, 0.02187499999999998820 ) ) ;
#1482 = CARTESIAN_POINT ( 'NONE',  ( 0.03832471526136876916, 0.09252404735808351932, 0.4218750000000000555 ) ) ;
#1483 = CARTESIAN_POINT ( 'NONE',  ( 0.000000000000000000, 0.1249999999999999861, 0.3062499999999999667 ) ) ;
#1484 = ADVANCED_FACE ( 'NONE', ( #791 ), #1969, .T. ) ;
#1485 = CARTESIAN_POINT ( 'NONE',  ( -0.1826198767901032194, -0.04907772852307005357, 0.7312499999999998446 ) ) ;
#1486 = CARTESIAN_POINT ( 'NONE',  ( -0.1874999999999999167, 0.02454369238351464949, 0.7312499999999998446 ) ) ;
#1487 = CARTESIAN_POINT ( 'NONE',  ( -0.1249999999999999306, 3.455662024164295957E-19, 0.1625000000000000056 ) ) ;
#1488 = CARTESIAN_POINT ( 'NONE',  ( -0.06542438130972608179, 0.06542438130972612342, 0.3312500000000000444 ) ) ;
#1489 = CARTESIAN_POINT ( 'NONE',  ( 0.03832471526136869977, -0.09252404735808356095, 0.009375000000000023939 ) ) ;
#1490 = CARTESIAN_POINT ( 'NONE',  ( -0.1349437795129976581, 0.1037047591374620215, 0.7499999999999998890 ) ) ;
#1491 = ORIENTED_EDGE ( 'NONE', *, *, #1605, .T. ) ;
#1492 = CARTESIAN_POINT ( 'NONE',  ( 0.06290549989092017458, -0.07193466817752387776, 0.7416383330878953961 ) ) ;
#1493 = ORIENTED_EDGE ( 'NONE', *, *, #1105, .T. ) ;
#1494 = CYLINDRICAL_SURFACE ( 'NONE', #2201, 0.1249999999999999306 ) ;
#1495 = CARTESIAN_POINT ( 'NONE',  ( -0.1874999999999999167, 1.155655514089910824E-17, 0.7312499999999998446 ) ) ;
#1496 = CARTESIAN_POINT ( 'NONE',  ( -0.1487499999999999656, -5.530426628471140438E-17, 0.4812500000000000111 ) ) ;
#1497 = CARTESIAN_POINT ( 'NONE',  ( 0.09252404735808346381, -5.384073882302861917E-17, 0.06250000000000000000 ) ) ;
#1498 = CARTESIAN_POINT ( 'NONE',  ( 0.08838834764831843271, 0.08838834764831840496, 0.2999999999999999889 ) ) ;
#1499 = CARTESIAN_POINT ( 'NONE',  ( 0.03832471526136869977, -0.09252404735808351932, 0.1093750000000000416 ) ) ;
#1500 = CARTESIAN_POINT ( 'NONE',  ( 0.09252404735808344993, -0.03832471526136870671, 0.3593750000000001110 ) ) ;
#1501 = CARTESIAN_POINT ( 'NONE',  ( -0.05177669529663686543, 0.1249999999999999861, 0.3593750000000001110 ) ) ;
#1502 = CARTESIAN_POINT ( 'NONE',  ( -0.09765872235887471109, 0.05239888187420739529, 0.02311612232058450622 ) ) ;
#1503 = EDGE_CURVE ( 'NONE', #2538, #416, #3511, .T. ) ;
#1504 = CARTESIAN_POINT ( 'NONE',  ( -0.09252404735808347769, 0.03832471526136876916, 0.3843750000000000222 ) ) ;
#1505 = CARTESIAN_POINT ( 'NONE',  ( -1.133092784412350615E-17, -0.09252404735808350544, 0.1562500000000000278 ) ) ;
#1506 = CARTESIAN_POINT ( 'NONE',  ( -0.03538713735125614129, -0.09637668392193045330, 0.4593137241301444296 ) ) ;
#1507 =( BOUNDED_CURVE ( )  B_SPLINE_CURVE ( 2, ( #3647, #3151, #2584, #2815, #736, #505, #3720, #1077, #1958 ),
 .UNSPECIFIED., .F., .F. ) 
 B_SPLINE_CURVE_WITH_KNOTS ( ( 3, 2, 2, 2, 3 ),
 ( 0.3863636363636363535, 0.3977272727272727071, 0.4090909090909091161, 0.4204545454545454697, 0.4318181818181818232 ),
 .UNSPECIFIED. ) 
 CURVE ( )  GEOMETRIC_REPRESENTATION_ITEM ( )  RATIONAL_B_SPLINE_CURVE ( ( 1.000000000000000000, 0.9238795325112867385, 1.000000000000000000, 0.9238795325112867385, 1.000000000000000000, 0.9238795325112867385, 1.000000000000000000, 0.9238795325112867385, 1.000000000000000000 ) ) 
 REPRESENTATION_ITEM ( '' )  );
#1508 = CARTESIAN_POINT ( 'NONE',  ( -0.1734888829588972503, -0.04662384207688850118, 0.5000000000000000000 ) ) ;
#1509 = ORIENTED_EDGE ( 'NONE', *, *, #932, .T. ) ;
#1510 = DIRECTION ( 'NONE',  ( -0.000000000000000000, -0.000000000000000000, -1.000000000000000000 ) ) ;
#1511 = CARTESIAN_POINT ( 'NONE',  ( -0.04907772831736506580, -0.1826198768753090618, 0.7312499999999998446 ) ) ;
#1512 = CARTESIAN_POINT ( 'NONE',  ( -0.08838834764831839108, -0.08838834764831832169, 0.3187500000000000333 ) ) ;
#1513 = CARTESIAN_POINT ( 'NONE',  ( 0.000000000000000000, 0.09252404735808340830, 0.02499999999999997363 ) ) ;
#1514 = CARTESIAN_POINT ( 'NONE',  ( -0.1249999999999999584, 0.05177669529663690706, 0.3156249999999999889 ) ) ;
#1515 = CARTESIAN_POINT ( 'NONE',  ( 0.09252404735808346381, 0.03832471526136879691, 0.3718750000000000111 ) ) ;
#1516 = CARTESIAN_POINT ( 'NONE',  ( -0.06542438130972610955, -0.06542438130972604016, 0.4000000000000000222 ) ) ;
#1517 = CARTESIAN_POINT ( 'NONE',  ( -0.03832471526136872753, -0.09252404735808351932, 0.1031250000000000638 ) ) ;
#1518 = ORIENTED_EDGE ( 'NONE', *, *, #3674, .F. ) ;
#1519 = CARTESIAN_POINT ( 'NONE',  ( -0.09252404735808347769, -0.03832471526136860956, 0.4906250000000000333 ) ) ;
#1520 = CARTESIAN_POINT ( 'NONE',  ( -0.08838834764831840496, -0.08838834764831836333, 0.3250000000000000666 ) ) ;
#1521 = CARTESIAN_POINT ( 'NONE',  ( 0.1249999999999999445, -5.057651492692222384E-17, 0.09375000000000002776 ) ) ;
#1522 = CARTESIAN_POINT ( 'NONE',  ( 0.1299999999999999489, -3.938385789579581713E-17, 0.4749999999999999778 ) ) ;
#1523 = CARTESIAN_POINT ( 'NONE',  ( -0.09374999999999995837, 0.05412658773652766903, 0.7499999999999998890 ) ) ;
#1524 = EDGE_CURVE ( 'NONE', #958, #3609, #2288, .T. ) ;
#1525 = CARTESIAN_POINT ( 'NONE',  ( 0.000000000000000000, 0.09252404735808350544, 0.3250000000000000111 ) ) ;
#1526 = CARTESIAN_POINT ( 'NONE',  ( 0.06542438130972609567, -0.06542438130972615118, 0.06250000000000001388 ) ) ;
#1527 = CARTESIAN_POINT ( 'NONE',  ( -0.05177669529663686543, 0.1249999999999999584, 0.1531249999999999833 ) ) ;
#1528 = EDGE_LOOP ( 'NONE', ( #3334, #1649 ) ) ;
#1530 = VECTOR ( 'NONE', #2556, 39.37007874015748854 ) ;
#1529 = CARTESIAN_POINT ( 'NONE',  ( 0.1037228611113874682, -0.1349216999255590799, 0.7499999999999998890 ) ) ;
#1531 = CARTESIAN_POINT ( 'NONE',  ( 0.1556432004982485073, -0.08970713070317465343, 0.5000000000000000000 ) ) ;
#1532 = ORIENTED_EDGE ( 'NONE', *, *, #168, .T. ) ;
#1533 = CARTESIAN_POINT ( 'NONE',  ( -0.1249999999999997224, -0.02690336217677523345, 0.4703737615460151789 ) ) ;
#1534 = CARTESIAN_POINT ( 'NONE',  ( 0.1299999999999999489, -3.938385789579581713E-17, 0.8676955262170046312 ) ) ;
#1535 = CARTESIAN_POINT ( 'NONE',  ( 0.07013105612876639749, -0.1030276473052700870, 0.03657910082783003003 ) ) ;
#1536 = CARTESIAN_POINT ( 'NONE',  ( -0.1152275101527342471, -0.1499375327922209400, 0.7312499999999998446 ) ) ;
#1537 = CONICAL_SURFACE ( 'NONE', #467, 0.1082531754730549772, 1.047197551196600074 ) ;
#1538 = CARTESIAN_POINT ( 'NONE',  ( 0.09375000000000002776, 0.01840772069489210461, 0.7424317289393693731 ) ) ;
#1539 = ORIENTED_EDGE ( 'NONE', *, *, #2859, .F. ) ;
#1540 = CARTESIAN_POINT ( 'NONE',  ( -0.1874999999999999167, 7.549139889267777477E-20, 0.5093750000000000222 ) ) ;
#1541 = CARTESIAN_POINT ( 'NONE',  ( -0.09252404735808346381, 0.03832471526136868589, 0.08437500000000000555 ) ) ;
#1542 = CARTESIAN_POINT ( 'NONE',  ( 0.03832471526136869977, -0.09252404735808344993, 0.3593750000000001110 ) ) ;
#1543 = CARTESIAN_POINT ( 'NONE',  ( -0.1499375327922137791, 0.1152275101527414219, 0.7500000000000000000 ) ) ;
#1544 = CARTESIAN_POINT ( 'NONE',  ( -0.06542438130972608179, 0.06542438130972615118, 0.3812499999999999778 ) ) ;
#1545 = CARTESIAN_POINT ( 'NONE',  ( 0.000000000000000000, 7.549139889267777477E-20, 0.000000000000000000 ) ) ;
#1546 = CARTESIAN_POINT ( 'NONE',  ( 0.09375000000000020817, 2.561107471552864931E-17, 0.6244390877365274539 ) ) ;
#1547 = ADVANCED_FACE ( 'NONE', ( #1434 ), #3119, .F. ) ;
#1548 = CARTESIAN_POINT ( 'NONE',  ( 0.1152275101527380358, 0.1499375327922075340, 0.7500000000000000000 ) ) ;
#1549 = CARTESIAN_POINT ( 'NONE',  ( 0.06542438130972608179, -0.06542438130972601240, 0.5062499999999999778 ) ) ;
#1550 = CARTESIAN_POINT ( 'NONE',  ( 0.08838834764831837720, -0.08838834764831833557, 0.3812500000000000888 ) ) ;
#1551 = EDGE_LOOP ( 'NONE', ( #2440, #2742, #1475, #638, #3582, #1276 ) ) ;
#1552 = CARTESIAN_POINT ( 'NONE',  ( 0.1874999999999999167, 0.02454369240633530111, 0.5000000000000000000 ) ) ;
#1553 = VERTEX_POINT ( 'NONE', #475 ) ;
#1554 = CARTESIAN_POINT ( 'NONE',  ( -0.1826198768753090895, 0.04907772831736500335, 0.7312499999999998446 ) ) ;
#1555 = CARTESIAN_POINT ( 'NONE',  ( -0.04419943486702259533, -0.1169248047141229346, 0.4721304482402233771 ) ) ;
#1556 = ADVANCED_FACE ( 'NONE', ( #1071 ), #2412, .T. ) ;
#1557 = ORIENTED_EDGE ( 'NONE', *, *, #3474, .F. ) ;
#1558 = CARTESIAN_POINT ( 'NONE',  ( 0.05177669529663694870, 0.1249999999999999167, 0.2031249999999999722 ) ) ;
#1559 = CARTESIAN_POINT ( 'NONE',  ( 0.06542438130972610955, 0.06542438130972602628, 0.01874999999999997849 ) ) ;
#1560 = CARTESIAN_POINT ( 'NONE',  ( 0.09252404735808347769, -5.199474690024182682E-17, 0.06875000000000000555 ) ) ;
#1561 = CARTESIAN_POINT ( 'NONE',  ( -0.1249999999999999445, -0.05177669529663682380, 0.2656250000000000000 ) ) ;
#1562 = CARTESIAN_POINT ( 'NONE',  ( 0.03832471526136869977, -0.09252404735808351932, 0.1093750000000000416 ) ) ;
#1563 = CARTESIAN_POINT ( 'NONE',  ( -0.05177669529663687931, 0.1250000000000000000, 0.2593750000000000222 ) ) ;
#1564 = B_SPLINE_CURVE_WITH_KNOTS ( 'NONE', 3,
 ( #1397, #810, #794, #2313, #3731, #3750, #2002, #1418 ),
 .UNSPECIFIED., .F., .F.,
 ( 4, 2, 2, 4 ),
 ( 2.380745673508366101E-07, 0.001388728690853444645, 0.002082973998996491549, 0.002777219307139537369 ),
 .UNSPECIFIED. ) ;
#1565 = CARTESIAN_POINT ( 'NONE',  ( 0.02057733961169693968, -0.09252404735808339442, 0.4516778777310674342 ) ) ;
#1566 = DIRECTION ( 'NONE',  ( -1.000000000000000000, 0.000000000000000000, 0.000000000000000000 ) ) ;
#1567 = CARTESIAN_POINT ( 'NONE',  ( -0.09252404735808347769, 0.03832471526136878998, 0.4343750000000001776 ) ) ;
#1568 = CARTESIAN_POINT ( 'NONE',  ( 0.06542438130972610955, 0.06542438130972606791, 0.1250000000000000000 ) ) ;
#1569 = CARTESIAN_POINT ( 'NONE',  ( -0.08838834764831837720, 0.08838834764831840496, 0.2562499999999999778 ) ) ;
#1570 = B_SPLINE_CURVE_WITH_KNOTS ( 'NONE', 3,
 ( #2528, #3700, #1042, #1656, #1096, #752, #3403, #482, #2225, #2831, #3734, #3448, #797, #3149, #503, #1697, #2561, #3755, #1175, #2020, #3528, #2072, #850, #1827, #1194, #1440, #2970, #1737, #3244, #2603, #1217, #324, #3794, #3209 ),
 .UNSPECIFIED., .F., .F.,
 ( 4, 2, 2, 2, 2, 2, 2, 2, 2, 2, 2, 2, 2, 2, 2, 2, 4 ),
 ( 0.002771003803708019589, 0.003325093537758903699, 0.003879183271809788242, 0.004433273005860672786, 0.004987362739911556896, 0.005541452473962441005, 0.006095542208013324248, 0.006649631942064209225, 0.007203721676115093335, 0.007757811410165977445, 0.008311901144216860687, 0.008865990878267747399, 0.009420080612318630642, 0.009974170346369515619, 0.01052826008042040060, 0.01108234981447128557, 0.01163643954852217055 ),
 .UNSPECIFIED. ) ;
#1571 = ORIENTED_EDGE ( 'NONE', *, *, #2068, .T. ) ;
#1572 = CARTESIAN_POINT ( 'NONE',  ( 0.1826198767988363447, -0.04907772850198654363, 0.5093750000000000222 ) ) ;
#1573 = ORIENTED_EDGE ( 'NONE', *, *, #338, .T. ) ;
#1574 = DIRECTION ( 'NONE',  ( -1.000000000000000000, 0.000000000000000000, 0.000000000000000000 ) ) ;
#1575 = CARTESIAN_POINT ( 'NONE',  ( -0.02454369238353786009, -0.1874999999999999445, 0.7312499999999998446 ) ) ;
#1576 = CARTESIAN_POINT ( 'NONE',  ( -0.09375000000000001388, -0.04533162657322728495, 0.7474611134024273795 ) ) ;
#1577 = CARTESIAN_POINT ( 'NONE',  ( 0.05177669529663694870, 0.1249999999999999861, 0.4031250000000000111 ) ) ;
#1578 = CARTESIAN_POINT ( 'NONE',  ( 0.000000000000000000, 7.549139889267777477E-20, 0.000000000000000000 ) ) ;
#1579 = CARTESIAN_POINT ( 'NONE',  ( 0.06542438130972610955, 0.06542438130972605403, 0.1187499999999999944 ) ) ;
#1580 = CARTESIAN_POINT ( 'NONE',  ( 0.03832471526136869977, -0.09252404735808344993, 0.4093750000000000444 ) ) ;
#1581 = CARTESIAN_POINT ( 'NONE',  ( -0.03832471526136872753, -0.09252404735808351932, 0.1531250000000000389 ) ) ;
#1582 = CARTESIAN_POINT ( 'NONE',  ( 0.08838834764831843271, 0.08838834764831846047, 0.4499999999999999556 ) ) ;
#1583 = ORIENTED_EDGE ( 'NONE', *, *, #1872, .T. ) ;
#1584 = CARTESIAN_POINT ( 'NONE',  ( -0.09375000000000002776, 0.05412658773652766209, 0.6328124999999998890 ) ) ;
#1585 = CARTESIAN_POINT ( 'NONE',  ( 0.08838834764831839108, -0.08838834764831840496, 0.2375000000000000722 ) ) ;
#1586 = CARTESIAN_POINT ( 'NONE',  ( -1.133092784412350307E-17, -0.09252404735808353320, 2.134256245050205639E-17 ) ) ;
#1587 = CARTESIAN_POINT ( 'NONE',  ( -0.09252404735808347769, 0.03832471526136879691, 0.4843750000000000000 ) ) ;
#1588 = CARTESIAN_POINT ( 'NONE',  ( 0.09252404735808346381, 0.03832471526136872059, 0.1218749999999999972 ) ) ;
#1589 = CARTESIAN_POINT ( 'NONE',  ( 0.05177669529663683073, -0.1249999999999998890, 0.3781250000000001554 ) ) ;
#1590 = ORIENTED_EDGE ( 'NONE', *, *, #1503, .F. ) ;
#1591 = CARTESIAN_POINT ( 'NONE',  ( 0.04907772850198450360, 0.1826198767988372051, 0.5093750000000000222 ) ) ;
#1592 = DIRECTION ( 'NONE',  ( -0.000000000000000000, -0.000000000000000000, 1.000000000000000000 ) ) ;
#1593 = CONICAL_SURFACE ( 'NONE', #652, 0.08749999999999995282, 0.7853981633974433940 ) ;
#1594 = FACE_OUTER_BOUND ( 'NONE', #3392, .T. ) ;
#1595 = CARTESIAN_POINT ( 'NONE',  ( 0.08838834764831839108, -0.08838834764831844659, 0.1375000000000000389 ) ) ;
#1596 = CARTESIAN_POINT ( 'NONE',  ( -0.09252404735808346381, -0.03832471526136865120, 0.3906250000000000000 ) ) ;
#1597 = AXIS2_PLACEMENT_3D ( 'NONE', #2835, #1662, #1995 ) ;
#1598 = CARTESIAN_POINT ( 'NONE',  ( 0.09252404735808347769, -7.690940753358554677E-18, 0.2187500000000000278 ) ) ;
#1599 = CARTESIAN_POINT ( 'NONE',  ( -0.08838834764831839108, -0.08838834764831837720, 0.1687500000000000389 ) ) ;
#1600 = ORIENTED_EDGE ( 'NONE', *, *, #19, .F. ) ;
#1601 = ORIENTED_EDGE ( 'NONE', *, *, #1713, .F. ) ;
#1602 = CARTESIAN_POINT ( 'NONE',  ( -0.1734888829588906445, 0.04662384207689185267, 0.5000000000000000000 ) ) ;
#1603 = CARTESIAN_POINT ( 'NONE',  ( -0.06542438130972608179, 0.06542438130972616506, 0.4312500000000000222 ) ) ;
#1604 = CARTESIAN_POINT ( 'NONE',  ( -0.05177669529663687931, 0.1249999999999999584, 0.1593749999999999611 ) ) ;
#1605 = EDGE_CURVE ( 'NONE', #1433, #3201, #2070, .T. ) ;
#1606 = CARTESIAN_POINT ( 'NONE',  ( 0.09252404735808344993, -0.03832471526136882467, 0.009375000000000006592 ) ) ;
#1607 = CARTESIAN_POINT ( 'NONE',  ( 0.06542438130972608179, -0.06542438130972601240, 0.4562499999999999889 ) ) ;
#1608 = CARTESIAN_POINT ( 'NONE',  ( -0.09252404735808347769, 7.586947243741243540E-18, 0.1937500000000000056 ) ) ;
#1609 = CARTESIAN_POINT ( 'NONE',  ( -0.08838834764831839108, -0.08838834764831832169, 0.3687500000000000777 ) ) ;
#1610 = CARTESIAN_POINT ( 'NONE',  ( -0.1874999999999999167, 2.303761888290553917E-17, 0.7500000000000000000 ) ) ;
#1611 = CARTESIAN_POINT ( 'NONE',  ( 0.08838834764831839108, -0.08838834764831843271, 0.1875000000000000555 ) ) ;
#1612 =( BOUNDED_CURVE ( )  B_SPLINE_CURVE ( 2, ( #1099, #1741, #271 ),
 .UNSPECIFIED., .F., .F. ) 
 B_SPLINE_CURVE_WITH_KNOTS ( ( 3, 3 ),
 ( 0.000000000000000000, 1.000000000000000000 ),
 .UNSPECIFIED. ) 
 CURVE ( )  GEOMETRIC_REPRESENTATION_ITEM ( )  RATIONAL_B_SPLINE_CURVE ( ( 1.000000000000000000, 0.3333333333333333148, 1.000000000000000000 ) ) 
 REPRESENTATION_ITEM ( '' )  );
#1613 = CARTESIAN_POINT ( 'NONE',  ( 0.02454369260617023790, 0.1874999999999999445, 0.7312499999999998446 ) ) ;
#1614 = CARTESIAN_POINT ( 'NONE',  ( -0.06765572209224640643, -0.09677982781615550312, 0.03043898999304116629 ) ) ;
#1615 = CARTESIAN_POINT ( 'NONE',  ( -1.133092784412350615E-17, -0.09252404735808344993, 0.3062500000000000222 ) ) ;
#1616 = ORIENTED_EDGE ( 'NONE', *, *, #3385, .T. ) ;
#1617 = CARTESIAN_POINT ( 'NONE',  ( 0.08838834764831839108, -0.08838834764831836333, 0.4375000000000000555 ) ) ;
#1618 = DIRECTION ( 'NONE',  ( 1.000000000000000000, 0.000000000000000000, 0.000000000000000000 ) ) ;
#1619 = CARTESIAN_POINT ( 'NONE',  ( 0.03832471526136869283, -0.09252404735808344993, 0.3031250000000000333 ) ) ;
#1620 = CARTESIAN_POINT ( 'NONE',  ( 0.09252404735808347769, 0.03832471526136881773, 0.4218749999999999445 ) ) ;
#1621 = CARTESIAN_POINT ( 'NONE',  ( -0.09252404735808347769, 3.712281800833008907E-17, 0.2937500000000000111 ) ) ;
#1622 = CARTESIAN_POINT ( 'NONE',  ( -0.08838834764831839108, 0.08838834764831850210, 0.4624999999999999667 ) ) ;
#1623 = CARTESIAN_POINT ( 'NONE',  ( -3.295631491865439644E-17, 0.1082531754730550605, 0.6328124999999998890 ) ) ;
#1624 = CYLINDRICAL_SURFACE ( 'NONE', #1659, 0.1249999999999999306 ) ;
#1625 = EDGE_CURVE ( 'NONE', #914, #821, #1661, .T. ) ;
#1626 = DIRECTION ( 'NONE',  ( -1.000000000000000000, 0.000000000000000000, 0.000000000000000000 ) ) ;
#1627 = CARTESIAN_POINT ( 'NONE',  ( 0.09252404735808347769, 8.091667154040798652E-17, 0.5187500000000000444 ) ) ;
#1628 = CARTESIAN_POINT ( 'NONE',  ( -0.09252404735808346381, 7.958063223242654112E-17, 0.4375000000000000555 ) ) ;
#1629 = CARTESIAN_POINT ( 'NONE',  ( 0.000000000000000000, 0.09252404735808346381, 0.1812499999999999667 ) ) ;
#1630 = EDGE_CURVE ( 'NONE', #2109, #3220, #856, .T. ) ;
#1631 = CARTESIAN_POINT ( 'NONE',  ( -0.05177669529663686543, 0.1249999999999999861, 0.3531249999999999667 ) ) ;
#1632 = CARTESIAN_POINT ( 'NONE',  ( 0.1249999999999999445, -2.104064416233337678E-17, 0.1937500000000000056 ) ) ;
#1633 = CARTESIAN_POINT ( 'NONE',  ( -0.1249999999999999306, 7.549139889267777477E-20, 0.000000000000000000 ) ) ;
#1634 = VERTEX_POINT ( 'NONE', #1522 ) ;
#1635 = CARTESIAN_POINT ( 'NONE',  ( -0.05177669529663687931, 0.1250000000000000000, 0.4031249999999999556 ) ) ;
#1636 = CARTESIAN_POINT ( 'NONE',  ( 0.000000000000000000, 0.09252404735808351932, 0.3750000000000000555 ) ) ;
#1637 = CARTESIAN_POINT ( 'NONE',  ( -0.1874999999999999167, 2.303761888290553917E-17, 0.7500000000000000000 ) ) ;
#1638 = CARTESIAN_POINT ( 'NONE',  ( 0.09252404735808347769, 0.03832471526136877610, 0.3218749999999999667 ) ) ;
#1639 = CARTESIAN_POINT ( 'NONE',  ( 0.1249999999999999445, -5.057651492692222384E-17, 0.09375000000000002776 ) ) ;
#1640 = CARTESIAN_POINT ( 'NONE',  ( 0.04416995567078190604, -0.1643578891110859252, 0.7499999999999998890 ) ) ;
#1641 = DIRECTION ( 'NONE',  ( 1.000000000000000000, 0.000000000000000000, 0.000000000000000000 ) ) ;
#1642 = CARTESIAN_POINT ( 'NONE',  ( 0.000000000000000000, 0.09252404735808339442, -0.02500000000000003261 ) ) ;
#1643 = CARTESIAN_POINT ( 'NONE',  ( 0.03832471526136869283, -0.09252404735808351932, 0.05312500000000001943 ) ) ;
#1644 = CARTESIAN_POINT ( 'NONE',  ( 0.05177669529663694870, 0.1249999999999999167, 0.2031249999999999445 ) ) ;
#1645 = CARTESIAN_POINT ( 'NONE',  ( 0.03832471526136869977, -0.09252404735808356095, 0.009375000000000023939 ) ) ;
#1646 = CARTESIAN_POINT ( 'NONE',  ( 0.04907772850198706405, -0.1826198767988361782, 0.5093750000000000222 ) ) ;
#1647 = CARTESIAN_POINT ( 'NONE',  ( 0.1874999999999999167, 0.02454369260617025525, 0.7312499999999998446 ) ) ;
#1648 = CARTESIAN_POINT ( 'NONE',  ( 0.03921503612455914251, -0.08380262693537948726, 0.4534921628294172335 ) ) ;
#1649 = ORIENTED_EDGE ( 'NONE', *, *, #2912, .T. ) ;
#1650 = CARTESIAN_POINT ( 'NONE',  ( 0.000000000000000000, -5.530426628471140438E-17, 0.4812500000000000111 ) ) ;
#1651 = CARTESIAN_POINT ( 'NONE',  ( 0.000000000000000000, -5.530426628471140438E-17, 0.4721304482402234326 ) ) ;
#1652 = CARTESIAN_POINT ( 'NONE',  ( -0.06542438130972608179, -0.06542438130972606791, 0.2437500000000000222 ) ) ;
#1653 = CARTESIAN_POINT ( 'NONE',  ( 0.1826198767901167086, -0.04907772852305294226, 0.7500000000000000000 ) ) ;
#1654 = VECTOR ( 'NONE', #778, 39.37007874015748143 ) ;
#1655 = CARTESIAN_POINT ( 'NONE',  ( 0.09252404735808347769, 0.03832471526136875528, 0.2218750000000000167 ) ) ;
#1656 = CARTESIAN_POINT ( 'NONE',  ( 0.09836576145251232917, 0.02910080655347945314, 0.4591138816269587086 ) ) ;
#1657 = CARTESIAN_POINT ( 'NONE',  ( 0.1349437795129954099, 0.1037047591374690297, 0.7499999999999998890 ) ) ;
#1658 = CARTESIAN_POINT ( 'NONE',  ( -0.04662384207688798771, -0.1734888829588974724, 0.5000000000000000000 ) ) ;
#1659 = AXIS2_PLACEMENT_3D ( 'NONE', #1545, #2433, #81 ) ;
#1660 = CARTESIAN_POINT ( 'NONE',  ( 0.02206091049069402316, 0.1687471874025170959, 0.7499999999999998890 ) ) ;
#1661 = B_SPLINE_CURVE_WITH_KNOTS ( 'NONE', 3,
 ( #3828, #3535, #2399, #604, #3215, #569, #894, #2061 ),
 .UNSPECIFIED., .F., .F.,
 ( 4, 2, 2, 4 ),
 ( 2.380745673610603771E-07, 0.001388728690853443994, 0.002082973998996486345, 0.002777219307139528262 ),
 .UNSPECIFIED. ) ;
#1662 = DIRECTION ( 'NONE',  ( -0.000000000000000000, -0.000000000000000000, -1.000000000000000000 ) ) ;
#1663 = CARTESIAN_POINT ( 'NONE',  ( -0.09375000000000018041, -0.03631973612773699289, 0.6281419288024301384 ) ) ;
#1664 = VECTOR ( 'NONE', #3422, 39.37007874015748143 ) ;
#1665 = VERTEX_POINT ( 'NONE', #1228 ) ;
#1666 =( BOUNDED_CURVE ( )  B_SPLINE_CURVE ( 2, ( #243, #1109, #2595, #1489, #2924, #513, #2634, #3790, #1132, #1470, #1169, #1705, #3237, #588, #3159, #226, #626, #923, #2142, #1874, #1526, #681, #898, #3311, #2084, #2749, #2163, #2963, #2104, #1208, #2126, #2984, #3039, #944, #608, #1818, #2362, #978, #94, #1588, #1568, #2690, #3576, #664, #318, #65, #1232, #1185, #3020, #374, #1505, #2402, #3597, #3294, #644, #1252, #3005, #2419, #1629, #1293, #1032, #2517, #1608, #3708, #3433, #998, #3351, #3390, #169, #701, #2234, #3134, #782, #3410, #1911, #3055, #1371, #134, #1015, #741, #410, #1984, #2493, #1311, #466, #2472, #3669, #1945, #1329, #2197, #3113, #191, #2455, #3686, #3371, #1928, #2534, #1067, #3076, #491, #2611, #1768, #2631, #696, #2782, #3704, #3145, #1398, #1756, #1058, #771, #2062, #3176, #3196, #3235, #3328, #3722, #292, #2723, #1515, #1178, #936, #2118, #636, #3242, #2676, #3498, #3182, #1052, #2866, #2239, #842, #3200, #790, #340, #299, #2194, #2450, #3367, #500, #3052, #2727, #479, #2052, #1192, #1173, #592 ),
 .UNSPECIFIED., .F., .F. ) 
 B_SPLINE_CURVE_WITH_KNOTS ( ( 3, 2, 2, 2, 2, 2, 2, 2, 2, 2, 2, 2, 2, 2, 2, 2, 2, 2, 2, 2, 2, 2, 2, 2, 2, 2, 2, 2, 2, 2, 2, 2, 2, 2, 2, 2, 2, 2, 2, 2, 2, 2, 2, 2, 2, 2, 2, 2, 2, 2, 2, 2, 2, 2, 2, 2, 2, 2, 2, 2, 2, 2, 2, 2, 2, 2, 2, 2, 2, 2, 2, 2, 2, 3 ),
 ( 0.04314028952505857828, 0.04545454545454545581, 0.05681818181818181629, 0.06818181818181817677, 0.07954545454545454419, 0.09090909090909091161, 0.1022727272727272790, 0.1136363636363636326, 0.1250000000000000000, 0.1363636363636363535, 0.1477272727272727348, 0.1590909090909090606, 0.1704545454545454419, 0.1818181818181818232, 0.1931818181818181768, 0.2045454545454545858, 0.2159090909090909116, 0.2272727272727272652, 0.2386363636363636465, 0.2500000000000000000, 0.2613636363636363535, 0.2727272727272727071, 0.2840909090909091161, 0.2954545454545454142, 0.3068181818181817677, 0.3181818181818181213, 0.3295454545454544748, 0.3409090909090908283, 0.3522727272727272929, 0.3636363636363636465, 0.3750000000000000000, 0.3863636363636363535, 0.3977272727272727071, 0.4090909090909090606, 0.4204545454545454142, 0.4318181818181817677, 0.4431818181818181213, 0.4545454545454544748, 0.4659090909090909394, 0.4772727272727272929, 0.4886363636363636465, 0.5000000000000000000, 0.5113636363636363535, 0.5227272727272728181, 0.5340909090909090606, 0.5454545454545454142, 0.5568181818181817677, 0.5681818181818182323, 0.5795454545454545858, 0.5909090909090909394, 0.6022727272727272929, 0.6136363636363636465, 0.6250000000000000000, 0.6363636363636363535, 0.6477272727272727071, 0.6590909090909091717, 0.6704545454545454142, 0.6818181818181817677, 0.6931818181818182323, 0.7045454545454546968, 0.7159090909090909394, 0.7272727272727272929, 0.7386363636363636465, 0.7500000000000000000, 0.7613636363636363535, 0.7727272727272727071, 0.7840909090909090606, 0.7954545454545454142, 0.8068181818181817677, 0.8181818181818182323, 0.8295454545454545858, 0.8409090909090909394, 0.8522727272727272929, 0.8585970312891806344 ),
 .UNSPECIFIED. ) 
 CURVE ( )  GEOMETRIC_REPRESENTATION_ITEM ( )  RATIONAL_B_SPLINE_CURVE ( ( 0.9753096629729518519, 0.9844977225947860733, 1.000000000000000000, 0.9238795325112867385, 1.000000000000000000, 0.9238795325112867385, 1.000000000000000000, 0.9238795325112867385, 1.000000000000000000, 0.9238795325112867385, 1.000000000000000000, 0.9238795325112867385, 1.000000000000000000, 0.9238795325112867385, 1.000000000000000000, 0.9238795325112867385, 1.000000000000000000, 0.9238795325112867385, 1.000000000000000000, 0.9238795325112867385, 1.000000000000000000, 0.9238795325112867385, 1.000000000000000000, 0.9238795325112867385, 1.000000000000000000, 0.9238795325112867385, 1.000000000000000000, 0.9238795325112867385, 1.000000000000000000, 0.9238795325112867385, 1.000000000000000000, 0.9238795325112867385, 1.000000000000000000, 0.9238795325112867385, 1.000000000000000000, 0.9238795325112867385, 1.000000000000000000, 0.9238795325112867385, 1.000000000000000000, 0.9238795325112867385, 1.000000000000000000, 0.9238795325112867385, 1.000000000000000000, 0.9238795325112867385, 1.000000000000000000, 0.9238795325112867385, 1.000000000000000000, 0.9238795325112867385, 1.000000000000000000, 0.9238795325112867385, 1.000000000000000000, 0.9238795325112867385, 1.000000000000000000, 0.9238795325112867385, 1.000000000000000000, 0.9238795325112867385, 1.000000000000000000, 0.9238795325112867385, 1.000000000000000000, 0.9238795325112867385, 1.000000000000000000, 0.9238795325112867385, 1.000000000000000000, 0.9238795325112867385, 1.000000000000000000, 0.9238795325112867385, 1.000000000000000000, 0.9238795325112867385, 1.000000000000000000, 0.9238795325112867385, 1.000000000000000000, 0.9238795325112867385, 1.000000000000000000, 0.9238795325112867385, 1.000000000000000000, 0.9238795325112867385, 1.000000000000000000, 0.9238795325112867385, 1.000000000000000000, 0.9238795325112867385, 1.000000000000000000, 0.9238795325112867385, 1.000000000000000000, 0.9238795325112867385, 1.000000000000000000, 0.9238795325112867385, 1.000000000000000000, 0.9238795325112867385, 1.000000000000000000, 0.9238795325112867385, 1.000000000000000000, 0.9238795325112867385, 1.000000000000000000, 0.9238795325112867385, 1.000000000000000000, 0.9238795325112867385, 1.000000000000000000, 0.9238795325112867385, 1.000000000000000000, 0.9238795325112867385, 1.000000000000000000, 0.9238795325112867385, 1.000000000000000000, 0.9238795325112867385, 1.000000000000000000, 0.9238795325112867385, 1.000000000000000000, 0.9238795325112867385, 1.000000000000000000, 0.9238795325112867385, 1.000000000000000000, 0.9238795325112867385, 1.000000000000000000, 0.9238795325112867385, 1.000000000000000000, 0.9238795325112867385, 1.000000000000000000, 0.9238795325112867385, 1.000000000000000000, 0.9238795325112867385, 1.000000000000000000, 0.9238795325112867385, 1.000000000000000000, 0.9238795325112867385, 1.000000000000000000, 0.9238795325112867385, 1.000000000000000000, 0.9238795325112867385, 1.000000000000000000, 0.9238795325112867385, 1.000000000000000000, 0.9238795325112867385, 1.000000000000000000, 0.9238795325112867385, 1.000000000000000000, 0.9238795325112867385, 1.000000000000000000, 0.9238795325112867385, 1.000000000000000000, 0.9238795325112867385, 1.000000000000000000, 0.9238795325112867385, 1.000000000000000000, 0.9238795325112867385, 1.000000000000000000, 0.9576360099119605174, 0.9624264242932740743 ) ) 
 REPRESENTATION_ITEM ( '' )  );
#1667 = CARTESIAN_POINT ( 'NONE',  ( -1.133092784412350615E-17, -0.09252404735808350544, 0.1562500000000000278 ) ) ;
#1668 = CARTESIAN_POINT ( 'NONE',  ( -0.06542438130972608179, -0.06542438130972608179, 0.1437500000000000167 ) ) ;
#1669 = CARTESIAN_POINT ( 'NONE',  ( 0.000000000000000000, 0.1249999999999999306, 0.1562499999999999722 ) ) ;
#1670 = CARTESIAN_POINT ( 'NONE',  ( 0.000000000000000000, 0.1250000000000000278, 0.4499999999999999556 ) ) ;
#1671 = CARTESIAN_POINT ( 'NONE',  ( -1.133092784412350307E-17, -0.09252404735808353320, 2.134256245050205639E-17 ) ) ;
#1672 = FACE_OUTER_BOUND ( 'NONE', #983, .T. ) ;
#1673 = CARTESIAN_POINT ( 'NONE',  ( -0.002761362533023950343, -0.1210388940479803221, 0.03343067900204684667 ) ) ;
#1674 = VERTEX_POINT ( 'NONE', #941 ) ;
#1675 = CARTESIAN_POINT ( 'NONE',  ( 0.1734806085819518284, 0.04665116836567224229, 0.5000000000000001110 ) ) ;
#1676 = CARTESIAN_POINT ( 'NONE',  ( -0.1556514748752176880, -0.08967980441428852201, 0.4999999999999999445 ) ) ;
#1677 = CARTESIAN_POINT ( 'NONE',  ( -0.03152818781910344398, -0.08698662375540387737, 0.4534921628294171780 ) ) ;
#1678 = CARTESIAN_POINT ( 'NONE',  ( 0.1037047591374595373, -0.1349437795130001283, 0.7499999999999998890 ) ) ;
#1679 = EDGE_CURVE ( 'NONE', #3359, #1763, #2985, .T. ) ;
#1680 = CARTESIAN_POINT ( 'NONE',  ( 0.06542438130972610955, 0.06542438130972613730, 0.3750000000000000555 ) ) ;
#1681 = DIRECTION ( 'NONE',  ( -1.000000000000000000, 0.000000000000000000, 0.000000000000000000 ) ) ;
#1682 = CARTESIAN_POINT ( 'NONE',  ( 0.1349437795130002948, -0.1037047591374593708, 0.7499999999999998890 ) ) ;
#1683 = CARTESIAN_POINT ( 'NONE',  ( -0.09442855863491621260, 0.1638349478928984304, 0.5093750000000000222 ) ) ;
#1684 = CARTESIAN_POINT ( 'NONE',  ( -0.02206091049069401969, 0.1687528125974827597, 0.7499999999999998890 ) ) ;
#1685 = DIRECTION ( 'NONE',  ( 1.000000000000000000, 0.000000000000000000, 0.000000000000000000 ) ) ;
#1686 = CARTESIAN_POINT ( 'NONE',  ( 0.09252404735808346381, -9.536932676145348567E-18, 0.2125000000000000222 ) ) ;
#1687 = CARTESIAN_POINT ( 'NONE',  ( 0.05177669529663683767, -0.1249999999999999861, 0.1843750000000000389 ) ) ;
#1688 = CARTESIAN_POINT ( 'NONE',  ( -1.530808498934190893E-17, -0.1249999999999998473, 0.4750000000000001443 ) ) ;
#1689 = CARTESIAN_POINT ( 'NONE',  ( -0.09252404735808346381, -3.856285082592883482E-17, 0.03749999999999999861 ) ) ;
#1690 = DIRECTION ( 'NONE',  ( -1.000000000000000000, 0.000000000000000000, 0.000000000000000000 ) ) ;
#1691 = CARTESIAN_POINT ( 'NONE',  ( 0.09442855861381971305, -0.1638349479016368848, 0.7312499999999998446 ) ) ;
#1692 = CARTESIAN_POINT ( 'NONE',  ( -0.02328809512026593781, 0.1781221872095345160, 0.5000000000000001110 ) ) ;
#1693 = CARTESIAN_POINT ( 'NONE',  ( 0.04665116836577032355, -0.1734806085819298738, 0.5000000000000001110 ) ) ;
#1694 = DIRECTION ( 'NONE',  ( -0.000000000000000000, -0.000000000000000000, -1.000000000000000000 ) ) ;
#1695 = CARTESIAN_POINT ( 'NONE',  ( 0.1874999999999999167, -0.02454369238351226598, 0.7500000000000000000 ) ) ;
#1696 = CARTESIAN_POINT ( 'NONE',  ( 0.03832471526136869977, -0.09252404735808344993, 0.4093750000000000444 ) ) ;
#1697 = CARTESIAN_POINT ( 'NONE',  ( 0.006030206126402298111, 0.1109294697018792103, 0.4640114880782706397 ) ) ;
#1698 = CARTESIAN_POINT ( 'NONE',  ( -0.1874999999999999167, 7.549139889267777477E-20, 0.5000000000000000000 ) ) ;
#1699 = CARTESIAN_POINT ( 'NONE',  ( -0.1643496145602201253, 0.04419728187507336592, 0.7499999999999998890 ) ) ;
#1700 = CARTESIAN_POINT ( 'NONE',  ( -0.08838834764831837720, 0.08838834764831836333, 0.05624999999999998057 ) ) ;
#1701 = CARTESIAN_POINT ( 'NONE',  ( -0.03832471526136872753, -0.09252404735808351932, 0.05312500000000002637 ) ) ;
#1702 = CARTESIAN_POINT ( 'NONE',  ( -0.06542438130972608179, 0.06542438130972608179, 0.1812500000000000222 ) ) ;
#1703 = CARTESIAN_POINT ( 'NONE',  ( -0.08838834764831839108, 0.08838834764831839108, 0.1124999999999999750 ) ) ;
#1704 = CARTESIAN_POINT ( 'NONE',  ( 0.000000000000000000, 0.09252404735808344993, 0.1749999999999999889 ) ) ;
#1705 = CARTESIAN_POINT ( 'NONE',  ( -0.03832471526136872059, 0.09252404735808343605, 0.03437499999999997502 ) ) ;
#1706 = CARTESIAN_POINT ( 'NONE',  ( 0.1826198767901039133, 0.04907772852306844374, 0.7312499999999998446 ) ) ;
#1707 = CARTESIAN_POINT ( 'NONE',  ( 0.1781221872095157810, 0.02328809512032236836, 0.5000000000000001110 ) ) ;
#1708 = CARTESIAN_POINT ( 'NONE',  ( 0.000000000000000000, -1.104688079777929626E-16, 0.7499999999999998890 ) ) ;
#1709 = EDGE_LOOP ( 'NONE', ( #2169, #1200, #1305, #3048 ) ) ;
#1710 = CARTESIAN_POINT ( 'NONE',  ( -0.08838834764831837720, 0.08838834764831846047, 0.4062500000000000000 ) ) ;
#1711 = CARTESIAN_POINT ( 'NONE',  ( 0.05177669529663683073, -0.1250000000000000000, 0.07812500000000005551 ) ) ;
#1712 = CARTESIAN_POINT ( 'NONE',  ( 0.08838834764831839108, -0.08838834764831847435, 0.03750000000000002637 ) ) ;
#1713 = EDGE_CURVE ( 'NONE', #474, #2240, #495, .T. ) ;
#1714 = CARTESIAN_POINT ( 'NONE',  ( -0.1874999999999999167, 2.303761888290553917E-17, 0.7500000000000000000 ) ) ;
#1715 = CARTESIAN_POINT ( 'NONE',  ( 0.09252404735808347769, 6.614873615811357377E-17, 0.4687500000000000000 ) ) ;
#1716 = ORIENTED_EDGE ( 'NONE', *, *, #812, .T. ) ;
#1717 = CARTESIAN_POINT ( 'NONE',  ( 0.1638349478928924075, 0.09442855863492054247, 0.5000000000000000000 ) ) ;
#1718 = LINE ( 'NONE', #3191, #1726 ) ;
#1719 = CARTESIAN_POINT ( 'NONE',  ( -0.1225354028735245598, -0.008786265692070612324, 0.4707159904359398128 ) ) ;
#1720 = VERTEX_POINT ( 'NONE', #2662 ) ;
#1721 = CARTESIAN_POINT ( 'NONE',  ( 0.000000000000000000, 0.09252404735808343605, 0.03124999999999997571 ) ) ;
#1722 = CARTESIAN_POINT ( 'NONE',  ( -0.03832471526136872059, 0.09252404735808351932, 0.3343749999999999778 ) ) ;
#1723 = AXIS2_PLACEMENT_3D ( 'NONE', #2409, #594, #3584 ) ;
#1724 = CARTESIAN_POINT ( 'NONE',  ( 0.03832471526136876916, 0.09252404735808343605, 0.1718749999999999722 ) ) ;
#1725 = CARTESIAN_POINT ( 'NONE',  ( -0.1249999999999999445, -2.734431263938561544E-17, 0.06875000000000000555 ) ) ;
#1726 = VECTOR ( 'NONE', #1367, 39.37007874015748143 ) ;
#1727 = CARTESIAN_POINT ( 'NONE',  ( 0.000000000000000000, 0.09252404735808340830, -0.01875000000000003400 ) ) ;
#1728 = EDGE_LOOP ( 'NONE', ( #2735, #401, #2132, #2480 ) ) ;
#1729 = AXIS2_PLACEMENT_3D ( 'NONE', #2367, #2656, #2618 ) ;
#1730 = CARTESIAN_POINT ( 'NONE',  ( -0.03832471526136870671, 0.09252404735808344993, 0.1281249999999999889 ) ) ;
#1731 = CARTESIAN_POINT ( 'NONE',  ( -0.04907772852307129563, 0.1826198767901027753, 0.7312499999999998446 ) ) ;
#1732 = ORIENTED_EDGE ( 'NONE', *, *, #700, .F. ) ;
#1733 = CARTESIAN_POINT ( 'NONE',  ( -0.05177669529663687931, 0.1250000000000000278, 0.4531250000000000000 ) ) ;
#1734 = CARTESIAN_POINT ( 'NONE',  ( 0.05177669529663683767, -0.1249999999999998890, 0.4843750000000000555 ) ) ;
#1735 = CARTESIAN_POINT ( 'NONE',  ( -0.08838834764831839108, -0.08838834764831832169, 0.3687500000000000777 ) ) ;
#1736 = CARTESIAN_POINT ( 'NONE',  ( -1.133092784412350615E-17, -0.09252404735808339442, 0.5062500000000000888 ) ) ;
#1737 = CARTESIAN_POINT ( 'NONE',  ( -0.1052975993322174952, 0.05528385111729263585, 0.4685186593159935131 ) ) ;
#1738 = CARTESIAN_POINT ( 'NONE',  ( -0.1499375328083542014, 0.1152275101366010274, 0.5000000000000000000 ) ) ;
#1739 = CARTESIAN_POINT ( 'NONE',  ( -0.1249999999999999445, 3.172742888979207561E-17, 0.2687499999999999889 ) ) ;
#1740 = CARTESIAN_POINT ( 'NONE',  ( 0.000000000000000000, -1.104688079777929626E-16, 0.7499999999999998890 ) ) ;
#1741 = CARTESIAN_POINT ( 'NONE',  ( 0.1874999999999999167, 0.000000000000000000, 0.7499999999999998890 ) ) ;
#1742 = ORIENTED_EDGE ( 'NONE', *, *, #1131, .F. ) ;
#1743 = CARTESIAN_POINT ( 'NONE',  ( -0.09252404735808347769, 7.586947243741243540E-18, 0.1937500000000000056 ) ) ;
#1744 = CARTESIAN_POINT ( 'NONE',  ( 0.09252404735808344993, -0.03832471526136872753, 0.3093750000000000111 ) ) ;
#1745 = ORIENTED_EDGE ( 'NONE', *, *, #737, .T. ) ;
#1746 = CARTESIAN_POINT ( 'NONE',  ( -0.06542438130972608179, -0.06542438130972610955, 0.09375000000000002776 ) ) ;
#1747 = CARTESIAN_POINT ( 'NONE',  ( 0.07835931051856723228, -0.06301240645164683796, 0.6281501562697850982 ) ) ;
#1748 = CARTESIAN_POINT ( 'NONE',  ( -0.08498570275245026506, 0.1474514531114635429, 0.7499999999999998890 ) ) ;
#1749 = ORIENTED_EDGE ( 'NONE', *, *, #1014, .T. ) ;
#1750 = DIRECTION ( 'NONE',  ( 0.4999999999999996114, 0.8660254037844389297, 0.000000000000000000 ) ) ;
#1751 = CARTESIAN_POINT ( 'NONE',  ( -0.1499375327922183310, -0.1152275101527368423, 0.7500000000000000000 ) ) ;
#1752 = CARTESIAN_POINT ( 'NONE',  ( -0.05177669529663687931, -0.1249999999999999167, 0.3781250000000000999 ) ) ;
#1753 = ORIENTED_EDGE ( 'NONE', *, *, #2974, .T. ) ;
#1754 = CARTESIAN_POINT ( 'NONE',  ( 0.09252404735808344993, -0.03832471526136882467, 0.009375000000000006592 ) ) ;
#1755 = CARTESIAN_POINT ( 'NONE',  ( -0.1249999999999999445, 0.05177669529663691400, 0.3593750000000000555 ) ) ;
#1756 = CARTESIAN_POINT ( 'NONE',  ( -0.06542438130972609567, 0.06542438130972615118, 0.3375000000000000222 ) ) ;
#1757 = CARTESIAN_POINT ( 'NONE',  ( -0.09252404735808350544, -0.03832471526136861650, 0.4968750000000001221 ) ) ;
#1758 = CARTESIAN_POINT ( 'NONE',  ( -3.295631491865439644E-17, 0.1082531754730550605, 0.6328124999999998890 ) ) ;
#1759 = ORIENTED_EDGE ( 'NONE', *, *, #3406, .F. ) ;
#1760 = CARTESIAN_POINT ( 'NONE',  ( -0.1874999999999999167, -0.02454369240633886076, 0.5000000000000000000 ) ) ;
#1761 = CARTESIAN_POINT ( 'NONE',  ( 0.000000000000000000, 7.549139889267777477E-20, 0.000000000000000000 ) ) ;
#1762 = CARTESIAN_POINT ( 'NONE',  ( 0.1249999999999998890, -0.05177669529663694870, 0.08437500000000004718 ) ) ;
#1763 = VERTEX_POINT ( 'NONE', #3512 ) ;
#1764 = CARTESIAN_POINT ( 'NONE',  ( -0.02454369238351461827, 0.1874999999999999167, 0.7500000000000000000 ) ) ;
#1765 = EDGE_CURVE ( 'NONE', #3246, #854, #906, .T. ) ;
#1766 = CARTESIAN_POINT ( 'NONE',  ( -1.133092784412350307E-17, -0.09252404735808343605, 0.3000000000000000444 ) ) ;
#1767 = DIRECTION ( 'NONE',  ( -0.000000000000000000, -0.000000000000000000, -1.000000000000000000 ) ) ;
#1768 = CARTESIAN_POINT ( 'NONE',  ( 0.09252404735808346381, -0.03832471526136872753, 0.3156250000000000444 ) ) ;
#1769 = EDGE_CURVE ( 'NONE', #3227, #2176, #1772, .T. ) ;
#1770 = VERTEX_POINT ( 'NONE', #2722 ) ;
#1771 = CARTESIAN_POINT ( 'NONE',  ( 0.06542438130972608179, -0.06542438130972605403, 0.3562500000000000666 ) ) ;
#1772 =( BOUNDED_CURVE ( )  B_SPLINE_CURVE ( 2, ( #1739, #288, #2897, #2040, #3546, #888, #3606, #2738, #383 ),
 .UNSPECIFIED., .F., .F. ) 
 B_SPLINE_CURVE_WITH_KNOTS ( ( 3, 2, 2, 2, 3 ),
 ( 0.5681818181818180102, 0.5795454545454543638, 0.5909090909090908283, 0.6022727272727271819, 0.6136363636363635354 ),
 .UNSPECIFIED. ) 
 CURVE ( )  GEOMETRIC_REPRESENTATION_ITEM ( )  RATIONAL_B_SPLINE_CURVE ( ( 1.000000000000001554, 0.9238795325112852952, 1.000000000000000000, 0.9238795325112867385, 1.000000000000000000, 0.9238795325112867385, 1.000000000000000000, 0.9238795325112875156, 0.9999999999999992228 ) ) 
 REPRESENTATION_ITEM ( '' )  );
#1773 = CARTESIAN_POINT ( 'NONE',  ( 0.08608668341437193672, -0.05855100563012533704, 0.6302580611380931286 ) ) ;
#1774 = CARTESIAN_POINT ( 'NONE',  ( 0.08838834764831840496, 0.08838834764831837720, 0.1937499999999999778 ) ) ;
#1775 = ORIENTED_EDGE ( 'NONE', *, *, #2359, .T. ) ;
#1776 = CARTESIAN_POINT ( 'NONE',  ( -0.04304057651590724454, -0.1142877338748359145, 0.4704796071552483361 ) ) ;
#1777 = CARTESIAN_POINT ( 'NONE',  ( -0.1781249999999999223, 7.549139889267777477E-20, 0.5000000000000000000 ) ) ;
#1778 = DIRECTION ( 'NONE',  ( -1.000000000000000000, 0.000000000000000000, 0.000000000000000000 ) ) ;
#1779 = CARTESIAN_POINT ( 'NONE',  ( 0.1249999999999999306, -5.242250684970901619E-17, 0.08750000000000000833 ) ) ;
#1780 = CARTESIAN_POINT ( 'NONE',  ( -0.1638349479016293631, -0.09442855861383801785, 0.7312499999999998446 ) ) ;
#1781 = DIRECTION ( 'NONE',  ( 1.000000000000000000, 0.000000000000000000, 0.000000000000000000 ) ) ;
#1782 = CARTESIAN_POINT ( 'NONE',  ( -0.1499375329496586973, -0.1152275099952965037, 0.7312499999999997335 ) ) ;
#1783 = EDGE_CURVE ( 'NONE', #2332, #1763, #123, .T. ) ;
#1784 = ORIENTED_EDGE ( 'NONE', *, *, #449, .F. ) ;
#1785 = CARTESIAN_POINT ( 'NONE',  ( -0.1826198767901005271, -0.04907772852306651473, 0.7500000000000000000 ) ) ;
#1786 = CARTESIAN_POINT ( 'NONE',  ( -0.1249999999999999445, 7.603123503667533850E-17, 0.4187500000000000666 ) ) ;
#1787 = DIRECTION ( 'NONE',  ( -0.000000000000000000, -0.000000000000000000, -1.000000000000000000 ) ) ;
#1788 = CARTESIAN_POINT ( 'NONE',  ( 0.1249999999999999445, 3.803109736684431427E-17, 0.3937500000000000444 ) ) ;
#1789 = CARTESIAN_POINT ( 'NONE',  ( 0.000000000000000000, 0.09252404735808357483, 0.4812500000000000111 ) ) ;
#1790 = CARTESIAN_POINT ( 'NONE',  ( -1.530808498934190893E-17, -0.1249999999999999029, 0.3812500000000000888 ) ) ;
#1791 = CARTESIAN_POINT ( 'NONE',  ( -0.06542438130972608179, 0.06542438130972617893, 0.4812500000000000111 ) ) ;
#1792 = CARTESIAN_POINT ( 'NONE',  ( 0.05177669529663694870, 0.1249999999999999722, 0.3031249999999999778 ) ) ;
#1793 = CARTESIAN_POINT ( 'NONE',  ( -0.08608668341437164528, -0.05855100563012505255, 0.7474455611380929065 ) ) ;
#1794 = CIRCLE ( 'NONE', #350, 0.1082531754730549772 ) ;
#1795 = DIRECTION ( 'NONE',  ( -0.000000000000000000, -0.000000000000000000, 1.000000000000000000 ) ) ;
#1796 = B_SPLINE_CURVE_WITH_KNOTS ( 'NONE', 3,
 ( #669, #1882, #2991, #1538, #2701, #3026 ),
 .UNSPECIFIED., .F., .F.,
 ( 4, 2, 4 ),
 ( 0.007363432610939292695, 0.008059648679257361281, 0.008755864747575429000 ),
 .UNSPECIFIED. ) ;
#1797 = CARTESIAN_POINT ( 'NONE',  ( 0.06542438130972608179, -0.06542438130972609567, 0.2062500000000000167 ) ) ;
#1798 = AXIS2_PLACEMENT_3D ( 'NONE', #422, #3345, #677 ) ;
#1799 = ORIENTED_EDGE ( 'NONE', *, *, #2105, .F. ) ;
#1800 = FACE_OUTER_BOUND ( 'NONE', #137, .T. ) ;
#1801 = CARTESIAN_POINT ( 'NONE',  ( 0.1424406561679374683, 0.1094661346297699928, 0.5000000000000000000 ) ) ;
#1802 = LENGTH_MEASURE_WITH_UNIT ( LENGTH_MEASURE( 0.02539999999999999897 ), #265 );
#1803 = EDGE_CURVE ( 'NONE', #2714, #2303, #952, .T. ) ;
#1804 = CARTESIAN_POINT ( 'NONE',  ( -0.09374999999999998612, 0.01841620991973114824, 0.7424327962006511683 ) ) ;
#1805 = CARTESIAN_POINT ( 'NONE',  ( -0.1152275099952964621, -0.1499375329496587528, 0.7312499999999998446 ) ) ;
#1806 = CYLINDRICAL_SURFACE ( 'NONE', #2692, 0.1249999999999999306 ) ;
#1807 = CARTESIAN_POINT ( 'NONE',  ( -1.133092784412350307E-17, -0.09252404735808350544, 0.1000000000000000194 ) ) ;
#1808 = CARTESIAN_POINT ( 'NONE',  ( -0.08838834764831837720, 0.08838834764831840496, 0.2062499999999999889 ) ) ;
#1809 = EDGE_CURVE ( 'NONE', #1431, #3359, #3505, .T. ) ;
#1810 = ORIENTED_EDGE ( 'NONE', *, *, #1406, .F. ) ;
#1811 = CARTESIAN_POINT ( 'NONE',  ( -1.133092784412350307E-17, -0.09252404735808343605, 0.3500000000000000333 ) ) ;
#1812 = CARTESIAN_POINT ( 'NONE',  ( 0.1249999999999999445, 8.495226602255459505E-18, 0.2937500000000000111 ) ) ;
#1813 = CARTESIAN_POINT ( 'NONE',  ( 0.09570455481952912236, 0.02770446813533973193, 0.01117136320793592381 ) ) ;
#1814 = CARTESIAN_POINT ( 'NONE',  ( 0.06290549989091961947, 0.07193466817752465492, 0.6244508330878951741 ) ) ;
#1815 = B_SPLINE_CURVE_WITH_KNOTS ( 'NONE', 3,
 ( #2546, #2597, #496, #176, #2291, #3417, #1054, #2555, #1692, #1356, #210, #3461, #3102, #1988, #1375, #1675, #1707, #2577 ),
 .UNSPECIFIED., .F., .F.,
 ( 4, 2, 2, 2, 2, 2, 2, 2, 4 ),
 ( 0.000000000000000000, 0.06250000000000000000, 0.1250000000000000000, 0.1875000000000000000, 0.2500000000000000000, 0.3125000000000000000, 0.3750000000000000000, 0.4375000000000000000, 0.5000000000000000000 ),
 .UNSPECIFIED. ) ;
#1816 = ORIENTED_EDGE ( 'NONE', *, *, #1215, .T. ) ;
#1817 = CARTESIAN_POINT ( 'NONE',  ( -1.133092784412350307E-17, -0.09252404735808343605, 0.3500000000000000333 ) ) ;
#1818 = CARTESIAN_POINT ( 'NONE',  ( 0.03832471526136869977, -0.09252404735808351932, 0.1093750000000000416 ) ) ;
#1819 = CARTESIAN_POINT ( 'NONE',  ( -0.1249999999999999306, 7.549139889267777477E-20, 0.000000000000000000 ) ) ;
#1820 = CARTESIAN_POINT ( 'NONE',  ( 0.05177669529663683073, -0.1249999999999999861, 0.1281250000000000722 ) ) ;
#1821 = FACE_OUTER_BOUND ( 'NONE', #1285, .T. ) ;
#1822 = CARTESIAN_POINT ( 'NONE',  ( 0.1152275101365988902, 0.1499375328083563386, 0.5000000000000000000 ) ) ;
#1823 = ORIENTED_EDGE ( 'NONE', *, *, #2698, .T. ) ;
#1824 = SHAPE_DEFINITION_REPRESENTATION ( #658, #537 ) ;
#1825 = ADVANCED_FACE ( 'NONE', ( #1051 ), #765, .T. ) ;
#1826 = CARTESIAN_POINT ( 'NONE',  ( -0.1781249999999999223, 3.774569944633888739E-20, 0.5000000000000000000 ) ) ;
#1827 = CARTESIAN_POINT ( 'NONE',  ( -0.07638427062933141054, 0.08783962941225365029, 0.4670675794665462011 ) ) ;
#1828 = EDGE_CURVE ( 'NONE', #254, #743, #2865, .T. ) ;
#1829 = CARTESIAN_POINT ( 'NONE',  ( 0.000000000000000000, 7.549139889267777477E-20, 0.000000000000000000 ) ) ;
#1830 = CARTESIAN_POINT ( 'NONE',  ( 0.06542438130972610955, 0.06542438130972604016, 0.06874999999999997780 ) ) ;
#1831 = CARTESIAN_POINT ( 'NONE',  ( -0.08838834764831839108, 0.08838834764831847435, 0.4124999999999999778 ) ) ;
#1832 = CARTESIAN_POINT ( 'NONE',  ( -0.03832471526136872059, 0.09252404735808351932, 0.3843749999999999112 ) ) ;
#1833 = CARTESIAN_POINT ( 'NONE',  ( 0.000000000000000000, 0.09252404735808346381, 0.1812499999999999667 ) ) ;
#1834 = ORIENTED_EDGE ( 'NONE', *, *, #3598, .F. ) ;
#1835 = CARTESIAN_POINT ( 'NONE',  ( 0.06542438130972608179, -0.06542438130972604016, 0.4062500000000000000 ) ) ;
#1836 = CARTESIAN_POINT ( 'NONE',  ( -0.1826198767901022479, 0.04907772852307262790, 0.7312499999999998446 ) ) ;
#1837 = CARTESIAN_POINT ( 'NONE',  ( 0.04407334248187762954, -0.08157721207433110688, 0.005024047358083649772 ) ) ;
#1838 = ORIENTED_EDGE ( 'NONE', *, *, #3760, .F. ) ;
#1839 = CARTESIAN_POINT ( 'NONE',  ( -0.03832471526136872059, -0.09252404735808343605, 0.2968750000000000000 ) ) ;
#1840 = CARTESIAN_POINT ( 'NONE',  ( 0.05177669529663694176, 0.1249999999999998890, 0.1468749999999999778 ) ) ;
#1841 = CARTESIAN_POINT ( 'NONE',  ( 0.000000000000000000, -1.104688079777929626E-16, 0.7499999999999998890 ) ) ;
#1842 = CARTESIAN_POINT ( 'NONE',  ( -0.02331650778601853519, 0.1781249999999999223, 0.5000000000000000000 ) ) ;
#1843 = EDGE_LOOP ( 'NONE', ( #3, #1142, #2523, #1949 ) ) ;
#1844 = CARTESIAN_POINT ( 'NONE',  ( -0.09375000000000002776, 0.05412658773652766209, 0.6328124999999998890 ) ) ;
#1845 = DIRECTION ( 'NONE',  ( -1.000000000000000000, 0.000000000000000000, 0.000000000000000000 ) ) ;
#1846 = CARTESIAN_POINT ( 'NONE',  ( 0.000000000000000000, -5.530426628471140438E-17, 0.5000000000000000000 ) ) ;
#1847 = CARTESIAN_POINT ( 'NONE',  ( 0.09252404735808344993, 0.03832471526136869283, 0.06562499999999998890 ) ) ;
#1848 = EDGE_CURVE ( 'NONE', #1068, #20, #3347, .T. ) ;
#1849 = CARTESIAN_POINT ( 'NONE',  ( -0.1249999999999999445, 4.649536427208650068E-17, 0.3187500000000000333 ) ) ;
#1850 = CARTESIAN_POINT ( 'NONE',  ( -0.09252404735808347769, -3.671685890314203014E-17, 0.04375000000000000416 ) ) ;
#1851 = CARTESIAN_POINT ( 'NONE',  ( -0.06542438130972608179, -0.06542438130972599852, 0.4437500000000000333 ) ) ;
#1852 = CARTESIAN_POINT ( 'NONE',  ( 0.000000000000000000, 0.1249999999999999306, 0.1062499999999999556 ) ) ;
#1853 = CARTESIAN_POINT ( 'NONE',  ( -0.03832471526136870671, 0.09252404735808351932, 0.3281250000000000000 ) ) ;
#1854 = ADVANCED_FACE ( 'NONE', ( #252 ), #525, .T. ) ;
#1855 = CARTESIAN_POINT ( 'NONE',  ( 0.1249999999999998890, -0.05177669529663692094, 0.1843750000000000666 ) ) ;
#1856 = ORIENTED_EDGE ( 'NONE', *, *, #949, .T. ) ;
#1857 = CARTESIAN_POINT ( 'NONE',  ( -0.06542438130972609567, 0.06542438130972612342, 0.2374999999999999889 ) ) ;
#1858 = CARTESIAN_POINT ( 'NONE',  ( -0.1826198767988327643, 0.04907772850199276782, 0.5000000000000000000 ) ) ;
#1859 = ORIENTED_EDGE ( 'NONE', *, *, #3406, .T. ) ;
#1860 = CARTESIAN_POINT ( 'NONE',  ( -0.08608668341437197835, 0.05855100563012530929, 0.6302580611380931286 ) ) ;
#1861 = VECTOR ( 'NONE', #3098, 39.37007874015748143 ) ;
#1862 = CARTESIAN_POINT ( 'NONE',  ( -0.1249999999999999445, -0.05177669529663676135, 0.4656250000000000111 ) ) ;
#1863 = DIRECTION ( 'NONE',  ( -1.000000000000000000, -1.224646799147351482E-16, 0.000000000000000000 ) ) ;
#1864 = CARTESIAN_POINT ( 'NONE',  ( 0.06542438130972608179, -0.06542438130972613730, 0.05625000000000001527 ) ) ;
#1865 = CARTESIAN_POINT ( 'NONE',  ( 0.1638349478164232154, -0.09442855881954358155, 0.5093749999999999112 ) ) ;
#1866 = CARTESIAN_POINT ( 'NONE',  ( 0.03832471526136877610, 0.09252404735808343605, 0.07812499999999997224 ) ) ;
#1867 = EDGE_LOOP ( 'NONE', ( #2192, #2325, #1759, #248 ) ) ;
#1868 = CARTESIAN_POINT ( 'NONE',  ( -0.09252404735808347769, 0.03832471526136878998, 0.4343750000000001776 ) ) ;
#1869 = CARTESIAN_POINT ( 'NONE',  ( 0.1874999999999999167, 0.02454369238351226598, 0.7312499999999998446 ) ) ;
#1870 = CARTESIAN_POINT ( 'NONE',  ( -0.03832471526136872059, -0.09252404735808338054, 0.4468750000000000777 ) ) ;
#1871 = CARTESIAN_POINT ( 'NONE',  ( -1.530808498934190893E-17, -0.1249999999999999306, 0.2312500000000000666 ) ) ;
#1872 = EDGE_CURVE ( 'NONE', #2129, #563, #1718, .T. ) ;
#1873 = CARTESIAN_POINT ( 'NONE',  ( 0.1249999999999999584, 0.05177669529663683073, -0.003125000000000017954 ) ) ;
#1874 = CARTESIAN_POINT ( 'NONE',  ( 0.03832471526136869977, -0.09252404735808354708, 0.05937500000000002498 ) ) ;
#1875 = CARTESIAN_POINT ( 'NONE',  ( -0.08838834764831839108, -0.08838834764831833557, 0.2687500000000000444 ) ) ;
#1876 = EDGE_LOOP ( 'NONE', ( #2144, #1532, #2290, #3157 ) ) ;
#1877 = CARTESIAN_POINT ( 'NONE',  ( -0.06542438130972610955, -0.06542438130972608179, 0.2500000000000000555 ) ) ;
#1878 = CARTESIAN_POINT ( 'NONE',  ( -0.09442855863491621260, 0.1638349478928984304, 0.5093750000000000222 ) ) ;
#1879 = ORIENTED_EDGE ( 'NONE', *, *, #61, .F. ) ;
#1880 = FACE_OUTER_BOUND ( 'NONE', #1528, .T. ) ;
#1881 = CARTESIAN_POINT ( 'NONE',  ( -0.04907772852304901484, -0.1826198767901120179, 0.7312499999999998446 ) ) ;
#1882 = CARTESIAN_POINT ( 'NONE',  ( 0.09375000000000001388, 0.04537600886647400605, 0.7474739254669044985 ) ) ;
#1883 = DIRECTION ( 'NONE',  ( -0.000000000000000000, -0.000000000000000000, -1.000000000000000000 ) ) ;
#1884 = CARTESIAN_POINT ( 'NONE',  ( 0.03832471526136877610, 0.09252404735808344993, 0.1281249999999999889 ) ) ;
#1885 = CARTESIAN_POINT ( 'NONE',  ( -0.1687499999999999001, 2.074140613450425082E-17, 0.7499999999999998890 ) ) ;
#1886 = ORIENTED_EDGE ( 'NONE', *, *, #3187, .F. ) ;
#1887 = PRODUCT_RELATED_PRODUCT_CATEGORY ( 'part', '', ( #1253 ) ) ;
#1888 = DIRECTION ( 'NONE',  ( 0.000000000000000000, 0.000000000000000000, 1.000000000000000000 ) ) ;
#1889 = DIRECTION ( 'NONE',  ( -0.8660254037844384856, -0.5000000000000001110, 0.000000000000000000 ) ) ;
#1890 = CARTESIAN_POINT ( 'NONE',  ( 0.06542438130972609567, -0.06542438130972601240, 0.5125000000000000666 ) ) ;
#1891 = CARTESIAN_POINT ( 'NONE',  ( 0.09252404735808344993, 0.03832471526136882467, 0.5156250000000001110 ) ) ;
#1892 = CARTESIAN_POINT ( 'NONE',  ( 0.1249999999999999306, 6.649234679468681023E-18, 0.2875000000000000333 ) ) ;
#1893 = ORIENTED_EDGE ( 'NONE', *, *, #244, .T. ) ;
#1894 = CARTESIAN_POINT ( 'NONE',  ( 0.09442855863492201351, -0.1638349478928960157, 0.5093750000000000222 ) ) ;
#1895 = CARTESIAN_POINT ( 'NONE',  ( -0.1638349478164232709, 0.09442855881954358155, 0.7312499999999997335 ) ) ;
#1896 = VERTEX_POINT ( 'NONE', #1078 ) ;
#1897 = CARTESIAN_POINT ( 'NONE',  ( -0.08838834764831840496, -0.08838834764831840496, 0.1250000000000000278 ) ) ;
#1898 = CARTESIAN_POINT ( 'NONE',  ( 0.03832471526136876916, 0.09252404735808351932, 0.3718750000000000666 ) ) ;
#1899 = CARTESIAN_POINT ( 'NONE',  ( 0.1249999999999999306, 1.538357638823458624E-17, 0.000000000000000000 ) ) ;
#1900 = EDGE_CURVE ( 'NONE', #3201, #1433, #283, .T. ) ;
#1901 = CARTESIAN_POINT ( 'NONE',  ( -0.09252404735808350544, 0.03832471526136872059, 0.1906250000000000444 ) ) ;
#1902 = CARTESIAN_POINT ( 'NONE',  ( 0.02208932314518430307, -0.1687499999999999001, 0.7499999999999998890 ) ) ;
#1903 = ORIENTED_EDGE ( 'NONE', *, *, #404, .F. ) ;
#1904 = ORIENTED_EDGE ( 'NONE', *, *, #2105, .T. ) ;
#1905 = DIRECTION ( 'NONE',  ( -0.000000000000000000, -0.000000000000000000, -1.000000000000000000 ) ) ;
#1906 = CARTESIAN_POINT ( 'NONE',  ( 0.03832471526136876916, 0.09252404735808351932, 0.4218750000000000555 ) ) ;
#1907 = CARTESIAN_POINT ( 'NONE',  ( 0.09375000000000001388, -0.05412658773652719024, 0.6328124999999998890 ) ) ;
#1908 = CARTESIAN_POINT ( 'NONE',  ( 0.1249999999999999445, -3.580857954462780493E-17, 0.1437500000000000167 ) ) ;
#1909 = CARTESIAN_POINT ( 'NONE',  ( 0.000000000000000000, 0.09252404735808339442, -0.02500000000000003261 ) ) ;
#1910 = CARTESIAN_POINT ( 'NONE',  ( 0.09252404735808344993, -0.03832471526136869977, 0.4093750000000000444 ) ) ;
#1911 = CARTESIAN_POINT ( 'NONE',  ( 0.000000000000000000, 0.09252404735808347769, 0.2312499999999999833 ) ) ;
#1912 = CARTESIAN_POINT ( 'NONE',  ( -0.1249999999999999584, 0.05177669529663688625, 0.2593749999999999667 ) ) ;
#1913 = CARTESIAN_POINT ( 'NONE',  ( -0.1874999999999999167, -0.02454369240633886076, 0.5000000000000000000 ) ) ;
#1914 = DIRECTION ( 'NONE',  ( 1.000000000000000000, 0.000000000000000000, 0.000000000000000000 ) ) ;
#1915 = VECTOR ( 'NONE', #2540, 39.37007874015748143 ) ;
#1916 = CARTESIAN_POINT ( 'NONE',  ( 0.09975608566457525028, -0.009069643033953514108, 0.4576427044792512611 ) ) ;
#1917 = CARTESIAN_POINT ( 'NONE',  ( -0.09252404735808347769, 3.712281800833008907E-17, 0.2937500000000000111 ) ) ;
#1918 = CARTESIAN_POINT ( 'NONE',  ( -0.1249999999999999722, 0.05177669529663694176, 0.4156250000000001332 ) ) ;
#1919 = DIRECTION ( 'NONE',  ( -0.000000000000000000, -0.000000000000000000, 1.000000000000000000 ) ) ;
#1920 = CARTESIAN_POINT ( 'NONE',  ( -1.133092784412350307E-17, -0.09252404735808343605, 0.3500000000000000333 ) ) ;
#1921 = CARTESIAN_POINT ( 'NONE',  ( -1.133092784412350615E-17, -0.09252404735808343605, 0.4062500000000000555 ) ) ;
#1922 = CARTESIAN_POINT ( 'NONE',  ( 0.09252404735808347769, 0.03832471526136876222, 0.2718750000000000333 ) ) ;
#1923 = CARTESIAN_POINT ( 'NONE',  ( 0.08970713070317609672, 0.1556432004982472028, 0.5000000000000000000 ) ) ;
#1924 = EDGE_CURVE ( 'NONE', #1674, #3662, #3513, .T. ) ;
#1925 = DIRECTION ( 'NONE',  ( 0.000000000000000000, 0.000000000000000000, 1.000000000000000000 ) ) ;
#1926 = CARTESIAN_POINT ( 'NONE',  ( 0.03832471526136869283, -0.09252404735808351932, 0.1031250000000000638 ) ) ;
#1927 = CARTESIAN_POINT ( 'NONE',  ( -0.05177669529663687931, -0.1250000000000000278, -0.02187499999999997433 ) ) ;
#1928 = CARTESIAN_POINT ( 'NONE',  ( -0.09252404735808350544, -0.03832471526136867895, 0.2968750000000000000 ) ) ;
#1929 = CARTESIAN_POINT ( 'NONE',  ( 0.05177669529663683073, -0.1249999999999999167, 0.3281250000000000555 ) ) ;
#1930 = CARTESIAN_POINT ( 'NONE',  ( 0.02454369240633500968, -0.1874999999999999167, 0.5000000000000000000 ) ) ;
#1931 = EDGE_LOOP ( 'NONE', ( #1114, #2977, #534, #3344 ) ) ;
#1932 = CARTESIAN_POINT ( 'NONE',  ( 0.05177669529663694176, 0.1250000000000000000, 0.3968749999999999778 ) ) ;
#1933 = CARTESIAN_POINT ( 'NONE',  ( -0.09252404735808346381, 2.050889070324886856E-17, 0.2375000000000000167 ) ) ;
#1934 = EDGE_CURVE ( 'NONE', #2665, #1358, #2301, .T. ) ;
#1935 = CARTESIAN_POINT ( 'NONE',  ( 0.1499375329496587250, -0.1152275099952964205, 0.5093750000000000222 ) ) ;
#1936 = EDGE_CURVE ( 'NONE', #2240, #1674, #2379, .T. ) ;
#1937 = CARTESIAN_POINT ( 'NONE',  ( 0.09252404735808347769, -0.03832471526136870671, 0.4156250000000001887 ) ) ;
#1938 = CARTESIAN_POINT ( 'NONE',  ( 0.09252404735808347769, 2.184493001123028314E-17, 0.3187499999999999778 ) ) ;
#1939 = CARTESIAN_POINT ( 'NONE',  ( -0.1781249999999999223, 0.02331650778602188320, 0.5000000000000000000 ) ) ;
#1940 = CARTESIAN_POINT ( 'NONE',  ( -0.08496052921710316175, 0.1474649246647802281, 0.7499999999999998890 ) ) ;
#1941 = CARTESIAN_POINT ( 'NONE',  ( 0.000000000000000000, 7.549139889267777477E-20, 0.000000000000000000 ) ) ;
#1942 = CARTESIAN_POINT ( 'NONE',  ( -0.09252404735808350544, 0.03832471526136874140, 0.2406250000000000056 ) ) ;
#1943 = CARTESIAN_POINT ( 'NONE',  ( 0.000000000000000000, 0.09252404735808343605, 0.07499999999999998335 ) ) ;
#1944 = CARTESIAN_POINT ( 'NONE',  ( 0.09252404735808344993, 0.03832471526136881773, 0.4656250000000000111 ) ) ;
#1945 = CARTESIAN_POINT ( 'NONE',  ( 0.09252404735808346381, 0.03832471526136876222, 0.2718750000000000333 ) ) ;
#1946 = CARTESIAN_POINT ( 'NONE',  ( 0.05177669529663694176, 0.1249999999999999861, 0.3968750000000001443 ) ) ;
#1947 = CARTESIAN_POINT ( 'NONE',  ( -0.08838834764831840496, -0.08838834764831839108, 0.1750000000000000444 ) ) ;
#1948 = CARTESIAN_POINT ( 'NONE',  ( -0.02454369260617027607, 0.1874999999999999167, 0.7312499999999998446 ) ) ;
#1949 = ORIENTED_EDGE ( 'NONE', *, *, #19, .T. ) ;
#1950 = CARTESIAN_POINT ( 'NONE',  ( -0.1037047591374620215, -0.1349437795129976581, 0.7499999999999998890 ) ) ;
#1951 = CARTESIAN_POINT ( 'NONE',  ( 0.1249999999999999167, -0.05177669529663686543, 0.3906250000000000555 ) ) ;
#1952 = CARTESIAN_POINT ( 'NONE',  ( -0.1249999999999999306, 8.895317849618297123E-17, 0.4625000000000000777 ) ) ;
#1953 = CARTESIAN_POINT ( 'NONE',  ( -1.133092784412350307E-17, -0.09252404735808346381, 0.2000000000000000389 ) ) ;
#1954 = CARTESIAN_POINT ( 'NONE',  ( 0.02208932314518430307, -0.1687499999999999001, 0.7499999999999998890 ) ) ;
#1955 = CARTESIAN_POINT ( 'NONE',  ( 0.06542438130972610955, 0.06542438130972612342, 0.3250000000000000111 ) ) ;
#1956 = EDGE_CURVE ( 'NONE', #2637, #1355, #1207, .T. ) ;
#1957 = CARTESIAN_POINT ( 'NONE',  ( -0.08970713070317462567, -0.1556432004982485073, 0.5000000000000000000 ) ) ;
#1958 = CARTESIAN_POINT ( 'NONE',  ( 0.1249999999999999306, -8.118700702825745592E-18, 0.2375000000000000167 ) ) ;
#1959 = CARTESIAN_POINT ( 'NONE',  ( 0.08884799867891010616, -0.06937273454434150777, 0.02495105851802887145 ) ) ;
#1960 = PLANE ( 'NONE',  #403 ) ;
#1961 = CARTESIAN_POINT ( 'NONE',  ( 0.09252404735808344993, 0.03832471526136869283, 0.06562499999999998890 ) ) ;
#1962 = CARTESIAN_POINT ( 'NONE',  ( -0.1249999999999999722, 0.05177669529663686543, 0.1656249999999999944 ) ) ;
#1963 = CARTESIAN_POINT ( 'NONE',  ( -0.1249999999999999584, -0.05177669529663675441, 0.4656250000000000111 ) ) ;
#1964 = CARTESIAN_POINT ( 'NONE',  ( 0.09252404735808344993, -0.03832471526136882467, 0.009375000000000006592 ) ) ;
#1965 = DIRECTION ( 'NONE',  ( -0.000000000000000000, -0.000000000000000000, 1.000000000000000000 ) ) ;
#1966 = ADVANCED_FACE ( 'NONE', ( #2394 ), #2936, .T. ) ;
#1967 = CARTESIAN_POINT ( 'NONE',  ( 0.000000000000000000, 7.549139889267777477E-20, 0.000000000000000000 ) ) ;
#1968 = EDGE_LOOP ( 'NONE', ( #1816, #2681 ) ) ;
#1969 = CYLINDRICAL_SURFACE ( 'NONE', #2324, 0.1874999999999999167 ) ;
#1970 = CARTESIAN_POINT ( 'NONE',  ( 0.1249999999999999445, 3.803109736684431427E-17, 0.3937500000000000444 ) ) ;
#1971 = CARTESIAN_POINT ( 'NONE',  ( 0.01019519809251922919, -0.09215870995382942354, 0.4534921628294171780 ) ) ;
#1972 = CARTESIAN_POINT ( 'NONE',  ( -0.09252404735808346381, -0.03832471526136865814, 0.3406250000000000111 ) ) ;
#1973 = CARTESIAN_POINT ( 'NONE',  ( 0.1826198767901071329, 0.04907772852306976213, 0.7500000000000000000 ) ) ;
#1974 = AXIS2_PLACEMENT_3D ( 'NONE', #1095, #3527, #1781 ) ;
#1975 = CARTESIAN_POINT ( 'NONE',  ( -1.133092784412350615E-17, -0.09252404735808344993, 0.3562500000000000666 ) ) ;
#1976 = DIRECTION ( 'NONE',  ( -0.8660254037844397068, 1.060575238724908024E-16, 0.4999999999999979461 ) ) ;
#1977 = CARTESIAN_POINT ( 'NONE',  ( 0.1874999999999999167, -0.02454369240633525948, 0.5093750000000000222 ) ) ;
#1978 = CYLINDRICAL_SURFACE ( 'NONE', #3565, 0.1249999999999999306 ) ;
#1979 = CONICAL_SURFACE ( 'NONE', #1031, 0.1300000000000000044, 1.049781331994649403 ) ;
#1980 = CARTESIAN_POINT ( 'NONE',  ( 0.04907772852307148298, 0.1826198767900902020, 0.7500000000000000000 ) ) ;
#1981 = CARTESIAN_POINT ( 'NONE',  ( 0.09252404735808347769, -0.03832471526136876916, 0.1656250000000000222 ) ) ;
#1982 = CARTESIAN_POINT ( 'NONE',  ( -0.03832471526136870671, 0.09252404735808351932, 0.3281250000000000000 ) ) ;
#1983 = CARTESIAN_POINT ( 'NONE',  ( 0.05177669529663694870, 0.1249999999999998890, 0.1531250000000000111 ) ) ;
#1984 = CARTESIAN_POINT ( 'NONE',  ( -0.03832471526136872753, -0.09252404735808346381, 0.2531250000000000444 ) ) ;
#1985 = CARTESIAN_POINT ( 'NONE',  ( -0.1249999999999999584, -0.05177669529663675441, 0.5156250000000001110 ) ) ;
#1986 = CARTESIAN_POINT ( 'NONE',  ( 0.000000000000000000, 0.09252404735808340830, 0.02499999999999997363 ) ) ;
#1987 = FACE_OUTER_BOUND ( 'NONE', #1426, .T. ) ;
#1988 = CARTESIAN_POINT ( 'NONE',  ( 0.1424225543226677881, 0.1094882143614645947, 0.4999999999999999445 ) ) ;
#1989 = DIRECTION ( 'NONE',  ( 1.000000000000000000, 0.000000000000000000, 0.000000000000000000 ) ) ;
#1990 = CARTESIAN_POINT ( 'NONE',  ( -0.1826198768753091450, 0.04907772831736501029, 0.5093750000000001332 ) ) ;
#1991 = CARTESIAN_POINT ( 'NONE',  ( -0.1499375327922183310, -0.1152275101527368423, 0.7500000000000000000 ) ) ;
#1992 = CARTESIAN_POINT ( 'NONE',  ( 0.09252404735808347769, 0.03832471526136882467, 0.4718749999999999889 ) ) ;
#1993 = CARTESIAN_POINT ( 'NONE',  ( -0.1249999999999999306, 7.418524311388855848E-17, 0.4125000000000000333 ) ) ;
#1994 = CARTESIAN_POINT ( 'NONE',  ( 0.1874999999999999167, -0.02454369240633525948, 0.5000000000000000000 ) ) ;
#1995 = DIRECTION ( 'NONE',  ( -1.000000000000000000, 0.000000000000000000, 0.000000000000000000 ) ) ;
#1996 = CARTESIAN_POINT ( 'NONE',  ( -0.09252404735808347769, -0.03832471526136870671, 0.1906250000000000444 ) ) ;
#1997 = CARTESIAN_POINT ( 'NONE',  ( -0.1249999999999999445, -4.211224802168004360E-17, 0.01875000000000000625 ) ) ;
#1998 = CARTESIAN_POINT ( 'NONE',  ( -0.05177669529663686543, -0.1249999999999998196, 0.5218750000000000888 ) ) ;
#1999 = CARTESIAN_POINT ( 'NONE',  ( -0.06542438130972608179, -0.06542438130972612342, 0.04375000000000001804 ) ) ;
#2000 = CARTESIAN_POINT ( 'NONE',  ( 0.1826198767901104081, -0.04907772852305274103, 0.7312499999999998446 ) ) ;
#2001 = CARTESIAN_POINT ( 'NONE',  ( 0.1082531754730549634, 2.561107494060246767E-17, 0.6328124999999998890 ) ) ;
#2002 = CARTESIAN_POINT ( 'NONE',  ( 0.08608668341437200611, 0.05855100563012535786, 0.7474455611380933506 ) ) ;
#2003 = CARTESIAN_POINT ( 'NONE',  ( 0.1152275101527380358, 0.1499375327922075340, 0.7500000000000000000 ) ) ;
#2004 = CARTESIAN_POINT ( 'NONE',  ( -0.06542438130972610955, -0.06542438130972604016, 0.4000000000000000222 ) ) ;
#2005 = ORIENTED_EDGE ( 'NONE', *, *, #3674, .T. ) ;
#2006 = CARTESIAN_POINT ( 'NONE',  ( -0.04907772850199225434, 0.1826198767988339855, 0.5093750000000000222 ) ) ;
#2007 = SURFACE_SIDE_STYLE ('',( #814 ) ) ;
#2008 = DIRECTION ( 'NONE',  ( -1.000000000000000000, 0.000000000000000000, 0.000000000000000000 ) ) ;
#2009 = CARTESIAN_POINT ( 'NONE',  ( 0.09252404735808344993, -0.03832471526136876222, 0.2093750000000000611 ) ) ;
#2010 = CARTESIAN_POINT ( 'NONE',  ( 0.1249999999999999584, 0.05177669529663687931, 0.1468750000000000333 ) ) ;
#2011 = CARTESIAN_POINT ( 'NONE',  ( 0.1249999999999999167, 0.05177669529663697645, 0.4406249999999999889 ) ) ;
#2012 = CARTESIAN_POINT ( 'NONE',  ( 0.05575828577842557171, -0.07610429187403848494, 0.4542823474416404772 ) ) ;
#2013 = CARTESIAN_POINT ( 'NONE',  ( -1.133092784412350307E-17, -0.09252404735808350544, 0.1000000000000000194 ) ) ;
#2014 = LINE ( 'NONE', #2047, #3058 ) ;
#2015 = EDGE_LOOP ( 'NONE', ( #1274, #2366, #1256, #2965, #1129, #1417, #2253, #2645 ) ) ;
#2016 = DIRECTION ( 'NONE',  ( -1.000000000000000000, 0.000000000000000000, 0.000000000000000000 ) ) ;
#2017 = CARTESIAN_POINT ( 'NONE',  ( 0.1556566722342183351, -0.08968195723118037310, 0.5000000000000001110 ) ) ;
#2018 = ORIENTED_EDGE ( 'NONE', *, *, #2168, .F. ) ;
#2019 = CARTESIAN_POINT ( 'NONE',  ( -0.1874999999999998890, 0.02454369260617025178, 0.5093750000000001332 ) ) ;
#2020 = CARTESIAN_POINT ( 'NONE',  ( -0.03748965601781453078, 0.1073990463217664448, 0.4655410334347878654 ) ) ;
#2021 = CARTESIAN_POINT ( 'NONE',  ( 0.06542438130972610955, 0.06542438130972616506, 0.4749999999999999778 ) ) ;
#2022 = CARTESIAN_POINT ( 'NONE',  ( 0.04907772850198450360, 0.1826198767988372051, 0.5093750000000000222 ) ) ;
#2023 = CARTESIAN_POINT ( 'NONE',  ( 0.000000000000000000, -5.530426628471140438E-17, 0.5000000000000000000 ) ) ;
#2024 = LENGTH_MEASURE_WITH_UNIT ( LENGTH_MEASURE( 0.02539999999999999897 ), #560 );
#2025 = CARTESIAN_POINT ( 'NONE',  ( 0.03832471526136869977, -0.09252404735808353320, 0.05937500000000002498 ) ) ;
#2026 = AXIS2_PLACEMENT_3D ( 'NONE', #341, #2928, #2966 ) ;
#2027 = ADVANCED_FACE ( 'NONE', ( #889 ), #967, .F. ) ;
#2028 = CARTESIAN_POINT ( 'NONE',  ( 0.09252404735808344993, -0.03832471526136876916, 0.1593750000000000167 ) ) ;
#2029 = CARTESIAN_POINT ( 'NONE',  ( 0.000000000000000000, 0.1250000000000000000, 0.3562500000000000111 ) ) ;
#2030 = CARTESIAN_POINT ( 'NONE',  ( -0.1249999999999999584, 0.05177669529663693482, 0.4093750000000000444 ) ) ;
#2031 = VECTOR ( 'NONE', #1694, 39.37007874015748143 ) ;
#2032 = CARTESIAN_POINT ( 'NONE',  ( 0.000000000000000000, 0.09252404735808344993, 0.1249999999999999584 ) ) ;
#2033 = ORIENTED_EDGE ( 'NONE', *, *, #3474, .T. ) ;
#2034 = CARTESIAN_POINT ( 'NONE',  ( -0.1349216999257827621, -0.1037228611111814247, 0.7499999999999998890 ) ) ;
#2035 = CARTESIAN_POINT ( 'NONE',  ( 0.02328809511993179537, -0.1781221872094784775, 0.5000000000000001110 ) ) ;
#2036 = CARTESIAN_POINT ( 'NONE',  ( -0.1826198767901032194, -0.04907772852307005357, 0.7312499999999998446 ) ) ;
#2037 = CARTESIAN_POINT ( 'NONE',  ( -0.09252404735808350544, 0.03832471526136877610, 0.3906250000000000000 ) ) ;
#2038 = DIRECTION ( 'NONE',  ( -0.000000000000000000, -0.000000000000000000, -1.000000000000000000 ) ) ;
#2039 = CARTESIAN_POINT ( 'NONE',  ( 0.1826198767988361782, 0.04907772850198708486, 0.5093750000000000222 ) ) ;
#2040 = CARTESIAN_POINT ( 'NONE',  ( -0.05177669529663687931, -0.1249999999999999167, 0.2781250000000000666 ) ) ;
#2041 = ORIENTED_EDGE ( 'NONE', *, *, #1524, .F. ) ;
#2042 = CARTESIAN_POINT ( 'NONE',  ( -1.133092784412350615E-17, -0.09252404735808354708, 0.006250000000000025500 ) ) ;
#2043 = CARTESIAN_POINT ( 'NONE',  ( -0.09252404735808346381, 5.740955320954434243E-18, 0.1875000000000000278 ) ) ;
#2044 = EDGE_CURVE ( 'NONE', #3509, #2332, #3117, .T. ) ;
#2045 = CARTESIAN_POINT ( 'NONE',  ( -0.1131129763209580141, -4.081307847991383200E-17, 0.02561297632095831459 ) ) ;
#2046 = CARTESIAN_POINT ( 'NONE',  ( 0.09252404735808344993, -0.03832471526136872753, 0.3093750000000000111 ) ) ;
#2047 = CARTESIAN_POINT ( 'NONE',  ( -0.1249999999999999306, 7.549139889267777477E-20, 0.000000000000000000 ) ) ;
#2048 = CARTESIAN_POINT ( 'NONE',  ( -0.1249999999999999584, -0.05177669529663685849, 0.1656250000000000500 ) ) ;
#2049 = CARTESIAN_POINT ( 'NONE',  ( -0.03736168915316028655, -0.1010531472545228709, 0.4622240278829817250 ) ) ;
#2050 = CARTESIAN_POINT ( 'NONE',  ( 0.04662384207688848037, -0.1734888829588972503, 0.5000000000000000000 ) ) ;
#2051 = CARTESIAN_POINT ( 'NONE',  ( 0.1249999999999999306, 2.141717006176309377E-17, 0.3375000000000000222 ) ) ;
#2052 = CARTESIAN_POINT ( 'NONE',  ( -0.09252404735808350544, -0.03832471526136863732, 0.4468750000000000777 ) ) ;
#2053 = CARTESIAN_POINT ( 'NONE',  ( 0.09252404735808347769, 5.138080077581913637E-17, 0.4187500000000000111 ) ) ;
#2054 = CARTESIAN_POINT ( 'NONE',  ( 0.04907772831736512131, -0.1826198768753091728, 0.7312500000000000666 ) ) ;
#2055 = B_SPLINE_CURVE_WITH_KNOTS ( 'NONE', 3,
 ( #3212, #1719, #3153, #3192, #507, #2318 ),
 .UNSPECIFIED., .F., .F.,
 ( 4, 2, 4 ),
 ( 0.01163643954852217055, 0.01229951956398746271, 0.01296259957945275314 ),
 .UNSPECIFIED. ) ;
#2056 = CARTESIAN_POINT ( 'NONE',  ( 0.08838834764831839108, -0.08838834764831836333, 0.4375000000000000555 ) ) ;
#2057 = ORIENTED_EDGE ( 'NONE', *, *, #1427, .T. ) ;
#2058 = CARTESIAN_POINT ( 'NONE',  ( 0.06542438130972610955, 0.06542438130972615118, 0.4687500000000000000 ) ) ;
#2059 = CARTESIAN_POINT ( 'NONE',  ( 0.05177669529663683767, -0.1249999999999999722, 0.2843750000000000444 ) ) ;
#2060 = CARTESIAN_POINT ( 'NONE',  ( 0.02454369238353812377, -0.1874999999999998890, 0.7312499999999998446 ) ) ;
#2061 = CARTESIAN_POINT ( 'NONE',  ( -5.292955487724510356E-16, -0.1082531754730549217, 0.6328124999999998890 ) ) ;
#2062 = CARTESIAN_POINT ( 'NONE',  ( -0.09252404735808350544, -0.03832471526136866508, 0.3468750000000000444 ) ) ;
#2063 = B_SPLINE_CURVE_WITH_KNOTS ( 'NONE', 3,
 ( #1304, #2174, #1814, #3047, #2960, #2157, #2446, #3322 ),
 .UNSPECIFIED., .F., .F.,
 ( 4, 2, 2, 4 ),
 ( 2.380745673620185567E-07, 0.001388728690853452234, 0.002082973998996497621, 0.002777219307139543441 ),
 .UNSPECIFIED. ) ;
#2064 = CARTESIAN_POINT ( 'NONE',  ( 0.03832471526136869283, -0.09252404735808347769, 0.2531250000000000444 ) ) ;
#2065 = CARTESIAN_POINT ( 'NONE',  ( 0.1249999999999999306, -2.288663608512017221E-17, 0.1875000000000000278 ) ) ;
#2066 = CARTESIAN_POINT ( 'NONE',  ( -0.1474649246647838918, -0.08496052921710318950, 0.7499999999999997780 ) ) ;
#2067 = CARTESIAN_POINT ( 'NONE',  ( 0.1734888829588974724, -0.04662384207688800852, 0.5000000000000000000 ) ) ;
#2068 = EDGE_CURVE ( 'NONE', #281, #2109, #3097, .T. ) ;
#2069 = CARTESIAN_POINT ( 'NONE',  ( -0.08838834764831837720, 0.08838834764831844659, 0.3562500000000000666 ) ) ;
#2070 = B_SPLINE_CURVE_WITH_KNOTS ( 'NONE', 3,
 ( #918, #2323, #878, #2344, #3234, #1167, #1793, #1146 ),
 .UNSPECIFIED., .F., .F.,
 ( 4, 2, 2, 4 ),
 ( 2.380745673298490395E-07, 0.001388728690853430984, 0.002082973998996481141, 0.002777219307139530864 ),
 .UNSPECIFIED. ) ;
#2071 = CARTESIAN_POINT ( 'NONE',  ( 0.09375000000000001388, -0.009137588047027096066, 0.7416265877365273429 ) ) ;
#2072 = CARTESIAN_POINT ( 'NONE',  ( -0.05779193317450844608, 0.09953451937054917653, 0.4663150970878864321 ) ) ;
#2073 = PLANE ( 'NONE',  #1351 ) ;
#2074 = CARTESIAN_POINT ( 'NONE',  ( 0.000000000000000000, 7.549139889267777477E-20, 4.148491032111687552E-18 ) ) ;
#2075 = ORIENTED_EDGE ( 'NONE', *, *, #327, .T. ) ;
#2076 = CARTESIAN_POINT ( 'NONE',  ( -0.06542438130972610955, -0.06542438130972613730, 0.05000000000000002359 ) ) ;
#2077 = CARTESIAN_POINT ( 'NONE',  ( 0.09252404735808344993, 0.03832471526136882467, 0.5156250000000001110 ) ) ;
#2078 = CARTESIAN_POINT ( 'NONE',  ( 0.05177669529663694870, 0.1249999999999999861, 0.3531250000000000222 ) ) ;
#2079 = CARTESIAN_POINT ( 'NONE',  ( 0.08822264511802750675, 0.04705966108187539104, 0.01225034561405766859 ) ) ;
#2080 = VECTOR ( 'NONE', #405, 39.37007874015748143 ) ;
#2081 = CARTESIAN_POINT ( 'NONE',  ( 0.05177669529663683073, -0.1250000000000000000, 0.1781250000000000888 ) ) ;
#2082 = CARTESIAN_POINT ( 'NONE',  ( -0.09252404735808347769, 0.03832471526136873446, 0.2343750000000000000 ) ) ;
#2083 = AXIS2_PLACEMENT_3D ( 'NONE', #1112, #3713, #3729 ) ;
#2084 = CARTESIAN_POINT ( 'NONE',  ( 0.06542438130972610955, 0.06542438130972604016, 0.07499999999999998335 ) ) ;
#2085 = CARTESIAN_POINT ( 'NONE',  ( -0.05177669529663686543, -0.1249999999999999722, 0.1218750000000000389 ) ) ;
#2086 = CARTESIAN_POINT ( 'NONE',  ( -0.03152818781910344398, -0.08698662375540387737, 0.4534921628294171780 ) ) ;
#2087 = CARTESIAN_POINT ( 'NONE',  ( -0.02454369240633530458, 0.1874999999999999167, 0.5000000000000000000 ) ) ;
#2088 = CYLINDRICAL_SURFACE ( 'NONE', #173, 0.1249999999999999306 ) ;
#2089 = CARTESIAN_POINT ( 'NONE',  ( -0.08838834764831839108, -0.08838834764831840496, 0.06875000000000003331 ) ) ;
#2090 = CARTESIAN_POINT ( 'NONE',  ( 0.000000000000000000, 0.1249999999999999584, 0.2999999999999999889 ) ) ;
#2091 = ORIENTED_EDGE ( 'NONE', *, *, #1110, .T. ) ;
#2092 = DIRECTION ( 'NONE',  ( 1.000000000000000000, -0.000000000000000000, 0.000000000000000000 ) ) ;
#2093 = CARTESIAN_POINT ( 'NONE',  ( -0.09252404735808346381, -9.026980061339992372E-18, 0.1375000000000000111 ) ) ;
#2094 = CARTESIAN_POINT ( 'NONE',  ( -0.05177669529663687931, 0.1249999999999999584, 0.2031249999999999722 ) ) ;
#2095 = CARTESIAN_POINT ( 'NONE',  ( 0.09252404735808347769, -0.03832471526136876916, 0.1656250000000000222 ) ) ;
#2096 = EDGE_LOOP ( 'NONE', ( #612, #3193, #380, #3618 ) ) ;
#2097 = CARTESIAN_POINT ( 'NONE',  ( -0.06542438130972608179, -0.06542438130972598465, 0.4937500000000000222 ) ) ;
#2098 = CARTESIAN_POINT ( 'NONE',  ( 0.000000000000000000, 0.1249999999999999584, 0.2562499999999999778 ) ) ;
#2099 = CARTESIAN_POINT ( 'NONE',  ( -0.1499375327922185530, 0.1152275101527366202, 0.7312499999999998446 ) ) ;
#2100 = CARTESIAN_POINT ( 'NONE',  ( -0.1125269863454828045, 0.01385814349273563166, 0.02502698634548316745 ) ) ;
#2101 = DIRECTION ( 'NONE',  ( -0.000000000000000000, -0.000000000000000000, -1.000000000000000000 ) ) ;
#2102 = ORIENTED_EDGE ( 'NONE', *, *, #419, .T. ) ;
#2103 = CARTESIAN_POINT ( 'NONE',  ( 0.03832471526136869283, -0.09252404735808350544, 0.2031250000000000278 ) ) ;
#2104 = CARTESIAN_POINT ( 'NONE',  ( -0.06542438130972609567, 0.06542438130972608179, 0.08749999999999999445 ) ) ;
#2105 = EDGE_CURVE ( 'NONE', #2175, #1720, #2154, .T. ) ;
#2106 = DIRECTION ( 'NONE',  ( 1.000000000000000000, 0.000000000000000000, 0.000000000000000000 ) ) ;
#2107 = CARTESIAN_POINT ( 'NONE',  ( 0.02454369238353812030, -0.1874999999999999167, 0.7500000000000000000 ) ) ;
#2108 = CARTESIAN_POINT ( 'NONE',  ( -0.1094661346297765570, 0.1424406561679308902, 0.5000000000000000000 ) ) ;
#2109 = VERTEX_POINT ( 'NONE', #1460 ) ;
#2110 = CARTESIAN_POINT ( 'NONE',  ( -0.1249999999999999445, 9.079917041896977590E-17, 0.4687500000000001110 ) ) ;
#2111 = CARTESIAN_POINT ( 'NONE',  ( 0.1249999999999999306, 1.538357638823458624E-17, 0.000000000000000000 ) ) ;
#2112 = CARTESIAN_POINT ( 'NONE',  ( 0.05437468733066477128, -0.1108703537934235817, 0.03584700037860030775 ) ) ;
#2113 = CARTESIAN_POINT ( 'NONE',  ( 0.05431570440143778516, -0.07490329495353668932, 0.005024047358083617680 ) ) ;
#2114 = B_SPLINE_CURVE_WITH_KNOTS ( 'NONE', 3,
 ( #1438, #3775, #748, #3420, #3463, #769, #453, #1359 ),
 .UNSPECIFIED., .F., .F.,
 ( 4, 2, 2, 4 ),
 ( 2.380745673640421978E-07, 0.001388728690853448548, 0.002082973998996490682, 0.002777219307139533466 ),
 .UNSPECIFIED. ) ;
#2115 = VERTEX_POINT ( 'NONE', #853 ) ;
#2116 = DIRECTION ( 'NONE',  ( -1.000000000000000000, 0.000000000000000000, 0.000000000000000000 ) ) ;
#2117 = CARTESIAN_POINT ( 'NONE',  ( -0.06542438130972608179, -0.06542438130972608179, 0.1437500000000000167 ) ) ;
#2118 = CARTESIAN_POINT ( 'NONE',  ( 0.000000000000000000, 0.09252404735808353320, 0.3812499999999999778 ) ) ;
#2119 = CARTESIAN_POINT ( 'NONE',  ( -1.133092784412350615E-17, -0.09252404735808351932, 0.1062500000000000389 ) ) ;
#2120 = ORIENTED_EDGE ( 'NONE', *, *, #3283, .F. ) ;
#2121 = CARTESIAN_POINT ( 'NONE',  ( -0.03832471526136870671, 0.09252404735808353320, 0.4781250000000000777 ) ) ;
#2122 = EDGE_CURVE ( 'NONE', #2176, #2714, #295, .T. ) ;
#2123 = CARTESIAN_POINT ( 'NONE',  ( -0.03357807143398670868, 0.1016063531480389109, 0.01928940093301173900 ) ) ;
#2124 = CARTESIAN_POINT ( 'NONE',  ( -0.1249999999999999306, 2.988143696700528942E-17, 0.2625000000000000111 ) ) ;
#2125 = CARTESIAN_POINT ( 'NONE',  ( -0.09252404735808346381, 5.004476146783770330E-17, 0.3375000000000000222 ) ) ;
#2126 = CARTESIAN_POINT ( 'NONE',  ( -0.09252404735808347769, -2.194892352084760199E-17, 0.09375000000000001388 ) ) ;
#2127 = CARTESIAN_POINT ( 'NONE',  ( -0.1249999999999999306, 3.455662024164295957E-19, 0.1625000000000000056 ) ) ;
#2128 = CARTESIAN_POINT ( 'NONE',  ( -0.1643578891110873685, 0.04416995567076558576, 0.7499999999999998890 ) ) ;
#2129 = VERTEX_POINT ( 'NONE', #31 ) ;
#2130 = CARTESIAN_POINT ( 'NONE',  ( 0.06542438130972610955, 0.06542438130972608179, 0.2249999999999999778 ) ) ;
#2131 = CARTESIAN_POINT ( 'NONE',  ( 0.08970713070317609672, 0.1556432004982472028, 0.5000000000000000000 ) ) ;
#2132 = ORIENTED_EDGE ( 'NONE', *, *, #327, .F. ) ;
#2133 = CARTESIAN_POINT ( 'NONE',  ( -0.1874999999999999167, 1.155655514089910824E-17, 0.7312499999999998446 ) ) ;
#2134 = CARTESIAN_POINT ( 'NONE',  ( -0.09442855861386009741, -0.1638349479016201482, 0.7312499999999998446 ) ) ;
#2135 = VERTEX_POINT ( 'NONE', #561 ) ;
#2136 = CARTESIAN_POINT ( 'NONE',  ( 0.1249999999999999306, 1.538357638823458624E-17, 0.000000000000000000 ) ) ;
#2137 = CARTESIAN_POINT ( 'NONE',  ( 0.03832471526136869283, -0.09252404735808351932, 0.05312500000000001943 ) ) ;
#2138 = ORIENTED_EDGE ( 'NONE', *, *, #3073, .T. ) ;
#2139 = CARTESIAN_POINT ( 'NONE',  ( 0.1249999999999999445, -6.272708780038951702E-18, 0.2437500000000000222 ) ) ;
#2140 = CARTESIAN_POINT ( 'NONE',  ( 0.1638349479016219523, -0.09442855861385576755, 0.7312499999999998446 ) ) ;
#2141 = CARTESIAN_POINT ( 'NONE',  ( -0.05177669529663686543, 0.1249999999999998751, -0.04062500000000002914 ) ) ;
#2142 = CARTESIAN_POINT ( 'NONE',  ( -1.133092784412350615E-17, -0.09252404735808353320, 0.05625000000000002220 ) ) ;
#2143 = CARTESIAN_POINT ( 'NONE',  ( 0.1249999999999998890, -0.05177669529663690706, 0.2343750000000000278 ) ) ;
#2144 = ORIENTED_EDGE ( 'NONE', *, *, #2999, .F. ) ;
#2145 = AXIS2_PLACEMENT_3D ( 'NONE', #2892, #2256, #3162 ) ;
#2146 = CARTESIAN_POINT ( 'NONE',  ( -0.1499375328083459302, -0.1152275101366093124, 0.5000000000000000000 ) ) ;
#2147 = DIMENSIONAL_EXPONENTS ( 1.000000000000000000, 0.000000000000000000, 0.000000000000000000, 0.000000000000000000, 0.000000000000000000, 0.000000000000000000, 0.000000000000000000 ) ;
#2148 = ORIENTED_EDGE ( 'NONE', *, *, #3692, .F. ) ;
#2149 = CARTESIAN_POINT ( 'NONE',  ( 0.04889375830894143737, -0.1131221270734529827, 0.03559846789710849335 ) ) ;
#2150 = VECTOR ( 'NONE', #2554, 39.37007874015748143 ) ;
#2151 = CARTESIAN_POINT ( 'NONE',  ( -0.08749999999999995282, 1.308736363983329636E-17, 4.148491032111687552E-18 ) ) ;
#2152 = CIRCLE ( 'NONE', #659, 0.1082531754730549772 ) ;
#2153 = CARTESIAN_POINT ( 'NONE',  ( -0.03832471526136872059, -0.09252404735808350544, 0.1468750000000000611 ) ) ;
#2154 =( BOUNDED_CURVE ( )  B_SPLINE_CURVE ( 2, ( #2955, #3588, #3265, #328, #2317, #311, #2916, #3229, #2973 ),
 .UNSPECIFIED., .F., .F. ) 
 B_SPLINE_CURVE_WITH_KNOTS ( ( 3, 2, 2, 2, 3 ),
 ( 0.2045454545454545581, 0.2159090909090909116, 0.2272727272727272652, 0.2386363636363636465, 0.2500000000000000000 ),
 .UNSPECIFIED. ) 
 CURVE ( )  GEOMETRIC_REPRESENTATION_ITEM ( )  RATIONAL_B_SPLINE_CURVE ( ( 1.000000000000000000, 0.9238795325112867385, 1.000000000000000000, 0.9238795325112867385, 1.000000000000000000, 0.9238795325112867385, 1.000000000000000000, 0.9238795325112867385, 1.000000000000000000 ) ) 
 REPRESENTATION_ITEM ( '' )  );
#2155 = CARTESIAN_POINT ( 'NONE',  ( 0.04907772831736513519, -0.1826198768753090618, 0.5093750000000000222 ) ) ;
#2156 = CARTESIAN_POINT ( 'NONE',  ( 0.09252404735808347769, 0.03832471526136870671, 0.07187500000000000833 ) ) ;
#2157 = CARTESIAN_POINT ( 'NONE',  ( 0.01539068948143273476, 0.09936735675793589850, 0.6281501562697850982 ) ) ;
#2158 = CARTESIAN_POINT ( 'NONE',  ( -0.1874999999999999167, 7.549139889267777477E-20, 0.5000000000000000000 ) ) ;
#2159 = CARTESIAN_POINT ( 'NONE',  ( -0.06542438130972610955, -0.06542438130972599852, 0.5000000000000001110 ) ) ;
#2160 = CARTESIAN_POINT ( 'NONE',  ( 0.000000000000000000, 0.1249999999999999167, 0.05624999999999997363 ) ) ;
#2161 = CARTESIAN_POINT ( 'NONE',  ( -0.05177669529663687931, 0.1249999999999999584, 0.2531249999999999889 ) ) ;
#2162 = CARTESIAN_POINT ( 'NONE',  ( -0.06542438130972608179, 0.06542438130972616506, 0.4312500000000000222 ) ) ;
#2163 = CARTESIAN_POINT ( 'NONE',  ( 0.000000000000000000, 0.09252404735808344993, 0.08124999999999997502 ) ) ;
#2164 = CARTESIAN_POINT ( 'NONE',  ( -0.1249999999999999584, -0.05177669529663678910, 0.3656250000000000333 ) ) ;
#2165 = CARTESIAN_POINT ( 'NONE',  ( -0.02454369240633560989, -0.1874999999999998890, 0.5093750000000000222 ) ) ;
#2166 = EDGE_LOOP ( 'NONE', ( #2462, #2215, #498, #2199 ) ) ;
#2167 = CARTESIAN_POINT ( 'NONE',  ( -1.530808498934190893E-17, -0.1249999999999999167, 0.3312500000000000444 ) ) ;
#2168 = EDGE_CURVE ( 'NONE', #985, #71, #1198, .T. ) ;
#2169 = ORIENTED_EDGE ( 'NONE', *, *, #2591, .F. ) ;
#2170 = CARTESIAN_POINT ( 'NONE',  ( -1.530808498934190893E-17, -0.1249999999999998751, 0.4312500000000000777 ) ) ;
#2171 = CARTESIAN_POINT ( 'NONE',  ( 0.000000000000000000, 0.1249999999999999306, 0.1499999999999999667 ) ) ;
#2172 = CARTESIAN_POINT ( 'NONE',  ( -0.09252404735808346381, 3.527682608554327823E-17, 0.2875000000000000333 ) ) ;
#2173 = CARTESIAN_POINT ( 'NONE',  ( -1.133092784412350615E-17, -0.09252404735808347769, 0.2062500000000000444 ) ) ;
#2174 = CARTESIAN_POINT ( 'NONE',  ( 0.07844243687486901484, 0.06296441342745923153, 0.6277099789582291089 ) ) ;
#2175 = VERTEX_POINT ( 'NONE', #289 ) ;
#2176 = VERTEX_POINT ( 'NONE', #1177 ) ;
#2177 = CARTESIAN_POINT ( 'NONE',  ( -0.008531580264666079397, -0.09233171969798432965, 0.005024047358083654977 ) ) ;
#2178 = CARTESIAN_POINT ( 'NONE',  ( 0.09252404735808344993, 0.03832471526136879691, 0.4156250000000000777 ) ) ;
#2179 = CARTESIAN_POINT ( 'NONE',  ( 0.09726361141559959622, 6.203157005158397739E-13, 0.009763611415599717999 ) ) ;
#2180 = CARTESIAN_POINT ( 'NONE',  ( -0.09252404735808347769, 0.03832471526136865814, -0.01562500000000001388 ) ) ;
#2181 = CARTESIAN_POINT ( 'NONE',  ( -0.06542438130972608179, 0.06542438130972617893, 0.4812500000000000111 ) ) ;
#2182 = CARTESIAN_POINT ( 'NONE',  ( 0.05177669529663694176, 0.1249999999999999722, 0.3468750000000000444 ) ) ;
#2183 = CARTESIAN_POINT ( 'NONE',  ( -0.1638349478928924075, -0.09442855863492054247, 0.5000000000000000000 ) ) ;
#2184 = CARTESIAN_POINT ( 'NONE',  ( -0.05177669529663687931, 0.1249999999999999445, 0.1093750000000000000 ) ) ;
#2185 = CARTESIAN_POINT ( 'NONE',  ( -1.133092784412350615E-17, -0.09252404735808346381, 0.2562500000000000888 ) ) ;
#2186 = EDGE_CURVE ( 'NONE', #2927, #1358, #2752, .T. ) ;
#2187 = ORIENTED_EDGE ( 'NONE', *, *, #1803, .F. ) ;
#2188 = FACE_OUTER_BOUND ( 'NONE', #1551, .T. ) ;
#2189 = CARTESIAN_POINT ( 'NONE',  ( -0.06542438130972608179, -0.06542438130972604016, 0.2937500000000000666 ) ) ;
#2190 = CARTESIAN_POINT ( 'NONE',  ( -0.06542438130972609567, 0.06542438130972610955, 0.1874999999999999722 ) ) ;
#2191 = CARTESIAN_POINT ( 'NONE',  ( -0.1474514531114621274, -0.08498570275245452554, 0.7499999999999998890 ) ) ;
#2192 = ORIENTED_EDGE ( 'NONE', *, *, #150, .F. ) ;
#2193 = CARTESIAN_POINT ( 'NONE',  ( 0.1781249999999999223, -0.02331650778601850049, 0.5000000000000000000 ) ) ;
#2194 = CARTESIAN_POINT ( 'NONE',  ( 0.06542438130972610955, 0.06542438130972615118, 0.4249999999999999889 ) ) ;
#2195 = CARTESIAN_POINT ( 'NONE',  ( -0.09375000000000020817, -0.009137588047027158517, 0.6244390877365274539 ) ) ;
#2196 = CARTESIAN_POINT ( 'NONE',  ( -0.06542438130972608179, 0.06542438130972602628, -0.01875000000000002359 ) ) ;
#2197 = CARTESIAN_POINT ( 'NONE',  ( 0.03832471526136877610, 0.09252404735808350544, 0.2781250000000000666 ) ) ;
#2198 = CARTESIAN_POINT ( 'NONE',  ( 0.1249999999999999306, -8.118700702825745592E-18, 0.2375000000000000167 ) ) ;
#2199 = ORIENTED_EDGE ( 'NONE', *, *, #111, .F. ) ;
#2200 = CARTESIAN_POINT ( 'NONE',  ( -0.02454369240633560642, -0.1874999999999999167, 0.5000000000000000000 ) ) ;
#2201 = AXIS2_PLACEMENT_3D ( 'NONE', #2658, #632, #1845 ) ;
#2202 = CARTESIAN_POINT ( 'NONE',  ( -0.09374999999999998612, -0.05412658773652719024, 0.6328124999999998890 ) ) ;
#2203 = CARTESIAN_POINT ( 'NONE',  ( 0.03832471526136869283, -0.09252404735808343605, 0.3531250000000000222 ) ) ;
#2204 = MECHANICAL_DESIGN_GEOMETRIC_PRESENTATION_REPRESENTATION (  '', ( #110 ), #2939 ) ;
#2205 = CARTESIAN_POINT ( 'NONE',  ( 0.09252404735808347769, -0.03832471526136873446, 0.3156250000000000444 ) ) ;
#2206 = CARTESIAN_POINT ( 'NONE',  ( -0.1082531754730549634, 3.886826542466381952E-17, 0.6328124999999998890 ) ) ;
#2207 = VECTOR ( 'NONE', #3545, 39.37007874015748854 ) ;
#2208 = CARTESIAN_POINT ( 'NONE',  ( -1.133092784412350615E-17, -0.09252404735808340830, 0.4562500000000000999 ) ) ;
#2209 = CARTESIAN_POINT ( 'NONE',  ( 0.04662384207688721055, 0.1734888829588984716, 0.5000000000000000000 ) ) ;
#2210 = CARTESIAN_POINT ( 'NONE',  ( 0.05177669529663694870, 0.1249999999999998751, 0.05312499999999997780 ) ) ;
#2211 = DIRECTION ( 'NONE',  ( -1.000000000000000000, 0.000000000000000000, 0.000000000000000000 ) ) ;
#2212 = CARTESIAN_POINT ( 'NONE',  ( -0.09252404735808346381, -3.856285082592883482E-17, 0.03749999999999999861 ) ) ;
#2213 = CARTESIAN_POINT ( 'NONE',  ( -0.1249999999999999445, -5.688018340397446251E-17, -0.03125000000000000000 ) ) ;
#2214 = CARTESIAN_POINT ( 'NONE',  ( 0.1249999999999998890, -0.05177669529663686543, 0.3843750000000000222 ) ) ;
#2215 = ORIENTED_EDGE ( 'NONE', *, *, #3164, .T. ) ;
#2216 = CARTESIAN_POINT ( 'NONE',  ( -0.1874999999999999167, 7.549139889267777477E-20, 0.5000000000000000000 ) ) ;
#2217 = CARTESIAN_POINT ( 'NONE',  ( 0.000000000000000000, 0.09252404735808340830, -0.01875000000000003400 ) ) ;
#2218 = CARTESIAN_POINT ( 'NONE',  ( -0.1062021046751586151, -0.04612494808493038112, 0.02768522270422808448 ) ) ;
#2219 = EDGE_CURVE ( 'NONE', #2176, #938, #3640, .T. ) ;
#2220 = CARTESIAN_POINT ( 'NONE',  ( 0.000000000000000000, 0.1250000000000000000, 0.3562500000000000111 ) ) ;
#2221 = CARTESIAN_POINT ( 'NONE',  ( 0.08838834764831840496, 0.08838834764831836333, 0.1437499999999999889 ) ) ;
#2222 = CARTESIAN_POINT ( 'NONE',  ( 0.09252404735808344993, 0.03832471526136874140, 0.2156250000000000111 ) ) ;
#2223 = CARTESIAN_POINT ( 'NONE',  ( 0.1687499999999999001, -0.02208932314516103348, 0.7499999999999998890 ) ) ;
#2224 = CARTESIAN_POINT ( 'NONE',  ( -1.133092784412350615E-17, -0.09252404735808344993, 0.3062500000000000222 ) ) ;
#2225 = CARTESIAN_POINT ( 'NONE',  ( 0.07557997304779337511, 0.07427881568660245348, 0.4610630308115004072 ) ) ;
#2226 = CARTESIAN_POINT ( 'NONE',  ( 0.1250000000000001110, -0.05177669529663676135, 0.09062500000000005274 ) ) ;
#2227 = CARTESIAN_POINT ( 'NONE',  ( -0.1249999999999999445, 3.172742888979207561E-17, 0.2687499999999999889 ) ) ;
#2228 = CARTESIAN_POINT ( 'NONE',  ( 0.1349216999255964389, 0.1037228611113678173, 0.7499999999999998890 ) ) ;
#2229 = DIRECTION ( 'NONE',  ( 0.000000000000000000, 0.000000000000000000, 1.000000000000000000 ) ) ;
#2230 = FACE_OUTER_BOUND ( 'NONE', #2887, .T. ) ;
#2231 = EDGE_CURVE ( 'NONE', #821, #1068, #1047, .T. ) ;
#2232 = CARTESIAN_POINT ( 'NONE',  ( 0.06542438130972608179, -0.06542438130972615118, 0.006250000000000014225 ) ) ;
#2233 = CARTESIAN_POINT ( 'NONE',  ( -0.1249999999999999445, 2.191558125203230852E-18, 0.1687500000000000111 ) ) ;
#2234 = CARTESIAN_POINT ( 'NONE',  ( 0.09252404735808347769, -7.690940753358554677E-18, 0.2187500000000000278 ) ) ;
#2235 = CARTESIAN_POINT ( 'NONE',  ( -0.1249999999999999584, 0.05177669529663698339, 0.5093750000000000222 ) ) ;
#2236 = CARTESIAN_POINT ( 'NONE',  ( -0.09252404735808346381, 5.740955320954434243E-18, 0.1875000000000000278 ) ) ;
#2237 = CARTESIAN_POINT ( 'NONE',  ( -0.06542438130972609567, 0.06542438130972604016, -0.01250000000000002498 ) ) ;
#2238 = CARTESIAN_POINT ( 'NONE',  ( -0.1131129763209580141, -4.081307847991383200E-17, 0.02561297632095831459 ) ) ;
#2239 = CARTESIAN_POINT ( 'NONE',  ( -1.133092784412350615E-17, -0.09252404735808343605, 0.4062500000000000555 ) ) ;
#2240 = VERTEX_POINT ( 'NONE', #3475 ) ;
#2241 = DIRECTION ( 'NONE',  ( -1.000000000000000000, 0.000000000000000000, 0.000000000000000000 ) ) ;
#2242 = CARTESIAN_POINT ( 'NONE',  ( -0.007878134662149562789, -0.09238634120685962348, 0.4534921628294171225 ) ) ;
#2243 = CARTESIAN_POINT ( 'NONE',  ( 0.09252404735808346381, 1.999893808844349080E-17, 0.3125000000000000000 ) ) ;
#2244 = CARTESIAN_POINT ( 'NONE',  ( 0.09252404735808347769, -0.03832471526136870671, 0.3656250000000000888 ) ) ;
#2245 = CARTESIAN_POINT ( 'NONE',  ( -1.530808498934190893E-17, -0.1249999999999998612, 0.4250000000000000999 ) ) ;
#2246 = CARTESIAN_POINT ( 'NONE',  ( -0.1826198767988397309, -0.04907772850198856979, 0.5000000000000000000 ) ) ;
#2247 = CYLINDRICAL_SURFACE ( 'NONE', #1083, 0.1299999999999999489 ) ;
#2248 = DIRECTION ( 'NONE',  ( -0.000000000000000000, -0.000000000000000000, 1.000000000000000000 ) ) ;
#2249 = CARTESIAN_POINT ( 'NONE',  ( -0.1249999999999999306, 3.455662024164295957E-19, 0.1625000000000000056 ) ) ;
#2250 = CARTESIAN_POINT ( 'NONE',  ( -0.06542438130972608179, -0.06542438130972610955, 0.09375000000000002776 ) ) ;
#2251 = CARTESIAN_POINT ( 'NONE',  ( 0.1249999999999999445, -6.534445030921665508E-17, 0.04375000000000000416 ) ) ;
#2252 = CARTESIAN_POINT ( 'NONE',  ( -0.1249999999999999306, 7.418524311388855848E-17, 0.4125000000000000333 ) ) ;
#2253 = ORIENTED_EDGE ( 'NONE', *, *, #1140, .T. ) ;
#2254 = CARTESIAN_POINT ( 'NONE',  ( -0.03832471526136870671, 0.09252404735808342218, 0.02812499999999996947 ) ) ;
#2255 = CARTESIAN_POINT ( 'NONE',  ( 0.02067837983836976964, -0.1202504867524544774, 0.03437608320121293692 ) ) ;
#2256 = DIRECTION ( 'NONE',  ( -1.000000000000000000, 0.000000000000000000, -0.000000000000000000 ) ) ;
#2257 = CARTESIAN_POINT ( 'NONE',  ( -0.09374999999999998612, -0.05412658773652766209, 0.6328124999999998890 ) ) ;
#2258 = CARTESIAN_POINT ( 'NONE',  ( -0.1638349478164232986, 0.09442855881954359543, 0.5093750000000000222 ) ) ;
#2259 = CARTESIAN_POINT ( 'NONE',  ( -0.1499375327922137791, 0.1152275101527414219, 0.7500000000000000000 ) ) ;
#2260 = FACE_BOUND ( 'NONE', #154, .T. ) ;
#2261 = CARTESIAN_POINT ( 'NONE',  ( 0.05177669529663683073, -0.1249999999999999167, 0.4281250000000000888 ) ) ;
#2262 = CYLINDRICAL_SURFACE ( 'NONE', #3308, 0.1249999999999999306 ) ;
#2263 = CARTESIAN_POINT ( 'NONE',  ( -0.09442855863491768365, 0.1638349478929019831, 0.5000000000000000000 ) ) ;
#2264 = CARTESIAN_POINT ( 'NONE',  ( -0.04419512920611465973, 0.1643444175577788158, 0.7499999999999998890 ) ) ;
#2265 = CARTESIAN_POINT ( 'NONE',  ( 0.1249999999999999167, 0.05177669529663683767, 0.04062499999999998751 ) ) ;
#2266 = CARTESIAN_POINT ( 'NONE',  ( -0.1249999999999999584, 0.05177669529663683073, 0.05937500000000000416 ) ) ;
#2267 = AXIS2_PLACEMENT_3D ( 'NONE', #2202, #3029, #2736 ) ;
#2268 = CARTESIAN_POINT ( 'NONE',  ( -1.133092784412350307E-17, -0.09252404735808346381, 0.2000000000000000389 ) ) ;
#2269 = CARTESIAN_POINT ( 'NONE',  ( 0.08838834764831843271, 0.08838834764831836333, 0.1499999999999999944 ) ) ;
#2270 =( BOUNDED_CURVE ( )  B_SPLINE_CURVE ( 2, ( #1000, #1313, #413 ),
 .UNSPECIFIED., .F., .T. ) 
 B_SPLINE_CURVE_WITH_KNOTS ( ( 3, 3 ),
 ( 0.000000000000000000, 1.000000000000000000 ),
 .UNSPECIFIED. ) 
 CURVE ( )  GEOMETRIC_REPRESENTATION_ITEM ( )  RATIONAL_B_SPLINE_CURVE ( ( 1.000000000000000000, 0.3333333333333334259, 1.000000000000000000 ) ) 
 REPRESENTATION_ITEM ( '' )  );
#2271 = CARTESIAN_POINT ( 'NONE',  ( 0.1249999999999999306, 8.048891159094080331E-17, 0.5375000000000000888 ) ) ;
#2272 = CARTESIAN_POINT ( 'NONE',  ( 0.09252404735808346381, -2.430486805843977518E-17, 0.1625000000000000056 ) ) ;
#2273 = CARTESIAN_POINT ( 'NONE',  ( -0.1687499999999999001, 2.074140613450425082E-17, 0.7499999999999998890 ) ) ;
#2274 = CARTESIAN_POINT ( 'NONE',  ( -0.1249999999999999445, 9.079917041896977590E-17, 0.4687500000000001110 ) ) ;
#2275 = CARTESIAN_POINT ( 'NONE',  ( 0.04907772831736500335, 0.1826198768753091450, 0.5093750000000001332 ) ) ;
#2276 = CARTESIAN_POINT ( 'NONE',  ( -0.09252404735808350544, -0.03832471526136864426, 0.4468750000000000777 ) ) ;
#2277 = CARTESIAN_POINT ( 'NONE',  ( -0.08838834764831839108, -0.08838834764831830781, 0.4187500000000000111 ) ) ;
#2278 = CARTESIAN_POINT ( 'NONE',  ( -0.04907772850199079023, 0.1826198767988304328, 0.5000000000000000000 ) ) ;
#2279 = CARTESIAN_POINT ( 'NONE',  ( -0.01455762488768087316, -0.09137163070204264159, 0.005024047358083652375 ) ) ;
#2280 = DIRECTION ( 'NONE',  ( 1.000000000000000000, 0.000000000000000000, 0.000000000000000000 ) ) ;
#2281 = CARTESIAN_POINT ( 'NONE',  ( 0.000000000000000000, -5.530426628471140438E-17, 0.4749999999999999778 ) ) ;
#2282 = CARTESIAN_POINT ( 'NONE',  ( 0.000000000000000000, 0.09252404735808346381, 0.1812499999999999667 ) ) ;
#2283 = CARTESIAN_POINT ( 'NONE',  ( 0.03832471526136876916, 0.09252404735808350544, 0.3218750000000000222 ) ) ;
#2284 = CARTESIAN_POINT ( 'NONE',  ( -0.1249999999999999722, -0.05177669529663686543, 0.1218750000000000389 ) ) ;
#2285 = CARTESIAN_POINT ( 'NONE',  ( -0.09252404735808350544, -0.03832471526136876916, -0.003124999999999993235 ) ) ;
#2286 = EDGE_LOOP ( 'NONE', ( #3645, #2693, #3683, #3143 ) ) ;
#2287 = CARTESIAN_POINT ( 'NONE',  ( -0.06542438130972608179, 0.06542438130972604016, 0.03124999999999998265 ) ) ;
#2288 =( BOUNDED_CURVE ( )  B_SPLINE_CURVE ( 2, ( #3184, #768, #2539, #2806, #2310, #1733, #2827, #196, #1395 ),
 .UNSPECIFIED., .F., .F. ) 
 B_SPLINE_CURVE_WITH_KNOTS ( ( 3, 2, 2, 2, 3 ),
 ( 0.7954545454545455252, 0.8068181818181818787, 0.8181818181818183433, 0.8295454545454545858, 0.8409090909090909394 ),
 .UNSPECIFIED. ) 
 CURVE ( )  GEOMETRIC_REPRESENTATION_ITEM ( )  RATIONAL_B_SPLINE_CURVE ( ( 0.9999999999999992228, 0.9238795325112875156, 1.000000000000000000, 0.9238795325112867385, 1.000000000000000000, 0.9238795325112867385, 1.000000000000000000, 0.9238795325112867385, 1.000000000000000000 ) ) 
 REPRESENTATION_ITEM ( '' )  );
#2289 = EDGE_CURVE ( 'NONE', #630, #2175, #857, .T. ) ;
#2290 = ORIENTED_EDGE ( 'NONE', *, *, #2289, .T. ) ;
#2291 = CARTESIAN_POINT ( 'NONE',  ( -0.1424185764361192985, 0.1094842364751633379, 0.5000000000000001110 ) ) ;
#2292 = LINE ( 'NONE', #2616, #1915 ) ;
#2293 = CARTESIAN_POINT ( 'NONE',  ( -1.530808498934190893E-17, -0.1249999999999998751, 0.3750000000000001110 ) ) ;
#2294 = CARTESIAN_POINT ( 'NONE',  ( 0.1249999999999999306, 1.538357638823458624E-17, 0.000000000000000000 ) ) ;
#2295 = CARTESIAN_POINT ( 'NONE',  ( 0.04907772852309076617, -0.1826198767900997499, 0.7500000000000000000 ) ) ;
#2296 = EDGE_CURVE ( 'NONE', #2115, #2175, #2014, .T. ) ;
#2297 = CARTESIAN_POINT ( 'NONE',  ( 0.06542438130972609567, -0.06542438130972601240, 0.5125000000000000666 ) ) ;
#2298 = ORIENTED_EDGE ( 'NONE', *, *, #3739, .F. ) ;
#2299 = CARTESIAN_POINT ( 'NONE',  ( 0.09252404735808347769, 0.03832471526136882467, 0.4718749999999999889 ) ) ;
#2300 = CARTESIAN_POINT ( 'NONE',  ( 0.1826198767988400085, -0.04907772850198804937, 0.5000000000000000000 ) ) ;
#2301 = LINE ( 'NONE', #3487, #3310 ) ;
#2302 = CARTESIAN_POINT ( 'NONE',  ( 0.000000000000000000, 0.1249999999999999029, 0.04999999999999996808 ) ) ;
#2303 = VERTEX_POINT ( 'NONE', #3459 ) ;
#2304 = CARTESIAN_POINT ( 'NONE',  ( 0.000000000000000000, 0.09252404735808347769, 0.2749999999999999667 ) ) ;
#2305 = CARTESIAN_POINT ( 'NONE',  ( -0.05177669529663686543, 0.1249999999999999722, 0.2093750000000000056 ) ) ;
#2306 = CARTESIAN_POINT ( 'NONE',  ( 0.08838834764831837720, -0.08838834764831833557, 0.4312500000000000222 ) ) ;
#2307 = CARTESIAN_POINT ( 'NONE',  ( 0.04783366770725723527, -0.08054633344095014913, 0.4538959294337810979 ) ) ;
#2308 = CARTESIAN_POINT ( 'NONE',  ( -0.09252404735808347769, 0.03832471526136868589, 0.08437500000000000555 ) ) ;
#2309 = CARTESIAN_POINT ( 'NONE',  ( 0.01530756312513078220, -0.09941534978212364371, 0.6277099789582288869 ) ) ;
#2310 = CARTESIAN_POINT ( 'NONE',  ( 0.000000000000000000, 0.1250000000000000278, 0.4499999999999999556 ) ) ;
#2311 = EDGE_CURVE ( 'NONE', #2240, #2599, #1666, .T. ) ;
#2312 = CARTESIAN_POINT ( 'NONE',  ( 0.05431570440143778516, -0.07490329495353668932, 0.005024047358083617680 ) ) ;
#2313 = CARTESIAN_POINT ( 'NONE',  ( 0.05475602988872744353, 0.07663976687704311674, 0.7416207643691721252 ) ) ;
#2314 = LINE ( 'NONE', #1758, #287 ) ;
#2315 = CARTESIAN_POINT ( 'NONE',  ( -0.09252404735808350544, -0.03832471526136870671, 0.1968749999999999944 ) ) ;
#2316 = CARTESIAN_POINT ( 'NONE',  ( -0.02454369240633530458, 0.1874999999999999167, 0.5000000000000000000 ) ) ;
#2317 = CARTESIAN_POINT ( 'NONE',  ( -1.530808498934190893E-17, -0.1249999999999999445, 0.1250000000000000555 ) ) ;
#2318 = CARTESIAN_POINT ( 'NONE',  ( -0.1139320424213534494, -0.05142460218318561926, 0.4721304482402234881 ) ) ;
#2319 = CARTESIAN_POINT ( 'NONE',  ( 0.09252404735808347769, -5.199474690024182682E-17, 0.06875000000000000555 ) ) ;
#2320 = AXIS2_PLACEMENT_3D ( 'NONE', #3326, #678, #1889 ) ;
#2321 = CARTESIAN_POINT ( 'NONE',  ( -0.09252404735808346381, 3.527682608554327823E-17, 0.2875000000000000333 ) ) ;
#2322 = CARTESIAN_POINT ( 'NONE',  ( -0.08838834764831839108, 0.08838834764831843271, 0.2625000000000000111 ) ) ;
#2323 = CARTESIAN_POINT ( 'NONE',  ( -0.01530756312513019066, -0.09941534978212346330, 0.7448974789582293310 ) ) ;
#2324 = AXIS2_PLACEMENT_3D ( 'NONE', #1134, #1415, #2016 ) ;
#2325 = ORIENTED_EDGE ( 'NONE', *, *, #3526, .T. ) ;
#2326 = VECTOR ( 'NONE', #774, 39.37007874015748143 ) ;
#2327 = CARTESIAN_POINT ( 'NONE',  ( 0.03832471526136876916, 0.09252404735808351932, 0.3718750000000000666 ) ) ;
#2328 = CARTESIAN_POINT ( 'NONE',  ( -0.1249999999999999306, -1.442236917987798888E-17, 0.1125000000000000167 ) ) ;
#2329 = ORIENTED_EDGE ( 'NONE', *, *, #1630, .F. ) ;
#2330 = CARTESIAN_POINT ( 'NONE',  ( -0.03961204379081884053, -0.1063559202411426541, 0.4655264992960154169 ) ) ;
#2331 = CARTESIAN_POINT ( 'NONE',  ( 0.1249999999999999445, 5.279903274913875167E-17, 0.4437500000000000888 ) ) ;
#2332 = VERTEX_POINT ( 'NONE', #3206 ) ;
#2333 = CARTESIAN_POINT ( 'NONE',  ( 0.05177669529663694176, 0.1249999999999999584, 0.3468749999999999889 ) ) ;
#2334 = CARTESIAN_POINT ( 'NONE',  ( 0.08838834764831837720, -0.08838834764831844659, 0.08125000000000004441 ) ) ;
#2335 = CARTESIAN_POINT ( 'NONE',  ( 0.1249999999999999167, -0.05177669529663724707, 0.04062500000000000139 ) ) ;
#2336 = CARTESIAN_POINT ( 'NONE',  ( 0.09442855881954372033, -0.1638349478164232709, 0.7312500000000000666 ) ) ;
#2337 = CARTESIAN_POINT ( 'NONE',  ( -0.1249999999999999306, 7.418524311388855848E-17, 0.4125000000000000333 ) ) ;
#2338 = CARTESIAN_POINT ( 'NONE',  ( 0.1250000000000003331, 0.05177669529663653930, 0.2968749999999998890 ) ) ;
#2339 = CARTESIAN_POINT ( 'NONE',  ( -0.1249999999999999306, -2.919030456217241704E-17, 0.06250000000000001388 ) ) ;
#2340 = CARTESIAN_POINT ( 'NONE',  ( 0.09252404735808347769, -0.03832471526136873446, 0.3156250000000000444 ) ) ;
#2341 = CARTESIAN_POINT ( 'NONE',  ( -0.04907772852307398792, 0.1826198767901093256, 0.7500000000000000000 ) ) ;
#2342 = CARTESIAN_POINT ( 'NONE',  ( 0.09252404735808346381, 6.430274423532678142E-17, 0.4625000000000000777 ) ) ;
#2343 = CARTESIAN_POINT ( 'NONE',  ( 0.08838834764831839108, -0.08838834764831839108, 0.2875000000000000888 ) ) ;
#2344 = CARTESIAN_POINT ( 'NONE',  ( -0.05475602988872697863, -0.07663976687704289470, 0.7416207643691719031 ) ) ;
#2345 = EDGE_CURVE ( 'NONE', #3662, #630, #2680, .T. ) ;
#2346 = CARTESIAN_POINT ( 'NONE',  ( -0.09252404735808347769, -0.03832471526136870671, 0.1906250000000000444 ) ) ;
#2347 = CARTESIAN_POINT ( 'NONE',  ( -0.1037268387246767370, -0.1349256775392784213, 0.7500000000000001110 ) ) ;
#2348 = CARTESIAN_POINT ( 'NONE',  ( 0.1781249999999999223, 0.02331650778601854213, 0.5000000000000000000 ) ) ;
#2349 = CARTESIAN_POINT ( 'NONE',  ( 0.000000000000000000, 7.549139889267777477E-20, 0.000000000000000000 ) ) ;
#2350 = CARTESIAN_POINT ( 'NONE',  ( -0.09375000000000001388, -0.01821786802258765214, 0.7424104054571579736 ) ) ;
#2351 = CARTESIAN_POINT ( 'NONE',  ( 0.1874999999999999167, 1.151880944145276958E-17, 0.7312499999999998446 ) ) ;
#2352 = CARTESIAN_POINT ( 'NONE',  ( -0.08838834764831840496, -0.08838834764831832169, 0.4250000000000000444 ) ) ;
#2353 = DIRECTION ( 'NONE',  ( -1.000000000000000000, 0.000000000000000000, 0.000000000000000000 ) ) ;
#2354 = CARTESIAN_POINT ( 'NONE',  ( -0.09442855861383470106, 0.1638349479016229793, 0.7500000000000000000 ) ) ;
#2355 = CARTESIAN_POINT ( 'NONE',  ( 0.09252404735808344993, -0.03832471526136867895, 0.4593750000000000888 ) ) ;
#2356 = CARTESIAN_POINT ( 'NONE',  ( -0.1249999999999999722, 0.05177669529663690706, 0.3156249999999999889 ) ) ;
#2357 = CARTESIAN_POINT ( 'NONE',  ( 0.0006060562942523529516, 0.1053792684995787932, 0.01765751283269197808 ) ) ;
#2358 = CARTESIAN_POINT ( 'NONE',  ( 0.000000000000000000, 0.1250000000000000278, 0.4562499999999999889 ) ) ;
#2359 = EDGE_CURVE ( 'NONE', #921, #20, #1331, .T. ) ;
#2360 = ORIENTED_EDGE ( 'NONE', *, *, #3650, .F. ) ;
#2361 = CARTESIAN_POINT ( 'NONE',  ( 0.06542438130972610955, 0.06542438130972612342, 0.3687500000000000777 ) ) ;
#2362 = CARTESIAN_POINT ( 'NONE',  ( 0.06542438130972609567, -0.06542438130972612342, 0.1125000000000000305 ) ) ;
#2363 =( BOUNDED_SURFACE ( )  B_SPLINE_SURFACE ( 2, 3, ( 
 ( #127, #1939, #1602, #2449, #3366, #147, #402, #754, #2764, #3384, #2209, #1923, #1306, #3646, #3702, #2468, #1009, #2193, #2432, #713, #1324, #1043, #440, #1344, #461, #2487, #1658, #1957, #3681, #3107, #2814, #1268, #3628, #973 ),
 ( #2158, #799, #1061, #559, #1738, #1076, #2263, #2278, #2316, #2855, #831, #504, #3127, #3466, #1717, #3449, #3510, #1994, #2300, #1119, #813, #3150, #1383, #1442, #202, #183, #1424, #3719, #3486, #2583, #3780, #2246, #1760, #1698 ),
 ( #2605, #217, #1401, #852, #2875, #485, #1683, #2006, #2564, #3427, #2022, #3757, #3189, #2833, #543, #2039, #775, #1977, #3169, #523, #2545, #2896, #3210, #1365, #251, #3736, #1097, #3796, #234, #1138, #2529, #870, #581, #1540 ) ),
 .UNSPECIFIED., .F., .T., .F. ) 
 B_SPLINE_SURFACE_WITH_KNOTS ( ( 3, 3 ),
 ( 4, 2, 2, 2, 2, 2, 2, 2, 2, 2, 2, 2, 2, 2, 2, 2, 4 ),
 ( 0.000000000000000000, 1.000000000000000000 ),
 ( 0.000000000000000000, 0.3926990816987241395, 0.7853981633974482790, 1.178097245096172418, 1.570796326794896558, 1.963495408493620697, 2.356194490192344837, 2.748893571891068976, 3.141592653589793116, 3.534291735288517255, 3.926990816987241395, 4.319689898685965090, 4.712388980384689674, 5.105088062083414258, 5.497787143782137953, 5.890486225480861648, 6.283185307179586232 ),
 .UNSPECIFIED. ) 
 GEOMETRIC_REPRESENTATION_ITEM ( )  RATIONAL_B_SPLINE_SURFACE ( (
 ( 1.000000000000000000, 1.000000000000000000, 1.000000000000000000, 1.000000000000000000, 1.000000000000000000, 1.000000000000000000, 1.000000000000000000, 1.000000000000000000, 1.000000000000000000, 1.000000000000000000, 1.000000000000000000, 1.000000000000000000, 1.000000000000000000, 1.000000000000000000, 1.000000000000000000, 1.000000000000000000, 1.000000000000000000, 1.000000000000000000, 1.000000000000000000, 1.000000000000000000, 1.000000000000000000, 1.000000000000000000, 1.000000000000000000, 1.000000000000000000, 1.000000000000000000, 1.000000000000000000, 1.000000000000000000, 1.000000000000000000, 1.000000000000000000, 1.000000000000000000, 1.000000000000000000, 1.000000000000000000, 1.000000000000000000, 1.000000000000000000),
 ( 0.3333333333333334259, 0.3333333333333334259, 0.3333333333333334259, 0.3333333333333334259, 0.3333333333333334259, 0.3333333333333334259, 0.3333333333333334259, 0.3333333333333334259, 0.3333333333333334259, 0.3333333333333334259, 0.3333333333333334259, 0.3333333333333334259, 0.3333333333333334259, 0.3333333333333334259, 0.3333333333333334259, 0.3333333333333334259, 0.3333333333333334259, 0.3333333333333334259, 0.3333333333333334259, 0.3333333333333334259, 0.3333333333333334259, 0.3333333333333334259, 0.3333333333333334259, 0.3333333333333334259, 0.3333333333333334259, 0.3333333333333334259, 0.3333333333333334259, 0.3333333333333334259, 0.3333333333333333148, 0.3333333333333333148, 0.3333333333333334259, 0.3333333333333334259, 0.3333333333333334259, 0.3333333333333334259),
 ( 1.000000000000000000, 1.000000000000000000, 1.000000000000000000, 1.000000000000000000, 1.000000000000000000, 1.000000000000000000, 1.000000000000000000, 1.000000000000000000, 1.000000000000000000, 1.000000000000000000, 1.000000000000000000, 1.000000000000000000, 1.000000000000000000, 1.000000000000000000, 1.000000000000000000, 1.000000000000000000, 1.000000000000000000, 1.000000000000000000, 1.000000000000000000, 1.000000000000000000, 1.000000000000000000, 1.000000000000000000, 1.000000000000000000, 1.000000000000000000, 1.000000000000000000, 1.000000000000000000, 1.000000000000000000, 1.000000000000000000, 1.000000000000000000, 1.000000000000000000, 1.000000000000000000, 1.000000000000000000, 1.000000000000000000, 1.000000000000000000) ) ) 
 REPRESENTATION_ITEM ( '' )  SURFACE ( )  );
#2364 = CARTESIAN_POINT ( 'NONE',  ( -0.08495837654803030381, -0.1474597276623776931, 0.7499999999999998890 ) ) ;
#2365 = CARTESIAN_POINT ( 'NONE',  ( -0.1424406561679319172, -0.1094661346297755300, 0.5000000000000000000 ) ) ;
#2366 = ORIENTED_EDGE ( 'NONE', *, *, #609, .F. ) ;
#2367 = CARTESIAN_POINT ( 'NONE',  ( 0.000000000000000000, 0.000000000000000000, 0.000000000000000000 ) ) ;
#2368 = CARTESIAN_POINT ( 'NONE',  ( -0.09374999999999998612, 0.03651063298655463779, 0.7453696979674679923 ) ) ;
#2369 = CARTESIAN_POINT ( 'NONE',  ( 0.08838834764831840496, 0.08838834764831840496, 0.2937500000000000111 ) ) ;
#2370 = CARTESIAN_POINT ( 'NONE',  ( 0.1249999999999999306, -8.118700702825745592E-18, 0.2375000000000000167 ) ) ;
#2371 = DIRECTION ( 'NONE',  ( -1.000000000000000000, 0.000000000000000000, 0.000000000000000000 ) ) ;
#2372 = CARTESIAN_POINT ( 'NONE',  ( -0.06542438130972610955, -0.06542438130972610955, 0.1500000000000000222 ) ) ;
#2373 = CARTESIAN_POINT ( 'NONE',  ( -0.09252404735808346381, 7.958063223242654112E-17, 0.4375000000000000555 ) ) ;
#2374 = CARTESIAN_POINT ( 'NONE',  ( -0.02454369238353786009, -0.1874999999999999445, 0.7312499999999998446 ) ) ;
#2375 = CARTESIAN_POINT ( 'NONE',  ( -0.1638349479016299182, 0.09442855861383646354, 0.7312499999999998446 ) ) ;
#2376 = EDGE_CURVE ( 'NONE', #1338, #958, #1116, .T. ) ;
#2377 = CONICAL_SURFACE ( 'NONE', #714, 0.1082531754730549772, 1.047197551196600074 ) ;
#2378 = CARTESIAN_POINT ( 'NONE',  ( -1.530808498934190893E-17, -0.1249999999999999306, 0.1750000000000000444 ) ) ;
#2379 = B_SPLINE_CURVE_WITH_KNOTS ( 'NONE', 3,
 ( #219, #832, #3429, #487, #2898, #1402, #2816, #185, #3759, #777, #1959, #2512, #1385, #1098, #2530, #755, #463, #1063 ),
 .UNSPECIFIED., .F., .F.,
 ( 4, 2, 2, 2, 2, 2, 2, 2, 4 ),
 ( 1.141377069289023307E-17, 0.0006118946359684290489, 0.001223789271936846822, 0.001835683907905264704, 0.002447578543873682368, 0.003059473179842100467, 0.003671367815810518565, 0.004283262451778937531, 0.004895157087747356063 ),
 .UNSPECIFIED. ) ;
#2380 = VERTEX_POINT ( 'NONE', #827 ) ;
#2381 = CARTESIAN_POINT ( 'NONE',  ( -0.06542438130972608179, 0.06542438130972610955, 0.2312500000000000389 ) ) ;
#2382 = AXIS2_PLACEMENT_3D ( 'NONE', #2023, #1160, #9 ) ;
#2383 =( BOUNDED_CURVE ( )  B_SPLINE_CURVE ( 2, ( #1241, #1862, #346, #963, #1555 ),
 .UNSPECIFIED., .F., .F. ) 
 B_SPLINE_CURVE_WITH_KNOTS ( ( 3, 2, 3 ),
 ( 0.8409090909090909394, 0.8522727272727272929, 0.8584014290253827451 ),
 .UNSPECIFIED. ) 
 CURVE ( )  GEOMETRIC_REPRESENTATION_ITEM ( )  RATIONAL_B_SPLINE_CURVE ( ( 1.000000000000000000, 0.9238795325112867385, 1.000000000000000000, 0.9589462714590293313, 0.9621752091369862869 ) ) 
 REPRESENTATION_ITEM ( '' )  );
#2384 = CARTESIAN_POINT ( 'NONE',  ( 0.08838834764831837720, -0.08838834764831843271, 0.1312500000000000611 ) ) ;
#2385 = CIRCLE ( 'NONE', #1219, 0.01875000000000000625 ) ;
#2386 = CARTESIAN_POINT ( 'NONE',  ( -0.04419728187518791318, -0.1643496145601811564, 0.7499999999999997780 ) ) ;
#2387 = CARTESIAN_POINT ( 'NONE',  ( -0.1094661346297747945, -0.1424406561679326666, 0.5000000000000000000 ) ) ;
#2388 = ORIENTED_EDGE ( 'NONE', *, *, #40, .T. ) ;
#2389 = CARTESIAN_POINT ( 'NONE',  ( -0.08838834764831840496, -0.08838834764831836333, 0.3250000000000000666 ) ) ;
#2390 =( BOUNDED_CURVE ( )  B_SPLINE_CURVE ( 2, ( #1786, #29, #2352, #1242, #2660, #3529, #2056, #268, #2702 ),
 .UNSPECIFIED., .F., .F. ) 
 B_SPLINE_CURVE_WITH_KNOTS ( ( 3, 2, 2, 2, 3 ),
 ( 0.8409090909090909394, 0.8522727272727272929, 0.8636363636363636465, 0.8750000000000000000, 0.8863636363636363535 ),
 .UNSPECIFIED. ) 
 CURVE ( )  GEOMETRIC_REPRESENTATION_ITEM ( )  RATIONAL_B_SPLINE_CURVE ( ( 1.000000000000000000, 0.9238795325112867385, 1.000000000000000000, 0.9238795325112867385, 1.000000000000000000, 0.9238795325112867385, 1.000000000000000000, 0.9238795325112867385, 1.000000000000000000 ) ) 
 REPRESENTATION_ITEM ( '' )  );
#2391 = EDGE_CURVE ( 'NONE', #416, #1634, #2601, .T. ) ;
#2392 = DIRECTION ( 'NONE',  ( 1.000000000000000000, 0.000000000000000000, 0.000000000000000000 ) ) ;
#2393 = CARTESIAN_POINT ( 'NONE',  ( 0.09252404735808344993, 0.03832471526136870671, 0.1156250000000000194 ) ) ;
#2394 = FACE_OUTER_BOUND ( 'NONE', #1843, .T. ) ;
#2395 = CARTESIAN_POINT ( 'NONE',  ( -0.06542438130972610955, -0.06542438130972613730, 0.05000000000000002359 ) ) ;
#2396 = CARTESIAN_POINT ( 'NONE',  ( 0.09252404735808346381, 7.907067961762119417E-17, 0.5125000000000000666 ) ) ;
#2397 = CARTESIAN_POINT ( 'NONE',  ( 0.1249999999999999584, 0.05177669529663694176, 0.3468749999999999889 ) ) ;
#2398 = CARTESIAN_POINT ( 'NONE',  ( 0.05177669529663694870, 0.1249999999999999167, 0.1031249999999999806 ) ) ;
#2399 = CARTESIAN_POINT ( 'NONE',  ( -0.06290549989091979988, -0.07193466817752458553, 0.6244508330878952851 ) ) ;
#2400 = CARTESIAN_POINT ( 'NONE',  ( -0.08838834764831837720, 0.08838834764831840496, 0.2562499999999999778 ) ) ;
#2401 = CARTESIAN_POINT ( 'NONE',  ( 0.03832471526136876916, 0.09252404735808347769, 0.2718749999999999778 ) ) ;
#2402 = CARTESIAN_POINT ( 'NONE',  ( 0.03832471526136869977, -0.09252404735808351932, 0.1593750000000000722 ) ) ;
#2403 = CARTESIAN_POINT ( 'NONE',  ( -0.08838834764831837720, 0.08838834764831839108, 0.1562499999999999722 ) ) ;
#2404 = CARTESIAN_POINT ( 'NONE',  ( 0.09252404735808347769, -0.03832471526136876222, 0.2156250000000000111 ) ) ;
#2405 = CARTESIAN_POINT ( 'NONE',  ( 9.049246479012871048E-16, -0.1082531754730551021, 0.7499999999999998890 ) ) ;
#2406 = CARTESIAN_POINT ( 'NONE',  ( -0.1638349478928995961, 0.09442855863491583790, 0.5000000000000000000 ) ) ;
#2407 = ORIENTED_EDGE ( 'NONE', *, *, #2428, .F. ) ;
#2408 = CARTESIAN_POINT ( 'NONE',  ( -0.1249999999999999584, -0.05177669529663680992, 0.3218750000000000222 ) ) ;
#2409 = CARTESIAN_POINT ( 'NONE',  ( 0.000000000000000000, 0.1874999999999999167, 0.7499999999999998890 ) ) ;
#2410 = DIRECTION ( 'NONE',  ( -0.000000000000000000, -0.000000000000000000, -1.000000000000000000 ) ) ;
#2411 = CARTESIAN_POINT ( 'NONE',  ( 0.000000000000000000, 0.09252404735808344993, 0.1249999999999999584 ) ) ;
#2412 =( BOUNDED_SURFACE ( )  B_SPLINE_SURFACE ( 2, 3, ( 
 ( #2273, #246, #3791, #2846, #3499, #1950, #1090, #807, #516, #1954, #3105, #3777, #1678, #1341, #3464, #750, #2223, #3732, #480, #2505, #1378, #795, #436, #3124, #2526, #2810, #2849, #3753, #3423, #3698, #2542, #1040, #213, #3446 ),
 ( #1714, #811, #1074, #772, #1991, #232, #3400, #2871, #1117, #455, #2295, #1399, #2558, #1094, #179, #1653, #1695, #1361, #1973, #3717, #1420, #2003, #3166, #3483, #1059, #828, #519, #199, #3146, #2259, #501, #2580, #3085, #1637 ),
 ( #2794, #160, #2036, #1780, #5, #1536, #2134, #1881, #1575, #2825, #3441, #1691, #789, #3139, #2844, #2000, #3161, #514, #1706, #1414, #3376, #3769, #319, #2614, #3538, #3554, #1731, #2947, #66, #3520, #2375, #1448, #1486, #58 ) ),
 .UNSPECIFIED., .F., .T., .T. ) 
 B_SPLINE_SURFACE_WITH_KNOTS ( ( 3, 3 ),
 ( 4, 2, 2, 2, 2, 2, 2, 2, 2, 2, 2, 2, 2, 2, 2, 2, 4 ),
 ( 0.000000000000000000, 1.000000000000000000 ),
 ( -3.141592653589793116, -2.748893571891068976, -2.356194490192344837, -1.963495408493620697, -1.570796326794896558, -1.178097245096172418, -0.7853981633974482790, -0.3926990816987241395, 0.000000000000000000, 0.3926990816987241395, 0.7853981633974482790, 1.178097245096172418, 1.570796326794896558, 1.963495408493620697, 2.356194490192344837, 2.748893571891068976, 3.141592653589793116 ),
 .UNSPECIFIED. ) 
 GEOMETRIC_REPRESENTATION_ITEM ( )  RATIONAL_B_SPLINE_SURFACE ( (
 ( 1.000000000000000000, 1.000000000000000000, 1.000000000000000000, 1.000000000000000000, 1.000000000000000000, 1.000000000000000000, 1.000000000000000000, 1.000000000000000000, 1.000000000000000000, 1.000000000000000000, 1.000000000000000000, 1.000000000000000000, 1.000000000000000000, 1.000000000000000000, 1.000000000000000000, 1.000000000000000000, 1.000000000000000000, 1.000000000000000000, 1.000000000000000000, 1.000000000000000000, 1.000000000000000000, 1.000000000000000000, 1.000000000000000000, 1.000000000000000000, 1.000000000000000000, 1.000000000000000000, 1.000000000000000000, 1.000000000000000000, 1.000000000000000000, 1.000000000000000000, 1.000000000000000000, 1.000000000000000000, 1.000000000000000000, 1.000000000000000000),
 ( 0.3333333333333333148, 0.3333333333333333148, 0.3333333333333333148, 0.3333333333333333148, 0.3333333333333333148, 0.3333333333333333148, 0.3333333333333333148, 0.3333333333333333148, 0.3333333333333333148, 0.3333333333333333148, 0.3333333333333333148, 0.3333333333333333148, 0.3333333333333333148, 0.3333333333333333148, 0.3333333333333333148, 0.3333333333333333148, 0.3333333333333333148, 0.3333333333333333148, 0.3333333333333333148, 0.3333333333333333148, 0.3333333333333333148, 0.3333333333333333148, 0.3333333333333333148, 0.3333333333333333148, 0.3333333333333333148, 0.3333333333333333148, 0.3333333333333333148, 0.3333333333333333148, 0.3333333333333333148, 0.3333333333333333148, 0.3333333333333333148, 0.3333333333333333148, 0.3333333333333333148, 0.3333333333333333148),
 ( 1.000000000000000000, 1.000000000000000000, 1.000000000000000000, 1.000000000000000000, 1.000000000000000000, 1.000000000000000000, 1.000000000000000000, 1.000000000000000000, 1.000000000000000000, 1.000000000000000000, 1.000000000000000000, 1.000000000000000000, 1.000000000000000000, 1.000000000000000000, 1.000000000000000000, 1.000000000000000000, 1.000000000000000000, 1.000000000000000000, 1.000000000000000000, 1.000000000000000000, 1.000000000000000000, 1.000000000000000000, 1.000000000000000000, 1.000000000000000000, 1.000000000000000000, 1.000000000000000000, 1.000000000000000000, 1.000000000000000000, 1.000000000000000000, 1.000000000000000000, 1.000000000000000000, 1.000000000000000000, 1.000000000000000000, 1.000000000000000000) ) ) 
 REPRESENTATION_ITEM ( '' )  SURFACE ( )  );
#2413 = CARTESIAN_POINT ( 'NONE',  ( 0.09252404735808347769, 0.03832471526136872059, 0.1218749999999999972 ) ) ;
#2414 = CARTESIAN_POINT ( 'NONE',  ( -0.09252404735808350544, 0.03832471526136881773, 0.4906249999999999778 ) ) ;
#2415 = CARTESIAN_POINT ( 'NONE',  ( 0.1249999999999999445, 0.05177669529663690706, 0.2468750000000000389 ) ) ;
#2416 = CARTESIAN_POINT ( 'NONE',  ( 0.1152275101527357876, -0.1499375327922194689, 0.7312499999999998446 ) ) ;
#2417 = CARTESIAN_POINT ( 'NONE',  ( 0.1249999999999999445, 5.279903274913875167E-17, 0.4437500000000000888 ) ) ;
#2418 = CARTESIAN_POINT ( 'NONE',  ( -1.133092784412350307E-17, -0.09252404735808338054, 0.5000000000000001110 ) ) ;
#2419 = CARTESIAN_POINT ( 'NONE',  ( 0.03832471526136877610, 0.09252404735808344993, 0.1781250000000000056 ) ) ;
#2420 = CARTESIAN_POINT ( 'NONE',  ( -0.05177669529663686543, 0.1249999999999999861, 0.3031249999999999778 ) ) ;
#2421 = CARTESIAN_POINT ( 'NONE',  ( -0.1687499999999999001, 0.02208932314516318454, 0.7499999999999998890 ) ) ;
#2422 = ORIENTED_EDGE ( 'NONE', *, *, #3245, .F. ) ;
#2423 = CARTESIAN_POINT ( 'NONE',  ( 0.1499375328083512871, -0.1152275101366039001, 0.5000000000000000000 ) ) ;
#2424 = ORIENTED_EDGE ( 'NONE', *, *, #61, .T. ) ;
#2425 = CARTESIAN_POINT ( 'NONE',  ( -0.1499375329496587528, 0.1152275099952965315, 0.7312499999999998446 ) ) ;
#2426 = CARTESIAN_POINT ( 'NONE',  ( 0.1249999999999999167, 0.05177669529663687931, 0.1406250000000000000 ) ) ;
#2427 = CARTESIAN_POINT ( 'NONE',  ( -0.09252404735808346381, -3.856285082592883482E-17, 0.03749999999999999861 ) ) ;
#2428 = EDGE_CURVE ( 'NONE', #1770, #1720, #3317, .T. ) ;
#2429 = CARTESIAN_POINT ( 'NONE',  ( 0.09252404735808347769, -0.03832471526136878998, 0.1156250000000000333 ) ) ;
#2430 = CARTESIAN_POINT ( 'NONE',  ( -0.05177669529663687931, -0.1249999999999999167, 0.2718750000000000333 ) ) ;
#2431 = CARTESIAN_POINT ( 'NONE',  ( -0.1874999999999999167, 0.02454369238351464949, 0.7500000000000000000 ) ) ;
#2432 = CARTESIAN_POINT ( 'NONE',  ( 0.1734888829588974724, -0.04662384207688800852, 0.5000000000000000000 ) ) ;
#2433 = DIRECTION ( 'NONE',  ( -0.000000000000000000, -0.000000000000000000, -1.000000000000000000 ) ) ;
#2434 = ADVANCED_FACE ( 'NONE', ( #3583 ), #3654, .T. ) ;
#2435 = CARTESIAN_POINT ( 'NONE',  ( 0.09252404735808346381, 4.953480885303234402E-17, 0.4125000000000000333 ) ) ;
#2436 = VECTOR ( 'NONE', #174, 39.37007874015748143 ) ;
#2437 = CARTESIAN_POINT ( 'NONE',  ( 0.08838834764831840496, 0.08838834764831843271, 0.3437500000000000555 ) ) ;
#2438 = AXIS2_PLACEMENT_3D ( 'NONE', #1740, #2229, #2280 ) ;
#2439 = CARTESIAN_POINT ( 'NONE',  ( -0.1499375328083491221, 0.1152275101366060650, 0.5093750000000000222 ) ) ;
#2440 = ORIENTED_EDGE ( 'NONE', *, *, #899, .F. ) ;
#2441 = CARTESIAN_POINT ( 'NONE',  ( -0.08838834764831839108, 0.08838834764831847435, 0.4124999999999999778 ) ) ;
#2442 = CARTESIAN_POINT ( 'NONE',  ( 0.1249999999999999306, -3.765457146741459112E-17, 0.1375000000000000111 ) ) ;
#2443 = CARTESIAN_POINT ( 'NONE',  ( 0.03832471526136876916, 0.09252404735808346381, 0.2718749999999999778 ) ) ;
#2444 = CARTESIAN_POINT ( 'NONE',  ( -0.09442855881954359543, -0.1638349478164231876, 0.5093749999999999112 ) ) ;
#2445 = CARTESIAN_POINT ( 'NONE',  ( 0.09252404735808347769, 0.03832471526136873446, 0.1718750000000000278 ) ) ;
#2446 = CARTESIAN_POINT ( 'NONE',  ( 0.007663316585628025986, 0.1038287575794573508, 0.6302580611380931286 ) ) ;
#2447 = ORIENTED_EDGE ( 'NONE', *, *, #899, .T. ) ;
#2448 = EDGE_LOOP ( 'NONE', ( #1223, #606, #2501, #1539 ) ) ;
#2449 = CARTESIAN_POINT ( 'NONE',  ( -0.1556432004982551409, 0.08970713070317130888, 0.5000000000000000000 ) ) ;
#2450 = CARTESIAN_POINT ( 'NONE',  ( 0.03832471526136877610, 0.09252404735808351932, 0.4281250000000000333 ) ) ;
#2451 = ADVANCED_FACE ( 'NONE', ( #1880 ), #1537, .F. ) ;
#2452 = CARTESIAN_POINT ( 'NONE',  ( 0.1249999999999999306, -8.118700702825745592E-18, 0.2375000000000000167 ) ) ;
#2453 = CARTESIAN_POINT ( 'NONE',  ( -0.06542438130972608179, 0.06542438130972606791, 0.1312499999999999778 ) ) ;
#2454 = CARTESIAN_POINT ( 'NONE',  ( 0.06542438130972608179, -0.06542438130972604016, 0.4062500000000000000 ) ) ;
#2455 = CARTESIAN_POINT ( 'NONE',  ( -0.06542438130972609567, 0.06542438130972613730, 0.2874999999999999778 ) ) ;
#2456 = EDGE_CURVE ( 'NONE', #2714, #3304, #2801, .T. ) ;
#2457 = CARTESIAN_POINT ( 'NONE',  ( -0.05177669529663686543, 0.1249999999999999722, 0.2031249999999999445 ) ) ;
#2458 = CARTESIAN_POINT ( 'NONE',  ( -0.1874999999999999167, 7.549139889267777477E-20, 0.5093750000000000222 ) ) ;
#2459 = CARTESIAN_POINT ( 'NONE',  ( 0.03781162722858850272, -0.1167768846349949985, 0.03510741210117966637 ) ) ;
#2460 = DIRECTION ( 'NONE',  ( 1.000000000000000000, 0.000000000000000000, 0.000000000000000000 ) ) ;
#2461 = CARTESIAN_POINT ( 'NONE',  ( 0.09252404735808347769, -0.03832471526136874140, 0.2656250000000000000 ) ) ;
#2462 = ORIENTED_EDGE ( 'NONE', *, *, #1255, .F. ) ;
#2463 = CARTESIAN_POINT ( 'NONE',  ( -0.08838834764831837720, 0.08838834764831839108, 0.1562499999999999722 ) ) ;
#2464 = CARTESIAN_POINT ( 'NONE',  ( 0.09252404735808344993, -0.03832471526136876222, 0.2093750000000000611 ) ) ;
#2465 = CARTESIAN_POINT ( 'NONE',  ( -0.03832471526136872059, 0.09252404735808351932, 0.2843749999999999889 ) ) ;
#2466 = CARTESIAN_POINT ( 'NONE',  ( -0.1643578891110971663, -0.04416995567076274082, 0.7499999999999998890 ) ) ;
#2467 = CARTESIAN_POINT ( 'NONE',  ( -0.1249999999999999584, -0.05177669529663688625, 0.07187500000000002220 ) ) ;
#2468 = CARTESIAN_POINT ( 'NONE',  ( 0.1734888829588972503, 0.04662384207688850118, 0.5000000000000000000 ) ) ;
#2469 = CARTESIAN_POINT ( 'NONE',  ( 0.09148493824647065120, -0.02913194127217939508, 0.008221910296186600228 ) ) ;
#2470 = CARTESIAN_POINT ( 'NONE',  ( -0.03832471526136872059, -0.09252404735808351932, 0.04687500000000003469 ) ) ;
#2471 = CARTESIAN_POINT ( 'NONE',  ( 0.03832471526136876916, 0.09252404735808351932, 0.4218750000000000555 ) ) ;
#2472 = CARTESIAN_POINT ( 'NONE',  ( 0.09252404735808346381, -0.03832471526136874140, 0.2656250000000000000 ) ) ;
#2473 = CARTESIAN_POINT ( 'NONE',  ( 0.05177669529663694176, 0.1249999999999999584, 0.2968750000000000000 ) ) ;
#2474 = ADVANCED_FACE ( 'NONE', ( #3011, #3025 ), #614, .T. ) ;
#2475 = EDGE_LOOP ( 'NONE', ( #1147, #302, #3418, #378 ) ) ;
#2476 = CARTESIAN_POINT ( 'NONE',  ( -0.1638349478928978753, 0.09442855863491764201, 0.5093750000000000222 ) ) ;
#2477 = CARTESIAN_POINT ( 'NONE',  ( 0.1152275099952965315, 0.1499375329496587250, 0.7312500000000000666 ) ) ;
#2478 = CARTESIAN_POINT ( 'NONE',  ( -0.08844164206122161198, -0.07639764790790469495, 0.02922403869644669971 ) ) ;
#2479 = CARTESIAN_POINT ( 'NONE',  ( 0.06542438130972610955, 0.06542438130972610955, 0.2750000000000000222 ) ) ;
#2480 = ORIENTED_EDGE ( 'NONE', *, *, #2717, .F. ) ;
#2481 = CARTESIAN_POINT ( 'NONE',  ( 0.1249999999999999306, 3.618510544405751576E-17, 0.3875000000000000111 ) ) ;
#2482 = CARTESIAN_POINT ( 'NONE',  ( 0.06542438130972610955, 0.06542438130972612342, 0.3687500000000000777 ) ) ;
#2483 = CARTESIAN_POINT ( 'NONE',  ( -0.1874999999999998890, -0.02454369260617028994, 0.5093750000000000222 ) ) ;
#2484 = CARTESIAN_POINT ( 'NONE',  ( -0.06542438130972609567, 0.06542438130972617893, 0.4375000000000000000 ) ) ;
#2485 = CARTESIAN_POINT ( 'NONE',  ( -0.03832471526136872753, -0.09252404735808344993, 0.3031250000000000333 ) ) ;
#2486 =( BOUNDED_CURVE ( )  B_SPLINE_CURVE ( 2, ( #499, #2600, #1735, #518, #2293, #3481, #826, #1136, #3103 ),
 .UNSPECIFIED., .F., .F. ) 
 B_SPLINE_CURVE_WITH_KNOTS ( ( 3, 2, 2, 2, 3 ),
 ( 0.6590909090909090606, 0.6704545454545454142, 0.6818181818181817677, 0.6931818181818182323, 0.7045454545454545858 ),
 .UNSPECIFIED. ) 
 CURVE ( )  GEOMETRIC_REPRESENTATION_ITEM ( )  RATIONAL_B_SPLINE_CURVE ( ( 1.000000000000000000, 0.9238795325112867385, 1.000000000000000000, 0.9238795325112867385, 1.000000000000000000, 0.9238795325112867385, 1.000000000000000000, 0.9238795325112867385, 1.000000000000000000 ) ) 
 REPRESENTATION_ITEM ( '' )  );
#2487 = CARTESIAN_POINT ( 'NONE',  ( -0.02331650778601883009, -0.1781249999999999223, 0.5000000000000000000 ) ) ;
#2488 = CARTESIAN_POINT ( 'NONE',  ( 0.03921503612455914251, -0.08380262693537948726, 0.4534921628294172335 ) ) ;
#2489 = FACE_OUTER_BOUND ( 'NONE', #1728, .T. ) ;
#2490 = CARTESIAN_POINT ( 'NONE',  ( 0.06542438130972608179, -0.06542438130972613730, 0.05625000000000001527 ) ) ;
#2491 = CARTESIAN_POINT ( 'NONE',  ( -0.09252404735808347769, -0.03832471526136865120, 0.3906250000000000000 ) ) ;
#2492 = EDGE_CURVE ( 'NONE', #3101, #2129, #261, .T. ) ;
#2493 = CARTESIAN_POINT ( 'NONE',  ( -1.133092784412350615E-17, -0.09252404735808346381, 0.2562500000000000888 ) ) ;
#2494 = CARTESIAN_POINT ( 'NONE',  ( 0.05177669529663694176, 0.1249999999999999167, 0.2468749999999999833 ) ) ;
#2495 = VERTEX_POINT ( 'NONE', #948 ) ;
#2496 = CARTESIAN_POINT ( 'NONE',  ( 0.05177669529663683767, -0.1250000000000000000, 0.1843750000000000389 ) ) ;
#2497 = CARTESIAN_POINT ( 'NONE',  ( -0.08838834764831839108, 0.08838834764831839108, 0.1124999999999999750 ) ) ;
#2498 = CARTESIAN_POINT ( 'NONE',  ( 0.003061455531566714509, -0.1212602372696411634, 0.03365729822108034369 ) ) ;
#2499 = AXIS2_PLACEMENT_3D ( 'NONE', #2281, #3489, #2008 ) ;
#2500 = CARTESIAN_POINT ( 'NONE',  ( 0.07024530954455651677, -0.06489313690620927833, 0.4550249365388544520 ) ) ;
#2501 = ORIENTED_EDGE ( 'NONE', *, *, #404, .T. ) ;
#2502 = ORIENTED_EDGE ( 'NONE', *, *, #2623, .T. ) ;
#2503 = CYLINDRICAL_SURFACE ( 'NONE', #1287, 0.1249999999999999306 ) ;
#2504 = CARTESIAN_POINT ( 'NONE',  ( 0.000000000000000000, 0.09252404735808350544, 0.3250000000000000111 ) ) ;
#2505 = CARTESIAN_POINT ( 'NONE',  ( 0.1474514531114655969, 0.08498570275245494188, 0.7499999999999998890 ) ) ;
#2506 = EDGE_CURVE ( 'NONE', #522, #2665, #2519, .T. ) ;
#2507 = CARTESIAN_POINT ( 'NONE',  ( 0.03832471526136877610, 0.09252404735808347769, 0.2281250000000000222 ) ) ;
#2508 = CARTESIAN_POINT ( 'NONE',  ( 0.1003483722808132389, -1.719687659956058171E-14, 0.4579826238996337340 ) ) ;
#2509 = CARTESIAN_POINT ( 'NONE',  ( -1.530808498934190893E-17, -0.1249999999999999861, 0.08125000000000005829 ) ) ;
#2510 = VECTOR ( 'NONE', #1976, 39.37007874015748854 ) ;
#2511 = LINE ( 'NONE', #735, #473 ) ;
#2512 = CARTESIAN_POINT ( 'NONE',  ( 0.09976521464588078425, -0.05784808169441894854, 0.02755735962327968136 ) ) ;
#2513 = CARTESIAN_POINT ( 'NONE',  ( -0.06542438130972608179, 0.06542438130972602628, -0.01875000000000002359 ) ) ;
#2514 = CARTESIAN_POINT ( 'NONE',  ( 0.03832471526136869977, -0.09252404735808351932, 0.1593750000000000444 ) ) ;
#2515 = CARTESIAN_POINT ( 'NONE',  ( 0.06542438130972610955, 0.06542438130972617893, 0.5250000000000000222 ) ) ;
#2516 = CARTESIAN_POINT ( 'NONE',  ( -0.1249999999999999722, 0.05177669529663682380, 0.01562499999999998612 ) ) ;
#2517 = CARTESIAN_POINT ( 'NONE',  ( -0.09252404735808350544, 0.03832471526136872059, 0.1906250000000000444 ) ) ;
#2518 = CARTESIAN_POINT ( 'NONE',  ( -0.1249999999999999584, 0.05177669529663694870, 0.4593750000000000888 ) ) ;
#2519 = B_SPLINE_CURVE_WITH_KNOTS ( 'NONE', 3,
 ( #2133, #119, #1554, #1895, #2425, #3622, #962, #1297, #1948, #1613, #3727, #3375, #2477, #1354, #745, #2772, #1647, #1050 ),
 .UNSPECIFIED., .F., .F.,
 ( 4, 2, 2, 2, 2, 2, 2, 2, 4 ),
 ( 0.000000000000000000, 0.06250000000000004163, 0.1250000000000000555, 0.1875000000000000833, 0.2500000000000001110, 0.3125000000000001110, 0.3750000000000000555, 0.4375000000000000555, 0.5000000000000000000 ),
 .UNSPECIFIED. ) ;
#2520 = CARTESIAN_POINT ( 'NONE',  ( -0.03832471526136870671, 0.09252404735808347769, 0.1781249999999999778 ) ) ;
#2521 = DIRECTION ( 'NONE',  ( -1.000000000000000000, 0.000000000000000000, 0.000000000000000000 ) ) ;
#2522 = CARTESIAN_POINT ( 'NONE',  ( 0.1249999999999999445, 3.803109736684431427E-17, 0.3937500000000000444 ) ) ;
#2523 = ORIENTED_EDGE ( 'NONE', *, *, #1336, .T. ) ;
#2524 = CARTESIAN_POINT ( 'NONE',  ( -0.01984147852290712652, -0.09057381949200481175, 0.4534921628294172335 ) ) ;
#2525 = CARTESIAN_POINT ( 'NONE',  ( 0.09252404735808346381, 5.231002706149078048E-18, 0.2625000000000000111 ) ) ;
#2526 = CARTESIAN_POINT ( 'NONE',  ( 0.02208932314516317066, 0.1687499999999999001, 0.7499999999999998890 ) ) ;
#2527 = CARTESIAN_POINT ( 'NONE',  ( 0.09252404735808347769, -0.03832471526136874140, 0.2656250000000000000 ) ) ;
#2528 = CARTESIAN_POINT ( 'NONE',  ( 0.1003483722808132389, -1.719687659956058171E-14, 0.4579826238996337340 ) ) ;
#2529 = CARTESIAN_POINT ( 'NONE',  ( -0.1638349478928960157, -0.09442855863492201351, 0.5093750000000000222 ) ) ;
#2530 = CARTESIAN_POINT ( 'NONE',  ( 0.1164611152716517189, -0.03080398972712194983, 0.03270787163495861988 ) ) ;
#2531 = CYLINDRICAL_SURFACE ( 'NONE', #1404, 0.1299999999999999489 ) ;
#2532 = CARTESIAN_POINT ( 'NONE',  ( -0.03832471526136872059, -0.09252404735808350544, 0.1468750000000000888 ) ) ;
#2533 = CARTESIAN_POINT ( 'NONE',  ( -1.530808498934190893E-17, -0.1250000000000000000, 0.03125000000000003469 ) ) ;
#2534 = CARTESIAN_POINT ( 'NONE',  ( -0.06542438130972610955, -0.06542438130972606791, 0.3000000000000000999 ) ) ;
#2535 = CARTESIAN_POINT ( 'NONE',  ( 0.05177669529663683073, -0.1249999999999998890, 0.4281250000000000888 ) ) ;
#2536 = CARTESIAN_POINT ( 'NONE',  ( -0.09252404735808347769, -0.03832471526136873446, 0.09062499999999999722 ) ) ;
#2537 = CARTESIAN_POINT ( 'NONE',  ( -0.09252404735808347769, -5.148479428543645521E-17, -0.006250000000000003816 ) ) ;
#2538 = VERTEX_POINT ( 'NONE', #139 ) ;
#2539 = CARTESIAN_POINT ( 'NONE',  ( 0.08838834764831840496, 0.08838834764831846047, 0.4437500000000000333 ) ) ;
#2540 = DIRECTION ( 'NONE',  ( -0.000000000000000000, -0.000000000000000000, -1.000000000000000000 ) ) ;
#2541 = CARTESIAN_POINT ( 'NONE',  ( -0.04907772831736501029, 0.1826198768753090895, 0.5093749999999999112 ) ) ;
#2542 = CARTESIAN_POINT ( 'NONE',  ( -0.1474514531114715088, 0.08498570275245259653, 0.7499999999999998890 ) ) ;
#2543 = CARTESIAN_POINT ( 'NONE',  ( 0.03832471526136877610, 0.09252404735808351932, 0.3781250000000001554 ) ) ;
#2544 = CARTESIAN_POINT ( 'NONE',  ( -0.1249999999999999445, 4.649536427208650068E-17, 0.3187500000000000333 ) ) ;
#2545 = CARTESIAN_POINT ( 'NONE',  ( 0.1499375328083513148, -0.1152275101366039278, 0.5093750000000000222 ) ) ;
#2546 = CARTESIAN_POINT ( 'NONE',  ( -0.1781249999999999223, 3.774569944633888739E-20, 0.5000000000000000000 ) ) ;
#2547 = CARTESIAN_POINT ( 'NONE',  ( -0.08838834764831839108, -0.08838834764831840496, 0.06875000000000003331 ) ) ;
#2548 = CARTESIAN_POINT ( 'NONE',  ( -0.03832471526136870671, 0.09252404735808347769, 0.1781249999999999778 ) ) ;
#2549 = CARTESIAN_POINT ( 'NONE',  ( 0.08838834764831843271, 0.08838834764831833557, 0.04999999999999998196 ) ) ;
#2550 = CARTESIAN_POINT ( 'NONE',  ( -0.08838834764831839108, -0.08838834764831830781, 0.4187500000000000111 ) ) ;
#2551 = ADVANCED_FACE ( 'NONE', ( #1987 ), #430, .T. ) ;
#2552 = CARTESIAN_POINT ( 'NONE',  ( 0.03832471526136876916, 0.09252404735808340830, 0.02187499999999997780 ) ) ;
#2553 = B_SPLINE_CURVE_WITH_KNOTS ( 'NONE', 3,
 ( #2848, #2894, #3444, #1115, #1073, #3715, #2557, #2275, #198, #249, #2541, #2869, #230, #1092, #2258, #1990, #2019, #3144 ),
 .UNSPECIFIED., .F., .F.,
 ( 4, 2, 2, 2, 2, 2, 2, 2, 4 ),
 ( 0.5000000000000000000, 0.5625000000000000000, 0.6250000000000000000, 0.6875000000000000000, 0.7500000000000000000, 0.8125000000000000000, 0.8750000000000000000, 0.9375000000000000000, 1.000000000000000000 ),
 .UNSPECIFIED. ) ;
#2554 = DIRECTION ( 'NONE',  ( -0.000000000000000000, -0.000000000000000000, 1.000000000000000000 ) ) ;
#2555 = CARTESIAN_POINT ( 'NONE',  ( -0.04665116836560534441, 0.1734806085819671218, 0.4999999999999999445 ) ) ;
#2556 = DIRECTION ( 'NONE',  ( 0.8660254037844397068, 0.000000000000000000, 0.4999999999999979461 ) ) ;
#2557 = CARTESIAN_POINT ( 'NONE',  ( 0.09442855881954360930, 0.1638349478164232709, 0.5093750000000000222 ) ) ;
#2558 = CARTESIAN_POINT ( 'NONE',  ( 0.1152275101527381329, -0.1499375327922170820, 0.7500000000000000000 ) ) ;
#2559 = VECTOR ( 'NONE', #3649, 39.37007874015748143 ) ;
#2560 = CARTESIAN_POINT ( 'NONE',  ( -0.03832471526136872753, -0.09252404735808343605, 0.4031250000000000666 ) ) ;
#2561 = CARTESIAN_POINT ( 'NONE',  ( -0.001327263109716860781, 0.1115084669522550531, 0.4642566010190751769 ) ) ;
#2562 = B_SPLINE_CURVE_WITH_KNOTS ( 'NONE', 3,
 ( #867, #3508, #2620, #2642, #886, #307 ),
 .UNSPECIFIED., .F., .F.,
 ( 4, 2, 4 ),
 ( 0.003747480840207366871, 0.004442772761704278858, 0.005138064683201190412 ),
 .UNSPECIFIED. ) ;
#2563 = CARTESIAN_POINT ( 'NONE',  ( 0.1474514531114560212, -0.08498570275246687677, 0.7499999999999998890 ) ) ;
#2564 = CARTESIAN_POINT ( 'NONE',  ( -0.02454369240633530458, 0.1874999999999999167, 0.5093750000000000222 ) ) ;
#2565 = VECTOR ( 'NONE', #2248, 39.37007874015748143 ) ;
#2566 = CARTESIAN_POINT ( 'NONE',  ( -0.1687499999999999278, 0.02210356873772805972, 0.7500000000000001110 ) ) ;
#2567 = CARTESIAN_POINT ( 'NONE',  ( -0.1249999999999999861, 0.05177669529663676828, 0.05937499999999999029 ) ) ;
#2568 = AXIS2_PLACEMENT_3D ( 'NONE', #3089, #1888, #3051 ) ;
#2569 = CARTESIAN_POINT ( 'NONE',  ( 0.09252404735808344993, -0.03832471526136874140, 0.2593749999999999667 ) ) ;
#2570 = CARTESIAN_POINT ( 'NONE',  ( 0.1249999999999999445, -5.057651492692222384E-17, 0.09375000000000002776 ) ) ;
#2571 = CARTESIAN_POINT ( 'NONE',  ( 0.05177669529663683073, -0.1249999999999998612, 0.5281250000000000666 ) ) ;
#2572 = DIRECTION ( 'NONE',  ( -0.000000000000000000, -0.000000000000000000, -1.000000000000000000 ) ) ;
#2573 = ORIENTED_EDGE ( 'NONE', *, *, #2456, .T. ) ;
#2574 = CARTESIAN_POINT ( 'NONE',  ( -1.133092784412350307E-17, -0.09252404735808347769, 0.1500000000000000500 ) ) ;
#2575 = CARTESIAN_POINT ( 'NONE',  ( -0.08838834764831837720, 0.08838834764831837720, 0.1062499999999999833 ) ) ;
#2576 = ADVANCED_FACE ( 'NONE', ( #1672 ), #3711, .T. ) ;
#2577 = CARTESIAN_POINT ( 'NONE',  ( 0.1781249999999999223, 2.774533118565267485E-17, 0.5000000000000000000 ) ) ;
#2578 = FACE_OUTER_BOUND ( 'NONE', #930, .T. ) ;
#2579 = CARTESIAN_POINT ( 'NONE',  ( 0.01627865227313907495, -0.09128031408499769073, 0.4534921628294171780 ) ) ;
#2580 = CARTESIAN_POINT ( 'NONE',  ( -0.1826198767901003051, 0.04907772852307184380, 0.7500000000000000000 ) ) ;
#2581 = CARTESIAN_POINT ( 'NONE',  ( -0.03832471526136872753, -0.09252404735808342218, 0.4531250000000002220 ) ) ;
#2582 = CARTESIAN_POINT ( 'NONE',  ( 0.08838834764831837720, -0.08838834764831833557, 0.4312500000000000222 ) ) ;
#2583 = CARTESIAN_POINT ( 'NONE',  ( -0.1499375328083459302, -0.1152275101366093124, 0.5000000000000000000 ) ) ;
#2584 = CARTESIAN_POINT ( 'NONE',  ( -0.08838834764831839108, -0.08838834764831836333, 0.2187500000000000555 ) ) ;
#2585 = CARTESIAN_POINT ( 'NONE',  ( -0.05177669529663687931, 0.1249999999999999167, 0.05312499999999997780 ) ) ;
#2586 = CARTESIAN_POINT ( 'NONE',  ( -0.05177669529663686543, 0.1249999999999998890, 0.05312499999999997780 ) ) ;
#2587 = ORIENTED_EDGE ( 'NONE', *, *, #1336, .F. ) ;
#2588 = CARTESIAN_POINT ( 'NONE',  ( -0.09252404735808347769, -0.03832471526136867201, 0.2906250000000000222 ) ) ;
#2589 = CARTESIAN_POINT ( 'NONE',  ( 0.05177669529663683767, -0.1250000000000000278, 0.08437500000000004718 ) ) ;
#2590 = CARTESIAN_POINT ( 'NONE',  ( 0.05177669529663694176, 0.1249999999999999861, 0.5468750000000000000 ) ) ;
#2591 = EDGE_CURVE ( 'NONE', #281, #1191, #725, .T. ) ;
#2592 = CARTESIAN_POINT ( 'NONE',  ( -0.05177669529663687931, 0.1250000000000000000, 0.3593750000000000555 ) ) ;
#2593 = VERTEX_POINT ( 'NONE', #1334 ) ;
#2594 = CARTESIAN_POINT ( 'NONE',  ( -0.06542438130972608179, -0.06542438130972608179, 0.1437500000000000167 ) ) ;
#2595 = CARTESIAN_POINT ( 'NONE',  ( -1.133092784412350615E-17, -0.09252404735808354708, 0.006250000000000025500 ) ) ;
#2596 = ADVANCED_FACE ( 'NONE', ( #1070 ), #469, .F. ) ;
#2597 = CARTESIAN_POINT ( 'NONE',  ( -0.1781249999999999223, 0.02330224473666938842, 0.5000000000000000000 ) ) ;
#2598 = CARTESIAN_POINT ( 'NONE',  ( -0.1249999999999999722, 0.05177669529663697645, 0.4656249999999999556 ) ) ;
#2599 = VERTEX_POINT ( 'NONE', #788 ) ;
#2600 = CARTESIAN_POINT ( 'NONE',  ( -0.1249999999999999445, -0.05177669529663678910, 0.3656250000000000333 ) ) ;
#2601 = LINE ( 'NONE', #1534, #593 ) ;
#2602 = CARTESIAN_POINT ( 'NONE',  ( -0.09252404735808347769, 8.142662415521335812E-17, 0.4437500000000000333 ) ) ;
#2603 = CARTESIAN_POINT ( 'NONE',  ( -0.1148380633452306537, 0.03559171456578246601, 0.4692636600886934684 ) ) ;
#2604 = ORIENTED_EDGE ( 'NONE', *, *, #1625, .F. ) ;
#2605 = CARTESIAN_POINT ( 'NONE',  ( -0.1874999999999999167, 7.549139889267777477E-20, 0.5093750000000000222 ) ) ;
#2606 = DIRECTION ( 'NONE',  ( -0.000000000000000000, -0.000000000000000000, -1.000000000000000000 ) ) ;
#2607 = FACE_OUTER_BOUND ( 'NONE', #2653, .T. ) ;
#2608 = CARTESIAN_POINT ( 'NONE',  ( 0.09252404735808344993, 0.03832471526136876916, 0.3156249999999999889 ) ) ;
#2609 = CARTESIAN_POINT ( 'NONE',  ( 0.05177669529663694870, 0.1249999999999999584, 0.2531249999999999889 ) ) ;
#2610 = CARTESIAN_POINT ( 'NONE',  ( -0.07565925013752884676, 0.07883647865736140292, 0.02154940894867018314 ) ) ;
#2611 = CARTESIAN_POINT ( 'NONE',  ( 0.06542438130972609567, -0.06542438130972608179, 0.3125000000000000555 ) ) ;
#2612 = CARTESIAN_POINT ( 'NONE',  ( 0.09252404735808346381, 3.476687347073791895E-17, 0.3625000000000000444 ) ) ;
#2613 = ADVANCED_FACE ( 'NONE', ( #3079 ), #843, .F. ) ;
#2614 = CARTESIAN_POINT ( 'NONE',  ( 0.04907772852307792227, 0.1826198767900999997, 0.7312499999999998446 ) ) ;
#2615 = CARTESIAN_POINT ( 'NONE',  ( -0.04075167663439107496, -0.1090012134908236036, 0.4671775693309161981 ) ) ;
#2616 = CARTESIAN_POINT ( 'NONE',  ( 0.1249999999999999306, 1.538357638823458624E-17, 0.000000000000000000 ) ) ;
#2617 = ORIENTED_EDGE ( 'NONE', *, *, #544, .F. ) ;
#2618 = DIRECTION ( 'NONE',  ( 1.000000000000000000, 0.000000000000000000, 0.000000000000000000 ) ) ;
#2619 = CARTESIAN_POINT ( 'NONE',  ( 0.03832471526136877610, 0.09252404735808353320, 0.4781250000000000777 ) ) ;
#2620 = CARTESIAN_POINT ( 'NONE',  ( 0.09375000000000020817, 0.01840772069454301926, 0.6252442289393232988 ) ) ;
#2621 = CARTESIAN_POINT ( 'NONE',  ( 0.05177669529663683073, -0.1249999999999999167, 0.3281250000000000555 ) ) ;
#2622 = CARTESIAN_POINT ( 'NONE',  ( 0.1249999999999999445, 8.495226602255459505E-18, 0.2937500000000000111 ) ) ;
#2623 = EDGE_CURVE ( 'NONE', #522, #2927, #3438, .T. ) ;
#2624 = CARTESIAN_POINT ( 'NONE',  ( -0.1249999999999999584, -0.05177669529663687931, 0.06562500000000001665 ) ) ;
#2625 = CARTESIAN_POINT ( 'NONE',  ( -0.06542438130972609567, 0.06542438130972616506, 0.3874999999999999556 ) ) ;
#2626 = AXIS2_PLACEMENT_3D ( 'NONE', #631, #2969, #1574 ) ;
#2627 = CARTESIAN_POINT ( 'NONE',  ( 0.06542438130972608179, -0.06542438130972609567, 0.2062500000000000167 ) ) ;
#2628 = CARTESIAN_POINT ( 'NONE',  ( 0.1249999999999999167, -0.05177669529663691400, 0.2406250000000000333 ) ) ;
#2629 = CARTESIAN_POINT ( 'NONE',  ( 0.1152275101527428514, 0.1499375327922123358, 0.7312499999999998446 ) ) ;
#2630 = CARTESIAN_POINT ( 'NONE',  ( 0.05813865295804548916, 0.08423884326539632372, 0.01461953390235216747 ) ) ;
#2631 = CARTESIAN_POINT ( 'NONE',  ( 0.09252404735808347769, 2.184493001123028314E-17, 0.3187499999999999778 ) ) ;
#2632 = CIRCLE ( 'NONE', #2813, 0.01874999999999997155 ) ;
#2633 = CARTESIAN_POINT ( 'NONE',  ( -0.09252404735808347769, -0.03832471526136869283, 0.2406250000000000056 ) ) ;
#2634 = CARTESIAN_POINT ( 'NONE',  ( 0.09252404735808347769, -6.676268228253625189E-17, 0.01874999999999999584 ) ) ;
#2635 = CARTESIAN_POINT ( 'NONE',  ( 0.08838834764831840496, 0.08838834764831836333, 0.09374999999999998612 ) ) ;
#2636 =( BOUNDED_SURFACE ( )  B_SPLINE_SURFACE ( 1, 2, ( 
 ( #2217, #447, #2237, #3413, #2537, #3437, #3468, #3800, #2042, #3782, #1179, #1122, #1163, #1481, #1143, #834, #1721, #2646, #2881, #508, #891, #816, #2076, #1701, #2858, #2025, #2900, #255, #2319, #1445, #3517, #564, #1245, #1224, #639, #3034, #3269, #599, #368, #3570, #1267, #1562, #3627, #2997, #2706, #2413, #972, #2743, #1286, #3643, #459, #1348, #188, #3761, #779, #758, #1667, #2514, #801, #1981, #3131, #2818, #2882, #547, #2282, #238, #1388, #3783, #1743, #2315, #3579, #2694, #68, #902, #683, #2404, #3633, #945, #2130, #3297, #3092, #647, #1857, #1942, #3008, #3619, #1877, #1335, #2185, #3396, #3100, #2461, #432, #729, #2479, #1053, #3415, #451, #3358, #766, #1917, #2826, #3728, #415, #1615, #600, #3250, #2340, #2918, #874, #3173, #546, #527, #1722, #2938, #3289, #3644, #3343, #3049, #3324, #400, #1542, #11, #3567, #3267, #3607, #2705, #77, #365, #1832, #2625, #3823, #2975, #329, #1516, #1162, #1921, #1580, #3065, #1937, #969, #1620, #102, #1283, #989, #142, #2484, #3381, #2854, #484, #3069, #1323, #2208, #3088, #869, #542, #308, #2299, #2021, #3290, #1789, #2647, #2707, #2414, #128, #1269, #2159, #3664, #195, #996, #1890, #3074, #1627, #464, #2515, #442, #3723 ),
 ( #1909, #1029, #2196, #2180, #2785, #3706, #2747, #1309, #1586, #1065, #2232, #1606, #2767, #151, #2819, #3369, #1349, #1012, #3651, #1327, #2212, #132, #189, #2470, #2799, #1643, #2490, #3667, #3053, #1961, #698, #679, #1943, #390, #166, #3093, #1045, #112, #2250, #719, #3684, #1926, #3408, #1369, #759, #3037, #3349, #3388, #407, #1291, #2453, #426, #738, #3111, #1668, #2532, #2901, #272, #3784, #2028, #1164, #1405, #3132, #1724, #2838, #2548, #1702, #1463, #2043, #1996, #3802, #3453, #2268, #802, #2627, #2009, #1686, #1144, #1081, #3741, #239, #817, #205, #2883, #1123, #780, #3469, #2860, #3154, #3194, #256, #2569, #1389, #1428, #509, #548, #2304, #567, #836, #3214, #2321, #2588, #1101, #3491, #1766, #221, #3826, #1744, #1446, #2608, #3762, #2283, #3174, #1982, #529, #3518, #2919, #855, #3431, #489, #1811, #2726, #3291, #1500, #55, #3548, #2682, #35, #2648, #619, #1544, #585, #2957, #3231, #91, #80, #3252, #601, #1835, #657, #1201, #2998, #2666, #1482, #2979, #1225, #313, #1868, #2373, #640, #1851, #333, #3572, #892, #3612, #2355, #2342, #3592, #2058, #353, #940, #2121, #1791, #3533, #915, #1519, #2097, #2708, #3017, #1248, #875, #1180, #2396, #2077, #2940, #297, #14 ) ),
 .UNSPECIFIED., .F., .F., .F. ) 
 B_SPLINE_SURFACE_WITH_KNOTS ( ( 2, 2 ),
 ( 3, 2, 2, 2, 2, 2, 2, 2, 2, 2, 2, 2, 2, 2, 2, 2, 2, 2, 2, 2, 2, 2, 2, 2, 2, 2, 2, 2, 2, 2, 2, 2, 2, 2, 2, 2, 2, 2, 2, 2, 2, 2, 2, 2, 2, 2, 2, 2, 2, 2, 2, 2, 2, 2, 2, 2, 2, 2, 2, 2, 2, 2, 2, 2, 2, 2, 2, 2, 2, 2, 2, 2, 2, 2, 2, 2, 2, 2, 2, 2, 2, 2, 2, 2, 2, 2, 2, 2, 3 ),
 ( 0.000000000000000000, 1.000000000000000000 ),
 ( 0.000000000000000000, 0.01136363636363636395, 0.02272727272727272790, 0.03409090909090908839, 0.04545454545454545581, 0.05681818181818181629, 0.06818181818181817677, 0.07954545454545454419, 0.09090909090909091161, 0.1022727272727272790, 0.1136363636363636326, 0.1250000000000000000, 0.1363636363636363535, 0.1477272727272727348, 0.1590909090909090884, 0.1704545454545454419, 0.1818181818181818232, 0.1931818181818181768, 0.2045454545454545581, 0.2159090909090909116, 0.2272727272727272652, 0.2386363636363636465, 0.2500000000000000000, 0.2613636363636363535, 0.2727272727272727071, 0.2840909090909091161, 0.2954545454545454697, 0.3068181818181818232, 0.3181818181818181768, 0.3295454545454545303, 0.3409090909090908839, 0.3522727272727272929, 0.3636363636363636465, 0.3750000000000000000, 0.3863636363636363535, 0.3977272727272727071, 0.4090909090909091161, 0.4204545454545454697, 0.4318181818181818232, 0.4431818181818181768, 0.4545454545454545303, 0.4659090909090908839, 0.4772727272727272929, 0.4886363636363636465, 0.5000000000000000000, 0.5113636363636363535, 0.5227272727272727071, 0.5340909090909090606, 0.5454545454545454142, 0.5568181818181817677, 0.5681818181818182323, 0.5795454545454545858, 0.5909090909090909394, 0.6022727272727272929, 0.6136363636363636465, 0.6250000000000000000, 0.6363636363636363535, 0.6477272727272727071, 0.6590909090909090606, 0.6704545454545454142, 0.6818181818181817677, 0.6931818181818182323, 0.7045454545454545858, 0.7159090909090909394, 0.7272727272727272929, 0.7386363636363636465, 0.7500000000000000000, 0.7613636363636363535, 0.7727272727272727071, 0.7840909090909090606, 0.7954545454545454142, 0.8068181818181817677, 0.8181818181818182323, 0.8295454545454545858, 0.8409090909090909394, 0.8522727272727272929, 0.8636363636363636465, 0.8750000000000000000, 0.8863636363636363535, 0.8977272727272727071, 0.9090909090909090606, 0.9204545454545454142, 0.9318181818181817677, 0.9431818181818182323, 0.9545454545454545858, 0.9659090909090909394, 0.9772727272727272929, 0.9886363636363636465, 1.000000000000000000 ),
 .UNSPECIFIED. ) 
 GEOMETRIC_REPRESENTATION_ITEM ( )  RATIONAL_B_SPLINE_SURFACE ( (
 ( 1.000000000000000000, 0.9238795325112867385, 1.000000000000000000, 0.9238795325112867385, 1.000000000000000000, 0.9238795325112867385, 1.000000000000000000, 0.9238795325112867385, 1.000000000000000000, 0.9238795325112867385, 1.000000000000000000, 0.9238795325112867385, 1.000000000000000000, 0.9238795325112867385, 1.000000000000000000, 0.9238795325112867385, 1.000000000000000000, 0.9238795325112867385, 1.000000000000000000, 0.9238795325112867385, 1.000000000000000000, 0.9238795325112867385, 1.000000000000000000, 0.9238795325112867385, 1.000000000000000000, 0.9238795325112867385, 1.000000000000000000, 0.9238795325112867385, 1.000000000000000000, 0.9238795325112867385, 1.000000000000000000, 0.9238795325112867385, 1.000000000000000000, 0.9238795325112867385, 1.000000000000000000, 0.9238795325112867385, 1.000000000000000000, 0.9238795325112867385, 1.000000000000000000, 0.9238795325112867385, 1.000000000000000000, 0.9238795325112867385, 1.000000000000000000, 0.9238795325112867385, 1.000000000000000000, 0.9238795325112867385, 1.000000000000000000, 0.9238795325112867385, 1.000000000000000000, 0.9238795325112867385, 1.000000000000000000, 0.9238795325112867385, 1.000000000000000000, 0.9238795325112867385, 1.000000000000000000, 0.9238795325112867385, 1.000000000000000000, 0.9238795325112867385, 1.000000000000000000, 0.9238795325112867385, 1.000000000000000000, 0.9238795325112867385, 1.000000000000000000, 0.9238795325112867385, 1.000000000000000000, 0.9238795325112867385, 1.000000000000000000, 0.9238795325112867385, 1.000000000000000000, 0.9238795325112867385, 1.000000000000000000, 0.9238795325112867385, 1.000000000000000000, 0.9238795325112867385, 1.000000000000000000, 0.9238795325112867385, 1.000000000000000000, 0.9238795325112867385, 1.000000000000000000, 0.9238795325112867385, 1.000000000000000000, 0.9238795325112867385, 1.000000000000000000, 0.9238795325112867385, 1.000000000000000000, 0.9238795325112867385, 1.000000000000000000, 0.9238795325112867385, 1.000000000000000000, 0.9238795325112867385, 1.000000000000000000, 0.9238795325112867385, 1.000000000000000000, 0.9238795325112867385, 1.000000000000000000, 0.9238795325112867385, 1.000000000000000000, 0.9238795325112867385, 1.000000000000000000, 0.9238795325112867385, 1.000000000000000000, 0.9238795325112867385, 1.000000000000000000, 0.9238795325112867385, 1.000000000000000000, 0.9238795325112867385, 1.000000000000000000, 0.9238795325112867385, 1.000000000000000000, 0.9238795325112867385, 1.000000000000000000, 0.9238795325112867385, 1.000000000000000000, 0.9238795325112867385, 1.000000000000000000, 0.9238795325112867385, 1.000000000000000000, 0.9238795325112867385, 1.000000000000000000, 0.9238795325112867385, 1.000000000000000000, 0.9238795325112867385, 1.000000000000000000, 0.9238795325112867385, 1.000000000000000000, 0.9238795325112867385, 1.000000000000000000, 0.9238795325112867385, 1.000000000000000000, 0.9238795325112867385, 1.000000000000000000, 0.9238795325112867385, 1.000000000000000000, 0.9238795325112867385, 1.000000000000000000, 0.9238795325112867385, 1.000000000000000000, 0.9238795325112867385, 1.000000000000000000, 0.9238795325112867385, 1.000000000000000000, 0.9238795325112867385, 1.000000000000000000, 0.9238795325112867385, 1.000000000000000000, 0.9238795325112867385, 1.000000000000000000, 0.9238795325112867385, 1.000000000000000000, 0.9238795325112867385, 1.000000000000000000, 0.9238795325112867385, 1.000000000000000000, 0.9238795325112867385, 1.000000000000000000, 0.9238795325112867385, 1.000000000000000000, 0.9238795325112867385, 1.000000000000000000, 0.9238795325112867385, 1.000000000000000000, 0.9238795325112867385, 1.000000000000000000, 0.9238795325112867385, 1.000000000000000000, 0.9238795325112867385, 1.000000000000000000, 0.9238795325112867385, 1.000000000000000000, 0.9238795325112867385, 1.000000000000000000, 0.9238795325112867385, 1.000000000000000000, 0.9238795325112867385, 1.000000000000000000, 0.9238795325112867385, 1.000000000000000000),
 ( 1.000000000000000000, 0.9238795325112867385, 1.000000000000000000, 0.9238795325112867385, 1.000000000000000000, 0.9238795325112867385, 1.000000000000000000, 0.9238795325112867385, 1.000000000000000000, 0.9238795325112867385, 1.000000000000000000, 0.9238795325112867385, 1.000000000000000000, 0.9238795325112867385, 1.000000000000000000, 0.9238795325112867385, 1.000000000000000000, 0.9238795325112867385, 1.000000000000000000, 0.9238795325112867385, 1.000000000000000000, 0.9238795325112867385, 1.000000000000000000, 0.9238795325112867385, 1.000000000000000000, 0.9238795325112867385, 1.000000000000000000, 0.9238795325112867385, 1.000000000000000000, 0.9238795325112867385, 1.000000000000000000, 0.9238795325112867385, 1.000000000000000000, 0.9238795325112867385, 1.000000000000000000, 0.9238795325112867385, 1.000000000000000000, 0.9238795325112867385, 1.000000000000000000, 0.9238795325112867385, 1.000000000000000000, 0.9238795325112867385, 1.000000000000000000, 0.9238795325112867385, 1.000000000000000000, 0.9238795325112867385, 1.000000000000000000, 0.9238795325112867385, 1.000000000000000000, 0.9238795325112867385, 1.000000000000000000, 0.9238795325112867385, 1.000000000000000000, 0.9238795325112867385, 1.000000000000000000, 0.9238795325112867385, 1.000000000000000000, 0.9238795325112867385, 1.000000000000000000, 0.9238795325112867385, 1.000000000000000000, 0.9238795325112867385, 1.000000000000000000, 0.9238795325112867385, 1.000000000000000000, 0.9238795325112867385, 1.000000000000000000, 0.9238795325112867385, 1.000000000000000000, 0.9238795325112867385, 1.000000000000000000, 0.9238795325112867385, 1.000000000000000000, 0.9238795325112867385, 1.000000000000000000, 0.9238795325112867385, 1.000000000000000000, 0.9238795325112867385, 1.000000000000000000, 0.9238795325112867385, 1.000000000000000000, 0.9238795325112867385, 1.000000000000000000, 0.9238795325112867385, 1.000000000000000000, 0.9238795325112867385, 1.000000000000000000, 0.9238795325112867385, 1.000000000000000000, 0.9238795325112867385, 1.000000000000000000, 0.9238795325112867385, 1.000000000000000000, 0.9238795325112867385, 1.000000000000000000, 0.9238795325112867385, 1.000000000000000000, 0.9238795325112867385, 1.000000000000000000, 0.9238795325112867385, 1.000000000000000000, 0.9238795325112867385, 1.000000000000000000, 0.9238795325112867385, 1.000000000000000000, 0.9238795325112867385, 1.000000000000000000, 0.9238795325112867385, 1.000000000000000000, 0.9238795325112867385, 1.000000000000000000, 0.9238795325112867385, 1.000000000000000000, 0.9238795325112867385, 1.000000000000000000, 0.9238795325112867385, 1.000000000000000000, 0.9238795325112867385, 1.000000000000000000, 0.9238795325112867385, 1.000000000000000000, 0.9238795325112867385, 1.000000000000000000, 0.9238795325112867385, 1.000000000000000000, 0.9238795325112867385, 1.000000000000000000, 0.9238795325112867385, 1.000000000000000000, 0.9238795325112867385, 1.000000000000000000, 0.9238795325112867385, 1.000000000000000000, 0.9238795325112867385, 1.000000000000000000, 0.9238795325112867385, 1.000000000000000000, 0.9238795325112867385, 1.000000000000000000, 0.9238795325112867385, 1.000000000000000000, 0.9238795325112867385, 1.000000000000000000, 0.9238795325112867385, 1.000000000000000000, 0.9238795325112867385, 1.000000000000000000, 0.9238795325112867385, 1.000000000000000000, 0.9238795325112867385, 1.000000000000000000, 0.9238795325112867385, 1.000000000000000000, 0.9238795325112867385, 1.000000000000000000, 0.9238795325112867385, 1.000000000000000000, 0.9238795325112867385, 1.000000000000000000, 0.9238795325112867385, 1.000000000000000000, 0.9238795325112867385, 1.000000000000000000, 0.9238795325112867385, 1.000000000000000000, 0.9238795325112867385, 1.000000000000000000, 0.9238795325112867385, 1.000000000000000000, 0.9238795325112867385, 1.000000000000000000, 0.9238795325112867385, 1.000000000000000000, 0.9238795325112867385, 1.000000000000000000, 0.9238795325112867385, 1.000000000000000000) ) ) 
 REPRESENTATION_ITEM ( '' )  SURFACE ( )  );
#2637 = VERTEX_POINT ( 'NONE', #2843 ) ;
#2638 = DIRECTION ( 'NONE',  ( -0.000000000000000000, -0.000000000000000000, -1.000000000000000000 ) ) ;
#2639 = CARTESIAN_POINT ( 'NONE',  ( -0.1424406561679309180, 0.1094661346297765431, 0.5000000000000000000 ) ) ;
#2640 = CARTESIAN_POINT ( 'NONE',  ( -0.1249999999999999306, -2.919030456217241704E-17, 0.06250000000000001388 ) ) ;
#2641 = CARTESIAN_POINT ( 'NONE',  ( -0.03832471526136872059, 0.09252404735808353320, 0.4343750000000000111 ) ) ;
#2642 = CARTESIAN_POINT ( 'NONE',  ( 0.09375000000000018041, 0.03650651419210439175, 0.6281812190402541463 ) ) ;
#2643 = LINE ( 'NONE', #2136, #114 ) ;
#2644 = DIRECTION ( 'NONE',  ( -0.000000000000000000, -0.000000000000000000, -1.000000000000000000 ) ) ;
#2645 = ORIENTED_EDGE ( 'NONE', *, *, #1809, .T. ) ;
#2646 = CARTESIAN_POINT ( 'NONE',  ( -0.03832471526136872059, 0.09252404735808343605, 0.03437499999999996808 ) ) ;
#2647 = CARTESIAN_POINT ( 'NONE',  ( -0.03832471526136872059, 0.09252404735808356095, 0.4843750000000000000 ) ) ;
#2648 = CARTESIAN_POINT ( 'NONE',  ( 0.000000000000000000, 0.09252404735808351932, 0.3750000000000000555 ) ) ;
#2649 = CARTESIAN_POINT ( 'NONE',  ( -0.1249999999999999722, 0.05177669529663690012, 0.2656250000000000000 ) ) ;
#2650 = CARTESIAN_POINT ( 'NONE',  ( 0.04044783743671532400, 0.09514683766782562613, 0.01566019025090021818 ) ) ;
#2651 = CARTESIAN_POINT ( 'NONE',  ( -0.1249999999999999445, 1.695949350749766594E-17, 0.2187500000000000278 ) ) ;
#2652 = CARTESIAN_POINT ( 'NONE',  ( -0.09252404735808347769, -0.03832471526136865814, 0.3406250000000000111 ) ) ;
#2653 = EDGE_LOOP ( 'NONE', ( #360, #1784, #2041, #2675, #1834, #694, #1838, #730, #105, #1600, #1235, #3770, #2951, #526, #3599, #1799, #3342, #3141, #229, #3216, #1462 ) ) ;
#2654 = CARTESIAN_POINT ( 'NONE',  ( 0.000000000000000000, 7.549139889267777477E-20, 0.000000000000000000 ) ) ;
#2655 = CARTESIAN_POINT ( 'NONE',  ( -0.1556432004982483130, -0.08970713070317513915, 0.5000000000000000000 ) ) ;
#2656 = DIRECTION ( 'NONE',  ( 0.000000000000000000, 0.000000000000000000, 1.000000000000000000 ) ) ;
#2657 =( BOUNDED_CURVE ( )  B_SPLINE_CURVE ( 2, ( #1487, #3661, #1599, #896, #2378, #2081, #125, #920, #3341 ),
 .UNSPECIFIED., .F., .T. ) 
 B_SPLINE_CURVE_WITH_KNOTS ( ( 3, 2, 2, 2, 3 ),
 ( 0.2954545454545454697, 0.3068181818181818232, 0.3181818181818182323, 0.3295454545454545858, 0.3409090909090909394 ),
 .UNSPECIFIED. ) 
 CURVE ( )  GEOMETRIC_REPRESENTATION_ITEM ( )  RATIONAL_B_SPLINE_CURVE ( ( 1.000000000000000000, 0.9238795325112867385, 1.000000000000000000, 0.9238795325112867385, 1.000000000000000000, 0.9238795325112867385, 1.000000000000000000, 0.9238795325112864054, 1.000000000000000444 ) ) 
 REPRESENTATION_ITEM ( '' )  );
#2658 = CARTESIAN_POINT ( 'NONE',  ( 0.000000000000000000, 7.549139889267777477E-20, 0.000000000000000000 ) ) ;
#2659 = ORIENTED_EDGE ( 'NONE', *, *, #1803, .T. ) ;
#2660 = CARTESIAN_POINT ( 'NONE',  ( -1.530808498934190893E-17, -0.1249999999999998751, 0.4312500000000000777 ) ) ;
#2661 = CARTESIAN_POINT ( 'NONE',  ( -0.09252404735808346381, -0.03832471526136870671, 0.1906250000000000444 ) ) ;
#2662 = CARTESIAN_POINT ( 'NONE',  ( 0.1249999999999999306, -3.765457146741459112E-17, 0.1375000000000000111 ) ) ;
#2663 = CARTESIAN_POINT ( 'NONE',  ( 0.000000000000000000, 0.1249999999999999306, 0.1999999999999999833 ) ) ;
#2664 = CARTESIAN_POINT ( 'NONE',  ( -0.09252404735808350544, 0.03832471526136869977, 0.09062499999999999722 ) ) ;
#2665 = VERTEX_POINT ( 'NONE', #448 ) ;
#2666 = CARTESIAN_POINT ( 'NONE',  ( 0.06542438130972610955, 0.06542438130972613730, 0.4187500000000000111 ) ) ;
#2667 = CARTESIAN_POINT ( 'NONE',  ( 0.1249999999999999584, 0.05177669529663692094, 0.2968750000000000000 ) ) ;
#2668 = CARTESIAN_POINT ( 'NONE',  ( 0.09794376499021854865, 0.01383119846650674584, 0.01044376499030688285 ) ) ;
#2669 = CARTESIAN_POINT ( 'NONE',  ( 0.09252404735808346381, 5.231002706149078048E-18, 0.2625000000000000111 ) ) ;
#2670 = EDGE_CURVE ( 'NONE', #914, #3201, #209, .T. ) ;
#2671 = CARTESIAN_POINT ( 'NONE',  ( 0.000000000000000000, 0.1249999999999999167, 0.09999999999999997780 ) ) ;
#2672 = DIRECTION ( 'NONE',  ( 1.000000000000000000, 0.000000000000000000, 0.000000000000000000 ) ) ;
#2673 = CARTESIAN_POINT ( 'NONE',  ( -0.04907772852305024996, -0.1826198767901092423, 0.7500000000000000000 ) ) ;
#2674 = CARTESIAN_POINT ( 'NONE',  ( -0.09442855863491768365, 0.1638349478929019831, 0.5000000000000000000 ) ) ;
#2675 = ORIENTED_EDGE ( 'NONE', *, *, #2698, .F. ) ;
#2676 = CARTESIAN_POINT ( 'NONE',  ( -0.09252404735808350544, 0.03832471526136878304, 0.3906250000000000000 ) ) ;
#2677 = CARTESIAN_POINT ( 'NONE',  ( -0.05177669529663687931, 0.1250000000000000000, 0.3031249999999999778 ) ) ;
#2678 = CARTESIAN_POINT ( 'NONE',  ( -0.09374999999999998612, -0.05412658773652782862, 0.7499999999999998890 ) ) ;
#2679 = CARTESIAN_POINT ( 'NONE',  ( -1.133092784412350307E-17, -0.09252404735808347769, 0.1500000000000000500 ) ) ;
#2680 =( BOUNDED_CURVE ( )  B_SPLINE_CURVE ( 2, ( #2640, #3224, #2089, #2931, #306, #1711, #2334, #266, #1779 ),
 .UNSPECIFIED., .F., .F. ) 
 B_SPLINE_CURVE_WITH_KNOTS ( ( 3, 2, 2, 2, 3 ),
 ( 0.1136363636363636465, 0.1250000000000000000, 0.1363636363636363535, 0.1477272727272727348, 0.1590909090909090884 ),
 .UNSPECIFIED. ) 
 CURVE ( )  GEOMETRIC_REPRESENTATION_ITEM ( )  RATIONAL_B_SPLINE_CURVE ( ( 0.9999999999999998890, 0.9238795325112868495, 1.000000000000000000, 0.9238795325112867385, 1.000000000000000000, 0.9238795325112867385, 1.000000000000000000, 0.9238795325112867385, 1.000000000000000000 ) ) 
 REPRESENTATION_ITEM ( '' )  );
#2681 = ORIENTED_EDGE ( 'NONE', *, *, #1406, .T. ) ;
#2682 = CARTESIAN_POINT ( 'NONE',  ( 0.06542438130972610955, 0.06542438130972612342, 0.3687500000000000777 ) ) ;
#2683 = CARTESIAN_POINT ( 'NONE',  ( 0.1249999999999999584, 0.05177669529663690706, 0.2468750000000000666 ) ) ;
#2684 = CARTESIAN_POINT ( 'NONE',  ( 0.1826198767901039133, 0.04907772852306844374, 0.7312499999999998446 ) ) ;
#2685 = CARTESIAN_POINT ( 'NONE',  ( -0.02009142969032955833, 0.1044342442662885978, 0.01862641138205847410 ) ) ;
#2686 = CARTESIAN_POINT ( 'NONE',  ( 0.1249999999999999445, -6.272708780038951702E-18, 0.2437500000000000222 ) ) ;
#2687 = AXIS2_PLACEMENT_3D ( 'NONE', #2654, #2638, #844 ) ;
#2688 = ADVANCED_FACE ( 'NONE', ( #3746 ), #3693, .F. ) ;
#2689 = CARTESIAN_POINT ( 'NONE',  ( -0.06542438130972608179, -0.06542438130972606791, 0.2437500000000000222 ) ) ;
#2690 = CARTESIAN_POINT ( 'NONE',  ( 0.03832471526136877610, 0.09252404735808344993, 0.1281249999999999889 ) ) ;
#2691 = CARTESIAN_POINT ( 'NONE',  ( -0.1249999999999999584, 0.05177669529663686543, 0.1593750000000000167 ) ) ;
#2692 = AXIS2_PLACEMENT_3D ( 'NONE', #1829, #2971, #2116 ) ;
#2693 = ORIENTED_EDGE ( 'NONE', *, *, #1105, .F. ) ;
#2694 = CARTESIAN_POINT ( 'NONE',  ( -0.03832471526136872753, -0.09252404735808350544, 0.2031250000000000278 ) ) ;
#2695 = CARTESIAN_POINT ( 'NONE',  ( 0.1474597276623237918, -0.08495837654818992613, 0.7499999999999998890 ) ) ;
#2696 = FACE_OUTER_BOUND ( 'NONE', #1230, .T. ) ;
#2698 = EDGE_CURVE ( 'NONE', #3220, #958, #62, .T. ) ;
#2697 = ORIENTED_EDGE ( 'NONE', *, *, #528, .F. ) ;
#2699 = FACE_OUTER_BOUND ( 'NONE', #2166, .T. ) ;
#2700 = CARTESIAN_POINT ( 'NONE',  ( 0.000000000000000000, -1.104688079777929626E-16, 0.7499999999999998890 ) ) ;
#2701 = CARTESIAN_POINT ( 'NONE',  ( 0.09375000000000001388, 0.009141833668847416938, 0.7416265877365273429 ) ) ;
#2702 = CARTESIAN_POINT ( 'NONE',  ( 0.1249999999999999445, 5.279903274913875167E-17, 0.4437500000000000888 ) ) ;
#2703 = DIRECTION ( 'NONE',  ( 0.7071067811865440200, 0.000000000000000000, 0.7071067811865510144 ) ) ;
#2704 = CARTESIAN_POINT ( 'NONE',  ( -0.1499375329496586973, -0.1152275099952965315, 0.5093750000000000222 ) ) ;
#2705 = CARTESIAN_POINT ( 'NONE',  ( 0.06542438130972610955, 0.06542438130972613730, 0.3750000000000000555 ) ) ;
#2706 = CARTESIAN_POINT ( 'NONE',  ( 0.09252404735808347769, -3.722681151794740174E-17, 0.1187500000000000083 ) ) ;
#2707 = CARTESIAN_POINT ( 'NONE',  ( -0.06542438130972609567, 0.06542438130972619281, 0.4874999999999999889 ) ) ;
#2708 = CARTESIAN_POINT ( 'NONE',  ( -0.03832471526136872059, -0.09252404735808336667, 0.4968750000000001221 ) ) ;
#2709 = CARTESIAN_POINT ( 'NONE',  ( 0.1499375327922196077, -0.1152275101527355655, 0.7312499999999998446 ) ) ;
#2710 = CARTESIAN_POINT ( 'NONE',  ( 0.06542438130972610955, 0.06542438130972613730, 0.4187500000000000111 ) ) ;
#2711 = CARTESIAN_POINT ( 'NONE',  ( 0.1082531754730549772, -1.104688079777929626E-16, 0.7499999999999998890 ) ) ;
#2712 = CARTESIAN_POINT ( 'NONE',  ( -0.08838834764831839108, 0.08838834764831836333, 0.01249999999999997814 ) ) ;
#2713 = CARTESIAN_POINT ( 'NONE',  ( -0.1249999999999999584, 0.05177669529663686543, 0.2093750000000000611 ) ) ;
#2714 = VERTEX_POINT ( 'NONE', #2544 ) ;
#2715 = CARTESIAN_POINT ( 'NONE',  ( 0.1874999999999999167, -0.02454369240633525948, 0.5000000000000000000 ) ) ;
#2716 = ORIENTED_EDGE ( 'NONE', *, *, #3439, .F. ) ;
#2717 = EDGE_CURVE ( 'NONE', #2538, #2495, #1363, .T. ) ;
#2718 = CARTESIAN_POINT ( 'NONE',  ( 0.1249999999999999167, -0.05177669529663688625, 0.3406250000000000111 ) ) ;
#2719 = DIRECTION ( 'NONE',  ( 0.5000000000000002220, -0.8660254037844385966, 0.000000000000000000 ) ) ;
#2720 = FACE_OUTER_BOUND ( 'NONE', #1931, .T. ) ;
#2721 = CARTESIAN_POINT ( 'NONE',  ( -0.09252404735808346381, 0.03832471526136870671, 0.1343750000000000222 ) ) ;
#2722 = CARTESIAN_POINT ( 'NONE',  ( 0.1249999999999999445, -3.580857954462780493E-17, 0.1437500000000000167 ) ) ;
#2723 = CARTESIAN_POINT ( 'NONE',  ( 0.09252404735808347769, 3.661286539352471130E-17, 0.3687499999999999667 ) ) ;
#2724 = CARTESIAN_POINT ( 'NONE',  ( -0.03832471526136872059, 0.09252404735808343605, 0.03437499999999996808 ) ) ;
#2725 = ORIENTED_EDGE ( 'NONE', *, *, #1765, .F. ) ;
#2726 = CARTESIAN_POINT ( 'NONE',  ( 0.03832471526136869283, -0.09252404735808343605, 0.3531250000000000222 ) ) ;
#2727 = CARTESIAN_POINT ( 'NONE',  ( -0.09252404735808350544, 0.03832471526136879691, 0.4406250000000000444 ) ) ;
#2728 = CARTESIAN_POINT ( 'NONE',  ( -0.1249999999999999445, -2.734431263938561544E-17, 0.06875000000000000555 ) ) ;
#2729 = CARTESIAN_POINT ( 'NONE',  ( 0.1249999999999999306, -5.242250684970901619E-17, 0.08750000000000000833 ) ) ;
#2730 = CARTESIAN_POINT ( 'NONE',  ( -0.09252404735808346381, 9.434856761472099085E-17, 0.4875000000000000444 ) ) ;
#2731 = B_SPLINE_CURVE_WITH_KNOTS ( 'NONE', 3,
 ( #1135, #3142, #823, #2017, #247, #1435, #845, #1693, #2035, #555, #3120, #476, #2910, #3812, #1676, #2988, #3280, #590, #1474, #342 ),
 .UNSPECIFIED., .F., .F.,
 ( 4, 2, 2, 2, 2, 2, 2, 2, 2, 4 ),
 ( 0.5000000000000000000, 0.5625000000000000000, 0.6250000000000000000, 0.6875000000000000000, 0.7500000000000000000, 0.8125000000000000000, 0.8750000000000000000, 0.9375000000000000000, 0.9687500000000000000, 1.000000000000000000 ),
 .UNSPECIFIED. ) ;
#2732 = CARTESIAN_POINT ( 'NONE',  ( 0.1249999999999999167, 0.05177669529663693482, 0.3406250000000000111 ) ) ;
#2733 = CARTESIAN_POINT ( 'NONE',  ( 0.1499375328083513148, -0.1152275101366039278, 0.5093750000000000222 ) ) ;
#2734 = VERTEX_POINT ( 'NONE', #215 ) ;
#2735 = ORIENTED_EDGE ( 'NONE', *, *, #1503, .T. ) ;
#2736 = DIRECTION ( 'NONE',  ( 0.8660254037844388186, -0.4999999999999995559, 0.000000000000000000 ) ) ;
#2737 = CARTESIAN_POINT ( 'NONE',  ( -0.06542438130972608179, 0.06542438130972612342, 0.3312500000000000444 ) ) ;
#2738 = CARTESIAN_POINT ( 'NONE',  ( 0.1249999999999995559, -0.05177669529663728870, 0.2906250000000000777 ) ) ;
#2739 = CARTESIAN_POINT ( 'NONE',  ( -0.04907772831736506580, -0.1826198768753090618, 0.5093750000000000222 ) ) ;
#2740 = CARTESIAN_POINT ( 'NONE',  ( -1.133092784412350615E-17, -0.09252404735808350544, 0.1562500000000000278 ) ) ;
#2741 = CARTESIAN_POINT ( 'NONE',  ( -0.1037047591374620215, -0.1349437795129976581, 0.7499999999999998890 ) ) ;
#2742 = ORIENTED_EDGE ( 'NONE', *, *, #2884, .T. ) ;
#2743 = CARTESIAN_POINT ( 'NONE',  ( 0.03832471526136877610, 0.09252404735808344993, 0.1281249999999999889 ) ) ;
#2744 = CYLINDRICAL_SURFACE ( 'NONE', #1798, 0.1249999999999999306 ) ;
#2745 = CARTESIAN_POINT ( 'NONE',  ( 0.1249999999999999445, -6.534445030921665508E-17, 0.04375000000000000416 ) ) ;
#2746 = CARTESIAN_POINT ( 'NONE',  ( 0.1249999999999999306, 2.141717006176309377E-17, 0.3375000000000000222 ) ) ;
#2747 = CARTESIAN_POINT ( 'NONE',  ( -0.06542438130972608179, -0.06542438130972612342, -0.006249999999999989071 ) ) ;
#2748 = CARTESIAN_POINT ( 'NONE',  ( -0.1249999999999999722, 0.05177669529663680298, -0.03437500000000002359 ) ) ;
#2749 = CARTESIAN_POINT ( 'NONE',  ( 0.03832471526136877610, 0.09252404735808343605, 0.07812499999999997224 ) ) ;
#2750 = CIRCLE ( 'NONE', #1974, 0.1082531754730549772 ) ;
#2751 = CARTESIAN_POINT ( 'NONE',  ( 0.1249999999999999306, 3.618510544405751576E-17, 0.3875000000000000111 ) ) ;
#2752 = B_SPLINE_CURVE_WITH_KNOTS ( 'NONE', 3,
 ( #3363, #2483, #2760, #1264, #2704, #653, #2444, #2739, #1302, #968, #2155, #711, #3320, #1935, #1865, #3014, #673, #384 ),
 .UNSPECIFIED., .F., .F.,
 ( 4, 2, 2, 2, 2, 2, 2, 2, 4 ),
 ( 0.000000000000000000, 0.06249999999999998612, 0.1249999999999999722, 0.1874999999999999445, 0.2499999999999999445, 0.3124999999999999445, 0.3749999999999998890, 0.4374999999999999445, 0.5000000000000000000 ),
 .UNSPECIFIED. ) ;
#2753 = AXIS2_PLACEMENT_3D ( 'NONE', #3514, #2606, #2353 ) ;
#2754 = CARTESIAN_POINT ( 'NONE',  ( 0.1874999999999999167, -0.02454369240633525948, 0.5093750000000000222 ) ) ;
#2755 = CARTESIAN_POINT ( 'NONE',  ( 0.1249999999999999445, 2.326316198454988612E-17, 0.3437500000000000555 ) ) ;
#2756 = AXIS2_PLACEMENT_3D ( 'NONE', #1651, #1056, #3223 ) ;
#2757 = CARTESIAN_POINT ( 'NONE',  ( 0.09322321449249944270, -0.03101490082557022826, 0.4567166264757519523 ) ) ;
#2758 = DIRECTION ( 'NONE',  ( -1.000000000000000000, 0.000000000000000000, 0.000000000000000000 ) ) ;
#2759 = CARTESIAN_POINT ( 'NONE',  ( -0.09252404735808346381, 0.03832471526136872753, 0.2343750000000000000 ) ) ;
#2760 = CARTESIAN_POINT ( 'NONE',  ( -0.1826198768753090618, -0.04907772831736513519, 0.5093750000000000222 ) ) ;
#2761 = CARTESIAN_POINT ( 'NONE',  ( -0.09252404735808350544, 0.03832471526136874140, 0.2406250000000000056 ) ) ;
#2762 = ORIENTED_EDGE ( 'NONE', *, *, #3245, .T. ) ;
#2763 =( BOUNDED_CURVE ( )  B_SPLINE_CURVE ( 2, ( #2481, #3675, #731, #1932, #434, #1635, #1710, #3121, #1377 ),
 .UNSPECIFIED., .F., .T. ) 
 B_SPLINE_CURVE_WITH_KNOTS ( ( 3, 2, 2, 2, 3 ),
 ( 0.7045454545454545858, 0.7159090909090909394, 0.7272727272727272929, 0.7386363636363636465, 0.7500000000000000000 ),
 .UNSPECIFIED. ) 
 CURVE ( )  GEOMETRIC_REPRESENTATION_ITEM ( )  RATIONAL_B_SPLINE_CURVE ( ( 1.000000000000000000, 0.9238795325112867385, 1.000000000000000000, 0.9238795325112867385, 1.000000000000000000, 0.9238795325112867385, 1.000000000000000000, 0.9238795325112867385, 1.000000000000000000 ) ) 
 REPRESENTATION_ITEM ( '' )  );
#2764 = CARTESIAN_POINT ( 'NONE',  ( -0.02331650778601853519, 0.1781249999999999223, 0.5000000000000000000 ) ) ;
#2765 = EDGE_CURVE ( 'NONE', #3509, #3359, #1343, .T. ) ;
#2766 = CARTESIAN_POINT ( 'NONE',  ( 0.000000000000000000, 7.549139889267777477E-20, 4.148491032111687552E-18 ) ) ;
#2767 = CARTESIAN_POINT ( 'NONE',  ( 0.09252404735808346381, -6.860867420532304424E-17, 0.01249999999999999549 ) ) ;
#2768 = CARTESIAN_POINT ( 'NONE',  ( -0.06542438130972608179, -0.06542438130972599852, 0.4437500000000000333 ) ) ;
#2769 = CARTESIAN_POINT ( 'NONE',  ( 0.1249999999999999167, 0.05177669529663691400, 0.2906250000000000222 ) ) ;
#2770 = VERTEX_POINT ( 'NONE', #2508 ) ;
#2771 = CARTESIAN_POINT ( 'NONE',  ( 0.1249999999999999167, -0.05177669529663693482, 0.1906250000000000444 ) ) ;
#2772 = CARTESIAN_POINT ( 'NONE',  ( 0.1826198768753092005, 0.04907772831736505886, 0.7312500000000000666 ) ) ;
#2773 = CARTESIAN_POINT ( 'NONE',  ( 0.1249999999999999306, 1.538357638823458624E-17, 0.000000000000000000 ) ) ;
#2774 = FACE_OUTER_BOUND ( 'NONE', #1876, .T. ) ;
#2775 = CARTESIAN_POINT ( 'NONE',  ( 0.06542438130972608179, -0.06542438130972605403, 0.3562500000000000666 ) ) ;
#2776 =( BOUNDED_CURVE ( )  B_SPLINE_CURVE ( 2, ( #796, #250, #3754 ),
 .UNSPECIFIED., .F., .F. ) 
 B_SPLINE_CURVE_WITH_KNOTS ( ( 3, 3 ),
 ( 0.000000000000000000, 1.000000000000000000 ),
 .UNSPECIFIED. ) 
 CURVE ( )  GEOMETRIC_REPRESENTATION_ITEM ( )  RATIONAL_B_SPLINE_CURVE ( ( 1.000000000000000000, 0.3333333333333333148, 1.000000000000000000 ) ) 
 REPRESENTATION_ITEM ( '' )  );
#2777 = CARTESIAN_POINT ( 'NONE',  ( 0.06542438130972609567, -0.06542438130972610955, 0.2125000000000000500 ) ) ;
#2778 = EDGE_CURVE ( 'NONE', #2770, #158, #1570, .T. ) ;
#2779 = ORIENTED_EDGE ( 'NONE', *, *, #1765, .T. ) ;
#2780 = CARTESIAN_POINT ( 'NONE',  ( -0.09375000000000024980, 0.03650651419216897897, 0.6281812190402750185 ) ) ;
#2781 = FACE_OUTER_BOUND ( 'NONE', #2475, .T. ) ;
#2782 = CARTESIAN_POINT ( 'NONE',  ( 0.06542438130972610955, 0.06542438130972612342, 0.3250000000000000111 ) ) ;
#2783 = CARTESIAN_POINT ( 'NONE',  ( -0.09375000000000020817, 3.709213845753195715E-17, 0.6244390877365274539 ) ) ;
#2784 =( BOUNDED_CURVE ( )  B_SPLINE_CURVE ( 2, ( #2051, #46, #864, #2333, #577, #344, #2069, #1755, #1216 ),
 .UNSPECIFIED., .F., .T. ) 
 B_SPLINE_CURVE_WITH_KNOTS ( ( 3, 2, 2, 2, 3 ),
 ( 0.6136363636363636465, 0.6250000000000000000, 0.6363636363636363535, 0.6477272727272727071, 0.6590909090909090606 ),
 .UNSPECIFIED. ) 
 CURVE ( )  GEOMETRIC_REPRESENTATION_ITEM ( )  RATIONAL_B_SPLINE_CURVE ( ( 1.000000000000000000, 0.9238795325112867385, 1.000000000000000000, 0.9238795325112867385, 1.000000000000000000, 0.9238795325112867385, 1.000000000000000000, 0.9238795325112867385, 1.000000000000000000 ) ) 
 REPRESENTATION_ITEM ( '' )  );
#2785 = CARTESIAN_POINT ( 'NONE',  ( -0.09252404735808346381, -5.333078620822326605E-17, -0.01250000000000000590 ) ) ;
#2786 = CARTESIAN_POINT ( 'NONE',  ( -0.1249999999999999722, -0.05177669529663691400, -0.02812499999999997988 ) ) ;
#2787 = CARTESIAN_POINT ( 'NONE',  ( -0.08838834764831839108, -0.08838834764831836333, 0.2187500000000000555 ) ) ;
#2788 = CARTESIAN_POINT ( 'NONE',  ( 0.04907772850198856979, -0.1826198767988397309, 0.5000000000000000000 ) ) ;
#2789 = CARTESIAN_POINT ( 'NONE',  ( 0.000000000000000000, 7.549139889267777477E-20, 0.000000000000000000 ) ) ;
#2790 = DIRECTION ( 'NONE',  ( -1.000000000000000000, 0.000000000000000000, 0.000000000000000000 ) ) ;
#2791 = ORIENTED_EDGE ( 'NONE', *, *, #2122, .T. ) ;
#2792 = DIRECTION ( 'NONE',  ( -0.000000000000000000, -0.000000000000000000, -1.000000000000000000 ) ) ;
#2793 = CARTESIAN_POINT ( 'NONE',  ( -0.03832471526136870671, 0.09252404735808351932, 0.3781250000000000999 ) ) ;
#2794 = CARTESIAN_POINT ( 'NONE',  ( -0.1874999999999999167, 2.303761888290553917E-17, 0.7312499999999998446 ) ) ;
#2795 = CARTESIAN_POINT ( 'NONE',  ( -0.09252404735808350544, -0.03832471526136867895, 0.2968750000000000000 ) ) ;
#2796 = CARTESIAN_POINT ( 'NONE',  ( 0.1250000000000002776, -0.05177669529663646991, 0.4343750000000000666 ) ) ;
#2797 = FACE_OUTER_BOUND ( 'NONE', #2015, .T. ) ;
#2798 = FACE_OUTER_BOUND ( 'NONE', #2908, .T. ) ;
#2799 = CARTESIAN_POINT ( 'NONE',  ( -1.133092784412350307E-17, -0.09252404735808351932, 0.05000000000000002359 ) ) ;
#2800 = CARTESIAN_POINT ( 'NONE',  ( -1.530808498934190893E-17, -0.1249999999999999584, 0.1312500000000000333 ) ) ;
#2801 =( BOUNDED_CURVE ( )  B_SPLINE_CURVE ( 2, ( #47, #2408, #2389, #1001, #2167, #72, #3602, #2718, #2755 ),
 .UNSPECIFIED., .F., .T. ) 
 B_SPLINE_CURVE_WITH_KNOTS ( ( 3, 2, 2, 2, 3 ),
 ( 0.6590909090909090606, 0.6704545454545454142, 0.6818181818181817677, 0.6931818181818182323, 0.7045454545454545858 ),
 .UNSPECIFIED. ) 
 CURVE ( )  GEOMETRIC_REPRESENTATION_ITEM ( )  RATIONAL_B_SPLINE_CURVE ( ( 1.000000000000000000, 0.9238795325112867385, 1.000000000000000000, 0.9238795325112867385, 1.000000000000000000, 0.9238795325112867385, 1.000000000000000000, 0.9238795325112867385, 1.000000000000000000 ) ) 
 REPRESENTATION_ITEM ( '' )  );
#2802 = CARTESIAN_POINT ( 'NONE',  ( 0.06542438130972609567, -0.06542438130972616506, 0.01250000000000001804 ) ) ;
#2803 = CARTESIAN_POINT ( 'NONE',  ( -0.1638349478928960157, -0.09442855863492201351, 0.5093750000000000222 ) ) ;
#2804 = DIRECTION ( 'NONE',  ( -0.000000000000000000, -0.000000000000000000, -1.000000000000000000 ) ) ;
#2805 = DIRECTION ( 'NONE',  ( -1.000000000000000000, 0.000000000000000000, 0.000000000000000000 ) ) ;
#2806 = CARTESIAN_POINT ( 'NONE',  ( 0.05177669529663694176, 0.1250000000000000000, 0.4468750000000000222 ) ) ;
#2807 = LINE ( 'NONE', #177, #2031 ) ;
#2808 = CARTESIAN_POINT ( 'NONE',  ( 0.06542438130972610955, 0.06542438130972609567, 0.2687500000000000444 ) ) ;
#2809 = VECTOR ( 'NONE', #3045, 39.37007874015748143 ) ;
#2810 = CARTESIAN_POINT ( 'NONE',  ( -0.02208932314516315332, 0.1687499999999999001, 0.7499999999999998890 ) ) ;
#2811 = CARTESIAN_POINT ( 'NONE',  ( 0.03832471526136877610, 0.09252404735808351932, 0.3281250000000000000 ) ) ;
#2812 = CARTESIAN_POINT ( 'NONE',  ( 0.1037047591374642558, 0.1349437795129906081, 0.7499999999999998890 ) ) ;
#2813 = AXIS2_PLACEMENT_3D ( 'NONE', #1496, #1478, #3284 ) ;
#2814 = CARTESIAN_POINT ( 'NONE',  ( -0.1556432004982483130, -0.08970713070317513915, 0.5000000000000000000 ) ) ;
#2815 = CARTESIAN_POINT ( 'NONE',  ( -0.05177669529663687931, -0.1249999999999999167, 0.2218750000000000444 ) ) ;
#2816 = CARTESIAN_POINT ( 'NONE',  ( 0.04788696316219668431, -0.09312906856560809743, 0.01692908565269859306 ) ) ;
#2817 = CARTESIAN_POINT ( 'NONE',  ( 0.000000000000000000, 0.1249999999999999306, 0.1562499999999999722 ) ) ;
#2818 = CARTESIAN_POINT ( 'NONE',  ( 0.09252404735808347769, 0.03832471526136873446, 0.1718750000000000278 ) ) ;
#2819 = CARTESIAN_POINT ( 'NONE',  ( 0.06542438130972610955, 0.06542438130972602628, 0.01874999999999997849 ) ) ;
#2820 = CARTESIAN_POINT ( 'NONE',  ( 0.05177669529663683767, -0.1250000000000000278, 0.03437500000000003053 ) ) ;
#2821 = CARTESIAN_POINT ( 'NONE',  ( 0.1249999999999999306, 5.095304082635194700E-17, 0.4375000000000000555 ) ) ;
#2822 = CARTESIAN_POINT ( 'NONE',  ( 0.09252404735808344993, 0.03832471526136867895, 0.01562499999999998612 ) ) ;
#2823 =( BOUNDED_CURVE ( )  B_SPLINE_CURVE ( 2, ( #2745, #1307, #3000, #2210, #2160, #3071, #3665, #715, #424 ),
 .UNSPECIFIED., .F., .F. ) 
 B_SPLINE_CURVE_WITH_KNOTS ( ( 3, 2, 2, 2, 3 ),
 ( 0.1590909090909090884, 0.1704545454545454419, 0.1818181818181818232, 0.1931818181818181768, 0.2045454545454545581 ),
 .UNSPECIFIED. ) 
 CURVE ( )  GEOMETRIC_REPRESENTATION_ITEM ( )  RATIONAL_B_SPLINE_CURVE ( ( 1.000000000000000000, 0.9238795325112867385, 1.000000000000000000, 0.9238795325112867385, 1.000000000000000000, 0.9238795325112867385, 1.000000000000000000, 0.9238795325112867385, 1.000000000000000000 ) ) 
 REPRESENTATION_ITEM ( '' )  );
#2824 = ADVANCED_FACE ( 'NONE', ( #595 ), #285, .T. ) ;
#2825 = CARTESIAN_POINT ( 'NONE',  ( 0.02454369238353812377, -0.1874999999999998890, 0.7312499999999998446 ) ) ;
#2826 = CARTESIAN_POINT ( 'NONE',  ( -0.09252404735808350544, -0.03832471526136867895, 0.2968750000000000000 ) ) ;
#2827 = CARTESIAN_POINT ( 'NONE',  ( -0.08838834764831837720, 0.08838834764831847435, 0.4562499999999999889 ) ) ;
#2828 = CARTESIAN_POINT ( 'NONE',  ( 0.1249999999999999167, -0.05177669529663686543, 0.4406250000000000999 ) ) ;
#2829 = CARTESIAN_POINT ( 'NONE',  ( -0.1249999999999999306, -2.919030456217241704E-17, 0.06250000000000001388 ) ) ;
#2830 = CARTESIAN_POINT ( 'NONE',  ( 0.06542438130972610955, 0.06542438130972608179, 0.2249999999999999778 ) ) ;
#2831 = CARTESIAN_POINT ( 'NONE',  ( 0.06520691743924725281, 0.08470278808327330600, 0.4615949736826380212 ) ) ;
#2832 = CARTESIAN_POINT ( 'NONE',  ( 0.1249999999999999445, 0.05177669529663694176, 0.3468749999999999889 ) ) ;
#2833 = CARTESIAN_POINT ( 'NONE',  ( 0.1499375328083565329, 0.1152275101365986543, 0.5093750000000000222 ) ) ;
#2834 = CARTESIAN_POINT ( 'NONE',  ( -0.1687499999999999001, 2.744475302765376899E-17, 0.7499999999999998890 ) ) ;
#2835 = CARTESIAN_POINT ( 'NONE',  ( 0.000000000000000000, 7.549139889267777477E-20, 0.000000000000000000 ) ) ;
#2836 = EDGE_CURVE ( 'NONE', #3101, #2135, #2314, .T. ) ;
#2837 = CARTESIAN_POINT ( 'NONE',  ( -0.09374999999999998612, -0.05412658773652766209, 0.6328124999999998890 ) ) ;
#2838 = CARTESIAN_POINT ( 'NONE',  ( 0.000000000000000000, 0.09252404735808344993, 0.1749999999999999889 ) ) ;
#2839 = CARTESIAN_POINT ( 'NONE',  ( 0.08838834764831839108, -0.08838834764831843271, 0.1875000000000000555 ) ) ;
#2840 = CARTESIAN_POINT ( 'NONE',  ( -0.08838834764831837720, 0.08838834764831847435, 0.4562499999999999889 ) ) ;
#2841 = CARTESIAN_POINT ( 'NONE',  ( 0.1874999999999999167, 0.02454369238351226598, 0.7500000000000000000 ) ) ;
#2842 = CARTESIAN_POINT ( 'NONE',  ( 0.06542438130972610955, 0.06542438130972605403, 0.1187499999999999944 ) ) ;
#2843 = CARTESIAN_POINT ( 'NONE',  ( 0.1249999999999999306, -2.288663608512017221E-17, 0.1875000000000000278 ) ) ;
#2844 = CARTESIAN_POINT ( 'NONE',  ( 0.1638349479016219523, -0.09442855861385576755, 0.7312499999999998446 ) ) ;
#2845 = ORIENTED_EDGE ( 'NONE', *, *, #825, .F. ) ;
#2846 = CARTESIAN_POINT ( 'NONE',  ( -0.1474514531114621274, -0.08498570275245452554, 0.7499999999999998890 ) ) ;
#2847 = CARTESIAN_POINT ( 'NONE',  ( 0.08838834764831843271, 0.08838834764831846047, 0.4499999999999999556 ) ) ;
#2848 = CARTESIAN_POINT ( 'NONE',  ( 0.1874999999999999167, 2.219009066670379932E-17, 0.5093750000000000222 ) ) ;
#2849 = CARTESIAN_POINT ( 'NONE',  ( -0.04416995567076757029, 0.1643578891110955009, 0.7499999999999998890 ) ) ;
#2850 = CARTESIAN_POINT ( 'NONE',  ( 0.1249999999999999445, -6.534445030921665508E-17, 0.04375000000000000416 ) ) ;
#2851 = CARTESIAN_POINT ( 'NONE',  ( 0.1249999999999999167, -0.05177669529663688625, 0.2843750000000000444 ) ) ;
#2852 = CARTESIAN_POINT ( 'NONE',  ( 0.08498570275243588767, -0.1474514531114731186, 0.7499999999999998890 ) ) ;
#2853 = EDGE_CURVE ( 'NONE', #666, #2593, #2562, .T. ) ;
#2854 = CARTESIAN_POINT ( 'NONE',  ( -0.09252404735808347769, 8.142662415521335812E-17, 0.4437500000000000333 ) ) ;
#2855 = CARTESIAN_POINT ( 'NONE',  ( 0.02454369240633528029, 0.1874999999999999167, 0.5000000000000000000 ) ) ;
#2856 = CARTESIAN_POINT ( 'NONE',  ( -0.1249999999999999306, -2.919030456217241704E-17, 0.06250000000000001388 ) ) ;
#2857 = DIRECTION ( 'NONE',  ( -0.8673144019880985045, 0.000000000000000000, 0.4977607137008978055 ) ) ;
#2858 = CARTESIAN_POINT ( 'NONE',  ( -1.133092784412350615E-17, -0.09252404735808353320, 0.05625000000000002220 ) ) ;
#2859 = EDGE_CURVE ( 'NONE', #2665, #522, #1382, .T. ) ;
#2860 = CARTESIAN_POINT ( 'NONE',  ( -0.03832471526136872059, -0.09252404735808344993, 0.2468750000000000944 ) ) ;
#2861 = CARTESIAN_POINT ( 'NONE',  ( 0.08838834764831839108, -0.08838834764831847435, 0.03750000000000002637 ) ) ;
#2862 = CARTESIAN_POINT ( 'NONE',  ( -0.08838834764831837720, 0.08838834764831846047, 0.4062500000000000000 ) ) ;
#2863 = CARTESIAN_POINT ( 'NONE',  ( 0.03832471526136869283, -0.09252404735808351932, 0.05312500000000001943 ) ) ;
#2864 = CARTESIAN_POINT ( 'NONE',  ( 0.06271835715228439578, -0.07204271508805261404, 0.6252323921391043093 ) ) ;
#2865 = LINE ( 'NONE', #1819, #1408 ) ;
#2866 = CARTESIAN_POINT ( 'NONE',  ( -0.03832471526136872753, -0.09252404735808343605, 0.4031250000000000666 ) ) ;
#2867 = DIRECTION ( 'NONE',  ( -0.000000000000000000, -0.000000000000000000, 1.000000000000000000 ) ) ;
#2868 = EDGE_LOOP ( 'NONE', ( #1557, #576, #1258, #2360 ) ) ;
#2869 = CARTESIAN_POINT ( 'NONE',  ( -0.09442855881954360930, 0.1638349478164232709, 0.5093750000000001332 ) ) ;
#2870 = CARTESIAN_POINT ( 'NONE',  ( 0.09375000000000002776, -0.01822629401375015085, 0.7424114531706373921 ) ) ;
#2871 = CARTESIAN_POINT ( 'NONE',  ( -0.04907772852305024996, -0.1826198767901092423, 0.7500000000000000000 ) ) ;
#2872 = CIRCLE ( 'NONE', #1212, 0.1082531754730549772 ) ;
#2873 = CARTESIAN_POINT ( 'NONE',  ( -0.03832471526136872059, 0.09252404735808356095, 0.4843750000000000000 ) ) ;
#2874 = ORIENTED_EDGE ( 'NONE', *, *, #2859, .T. ) ;
#2875 = CARTESIAN_POINT ( 'NONE',  ( -0.1499375328083491221, 0.1152275101366060650, 0.5093750000000000222 ) ) ;
#2876 = VECTOR ( 'NONE', #1510, 39.37007874015748143 ) ;
#2877 = EDGE_CURVE ( 'NONE', #938, #2303, #431, .T. ) ;
#2878 = CARTESIAN_POINT ( 'NONE',  ( 0.1249999999999998890, -0.05177669529663698339, 0.03437500000000002359 ) ) ;
#2879 = AXIS2_PLACEMENT_3D ( 'NONE', #1846, #2993, #348 ) ;
#2880 = ORIENTED_EDGE ( 'NONE', *, *, #74, .F. ) ;
#2881 = CARTESIAN_POINT ( 'NONE',  ( -0.06542438130972609567, 0.06542438130972606791, 0.03749999999999998473 ) ) ;
#2882 = CARTESIAN_POINT ( 'NONE',  ( 0.06542438130972610955, 0.06542438130972608179, 0.1749999999999999889 ) ) ;
#2883 = CARTESIAN_POINT ( 'NONE',  ( -0.09252404735808347769, 0.03832471526136873446, 0.2343750000000000000 ) ) ;
#2884 = EDGE_CURVE ( 'NONE', #2380, #1196, #1023, .T. ) ;
#2885 = CARTESIAN_POINT ( 'NONE',  ( 0.1249999999999999584, 0.05177669529663688625, 0.1968749999999999944 ) ) ;
#2886 = CARTESIAN_POINT ( 'NONE',  ( 0.1249999999999998890, -0.05177669529663685849, 0.4343750000000001776 ) ) ;
#2887 = EDGE_LOOP ( 'NONE', ( #1449, #1121, #1003, #63 ) ) ;
#2888 =( BOUNDED_CURVE ( )  B_SPLINE_CURVE ( 2, ( #417, #3398, #3638, #1558, #121, #1262, #965, #100, #3696 ),
 .UNSPECIFIED., .F., .T. ) 
 B_SPLINE_CURVE_WITH_KNOTS ( ( 3, 2, 2, 2, 3 ),
 ( 0.4318181818181818232, 0.4431818181818181768, 0.4545454545454545303, 0.4659090909090908839, 0.4772727272727272929 ),
 .UNSPECIFIED. ) 
 CURVE ( )  GEOMETRIC_REPRESENTATION_ITEM ( )  RATIONAL_B_SPLINE_CURVE ( ( 1.000000000000000000, 0.9238795325112867385, 1.000000000000000000, 0.9238795325112867385, 1.000000000000000000, 0.9238795325112867385, 1.000000000000000000, 0.9238795325112867385, 1.000000000000000000 ) ) 
 REPRESENTATION_ITEM ( '' )  );
#2889 = CARTESIAN_POINT ( 'NONE',  ( -0.06542438130972608179, -0.06542438130972612342, -0.006249999999999989071 ) ) ;
#2890 = CARTESIAN_POINT ( 'NONE',  ( 0.05177669529663694176, 0.1249999999999998751, 0.09687499999999997502 ) ) ;
#2891 = ORIENTED_EDGE ( 'NONE', *, *, #3385, .F. ) ;
#2892 = CARTESIAN_POINT ( 'NONE',  ( -0.09374999999999998612, 0.05412658773652764127, 0.6328124999999998890 ) ) ;
#2893 = CARTESIAN_POINT ( 'NONE',  ( 0.05177669529663683767, -0.1249999999999999445, 0.3843750000000000222 ) ) ;
#2894 = CARTESIAN_POINT ( 'NONE',  ( 0.1874999999999998057, 0.02454369260617027954, 0.5093749999999999112 ) ) ;
#2895 = CARTESIAN_POINT ( 'NONE',  ( 0.03832471526136877610, 0.09252404735808353320, 0.5281249999999999556 ) ) ;
#2896 = CARTESIAN_POINT ( 'NONE',  ( 0.1152275101366037335, -0.1499375328083514536, 0.5093750000000000222 ) ) ;
#2897 = CARTESIAN_POINT ( 'NONE',  ( -0.08838834764831840496, -0.08838834764831836333, 0.2750000000000000777 ) ) ;
#2898 = CARTESIAN_POINT ( 'NONE',  ( 0.02444606084533867615, -0.09728682562644820619, 0.01251098379585825239 ) ) ;
#2899 = LINE ( 'NONE', #3740, #3629 ) ;
#2900 = CARTESIAN_POINT ( 'NONE',  ( 0.06542438130972609567, -0.06542438130972615118, 0.06250000000000001388 ) ) ;
#2901 = CARTESIAN_POINT ( 'NONE',  ( -1.133092784412350307E-17, -0.09252404735808347769, 0.1500000000000000500 ) ) ;
#2902 = CARTESIAN_POINT ( 'NONE',  ( -1.530808498934190893E-17, -0.1249999999999999167, 0.2812500000000000555 ) ) ;
#2903 = CARTESIAN_POINT ( 'NONE',  ( 0.04659634652148780115, 0.09190695977762526614, 0.01531158634454674733 ) ) ;
#2904 = CARTESIAN_POINT ( 'NONE',  ( 0.06542438130972610955, 0.06542438130972604016, 0.07499999999999998335 ) ) ;
#2905 = EDGE_LOOP ( 'NONE', ( #3490, #2422, #1454, #1823 ) ) ;
#2906 = CARTESIAN_POINT ( 'NONE',  ( -0.09252404735808347769, 0.03832471526136870671, 0.1343750000000000222 ) ) ;
#2907 = CARTESIAN_POINT ( 'NONE',  ( -0.1037047591374622019, 0.1349437795129974915, 0.7499999999999998890 ) ) ;
#2908 = EDGE_LOOP ( 'NONE', ( #3516, #890, #3476, #3168 ) ) ;
#2909 = DIRECTION ( 'NONE',  ( -0.8660254037844388186, 0.4999999999999995559, 0.000000000000000000 ) ) ;
#2910 = CARTESIAN_POINT ( 'NONE',  ( -0.1094842364751933694, -0.1424185764360892392, 0.5000000000000000000 ) ) ;
#2912 = EDGE_CURVE ( 'NONE', #2135, #563, #3314, .T. ) ;
#2911 = EDGE_LOOP ( 'NONE', ( #33, #1590, #3569, #2725 ) ) ;
#2913 = CARTESIAN_POINT ( 'NONE',  ( -0.09252404735808350544, -0.03832471526136865120, 0.3968750000000001443 ) ) ;
#2914 = CARTESIAN_POINT ( 'NONE',  ( 0.1826198768753090618, -0.04907772831736497560, 0.7312499999999997335 ) ) ;
#2915 = FACE_OUTER_BOUND ( 'NONE', #49, .T. ) ;
#2916 = CARTESIAN_POINT ( 'NONE',  ( 0.08838834764831837720, -0.08838834764831843271, 0.1312500000000000611 ) ) ;
#2917 = CARTESIAN_POINT ( 'NONE',  ( -0.05177669529663686543, -0.1249999999999999861, 0.07187500000000004996 ) ) ;
#2918 = CARTESIAN_POINT ( 'NONE',  ( 0.09252404735808347769, 2.184493001123028314E-17, 0.3187499999999999778 ) ) ;
#2919 = CARTESIAN_POINT ( 'NONE',  ( -0.09252404735808346381, 5.004476146783770330E-17, 0.3375000000000000222 ) ) ;
#2920 = B_SPLINE_CURVE_WITH_KNOTS ( 'NONE', 3,
 ( #1648, #2307, #2012, #2500, #3378, #3395, #3042, #120, #2757, #1299, #1916, #3657 ),
 .UNSPECIFIED., .F., .F.,
 ( 4, 2, 2, 2, 2, 4 ),
 ( 1.788769304001571467E-17, 0.0006927509509270183413, 0.001385501901854018685, 0.001731877377317518965, 0.002078252852781019028, 0.002771003803708019589 ),
 .UNSPECIFIED. ) ;
#2921 = CARTESIAN_POINT ( 'NONE',  ( -0.05898064583586848375, 0.09086831074742492131, 0.02061455242319561870 ) ) ;
#2922 = ORIENTED_EDGE ( 'NONE', *, *, #2359, .F. ) ;
#2923 = CARTESIAN_POINT ( 'NONE',  ( 0.03832471526136869283, -0.09252404735808344993, 0.3031250000000000333 ) ) ;
#2924 = CARTESIAN_POINT ( 'NONE',  ( 0.06542438130972609567, -0.06542438130972616506, 0.01250000000000001804 ) ) ;
#2925 = EDGE_CURVE ( 'NONE', #1338, #1553, #1260, .T. ) ;
#2926 = CARTESIAN_POINT ( 'NONE',  ( -0.05177669529663686543, -0.1249999999999999584, 0.1718750000000000555 ) ) ;
#2927 = VERTEX_POINT ( 'NONE', #18 ) ;
#2928 = DIRECTION ( 'NONE',  ( -0.000000000000000000, -0.000000000000000000, -1.000000000000000000 ) ) ;
#2929 = CARTESIAN_POINT ( 'NONE',  ( 0.1249999999999999306, 5.095304082635194700E-17, 0.4375000000000000555 ) ) ;
#2930 = CARTESIAN_POINT ( 'NONE',  ( 0.000000000000000000, 7.549139889267777477E-20, 0.000000000000000000 ) ) ;
#2931 = CARTESIAN_POINT ( 'NONE',  ( -0.05177669529663687931, -0.1250000000000000000, 0.07187500000000004996 ) ) ;
#2932 =( BOUNDED_CURVE ( )  B_SPLINE_CURVE ( 2, ( #3428, #218, #1384 ),
 .UNSPECIFIED., .F., .T. ) 
 B_SPLINE_CURVE_WITH_KNOTS ( ( 3, 3 ),
 ( 0.000000000000000000, 1.000000000000000000 ),
 .UNSPECIFIED. ) 
 CURVE ( )  GEOMETRIC_REPRESENTATION_ITEM ( )  RATIONAL_B_SPLINE_CURVE ( ( 1.000000000000000000, 0.3333333333333334259, 1.000000000000000000 ) ) 
 REPRESENTATION_ITEM ( '' )  );
#2933 = FACE_OUTER_BOUND ( 'NONE', #1968, .T. ) ;
#2934 = CARTESIAN_POINT ( 'NONE',  ( -0.1638349478164232709, -0.09442855881954369257, 0.7312499999999998446 ) ) ;
#2935 =( CONVERSION_BASED_UNIT ( 'INCH', #2024 ) LENGTH_UNIT ( ) NAMED_UNIT ( #654 ) );
#2936 = CYLINDRICAL_SURFACE ( 'NONE', #3190, 0.1249999999999999306 ) ;
#2937 = ORIENTED_EDGE ( 'NONE', *, *, #2670, .F. ) ;
#2938 = CARTESIAN_POINT ( 'NONE',  ( -0.06542438130972609567, 0.06542438130972615118, 0.3375000000000000222 ) ) ;
#2939 =( GEOMETRIC_REPRESENTATION_CONTEXT ( 3 ) GLOBAL_UNCERTAINTY_ASSIGNED_CONTEXT ( ( #3050 ) ) GLOBAL_UNIT_ASSIGNED_CONTEXT ( ( #2935, #1479, #3771 ) ) REPRESENTATION_CONTEXT ( 'NONE', 'WORKASPACE' ) );
#2940 = CARTESIAN_POINT ( 'NONE',  ( 0.06542438130972610955, 0.06542438130972617893, 0.5187500000000000444 ) ) ;
#2941 = CARTESIAN_POINT ( 'NONE',  ( -0.05177669529663686543, 0.1249999999999999861, 0.3093749999999999556 ) ) ;
#2942 = CARTESIAN_POINT ( 'NONE',  ( -0.08545707805089361453, 0.06907247121846676885, 0.02216393920888943408 ) ) ;
#2943 = VECTOR ( 'NONE', #162, 39.37007874015748143 ) ;
#2944 = CARTESIAN_POINT ( 'NONE',  ( -0.05177669529663687931, 0.1250000000000000278, 0.4593750000000000888 ) ) ;
#2945 = CARTESIAN_POINT ( 'NONE',  ( 0.09252404735808344993, 0.03832471526136876916, 0.3156249999999999889 ) ) ;
#2946 = CARTESIAN_POINT ( 'NONE',  ( 0.000000000000000000, 0.1249999999999999167, 0.09999999999999997780 ) ) ;
#2947 = CARTESIAN_POINT ( 'NONE',  ( -0.09442855861383742111, 0.1638349479016295296, 0.7312499999999998446 ) ) ;
#2948 = ADVANCED_FACE ( 'NONE', ( #3383 ), #3824, .T. ) ;
#2949 = DIRECTION ( 'NONE',  ( 0.000000000000000000, 0.000000000000000000, 1.000000000000000000 ) ) ;
#2950 = CARTESIAN_POINT ( 'NONE',  ( -0.04662384207688798771, -0.1734888829588974724, 0.5000000000000000000 ) ) ;
#2951 = ORIENTED_EDGE ( 'NONE', *, *, #1956, .F. ) ;
#2952 = CARTESIAN_POINT ( 'NONE',  ( -0.02454369260617019974, -0.1874999999999998057, 0.7312499999999997335 ) ) ;
#2953 = FACE_OUTER_BOUND ( 'NONE', #146, .T. ) ;
#2954 = CARTESIAN_POINT ( 'NONE',  ( 0.09252404735808344993, -0.03832471526136876916, 0.1593750000000000167 ) ) ;
#2955 = CARTESIAN_POINT ( 'NONE',  ( -0.1249999999999999306, -1.442236917987798888E-17, 0.1125000000000000167 ) ) ;
#2956 = VERTEX_POINT ( 'NONE', #2651 ) ;
#2957 = CARTESIAN_POINT ( 'NONE',  ( -0.09252404735808346381, 6.481269685013212837E-17, 0.3875000000000000111 ) ) ;
#2958 = EDGE_CURVE ( 'NONE', #743, #2637, #2657, .T. ) ;
#2959 = CARTESIAN_POINT ( 'NONE',  ( 0.09442855861383052385, 0.1638349479016324439, 0.7312499999999998446 ) ) ;
#2960 = CARTESIAN_POINT ( 'NONE',  ( 0.03103164284771551054, 0.09033704812153016406, 0.6252323921391043093 ) ) ;
#2961 = ORIENTED_EDGE ( 'NONE', *, *, #3742, .F. ) ;
#2962 = CARTESIAN_POINT ( 'NONE',  ( 0.09252404735808344993, 0.03832471526136874140, 0.2156250000000000111 ) ) ;
#2963 = CARTESIAN_POINT ( 'NONE',  ( -0.03832471526136872059, 0.09252404735808344993, 0.08437499999999996392 ) ) ;
#2964 = CARTESIAN_POINT ( 'NONE',  ( 0.1249999999999998890, -0.05177669529663693482, 0.1343750000000000222 ) ) ;
#2965 = ORIENTED_EDGE ( 'NONE', *, *, #825, .T. ) ;
#2966 = DIRECTION ( 'NONE',  ( -1.000000000000000000, 0.000000000000000000, 0.000000000000000000 ) ) ;
#2967 = CARTESIAN_POINT ( 'NONE',  ( -0.1734888829588906445, 0.04662384207689185267, 0.5000000000000000000 ) ) ;
#2968 = ORIENTED_EDGE ( 'NONE', *, *, #423, .T. ) ;
#2969 = DIRECTION ( 'NONE',  ( -0.000000000000000000, 0.000000000000000000, -1.000000000000000000 ) ) ;
#2970 = CARTESIAN_POINT ( 'NONE',  ( -0.09704803817074177108, 0.06724689455031025720, 0.4680251301311541545 ) ) ;
#2971 = DIRECTION ( 'NONE',  ( -0.000000000000000000, -0.000000000000000000, -1.000000000000000000 ) ) ;
#2972 = CARTESIAN_POINT ( 'NONE',  ( 0.03832471526136876916, 0.09252404735808343605, 0.1218749999999999833 ) ) ;
#2973 = CARTESIAN_POINT ( 'NONE',  ( 0.1249999999999999306, -3.765457146741459112E-17, 0.1375000000000000111 ) ) ;
#2974 = EDGE_CURVE ( 'NONE', #2593, #3101, #2063, .T. ) ;
#2975 = CARTESIAN_POINT ( 'NONE',  ( -0.09252404735808347769, 6.665868877291894538E-17, 0.3937499999999999889 ) ) ;
#2976 = CARTESIAN_POINT ( 'NONE',  ( -0.09252404735808350544, 0.03832471526136870671, 0.1406250000000000000 ) ) ;
#2977 = ORIENTED_EDGE ( 'NONE', *, *, #2376, .T. ) ;
#2978 = CARTESIAN_POINT ( 'NONE',  ( -0.1152275101527416301, 0.1499375327922135848, 0.7500000000000000000 ) ) ;
#2979 = CARTESIAN_POINT ( 'NONE',  ( 0.000000000000000000, 0.09252404735808353320, 0.4250000000000000444 ) ) ;
#2980 = CARTESIAN_POINT ( 'NONE',  ( -0.1874999999999999167, 2.303761888290553917E-17, 0.7312499999999998446 ) ) ;
#2981 = CARTESIAN_POINT ( 'NONE',  ( 0.03307519762642858324, -0.08662177756960404151, 0.005024047358083655844 ) ) ;
#2982 = ADVANCED_FACE ( 'NONE', ( #398 ), #34, .T. ) ;
#2983 = CARTESIAN_POINT ( 'NONE',  ( 0.06542438130972608179, -0.06542438130972606791, 0.3062500000000000222 ) ) ;
#2984 = CARTESIAN_POINT ( 'NONE',  ( -0.09252404735808350544, -0.03832471526136874140, 0.09687500000000001665 ) ) ;
#2985 = B_SPLINE_CURVE_WITH_KNOTS ( 'NONE', 3,
 ( #2045, #2100, #3595, #3255, #1502, #642, #2942, #2610, #1182, #2921, #274, #300, #2123, #2685, #1466, #2357, #3273, #3551, #316, #2650, #2903, #2630, #17, #3804, #3292, #623, #2079, #1813, #2668, #257 ),
 .UNSPECIFIED., .F., .F.,
 ( 4, 2, 2, 2, 2, 2, 2, 2, 2, 2, 2, 2, 2, 2, 4 ),
 ( 0.007107169621544132121, 0.008152991886494039692, 0.008675903018968991742, 0.009198814151443945528, 0.009721725283918897578, 0.01024463641639385136, 0.01076754754886880341, 0.01129045868134375546, 0.01181336981381870925, 0.01233628094629366130, 0.01285919207876861335, 0.01338210321124356714, 0.01390501434371851919, 0.01442792547619347124, 0.01547374774114337534 ),
 .UNSPECIFIED. ) ;
#2986 = ORIENTED_EDGE ( 'NONE', *, *, #2925, .T. ) ;
#2987 = CARTESIAN_POINT ( 'NONE',  ( 0.04419512920626667701, -0.1643444175577037369, 0.7499999999999997780 ) ) ;
#2988 = CARTESIAN_POINT ( 'NONE',  ( -0.1690233251552503146, -0.05740832737790350221, 0.5000000000000000000 ) ) ;
#2989 = ORIENTED_EDGE ( 'NONE', *, *, #1103, .T. ) ;
#2990 = CYLINDRICAL_SURFACE ( 'NONE', #3377, 0.1249999999999999306 ) ;
#2991 = CARTESIAN_POINT ( 'NONE',  ( 0.09375000000000002776, 0.03650651419216901367, 0.7453687190402749074 ) ) ;
#2992 = ORIENTED_EDGE ( 'NONE', *, *, #150, .T. ) ;
#2993 = DIRECTION ( 'NONE',  ( 0.000000000000000000, 0.000000000000000000, 1.000000000000000000 ) ) ;
#2994 = CARTESIAN_POINT ( 'NONE',  ( 0.09252404735808344993, -0.03832471526136878304, 0.1093750000000000139 ) ) ;
#2995 = CARTESIAN_POINT ( 'NONE',  ( 0.1249999999999997363, 0.05177669529663708747, 0.1906250000000000722 ) ) ;
#2996 = ORIENTED_EDGE ( 'NONE', *, *, #909, .F. ) ;
#2997 = CARTESIAN_POINT ( 'NONE',  ( 0.09252404735808347769, -0.03832471526136878998, 0.1156250000000000333 ) ) ;
#2998 = CARTESIAN_POINT ( 'NONE',  ( 0.09252404735808344993, 0.03832471526136878998, 0.4156250000000001332 ) ) ;
#2999 = EDGE_CURVE ( 'NONE', #45, #2115, #835, .T. ) ;
#3000 = CARTESIAN_POINT ( 'NONE',  ( 0.08838834764831843271, 0.08838834764831833557, 0.04999999999999998196 ) ) ;
#3001 = CONICAL_SURFACE ( 'NONE', #3506, 0.1082531754730549772, 1.047197551196600074 ) ;
#3002 = ADVANCED_FACE ( 'NONE', ( #1314 ), #2636, .T. ) ;
#3003 = CARTESIAN_POINT ( 'NONE',  ( -0.09252404735808347769, 0.03832471526136876222, 0.3343750000000000333 ) ) ;
#3004 = AXIS2_PLACEMENT_3D ( 'NONE', #3691, #3394, #2521 ) ;
#3005 = CARTESIAN_POINT ( 'NONE',  ( 0.06542438130972610955, 0.06542438130972608179, 0.1749999999999999889 ) ) ;
#3006 = CARTESIAN_POINT ( 'NONE',  ( 0.1249999999999999167, 0.05177669529663688625, 0.1906250000000000444 ) ) ;
#3007 = CONICAL_SURFACE ( 'NONE', #1472, 0.1082531754730549772, 1.047197551196600074 ) ;
#3008 = CARTESIAN_POINT ( 'NONE',  ( -0.09252404735808347769, 2.235488262603567632E-17, 0.2437500000000000222 ) ) ;
#3009 = CARTESIAN_POINT ( 'NONE',  ( 0.1826198767988397309, 0.04907772850198856979, 0.5000000000000000000 ) ) ;
#3010 = EDGE_LOOP ( 'NONE', ( #1810, #262, #961, #1903 ) ) ;
#3011 = FACE_BOUND ( 'NONE', #3590, .T. ) ;
#3012 = CARTESIAN_POINT ( 'NONE',  ( -0.1249999999999999306, 2.988143696700528942E-17, 0.2625000000000000111 ) ) ;
#3013 = CARTESIAN_POINT ( 'NONE',  ( 0.03832471526136869283, -0.09252404735808351932, 0.1531250000000000389 ) ) ;
#3014 = CARTESIAN_POINT ( 'NONE',  ( 0.1826198768753090895, -0.04907772831736496172, 0.5093749999999999112 ) ) ;
#3015 = CARTESIAN_POINT ( 'NONE',  ( 0.06542438130972609567, -0.06542438130972612342, 0.1125000000000000305 ) ) ;
#3016 = EDGE_LOOP ( 'NONE', ( #675, #3601, #2968 ) ) ;
#3017 = CARTESIAN_POINT ( 'NONE',  ( -1.133092784412350307E-17, -0.09252404735808338054, 0.5000000000000001110 ) ) ;
#3018 = CARTESIAN_POINT ( 'NONE',  ( 0.1249999999999999167, -0.05177669529663691400, 0.2406250000000000333 ) ) ;
#3019 = CARTESIAN_POINT ( 'NONE',  ( -0.03832471526136872059, -0.09252404735808336667, 0.4968750000000001221 ) ) ;
#3020 = CARTESIAN_POINT ( 'NONE',  ( -0.06542438130972610955, -0.06542438130972610955, 0.1500000000000000222 ) ) ;
#3021 = CARTESIAN_POINT ( 'NONE',  ( -0.05177669529663686543, -0.1249999999999998890, 0.2718750000000000888 ) ) ;
#3022 = ORIENTED_EDGE ( 'NONE', *, *, #3692, .T. ) ;
#3023 = CARTESIAN_POINT ( 'NONE',  ( 0.09442855863492423396, 0.1638349478928950997, 0.5093750000000000222 ) ) ;
#3024 = ORIENTED_EDGE ( 'NONE', *, *, #1934, .F. ) ;
#3025 = FACE_OUTER_BOUND ( 'NONE', #343, .T. ) ;
#3026 = CARTESIAN_POINT ( 'NONE',  ( 0.09375000000000001388, -1.104688082028675513E-16, 0.7416265877365273429 ) ) ;
#3027 = EDGE_CURVE ( 'NONE', #1665, #3227, #269, .T. ) ;
#3028 = EDGE_LOOP ( 'NONE', ( #1436, #2992, #3096, #2996 ) ) ;
#3029 = DIRECTION ( 'NONE',  ( -0.4999999999999996114, -0.8660254037844389297, 0.000000000000000000 ) ) ;
#3030 = CARTESIAN_POINT ( 'NONE',  ( -0.09252404735808346381, -0.03832471526136874834, 0.04062500000000000833 ) ) ;
#3031 = CARTESIAN_POINT ( 'NONE',  ( 0.09252404735808347769, -0.03832471526136879691, 0.06562500000000000278 ) ) ;
#3032 = CARTESIAN_POINT ( 'NONE',  ( -0.1687499999999999001, -0.02208932314516313944, 0.7499999999999998890 ) ) ;
#3033 = EDGE_LOOP ( 'NONE', ( #1583, #2617, #2937, #3316, #1886 ) ) ;
#3034 = CARTESIAN_POINT ( 'NONE',  ( -0.09252404735808350544, 0.03832471526136869977, 0.09062499999999999722 ) ) ;
#3035 = CARTESIAN_POINT ( 'NONE',  ( 0.1249999999999999445, -2.104064416233337678E-17, 0.1937500000000000056 ) ) ;
#3036 = CARTESIAN_POINT ( 'NONE',  ( -0.002504483918293605275, -0.09268666473440835551, 0.005024047358084527543 ) ) ;
#3037 = CARTESIAN_POINT ( 'NONE',  ( 0.09252404735808344993, 0.03832471526136870671, 0.1156250000000000194 ) ) ;
#3038 = CARTESIAN_POINT ( 'NONE',  ( -0.06542438130972608179, -0.06542438130972601240, 0.3937499999999999889 ) ) ;
#3039 = CARTESIAN_POINT ( 'NONE',  ( -0.06542438130972610955, -0.06542438130972612342, 0.1000000000000000194 ) ) ;
#3040 = CARTESIAN_POINT ( 'NONE',  ( -0.1249999999999999584, -0.05177669529663683767, 0.2156250000000000389 ) ) ;
#3041 = CARTESIAN_POINT ( 'NONE',  ( -0.1499375328083459857, -0.1152275101366093263, 0.5093750000000000222 ) ) ;
#3042 = CARTESIAN_POINT ( 'NONE',  ( 0.08711758624514447102, -0.04324164590905428540, 0.4561484054803913168 ) ) ;
#3043 = CARTESIAN_POINT ( 'NONE',  ( 0.05177669529663683767, -0.1250000000000000000, 0.1343750000000000500 ) ) ;
#3044 = CARTESIAN_POINT ( 'NONE',  ( -0.03832471526136870671, 0.09252404735808350544, 0.2781250000000000666 ) ) ;
#3045 = DIRECTION ( 'NONE',  ( -0.000000000000000000, -0.000000000000000000, -1.000000000000000000 ) ) ;
#3046 = CARTESIAN_POINT ( 'NONE',  ( -0.06542438130972610955, -0.06542438130972608179, 0.2000000000000000389 ) ) ;
#3047 = CARTESIAN_POINT ( 'NONE',  ( 0.03899397011127245238, 0.08573999633253966135, 0.6244332643691720142 ) ) ;
#3048 = ORIENTED_EDGE ( 'NONE', *, *, #3695, .T. ) ;
#3049 = CARTESIAN_POINT ( 'NONE',  ( -0.06542438130972610955, -0.06542438130972604016, 0.3500000000000000888 ) ) ;
#3050 = UNCERTAINTY_MEASURE_WITH_UNIT (LENGTH_MEASURE( 1.000000000000000082E-05 ), #2935, 'distance_accuracy_value', 'NONE');
#3051 = DIRECTION ( 'NONE',  ( 1.000000000000000000, 0.000000000000000000, 0.000000000000000000 ) ) ;
#3052 = CARTESIAN_POINT ( 'NONE',  ( -0.06542438130972609567, 0.06542438130972617893, 0.4375000000000000000 ) ) ;
#3053 = CARTESIAN_POINT ( 'NONE',  ( 0.09252404735808346381, -5.384073882302861917E-17, 0.06250000000000000000 ) ) ;
#3054 = CARTESIAN_POINT ( 'NONE',  ( -0.06542438130972608179, -0.06542438130972598465, 0.4937500000000000222 ) ) ;
#3055 = CARTESIAN_POINT ( 'NONE',  ( -0.03832471526136872059, 0.09252404735808350544, 0.2343749999999999722 ) ) ;
#3056 = CARTESIAN_POINT ( 'NONE',  ( -0.1249999999999999306, 4.464937234929970217E-17, 0.3125000000000000000 ) ) ;
#3057 = CARTESIAN_POINT ( 'NONE',  ( 0.1638349479016156518, -0.09442855861385555938, 0.7500000000000000000 ) ) ;
#3058 = VECTOR ( 'NONE', #3218, 39.37007874015748143 ) ;
#3059 = CARTESIAN_POINT ( 'NONE',  ( 0.1638349478928962932, -0.09442855863492154167, 0.5093750000000000222 ) ) ;
#3060 = CARTESIAN_POINT ( 'NONE',  ( -0.07657222921618940525, -0.08924015102564246404, 0.02994396280289083126 ) ) ;
#3061 = CIRCLE ( 'NONE', #2756, 0.1249999999999999306 ) ;
#3062 = ADVANCED_FACE ( 'NONE', ( #3070 ), #2744, .T. ) ;
#3063 = CARTESIAN_POINT ( 'NONE',  ( -0.1249999999999999722, -0.05177669529663678910, 0.4218750000000000555 ) ) ;
#3064 = CARTESIAN_POINT ( 'NONE',  ( -0.03832471526136872059, -0.09252404735808343605, 0.2968750000000000000 ) ) ;
#3065 = CARTESIAN_POINT ( 'NONE',  ( 0.06542438130972609567, -0.06542438130972604016, 0.4125000000000000333 ) ) ;
#3066 = CARTESIAN_POINT ( 'NONE',  ( 0.06542438130972610955, 0.06542438130972610955, 0.2750000000000000222 ) ) ;
#3067 = CARTESIAN_POINT ( 'NONE',  ( 0.08838834764831837720, -0.08838834764831837720, 0.2812500000000000555 ) ) ;
#3068 = CARTESIAN_POINT ( 'NONE',  ( 0.1687499999999999001, -0.02208932314516103348, 0.7499999999999998890 ) ) ;
#3069 = CARTESIAN_POINT ( 'NONE',  ( -0.06542438130972610955, -0.06542438130972601240, 0.4500000000000000666 ) ) ;
#3070 = FACE_OUTER_BOUND ( 'NONE', #762, .T. ) ;
#3071 = CARTESIAN_POINT ( 'NONE',  ( -0.05177669529663687931, 0.1249999999999999167, 0.05937499999999996947 ) ) ;
#3072 = CARTESIAN_POINT ( 'NONE',  ( 0.1249999999999999306, 1.538357638823458624E-17, 0.000000000000000000 ) ) ;
#3073 = EDGE_CURVE ( 'NONE', #563, #3201, #2152, .T. ) ;
#3074 = CARTESIAN_POINT ( 'NONE',  ( 0.09252404735808347769, -0.03832471526136867201, 0.5156250000000001110 ) ) ;
#3075 = CARTESIAN_POINT ( 'NONE',  ( 0.1249999999999999445, -8.011238569151106783E-17, -0.006250000000000001214 ) ) ;
#3076 = CARTESIAN_POINT ( 'NONE',  ( -1.133092784412350615E-17, -0.09252404735808344993, 0.3062500000000000222 ) ) ;
#3077 = CARTESIAN_POINT ( 'NONE',  ( -0.1249999999999999306, 2.988143696700528942E-17, 0.2625000000000000111 ) ) ;
#3078 = CARTESIAN_POINT ( 'NONE',  ( -0.1152275101366085353, -0.1499375328083467074, 0.5000000000000000000 ) ) ;
#3079 = FACE_OUTER_BOUND ( 'NONE', #2911, .T. ) ;
#3080 = CARTESIAN_POINT ( 'NONE',  ( -0.02011121746998008677, -0.1190959018181659695, 0.03272086096849784881 ) ) ;
#3081 = CYLINDRICAL_SURFACE ( 'NONE', #1345, 0.1249999999999999306 ) ;
#3082 = EDGE_LOOP ( 'NONE', ( #1491, #175 ) ) ;
#3083 = CARTESIAN_POINT ( 'NONE',  ( -1.530808498934190893E-17, -0.1249999999999999584, 0.1312500000000000333 ) ) ;
#3084 = CARTESIAN_POINT ( 'NONE',  ( 0.09252404735808344993, -0.03832471526136874140, 0.2593750000000000222 ) ) ;
#3085 = CARTESIAN_POINT ( 'NONE',  ( -0.1874999999999999167, 0.02454369238351464949, 0.7500000000000000000 ) ) ;
#3086 = CARTESIAN_POINT ( 'NONE',  ( 0.03832471526136869977, -0.09252404735808351932, 0.2093750000000000611 ) ) ;
#3087 = CARTESIAN_POINT ( 'NONE',  ( -0.08838834764831840496, -0.08838834764831843271, 0.07500000000000003886 ) ) ;
#3088 = CARTESIAN_POINT ( 'NONE',  ( 0.03832471526136869977, -0.09252404735808343605, 0.4593750000000000888 ) ) ;
#3089 = CARTESIAN_POINT ( 'NONE',  ( 0.000000000000000000, 7.549139889267777477E-20, 4.148491032111687552E-18 ) ) ;
#3090 = PRESENTATION_STYLE_ASSIGNMENT (( #3170 ) ) ;
#3091 = CARTESIAN_POINT ( 'NONE',  ( 0.06065410026131481253, -0.07081337142795414430, 0.005433948230485780712 ) ) ;
#3092 = CARTESIAN_POINT ( 'NONE',  ( 0.000000000000000000, 0.09252404735808347769, 0.2312499999999999833 ) ) ;
#3093 = CARTESIAN_POINT ( 'NONE',  ( -0.09252404735808347769, 0.03832471526136868589, 0.08437500000000000555 ) ) ;
#3094 = CARTESIAN_POINT ( 'NONE',  ( -0.1249999999999999445, -1.257637725709119499E-17, 0.1187499999999999944 ) ) ;
#3095 = CARTESIAN_POINT ( 'NONE',  ( -0.1249999999999999306, 1.511350158471085510E-17, 0.2125000000000000222 ) ) ;
#3096 = ORIENTED_EDGE ( 'NONE', *, *, #2717, .T. ) ;
#3097 =( BOUNDED_CURVE ( )  B_SPLINE_CURVE ( 2, ( #3797, #3530, #3249, #10, #912, #3286, #1831, #1139, #270 ),
 .UNSPECIFIED., .F., .F. ) 
 B_SPLINE_CURVE_WITH_KNOTS ( ( 3, 2, 2, 2, 3 ),
 ( 0.7954545454545455252, 0.8068181818181818787, 0.8181818181818183433, 0.8295454545454545858, 0.8409090909090909394 ),
 .UNSPECIFIED. ) 
 CURVE ( )  GEOMETRIC_REPRESENTATION_ITEM ( )  RATIONAL_B_SPLINE_CURVE ( ( 0.9999999999999992228, 0.9238795325112875156, 1.000000000000000000, 0.9238795325112867385, 1.000000000000000000, 0.9238795325112867385, 1.000000000000000000, 0.9238795325112867385, 1.000000000000000000 ) ) 
 REPRESENTATION_ITEM ( '' )  );
#3098 = DIRECTION ( 'NONE',  ( -0.000000000000000000, -0.000000000000000000, -1.000000000000000000 ) ) ;
#3099 = CARTESIAN_POINT ( 'NONE',  ( -0.08838834764831839108, 0.08838834764831846047, 0.3624999999999999334 ) ) ;
#3100 = CARTESIAN_POINT ( 'NONE',  ( 0.06542438130972609567, -0.06542438130972608179, 0.2625000000000000666 ) ) ;
#3101 = VERTEX_POINT ( 'NONE', #1623 ) ;
#3102 = CARTESIAN_POINT ( 'NONE',  ( 0.1094842364750399227, 0.1424185764362426998, 0.5000000000000000000 ) ) ;
#3103 = CARTESIAN_POINT ( 'NONE',  ( 0.1249999999999999306, 3.618510544405751576E-17, 0.3875000000000000111 ) ) ;
#3104 = CARTESIAN_POINT ( 'NONE',  ( -0.03832471526136872059, -0.09252404735808344993, 0.2468750000000000944 ) ) ;
#3105 = CARTESIAN_POINT ( 'NONE',  ( 0.04416995567078190604, -0.1643578891110859252, 0.7499999999999998890 ) ) ;
#3106 = CARTESIAN_POINT ( 'NONE',  ( -0.09252404735808347769, 5.189075339062451414E-17, 0.3437500000000000000 ) ) ;
#3107 = CARTESIAN_POINT ( 'NONE',  ( -0.1424406561679319172, -0.1094661346297755300, 0.5000000000000000000 ) ) ;
#3108 = FACE_OUTER_BOUND ( 'NONE', #3028, .T. ) ;
#3109 = CARTESIAN_POINT ( 'NONE',  ( 0.05177669529663694176, 0.1249999999999998612, 0.04687499999999997224 ) ) ;
#3110 = CARTESIAN_POINT ( 'NONE',  ( 0.000000000000000000, 0.08749999999999995282, 2.074245516055843776E-18 ) ) ;
#3111 = CARTESIAN_POINT ( 'NONE',  ( -0.09252404735808347769, -0.03832471526136872059, 0.1406250000000000278 ) ) ;
#3112 = CARTESIAN_POINT ( 'NONE',  ( -0.05177669529663686543, 0.1249999999999999584, 0.1093750000000000000 ) ) ;
#3113 = CARTESIAN_POINT ( 'NONE',  ( 0.000000000000000000, 0.09252404735808350544, 0.2812499999999999445 ) ) ;
#3114 = CARTESIAN_POINT ( 'NONE',  ( 0.05177669529663694176, 0.1249999999999999861, 0.4468750000000000777 ) ) ;
#3115 = CARTESIAN_POINT ( 'NONE',  ( -0.09252404735808347769, -0.03832471526136875528, 0.04062500000000000833 ) ) ;
#3116 = AXIS2_PLACEMENT_3D ( 'NONE', #3765, #1002, #2805 ) ;
#3117 = CIRCLE ( 'NONE', #3630, 0.08749999999999995282 ) ;
#3118 = ORIENTED_EDGE ( 'NONE', *, *, #1605, .F. ) ;
#3119 = PLANE ( 'NONE',  #2145 ) ;
#3120 = CARTESIAN_POINT ( 'NONE',  ( -0.04664901554888129659, -0.1734754112229093814, 0.5000000000000000000 ) ) ;
#3121 = CARTESIAN_POINT ( 'NONE',  ( -0.1249999999999999445, 0.05177669529663693482, 0.4093750000000000444 ) ) ;
#3122 = CARTESIAN_POINT ( 'NONE',  ( 0.09252404735808344993, -0.03832471526136870671, 0.3593750000000000555 ) ) ;
#3123 = AXIS2_PLACEMENT_3D ( 'NONE', #3356, #704, #1914 ) ;
#3124 = CARTESIAN_POINT ( 'NONE',  ( 0.04416995567076503759, 0.1643578891110860085, 0.7499999999999998890 ) ) ;
#3125 = CARTESIAN_POINT ( 'NONE',  ( -0.06542438130972610955, -0.06542438130972604016, 0.3500000000000000888 ) ) ;
#3126 = CARTESIAN_POINT ( 'NONE',  ( 0.05177669529663683073, -0.1249999999999999445, 0.2781250000000000666 ) ) ;
#3127 = CARTESIAN_POINT ( 'NONE',  ( 0.1152275101365988902, 0.1499375328083563386, 0.5000000000000000000 ) ) ;
#3128 = CARTESIAN_POINT ( 'NONE',  ( 0.1687528125974649129, 0.02206091049058611642, 0.7500000000000001110 ) ) ;
#3129 = DIRECTION ( 'NONE',  ( -0.000000000000000000, -0.000000000000000000, -1.000000000000000000 ) ) ;
#3130 = LINE ( 'NONE', #488, #2080 ) ;
#3131 = CARTESIAN_POINT ( 'NONE',  ( 0.09252404735808347769, -2.245887613565297975E-17, 0.1687500000000000111 ) ) ;
#3132 = CARTESIAN_POINT ( 'NONE',  ( 0.06542438130972610955, 0.06542438130972606791, 0.1687500000000000111 ) ) ;
#3133 = CARTESIAN_POINT ( 'NONE',  ( -0.05177669529663687931, -0.1249999999999999861, 0.02812500000000003886 ) ) ;
#3134 = CARTESIAN_POINT ( 'NONE',  ( 0.09252404735808346381, 0.03832471526136875528, 0.2218750000000000167 ) ) ;
#3135 = CARTESIAN_POINT ( 'NONE',  ( 0.1249999999999999167, 0.05177669529663699033, 0.5406250000000000222 ) ) ;
#3136 = VERTEX_POINT ( 'NONE', #106 ) ;
#3137 = CARTESIAN_POINT ( 'NONE',  ( -0.09252404735808346381, -9.026980061339992372E-18, 0.1375000000000000111 ) ) ;
#3138 = DIRECTION ( 'NONE',  ( -1.000000000000000000, 0.000000000000000000, 0.000000000000000000 ) ) ;
#3139 = CARTESIAN_POINT ( 'NONE',  ( 0.1499375327922196077, -0.1152275101527355655, 0.7312499999999998446 ) ) ;
#3140 = CARTESIAN_POINT ( 'NONE',  ( 0.02208932314516317066, 0.1687499999999999001, 0.7499999999999998890 ) ) ;
#3141 = ORIENTED_EDGE ( 'NONE', *, *, #2345, .F. ) ;
#3142 = CARTESIAN_POINT ( 'NONE',  ( 0.1781278127904840636, -0.02328809512032231285, 0.5000000000000001110 ) ) ;
#3143 = ORIENTED_EDGE ( 'NONE', *, *, #2231, .F. ) ;
#3144 = CARTESIAN_POINT ( 'NONE',  ( -0.1874999999999999167, -2.288663608512018453E-17, 0.5093750000000000222 ) ) ;
#3145 = CARTESIAN_POINT ( 'NONE',  ( 0.000000000000000000, 0.09252404735808351932, 0.3312499999999999889 ) ) ;
#3146 = CARTESIAN_POINT ( 'NONE',  ( -0.1152275101527416301, 0.1499375327922135848, 0.7500000000000000000 ) ) ;
#3147 = ADVANCED_FACE ( 'NONE', ( #2797 ), #409, .T. ) ;
#3148 = CARTESIAN_POINT ( 'NONE',  ( 0.09252404735808347769, -0.03832471526136867895, 0.4656250000000001221 ) ) ;
#3149 = CARTESIAN_POINT ( 'NONE',  ( 0.02738399902308143175, 0.1062578314950392150, 0.4632285023969536231 ) ) ;
#3150 = CARTESIAN_POINT ( 'NONE',  ( 0.1152275101366037335, -0.1499375328083514813, 0.5000000000000000000 ) ) ;
#3151 = CARTESIAN_POINT ( 'NONE',  ( -0.1249999999999999445, -0.05177669529663683767, 0.2156250000000000111 ) ) ;
#3152 = CARTESIAN_POINT ( 'NONE',  ( 0.000000000000000000, 0.1249999999999999029, 0.04999999999999996808 ) ) ;
#3153 = CARTESIAN_POINT ( 'NONE',  ( -0.1220782933162816025, -0.01748253054624615901, 0.4709927750836344074 ) ) ;
#3154 = CARTESIAN_POINT ( 'NONE',  ( -1.133092784412350307E-17, -0.09252404735808344993, 0.2500000000000000555 ) ) ;
#3155 = CARTESIAN_POINT ( 'NONE',  ( -0.08838834764831839108, 0.08838834764831840496, 0.1624999999999999778 ) ) ;
#3156 = CARTESIAN_POINT ( 'NONE',  ( 0.08838834764831837720, -0.08838834764831832169, 0.4812500000000000111 ) ) ;
#3157 = ORIENTED_EDGE ( 'NONE', *, *, #2296, .F. ) ;
#3158 = CARTESIAN_POINT ( 'NONE',  ( 0.03832471526136869283, -0.09252404735808353320, 0.003125000000000021858 ) ) ;
#3159 = CARTESIAN_POINT ( 'NONE',  ( -0.09252404735808347769, -3.671685890314203014E-17, 0.04375000000000000416 ) ) ;
#3160 = DIRECTION ( 'NONE',  ( -1.000000000000000000, 0.000000000000000000, 0.000000000000000000 ) ) ;
#3161 = CARTESIAN_POINT ( 'NONE',  ( 0.1874999999999999167, -0.02454369238351226598, 0.7312499999999998446 ) ) ;
#3162 = DIRECTION ( 'NONE',  ( -0.000000000000000000, 0.000000000000000000, 1.000000000000000000 ) ) ;
#3163 = DIRECTION ( 'NONE',  ( 0.000000000000000000, 0.000000000000000000, -1.000000000000000000 ) ) ;
#3164 = EDGE_CURVE ( 'NONE', #3136, #1674, #2511, .T. ) ;
#3165 = CARTESIAN_POINT ( 'NONE',  ( 0.03368817438904688627, -0.08638889529640202125, 0.4534921628294174556 ) ) ;
#3166 = CARTESIAN_POINT ( 'NONE',  ( 0.09442855861383694926, 0.1638349479016421584, 0.7500000000000000000 ) ) ;
#3167 = CARTESIAN_POINT ( 'NONE',  ( 0.000000000000000000, 0.09252404735808357483, 0.4812500000000000111 ) ) ;
#3168 = ORIENTED_EDGE ( 'NONE', *, *, #2345, .T. ) ;
#3169 = CARTESIAN_POINT ( 'NONE',  ( 0.1826198767988363447, -0.04907772850198654363, 0.5093750000000000222 ) ) ;
#3170 = SURFACE_STYLE_USAGE ( .BOTH. , #2007 ) ;
#3171 = CARTESIAN_POINT ( 'NONE',  ( 0.08838834764831837720, -0.08838834764831844659, 0.03125000000000003469 ) ) ;
#3172 = VERTEX_POINT ( 'NONE', #3035 ) ;
#3173 = CARTESIAN_POINT ( 'NONE',  ( 0.06542438130972610955, 0.06542438130972612342, 0.3250000000000000111 ) ) ;
#3174 = CARTESIAN_POINT ( 'NONE',  ( 0.000000000000000000, 0.09252404735808350544, 0.3250000000000000111 ) ) ;
#3175 = CARTESIAN_POINT ( 'NONE',  ( 0.1249999999999999167, -0.05177669529663693482, 0.1906250000000000444 ) ) ;
#3176 = CARTESIAN_POINT ( 'NONE',  ( -0.06542438130972610955, -0.06542438130972604016, 0.3500000000000000888 ) ) ;
#3177 =( BOUNDED_CURVE ( )  B_SPLINE_CURVE ( 2, ( #753, #2832, #1381, #1441, #2220, #2592, #3099, #3788, #3472 ),
 .UNSPECIFIED., .F., .T. ) 
 B_SPLINE_CURVE_WITH_KNOTS ( ( 3, 2, 2, 2, 3 ),
 ( 0.7045454545454545858, 0.7159090909090909394, 0.7272727272727272929, 0.7386363636363636465, 0.7500000000000000000 ),
 .UNSPECIFIED. ) 
 CURVE ( )  GEOMETRIC_REPRESENTATION_ITEM ( )  RATIONAL_B_SPLINE_CURVE ( ( 1.000000000000000000, 0.9238795325112867385, 1.000000000000000000, 0.9238795325112867385, 1.000000000000000000, 0.9238795325112867385, 1.000000000000000000, 0.9238795325112867385, 1.000000000000000000 ) ) 
 REPRESENTATION_ITEM ( '' )  );
#3178 = CARTESIAN_POINT ( 'NONE',  ( -0.1249999999999999306, 8.895317849618297123E-17, 0.4625000000000000777 ) ) ;
#3179 = CARTESIAN_POINT ( 'NONE',  ( -0.1249999999999999445, 2.191558125203230852E-18, 0.1687500000000000111 ) ) ;
#3180 = CARTESIAN_POINT ( 'NONE',  ( -0.09252404735808347769, 0.03832471526136867201, 0.03437499999999999584 ) ) ;
#3181 = CARTESIAN_POINT ( 'NONE',  ( 0.08838834764831840496, 0.08838834764831836333, 0.09374999999999997224 ) ) ;
#3182 = CARTESIAN_POINT ( 'NONE',  ( -0.09252404735808350544, -0.03832471526136865120, 0.3968750000000001443 ) ) ;
#3183 = ORIENTED_EDGE ( 'NONE', *, *, #609, .T. ) ;
#3184 = CARTESIAN_POINT ( 'NONE',  ( 0.1249999999999999306, 5.095304082635194700E-17, 0.4375000000000000555 ) ) ;
#3185 = CARTESIAN_POINT ( 'NONE',  ( 0.1249999999999999167, -0.05177669529663685849, 0.4906250000000000333 ) ) ;
#3186 = CARTESIAN_POINT ( 'NONE',  ( -0.001870744090601584100, -0.09270205068415289518, 0.4534921628294171780 ) ) ;
#3187 = EDGE_CURVE ( 'NONE', #2129, #1196, #1374, .T. ) ;
#3188 = CARTESIAN_POINT ( 'NONE',  ( 0.03832471526136869977, -0.09252404735808343605, 0.4593750000000000888 ) ) ;
#3189 = CARTESIAN_POINT ( 'NONE',  ( 0.1152275101365988902, 0.1499375328083563663, 0.5093750000000000222 ) ) ;
#3190 = AXIS2_PLACEMENT_3D ( 'NONE', #1761, #3547, #617 ) ;
#3191 = CARTESIAN_POINT ( 'NONE',  ( -0.09374999999999998612, 0.05412658773652764127, 0.6328124999999998890 ) ) ;
#3192 = CARTESIAN_POINT ( 'NONE',  ( -0.1193712173327198811, -0.03466476319792939631, 0.4715559239463222863 ) ) ;
#3193 = ORIENTED_EDGE ( 'NONE', *, *, #1014, .F. ) ;
#3194 = CARTESIAN_POINT ( 'NONE',  ( 0.03832471526136869283, -0.09252404735808347769, 0.2531250000000000444 ) ) ;
#3195 = CARTESIAN_POINT ( 'NONE',  ( -0.1249999999999999722, -0.05177669529663680298, 0.3718750000000000666 ) ) ;
#3196 = CARTESIAN_POINT ( 'NONE',  ( -0.03832471526136872753, -0.09252404735808344993, 0.3531250000000000777 ) ) ;
#3197 = CARTESIAN_POINT ( 'NONE',  ( 0.09252404735808347769, 0.03832471526136872059, 0.1218749999999999972 ) ) ;
#3198 = ADVANCED_FACE ( 'NONE', ( #163 ), #2363, .T. ) ;
#3199 = CARTESIAN_POINT ( 'NONE',  ( 0.06542438130972610955, 0.06542438130972606791, 0.1687500000000000111 ) ) ;
#3200 = CARTESIAN_POINT ( 'NONE',  ( 0.06542438130972609567, -0.06542438130972604016, 0.4125000000000000333 ) ) ;
#3201 = VERTEX_POINT ( 'NONE', #2678 ) ;
#3202 = PLANE ( 'NONE',  #841 ) ;
#3203 = DIRECTION ( 'NONE',  ( -1.000000000000000000, 0.000000000000000000, 0.000000000000000000 ) ) ;
#3204 = ORIENTED_EDGE ( 'NONE', *, *, #1110, .F. ) ;
#3205 = CARTESIAN_POINT ( 'NONE',  ( 0.000000000000000000, 7.549139889267777477E-20, 0.000000000000000000 ) ) ;
#3206 = CARTESIAN_POINT ( 'NONE',  ( 0.08749999999999995282, 7.549139889267777477E-20, 4.148491032111687552E-18 ) ) ;
#3207 = APPLICATION_CONTEXT ( 'automotive_design' ) ;
#3208 = CARTESIAN_POINT ( 'NONE',  ( -0.09252404735808347769, 6.665868877291894538E-17, 0.3937499999999999889 ) ) ;
#3209 = CARTESIAN_POINT ( 'NONE',  ( -0.1220636985421584692, 9.112008787673483431E-17, 0.4704452744371067641 ) ) ;
#3210 = CARTESIAN_POINT ( 'NONE',  ( 0.09442855863492201351, -0.1638349478928960157, 0.5093750000000000222 ) ) ;
#3211 = CARTESIAN_POINT ( 'NONE',  ( 0.05177669529663694870, 0.1249999999999999584, 0.3031249999999999778 ) ) ;
#3212 = CARTESIAN_POINT ( 'NONE',  ( -0.1220636985421584692, 9.112008787673483431E-17, 0.4704452744371067641 ) ) ;
#3213 = ORIENTED_EDGE ( 'NONE', *, *, #1140, .F. ) ;
#3214 = CARTESIAN_POINT ( 'NONE',  ( -0.09252404735808347769, 0.03832471526136874140, 0.2843750000000000444 ) ) ;
#3215 = CARTESIAN_POINT ( 'NONE',  ( -0.03103164284771584708, -0.09033704812153002528, 0.6252323921391043093 ) ) ;
#3216 = ORIENTED_EDGE ( 'NONE', *, *, #1936, .F. ) ;
#3217 = CARTESIAN_POINT ( 'NONE',  ( -0.03832471526136870671, 0.09252404735808351932, 0.3781250000000001554 ) ) ;
#3218 = DIRECTION ( 'NONE',  ( -0.000000000000000000, -0.000000000000000000, -1.000000000000000000 ) ) ;
#3219 = CARTESIAN_POINT ( 'NONE',  ( -0.08838834764831839108, -0.08838834764831839108, 0.1187500000000000500 ) ) ;
#3220 = VERTEX_POINT ( 'NONE', #2337 ) ;
#3221 = CARTESIAN_POINT ( 'NONE',  ( 0.09375000000000020817, 2.561107471552864931E-17, 0.6244390877365274539 ) ) ;
#3222 = CARTESIAN_POINT ( 'NONE',  ( 0.1638349478928926295, -0.09442855863492004287, 0.5000000000000000000 ) ) ;
#3223 = DIRECTION ( 'NONE',  ( 1.000000000000000000, 0.000000000000000000, 0.000000000000000000 ) ) ;
#3224 = CARTESIAN_POINT ( 'NONE',  ( -0.1249999999999998751, -0.05177669529663692094, 0.06562500000000003053 ) ) ;
#3225 = CARTESIAN_POINT ( 'NONE',  ( -0.09252404735808350544, 0.03832471526136881773, 0.4906249999999999778 ) ) ;
#3226 = CARTESIAN_POINT ( 'NONE',  ( 0.02454369260617028994, -0.1874999999999999167, 0.7312500000000000666 ) ) ;
#3227 = VERTEX_POINT ( 'NONE', #950 ) ;
#3228 = CARTESIAN_POINT ( 'NONE',  ( 0.1249999999999999167, -0.05177669529663687931, 0.3343750000000000333 ) ) ;
#3229 = CARTESIAN_POINT ( 'NONE',  ( 0.1249999999999999167, -0.05177669529663693482, 0.1343750000000000222 ) ) ;
#3230 = CARTESIAN_POINT ( 'NONE',  ( -0.1249999999999999306, -4.395823994446684211E-17, 0.01250000000000000243 ) ) ;
#3231 = CARTESIAN_POINT ( 'NONE',  ( -0.09252404735808347769, -0.03832471526136865120, 0.3906250000000000000 ) ) ;
#3232 = CARTESIAN_POINT ( 'NONE',  ( -0.1249999999999999445, 3.172742888979207561E-17, 0.2687499999999999889 ) ) ;
#3233 = CARTESIAN_POINT ( 'NONE',  ( 0.04907772852308896899, -0.1826198767900954201, 0.7312499999999998446 ) ) ;
#3234 = CARTESIAN_POINT ( 'NONE',  ( -0.06271835715228400721, -0.07204271508805232260, 0.7424198921391039763 ) ) ;
#3235 = CARTESIAN_POINT ( 'NONE',  ( -1.133092784412350615E-17, -0.09252404735808344993, 0.3562500000000000666 ) ) ;
#3236 = CARTESIAN_POINT ( 'NONE',  ( -0.09252404735808346381, 2.050889070324886856E-17, 0.2375000000000000167 ) ) ;
#3237 = CARTESIAN_POINT ( 'NONE',  ( -0.06542438130972609567, 0.06542438130972606791, 0.03749999999999998473 ) ) ;
#3238 = CARTESIAN_POINT ( 'NONE',  ( -1.530808498934190893E-17, -0.1249999999999999306, 0.1750000000000000444 ) ) ;
#3239 = ORIENTED_EDGE ( 'NONE', *, *, #2853, .T. ) ;
#3240 = CARTESIAN_POINT ( 'NONE',  ( 0.1687499999999999001, 0.000000000000000000, 0.7499999999999998890 ) ) ;
#3241 = CARTESIAN_POINT ( 'NONE',  ( 0.08970713070317513915, -0.1556432004982483130, 0.5000000000000000000 ) ) ;
#3242 = CARTESIAN_POINT ( 'NONE',  ( -0.06542438130972609567, 0.06542438130972616506, 0.3874999999999999556 ) ) ;
#3243 = CARTESIAN_POINT ( 'NONE',  ( -0.09374999999999998612, 0.009152492404438446194, 0.7416273051487929369 ) ) ;
#3244 = CARTESIAN_POINT ( 'NONE',  ( -0.1088606704702515804, 0.04895593926542159829, 0.4687663574928065402 ) ) ;
#3245 = EDGE_CURVE ( 'NONE', #2109, #1338, #2390, .T. ) ;
#3246 = VERTEX_POINT ( 'NONE', #1159 ) ;
#3247 = CARTESIAN_POINT ( 'NONE',  ( 0.09375000000000001388, -0.05412658773652719024, 0.6328124999999998890 ) ) ;
#3248 = VECTOR ( 'NONE', #1106, 39.37007874015748143 ) ;
#3249 = CARTESIAN_POINT ( 'NONE',  ( 0.08838834764831843271, 0.08838834764831844659, 0.3999999999999999667 ) ) ;
#3250 = CARTESIAN_POINT ( 'NONE',  ( 0.06542438130972609567, -0.06542438130972608179, 0.3125000000000000555 ) ) ;
#3251 = CONICAL_SURFACE ( 'NONE', #2083, 0.1082531754730549772, 1.047197551196600074 ) ;
#3252 = CARTESIAN_POINT ( 'NONE',  ( -1.133092784412350307E-17, -0.09252404735808340830, 0.4000000000000000222 ) ) ;
#3253 = CARTESIAN_POINT ( 'NONE',  ( -0.1249999999999999722, -0.05177669529663681686, 0.3218750000000000222 ) ) ;
#3254 = CARTESIAN_POINT ( 'NONE',  ( -0.09442855861386009741, -0.1638349479016201482, 0.7312499999999998446 ) ) ;
#3255 = CARTESIAN_POINT ( 'NONE',  ( -0.1010079492277808494, 0.04639497805579338024, 0.02343631167433866958 ) ) ;
#3256 = ORIENTED_EDGE ( 'NONE', *, *, #661, .T. ) ;
#3257 = CARTESIAN_POINT ( 'NONE',  ( 0.09252404735808344993, -0.03832471526136870671, 0.3593750000000001110 ) ) ;
#3258 = CARTESIAN_POINT ( 'NONE',  ( 0.01539068948143321701, -0.09936735675793523237, 0.7453376562697847652 ) ) ;
#3259 = CARTESIAN_POINT ( 'NONE',  ( 0.04907772850198588444, 0.1826198767988404803, 0.5000000000000000000 ) ) ;
#3260 = VERTEX_POINT ( 'NONE', #75 ) ;
#3261 = DIRECTION ( 'NONE',  ( -1.000000000000000000, 0.000000000000000000, 0.000000000000000000 ) ) ;
#3262 = CARTESIAN_POINT ( 'NONE',  ( 0.1249999999999999167, 0.05177669529663691400, 0.2906250000000000222 ) ) ;
#3263 = CARTESIAN_POINT ( 'NONE',  ( -0.1249999999999999445, -0.05177669529663680298, 0.3156249999999999889 ) ) ;
#3264 = CARTESIAN_POINT ( 'NONE',  ( -0.09252404735808346381, -0.03832471526136872059, 0.1406250000000000278 ) ) ;
#3265 = CARTESIAN_POINT ( 'NONE',  ( -0.08838834764831839108, -0.08838834764831839108, 0.1187500000000000500 ) ) ;
#3266 = EDGE_CURVE ( 'NONE', #2303, #656, #3591, .T. ) ;
#3267 = CARTESIAN_POINT ( 'NONE',  ( 0.09252404735808347769, 3.661286539352471130E-17, 0.3687499999999999667 ) ) ;
#3268 = CARTESIAN_POINT ( 'NONE',  ( 0.06542438130972610955, 0.06542438130972608179, 0.1749999999999999889 ) ) ;
#3269 = CARTESIAN_POINT ( 'NONE',  ( -0.09252404735808347769, -2.194892352084760199E-17, 0.09375000000000001388 ) ) ;
#3270 = CARTESIAN_POINT ( 'NONE',  ( 0.000000000000000000, 0.1249999999999999584, 0.2562499999999999778 ) ) ;
#3271 = CARTESIAN_POINT ( 'NONE',  ( -0.05177669529663687931, -0.1249999999999999167, 0.3281250000000000555 ) ) ;
#3272 = CARTESIAN_POINT ( 'NONE',  ( -0.1638349479016299182, 0.09442855861383646354, 0.7312499999999998446 ) ) ;
#3273 = CARTESIAN_POINT ( 'NONE',  ( 0.007448534931858831129, 0.1048129969026757452, 0.01734888087649080063 ) ) ;
#3274 = CARTESIAN_POINT ( 'NONE',  ( -0.05177669529663687931, -0.1249999999999999445, 0.2281250000000000500 ) ) ;
#3275 = ORIENTED_EDGE ( 'NONE', *, *, #3739, .T. ) ;
#3276 = CARTESIAN_POINT ( 'NONE',  ( -0.06542438130972608179, -0.06542438130972604016, 0.2937500000000000666 ) ) ;
#3277 = CARTESIAN_POINT ( 'NONE',  ( -1.530808498934190893E-17, -0.1249999999999999445, 0.1250000000000000555 ) ) ;
#3278 = ORIENTED_EDGE ( 'NONE', *, *, #1809, .F. ) ;
#3279 = CARTESIAN_POINT ( 'NONE',  ( -0.03848203384297741586, -0.1037065346494456114, 0.4638753106460380971 ) ) ;
#3280 = CARTESIAN_POINT ( 'NONE',  ( -0.1724026438760968283, -0.04624848473726594217, 0.5000000000000000000 ) ) ;
#3281 = ORIENTED_EDGE ( 'NONE', *, *, #2974, .F. ) ;
#3282 = EDGE_CURVE ( 'NONE', #2538, #854, #2632, .T. ) ;
#3283 = EDGE_CURVE ( 'NONE', #3304, #656, #2643, .T. ) ;
#3284 = DIRECTION ( 'NONE',  ( 0.000000000000000000, 0.000000000000000000, -1.000000000000000000 ) ) ;
#3285 = CARTESIAN_POINT ( 'NONE',  ( 0.03832471526136876916, 0.09252404735808338054, 0.02187499999999998126 ) ) ;
#3286 = CARTESIAN_POINT ( 'NONE',  ( -0.05177669529663687931, 0.1250000000000000278, 0.4093749999999999889 ) ) ;
#3287 = B_SPLINE_CURVE_WITH_KNOTS ( 'NONE', 3,
 ( #235, #3128, #3703, #3758, #2228, #462, #203, #776, #1660, #1684, #2264, #1940, #486, #184, #1366, #1699, #2566, #2834 ),
 .UNSPECIFIED., .F., .F.,
 ( 4, 2, 2, 2, 2, 2, 2, 2, 4 ),
 ( 0.5000000000000000000, 0.5625000000000000000, 0.6250000000000000000, 0.6875000000000000000, 0.7500000000000000000, 0.8125000000000000000, 0.8750000000000000000, 0.9375000000000000000, 1.000000000000000000 ),
 .UNSPECIFIED. ) ;
#3288 = CARTESIAN_POINT ( 'NONE',  ( 0.09252404735808347769, -6.676268228253625189E-17, 0.01874999999999999584 ) ) ;
#3289 = CARTESIAN_POINT ( 'NONE',  ( -0.09252404735808350544, 0.03832471526136876916, 0.3406250000000000111 ) ) ;
#3290 = CARTESIAN_POINT ( 'NONE',  ( 0.03832471526136877610, 0.09252404735808353320, 0.4781250000000000777 ) ) ;
#3291 = CARTESIAN_POINT ( 'NONE',  ( 0.06542438130972608179, -0.06542438130972605403, 0.3562500000000000666 ) ) ;
#3292 = CARTESIAN_POINT ( 'NONE',  ( 0.07759162488293305793, 0.06469572660077323178, 0.01329089406425248109 ) ) ;
#3293 = CARTESIAN_POINT ( 'NONE',  ( -0.06542438130972608179, 0.06542438130972612342, 0.2812499999999999445 ) ) ;
#3294 = CARTESIAN_POINT ( 'NONE',  ( 0.09252404735808346381, -0.03832471526136876916, 0.1656250000000000222 ) ) ;
#3295 = CARTESIAN_POINT ( 'NONE',  ( -0.08838834764831839108, -0.08838834764831837720, 0.1687500000000000389 ) ) ;
#3296 = VERTEX_POINT ( 'NONE', #2370 ) ;
#3297 = CARTESIAN_POINT ( 'NONE',  ( 0.03832471526136877610, 0.09252404735808347769, 0.2281250000000000222 ) ) ;
#3298 = CARTESIAN_POINT ( 'NONE',  ( 0.1781249999999999223, -0.02331650778601850049, 0.5000000000000000000 ) ) ;
#3299 = ORIENTED_EDGE ( 'NONE', *, *, #2670, .T. ) ;
#3300 = DIRECTION ( 'NONE',  ( 1.000000000000000000, 0.000000000000000000, 0.000000000000000000 ) ) ;
#3301 = CARTESIAN_POINT ( 'NONE',  ( -0.03832471526136870671, 0.09252404735808343605, 0.07812499999999997224 ) ) ;
#3302 = ADVANCED_FACE ( 'NONE', ( #2953 ), #3007, .F. ) ;
#3303 = CARTESIAN_POINT ( 'NONE',  ( -0.09252404735808350544, 0.03832471526136867895, 0.04062499999999999445 ) ) ;
#3304 = VERTEX_POINT ( 'NONE', #8 ) ;
#3305 =( BOUNDED_CURVE ( )  B_SPLINE_CURVE ( 2, ( #2442, #2426, #2221, #3379, #2171, #3338, #2463, #1038, #689 ),
 .UNSPECIFIED., .F., .T. ) 
 B_SPLINE_CURVE_WITH_KNOTS ( ( 3, 2, 2, 2, 3 ),
 ( 0.2500000000000000000, 0.2613636363636363535, 0.2727272727272727071, 0.2840909090909091161, 0.2954545454545454697 ),
 .UNSPECIFIED. ) 
 CURVE ( )  GEOMETRIC_REPRESENTATION_ITEM ( )  RATIONAL_B_SPLINE_CURVE ( ( 1.000000000000000000, 0.9238795325112867385, 1.000000000000000000, 0.9238795325112867385, 1.000000000000000000, 0.9238795325112867385, 1.000000000000000000, 0.9238795325112867385, 1.000000000000000000 ) ) 
 REPRESENTATION_ITEM ( '' )  );
#3306 = CARTESIAN_POINT ( 'NONE',  ( 0.08838834764831843271, 0.08838834764831839108, 0.2500000000000000000 ) ) ;
#3307 = CARTESIAN_POINT ( 'NONE',  ( -1.133092784412350307E-17, -0.09252404735808339442, 0.4500000000000000666 ) ) ;
#3308 = AXIS2_PLACEMENT_3D ( 'NONE', #201, #798, #1681 ) ;
#3309 = CARTESIAN_POINT ( 'NONE',  ( 0.03832471526136869283, -0.09252404735808343605, 0.4031250000000000111 ) ) ;
#3310 = VECTOR ( 'NONE', #3129, 39.37007874015748143 ) ;
#3311 = CARTESIAN_POINT ( 'NONE',  ( 0.09252404735808346381, 0.03832471526136870671, 0.07187500000000000833 ) ) ;
#3312 = EDGE_CURVE ( 'NONE', #921, #685, #1176, .T. ) ;
#3313 = CARTESIAN_POINT ( 'NONE',  ( -0.1249999999999999584, -0.05177669529663680298, 0.3156249999999999889 ) ) ;
#3314 = CIRCLE ( 'NONE', #847, 0.1082531754730549772 ) ;
#3315 = CARTESIAN_POINT ( 'NONE',  ( -0.1826198767988345129, 0.04907772850199095677, 0.5093750000000000222 ) ) ;
#3316 = ORIENTED_EDGE ( 'NONE', *, *, #727, .F. ) ;
#3317 = LINE ( 'NONE', #2111, #2876 ) ;
#3318 = CARTESIAN_POINT ( 'NONE',  ( -0.1874999999999999167, 1.155655514089910824E-17, 0.7312499999999998446 ) ) ;
#3319 = CARTESIAN_POINT ( 'NONE',  ( -0.1249999999999999445, -1.257637725709119499E-17, 0.1187499999999999944 ) ) ;
#3320 = CARTESIAN_POINT ( 'NONE',  ( 0.1152275099952965870, -0.1499375329496587250, 0.5093750000000001332 ) ) ;
#3321 = CARTESIAN_POINT ( 'NONE',  ( -0.06542438130972609567, 0.06542438130972608179, 0.1374999999999999833 ) ) ;
#3322 = CARTESIAN_POINT ( 'NONE',  ( -3.295631491865439644E-17, 0.1082531754730550605, 0.6328124999999998890 ) ) ;
#3323 = ORIENTED_EDGE ( 'NONE', *, *, #621, .T. ) ;
#3324 = CARTESIAN_POINT ( 'NONE',  ( -0.03832471526136872753, -0.09252404735808344993, 0.3531250000000000777 ) ) ;
#3325 = DIRECTION ( 'NONE',  ( 0.000000000000000000, 0.000000000000000000, 1.000000000000000000 ) ) ;
#3326 = CARTESIAN_POINT ( 'NONE',  ( -3.295631491865439644E-17, 0.1082531754730550605, 0.6328124999999998890 ) ) ;
#3327 = CARTESIAN_POINT ( 'NONE',  ( 0.000000000000000000, 7.549139889267777477E-20, 4.148491032111687552E-18 ) ) ;
#3328 = CARTESIAN_POINT ( 'NONE',  ( 0.03832471526136869977, -0.09252404735808344993, 0.3593750000000000555 ) ) ;
#3329 = CARTESIAN_POINT ( 'NONE',  ( 0.09252404735808346381, 7.907067961762119417E-17, 0.5125000000000000666 ) ) ;
#3330 = CARTESIAN_POINT ( 'NONE',  ( -0.05177669529663686543, -0.1249999999999998751, 0.3718750000000001221 ) ) ;
#3331 = ADVANCED_FACE ( 'NONE', ( #309 ), #2073, .F. ) ;
#3332 = ORIENTED_EDGE ( 'NONE', *, *, #2836, .F. ) ;
#3333 = CARTESIAN_POINT ( 'NONE',  ( -0.04907772850198802161, -0.1826198767988400085, 0.5000000000000000000 ) ) ;
#3334 = ORIENTED_EDGE ( 'NONE', *, *, #3655, .T. ) ;
#3335 = DIRECTION ( 'NONE',  ( 0.000000000000000000, 0.000000000000000000, -1.000000000000000000 ) ) ;
#3336 = ORIENTED_EDGE ( 'NONE', *, *, #1240, .F. ) ;
#3337 = CARTESIAN_POINT ( 'NONE',  ( -0.08838834764831840496, -0.08838834764831832169, 0.4250000000000000444 ) ) ;
#3338 = CARTESIAN_POINT ( 'NONE',  ( -0.05177669529663687931, 0.1249999999999999445, 0.1531249999999999833 ) ) ;
#3339 = CARTESIAN_POINT ( 'NONE',  ( 0.09252404735808346381, -9.536932676145348567E-18, 0.2125000000000000222 ) ) ;
#3340 = CARTESIAN_POINT ( 'NONE',  ( 0.000000000000000000, 0.09252404735808353320, 0.3812499999999999778 ) ) ;
#3341 = CARTESIAN_POINT ( 'NONE',  ( 0.1249999999999999306, -2.288663608512017221E-17, 0.1875000000000000278 ) ) ;
#3342 = ORIENTED_EDGE ( 'NONE', *, *, #2289, .F. ) ;
#3343 = CARTESIAN_POINT ( 'NONE',  ( -0.09252404735808350544, -0.03832471526136866508, 0.3468750000000000444 ) ) ;
#3344 = ORIENTED_EDGE ( 'NONE', *, *, #737, .F. ) ;
#3345 = DIRECTION ( 'NONE',  ( -0.000000000000000000, -0.000000000000000000, -1.000000000000000000 ) ) ;
#3346 = DIRECTION ( 'NONE',  ( -0.000000000000000000, -0.000000000000000000, -1.000000000000000000 ) ) ;
#3347 = LINE ( 'NONE', #1907, #2565 ) ;
#3348 = LINE ( 'NONE', #3072, #2559 ) ;
#3349 = CARTESIAN_POINT ( 'NONE',  ( 0.06542438130972610955, 0.06542438130972605403, 0.1187499999999999944 ) ) ;
#3350 = CARTESIAN_POINT ( 'NONE',  ( 0.000000000000000000, 0.1249999999999998751, -0.04375000000000003886 ) ) ;
#3351 = CARTESIAN_POINT ( 'NONE',  ( -1.133092784412350615E-17, -0.09252404735808347769, 0.2062500000000000444 ) ) ;
#3352 =( BOUNDED_CURVE ( )  B_SPLINE_CURVE ( 2, ( #1908, #1044, #204, #1386, #2817, #1604, #130, #994, #1011 ),
 .UNSPECIFIED., .F., .F. ) 
 B_SPLINE_CURVE_WITH_KNOTS ( ( 3, 2, 2, 2, 3 ),
 ( 0.3409090909090909394, 0.3522727272727273484, 0.3636363636363636465, 0.3750000000000000000, 0.3863636363636363535 ),
 .UNSPECIFIED. ) 
 CURVE ( )  GEOMETRIC_REPRESENTATION_ITEM ( )  RATIONAL_B_SPLINE_CURVE ( ( 0.9999999999999996669, 0.9238795325112870716, 1.000000000000000000, 0.9238795325112867385, 1.000000000000000000, 0.9238795325112867385, 1.000000000000000000, 0.9238795325112867385, 1.000000000000000000 ) ) 
 REPRESENTATION_ITEM ( '' )  );
#3353 = CARTESIAN_POINT ( 'NONE',  ( -1.530808498934190893E-17, -0.1249999999999999029, 0.2750000000000000777 ) ) ;
#3354 = CARTESIAN_POINT ( 'NONE',  ( -0.1826198767988361782, -0.04907772850198707099, 0.5093750000000000222 ) ) ;
#3355 = CARTESIAN_POINT ( 'NONE',  ( -0.1249999999999999584, 0.05177669529663687931, 0.1156250000000000194 ) ) ;
#3356 = CARTESIAN_POINT ( 'NONE',  ( 0.000000000000000000, -1.104688079777929626E-16, 0.7499999999999998890 ) ) ;
#3357 = CARTESIAN_POINT ( 'NONE',  ( 0.000000000000000000, -1.104688079777929626E-16, 0.7499999999999998890 ) ) ;
#3358 = CARTESIAN_POINT ( 'NONE',  ( -0.06542438130972609567, 0.06542438130972613730, 0.2874999999999999778 ) ) ;
#3359 = VERTEX_POINT ( 'NONE', #615 ) ;
#3360 = CARTESIAN_POINT ( 'NONE',  ( 0.08838834764831843271, 0.08838834764831844659, 0.3999999999999999667 ) ) ;
#3361 = CARTESIAN_POINT ( 'NONE',  ( 0.1249999999999999445, -3.580857954462780493E-17, 0.1437500000000000167 ) ) ;
#3362 = CARTESIAN_POINT ( 'NONE',  ( -0.06542438130972608179, 0.06542438130972612342, 0.2812499999999999445 ) ) ;
#3363 = CARTESIAN_POINT ( 'NONE',  ( -0.1874999999999999167, -2.288663608512018453E-17, 0.5093750000000000222 ) ) ;
#3364 = ADVANCED_FACE ( 'NONE', ( #2915 ), #1806, .T. ) ;
#3365 = CARTESIAN_POINT ( 'NONE',  ( 0.09252404735808347769, 7.076994628935871938E-18, 0.2687500000000000444 ) ) ;
#3366 = CARTESIAN_POINT ( 'NONE',  ( -0.1424406561679309180, 0.1094661346297765431, 0.5000000000000000000 ) ) ;
#3367 = CARTESIAN_POINT ( 'NONE',  ( 0.000000000000000000, 0.09252404735808354708, 0.4312500000000000222 ) ) ;
#3368 = CARTESIAN_POINT ( 'NONE',  ( 0.08851239894565628152, -0.03612297797629701601, 0.007811252841092694056 ) ) ;
#3369 = CARTESIAN_POINT ( 'NONE',  ( 0.03832471526136876916, 0.09252404735808340830, 0.02187499999999997780 ) ) ;
#3370 = CARTESIAN_POINT ( 'NONE',  ( 0.03832471526136869283, -0.09252404735808342218, 0.4531250000000000555 ) ) ;
#3371 = CARTESIAN_POINT ( 'NONE',  ( -0.09252404735808347769, 3.712281800833008907E-17, 0.2937500000000000111 ) ) ;
#3372 = AXIS2_PLACEMENT_3D ( 'NONE', #705, #3694, #1317 ) ;
#3373 = CARTESIAN_POINT ( 'NONE',  ( -0.08838834764831839108, -0.08838834764831832169, 0.3187500000000000333 ) ) ;
#3374 = CARTESIAN_POINT ( 'NONE',  ( 0.1826198767988361782, 0.04907772850198708486, 0.5093750000000000222 ) ) ;
#3375 = CARTESIAN_POINT ( 'NONE',  ( 0.09442855881954358155, 0.1638349478164232709, 0.7312499999999998446 ) ) ;
#3376 = CARTESIAN_POINT ( 'NONE',  ( 0.1499375327922123358, 0.1152275101527428236, 0.7312499999999998446 ) ) ;
#3377 = AXIS2_PLACEMENT_3D ( 'NONE', #2349, #323, #4 ) ;
#3378 = CARTESIAN_POINT ( 'NONE',  ( 0.07662613218338709675, -0.05825622014479742844, 0.4553866823876400183 ) ) ;
#3379 = CARTESIAN_POINT ( 'NONE',  ( 0.05177669529663694176, 0.1249999999999999167, 0.1468749999999999778 ) ) ;
#3380 = CARTESIAN_POINT ( 'NONE',  ( -0.06542438130972608179, 0.06542438130972615118, 0.3812499999999999778 ) ) ;
#3381 = CARTESIAN_POINT ( 'NONE',  ( -0.09252404735808350544, 0.03832471526136879691, 0.4406249999999999889 ) ) ;
#3382 = CARTESIAN_POINT ( 'NONE',  ( -0.06542438130972610955, -0.06542438130972606791, 0.3000000000000000999 ) ) ;
#3383 = FACE_OUTER_BOUND ( 'NONE', #1238, .T. ) ;
#3384 = CARTESIAN_POINT ( 'NONE',  ( 0.02331650778601850743, 0.1781249999999999223, 0.5000000000000000000 ) ) ;
#3385 = EDGE_CURVE ( 'NONE', #20, #685, #3515, .T. ) ;
#3386 = B_SPLINE_CURVE_WITH_KNOTS ( 'NONE', 3,
 ( #574, #3522, #610, #3810, #1, #3221 ),
 .UNSPECIFIED., .F., .F.,
 ( 4, 2, 4 ),
 ( 0.002357542807800234053, 0.003052511824003800462, 0.003747480840207366871 ),
 .UNSPECIFIED. ) ;
#3387 = FACE_OUTER_BOUND ( 'NONE', #54, .T. ) ;
#3388 = CARTESIAN_POINT ( 'NONE',  ( 0.03832471526136876916, 0.09252404735808343605, 0.1218749999999999833 ) ) ;
#3389 = CARTESIAN_POINT ( 'NONE',  ( 0.1249999999999999167, -0.05177669529663699033, -0.009374999999999984041 ) ) ;
#3390 = CARTESIAN_POINT ( 'NONE',  ( 0.03832471526136869977, -0.09252404735808351932, 0.2093750000000000611 ) ) ;
#3391 = CARTESIAN_POINT ( 'NONE',  ( 0.08838834764831840496, 0.08838834764831844659, 0.3937500000000000444 ) ) ;
#3392 = EDGE_LOOP ( 'NONE', ( #305, #2447, #3239, #1753, #3642, #42 ) ) ;
#3393 = CARTESIAN_POINT ( 'NONE',  ( 0.02454369240633500968, -0.1874999999999999445, 0.5093750000000000222 ) ) ;
#3394 = DIRECTION ( 'NONE',  ( -0.000000000000000000, -0.000000000000000000, -1.000000000000000000 ) ) ;
#3395 = CARTESIAN_POINT ( 'NONE',  ( 0.08466818497071161576, -0.04717348736541372017, 0.4559552911831156741 ) ) ;
#3396 = CARTESIAN_POINT ( 'NONE',  ( 0.03832471526136869977, -0.09252404735808350544, 0.2593750000000000222 ) ) ;
#3397 = ORIENTED_EDGE ( 'NONE', *, *, #995, .T. ) ;
#3398 = CARTESIAN_POINT ( 'NONE',  ( 0.1249999999999999445, 0.05177669529663688625, 0.1968749999999999944 ) ) ;
#3399 = CARTESIAN_POINT ( 'NONE',  ( 0.06542438130972608179, -0.06542438130972608179, 0.2562500000000000333 ) ) ;
#3400 = CARTESIAN_POINT ( 'NONE',  ( -0.09442855861385884841, -0.1638349479016228960, 0.7500000000000000000 ) ) ;
#3401 = ADVANCED_FACE ( 'NONE', ( #3818 ), #1979, .T. ) ;
#3402 = CARTESIAN_POINT ( 'NONE',  ( -0.09252404735808350544, 0.03832471526136876916, 0.3406250000000000111 ) ) ;
#3403 = CARTESIAN_POINT ( 'NONE',  ( 0.08805386745539468818, 0.05640096932192647378, 0.4602601608750820916 ) ) ;
#3404 = CARTESIAN_POINT ( 'NONE',  ( -0.05177669529663687931, -0.1250000000000000000, 0.07812500000000005551 ) ) ;
#3405 = CARTESIAN_POINT ( 'NONE',  ( -0.08838834764831839108, 0.08838834764831843271, 0.2625000000000000111 ) ) ;
#3406 = EDGE_CURVE ( 'NONE', #854, #3246, #722, .T. ) ;
#3407 = LINE ( 'NONE', #697, #1654 ) ;
#3408 = CARTESIAN_POINT ( 'NONE',  ( 0.06542438130972608179, -0.06542438130972612342, 0.1062500000000000250 ) ) ;
#3409 = CARTESIAN_POINT ( 'NONE',  ( -0.1249999999999999722, -0.05177669529663690706, 0.02187500000000002290 ) ) ;
#3410 = CARTESIAN_POINT ( 'NONE',  ( 0.03832471526136877610, 0.09252404735808346381, 0.2281249999999999667 ) ) ;
#3411 = CARTESIAN_POINT ( 'NONE',  ( -1.530808498934190893E-17, -0.1249999999999998612, 0.4250000000000000999 ) ) ;
#3412 = CARTESIAN_POINT ( 'NONE',  ( 0.06542438130972610955, 0.06542438130972602628, 0.01874999999999997849 ) ) ;
#3413 = CARTESIAN_POINT ( 'NONE',  ( -0.09252404735808350544, 0.03832471526136866508, -0.009375000000000015266 ) ) ;
#3414 = CARTESIAN_POINT ( 'NONE',  ( 0.000000000000000000, -1.104688079777929626E-16, 0.7499999999999998890 ) ) ;
#3415 = CARTESIAN_POINT ( 'NONE',  ( 0.000000000000000000, 0.09252404735808350544, 0.2812499999999999445 ) ) ;
#3416 = EDGE_LOOP ( 'NONE', ( #322, #3795, #1573, #2075 ) ) ;
#3417 = CARTESIAN_POINT ( 'NONE',  ( -0.1094882143615882181, 0.1424225543225441093, 0.4999999999999999445 ) ) ;
#3418 = ORIENTED_EDGE ( 'NONE', *, *, #1872, .F. ) ;
#3419 = CARTESIAN_POINT ( 'NONE',  ( 0.09252404735808344993, 0.03832471526136867895, 0.01562499999999998959 ) ) ;
#3420 = CARTESIAN_POINT ( 'NONE',  ( -0.03899397011127268831, 0.08573999633253956421, 0.7416207643691722362 ) ) ;
#3421 = CARTESIAN_POINT ( 'NONE',  ( 0.06542438130972610955, 0.06542438130972610955, 0.3187500000000000333 ) ) ;
#3422 = DIRECTION ( 'NONE',  ( -0.000000000000000000, -0.000000000000000000, -1.000000000000000000 ) ) ;
#3423 = CARTESIAN_POINT ( 'NONE',  ( -0.1037047591374622019, 0.1349437795129974915, 0.7499999999999998890 ) ) ;
#3424 = CARTESIAN_POINT ( 'NONE',  ( 0.09252404735808347769, 3.661286539352471130E-17, 0.3687499999999999667 ) ) ;
#3425 = CARTESIAN_POINT ( 'NONE',  ( -0.1299999999999999489, -5.530426628471140438E-17, 0.8676955262170046312 ) ) ;
#3426 = CARTESIAN_POINT ( 'NONE',  ( -1.530808498934190893E-17, -0.1249999999999999029, 0.2750000000000000777 ) ) ;
#3427 = CARTESIAN_POINT ( 'NONE',  ( 0.02454369240633528029, 0.1874999999999999167, 0.5093750000000000222 ) ) ;
#3428 = CARTESIAN_POINT ( 'NONE',  ( 0.1781249999999999223, 2.774533118565267485E-17, 0.5000000000000000000 ) ) ;
#3429 = CARTESIAN_POINT ( 'NONE',  ( 0.0006460662649212117487, -0.09585834028451682698, 0.008043942407743746859 ) ) ;
#3430 = CARTESIAN_POINT ( 'NONE',  ( -0.09375000000000020817, -0.01822629401375030697, 0.6252239531706376141 ) ) ;
#3431 = CARTESIAN_POINT ( 'NONE',  ( -0.06542438130972608179, -0.06542438130972602628, 0.3437500000000000555 ) ) ;
#3432 = CARTESIAN_POINT ( 'NONE',  ( -1.530808498934190893E-17, -0.1249999999999999445, 0.1812500000000000500 ) ) ;
#3433 = CARTESIAN_POINT ( 'NONE',  ( -0.06542438130972610955, -0.06542438130972608179, 0.2000000000000000389 ) ) ;
#3434 = CARTESIAN_POINT ( 'NONE',  ( 0.05177669529663694176, 0.1249999999999999861, 0.4968750000000001221 ) ) ;
#3435 = CARTESIAN_POINT ( 'NONE',  ( 0.06542438130972608179, -0.06542438130972612342, 0.1062500000000000250 ) ) ;
#3436 = AXIS2_PLACEMENT_3D ( 'NONE', #1193, #2719, #73 ) ;
#3437 = CARTESIAN_POINT ( 'NONE',  ( -0.09252404735808350544, -0.03832471526136876916, -0.003124999999999993235 ) ) ;
#3438 = LINE ( 'NONE', #764, #1861 ) ;
#3439 = EDGE_CURVE ( 'NONE', #821, #1433, #1019, .T. ) ;
#3440 = CARTESIAN_POINT ( 'NONE',  ( -0.04771488814516891552, -0.1091221369182809181, 0.03145590063068597758 ) ) ;
#3441 = CARTESIAN_POINT ( 'NONE',  ( 0.04907772852308896899, -0.1826198767900954201, 0.7312499999999998446 ) ) ;
#3442 = PRESENTATION_LAYER_ASSIGNMENT (  '', '', ( #110 ) ) ;
#3443 = CARTESIAN_POINT ( 'NONE',  ( 0.1249999999999999445, 6.756696813143317059E-17, 0.4937500000000000777 ) ) ;
#3444 = CARTESIAN_POINT ( 'NONE',  ( 0.1826198768753091450, 0.04907772831736503805, 0.5093750000000000222 ) ) ;
#3445 = CONICAL_SURFACE ( 'NONE', #786, 0.1082531754730549634, 1.047197551196600074 ) ;
#3446 = CARTESIAN_POINT ( 'NONE',  ( -0.1687499999999999001, 2.074140613450425082E-17, 0.7499999999999998890 ) ) ;
#3447 = PLANE ( 'NONE',  #1723 ) ;
#3448 = CARTESIAN_POINT ( 'NONE',  ( 0.04745346326798690478, 0.09735577612385110102, 0.4624092554288155577 ) ) ;
#3449 = CARTESIAN_POINT ( 'NONE',  ( 0.1826198767988397309, 0.04907772850198856979, 0.5000000000000000000 ) ) ;
#3450 = FILL_AREA_STYLE ('',( #3467 ) ) ;
#3451 = CARTESIAN_POINT ( 'NONE',  ( 0.08838834764831840496, 0.08838834764831833557, 0.04374999999999997641 ) ) ;
#3452 = CARTESIAN_POINT ( 'NONE',  ( -0.05177669529663686543, -0.1249999999999999861, 0.02187500000000004025 ) ) ;
#3453 = CARTESIAN_POINT ( 'NONE',  ( -0.03832471526136872059, -0.09252404735808347769, 0.1968750000000000222 ) ) ;
#3454 = CARTESIAN_POINT ( 'NONE',  ( -0.05177669529663686543, 0.1249999999999999167, 0.05937499999999997641 ) ) ;
#3455 = ADVANCED_FACE ( 'NONE', ( #2774 ), #3624, .T. ) ;
#3456 =( BOUNDED_CURVE ( )  B_SPLINE_CURVE ( 2, ( #2452, #1229, #895, #92, #976, #2161, #2400, #942, #2124 ),
 .UNSPECIFIED., .F., .F. ) 
 B_SPLINE_CURVE_WITH_KNOTS ( ( 3, 2, 2, 2, 3 ),
 ( 0.4318181818181818232, 0.4431818181818181768, 0.4545454545454545303, 0.4659090909090908839, 0.4772727272727272929 ),
 .UNSPECIFIED. ) 
 CURVE ( )  GEOMETRIC_REPRESENTATION_ITEM ( )  RATIONAL_B_SPLINE_CURVE ( ( 1.000000000000000000, 0.9238795325112867385, 1.000000000000000000, 0.9238795325112867385, 1.000000000000000000, 0.9238795325112867385, 1.000000000000000000, 0.9238795325112867385, 1.000000000000000000 ) ) 
 REPRESENTATION_ITEM ( '' )  );
#3457 = CARTESIAN_POINT ( 'NONE',  ( -0.09252404735808347769, -5.148479428543645521E-17, -0.006250000000000003816 ) ) ;
#3458 = CARTESIAN_POINT ( 'NONE',  ( 0.03832471526136876916, 0.09252404735808343605, 0.1718749999999999722 ) ) ;
#3459 = CARTESIAN_POINT ( 'NONE',  ( -0.1249999999999999306, 4.464937234929970217E-17, 0.3125000000000000000 ) ) ;
#3460 =( BOUNDED_SURFACE ( )  B_SPLINE_SURFACE ( 1, 2, ( 
 ( #1642, #164, #2513, #3705, #3721, #763, #2889, #192, #1671, #3158, #3745, #1964, #1413, #2822, #3412, #2552, #1986, #2254, #2287, #3180, #1689, #3115, #1999, #470, #3473, #2863, #3496, #3767, #1130, #242, #512, #208, #225, #840, #1373, #2308, #551, #2536, #1746, #820, #2013, #533, #3435, #3726, #1108, #1069, #2842, #787, #2032, #1730, #1432, #2906, #3137, #260, #2594, #1392, #2574, #493, #3789, #1086, #2272, #805, #3199, #3458, #1704, #2520, #3710, #1049, #2236, #2346, #3553, #3596, #301, #2103, #1797, #571, #897, #2962, #3536, #943, #880, #3575, #2381, #2082, #3236, #2633, #2689, #1468, #41, #2064, #1450, #625, #2669, #1206, #1148, #2401, #3521, #64, #3293, #3829, #643, #922, #3276, #1839, #1168, #2923, #2983, #2046, #587, #2945, #1231, #337, #1525, #1853, #1488, #3003, #2125, #2652, #317, #21, #1817, #1184, #1771, #3257, #2612, #860, #2361, #2327, #3806, #3217, #607, #1504, #275, #2491, #3038, #1013, #680, #3309, #2454, #1910, #2435, #3685, #1272, #2471, #1310, #997, #2162, #1567, #1628, #373, #2768, #3631, #357, #3370, #1607, #133, #82, #1944, #977, #3652, #391, #3668, #2181, #1587, #2730, #1251, #3054, #3019, #2418, #3616, #1549, #1292, #3329, #1891, #956, #721, #1030 ),
 ( #3350, #2141, #662, #2748, #2213, #2786, #93, #1927, #113, #699, #408, #3389, #3075, #1873, #427, #152, #1328, #740, #2712, #2516, #1997, #3409, #167, #3133, #2533, #2820, #2861, #3763, #2251, #3707, #2549, #1046, #222, #3454, #240, #510, #1725, #818, #3743, #781, #803, #2589, #190, #1407, #2570, #1082, #1066, #465, #530, #3112, #1703, #1370, #3094, #2284, #1102, #3470, #2800, #837, #3724, #1390, #490, #2010, #2269, #1983, #1669, #1350, #3155, #1962, #2233, #760, #444, #206, #3432, #1687, #2839, #3175, #3785, #2885, #1429, #1644, #1124, #2305, #3492, #1447, #1145, #273, #56, #620, #568, #916, #1465, #2628, #3827, #2683, #586, #2609, #2098, #3519, #2322, #2649, #3232, #3803, #893, #1165, #2902, #2059, #2343, #3534, #1812, #2667, #876, #1792, #1483, #2941, #314, #2356, #334, #3253, #1520, #3271, #15, #298, #3549, #1226, #1181, #2397, #3593, #2078, #2029, #1501, #36, #1202, #602, #3195, #549, #3801, #1790, #296, #13, #1951, #2522, #332, #3360, #1577, #3714, #708, #2441, #1918, #3637, #3063, #3337, #986, #2170, #688, #1617, #2828, #2331, #3501, #2847, #211, #228, #263, #809, #2598, #2274, #1072, #1416, #3479, #1396, #1734, #3462, #3185, #3443, #536, #1453, #197, #1376 ) ),
 .UNSPECIFIED., .F., .F., .T. ) 
 B_SPLINE_SURFACE_WITH_KNOTS ( ( 2, 2 ),
 ( 3, 2, 2, 2, 2, 2, 2, 2, 2, 2, 2, 2, 2, 2, 2, 2, 2, 2, 2, 2, 2, 2, 2, 2, 2, 2, 2, 2, 2, 2, 2, 2, 2, 2, 2, 2, 2, 2, 2, 2, 2, 2, 2, 2, 2, 2, 2, 2, 2, 2, 2, 2, 2, 2, 2, 2, 2, 2, 2, 2, 2, 2, 2, 2, 2, 2, 2, 2, 2, 2, 2, 2, 2, 2, 2, 2, 2, 2, 2, 2, 2, 2, 2, 2, 2, 2, 2, 2, 3 ),
 ( 0.000000000000000000, 1.000000000000000000 ),
 ( 0.000000000000000000, 0.01136363636363636395, 0.02272727272727272790, 0.03409090909090908839, 0.04545454545454545581, 0.05681818181818181629, 0.06818181818181817677, 0.07954545454545454419, 0.09090909090909091161, 0.1022727272727272790, 0.1136363636363636326, 0.1250000000000000000, 0.1363636363636363535, 0.1477272727272727348, 0.1590909090909090884, 0.1704545454545454419, 0.1818181818181818232, 0.1931818181818181768, 0.2045454545454545581, 0.2159090909090909116, 0.2272727272727272652, 0.2386363636363636465, 0.2500000000000000000, 0.2613636363636363535, 0.2727272727272727071, 0.2840909090909091161, 0.2954545454545454697, 0.3068181818181818232, 0.3181818181818181768, 0.3295454545454545303, 0.3409090909090908839, 0.3522727272727272929, 0.3636363636363636465, 0.3750000000000000000, 0.3863636363636363535, 0.3977272727272727071, 0.4090909090909091161, 0.4204545454545454697, 0.4318181818181818232, 0.4431818181818181768, 0.4545454545454545303, 0.4659090909090908839, 0.4772727272727272929, 0.4886363636363636465, 0.5000000000000000000, 0.5113636363636363535, 0.5227272727272727071, 0.5340909090909090606, 0.5454545454545454142, 0.5568181818181817677, 0.5681818181818182323, 0.5795454545454545858, 0.5909090909090909394, 0.6022727272727272929, 0.6136363636363636465, 0.6250000000000000000, 0.6363636363636363535, 0.6477272727272727071, 0.6590909090909090606, 0.6704545454545454142, 0.6818181818181817677, 0.6931818181818182323, 0.7045454545454545858, 0.7159090909090909394, 0.7272727272727272929, 0.7386363636363636465, 0.7500000000000000000, 0.7613636363636363535, 0.7727272727272727071, 0.7840909090909090606, 0.7954545454545454142, 0.8068181818181817677, 0.8181818181818182323, 0.8295454545454545858, 0.8409090909090909394, 0.8522727272727272929, 0.8636363636363636465, 0.8750000000000000000, 0.8863636363636363535, 0.8977272727272727071, 0.9090909090909090606, 0.9204545454545454142, 0.9318181818181817677, 0.9431818181818182323, 0.9545454545454545858, 0.9659090909090909394, 0.9772727272727272929, 0.9886363636363636465, 1.000000000000000000 ),
 .UNSPECIFIED. ) 
 GEOMETRIC_REPRESENTATION_ITEM ( )  RATIONAL_B_SPLINE_SURFACE ( (
 ( 1.000000000000000000, 0.9238795325112867385, 1.000000000000000000, 0.9238795325112867385, 1.000000000000000000, 0.9238795325112867385, 1.000000000000000000, 0.9238795325112867385, 1.000000000000000000, 0.9238795325112867385, 1.000000000000000000, 0.9238795325112867385, 1.000000000000000000, 0.9238795325112867385, 1.000000000000000000, 0.9238795325112867385, 1.000000000000000000, 0.9238795325112867385, 1.000000000000000000, 0.9238795325112867385, 1.000000000000000000, 0.9238795325112867385, 1.000000000000000000, 0.9238795325112867385, 1.000000000000000000, 0.9238795325112867385, 1.000000000000000000, 0.9238795325112867385, 1.000000000000000000, 0.9238795325112867385, 1.000000000000000000, 0.9238795325112867385, 1.000000000000000000, 0.9238795325112867385, 1.000000000000000000, 0.9238795325112867385, 1.000000000000000000, 0.9238795325112867385, 1.000000000000000000, 0.9238795325112867385, 1.000000000000000000, 0.9238795325112867385, 1.000000000000000000, 0.9238795325112867385, 1.000000000000000000, 0.9238795325112867385, 1.000000000000000000, 0.9238795325112867385, 1.000000000000000000, 0.9238795325112867385, 1.000000000000000000, 0.9238795325112867385, 1.000000000000000000, 0.9238795325112867385, 1.000000000000000000, 0.9238795325112867385, 1.000000000000000000, 0.9238795325112867385, 1.000000000000000000, 0.9238795325112867385, 1.000000000000000000, 0.9238795325112867385, 1.000000000000000000, 0.9238795325112867385, 1.000000000000000000, 0.9238795325112867385, 1.000000000000000000, 0.9238795325112867385, 1.000000000000000000, 0.9238795325112867385, 1.000000000000000000, 0.9238795325112867385, 1.000000000000000000, 0.9238795325112867385, 1.000000000000000000, 0.9238795325112867385, 1.000000000000000000, 0.9238795325112867385, 1.000000000000000000, 0.9238795325112867385, 1.000000000000000000, 0.9238795325112867385, 1.000000000000000000, 0.9238795325112867385, 1.000000000000000000, 0.9238795325112867385, 1.000000000000000000, 0.9238795325112867385, 1.000000000000000000, 0.9238795325112867385, 1.000000000000000000, 0.9238795325112867385, 1.000000000000000000, 0.9238795325112867385, 1.000000000000000000, 0.9238795325112867385, 1.000000000000000000, 0.9238795325112867385, 1.000000000000000000, 0.9238795325112867385, 1.000000000000000000, 0.9238795325112867385, 1.000000000000000000, 0.9238795325112867385, 1.000000000000000000, 0.9238795325112867385, 1.000000000000000000, 0.9238795325112867385, 1.000000000000000000, 0.9238795325112867385, 1.000000000000000000, 0.9238795325112867385, 1.000000000000000000, 0.9238795325112867385, 1.000000000000000000, 0.9238795325112867385, 1.000000000000000000, 0.9238795325112867385, 1.000000000000000000, 0.9238795325112867385, 1.000000000000000000, 0.9238795325112867385, 1.000000000000000000, 0.9238795325112867385, 1.000000000000000000, 0.9238795325112867385, 1.000000000000000000, 0.9238795325112867385, 1.000000000000000000, 0.9238795325112867385, 1.000000000000000000, 0.9238795325112867385, 1.000000000000000000, 0.9238795325112867385, 1.000000000000000000, 0.9238795325112867385, 1.000000000000000000, 0.9238795325112867385, 1.000000000000000000, 0.9238795325112867385, 1.000000000000000000, 0.9238795325112867385, 1.000000000000000000, 0.9238795325112867385, 1.000000000000000000, 0.9238795325112867385, 1.000000000000000000, 0.9238795325112867385, 1.000000000000000000, 0.9238795325112867385, 1.000000000000000000, 0.9238795325112867385, 1.000000000000000000, 0.9238795325112867385, 1.000000000000000000, 0.9238795325112867385, 1.000000000000000000, 0.9238795325112867385, 1.000000000000000000, 0.9238795325112867385, 1.000000000000000000, 0.9238795325112867385, 1.000000000000000000, 0.9238795325112867385, 1.000000000000000000, 0.9238795325112867385, 1.000000000000000000, 0.9238795325112867385, 1.000000000000000000, 0.9238795325112867385, 1.000000000000000000, 0.9238795325112867385, 1.000000000000000000, 0.9238795325112867385, 1.000000000000000000, 0.9238795325112867385, 1.000000000000000000),
 ( 1.000000000000000000, 0.9238795325112867385, 1.000000000000000000, 0.9238795325112867385, 1.000000000000000000, 0.9238795325112867385, 1.000000000000000000, 0.9238795325112867385, 1.000000000000000000, 0.9238795325112867385, 1.000000000000000000, 0.9238795325112867385, 1.000000000000000000, 0.9238795325112867385, 1.000000000000000000, 0.9238795325112867385, 1.000000000000000000, 0.9238795325112867385, 1.000000000000000000, 0.9238795325112867385, 1.000000000000000000, 0.9238795325112867385, 1.000000000000000000, 0.9238795325112867385, 1.000000000000000000, 0.9238795325112867385, 1.000000000000000000, 0.9238795325112867385, 1.000000000000000000, 0.9238795325112867385, 1.000000000000000000, 0.9238795325112867385, 1.000000000000000000, 0.9238795325112867385, 1.000000000000000000, 0.9238795325112867385, 1.000000000000000000, 0.9238795325112867385, 1.000000000000000000, 0.9238795325112867385, 1.000000000000000000, 0.9238795325112867385, 1.000000000000000000, 0.9238795325112867385, 1.000000000000000000, 0.9238795325112867385, 1.000000000000000000, 0.9238795325112867385, 1.000000000000000000, 0.9238795325112867385, 1.000000000000000000, 0.9238795325112867385, 1.000000000000000000, 0.9238795325112867385, 1.000000000000000000, 0.9238795325112867385, 1.000000000000000000, 0.9238795325112867385, 1.000000000000000000, 0.9238795325112867385, 1.000000000000000000, 0.9238795325112867385, 1.000000000000000000, 0.9238795325112867385, 1.000000000000000000, 0.9238795325112867385, 1.000000000000000000, 0.9238795325112867385, 1.000000000000000000, 0.9238795325112867385, 1.000000000000000000, 0.9238795325112867385, 1.000000000000000000, 0.9238795325112867385, 1.000000000000000000, 0.9238795325112867385, 1.000000000000000000, 0.9238795325112867385, 1.000000000000000000, 0.9238795325112867385, 1.000000000000000000, 0.9238795325112867385, 1.000000000000000000, 0.9238795325112867385, 1.000000000000000000, 0.9238795325112867385, 1.000000000000000000, 0.9238795325112867385, 1.000000000000000000, 0.9238795325112867385, 1.000000000000000000, 0.9238795325112867385, 1.000000000000000000, 0.9238795325112867385, 1.000000000000000000, 0.9238795325112867385, 1.000000000000000000, 0.9238795325112867385, 1.000000000000000000, 0.9238795325112867385, 1.000000000000000000, 0.9238795325112867385, 1.000000000000000000, 0.9238795325112867385, 1.000000000000000000, 0.9238795325112867385, 1.000000000000000000, 0.9238795325112867385, 1.000000000000000000, 0.9238795325112867385, 1.000000000000000000, 0.9238795325112867385, 1.000000000000000000, 0.9238795325112867385, 1.000000000000000000, 0.9238795325112867385, 1.000000000000000000, 0.9238795325112867385, 1.000000000000000000, 0.9238795325112867385, 1.000000000000000000, 0.9238795325112867385, 1.000000000000000000, 0.9238795325112867385, 1.000000000000000000, 0.9238795325112867385, 1.000000000000000000, 0.9238795325112867385, 1.000000000000000000, 0.9238795325112867385, 1.000000000000000000, 0.9238795325112867385, 1.000000000000000000, 0.9238795325112867385, 1.000000000000000000, 0.9238795325112867385, 1.000000000000000000, 0.9238795325112867385, 1.000000000000000000, 0.9238795325112867385, 1.000000000000000000, 0.9238795325112867385, 1.000000000000000000, 0.9238795325112867385, 1.000000000000000000, 0.9238795325112867385, 1.000000000000000000, 0.9238795325112867385, 1.000000000000000000, 0.9238795325112867385, 1.000000000000000000, 0.9238795325112867385, 1.000000000000000000, 0.9238795325112867385, 1.000000000000000000, 0.9238795325112867385, 1.000000000000000000, 0.9238795325112867385, 1.000000000000000000, 0.9238795325112867385, 1.000000000000000000, 0.9238795325112867385, 1.000000000000000000, 0.9238795325112867385, 1.000000000000000000, 0.9238795325112867385, 1.000000000000000000, 0.9238795325112867385, 1.000000000000000000, 0.9238795325112867385, 1.000000000000000000, 0.9238795325112867385, 1.000000000000000000, 0.9238795325112867385, 1.000000000000000000, 0.9238795325112867385, 1.000000000000000000) ) ) 
 REPRESENTATION_ITEM ( '' )  SURFACE ( )  );
#3461 = CARTESIAN_POINT ( 'NONE',  ( 0.08968195723106066330, 0.1556566722342989373, 0.4999999999999999445 ) ) ;
#3462 = CARTESIAN_POINT ( 'NONE',  ( 0.08838834764831839108, -0.08838834764831833557, 0.4875000000000000444 ) ) ;
#3463 = CARTESIAN_POINT ( 'NONE',  ( -0.03103164284771575687, 0.09033704812153005304, 0.7424198921391044204 ) ) ;
#3464 = CARTESIAN_POINT ( 'NONE',  ( 0.1474514531114560212, -0.08498570275246687677, 0.7499999999999998890 ) ) ;
#3465 = CARTESIAN_POINT ( 'NONE',  ( 0.09252404735808347769, -0.03832471526136870671, 0.4156250000000001887 ) ) ;
#3466 = CARTESIAN_POINT ( 'NONE',  ( 0.1499375328083565606, 0.1152275101365986543, 0.5000000000000000000 ) ) ;
#3467 = FILL_AREA_STYLE_COLOUR ( '', #406 ) ;
#3468 = CARTESIAN_POINT ( 'NONE',  ( -0.06542438130972610955, -0.06542438130972615118, 1.493979371535143794E-17 ) ) ;
#3469 = CARTESIAN_POINT ( 'NONE',  ( -0.06542438130972608179, -0.06542438130972606791, 0.2437500000000000222 ) ) ;
#3470 = CARTESIAN_POINT ( 'NONE',  ( -0.05177669529663687931, -0.1249999999999999861, 0.1281250000000000722 ) ) ;
#3471 = CARTESIAN_POINT ( 'NONE',  ( -0.03832471526136872753, -0.09252404735808353320, 0.003125000000000024026 ) ) ;
#3472 = CARTESIAN_POINT ( 'NONE',  ( -0.1249999999999999445, 6.126329965438092575E-17, 0.3687500000000000777 ) ) ;
#3473 = CARTESIAN_POINT ( 'NONE',  ( -1.133092784412350307E-17, -0.09252404735808351932, 0.05000000000000002359 ) ) ;
#3474 = EDGE_CURVE ( 'NONE', #3172, #2956, #2888, .T. ) ;
#3475 = CARTESIAN_POINT ( 'NONE',  ( -0.01455762488768087316, -0.09137163070204264159, 0.005024047358083652375 ) ) ;
#3476 = ORIENTED_EDGE ( 'NONE', *, *, #111, .T. ) ;
#3477 = FACE_OUTER_BOUND ( 'NONE', #3016, .T. ) ;
#3478 = ADVANCED_FACE ( 'NONE', ( #1300 ), #381, .F. ) ;
#3479 = CARTESIAN_POINT ( 'NONE',  ( -0.05177669529663687931, -0.1249999999999998612, 0.4781250000000000777 ) ) ;
#3480 = VERTEX_POINT ( 'NONE', #3012 ) ;
#3481 = CARTESIAN_POINT ( 'NONE',  ( 0.05177669529663683073, -0.1249999999999999167, 0.3781250000000000999 ) ) ;
#3482 = DIRECTION ( 'NONE',  ( -0.000000000000000000, -0.000000000000000000, -1.000000000000000000 ) ) ;
#3483 = CARTESIAN_POINT ( 'NONE',  ( 0.04907772852307148298, 0.1826198767900902020, 0.7500000000000000000 ) ) ;
#3484 = CARTESIAN_POINT ( 'NONE',  ( 0.09252404735808347769, 8.091667154040798652E-17, 0.5187500000000000444 ) ) ;
#3485 = DIRECTION ( 'NONE',  ( -0.000000000000000000, -0.000000000000000000, 1.000000000000000000 ) ) ;
#3486 = CARTESIAN_POINT ( 'NONE',  ( -0.1152275101366085353, -0.1499375328083467074, 0.5000000000000000000 ) ) ;
#3487 = CARTESIAN_POINT ( 'NONE',  ( 0.1874999999999999167, 2.303761888290553917E-17, 0.000000000000000000 ) ) ;
#3488 = ADVANCED_FACE ( 'NONE', ( #2720 ), #2503, .T. ) ;
#3489 = DIRECTION ( 'NONE',  ( 0.000000000000000000, 0.000000000000000000, -1.000000000000000000 ) ) ;
#3490 = ORIENTED_EDGE ( 'NONE', *, *, #2376, .F. ) ;
#3491 = CARTESIAN_POINT ( 'NONE',  ( -0.03832471526136872059, -0.09252404735808343605, 0.2968750000000000000 ) ) ;
#3492 = CARTESIAN_POINT ( 'NONE',  ( -0.08838834764831839108, 0.08838834764831840496, 0.2124999999999999944 ) ) ;
#3493 = CARTESIAN_POINT ( 'NONE',  ( -0.09252404735808346381, 0.03832471526136872059, 0.1843749999999999556 ) ) ;
#3494 = CARTESIAN_POINT ( 'NONE',  ( -0.05177669529663686543, 0.1250000000000000278, 0.4531250000000000000 ) ) ;
#3495 = CARTESIAN_POINT ( 'NONE',  ( -0.1249999999999999306, 5.941730773159413341E-17, 0.3625000000000000444 ) ) ;
#3496 = CARTESIAN_POINT ( 'NONE',  ( 0.06542438130972608179, -0.06542438130972613730, 0.05625000000000001527 ) ) ;
#3497 = CARTESIAN_POINT ( 'NONE',  ( 0.03084450010908016890, -0.09044509503205819256, 0.6244508330878951741 ) ) ;
#3498 = CARTESIAN_POINT ( 'NONE',  ( -0.09252404735808347769, 6.665868877291894538E-17, 0.3937499999999999889 ) ) ;
#3499 = CARTESIAN_POINT ( 'NONE',  ( -0.1349437795129974915, -0.1037047591374621880, 0.7499999999999998890 ) ) ;
#3500 = CARTESIAN_POINT ( 'NONE',  ( -0.1638349479016320553, -0.09442855861384152893, 0.7500000000000000000 ) ) ;
#3501 = CARTESIAN_POINT ( 'NONE',  ( 0.1249999999999999584, 0.05177669529663698339, 0.4468750000000000222 ) ) ;
#3502 = CARTESIAN_POINT ( 'NONE',  ( 0.06024522967515525546, -0.07060353294429697057, 0.005652765745188421086 ) ) ;
#3503 = FACE_OUTER_BOUND ( 'NONE', #2096, .T. ) ;
#3504 = CARTESIAN_POINT ( 'NONE',  ( -0.06542438130972608179, -0.06542438130972601240, 0.3937499999999999889 ) ) ;
#3505 = B_SPLINE_CURVE_WITH_KNOTS ( 'NONE', 3,
 ( #1712, #1298, #1535, #2112, #2149, #2459, #3656, #2255, #156, #2498, #1673, #3080, #1394, #3440, #1018, #3747, #1614, #3060, #1316, #2478, #726, #1036, #2218, #3712, #746, #2238 ),
 .UNSPECIFIED., .F., .F.,
 ( 4, 2, 2, 2, 2, 2, 2, 2, 2, 2, 2, 2, 4 ),
 ( 1.096681618122085586E-16, 0.0008883962026931131175, 0.001332594304039615412, 0.001776792405386116947, 0.002220990506732618917, 0.002665188608079120669, 0.003553584810772123306, 0.003997782912118624625, 0.004441981013465126811, 0.004886179114811628130, 0.005330377216158128581, 0.006218773418851131218, 0.007107169621544132121 ),
 .UNSPECIFIED. ) ;
#3506 = AXIS2_PLACEMENT_3D ( 'NONE', #1153, #1473, #2672 ) ;
#3507 = CARTESIAN_POINT ( 'NONE',  ( -1.133092784412350615E-17, -0.09252404735808343605, 0.4062500000000000555 ) ) ;
#3508 = CARTESIAN_POINT ( 'NONE',  ( 0.09375000000000020817, 0.009141833668649479785, 0.6244390877365274539 ) ) ;
#3509 = VERTEX_POINT ( 'NONE', #2151 ) ;
#3510 = CARTESIAN_POINT ( 'NONE',  ( 0.1874999999999999167, 0.02454369240633530111, 0.5000000000000000000 ) ) ;
#3511 = CIRCLE ( 'NONE', #227, 0.1299999999999999489 ) ;
#3512 = CARTESIAN_POINT ( 'NONE',  ( 0.09726361141559959622, 6.203157005158397739E-13, 0.009763611415599717999 ) ) ;
#3513 =( BOUNDED_CURVE ( )  B_SPLINE_CURVE ( 2, ( #3738, #2265, #3451, #3109, #3152, #2585, #1700, #2567, #2856 ),
 .UNSPECIFIED., .F., .F. ) 
 B_SPLINE_CURVE_WITH_KNOTS ( ( 3, 2, 2, 2, 3 ),
 ( 0.06818181818181817677, 0.07954545454545454419, 0.09090909090909091161, 0.1022727272727272929, 0.1136363636363636465 ),
 .UNSPECIFIED. ) 
 CURVE ( )  GEOMETRIC_REPRESENTATION_ITEM ( )  RATIONAL_B_SPLINE_CURVE ( ( 1.000000000000000000, 0.9238795325112867385, 1.000000000000000000, 0.9238795325112867385, 1.000000000000000000, 0.9238795325112867385, 1.000000000000000000, 0.9238795325112866275, 1.000000000000000000 ) ) 
 REPRESENTATION_ITEM ( '' )  );
#3514 = CARTESIAN_POINT ( 'NONE',  ( 0.000000000000000000, -5.530426628471140438E-17, 0.4812500000000000111 ) ) ;
#3515 = CIRCLE ( 'NONE', #59, 0.1082531754730549772 ) ;
#3516 = ORIENTED_EDGE ( 'NONE', *, *, #168, .F. ) ;
#3517 = CARTESIAN_POINT ( 'NONE',  ( 0.06542438130972610955, 0.06542438130972604016, 0.07499999999999998335 ) ) ;
#3518 = CARTESIAN_POINT ( 'NONE',  ( -0.09252404735808347769, 0.03832471526136876222, 0.3343750000000000333 ) ) ;
#3519 = CARTESIAN_POINT ( 'NONE',  ( -0.05177669529663686543, 0.1249999999999999861, 0.2593749999999999667 ) ) ;
#3520 = CARTESIAN_POINT ( 'NONE',  ( -0.1499375327922185530, 0.1152275101527366202, 0.7312499999999998446 ) ) ;
#3521 = CARTESIAN_POINT ( 'NONE',  ( 0.000000000000000000, 0.09252404735808347769, 0.2749999999999999667 ) ) ;
#3522 = CARTESIAN_POINT ( 'NONE',  ( 0.09375000000000020817, -0.04533366931169132558, 0.6302742030902285242 ) ) ;
#3523 = CARTESIAN_POINT ( 'NONE',  ( 0.000000000000000000, -5.530426628471140438E-17, 0.4749999999999999778 ) ) ;
#3524 = ORIENTED_EDGE ( 'NONE', *, *, #3552, .T. ) ;
#3525 = CARTESIAN_POINT ( 'NONE',  ( -0.1139320424213534494, -0.05142460218318561926, 0.4721304482402234881 ) ) ;
#3526 = EDGE_CURVE ( 'NONE', #416, #3246, #2385, .T. ) ;
#3527 = DIRECTION ( 'NONE',  ( 0.000000000000000000, 0.000000000000000000, 1.000000000000000000 ) ) ;
#3528 = CARTESIAN_POINT ( 'NONE',  ( -0.04441751162870469921, 0.1052088935712124779, 0.4658004646353313682 ) ) ;
#3529 = CARTESIAN_POINT ( 'NONE',  ( 0.05177669529663683767, -0.1249999999999999167, 0.4343750000000001221 ) ) ;
#3530 = CARTESIAN_POINT ( 'NONE',  ( 0.1249999999999995559, 0.05177669529663733033, 0.3968750000000000333 ) ) ;
#3531 = CARTESIAN_POINT ( 'NONE',  ( 0.05177669529663683073, -0.1250000000000000278, 0.02812500000000003886 ) ) ;
#3532 = ORIENTED_EDGE ( 'NONE', *, *, #135, .T. ) ;
#3533 = CARTESIAN_POINT ( 'NONE',  ( -0.09252404735808347769, 0.03832471526136879691, 0.4843750000000000000 ) ) ;
#3534 = CARTESIAN_POINT ( 'NONE',  ( 0.1249999999999999167, -0.05177669529663690012, 0.2906250000000000777 ) ) ;
#3535 = CARTESIAN_POINT ( 'NONE',  ( -0.07844243687486911198, -0.06296441342745923153, 0.6277099789582291089 ) ) ;
#3536 = CARTESIAN_POINT ( 'NONE',  ( 0.06542438130972610955, 0.06542438130972608179, 0.2187500000000000278 ) ) ;
#3537 = CARTESIAN_POINT ( 'NONE',  ( -5.292955487724510356E-16, -0.1082531754730549217, 0.6328124999999998890 ) ) ;
#3538 = CARTESIAN_POINT ( 'NONE',  ( 0.02454369238351464255, 0.1874999999999999167, 0.7312499999999998446 ) ) ;
#3539 = CARTESIAN_POINT ( 'NONE',  ( 0.000000000000000000, 0.1249999999999999306, 0.1999999999999999833 ) ) ;
#3540 = CARTESIAN_POINT ( 'NONE',  ( 0.1643496145602353631, -0.04419728187502774269, 0.7499999999999998890 ) ) ;
#3541 = CARTESIAN_POINT ( 'NONE',  ( 0.02331650778601826457, -0.1781249999999999223, 0.5000000000000000000 ) ) ;
#3542 = CYLINDRICAL_SURFACE ( 'NONE', #1412, 0.1249999999999999306 ) ;
#3543 = CARTESIAN_POINT ( 'NONE',  ( -0.09374999999999998612, -0.009127018611293660419, 0.7416258713233305766 ) ) ;
#3544 = CARTESIAN_POINT ( 'NONE',  ( -0.1874999999999999167, -0.02454369260617027260, 0.7312500000000000666 ) ) ;
#3545 = DIRECTION ( 'NONE',  ( 0.8660254037844397068, 0.000000000000000000, 0.4999999999999979461 ) ) ;
#3546 = CARTESIAN_POINT ( 'NONE',  ( -1.530808498934190893E-17, -0.1249999999999999167, 0.2812500000000000555 ) ) ;
#3547 = DIRECTION ( 'NONE',  ( -0.000000000000000000, -0.000000000000000000, -1.000000000000000000 ) ) ;
#3548 = CARTESIAN_POINT ( 'NONE',  ( 0.09252404735808344993, 0.03832471526136877610, 0.3656250000000000333 ) ) ;
#3549 = CARTESIAN_POINT ( 'NONE',  ( 0.08838834764831839108, -0.08838834764831837720, 0.3375000000000000777 ) ) ;
#3550 = CARTESIAN_POINT ( 'NONE',  ( -0.1638349479016293631, -0.09442855861383801785, 0.7312499999999998446 ) ) ;
#3551 = CARTESIAN_POINT ( 'NONE',  ( 0.02107859722101263628, 0.1022653288445909969, 0.01668516004306537515 ) ) ;
#3552 = EDGE_CURVE ( 'NONE', #1720, #743, #3305, .T. ) ;
#3553 = CARTESIAN_POINT ( 'NONE',  ( -0.06542438130972608179, -0.06542438130972606791, 0.1937500000000000056 ) ) ;
#3554 = CARTESIAN_POINT ( 'NONE',  ( -0.02454369238351461827, 0.1874999999999999167, 0.7312499999999998446 ) ) ;
#3555 = CARTESIAN_POINT ( 'NONE',  ( -0.1249999999999999306, -1.442236917987798888E-17, 0.1125000000000000167 ) ) ;
#3556 = CARTESIAN_POINT ( 'NONE',  ( 0.02206091049068959267, -0.1687528125974648852, 0.7499999999999998890 ) ) ;
#3557 = CARTESIAN_POINT ( 'NONE',  ( -0.1152275101366010551, 0.1499375328083541736, 0.5000000000000000000 ) ) ;
#3558 = EDGE_CURVE ( 'NONE', #2115, #1770, #663, .T. ) ;
#3559 = PRODUCT_CONTEXT ( 'NONE', #3207, 'mechanical' ) ;
#3560 = CARTESIAN_POINT ( 'NONE',  ( -0.09374999999999998612, 0.04537804082471875999, 0.7474745120427241929 ) ) ;
#3561 = CARTESIAN_POINT ( 'NONE',  ( 0.05177669529663694176, 0.1249999999999999445, 0.2968750000000000000 ) ) ;
#3562 = ORIENTED_EDGE ( 'NONE', *, *, #1240, .T. ) ;
#3563 = DIRECTION ( 'NONE',  ( -0.000000000000000000, -0.000000000000000000, 1.000000000000000000 ) ) ;
#3564 = CARTESIAN_POINT ( 'NONE',  ( 0.09252404735808344993, -0.03832471526136879691, 0.05937500000000002498 ) ) ;
#3565 = AXIS2_PLACEMENT_3D ( 'NONE', #1941, #1064, #3666 ) ;
#3566 = CARTESIAN_POINT ( 'NONE',  ( -0.1249999999999999306, 1.511350158471085510E-17, 0.2125000000000000222 ) ) ;
#3567 = CARTESIAN_POINT ( 'NONE',  ( 0.09252404735808347769, -0.03832471526136870671, 0.3656250000000000888 ) ) ;
#3568 = CARTESIAN_POINT ( 'NONE',  ( 0.000000000000000000, 0.09252404735808344993, 0.08124999999999997502 ) ) ;
#3569 = ORIENTED_EDGE ( 'NONE', *, *, #3282, .T. ) ;
#3570 = CARTESIAN_POINT ( 'NONE',  ( -0.03832471526136872753, -0.09252404735808351932, 0.1031250000000000638 ) ) ;
#3571 = AXIS2_PLACEMENT_3D ( 'NONE', #394, #345, #984 ) ;
#3572 = CARTESIAN_POINT ( 'NONE',  ( -1.133092784412350307E-17, -0.09252404735808339442, 0.4500000000000000666 ) ) ;
#3573 = CARTESIAN_POINT ( 'NONE',  ( -0.1249999999999999306, 7.549139889267777477E-20, 0.000000000000000000 ) ) ;
#3574 = ORIENTED_EDGE ( 'NONE', *, *, #423, .F. ) ;
#3575 = CARTESIAN_POINT ( 'NONE',  ( -0.03832471526136870671, 0.09252404735808347769, 0.2281250000000000222 ) ) ;
#3576 = CARTESIAN_POINT ( 'NONE',  ( 0.000000000000000000, 0.09252404735808346381, 0.1312499999999999778 ) ) ;
#3577 = ADVANCED_FACE ( 'NONE', ( #2188 ), #3445, .F. ) ;
#3578 = CARTESIAN_POINT ( 'NONE',  ( 0.05177669529663694176, 0.1249999999999998751, 0.09687499999999996114 ) ) ;
#3579 = CARTESIAN_POINT ( 'NONE',  ( -0.06542438130972610955, -0.06542438130972608179, 0.2000000000000000389 ) ) ;
#3580 = CARTESIAN_POINT ( 'NONE',  ( -0.02206091049068939838, -0.1687471874025348317, 0.7499999999999997780 ) ) ;
#3581 = CARTESIAN_POINT ( 'NONE',  ( -0.1874999999999999167, 0.02454369240633882954, 0.5000000000000000000 ) ) ;
#3582 = ORIENTED_EDGE ( 'NONE', *, *, #2231, .T. ) ;
#3583 = FACE_OUTER_BOUND ( 'NONE', #954, .T. ) ;
#3584 = DIRECTION ( 'NONE',  ( 1.000000000000000000, 0.000000000000000000, -0.000000000000000000 ) ) ;
#3585 =( BOUNDED_CURVE ( )  B_SPLINE_CURVE ( 2, ( #502, #2335, #2850 ),
 .UNSPECIFIED., .F., .F. ) 
 B_SPLINE_CURVE_WITH_KNOTS ( ( 3, 3 ),
 ( 0.1477272727272726793, 0.1590909090909090884 ),
 .UNSPECIFIED. ) 
 CURVE ( )  GEOMETRIC_REPRESENTATION_ITEM ( )  RATIONAL_B_SPLINE_CURVE ( ( 1.000000000000000444, 0.9238795325112864054, 1.000000000000000000 ) ) 
 REPRESENTATION_ITEM ( '' )  );
#3586 = CARTESIAN_POINT ( 'NONE',  ( 0.000000000000000000, -5.530426628471140438E-17, 0.4749999999999999778 ) ) ;
#3587 = CARTESIAN_POINT ( 'NONE',  ( -0.03832471526136872059, -0.09252404735808351932, 0.09687500000000004441 ) ) ;
#3588 = CARTESIAN_POINT ( 'NONE',  ( -0.1249999999999999445, -0.05177669529663687931, 0.1156250000000000333 ) ) ;
#3589 = CARTESIAN_POINT ( 'NONE',  ( -0.09252404735808350544, -0.03832471526136874140, 0.09687500000000001665 ) ) ;
#3590 = EDGE_LOOP ( 'NONE', ( #1859, #2779 ) ) ;
#3591 =( BOUNDED_CURVE ( )  B_SPLINE_CURVE ( 2, ( #3604, #3263, #1512, #650, #887, #2621, #1197, #3228, #286 ),
 .UNSPECIFIED., .F., .F. ) 
 B_SPLINE_CURVE_WITH_KNOTS ( ( 3, 2, 2, 2, 3 ),
 ( 0.5681818181818182323, 0.5795454545454545858, 0.5909090909090909394, 0.6022727272727272929, 0.6136363636363636465 ),
 .UNSPECIFIED. ) 
 CURVE ( )  GEOMETRIC_REPRESENTATION_ITEM ( )  RATIONAL_B_SPLINE_CURVE ( ( 1.000000000000000000, 0.9238795325112867385, 1.000000000000000000, 0.9238795325112867385, 1.000000000000000000, 0.9238795325112867385, 1.000000000000000000, 0.9238795325112867385, 1.000000000000000000 ) ) 
 REPRESENTATION_ITEM ( '' )  );
#3592 = CARTESIAN_POINT ( 'NONE',  ( 0.09252404735808344993, 0.03832471526136881773, 0.4656250000000000111 ) ) ;
#3593 = CARTESIAN_POINT ( 'NONE',  ( 0.08838834764831843271, 0.08838834764831843271, 0.3500000000000000333 ) ) ;
#3594 = CARTESIAN_POINT ( 'NONE',  ( 0.04907772852307792227, 0.1826198767900999997, 0.7312499999999998446 ) ) ;
#3595 = CARTESIAN_POINT ( 'NONE',  ( -0.1094088132113710393, 0.02730372957394454694, 0.02440551311080972965 ) ) ;
#3596 = CARTESIAN_POINT ( 'NONE',  ( -0.03832471526136872059, -0.09252404735808347769, 0.1968750000000000222 ) ) ;
#3597 = CARTESIAN_POINT ( 'NONE',  ( 0.06542438130972609567, -0.06542438130972612342, 0.1625000000000000333 ) ) ;
#3598 = EDGE_CURVE ( 'NONE', #1191, #3220, #2763, .T. ) ;
#3599 = ORIENTED_EDGE ( 'NONE', *, *, #3552, .F. ) ;
#3600 = CARTESIAN_POINT ( 'NONE',  ( -0.1499375328083542014, 0.1152275101366010274, 0.5000000000000000000 ) ) ;
#3601 = ORIENTED_EDGE ( 'NONE', *, *, #3312, .T. ) ;
#3602 = CARTESIAN_POINT ( 'NONE',  ( 0.08838834764831839108, -0.08838834764831837720, 0.3375000000000000777 ) ) ;
#3603 = FACE_OUTER_BOUND ( 'NONE', #2286, .T. ) ;
#3604 = CARTESIAN_POINT ( 'NONE',  ( -0.1249999999999999306, 4.464937234929970217E-17, 0.3125000000000000000 ) ) ;
#3605 = CARTESIAN_POINT ( 'NONE',  ( 0.09252404735808346381, -2.430486805843977518E-17, 0.1625000000000000056 ) ) ;
#3606 = CARTESIAN_POINT ( 'NONE',  ( 0.08838834764831839108, -0.08838834764831839108, 0.2875000000000000888 ) ) ;
#3607 = CARTESIAN_POINT ( 'NONE',  ( 0.09252404735808347769, 0.03832471526136878998, 0.3718750000000000111 ) ) ;
#3608 = CARTESIAN_POINT ( 'NONE',  ( -0.03832471526136872753, -0.09252404735808351932, 0.05312500000000002637 ) ) ;
#3609 = VERTEX_POINT ( 'NONE', #1952 ) ;
#3610 = CARTESIAN_POINT ( 'NONE',  ( -0.1638349479016318611, 0.09442855861383726845, 0.7500000000000000000 ) ) ;
#3611 = PRODUCT_DEFINITION_CONTEXT ( 'detailed design', #566, 'design' ) ;
#3612 = CARTESIAN_POINT ( 'NONE',  ( 0.06542438130972608179, -0.06542438130972601240, 0.4562499999999999889 ) ) ;
#3613 = EDGE_CURVE ( 'NONE', #2135, #3260, #1564, .T. ) ;
#3614 = CARTESIAN_POINT ( 'NONE',  ( -0.1874999999999999167, -0.02454369238351460786, 0.7312499999999998446 ) ) ;
#3615 = CARTESIAN_POINT ( 'NONE',  ( -0.09252404735808346381, 7.958063223242654112E-17, 0.4375000000000000555 ) ) ;
#3616 = CARTESIAN_POINT ( 'NONE',  ( 0.03832471526136869283, -0.09252404735808340830, 0.5031250000000000444 ) ) ;
#3617 = CARTESIAN_POINT ( 'NONE',  ( -0.08838834764831837720, 0.08838834764831843271, 0.3062499999999999667 ) ) ;
#3618 = ORIENTED_EDGE ( 'NONE', *, *, #2958, .T. ) ;
#3619 = CARTESIAN_POINT ( 'NONE',  ( -0.09252404735808350544, -0.03832471526136869977, 0.2468750000000000666 ) ) ;
#3620 = CARTESIAN_POINT ( 'NONE',  ( -0.04907772850199225434, 0.1826198767988339855, 0.5093750000000000222 ) ) ;
#3621 = ORIENTED_EDGE ( 'NONE', *, *, #1679, .F. ) ;
#3622 = CARTESIAN_POINT ( 'NONE',  ( -0.1152275099952965315, 0.1499375329496587250, 0.7312500000000000666 ) ) ;
#3623 = CARTESIAN_POINT ( 'NONE',  ( 0.04416995567076503759, 0.1643578891110860085, 0.7499999999999998890 ) ) ;
#3624 = CYLINDRICAL_SURFACE ( 'NONE', #975, 0.1249999999999999306 ) ;
#3625 = CARTESIAN_POINT ( 'NONE',  ( -0.06542438130972608179, 0.06542438130972608179, 0.1812500000000000222 ) ) ;
#3626 = CARTESIAN_POINT ( 'NONE',  ( 0.000000000000000000, 0.09252404735808346381, 0.1312499999999999778 ) ) ;
#3627 = CARTESIAN_POINT ( 'NONE',  ( 0.06542438130972609567, -0.06542438130972612342, 0.1125000000000000305 ) ) ;
#3628 = CARTESIAN_POINT ( 'NONE',  ( -0.1781249999999999223, -0.02331650778602191096, 0.5000000000000000000 ) ) ;
#3629 = VECTOR ( 'NONE', #2857, 39.37007874015748143 ) ;
#3630 = AXIS2_PLACEMENT_3D ( 'NONE', #2074, #2644, #2371 ) ;
#3631 = CARTESIAN_POINT ( 'NONE',  ( -0.03832471526136872059, -0.09252404735808340830, 0.4468750000000000777 ) ) ;
#3632 = CARTESIAN_POINT ( 'NONE',  ( 0.05177669529663683073, -0.1249999999999999584, 0.2781250000000000666 ) ) ;
#3633 = CARTESIAN_POINT ( 'NONE',  ( 0.09252404735808347769, -7.690940753358554677E-18, 0.2187500000000000278 ) ) ;
#3634 = CARTESIAN_POINT ( 'NONE',  ( -0.1874999999999999167, 0.02454369240633882607, 0.5093750000000000222 ) ) ;
#3635 = ORIENTED_EDGE ( 'NONE', *, *, #909, .T. ) ;
#3636 = DIRECTION ( 'NONE',  ( 1.000000000000000000, 0.000000000000000000, 0.000000000000000000 ) ) ;
#3637 = CARTESIAN_POINT ( 'NONE',  ( -0.1249999999999999445, 7.603123503667533850E-17, 0.4187500000000000666 ) ) ;
#3638 = CARTESIAN_POINT ( 'NONE',  ( 0.08838834764831843271, 0.08838834764831837720, 0.1999999999999999833 ) ) ;
#3639 = CARTESIAN_POINT ( 'NONE',  ( -0.06542438130972608179, -0.06542438130972602628, 0.3437500000000000555 ) ) ;
#3640 = LINE ( 'NONE', #1899, #2809 ) ;
#3641 = CARTESIAN_POINT ( 'NONE',  ( -0.04416995567074379070, -0.1643578891110954177, 0.7499999999999998890 ) ) ;
#3642 = ORIENTED_EDGE ( 'NONE', *, *, #2492, .T. ) ;
#3643 = CARTESIAN_POINT ( 'NONE',  ( -0.03832471526136872059, 0.09252404735808347769, 0.1343749999999999944 ) ) ;
#3644 = CARTESIAN_POINT ( 'NONE',  ( -0.09252404735808347769, 5.189075339062451414E-17, 0.3437500000000000000 ) ) ;
#3645 = ORIENTED_EDGE ( 'NONE', *, *, #3439, .T. ) ;
#3646 = CARTESIAN_POINT ( 'NONE',  ( 0.1424406561679374683, 0.1094661346297699928, 0.5000000000000000000 ) ) ;
#3647 = CARTESIAN_POINT ( 'NONE',  ( -0.1249999999999999306, 1.511350158471085510E-17, 0.2125000000000000222 ) ) ;
#3648 = DIRECTION ( 'NONE',  ( -0.000000000000000000, -0.000000000000000000, -1.000000000000000000 ) ) ;
#3649 = DIRECTION ( 'NONE',  ( -0.000000000000000000, -0.000000000000000000, -1.000000000000000000 ) ) ;
#3650 = EDGE_CURVE ( 'NONE', #2956, #1355, #2807, .T. ) ;
#3651 = CARTESIAN_POINT ( 'NONE',  ( -0.06542438130972608179, 0.06542438130972604016, 0.03124999999999998265 ) ) ;
#3652 = CARTESIAN_POINT ( 'NONE',  ( 0.03832471526136876916, 0.09252404735808351932, 0.4718750000000000444 ) ) ;
#3653 = CARTESIAN_POINT ( 'NONE',  ( 0.000000000000000000, 0.1249999999999999445, 0.2500000000000000000 ) ) ;
#3654 = CYLINDRICAL_SURFACE ( 'NONE', #3571, 0.1249999999999999306 ) ;
#3655 = EDGE_CURVE ( 'NONE', #563, #2135, #2114, .T. ) ;
#3656 = CARTESIAN_POINT ( 'NONE',  ( 0.03216857153077588849, -0.1182026326728981419, 0.03486291948405607910 ) ) ;
#3657 = CARTESIAN_POINT ( 'NONE',  ( 0.1003483722808132389, -1.719687659956058171E-14, 0.4579826238996337340 ) ) ;
#3658 = CARTESIAN_POINT ( 'NONE',  ( -0.05177669529663687931, -0.1250000000000000000, 0.1281250000000000444 ) ) ;
#3659 = CARTESIAN_POINT ( 'NONE',  ( -0.03832471526136870671, 0.09252404735808351932, 0.3281250000000000000 ) ) ;
#3660 = CARTESIAN_POINT ( 'NONE',  ( -0.09252404735808350544, 0.03832471526136875528, 0.2906250000000000222 ) ) ;
#3661 = CARTESIAN_POINT ( 'NONE',  ( -0.1249999999999999445, -0.05177669529663685849, 0.1656250000000000222 ) ) ;
#3662 = VERTEX_POINT ( 'NONE', #2829 ) ;
#3663 = CARTESIAN_POINT ( 'NONE',  ( 0.000000000000000000, -1.104688079777929626E-16, 0.7499999999999998890 ) ) ;
#3664 = CARTESIAN_POINT ( 'NONE',  ( -0.03832471526136872753, -0.09252404735808340830, 0.5031250000000000444 ) ) ;
#3665 = CARTESIAN_POINT ( 'NONE',  ( -0.08838834764831839108, 0.08838834764831837720, 0.06249999999999997918 ) ) ;
#3666 = DIRECTION ( 'NONE',  ( -1.000000000000000000, 0.000000000000000000, 0.000000000000000000 ) ) ;
#3667 = CARTESIAN_POINT ( 'NONE',  ( 0.09252404735808344993, -0.03832471526136879691, 0.05937500000000002498 ) ) ;
#3668 = CARTESIAN_POINT ( 'NONE',  ( -0.03832471526136870671, 0.09252404735808353320, 0.4781250000000000777 ) ) ;
#3669 = CARTESIAN_POINT ( 'NONE',  ( 0.09252404735808347769, 7.076994628935871938E-18, 0.2687500000000000444 ) ) ;
#3670 = CARTESIAN_POINT ( 'NONE',  ( -1.530808498934190893E-17, -0.1249999999999999167, 0.2250000000000000611 ) ) ;
#3671 = CARTESIAN_POINT ( 'NONE',  ( -0.1249999999999999584, -0.05177669529663687931, 0.1718750000000000278 ) ) ;
#3672 = DIRECTION ( 'NONE',  ( -0.000000000000000000, -0.000000000000000000, -1.000000000000000000 ) ) ;
#3673 = FACE_OUTER_BOUND ( 'NONE', #1709, .T. ) ;
#3674 = EDGE_CURVE ( 'NONE', #2599, #1896, #3820, .T. ) ;
#3675 = CARTESIAN_POINT ( 'NONE',  ( 0.1249999999999999167, 0.05177669529663694870, 0.3906250000000000000 ) ) ;
#3676 = CARTESIAN_POINT ( 'NONE',  ( 0.09252404735808344993, -0.03832471526136872753, 0.3093750000000000111 ) ) ;
#3677 = CARTESIAN_POINT ( 'NONE',  ( 0.03832471526136869977, -0.09252404735808347769, 0.3093750000000000111 ) ) ;
#3678 = CARTESIAN_POINT ( 'NONE',  ( -0.1250000000000003331, 0.05177669529663658093, 0.4656250000000000111 ) ) ;
#3679 = FACE_OUTER_BOUND ( 'NONE', #3781, .T. ) ;
#3680 = CARTESIAN_POINT ( 'NONE',  ( 0.1474514531114655969, 0.08498570275245494188, 0.7499999999999998890 ) ) ;
#3681 = CARTESIAN_POINT ( 'NONE',  ( -0.1094661346297747945, -0.1424406561679326666, 0.5000000000000000000 ) ) ;
#3682 = FACE_OUTER_BOUND ( 'NONE', #556, .T. ) ;
#3683 = ORIENTED_EDGE ( 'NONE', *, *, #1848, .F. ) ;
#3684 = CARTESIAN_POINT ( 'NONE',  ( -1.133092784412350307E-17, -0.09252404735808350544, 0.1000000000000000194 ) ) ;
#3685 = CARTESIAN_POINT ( 'NONE',  ( 0.09252404735808344993, 0.03832471526136878998, 0.4156250000000001332 ) ) ;
#3686 = CARTESIAN_POINT ( 'NONE',  ( -0.09252404735808350544, 0.03832471526136875528, 0.2906250000000000222 ) ) ;
#3687 = CIRCLE ( 'NONE', #2026, 0.1249999999999999306 ) ;
#3688 = CARTESIAN_POINT ( 'NONE',  ( 0.000000000000000000, 0.1249999999999999584, 0.2999999999999999889 ) ) ;
#3689 = AXIS2_PLACEMENT_3D ( 'NONE', #2789, #2804, #1690 ) ;
#3690 = FACE_OUTER_BOUND ( 'NONE', #1111, .T. ) ;
#3691 = CARTESIAN_POINT ( 'NONE',  ( 0.000000000000000000, -5.530426628471140438E-17, 0.4812500000000000111 ) ) ;
#3692 = EDGE_CURVE ( 'NONE', #1358, #2927, #2553, .T. ) ;
#3693 = CONICAL_SURFACE ( 'NONE', #3123, 0.1082531754730549772, 1.047197551196600074 ) ;
#3694 = DIRECTION ( 'NONE',  ( -0.000000000000000000, -0.000000000000000000, 1.000000000000000000 ) ) ;
#3695 = EDGE_CURVE ( 'NONE', #71, #1191, #2486, .T. ) ;
#3696 = CARTESIAN_POINT ( 'NONE',  ( -0.1249999999999999445, 1.695949350749766594E-17, 0.2187500000000000278 ) ) ;
#3697 = CARTESIAN_POINT ( 'NONE',  ( -0.09252404735808346381, 5.004476146783770330E-17, 0.3375000000000000222 ) ) ;
#3698 = CARTESIAN_POINT ( 'NONE',  ( -0.1349437795129976581, 0.1037047591374620215, 0.7499999999999998890 ) ) ;
#3699 = CARTESIAN_POINT ( 'NONE',  ( -0.06542438130972609567, 0.06542438130972615118, 0.3375000000000000222 ) ) ;
#3700 = CARTESIAN_POINT ( 'NONE',  ( 0.1008221066484584622, 0.007254260842043750920, 0.4582545049573018003 ) ) ;
#3701 = CARTESIAN_POINT ( 'NONE',  ( 0.1643578891111031060, -0.04416995567075076429, 0.7499999999999998890 ) ) ;
#3702 = CARTESIAN_POINT ( 'NONE',  ( 0.1556432004982483130, 0.08970713070317515303, 0.5000000000000000000 ) ) ;
#3703 = CARTESIAN_POINT ( 'NONE',  ( 0.1643444175577384592, 0.04419512920616933127, 0.7499999999999998890 ) ) ;
#3704 = CARTESIAN_POINT ( 'NONE',  ( 0.03832471526136877610, 0.09252404735808351932, 0.3281250000000000000 ) ) ;
#3705 = CARTESIAN_POINT ( 'NONE',  ( -0.09252404735808347769, 0.03832471526136865814, -0.01562500000000001388 ) ) ;
#3706 = CARTESIAN_POINT ( 'NONE',  ( -0.09252404735808347769, -0.03832471526136876222, -0.009374999999999997918 ) ) ;
#3707 = CARTESIAN_POINT ( 'NONE',  ( 0.1249999999999999584, 0.05177669529663685849, 0.04687499999999998612 ) ) ;
#3708 = CARTESIAN_POINT ( 'NONE',  ( -0.09252404735808350544, -0.03832471526136870671, 0.1968749999999999944 ) ) ;
#3709 = CARTESIAN_POINT ( 'NONE',  ( -0.05177669529663686543, -0.1249999999999998612, 0.4218750000000001110 ) ) ;
#3710 = CARTESIAN_POINT ( 'NONE',  ( -0.06542438130972608179, 0.06542438130972608179, 0.1812500000000000222 ) ) ;
#3711 = CYLINDRICAL_SURFACE ( 'NONE', #3819, 0.1874999999999999167 ) ;
#3712 = CARTESIAN_POINT ( 'NONE',  ( -0.1123300382759835486, -0.02335168939382951947, 0.02662526693410870171 ) ) ;
#3713 = DIRECTION ( 'NONE',  ( -0.000000000000000000, -0.000000000000000000, 1.000000000000000000 ) ) ;
#3714 = CARTESIAN_POINT ( 'NONE',  ( 0.000000000000000000, 0.1250000000000000278, 0.4062500000000000000 ) ) ;
#3715 = CARTESIAN_POINT ( 'NONE',  ( 0.1152275099952965037, 0.1499375329496587250, 0.5093750000000001332 ) ) ;
#3716 = CARTESIAN_POINT ( 'NONE',  ( 0.000000000000000000, 0.09252404735808346381, 0.2249999999999999778 ) ) ;
#3717 = CARTESIAN_POINT ( 'NONE',  ( 0.1638349479016252275, 0.09442855861383885052, 0.7500000000000000000 ) ) ;
#3718 = CARTESIAN_POINT ( 'NONE',  ( -0.06542438130972609567, 0.06542438130972613730, 0.2874999999999999778 ) ) ;
#3719 = CARTESIAN_POINT ( 'NONE',  ( -0.09442855863492000124, -0.1638349478928926850, 0.5000000000000000000 ) ) ;
#3720 = CARTESIAN_POINT ( 'NONE',  ( 0.08838834764831837720, -0.08838834764831839108, 0.2312500000000000666 ) ) ;
#3721 = CARTESIAN_POINT ( 'NONE',  ( -0.09252404735808346381, -5.333078620822326605E-17, -0.01250000000000000590 ) ) ;
#3722 = CARTESIAN_POINT ( 'NONE',  ( 0.06542438130972609567, -0.06542438130972606791, 0.3625000000000000999 ) ) ;
#3723 = CARTESIAN_POINT ( 'NONE',  ( 0.000000000000000000, 0.09252404735808358871, 0.5312500000000000000 ) ) ;
#3724 = CARTESIAN_POINT ( 'NONE',  ( 0.08838834764831839108, -0.08838834764831844659, 0.1375000000000000389 ) ) ;
#3725 = CARTESIAN_POINT ( 'NONE',  ( 0.08838834764831840496, 0.08838834764831847435, 0.4937500000000000222 ) ) ;
#3726 = CARTESIAN_POINT ( 'NONE',  ( 0.09252404735808344993, -0.03832471526136878304, 0.1093750000000000278 ) ) ;
#3727 = CARTESIAN_POINT ( 'NONE',  ( 0.04907772831736501029, 0.1826198768753090895, 0.7312499999999998446 ) ) ;
#3728 = CARTESIAN_POINT ( 'NONE',  ( -0.06542438130972610955, -0.06542438130972606791, 0.3000000000000000999 ) ) ;
#3729 = DIRECTION ( 'NONE',  ( 1.000000000000000000, 0.000000000000000000, 0.000000000000000000 ) ) ;
#3730 = CARTESIAN_POINT ( 'NONE',  ( -0.1249999999999999445, 6.126329965438092575E-17, 0.3687500000000000777 ) ) ;
#3731 = CARTESIAN_POINT ( 'NONE',  ( 0.06271835715228440966, 0.07204271508805257240, 0.7424198921391043093 ) ) ;
#3732 = CARTESIAN_POINT ( 'NONE',  ( 0.1687499999999999001, 0.02208932314516103348, 0.7499999999999998890 ) ) ;
#3733 = CARTESIAN_POINT ( 'NONE',  ( -0.03832471526136872059, 0.09252404735808350544, 0.2343749999999999722 ) ) ;
#3734 = CARTESIAN_POINT ( 'NONE',  ( 0.05957608215718838279, 0.08931064725786094782, 0.4618644083368241282 ) ) ;
#3735 = CARTESIAN_POINT ( 'NONE',  ( 0.09375000000000054123, -0.05412658773652687105, 0.7499999999999998890 ) ) ;
#3736 = CARTESIAN_POINT ( 'NONE',  ( -0.02454369240633560989, -0.1874999999999998890, 0.5093750000000000222 ) ) ;
#3737 = CARTESIAN_POINT ( 'NONE',  ( 0.000000000000000000, -5.530426628471140438E-17, 0.8676955262170046312 ) ) ;
#3738 = CARTESIAN_POINT ( 'NONE',  ( 0.1249999999999999306, -6.719044223200344743E-17, 0.03749999999999999861 ) ) ;
#3739 = EDGE_CURVE ( 'NONE', #649, #1451, #3061, .T. ) ;
#3740 = CARTESIAN_POINT ( 'NONE',  ( -0.1300000000000000044, -5.530426628471140438E-17, 0.4749999999999999778 ) ) ;
#3741 = CARTESIAN_POINT ( 'NONE',  ( 0.03832471526136876916, 0.09252404735808344993, 0.2218749999999999611 ) ) ;
#3742 = EDGE_CURVE ( 'NONE', #1553, #649, #3814, .T. ) ;
#3743 = CARTESIAN_POINT ( 'NONE',  ( -0.08838834764831840496, -0.08838834764831843271, 0.07500000000000003886 ) ) ;
#3744 = CARTESIAN_POINT ( 'NONE',  ( -0.1249999999999999306, 1.037211138784774086E-16, 0.5125000000000000666 ) ) ;
#3745 = CARTESIAN_POINT ( 'NONE',  ( 0.06542438130972608179, -0.06542438130972615118, 0.006250000000000014225 ) ) ;
#3746 = FACE_OUTER_BOUND ( 'NONE', #670, .T. ) ;
#3747 = CARTESIAN_POINT ( 'NONE',  ( -0.06285299244893957638, -0.1002679853413654676, 0.03069425222170811193 ) ) ;
#3748 = DIRECTION ( 'NONE',  ( -0.000000000000000000, -0.000000000000000000, -1.000000000000000000 ) ) ;
#3749 = CARTESIAN_POINT ( 'NONE',  ( 0.1250000000000003053, -0.05177669529663649073, 0.3906250000000002220 ) ) ;
#3750 = CARTESIAN_POINT ( 'NONE',  ( 0.07835931051856720453, 0.06301240645164683796, 0.7453376562697852092 ) ) ;
#3751 = CARTESIAN_POINT ( 'NONE',  ( -0.03832471526136872059, -0.09252404735808340830, 0.3968750000000001443 ) ) ;
#3752 = AXIS2_PLACEMENT_3D ( 'NONE', #1007, #1795, #605 ) ;
#3753 = CARTESIAN_POINT ( 'NONE',  ( -0.08498570275245026506, 0.1474514531114635429, 0.7499999999999998890 ) ) ;
#3754 = CARTESIAN_POINT ( 'NONE',  ( -0.1874999999999999167, 1.155655514089910824E-17, 0.7312499999999998446 ) ) ;
#3755 = CARTESIAN_POINT ( 'NONE',  ( -0.01585442483017970167, 0.1112659313436383940, 0.4647589368144171007 ) ) ;
#3756 = ADVANCED_FACE ( 'NONE', ( #3813 ), #2088, .T. ) ;
#3757 = CARTESIAN_POINT ( 'NONE',  ( 0.09442855863492423396, 0.1638349478928950997, 0.5093750000000000222 ) ) ;
#3758 = CARTESIAN_POINT ( 'NONE',  ( 0.1474649246648206125, 0.08496052921704838612, 0.7500000000000001110 ) ) ;
#3759 = CARTESIAN_POINT ( 'NONE',  ( 0.06963327646543739091, -0.08368742027806271022, 0.02108251949361571176 ) ) ;
#3760 = EDGE_CURVE ( 'NONE', #656, #71, #2784, .T. ) ;
#3761 = CARTESIAN_POINT ( 'NONE',  ( -0.09252404735808350544, -0.03832471526136872753, 0.1468750000000000611 ) ) ;
#3762 = CARTESIAN_POINT ( 'NONE',  ( 0.06542438130972610955, 0.06542438130972610955, 0.3187500000000000333 ) ) ;
#3763 = CARTESIAN_POINT ( 'NONE',  ( 0.1249999999999999167, -0.05177669529663698339, 0.04062500000000001527 ) ) ;
#3764 = CARTESIAN_POINT ( 'NONE',  ( -0.09252404735808350544, 0.03832471526136866508, -0.009375000000000015266 ) ) ;
#3765 = CARTESIAN_POINT ( 'NONE',  ( 0.000000000000000000, -5.530426628471140438E-17, 0.4812500000000000111 ) ) ;
#3766 = ORIENTED_EDGE ( 'NONE', *, *, #2296, .T. ) ;
#3767 = CARTESIAN_POINT ( 'NONE',  ( 0.09252404735808344993, -0.03832471526136879691, 0.05937500000000002498 ) ) ;
#3768 = CARTESIAN_POINT ( 'NONE',  ( -0.1249999999999999445, 0.05177669529663685849, 0.1093750000000000139 ) ) ;
#3769 = CARTESIAN_POINT ( 'NONE',  ( 0.1152275101527428514, 0.1499375327922123358, 0.7312499999999998446 ) ) ;
#3770 = ORIENTED_EDGE ( 'NONE', *, *, #1357, .F. ) ;
#3771 =( NAMED_UNIT ( * ) SI_UNIT ( $, .STERADIAN. ) SOLID_ANGLE_UNIT ( ) );
#3772 = LINE ( 'NONE', #2001, #1530 ) ;
#3774 = ADVANCED_FACE ( 'NONE', ( #2699 ), #2990, .T. ) ;
#3773 = ORIENTED_EDGE ( 'NONE', *, *, #3558, .T. ) ;
#3775 = CARTESIAN_POINT ( 'NONE',  ( -0.07844243687486902872, 0.06296441342745920378, 0.7448974789582293310 ) ) ;
#3776 = CARTESIAN_POINT ( 'NONE',  ( 0.09375000000000001388, -0.04533366931175537157, 0.7474617030902469539 ) ) ;
#3777 = CARTESIAN_POINT ( 'NONE',  ( 0.08498570275243588767, -0.1474514531114731186, 0.7499999999999998890 ) ) ;
#3778 = CARTESIAN_POINT ( 'NONE',  ( -0.09252404735808347769, 9.619455953750779552E-17, 0.4937500000000000222 ) ) ;
#3779 = CARTESIAN_POINT ( 'NONE',  ( 0.1249999999999999167, 5.095304082635194700E-17, 0.4375000000000000555 ) ) ;
#3780 = CARTESIAN_POINT ( 'NONE',  ( -0.1638349478928924075, -0.09442855863492054247, 0.5000000000000000000 ) ) ;
#3781 = EDGE_LOOP ( 'NONE', ( #767, #421, #245, #879 ) ) ;
#3782 = CARTESIAN_POINT ( 'NONE',  ( 0.03832471526136869977, -0.09252404735808356095, 0.009375000000000023939 ) ) ;
#3783 = CARTESIAN_POINT ( 'NONE',  ( -0.09252404735808350544, 0.03832471526136872059, 0.1906250000000000444 ) ) ;
#3784 = CARTESIAN_POINT ( 'NONE',  ( 0.06542438130972608179, -0.06542438130972610955, 0.1562500000000000000 ) ) ;
#3785 = CARTESIAN_POINT ( 'NONE',  ( 0.1249999999999999445, -2.104064416233337678E-17, 0.1937500000000000056 ) ) ;
#3786 = CARTESIAN_POINT ( 'NONE',  ( 0.03832471526136876916, 0.09252404735808340830, 0.07187499999999998057 ) ) ;
#3787 = CARTESIAN_POINT ( 'NONE',  ( -0.06542438130972609567, 0.06542438130972604016, -0.01250000000000002498 ) ) ;
#3788 = CARTESIAN_POINT ( 'NONE',  ( -0.1249999999999999584, 0.05177669529663692094, 0.3656250000000000333 ) ) ;
#3789 = CARTESIAN_POINT ( 'NONE',  ( 0.06542438130972608179, -0.06542438130972610955, 0.1562500000000000000 ) ) ;
#3790 = CARTESIAN_POINT ( 'NONE',  ( 0.09252404735808346381, 0.03832471526136869283, 0.02187499999999998820 ) ) ;
#3791 = CARTESIAN_POINT ( 'NONE',  ( -0.1643578891110971663, -0.04416995567076274082, 0.7499999999999998890 ) ) ;
#3792 = CARTESIAN_POINT ( 'NONE',  ( -1.530808498934190893E-17, -0.1249999999999999029, 0.3812500000000000888 ) ) ;
#3793 = CARTESIAN_POINT ( 'NONE',  ( 0.03832471526136869977, -0.09252404735808342218, 0.5093750000000000222 ) ) ;
#3794 = CARTESIAN_POINT ( 'NONE',  ( -0.1216695281231723602, 0.007342069595030285140, 0.4702190559532161140 ) ) ;
#3795 = ORIENTED_EDGE ( 'NONE', *, *, #2778, .T. ) ;
#3796 = CARTESIAN_POINT ( 'NONE',  ( -0.09442855863492150004, -0.1638349478928963210, 0.5093750000000000222 ) ) ;
#3797 = CARTESIAN_POINT ( 'NONE',  ( 0.1249999999999999445, 3.803109736684431427E-17, 0.3937500000000000444 ) ) ;
#3798 = CARTESIAN_POINT ( 'NONE',  ( -1.530808498934190893E-17, -0.1249999999999999584, 0.07500000000000003886 ) ) ;
#3799 = ORIENTED_EDGE ( 'NONE', *, *, #858, .T. ) ;
#3800 = CARTESIAN_POINT ( 'NONE',  ( -0.03832471526136872753, -0.09252404735808353320, 0.003125000000000024026 ) ) ;
#3801 = CARTESIAN_POINT ( 'NONE',  ( -0.05177669529663687931, -0.1249999999999998890, 0.3781250000000001554 ) ) ;
#3802 = CARTESIAN_POINT ( 'NONE',  ( -0.06542438130972608179, -0.06542438130972606791, 0.1937500000000000056 ) ) ;
#3803 = CARTESIAN_POINT ( 'NONE',  ( -0.1249999999999999722, -0.05177669529663683073, 0.2718750000000000333 ) ) ;
#3804 = CARTESIAN_POINT ( 'NONE',  ( 0.07316015532595346316, 0.07014586578743955969, 0.01362208814957874790 ) ) ;
#3805 = EDGE_LOOP ( 'NONE', ( #3299, #3118, #2716, #2604 ) ) ;
#3806 = CARTESIAN_POINT ( 'NONE',  ( 0.000000000000000000, 0.09252404735808351932, 0.3750000000000000555 ) ) ;
#3807 = CARTESIAN_POINT ( 'NONE',  ( 0.1249999999999999306, -5.242250684970901619E-17, 0.08750000000000000833 ) ) ;
#3808 = CARTESIAN_POINT ( 'NONE',  ( 0.1249999999999999167, 0.05177669529663686543, 0.09062499999999999722 ) ) ;
#3809 = EDGE_LOOP ( 'NONE', ( #706, #3799, #3256, #2587 ) ) ;
#3811 = CIRCLE ( 'NONE', #904, 0.1299999999999999489 ) ;
#3810 = CARTESIAN_POINT ( 'NONE',  ( 0.09375000000000024980, -0.01822629401360556511, 0.6252239531706216269 ) ) ;
#3812 = CARTESIAN_POINT ( 'NONE',  ( -0.1424225543225133561, -0.1094882143616189435, 0.5000000000000001110 ) ) ;
#3813 = FACE_OUTER_BOUND ( 'NONE', #2905, .T. ) ;
#3814 =( BOUNDED_CURVE ( )  B_SPLINE_CURVE ( 2, ( #2110, #1533, #3525 ),
 .UNSPECIFIED., .F., .F. ) 
 B_SPLINE_CURVE_WITH_KNOTS ( ( 3, 3 ),
 ( 0.9318181818181818787, 0.9379468835708374419 ),
 .UNSPECIFIED. ) 
 CURVE ( )  GEOMETRIC_REPRESENTATION_ITEM ( )  RATIONAL_B_SPLINE_CURVE ( ( 0.9999999999999992228, 0.9589462714590284431, 0.9621752091369866200 ) ) 
 REPRESENTATION_ITEM ( '' )  );
#3815 = CARTESIAN_POINT ( 'NONE',  ( 0.09252404735808347769, 0.03832471526136883855, 0.5218749999999999778 ) ) ;
#3816 = CARTESIAN_POINT ( 'NONE',  ( 0.1638349478164233541, -0.09442855881954359543, 0.7312500000000000666 ) ) ;
#3817 = ADVANCED_FACE ( 'NONE', ( #3503 ), #3542, .T. ) ;
#3818 = FACE_OUTER_BOUND ( 'NONE', #3416, .T. ) ;
#3819 = AXIS2_PLACEMENT_3D ( 'NONE', #494, #3672, #3138 ) ;
#3820 = B_SPLINE_CURVE_WITH_KNOTS ( 'NONE', 3,
 ( #1677, #212, #2524, #2242, #3186, #1971, #2579, #538, #3165, #477 ),
 .UNSPECIFIED., .F., .F.,
 ( 4, 2, 2, 2, 4 ),
 ( 5.431420051668919754E-17, 0.0004639090726153467662, 0.0009278181452306392138, 0.001391727217845931553, 0.001855636290461224001 ),
 .UNSPECIFIED. ) ;
#3821 = CARTESIAN_POINT ( 'NONE',  ( 0.000000000000000000, 0.1249999999999999861, 0.3062499999999999667 ) ) ;
#3822 = CARTESIAN_POINT ( 'NONE',  ( 0.05177669529663683073, -0.1249999999999999861, 0.07812500000000002776 ) ) ;
#3823 = CARTESIAN_POINT ( 'NONE',  ( -0.09252404735808350544, 0.03832471526136877610, 0.3906250000000000000 ) ) ;
#3824 = CONICAL_SURFACE ( 'NONE', #3752, 0.1300000000000000044, 1.049781331994649403 ) ;
#3825 = ORIENTED_EDGE ( 'NONE', *, *, #812, .F. ) ;
#3826 = CARTESIAN_POINT ( 'NONE',  ( 0.06542438130972608179, -0.06542438130972606791, 0.3062500000000000222 ) ) ;
#3827 = CARTESIAN_POINT ( 'NONE',  ( 0.1249999999999999445, -6.272708780038951702E-18, 0.2437500000000000222 ) ) ;
#3828 = CARTESIAN_POINT ( 'NONE',  ( -0.09374999999999998612, -0.05412658773652766209, 0.6328124999999998890 ) ) ;
#3829 = CARTESIAN_POINT ( 'NONE',  ( -0.09252404735808347769, 0.03832471526136874140, 0.2843750000000000444 ) ) ;
ENDSEC;
END-ISO-10303-21;
