ISO-10303-21;
HEADER;
FILE_DESCRIPTION (( 'STEP AP214' ),
    '1' );
FILE_NAME ('92311A077_18-8 Stainless Steel Cup-Point Set Screw.STEP',
    '2026-02-20T19:34:31',
    ( '' ),
    ( '' ),
    'SwSTEP 2.0',
    'SolidWorks 2025',
    '' );
FILE_SCHEMA (( 'AUTOMOTIVE_DESIGN' ));
ENDSEC;

DATA;
#1 = CARTESIAN_POINT ( 'NONE',  ( 0.000000000000000000, 0.04300000000000150230, 0.06658182783047250641 ) ) ;
#2 = CARTESIAN_POINT ( 'NONE',  ( 0.02538409728943926552, -0.04396654620957970300, 0.03961010163999718892 ) ) ;
#3 = ORIENTED_EDGE ( 'NONE', *, *, #1203, .T. ) ;
#4 = CARTESIAN_POINT ( 'NONE',  ( 0.01812963300372498823, 0.03140144548502975946, -0.07106698169333612591 ) ) ;
#5 = CARTESIAN_POINT ( 'NONE',  ( 0.000000000000000000, 0.04300000000000150230, -0.04056102931238462356 ) ) ;
#6 = FACE_OUTER_BOUND ( 'NONE', #2403, .T. ) ;
#7 = CARTESIAN_POINT ( 'NONE',  ( 0.04193760891616503395, -0.008970490308394989468, 0.1124042233202841856 ) ) ;
#8 = CARTESIAN_POINT ( 'NONE',  ( -5.265981236333733472E-18, -0.04300000000000036432, 0.05765325640190108875 ) ) ;
#9 = CARTESIAN_POINT ( 'NONE',  ( 0.01812963300372498823, 0.03140144548502975946, -0.01526341026476470478 ) ) ;
#10 = CARTESIAN_POINT ( 'NONE',  ( -0.02538409728943927246, 0.04396654620958081322, 0.06751188735428291510 ) ) ;
#11 = EDGE_LOOP ( 'NONE', ( #1400, #1559, #519, #2306, #1303 ) ) ;
#12 = DIRECTION ( 'NONE',  ( 0.000000000000000000, 0.000000000000000000, 1.000000000000000000 ) ) ;
#13 = DIRECTION ( 'NONE',  ( -0.000000000000000000, -0.000000000000000000, 1.000000000000000000 ) ) ;
#14 = CARTESIAN_POINT ( 'NONE',  ( -3.845567970184112305E-18, -0.03140144548502864230, 0.1000639706876162299 ) ) ;
#15 = CARTESIAN_POINT ( 'NONE',  ( 0.000000000000000000, 0.04300000000000150230, -0.1119896007409560551 ) ) ;
#16 = CARTESIAN_POINT ( 'NONE',  ( -0.02719444950558745633, 0.01570072274251516770, -0.08445983883619326282 ) ) ;
#17 = ADVANCED_FACE ( 'NONE', ( #3165 ), #1362, .F. ) ;
#18 = EDGE_LOOP ( 'NONE', ( #90, #2597, #225, #2675, #747, #2246, #2923, #1084, #2968 ) ) ;
#19 = CARTESIAN_POINT ( 'NONE',  ( 0.01812963300372496048, -0.03140144548502864924, 0.05021278021142578513 ) ) ;
#20 = CARTESIAN_POINT ( 'NONE',  ( 0.000000000000000000, 0.03140144548502977334, 0.01970682783047340153 ) ) ;
#21 = VERTEX_POINT ( 'NONE', #3399 ) ;
#22 = CARTESIAN_POINT ( 'NONE',  ( -0.02264418958466651519, 0.03655462594602334331, -0.1126413774259342748 ) ) ;
#23 = CARTESIAN_POINT ( 'NONE',  ( 0.03807614593415893645, 0.02198327310479065988, -0.02735418407428852686 ) ) ;
#24 = CARTESIAN_POINT ( 'NONE',  ( -0.03723909236273154066, -0.02149999999999982134, 0.03458778021142655534 ) ) ;
#25 = CARTESIAN_POINT ( 'NONE',  ( 4.341848540857424805E-18, 0.02020725942163676195, 0.09604611354475892093 ) ) ;
#26 = CARTESIAN_POINT ( 'NONE',  ( -3.845567970184112305E-18, -0.03140144548502864230, -0.1320788864552409070 ) ) ;
#27 = CARTESIAN_POINT ( 'NONE',  ( -3.845567970184112305E-18, -0.03140144548502864230, 0.06434968497333054538 ) ) ;
#28 = CARTESIAN_POINT ( 'NONE',  ( -0.01750000000000000513, -0.006972767420456915319, 0.1163556823995694073 ) ) ;
#29 = CARTESIAN_POINT ( 'NONE',  ( -0.02719444950558745633, 0.01570072274251516770, 0.02491516116380670942 ) ) ;
#30 = CARTESIAN_POINT ( 'NONE',  ( -0.01812963300372498129, -0.03140144548502863536, -0.09785269597905039973 ) ) ;
#31 = ORIENTED_EDGE ( 'NONE', *, *, #54, .F. ) ;
#32 = ADVANCED_FACE ( 'NONE', ( #514 ), #558, .F. ) ;
#33 = CARTESIAN_POINT ( 'NONE',  ( -0.03625926600744993483, 5.644945881947510718E-16, 0.1134568278304733946 ) ) ;
#34 = EDGE_CURVE ( 'NONE', #2859, #594, #483, .T. ) ;
#35 = CARTESIAN_POINT ( 'NONE',  ( 0.01812963300372496048, -0.03140144548502864924, 0.03235563735428290816 ) ) ;
#36 = ORIENTED_EDGE ( 'NONE', *, *, #633, .T. ) ;
#37 = LINE ( 'NONE', #2618, #818 ) ;
#38 = CARTESIAN_POINT ( 'NONE',  ( 0.02538409728943930022, 0.04396654620958079934, 0.06341962544952099712 ) ) ;
#39 = ORIENTED_EDGE ( 'NONE', *, *, #2342, .T. ) ;
#40 = CARTESIAN_POINT ( 'NONE',  ( 0.04965212315030889667, 5.531534014389438267E-16, 0.04426039925904393102 ) ) ;
#41 = CARTESIAN_POINT ( 'NONE',  ( 0.000000000000000000, 0.04300000000000134270, 0.1000639706876170348 ) ) ;
#42 = FACE_OUTER_BOUND ( 'NONE', #11, .T. ) ;
#43 = CARTESIAN_POINT ( 'NONE',  ( -0.02482606157515449344, 0.04300000000000109290, -0.04130507693143056075 ) ) ;
#44 = CIRCLE ( 'NONE', #3130, 0.02020725942164193489 ) ;
#45 = CARTESIAN_POINT ( 'NONE',  ( 0.01812963300372498823, 0.03140144548502975946, 0.02045087544952100059 ) ) ;
#46 = CARTESIAN_POINT ( 'NONE',  ( -0.03625926600744994177, 5.644945881947510718E-16, -0.08297174359809805777 ) ) ;
#47 = ORIENTED_EDGE ( 'NONE', *, *, #2175, .F. ) ;
#48 = VECTOR ( 'NONE', #434, 39.37007874015748143 ) ;
#49 = ORIENTED_EDGE ( 'NONE', *, *, #313, .T. ) ;
#50 = CARTESIAN_POINT ( 'NONE',  ( -0.02719444950558745633, 0.01570072274251516770, 0.1119687325923781340 ) ) ;
#51 = CYLINDRICAL_SURFACE ( 'NONE', #596, 0.04300000000000134270 ) ;
#52 = AXIS2_PLACEMENT_3D ( 'NONE', #310, #3247, #1375 ) ;
#53 = CARTESIAN_POINT ( 'NONE',  ( -0.01474928855431609578, 0.01169175370444690450, 0.1163329895510472889 ) ) ;
#54 = EDGE_CURVE ( 'NONE', #2978, #1569, #44, .T. ) ;
#55 = ORIENTED_EDGE ( 'NONE', *, *, #1347, .F. ) ;
#56 = AXIS2_PLACEMENT_3D ( 'NONE', #1444, #1989, #2487 ) ;
#57 = CARTESIAN_POINT ( 'NONE',  ( -0.02719444950558745633, -0.01570072274251403666, 0.02789135163999719239 ) ) ;
#58 = CARTESIAN_POINT ( 'NONE',  ( -0.02719444950558745633, -0.01570072274251403666, 0.06137349449714005895 ) ) ;
#59 = CARTESIAN_POINT ( 'NONE',  ( 0.01812963300372498823, 0.03140144548502975946, -0.03535269597905042055 ) ) ;
#60 = CARTESIAN_POINT ( 'NONE',  ( 0.02719444950558744939, -0.01570072274251405747, 0.1052723040209495725 ) ) ;
#61 = CARTESIAN_POINT ( 'NONE',  ( -0.02538409728943927246, 0.04396654620958081322, -0.003916684074288511244 ) ) ;
#62 = CARTESIAN_POINT ( 'NONE',  ( 0.000000000000000000, 0.04300000000000150230, 0.03086754211618679064 ) ) ;
#63 = CARTESIAN_POINT ( 'NONE',  ( -0.05076819457887855186, 5.653830038414538087E-16, -0.01991370788381233159 ) ) ;
#64 = ORIENTED_EDGE ( 'NONE', *, *, #2525, .F. ) ;
#65 = CARTESIAN_POINT ( 'NONE',  ( -5.265981236333733472E-18, -0.04300000000000036432, 0.03979611354475821178 ) ) ;
#66 = CARTESIAN_POINT ( 'NONE',  ( -5.265981236333714212E-18, -0.04300000000000021166, 0.03756397068761704178 ) ) ;
#67 = CARTESIAN_POINT ( 'NONE',  ( -4.623375063948956379E-18, -0.03775272239447210326, -0.1178886550314630632 ) ) ;
#68 = EDGE_CURVE ( 'NONE', #1462, #3396, #1066, .T. ) ;
#69 = CARTESIAN_POINT ( 'NONE',  ( -0.04965212315030889667, 5.653146641763228744E-16, 0.01747468497332966067 ) ) ;
#70 = CARTESIAN_POINT ( 'NONE',  ( -0.03807614593415891563, 0.02198327310479069457, 0.06899998259237817566 ) ) ;
#71 = CARTESIAN_POINT ( 'NONE',  ( 0.01050317224783278366, -0.04169752238122055588, 0.1118993287161547390 ) ) ;
#72 = ORIENTED_EDGE ( 'NONE', *, *, #1259, .T. ) ;
#73 = DIRECTION ( 'NONE',  ( 1.000000000000000000, 0.000000000000000000, 0.000000000000000000 ) ) ;
#74 = CARTESIAN_POINT ( 'NONE',  ( 0.02719444950558744939, -0.01570072274251405747, 0.08741516116380672330 ) ) ;
#75 = CARTESIAN_POINT ( 'NONE',  ( -0.03183400354138363891, 0.03086188845799808789, -0.1118935243606939550 ) ) ;
#76 = CARTESIAN_POINT ( 'NONE',  ( 0.01812963300372498823, 0.03140144548502975946, -0.1246384102647647013 ) ) ;
#77 = CARTESIAN_POINT ( 'NONE',  ( 0.000000000000000000, 0.04396654620958081322, -0.006520850740955181669 ) ) ;
#78 = EDGE_LOOP ( 'NONE', ( #55, #2819, #2988, #3109 ) ) ;
#79 = CARTESIAN_POINT ( 'NONE',  ( -0.03723909236273167944, -0.02149999999999989420, 0.09039135163999632849 ) ) ;
#80 = DIRECTION ( 'NONE',  ( -0.000000000000000000, -1.026720117140053010E-14, 1.000000000000000000 ) ) ;
#81 = ADVANCED_FACE ( 'NONE', ( #1844 ), #252, .T. ) ;
#82 = CARTESIAN_POINT ( 'NONE',  ( -0.03723909236273166556, 0.02150000000000103911, -0.03758483883619415794 ) ) ;
#83 = CARTESIAN_POINT ( 'NONE',  ( -3.845567970184112305E-18, -0.03140144548502864230, -0.09636460074095518080 ) ) ;
#84 =( BOUNDED_CURVE ( )  B_SPLINE_CURVE ( 2, ( #3346, #2997, #3282, #640, #1713, #1611, #1555 ),
 .UNSPECIFIED., .F., .F. ) 
 B_SPLINE_CURVE_WITH_KNOTS ( ( 3, 2, 2, 3 ),
 ( 0.7666666666666668295, 0.7777777777777779011, 0.7888888888888889728, 0.8000000000000001554 ),
 .UNSPECIFIED. ) 
 CURVE ( )  GEOMETRIC_REPRESENTATION_ITEM ( )  RATIONAL_B_SPLINE_CURVE ( ( 0.9999999999999986677, 0.8660254037844400399, 1.000000000000000000, 0.8660254037844387076, 1.000000000000000000, 0.8660254037844373753, 1.000000000000001332 ) ) 
 REPRESENTATION_ITEM ( '' )  );
#85 = CARTESIAN_POINT ( 'NONE',  ( 0.000000000000000000, -1.453607026109205299E-16, -0.1179211135447590930 ) ) ;
#86 = CARTESIAN_POINT ( 'NONE',  ( 0.03625926600744993483, 5.556136293836598262E-16, 0.1246175421161876684 ) ) ;
#87 = CARTESIAN_POINT ( 'NONE',  ( 0.01812963300372498823, 0.03140144548502975946, 0.05393301830666386715 ) ) ;
#88 =( LENGTH_UNIT ( ) NAMED_UNIT ( * ) SI_UNIT ( $, .METRE. ) );
#89 = CARTESIAN_POINT ( 'NONE',  ( -0.03625926600744993483, 5.644945881947510718E-16, -0.1343110293123837562 ) ) ;
#90 = ORIENTED_EDGE ( 'NONE', *, *, #2400, .T. ) ;
#91 = CARTESIAN_POINT ( 'NONE',  ( 0.000000000000000000, 0.04300000000000150230, 0.04872468497332963638 ) ) ;
#92 = CARTESIAN_POINT ( 'NONE',  ( 0.02482606157515432690, 0.04300000000000171740, 0.08295087544952016445 ) ) ;
#93 = FACE_OUTER_BOUND ( 'NONE', #577, .T. ) ;
#94 = CARTESIAN_POINT ( 'NONE',  ( 0.02538409728943930022, 0.04396654620958079934, 0.1002499825923781340 ) ) ;
#95 = CARTESIAN_POINT ( 'NONE',  ( -0.02719444950558745633, 0.01570072274251516770, -0.06660269597905041361 ) ) ;
#96 = CARTESIAN_POINT ( 'NONE',  ( -0.03625926600744993483, 5.644945881947510718E-16, -0.08297174359809805777 ) ) ;
#97 = ORIENTED_EDGE ( 'NONE', *, *, #2113, .F. ) ;
#98 = MECHANICAL_DESIGN_GEOMETRIC_PRESENTATION_REPRESENTATION (  '', ( #1153 ), #2571 ) ;
#99 = LINE ( 'NONE', #3257, #927 ) ;
#100 = CARTESIAN_POINT ( 'NONE',  ( 0.01749999999999999126, -5.170700926298405114E-15, 0.1152138541231170071 ) ) ;
#101 =( BOUNDED_SURFACE ( )  B_SPLINE_SURFACE ( 1, 2, ( 
 ( #2107, #3162, #797, #2641, #277, #2382, #26, #1079, #2122, #3178, #107, #76, #924, #1977, #1774, #109, #836, #1689, #3024, #831, #627, #117, #2459, #3189, #1452, #1177, #381, #1331, #3252, #1863, #2130, #3271, #1067, #1930, #1088, #2967, #610, #2713, #16, #96, #2213, #2631, #1601, #352, #1417, #136, #1192, #546, #2194, #2112, #909, #2375, #1431, #1619, #1945, #806, #2985, #1703, #2647, #1962, #3288, #2726, #361, #922, #152, #457, #2012, #1789, #1994, #2814, #1276, #2505, #3336, #2024, #3083, #1209, #1519, #3378, #2315, #197, #2252, #3306, #942, #684, #704, #3043, #415, #1482, #724, #1228, #2297, #3063, #2272, #438, #2531, #2040, #1241, #2285, #3354, #988, #2551, #198, #1505, #3307, #2298, #1468, #2746, #417, #1193, #3290, #1483, #2518, #1229, #3235, #132, #2805, #1564, #468, #2599, #1114, #1906, #1334, #2169, #1167, #1440, #769, #1594, #733, #253, #3126, #1567, #839, #2394, #1889, #670, #399, #1311, #490, #27, #2734, #1080, #2540, #481, #1315, #1162, #1387, #122, #1777, #2109, #513, #1576, #2098, #333, #2666, #1383, #2180, #1125, #3223, #612, #3207, #2404, #301, #14, #788, #2428, #1107, #2883, #1881, #579, #2920, #50, #33, #334, #2646, #1363, #1656, #828, #544, #2164, #1126, #3225 ),
 ( #283, #2902, #1086, #2126, #560, #1845, #1639, #863, #1049, #2355, #2667, #3166, #1916, #1673, #1329, #2147, #3153, #2278, #639, #428, #2240, #1987, #1185, #405, #2004, #3051, #3072, #1954, #2996, #3098, #1063, #739, #1047, #755, #1326, #1540, #2372, #802, #2578, #3137, #1831, #512, #2556, #1859, #461, #1523, #3382, #1009, #1815, #2594, #233, #1295, #3397, #1029, #2077, #332, #2715, #1401, #578, #1105, #2682, #3185, #2427, #1124, #1158, #2918, #3254, #3238, #2162, #1141, #877, #2461, #541, #416, #2257, #1247, #496, #689, #1560, #2045, #709, #3360, #1490, #2579, #1214, #1778, #2795, #727, #3383, #220, #2522, #175, #2074, #618, #3195, #1742, #2415, #61, #854, #2153, #1681, #3244, #1908, #2943, #586, #2766, #813, #1661, #2691, #3230, #951, #2209, #3054, #2527, #697, #1957, #2773, #1446, #410, #390, #1717, #3037, #3331, #3000, #1202, #376, #2226, #662, #2610, #2097, #786, #2832, #2627, #2899, #542, #495, #477, #1541, #2969, #363, #3255, #2987, #2728, #2936, #3181, #10, #70, #2916, #2352, #1381, #1636, #2426, #3220, #329, #2663, #3415, #296, #1359, #1046, #1721, #3022, #2743, #874, #1415, #1450, #892, #2230, #94, #1155, #134, #1738, #440, #1194, #2553, #2747, #1979, #2763, #278, #2058, #781, #1812 ) ),
 .UNSPECIFIED., .F., .F., .T. ) 
 B_SPLINE_SURFACE_WITH_KNOTS ( ( 2, 2 ),
 ( 3, 2, 2, 2, 2, 2, 2, 2, 2, 2, 2, 2, 2, 2, 2, 2, 2, 2, 2, 2, 2, 2, 2, 2, 2, 2, 2, 2, 2, 2, 2, 2, 2, 2, 2, 2, 2, 2, 2, 2, 2, 2, 2, 2, 2, 2, 2, 2, 2, 2, 2, 2, 2, 2, 2, 2, 2, 2, 2, 2, 2, 2, 2, 2, 2, 2, 2, 2, 2, 2, 2, 2, 2, 2, 2, 2, 2, 2, 2, 2, 2, 2, 2, 2, 2, 2, 2, 2, 2, 2, 3 ),
 ( 0.000000000000000000, 1.000000000000000000 ),
 ( 0.000000000000000000, 0.01111111111111111154, 0.02222222222222222307, 0.03333333333333333287, 0.04444444444444444614, 0.05555555555555555247, 0.06666666666666666574, 0.07777777777777777901, 0.08888888888888889228, 0.1000000000000000056, 0.1111111111111111049, 0.1222222222222222182, 0.1333333333333333315, 0.1444444444444444309, 0.1555555555555555580, 0.1666666666666666574, 0.1777777777777777846, 0.1888888888888888840, 0.2000000000000000111, 0.2111111111111111105, 0.2222222222222222099, 0.2333333333333333370, 0.2444444444444444364, 0.2555555555555555358, 0.2666666666666666630, 0.2777777777777777901, 0.2888888888888888618, 0.2999999999999999889, 0.3111111111111111160, 0.3222222222222222432, 0.3333333333333333148, 0.3444444444444444420, 0.3555555555555555691, 0.3666666666666666408, 0.3777777777777777679, 0.3888888888888888951, 0.4000000000000000222, 0.4111111111111110938, 0.4222222222222222210, 0.4333333333333333481, 0.4444444444444444198, 0.4555555555555555469, 0.4666666666666666741, 0.4777777777777778012, 0.4888888888888888729, 0.5000000000000000000, 0.5111111111111110716, 0.5222222222222222543, 0.5333333333333333259, 0.5444444444444443976, 0.5555555555555555802, 0.5666666666666666519, 0.5777777777777777235, 0.5888888888888889062, 0.5999999999999999778, 0.6111111111111111605, 0.6222222222222222321, 0.6333333333333333037, 0.6444444444444444864, 0.6555555555555555580, 0.6666666666666666297, 0.6777777777777778123, 0.6888888888888888840, 0.6999999999999999556, 0.7111111111111111382, 0.7222222222222222099, 0.7333333333333332815, 0.7444444444444444642, 0.7555555555555555358, 0.7666666666666667185, 0.7777777777777777901, 0.7888888888888888618, 0.8000000000000000444, 0.8111111111111111160, 0.8222222222222221877, 0.8333333333333333703, 0.8444444444444444420, 0.8555555555555555136, 0.8666666666666666963, 0.8777777777777777679, 0.8888888888888888395, 0.9000000000000000222, 0.9111111111111110938, 0.9222222222222222765, 0.9333333333333333481, 0.9444444444444444198, 0.9555555555555556024, 0.9666666666666666741, 0.9777777777777777457, 0.9888888888888889284, 1.000000000000000000 ),
 .UNSPECIFIED. ) 
 GEOMETRIC_REPRESENTATION_ITEM ( )  RATIONAL_B_SPLINE_SURFACE ( (
 ( 1.000000000000000000, 0.8660254037844387076, 1.000000000000000000, 0.8660254037844387076, 1.000000000000000000, 0.8660254037844387076, 1.000000000000000000, 0.8660254037844387076, 1.000000000000000000, 0.8660254037844387076, 1.000000000000000000, 0.8660254037844387076, 1.000000000000000000, 0.8660254037844387076, 1.000000000000000000, 0.8660254037844387076, 1.000000000000000000, 0.8660254037844387076, 1.000000000000000000, 0.8660254037844387076, 1.000000000000000000, 0.8660254037844387076, 1.000000000000000000, 0.8660254037844387076, 1.000000000000000000, 0.8660254037844387076, 1.000000000000000000, 0.8660254037844387076, 1.000000000000000000, 0.8660254037844387076, 1.000000000000000000, 0.8660254037844387076, 1.000000000000000000, 0.8660254037844387076, 1.000000000000000000, 0.8660254037844387076, 1.000000000000000000, 0.8660254037844387076, 1.000000000000000000, 0.8660254037844387076, 1.000000000000000000, 0.8660254037844387076, 1.000000000000000000, 0.8660254037844387076, 1.000000000000000000, 0.8660254037844387076, 1.000000000000000000, 0.8660254037844387076, 1.000000000000000000, 0.8660254037844387076, 1.000000000000000000, 0.8660254037844387076, 1.000000000000000000, 0.8660254037844387076, 1.000000000000000000, 0.8660254037844387076, 1.000000000000000000, 0.8660254037844387076, 1.000000000000000000, 0.8660254037844387076, 1.000000000000000000, 0.8660254037844387076, 1.000000000000000000, 0.8660254037844387076, 1.000000000000000000, 0.8660254037844387076, 1.000000000000000000, 0.8660254037844387076, 1.000000000000000000, 0.8660254037844387076, 1.000000000000000000, 0.8660254037844387076, 1.000000000000000000, 0.8660254037844387076, 1.000000000000000000, 0.8660254037844387076, 1.000000000000000000, 0.8660254037844387076, 1.000000000000000000, 0.8660254037844387076, 1.000000000000000000, 0.8660254037844387076, 1.000000000000000000, 0.8660254037844387076, 1.000000000000000000, 0.8660254037844387076, 1.000000000000000000, 0.8660254037844387076, 1.000000000000000000, 0.8660254037844387076, 1.000000000000000000, 0.8660254037844387076, 1.000000000000000000, 0.8660254037844387076, 1.000000000000000000, 0.8660254037844387076, 1.000000000000000000, 0.8660254037844387076, 1.000000000000000000, 0.8660254037844387076, 1.000000000000000000, 0.8660254037844387076, 1.000000000000000000, 0.8660254037844387076, 1.000000000000000000, 0.8660254037844387076, 1.000000000000000000, 0.8660254037844387076, 1.000000000000000000, 0.8660254037844387076, 1.000000000000000000, 0.8660254037844387076, 1.000000000000000000, 0.8660254037844387076, 1.000000000000000000, 0.8660254037844387076, 1.000000000000000000, 0.8660254037844387076, 1.000000000000000000, 0.8660254037844387076, 1.000000000000000000, 0.8660254037844387076, 1.000000000000000000, 0.8660254037844387076, 1.000000000000000000, 0.8660254037844387076, 1.000000000000000000, 0.8660254037844387076, 1.000000000000000000, 0.8660254037844387076, 1.000000000000000000, 0.8660254037844387076, 1.000000000000000000, 0.8660254037844387076, 1.000000000000000000, 0.8660254037844387076, 1.000000000000000000, 0.8660254037844387076, 1.000000000000000000, 0.8660254037844387076, 1.000000000000000000, 0.8660254037844387076, 1.000000000000000000, 0.8660254037844387076, 1.000000000000000000, 0.8660254037844387076, 1.000000000000000000, 0.8660254037844387076, 1.000000000000000000, 0.8660254037844387076, 1.000000000000000000, 0.8660254037844387076, 1.000000000000000000, 0.8660254037844387076, 1.000000000000000000, 0.8660254037844387076, 1.000000000000000000, 0.8660254037844387076, 1.000000000000000000, 0.8660254037844387076, 1.000000000000000000, 0.8660254037844387076, 1.000000000000000000, 0.8660254037844387076, 1.000000000000000000, 0.8660254037844387076, 1.000000000000000000, 0.8660254037844387076, 1.000000000000000000, 0.8660254037844387076, 1.000000000000000000, 0.8660254037844387076, 1.000000000000000000, 0.8660254037844387076, 1.000000000000000000, 0.8660254037844387076, 1.000000000000000000, 0.8660254037844387076, 1.000000000000000000, 0.8660254037844387076, 1.000000000000000000),
 ( 1.000000000000000000, 0.8660254037844387076, 1.000000000000000000, 0.8660254037844387076, 1.000000000000000000, 0.8660254037844387076, 1.000000000000000000, 0.8660254037844387076, 1.000000000000000000, 0.8660254037844387076, 1.000000000000000000, 0.8660254037844387076, 1.000000000000000000, 0.8660254037844387076, 1.000000000000000000, 0.8660254037844387076, 1.000000000000000000, 0.8660254037844387076, 1.000000000000000000, 0.8660254037844387076, 1.000000000000000000, 0.8660254037844387076, 1.000000000000000000, 0.8660254037844387076, 1.000000000000000000, 0.8660254037844387076, 1.000000000000000000, 0.8660254037844387076, 1.000000000000000000, 0.8660254037844387076, 1.000000000000000000, 0.8660254037844387076, 1.000000000000000000, 0.8660254037844387076, 1.000000000000000000, 0.8660254037844387076, 1.000000000000000000, 0.8660254037844387076, 1.000000000000000000, 0.8660254037844387076, 1.000000000000000000, 0.8660254037844387076, 1.000000000000000000, 0.8660254037844387076, 1.000000000000000000, 0.8660254037844387076, 1.000000000000000000, 0.8660254037844387076, 1.000000000000000000, 0.8660254037844387076, 1.000000000000000000, 0.8660254037844387076, 1.000000000000000000, 0.8660254037844387076, 1.000000000000000000, 0.8660254037844387076, 1.000000000000000000, 0.8660254037844387076, 1.000000000000000000, 0.8660254037844387076, 1.000000000000000000, 0.8660254037844387076, 1.000000000000000000, 0.8660254037844387076, 1.000000000000000000, 0.8660254037844387076, 1.000000000000000000, 0.8660254037844387076, 1.000000000000000000, 0.8660254037844387076, 1.000000000000000000, 0.8660254037844387076, 1.000000000000000000, 0.8660254037844387076, 1.000000000000000000, 0.8660254037844387076, 1.000000000000000000, 0.8660254037844387076, 1.000000000000000000, 0.8660254037844387076, 1.000000000000000000, 0.8660254037844387076, 1.000000000000000000, 0.8660254037844387076, 1.000000000000000000, 0.8660254037844387076, 1.000000000000000000, 0.8660254037844387076, 1.000000000000000000, 0.8660254037844387076, 1.000000000000000000, 0.8660254037844387076, 1.000000000000000000, 0.8660254037844387076, 1.000000000000000000, 0.8660254037844387076, 1.000000000000000000, 0.8660254037844387076, 1.000000000000000000, 0.8660254037844387076, 1.000000000000000000, 0.8660254037844387076, 1.000000000000000000, 0.8660254037844387076, 1.000000000000000000, 0.8660254037844387076, 1.000000000000000000, 0.8660254037844387076, 1.000000000000000000, 0.8660254037844387076, 1.000000000000000000, 0.8660254037844387076, 1.000000000000000000, 0.8660254037844387076, 1.000000000000000000, 0.8660254037844387076, 1.000000000000000000, 0.8660254037844387076, 1.000000000000000000, 0.8660254037844387076, 1.000000000000000000, 0.8660254037844387076, 1.000000000000000000, 0.8660254037844387076, 1.000000000000000000, 0.8660254037844387076, 1.000000000000000000, 0.8660254037844387076, 1.000000000000000000, 0.8660254037844387076, 1.000000000000000000, 0.8660254037844387076, 1.000000000000000000, 0.8660254037844387076, 1.000000000000000000, 0.8660254037844387076, 1.000000000000000000, 0.8660254037844387076, 1.000000000000000000, 0.8660254037844387076, 1.000000000000000000, 0.8660254037844387076, 1.000000000000000000, 0.8660254037844387076, 1.000000000000000000, 0.8660254037844387076, 1.000000000000000000, 0.8660254037844387076, 1.000000000000000000, 0.8660254037844387076, 1.000000000000000000, 0.8660254037844387076, 1.000000000000000000, 0.8660254037844387076, 1.000000000000000000, 0.8660254037844387076, 1.000000000000000000, 0.8660254037844387076, 1.000000000000000000, 0.8660254037844387076, 1.000000000000000000, 0.8660254037844387076, 1.000000000000000000, 0.8660254037844387076, 1.000000000000000000, 0.8660254037844387076, 1.000000000000000000, 0.8660254037844387076, 1.000000000000000000, 0.8660254037844387076, 1.000000000000000000, 0.8660254037844387076, 1.000000000000000000, 0.8660254037844387076, 1.000000000000000000, 0.8660254037844387076, 1.000000000000000000, 0.8660254037844387076, 1.000000000000000000, 0.8660254037844387076, 1.000000000000000000) ) ) 
 REPRESENTATION_ITEM ( '' )  SURFACE ( )  );
#102 = AXIS2_PLACEMENT_3D ( 'NONE', #613, #1980, #1933 ) ;
#103 = ADVANCED_FACE ( 'NONE', ( #1818 ), #2852, .T. ) ;
#104 = CARTESIAN_POINT ( 'NONE',  ( 0.01812963300372498823, 0.03140144548502975946, 0.1275937325923781618 ) ) ;
#105 = CIRCLE ( 'NONE', #2690, 0.02356249097069302093 ) ;
#106 = CARTESIAN_POINT ( 'NONE',  ( 0.01191832934412326815, 0.02905175044974577653, -0.1242399319409042968 ) ) ;
#107 = CARTESIAN_POINT ( 'NONE',  ( 0.02719444950558747021, 0.01570072274251513994, -0.1261265055028599480 ) ) ;
#108 = CIRCLE ( 'NONE', #2190, 0.01750000000000000167 ) ;
#109 = CARTESIAN_POINT ( 'NONE',  ( -0.03625926600744993483, 5.644945881947510718E-16, -0.1186860293123837423 ) ) ;
#110 = CARTESIAN_POINT ( 'NONE',  ( 0.03807614593415893645, 0.02198327310479065988, 0.07978867306856861352 ) ) ;
#111 = PLANE ( 'NONE',  #2632 ) ;
#112 = EDGE_CURVE ( 'NONE', #2768, #2324, #1500, .T. ) ;
#113 = VERTEX_POINT ( 'NONE', #266 ) ;
#114 = CARTESIAN_POINT ( 'NONE',  ( 0.04965212315030889667, 5.531534014389438267E-16, -0.08073960074095605510 ) ) ;
#115 = PLANE ( 'NONE',  #713 ) ;
#116 = CARTESIAN_POINT ( 'NONE',  ( -0.01812963300372498129, -0.03140144548502863536, -0.04428126740762183822 ) ) ;
#117 = CARTESIAN_POINT ( 'NONE',  ( 0.03625926600744993483, 5.556136293836598262E-16, -0.1097574578838123038 ) ) ;
#118 = ORIENTED_EDGE ( 'NONE', *, *, #2220, .T. ) ;
#119 = CARTESIAN_POINT ( 'NONE',  ( -0.02482606157515458711, 0.04300000000000124556, -0.09264436264571794533 ) ) ;
#120 = DIRECTION ( 'NONE',  ( 1.049727191138616107E-16, -0.8571673007021050061, -0.5150380749100664790 ) ) ;
#121 = CARTESIAN_POINT ( 'NONE',  ( -0.02772517058846553362, -0.02367961605726438476, -0.1194653990529913612 ) ) ;
#122 = CARTESIAN_POINT ( 'NONE',  ( -0.02719444950558745633, 0.01570072274251516770, 0.07625444687809244948 ) ) ;
#123 = CARTESIAN_POINT ( 'NONE',  ( 0.000000000000000000, 0.03140144548502977334, 0.1290818278304733668 ) ) ;
#124 = CARTESIAN_POINT ( 'NONE',  ( -0.02719444950558745633, -0.01570072274251403666, 0.09708778021142577819 ) ) ;
#125 = ADVANCED_FACE ( 'NONE', ( #1327 ), #3239, .F. ) ;
#126 = SURFACE_STYLE_FILL_AREA ( #2204 ) ;
#127 = B_SPLINE_CURVE_WITH_KNOTS ( 'NONE', 3,
 ( #844, #570, #1649, #2738, #1732, #2264 ),
 .UNSPECIFIED., .F., .F.,
 ( 4, 2, 4 ),
 ( 2.544514620997133686E-07, 0.0002653424116339321353, 0.0005304303718057644824 ),
 .UNSPECIFIED. ) ;
#128 = ORIENTED_EDGE ( 'NONE', *, *, #1621, .T. ) ;
#129 = CARTESIAN_POINT ( 'NONE',  ( 0.000000000000000000, 0.03140144548502977334, -0.1387753150266694546 ) ) ;
#130 = CARTESIAN_POINT ( 'NONE',  ( 0.04965212315030870238, 5.531534014389438267E-16, -0.04725745788381153362 ) ) ;
#131 = FACE_OUTER_BOUND ( 'NONE', #568, .T. ) ;
#132 = CARTESIAN_POINT ( 'NONE',  ( -3.845567970184112305E-18, -0.03140144548502864230, 0.02863539925904482267 ) ) ;
#133 = LINE ( 'NONE', #3129, #1975 ) ;
#134 = CARTESIAN_POINT ( 'NONE',  ( -0.02538409728943927246, 0.04396654620958081322, 0.1032261730685686274 ) ) ;
#135 = CARTESIAN_POINT ( 'NONE',  ( -0.02719444950558745633, 0.01570072274251516770, 0.02268301830666385327 ) ) ;
#136 = CARTESIAN_POINT ( 'NONE',  ( 0.03625926600744993483, 5.556136293836598262E-16, -0.07404317216952659153 ) ) ;
#137 = VERTEX_POINT ( 'NONE', #803 ) ;
#138 = ORIENTED_EDGE ( 'NONE', *, *, #2956, .F. ) ;
#139 = CARTESIAN_POINT ( 'NONE',  ( 0.04091994441204434979, 0.001928717594634551599, -0.1149676718690991750 ) ) ;
#140 = EDGE_CURVE ( 'NONE', #2545, #1539, #206, .T. ) ;
#141 = CARTESIAN_POINT ( 'NONE',  ( -0.01812963300372498129, -0.03140144548502862842, 0.1008080183066638602 ) ) ;
#142 = CARTESIAN_POINT ( 'NONE',  ( -5.265981236333714212E-18, -0.04300000000000021166, -0.1052931721695258144 ) ) ;
#143 = ORIENTED_EDGE ( 'NONE', *, *, #635, .T. ) ;
#144 = CARTESIAN_POINT ( 'NONE',  ( 0.000000000000000000, 0.04396654620958081322, 0.1184791492590448192 ) ) ;
#145 = CARTESIAN_POINT ( 'NONE',  ( -3.845567970184112305E-18, -0.03140144548502864230, -0.1119896007409551808 ) ) ;
#146 = CARTESIAN_POINT ( 'NONE',  ( 0.000000000000000000, 0.04300000000000150230, 0.08443897068761536950 ) ) ;
#147 = EDGE_LOOP ( 'NONE', ( #1076, #1310, #232, #1910, #1335 ) ) ;
#148 = ORIENTED_EDGE ( 'NONE', *, *, #1939, .T. ) ;
#149 = CARTESIAN_POINT ( 'NONE',  ( 5.265981236333782775E-18, 0.04300000000000119699, -0.1179211135447586489 ) ) ;
#150 = CARTESIAN_POINT ( 'NONE',  ( 0.03625926600744993483, 5.556136293836598262E-16, -0.1276146007409551808 ) ) ;
#151 = CARTESIAN_POINT ( 'NONE',  ( 0.03625926600744994177, 5.556136293836597276E-16, 0.03309968497333053150 ) ) ;
#152 = CARTESIAN_POINT ( 'NONE',  ( -0.02719444950558745633, -0.01570072274251403666, -0.04576936264571708490 ) ) ;
#153 = CARTESIAN_POINT ( 'NONE',  ( 0.03621317360659741941, 0.02088632651422098890, -0.1141212049639875464 ) ) ;
#154 = CARTESIAN_POINT ( 'NONE',  ( 0.02719444950558747021, 0.01570072274251513994, -0.07032293407428850951 ) ) ;
#155 = EDGE_CURVE ( 'NONE', #2762, #2869, #1314, .T. ) ;
#156 = CARTESIAN_POINT ( 'NONE',  ( -3.845567970184112305E-18, -0.03140144548502864230, 0.1000639706876162299 ) ) ;
#157 = AXIS2_PLACEMENT_3D ( 'NONE', #2381, #345, #2121 ) ;
#158 = DIRECTION ( 'NONE',  ( -0.000000000000000000, -0.000000000000000000, 1.000000000000000000 ) ) ;
#159 = CIRCLE ( 'NONE', #3186, 0.02020725942164193489 ) ;
#160 = CARTESIAN_POINT ( 'NONE',  ( -0.01812963300372496395, 0.03140144548502977334, -0.1194300769314313587 ) ) ;
#161 = CARTESIAN_POINT ( 'NONE',  ( -0.02482606157515435119, 0.04300000000000134270, -0.005590791217144876202 ) ) ;
#162 = VECTOR ( 'NONE', #798, 39.37007874015748143 ) ;
#163 = ORIENTED_EDGE ( 'NONE', *, *, #930, .T. ) ;
#164 = EDGE_LOOP ( 'NONE', ( #1581, #2208, #1220 ) ) ;
#165 = PRODUCT_DEFINITION_SHAPE ( 'NONE', 'NONE',  #2292 ) ;
#166 = CARTESIAN_POINT ( 'NONE',  ( -5.265981236333733472E-18, -0.04300000000000036432, 0.03979611354475821178 ) ) ;
#167 = LINE ( 'NONE', #2476, #2846 ) ;
#168 = CARTESIAN_POINT ( 'NONE',  ( -0.01812963300372498129, -0.03140144548502862842, -0.1157098388361932767 ) ) ;
#169 = EDGE_CURVE ( 'NONE', #3213, #1266, #537, .T. ) ;
#170 = CARTESIAN_POINT ( 'NONE',  ( -0.03625926600744994177, 5.644945881947510718E-16, 0.02417111354475911383 ) ) ;
#171 = ORIENTED_EDGE ( 'NONE', *, *, #2915, .F. ) ;
#172 = CARTESIAN_POINT ( 'NONE',  ( 0.000000000000000000, 0.04300000000000134270, -0.02493602931238296169 ) ) ;
#173 = CARTESIAN_POINT ( 'NONE',  ( 0.03625926600744993483, 5.556136293836598262E-16, -0.01823960074095518774 ) ) ;
#174 = CARTESIAN_POINT ( 'NONE',  ( -0.009215986634022187846, 0.03158463666399712738, -0.1230559425172012139 ) ) ;
#175 = CARTESIAN_POINT ( 'NONE',  ( 0.02538409728943926552, -0.04396654620957970300, -0.01284525550285993065 ) ) ;
#176 = CARTESIAN_POINT ( 'NONE',  ( -0.02719444950558745633, 0.01570072274251516770, -0.01079912455047899247 ) ) ;
#177 = CARTESIAN_POINT ( 'NONE',  ( 0.01812963300372498823, 0.03140144548502975946, 0.1253615897352353126 ) ) ;
#178 = CARTESIAN_POINT ( 'NONE',  ( -0.01812963300372496395, 0.03140144548502977334, -0.04800150550285994105 ) ) ;
#179 = CARTESIAN_POINT ( 'NONE',  ( -5.265981236333714212E-18, -0.04300000000000021166, -0.05172174359809723898 ) ) ;
#180 = VERTEX_POINT ( 'NONE', #1942 ) ;
#181 = CARTESIAN_POINT ( 'NONE',  ( -0.03723909236273167944, -0.02149999999999989420, -0.08818007693143226078 ) ) ;
#182 = FACE_OUTER_BOUND ( 'NONE', #2131, .T. ) ;
#183 = CARTESIAN_POINT ( 'NONE',  ( -0.02538409728943929328, -0.04396654620957967524, -0.1240803745504789890 ) ) ;
#184 = CARTESIAN_POINT ( 'NONE',  ( -0.01812963300372496395, 0.03140144548502977334, -0.1395193626457170710 ) ) ;
#185 = CARTESIAN_POINT ( 'NONE',  ( 0.01812963300372496048, -0.03140144548502864924, -0.02344793407428851298 ) ) ;
#186 = ORIENTED_EDGE ( 'NONE', *, *, #1658, .F. ) ;
#187 = CARTESIAN_POINT ( 'NONE',  ( 0.03723909236273151985, -0.02149999999999984562, -0.03088841026476391374 ) ) ;
#188 = CARTESIAN_POINT ( 'NONE',  ( -5.265981236333733472E-18, -0.04300000000000036432, -0.06734674359809890432 ) ) ;
#189 = CARTESIAN_POINT ( 'NONE',  ( 0.02719444950558744939, -0.01570072274251405747, -0.03758483883619327670 ) ) ;
#190 = CARTESIAN_POINT ( 'NONE',  ( -5.265981236333714212E-18, -0.04300000000000021166, -0.01600745788381154056 ) ) ;
#191 = CARTESIAN_POINT ( 'NONE',  ( 0.03625926600744993483, 5.556136293836598262E-16, -0.05395388645524089311 ) ) ;
#192 = CARTESIAN_POINT ( 'NONE',  ( -0.01750000000000000167, -0.01010362971083368644, 0.1179211135447589265 ) ) ;
#193 = CARTESIAN_POINT ( 'NONE',  ( 0.005157858920332390566, 0.04300000000000150230, -0.1122987671898862672 ) ) ;
#194 = CARTESIAN_POINT ( 'NONE',  ( -0.03807614593415892257, -0.02198327310478955313, -0.1077113269314313726 ) ) ;
#195 = CARTESIAN_POINT ( 'NONE',  ( 0.01812963300372498823, 0.03140144548502975946, -0.1246384102647647013 ) ) ;
#196 = CARTESIAN_POINT ( 'NONE',  ( -0.02719444950558745633, -0.01570072274251403666, 0.06137349449714005895 ) ) ;
#197 = CARTESIAN_POINT ( 'NONE',  ( 0.01812963300372496048, -0.03140144548502864924, -0.02344793407428851298 ) ) ;
#198 = CARTESIAN_POINT ( 'NONE',  ( -0.01812963300372498129, -0.03140144548502862842, 0.009290161163806721564 ) ) ;
#199 = FACE_OUTER_BOUND ( 'NONE', #2600, .T. ) ;
#200 = CARTESIAN_POINT ( 'NONE',  ( -0.02719444950558745633, 0.01570072274251516770, -0.08222769597905041361 ) ) ;
#201 = CARTESIAN_POINT ( 'NONE',  ( -0.01812963300372498129, -0.03140144548502863536, 0.01152230402094957772 ) ) ;
#202 = CARTESIAN_POINT ( 'NONE',  ( 0.01812963300372498823, 0.03140144548502975946, -0.05097769597905042055 ) ) ;
#203 = CARTESIAN_POINT ( 'NONE',  ( 0.000000000000000000, 4.095459211021323262E-16, 0.09604611354475892093 ) ) ;
#204 = ORIENTED_EDGE ( 'NONE', *, *, #2525, .T. ) ;
#205 = CARTESIAN_POINT ( 'NONE',  ( -0.03625926600744993483, 5.644945881947510718E-16, -0.08073960074095518080 ) ) ;
#206 = CIRCLE ( 'NONE', #2844, 0.02356249097069302093 ) ;
#207 = CARTESIAN_POINT ( 'NONE',  ( -0.02719444950558745633, 0.01570072274251516770, 0.02268301830666385327 ) ) ;
#208 =( BOUNDED_CURVE ( )  B_SPLINE_CURVE ( 2, ( #1410, #1425, #2980, #2006, #3053, #1766, #2453 ),
 .UNSPECIFIED., .F., .F. ) 
 B_SPLINE_CURVE_WITH_KNOTS ( ( 3, 2, 2, 3 ),
 ( 0.5666666666666666519, 0.5777777777777777235, 0.5888888888888890172, 0.6000000000000000888 ),
 .UNSPECIFIED. ) 
 CURVE ( )  GEOMETRIC_REPRESENTATION_ITEM ( )  RATIONAL_B_SPLINE_CURVE ( ( 1.000000000000000000, 0.8660254037844387076, 1.000000000000000000, 0.8660254037844387076, 1.000000000000000000, 0.8660254037844373753, 1.000000000000001332 ) ) 
 REPRESENTATION_ITEM ( '' )  );
#209 = CONICAL_SURFACE ( 'NONE', #651, 0.02020725942164193489, 0.7853981633974500554 ) ;
#210 = CARTESIAN_POINT ( 'NONE',  ( 5.265981236333782775E-18, 0.04300000000000119699, -0.1179211135447586489 ) ) ;
#211 = CARTESIAN_POINT ( 'NONE',  ( 0.000000000000000000, 0.04396654620958081322, -0.1136637078838123177 ) ) ;
#212 = ORIENTED_EDGE ( 'NONE', *, *, #2931, .T. ) ;
#213 = VECTOR ( 'NONE', #2513, 39.37007874015748143 ) ;
#214 = CARTESIAN_POINT ( 'NONE',  ( 0.02719444950558744939, -0.01570072274251405747, -0.1112455531219075505 ) ) ;
#215 = CARTESIAN_POINT ( 'NONE',  ( -3.845567970184112305E-18, -0.03140144548502864230, 0.08220682783047338071 ) ) ;
#216 = CARTESIAN_POINT ( 'NONE',  ( 0.04965212315030870238, 5.531534014389438267E-16, -0.1008288864552401021 ) ) ;
#217 = CARTESIAN_POINT ( 'NONE',  ( -0.01812963300372496395, 0.03140144548502977334, -0.06585864836000279721 ) ) ;
#218 = CARTESIAN_POINT ( 'NONE',  ( 0.01812963300372498823, 0.03140144548502975946, 0.05616516116380671636 ) ) ;
#219 = ORIENTED_EDGE ( 'NONE', *, *, #669, .F. ) ;
#220 = CARTESIAN_POINT ( 'NONE',  ( -0.02538409728943929328, -0.04396654620957967524, -0.01582144597905041708 ) ) ;
#221 = CARTESIAN_POINT ( 'NONE',  ( -0.01812963300372496395, 0.03140144548502977334, -0.06585864836000279721 ) ) ;
#222 = CARTESIAN_POINT ( 'NONE',  ( 0.01812963300372496048, -0.03140144548502864924, -0.05693007693143137954 ) ) ;
#223 = CARTESIAN_POINT ( 'NONE',  ( -0.02719444950558745633, -0.01570072274251403666, -0.02791221978857422181 ) ) ;
#224 = ADVANCED_FACE ( 'NONE', ( #1412 ), #2321, .T. ) ;
#225 = ORIENTED_EDGE ( 'NONE', *, *, #313, .F. ) ;
#226 = CARTESIAN_POINT ( 'NONE',  ( -0.02482606157515446221, -0.04300000000000035738, 0.03830801830666298591 ) ) ;
#227 = CARTESIAN_POINT ( 'NONE',  ( -0.02538409728943929328, -0.04396654620957967524, -0.05265180312190756440 ) ) ;
#228 = ORIENTED_EDGE ( 'NONE', *, *, #2203, .F. ) ;
#229 = CARTESIAN_POINT ( 'NONE',  ( -0.02719444950558745633, 0.01570072274251516770, 0.07625444687809244948 ) ) ;
#230 = CARTESIAN_POINT ( 'NONE',  ( -0.01812963300372498129, -0.03140144548502862842, -0.02419198169333612591 ) ) ;
#231 = CARTESIAN_POINT ( 'NONE',  ( -0.02719444950558745633, 0.01570072274251516770, 0.06062944687809242866 ) ) ;
#232 = ORIENTED_EDGE ( 'NONE', *, *, #2552, .F. ) ;
#233 = CARTESIAN_POINT ( 'NONE',  ( -0.03807614593415891563, 0.02198327310479069457, -0.07385716026476470131 ) ) ;
#234 = CARTESIAN_POINT ( 'NONE',  ( 0.000000000000000000, 0.04300000000000150230, -0.004846743598098923397 ) ) ;
#235 = EDGE_CURVE ( 'NONE', #895, #137, #1955, .T. ) ;
#236 = ORIENTED_EDGE ( 'NONE', *, *, #1502, .T. ) ;
#237 = CARTESIAN_POINT ( 'NONE',  ( 0.02719444950558744939, -0.01570072274251405747, -0.07329912455047898900 ) ) ;
#238 = EDGE_LOOP ( 'NONE', ( #2051, #264, #1178, #1463, #2172 ) ) ;
#239 = CARTESIAN_POINT ( 'NONE',  ( -5.265981236333733472E-18, -0.04300000000000036432, 0.02193897068761537297 ) ) ;
#240 = CARTESIAN_POINT ( 'NONE',  ( -0.02538409728943927246, 0.04396654620958081322, -0.05860418407428851645 ) ) ;
#241 = ORIENTED_EDGE ( 'NONE', *, *, #2552, .T. ) ;
#242 = B_SPLINE_CURVE_WITH_KNOTS ( 'NONE', 3,
 ( #764, #953, #3058, #1137, #28, #3385 ),
 .UNSPECIFIED., .F., .F.,
 ( 4, 2, 4 ),
 ( 0.0002786632027136386387, 0.0005444914471909726491, 0.0008103196916683067137 ),
 .UNSPECIFIED. ) ;
#243 = DIRECTION ( 'NONE',  ( -0.000000000000000000, -1.026720117140053010E-14, 1.000000000000000000 ) ) ;
#244 = CARTESIAN_POINT ( 'NONE',  ( -0.02719444950558745633, -0.01570072274251403666, 0.04351635163999721667 ) ) ;
#245 = CARTESIAN_POINT ( 'NONE',  ( -0.01812963300372498129, -0.03140144548502862842, -0.006334838836193282773 ) ) ;
#246 = CARTESIAN_POINT ( 'NONE',  ( 0.01812963300372498823, 0.03140144548502975946, 0.02045087544952099712 ) ) ;
#247 = CARTESIAN_POINT ( 'NONE',  ( 4.341848540857424805E-18, 0.02020725942163676195, 0.09604611354475892093 ) ) ;
#248 = CARTESIAN_POINT ( 'NONE',  ( 0.03723909236273168638, 0.02150000000000099748, -0.007822934074289392484 ) ) ;
#249 = CARTESIAN_POINT ( 'NONE',  ( -0.01812963300372496395, 0.03140144548502977334, 0.05914135163999720279 ) ) ;
#250 = CARTESIAN_POINT ( 'NONE',  ( -0.03625926600744993483, 5.644945881947510718E-16, -0.01154317216952660541 ) ) ;
#252 = CONICAL_SURFACE ( 'NONE', #1372, 0.02356249097069302093, 0.7853981633974660426 ) ;
#251 = CARTESIAN_POINT ( 'NONE',  ( 0.04965212315030889667, 5.531534014389438267E-16, 0.09783182783047252029 ) ) ;
#253 = CARTESIAN_POINT ( 'NONE',  ( 0.02719444950558744939, -0.01570072274251405747, 0.04946873259237814791 ) ) ;
#254 = CARTESIAN_POINT ( 'NONE',  ( 0.03807614593415890869, -0.02198327310478958435, 0.04109819687809244254 ) ) ;
#255 = ORIENTED_EDGE ( 'NONE', *, *, #1653, .T. ) ;
#256 = CONICAL_SURFACE ( 'NONE', #3133, 0.02020725942164193489, 0.7853981633974500554 ) ;
#257 = CARTESIAN_POINT ( 'NONE',  ( -0.01812963300372496395, 0.03140144548502977334, 0.1104806373542828873 ) ) ;
#258 = DIRECTION ( 'NONE',  ( 0.000000000000000000, -1.000000000000000000, -1.032384416210299843E-14 ) ) ;
#259 = CARTESIAN_POINT ( 'NONE',  ( -0.04965212315030889667, 5.653146641763228744E-16, 0.05318897068761538338 ) ) ;
#260 = CARTESIAN_POINT ( 'NONE',  ( 0.02719444950558747021, 0.01570072274251513994, 0.05467706592571149049 ) ) ;
#261 = EDGE_CURVE ( 'NONE', #3064, #553, #2105, .T. ) ;
#262 = CARTESIAN_POINT ( 'NONE',  ( 0.01812963300372498823, 0.03140144548502975946, 0.03830801830666388103 ) ) ;
#263 = CARTESIAN_POINT ( 'NONE',  ( 0.03500000000000000333, -1.579349621337152204E-16, 0.09604611354475892093 ) ) ;
#264 = ORIENTED_EDGE ( 'NONE', *, *, #1756, .T. ) ;
#265 = CARTESIAN_POINT ( 'NONE',  ( 0.000000000000000000, -5.170700926295986467E-15, 0.1179211135447589265 ) ) ;
#266 = CARTESIAN_POINT ( 'NONE',  ( 0.000000000000000000, 0.04300000000000134270, 0.1000639706876170348 ) ) ;
#267 = CARTESIAN_POINT ( 'NONE',  ( 0.03723909236273151985, -0.02149999999999984562, 0.02268301830666464777 ) ) ;
#268 = DIRECTION ( 'NONE',  ( -0.000000000000000000, -1.026720117140053010E-14, 1.000000000000000000 ) ) ;
#269 = ADVANCED_FACE ( 'NONE', ( #1693 ), #1183, .T. ) ;
#270 = CARTESIAN_POINT ( 'NONE',  ( -0.02719444950558745633, 0.01570072274251516770, 0.007058018306663866280 ) ) ;
#271 = ORIENTED_EDGE ( 'NONE', *, *, #1608, .F. ) ;
#272 = DIRECTION ( 'NONE',  ( 1.000000000000000000, 0.000000000000000000, 0.000000000000000000 ) ) ;
#273 = CARTESIAN_POINT ( 'NONE',  ( -0.05076819457887855186, 5.653830038414538087E-16, 0.05151486354475909302 ) ) ;
#274 = ORIENTED_EDGE ( 'NONE', *, *, #3302, .F. ) ;
#275 = CARTESIAN_POINT ( 'NONE',  ( 0.01749999999999999126, -0.01010362971081860822, 0.09604611354475892093 ) ) ;
#276 = CARTESIAN_POINT ( 'NONE',  ( -5.265981236333714212E-18, -0.04300000000000021166, 0.09113539925904561023 ) ) ;
#277 = CARTESIAN_POINT ( 'NONE',  ( -0.02719444950558745633, -0.01570072274251403666, -0.1350550769314313726 ) ) ;
#278 = CARTESIAN_POINT ( 'NONE',  ( 0.05076819457887855186, 5.529483824435511225E-16, 0.1151309349733305315 ) ) ;
#279 = CARTESIAN_POINT ( 'NONE',  ( -0.03390924567042277737, -0.005789910022022810333, 0.1179211135447587322 ) ) ;
#280 = CARTESIAN_POINT ( 'NONE',  ( 0.01812963300372498823, 0.03140144548502975946, 0.05616516116380671636 ) ) ;
#281 = CARTESIAN_POINT ( 'NONE',  ( 0.01812963300372496048, -0.03140144548502864924, -0.09487650550285993412 ) ) ;
#282 = DIRECTION ( 'NONE',  ( -0.4999999999999996114, 0.8660254037844388186, 0.000000000000000000 ) ) ;
#283 = CARTESIAN_POINT ( 'NONE',  ( 0.000000000000000000, 0.04396654620958081322, -0.1482619221695266054 ) ) ;
#284 = DIRECTION ( 'NONE',  ( 0.000000000000000000, -1.000000000000000000, -1.032384416210299843E-14 ) ) ;
#285 = CARTESIAN_POINT ( 'NONE',  ( 0.01812963300372496048, -0.03140144548502864924, 0.01449849449714006241 ) ) ;
#286 = CARTESIAN_POINT ( 'NONE',  ( 0.01812963300372496048, -0.03140144548502864924, 0.06583778021142577819 ) ) ;
#287 = CARTESIAN_POINT ( 'NONE',  ( 0.03625926600744993483, 5.556136293836598262E-16, -0.03832888645524088617 ) ) ;
#288 = CARTESIAN_POINT ( 'NONE',  ( -0.04965212315030889667, 5.653146641763228744E-16, -0.1075253150266703567 ) ) ;
#289 = CARTESIAN_POINT ( 'NONE',  ( -0.03807614593415891563, 0.02198327310479069457, 0.01431248259237814617 ) ) ;
#290 = ORIENTED_EDGE ( 'NONE', *, *, #660, .T. ) ;
#291 = CARTESIAN_POINT ( 'NONE',  ( 0.04965212315030870238, 5.531534014389438267E-16, 0.09559968497333130866 ) ) ;
#292 = CARTESIAN_POINT ( 'NONE',  ( -5.265981236333714212E-18, -0.04300000000000021166, 0.05542111354475989099 ) ) ;
#293 = LINE ( 'NONE', #1914, #1603 ) ;
#294 = EDGE_CURVE ( 'NONE', #2227, #1660, #3280, .T. ) ;
#295 = CARTESIAN_POINT ( 'NONE',  ( -0.03625926600744993483, 5.644945881947510718E-16, 0.008546113544759108629 ) ) ;
#296 = CARTESIAN_POINT ( 'NONE',  ( 0.000000000000000000, 0.04396654620958081322, 0.08388093497333053150 ) ) ;
#297 = CARTESIAN_POINT ( 'NONE',  ( -0.02719444950558745633, -0.01570072274251403666, -0.09934079121714566030 ) ) ;
#298 = ORIENTED_EDGE ( 'NONE', *, *, #1386, .F. ) ;
#299 = CARTESIAN_POINT ( 'NONE',  ( 0.04965212315030889667, 5.531534014389438267E-16, -0.09859674359809890432 ) ) ;
#300 = DIRECTION ( 'NONE',  ( 0.000000000000000000, 0.000000000000000000, 1.000000000000000000 ) ) ;
#301 = CARTESIAN_POINT ( 'NONE',  ( -0.01812963300372498129, -0.03140144548502862842, 0.09857587544952098324 ) ) ;
#302 = FACE_OUTER_BOUND ( 'NONE', #3105, .T. ) ;
#303 = CARTESIAN_POINT ( 'NONE',  ( -3.845567970184112305E-18, -0.03140144548502864230, 0.04872468497333051762 ) ) ;
#304 = EDGE_CURVE ( 'NONE', #527, #1294, #425, .T. ) ;
#305 = CARTESIAN_POINT ( 'NONE',  ( -0.03723909236273166556, 0.02150000000000103911, -0.01972769597905129832 ) ) ;
#306 = CARTESIAN_POINT ( 'NONE',  ( 0.04965212315030870238, 5.531534014389438267E-16, 0.02417111354475990834 ) ) ;
#307 = CARTESIAN_POINT ( 'NONE',  ( 0.02482606157515446568, 0.04300000000000147454, 0.02937944687809156477 ) ) ;
#308 = CARTESIAN_POINT ( 'NONE',  ( 0.000000000000000000, 0.04396654620958081322, 0.02919343497333053844 ) ) ;
#309 = ORIENTED_EDGE ( 'NONE', *, *, #2175, .T. ) ;
#310 = CARTESIAN_POINT ( 'NONE',  ( 0.000000000000000000, -1.453607026109205299E-16, -0.1179211135447590930 ) ) ;
#311 = CARTESIAN_POINT ( 'NONE',  ( -0.02482606157515429568, -0.04300000000000033656, 0.03607587544952178815 ) ) ;
#312 = CARTESIAN_POINT ( 'NONE',  ( -0.03723909236273167944, -0.02149999999999989420, -0.05246579121714653460 ) ) ;
#313 = EDGE_CURVE ( 'NONE', #1204, #2484, #1651, .T. ) ;
#314 = LINE ( 'NONE', #2679, #1544 ) ;
#315 = VECTOR ( 'NONE', #2935, 39.37007874015748143 ) ;
#316 = CARTESIAN_POINT ( 'NONE',  ( -0.02719444950558745633, -0.01570072274251403666, -0.1171979340742884956 ) ) ;
#317 =( BOUNDED_CURVE ( )  B_SPLINE_CURVE ( 2, ( #1551, #193, #1252 ),
 .UNSPECIFIED., .F., .T. ) 
 B_SPLINE_CURVE_WITH_KNOTS ( ( 3, 3 ),
 ( 0.1307507779472716625, 0.1333333333333333592 ),
 .UNSPECIFIED. ) 
 CURVE ( )  GEOMETRIC_REPRESENTATION_ITEM ( )  RATIONAL_B_SPLINE_CURVE ( ( 0.9521961794906671495, 0.9688602866453260853, 1.000000000000000222 ) ) 
 REPRESENTATION_ITEM ( '' )  );
#318 = CIRCLE ( 'NONE', #2299, 0.02020725942164193489 ) ;
#319 = CARTESIAN_POINT ( 'NONE',  ( 0.000000000000000000, -5.170700926295986467E-15, 0.1179211135447589265 ) ) ;
#320 = VECTOR ( 'NONE', #1746, 39.37007874015748143 ) ;
#321 = CYLINDRICAL_SURFACE ( 'NONE', #426, 0.04300000000000134270 ) ;
#322 = CARTESIAN_POINT ( 'NONE',  ( 0.02719444950558744939, -0.01570072274251405747, -0.1090134102647646874 ) ) ;
#323 = CARTESIAN_POINT ( 'NONE',  ( 0.02538409728943926552, -0.04396654620957970300, -0.01396132693143137954 ) ) ;
#324 = ORIENTED_EDGE ( 'NONE', *, *, #1593, .T. ) ;
#325 = CARTESIAN_POINT ( 'NONE',  ( 0.03723909236273165863, -0.02149999999999992889, 0.04277230402094869821 ) ) ;
#326 = DIRECTION ( 'NONE',  ( 0.000000000000000000, 1.026720117140053010E-14, -1.000000000000000000 ) ) ;
#327 = CARTESIAN_POINT ( 'NONE',  ( 0.000000000000000000, 0.04300000000000150230, -0.09413245788381317813 ) ) ;
#328 = CARTESIAN_POINT ( 'NONE',  ( 0.000000000000000000, 0.03140144548502977334, -0.1387753150266694546 ) ) ;
#329 = CARTESIAN_POINT ( 'NONE',  ( 0.05076819457887855186, 5.529483824435511225E-16, 0.07941664925904481920 ) ) ;
#330 = CARTESIAN_POINT ( 'NONE',  ( -0.03625926600744994177, 5.644945881947510718E-16, -0.1186860293123837423 ) ) ;
#331 = ORIENTED_EDGE ( 'NONE', *, *, #3103, .F. ) ;
#332 = CARTESIAN_POINT ( 'NONE',  ( 0.02538409728943926552, -0.04396654620957970300, -0.06641668407428850951 ) ) ;
#333 = CARTESIAN_POINT ( 'NONE',  ( 0.02719444950558744939, -0.01570072274251405747, 0.08518301830666387409 ) ) ;
#334 = CARTESIAN_POINT ( 'NONE',  ( -0.02719444950558745633, -0.01570072274251403666, 0.1149449230685686135 ) ) ;
#335 = CARTESIAN_POINT ( 'NONE',  ( -0.008750000000000254102, -0.01515544456622768509, 0.09604611354475892093 ) ) ;
#336 = CARTESIAN_POINT ( 'NONE',  ( -0.002734508451360039265, 0.01862849023114273445, 0.1163423443542649233 ) ) ;
#337 = CARTESIAN_POINT ( 'NONE',  ( 0.01812963300372498823, 0.03140144548502975946, 0.09187944687809244948 ) ) ;
#338 = CARTESIAN_POINT ( 'NONE',  ( 0.02719444950558744939, -0.01570072274251405747, 0.03161158973523530563 ) ) ;
#339 = CARTESIAN_POINT ( 'NONE',  ( -0.02482606157515451425, -0.04299999999999995492, -0.1067812674076210472 ) ) ;
#340 = ORIENTED_EDGE ( 'NONE', *, *, #1097, .T. ) ;
#341 =( BOUNDED_CURVE ( )  B_SPLINE_CURVE ( 2, ( #3085, #2792, #1521, #1775, #2316, #1757, #3323 ),
 .UNSPECIFIED., .F., .F. ) 
 B_SPLINE_CURVE_WITH_KNOTS ( ( 3, 2, 2, 3 ),
 ( 0.9333333333333334592, 0.9444444444444445308, 0.9555555555555557135, 0.9666666666666667851 ),
 .UNSPECIFIED. ) 
 CURVE ( )  GEOMETRIC_REPRESENTATION_ITEM ( )  RATIONAL_B_SPLINE_CURVE ( ( 0.9999999999999986677, 0.8660254037844400399, 1.000000000000000000, 0.8660254037844387076, 1.000000000000000000, 0.8660254037844373753, 1.000000000000001332 ) ) 
 REPRESENTATION_ITEM ( '' )  );
#342 = CARTESIAN_POINT ( 'NONE',  ( 0.05076819457887855186, 5.529483824435511225E-16, 0.1140148635447591208 ) ) ;
#343 = ORIENTED_EDGE ( 'NONE', *, *, #3107, .T. ) ;
#344 = CARTESIAN_POINT ( 'NONE',  ( 0.02482606157515430262, -0.04300000000000028799, 0.09262349449714084304 ) ) ;
#345 = DIRECTION ( 'NONE',  ( -0.000000000000000000, -1.026720117140053010E-14, 1.000000000000000000 ) ) ;
#346 = ORIENTED_EDGE ( 'NONE', *, *, #3374, .T. ) ;
#347 = CARTESIAN_POINT ( 'NONE',  ( -0.02264418958466651519, 0.03655462594602334331, -0.1126413774259342748 ) ) ;
#348 = CARTESIAN_POINT ( 'NONE',  ( -0.01750000000000000860, 0.01010362971081831505, 0.09604611354475892093 ) ) ;
#349 = CARTESIAN_POINT ( 'NONE',  ( -0.01812963300372498129, -0.03140144548502862842, 0.1008080183066638602 ) ) ;
#350 = EDGE_CURVE ( 'NONE', #2577, #1462, #1618, .T. ) ;
#351 = CARTESIAN_POINT ( 'NONE',  ( -0.03625926600744994177, 5.644945881947510718E-16, -0.06511460074095518080 ) ) ;
#352 = CARTESIAN_POINT ( 'NONE',  ( 0.01812963300372496048, -0.03140144548502864924, -0.07701936264571707103 ) ) ;
#353 = DIRECTION ( 'NONE',  ( 0.000000000000000000, 0.000000000000000000, 1.000000000000000000 ) ) ;
#354 = CARTESIAN_POINT ( 'NONE',  ( 0.000000000000000000, 0.03140144548502977334, 0.09336754211618765453 ) ) ;
#355 = CARTESIAN_POINT ( 'NONE',  ( -5.265981236333714212E-18, -0.04300000000000021166, 0.01970682783047417869 ) ) ;
#356 = CARTESIAN_POINT ( 'NONE',  ( -0.03807614593415892257, -0.02198327310478955313, 0.08871724449714003813 ) ) ;
#357 = CARTESIAN_POINT ( 'NONE',  ( -0.03723909236273166556, 0.02150000000000103911, 0.08741516116380583512 ) ) ;
#358 = FACE_OUTER_BOUND ( 'NONE', #1073, .T. ) ;
#359 = CARTESIAN_POINT ( 'NONE',  ( 0.000000000000000000, -0.02356249097069302093, -0.1320788864552413788 ) ) ;
#360 = CARTESIAN_POINT ( 'NONE',  ( -0.03625926600744994177, 5.644945881947510718E-16, 0.006313970687616252478 ) ) ;
#361 = CARTESIAN_POINT ( 'NONE',  ( -0.02719444950558745633, 0.01570072274251516770, -0.04874555312190755052 ) ) ;
#362 = ORIENTED_EDGE ( 'NONE', *, *, #2070, .T. ) ;
#363 = CARTESIAN_POINT ( 'NONE',  ( 0.02538409728943926552, -0.04396654620957970300, 0.05858331592571148355 ) ) ;
#364 = ORIENTED_EDGE ( 'NONE', *, *, #3145, .T. ) ;
#365 = CLOSED_SHELL ( 'NONE', ( #2142, #125, #1017, #81, #1614, #773, #3025, #2710, #1701, #3122, #1397, #2615, #103, #913, #3115, #3330, #3340, #2905, #3074, #2328, #2101, #379, #2289, #2310, #2975, #752, #821, #1905, #3168, #1832, #2685, #2535, #2565, #3174, #269, #3011, #32, #473, #2235, #2826, #2574, #1577, #1724, #1279, #1853, #492, #2812, #2580, #1288, #17, #2436, #3260, #3411, #3224, #1990, #1186, #224, #3089, #2480 ) ) ;
#366 = EDGE_CURVE ( 'NONE', #2840, #2768, #2897, .T. ) ;
#367 = AXIS2_PLACEMENT_3D ( 'NONE', #2749, #2794, #3027 ) ;
#368 = CARTESIAN_POINT ( 'NONE',  ( -0.02719444950558745633, -0.01570072274251403666, 0.09931992306856862740 ) ) ;
#369 = AXIS2_PLACEMENT_3D ( 'NONE', #2486, #1495, #3298 ) ;
#370 = CARTESIAN_POINT ( 'NONE',  ( 0.000000000000000000, 0.04300000000000134270, -0.007078886455240100337 ) ) ;
#371 = DIRECTION ( 'NONE',  ( 8.659560562355085700E-17, 0.7071067811865527908, 0.7071067811865421326 ) ) ;
#372 = CARTESIAN_POINT ( 'NONE',  ( 0.02538409728943926552, -0.04396654620957970300, 0.09318153021142573655 ) ) ;
#373 = CARTESIAN_POINT ( 'NONE',  ( 0.000000000000000000, 0.04300000000000134270, -0.04279317216952582131 ) ) ;
#374 = DIRECTION ( 'NONE',  ( 0.000000000000000000, -1.000000000000000000, -1.042311189443046168E-14 ) ) ;
#375 = VERTEX_POINT ( 'NONE', #933 ) ;
#376 = CARTESIAN_POINT ( 'NONE',  ( -0.02538409728943929328, -0.04396654620957967524, 0.03774998259237816178 ) ) ;
#377 = ORIENTED_EDGE ( 'NONE', *, *, #1454, .T. ) ;
#378 = LINE ( 'NONE', #149, #1263 ) ;
#379 = ADVANCED_FACE ( 'NONE', ( #2432 ), #2237, .T. ) ;
#380 = CARTESIAN_POINT ( 'NONE',  ( 0.02719444950558747021, 0.01570072274251513994, 0.01673063735428291857 ) ) ;
#381 = CARTESIAN_POINT ( 'NONE',  ( -0.02719444950558745633, 0.01570072274251516770, -0.1023169816933361259 ) ) ;
#382 = ORIENTED_EDGE ( 'NONE', *, *, #2113, .T. ) ;
#383 = EDGE_CURVE ( 'NONE', #895, #1204, #2035, .T. ) ;
#384 = CARTESIAN_POINT ( 'NONE',  ( -0.03723909236273153373, 0.02150000000000095585, 0.04946873259237894588 ) ) ;
#385 = CARTESIAN_POINT ( 'NONE',  ( 0.000000000000000000, 0.03209223492826144414, -0.1235491424976726121 ) ) ;
#386 = CARTESIAN_POINT ( 'NONE',  ( -0.01812963300372498129, -0.03140144548502862842, 0.1186651611638067372 ) ) ;
#387 = CARTESIAN_POINT ( 'NONE',  ( 0.05076819457887855186, 5.529483824435511225E-16, 0.07830057783047339459 ) ) ;
#388 = CARTESIAN_POINT ( 'NONE',  ( 0.02132759359565873647, 0.02774536014158010891, -0.1208176013985754749 ) ) ;
#389 = CARTESIAN_POINT ( 'NONE',  ( 0.04965212315030889667, 5.531534014389438267E-16, 0.07997468497332964332 ) ) ;
#390 = CARTESIAN_POINT ( 'NONE',  ( 0.02538409728943930022, 0.04396654620958079934, 0.02882141116380673718 ) ) ;
#391 = ORIENTED_EDGE ( 'NONE', *, *, #1593, .F. ) ;
#392 = CARTESIAN_POINT ( 'NONE',  ( 3.201384367575308459E-18, 0.02020725942163676195, 0.1179211135447591347 ) ) ;
#393 = CARTESIAN_POINT ( 'NONE',  ( 0.000000000000000000, 0.03140144548502977334, 0.1290818278304733668 ) ) ;
#394 = CARTESIAN_POINT ( 'NONE',  ( -0.03625926600744994177, 5.644945881947510718E-16, -0.02940031502666946503 ) ) ;
#395 = ORIENTED_EDGE ( 'NONE', *, *, #2843, .T. ) ;
#396 = EDGE_CURVE ( 'NONE', #1300, #1963, #1165, .T. ) ;
#397 = DIRECTION ( 'NONE',  ( 1.000000000000000000, 0.000000000000000000, 0.000000000000000000 ) ) ;
#398 = LINE ( 'NONE', #1196, #712 ) ;
#399 = CARTESIAN_POINT ( 'NONE',  ( -0.03625926600744993483, 5.644945881947510718E-16, 0.05988539925904483308 ) ) ;
#400 = CARTESIAN_POINT ( 'NONE',  ( 0.000000000000000000, 0.03140144548502977334, -0.04948960074095518080 ) ) ;
#401 = MANIFOLD_SOLID_BREP ( 'Cut-Sweep1', #365 ) ;
#402 = CARTESIAN_POINT ( 'NONE',  ( 0.000000000000000000, -5.170700926295986467E-15, 0.1179211135447589265 ) ) ;
#403 = B_SPLINE_CURVE_WITH_KNOTS ( 'NONE', 3,
 ( #2293, #3332, #431, #2841, #1768, #1750 ),
 .UNSPECIFIED., .F., .F.,
 ( 4, 2, 4 ),
 ( 2.544514622275219054E-07, 0.0002653424116342118595, 0.0005304303718061962117 ),
 .UNSPECIFIED. ) ;
#404 = CARTESIAN_POINT ( 'NONE',  ( 0.000000000000000000, 0.03140144548502977334, -0.1209181721695266054 ) ) ;
#405 = CARTESIAN_POINT ( 'NONE',  ( 0.02538409728943930022, 0.04396654620958079934, -0.1140357316933361259 ) ) ;
#406 = CARTESIAN_POINT ( 'NONE',  ( 0.02482606157515433731, -0.04300000000000023942, -0.05023364836000201311 ) ) ;
#407 = EDGE_CURVE ( 'NONE', #3144, #1880, #705, .T. ) ;
#408 = CARTESIAN_POINT ( 'NONE',  ( -5.265981236333714212E-18, -0.04300000000000021166, 0.09113539925904561023 ) ) ;
#409 = ORIENTED_EDGE ( 'NONE', *, *, #2636, .T. ) ;
#410 = CARTESIAN_POINT ( 'NONE',  ( 0.03807614593415893645, 0.02198327310479065988, 0.02733331592571148008 ) ) ;
#411 = CARTESIAN_POINT ( 'NONE',  ( -0.03723909236273167944, -0.02149999999999989420, -0.07032293407428939769 ) ) ;
#412 = LINE ( 'NONE', #2248, #1488 ) ;
#413 = CARTESIAN_POINT ( 'NONE',  ( 0.000000000000000000, 0.03140144548502977334, -0.1231503150266694546 ) ) ;
#414 = CARTESIAN_POINT ( 'NONE',  ( 0.02719444950558747021, 0.01570072274251513994, -0.01898364836000280068 ) ) ;
#415 = CARTESIAN_POINT ( 'NONE',  ( -0.02719444950558745633, 0.01570072274251516770, -0.01303126740762184863 ) ) ;
#416 = CARTESIAN_POINT ( 'NONE',  ( -0.02538409728943927246, 0.04396654620958081322, -0.03963096978857420793 ) ) ;
#417 = CARTESIAN_POINT ( 'NONE',  ( 0.01812963300372498823, 0.03140144548502975946, 0.01821873259237814097 ) ) ;
#418 = CARTESIAN_POINT ( 'NONE',  ( 0.000000000000000000, -1.453607026109205299E-16, -0.1179211135447590930 ) ) ;
#419 = CARTESIAN_POINT ( 'NONE',  ( 0.02719444950558744939, -0.01570072274251405747, -0.01972769597905041361 ) ) ;
#420 = CARTESIAN_POINT ( 'NONE',  ( 0.000000000000000000, 4.095459211021323262E-16, 0.09604611354475892093 ) ) ;
#421 = CARTESIAN_POINT ( 'NONE',  ( 0.01812963300372496048, -0.03140144548502864924, -0.02121579121714565683 ) ) ;
#422 = CARTESIAN_POINT ( 'NONE',  ( 0.03625926600744993483, 5.556136293836598262E-16, 0.1223853992590448053 ) ) ;
#423 = AXIS2_PLACEMENT_3D ( 'NONE', #1173, #2211, #645 ) ;
#424 = CARTESIAN_POINT ( 'NONE',  ( 0.02482606157515438242, 0.04300000000000132883, 0.08071873259237893894 ) ) ;
#425 =( BOUNDED_CURVE ( )  B_SPLINE_CURVE ( 2, ( #142, #339, #1147, #1920, #915, #75, #2219 ),
 .UNSPECIFIED., .F., .T. ) 
 B_SPLINE_CURVE_WITH_KNOTS ( ( 3, 2, 2, 3 ),
 ( 0.9000000000000001332, 0.9111111111111112049, 0.9222222222222222765, 0.9274562980155031111 ),
 .UNSPECIFIED. ) 
 CURVE ( )  GEOMETRIC_REPRESENTATION_ITEM ( )  RATIONAL_B_SPLINE_CURVE ( ( 0.9999999999999986677, 0.8660254037844400399, 1.000000000000000000, 0.8660254037844387076, 1.000000000000000000, 0.9368890128130198391, 0.9332370098846172191 ) ) 
 REPRESENTATION_ITEM ( '' )  );
#426 = AXIS2_PLACEMENT_3D ( 'NONE', #85, #830, #1901 ) ;
#427 = CARTESIAN_POINT ( 'NONE',  ( 0.02719444950558747021, 0.01570072274251513994, -0.08818007693143137260 ) ) ;
#428 = CARTESIAN_POINT ( 'NONE',  ( 0.02538409728943926552, -0.04396654620957970300, -0.1199881126457170710 ) ) ;
#429 = VECTOR ( 'NONE', #1043, 39.37007874015748143 ) ;
#430 = ORIENTED_EDGE ( 'NONE', *, *, #1261, .F. ) ;
#431 = CARTESIAN_POINT ( 'NONE',  ( 0.005662272890021048492, -0.01693814464435828074, 0.1152214119087573430 ) ) ;
#432 = CARTESIAN_POINT ( 'NONE',  ( 0.02538409728943930022, 0.04396654620958079934, -0.07943751740762185209 ) ) ;
#433 = CIRCLE ( 'NONE', #2362, 0.03440000000000256047 ) ;
#434 = DIRECTION ( 'NONE',  ( -0.000000000000000000, -1.026720117140053010E-14, 1.000000000000000000 ) ) ;
#435 = DIRECTION ( 'NONE',  ( 0.000000000000000000, -1.000000000000000000, -1.032384416210299843E-14 ) ) ;
#436 = CARTESIAN_POINT ( 'NONE',  ( -0.02719444950558745633, -0.01570072274251403666, -0.08148364836000278333 ) ) ;
#437 = CARTESIAN_POINT ( 'NONE',  ( 0.01812963300372498823, 0.03140144548502975946, 0.0003615897352353004274 ) ) ;
#438 = CARTESIAN_POINT ( 'NONE',  ( 0.03625926600744993483, 5.556136293836598262E-16, -0.002614600740955184705 ) ) ;
#439 = VERTEX_POINT ( 'NONE', #2260 ) ;
#440 = CARTESIAN_POINT ( 'NONE',  ( -0.05076819457887855186, 5.653830038414538087E-16, 0.1062023635447591208 ) ) ;
#441 = CARTESIAN_POINT ( 'NONE',  ( 0.000000000000000000, -5.170700926295986467E-15, 0.1179211135447589265 ) ) ;
#442 = CARTESIAN_POINT ( 'NONE',  ( -0.02719444950558745633, 0.01570072274251516770, -0.04651341026476469437 ) ) ;
#443 = DIRECTION ( 'NONE',  ( -0.000000000000000000, -1.026720117140053010E-14, 1.000000000000000000 ) ) ;
#444 = CARTESIAN_POINT ( 'NONE',  ( 0.01812963300372498823, 0.03140144548502975946, -0.03312055312190756440 ) ) ;
#445 = FACE_OUTER_BOUND ( 'NONE', #2488, .T. ) ;
#446 =( NAMED_UNIT ( * ) SI_UNIT ( $, .STERADIAN. ) SOLID_ANGLE_UNIT ( ) );
#447 = CARTESIAN_POINT ( 'NONE',  ( -0.01812963300372496395, 0.03140144548502977334, -0.03014436264571708143 ) ) ;
#448 = CARTESIAN_POINT ( 'NONE',  ( 0.01749999999999999126, -0.01010362971081860822, 0.09604611354475892093 ) ) ;
#449 =( NAMED_UNIT ( * ) PLANE_ANGLE_UNIT ( ) SI_UNIT ( $, .RADIAN. ) );
#450 =( BOUNDED_CURVE ( )  B_SPLINE_CURVE ( 2, ( #2163, #119, #1142, #1932, #181, #3274, #2695 ),
 .UNSPECIFIED., .F., .T. ) 
 B_SPLINE_CURVE_WITH_KNOTS ( ( 3, 2, 2, 3 ),
 ( 0.2000000000000001221, 0.2111111111111112215, 0.2222222222222222932, 0.2333333333333334203 ),
 .UNSPECIFIED. ) 
 CURVE ( )  GEOMETRIC_REPRESENTATION_ITEM ( )  RATIONAL_B_SPLINE_CURVE ( ( 0.9999999999999986677, 0.8660254037844400399, 1.000000000000000000, 0.8660254037844387076, 1.000000000000000000, 0.8660254037844377084, 1.000000000000001110 ) ) 
 REPRESENTATION_ITEM ( '' )  );
#451 = CARTESIAN_POINT ( 'NONE',  ( -0.03723909236273166556, 0.02150000000000103911, 0.03384373259237728054 ) ) ;
#452 = CARTESIAN_POINT ( 'NONE',  ( 0.02538409728943926552, -0.04396654620957970300, -0.1032470412171456603 ) ) ;
#453 = ORIENTED_EDGE ( 'NONE', *, *, #2177, .T. ) ;
#454 = FACE_OUTER_BOUND ( 'NONE', #1085, .T. ) ;
#455 = CARTESIAN_POINT ( 'NONE',  ( 0.01812963300372496048, -0.03140144548502864924, -0.07701936264571707103 ) ) ;
#456 = CARTESIAN_POINT ( 'NONE',  ( -5.265981236333714212E-18, -0.04300000000000021166, -0.05172174359809723898 ) ) ;
#457 = CARTESIAN_POINT ( 'NONE',  ( -0.01812963300372498129, -0.03140144548502862842, -0.04428126740762184516 ) ) ;
#458 =( BOUNDED_CURVE ( )  B_SPLINE_CURVE ( 2, ( #607, #860, #3179, #69, #1012, #591, #2711 ),
 .UNSPECIFIED., .F., .T. ) 
 B_SPLINE_CURVE_WITH_KNOTS ( ( 3, 2, 2, 3 ),
 ( 0.6000000000000000888, 0.6111111111111112715, 0.6222222222222222321, 0.6333333333333333037 ),
 .UNSPECIFIED. ) 
 CURVE ( )  GEOMETRIC_REPRESENTATION_ITEM ( )  RATIONAL_B_SPLINE_CURVE ( ( 0.9999999999999986677, 0.8660254037844400399, 1.000000000000000000, 0.8660254037844387076, 1.000000000000000000, 0.8660254037844387076, 1.000000000000000000 ) ) 
 REPRESENTATION_ITEM ( '' )  );
#459 = CYLINDRICAL_SURFACE ( 'NONE', #2515, 0.04300000000000134270 ) ;
#460 = CARTESIAN_POINT ( 'NONE',  ( 0.03625926600744994177, 5.556136293836597276E-16, 0.01747468497333054538 ) ) ;
#461 = CARTESIAN_POINT ( 'NONE',  ( 0.03807614593415890869, -0.02198327310478958435, -0.08278573169333611204 ) ) ;
#462 = CARTESIAN_POINT ( 'NONE',  ( -3.845567970184112305E-18, -0.03140144548502864230, -0.07627531502666945462 ) ) ;
#463 = CARTESIAN_POINT ( 'NONE',  ( 0.000000000000000000, 0.04299999999999998962, 0.1118993287161555716 ) ) ;
#464 = EDGE_CURVE ( 'NONE', #2617, #977, #898, .T. ) ;
#465 = CARTESIAN_POINT ( 'NONE',  ( 0.02719444950558744939, -0.01570072274251405747, -0.05544198169333613285 ) ) ;
#466 = CARTESIAN_POINT ( 'NONE',  ( -0.02719444950558745633, 0.01570072274251516770, 0.004825875449521010996 ) ) ;
#467 = CARTESIAN_POINT ( 'NONE',  ( 0.000000000000000000, 0.03140144548502977334, -0.05172174359809803695 ) ) ;
#468 = CARTESIAN_POINT ( 'NONE',  ( 0.03625926600744993483, 5.556136293836598262E-16, 0.03309968497333053150 ) ) ;
#469 = LINE ( 'NONE', #1237, #2303 ) ;
#470 = CARTESIAN_POINT ( 'NONE',  ( -0.02538409728943929328, -0.04396654620957967524, -0.03479466026476470131 ) ) ;
#471 = CARTESIAN_POINT ( 'NONE',  ( -0.02719444950558745633, 0.01570072274251516770, -0.08445983883619326282 ) ) ;
#472 = CARTESIAN_POINT ( 'NONE',  ( 0.01812963300372496048, -0.03140144548502864924, 0.06583778021142576431 ) ) ;
#473 = ADVANCED_FACE ( 'NONE', ( #2560 ), #3327, .F. ) ;
#474 = DIRECTION ( 'NONE',  ( 0.8660254037844397068, 0.000000000000000000, 0.4999999999999979461 ) ) ;
#475 = CARTESIAN_POINT ( 'NONE',  ( 0.01812963300372496048, -0.03140144548502864924, -0.05693007693143137954 ) ) ;
#476 = ORIENTED_EDGE ( 'NONE', *, *, #2128, .T. ) ;
#477 = CARTESIAN_POINT ( 'NONE',  ( -0.03807614593415892257, -0.02198327310478955313, 0.05411903021142577819 ) ) ;
#478 = EDGE_CURVE ( 'NONE', #375, #865, #2438, .T. ) ;
#479 = CARTESIAN_POINT ( 'NONE',  ( 0.01812963300372498823, 0.03140144548502975946, 0.002593732592378155712 ) ) ;
#480 = DIRECTION ( 'NONE',  ( 1.000000000000000000, 0.000000000000000000, 0.000000000000000000 ) ) ;
#481 = CARTESIAN_POINT ( 'NONE',  ( 0.02719444950558747021, 0.01570072274251513994, 0.07030206592571147661 ) ) ;
#482 = CARTESIAN_POINT ( 'NONE',  ( 0.01812963300372496048, -0.03140144548502864924, -0.03907293407428851645 ) ) ;
#483 = CIRCLE ( 'NONE', #871, 0.01750000000000000167 ) ;
#484 = VECTOR ( 'NONE', #779, 39.37007874015748143 ) ;
#485 = ORIENTED_EDGE ( 'NONE', *, *, #2915, .T. ) ;
#486 = CARTESIAN_POINT ( 'NONE',  ( -0.02482606157515444487, 0.04300000000000150230, 0.03235563735428201998 ) ) ;
#487 = CARTESIAN_POINT ( 'NONE',  ( 0.05076819457887855186, 5.529483824435511225E-16, -0.1002708507409551947 ) ) ;
#488 = VECTOR ( 'NONE', #268, 39.37007874015748143 ) ;
#489 = CARTESIAN_POINT ( 'NONE',  ( 0.01812963300372498823, 0.03140144548502975946, 0.05393301830666386715 ) ) ;
#490 = CARTESIAN_POINT ( 'NONE',  ( -0.01812963300372498129, -0.03140144548502862842, 0.06286158973523528481 ) ) ;
#491 = CARTESIAN_POINT ( 'NONE',  ( 0.000000000000000000, -1.453607026109205299E-16, -0.1179211135447590930 ) ) ;
#492 = ADVANCED_FACE ( 'NONE', ( #1802 ), #1862, .F. ) ;
#493 = CARTESIAN_POINT ( 'NONE',  ( 0.02719444950558744939, -0.01570072274251405747, 0.03384373259237816178 ) ) ;
#494 = EDGE_LOOP ( 'NONE', ( #212, #1546, #49, #3401, #163, #2245, #680, #837, #343, #324, #1884, #725, #856, #812, #826, #364, #744, #2809, #2862, #1028, #3183, #3020, #2976, #2460, #741, #3417, #774, #3038, #2418, #1476, #562, #36, #309 ) ) ;
#495 = CARTESIAN_POINT ( 'NONE',  ( -0.05076819457887855186, 5.653830038414538087E-16, 0.05263093497333055232 ) ) ;
#496 = CARTESIAN_POINT ( 'NONE',  ( -0.03807614593415892257, -0.02198327310478955313, -0.03516668407428850257 ) ) ;
#497 = UNCERTAINTY_MEASURE_WITH_UNIT (LENGTH_MEASURE( 1.000000000000000082E-05 ), #3389, 'distance_accuracy_value', 'NONE');
#498 = CARTESIAN_POINT ( 'NONE',  ( 0.04965212315030870238, 5.531534014389438267E-16, 0.006313970687617030501 ) ) ;
#499 = CARTESIAN_POINT ( 'NONE',  ( -0.04965212315030889667, 5.653146641763228744E-16, -0.03609674359809891125 ) ) ;
#500 = CARTESIAN_POINT ( 'NONE',  ( 0.02719444950558747021, 0.01570072274251513994, -0.1060372197885742218 ) ) ;
#501 = CARTESIAN_POINT ( 'NONE',  ( 0.01812963300372496048, -0.03140144548502864924, -0.005590791217145652491 ) ) ;
#502 = EDGE_LOOP ( 'NONE', ( #2017, #219, #453, #1393 ) ) ;
#503 = CARTESIAN_POINT ( 'NONE',  ( -0.03723909236273167944, -0.02149999999999989420, 0.07253420878285345152 ) ) ;
#504 = CARTESIAN_POINT ( 'NONE',  ( -5.384349008512664934E-18, -0.04396654620957968912, -0.1047351364552408931 ) ) ;
#505 = ORIENTED_EDGE ( 'NONE', *, *, #112, .F. ) ;
#506 = CARTESIAN_POINT ( 'NONE',  ( -0.01812963300372496395, 0.03140144548502977334, 0.07476635163999718892 ) ) ;
#507 = DIRECTION ( 'NONE',  ( -0.000000000000000000, -1.026720117140053010E-14, 1.000000000000000000 ) ) ;
#508 = CARTESIAN_POINT ( 'NONE',  ( -0.02482606157515444487, 0.04300000000000150230, -0.07478721978857510999 ) ) ;
#509 = CARTESIAN_POINT ( 'NONE',  ( 0.02719444950558744939, -0.01570072274251405747, 0.01598658973523528828 ) ) ;
#510 = CARTESIAN_POINT ( 'NONE',  ( -0.02719444950558745633, 0.01570072274251516770, 0.007058018306663866280 ) ) ;
#511 = ORIENTED_EDGE ( 'NONE', *, *, #981, .F. ) ;
#512 = CARTESIAN_POINT ( 'NONE',  ( -0.02538409728943929328, -0.04396654620957967524, -0.08725001740762182434 ) ) ;
#513 = CARTESIAN_POINT ( 'NONE',  ( -0.01812963300372498129, -0.03140144548502862842, 0.08071873259237816178 ) ) ;
#514 = FACE_OUTER_BOUND ( 'NONE', #906, .T. ) ;
#515 = CARTESIAN_POINT ( 'NONE',  ( 0.02482606157515409098, 0.04300000000000180761, -0.07999555312190674561 ) ) ;
#516 = ORIENTED_EDGE ( 'NONE', *, *, #1071, .F. ) ;
#517 = CARTESIAN_POINT ( 'NONE',  ( -0.01812963300372498129, -0.03140144548502862842, 0.01152230402094957772 ) ) ;
#518 = CARTESIAN_POINT ( 'NONE',  ( -3.845567970184112305E-18, -0.03140144548502864230, 0.1022961135447590791 ) ) ;
#519 = ORIENTED_EDGE ( 'NONE', *, *, #304, .F. ) ;
#520 = DIRECTION ( 'NONE',  ( 0.000000000000000000, 1.000000000000000000, 1.027317512505789323E-14 ) ) ;
#521 = CARTESIAN_POINT ( 'NONE',  ( -5.384349008512664934E-18, -0.04396654620957968912, 0.002407720687616239901 ) ) ;
#522 = VERTEX_POINT ( 'NONE', #2033 ) ;
#523 = CARTESIAN_POINT ( 'NONE',  ( 0.02719444950558744939, -0.01570072274251405747, 0.06732587544952099712 ) ) ;
#524 = DIRECTION ( 'NONE',  ( -0.000000000000000000, -1.026720117140053010E-14, 1.000000000000000000 ) ) ;
#525 = CARTESIAN_POINT ( 'NONE',  ( -0.02719444950558745633, 0.01570072274251516770, -0.01079912455047899247 ) ) ;
#526 = CARTESIAN_POINT ( 'NONE',  ( 0.02719444950558747021, 0.01570072274251513994, 0.05467706592571149049 ) ) ;
#527 = VERTEX_POINT ( 'NONE', #2322 ) ;
#528 = CARTESIAN_POINT ( 'NONE',  ( 0.03665129128355679861, -0.02248739307362937825, 0.1118993287161502703 ) ) ;
#529 = CARTESIAN_POINT ( 'NONE',  ( -0.02719444950558745633, 0.01570072274251516770, 0.04277230402094958639 ) ) ;
#530 = CARTESIAN_POINT ( 'NONE',  ( -0.02719444950558745633, -0.01570072274251403666, -0.01005507693143136393 ) ) ;
#531 = DIRECTION ( 'NONE',  ( -0.000000000000000000, -0.000000000000000000, 1.000000000000000000 ) ) ;
#532 = CARTESIAN_POINT ( 'NONE',  ( -0.03807614593415891563, 0.02198327310479069457, 0.03216962544952099018 ) ) ;
#533 = FACE_OUTER_BOUND ( 'NONE', #1134, .T. ) ;
#534 = DIRECTION ( 'NONE',  ( 0.000000000000000000, -1.000000000000000000, -1.032384416210299843E-14 ) ) ;
#535 = CARTESIAN_POINT ( 'NONE',  ( -0.02482606157515444487, 0.04300000000000150230, -0.05693007693143223996 ) ) ;
#536 = CARTESIAN_POINT ( 'NONE',  ( 0.02715658768064195192, 0.03017516302517405519, 0.1140367325412043609 ) ) ;
#537 =( BOUNDED_CURVE ( )  B_SPLINE_CURVE ( 2, ( #1751, #3319, #2266, #299, #1718, #2741, #1448 ),
 .UNSPECIFIED., .F., .F. ) 
 B_SPLINE_CURVE_WITH_KNOTS ( ( 3, 2, 2, 3 ),
 ( 0.1666666666666666574, 0.1777777777777778123, 0.1888888888888889672, 0.2000000000000001221 ),
 .UNSPECIFIED. ) 
 CURVE ( )  GEOMETRIC_REPRESENTATION_ITEM ( )  RATIONAL_B_SPLINE_CURVE ( ( 1.000000000000000000, 0.8660254037844387076, 1.000000000000000000, 0.8660254037844387076, 1.000000000000000000, 0.8660254037844373753, 1.000000000000001332 ) ) 
 REPRESENTATION_ITEM ( '' )  );
#538 = VECTOR ( 'NONE', #1056, 39.37007874015748143 ) ;
#539 = CARTESIAN_POINT ( 'NONE',  ( -0.02719444950558745633, -0.01570072274251403666, 0.06360563735428291510 ) ) ;
#540 = VECTOR ( 'NONE', #507, 39.37007874015748143 ) ;
#541 = CARTESIAN_POINT ( 'NONE',  ( 0.000000000000000000, 0.04396654620958081322, -0.04111906502666945462 ) ) ;
#542 = CARTESIAN_POINT ( 'NONE',  ( -0.03807614593415891563, 0.02198327310479069457, 0.05114283973523529175 ) ) ;
#543 = DIRECTION ( 'NONE',  ( -1.000000000000000000, 0.000000000000000000, -0.000000000000000000 ) ) ;
#544 = CARTESIAN_POINT ( 'NONE',  ( 0.03625926600744993483, 5.556136293836598262E-16, 0.1223853992590448053 ) ) ;
#545 = CARTESIAN_POINT ( 'NONE',  ( -5.265981236333714212E-18, -0.04300000000000021166, -0.08743602931238295128 ) ) ;
#546 = CARTESIAN_POINT ( 'NONE',  ( 0.01812963300372498823, 0.03140144548502975946, -0.07106698169333612591 ) ) ;
#547 = EDGE_LOOP ( 'NONE', ( #241, #1265, #2774, #1605, #331 ) ) ;
#548 = CARTESIAN_POINT ( 'NONE',  ( 0.01812963300372498823, 0.03140144548502975946, 0.05616516116380671636 ) ) ;
#549 = CARTESIAN_POINT ( 'NONE',  ( 0.01812963300372496048, -0.03140144548502864924, 0.04798063735428292897 ) ) ;
#550 = EDGE_CURVE ( 'NONE', #827, #1660, #1816, .T. ) ;
#551 = CARTESIAN_POINT ( 'NONE',  ( -0.02482606157515446221, -0.04300000000000035738, -0.1045491245504798494 ) ) ;
#552 = CARTESIAN_POINT ( 'NONE',  ( 0.03807614593415890869, -0.02198327310478958435, 0.05895533973523528481 ) ) ;
#553 = VERTEX_POINT ( 'NONE', #3090 ) ;
#554 = CARTESIAN_POINT ( 'NONE',  ( 0.000000000000000000, -0.04300000000000148842, -0.1179211135447595232 ) ) ;
#555 = FACE_OUTER_BOUND ( 'NONE', #238, .T. ) ;
#556 = CARTESIAN_POINT ( 'NONE',  ( -0.03723909236273154066, -0.02149999999999982134, -0.03684079121714486926 ) ) ;
#557 = CARTESIAN_POINT ( 'NONE',  ( 0.03625926600744993483, 5.556136293836598262E-16, 0.03533182783047338765 ) ) ;
#558 = PLANE ( 'NONE',  #1210 ) ;
#559 = EDGE_CURVE ( 'NONE', #2227, #2909, #1545, .T. ) ;
#560 = CARTESIAN_POINT ( 'NONE',  ( -0.03807614593415892257, -0.02198327310478955313, -0.1423095412171456464 ) ) ;
#561 = CARTESIAN_POINT ( 'NONE',  ( 0.000000000000000000, -1.453607026109205299E-16, -0.1179211135447590930 ) ) ;
#562 = ORIENTED_EDGE ( 'NONE', *, *, #1764, .T. ) ;
#563 = CARTESIAN_POINT ( 'NONE',  ( -0.02719444950558745633, -0.01570072274251403666, -0.007822934074288507775 ) ) ;
#564 = CARTESIAN_POINT ( 'NONE',  ( -0.01812963300372496395, 0.03140144548502977334, 0.05690920878285433970 ) ) ;
#565 = CARTESIAN_POINT ( 'NONE',  ( -0.02482606157515451772, 0.04300000000000137740, -0.02121579121714653113 ) ) ;
#566 = CARTESIAN_POINT ( 'NONE',  ( -0.02482606157515458711, 0.04300000000000124556, 0.06806992306856775310 ) ) ;
#567 = CARTESIAN_POINT ( 'NONE',  ( 0.03807614593415890869, -0.02198327310478958435, 0.005383911163806725034 ) ) ;
#568 = EDGE_LOOP ( 'NONE', ( #1767, #2929, #138, #643 ) ) ;
#569 = DIRECTION ( 'NONE',  ( -0.000000000000000000, -1.026720117140053010E-14, 1.000000000000000000 ) ) ;
#570 = CARTESIAN_POINT ( 'NONE',  ( 0.01476549154863926114, 0.01168239890131274154, 0.1163423443542627583 ) ) ;
#571 = FACE_OUTER_BOUND ( 'NONE', #2186, .T. ) ;
#572 = FACE_OUTER_BOUND ( 'NONE', #1205, .T. ) ;
#573 = DIRECTION ( 'NONE',  ( -1.000000000000000000, -2.112365858741787567E-16, 0.000000000000000000 ) ) ;
#574 = CARTESIAN_POINT ( 'NONE',  ( 0.000000000000000000, 0.03140144548502977334, 0.004081827830473381581 ) ) ;
#575 = PLANE ( 'NONE',  #1868 ) ;
#576 = CARTESIAN_POINT ( 'NONE',  ( 0.006190785505797050808, 0.03140144548502977334, -0.1236584598098182802 ) ) ;
#577 = EDGE_LOOP ( 'NONE', ( #1938, #3136, #1663, #2704 ) ) ;
#578 = CARTESIAN_POINT ( 'NONE',  ( 0.03807614593415893645, 0.02198327310479065988, -0.06195239836000278333 ) ) ;
#579 = CARTESIAN_POINT ( 'NONE',  ( 0.000000000000000000, 0.03140144548502977334, 0.1089925421161876823 ) ) ;
#580 = CARTESIAN_POINT ( 'NONE',  ( 0.000000000000000000, 0.04300000000000134270, -0.07850745788381151280 ) ) ;
#581 = DIRECTION ( 'NONE',  ( -0.000000000000000000, -1.026720117140053010E-14, 1.000000000000000000 ) ) ;
#582 = CARTESIAN_POINT ( 'NONE',  ( 0.02719444950558744939, -0.01570072274251405747, 0.05170087544952100406 ) ) ;
#583 = CARTESIAN_POINT ( 'NONE',  ( -0.02719444950558745633, 0.01570072274251516770, 0.05839730402094957251 ) ) ;
#584 = CARTESIAN_POINT ( 'NONE',  ( -0.02719444950558745633, 0.01570072274251516770, 0.1142008754495209832 ) ) ;
#585 = ORIENTED_EDGE ( 'NONE', *, *, #635, .F. ) ;
#586 = CARTESIAN_POINT ( 'NONE',  ( 0.03807614593415890869, -0.02198327310478958435, 0.006499982592378152242 ) ) ;
#587 = CARTESIAN_POINT ( 'NONE',  ( 0.02538409728943926552, -0.04396654620957970300, 0.02175295878285434317 ) ) ;
#588 = ORIENTED_EDGE ( 'NONE', *, *, #366, .T. ) ;
#589 = CARTESIAN_POINT ( 'NONE',  ( 0.000000000000000000, 0.03828648739514820681, 0.1151997657735192304 ) ) ;
#590 = LINE ( 'NONE', #796, #2087 ) ;
#591 = CARTESIAN_POINT ( 'NONE',  ( -0.02482606157515446221, -0.04300000000000035738, 0.02045087544952011588 ) ) ;
#592 = CARTESIAN_POINT ( 'NONE',  ( -0.01812963300372496395, 0.03140144548502977334, 0.07699849449714003813 ) ) ;
#593 = CARTESIAN_POINT ( 'NONE',  ( -0.02719444950558745633, 0.01570072274251516770, -0.1201741245504789890 ) ) ;
#594 = VERTEX_POINT ( 'NONE', #1792 ) ;
#595 = AXIS2_PLACEMENT_3D ( 'NONE', #3310, #2344, #520 ) ;
#596 = AXIS2_PLACEMENT_3D ( 'NONE', #2611, #2921, #284 ) ;
#597 = CARTESIAN_POINT ( 'NONE',  ( -0.01177313743875150510, 0.01341003535216712429, 0.1152063758007279004 ) ) ;
#598 = EDGE_CURVE ( 'NONE', #2909, #1298, #2129, .T. ) ;
#599 = CARTESIAN_POINT ( 'NONE',  ( 0.02719444950558747021, 0.01570072274251513994, 0.1082484944971400520 ) ) ;
#600 = CARTESIAN_POINT ( 'NONE',  ( 0.03625926600744993483, 5.556136293836598262E-16, 0.05095682783047338071 ) ) ;
#601 = CARTESIAN_POINT ( 'NONE',  ( -0.04965212315030870238, 5.653146641763230716E-16, 0.01524254211618846812 ) ) ;
#602 = EDGE_LOOP ( 'NONE', ( #2745, #2791, #1096, #2665, #1733 ) ) ;
#603 = CARTESIAN_POINT ( 'NONE',  ( -5.384349008512664934E-18, -0.04396654620957968912, 0.1095505778304733668 ) ) ;
#604 = EDGE_LOOP ( 'NONE', ( #2138, #2387, #395, #3198 ) ) ;
#605 = DIRECTION ( 'NONE',  ( 0.000000000000000000, -1.000000000000000000, -1.032384416210299843E-14 ) ) ;
#606 = CARTESIAN_POINT ( 'NONE',  ( 0.01749999999999999126, 0.01010362971082336310, 0.1179211135447589265 ) ) ;
#607 = CARTESIAN_POINT ( 'NONE',  ( 0.000000000000000000, 0.04300000000000150230, 0.01301039925904395010 ) ) ;
#608 = CARTESIAN_POINT ( 'NONE',  ( -0.03625926600744993483, 5.644945881947510718E-16, 0.09783182783047336684 ) ) ;
#609 = CARTESIAN_POINT ( 'NONE',  ( -0.02719444950558745633, 0.01570072274251516770, -0.1023169816933361259 ) ) ;
#610 = CARTESIAN_POINT ( 'NONE',  ( 0.000000000000000000, 0.03140144548502977334, -0.08743602931238375620 ) ) ;
#611 = ORIENTED_EDGE ( 'NONE', *, *, #68, .F. ) ;
#612 = CARTESIAN_POINT ( 'NONE',  ( -0.02719444950558745633, 0.01570072274251516770, 0.09411158973523528481 ) ) ;
#613 = CARTESIAN_POINT ( 'NONE',  ( 0.000000000000000000, -1.453607026109205299E-16, -0.1179211135447590930 ) ) ;
#614 = B_SPLINE_CURVE_WITH_KNOTS ( 'NONE', 3,
 ( #3329, #3034, #1250, #388, #1763, #677, #965, #3073 ),
 .UNSPECIFIED., .F., .F.,
 ( 4, 2, 2, 4 ),
 ( 0.0005916426033588742268, 0.001134151793159070666, 0.001405406388059169103, 0.001676660982959266889 ),
 .UNSPECIFIED. ) ;
#615 = CARTESIAN_POINT ( 'NONE',  ( 0.01812963300372496048, -0.03140144548502864924, 0.1216413516399971889 ) ) ;
#616 = CARTESIAN_POINT ( 'NONE',  ( -0.03625926600744993483, 5.644945881947510718E-16, 0.05988539925904483308 ) ) ;
#617 =( CONVERSION_BASED_UNIT ( 'INCH', #1390 ) LENGTH_UNIT ( ) NAMED_UNIT ( #2156 ) );
#618 = CARTESIAN_POINT ( 'NONE',  ( 0.05076819457887855186, 5.529483824435511225E-16, -0.009869065026669465029 ) ) ;
#619 = CARTESIAN_POINT ( 'NONE',  ( -0.03807614593415892257, -0.02198327310478955313, 0.07086010163999718892 ) ) ;
#620 = ORIENTED_EDGE ( 'NONE', *, *, #2683, .F. ) ;
#621 = CARTESIAN_POINT ( 'NONE',  ( -5.265981236333714212E-18, -0.04300000000000021166, 0.001849684973331320367 ) ) ;
#622 = EDGE_CURVE ( 'NONE', #867, #2785, #945, .T. ) ;
#623 = ORIENTED_EDGE ( 'NONE', *, *, #1502, .F. ) ;
#624 = CARTESIAN_POINT ( 'NONE',  ( -0.05076819457887855186, 5.653830038414538087E-16, -0.1270565650266694824 ) ) ;
#625 = LINE ( 'NONE', #3320, #2687 ) ;
#626 = CARTESIAN_POINT ( 'NONE',  ( -0.01812963300372496395, 0.03140144548502977334, -0.01451936264571709011 ) ) ;
#627 = CARTESIAN_POINT ( 'NONE',  ( 0.02719444950558744939, -0.01570072274251405747, -0.1112455531219075505 ) ) ;
#628 = ORIENTED_EDGE ( 'NONE', *, *, #1958, .F. ) ;
#629 = VERTEX_POINT ( 'NONE', #1281 ) ;
#630 = UNCERTAINTY_MEASURE_WITH_UNIT (LENGTH_MEASURE( 1.000000000000000082E-05 ), #617, 'distance_accuracy_value', 'NONE');
#631 = CARTESIAN_POINT ( 'NONE',  ( -0.01750000000000000860, 0.01010362971081831505, 0.09604611354475892093 ) ) ;
#632 = CARTESIAN_POINT ( 'NONE',  ( -0.02482606157515463222, 0.04300000000000084310, -0.07701936264571626611 ) ) ;
#633 = EDGE_CURVE ( 'NONE', #1407, #2840, #1388, .T. ) ;
#634 = CARTESIAN_POINT ( 'NONE',  ( -0.01812963300372496395, 0.03140144548502977334, 0.07699849449714003813 ) ) ;
#635 = EDGE_CURVE ( 'NONE', #2942, #827, #3013, .T. ) ;
#636 = CARTESIAN_POINT ( 'NONE',  ( -0.01812963300372498129, -0.03140144548502862842, 0.09857587544952098324 ) ) ;
#637 = ORIENTED_EDGE ( 'NONE', *, *, #383, .T. ) ;
#638 = CARTESIAN_POINT ( 'NONE',  ( 0.05076819457887855186, 5.529483824435511225E-16, 0.1318720064019019422 ) ) ;
#639 = CARTESIAN_POINT ( 'NONE',  ( -5.384349008512664934E-18, -0.04396654620957968912, -0.1214762078838123177 ) ) ;
#640 = CARTESIAN_POINT ( 'NONE',  ( 0.04965212315030889667, 5.531534014389438267E-16, 0.06211754211618680105 ) ) ;
#641 = CARTESIAN_POINT ( 'NONE',  ( -0.03723909236273154066, -0.02149999999999982134, -0.001126505502859147636 ) ) ;
#642 = ORIENTED_EDGE ( 'NONE', *, *, #897, .F. ) ;
#643 = ORIENTED_EDGE ( 'NONE', *, *, #1454, .F. ) ;
#644 = EDGE_CURVE ( 'NONE', #527, #3213, #848, .T. ) ;
#645 = DIRECTION ( 'NONE',  ( 0.000000000000000000, -1.000000000000000000, -1.014479749797830643E-14 ) ) ;
#646 = CARTESIAN_POINT ( 'NONE',  ( -0.01812963300372496395, 0.03140144548502977334, 0.09485563735428291510 ) ) ;
#647 = CARTESIAN_POINT ( 'NONE',  ( 0.01812963300372498823, 0.03140144548502975946, -0.01749555312190755746 ) ) ;
#648 = VECTOR ( 'NONE', #691, 39.37007874015747433 ) ;
#649 = CARTESIAN_POINT ( 'NONE',  ( -5.265981236333714212E-18, -0.04300000000000021166, 0.05542111354475989099 ) ) ;
#650 = DIRECTION ( 'NONE',  ( 0.000000000000000000, -1.000000000000000000, -1.032384416210299843E-14 ) ) ;
#651 = AXIS2_PLACEMENT_3D ( 'NONE', #2947, #3119, #1413 ) ;
#652 = VERTEX_POINT ( 'NONE', #1878 ) ;
#653 = CARTESIAN_POINT ( 'NONE',  ( 0.03625926600744994177, 5.556136293836597276E-16, -0.1075253150266694546 ) ) ;
#654 = VECTOR ( 'NONE', #966, 39.37007874015748854 ) ;
#655 = CARTESIAN_POINT ( 'NONE',  ( 0.02899544681572035348, 0.01205466061347440845, -0.1242399319409027425 ) ) ;
#656 = CARTESIAN_POINT ( 'NONE',  ( -5.384349008512664934E-18, -0.04396654620957968912, 0.09169343497333051762 ) ) ;
#657 = CARTESIAN_POINT ( 'NONE',  ( 0.01359037414834595413, -0.03123087929044250990, 0.1179211135447586073 ) ) ;
#658 = CARTESIAN_POINT ( 'NONE',  ( -0.01812963300372496395, 0.03140144548502977334, -0.1015729340742885095 ) ) ;
#659 = CARTESIAN_POINT ( 'NONE',  ( 0.03723909236273165863, -0.02149999999999992889, 0.07848658973523441051 ) ) ;
#660 = EDGE_CURVE ( 'NONE', #1204, #652, #1864, .T. ) ;
#661 = ORIENTED_EDGE ( 'NONE', *, *, #1510, .T. ) ;
#662 = CARTESIAN_POINT ( 'NONE',  ( 0.02538409728943926552, -0.04396654620957970300, 0.04072617306856864822 ) ) ;
#663 = ORIENTED_EDGE ( 'NONE', *, *, #1458, .F. ) ;
#664 = CARTESIAN_POINT ( 'NONE',  ( -0.03390924567042277737, -0.005789910022022810333, 0.1179211135447587322 ) ) ;
#665 = CARTESIAN_POINT ( 'NONE',  ( 0.01812963300372498823, 0.03140144548502975946, 0.01821873259237814444 ) ) ;
#666 = ORIENTED_EDGE ( 'NONE', *, *, #54, .T. ) ;
#667 = CARTESIAN_POINT ( 'NONE',  ( 0.000000000000000000, 0.04300000000000134270, -0.09636460074095440365 ) ) ;
#668 = CARTESIAN_POINT ( 'NONE',  ( 0.04965212315030889667, 5.531534014389438267E-16, -0.06288245788381320589 ) ) ;
#669 = EDGE_CURVE ( 'NONE', #1843, #375, #1642, .T. ) ;
#670 = CARTESIAN_POINT ( 'NONE',  ( -0.02719444950558745633, 0.01570072274251516770, 0.05839730402094957251 ) ) ;
#671 = CARTESIAN_POINT ( 'NONE',  ( 0.02821324139413847534, 0.01393612342920574031, -0.1240616092036205403 ) ) ;
#672 = DIRECTION ( 'NONE',  ( -0.000000000000000000, -1.026720117140053010E-14, 1.000000000000000000 ) ) ;
#673 = CARTESIAN_POINT ( 'NONE',  ( 0.000000000000000000, -1.453607026109205299E-16, -0.1179211135447590930 ) ) ;
#674 =( BOUNDED_CURVE ( )  B_SPLINE_CURVE ( 2, ( #373, #980, #3016, #130, #3052, #406, #179 ),
 .UNSPECIFIED., .F., .F. ) 
 B_SPLINE_CURVE_WITH_KNOTS ( ( 3, 2, 2, 3 ),
 ( 0.6666666666666666297, 0.6777777777777777013, 0.6888888888888888840, 0.6999999999999999556 ),
 .UNSPECIFIED. ) 
 CURVE ( )  GEOMETRIC_REPRESENTATION_ITEM ( )  RATIONAL_B_SPLINE_CURVE ( ( 1.000000000000001332, 0.8660254037844373753, 1.000000000000000000, 0.8660254037844387076, 1.000000000000000000, 0.8660254037844387076, 1.000000000000000000 ) ) 
 REPRESENTATION_ITEM ( '' )  );
#675 = VERTEX_POINT ( 'NONE', #67 ) ;
#676 = CARTESIAN_POINT ( 'NONE',  ( 0.01812963300372498823, 0.03140144548502975946, -0.1224062674076218521 ) ) ;
#677 = CARTESIAN_POINT ( 'NONE',  ( 0.02702140641775528651, 0.01882188273894912223, -0.1228952625235682494 ) ) ;
#678 = CARTESIAN_POINT ( 'NONE',  ( -0.01812963300372496395, 0.03140144548502977334, -0.1194300769314313587 ) ) ;
#679 = CARTESIAN_POINT ( 'NONE',  ( 0.000000000000000000, -1.453607026109205299E-16, -0.1179211135447590930 ) ) ;
#680 = ORIENTED_EDGE ( 'NONE', *, *, #1026, .T. ) ;
#681 = DIRECTION ( 'NONE',  ( -0.000000000000000000, -1.026720117140053010E-14, 1.000000000000000000 ) ) ;
#682 = CARTESIAN_POINT ( 'NONE',  ( 0.01812963300372496048, -0.03140144548502864924, -0.09487650550285993412 ) ) ;
#683 = CARTESIAN_POINT ( 'NONE',  ( 0.03625926600744994177, 5.556136293836597276E-16, -0.03832888645524088617 ) ) ;
#684 = CARTESIAN_POINT ( 'NONE',  ( 0.01812963300372498823, 0.03140144548502975946, -0.01749555312190755746 ) ) ;
#685 = ORIENTED_EDGE ( 'NONE', *, *, #1097, .F. ) ;
#686 = CARTESIAN_POINT ( 'NONE',  ( 0.03625926600744993483, 5.556136293836598262E-16, -0.07181102931238374232 ) ) ;
#687 = EDGE_CURVE ( 'NONE', #1427, #2942, #2709, .T. ) ;
#688 = CARTESIAN_POINT ( 'NONE',  ( 0.009796084097853152706, -0.03724172209386891752, -0.1174445133133742575 ) ) ;
#689 = CARTESIAN_POINT ( 'NONE',  ( -0.02538409728943929328, -0.04396654620957967524, -0.03367858883619325588 ) ) ;
#690 = CARTESIAN_POINT ( 'NONE',  ( 0.01812963300372496048, -0.03140144548502864924, -0.07478721978857420793 ) ) ;
#691 = DIRECTION ( 'NONE',  ( 0.000000000000000000, 0.8191520442889893561, -0.5735764363510498232 ) ) ;
#692 = ORIENTED_EDGE ( 'NONE', *, *, #1756, .F. ) ;
#693 = CARTESIAN_POINT ( 'NONE',  ( 0.000000000000000000, 0.03140144548502977334, -0.04948960074095518080 ) ) ;
#694 = CARTESIAN_POINT ( 'NONE',  ( 0.006688174954720058074, -0.03235229100961559134, 0.1179211135447595787 ) ) ;
#695 = CARTESIAN_POINT ( 'NONE',  ( 0.02719444950558744939, -0.01570072274251405747, -0.1090134102647646874 ) ) ;
#696 = CYLINDRICAL_SURFACE ( 'NONE', #2475, 0.04300000000000134270 ) ;
#697 = CARTESIAN_POINT ( 'NONE',  ( -5.384349008512664934E-18, -0.04396654620957968912, 0.02138093497333054538 ) ) ;
#698 = EDGE_LOOP ( 'NONE', ( #776, #1287 ) ) ;
#699 = CARTESIAN_POINT ( 'NONE',  ( 0.01957612512610205219, -0.02828666337777428763, 0.1179211135447584824 ) ) ;
#700 = CARTESIAN_POINT ( 'NONE',  ( 0.000000000000000000, 0.04300000000000150230, -0.07627531502667034280 ) ) ;
#701 = CARTESIAN_POINT ( 'NONE',  ( -0.03723909236273166556, 0.02150000000000103911, -0.001870553121908438915 ) ) ;
#702 = CARTESIAN_POINT ( 'NONE',  ( 0.01812963300372498823, 0.03140144548502975946, -0.1067812674076218382 ) ) ;
#703 = CARTESIAN_POINT ( 'NONE',  ( -0.02719444950558745633, -0.01570072274251403666, -0.04576936264571708490 ) ) ;
#704 = CARTESIAN_POINT ( 'NONE',  ( 0.000000000000000000, 0.03140144548502977334, -0.01600745788381231771 ) ) ;
#705 =( BOUNDED_CURVE ( )  B_SPLINE_CURVE ( 2, ( #2064, #424, #3120, #1264, #2305, #2047, #1493 ),
 .UNSPECIFIED., .F., .T. ) 
 B_SPLINE_CURVE_WITH_KNOTS ( ( 3, 2, 2, 3 ),
 ( 0.1999999999999999556, 0.2111111111111111382, 0.2222222222222222376, 0.2333333333333333093 ),
 .UNSPECIFIED. ) 
 CURVE ( )  GEOMETRIC_REPRESENTATION_ITEM ( )  RATIONAL_B_SPLINE_CURVE ( ( 1.000000000000000000, 0.8660254037844387076, 1.000000000000000000, 0.8660254037844387076, 1.000000000000000000, 0.8660254037844383745, 1.000000000000000222 ) ) 
 REPRESENTATION_ITEM ( '' )  );
#706 = CARTESIAN_POINT ( 'NONE',  ( 0.03723909236273155454, 0.02150000000000092809, -0.02791221978857344466 ) ) ;
#707 = CARTESIAN_POINT ( 'NONE',  ( -0.03625926600744993483, 5.644945881947510718E-16, -0.06288245788381231771 ) ) ;
#708 = CARTESIAN_POINT ( 'NONE',  ( 0.000000000000000000, 0.04300000000000134270, -0.02493602931238296169 ) ) ;
#709 = CARTESIAN_POINT ( 'NONE',  ( 0.03807614593415890869, -0.02198327310478958435, -0.02921430312190755052 ) ) ;
#710 = CARTESIAN_POINT ( 'NONE',  ( -0.02719444950558745633, 0.01570072274251516770, -0.04651341026476469437 ) ) ;
#711 = CARTESIAN_POINT ( 'NONE',  ( 0.02719444950558747021, 0.01570072274251513994, 0.1238734944971400381 ) ) ;
#712 = VECTOR ( 'NONE', #3291, 39.37007874015748854 ) ;
#713 = AXIS2_PLACEMENT_3D ( 'NONE', #348, #573, #2456 ) ;
#714 = CARTESIAN_POINT ( 'NONE',  ( 0.03625926600744993483, 5.556136293836598262E-16, -0.1075253150266694546 ) ) ;
#715 = CARTESIAN_POINT ( 'NONE',  ( -0.008749999999999757971, 0.01515544456622767815, 0.09604611354475892093 ) ) ;
#716 = CARTESIAN_POINT ( 'NONE',  ( 0.01812963300372496048, -0.03140144548502864924, -0.05916221978857422875 ) ) ;
#717 = AXIS2_PLACEMENT_3D ( 'NONE', #2895, #2073, #3113 ) ;
#718 = DIRECTION ( 'NONE',  ( 1.000000000000000000, 0.000000000000000000, 0.000000000000000000 ) ) ;
#719 = CARTESIAN_POINT ( 'NONE',  ( -5.265981236333733472E-18, -0.04300000000000036432, -0.03163245788381320589 ) ) ;
#720 = CARTESIAN_POINT ( 'NONE',  ( 0.02538409728943926552, -0.04396654620957970300, -0.04967561264571709878 ) ) ;
#721 = EDGE_CURVE ( 'NONE', #522, #2978, #3068, .T. ) ;
#722 = CARTESIAN_POINT ( 'NONE',  ( -0.01812963300372498129, -0.03140144548502862842, -0.1335669816933361120 ) ) ;
#723 = CARTESIAN_POINT ( 'NONE',  ( -3.845567970184112305E-18, -0.03140144548502864230, 0.1179211135447591069 ) ) ;
#724 = CARTESIAN_POINT ( 'NONE',  ( -0.02719444950558745633, -0.01570072274251403666, -0.01005507693143136393 ) ) ;
#725 = ORIENTED_EDGE ( 'NONE', *, *, #989, .T. ) ;
#726 = CARTESIAN_POINT ( 'NONE',  ( -0.02719444950558745633, 0.01570072274251516770, 0.02491516116380670942 ) ) ;
#727 = CARTESIAN_POINT ( 'NONE',  ( -0.05076819457887855186, 5.653830038414538087E-16, -0.01879763645524088617 ) ) ;
#728 = CARTESIAN_POINT ( 'NONE',  ( 0.02719444950558744939, -0.01570072274251405747, -0.01972769597905041361 ) ) ;
#729 = CARTESIAN_POINT ( 'NONE',  ( -0.01750000000000000167, -0.01010362971081859434, 0.09604611354475892093 ) ) ;
#730 = CARTESIAN_POINT ( 'NONE',  ( -0.01812963300372498129, -0.03140144548502862842, -0.1134776959790504275 ) ) ;
#731 = APPLICATION_PROTOCOL_DEFINITION ( 'draft international standard', 'automotive_design', 1998, #1583 ) ;
#732 = CARTESIAN_POINT ( 'NONE',  ( -0.04965212315030889667, 5.653146641763228744E-16, -0.07181102931238461662 ) ) ;
#733 = CARTESIAN_POINT ( 'NONE',  ( 0.01812963300372496048, -0.03140144548502864924, 0.04798063735428292897 ) ) ;
#734 = CARTESIAN_POINT ( 'NONE',  ( -0.05076819457887855186, 5.653830038414538087E-16, -0.03777085074095518774 ) ) ;
#735 = CARTESIAN_POINT ( 'NONE',  ( 0.03625926600744993483, 5.556136293836598262E-16, -0.1097574578838123038 ) ) ;
#736 = EDGE_CURVE ( 'NONE', #3405, #2722, #1024, .T. ) ;
#737 = LINE ( 'NONE', #1799, #1213 ) ;
#738 = CARTESIAN_POINT ( 'NONE',  ( -0.01812963300372496395, 0.03140144548502977334, 0.02342706592571148355 ) ) ;
#739 = CARTESIAN_POINT ( 'NONE',  ( 0.02538409728943926552, -0.04396654620957970300, -0.1021309697885742218 ) ) ;
#740 = CARTESIAN_POINT ( 'NONE',  ( -3.845567970184112305E-18, -0.03140144548502864230, -0.04056102931238375620 ) ) ;
#741 = ORIENTED_EDGE ( 'NONE', *, *, #2408, .T. ) ;
#742 = CARTESIAN_POINT ( 'NONE',  ( -0.01812963300372498129, -0.03140144548502862842, -0.04204912455047898207 ) ) ;
#743 = DIRECTION ( 'NONE',  ( 1.000000000000000000, 0.000000000000000000, 0.000000000000000000 ) ) ;
#744 = ORIENTED_EDGE ( 'NONE', *, *, #261, .T. ) ;
#745 = CARTESIAN_POINT ( 'NONE',  ( 0.000000000000000000, 0.04300000000000150230, 0.06658182783047250641 ) ) ;
#746 = CARTESIAN_POINT ( 'NONE',  ( -5.384349008512664934E-18, -0.04396654620957968912, -0.06902085074095518080 ) ) ;
#747 = ORIENTED_EDGE ( 'NONE', *, *, #2932, .F. ) ;
#748 = EDGE_CURVE ( 'NONE', #1749, #3222, #1895, .T. ) ;
#749 = DIRECTION ( 'NONE',  ( 0.000000000000000000, -1.000000000000000000, -1.032384416210299843E-14 ) ) ;
#750 = CARTESIAN_POINT ( 'NONE',  ( -0.01812963300372496395, 0.03140144548502977334, -0.1038050769314313865 ) ) ;
#751 = CARTESIAN_POINT ( 'NONE',  ( 0.000000000000000000, 0.03140144548502977334, 0.09113539925904480532 ) ) ;
#752 = ADVANCED_FACE ( 'NONE', ( #571 ), #3201, .T. ) ;
#753 = CARTESIAN_POINT ( 'NONE',  ( -0.01812963300372498129, -0.03140144548502862842, -0.05990626740762183822 ) ) ;
#754 = ORIENTED_EDGE ( 'NONE', *, *, #34, .F. ) ;
#755 = CARTESIAN_POINT ( 'NONE',  ( 0.05076819457887855186, 5.529483824435511225E-16, -0.09915477931238374232 ) ) ;
#756 = CARTESIAN_POINT ( 'NONE',  ( -3.845567970184112305E-18, -0.03140144548502864230, -0.02270388645524090004 ) ) ;
#757 = CARTESIAN_POINT ( 'NONE',  ( -0.02482606157515458711, 0.04300000000000124556, -0.03907293407428936993 ) ) ;
#758 = CARTESIAN_POINT ( 'NONE',  ( -0.04965212315030870238, 5.653146641763230716E-16, -0.02047174359809724939 ) ) ;
#759 = CARTESIAN_POINT ( 'NONE',  ( -3.845567970184112305E-18, -0.03140144548502864230, -0.05841817216952659847 ) ) ;
#760 = VECTOR ( 'NONE', #2963, 39.37007874015748143 ) ;
#761 = DIRECTION ( 'NONE',  ( -0.000000000000000000, -0.000000000000000000, 1.000000000000000000 ) ) ;
#762 = AXIS2_PLACEMENT_3D ( 'NONE', #418, #3308, #3097 ) ;
#763 = CARTESIAN_POINT ( 'NONE',  ( 0.03807614593415893645, 0.02198327310479065988, -0.1166398983600028111 ) ) ;
#764 = CARTESIAN_POINT ( 'NONE',  ( -0.01750000000000436276, 0.01010362971081579624, 0.1179211135447589265 ) ) ;
#765 = VECTOR ( 'NONE', #3078, 39.37007874015748143 ) ;
#766 = EDGE_CURVE ( 'NONE', #1963, #2267, #1411, .T. ) ;
#767 = CARTESIAN_POINT ( 'NONE',  ( 0.02719444950558744939, -0.01570072274251405747, 0.08518301830666387409 ) ) ;
#768 = CARTESIAN_POINT ( 'NONE',  ( 0.04174617127400118144, 0.005434360392248357985, 0.1129639787378652616 ) ) ;
#769 = CARTESIAN_POINT ( 'NONE',  ( -0.01812963300372498129, -0.03140144548502862842, 0.04500444687809243560 ) ) ;
#770 = CARTESIAN_POINT ( 'NONE',  ( 0.01812963300372496048, -0.03140144548502864924, 0.01449849449714006241 ) ) ;
#771 = ORIENTED_EDGE ( 'NONE', *, *, #3359, .T. ) ;
#772 = DIRECTION ( 'NONE',  ( -0.000000000000000000, -1.026720117140053010E-14, 1.000000000000000000 ) ) ;
#773 = ADVANCED_FACE ( 'NONE', ( #6 ), #819, .T. ) ;
#774 = ORIENTED_EDGE ( 'NONE', *, *, #1113, .T. ) ;
#775 = CARTESIAN_POINT ( 'NONE',  ( -0.02719444950558745633, 0.01570072274251516770, 0.06062944687809242866 ) ) ;
#776 = ORIENTED_EDGE ( 'NONE', *, *, #1534, .T. ) ;
#777 = CARTESIAN_POINT ( 'NONE',  ( -5.265981236333733472E-18, -0.04300000000000036432, -0.1030610293123846305 ) ) ;
#778 = CARTESIAN_POINT ( 'NONE',  ( 0.03807614593415893645, 0.02198327310479065988, 0.02621724449714005201 ) ) ;
#779 = DIRECTION ( 'NONE',  ( -0.000000000000000000, -0.000000000000000000, 1.000000000000000000 ) ) ;
#780 = CARTESIAN_POINT ( 'NONE',  ( 0.04014745668401079048, -0.01612907905086234661, 0.1121410294521624912 ) ) ;
#781 = CARTESIAN_POINT ( 'NONE',  ( 0.02538409728943930022, 0.04396654620958079934, 0.1181071254495210249 ) ) ;
#782 =( BOUNDED_CURVE ( )  B_SPLINE_CURVE ( 2, ( #1336, #2365, #1837, #1888, #2876, #1823, #1869 ),
 .UNSPECIFIED., .F., .T. ) 
 B_SPLINE_CURVE_WITH_KNOTS ( ( 3, 2, 2, 3 ),
 ( 0.2333333333333333093, 0.2444444444444444919, 0.2555555555555555913, 0.2666666666666667740 ),
 .UNSPECIFIED. ) 
 CURVE ( )  GEOMETRIC_REPRESENTATION_ITEM ( )  RATIONAL_B_SPLINE_CURVE ( ( 0.9999999999999996669, 0.8660254037844390407, 1.000000000000000000, 0.8660254037844387076, 1.000000000000000000, 0.8660254037844380415, 1.000000000000000666 ) ) 
 REPRESENTATION_ITEM ( '' )  );
#783 = CARTESIAN_POINT ( 'NONE',  ( 0.03625926600744993483, 5.556136293836598262E-16, 0.01747468497333054885 ) ) ;
#784 = CARTESIAN_POINT ( 'NONE',  ( -3.845567970184112305E-18, -0.03140144548502864230, 0.04872468497333051762 ) ) ;
#785 = ORIENTED_EDGE ( 'NONE', *, *, #550, .T. ) ;
#786 = CARTESIAN_POINT ( 'NONE',  ( 0.03807614593415893645, 0.02198327310479065988, 0.04519045878285435358 ) ) ;
#787 = DIRECTION ( 'NONE',  ( 0.000000000000000000, -1.000000000000000000, -1.032384416210299843E-14 ) ) ;
#788 = CARTESIAN_POINT ( 'NONE',  ( 0.01812963300372496048, -0.03140144548502864924, 0.1015520659257114905 ) ) ;
#789 = DIRECTION ( 'NONE',  ( 0.000000000000000000, 0.000000000000000000, -1.000000000000000000 ) ) ;
#790 = ORIENTED_EDGE ( 'NONE', *, *, #304, .T. ) ;
#791 = CARTESIAN_POINT ( 'NONE',  ( 0.02719444950558744939, -0.01570072274251405747, 0.01598658973523528828 ) ) ;
#792 = CARTESIAN_POINT ( 'NONE',  ( 0.02719444950558744939, -0.01570072274251405747, -0.004102695979050410141 ) ) ;
#793 = CARTESIAN_POINT ( 'NONE',  ( 0.03723909236273168638, 0.02150000000000099748, 0.02789135163999631115 ) ) ;
#794 = CARTESIAN_POINT ( 'NONE',  ( 0.05076819457887855186, 5.529483824435511225E-16, 0.02472914925904482267 ) ) ;
#795 = DIRECTION ( 'NONE',  ( 0.000000000000000000, -0.7071067811865672237, 0.7071067811865276997 ) ) ;
#796 = CARTESIAN_POINT ( 'NONE',  ( 5.265981236333782775E-18, 0.04300000000000119699, -0.1179211135447586489 ) ) ;
#797 = CARTESIAN_POINT ( 'NONE',  ( -0.02719444950558745633, 0.01570072274251516770, -0.1380312674076218382 ) ) ;
#798 = DIRECTION ( 'NONE',  ( -0.000000000000000000, -1.026720117140053010E-14, 1.000000000000000000 ) ) ;
#799 = CARTESIAN_POINT ( 'NONE',  ( -3.845567970184112305E-18, -0.03140144548502864230, 0.01301039925904481920 ) ) ;
#800 =( BOUNDED_CURVE ( )  B_SPLINE_CURVE ( 2, ( #66, #311, #24, #1855, #1686, #1120, #2892 ),
 .UNSPECIFIED., .F., .T. ) 
 B_SPLINE_CURVE_WITH_KNOTS ( ( 3, 2, 2, 3 ),
 ( 0.3666666666666666408, 0.3777777777777777124, 0.3888888888888887285, 0.3999999999999999112 ),
 .UNSPECIFIED. ) 
 CURVE ( )  GEOMETRIC_REPRESENTATION_ITEM ( )  RATIONAL_B_SPLINE_CURVE ( ( 1.000000000000000888, 0.8660254037844381525, 1.000000000000000000, 0.8660254037844387076, 1.000000000000000000, 0.8660254037844400399, 0.9999999999999986677 ) ) 
 REPRESENTATION_ITEM ( '' )  );
#801 = ORIENTED_EDGE ( 'NONE', *, *, #1899, .T. ) ;
#802 = CARTESIAN_POINT ( 'NONE',  ( -0.02538409728943927246, 0.04396654620958081322, -0.09320239836000279721 ) ) ;
#803 = CARTESIAN_POINT ( 'NONE',  ( -0.02200077180269487814, -0.02240573182547228939, 0.1179211135447586767 ) ) ;
#804 = DIRECTION ( 'NONE',  ( -0.000000000000000000, -1.026720117140053010E-14, 1.000000000000000000 ) ) ;
#805 = CARTESIAN_POINT ( 'NONE',  ( -5.265981236333714212E-18, -0.04300000000000021166, -0.06957888645524010207 ) ) ;
#806 = CARTESIAN_POINT ( 'NONE',  ( 0.01812963300372496048, -0.03140144548502864924, -0.05916221978857422875 ) ) ;
#807 = CARTESIAN_POINT ( 'NONE',  ( 0.000000000000000000, 0.03140144548502977334, 0.004081827830473381581 ) ) ;
#808 =( BOUNDED_CURVE ( )  B_SPLINE_CURVE ( 2, ( #805, #943, #1180, #1998, #1776, #632, #2506 ),
 .UNSPECIFIED., .F., .F. ) 
 B_SPLINE_CURVE_WITH_KNOTS ( ( 3, 2, 2, 3 ),
 ( 0.7666666666666668295, 0.7777777777777779011, 0.7888888888888887507, 0.7999999999999998224 ),
 .UNSPECIFIED. ) 
 CURVE ( )  GEOMETRIC_REPRESENTATION_ITEM ( )  RATIONAL_B_SPLINE_CURVE ( ( 0.9999999999999973355, 0.8660254037844413721, 1.000000000000000000, 0.8660254037844387076, 1.000000000000000000, 0.8660254037844413721, 0.9999999999999973355 ) ) 
 REPRESENTATION_ITEM ( '' )  );
#809 = CARTESIAN_POINT ( 'NONE',  ( -0.02719444950558745633, 0.01570072274251516770, 0.07625444687809244948 ) ) ;
#810 = EDGE_CURVE ( 'NONE', #2762, #522, #1226, .T. ) ;
#811 = CARTESIAN_POINT ( 'NONE',  ( -0.01812963300372496395, 0.03140144548502977334, 0.1127127802114257643 ) ) ;
#812 = ORIENTED_EDGE ( 'NONE', *, *, #2948, .T. ) ;
#813 = CARTESIAN_POINT ( 'NONE',  ( 0.03807614593415893645, 0.02198327310479065988, 0.009476173068568637808 ) ) ;
#815 = VECTOR ( 'NONE', #371, 39.37007874015748854 ) ;
#814 = CARTESIAN_POINT ( 'NONE',  ( 0.04965212315030889667, 5.531534014389438267E-16, 0.02640325640190108528 ) ) ;
#816 = CARTESIAN_POINT ( 'NONE',  ( 0.02538409728943930022, 0.04396654620958079934, -0.008008945979050424019 ) ) ;
#817 = PLANE ( 'NONE',  #1382 ) ;
#818 = VECTOR ( 'NONE', #1606, 39.37007874015748143 ) ;
#819 = CYLINDRICAL_SURFACE ( 'NONE', #2511, 0.04300000000000134270 ) ;
#820 = CARTESIAN_POINT ( 'NONE',  ( 5.265981236333782775E-18, 0.04300000000000119699, -0.1179211135447586489 ) ) ;
#821 = ADVANCED_FACE ( 'NONE', ( #2106 ), #321, .T. ) ;
#822 = VECTOR ( 'NONE', #1640, 39.37007874015748143 ) ;
#823 = DIRECTION ( 'NONE',  ( -0.000000000000000000, -1.026720117140053010E-14, 1.000000000000000000 ) ) ;
#824 = CARTESIAN_POINT ( 'NONE',  ( 0.01812963300372498823, 0.03140144548502975946, 0.002593732592378155712 ) ) ;
#825 = CARTESIAN_POINT ( 'NONE',  ( -3.845567970184112305E-18, -0.03140144548502864230, -0.06065031502666945462 ) ) ;
#826 = ORIENTED_EDGE ( 'NONE', *, *, #1328, .T. ) ;
#827 = VERTEX_POINT ( 'NONE', #1365 ) ;
#828 = CARTESIAN_POINT ( 'NONE',  ( 0.02719444950558744939, -0.01570072274251405747, 0.1208973040209495864 ) ) ;
#829 = FACE_OUTER_BOUND ( 'NONE', #3057, .T. ) ;
#830 = DIRECTION ( 'NONE',  ( -0.000000000000000000, -1.026720117140053010E-14, 1.000000000000000000 ) ) ;
#831 = CARTESIAN_POINT ( 'NONE',  ( 0.01812963300372496048, -0.03140144548502864924, -0.1127336483600027833 ) ) ;
#832 = ORIENTED_EDGE ( 'NONE', *, *, #897, .T. ) ;
#833 = CARTESIAN_POINT ( 'NONE',  ( 0.03625926600744993483, 5.556136293836598262E-16, 0.03533182783047338765 ) ) ;
#834 = CARTESIAN_POINT ( 'NONE',  ( 0.02719444950558747021, 0.01570072274251513994, 0.05244492306856863434 ) ) ;
#835 = CARTESIAN_POINT ( 'NONE',  ( -0.02719444950558745633, 0.01570072274251516770, 0.09634373259237814791 ) ) ;
#836 = CARTESIAN_POINT ( 'NONE',  ( -0.02719444950558745633, -0.01570072274251403666, -0.1171979340742884956 ) ) ;
#837 = ORIENTED_EDGE ( 'NONE', *, *, #169, .T. ) ;
#838 = CARTESIAN_POINT ( 'NONE',  ( 0.03723909236273168638, 0.02150000000000099748, 0.09931992306856773922 ) ) ;
#839 = CARTESIAN_POINT ( 'NONE',  ( 0.01812963300372498823, 0.03140144548502975946, 0.05393301830666386715 ) ) ;
#840 = CARTESIAN_POINT ( 'NONE',  ( -0.03807614593415892257, -0.02198327310478955313, 0.01728867306856861352 ) ) ;
#841 = VERTEX_POINT ( 'NONE', #1883 ) ;
#842 = CARTESIAN_POINT ( 'NONE',  ( 0.000000000000000000, -5.170700926295986467E-15, 0.1179211135447589265 ) ) ;
#843 = EDGE_CURVE ( 'NONE', #1569, #180, #1011, .T. ) ;
#844 = CARTESIAN_POINT ( 'NONE',  ( 0.01749999999999999126, 0.01010362971082336310, 0.1179211135447589265 ) ) ;
#845 = DIRECTION ( 'NONE',  ( 0.000000000000000000, 0.000000000000000000, 1.000000000000000000 ) ) ;
#846 = EDGE_CURVE ( 'NONE', #652, #137, #3026, .T. ) ;
#847 = DIRECTION ( 'NONE',  ( 0.000000000000000000, 1.026720117140053010E-14, -1.000000000000000000 ) ) ;
#848 = LINE ( 'NONE', #2178, #315 ) ;
#849 = ORIENTED_EDGE ( 'NONE', *, *, #810, .F. ) ;
#850 = CARTESIAN_POINT ( 'NONE',  ( 0.03723909236273165863, -0.02149999999999992889, -0.01079912455047985984 ) ) ;
#851 = CARTESIAN_POINT ( 'NONE',  ( 0.000000000000000000, -0.04300000000000148842, -0.1179211135447595232 ) ) ;
#852 = CARTESIAN_POINT ( 'NONE',  ( 0.03625926600744993483, 5.556136293836598262E-16, 0.01747468497333054885 ) ) ;
#853 = CARTESIAN_POINT ( 'NONE',  ( -0.01812963300372498129, -0.03140144548502862842, 0.08071873259237816178 ) ) ;
#854 = CARTESIAN_POINT ( 'NONE',  ( -0.03807614593415891563, 0.02198327310479069457, -0.002428588836193268461 ) ) ;
#855 = CARTESIAN_POINT ( 'NONE',  ( 0.03807614593415893645, 0.02198327310479065988, 0.04407438735428289428 ) ) ;
#856 = ORIENTED_EDGE ( 'NONE', *, *, #736, .T. ) ;
#857 = CARTESIAN_POINT ( 'NONE',  ( 0.03723909236273168638, 0.02150000000000099748, 0.04574849449713919158 ) ) ;
#858 = CARTESIAN_POINT ( 'NONE',  ( 0.03723909236273151985, -0.02149999999999984562, 0.09411158973523607585 ) ) ;
#859 = EDGE_CURVE ( 'NONE', #3272, #2706, #2149, .T. ) ;
#860 = CARTESIAN_POINT ( 'NONE',  ( -0.02482606157515458711, 0.04300000000000124556, 0.01449849449713919505 ) ) ;
#861 = CARTESIAN_POINT ( 'NONE',  ( -0.01812963300372496395, 0.03140144548502977334, -0.08594793407428850951 ) ) ;
#862 = ORIENTED_EDGE ( 'NONE', *, *, #350, .F. ) ;
#863 = CARTESIAN_POINT ( 'NONE',  ( 0.02538409728943926552, -0.04396654620957970300, -0.1378452555028599480 ) ) ;
#864 = CARTESIAN_POINT ( 'NONE',  ( 0.000000000000000000, 0.03140144548502977334, -0.1209181721695266054 ) ) ;
#865 = VERTEX_POINT ( 'NONE', #1385 ) ;
#866 = CARTESIAN_POINT ( 'NONE',  ( 0.03807614593415890869, -0.02198327310478958435, 0.1303839111638067372 ) ) ;
#867 = VERTEX_POINT ( 'NONE', #2971 ) ;
#868 = FACE_OUTER_BOUND ( 'NONE', #1550, .T. ) ;
#869 = CARTESIAN_POINT ( 'NONE',  ( 0.000000000000000000, -2.504973416603966753E-15, 0.1118993287161551275 ) ) ;
#870 = CARTESIAN_POINT ( 'NONE',  ( -0.02482606157515435119, 0.04300000000000134270, -0.05916221978857344466 ) ) ;
#871 = AXIS2_PLACEMENT_3D ( 'NONE', #2110, #300, #2901 ) ;
#872 = CARTESIAN_POINT ( 'NONE',  ( 5.265981236333782775E-18, 0.04300000000000119699, -0.1179211135447586489 ) ) ;
#873 = CARTESIAN_POINT ( 'NONE',  ( 0.02719444950558747021, 0.01570072274251513994, 0.09039135163999721667 ) ) ;
#874 = CARTESIAN_POINT ( 'NONE',  ( -5.384349008512664934E-18, -0.04396654620957968912, 0.09280950640190194223 ) ) ;
#875 = DIRECTION ( 'NONE',  ( 1.000000000000000000, 0.000000000000000000, 0.000000000000000000 ) ) ;
#876 = ORIENTED_EDGE ( 'NONE', *, *, #550, .F. ) ;
#877 = CARTESIAN_POINT ( 'NONE',  ( 0.03807614593415893645, 0.02198327310479065988, -0.04409525550285994105 ) ) ;
#878 = CONICAL_SURFACE ( 'NONE', #1549, 0.02356249097069302093, 0.7853981633974660426 ) ;
#879 = FACE_OUTER_BOUND ( 'NONE', #2319, .T. ) ;
#880 = CARTESIAN_POINT ( 'NONE',  ( -0.02200077180269487814, -0.02240573182547228939, 0.1179211135447586767 ) ) ;
#881 = CARTESIAN_POINT ( 'NONE',  ( 0.01812963300372496048, -0.03140144548502864924, -0.1105015055028599341 ) ) ;
#882 = CARTESIAN_POINT ( 'NONE',  ( -0.02719444950558745633, -0.01570072274251403666, 0.02565920878285433970 ) ) ;
#883 = EDGE_CURVE ( 'NONE', #1427, #1569, #2463, .T. ) ;
#884 = EDGE_LOOP ( 'NONE', ( #666, #2501 ) ) ;
#885 = CARTESIAN_POINT ( 'NONE',  ( 0.05076819457887855186, 5.529483824435511225E-16, 0.09615772068761622993 ) ) ;
#886 = EDGE_LOOP ( 'NONE', ( #271, #2851, #3055, #995 ) ) ;
#887 = PLANE ( 'NONE',  #1978 ) ;
#888 = CARTESIAN_POINT ( 'NONE',  ( 0.000000000000000000, -1.995688154748005118E-16, -0.1126413774259346495 ) ) ;
#889 = CARTESIAN_POINT ( 'NONE',  ( -0.02538409728943927246, 0.04396654620958081322, -0.1300327555028599480 ) ) ;
#890 = EDGE_CURVE ( 'NONE', #865, #2371, #808, .T. ) ;
#891 = CARTESIAN_POINT ( 'NONE',  ( 0.000000000000000000, 4.040751578564650863E-13, -39.48799985370224164 ) ) ;
#892 = CARTESIAN_POINT ( 'NONE',  ( 0.05076819457887855186, 5.529483824435511225E-16, 0.09727379211618768229 ) ) ;
#893 = CARTESIAN_POINT ( 'NONE',  ( 0.000000000000000000, 0.03140144548502977334, -0.1231503150266694546 ) ) ;
#894 = ORIENTED_EDGE ( 'NONE', *, *, #994, .T. ) ;
#895 = VERTEX_POINT ( 'NONE', #896 ) ;
#896 = CARTESIAN_POINT ( 'NONE',  ( 0.02899544681572035348, 0.01205466061347440845, -0.1242399319409027425 ) ) ;
#897 = EDGE_CURVE ( 'NONE', #1298, #2762, #1720, .T. ) ;
#898 =( BOUNDED_CURVE ( )  B_SPLINE_CURVE ( 2, ( #190, #3362, #3344, #758, #1235, #1783, #2276 ),
 .UNSPECIFIED., .F., .T. ) 
 B_SPLINE_CURVE_WITH_KNOTS ( ( 3, 2, 2, 3 ),
 ( 0.5666666666666667629, 0.5777777777777778345, 0.5888888888888890172, 0.6000000000000000888 ),
 .UNSPECIFIED. ) 
 CURVE ( )  GEOMETRIC_REPRESENTATION_ITEM ( )  RATIONAL_B_SPLINE_CURVE ( ( 0.9999999999999986677, 0.8660254037844400399, 1.000000000000000000, 0.8660254037844387076, 1.000000000000000000, 0.8660254037844373753, 1.000000000000001332 ) ) 
 REPRESENTATION_ITEM ( '' )  );
#899 = CARTESIAN_POINT ( 'NONE',  ( -3.845567970184112305E-18, -0.03140144548502864230, -0.09413245788381231771 ) ) ;
#900 = CARTESIAN_POINT ( 'NONE',  ( 0.02719444950558747021, 0.01570072274251513994, 0.08815920878285435358 ) ) ;
#901 = CARTESIAN_POINT ( 'NONE',  ( 0.000000000000000000, 0.03209223492826144414, -0.1235491424976726121 ) ) ;
#902 = CARTESIAN_POINT ( 'NONE',  ( 0.000000000000000000, 0.04396654620958081322, 0.06490772068761621605 ) ) ;
#903 = CARTESIAN_POINT ( 'NONE',  ( -5.265981236333714212E-18, -0.04300000000000021166, 0.1089925421161884317 ) ) ;
#904 = CYLINDRICAL_SURFACE ( 'NONE', #56, 0.04300000000000134270 ) ;
#905 = ORIENTED_EDGE ( 'NONE', *, *, #464, .T. ) ;
#906 = EDGE_LOOP ( 'NONE', ( #1647, #585, #1641 ) ) ;
#907 = LINE ( 'NONE', #2191, #2184 ) ;
#908 = CARTESIAN_POINT ( 'NONE',  ( 0.02719444950558744939, -0.01570072274251405747, -0.004102695979050410141 ) ) ;
#909 = CARTESIAN_POINT ( 'NONE',  ( -0.02719444950558745633, 0.01570072274251516770, -0.06660269597905041361 ) ) ;
#910 = ORIENTED_EDGE ( 'NONE', *, *, #687, .T. ) ;
#911 = CARTESIAN_POINT ( 'NONE',  ( 0.02482606157515450038, -0.04300000000000025330, -0.06585864836000368538 ) ) ;
#912 = CARTESIAN_POINT ( 'NONE',  ( -0.01812963300372496395, 0.03140144548502977334, -0.1194300769314313726 ) ) ;
#913 = ADVANCED_FACE ( 'NONE', ( #2495 ), #1212, .T. ) ;
#914 = CARTESIAN_POINT ( 'NONE',  ( 0.000000000000000000, 0.03209223492826144414, -0.1235491424976726121 ) ) ;
#915 = CARTESIAN_POINT ( 'NONE',  ( -0.03723909236273153373, 0.02150000000000095585, -0.1112455531219067595 ) ) ;
#916 =( BOUNDED_CURVE ( )  B_SPLINE_CURVE ( 2, ( #2998, #1152, #641, #3018, #1697, #161, #1219 ),
 .UNSPECIFIED., .F., .T. ) 
 B_SPLINE_CURVE_WITH_KNOTS ( ( 3, 2, 2, 3 ),
 ( 0.5000000000000000000, 0.5111111111111110716, 0.5222222222222221433, 0.5333333333333333259 ),
 .UNSPECIFIED. ) 
 CURVE ( )  GEOMETRIC_REPRESENTATION_ITEM ( )  RATIONAL_B_SPLINE_CURVE ( ( 1.000000000000000000, 0.8660254037844387076, 1.000000000000000000, 0.8660254037844387076, 1.000000000000000000, 0.8660254037844387076, 1.000000000000000000 ) ) 
 REPRESENTATION_ITEM ( '' )  );
#917 = CARTESIAN_POINT ( 'NONE',  ( -0.02538409728943927246, 0.04396654620958081322, 0.06639581592571147661 ) ) ;
#918 = CARTESIAN_POINT ( 'NONE',  ( 0.03625926600744993483, 5.556136293836598262E-16, -0.1075253150266694546 ) ) ;
#919 = CARTESIAN_POINT ( 'NONE',  ( -9.621934180939776260E-18, -0.02020725942163705338, 0.09604611354475892093 ) ) ;
#920 = DIRECTION ( 'NONE',  ( -0.000000000000000000, -1.026720117140053010E-14, 1.000000000000000000 ) ) ;
#921 = CARTESIAN_POINT ( 'NONE',  ( 0.02719444950558744939, -0.01570072274251405747, 0.01375444687809243213 ) ) ;
#922 = CARTESIAN_POINT ( 'NONE',  ( -0.03625926600744993483, 5.644945881947510718E-16, -0.04725745788381231771 ) ) ;
#923 = ORIENTED_EDGE ( 'NONE', *, *, #3184, .T. ) ;
#924 = CARTESIAN_POINT ( 'NONE',  ( 0.000000000000000000, 0.03140144548502977334, -0.1231503150266694546 ) ) ;
#925 = CYLINDRICAL_SURFACE ( 'NONE', #102, 0.04300000000000134270 ) ;
#926 = CARTESIAN_POINT ( 'NONE',  ( 0.004869660814691850921, -0.03796349474943377933, -0.1176778826765001312 ) ) ;
#927 = VECTOR ( 'NONE', #2165, 39.37007874015748143 ) ;
#928 = CARTESIAN_POINT ( 'NONE',  ( 0.02719444950558744939, -0.01570072274251405747, 0.1231294468780924495 ) ) ;
#929 = AXIS2_PLACEMENT_3D ( 'NONE', #3375, #1004, #749 ) ;
#930 = EDGE_CURVE ( 'NONE', #675, #1704, #1964, .T. ) ;
#931 = CARTESIAN_POINT ( 'NONE',  ( -0.01812963300372498129, -0.03140144548502862842, 0.1164330183066638741 ) ) ;
#932 = APPLICATION_CONTEXT ( 'automotive_design' ) ;
#933 = CARTESIAN_POINT ( 'NONE',  ( 0.000000000000000000, 0.04300000000000134270, -0.06065031502666867746 ) ) ;
#934 = CARTESIAN_POINT ( 'NONE',  ( 0.03807614593415893645, 0.02198327310479065988, 0.09764581592571149049 ) ) ;
#935 = CARTESIAN_POINT ( 'NONE',  ( -3.845567970184112305E-18, -0.03140144548502864230, 0.1179211135447591069 ) ) ;
#936 = CARTESIAN_POINT ( 'NONE',  ( -0.02719444950558745633, 0.01570072274251516770, -0.1000848388361932767 ) ) ;
#937 = CARTESIAN_POINT ( 'NONE',  ( 0.000000000000000000, 4.095459211021323262E-16, 0.09604611354475892093 ) ) ;
#938 = ORIENTED_EDGE ( 'NONE', *, *, #2056, .F. ) ;
#939 = CARTESIAN_POINT ( 'NONE',  ( -5.265981236333733472E-18, -0.04300000000000036432, -0.08520388645524175353 ) ) ;
#940 = CARTESIAN_POINT ( 'NONE',  ( 0.000000000000000000, 0.03140144548502977334, -0.1410074578838123038 ) ) ;
#941 = CARTESIAN_POINT ( 'NONE',  ( 0.000000000000000000, 0.03140144548502977334, -0.01600745788381231771 ) ) ;
#942 = CARTESIAN_POINT ( 'NONE',  ( 0.02719444950558747021, 0.01570072274251513994, -0.01898364836000280068 ) ) ;
#943 = CARTESIAN_POINT ( 'NONE',  ( -0.02482606157515465303, -0.04299999999999971900, -0.07106698169333537651 ) ) ;
#944 = CARTESIAN_POINT ( 'NONE',  ( -0.02719444950558745633, -0.01570072274251403666, -0.06139436264571708490 ) ) ;
#945 = LINE ( 'NONE', #463, #648 ) ;
#946 = CARTESIAN_POINT ( 'NONE',  ( -0.02719444950558745633, -0.01570072274251403666, -0.07925150550285993412 ) ) ;
#947 = CARTESIAN_POINT ( 'NONE',  ( 0.01957612512610205219, -0.02828666337777428763, 0.1179211135447584824 ) ) ;
#948 = CARTESIAN_POINT ( 'NONE',  ( 0.000000000000000000, 0.03140144548502977334, -0.1209181721695266054 ) ) ;
#949 = DIRECTION ( 'NONE',  ( 0.000000000000000000, 0.000000000000000000, 1.000000000000000000 ) ) ;
#950 = CARTESIAN_POINT ( 'NONE',  ( 0.02482606157515423323, 0.04300000000000156475, 0.02714730402095037048 ) ) ;
#951 = CARTESIAN_POINT ( 'NONE',  ( -0.03807614593415891563, 0.02198327310479069457, 0.01542855402094957425 ) ) ;
#952 = CARTESIAN_POINT ( 'NONE',  ( -0.01750000000000000167, 4.116890530006401834E-16, 0.09604611354475892093 ) ) ;
#953 = CARTESIAN_POINT ( 'NONE',  ( -0.01750000000000000513, 0.006977422212894782150, 0.1163580097957941789 ) ) ;
#954 = CARTESIAN_POINT ( 'NONE',  ( 0.03723909236273168638, 0.02150000000000099748, -0.07925150550286082229 ) ) ;
#955 = CARTESIAN_POINT ( 'NONE',  ( -0.02482606157515444487, 0.04300000000000150230, -0.003358648360003681048 ) ) ;
#956 = CARTESIAN_POINT ( 'NONE',  ( 0.02719444950558747021, 0.01570072274251513994, -0.09041221978857422181 ) ) ;
#957 = CARTESIAN_POINT ( 'NONE',  ( -0.01812963300372498129, -0.03140144548502863536, 0.009290161163806721564 ) ) ;
#958 = CARTESIAN_POINT ( 'NONE',  ( 0.02482606157515452466, 0.04300000000000107209, -0.09785269597904960870 ) ) ;
#959 = CARTESIAN_POINT ( 'NONE',  ( -0.03625926600744993483, 5.644945881947510718E-16, -0.08073960074095518080 ) ) ;
#960 = CARTESIAN_POINT ( 'NONE',  ( -0.03507069066488289338, 0.006922513352371960534, -0.1210899075840312367 ) ) ;
#961 = CARTESIAN_POINT ( 'NONE',  ( 0.02719444950558744939, -0.01570072274251405747, -0.001870553121907554857 ) ) ;
#962 = CARTESIAN_POINT ( 'NONE',  ( 0.03723909236273155454, 0.02150000000000092809, -0.01005507693143058677 ) ) ;
#963 = ORIENTED_EDGE ( 'NONE', *, *, #843, .F. ) ;
#964 = CARTESIAN_POINT ( 'NONE',  ( 0.000000000000000000, 0.03140144548502977334, -0.1030610293123837423 ) ) ;
#965 = CARTESIAN_POINT ( 'NONE',  ( 0.02832395978053296043, 0.01554951347556395719, -0.1235183346328761755 ) ) ;
#966 = DIRECTION ( 'NONE',  ( -0.8660254037844397068, 1.060575238724908024E-16, 0.4999999999999979461 ) ) ;
#967 = CARTESIAN_POINT ( 'NONE',  ( -0.05076819457887855186, 5.653830038414538087E-16, -0.1091994221695265915 ) ) ;
#968 = CARTESIAN_POINT ( 'NONE',  ( 0.01812963300372496048, -0.03140144548502864924, -0.1127336483600027833 ) ) ;
#969 = CARTESIAN_POINT ( 'NONE',  ( -0.02719444950558745633, -0.01570072274251403666, 0.1149449230685686135 ) ) ;
#970 = CARTESIAN_POINT ( 'NONE',  ( 0.000000000000000000, -1.453607026109205299E-16, -0.1179211135447590930 ) ) ;
#971 = CARTESIAN_POINT ( 'NONE',  ( -3.845567970184112305E-18, -0.03140144548502864230, -0.05841817216952659847 ) ) ;
#972 = CARTESIAN_POINT ( 'NONE',  ( 0.01812963300372496048, -0.03140144548502864924, 0.06806992306856862740 ) ) ;
#973 = AXIS2_PLACEMENT_3D ( 'NONE', #2079, #3138, #787 ) ;
#974 = CARTESIAN_POINT ( 'NONE',  ( 0.02719444950558747021, 0.01570072274251513994, -0.03460864836000280415 ) ) ;
#975 = AXIS2_PLACEMENT_3D ( 'NONE', #1727, #443, #650 ) ;
#976 = DIRECTION ( 'NONE',  ( 0.000000000000000000, 0.000000000000000000, -1.000000000000000000 ) ) ;
#977 = VERTEX_POINT ( 'NONE', #708 ) ;
#978 = VECTOR ( 'NONE', #3309, 39.37007874015748143 ) ;
#979 = CARTESIAN_POINT ( 'NONE',  ( -0.02719444950558745633, -0.01570072274251403666, -0.02568007693143136566 ) ) ;
#980 = CARTESIAN_POINT ( 'NONE',  ( 0.02482606157515423323, 0.04300000000000156475, -0.04428126740762104718 ) ) ;
#981 = EDGE_CURVE ( 'NONE', #522, #2869, #398, .T. ) ;
#982 = VECTOR ( 'NONE', #3283, 39.37007874015748143 ) ;
#983 = ORIENTED_EDGE ( 'NONE', *, *, #2491, .F. ) ;
#984 = CARTESIAN_POINT ( 'NONE',  ( 0.02538409728943930022, 0.04396654620958079934, -0.09729466026476468743 ) ) ;
#985 = CARTESIAN_POINT ( 'NONE',  ( -0.03390924567042277737, -0.005789910022022810333, 0.1179211135447587322 ) ) ;
#986 = CARTESIAN_POINT ( 'NONE',  ( 0.03625926600744993483, 5.556136293836598262E-16, -0.09190031502666946850 ) ) ;
#987 = CARTESIAN_POINT ( 'NONE',  ( -0.04965212315030870238, 5.653146641763230716E-16, -0.05618602931238295128 ) ) ;
#988 = CARTESIAN_POINT ( 'NONE',  ( -0.03625926600744993483, 5.644945881947510718E-16, 0.006313970687616252478 ) ) ;
#989 = EDGE_CURVE ( 'NONE', #1118, #3405, #2780, .T. ) ;
#990 = CARTESIAN_POINT ( 'NONE',  ( 0.01812963300372498823, 0.03140144548502975946, -0.03312055312190755746 ) ) ;
#991 = CARTESIAN_POINT ( 'NONE',  ( 0.01812963300372496048, -0.03140144548502864924, 0.01449849449714006241 ) ) ;
#992 = CARTESIAN_POINT ( 'NONE',  ( 0.02719444950558747021, 0.01570072274251513994, 0.001105637354282913145 ) ) ;
#993 = EDGE_CURVE ( 'NONE', #977, #3064, #3259, .T. ) ;
#994 = EDGE_CURVE ( 'NONE', #594, #2942, #3296, .T. ) ;
#995 = ORIENTED_EDGE ( 'NONE', *, *, #2182, .F. ) ;
#996 = ORIENTED_EDGE ( 'NONE', *, *, #1113, .F. ) ;
#997 = CARTESIAN_POINT ( 'NONE',  ( -0.02719444950558745633, 0.01570072274251516770, -0.1000848388361932767 ) ) ;
#998 = CARTESIAN_POINT ( 'NONE',  ( -0.03625926600744993483, 5.644945881947510718E-16, 0.02417111354475911383 ) ) ;
#999 = EDGE_CURVE ( 'NONE', #2484, #675, #2848, .T. ) ;
#1000 = ORIENTED_EDGE ( 'NONE', *, *, #1633, .T. ) ;
#1001 = DIRECTION ( 'NONE',  ( 1.000000000000000000, 0.000000000000000000, 0.000000000000000000 ) ) ;
#1002 = CARTESIAN_POINT ( 'NONE',  ( 0.02538409728943926552, -0.04396654620957970300, -0.03181846978857423569 ) ) ;
#1003 = ORIENTED_EDGE ( 'NONE', *, *, #3359, .F. ) ;
#1004 = DIRECTION ( 'NONE',  ( -0.000000000000000000, -1.026720117140053010E-14, 1.000000000000000000 ) ) ;
#1005 = CARTESIAN_POINT ( 'NONE',  ( 0.01812963300372496048, -0.03140144548502864924, 0.1216413516399971889 ) ) ;
#1006 = CARTESIAN_POINT ( 'NONE',  ( -0.02719444950558745633, -0.01570072274251403666, 0.07923063735428290122 ) ) ;
#1007 = CARTESIAN_POINT ( 'NONE',  ( 0.03625926600744994177, 5.556136293836597276E-16, 0.07104611354475910689 ) ) ;
#1008 = ORIENTED_EDGE ( 'NONE', *, *, #1553, .F. ) ;
#1009 = CARTESIAN_POINT ( 'NONE',  ( 0.02538409728943930022, 0.04396654620958079934, -0.07832144597905041361 ) ) ;
#1010 = CARTESIAN_POINT ( 'NONE',  ( 0.01812963300372496048, -0.03140144548502864924, -0.05693007693143137954 ) ) ;
#1011 = B_SPLINE_CURVE_WITH_KNOTS ( 'NONE', 3,
 ( #2922, #336, #2406, #597, #53, #1109 ),
 .UNSPECIFIED., .F., .F.,
 ( 4, 2, 4 ),
 ( 2.544514620555028545E-07, 0.0002653424116339769129, 0.0005304303718058982729 ),
 .UNSPECIFIED. ) ;
#1012 = CARTESIAN_POINT ( 'NONE',  ( -0.03723909236273167944, -0.02149999999999989420, 0.01896278021142489001 ) ) ;
#1013 = CARTESIAN_POINT ( 'NONE',  ( 0.000000000000000000, 0.04300000000000134270, -0.06065031502666867746 ) ) ;
#1014 = EDGE_LOOP ( 'NONE', ( #623, #3301, #1092 ) ) ;
#1015 = ORIENTED_EDGE ( 'NONE', *, *, #2740, .F. ) ;
#1016 = CARTESIAN_POINT ( 'NONE',  ( 0.01812963300372498823, 0.03140144548502975946, -0.1045491245504789890 ) ) ;
#1017 = ADVANCED_FACE ( 'NONE', ( #2215 ), #1922, .F. ) ;
#1018 = CARTESIAN_POINT ( 'NONE',  ( -0.02719444950558745633, -0.01570072274251403666, 0.007802065925711479215 ) ) ;
#1019 = CARTESIAN_POINT ( 'NONE',  ( 0.03625926600744993483, 5.556136293836598262E-16, -0.08966817216952660541 ) ) ;
#1020 = CARTESIAN_POINT ( 'NONE',  ( -5.265981236333733472E-18, -0.04300000000000036432, -0.06734674359809890432 ) ) ;
#1021 = CARTESIAN_POINT ( 'NONE',  ( -0.03807614593415892257, -0.02198327310478955313, -0.08985418407428850951 ) ) ;
#1022 = CARTESIAN_POINT ( 'NONE',  ( -0.03625926600744994177, 5.644945881947510718E-16, 0.07774254211618766841 ) ) ;
#1023 = B_SPLINE_CURVE_WITH_KNOTS ( 'NONE', 3,
 ( #2399, #1341, #2912, #536, #1355, #1059, #768, #7, #780, #1307 ),
 .UNSPECIFIED., .F., .F.,
 ( 4, 2, 2, 2, 4 ),
 ( 0.001603111781418562832, 0.002149458050855131662, 0.002695804320291700709, 0.003242150589728269323, 0.003788496859164837936 ),
 .UNSPECIFIED. ) ;
#1024 =( BOUNDED_CURVE ( )  B_SPLINE_CURVE ( 2, ( #1631, #535, #1666, #1687, #312, #3177, #2440 ),
 .UNSPECIFIED., .F., .T. ) 
 B_SPLINE_CURVE_WITH_KNOTS ( ( 3, 2, 2, 3 ),
 ( 0.3333333333333333148, 0.3444444444444444420, 0.3555555555555555691, 0.3666666666666666408 ),
 .UNSPECIFIED. ) 
 CURVE ( )  GEOMETRIC_REPRESENTATION_ITEM ( )  RATIONAL_B_SPLINE_CURVE ( ( 1.000000000000000000, 0.8660254037844387076, 1.000000000000000000, 0.8660254037844387076, 1.000000000000000000, 0.8660254037844387076, 1.000000000000000000 ) ) 
 REPRESENTATION_ITEM ( '' )  );
#1025 = CARTESIAN_POINT ( 'NONE',  ( -0.01812963300372496395, 0.03140144548502977334, 0.04128420878285433276 ) ) ;
#1026 = EDGE_CURVE ( 'NONE', #2267, #3213, #2302, .T. ) ;
#1027 = CARTESIAN_POINT ( 'NONE',  ( -0.02719444950558745633, -0.01570072274251403666, 0.02789135163999719239 ) ) ;
#1028 = ORIENTED_EDGE ( 'NONE', *, *, #3381, .T. ) ;
#1029 = CARTESIAN_POINT ( 'NONE',  ( -0.02538409728943929328, -0.04396654620957967524, -0.06939287455047897513 ) ) ;
#1030 = CARTESIAN_POINT ( 'NONE',  ( 0.02482606157515444834, 0.04300000000000119699, 0.009290161163807507394 ) ) ;
#1031 = CARTESIAN_POINT ( 'NONE',  ( 0.04965212315030870238, 5.531534014389438267E-16, -0.08297174359809723898 ) ) ;
#1032 = ORIENTED_EDGE ( 'NONE', *, *, #2391, .F. ) ;
#1033 = CARTESIAN_POINT ( 'NONE',  ( 0.02719444950558744939, -0.01570072274251405747, 0.03384373259237816178 ) ) ;
#1034 = AXIS2_PLACEMENT_3D ( 'NONE', #265, #12, #3002 ) ;
#1035 = CARTESIAN_POINT ( 'NONE',  ( -0.01812963300372496395, 0.03140144548502977334, -0.01451936264571709184 ) ) ;
#1036 = AXIS2_PLACEMENT_3D ( 'NONE', #3093, #2786, #2037 ) ;
#1037 = ORIENTED_EDGE ( 'NONE', *, *, #3342, .F. ) ;
#1038 = CARTESIAN_POINT ( 'NONE',  ( -5.265981236333733472E-18, -0.04300000000000036432, 0.07551039925904393102 ) ) ;
#1039 = CARTESIAN_POINT ( 'NONE',  ( -0.02538409728943927246, 0.04396654620958081322, -0.09431846978857423569 ) ) ;
#1040 = ORIENTED_EDGE ( 'NONE', *, *, #2050, .F. ) ;
#1041 = LINE ( 'NONE', #3350, #484 ) ;
#1042 = CARTESIAN_POINT ( 'NONE',  ( 0.02719444950558744939, -0.01570072274251405747, 0.1030401611638067094 ) ) ;
#1043 = DIRECTION ( 'NONE',  ( -0.000000000000000000, -1.026720117140053010E-14, 1.000000000000000000 ) ) ;
#1044 = CARTESIAN_POINT ( 'NONE',  ( 0.000000000000000000, -0.04300000000000148842, -0.1179211135447595232 ) ) ;
#1045 = CARTESIAN_POINT ( 'NONE',  ( -0.02719444950558745633, 0.01570072274251516770, 0.007058018306663866280 ) ) ;
#1046 = CARTESIAN_POINT ( 'NONE',  ( -0.03807614593415891563, 0.02198327310479069457, 0.08685712544952101100 ) ) ;
#1047 = CARTESIAN_POINT ( 'NONE',  ( 0.03807614593415890869, -0.02198327310478958435, -0.1006428745504789890 ) ) ;
#1048 = CARTESIAN_POINT ( 'NONE',  ( -5.265981236333714212E-18, -0.04300000000000021166, 0.001849684973331320367 ) ) ;
#1049 = CARTESIAN_POINT ( 'NONE',  ( 0.03807614593415890869, -0.02198327310478958435, -0.1363571602647646874 ) ) ;
#1050 = CARTESIAN_POINT ( 'NONE',  ( 0.01749999999999999126, 0.01010362971081831505, 0.09604611354475892093 ) ) ;
#1051 = CARTESIAN_POINT ( 'NONE',  ( 0.02719444950558744939, -0.01570072274251405747, -0.001870553121907554857 ) ) ;
#1052 =( BOUNDED_CURVE ( )  B_SPLINE_CURVE ( 2, ( #2528, #486, #451, #1515, #3348, #226, #166 ),
 .UNSPECIFIED., .F., .T. ) 
 B_SPLINE_CURVE_WITH_KNOTS ( ( 3, 2, 2, 3 ),
 ( 0.6666666666666666297, 0.6777777777777778123, 0.6888888888888888840, 0.6999999999999999556 ),
 .UNSPECIFIED. ) 
 CURVE ( )  GEOMETRIC_REPRESENTATION_ITEM ( )  RATIONAL_B_SPLINE_CURVE ( ( 1.000000000000000000, 0.8660254037844387076, 1.000000000000000000, 0.8660254037844387076, 1.000000000000000000, 0.8660254037844387076, 1.000000000000000000 ) ) 
 REPRESENTATION_ITEM ( '' )  );
#1053 = CARTESIAN_POINT ( 'NONE',  ( 0.03625926600744993483, 5.556136293836598262E-16, -0.002614600740955184705 ) ) ;
#1054 = CARTESIAN_POINT ( 'NONE',  ( -0.03723909236273153373, 0.02150000000000095585, 0.08518301830666467900 ) ) ;
#1055 = CARTESIAN_POINT ( 'NONE',  ( -5.384349008512664934E-18, -0.04396654620957968912, -0.01544942216952661929 ) ) ;
#1056 = DIRECTION ( 'NONE',  ( 0.000000000000000000, 1.000000000000000000, 0.000000000000000000 ) ) ;
#1057 = CARTESIAN_POINT ( 'NONE',  ( 0.04965212315030889667, 5.531534014389438267E-16, -0.02716817216952749359 ) ) ;
#1058 = CARTESIAN_POINT ( 'NONE',  ( 0.000000000000000000, -1.453607026109205299E-16, -0.1179211135447590930 ) ) ;
#1059 = CARTESIAN_POINT ( 'NONE',  ( 0.03973222226365579618, 0.01261628907935272506, 0.1132518244530122675 ) ) ;
#1060 = DIRECTION ( 'NONE',  ( 0.000000000000000000, -1.000000000000000000, -1.032384416210299843E-14 ) ) ;
#1061 = CARTESIAN_POINT ( 'NONE',  ( -0.03625926600744993483, 5.644945881947510718E-16, 0.06211754211618769617 ) ) ;
#1062 = DIRECTION ( 'NONE',  ( 0.000000000000000000, 0.000000000000000000, -1.000000000000000000 ) ) ;
#1063 = CARTESIAN_POINT ( 'NONE',  ( -5.384349008512664934E-18, -0.04396654620957968912, -0.1036190650266694546 ) ) ;
#1064 = DIRECTION ( 'NONE',  ( 1.000000000000000000, 0.000000000000000000, 0.000000000000000000 ) ) ;
#1065 = CARTESIAN_POINT ( 'NONE',  ( -0.03723909236273154066, -0.02149999999999982134, -0.09041221978857343078 ) ) ;
#1066 =( BOUNDED_CURVE ( )  B_SPLINE_CURVE ( 2, ( #2354, #1030, #1106, #498, #2146, #3418, #1048 ),
 .UNSPECIFIED., .F., .F. ) 
 B_SPLINE_CURVE_WITH_KNOTS ( ( 3, 2, 2, 3 ),
 ( 0.4666666666666667296, 0.4777777777777778012, 0.4888888888888889284, 0.5000000000000000000 ),
 .UNSPECIFIED. ) 
 CURVE ( )  GEOMETRIC_REPRESENTATION_ITEM ( )  RATIONAL_B_SPLINE_CURVE ( ( 0.9999999999999993339, 0.8660254037844393737, 1.000000000000000000, 0.8660254037844387076, 1.000000000000000000, 0.8660254037844387076, 1.000000000000000000 ) ) 
 REPRESENTATION_ITEM ( '' )  );
#1067 = CARTESIAN_POINT ( 'NONE',  ( 0.02719444950558744939, -0.01570072274251405747, -0.09338841026476468743 ) ) ;
#1068 = ADVANCED_BREP_SHAPE_REPRESENTATION ( '92311A077_18-8 Stainless Steel Cup-Point Set Screw_92311A077', ( #401, #3084 ), #2140 ) ;
#1069 = CARTESIAN_POINT ( 'NONE',  ( -0.01812963300372498129, -0.03140144548502862842, 0.04723658973523529175 ) ) ;
#1070 = CARTESIAN_POINT ( 'NONE',  ( 0.01812963300372498823, 0.03140144548502975946, 0.07179016116380673718 ) ) ;
#1071 = EDGE_CURVE ( 'NONE', #1880, #2196, #782, .T. ) ;
#1072 = CARTESIAN_POINT ( 'NONE',  ( 0.02719444950558747021, 0.01570072274251513994, 0.1082484944971400520 ) ) ;
#1073 = EDGE_LOOP ( 'NONE', ( #1000, #362, #2008, #2500, #2681 ) ) ;
#1074 = CARTESIAN_POINT ( 'NONE',  ( 0.03723909236273165863, -0.02149999999999992889, 0.09634373259237725973 ) ) ;
#1075 = CARTESIAN_POINT ( 'NONE',  ( 0.02538409728943930022, 0.04396654620958079934, -0.02586608883619328364 ) ) ;
#1076 = ORIENTED_EDGE ( 'NONE', *, *, #883, .T. ) ;
#1077 = CARTESIAN_POINT ( 'NONE',  ( -5.265981236333714212E-18, -0.04300000000000021166, 0.03756397068761704178 ) ) ;
#1078 = CARTESIAN_POINT ( 'NONE',  ( 0.01749999999999999126, 0.003558827211603263641, 0.1152138541231170071 ) ) ;
#1079 = CARTESIAN_POINT ( 'NONE',  ( 0.01812963300372496048, -0.03140144548502864924, -0.1305907912171456464 ) ) ;
#1080 = CARTESIAN_POINT ( 'NONE',  ( 0.02719444950558744939, -0.01570072274251405747, 0.06732587544952099712 ) ) ;
#1081 = CARTESIAN_POINT ( 'NONE',  ( -0.02482606157515444487, 0.04300000000000150230, 0.05021278021142490389 ) ) ;
#1082 = CARTESIAN_POINT ( 'NONE',  ( -0.02719444950558745633, -0.01570072274251403666, -0.007822934074288507775 ) ) ;
#1083 = CARTESIAN_POINT ( 'NONE',  ( 0.03625926600744994177, 5.556136293836597276E-16, -0.09190031502666946850 ) ) ;
#1084 = ORIENTED_EDGE ( 'NONE', *, *, #930, .F. ) ;
#1085 = EDGE_LOOP ( 'NONE', ( #64, #923, #228, #430 ) ) ;
#1086 = CARTESIAN_POINT ( 'NONE',  ( -0.03807614593415891563, 0.02198327310479069457, -0.1452857316933361398 ) ) ;
#1087 = CARTESIAN_POINT ( 'NONE',  ( 0.04965212315030889667, 5.531534014389438267E-16, -0.009311029312384633966 ) ) ;
#1088 = CARTESIAN_POINT ( 'NONE',  ( 0.02719444950558747021, 0.01570072274251513994, -0.09041221978857422181 ) ) ;
#1089 = CARTESIAN_POINT ( 'NONE',  ( 0.02719444950558744939, -0.01570072274251405747, -0.01972769597905041361 ) ) ;
#1090 = CARTESIAN_POINT ( 'NONE',  ( 0.01812963300372496048, -0.03140144548502864924, 0.08369492306856861352 ) ) ;
#1091 = CARTESIAN_POINT ( 'NONE',  ( -0.01812963300372498129, -0.03140144548502863536, 0.08295087544952101100 ) ) ;
#1092 = ORIENTED_EDGE ( 'NONE', *, *, #140, .F. ) ;
#1094 = AXIS2_PLACEMENT_3D ( 'NONE', #673, #3014, #2497 ) ;
#1093 = CARTESIAN_POINT ( 'NONE',  ( -0.01905195019622132543, 0.03804116511526708933, -0.1132693650180189304 ) ) ;
#1095 = CARTESIAN_POINT ( 'NONE',  ( 0.05076819457887855186, 5.529483824435511225E-16, 0.006872006401901950903 ) ) ;
#1097 = EDGE_CURVE ( 'NONE', #3373, #841, #37, .T. ) ;
#1096 = ORIENTED_EDGE ( 'NONE', *, *, #2931, .F. ) ;
#1098 = PLANE ( 'NONE',  #3420 ) ;
#1099 = AXIS2_PLACEMENT_3D ( 'NONE', #2429, #353, #73 ) ;
#1100 = FACE_OUTER_BOUND ( 'NONE', #604, .T. ) ;
#1101 = CARTESIAN_POINT ( 'NONE',  ( 0.000000000000000000, 0.04300000000000134270, -0.04279317216952582131 ) ) ;
#1102 = CARTESIAN_POINT ( 'NONE',  ( -0.02719444950558745633, -0.01570072274251403666, 0.01003420878285433450 ) ) ;
#1103 = CARTESIAN_POINT ( 'NONE',  ( -0.01812963300372498129, -0.03140144548502863536, -0.07999555312190756440 ) ) ;
#1104 = ORIENTED_EDGE ( 'NONE', *, *, #1999, .F. ) ;
#1105 = CARTESIAN_POINT ( 'NONE',  ( 0.02538409728943930022, 0.04396654620958079934, -0.06046430312190756440 ) ) ;
#1106 = CARTESIAN_POINT ( 'NONE',  ( 0.03723909236273155454, 0.02150000000000092809, 0.007802065925712273718 ) ) ;
#1107 = CARTESIAN_POINT ( 'NONE',  ( 0.03625926600744993483, 5.556136293836598262E-16, 0.1045282564019019700 ) ) ;
#1108 = CARTESIAN_POINT ( 'NONE',  ( 5.265981236333782775E-18, 0.04300000000000119699, -0.1179211135447586489 ) ) ;
#1109 = CARTESIAN_POINT ( 'NONE',  ( -0.01750000000000436276, 0.01010362971081579624, 0.1179211135447589265 ) ) ;
#1110 = ORIENTED_EDGE ( 'NONE', *, *, #2177, .F. ) ;
#1111 = CARTESIAN_POINT ( 'NONE',  ( -0.01812963300372498129, -0.03140144548502862842, 0.06509373259237814791 ) ) ;
#1112 = CARTESIAN_POINT ( 'NONE',  ( 0.000000000000000000, 0.03140144548502977334, 0.07327825640190196999 ) ) ;
#1113 = EDGE_CURVE ( 'NONE', #2179, #1615, #1752, .T. ) ;
#1114 = CARTESIAN_POINT ( 'NONE',  ( 0.01812963300372498823, 0.03140144548502975946, 0.03607587544952102487 ) ) ;
#1115 = ORIENTED_EDGE ( 'NONE', *, *, #1887, .T. ) ;
#1116 = CARTESIAN_POINT ( 'NONE',  ( 0.000000000000000000, 4.095459211021323262E-16, 0.09604611354475892093 ) ) ;
#1117 = CARTESIAN_POINT ( 'NONE',  ( -0.03807614593415892257, -0.02198327310478955313, 0.03514581592571147661 ) ) ;
#1118 = VERTEX_POINT ( 'NONE', #2117 ) ;
#1119 = EDGE_CURVE ( 'NONE', #841, #439, #1254, .T. ) ;
#1120 = CARTESIAN_POINT ( 'NONE',  ( -0.02482606157515449344, 0.04300000000000109290, 0.03012349449714086039 ) ) ;
#1121 = CARTESIAN_POINT ( 'NONE',  ( 0.01749999999999999126, 0.006977099620876085415, 0.1163578484997841167 ) ) ;
#1122 = FACE_OUTER_BOUND ( 'NONE', #698, .T. ) ;
#1123 = CARTESIAN_POINT ( 'NONE',  ( 0.01812963300372496048, -0.03140144548502864924, -0.1127336483600027833 ) ) ;
#1124 = CARTESIAN_POINT ( 'NONE',  ( -0.05076819457887855186, 5.653830038414538087E-16, -0.05451192216952660541 ) ) ;
#1125 = CARTESIAN_POINT ( 'NONE',  ( 0.000000000000000000, 0.03140144548502977334, 0.09113539925904480532 ) ) ;
#1126 = CARTESIAN_POINT ( 'NONE',  ( 0.01812963300372498823, 0.03140144548502975946, 0.1253615897352353126 ) ) ;
#1127 = CARTESIAN_POINT ( 'NONE',  ( 0.000000000000000000, 0.04300000000000134270, -0.04279317216952582131 ) ) ;
#1128 = CARTESIAN_POINT ( 'NONE',  ( 0.01812963300372498823, 0.03140144548502975946, 0.07402230402094960027 ) ) ;
#1129 = CARTESIAN_POINT ( 'NONE',  ( 0.000000000000000000, 0.03140144548502977334, 0.03756397068761624380 ) ) ;
#1130 = CARTESIAN_POINT ( 'NONE',  ( 0.000000000000000000, -1.453607026109205299E-16, -0.1179211135447590930 ) ) ;
#1131 = EDGE_CURVE ( 'NONE', #3373, #3144, #1973, .T. ) ;
#1132 = ORIENTED_EDGE ( 'NONE', *, *, #748, .T. ) ;
#1133 = CARTESIAN_POINT ( 'NONE',  ( -0.03807614593415891563, 0.02198327310479069457, -0.003544660264764713450 ) ) ;
#1134 = EDGE_LOOP ( 'NONE', ( #1008, #1565, #2512, #1405 ) ) ;
#1135 = CARTESIAN_POINT ( 'NONE',  ( -0.03723909236273153373, 0.02150000000000095585, 0.1030401611638075143 ) ) ;
#1136 = CARTESIAN_POINT ( 'NONE',  ( 0.03723909236273165863, -0.02149999999999992889, -0.02865626740762271946 ) ) ;
#1137 = CARTESIAN_POINT ( 'NONE',  ( -0.01750000000000000167, -0.003557318379602798265, 0.1152136301640503263 ) ) ;
#1138 = CARTESIAN_POINT ( 'NONE',  ( -0.03625926600744993483, 5.644945881947510718E-16, 0.07997468497333054538 ) ) ;
#1139 = CARTESIAN_POINT ( 'NONE',  ( 0.01812963300372496048, -0.03140144548502864924, -0.07701936264571707103 ) ) ;
#1140 = ORIENTED_EDGE ( 'NONE', *, *, #2604, .F. ) ;
#1141 = CARTESIAN_POINT ( 'NONE',  ( 0.05076819457887855186, 5.529483824435511225E-16, -0.04558335074095516692 ) ) ;
#1142 = CARTESIAN_POINT ( 'NONE',  ( -0.03723909236273166556, 0.02150000000000103911, -0.09115626740762272640 ) ) ;
#1143 = CARTESIAN_POINT ( 'NONE',  ( 0.000000000000000000, -1.453607026109205299E-16, -0.1179211135447590930 ) ) ;
#1144 = CARTESIAN_POINT ( 'NONE',  ( -0.04965212315030870238, 5.653146641763230716E-16, 0.05095682783047417175 ) ) ;
#1145 =( BOUNDED_CURVE ( )  B_SPLINE_CURVE ( 2, ( #172, #1230, #706, #2533, #187, #1243, #2286 ),
 .UNSPECIFIED., .F., .F. ) 
 B_SPLINE_CURVE_WITH_KNOTS ( ( 3, 2, 2, 3 ),
 ( 0.6000000000000000888, 0.6111111111111112715, 0.6222222222222222321, 0.6333333333333333037 ),
 .UNSPECIFIED. ) 
 CURVE ( )  GEOMETRIC_REPRESENTATION_ITEM ( )  RATIONAL_B_SPLINE_CURVE ( ( 0.9999999999999986677, 0.8660254037844400399, 1.000000000000000000, 0.8660254037844387076, 1.000000000000000000, 0.8660254037844387076, 1.000000000000000000 ) ) 
 REPRESENTATION_ITEM ( '' )  );
#1146 = CARTESIAN_POINT ( 'NONE',  ( 0.01812963300372498823, 0.03140144548502975946, -0.1224062674076218521 ) ) ;
#1147 = CARTESIAN_POINT ( 'NONE',  ( -0.03723909236273154066, -0.02149999999999982134, -0.1082693626457162939 ) ) ;
#1148 = ORIENTED_EDGE ( 'NONE', *, *, #2948, .F. ) ;
#1149 = CARTESIAN_POINT ( 'NONE',  ( -0.02719444950558745633, 0.01570072274251516770, -0.1179419816933361259 ) ) ;
#1150 = EDGE_LOOP ( 'NONE', ( #171, #1132, #1148, #1110 ) ) ;
#1151 = DIRECTION ( 'NONE',  ( -0.000000000000000000, -0.000000000000000000, 1.000000000000000000 ) ) ;
#1152 = CARTESIAN_POINT ( 'NONE',  ( -0.02482606157515436854, -0.04300000000000020473, 0.0003615897352360779088 ) ) ;
#1153 = STYLED_ITEM ( 'NONE', ( #2168 ), #401 ) ;
#1154 = CARTESIAN_POINT ( 'NONE',  ( 0.04965212315030870238, 5.531534014389438267E-16, 0.05988539925904558248 ) ) ;
#1155 = CARTESIAN_POINT ( 'NONE',  ( 0.000000000000000000, 0.04396654620958081322, 0.1017380778304734085 ) ) ;
#1156 = CARTESIAN_POINT ( 'NONE',  ( -0.02719444950558745633, 0.01570072274251516770, -0.08445983883619326282 ) ) ;
#1157 = VERTEX_POINT ( 'NONE', #2089 ) ;
#1158 = CARTESIAN_POINT ( 'NONE',  ( -0.03807614593415892257, -0.02198327310478955313, -0.05302382693143135872 ) ) ;
#1159 = AXIS2_PLACEMENT_3D ( 'NONE', #2839, #761, #718 ) ;
#1160 = EDGE_CURVE ( 'NONE', #629, #1620, #3028, .T. ) ;
#1161 = AXIS2_PLACEMENT_3D ( 'NONE', #869, #326, #1894 ) ;
#1162 = CARTESIAN_POINT ( 'NONE',  ( 0.000000000000000000, 0.03140144548502977334, 0.07327825640190196999 ) ) ;
#1163 = CARTESIAN_POINT ( 'NONE',  ( -0.02719444950558745633, -0.01570072274251403666, -0.09710864836000281108 ) ) ;
#1164 = CARTESIAN_POINT ( 'NONE',  ( -0.03625926600744993483, 5.644945881947510718E-16, 0.09559968497333051762 ) ) ;
#1165 = LINE ( 'NONE', #1439, #815 ) ;
#1166 =( BOUNDED_CURVE ( )  B_SPLINE_CURVE ( 2, ( #2810, #955, #701, #1255, #2854, #1848, #2885 ),
 .UNSPECIFIED., .F., .F. ) 
 B_SPLINE_CURVE_WITH_KNOTS ( ( 3, 2, 2, 3 ),
 ( 0.5333333333333333259, 0.5444444444444443976, 0.5555555555555555802, 0.5666666666666666519 ),
 .UNSPECIFIED. ) 
 CURVE ( )  GEOMETRIC_REPRESENTATION_ITEM ( )  RATIONAL_B_SPLINE_CURVE ( ( 1.000000000000000000, 0.8660254037844387076, 1.000000000000000000, 0.8660254037844387076, 1.000000000000000000, 0.8660254037844387076, 1.000000000000000000 ) ) 
 REPRESENTATION_ITEM ( '' )  );
#1167 = CARTESIAN_POINT ( 'NONE',  ( -0.03625926600744993483, 5.644945881947510718E-16, 0.04202825640190195611 ) ) ;
#1168 = CARTESIAN_POINT ( 'NONE',  ( -0.03807614593415892257, -0.02198327310478955313, 0.1244315302114257504 ) ) ;
#1169 = DIRECTION ( 'NONE',  ( -1.000000000000000000, 0.000000000000000000, -0.000000000000000000 ) ) ;
#1170 = CARTESIAN_POINT ( 'NONE',  ( -0.02719444950558745633, -0.01570072274251403666, -0.1328229340742884956 ) ) ;
#1171 = CARTESIAN_POINT ( 'NONE',  ( -9.621934180939776260E-18, -0.02020725942163705338, 0.09604611354475892093 ) ) ;
#1172 = EDGE_LOOP ( 'NONE', ( #2831, #692 ) ) ;
#1173 = CARTESIAN_POINT ( 'NONE',  ( 0.000000000000000000, 3.457575018269998191E-30, -0.1320788864552411290 ) ) ;
#1174 =( BOUNDED_CURVE ( )  B_SPLINE_CURVE ( 2, ( #667, #958, #2013, #216, #1211, #1740, #3357 ),
 .UNSPECIFIED., .F., .F. ) 
 B_SPLINE_CURVE_WITH_KNOTS ( ( 3, 2, 2, 3 ),
 ( 0.8666666666666668073, 0.8777777777777778789, 0.8888888888888889506, 0.9000000000000001332 ),
 .UNSPECIFIED. ) 
 CURVE ( )  GEOMETRIC_REPRESENTATION_ITEM ( )  RATIONAL_B_SPLINE_CURVE ( ( 0.9999999999999986677, 0.8660254037844400399, 1.000000000000000000, 0.8660254037844387076, 1.000000000000000000, 0.8660254037844373753, 1.000000000000001332 ) ) 
 REPRESENTATION_ITEM ( '' )  );
#1175 = CARTESIAN_POINT ( 'NONE',  ( -0.01812963300372498129, -0.03140144548502862842, 0.08295087544952101100 ) ) ;
#1176 = CARTESIAN_POINT ( 'NONE',  ( 0.000000000000000000, 0.03140144548502977334, -0.05172174359809803695 ) ) ;
#1177 = CARTESIAN_POINT ( 'NONE',  ( -0.01812963300372496395, 0.03140144548502977334, -0.1038050769314313865 ) ) ;
#1178 = ORIENTED_EDGE ( 'NONE', *, *, #1633, .F. ) ;
#1179 = CARTESIAN_POINT ( 'NONE',  ( -0.03050989821197173588, 0.01993192644548831896, 0.1167577686140812698 ) ) ;
#1180 = CARTESIAN_POINT ( 'NONE',  ( -0.03723909236273154066, -0.02149999999999982134, -0.07255507693143058157 ) ) ;
#1181 = CARTESIAN_POINT ( 'NONE',  ( 0.01812963300372496048, -0.03140144548502864924, 0.08592706592571146273 ) ) ;
#1182 = CARTESIAN_POINT ( 'NONE',  ( 0.01812963300372498823, 0.03140144548502975946, 0.1075044468780924217 ) ) ;
#1183 = CYLINDRICAL_SURFACE ( 'NONE', #1094, 0.04300000000000134270 ) ;
#1184 = CARTESIAN_POINT ( 'NONE',  ( -0.02538409728943927246, 0.04396654620958081322, 0.08425295878285431195 ) ) ;
#1185 = CARTESIAN_POINT ( 'NONE',  ( 0.03807614593415893645, 0.02198327310479065988, -0.1155238269314313587 ) ) ;
#1186 = ADVANCED_FACE ( 'NONE', ( #3406 ), #2735, .F. ) ;
#1187 = CARTESIAN_POINT ( 'NONE',  ( -0.02719444950558745633, -0.01570072274251403666, -0.1149657912171456464 ) ) ;
#1188 = CARTESIAN_POINT ( 'NONE',  ( 0.000000000000000000, -2.566800292850128186E-15, 0.1179211135447587738 ) ) ;
#1189 = VERTEX_POINT ( 'NONE', #1626 ) ;
#1190 = DIRECTION ( 'NONE',  ( 1.000000000000000000, 0.000000000000000000, 0.000000000000000000 ) ) ;
#1191 = CARTESIAN_POINT ( 'NONE',  ( -0.01812963300372498129, -0.03140144548502863536, 0.02714730402094956904 ) ) ;
#1192 = CARTESIAN_POINT ( 'NONE',  ( 0.02719444950558747021, 0.01570072274251513994, -0.07255507693143135872 ) ) ;
#1193 = CARTESIAN_POINT ( 'NONE',  ( 0.000000000000000000, 0.03140144548502977334, 0.01970682783047340153 ) ) ;
#1194 = CARTESIAN_POINT ( 'NONE',  ( -0.03807614593415892257, -0.02198327310478955313, 0.1076904587828543397 ) ) ;
#1195 = CARTESIAN_POINT ( 'NONE',  ( -0.03517929055587996207, 0.004783318866720544238, 0.1174221600732393289 ) ) ;
#1196 = CARTESIAN_POINT ( 'NONE',  ( 0.02020725942164193489, -5.170700926295986467E-15, 0.1179211135447589265 ) ) ;
#1197 = CARTESIAN_POINT ( 'NONE',  ( 0.03723909236273151985, -0.02149999999999984562, -0.01303126740762105412 ) ) ;
#1198 = CARTESIAN_POINT ( 'NONE',  ( -5.265981236333733472E-18, -0.04300000000000036432, -0.01377531502667034453 ) ) ;
#1199 = CARTESIAN_POINT ( 'NONE',  ( -5.384349008512664934E-18, -0.04396654620957968912, 0.1274077206876162438 ) ) ;
#1200 = CARTESIAN_POINT ( 'NONE',  ( 0.02482606157515432690, 0.04300000000000171740, -0.04204912455047985637 ) ) ;
#1201 = DIRECTION ( 'NONE',  ( -0.000000000000000000, -1.026720117140053010E-14, 1.000000000000000000 ) ) ;
#1202 = CARTESIAN_POINT ( 'NONE',  ( -0.03807614593415892257, -0.02198327310478955313, 0.03626188735428293591 ) ) ;
#1203 = EDGE_CURVE ( 'NONE', #1294, #1300, #1940, .T. ) ;
#1204 = VERTEX_POINT ( 'NONE', #3128 ) ;
#1205 = EDGE_LOOP ( 'NONE', ( #1628, #2377, #2806, #1822 ) ) ;
#1206 = CARTESIAN_POINT ( 'NONE',  ( 0.03723909236273151985, -0.02149999999999984562, 0.05839730402095036355 ) ) ;
#1207 = CARTESIAN_POINT ( 'NONE',  ( -0.02719444950558745633, 0.01570072274251516770, -0.1023169816933361259 ) ) ;
#1208 = CARTESIAN_POINT ( 'NONE',  ( 0.02719444950558747021, 0.01570072274251513994, 0.03458778021142575737 ) ) ;
#1209 = CARTESIAN_POINT ( 'NONE',  ( -0.03625926600744993483, 5.644945881947510718E-16, -0.02940031502666946503 ) ) ;
#1210 = AXIS2_PLACEMENT_3D ( 'NONE', #1312, #2919, #543 ) ;
#1211 = CARTESIAN_POINT ( 'NONE',  ( 0.03723909236273151985, -0.02149999999999984562, -0.1023169816933353488 ) ) ;
#1212 = CYLINDRICAL_SURFACE ( 'NONE', #975, 0.04300000000000134270 ) ;
#1213 = VECTOR ( 'NONE', #474, 39.37007874015748854 ) ;
#1214 = CARTESIAN_POINT ( 'NONE',  ( 0.000000000000000000, 0.04396654620958081322, -0.02326192216952659500 ) ) ;
#1215 = CARTESIAN_POINT ( 'NONE',  ( 0.01812963300372498823, 0.03140144548502975946, -0.01526341026476470304 ) ) ;
#1216 = CARTESIAN_POINT ( 'NONE',  ( 0.02482606157515438242, 0.04300000000000132883, -0.06213841026476391027 ) ) ;
#1217 = CARTESIAN_POINT ( 'NONE',  ( 0.02538409728943926552, -0.04396654620957970300, 0.1110386730685686135 ) ) ;
#1218 = CARTESIAN_POINT ( 'NONE',  ( 0.01749999999999999126, 4.095459211021323262E-16, 0.09604611354475892093 ) ) ;
#1219 = CARTESIAN_POINT ( 'NONE',  ( 0.000000000000000000, 0.04300000000000134270, -0.007078886455240100337 ) ) ;
#1220 = ORIENTED_EDGE ( 'NONE', *, *, #1580, .T. ) ;
#1221 = DIRECTION ( 'NONE',  ( 0.8660254037844388186, 0.4999999999999997224, 0.000000000000000000 ) ) ;
#1222 = EDGE_CURVE ( 'NONE', #180, #2909, #242, .T. ) ;
#1223 = ORIENTED_EDGE ( 'NONE', *, *, #2408, .F. ) ;
#1224 = DIRECTION ( 'NONE',  ( -0.8660254037844385966, 0.5000000000000001110, 0.000000000000000000 ) ) ;
#1225 = CARTESIAN_POINT ( 'NONE',  ( -3.845567970184112305E-18, -0.03140144548502864230, 0.1201532564019019561 ) ) ;
#1226 = B_SPLINE_CURVE_WITH_KNOTS ( 'NONE', 3,
 ( #2423, #3161, #1379, #100 ),
 .UNSPECIFIED., .F., .F.,
 ( 4, 4 ),
 ( 0.0003035190785396765854, 0.0005694681398299913933 ),
 .UNSPECIFIED. ) ;
#1227 = CARTESIAN_POINT ( 'NONE',  ( -0.02719444950558745633, -0.01570072274251403666, 0.02565920878285433970 ) ) ;
#1228 = CARTESIAN_POINT ( 'NONE',  ( -0.01812963300372498129, -0.03140144548502862842, -0.008566981693336138057 ) ) ;
#1229 = CARTESIAN_POINT ( 'NONE',  ( -0.02719444950558745633, -0.01570072274251403666, 0.02565920878285433970 ) ) ;
#1230 = CARTESIAN_POINT ( 'NONE',  ( 0.02482606157515452466, 0.04300000000000107209, -0.02642412455047821532 ) ) ;
#1231 = CARTESIAN_POINT ( 'NONE',  ( 0.02719444950558747021, 0.01570072274251513994, -0.01675150550285994452 ) ) ;
#1232 = CARTESIAN_POINT ( 'NONE',  ( -0.03036070477717409816, -0.01980892353321761501, -0.1196783033959887832 ) ) ;
#1233 = CARTESIAN_POINT ( 'NONE',  ( -3.845567970184112305E-18, -0.03140144548502864230, -0.05841817216952659847 ) ) ;
#1234 = LINE ( 'NONE', #2731, #2576 ) ;
#1235 = CARTESIAN_POINT ( 'NONE',  ( -0.03723909236273153373, 0.02150000000000095585, -0.02195983883619249261 ) ) ;
#1236 = CARTESIAN_POINT ( 'NONE',  ( -0.02719444950558745633, 0.01570072274251516770, -0.04651341026476469437 ) ) ;
#1237 = CARTESIAN_POINT ( 'NONE',  ( 0.000000000000000000, -0.04300000000000148842, -0.1179211135447595232 ) ) ;
#1238 = CARTESIAN_POINT ( 'NONE',  ( -0.03807614593415891563, 0.02198327310479069457, -0.1106875174076218521 ) ) ;
#1239 = CARTESIAN_POINT ( 'NONE',  ( -0.02719444950558745633, 0.01570072274251516770, 0.1142008754495209832 ) ) ;
#1240 = CARTESIAN_POINT ( 'NONE',  ( 0.02719444950558744939, -0.01570072274251405747, -0.05767412455047898900 ) ) ;
#1241 = CARTESIAN_POINT ( 'NONE',  ( 0.000000000000000000, 0.03140144548502977334, 0.001849684973330525863 ) ) ;
#1242 = ORIENTED_EDGE ( 'NONE', *, *, #669, .T. ) ;
#1243 = CARTESIAN_POINT ( 'NONE',  ( 0.02482606157515433731, -0.04300000000000023942, -0.03237650550285916390 ) ) ;
#1244 = CARTESIAN_POINT ( 'NONE',  ( -0.01812963300372498129, -0.03140144548502862842, -0.07776341026476470131 ) ) ;
#1245 = CARTESIAN_POINT ( 'NONE',  ( 0.000000000000000000, 0.04300000000000150230, -0.05841817216952748665 ) ) ;
#1246 = EDGE_CURVE ( 'NONE', #1352, #629, #458, .T. ) ;
#1247 = CARTESIAN_POINT ( 'NONE',  ( -0.05076819457887855186, 5.653830038414538087E-16, -0.03665477931238374926 ) ) ;
#1248 = CARTESIAN_POINT ( 'NONE',  ( 0.02719444950558744939, -0.01570072274251405747, -0.09115626740762183822 ) ) ;
#1249 = CARTESIAN_POINT ( 'NONE',  ( -0.02719444950558745633, 0.01570072274251516770, -0.02865626740762185209 ) ) ;
#1250 = CARTESIAN_POINT ( 'NONE',  ( 0.01359776238030520681, 0.03497492822129277118, -0.1187599292279561958 ) ) ;
#1251 = CARTESIAN_POINT ( 'NONE',  ( 0.02719444950558747021, 0.01570072274251513994, -0.1238943626457170849 ) ) ;
#1252 = CARTESIAN_POINT ( 'NONE',  ( 0.000000000000000000, 0.04300000000000150230, -0.1119896007409560551 ) ) ;
#1253 = CARTESIAN_POINT ( 'NONE',  ( 0.03807614593415893645, 0.02198327310479065988, -0.04521132693143136566 ) ) ;
#1254 =( BOUNDED_CURVE ( )  B_SPLINE_CURVE ( 2, ( #1350, #1371, #1074, #251, #838, #1645, #2637 ),
 .UNSPECIFIED., .F., .T. ) 
 B_SPLINE_CURVE_WITH_KNOTS ( ( 3, 2, 2, 3 ),
 ( 0.9000000000000001332, 0.9111111111111112049, 0.9222222222222223875, 0.9333333333333334592 ),
 .UNSPECIFIED. ) 
 CURVE ( )  GEOMETRIC_REPRESENTATION_ITEM ( )  RATIONAL_B_SPLINE_CURVE ( ( 0.9999999999999986677, 0.8660254037844400399, 1.000000000000000000, 0.8660254037844387076, 1.000000000000000000, 0.8660254037844373753, 1.000000000000001332 ) ) 
 REPRESENTATION_ITEM ( '' )  );
#1255 = CARTESIAN_POINT ( 'NONE',  ( -0.04965212315030889667, 5.653146641763228744E-16, -0.0003824578838131962948 ) ) ;
#1256 = CARTESIAN_POINT ( 'NONE',  ( 0.02719444950558744939, -0.01570072274251405747, -0.09338841026476468743 ) ) ;
#1257 = CARTESIAN_POINT ( 'NONE',  ( -0.02719444950558745633, 0.01570072274251516770, 0.04054016116380673024 ) ) ;
#1258 = CARTESIAN_POINT ( 'NONE',  ( 0.01812963300372498823, 0.03140144548502975946, -0.05097769597905042055 ) ) ;
#1259 = EDGE_CURVE ( 'NONE', #3144, #2396, #314, .T. ) ;
#1260 = VECTOR ( 'NONE', #1952, 39.37007874015748143 ) ;
#1261 = EDGE_CURVE ( 'NONE', #2617, #553, #293, .T. ) ;
#1262 = CARTESIAN_POINT ( 'NONE',  ( 0.000000000000000000, 0.03140144548502977334, -0.03163245788381231771 ) ) ;
#1263 = VECTOR ( 'NONE', #920, 39.37007874015748143 ) ;
#1264 = CARTESIAN_POINT ( 'NONE',  ( 0.04965212315030870238, 5.531534014389438267E-16, 0.07774254211618845944 ) ) ;
#1265 = ORIENTED_EDGE ( 'NONE', *, *, #1222, .T. ) ;
#1266 = VERTEX_POINT ( 'NONE', #327 ) ;
#1267 = VECTOR ( 'NONE', #569, 39.37007874015748143 ) ;
#1268 = CARTESIAN_POINT ( 'NONE',  ( 0.01812963300372498823, 0.03140144548502975946, -0.06883483883619327670 ) ) ;
#1269 = CARTESIAN_POINT ( 'NONE',  ( -0.02719444950558745633, 0.01570072274251516770, -0.04874555312190755052 ) ) ;
#1270 = CYLINDRICAL_SURFACE ( 'NONE', #3416, 0.04300000000000134270 ) ;
#1271 = CARTESIAN_POINT ( 'NONE',  ( -0.02538409728943927246, 0.04396654620958081322, -0.1121756126457170988 ) ) ;
#1272 = ORIENTED_EDGE ( 'NONE', *, *, #2604, .T. ) ;
#1273 = CARTESIAN_POINT ( 'NONE',  ( -0.03515418022012191390, -0.0006078683884947074477, 0.1176725554055494533 ) ) ;
#1274 = CARTESIAN_POINT ( 'NONE',  ( -0.02719444950558745633, -0.01570072274251403666, -0.1171979340742884956 ) ) ;
#1275 = CARTESIAN_POINT ( 'NONE',  ( -0.03625926600744994177, 5.644945881947510718E-16, 0.05988539925904484001 ) ) ;
#1276 = CARTESIAN_POINT ( 'NONE',  ( 0.02719444950558747021, 0.01570072274251513994, -0.03684079121714566030 ) ) ;
#1277 = CARTESIAN_POINT ( 'NONE',  ( 0.03625926600744994177, 5.556136293836597276E-16, 0.05318897068761622993 ) ) ;
#1278 = ORIENTED_EDGE ( 'NONE', *, *, #1071, .T. ) ;
#1279 = ADVANCED_FACE ( 'NONE', ( #1122 ), #209, .F. ) ;
#1280 = CARTESIAN_POINT ( 'NONE',  ( 0.03625926600744994177, 5.556136293836597276E-16, -0.07181102931238375620 ) ) ;
#1281 = CARTESIAN_POINT ( 'NONE',  ( -5.265981236333733472E-18, -0.04300000000000036432, 0.02193897068761537297 ) ) ;
#1282 = EDGE_LOOP ( 'NONE', ( #3386, #505, #1361, #1985 ) ) ;
#1283 = CARTESIAN_POINT ( 'NONE',  ( -0.03625926600744993483, 5.644945881947510718E-16, -0.1164538864552408931 ) ) ;
#1284 = ORIENTED_EDGE ( 'NONE', *, *, #350, .T. ) ;
#1285 = DIRECTION ( 'NONE',  ( -0.000000000000000000, -1.026720117140053010E-14, 1.000000000000000000 ) ) ;
#1286 = CARTESIAN_POINT ( 'NONE',  ( -5.384349008512664934E-18, -0.04396654620957968912, -0.1225922793123837562 ) ) ;
#1288 = ADVANCED_FACE ( 'NONE', ( #2660 ), #2161, .F. ) ;
#1287 = ORIENTED_EDGE ( 'NONE', *, *, #1222, .F. ) ;
#1289 = CARTESIAN_POINT ( 'NONE',  ( 0.000000000000000000, 0.03140144548502977334, 0.03756397068761624380 ) ) ;
#1290 = LINE ( 'NONE', #1592, #2254 ) ;
#1291 = ORIENTED_EDGE ( 'NONE', *, *, #3265, .T. ) ;
#1292 = CARTESIAN_POINT ( 'NONE',  ( -3.845567970184112305E-18, -0.03140144548502864230, -0.004846743598098039556 ) ) ;
#1293 = CARTESIAN_POINT ( 'NONE',  ( -0.01812963300372496395, 0.03140144548502977334, 0.04128420878285432583 ) ) ;
#1294 = VERTEX_POINT ( 'NONE', #347 ) ;
#1295 = CARTESIAN_POINT ( 'NONE',  ( -0.05076819457887855186, 5.653830038414538087E-16, -0.07236906502666945462 ) ) ;
#1296 = DIRECTION ( 'NONE',  ( 0.000000000000000000, -1.000000000000000000, -1.014479749797830643E-14 ) ) ;
#1297 = CARTESIAN_POINT ( 'NONE',  ( 0.03723909236273155454, 0.02150000000000092809, -0.08148364836000199229 ) ) ;
#1298 = VERTEX_POINT ( 'NONE', #1380 ) ;
#1299 = CARTESIAN_POINT ( 'NONE',  ( -3.845567970184112305E-18, -0.03140144548502864230, 0.03086754211618767882 ) ) ;
#1300 = VERTEX_POINT ( 'NONE', #1668 ) ;
#1301 = CARTESIAN_POINT ( 'NONE',  ( -0.03723909236273166556, 0.02150000000000103911, -0.1090134102647655756 ) ) ;
#1302 = CARTESIAN_POINT ( 'NONE',  ( 0.03807614593415890869, -0.02198327310478958435, -0.08390180312190757828 ) ) ;
#1303 = ORIENTED_EDGE ( 'NONE', *, *, #1026, .F. ) ;
#1304 = DIRECTION ( 'NONE',  ( -0.8660254037844388186, -0.4999999999999996114, 0.000000000000000000 ) ) ;
#1305 = DIRECTION ( 'NONE',  ( 0.000000000000000000, -1.000000000000000000, -1.032384416210327296E-14 ) ) ;
#1306 = CARTESIAN_POINT ( 'NONE',  ( 0.03625926600744994177, 5.556136293836597276E-16, 0.05095682783047338765 ) ) ;
#1307 = CARTESIAN_POINT ( 'NONE',  ( 0.03665129128355679861, -0.02248739307362937825, 0.1118993287161502703 ) ) ;
#1308 = CARTESIAN_POINT ( 'NONE',  ( -0.01812963300372496395, 0.03140144548502977334, -0.01228721978857423396 ) ) ;
#1309 = CARTESIAN_POINT ( 'NONE',  ( -0.03625926600744994177, 5.644945881947510718E-16, 0.02640325640190196652 ) ) ;
#1310 = ORIENTED_EDGE ( 'NONE', *, *, #843, .T. ) ;
#1311 = CARTESIAN_POINT ( 'NONE',  ( -0.02719444950558745633, -0.01570072274251403666, 0.06137349449714005895 ) ) ;
#1312 = CARTESIAN_POINT ( 'NONE',  ( 0.03500000000000000333, -1.579349621337152204E-16, 0.09604611354475892093 ) ) ;
#1313 = CARTESIAN_POINT ( 'NONE',  ( -0.01750000000000000167, -0.01010362971081859434, 0.09604611354475892093 ) ) ;
#1314 = CIRCLE ( 'NONE', #1034, 0.02020725942164193489 ) ;
#1315 = CARTESIAN_POINT ( 'NONE',  ( 0.01812963300372498823, 0.03140144548502975946, 0.07179016116380673718 ) ) ;
#1316 = CARTESIAN_POINT ( 'NONE',  ( -0.01812963300372498129, -0.03140144548502862842, 0.02937944687809241825 ) ) ;
#1317 = CARTESIAN_POINT ( 'NONE',  ( 0.02719444950558744939, -0.01570072274251405747, 0.01375444687809243213 ) ) ;
#1318 = CARTESIAN_POINT ( 'NONE',  ( -0.02719444950558745633, 0.01570072274251516770, 0.07848658973523529869 ) ) ;
#1319 = AXIS2_PLACEMENT_3D ( 'NONE', #2009, #2311, #1001 ) ;
#1320 = CARTESIAN_POINT ( 'NONE',  ( -0.02538409728943927246, 0.04396654620958081322, -0.02288989836000279721 ) ) ;
#1321 = EDGE_LOOP ( 'NONE', ( #910, #2836, #1497 ) ) ;
#1322 = CARTESIAN_POINT ( 'NONE',  ( -0.02719444950558745633, 0.01570072274251516770, 0.1119687325923781340 ) ) ;
#1323 = FACE_OUTER_BOUND ( 'NONE', #494, .T. ) ;
#1324 = CARTESIAN_POINT ( 'NONE',  ( -0.03723909236273166556, 0.02150000000000103911, -0.07329912455047986330 ) ) ;
#1325 = CARTESIAN_POINT ( 'NONE',  ( -0.01812963300372498129, -0.03140144548502862842, 0.04723658973523529175 ) ) ;
#1326 = CARTESIAN_POINT ( 'NONE',  ( 0.03807614593415893645, 0.02198327310479065988, -0.09766668407428849563 ) ) ;
#1327 = FACE_OUTER_BOUND ( 'NONE', #2772, .T. ) ;
#1328 = EDGE_CURVE ( 'NONE', #3222, #2125, #2652, .T. ) ;
#1329 = CARTESIAN_POINT ( 'NONE',  ( -0.03807614593415891563, 0.02198327310479069457, -0.1274285888361932628 ) ) ;
#1330 = CARTESIAN_POINT ( 'NONE',  ( -5.265981236333733472E-18, -0.04300000000000036432, 0.004081827830472514219 ) ) ;
#1331 = CARTESIAN_POINT ( 'NONE',  ( -0.03625926600744993483, 5.644945881947510718E-16, -0.1008288864552408792 ) ) ;
#1332 = CARTESIAN_POINT ( 'NONE',  ( 0.03625926600744993483, 5.556136293836598262E-16, 0.05318897068761623687 ) ) ;
#1333 = CARTESIAN_POINT ( 'NONE',  ( 0.02719444950558747021, 0.01570072274251513994, -0.01898364836000280068 ) ) ;
#1334 = CARTESIAN_POINT ( 'NONE',  ( -0.01812963300372496395, 0.03140144548502977334, 0.03905206592571146967 ) ) ;
#1335 = ORIENTED_EDGE ( 'NONE', *, *, #687, .F. ) ;
#1336 = CARTESIAN_POINT ( 'NONE',  ( -5.265981236333714212E-18, -0.04300000000000021166, 0.07327825640190276102 ) ) ;
#1337 = CARTESIAN_POINT ( 'NONE',  ( -0.03807614593415892257, -0.02198327310478955313, 0.05300295878285434664 ) ) ;
#1338 = VERTEX_POINT ( 'NONE', #279 ) ;
#1339 = FACE_OUTER_BOUND ( 'NONE', #3205, .T. ) ;
#1340 = DIRECTION ( 'NONE',  ( -0.000000000000000000, -1.026720117140053010E-14, 1.000000000000000000 ) ) ;
#1341 = CARTESIAN_POINT ( 'NONE',  ( 0.007180420893681481974, 0.03866485606846028350, 0.1149348291762453261 ) ) ;
#1342 = CARTESIAN_POINT ( 'NONE',  ( -5.265981236333714212E-18, -0.04300000000000021166, -0.03386460074095439671 ) ) ;
#1343 = CARTESIAN_POINT ( 'NONE',  ( -0.01812963300372498129, -0.03140144548502862842, 0.06509373259237814791 ) ) ;
#1344 = DIRECTION ( 'NONE',  ( 0.000000000000000000, 0.000000000000000000, 1.000000000000000000 ) ) ;
#1345 = DIRECTION ( 'NONE',  ( -0.8660254037844388186, -0.4999999999999996114, 0.000000000000000000 ) ) ;
#1346 = FACE_OUTER_BOUND ( 'NONE', #2325, .T. ) ;
#1347 = EDGE_CURVE ( 'NONE', #1915, #1266, #1876, .T. ) ;
#1348 = CARTESIAN_POINT ( 'NONE',  ( -0.02719444950558745633, -0.01570072274251403666, 0.04574849449714007282 ) ) ;
#1349 = CARTESIAN_POINT ( 'NONE',  ( -0.02719444950558745633, -0.01570072274251403666, 0.04351635163999721667 ) ) ;
#1350 = CARTESIAN_POINT ( 'NONE',  ( -5.265981236333733472E-18, -0.04300000000000036432, 0.09336754211618679411 ) ) ;
#1351 = CARTESIAN_POINT ( 'NONE',  ( 0.05076819457887855186, 5.529483824435511225E-16, 0.06044343497333051068 ) ) ;
#1352 = VERTEX_POINT ( 'NONE', #2913 ) ;
#1353 = CARTESIAN_POINT ( 'NONE',  ( 0.01050317224783278366, -0.04169752238122055588, 0.1118993287161547390 ) ) ;
#1354 = CARTESIAN_POINT ( 'NONE',  ( 0.000000000000000000, 0.04300000000000150230, -0.02270388645524177088 ) ) ;
#1355 = CARTESIAN_POINT ( 'NONE',  ( 0.03247949784092520054, 0.02497513339144434921, 0.1137605298559552780 ) ) ;
#1356 = DIRECTION ( 'NONE',  ( -1.000000000000000000, 0.000000000000000000, -0.000000000000000000 ) ) ;
#1357 = CARTESIAN_POINT ( 'NONE',  ( 0.02719444950558747021, 0.01570072274251513994, 0.07253420878285433970 ) ) ;
#1358 = DIRECTION ( 'NONE',  ( 0.000000000000000000, 1.000000000000000000, 1.026720117140053010E-14 ) ) ;
#1359 = CARTESIAN_POINT ( 'NONE',  ( -0.02538409728943927246, 0.04396654620958081322, 0.08536903021142577819 ) ) ;
#1360 = CARTESIAN_POINT ( 'NONE',  ( 0.02719444950558744939, -0.01570072274251405747, -0.09338841026476468743 ) ) ;
#1361 = ORIENTED_EDGE ( 'NONE', *, *, #366, .F. ) ;
#1362 = PLANE ( 'NONE',  #2467 ) ;
#1363 = CARTESIAN_POINT ( 'NONE',  ( -3.845567970184112305E-18, -0.03140144548502864230, 0.1179211135447591069 ) ) ;
#1364 = CARTESIAN_POINT ( 'NONE',  ( -0.03723909236273153373, 0.02150000000000095585, -0.09338841026476391027 ) ) ;
#1365 = CARTESIAN_POINT ( 'NONE',  ( -0.01750000000000000513, 4.055086865595390561E-16, 0.09604611354475892093 ) ) ;
#1366 = EDGE_CURVE ( 'NONE', #1969, #1749, #1520, .T. ) ;
#1367 = CARTESIAN_POINT ( 'NONE',  ( 0.000000000000000000, 0.03140144548502977334, 0.05765325640190194223 ) ) ;
#1368 = CARTESIAN_POINT ( 'NONE',  ( -3.845567970184112305E-18, -0.03140144548502864230, 0.06434968497333054538 ) ) ;
#1369 = CARTESIAN_POINT ( 'NONE',  ( -0.04965212315030889667, 5.653146641763228744E-16, -0.01823960074095605857 ) ) ;
#1370 = EDGE_LOOP ( 'NONE', ( #1561, #1037, #47, #588, #2114 ) ) ;
#1372 = AXIS2_PLACEMENT_3D ( 'NONE', #2099, #3206, #1296 ) ;
#1371 = CARTESIAN_POINT ( 'NONE',  ( 0.02482606157515457670, -0.04300000000000012840, 0.09485563735428205467 ) ) ;
#1373 = CARTESIAN_POINT ( 'NONE',  ( 0.02538409728943926552, -0.04396654620957970300, 0.003895815925711482251 ) ) ;
#1374 = ORIENTED_EDGE ( 'NONE', *, *, #1735, .F. ) ;
#1375 = DIRECTION ( 'NONE',  ( 0.000000000000000000, -1.000000000000000000, -1.032384416210299843E-14 ) ) ;
#1376 = CARTESIAN_POINT ( 'NONE',  ( 0.02719444950558744939, -0.01570072274251405747, -0.1268705531219075644 ) ) ;
#1377 = CARTESIAN_POINT ( 'NONE',  ( 0.000000000000000000, 0.03140144548502977334, -0.06957888645524089311 ) ) ;
#1378 = VECTOR ( 'NONE', #2143, 39.37007874015748143 ) ;
#1379 = CARTESIAN_POINT ( 'NONE',  ( 0.01749999999999999126, -0.003558092819651781456, 0.1152138541231170071 ) ) ;
#1380 = CARTESIAN_POINT ( 'NONE',  ( 1.739952403777180009E-14, -0.02020725942164711131, 0.1179211135447589265 ) ) ;
#1381 = CARTESIAN_POINT ( 'NONE',  ( -0.02538409728943929328, -0.04396654620957967524, 0.07346426830666387409 ) ) ;
#1382 = AXIS2_PLACEMENT_3D ( 'NONE', #2911, #2104, #3160 ) ;
#1383 = CARTESIAN_POINT ( 'NONE',  ( 0.02719444950558747021, 0.01570072274251513994, 0.08815920878285435358 ) ) ;
#1384 = DIRECTION ( 'NONE',  ( -0.000000000000000000, -0.000000000000000000, 1.000000000000000000 ) ) ;
#1385 = CARTESIAN_POINT ( 'NONE',  ( -5.265981236333714212E-18, -0.04300000000000021166, -0.06957888645524010207 ) ) ;
#1386 = EDGE_CURVE ( 'NONE', #1569, #180, #318, .T. ) ;
#1387 = CARTESIAN_POINT ( 'NONE',  ( -0.01812963300372496395, 0.03140144548502977334, 0.07476635163999718892 ) ) ;
#1388 =( BOUNDED_CURVE ( )  B_SPLINE_CURVE ( 2, ( #1761, #2458, #71 ),
 .UNSPECIFIED., .F., .T. ) 
 B_SPLINE_CURVE_WITH_KNOTS ( ( 3, 3 ),
 ( 0.9666666666666667851, 0.9693337781187336688 ),
 .UNSPECIFIED. ) 
 CURVE ( )  GEOMETRIC_REPRESENTATION_ITEM ( )  RATIONAL_B_SPLINE_CURVE ( ( 0.9999999999999986677, 0.9678407338132674065, 0.9511204901111426357 ) ) 
 REPRESENTATION_ITEM ( '' )  );
#1389 = CARTESIAN_POINT ( 'NONE',  ( 0.000000000000000000, 0.03140144548502977334, -0.1030610293123837423 ) ) ;
#1390 = LENGTH_MEASURE_WITH_UNIT ( LENGTH_MEASURE( 0.02539999999999999897 ), #88 );
#1391 = ORIENTED_EDGE ( 'NONE', *, *, #1445, .F. ) ;
#1392 = CARTESIAN_POINT ( 'NONE',  ( 0.000000000000000000, 0.04396654620958081322, -0.02437799359809804042 ) ) ;
#1393 = ORIENTED_EDGE ( 'NONE', *, *, #736, .F. ) ;
#1394 = CARTESIAN_POINT ( 'NONE',  ( -0.04965212315030870238, 5.653146641763230716E-16, 0.1045282564019027194 ) ) ;
#1395 = DIRECTION ( 'NONE',  ( -0.000000000000000000, -1.026720117140053010E-14, 1.000000000000000000 ) ) ;
#1396 = DIRECTION ( 'NONE',  ( 0.000000000000000000, -1.000000000000000000, -1.032384416210299843E-14 ) ) ;
#1397 = ADVANCED_FACE ( 'NONE', ( #572 ), #1652, .T. ) ;
#1398 = CARTESIAN_POINT ( 'NONE',  ( 0.000000000000000000, 0.04300000000000150230, -0.04056102931238462356 ) ) ;
#1399 = CARTESIAN_POINT ( 'NONE',  ( 0.000000000000000000, 0.03140144548502977334, -0.08743602931238375620 ) ) ;
#1400 = ORIENTED_EDGE ( 'NONE', *, *, #766, .F. ) ;
#1401 = CARTESIAN_POINT ( 'NONE',  ( 0.05076819457887855186, 5.529483824435511225E-16, -0.06344049359809803001 ) ) ;
#1402 = CARTESIAN_POINT ( 'NONE',  ( -0.03287727227082191256, 0.01505061516340280327, 0.1169581712779411281 ) ) ;
#1403 = CARTESIAN_POINT ( 'NONE',  ( -0.03625926600744993483, 5.644945881947510718E-16, 0.09783182783047336684 ) ) ;
#1404 = CARTESIAN_POINT ( 'NONE',  ( -3.845567970184112305E-18, -0.03140144548502864230, 0.04649254211618766841 ) ) ;
#1405 = ORIENTED_EDGE ( 'NONE', *, *, #1764, .F. ) ;
#1406 = CARTESIAN_POINT ( 'NONE',  ( 0.02719444950558747021, 0.01570072274251513994, -0.1238943626457170849 ) ) ;
#1407 = VERTEX_POINT ( 'NONE', #2502 ) ;
#1408 = CARTESIAN_POINT ( 'NONE',  ( 0.03665129128355679861, -0.02248739307362937825, 0.1118993287161502703 ) ) ;
#1409 = CARTESIAN_POINT ( 'NONE',  ( -0.03625926600744993483, 5.644945881947510718E-16, -0.06511460074095518080 ) ) ;
#1410 = CARTESIAN_POINT ( 'NONE',  ( -5.265981236333733472E-18, -0.04300000000000036432, 0.004081827830472514219 ) ) ;
#1411 = LINE ( 'NONE', #1650, #2078 ) ;
#1412 = FACE_OUTER_BOUND ( 'NONE', #2532, .T. ) ;
#1413 = DIRECTION ( 'NONE',  ( 1.000000000000000000, 0.000000000000000000, 0.000000000000000000 ) ) ;
#1414 =( BOUNDED_CURVE ( )  B_SPLINE_CURVE ( 2, ( #3419, #2339, #1065, #1833, #1364, #2405, #2100 ),
 .UNSPECIFIED., .F., .T. ) 
 B_SPLINE_CURVE_WITH_KNOTS ( ( 3, 2, 2, 3 ),
 ( 0.8333333333333333703, 0.8444444444444444420, 0.8555555555555557357, 0.8666666666666668073 ),
 .UNSPECIFIED. ) 
 CURVE ( )  GEOMETRIC_REPRESENTATION_ITEM ( )  RATIONAL_B_SPLINE_CURVE ( ( 1.000000000000000000, 0.8660254037844387076, 1.000000000000000000, 0.8660254037844387076, 1.000000000000000000, 0.8660254037844373753, 1.000000000000001332 ) ) 
 REPRESENTATION_ITEM ( '' )  );
#1415 = CARTESIAN_POINT ( 'NONE',  ( 0.02538409728943926552, -0.04396654620957970300, 0.09429760163999720279 ) ) ;
#1416 = CARTESIAN_POINT ( 'NONE',  ( -0.02719444950558745633, -0.01570072274251403666, -0.06362650550285994799 ) ) ;
#1417 = CARTESIAN_POINT ( 'NONE',  ( 0.02719444950558744939, -0.01570072274251405747, -0.07553126740762183822 ) ) ;
#1418 = VERTEX_POINT ( 'NONE', #2723 ) ;
#1419 = CARTESIAN_POINT ( 'NONE',  ( -0.004092697289012323797, -0.03140144548502864924, 0.1179211135447590653 ) ) ;
#1420 = CARTESIAN_POINT ( 'NONE',  ( 0.03625926600744993483, 5.556136293836598262E-16, 0.1067603992590448192 ) ) ;
#1421 = CARTESIAN_POINT ( 'NONE',  ( 0.01812963300372496048, -0.03140144548502864924, 0.03012349449714004854 ) ) ;
#1422 = CARTESIAN_POINT ( 'NONE',  ( 0.000000000000000000, -2.504973416603966753E-15, 0.1118993287161551275 ) ) ;
#1423 = ORIENTED_EDGE ( 'NONE', *, *, #1131, .T. ) ;
#1424 = CARTESIAN_POINT ( 'NONE',  ( 0.03807614593415890869, -0.02198327310478958435, 0.09466962544952101100 ) ) ;
#1425 = CARTESIAN_POINT ( 'NONE',  ( 0.02482606157515442752, -0.04300000000000038514, 0.005569923068567755702 ) ) ;
#1426 = COLOUR_RGB ( '',0.7921568627450980005, 0.8196078431372548767, 0.9333333333333333481 ) ;
#1427 = VERTEX_POINT ( 'NONE', #2455 ) ;
#1428 = DIRECTION ( 'NONE',  ( -0.000000000000000000, -1.026720117140053010E-14, 1.000000000000000000 ) ) ;
#1429 = CONICAL_SURFACE ( 'NONE', #423, 0.02356249097069302093, 0.7853981633974660426 ) ;
#1430 = CARTESIAN_POINT ( 'NONE',  ( -0.01812963300372496395, 0.03140144548502977334, 0.003337780211425768646 ) ) ;
#1431 = CARTESIAN_POINT ( 'NONE',  ( -0.02719444950558745633, -0.01570072274251403666, -0.06362650550285994799 ) ) ;
#1432 = ORIENTED_EDGE ( 'NONE', *, *, #1999, .T. ) ;
#1433 = AXIS2_PLACEMENT_3D ( 'NONE', #842, #1151, #1664 ) ;
#1434 = EDGE_LOOP ( 'NONE', ( #663, #3253, #2402, #628 ) ) ;
#1435 = CARTESIAN_POINT ( 'NONE',  ( -0.02401825181695145875, 0.02824473534989746515, 0.1163102302266383475 ) ) ;
#1436 = CARTESIAN_POINT ( 'NONE',  ( 0.02482606157515446568, 0.04300000000000147454, -0.05990626740762271946 ) ) ;
#1437 = CARTESIAN_POINT ( 'NONE',  ( -0.02719444950558745633, -0.01570072274251403666, 0.08146278021142575043 ) ) ;
#1438 = CARTESIAN_POINT ( 'NONE',  ( 0.04965212315030870238, 5.531534014389438267E-16, -0.01154317216952582825 ) ) ;
#1439 = CARTESIAN_POINT ( 'NONE',  ( 2.885572914719761942E-18, 0.02356249097069302093, -0.1320788864552409070 ) ) ;
#1440 = CARTESIAN_POINT ( 'NONE',  ( -0.02719444950558745633, -0.01570072274251403666, 0.04351635163999721667 ) ) ;
#1441 = CARTESIAN_POINT ( 'NONE',  ( 0.03807614593415893645, 0.02198327310479065988, 0.1333601016399971750 ) ) ;
#1442 = CARTESIAN_POINT ( 'NONE',  ( 0.03723909236273165863, -0.02149999999999992889, -0.04651341026476557561 ) ) ;
#1443 = CARTESIAN_POINT ( 'NONE',  ( 0.01812963300372496048, -0.03140144548502864924, -0.1105015055028599341 ) ) ;
#1444 = CARTESIAN_POINT ( 'NONE',  ( 0.000000000000000000, -1.453607026109205299E-16, -0.1179211135447590930 ) ) ;
#1445 = EDGE_CURVE ( 'NONE', #1672, #594, #907, .T. ) ;
#1446 = CARTESIAN_POINT ( 'NONE',  ( 0.05076819457887855186, 5.529483824435511225E-16, 0.02584522068761625768 ) ) ;
#1447 = EDGE_LOOP ( 'NONE', ( #2346, #1694, #2603, #685 ) ) ;
#1448 = CARTESIAN_POINT ( 'NONE',  ( 0.000000000000000000, 0.04300000000000150230, -0.09413245788381317813 ) ) ;
#1449 = CARTESIAN_POINT ( 'NONE',  ( 5.265981236333782775E-18, 0.04300000000000119699, -0.1179211135447586489 ) ) ;
#1450 = CARTESIAN_POINT ( 'NONE',  ( 0.03807614593415890869, -0.02198327310478958435, 0.09578569687809243560 ) ) ;
#1451 = CARTESIAN_POINT ( 'NONE',  ( 0.02719444950558747021, 0.01570072274251513994, -0.001126505502859942139 ) ) ;
#1452 = CARTESIAN_POINT ( 'NONE',  ( 0.000000000000000000, 0.03140144548502977334, -0.1052931721695265915 ) ) ;
#1453 = CARTESIAN_POINT ( 'NONE',  ( -0.02482606157515442752, 0.04300000000000121086, 0.04798063735428369919 ) ) ;
#1454 = EDGE_CURVE ( 'NONE', #2981, #1680, #625, .T. ) ;
#1455 = CARTESIAN_POINT ( 'NONE',  ( -0.02167752432081833380, 0.02577717935340408800, -0.1222712126713001168 ) ) ;
#1456 = CARTESIAN_POINT ( 'NONE',  ( 0.02719444950558747021, 0.01570072274251513994, 0.09039135163999721667 ) ) ;
#1457 = CARTESIAN_POINT ( 'NONE',  ( 0.01812963300372496048, -0.03140144548502864924, 0.1194092087828543397 ) ) ;
#1458 = EDGE_CURVE ( 'NONE', #2371, #2492, #378, .T. ) ;
#1459 = DIRECTION ( 'NONE',  ( 0.000000000000000000, -1.000000000000000000, -1.032384416210272233E-14 ) ) ;
#1460 = CARTESIAN_POINT ( 'NONE',  ( -0.02538409728943929328, -0.04396654620957967524, 0.1080624825923781340 ) ) ;
#1461 = CARTESIAN_POINT ( 'NONE',  ( 0.03723909236273168638, 0.02150000000000099748, 0.08146278021142490389 ) ) ;
#1462 = VERTEX_POINT ( 'NONE', #3269 ) ;
#1463 = ORIENTED_EDGE ( 'NONE', *, *, #1580, .F. ) ;
#1464 = CARTESIAN_POINT ( 'NONE',  ( 0.03723909236273155454, 0.02150000000000092809, 0.06137349449714084998 ) ) ;
#1465 = CARTESIAN_POINT ( 'NONE',  ( -3.845567970184112305E-18, -0.03140144548502864230, -0.1320788864552409070 ) ) ;
#1466 = CARTESIAN_POINT ( 'NONE',  ( 0.03625926600744994177, 5.556136293836597276E-16, -0.002614600740955184705 ) ) ;
#1467 = ORIENTED_EDGE ( 'NONE', *, *, #810, .T. ) ;
#1468 = CARTESIAN_POINT ( 'NONE',  ( 0.03625926600744993483, 5.556136293836598262E-16, 0.01524254211618769096 ) ) ;
#1469 = CARTESIAN_POINT ( 'NONE',  ( -0.01773066237820832003, 0.02832528210458527124, -0.1225357150699197262 ) ) ;
#1470 = CARTESIAN_POINT ( 'NONE',  ( -0.01812963300372496395, 0.03140144548502977334, -0.01228721978857423569 ) ) ;
#1471 = CARTESIAN_POINT ( 'NONE',  ( -5.265981236333714212E-18, -0.04300000000000021166, -0.06957888645524010207 ) ) ;
#1472 = CARTESIAN_POINT ( 'NONE',  ( -0.03807614593415891563, 0.02198327310479069457, 0.1214553397352352709 ) ) ;
#1473 = CARTESIAN_POINT ( 'NONE',  ( 0.000000000000000000, 4.095459211021323262E-16, 0.08594248383394052782 ) ) ;
#1474 = CARTESIAN_POINT ( 'NONE',  ( 0.000000000000000000, -2.566800292850128186E-15, 0.1179211135447587738 ) ) ;
#1475 = ORIENTED_EDGE ( 'NONE', *, *, #1737, .F. ) ;
#1476 = ORIENTED_EDGE ( 'NONE', *, *, #1119, .T. ) ;
#1477 = CARTESIAN_POINT ( 'NONE',  ( 0.000000000000000000, -0.04300000000000148842, -0.1179211135447595232 ) ) ;
#1478 = CARTESIAN_POINT ( 'NONE',  ( 0.02482606157515453507, -0.04300000000000019779, -0.08371579121714652072 ) ) ;
#1479 = CARTESIAN_POINT ( 'NONE',  ( 0.03625926600744993483, 5.556136293836598262E-16, 0.1246175421161876684 ) ) ;
#1480 = VECTOR ( 'NONE', #581, 39.37007874015748143 ) ;
#1481 = CARTESIAN_POINT ( 'NONE',  ( -3.845567970184112305E-18, -0.03140144548502864230, -0.007078886455240894840 ) ) ;
#1482 = CARTESIAN_POINT ( 'NONE',  ( -0.03625926600744993483, 5.644945881947510718E-16, -0.01154317216952660541 ) ) ;
#1483 = CARTESIAN_POINT ( 'NONE',  ( -0.02719444950558745633, 0.01570072274251516770, 0.02268301830666385327 ) ) ;
#1484 = VECTOR ( 'NONE', #1340, 39.37007874015748143 ) ;
#1485 = FACE_OUTER_BOUND ( 'NONE', #1172, .T. ) ;
#1486 = CARTESIAN_POINT ( 'NONE',  ( 0.03625926600744993483, 5.556136293836598262E-16, -0.05395388645524089311 ) ) ;
#1487 = DIRECTION ( 'NONE',  ( 0.000000000000000000, 0.000000000000000000, 1.000000000000000000 ) ) ;
#1488 = VECTOR ( 'NONE', #2983, 39.37007874015748854 ) ;
#1489 = ORIENTED_EDGE ( 'NONE', *, *, #2896, .T. ) ;
#1490 = CARTESIAN_POINT ( 'NONE',  ( 0.03807614593415893645, 0.02198327310479065988, -0.02623811264571708143 ) ) ;
#1491 = CARTESIAN_POINT ( 'NONE',  ( 0.03625926600744994177, 5.556136293836597276E-16, -0.05395388645524090004 ) ) ;
#1492 = CONICAL_SURFACE ( 'NONE', #1433, 0.02020725942164193489, 0.7853981633974500554 ) ;
#1493 = CARTESIAN_POINT ( 'NONE',  ( -5.265981236333714212E-18, -0.04300000000000021166, 0.07327825640190276102 ) ) ;
#1494 = CARTESIAN_POINT ( 'NONE',  ( 0.02719444950558744939, -0.01570072274251405747, -0.1090134102647646874 ) ) ;
#1495 = DIRECTION ( 'NONE',  ( -0.000000000000000000, -1.026720117140053010E-14, 1.000000000000000000 ) ) ;
#1496 = CARTESIAN_POINT ( 'NONE',  ( -3.845567970184112305E-18, -0.03140144548502864230, -0.09413245788381231771 ) ) ;
#1497 = ORIENTED_EDGE ( 'NONE', *, *, #2323, .T. ) ;
#1498 = DIRECTION ( 'NONE',  ( 0.000000000000000000, -1.000000000000000000, -1.032384416210299843E-14 ) ) ;
#1499 = CARTESIAN_POINT ( 'NONE',  ( 0.02538409728943926552, -0.04396654620957970300, -0.06753275550285994799 ) ) ;
#1500 =( BOUNDED_CURVE ( )  B_SPLINE_CURVE ( 2, ( #528, #1599, #2629 ),
 .UNSPECIFIED., .F., .F. ) 
 B_SPLINE_CURVE_WITH_KNOTS ( ( 3, 3 ),
 ( 0.08918478372648785957, 0.1000000000000001166 ),
 .UNSPECIFIED. ) 
 CURVE ( )  GEOMETRIC_REPRESENTATION_ITEM ( )  RATIONAL_B_SPLINE_CURVE ( ( 0.9930543952090624682, 0.8695932190095001513, 1.000000000000001776 ) ) 
 REPRESENTATION_ITEM ( '' )  );
#1501 = CARTESIAN_POINT ( 'NONE',  ( -3.845567970184112305E-18, -0.03140144548502864230, -0.09636460074095518080 ) ) ;
#1502 = EDGE_CURVE ( 'NONE', #3101, #2545, #412, .T. ) ;
#1503 = CARTESIAN_POINT ( 'NONE',  ( 0.03625926600744994177, 5.556136293836597276E-16, -0.05618602931238374232 ) ) ;
#1504 = ORIENTED_EDGE ( 'NONE', *, *, #1817, .T. ) ;
#1505 = CARTESIAN_POINT ( 'NONE',  ( -3.845567970184112305E-18, -0.03140144548502864230, 0.01077825640190196478 ) ) ;
#1506 = CARTESIAN_POINT ( 'NONE',  ( -5.265981236333714212E-18, -0.04300000000000021166, 0.07327825640190276102 ) ) ;
#1507 = CARTESIAN_POINT ( 'NONE',  ( -3.845567970184112305E-18, -0.03140144548502864230, -0.04056102931238375620 ) ) ;
#1508 = CARTESIAN_POINT ( 'NONE',  ( 0.02330736098764590522, -0.03154434714561906578, -0.1167299092070881450 ) ) ;
#1509 = CARTESIAN_POINT ( 'NONE',  ( 0.03625926600744994177, 5.556136293836597276E-16, -0.01823960074095518774 ) ) ;
#1510 = EDGE_CURVE ( 'NONE', #2196, #2981, #3007, .T. ) ;
#1511 = CARTESIAN_POINT ( 'NONE',  ( 0.03723909236273151985, -0.02149999999999984562, -0.06660269597904962258 ) ) ;
#1512 = CARTESIAN_POINT ( 'NONE',  ( -0.02719444950558745633, -0.01570072274251403666, -0.09710864836000281108 ) ) ;
#1513 = CARTESIAN_POINT ( 'NONE',  ( 0.03625926600744993483, 5.556136293836598262E-16, -0.05618602931238374926 ) ) ;
#1514 = DIRECTION ( 'NONE',  ( 0.000000000000000000, 0.000000000000000000, 1.000000000000000000 ) ) ;
#1515 = CARTESIAN_POINT ( 'NONE',  ( -0.04965212315030889667, 5.653146641763228744E-16, 0.03533182783047250641 ) ) ;
#1516 = CARTESIAN_POINT ( 'NONE',  ( 0.05076819457887855186, 5.529483824435511225E-16, -0.1181279935980980439 ) ) ;
#1517 = CARTESIAN_POINT ( 'NONE',  ( 0.01812963300372498823, 0.03140144548502975946, 0.1275937325923781618 ) ) ;
#1518 = CARTESIAN_POINT ( 'NONE',  ( 0.01812963300372498823, 0.03140144548502975946, 0.07179016116380673718 ) ) ;
#1519 = CARTESIAN_POINT ( 'NONE',  ( -0.02719444950558745633, -0.01570072274251403666, -0.02791221978857422181 ) ) ;
#1520 =( BOUNDED_CURVE ( )  B_SPLINE_CURVE ( 2, ( #1342, #2383, #556, #1634, #2401, #43, #1101 ),
 .UNSPECIFIED., .F., .F. ) 
 B_SPLINE_CURVE_WITH_KNOTS ( ( 3, 2, 2, 3 ),
 ( 0.6333333333333333037, 0.6444444444444443754, 0.6555555555555554470, 0.6666666666666666297 ),
 .UNSPECIFIED. ) 
 CURVE ( )  GEOMETRIC_REPRESENTATION_ITEM ( )  RATIONAL_B_SPLINE_CURVE ( ( 1.000000000000000000, 0.8660254037844387076, 1.000000000000000000, 0.8660254037844387076, 1.000000000000000000, 0.8660254037844400399, 0.9999999999999986677 ) ) 
 REPRESENTATION_ITEM ( '' )  );
#1521 = CARTESIAN_POINT ( 'NONE',  ( -0.03723909236273166556, 0.02150000000000103911, 0.1052723040209486843 ) ) ;
#1522 = CARTESIAN_POINT ( 'NONE',  ( 0.02719444950558747021, 0.01570072274251513994, -0.05246579121714564642 ) ) ;
#1523 = CARTESIAN_POINT ( 'NONE',  ( 0.05076819457887855186, 5.529483824435511225E-16, -0.08129763645524087923 ) ) ;
#1524 = CARTESIAN_POINT ( 'NONE',  ( 0.02719444950558744939, -0.01570072274251405747, -0.07329912455047898900 ) ) ;
#1525 =( BOUNDED_CURVE ( )  B_SPLINE_CURVE ( 2, ( #65, #2471, #325, #40, #857, #2961, #91 ),
 .UNSPECIFIED., .F., .F. ) 
 B_SPLINE_CURVE_WITH_KNOTS ( ( 3, 2, 2, 3 ),
 ( 0.6999999999999999556, 0.7111111111111111382, 0.7222222222222222099, 0.7333333333333332815 ),
 .UNSPECIFIED. ) 
 CURVE ( )  GEOMETRIC_REPRESENTATION_ITEM ( )  RATIONAL_B_SPLINE_CURVE ( ( 1.000000000000000000, 0.8660254037844387076, 1.000000000000000000, 0.8660254037844387076, 1.000000000000000000, 0.8660254037844387076, 1.000000000000000000 ) ) 
 REPRESENTATION_ITEM ( '' )  );
#1526 = CARTESIAN_POINT ( 'NONE',  ( -3.845567970184112305E-18, -0.03140144548502864230, -0.02270388645524090004 ) ) ;
#1527 = CARTESIAN_POINT ( 'NONE',  ( -0.01812963300372498129, -0.03140144548502862842, 0.009290161163806721564 ) ) ;
#1528 = CARTESIAN_POINT ( 'NONE',  ( -0.01812963300372496395, 0.03140144548502977334, -0.05023364836000279721 ) ) ;
#1529 = FACE_OUTER_BOUND ( 'NONE', #1434, .T. ) ;
#1530 = CARTESIAN_POINT ( 'NONE',  ( -5.384349008512664934E-18, -0.04396654620957968912, -0.03330656502666948238 ) ) ;
#1531 = ORIENTED_EDGE ( 'NONE', *, *, #1445, .T. ) ;
#1532 = DIRECTION ( 'NONE',  ( 1.000000000000000000, 0.000000000000000000, 0.000000000000000000 ) ) ;
#1533 = CARTESIAN_POINT ( 'NONE',  ( -0.01812963300372496395, 0.03140144548502977334, -0.1372872197885742218 ) ) ;
#1534 = EDGE_CURVE ( 'NONE', #180, #2909, #159, .T. ) ;
#1535 = CARTESIAN_POINT ( 'NONE',  ( 0.02719444950558744939, -0.01570072274251405747, 0.1231294468780924495 ) ) ;
#1536 = CARTESIAN_POINT ( 'NONE',  ( 0.03625926600744994177, 5.556136293836597276E-16, 0.08667111354475909302 ) ) ;
#1537 = CARTESIAN_POINT ( 'NONE',  ( 0.02719444950558744939, -0.01570072274251405747, -0.07329912455047898900 ) ) ;
#1538 = CARTESIAN_POINT ( 'NONE',  ( 0.000000000000000000, 0.03140144548502977334, 0.03979611354475909996 ) ) ;
#1539 = VERTEX_POINT ( 'NONE', #359 ) ;
#1540 = CARTESIAN_POINT ( 'NONE',  ( 0.02538409728943930022, 0.04396654620958079934, -0.09617858883619327670 ) ) ;
#1541 = CARTESIAN_POINT ( 'NONE',  ( -0.02538409728943929328, -0.04396654620957967524, 0.05560712544952100406 ) ) ;
#1542 = AXIS2_PLACEMENT_3D ( 'NONE', #402, #2835, #2002 ) ;
#1543 = CARTESIAN_POINT ( 'NONE',  ( 0.02719444950558744939, -0.01570072274251405747, -0.05544198169333613285 ) ) ;
#1544 = VECTOR ( 'NONE', #2441, 39.37007874015748143 ) ;
#1545 = LINE ( 'NONE', #729, #2732 ) ;
#1546 = ORIENTED_EDGE ( 'NONE', *, *, #660, .F. ) ;
#1547 = CARTESIAN_POINT ( 'NONE',  ( 0.03625926600744993483, 5.556136293836598262E-16, -0.08966817216952660541 ) ) ;
#1548 = CARTESIAN_POINT ( 'NONE',  ( 0.01812963300372496048, -0.03140144548502864924, -0.04130507693143136566 ) ) ;
#1549 = AXIS2_PLACEMENT_3D ( 'NONE', #2094, #3393, #2622 ) ;
#1550 = EDGE_LOOP ( 'NONE', ( #1683, #2214, #391, #2644 ) ) ;
#1551 = CARTESIAN_POINT ( 'NONE',  ( 0.01016939998219466672, 0.04178017836249792172, -0.1126413774259341916 ) ) ;
#1552 = CARTESIAN_POINT ( 'NONE',  ( 0.05076819457887855186, 5.529483824435511225E-16, -0.06455656502666946850 ) ) ;
#1553 = EDGE_CURVE ( 'NONE', #113, #439, #167, .T. ) ;
#1554 = CARTESIAN_POINT ( 'NONE',  ( -0.01812963300372498129, -0.03140144548502863536, 0.06286158973523528481 ) ) ;
#1555 = CARTESIAN_POINT ( 'NONE',  ( 0.000000000000000000, 0.04300000000000150230, 0.06658182783047250641 ) ) ;
#1556 = CARTESIAN_POINT ( 'NONE',  ( -0.02482606157515431997, -0.04300000000000060718, 0.05616516116380584900 ) ) ;
#1557 = CARTESIAN_POINT ( 'NONE',  ( -0.01812963300372496395, 0.03140144548502977334, -0.03014436264571708143 ) ) ;
#1558 = CARTESIAN_POINT ( 'NONE',  ( -0.01812963300372496395, 0.03140144548502977334, 0.05914135163999720279 ) ) ;
#1559 = ORIENTED_EDGE ( 'NONE', *, *, #2645, .T. ) ;
#1560 = CARTESIAN_POINT ( 'NONE',  ( -5.384349008512664934E-18, -0.04396654620957968912, -0.03219049359809803695 ) ) ;
#1561 = ORIENTED_EDGE ( 'NONE', *, *, #622, .F. ) ;
#1562 = CARTESIAN_POINT ( 'NONE',  ( 0.02719444950558744939, -0.01570072274251405747, -0.09115626740762183822 ) ) ;
#1563 = CARTESIAN_POINT ( 'NONE',  ( 0.02719444950558747021, 0.01570072274251513994, -0.001126505502859942139 ) ) ;
#1564 = CARTESIAN_POINT ( 'NONE',  ( 0.02719444950558744939, -0.01570072274251405747, 0.03161158973523530563 ) ) ;
#1565 = ORIENTED_EDGE ( 'NONE', *, *, #2856, .F. ) ;
#1566 = CARTESIAN_POINT ( 'NONE',  ( -0.02482606157515435119, 0.04300000000000134270, 0.08369492306856940456 ) ) ;
#1567 = CARTESIAN_POINT ( 'NONE',  ( 0.02719444950558747021, 0.01570072274251513994, 0.05244492306856863434 ) ) ;
#1568 = CARTESIAN_POINT ( 'NONE',  ( 0.02538409728943930022, 0.04396654620958079934, -0.1151518031219075644 ) ) ;
#1569 = VERTEX_POINT ( 'NONE', #392 ) ;
#1570 = CARTESIAN_POINT ( 'NONE',  ( -6.374782893582933748E-16, 0.03926081348937882076, -0.1163805639365553118 ) ) ;
#1571 = CARTESIAN_POINT ( 'NONE',  ( -0.02719444950558745633, 0.01570072274251516770, 0.05839730402094957251 ) ) ;
#1572 = CYLINDRICAL_SURFACE ( 'NONE', #717, 0.04300000000000134270 ) ;
#1573 = CARTESIAN_POINT ( 'NONE',  ( 0.000000000000000000, 0.03140144548502977334, 0.03979611354475909996 ) ) ;
#1574 = CARTESIAN_POINT ( 'NONE',  ( -0.03625926600744994177, 5.644945881947510718E-16, 0.008546113544759108629 ) ) ;
#1575 = EDGE_LOOP ( 'NONE', ( #3001, #876, #1489 ) ) ;
#1576 = CARTESIAN_POINT ( 'NONE',  ( -3.845567970184112305E-18, -0.03140144548502864230, 0.08220682783047338071 ) ) ;
#1577 = ADVANCED_FACE ( 'NONE', ( #3003 ), #2900, .F. ) ;
#1578 = CARTESIAN_POINT ( 'NONE',  ( 0.01749999999999999126, -0.01010362971081860822, 0.09604611354475892093 ) ) ;
#1579 = CARTESIAN_POINT ( 'NONE',  ( 4.075777075526704758E-18, 0.02356249097069302093, -0.1320788864552409070 ) ) ;
#1580 = EDGE_CURVE ( 'NONE', #1660, #3365, #1699, .T. ) ;
#1581 = ORIENTED_EDGE ( 'NONE', *, *, #2199, .T. ) ;
#1582 = CARTESIAN_POINT ( 'NONE',  ( -0.02719444950558745633, 0.01570072274251516770, -0.01079912455047899247 ) ) ;
#1583 = APPLICATION_CONTEXT ( 'automotive_design' ) ;
#1584 = CARTESIAN_POINT ( 'NONE',  ( -0.01812963300372496395, 0.03140144548502977334, -0.03237650550285993412 ) ) ;
#1585 = CARTESIAN_POINT ( 'NONE',  ( 0.01812963300372496048, -0.03140144548502864924, 0.1037842087828543397 ) ) ;
#1586 = ORIENTED_EDGE ( 'NONE', *, *, #1386, .T. ) ;
#1587 = CARTESIAN_POINT ( 'NONE',  ( -0.02482606157515447956, 0.04300000000000142597, -0.1105015055028608362 ) ) ;
#1588 = CARTESIAN_POINT ( 'NONE',  ( -0.02538409728943927246, 0.04396654620958081322, -0.005032755502859955800 ) ) ;
#1589 = CARTESIAN_POINT ( 'NONE',  ( 0.000000000000000000, 4.095459211021323262E-16, 0.09604611354475892093 ) ) ;
#1590 = CARTESIAN_POINT ( 'NONE',  ( 0.02719444950558747021, 0.01570072274251513994, -0.07255507693143135872 ) ) ;
#1591 = CARTESIAN_POINT ( 'NONE',  ( -0.02719444950558745633, 0.01570072274251516770, 0.09411158973523528481 ) ) ;
#1592 = CARTESIAN_POINT ( 'NONE',  ( 2.885572914719761942E-18, 0.02356249097069302093, -0.1320788864552409070 ) ) ;
#1593 = EDGE_CURVE ( 'NONE', #2706, #2492, #2081, .T. ) ;
#1594 = CARTESIAN_POINT ( 'NONE',  ( -3.845567970184112305E-18, -0.03140144548502864230, 0.04649254211618766841 ) ) ;
#1595 = CARTESIAN_POINT ( 'NONE',  ( -0.02719444950558745633, -0.01570072274251403666, 0.02789135163999719239 ) ) ;
#1596 = CARTESIAN_POINT ( 'NONE',  ( 0.000000000000000000, 0.03140144548502977334, 0.004081827830473381581 ) ) ;
#1597 = LINE ( 'NONE', #2937, #2421 ) ;
#1598 = DIRECTION ( 'NONE',  ( 0.000000000000000000, -1.000000000000000000, -1.014479749797830643E-14 ) ) ;
#1599 = CARTESIAN_POINT ( 'NONE',  ( 0.02406578504956989606, -0.04300000000000053779, 0.1104350657329480762 ) ) ;
#1600 = CARTESIAN_POINT ( 'NONE',  ( 0.000000000000000000, 0.04300000000000134270, -0.07850745788381151280 ) ) ;
#1601 = CARTESIAN_POINT ( 'NONE',  ( -3.845567970184112305E-18, -0.03140144548502864230, -0.07850745788381231771 ) ) ;
#1602 = CARTESIAN_POINT ( 'NONE',  ( -0.02719444950558745633, -0.01570072274251403666, 0.01003420878285433450 ) ) ;
#1603 = VECTOR ( 'NONE', #823, 39.37007874015748143 ) ;
#1604 = AXIS2_PLACEMENT_3D ( 'NONE', #2197, #3008, #435 ) ;
#1605 = ORIENTED_EDGE ( 'NONE', *, *, #2896, .F. ) ;
#1606 = DIRECTION ( 'NONE',  ( -0.000000000000000000, -1.026720117140053010E-14, 1.000000000000000000 ) ) ;
#1607 = CARTESIAN_POINT ( 'NONE',  ( -0.02538409728943927246, 0.04396654620958081322, 0.04853867306856859964 ) ) ;
#1608 = EDGE_CURVE ( 'NONE', #2474, #1620, #3286, .T. ) ;
#1609 = CARTESIAN_POINT ( 'NONE',  ( 0.000000000000000000, 0.04300000000000134270, 0.08220682783047418563 ) ) ;
#1610 = CARTESIAN_POINT ( 'NONE',  ( 0.01749999999999999126, -5.170700926298405114E-15, 0.1152138541231170071 ) ) ;
#1611 = CARTESIAN_POINT ( 'NONE',  ( 0.02482606157515432690, 0.04300000000000171740, 0.06509373259237731524 ) ) ;
#1612 = CARTESIAN_POINT ( 'NONE',  ( -0.03723909236273167944, -0.02149999999999989420, -0.03460864836000367151 ) ) ;
#1613 = CARTESIAN_POINT ( 'NONE',  ( -0.01812963300372496395, 0.03140144548502977334, 0.005569923068568623063 ) ) ;
#1614 = ADVANCED_FACE ( 'NONE', ( #93 ), #1429, .T. ) ;
#1615 = VERTEX_POINT ( 'NONE', #1719 ) ;
#1616 = DIRECTION ( 'NONE',  ( 1.000000000000000000, 0.000000000000000000, 0.000000000000000000 ) ) ;
#1617 = CARTESIAN_POINT ( 'NONE',  ( 0.02482606157515446568, 0.04300000000000147454, -0.006334838836194149267 ) ) ;
#1618 =( BOUNDED_CURVE ( )  B_SPLINE_CURVE ( 2, ( #355, #1968, #2719, #601, #3262, #2733, #3243 ),
 .UNSPECIFIED., .F., .T. ) 
 B_SPLINE_CURVE_WITH_KNOTS ( ( 3, 2, 2, 3 ),
 ( 0.4333333333333334036, 0.4444444444444444753, 0.4555555555555556579, 0.4666666666666667296 ),
 .UNSPECIFIED. ) 
 CURVE ( )  GEOMETRIC_REPRESENTATION_ITEM ( )  RATIONAL_B_SPLINE_CURVE ( ( 0.9999999999999993339, 0.8660254037844393737, 1.000000000000000000, 0.8660254037844387076, 1.000000000000000000, 0.8660254037844380415, 1.000000000000000666 ) ) 
 REPRESENTATION_ITEM ( '' )  );
#1619 = CARTESIAN_POINT ( 'NONE',  ( -0.01812963300372498129, -0.03140144548502862842, -0.06213841026476470825 ) ) ;
#1620 = VERTEX_POINT ( 'NONE', #2742 ) ;
#1621 = EDGE_CURVE ( 'NONE', #137, #1338, #2263, .T. ) ;
#1622 = CARTESIAN_POINT ( 'NONE',  ( 0.000000000000000000, 0.03140144548502977334, -0.01377531502666946156 ) ) ;
#1623 = CARTESIAN_POINT ( 'NONE',  ( -3.845567970184112305E-18, -0.03140144548502864230, 0.08220682783047338071 ) ) ;
#1624 = CARTESIAN_POINT ( 'NONE',  ( 0.02719444950558747021, 0.01570072274251513994, -0.08818007693143137260 ) ) ;
#1625 = CARTESIAN_POINT ( 'NONE',  ( 0.02719444950558747021, 0.01570072274251513994, 0.09039135163999721667 ) ) ;
#1626 = CARTESIAN_POINT ( 'NONE',  ( 0.000000000000000000, 0.04300000000000150230, -0.004846743598098923397 ) ) ;
#1627 = CARTESIAN_POINT ( 'NONE',  ( -0.02538409728943929328, -0.04396654620957967524, -0.01693751740762184516 ) ) ;
#1628 = ORIENTED_EDGE ( 'NONE', *, *, #1899, .F. ) ;
#1629 = CARTESIAN_POINT ( 'NONE',  ( -0.01750000000000000167, -0.01010362971081859434, 0.09604611354475892093 ) ) ;
#1630 = EDGE_CURVE ( 'NONE', #2942, #1418, #133, .T. ) ;
#1631 = CARTESIAN_POINT ( 'NONE',  ( 0.000000000000000000, 0.04300000000000150230, -0.05841817216952748665 ) ) ;
#1632 = CARTESIAN_POINT ( 'NONE',  ( 0.000000000000000000, -1.453607026109205299E-16, -0.1179211135447590930 ) ) ;
#1633 = EDGE_CURVE ( 'NONE', #3365, #1298, #1041, .T. ) ;
#1634 = CARTESIAN_POINT ( 'NONE',  ( -0.04965212315030870238, 5.653146641763230716E-16, -0.03832888645524010901 ) ) ;
#1635 = CARTESIAN_POINT ( 'NONE',  ( -0.01812963300372496395, 0.03140144548502977334, 0.02342706592571148355 ) ) ;
#1636 = CARTESIAN_POINT ( 'NONE',  ( -5.384349008512664934E-18, -0.04396654620957968912, 0.07495236354475910689 ) ) ;
#1637 = CARTESIAN_POINT ( 'NONE',  ( -0.03625926600744994177, 5.644945881947510718E-16, -0.1008288864552408792 ) ) ;
#1638 = ORIENTED_EDGE ( 'NONE', *, *, #34, .T. ) ;
#1639 = CARTESIAN_POINT ( 'NONE',  ( -5.384349008512664934E-18, -0.04396654620957968912, -0.1393333507409551808 ) ) ;
#1640 = DIRECTION ( 'NONE',  ( -0.8660254037844385966, 0.5000000000000001110, 0.000000000000000000 ) ) ;
#1641 = ORIENTED_EDGE ( 'NONE', *, *, #1630, .T. ) ;
#1642 =( BOUNDED_CURVE ( )  B_SPLINE_CURVE ( 2, ( #456, #2549, #3353, #987, #3096, #870, #2894 ),
 .UNSPECIFIED., .F., .F. ) 
 B_SPLINE_CURVE_WITH_KNOTS ( ( 3, 2, 2, 3 ),
 ( 0.6999999999999999556, 0.7111111111111111382, 0.7222222222222222099, 0.7333333333333333925 ),
 .UNSPECIFIED. ) 
 CURVE ( )  GEOMETRIC_REPRESENTATION_ITEM ( )  RATIONAL_B_SPLINE_CURVE ( ( 1.000000000000000000, 0.8660254037844387076, 1.000000000000000000, 0.8660254037844387076, 1.000000000000000000, 0.8660254037844387076, 1.000000000000000000 ) ) 
 REPRESENTATION_ITEM ( '' )  );
#1643 = CARTESIAN_POINT ( 'NONE',  ( 0.03625926600744993483, 5.556136293836598262E-16, -0.0003824578838123293125 ) ) ;
#1644 = CARTESIAN_POINT ( 'NONE',  ( -0.02505453660758721890, -0.01940716060562240955, 0.1175283575588954715 ) ) ;
#1645 = CARTESIAN_POINT ( 'NONE',  ( 0.02482606157515432690, 0.04300000000000171740, 0.1008080183066629859 ) ) ;
#1646 = CARTESIAN_POINT ( 'NONE',  ( -0.05076819457887855186, 5.653830038414538087E-16, -0.002056565026669470667 ) ) ;
#1647 = ORIENTED_EDGE ( 'NONE', *, *, #3103, .T. ) ;
#1648 = LINE ( 'NONE', #554, #1267 ) ;
#1649 = CARTESIAN_POINT ( 'NONE',  ( 0.01183772710998675162, 0.01337274448809258262, 0.1152214119087682093 ) ) ;
#1650 = CARTESIAN_POINT ( 'NONE',  ( 5.265981236333782775E-18, 0.04300000000000119699, -0.1179211135447586489 ) ) ;
#1651 = B_SPLINE_CURVE_WITH_KNOTS ( 'NONE', 3,
 ( #2483, #3295, #2753, #901 ),
 .UNSPECIFIED., .F., .F.,
 ( 4, 4 ),
 ( 9.467388459876324560E-19, 0.0003132417993159456447 ),
 .UNSPECIFIED. ) ;
#1652 = CYLINDRICAL_SURFACE ( 'NONE', #3077, 0.04300000000000134270 ) ;
#1653 = EDGE_CURVE ( 'NONE', #1338, #2785, #3211, .T. ) ;
#1654 = CARTESIAN_POINT ( 'NONE',  ( 0.02719444950558747021, 0.01570072274251513994, 0.01896278021142577125 ) ) ;
#1655 = CARTESIAN_POINT ( 'NONE',  ( 0.01812963300372498823, 0.03140144548502975946, -0.1067812674076218382 ) ) ;
#1656 = CARTESIAN_POINT ( 'NONE',  ( 0.01812963300372496048, -0.03140144548502864924, 0.1194092087828543397 ) ) ;
#1657 = CARTESIAN_POINT ( 'NONE',  ( 0.01812963300372496048, -0.03140144548502864924, 0.06806992306856862740 ) ) ;
#1658 = EDGE_CURVE ( 'NONE', #1672, #2978, #1706, .T. ) ;
#1659 = CARTESIAN_POINT ( 'NONE',  ( -0.03625926600744994177, 5.644945881947510718E-16, 0.09783182783047336684 ) ) ;
#1660 = VERTEX_POINT ( 'NONE', #335 ) ;
#1661 = CARTESIAN_POINT ( 'NONE',  ( 0.02538409728943930022, 0.04396654620958079934, 0.01096426830666386194 ) ) ;
#1662 = CARTESIAN_POINT ( 'NONE',  ( 0.03807614593415893645, 0.02198327310479065988, 0.008360101639997192385 ) ) ;
#1663 = ORIENTED_EDGE ( 'NONE', *, *, #2662, .T. ) ;
#1664 = DIRECTION ( 'NONE',  ( 1.000000000000000000, 0.000000000000000000, 0.000000000000000000 ) ) ;
#1665 = CARTESIAN_POINT ( 'NONE',  ( 0.02482606157515442752, -0.04300000000000038514, -0.03014436264571796267 ) ) ;
#1666 = CARTESIAN_POINT ( 'NONE',  ( -0.03723909236273166556, 0.02150000000000103911, -0.05544198169333699328 ) ) ;
#1667 = VECTOR ( 'NONE', #1221, 39.37007874015748854 ) ;
#1668 = CARTESIAN_POINT ( 'NONE',  ( -6.374782893582933748E-16, 0.03926081348937882076, -0.1163805639365553118 ) ) ;
#1669 = CARTESIAN_POINT ( 'NONE',  ( -0.02719444950558745633, -0.01570072274251403666, 0.08146278021142575043 ) ) ;
#1670 = CARTESIAN_POINT ( 'NONE',  ( 0.02719444950558747021, 0.01570072274251513994, -0.09041221978857422181 ) ) ;
#1671 = AXIS2_PLACEMENT_3D ( 'NONE', #2397, #80, #534 ) ;
#1672 = VERTEX_POINT ( 'NONE', #2447 ) ;
#1673 = CARTESIAN_POINT ( 'NONE',  ( -0.02538409728943927246, 0.04396654620958081322, -0.1289166840742884956 ) ) ;
#1674 = CARTESIAN_POINT ( 'NONE',  ( -0.005267271863178735539, 0.03800893114930324612, 0.1153941127491375784 ) ) ;
#1675 = CARTESIAN_POINT ( 'NONE',  ( -0.01567292027879188185, -0.02751339465845635199, 0.1179211135447585795 ) ) ;
#1676 = EDGE_CURVE ( 'NONE', #2981, #3370, #3364, .T. ) ;
#1677 = CARTESIAN_POINT ( 'NONE',  ( -0.01812963300372496395, 0.03140144548502977334, -0.1015729340742885095 ) ) ;
#1678 = CARTESIAN_POINT ( 'NONE',  ( -0.01812963300372498129, -0.03140144548502862842, 0.06286158973523528481 ) ) ;
#1679 = DIRECTION ( 'NONE',  ( -0.000000000000000000, -1.026720117140053010E-14, 1.000000000000000000 ) ) ;
#1680 = VERTEX_POINT ( 'NONE', #2493 ) ;
#1681 = CARTESIAN_POINT ( 'NONE',  ( -0.03807614593415892257, -0.02198327310478955313, 0.0005476016399971993243 ) ) ;
#1682 = CARTESIAN_POINT ( 'NONE',  ( 0.000000000000000000, 0.04396654620958081322, 0.1363362921161876684 ) ) ;
#1683 = ORIENTED_EDGE ( 'NONE', *, *, #2350, .F. ) ;
#1684 = CYLINDRICAL_SURFACE ( 'NONE', #52, 0.04300000000000134270 ) ;
#1685 = CARTESIAN_POINT ( 'NONE',  ( -0.02719444950558745633, 0.01570072274251516770, -0.06660269597905041361 ) ) ;
#1686 = CARTESIAN_POINT ( 'NONE',  ( -0.03723909236273153373, 0.02150000000000095585, 0.03161158973523606891 ) ) ;
#1687 = CARTESIAN_POINT ( 'NONE',  ( -0.04965212315030889667, 5.653146641763228744E-16, -0.05395388645524178128 ) ) ;
#1688 = CARTESIAN_POINT ( 'NONE',  ( 0.01812963300372498823, 0.03140144548502975946, -0.07106698169333612591 ) ) ;
#1689 = CARTESIAN_POINT ( 'NONE',  ( -0.01812963300372498129, -0.03140144548502862842, -0.1157098388361932767 ) ) ;
#1690 = EDGE_LOOP ( 'NONE', ( #771, #620, #148 ) ) ;
#1691 = DIRECTION ( 'NONE',  ( 1.000000000000000000, 0.000000000000000000, 0.000000000000000000 ) ) ;
#1692 = CARTESIAN_POINT ( 'NONE',  ( 0.01812963300372496048, -0.03140144548502864924, 0.1037842087828543536 ) ) ;
#1693 = FACE_OUTER_BOUND ( 'NONE', #1282, .T. ) ;
#1694 = ORIENTED_EDGE ( 'NONE', *, *, #1553, .T. ) ;
#1695 = CARTESIAN_POINT ( 'NONE',  ( -0.02538409728943929328, -0.04396654620957967524, 0.07234819687809240785 ) ) ;
#1696 = DIRECTION ( 'NONE',  ( 0.000000000000000000, 0.000000000000000000, -1.000000000000000000 ) ) ;
#1697 = CARTESIAN_POINT ( 'NONE',  ( -0.03723909236273153373, 0.02150000000000095585, -0.004102695979049632985 ) ) ;
#1698 = ORIENTED_EDGE ( 'NONE', *, *, #846, .T. ) ;
#1699 = LINE ( 'NONE', #3303, #2573 ) ;
#1700 = CARTESIAN_POINT ( 'NONE',  ( -3.845567970184112305E-18, -0.03140144548502864230, 0.1022961135447590791 ) ) ;
#1701 = ADVANCED_FACE ( 'NONE', ( #879 ), #925, .T. ) ;
#1702 = CARTESIAN_POINT ( 'NONE',  ( 0.01812963300372498823, 0.03140144548502975946, -0.05320983883619327670 ) ) ;
#1703 = CARTESIAN_POINT ( 'NONE',  ( 0.03625926600744993483, 5.556136293836598262E-16, -0.05618602931238374926 ) ) ;
#1704 = VERTEX_POINT ( 'NONE', #2684 ) ;
#1705 = EDGE_LOOP ( 'NONE', ( #298, #31, #1374, #1830, #642, #2454, #3380 ) ) ;
#1706 = LINE ( 'NONE', #3275, #3412 ) ;
#1707 = CARTESIAN_POINT ( 'NONE',  ( -0.01812963300372496395, 0.03140144548502977334, -0.08371579121714564642 ) ) ;
#1708 = CARTESIAN_POINT ( 'NONE',  ( 0.01016939998219466672, 0.04178017836249792172, -0.1126413774259342054 ) ) ;
#1709 = CARTESIAN_POINT ( 'NONE',  ( 0.02719444950558747021, 0.01570072274251513994, 0.1261056373542829012 ) ) ;
#1710 = CARTESIAN_POINT ( 'NONE',  ( 0.02719444950558744939, -0.01570072274251405747, 0.1208973040209495864 ) ) ;
#1711 = CARTESIAN_POINT ( 'NONE',  ( 0.01576074678224931302, 0.02747541870393899882, -0.1242399319409044495 ) ) ;
#1712 = CARTESIAN_POINT ( 'NONE',  ( -5.384349008512664934E-18, -0.04396654620957968912, 0.07383629211618768229 ) ) ;
#1713 = CARTESIAN_POINT ( 'NONE',  ( 0.03723909236273168638, 0.02150000000000099748, 0.06360563735428202692 ) ) ;
#1714 = DIRECTION ( 'NONE',  ( 0.000000000000000000, -1.000000000000000000, -1.032384416210327296E-14 ) ) ;
#1715 = AXIS2_PLACEMENT_3D ( 'NONE', #1130, #2994, #2703 ) ;
#1716 = ORIENTED_EDGE ( 'NONE', *, *, #2669, .F. ) ;
#1717 = CARTESIAN_POINT ( 'NONE',  ( 0.000000000000000000, 0.04396654620958081322, 0.03030950640190196652 ) ) ;
#1718 = CARTESIAN_POINT ( 'NONE',  ( 0.03723909236273168638, 0.02150000000000099748, -0.09710864836000367151 ) ) ;
#1719 = CARTESIAN_POINT ( 'NONE',  ( -5.265981236333733472E-18, -0.04300000000000036432, 0.07551039925904393102 ) ) ;
#1720 = CIRCLE ( 'NONE', #367, 0.02020725942164193489 ) ;
#1721 = CARTESIAN_POINT ( 'NONE',  ( -0.05076819457887855186, 5.653830038414538087E-16, 0.08834522068761624380 ) ) ;
#1722 = CARTESIAN_POINT ( 'NONE',  ( 0.01812963300372496048, -0.03140144548502864924, -0.005590791217145652491 ) ) ;
#1723 = CONICAL_SURFACE ( 'NONE', #1319, 0.01750000000000000167, 1.047197551196600074 ) ;
#1724 = ADVANCED_FACE ( 'NONE', ( #3226 ), #2353, .F. ) ;
#1725 = PRODUCT ( '92311A077_18-8 Stainless Steel Cup-Point Set Screw_92311A077', '92311A077_18-8 Stainless Steel Cup-Point Set Screw_92311A077', '', ( #3369 ) ) ;
#1726 = AXIS2_PLACEMENT_3D ( 'NONE', #1632, #524, #258 ) ;
#1727 = CARTESIAN_POINT ( 'NONE',  ( 0.000000000000000000, -1.453607026109205299E-16, -0.1179211135447590930 ) ) ;
#1728 = CARTESIAN_POINT ( 'NONE',  ( 0.01812963300372498823, 0.03140144548502975946, 0.1097365897352352709 ) ) ;
#1729 = CARTESIAN_POINT ( 'NONE',  ( -3.845567970184112305E-18, -0.03140144548502864230, 0.1179211135447591069 ) ) ;
#1730 = FILL_AREA_STYLE_COLOUR ( '', #1426 ) ;
#1731 = CARTESIAN_POINT ( 'NONE',  ( -0.02538409728943929328, -0.04396654620957967524, 0.09020533973523529869 ) ) ;
#1732 = CARTESIAN_POINT ( 'NONE',  ( 0.002750711445687197085, 0.01861913542800628166, 0.1163329895510478856 ) ) ;
#1733 = ORIENTED_EDGE ( 'NONE', *, *, #3302, .T. ) ;
#1734 = CARTESIAN_POINT ( 'NONE',  ( 0.000000000000000000, 0.04300000000000134270, 0.06434968497333130866 ) ) ;
#1735 = EDGE_CURVE ( 'NONE', #2869, #2978, #1927, .T. ) ;
#1736 = CARTESIAN_POINT ( 'NONE',  ( -0.02719444950558745633, 0.01570072274251516770, 0.07848658973523529869 ) ) ;
#1737 = EDGE_CURVE ( 'NONE', #1157, #3190, #99, .T. ) ;
#1738 = CARTESIAN_POINT ( 'NONE',  ( -0.03807614593415891563, 0.02198327310479069457, 0.1047142683066638602 ) ) ;
#1739 = CARTESIAN_POINT ( 'NONE',  ( 0.000000000000000000, 0.03140144548502977334, 0.001849684973330525863 ) ) ;
#1740 = CARTESIAN_POINT ( 'NONE',  ( 0.02482606157515419854, -0.04300000000000047534, -0.1038050769314306232 ) ) ;
#1741 = CARTESIAN_POINT ( 'NONE',  ( -4.623375063948956379E-18, -0.03775272239447210326, -0.1178886550314630632 ) ) ;
#1742 = CARTESIAN_POINT ( 'NONE',  ( 0.02538409728943930022, 0.04396654620958079934, -0.006892874550478978596 ) ) ;
#1743 = CARTESIAN_POINT ( 'NONE',  ( -3.845567970184112305E-18, -0.03140144548502864230, -0.1119896007409551808 ) ) ;
#1744 = CARTESIAN_POINT ( 'NONE',  ( 0.000000000000000000, -2.504973416603966753E-15, 0.1118993287161551275 ) ) ;
#1745 = CARTESIAN_POINT ( 'NONE',  ( 0.02538409728943926552, -0.04396654620957970300, 0.07532438735428291510 ) ) ;
#1746 = DIRECTION ( 'NONE',  ( 2.112365858741787320E-16, -1.000000000000000000, 0.000000000000000000 ) ) ;
#1747 = B_SPLINE_CURVE_WITH_KNOTS ( 'NONE', 3,
 ( #947, #657, #694, #935 ),
 .UNSPECIFIED., .F., .F.,
 ( 4, 4 ),
 ( 0.0005482084267760034329, 0.001054541338944788237 ),
 .UNSPECIFIED. ) ;
#1748 = LINE ( 'NONE', #2771, #982 ) ;
#1749 = VERTEX_POINT ( 'NONE', #1127 ) ;
#1750 = CARTESIAN_POINT ( 'NONE',  ( 0.01750000000001306413, -0.01010362971081106911, 0.1179211135447589265 ) ) ;
#1751 = CARTESIAN_POINT ( 'NONE',  ( -5.265981236333733472E-18, -0.04300000000000036432, -0.1030610293123846305 ) ) ;
#1752 =( BOUNDED_CURVE ( )  B_SPLINE_CURVE ( 2, ( #1, #566, #2654, #3196, #503, #2378, #1038 ),
 .UNSPECIFIED., .F., .F. ) 
 B_SPLINE_CURVE_WITH_KNOTS ( ( 3, 2, 2, 3 ),
 ( 0.8000000000000001554, 0.8111111111111112271, 0.8222222222222221877, 0.8333333333333333703 ),
 .UNSPECIFIED. ) 
 CURVE ( )  GEOMETRIC_REPRESENTATION_ITEM ( )  RATIONAL_B_SPLINE_CURVE ( ( 0.9999999999999986677, 0.8660254037844400399, 1.000000000000000000, 0.8660254037844387076, 1.000000000000000000, 0.8660254037844387076, 1.000000000000000000 ) ) 
 REPRESENTATION_ITEM ( '' )  );
#1753 = DIRECTION ( 'NONE',  ( 0.8660254037844383745, -0.5000000000000004441, 0.000000000000000000 ) ) ;
#1754 = CARTESIAN_POINT ( 'NONE',  ( 0.01812963300372498823, 0.03140144548502975946, -0.08892412455047897513 ) ) ;
#1755 = CARTESIAN_POINT ( 'NONE',  ( -0.03625926600744994177, 5.644945881947510718E-16, -0.01154317216952660541 ) ) ;
#1756 = EDGE_CURVE ( 'NONE', #2909, #1298, #2217, .T. ) ;
#1757 = CARTESIAN_POINT ( 'NONE',  ( -0.02482606157515431997, -0.04300000000000060718, 0.1097365897352344521 ) ) ;
#1758 = CARTESIAN_POINT ( 'NONE',  ( -0.02719444950558745633, -0.01570072274251403666, -0.02568007693143136566 ) ) ;
#1759 = CARTESIAN_POINT ( 'NONE',  ( 0.03918308051890873056, -0.01262293333035488692, -0.1156487989802796323 ) ) ;
#1760 = CARTESIAN_POINT ( 'NONE',  ( -0.02719444950558745633, -0.01570072274251403666, -0.04353721978857422875 ) ) ;
#1761 = CARTESIAN_POINT ( 'NONE',  ( -5.265981236333733472E-18, -0.04300000000000036432, 0.1112246849733296711 ) ) ;
#1762 = CARTESIAN_POINT ( 'NONE',  ( 0.01812963300372496048, -0.03140144548502864924, -0.1105015055028599341 ) ) ;
#1763 = CARTESIAN_POINT ( 'NONE',  ( 0.02350846963733839098, 0.02498830860617506575, -0.1215099831055463514 ) ) ;
#1764 = EDGE_CURVE ( 'NONE', #439, #1407, #341, .T. ) ;
#1765 = CARTESIAN_POINT ( 'NONE',  ( -0.01812963300372498129, -0.03140144548502862842, -0.09562055312190755052 ) ) ;
#1766 = CARTESIAN_POINT ( 'NONE',  ( 0.02482606157515432690, 0.04300000000000171740, 0.01152230402094871035 ) ) ;
#1767 = ORIENTED_EDGE ( 'NONE', *, *, #1510, .F. ) ;
#1768 = CARTESIAN_POINT ( 'NONE',  ( 0.01474928855432490991, -0.01169175370444210278, 0.1163329895510449991 ) ) ;
#1769 = CARTESIAN_POINT ( 'NONE',  ( -0.05076819457887855186, 5.653830038414538087E-16, -0.07348513645524090698 ) ) ;
#1770 = CARTESIAN_POINT ( 'NONE',  ( 0.02482606157515433731, -0.04300000000000023942, 0.05690920878285513074 ) ) ;
#1771 = CARTESIAN_POINT ( 'NONE',  ( -0.03625926600744993483, 5.644945881947510718E-16, -0.08297174359809805777 ) ) ;
#1772 = AXIS2_PLACEMENT_3D ( 'NONE', #1422, #1679, #1459 ) ;
#1773 = CARTESIAN_POINT ( 'NONE',  ( 0.02719444950558744939, -0.01570072274251405747, -0.03981698169333612591 ) ) ;
#1774 = CARTESIAN_POINT ( 'NONE',  ( -0.02719444950558745633, 0.01570072274251516770, -0.1201741245504789890 ) ) ;
#1775 = CARTESIAN_POINT ( 'NONE',  ( -0.04965212315030889667, 5.653146641763228744E-16, 0.1067603992590439588 ) ) ;
#1776 = CARTESIAN_POINT ( 'NONE',  ( -0.03723909236273153373, 0.02150000000000095585, -0.07553126740762104718 ) ) ;
#1777 = CARTESIAN_POINT ( 'NONE',  ( -0.03625926600744993483, 5.644945881947510718E-16, 0.07774254211618766841 ) ) ;
#1778 = CARTESIAN_POINT ( 'NONE',  ( -0.02538409728943927246, 0.04396654620958081322, -0.02177382693143136913 ) ) ;
#1779 = CARTESIAN_POINT ( 'NONE',  ( -0.01812963300372498129, -0.03140144548502863536, -0.02419198169333612591 ) ) ;
#1780 = PRODUCT_DEFINITION_FORMATION_WITH_SPECIFIED_SOURCE ( 'Symmetric', '', #1725, .NOT_KNOWN. ) ;
#1781 = CARTESIAN_POINT ( 'NONE',  ( 0.02719444950558747021, 0.01570072274251513994, 0.1060163516399972028 ) ) ;
#1782 =( BOUNDED_CURVE ( )  B_SPLINE_CURVE ( 2, ( #1813, #1081, #3134, #259, #1828, #1556, #8 ),
 .UNSPECIFIED., .F., .T. ) 
 B_SPLINE_CURVE_WITH_KNOTS ( ( 3, 2, 2, 3 ),
 ( 0.7333333333333332815, 0.7444444444444444642, 0.7555555555555556468, 0.7666666666666668295 ),
 .UNSPECIFIED. ) 
 CURVE ( )  GEOMETRIC_REPRESENTATION_ITEM ( )  RATIONAL_B_SPLINE_CURVE ( ( 1.000000000000000000, 0.8660254037844387076, 1.000000000000000000, 0.8660254037844387076, 1.000000000000000000, 0.8660254037844373753, 1.000000000000001332 ) ) 
 REPRESENTATION_ITEM ( '' )  );
#1783 = CARTESIAN_POINT ( 'NONE',  ( -0.02482606157515420547, 0.04300000000000158557, -0.02344793407428773929 ) ) ;
#1784 = CARTESIAN_POINT ( 'NONE',  ( 0.03625926600744993483, 5.556136293836598262E-16, -0.03609674359809803001 ) ) ;
#1785 = CARTESIAN_POINT ( 'NONE',  ( 0.02482606157515442752, -0.04300000000000038514, -0.04800150550286082229 ) ) ;
#1786 = LINE ( 'NONE', #2281, #3351 ) ;
#1787 = CARTESIAN_POINT ( 'NONE',  ( 0.03807614593415890869, -0.02198327310478958435, -0.04818751740762185209 ) ) ;
#1788 = CARTESIAN_POINT ( 'NONE',  ( -0.01812963300372496395, 0.03140144548502977334, -0.1216622197885742079 ) ) ;
#1789 = CARTESIAN_POINT ( 'NONE',  ( 0.01812963300372496048, -0.03140144548502864924, -0.04130507693143136566 ) ) ;
#1790 = CARTESIAN_POINT ( 'NONE',  ( 0.01812963300372496048, -0.03140144548502864924, -0.07478721978857423569 ) ) ;
#1791 = CARTESIAN_POINT ( 'NONE',  ( -3.845567970184112305E-18, -0.03140144548502864230, -0.004846743598098039556 ) ) ;
#1792 = CARTESIAN_POINT ( 'NONE',  ( 0.008749999999999764910, 0.01515544456622767468, 0.09604611354475892093 ) ) ;
#1793 = CARTESIAN_POINT ( 'NONE',  ( -3.845567970184112305E-18, -0.03140144548502864230, -0.1119896007409551808 ) ) ;
#1794 = CARTESIAN_POINT ( 'NONE',  ( 0.02719444950558747021, 0.01570072274251513994, -0.05469793407428850257 ) ) ;
#1795 = CARTESIAN_POINT ( 'NONE',  ( 5.265981236333719605E-18, 0.04300000000000000350, -0.1126413774259342054 ) ) ;
#1796 = CARTESIAN_POINT ( 'NONE',  ( 0.000000000000000000, 0.04396654620958081322, -0.07794942216952660541 ) ) ;
#1797 = CARTESIAN_POINT ( 'NONE',  ( 0.000000000000000000, 0.03140144548502977334, 0.1112246849733305315 ) ) ;
#1798 = CARTESIAN_POINT ( 'NONE',  ( 0.02719444950558744939, -0.01570072274251405747, 0.04946873259237814791 ) ) ;
#1799 = CARTESIAN_POINT ( 'NONE',  ( 0.01750000000000000167, 4.095459211021323262E-16, 0.09604611354475892093 ) ) ;
#1800 = CARTESIAN_POINT ( 'NONE',  ( -0.03625926600744994177, 5.644945881947510718E-16, 0.06211754211618768229 ) ) ;
#1801 = CARTESIAN_POINT ( 'NONE',  ( 0.03625926600744994177, 5.556136293836597276E-16, -0.03609674359809803695 ) ) ;
#1802 = FACE_OUTER_BOUND ( 'NONE', #2479, .T. ) ;
#1803 = ORIENTED_EDGE ( 'NONE', *, *, #721, .T. ) ;
#1804 = CARTESIAN_POINT ( 'NONE',  ( -3.845567970184112305E-18, -0.03140144548502864230, -0.04056102931238375620 ) ) ;
#1805 = CARTESIAN_POINT ( 'NONE',  ( 0.000000000000000000, 0.03140144548502977334, -0.01600745788381231771 ) ) ;
#1806 = CARTESIAN_POINT ( 'NONE',  ( 0.000000000000000000, 0.000000000000000000, 0.000000000000000000 ) ) ;
#1807 = ORIENTED_EDGE ( 'NONE', *, *, #1160, .F. ) ;
#1808 = CARTESIAN_POINT ( 'NONE',  ( 0.03807614593415893645, 0.02198327310479065988, -0.06306846978857422181 ) ) ;
#1809 = ORIENTED_EDGE ( 'NONE', *, *, #261, .F. ) ;
#1810 = CARTESIAN_POINT ( 'NONE',  ( -0.03625926600744994177, 5.644945881947510718E-16, 0.09559968497333051762 ) ) ;
#1811 = CARTESIAN_POINT ( 'NONE',  ( 0.000000000000000000, -1.453607026109205299E-16, -0.1179211135447590930 ) ) ;
#1812 = CARTESIAN_POINT ( 'NONE',  ( 0.000000000000000000, 0.04396654620958081322, 0.1195952206876162438 ) ) ;
#1813 = CARTESIAN_POINT ( 'NONE',  ( 0.000000000000000000, 0.04300000000000150230, 0.04872468497332963638 ) ) ;
#1814 = LINE ( 'NONE', #2866, #2082 ) ;
#1815 = CARTESIAN_POINT ( 'NONE',  ( 0.000000000000000000, 0.04396654620958081322, -0.07683335074095518080 ) ) ;
#1816 = CIRCLE ( 'NONE', #1972, 0.01750000000000000167 ) ;
#1817 = EDGE_CURVE ( 'NONE', #1915, #527, #1174, .T. ) ;
#1818 = FACE_OUTER_BOUND ( 'NONE', #3273, .T. ) ;
#1819 = CARTESIAN_POINT ( 'NONE',  ( 0.03723909236273155454, 0.02150000000000092809, -0.06362650550285914308 ) ) ;
#1820 = CONICAL_SURFACE ( 'NONE', #2904, 0.04300000000000249456, 0.9599310885968665996 ) ;
#1821 = CARTESIAN_POINT ( 'NONE',  ( -0.01812963300372496395, 0.03140144548502977334, -0.08371579121714564642 ) ) ;
#1822 = ORIENTED_EDGE ( 'NONE', *, *, #2220, .F. ) ;
#1823 = CARTESIAN_POINT ( 'NONE',  ( -0.02482606157515427833, 0.04300000000000146066, 0.06583778021142655534 ) ) ;
#1824 = CARTESIAN_POINT ( 'NONE',  ( -0.02538409728943927246, 0.04396654620958081322, -0.04074704121714566030 ) ) ;
#1825 = CARTESIAN_POINT ( 'NONE',  ( 0.03625926600744993483, 5.556136293836598262E-16, -0.07404317216952659153 ) ) ;
#1826 = CARTESIAN_POINT ( 'NONE',  ( -0.01812963300372498129, -0.03140144548502863536, 0.09857587544952098324 ) ) ;
#1827 = CARTESIAN_POINT ( 'NONE',  ( 0.01749999999999999126, 0.01010362971082336310, 0.1179211135447589265 ) ) ;
#1828 = CARTESIAN_POINT ( 'NONE',  ( -0.03723909236273167944, -0.02149999999999989420, 0.05467706592571060925 ) ) ;
#1829 = CARTESIAN_POINT ( 'NONE',  ( 0.01812963300372496048, -0.03140144548502864924, 0.03235563735428290816 ) ) ;
#1830 = ORIENTED_EDGE ( 'NONE', *, *, #155, .F. ) ;
#1831 = CARTESIAN_POINT ( 'NONE',  ( -0.03807614593415892257, -0.02198327310478955313, -0.08873811264571708490 ) ) ;
#1832 = ADVANCED_FACE ( 'NONE', ( #199 ), #1996, .T. ) ;
#1833 = CARTESIAN_POINT ( 'NONE',  ( -0.04965212315030870238, 5.653146641763230716E-16, -0.09190031502666866359 ) ) ;
#1834 = CARTESIAN_POINT ( 'NONE',  ( -0.03625926600744993483, 5.644945881947510718E-16, 0.04426039925904480532 ) ) ;
#1835 = CARTESIAN_POINT ( 'NONE',  ( -3.845567970184112305E-18, -0.03140144548502864230, 0.01077825640190196478 ) ) ;
#1836 = CARTESIAN_POINT ( 'NONE',  ( 0.03625926600744994177, 5.556136293836597276E-16, 0.08890325640190195611 ) ) ;
#1837 = CARTESIAN_POINT ( 'NONE',  ( -0.03723909236273154066, -0.02149999999999982134, 0.07030206592571228152 ) ) ;
#1838 = CARTESIAN_POINT ( 'NONE',  ( 0.05076819457887855186, 5.529483824435511225E-16, -0.02884227931238374926 ) ) ;
#1839 = CARTESIAN_POINT ( 'NONE',  ( 0.03723909236273151985, -0.02149999999999984562, 0.04054016116380752127 ) ) ;
#1840 = CARTESIAN_POINT ( 'NONE',  ( 0.000000000000000000, 0.03140144548502977334, 0.1089925421161876823 ) ) ;
#1841 = CARTESIAN_POINT ( 'NONE',  ( 0.000000000000000000, 0.04300000000000150230, -0.02270388645524177088 ) ) ;
#1842 = CARTESIAN_POINT ( 'NONE',  ( 0.02719444950558744939, -0.01570072274251405747, -0.001870553121907554857 ) ) ;
#1843 = VERTEX_POINT ( 'NONE', #2764 ) ;
#1844 = FACE_OUTER_BOUND ( 'NONE', #18, .T. ) ;
#1845 = CARTESIAN_POINT ( 'NONE',  ( -0.02538409728943929328, -0.04396654620957967524, -0.1408214459790503859 ) ) ;
#1846 = CARTESIAN_POINT ( 'NONE',  ( 0.000000000000000000, -0.04300000000000148842, -0.1179211135447595232 ) ) ;
#1847 =( BOUNDED_CURVE ( )  B_SPLINE_CURVE ( 2, ( #3208, #3400, #850, #1087, #248, #1617, #234 ),
 .UNSPECIFIED., .F., .T. ) 
 B_SPLINE_CURVE_WITH_KNOTS ( ( 3, 2, 2, 3 ),
 ( 0.5000000000000000000, 0.5111111111111110716, 0.5222222222222222543, 0.5333333333333333259 ),
 .UNSPECIFIED. ) 
 CURVE ( )  GEOMETRIC_REPRESENTATION_ITEM ( )  RATIONAL_B_SPLINE_CURVE ( ( 1.000000000000000000, 0.8660254037844387076, 1.000000000000000000, 0.8660254037844387076, 1.000000000000000000, 0.8660254037844387076, 1.000000000000000000 ) ) 
 REPRESENTATION_ITEM ( '' )  );
#1848 = CARTESIAN_POINT ( 'NONE',  ( -0.02482606157515446221, -0.04300000000000035738, 0.002593732592377271870 ) ) ;
#1849 = CARTESIAN_POINT ( 'NONE',  ( 0.02719444950558747021, 0.01570072274251513994, 0.01896278021142577125 ) ) ;
#1850 = CARTESIAN_POINT ( 'NONE',  ( -0.03625926600744993483, 5.644945881947510718E-16, 0.006313970687616252478 ) ) ;
#1851 = CARTESIAN_POINT ( 'NONE',  ( -0.03625926600744994177, 5.644945881947510718E-16, 0.1156889706876162438 ) ) ;
#1852 = CARTESIAN_POINT ( 'NONE',  ( -0.03807614593415892257, -0.02198327310478955313, -0.0005684697885742283179 ) ) ;
#1853 = ADVANCED_FACE ( 'NONE', ( #1485 ), #256, .F. ) ;
#1854 = CARTESIAN_POINT ( 'NONE',  ( 0.03723909236273155454, 0.02150000000000092809, 0.04351635163999797301 ) ) ;
#1855 = CARTESIAN_POINT ( 'NONE',  ( -0.04965212315030870238, 5.653146641763230716E-16, 0.03309968497333132947 ) ) ;
#1856 = CYLINDRICAL_SURFACE ( 'NONE', #2358, 0.04300000000000134270 ) ;
#1857 = CARTESIAN_POINT ( 'NONE',  ( 0.01812963300372498823, 0.03140144548502975946, 0.03830801830666388103 ) ) ;
#1858 = ORIENTED_EDGE ( 'NONE', *, *, #721, .F. ) ;
#1859 = CARTESIAN_POINT ( 'NONE',  ( 0.02538409728943926552, -0.04396654620957970300, -0.08427382693143135872 ) ) ;
#1860 = CARTESIAN_POINT ( 'NONE',  ( 0.000000000000000000, 3.457575018269998191E-30, -0.1320788864552411290 ) ) ;
#1861 = CARTESIAN_POINT ( 'NONE',  ( 0.02482606157515433731, -0.04300000000000023942, -0.08594793407428773235 ) ) ;
#1862 = CONICAL_SURFACE ( 'NONE', #1542, 0.02020725942164193489, 0.7853981633974500554 ) ;
#1863 = CARTESIAN_POINT ( 'NONE',  ( -0.01812963300372498129, -0.03140144548502862842, -0.09785269597905039973 ) ) ;
#1864 =( BOUNDED_CURVE ( )  B_SPLINE_CURVE ( 2, ( #2949, #576, #893, #2145, #593, #330, #316, #1897, #2386, #1123, #2444, #2596, #2855, #1655, #2664, #2966, #609, #1637, #297, #30, #83, #281, #1360, #1083, #1670, #3221, #1399, #861, #1156, #46, #3204, #1103, #2698, #1139, #2124, #3237, #1929, #1688, #3182, #2712, #95, #351, #1416, #2193, #825, #3042, #1240, #1503, #2777, #1702, #1176, #3062, #1961, #1976, #703, #116, #3006, #1993, #1773, #683, #3287, #2212, #2761, #3270, #2530, #394, #3305, #2984, #3023, #185, #2725, #2284, #414, #647, #941, #626, #2517, #1755, #2251, #2790, #1481, #1722, #908, #1466, #1451, #437, #1739, #1430, #2478, #360, #3335, #957, #1944, #2271, #921, #3322, #380, #665, #2744, #2490, #135, #170, #1227, #1191, #2011, #2231, #2504, #151, #1208, #2039, #1289, #2314, #1257, #2845, #244, #2813, #2057, #2072, #1798, #1306, #2828, #489, #2879, #3377, #1571, #1275, #196, #1554, #2334, #472, #523, #2347, #3131, #1518, #2590, #506, #229, #1022, #1006, #2369, #215, #3112, #767, #1536, #3409, #2572, #751, #3392, #1591, #1810, #2605, #1826, #2296, #2864, #1042, #2093, #2621, #3146, #1840, #257, #1322, #2023, #969, #3082, #723 ),
 .UNSPECIFIED., .F., .F. ) 
 B_SPLINE_CURVE_WITH_KNOTS ( ( 3, 2, 2, 2, 2, 2, 2, 2, 2, 2, 2, 2, 2, 2, 2, 2, 2, 2, 2, 2, 2, 2, 2, 2, 2, 2, 2, 2, 2, 2, 2, 2, 2, 2, 2, 2, 2, 2, 2, 2, 2, 2, 2, 2, 2, 2, 2, 2, 2, 2, 2, 2, 2, 2, 2, 2, 2, 2, 2, 2, 2, 2, 2, 2, 2, 2, 2, 2, 2, 2, 2, 2, 2, 2, 2, 2, 2, 2, 2, 2, 2, 2, 3 ),
 ( 0.06250538647235227840, 0.06666666666666666574, 0.07777777777777777901, 0.08888888888888889228, 0.1000000000000000056, 0.1111111111111111049, 0.1222222222222222321, 0.1333333333333333592, 0.1444444444444444309, 0.1555555555555555580, 0.1666666666666666852, 0.1777777777777777846, 0.1888888888888889395, 0.2000000000000000111, 0.2111111111111111382, 0.2222222222222222654, 0.2333333333333333370, 0.2444444444444444642, 0.2555555555555555913, 0.2666666666666667185, 0.2777777777777778456, 0.2888888888888889173, 0.3000000000000000444, 0.3111111111111111716, 0.3222222222222222432, 0.3333333333333333703, 0.3444444444444444975, 0.3555555555555556246, 0.3666666666666666963, 0.3777777777777777679, 0.3888888888888888951, 0.4000000000000000777, 0.4111111111111111494, 0.4222222222222222765, 0.4333333333333334036, 0.4444444444444444753, 0.4555555555555556024, 0.4666666666666666741, 0.4777777777777778567, 0.4888888888888889284, 0.5000000000000001110, 0.5111111111111111827, 0.5222222222222223653, 0.5333333333333334370, 0.5444444444444445086, 0.5555555555555556912, 0.5666666666666666519, 0.5777777777777777235, 0.5888888888888890172, 0.6000000000000000888, 0.6111111111111112715, 0.6222222222222223431, 0.6333333333333333037, 0.6444444444444445974, 0.6555555555555556690, 0.6666666666666667407, 0.6777777777777779233, 0.6888888888888888840, 0.7000000000000000666, 0.7111111111111111382, 0.7222222222222223209, 0.7333333333333333925, 0.7444444444444445752, 0.7555555555555556468, 0.7666666666666667185, 0.7777777777777779011, 0.7888888888888888618, 0.8000000000000001554, 0.8111111111111112271, 0.8222222222222222987, 0.8333333333333334814, 0.8444444444444444420, 0.8555555555555556246, 0.8666666666666668073, 0.8777777777777778789, 0.8888888888888889506, 0.9000000000000001332, 0.9111111111111112049, 0.9222222222222222765, 0.9333333333333334592, 0.9444444444444445308, 0.9555555555555557135, 0.9666666666666667851 ),
 .UNSPECIFIED. ) 
 CURVE ( )  GEOMETRIC_REPRESENTATION_ITEM ( )  RATIONAL_B_SPLINE_CURVE ( ( 0.9372319452664186201, 0.9498244749604225490, 1.000000000000000000, 0.8660254037844387076, 1.000000000000000000, 0.8660254037844387076, 1.000000000000000000, 0.8660254037844387076, 1.000000000000000000, 0.8660254037844387076, 1.000000000000000000, 0.8660254037844387076, 1.000000000000000000, 0.8660254037844387076, 1.000000000000000000, 0.8660254037844387076, 1.000000000000000000, 0.8660254037844387076, 1.000000000000000000, 0.8660254037844387076, 1.000000000000000000, 0.8660254037844387076, 1.000000000000000000, 0.8660254037844387076, 1.000000000000000000, 0.8660254037844387076, 1.000000000000000000, 0.8660254037844387076, 1.000000000000000000, 0.8660254037844387076, 1.000000000000000000, 0.8660254037844387076, 1.000000000000000000, 0.8660254037844387076, 1.000000000000000000, 0.8660254037844387076, 1.000000000000000000, 0.8660254037844387076, 1.000000000000000000, 0.8660254037844387076, 1.000000000000000000, 0.8660254037844387076, 1.000000000000000000, 0.8660254037844387076, 1.000000000000000000, 0.8660254037844387076, 1.000000000000000000, 0.8660254037844387076, 1.000000000000000000, 0.8660254037844387076, 1.000000000000000000, 0.8660254037844387076, 1.000000000000000000, 0.8660254037844387076, 1.000000000000000000, 0.8660254037844387076, 1.000000000000000000, 0.8660254037844387076, 1.000000000000000000, 0.8660254037844387076, 1.000000000000000000, 0.8660254037844387076, 1.000000000000000000, 0.8660254037844387076, 1.000000000000000000, 0.8660254037844387076, 1.000000000000000000, 0.8660254037844387076, 1.000000000000000000, 0.8660254037844387076, 1.000000000000000000, 0.8660254037844387076, 1.000000000000000000, 0.8660254037844387076, 1.000000000000000000, 0.8660254037844387076, 1.000000000000000000, 0.8660254037844387076, 1.000000000000000000, 0.8660254037844387076, 1.000000000000000000, 0.8660254037844387076, 1.000000000000000000, 0.8660254037844387076, 1.000000000000000000, 0.8660254037844387076, 1.000000000000000000, 0.8660254037844387076, 1.000000000000000000, 0.8660254037844387076, 1.000000000000000000, 0.8660254037844387076, 1.000000000000000000, 0.8660254037844387076, 1.000000000000000000, 0.8660254037844387076, 1.000000000000000000, 0.8660254037844387076, 1.000000000000000000, 0.8660254037844387076, 1.000000000000000000, 0.8660254037844387076, 1.000000000000000000, 0.8660254037844387076, 1.000000000000000000, 0.8660254037844387076, 1.000000000000000000, 0.8660254037844387076, 1.000000000000000000, 0.8660254037844387076, 1.000000000000000000, 0.8660254037844387076, 1.000000000000000000, 0.8660254037844387076, 1.000000000000000000, 0.8660254037844387076, 1.000000000000000000, 0.8660254037844387076, 1.000000000000000000, 0.8660254037844387076, 1.000000000000000000, 0.8660254037844387076, 1.000000000000000000, 0.8660254037844387076, 1.000000000000000000, 0.8660254037844387076, 1.000000000000000000, 0.8660254037844387076, 1.000000000000000000, 0.8660254037844387076, 1.000000000000000000, 0.8660254037844387076, 1.000000000000000000, 0.8660254037844387076, 1.000000000000000000, 0.8660254037844387076, 1.000000000000000000, 0.8660254037844387076, 1.000000000000000000, 0.8660254037844387076, 1.000000000000000000, 0.8660254037844387076, 1.000000000000000000, 0.8660254037844387076, 1.000000000000000000, 0.8660254037844387076, 1.000000000000000000, 0.8660254037844387076, 1.000000000000000000, 0.8660254037844387076, 1.000000000000000000, 0.8660254037844387076, 1.000000000000000000, 0.8660254037844387076, 1.000000000000000000, 0.8660254037844387076, 1.000000000000000000, 0.8660254037844387076, 1.000000000000000000, 0.8660254037844387076, 1.000000000000000000, 0.8660254037844387076, 1.000000000000000000, 0.8660254037844373753, 1.000000000000001332 ) ) 
 REPRESENTATION_ITEM ( '' )  );
#1865 = CARTESIAN_POINT ( 'NONE',  ( -3.845567970184112305E-18, -0.03140144548502864230, 0.01301039925904481920 ) ) ;
#1866 = CARTESIAN_POINT ( 'NONE',  ( -0.03625926600744993483, 5.644945881947510718E-16, 0.07774254211618766841 ) ) ;
#1867 = CARTESIAN_POINT ( 'NONE',  ( 0.000000000000000000, 0.04300000000000150230, -0.02270388645524177088 ) ) ;
#1868 = AXIS2_PLACEMENT_3D ( 'NONE', #263, #1062, #2398 ) ;
#1869 = CARTESIAN_POINT ( 'NONE',  ( 0.000000000000000000, 0.04300000000000134270, 0.06434968497333130866 ) ) ;
#1870 = CARTESIAN_POINT ( 'NONE',  ( -5.384349008512664934E-18, -0.04396654620957968912, 0.03812200640190195611 ) ) ;
#1871 = CYLINDRICAL_SURFACE ( 'NONE', #929, 0.04300000000000134270 ) ;
#1872 = CIRCLE ( 'NONE', #3355, 0.03440000000000256047 ) ;
#1873 = CARTESIAN_POINT ( 'NONE',  ( 0.02482606157515439976, 0.04300000000000160638, -0.02419198169333700368 ) ) ;
#1874 =( BOUNDED_CURVE ( )  B_SPLINE_CURVE ( 2, ( #903, #1892, #2694, #1394, #1135, #2173, #3233 ),
 .UNSPECIFIED., .F., .F. ) 
 B_SPLINE_CURVE_WITH_KNOTS ( ( 3, 2, 2, 3 ),
 ( 0.1000000000000001166, 0.1111111111111112715, 0.1222222222222223154, 0.1333333333333333592 ),
 .UNSPECIFIED. ) 
 CURVE ( )  GEOMETRIC_REPRESENTATION_ITEM ( )  RATIONAL_B_SPLINE_CURVE ( ( 0.9999999999999983347, 0.8660254037844403729, 1.000000000000000000, 0.8660254037844387076, 1.000000000000000000, 0.8660254037844380415, 1.000000000000000666 ) ) 
 REPRESENTATION_ITEM ( '' )  );
#1875 = LINE ( 'NONE', #2335, #429 ) ;
#1876 = LINE ( 'NONE', #872, #1378 ) ;
#1877 = CARTESIAN_POINT ( 'NONE',  ( -0.01812963300372496395, 0.03140144548502977334, 0.05914135163999720279 ) ) ;
#1878 = CARTESIAN_POINT ( 'NONE',  ( -3.845567970184112305E-18, -0.03140144548502864230, 0.1179211135447591069 ) ) ;
#1879 = ORIENTED_EDGE ( 'NONE', *, *, #1676, .F. ) ;
#1880 = VERTEX_POINT ( 'NONE', #1506 ) ;
#1881 = CARTESIAN_POINT ( 'NONE',  ( 0.01812963300372498823, 0.03140144548502975946, 0.1075044468780924217 ) ) ;
#1882 = LINE ( 'NONE', #1846, #488 ) ;
#1883 = CARTESIAN_POINT ( 'NONE',  ( -5.265981236333733472E-18, -0.04300000000000036432, 0.09336754211618679411 ) ) ;
#1884 = ORIENTED_EDGE ( 'NONE', *, *, #1958, .T. ) ;
#1885 = CARTESIAN_POINT ( 'NONE',  ( -0.03625926600744993483, 5.644945881947510718E-16, 0.008546113544759108629 ) ) ;
#1886 = CARTESIAN_POINT ( 'NONE',  ( 0.000000000000000000, 0.03140144548502977334, 0.05542111354475908608 ) ) ;
#1887 = EDGE_CURVE ( 'NONE', #2906, #2859, #737, .T. ) ;
#1888 = CARTESIAN_POINT ( 'NONE',  ( -0.04965212315030870238, 5.653146641763230716E-16, 0.06881397068761704872 ) ) ;
#1889 = CARTESIAN_POINT ( 'NONE',  ( -0.01812963300372496395, 0.03140144548502977334, 0.05690920878285433970 ) ) ;
#1890 = CARTESIAN_POINT ( 'NONE',  ( 0.02538409728943930022, 0.04396654620958079934, 0.009848196878092433867 ) ) ;
#1891 = ORIENTED_EDGE ( 'NONE', *, *, #1259, .F. ) ;
#1892 = CARTESIAN_POINT ( 'NONE',  ( -0.02482606157515454895, -0.04299999999999990635, 0.1075044468780932128 ) ) ;
#1893 = CARTESIAN_POINT ( 'NONE',  ( 0.01812963300372496048, -0.03140144548502864924, -0.1283586483600028250 ) ) ;
#1894 = DIRECTION ( 'NONE',  ( 0.000000000000000000, 1.000000000000000000, 1.032384416210272233E-14 ) ) ;
#1895 = LINE ( 'NONE', #2160, #1484 ) ;
#1896 = FACE_OUTER_BOUND ( 'NONE', #164, .T. ) ;
#1897 = CARTESIAN_POINT ( 'NONE',  ( -0.01812963300372498129, -0.03140144548502863536, -0.1157098388361932628 ) ) ;
#1898 = EDGE_LOOP ( 'NONE', ( #1032, #236, #2727 ) ) ;
#1899 = EDGE_CURVE ( 'NONE', #977, #1969, #1145, .T. ) ;
#1900 = CARTESIAN_POINT ( 'NONE',  ( 0.000000000000000000, -1.453607026109205299E-16, -0.1179211135447590930 ) ) ;
#1901 = DIRECTION ( 'NONE',  ( 0.000000000000000000, -1.000000000000000000, -1.032384416210299843E-14 ) ) ;
#1902 = CARTESIAN_POINT ( 'NONE',  ( -0.03625926600744993483, 5.644945881947510718E-16, 0.06211754211618769617 ) ) ;
#1903 = CARTESIAN_POINT ( 'NONE',  ( 0.03625926600744993483, 5.556136293836598262E-16, 0.08667111354475909302 ) ) ;
#1904 = CARTESIAN_POINT ( 'NONE',  ( 0.02719444950558744939, -0.01570072274251405747, 0.08741516116380672330 ) ) ;
#1905 = ADVANCED_FACE ( 'NONE', ( #3338 ), #459, .T. ) ;
#1906 = CARTESIAN_POINT ( 'NONE',  ( 0.000000000000000000, 0.03140144548502977334, 0.03756397068761624380 ) ) ;
#1907 = ORIENTED_EDGE ( 'NONE', *, *, #3193, .T. ) ;
#1908 = CARTESIAN_POINT ( 'NONE',  ( -5.384349008512664934E-18, -0.04396654620957968912, 0.003523792116187684457 ) ) ;
#1909 = CARTESIAN_POINT ( 'NONE',  ( 0.000000000000000000, 0.04396654620958081322, 0.04705057783047338071 ) ) ;
#1910 = ORIENTED_EDGE ( 'NONE', *, *, #1630, .F. ) ;
#1911 = CARTESIAN_POINT ( 'NONE',  ( -5.265981236333733472E-18, -0.04300000000000036432, -0.08520388645524175353 ) ) ;
#1912 = CARTESIAN_POINT ( 'NONE',  ( -0.01812963300372496395, 0.03140144548502977334, -0.06809079121714566030 ) ) ;
#1913 = FACE_OUTER_BOUND ( 'NONE', #2656, .T. ) ;
#1914 = CARTESIAN_POINT ( 'NONE',  ( 0.000000000000000000, -0.04300000000000148842, -0.1179211135447595232 ) ) ;
#1915 = VERTEX_POINT ( 'NONE', #2059 ) ;
#1916 = CARTESIAN_POINT ( 'NONE',  ( 0.000000000000000000, 0.04396654620958081322, -0.1304047793123837284 ) ) ;
#1917 = CARTESIAN_POINT ( 'NONE',  ( -0.01476549154863445595, -0.01168239890131580160, 0.1163423443542541541 ) ) ;
#1918 = CARTESIAN_POINT ( 'NONE',  ( -0.02719444950558745633, 0.01570072274251516770, 0.09634373259237814791 ) ) ;
#1919 = CARTESIAN_POINT ( 'NONE',  ( -3.845567970184112305E-18, -0.03140144548502864230, 0.02863539925904482267 ) ) ;
#1920 = CARTESIAN_POINT ( 'NONE',  ( -0.04965212315030870238, 5.653146641763230716E-16, -0.1097574578838115128 ) ) ;
#1921 = EDGE_LOOP ( 'NONE', ( #3256, #72, #3289, #2433 ) ) ;
#1922 = CONICAL_SURFACE ( 'NONE', #595, 65.52281426576782053, 1.029744258676650315 ) ;
#1923 = CARTESIAN_POINT ( 'NONE',  ( -3.845567970184112305E-18, -0.03140144548502864230, -0.1298467435980980300 ) ) ;
#1924 = DIMENSIONAL_EXPONENTS ( 1.000000000000000000, 0.000000000000000000, 0.000000000000000000, 0.000000000000000000, 0.000000000000000000, 0.000000000000000000, 0.000000000000000000 ) ;
#1925 = ORIENTED_EDGE ( 'NONE', *, *, #478, .F. ) ;
#1926 = CARTESIAN_POINT ( 'NONE',  ( -0.03625926600744993483, 5.644945881947510718E-16, -0.1343110293123837562 ) ) ;
#1927 = CIRCLE ( 'NONE', #1099, 0.02020725942164193489 ) ;
#1928 = CARTESIAN_POINT ( 'NONE',  ( 0.000000000000000000, 0.03140144548502977334, 0.09336754211618765453 ) ) ;
#1929 = CARTESIAN_POINT ( 'NONE',  ( 0.02719444950558747021, 0.01570072274251513994, -0.07255507693143135872 ) ) ;
#1930 = CARTESIAN_POINT ( 'NONE',  ( 0.03625926600744993483, 5.556136293836598262E-16, -0.09190031502666946850 ) ) ;
#1931 = CIRCLE ( 'NONE', #2032, 0.04300000000000019779 ) ;
#1932 = CARTESIAN_POINT ( 'NONE',  ( -0.04965212315030889667, 5.653146641763228744E-16, -0.08966817216952746583 ) ) ;
#1933 = DIRECTION ( 'NONE',  ( 0.000000000000000000, -1.000000000000000000, -1.032384416210299843E-14 ) ) ;
#1934 = CARTESIAN_POINT ( 'NONE',  ( -3.845567970184112305E-18, -0.03140144548502864230, 0.1179211135447591069 ) ) ;
#1935 = CARTESIAN_POINT ( 'NONE',  ( -0.01812963300372498129, -0.03140144548502863536, -0.1134776959790504275 ) ) ;
#1936 = CARTESIAN_POINT ( 'NONE',  ( 0.03625926600744993483, 5.556136293836598262E-16, 0.03309968497333053150 ) ) ;
#1937 = CARTESIAN_POINT ( 'NONE',  ( 0.03807614593415890869, -0.02198327310478958435, 0.1125267683066638463 ) ) ;
#1938 = ORIENTED_EDGE ( 'NONE', *, *, #2964, .F. ) ;
#1939 = EDGE_CURVE ( 'NONE', #2986, #2950, #1814, .T. ) ;
#1940 = B_SPLINE_CURVE_WITH_KNOTS ( 'NONE', 3,
 ( #22, #1093, #2136, #2154, #2071, #1570 ),
 .UNSPECIFIED., .F., .F.,
 ( 4, 2, 4 ),
 ( 0.000000000000000000, 0.0002958213016794371134, 0.0005916426033588742268 ),
 .UNSPECIFIED. ) ;
#1941 = ORIENTED_EDGE ( 'NONE', *, *, #2932, .T. ) ;
#1942 = CARTESIAN_POINT ( 'NONE',  ( -0.01750000000000436276, 0.01010362971081579624, 0.1179211135447589265 ) ) ;
#1943 = DIRECTION ( 'NONE',  ( 0.000000000000000000, -1.000000000000000000, -1.032384416210299843E-14 ) ) ;
#1944 = CARTESIAN_POINT ( 'NONE',  ( -3.845567970184112305E-18, -0.03140144548502864230, 0.01077825640190196478 ) ) ;
#1945 = CARTESIAN_POINT ( 'NONE',  ( -3.845567970184112305E-18, -0.03140144548502864230, -0.06065031502666945462 ) ) ;
#1946 = ORIENTED_EDGE ( 'NONE', *, *, #235, .T. ) ;
#1947 = ORIENTED_EDGE ( 'NONE', *, *, #1246, .F. ) ;
#1948 = CARTESIAN_POINT ( 'NONE',  ( 0.000000000000000000, 3.457575018269998191E-30, -0.1320788864552411290 ) ) ;
#1949 = CARTESIAN_POINT ( 'NONE',  ( -0.03723909236273154066, -0.02149999999999982134, 0.05244492306856943231 ) ) ;
#1950 = CARTESIAN_POINT ( 'NONE',  ( -0.03395601683730548742, -0.01140927138767612072, -0.1201116799796459189 ) ) ;
#1951 = CARTESIAN_POINT ( 'NONE',  ( 0.01812963300372496048, -0.03140144548502864924, -0.09264436264571707103 ) ) ;
#1952 = DIRECTION ( 'NONE',  ( 0.8660254037844383745, -0.5000000000000004441, 0.000000000000000000 ) ) ;
#1953 = CARTESIAN_POINT ( 'NONE',  ( -0.02538409728943927246, 0.04396654620958081322, 0.1199672444971400381 ) ) ;
#1954 = CARTESIAN_POINT ( 'NONE',  ( -0.05076819457887855186, 5.653830038414538087E-16, -0.1080833507409551669 ) ) ;
#1955 =( BOUNDED_CURVE ( )  B_SPLINE_CURVE ( 2, ( #1983, #671, #2701, #1146, #864, #912, #2166, #3010, #3241, #1935, #1743, #881, #322, #653, #3227, #2751, #1389, #1677, #2973, #2717, #1163, #3261, #899, #1951, #1248, #3047, #2046, #2581, #2796, #2258, #2320, #3311, #2558, #3069, #462, #690, #1524, #1280, #154, #2031, #3088, #221, #2288, #3343, #944, #2000, #1233, #1010, #1543, #1491, #3099, #202, #400, #2016, #710, #3384, #1760, #2063, #740, #2781, #189, #1801, #974, #444, #1262, #2523, #3118, #2833, #2304, #1779, #756, #421, #728, #1509, #3361, #1215, #2767, #1470, #176, #2275, #3326, #2538, #1791, #2507, #961, #2817, #992, #479, #1596, #2868, #510, #1574, #2044, #201, #2609, #991, #2318, #460, #2096, #246, #2076, #738, #726, #1309, #1027, #2816, #2849, #2351, #493, #2337, #3379, #262, #1538, #1293, #3414, #3116, #2575, #3149, #784, #2882, #2029, #1277, #526, #218, #2555, #1558, #231, #1800, #2287, #2830, #3341, #972, #2593, #1007, #2061, #3395, #3087, #2134, #1318, #3404, #3171, #1091, #2363, #3194, #1904, #1836, #1625, #2651, #2392, #2874, #835, #1659, #2941, #2925, #518, #1585, #60, #3158, #1072, #2152, #2616, #811, #584, #1851, #2689, #1644, #2888 ),
 .UNSPECIFIED., .F., .T. ) 
 B_SPLINE_CURVE_WITH_KNOTS ( ( 3, 2, 2, 2, 2, 2, 2, 2, 2, 2, 2, 2, 2, 2, 2, 2, 2, 2, 2, 2, 2, 2, 2, 2, 2, 2, 2, 2, 2, 2, 2, 2, 2, 2, 2, 2, 2, 2, 2, 2, 2, 2, 2, 2, 2, 2, 2, 2, 2, 2, 2, 2, 2, 2, 2, 2, 2, 2, 2, 2, 2, 2, 2, 2, 2, 2, 2, 2, 2, 2, 2, 2, 2, 2, 2, 2, 2, 2, 2, 2, 2, 2, 2, 3 ),
 ( 0.05413823774365533747, 0.05555555555555555247, 0.06666666666666666574, 0.07777777777777777901, 0.08888888888888889228, 0.1000000000000000056, 0.1111111111111111049, 0.1222222222222222182, 0.1333333333333333315, 0.1444444444444444309, 0.1555555555555555580, 0.1666666666666666852, 0.1777777777777778123, 0.1888888888888888840, 0.2000000000000000111, 0.2111111111111110827, 0.2222222222222222099, 0.2333333333333333370, 0.2444444444444444364, 0.2555555555555555358, 0.2666666666666666630, 0.2777777777777777901, 0.2888888888888888618, 0.2999999999999999889, 0.3111111111111111160, 0.3222222222222222432, 0.3333333333333333148, 0.3444444444444444420, 0.3555555555555555691, 0.3666666666666666408, 0.3777777777777777679, 0.3888888888888888951, 0.4000000000000000222, 0.4111111111111110938, 0.4222222222222222210, 0.4333333333333333481, 0.4444444444444444198, 0.4555555555555554914, 0.4666666666666666741, 0.4777777777777778567, 0.4888888888888888729, 0.5000000000000000000, 0.5111111111111110716, 0.5222222222222222543, 0.5333333333333333259, 0.5444444444444443976, 0.5555555555555555802, 0.5666666666666666519, 0.5777777777777777235, 0.5888888888888889062, 0.5999999999999999778, 0.6111111111111111605, 0.6222222222222222321, 0.6333333333333334147, 0.6444444444444444864, 0.6555555555555555580, 0.6666666666666666297, 0.6777777777777779233, 0.6888888888888888840, 0.6999999999999999556, 0.7111111111111111382, 0.7222222222222222099, 0.7333333333333332815, 0.7444444444444444642, 0.7555555555555555358, 0.7666666666666667185, 0.7777777777777776791, 0.7888888888888888618, 0.8000000000000000444, 0.8111111111111111160, 0.8222222222222221877, 0.8333333333333333703, 0.8444444444444444420, 0.8555555555555555136, 0.8666666666666666963, 0.8777777777777777679, 0.8888888888888888395, 0.9000000000000000222, 0.9111111111111110938, 0.9222222222222222765, 0.9333333333333333481, 0.9444444444444444198, 0.9555555555555556024, 0.9584775966368801470 ),
 .UNSPECIFIED. ) 
 CURVE ( )  GEOMETRIC_REPRESENTATION_ITEM ( )  RATIONAL_B_SPLINE_CURVE ( ( 0.9701806294737761460, 0.9829103876597391487, 1.000000000000000000, 0.8660254037844387076, 1.000000000000000000, 0.8660254037844387076, 1.000000000000000000, 0.8660254037844387076, 1.000000000000000000, 0.8660254037844387076, 1.000000000000000000, 0.8660254037844387076, 1.000000000000000000, 0.8660254037844387076, 1.000000000000000000, 0.8660254037844387076, 1.000000000000000000, 0.8660254037844387076, 1.000000000000000000, 0.8660254037844387076, 1.000000000000000000, 0.8660254037844387076, 1.000000000000000000, 0.8660254037844387076, 1.000000000000000000, 0.8660254037844387076, 1.000000000000000000, 0.8660254037844387076, 1.000000000000000000, 0.8660254037844387076, 1.000000000000000000, 0.8660254037844387076, 1.000000000000000000, 0.8660254037844387076, 1.000000000000000000, 0.8660254037844387076, 1.000000000000000000, 0.8660254037844387076, 1.000000000000000000, 0.8660254037844387076, 1.000000000000000000, 0.8660254037844387076, 1.000000000000000000, 0.8660254037844387076, 1.000000000000000000, 0.8660254037844387076, 1.000000000000000000, 0.8660254037844387076, 1.000000000000000000, 0.8660254037844387076, 1.000000000000000000, 0.8660254037844387076, 1.000000000000000000, 0.8660254037844387076, 1.000000000000000000, 0.8660254037844387076, 1.000000000000000000, 0.8660254037844387076, 1.000000000000000000, 0.8660254037844387076, 1.000000000000000000, 0.8660254037844387076, 1.000000000000000000, 0.8660254037844387076, 1.000000000000000000, 0.8660254037844387076, 1.000000000000000000, 0.8660254037844387076, 1.000000000000000000, 0.8660254037844387076, 1.000000000000000000, 0.8660254037844387076, 1.000000000000000000, 0.8660254037844387076, 1.000000000000000000, 0.8660254037844387076, 1.000000000000000000, 0.8660254037844387076, 1.000000000000000000, 0.8660254037844387076, 1.000000000000000000, 0.8660254037844387076, 1.000000000000000000, 0.8660254037844387076, 1.000000000000000000, 0.8660254037844387076, 1.000000000000000000, 0.8660254037844387076, 1.000000000000000000, 0.8660254037844387076, 1.000000000000000000, 0.8660254037844387076, 1.000000000000000000, 0.8660254037844387076, 1.000000000000000000, 0.8660254037844387076, 1.000000000000000000, 0.8660254037844387076, 1.000000000000000000, 0.8660254037844387076, 1.000000000000000000, 0.8660254037844387076, 1.000000000000000000, 0.8660254037844387076, 1.000000000000000000, 0.8660254037844387076, 1.000000000000000000, 0.8660254037844387076, 1.000000000000000000, 0.8660254037844387076, 1.000000000000000000, 0.8660254037844387076, 1.000000000000000000, 0.8660254037844387076, 1.000000000000000000, 0.8660254037844387076, 1.000000000000000000, 0.8660254037844387076, 1.000000000000000000, 0.8660254037844387076, 1.000000000000000000, 0.8660254037844387076, 1.000000000000000000, 0.8660254037844387076, 1.000000000000000000, 0.8660254037844387076, 1.000000000000000000, 0.8660254037844387076, 1.000000000000000000, 0.8660254037844387076, 1.000000000000000000, 0.8660254037844387076, 1.000000000000000000, 0.8660254037844387076, 1.000000000000000000, 0.8660254037844387076, 1.000000000000000000, 0.8660254037844387076, 1.000000000000000000, 0.8660254037844387076, 1.000000000000000000, 0.8660254037844387076, 1.000000000000000000, 0.8660254037844387076, 1.000000000000000000, 0.8660254037844387076, 1.000000000000000000, 0.8660254037844387076, 1.000000000000000000, 0.8660254037844387076, 1.000000000000000000, 0.8660254037844387076, 1.000000000000000000, 0.8660254037844387076, 1.000000000000000000, 0.8660254037844387076, 1.000000000000000000, 0.8660254037844387076, 1.000000000000000000, 0.8660254037844387076, 1.000000000000000000, 0.8660254037844387076, 1.000000000000000000, 0.8660254037844387076, 1.000000000000000000, 0.9647668653403834726, 0.9480652107226300584 ) ) 
 REPRESENTATION_ITEM ( '' )  );
#1956 = DIRECTION ( 'NONE',  ( 0.8660254037844388186, 0.4999999999999997224, 0.000000000000000000 ) ) ;
#1957 = CARTESIAN_POINT ( 'NONE',  ( 0.02538409728943926552, -0.04396654620957970300, 0.02286903021142576778 ) ) ;
#1958 = EDGE_CURVE ( 'NONE', #2492, #1118, #2210, .T. ) ;
#1959 = ORIENTED_EDGE ( 'NONE', *, *, #1658, .T. ) ;
#1960 = CARTESIAN_POINT ( 'NONE',  ( 0.000000000000000000, -5.170700926295986467E-15, 0.1179211135447589265 ) ) ;
#1961 = CARTESIAN_POINT ( 'NONE',  ( -0.02719444950558745633, 0.01570072274251516770, -0.04874555312190755052 ) ) ;
#1962 = CARTESIAN_POINT ( 'NONE',  ( 0.01812963300372498823, 0.03140144548502975946, -0.05320983883619327670 ) ) ;
#1963 = VERTEX_POINT ( 'NONE', #1795 ) ;
#1964 = B_SPLINE_CURVE_WITH_KNOTS ( 'NONE', 3,
 ( #1741, #926, #688, #1966, #1508, #3324, #1759, #139, #2536, #3276, #153, #1982, #3046, #1708 ),
 .UNSPECIFIED., .F., .F.,
 ( 4, 2, 2, 2, 2, 2, 4 ),
 ( 0.003096848297199779679, 0.003468595962612822884, 0.003840343628025866089, 0.004583838958851952500, 0.004955586624264995271, 0.005327334289678038910, 0.006070829620504125321 ),
 .UNSPECIFIED. ) ;
#1965 = CARTESIAN_POINT ( 'NONE',  ( -5.265981236333714212E-18, -0.04300000000000021166, 0.01970682783047417869 ) ) ;
#1966 = CARTESIAN_POINT ( 'NONE',  ( 0.01903959513120298541, -0.03401397404850278056, -0.1169690628689213779 ) ) ;
#1967 = CARTESIAN_POINT ( 'NONE',  ( -0.01812963300372496395, 0.03140144548502977334, 0.1104806373542828873 ) ) ;
#1968 = CARTESIAN_POINT ( 'NONE',  ( -0.02482606157515444487, -0.04300000000000007983, 0.01821873259237892853 ) ) ;
#1969 = VERTEX_POINT ( 'NONE', #2807 ) ;
#1970 = CARTESIAN_POINT ( 'NONE',  ( -0.02538409728943927246, 0.04396654620958081322, 0.1021101016399972167 ) ) ;
#1971 = CARTESIAN_POINT ( 'NONE',  ( 0.000000000000000000, 0.04300000000000134270, 0.04649254211618845944 ) ) ;
#1972 = AXIS2_PLACEMENT_3D ( 'NONE', #203, #2508, #480 ) ;
#1973 =( BOUNDED_CURVE ( )  B_SPLINE_CURVE ( 2, ( #3172, #2673, #2601, #2927, #1054, #1566, #2890 ),
 .UNSPECIFIED., .F., .F. ) 
 B_SPLINE_CURVE_WITH_KNOTS ( ( 3, 2, 2, 3 ),
 ( 0.1666666666666666574, 0.1777777777777778401, 0.1888888888888888840, 0.1999999999999999556 ),
 .UNSPECIFIED. ) 
 CURVE ( )  GEOMETRIC_REPRESENTATION_ITEM ( )  RATIONAL_B_SPLINE_CURVE ( ( 0.9999999999999996669, 0.8660254037844390407, 1.000000000000000000, 0.8660254037844387076, 1.000000000000000000, 0.8660254037844387076, 1.000000000000000000 ) ) 
 REPRESENTATION_ITEM ( '' )  );
#1974 = CARTESIAN_POINT ( 'NONE',  ( -0.02200077180269487814, -0.02240573182547228939, 0.1179211135447586767 ) ) ;
#1975 = VECTOR ( 'NONE', #1304, 39.37007874015748143 ) ;
#1976 = CARTESIAN_POINT ( 'NONE',  ( -0.03625926600744994177, 5.644945881947510718E-16, -0.04725745788381233159 ) ) ;
#1977 = CARTESIAN_POINT ( 'NONE',  ( -0.01812963300372496395, 0.03140144548502977334, -0.1216622197885742079 ) ) ;
#1978 = AXIS2_PLACEMENT_3D ( 'NONE', #2657, #1696, #1169 ) ;
#1979 = CARTESIAN_POINT ( 'NONE',  ( 0.02538409728943926552, -0.04396654620957970300, 0.1121547444971400381 ) ) ;
#1980 = DIRECTION ( 'NONE',  ( -0.000000000000000000, -1.026720117140053010E-14, 1.000000000000000000 ) ) ;
#1981 = AXIS2_PLACEMENT_3D ( 'NONE', #2120, #1395, #2174 ) ;
#1982 = CARTESIAN_POINT ( 'NONE',  ( 0.02797761159198603256, 0.03296581854659710181, -0.1135146576837373217 ) ) ;
#1983 = CARTESIAN_POINT ( 'NONE',  ( 0.02899544681572035348, 0.01205466061347440845, -0.1242399319409027425 ) ) ;
#1984 = CARTESIAN_POINT ( 'NONE',  ( 0.02506520259766404149, 0.01936174777884302686, -0.1242399319409046160 ) ) ;
#1985 = ORIENTED_EDGE ( 'NONE', *, *, #633, .F. ) ;
#1986 = CARTESIAN_POINT ( 'NONE',  ( 0.02719444950558744939, -0.01570072274251405747, -0.1268705531219075644 ) ) ;
#1987 = CARTESIAN_POINT ( 'NONE',  ( 0.05076819457887855186, 5.529483824435511225E-16, -0.1170119221695266054 ) ) ;
#1988 = CARTESIAN_POINT ( 'NONE',  ( -0.02719444950558745633, -0.01570072274251403666, -0.09710864836000281108 ) ) ;
#1989 = DIRECTION ( 'NONE',  ( -0.000000000000000000, -1.026720117140053010E-14, 1.000000000000000000 ) ) ;
#1990 = ADVANCED_FACE ( 'NONE', ( #182 ), #3390, .F. ) ;
#1991 = EDGE_LOOP ( 'NONE', ( #2414, #3337, #2088, #2332 ) ) ;
#1992 = CARTESIAN_POINT ( 'NONE',  ( -0.01812963300372498129, -0.03140144548502862842, 0.1186651611638067372 ) ) ;
#1993 = CARTESIAN_POINT ( 'NONE',  ( 0.01812963300372496048, -0.03140144548502864924, -0.04130507693143137260 ) ) ;
#1994 = CARTESIAN_POINT ( 'NONE',  ( 0.02719444950558744939, -0.01570072274251405747, -0.03981698169333612591 ) ) ;
#1995 = EDGE_LOOP ( 'NONE', ( #2875, #382, #785, #2338, #2714 ) ) ;
#1996 = CYLINDRICAL_SURFACE ( 'NONE', #762, 0.04300000000000134270 ) ;
#1997 = CARTESIAN_POINT ( 'NONE',  ( 0.000000000000000000, 0.03140144548502977334, -0.03163245788381231771 ) ) ;
#1998 = CARTESIAN_POINT ( 'NONE',  ( -0.04965212315030870238, 5.653146641763230716E-16, -0.07404317216952581437 ) ) ;
#1999 = EDGE_CURVE ( 'NONE', #2577, #629, #469, .T. ) ;
#2000 = CARTESIAN_POINT ( 'NONE',  ( -0.01812963300372498129, -0.03140144548502863536, -0.05990626740762183822 ) ) ;
#2001 = CARTESIAN_POINT ( 'NONE',  ( 0.02719444950558744939, -0.01570072274251405747, 0.1030401611638067094 ) ) ;
#2002 = DIRECTION ( 'NONE',  ( 1.000000000000000000, 0.000000000000000000, 0.000000000000000000 ) ) ;
#2003 = CARTESIAN_POINT ( 'NONE',  ( 0.000000000000000000, 0.03140144548502977334, -0.06734674359809804389 ) ) ;
#2004 = CARTESIAN_POINT ( 'NONE',  ( 0.000000000000000000, 0.04396654620958081322, -0.1125476364552408931 ) ) ;
#2005 = CARTESIAN_POINT ( 'NONE',  ( -0.02719444950558745633, 0.01570072274251516770, -0.1179419816933361259 ) ) ;
#2006 = CARTESIAN_POINT ( 'NONE',  ( 0.04965212315030889667, 5.531534014389438267E-16, 0.008546113544758243002 ) ) ;
#2007 = CARTESIAN_POINT ( 'NONE',  ( 0.03723909236273155454, 0.02150000000000092809, 0.02565920878285513074 ) ) ;
#2008 = ORIENTED_EDGE ( 'NONE', *, *, #2359, .F. ) ;
#2009 = CARTESIAN_POINT ( 'NONE',  ( 0.000000000000000000, 4.095459211021323262E-16, 0.09604611354475892093 ) ) ;
#2010 = CARTESIAN_POINT ( 'NONE',  ( -5.265981236333714212E-18, -0.04300000000000021166, 0.05542111354475989099 ) ) ;
#2011 = CARTESIAN_POINT ( 'NONE',  ( -3.845567970184112305E-18, -0.03140144548502864230, 0.02863539925904482267 ) ) ;
#2012 = CARTESIAN_POINT ( 'NONE',  ( -3.845567970184112305E-18, -0.03140144548502864230, -0.04279317216952661235 ) ) ;
#2013 = CARTESIAN_POINT ( 'NONE',  ( 0.03723909236273155454, 0.02150000000000092809, -0.09934079121714485539 ) ) ;
#2014 = CARTESIAN_POINT ( 'NONE',  ( 0.000000000000000000, 0.03140144548502977334, -0.06734674359809804389 ) ) ;
#2015 = CARTESIAN_POINT ( 'NONE',  ( -0.009115873983515309156, -0.03735816221868787368, -0.1182832152072443160 ) ) ;
#2016 = CARTESIAN_POINT ( 'NONE',  ( -0.01812963300372496395, 0.03140144548502977334, -0.04800150550285994105 ) ) ;
#2017 = ORIENTED_EDGE ( 'NONE', *, *, #3041, .F. ) ;
#2018 = CARTESIAN_POINT ( 'NONE',  ( -0.02719444950558745633, -0.01570072274251403666, -0.04353721978857422875 ) ) ;
#2019 = CARTESIAN_POINT ( 'NONE',  ( 0.02719444950558747021, 0.01570072274251513994, -0.1060372197885742218 ) ) ;
#2020 = CARTESIAN_POINT ( 'NONE',  ( 0.000000000000000000, -1.453607026109205299E-16, -0.1179211135447590930 ) ) ;
#2021 = CARTESIAN_POINT ( 'NONE',  ( 0.02538409728943926552, -0.04396654620957970300, -0.08538989836000279721 ) ) ;
#2022 = CARTESIAN_POINT ( 'NONE',  ( 0.02719444950558747021, 0.01570072274251513994, -0.1082693626457170849 ) ) ;
#2023 = CARTESIAN_POINT ( 'NONE',  ( -0.03625926600744994177, 5.644945881947510718E-16, 0.1134568278304733946 ) ) ;
#2024 = CARTESIAN_POINT ( 'NONE',  ( -0.01812963300372496395, 0.03140144548502977334, -0.03237650550285993412 ) ) ;
#2025 = EDGE_LOOP ( 'NONE', ( #1698, #2648, #637, #290 ) ) ;
#2026 = AXIS2_PLACEMENT_3D ( 'NONE', #420, #1487, #2991 ) ;
#2027 = DIRECTION ( 'NONE',  ( -0.000000000000000000, -1.026720117140053010E-14, 1.000000000000000000 ) ) ;
#2028 = CARTESIAN_POINT ( 'NONE',  ( 0.01812963300372496048, -0.03140144548502864924, -0.03907293407428851645 ) ) ;
#2029 = CARTESIAN_POINT ( 'NONE',  ( 0.02719444950558744939, -0.01570072274251405747, 0.05170087544952100406 ) ) ;
#2030 = AXIS2_PLACEMENT_3D ( 'NONE', #561, #804, #2389 ) ;
#2031 = CARTESIAN_POINT ( 'NONE',  ( 0.01812963300372498823, 0.03140144548502975946, -0.06883483883619327670 ) ) ;
#2032 = AXIS2_PLACEMENT_3D ( 'NONE', #888, #1201, #1714 ) ;
#2033 = CARTESIAN_POINT ( 'NONE',  ( 0.01749999999999999126, -5.170700926298405114E-15, 0.1152138541231170071 ) ) ;
#2034 = CARTESIAN_POINT ( 'NONE',  ( -0.01812963300372498129, -0.03140144548502862842, -0.02419198169333612591 ) ) ;
#2035 = B_SPLINE_CURVE_WITH_KNOTS ( 'NONE', 3,
 ( #655, #2468, #1984, #2450, #1711, #106 ),
 .UNSPECIFIED., .F., .F.,
 ( 4, 2, 4 ),
 ( 0.000000000000000000, 0.0003156684710345519264, 0.0006313369420691037444 ),
 .UNSPECIFIED. ) ;
#2036 =( LENGTH_UNIT ( ) NAMED_UNIT ( * ) SI_UNIT ( $, .METRE. ) );
#2037 = DIRECTION ( 'NONE',  ( -0.8660254037844385966, 0.5000000000000001110, 0.000000000000000000 ) ) ;
#2038 = CARTESIAN_POINT ( 'NONE',  ( 0.000000000000000000, 0.04396654620958081322, -0.09580656502666948238 ) ) ;
#2039 = CARTESIAN_POINT ( 'NONE',  ( 0.01812963300372498823, 0.03140144548502975946, 0.03607587544952101793 ) ) ;
#2040 = CARTESIAN_POINT ( 'NONE',  ( 0.01812963300372498823, 0.03140144548502975946, 0.0003615897352353004274 ) ) ;
#2041 = PRODUCT_RELATED_PRODUCT_CATEGORY ( 'part', '', ( #1725 ) ) ;
#2042 = DIRECTION ( 'NONE',  ( -0.000000000000000000, -1.026720117140053010E-14, 1.000000000000000000 ) ) ;
#2043 = CARTESIAN_POINT ( 'NONE',  ( -0.02719444950558745633, 0.01570072274251516770, -0.02865626740762185209 ) ) ;
#2044 = CARTESIAN_POINT ( 'NONE',  ( -0.02719444950558745633, -0.01570072274251403666, 0.01003420878285433450 ) ) ;
#2045 = CARTESIAN_POINT ( 'NONE',  ( 0.02538409728943926552, -0.04396654620957970300, -0.03070239836000279027 ) ) ;
#2046 = CARTESIAN_POINT ( 'NONE',  ( 0.02719444950558747021, 0.01570072274251513994, -0.08818007693143137260 ) ) ;
#2047 = CARTESIAN_POINT ( 'NONE',  ( 0.02482606157515430262, -0.04300000000000028799, 0.07476635163999797995 ) ) ;
#2048 = ORIENTED_EDGE ( 'NONE', *, *, #993, .F. ) ;
#2049 = CARTESIAN_POINT ( 'NONE',  ( -0.02719444950558745633, 0.01570072274251516770, -0.06437055312190756440 ) ) ;
#2050 = EDGE_CURVE ( 'NONE', #1462, #1352, #2588, .T. ) ;
#2051 = ORIENTED_EDGE ( 'NONE', *, *, #559, .T. ) ;
#2052 = CARTESIAN_POINT ( 'NONE',  ( 0.01050317224783278366, -0.04169752238122055588, 0.1118993287161547390 ) ) ;
#2053 = CARTESIAN_POINT ( 'NONE',  ( 0.03807614593415890869, -0.02198327310478958435, -0.1196160888361932767 ) ) ;
#2054 = CARTESIAN_POINT ( 'NONE',  ( 0.000000000000000000, 0.04300000000000134270, 0.04649254211618845944 ) ) ;
#2055 = CARTESIAN_POINT ( 'NONE',  ( 0.02719444950558744939, -0.01570072274251405747, -0.1291026959790504136 ) ) ;
#2056 = EDGE_CURVE ( 'NONE', #1704, #2267, #317, .T. ) ;
#2057 = CARTESIAN_POINT ( 'NONE',  ( -3.845567970184112305E-18, -0.03140144548502864230, 0.04649254211618766841 ) ) ;
#2058 = CARTESIAN_POINT ( 'NONE',  ( 0.03807614593415893645, 0.02198327310479065988, 0.1166190302114257643 ) ) ;
#2059 = CARTESIAN_POINT ( 'NONE',  ( 0.000000000000000000, 0.04300000000000134270, -0.09636460074095440365 ) ) ;
#2060 = CARTESIAN_POINT ( 'NONE',  ( -0.02719444950558745633, -0.01570072274251403666, -0.04353721978857422875 ) ) ;
#2061 = CARTESIAN_POINT ( 'NONE',  ( 0.02719444950558747021, 0.01570072274251513994, 0.07253420878285433970 ) ) ;
#2062 = ORIENTED_EDGE ( 'NONE', *, *, #3041, .T. ) ;
#2063 = CARTESIAN_POINT ( 'NONE',  ( -0.01812963300372498129, -0.03140144548502863536, -0.04204912455047898207 ) ) ;
#2064 = CARTESIAN_POINT ( 'NONE',  ( 0.000000000000000000, 0.04300000000000134270, 0.08220682783047418563 ) ) ;
#2065 = ORIENTED_EDGE ( 'NONE', *, *, #2856, .T. ) ;
#2066 = CARTESIAN_POINT ( 'NONE',  ( -0.02719444950558745633, -0.01570072274251403666, -0.1149657912171456464 ) ) ;
#2067 = CARTESIAN_POINT ( 'NONE',  ( 0.01812963300372496048, -0.03140144548502864924, -0.02344793407428851298 ) ) ;
#2068 = CARTESIAN_POINT ( 'NONE',  ( 0.000000000000000000, 0.04300000000000134270, 0.06434968497333130866 ) ) ;
#2069 = CARTESIAN_POINT ( 'NONE',  ( 0.03807614593415890869, -0.02198327310478958435, -0.1017589459790504136 ) ) ;
#2070 = EDGE_CURVE ( 'NONE', #1298, #2762, #403, .T. ) ;
#2071 = CARTESIAN_POINT ( 'NONE',  ( -0.003790075901126405654, 0.03984952072138783080, -0.1157918567045462671 ) ) ;
#2072 = CARTESIAN_POINT ( 'NONE',  ( 0.01812963300372496048, -0.03140144548502864924, 0.04798063735428291510 ) ) ;
#2073 = DIRECTION ( 'NONE',  ( -0.000000000000000000, -1.026720117140053010E-14, 1.000000000000000000 ) ) ;
#2074 = CARTESIAN_POINT ( 'NONE',  ( 0.03807614593415890869, -0.02198327310478958435, -0.01135716026476468916 ) ) ;
#2075 = CARTESIAN_POINT ( 'NONE',  ( -0.02719444950558745633, -0.01570072274251403666, 0.04574849449714007282 ) ) ;
#2076 = CARTESIAN_POINT ( 'NONE',  ( 0.000000000000000000, 0.03140144548502977334, 0.02193897068761625768 ) ) ;
#2077 = CARTESIAN_POINT ( 'NONE',  ( -5.384349008512664934E-18, -0.04396654620957968912, -0.06790477931238374232 ) ) ;
#2078 = VECTOR ( 'NONE', #2678, 39.37007874015748143 ) ;
#2079 = CARTESIAN_POINT ( 'NONE',  ( 0.000000000000000000, -1.453607026109205299E-16, -0.1179211135447590930 ) ) ;
#2080 = CARTESIAN_POINT ( 'NONE',  ( 0.03723909236273151985, -0.02149999999999984562, -0.08445983883619248567 ) ) ;
#2081 =( BOUNDED_CURVE ( )  B_SPLINE_CURVE ( 2, ( #939, #1478, #2514, #114, #954, #2788, #700 ),
 .UNSPECIFIED., .F., .F. ) 
 B_SPLINE_CURVE_WITH_KNOTS ( ( 3, 2, 2, 3 ),
 ( 0.2333333333333334203, 0.2444444444444444919, 0.2555555555555555358, 0.2666666666666666630 ),
 .UNSPECIFIED. ) 
 CURVE ( )  GEOMETRIC_REPRESENTATION_ITEM ( )  RATIONAL_B_SPLINE_CURVE ( ( 0.9999999999999988898, 0.8660254037844397068, 1.000000000000000000, 0.8660254037844387076, 1.000000000000000000, 0.8660254037844387076, 1.000000000000000000 ) ) 
 REPRESENTATION_ITEM ( '' )  );
#2082 = VECTOR ( 'NONE', #2624, 39.37007874015748854 ) ;
#2083 = ORIENTED_EDGE ( 'NONE', *, *, #2050, .T. ) ;
#2084 = AXIS2_PLACEMENT_3D ( 'NONE', #2569, #243, #1305 ) ;
#2085 = CARTESIAN_POINT ( 'NONE',  ( 0.000000000000000000, 0.03140144548502977334, 0.03979611354475909996 ) ) ;
#2086 = CARTESIAN_POINT ( 'NONE',  ( 0.000000000000000000, 0.03140144548502977334, 0.001849684973330525863 ) ) ;
#2087 = VECTOR ( 'NONE', #2159, 39.37007874015748143 ) ;
#2088 = ORIENTED_EDGE ( 'NONE', *, *, #169, .F. ) ;
#2089 = CARTESIAN_POINT ( 'NONE',  ( -5.265981236333714212E-18, -0.04300000000000021166, 0.03756397068761704178 ) ) ;
#2090 = CARTESIAN_POINT ( 'NONE',  ( -0.05076819457887855186, 5.653830038414538087E-16, -0.09134227931238375620 ) ) ;
#2091 = ORIENTED_EDGE ( 'NONE', *, *, #1653, .F. ) ;
#2092 = LINE ( 'NONE', #2333, #2473 ) ;
#2093 = CARTESIAN_POINT ( 'NONE',  ( 0.03625926600744994177, 5.556136293836597276E-16, 0.1045282564019019700 ) ) ;
#2094 = CARTESIAN_POINT ( 'NONE',  ( 0.000000000000000000, 3.457575018269998191E-30, -0.1320788864552411290 ) ) ;
#2095 = CARTESIAN_POINT ( 'NONE',  ( 0.02719444950558744939, -0.01570072274251405747, 0.05170087544952100406 ) ) ;
#2096 = CARTESIAN_POINT ( 'NONE',  ( 0.02719444950558747021, 0.01570072274251513994, 0.01896278021142577125 ) ) ;
#2097 = CARTESIAN_POINT ( 'NONE',  ( 0.05076819457887855186, 5.529483824435511225E-16, 0.04370236354475909996 ) ) ;
#2098 = CARTESIAN_POINT ( 'NONE',  ( 0.01812963300372496048, -0.03140144548502864924, 0.08369492306856861352 ) ) ;
#2099 = CARTESIAN_POINT ( 'NONE',  ( 0.000000000000000000, 3.457575018269998191E-30, -0.1320788864552411290 ) ) ;
#2100 = CARTESIAN_POINT ( 'NONE',  ( 0.000000000000000000, 0.04300000000000134270, -0.09636460074095440365 ) ) ;
#2101 = ADVANCED_FACE ( 'NONE', ( #1529 ), #1270, .T. ) ;
#2102 = CARTESIAN_POINT ( 'NONE',  ( 0.02719444950558747021, 0.01570072274251513994, 0.001105637354282913145 ) ) ;
#2103 = CARTESIAN_POINT ( 'NONE',  ( -0.05076819457887855186, 5.653830038414538087E-16, 0.03365772068761625074 ) ) ;
#2104 = DIRECTION ( 'NONE',  ( 1.000000000000000000, -0.000000000000000000, 0.000000000000000000 ) ) ;
#2105 =( BOUNDED_CURVE ( )  B_SPLINE_CURVE ( 2, ( #1867, #565, #305, #1369, #2412, #2957, #1198 ),
 .UNSPECIFIED., .F., .F. ) 
 B_SPLINE_CURVE_WITH_KNOTS ( ( 3, 2, 2, 3 ),
 ( 0.4666666666666667296, 0.4777777777777778567, 0.4888888888888888729, 0.5000000000000000000 ),
 .UNSPECIFIED. ) 
 CURVE ( )  GEOMETRIC_REPRESENTATION_ITEM ( )  RATIONAL_B_SPLINE_CURVE ( ( 0.9999999999999993339, 0.8660254037844393737, 1.000000000000000000, 0.8660254037844387076, 1.000000000000000000, 0.8660254037844387076, 1.000000000000000000 ) ) 
 REPRESENTATION_ITEM ( '' )  );
#2106 = FACE_OUTER_BOUND ( 'NONE', #886, .T. ) ;
#2107 = CARTESIAN_POINT ( 'NONE',  ( 0.000000000000000000, 0.03140144548502977334, -0.1410074578838123038 ) ) ;
#2108 = CARTESIAN_POINT ( 'NONE',  ( 0.01812963300372496048, -0.03140144548502864924, -0.003358648360002797206 ) ) ;
#2109 = CARTESIAN_POINT ( 'NONE',  ( -0.02719444950558745633, -0.01570072274251403666, 0.07923063735428290122 ) ) ;
#2110 = CARTESIAN_POINT ( 'NONE',  ( 0.000000000000000000, 4.095459211021323262E-16, 0.09604611354475892093 ) ) ;
#2111 = CYLINDRICAL_SURFACE ( 'NONE', #2030, 0.04300000000000134270 ) ;
#2112 = CARTESIAN_POINT ( 'NONE',  ( -0.01812963300372496395, 0.03140144548502977334, -0.06809079121714566030 ) ) ;
#2113 = EDGE_CURVE ( 'NONE', #2906, #827, #3371, .T. ) ;
#2114 = ORIENTED_EDGE ( 'NONE', *, *, #3045, .F. ) ;
#2115 = CARTESIAN_POINT ( 'NONE',  ( 0.02719444950558747021, 0.01570072274251513994, 0.05467706592571149049 ) ) ;
#2116 = CARTESIAN_POINT ( 'NONE',  ( -0.01812963300372496395, 0.03140144548502977334, 0.07476635163999718892 ) ) ;
#2117 = CARTESIAN_POINT ( 'NONE',  ( -5.265981236333733472E-18, -0.04300000000000036432, -0.06734674359809890432 ) ) ;
#2118 = CARTESIAN_POINT ( 'NONE',  ( -0.05076819457887855186, 5.653830038414538087E-16, 0.01580057783047338765 ) ) ;
#2119 = ORIENTED_EDGE ( 'NONE', *, *, #3212, .T. ) ;
#2120 = CARTESIAN_POINT ( 'NONE',  ( 0.000000000000000000, -1.453607026109205299E-16, -0.1179211135447590930 ) ) ;
#2121 = DIRECTION ( 'NONE',  ( 0.000000000000000000, -1.000000000000000000, -1.032384416210299843E-14 ) ) ;
#2122 = CARTESIAN_POINT ( 'NONE',  ( 0.02719444950558744939, -0.01570072274251405747, -0.1291026959790504136 ) ) ;
#2123 = CARTESIAN_POINT ( 'NONE',  ( 0.03625926600744993483, 5.556136293836598262E-16, 0.05318897068761623687 ) ) ;
#2124 = CARTESIAN_POINT ( 'NONE',  ( 0.02719444950558744939, -0.01570072274251405747, -0.07553126740762183822 ) ) ;
#2125 = VERTEX_POINT ( 'NONE', #719 ) ;
#2126 = CARTESIAN_POINT ( 'NONE',  ( -0.05076819457887855186, 5.653830038414538087E-16, -0.1437976364552408792 ) ) ;
#2127 = PLANE ( 'NONE',  #2135 ) ;
#2128 = EDGE_CURVE ( 'NONE', #3370, #2170, #1786, .T. ) ;
#2129 = CIRCLE ( 'NONE', #2407, 0.02020725942164193489 ) ;
#2130 = CARTESIAN_POINT ( 'NONE',  ( -3.845567970184112305E-18, -0.03140144548502864230, -0.09636460074095518080 ) ) ;
#2131 = EDGE_LOOP ( 'NONE', ( #1959, #1291, #3229, #2612, #1391 ) ) ;
#2132 = CARTESIAN_POINT ( 'NONE',  ( 0.000000000000000000, 0.03140144548502977334, 0.02193897068761625768 ) ) ;
#2133 = VECTOR ( 'NONE', #3009, 39.37007874015748143 ) ;
#2134 = CARTESIAN_POINT ( 'NONE',  ( -0.01812963300372496395, 0.03140144548502977334, 0.07699849449714003813 ) ) ;
#2135 = AXIS2_PLACEMENT_3D ( 'NONE', #3167, #789, #2356 ) ;
#2136 = CARTESIAN_POINT ( 'NONE',  ( -0.01534251589834219678, 0.03900617974755822559, -0.1138987406260714569 ) ) ;
#2137 = CARTESIAN_POINT ( 'NONE',  ( 0.05076819457887855186, 5.529483824435511225E-16, -0.01098513645524090872 ) ) ;
#2138 = ORIENTED_EDGE ( 'NONE', *, *, #3184, .F. ) ;
#2139 = CARTESIAN_POINT ( 'NONE',  ( -0.02482606157515431997, -0.04300000000000060718, 0.09187944687809157518 ) ) ;
#2140 =( GEOMETRIC_REPRESENTATION_CONTEXT ( 3 ) GLOBAL_UNCERTAINTY_ASSIGNED_CONTEXT ( ( #497 ) ) GLOBAL_UNIT_ASSIGNED_CONTEXT ( ( #3389, #449, #2803 ) ) REPRESENTATION_CONTEXT ( 'NONE', 'WORKASPACE' ) );
#2141 = DIRECTION ( 'NONE',  ( -0.5000000000000005551, -0.8660254037844383745, 0.000000000000000000 ) ) ;
#2142 = ADVANCED_FACE ( 'NONE', ( #2265 ), #1723, .F. ) ;
#2143 = DIRECTION ( 'NONE',  ( -0.000000000000000000, -1.026720117140053010E-14, 1.000000000000000000 ) ) ;
#2144 = CARTESIAN_POINT ( 'NONE',  ( 0.01812963300372498823, 0.03140144548502975946, 0.07402230402094960027 ) ) ;
#2145 = CARTESIAN_POINT ( 'NONE',  ( -0.01812963300372496395, 0.03140144548502977334, -0.1216622197885742079 ) ) ;
#2146 = CARTESIAN_POINT ( 'NONE',  ( 0.03723909236273151985, -0.02149999999999984562, 0.004825875449521806367 ) ) ;
#2147 = CARTESIAN_POINT ( 'NONE',  ( -0.05076819457887855186, 5.653830038414538087E-16, -0.1259404935980980300 ) ) ;
#2148 = LINE ( 'NONE', #1050, #822 ) ;
#2149 = LINE ( 'NONE', #851, #1480 ) ;
#2150 = CARTESIAN_POINT ( 'NONE',  ( -3.845567970184112305E-18, -0.03140144548502864230, 0.06658182783047339459 ) ) ;
#2151 = CARTESIAN_POINT ( 'NONE',  ( 0.02719444950558744939, -0.01570072274251405747, 0.04946873259237814791 ) ) ;
#2152 = CARTESIAN_POINT ( 'NONE',  ( 0.01812963300372498823, 0.03140144548502975946, 0.1097365897352352709 ) ) ;
#2153 = CARTESIAN_POINT ( 'NONE',  ( -0.05076819457887855186, 5.653830038414538087E-16, -0.0009404935980980261116 ) ) ;
#2154 = CARTESIAN_POINT ( 'NONE',  ( -0.007696031330593570627, 0.03992136454039953847, -0.1151627766667120134 ) ) ;
#2155 = CARTESIAN_POINT ( 'NONE',  ( -0.02538409728943927246, 0.04396654620958081322, 0.01282438735428290295 ) ) ;
#2156 = DIMENSIONAL_EXPONENTS ( 1.000000000000000000, 0.000000000000000000, 0.000000000000000000, 0.000000000000000000, 0.000000000000000000, 0.000000000000000000, 0.000000000000000000 ) ;
#2157 = ORIENTED_EDGE ( 'NONE', *, *, #2636, .F. ) ;
#2158 = CARTESIAN_POINT ( 'NONE',  ( 0.000000000000000000, 0.04300000000000150230, 0.08443897068761536950 ) ) ;
#2159 = DIRECTION ( 'NONE',  ( -0.000000000000000000, -1.026720117140053010E-14, 1.000000000000000000 ) ) ;
#2160 = CARTESIAN_POINT ( 'NONE',  ( 5.265981236333782775E-18, 0.04300000000000119699, -0.1179211135447586489 ) ) ;
#2161 = PLANE ( 'NONE',  #2954 ) ;
#2162 = CARTESIAN_POINT ( 'NONE',  ( 0.03807614593415890869, -0.02198327310478958435, -0.04707144597905040667 ) ) ;
#2163 = CARTESIAN_POINT ( 'NONE',  ( 0.000000000000000000, 0.04300000000000150230, -0.09413245788381317813 ) ) ;
#2164 = CARTESIAN_POINT ( 'NONE',  ( 0.02719444950558747021, 0.01570072274251513994, 0.1238734944971400381 ) ) ;
#2165 = DIRECTION ( 'NONE',  ( -0.000000000000000000, -1.026720117140053010E-14, 1.000000000000000000 ) ) ;
#2166 = CARTESIAN_POINT ( 'NONE',  ( -0.02719444950558745633, 0.01570072274251516770, -0.1179419816933361259 ) ) ;
#2167 = CARTESIAN_POINT ( 'NONE',  ( -0.02719444950558745633, 0.01570072274251516770, 0.04054016116380673024 ) ) ;
#2168 = PRESENTATION_STYLE_ASSIGNMENT (( #2974 ) ) ;
#2169 = CARTESIAN_POINT ( 'NONE',  ( -0.02719444950558745633, 0.01570072274251516770, 0.04054016116380673024 ) ) ;
#2170 = VERTEX_POINT ( 'NONE', #2566 ) ;
#2171 = CARTESIAN_POINT ( 'NONE',  ( 0.03807614593415890869, -0.02198327310478958435, 0.02324105402094956557 ) ) ;
#2172 = ORIENTED_EDGE ( 'NONE', *, *, #294, .F. ) ;
#2173 = CARTESIAN_POINT ( 'NONE',  ( -0.02482606157515427486, 0.04300000000000146760, 0.1015520659257122676 ) ) ;
#2174 = DIRECTION ( 'NONE',  ( 0.000000000000000000, -1.000000000000000000, -1.032384416210299843E-14 ) ) ;
#2175 = EDGE_CURVE ( 'NONE', #2840, #3284, #2269, .T. ) ;
#2176 = CARTESIAN_POINT ( 'NONE',  ( 0.03500000000000000333, -1.579349621337152204E-16, 0.09604611354475892093 ) ) ;
#2177 = EDGE_CURVE ( 'NONE', #1843, #2722, #3106, .T. ) ;
#2178 = CARTESIAN_POINT ( 'NONE',  ( 0.000000000000000000, -0.04300000000000148842, -0.1179211135447595232 ) ) ;
#2179 = VERTEX_POINT ( 'NONE', #745 ) ;
#2180 = CARTESIAN_POINT ( 'NONE',  ( 0.01812963300372498823, 0.03140144548502975946, 0.08964730402094957251 ) ) ;
#2181 = CARTESIAN_POINT ( 'NONE',  ( -0.01044949898286265562, 0.03660737508202663998, 0.1156129018070562592 ) ) ;
#2182 = EDGE_CURVE ( 'NONE', #1620, #3190, #1052, .T. ) ;
#2183 = CARTESIAN_POINT ( 'NONE',  ( 0.02719444950558744939, -0.01570072274251405747, 0.1052723040209495725 ) ) ;
#2184 = VECTOR ( 'NONE', #1224, 39.37007874015748143 ) ;
#2185 = CARTESIAN_POINT ( 'NONE',  ( 0.02538409728943926552, -0.04396654620957970300, 0.1288958159257114766 ) ) ;
#2186 = EDGE_LOOP ( 'NONE', ( #1040, #862, #1432, #1947 ) ) ;
#2187 =( BOUNDED_CURVE ( )  B_SPLINE_CURVE ( 2, ( #2158, #2979, #357, #2437, #79, #2139, #3199 ),
 .UNSPECIFIED., .F., .T. ) 
 B_SPLINE_CURVE_WITH_KNOTS ( ( 3, 2, 2, 3 ),
 ( 0.8666666666666668073, 0.8777777777777778789, 0.8888888888888889506, 0.9000000000000001332 ),
 .UNSPECIFIED. ) 
 CURVE ( )  GEOMETRIC_REPRESENTATION_ITEM ( )  RATIONAL_B_SPLINE_CURVE ( ( 0.9999999999999986677, 0.8660254037844400399, 1.000000000000000000, 0.8660254037844387076, 1.000000000000000000, 0.8660254037844373753, 1.000000000000001332 ) ) 
 REPRESENTATION_ITEM ( '' )  );
#2188 = CARTESIAN_POINT ( 'NONE',  ( 0.02482606157515442752, -0.04300000000000038514, 0.07699849449713916383 ) ) ;
#2189 = VECTOR ( 'NONE', #120, 39.37007874015748143 ) ;
#2190 = AXIS2_PLACEMENT_3D ( 'NONE', #937, #949, #3248 ) ;
#2191 = CARTESIAN_POINT ( 'NONE',  ( 0.01749999999999999126, 0.01010362971081831505, 0.09604611354475892093 ) ) ;
#2192 = CARTESIAN_POINT ( 'NONE',  ( -3.845567970184112305E-18, -0.03140144548502864230, 0.08443897068761624380 ) ) ;
#2193 = CARTESIAN_POINT ( 'NONE',  ( -0.01812963300372498129, -0.03140144548502863536, -0.06213841026476470825 ) ) ;
#2194 = CARTESIAN_POINT ( 'NONE',  ( 0.000000000000000000, 0.03140144548502977334, -0.06957888645524089311 ) ) ;
#2195 = ORIENTED_EDGE ( 'NONE', *, *, #3045, .T. ) ;
#2196 = VERTEX_POINT ( 'NONE', #2068 ) ;
#2197 = CARTESIAN_POINT ( 'NONE',  ( 0.000000000000000000, -1.453607026109205299E-16, -0.1179211135447590930 ) ) ;
#2198 = CARTESIAN_POINT ( 'NONE',  ( -0.01989909596962284241, 0.03168673503500603339, 0.1160745189137057237 ) ) ;
#2199 = EDGE_CURVE ( 'NONE', #3365, #2986, #3125, .T. ) ;
#2200 = CARTESIAN_POINT ( 'NONE',  ( -0.01908052795773657398, -0.02527319533622043521, 0.1179211135447586073 ) ) ;
#2201 = CARTESIAN_POINT ( 'NONE',  ( 0.000000000000000000, 0.03140144548502977334, 0.1112246849733305315 ) ) ;
#2202 = CARTESIAN_POINT ( 'NONE',  ( -0.02719444950558745633, -0.01570072274251403666, 0.1149449230685686135 ) ) ;
#2203 = EDGE_CURVE ( 'NONE', #553, #1189, #1847, .T. ) ;
#2204 = FILL_AREA_STYLE ('',( #1730 ) ) ;
#2205 = CARTESIAN_POINT ( 'NONE',  ( 0.03807614593415890869, -0.02198327310478958435, 0.07681248259237813403 ) ) ;
#2206 = CARTESIAN_POINT ( 'NONE',  ( -0.01812963300372498129, -0.03140144548502862842, -0.1313348388361932628 ) ) ;
#2207 = DIRECTION ( 'NONE',  ( 0.4999999999999997224, -0.8660254037844388186, 0.000000000000000000 ) ) ;
#2208 = ORIENTED_EDGE ( 'NONE', *, *, #3356, .F. ) ;
#2209 = CARTESIAN_POINT ( 'NONE',  ( -0.05076819457887855186, 5.653830038414538087E-16, 0.01691664925904483308 ) ) ;
#2210 =( BOUNDED_CURVE ( )  B_SPLINE_CURVE ( 2, ( #2607, #508, #1324, #732, #411, #2824, #1020 ),
 .UNSPECIFIED., .F., .T. ) 
 B_SPLINE_CURVE_WITH_KNOTS ( ( 3, 2, 2, 3 ),
 ( 0.2666666666666666630, 0.2777777777777777901, 0.2888888888888889173, 0.3000000000000000444 ),
 .UNSPECIFIED. ) 
 CURVE ( )  GEOMETRIC_REPRESENTATION_ITEM ( )  RATIONAL_B_SPLINE_CURVE ( ( 1.000000000000000000, 0.8660254037844387076, 1.000000000000000000, 0.8660254037844387076, 1.000000000000000000, 0.8660254037844380415, 1.000000000000000666 ) ) 
 REPRESENTATION_ITEM ( '' )  );
#2211 = DIRECTION ( 'NONE',  ( -0.000000000000000000, -1.026720117140053010E-14, 1.000000000000000000 ) ) ;
#2212 = CARTESIAN_POINT ( 'NONE',  ( 0.01812963300372498823, 0.03140144548502975946, -0.03535269597905042055 ) ) ;
#2213 = CARTESIAN_POINT ( 'NONE',  ( -0.02719444950558745633, -0.01570072274251403666, -0.08148364836000278333 ) ) ;
#2214 = ORIENTED_EDGE ( 'NONE', *, *, #1458, .T. ) ;
#2215 = FACE_OUTER_BOUND ( 'NONE', #1014, .T. ) ;
#2216 = CARTESIAN_POINT ( 'NONE',  ( -0.02719444950558745633, 0.01570072274251516770, 0.1142008754495209832 ) ) ;
#2217 = B_SPLINE_CURVE_WITH_KNOTS ( 'NONE', 3,
 ( #2989, #1917, #2951, #2300, #2829, #3065 ),
 .UNSPECIFIED., .F., .F.,
 ( 4, 2, 4 ),
 ( 2.544514621850744903E-07, 0.0002653424116342579381, 0.0005304303718063308696 ),
 .UNSPECIFIED. ) ;
#2218 = CARTESIAN_POINT ( 'NONE',  ( -0.03625926600744993483, 5.644945881947510718E-16, 0.1134568278304733946 ) ) ;
#2219 = CARTESIAN_POINT ( 'NONE',  ( -0.02264418958466651519, 0.03655462594602334331, -0.1126413774259342748 ) ) ;
#2220 = EDGE_CURVE ( 'NONE', #1969, #2125, #1882, .T. ) ;
#2221 = EDGE_LOOP ( 'NONE', ( #2238, #1879, #377, #1223 ) ) ;
#2222 = CARTESIAN_POINT ( 'NONE',  ( -0.01812963300372496395, 0.03140144548502977334, -0.1372872197885742218 ) ) ;
#2223 = CARTESIAN_POINT ( 'NONE',  ( 0.04965212315030889667, 5.531534014389438267E-16, -0.04502531502667034974 ) ) ;
#2224 = CARTESIAN_POINT ( 'NONE',  ( 0.01812963300372498823, 0.03140144548502975946, -0.1045491245504789890 ) ) ;
#2225 = DIRECTION ( 'NONE',  ( 0.000000000000000000, -1.000000000000000000, -1.042311189443046168E-14 ) ) ;
#2226 = CARTESIAN_POINT ( 'NONE',  ( -5.384349008512664934E-18, -0.04396654620957968912, 0.03923807783047338765 ) ) ;
#2227 = VERTEX_POINT ( 'NONE', #1313 ) ;
#2228 = CARTESIAN_POINT ( 'NONE',  ( -0.02769513433078422959, -0.01835207910380282081, 0.1179211135447587044 ) ) ;
#2229 = CARTESIAN_POINT ( 'NONE',  ( 0.02719444950558744939, -0.01570072274251405747, 0.1052723040209495725 ) ) ;
#2230 = CARTESIAN_POINT ( 'NONE',  ( 0.03807614593415893645, 0.02198327310479065988, 0.09876188735428291510 ) ) ;
#2231 = CARTESIAN_POINT ( 'NONE',  ( 0.01812963300372496048, -0.03140144548502864924, 0.03012349449714004854 ) ) ;
#2232 = CARTESIAN_POINT ( 'NONE',  ( -0.02482606157515436854, -0.04300000000000020473, 0.05393301830666466512 ) ) ;
#2233 = CARTESIAN_POINT ( 'NONE',  ( -0.03140414915212108582, 0.01612219457739669237, -0.1215399818448608671 ) ) ;
#2234 = CARTESIAN_POINT ( 'NONE',  ( -0.02719444950558745633, -0.01570072274251403666, 0.1171770659257114766 ) ) ;
#2235 = ADVANCED_FACE ( 'NONE', ( #302 ), #2127, .F. ) ;
#2236 = CARTESIAN_POINT ( 'NONE',  ( 0.03625926600744993483, 5.556136293836598262E-16, 0.1045282564019019700 ) ) ;
#2237 = CYLINDRICAL_SURFACE ( 'NONE', #1715, 0.04300000000000134270 ) ;
#2238 = ORIENTED_EDGE ( 'NONE', *, *, #2128, .F. ) ;
#2239 = CARTESIAN_POINT ( 'NONE',  ( -0.02719444950558745633, -0.01570072274251403666, -0.1328229340742884956 ) ) ;
#2240 = CARTESIAN_POINT ( 'NONE',  ( 0.03807614593415890869, -0.02198327310478958435, -0.1185000174076218243 ) ) ;
#2241 = CARTESIAN_POINT ( 'NONE',  ( -0.01750000000000000860, 0.01010362971081831505, 0.09604611354475892093 ) ) ;
#2242 = CARTESIAN_POINT ( 'NONE',  ( 0.000000000000000000, 0.03140144548502977334, -0.1030610293123837423 ) ) ;
#2243 = DIRECTION ( 'NONE',  ( 0.000000000000000000, -1.000000000000000000, -1.032384416210299843E-14 ) ) ;
#2244 = AXIS2_PLACEMENT_3D ( 'NONE', #2783, #976, #2798 ) ;
#2245 = ORIENTED_EDGE ( 'NONE', *, *, #2056, .T. ) ;
#2246 = ORIENTED_EDGE ( 'NONE', *, *, #396, .T. ) ;
#2247 = EDGE_LOOP ( 'NONE', ( #2435, #2757, #2672 ) ) ;
#2248 = CARTESIAN_POINT ( 'NONE',  ( 0.000000000000000000, -1.453607026109205299E-16, -0.1179211135447590930 ) ) ;
#2249 = CARTESIAN_POINT ( 'NONE',  ( -0.02719444950558745633, -0.01570072274251403666, 0.1171770659257114766 ) ) ;
#2250 = EDGE_CURVE ( 'NONE', #2196, #2179, #3187, .T. ) ;
#2251 = CARTESIAN_POINT ( 'NONE',  ( -0.02719444950558745633, -0.01570072274251403666, -0.01005507693143136393 ) ) ;
#2252 = CARTESIAN_POINT ( 'NONE',  ( 0.02719444950558744939, -0.01570072274251405747, -0.02195983883619326976 ) ) ;
#2253 = ORIENTED_EDGE ( 'NONE', *, *, #2750, .F. ) ;
#2254 = VECTOR ( 'NONE', #2606, 39.37007874015748854 ) ;
#2255 = CARTESIAN_POINT ( 'NONE',  ( 0.02719444950558747021, 0.01570072274251513994, -0.03460864836000280415 ) ) ;
#2256 = CARTESIAN_POINT ( 'NONE',  ( 0.03723909236273165863, -0.02149999999999992889, -0.06437055312190843870 ) ) ;
#2257 = CARTESIAN_POINT ( 'NONE',  ( -0.03807614593415891563, 0.02198327310479069457, -0.03814287455047898900 ) ) ;
#2258 = CARTESIAN_POINT ( 'NONE',  ( -0.01812963300372496395, 0.03140144548502977334, -0.08371579121714564642 ) ) ;
#2259 = CARTESIAN_POINT ( 'NONE',  ( 0.000000000000000000, 0.03140144548502977334, 0.09113539925904480532 ) ) ;
#2260 = CARTESIAN_POINT ( 'NONE',  ( 0.000000000000000000, 0.04300000000000150230, 0.1022961135447582326 ) ) ;
#2261 = CARTESIAN_POINT ( 'NONE',  ( 0.01812963300372498823, 0.03140144548502975946, -0.05097769597905042055 ) ) ;
#2262 = CARTESIAN_POINT ( 'NONE',  ( 0.000000000000000000, 0.04300000000000150230, -0.04056102931238462356 ) ) ;
#2263 = B_SPLINE_CURVE_WITH_KNOTS ( 'NONE', 3,
 ( #1974, #2228, #3021, #664 ),
 .UNSPECIFIED., .F., .F.,
 ( 4, 4 ),
 ( 0.000000000000000000, 0.0005250941030479299278 ),
 .UNSPECIFIED. ) ;
#2264 = CARTESIAN_POINT ( 'NONE',  ( 3.201384367575308459E-18, 0.02020725942163676195, 0.1179211135447591347 ) ) ;
#2265 = FACE_OUTER_BOUND ( 'NONE', #1995, .T. ) ;
#2266 = CARTESIAN_POINT ( 'NONE',  ( 0.03723909236273165863, -0.02149999999999992889, -0.1000848388361941649 ) ) ;
#2267 = VERTEX_POINT ( 'NONE', #15 ) ;
#2268 = CARTESIAN_POINT ( 'NONE',  ( 0.000000000000000000, -1.453607026109205299E-16, -0.1179211135447590930 ) ) ;
#2269 = B_SPLINE_CURVE_WITH_KNOTS ( 'NONE', 3,
 ( #2052, #3318, #2546, #699 ),
 .UNSPECIFIED., .F., .F.,
 ( 4, 4 ),
 ( 7.188480204629403572E-16, 0.0004431477988303093732 ),
 .UNSPECIFIED. ) ;
#2270 = CARTESIAN_POINT ( 'NONE',  ( -3.845567970184112305E-18, -0.03140144548502864230, -0.1142217435980980300 ) ) ;
#2271 = CARTESIAN_POINT ( 'NONE',  ( 0.01812963300372496048, -0.03140144548502864924, 0.01226635163999720626 ) ) ;
#2272 = CARTESIAN_POINT ( 'NONE',  ( 0.02719444950558744939, -0.01570072274251405747, -0.004102695979050410141 ) ) ;
#2273 = CARTESIAN_POINT ( 'NONE',  ( 0.03625926600744993483, 5.556136293836598262E-16, -0.03609674359809803001 ) ) ;
#2274 = CARTESIAN_POINT ( 'NONE',  ( -0.01809821380947472871, -0.03338376351651498042, -0.1187741907762474153 ) ) ;
#2275 = CARTESIAN_POINT ( 'NONE',  ( -0.03625926600744994177, 5.644945881947510718E-16, -0.009311029312383750992 ) ) ;
#2276 = CARTESIAN_POINT ( 'NONE',  ( 0.000000000000000000, 0.04300000000000134270, -0.02493602931238296169 ) ) ;
#2277 = CARTESIAN_POINT ( 'NONE',  ( -0.03625926600744993483, 5.644945881947510718E-16, -0.04502531502666946850 ) ) ;
#2278 = CARTESIAN_POINT ( 'NONE',  ( -0.02538409728943929328, -0.04396654620957967524, -0.1229643031219075366 ) ) ;
#2279 = SHAPE_DEFINITION_REPRESENTATION ( #165, #1068 ) ;
#2280 = VERTEX_POINT ( 'NONE', #1330 ) ;
#2281 = CARTESIAN_POINT ( 'NONE',  ( 5.265981236333782775E-18, 0.04300000000000119699, -0.1179211135447586489 ) ) ;
#2282 = CARTESIAN_POINT ( 'NONE',  ( -0.03807614593415891563, 0.02198327310479069457, -0.09283037455047898900 ) ) ;
#2283 = CARTESIAN_POINT ( 'NONE',  ( -0.03625926600744993483, 5.644945881947510718E-16, 0.1156889706876162577 ) ) ;
#2284 = CARTESIAN_POINT ( 'NONE',  ( 0.03625926600744994177, 5.556136293836597276E-16, -0.02047174359809804389 ) ) ;
#2285 = CARTESIAN_POINT ( 'NONE',  ( -0.01812963300372496395, 0.03140144548502977334, 0.003337780211425768646 ) ) ;
#2286 = CARTESIAN_POINT ( 'NONE',  ( -5.265981236333714212E-18, -0.04300000000000021166, -0.03386460074095439671 ) ) ;
#2287 = CARTESIAN_POINT ( 'NONE',  ( -0.02719444950558745633, -0.01570072274251403666, 0.06360563735428291510 ) ) ;
#2288 = CARTESIAN_POINT ( 'NONE',  ( -0.02719444950558745633, 0.01570072274251516770, -0.06437055312190756440 ) ) ;
#2289 = ADVANCED_FACE ( 'NONE', ( #829 ), #51, .T. ) ;
#2290 = CARTESIAN_POINT ( 'NONE',  ( -0.01812963300372498129, -0.03140144548502862842, -0.07776341026476470131 ) ) ;
#2291 = CARTESIAN_POINT ( 'NONE',  ( -5.265981236333733472E-18, -0.04300000000000036432, -0.04948960074095606898 ) ) ;
#2292 = PRODUCT_DEFINITION ( 'General', '', #1780, #3151 ) ;
#2293 = CARTESIAN_POINT ( 'NONE',  ( 1.739952403777180009E-14, -0.02020725942164711131, 0.1179211135447589265 ) ) ;
#2294 = CARTESIAN_POINT ( 'NONE',  ( -0.03807614593415892257, -0.02198327310478955313, -0.1255684697885742218 ) ) ;
#2295 = CARTESIAN_POINT ( 'NONE',  ( 0.02719444950558744939, -0.01570072274251405747, -0.07553126740762183822 ) ) ;
#2296 = CARTESIAN_POINT ( 'NONE',  ( -3.845567970184112305E-18, -0.03140144548502864230, 0.1000639706876162299 ) ) ;
#2297 = CARTESIAN_POINT ( 'NONE',  ( -3.845567970184112305E-18, -0.03140144548502864230, -0.007078886455240894840 ) ) ;
#2298 = CARTESIAN_POINT ( 'NONE',  ( 0.02719444950558744939, -0.01570072274251405747, 0.01375444687809243213 ) ) ;
#2299 = AXIS2_PLACEMENT_3D ( 'NONE', #3202, #845, #2933 ) ;
#2300 = CARTESIAN_POINT ( 'NONE',  ( -0.005726862561237493210, -0.01690085378029459670, 0.1152063758007213501 ) ) ;
#2301 = CARTESIAN_POINT ( 'NONE',  ( -0.01812963300372498129, -0.03140144548502862842, -0.04204912455047898207 ) ) ;
#2302 =( BOUNDED_CURVE ( )  B_SPLINE_CURVE ( 2, ( #3142, #1587, #1301, #288, #2860, #551, #777 ),
 .UNSPECIFIED., .F., .T. ) 
 B_SPLINE_CURVE_WITH_KNOTS ( ( 3, 2, 2, 3 ),
 ( 0.1333333333333333592, 0.1444444444444444586, 0.1555555555555555580, 0.1666666666666666574 ),
 .UNSPECIFIED. ) 
 CURVE ( )  GEOMETRIC_REPRESENTATION_ITEM ( )  RATIONAL_B_SPLINE_CURVE ( ( 0.9999999999999995559, 0.8660254037844390407, 1.000000000000000000, 0.8660254037844387076, 1.000000000000000000, 0.8660254037844387076, 1.000000000000000000 ) ) 
 REPRESENTATION_ITEM ( '' )  );
#2303 = VECTOR ( 'NONE', #1285, 39.37007874015748143 ) ;
#2304 = CARTESIAN_POINT ( 'NONE',  ( -0.02719444950558745633, -0.01570072274251403666, -0.02568007693143136566 ) ) ;
#2305 = CARTESIAN_POINT ( 'NONE',  ( 0.03723909236273151985, -0.02149999999999984562, 0.07625444687809321276 ) ) ;
#2306 = ORIENTED_EDGE ( 'NONE', *, *, #644, .T. ) ;
#2307 = ORIENTED_EDGE ( 'NONE', *, *, #2359, .T. ) ;
#2308 = CARTESIAN_POINT ( 'NONE',  ( 0.02719444950558747021, 0.01570072274251513994, -0.05246579121714564642 ) ) ;
#2309 = CARTESIAN_POINT ( 'NONE',  ( 0.01812963300372496048, -0.03140144548502864924, 0.01226635163999720626 ) ) ;
#2310 = ADVANCED_FACE ( 'NONE', ( #1346 ), #2111, .T. ) ;
#2311 = DIRECTION ( 'NONE',  ( -0.000000000000000000, -0.000000000000000000, 1.000000000000000000 ) ) ;
#2312 = CARTESIAN_POINT ( 'NONE',  ( 0.05076819457887855186, 5.529483824435511225E-16, -0.08241370788381233159 ) ) ;
#2313 = CARTESIAN_POINT ( 'NONE',  ( -0.03625926600744993483, 5.644945881947510718E-16, -0.1365431721695266054 ) ) ;
#2314 = CARTESIAN_POINT ( 'NONE',  ( -0.01812963300372496395, 0.03140144548502977334, 0.03905206592571146967 ) ) ;
#2315 = CARTESIAN_POINT ( 'NONE',  ( -3.845567970184112305E-18, -0.03140144548502864230, -0.02493602931238375620 ) ) ;
#2316 = CARTESIAN_POINT ( 'NONE',  ( -0.03723909236273167944, -0.02149999999999989420, 0.1082484944971391638 ) ) ;
#2317 = CARTESIAN_POINT ( 'NONE',  ( -0.03625926600744993483, 5.644945881947510718E-16, -0.04502531502666946850 ) ) ;
#2318 = CARTESIAN_POINT ( 'NONE',  ( 0.02719444950558744939, -0.01570072274251405747, 0.01598658973523528828 ) ) ;
#2319 = EDGE_LOOP ( 'NONE', ( #1925, #2062, #2452, #983 ) ) ;
#2320 = CARTESIAN_POINT ( 'NONE',  ( -0.02719444950558745633, 0.01570072274251516770, -0.08222769597905041361 ) ) ;
#2321 =( BOUNDED_SURFACE ( )  B_SPLINE_SURFACE ( 1, 2, ( 
 ( #3249, #889, #2982, #624, #2294, #183, #1286, #2345, #2053, #1516, #763, #1568, #211, #1271, #1238, #967, #194, #3407, #504, #452, #2069, #487, #2787, #984, #2038, #1039, #2282, #2090, #1021, #3333, #2567, #2021, #1302, #2312, #3108, #432, #1796, #3143, #2529, #1769, #2589, #2808, #746, #1499, #2331, #1552, #1808, #2602, #2842, #240, #3127, #3372, #3094, #227, #3079, #720, #1787, #2547, #1253, #3349, #3391, #1824, #2861, #734, #2825, #470, #1530, #1002, #2928, #1838, #23, #1075, #1392, #1320, #2434, #63, #2366, #1627, #1055, #323, #2655, #2137, #2877, #816, #77, #1588, #1133, #1646, #1852, #3197, #521, #1373, #567, #1095, #1662, #1890, #2944, #2155, #289, #2118, #840, #2692, #2619, #587, #2171, #794, #778, #2674, #308, #2417, #532, #2103, #1117, #2891, #1870, #2, #254, #3214, #855, #3159, #1909, #1607, #2638, #273, #1337, #2379, #3173, #2908, #552, #1351, #2395, #38, #902, #917, #2977, #2498, #619, #1695, #1712, #1745, #2205, #387, #110, #2451, #2736, #1184, #2720, #2769, #356, #1731, #656, #372, #1424, #885, #934, #3245, #3231, #1970, #2959, #2754, #3015, #1460, #603, #1217, #1937, #342, #3281, #2995, #144, #1953, #1472, #2470, #1168, #3263, #1199, #2185, #866, #638, #1441, #2485, #1682 ),
 ( #129, #2222, #2705, #89, #2239, #2509, #1923, #3297, #1986, #3033, #1406, #676, #404, #160, #1149, #1283, #2066, #730, #1793, #1762, #1494, #714, #500, #1016, #964, #2585, #997, #3314, #1512, #2541, #2857, #2784, #1562, #1547, #427, #3091, #2524, #1821, #2820, #205, #946, #2290, #2598, #3050, #237, #3102, #3328, #1268, #2003, #2837, #2049, #2561, #3123, #3366, #759, #222, #465, #191, #2308, #2261, #693, #178, #1236, #2277, #2018, #742, #1804, #482, #3071, #1784, #2326, #2800, #3345, #447, #1249, #3387, #979, #2034, #1526, #2409, #1089, #2939, #2649, #2360, #1622, #2633, #1582, #3169, #563, #3140, #2376, #2390, #1051, #1643, #2102, #3155, #807, #3209, #270, #1885, #1602, #517, #1865, #285, #791, #852, #1849, #3191, #2132, #2907, #2886, #3421, #57, #1316, #1299, #35, #1033, #833, #2924, #2670, #2085, #2686, #529, #1834, #1348, #1069, #303, #19, #582, #1332, #2115, #548, #1367, #249, #775, #1902, #2872, #1111, #2150, #1657, #2613, #2341, #3402, #1128, #2992, #634, #2730, #2431, #1437, #3029, #3293, #1181, #74, #2953, #1456, #337, #354, #2496, #1918, #1403, #368, #141, #2482, #1692, #2183, #1420, #599, #1728, #2201, #2465, #2216, #2449, #2234, #386, #3278, #615, #928, #86, #1709, #104, #123 ) ),
 .UNSPECIFIED., .F., .F., .F. ) 
 B_SPLINE_SURFACE_WITH_KNOTS ( ( 2, 2 ),
 ( 3, 2, 2, 2, 2, 2, 2, 2, 2, 2, 2, 2, 2, 2, 2, 2, 2, 2, 2, 2, 2, 2, 2, 2, 2, 2, 2, 2, 2, 2, 2, 2, 2, 2, 2, 2, 2, 2, 2, 2, 2, 2, 2, 2, 2, 2, 2, 2, 2, 2, 2, 2, 2, 2, 2, 2, 2, 2, 2, 2, 2, 2, 2, 2, 2, 2, 2, 2, 2, 2, 2, 2, 2, 2, 2, 2, 2, 2, 2, 2, 2, 2, 2, 2, 2, 2, 2, 2, 2, 2, 3 ),
 ( 0.000000000000000000, 1.000000000000000000 ),
 ( 0.000000000000000000, 0.01111111111111111154, 0.02222222222222222307, 0.03333333333333333287, 0.04444444444444444614, 0.05555555555555555247, 0.06666666666666666574, 0.07777777777777777901, 0.08888888888888889228, 0.1000000000000000056, 0.1111111111111111049, 0.1222222222222222182, 0.1333333333333333315, 0.1444444444444444309, 0.1555555555555555580, 0.1666666666666666574, 0.1777777777777777846, 0.1888888888888888840, 0.2000000000000000111, 0.2111111111111111105, 0.2222222222222222099, 0.2333333333333333370, 0.2444444444444444364, 0.2555555555555555358, 0.2666666666666666630, 0.2777777777777777901, 0.2888888888888888618, 0.2999999999999999889, 0.3111111111111111160, 0.3222222222222222432, 0.3333333333333333148, 0.3444444444444444420, 0.3555555555555555691, 0.3666666666666666408, 0.3777777777777777679, 0.3888888888888888951, 0.4000000000000000222, 0.4111111111111110938, 0.4222222222222222210, 0.4333333333333333481, 0.4444444444444444198, 0.4555555555555555469, 0.4666666666666666741, 0.4777777777777778012, 0.4888888888888888729, 0.5000000000000000000, 0.5111111111111110716, 0.5222222222222222543, 0.5333333333333333259, 0.5444444444444443976, 0.5555555555555555802, 0.5666666666666666519, 0.5777777777777777235, 0.5888888888888889062, 0.5999999999999999778, 0.6111111111111111605, 0.6222222222222222321, 0.6333333333333333037, 0.6444444444444444864, 0.6555555555555555580, 0.6666666666666666297, 0.6777777777777778123, 0.6888888888888888840, 0.6999999999999999556, 0.7111111111111111382, 0.7222222222222222099, 0.7333333333333332815, 0.7444444444444444642, 0.7555555555555555358, 0.7666666666666667185, 0.7777777777777777901, 0.7888888888888888618, 0.8000000000000000444, 0.8111111111111111160, 0.8222222222222221877, 0.8333333333333333703, 0.8444444444444444420, 0.8555555555555555136, 0.8666666666666666963, 0.8777777777777777679, 0.8888888888888888395, 0.9000000000000000222, 0.9111111111111110938, 0.9222222222222222765, 0.9333333333333333481, 0.9444444444444444198, 0.9555555555555556024, 0.9666666666666666741, 0.9777777777777777457, 0.9888888888888889284, 1.000000000000000000 ),
 .UNSPECIFIED. ) 
 GEOMETRIC_REPRESENTATION_ITEM ( )  RATIONAL_B_SPLINE_SURFACE ( (
 ( 1.000000000000000000, 0.8660254037844387076, 1.000000000000000000, 0.8660254037844387076, 1.000000000000000000, 0.8660254037844387076, 1.000000000000000000, 0.8660254037844387076, 1.000000000000000000, 0.8660254037844387076, 1.000000000000000000, 0.8660254037844387076, 1.000000000000000000, 0.8660254037844387076, 1.000000000000000000, 0.8660254037844387076, 1.000000000000000000, 0.8660254037844387076, 1.000000000000000000, 0.8660254037844387076, 1.000000000000000000, 0.8660254037844387076, 1.000000000000000000, 0.8660254037844387076, 1.000000000000000000, 0.8660254037844387076, 1.000000000000000000, 0.8660254037844387076, 1.000000000000000000, 0.8660254037844387076, 1.000000000000000000, 0.8660254037844387076, 1.000000000000000000, 0.8660254037844387076, 1.000000000000000000, 0.8660254037844387076, 1.000000000000000000, 0.8660254037844387076, 1.000000000000000000, 0.8660254037844387076, 1.000000000000000000, 0.8660254037844387076, 1.000000000000000000, 0.8660254037844387076, 1.000000000000000000, 0.8660254037844387076, 1.000000000000000000, 0.8660254037844387076, 1.000000000000000000, 0.8660254037844387076, 1.000000000000000000, 0.8660254037844387076, 1.000000000000000000, 0.8660254037844387076, 1.000000000000000000, 0.8660254037844387076, 1.000000000000000000, 0.8660254037844387076, 1.000000000000000000, 0.8660254037844387076, 1.000000000000000000, 0.8660254037844387076, 1.000000000000000000, 0.8660254037844387076, 1.000000000000000000, 0.8660254037844387076, 1.000000000000000000, 0.8660254037844387076, 1.000000000000000000, 0.8660254037844387076, 1.000000000000000000, 0.8660254037844387076, 1.000000000000000000, 0.8660254037844387076, 1.000000000000000000, 0.8660254037844387076, 1.000000000000000000, 0.8660254037844387076, 1.000000000000000000, 0.8660254037844387076, 1.000000000000000000, 0.8660254037844387076, 1.000000000000000000, 0.8660254037844387076, 1.000000000000000000, 0.8660254037844387076, 1.000000000000000000, 0.8660254037844387076, 1.000000000000000000, 0.8660254037844387076, 1.000000000000000000, 0.8660254037844387076, 1.000000000000000000, 0.8660254037844387076, 1.000000000000000000, 0.8660254037844387076, 1.000000000000000000, 0.8660254037844387076, 1.000000000000000000, 0.8660254037844387076, 1.000000000000000000, 0.8660254037844387076, 1.000000000000000000, 0.8660254037844387076, 1.000000000000000000, 0.8660254037844387076, 1.000000000000000000, 0.8660254037844387076, 1.000000000000000000, 0.8660254037844387076, 1.000000000000000000, 0.8660254037844387076, 1.000000000000000000, 0.8660254037844387076, 1.000000000000000000, 0.8660254037844387076, 1.000000000000000000, 0.8660254037844387076, 1.000000000000000000, 0.8660254037844387076, 1.000000000000000000, 0.8660254037844387076, 1.000000000000000000, 0.8660254037844387076, 1.000000000000000000, 0.8660254037844387076, 1.000000000000000000, 0.8660254037844387076, 1.000000000000000000, 0.8660254037844387076, 1.000000000000000000, 0.8660254037844387076, 1.000000000000000000, 0.8660254037844387076, 1.000000000000000000, 0.8660254037844387076, 1.000000000000000000, 0.8660254037844387076, 1.000000000000000000, 0.8660254037844387076, 1.000000000000000000, 0.8660254037844387076, 1.000000000000000000, 0.8660254037844387076, 1.000000000000000000, 0.8660254037844387076, 1.000000000000000000, 0.8660254037844387076, 1.000000000000000000, 0.8660254037844387076, 1.000000000000000000, 0.8660254037844387076, 1.000000000000000000, 0.8660254037844387076, 1.000000000000000000, 0.8660254037844387076, 1.000000000000000000, 0.8660254037844387076, 1.000000000000000000, 0.8660254037844387076, 1.000000000000000000, 0.8660254037844387076, 1.000000000000000000, 0.8660254037844387076, 1.000000000000000000, 0.8660254037844387076, 1.000000000000000000, 0.8660254037844387076, 1.000000000000000000, 0.8660254037844387076, 1.000000000000000000, 0.8660254037844387076, 1.000000000000000000, 0.8660254037844387076, 1.000000000000000000, 0.8660254037844387076, 1.000000000000000000, 0.8660254037844387076, 1.000000000000000000, 0.8660254037844387076, 1.000000000000000000),
 ( 1.000000000000000000, 0.8660254037844387076, 1.000000000000000000, 0.8660254037844387076, 1.000000000000000000, 0.8660254037844387076, 1.000000000000000000, 0.8660254037844387076, 1.000000000000000000, 0.8660254037844387076, 1.000000000000000000, 0.8660254037844387076, 1.000000000000000000, 0.8660254037844387076, 1.000000000000000000, 0.8660254037844387076, 1.000000000000000000, 0.8660254037844387076, 1.000000000000000000, 0.8660254037844387076, 1.000000000000000000, 0.8660254037844387076, 1.000000000000000000, 0.8660254037844387076, 1.000000000000000000, 0.8660254037844387076, 1.000000000000000000, 0.8660254037844387076, 1.000000000000000000, 0.8660254037844387076, 1.000000000000000000, 0.8660254037844387076, 1.000000000000000000, 0.8660254037844387076, 1.000000000000000000, 0.8660254037844387076, 1.000000000000000000, 0.8660254037844387076, 1.000000000000000000, 0.8660254037844387076, 1.000000000000000000, 0.8660254037844387076, 1.000000000000000000, 0.8660254037844387076, 1.000000000000000000, 0.8660254037844387076, 1.000000000000000000, 0.8660254037844387076, 1.000000000000000000, 0.8660254037844387076, 1.000000000000000000, 0.8660254037844387076, 1.000000000000000000, 0.8660254037844387076, 1.000000000000000000, 0.8660254037844387076, 1.000000000000000000, 0.8660254037844387076, 1.000000000000000000, 0.8660254037844387076, 1.000000000000000000, 0.8660254037844387076, 1.000000000000000000, 0.8660254037844387076, 1.000000000000000000, 0.8660254037844387076, 1.000000000000000000, 0.8660254037844387076, 1.000000000000000000, 0.8660254037844387076, 1.000000000000000000, 0.8660254037844387076, 1.000000000000000000, 0.8660254037844387076, 1.000000000000000000, 0.8660254037844387076, 1.000000000000000000, 0.8660254037844387076, 1.000000000000000000, 0.8660254037844387076, 1.000000000000000000, 0.8660254037844387076, 1.000000000000000000, 0.8660254037844387076, 1.000000000000000000, 0.8660254037844387076, 1.000000000000000000, 0.8660254037844387076, 1.000000000000000000, 0.8660254037844387076, 1.000000000000000000, 0.8660254037844387076, 1.000000000000000000, 0.8660254037844387076, 1.000000000000000000, 0.8660254037844387076, 1.000000000000000000, 0.8660254037844387076, 1.000000000000000000, 0.8660254037844387076, 1.000000000000000000, 0.8660254037844387076, 1.000000000000000000, 0.8660254037844387076, 1.000000000000000000, 0.8660254037844387076, 1.000000000000000000, 0.8660254037844387076, 1.000000000000000000, 0.8660254037844387076, 1.000000000000000000, 0.8660254037844387076, 1.000000000000000000, 0.8660254037844387076, 1.000000000000000000, 0.8660254037844387076, 1.000000000000000000, 0.8660254037844387076, 1.000000000000000000, 0.8660254037844387076, 1.000000000000000000, 0.8660254037844387076, 1.000000000000000000, 0.8660254037844387076, 1.000000000000000000, 0.8660254037844387076, 1.000000000000000000, 0.8660254037844387076, 1.000000000000000000, 0.8660254037844387076, 1.000000000000000000, 0.8660254037844387076, 1.000000000000000000, 0.8660254037844387076, 1.000000000000000000, 0.8660254037844387076, 1.000000000000000000, 0.8660254037844387076, 1.000000000000000000, 0.8660254037844387076, 1.000000000000000000, 0.8660254037844387076, 1.000000000000000000, 0.8660254037844387076, 1.000000000000000000, 0.8660254037844387076, 1.000000000000000000, 0.8660254037844387076, 1.000000000000000000, 0.8660254037844387076, 1.000000000000000000, 0.8660254037844387076, 1.000000000000000000, 0.8660254037844387076, 1.000000000000000000, 0.8660254037844387076, 1.000000000000000000, 0.8660254037844387076, 1.000000000000000000, 0.8660254037844387076, 1.000000000000000000, 0.8660254037844387076, 1.000000000000000000, 0.8660254037844387076, 1.000000000000000000, 0.8660254037844387076, 1.000000000000000000, 0.8660254037844387076, 1.000000000000000000, 0.8660254037844387076, 1.000000000000000000, 0.8660254037844387076, 1.000000000000000000, 0.8660254037844387076, 1.000000000000000000, 0.8660254037844387076, 1.000000000000000000, 0.8660254037844387076, 1.000000000000000000, 0.8660254037844387076, 1.000000000000000000) ) ) 
 REPRESENTATION_ITEM ( '' )  SURFACE ( )  );
#2322 = CARTESIAN_POINT ( 'NONE',  ( -5.265981236333714212E-18, -0.04300000000000021166, -0.1052931721695258144 ) ) ;
#2323 = EDGE_CURVE ( 'NONE', #594, #1427, #2148, .T. ) ;
#2324 = VERTEX_POINT ( 'NONE', #3139 ) ;
#2325 = EDGE_LOOP ( 'NONE', ( #2048, #3036, #2626, #1809 ) ) ;
#2326 = CARTESIAN_POINT ( 'NONE',  ( 0.02719444950558747021, 0.01570072274251513994, -0.03460864836000280415 ) ) ;
#2327 = CARTESIAN_POINT ( 'NONE',  ( -3.845567970184112305E-18, -0.03140144548502864230, -0.007078886455240894840 ) ) ;
#2328 = ADVANCED_FACE ( 'NONE', ( #2668 ), #2884, .T. ) ;
#2329 = LENGTH_MEASURE_WITH_UNIT ( LENGTH_MEASURE( 0.02539999999999999897 ), #2036 );
#2330 = DIRECTION ( 'NONE',  ( -0.000000000000000000, -1.026720117140053010E-14, 1.000000000000000000 ) ) ;
#2331 = CARTESIAN_POINT ( 'NONE',  ( 0.03807614593415890869, -0.02198327310478958435, -0.06604466026476470131 ) ) ;
#2332 = ORIENTED_EDGE ( 'NONE', *, *, #644, .F. ) ;
#2333 = CARTESIAN_POINT ( 'NONE',  ( 0.000000000000000000, -0.02356249097069302093, -0.1320788864552413788 ) ) ;
#2334 = CARTESIAN_POINT ( 'NONE',  ( -3.845567970184112305E-18, -0.03140144548502864230, 0.06434968497333054538 ) ) ;
#2335 = CARTESIAN_POINT ( 'NONE',  ( 0.000000000000000000, -0.04300000000000148842, -0.1179211135447595232 ) ) ;
#2336 = CARTESIAN_POINT ( 'NONE',  ( -0.03625926600744993483, 5.644945881947510718E-16, 0.02640325640190196652 ) ) ;
#2337 = CARTESIAN_POINT ( 'NONE',  ( 0.03625926600744994177, 5.556136293836597276E-16, 0.03533182783047338765 ) ) ;
#2338 = ORIENTED_EDGE ( 'NONE', *, *, #3356, .T. ) ;
#2339 = CARTESIAN_POINT ( 'NONE',  ( -0.02482606157515436854, -0.04300000000000020473, -0.08892412455047819797 ) ) ;
#2340 = DIRECTION ( 'NONE',  ( 0.000000000000000000, 1.026720117140053010E-14, -1.000000000000000000 ) ) ;
#2341 = CARTESIAN_POINT ( 'NONE',  ( 0.03625926600744993483, 5.556136293836598262E-16, 0.07104611354475910689 ) ) ;
#2342 = EDGE_CURVE ( 'NONE', #3272, #1915, #1414, .T. ) ;
#2343 = CARTESIAN_POINT ( 'NONE',  ( -0.02719444950558745633, -0.01570072274251403666, -0.04576936264571708490 ) ) ;
#2344 = DIRECTION ( 'NONE',  ( 0.000000000000000000, 1.026720117140053010E-14, -1.000000000000000000 ) ) ;
#2345 = CARTESIAN_POINT ( 'NONE',  ( 0.02538409728943926552, -0.04396654620957970300, -0.1211041840742885095 ) ) ;
#2346 = ORIENTED_EDGE ( 'NONE', *, *, #3212, .F. ) ;
#2347 = CARTESIAN_POINT ( 'NONE',  ( 0.03625926600744994177, 5.556136293836597276E-16, 0.06881397068761625768 ) ) ;
#2348 = DIRECTION ( 'NONE',  ( -0.000000000000000000, -1.026720117140053010E-14, 1.000000000000000000 ) ) ;
#2349 = CARTESIAN_POINT ( 'NONE',  ( 0.01812963300372496048, -0.03140144548502864924, 0.05021278021142578513 ) ) ;
#2350 = EDGE_CURVE ( 'NONE', #2371, #3272, #2464, .T. ) ;
#2351 = CARTESIAN_POINT ( 'NONE',  ( 0.01812963300372496048, -0.03140144548502864924, 0.03235563735428290122 ) ) ;
#2352 = CARTESIAN_POINT ( 'NONE',  ( -0.03807614593415892257, -0.02198327310478955313, 0.07197617306856861352 ) ) ;
#2353 = CONICAL_SURFACE ( 'NONE', #3240, 0.02020725942164193489, 0.7853981633974500554 ) ;
#2354 = CARTESIAN_POINT ( 'NONE',  ( 0.000000000000000000, 0.04300000000000134270, 0.01077825640190274020 ) ) ;
#2355 = CARTESIAN_POINT ( 'NONE',  ( 0.05076819457887855186, 5.529483824435511225E-16, -0.1348690650266694546 ) ) ;
#2356 = DIRECTION ( 'NONE',  ( -1.000000000000000000, 0.000000000000000000, -0.000000000000000000 ) ) ;
#2357 = DIRECTION ( 'NONE',  ( 0.000000000000000000, 1.000000000000000000, 1.032384416210272233E-14 ) ) ;
#2358 = AXIS2_PLACEMENT_3D ( 'NONE', #1811, #2348, #3410 ) ;
#2359 = EDGE_CURVE ( 'NONE', #2950, #2762, #2870, .T. ) ;
#2360 = CARTESIAN_POINT ( 'NONE',  ( 0.01812963300372498823, 0.03140144548502975946, -0.01526341026476470478 ) ) ;
#2361 = CARTESIAN_POINT ( 'NONE',  ( 0.03625926600744993483, 5.556136293836598262E-16, 0.01524254211618769096 ) ) ;
#2362 = AXIS2_PLACEMENT_3D ( 'NONE', #1474, #3300, #374 ) ;
#2363 = CARTESIAN_POINT ( 'NONE',  ( -3.845567970184112305E-18, -0.03140144548502864230, 0.08443897068761624380 ) ) ;
#2364 = ORIENTED_EDGE ( 'NONE', *, *, #1676, .T. ) ;
#2365 = CARTESIAN_POINT ( 'NONE',  ( -0.02482606157515441017, -0.04300000000000015615, 0.07179016116380750046 ) ) ;
#2366 = CARTESIAN_POINT ( 'NONE',  ( -0.03807614593415892257, -0.02198327310478955313, -0.01842561264571708837 ) ) ;
#2367 = DIRECTION ( 'NONE',  ( 0.000000000000000000, 0.000000000000000000, 1.000000000000000000 ) ) ;
#2368 = CARTESIAN_POINT ( 'NONE',  ( -5.265981236333733472E-18, -0.04300000000000036432, -0.1030610293123846305 ) ) ;
#2369 = CARTESIAN_POINT ( 'NONE',  ( -0.01812963300372498129, -0.03140144548502863536, 0.08071873259237816178 ) ) ;
#2370 = CARTESIAN_POINT ( 'NONE',  ( 0.000000000000000000, 0.03140144548502977334, 0.05765325640190194223 ) ) ;
#2371 = VERTEX_POINT ( 'NONE', #1600 ) ;
#2372 = CARTESIAN_POINT ( 'NONE',  ( 0.000000000000000000, 0.04396654620958081322, -0.09469049359809801614 ) ) ;
#2373 = DIRECTION ( 'NONE',  ( 2.112365858741787320E-16, -1.000000000000000000, 0.000000000000000000 ) ) ;
#2374 = CARTESIAN_POINT ( 'NONE',  ( 0.000000000000000000, -5.170700926295986467E-15, 0.1179211135447589265 ) ) ;
#2375 = CARTESIAN_POINT ( 'NONE',  ( -0.03625926600744993483, 5.644945881947510718E-16, -0.06511460074095518080 ) ) ;
#2376 = CARTESIAN_POINT ( 'NONE',  ( -3.845567970184112305E-18, -0.03140144548502864230, -0.004846743598098039556 ) ) ;
#2377 = ORIENTED_EDGE ( 'NONE', *, *, #993, .T. ) ;
#2378 = CARTESIAN_POINT ( 'NONE',  ( -0.02482606157515446221, -0.04300000000000035738, 0.07402230402094872597 ) ) ;
#2379 = CARTESIAN_POINT ( 'NONE',  ( -0.02538409728943929328, -0.04396654620957967524, 0.05449105402094957251 ) ) ;
#2380 = CYLINDRICAL_SURFACE ( 'NONE', #1671, 0.04300000000000134270 ) ;
#2381 = CARTESIAN_POINT ( 'NONE',  ( 0.000000000000000000, -1.453607026109205299E-16, -0.1179211135447590930 ) ) ;
#2382 = CARTESIAN_POINT ( 'NONE',  ( -0.01812963300372498129, -0.03140144548502862842, -0.1335669816933361120 ) ) ;
#2383 = CARTESIAN_POINT ( 'NONE',  ( -0.02482606157515436854, -0.04300000000000020473, -0.03535269597904962952 ) ) ;
#2384 = DIRECTION ( 'NONE',  ( 0.000000000000000000, -1.000000000000000000, -1.014479749797830643E-14 ) ) ;
#2385 = CARTESIAN_POINT ( 'NONE',  ( -3.845567970184112305E-18, -0.03140144548502864230, 0.06658182783047339459 ) ) ;
#2386 = CARTESIAN_POINT ( 'NONE',  ( -3.845567970184112305E-18, -0.03140144548502864230, -0.1142217435980980300 ) ) ;
#2387 = ORIENTED_EDGE ( 'NONE', *, *, #3374, .F. ) ;
#2388 = DIRECTION ( 'NONE',  ( 0.000000000000000000, 0.000000000000000000, 1.000000000000000000 ) ) ;
#2389 = DIRECTION ( 'NONE',  ( 0.000000000000000000, -1.000000000000000000, -1.032384416210299843E-14 ) ) ;
#2390 = CARTESIAN_POINT ( 'NONE',  ( 0.01812963300372496048, -0.03140144548502864924, -0.003358648360002797206 ) ) ;
#2391 = EDGE_CURVE ( 'NONE', #3101, #1539, #2630, .T. ) ;
#2392 = CARTESIAN_POINT ( 'NONE',  ( 0.000000000000000000, 0.03140144548502977334, 0.09336754211618765453 ) ) ;
#2393 = CARTESIAN_POINT ( 'NONE',  ( 0.02482606157515442752, -0.04300000000000038514, 0.02342706592571059884 ) ) ;
#2394 = CARTESIAN_POINT ( 'NONE',  ( 0.000000000000000000, 0.03140144548502977334, 0.05542111354475908608 ) ) ;
#2395 = CARTESIAN_POINT ( 'NONE',  ( 0.03807614593415893645, 0.02198327310479065988, 0.06193153021142577125 ) ) ;
#2396 = VERTEX_POINT ( 'NONE', #2716 ) ;
#2397 = CARTESIAN_POINT ( 'NONE',  ( 0.000000000000000000, -1.453607026109205299E-16, -0.1179211135447590930 ) ) ;
#2398 = DIRECTION ( 'NONE',  ( -1.000000000000000000, 0.000000000000000000, -0.000000000000000000 ) ) ;
#2399 = CARTESIAN_POINT ( 'NONE',  ( 0.000000000000000000, 0.03828648739514820681, 0.1151997657735192304 ) ) ;
#2400 = EDGE_CURVE ( 'NONE', #1539, #2545, #105, .T. ) ;
#2401 = CARTESIAN_POINT ( 'NONE',  ( -0.03723909236273153373, 0.02150000000000095585, -0.03981698169333533488 ) ) ;
#2402 = ORIENTED_EDGE ( 'NONE', *, *, #2491, .T. ) ;
#2403 = EDGE_LOOP ( 'NONE', ( #2550, #2926, #938 ) ) ;
#2404 = CARTESIAN_POINT ( 'NONE',  ( -0.02719444950558745633, -0.01570072274251403666, 0.09708778021142577819 ) ) ;
#2405 = CARTESIAN_POINT ( 'NONE',  ( -0.02482606157515420547, 0.04300000000000158557, -0.09487650550285917084 ) ) ;
#2406 = CARTESIAN_POINT ( 'NONE',  ( -0.005662272890013147694, 0.01693814464436255510, 0.1152214119087690558 ) ) ;
#2407 = AXIS2_PLACEMENT_3D ( 'NONE', #3313, #2583, #3049 ) ;
#2408 = EDGE_CURVE ( 'NONE', #2170, #1680, #1782, .T. ) ;
#2409 = CARTESIAN_POINT ( 'NONE',  ( 0.01812963300372496048, -0.03140144548502864924, -0.02121579121714565683 ) ) ;
#2410 = AXIS2_PLACEMENT_3D ( 'NONE', #1116, #531, #272 ) ;
#2411 = CARTESIAN_POINT ( 'NONE',  ( -0.03625926600744993483, 5.644945881947510718E-16, 0.04202825640190195611 ) ) ;
#2412 = CARTESIAN_POINT ( 'NONE',  ( -0.03723909236273167944, -0.02149999999999989420, -0.01675150550286081189 ) ) ;
#2413 = AXIS2_PLACEMENT_3D ( 'NONE', #1900, #772, #2938 ) ;
#2414 = ORIENTED_EDGE ( 'NONE', *, *, #1817, .F. ) ;
#2415 = CARTESIAN_POINT ( 'NONE',  ( 0.000000000000000000, 0.04396654620958081322, -0.005404779312383753594 ) ) ;
#2416 = CARTESIAN_POINT ( 'NONE',  ( 0.03723909236273165863, -0.02149999999999992889, 0.02491516116380585941 ) ) ;
#2417 = CARTESIAN_POINT ( 'NONE',  ( -0.02538409728943927246, 0.04396654620958081322, 0.03068153021142576431 ) ) ;
#2419 = EDGE_CURVE ( 'NONE', #1880, #1615, #2591, .T. ) ;
#2418 = ORIENTED_EDGE ( 'NONE', *, *, #2750, .T. ) ;
#2420 = CARTESIAN_POINT ( 'NONE',  ( -5.265981236333733472E-18, -0.04300000000000036432, -0.04948960074095606898 ) ) ;
#2421 = VECTOR ( 'NONE', #2373, 39.37007874015748143 ) ;
#2422 = FACE_OUTER_BOUND ( 'NONE', #3150, .T. ) ;
#2423 = CARTESIAN_POINT ( 'NONE',  ( 0.01750000000001306413, -0.01010362971081106911, 0.1179211135447589265 ) ) ;
#2424 = CARTESIAN_POINT ( 'NONE',  ( 0.000000000000000000, 0.04300000000000134270, 0.02863539925904561717 ) ) ;
#2425 = CARTESIAN_POINT ( 'NONE',  ( 0.03625926600744993483, 5.556136293836598262E-16, 0.08890325640190194223 ) ) ;
#2426 = CARTESIAN_POINT ( 'NONE',  ( 0.02538409728943926552, -0.04396654620957970300, 0.07644045878285432583 ) ) ;
#2427 = CARTESIAN_POINT ( 'NONE',  ( -0.03807614593415891563, 0.02198327310479069457, -0.05600001740762183128 ) ) ;
#2428 = CARTESIAN_POINT ( 'NONE',  ( 0.02719444950558744939, -0.01570072274251405747, 0.1030401611638067094 ) ) ;
#2429 = CARTESIAN_POINT ( 'NONE',  ( 0.000000000000000000, -5.170700926295986467E-15, 0.1179211135447589265 ) ) ;
#2430 = CARTESIAN_POINT ( 'NONE',  ( 4.341848540857424805E-18, 0.02020725942163676195, 0.09604611354475892093 ) ) ;
#2431 = CARTESIAN_POINT ( 'NONE',  ( -0.03625926600744993483, 5.644945881947510718E-16, 0.07997468497333054538 ) ) ;
#2432 = FACE_OUTER_BOUND ( 'NONE', #502, .T. ) ;
#2433 = ORIENTED_EDGE ( 'NONE', *, *, #2419, .F. ) ;
#2434 = CARTESIAN_POINT ( 'NONE',  ( -0.03807614593415891563, 0.02198327310479069457, -0.02140180312190757134 ) ) ;
#2435 = ORIENTED_EDGE ( 'NONE', *, *, #396, .F. ) ;
#2436 = ADVANCED_FACE ( 'NONE', ( #2442 ), #115, .F. ) ;
#2437 = CARTESIAN_POINT ( 'NONE',  ( -0.04965212315030889667, 5.653146641763228744E-16, 0.08890325640190106793 ) ) ;
#2438 =( BOUNDED_CURVE ( )  B_SPLINE_CURVE ( 2, ( #1013, #1216, #1819, #3100, #1511, #2818, #1471 ),
 .UNSPECIFIED., .F., .F. ) 
 B_SPLINE_CURVE_WITH_KNOTS ( ( 3, 2, 2, 3 ),
 ( 0.7333333333333333925, 0.7444444444444445752, 0.7555555555555556468, 0.7666666666666668295 ),
 .UNSPECIFIED. ) 
 CURVE ( )  GEOMETRIC_REPRESENTATION_ITEM ( )  RATIONAL_B_SPLINE_CURVE ( ( 1.000000000000000000, 0.8660254037844387076, 1.000000000000000000, 0.8660254037844387076, 1.000000000000000000, 0.8660254037844360431, 1.000000000000002665 ) ) 
 REPRESENTATION_ITEM ( '' )  );
#2439 = CARTESIAN_POINT ( 'NONE',  ( -5.265981236333733472E-18, -0.04300000000000036432, 0.03979611354475821178 ) ) ;
#2440 = CARTESIAN_POINT ( 'NONE',  ( -5.265981236333733472E-18, -0.04300000000000036432, -0.04948960074095606898 ) ) ;
#2441 = DIRECTION ( 'NONE',  ( -0.000000000000000000, -1.026720117140053010E-14, 1.000000000000000000 ) ) ;
#2442 = FACE_OUTER_BOUND ( 'NONE', #547, .T. ) ;
#2443 = CARTESIAN_POINT ( 'NONE',  ( 0.000000000000000000, 1.813145222176944473E-30, 0.1179211135447589265 ) ) ;
#2444 = CARTESIAN_POINT ( 'NONE',  ( 0.02719444950558744939, -0.01570072274251405747, -0.1112455531219075505 ) ) ;
#2445 = ORIENTED_EDGE ( 'NONE', *, *, #1608, .T. ) ;
#2446 = CARTESIAN_POINT ( 'NONE',  ( 0.02482606157515426445, -0.04300000000000035044, 0.02119492306856941496 ) ) ;
#2447 = CARTESIAN_POINT ( 'NONE',  ( 0.01749999999999999126, 0.01010362971081831505, 0.09604611354475892093 ) ) ;
#2448 = CARTESIAN_POINT ( 'NONE',  ( -0.008138004196007093266, -0.03060065691130027174, 0.1179211135447585795 ) ) ;
#2449 = CARTESIAN_POINT ( 'NONE',  ( -0.03625926600744993483, 5.644945881947510718E-16, 0.1156889706876162577 ) ) ;
#2450 = CARTESIAN_POINT ( 'NONE',  ( 0.01919988541693921913, 0.02518940369063721318, -0.1242399319409044633 ) ) ;
#2451 = CARTESIAN_POINT ( 'NONE',  ( 0.02538409728943930022, 0.04396654620958079934, 0.08127676830666386021 ) ) ;
#2452 = ORIENTED_EDGE ( 'NONE', *, *, #989, .F. ) ;
#2453 = CARTESIAN_POINT ( 'NONE',  ( 0.000000000000000000, 0.04300000000000150230, 0.01301039925904395010 ) ) ;
#2454 = ORIENTED_EDGE ( 'NONE', *, *, #598, .F. ) ;
#2455 = CARTESIAN_POINT ( 'NONE',  ( 4.341848540857424805E-18, 0.02020725942163676195, 0.09604611354475892093 ) ) ;
#2456 = DIRECTION ( 'NONE',  ( 2.112365858741787567E-16, -1.000000000000000000, 0.000000000000000000 ) ) ;
#2457 = CARTESIAN_POINT ( 'NONE',  ( 0.02719444950558744939, -0.01570072274251405747, 0.08741516116380672330 ) ) ;
#2458 = CARTESIAN_POINT ( 'NONE',  ( 0.005332344960741941878, -0.04300000000000031575, 0.1115443102638712103 ) ) ;
#2459 = CARTESIAN_POINT ( 'NONE',  ( 0.02719444950558747021, 0.01570072274251513994, -0.1082693626457170849 ) ) ;
#2460 = ORIENTED_EDGE ( 'NONE', *, *, #2740, .T. ) ;
#2461 = CARTESIAN_POINT ( 'NONE',  ( 0.02538409728943930022, 0.04396654620958079934, -0.04260716026476470131 ) ) ;
#2462 = CARTESIAN_POINT ( 'NONE',  ( 0.000000000000000000, 0.04300000000000134270, 0.04649254211618845944 ) ) ;
#2463 = LINE ( 'NONE', #2430, #2469 ) ;
#2464 =( BOUNDED_CURVE ( )  B_SPLINE_CURVE ( 2, ( #580, #515, #1297, #1031, #2080, #1861, #545 ),
 .UNSPECIFIED., .F., .F. ) 
 B_SPLINE_CURVE_WITH_KNOTS ( ( 3, 2, 2, 3 ),
 ( 0.7999999999999998224, 0.8111111111111110050, 0.8222222222222220767, 0.8333333333333333703 ),
 .UNSPECIFIED. ) 
 CURVE ( )  GEOMETRIC_REPRESENTATION_ITEM ( )  RATIONAL_B_SPLINE_CURVE ( ( 1.000000000000002665, 0.8660254037844360431, 1.000000000000000000, 0.8660254037844387076, 1.000000000000000000, 0.8660254037844387076, 1.000000000000000000 ) ) 
 REPRESENTATION_ITEM ( '' )  );
#2465 = CARTESIAN_POINT ( 'NONE',  ( -0.01812963300372496395, 0.03140144548502977334, 0.1127127802114257643 ) ) ;
#2466 = CARTESIAN_POINT ( 'NONE',  ( 0.03625926600744993483, 5.556136293836598262E-16, 0.06881397068761624380 ) ) ;
#2467 = AXIS2_PLACEMENT_3D ( 'NONE', #247, #282, #1345 ) ;
#2468 = CARTESIAN_POINT ( 'NONE',  ( 0.02740108374172859143, 0.01588963126915629576, -0.1242399319409026454 ) ) ;
#2469 = VECTOR ( 'NONE', #2700, 39.37007874015748143 ) ;
#2470 = CARTESIAN_POINT ( 'NONE',  ( -0.05076819457887855186, 5.653830038414538087E-16, 0.1229434349733305315 ) ) ;
#2471 = CARTESIAN_POINT ( 'NONE',  ( 0.02482606157515442752, -0.04300000000000038514, 0.04128420878285347234 ) ) ;
#2472 = FACE_OUTER_BOUND ( 'NONE', #1921, .T. ) ;
#2473 = VECTOR ( 'NONE', #795, 39.37007874015748854 ) ;
#2474 = VERTEX_POINT ( 'NONE', #2424 ) ;
#2475 = AXIS2_PLACEMENT_3D ( 'NONE', #679, #2510, #2243 ) ;
#2476 = CARTESIAN_POINT ( 'NONE',  ( 5.265981236333782775E-18, 0.04300000000000119699, -0.1179211135447586489 ) ) ;
#2477 = CARTESIAN_POINT ( 'NONE',  ( 0.000000000000000000, 0.03140144548502977334, 0.07551039925904481920 ) ) ;
#2478 = CARTESIAN_POINT ( 'NONE',  ( -0.02719444950558745633, 0.01570072274251516770, 0.004825875449521010996 ) ) ;
#2479 = EDGE_LOOP ( 'NONE', ( #832, #2960 ) ) ;
#2480 = ADVANCED_FACE ( 'NONE', ( #3219 ), #3141, .T. ) ;
#2481 = CARTESIAN_POINT ( 'NONE',  ( 5.265981236333782775E-18, 0.04300000000000119699, -0.1179211135447586489 ) ) ;
#2482 = CARTESIAN_POINT ( 'NONE',  ( -3.845567970184112305E-18, -0.03140144548502864230, 0.1022961135447590791 ) ) ;
#2483 = CARTESIAN_POINT ( 'NONE',  ( 0.01191832934412326815, 0.02905175044974577653, -0.1242399319409042968 ) ) ;
#2484 = VERTEX_POINT ( 'NONE', #914 ) ;
#2485 = CARTESIAN_POINT ( 'NONE',  ( 0.02538409728943930022, 0.04396654620958079934, 0.1348481968780924356 ) ) ;
#2486 = CARTESIAN_POINT ( 'NONE',  ( 0.000000000000000000, -1.453607026109205299E-16, -0.1179211135447590930 ) ) ;
#2487 = DIRECTION ( 'NONE',  ( 0.000000000000000000, -1.000000000000000000, -1.032384416210299843E-14 ) ) ;
#2488 = EDGE_LOOP ( 'NONE', ( #274, #2587, #2091 ) ) ;
#2489 = DIRECTION ( 'NONE',  ( -0.000000000000000000, -1.026720117140053010E-14, 1.000000000000000000 ) ) ;
#2490 = CARTESIAN_POINT ( 'NONE',  ( -0.01812963300372496395, 0.03140144548502977334, 0.02119492306856862393 ) ) ;
#2491 = EDGE_CURVE ( 'NONE', #865, #1118, #1234, .T. ) ;
#2492 = VERTEX_POINT ( 'NONE', #2797 ) ;
#2493 = CARTESIAN_POINT ( 'NONE',  ( -5.265981236333733472E-18, -0.04300000000000036432, 0.05765325640190108875 ) ) ;
#2494 = LINE ( 'NONE', #631, #978 ) ;
#2495 = FACE_OUTER_BOUND ( 'NONE', #3268, .T. ) ;
#2496 = CARTESIAN_POINT ( 'NONE',  ( -0.01812963300372496395, 0.03140144548502977334, 0.09485563735428291510 ) ) ;
#2497 = DIRECTION ( 'NONE',  ( 0.000000000000000000, -1.000000000000000000, -1.032384416210299843E-14 ) ) ;
#2498 = CARTESIAN_POINT ( 'NONE',  ( -0.05076819457887855186, 5.653830038414538087E-16, 0.06937200640190196999 ) ) ;
#2499 = CARTESIAN_POINT ( 'NONE',  ( 0.02020725942164193489, -5.170700926295986467E-15, 0.1179211135447589265 ) ) ;
#2500 = ORIENTED_EDGE ( 'NONE', *, *, #1939, .F. ) ;
#2501 = ORIENTED_EDGE ( 'NONE', *, *, #3265, .F. ) ;
#2502 = CARTESIAN_POINT ( 'NONE',  ( -5.265981236333733472E-18, -0.04300000000000036432, 0.1112246849733296711 ) ) ;
#2503 = CARTESIAN_POINT ( 'NONE',  ( -0.02719444950558745633, 0.01570072274251516770, -0.1201741245504789890 ) ) ;
#2504 = CARTESIAN_POINT ( 'NONE',  ( 0.02719444950558744939, -0.01570072274251405747, 0.03161158973523530563 ) ) ;
#2505 = CARTESIAN_POINT ( 'NONE',  ( 0.01812963300372498823, 0.03140144548502975946, -0.03535269597905042055 ) ) ;
#2506 = CARTESIAN_POINT ( 'NONE',  ( 0.000000000000000000, 0.04300000000000134270, -0.07850745788381151280 ) ) ;
#2507 = CARTESIAN_POINT ( 'NONE',  ( 0.01812963300372496048, -0.03140144548502864924, -0.003358648360002797206 ) ) ;
#2508 = DIRECTION ( 'NONE',  ( 0.000000000000000000, 0.000000000000000000, 1.000000000000000000 ) ) ;
#2509 = CARTESIAN_POINT ( 'NONE',  ( -0.01812963300372498129, -0.03140144548502862842, -0.1313348388361932628 ) ) ;
#2510 = DIRECTION ( 'NONE',  ( -0.000000000000000000, -1.026720117140053010E-14, 1.000000000000000000 ) ) ;
#2511 = AXIS2_PLACEMENT_3D ( 'NONE', #1058, #2696, #1396 ) ;
#2512 = ORIENTED_EDGE ( 'NONE', *, *, #3005, .T. ) ;
#2513 = DIRECTION ( 'NONE',  ( -0.000000000000000000, -1.026720117140053010E-14, 1.000000000000000000 ) ) ;
#2514 = CARTESIAN_POINT ( 'NONE',  ( 0.03723909236273165863, -0.02149999999999992889, -0.08222769597905128791 ) ) ;
#2515 = AXIS2_PLACEMENT_3D ( 'NONE', #970, #2027, #1060 ) ;
#2516 = CARTESIAN_POINT ( 'NONE',  ( 0.01812963300372498823, 0.03140144548502975946, 0.1097365897352352709 ) ) ;
#2517 = CARTESIAN_POINT ( 'NONE',  ( -0.02719444950558745633, 0.01570072274251516770, -0.01303126740762184863 ) ) ;
#2518 = CARTESIAN_POINT ( 'NONE',  ( -0.03625926600744993483, 5.644945881947510718E-16, 0.02417111354475911383 ) ) ;
#2519 = DIRECTION ( 'NONE',  ( -0.000000000000000000, -0.000000000000000000, 1.000000000000000000 ) ) ;
#2520 = CARTESIAN_POINT ( 'NONE',  ( -3.845567970184112305E-18, -0.03140144548502864230, -0.07627531502666945462 ) ) ;
#2521 = CARTESIAN_POINT ( 'NONE',  ( -0.004583454222216516716, 0.03232561090331168702, -0.1233157665226225358 ) ) ;
#2522 = CARTESIAN_POINT ( 'NONE',  ( -5.384349008512664934E-18, -0.04396654620957968912, -0.01433335074095517560 ) ) ;
#2523 = CARTESIAN_POINT ( 'NONE',  ( -0.01812963300372496395, 0.03140144548502977334, -0.03014436264571708143 ) ) ;
#2524 = CARTESIAN_POINT ( 'NONE',  ( 0.000000000000000000, 0.03140144548502977334, -0.08520388645524089311 ) ) ;
#2525 = EDGE_CURVE ( 'NONE', #21, #2617, #2804, .T. ) ;
#2526 = CARTESIAN_POINT ( 'NONE',  ( -0.02719444950558745633, -0.01570072274251403666, -0.06362650550285994799 ) ) ;
#2527 = CARTESIAN_POINT ( 'NONE',  ( -0.02538409728943929328, -0.04396654620957967524, 0.01989283973523528481 ) ) ;
#2528 = CARTESIAN_POINT ( 'NONE',  ( 0.000000000000000000, 0.04300000000000150230, 0.03086754211618679064 ) ) ;
#2529 = CARTESIAN_POINT ( 'NONE',  ( -0.03807614593415891563, 0.02198327310479069457, -0.07497323169333613979 ) ) ;
#2530 = CARTESIAN_POINT ( 'NONE',  ( -0.02719444950558745633, 0.01570072274251516770, -0.03088841026476470825 ) ) ;
#2531 = CARTESIAN_POINT ( 'NONE',  ( 0.02719444950558747021, 0.01570072274251513994, -0.001126505502859942139 ) ) ;
#2532 = EDGE_LOOP ( 'NONE', ( #128, #255, #2195, #2584, #2065, #2119, #1423, #3246, #1278, #661, #2364, #2871, #1907, #1272, #1284, #3152, #346, #204, #905, #801, #3044, #485, #1242, #2693, #3215, #2639, #39, #1504, #790, #3, #1941, #1946 ) ) ;
#2533 = CARTESIAN_POINT ( 'NONE',  ( 0.04965212315030870238, 5.531534014389438267E-16, -0.02940031502666867053 ) ) ;
#2534 = CARTESIAN_POINT ( 'NONE',  ( 0.02719444950558744939, -0.01570072274251405747, -0.05544198169333613285 ) ) ;
#2535 = ADVANCED_FACE ( 'NONE', ( #445 ), #1820, .T. ) ;
#2536 = CARTESIAN_POINT ( 'NONE',  ( 0.04061101445749294714, 0.006886223055548057817, -0.1147396207966771414 ) ) ;
#2537 =( BOUNDED_CURVE ( )  B_SPLINE_CURVE ( 2, ( #3176, #1665, #1136, #1057, #3234, #1873, #1354 ),
 .UNSPECIFIED., .F., .T. ) 
 B_SPLINE_CURVE_WITH_KNOTS ( ( 3, 2, 2, 3 ),
 ( 0.4333333333333333481, 0.4444444444444444198, 0.4555555555555556024, 0.4666666666666667296 ),
 .UNSPECIFIED. ) 
 CURVE ( )  GEOMETRIC_REPRESENTATION_ITEM ( )  RATIONAL_B_SPLINE_CURVE ( ( 1.000000000000000000, 0.8660254037844387076, 1.000000000000000000, 0.8660254037844387076, 1.000000000000000000, 0.8660254037844380415, 1.000000000000000666 ) ) 
 REPRESENTATION_ITEM ( '' )  );
#2538 = CARTESIAN_POINT ( 'NONE',  ( -0.01812963300372498129, -0.03140144548502863536, -0.006334838836193282773 ) ) ;
#2539 =( NAMED_UNIT ( * ) PLANE_ANGLE_UNIT ( ) SI_UNIT ( $, .RADIAN. ) );
#2540 = CARTESIAN_POINT ( 'NONE',  ( 0.03625926600744993483, 5.556136293836598262E-16, 0.06881397068761624380 ) ) ;
#2541 = CARTESIAN_POINT ( 'NONE',  ( -0.01812963300372498129, -0.03140144548502862842, -0.09562055312190755052 ) ) ;
#2542 = CYLINDRICAL_SURFACE ( 'NONE', #369, 0.04300000000000134270 ) ;
#2543 = CARTESIAN_POINT ( 'NONE',  ( -3.845567970184112305E-18, -0.03140144548502864230, -0.06065031502666945462 ) ) ;
#2544 = APPLICATION_PROTOCOL_DEFINITION ( 'draft international standard', 'automotive_design', 1998, #932 ) ;
#2545 = VERTEX_POINT ( 'NONE', #1579 ) ;
#2546 = CARTESIAN_POINT ( 'NONE',  ( 0.01770156343448427844, -0.03336759421797648451, 0.1157426147007853956 ) ) ;
#2547 = CARTESIAN_POINT ( 'NONE',  ( 0.05076819457887855186, 5.529483824435511225E-16, -0.04669942216952661235 ) ) ;
#2548 = CARTESIAN_POINT ( 'NONE',  ( -3.845567970184112305E-18, -0.03140144548502864230, -0.07850745788381231771 ) ) ;
#2549 = CARTESIAN_POINT ( 'NONE',  ( -0.02482606157515436854, -0.04300000000000020473, -0.05320983883619248567 ) ) ;
#2550 = ORIENTED_EDGE ( 'NONE', *, *, #3299, .T. ) ;
#2551 = CARTESIAN_POINT ( 'NONE',  ( -0.02719444950558745633, -0.01570072274251403666, 0.007802065925711479215 ) ) ;
#2552 = EDGE_CURVE ( 'NONE', #1418, #180, #2494, .T. ) ;
#2553 = CARTESIAN_POINT ( 'NONE',  ( -0.02538409728943929328, -0.04396654620957967524, 0.1091785540209495864 ) ) ;
#2554 = CARTESIAN_POINT ( 'NONE',  ( -0.02719444950558745633, -0.01570072274251403666, -0.07925150550285993412 ) ) ;
#2555 = CARTESIAN_POINT ( 'NONE',  ( 0.000000000000000000, 0.03140144548502977334, 0.05765325640190194223 ) ) ;
#2556 = CARTESIAN_POINT ( 'NONE',  ( -5.384349008512664934E-18, -0.04396654620957968912, -0.08576192216952659153 ) ) ;
#2557 = EDGE_CURVE ( 'NONE', #1189, #2280, #1166, .T. ) ;
#2558 = CARTESIAN_POINT ( 'NONE',  ( -0.02719444950558745633, -0.01570072274251403666, -0.07925150550285993412 ) ) ;
#2559 =( BOUNDED_CURVE ( )  B_SPLINE_CURVE ( 2, ( #2291, #1785, #1442, #2223, #2801, #1200, #2262 ),
 .UNSPECIFIED., .F., .F. ) 
 B_SPLINE_CURVE_WITH_KNOTS ( ( 3, 2, 2, 3 ),
 ( 0.3666666666666666408, 0.3777777777777778234, 0.3888888888888889506, 0.4000000000000001332 ),
 .UNSPECIFIED. ) 
 CURVE ( )  GEOMETRIC_REPRESENTATION_ITEM ( )  RATIONAL_B_SPLINE_CURVE ( ( 1.000000000000000000, 0.8660254037844387076, 1.000000000000000000, 0.8660254037844387076, 1.000000000000000000, 0.8660254037844373753, 1.000000000000001332 ) ) 
 REPRESENTATION_ITEM ( '' )  );
#2560 = FACE_OUTER_BOUND ( 'NONE', #1321, .T. ) ;
#2561 = CARTESIAN_POINT ( 'NONE',  ( -0.03625926600744993483, 5.644945881947510718E-16, -0.06288245788381231771 ) ) ;
#2562 = CARTESIAN_POINT ( 'NONE',  ( -0.01812963300372496395, 0.03140144548502977334, 0.02119492306856863087 ) ) ;
#2563 = CARTESIAN_POINT ( 'NONE',  ( 0.02719444950558744939, -0.01570072274251405747, -0.09115626740762183822 ) ) ;
#2564 = FACE_OUTER_BOUND ( 'NONE', #884, .T. ) ;
#2565 = ADVANCED_FACE ( 'NONE', ( #2834, #2972 ), #3325, .F. ) ;
#2566 = CARTESIAN_POINT ( 'NONE',  ( 0.000000000000000000, 0.04300000000000150230, 0.04872468497332963638 ) ) ;
#2567 = CARTESIAN_POINT ( 'NONE',  ( -5.384349008512664934E-18, -0.04396654620957968912, -0.08687799359809804389 ) ) ;
#2568 = ORIENTED_EDGE ( 'NONE', *, *, #3381, .F. ) ;
#2569 = CARTESIAN_POINT ( 'NONE',  ( 0.000000000000000000, -1.995688154748005118E-16, -0.1126413774259346495 ) ) ;
#2570 = CARTESIAN_POINT ( 'NONE',  ( -0.01812963300372496395, 0.03140144548502977334, 0.1127127802114257643 ) ) ;
#2571 =( GEOMETRIC_REPRESENTATION_CONTEXT ( 3 ) GLOBAL_UNCERTAINTY_ASSIGNED_CONTEXT ( ( #630 ) ) GLOBAL_UNIT_ASSIGNED_CONTEXT ( ( #617, #2539, #446 ) ) REPRESENTATION_CONTEXT ( 'NONE', 'WORKASPACE' ) );
#2572 = CARTESIAN_POINT ( 'NONE',  ( 0.01812963300372498823, 0.03140144548502975946, 0.08964730402094957251 ) ) ;
#2573 = VECTOR ( 'NONE', #1753, 39.37007874015748143 ) ;
#2574 = ADVANCED_FACE ( 'NONE', ( #1896 ), #575, .F. ) ;
#2575 = CARTESIAN_POINT ( 'NONE',  ( -0.02719444950558745633, -0.01570072274251403666, 0.04574849449714007282 ) ) ;
#2576 = VECTOR ( 'NONE', #672, 39.37007874015748143 ) ;
#2577 = VERTEX_POINT ( 'NONE', #2893 ) ;
#2578 = CARTESIAN_POINT ( 'NONE',  ( -0.03807614593415891563, 0.02198327310479069457, -0.09171430312190755052 ) ) ;
#2579 = CARTESIAN_POINT ( 'NONE',  ( 0.02538409728943930022, 0.04396654620958079934, -0.02475001740762183475 ) ) ;
#2580 = ADVANCED_FACE ( 'NONE', ( #2564 ), #3080, .F. ) ;
#2581 = CARTESIAN_POINT ( 'NONE',  ( 0.01812963300372498823, 0.03140144548502975946, -0.08669198169333612591 ) ) ;
#2582 = CONICAL_SURFACE ( 'NONE', #1161, 0.04300000000000249456, 0.9599310885968665996 ) ;
#2583 = DIRECTION ( 'NONE',  ( 0.000000000000000000, 0.000000000000000000, 1.000000000000000000 ) ) ;
#2584 = ORIENTED_EDGE ( 'NONE', *, *, #112, .T. ) ;
#2585 = CARTESIAN_POINT ( 'NONE',  ( -0.01812963300372496395, 0.03140144548502977334, -0.1015729340742885095 ) ) ;
#2586 = CARTESIAN_POINT ( 'NONE',  ( -0.01812963300372498129, -0.03140144548502862842, -0.008566981693336138057 ) ) ;
#2587 = ORIENTED_EDGE ( 'NONE', *, *, #622, .T. ) ;
#2588 = LINE ( 'NONE', #210, #765 ) ;
#2589 = CARTESIAN_POINT ( 'NONE',  ( -0.03807614593415892257, -0.02198327310478955313, -0.07199704121714566030 ) ) ;
#2590 = CARTESIAN_POINT ( 'NONE',  ( 0.000000000000000000, 0.03140144548502977334, 0.07327825640190196999 ) ) ;
#2591 = LINE ( 'NONE', #1044, #162 ) ;
#2592 = CARTESIAN_POINT ( 'NONE',  ( -0.03625926600744993483, 5.644945881947510718E-16, -0.02716817216952661235 ) ) ;
#2593 = CARTESIAN_POINT ( 'NONE',  ( 0.02719444950558744939, -0.01570072274251405747, 0.06955801830666384633 ) ) ;
#2594 = CARTESIAN_POINT ( 'NONE',  ( -0.02538409728943927246, 0.04396654620958081322, -0.07534525550285992024 ) ) ;
#2595 = CARTESIAN_POINT ( 'NONE',  ( 0.000000000000000000, -5.170700926295986467E-15, 0.1179211135447589265 ) ) ;
#2596 = CARTESIAN_POINT ( 'NONE',  ( 0.03625926600744994177, 5.556136293836597276E-16, -0.1097574578838123038 ) ) ;
#2597 = ORIENTED_EDGE ( 'NONE', *, *, #2964, .T. ) ;
#2598 = CARTESIAN_POINT ( 'NONE',  ( -3.845567970184112305E-18, -0.03140144548502864230, -0.07627531502666945462 ) ) ;
#2599 = CARTESIAN_POINT ( 'NONE',  ( 0.02719444950558747021, 0.01570072274251513994, 0.03458778021142575737 ) ) ;
#2600 = EDGE_LOOP ( 'NONE', ( #1891, #2999, #340, #2253 ) ) ;
#2601 = CARTESIAN_POINT ( 'NONE',  ( -0.03723909236273154066, -0.02149999999999982134, 0.08815920878285510298 ) ) ;
#2602 = CARTESIAN_POINT ( 'NONE',  ( 0.02538409728943930022, 0.04396654620958079934, -0.06158037455047898900 ) ) ;
#2604 = EDGE_CURVE ( 'NONE', #2474, #2577, #2676, .T. ) ;
#2603 = ORIENTED_EDGE ( 'NONE', *, *, #1119, .F. ) ;
#2605 = CARTESIAN_POINT ( 'NONE',  ( -0.02719444950558745633, -0.01570072274251403666, 0.09708778021142577819 ) ) ;
#2606 = DIRECTION ( 'NONE',  ( 8.659560562355085700E-17, 0.7071067811865527908, 0.7071067811865421326 ) ) ;
#2607 = CARTESIAN_POINT ( 'NONE',  ( 0.000000000000000000, 0.04300000000000150230, -0.07627531502667034280 ) ) ;
#2608 = CARTESIAN_POINT ( 'NONE',  ( -3.845567970184112305E-18, -0.03140144548502864230, 0.04872468497333051762 ) ) ;
#2609 = CARTESIAN_POINT ( 'NONE',  ( -3.845567970184112305E-18, -0.03140144548502864230, 0.01301039925904481920 ) ) ;
#2610 = CARTESIAN_POINT ( 'NONE',  ( 0.03807614593415890869, -0.02198327310478958435, 0.04221426830666387409 ) ) ;
#2611 = CARTESIAN_POINT ( 'NONE',  ( 0.000000000000000000, -1.453607026109205299E-16, -0.1179211135447590930 ) ) ;
#2612 = ORIENTED_EDGE ( 'NONE', *, *, #2323, .F. ) ;
#2613 = CARTESIAN_POINT ( 'NONE',  ( 0.02719444950558744939, -0.01570072274251405747, 0.06955801830666384633 ) ) ;
#2614 = CARTESIAN_POINT ( 'NONE',  ( 0.01812963300372498823, 0.03140144548502975946, -0.01749555312190755746 ) ) ;
#2615 = ADVANCED_FACE ( 'NONE', ( #454 ), #2729, .T. ) ;
#2616 = CARTESIAN_POINT ( 'NONE',  ( 0.000000000000000000, 0.03140144548502977334, 0.1112246849733305315 ) ) ;
#2617 = VERTEX_POINT ( 'NONE', #2863 ) ;
#2618 = CARTESIAN_POINT ( 'NONE',  ( 0.000000000000000000, -0.04300000000000148842, -0.1179211135447595232 ) ) ;
#2619 = CARTESIAN_POINT ( 'NONE',  ( -5.384349008512664934E-18, -0.04396654620957968912, 0.02026486354475909996 ) ) ;
#2620 = LINE ( 'NONE', #275, #538 ) ;
#2621 = CARTESIAN_POINT ( 'NONE',  ( 0.02719444950558747021, 0.01570072274251513994, 0.1060163516399972028 ) ) ;
#2622 = DIRECTION ( 'NONE',  ( 0.000000000000000000, -1.000000000000000000, -1.014479749797830643E-14 ) ) ;
#2623 = AXIS2_PLACEMENT_3D ( 'NONE', #2374, #13, #1064 ) ;
#2624 = DIRECTION ( 'NONE',  ( 0.8660254037844388186, 0.4999999999999997224, 0.000000000000000000 ) ) ;
#2625 = CARTESIAN_POINT ( 'NONE',  ( -0.01812963300372498129, -0.03140144548502862842, 0.02937944687809241825 ) ) ;
#2626 = ORIENTED_EDGE ( 'NONE', *, *, #1261, .T. ) ;
#2627 = CARTESIAN_POINT ( 'NONE',  ( 0.000000000000000000, 0.04396654620958081322, 0.04816664925904480532 ) ) ;
#2628 = AXIS2_PLACEMENT_3D ( 'NONE', #891, #3039, #3059 ) ;
#2629 = CARTESIAN_POINT ( 'NONE',  ( -5.265981236333714212E-18, -0.04300000000000021166, 0.1089925421161884317 ) ) ;
#2630 = LINE ( 'NONE', #1143, #2189 ) ;
#2631 = CARTESIAN_POINT ( 'NONE',  ( -0.01812963300372498129, -0.03140144548502862842, -0.07999555312190755052 ) ) ;
#2632 = AXIS2_PLACEMENT_3D ( 'NONE', #1171, #2207, #1956 ) ;
#2633 = CARTESIAN_POINT ( 'NONE',  ( -0.01812963300372496395, 0.03140144548502977334, -0.01228721978857423396 ) ) ;
#2634 = CARTESIAN_POINT ( 'NONE',  ( 0.02719444950558744939, -0.01570072274251405747, -0.02195983883619326976 ) ) ;
#2635 = CARTESIAN_POINT ( 'NONE',  ( -0.01812963300372498129, -0.03140144548502862842, -0.04428126740762184516 ) ) ;
#2636 = EDGE_CURVE ( 'NONE', #2859, #1672, #2620, .T. ) ;
#2637 = CARTESIAN_POINT ( 'NONE',  ( 0.000000000000000000, 0.04300000000000150230, 0.1022961135447582326 ) ) ;
#2638 = CARTESIAN_POINT ( 'NONE',  ( -0.03807614593415891563, 0.02198327310479069457, 0.05002676830666386715 ) ) ;
#2639 = ORIENTED_EDGE ( 'NONE', *, *, #2350, .T. ) ;
#2640 = FACE_OUTER_BOUND ( 'NONE', #1370, .T. ) ;
#2641 = CARTESIAN_POINT ( 'NONE',  ( -0.03625926600744993483, 5.644945881947510718E-16, -0.1365431721695266054 ) ) ;
#2642 = CARTESIAN_POINT ( 'NONE',  ( -5.265981236333733472E-18, -0.04300000000000036432, -0.03163245788381320589 ) ) ;
#2643 = CARTESIAN_POINT ( 'NONE',  ( -0.03625926600744993483, 5.644945881947510718E-16, 0.04426039925904480532 ) ) ;
#2644 = ORIENTED_EDGE ( 'NONE', *, *, #859, .F. ) ;
#2645 = EDGE_CURVE ( 'NONE', #1963, #1294, #2850, .T. ) ;
#2646 = CARTESIAN_POINT ( 'NONE',  ( -0.01812963300372498129, -0.03140144548502862842, 0.1164330183066638741 ) ) ;
#2647 = CARTESIAN_POINT ( 'NONE',  ( 0.02719444950558747021, 0.01570072274251513994, -0.05469793407428850257 ) ) ;
#2648 = ORIENTED_EDGE ( 'NONE', *, *, #235, .F. ) ;
#2649 = CARTESIAN_POINT ( 'NONE',  ( 0.02719444950558747021, 0.01570072274251513994, -0.01675150550285994452 ) ) ;
#2650 = CARTESIAN_POINT ( 'NONE',  ( 0.02719444950558744939, -0.01570072274251405747, 0.08518301830666387409 ) ) ;
#2651 = CARTESIAN_POINT ( 'NONE',  ( 0.01812963300372498823, 0.03140144548502975946, 0.09187944687809243560 ) ) ;
#2652 =( BOUNDED_CURVE ( )  B_SPLINE_CURVE ( 2, ( #1398, #757, #82, #499, #1612, #3236, #2642 ),
 .UNSPECIFIED., .F., .F. ) 
 B_SPLINE_CURVE_WITH_KNOTS ( ( 3, 2, 2, 3 ),
 ( 0.4000000000000001332, 0.4111111111111111494, 0.4222222222222222765, 0.4333333333333333481 ),
 .UNSPECIFIED. ) 
 CURVE ( )  GEOMETRIC_REPRESENTATION_ITEM ( )  RATIONAL_B_SPLINE_CURVE ( ( 0.9999999999999986677, 0.8660254037844400399, 1.000000000000000000, 0.8660254037844387076, 1.000000000000000000, 0.8660254037844387076, 1.000000000000000000 ) ) 
 REPRESENTATION_ITEM ( '' )  );
#2653 = ORIENTED_EDGE ( 'NONE', *, *, #748, .F. ) ;
#2654 = CARTESIAN_POINT ( 'NONE',  ( -0.03723909236273166556, 0.02150000000000103911, 0.06955801830666299979 ) ) ;
#2655 = CARTESIAN_POINT ( 'NONE',  ( 0.03807614593415890869, -0.02198327310478958435, -0.01247323169333613459 ) ) ;
#2656 = EDGE_LOOP ( 'NONE', ( #1716, #476, #1015, #1475 ) ) ;
#2657 = CARTESIAN_POINT ( 'NONE',  ( 0.03500000000000000333, -1.579349621337152204E-16, 0.09604611354475892093 ) ) ;
#2658 = CYLINDRICAL_SURFACE ( 'NONE', #2853, 0.04300000000000134270 ) ;
#2659 = CARTESIAN_POINT ( 'NONE',  ( 0.008750000000000240225, -0.01515544456622769376, 0.09604611354475892093 ) ) ;
#2660 = FACE_OUTER_BOUND ( 'NONE', #1575, .T. ) ;
#2661 = CARTESIAN_POINT ( 'NONE',  ( 0.03625926600744993483, 5.556136293836598262E-16, 0.07104611354475910689 ) ) ;
#2662 = EDGE_CURVE ( 'NONE', #1539, #675, #2092, .T. ) ;
#2663 = CARTESIAN_POINT ( 'NONE',  ( 0.03807614593415893645, 0.02198327310479065988, 0.08090474449714007976 ) ) ;
#2664 = CARTESIAN_POINT ( 'NONE',  ( 0.000000000000000000, 0.03140144548502977334, -0.1052931721695265915 ) ) ;
#2665 = ORIENTED_EDGE ( 'NONE', *, *, #3342, .T. ) ;
#2666 = CARTESIAN_POINT ( 'NONE',  ( 0.03625926600744993483, 5.556136293836598262E-16, 0.08667111354475909302 ) ) ;
#2667 = CARTESIAN_POINT ( 'NONE',  ( 0.03807614593415893645, 0.02198327310479065988, -0.1333809697885742218 ) ) ;
#2668 = FACE_OUTER_BOUND ( 'NONE', #78, .T. ) ;
#2669 = EDGE_CURVE ( 'NONE', #3370, #1157, #3164, .T. ) ;
#2670 = CARTESIAN_POINT ( 'NONE',  ( 0.01812963300372498823, 0.03140144548502975946, 0.03830801830666388103 ) ) ;
#2671 = CARTESIAN_POINT ( 'NONE',  ( 0.02719444950558747021, 0.01570072274251513994, 0.07030206592571147661 ) ) ;
#2672 = ORIENTED_EDGE ( 'NONE', *, *, #2645, .F. ) ;
#2673 = CARTESIAN_POINT ( 'NONE',  ( -0.02482606157515441017, -0.04300000000000015615, 0.08964730402095037742 ) ) ;
#2674 = CARTESIAN_POINT ( 'NONE',  ( 0.02538409728943930022, 0.04396654620958079934, 0.02770533973523527788 ) ) ;
#2675 = ORIENTED_EDGE ( 'NONE', *, *, #383, .F. ) ;
#2676 =( BOUNDED_CURVE ( )  B_SPLINE_CURVE ( 2, ( #2858, #950, #2007, #306, #267, #2446, #1965 ),
 .UNSPECIFIED., .F., .T. ) 
 B_SPLINE_CURVE_WITH_KNOTS ( ( 3, 2, 2, 3 ),
 ( 0.3999999999999999112, 0.4111111111111110383, 0.4222222222222222765, 0.4333333333333334036 ),
 .UNSPECIFIED. ) 
 CURVE ( )  GEOMETRIC_REPRESENTATION_ITEM ( )  RATIONAL_B_SPLINE_CURVE ( ( 1.000000000000001332, 0.8660254037844373753, 1.000000000000000000, 0.8660254037844387076, 1.000000000000000000, 0.8660254037844380415, 1.000000000000000666 ) ) 
 REPRESENTATION_ITEM ( '' )  );
#2677 = CYLINDRICAL_SURFACE ( 'NONE', #1981, 0.04300000000000134270 ) ;
#2678 = DIRECTION ( 'NONE',  ( -0.000000000000000000, -1.026720117140053010E-14, 1.000000000000000000 ) ) ;
#2679 = CARTESIAN_POINT ( 'NONE',  ( 5.265981236333782775E-18, 0.04300000000000119699, -0.1179211135447586489 ) ) ;
#2680 = CARTESIAN_POINT ( 'NONE',  ( -3.845567970184112305E-18, -0.03140144548502864230, 0.03086754211618767882 ) ) ;
#2681 = ORIENTED_EDGE ( 'NONE', *, *, #2199, .F. ) ;
#2682 = CARTESIAN_POINT ( 'NONE',  ( 0.000000000000000000, 0.04396654620958081322, -0.05897620788381231771 ) ) ;
#2683 = EDGE_CURVE ( 'NONE', #2986, #2859, #3019, .T. ) ;
#2684 = CARTESIAN_POINT ( 'NONE',  ( 0.01016939998219466672, 0.04178017836249792172, -0.1126413774259342054 ) ) ;
#2685 = ADVANCED_FACE ( 'NONE', ( #533 ), #1871, .T. ) ;
#2686 = CARTESIAN_POINT ( 'NONE',  ( -0.01812963300372496395, 0.03140144548502977334, 0.04128420878285433276 ) ) ;
#2687 = VECTOR ( 'NONE', #1428, 39.37007874015748143 ) ;
#2688 = CARTESIAN_POINT ( 'NONE',  ( 0.02719444950558744939, -0.01570072274251405747, 0.06732587544952099712 ) ) ;
#2689 = CARTESIAN_POINT ( 'NONE',  ( -0.02719444950558745633, -0.01570072274251403666, 0.1171770659257114766 ) ) ;
#2690 = AXIS2_PLACEMENT_3D ( 'NONE', #1948, #2042, #2384 ) ;
#2691 = CARTESIAN_POINT ( 'NONE',  ( 0.000000000000000000, 0.04396654620958081322, 0.01245236354475912251 ) ) ;
#2692 = CARTESIAN_POINT ( 'NONE',  ( -0.02538409728943929328, -0.04396654620957967524, 0.01877676830666385674 ) ) ;
#2693 = ORIENTED_EDGE ( 'NONE', *, *, #478, .T. ) ;
#2694 = CARTESIAN_POINT ( 'NONE',  ( -0.03723909236273154066, -0.02149999999999982134, 0.1060163516399979799 ) ) ;
#2695 = CARTESIAN_POINT ( 'NONE',  ( -5.265981236333733472E-18, -0.04300000000000036432, -0.08520388645524175353 ) ) ;
#2696 = DIRECTION ( 'NONE',  ( -0.000000000000000000, -1.026720117140053010E-14, 1.000000000000000000 ) ) ;
#2697 = CARTESIAN_POINT ( 'NONE',  ( -0.02719444950558745633, 0.01570072274251516770, 0.09634373259237814791 ) ) ;
#2698 = CARTESIAN_POINT ( 'NONE',  ( -3.845567970184112305E-18, -0.03140144548502864230, -0.07850745788381231771 ) ) ;
#2699 = ORIENTED_EDGE ( 'NONE', *, *, #155, .T. ) ;
#2700 = DIRECTION ( 'NONE',  ( -0.000000000000000000, -0.000000000000000000, 1.000000000000000000 ) ) ;
#2701 = CARTESIAN_POINT ( 'NONE',  ( 0.02719444950558747021, 0.01570072274251513994, -0.1238943626457170849 ) ) ;
#2702 = CARTESIAN_POINT ( 'NONE',  ( -0.01812963300372498129, -0.03140144548502862842, 0.02714730402094956904 ) ) ;
#2703 = DIRECTION ( 'NONE',  ( 0.000000000000000000, -1.000000000000000000, -1.032384416210299843E-14 ) ) ;
#2704 = ORIENTED_EDGE ( 'NONE', *, *, #999, .F. ) ;
#2705 = CARTESIAN_POINT ( 'NONE',  ( -0.02719444950558745633, 0.01570072274251516770, -0.1357991245504789890 ) ) ;
#2706 = VERTEX_POINT ( 'NONE', #1911 ) ;
#2707 = CARTESIAN_POINT ( 'NONE',  ( 0.01750000000001306413, -0.01010362971081106911, 0.1179211135447589265 ) ) ;
#2708 = CARTESIAN_POINT ( 'NONE',  ( 0.02482606157515444834, 0.04300000000000119699, 0.09857587544952178815 ) ) ;
#2709 = LINE ( 'NONE', #25, #760 ) ;
#2710 = ADVANCED_FACE ( 'NONE', ( #868 ), #1684, .T. ) ;
#2711 = CARTESIAN_POINT ( 'NONE',  ( -5.265981236333733472E-18, -0.04300000000000036432, 0.02193897068761537297 ) ) ;
#2712 = CARTESIAN_POINT ( 'NONE',  ( -0.01812963300372496395, 0.03140144548502977334, -0.06809079121714566030 ) ) ;
#2713 = CARTESIAN_POINT ( 'NONE',  ( -0.01812963300372496395, 0.03140144548502977334, -0.08594793407428850951 ) ) ;
#2714 = ORIENTED_EDGE ( 'NONE', *, *, #2683, .T. ) ;
#2715 = CARTESIAN_POINT ( 'NONE',  ( 0.03807614593415890869, -0.02198327310478958435, -0.06492858883619326282 ) ) ;
#2716 = CARTESIAN_POINT ( 'NONE',  ( 0.000000000000000000, 0.04300000000000150230, 0.08443897068761536950 ) ) ;
#2717 = CARTESIAN_POINT ( 'NONE',  ( -0.03625926600744994177, 5.644945881947510718E-16, -0.09859674359809803001 ) ) ;
#2718 = CARTESIAN_POINT ( 'NONE',  ( 0.01812963300372498823, 0.03140144548502975946, 0.03607587544952102487 ) ) ;
#2719 = CARTESIAN_POINT ( 'NONE',  ( -0.03723909236273154066, -0.02149999999999982134, 0.01673063735428369572 ) ) ;
#2720 = CARTESIAN_POINT ( 'NONE',  ( -0.03807614593415891563, 0.02198327310479069457, 0.08574105402094958639 ) ) ;
#2721 = CARTESIAN_POINT ( 'NONE',  ( 0.000000000000000000, 0.04300000000000150230, -0.05841817216952748665 ) ) ;
#2722 = VERTEX_POINT ( 'NONE', #2420 ) ;
#2723 = CARTESIAN_POINT ( 'NONE',  ( -0.01750000000000000860, 0.01010362971081831505, 0.09604611354475892093 ) ) ;
#2724 = CARTESIAN_POINT ( 'NONE',  ( 0.01812963300372496048, -0.03140144548502864924, 0.1037842087828543536 ) ) ;
#2725 = CARTESIAN_POINT ( 'NONE',  ( 0.02719444950558744939, -0.01570072274251405747, -0.02195983883619326976 ) ) ;
#2726 = CARTESIAN_POINT ( 'NONE',  ( -0.01812963300372496395, 0.03140144548502977334, -0.05023364836000279721 ) ) ;
#2727 = ORIENTED_EDGE ( 'NONE', *, *, #2400, .F. ) ;
#2728 = CARTESIAN_POINT ( 'NONE',  ( 0.03807614593415893645, 0.02198327310479065988, 0.06304760163999720279 ) ) ;
#2729 = CYLINDRICAL_SURFACE ( 'NONE', #1604, 0.04300000000000134270 ) ;
#2730 = CARTESIAN_POINT ( 'NONE',  ( -0.02719444950558745633, 0.01570072274251516770, 0.07848658973523529869 ) ) ;
#2731 = CARTESIAN_POINT ( 'NONE',  ( 0.000000000000000000, -0.04300000000000148842, -0.1179211135447595232 ) ) ;
#2732 = VECTOR ( 'NONE', #158, 39.37007874015748143 ) ;
#2733 = CARTESIAN_POINT ( 'NONE',  ( -0.02482606157515427486, 0.04300000000000146760, 0.01226635163999797475 ) ) ;
#2734 = CARTESIAN_POINT ( 'NONE',  ( 0.01812963300372496048, -0.03140144548502864924, 0.06583778021142577819 ) ) ;
#2735 = CONICAL_SURFACE ( 'NONE', #2410, 0.01750000000000000167, 1.047197551196600074 ) ;
#2736 = CARTESIAN_POINT ( 'NONE',  ( 0.000000000000000000, 0.04396654620958081322, 0.08276486354475909302 ) ) ;
#2737 = CARTESIAN_POINT ( 'NONE',  ( -0.01812963300372498129, -0.03140144548502862842, -0.1134776959790504275 ) ) ;
#2738 = CARTESIAN_POINT ( 'NONE',  ( 0.005726862561250664098, 0.01690085378028669677, 0.1152063758007286359 ) ) ;
#2739 = AXIS2_PLACEMENT_3D ( 'NONE', #1589, #2367, #1532 ) ;
#2740 = EDGE_CURVE ( 'NONE', #3190, #2170, #1525, .T. ) ;
#2741 = CARTESIAN_POINT ( 'NONE',  ( 0.02482606157515432690, 0.04300000000000171740, -0.09562055312190841094 ) ) ;
#2742 = CARTESIAN_POINT ( 'NONE',  ( 0.000000000000000000, 0.04300000000000150230, 0.03086754211618679064 ) ) ;
#2743 = CARTESIAN_POINT ( 'NONE',  ( -0.02538409728943929328, -0.04396654620957967524, 0.09132141116380672330 ) ) ;
#2744 = CARTESIAN_POINT ( 'NONE',  ( 0.000000000000000000, 0.03140144548502977334, 0.01970682783047340153 ) ) ;
#2745 = ORIENTED_EDGE ( 'NONE', *, *, #1621, .F. ) ;
#2746 = CARTESIAN_POINT ( 'NONE',  ( 0.02719444950558747021, 0.01570072274251513994, 0.01673063735428291857 ) ) ;
#2747 = CARTESIAN_POINT ( 'NONE',  ( -5.384349008512664934E-18, -0.04396654620957968912, 0.1106666492590448192 ) ) ;
#2748 = CARTESIAN_POINT ( 'NONE',  ( 0.000000000000000000, 0.03828648739514820681, 0.1151997657735192304 ) ) ;
#2749 = CARTESIAN_POINT ( 'NONE',  ( 0.000000000000000000, -5.170700926295986467E-15, 0.1179211135447589265 ) ) ;
#2750 = EDGE_CURVE ( 'NONE', #2396, #841, #2187, .T. ) ;
#2751 = CARTESIAN_POINT ( 'NONE',  ( 0.01812963300372498823, 0.03140144548502975946, -0.1045491245504789890 ) ) ;
#2752 = CARTESIAN_POINT ( 'NONE',  ( 0.000000000000000000, 0.03140144548502977334, 0.1089925421161876823 ) ) ;
#2753 = CARTESIAN_POINT ( 'NONE',  ( 0.004126242552576843241, 0.03188213882337759264, -0.1237592386025564706 ) ) ;
#2754 = CARTESIAN_POINT ( 'NONE',  ( -0.05076819457887855186, 5.653830038414538087E-16, 0.1050862921161876545 ) ) ;
#2755 = CARTESIAN_POINT ( 'NONE',  ( -0.03625926600744993483, 5.644945881947510718E-16, -0.09859674359809803001 ) ) ;
#2756 = CARTESIAN_POINT ( 'NONE',  ( 0.01957612512610205219, -0.02828666337777428763, 0.1179211135447584824 ) ) ;
#2757 = ORIENTED_EDGE ( 'NONE', *, *, #1203, .F. ) ;
#2758 = EDGE_LOOP ( 'NONE', ( #1586, #963 ) ) ;
#2759 = CARTESIAN_POINT ( 'NONE',  ( 0.02482606157515444834, 0.04300000000000119699, 0.06286158973523607585 ) ) ;
#2760 = CARTESIAN_POINT ( 'NONE',  ( -0.03625926600744993483, 5.644945881947510718E-16, -0.1008288864552408792 ) ) ;
#2761 = CARTESIAN_POINT ( 'NONE',  ( 0.000000000000000000, 0.03140144548502977334, -0.03386460074095517386 ) ) ;
#2762 = VERTEX_POINT ( 'NONE', #2707 ) ;
#2763 = CARTESIAN_POINT ( 'NONE',  ( 0.03807614593415890869, -0.02198327310478958435, 0.1136428397352353126 ) ) ;
#2764 = CARTESIAN_POINT ( 'NONE',  ( -5.265981236333714212E-18, -0.04300000000000021166, -0.05172174359809723898 ) ) ;
#2765 = CARTESIAN_POINT ( 'NONE',  ( -0.03492148423962125603, -0.006850008647469911331, -0.1203509387304311090 ) ) ;
#2766 = CARTESIAN_POINT ( 'NONE',  ( 0.05076819457887855186, 5.529483824435511225E-16, 0.007988077830473411939 ) ) ;
#2767 = CARTESIAN_POINT ( 'NONE',  ( 0.000000000000000000, 0.03140144548502977334, -0.01377531502666946156 ) ) ;
#2768 = VERTEX_POINT ( 'NONE', #1408 ) ;
#2769 = CARTESIAN_POINT ( 'NONE',  ( -0.05076819457887855186, 5.653830038414538087E-16, 0.08722914925904480532 ) ) ;
#2770 = LINE ( 'NONE', #2241, #320 ) ;
#2771 = CARTESIAN_POINT ( 'NONE',  ( 0.01749999999999999126, -0.01010362971081860822, 0.09604611354475892093 ) ) ;
#2772 = EDGE_LOOP ( 'NONE', ( #1858, #2945, #2799 ) ) ;
#2773 = CARTESIAN_POINT ( 'NONE',  ( 0.03807614593415890869, -0.02198327310478958435, 0.02435712544952102834 ) ) ;
#2774 = ORIENTED_EDGE ( 'NONE', *, *, #559, .F. ) ;
#2775 = CARTESIAN_POINT ( 'NONE',  ( -9.621934180939776260E-18, -0.02020725942163705338, 0.09604611354475892093 ) ) ;
#2776 = CARTESIAN_POINT ( 'NONE',  ( -0.01812963300372496395, 0.03140144548502977334, -0.08594793407428850951 ) ) ;
#2777 = CARTESIAN_POINT ( 'NONE',  ( 0.02719444950558747021, 0.01570072274251513994, -0.05469793407428850257 ) ) ;
#2778 = CARTESIAN_POINT ( 'NONE',  ( 0.01812963300372496048, -0.03140144548502864924, -0.02121579121714565683 ) ) ;
#2779 = CARTESIAN_POINT ( 'NONE',  ( 0.03723909236273168638, 0.02150000000000099748, -0.06139436264571795920 ) ) ;
#2780 =( BOUNDED_CURVE ( )  B_SPLINE_CURVE ( 2, ( #188, #911, #2256, #668, #2779, #1436, #1245 ),
 .UNSPECIFIED., .F., .F. ) 
 B_SPLINE_CURVE_WITH_KNOTS ( ( 3, 2, 2, 3 ),
 ( 0.3000000000000000444, 0.3111111111111111716, 0.3222222222222222432, 0.3333333333333333148 ),
 .UNSPECIFIED. ) 
 CURVE ( )  GEOMETRIC_REPRESENTATION_ITEM ( )  RATIONAL_B_SPLINE_CURVE ( ( 0.9999999999999993339, 0.8660254037844393737, 1.000000000000000000, 0.8660254037844387076, 1.000000000000000000, 0.8660254037844387076, 1.000000000000000000 ) ) 
 REPRESENTATION_ITEM ( '' )  );
#2781 = CARTESIAN_POINT ( 'NONE',  ( 0.01812963300372496048, -0.03140144548502864924, -0.03907293407428851645 ) ) ;
#2782 = CARTESIAN_POINT ( 'NONE',  ( -0.02719444950558745633, 0.01570072274251516770, 0.1119687325923781340 ) ) ;
#2783 = CARTESIAN_POINT ( 'NONE',  ( 0.03500000000000000333, -1.579349621337152204E-16, 0.09604611354475892093 ) ) ;
#2784 = CARTESIAN_POINT ( 'NONE',  ( 0.01812963300372496048, -0.03140144548502864924, -0.09264436264571707103 ) ) ;
#2785 = VERTEX_POINT ( 'NONE', #589 ) ;
#2786 = DIRECTION ( 'NONE',  ( 0.5000000000000001110, 0.8660254037844385966, 0.000000000000000000 ) ) ;
#2787 = CARTESIAN_POINT ( 'NONE',  ( 0.03807614593415893645, 0.02198327310479065988, -0.09878275550285994799 ) ) ;
#2788 = CARTESIAN_POINT ( 'NONE',  ( 0.02482606157515446568, 0.04300000000000147454, -0.07776341026476557561 ) ) ;
#2789 = CARTESIAN_POINT ( 'NONE',  ( 0.01812963300372496048, -0.03140144548502864924, -0.1305907912171456464 ) ) ;
#2790 = CARTESIAN_POINT ( 'NONE',  ( -0.01812963300372498129, -0.03140144548502863536, -0.008566981693336138057 ) ) ;
#2791 = ORIENTED_EDGE ( 'NONE', *, *, #846, .F. ) ;
#2792 = CARTESIAN_POINT ( 'NONE',  ( -0.02482606157515458711, 0.04300000000000124556, 0.1037842087828534515 ) ) ;
#2793 = CARTESIAN_POINT ( 'NONE',  ( 0.000000000000000000, 0.03140144548502977334, -0.04948960074095518080 ) ) ;
#2794 = DIRECTION ( 'NONE',  ( 0.000000000000000000, 0.000000000000000000, 1.000000000000000000 ) ) ;
#2795 = CARTESIAN_POINT ( 'NONE',  ( -0.03807614593415891563, 0.02198327310479069457, -0.02028573169333612938 ) ) ;
#2796 = CARTESIAN_POINT ( 'NONE',  ( 0.000000000000000000, 0.03140144548502977334, -0.08520388645524089311 ) ) ;
#2797 = CARTESIAN_POINT ( 'NONE',  ( 0.000000000000000000, 0.04300000000000150230, -0.07627531502667034280 ) ) ;
#2798 = DIRECTION ( 'NONE',  ( -1.000000000000000000, 0.000000000000000000, -0.000000000000000000 ) ) ;
#2799 = ORIENTED_EDGE ( 'NONE', *, *, #1735, .T. ) ;
#2800 = CARTESIAN_POINT ( 'NONE',  ( 0.01812963300372498823, 0.03140144548502975946, -0.03312055312190755746 ) ) ;
#2801 = CARTESIAN_POINT ( 'NONE',  ( 0.03723909236273168638, 0.02150000000000099748, -0.04353721978857511693 ) ) ;
#2802 = CARTESIAN_POINT ( 'NONE',  ( 0.02719444950558744939, -0.01570072274251405747, -0.05767412455047898900 ) ) ;
#2803 =( NAMED_UNIT ( * ) SI_UNIT ( $, .STERADIAN. ) SOLID_ANGLE_UNIT ( ) );
#2804 =( BOUNDED_CURVE ( )  B_SPLINE_CURVE ( 2, ( #370, #3030, #962, #1438, #1197, #3070, #3012 ),
 .UNSPECIFIED., .F., .F. ) 
 B_SPLINE_CURVE_WITH_KNOTS ( ( 3, 2, 2, 3 ),
 ( 0.5333333333333333259, 0.5444444444444445086, 0.5555555555555556912, 0.5666666666666667629 ),
 .UNSPECIFIED. ) 
 CURVE ( )  GEOMETRIC_REPRESENTATION_ITEM ( )  RATIONAL_B_SPLINE_CURVE ( ( 1.000000000000000000, 0.8660254037844387076, 1.000000000000000000, 0.8660254037844387076, 1.000000000000000000, 0.8660254037844373753, 1.000000000000001332 ) ) 
 REPRESENTATION_ITEM ( '' )  );
#2805 = CARTESIAN_POINT ( 'NONE',  ( 0.01812963300372496048, -0.03140144548502864924, 0.03012349449714004854 ) ) ;
#2806 = ORIENTED_EDGE ( 'NONE', *, *, #3145, .F. ) ;
#2807 = CARTESIAN_POINT ( 'NONE',  ( -5.265981236333714212E-18, -0.04300000000000021166, -0.03386460074095439671 ) ) ;
#2808 = CARTESIAN_POINT ( 'NONE',  ( -0.02538409728943929328, -0.04396654620957967524, -0.07050894597905042749 ) ) ;
#2809 = ORIENTED_EDGE ( 'NONE', *, *, #2203, .T. ) ;
#2810 = CARTESIAN_POINT ( 'NONE',  ( 0.000000000000000000, 0.04300000000000150230, -0.004846743598098923397 ) ) ;
#2811 = CARTESIAN_POINT ( 'NONE',  ( 0.000000000000000000, 0.03140144548502977334, -0.1052931721695265915 ) ) ;
#2812 = ADVANCED_FACE ( 'NONE', ( #3216 ), #1492, .F. ) ;
#2813 = CARTESIAN_POINT ( 'NONE',  ( -0.01812963300372498129, -0.03140144548502863536, 0.04500444687809244254 ) ) ;
#2814 = CARTESIAN_POINT ( 'NONE',  ( 0.03625926600744993483, 5.556136293836598262E-16, -0.03832888645524088617 ) ) ;
#2815 = CARTESIAN_POINT ( 'NONE',  ( -0.02719444950558745633, -0.01570072274251403666, -0.06139436264571708490 ) ) ;
#2816 = CARTESIAN_POINT ( 'NONE',  ( -0.01812963300372498129, -0.03140144548502863536, 0.02937944687809241825 ) ) ;
#2817 = CARTESIAN_POINT ( 'NONE',  ( 0.03625926600744994177, 5.556136293836597276E-16, -0.0003824578838123293668 ) ) ;
#2818 = CARTESIAN_POINT ( 'NONE',  ( 0.02482606157515405629, -0.04300000000000071820, -0.06809079121714489702 ) ) ;
#2819 = ORIENTED_EDGE ( 'NONE', *, *, #2342, .F. ) ;
#2820 = CARTESIAN_POINT ( 'NONE',  ( -0.02719444950558745633, 0.01570072274251516770, -0.08222769597905041361 ) ) ;
#2821 = CARTESIAN_POINT ( 'NONE',  ( 0.03625926600744993483, 5.556136293836598262E-16, -0.02047174359809804389 ) ) ;
#2822 = CARTESIAN_POINT ( 'NONE',  ( 0.01812963300372496048, -0.03140144548502864924, -0.09264436264571707103 ) ) ;
#2823 = CARTESIAN_POINT ( 'NONE',  ( 0.01812963300372498823, 0.03140144548502975946, -0.05320983883619327670 ) ) ;
#2824 = CARTESIAN_POINT ( 'NONE',  ( -0.02482606157515439282, -0.04300000000000047534, -0.06883483883619413712 ) ) ;
#2825 = CARTESIAN_POINT ( 'NONE',  ( -0.03807614593415892257, -0.02198327310478955313, -0.03628275550285994799 ) ) ;
#2826 = ADVANCED_FACE ( 'NONE', ( #3264 ), #887, .F. ) ;
#2827 = CARTESIAN_POINT ( 'NONE',  ( -0.01812963300372498129, -0.03140144548502862842, -0.07999555312190755052 ) ) ;
#2828 = CARTESIAN_POINT ( 'NONE',  ( 0.02719444950558747021, 0.01570072274251513994, 0.05244492306856863434 ) ) ;
#2829 = CARTESIAN_POINT ( 'NONE',  ( -0.002750711445671760215, -0.01861913542801548610, 0.1163329895510443884 ) ) ;
#2830 = CARTESIAN_POINT ( 'NONE',  ( -0.01812963300372498129, -0.03140144548502863536, 0.06509373259237814791 ) ) ;
#2831 = ORIENTED_EDGE ( 'NONE', *, *, #598, .T. ) ;
#2832 = CARTESIAN_POINT ( 'NONE',  ( 0.02538409728943930022, 0.04396654620958079934, 0.04667855402094958639 ) ) ;
#2833 = CARTESIAN_POINT ( 'NONE',  ( -0.03625926600744994177, 5.644945881947510718E-16, -0.02716817216952661582 ) ) ;
#2834 = FACE_BOUND ( 'NONE', #1705, .T. ) ;
#2835 = DIRECTION ( 'NONE',  ( -0.000000000000000000, -0.000000000000000000, 1.000000000000000000 ) ) ;
#2836 = ORIENTED_EDGE ( 'NONE', *, *, #994, .F. ) ;
#2837 = CARTESIAN_POINT ( 'NONE',  ( -0.01812963300372496395, 0.03140144548502977334, -0.06585864836000279721 ) ) ;
#2838 = CARTESIAN_POINT ( 'NONE',  ( 0.000000000000000000, 0.03140144548502977334, -0.03386460074095517386 ) ) ;
#2839 = CARTESIAN_POINT ( 'NONE',  ( 0.000000000000000000, -5.170700926295986467E-15, 0.1179211135447589265 ) ) ;
#2840 = VERTEX_POINT ( 'NONE', #1353 ) ;
#2841 = CARTESIAN_POINT ( 'NONE',  ( 0.01177313743876028454, -0.01341003535216233299, 0.1152063758007220717 ) ) ;
#2842 = CARTESIAN_POINT ( 'NONE',  ( 0.000000000000000000, 0.04396654620958081322, -0.06009227931238375620 ) ) ;
#2843 = EDGE_CURVE ( 'NONE', #3396, #2280, #1648, .T. ) ;
#2844 = AXIS2_PLACEMENT_3D ( 'NONE', #1860, #3398, #1598 ) ;
#2845 = CARTESIAN_POINT ( 'NONE',  ( -0.03625926600744994177, 5.644945881947510718E-16, 0.04202825640190195611 ) ) ;
#2846 = VECTOR ( 'NONE', #681, 39.37007874015748143 ) ;
#2847 = CARTESIAN_POINT ( 'NONE',  ( -0.01812963300372496395, 0.03140144548502977334, -0.04800150550285994105 ) ) ;
#2848 = B_SPLINE_CURVE_WITH_KNOTS ( 'NONE', 3,
 ( #385, #2521, #174, #1469, #1455, #2233, #960, #2765, #1950, #1232, #121, #2274, #2015, #3067 ),
 .UNSPECIFIED., .F., .F.,
 ( 4, 2, 2, 2, 2, 2, 4 ),
 ( 0.0003132417993159456447, 0.0006611926115514248515, 0.001009143423786904113, 0.001705045048257862418, 0.002052995860493341679, 0.002400946672728820723, 0.003096848297199779679 ),
 .UNSPECIFIED. ) ;
#2849 = CARTESIAN_POINT ( 'NONE',  ( -3.845567970184112305E-18, -0.03140144548502864230, 0.03086754211618767882 ) ) ;
#2850 = CIRCLE ( 'NONE', #2084, 0.04300000000000019779 ) ;
#2851 = ORIENTED_EDGE ( 'NONE', *, *, #3193, .F. ) ;
#2852 = CYLINDRICAL_SURFACE ( 'NONE', #973, 0.04300000000000134270 ) ;
#2853 = AXIS2_PLACEMENT_3D ( 'NONE', #2962, #2946, #605 ) ;
#2854 = CARTESIAN_POINT ( 'NONE',  ( -0.03723909236273167944, -0.02149999999999989420, 0.001105637354282029304 ) ) ;
#2855 = CARTESIAN_POINT ( 'NONE',  ( 0.02719444950558747021, 0.01570072274251513994, -0.1082693626457170849 ) ) ;
#2856 = EDGE_CURVE ( 'NONE', #2324, #113, #1874, .T. ) ;
#2857 = CARTESIAN_POINT ( 'NONE',  ( -3.845567970184112305E-18, -0.03140144548502864230, -0.09413245788381231771 ) ) ;
#2858 = CARTESIAN_POINT ( 'NONE',  ( 0.000000000000000000, 0.04300000000000134270, 0.02863539925904561717 ) ) ;
#2859 = VERTEX_POINT ( 'NONE', #1218 ) ;
#2860 = CARTESIAN_POINT ( 'NONE',  ( -0.03723909236273167944, -0.02149999999999989420, -0.1060372197885750961 ) ) ;
#2861 = CARTESIAN_POINT ( 'NONE',  ( -0.03807614593415891563, 0.02198327310479069457, -0.03925894597905041361 ) ) ;
#2862 = ORIENTED_EDGE ( 'NONE', *, *, #2557, .T. ) ;
#2863 = CARTESIAN_POINT ( 'NONE',  ( -5.265981236333714212E-18, -0.04300000000000021166, -0.01600745788381154056 ) ) ;
#2864 = CARTESIAN_POINT ( 'NONE',  ( 0.01812963300372496048, -0.03140144548502864924, 0.1015520659257114905 ) ) ;
#2865 = FACE_OUTER_BOUND ( 'NONE', #2247, .T. ) ;
#2866 = CARTESIAN_POINT ( 'NONE',  ( -9.621934180939776260E-18, -0.02020725942163705338, 0.09604611354475892093 ) ) ;
#2867 = CARTESIAN_POINT ( 'NONE',  ( 0.02719444950558747021, 0.01570072274251513994, 0.03681992306856861352 ) ) ;
#2868 = CARTESIAN_POINT ( 'NONE',  ( -0.01812963300372496395, 0.03140144548502977334, 0.005569923068568623063 ) ) ;
#2869 = VERTEX_POINT ( 'NONE', #2499 ) ;
#2870 = LINE ( 'NONE', #1578, #2958 ) ;
#2871 = ORIENTED_EDGE ( 'NONE', *, *, #2669, .T. ) ;
#2872 = CARTESIAN_POINT ( 'NONE',  ( -0.02719444950558745633, -0.01570072274251403666, 0.06360563735428291510 ) ) ;
#2873 = CARTESIAN_POINT ( 'NONE',  ( -0.02719444950558745633, 0.01570072274251516770, -0.03088841026476470825 ) ) ;
#2874 = CARTESIAN_POINT ( 'NONE',  ( -0.01812963300372496395, 0.03140144548502977334, 0.09485563735428290122 ) ) ;
#2875 = ORIENTED_EDGE ( 'NONE', *, *, #1887, .F. ) ;
#2876 = CARTESIAN_POINT ( 'NONE',  ( -0.03723909236273153373, 0.02150000000000095585, 0.06732587544952178815 ) ) ;
#2877 = CARTESIAN_POINT ( 'NONE',  ( 0.03807614593415893645, 0.02198327310479065988, -0.009497041217145667236 ) ) ;
#2878 = CARTESIAN_POINT ( 'NONE',  ( 0.02482606157515441364, -0.04300000000000010064, 0.03905206592571227459 ) ) ;
#2879 = CARTESIAN_POINT ( 'NONE',  ( 0.000000000000000000, 0.03140144548502977334, 0.05542111354475908608 ) ) ;
#2880 = CYLINDRICAL_SURFACE ( 'NONE', #1726, 0.04300000000000134270 ) ;
#2881 = CARTESIAN_POINT ( 'NONE',  ( 0.03625926600744993483, 5.556136293836598262E-16, -0.0003824578838123293125 ) ) ;
#2882 = CARTESIAN_POINT ( 'NONE',  ( 0.01812963300372496048, -0.03140144548502864924, 0.05021278021142577819 ) ) ;
#2883 = CARTESIAN_POINT ( 'NONE',  ( 0.02719444950558747021, 0.01570072274251513994, 0.1060163516399972028 ) ) ;
#2884 = CYLINDRICAL_SURFACE ( 'NONE', #2413, 0.04300000000000134270 ) ;
#2885 = CARTESIAN_POINT ( 'NONE',  ( -5.265981236333733472E-18, -0.04300000000000036432, 0.004081827830472514219 ) ) ;
#2886 = CARTESIAN_POINT ( 'NONE',  ( -0.02719444950558745633, 0.01570072274251516770, 0.02491516116380670942 ) ) ;
#2887 = CARTESIAN_POINT ( 'NONE',  ( -0.01812963300372496395, 0.03140144548502977334, 0.003337780211425768646 ) ) ;
#2888 = CARTESIAN_POINT ( 'NONE',  ( -0.02200077180269487814, -0.02240573182547228939, 0.1179211135447586767 ) ) ;
#2889 = ORIENTED_EDGE ( 'NONE', *, *, #1366, .F. ) ;
#2890 = CARTESIAN_POINT ( 'NONE',  ( 0.000000000000000000, 0.04300000000000134270, 0.08220682783047418563 ) ) ;
#2891 = CARTESIAN_POINT ( 'NONE',  ( -0.02538409728943929328, -0.04396654620957967524, 0.03663391116380669554 ) ) ;
#2892 = CARTESIAN_POINT ( 'NONE',  ( 0.000000000000000000, 0.04300000000000134270, 0.02863539925904561717 ) ) ;
#2893 = CARTESIAN_POINT ( 'NONE',  ( -5.265981236333714212E-18, -0.04300000000000021166, 0.01970682783047417869 ) ) ;
#2894 = CARTESIAN_POINT ( 'NONE',  ( 0.000000000000000000, 0.04300000000000134270, -0.06065031502666867746 ) ) ;
#2895 = CARTESIAN_POINT ( 'NONE',  ( 0.000000000000000000, -1.453607026109205299E-16, -0.1179211135447590930 ) ) ;
#2896 = EDGE_CURVE ( 'NONE', #827, #2227, #2770, .T. ) ;
#2897 = CIRCLE ( 'NONE', #1772, 0.04300000000000249456 ) ;
#2898 = CARTESIAN_POINT ( 'NONE',  ( -0.02719444950558745633, 0.01570072274251516770, 0.04277230402094958639 ) ) ;
#2899 = CARTESIAN_POINT ( 'NONE',  ( -0.02538409728943927246, 0.04396654620958081322, 0.04965474449714006588 ) ) ;
#2900 = CONICAL_SURFACE ( 'NONE', #2628, 65.52281426576782053, 1.029744258676650315 ) ;
#2901 = DIRECTION ( 'NONE',  ( 1.000000000000000000, 0.000000000000000000, 0.000000000000000000 ) ) ;
#2902 = CARTESIAN_POINT ( 'NONE',  ( -0.02538409728943927246, 0.04396654620958081322, -0.1467738269314313726 ) ) ;
#2903 = DIRECTION ( 'NONE',  ( -0.000000000000000000, -1.026720117140053010E-14, 1.000000000000000000 ) ) ;
#2904 = AXIS2_PLACEMENT_3D ( 'NONE', #1744, #2340, #2357 ) ;
#2905 = ADVANCED_FACE ( 'NONE', ( #3315 ), #2542, .T. ) ;
#2906 = VERTEX_POINT ( 'NONE', #1473 ) ;
#2907 = CARTESIAN_POINT ( 'NONE',  ( -0.01812963300372496395, 0.03140144548502977334, 0.02342706592571148355 ) ) ;
#2908 = CARTESIAN_POINT ( 'NONE',  ( 0.02538409728943926552, -0.04396654620957970300, 0.05746724449714005895 ) ) ;
#2909 = VERTEX_POINT ( 'NONE', #192 ) ;
#2910 =( BOUNDED_CURVE ( )  B_SPLINE_CURVE ( 2, ( #41, #2708, #2930, #291, #858, #344, #276 ),
 .UNSPECIFIED., .F., .T. ) 
 B_SPLINE_CURVE_WITH_KNOTS ( ( 3, 2, 2, 3 ),
 ( 0.1333333333333333592, 0.1444444444444445419, 0.1555555555555555858, 0.1666666666666666574 ),
 .UNSPECIFIED. ) 
 CURVE ( )  GEOMETRIC_REPRESENTATION_ITEM ( )  RATIONAL_B_SPLINE_CURVE ( ( 0.9999999999999993339, 0.8660254037844393737, 1.000000000000000000, 0.8660254037844387076, 1.000000000000000000, 0.8660254037844383745, 1.000000000000000222 ) ) 
 REPRESENTATION_ITEM ( '' )  );
#2911 = CARTESIAN_POINT ( 'NONE',  ( 0.01749999999999999126, -0.01010362971081860822, 0.09604611354475892093 ) ) ;
#2912 = CARTESIAN_POINT ( 'NONE',  ( 0.01441648694363525246, 0.03705237471154373963, 0.1146329741221282089 ) ) ;
#2913 = CARTESIAN_POINT ( 'NONE',  ( 0.000000000000000000, 0.04300000000000150230, 0.01301039925904395010 ) ) ;
#2914 = CARTESIAN_POINT ( 'NONE',  ( 0.02719444950558744939, -0.01570072274251405747, 0.06955801830666384633 ) ) ;
#2915 = EDGE_CURVE ( 'NONE', #1749, #1843, #674, .T. ) ;
#2916 = CARTESIAN_POINT ( 'NONE',  ( -0.05076819457887855186, 5.653830038414538087E-16, 0.07048807783047339459 ) ) ;
#2917 = CARTESIAN_POINT ( 'NONE',  ( 0.000000000000000000, 4.095459211021323262E-16, 0.09604611354475892093 ) ) ;
#2918 = CARTESIAN_POINT ( 'NONE',  ( -0.02538409728943929328, -0.04396654620957967524, -0.05153573169333612591 ) ) ;
#2919 = DIRECTION ( 'NONE',  ( 0.000000000000000000, 0.000000000000000000, -1.000000000000000000 ) ) ;
#2920 = CARTESIAN_POINT ( 'NONE',  ( -0.01812963300372496395, 0.03140144548502977334, 0.1104806373542828873 ) ) ;
#2921 = DIRECTION ( 'NONE',  ( -0.000000000000000000, -1.026720117140053010E-14, 1.000000000000000000 ) ) ;
#2922 = CARTESIAN_POINT ( 'NONE',  ( 3.201384367575308459E-18, 0.02020725942163676195, 0.1179211135447591347 ) ) ;
#2923 = ORIENTED_EDGE ( 'NONE', *, *, #3299, .F. ) ;
#2924 = CARTESIAN_POINT ( 'NONE',  ( 0.02719444950558747021, 0.01570072274251513994, 0.03681992306856861352 ) ) ;
#2925 = CARTESIAN_POINT ( 'NONE',  ( -0.01812963300372498129, -0.03140144548502863536, 0.1008080183066638602 ) ) ;
#2926 = ORIENTED_EDGE ( 'NONE', *, *, #766, .T. ) ;
#2927 = CARTESIAN_POINT ( 'NONE',  ( -0.04965212315030870238, 5.653146641763230716E-16, 0.08667111354475988405 ) ) ;
#2928 = CARTESIAN_POINT ( 'NONE',  ( 0.03807614593415890869, -0.02198327310478958435, -0.03033037455047899247 ) ) ;
#2929 = ORIENTED_EDGE ( 'NONE', *, *, #2250, .T. ) ;
#2930 = CARTESIAN_POINT ( 'NONE',  ( 0.03723909236273155454, 0.02150000000000092809, 0.09708778021142658310 ) ) ;
#2931 = EDGE_CURVE ( 'NONE', #3284, #652, #1747, .T. ) ;
#2932 = EDGE_CURVE ( 'NONE', #1300, #895, #614, .T. ) ;
#2933 = DIRECTION ( 'NONE',  ( 1.000000000000000000, 0.000000000000000000, 0.000000000000000000 ) ) ;
#2934 = CARTESIAN_POINT ( 'NONE',  ( 0.000000000000000000, 0.03140144548502977334, -0.01377531502666946156 ) ) ;
#2935 = DIRECTION ( 'NONE',  ( -0.000000000000000000, -1.026720117140053010E-14, 1.000000000000000000 ) ) ;
#2936 = CARTESIAN_POINT ( 'NONE',  ( 0.02538409728943930022, 0.04396654620958079934, 0.06453569687809246336 ) ) ;
#2937 = CARTESIAN_POINT ( 'NONE',  ( -0.01750000000000000860, 0.01010362971081831505, 0.09604611354475892093 ) ) ;
#2938 = DIRECTION ( 'NONE',  ( 0.000000000000000000, -1.000000000000000000, -1.032384416210299843E-14 ) ) ;
#2939 = CARTESIAN_POINT ( 'NONE',  ( 0.03625926600744993483, 5.556136293836598262E-16, -0.01823960074095518774 ) ) ;
#2940 = CARTESIAN_POINT ( 'NONE',  ( -0.01812963300372498129, -0.03140144548502862842, 0.04500444687809243560 ) ) ;
#2941 = CARTESIAN_POINT ( 'NONE',  ( -0.02719444950558745633, -0.01570072274251403666, 0.09931992306856862740 ) ) ;
#2942 = VERTEX_POINT ( 'NONE', #715 ) ;
#2943 = CARTESIAN_POINT ( 'NONE',  ( 0.02538409728943926552, -0.04396654620957970300, 0.005011887354282927240 ) ) ;
#2944 = CARTESIAN_POINT ( 'NONE',  ( 0.000000000000000000, 0.04396654620958081322, 0.01133629211618766147 ) ) ;
#2945 = ORIENTED_EDGE ( 'NONE', *, *, #981, .T. ) ;
#2946 = DIRECTION ( 'NONE',  ( -0.000000000000000000, -1.026720117140053010E-14, 1.000000000000000000 ) ) ;
#2947 = CARTESIAN_POINT ( 'NONE',  ( 0.000000000000000000, -5.170700926295986467E-15, 0.1179211135447589265 ) ) ;
#2948 = EDGE_CURVE ( 'NONE', #2722, #3222, #2559, .T. ) ;
#2949 = CARTESIAN_POINT ( 'NONE',  ( 0.01191832934412326989, 0.02905175044974577653, -0.1242399319409042968 ) ) ;
#2950 = VERTEX_POINT ( 'NONE', #448 ) ;
#2951 = CARTESIAN_POINT ( 'NONE',  ( -0.01183772710997898180, -0.01337274448809735831, 0.1152214119087581201 ) ) ;
#2952 = AXIS2_PLACEMENT_3D ( 'NONE', #2917, #1344, #875 ) ;
#2953 = CARTESIAN_POINT ( 'NONE',  ( 0.03625926600744993483, 5.556136293836598262E-16, 0.08890325640190194223 ) ) ;
#2954 = AXIS2_PLACEMENT_3D ( 'NONE', #2176, #3218, #1356 ) ;
#2955 = CARTESIAN_POINT ( 'NONE',  ( 0.02719444950558747021, 0.01570072274251513994, 0.03458778021142575737 ) ) ;
#2956 = EDGE_CURVE ( 'NONE', #1680, #2179, #84, .T. ) ;
#2957 = CARTESIAN_POINT ( 'NONE',  ( -0.02482606157515446221, -0.04300000000000035738, -0.01526341026476558775 ) ) ;
#2958 = VECTOR ( 'NONE', #3154, 39.37007874015748143 ) ;
#2959 = CARTESIAN_POINT ( 'NONE',  ( -0.03807614593415891563, 0.02198327310479069457, 0.1035981968780924217 ) ) ;
#2960 = ORIENTED_EDGE ( 'NONE', *, *, #2070, .F. ) ;
#2961 = CARTESIAN_POINT ( 'NONE',  ( 0.02482606157515446568, 0.04300000000000147454, 0.04723658973523441745 ) ) ;
#2962 = CARTESIAN_POINT ( 'NONE',  ( 0.000000000000000000, -1.453607026109205299E-16, -0.1179211135447590930 ) ) ;
#2963 = DIRECTION ( 'NONE',  ( -0.8660254037844388186, -0.4999999999999996114, 0.000000000000000000 ) ) ;
#2964 = EDGE_CURVE ( 'NONE', #2545, #2484, #1290, .T. ) ;
#2965 = CARTESIAN_POINT ( 'NONE',  ( 0.01812963300372498823, 0.03140144548502975946, 0.09187944687809244948 ) ) ;
#2966 = CARTESIAN_POINT ( 'NONE',  ( -0.01812963300372496395, 0.03140144548502977334, -0.1038050769314313865 ) ) ;
#2967 = CARTESIAN_POINT ( 'NONE',  ( 0.01812963300372498823, 0.03140144548502975946, -0.08892412455047897513 ) ) ;
#2968 = ORIENTED_EDGE ( 'NONE', *, *, #2662, .F. ) ;
#2969 = CARTESIAN_POINT ( 'NONE',  ( -5.384349008512664934E-18, -0.04396654620957968912, 0.05709522068761626462 ) ) ;
#2970 = DIRECTION ( 'NONE',  ( -0.000000000000000000, -0.000000000000000000, 1.000000000000000000 ) ) ;
#2971 = CARTESIAN_POINT ( 'NONE',  ( 0.000000000000000000, 0.03439999999999999308, 0.1179211135447591347 ) ) ;
#2972 = FACE_OUTER_BOUND ( 'NONE', #602, .T. ) ;
#2973 = CARTESIAN_POINT ( 'NONE',  ( -0.02719444950558745633, 0.01570072274251516770, -0.1000848388361932767 ) ) ;
#2974 = SURFACE_STYLE_USAGE ( .BOTH. , #3031 ) ;
#2975 = ADVANCED_FACE ( 'NONE', ( #1100 ), #1856, .T. ) ;
#2976 = ORIENTED_EDGE ( 'NONE', *, *, #2182, .T. ) ;
#2977 = CARTESIAN_POINT ( 'NONE',  ( -0.03807614593415891563, 0.02198327310479069457, 0.06788391116380670942 ) ) ;
#2978 = VERTEX_POINT ( 'NONE', #1827 ) ;
#2979 = CARTESIAN_POINT ( 'NONE',  ( -0.02482606157515458711, 0.04300000000000124556, 0.08592706592571063007 ) ) ;
#2980 = CARTESIAN_POINT ( 'NONE',  ( 0.03723909236273165863, -0.02149999999999992889, 0.007058018306662982438 ) ) ;
#2981 = VERTEX_POINT ( 'NONE', #292 ) ;
#2982 = CARTESIAN_POINT ( 'NONE',  ( -0.03807614593415891563, 0.02198327310479069457, -0.1285446602647647152 ) ) ;
#2983 = DIRECTION ( 'NONE',  ( 0.000000000000000000, 0.8571673007021154422, -0.5150380749100488265 ) ) ;
#2984 = CARTESIAN_POINT ( 'NONE',  ( -0.01812963300372498129, -0.03140144548502863536, -0.02642412455047897860 ) ) ;
#2985 = CARTESIAN_POINT ( 'NONE',  ( 0.02719444950558744939, -0.01570072274251405747, -0.05767412455047898900 ) ) ;
#2986 = VERTEX_POINT ( 'NONE', #2659 ) ;
#2987 = CARTESIAN_POINT ( 'NONE',  ( 0.05076819457887855186, 5.529483824435511225E-16, 0.06155950640190196999 ) ) ;
#2988 = ORIENTED_EDGE ( 'NONE', *, *, #859, .T. ) ;
#2989 = CARTESIAN_POINT ( 'NONE',  ( -0.01750000000000000167, -0.01010362971083368644, 0.1179211135447589265 ) ) ;
#2990 = CARTESIAN_POINT ( 'NONE',  ( 0.000000000000000000, 0.03140144548502977334, -0.08520388645524089311 ) ) ;
#2991 = DIRECTION ( 'NONE',  ( 1.000000000000000000, 0.000000000000000000, 0.000000000000000000 ) ) ;
#2992 = CARTESIAN_POINT ( 'NONE',  ( 0.000000000000000000, 0.03140144548502977334, 0.07551039925904481920 ) ) ;
#2993 = CARTESIAN_POINT ( 'NONE',  ( -0.02719444950558745633, 0.01570072274251516770, 0.09411158973523528481 ) ) ;
#2994 = DIRECTION ( 'NONE',  ( -0.000000000000000000, -1.026720117140053010E-14, 1.000000000000000000 ) ) ;
#2995 = CARTESIAN_POINT ( 'NONE',  ( 0.02538409728943930022, 0.04396654620958079934, 0.1169910540209495586 ) ) ;
#2996 = CARTESIAN_POINT ( 'NONE',  ( -0.03807614593415892257, -0.02198327310478955313, -0.1065952555028599202 ) ) ;
#2997 = CARTESIAN_POINT ( 'NONE',  ( 0.02482606157515457670, -0.04300000000000012840, 0.05914135163999633543 ) ) ;
#2998 = CARTESIAN_POINT ( 'NONE',  ( -5.265981236333714212E-18, -0.04300000000000021166, 0.001849684973331320367 ) ) ;
#2999 = ORIENTED_EDGE ( 'NONE', *, *, #1131, .F. ) ;
#3000 = CARTESIAN_POINT ( 'NONE',  ( -0.05076819457887855186, 5.653830038414538087E-16, 0.03477379211618767535 ) ) ;
#3001 = ORIENTED_EDGE ( 'NONE', *, *, #294, .T. ) ;
#3002 = DIRECTION ( 'NONE',  ( 1.000000000000000000, 0.000000000000000000, 0.000000000000000000 ) ) ;
#3003 = FACE_OUTER_BOUND ( 'NONE', #1898, .T. ) ;
#3004 = CARTESIAN_POINT ( 'NONE',  ( 0.01812963300372496048, -0.03140144548502864924, 0.08592706592571146273 ) ) ;
#3005 = EDGE_CURVE ( 'NONE', #2324, #1407, #1875, .T. ) ;
#3006 = CARTESIAN_POINT ( 'NONE',  ( -3.845567970184112305E-18, -0.03140144548502864230, -0.04279317216952661235 ) ) ;
#3007 =( BOUNDED_CURVE ( )  B_SPLINE_CURVE ( 2, ( #1734, #2759, #1464, #1154, #1206, #1770, #2010 ),
 .UNSPECIFIED., .F., .F. ) 
 B_SPLINE_CURVE_WITH_KNOTS ( ( 3, 2, 2, 3 ),
 ( 0.2666666666666667740, 0.2777777777777778456, 0.2888888888888888618, 0.3000000000000000444 ),
 .UNSPECIFIED. ) 
 CURVE ( )  GEOMETRIC_REPRESENTATION_ITEM ( )  RATIONAL_B_SPLINE_CURVE ( ( 0.9999999999999993339, 0.8660254037844393737, 1.000000000000000000, 0.8660254037844387076, 1.000000000000000000, 0.8660254037844387076, 1.000000000000000000 ) ) 
 REPRESENTATION_ITEM ( '' )  );
#3008 = DIRECTION ( 'NONE',  ( -0.000000000000000000, -1.026720117140053010E-14, 1.000000000000000000 ) ) ;
#3009 = DIRECTION ( 'NONE',  ( -0.000000000000000000, -1.026720117140053010E-14, 1.000000000000000000 ) ) ;
#3010 = CARTESIAN_POINT ( 'NONE',  ( -0.03625926600744994177, 5.644945881947510718E-16, -0.1164538864552408931 ) ) ;
#3011 = ADVANCED_FACE ( 'NONE', ( #2865 ), #878, .T. ) ;
#3012 = CARTESIAN_POINT ( 'NONE',  ( -5.265981236333714212E-18, -0.04300000000000021166, -0.01600745788381154056 ) ) ;
#3013 = CIRCLE ( 'NONE', #2952, 0.01750000000000000167 ) ;
#3014 = DIRECTION ( 'NONE',  ( -0.000000000000000000, -1.026720117140053010E-14, 1.000000000000000000 ) ) ;
#3015 = CARTESIAN_POINT ( 'NONE',  ( -0.03807614593415892257, -0.02198327310478955313, 0.1065743873542829151 ) ) ;
#3016 = CARTESIAN_POINT ( 'NONE',  ( 0.03723909236273155454, 0.02150000000000092809, -0.04576936264571628693 ) ) ;
#3017 = CARTESIAN_POINT ( 'NONE',  ( -0.03625926600744993483, 5.644945881947510718E-16, -0.04725745788381231771 ) ) ;
#3018 = CARTESIAN_POINT ( 'NONE',  ( -0.04965212315030870238, 5.653146641763230716E-16, -0.002614600740954390636 ) ) ;
#3019 = CIRCLE ( 'NONE', #2739, 0.01750000000000000167 ) ;
#3020 = ORIENTED_EDGE ( 'NONE', *, *, #1160, .T. ) ;
#3021 = CARTESIAN_POINT ( 'NONE',  ( -0.03174192194095365460, -0.01242386587152446639, 0.1179211135447588016 ) ) ;
#3022 = CARTESIAN_POINT ( 'NONE',  ( -0.03807614593415892257, -0.02198327310478955313, 0.08983331592571149049 ) ) ;
#3023 = CARTESIAN_POINT ( 'NONE',  ( -3.845567970184112305E-18, -0.03140144548502864230, -0.02493602931238375620 ) ) ;
#3024 = CARTESIAN_POINT ( 'NONE',  ( -3.845567970184112305E-18, -0.03140144548502864230, -0.1142217435980980300 ) ) ;
#3025 = ADVANCED_FACE ( 'NONE', ( #3147 ), #1572, .T. ) ;
#3026 = B_SPLINE_CURVE_WITH_KNOTS ( 'NONE', 3,
 ( #1934, #1419, #2448, #1675, #2200, #880 ),
 .UNSPECIFIED., .F., .F.,
 ( 4, 2, 4 ),
 ( 0.000000000000000000, 0.0003110705884494908372, 0.0006221411768989816744 ),
 .UNSPECIFIED. ) ;
#3027 = DIRECTION ( 'NONE',  ( 1.000000000000000000, 0.000000000000000000, 0.000000000000000000 ) ) ;
#3028 =( BOUNDED_CURVE ( )  B_SPLINE_CURVE ( 2, ( #239, #2393, #2416, #814, #793, #307, #62 ),
 .UNSPECIFIED., .F., .F. ) 
 B_SPLINE_CURVE_WITH_KNOTS ( ( 3, 2, 2, 3 ),
 ( 0.6333333333333333037, 0.6444444444444444864, 0.6555555555555555580, 0.6666666666666666297 ),
 .UNSPECIFIED. ) 
 CURVE ( )  GEOMETRIC_REPRESENTATION_ITEM ( )  RATIONAL_B_SPLINE_CURVE ( ( 1.000000000000000000, 0.8660254037844387076, 1.000000000000000000, 0.8660254037844387076, 1.000000000000000000, 0.8660254037844387076, 1.000000000000000000 ) ) 
 REPRESENTATION_ITEM ( '' )  );
#3029 = CARTESIAN_POINT ( 'NONE',  ( -0.01812963300372498129, -0.03140144548502862842, 0.08295087544952101100 ) ) ;
#3030 = CARTESIAN_POINT ( 'NONE',  ( 0.02482606157515438242, 0.04300000000000132883, -0.008566981693335343553 ) ) ;
#3031 = SURFACE_SIDE_STYLE ('',( #126 ) ) ;
#3032 = EDGE_LOOP ( 'NONE', ( #97, #1115, #1638, #894, #143 ) ) ;
#3033 = CARTESIAN_POINT ( 'NONE',  ( 0.03625926600744993483, 5.556136293836598262E-16, -0.1253824578838123038 ) ) ;
#3034 = CARTESIAN_POINT ( 'NONE',  ( 0.006950652284766568705, 0.03818117831215012831, -0.1174601991137841223 ) ) ;
#3035 = CARTESIAN_POINT ( 'NONE',  ( -5.265981236333714212E-18, -0.04300000000000021166, -0.08743602931238295128 ) ) ;
#3036 = ORIENTED_EDGE ( 'NONE', *, *, #464, .F. ) ;
#3037 = CARTESIAN_POINT ( 'NONE',  ( -0.02538409728943927246, 0.04396654620958081322, 0.03179760163999718892 ) ) ;
#3038 = ORIENTED_EDGE ( 'NONE', *, *, #3285, .T. ) ;
#3039 = DIRECTION ( 'NONE',  ( 0.000000000000000000, 1.026720117140053010E-14, -1.000000000000000000 ) ) ;
#3040 = CARTESIAN_POINT ( 'NONE',  ( -0.02719444950558745633, 0.01570072274251516770, -0.1380312674076218382 ) ) ;
#3041 = EDGE_CURVE ( 'NONE', #375, #3405, #3132, .T. ) ;
#3042 = CARTESIAN_POINT ( 'NONE',  ( 0.01812963300372496048, -0.03140144548502864924, -0.05916221978857422875 ) ) ;
#3043 = CARTESIAN_POINT ( 'NONE',  ( -0.01812963300372496395, 0.03140144548502977334, -0.01451936264571709184 ) ) ;
#3044 = ORIENTED_EDGE ( 'NONE', *, *, #1366, .T. ) ;
#3045 = EDGE_CURVE ( 'NONE', #2785, #2768, #1023, .T. ) ;
#3046 = CARTESIAN_POINT ( 'NONE',  ( 0.01964362901188116545, 0.03904713753261451759, -0.1130562543752067078 ) ) ;
#3047 = CARTESIAN_POINT ( 'NONE',  ( 0.03625926600744994177, 5.556136293836597276E-16, -0.08966817216952660541 ) ) ;
#3048 = CARTESIAN_POINT ( 'NONE',  ( 0.01812963300372498823, 0.03140144548502975946, 0.08964730402094957251 ) ) ;
#3049 = DIRECTION ( 'NONE',  ( 1.000000000000000000, 0.000000000000000000, 0.000000000000000000 ) ) ;
#3050 = CARTESIAN_POINT ( 'NONE',  ( 0.01812963300372496048, -0.03140144548502864924, -0.07478721978857423569 ) ) ;
#3051 = CARTESIAN_POINT ( 'NONE',  ( -0.02538409728943927246, 0.04396654620958081322, -0.1110595412171456464 ) ) ;
#3052 = CARTESIAN_POINT ( 'NONE',  ( 0.03723909236273151985, -0.02149999999999984562, -0.04874555312190677336 ) ) ;
#3053 = CARTESIAN_POINT ( 'NONE',  ( 0.03723909236273168638, 0.02150000000000099748, 0.01003420878285346714 ) ) ;
#3054 = CARTESIAN_POINT ( 'NONE',  ( -0.03807614593415892257, -0.02198327310478955313, 0.01840474449714005895 ) ) ;
#3055 = ORIENTED_EDGE ( 'NONE', *, *, #1737, .T. ) ;
#3056 = DIRECTION ( 'NONE',  ( -0.000000000000000000, -1.026720117140053010E-14, 1.000000000000000000 ) ) ;
#3057 = EDGE_LOOP ( 'NONE', ( #2653, #2889, #118, #3363 ) ) ;
#3058 = CARTESIAN_POINT ( 'NONE',  ( -0.01750000000000000860, 0.003559521543051833489, 0.1152140781515255397 ) ) ;
#3059 = DIRECTION ( 'NONE',  ( 0.000000000000000000, 1.000000000000000000, 1.027317512505789323E-14 ) ) ;
#3060 = CARTESIAN_POINT ( 'NONE',  ( -0.02719444950558745633, 0.01570072274251516770, -0.1357991245504789890 ) ) ;
#3061 = CARTESIAN_POINT ( 'NONE',  ( 0.000000000000000000, 0.03140144548502977334, -0.08743602931238375620 ) ) ;
#3062 = CARTESIAN_POINT ( 'NONE',  ( -0.01812963300372496395, 0.03140144548502977334, -0.05023364836000279027 ) ) ;
#3063 = CARTESIAN_POINT ( 'NONE',  ( 0.01812963300372496048, -0.03140144548502864924, -0.005590791217145652491 ) ) ;
#3064 = VERTEX_POINT ( 'NONE', #1841 ) ;
#3065 = CARTESIAN_POINT ( 'NONE',  ( 1.739952403777180009E-14, -0.02020725942164711131, 0.1179211135447589265 ) ) ;
#3066 = CARTESIAN_POINT ( 'NONE',  ( -0.02719444950558745633, 0.01570072274251516770, -0.06437055312190756440 ) ) ;
#3067 = CARTESIAN_POINT ( 'NONE',  ( -4.623375063948956379E-18, -0.03775272239447210326, -0.1178886550314630632 ) ) ;
#3068 = B_SPLINE_CURVE_WITH_KNOTS ( 'NONE', 3,
 ( #1610, #1078, #1121, #606 ),
 .UNSPECIFIED., .F., .F.,
 ( 4, 4 ),
 ( 0.0005694681398299913933, 0.0008354720931264358972 ),
 .UNSPECIFIED. ) ;
#3069 = CARTESIAN_POINT ( 'NONE',  ( -0.01812963300372498129, -0.03140144548502863536, -0.07776341026476470131 ) ) ;
#3070 = CARTESIAN_POINT ( 'NONE',  ( 0.02482606157515419854, -0.04300000000000047534, -0.01451936264571631469 ) ) ;
#3071 = CARTESIAN_POINT ( 'NONE',  ( 0.02719444950558744939, -0.01570072274251405747, -0.03758483883619327670 ) ) ;
#3072 = CARTESIAN_POINT ( 'NONE',  ( -0.03807614593415891563, 0.02198327310479069457, -0.1095714459790504136 ) ) ;
#3073 = CARTESIAN_POINT ( 'NONE',  ( 0.02899544681572035348, 0.01205466061347440845, -0.1242399319409027425 ) ) ;
#3074 = ADVANCED_FACE ( 'NONE', ( #42 ), #2880, .T. ) ;
#3075 = CARTESIAN_POINT ( 'NONE',  ( 0.01812963300372498823, 0.03140144548502975946, -0.1224062674076218521 ) ) ;
#3076 = CARTESIAN_POINT ( 'NONE',  ( -0.01812963300372498129, -0.03140144548502862842, -0.06213841026476470825 ) ) ;
#3077 = AXIS2_PLACEMENT_3D ( 'NONE', #2268, #2489, #1943 ) ;
#3078 = DIRECTION ( 'NONE',  ( -0.000000000000000000, -1.026720117140053010E-14, 1.000000000000000000 ) ) ;
#3079 = CARTESIAN_POINT ( 'NONE',  ( -5.384349008512664934E-18, -0.04396654620957968912, -0.05116370788381232465 ) ) ;
#3080 = CONICAL_SURFACE ( 'NONE', #1159, 0.02020725942164193489, 0.7853981633974500554 ) ;
#3081 = CARTESIAN_POINT ( 'NONE',  ( 0.02719444950558747021, 0.01570072274251513994, 0.1082484944971400520 ) ) ;
#3082 = CARTESIAN_POINT ( 'NONE',  ( -0.01812963300372487721, -0.03140144548502881577, 0.1164330183066639157 ) ) ;
#3083 = CARTESIAN_POINT ( 'NONE',  ( -0.02719444950558745633, 0.01570072274251516770, -0.03088841026476470825 ) ) ;
#3084 = AXIS2_PLACEMENT_3D ( 'NONE', #1806, #1514, #743 ) ;
#3085 = CARTESIAN_POINT ( 'NONE',  ( 0.000000000000000000, 0.04300000000000150230, 0.1022961135447582326 ) ) ;
#3086 = CARTESIAN_POINT ( 'NONE',  ( -3.845567970184112305E-18, -0.03140144548502864230, -0.02270388645524090004 ) ) ;
#3087 = CARTESIAN_POINT ( 'NONE',  ( 0.000000000000000000, 0.03140144548502977334, 0.07551039925904481920 ) ) ;
#3088 = CARTESIAN_POINT ( 'NONE',  ( 0.000000000000000000, 0.03140144548502977334, -0.06734674359809804389 ) ) ;
#3089 = ADVANCED_FACE ( 'NONE', ( #1323 ), #101, .T. ) ;
#3090 = CARTESIAN_POINT ( 'NONE',  ( -5.265981236333733472E-18, -0.04300000000000036432, -0.01377531502667034453 ) ) ;
#3091 = CARTESIAN_POINT ( 'NONE',  ( 0.01812963300372498823, 0.03140144548502975946, -0.08669198169333612591 ) ) ;
#3092 = CARTESIAN_POINT ( 'NONE',  ( -0.02719444950558745633, 0.01570072274251516770, -0.01303126740762184863 ) ) ;
#3093 = CARTESIAN_POINT ( 'NONE',  ( 0.01749999999999999126, 0.01010362971081831505, 0.09604611354475892093 ) ) ;
#3094 = CARTESIAN_POINT ( 'NONE',  ( -0.03807614593415892257, -0.02198327310478955313, -0.05413989836000280415 ) ) ;
#3095 = CARTESIAN_POINT ( 'NONE',  ( 0.02719444950558747021, 0.01570072274251513994, 0.1261056373542829012 ) ) ;
#3096 = CARTESIAN_POINT ( 'NONE',  ( -0.03723909236273153373, 0.02150000000000095585, -0.05767412455047820491 ) ) ;
#3097 = DIRECTION ( 'NONE',  ( 0.000000000000000000, -1.000000000000000000, -1.032384416210299843E-14 ) ) ;
#3098 = CARTESIAN_POINT ( 'NONE',  ( -0.02538409728943929328, -0.04396654620957967524, -0.1051071602647646874 ) ) ;
#3099 = CARTESIAN_POINT ( 'NONE',  ( 0.02719444950558747021, 0.01570072274251513994, -0.05246579121714564642 ) ) ;
#3100 = CARTESIAN_POINT ( 'NONE',  ( 0.04965212315030870238, 5.531534014389438267E-16, -0.06511460074095440365 ) ) ;
#3101 = VERTEX_POINT ( 'NONE', #491 ) ;
#3102 = CARTESIAN_POINT ( 'NONE',  ( 0.03625926600744993483, 5.556136293836598262E-16, -0.07181102931238374232 ) ) ;
#3103 = EDGE_CURVE ( 'NONE', #1418, #827, #1597, .T. ) ;
#3104 = CARTESIAN_POINT ( 'NONE',  ( -0.01812963300372498129, -0.03140144548502862842, -0.02642412455047897860 ) ) ;
#3105 = EDGE_LOOP ( 'NONE', ( #1531, #754, #409 ) ) ;
#3106 = LINE ( 'NONE', #1477, #213 ) ;
#3107 = EDGE_CURVE ( 'NONE', #1266, #2706, #450, .T. ) ;
#3108 = CARTESIAN_POINT ( 'NONE',  ( 0.03807614593415893645, 0.02198327310479065988, -0.08092561264571708490 ) ) ;
#3109 = ORIENTED_EDGE ( 'NONE', *, *, #3107, .F. ) ;
#3110 = CARTESIAN_POINT ( 'NONE',  ( 0.04965212315030870238, 5.531534014389438267E-16, 0.04202825640190275408 ) ) ;
#3111 = CARTESIAN_POINT ( 'NONE',  ( 0.02719444950558747021, 0.01570072274251513994, -0.1261265055028599480 ) ) ;
#3112 = CARTESIAN_POINT ( 'NONE',  ( 0.01812963300372496048, -0.03140144548502864924, 0.08369492306856861352 ) ) ;
#3113 = DIRECTION ( 'NONE',  ( 0.000000000000000000, -1.000000000000000000, -1.032384416210299843E-14 ) ) ;
#3114 = CARTESIAN_POINT ( 'NONE',  ( 0.02719444950558744939, -0.01570072274251405747, -0.03758483883619327670 ) ) ;
#3115 = ADVANCED_FACE ( 'NONE', ( #1913 ), #2380, .T. ) ;
#3116 = CARTESIAN_POINT ( 'NONE',  ( -0.03625926600744994177, 5.644945881947510718E-16, 0.04426039925904481920 ) ) ;
#3117 = ORIENTED_EDGE ( 'NONE', *, *, #2250, .F. ) ;
#3118 = CARTESIAN_POINT ( 'NONE',  ( -0.02719444950558745633, 0.01570072274251516770, -0.02865626740762185209 ) ) ;
#3119 = DIRECTION ( 'NONE',  ( -0.000000000000000000, -0.000000000000000000, 1.000000000000000000 ) ) ;
#3120 = CARTESIAN_POINT ( 'NONE',  ( 0.03723909236273155454, 0.02150000000000092809, 0.07923063735428370613 ) ) ;
#3121 = ORIENTED_EDGE ( 'NONE', *, *, #2419, .T. ) ;
#3122 = ADVANCED_FACE ( 'NONE', ( #3217 ), #2677, .T. ) ;
#3123 = CARTESIAN_POINT ( 'NONE',  ( -0.02719444950558745633, -0.01570072274251403666, -0.06139436264571708490 ) ) ;
#3124 = CARTESIAN_POINT ( 'NONE',  ( 0.02719444950558747021, 0.01570072274251513994, 0.01673063735428291857 ) ) ;
#3125 = LINE ( 'NONE', #2775, #1667 ) ;
#3126 = CARTESIAN_POINT ( 'NONE',  ( 0.03625926600744993483, 5.556136293836598262E-16, 0.05095682783047338071 ) ) ;
#3127 = CARTESIAN_POINT ( 'NONE',  ( -0.03807614593415891563, 0.02198327310479069457, -0.05711608883619328364 ) ) ;
#3128 = CARTESIAN_POINT ( 'NONE',  ( 0.01191832934412326815, 0.02905175044974577653, -0.1242399319409042968 ) ) ;
#3129 = CARTESIAN_POINT ( 'NONE',  ( 4.341848540857424805E-18, 0.02020725942163676195, 0.09604611354475892093 ) ) ;
#3130 = AXIS2_PLACEMENT_3D ( 'NONE', #2595, #2388, #1616 ) ;
#3131 = CARTESIAN_POINT ( 'NONE',  ( 0.02719444950558747021, 0.01570072274251513994, 0.07030206592571147661 ) ) ;
#3132 = LINE ( 'NONE', #820, #540 ) ;
#3133 = AXIS2_PLACEMENT_3D ( 'NONE', #441, #2519, #397 ) ;
#3134 = CARTESIAN_POINT ( 'NONE',  ( -0.03723909236273166556, 0.02150000000000103911, 0.05170087544952012976 ) ) ;
#3135 = CARTESIAN_POINT ( 'NONE',  ( 0.02719444950558747021, 0.01570072274251513994, 0.001105637354282913145 ) ) ;
#3136 = ORIENTED_EDGE ( 'NONE', *, *, #140, .T. ) ;
#3137 = CARTESIAN_POINT ( 'NONE',  ( -0.05076819457887855186, 5.653830038414538087E-16, -0.09022620788381231771 ) ) ;
#3138 = DIRECTION ( 'NONE',  ( -0.000000000000000000, -1.026720117140053010E-14, 1.000000000000000000 ) ) ;
#3139 = CARTESIAN_POINT ( 'NONE',  ( -5.265981236333714212E-18, -0.04300000000000021166, 0.1089925421161884317 ) ) ;
#3140 = CARTESIAN_POINT ( 'NONE',  ( -0.01812963300372498129, -0.03140144548502862842, -0.006334838836193282773 ) ) ;
#3141 =( BOUNDED_SURFACE ( )  B_SPLINE_SURFACE ( 1, 2, ( 
 ( #328, #1533, #3060, #1926, #1170, #2206, #3266, #1893, #1376, #3316, #1251, #3075, #948, #678, #2005, #3347, #1187, #2737, #145, #1443, #695, #918, #2019, #2224, #2242, #658, #936, #2755, #1988, #1765, #1496, #2822, #2563, #1019, #1624, #3258, #2990, #1707, #200, #959, #2554, #1244, #2520, #1790, #1537, #686, #3339, #3358, #2014, #217, #3066, #707, #2815, #753, #971, #475, #2534, #1486, #1522, #1258, #2793, #2847, #442, #2317, #2060, #2301, #1507, #2028, #3114, #2273, #2255, #990, #1997, #1557, #2043, #2592, #1758, #230, #3086, #2778, #419, #173, #1231, #9, #2934, #1308, #525, #3148, #1082, #245, #1292, #2108, #1842, #2881, #3135, #824, #574, #1613, #1045, #295, #1102, #3163, #799, #770, #509, #783, #1654, #45, #3413, #1635, #29, #2336, #1595, #2625, #2680, #1829, #3394, #557, #2867, #1857, #1573, #1025, #2898, #2643, #2075, #1325, #2608, #2349, #2095, #2123, #260, #280, #2370, #1877, #3203, #1061, #539, #1343, #2385, #3180, #2914, #2661, #1357, #2144, #2477, #592, #1736, #1138, #1669, #1175, #2192, #3004, #2457, #2425, #873, #2965, #1928, #646, #2697, #608, #3251, #349, #1700, #2724, #2229, #3376, #3081, #2516, #1797, #2570, #1239, #2283, #2249, #1992, #1225, #1005, #1535, #1479, #3095, #1517, #393 ),
 ( #940, #184, #3040, #2313, #3334, #722, #1465, #2789, #2055, #150, #3111, #195, #413, #1788, #2503, #3352, #1274, #168, #2270, #968, #214, #735, #2022, #702, #2811, #750, #1207, #2760, #3321, #3304, #1501, #682, #1256, #986, #956, #1754, #3061, #2776, #471, #1771, #436, #2827, #2548, #455, #2295, #1825, #1590, #4, #1377, #1912, #1685, #1409, #2526, #3076, #2543, #716, #2802, #1513, #1794, #2823, #467, #1528, #1269, #3017, #2343, #2635, #3157, #1548, #3170, #287, #3368, #59, #2838, #1584, #2873, #3403, #223, #3104, #3156, #2067, #2634, #2821, #1333, #2614, #1805, #1035, #3092, #250, #530, #2586, #2327, #501, #792, #1053, #1563, #3388, #2086, #2887, #466, #1850, #1018, #1527, #1835, #2309, #1317, #2361, #3124, #3367, #20, #2562, #207, #998, #882, #2702, #1919, #1421, #338, #1936, #2955, #2718, #1129, #3192, #2167, #2411, #1349, #2940, #1404, #549, #2151, #600, #834, #87, #1886, #564, #583, #616, #58, #1678, #1368, #286, #2688, #2466, #2671, #1070, #1112, #2116, #809, #1866, #3210, #853, #1623, #1090, #2650, #1903, #900, #3048, #2259, #3312, #2993, #1164, #124, #636, #156, #3294, #2001, #2236, #1781, #1182, #2752, #1967, #2782, #2218, #2202, #931, #1729, #1457, #1710, #422, #711, #177, #3279 ) ),
 .UNSPECIFIED., .F., .F., .T. ) 
 B_SPLINE_SURFACE_WITH_KNOTS ( ( 2, 2 ),
 ( 3, 2, 2, 2, 2, 2, 2, 2, 2, 2, 2, 2, 2, 2, 2, 2, 2, 2, 2, 2, 2, 2, 2, 2, 2, 2, 2, 2, 2, 2, 2, 2, 2, 2, 2, 2, 2, 2, 2, 2, 2, 2, 2, 2, 2, 2, 2, 2, 2, 2, 2, 2, 2, 2, 2, 2, 2, 2, 2, 2, 2, 2, 2, 2, 2, 2, 2, 2, 2, 2, 2, 2, 2, 2, 2, 2, 2, 2, 2, 2, 2, 2, 2, 2, 2, 2, 2, 2, 2, 2, 3 ),
 ( 0.000000000000000000, 1.000000000000000000 ),
 ( 0.000000000000000000, 0.01111111111111111154, 0.02222222222222222307, 0.03333333333333333287, 0.04444444444444444614, 0.05555555555555555247, 0.06666666666666666574, 0.07777777777777777901, 0.08888888888888889228, 0.1000000000000000056, 0.1111111111111111049, 0.1222222222222222182, 0.1333333333333333315, 0.1444444444444444309, 0.1555555555555555580, 0.1666666666666666574, 0.1777777777777777846, 0.1888888888888888840, 0.2000000000000000111, 0.2111111111111111105, 0.2222222222222222099, 0.2333333333333333370, 0.2444444444444444364, 0.2555555555555555358, 0.2666666666666666630, 0.2777777777777777901, 0.2888888888888888618, 0.2999999999999999889, 0.3111111111111111160, 0.3222222222222222432, 0.3333333333333333148, 0.3444444444444444420, 0.3555555555555555691, 0.3666666666666666408, 0.3777777777777777679, 0.3888888888888888951, 0.4000000000000000222, 0.4111111111111110938, 0.4222222222222222210, 0.4333333333333333481, 0.4444444444444444198, 0.4555555555555555469, 0.4666666666666666741, 0.4777777777777778012, 0.4888888888888888729, 0.5000000000000000000, 0.5111111111111110716, 0.5222222222222222543, 0.5333333333333333259, 0.5444444444444443976, 0.5555555555555555802, 0.5666666666666666519, 0.5777777777777777235, 0.5888888888888889062, 0.5999999999999999778, 0.6111111111111111605, 0.6222222222222222321, 0.6333333333333333037, 0.6444444444444444864, 0.6555555555555555580, 0.6666666666666666297, 0.6777777777777778123, 0.6888888888888888840, 0.6999999999999999556, 0.7111111111111111382, 0.7222222222222222099, 0.7333333333333332815, 0.7444444444444444642, 0.7555555555555555358, 0.7666666666666667185, 0.7777777777777777901, 0.7888888888888888618, 0.8000000000000000444, 0.8111111111111111160, 0.8222222222222221877, 0.8333333333333333703, 0.8444444444444444420, 0.8555555555555555136, 0.8666666666666666963, 0.8777777777777777679, 0.8888888888888888395, 0.9000000000000000222, 0.9111111111111110938, 0.9222222222222222765, 0.9333333333333333481, 0.9444444444444444198, 0.9555555555555556024, 0.9666666666666666741, 0.9777777777777777457, 0.9888888888888889284, 1.000000000000000000 ),
 .UNSPECIFIED. ) 
 GEOMETRIC_REPRESENTATION_ITEM ( )  RATIONAL_B_SPLINE_SURFACE ( (
 ( 1.000000000000000000, 0.8660254037844387076, 1.000000000000000000, 0.8660254037844387076, 1.000000000000000000, 0.8660254037844387076, 1.000000000000000000, 0.8660254037844387076, 1.000000000000000000, 0.8660254037844387076, 1.000000000000000000, 0.8660254037844387076, 1.000000000000000000, 0.8660254037844387076, 1.000000000000000000, 0.8660254037844387076, 1.000000000000000000, 0.8660254037844387076, 1.000000000000000000, 0.8660254037844387076, 1.000000000000000000, 0.8660254037844387076, 1.000000000000000000, 0.8660254037844387076, 1.000000000000000000, 0.8660254037844387076, 1.000000000000000000, 0.8660254037844387076, 1.000000000000000000, 0.8660254037844387076, 1.000000000000000000, 0.8660254037844387076, 1.000000000000000000, 0.8660254037844387076, 1.000000000000000000, 0.8660254037844387076, 1.000000000000000000, 0.8660254037844387076, 1.000000000000000000, 0.8660254037844387076, 1.000000000000000000, 0.8660254037844387076, 1.000000000000000000, 0.8660254037844387076, 1.000000000000000000, 0.8660254037844387076, 1.000000000000000000, 0.8660254037844387076, 1.000000000000000000, 0.8660254037844387076, 1.000000000000000000, 0.8660254037844387076, 1.000000000000000000, 0.8660254037844387076, 1.000000000000000000, 0.8660254037844387076, 1.000000000000000000, 0.8660254037844387076, 1.000000000000000000, 0.8660254037844387076, 1.000000000000000000, 0.8660254037844387076, 1.000000000000000000, 0.8660254037844387076, 1.000000000000000000, 0.8660254037844387076, 1.000000000000000000, 0.8660254037844387076, 1.000000000000000000, 0.8660254037844387076, 1.000000000000000000, 0.8660254037844387076, 1.000000000000000000, 0.8660254037844387076, 1.000000000000000000, 0.8660254037844387076, 1.000000000000000000, 0.8660254037844387076, 1.000000000000000000, 0.8660254037844387076, 1.000000000000000000, 0.8660254037844387076, 1.000000000000000000, 0.8660254037844387076, 1.000000000000000000, 0.8660254037844387076, 1.000000000000000000, 0.8660254037844387076, 1.000000000000000000, 0.8660254037844387076, 1.000000000000000000, 0.8660254037844387076, 1.000000000000000000, 0.8660254037844387076, 1.000000000000000000, 0.8660254037844387076, 1.000000000000000000, 0.8660254037844387076, 1.000000000000000000, 0.8660254037844387076, 1.000000000000000000, 0.8660254037844387076, 1.000000000000000000, 0.8660254037844387076, 1.000000000000000000, 0.8660254037844387076, 1.000000000000000000, 0.8660254037844387076, 1.000000000000000000, 0.8660254037844387076, 1.000000000000000000, 0.8660254037844387076, 1.000000000000000000, 0.8660254037844387076, 1.000000000000000000, 0.8660254037844387076, 1.000000000000000000, 0.8660254037844387076, 1.000000000000000000, 0.8660254037844387076, 1.000000000000000000, 0.8660254037844387076, 1.000000000000000000, 0.8660254037844387076, 1.000000000000000000, 0.8660254037844387076, 1.000000000000000000, 0.8660254037844387076, 1.000000000000000000, 0.8660254037844387076, 1.000000000000000000, 0.8660254037844387076, 1.000000000000000000, 0.8660254037844387076, 1.000000000000000000, 0.8660254037844387076, 1.000000000000000000, 0.8660254037844387076, 1.000000000000000000, 0.8660254037844387076, 1.000000000000000000, 0.8660254037844387076, 1.000000000000000000, 0.8660254037844387076, 1.000000000000000000, 0.8660254037844387076, 1.000000000000000000, 0.8660254037844387076, 1.000000000000000000, 0.8660254037844387076, 1.000000000000000000, 0.8660254037844387076, 1.000000000000000000, 0.8660254037844387076, 1.000000000000000000, 0.8660254037844387076, 1.000000000000000000, 0.8660254037844387076, 1.000000000000000000, 0.8660254037844387076, 1.000000000000000000, 0.8660254037844387076, 1.000000000000000000, 0.8660254037844387076, 1.000000000000000000, 0.8660254037844387076, 1.000000000000000000, 0.8660254037844387076, 1.000000000000000000, 0.8660254037844387076, 1.000000000000000000, 0.8660254037844387076, 1.000000000000000000, 0.8660254037844387076, 1.000000000000000000, 0.8660254037844387076, 1.000000000000000000, 0.8660254037844387076, 1.000000000000000000, 0.8660254037844387076, 1.000000000000000000),
 ( 1.000000000000000000, 0.8660254037844387076, 1.000000000000000000, 0.8660254037844387076, 1.000000000000000000, 0.8660254037844387076, 1.000000000000000000, 0.8660254037844387076, 1.000000000000000000, 0.8660254037844387076, 1.000000000000000000, 0.8660254037844387076, 1.000000000000000000, 0.8660254037844387076, 1.000000000000000000, 0.8660254037844387076, 1.000000000000000000, 0.8660254037844387076, 1.000000000000000000, 0.8660254037844387076, 1.000000000000000000, 0.8660254037844387076, 1.000000000000000000, 0.8660254037844387076, 1.000000000000000000, 0.8660254037844387076, 1.000000000000000000, 0.8660254037844387076, 1.000000000000000000, 0.8660254037844387076, 1.000000000000000000, 0.8660254037844387076, 1.000000000000000000, 0.8660254037844387076, 1.000000000000000000, 0.8660254037844387076, 1.000000000000000000, 0.8660254037844387076, 1.000000000000000000, 0.8660254037844387076, 1.000000000000000000, 0.8660254037844387076, 1.000000000000000000, 0.8660254037844387076, 1.000000000000000000, 0.8660254037844387076, 1.000000000000000000, 0.8660254037844387076, 1.000000000000000000, 0.8660254037844387076, 1.000000000000000000, 0.8660254037844387076, 1.000000000000000000, 0.8660254037844387076, 1.000000000000000000, 0.8660254037844387076, 1.000000000000000000, 0.8660254037844387076, 1.000000000000000000, 0.8660254037844387076, 1.000000000000000000, 0.8660254037844387076, 1.000000000000000000, 0.8660254037844387076, 1.000000000000000000, 0.8660254037844387076, 1.000000000000000000, 0.8660254037844387076, 1.000000000000000000, 0.8660254037844387076, 1.000000000000000000, 0.8660254037844387076, 1.000000000000000000, 0.8660254037844387076, 1.000000000000000000, 0.8660254037844387076, 1.000000000000000000, 0.8660254037844387076, 1.000000000000000000, 0.8660254037844387076, 1.000000000000000000, 0.8660254037844387076, 1.000000000000000000, 0.8660254037844387076, 1.000000000000000000, 0.8660254037844387076, 1.000000000000000000, 0.8660254037844387076, 1.000000000000000000, 0.8660254037844387076, 1.000000000000000000, 0.8660254037844387076, 1.000000000000000000, 0.8660254037844387076, 1.000000000000000000, 0.8660254037844387076, 1.000000000000000000, 0.8660254037844387076, 1.000000000000000000, 0.8660254037844387076, 1.000000000000000000, 0.8660254037844387076, 1.000000000000000000, 0.8660254037844387076, 1.000000000000000000, 0.8660254037844387076, 1.000000000000000000, 0.8660254037844387076, 1.000000000000000000, 0.8660254037844387076, 1.000000000000000000, 0.8660254037844387076, 1.000000000000000000, 0.8660254037844387076, 1.000000000000000000, 0.8660254037844387076, 1.000000000000000000, 0.8660254037844387076, 1.000000000000000000, 0.8660254037844387076, 1.000000000000000000, 0.8660254037844387076, 1.000000000000000000, 0.8660254037844387076, 1.000000000000000000, 0.8660254037844387076, 1.000000000000000000, 0.8660254037844387076, 1.000000000000000000, 0.8660254037844387076, 1.000000000000000000, 0.8660254037844387076, 1.000000000000000000, 0.8660254037844387076, 1.000000000000000000, 0.8660254037844387076, 1.000000000000000000, 0.8660254037844387076, 1.000000000000000000, 0.8660254037844387076, 1.000000000000000000, 0.8660254037844387076, 1.000000000000000000, 0.8660254037844387076, 1.000000000000000000, 0.8660254037844387076, 1.000000000000000000, 0.8660254037844387076, 1.000000000000000000, 0.8660254037844387076, 1.000000000000000000, 0.8660254037844387076, 1.000000000000000000, 0.8660254037844387076, 1.000000000000000000, 0.8660254037844387076, 1.000000000000000000, 0.8660254037844387076, 1.000000000000000000, 0.8660254037844387076, 1.000000000000000000, 0.8660254037844387076, 1.000000000000000000, 0.8660254037844387076, 1.000000000000000000, 0.8660254037844387076, 1.000000000000000000, 0.8660254037844387076, 1.000000000000000000, 0.8660254037844387076, 1.000000000000000000, 0.8660254037844387076, 1.000000000000000000, 0.8660254037844387076, 1.000000000000000000, 0.8660254037844387076, 1.000000000000000000, 0.8660254037844387076, 1.000000000000000000, 0.8660254037844387076, 1.000000000000000000) ) ) 
 REPRESENTATION_ITEM ( '' )  SURFACE ( )  );
#3142 = CARTESIAN_POINT ( 'NONE',  ( 0.000000000000000000, 0.04300000000000150230, -0.1119896007409560551 ) ) ;
#3143 = CARTESIAN_POINT ( 'NONE',  ( -0.02538409728943927246, 0.04396654620958081322, -0.07646132693143138648 ) ) ;
#3144 = VERTEX_POINT ( 'NONE', #1609 ) ;
#3145 = EDGE_CURVE ( 'NONE', #2125, #3064, #2537, .T. ) ;
#3146 = CARTESIAN_POINT ( 'NONE',  ( 0.01812963300372498823, 0.03140144548502975946, 0.1075044468780924217 ) ) ;
#3147 = FACE_OUTER_BOUND ( 'NONE', #1991, .T. ) ;
#3148 = CARTESIAN_POINT ( 'NONE',  ( -0.03625926600744993483, 5.644945881947510718E-16, -0.009311029312383750992 ) ) ;
#3149 = CARTESIAN_POINT ( 'NONE',  ( -0.01812963300372498129, -0.03140144548502863536, 0.04723658973523528481 ) ) ;
#3150 = EDGE_LOOP ( 'NONE', ( #3117, #516, #3121, #996 ) ) ;
#3151 = PRODUCT_DEFINITION_CONTEXT ( 'detailed design', #1583, 'design' ) ;
#3152 = ORIENTED_EDGE ( 'NONE', *, *, #68, .T. ) ;
#3153 = CARTESIAN_POINT ( 'NONE',  ( -0.03807614593415892257, -0.02198327310478955313, -0.1244523983600027833 ) ) ;
#3154 = DIRECTION ( 'NONE',  ( -0.000000000000000000, -0.000000000000000000, 1.000000000000000000 ) ) ;
#3155 = CARTESIAN_POINT ( 'NONE',  ( 0.01812963300372498823, 0.03140144548502975946, 0.002593732592378155712 ) ) ;
#3156 = CARTESIAN_POINT ( 'NONE',  ( -3.845567970184112305E-18, -0.03140144548502864230, -0.02493602931238375620 ) ) ;
#3157 = CARTESIAN_POINT ( 'NONE',  ( -3.845567970184112305E-18, -0.03140144548502864230, -0.04279317216952661235 ) ) ;
#3158 = CARTESIAN_POINT ( 'NONE',  ( 0.03625926600744994177, 5.556136293836597276E-16, 0.1067603992590448331 ) ) ;
#3159 = CARTESIAN_POINT ( 'NONE',  ( 0.02538409728943930022, 0.04396654620958079934, 0.04556248259237815484 ) ) ;
#3160 = DIRECTION ( 'NONE',  ( 0.000000000000000000, 0.000000000000000000, -1.000000000000000000 ) ) ;
#3161 = CARTESIAN_POINT ( 'NONE',  ( 0.01749999999999999126, -0.006973090492793358568, 0.1163558439357396113 ) ) ;
#3162 = CARTESIAN_POINT ( 'NONE',  ( -0.01812963300372496395, 0.03140144548502977334, -0.1395193626457170710 ) ) ;
#3163 = CARTESIAN_POINT ( 'NONE',  ( -0.01812963300372498129, -0.03140144548502862842, 0.01152230402094957772 ) ) ;
#3164 =( BOUNDED_CURVE ( )  B_SPLINE_CURVE ( 2, ( #2054, #3175, #1854, #3110, #1839, #2878, #1077 ),
 .UNSPECIFIED., .F., .T. ) 
 B_SPLINE_CURVE_WITH_KNOTS ( ( 3, 2, 2, 3 ),
 ( 0.3333333333333333148, 0.3444444444444443865, 0.3555555555555554581, 0.3666666666666666408 ),
 .UNSPECIFIED. ) 
 CURVE ( )  GEOMETRIC_REPRESENTATION_ITEM ( )  RATIONAL_B_SPLINE_CURVE ( ( 1.000000000000000888, 0.8660254037844381525, 1.000000000000000000, 0.8660254037844387076, 1.000000000000000000, 0.8660254037844393737, 0.9999999999999993339 ) ) 
 REPRESENTATION_ITEM ( '' )  );
#3165 = FACE_OUTER_BOUND ( 'NONE', #147, .T. ) ;
#3166 = CARTESIAN_POINT ( 'NONE',  ( 0.02538409728943930022, 0.04396654620958079934, -0.1318928745504789890 ) ) ;
#3167 = CARTESIAN_POINT ( 'NONE',  ( 0.03500000000000000333, -1.579349621337152204E-16, 0.09604611354475892093 ) ) ;
#3168 = ADVANCED_FACE ( 'NONE', ( #2422 ), #2658, .T. ) ;
#3169 = CARTESIAN_POINT ( 'NONE',  ( -0.03625926600744993483, 5.644945881947510718E-16, -0.009311029312383750992 ) ) ;
#3170 = CARTESIAN_POINT ( 'NONE',  ( 0.02719444950558744939, -0.01570072274251405747, -0.03981698169333612591 ) ) ;
#3171 = CARTESIAN_POINT ( 'NONE',  ( -0.02719444950558745633, -0.01570072274251403666, 0.08146278021142575043 ) ) ;
#3172 = CARTESIAN_POINT ( 'NONE',  ( -5.265981236333714212E-18, -0.04300000000000021166, 0.09113539925904561023 ) ) ;
#3173 = CARTESIAN_POINT ( 'NONE',  ( -5.384349008512664934E-18, -0.04396654620957968912, 0.05597914925904479838 ) ) ;
#3174 = ADVANCED_FACE ( 'NONE', ( #2640 ), #2582, .T. ) ;
#3175 = CARTESIAN_POINT ( 'NONE',  ( 0.02482606157515429915, 0.04300000000000144679, 0.04500444687809324051 ) ) ;
#3176 = CARTESIAN_POINT ( 'NONE',  ( -5.265981236333733472E-18, -0.04300000000000036432, -0.03163245788381320589 ) ) ;
#3177 = CARTESIAN_POINT ( 'NONE',  ( -0.02482606157515446221, -0.04300000000000035738, -0.05097769597905129485 ) ) ;
#3178 = CARTESIAN_POINT ( 'NONE',  ( 0.03625926600744993483, 5.556136293836598262E-16, -0.1276146007409551808 ) ) ;
#3179 = CARTESIAN_POINT ( 'NONE',  ( -0.03723909236273166556, 0.02150000000000103911, 0.01598658973523440358 ) ) ;
#3180 = CARTESIAN_POINT ( 'NONE',  ( 0.01812963300372496048, -0.03140144548502864924, 0.06806992306856862740 ) ) ;
#3181 = CARTESIAN_POINT ( 'NONE',  ( 0.000000000000000000, 0.04396654620958081322, 0.06602379211618768229 ) ) ;
#3182 = CARTESIAN_POINT ( 'NONE',  ( 0.000000000000000000, 0.03140144548502977334, -0.06957888645524089311 ) ) ;
#3183 = ORIENTED_EDGE ( 'NONE', *, *, #1246, .T. ) ;
#3184 = EDGE_CURVE ( 'NONE', #21, #1189, #590, .T. ) ;
#3185 = CARTESIAN_POINT ( 'NONE',  ( -0.02538409728943927246, 0.04396654620958081322, -0.05748811264571707103 ) ) ;
#3186 = AXIS2_PLACEMENT_3D ( 'NONE', #1960, #3250, #1190 ) ;
#3187 = LINE ( 'NONE', #1108, #3242 ) ;
#3188 = AXIS2_PLACEMENT_3D ( 'NONE', #2443, #847, #1358 ) ;
#3189 = CARTESIAN_POINT ( 'NONE',  ( 0.01812963300372498823, 0.03140144548502975946, -0.1067812674076218382 ) ) ;
#3190 = VERTEX_POINT ( 'NONE', #2439 ) ;
#3191 = CARTESIAN_POINT ( 'NONE',  ( 0.01812963300372498823, 0.03140144548502975946, 0.02045087544952100059 ) ) ;
#3192 = CARTESIAN_POINT ( 'NONE',  ( -0.01812963300372496395, 0.03140144548502977334, 0.03905206592571146967 ) ) ;
#3193 = EDGE_CURVE ( 'NONE', #1157, #2474, #800, .T. ) ;
#3194 = CARTESIAN_POINT ( 'NONE',  ( 0.01812963300372496048, -0.03140144548502864924, 0.08592706592571146273 ) ) ;
#3195 = CARTESIAN_POINT ( 'NONE',  ( 0.03807614593415893645, 0.02198327310479065988, -0.008380969788574221813 ) ) ;
#3196 = CARTESIAN_POINT ( 'NONE',  ( -0.04965212315030889667, 5.653146641763228744E-16, 0.07104611354475823259 ) ) ;
#3197 = CARTESIAN_POINT ( 'NONE',  ( -0.02538409728943929328, -0.04396654620957967524, 0.0009196254495209971180 ) ) ;
#3198 = ORIENTED_EDGE ( 'NONE', *, *, #2557, .F. ) ;
#3199 = CARTESIAN_POINT ( 'NONE',  ( -5.265981236333733472E-18, -0.04300000000000036432, 0.09336754211618679411 ) ) ;
#3200 = DIRECTION ( 'NONE',  ( 0.8660254037844382635, -0.5000000000000004441, 0.000000000000000000 ) ) ;
#3201 = CYLINDRICAL_SURFACE ( 'NONE', #157, 0.04300000000000134270 ) ;
#3202 = CARTESIAN_POINT ( 'NONE',  ( 0.000000000000000000, -5.170700926295986467E-15, 0.1179211135447589265 ) ) ;
#3203 = CARTESIAN_POINT ( 'NONE',  ( -0.02719444950558745633, 0.01570072274251516770, 0.06062944687809242866 ) ) ;
#3204 = CARTESIAN_POINT ( 'NONE',  ( -0.02719444950558745633, -0.01570072274251403666, -0.08148364836000278333 ) ) ;
#3205 = EDGE_LOOP ( 'NONE', ( #2307, #1467, #1803, #186, #2157, #1003 ) ) ;
#3206 = DIRECTION ( 'NONE',  ( -0.000000000000000000, -1.026720117140053010E-14, 1.000000000000000000 ) ) ;
#3207 = CARTESIAN_POINT ( 'NONE',  ( -0.03625926600744993483, 5.644945881947510718E-16, 0.09559968497333051762 ) ) ;
#3208 = CARTESIAN_POINT ( 'NONE',  ( -5.265981236333733472E-18, -0.04300000000000036432, -0.01377531502667034453 ) ) ;
#3209 = CARTESIAN_POINT ( 'NONE',  ( -0.01812963300372496395, 0.03140144548502977334, 0.005569923068568623063 ) ) ;
#3210 = CARTESIAN_POINT ( 'NONE',  ( -0.02719444950558745633, -0.01570072274251403666, 0.07923063735428290122 ) ) ;
#3211 = B_SPLINE_CURVE_WITH_KNOTS ( 'NONE', 3,
 ( #985, #1273, #1195, #1402, #1179, #1435, #2198, #2181, #1674, #2748 ),
 .UNSPECIFIED., .F., .F.,
 ( 4, 2, 2, 2, 4 ),
 ( 0.000000000000000000, 0.0004007779453546407079, 0.0008015558907092814158, 0.001202333836063922178, 0.001603111781418562832 ),
 .UNSPECIFIED. ) ;
#3212 = EDGE_CURVE ( 'NONE', #113, #3373, #2910, .T. ) ;
#3213 = VERTEX_POINT ( 'NONE', #2368 ) ;
#3214 = CARTESIAN_POINT ( 'NONE',  ( 0.05076819457887855186, 5.529483824435511225E-16, 0.04258629211618767535 ) ) ;
#3215 = ORIENTED_EDGE ( 'NONE', *, *, #890, .T. ) ;
#3216 = FACE_OUTER_BOUND ( 'NONE', #3232, .T. ) ;
#3217 = FACE_OUTER_BOUND ( 'NONE', #1150, .T. ) ;
#3218 = DIRECTION ( 'NONE',  ( 0.000000000000000000, 0.000000000000000000, -1.000000000000000000 ) ) ;
#3219 = FACE_OUTER_BOUND ( 'NONE', #2025, .T. ) ;
#3220 = CARTESIAN_POINT ( 'NONE',  ( 0.03807614593415890869, -0.02198327310478958435, 0.07792855402094958639 ) ) ;
#3221 = CARTESIAN_POINT ( 'NONE',  ( 0.01812963300372498823, 0.03140144548502975946, -0.08892412455047897513 ) ) ;
#3222 = VERTEX_POINT ( 'NONE', #5 ) ;
#3223 = CARTESIAN_POINT ( 'NONE',  ( -0.01812963300372496395, 0.03140144548502977334, 0.09262349449714006588 ) ) ;
#3224 = ADVANCED_FACE ( 'NONE', ( #1339 ), #817, .F. ) ;
#3225 = CARTESIAN_POINT ( 'NONE',  ( 0.000000000000000000, 0.03140144548502977334, 0.1268496849733305176 ) ) ;
#3226 = FACE_OUTER_BOUND ( 'NONE', #2758, .T. ) ;
#3227 = CARTESIAN_POINT ( 'NONE',  ( 0.02719444950558747021, 0.01570072274251513994, -0.1060372197885742218 ) ) ;
#3228 = CARTESIAN_POINT ( 'NONE',  ( -0.01750000000000000167, -0.01010362971081859434, 0.09604611354475892093 ) ) ;
#3229 = ORIENTED_EDGE ( 'NONE', *, *, #883, .F. ) ;
#3230 = CARTESIAN_POINT ( 'NONE',  ( -0.02538409728943927246, 0.04396654620958081322, 0.01394045878285435011 ) ) ;
#3231 = CARTESIAN_POINT ( 'NONE',  ( 0.000000000000000000, 0.04396654620958081322, 0.1006220064019019422 ) ) ;
#3232 = EDGE_LOOP ( 'NONE', ( #511, #849, #2699 ) ) ;
#3233 = CARTESIAN_POINT ( 'NONE',  ( 0.000000000000000000, 0.04300000000000134270, 0.1000639706876170348 ) ) ;
#3234 = CARTESIAN_POINT ( 'NONE',  ( 0.03723909236273168638, 0.02150000000000099748, -0.02568007693143225037 ) ) ;
#3235 = CARTESIAN_POINT ( 'NONE',  ( -0.01812963300372498129, -0.03140144548502862842, 0.02714730402094956904 ) ) ;
#3236 = CARTESIAN_POINT ( 'NONE',  ( -0.02482606157515446221, -0.04300000000000035738, -0.03312055312190842482 ) ) ;
#3237 = CARTESIAN_POINT ( 'NONE',  ( 0.03625926600744994177, 5.556136293836597276E-16, -0.07404317216952659153 ) ) ;
#3238 = CARTESIAN_POINT ( 'NONE',  ( 0.02538409728943926552, -0.04396654620957970300, -0.04855954121714565336 ) ) ;
#3239 = CONICAL_SURFACE ( 'NONE', #2623, 0.02020725942164193489, 0.7853981633974500554 ) ;
#3240 = AXIS2_PLACEMENT_3D ( 'NONE', #319, #2970, #1691 ) ;
#3241 = CARTESIAN_POINT ( 'NONE',  ( -0.02719444950558745633, -0.01570072274251403666, -0.1149657912171456464 ) ) ;
#3242 = VECTOR ( 'NONE', #2903, 39.37007874015748143 ) ;
#3243 = CARTESIAN_POINT ( 'NONE',  ( 0.000000000000000000, 0.04300000000000134270, 0.01077825640190274020 ) ) ;
#3244 = CARTESIAN_POINT ( 'NONE',  ( -0.02538409728943929328, -0.04396654620957967524, 0.002035696878092441674 ) ) ;
#3245 = CARTESIAN_POINT ( 'NONE',  ( 0.02538409728943930022, 0.04396654620958079934, 0.09913391116380670942 ) ) ;
#3246 = ORIENTED_EDGE ( 'NONE', *, *, #407, .T. ) ;
#3247 = DIRECTION ( 'NONE',  ( -0.000000000000000000, -1.026720117140053010E-14, 1.000000000000000000 ) ) ;
#3248 = DIRECTION ( 'NONE',  ( 1.000000000000000000, 0.000000000000000000, 0.000000000000000000 ) ) ;
#3249 = CARTESIAN_POINT ( 'NONE',  ( 0.000000000000000000, 0.04396654620958081322, -0.1315208507409551808 ) ) ;
#3250 = DIRECTION ( 'NONE',  ( 0.000000000000000000, 0.000000000000000000, 1.000000000000000000 ) ) ;
#3251 = CARTESIAN_POINT ( 'NONE',  ( -0.02719444950558745633, -0.01570072274251403666, 0.09931992306856862740 ) ) ;
#3252 = CARTESIAN_POINT ( 'NONE',  ( -0.02719444950558745633, -0.01570072274251403666, -0.09934079121714566030 ) ) ;
#3253 = ORIENTED_EDGE ( 'NONE', *, *, #890, .F. ) ;
#3254 = CARTESIAN_POINT ( 'NONE',  ( -5.384349008512664934E-18, -0.04396654620957968912, -0.05004763645524089311 ) ) ;
#3255 = CARTESIAN_POINT ( 'NONE',  ( 0.03807614593415890869, -0.02198327310478958435, 0.06007141116380671636 ) ) ;
#3256 = ORIENTED_EDGE ( 'NONE', *, *, #407, .F. ) ;
#3257 = CARTESIAN_POINT ( 'NONE',  ( 0.000000000000000000, -0.04300000000000148842, -0.1179211135447595232 ) ) ;
#3258 = CARTESIAN_POINT ( 'NONE',  ( 0.01812963300372498823, 0.03140144548502975946, -0.08669198169333612591 ) ) ;
#3259 = LINE ( 'NONE', #2481, #2133 ) ;
#3260 = ADVANCED_FACE ( 'NONE', ( #555 ), #1098, .F. ) ;
#3261 = CARTESIAN_POINT ( 'NONE',  ( -0.01812963300372498129, -0.03140144548502863536, -0.09562055312190755052 ) ) ;
#3262 = CARTESIAN_POINT ( 'NONE',  ( -0.03723909236273153373, 0.02150000000000095585, 0.01375444687809322664 ) ) ;
#3263 = CARTESIAN_POINT ( 'NONE',  ( -0.02538409728943929328, -0.04396654620957967524, 0.1259196254495210388 ) ) ;
#3264 = FACE_OUTER_BOUND ( 'NONE', #1690, .T. ) ;
#3265 = EDGE_CURVE ( 'NONE', #2978, #1569, #127, .T. ) ;
#3266 = CARTESIAN_POINT ( 'NONE',  ( -3.845567970184112305E-18, -0.03140144548502864230, -0.1298467435980980300 ) ) ;
#3267 = DIRECTION ( 'NONE',  ( -0.000000000000000000, -1.026720117140053010E-14, 1.000000000000000000 ) ) ;
#3268 = EDGE_LOOP ( 'NONE', ( #1140, #2445, #1807, #1104 ) ) ;
#3269 = CARTESIAN_POINT ( 'NONE',  ( 0.000000000000000000, 0.04300000000000134270, 0.01077825640190274020 ) ) ;
#3270 = CARTESIAN_POINT ( 'NONE',  ( -0.01812963300372496395, 0.03140144548502977334, -0.03237650550285993412 ) ) ;
#3271 = CARTESIAN_POINT ( 'NONE',  ( 0.01812963300372496048, -0.03140144548502864924, -0.09487650550285993412 ) ) ;
#3272 = VERTEX_POINT ( 'NONE', #3035 ) ;
#3273 = EDGE_LOOP ( 'NONE', ( #611, #2083, #2568, #3292 ) ) ;
#3274 = CARTESIAN_POINT ( 'NONE',  ( -0.02482606157515435466, -0.04300000000000054473, -0.08669198169333697246 ) ) ;
#3275 = CARTESIAN_POINT ( 'NONE',  ( 0.01749999999999999126, 0.01010362971081831505, 0.09604611354475892093 ) ) ;
#3276 = CARTESIAN_POINT ( 'NONE',  ( 0.03826974236065126822, 0.01635119937970493445, -0.1143108314142129017 ) ) ;
#3277 =( BOUNDED_CURVE ( )  B_SPLINE_CURVE ( 2, ( #3317, #2188, #659, #389, #1461, #92, #146 ),
 .UNSPECIFIED., .F., .T. ) 
 B_SPLINE_CURVE_WITH_KNOTS ( ( 3, 2, 2, 3 ),
 ( 0.8333333333333333703, 0.8444444444444444420, 0.8555555555555556246, 0.8666666666666668073 ),
 .UNSPECIFIED. ) 
 CURVE ( )  GEOMETRIC_REPRESENTATION_ITEM ( )  RATIONAL_B_SPLINE_CURVE ( ( 1.000000000000000000, 0.8660254037844387076, 1.000000000000000000, 0.8660254037844387076, 1.000000000000000000, 0.8660254037844373753, 1.000000000000001332 ) ) 
 REPRESENTATION_ITEM ( '' )  );
#3278 = CARTESIAN_POINT ( 'NONE',  ( -3.845567970184112305E-18, -0.03140144548502864230, 0.1201532564019019561 ) ) ;
#3279 = CARTESIAN_POINT ( 'NONE',  ( 0.000000000000000000, 0.03140144548502977334, 0.1268496849733305176 ) ) ;
#3280 = LINE ( 'NONE', #3228, #1260 ) ;
#3281 = CARTESIAN_POINT ( 'NONE',  ( 0.03807614593415893645, 0.02198327310479065988, 0.1155029587828543258 ) ) ;
#3282 = CARTESIAN_POINT ( 'NONE',  ( 0.03723909236273165863, -0.02149999999999992889, 0.06062944687809154742 ) ) ;
#3283 = DIRECTION ( 'NONE',  ( 0.000000000000000000, 1.000000000000000000, 0.000000000000000000 ) ) ;
#3284 = VERTEX_POINT ( 'NONE', #2756 ) ;
#3285 = EDGE_CURVE ( 'NONE', #1615, #2396, #3277, .T. ) ;
#3286 = LINE ( 'NONE', #1449, #48 ) ;
#3287 = CARTESIAN_POINT ( 'NONE',  ( 0.02719444950558747021, 0.01570072274251513994, -0.03684079121714566030 ) ) ;
#3288 = CARTESIAN_POINT ( 'NONE',  ( 0.000000000000000000, 0.03140144548502977334, -0.05172174359809803695 ) ) ;
#3289 = ORIENTED_EDGE ( 'NONE', *, *, #3285, .F. ) ;
#3290 = CARTESIAN_POINT ( 'NONE',  ( -0.01812963300372496395, 0.03140144548502977334, 0.02119492306856863087 ) ) ;
#3291 = DIRECTION ( 'NONE',  ( 0.7071067811865486830, 0.000000000000000000, 0.7071067811865462405 ) ) ;
#3292 = ORIENTED_EDGE ( 'NONE', *, *, #2843, .F. ) ;
#3293 = CARTESIAN_POINT ( 'NONE',  ( -3.845567970184112305E-18, -0.03140144548502864230, 0.08443897068761624380 ) ) ;
#3294 = CARTESIAN_POINT ( 'NONE',  ( 0.01812963300372496048, -0.03140144548502864924, 0.1015520659257114905 ) ) ;
#3295 = CARTESIAN_POINT ( 'NONE',  ( 0.008167905572079060816, 0.03085778509369012726, -0.1239925012266743093 ) ) ;
#3296 = CIRCLE ( 'NONE', #2026, 0.01750000000000000167 ) ;
#3297 = CARTESIAN_POINT ( 'NONE',  ( 0.01812963300372496048, -0.03140144548502864924, -0.1283586483600028250 ) ) ;
#3298 = DIRECTION ( 'NONE',  ( 0.000000000000000000, -1.000000000000000000, -1.032384416210299843E-14 ) ) ;
#3299 = EDGE_CURVE ( 'NONE', #1704, #1963, #1931, .T. ) ;
#3300 = DIRECTION ( 'NONE',  ( -0.000000000000000000, -1.026720117140053010E-14, 1.000000000000000000 ) ) ;
#3301 = ORIENTED_EDGE ( 'NONE', *, *, #2391, .T. ) ;
#3302 = EDGE_CURVE ( 'NONE', #867, #1338, #433, .T. ) ;
#3303 = CARTESIAN_POINT ( 'NONE',  ( -0.01750000000000000167, -0.01010362971081859434, 0.09604611354475892093 ) ) ;
#3304 = CARTESIAN_POINT ( 'NONE',  ( -0.01812963300372498129, -0.03140144548502862842, -0.09785269597905039973 ) ) ;
#3305 = CARTESIAN_POINT ( 'NONE',  ( -0.02719444950558745633, -0.01570072274251403666, -0.02791221978857422181 ) ) ;
#3306 = CARTESIAN_POINT ( 'NONE',  ( 0.03625926600744993483, 5.556136293836598262E-16, -0.02047174359809804389 ) ) ;
#3307 = CARTESIAN_POINT ( 'NONE',  ( 0.01812963300372496048, -0.03140144548502864924, 0.01226635163999720626 ) ) ;
#3308 = DIRECTION ( 'NONE',  ( -0.000000000000000000, -1.026720117140053010E-14, 1.000000000000000000 ) ) ;
#3309 = DIRECTION ( 'NONE',  ( -0.000000000000000000, -0.000000000000000000, 1.000000000000000000 ) ) ;
#3310 = CARTESIAN_POINT ( 'NONE',  ( 0.000000000000000000, 4.040751578564650863E-13, -39.48799985370224164 ) ) ;
#3311 = CARTESIAN_POINT ( 'NONE',  ( -0.03625926600744994177, 5.644945881947510718E-16, -0.08073960074095519468 ) ) ;
#3312 = CARTESIAN_POINT ( 'NONE',  ( -0.01812963300372496395, 0.03140144548502977334, 0.09262349449714006588 ) ) ;
#3313 = CARTESIAN_POINT ( 'NONE',  ( 0.000000000000000000, -5.170700926295986467E-15, 0.1179211135447589265 ) ) ;
#3314 = CARTESIAN_POINT ( 'NONE',  ( -0.03625926600744993483, 5.644945881947510718E-16, -0.09859674359809803001 ) ) ;
#3315 = FACE_OUTER_BOUND ( 'NONE', #1447, .T. ) ;
#3316 = CARTESIAN_POINT ( 'NONE',  ( 0.03625926600744993483, 5.556136293836598262E-16, -0.1253824578838123038 ) ) ;
#3317 = CARTESIAN_POINT ( 'NONE',  ( -5.265981236333733472E-18, -0.04300000000000036432, 0.07551039925904393102 ) ) ;
#3318 = CARTESIAN_POINT ( 'NONE',  ( 0.01457842020370655155, -0.03795118188377104296, 0.1137460867808278708 ) ) ;
#3319 = CARTESIAN_POINT ( 'NONE',  ( 0.02482606157515442752, -0.04300000000000038514, -0.1015729340742893838 ) ) ;
#3320 = CARTESIAN_POINT ( 'NONE',  ( 0.000000000000000000, -0.04300000000000148842, -0.1179211135447595232 ) ) ;
#3321 = CARTESIAN_POINT ( 'NONE',  ( -0.02719444950558745633, -0.01570072274251403666, -0.09934079121714566030 ) ) ;
#3322 = CARTESIAN_POINT ( 'NONE',  ( 0.03625926600744994177, 5.556136293836597276E-16, 0.01524254211618769096 ) ) ;
#3323 = CARTESIAN_POINT ( 'NONE',  ( -5.265981236333733472E-18, -0.04300000000000036432, 0.1112246849733296711 ) ) ;
#3324 = CARTESIAN_POINT ( 'NONE',  ( 0.03445561649334358961, -0.02186019533279595639, -0.1160389604352681653 ) ) ;
#3325 = PLANE ( 'NONE',  #3188 ) ;
#3326 = CARTESIAN_POINT ( 'NONE',  ( -0.02719444950558745633, -0.01570072274251403666, -0.007822934074288507775 ) ) ;
#3327 = PLANE ( 'NONE',  #2244 ) ;
#3328 = CARTESIAN_POINT ( 'NONE',  ( 0.02719444950558747021, 0.01570072274251513994, -0.07032293407428850951 ) ) ;
#3329 = CARTESIAN_POINT ( 'NONE',  ( -6.374782893582933748E-16, 0.03926081348937882076, -0.1163805639365553118 ) ) ;
#3330 = ADVANCED_FACE ( 'NONE', ( #131 ), #904, .T. ) ;
#3331 = CARTESIAN_POINT ( 'NONE',  ( -0.03807614593415891563, 0.02198327310479069457, 0.03328569687809244948 ) ) ;
#3332 = CARTESIAN_POINT ( 'NONE',  ( 0.002734508451366171513, -0.01862849023113948357, 0.1163423443542520586 ) ) ;
#3333 = CARTESIAN_POINT ( 'NONE',  ( -0.02538409728943929328, -0.04396654620957967524, -0.08836608883619327670 ) ) ;
#3334 = CARTESIAN_POINT ( 'NONE',  ( -0.02719444950558745633, -0.01570072274251403666, -0.1350550769314313726 ) ) ;
#3335 = CARTESIAN_POINT ( 'NONE',  ( -0.02719444950558745633, -0.01570072274251403666, 0.007802065925711479215 ) ) ;
#3336 = CARTESIAN_POINT ( 'NONE',  ( 0.000000000000000000, 0.03140144548502977334, -0.03386460074095517386 ) ) ;
#3337 = ORIENTED_EDGE ( 'NONE', *, *, #1347, .T. ) ;
#3338 = FACE_OUTER_BOUND ( 'NONE', #2221, .T. ) ;
#3339 = CARTESIAN_POINT ( 'NONE',  ( 0.02719444950558747021, 0.01570072274251513994, -0.07032293407428850951 ) ) ;
#3340 = ADVANCED_FACE ( 'NONE', ( #2472 ), #696, .T. ) ;
#3341 = CARTESIAN_POINT ( 'NONE',  ( -3.845567970184112305E-18, -0.03140144548502864230, 0.06658182783047339459 ) ) ;
#3342 = EDGE_CURVE ( 'NONE', #3284, #867, #1872, .T. ) ;
#3343 = CARTESIAN_POINT ( 'NONE',  ( -0.03625926600744994177, 5.644945881947510718E-16, -0.06288245788381231771 ) ) ;
#3344 = CARTESIAN_POINT ( 'NONE',  ( -0.03723909236273154066, -0.02149999999999982134, -0.01898364836000200617 ) ) ;
#3345 = CARTESIAN_POINT ( 'NONE',  ( 0.000000000000000000, 0.03140144548502977334, -0.03163245788381231771 ) ) ;
#3346 = CARTESIAN_POINT ( 'NONE',  ( -5.265981236333733472E-18, -0.04300000000000036432, 0.05765325640190108875 ) ) ;
#3347 = CARTESIAN_POINT ( 'NONE',  ( -0.03625926600744993483, 5.644945881947510718E-16, -0.1164538864552408931 ) ) ;
#3348 = CARTESIAN_POINT ( 'NONE',  ( -0.03723909236273167944, -0.02149999999999989420, 0.03681992306856776004 ) ) ;
#3349 = CARTESIAN_POINT ( 'NONE',  ( 0.02538409728943930022, 0.04396654620958079934, -0.04372323169333613979 ) ) ;
#3350 = CARTESIAN_POINT ( 'NONE',  ( -9.621934180939776260E-18, -0.02020725942163705338, 0.09604611354475892093 ) ) ;
#3351 = VECTOR ( 'NONE', #3056, 39.37007874015748143 ) ;
#3352 = CARTESIAN_POINT ( 'NONE',  ( -0.03625926600744993483, 5.644945881947510718E-16, -0.1186860293123837423 ) ) ;
#3353 = CARTESIAN_POINT ( 'NONE',  ( -0.03723909236273154066, -0.02149999999999982134, -0.05469793407428772541 ) ) ;
#3354 = CARTESIAN_POINT ( 'NONE',  ( -0.02719444950558745633, 0.01570072274251516770, 0.004825875449521010996 ) ) ;
#3355 = AXIS2_PLACEMENT_3D ( 'NONE', #1188, #3267, #2225 ) ;
#3356 = EDGE_CURVE ( 'NONE', #1660, #2986, #108, .T. ) ;
#3357 = CARTESIAN_POINT ( 'NONE',  ( -5.265981236333714212E-18, -0.04300000000000021166, -0.1052931721695258144 ) ) ;
#3358 = CARTESIAN_POINT ( 'NONE',  ( 0.01812963300372498823, 0.03140144548502975946, -0.06883483883619327670 ) ) ;
#3359 = EDGE_CURVE ( 'NONE', #2950, #2859, #1748, .T. ) ;
#3360 = CARTESIAN_POINT ( 'NONE',  ( 0.05076819457887855186, 5.529483824435511225E-16, -0.02772620788381232465 ) ) ;
#3361 = CARTESIAN_POINT ( 'NONE',  ( 0.02719444950558747021, 0.01570072274251513994, -0.01675150550285994452 ) ) ;
#3362 = CARTESIAN_POINT ( 'NONE',  ( -0.02482606157515451425, -0.04299999999999995492, -0.01749555312190678377 ) ) ;
#3363 = ORIENTED_EDGE ( 'NONE', *, *, #1328, .F. ) ;
#3364 =( BOUNDED_CURVE ( )  B_SPLINE_CURVE ( 2, ( #649, #2232, #1949, #1144, #384, #1453, #2462 ),
 .UNSPECIFIED., .F., .F. ) 
 B_SPLINE_CURVE_WITH_KNOTS ( ( 3, 2, 2, 3 ),
 ( 0.3000000000000000444, 0.3111111111111111160, 0.3222222222222221322, 0.3333333333333333148 ),
 .UNSPECIFIED. ) 
 CURVE ( )  GEOMETRIC_REPRESENTATION_ITEM ( )  RATIONAL_B_SPLINE_CURVE ( ( 1.000000000000000000, 0.8660254037844387076, 1.000000000000000000, 0.8660254037844387076, 1.000000000000000000, 0.8660254037844393737, 0.9999999999999993339 ) ) 
 REPRESENTATION_ITEM ( '' )  );
#3365 = VERTEX_POINT ( 'NONE', #919 ) ;
#3366 = CARTESIAN_POINT ( 'NONE',  ( -0.01812963300372498129, -0.03140144548502862842, -0.05990626740762183822 ) ) ;
#3367 = CARTESIAN_POINT ( 'NONE',  ( 0.01812963300372498823, 0.03140144548502975946, 0.01821873259237814097 ) ) ;
#3368 = CARTESIAN_POINT ( 'NONE',  ( 0.02719444950558747021, 0.01570072274251513994, -0.03684079121714566030 ) ) ;
#3369 = PRODUCT_CONTEXT ( 'NONE', #932, 'mechanical' ) ;
#3370 = VERTEX_POINT ( 'NONE', #1971 ) ;
#3371 = LINE ( 'NONE', #952, #654 ) ;
#3372 = CARTESIAN_POINT ( 'NONE',  ( -0.05076819457887855186, 5.653830038414538087E-16, -0.05562799359809803695 ) ) ;
#3374 = EDGE_CURVE ( 'NONE', #3396, #21, #916, .T. ) ;
#3373 = VERTEX_POINT ( 'NONE', #408 ) ;
#3375 = CARTESIAN_POINT ( 'NONE',  ( 0.000000000000000000, -1.453607026109205299E-16, -0.1179211135447590930 ) ) ;
#3376 = CARTESIAN_POINT ( 'NONE',  ( 0.03625926600744993483, 5.556136293836598262E-16, 0.1067603992590448192 ) ) ;
#3377 = CARTESIAN_POINT ( 'NONE',  ( -0.01812963300372496395, 0.03140144548502977334, 0.05690920878285434664 ) ) ;
#3378 = CARTESIAN_POINT ( 'NONE',  ( -0.01812963300372498129, -0.03140144548502862842, -0.02642412455047897860 ) ) ;
#3379 = CARTESIAN_POINT ( 'NONE',  ( 0.02719444950558747021, 0.01570072274251513994, 0.03681992306856861352 ) ) ;
#3380 = ORIENTED_EDGE ( 'NONE', *, *, #1534, .F. ) ;
#3381 = EDGE_CURVE ( 'NONE', #2280, #1352, #208, .T. ) ;
#3382 = CARTESIAN_POINT ( 'NONE',  ( 0.03807614593415893645, 0.02198327310479065988, -0.07980954121714564642 ) ) ;
#3383 = CARTESIAN_POINT ( 'NONE',  ( -0.03807614593415892257, -0.02198327310478955313, -0.01730954121714564295 ) ) ;
#3384 = CARTESIAN_POINT ( 'NONE',  ( -0.03625926600744994177, 5.644945881947510718E-16, -0.04502531502666946850 ) ) ;
#3385 = CARTESIAN_POINT ( 'NONE',  ( -0.01750000000000000167, -0.01010362971083368644, 0.1179211135447589265 ) ) ;
#3386 = ORIENTED_EDGE ( 'NONE', *, *, #3005, .F. ) ;
#3387 = CARTESIAN_POINT ( 'NONE',  ( -0.03625926600744993483, 5.644945881947510718E-16, -0.02716817216952661235 ) ) ;
#3388 = CARTESIAN_POINT ( 'NONE',  ( 0.01812963300372498823, 0.03140144548502975946, 0.0003615897352353004274 ) ) ;
#3389 =( CONVERSION_BASED_UNIT ( 'INCH', #2329 ) LENGTH_UNIT ( ) NAMED_UNIT ( #1924 ) );
#3390 = PLANE ( 'NONE',  #1036 ) ;
#3391 = CARTESIAN_POINT ( 'NONE',  ( 0.000000000000000000, 0.04396654620958081322, -0.04223513645524090004 ) ) ;
#3392 = CARTESIAN_POINT ( 'NONE',  ( -0.01812963300372496395, 0.03140144548502977334, 0.09262349449714006588 ) ) ;
#3393 = DIRECTION ( 'NONE',  ( -0.000000000000000000, -1.026720117140053010E-14, 1.000000000000000000 ) ) ;
#3394 = CARTESIAN_POINT ( 'NONE',  ( 0.02719444950558744939, -0.01570072274251405747, 0.03384373259237816178 ) ) ;
#3395 = CARTESIAN_POINT ( 'NONE',  ( 0.01812963300372498823, 0.03140144548502975946, 0.07402230402094960027 ) ) ;
#3396 = VERTEX_POINT ( 'NONE', #621 ) ;
#3397 = CARTESIAN_POINT ( 'NONE',  ( -0.03807614593415892257, -0.02198327310478955313, -0.07088096978857422181 ) ) ;
#3398 = DIRECTION ( 'NONE',  ( -0.000000000000000000, -1.026720117140053010E-14, 1.000000000000000000 ) ) ;
#3399 = CARTESIAN_POINT ( 'NONE',  ( 0.000000000000000000, 0.04300000000000134270, -0.007078886455240100337 ) ) ;
#3400 = CARTESIAN_POINT ( 'NONE',  ( 0.02482606157515442752, -0.04300000000000038514, -0.01228721978857509958 ) ) ;
#3401 = ORIENTED_EDGE ( 'NONE', *, *, #999, .T. ) ;
#3402 = CARTESIAN_POINT ( 'NONE',  ( 0.02719444950558747021, 0.01570072274251513994, 0.07253420878285433970 ) ) ;
#3403 = CARTESIAN_POINT ( 'NONE',  ( -0.03625926600744993483, 5.644945881947510718E-16, -0.02940031502666946503 ) ) ;
#3404 = CARTESIAN_POINT ( 'NONE',  ( -0.03625926600744994177, 5.644945881947510718E-16, 0.07997468497333054538 ) ) ;
#3405 = VERTEX_POINT ( 'NONE', #2721 ) ;
#3406 = FACE_OUTER_BOUND ( 'NONE', #3032, .T. ) ;
#3407 = CARTESIAN_POINT ( 'NONE',  ( -0.02538409728943929328, -0.04396654620957967524, -0.1062232316933361259 ) ) ;
#3408 = PRESENTATION_LAYER_ASSIGNMENT (  '', '', ( #1153 ) ) ;
#3409 = CARTESIAN_POINT ( 'NONE',  ( 0.02719444950558747021, 0.01570072274251513994, 0.08815920878285435358 ) ) ;
#3410 = DIRECTION ( 'NONE',  ( 0.000000000000000000, -1.000000000000000000, -1.032384416210299843E-14 ) ) ;
#3411 = ADVANCED_FACE ( 'NONE', ( #358 ), #111, .F. ) ;
#3412 = VECTOR ( 'NONE', #1384, 39.37007874015748143 ) ;
#3413 = CARTESIAN_POINT ( 'NONE',  ( 0.000000000000000000, 0.03140144548502977334, 0.02193897068761625768 ) ) ;
#3414 = CARTESIAN_POINT ( 'NONE',  ( -0.02719444950558745633, 0.01570072274251516770, 0.04277230402094958639 ) ) ;
#3415 = CARTESIAN_POINT ( 'NONE',  ( 0.02538409728943930022, 0.04396654620958079934, 0.08239283973523529869 ) ) ;
#3416 = AXIS2_PLACEMENT_3D ( 'NONE', #2020, #2330, #1498 ) ;
#3417 = ORIENTED_EDGE ( 'NONE', *, *, #2956, .T. ) ;
#3418 = CARTESIAN_POINT ( 'NONE',  ( 0.02482606157515433731, -0.04300000000000023942, 0.003337780211426563150 ) ) ;
#3419 = CARTESIAN_POINT ( 'NONE',  ( -5.265981236333714212E-18, -0.04300000000000021166, -0.08743602931238295128 ) ) ;
#3420 = AXIS2_PLACEMENT_3D ( 'NONE', #1629, #2141, #3200 ) ;
#3421 = CARTESIAN_POINT ( 'NONE',  ( -0.03625926600744993483, 5.644945881947510718E-16, 0.02640325640190196652 ) ) ;
ENDSEC;
END-ISO-10303-21;
