ISO-10303-21;
HEADER;
FILE_DESCRIPTION (( 'STEP AP214' ),
    '1' );
FILE_NAME ('Backing Plate.STEP',
    '2026-02-20T19:33:30',
    ( '' ),
    ( '' ),
    'SwSTEP 2.0',
    'SolidWorks 2025',
    '' );
FILE_SCHEMA (( 'AUTOMOTIVE_DESIGN' ));
ENDSEC;

DATA;
#1 = VECTOR ( 'NONE', #662, 39.37007874015748143 ) ;
#2 = CARTESIAN_POINT ( 'NONE',  ( -1.859999999999999210, 0.1875000000000000278, -2.653249999999999442 ) ) ;
#3 = CARTESIAN_POINT ( 'NONE',  ( -1.961749999999999439, 0.3750000000000001110, 3.350000000000000089 ) ) ;
#4 = EDGE_CURVE ( 'NONE', #385, #807, #904, .T. ) ;
#5 = CARTESIAN_POINT ( 'NONE',  ( -2.359999999999998987, 0.1875000000000000278, -2.149999999999999911 ) ) ;
#6 = VERTEX_POINT ( 'NONE', #2271 ) ;
#7 = ORIENTED_EDGE ( 'NONE', *, *, #2065, .T. ) ;
#8 = EDGE_CURVE ( 'NONE', #2175, #332, #2744, .T. ) ;
#9 = DIRECTION ( 'NONE',  ( 0.000000000000000000, 0.000000000000000000, 1.000000000000000000 ) ) ;
#10 = LINE ( 'NONE', #1825, #928 ) ;
#11 = CARTESIAN_POINT ( 'NONE',  ( 1.854750000000001009, 0.000000000000000000, -0.7842499999999998916 ) ) ;
#12 = FACE_BOUND ( 'NONE', #355, .T. ) ;
#13 = CARTESIAN_POINT ( 'NONE',  ( -1.574999999999999956, 0.07749999999999999944, -2.294750000000000512 ) ) ;
#14 = ADVANCED_FACE ( 'NONE', ( #2529 ), #1156, .F. ) ;
#15 = EDGE_LOOP ( 'NONE', ( #1951, #2413 ) ) ;
#16 = LINE ( 'NONE', #897, #1952 ) ;
#17 = VERTEX_POINT ( 'NONE', #1172 ) ;
#18 = DIRECTION ( 'NONE',  ( -0.000000000000000000, -1.000000000000000000, -0.000000000000000000 ) ) ;
#19 = CARTESIAN_POINT ( 'NONE',  ( -1.152249999999999774, 0.3750000000000000555, -3.399999999999999911 ) ) ;
#20 = CYLINDRICAL_SURFACE ( 'NONE', #1741, 0.09499999999999939049 ) ;
#21 = EDGE_LOOP ( 'NONE', ( #815, #691, #1000, #378 ) ) ;
#22 = CARTESIAN_POINT ( 'NONE',  ( -1.823499999999999233, 0.000000000000000000, -2.281749999999999723 ) ) ;
#23 = CARTESIAN_POINT ( 'NONE',  ( 1.823500000000001009, 0.000000000000000000, -0.7842500000000001137 ) ) ;
#24 = EDGE_LOOP ( 'NONE', ( #424, #2416, #2551, #267 ) ) ;
#25 = DIRECTION ( 'NONE',  ( 0.000000000000000000, 1.000000000000000000, -0.000000000000000000 ) ) ;
#26 = EDGE_CURVE ( 'NONE', #1938, #1203, #744, .T. ) ;
#27 = DIRECTION ( 'NONE',  ( 0.000000000000000000, 0.000000000000000000, -1.000000000000000000 ) ) ;
#28 = EDGE_CURVE ( 'NONE', #2876, #1876, #1186, .T. ) ;
#29 = CARTESIAN_POINT ( 'NONE',  ( 1.854750000000001009, 0.3750000000000000555, -2.312999999999999723 ) ) ;
#30 = ORIENTED_EDGE ( 'NONE', *, *, #2523, .T. ) ;
#31 = CYLINDRICAL_SURFACE ( 'NONE', #589, 0.1004999999999996452 ) ;
#32 = CARTESIAN_POINT ( 'NONE',  ( -2.068749999999999201, 0.3750000000000000555, -2.281749999999999723 ) ) ;
#33 = FACE_OUTER_BOUND ( 'NONE', #2410, .T. ) ;
#34 = ORIENTED_EDGE ( 'NONE', *, *, #2805, .T. ) ;
#35 = CARTESIAN_POINT ( 'NONE',  ( -1.182999999999999607, 0.2975000000000000422, -2.217999999999999527 ) ) ;
#36 = VECTOR ( 'NONE', #837, 39.37007874015748143 ) ;
#37 = LINE ( 'NONE', #2683, #366 ) ;
#38 = ORIENTED_EDGE ( 'NONE', *, *, #1389, .F. ) ;
#39 = FACE_BOUND ( 'NONE', #2513, .T. ) ;
#40 = EDGE_CURVE ( 'NONE', #440, #1522, #2693, .T. ) ;
#41 = FACE_OUTER_BOUND ( 'NONE', #1231, .T. ) ;
#42 = AXIS2_PLACEMENT_3D ( 'NONE', #1499, #25, #208 ) ;
#43 = ORIENTED_EDGE ( 'NONE', *, *, #1974, .F. ) ;
#44 = ADVANCED_FACE ( 'NONE', ( #1358 ), #20, .F. ) ;
#45 = ORIENTED_EDGE ( 'NONE', *, *, #1866, .F. ) ;
#46 = VECTOR ( 'NONE', #1678, 39.37007874015748143 ) ;
#47 = DIRECTION ( 'NONE',  ( 0.000000000000000000, -1.000000000000000000, 0.000000000000000000 ) ) ;
#48 = FACE_OUTER_BOUND ( 'NONE', #2445, .T. ) ;
#49 = VECTOR ( 'NONE', #2696, 39.37007874015748143 ) ;
#50 = ORIENTED_EDGE ( 'NONE', *, *, #1743, .F. ) ;
#51 = DIRECTION ( 'NONE',  ( 0.000000000000000000, 0.000000000000000000, -1.000000000000000000 ) ) ;
#52 = LINE ( 'NONE', #936, #1673 ) ;
#53 = AXIS2_PLACEMENT_3D ( 'NONE', #5, #1419, #1155 ) ;
#54 = DIRECTION ( 'NONE',  ( 0.000000000000000000, 0.000000000000000000, 1.000000000000000000 ) ) ;
#55 = EDGE_LOOP ( 'NONE', ( #129, #1322, #2167, #504 ) ) ;
#56 = EDGE_CURVE ( 'NONE', #499, #1174, #1421, .T. ) ;
#57 = DIRECTION ( 'NONE',  ( -0.000000000000000000, -0.000000000000000000, -1.000000000000000000 ) ) ;
#58 = EDGE_LOOP ( 'NONE', ( #2339, #2342, #2357, #1780 ) ) ;
#59 = CARTESIAN_POINT ( 'NONE',  ( 1.183499999999999996, 0.3750000000000000555, -3.368749999999999467 ) ) ;
#60 = VECTOR ( 'NONE', #1319, 39.37007874015748143 ) ;
#61 = CARTESIAN_POINT ( 'NONE',  ( -1.152249999999999774, 0.3750000000000000555, -2.816500000000000004 ) ) ;
#62 = ORIENTED_EDGE ( 'NONE', *, *, #2390, .T. ) ;
#63 = CARTESIAN_POINT ( 'NONE',  ( 2.359999999999998987, 0.1875000000000000278, 0.7032499999999993756 ) ) ;
#64 = CARTESIAN_POINT ( 'NONE',  ( -2.359999999999998987, 0.1874999999999999722, 1.099999999999999867 ) ) ;
#65 = APPLICATION_CONTEXT ( 'automotive_design' ) ;
#66 = EDGE_CURVE ( 'NONE', #1122, #2642, #520, .T. ) ;
#67 = DIRECTION ( 'NONE',  ( 1.000000000000000000, 0.000000000000000000, -0.000000000000000000 ) ) ;
#68 = ORIENTED_EDGE ( 'NONE', *, *, #1442, .F. ) ;
#69 = EDGE_LOOP ( 'NONE', ( #1130, #1329, #1179 ) ) ;
#70 = LINE ( 'NONE', #1207, #2668 ) ;
#71 = EDGE_LOOP ( 'NONE', ( #2046, #201, #372, #1713, #7, #1168, #2111, #1670 ) ) ;
#72 = CIRCLE ( 'NONE', #1668, 0.1004999999999996452 ) ;
#73 = CARTESIAN_POINT ( 'NONE',  ( -1.152249999999999774, 0.000000000000000000, -2.816500000000000004 ) ) ;
#74 = CARTESIAN_POINT ( 'NONE',  ( -1.183499999999999996, 0.3750000000000000555, -2.577749999999999542 ) ) ;
#75 = EDGE_CURVE ( 'NONE', #315, #1683, #2557, .T. ) ;
#76 = AXIS2_PLACEMENT_3D ( 'NONE', #1845, #2286, #1171 ) ;
#77 = DIRECTION ( 'NONE',  ( 0.000000000000000000, 1.000000000000000000, -0.000000000000000000 ) ) ;
#78 = VERTEX_POINT ( 'NONE', #534 ) ;
#79 = CIRCLE ( 'NONE', #1719, 0.03124999999999997571 ) ;
#80 = DIRECTION ( 'NONE',  ( 0.000000000000000000, -0.000000000000000000, -1.000000000000000000 ) ) ;
#81 = ORIENTED_EDGE ( 'NONE', *, *, #804, .T. ) ;
#82 = VECTOR ( 'NONE', #1395, 39.37007874015748143 ) ;
#83 = ADVANCED_FACE ( 'NONE', ( #1860 ), #1448, .F. ) ;
#84 = DIRECTION ( 'NONE',  ( -0.000000000000000000, -1.000000000000000000, -0.000000000000000000 ) ) ;
#85 = VECTOR ( 'NONE', #762, 39.37007874015748143 ) ;
#86 = ORIENTED_EDGE ( 'NONE', *, *, #198, .T. ) ;
#87 = AXIS2_PLACEMENT_3D ( 'NONE', #1601, #260, #232 ) ;
#88 = CARTESIAN_POINT ( 'NONE',  ( 1.574999999999999956, 0.07749999999999999944, -2.294750000000000512 ) ) ;
#89 = DIRECTION ( 'NONE',  ( 0.000000000000000000, 0.000000000000000000, 1.000000000000000000 ) ) ;
#90 = CIRCLE ( 'NONE', #2809, 0.03124999999999997571 ) ;
#91 = ADVANCED_FACE ( 'NONE', ( #1649 ), #2326, .F. ) ;
#92 = CIRCLE ( 'NONE', #1308, 0.05324999999999990158 ) ;
#93 = LINE ( 'NONE', #2781, #770 ) ;
#94 = DIRECTION ( 'NONE',  ( 0.000000000000000000, 0.000000000000000000, 1.000000000000000000 ) ) ;
#95 = AXIS2_PLACEMENT_3D ( 'NONE', #2618, #588, #2384 ) ;
#96 = ORIENTED_EDGE ( 'NONE', *, *, #1600, .F. ) ;
#97 = EDGE_CURVE ( 'NONE', #1644, #385, #408, .T. ) ;
#98 = CYLINDRICAL_SURFACE ( 'NONE', #1809, 0.03124999999999983694 ) ;
#99 = EDGE_LOOP ( 'NONE', ( #1229, #1606, #1420, #2556 ) ) ;
#100 = DIRECTION ( 'NONE',  ( 0.000000000000000000, 0.000000000000000000, -1.000000000000000000 ) ) ;
#101 = EDGE_CURVE ( 'NONE', #6, #2009, #1717, .T. ) ;
#102 = EDGE_LOOP ( 'NONE', ( #141, #324 ) ) ;
#103 = ORIENTED_EDGE ( 'NONE', *, *, #526, .T. ) ;
#104 = DIRECTION ( 'NONE',  ( 0.000000000000000000, 0.000000000000000000, -1.000000000000000000 ) ) ;
#105 =( CONVERSION_BASED_UNIT ( 'INCH', #2802 ) LENGTH_UNIT ( ) NAMED_UNIT ( #1835 ) );
#106 = DIRECTION ( 'NONE',  ( -0.000000000000000000, -1.000000000000000000, -0.000000000000000000 ) ) ;
#107 = ORIENTED_EDGE ( 'NONE', *, *, #1363, .F. ) ;
#108 = ORIENTED_EDGE ( 'NONE', *, *, #2110, .T. ) ;
#109 = VERTEX_POINT ( 'NONE', #842 ) ;
#110 = ADVANCED_FACE ( 'NONE', ( #1764 ), #1491, .F. ) ;
#111 = DIRECTION ( 'NONE',  ( 0.000000000000000000, 0.000000000000000000, -1.000000000000000000 ) ) ;
#112 = ORIENTED_EDGE ( 'NONE', *, *, #1963, .F. ) ;
#113 = VERTEX_POINT ( 'NONE', #1048 ) ;
#114 = FACE_OUTER_BOUND ( 'NONE', #69, .T. ) ;
#115 = DIRECTION ( 'NONE',  ( 0.000000000000000000, 1.000000000000000000, 0.000000000000000000 ) ) ;
#116 = ORIENTED_EDGE ( 'NONE', *, *, #2616, .F. ) ;
#117 = AXIS2_PLACEMENT_3D ( 'NONE', #1284, #2182, #843 ) ;
#118 = DIRECTION ( 'NONE',  ( -0.000000000000000000, -1.000000000000000000, -0.000000000000000000 ) ) ;
#119 = VERTEX_POINT ( 'NONE', #1947 ) ;
#120 = VECTOR ( 'NONE', #683, 39.37007874015748143 ) ;
#121 = ORIENTED_EDGE ( 'NONE', *, *, #2565, .T. ) ;
#122 = EDGE_CURVE ( 'NONE', #350, #643, #1080, .T. ) ;
#123 = DIRECTION ( 'NONE',  ( -1.000000000000000000, -0.000000000000000000, -0.000000000000000000 ) ) ;
#124 = EDGE_CURVE ( 'NONE', #1233, #2561, #1028, .T. ) ;
#125 = AXIS2_PLACEMENT_3D ( 'NONE', #2321, #1444, #561 ) ;
#126 = VERTEX_POINT ( 'NONE', #2149 ) ;
#127 = CARTESIAN_POINT ( 'NONE',  ( -1.574999999999999956, 0.07749999999999999944, -3.068249999999999034 ) ) ;
#128 = VECTOR ( 'NONE', #118, 39.37007874015748143 ) ;
#129 = ORIENTED_EDGE ( 'NONE', *, *, #811, .F. ) ;
#130 = PLANE ( 'NONE',  #2002 ) ;
#131 = VECTOR ( 'NONE', #173, 39.37007874015748143 ) ;
#132 = DIRECTION ( 'NONE',  ( 0.000000000000000000, 0.000000000000000000, -1.000000000000000000 ) ) ;
#133 = CARTESIAN_POINT ( 'NONE',  ( -2.068749999999999201, 0.3750000000000000555, -0.7529999999999998916 ) ) ;
#134 = EDGE_CURVE ( 'NONE', #1150, #2494, #700, .T. ) ;
#135 = ORIENTED_EDGE ( 'NONE', *, *, #1810, .T. ) ;
#136 = AXIS2_PLACEMENT_3D ( 'NONE', #794, #1054, #1512 ) ;
#137 = VERTEX_POINT ( 'NONE', #2851 ) ;
#138 = CIRCLE ( 'NONE', #230, 0.05324999999999976974 ) ;
#139 = CARTESIAN_POINT ( 'NONE',  ( -2.068749999999999201, 0.3750000000000000555, -0.7529999999999998916 ) ) ;
#140 = DIRECTION ( 'NONE',  ( 0.000000000000000000, 0.000000000000000000, -1.000000000000000000 ) ) ;
#141 = ORIENTED_EDGE ( 'NONE', *, *, #2648, .F. ) ;
#142 = FACE_OUTER_BOUND ( 'NONE', #2589, .T. ) ;
#143 = ORIENTED_EDGE ( 'NONE', *, *, #1286, .T. ) ;
#144 = CARTESIAN_POINT ( 'NONE',  ( 1.961750000000000993, 0.3750000000000000555, 3.249500000000000277 ) ) ;
#145 = CARTESIAN_POINT ( 'NONE',  ( -2.068749999999999201, 0.000000000000000000, -0.7842499999999998916 ) ) ;
#147 = ORIENTED_EDGE ( 'NONE', *, *, #2482, .T. ) ;
#146 = CIRCLE ( 'NONE', #2152, 0.1004999999999996452 ) ;
#148 = DIRECTION ( 'NONE',  ( 0.000000000000000000, -1.000000000000000000, 0.000000000000000000 ) ) ;
#149 = CARTESIAN_POINT ( 'NONE',  ( 1.854750000000001009, 0.3750000000000000555, -0.7842499999999998916 ) ) ;
#150 = VERTEX_POINT ( 'NONE', #631 ) ;
#151 = CARTESIAN_POINT ( 'NONE',  ( 0.1100000000000007777, 0.2975000000000000422, 3.599999999999999645 ) ) ;
#152 = ORIENTED_EDGE ( 'NONE', *, *, #1812, .T. ) ;
#153 = CARTESIAN_POINT ( 'NONE',  ( -1.183499999999999996, 0.3750000000000000555, -2.577749999999999542 ) ) ;
#154 = ORIENTED_EDGE ( 'NONE', *, *, #2065, .F. ) ;
#155 = DIRECTION ( 'NONE',  ( -0.5150380749100573752, 0.000000000000000000, 0.8571673007021103352 ) ) ;
#156 = FACE_OUTER_BOUND ( 'NONE', #1698, .T. ) ;
#157 = DIRECTION ( 'NONE',  ( -0.000000000000000000, 1.000000000000000000, -0.000000000000000000 ) ) ;
#158 = EDGE_CURVE ( 'NONE', #289, #1827, #615, .T. ) ;
#159 = CARTESIAN_POINT ( 'NONE',  ( -1.152250000000000218, 0.3750000000000000555, -2.785250000000000004 ) ) ;
#160 = VERTEX_POINT ( 'NONE', #824 ) ;
#161 = ORIENTED_EDGE ( 'NONE', *, *, #293, .T. ) ;
#162 = DIRECTION ( 'NONE',  ( 0.000000000000000000, 0.000000000000000000, 1.000000000000000000 ) ) ;
#163 = CYLINDRICAL_SURFACE ( 'NONE', #1067, 0.1100000000000004724 ) ;
#164 = CIRCLE ( 'NONE', #1762, 0.03124999999999983694 ) ;
#165 = ORIENTED_EDGE ( 'NONE', *, *, #1743, .T. ) ;
#166 = DIRECTION ( 'NONE',  ( -1.000000000000000000, -0.000000000000000000, -0.000000000000000000 ) ) ;
#167 = VERTEX_POINT ( 'NONE', #361 ) ;
#168 = VECTOR ( 'NONE', #259, 39.37007874015748143 ) ;
#169 = ORIENTED_EDGE ( 'NONE', *, *, #1051, .F. ) ;
#170 = CARTESIAN_POINT ( 'NONE',  ( -1.961749999999999439, 0.000000000000000000, 3.450499999999999901 ) ) ;
#171 = VECTOR ( 'NONE', #1962, 39.37007874015748143 ) ;
#172 = VECTOR ( 'NONE', #84, 39.37007874015748143 ) ;
#173 = DIRECTION ( 'NONE',  ( -0.000000000000000000, -1.000000000000000000, -0.000000000000000000 ) ) ;
#174 = DIRECTION ( 'NONE',  ( 0.000000000000000000, 0.000000000000000000, -1.000000000000000000 ) ) ;
#175 = CIRCLE ( 'NONE', #1911, 0.09499999999999939049 ) ;
#176 = DIRECTION ( 'NONE',  ( 1.000000000000000000, -0.000000000000000000, -0.000000000000000000 ) ) ;
#177 = ADVANCED_FACE ( 'NONE', ( #2404 ), #1272, .F. ) ;
#178 = ORIENTED_EDGE ( 'NONE', *, *, #2571, .F. ) ;
#179 = AXIS2_PLACEMENT_3D ( 'NONE', #1969, #555, #2343 ) ;
#180 = DIRECTION ( 'NONE',  ( -0.5150380749100573752, 1.049727191138616354E-16, -0.8571673007021103352 ) ) ;
#181 = CARTESIAN_POINT ( 'NONE',  ( 1.183499999999999774, 0.3750000000000000555, -2.785249999999999559 ) ) ;
#182 = VECTOR ( 'NONE', #679, 39.37007874015748143 ) ;
#183 = ORIENTED_EDGE ( 'NONE', *, *, #527, .T. ) ;
#184 = PRODUCT_RELATED_PRODUCT_CATEGORY ( 'part', '', ( #423 ) ) ;
#185 = CIRCLE ( 'NONE', #686, 0.1100000000000004724 ) ;
#186 = DIRECTION ( 'NONE',  ( -0.000000000000000000, -0.000000000000000000, 1.000000000000000000 ) ) ;
#187 = VERTEX_POINT ( 'NONE', #1066 ) ;
#188 = LINE ( 'NONE', #2829, #2476 ) ;
#189 = EDGE_CURVE ( 'NONE', #1522, #2524, #1033, .T. ) ;
#190 = ORIENTED_EDGE ( 'NONE', *, *, #2356, .T. ) ;
#191 = CARTESIAN_POINT ( 'NONE',  ( -2.359999999999998987, 0.1875000000000000278, 0.5967500000000001137 ) ) ;
#192 = DIRECTION ( 'NONE',  ( -0.000000000000000000, -0.000000000000000000, -1.000000000000000000 ) ) ;
#193 = EDGE_LOOP ( 'NONE', ( #2727, #2658, #1495, #523, #1885, #1657, #959, #178 ) ) ;
#194 = DIRECTION ( 'NONE',  ( 0.000000000000000000, 0.000000000000000000, 1.000000000000000000 ) ) ;
#195 = ORIENTED_EDGE ( 'NONE', *, *, #220, .F. ) ;
#196 = ADVANCED_FACE ( 'NONE', ( #2871 ), #1316, .F. ) ;
#197 = DIRECTION ( 'NONE',  ( -1.000000000000000000, 0.000000000000000000, 0.000000000000000000 ) ) ;
#198 = EDGE_CURVE ( 'NONE', #611, #1216, #2832, .T. ) ;
#199 = ORIENTED_EDGE ( 'NONE', *, *, #527, .F. ) ;
#200 = FACE_OUTER_BOUND ( 'NONE', #21, .T. ) ;
#201 = ORIENTED_EDGE ( 'NONE', *, *, #322, .T. ) ;
#202 = CARTESIAN_POINT ( 'NONE',  ( -2.359999999999998987, 0.1875000000000000278, -2.599999999999999645 ) ) ;
#203 = CARTESIAN_POINT ( 'NONE',  ( -1.574999999999999956, 0.000000000000000000, -3.068249999999999034 ) ) ;
#204 = FACE_BOUND ( 'NONE', #1439, .T. ) ;
#205 = ORIENTED_EDGE ( 'NONE', *, *, #921, .F. ) ;
#206 = DIRECTION ( 'NONE',  ( 1.000000000000000000, -0.000000000000000000, -0.000000000000000000 ) ) ;
#207 = ORIENTED_EDGE ( 'NONE', *, *, #1260, .F. ) ;
#208 = DIRECTION ( 'NONE',  ( 0.000000000000000000, 0.000000000000000000, -1.000000000000000000 ) ) ;
#209 = LINE ( 'NONE', #665, #800 ) ;
#210 = EDGE_CURVE ( 'NONE', #2025, #370, #2439, .T. ) ;
#211 = LINE ( 'NONE', #914, #1200 ) ;
#213 = AXIS2_PLACEMENT_3D ( 'NONE', #1834, #2257, #276 ) ;
#212 = CARTESIAN_POINT ( 'NONE',  ( 1.961750000000000993, 0.3750000000000000555, 3.350000000000000089 ) ) ;
#214 = DIRECTION ( 'NONE',  ( 1.000000000000000000, 0.000000000000000000, 0.000000000000000000 ) ) ;
#215 = AXIS2_PLACEMENT_3D ( 'NONE', #2377, #1008, #1916 ) ;
#216 = ORIENTED_EDGE ( 'NONE', *, *, #2788, .F. ) ;
#217 = VECTOR ( 'NONE', #2080, 39.37007874015748143 ) ;
#218 = DIRECTION ( 'NONE',  ( -1.000000000000000000, -0.000000000000000000, -0.000000000000000000 ) ) ;
#219 = CARTESIAN_POINT ( 'NONE',  ( -2.359999999999998987, 0.1875000000000000278, 0.6499999999999999112 ) ) ;
#220 = EDGE_CURVE ( 'NONE', #2713, #778, #2636, .T. ) ;
#221 = EDGE_LOOP ( 'NONE', ( #96, #2892, #2198, #1576 ) ) ;
#222 = DIRECTION ( 'NONE',  ( -0.000000000000000000, -1.000000000000000000, -0.000000000000000000 ) ) ;
#223 = CIRCLE ( 'NONE', #2238, 0.1004999999999996452 ) ;
#224 = DIRECTION ( 'NONE',  ( 0.000000000000000000, 0.000000000000000000, -1.000000000000000000 ) ) ;
#225 = DIRECTION ( 'NONE',  ( -0.000000000000000000, -1.000000000000000000, -0.000000000000000000 ) ) ;
#226 = CARTESIAN_POINT ( 'NONE',  ( -1.961749999999999439, 0.3750000000000001110, 3.249500000000000277 ) ) ;
#227 = DIRECTION ( 'NONE',  ( 0.000000000000000000, 0.000000000000000000, 1.000000000000000000 ) ) ;
#228 = VECTOR ( 'NONE', #369, 39.37007874015748143 ) ;
#229 = CARTESIAN_POINT ( 'NONE',  ( 1.859999999999999210, 0.1875000000000000278, 0.5967500000000000027 ) ) ;
#230 = AXIS2_PLACEMENT_3D ( 'NONE', #2082, #1863, #2767 ) ;
#231 = VERTEX_POINT ( 'NONE', #2387 ) ;
#232 = DIRECTION ( 'NONE',  ( 0.000000000000000000, -0.000000000000000000, -1.000000000000000000 ) ) ;
#233 = CARTESIAN_POINT ( 'NONE',  ( 1.859999999999999210, 0.1874999999999999722, 1.099999999999999867 ) ) ;
#234 = DIRECTION ( 'NONE',  ( 0.000000000000000000, 0.000000000000000000, -1.000000000000000000 ) ) ;
#235 = FACE_OUTER_BOUND ( 'NONE', #2156, .T. ) ;
#236 = DIRECTION ( 'NONE',  ( 0.000000000000000000, 0.000000000000000000, 1.000000000000000000 ) ) ;
#237 = ORIENTED_EDGE ( 'NONE', *, *, #2380, .T. ) ;
#238 = AXIS2_PLACEMENT_3D ( 'NONE', #11, #1921, #1474 ) ;
#239 = CYLINDRICAL_SURFACE ( 'NONE', #677, 0.09499999999999939049 ) ;
#240 = CARTESIAN_POINT ( 'NONE',  ( -1.859999999999999210, 0.1875000000000000278, 0.5967500000000000027 ) ) ;
#241 = DIRECTION ( 'NONE',  ( 0.000000000000000000, 0.000000000000000000, -1.000000000000000000 ) ) ;
#242 = CARTESIAN_POINT ( 'NONE',  ( -1.961749999999999439, 0.3750000000000001110, 3.350000000000000089 ) ) ;
#243 = DIRECTION ( 'NONE',  ( -0.000000000000000000, 1.000000000000000000, -0.000000000000000000 ) ) ;
#244 = DIRECTION ( 'NONE',  ( 1.000000000000000000, -0.000000000000000000, -0.000000000000000000 ) ) ;
#245 = EDGE_CURVE ( 'NONE', #2125, #1938, #1749, .T. ) ;
#246 = ORIENTED_EDGE ( 'NONE', *, *, #1478, .T. ) ;
#247 = CARTESIAN_POINT ( 'NONE',  ( 2.360000000000000764, 0.000000000000000000, 3.599999999999999645 ) ) ;
#248 = EDGE_CURVE ( 'NONE', #836, #2524, #2213, .T. ) ;
#249 = DIRECTION ( 'NONE',  ( 0.000000000000000000, 1.000000000000000000, 0.000000000000000000 ) ) ;
#250 = VERTEX_POINT ( 'NONE', #1992 ) ;
#251 = CARTESIAN_POINT ( 'NONE',  ( -1.574999999999999956, 0.07749999999999999944, -2.294750000000000512 ) ) ;
#252 = FACE_OUTER_BOUND ( 'NONE', #432, .T. ) ;
#253 = DIRECTION ( 'NONE',  ( 1.000000000000000000, -0.000000000000000000, -0.000000000000000000 ) ) ;
#254 = AXIS2_PLACEMENT_3D ( 'NONE', #1132, #864, #2462 ) ;
#255 = CARTESIAN_POINT ( 'NONE',  ( 2.068750000000000533, 0.000000000000000000, -0.7529999999999998916 ) ) ;
#256 = EDGE_CURVE ( 'NONE', #2175, #2335, #1585, .T. ) ;
#257 = VECTOR ( 'NONE', #1418, 39.37007874015748143 ) ;
#258 = ORIENTED_EDGE ( 'NONE', *, *, #1424, .T. ) ;
#259 = DIRECTION ( 'NONE',  ( -0.000000000000000000, -1.000000000000000000, -0.000000000000000000 ) ) ;
#260 = DIRECTION ( 'NONE',  ( 0.000000000000000000, -1.000000000000000000, 0.000000000000000000 ) ) ;
#261 = CARTESIAN_POINT ( 'NONE',  ( 1.183000000000000496, 0.2975000000000000422, 3.599999999999999645 ) ) ;
#262 = CARTESIAN_POINT ( 'NONE',  ( 0.1100000000000007777, 0.2975000000000000422, -2.217999999999999972 ) ) ;
#263 = CARTESIAN_POINT ( 'NONE',  ( 1.183000000000000496, 0.2975000000000000422, -2.217999999999999972 ) ) ;
#264 = ORIENTED_EDGE ( 'NONE', *, *, #2101, .F. ) ;
#265 = LINE ( 'NONE', #35, #2367 ) ;
#266 = VECTOR ( 'NONE', #1877, 39.37007874015748143 ) ;
#267 = ORIENTED_EDGE ( 'NONE', *, *, #616, .T. ) ;
#268 = AXIS2_PLACEMENT_3D ( 'NONE', #1727, #166, #386 ) ;
#269 = CARTESIAN_POINT ( 'NONE',  ( 1.859999999999999210, 0.1875000000000000278, -2.653249999999999442 ) ) ;
#270 = VECTOR ( 'NONE', #321, 39.37007874015748143 ) ;
#271 = ORIENTED_EDGE ( 'NONE', *, *, #695, .T. ) ;
#272 = AXIS2_PLACEMENT_3D ( 'NONE', #724, #1656, #941 ) ;
#273 = CARTESIAN_POINT ( 'NONE',  ( -1.961749999999999439, 0.000000000000000000, 3.350000000000000089 ) ) ;
#274 = CIRCLE ( 'NONE', #2007, 0.05324999999999976974 ) ;
#275 = VERTEX_POINT ( 'NONE', #1400 ) ;
#276 = DIRECTION ( 'NONE',  ( 0.000000000000000000, 0.000000000000000000, 1.000000000000000000 ) ) ;
#277 = LINE ( 'NONE', #2764, #531 ) ;
#278 = CARTESIAN_POINT ( 'NONE',  ( -1.854749999999999455, 0.3750000000000000555, -0.7842499999999998916 ) ) ;
#279 = CYLINDRICAL_SURFACE ( 'NONE', #1730, 0.03124999999999983694 ) ;
#280 = VERTEX_POINT ( 'NONE', #1386 ) ;
#281 = CARTESIAN_POINT ( 'NONE',  ( -1.183499999999999996, 0.3750000000000000555, -2.577749999999999542 ) ) ;
#282 = EDGE_LOOP ( 'NONE', ( #1544, #1434, #1422, #2796 ) ) ;
#283 = ADVANCED_FACE ( 'NONE', ( #2729 ), #704, .F. ) ;
#284 = DIRECTION ( 'NONE',  ( -0.000000000000000000, -1.000000000000000000, -0.000000000000000000 ) ) ;
#285 = ORIENTED_EDGE ( 'NONE', *, *, #2803, .F. ) ;
#286 = EDGE_LOOP ( 'NONE', ( #1559, #2123, #980, #1416 ) ) ;
#287 = CARTESIAN_POINT ( 'NONE',  ( 1.152249999999999774, 0.3750000000000000555, -2.546499999999999542 ) ) ;
#288 = DIRECTION ( 'NONE',  ( 1.000000000000000000, -0.000000000000000000, -0.000000000000000000 ) ) ;
#289 = VERTEX_POINT ( 'NONE', #2514 ) ;
#290 = CARTESIAN_POINT ( 'NONE',  ( -2.099999999999999201, 0.1875000000000000278, -2.203249999999999709 ) ) ;
#291 = CYLINDRICAL_SURFACE ( 'NONE', #1915, 0.1004999999999996452 ) ;
#292 = DIRECTION ( 'NONE',  ( 0.000000000000000000, 0.000000000000000000, -1.000000000000000000 ) ) ;
#293 = EDGE_CURVE ( 'NONE', #2722, #187, #146, .T. ) ;
#294 = ORIENTED_EDGE ( 'NONE', *, *, #1217, .T. ) ;
#295 = CARTESIAN_POINT ( 'NONE',  ( 0.9630000000000005222, 0.3750000000000000555, -2.217999999999999972 ) ) ;
#296 = DIRECTION ( 'NONE',  ( -0.000000000000000000, -1.000000000000000000, -0.000000000000000000 ) ) ;
#297 = EDGE_CURVE ( 'NONE', #6, #2272, #437, .T. ) ;
#298 = ORIENTED_EDGE ( 'NONE', *, *, #1791, .F. ) ;
#299 = AXIS2_PLACEMENT_3D ( 'NONE', #2650, #659, #1097 ) ;
#300 = DIRECTION ( 'NONE',  ( -0.000000000000000000, -1.000000000000000000, -0.000000000000000000 ) ) ;
#301 = CARTESIAN_POINT ( 'NONE',  ( -1.859999999999999210, 0.1875000000000000278, 0.6499999999999999112 ) ) ;
#302 = AXIS2_PLACEMENT_3D ( 'NONE', #2710, #449, #1980 ) ;
#303 = EDGE_CURVE ( 'NONE', #2347, #2175, #1561, .T. ) ;
#304 = PRODUCT_DEFINITION_FORMATION_WITH_SPECIFIED_SOURCE ( 'ANY', '', #423, .NOT_KNOWN. ) ;
#305 = CARTESIAN_POINT ( 'NONE',  ( 2.100000000000000977, 0.3750000000000000555, -0.7842500000000001137 ) ) ;
#306 = VECTOR ( 'NONE', #2510, 39.37007874015748143 ) ;
#307 = ORIENTED_EDGE ( 'NONE', *, *, #1133, .T. ) ;
#308 = ORIENTED_EDGE ( 'NONE', *, *, #1636, .T. ) ;
#309 = VECTOR ( 'NONE', #1900, 39.37007874015748143 ) ;
#310 = EDGE_CURVE ( 'NONE', #17, #1898, #1617, .T. ) ;
#311 = ORIENTED_EDGE ( 'NONE', *, *, #2420, .F. ) ;
#312 = AXIS2_PLACEMENT_3D ( 'NONE', #273, #756, #942 ) ;
#313 = CARTESIAN_POINT ( 'NONE',  ( -1.152249999999999330, 0.3750000000000000555, -3.129999999999999449 ) ) ;
#314 = VECTOR ( 'NONE', #2574, 39.37007874015748143 ) ;
#315 = VERTEX_POINT ( 'NONE', #2489 ) ;
#316 = AXIS2_PLACEMENT_3D ( 'NONE', #368, #2836, #2606 ) ;
#317 = LINE ( 'NONE', #996, #1347 ) ;
#318 = AXIS2_PLACEMENT_3D ( 'NONE', #621, #1737, #1694 ) ;
#319 = VERTEX_POINT ( 'NONE', #886 ) ;
#320 = AXIS2_PLACEMENT_3D ( 'NONE', #2024, #907, #2492 ) ;
#321 = DIRECTION ( 'NONE',  ( -0.000000000000000000, 1.000000000000000000, -0.000000000000000000 ) ) ;
#322 = EDGE_CURVE ( 'NONE', #109, #2119, #1651, .T. ) ;
#323 = EDGE_LOOP ( 'NONE', ( #2344, #2374, #940, #2646 ) ) ;
#324 = ORIENTED_EDGE ( 'NONE', *, *, #1141, .F. ) ;
#325 = EDGE_CURVE ( 'NONE', #544, #2711, #52, .T. ) ;
#326 = DIRECTION ( 'NONE',  ( 0.000000000000000000, -1.000000000000000000, 0.000000000000000000 ) ) ;
#327 = ORIENTED_EDGE ( 'NONE', *, *, #1847, .F. ) ;
#328 = LINE ( 'NONE', #2759, #172 ) ;
#329 = VERTEX_POINT ( 'NONE', #920 ) ;
#330 = DIRECTION ( 'NONE',  ( 0.000000000000000000, -1.000000000000000000, 0.000000000000000000 ) ) ;
#331 = AXIS2_PLACEMENT_3D ( 'NONE', #2418, #1534, #174 ) ;
#332 = VERTEX_POINT ( 'NONE', #2692 ) ;
#333 = FACE_OUTER_BOUND ( 'NONE', #732, .T. ) ;
#334 = EDGE_CURVE ( 'NONE', #1695, #1050, #2614, .T. ) ;
#335 = ORIENTED_EDGE ( 'NONE', *, *, #1389, .T. ) ;
#336 = EDGE_CURVE ( 'NONE', #643, #350, #2279, .T. ) ;
#337 = LINE ( 'NONE', #348, #2373 ) ;
#338 = EDGE_LOOP ( 'NONE', ( #1563, #2776, #1814, #2655 ) ) ;
#339 = CARTESIAN_POINT ( 'NONE',  ( -1.859999999999999210, 0.1874999999999999722, 1.099999999999999867 ) ) ;
#340 = ORIENTED_EDGE ( 'NONE', *, *, #2276, .T. ) ;
#341 = LINE ( 'NONE', #1225, #2361 ) ;
#342 = DIRECTION ( 'NONE',  ( 0.000000000000000000, 0.000000000000000000, 1.000000000000000000 ) ) ;
#343 = ADVANCED_FACE ( 'NONE', ( #2742 ), #658, .F. ) ;
#344 = DIRECTION ( 'NONE',  ( 1.000000000000000000, 0.000000000000000000, -0.000000000000000000 ) ) ;
#345 = LINE ( 'NONE', #553, #358 ) ;
#346 = DIRECTION ( 'NONE',  ( 0.5150380749100573752, 0.000000000000000000, -0.8571673007021103352 ) ) ;
#347 = ORIENTED_EDGE ( 'NONE', *, *, #833, .F. ) ;
#348 = CARTESIAN_POINT ( 'NONE',  ( -1.152249999999999330, 0.000000000000000000, -3.129999999999999449 ) ) ;
#349 = CARTESIAN_POINT ( 'NONE',  ( 1.152249999999999552, 0.3750000000000000555, -2.816500000000000004 ) ) ;
#350 = VERTEX_POINT ( 'NONE', #1136 ) ;
#351 = AXIS2_PLACEMENT_3D ( 'NONE', #374, #818, #2210 ) ;
#352 = FACE_OUTER_BOUND ( 'NONE', #1887, .T. ) ;
#353 = PRODUCT_DEFINITION ( 'UNKNOWN', '', #304, #1143 ) ;
#354 = VECTOR ( 'NONE', #2411, 39.37007874015748143 ) ;
#355 = EDGE_LOOP ( 'NONE', ( #2251, #2694 ) ) ;
#356 = AXIS2_PLACEMENT_3D ( 'NONE', #2124, #2630, #2812 ) ;
#357 = CYLINDRICAL_SURFACE ( 'NONE', #1854, 0.03125000000000011102 ) ;
#358 = VECTOR ( 'NONE', #1021, 39.37007874015748143 ) ;
#359 = ORIENTED_EDGE ( 'NONE', *, *, #729, .T. ) ;
#360 = CARTESIAN_POINT ( 'NONE',  ( -1.152250000000000218, 0.3750000000000000555, -2.577749999999999542 ) ) ;
#361 = CARTESIAN_POINT ( 'NONE',  ( -0.9629999999999995230, 0.3750000000000000555, -2.217999999999999972 ) ) ;
#362 = VECTOR ( 'NONE', #2647, 39.37007874015748143 ) ;
#363 = CARTESIAN_POINT ( 'NONE',  ( 1.152249999999999774, 0.3750000000000000555, -2.785250000000000004 ) ) ;
#364 = FACE_OUTER_BOUND ( 'NONE', #2497, .T. ) ;
#365 = VERTEX_POINT ( 'NONE', #1111 ) ;
#366 = VECTOR ( 'NONE', #2011, 39.37007874015748143 ) ;
#367 = AXIS2_PLACEMENT_3D ( 'NONE', #159, #2637, #1690 ) ;
#368 = CARTESIAN_POINT ( 'NONE',  ( -2.068749999999999201, 0.3750000000000000555, -2.312999999999999723 ) ) ;
#369 = DIRECTION ( 'NONE',  ( 0.000000000000000000, 0.000000000000000000, -1.000000000000000000 ) ) ;
#370 = VERTEX_POINT ( 'NONE', #63 ) ;
#371 = DIRECTION ( 'NONE',  ( -0.000000000000000000, -1.000000000000000000, -0.000000000000000000 ) ) ;
#372 = ORIENTED_EDGE ( 'NONE', *, *, #789, .T. ) ;
#373 = EDGE_CURVE ( 'NONE', #2561, #2205, #2470, .T. ) ;
#374 = CARTESIAN_POINT ( 'NONE',  ( 1.073000000000000620, 0.2975000000000000422, -2.217999999999999972 ) ) ;
#375 = CARTESIAN_POINT ( 'NONE',  ( -1.072999999999999510, 0.2975000000000000422, -2.217999999999999972 ) ) ;
#376 = DIRECTION ( 'NONE',  ( -1.000000000000000000, -0.000000000000000000, -0.000000000000000000 ) ) ;
#377 = DIRECTION ( 'NONE',  ( 0.000000000000000000, 0.000000000000000000, -1.000000000000000000 ) ) ;
#378 = ORIENTED_EDGE ( 'NONE', *, *, #2402, .T. ) ;
#379 = CARTESIAN_POINT ( 'NONE',  ( 2.068750000000000533, 0.3750000000000000555, -0.7842499999999998916 ) ) ;
#380 = CARTESIAN_POINT ( 'NONE',  ( 1.828004172036781672, 0.1874999999999998890, -2.599999999999999645 ) ) ;
#381 = VERTEX_POINT ( 'NONE', #464 ) ;
#382 = ORIENTED_EDGE ( 'NONE', *, *, #1283, .T. ) ;
#383 = CARTESIAN_POINT ( 'NONE',  ( 1.854750000000001009, 0.3750000000000000555, -2.281749999999999723 ) ) ;
#384 = ADVANCED_FACE ( 'NONE', ( #645 ), #1004, .F. ) ;
#385 = VERTEX_POINT ( 'NONE', #19 ) ;
#386 = DIRECTION ( 'NONE',  ( 0.000000000000000000, 0.000000000000000000, 1.000000000000000000 ) ) ;
#387 = ORIENTED_EDGE ( 'NONE', *, *, #854, .F. ) ;
#388 = DIRECTION ( 'NONE',  ( 0.000000000000000000, 0.000000000000000000, -1.000000000000000000 ) ) ;
#389 = EDGE_CURVE ( 'NONE', #2906, #2223, #2318, .T. ) ;
#390 = CARTESIAN_POINT ( 'NONE',  ( 1.183500000000000218, 0.3750000000000000555, -3.161249999999999893 ) ) ;
#391 = CARTESIAN_POINT ( 'NONE',  ( -0.1099999999999999728, 0.2975000000000000422, -2.217999999999999972 ) ) ;
#392 = CARTESIAN_POINT ( 'NONE',  ( 1.961750000000000993, 0.3750000000000000555, 3.350000000000000089 ) ) ;
#393 = EDGE_CURVE ( 'NONE', #764, #2025, #962, .T. ) ;
#394 = CARTESIAN_POINT ( 'NONE',  ( -2.359999999999998987, 0.1874999999999999722, 1.153249999999999664 ) ) ;
#395 = ORIENTED_EDGE ( 'NONE', *, *, #607, .T. ) ;
#396 = EDGE_CURVE ( 'NONE', #2452, #2789, #2715, .T. ) ;
#397 = VERTEX_POINT ( 'NONE', #1459 ) ;
#398 = CARTESIAN_POINT ( 'NONE',  ( -0.1099999999999992650, 0.3750000000000000555, 3.599999999999999645 ) ) ;
#399 = DIRECTION ( 'NONE',  ( -0.000000000000000000, 1.000000000000000000, -0.000000000000000000 ) ) ;
#400 = VECTOR ( 'NONE', #1429, 39.37007874015748143 ) ;
#401 = EDGE_CURVE ( 'NONE', #1502, #1261, #1417, .T. ) ;
#402 = PLANE ( 'NONE',  #2234 ) ;
#403 = ORIENTED_EDGE ( 'NONE', *, *, #2863, .F. ) ;
#404 = CARTESIAN_POINT ( 'NONE',  ( 2.359999999999998987, 0.1875000000000000278, -2.653249999999999442 ) ) ;
#405 = VECTOR ( 'NONE', #2348, 39.37007874015748143 ) ;
#406 = ORIENTED_EDGE ( 'NONE', *, *, #1041, .F. ) ;
#407 = LINE ( 'NONE', #1490, #2806 ) ;
#408 = LINE ( 'NONE', #1520, #2109 ) ;
#409 = AXIS2_PLACEMENT_3D ( 'NONE', #1227, #2120, #776 ) ;
#410 = ORIENTED_EDGE ( 'NONE', *, *, #697, .T. ) ;
#411 = AXIS2_PLACEMENT_3D ( 'NONE', #1047, #1946, #604 ) ;
#412 = EDGE_CURVE ( 'NONE', #840, #329, #317, .T. ) ;
#413 = VECTOR ( 'NONE', #809, 39.37007874015748143 ) ;
#414 = ORIENTED_EDGE ( 'NONE', *, *, #189, .T. ) ;
#415 = AXIS2_PLACEMENT_3D ( 'NONE', #2854, #1718, #827 ) ;
#416 = CARTESIAN_POINT ( 'NONE',  ( 2.068750000000000533, 0.3750000000000000555, -0.7529999999999998916 ) ) ;
#417 = CARTESIAN_POINT ( 'NONE',  ( 1.859999999999999210, 0.1874999999999999722, 1.046750000000000069 ) ) ;
#418 = DIRECTION ( 'NONE',  ( -1.173877618453189892E-16, 0.000000000000000000, -1.000000000000000000 ) ) ;
#419 = APPLICATION_PROTOCOL_DEFINITION ( 'draft international standard', 'automotive_design', 1998, #65 ) ;
#420 = ORIENTED_EDGE ( 'NONE', *, *, #512, .F. ) ;
#421 = DIRECTION ( 'NONE',  ( 0.000000000000000000, 0.000000000000000000, -1.000000000000000000 ) ) ;
#422 = CARTESIAN_POINT ( 'NONE',  ( 2.359999999999998987, 0.1875000000000000278, 0.7032499999999997087 ) ) ;
#423 = PRODUCT ( 'Backing Plate', 'Backing Plate', '', ( #1530 ) ) ;
#424 = ORIENTED_EDGE ( 'NONE', *, *, #248, .T. ) ;
#425 = AXIS2_PLACEMENT_3D ( 'NONE', #392, #157, #2883 ) ;
#426 = CARTESIAN_POINT ( 'NONE',  ( -1.859999999999999210, 0.1875000000000000278, 0.6499999999999999112 ) ) ;
#427 = FACE_OUTER_BOUND ( 'NONE', #1843, .T. ) ;
#428 = ADVANCED_FACE ( 'NONE', ( #2310 ), #1645, .T. ) ;
#429 = ORIENTED_EDGE ( 'NONE', *, *, #685, .F. ) ;
#430 = FACE_BOUND ( 'NONE', #2877, .T. ) ;
#431 = CARTESIAN_POINT ( 'NONE',  ( -1.152250000000000218, 0.3750000000000000555, -2.546499999999999542 ) ) ;
#432 = EDGE_LOOP ( 'NONE', ( #311, #1040, #1454, #2770 ) ) ;
#433 = DIRECTION ( 'NONE',  ( 0.000000000000000000, 0.000000000000000000, -1.000000000000000000 ) ) ;
#434 = EDGE_LOOP ( 'NONE', ( #1867, #1088, #161, #1738 ) ) ;
#435 = ORIENTED_EDGE ( 'NONE', *, *, #2841, .F. ) ;
#436 = CARTESIAN_POINT ( 'NONE',  ( 1.574999999999999956, 0.000000000000000000, -2.484749999999999126 ) ) ;
#437 = LINE ( 'NONE', #1602, #889 ) ;
#438 = EDGE_CURVE ( 'NONE', #618, #982, #341, .T. ) ;
#439 = ORIENTED_EDGE ( 'NONE', *, *, #297, .F. ) ;
#440 = VERTEX_POINT ( 'NONE', #127 ) ;
#441 = CARTESIAN_POINT ( 'NONE',  ( 0.9630000000000005222, 0.3750000000000000555, 3.599999999999999645 ) ) ;
#442 = ORIENTED_EDGE ( 'NONE', *, *, #2792, .F. ) ;
#443 = CARTESIAN_POINT ( 'NONE',  ( 1.854750000000001009, 0.3750000000000000555, -2.312999999999999723 ) ) ;
#444 = ADVANCED_FACE ( 'NONE', ( #1013 ), #972, .F. ) ;
#445 = PLANE ( 'NONE',  #2478 ) ;
#447 = AXIS2_PLACEMENT_3D ( 'NONE', #1630, #2526, #104 ) ;
#446 = CARTESIAN_POINT ( 'NONE',  ( 2.100000000000000977, 0.3750000000000000555, -2.281749999999999723 ) ) ;
#448 = DIRECTION ( 'NONE',  ( 0.000000000000000000, 0.000000000000000000, -1.000000000000000000 ) ) ;
#449 = DIRECTION ( 'NONE',  ( 0.000000000000000000, 0.000000000000000000, -1.000000000000000000 ) ) ;
#450 = AXIS2_PLACEMENT_3D ( 'NONE', #1803, #460, #1121 ) ;
#451 = DIRECTION ( 'NONE',  ( 1.000000000000000000, 0.000000000000000000, 0.000000000000000000 ) ) ;
#452 = VERTEX_POINT ( 'NONE', #2753 ) ;
#453 = AXIS2_PLACEMENT_3D ( 'NONE', #363, #77, #1862 ) ;
#454 = DIRECTION ( 'NONE',  ( -0.000000000000000000, 1.000000000000000000, -0.000000000000000000 ) ) ;
#455 = CARTESIAN_POINT ( 'NONE',  ( -0.1099999999999999728, 0.3750000000000000555, -2.217999999999999972 ) ) ;
#456 = DIRECTION ( 'NONE',  ( 0.000000000000000000, 1.000000000000000000, -0.000000000000000000 ) ) ;
#457 = VECTOR ( 'NONE', #1320, 39.37007874015748143 ) ;
#458 = AXIS2_PLACEMENT_3D ( 'NONE', #638, #1554, #2444 ) ;
#459 = ORIENTED_EDGE ( 'NONE', *, *, #75, .T. ) ;
#460 = DIRECTION ( 'NONE',  ( 0.000000000000000000, -1.000000000000000000, 0.000000000000000000 ) ) ;
#461 = EDGE_CURVE ( 'NONE', #1261, #137, #1195, .T. ) ;
#462 = EDGE_CURVE ( 'NONE', #1359, #749, #79, .T. ) ;
#463 = CARTESIAN_POINT ( 'NONE',  ( 1.183499999999999774, 0.000000000000000000, -2.577749999999999542 ) ) ;
#464 = CARTESIAN_POINT ( 'NONE',  ( -1.828004172036781672, 0.1874999999999998335, 1.099999999999999867 ) ) ;
#465 = DIRECTION ( 'NONE',  ( -0.000000000000000000, -1.000000000000000000, -0.000000000000000000 ) ) ;
#466 = DIRECTION ( 'NONE',  ( 0.000000000000000000, 0.000000000000000000, 1.000000000000000000 ) ) ;
#467 = CARTESIAN_POINT ( 'NONE',  ( 2.360000000000000764, 0.3750000000000000555, 3.599999999999999645 ) ) ;
#468 = ORIENTED_EDGE ( 'NONE', *, *, #1621, .F. ) ;
#469 = CARTESIAN_POINT ( 'NONE',  ( 2.100000000000000977, 0.1875000000000000278, -2.149999999999999911 ) ) ;
#470 = EDGE_CURVE ( 'NONE', #1380, #1078, #517, .T. ) ;
#471 = DIRECTION ( 'NONE',  ( -0.000000000000000000, 1.000000000000000000, -0.000000000000000000 ) ) ;
#472 = EDGE_LOOP ( 'NONE', ( #1855, #2599, #1981 ) ) ;
#473 = CARTESIAN_POINT ( 'NONE',  ( -1.152249999999999774, 0.000000000000000000, -3.399999999999999911 ) ) ;
#474 = VERTEX_POINT ( 'NONE', #287 ) ;
#475 = DIRECTION ( 'NONE',  ( 0.000000000000000000, 1.000000000000000000, -0.000000000000000000 ) ) ;
#476 = DIRECTION ( 'NONE',  ( -0.000000000000000000, -1.000000000000000000, -0.000000000000000000 ) ) ;
#477 = CARTESIAN_POINT ( 'NONE',  ( 0.000000000000000000, 0.3750000000000000555, 0.000000000000000000 ) ) ;
#478 = ORIENTED_EDGE ( 'NONE', *, *, #1886, .F. ) ;
#479 = DIRECTION ( 'NONE',  ( 0.000000000000000000, 0.000000000000000000, -1.000000000000000000 ) ) ;
#480 = DIRECTION ( 'NONE',  ( -1.000000000000000000, -0.000000000000000000, -0.000000000000000000 ) ) ;
#481 = DIRECTION ( 'NONE',  ( 0.000000000000000000, 1.000000000000000000, 0.000000000000000000 ) ) ;
#482 = CARTESIAN_POINT ( 'NONE',  ( 1.854750000000001009, 0.3750000000000000555, -0.7842499999999998916 ) ) ;
#483 = ORIENTED_EDGE ( 'NONE', *, *, #1356, .T. ) ;
#484 = CARTESIAN_POINT ( 'NONE',  ( 2.359999999999998987, 0.1874999999999999722, 1.099999999999999867 ) ) ;
#485 = ORIENTED_EDGE ( 'NONE', *, *, #2060, .T. ) ;
#486 = VECTOR ( 'NONE', #2383, 39.37007874015748143 ) ;
#487 = CARTESIAN_POINT ( 'NONE',  ( 1.859999999999999210, 0.1875000000000000278, -2.599999999999999645 ) ) ;
#488 = EDGE_LOOP ( 'NONE', ( #121, #2822, #1511, #2158 ) ) ;
#489 = ORIENTED_EDGE ( 'NONE', *, *, #1073, .T. ) ;
#490 = CARTESIAN_POINT ( 'NONE',  ( 1.183000000000000496, 0.2975000000000000422, 3.599999999999999645 ) ) ;
#491 = CARTESIAN_POINT ( 'NONE',  ( -2.359999999999998987, 0.3750000000000000555, 3.599999999999999645 ) ) ;
#492 = CARTESIAN_POINT ( 'NONE',  ( -2.359999999999998987, 0.1875000000000000278, -2.149999999999999911 ) ) ;
#493 = CIRCLE ( 'NONE', #1242, 0.03124999999999983694 ) ;
#494 = CARTESIAN_POINT ( 'NONE',  ( -6.829619984160658046E-17, 0.3750000000000000555, -2.217999999999999972 ) ) ;
#495 = EDGE_CURVE ( 'NONE', #749, #1695, #1183, .T. ) ;
#496 = VERTEX_POINT ( 'NONE', #733 ) ;
#497 = AXIS2_PLACEMENT_3D ( 'NONE', #568, #2173, #1482 ) ;
#498 = VECTOR ( 'NONE', #1906, 39.37007874015748143 ) ;
#499 = VERTEX_POINT ( 'NONE', #2763 ) ;
#500 = EDGE_CURVE ( 'NONE', #1026, #329, #2078, .T. ) ;
#501 = AXIS2_PLACEMENT_3D ( 'NONE', #2707, #51, #2031 ) ;
#502 = DIRECTION ( 'NONE',  ( -0.000000000000000000, -1.000000000000000000, -0.000000000000000000 ) ) ;
#503 = VECTOR ( 'NONE', #2837, 39.37007874015748143 ) ;
#504 = ORIENTED_EDGE ( 'NONE', *, *, #2803, .T. ) ;
#505 = EDGE_LOOP ( 'NONE', ( #2083, #1788, #846, #600 ) ) ;
#506 = CARTESIAN_POINT ( 'NONE',  ( 2.068750000000000533, 0.3750000000000000555, -0.7842499999999998916 ) ) ;
#507 = CARTESIAN_POINT ( 'NONE',  ( -1.854749999999999455, 0.3750000000000000555, -2.281749999999999723 ) ) ;
#508 = VERTEX_POINT ( 'NONE', #546 ) ;
#509 = CARTESIAN_POINT ( 'NONE',  ( -1.183499999999999552, 0.3750000000000000555, -3.161249999999999893 ) ) ;
#510 = DIRECTION ( 'NONE',  ( 1.000000000000000000, 0.000000000000000000, -0.000000000000000000 ) ) ;
#511 = ORIENTED_EDGE ( 'NONE', *, *, #1896, .T. ) ;
#512 = EDGE_CURVE ( 'NONE', #1122, #2385, #1685, .T. ) ;
#513 = DIRECTION ( 'NONE',  ( -1.000000000000000000, -0.000000000000000000, -0.000000000000000000 ) ) ;
#514 = CARTESIAN_POINT ( 'NONE',  ( 1.152250000000000218, 0.3750000000000000555, -3.161249999999999449 ) ) ;
#515 = ADVANCED_FACE ( 'NONE', ( #2790 ), #960, .F. ) ;
#516 = ORIENTED_EDGE ( 'NONE', *, *, #1686, .F. ) ;
#517 = LINE ( 'NONE', #2106, #309 ) ;
#518 = EDGE_CURVE ( 'NONE', #829, #2633, #759, .T. ) ;
#519 = ORIENTED_EDGE ( 'NONE', *, *, #462, .T. ) ;
#520 = LINE ( 'NONE', #251, #782 ) ;
#521 = CARTESIAN_POINT ( 'NONE',  ( -6.829619984160658046E-17, 0.2975000000000000422, -2.217999999999999972 ) ) ;
#522 = ORIENTED_EDGE ( 'NONE', *, *, #2241, .T. ) ;
#523 = ORIENTED_EDGE ( 'NONE', *, *, #566, .F. ) ;
#524 = ORIENTED_EDGE ( 'NONE', *, *, #101, .T. ) ;
#525 = DIRECTION ( 'NONE',  ( 0.000000000000000000, 1.000000000000000000, -0.000000000000000000 ) ) ;
#526 = EDGE_CURVE ( 'NONE', #917, #2876, #1903, .T. ) ;
#527 = EDGE_CURVE ( 'NONE', #2125, #1371, #812, .T. ) ;
#528 = ORIENTED_EDGE ( 'NONE', *, *, #1424, .F. ) ;
#529 = DIRECTION ( 'NONE',  ( 0.000000000000000000, 0.000000000000000000, 1.000000000000000000 ) ) ;
#530 = CARTESIAN_POINT ( 'NONE',  ( 0.000000000000000000, 0.000000000000000000, 0.000000000000000000 ) ) ;
#531 = VECTOR ( 'NONE', #735, 39.37007874015748143 ) ;
#532 = ORIENTED_EDGE ( 'NONE', *, *, #1326, .T. ) ;
#533 = ADVANCED_FACE ( 'NONE', ( #114 ), #673, .F. ) ;
#534 = CARTESIAN_POINT ( 'NONE',  ( 2.100000000000000977, 0.000000000000000000, -0.7842500000000001137 ) ) ;
#535 = FACE_OUTER_BOUND ( 'NONE', #1753, .T. ) ;
#536 = CARTESIAN_POINT ( 'NONE',  ( 1.183000000000000496, 0.3750000000000000555, 3.599999999999999645 ) ) ;
#537 = EDGE_LOOP ( 'NONE', ( #2398, #1771 ) ) ;
#538 = AXIS2_PLACEMENT_3D ( 'NONE', #902, #2708, #674 ) ;
#539 = CARTESIAN_POINT ( 'NONE',  ( -1.574999999999999956, 0.000000000000000000, -2.973249999999999726 ) ) ;
#540 = EDGE_LOOP ( 'NONE', ( #1665, #152, #2811, #2903 ) ) ;
#541 = AXIS2_PLACEMENT_3D ( 'NONE', #514, #2579, #100 ) ;
#542 = CARTESIAN_POINT ( 'NONE',  ( -1.859999999999999210, 0.1875000000000000278, -2.546749999999999847 ) ) ;
#543 = AXIS2_PLACEMENT_3D ( 'NONE', #2068, #2274, #1634 ) ;
#544 = VERTEX_POINT ( 'NONE', #1471 ) ;
#545 = VECTOR ( 'NONE', #1032, 39.37007874015748143 ) ;
#546 = CARTESIAN_POINT ( 'NONE',  ( 1.183499999999999774, 0.000000000000000000, -2.785249999999999559 ) ) ;
#547 = PLANE ( 'NONE',  #2227 ) ;
#548 = EDGE_CURVE ( 'NONE', #852, #643, #188, .T. ) ;
#549 = LINE ( 'NONE', #2338, #2530 ) ;
#550 = AXIS2_PLACEMENT_3D ( 'NONE', #1151, #1549, #421 ) ;
#551 = EDGE_CURVE ( 'NONE', #1371, #1203, #2634, .T. ) ;
#552 = ORIENTED_EDGE ( 'NONE', *, *, #2094, .F. ) ;
#553 = CARTESIAN_POINT ( 'NONE',  ( 2.068750000000000533, 0.000000000000000000, -2.312999999999999723 ) ) ;
#554 = VERTEX_POINT ( 'NONE', #571 ) ;
#555 = DIRECTION ( 'NONE',  ( 0.000000000000000000, -1.000000000000000000, 0.000000000000000000 ) ) ;
#556 = ORIENTED_EDGE ( 'NONE', *, *, #1555, .T. ) ;
#557 = DIRECTION ( 'NONE',  ( -0.000000000000000000, -0.000000000000000000, 1.000000000000000000 ) ) ;
#558 = AXIS2_PLACEMENT_3D ( 'NONE', #2181, #2365, #1305 ) ;
#559 = ORIENTED_EDGE ( 'NONE', *, *, #2474, .F. ) ;
#560 = ORIENTED_EDGE ( 'NONE', *, *, #1230, .F. ) ;
#561 = DIRECTION ( 'NONE',  ( 0.000000000000000000, 0.000000000000000000, -1.000000000000000000 ) ) ;
#562 = CARTESIAN_POINT ( 'NONE',  ( 1.152250000000000218, 0.3750000000000000555, -3.368749999999999911 ) ) ;
#563 = LINE ( 'NONE', #1475, #2047 ) ;
#564 = ORIENTED_EDGE ( 'NONE', *, *, #652, .F. ) ;
#565 = DIRECTION ( 'NONE',  ( 0.000000000000000000, 0.000000000000000000, 1.000000000000000000 ) ) ;
#566 = EDGE_CURVE ( 'NONE', #2171, #840, #2613, .T. ) ;
#567 = ORIENTED_EDGE ( 'NONE', *, *, #833, .T. ) ;
#568 = CARTESIAN_POINT ( 'NONE',  ( -6.829619984160658046E-17, 0.2975000000000000422, -2.217999999999999972 ) ) ;
#569 = EDGE_LOOP ( 'NONE', ( #524, #2752, #442, #340 ) ) ;
#570 = ORIENTED_EDGE ( 'NONE', *, *, #1801, .T. ) ;
#571 = CARTESIAN_POINT ( 'NONE',  ( -1.183499999999999996, 0.000000000000000000, -2.785249999999999559 ) ) ;
#572 = DIRECTION ( 'NONE',  ( 0.000000000000000000, 1.000000000000000000, -0.000000000000000000 ) ) ;
#573 = CARTESIAN_POINT ( 'NONE',  ( 2.360000000000000764, 0.3750000000000000555, 3.599999999999999645 ) ) ;
#574 = EDGE_LOOP ( 'NONE', ( #1759, #2580, #1890, #556 ) ) ;
#575 = CARTESIAN_POINT ( 'NONE',  ( 1.152249999999999996, 0.3750000000000000555, -3.129999999999999449 ) ) ;
#576 = LINE ( 'NONE', #750, #498 ) ;
#577 = EDGE_LOOP ( 'NONE', ( #2547, #2431, #2408, #165 ) ) ;
#578 = CARTESIAN_POINT ( 'NONE',  ( 2.359999999999998987, 0.1875000000000000278, 0.6499999999999999112 ) ) ;
#579 = LINE ( 'NONE', #2154, #2486 ) ;
#580 = EDGE_CURVE ( 'NONE', #474, #1968, #1484, .T. ) ;
#581 = VERTEX_POINT ( 'NONE', #170 ) ;
#582 = CIRCLE ( 'NONE', #2231, 0.05324999999999976974 ) ;
#583 = CARTESIAN_POINT ( 'NONE',  ( -1.854749999999999455, 0.000000000000000000, -0.7529999999999998916 ) ) ;
#584 = ORIENTED_EDGE ( 'NONE', *, *, #2461, .T. ) ;
#585 = VECTOR ( 'NONE', #1799, 39.37007874015748143 ) ;
#586 = DIRECTION ( 'NONE',  ( 0.000000000000000000, 0.000000000000000000, 1.000000000000000000 ) ) ;
#587 = CARTESIAN_POINT ( 'NONE',  ( -1.152250000000000218, 0.3750000000000000555, -2.577749999999999542 ) ) ;
#588 = DIRECTION ( 'NONE',  ( 1.000000000000000000, -0.000000000000000000, -0.000000000000000000 ) ) ;
#589 = AXIS2_PLACEMENT_3D ( 'NONE', #212, #1110, #1354 ) ;
#590 = CYLINDRICAL_SURFACE ( 'NONE', #1438, 0.1099999999999999173 ) ;
#591 = CARTESIAN_POINT ( 'NONE',  ( 2.068750000000000533, 0.3750000000000000555, -2.312999999999999723 ) ) ;
#592 = DIRECTION ( 'NONE',  ( -1.000000000000000000, -0.000000000000000000, -0.000000000000000000 ) ) ;
#593 = EDGE_CURVE ( 'NONE', #397, #1324, #1044, .T. ) ;
#594 = CIRCLE ( 'NONE', #136, 0.03125000000000011102 ) ;
#595 = SURFACE_STYLE_FILL_AREA ( #2622 ) ;
#596 = EDGE_LOOP ( 'NONE', ( #1353, #2381, #195, #1593 ) ) ;
#597 = VERTEX_POINT ( 'NONE', #1504 ) ;
#598 = EDGE_CURVE ( 'NONE', #370, #1744, #1813, .T. ) ;
#599 = CARTESIAN_POINT ( 'NONE',  ( -2.359999999999998987, 0.1874999999999999722, 1.046750000000000069 ) ) ;
#600 = ORIENTED_EDGE ( 'NONE', *, *, #1173, .T. ) ;
#601 = EDGE_CURVE ( 'NONE', #829, #2298, #1699, .T. ) ;
#602 = FACE_OUTER_BOUND ( 'NONE', #2021, .T. ) ;
#603 = VECTOR ( 'NONE', #1388, 39.37007874015748143 ) ;
#604 = DIRECTION ( 'NONE',  ( 0.000000000000000000, 0.000000000000000000, -1.000000000000000000 ) ) ;
#605 = CARTESIAN_POINT ( 'NONE',  ( -2.359999999999998987, 0.1875000000000000278, 0.6499999999999999112 ) ) ;
#606 = FILL_AREA_STYLE_COLOUR ( '', #1826 ) ;
#607 = EDGE_CURVE ( 'NONE', #17, #2074, #2845, .T. ) ;
#608 = LINE ( 'NONE', #2354, #2484 ) ;
#609 = ORIENTED_EDGE ( 'NONE', *, *, #1696, .T. ) ;
#610 = DIRECTION ( 'NONE',  ( -0.000000000000000000, 0.000000000000000000, -1.000000000000000000 ) ) ;
#611 = VERTEX_POINT ( 'NONE', #1529 ) ;
#612 = CARTESIAN_POINT ( 'NONE',  ( 2.359999999999998987, 0.1875000000000000278, 0.6499999999999999112 ) ) ;
#613 = EDGE_LOOP ( 'NONE', ( #1061, #1297, #1426, #2855 ) ) ;
#614 = FACE_OUTER_BOUND ( 'NONE', #1443, .T. ) ;
#615 = LINE ( 'NONE', #1979, #2583 ) ;
#616 = EDGE_CURVE ( 'NONE', #440, #836, #1315, .T. ) ;
#617 = FACE_BOUND ( 'NONE', #193, .T. ) ;
#618 = VERTEX_POINT ( 'NONE', #2197 ) ;
#619 = EDGE_CURVE ( 'NONE', #2540, #1382, #853, .T. ) ;
#620 = ORIENTED_EDGE ( 'NONE', *, *, #1325, .F. ) ;
#621 = CARTESIAN_POINT ( 'NONE',  ( 1.961750000000000993, 0.000000000000000000, 3.350000000000000089 ) ) ;
#622 = AXIS2_PLACEMENT_3D ( 'NONE', #477, #2527, #2066 ) ;
#623 = LINE ( 'NONE', #599, #354 ) ;
#624 = CARTESIAN_POINT ( 'NONE',  ( -2.359999999999998987, 0.000000000000000000, -3.599999999999999645 ) ) ;
#625 = EDGE_LOOP ( 'NONE', ( #1720, #2896, #1648, #1430 ) ) ;
#626 = FACE_OUTER_BOUND ( 'NONE', #666, .T. ) ;
#627 = AXIS2_PLACEMENT_3D ( 'NONE', #1795, #1170, #2245 ) ;
#628 = LINE ( 'NONE', #2436, #168 ) ;
#629 = AXIS2_PLACEMENT_3D ( 'NONE', #2116, #1681, #111 ) ;
#630 = CARTESIAN_POINT ( 'NONE',  ( -1.574999999999999956, 0.000000000000000000, -2.294750000000000512 ) ) ;
#631 = CARTESIAN_POINT ( 'NONE',  ( -1.152250000000000218, 0.3750000000000000555, -2.546499999999999542 ) ) ;
#632 = CARTESIAN_POINT ( 'NONE',  ( -1.859999999999999210, 0.1874999999999999722, 1.153249999999999886 ) ) ;
#633 = EDGE_CURVE ( 'NONE', #2518, #1233, #1745, .T. ) ;
#634 = VECTOR ( 'NONE', #1998, 39.37007874015748143 ) ;
#635 = ADVANCED_FACE ( 'NONE', ( #602 ), #798, .F. ) ;
#636 = EDGE_LOOP ( 'NONE', ( #2196, #2255, #1411, #1895 ) ) ;
#637 = VECTOR ( 'NONE', #180, 39.37007874015748143 ) ;
#638 = CARTESIAN_POINT ( 'NONE',  ( -2.359999999999998987, 0.1875000000000000278, -2.149999999999999911 ) ) ;
#639 = PLANE ( 'NONE',  #1342 ) ;
#640 = EDGE_CURVE ( 'NONE', #1332, #365, #493, .T. ) ;
#641 = ORIENTED_EDGE ( 'NONE', *, *, #2515, .F. ) ;
#642 = FACE_OUTER_BOUND ( 'NONE', #1705, .T. ) ;
#643 = VERTEX_POINT ( 'NONE', #404 ) ;
#644 = CARTESIAN_POINT ( 'NONE',  ( -2.359999999999998987, 0.1874999999999999722, 1.099999999999999867 ) ) ;
#645 = FACE_OUTER_BOUND ( 'NONE', #1691, .T. ) ;
#646 = LINE ( 'NONE', #1410, #2907 ) ;
#647 = PLANE ( 'NONE',  #622 ) ;
#648 = AXIS2_PLACEMENT_3D ( 'NONE', #1083, #871, #2899 ) ;
#649 = ORIENTED_EDGE ( 'NONE', *, *, #220, .T. ) ;
#650 = DIRECTION ( 'NONE',  ( 0.000000000000000000, 0.000000000000000000, 1.000000000000000000 ) ) ;
#651 = EDGE_LOOP ( 'NONE', ( #1864, #1113, #2628, #570 ) ) ;
#652 = EDGE_CURVE ( 'NONE', #2205, #1679, #2900, .T. ) ;
#653 = FACE_BOUND ( 'NONE', #2638, .T. ) ;
#654 = FACE_OUTER_BOUND ( 'NONE', #2059, .T. ) ;
#655 = ORIENTED_EDGE ( 'NONE', *, *, #2040, .F. ) ;
#656 = FACE_BOUND ( 'NONE', #1074, .T. ) ;
#657 = FACE_OUTER_BOUND ( 'NONE', #2030, .T. ) ;
#658 = PLANE ( 'NONE',  #2184 ) ;
#659 = DIRECTION ( 'NONE',  ( -0.000000000000000000, -1.000000000000000000, -0.000000000000000000 ) ) ;
#660 = ORIENTED_EDGE ( 'NONE', *, *, #987, .T. ) ;
#661 = CARTESIAN_POINT ( 'NONE',  ( -2.359999999999998987, 0.1875000000000000278, -2.653249999999999442 ) ) ;
#662 = DIRECTION ( 'NONE',  ( -0.000000000000000000, 1.000000000000000000, -0.000000000000000000 ) ) ;
#663 = DIRECTION ( 'NONE',  ( -0.000000000000000000, 1.000000000000000000, -0.000000000000000000 ) ) ;
#664 = ADVANCED_FACE ( 'NONE', ( #626 ), #1546, .F. ) ;
#665 = CARTESIAN_POINT ( 'NONE',  ( 1.859999999999999210, 0.1875000000000000278, 0.7032499999999998197 ) ) ;
#666 = EDGE_LOOP ( 'NONE', ( #2332, #1729, #1250, #2437 ) ) ;
#667 = VECTOR ( 'NONE', #1811, 39.37007874015748143 ) ;
#668 = LINE ( 'NONE', #688, #2045 ) ;
#669 = EDGE_CURVE ( 'NONE', #332, #160, #2898, .T. ) ;
#670 = ORIENTED_EDGE ( 'NONE', *, *, #1574, .T. ) ;
#671 = ORIENTED_EDGE ( 'NONE', *, *, #256, .F. ) ;
#673 = CONICAL_SURFACE ( 'NONE', #125, 0.05324999999999990158, 1.029744258676650759 ) ;
#672 = DIRECTION ( 'NONE',  ( 0.000000000000000000, 0.000000000000000000, -1.000000000000000000 ) ) ;
#674 = DIRECTION ( 'NONE',  ( 0.000000000000000000, 0.000000000000000000, 1.000000000000000000 ) ) ;
#675 = EDGE_LOOP ( 'NONE', ( #2422, #199 ) ) ;
#676 = ADVANCED_FACE ( 'NONE', ( #200 ), #357, .F. ) ;
#677 = AXIS2_PLACEMENT_3D ( 'NONE', #1594, #2672, #882 ) ;
#678 = LINE ( 'NONE', #1378, #723 ) ;
#679 = DIRECTION ( 'NONE',  ( -0.000000000000000000, -1.000000000000000000, -0.000000000000000000 ) ) ;
#680 = ORIENTED_EDGE ( 'NONE', *, *, #124, .T. ) ;
#681 = CIRCLE ( 'NONE', #179, 0.09499999999999939049 ) ;
#682 = DIRECTION ( 'NONE',  ( 0.000000000000000000, -1.000000000000000000, 0.000000000000000000 ) ) ;
#683 = DIRECTION ( 'NONE',  ( 1.173877618453189892E-16, 0.000000000000000000, 1.000000000000000000 ) ) ;
#684 = ORIENTED_EDGE ( 'NONE', *, *, #1396, .T. ) ;
#685 = EDGE_CURVE ( 'NONE', #289, #859, #2399, .T. ) ;
#686 = AXIS2_PLACEMENT_3D ( 'NONE', #494, #1432, #977 ) ;
#687 = EDGE_LOOP ( 'NONE', ( #1208, #2509, #532, #1146 ) ) ;
#688 = CARTESIAN_POINT ( 'NONE',  ( 1.183499999999999996, 0.3750000000000000555, -3.368749999999999467 ) ) ;
#689 = ORIENTED_EDGE ( 'NONE', *, *, #1765, .T. ) ;
#690 = EDGE_CURVE ( 'NONE', #852, #1883, #582, .T. ) ;
#691 = ORIENTED_EDGE ( 'NONE', *, *, #1852, .F. ) ;
#692 = PLANE ( 'NONE',  #501 ) ;
#693 = DIRECTION ( 'NONE',  ( 1.000000000000000000, -0.000000000000000000, -0.000000000000000000 ) ) ;
#694 = CARTESIAN_POINT ( 'NONE',  ( 1.823500000000001009, 0.3750000000000000555, -2.281749999999999723 ) ) ;
#695 = EDGE_CURVE ( 'NONE', #2459, #1883, #2267, .T. ) ;
#696 = LINE ( 'NONE', #1159, #314 ) ;
#697 = EDGE_CURVE ( 'NONE', #1174, #119, #1581, .T. ) ;
#698 = FACE_OUTER_BOUND ( 'NONE', #1660, .T. ) ;
#699 = ORIENTED_EDGE ( 'NONE', *, *, #633, .T. ) ;
#700 = CIRCLE ( 'NONE', #839, 0.03124999999999997571 ) ;
#701 = CARTESIAN_POINT ( 'NONE',  ( 1.152249999999999774, 0.000000000000000000, -2.785250000000000004 ) ) ;
#702 = ORIENTED_EDGE ( 'NONE', *, *, #1846, .F. ) ;
#703 = FACE_BOUND ( 'NONE', #2189, .T. ) ;
#704 = CYLINDRICAL_SURFACE ( 'NONE', #2685, 0.03124999999999983694 ) ;
#705 = CARTESIAN_POINT ( 'NONE',  ( -2.359999999999998987, 0.1875000000000000278, -2.599999999999999645 ) ) ;
#706 = ADVANCED_FACE ( 'NONE', ( #703, #2028, #656, #2001, #1105 ), #1148, .F. ) ;
#707 = EDGE_CURVE ( 'NONE', #1876, #2385, #1007, .T. ) ;
#708 = DIRECTION ( 'NONE',  ( 0.000000000000000000, 0.000000000000000000, -1.000000000000000000 ) ) ;
#709 = FACE_OUTER_BOUND ( 'NONE', #99, .T. ) ;
#710 = ORIENTED_EDGE ( 'NONE', *, *, #945, .T. ) ;
#711 = CARTESIAN_POINT ( 'NONE',  ( -2.359999999999998987, 0.3750000000000000555, 3.599999999999999645 ) ) ;
#712 = ORIENTED_EDGE ( 'NONE', *, *, #470, .F. ) ;
#713 = ORIENTED_EDGE ( 'NONE', *, *, #633, .F. ) ;
#714 = DIRECTION ( 'NONE',  ( 1.000000000000000000, -0.000000000000000000, -0.000000000000000000 ) ) ;
#715 = DIRECTION ( 'NONE',  ( -1.000000000000000000, -0.000000000000000000, -0.000000000000000000 ) ) ;
#716 = EDGE_LOOP ( 'NONE', ( #1850, #702, #1312, #1245 ) ) ;
#717 = AXIS2_PLACEMENT_3D ( 'NONE', #2382, #784, #418 ) ;
#718 = ADVANCED_FACE ( 'NONE', ( #642 ), #1721, .F. ) ;
#719 = PLANE ( 'NONE',  #543 ) ;
#720 = CIRCLE ( 'NONE', #268, 0.05324999999999949218 ) ;
#721 = DIRECTION ( 'NONE',  ( -1.000000000000000000, -0.000000000000000000, -0.000000000000000000 ) ) ;
#722 = ORIENTED_EDGE ( 'NONE', *, *, #2243, .T. ) ;
#723 = VECTOR ( 'NONE', #57, 39.37007874015748143 ) ;
#724 = CARTESIAN_POINT ( 'NONE',  ( -1.072999999999999510, 0.2975000000000000422, -2.217999999999999972 ) ) ;
#725 = AXIS2_PLACEMENT_3D ( 'NONE', #1578, #2736, #1542 ) ;
#726 = ORIENTED_EDGE ( 'NONE', *, *, #2506, .F. ) ;
#727 = AXIS2_PLACEMENT_3D ( 'NONE', #1851, #513, #766 ) ;
#728 = CARTESIAN_POINT ( 'NONE',  ( -1.574999999999999956, 0.000000000000000000, -2.294750000000000512 ) ) ;
#729 = EDGE_CURVE ( 'NONE', #1164, #1122, #2090, .T. ) ;
#730 = AXIS2_PLACEMENT_3D ( 'NONE', #644, #1804, #1766 ) ;
#731 = ORIENTED_EDGE ( 'NONE', *, *, #1662, .F. ) ;
#732 = EDGE_LOOP ( 'NONE', ( #931, #2151, #1193, #1077 ) ) ;
#733 = CARTESIAN_POINT ( 'NONE',  ( -1.152249999999999330, 0.000000000000000000, -3.129999999999999449 ) ) ;
#734 = AXIS2_PLACEMENT_3D ( 'NONE', #2341, #176, #1069 ) ;
#735 = DIRECTION ( 'NONE',  ( 0.000000000000000000, 0.000000000000000000, -1.000000000000000000 ) ) ;
#736 = ORIENTED_EDGE ( 'NONE', *, *, #2805, .F. ) ;
#737 = DIRECTION ( 'NONE',  ( 0.000000000000000000, 0.000000000000000000, -1.000000000000000000 ) ) ;
#738 = DIRECTION ( 'NONE',  ( 0.000000000000000000, 1.000000000000000000, 0.000000000000000000 ) ) ;
#739 = VERTEX_POINT ( 'NONE', #29 ) ;
#740 = EDGE_LOOP ( 'NONE', ( #403, #641, #1307, #81 ) ) ;
#741 = ADVANCED_FACE ( 'NONE', ( #884 ), #1815, .F. ) ;
#742 = ORIENTED_EDGE ( 'NONE', *, *, #518, .F. ) ;
#743 = EDGE_CURVE ( 'NONE', #2171, #1026, #1831, .T. ) ;
#744 = CIRCLE ( 'NONE', #983, 0.05324999999999949218 ) ;
#745 = FACE_OUTER_BOUND ( 'NONE', #779, .T. ) ;
#746 = ORIENTED_EDGE ( 'NONE', *, *, #763, .T. ) ;
#747 = CARTESIAN_POINT ( 'NONE',  ( 2.100000000000000977, 0.1875000000000000278, -2.149999999999999911 ) ) ;
#748 = FACE_OUTER_BOUND ( 'NONE', #625, .T. ) ;
#749 = VERTEX_POINT ( 'NONE', #2221 ) ;
#750 = CARTESIAN_POINT ( 'NONE',  ( 2.068750000000000533, 0.3750000000000000555, -2.312999999999999723 ) ) ;
#751 = ORIENTED_EDGE ( 'NONE', *, *, #2697, .T. ) ;
#752 = ORIENTED_EDGE ( 'NONE', *, *, #912, .T. ) ;
#753 = CARTESIAN_POINT ( 'NONE',  ( -1.961749999999999439, 0.3750000000000000555, 3.350000000000000089 ) ) ;
#754 = ORIENTED_EDGE ( 'NONE', *, *, #593, .T. ) ;
#755 = ADVANCED_FACE ( 'NONE', ( #1369 ), #1778, .T. ) ;
#756 = DIRECTION ( 'NONE',  ( -0.000000000000000000, 1.000000000000000000, -0.000000000000000000 ) ) ;
#757 = ADVANCED_FACE ( 'NONE', ( #2499 ), #445, .T. ) ;
#758 = ORIENTED_EDGE ( 'NONE', *, *, #2258, .F. ) ;
#759 = LINE ( 'NONE', #2091, #266 ) ;
#760 = PLANE ( 'NONE',  #1823 ) ;
#761 = AXIS2_PLACEMENT_3D ( 'NONE', #2615, #342, #1014 ) ;
#762 = DIRECTION ( 'NONE',  ( -1.000000000000000000, -0.000000000000000000, -0.000000000000000000 ) ) ;
#763 = EDGE_CURVE ( 'NONE', #160, #1551, #211, .T. ) ;
#764 = VERTEX_POINT ( 'NONE', #229 ) ;
#765 = AXIS2_PLACEMENT_3D ( 'NONE', #1672, #2568, #2541 ) ;
#766 = DIRECTION ( 'NONE',  ( 0.000000000000000000, 0.000000000000000000, 1.000000000000000000 ) ) ;
#767 = ORIENTED_EDGE ( 'NONE', *, *, #2402, .F. ) ;
#768 = AXIS2_PLACEMENT_3D ( 'NONE', #2317, #2775, #956 ) ;
#769 = CARTESIAN_POINT ( 'NONE',  ( -1.859999999999999210, 0.1875000000000000278, 0.6499999999999999112 ) ) ;
#770 = VECTOR ( 'NONE', #1674, 39.37007874015748143 ) ;
#771 = ORIENTED_EDGE ( 'NONE', *, *, #1260, .T. ) ;
#772 = CIRCLE ( 'NONE', #2138, 0.09499999999999939049 ) ;
#773 = DIRECTION ( 'NONE',  ( -1.000000000000000000, -0.000000000000000000, -0.000000000000000000 ) ) ;
#774 = PLANE ( 'NONE',  #2576 ) ;
#775 = VECTOR ( 'NONE', #879, 39.37007874015748143 ) ;
#776 = DIRECTION ( 'NONE',  ( 0.000000000000000000, 0.000000000000000000, 1.000000000000000000 ) ) ;
#777 =( NAMED_UNIT ( * ) SI_UNIT ( $, .STERADIAN. ) SOLID_ANGLE_UNIT ( ) );
#778 = VERTEX_POINT ( 'NONE', #1988 ) ;
#779 = EDGE_LOOP ( 'NONE', ( #1526, #2895, #1226, #414 ) ) ;
#780 = ORIENTED_EDGE ( 'NONE', *, *, #2144, .F. ) ;
#781 = DIRECTION ( 'NONE',  ( -1.000000000000000000, -0.000000000000000000, -0.000000000000000000 ) ) ;
#782 = VECTOR ( 'NONE', #1187, 39.37007874015748143 ) ;
#783 = ORIENTED_EDGE ( 'NONE', *, *, #2243, .F. ) ;
#784 = DIRECTION ( 'NONE',  ( 1.000000000000000000, 0.000000000000000000, -1.173877618453189892E-16 ) ) ;
#785 = FACE_OUTER_BOUND ( 'NONE', #323, .T. ) ;
#786 = CARTESIAN_POINT ( 'NONE',  ( -1.072999999999999510, 0.2975000000000000422, -2.217999999999999972 ) ) ;
#787 = LINE ( 'NONE', #2403, #1408 ) ;
#788 = CARTESIAN_POINT ( 'NONE',  ( -2.359999999999998987, 0.1875000000000000278, -2.599999999999999645 ) ) ;
#789 = EDGE_CURVE ( 'NONE', #2119, #1968, #16, .T. ) ;
#790 = CARTESIAN_POINT ( 'NONE',  ( -0.9629999999999995230, 0.2975000000000000422, -2.217999999999999972 ) ) ;
#791 = PRESENTATION_STYLE_ASSIGNMENT (( #2821 ) ) ;
#792 = ORIENTED_EDGE ( 'NONE', *, *, #1219, .F. ) ;
#793 = CYLINDRICAL_SURFACE ( 'NONE', #1861, 0.05324999999999976974 ) ;
#794 = CARTESIAN_POINT ( 'NONE',  ( 1.854750000000001009, 0.000000000000000000, -2.281749999999999723 ) ) ;
#795 = ORIENTED_EDGE ( 'NONE', *, *, #1462, .F. ) ;
#796 = FACE_OUTER_BOUND ( 'NONE', #1407, .T. ) ;
#797 = ORIENTED_EDGE ( 'NONE', *, *, #2172, .T. ) ;
#798 = CYLINDRICAL_SURFACE ( 'NONE', #2128, 0.05324999999999976974 ) ;
#799 = PLANE ( 'NONE',  #761 ) ;
#800 = VECTOR ( 'NONE', #1556, 39.37007874015748143 ) ;
#801 = LINE ( 'NONE', #2386, #2193 ) ;
#802 = CARTESIAN_POINT ( 'NONE',  ( 2.360000000000000764, 0.3750000000000000555, 3.599999999999999645 ) ) ;
#803 = FACE_OUTER_BOUND ( 'NONE', #1596, .T. ) ;
#804 = EDGE_CURVE ( 'NONE', #1465, #1776, #668, .T. ) ;
#805 = EDGE_LOOP ( 'NONE', ( #1620, #1126, #834, #205, #1037, #560, #2063, #2623 ) ) ;
#806 = AXIS2_PLACEMENT_3D ( 'NONE', #530, #2349, #1445 ) ;
#807 = VERTEX_POINT ( 'NONE', #473 ) ;
#808 = DIRECTION ( 'NONE',  ( 1.000000000000000000, -0.000000000000000000, -0.000000000000000000 ) ) ;
#809 = DIRECTION ( 'NONE',  ( -0.000000000000000000, -0.000000000000000000, 1.000000000000000000 ) ) ;
#810 = ORIENTED_EDGE ( 'NONE', *, *, #1516, .F. ) ;
#811 = EDGE_CURVE ( 'NONE', #554, #109, #1383, .T. ) ;
#812 = CIRCLE ( 'NONE', #1494, 0.05324999999999976974 ) ;
#813 = DIRECTION ( 'NONE',  ( 0.000000000000000000, 0.000000000000000000, 1.000000000000000000 ) ) ;
#814 = AXIS2_PLACEMENT_3D ( 'NONE', #2239, #241, #1569 ) ;
#815 = ORIENTED_EDGE ( 'NONE', *, *, #2294, .F. ) ;
#816 = ORIENTED_EDGE ( 'NONE', *, *, #998, .F. ) ;
#817 = VECTOR ( 'NONE', #106, 39.37007874015748143 ) ;
#818 = DIRECTION ( 'NONE',  ( 0.000000000000000000, 1.000000000000000000, -0.000000000000000000 ) ) ;
#819 = CARTESIAN_POINT ( 'NONE',  ( -1.574999999999999956, 0.000000000000000000, -2.484749999999999126 ) ) ;
#820 = ADVANCED_FACE ( 'NONE', ( #1167 ), #1643, .F. ) ;
#821 = CIRCLE ( 'NONE', #1587, 0.05324999999999990158 ) ;
#822 = EDGE_LOOP ( 'NONE', ( #858, #382, #2086, #459 ) ) ;
#823 = FACE_OUTER_BOUND ( 'NONE', #2741, .T. ) ;
#824 = CARTESIAN_POINT ( 'NONE',  ( 0.9630000000000005222, 0.2975000000000000422, -2.217999999999999972 ) ) ;
#825 = CIRCLE ( 'NONE', #2289, 0.05324999999999963096 ) ;
#826 = CARTESIAN_POINT ( 'NONE',  ( -1.152249999999999330, 0.3750000000000000555, -3.129999999999999449 ) ) ;
#827 = DIRECTION ( 'NONE',  ( 1.000000000000000000, 0.000000000000000000, -0.000000000000000000 ) ) ;
#828 = ORIENTED_EDGE ( 'NONE', *, *, #640, .T. ) ;
#829 = VERTEX_POINT ( 'NONE', #1456 ) ;
#830 = CARTESIAN_POINT ( 'NONE',  ( -6.829619984160658046E-17, 0.2975000000000000422, -2.217999999999999972 ) ) ;
#831 = ORIENTED_EDGE ( 'NONE', *, *, #2043, .F. ) ;
#832 = CARTESIAN_POINT ( 'NONE',  ( -1.183499999999999774, 0.3750000000000000555, -3.368749999999999467 ) ) ;
#833 = EDGE_CURVE ( 'NONE', #966, #319, #70, .T. ) ;
#834 = ORIENTED_EDGE ( 'NONE', *, *, #462, .F. ) ;
#835 = EDGE_CURVE ( 'NONE', #319, #611, #1425, .T. ) ;
#836 = VERTEX_POINT ( 'NONE', #2308 ) ;
#837 = DIRECTION ( 'NONE',  ( -0.000000000000000000, 1.000000000000000000, -0.000000000000000000 ) ) ;
#838 = EDGE_CURVE ( 'NONE', #1467, #496, #1997, .T. ) ;
#840 = VERTEX_POINT ( 'NONE', #61 ) ;
#839 = AXIS2_PLACEMENT_3D ( 'NONE', #149, #2164, #377 ) ;
#841 = PLANE ( 'NONE',  #2573 ) ;
#842 = CARTESIAN_POINT ( 'NONE',  ( -1.183499999999999996, -0.000000000000000000, -2.577749999999999542 ) ) ;
#843 = DIRECTION ( 'NONE',  ( 0.000000000000000000, 0.000000000000000000, -1.000000000000000000 ) ) ;
#844 =( LENGTH_UNIT ( ) NAMED_UNIT ( * ) SI_UNIT ( $, .METRE. ) );
#845 = ORIENTED_EDGE ( 'NONE', *, *, #4, .T. ) ;
#846 = ORIENTED_EDGE ( 'NONE', *, *, #921, .T. ) ;
#847 = UNCERTAINTY_MEASURE_WITH_UNIT (LENGTH_MEASURE( 1.000000000000000082E-05 ), #105, 'distance_accuracy_value', 'NONE');
#848 = CARTESIAN_POINT ( 'NONE',  ( -1.859999999999999210, 0.1875000000000000278, 0.6499999999999999112 ) ) ;
#849 = DIRECTION ( 'NONE',  ( 1.000000000000000000, -0.000000000000000000, -0.000000000000000000 ) ) ;
#850 = EDGE_LOOP ( 'NONE', ( #2592, #2884, #298, #522 ) ) ;
#851 = ADVANCED_FACE ( 'NONE', ( #745 ), #2750, .F. ) ;
#852 = VERTEX_POINT ( 'NONE', #2787 ) ;
#853 = LINE ( 'NONE', #1030, #36 ) ;
#854 = EDGE_CURVE ( 'NONE', #1317, #1177, #1816, .T. ) ;
#855 = DIRECTION ( 'NONE',  ( -1.000000000000000000, 0.000000000000000000, -0.000000000000000000 ) ) ;
#856 = DIRECTION ( 'NONE',  ( 0.000000000000000000, 0.000000000000000000, -1.000000000000000000 ) ) ;
#857 = DIRECTION ( 'NONE',  ( -0.000000000000000000, -1.000000000000000000, -0.000000000000000000 ) ) ;
#858 = ORIENTED_EDGE ( 'NONE', *, *, #1500, .T. ) ;
#859 = VERTEX_POINT ( 'NONE', #542 ) ;
#860 = LINE ( 'NONE', #1323, #2195 ) ;
#861 = EDGE_CURVE ( 'NONE', #1398, #581, #2849, .T. ) ;
#862 = ORIENTED_EDGE ( 'NONE', *, *, #2076, .T. ) ;
#863 = DIRECTION ( 'NONE',  ( -0.000000000000000000, -1.000000000000000000, -0.000000000000000000 ) ) ;
#864 = DIRECTION ( 'NONE',  ( 0.000000000000000000, -1.000000000000000000, 0.000000000000000000 ) ) ;
#865 = EDGE_LOOP ( 'NONE', ( #2162, #2407, #1785, #567 ) ) ;
#866 = DIRECTION ( 'NONE',  ( 0.000000000000000000, 0.000000000000000000, -1.000000000000000000 ) ) ;
#867 = AXIS2_PLACEMENT_3D ( 'NONE', #32, #1819, #1235 ) ;
#868 = VECTOR ( 'NONE', #2738, 39.37007874015748143 ) ;
#869 = VERTEX_POINT ( 'NONE', #711 ) ;
#870 = CARTESIAN_POINT ( 'NONE',  ( 1.152250000000000218, 0.000000000000000000, -3.368749999999999911 ) ) ;
#871 = DIRECTION ( 'NONE',  ( -1.000000000000000000, 0.000000000000000000, 1.203224558914519479E-16 ) ) ;
#872 = DIRECTION ( 'NONE',  ( 1.203224558914519479E-16, 0.000000000000000000, 1.000000000000000000 ) ) ;
#873 = ADVANCED_FACE ( 'NONE', ( #1441 ), #2334, .F. ) ;
#874 = VECTOR ( 'NONE', #2096, 39.37007874015748143 ) ;
#875 = VERTEX_POINT ( 'NONE', #313 ) ;
#876 = ORIENTED_EDGE ( 'NONE', *, *, #2303, .F. ) ;
#877 = AXIS2_PLACEMENT_3D ( 'NONE', #1262, #2682, #2232 ) ;
#878 = CARTESIAN_POINT ( 'NONE',  ( 1.152249999999999774, 0.000000000000000000, -2.546499999999999542 ) ) ;
#879 = DIRECTION ( 'NONE',  ( -0.000000000000000000, -1.000000000000000000, -0.000000000000000000 ) ) ;
#880 = AXIS2_PLACEMENT_3D ( 'NONE', #893, #481, #650 ) ;
#881 = VECTOR ( 'NONE', #1967, 39.37007874015748143 ) ;
#882 = DIRECTION ( 'NONE',  ( 0.000000000000000000, 0.000000000000000000, -1.000000000000000000 ) ) ;
#883 = CARTESIAN_POINT ( 'NONE',  ( -0.1099999999999992650, 0.2975000000000000422, 3.599999999999999645 ) ) ;
#884 = FACE_OUTER_BOUND ( 'NONE', #1052, .T. ) ;
#885 = CARTESIAN_POINT ( 'NONE',  ( -0.9629999999999988569, 0.3750000000000000555, 3.599999999999999645 ) ) ;
#886 = CARTESIAN_POINT ( 'NONE',  ( -2.359999999999998987, 0.000000000000000000, -3.599999999999999645 ) ) ;
#887 = DIRECTION ( 'NONE',  ( -0.000000000000000000, -1.000000000000000000, -0.000000000000000000 ) ) ;
#888 = DIRECTION ( 'NONE',  ( 1.000000000000000000, 0.000000000000000000, 0.000000000000000000 ) ) ;
#889 = VECTOR ( 'NONE', #214, 39.37007874015748143 ) ;
#890 = EDGE_CURVE ( 'NONE', #2025, #764, #2718, .T. ) ;
#891 = ORIENTED_EDGE ( 'NONE', *, *, #2769, .T. ) ;
#892 = DIRECTION ( 'NONE',  ( 0.000000000000000000, 0.000000000000000000, 1.000000000000000000 ) ) ;
#893 = CARTESIAN_POINT ( 'NONE',  ( 1.152249999999999774, 0.3750000000000000555, -2.577749999999999542 ) ) ;
#894 = DIRECTION ( 'NONE',  ( 1.000000000000000000, -0.000000000000000000, -0.000000000000000000 ) ) ;
#895 = CARTESIAN_POINT ( 'NONE',  ( 1.574999999999999956, 0.07749999999999999944, -2.294750000000000512 ) ) ;
#896 = CARTESIAN_POINT ( 'NONE',  ( -1.574999999999999956, 0.07749999999999999944, -2.294750000000000512 ) ) ;
#897 = CARTESIAN_POINT ( 'NONE',  ( -1.152250000000000218, 0.000000000000000000, -2.546499999999999542 ) ) ;
#898 = EDGE_CURVE ( 'NONE', #280, #1023, #2087, .T. ) ;
#899 = ORIENTED_EDGE ( 'NONE', *, *, #2060, .F. ) ;
#900 = ORIENTED_EDGE ( 'NONE', *, *, #1739, .T. ) ;
#901 = FACE_OUTER_BOUND ( 'NONE', #2115, .T. ) ;
#902 = CARTESIAN_POINT ( 'NONE',  ( -2.359999999999998987, 0.1875000000000000278, 0.6499999999999999112 ) ) ;
#903 = CARTESIAN_POINT ( 'NONE',  ( -1.152250000000000218, 0.3750000000000000555, -2.785250000000000004 ) ) ;
#904 = LINE ( 'NONE', #1375, #603 ) ;
#905 = ORIENTED_EDGE ( 'NONE', *, *, #1127, .T. ) ;
#906 = CARTESIAN_POINT ( 'NONE',  ( -2.359999999999998987, 0.1874999999999999722, 1.046750000000000291 ) ) ;
#907 = DIRECTION ( 'NONE',  ( 1.000000000000000000, -0.000000000000000000, -0.000000000000000000 ) ) ;
#908 = EDGE_CURVE ( 'NONE', #2834, #807, #1180, .T. ) ;
#909 = ORIENTED_EDGE ( 'NONE', *, *, #512, .T. ) ;
#910 = CARTESIAN_POINT ( 'NONE',  ( -2.359999999999998987, 0.1875000000000000278, -2.096750000000000114 ) ) ;
#911 = CARTESIAN_POINT ( 'NONE',  ( 2.100000000000000977, 0.3750000000000000555, -0.7842500000000001137 ) ) ;
#912 = EDGE_CURVE ( 'NONE', #2169, #2561, #328, .T. ) ;
#913 = VECTOR ( 'NONE', #1346, 39.37007874015748143 ) ;
#914 = CARTESIAN_POINT ( 'NONE',  ( 0.9630000000000005222, 0.2975000000000000422, -2.217999999999999972 ) ) ;
#915 = AXIS2_PLACEMENT_3D ( 'NONE', #484, #954, #2307 ) ;
#916 = ORIENTED_EDGE ( 'NONE', *, *, #1247, .F. ) ;
#917 = VERTEX_POINT ( 'NONE', #728 ) ;
#919 = VECTOR ( 'NONE', #2360, 39.37007874015748143 ) ;
#918 = DIRECTION ( 'NONE',  ( 0.000000000000000000, 0.000000000000000000, 1.000000000000000000 ) ) ;
#920 = CARTESIAN_POINT ( 'NONE',  ( -1.152249999999999774, 0.000000000000000000, -2.816500000000000004 ) ) ;
#921 = EDGE_CURVE ( 'NONE', #2494, #1359, #1222, .T. ) ;
#922 = AXIS2_PLACEMENT_3D ( 'NONE', #1758, #2827, #1957 ) ;
#923 = DIRECTION ( 'NONE',  ( 1.173877618453189892E-16, 0.000000000000000000, 1.000000000000000000 ) ) ;
#924 = CARTESIAN_POINT ( 'NONE',  ( 1.183000000000000496, 0.2975000000000000422, 3.599999999999999645 ) ) ;
#925 = ORIENTED_EDGE ( 'NONE', *, *, #1161, .T. ) ;
#926 = DIRECTION ( 'NONE',  ( 0.000000000000000000, 0.000000000000000000, 1.000000000000000000 ) ) ;
#927 = LINE ( 'NONE', #2219, #2473 ) ;
#928 = VECTOR ( 'NONE', #1770, 39.37007874015748143 ) ;
#929 = ORIENTED_EDGE ( 'NONE', *, *, #1791, .T. ) ;
#930 = AXIS2_PLACEMENT_3D ( 'NONE', #2183, #1287, #2121 ) ;
#931 = ORIENTED_EDGE ( 'NONE', *, *, #2432, .F. ) ;
#932 = CARTESIAN_POINT ( 'NONE',  ( 1.574999999999999956, 0.07749999999999999944, -2.389749999999999819 ) ) ;
#933 = ADVANCED_FACE ( 'NONE', ( #984 ), #2564, .F. ) ;
#934 = ORIENTED_EDGE ( 'NONE', *, *, #2146, .T. ) ;
#935 = LINE ( 'NONE', #446, #1501 ) ;
#936 = CARTESIAN_POINT ( 'NONE',  ( -2.099999999999999201, 0.3750000000000000555, -0.7842500000000001137 ) ) ;
#937 = EDGE_CURVE ( 'NONE', #2298, #2906, #993, .T. ) ;
#938 = DIRECTION ( 'NONE',  ( -0.000000000000000000, -1.000000000000000000, -0.000000000000000000 ) ) ;
#939 = CARTESIAN_POINT ( 'NONE',  ( 2.359999999999998987, 0.1875000000000000278, -2.203249999999999265 ) ) ;
#940 = ORIENTED_EDGE ( 'NONE', *, *, #1662, .T. ) ;
#941 = DIRECTION ( 'NONE',  ( 0.000000000000000000, 0.000000000000000000, -1.000000000000000000 ) ) ;
#942 = DIRECTION ( 'NONE',  ( 0.000000000000000000, 0.000000000000000000, 1.000000000000000000 ) ) ;
#943 = EDGE_CURVE ( 'NONE', #2633, #2298, #1907, .T. ) ;
#944 = EDGE_LOOP ( 'NONE', ( #1275, #2139, #1435, #485 ) ) ;
#945 = EDGE_CURVE ( 'NONE', #2335, #2713, #2192, .T. ) ;
#946 = EDGE_LOOP ( 'NONE', ( #207, #2369 ) ) ;
#947 = CARTESIAN_POINT ( 'NONE',  ( -2.068749999999999201, 0.000000000000000000, -2.312999999999999723 ) ) ;
#948 = CARTESIAN_POINT ( 'NONE',  ( -1.854749999999999455, 0.3750000000000000555, -2.281749999999999723 ) ) ;
#949 = ORIENTED_EDGE ( 'NONE', *, *, #937, .T. ) ;
#950 = FACE_OUTER_BOUND ( 'NONE', #1666, .T. ) ;
#951 = FACE_OUTER_BOUND ( 'NONE', #2706, .T. ) ;
#952 = EDGE_LOOP ( 'NONE', ( #999, #1711, #1910, #1303 ) ) ;
#953 = APPLICATION_CONTEXT ( 'automotive_design' ) ;
#954 = DIRECTION ( 'NONE',  ( 1.000000000000000000, -0.000000000000000000, -0.000000000000000000 ) ) ;
#955 = CARTESIAN_POINT ( 'NONE',  ( -2.359999999999998987, 0.1875000000000000278, -2.096750000000000114 ) ) ;
#956 = DIRECTION ( 'NONE',  ( 0.000000000000000000, 0.000000000000000000, 1.000000000000000000 ) ) ;
#957 = ORIENTED_EDGE ( 'NONE', *, *, #2250, .F. ) ;
#958 = AXIS2_PLACEMENT_3D ( 'NONE', #1103, #1829, #2447 ) ;
#959 = ORIENTED_EDGE ( 'NONE', *, *, #2191, .F. ) ;
#960 = PLANE ( 'NONE',  #1447 ) ;
#961 = DIRECTION ( 'NONE',  ( -1.000000000000000000, -0.000000000000000000, -0.000000000000000000 ) ) ;
#962 = CIRCLE ( 'NONE', #1626, 0.05324999999999990158 ) ;
#963 = ORIENTED_EDGE ( 'NONE', *, *, #2788, .T. ) ;
#964 = DIRECTION ( 'NONE',  ( 0.000000000000000000, -0.000000000000000000, -1.000000000000000000 ) ) ;
#965 = CONICAL_SURFACE ( 'NONE', #2324, 0.05324999999999990158, 1.029744258676650759 ) ;
#966 = VERTEX_POINT ( 'NONE', #1697 ) ;
#967 = CIRCLE ( 'NONE', #2804, 0.05324999999999976974 ) ;
#968 = ADVANCED_FACE ( 'NONE', ( #352 ), #1543, .F. ) ;
#969 = CIRCLE ( 'NONE', #1160, 0.09499999999999939049 ) ;
#970 = CARTESIAN_POINT ( 'NONE',  ( 2.068750000000000533, 0.3750000000000000555, -0.7529999999999998916 ) ) ;
#971 = ORIENTED_EDGE ( 'NONE', *, *, #1031, .T. ) ;
#972 = CYLINDRICAL_SURFACE ( 'NONE', #447, 0.03125000000000011102 ) ;
#973 = VECTOR ( 'NONE', #1280, 39.37007874015748143 ) ;
#974 = PLANE ( 'NONE',  #1942 ) ;
#975 = DIRECTION ( 'NONE',  ( 1.000000000000000000, -0.000000000000000000, -0.000000000000000000 ) ) ;
#976 = LINE ( 'NONE', #2311, #85 ) ;
#977 = DIRECTION ( 'NONE',  ( 0.000000000000000000, 0.000000000000000000, -1.000000000000000000 ) ) ;
#978 = EDGE_CURVE ( 'NONE', #1497, #275, #720, .T. ) ;
#979 = ORIENTED_EDGE ( 'NONE', *, *, #2266, .F. ) ;
#980 = ORIENTED_EDGE ( 'NONE', *, *, #1977, .F. ) ;
#981 = LINE ( 'NONE', #2749, #1547 ) ;
#982 = VERTEX_POINT ( 'NONE', #1278 ) ;
#983 = AXIS2_PLACEMENT_3D ( 'NONE', #2288, #288, #2067 ) ;
#984 = FACE_OUTER_BOUND ( 'NONE', #944, .T. ) ;
#985 = VERTEX_POINT ( 'NONE', #1928 ) ;
#986 = CARTESIAN_POINT ( 'NONE',  ( 2.100000000000000977, 0.3750000000000000555, -0.7842500000000001137 ) ) ;
#987 = EDGE_CURVE ( 'NONE', #1883, #350, #2593, .T. ) ;
#988 = CARTESIAN_POINT ( 'NONE',  ( -1.854749999999999455, 0.3750000000000000555, -0.7842499999999998916 ) ) ;
#989 = CYLINDRICAL_SURFACE ( 'NONE', #2760, 0.05324999999999976974 ) ;
#990 = VERTEX_POINT ( 'NONE', #832 ) ;
#991 = LINE ( 'NONE', #1870, #2095 ) ;
#992 = VERTEX_POINT ( 'NONE', #1232 ) ;
#993 = LINE ( 'NONE', #1897, #2567 ) ;
#994 = EDGE_LOOP ( 'NONE', ( #429, #1337, #237 ) ) ;
#995 = AXIS2_PLACEMENT_3D ( 'NONE', #1381, #253, #1145 ) ;
#996 = CARTESIAN_POINT ( 'NONE',  ( -1.152249999999999774, 0.3750000000000000555, -2.816500000000000004 ) ) ;
#997 = FACE_OUTER_BOUND ( 'NONE', #282, .T. ) ;
#998 = EDGE_CURVE ( 'NONE', #315, #1914, #2141, .T. ) ;
#999 = ORIENTED_EDGE ( 'NONE', *, *, #2204, .F. ) ;
#1000 = ORIENTED_EDGE ( 'NONE', *, *, #334, .T. ) ;
#1001 = DIRECTION ( 'NONE',  ( 0.000000000000000000, 0.000000000000000000, -1.000000000000000000 ) ) ;
#1002 = CARTESIAN_POINT ( 'NONE',  ( -1.859999999999999210, 0.1874999999999999722, 1.153249999999999886 ) ) ;
#1003 = ORIENTED_EDGE ( 'NONE', *, *, #2697, .F. ) ;
#1004 = CONICAL_SURFACE ( 'NONE', #2798, 0.05324999999999990158, 1.029744258676650759 ) ;
#1005 = DIRECTION ( 'NONE',  ( 0.000000000000000000, 0.000000000000000000, -1.000000000000000000 ) ) ;
#1006 = ORIENTED_EDGE ( 'NONE', *, *, #2560, .F. ) ;
#1007 = CIRCLE ( 'NONE', #450, 0.09499999999999939049 ) ;
#1008 = DIRECTION ( 'NONE',  ( -1.000000000000000000, -0.000000000000000000, -0.000000000000000000 ) ) ;
#1009 = VECTOR ( 'NONE', #1839, 39.37007874015748143 ) ;
#1010 = ORIENTED_EDGE ( 'NONE', *, *, #1338, .T. ) ;
#1011 = EDGE_CURVE ( 'NONE', #250, #1472, #2345, .T. ) ;
#1012 = VECTOR ( 'NONE', #1748, 39.37007874015748143 ) ;
#1013 = FACE_OUTER_BOUND ( 'NONE', #1289, .T. ) ;
#1014 = DIRECTION ( 'NONE',  ( 1.000000000000000000, 0.000000000000000000, -0.000000000000000000 ) ) ;
#1015 = VECTOR ( 'NONE', #399, 39.37007874015748143 ) ;
#1016 = EDGE_LOOP ( 'NONE', ( #216, #43 ) ) ;
#1017 = CIRCLE ( 'NONE', #458, 0.05324999999999949218 ) ;
#1018 = DIRECTION ( 'NONE',  ( -1.000000000000000000, 0.000000000000000000, 0.000000000000000000 ) ) ;
#1019 = ADVANCED_FACE ( 'NONE', ( #142 ), #2157, .F. ) ;
#1020 = ORIENTED_EDGE ( 'NONE', *, *, #412, .F. ) ;
#1021 = DIRECTION ( 'NONE',  ( -1.000000000000000000, 0.000000000000000000, 0.000000000000000000 ) ) ;
#1022 = DIRECTION ( 'NONE',  ( 0.000000000000000000, 0.000000000000000000, -1.000000000000000000 ) ) ;
#1023 = VERTEX_POINT ( 'NONE', #1027 ) ;
#1024 = FACE_OUTER_BOUND ( 'NONE', #2388, .T. ) ;
#1025 = CARTESIAN_POINT ( 'NONE',  ( 1.183499999999999774, 0.000000000000000000, -2.577749999999999542 ) ) ;
#1026 = VERTEX_POINT ( 'NONE', #2864 ) ;
#1027 = CARTESIAN_POINT ( 'NONE',  ( 1.574999999999999956, 0.000000000000000000, -2.878250000000000419 ) ) ;
#1028 = CIRCLE ( 'NONE', #331, 0.03125000000000011102 ) ;
#1029 = ORIENTED_EDGE ( 'NONE', *, *, #1119, .T. ) ;
#1030 = CARTESIAN_POINT ( 'NONE',  ( 1.961750000000000993, 0.3750000000000000555, 3.450499999999999901 ) ) ;
#1031 = EDGE_CURVE ( 'NONE', #1725, #597, #1775, .T. ) ;
#1032 = DIRECTION ( 'NONE',  ( -0.000000000000000000, 1.000000000000000000, -0.000000000000000000 ) ) ;
#1033 = LINE ( 'NONE', #1282, #2446 ) ;
#1034 = EDGE_CURVE ( 'NONE', #1201, #1467, #2656, .T. ) ;
#1035 = LENGTH_MEASURE_WITH_UNIT ( LENGTH_MEASURE( 0.02539999999999999897 ), #844 );
#1036 = ORIENTED_EDGE ( 'NONE', *, *, #124, .F. ) ;
#1037 = ORIENTED_EDGE ( 'NONE', *, *, #134, .F. ) ;
#1038 = CYLINDRICAL_SURFACE ( 'NONE', #1064, 0.03125000000000011102 ) ;
#1039 = CARTESIAN_POINT ( 'NONE',  ( 1.152249999999999996, 0.3750000000000000555, -3.399999999999999911 ) ) ;
#1040 = ORIENTED_EDGE ( 'NONE', *, *, #198, .F. ) ;
#1041 = EDGE_CURVE ( 'NONE', #859, #1827, #1856, .T. ) ;
#1042 = DIRECTION ( 'NONE',  ( 1.000000000000000000, -0.000000000000000000, -0.000000000000000000 ) ) ;
#1043 = ORIENTED_EDGE ( 'NONE', *, *, #598, .T. ) ;
#1044 = LINE ( 'NONE', #144, #1056 ) ;
#1045 =( NAMED_UNIT ( * ) PLANE_ANGLE_UNIT ( ) SI_UNIT ( $, .RADIAN. ) );
#1046 = FACE_BOUND ( 'NONE', #537, .T. ) ;
#1047 = CARTESIAN_POINT ( 'NONE',  ( -2.068749999999999201, 0.3750000000000000555, -0.7842499999999998916 ) ) ;
#1048 = CARTESIAN_POINT ( 'NONE',  ( -1.182999999999999607, 0.3750000000000000555, -2.217999999999999527 ) ) ;
#1049 = FACE_OUTER_BOUND ( 'NONE', #1904, .T. ) ;
#1050 = VERTEX_POINT ( 'NONE', #1740 ) ;
#1051 = EDGE_CURVE ( 'NONE', #2329, #1975, #623, .T. ) ;
#1052 = EDGE_LOOP ( 'NONE', ( #891, #2150, #1191, #1010 ) ) ;
#1053 = AXIS2_PLACEMENT_3D ( 'NONE', #701, #456, #27 ) ;
#1054 = DIRECTION ( 'NONE',  ( 0.000000000000000000, 1.000000000000000000, 0.000000000000000000 ) ) ;
#1055 = ADVANCED_FACE ( 'NONE', ( #796 ), #965, .F. ) ;
#1056 = VECTOR ( 'NONE', #1252, 39.37007874015748143 ) ;
#1057 = ADVANCED_FACE ( 'NONE', ( #2843 ), #402, .F. ) ;
#1058 = DIRECTION ( 'NONE',  ( -0.000000000000000000, 1.000000000000000000, -0.000000000000000000 ) ) ;
#1059 = AXIS2_PLACEMENT_3D ( 'NONE', #1625, #1192, #1658 ) ;
#1060 = ORIENTED_EDGE ( 'NONE', *, *, #28, .T. ) ;
#1061 = ORIENTED_EDGE ( 'NONE', *, *, #303, .T. ) ;
#1062 = DIRECTION ( 'NONE',  ( 1.000000000000000000, -0.000000000000000000, -0.000000000000000000 ) ) ;
#1063 = FACE_OUTER_BOUND ( 'NONE', #994, .T. ) ;
#1064 = AXIS2_PLACEMENT_3D ( 'NONE', #383, #1276, #1005 ) ;
#1065 = CARTESIAN_POINT ( 'NONE',  ( -1.854749999999999455, 0.3750000000000000555, -0.7529999999999998916 ) ) ;
#1066 = CARTESIAN_POINT ( 'NONE',  ( -1.961749999999999439, 0.3750000000000001110, 3.450499999999999901 ) ) ;
#1067 = AXIS2_PLACEMENT_3D ( 'NONE', #830, #1480, #194 ) ;
#1068 = DIRECTION ( 'NONE',  ( -0.000000000000000000, -1.000000000000000000, -0.000000000000000000 ) ) ;
#1069 = DIRECTION ( 'NONE',  ( 0.000000000000000000, 0.000000000000000000, -1.000000000000000000 ) ) ;
#1070 = ORIENTED_EDGE ( 'NONE', *, *, #548, .F. ) ;
#1071 = VECTOR ( 'NONE', #1022, 39.37007874015748143 ) ;
#1072 = ORIENTED_EDGE ( 'NONE', *, *, #908, .T. ) ;
#1073 = EDGE_CURVE ( 'NONE', #764, #1744, #1295, .T. ) ;
#1074 = EDGE_LOOP ( 'NONE', ( #1537, #957 ) ) ;
#1075 = ADVANCED_FACE ( 'NONE', ( #1513 ), #2853, .F. ) ;
#1076 = CARTESIAN_POINT ( 'NONE',  ( 0.1100000000000007777, 0.2975000000000000422, -2.217999999999999972 ) ) ;
#1077 = ORIENTED_EDGE ( 'NONE', *, *, #1326, .F. ) ;
#1078 = VERTEX_POINT ( 'NONE', #583 ) ;
#1079 = CARTESIAN_POINT ( 'NONE',  ( 2.359999999999998987, 0.1875000000000000278, -2.599999999999999645 ) ) ;
#1081 = ORIENTED_EDGE ( 'NONE', *, *, #2858, .T. ) ;
#1080 = CIRCLE ( 'NONE', #558, 0.05324999999999976974 ) ;
#1082 = CARTESIAN_POINT ( 'NONE',  ( 1.183000000000000496, 0.3750000000000000555, -2.217999999999999972 ) ) ;
#1083 = CARTESIAN_POINT ( 'NONE',  ( -0.1099999999999999728, 0.2975000000000000422, -2.217999999999999972 ) ) ;
#1084 = EDGE_CURVE ( 'NONE', #1201, #875, #1498, .T. ) ;
#1085 = ORIENTED_EDGE ( 'NONE', *, *, #695, .F. ) ;
#1086 = ORIENTED_EDGE ( 'NONE', *, *, #2405, .T. ) ;
#1087 = CARTESIAN_POINT ( 'NONE',  ( -2.068749999999999201, 0.000000000000000000, -2.312999999999999723 ) ) ;
#1088 = ORIENTED_EDGE ( 'NONE', *, *, #2094, .T. ) ;
#1089 = FACE_BOUND ( 'NONE', #716, .T. ) ;
#1090 = CARTESIAN_POINT ( 'NONE',  ( -1.574999999999999956, 0.07749999999999999944, -2.294750000000000512 ) ) ;
#1091 = ORIENTED_EDGE ( 'NONE', *, *, #256, .T. ) ;
#1092 = CARTESIAN_POINT ( 'NONE',  ( 1.823500000000001009, 0.3750000000000000555, -0.7842500000000001137 ) ) ;
#1093 = ORIENTED_EDGE ( 'NONE', *, *, #2043, .T. ) ;
#1094 = DIRECTION ( 'NONE',  ( 0.000000000000000000, 0.000000000000000000, 1.000000000000000000 ) ) ;
#1095 = DIRECTION ( 'NONE',  ( 1.000000000000000000, 0.000000000000000000, 0.000000000000000000 ) ) ;
#1096 = CARTESIAN_POINT ( 'NONE',  ( -0.1099999999999999728, 0.3750000000000000555, -2.217999999999999972 ) ) ;
#1097 = DIRECTION ( 'NONE',  ( 0.000000000000000000, 0.000000000000000000, -1.000000000000000000 ) ) ;
#1098 = ORIENTED_EDGE ( 'NONE', *, *, #134, .T. ) ;
#1099 = AXIS2_PLACEMENT_3D ( 'NONE', #2301, #2092, #2778 ) ;
#1100 = DIRECTION ( 'NONE',  ( -0.000000000000000000, -0.000000000000000000, 1.000000000000000000 ) ) ;
#1101 = ORIENTED_EDGE ( 'NONE', *, *, #325, .T. ) ;
#1102 = CARTESIAN_POINT ( 'NONE',  ( -1.183499999999999774, 0.3750000000000000555, -3.368749999999999467 ) ) ;
#1103 = CARTESIAN_POINT ( 'NONE',  ( -2.359999999999998987, 0.1874999999999999722, 1.099999999999999867 ) ) ;
#1104 = VECTOR ( 'NONE', #1134, 39.37007874015748143 ) ;
#1105 = FACE_OUTER_BOUND ( 'NONE', #865, .T. ) ;
#1106 = VECTOR ( 'NONE', #2466, 39.37007874015748143 ) ;
#1107 = EDGE_CURVE ( 'NONE', #990, #2293, #2206, .T. ) ;
#1108 = ORIENTED_EDGE ( 'NONE', *, *, #1453, .T. ) ;
#1109 = CIRCLE ( 'NONE', #2621, 0.05324999999999976974 ) ;
#1110 = DIRECTION ( 'NONE',  ( -0.000000000000000000, 1.000000000000000000, -0.000000000000000000 ) ) ;
#1111 = CARTESIAN_POINT ( 'NONE',  ( 1.183500000000000218, 0.000000000000000000, -3.161249999999999893 ) ) ;
#1112 = AXIS2_PLACEMENT_3D ( 'NONE', #1135, #1560, #2453 ) ;
#1113 = ORIENTED_EDGE ( 'NONE', *, *, #1453, .F. ) ;
#1114 = CIRCLE ( 'NONE', #1112, 0.1099999999999999173 ) ;
#1115 = CARTESIAN_POINT ( 'NONE',  ( -2.099999999999999201, 0.000000000000000000, -2.281749999999999723 ) ) ;
#1116 = LINE ( 'NONE', #2477, #182 ) ;
#1117 = CIRCLE ( 'NONE', #2376, 0.05324999999999976974 ) ;
#1118 = CARTESIAN_POINT ( 'NONE',  ( 0.000000000000000000, 0.000000000000000000, 0.000000000000000000 ) ) ;
#1119 = EDGE_CURVE ( 'NONE', #2866, #1497, #1566, .T. ) ;
#1120 = FACE_OUTER_BOUND ( 'NONE', #2609, .T. ) ;
#1121 = DIRECTION ( 'NONE',  ( 0.000000000000000000, 0.000000000000000000, -1.000000000000000000 ) ) ;
#1122 = VERTEX_POINT ( 'NONE', #895 ) ;
#1123 = CARTESIAN_POINT ( 'NONE',  ( -1.183499999999999774, 0.3750000000000000555, -3.161249999999999893 ) ) ;
#1124 = DIRECTION ( 'NONE',  ( 1.000000000000000000, -0.000000000000000000, -0.000000000000000000 ) ) ;
#1125 = ADVANCED_FACE ( 'NONE', ( #2908 ), #239, .F. ) ;
#1126 = ORIENTED_EDGE ( 'NONE', *, *, #495, .F. ) ;
#1127 = EDGE_CURVE ( 'NONE', #1371, #2125, #967, .T. ) ;
#1128 = LINE ( 'NONE', #624, #2720 ) ;
#1129 = CARTESIAN_POINT ( 'NONE',  ( -2.359999999999998987, 0.1875000000000000278, 0.5967500000000003357 ) ) ;
#1130 = ORIENTED_EDGE ( 'NONE', *, *, #2155, .F. ) ;
#1131 = DIRECTION ( 'NONE',  ( -1.000000000000000000, 0.000000000000000000, 0.000000000000000000 ) ) ;
#1132 = CARTESIAN_POINT ( 'NONE',  ( -1.574999999999999956, 0.07749999999999999944, -2.973249999999999726 ) ) ;
#1133 = EDGE_CURVE ( 'NONE', #1522, #280, #175, .T. ) ;
#1134 = DIRECTION ( 'NONE',  ( -0.5150380749100573752, 0.000000000000000000, 0.8571673007021103352 ) ) ;
#1135 = CARTESIAN_POINT ( 'NONE',  ( -1.072999999999999510, 0.3750000000000000555, -2.217999999999999972 ) ) ;
#1136 = CARTESIAN_POINT ( 'NONE',  ( 2.359999999999998987, 0.1875000000000000278, -2.546749999999999847 ) ) ;
#1137 = CARTESIAN_POINT ( 'NONE',  ( -0.1100000000000004724, 0.2975000000000000422, 3.599999999999999645 ) ) ;
#1138 = FACE_OUTER_BOUND ( 'NONE', #2732, .T. ) ;
#1139 = CARTESIAN_POINT ( 'NONE',  ( 1.854750000000001009, 0.3750000000000000555, -2.281749999999999723 ) ) ;
#1140 = DIRECTION ( 'NONE',  ( 0.000000000000000000, 0.000000000000000000, -1.000000000000000000 ) ) ;
#1141 = EDGE_CURVE ( 'NONE', #1324, #1382, #1545, .T. ) ;
#1142 = ORIENTED_EDGE ( 'NONE', *, *, #1647, .T. ) ;
#1143 = PRODUCT_DEFINITION_CONTEXT ( 'detailed design', #953, 'design' ) ;
#1144 = PLANE ( 'NONE',  #1202 ) ;
#1145 = DIRECTION ( 'NONE',  ( 0.000000000000000000, 0.000000000000000000, -1.000000000000000000 ) ) ;
#1146 = ORIENTED_EDGE ( 'NONE', *, *, #2654, .T. ) ;
#1147 = ADVANCED_FACE ( 'NONE', ( #1789, #1089, #39, #12, #252, #1366, #653, #430, #2235 ), #1144, .T. ) ;
#1148 = PLANE ( 'NONE',  #1350 ) ;
#1149 = ORIENTED_EDGE ( 'NONE', *, *, #2654, .F. ) ;
#1150 = VERTEX_POINT ( 'NONE', #2026 ) ;
#1151 = CARTESIAN_POINT ( 'NONE',  ( 2.359999999999998987, 0.1875000000000000278, -2.599999999999999645 ) ) ;
#1152 = CARTESIAN_POINT ( 'NONE',  ( -1.152250000000000218, 0.000000000000000000, -2.577749999999999542 ) ) ;
#1153 = DIRECTION ( 'NONE',  ( -1.000000000000000000, -0.000000000000000000, -0.000000000000000000 ) ) ;
#1154 = FACE_OUTER_BOUND ( 'NONE', #1879, .T. ) ;
#1155 = DIRECTION ( 'NONE',  ( 0.000000000000000000, 0.000000000000000000, 1.000000000000000000 ) ) ;
#1156 = CYLINDRICAL_SURFACE ( 'NONE', #2015, 0.03125000000000011102 ) ;
#1157 = ORIENTED_EDGE ( 'NONE', *, *, #293, .F. ) ;
#1158 = AXIS2_PLACEMENT_3D ( 'NONE', #2601, #1492, #2366 ) ;
#1159 = CARTESIAN_POINT ( 'NONE',  ( 1.823500000000001009, 0.3750000000000000555, -0.7842500000000001137 ) ) ;
#1160 = AXIS2_PLACEMENT_3D ( 'NONE', #1304, #148, #1978 ) ;
#1161 = EDGE_CURVE ( 'NONE', #739, #2667, #2012, .T. ) ;
#1162 = VECTOR ( 'NONE', #480, 39.37007874015748143 ) ;
#1163 = LINE ( 'NONE', #269, #46 ) ;
#1164 = VERTEX_POINT ( 'NONE', #1828 ) ;
#1165 = ADVANCED_FACE ( 'NONE', ( #2479 ), #2698, .T. ) ;
#1166 = CIRCLE ( 'NONE', #320, 0.05324999999999949218 ) ;
#1167 = FACE_OUTER_BOUND ( 'NONE', #636, .T. ) ;
#1168 = ORIENTED_EDGE ( 'NONE', *, *, #2631, .T. ) ;
#1169 = VERTEX_POINT ( 'NONE', #455 ) ;
#1170 = DIRECTION ( 'NONE',  ( 1.000000000000000000, -0.000000000000000000, -0.000000000000000000 ) ) ;
#1171 = DIRECTION ( 'NONE',  ( 0.000000000000000000, 0.000000000000000000, 1.000000000000000000 ) ) ;
#1172 = CARTESIAN_POINT ( 'NONE',  ( 1.183499999999999774, 0.3750000000000000555, -2.577749999999999542 ) ) ;
#1173 = EDGE_CURVE ( 'NONE', #1359, #119, #2428, .T. ) ;
#1174 = VERTEX_POINT ( 'NONE', #1985 ) ;
#1175 = CARTESIAN_POINT ( 'NONE',  ( -2.359999999999998987, 0.1874999999999999722, 1.153249999999999442 ) ) ;
#1176 = VECTOR ( 'NONE', #1966, 39.37007874015748143 ) ;
#1177 = VERTEX_POINT ( 'NONE', #1773 ) ;
#1178 = LINE ( 'NONE', #1894, #2053 ) ;
#1179 = ORIENTED_EDGE ( 'NONE', *, *, #890, .T. ) ;
#1180 = LINE ( 'NONE', #1853, #2522 ) ;
#1181 = VERTEX_POINT ( 'NONE', #417 ) ;
#1182 = EDGE_LOOP ( 'NONE', ( #1274, #1157 ) ) ;
#1183 = LINE ( 'NONE', #986, #2088 ) ;
#1184 = DIRECTION ( 'NONE',  ( -0.000000000000000000, -1.000000000000000000, -0.000000000000000000 ) ) ;
#1185 = FACE_OUTER_BOUND ( 'NONE', #1899, .T. ) ;
#1186 = LINE ( 'NONE', #1796, #1514 ) ;
#1187 = DIRECTION ( 'NONE',  ( -1.000000000000000000, -0.000000000000000000, -0.000000000000000000 ) ) ;
#1188 = LINE ( 'NONE', #1848, #1352 ) ;
#1189 = ORIENTED_EDGE ( 'NONE', *, *, #690, .T. ) ;
#1190 = AXIS2_PLACEMENT_3D ( 'NONE', #379, #1868, #2315 ) ;
#1191 = ORIENTED_EDGE ( 'NONE', *, *, #669, .F. ) ;
#1192 = DIRECTION ( 'NONE',  ( 1.000000000000000000, -0.000000000000000000, -0.000000000000000000 ) ) ;
#1193 = ORIENTED_EDGE ( 'NONE', *, *, #2678, .T. ) ;
#1194 = ORIENTED_EDGE ( 'NONE', *, *, #1374, .T. ) ;
#1195 = LINE ( 'NONE', #1209, #2042 ) ;
#1196 = CYLINDRICAL_SURFACE ( 'NONE', #1099, 0.05324999999999976974 ) ;
#1197 = ADVANCED_FACE ( 'NONE', ( #950 ), #2305, .F. ) ;
#1198 = VECTOR ( 'NONE', #2644, 39.37007874015748143 ) ;
#1199 = CARTESIAN_POINT ( 'NONE',  ( 0.9630000000000005222, 0.3750000000000000555, -2.217999999999999972 ) ) ;
#1200 = VECTOR ( 'NONE', #1557, 39.37007874015748143 ) ;
#1201 = VERTEX_POINT ( 'NONE', #509 ) ;
#1202 = AXIS2_PLACEMENT_3D ( 'NONE', #1118, #2686, #2038 ) ;
#1203 = VERTEX_POINT ( 'NONE', #939 ) ;
#1204 = CYLINDRICAL_SURFACE ( 'NONE', #2327, 0.1004999999999996452 ) ;
#1205 = ORIENTED_EDGE ( 'NONE', *, *, #1852, .T. ) ;
#1206 = ADVANCED_FACE ( 'NONE', ( #1138 ), #2745, .F. ) ;
#1207 = CARTESIAN_POINT ( 'NONE',  ( -2.359999999999998987, 0.3750000000000000555, -3.599999999999999645 ) ) ;
#1208 = ORIENTED_EDGE ( 'NONE', *, *, #461, .F. ) ;
#1209 = CARTESIAN_POINT ( 'NONE',  ( 2.359999999999998987, 0.1874999999999999722, 1.153249999999999664 ) ) ;
#1210 = DIRECTION ( 'NONE',  ( 0.000000000000000000, 0.000000000000000000, -1.000000000000000000 ) ) ;
#1211 = DIRECTION ( 'NONE',  ( -1.000000000000000000, 0.000000000000000000, 0.000000000000000000 ) ) ;
#1212 = ADVANCED_FACE ( 'NONE', ( #235 ), #1608, .F. ) ;
#1213 = VERTEX_POINT ( 'NONE', #290 ) ;
#1214 = DIRECTION ( 'NONE',  ( -1.173877618453189892E-16, -0.000000000000000000, -1.000000000000000000 ) ) ;
#1215 = DIRECTION ( 'NONE',  ( 0.000000000000000000, -1.000000000000000000, 0.000000000000000000 ) ) ;
#1216 = VERTEX_POINT ( 'NONE', #247 ) ;
#1217 = EDGE_CURVE ( 'NONE', #1607, #319, #1128, .T. ) ;
#1218 = CARTESIAN_POINT ( 'NONE',  ( -1.574999999999999956, 0.07749999999999999944, -2.389749999999999819 ) ) ;
#1219 = EDGE_CURVE ( 'NONE', #2335, #1757, #678, .T. ) ;
#1220 = ORIENTED_EDGE ( 'NONE', *, *, #1446, .T. ) ;
#1221 = VECTOR ( 'NONE', #1258, 39.37007874015748143 ) ;
#1222 = LINE ( 'NONE', #970, #2187 ) ;
#1223 = EDGE_CURVE ( 'NONE', #2169, #2452, #1188, .T. ) ;
#1224 = ORIENTED_EDGE ( 'NONE', *, *, #1476, .T. ) ;
#1225 = CARTESIAN_POINT ( 'NONE',  ( -1.182999999999998941, 0.2975000000000000422, 3.600000000000000533 ) ) ;
#1226 = ORIENTED_EDGE ( 'NONE', *, *, #1133, .F. ) ;
#1227 = CARTESIAN_POINT ( 'NONE',  ( 1.152250000000000218, 0.3750000000000000555, -3.161249999999999449 ) ) ;
#1228 =( NAMED_UNIT ( * ) PLANE_ANGLE_UNIT ( ) SI_UNIT ( $, .RADIAN. ) );
#1229 = ORIENTED_EDGE ( 'NONE', *, *, #2838, .F. ) ;
#1230 = EDGE_CURVE ( 'NONE', #1384, #1150, #1590, .T. ) ;
#1231 = EDGE_LOOP ( 'NONE', ( #736, #1929, #2563, #1205 ) ) ;
#1232 = CARTESIAN_POINT ( 'NONE',  ( 2.068750000000000533, 0.000000000000000000, -2.312999999999999723 ) ) ;
#1233 = VERTEX_POINT ( 'NONE', #22 ) ;
#1234 = VECTOR ( 'NONE', #465, 39.37007874015748143 ) ;
#1235 = DIRECTION ( 'NONE',  ( 0.000000000000000000, 0.000000000000000000, -1.000000000000000000 ) ) ;
#1236 = ORIENTED_EDGE ( 'NONE', *, *, #40, .T. ) ;
#1237 = CARTESIAN_POINT ( 'NONE',  ( -1.574999999999999956, 0.07749999999999999944, -2.878250000000000419 ) ) ;
#1238 = LINE ( 'NONE', #305, #817 ) ;
#1239 = PLANE ( 'NONE',  #930 ) ;
#1240 = AXIS2_PLACEMENT_3D ( 'NONE', #2659, #1731, #2814 ) ;
#1241 = ORIENTED_EDGE ( 'NONE', *, *, #1516, .T. ) ;
#1242 = AXIS2_PLACEMENT_3D ( 'NONE', #1760, #2414, #586 ) ;
#1243 = DIRECTION ( 'NONE',  ( 1.000000000000000000, 0.000000000000000000, 0.000000000000000000 ) ) ;
#1244 = CARTESIAN_POINT ( 'NONE',  ( -1.152249999999999774, 0.3750000000000000555, -3.368749999999999911 ) ) ;
#1245 = ORIENTED_EDGE ( 'NONE', *, *, #28, .F. ) ;
#1246 = AXIS2_PLACEMENT_3D ( 'NONE', #2688, #2044, #1330 ) ;
#1247 = EDGE_CURVE ( 'NONE', #990, #1201, #2261, .T. ) ;
#1248 = DIRECTION ( 'NONE',  ( 0.000000000000000000, 0.000000000000000000, 1.000000000000000000 ) ) ;
#1249 = VECTOR ( 'NONE', #872, 39.37007874015748143 ) ;
#1250 = ORIENTED_EDGE ( 'NONE', *, *, #75, .F. ) ;
#1251 = AXIS2_PLACEMENT_3D ( 'NONE', #1123, #2256, #672 ) ;
#1252 = DIRECTION ( 'NONE',  ( -0.000000000000000000, 1.000000000000000000, -0.000000000000000000 ) ) ;
#1253 = DIRECTION ( 'NONE',  ( 0.000000000000000000, 1.000000000000000000, -0.000000000000000000 ) ) ;
#1254 = FACE_OUTER_BOUND ( 'NONE', #505, .T. ) ;
#1255 = VECTOR ( 'NONE', #565, 39.37007874015748143 ) ;
#1256 = EDGE_LOOP ( 'NONE', ( #68, #1982, #519, #1194 ) ) ;
#1257 = CARTESIAN_POINT ( 'NONE',  ( 1.183499999999999996, 0.000000000000000000, -3.368749999999999467 ) ) ;
#1258 = DIRECTION ( 'NONE',  ( 1.000000000000000000, -0.000000000000000000, -0.000000000000000000 ) ) ;
#1259 = CARTESIAN_POINT ( 'NONE',  ( -1.574999999999999956, 0.07749999999999999944, -2.484749999999999126 ) ) ;
#1260 = EDGE_CURVE ( 'NONE', #1744, #370, #2671, .T. ) ;
#1261 = VERTEX_POINT ( 'NONE', #2516 ) ;
#1262 = CARTESIAN_POINT ( 'NONE',  ( 1.152250000000000218, 0.3750000000000000555, -3.368749999999999911 ) ) ;
#1263 = CARTESIAN_POINT ( 'NONE',  ( -1.152250000000000218, 0.000000000000000000, -2.546499999999999542 ) ) ;
#1264 = EDGE_LOOP ( 'NONE', ( #1060, #2054, #1959, #1481 ) ) ;
#1265 = CARTESIAN_POINT ( 'NONE',  ( -0.9629999999999988569, 0.2975000000000000422, 3.599999999999999645 ) ) ;
#1266 = VECTOR ( 'NONE', #476, 39.37007874015748143 ) ;
#1267 = ORIENTED_EDGE ( 'NONE', *, *, #26, .T. ) ;
#1268 = CARTESIAN_POINT ( 'NONE',  ( 2.068750000000000533, 0.3750000000000000555, -2.281749999999999723 ) ) ;
#1269 = CARTESIAN_POINT ( 'NONE',  ( -2.359999999999998987, 0.1875000000000000278, 0.7032499999999993756 ) ) ;
#1270 = LINE ( 'NONE', #2161, #1732 ) ;
#1271 = DIRECTION ( 'NONE',  ( -0.000000000000000000, -0.000000000000000000, 1.000000000000000000 ) ) ;
#1272 = CYLINDRICAL_SURFACE ( 'NONE', #425, 0.1004999999999996452 ) ;
#1273 = CARTESIAN_POINT ( 'NONE',  ( 1.859999999999999210, 0.1875000000000000278, -2.599999999999999645 ) ) ;
#1274 = ORIENTED_EDGE ( 'NONE', *, *, #2523, .F. ) ;
#1275 = ORIENTED_EDGE ( 'NONE', *, *, #2858, .F. ) ;
#1276 = DIRECTION ( 'NONE',  ( -0.000000000000000000, -1.000000000000000000, -0.000000000000000000 ) ) ;
#1277 = CARTESIAN_POINT ( 'NONE',  ( 0.1100000000000002920, 0.2975000000000000422, -2.217999999999999972 ) ) ;
#1278 = CARTESIAN_POINT ( 'NONE',  ( -1.182999999999998941, 0.3750000000000000555, 3.600000000000000533 ) ) ;
#1279 = CARTESIAN_POINT ( 'NONE',  ( -1.574999999999999956, 0.07749999999999999944, -3.068249999999999034 ) ) ;
#1280 = DIRECTION ( 'NONE',  ( -0.000000000000000000, -1.000000000000000000, -0.000000000000000000 ) ) ;
#1281 = CYLINDRICAL_SURFACE ( 'NONE', #2674, 0.03124999999999983694 ) ;
#1282 = CARTESIAN_POINT ( 'NONE',  ( 1.574999999999999956, 0.07749999999999999944, -3.068249999999999034 ) ) ;
#1283 = EDGE_CURVE ( 'NONE', #1470, #618, #265, .T. ) ;
#1284 = CARTESIAN_POINT ( 'NONE',  ( 1.073000000000000620, 0.3750000000000000555, -2.217999999999999972 ) ) ;
#1285 = DIRECTION ( 'NONE',  ( 0.000000000000000000, 0.000000000000000000, -1.000000000000000000 ) ) ;
#1286 = EDGE_CURVE ( 'NONE', #2866, #1213, #1109, .T. ) ;
#1287 = DIRECTION ( 'NONE',  ( -1.000000000000000000, 0.000000000000000000, 0.000000000000000000 ) ) ;
#1288 = ORIENTED_EDGE ( 'NONE', *, *, #978, .T. ) ;
#1289 = EDGE_LOOP ( 'NONE', ( #564, #2501, #2283, #2003 ) ) ;
#1291 = CARTESIAN_POINT ( 'NONE',  ( -1.859999999999999210, 0.1874999999999999722, 1.046750000000000069 ) ) ;
#1290 = CIRCLE ( 'NONE', #1053, 0.03124999999999983694 ) ;
#1292 = LINE ( 'NONE', #1039, #1865 ) ;
#1293 = ORIENTED_EDGE ( 'NONE', *, *, #2375, .T. ) ;
#1294 = VECTOR ( 'NONE', #2881, 39.37007874015748143 ) ;
#1295 = LINE ( 'NONE', #2611, #1633 ) ;
#1296 = AXIS2_PLACEMENT_3D ( 'NONE', #769, #781, #813 ) ;
#1297 = ORIENTED_EDGE ( 'NONE', *, *, #8, .T. ) ;
#1298 = ORIENTED_EDGE ( 'NONE', *, *, #2294, .T. ) ;
#1299 = AXIS2_PLACEMENT_3D ( 'NONE', #2714, #67, #2507 ) ;
#1300 = CARTESIAN_POINT ( 'NONE',  ( -1.823499999999999233, 0.000000000000000000, -0.7842500000000001137 ) ) ;
#1301 = DIRECTION ( 'NONE',  ( 0.000000000000000000, 0.000000000000000000, 1.000000000000000000 ) ) ;
#1302 = AXIS2_PLACEMENT_3D ( 'NONE', #1733, #1018, #2635 ) ;
#1303 = ORIENTED_EDGE ( 'NONE', *, *, #1325, .T. ) ;
#1304 = CARTESIAN_POINT ( 'NONE',  ( -1.574999999999999956, 0.07749999999999999944, -2.973249999999999726 ) ) ;
#1305 = DIRECTION ( 'NONE',  ( 0.000000000000000000, 0.000000000000000000, -1.000000000000000000 ) ) ;
#1306 = CIRCLE ( 'NONE', #1506, 0.09499999999999939049 ) ;
#1307 = ORIENTED_EDGE ( 'NONE', *, *, #1886, .T. ) ;
#1308 = AXIS2_PLACEMENT_3D ( 'NONE', #2531, #2097, #292 ) ;
#1309 = VERTEX_POINT ( 'NONE', #1175 ) ;
#1310 = CARTESIAN_POINT ( 'NONE',  ( 1.574999999999999956, 0.000000000000000000, -2.973249999999999726 ) ) ;
#1311 = LINE ( 'NONE', #1277, #1589 ) ;
#1312 = ORIENTED_EDGE ( 'NONE', *, *, #707, .F. ) ;
#1313 = ADVANCED_FACE ( 'NONE', ( #1390 ), #719, .F. ) ;
#1314 = ORIENTED_EDGE ( 'NONE', *, *, #322, .F. ) ;
#1315 = LINE ( 'NONE', #1279, #1294 ) ;
#1316 = CONICAL_SURFACE ( 'NONE', #2500, 0.05324999999999990158, 1.029744258676650759 ) ;
#1317 = VERTEX_POINT ( 'NONE', #2657 ) ;
#1318 = CARTESIAN_POINT ( 'NONE',  ( 2.359999999999998987, 0.1875000000000000278, -2.096750000000000114 ) ) ;
#1319 = DIRECTION ( 'NONE',  ( 1.000000000000000000, -0.000000000000000000, -0.000000000000000000 ) ) ;
#1320 = DIRECTION ( 'NONE',  ( -0.5150380749100573752, 0.000000000000000000, 0.8571673007021103352 ) ) ;
#1321 = ORIENTED_EDGE ( 'NONE', *, *, #619, .T. ) ;
#1322 = ORIENTED_EDGE ( 'NONE', *, *, #2222, .F. ) ;
#1323 = CARTESIAN_POINT ( 'NONE',  ( -1.152249999999999330, 0.3750000000000000555, -3.129999999999999449 ) ) ;
#1324 = VERTEX_POINT ( 'NONE', #2733 ) ;
#1325 = EDGE_CURVE ( 'NONE', #1150, #499, #696, .T. ) ;
#1326 = EDGE_CURVE ( 'NONE', #1181, #1882, #93, .T. ) ;
#1327 = PLANE ( 'NONE',  #2702 ) ;
#1328 = EDGE_CURVE ( 'NONE', #1050, #739, #576, .T. ) ;
#1329 = ORIENTED_EDGE ( 'NONE', *, *, #2643, .T. ) ;
#1330 = DIRECTION ( 'NONE',  ( 0.000000000000000000, 0.000000000000000000, 1.000000000000000000 ) ) ;
#1331 = ORIENTED_EDGE ( 'NONE', *, *, #707, .T. ) ;
#1332 = VERTEX_POINT ( 'NONE', #2352 ) ;
#1333 = CARTESIAN_POINT ( 'NONE',  ( -1.961749999999999439, 0.000000000000000000, 3.350000000000000089 ) ) ;
#1334 = DIRECTION ( 'NONE',  ( -0.000000000000000000, 1.000000000000000000, -0.000000000000000000 ) ) ;
#1335 = FACE_BOUND ( 'NONE', #102, .T. ) ;
#1336 = FACE_OUTER_BOUND ( 'NONE', #1652, .T. ) ;
#1337 = ORIENTED_EDGE ( 'NONE', *, *, #158, .T. ) ;
#1338 = EDGE_CURVE ( 'NONE', #332, #1757, #1704, .T. ) ;
#1339 = ORIENTED_EDGE ( 'NONE', *, *, #2112, .T. ) ;
#1340 = CARTESIAN_POINT ( 'NONE',  ( 0.1100000000000007777, 0.2975000000000000422, 3.599999999999999645 ) ) ;
#1341 = ORIENTED_EDGE ( 'NONE', *, *, #2076, .F. ) ;
#1342 = AXIS2_PLACEMENT_3D ( 'NONE', #911, #197, #227 ) ;
#1343 = DIRECTION ( 'NONE',  ( -0.000000000000000000, -1.000000000000000000, -0.000000000000000000 ) ) ;
#1344 = CIRCLE ( 'NONE', #915, 0.05324999999999963096 ) ;
#1345 = DIRECTION ( 'NONE',  ( 0.000000000000000000, 0.000000000000000000, -1.000000000000000000 ) ) ;
#1346 = DIRECTION ( 'NONE',  ( 1.000000000000000000, 0.000000000000000000, 0.000000000000000000 ) ) ;
#1347 = VECTOR ( 'NONE', #2126, 39.37007874015748143 ) ;
#1348 = EDGE_CURVE ( 'NONE', #329, #554, #1404, .T. ) ;
#1349 = DIRECTION ( 'NONE',  ( 1.000000000000000000, -0.000000000000000000, 0.000000000000000000 ) ) ;
#1350 = AXIS2_PLACEMENT_3D ( 'NONE', #2893, #1349, #2485 ) ;
#1351 = ADVANCED_FACE ( 'NONE', ( #535 ), #1449, .F. ) ;
#1352 = VECTOR ( 'NONE', #2022, 39.37007874015748143 ) ;
#1353 = ORIENTED_EDGE ( 'NONE', *, *, #2420, .T. ) ;
#1354 = DIRECTION ( 'NONE',  ( 0.000000000000000000, 0.000000000000000000, 1.000000000000000000 ) ) ;
#1355 = DIRECTION ( 'NONE',  ( 0.000000000000000000, 0.000000000000000000, -1.000000000000000000 ) ) ;
#1356 = EDGE_CURVE ( 'NONE', #280, #1971, #976, .T. ) ;
#1357 = AXIS2_PLACEMENT_3D ( 'NONE', #1333, #243, #918 ) ;
#1358 = FACE_OUTER_BOUND ( 'NONE', #2143, .T. ) ;
#1359 = VERTEX_POINT ( 'NONE', #2130 ) ;
#1360 = AXIS2_PLACEMENT_3D ( 'NONE', #1605, #975, #1878 ) ;
#1361 = DIRECTION ( 'NONE',  ( -1.000000000000000000, -0.000000000000000000, -0.000000000000000000 ) ) ;
#1362 = DIRECTION ( 'NONE',  ( -1.000000000000000000, -0.000000000000000000, -0.000000000000000000 ) ) ;
#1363 = EDGE_CURVE ( 'NONE', #2789, #1679, #1461, .T. ) ;
#1364 = AXIS2_PLACEMENT_3D ( 'NONE', #2057, #1635, #510 ) ;
#1365 = CONICAL_SURFACE ( 'NONE', #2247, 0.05324999999999976974, 1.029744258676650759 ) ;
#1366 = FACE_BOUND ( 'NONE', #71, .T. ) ;
#1367 = LINE ( 'NONE', #2236, #120 ) ;
#1368 = VERTEX_POINT ( 'NONE', #2328 ) ;
#1369 = FACE_OUTER_BOUND ( 'NONE', #1613, .T. ) ;
#1370 = LINE ( 'NONE', #2772, #1409 ) ;
#1371 = VERTEX_POINT ( 'NONE', #2108 ) ;
#1372 = LINE ( 'NONE', #630, #2528 ) ;
#1373 = CARTESIAN_POINT ( 'NONE',  ( 1.859999999999999210, 0.1875000000000000278, 0.6499999999999999112 ) ) ;
#1374 = EDGE_CURVE ( 'NONE', #749, #78, #1238, .T. ) ;
#1375 = CARTESIAN_POINT ( 'NONE',  ( -1.152249999999999774, 0.3750000000000000555, -3.399999999999999911 ) ) ;
#1376 = AXIS2_PLACEMENT_3D ( 'NONE', #2765, #2545, #737 ) ;
#1377 = ADVANCED_FACE ( 'NONE', ( #333 ), #989, .F. ) ;
#1378 = CARTESIAN_POINT ( 'NONE',  ( 1.183000000000000496, 0.3750000000000000555, -2.217999999999999972 ) ) ;
#1379 = CARTESIAN_POINT ( 'NONE',  ( -1.183499999999999774, 0.000000000000000000, -3.368749999999999467 ) ) ;
#1380 = VERTEX_POINT ( 'NONE', #1891 ) ;
#1381 = CARTESIAN_POINT ( 'NONE',  ( 2.359999999999998987, 0.1874999999999999722, 1.099999999999999867 ) ) ;
#1382 = VERTEX_POINT ( 'NONE', #2807 ) ;
#1383 = LINE ( 'NONE', #1614, #2758 ) ;
#1384 = VERTEX_POINT ( 'NONE', #2793 ) ;
#1385 = DIRECTION ( 'NONE',  ( 0.000000000000000000, 0.000000000000000000, -1.000000000000000000 ) ) ;
#1386 = CARTESIAN_POINT ( 'NONE',  ( 1.574999999999999956, 0.07749999999999999944, -2.878250000000000419 ) ) ;
#1387 = CARTESIAN_POINT ( 'NONE',  ( 1.152249999999999996, 0.000000000000000000, -3.399999999999999911 ) ) ;
#1388 = DIRECTION ( 'NONE',  ( -0.000000000000000000, -1.000000000000000000, -0.000000000000000000 ) ) ;
#1389 = EDGE_CURVE ( 'NONE', #992, #2667, #345, .T. ) ;
#1390 = FACE_OUTER_BOUND ( 'NONE', #1637, .T. ) ;
#1391 = EDGE_CURVE ( 'NONE', #2751, #985, #2572, .T. ) ;
#1392 = CARTESIAN_POINT ( 'NONE',  ( 1.823500000000001009, 0.000000000000000000, -2.281749999999999723 ) ) ;
#1393 = ORIENTED_EDGE ( 'NONE', *, *, #2872, .T. ) ;
#1394 = AXIS2_PLACEMENT_3D ( 'NONE', #64, #961, #54 ) ;
#1395 = DIRECTION ( 'NONE',  ( 1.000000000000000000, -0.000000000000000000, -0.000000000000000000 ) ) ;
#1396 = EDGE_CURVE ( 'NONE', #778, #966, #563, .T. ) ;
#1397 = ORIENTED_EDGE ( 'NONE', *, *, #652, .T. ) ;
#1398 = VERTEX_POINT ( 'NONE', #2820 ) ;
#1399 = VECTOR ( 'NONE', #2177, 39.37007874015748143 ) ;
#1400 = CARTESIAN_POINT ( 'NONE',  ( -2.359999999999998987, 0.1875000000000000278, -2.203249999999999265 ) ) ;
#1401 = DIRECTION ( 'NONE',  ( -1.000000000000000000, 0.000000000000000000, -0.000000000000000000 ) ) ;
#1402 = VECTOR ( 'NONE', #1058, 39.37007874015748143 ) ;
#1403 = ORIENTED_EDGE ( 'NONE', *, *, #1084, .T. ) ;
#1404 = CIRCLE ( 'NONE', #1677, 0.03124999999999983694 ) ;
#1405 = CARTESIAN_POINT ( 'NONE',  ( -2.099999999999999201, 0.1875000000000000278, -2.149999999999999911 ) ) ;
#1406 = LINE ( 'NONE', #2291, #2330 ) ;
#1407 = EDGE_LOOP ( 'NONE', ( #742, #1973, #1524 ) ) ;
#1408 = VECTOR ( 'NONE', #1271, 39.37007874015748143 ) ;
#1409 = VECTOR ( 'NONE', #2550, 39.37007874015748143 ) ;
#1410 = CARTESIAN_POINT ( 'NONE',  ( -1.961749999999999439, 0.3750000000000000555, 3.450499999999999901 ) ) ;
#1411 = ORIENTED_EDGE ( 'NONE', *, *, #1391, .T. ) ;
#1412 = CONICAL_SURFACE ( 'NONE', #2629, 0.05324999999999976974, 1.029744258676650759 ) ;
#1413 = EDGE_CURVE ( 'NONE', #1683, #167, #1431, .T. ) ;
#1414 = DIRECTION ( 'NONE',  ( 0.000000000000000000, 0.000000000000000000, -1.000000000000000000 ) ) ;
#1415 = EDGE_LOOP ( 'NONE', ( #1905, #516, #949, #2773 ) ) ;
#1416 = ORIENTED_EDGE ( 'NONE', *, *, #248, .F. ) ;
#1417 = LINE ( 'NONE', #1428, #405 ) ;
#1418 = DIRECTION ( 'NONE',  ( -0.000000000000000000, -1.000000000000000000, -0.000000000000000000 ) ) ;
#1419 = DIRECTION ( 'NONE',  ( -1.000000000000000000, -0.000000000000000000, -0.000000000000000000 ) ) ;
#1420 = ORIENTED_EDGE ( 'NONE', *, *, #2191, .T. ) ;
#1421 = CIRCLE ( 'NONE', #238, 0.03124999999999997571 ) ;
#1422 = ORIENTED_EDGE ( 'NONE', *, *, #566, .T. ) ;
#1423 = DIRECTION ( 'NONE',  ( -0.000000000000000000, 1.000000000000000000, -0.000000000000000000 ) ) ;
#1424 = EDGE_CURVE ( 'NONE', #1078, #2518, #2427, .T. ) ;
#1425 = LINE ( 'NONE', #1884, #2362 ) ;
#1426 = ORIENTED_EDGE ( 'NONE', *, *, #669, .T. ) ;
#1427 = ORIENTED_EDGE ( 'NONE', *, *, #438, .T. ) ;
#1428 = CARTESIAN_POINT ( 'NONE',  ( 1.859999999999999210, 0.1874999999999999722, 1.153249999999999886 ) ) ;
#1429 = DIRECTION ( 'NONE',  ( -0.000000000000000000, -0.000000000000000000, -1.000000000000000000 ) ) ;
#1430 = ORIENTED_EDGE ( 'NONE', *, *, #1696, .F. ) ;
#1431 = LINE ( 'NONE', #790, #217 ) ;
#1432 = DIRECTION ( 'NONE',  ( 0.000000000000000000, 1.000000000000000000, -0.000000000000000000 ) ) ;
#1433 = EDGE_CURVE ( 'NONE', #2074, #2171, #2135, .T. ) ;
#1434 = ORIENTED_EDGE ( 'NONE', *, *, #743, .F. ) ;
#1435 = ORIENTED_EDGE ( 'NONE', *, *, #1783, .T. ) ;
#1436 = CYLINDRICAL_SURFACE ( 'NONE', #727, 0.05324999999999976974 ) ;
#1437 = LINE ( 'NONE', #1025, #228 ) ;
#1438 = AXIS2_PLACEMENT_3D ( 'NONE', #786, #2660, #2179 ) ;
#1439 = EDGE_LOOP ( 'NONE', ( #2230, #2535, #1806, #916, #2220, #2548, #731, #478 ) ) ;
#1440 = AXIS2_PLACEMENT_3D ( 'NONE', #301, #1153, #89 ) ;
#1441 = FACE_OUTER_BOUND ( 'NONE', #687, .T. ) ;
#1442 = EDGE_CURVE ( 'NONE', #119, #78, #1858, .T. ) ;
#1443 = EDGE_LOOP ( 'NONE', ( #2717, #264, #2794, #845 ) ) ;
#1444 = DIRECTION ( 'NONE',  ( 1.000000000000000000, -0.000000000000000000, -0.000000000000000000 ) ) ;
#1445 = DIRECTION ( 'NONE',  ( 1.000000000000000000, 0.000000000000000000, 0.000000000000000000 ) ) ;
#1446 = EDGE_CURVE ( 'NONE', #1551, #2272, #2546, .T. ) ;
#1447 = AXIS2_PLACEMENT_3D ( 'NONE', #2582, #1888, #1857 ) ;
#1448 = CYLINDRICAL_SURFACE ( 'NONE', #1376, 0.09499999999999939049 ) ;
#1449 = PLANE ( 'NONE',  #1452 ) ;
#1450 = VECTOR ( 'NONE', #284, 39.37007874015748143 ) ;
#1451 = ORIENTED_EDGE ( 'NONE', *, *, #1500, .F. ) ;
#1452 = AXIS2_PLACEMENT_3D ( 'NONE', #521, #1215, #964 ) ;
#1453 = EDGE_CURVE ( 'NONE', #875, #496, #2852, .T. ) ;
#1454 = ORIENTED_EDGE ( 'NONE', *, *, #835, .F. ) ;
#1455 = AXIS2_PLACEMENT_3D ( 'NONE', #1244, #2137, #140 ) ;
#1456 = CARTESIAN_POINT ( 'NONE',  ( -1.828004172036781672, 0.1874999999999998890, 0.6499999999999999112 ) ) ;
#1457 =( GEOMETRIC_REPRESENTATION_CONTEXT ( 3 ) GLOBAL_UNCERTAINTY_ASSIGNED_CONTEXT ( ( #1772 ) ) GLOBAL_UNIT_ASSIGNED_CONTEXT ( ( #1751, #1228, #777 ) ) REPRESENTATION_CONTEXT ( 'NONE', 'WORKASPACE' ) );
#1458 = ORIENTED_EDGE ( 'NONE', *, *, #2721, .T. ) ;
#1459 = CARTESIAN_POINT ( 'NONE',  ( 1.961750000000000993, 0.000000000000000000, 3.249500000000000277 ) ) ;
#1460 = EDGE_LOOP ( 'NONE', ( #1548, #754, #2468, #2117 ) ) ;
#1461 = LINE ( 'NONE', #1880, #128 ) ;
#1462 = EDGE_CURVE ( 'NONE', #1169, #1615, #2664, .T. ) ;
#1463 = CARTESIAN_POINT ( 'NONE',  ( -1.859999999999999210, 0.1874999999999999722, 1.046750000000000069 ) ) ;
#1464 = EDGE_CURVE ( 'NONE', #581, #187, #646, .T. ) ;
#1465 = VERTEX_POINT ( 'NONE', #59 ) ;
#1466 = LINE ( 'NONE', #1291, #637 ) ;
#1467 = VERTEX_POINT ( 'NONE', #2549 ) ;
#1468 = VECTOR ( 'NONE', #1095, 39.37007874015748143 ) ;
#1469 = DIRECTION ( 'NONE',  ( 0.000000000000000000, 0.000000000000000000, -1.000000000000000000 ) ) ;
#1470 = VERTEX_POINT ( 'NONE', #2073 ) ;
#1471 = CARTESIAN_POINT ( 'NONE',  ( -2.099999999999999201, 0.3750000000000000555, -0.7842500000000001137 ) ) ;
#1472 = VERTEX_POINT ( 'NONE', #281 ) ;
#1473 = CARTESIAN_POINT ( 'NONE',  ( 2.100000000000000977, 0.3750000000000000555, -2.281749999999999723 ) ) ;
#1474 = DIRECTION ( 'NONE',  ( 0.000000000000000000, 0.000000000000000000, -1.000000000000000000 ) ) ;
#1475 = CARTESIAN_POINT ( 'NONE',  ( -2.359999999999998987, 0.3750000000000000555, -3.599999999999999645 ) ) ;
#1476 = EDGE_CURVE ( 'NONE', #452, #1368, #981, .T. ) ;
#1477 = ORIENTED_EDGE ( 'NONE', *, *, #1871, .T. ) ;
#1478 = EDGE_CURVE ( 'NONE', #452, #2518, #1178, .T. ) ;
#1479 = PLANE ( 'NONE',  #2857 ) ;
#1480 = DIRECTION ( 'NONE',  ( -0.000000000000000000, 1.000000000000000000, -0.000000000000000000 ) ) ;
#1481 = ORIENTED_EDGE ( 'NONE', *, *, #2474, .T. ) ;
#1482 = DIRECTION ( 'NONE',  ( 0.000000000000000000, 0.000000000000000000, -1.000000000000000000 ) ) ;
#1483 = ORIENTED_EDGE ( 'NONE', *, *, #2204, .T. ) ;
#1484 = LINE ( 'NONE', #1918, #1198 ) ;
#1485 = PRODUCT_DEFINITION_SHAPE ( 'NONE', 'NONE',  #353 ) ;
#1486 = DIRECTION ( 'NONE',  ( 0.000000000000000000, 1.000000000000000000, -0.000000000000000000 ) ) ;
#1487 = ADVANCED_FACE ( 'NONE', ( #2771 ), #1436, .F. ) ;
#1488 = DIRECTION ( 'NONE',  ( 0.000000000000000000, 0.000000000000000000, 1.000000000000000000 ) ) ;
#1489 = ORIENTED_EDGE ( 'NONE', *, *, #2482, .F. ) ;
#1490 = CARTESIAN_POINT ( 'NONE',  ( 1.574999999999999956, 0.07749999999999999944, -2.484749999999999126 ) ) ;
#1491 = PLANE ( 'NONE',  #648 ) ;
#1492 = DIRECTION ( 'NONE',  ( 0.000000000000000000, 1.000000000000000000, 0.000000000000000000 ) ) ;
#1493 = DIRECTION ( 'NONE',  ( 1.000000000000000000, -0.000000000000000000, -0.000000000000000000 ) ) ;
#1494 = AXIS2_PLACEMENT_3D ( 'NONE', #747, #1661, #529 ) ;
#1495 = ORIENTED_EDGE ( 'NONE', *, *, #2461, .F. ) ;
#1496 = DIRECTION ( 'NONE',  ( 1.000000000000000000, 0.000000000000000000, 0.000000000000000000 ) ) ;
#1497 = VERTEX_POINT ( 'NONE', #955 ) ;
#1498 = CIRCLE ( 'NONE', #42, 0.03124999999999983694 ) ;
#1499 = CARTESIAN_POINT ( 'NONE',  ( -1.152249999999999774, 0.3750000000000000555, -3.161249999999999449 ) ) ;
#1500 = EDGE_CURVE ( 'NONE', #1683, #1470, #1958, .T. ) ;
#1501 = VECTOR ( 'NONE', #18, 39.37007874015748143 ) ;
#1502 = VERTEX_POINT ( 'NONE', #1624 ) ;
#1503 = AXIS2_PLACEMENT_3D ( 'NONE', #870, #475, #1385 ) ;
#1504 = CARTESIAN_POINT ( 'NONE',  ( -0.1099999999999999728, 0.2975000000000000422, -2.217999999999999972 ) ) ;
#1505 = DIRECTION ( 'NONE',  ( 0.000000000000000000, 0.000000000000000000, -1.000000000000000000 ) ) ;
#1506 = AXIS2_PLACEMENT_3D ( 'NONE', #1310, #2669, #2202 ) ;
#1507 = PRESENTATION_LAYER_ASSIGNMENT (  '', '', ( #2768 ) ) ;
#1508 = DIRECTION ( 'NONE',  ( 0.000000000000000000, -0.000000000000000000, 1.000000000000000000 ) ) ;
#1509 = CARTESIAN_POINT ( 'NONE',  ( 1.859999999999999210, 0.1875000000000000278, 0.6499999999999999112 ) ) ;
#1510 = CARTESIAN_POINT ( 'NONE',  ( 1.574999999999999956, 0.000000000000000000, -2.294750000000000512 ) ) ;
#1511 = ORIENTED_EDGE ( 'NONE', *, *, #1283, .F. ) ;
#1512 = DIRECTION ( 'NONE',  ( 0.000000000000000000, 0.000000000000000000, 1.000000000000000000 ) ) ;
#1513 = FACE_OUTER_BOUND ( 'NONE', #1830, .T. ) ;
#1514 = VECTOR ( 'NONE', #888, 39.37007874015748143 ) ;
#1515 = ORIENTED_EDGE ( 'NONE', *, *, #2588, .F. ) ;
#1516 = EDGE_CURVE ( 'NONE', #2459, #852, #1163, .T. ) ;
#1517 = DIRECTION ( 'NONE',  ( -0.000000000000000000, -1.000000000000000000, -0.000000000000000000 ) ) ;
#1518 = DIRECTION ( 'NONE',  ( -0.000000000000000000, 1.000000000000000000, -0.000000000000000000 ) ) ;
#1519 = LINE ( 'NONE', #391, #362 ) ;
#1520 = CARTESIAN_POINT ( 'NONE',  ( -1.152249999999999330, 0.3750000000000000555, -3.399999999999999911 ) ) ;
#1521 = CARTESIAN_POINT ( 'NONE',  ( -2.068749999999999201, 0.3750000000000000555, -2.312999999999999723 ) ) ;
#1522 = VERTEX_POINT ( 'NONE', #1640 ) ;
#1523 = ADVANCED_BREP_SHAPE_REPRESENTATION ( 'Backing Plate', ( #2490, #806 ), #2795 ) ;
#1524 = ORIENTED_EDGE ( 'NONE', *, *, #1686, .T. ) ;
#1525 = CARTESIAN_POINT ( 'NONE',  ( -1.859999999999999210, 0.1874999999999999722, 1.099999999999999867 ) ) ;
#1526 = ORIENTED_EDGE ( 'NONE', *, *, #1977, .T. ) ;
#1527 = DIRECTION ( 'NONE',  ( 1.000000000000000000, 0.000000000000000000, -0.000000000000000000 ) ) ;
#1528 = ORIENTED_EDGE ( 'NONE', *, *, #1328, .T. ) ;
#1529 = CARTESIAN_POINT ( 'NONE',  ( -2.359999999999998987, 0.000000000000000000, 3.599999999999999645 ) ) ;
#1530 = PRODUCT_CONTEXT ( 'NONE', #65, 'mechanical' ) ;
#1531 = ADVANCED_FACE ( 'NONE', ( #2785 ), #1204, .F. ) ;
#1532 = EDGE_LOOP ( 'NONE', ( #2194, #406, #609, #2824 ) ) ;
#1533 = FACE_OUTER_BOUND ( 'NONE', #2566, .T. ) ;
#1534 = DIRECTION ( 'NONE',  ( 0.000000000000000000, 1.000000000000000000, -0.000000000000000000 ) ) ;
#1535 = CIRCLE ( 'NONE', #117, 0.1099999999999999173 ) ;
#1536 = ORIENTED_EDGE ( 'NONE', *, *, #297, .T. ) ;
#1537 = ORIENTED_EDGE ( 'NONE', *, *, #389, .F. ) ;
#1538 = CARTESIAN_POINT ( 'NONE',  ( -1.574999999999999956, 0.07749999999999999944, -2.878250000000000419 ) ) ;
#1539 = CARTESIAN_POINT ( 'NONE',  ( -0.1099999999999992650, 0.2975000000000000422, 3.599999999999999645 ) ) ;
#1540 = VECTOR ( 'NONE', #773, 39.37007874015748143 ) ;
#1541 = EDGE_CURVE ( 'NONE', #126, #836, #772, .T. ) ;
#1542 = DIRECTION ( 'NONE',  ( 0.000000000000000000, 0.000000000000000000, 1.000000000000000000 ) ) ;
#1543 = CONICAL_SURFACE ( 'NONE', #215, 0.05324999999999990158, 1.029744258676650759 ) ;
#1544 = ORIENTED_EDGE ( 'NONE', *, *, #500, .F. ) ;
#1545 = CIRCLE ( 'NONE', #2284, 0.1004999999999996452 ) ;
#1546 = PLANE ( 'NONE',  #717 ) ;
#1547 = VECTOR ( 'NONE', #2534, 39.37007874015748143 ) ;
#1548 = ORIENTED_EDGE ( 'NONE', *, *, #2168, .F. ) ;
#1549 = DIRECTION ( 'NONE',  ( 1.000000000000000000, -0.000000000000000000, -0.000000000000000000 ) ) ;
#1550 = DIRECTION ( 'NONE',  ( 0.000000000000000000, 0.000000000000000000, -1.000000000000000000 ) ) ;
#1551 = VERTEX_POINT ( 'NONE', #295 ) ;
#1552 = ADVANCED_FACE ( 'NONE', ( #1840 ), #2278, .T. ) ;
#1553 = LINE ( 'NONE', #661, #1162 ) ;
#1554 = DIRECTION ( 'NONE',  ( -1.000000000000000000, -0.000000000000000000, -0.000000000000000000 ) ) ;
#1555 = EDGE_CURVE ( 'NONE', #2452, #2205, #991, .T. ) ;
#1556 = DIRECTION ( 'NONE',  ( 0.5150380749100573752, 1.049727191138616354E-16, 0.8571673007021103352 ) ) ;
#1557 = DIRECTION ( 'NONE',  ( -0.000000000000000000, 1.000000000000000000, -0.000000000000000000 ) ) ;
#1558 = APPLICATION_PROTOCOL_DEFINITION ( 'draft international standard', 'automotive_design', 1998, #953 ) ;
#1559 = ORIENTED_EDGE ( 'NONE', *, *, #1541, .F. ) ;
#1560 = DIRECTION ( 'NONE',  ( 0.000000000000000000, 1.000000000000000000, -0.000000000000000000 ) ) ;
#1561 = LINE ( 'NONE', #261, #2542 ) ;
#1562 = CARTESIAN_POINT ( 'NONE',  ( 1.828004172036781672, 0.1874999999999998890, 0.6499999999999999112 ) ) ;
#1563 = ORIENTED_EDGE ( 'NONE', *, *, #789, .F. ) ;
#1564 = DIRECTION ( 'NONE',  ( 0.000000000000000000, 0.000000000000000000, 1.000000000000000000 ) ) ;
#1565 = ADVANCED_FACE ( 'NONE', ( #1693 ), #1479, .F. ) ;
#1566 = LINE ( 'NONE', #910, #634 ) ;
#1567 = FACE_BOUND ( 'NONE', #675, .T. ) ;
#1568 = LINE ( 'NONE', #2463, #2316 ) ;
#1569 = DIRECTION ( 'NONE',  ( -1.000000000000000000, 0.000000000000000000, -0.000000000000000000 ) ) ;
#1570 = EDGE_LOOP ( 'NONE', ( #308, #2077, #359, #2264 ) ) ;
#1571 = FACE_OUTER_BOUND ( 'NONE', #1532, .T. ) ;
#1572 = DIRECTION ( 'NONE',  ( -0.000000000000000000, 1.000000000000000000, -0.000000000000000000 ) ) ;
#1573 = DIMENSIONAL_EXPONENTS ( 1.000000000000000000, 0.000000000000000000, 0.000000000000000000, 0.000000000000000000, 0.000000000000000000, 0.000000000000000000, 0.000000000000000000 ) ;
#1574 = EDGE_CURVE ( 'NONE', #2789, #544, #608, .T. ) ;
#1575 = PLANE ( 'NONE',  #302 ) ;
#1576 = ORIENTED_EDGE ( 'NONE', *, *, #2405, .F. ) ;
#1577 = LINE ( 'NONE', #23, #1639 ) ;
#1578 = CARTESIAN_POINT ( 'NONE',  ( 1.183500000000000218, 0.3750000000000000555, -3.161249999999999893 ) ) ;
#1579 = DIRECTION ( 'NONE',  ( 1.000000000000000000, 0.000000000000000000, -0.000000000000000000 ) ) ;
#1580 = VECTOR ( 'NONE', #155, 39.37007874015748143 ) ;
#1581 = LINE ( 'NONE', #255, #82 ) ;
#1582 = AXIS2_PLACEMENT_3D ( 'NONE', #2061, #525, #1841 ) ;
#1583 = VERTEX_POINT ( 'NONE', #151 ) ;
#1584 = FACE_OUTER_BOUND ( 'NONE', #613, .T. ) ;
#1585 = LINE ( 'NONE', #490, #1838 ) ;
#1586 = CARTESIAN_POINT ( 'NONE',  ( 1.152249999999999996, 0.3750000000000000555, -3.129999999999999449 ) ) ;
#1587 = AXIS2_PLACEMENT_3D ( 'NONE', #1525, #1937, #162 ) ;
#1588 = ORIENTED_EDGE ( 'NONE', *, *, #1476, .F. ) ;
#1589 = VECTOR ( 'NONE', #2653, 39.37007874015748143 ) ;
#1590 = LINE ( 'NONE', #2879, #1009 ) ;
#1591 = LINE ( 'NONE', #1340, #2292 ) ;
#1592 = CIRCLE ( 'NONE', #1964, 0.03125000000000011102 ) ;
#1593 = ORIENTED_EDGE ( 'NONE', *, *, #2258, .T. ) ;
#1594 = CARTESIAN_POINT ( 'NONE',  ( -1.574999999999999956, 0.07749999999999999944, -2.973249999999999726 ) ) ;
#1595 = DIRECTION ( 'NONE',  ( -0.000000000000000000, -1.000000000000000000, -0.000000000000000000 ) ) ;
#1596 = EDGE_LOOP ( 'NONE', ( #294, #347, #1768, #2423 ) ) ;
#1597 = VERTEX_POINT ( 'NONE', #1953 ) ;
#1598 = DIRECTION ( 'NONE',  ( -0.000000000000000000, -1.000000000000000000, -0.000000000000000000 ) ) ;
#1599 = ADVANCED_FACE ( 'NONE', ( #2625 ), #1038, .F. ) ;
#1600 = EDGE_CURVE ( 'NONE', #2329, #2395, #821, .T. ) ;
#1601 = CARTESIAN_POINT ( 'NONE',  ( 1.073000000000000620, 0.2975000000000000422, -2.217999999999999972 ) ) ;
#1602 = CARTESIAN_POINT ( 'NONE',  ( -2.359999999999998987, 0.3750000000000000555, 3.599999999999999645 ) ) ;
#1603 = AXIS2_PLACEMENT_3D ( 'NONE', #1152, #2050, #448 ) ;
#1604 = DIRECTION ( 'NONE',  ( 0.000000000000000000, 0.000000000000000000, 1.000000000000000000 ) ) ;
#1605 = CARTESIAN_POINT ( 'NONE',  ( 1.859999999999999210, 0.1875000000000000278, -2.599999999999999645 ) ) ;
#1606 = ORIENTED_EDGE ( 'NONE', *, *, #580, .F. ) ;
#1607 = VERTEX_POINT ( 'NONE', #2859 ) ;
#1608 = CYLINDRICAL_SURFACE ( 'NONE', #1777, 0.05324999999999976974 ) ;
#1609 = CARTESIAN_POINT ( 'NONE',  ( 1.859999999999999210, 0.1874999999999999722, 1.099999999999999867 ) ) ;
#1610 = ORIENTED_EDGE ( 'NONE', *, *, #978, .F. ) ;
#1611 = ADVANCED_FACE ( 'NONE', ( #1707 ), #2409, .T. ) ;
#1612 = CARTESIAN_POINT ( 'NONE',  ( 1.854750000000001009, 0.000000000000000000, -2.312999999999999723 ) ) ;
#1613 = EDGE_LOOP ( 'NONE', ( #712, #899, #2856, #751 ) ) ;
#1614 = CARTESIAN_POINT ( 'NONE',  ( -1.183499999999999996, 0.000000000000000000, -2.577749999999999542 ) ) ;
#1615 = VERTEX_POINT ( 'NONE', #398 ) ;
#1616 = ORIENTED_EDGE ( 'NONE', *, *, #393, .F. ) ;
#1617 = LINE ( 'NONE', #2504, #1266 ) ;
#1618 = DIRECTION ( 'NONE',  ( 0.000000000000000000, 0.000000000000000000, -1.000000000000000000 ) ) ;
#1619 = CARTESIAN_POINT ( 'NONE',  ( 1.854750000000001009, 0.3750000000000000555, -0.7529999999999998916 ) ) ;
#1620 = ORIENTED_EDGE ( 'NONE', *, *, #334, .F. ) ;
#1621 = EDGE_CURVE ( 'NONE', #381, #2329, #1466, .T. ) ;
#1622 = DIRECTION ( 'NONE',  ( -0.000000000000000000, -0.000000000000000000, 1.000000000000000000 ) ) ;
#1623 = CONICAL_SURFACE ( 'NONE', #1440, 0.05324999999999990158, 1.029744258676650759 ) ;
#1624 = CARTESIAN_POINT ( 'NONE',  ( 1.828004172036781672, 0.1874999999999998335, 1.099999999999999867 ) ) ;
#1625 = CARTESIAN_POINT ( 'NONE',  ( 2.359999999999998987, 0.1874999999999999722, 1.099999999999999867 ) ) ;
#1626 = AXIS2_PLACEMENT_3D ( 'NONE', #1373, #244, #2032 ) ;
#1627 = ORIENTED_EDGE ( 'NONE', *, *, #1783, .F. ) ;
#1628 = ORIENTED_EDGE ( 'NONE', *, *, #2560, .T. ) ;
#1629 = VECTOR ( 'NONE', #186, 39.37007874015748143 ) ;
#1630 = CARTESIAN_POINT ( 'NONE',  ( -2.068749999999999201, 0.3750000000000000555, -2.281749999999999723 ) ) ;
#1631 = CARTESIAN_POINT ( 'NONE',  ( 0.1100000000000002920, 0.3750000000000000555, -2.217999999999999972 ) ) ;
#1632 = VECTOR ( 'NONE', #1972, 39.37007874015748143 ) ;
#1633 = VECTOR ( 'NONE', #1710, 39.37007874015748143 ) ;
#1634 = DIRECTION ( 'NONE',  ( -1.000000000000000000, 0.000000000000000000, -0.000000000000000000 ) ) ;
#1635 = DIRECTION ( 'NONE',  ( 0.000000000000000000, 0.000000000000000000, 1.000000000000000000 ) ) ;
#1636 = EDGE_CURVE ( 'NONE', #2642, #1597, #681, .T. ) ;
#1637 = EDGE_LOOP ( 'NONE', ( #2379, #816, #2016, #1427, #116, #1669, #86, #758, #2098, #671, #2295, #2062, #439, #2426, #1515, #2048 ) ) ;
#1638 = VECTOR ( 'NONE', #1763, 39.37007874015748143 ) ;
#1639 = VECTOR ( 'NONE', #1100, 39.37007874015748143 ) ;
#1640 = CARTESIAN_POINT ( 'NONE',  ( 1.574999999999999956, 0.07749999999999999944, -3.068249999999999034 ) ) ;
#1641 = ORIENTED_EDGE ( 'NONE', *, *, #245, .T. ) ;
#1642 = AXIS2_PLACEMENT_3D ( 'NONE', #2262, #249, #2508 ) ;
#1643 = CYLINDRICAL_SURFACE ( 'NONE', #541, 0.03124999999999983694 ) ;
#1644 = VERTEX_POINT ( 'NONE', #2810 ) ;
#1645 = PLANE ( 'NONE',  #765 ) ;
#1646 = FACE_OUTER_BOUND ( 'NONE', #2483, .T. ) ;
#1647 = EDGE_CURVE ( 'NONE', #496, #1332, #337, .T. ) ;
#1648 = ORIENTED_EDGE ( 'NONE', *, *, #1963, .T. ) ;
#1649 = FACE_OUTER_BOUND ( 'NONE', #1415, .T. ) ;
#1650 = DIRECTION ( 'NONE',  ( 0.000000000000000000, 0.000000000000000000, 1.000000000000000000 ) ) ;
#1651 = CIRCLE ( 'NONE', #1603, 0.03124999999999983694 ) ;
#1652 = EDGE_LOOP ( 'NONE', ( #143, #722, #2071, #2808 ) ) ;
#1653 = EDGE_LOOP ( 'NONE', ( #1917, #1020, #584, #2457 ) ) ;
#1654 = EDGE_CURVE ( 'NONE', #2391, #1802, #2136, .T. ) ;
#1655 = FACE_OUTER_BOUND ( 'NONE', #2869, .T. ) ;
#1656 = DIRECTION ( 'NONE',  ( 0.000000000000000000, 1.000000000000000000, -0.000000000000000000 ) ) ;
#1657 = ORIENTED_EDGE ( 'NONE', *, *, #607, .F. ) ;
#1658 = DIRECTION ( 'NONE',  ( 0.000000000000000000, 0.000000000000000000, -1.000000000000000000 ) ) ;
#1659 = ADVANCED_FACE ( 'NONE', ( #1024 ), #793, .F. ) ;
#1660 = EDGE_LOOP ( 'NONE', ( #2229, #62, #1293 ) ) ;
#1661 = DIRECTION ( 'NONE',  ( -1.000000000000000000, 0.000000000000000000, 0.000000000000000000 ) ) ;
#1662 = EDGE_CURVE ( 'NONE', #1465, #1644, #1913, .T. ) ;
#1663 = ORIENTED_EDGE ( 'NONE', *, *, #2769, .F. ) ;
#1664 = CARTESIAN_POINT ( 'NONE',  ( 1.183000000000000496, 0.2975000000000000422, -2.217999999999999972 ) ) ;
#1665 = ORIENTED_EDGE ( 'NONE', *, *, #943, .F. ) ;
#1666 = EDGE_LOOP ( 'NONE', ( #2309, #2684, #1993, #1091 ) ) ;
#1667 = FACE_OUTER_BOUND ( 'NONE', #1256, .T. ) ;
#1668 = AXIS2_PLACEMENT_3D ( 'NONE', #2480, #471, #2719 ) ;
#1669 = ORIENTED_EDGE ( 'NONE', *, *, #2779, .T. ) ;
#1670 = ORIENTED_EDGE ( 'NONE', *, *, #1348, .T. ) ;
#1671 = EDGE_LOOP ( 'NONE', ( #103, #559, #1735, #1628 ) ) ;
#1672 = CARTESIAN_POINT ( 'NONE',  ( -1.183499999999999996, 0.3750000000000000555, -2.577749999999999542 ) ) ;
#1673 = VECTOR ( 'NONE', #2064, 39.37007874015748143 ) ;
#1674 = DIRECTION ( 'NONE',  ( 1.000000000000000000, -0.000000000000000000, -0.000000000000000000 ) ) ;
#1675 = AXIS2_PLACEMENT_3D ( 'NONE', #2014, #2252, #1792 ) ;
#1676 = ORIENTED_EDGE ( 'NONE', *, *, #210, .F. ) ;
#1677 = AXIS2_PLACEMENT_3D ( 'NONE', #2340, #2558, #1001 ) ;
#1678 = DIRECTION ( 'NONE',  ( 0.5150380749100573752, 0.000000000000000000, -0.8571673007021103352 ) ) ;
#1679 = VERTEX_POINT ( 'NONE', #1115 ) ;
#1680 = CIRCLE ( 'NONE', #2055, 0.05324999999999949218 ) ;
#1681 = DIRECTION ( 'NONE',  ( -0.000000000000000000, -1.000000000000000000, -0.000000000000000000 ) ) ;
#1682 = CIRCLE ( 'NONE', #1642, 0.03125000000000011102 ) ;
#1683 = VERTEX_POINT ( 'NONE', #2443 ) ;
#1684 = ORIENTED_EDGE ( 'NONE', *, *, #1621, .T. ) ;
#1685 = LINE ( 'NONE', #88, #2520 ) ;
#1686 = EDGE_CURVE ( 'NONE', #2298, #2633, #2370, .T. ) ;
#1687 = FACE_BOUND ( 'NONE', #946, .T. ) ;
#1688 = EDGE_CURVE ( 'NONE', #2799, #1615, #1755, .T. ) ;
#1689 = CARTESIAN_POINT ( 'NONE',  ( 2.359999999999998987, 0.1874999999999999722, 1.099999999999999867 ) ) ;
#1690 = DIRECTION ( 'NONE',  ( 0.000000000000000000, 0.000000000000000000, -1.000000000000000000 ) ) ;
#1691 = EDGE_LOOP ( 'NONE', ( #2681, #2498, #1936 ) ) ;
#1692 = AXIS2_PLACEMENT_3D ( 'NONE', #605, #1782, #2662 ) ;
#1693 = FACE_OUTER_BOUND ( 'NONE', #2079, .T. ) ;
#1694 = DIRECTION ( 'NONE',  ( 0.000000000000000000, 0.000000000000000000, 1.000000000000000000 ) ) ;
#1695 = VERTEX_POINT ( 'NONE', #1473 ) ;
#1696 = EDGE_CURVE ( 'NONE', #859, #1317, #801, .T. ) ;
#1697 = CARTESIAN_POINT ( 'NONE',  ( -2.359999999999998987, 0.3750000000000000555, -3.599999999999999645 ) ) ;
#1698 = EDGE_LOOP ( 'NONE', ( #154, #2122, #395, #934 ) ) ;
#1699 = LINE ( 'NONE', #2145, #1580 ) ;
#1700 = FACE_OUTER_BOUND ( 'NONE', #596, .T. ) ;
#1701 = CARTESIAN_POINT ( 'NONE',  ( -2.099999999999999201, -0.000000000000000000, -0.7842500000000001137 ) ) ;
#1702 = ORIENTED_EDGE ( 'NONE', *, *, #2678, .F. ) ;
#1703 = FACE_OUTER_BOUND ( 'NONE', #2901, .T. ) ;
#1704 = LINE ( 'NONE', #1664, #270 ) ;
#1705 = EDGE_LOOP ( 'NONE', ( #2581, #1754, #2441 ) ) ;
#1706 = EDGE_CURVE ( 'NONE', #618, #315, #2831, .T. ) ;
#1707 = FACE_OUTER_BOUND ( 'NONE', #574, .T. ) ;
#1708 = CARTESIAN_POINT ( 'NONE',  ( 2.100000000000000977, 0.1875000000000000278, -2.096750000000000114 ) ) ;
#1709 = ORIENTED_EDGE ( 'NONE', *, *, #1442, .T. ) ;
#1710 = DIRECTION ( 'NONE',  ( 1.000000000000000000, -0.000000000000000000, -0.000000000000000000 ) ) ;
#1711 = ORIENTED_EDGE ( 'NONE', *, *, #2800, .F. ) ;
#1712 = CIRCLE ( 'NONE', #2314, 0.03125000000000011102 ) ;
#1713 = ORIENTED_EDGE ( 'NONE', *, *, #2838, .T. ) ;
#1714 = CARTESIAN_POINT ( 'NONE',  ( 2.359999999999998987, 0.1875000000000000278, -2.203249999999999709 ) ) ;
#1715 = CYLINDRICAL_SURFACE ( 'NONE', #1960, 0.03124999999999983694 ) ;
#1716 = CARTESIAN_POINT ( 'NONE',  ( -2.099999999999999201, 0.3750000000000000555, -0.7842500000000001137 ) ) ;
#1717 = LINE ( 'NONE', #2200, #2300 ) ;
#1718 = DIRECTION ( 'NONE',  ( 0.000000000000000000, 0.000000000000000000, 1.000000000000000000 ) ) ;
#1719 = AXIS2_PLACEMENT_3D ( 'NONE', #506, #2336, #2299 ) ;
#1720 = ORIENTED_EDGE ( 'NONE', *, *, #2380, .F. ) ;
#1721 = CONICAL_SURFACE ( 'NONE', #1246, 0.05324999999999976974, 1.029744258676650759 ) ;
#1722 = DIRECTION ( 'NONE',  ( 0.000000000000000000, 0.000000000000000000, 1.000000000000000000 ) ) ;
#1723 = FACE_OUTER_BOUND ( 'NONE', #1925, .T. ) ;
#1724 = ADVANCED_FACE ( 'NONE', ( #614 ), #841, .T. ) ;
#1725 = VERTEX_POINT ( 'NONE', #2351 ) ;
#1726 = VECTOR ( 'NONE', #225, 39.37007874015748143 ) ;
#1727 = CARTESIAN_POINT ( 'NONE',  ( -2.359999999999998987, 0.1875000000000000278, -2.149999999999999911 ) ) ;
#1728 = VECTOR ( 'NONE', #2503, 39.37007874015748143 ) ;
#1729 = ORIENTED_EDGE ( 'NONE', *, *, #1413, .F. ) ;
#1730 = AXIS2_PLACEMENT_3D ( 'NONE', #2069, #2602, #1285 ) ;
#1731 = DIRECTION ( 'NONE',  ( 0.000000000000000000, 1.000000000000000000, -0.000000000000000000 ) ) ;
#1732 = VECTOR ( 'NONE', #1518, 39.37007874015748143 ) ;
#1733 = CARTESIAN_POINT ( 'NONE',  ( 1.183499999999999774, 0.3750000000000000555, -2.577749999999999542 ) ) ;
#1734 = DIRECTION ( 'NONE',  ( 1.000000000000000000, 0.000000000000000000, 0.000000000000000000 ) ) ;
#1735 = ORIENTED_EDGE ( 'NONE', *, *, #1636, .F. ) ;
#1736 = CARTESIAN_POINT ( 'NONE',  ( 1.152249999999999774, 0.3750000000000000555, -2.785250000000000004 ) ) ;
#1737 = DIRECTION ( 'NONE',  ( -0.000000000000000000, 1.000000000000000000, -0.000000000000000000 ) ) ;
#1738 = ORIENTED_EDGE ( 'NONE', *, *, #1464, .F. ) ;
#1739 = EDGE_CURVE ( 'NONE', #966, #869, #787, .T. ) ;
#1740 = CARTESIAN_POINT ( 'NONE',  ( 2.068750000000000533, 0.3750000000000000555, -2.312999999999999723 ) ) ;
#1741 = AXIS2_PLACEMENT_3D ( 'NONE', #2888, #1343, #224 ) ;
#1742 = ORIENTED_EDGE ( 'NONE', *, *, #838, .F. ) ;
#1743 = EDGE_CURVE ( 'NONE', #1971, #126, #2148, .T. ) ;
#1744 = VERTEX_POINT ( 'NONE', #1932 ) ;
#1745 = LINE ( 'NONE', #1300, #1399 ) ;
#1746 = ADVANCED_FACE ( 'NONE', ( #2129, #1703 ), #130, .T. ) ;
#1747 = ORIENTED_EDGE ( 'NONE', *, *, #1107, .T. ) ;
#1748 = DIRECTION ( 'NONE',  ( -0.000000000000000000, -1.000000000000000000, -0.000000000000000000 ) ) ;
#1749 = LINE ( 'NONE', #2649, #60 ) ;
#1750 = FACE_BOUND ( 'NONE', #1769, .T. ) ;
#1751 =( CONVERSION_BASED_UNIT ( 'INCH', #1035 ) LENGTH_UNIT ( ) NAMED_UNIT ( #1573 ) );
#1752 = ADVANCED_FACE ( 'NONE', ( #823 ), #2163, .T. ) ;
#1753 = EDGE_LOOP ( 'NONE', ( #1786, #2104, #971, #929 ) ) ;
#1754 = ORIENTED_EDGE ( 'NONE', *, *, #685, .T. ) ;
#1755 = LINE ( 'NONE', #1539, #545 ) ;
#1756 = DIRECTION ( 'NONE',  ( -0.000000000000000000, -1.000000000000000000, -0.000000000000000000 ) ) ;
#1757 = VERTEX_POINT ( 'NONE', #1082 ) ;
#1758 = CARTESIAN_POINT ( 'NONE',  ( 2.359999999999998987, 0.1875000000000000278, -2.149999999999999911 ) ) ;
#1759 = ORIENTED_EDGE ( 'NONE', *, *, #373, .F. ) ;
#1760 = CARTESIAN_POINT ( 'NONE',  ( 1.152250000000000218, 0.000000000000000000, -3.161249999999999449 ) ) ;
#1761 = ADVANCED_FACE ( 'NONE', ( #156 ), #2598, .T. ) ;
#1762 = AXIS2_PLACEMENT_3D ( 'NONE', #587, #1486, #1505 ) ;
#1763 = DIRECTION ( 'NONE',  ( 1.000000000000000000, 0.000000000000000000, -2.483498176058419960E-15 ) ) ;
#1764 = FACE_OUTER_BOUND ( 'NONE', #850, .T. ) ;
#1765 = EDGE_CURVE ( 'NONE', #1971, #440, #969, .T. ) ;
#1766 = DIRECTION ( 'NONE',  ( 0.000000000000000000, 0.000000000000000000, 1.000000000000000000 ) ) ;
#1767 = CIRCLE ( 'NONE', #1394, 0.05324999999999963096 ) ;
#1768 = ORIENTED_EDGE ( 'NONE', *, *, #1396, .F. ) ;
#1769 = EDGE_LOOP ( 'NONE', ( #1627, #2448, #2652, #2512, #435, #1588, #655, #2786 ) ) ;
#1770 = DIRECTION ( 'NONE',  ( -0.000000000000000000, 1.000000000000000000, -0.000000000000000000 ) ) ;
#1771 = ORIENTED_EDGE ( 'NONE', *, *, #26, .F. ) ;
#1772 = UNCERTAINTY_MEASURE_WITH_UNIT (LENGTH_MEASURE( 1.000000000000000082E-05 ), #1751, 'distance_accuracy_value', 'NONE');
#1773 = CARTESIAN_POINT ( 'NONE',  ( -2.359999999999998987, 0.1875000000000000278, -2.653249999999999442 ) ) ;
#1774 = LINE ( 'NONE', #2027, #306 ) ;
#1775 = CIRCLE ( 'NONE', #497, 0.1100000000000004724 ) ;
#1776 = VERTEX_POINT ( 'NONE', #1257 ) ;
#1777 = AXIS2_PLACEMENT_3D ( 'NONE', #492, #2491, #466 ) ;
#1778 = PLANE ( 'NONE',  #814 ) ;
#1779 = VECTOR ( 'NONE', #2882, 39.37007874015748143 ) ;
#1780 = ORIENTED_EDGE ( 'NONE', *, *, #2800, .T. ) ;
#1781 = DIRECTION ( 'NONE',  ( -1.000000000000000000, -0.000000000000000000, -0.000000000000000000 ) ) ;
#1782 = DIRECTION ( 'NONE',  ( -1.000000000000000000, -0.000000000000000000, -0.000000000000000000 ) ) ;
#1783 = EDGE_CURVE ( 'NONE', #544, #2391, #2762, .T. ) ;
#1784 = FACE_BOUND ( 'NONE', #805, .T. ) ;
#1785 = ORIENTED_EDGE ( 'NONE', *, *, #1739, .F. ) ;
#1786 = ORIENTED_EDGE ( 'NONE', *, *, #2588, .T. ) ;
#1787 = LINE ( 'NONE', #2716, #1 ) ;
#1788 = ORIENTED_EDGE ( 'NONE', *, *, #2721, .F. ) ;
#1789 = FACE_BOUND ( 'NONE', #286, .T. ) ;
#1790 = CARTESIAN_POINT ( 'NONE',  ( -2.359999999999998987, 0.3750000000000000555, 3.599999999999999645 ) ) ;
#1791 = EDGE_CURVE ( 'NONE', #597, #2799, #1519, .T. ) ;
#1792 = DIRECTION ( 'NONE',  ( 0.000000000000000000, 0.000000000000000000, 1.000000000000000000 ) ) ;
#1793 = CLOSED_SHELL ( 'NONE', ( #635, #2322, #1019, #1659, #533, #1377, #384, #2816, #2517, #2493, #1487, #2784, #1949, #1075, #1531, #1859, #2774, #1147, #2037, #2487, #706, #1313, #1798, #2748, #1995, #1761, #2680, #2861, #2740, #428, #820, #1165, #2029, #1724, #283, #1849, #2739, #2835, #933, #755, #1206, #2419, #14, #1611, #444, #1746, #676, #1752, #1599, #757, #2700, #2051, #2725, #2577, #177, #1989, #1565, #741, #1197, #1875, #110, #2165, #1057, #1351, #2709, #664, #343, #2902, #83, #2645, #44, #515, #1552, #1125, #2325, #851, #1822, #2591, #968, #2539, #1055, #91, #1212, #718, #1941, #2701, #873, #196, #2505, #2826, #2020, #1934 ) ) ;
#1794 = DIRECTION ( 'NONE',  ( -0.000000000000000000, 1.000000000000000000, -0.000000000000000000 ) ) ;
#1795 = CARTESIAN_POINT ( 'NONE',  ( 2.359999999999998987, 0.1875000000000000278, -2.599999999999999645 ) ) ;
#1796 = CARTESIAN_POINT ( 'NONE',  ( -1.574999999999999956, 0.000000000000000000, -2.484749999999999126 ) ) ;
#1797 = LINE ( 'NONE', #467, #775 ) ;
#1798 = ADVANCED_FACE ( 'NONE', ( #1533 ), #1281, .F. ) ;
#1799 = DIRECTION ( 'NONE',  ( -0.000000000000000000, -1.000000000000000000, -0.000000000000000000 ) ) ;
#1800 = CYLINDRICAL_SURFACE ( 'NONE', #958, 0.05324999999999976974 ) ;
#1801 = EDGE_CURVE ( 'NONE', #2751, #1332, #1920, .T. ) ;
#1802 = VERTEX_POINT ( 'NONE', #1065 ) ;
#1803 = CARTESIAN_POINT ( 'NONE',  ( 1.574999999999999956, 0.000000000000000000, -2.389749999999999819 ) ) ;
#1804 = DIRECTION ( 'NONE',  ( -1.000000000000000000, -0.000000000000000000, -0.000000000000000000 ) ) ;
#1805 = CARTESIAN_POINT ( 'NONE',  ( -1.182999999999999607, 0.2975000000000000422, -2.217999999999999527 ) ) ;
#1806 = ORIENTED_EDGE ( 'NONE', *, *, #1084, .F. ) ;
#1807 = DIRECTION ( 'NONE',  ( 0.000000000000000000, 0.000000000000000000, 1.000000000000000000 ) ) ;
#1808 = ORIENTED_EDGE ( 'NONE', *, *, #729, .F. ) ;
#1809 = AXIS2_PLACEMENT_3D ( 'NONE', #1736, #2430, #2412 ) ;
#1810 = EDGE_CURVE ( 'NONE', #1164, #1876, #407, .T. ) ;
#1811 = DIRECTION ( 'NONE',  ( 1.000000000000000000, 0.000000000000000000, 0.000000000000000000 ) ) ;
#1812 = EDGE_CURVE ( 'NONE', #2633, #2223, #2199, .T. ) ;
#1813 = CIRCLE ( 'NONE', #2846, 0.05324999999999956157 ) ;
#1814 = ORIENTED_EDGE ( 'NONE', *, *, #2571, .T. ) ;
#1815 = CYLINDRICAL_SURFACE ( 'NONE', #1675, 0.1099999999999999173 ) ;
#1816 = CIRCLE ( 'NONE', #768, 0.05324999999999976974 ) ;
#1817 = ORIENTED_EDGE ( 'NONE', *, *, #1034, .F. ) ;
#1818 = PLANE ( 'NONE',  #87 ) ;
#1819 = DIRECTION ( 'NONE',  ( 0.000000000000000000, 1.000000000000000000, -0.000000000000000000 ) ) ;
#1820 = LINE ( 'NONE', #491, #1234 ) ;
#1821 = AXIS2_PLACEMENT_3D ( 'NONE', #426, #2216, #892 ) ;
#1822 = ADVANCED_FACE ( 'NONE', ( #2661 ), #692, .F. ) ;
#1823 = AXIS2_PLACEMENT_3D ( 'NONE', #573, #1211, #1488 ) ;
#1824 = DIRECTION ( 'NONE',  ( 1.000000000000000000, -0.000000000000000000, 0.000000000000000000 ) ) ;
#1825 = CARTESIAN_POINT ( 'NONE',  ( -0.1099999999999999728, 0.2975000000000000422, -2.217999999999999972 ) ) ;
#1826 = COLOUR_RGB ( '',0.7921568627450980005, 0.8196078431372548767, 0.9333333333333333481 ) ;
#1827 = VERTEX_POINT ( 'NONE', #2 ) ;
#1828 = CARTESIAN_POINT ( 'NONE',  ( 1.574999999999999956, 0.07749999999999999944, -2.484749999999999126 ) ) ;
#1829 = DIRECTION ( 'NONE',  ( -1.000000000000000000, -0.000000000000000000, -0.000000000000000000 ) ) ;
#1830 = EDGE_LOOP ( 'NONE', ( #2397, #1684, #2533 ) ) ;
#1831 = LINE ( 'NONE', #2911, #868 ) ;
#1832 = ORIENTED_EDGE ( 'NONE', *, *, #2648, .T. ) ;
#1833 = DIRECTION ( 'NONE',  ( 1.000000000000000000, -0.000000000000000000, 0.000000000000000000 ) ) ;
#1834 = CARTESIAN_POINT ( 'NONE',  ( 2.068750000000000533, 0.3750000000000000555, -2.281749999999999723 ) ) ;
#1835 = DIMENSIONAL_EXPONENTS ( 1.000000000000000000, 0.000000000000000000, 0.000000000000000000, 0.000000000000000000, 0.000000000000000000, 0.000000000000000000, 0.000000000000000000 ) ;
#1836 = CYLINDRICAL_SURFACE ( 'NONE', #2035, 0.05324999999999976974 ) ;
#1837 = ORIENTED_EDGE ( 'NONE', *, *, #210, .T. ) ;
#1838 = VECTOR ( 'NONE', #1334, 39.37007874015748143 ) ;
#1839 = DIRECTION ( 'NONE',  ( -0.000000000000000000, -0.000000000000000000, 1.000000000000000000 ) ) ;
#1840 = FACE_OUTER_BOUND ( 'NONE', #1570, .T. ) ;
#1841 = DIRECTION ( 'NONE',  ( 0.000000000000000000, 0.000000000000000000, -1.000000000000000000 ) ) ;
#1842 = ORIENTED_EDGE ( 'NONE', *, *, #943, .T. ) ;
#1843 = EDGE_LOOP ( 'NONE', ( #810, #271, #147 ) ) ;
#1844 = DIRECTION ( 'NONE',  ( -1.000000000000000000, -0.000000000000000000, -0.000000000000000000 ) ) ;
#1845 = CARTESIAN_POINT ( 'NONE',  ( 1.152249999999999774, 0.000000000000000000, -2.577749999999999542 ) ) ;
#1846 = EDGE_CURVE ( 'NONE', #2385, #917, #1372, .T. ) ;
#1847 = EDGE_CURVE ( 'NONE', #167, #113, #1114, .T. ) ;
#1848 = CARTESIAN_POINT ( 'NONE',  ( -2.068749999999999201, 0.3750000000000000555, -2.312999999999999723 ) ) ;
#1849 = ADVANCED_FACE ( 'NONE', ( #901 ), #2049, .T. ) ;
#1850 = ORIENTED_EDGE ( 'NONE', *, *, #526, .F. ) ;
#1851 = CARTESIAN_POINT ( 'NONE',  ( -2.359999999999998987, 0.1875000000000000278, 0.6499999999999999112 ) ) ;
#1852 = EDGE_CURVE ( 'NONE', #1695, #231, #935, .T. ) ;
#1853 = CARTESIAN_POINT ( 'NONE',  ( -1.152249999999999330, 0.000000000000000000, -3.399999999999999911 ) ) ;
#1854 = AXIS2_PLACEMENT_3D ( 'NONE', #1268, #1517, #388 ) ;
#1855 = ORIENTED_EDGE ( 'NONE', *, *, #2643, .F. ) ;
#1856 = CIRCLE ( 'NONE', #356, 0.05324999999999976974 ) ;
#1857 = DIRECTION ( 'NONE',  ( -1.000000000000000000, 0.000000000000000000, -0.000000000000000000 ) ) ;
#1858 = CIRCLE ( 'NONE', #2481, 0.03124999999999997571 ) ;
#1859 = ADVANCED_FACE ( 'NONE', ( #2469 ), #31, .F. ) ;
#1860 = FACE_OUTER_BOUND ( 'NONE', #1671, .T. ) ;
#1861 = AXIS2_PLACEMENT_3D ( 'NONE', #578, #808, #2371 ) ;
#1862 = DIRECTION ( 'NONE',  ( 0.000000000000000000, 0.000000000000000000, -1.000000000000000000 ) ) ;
#1863 = DIRECTION ( 'NONE',  ( -1.000000000000000000, -0.000000000000000000, -0.000000000000000000 ) ) ;
#1864 = ORIENTED_EDGE ( 'NONE', *, *, #1647, .F. ) ;
#1865 = VECTOR ( 'NONE', #1756, 39.37007874015748143 ) ;
#1866 = EDGE_CURVE ( 'NONE', #2540, #397, #223, .T. ) ;
#1867 = ORIENTED_EDGE ( 'NONE', *, *, #861, .F. ) ;
#1868 = DIRECTION ( 'NONE',  ( -0.000000000000000000, -1.000000000000000000, -0.000000000000000000 ) ) ;
#1869 = VECTOR ( 'NONE', #2587, 39.37007874015748143 ) ;
#1870 = CARTESIAN_POINT ( 'NONE',  ( -2.068749999999999201, 0.3750000000000000555, -2.312999999999999723 ) ) ;
#1871 = EDGE_CURVE ( 'NONE', #581, #1398, #2624, .T. ) ;
#1872 = ORIENTED_EDGE ( 'NONE', *, *, #890, .F. ) ;
#1873 = MECHANICAL_DESIGN_GEOMETRIC_PRESENTATION_REPRESENTATION (  '', ( #2768 ), #1457 ) ;
#1874 = DIRECTION ( 'NONE',  ( -1.000000000000000000, -0.000000000000000000, -0.000000000000000000 ) ) ;
#1875 = ADVANCED_FACE ( 'NONE', ( #1584 ), #1818, .F. ) ;
#1876 = VERTEX_POINT ( 'NONE', #436 ) ;
#1877 = DIRECTION ( 'NONE',  ( -0.5150380749100573752, 1.049727191138616354E-16, -0.8571673007021103352 ) ) ;
#1878 = DIRECTION ( 'NONE',  ( 0.000000000000000000, 0.000000000000000000, -1.000000000000000000 ) ) ;
#1879 = EDGE_LOOP ( 'NONE', ( #1085, #1241, #1189 ) ) ;
#1880 = CARTESIAN_POINT ( 'NONE',  ( -2.099999999999999201, 0.3750000000000000555, -2.281749999999999723 ) ) ;
#1881 = VECTOR ( 'NONE', #1734, 39.37007874015748143 ) ;
#1882 = VERTEX_POINT ( 'NONE', #2225 ) ;
#1883 = VERTEX_POINT ( 'NONE', #2488 ) ;
#1884 = CARTESIAN_POINT ( 'NONE',  ( -2.359999999999998987, 0.000000000000000000, 3.599999999999999645 ) ) ;
#1885 = ORIENTED_EDGE ( 'NONE', *, *, #1433, .F. ) ;
#1886 = EDGE_CURVE ( 'NONE', #985, #1465, #2691, .T. ) ;
#1887 = EDGE_LOOP ( 'NONE', ( #468, #2828, #2089 ) ) ;
#1888 = DIRECTION ( 'NONE',  ( 0.000000000000000000, 0.000000000000000000, -1.000000000000000000 ) ) ;
#1889 = DIRECTION ( 'NONE',  ( 0.000000000000000000, 0.000000000000000000, 1.000000000000000000 ) ) ;
#1890 = ORIENTED_EDGE ( 'NONE', *, *, #1223, .T. ) ;
#1891 = CARTESIAN_POINT ( 'NONE',  ( -2.068749999999999201, 0.000000000000000000, -0.7529999999999998916 ) ) ;
#1892 = PLANE ( 'NONE',  #1364 ) ;
#1893 = EDGE_LOOP ( 'NONE', ( #2218, #620, #1098, #1458 ) ) ;
#1894 = CARTESIAN_POINT ( 'NONE',  ( -1.823499999999999233, 0.3750000000000000555, -0.7842500000000001137 ) ) ;
#1895 = ORIENTED_EDGE ( 'NONE', *, *, #2515, .T. ) ;
#1896 = EDGE_CURVE ( 'NONE', #1776, #2834, #2242, .T. ) ;
#1897 = CARTESIAN_POINT ( 'NONE',  ( -2.359999999999998987, 0.1875000000000000278, 0.7032499999999997087 ) ) ;
#1898 = VERTEX_POINT ( 'NONE', #463 ) ;
#1899 = EDGE_LOOP ( 'NONE', ( #1676, #1616, #489, #771 ) ) ;
#1900 = DIRECTION ( 'NONE',  ( 1.000000000000000000, 0.000000000000000000, 0.000000000000000000 ) ) ;
#1901 = DIRECTION ( 'NONE',  ( 0.000000000000000000, 0.000000000000000000, -1.000000000000000000 ) ) ;
#1902 = DIRECTION ( 'NONE',  ( -0.000000000000000000, -1.000000000000000000, -0.000000000000000000 ) ) ;
#1903 = CIRCLE ( 'NONE', #2665, 0.09499999999999939049 ) ;
#1904 = EDGE_LOOP ( 'NONE', ( #713, #2865, #1224, #1093 ) ) ;
#1905 = ORIENTED_EDGE ( 'NONE', *, *, #1812, .F. ) ;
#1906 = DIRECTION ( 'NONE',  ( -1.000000000000000000, 0.000000000000000000, 0.000000000000000000 ) ) ;
#1907 = CIRCLE ( 'NONE', #1296, 0.05324999999999990158 ) ;
#1908 = SURFACE_SIDE_STYLE ('',( #595 ) ) ;
#1909 = EDGE_CURVE ( 'NONE', #1213, #2866, #274, .T. ) ;
#1910 = ORIENTED_EDGE ( 'NONE', *, *, #1230, .T. ) ;
#1911 = AXIS2_PLACEMENT_3D ( 'NONE', #2889, #682, #1345 ) ;
#1912 = CARTESIAN_POINT ( 'NONE',  ( -1.961749999999999439, 0.3750000000000000555, 3.249500000000000277 ) ) ;
#1913 = CIRCLE ( 'NONE', #877, 0.03124999999999983694 ) ;
#1914 = VERTEX_POINT ( 'NONE', #885 ) ;
#1915 = AXIS2_PLACEMENT_3D ( 'NONE', #2081, #2746, #94 ) ;
#1916 = DIRECTION ( 'NONE',  ( 0.000000000000000000, 0.000000000000000000, 1.000000000000000000 ) ) ;
#1917 = ORIENTED_EDGE ( 'NONE', *, *, #1348, .F. ) ;
#1918 = CARTESIAN_POINT ( 'NONE',  ( 1.152249999999999774, 0.3750000000000000555, -2.546499999999999542 ) ) ;
#1919 =( NAMED_UNIT ( * ) SI_UNIT ( $, .STERADIAN. ) SOLID_ANGLE_UNIT ( ) );
#1920 = LINE ( 'NONE', #575, #131 ) ;
#1921 = DIRECTION ( 'NONE',  ( 0.000000000000000000, 1.000000000000000000, -0.000000000000000000 ) ) ;
#1922 = ORIENTED_EDGE ( 'NONE', *, *, #2263, .T. ) ;
#1923 = DIRECTION ( 'NONE',  ( -1.000000000000000000, -0.000000000000000000, -0.000000000000000000 ) ) ;
#1924 = CYLINDRICAL_SURFACE ( 'NONE', #53, 0.05324999999999976974 ) ;
#1925 = EDGE_LOOP ( 'NONE', ( #2666, #1931, #2208, #1339 ) ) ;
#1926 = LINE ( 'NONE', #2170, #1255 ) ;
#1927 = ORIENTED_EDGE ( 'NONE', *, *, #1034, .T. ) ;
#1928 = CARTESIAN_POINT ( 'NONE',  ( 1.183500000000000218, 0.3750000000000000555, -3.161249999999999893 ) ) ;
#1929 = ORIENTED_EDGE ( 'NONE', *, *, #1374, .F. ) ;
#1930 = DIRECTION ( 'NONE',  ( 0.000000000000000000, 0.000000000000000000, -1.000000000000000000 ) ) ;
#1931 = ORIENTED_EDGE ( 'NONE', *, *, #2241, .F. ) ;
#1932 = CARTESIAN_POINT ( 'NONE',  ( 2.359999999999998987, 0.1875000000000000278, 0.5967500000000003357 ) ) ;
#1933 = DIRECTION ( 'NONE',  ( 1.000000000000000000, -0.000000000000000000, -0.000000000000000000 ) ) ;
#1934 = ADVANCED_FACE ( 'NONE', ( #657 ), #2005, .F. ) ;
#1935 = LINE ( 'NONE', #394, #881 ) ;
#1936 = ORIENTED_EDGE ( 'NONE', *, *, #2432, .T. ) ;
#1937 = DIRECTION ( 'NONE',  ( -1.000000000000000000, -0.000000000000000000, -0.000000000000000000 ) ) ;
#1938 = VERTEX_POINT ( 'NONE', #1318 ) ;
#1939 = CARTESIAN_POINT ( 'NONE',  ( -1.183499999999999552, 0.3750000000000000555, -3.161249999999999893 ) ) ;
#1940 = ORIENTED_EDGE ( 'NONE', *, *, #2552, .T. ) ;
#1941 = ADVANCED_FACE ( 'NONE', ( #1571 ), #2244, .F. ) ;
#1942 = AXIS2_PLACEMENT_3D ( 'NONE', #2743, #1618, #1401 ) ;
#1943 = DIRECTION ( 'NONE',  ( 1.000000000000000000, -0.000000000000000000, -0.000000000000000000 ) ) ;
#1944 = CARTESIAN_POINT ( 'NONE',  ( 1.183500000000000218, 0.000000000000000000, -3.161249999999999893 ) ) ;
#1945 = AXIS2_PLACEMENT_3D ( 'NONE', #2496, #2265, #2737 ) ;
#1946 = DIRECTION ( 'NONE',  ( 0.000000000000000000, 1.000000000000000000, -0.000000000000000000 ) ) ;
#1947 = CARTESIAN_POINT ( 'NONE',  ( 2.068750000000000533, 0.000000000000000000, -0.7529999999999998916 ) ) ;
#1948 = CARTESIAN_POINT ( 'NONE',  ( 2.360000000000000764, 0.000000000000000000, 3.599999999999999645 ) ) ;
#1949 = ADVANCED_FACE ( 'NONE', ( #2897 ), #2676, .F. ) ;
#1950 = ORIENTED_EDGE ( 'NONE', *, *, #1847, .T. ) ;
#1951 = ORIENTED_EDGE ( 'NONE', *, *, #336, .F. ) ;
#1952 = VECTOR ( 'NONE', #2703, 39.37007874015748143 ) ;
#1953 = CARTESIAN_POINT ( 'NONE',  ( -1.574999999999999956, 0.07749999999999999944, -2.484749999999999126 ) ) ;
#1954 = DIRECTION ( 'NONE',  ( 0.5150380749100573752, 0.000000000000000000, -0.8571673007021103352 ) ) ;
#1955 = EDGE_CURVE ( 'NONE', #381, #2395, #2663, .T. ) ;
#1956 = VECTOR ( 'NONE', #863, 39.37007874015748143 ) ;
#1957 = DIRECTION ( 'NONE',  ( 0.000000000000000000, 0.000000000000000000, -1.000000000000000000 ) ) ;
#1958 = CIRCLE ( 'NONE', #272, 0.1099999999999999173 ) ;
#1959 = ORIENTED_EDGE ( 'NONE', *, *, #2604, .F. ) ;
#1960 = AXIS2_PLACEMENT_3D ( 'NONE', #562, #2323, #2817 ) ;
#1961 = ORIENTED_EDGE ( 'NONE', *, *, #1356, .F. ) ;
#1962 = DIRECTION ( 'NONE',  ( -1.000000000000000000, -0.000000000000000000, -0.000000000000000000 ) ) ;
#1963 = EDGE_CURVE ( 'NONE', #1177, #1317, #1117, .T. ) ;
#1964 = AXIS2_PLACEMENT_3D ( 'NONE', #1139, #2249, #236 ) ;
#1965 = DIRECTION ( 'NONE',  ( -0.000000000000000000, -1.000000000000000000, -0.000000000000000000 ) ) ;
#1966 = DIRECTION ( 'NONE',  ( 0.000000000000000000, 0.000000000000000000, -1.000000000000000000 ) ) ;
#1967 = DIRECTION ( 'NONE',  ( -1.000000000000000000, -0.000000000000000000, -0.000000000000000000 ) ) ;
#1968 = VERTEX_POINT ( 'NONE', #878 ) ;
#1969 = CARTESIAN_POINT ( 'NONE',  ( -1.574999999999999956, 0.07749999999999999944, -2.389749999999999819 ) ) ;
#1970 = CARTESIAN_POINT ( 'NONE',  ( -2.099999999999999201, 0.000000000000000000, -0.7842500000000001137 ) ) ;
#1971 = VERTEX_POINT ( 'NONE', #1538 ) ;
#1972 = DIRECTION ( 'NONE',  ( 1.000000000000000000, 0.000000000000000000, 0.000000000000000000 ) ) ;
#1973 = ORIENTED_EDGE ( 'NONE', *, *, #601, .T. ) ;
#1974 = EDGE_CURVE ( 'NONE', #1975, #1309, #825, .T. ) ;
#1975 = VERTEX_POINT ( 'NONE', #906 ) ;
#1976 = CARTESIAN_POINT ( 'NONE',  ( -1.152249999999999774, 0.3750000000000000555, -2.816500000000000004 ) ) ;
#1977 = EDGE_CURVE ( 'NONE', #2524, #1023, #1306, .T. ) ;
#1978 = DIRECTION ( 'NONE',  ( 0.000000000000000000, 0.000000000000000000, -1.000000000000000000 ) ) ;
#1979 = CARTESIAN_POINT ( 'NONE',  ( -1.859999999999999210, 0.1875000000000000278, -2.653249999999999442 ) ) ;
#1980 = DIRECTION ( 'NONE',  ( -1.000000000000000000, 0.000000000000000000, -0.000000000000000000 ) ) ;
#1981 = ORIENTED_EDGE ( 'NONE', *, *, #393, .T. ) ;
#1982 = ORIENTED_EDGE ( 'NONE', *, *, #1173, .F. ) ;
#1983 = CARTESIAN_POINT ( 'NONE',  ( -1.859999999999999210, 0.1874999999999999722, 1.099999999999999867 ) ) ;
#1984 = ORIENTED_EDGE ( 'NONE', *, *, #548, .T. ) ;
#1985 = CARTESIAN_POINT ( 'NONE',  ( 1.854750000000001009, 0.000000000000000000, -0.7529999999999998916 ) ) ;
#1986 = LINE ( 'NONE', #431, #913 ) ;
#1987 = EDGE_CURVE ( 'NONE', #1827, #1177, #1553, .T. ) ;
#1988 = CARTESIAN_POINT ( 'NONE',  ( 2.360000000000000764, 0.3750000000000000555, -3.599999999999999645 ) ) ;
#1989 = ADVANCED_FACE ( 'NONE', ( #2056 ), #291, .F. ) ;
#1990 = DIRECTION ( 'NONE',  ( -1.000000000000000000, -0.000000000000000000, -0.000000000000000000 ) ) ;
#1991 = CARTESIAN_POINT ( 'NONE',  ( 1.961750000000000993, 0.000000000000000000, 3.350000000000000089 ) ) ;
#1992 = CARTESIAN_POINT ( 'NONE',  ( -1.183499999999999996, 0.3750000000000000555, -2.785249999999999559 ) ) ;
#1993 = ORIENTED_EDGE ( 'NONE', *, *, #8, .F. ) ;
#1994 = LINE ( 'NONE', #2734, #2246 ) ;
#1995 = ADVANCED_FACE ( 'NONE', ( #709 ), #279, .F. ) ;
#1996 = ORIENTED_EDGE ( 'NONE', *, *, #2280, .T. ) ;
#1997 = CIRCLE ( 'NONE', #1582, 0.03124999999999983694 ) ;
#1998 = DIRECTION ( 'NONE',  ( -1.000000000000000000, -0.000000000000000000, -0.000000000000000000 ) ) ;
#1999 = DIRECTION ( 'NONE',  ( 1.000000000000000000, 0.000000000000000000, 0.000000000000000000 ) ) ;
#2000 = VECTOR ( 'NONE', #1622, 39.37007874015748143 ) ;
#2001 = FACE_BOUND ( 'NONE', #1016, .T. ) ;
#2002 = AXIS2_PLACEMENT_3D ( 'NONE', #1716, #2619, #856 ) ;
#2003 = ORIENTED_EDGE ( 'NONE', *, *, #1363, .T. ) ;
#2004 = ORIENTED_EDGE ( 'NONE', *, *, #1909, .F. ) ;
#2005 = CYLINDRICAL_SURFACE ( 'NONE', #550, 0.05324999999999976974 ) ;
#2006 = CARTESIAN_POINT ( 'NONE',  ( -1.152249999999999774, 0.3750000000000000555, -3.368749999999999911 ) ) ;
#2007 = AXIS2_PLACEMENT_3D ( 'NONE', #2212, #1833, #2269 ) ;
#2008 = CYLINDRICAL_SURFACE ( 'NONE', #2839, 0.03124999999999983694 ) ;
#2009 = VERTEX_POINT ( 'NONE', #1631 ) ;
#2010 = VECTOR ( 'NONE', #2368, 39.37007874015748143 ) ;
#2011 = DIRECTION ( 'NONE',  ( -0.000000000000000000, -1.000000000000000000, -0.000000000000000000 ) ) ;
#2012 = LINE ( 'NONE', #443, #1726 ) ;
#2013 = CARTESIAN_POINT ( 'NONE',  ( 1.961750000000000993, 0.000000000000000000, 3.450499999999999901 ) ) ;
#2014 = CARTESIAN_POINT ( 'NONE',  ( 1.073000000000000620, 0.2975000000000000422, -2.217999999999999972 ) ) ;
#2015 = AXIS2_PLACEMENT_3D ( 'NONE', #507, #938, #2302 ) ;
#2016 = ORIENTED_EDGE ( 'NONE', *, *, #1706, .F. ) ;
#2017 = DIRECTION ( 'NONE',  ( -1.000000000000000000, -0.000000000000000000, -0.000000000000000000 ) ) ;
#2018 = DIRECTION ( 'NONE',  ( 0.000000000000000000, 0.000000000000000000, -1.000000000000000000 ) ) ;
#2019 = DIRECTION ( 'NONE',  ( -0.000000000000000000, -0.000000000000000000, -1.000000000000000000 ) ) ;
#2020 = ADVANCED_FACE ( 'NONE', ( #1154 ), #2099, .F. ) ;
#2021 = EDGE_LOOP ( 'NONE', ( #1489, #660, #2885, #1070 ) ) ;
#2022 = DIRECTION ( 'NONE',  ( -1.000000000000000000, -0.000000000000000000, -0.000000000000000000 ) ) ;
#2023 = DIRECTION ( 'NONE',  ( 0.000000000000000000, 0.000000000000000000, 1.000000000000000000 ) ) ;
#2024 = CARTESIAN_POINT ( 'NONE',  ( 2.359999999999998987, 0.1875000000000000278, -2.149999999999999911 ) ) ;
#2025 = VERTEX_POINT ( 'NONE', #2780 ) ;
#2026 = CARTESIAN_POINT ( 'NONE',  ( 1.823500000000001009, 0.3750000000000000555, -0.7842500000000001137 ) ) ;
#2027 = CARTESIAN_POINT ( 'NONE',  ( -1.574999999999999956, 0.07749999999999999944, -2.484749999999999126 ) ) ;
#2028 = FACE_BOUND ( 'NONE', #2813, .T. ) ;
#2029 = ADVANCED_FACE ( 'NONE', ( #785 ), #1715, .F. ) ;
#2030 = EDGE_LOOP ( 'NONE', ( #2679, #2350, #1984, #2133 ) ) ;
#2031 = DIRECTION ( 'NONE',  ( -1.000000000000000000, 0.000000000000000000, -0.000000000000000000 ) ) ;
#2032 = DIRECTION ( 'NONE',  ( 0.000000000000000000, 0.000000000000000000, -1.000000000000000000 ) ) ;
#2033 = CONICAL_SURFACE ( 'NONE', #2712, 0.05324999999999990158, 1.029744258676650759 ) ;
#2034 = FACE_OUTER_BOUND ( 'NONE', #2594, .T. ) ;
#2035 = AXIS2_PLACEMENT_3D ( 'NONE', #705, #715, #1604 ) ;
#2036 = CARTESIAN_POINT ( 'NONE',  ( -1.183499999999999774, 0.3750000000000000555, -3.161249999999999893 ) ) ;
#2037 = ADVANCED_FACE ( 'NONE', ( #2617, #1046, #1687, #2848, #1700 ), #760, .F. ) ;
#2038 = DIRECTION ( 'NONE',  ( 0.000000000000000000, -0.000000000000000000, -1.000000000000000000 ) ) ;
#2039 = CARTESIAN_POINT ( 'NONE',  ( -1.854749999999999455, 0.000000000000000000, -2.312999999999999723 ) ) ;
#2040 = EDGE_CURVE ( 'NONE', #1802, #452, #90, .T. ) ;
#2041 = EDGE_LOOP ( 'NONE', ( #2346, #2004 ) ) ;
#2042 = VECTOR ( 'NONE', #714, 39.37007874015748143 ) ;
#2043 = EDGE_CURVE ( 'NONE', #1368, #1233, #549, .T. ) ;
#2044 = DIRECTION ( 'NONE',  ( -1.000000000000000000, -0.000000000000000000, -0.000000000000000000 ) ) ;
#2045 = VECTOR ( 'NONE', #1598, 39.37007874015748143 ) ;
#2046 = ORIENTED_EDGE ( 'NONE', *, *, #811, .T. ) ;
#2047 = VECTOR ( 'NONE', #1923, 39.37007874015748143 ) ;
#2048 = ORIENTED_EDGE ( 'NONE', *, *, #1688, .T. ) ;
#2049 = PLANE ( 'NONE',  #1251 ) ;
#2050 = DIRECTION ( 'NONE',  ( 0.000000000000000000, 1.000000000000000000, -0.000000000000000000 ) ) ;
#2051 = ADVANCED_FACE ( 'NONE', ( #1254 ), #774, .T. ) ;
#2052 = FACE_OUTER_BOUND ( 'NONE', #651, .T. ) ;
#2053 = VECTOR ( 'NONE', #2331, 39.37007874015748143 ) ;
#2054 = ORIENTED_EDGE ( 'NONE', *, *, #1810, .F. ) ;
#2055 = AXIS2_PLACEMENT_3D ( 'NONE', #219, #1362, #1564 ) ;
#2056 = FACE_OUTER_BOUND ( 'NONE', #2590, .T. ) ;
#2057 = CARTESIAN_POINT ( 'NONE',  ( -1.574999999999999956, 0.07749999999999999944, -2.878250000000000419 ) ) ;
#2058 = DIRECTION ( 'NONE',  ( -0.000000000000000000, 1.000000000000000000, -0.000000000000000000 ) ) ;
#2059 = EDGE_LOOP ( 'NONE', ( #689, #1236, #307, #483 ) ) ;
#2060 = EDGE_CURVE ( 'NONE', #2391, #1380, #1370, .T. ) ;
#2061 = CARTESIAN_POINT ( 'NONE',  ( -1.152249999999999774, 0.000000000000000000, -3.161249999999999449 ) ) ;
#2062 = ORIENTED_EDGE ( 'NONE', *, *, #2266, .T. ) ;
#2063 = ORIENTED_EDGE ( 'NONE', *, *, #2277, .F. ) ;
#2064 = DIRECTION ( 'NONE',  ( -0.000000000000000000, -1.000000000000000000, -0.000000000000000000 ) ) ;
#2065 = EDGE_CURVE ( 'NONE', #1898, #508, #1437, .T. ) ;
#2066 = DIRECTION ( 'NONE',  ( 0.000000000000000000, -0.000000000000000000, -1.000000000000000000 ) ) ;
#2067 = DIRECTION ( 'NONE',  ( 0.000000000000000000, 0.000000000000000000, -1.000000000000000000 ) ) ;
#2068 = CARTESIAN_POINT ( 'NONE',  ( -2.359999999999998987, 0.3750000000000000555, 3.599999999999999645 ) ) ;
#2069 = CARTESIAN_POINT ( 'NONE',  ( 1.152249999999999774, 0.3750000000000000555, -2.577749999999999542 ) ) ;
#2070 = CYLINDRICAL_SURFACE ( 'NONE', #2464, 0.03124999999999997571 ) ;
#2071 = ORIENTED_EDGE ( 'NONE', *, *, #2303, .T. ) ;
#2072 = CYLINDRICAL_SURFACE ( 'NONE', #1190, 0.03124999999999997571 ) ;
#2073 = CARTESIAN_POINT ( 'NONE',  ( -1.182999999999999607, 0.2975000000000000422, -2.217999999999999527 ) ) ;
#2074 = VERTEX_POINT ( 'NONE', #181 ) ;
#2075 = DIRECTION ( 'NONE',  ( -0.000000000000000000, -0.000000000000000000, 1.000000000000000000 ) ) ;
#2076 = EDGE_CURVE ( 'NONE', #1679, #2711, #2425, .T. ) ;
#2077 = ORIENTED_EDGE ( 'NONE', *, *, #2604, .T. ) ;
#2078 = LINE ( 'NONE', #73, #1540 ) ;
#2079 = EDGE_LOOP ( 'NONE', ( #1220, #979, #2747, #746 ) ) ;
#2080 = DIRECTION ( 'NONE',  ( -0.000000000000000000, 1.000000000000000000, -0.000000000000000000 ) ) ;
#2081 = CARTESIAN_POINT ( 'NONE',  ( -1.961749999999999439, 0.3750000000000000555, 3.350000000000000089 ) ) ;
#2082 = CARTESIAN_POINT ( 'NONE',  ( -1.859999999999999210, 0.1875000000000000278, -2.599999999999999645 ) ) ;
#2083 = ORIENTED_EDGE ( 'NONE', *, *, #697, .F. ) ;
#2084 = VECTOR ( 'NONE', #1999, 39.37007874015748143 ) ;
#2085 = DIRECTION ( 'NONE',  ( 0.000000000000000000, -1.000000000000000000, 0.000000000000000000 ) ) ;
#2086 = ORIENTED_EDGE ( 'NONE', *, *, #1706, .T. ) ;
#2087 = LINE ( 'NONE', #2296, #1450 ) ;
#2088 = VECTOR ( 'NONE', #2801, 39.37007874015748143 ) ;
#2089 = ORIENTED_EDGE ( 'NONE', *, *, #2260, .T. ) ;
#2090 = CIRCLE ( 'NONE', #2320, 0.09499999999999939049 ) ;
#2091 = CARTESIAN_POINT ( 'NONE',  ( -1.859999999999999210, 0.1875000000000000278, 0.5967500000000000027 ) ) ;
#2092 = DIRECTION ( 'NONE',  ( 1.000000000000000000, -0.000000000000000000, -0.000000000000000000 ) ) ;
#2093 = AXIS2_PLACEMENT_3D ( 'NONE', #339, #123, #2358 ) ;
#2094 = EDGE_CURVE ( 'NONE', #1398, #2722, #2607, .T. ) ;
#2095 = VECTOR ( 'NONE', #2393, 39.37007874015748143 ) ;
#2096 = DIRECTION ( 'NONE',  ( 0.000000000000000000, 0.000000000000000000, 1.000000000000000000 ) ) ;
#2097 = DIRECTION ( 'NONE',  ( 1.000000000000000000, -0.000000000000000000, -0.000000000000000000 ) ) ;
#2098 = ORIENTED_EDGE ( 'NONE', *, *, #945, .F. ) ;
#2099 = CONICAL_SURFACE ( 'NONE', #1360, 0.05324999999999976974, 1.029744258676650759 ) ;
#2100 = CIRCLE ( 'NONE', #734, 0.05324999999999990158 ) ;
#2101 = EDGE_CURVE ( 'NONE', #1644, #2834, #1292, .T. ) ;
#2102 = ORIENTED_EDGE ( 'NONE', *, *, #2146, .F. ) ;
#2103 = DIRECTION ( 'NONE',  ( 1.000000000000000000, -0.000000000000000000, -0.000000000000000000 ) ) ;
#2104 = ORIENTED_EDGE ( 'NONE', *, *, #2792, .T. ) ;
#2105 = ORIENTED_EDGE ( 'NONE', *, *, #838, .T. ) ;
#2106 = CARTESIAN_POINT ( 'NONE',  ( -2.068749999999999201, 0.000000000000000000, -0.7529999999999998916 ) ) ;
#2107 = CARTESIAN_POINT ( 'NONE',  ( -0.9629999999999995230, 0.3750000000000000555, -2.217999999999999972 ) ) ;
#2108 = CARTESIAN_POINT ( 'NONE',  ( 2.100000000000000977, 0.1875000000000000278, -2.203249999999999709 ) ) ;
#2109 = VECTOR ( 'NONE', #592, 39.37007874015748143 ) ;
#2110 = EDGE_CURVE ( 'NONE', #2667, #2209, #594, .T. ) ;
#2111 = ORIENTED_EDGE ( 'NONE', *, *, #500, .T. ) ;
#2112 = EDGE_CURVE ( 'NONE', #1725, #2009, #1311, .T. ) ;
#2113 = ORIENTED_EDGE ( 'NONE', *, *, #2040, .T. ) ;
#2114 = DIRECTION ( 'NONE',  ( 0.000000000000000000, 0.000000000000000000, 1.000000000000000000 ) ) ;
#2115 = EDGE_LOOP ( 'NONE', ( #780, #2456, #2844, #1927 ) ) ;
#2116 = CARTESIAN_POINT ( 'NONE',  ( -2.068749999999999201, 0.3750000000000000555, -0.7842499999999998916 ) ) ;
#2117 = ORIENTED_EDGE ( 'NONE', *, *, #619, .F. ) ;
#2118 = DIRECTION ( 'NONE',  ( 0.000000000000000000, 0.000000000000000000, -1.000000000000000000 ) ) ;
#2119 = VERTEX_POINT ( 'NONE', #1263 ) ;
#2120 = DIRECTION ( 'NONE',  ( 0.000000000000000000, 1.000000000000000000, 0.000000000000000000 ) ) ;
#2121 = DIRECTION ( 'NONE',  ( 0.000000000000000000, 0.000000000000000000, 1.000000000000000000 ) ) ;
#2122 = ORIENTED_EDGE ( 'NONE', *, *, #310, .F. ) ;
#2123 = ORIENTED_EDGE ( 'NONE', *, *, #2356, .F. ) ;
#2124 = CARTESIAN_POINT ( 'NONE',  ( -1.859999999999999210, 0.1875000000000000278, -2.599999999999999645 ) ) ;
#2125 = VERTEX_POINT ( 'NONE', #1708 ) ;
#2126 = DIRECTION ( 'NONE',  ( -0.000000000000000000, -1.000000000000000000, -0.000000000000000000 ) ) ;
#2127 = DIRECTION ( 'NONE',  ( 0.000000000000000000, -1.000000000000000000, 0.000000000000000000 ) ) ;
#2128 = AXIS2_PLACEMENT_3D ( 'NONE', #1079, #1062, #1930 ) ;
#2129 = FACE_BOUND ( 'NONE', #2041, .T. ) ;
#2130 = CARTESIAN_POINT ( 'NONE',  ( 2.068750000000000533, 0.3750000000000000555, -0.7529999999999998916 ) ) ;
#2131 = VECTOR ( 'NONE', #371, 39.37007874015748143 ) ;
#2132 = DIRECTION ( 'NONE',  ( 0.000000000000000000, 0.000000000000000000, -1.000000000000000000 ) ) ;
#2133 = ORIENTED_EDGE ( 'NONE', *, *, #336, .T. ) ;
#2134 = ORIENTED_EDGE ( 'NONE', *, *, #2565, .F. ) ;
#2135 = CIRCLE ( 'NONE', #453, 0.03124999999999983694 ) ;
#2136 = LINE ( 'NONE', #139, #2723 ) ;
#2137 = DIRECTION ( 'NONE',  ( 0.000000000000000000, 1.000000000000000000, -0.000000000000000000 ) ) ;
#2138 = AXIS2_PLACEMENT_3D ( 'NONE', #539, #326, #2519 ) ;
#2139 = ORIENTED_EDGE ( 'NONE', *, *, #325, .F. ) ;
#2140 = CIRCLE ( 'NONE', #880, 0.03124999999999983694 ) ;
#2141 = LINE ( 'NONE', #1265, #1402 ) ;
#2142 = VECTOR ( 'NONE', #346, 39.37007874015748143 ) ;
#2143 = EDGE_LOOP ( 'NONE', ( #1331, #420, #1808, #135 ) ) ;
#2144 = EDGE_CURVE ( 'NONE', #2293, #1467, #2626, .T. ) ;
#2145 = CARTESIAN_POINT ( 'NONE',  ( -1.859999999999999210, 0.1875000000000000278, 0.7032499999999998197 ) ) ;
#2146 = EDGE_CURVE ( 'NONE', #2074, #508, #2203, .T. ) ;
#2147 = CYLINDRICAL_SURFACE ( 'NONE', #95, 0.05324999999999976974 ) ;
#2148 = LINE ( 'NONE', #1237, #1012 ) ;
#2149 = CARTESIAN_POINT ( 'NONE',  ( -1.574999999999999956, 0.000000000000000000, -2.878250000000000419 ) ) ;
#2150 = ORIENTED_EDGE ( 'NONE', *, *, #763, .F. ) ;
#2151 = ORIENTED_EDGE ( 'NONE', *, *, #461, .T. ) ;
#2152 = AXIS2_PLACEMENT_3D ( 'NONE', #3, #1572, #2270 ) ;
#2153 = DIRECTION ( 'NONE',  ( -1.000000000000000000, 0.000000000000000000, 0.000000000000000000 ) ) ;
#2154 = CARTESIAN_POINT ( 'NONE',  ( 1.859999999999999210, 0.1875000000000000278, 0.5967500000000000027 ) ) ;
#2155 = EDGE_CURVE ( 'NONE', #2761, #764, #579, .T. ) ;
#2156 = EDGE_LOOP ( 'NONE', ( #783, #2783, #1029, #1288 ) ) ;
#2157 = CYLINDRICAL_SURFACE ( 'NONE', #922, 0.05324999999999976974 ) ;
#2158 = ORIENTED_EDGE ( 'NONE', *, *, #2506, .T. ) ;
#2159 = DIRECTION ( 'NONE',  ( 1.000000000000000000, -0.000000000000000000, -0.000000000000000000 ) ) ;
#2160 = EDGE_CURVE ( 'NONE', #160, #2347, #1926, .T. ) ;
#2161 = CARTESIAN_POINT ( 'NONE',  ( -1.182999999999999607, 0.2975000000000000422, -2.217999999999999527 ) ) ;
#2162 = ORIENTED_EDGE ( 'NONE', *, *, #835, .T. ) ;
#2163 = PLANE ( 'NONE',  #2429 ) ;
#2164 = DIRECTION ( 'NONE',  ( 0.000000000000000000, 1.000000000000000000, -0.000000000000000000 ) ) ;
#2165 = ADVANCED_FACE ( 'NONE', ( #1723 ), #163, .F. ) ;
#2166 = CARTESIAN_POINT ( 'NONE',  ( 2.068750000000000533, 0.3750000000000000555, -2.312999999999999723 ) ) ;
#2167 = ORIENTED_EDGE ( 'NONE', *, *, #1011, .T. ) ;
#2168 = EDGE_CURVE ( 'NONE', #397, #2540, #2910, .T. ) ;
#2169 = VERTEX_POINT ( 'NONE', #2355 ) ;
#2170 = CARTESIAN_POINT ( 'NONE',  ( 0.9630000000000005222, 0.2975000000000000422, -2.217999999999999972 ) ) ;
#2171 = VERTEX_POINT ( 'NONE', #349 ) ;
#2172 = EDGE_CURVE ( 'NONE', #385, #990, #2726, .T. ) ;
#2173 = DIRECTION ( 'NONE',  ( 0.000000000000000000, 1.000000000000000000, -0.000000000000000000 ) ) ;
#2174 = CIRCLE ( 'NONE', #995, 0.05324999999999963096 ) ;
#2175 = VERTEX_POINT ( 'NONE', #924 ) ;
#2176 = VECTOR ( 'NONE', #1210, 39.37007874015748143 ) ;
#2177 = DIRECTION ( 'NONE',  ( 0.000000000000000000, 0.000000000000000000, -1.000000000000000000 ) ) ;
#2178 = DIRECTION ( 'NONE',  ( 0.000000000000000000, 0.000000000000000000, -1.000000000000000000 ) ) ;
#2179 = DIRECTION ( 'NONE',  ( 0.000000000000000000, 0.000000000000000000, 1.000000000000000000 ) ) ;
#2180 = DIRECTION ( 'NONE',  ( 0.000000000000000000, 0.000000000000000000, -1.000000000000000000 ) ) ;
#2181 = CARTESIAN_POINT ( 'NONE',  ( 2.359999999999998987, 0.1875000000000000278, -2.599999999999999645 ) ) ;
#2182 = DIRECTION ( 'NONE',  ( 0.000000000000000000, 1.000000000000000000, -0.000000000000000000 ) ) ;
#2183 = CARTESIAN_POINT ( 'NONE',  ( -1.823499999999999233, 0.3750000000000000555, -0.7842500000000001137 ) ) ;
#2184 = AXIS2_PLACEMENT_3D ( 'NONE', #1805, #2454, #2226 ) ;
#2185 = ORIENTED_EDGE ( 'NONE', *, *, #2260, .F. ) ;
#2186 = ORIENTED_EDGE ( 'NONE', *, *, #2585, .F. ) ;
#2187 = VECTOR ( 'NONE', #2103, 39.37007874015748143 ) ;
#2188 = EDGE_CURVE ( 'NONE', #778, #1607, #1116, .T. ) ;
#2189 = EDGE_LOOP ( 'NONE', ( #387, #112 ) ) ;
#2190 = AXIS2_PLACEMENT_3D ( 'NONE', #2755, #849, #479 ) ;
#2191 = EDGE_CURVE ( 'NONE', #474, #17, #2140, .T. ) ;
#2192 = LINE ( 'NONE', #2396, #1632 ) ;
#2193 = VECTOR ( 'NONE', #376, 39.37007874015748143 ) ;
#2194 = ORIENTED_EDGE ( 'NONE', *, *, #1987, .F. ) ;
#2195 = VECTOR ( 'NONE', #2233, 39.37007874015748143 ) ;
#2196 = ORIENTED_EDGE ( 'NONE', *, *, #640, .F. ) ;
#2197 = CARTESIAN_POINT ( 'NONE',  ( -1.182999999999999607, 0.2975000000000000422, 3.599999999999999645 ) ) ;
#2198 = ORIENTED_EDGE ( 'NONE', *, *, #1974, .T. ) ;
#2199 = LINE ( 'NONE', #191, #1779 ) ;
#2200 = CARTESIAN_POINT ( 'NONE',  ( 0.1100000000000007777, 0.3750000000000000555, -2.217999999999999972 ) ) ;
#2201 = ORIENTED_EDGE ( 'NONE', *, *, #56, .T. ) ;
#2202 = DIRECTION ( 'NONE',  ( 0.000000000000000000, 0.000000000000000000, -1.000000000000000000 ) ) ;
#2203 = LINE ( 'NONE', #2372, #503 ) ;
#2204 = EDGE_CURVE ( 'NONE', #2209, #499, #1577, .T. ) ;
#2205 = VERTEX_POINT ( 'NONE', #1087 ) ;
#2206 = LINE ( 'NONE', #1102, #585 ) ;
#2207 = LINE ( 'NONE', #1790, #2084 ) ;
#2208 = ORIENTED_EDGE ( 'NONE', *, *, #1031, .F. ) ;
#2209 = VERTEX_POINT ( 'NONE', #1392 ) ;
#2210 = DIRECTION ( 'NONE',  ( 0.000000000000000000, 0.000000000000000000, -1.000000000000000000 ) ) ;
#2211 = ORIENTED_EDGE ( 'NONE', *, *, #1446, .F. ) ;
#2212 = CARTESIAN_POINT ( 'NONE',  ( -2.099999999999999201, 0.1875000000000000278, -2.149999999999999911 ) ) ;
#2213 = LINE ( 'NONE', #203, #1468 ) ;
#2214 = EDGE_CURVE ( 'NONE', #875, #2751, #860, .T. ) ;
#2215 = ORIENTED_EDGE ( 'NONE', *, *, #373, .T. ) ;
#2216 = DIRECTION ( 'NONE',  ( -1.000000000000000000, -0.000000000000000000, -0.000000000000000000 ) ) ;
#2217 = CARTESIAN_POINT ( 'NONE',  ( 1.859999999999999210, 0.1875000000000000278, -2.599999999999999645 ) ) ;
#2218 = ORIENTED_EDGE ( 'NONE', *, *, #56, .F. ) ;
#2219 = CARTESIAN_POINT ( 'NONE',  ( -2.359999999999998987, 0.3750000000000000555, 3.599999999999999645 ) ) ;
#2220 = ORIENTED_EDGE ( 'NONE', *, *, #2172, .F. ) ;
#2221 = CARTESIAN_POINT ( 'NONE',  ( 2.100000000000000977, 0.3750000000000000555, -0.7842500000000001137 ) ) ;
#2222 = EDGE_CURVE ( 'NONE', #250, #554, #37, .T. ) ;
#2223 = VERTEX_POINT ( 'NONE', #1129 ) ;
#2224 = ORIENTED_EDGE ( 'NONE', *, *, #2585, .T. ) ;
#2225 = CARTESIAN_POINT ( 'NONE',  ( 2.359999999999998987, 0.1874999999999999722, 1.046750000000000291 ) ) ;
#2226 = DIRECTION ( 'NONE',  ( 1.173877618453189892E-16, 0.000000000000000000, 1.000000000000000000 ) ) ;
#2227 = AXIS2_PLACEMENT_3D ( 'NONE', #375, #2127, #2596 ) ;
#2228 = FACE_OUTER_BOUND ( 'NONE', #2554, .T. ) ;
#2229 = ORIENTED_EDGE ( 'NONE', *, *, #401, .F. ) ;
#2230 = ORIENTED_EDGE ( 'NONE', *, *, #1391, .F. ) ;
#2231 = AXIS2_PLACEMENT_3D ( 'NONE', #487, #2511, #433 ) ;
#2232 = DIRECTION ( 'NONE',  ( 0.000000000000000000, 0.000000000000000000, -1.000000000000000000 ) ) ;
#2233 = DIRECTION ( 'NONE',  ( 1.000000000000000000, 0.000000000000000000, 0.000000000000000000 ) ) ;
#2234 = AXIS2_PLACEMENT_3D ( 'NONE', #1076, #1527, #610 ) ;
#2235 = FACE_BOUND ( 'NONE', #2578, .T. ) ;
#2236 = CARTESIAN_POINT ( 'NONE',  ( -1.182999999999999607, 0.3750000000000000555, -2.217999999999999527 ) ) ;
#2237 = AXIS2_PLACEMENT_3D ( 'NONE', #278, #2248, #708 ) ;
#2238 = AXIS2_PLACEMENT_3D ( 'NONE', #1991, #1794, #2438 ) ;
#2239 = CARTESIAN_POINT ( 'NONE',  ( -2.068749999999999201, 0.3750000000000000555, -0.7529999999999998916 ) ) ;
#2240 = DIRECTION ( 'NONE',  ( -0.000000000000000000, 1.000000000000000000, -0.000000000000000000 ) ) ;
#2241 = EDGE_CURVE ( 'NONE', #597, #1169, #10, .T. ) ;
#2242 = CIRCLE ( 'NONE', #1503, 0.03124999999999983694 ) ;
#2243 = EDGE_CURVE ( 'NONE', #1213, #275, #2275, .T. ) ;
#2244 = CYLINDRICAL_SURFACE ( 'NONE', #2627, 0.05324999999999976974 ) ;
#2245 = DIRECTION ( 'NONE',  ( 0.000000000000000000, 0.000000000000000000, -1.000000000000000000 ) ) ;
#2246 = VECTOR ( 'NONE', #2905, 39.37007874015748143 ) ;
#2247 = AXIS2_PLACEMENT_3D ( 'NONE', #2570, #1990, #1301 ) ;
#2248 = DIRECTION ( 'NONE',  ( -0.000000000000000000, -1.000000000000000000, -0.000000000000000000 ) ) ;
#2249 = DIRECTION ( 'NONE',  ( 0.000000000000000000, 1.000000000000000000, 0.000000000000000000 ) ) ;
#2250 = EDGE_CURVE ( 'NONE', #2223, #2906, #1680, .T. ) ;
#2251 = ORIENTED_EDGE ( 'NONE', *, *, #1866, .T. ) ;
#2252 = DIRECTION ( 'NONE',  ( -0.000000000000000000, 1.000000000000000000, -0.000000000000000000 ) ) ;
#2253 = VECTOR ( 'NONE', #2019, 39.37007874015748143 ) ;
#2254 = ORIENTED_EDGE ( 'NONE', *, *, #1846, .T. ) ;
#2255 = ORIENTED_EDGE ( 'NONE', *, *, #1801, .F. ) ;
#2256 = DIRECTION ( 'NONE',  ( 1.000000000000000000, -0.000000000000000000, 0.000000000000000000 ) ) ;
#2257 = DIRECTION ( 'NONE',  ( 0.000000000000000000, 1.000000000000000000, 0.000000000000000000 ) ) ;
#2258 = EDGE_CURVE ( 'NONE', #2713, #1216, #1797, .T. ) ;
#2259 = LINE ( 'NONE', #262, #400 ) ;
#2260 = EDGE_CURVE ( 'NONE', #2395, #2329, #2433, .T. ) ;
#2261 = LINE ( 'NONE', #2036, #2000 ) ;
#2262 = CARTESIAN_POINT ( 'NONE',  ( 2.068750000000000533, 0.000000000000000000, -2.281749999999999723 ) ) ;
#2263 = EDGE_CURVE ( 'NONE', #150, #2119, #1994, .T. ) ;
#2264 = ORIENTED_EDGE ( 'NONE', *, *, #66, .T. ) ;
#2265 = DIRECTION ( 'NONE',  ( 0.000000000000000000, 1.000000000000000000, -0.000000000000000000 ) ) ;
#2266 = EDGE_CURVE ( 'NONE', #2347, #2272, #1787, .T. ) ;
#2267 = LINE ( 'NONE', #2675, #1106 ) ;
#2268 = ORIENTED_EDGE ( 'NONE', *, *, #551, .T. ) ;
#2269 = DIRECTION ( 'NONE',  ( 0.000000000000000000, 0.000000000000000000, -1.000000000000000000 ) ) ;
#2270 = DIRECTION ( 'NONE',  ( 0.000000000000000000, 0.000000000000000000, 1.000000000000000000 ) ) ;
#2271 = CARTESIAN_POINT ( 'NONE',  ( 0.1100000000000007777, 0.3750000000000000555, 3.599999999999999645 ) ) ;
#2272 = VERTEX_POINT ( 'NONE', #441 ) ;
#2273 = CIRCLE ( 'NONE', #76, 0.03124999999999983694 ) ;
#2274 = DIRECTION ( 'NONE',  ( 0.000000000000000000, 0.000000000000000000, -1.000000000000000000 ) ) ;
#2275 = LINE ( 'NONE', #2670, #49 ) ;
#2276 = EDGE_CURVE ( 'NONE', #1583, #6, #1591, .T. ) ;
#2277 = EDGE_CURVE ( 'NONE', #739, #1384, #1592, .T. ) ;
#2278 = PLANE ( 'NONE',  #2287 ) ;
#2279 = CIRCLE ( 'NONE', #627, 0.05324999999999976974 ) ;
#2280 = EDGE_CURVE ( 'NONE', #1203, #1938, #1166, .T. ) ;
#2281 = DIRECTION ( 'NONE',  ( 0.000000000000000000, 0.000000000000000000, -1.000000000000000000 ) ) ;
#2282 = VECTOR ( 'NONE', #1042, 39.37007874015748143 ) ;
#2283 = ORIENTED_EDGE ( 'NONE', *, *, #396, .T. ) ;
#2284 = AXIS2_PLACEMENT_3D ( 'NONE', #2495, #663, #926 ) ;
#2285 = DIRECTION ( 'NONE',  ( -0.000000000000000000, -1.000000000000000000, -0.000000000000000000 ) ) ;
#2286 = DIRECTION ( 'NONE',  ( 0.000000000000000000, 1.000000000000000000, 0.000000000000000000 ) ) ;
#2287 = AXIS2_PLACEMENT_3D ( 'NONE', #1218, #2085, #80 ) ;
#2288 = CARTESIAN_POINT ( 'NONE',  ( 2.359999999999998987, 0.1875000000000000278, -2.149999999999999911 ) ) ;
#2289 = AXIS2_PLACEMENT_3D ( 'NONE', #2695, #218, #9 ) ;
#2290 = DIRECTION ( 'NONE',  ( 0.000000000000000000, 0.000000000000000000, -1.000000000000000000 ) ) ;
#2291 = CARTESIAN_POINT ( 'NONE',  ( -1.574999999999999956, 0.000000000000000000, -2.878250000000000419 ) ) ;
#2292 = VECTOR ( 'NONE', #454, 39.37007874015748143 ) ;
#2293 = VERTEX_POINT ( 'NONE', #1379 ) ;
#2294 = EDGE_CURVE ( 'NONE', #231, #992, #1682, .T. ) ;
#2295 = ORIENTED_EDGE ( 'NONE', *, *, #303, .F. ) ;
#2296 = CARTESIAN_POINT ( 'NONE',  ( 1.574999999999999956, 0.07749999999999999944, -2.878250000000000419 ) ) ;
#2297 = ORIENTED_EDGE ( 'NONE', *, *, #1464, .T. ) ;
#2298 = VERTEX_POINT ( 'NONE', #2886 ) ;
#2299 = DIRECTION ( 'NONE',  ( 0.000000000000000000, 0.000000000000000000, 1.000000000000000000 ) ) ;
#2300 = VECTOR ( 'NONE', #192, 39.37007874015748143 ) ;
#2301 = CARTESIAN_POINT ( 'NONE',  ( 2.359999999999998987, 0.1875000000000000278, -2.149999999999999911 ) ) ;
#2302 = DIRECTION ( 'NONE',  ( 0.000000000000000000, 0.000000000000000000, -1.000000000000000000 ) ) ;
#2303 = EDGE_CURVE ( 'NONE', #275, #1497, #1017, .T. ) ;
#2304 = ORIENTED_EDGE ( 'NONE', *, *, #551, .F. ) ;
#2305 = PLANE ( 'NONE',  #1299 ) ;
#2306 = ORIENTED_EDGE ( 'NONE', *, *, #898, .T. ) ;
#2307 = DIRECTION ( 'NONE',  ( 0.000000000000000000, 0.000000000000000000, -1.000000000000000000 ) ) ;
#2308 = CARTESIAN_POINT ( 'NONE',  ( -1.574999999999999956, 0.000000000000000000, -3.068249999999999034 ) ) ;
#2309 = ORIENTED_EDGE ( 'NONE', *, *, #1219, .T. ) ;
#2310 = FACE_OUTER_BOUND ( 'NONE', #55, .T. ) ;
#2311 = CARTESIAN_POINT ( 'NONE',  ( -1.574999999999999956, 0.07749999999999999944, -2.878250000000000419 ) ) ;
#2312 = CARTESIAN_POINT ( 'NONE',  ( 0.9630000000000003002, 0.2975000000000000422, 3.599999999999999645 ) ) ;
#2313 = ORIENTED_EDGE ( 'NONE', *, *, #1433, .T. ) ;
#2314 = AXIS2_PLACEMENT_3D ( 'NONE', #948, #1253, #2337 ) ;
#2315 = DIRECTION ( 'NONE',  ( 0.000000000000000000, 0.000000000000000000, -1.000000000000000000 ) ) ;
#2316 = VECTOR ( 'NONE', #2536, 39.37007874015748143 ) ;
#2317 = CARTESIAN_POINT ( 'NONE',  ( -2.359999999999998987, 0.1875000000000000278, -2.599999999999999645 ) ) ;
#2318 = CIRCLE ( 'NONE', #538, 0.05324999999999949218 ) ;
#2319 = ORIENTED_EDGE ( 'NONE', *, *, #4, .F. ) ;
#2320 = AXIS2_PLACEMENT_3D ( 'NONE', #932, #47, #866 ) ;
#2321 = CARTESIAN_POINT ( 'NONE',  ( 1.859999999999999210, 0.1875000000000000278, 0.6499999999999999112 ) ) ;
#2322 = ADVANCED_FACE ( 'NONE', ( #427 ), #1412, .F. ) ;
#2323 = DIRECTION ( 'NONE',  ( -0.000000000000000000, -1.000000000000000000, -0.000000000000000000 ) ) ;
#2324 = AXIS2_PLACEMENT_3D ( 'NONE', #848, #2641, #1248 ) ;
#2325 = ADVANCED_FACE ( 'NONE', ( #951 ), #1892, .F. ) ;
#2326 = CYLINDRICAL_SURFACE ( 'NONE', #1692, 0.05324999999999976974 ) ;
#2327 = AXIS2_PLACEMENT_3D ( 'NONE', #753, #1423, #2114 ) ;
#2328 = CARTESIAN_POINT ( 'NONE',  ( -1.823499999999999233, 0.3750000000000000555, -2.281749999999999723 ) ) ;
#2329 = VERTEX_POINT ( 'NONE', #1463 ) ;
#2330 = VECTOR ( 'NONE', #721, 39.37007874015748143 ) ;
#2331 = DIRECTION ( 'NONE',  ( -0.000000000000000000, -1.000000000000000000, -0.000000000000000000 ) ) ;
#2332 = ORIENTED_EDGE ( 'NONE', *, *, #2894, .T. ) ;
#2333 = EDGE_CURVE ( 'NONE', #2009, #1169, #185, .T. ) ;
#2334 = CYLINDRICAL_SURFACE ( 'NONE', #1059, 0.05324999999999976974 ) ;
#2335 = VERTEX_POINT ( 'NONE', #536 ) ;
#2336 = DIRECTION ( 'NONE',  ( 0.000000000000000000, 1.000000000000000000, 0.000000000000000000 ) ) ;
#2337 = DIRECTION ( 'NONE',  ( 0.000000000000000000, 0.000000000000000000, -1.000000000000000000 ) ) ;
#2338 = CARTESIAN_POINT ( 'NONE',  ( -1.823499999999999233, 0.3750000000000000555, -2.281749999999999723 ) ) ;
#2339 = ORIENTED_EDGE ( 'NONE', *, *, #2110, .F. ) ;
#2340 = CARTESIAN_POINT ( 'NONE',  ( -1.152250000000000218, 0.000000000000000000, -2.785250000000000004 ) ) ;
#2341 = CARTESIAN_POINT ( 'NONE',  ( 1.859999999999999210, 0.1874999999999999722, 1.099999999999999867 ) ) ;
#2342 = ORIENTED_EDGE ( 'NONE', *, *, #1161, .F. ) ;
#2343 = DIRECTION ( 'NONE',  ( 0.000000000000000000, 0.000000000000000000, -1.000000000000000000 ) ) ;
#2344 = ORIENTED_EDGE ( 'NONE', *, *, #1896, .F. ) ;
#2345 = LINE ( 'NONE', #153, #1629 ) ;
#2346 = ORIENTED_EDGE ( 'NONE', *, *, #1286, .F. ) ;
#2347 = VERTEX_POINT ( 'NONE', #2312 ) ;
#2348 = DIRECTION ( 'NONE',  ( 0.5150380749100573752, 1.049727191138616354E-16, 0.8571673007021103352 ) ) ;
#2349 = DIRECTION ( 'NONE',  ( 0.000000000000000000, 0.000000000000000000, 1.000000000000000000 ) ) ;
#2350 = ORIENTED_EDGE ( 'NONE', *, *, #690, .F. ) ;
#2351 = CARTESIAN_POINT ( 'NONE',  ( 0.1100000000000002920, 0.2975000000000000422, -2.217999999999999972 ) ) ;
#2352 = CARTESIAN_POINT ( 'NONE',  ( 1.152249999999999996, 0.000000000000000000, -3.129999999999999449 ) ) ;
#2353 = ORIENTED_EDGE ( 'NONE', *, *, #2333, .F. ) ;
#2354 = CARTESIAN_POINT ( 'NONE',  ( -2.099999999999999201, 0.3750000000000000555, -0.7842500000000001137 ) ) ;
#2355 = CARTESIAN_POINT ( 'NONE',  ( -1.854749999999999455, 0.3750000000000000555, -2.312999999999999723 ) ) ;
#2356 = EDGE_CURVE ( 'NONE', #1023, #126, #1406, .T. ) ;
#2357 = ORIENTED_EDGE ( 'NONE', *, *, #2277, .T. ) ;
#2358 = DIRECTION ( 'NONE',  ( 0.000000000000000000, 0.000000000000000000, 1.000000000000000000 ) ) ;
#2359 = ORIENTED_EDGE ( 'NONE', *, *, #2144, .T. ) ;
#2360 = DIRECTION ( 'NONE',  ( 0.000000000000000000, 0.000000000000000000, -1.000000000000000000 ) ) ;
#2361 = VECTOR ( 'NONE', #2555, 39.37007874015748143 ) ;
#2362 = VECTOR ( 'NONE', #557, 39.37007874015748143 ) ;
#2363 = ORIENTED_EDGE ( 'NONE', *, *, #861, .T. ) ;
#2364 = DIRECTION ( 'NONE',  ( 1.000000000000000000, 0.000000000000000000, -0.000000000000000000 ) ) ;
#2365 = DIRECTION ( 'NONE',  ( 1.000000000000000000, -0.000000000000000000, -0.000000000000000000 ) ) ;
#2366 = DIRECTION ( 'NONE',  ( 0.000000000000000000, 0.000000000000000000, 1.000000000000000000 ) ) ;
#2367 = VECTOR ( 'NONE', #923, 39.37007874015748143 ) ;
#2368 = DIRECTION ( 'NONE',  ( -0.000000000000000000, -1.000000000000000000, -0.000000000000000000 ) ) ;
#2369 = ORIENTED_EDGE ( 'NONE', *, *, #598, .F. ) ;
#2370 = CIRCLE ( 'NONE', #1821, 0.05324999999999990158 ) ;
#2371 = DIRECTION ( 'NONE',  ( 0.000000000000000000, 0.000000000000000000, -1.000000000000000000 ) ) ;
#2372 = CARTESIAN_POINT ( 'NONE',  ( 1.183499999999999774, 0.3750000000000000555, -2.785249999999999559 ) ) ;
#2373 = VECTOR ( 'NONE', #1243, 39.37007874015748143 ) ;
#2374 = ORIENTED_EDGE ( 'NONE', *, *, #804, .F. ) ;
#2375 = EDGE_CURVE ( 'NONE', #1181, #1261, #92, .T. ) ;
#2376 = AXIS2_PLACEMENT_3D ( 'NONE', #788, #2600, #2023 ) ;
#2377 = CARTESIAN_POINT ( 'NONE',  ( -1.859999999999999210, 0.1874999999999999722, 1.099999999999999867 ) ) ;
#2378 = CIRCLE ( 'NONE', #2730, 0.05324999999999976974 ) ;
#2379 = ORIENTED_EDGE ( 'NONE', *, *, #2552, .F. ) ;
#2380 = EDGE_CURVE ( 'NONE', #1827, #859, #138, .T. ) ;
#2381 = ORIENTED_EDGE ( 'NONE', *, *, #2188, .F. ) ;
#2382 = CARTESIAN_POINT ( 'NONE',  ( -0.9629999999999995230, 0.2975000000000000422, -2.217999999999999972 ) ) ;
#2383 = DIRECTION ( 'NONE',  ( -1.173877618453189892E-16, -0.000000000000000000, -1.000000000000000000 ) ) ;
#2384 = DIRECTION ( 'NONE',  ( 0.000000000000000000, 0.000000000000000000, -1.000000000000000000 ) ) ;
#2385 = VERTEX_POINT ( 'NONE', #1510 ) ;
#2386 = CARTESIAN_POINT ( 'NONE',  ( -2.359999999999998987, 0.1875000000000000278, -2.546749999999999847 ) ) ;
#2387 = CARTESIAN_POINT ( 'NONE',  ( 2.100000000000000977, 0.000000000000000000, -2.281749999999999723 ) ) ;
#2388 = EDGE_LOOP ( 'NONE', ( #1872, #1837, #1043, #2875 ) ) ;
#2389 = LINE ( 'NONE', #2166, #1869 ) ;
#2390 = EDGE_CURVE ( 'NONE', #1502, #1181, #2603, .T. ) ;
#2391 = VERTEX_POINT ( 'NONE', #133 ) ;
#2392 = VECTOR ( 'NONE', #451, 39.37007874015748143 ) ;
#2393 = DIRECTION ( 'NONE',  ( -0.000000000000000000, -1.000000000000000000, -0.000000000000000000 ) ) ;
#2394 = CARTESIAN_POINT ( 'NONE',  ( -1.183499999999999774, 0.000000000000000000, -3.161249999999999893 ) ) ;
#2395 = VERTEX_POINT ( 'NONE', #1002 ) ;
#2396 = CARTESIAN_POINT ( 'NONE',  ( -2.359999999999998987, 0.3750000000000000555, 3.599999999999999645 ) ) ;
#2397 = ORIENTED_EDGE ( 'NONE', *, *, #1955, .F. ) ;
#2398 = ORIENTED_EDGE ( 'NONE', *, *, #2280, .F. ) ;
#2399 = LINE ( 'NONE', #2449, #1104 ) ;
#2400 = CARTESIAN_POINT ( 'NONE',  ( 2.068750000000000533, 0.3750000000000000555, -0.7529999999999998916 ) ) ;
#2401 = LINE ( 'NONE', #390, #973 ) ;
#2402 = EDGE_CURVE ( 'NONE', #1050, #992, #2389, .T. ) ;
#2403 = CARTESIAN_POINT ( 'NONE',  ( -2.359999999999998987, 0.3750000000000000555, 3.599999999999999645 ) ) ;
#2404 = FACE_OUTER_BOUND ( 'NONE', #2690, .T. ) ;
#2405 = EDGE_CURVE ( 'NONE', #2395, #1309, #1935, .T. ) ;
#2406 = LINE ( 'NONE', #1948, #1071 ) ;
#2407 = ORIENTED_EDGE ( 'NONE', *, *, #2779, .F. ) ;
#2408 = ORIENTED_EDGE ( 'NONE', *, *, #1765, .F. ) ;
#2409 = PLANE ( 'NONE',  #316 ) ;
#2410 = EDGE_LOOP ( 'NONE', ( #2467, #2451, #1842 ) ) ;
#2411 = DIRECTION ( 'NONE',  ( -1.000000000000000000, -0.000000000000000000, -0.000000000000000000 ) ) ;
#2412 = DIRECTION ( 'NONE',  ( 0.000000000000000000, 0.000000000000000000, -1.000000000000000000 ) ) ;
#2413 = ORIENTED_EDGE ( 'NONE', *, *, #122, .F. ) ;
#2414 = DIRECTION ( 'NONE',  ( 0.000000000000000000, 1.000000000000000000, 0.000000000000000000 ) ) ;
#2415 = CARTESIAN_POINT ( 'NONE',  ( 2.360000000000000764, 0.3750000000000000555, 3.599999999999999645 ) ) ;
#2416 = ORIENTED_EDGE ( 'NONE', *, *, #189, .F. ) ;
#2417 = DIRECTION ( 'NONE',  ( -0.000000000000000000, -1.000000000000000000, -0.000000000000000000 ) ) ;
#2418 = CARTESIAN_POINT ( 'NONE',  ( -1.854749999999999455, 0.000000000000000000, -2.281749999999999723 ) ) ;
#2419 = ADVANCED_FACE ( 'NONE', ( #1049 ), #1239, .T. ) ;
#2420 = EDGE_CURVE ( 'NONE', #1216, #1607, #2406, .T. ) ;
#2421 = VECTOR ( 'NONE', #1844, 39.37007874015748143 ) ;
#2422 = ORIENTED_EDGE ( 'NONE', *, *, #1127, .F. ) ;
#2423 = ORIENTED_EDGE ( 'NONE', *, *, #2188, .T. ) ;
#2424 = AXIS2_PLACEMENT_3D ( 'NONE', #2553, #2521, #1414 ) ;
#2425 = LINE ( 'NONE', #1970, #413 ) ;
#2426 = ORIENTED_EDGE ( 'NONE', *, *, #2276, .F. ) ;
#2427 = CIRCLE ( 'NONE', #1158, 0.03124999999999997571 ) ;
#2428 = LINE ( 'NONE', #416, #1956 ) ;
#2429 = AXIS2_PLACEMENT_3D ( 'NONE', #591, #1508, #2364 ) ;
#2430 = DIRECTION ( 'NONE',  ( -0.000000000000000000, -1.000000000000000000, -0.000000000000000000 ) ) ;
#2431 = ORIENTED_EDGE ( 'NONE', *, *, #616, .F. ) ;
#2432 = EDGE_CURVE ( 'NONE', #1261, #1181, #2100, .T. ) ;
#2433 = CIRCLE ( 'NONE', #2435, 0.05324999999999990158 ) ;
#2434 = DIRECTION ( 'NONE',  ( 0.000000000000000000, 0.000000000000000000, -1.000000000000000000 ) ) ;
#2435 = AXIS2_PLACEMENT_3D ( 'NONE', #1983, #2458, #1807 ) ;
#2436 = CARTESIAN_POINT ( 'NONE',  ( 1.854750000000001009, 0.3750000000000000555, -0.7529999999999998916 ) ) ;
#2437 = ORIENTED_EDGE ( 'NONE', *, *, #998, .T. ) ;
#2438 = DIRECTION ( 'NONE',  ( 0.000000000000000000, 0.000000000000000000, 1.000000000000000000 ) ) ;
#2439 = LINE ( 'NONE', #422, #1221 ) ;
#2440 = FACE_OUTER_BOUND ( 'NONE', #338, .T. ) ;
#2441 = ORIENTED_EDGE ( 'NONE', *, *, #1041, .T. ) ;
#2442 = ORIENTED_EDGE ( 'NONE', *, *, #593, .F. ) ;
#2443 = CARTESIAN_POINT ( 'NONE',  ( -0.9629999999999995230, 0.2975000000000000422, -2.217999999999999972 ) ) ;
#2444 = DIRECTION ( 'NONE',  ( 0.000000000000000000, 0.000000000000000000, 1.000000000000000000 ) ) ;
#2445 = EDGE_LOOP ( 'NONE', ( #169, #2185, #1086, #963 ) ) ;
#2446 = VECTOR ( 'NONE', #857, 39.37007874015748143 ) ;
#2447 = DIRECTION ( 'NONE',  ( 0.000000000000000000, 0.000000000000000000, 1.000000000000000000 ) ) ;
#2448 = ORIENTED_EDGE ( 'NONE', *, *, #1574, .F. ) ;
#2449 = CARTESIAN_POINT ( 'NONE',  ( -1.859999999999999210, 0.1875000000000000278, -2.546749999999999847 ) ) ;
#2450 = SHAPE_DEFINITION_REPRESENTATION ( #1485, #1523 ) ;
#2451 = ORIENTED_EDGE ( 'NONE', *, *, #518, .T. ) ;
#2452 = VERTEX_POINT ( 'NONE', #1521 ) ;
#2453 = DIRECTION ( 'NONE',  ( 0.000000000000000000, 0.000000000000000000, -1.000000000000000000 ) ) ;
#2454 = DIRECTION ( 'NONE',  ( -1.000000000000000000, 0.000000000000000000, 1.173877618453189892E-16 ) ) ;
#2455 = FACE_BOUND ( 'NONE', #1182, .T. ) ;
#2456 = ORIENTED_EDGE ( 'NONE', *, *, #1107, .F. ) ;
#2457 = ORIENTED_EDGE ( 'NONE', *, *, #2222, .T. ) ;
#2458 = DIRECTION ( 'NONE',  ( -1.000000000000000000, -0.000000000000000000, -0.000000000000000000 ) ) ;
#2459 = VERTEX_POINT ( 'NONE', #380 ) ;
#2460 = DIRECTION ( 'NONE',  ( 0.000000000000000000, 0.000000000000000000, 1.000000000000000000 ) ) ;
#2461 = EDGE_CURVE ( 'NONE', #840, #250, #2532, .T. ) ;
#2462 = DIRECTION ( 'NONE',  ( 0.000000000000000000, -0.000000000000000000, -1.000000000000000000 ) ) ;
#2463 = CARTESIAN_POINT ( 'NONE',  ( -1.854749999999999455, 0.3750000000000000555, -0.7529999999999998916 ) ) ;
#2464 = AXIS2_PLACEMENT_3D ( 'NONE', #482, #222, #1140 ) ;
#2465 = AXIS2_PLACEMENT_3D ( 'NONE', #242, #2240, #2704 ) ;
#2466 = DIRECTION ( 'NONE',  ( 0.5150380749100573752, 1.049727191138616354E-16, 0.8571673007021103352 ) ) ;
#2467 = ORIENTED_EDGE ( 'NONE', *, *, #601, .F. ) ;
#2468 = ORIENTED_EDGE ( 'NONE', *, *, #1141, .T. ) ;
#2469 = FACE_OUTER_BOUND ( 'NONE', #1460, .T. ) ;
#2470 = LINE ( 'NONE', #947, #2421 ) ;
#2471 = DIRECTION ( 'NONE',  ( 0.000000000000000000, 0.000000000000000000, -1.000000000000000000 ) ) ;
#2472 = CARTESIAN_POINT ( 'NONE',  ( -1.574999999999999956, 0.07749999999999999944, -3.068249999999999034 ) ) ;
#2473 = VECTOR ( 'NONE', #2673, 39.37007874015748143 ) ;
#2474 = EDGE_CURVE ( 'NONE', #1597, #2876, #2651, .T. ) ;
#2475 = ORIENTED_EDGE ( 'NONE', *, *, #2631, .F. ) ;
#2476 = VECTOR ( 'NONE', #2159, 39.37007874015748143 ) ;
#2477 = CARTESIAN_POINT ( 'NONE',  ( 2.360000000000000764, 0.3750000000000000555, -3.599999999999999645 ) ) ;
#2478 = AXIS2_PLACEMENT_3D ( 'NONE', #1092, #2724, #2281 ) ;
#2479 = FACE_OUTER_BOUND ( 'NONE', #740, .T. ) ;
#2480 = CARTESIAN_POINT ( 'NONE',  ( 1.961750000000000993, 0.3750000000000001110, 3.350000000000000089 ) ) ;
#2481 = AXIS2_PLACEMENT_3D ( 'NONE', #2766, #738, #1650 ) ;
#2482 = EDGE_CURVE ( 'NONE', #1883, #852, #2378, .T. ) ;
#2483 = EDGE_LOOP ( 'NONE', ( #2502, #183, #2268, #1996 ) ) ;
#2484 = VECTOR ( 'NONE', #2823, 39.37007874015748143 ) ;
#2485 = DIRECTION ( 'NONE',  ( 0.000000000000000000, 0.000000000000000000, -1.000000000000000000 ) ) ;
#2486 = VECTOR ( 'NONE', #1954, 39.37007874015748143 ) ;
#2487 = ADVANCED_FACE ( 'NONE', ( #803 ), #2874, .F. ) ;
#2488 = CARTESIAN_POINT ( 'NONE',  ( 1.859999999999999210, 0.1875000000000000278, -2.546749999999999847 ) ) ;
#2489 = CARTESIAN_POINT ( 'NONE',  ( -0.9629999999999988569, 0.2975000000000000422, 3.599999999999999645 ) ) ;
#2490 = MANIFOLD_SOLID_BREP ( 'Mirror1', #1793 ) ;
#2491 = DIRECTION ( 'NONE',  ( -1.000000000000000000, -0.000000000000000000, -0.000000000000000000 ) ) ;
#2492 = DIRECTION ( 'NONE',  ( 0.000000000000000000, 0.000000000000000000, -1.000000000000000000 ) ) ;
#2493 = ADVANCED_FACE ( 'NONE', ( #1336 ), #1924, .F. ) ;
#2494 = VERTEX_POINT ( 'NONE', #1619 ) ;
#2495 = CARTESIAN_POINT ( 'NONE',  ( 1.961750000000000993, 0.3750000000000001110, 3.350000000000000089 ) ) ;
#2496 = CARTESIAN_POINT ( 'NONE',  ( -1.152249999999999774, 0.000000000000000000, -3.368749999999999911 ) ) ;
#2497 = EDGE_LOOP ( 'NONE', ( #1742, #1817, #1403, #1108 ) ) ;
#2498 = ORIENTED_EDGE ( 'NONE', *, *, #401, .T. ) ;
#2499 = FACE_OUTER_BOUND ( 'NONE', #952, .T. ) ;
#2500 = AXIS2_PLACEMENT_3D ( 'NONE', #1509, #1933, #1550 ) ;
#2501 = ORIENTED_EDGE ( 'NONE', *, *, #1555, .F. ) ;
#2502 = ORIENTED_EDGE ( 'NONE', *, *, #245, .F. ) ;
#2503 = DIRECTION ( 'NONE',  ( 0.000000000000000000, 0.000000000000000000, -1.000000000000000000 ) ) ;
#2504 = CARTESIAN_POINT ( 'NONE',  ( 1.183499999999999774, 0.3750000000000000555, -2.577749999999999542 ) ) ;
#2505 = ADVANCED_FACE ( 'NONE', ( #1185 ), #2147, .F. ) ;
#2506 = EDGE_CURVE ( 'NONE', #1470, #113, #1270, .T. ) ;
#2507 = DIRECTION ( 'NONE',  ( -0.000000000000000000, 0.000000000000000000, -1.000000000000000000 ) ) ;
#2508 = DIRECTION ( 'NONE',  ( 0.000000000000000000, 0.000000000000000000, 1.000000000000000000 ) ) ;
#2509 = ORIENTED_EDGE ( 'NONE', *, *, #2375, .F. ) ;
#2510 = DIRECTION ( 'NONE',  ( 1.000000000000000000, 0.000000000000000000, 0.000000000000000000 ) ) ;
#2511 = DIRECTION ( 'NONE',  ( 1.000000000000000000, -0.000000000000000000, -0.000000000000000000 ) ) ;
#2512 = ORIENTED_EDGE ( 'NONE', *, *, #1223, .F. ) ;
#2513 = EDGE_LOOP ( 'NONE', ( #1477, #2363 ) ) ;
#2514 = CARTESIAN_POINT ( 'NONE',  ( -1.828004172036781672, 0.1874999999999998890, -2.599999999999999645 ) ) ;
#2515 = EDGE_CURVE ( 'NONE', #985, #365, #2401, .T. ) ;
#2516 = CARTESIAN_POINT ( 'NONE',  ( 1.859999999999999210, 0.1874999999999999722, 1.153249999999999886 ) ) ;
#2517 = ADVANCED_FACE ( 'NONE', ( #1063 ), #1365, .F. ) ;
#2518 = VERTEX_POINT ( 'NONE', #2689 ) ;
#2519 = DIRECTION ( 'NONE',  ( 0.000000000000000000, 0.000000000000000000, -1.000000000000000000 ) ) ;
#2520 = VECTOR ( 'NONE', #300, 39.37007874015748143 ) ;
#2521 = DIRECTION ( 'NONE',  ( 1.000000000000000000, -0.000000000000000000, -0.000000000000000000 ) ) ;
#2522 = VECTOR ( 'NONE', #1874, 39.37007874015748143 ) ;
#2523 = EDGE_CURVE ( 'NONE', #187, #2722, #2632, .T. ) ;
#2524 = VERTEX_POINT ( 'NONE', #2868 ) ;
#2525 = VECTOR ( 'NONE', #1068, 39.37007874015748143 ) ;
#2526 = DIRECTION ( 'NONE',  ( -0.000000000000000000, -1.000000000000000000, -0.000000000000000000 ) ) ;
#2527 = DIRECTION ( 'NONE',  ( 0.000000000000000000, -1.000000000000000000, 0.000000000000000000 ) ) ;
#2528 = VECTOR ( 'NONE', #1781, 39.37007874015748143 ) ;
#2529 = FACE_OUTER_BOUND ( 'NONE', #2612, .T. ) ;
#2530 = VECTOR ( 'NONE', #1902, 39.37007874015748143 ) ;
#2531 = CARTESIAN_POINT ( 'NONE',  ( 1.859999999999999210, 0.1874999999999999722, 1.099999999999999867 ) ) ;
#2532 = CIRCLE ( 'NONE', #367, 0.03124999999999983694 ) ;
#2533 = ORIENTED_EDGE ( 'NONE', *, *, #1600, .T. ) ;
#2534 = DIRECTION ( 'NONE',  ( 0.000000000000000000, 0.000000000000000000, -1.000000000000000000 ) ) ;
#2535 = ORIENTED_EDGE ( 'NONE', *, *, #2214, .F. ) ;
#2536 = DIRECTION ( 'NONE',  ( -0.000000000000000000, -1.000000000000000000, -0.000000000000000000 ) ) ;
#2537 = CARTESIAN_POINT ( 'NONE',  ( 1.574999999999999956, 0.07749999999999999944, -2.973249999999999726 ) ) ;
#2538 = ORIENTED_EDGE ( 'NONE', *, *, #470, .T. ) ;
#2539 = ADVANCED_FACE ( 'NONE', ( #48 ), #1800, .F. ) ;
#2540 = VERTEX_POINT ( 'NONE', #2013 ) ;
#2541 = DIRECTION ( 'NONE',  ( 0.000000000000000000, 0.000000000000000000, -1.000000000000000000 ) ) ;
#2542 = VECTOR ( 'NONE', #693, 39.37007874015748143 ) ;
#2543 = CARTESIAN_POINT ( 'NONE',  ( -2.099999999999999201, 0.3750000000000000555, -2.281749999999999723 ) ) ;
#2544 = ORIENTED_EDGE ( 'NONE', *, *, #2863, .T. ) ;
#2545 = DIRECTION ( 'NONE',  ( -0.000000000000000000, -1.000000000000000000, -0.000000000000000000 ) ) ;
#2546 = LINE ( 'NONE', #1199, #874 ) ;
#2547 = ORIENTED_EDGE ( 'NONE', *, *, #1541, .T. ) ;
#2548 = ORIENTED_EDGE ( 'NONE', *, *, #97, .F. ) ;
#2549 = CARTESIAN_POINT ( 'NONE',  ( -1.183499999999999552, 0.000000000000000000, -3.161249999999999893 ) ) ;
#2550 = DIRECTION ( 'NONE',  ( -0.000000000000000000, -1.000000000000000000, -0.000000000000000000 ) ) ;
#2551 = ORIENTED_EDGE ( 'NONE', *, *, #40, .F. ) ;
#2552 = EDGE_CURVE ( 'NONE', #1914, #1615, #2207, .T. ) ;
#2553 = CARTESIAN_POINT ( 'NONE',  ( 1.859999999999999210, 0.1875000000000000278, 0.6499999999999999112 ) ) ;
#2554 = EDGE_LOOP ( 'NONE', ( #327, #2735, #1940, #795, #2353, #2597, #1536, #2211, #1663, #792, #710, #649, #684, #900, #2880, #2134 ) ) ;
#2555 = DIRECTION ( 'NONE',  ( -0.000000000000000000, 1.000000000000000000, -0.000000000000000000 ) ) ;
#2556 = ORIENTED_EDGE ( 'NONE', *, *, #310, .T. ) ;
#2557 = LINE ( 'NONE', #2819, #2639 ) ;
#2558 = DIRECTION ( 'NONE',  ( 0.000000000000000000, 1.000000000000000000, -0.000000000000000000 ) ) ;
#2559 = DIRECTION ( 'NONE',  ( 0.000000000000000000, 0.000000000000000000, -1.000000000000000000 ) ) ;
#2560 = EDGE_CURVE ( 'NONE', #2642, #917, #2687, .T. ) ;
#2561 = VERTEX_POINT ( 'NONE', #2039 ) ;
#2562 = CYLINDRICAL_SURFACE ( 'NONE', #299, 0.03124999999999983694 ) ;
#2563 = ORIENTED_EDGE ( 'NONE', *, *, #495, .T. ) ;
#2564 = CYLINDRICAL_SURFACE ( 'NONE', #629, 0.03124999999999997571 ) ;
#2565 = EDGE_CURVE ( 'NONE', #113, #982, #1367, .T. ) ;
#2566 = EDGE_LOOP ( 'NONE', ( #1314, #285, #1393, #1922 ) ) ;
#2567 = VECTOR ( 'NONE', #2797, 39.37007874015748143 ) ;
#2568 = DIRECTION ( 'NONE',  ( 1.000000000000000000, -0.000000000000000000, 0.000000000000000000 ) ) ;
#2569 = FACE_OUTER_BOUND ( 'NONE', #822, .T. ) ;
#2570 = CARTESIAN_POINT ( 'NONE',  ( -1.859999999999999210, 0.1875000000000000278, -2.599999999999999645 ) ) ;
#2571 = EDGE_CURVE ( 'NONE', #150, #474, #1986, .T. ) ;
#2572 = CIRCLE ( 'NONE', #409, 0.03124999999999983694 ) ;
#2573 = AXIS2_PLACEMENT_3D ( 'NONE', #2818, #2850, #344 ) ;
#2574 = DIRECTION ( 'NONE',  ( -0.000000000000000000, -1.000000000000000000, -0.000000000000000000 ) ) ;
#2575 = ORIENTED_EDGE ( 'NONE', *, *, #743, .T. ) ;
#2576 = AXIS2_PLACEMENT_3D ( 'NONE', #2400, #2178, #855 ) ;
#2577 = ADVANCED_FACE ( 'NONE', ( #1567, #41 ), #639, .T. ) ;
#2578 = EDGE_LOOP ( 'NONE', ( #34, #1298, #335, #108, #1483, #2201, #410, #1709 ) ) ;
#2579 = DIRECTION ( 'NONE',  ( -0.000000000000000000, -1.000000000000000000, -0.000000000000000000 ) ) ;
#2580 = ORIENTED_EDGE ( 'NONE', *, *, #912, .F. ) ;
#2581 = ORIENTED_EDGE ( 'NONE', *, *, #158, .F. ) ;
#2582 = CARTESIAN_POINT ( 'NONE',  ( -1.574999999999999956, 0.07749999999999999944, -2.484749999999999126 ) ) ;
#2584 = ORIENTED_EDGE ( 'NONE', *, *, #1413, .T. ) ;
#2583 = VECTOR ( 'NONE', #2620, 39.37007874015748143 ) ;
#2585 = EDGE_CURVE ( 'NONE', #807, #2293, #2842, .T. ) ;
#2586 = DIRECTION ( 'NONE',  ( 1.000000000000000000, -0.000000000000000000, -0.000000000000000000 ) ) ;
#2587 = DIRECTION ( 'NONE',  ( -0.000000000000000000, -1.000000000000000000, -0.000000000000000000 ) ) ;
#2588 = EDGE_CURVE ( 'NONE', #2799, #1583, #2909, .T. ) ;
#2589 = EDGE_LOOP ( 'NONE', ( #905, #1641, #1267, #2304 ) ) ;
#2590 = EDGE_LOOP ( 'NONE', ( #552, #2840, #2297, #30 ) ) ;
#2591 = ADVANCED_FACE ( 'NONE', ( #654 ), #2890, .T. ) ;
#2592 = ORIENTED_EDGE ( 'NONE', *, *, #1462, .T. ) ;
#2593 = LINE ( 'NONE', #2878, #2282 ) ;
#2594 = EDGE_LOOP ( 'NONE', ( #1950, #726, #1451, #2584 ) ) ;
#2595 = DIRECTION ( 'NONE',  ( 1.000000000000000000, -0.000000000000000000, -0.000000000000000000 ) ) ;
#2596 = DIRECTION ( 'NONE',  ( 0.000000000000000000, -0.000000000000000000, -1.000000000000000000 ) ) ;
#2597 = ORIENTED_EDGE ( 'NONE', *, *, #101, .F. ) ;
#2598 = PLANE ( 'NONE',  #1302 ) ;
#2599 = ORIENTED_EDGE ( 'NONE', *, *, #2155, .T. ) ;
#2600 = DIRECTION ( 'NONE',  ( -1.000000000000000000, -0.000000000000000000, -0.000000000000000000 ) ) ;
#2601 = CARTESIAN_POINT ( 'NONE',  ( -1.854749999999999455, 0.000000000000000000, -0.7842499999999998916 ) ) ;
#2602 = DIRECTION ( 'NONE',  ( -0.000000000000000000, -1.000000000000000000, -0.000000000000000000 ) ) ;
#2603 = LINE ( 'NONE', #2833, #2142 ) ;
#2604 = EDGE_CURVE ( 'NONE', #1597, #1164, #1774, .T. ) ;
#2605 = EDGE_LOOP ( 'NONE', ( #2186, #2319, #797, #1747 ) ) ;
#2606 = DIRECTION ( 'NONE',  ( 1.000000000000000000, 0.000000000000000000, -0.000000000000000000 ) ) ;
#2607 = LINE ( 'NONE', #1912, #1015 ) ;
#2608 = VECTOR ( 'NONE', #1184, 39.37007874015748143 ) ;
#2609 = EDGE_LOOP ( 'NONE', ( #2254, #1006, #2887, #909 ) ) ;
#2610 = VECTOR ( 'NONE', #1595, 39.37007874015748143 ) ;
#2611 = CARTESIAN_POINT ( 'NONE',  ( 2.359999999999998987, 0.1875000000000000278, 0.5967500000000001137 ) ) ;
#2612 = EDGE_LOOP ( 'NONE', ( #1036, #831, #2756, #752 ) ) ;
#2613 = LINE ( 'NONE', #1976, #171 ) ;
#2614 = CIRCLE ( 'NONE', #213, 0.03125000000000011102 ) ;
#2615 = CARTESIAN_POINT ( 'NONE',  ( -1.152249999999999774, 0.3750000000000000555, -2.816500000000000004 ) ) ;
#2616 = EDGE_CURVE ( 'NONE', #869, #982, #927, .T. ) ;
#2617 = FACE_BOUND ( 'NONE', #15, .T. ) ;
#2618 = CARTESIAN_POINT ( 'NONE',  ( 2.359999999999998987, 0.1875000000000000278, 0.6499999999999999112 ) ) ;
#2619 = DIRECTION ( 'NONE',  ( 1.000000000000000000, -0.000000000000000000, 0.000000000000000000 ) ) ;
#2620 = DIRECTION ( 'NONE',  ( -0.5150380749100573752, 1.049727191138616354E-16, -0.8571673007021103352 ) ) ;
#2621 = AXIS2_PLACEMENT_3D ( 'NONE', #1405, #1824, #2290 ) ;
#2622 = FILL_AREA_STYLE ('',( #606 ) ) ;
#2623 = ORIENTED_EDGE ( 'NONE', *, *, #1328, .F. ) ;
#2624 = CIRCLE ( 'NONE', #1357, 0.1004999999999996452 ) ;
#2625 = FACE_OUTER_BOUND ( 'NONE', #58, .T. ) ;
#2626 = LINE ( 'NONE', #2394, #2862 ) ;
#2627 = AXIS2_PLACEMENT_3D ( 'NONE', #202, #2017, #1094 ) ;
#2628 = ORIENTED_EDGE ( 'NONE', *, *, #2214, .T. ) ;
#2629 = AXIS2_PLACEMENT_3D ( 'NONE', #2217, #206, #2559 ) ;
#2630 = DIRECTION ( 'NONE',  ( -1.000000000000000000, -0.000000000000000000, -0.000000000000000000 ) ) ;
#2631 = EDGE_CURVE ( 'NONE', #508, #1026, #1290, .T. ) ;
#2632 = CIRCLE ( 'NONE', #2465, 0.1004999999999996452 ) ;
#2633 = VERTEX_POINT ( 'NONE', #240 ) ;
#2634 = LINE ( 'NONE', #1714, #2757 ) ;
#2635 = DIRECTION ( 'NONE',  ( 0.000000000000000000, 0.000000000000000000, 1.000000000000000000 ) ) ;
#2636 = LINE ( 'NONE', #802, #1176 ) ;
#2637 = DIRECTION ( 'NONE',  ( 0.000000000000000000, 1.000000000000000000, -0.000000000000000000 ) ) ;
#2638 = EDGE_LOOP ( 'NONE', ( #1142, #828, #2544, #511, #1072, #2224, #2359, #2105 ) ) ;
#2639 = VECTOR ( 'NONE', #1214, 39.37007874015748143 ) ;
#2640 = CARTESIAN_POINT ( 'NONE',  ( 0.9630000000000005222, 0.2975000000000000422, -2.217999999999999972 ) ) ;
#2641 = DIRECTION ( 'NONE',  ( -1.000000000000000000, -0.000000000000000000, -0.000000000000000000 ) ) ;
#2642 = VERTEX_POINT ( 'NONE', #13 ) ;
#2643 = EDGE_CURVE ( 'NONE', #2761, #2025, #209, .T. ) ;
#2644 = DIRECTION ( 'NONE',  ( -0.000000000000000000, -1.000000000000000000, -0.000000000000000000 ) ) ;
#2645 = ADVANCED_FACE ( 'NONE', ( #1120 ), #1327, .F. ) ;
#2646 = ORIENTED_EDGE ( 'NONE', *, *, #2101, .T. ) ;
#2647 = DIRECTION ( 'NONE',  ( 1.203224558914519479E-16, 0.000000000000000000, 1.000000000000000000 ) ) ;
#2648 = EDGE_CURVE ( 'NONE', #1382, #1324, #72, .T. ) ;
#2649 = CARTESIAN_POINT ( 'NONE',  ( 2.359999999999998987, 0.1875000000000000278, -2.096750000000000114 ) ) ;
#2650 = CARTESIAN_POINT ( 'NONE',  ( -1.152249999999999774, 0.3750000000000000555, -3.161249999999999449 ) ) ;
#2651 = LINE ( 'NONE', #1259, #2010 ) ;
#2652 = ORIENTED_EDGE ( 'NONE', *, *, #396, .F. ) ;
#2653 = DIRECTION ( 'NONE',  ( -0.000000000000000000, 1.000000000000000000, -0.000000000000000000 ) ) ;
#2654 = EDGE_CURVE ( 'NONE', #1882, #137, #2174, .T. ) ;
#2655 = ORIENTED_EDGE ( 'NONE', *, *, #580, .T. ) ;
#2656 = LINE ( 'NONE', #1939, #2131 ) ;
#2657 = CARTESIAN_POINT ( 'NONE',  ( -2.359999999999998987, 0.1875000000000000278, -2.546749999999999847 ) ) ;
#2658 = ORIENTED_EDGE ( 'NONE', *, *, #1011, .F. ) ;
#2659 = CARTESIAN_POINT ( 'NONE',  ( -2.068749999999999201, 0.000000000000000000, -2.281749999999999723 ) ) ;
#2660 = DIRECTION ( 'NONE',  ( -0.000000000000000000, 1.000000000000000000, -0.000000000000000000 ) ) ;
#2661 = FACE_OUTER_BOUND ( 'NONE', #24, .T. ) ;
#2662 = DIRECTION ( 'NONE',  ( 0.000000000000000000, 0.000000000000000000, 1.000000000000000000 ) ) ;
#2663 = LINE ( 'NONE', #632, #457 ) ;
#2664 = LINE ( 'NONE', #1096, #1249 ) ;
#2665 = AXIS2_PLACEMENT_3D ( 'NONE', #2777, #330, #2118 ) ;
#2666 = ORIENTED_EDGE ( 'NONE', *, *, #2333, .T. ) ;
#2667 = VERTEX_POINT ( 'NONE', #1612 ) ;
#2668 = VECTOR ( 'NONE', #502, 39.37007874015748143 ) ;
#2669 = DIRECTION ( 'NONE',  ( 0.000000000000000000, -1.000000000000000000, 0.000000000000000000 ) ) ;
#2670 = CARTESIAN_POINT ( 'NONE',  ( -2.359999999999998987, 0.1875000000000000278, -2.203249999999999709 ) ) ;
#2671 = CIRCLE ( 'NONE', #2190, 0.05324999999999956157 ) ;
#2672 = DIRECTION ( 'NONE',  ( -0.000000000000000000, -1.000000000000000000, -0.000000000000000000 ) ) ;
#2673 = DIRECTION ( 'NONE',  ( 1.000000000000000000, 0.000000000000000000, 0.000000000000000000 ) ) ;
#2674 = AXIS2_PLACEMENT_3D ( 'NONE', #360, #2417, #2180 ) ;
#2675 = CARTESIAN_POINT ( 'NONE',  ( 1.859999999999999210, 0.1875000000000000278, -2.546749999999999847 ) ) ;
#2676 = CYLINDRICAL_SURFACE ( 'NONE', #730, 0.05324999999999976974 ) ;
#2677 = CARTESIAN_POINT ( 'NONE',  ( -2.359999999999998987, 0.000000000000000000, 3.599999999999999645 ) ) ;
#2678 = EDGE_CURVE ( 'NONE', #137, #1882, #1344, .T. ) ;
#2679 = ORIENTED_EDGE ( 'NONE', *, *, #987, .F. ) ;
#2680 = ADVANCED_FACE ( 'NONE', ( #1655 ), #98, .F. ) ;
#2681 = ORIENTED_EDGE ( 'NONE', *, *, #2390, .F. ) ;
#2682 = DIRECTION ( 'NONE',  ( 0.000000000000000000, 1.000000000000000000, -0.000000000000000000 ) ) ;
#2683 = CARTESIAN_POINT ( 'NONE',  ( -1.183499999999999996, 0.3750000000000000555, -2.785249999999999559 ) ) ;
#2684 = ORIENTED_EDGE ( 'NONE', *, *, #1338, .F. ) ;
#2685 = AXIS2_PLACEMENT_3D ( 'NONE', #2006, #2285, #1355 ) ;
#2686 = DIRECTION ( 'NONE',  ( 0.000000000000000000, -1.000000000000000000, 0.000000000000000000 ) ) ;
#2687 = LINE ( 'NONE', #1090, #2610 ) ;
#2688 = CARTESIAN_POINT ( 'NONE',  ( -1.859999999999999210, 0.1875000000000000278, -2.599999999999999645 ) ) ;
#2689 = CARTESIAN_POINT ( 'NONE',  ( -1.823499999999999233, 0.000000000000000000, -0.7842500000000001137 ) ) ;
#2690 = EDGE_LOOP ( 'NONE', ( #2442, #45, #1321, #1832 ) ) ;
#2691 = LINE ( 'NONE', #2728, #1728 ) ;
#2692 = CARTESIAN_POINT ( 'NONE',  ( 1.183000000000000496, 0.2975000000000000422, -2.217999999999999972 ) ) ;
#2693 = LINE ( 'NONE', #2472, #2392 ) ;
#2694 = ORIENTED_EDGE ( 'NONE', *, *, #2168, .T. ) ;
#2695 = CARTESIAN_POINT ( 'NONE',  ( -2.359999999999998987, 0.1874999999999999722, 1.099999999999999867 ) ) ;
#2696 = DIRECTION ( 'NONE',  ( -1.000000000000000000, -0.000000000000000000, -0.000000000000000000 ) ) ;
#2697 = EDGE_CURVE ( 'NONE', #1802, #1078, #1568, .T. ) ;
#2698 = PLANE ( 'NONE',  #725 ) ;
#2699 = DIRECTION ( 'NONE',  ( 0.000000000000000000, 0.000000000000000000, 1.000000000000000000 ) ) ;
#2700 = ADVANCED_FACE ( 'NONE', ( #2825 ), #2070, .F. ) ;
#2701 = ADVANCED_FACE ( 'NONE', ( #698 ), #2033, .F. ) ;
#2702 = AXIS2_PLACEMENT_3D ( 'NONE', #896, #2699, #1579 ) ;
#2703 = DIRECTION ( 'NONE',  ( 1.000000000000000000, 0.000000000000000000, 0.000000000000000000 ) ) ;
#2704 = DIRECTION ( 'NONE',  ( 0.000000000000000000, 0.000000000000000000, 1.000000000000000000 ) ) ;
#2705 = AXIS2_PLACEMENT_3D ( 'NONE', #145, #572, #1901 ) ;
#2706 = EDGE_LOOP ( 'NONE', ( #190, #50, #1961, #2306 ) ) ;
#2707 = CARTESIAN_POINT ( 'NONE',  ( -1.574999999999999956, 0.07749999999999999944, -3.068249999999999034 ) ) ;
#2708 = DIRECTION ( 'NONE',  ( -1.000000000000000000, -0.000000000000000000, -0.000000000000000000 ) ) ;
#2709 = ADVANCED_FACE ( 'NONE', ( #2034 ), #590, .F. ) ;
#2710 = CARTESIAN_POINT ( 'NONE',  ( -1.152250000000000218, 0.3750000000000000555, -2.546499999999999542 ) ) ;
#2711 = VERTEX_POINT ( 'NONE', #1701 ) ;
#2712 = AXIS2_PLACEMENT_3D ( 'NONE', #1609, #894, #2471 ) ;
#2713 = VERTEX_POINT ( 'NONE', #2415 ) ;
#2714 = CARTESIAN_POINT ( 'NONE',  ( 1.183000000000000496, 0.2975000000000000422, -2.217999999999999972 ) ) ;
#2715 = CIRCLE ( 'NONE', #867, 0.03125000000000011102 ) ;
#2716 = CARTESIAN_POINT ( 'NONE',  ( 0.9630000000000005222, 0.2975000000000000422, 3.599999999999999645 ) ) ;
#2717 = ORIENTED_EDGE ( 'NONE', *, *, #908, .F. ) ;
#2718 = CIRCLE ( 'NONE', #2424, 0.05324999999999990158 ) ;
#2719 = DIRECTION ( 'NONE',  ( 0.000000000000000000, 0.000000000000000000, 1.000000000000000000 ) ) ;
#2720 = VECTOR ( 'NONE', #1361, 39.37007874015748143 ) ;
#2721 = EDGE_CURVE ( 'NONE', #2494, #1174, #628, .T. ) ;
#2722 = VERTEX_POINT ( 'NONE', #226 ) ;
#2723 = VECTOR ( 'NONE', #1496, 39.37007874015748143 ) ;
#2724 = DIRECTION ( 'NONE',  ( 1.000000000000000000, -0.000000000000000000, 0.000000000000000000 ) ) ;
#2725 = ADVANCED_FACE ( 'NONE', ( #1667 ), #2072, .F. ) ;
#2726 = CIRCLE ( 'NONE', #1455, 0.03124999999999983694 ) ;
#2727 = ORIENTED_EDGE ( 'NONE', *, *, #2872, .F. ) ;
#2728 = CARTESIAN_POINT ( 'NONE',  ( 1.183500000000000218, 0.3750000000000000555, -3.161249999999999893 ) ) ;
#2729 = FACE_OUTER_BOUND ( 'NONE', #2605, .T. ) ;
#2730 = AXIS2_PLACEMENT_3D ( 'NONE', #1273, #1493, #2132 ) ;
#2731 = LINE ( 'NONE', #694, #2608 ) ;
#2732 = EDGE_LOOP ( 'NONE', ( #528, #1003, #2113, #246 ) ) ;
#2733 = CARTESIAN_POINT ( 'NONE',  ( 1.961750000000000993, 0.3750000000000001110, 3.249500000000000277 ) ) ;
#2734 = CARTESIAN_POINT ( 'NONE',  ( -1.152250000000000218, 0.3750000000000000555, -2.546499999999999542 ) ) ;
#2735 = ORIENTED_EDGE ( 'NONE', *, *, #2894, .F. ) ;
#2736 = DIRECTION ( 'NONE',  ( -1.000000000000000000, 0.000000000000000000, 0.000000000000000000 ) ) ;
#2737 = DIRECTION ( 'NONE',  ( 0.000000000000000000, 0.000000000000000000, -1.000000000000000000 ) ) ;
#2738 = DIRECTION ( 'NONE',  ( -0.000000000000000000, -1.000000000000000000, -0.000000000000000000 ) ) ;
#2739 = ADVANCED_FACE ( 'NONE', ( #364 ), #2562, .F. ) ;
#2740 = ADVANCED_FACE ( 'NONE', ( #2873 ), #2008, .F. ) ;
#2741 = EDGE_LOOP ( 'NONE', ( #38, #767, #1528, #925 ) ) ;
#2742 = FACE_OUTER_BOUND ( 'NONE', #488, .T. ) ;
#2743 = CARTESIAN_POINT ( 'NONE',  ( -1.152249999999999330, 0.3750000000000000555, -3.129999999999999449 ) ) ;
#2744 = LINE ( 'NONE', #263, #2253 ) ;
#2745 = CYLINDRICAL_SURFACE ( 'NONE', #2237, 0.03124999999999997571 ) ;
#2746 = DIRECTION ( 'NONE',  ( -0.000000000000000000, 1.000000000000000000, -0.000000000000000000 ) ) ;
#2747 = ORIENTED_EDGE ( 'NONE', *, *, #2160, .F. ) ;
#2748 = ADVANCED_FACE ( 'NONE', ( #2440 ), #1575, .T. ) ;
#2749 = CARTESIAN_POINT ( 'NONE',  ( -1.823499999999999233, 0.3750000000000000555, -0.7842500000000001137 ) ) ;
#2750 = CYLINDRICAL_SURFACE ( 'NONE', #2904, 0.09499999999999939049 ) ;
#2751 = VERTEX_POINT ( 'NONE', #1586 ) ;
#2752 = ORIENTED_EDGE ( 'NONE', *, *, #2112, .F. ) ;
#2753 = CARTESIAN_POINT ( 'NONE',  ( -1.823499999999999233, 0.3750000000000000555, -0.7842500000000001137 ) ) ;
#2754 = LINE ( 'NONE', #74, #257 ) ;
#2755 = CARTESIAN_POINT ( 'NONE',  ( 2.359999999999998987, 0.1875000000000000278, 0.6499999999999999112 ) ) ;
#2756 = ORIENTED_EDGE ( 'NONE', *, *, #2841, .T. ) ;
#2757 = VECTOR ( 'NONE', #1943, 39.37007874015748143 ) ;
#2758 = VECTOR ( 'NONE', #2075, 39.37007874015748143 ) ;
#2759 = CARTESIAN_POINT ( 'NONE',  ( -1.854749999999999455, 0.3750000000000000555, -2.312999999999999723 ) ) ;
#2760 = AXIS2_PLACEMENT_3D ( 'NONE', #1689, #2586, #132 ) ;
#2761 = VERTEX_POINT ( 'NONE', #1562 ) ;
#2762 = CIRCLE ( 'NONE', #411, 0.03124999999999997571 ) ;
#2763 = CARTESIAN_POINT ( 'NONE',  ( 1.823500000000001009, 0.000000000000000000, -0.7842500000000001137 ) ) ;
#2764 = CARTESIAN_POINT ( 'NONE',  ( 2.100000000000000977, 0.000000000000000000, -0.7842500000000001137 ) ) ;
#2765 = CARTESIAN_POINT ( 'NONE',  ( -1.574999999999999956, 0.07749999999999999944, -2.389749999999999819 ) ) ;
#2766 = CARTESIAN_POINT ( 'NONE',  ( 2.068750000000000533, 0.000000000000000000, -0.7842499999999998916 ) ) ;
#2767 = DIRECTION ( 'NONE',  ( 0.000000000000000000, 0.000000000000000000, 1.000000000000000000 ) ) ;
#2768 = STYLED_ITEM ( 'NONE', ( #791 ), #2490 ) ;
#2769 = EDGE_CURVE ( 'NONE', #1757, #1551, #1535, .T. ) ;
#2770 = ORIENTED_EDGE ( 'NONE', *, *, #1217, .F. ) ;
#2771 = FACE_OUTER_BOUND ( 'NONE', #540, .T. ) ;
#2772 = CARTESIAN_POINT ( 'NONE',  ( -2.068749999999999201, 0.3750000000000000555, -0.7529999999999998916 ) ) ;
#2773 = ORIENTED_EDGE ( 'NONE', *, *, #389, .T. ) ;
#2774 = ADVANCED_FACE ( 'NONE', ( #2455, #1335, #1750, #617, #2228, #204, #1784 ), #647, .F. ) ;
#2775 = DIRECTION ( 'NONE',  ( -1.000000000000000000, -0.000000000000000000, -0.000000000000000000 ) ) ;
#2776 = ORIENTED_EDGE ( 'NONE', *, *, #2263, .F. ) ;
#2777 = CARTESIAN_POINT ( 'NONE',  ( -1.574999999999999956, 0.000000000000000000, -2.389749999999999819 ) ) ;
#2778 = DIRECTION ( 'NONE',  ( 0.000000000000000000, 0.000000000000000000, -1.000000000000000000 ) ) ;
#2779 = EDGE_CURVE ( 'NONE', #869, #611, #1820, .T. ) ;
#2780 = CARTESIAN_POINT ( 'NONE',  ( 1.859999999999999210, 0.1875000000000000278, 0.7032499999999998197 ) ) ;
#2781 = CARTESIAN_POINT ( 'NONE',  ( 2.359999999999998987, 0.1874999999999999722, 1.046750000000000069 ) ) ;
#2782 = EDGE_LOOP ( 'NONE', ( #1149, #1702 ) ) ;
#2783 = ORIENTED_EDGE ( 'NONE', *, *, #1909, .T. ) ;
#2784 = ADVANCED_FACE ( 'NONE', ( #33 ), #1623, .F. ) ;
#2785 = FACE_OUTER_BOUND ( 'NONE', #434, .T. ) ;
#2786 = ORIENTED_EDGE ( 'NONE', *, *, #1654, .F. ) ;
#2787 = CARTESIAN_POINT ( 'NONE',  ( 1.859999999999999210, 0.1875000000000000278, -2.653249999999999442 ) ) ;
#2788 = EDGE_CURVE ( 'NONE', #1309, #1975, #1767, .T. ) ;
#2789 = VERTEX_POINT ( 'NONE', #2543 ) ;
#2790 = FACE_OUTER_BOUND ( 'NONE', #1264, .T. ) ;
#2791 =( LENGTH_UNIT ( ) NAMED_UNIT ( * ) SI_UNIT ( $, .METRE. ) );
#2792 = EDGE_CURVE ( 'NONE', #1583, #1725, #2259, .T. ) ;
#2793 = CARTESIAN_POINT ( 'NONE',  ( 1.823500000000001009, 0.3750000000000000555, -2.281749999999999723 ) ) ;
#2794 = ORIENTED_EDGE ( 'NONE', *, *, #97, .T. ) ;
#2795 =( GEOMETRIC_REPRESENTATION_CONTEXT ( 3 ) GLOBAL_UNCERTAINTY_ASSIGNED_CONTEXT ( ( #847 ) ) GLOBAL_UNIT_ASSIGNED_CONTEXT ( ( #105, #1045, #1919 ) ) REPRESENTATION_CONTEXT ( 'NONE', 'WORKASPACE' ) );
#2796 = ORIENTED_EDGE ( 'NONE', *, *, #412, .T. ) ;
#2797 = DIRECTION ( 'NONE',  ( -1.000000000000000000, -0.000000000000000000, -0.000000000000000000 ) ) ;
#2798 = AXIS2_PLACEMENT_3D ( 'NONE', #233, #1124, #2018 ) ;
#2799 = VERTEX_POINT ( 'NONE', #1137 ) ;
#2800 = EDGE_CURVE ( 'NONE', #1384, #2209, #2731, .T. ) ;
#2801 = DIRECTION ( 'NONE',  ( 0.000000000000000000, 0.000000000000000000, -1.000000000000000000 ) ) ;
#2802 = LENGTH_MEASURE_WITH_UNIT ( LENGTH_MEASURE( 0.02539999999999999897 ), #2791 );
#2803 = EDGE_CURVE ( 'NONE', #1472, #109, #2754, .T. ) ;
#2804 = AXIS2_PLACEMENT_3D ( 'NONE', #469, #1131, #2460 ) ;
#2805 = EDGE_CURVE ( 'NONE', #78, #231, #277, .T. ) ;
#2806 = VECTOR ( 'NONE', #1965, 39.37007874015748143 ) ;
#2807 = CARTESIAN_POINT ( 'NONE',  ( 1.961750000000000993, 0.3750000000000001110, 3.450499999999999901 ) ) ;
#2808 = ORIENTED_EDGE ( 'NONE', *, *, #1119, .F. ) ;
#2809 = AXIS2_PLACEMENT_3D ( 'NONE', #988, #115, #1889 ) ;
#2810 = CARTESIAN_POINT ( 'NONE',  ( 1.152249999999999996, 0.3750000000000000555, -3.399999999999999911 ) ) ;
#2811 = ORIENTED_EDGE ( 'NONE', *, *, #2250, .T. ) ;
#2812 = DIRECTION ( 'NONE',  ( 0.000000000000000000, 0.000000000000000000, 1.000000000000000000 ) ) ;
#2813 = EDGE_LOOP ( 'NONE', ( #1610, #876 ) ) ;
#2814 = DIRECTION ( 'NONE',  ( 0.000000000000000000, 0.000000000000000000, -1.000000000000000000 ) ) ;
#2815 = LINE ( 'NONE', #2107, #486 ) ;
#2816 = ADVANCED_FACE ( 'NONE', ( #748 ), #1836, .F. ) ;
#2817 = DIRECTION ( 'NONE',  ( 0.000000000000000000, 0.000000000000000000, -1.000000000000000000 ) ) ;
#2818 = CARTESIAN_POINT ( 'NONE',  ( -1.152249999999999330, 0.3750000000000000555, -3.399999999999999911 ) ) ;
#2819 = CARTESIAN_POINT ( 'NONE',  ( -0.9629999999999995230, 0.2975000000000000422, -2.217999999999999972 ) ) ;
#2820 = CARTESIAN_POINT ( 'NONE',  ( -1.961749999999999439, 0.000000000000000000, 3.249500000000000277 ) ) ;
#2821 = SURFACE_STYLE_USAGE ( .BOTH. , #1908 ) ;
#2822 = ORIENTED_EDGE ( 'NONE', *, *, #438, .F. ) ;
#2823 = DIRECTION ( 'NONE',  ( -0.000000000000000000, -0.000000000000000000, 1.000000000000000000 ) ) ;
#2824 = ORIENTED_EDGE ( 'NONE', *, *, #854, .T. ) ;
#2825 = FACE_OUTER_BOUND ( 'NONE', #1893, .T. ) ;
#2826 = ADVANCED_FACE ( 'NONE', ( #1646 ), #1196, .F. ) ;
#2827 = DIRECTION ( 'NONE',  ( 1.000000000000000000, -0.000000000000000000, -0.000000000000000000 ) ) ;
#2828 = ORIENTED_EDGE ( 'NONE', *, *, #1955, .T. ) ;
#2829 = CARTESIAN_POINT ( 'NONE',  ( 2.359999999999998987, 0.1875000000000000278, -2.653249999999999442 ) ) ;
#2830 = LINE ( 'NONE', #1944, #2176 ) ;
#2831 = LINE ( 'NONE', #2870, #1638 ) ;
#2832 = LINE ( 'NONE', #2677, #1881 ) ;
#2833 = CARTESIAN_POINT ( 'NONE',  ( 1.859999999999999210, 0.1874999999999999722, 1.046750000000000069 ) ) ;
#2834 = VERTEX_POINT ( 'NONE', #1387 ) ;
#2835 = ADVANCED_FACE ( 'NONE', ( #2052 ), #974, .T. ) ;
#2836 = DIRECTION ( 'NONE',  ( 0.000000000000000000, 0.000000000000000000, 1.000000000000000000 ) ) ;
#2837 = DIRECTION ( 'NONE',  ( -0.000000000000000000, -1.000000000000000000, -0.000000000000000000 ) ) ;
#2838 = EDGE_CURVE ( 'NONE', #1968, #1898, #2273, .T. ) ;
#2839 = AXIS2_PLACEMENT_3D ( 'NONE', #903, #887, #234 ) ;
#2840 = ORIENTED_EDGE ( 'NONE', *, *, #1871, .F. ) ;
#2841 = EDGE_CURVE ( 'NONE', #1368, #2169, #1712, .T. ) ;
#2842 = CIRCLE ( 'NONE', #1945, 0.03124999999999983694 ) ;
#2843 = FACE_OUTER_BOUND ( 'NONE', #569, .T. ) ;
#2844 = ORIENTED_EDGE ( 'NONE', *, *, #1247, .T. ) ;
#2845 = LINE ( 'NONE', #2867, #919 ) ;
#2846 = AXIS2_PLACEMENT_3D ( 'NONE', #612, #2595, #2434 ) ;
#2847 = CARTESIAN_POINT ( 'NONE',  ( -2.099999999999999201, 0.1875000000000000278, -2.096750000000000114 ) ) ;
#2848 = FACE_BOUND ( 'NONE', #2782, .T. ) ;
#2849 = CIRCLE ( 'NONE', #312, 0.1004999999999996452 ) ;
#2850 = DIRECTION ( 'NONE',  ( 0.000000000000000000, 0.000000000000000000, 1.000000000000000000 ) ) ;
#2851 = CARTESIAN_POINT ( 'NONE',  ( 2.359999999999998987, 0.1874999999999999722, 1.153249999999999442 ) ) ;
#2852 = LINE ( 'NONE', #826, #2525 ) ;
#2853 = CONICAL_SURFACE ( 'NONE', #2093, 0.05324999999999990158, 1.029744258676650759 ) ;
#2854 = CARTESIAN_POINT ( 'NONE',  ( -2.359999999999998987, 0.3750000000000000555, -3.599999999999999645 ) ) ;
#2855 = ORIENTED_EDGE ( 'NONE', *, *, #2160, .T. ) ;
#2856 = ORIENTED_EDGE ( 'NONE', *, *, #1654, .T. ) ;
#2857 = AXIS2_PLACEMENT_3D ( 'NONE', #2640, #2153, #1722 ) ;
#2858 = EDGE_CURVE ( 'NONE', #2711, #1380, #2891, .T. ) ;
#2859 = CARTESIAN_POINT ( 'NONE',  ( 2.360000000000000764, 0.000000000000000000, -3.599999999999999645 ) ) ;
#2860 = DIRECTION ( 'NONE',  ( -0.000000000000000000, -0.000000000000000000, 1.000000000000000000 ) ) ;
#2861 = ADVANCED_FACE ( 'NONE', ( #997 ), #799, .T. ) ;
#2862 = VECTOR ( 'NONE', #2860, 39.37007874015748143 ) ;
#2863 = EDGE_CURVE ( 'NONE', #365, #1776, #2830, .T. ) ;
#2864 = CARTESIAN_POINT ( 'NONE',  ( 1.152249999999999552, 0.000000000000000000, -2.816500000000000004 ) ) ;
#2865 = ORIENTED_EDGE ( 'NONE', *, *, #1478, .F. ) ;
#2866 = VERTEX_POINT ( 'NONE', #2847 ) ;
#2867 = CARTESIAN_POINT ( 'NONE',  ( 1.183499999999999774, 0.3750000000000000555, -2.577749999999999542 ) ) ;
#2868 = CARTESIAN_POINT ( 'NONE',  ( 1.574999999999999956, 0.000000000000000000, -3.068249999999999034 ) ) ;
#2869 = EDGE_LOOP ( 'NONE', ( #2475, #2102, #2313, #2575 ) ) ;
#2870 = CARTESIAN_POINT ( 'NONE',  ( -1.182999999999998941, 0.2975000000000000422, 3.600000000000000533 ) ) ;
#2871 = FACE_OUTER_BOUND ( 'NONE', #472, .T. ) ;
#2872 = EDGE_CURVE ( 'NONE', #1472, #150, #164, .T. ) ;
#2873 = FACE_OUTER_BOUND ( 'NONE', #1653, .T. ) ;
#2874 = PLANE ( 'NONE',  #415 ) ;
#2875 = ORIENTED_EDGE ( 'NONE', *, *, #1073, .F. ) ;
#2876 = VERTEX_POINT ( 'NONE', #819 ) ;
#2877 = EDGE_LOOP ( 'NONE', ( #862, #1081, #2538, #258, #699, #680, #2215, #1397 ) ) ;
#2878 = CARTESIAN_POINT ( 'NONE',  ( 2.359999999999998987, 0.1875000000000000278, -2.546749999999999847 ) ) ;
#2879 = CARTESIAN_POINT ( 'NONE',  ( 1.823500000000001009, 0.3750000000000000555, -0.7842500000000001137 ) ) ;
#2880 = ORIENTED_EDGE ( 'NONE', *, *, #2616, .T. ) ;
#2881 = DIRECTION ( 'NONE',  ( -0.000000000000000000, -1.000000000000000000, -0.000000000000000000 ) ) ;
#2882 = DIRECTION ( 'NONE',  ( -1.000000000000000000, -0.000000000000000000, -0.000000000000000000 ) ) ;
#2883 = DIRECTION ( 'NONE',  ( 0.000000000000000000, 0.000000000000000000, 1.000000000000000000 ) ) ;
#2884 = ORIENTED_EDGE ( 'NONE', *, *, #1688, .F. ) ;
#2885 = ORIENTED_EDGE ( 'NONE', *, *, #122, .T. ) ;
#2886 = CARTESIAN_POINT ( 'NONE',  ( -1.859999999999999210, 0.1875000000000000278, 0.7032499999999998197 ) ) ;
#2887 = ORIENTED_EDGE ( 'NONE', *, *, #66, .F. ) ;
#2888 = CARTESIAN_POINT ( 'NONE',  ( 1.574999999999999956, 0.07749999999999999944, -2.389749999999999819 ) ) ;
#2889 = CARTESIAN_POINT ( 'NONE',  ( 1.574999999999999956, 0.07749999999999999944, -2.973249999999999726 ) ) ;
#2890 = PLANE ( 'NONE',  #254 ) ;
#2891 = CIRCLE ( 'NONE', #2705, 0.03124999999999997571 ) ;
#2892 = ORIENTED_EDGE ( 'NONE', *, *, #1051, .T. ) ;
#2893 = CARTESIAN_POINT ( 'NONE',  ( -2.359999999999998987, 0.3750000000000000555, 3.599999999999999645 ) ) ;
#2894 = EDGE_CURVE ( 'NONE', #1914, #167, #2815, .T. ) ;
#2895 = ORIENTED_EDGE ( 'NONE', *, *, #898, .F. ) ;
#2896 = ORIENTED_EDGE ( 'NONE', *, *, #1987, .T. ) ;
#2898 = CIRCLE ( 'NONE', #351, 0.1099999999999999173 ) ;
#2897 = FACE_OUTER_BOUND ( 'NONE', #221, .T. ) ;
#2899 = DIRECTION ( 'NONE',  ( 1.203224558914519479E-16, 0.000000000000000000, 1.000000000000000000 ) ) ;
#2900 = CIRCLE ( 'NONE', #1240, 0.03125000000000011102 ) ;
#2901 = EDGE_LOOP ( 'NONE', ( #1341, #107, #670, #1101 ) ) ;
#2902 = ADVANCED_FACE ( 'NONE', ( #2569 ), #547, .F. ) ;
#2903 = ORIENTED_EDGE ( 'NONE', *, *, #937, .F. ) ;
#2904 = AXIS2_PLACEMENT_3D ( 'NONE', #2537, #296, #1469 ) ;
#2905 = DIRECTION ( 'NONE',  ( -0.000000000000000000, -1.000000000000000000, -0.000000000000000000 ) ) ;
#2906 = VERTEX_POINT ( 'NONE', #1269 ) ;
#2907 = VECTOR ( 'NONE', #2058, 39.37007874015748143 ) ;
#2908 = FACE_OUTER_BOUND ( 'NONE', #577, .T. ) ;
#2909 = LINE ( 'NONE', #883, #667 ) ;
#2910 = CIRCLE ( 'NONE', #318, 0.1004999999999996452 ) ;
#2911 = CARTESIAN_POINT ( 'NONE',  ( 1.152249999999999552, 0.3750000000000000555, -2.816500000000000004 ) ) ;
ENDSEC;
END-ISO-10303-21;
