ISO-10303-21;
HEADER;
FILE_DESCRIPTION (( 'STEP AP214' ),
    '1' );
FILE_NAME ('ND_Shear_Assembly.STEP',
    '2026-02-20T19:34:31',
    ( '' ),
    ( '' ),
    'SwSTEP 2.0',
    'SolidWorks 2025',
    '' );
FILE_SCHEMA (( 'AUTOMOTIVE_DESIGN' ));
ENDSEC;

DATA;
#1 = PROPERTY_DEFINITION_REPRESENTATION ( #1407, #274 ) ;
#2 =( REPRESENTATION_RELATIONSHIP ('NONE','NONE', #655, #579 ) REPRESENTATION_RELATIONSHIP_WITH_TRANSFORMATION ( #938 )SHAPE_REPRESENTATION_RELATIONSHIP( ) );
#3 =( CONVERSION_BASED_UNIT ( 'INCH', #1873 ) LENGTH_UNIT ( ) NAMED_UNIT ( #527 ) );
#4 = DIRECTION ( 'NONE',  ( 1.000000000000000000, 0.000000000000000000, 0.000000000000000000 ) ) ;
#5 = EXTERNAL_SOURCE (IDENTIFIER('') ) ;
#6 = PROPERTY_DEFINITION ('document property','', #433 ) ;
#7 = PRODUCT ( 'Spacer, large', 'Spacer, large', '', ( #2034 ) ) ;
#8 = APPLIED_DOCUMENT_REFERENCE ( #788,'',( #877) ) ;
#9 = DIRECTION ( 'NONE',  ( 2.476232025351456109E-16, 0.9242245927363036406, 0.3818493186865910549 ) ) ;
#10 = PRODUCT_DEFINITION_SHAPE ( 'NONE', 'NONE',  #2044 ) ;
#11 =( NAMED_UNIT ( * ) PLANE_ANGLE_UNIT ( ) SI_UNIT ( $, .RADIAN. ) );
#12 = DOCUMENT_FILE ( '90499A029_High-Strength Steel Hex Nut_90499A029.STEP' , '', '', #1456, '' ,$ ) ;
#13 = DOCUMENT_TYPE ( 'geometry' ) ;
#14 = CARTESIAN_POINT ( 'NONE',  ( 27.14444606681494321, 36.74809852203637206, 49.03179403763665789 ) ) ;
#15 = OBJECT_ROLE ('mandatory',$ ) ;
#16 = DOCUMENT_FILE ( 'Gantry Block.STEP' , '', '', #2015, '' ,$ ) ;
#17 = DIRECTION ( 'NONE',  ( 0.000000000000000000, 0.000000000000000000, 1.000000000000000000 ) ) ;
#18 = SHAPE_REPRESENTATION ( 'Spacer, large', ( #353 ), #892 ) ;
#19 = PRODUCT_DEFINITION_SHAPE ( 'NONE', 'NONE',  #2086 ) ;
#20 = PRODUCT ( 'Upper retainer', 'Upper retainer', '', ( #416 ) ) ;
#21 =( GEOMETRIC_REPRESENTATION_CONTEXT ( 3 ) GLOBAL_UNCERTAINTY_ASSIGNED_CONTEXT ( ( #826 ) ) GLOBAL_UNIT_ASSIGNED_CONTEXT ( ( #2018, #753, #562 ) ) REPRESENTATION_CONTEXT ( 'NONE', 'WORKASPACE' ) );
#22 = DIMENSIONAL_EXPONENTS ( 1.000000000000000000, 0.000000000000000000, 0.000000000000000000, 0.000000000000000000, 0.000000000000000000, 0.000000000000000000, 0.000000000000000000 ) ;
#23 = APPLICATION_CONTEXT ( 'automotive_design' ) ;
#24 = PROPERTY_DEFINITION ('external definition','', #12 ) ;
#25 = CARTESIAN_POINT ( 'NONE',  ( 27.83194606681493966, 35.69822352203637195, 49.45679403763665505 ) ) ;
#26 = PROPERTY_DEFINITION_REPRESENTATION ( #418, #1814 ) ;
#27 = OBJECT_ROLE ('mandatory',$ ) ;
#28 =( CONVERSION_BASED_UNIT ( 'INCH', #548 ) LENGTH_UNIT ( ) NAMED_UNIT ( #362 ) );
#29 = AXIS2_PLACEMENT_3D ( 'NONE', #1151, #1796, #1112 ) ;
#30 = DIRECTION ( 'NONE',  ( 0.000000000000000000, 1.000000000000000000, 1.942647462161263942E-14 ) ) ;
#31 = PROPERTY_DEFINITION ('document property','', #111 ) ;
#32 = APPLICATION_CONTEXT ( 'automotive_design' ) ;
#33 = ROLE_ASSOCIATION ( #286, #1939 ) ;
#34 = APPLIED_EXTERNAL_IDENTIFICATION_ASSIGNMENT ( 'Spacer, large.STEP' , #1101, #995,( #624) ) ;
#35 = PRODUCT_DEFINITION ( 'General', '', #1923, #1977 ) ;
#36 = CONTEXT_DEPENDENT_SHAPE_REPRESENTATION ( #824, #570 ) ;
#37 = DIRECTION ( 'NONE',  ( 0.000000000000000000, 0.9999999999999996669, 0.000000000000000000 ) ) ;
#38 = APPLICATION_CONTEXT ( 'automotive_design' ) ;
#39 = SHAPE_DEFINITION_REPRESENTATION ( #609, #590 ) ;
#40 = IDENTIFICATION_ROLE ( 'external document id and location', $) ;
#41 = CONTEXT_DEPENDENT_SHAPE_REPRESENTATION ( #547, #1522 ) ;
#42 = PROPERTY_DEFINITION ('external definition','', #370 ) ;
#43 = IDENTIFICATION_ROLE ( 'external document id and location', $) ;
#44 = PROPERTY_DEFINITION ('document property','', #902 ) ;
#45 =( LENGTH_UNIT ( ) NAMED_UNIT ( * ) SI_UNIT ( $, .METRE. ) );
#46 = PRODUCT_DEFINITION_CONTEXT ( 'detailed design', #1946, 'design' ) ;
#47 = APPLICATION_PROTOCOL_DEFINITION ( 'draft international standard', 'automotive_design', 1998, #541 ) ;
#48 = IDENTIFICATION_ROLE ( 'external document id and location', $) ;
#49 = DOCUMENT_TYPE ( 'geometry' ) ;
#50 = CARTESIAN_POINT ( 'NONE',  ( 27.14444606681494321, 35.69822352203637195, 50.05679403763666357 ) ) ;
#51 = DIRECTION ( 'NONE',  ( 1.000000000000000000, 0.000000000000000000, 0.000000000000000000 ) ) ;
#52 =( GEOMETRIC_REPRESENTATION_CONTEXT ( 3 ) GLOBAL_UNCERTAINTY_ASSIGNED_CONTEXT ( ( #1671 ) ) GLOBAL_UNIT_ASSIGNED_CONTEXT ( ( #1147, #1792, #333 ) ) REPRESENTATION_CONTEXT ( 'NONE', 'WORKASPACE' ) );
#53 = DIRECTION ( 'NONE',  ( 1.000000000000000000, 0.000000000000000000, 0.000000000000000000 ) ) ;
#54 = PRODUCT_DEFINITION ( 'General', '', #321, #412 ) ;
#55 = AXIS2_PLACEMENT_3D ( 'NONE', #1195, #175, #825 ) ;
#56 = PROPERTY_DEFINITION ('external definition','', #118 ) ;
#57 = APPLIED_DOCUMENT_REFERENCE ( #1038,'',( #956) ) ;
#58 = PRODUCT_DEFINITION_FORMATION_WITH_SPECIFIED_SOURCE ( 'Symmetric', '', #1236, .NOT_KNOWN. ) ;
#59 = APPLIED_DOCUMENT_REFERENCE ( #557,'',( #1815) ) ;
#60 = APPLIED_EXTERNAL_IDENTIFICATION_ASSIGNMENT ( '92185A214_Super-Corrosion-Resistant 316 Stainless Steel Socket Head Screw_92185A214.STEP' , #987, #660,( #1480) ) ;
#61 = PRODUCT_DEFINITION_SHAPE ( 'NONE', 'NONE',  #2080 ) ;
#62 = DIRECTION ( 'NONE',  ( -1.540743955509788682E-32, 1.000000000000000000, -1.365923996832131363E-16 ) ) ;
#63 =( NAMED_UNIT ( * ) SI_UNIT ( $, .STERADIAN. ) SOLID_ANGLE_UNIT ( ) );
#64 = IDENTIFICATION_ROLE ( 'external document id and location', $) ;
#65 = AXIS2_PLACEMENT_3D ( 'NONE', #1802, #1273, #349 ) ;
#66 = DIRECTION ( 'NONE',  ( 0.000000000000000000, -1.000000000000000000, 0.000000000000000000 ) ) ;
#67 = UNCERTAINTY_MEASURE_WITH_UNIT (LENGTH_MEASURE( 1.000000000000000082E-05 ), #414, 'distance_accuracy_value', 'NONE');
#68 = IDENTIFICATION_ROLE ( 'external document id and location', $) ;
#69 = APPLICATION_PROTOCOL_DEFINITION ( 'draft international standard', 'automotive_design', 1998, #1410 ) ;
#70 = OBJECT_ROLE ('mandatory',$ ) ;
#71 = APPLIED_DOCUMENT_REFERENCE ( #1529,'',( #469) ) ;
#72 = PROPERTY_DEFINITION_REPRESENTATION ( #1889, #453 ) ;
#73 = APPLICATION_CONTEXT ( 'automotive_design' ) ;
#74 = DIRECTION ( 'NONE',  ( -7.341201819356040102E-33, 1.000000000000000000, -2.661270499625025679E-16 ) ) ;
#75 = IDENTIFICATION_ROLE ( 'external document id and location', $) ;
#76 = SHAPE_DEFINITION_REPRESENTATION ( #165, #372 ) ;
#77 = APPLIED_DOCUMENT_REFERENCE ( #214,'',( #1280) ) ;
#78 =( LENGTH_UNIT ( ) NAMED_UNIT ( * ) SI_UNIT ( $, .METRE. ) );
#79 = OBJECT_ROLE ('mandatory',$ ) ;
#80 = PROPERTY_DEFINITION ('document property','', #1974 ) ;
#81 = CARTESIAN_POINT ( 'NONE',  ( 28.42744430688574298, 37.17621112476437162, 55.98871315740541377 ) ) ;
#82 = APPLIED_EXTERNAL_IDENTIFICATION_ASSIGNMENT ( '91772A146_Passivated 18-8 Stainless Steel Pan Head Phillips Screw_91772A146.STEP' , #693, #1269,( #856) ) ;
#83 =( NAMED_UNIT ( * ) PLANE_ANGLE_UNIT ( ) SI_UNIT ( $, .RADIAN. ) );
#84 = APPLICATION_PROTOCOL_DEFINITION ( 'draft international standard', 'automotive_design', 1998, #1498 ) ;
#85 =( GEOMETRIC_REPRESENTATION_CONTEXT ( 3 ) GLOBAL_UNCERTAINTY_ASSIGNED_CONTEXT ( ( #67 ) ) GLOBAL_UNIT_ASSIGNED_CONTEXT ( ( #414, #83, #746 ) ) REPRESENTATION_CONTEXT ( 'NONE', 'WORKASPACE' ) );
#86 =( REPRESENTATION_RELATIONSHIP ('NONE','NONE', #655, #1157 ) REPRESENTATION_RELATIONSHIP_WITH_TRANSFORMATION ( #178 )SHAPE_REPRESENTATION_RELATIONSHIP( ) );
#87 =( GEOMETRIC_REPRESENTATION_CONTEXT ( 3 ) GLOBAL_UNCERTAINTY_ASSIGNED_CONTEXT ( ( #1420 ) ) GLOBAL_UNIT_ASSIGNED_CONTEXT ( ( #774, #1929, #307 ) ) REPRESENTATION_CONTEXT ( 'NONE', 'WORKASPACE' ) );
#88 = DOCUMENT_FILE ( '92185A544_Super-Corrosion-Resistant 316 Stainless Steel Socket Head Screw_92185A544.STEP' , '', '', #1399, '' ,$ ) ;
#89 = AXIS2_PLACEMENT_3D ( 'NONE', #1866, #1713, #2016 ) ;
#90 = DOCUMENT_TYPE ( 'geometry' ) ;
#91 = CARTESIAN_POINT ( 'NONE',  ( 29.48744430688575235, 36.74809852203637206, 56.56179403763664482 ) ) ;
#92 =( CONVERSION_BASED_UNIT ( 'INCH', #1709 ) LENGTH_UNIT ( ) NAMED_UNIT ( #2007 ) );
#93 = PROPERTY_DEFINITION ('external definition','', #1381 ) ;
#94 = AXIS2_PLACEMENT_3D ( 'NONE', #339, #1282, #144 ) ;
#95 = PRODUCT_DEFINITION ( 'General', '', #804, #1715 ) ;
#96 = PRODUCT_DEFINITION_FORMATION_WITH_SPECIFIED_SOURCE ( 'Symmetric', '', #859, .NOT_KNOWN. ) ;
#97 = DIRECTION ( 'NONE',  ( 0.9237280213470682178, 1.019397025069322904E-16, 0.3830490080632376060 ) ) ;
#98 = PROPERTY_DEFINITION_REPRESENTATION ( #1045, #1449 ) ;
#99 = APPLICATION_PROTOCOL_DEFINITION ( 'draft international standard', 'automotive_design', 1998, #1628 ) ;
#100 = PROPERTY_DEFINITION_REPRESENTATION ( #44, #2038 ) ;
#101 = PRODUCT_DEFINITION_SHAPE ( 'NONE', 'NONE',  #717 ) ;
#102 = APPLIED_DOCUMENT_REFERENCE ( #264,'',( #1437) ) ;
#103 = IDENTIFICATION_ROLE ( 'external document id and location', $) ;
#104 = CARTESIAN_POINT ( 'NONE',  ( 27.14444606681482597, 36.78084852203636501, 50.05679403763666357 ) ) ;
#105 = IDENTIFICATION_ROLE ( 'external document id and location', $) ;
#106 = PRODUCT_CONTEXT ( 'NONE', #406, 'mechanical' ) ;
#107 = PROPERTY_DEFINITION ('external definition','', #557 ) ;
#108 = ITEM_DEFINED_TRANSFORMATION ( 'NONE', 'NONE', #1073,  #215 ) ;
#109 = DOCUMENT_FILE ( '92185A214_Super-Corrosion-Resistant 316 Stainless Steel Socket Head Screw_92185A214.STEP' , '', '', #1029, '' ,$ ) ;
#110 = IDENTIFICATION_ROLE ( 'external document id and location', $) ;
#111 = DOCUMENT_FILE ( '92196A544_18-8 Stainless Steel Socket Head Screw_92196A544.STEP' , '', '', #1184, '' ,$ ) ;
#112 = PRODUCT_DEFINITION_SHAPE ( 'NONE', 'NONE',  #336 ) ;
#113 = APPLICATION_PROTOCOL_DEFINITION ( 'draft international standard', 'automotive_design', 1998, #243 ) ;
#114 = DOCUMENT_TYPE ( 'geometry' ) ;
#115 = APPLIED_DOCUMENT_REFERENCE ( #250,'',( #1328) ) ;
#116 = CONTEXT_DEPENDENT_SHAPE_REPRESENTATION ( #1441, #266 ) ;
#117 = AXIS2_PLACEMENT_3D ( 'NONE', #642, #17, #1497 ) ;
#118 = DOCUMENT_FILE ( 'Outer gantry bracket, upper.STEP' , '', '', #1383, '' ,$ ) ;
#119 =( GEOMETRIC_REPRESENTATION_CONTEXT ( 3 ) GLOBAL_UNCERTAINTY_ASSIGNED_CONTEXT ( ( #485 ) ) GLOBAL_UNIT_ASSIGNED_CONTEXT ( ( #1503, #984, #698 ) ) REPRESENTATION_CONTEXT ( 'NONE', 'WORKASPACE' ) );
#120 = AXIS2_PLACEMENT_3D ( 'NONE', #256, #906, #1694 ) ;
#121 = PRODUCT_DEFINITION_SHAPE ( 'NONE', 'NONE',  #2064 ) ;
#122 = PROPERTY_DEFINITION ('document property','', #993 ) ;
#123 = APPLIED_DOCUMENT_REFERENCE ( #1891,'',( #626) ) ;
#124 = CARTESIAN_POINT ( 'NONE',  ( 26.45694606681493966, 35.04809852203634080, 48.95679403763665505 ) ) ;
#125 = CARTESIAN_POINT ( 'NONE',  ( 0.000000000000000000, 0.000000000000000000, 0.000000000000000000 ) ) ;
#126 = APPLIED_EXTERNAL_IDENTIFICATION_ASSIGNMENT ( 'Upper retainer.STEP' , #457, #1617,( #1722) ) ;
#127 = IDENTIFICATION_ROLE ( 'external document id and location', $) ;
#128 = APPLICATION_PROTOCOL_DEFINITION ( 'draft international standard', 'automotive_design', 1998, #1795 ) ;
#129 = PROPERTY_DEFINITION_REPRESENTATION ( #985, #1530 ) ;
#130 = OBJECT_ROLE ('mandatory',$ ) ;
#131 = LENGTH_MEASURE_WITH_UNIT ( LENGTH_MEASURE( 0.02539999999999999897 ), #1107 );
#132 = PRODUCT_DEFINITION_SHAPE ( 'NONE', 'NONE',  #1044 ) ;
#133 = PROPERTY_DEFINITION_REPRESENTATION ( #1142, #579 ) ;
#134 = DIRECTION ( 'NONE',  ( 0.000000000000000000, -1.000000000000000000, 0.000000000000000000 ) ) ;
#135 = APPLICATION_CONTEXT ( 'automotive_design' ) ;
#136 = CARTESIAN_POINT ( 'NONE',  ( 0.000000000000000000, 0.000000000000000000, 0.000000000000000000 ) ) ;
#137 = APPLIED_DOCUMENT_REFERENCE ( #1096,'',( #1127) ) ;
#138 = OBJECT_ROLE ('mandatory',$ ) ;
#139 = DIRECTION ( 'NONE',  ( 1.000000000000000000, 0.000000000000000000, 0.000000000000000000 ) ) ;
#140 = DIMENSIONAL_EXPONENTS ( 1.000000000000000000, 0.000000000000000000, 0.000000000000000000, 0.000000000000000000, 0.000000000000000000, 0.000000000000000000, 0.000000000000000000 ) ;
#141 = EXTERNAL_SOURCE (IDENTIFIER('') ) ;
#142 = ITEM_DEFINED_TRANSFORMATION ( 'NONE', 'NONE', #806,  #528 ) ;
#143 = LENGTH_MEASURE_WITH_UNIT ( LENGTH_MEASURE( 0.02539999999999999897 ), #158 );
#144 = DIRECTION ( 'NONE',  ( 0.05962972280141430603, -9.677057933481176011E-15, 0.9982205648846483870 ) ) ;
#145 = PRODUCT_DEFINITION_SHAPE ( 'NONE', 'NONE',  #35 ) ;
#146 =( GEOMETRIC_REPRESENTATION_CONTEXT ( 3 ) GLOBAL_UNCERTAINTY_ASSIGNED_CONTEXT ( ( #290 ) ) GLOBAL_UNIT_ASSIGNED_CONTEXT ( ( #1661, #1507, #1384 ) ) REPRESENTATION_CONTEXT ( 'NONE', 'WORKASPACE' ) );
#147 = ROLE_ASSOCIATION ( #1345, #328 ) ;
#148 = PRODUCT_DEFINITION_CONTEXT ( 'detailed design', #1699, 'design' ) ;
#149 = AXIS2_PLACEMENT_3D ( 'NONE', #136, #789, #408 ) ;
#150 = IDENTIFICATION_ROLE ( 'external document id and location', $) ;
#151 = PRODUCT_DEFINITION ( 'General', '', #1543, #1148 ) ;
#152 = ROLE_ASSOCIATION ( #225, #123 ) ;
#153 = DIRECTION ( 'NONE',  ( 0.03435449441128810011, 0.000000000000000000, 0.9994097101358107027 ) ) ;
#154 =( REPRESENTATION_RELATIONSHIP ('NONE','NONE', #655, #1233 ) REPRESENTATION_RELATIONSHIP_WITH_TRANSFORMATION ( #1753 )SHAPE_REPRESENTATION_RELATIONSHIP( ) );
#155 = ITEM_DEFINED_TRANSFORMATION ( 'NONE', 'NONE', #930,  #1746 ) ;
#156 = DOCUMENT_FILE ( 'Backing Plate.STEP' , '', '', #882, '' ,$ ) ;
#157 = LENGTH_MEASURE_WITH_UNIT ( LENGTH_MEASURE( 0.02539999999999999897 ), #976 );
#158 =( LENGTH_UNIT ( ) NAMED_UNIT ( * ) SI_UNIT ( $, .METRE. ) );
#159 = APPLIED_EXTERNAL_IDENTIFICATION_ASSIGNMENT ( 'Specimen mounting plate.STEP' , #714, #785,( #902) ) ;
#160 = DIRECTION ( 'NONE',  ( 0.000000000000000000, 0.000000000000000000, -1.000000000000000000 ) ) ;
#161 = AXIS2_PLACEMENT_3D ( 'NONE', #1427, #1646, #196 ) ;
#162 =( LENGTH_UNIT ( ) NAMED_UNIT ( * ) SI_UNIT ( $, .METRE. ) );
#163 = PRODUCT_DEFINITION_SHAPE ( 'NONE', 'NONE',  #2088 ) ;
#164 = OBJECT_ROLE ('mandatory',$ ) ;
#165 = PRODUCT_DEFINITION_SHAPE ( 'NONE', 'NONE',  #182 ) ;
#166 = UNCERTAINTY_MEASURE_WITH_UNIT (LENGTH_MEASURE( 1.000000000000000082E-05 ), #1921, 'distance_accuracy_value', 'NONE');
#167 = DOCUMENT_FILE ( 'Inner gantry bracket, lower.STEP' , '', '', #237, '' ,$ ) ;
#168 =( REPRESENTATION_RELATIONSHIP ('NONE','NONE', #655, #1899 ) REPRESENTATION_RELATIONSHIP_WITH_TRANSFORMATION ( #108 )SHAPE_REPRESENTATION_RELATIONSHIP( ) );
#169 = PRODUCT_DEFINITION_SHAPE ( 'NONE', 'NONE',  #2061 ) ;
#170 = EXTERNAL_SOURCE (IDENTIFIER('') ) ;
#171 = PRODUCT_DEFINITION_CONTEXT ( 'detailed design', #1264, 'design' ) ;
#172 = DIRECTION ( 'NONE',  ( 0.000000000000000000, 0.000000000000000000, 1.000000000000000000 ) ) ;
#173 = PRODUCT_DEFINITION_SHAPE ( 'NONE', 'NONE',  #2078 ) ;
#174 = PROPERTY_DEFINITION_REPRESENTATION ( #80, #1801 ) ;
#175 = DIRECTION ( 'NONE',  ( 0.000000000000000000, -1.000000000000000000, 0.000000000000000000 ) ) ;
#176 =( CONVERSION_BASED_UNIT ( 'INCH', #1845 ) LENGTH_UNIT ( ) NAMED_UNIT ( #342 ) );
#177 = CONTEXT_DEPENDENT_SHAPE_REPRESENTATION ( #1710, #2027 ) ;
#178 = ITEM_DEFINED_TRANSFORMATION ( 'NONE', 'NONE', #1103,  #800 ) ;
#179 = APPLICATION_CONTEXT ( 'automotive_design' ) ;
#180 = PROPERTY_DEFINITION_REPRESENTATION ( #1836, #386 ) ;
#181 = DOCUMENT_TYPE ( 'geometry' ) ;
#182 = PRODUCT_DEFINITION ( 'General', '', #638, #645 ) ;
#183 = ROLE_ASSOCIATION ( #526, #506 ) ;
#184 =( REPRESENTATION_RELATIONSHIP ('NONE','NONE', #655, #1309 ) REPRESENTATION_RELATIONSHIP_WITH_TRANSFORMATION ( #878 )SHAPE_REPRESENTATION_RELATIONSHIP( ) );
#185 = DOCUMENT_FILE ( '92311A077_18-8 Stainless Steel Cup-Point Set Screw_92311A077.STEP' , '', '', #441, '' ,$ ) ;
#186 = PROPERTY_DEFINITION ('external definition','', #350 ) ;
#187 = PROPERTY_DEFINITION ('external definition','', #167 ) ;
#188 = AXIS2_PLACEMENT_3D ( 'NONE', #851, #499, #1170 ) ;
#189 =( NAMED_UNIT ( * ) PLANE_ANGLE_UNIT ( ) SI_UNIT ( $, .RADIAN. ) );
#190 = AXIS2_PLACEMENT_3D ( 'NONE', #1254, #553, #30 ) ;
#191 = PRODUCT_CONTEXT ( 'NONE', #1586, 'mechanical' ) ;
#192 = PRODUCT_DEFINITION_SHAPE ( 'NONE', 'NONE',  #2077 ) ;
#193 = PRODUCT_DEFINITION_FORMATION_WITH_SPECIFIED_SOURCE ( 'Symmetric', '', #1587, .NOT_KNOWN. ) ;
#194 = CONTEXT_DEPENDENT_SHAPE_REPRESENTATION ( #1239, #1459 ) ;
#195 = DIMENSIONAL_EXPONENTS ( 1.000000000000000000, 0.000000000000000000, 0.000000000000000000, 0.000000000000000000, 0.000000000000000000, 0.000000000000000000, 0.000000000000000000 ) ;
#196 = DIRECTION ( 'NONE',  ( 1.000000000000000000, 0.000000000000000000, 0.000000000000000000 ) ) ;
#197 = EXTERNAL_SOURCE (IDENTIFIER('') ) ;
#198 = OBJECT_ROLE ('mandatory',$ ) ;
#199 = DOCUMENT_FILE ( '91292A046_18-8 Stainless Steel Socket Head Screw_91292A046.STEP' , '', '', #1841, '' ,$ ) ;
#200 = CARTESIAN_POINT ( 'NONE',  ( 27.14444606681517769, 36.12309852203636495, 48.23879403763651652 ) ) ;
#201 = PRODUCT_CONTEXT ( 'NONE', #1727, 'mechanical' ) ;
#202 = PROPERTY_DEFINITION_REPRESENTATION ( #1035, #1292 ) ;
#203 = DIRECTION ( 'NONE',  ( 0.000000000000000000, 1.000000000000000222, -2.128332232675944624E-14 ) ) ;
#204 = APPLIED_DOCUMENT_REFERENCE ( #1059,'',( #1127) ) ;
#205 =( NAMED_UNIT ( * ) SI_UNIT ( $, .STERADIAN. ) SOLID_ANGLE_UNIT ( ) );
#206 = EXTERNAL_SOURCE (IDENTIFIER('') ) ;
#207 = PRODUCT_RELATED_PRODUCT_CATEGORY ( 'part', '', ( #291 ) ) ;
#208 = CONTEXT_DEPENDENT_SHAPE_REPRESENTATION ( #213, #296 ) ;
#209 = PRODUCT_DEFINITION_SHAPE ( 'NONE', 'NONE',  #2073 ) ;
#210 =( REPRESENTATION_RELATIONSHIP ('NONE','NONE', #655, #453 ) REPRESENTATION_RELATIONSHIP_WITH_TRANSFORMATION ( #1350 )SHAPE_REPRESENTATION_RELATIONSHIP( ) );
#211 = PROPERTY_DEFINITION ('external definition','', #1529 ) ;
#212 = APPLICATION_PROTOCOL_DEFINITION ( 'draft international standard', 'automotive_design', 1998, #1917 ) ;
#213 =( REPRESENTATION_RELATIONSHIP ('NONE','NONE', #655, #1801 ) REPRESENTATION_RELATIONSHIP_WITH_TRANSFORMATION ( #529 )SHAPE_REPRESENTATION_RELATIONSHIP( ) );
#214 = DOCUMENT_FILE ( 'Balancing bracket.STEP' , '', '', #114, '' ,$ ) ;
#215 = AXIS2_PLACEMENT_3D ( 'NONE', #957, #1226, #731 ) ;
#216 = AXIS2_PLACEMENT_3D ( 'NONE', #125, #1670, #513 ) ;
#217 = APPLIED_DOCUMENT_REFERENCE ( #1028,'',( #1815) ) ;
#218 = ROLE_ASSOCIATION ( #138, #584 ) ;
#219 = DIRECTION ( 'NONE',  ( 0.000000000000000000, 0.000000000000000000, -1.000000000000000000 ) ) ;
#220 =( GEOMETRIC_REPRESENTATION_CONTEXT ( 3 ) GLOBAL_UNCERTAINTY_ASSIGNED_CONTEXT ( ( #1782 ) ) GLOBAL_UNIT_ASSIGNED_CONTEXT ( ( #1602, #492, #668 ) ) REPRESENTATION_CONTEXT ( 'NONE', 'WORKASPACE' ) );
#221 = EXTERNAL_SOURCE (IDENTIFIER('') ) ;
#222 = PROPERTY_DEFINITION ('document property','', #912 ) ;
#223 = PRODUCT_CONTEXT ( 'NONE', #431, 'mechanical' ) ;
#224 = ROLE_ASSOCIATION ( #15, #2002 ) ;
#225 = OBJECT_ROLE ('mandatory',$ ) ;
#226 = DIMENSIONAL_EXPONENTS ( 1.000000000000000000, 0.000000000000000000, 0.000000000000000000, 0.000000000000000000, 0.000000000000000000, 0.000000000000000000, 0.000000000000000000 ) ;
#227 = APPLIED_EXTERNAL_IDENTIFICATION_ASSIGNMENT ( '6435K34_Clamping Shaft Collar_6435K34.STEP' , #75, #409,( #1028) ) ;
#228 = PRODUCT_DEFINITION_SHAPE ( 'NONE', 'NONE',  #2082 ) ;
#229 = DIRECTION ( 'NONE',  ( 1.000000000000000000, 0.000000000000000000, 0.000000000000000000 ) ) ;
#230 = APPLIED_EXTERNAL_IDENTIFICATION_ASSIGNMENT ( '6435K34_Clamping Shaft Collar_6435K34.STEP' , #895, #1919,( #557) ) ;
#231 = SHAPE_REPRESENTATION ( '90499A029_High-Strength Steel Hex Nut_90499A029', ( #1986 ), #1574 ) ;
#232 = PROPERTY_DEFINITION ('document property','', #856 ) ;
#233 =( NAMED_UNIT ( * ) PLANE_ANGLE_UNIT ( ) SI_UNIT ( $, .RADIAN. ) );
#234 =( NAMED_UNIT ( * ) PLANE_ANGLE_UNIT ( ) SI_UNIT ( $, .RADIAN. ) );
#235 = PRODUCT_DEFINITION_CONTEXT ( 'detailed design', #631, 'design' ) ;
#236 = APPLICATION_PROTOCOL_DEFINITION ( 'draft international standard', 'automotive_design', 1998, #647 ) ;
#237 = DOCUMENT_TYPE ( 'geometry' ) ;
#238 = DOCUMENT_FILE ( 'Balancing bracket.STEP' , '', '', #1855, '' ,$ ) ;
#239 = IDENTIFICATION_ROLE ( 'external document id and location', $) ;
#240 = DIRECTION ( 'NONE',  ( 0.000000000000000000, 1.000000000000000000, 0.000000000000000000 ) ) ;
#241 = PRODUCT_CONTEXT ( 'NONE', #891, 'mechanical' ) ;
#242 = PRODUCT_RELATED_PRODUCT_CATEGORY ( 'part', '', ( #1268 ) ) ;
#243 = APPLICATION_CONTEXT ( 'automotive_design' ) ;
#244 = PROPERTY_DEFINITION ('document property','', #346 ) ;
#245 = CARTESIAN_POINT ( 'NONE',  ( 29.08919430688575147, 36.37309852203637206, 50.70443119089305384 ) ) ;
#246 =( REPRESENTATION_RELATIONSHIP ('NONE','NONE', #655, #231 ) REPRESENTATION_RELATIONSHIP_WITH_TRANSFORMATION ( #1766 )SHAPE_REPRESENTATION_RELATIONSHIP( ) );
#247 = IDENTIFICATION_ROLE ( 'external document id and location', $) ;
#248 = APPLICATION_PROTOCOL_DEFINITION ( 'draft international standard', 'automotive_design', 1998, #280 ) ;
#249 = PRODUCT ( 'Backing Plate', 'Backing Plate', '', ( #424 ) ) ;
#250 = DOCUMENT_FILE ( '92196A537_18-8 Stainless Steel Socket Head Screw_92196A537.STEP' , '', '', #1518, '' ,$ ) ;
#251 = AXIS2_PLACEMENT_3D ( 'NONE', #521, #1160, #1340 ) ;
#252 =( NAMED_UNIT ( * ) PLANE_ANGLE_UNIT ( ) SI_UNIT ( $, .RADIAN. ) );
#253 = APPLIED_DOCUMENT_REFERENCE ( #624,'',( #1395) ) ;
#254 = PRODUCT_DEFINITION_FORMATION_WITH_SPECIFIED_SOURCE ( 'Symmetric', '', #961, .NOT_KNOWN. ) ;
#255 = APPLIED_EXTERNAL_IDENTIFICATION_ASSIGNMENT ( '92185A214_Super-Corrosion-Resistant 316 Stainless Steel Socket Head Screw_92185A214.STEP' , #730, #221,( #264) ) ;
#256 = CARTESIAN_POINT ( 'NONE',  ( 27.14444606681494321, 36.31359852203637928, 50.05679403763666357 ) ) ;
#257 = APPLIED_EXTERNAL_IDENTIFICATION_ASSIGNMENT ( '90866A029_Zinc-Plated Steel Wing Nut_90866A029.STEP' , #587, #326,( #993) ) ;
#258 = DOCUMENT_TYPE ( 'geometry' ) ;
#259 = PRODUCT_CONTEXT ( 'NONE', #688, 'mechanical' ) ;
#260 =( REPRESENTATION_RELATIONSHIP ('NONE','NONE', #655, #1233 ) REPRESENTATION_RELATIONSHIP_WITH_TRANSFORMATION ( #1769 )SHAPE_REPRESENTATION_RELATIONSHIP( ) );
#261 = PROPERTY_DEFINITION_REPRESENTATION ( #709, #372 ) ;
#262 = PROPERTY_DEFINITION_REPRESENTATION ( #1734, #671 ) ;
#263 = PRODUCT ( '92311A077_18-8 Stainless Steel Cup-Point Set Screw_92311A077', '92311A077_18-8 Stainless Steel Cup-Point Set Screw_92311A077', '', ( #1813 ) ) ;
#264 = DOCUMENT_FILE ( '92185A214_Super-Corrosion-Resistant 316 Stainless Steel Socket Head Screw_92185A214.STEP' , '', '', #833, '' ,$ ) ;
#265 = ROLE_ASSOCIATION ( #745, #299 ) ;
#266 = PRODUCT_DEFINITION_SHAPE ( 'NONE', 'NONE',  #2070 ) ;
#267 = DOCUMENT_TYPE ( 'geometry' ) ;
#268 = APPLICATION_PROTOCOL_DEFINITION ( 'draft international standard', 'automotive_design', 1998, #352 ) ;
#269 = PROPERTY_DEFINITION ('document property','', #1839 ) ;
#270 = OBJECT_ROLE ('mandatory',$ ) ;
#271 = OBJECT_ROLE ('mandatory',$ ) ;
#272 =( NAMED_UNIT ( * ) SI_UNIT ( $, .STERADIAN. ) SOLID_ANGLE_UNIT ( ) );
#273 = APPLIED_EXTERNAL_IDENTIFICATION_ASSIGNMENT ( '92311A077_18-8 Stainless Steel Cup-Point Set Screw_92311A077.STEP' , #247, #5,( #1974) ) ;
#274 = SHAPE_REPRESENTATION ( '92580A332_Grade B7 Medium-Strength Steel Threaded Rod_92580A332', ( #1272 ), #1137 ) ;
#275 = DIRECTION ( 'NONE',  ( 0.000000000000000000, 1.000000000000000000, 0.000000000000000000 ) ) ;
#276 = PRODUCT_DEFINITION_SHAPE ( 'NONE', 'NONE',  #2014 ) ;
#277 = PRODUCT_DEFINITION ( 'General', '', #1076, #1197 ) ;
#278 = PRODUCT_CONTEXT ( 'NONE', #1962, 'mechanical' ) ;
#279 = PROPERTY_DEFINITION_REPRESENTATION ( #1688, #1584 ) ;
#280 = APPLICATION_CONTEXT ( 'automotive_design' ) ;
#281 =( GEOMETRIC_REPRESENTATION_CONTEXT ( 3 ) GLOBAL_UNCERTAINTY_ASSIGNED_CONTEXT ( ( #388 ) ) GLOBAL_UNIT_ASSIGNED_CONTEXT ( ( #293, #663, #63 ) ) REPRESENTATION_CONTEXT ( 'NONE', 'WORKASPACE' ) );
#282 = OBJECT_ROLE ('mandatory',$ ) ;
#283 = PROPERTY_DEFINITION_REPRESENTATION ( #915, #1364 ) ;
#284 = PROPERTY_DEFINITION ('external definition','', #1903 ) ;
#285 = AXIS2_PLACEMENT_3D ( 'NONE', #2026, #1703, #880 ) ;
#286 = OBJECT_ROLE ('mandatory',$ ) ;
#287 = CONTEXT_DEPENDENT_SHAPE_REPRESENTATION ( #1132, #1767 ) ;
#288 = ROLE_ASSOCIATION ( #1656, #924 ) ;
#289 = DIRECTION ( 'NONE',  ( -1.000000000000000000, 2.679253554615123197E-16, -1.448684355183406874E-49 ) ) ;
#290 = UNCERTAINTY_MEASURE_WITH_UNIT (LENGTH_MEASURE( 1.000000000000000082E-05 ), #1661, 'distance_accuracy_value', 'NONE');
#291 = PRODUCT ( '92580A332_Grade B7 Medium-Strength Steel Threaded Rod_92580A332', '92580A332_Grade B7 Medium-Strength Steel Threaded Rod_92580A332', '', ( #259 ) ) ;
#292 = CONTEXT_DEPENDENT_SHAPE_REPRESENTATION ( #852, #1000 ) ;
#293 =( CONVERSION_BASED_UNIT ( 'INCH', #143 ) LENGTH_UNIT ( ) NAMED_UNIT ( #1179 ) );
#294 = APPLIED_DOCUMENT_REFERENCE ( #1903,'',( #336) ) ;
#295 = APPLIED_DOCUMENT_REFERENCE ( #118,'',( #654) ) ;
#296 = PRODUCT_DEFINITION_SHAPE ( 'NONE', 'NONE',  #2101 ) ;
#297 = PRODUCT_DEFINITION_SHAPE ( 'NONE', 'NONE',  #1280 ) ;
#298 = EXTERNAL_SOURCE (IDENTIFIER('') ) ;
#299 = APPLIED_DOCUMENT_REFERENCE ( #1761,'',( #626) ) ;
#300 = CARTESIAN_POINT ( 'NONE',  ( 27.14444606681482597, 38.53772234428929977, 48.34025287587228092 ) ) ;
#301 =( LENGTH_UNIT ( ) NAMED_UNIT ( * ) SI_UNIT ( $, .METRE. ) );
#302 = IDENTIFICATION_ROLE ( 'external document id and location', $) ;
#303 =( LENGTH_UNIT ( ) NAMED_UNIT ( * ) SI_UNIT ( $, .METRE. ) );
#304 = DIRECTION ( 'NONE',  ( -1.000000000000000000, 2.679253554615123197E-16, -4.930380657631323784E-32 ) ) ;
#305 = PROPERTY_DEFINITION ('external definition','', #993 ) ;
#306 = ITEM_DEFINED_TRANSFORMATION ( 'NONE', 'NONE', #1578,  #149 ) ;
#307 =( NAMED_UNIT ( * ) SI_UNIT ( $, .STERADIAN. ) SOLID_ANGLE_UNIT ( ) );
#308 = APPLICATION_CONTEXT ( 'automotive_design' ) ;
#309 = PROPERTY_DEFINITION_REPRESENTATION ( #344, #579 ) ;
#310 = DIRECTION ( 'NONE',  ( 1.000000000000000000, 0.000000000000000000, 0.000000000000000000 ) ) ;
#311 = UNCERTAINTY_MEASURE_WITH_UNIT (LENGTH_MEASURE( 1.000000000000000082E-05 ), #2000, 'distance_accuracy_value', 'NONE');
#312 = OBJECT_ROLE ('mandatory',$ ) ;
#313 = PRODUCT_DEFINITION_SHAPE ( 'NONE', 'NONE',  #2098 ) ;
#314 = CARTESIAN_POINT ( 'NONE',  ( 0.000000000000000000, 0.000000000000000000, 0.000000000000000000 ) ) ;
#315 = CARTESIAN_POINT ( 'NONE',  ( 29.47344430688575301, 36.56059852203637206, 50.11179403763665618 ) ) ;
#316 = PRODUCT_DEFINITION_SHAPE ( 'NONE', 'NONE',  #1224 ) ;
#317 = OBJECT_ROLE ('mandatory',$ ) ;
#318 = CONTEXT_DEPENDENT_SHAPE_REPRESENTATION ( #359, #1812 ) ;
#319 = PROPERTY_DEFINITION ('document property','', #16 ) ;
#320 = AXIS2_PLACEMENT_3D ( 'NONE', #512, #1830, #1669 ) ;
#321 = PRODUCT_DEFINITION_FORMATION_WITH_SPECIFIED_SOURCE ( 'Symmetric', '', #20, .NOT_KNOWN. ) ;
#322 = PROPERTY_DEFINITION ('external definition','', #1891 ) ;
#323 = CONTEXT_DEPENDENT_SHAPE_REPRESENTATION ( #1572, #10 ) ;
#324 = PRODUCT_DEFINITION_FORMATION_WITH_SPECIFIED_SOURCE ( 'Symmetric', '', #780, .NOT_KNOWN. ) ;
#325 = DIMENSIONAL_EXPONENTS ( 1.000000000000000000, 0.000000000000000000, 0.000000000000000000, 0.000000000000000000, 0.000000000000000000, 0.000000000000000000, 0.000000000000000000 ) ;
#326 = EXTERNAL_SOURCE (IDENTIFIER('') ) ;
#327 = IDENTIFICATION_ROLE ( 'external document id and location', $) ;
#328 = APPLIED_DOCUMENT_REFERENCE ( #670,'',( #1437) ) ;
#329 =( LENGTH_UNIT ( ) NAMED_UNIT ( * ) SI_UNIT ( $, .METRE. ) );
#330 = DIMENSIONAL_EXPONENTS ( 1.000000000000000000, 0.000000000000000000, 0.000000000000000000, 0.000000000000000000, 0.000000000000000000, 0.000000000000000000, 0.000000000000000000 ) ;
#331 = DOCUMENT_TYPE ( 'geometry' ) ;
#332 = PROPERTY_DEFINITION ('external definition','', #1102 ) ;
#333 =( NAMED_UNIT ( * ) SI_UNIT ( $, .STERADIAN. ) SOLID_ANGLE_UNIT ( ) );
#334 = PRODUCT_DEFINITION_SHAPE ( 'NONE', 'NONE',  #956 ) ;
#335 = DOCUMENT_FILE ( 'Gantry Rod.STEP' , '', '', #712, '' ,$ ) ;
#336 = PRODUCT_DEFINITION ( 'General', '', #58, #171 ) ;
#337 = DIRECTION ( 'NONE',  ( 0.000000000000000000, 0.000000000000000000, 1.000000000000000000 ) ) ;
#338 =( NAMED_UNIT ( * ) SI_UNIT ( $, .STERADIAN. ) SOLID_ANGLE_UNIT ( ) );
#339 = CARTESIAN_POINT ( 'NONE',  ( 26.38749099147354471, 37.53859852203637359, 48.96094300734881699 ) ) ;
#340 = CONTEXT_DEPENDENT_SHAPE_REPRESENTATION ( #450, #480 ) ;
#341 = ITEM_DEFINED_TRANSFORMATION ( 'NONE', 'NONE', #55,  #1707 ) ;
#342 = DIMENSIONAL_EXPONENTS ( 1.000000000000000000, 0.000000000000000000, 0.000000000000000000, 0.000000000000000000, 0.000000000000000000, 0.000000000000000000, 0.000000000000000000 ) ;
#343 = OBJECT_ROLE ('mandatory',$ ) ;
#344 = PROPERTY_DEFINITION ('external definition','', #1908 ) ;
#345 = DOCUMENT_TYPE ( 'geometry' ) ;
#346 = DOCUMENT_FILE ( '92311A077_18-8 Stainless Steel Cup-Point Set Screw_92311A077.STEP' , '', '', #518, '' ,$ ) ;
#347 = DIRECTION ( 'NONE',  ( 0.000000000000000000, 1.000000000000000000, 0.000000000000000000 ) ) ;
#348 =( NAMED_UNIT ( * ) SI_UNIT ( $, .STERADIAN. ) SOLID_ANGLE_UNIT ( ) );
#349 = DIRECTION ( 'NONE',  ( 1.000000000000000000, 0.000000000000000000, 0.000000000000000000 ) ) ;
#350 = DOCUMENT_FILE ( '6435K34_Clamping Shaft Collar_6435K34.STEP' , '', '', #1300, '' ,$ ) ;
#351 = LENGTH_MEASURE_WITH_UNIT ( LENGTH_MEASURE( 0.02539999999999999897 ), #1322 );
#352 = APPLICATION_CONTEXT ( 'automotive_design' ) ;
#353 = AXIS2_PLACEMENT_3D ( 'NONE', #488, #776, #1748 ) ;
#354 = DIMENSIONAL_EXPONENTS ( 1.000000000000000000, 0.000000000000000000, 0.000000000000000000, 0.000000000000000000, 0.000000000000000000, 0.000000000000000000, 0.000000000000000000 ) ;
#355 = PROPERTY_DEFINITION_REPRESENTATION ( #244, #1801 ) ;
#356 = PRODUCT_DEFINITION_SHAPE ( 'NONE', 'NONE',  #2057 ) ;
#357 = CARTESIAN_POINT ( 'NONE',  ( 27.14444606681517413, 36.99809852203637917, 48.23879403763648810 ) ) ;
#358 = PRODUCT_DEFINITION_CONTEXT ( 'detailed design', #1546, 'design' ) ;
#359 =( REPRESENTATION_RELATIONSHIP ('NONE','NONE', #655, #231 ) REPRESENTATION_RELATIONSHIP_WITH_TRANSFORMATION ( #1790 )SHAPE_REPRESENTATION_RELATIONSHIP( ) );
#360 = PROPERTY_DEFINITION ('document property','', #109 ) ;
#361 = AXIS2_PLACEMENT_3D ( 'NONE', #1176, #743, #1724 ) ;
#362 = DIMENSIONAL_EXPONENTS ( 1.000000000000000000, 0.000000000000000000, 0.000000000000000000, 0.000000000000000000, 0.000000000000000000, 0.000000000000000000, 0.000000000000000000 ) ;
#363 =( NAMED_UNIT ( * ) PLANE_ANGLE_UNIT ( ) SI_UNIT ( $, .RADIAN. ) );
#364 = PRODUCT_DEFINITION_CONTEXT ( 'detailed design', #1795, 'design' ) ;
#365 = PRODUCT_CONTEXT ( 'NONE', #1438, 'mechanical' ) ;
#366 = EXTERNAL_SOURCE (IDENTIFIER('') ) ;
#367 = APPLIED_EXTERNAL_IDENTIFICATION_ASSIGNMENT ( '92185A214_Super-Corrosion-Resistant 316 Stainless Steel Socket Head Screw_92185A214.STEP' , #1145, #599,( #771) ) ;
#368 = ROLE_ASSOCIATION ( #198, #57 ) ;
#369 = CARTESIAN_POINT ( 'NONE',  ( 0.000000000000000000, 0.000000000000000000, 0.000000000000000000 ) ) ;
#370 = DOCUMENT_FILE ( '90126A206_Zinc-Plated Steel SAE Washer_90126A206.STEP' , '', '', #650, '' ,$ ) ;
#371 = DIRECTION ( 'NONE',  ( 1.000000000000000000, 0.000000000000000000, 0.000000000000000000 ) ) ;
#372 = SHAPE_REPRESENTATION ( '91772A146_Passivated 18-8 Stainless Steel Pan Head Phillips Screw_91772A146', ( #635 ), #1139 ) ;
#373 =( LENGTH_UNIT ( ) NAMED_UNIT ( * ) SI_UNIT ( $, .METRE. ) );
#374 = CONTEXT_DEPENDENT_SHAPE_REPRESENTATION ( #1553, #1053 ) ;
#375 = DIRECTION ( 'NONE',  ( 1.000000000000000000, 0.000000000000000000, 0.000000000000000000 ) ) ;
#376 =( REPRESENTATION_RELATIONSHIP ('NONE','NONE', #655, #1971 ) REPRESENTATION_RELATIONSHIP_WITH_TRANSFORMATION ( #1426 )SHAPE_REPRESENTATION_RELATIONSHIP( ) );
#377 = SHAPE_DEFINITION_REPRESENTATION ( #1898, #1292 ) ;
#378 = ROLE_ASSOCIATION ( #1501, #77 ) ;
#379 = EXTERNAL_SOURCE (IDENTIFIER('') ) ;
#380 = PROPERTY_DEFINITION_REPRESENTATION ( #269, #453 ) ;
#381 =( NAMED_UNIT ( * ) SI_UNIT ( $, .STERADIAN. ) SOLID_ANGLE_UNIT ( ) );
#382 = PRODUCT_DEFINITION ( 'General', '', #96, #2019 ) ;
#383 = DIRECTION ( 'NONE',  ( 0.000000000000000000, 0.000000000000000000, 1.000000000000000000 ) ) ;
#384 = PROPERTY_DEFINITION ('external definition','', #1749 ) ;
#385 = APPLIED_DOCUMENT_REFERENCE ( #1828,'',( #277) ) ;
#386 = SHAPE_REPRESENTATION ( '92196A544_18-8 Stainless Steel Socket Head Screw_92196A544', ( #528 ), #1708 ) ;
#387 = DIRECTION ( 'NONE',  ( 1.000000000000000000, 0.000000000000000000, 0.000000000000000000 ) ) ;
#388 = UNCERTAINTY_MEASURE_WITH_UNIT (LENGTH_MEASURE( 1.000000000000000082E-05 ), #293, 'distance_accuracy_value', 'NONE');
#389 = PRODUCT_DEFINITION_SHAPE ( 'NONE', 'NONE',  #2079 ) ;
#390 = PROPERTY_DEFINITION ('external definition','', #238 ) ;
#391 = SHAPE_DEFINITION_REPRESENTATION ( #101, #655 ) ;
#392 = OBJECT_ROLE ('mandatory',$ ) ;
#393 = APPLIED_DOCUMENT_REFERENCE ( #1839,'',( #1127) ) ;
#394 = EXTERNAL_SOURCE (IDENTIFIER('') ) ;
#395 = CARTESIAN_POINT ( 'NONE',  ( 25.82744430688575221, 37.17621112476441425, 55.98871315740541377 ) ) ;
#396 =( CONVERSION_BASED_UNIT ( 'INCH', #1069 ) LENGTH_UNIT ( ) NAMED_UNIT ( #1047 ) );
#397 = CONTEXT_DEPENDENT_SHAPE_REPRESENTATION ( #951, #881 ) ;
#398 = EXTERNAL_SOURCE (IDENTIFIER('') ) ;
#399 =( NAMED_UNIT ( * ) SI_UNIT ( $, .STERADIAN. ) SOLID_ANGLE_UNIT ( ) );
#400 = PRODUCT_CONTEXT ( 'NONE', #1194, 'mechanical' ) ;
#401 = PROPERTY_DEFINITION ('document property','', #118 ) ;
#402 = CONTEXT_DEPENDENT_SHAPE_REPRESENTATION ( #1489, #1473 ) ;
#403 = AXIS2_PLACEMENT_3D ( 'NONE', #104, #752, #786 ) ;
#404 = PROPERTY_DEFINITION_REPRESENTATION ( #685, #1086 ) ;
#405 = APPLICATION_PROTOCOL_DEFINITION ( 'draft international standard', 'automotive_design', 1998, #1225 ) ;
#406 = APPLICATION_CONTEXT ( 'automotive_design' ) ;
#407 = CARTESIAN_POINT ( 'NONE',  ( 24.76744430688574994, 36.56059852203637206, 53.36179403763664908 ) ) ;
#408 = DIRECTION ( 'NONE',  ( 1.000000000000000000, 0.000000000000000000, 0.000000000000000000 ) ) ;
#409 = EXTERNAL_SOURCE (IDENTIFIER('') ) ;
#410 = DIRECTION ( 'NONE',  ( 1.000000000000000000, 0.000000000000000000, 0.000000000000000000 ) ) ;
#411 = PROPERTY_DEFINITION ('external definition','', #1974 ) ;
#412 = PRODUCT_DEFINITION_CONTEXT ( 'detailed design', #32, 'design' ) ;
#413 = IDENTIFICATION_ROLE ( 'external document id and location', $) ;
#414 =( CONVERSION_BASED_UNIT ( 'INCH', #1544 ) LENGTH_UNIT ( ) NAMED_UNIT ( #22 ) );
#415 = PRODUCT_DEFINITION ( 'General', '', #1958, #474 ) ;
#416 = PRODUCT_CONTEXT ( 'NONE', #2030, 'mechanical' ) ;
#417 = PROPERTY_DEFINITION_REPRESENTATION ( #646, #372 ) ;
#418 = PROPERTY_DEFINITION ('document property','', #156 ) ;
#419 = DIRECTION ( 'NONE',  ( 0.4121133311954218170, 0.7943994686512034775, -0.4461973626745214250 ) ) ;
#420 = CARTESIAN_POINT ( 'NONE',  ( 26.45694606681493610, 36.49809852203637206, 49.45679403763666215 ) ) ;
#421 = LENGTH_MEASURE_WITH_UNIT ( LENGTH_MEASURE( 0.02539999999999999897 ), #733 );
#422 = PRODUCT_DEFINITION_SHAPE ( 'NONE', 'NONE',  #2051 ) ;
#423 = EXTERNAL_SOURCE (IDENTIFIER('') ) ;
#424 = PRODUCT_CONTEXT ( 'NONE', #1111, 'mechanical' ) ;
#425 = EXTERNAL_SOURCE (IDENTIFIER('') ) ;
#426 = CONTEXT_DEPENDENT_SHAPE_REPRESENTATION ( #1953, #1155 ) ;
#427 = PROPERTY_DEFINITION_REPRESENTATION ( #1631, #590 ) ;
#428 =( NAMED_UNIT ( * ) SI_UNIT ( $, .STERADIAN. ) SOLID_ANGLE_UNIT ( ) );
#429 = PRODUCT_DEFINITION_SHAPE ( 'NONE', 'NONE',  #626 ) ;
#430 =( GEOMETRIC_REPRESENTATION_CONTEXT ( 3 ) GLOBAL_UNCERTAINTY_ASSIGNED_CONTEXT ( ( #467 ) ) GLOBAL_UNIT_ASSIGNED_CONTEXT ( ( #176, #1976, #586 ) ) REPRESENTATION_CONTEXT ( 'NONE', 'WORKASPACE' ) );
#431 = APPLICATION_CONTEXT ( 'automotive_design' ) ;
#432 = PRODUCT_CONTEXT ( 'NONE', #1616, 'mechanical' ) ;
#433 = DOCUMENT_FILE ( '92196A537_18-8 Stainless Steel Socket Head Screw_92196A537.STEP' , '', '', #1330, '' ,$ ) ;
#434 = AXIS2_PLACEMENT_3D ( 'NONE', #50, #701, #1998 ) ;
#435 = CONTEXT_DEPENDENT_SHAPE_REPRESENTATION ( #754, #1305 ) ;
#436 = OBJECT_ROLE ('mandatory',$ ) ;
#437 = AXIS2_PLACEMENT_3D ( 'NONE', #1822, #1238, #1555 ) ;
#438 = PROPERTY_DEFINITION_REPRESENTATION ( #56, #1663 ) ;
#439 = PRODUCT_DEFINITION ( 'General', '', #1925, #2024 ) ;
#440 = APPLIED_DOCUMENT_REFERENCE ( #1749,'',( #1791) ) ;
#441 = DOCUMENT_TYPE ( 'geometry' ) ;
#442 = APPLIED_EXTERNAL_IDENTIFICATION_ASSIGNMENT ( '90126A206_Zinc-Plated Steel SAE Washer_90126A206.STEP' , #1472, #1990,( #1096) ) ;
#443 = DIRECTION ( 'NONE',  ( 1.000000000000000000, 7.341201819356041470E-33, 7.341201819356038734E-33 ) ) ;
#444 = APPLIED_EXTERNAL_IDENTIFICATION_ASSIGNMENT ( '91075A445_Male-Female Threaded Hex Standoff_91075A445.STEP' , #873, #1304,( #542) ) ;
#445 = CONTEXT_DEPENDENT_SHAPE_REPRESENTATION ( #154, #173 ) ;
#446 = PRODUCT_CONTEXT ( 'NONE', #573, 'mechanical' ) ;
#447 = PROPERTY_DEFINITION_REPRESENTATION ( #1951, #1530 ) ;
#448 = OBJECT_ROLE ('mandatory',$ ) ;
#449 = PRODUCT_DEFINITION ( 'General', '', #935, #235 ) ;
#450 =( REPRESENTATION_RELATIONSHIP ('NONE','NONE', #655, #579 ) REPRESENTATION_RELATIONSHIP_WITH_TRANSFORMATION ( #1002 )SHAPE_REPRESENTATION_RELATIONSHIP( ) );
#451 = UNCERTAINTY_MEASURE_WITH_UNIT (LENGTH_MEASURE( 1.000000000000000082E-05 ), #1100, 'distance_accuracy_value', 'NONE');
#452 = SHAPE_DEFINITION_REPRESENTATION ( #1098, #1449 ) ;
#453 = SHAPE_REPRESENTATION ( '90126A206_Zinc-Plated Steel SAE Washer_90126A206', ( #1333 ), #87 ) ;
#454 = PROPERTY_DEFINITION ('external definition','', #88 ) ;
#455 = CONTEXT_DEPENDENT_SHAPE_REPRESENTATION ( #376, #422 ) ;
#456 = OBJECT_ROLE ('mandatory',$ ) ;
#457 = IDENTIFICATION_ROLE ( 'external document id and location', $) ;
#458 = PRODUCT ( 'Gantry Block', 'Gantry Block', '', ( #1739 ) ) ;
#459 = APPLICATION_PROTOCOL_DEFINITION ( 'draft international standard', 'automotive_design', 1998, #1111 ) ;
#460 = ITEM_DEFINED_TRANSFORMATION ( 'NONE', 'NONE', #1242,  #897 ) ;
#461 = DOCUMENT_FILE ( 'Lower retainer.STEP' , '', '', #345, '' ,$ ) ;
#462 = AXIS2_PLACEMENT_3D ( 'NONE', #723, #1403, #894 ) ;
#463 = ROLE_ASSOCIATION ( #2033, #750 ) ;
#464 = AXIS2_PLACEMENT_3D ( 'NONE', #1614, #1192, #371 ) ;
#465 = AXIS2_PLACEMENT_3D ( 'NONE', #1351, #1913, #1222 ) ;
#466 =( NAMED_UNIT ( * ) PLANE_ANGLE_UNIT ( ) SI_UNIT ( $, .RADIAN. ) );
#467 = UNCERTAINTY_MEASURE_WITH_UNIT (LENGTH_MEASURE( 1.000000000000000082E-05 ), #176, 'distance_accuracy_value', 'NONE');
#468 = DOCUMENT_TYPE ( 'geometry' ) ;
#469 = PRODUCT_DEFINITION ( 'General', '', #1887, #572 ) ;
#470 =( LENGTH_UNIT ( ) NAMED_UNIT ( * ) SI_UNIT ( $, .METRE. ) );
#471 = CARTESIAN_POINT ( 'NONE',  ( 27.08915556786610779, 37.99809852203637917, 53.40347544029099680 ) ) ;
#472 = EXTERNAL_SOURCE (IDENTIFIER('') ) ;
#473 = CONTEXT_DEPENDENT_SHAPE_REPRESENTATION ( #577, #169 ) ;
#474 = PRODUCT_DEFINITION_CONTEXT ( 'detailed design', #1323, 'design' ) ;
#475 = PROPERTY_DEFINITION ('external definition','', #346 ) ;
#476 = PRODUCT ( 'Spacer, small', 'Spacer, small', '', ( #580 ) ) ;
#477 = APPLIED_DOCUMENT_REFERENCE ( #167,'',( #382) ) ;
#478 = PRODUCT_DEFINITION_SHAPE ( 'NONE', 'NONE',  #2043 ) ;
#479 =( NAMED_UNIT ( * ) PLANE_ANGLE_UNIT ( ) SI_UNIT ( $, .RADIAN. ) );
#480 = PRODUCT_DEFINITION_SHAPE ( 'NONE', 'NONE',  #2084 ) ;
#481 = EXTERNAL_SOURCE (IDENTIFIER('') ) ;
#482 = CONTEXT_DEPENDENT_SHAPE_REPRESENTATION ( #1414, #933 ) ;
#483 = OBJECT_ROLE ('mandatory',$ ) ;
#484 =( LENGTH_UNIT ( ) NAMED_UNIT ( * ) SI_UNIT ( $, .METRE. ) );
#485 = UNCERTAINTY_MEASURE_WITH_UNIT (LENGTH_MEASURE( 1.000000000000000082E-05 ), #1503, 'distance_accuracy_value', 'NONE');
#486 = CONTEXT_DEPENDENT_SHAPE_REPRESENTATION ( #86, #478 ) ;
#487 = PROPERTY_DEFINITION ('document property','', #250 ) ;
#488 = CARTESIAN_POINT ( 'NONE',  ( 0.000000000000000000, 0.000000000000000000, 0.000000000000000000 ) ) ;
#489 = APPLIED_EXTERNAL_IDENTIFICATION_ASSIGNMENT ( '91772A146_Passivated 18-8 Stainless Steel Pan Head Phillips Screw_91772A146.STEP' , #652, #758,( #1262) ) ;
#490 = CARTESIAN_POINT ( 'NONE',  ( 27.14444606681482597, 38.97272234428929494, 47.74773319083291057 ) ) ;
#491 = CONTEXT_DEPENDENT_SHAPE_REPRESENTATION ( #954, #228 ) ;
#492 =( NAMED_UNIT ( * ) PLANE_ANGLE_UNIT ( ) SI_UNIT ( $, .RADIAN. ) );
#493 = PROPERTY_DEFINITION_REPRESENTATION ( #862, #231 ) ;
#494 =( REPRESENTATION_RELATIONSHIP ('NONE','NONE', #655, #1364 ) REPRESENTATION_RELATIONSHIP_WITH_TRANSFORMATION ( #1595 )SHAPE_REPRESENTATION_RELATIONSHIP( ) );
#495 = PRODUCT_RELATED_PRODUCT_CATEGORY ( 'part', '', ( #961 ) ) ;
#496 =( GEOMETRIC_REPRESENTATION_CONTEXT ( 3 ) GLOBAL_UNCERTAINTY_ASSIGNED_CONTEXT ( ( #949 ) ) GLOBAL_UNIT_ASSIGNED_CONTEXT ( ( #1806, #1180, #381 ) ) REPRESENTATION_CONTEXT ( 'NONE', 'WORKASPACE' ) );
#497 =( REPRESENTATION_RELATIONSHIP ('NONE','NONE', #655, #590 ) REPRESENTATION_RELATIONSHIP_WITH_TRANSFORMATION ( #943 )SHAPE_REPRESENTATION_RELATIONSHIP( ) );
#498 = AXIS2_PLACEMENT_3D ( 'NONE', #1693, #1513, #696 ) ;
#499 = DIRECTION ( 'NONE',  ( 0.000000000000000000, 0.000000000000000000, -1.000000000000000000 ) ) ;
#500 = ROLE_ASSOCIATION ( #1470, #827 ) ;
#501 = EXTERNAL_SOURCE (IDENTIFIER('') ) ;
#502 =( REPRESENTATION_RELATIONSHIP ('NONE','NONE', #655, #1530 ) REPRESENTATION_RELATIONSHIP_WITH_TRANSFORMATION ( #778 )SHAPE_REPRESENTATION_RELATIONSHIP( ) );
#503 =( NAMED_UNIT ( * ) SI_UNIT ( $, .STERADIAN. ) SOLID_ANGLE_UNIT ( ) );
#504 = UNCERTAINTY_MEASURE_WITH_UNIT (LENGTH_MEASURE( 1.000000000000000082E-05 ), #28, 'distance_accuracy_value', 'NONE');
#505 =( NAMED_UNIT ( * ) PLANE_ANGLE_UNIT ( ) SI_UNIT ( $, .RADIAN. ) );
#506 = APPLIED_DOCUMENT_REFERENCE ( #993,'',( #956) ) ;
#507 = DIRECTION ( 'NONE',  ( 0.000000000000000000, 0.000000000000000000, 1.000000000000000000 ) ) ;
#508 = PROPERTY_DEFINITION_REPRESENTATION ( #1640, #231 ) ;
#509 = APPLICATION_CONTEXT ( 'automotive_design' ) ;
#510 = PRODUCT_RELATED_PRODUCT_CATEGORY ( 'part', '', ( #249 ) ) ;
#511 = PROPERTY_DEFINITION_REPRESENTATION ( #886, #1801 ) ;
#512 = CARTESIAN_POINT ( 'NONE',  ( 26.45694606681482242, 39.61084734428931142, 48.20779403763665272 ) ) ;
#513 = DIRECTION ( 'NONE',  ( 1.000000000000000000, 0.000000000000000000, 0.000000000000000000 ) ) ;
#514 = UNCERTAINTY_MEASURE_WITH_UNIT (LENGTH_MEASURE( 1.000000000000000082E-05 ), #396, 'distance_accuracy_value', 'NONE');
#515 = EXTERNAL_SOURCE (IDENTIFIER('') ) ;
#516 = PROPERTY_DEFINITION ('external definition','', #1963 ) ;
#517 = DIRECTION ( 'NONE',  ( 2.513722339539888139E-32, 0.9242245927363030855, 0.3818493186865926092 ) ) ;
#518 = DOCUMENT_TYPE ( 'geometry' ) ;
#519 =( NAMED_UNIT ( * ) PLANE_ANGLE_UNIT ( ) SI_UNIT ( $, .RADIAN. ) );
#520 = APPLIED_DOCUMENT_REFERENCE ( #346,'',( #151) ) ;
#521 = CARTESIAN_POINT ( 'NONE',  ( 26.45694606681489702, 37.31359852203637217, 48.95679403763657689 ) ) ;
#522 = OBJECT_ROLE ('mandatory',$ ) ;
#523 = APPLICATION_PROTOCOL_DEFINITION ( 'draft international standard', 'automotive_design', 1998, #965 ) ;
#524 = CONTEXT_DEPENDENT_SHAPE_REPRESENTATION ( #815, #19 ) ;
#525 = DIRECTION ( 'NONE',  ( 0.000000000000000000, 0.000000000000000000, 1.000000000000000000 ) ) ;
#526 = OBJECT_ROLE ('mandatory',$ ) ;
#527 = DIMENSIONAL_EXPONENTS ( 1.000000000000000000, 0.000000000000000000, 0.000000000000000000, 0.000000000000000000, 0.000000000000000000, 0.000000000000000000, 0.000000000000000000 ) ;
#528 = AXIS2_PLACEMENT_3D ( 'NONE', #610, #1003, #952 ) ;
#529 = ITEM_DEFINED_TRANSFORMATION ( 'NONE', 'NONE', #1483,  #1183 ) ;
#530 = PRODUCT_DEFINITION_SHAPE ( 'NONE', 'NONE',  #2066 ) ;
#531 = DIRECTION ( 'NONE',  ( 1.000000000000000000, 0.000000000000000000, 0.000000000000000000 ) ) ;
#532 = AXIS2_PLACEMENT_3D ( 'NONE', #1424, #1591, #981 ) ;
#533 = UNCERTAINTY_MEASURE_WITH_UNIT (LENGTH_MEASURE( 1.000000000000000082E-05 ), #837, 'distance_accuracy_value', 'NONE');
#534 = AXIS2_PLACEMENT_3D ( 'NONE', #1630, #545, #863 ) ;
#535 =( NAMED_UNIT ( * ) SI_UNIT ( $, .STERADIAN. ) SOLID_ANGLE_UNIT ( ) );
#536 = PRODUCT_DEFINITION_FORMATION_WITH_SPECIFIED_SOURCE ( 'Symmetric', '', #797, .NOT_KNOWN. ) ;
#537 = PRODUCT_CONTEXT ( 'NONE', #1284, 'mechanical' ) ;
#538 = PROPERTY_DEFINITION ('external definition','', #461 ) ;
#539 = PRODUCT_DEFINITION ( 'General', '', #1991, #1846 ) ;
#540 = APPLIED_EXTERNAL_IDENTIFICATION_ASSIGNMENT ( '90499A029_High-Strength Steel Hex Nut_90499A029.STEP' , #1894, #1783,( #823) ) ;
#541 = APPLICATION_CONTEXT ( 'automotive_design' ) ;
#542 = DOCUMENT_FILE ( '91075A445_Male-Female Threaded Hex Standoff_91075A445.STEP' , '', '', #1868, '' ,$ ) ;
#543 = APPLIED_EXTERNAL_IDENTIFICATION_ASSIGNMENT ( '92185A544_Super-Corrosion-Resistant 316 Stainless Steel Socket Head Screw_92185A544.STEP' , #1327, #394,( #88) ) ;
#544 = EXTERNAL_SOURCE (IDENTIFIER('') ) ;
#545 = DIRECTION ( 'NONE',  ( 0.000000000000000000, -1.000000000000000000, 0.000000000000000000 ) ) ;
#546 =( NAMED_UNIT ( * ) SI_UNIT ( $, .STERADIAN. ) SOLID_ANGLE_UNIT ( ) );
#547 =( REPRESENTATION_RELATIONSHIP ('NONE','NONE', #655, #372 ) REPRESENTATION_RELATIONSHIP_WITH_TRANSFORMATION ( #1057 )SHAPE_REPRESENTATION_RELATIONSHIP( ) );
#548 = LENGTH_MEASURE_WITH_UNIT ( LENGTH_MEASURE( 0.02539999999999999897 ), #303 );
#549 = APPLICATION_PROTOCOL_DEFINITION ( 'draft international standard', 'automotive_design', 1998, #1736 ) ;
#550 = DIRECTION ( 'NONE',  ( 0.000000000000000000, 0.000000000000000000, 1.000000000000000000 ) ) ;
#551 = IDENTIFICATION_ROLE ( 'external document id and location', $) ;
#552 = DIRECTION ( 'NONE',  ( 0.000000000000000000, 0.000000000000000000, 1.000000000000000000 ) ) ;
#553 = DIRECTION ( 'NONE',  ( 1.000000000000000000, 0.000000000000000000, 0.000000000000000000 ) ) ;
#554 =( REPRESENTATION_RELATIONSHIP ('NONE','NONE', #655, #1309 ) REPRESENTATION_RELATIONSHIP_WITH_TRANSFORMATION ( #1677 )SHAPE_REPRESENTATION_RELATIONSHIP( ) );
#555 = PROPERTY_DEFINITION ('document property','', #214 ) ;
#556 = APPLICATION_PROTOCOL_DEFINITION ( 'draft international standard', 'automotive_design', 1998, #1162 ) ;
#557 = DOCUMENT_FILE ( '6435K34_Clamping Shaft Collar_6435K34.STEP' , '', '', #1017, '' ,$ ) ;
#558 = DIRECTION ( 'NONE',  ( -7.341201819356040102E-33, 1.000000000000000000, -2.661270499625025679E-16 ) ) ;
#559 = PRODUCT_DEFINITION_SHAPE ( 'NONE', 'NONE',  #449 ) ;
#560 = OBJECT_ROLE ('mandatory',$ ) ;
#561 =( GEOMETRIC_REPRESENTATION_CONTEXT ( 3 ) GLOBAL_UNCERTAINTY_ASSIGNED_CONTEXT ( ( #1310 ) ) GLOBAL_UNIT_ASSIGNED_CONTEXT ( ( #600, #233, #1695 ) ) REPRESENTATION_CONTEXT ( 'NONE', 'WORKASPACE' ) );
#562 =( NAMED_UNIT ( * ) SI_UNIT ( $, .STERADIAN. ) SOLID_ANGLE_UNIT ( ) );
#563 = PRODUCT_CONTEXT ( 'NONE', #73, 'mechanical' ) ;
#564 = AXIS2_PLACEMENT_3D ( 'NONE', #357, #1010, #1650 ) ;
#565 = OBJECT_ROLE ('mandatory',$ ) ;
#566 = ROLE_ASSOCIATION ( #1020, #2021 ) ;
#567 = AXIS2_PLACEMENT_3D ( 'NONE', #471, #1764, #643 ) ;
#568 = PRODUCT_DEFINITION_FORMATION_WITH_SPECIFIED_SOURCE ( 'Symmetric', '', #458, .NOT_KNOWN. ) ;
#569 = DIRECTION ( 'NONE',  ( -3.941291737419305719E-15, 0.4897172662270112831, 0.8718812987781896506 ) ) ;
#570 = PRODUCT_DEFINITION_SHAPE ( 'NONE', 'NONE',  #2102 ) ;
#571 = DIRECTION ( 'NONE',  ( 0.000000000000000000, 0.000000000000000000, 1.000000000000000000 ) ) ;
#572 = PRODUCT_DEFINITION_CONTEXT ( 'detailed design', #1874, 'design' ) ;
#573 = APPLICATION_CONTEXT ( 'automotive_design' ) ;
#574 = SHAPE_DEFINITION_REPRESENTATION ( #1743, #1885 ) ;
#575 = CONTEXT_DEPENDENT_SHAPE_REPRESENTATION ( #1810, #1534 ) ;
#576 = ITEM_DEFINED_TRANSFORMATION ( 'NONE', 'NONE', #403,  #1333 ) ;
#577 =( REPRESENTATION_RELATIONSHIP ('NONE','NONE', #655, #1086 ) REPRESENTATION_RELATIONSHIP_WITH_TRANSFORMATION ( #341 )SHAPE_REPRESENTATION_RELATIONSHIP( ) );
#578 = OBJECT_ROLE ('mandatory',$ ) ;
#579 = SHAPE_REPRESENTATION ( '90866A029_Zinc-Plated Steel Wing Nut_90866A029', ( #764 ), #1177 ) ;
#580 = PRODUCT_CONTEXT ( 'NONE', #794, 'mechanical' ) ;
#581 = PROPERTY_DEFINITION_REPRESENTATION ( #284, #671 ) ;
#582 = APPLIED_EXTERNAL_IDENTIFICATION_ASSIGNMENT ( '92196A537_18-8 Stainless Steel Socket Head Screw_92196A537.STEP' , #413, #398,( #1244) ) ;
#583 = EXTERNAL_SOURCE (IDENTIFIER('') ) ;
#584 = APPLIED_DOCUMENT_REFERENCE ( #109,'',( #1437) ) ;
#585 = PRODUCT_DEFINITION_SHAPE ( 'NONE', 'NONE',  #1127 ) ;
#586 =( NAMED_UNIT ( * ) SI_UNIT ( $, .STERADIAN. ) SOLID_ANGLE_UNIT ( ) );
#587 = IDENTIFICATION_ROLE ( 'external document id and location', $) ;
#588 = ROLE_ASSOCIATION ( #483, #1737 ) ;
#589 = PRODUCT_CONTEXT ( 'NONE', #1833, 'mechanical' ) ;
#590 = SHAPE_REPRESENTATION ( 'Upper retainer', ( #1747 ), #2022 ) ;
#591 = ROLE_ASSOCIATION ( #1058, #1065 ) ;
#592 = AXIS2_PLACEMENT_3D ( 'NONE', #1875, #1372, #410 ) ;
#593 = CONTEXT_DEPENDENT_SHAPE_REPRESENTATION ( #168, #209 ) ;
#594 = AXIS2_PLACEMENT_3D ( 'NONE', #801, #814, #1477 ) ;
#595 = PROPERTY_DEFINITION ('external definition','', #783 ) ;
#596 = PROPERTY_DEFINITION ('external definition','', #1839 ) ;
#597 = PROPERTY_DEFINITION_REPRESENTATION ( #187, #1885 ) ;
#598 = DIRECTION ( 'NONE',  ( 0.000000000000000000, 0.000000000000000000, 1.000000000000000000 ) ) ;
#599 = EXTERNAL_SOURCE (IDENTIFIER('') ) ;
#600 =( CONVERSION_BASED_UNIT ( 'INCH', #1248 ) LENGTH_UNIT ( ) NAMED_UNIT ( #1613 ) );
#601 = APPLIED_DOCUMENT_REFERENCE ( #111,'',( #95) ) ;
#602 = EXTERNAL_SOURCE (IDENTIFIER('') ) ;
#603 = APPLICATION_PROTOCOL_DEFINITION ( 'draft international standard', 'automotive_design', 1998, #1357 ) ;
#604 = CONTEXT_DEPENDENT_SHAPE_REPRESENTATION ( #973, #828 ) ;
#605 = CARTESIAN_POINT ( 'NONE',  ( 29.08919430688575147, 35.99809852203637206, 56.06179403763664482 ) ) ;
#606 =( NAMED_UNIT ( * ) SI_UNIT ( $, .STERADIAN. ) SOLID_ANGLE_UNIT ( ) );
#607 = IDENTIFICATION_ROLE ( 'external document id and location', $) ;
#608 = PROPERTY_DEFINITION_REPRESENTATION ( #617, #671 ) ;
#609 = PRODUCT_DEFINITION_SHAPE ( 'NONE', 'NONE',  #54 ) ;
#610 = CARTESIAN_POINT ( 'NONE',  ( 0.000000000000000000, 0.000000000000000000, 0.000000000000000000 ) ) ;
#611 = PROPERTY_DEFINITION_REPRESENTATION ( #866, #1971 ) ;
#612 = APPLICATION_CONTEXT ( 'automotive_design' ) ;
#613 = PROPERTY_DEFINITION_REPRESENTATION ( #1995, #579 ) ;
#614 = DIRECTION ( 'NONE',  ( 0.002874143416637857905, 0.000000000000000000, 0.9999958696412803993 ) ) ;
#615 =( LENGTH_UNIT ( ) NAMED_UNIT ( * ) SI_UNIT ( $, .METRE. ) );
#616 = UNCERTAINTY_MEASURE_WITH_UNIT (LENGTH_MEASURE( 1.000000000000000082E-05 ), #857, 'distance_accuracy_value', 'NONE');
#617 = PROPERTY_DEFINITION ('document property','', #1903 ) ;
#618 = SHAPE_DEFINITION_REPRESENTATION ( #1779, #1663 ) ;
#619 = EXTERNAL_SOURCE (IDENTIFIER('') ) ;
#620 = PROPERTY_DEFINITION_REPRESENTATION ( #487, #1530 ) ;
#621 = CARTESIAN_POINT ( 'NONE',  ( 25.16569430688575082, 36.17809852203637178, 50.70443119089305384 ) ) ;
#622 = ROLE_ASSOCIATION ( #436, #294 ) ;
#623 = OBJECT_ROLE ('mandatory',$ ) ;
#624 = DOCUMENT_FILE ( 'Spacer, large.STEP' , '', '', #1933, '' ,$ ) ;
#625 =( LENGTH_UNIT ( ) NAMED_UNIT ( * ) SI_UNIT ( $, .METRE. ) );
#626 = PRODUCT_DEFINITION ( 'General', '', #1444, #1153 ) ;
#627 = PROPERTY_DEFINITION_REPRESENTATION ( #1484, #1233 ) ;
#628 = PRODUCT ( 'Inner gantry bracket, upper', 'Inner gantry bracket, upper', '', ( #446 ) ) ;
#629 = ROLE_ASSOCIATION ( #560, #440 ) ;
#630 = CARTESIAN_POINT ( 'NONE',  ( 26.32486718035969986, 35.64809852203633511, 48.95679403763667636 ) ) ;
#631 = APPLICATION_CONTEXT ( 'automotive_design' ) ;
#632 = PROPERTY_DEFINITION ('document property','', #788 ) ;
#633 = DIRECTION ( 'NONE',  ( 0.000000000000000000, 0.000000000000000000, 1.000000000000000000 ) ) ;
#634 = PROPERTY_DEFINITION_REPRESENTATION ( #360, #1364 ) ;
#635 = AXIS2_PLACEMENT_3D ( 'NONE', #779, #903, #139 ) ;
#636 = IDENTIFICATION_ROLE ( 'external document id and location', $) ;
#637 = PROPERTY_DEFINITION ('document property','', #1797 ) ;
#638 = PRODUCT_DEFINITION_FORMATION_WITH_SPECIFIED_SOURCE ( 'Symmetric', '', #1296, .NOT_KNOWN. ) ;
#639 = APPLIED_EXTERNAL_IDENTIFICATION_ASSIGNMENT ( 'Outer gantry bracket, lower.STEP' , #781, #1904,( #1828) ) ;
#640 = ITEM_DEFINED_TRANSFORMATION ( 'NONE', 'NONE', #1854,  #672 ) ;
#641 = ITEM_DEFINED_TRANSFORMATION ( 'NONE', 'NONE', #736,  #117 ) ;
#642 = CARTESIAN_POINT ( 'NONE',  ( 0.000000000000000000, 0.000000000000000000, 0.000000000000000000 ) ) ;
#643 = DIRECTION ( 'NONE',  ( -1.000000000000000000, 0.000000000000000000, 5.886957588074892556E-14 ) ) ;
#644 = CONTEXT_DEPENDENT_SHAPE_REPRESENTATION ( #246, #1799 ) ;
#645 = PRODUCT_DEFINITION_CONTEXT ( 'detailed design', #1736, 'design' ) ;
#646 = PROPERTY_DEFINITION ('external definition','', #1490 ) ;
#647 = APPLICATION_CONTEXT ( 'automotive_design' ) ;
#648 = PRODUCT_DEFINITION_SHAPE ( 'NONE', 'NONE',  #1657 ) ;
#649 = DIRECTION ( 'NONE',  ( 1.000000000000000000, 0.000000000000000000, 0.000000000000000000 ) ) ;
#650 = DOCUMENT_TYPE ( 'geometry' ) ;
#651 = PROPERTY_DEFINITION ('external definition','', #16 ) ;
#652 = IDENTIFICATION_ROLE ( 'external document id and location', $) ;
#653 = CARTESIAN_POINT ( 'NONE',  ( 26.26236718035969986, 35.16325600235130366, 48.95679403763664794 ) ) ;
#654 = PRODUCT_DEFINITION ( 'General', '', #1821, #46 ) ;
#655 = SHAPE_REPRESENTATION ( 'ND_Shear_Assembly', ( #1187, #967, #673, #1103, #1852, #1989, #736, #930, #1886, #1210, #2025, #251, #1442, #188, #564, #1643, #1920, #1336, #1008, #434, #534, #55, #320, #1240, #592, #1373, #89, #1440, #1711, #120, #437, #1854, #403, #1073, #1009, #498, #768, #1819, #2028, #285, #806, #465, #1578, #1303, #1787, #1106, #1338, #1212, #674, #190, #594, #702, #1608, #1046, #932, #65, #1375, #29, #567, #1242, #900, #1483, #94 ), #1141 ) ;
#656 = PROPERTY_DEFINITION_REPRESENTATION ( #1136, #1364 ) ;
#657 = DIRECTION ( 'NONE',  ( 0.000000000000000000, 0.000000000000000000, 1.000000000000000000 ) ) ;
#658 = DIRECTION ( 'NONE',  ( 1.000000000000000000, 0.000000000000000000, 0.000000000000000000 ) ) ;
#659 = UNCERTAINTY_MEASURE_WITH_UNIT (LENGTH_MEASURE( 1.000000000000000082E-05 ), #1635, 'distance_accuracy_value', 'NONE');
#660 = EXTERNAL_SOURCE (IDENTIFIER('') ) ;
#661 = ITEM_DEFINED_TRANSFORMATION ( 'NONE', 'NONE', #673,  #734 ) ;
#662 = PROPERTY_DEFINITION ('document property','', #2035 ) ;
#663 =( NAMED_UNIT ( * ) PLANE_ANGLE_UNIT ( ) SI_UNIT ( $, .RADIAN. ) );
#664 = APPLIED_EXTERNAL_IDENTIFICATION_ASSIGNMENT ( '91772A146_Passivated 18-8 Stainless Steel Pan Head Phillips Screw_91772A146.STEP' , #1659, #1118,( #1102) ) ;
#665 = EXTERNAL_SOURCE (IDENTIFIER('') ) ;
#666 = PRODUCT ( '90866A029_Zinc-Plated Steel Wing Nut_90866A029', '90866A029_Zinc-Plated Steel Wing Nut_90866A029', '', ( #1214 ) ) ;
#667 = PROPERTY_DEFINITION_REPRESENTATION ( #1519, #875 ) ;
#668 =( NAMED_UNIT ( * ) SI_UNIT ( $, .STERADIAN. ) SOLID_ANGLE_UNIT ( ) );
#669 =( GEOMETRIC_REPRESENTATION_CONTEXT ( 3 ) GLOBAL_UNCERTAINTY_ASSIGNED_CONTEXT ( ( #1285 ) ) GLOBAL_UNIT_ASSIGNED_CONTEXT ( ( #1521, #363, #348 ) ) REPRESENTATION_CONTEXT ( 'NONE', 'WORKASPACE' ) );
#670 = DOCUMENT_FILE ( '92185A214_Super-Corrosion-Resistant 316 Stainless Steel Socket Head Screw_92185A214.STEP' , '', '', #468, '' ,$ ) ;
#671 = SHAPE_REPRESENTATION ( '92185A548_Super-Corrosion-Resistant 316 Stainless Steel Socket Head Screw_92185A548', ( #672 ), #1071 ) ;
#672 = AXIS2_PLACEMENT_3D ( 'NONE', #1258, #383, #1030 ) ;
#673 = AXIS2_PLACEMENT_3D ( 'NONE', #124, #1131, #289 ) ;
#674 = AXIS2_PLACEMENT_3D ( 'NONE', #1277, #945, #203 ) ;
#675 = DIRECTION ( 'NONE',  ( 1.000000000000000000, 0.000000000000000000, 0.000000000000000000 ) ) ;
#676 = PROPERTY_DEFINITION_REPRESENTATION ( #319, #1157 ) ;
#677 = APPLIED_EXTERNAL_IDENTIFICATION_ASSIGNMENT ( 'Backing Plate.STEP' , #1865, #206,( #156) ) ;
#678 = APPLIED_EXTERNAL_IDENTIFICATION_ASSIGNMENT ( '90866A029_Zinc-Plated Steel Wing Nut_90866A029.STEP' , #1644, #1537,( #1908) ) ;
#679 = EXTERNAL_SOURCE (IDENTIFIER('') ) ;
#680 =( LENGTH_UNIT ( ) NAMED_UNIT ( * ) SI_UNIT ( $, .METRE. ) );
#681 = DIRECTION ( 'NONE',  ( 1.000000000000000000, 0.000000000000000000, 0.000000000000000000 ) ) ;
#682 =( REPRESENTATION_RELATIONSHIP ('NONE','NONE', #655, #453 ) REPRESENTATION_RELATIONSHIP_WITH_TRANSFORMATION ( #576 )SHAPE_REPRESENTATION_RELATIONSHIP( ) );
#683 = APPLIED_DOCUMENT_REFERENCE ( #1963,'',( #755) ) ;
#684 = UNCERTAINTY_MEASURE_WITH_UNIT (LENGTH_MEASURE( 1.000000000000000082E-05 ), #839, 'distance_accuracy_value', 'NONE');
#685 = PROPERTY_DEFINITION ('external definition','', #1028 ) ;
#686 = APPLICATION_PROTOCOL_DEFINITION ( 'draft international standard', 'automotive_design', 1998, #612 ) ;
#687 = PRODUCT_DEFINITION_SHAPE ( 'NONE', 'NONE',  #2050 ) ;
#688 = APPLICATION_CONTEXT ( 'automotive_design' ) ;
#689 = PROPERTY_DEFINITION_REPRESENTATION ( #1346, #372 ) ;
#690 = DOCUMENT_FILE ( '6435K34_Clamping Shaft Collar_6435K34.STEP' , '', '', #1632, '' ,$ ) ;
#691 = CONTEXT_DEPENDENT_SHAPE_REPRESENTATION ( #1880, #1453 ) ;
#692 = CARTESIAN_POINT ( 'NONE',  ( 25.94444606681494037, 36.12309852203635785, 48.23879403763665863 ) ) ;
#693 = IDENTIFICATION_ROLE ( 'external document id and location', $) ;
#694 = APPLICATION_PROTOCOL_DEFINITION ( 'draft international standard', 'automotive_design', 1998, #751 ) ;
#695 = PROPERTY_DEFINITION_REPRESENTATION ( #1204, #579 ) ;
#696 = DIRECTION ( 'NONE',  ( 1.000000000000000000, 0.000000000000000000, 0.000000000000000000 ) ) ;
#697 = APPLIED_DOCUMENT_REFERENCE ( #1209,'',( #1224) ) ;
#698 =( NAMED_UNIT ( * ) SI_UNIT ( $, .STERADIAN. ) SOLID_ANGLE_UNIT ( ) );
#699 = CARTESIAN_POINT ( 'NONE',  ( 0.000000000000000000, 0.000000000000000000, 0.000000000000000000 ) ) ;
#700 = OBJECT_ROLE ('mandatory',$ ) ;
#701 = DIRECTION ( 'NONE',  ( 0.000000000000000000, -1.000000000000000000, 0.000000000000000000 ) ) ;
#702 = AXIS2_PLACEMENT_3D ( 'NONE', #315, #966, #1164 ) ;
#703 = EXTERNAL_SOURCE (IDENTIFIER('') ) ;
#704 = APPLIED_EXTERNAL_IDENTIFICATION_ASSIGNMENT ( 'Outer gantry bracket, upper.STEP' , #918, #1276,( #118) ) ;
#705 = APPLICATION_PROTOCOL_DEFINITION ( 'draft international standard', 'automotive_design', 1998, #1014 ) ;
#706 = PROPERTY_DEFINITION_REPRESENTATION ( #1666, #372 ) ;
#707 = ROLE_ASSOCIATION ( #282, #217 ) ;
#708 = PROPERTY_DEFINITION_REPRESENTATION ( #6, #1530 ) ;
#709 = PROPERTY_DEFINITION ('document property','', #1262 ) ;
#710 = DIRECTION ( 'NONE',  ( 0.000000000000000000, 1.000000000000000000, -1.365923996832131609E-16 ) ) ;
#711 = LENGTH_MEASURE_WITH_UNIT ( LENGTH_MEASURE( 0.02539999999999999897 ), #1011 );
#712 = DOCUMENT_TYPE ( 'geometry' ) ;
#713 = APPLICATION_PROTOCOL_DEFINITION ( 'draft international standard', 'automotive_design', 1998, #179 ) ;
#714 = IDENTIFICATION_ROLE ( 'external document id and location', $) ;
#715 = PROPERTY_DEFINITION_REPRESENTATION ( #1360, #1292 ) ;
#716 = DIMENSIONAL_EXPONENTS ( 1.000000000000000000, 0.000000000000000000, 0.000000000000000000, 0.000000000000000000, 0.000000000000000000, 0.000000000000000000, 0.000000000000000000 ) ;
#717 = PRODUCT_DEFINITION ( 'General', '', #324, #1956 ) ;
#718 = PRODUCT_DEFINITION_SHAPE ( 'NONE', 'NONE',  #2072 ) ;
#719 = OBJECT_ROLE ('mandatory',$ ) ;
#720 = DIRECTION ( 'NONE',  ( 0.7355089563708377964, 9.254339965859836765E-17, 0.6775149999064825623 ) ) ;
#721 =( NAMED_UNIT ( * ) PLANE_ANGLE_UNIT ( ) SI_UNIT ( $, .RADIAN. ) );
#722 = PRODUCT_DEFINITION_CONTEXT ( 'detailed design', #724, 'design' ) ;
#723 = CARTESIAN_POINT ( 'NONE',  ( 0.000000000000000000, 0.000000000000000000, 0.000000000000000000 ) ) ;
#724 = APPLICATION_CONTEXT ( 'automotive_design' ) ;
#725 = PROPERTY_DEFINITION ('external definition','', #199 ) ;
#726 = APPLICATION_PROTOCOL_DEFINITION ( 'draft international standard', 'automotive_design', 1998, #73 ) ;
#727 = PROPERTY_DEFINITION_REPRESENTATION ( #555, #1309 ) ;
#728 = APPLIED_EXTERNAL_IDENTIFICATION_ASSIGNMENT ( '92196A537_18-8 Stainless Steel Socket Head Screw_92196A537.STEP' , #860, #1376,( #1387) ) ;
#729 = ROLE_ASSOCIATION ( #130, #59 ) ;
#730 = IDENTIFICATION_ROLE ( 'external document id and location', $) ;
#731 = DIRECTION ( 'NONE',  ( 1.000000000000000000, 0.000000000000000000, 0.000000000000000000 ) ) ;
#732 = DOCUMENT_TYPE ( 'geometry' ) ;
#733 =( LENGTH_UNIT ( ) NAMED_UNIT ( * ) SI_UNIT ( $, .METRE. ) );
#734 = AXIS2_PLACEMENT_3D ( 'NONE', #1281, #1135, #1466 ) ;
#735 = APPLICATION_PROTOCOL_DEFINITION ( 'draft international standard', 'automotive_design', 1998, #308 ) ;
#736 = AXIS2_PLACEMENT_3D ( 'NONE', #14, #275, #658 ) ;
#737 = PROPERTY_DEFINITION ('document property','', #624 ) ;
#738 = ROLE_ASSOCIATION ( #271, #115 ) ;
#739 = APPLIED_DOCUMENT_REFERENCE ( #88,'',( #539) ) ;
#740 = PRODUCT_DEFINITION_FORMATION_WITH_SPECIFIED_SOURCE ( 'Symmetric', '', #1682, .NOT_KNOWN. ) ;
#741 = OBJECT_ROLE ('mandatory',$ ) ;
#742 = IDENTIFICATION_ROLE ( 'external document id and location', $) ;
#743 = DIRECTION ( 'NONE',  ( 0.000000000000000000, 0.000000000000000000, 1.000000000000000000 ) ) ;
#744 = PRODUCT_DEFINITION_CONTEXT ( 'detailed design', #243, 'design' ) ;
#745 = OBJECT_ROLE ('mandatory',$ ) ;
#746 =( NAMED_UNIT ( * ) SI_UNIT ( $, .STERADIAN. ) SOLID_ANGLE_UNIT ( ) );
#747 = PRODUCT ( '92185A214_Super-Corrosion-Resistant 316 Stainless Steel Socket Head Screw_92185A214', '92185A214_Super-Corrosion-Resistant 316 Stainless Steel Socket Head Screw_92185A214', '', ( #278 ) ) ;
#748 = PRODUCT_CONTEXT ( 'NONE', #38, 'mechanical' ) ;
#749 = ITEM_DEFINED_TRANSFORMATION ( 'NONE', 'NONE', #768,  #764 ) ;
#750 = APPLIED_DOCUMENT_REFERENCE ( #783,'',( #1437) ) ;
#751 = APPLICATION_CONTEXT ( 'automotive_design' ) ;
#752 = DIRECTION ( 'NONE',  ( 0.000000000000000000, 0.9999999999999998890, 0.000000000000000000 ) ) ;
#753 =( NAMED_UNIT ( * ) PLANE_ANGLE_UNIT ( ) SI_UNIT ( $, .RADIAN. ) );
#754 =( REPRESENTATION_RELATIONSHIP ('NONE','NONE', #655, #2038 ) REPRESENTATION_RELATIONSHIP_WITH_TRANSFORMATION ( #931 )SHAPE_REPRESENTATION_RELATIONSHIP( ) );
#755 = PRODUCT_DEFINITION ( 'General', '', #740, #2040 ) ;
#756 = APPLICATION_PROTOCOL_DEFINITION ( 'draft international standard', 'automotive_design', 1998, #688 ) ;
#757 = CONTEXT_DEPENDENT_SHAPE_REPRESENTATION ( #502, #1778 ) ;
#758 = EXTERNAL_SOURCE (IDENTIFIER('') ) ;
#759 = CONTEXT_DEPENDENT_SHAPE_REPRESENTATION ( #497, #1647 ) ;
#760 = ITEM_DEFINED_TRANSFORMATION ( 'NONE', 'NONE', #2025,  #353 ) ;
#761 = PRODUCT_DEFINITION_SHAPE ( 'NONE', 'NONE',  #755 ) ;
#762 = AXIS2_PLACEMENT_3D ( 'NONE', #1945, #337, #990 ) ;
#763 = SHAPE_DEFINITION_REPRESENTATION ( #1877, #1364 ) ;
#764 = AXIS2_PLACEMENT_3D ( 'NONE', #1804, #507, #681 ) ;
#765 = DOCUMENT_TYPE ( 'geometry' ) ;
#766 = DIRECTION ( 'NONE',  ( 0.8630131687102280402, -0.4404582356253345932, 0.2473960656569719196 ) ) ;
#767 =( CONVERSION_BASED_UNIT ( 'INCH', #1582 ) LENGTH_UNIT ( ) NAMED_UNIT ( #1287 ) );
#768 = AXIS2_PLACEMENT_3D ( 'NONE', #1368, #1741, #720 ) ;
#769 = DOCUMENT_TYPE ( 'geometry' ) ;
#770 = PRODUCT_DEFINITION_SHAPE ( 'NONE', 'NONE',  #2069 ) ;
#771 = DOCUMENT_FILE ( '92185A214_Super-Corrosion-Resistant 316 Stainless Steel Socket Head Screw_92185A214.STEP' , '', '', #1251, '' ,$ ) ;
#772 = APPLIED_EXTERNAL_IDENTIFICATION_ASSIGNMENT ( 'Spacer, small.STEP' , #64, #481,( #1884) ) ;
#773 = APPLICATION_PROTOCOL_DEFINITION ( 'draft international standard', 'automotive_design', 1998, #1392 ) ;
#774 =( CONVERSION_BASED_UNIT ( 'INCH', #1918 ) LENGTH_UNIT ( ) NAMED_UNIT ( #1781 ) );
#775 = DOCUMENT_FILE ( '92196A544_18-8 Stainless Steel Socket Head Screw_92196A544.STEP' , '', '', #1672, '' ,$ ) ;
#776 = DIRECTION ( 'NONE',  ( 0.000000000000000000, 0.000000000000000000, 1.000000000000000000 ) ) ;
#777 = PRODUCT_CONTEXT ( 'NONE', #1367, 'mechanical' ) ;
#778 = ITEM_DEFINED_TRANSFORMATION ( 'NONE', 'NONE', #29,  #161 ) ;
#779 = CARTESIAN_POINT ( 'NONE',  ( 0.000000000000000000, 0.000000000000000000, 0.000000000000000000 ) ) ;
#780 = PRODUCT ( 'ND_Shear_Assembly', 'ND_Shear_Assembly', '', ( #201 ) ) ;
#781 = IDENTIFICATION_ROLE ( 'external document id and location', $) ;
#782 =( NAMED_UNIT ( * ) PLANE_ANGLE_UNIT ( ) SI_UNIT ( $, .RADIAN. ) );
#783 = DOCUMENT_FILE ( '92185A214_Super-Corrosion-Resistant 316 Stainless Steel Socket Head Screw_92185A214.STEP' , '', '', #13, '' ,$ ) ;
#784 = PRODUCT_RELATED_PRODUCT_CATEGORY ( 'part', '', ( #1931 ) ) ;
#785 = EXTERNAL_SOURCE (IDENTIFIER('') ) ;
#786 = DIRECTION ( 'NONE',  ( 0.9999070018040261409, 0.000000000000000000, 0.01363773233655229261 ) ) ;
#787 = UNCERTAINTY_MEASURE_WITH_UNIT (LENGTH_MEASURE( 1.000000000000000082E-05 ), #92, 'distance_accuracy_value', 'NONE');
#788 = DOCUMENT_FILE ( '5125K52_Brass Knob_5125K52.STEP' , '', '', #1545, '' ,$ ) ;
#789 = DIRECTION ( 'NONE',  ( 0.000000000000000000, 0.000000000000000000, 1.000000000000000000 ) ) ;
#790 = DIRECTION ( 'NONE',  ( 0.000000000000000000, 0.000000000000000000, 1.000000000000000000 ) ) ;
#791 =( LENGTH_UNIT ( ) NAMED_UNIT ( * ) SI_UNIT ( $, .METRE. ) );
#792 = CONTEXT_DEPENDENT_SHAPE_REPRESENTATION ( #494, #898 ) ;
#793 =( NAMED_UNIT ( * ) PLANE_ANGLE_UNIT ( ) SI_UNIT ( $, .RADIAN. ) );
#794 = APPLICATION_CONTEXT ( 'automotive_design' ) ;
#795 = OBJECT_ROLE ('mandatory',$ ) ;
#796 = DIMENSIONAL_EXPONENTS ( 1.000000000000000000, 0.000000000000000000, 0.000000000000000000, 0.000000000000000000, 0.000000000000000000, 0.000000000000000000, 0.000000000000000000 ) ;
#797 = PRODUCT ( '92311A581_18-8 Stainless Steel Cup-Point Set Screw_92311A581', '92311A581_18-8 Stainless Steel Cup-Point Set Screw_92311A581', '', ( #854 ) ) ;
#798 = CONTEXT_DEPENDENT_SHAPE_REPRESENTATION ( #1216, #1374 ) ;
#799 = DOCUMENT_TYPE ( 'geometry' ) ;
#800 = AXIS2_PLACEMENT_3D ( 'NONE', #1772, #1173, #53 ) ;
#801 = CARTESIAN_POINT ( 'NONE',  ( 29.47344430688575301, 36.56059852203635074, 50.56179403763663061 ) ) ;
#802 = PROPERTY_DEFINITION_REPRESENTATION ( #818, #231 ) ;
#803 =( NAMED_UNIT ( * ) SI_UNIT ( $, .STERADIAN. ) SOLID_ANGLE_UNIT ( ) );
#804 = PRODUCT_DEFINITION_FORMATION_WITH_SPECIFIED_SOURCE ( 'Symmetric', '', #1915, .NOT_KNOWN. ) ;
#805 = PROPERTY_DEFINITION ('external definition','', #111 ) ;
#806 = AXIS2_PLACEMENT_3D ( 'NONE', #605, #710, #1533 ) ;
#807 = DIMENSIONAL_EXPONENTS ( 1.000000000000000000, 0.000000000000000000, 0.000000000000000000, 0.000000000000000000, 0.000000000000000000, 0.000000000000000000, 0.000000000000000000 ) ;
#808 = PROPERTY_DEFINITION_REPRESENTATION ( #1012, #1233 ) ;
#809 = UNCERTAINTY_MEASURE_WITH_UNIT (LENGTH_MEASURE( 1.000000000000000082E-05 ), #3, 'distance_accuracy_value', 'NONE');
#810 = EXTERNAL_SOURCE (IDENTIFIER('') ) ;
#811 = APPLIED_DOCUMENT_REFERENCE ( #156,'',( #449) ) ;
#812 = PRODUCT_RELATED_PRODUCT_CATEGORY ( 'part', '', ( #666 ) ) ;
#813 =( CONVERSION_BASED_UNIT ( 'INCH', #980 ) LENGTH_UNIT ( ) NAMED_UNIT ( #1314 ) );
#814 = DIRECTION ( 'NONE',  ( 1.000000000000000000, 4.676305458861332662E-17, -1.131848689187779820E-16 ) ) ;
#815 =( REPRESENTATION_RELATIONSHIP ('NONE','NONE', #655, #1292 ) REPRESENTATION_RELATIONSHIP_WITH_TRANSFORMATION ( #1691 )SHAPE_REPRESENTATION_RELATIONSHIP( ) );
#816 = APPLIED_DOCUMENT_REFERENCE ( #823,'',( #755) ) ;
#817 = SHAPE_REPRESENTATION ( 'Outer gantry bracket, lower', ( #462 ), #85 ) ;
#818 = PROPERTY_DEFINITION ('document property','', #823 ) ;
#819 = PROPERTY_DEFINITION_REPRESENTATION ( #632, #1597 ) ;
#820 = DOCUMENT_TYPE ( 'geometry' ) ;
#821 = CARTESIAN_POINT ( 'NONE',  ( 24.78629430688575042, 36.56059852203637206, 50.56179403763666613 ) ) ;
#822 =( REPRESENTATION_RELATIONSHIP ('NONE','NONE', #655, #274 ) REPRESENTATION_RELATIONSHIP_WITH_TRANSFORMATION ( #2011 )SHAPE_REPRESENTATION_RELATIONSHIP( ) );
#823 = DOCUMENT_FILE ( '90499A029_High-Strength Steel Hex Nut_90499A029.STEP' , '', '', #765, '' ,$ ) ;
#824 =( REPRESENTATION_RELATIONSHIP ('NONE','NONE', #655, #1801 ) REPRESENTATION_RELATIONSHIP_WITH_TRANSFORMATION ( #1158 )SHAPE_REPRESENTATION_RELATIONSHIP( ) );
#825 = DIRECTION ( 'NONE',  ( 1.000000000000000000, 0.000000000000000000, 0.000000000000000000 ) ) ;
#826 = UNCERTAINTY_MEASURE_WITH_UNIT (LENGTH_MEASURE( 1.000000000000000082E-05 ), #2018, 'distance_accuracy_value', 'NONE');
#827 = APPLIED_DOCUMENT_REFERENCE ( #16,'',( #1044) ) ;
#828 = PRODUCT_DEFINITION_SHAPE ( 'NONE', 'NONE',  #2096 ) ;
#829 = APPLICATION_CONTEXT ( 'automotive_design' ) ;
#830 = PROPERTY_DEFINITION_REPRESENTATION ( #122, #579 ) ;
#831 = PROPERTY_DEFINITION_REPRESENTATION ( #1159, #1364 ) ;
#832 = LENGTH_MEASURE_WITH_UNIT ( LENGTH_MEASURE( 0.02539999999999999897 ), #1469 );
#833 = DOCUMENT_TYPE ( 'geometry' ) ;
#834 = PRODUCT_DEFINITION_FORMATION_WITH_SPECIFIED_SOURCE ( 'Symmetric', '', #1931, .NOT_KNOWN. ) ;
#835 = DOCUMENT_TYPE ( 'geometry' ) ;
#836 = APPLIED_EXTERNAL_IDENTIFICATION_ASSIGNMENT ( '90499A029_High-Strength Steel Hex Nut_90499A029.STEP' , #1588, #583,( #12) ) ;
#837 =( CONVERSION_BASED_UNIT ( 'INCH', #2009 ) LENGTH_UNIT ( ) NAMED_UNIT ( #195 ) );
#838 = APPLICATION_PROTOCOL_DEFINITION ( 'draft international standard', 'automotive_design', 1998, #1054 ) ;
#839 =( CONVERSION_BASED_UNIT ( 'INCH', #1491 ) LENGTH_UNIT ( ) NAMED_UNIT ( #1032 ) );
#840 = PROPERTY_DEFINITION_REPRESENTATION ( #1954, #1086 ) ;
#841 = DOCUMENT_TYPE ( 'geometry' ) ;
#842 = DIRECTION ( 'NONE',  ( 0.000000000000000000, -2.621880671676215556E-46, -1.000000000000000000 ) ) ;
#843 = IDENTIFICATION_ROLE ( 'external document id and location', $) ;
#844 = APPLICATION_PROTOCOL_DEFINITION ( 'draft international standard', 'automotive_design', 1998, #1323 ) ;
#845 = PROPERTY_DEFINITION ('external definition','', #264 ) ;
#846 = APPLIED_DOCUMENT_REFERENCE ( #542,'',( #469) ) ;
#847 = ITEM_DEFINED_TRANSFORMATION ( 'NONE', 'NONE', #1440,  #1333 ) ;
#848 = PRODUCT_DEFINITION_SHAPE ( 'NONE', 'NONE',  #2076 ) ;
#849 = APPLIED_DOCUMENT_REFERENCE ( #1381,'',( #2014) ) ;
#850 = APPLIED_DOCUMENT_REFERENCE ( #185,'',( #151) ) ;
#851 = CARTESIAN_POINT ( 'NONE',  ( 28.34444606681493539, 36.12309852203635785, 48.23879403763665863 ) ) ;
#852 =( REPRESENTATION_RELATIONSHIP ('NONE','NONE', #655, #1814 ) REPRESENTATION_RELATIONSHIP_WITH_TRANSFORMATION ( #1784 )SHAPE_REPRESENTATION_RELATIONSHIP( ) );
#853 = APPLIED_EXTERNAL_IDENTIFICATION_ASSIGNMENT ( '91292A046_18-8 Stainless Steel Socket Head Screw_91292A046.STEP' , #1771, #1732,( #199) ) ;
#854 = PRODUCT_CONTEXT ( 'NONE', #829, 'mechanical' ) ;
#855 = DOCUMENT_TYPE ( 'geometry' ) ;
#856 = DOCUMENT_FILE ( '91772A146_Passivated 18-8 Stainless Steel Pan Head Phillips Screw_91772A146.STEP' , '', '', #799, '' ,$ ) ;
#857 =( CONVERSION_BASED_UNIT ( 'INCH', #1218 ) LENGTH_UNIT ( ) NAMED_UNIT ( #1980 ) );
#858 = PROPERTY_DEFINITION_REPRESENTATION ( #1317, #1086 ) ;
#859 = PRODUCT ( 'Inner gantry bracket, lower', 'Inner gantry bracket, lower', '', ( #777 ) ) ;
#860 = IDENTIFICATION_ROLE ( 'external document id and location', $) ;
#861 = DIRECTION ( 'NONE',  ( 0.000000000000000000, 0.000000000000000000, -1.000000000000000000 ) ) ;
#862 = PROPERTY_DEFINITION ('external definition','', #823 ) ;
#863 = DIRECTION ( 'NONE',  ( 0.8286052687452328813, 0.000000000000000000, 0.5598332864412766119 ) ) ;
#864 =( GEOMETRIC_REPRESENTATION_CONTEXT ( 3 ) GLOBAL_UNCERTAINTY_ASSIGNED_CONTEXT ( ( #166 ) ) GLOBAL_UNIT_ASSIGNED_CONTEXT ( ( #1921, #466, #1618 ) ) REPRESENTATION_CONTEXT ( 'NONE', 'WORKASPACE' ) );
#865 = LENGTH_MEASURE_WITH_UNIT ( LENGTH_MEASURE( 0.02539999999999999897 ), #1831 );
#866 = PROPERTY_DEFINITION ('document property','', #1884 ) ;
#867 = PRODUCT_RELATED_PRODUCT_CATEGORY ( 'part', '', ( #1570 ) ) ;
#868 = APPLICATION_CONTEXT ( 'automotive_design' ) ;
#869 = SHAPE_DEFINITION_REPRESENTATION ( #1952, #386 ) ;
#870 = OBJECT_ROLE ('mandatory',$ ) ;
#871 = PRODUCT_DEFINITION_SHAPE ( 'NONE', 'NONE',  #2087 ) ;
#872 = PROPERTY_DEFINITION_REPRESENTATION ( #1660, #817 ) ;
#873 = IDENTIFICATION_ROLE ( 'external document id and location', $) ;
#874 = DIMENSIONAL_EXPONENTS ( 1.000000000000000000, 0.000000000000000000, 0.000000000000000000, 0.000000000000000000, 0.000000000000000000, 0.000000000000000000, 0.000000000000000000 ) ;
#875 = SHAPE_REPRESENTATION ( '92311A581_18-8 Stainless Steel Cup-Point Set Screw_92311A581', ( #149 ), #1679 ) ;
#876 = APPLICATION_PROTOCOL_DEFINITION ( 'draft international standard', 'automotive_design', 1998, #1586 ) ;
#877 = PRODUCT_DEFINITION ( 'General', '', #193, #1652 ) ;
#878 = ITEM_DEFINED_TRANSFORMATION ( 'NONE', 'NONE', #190,  #361 ) ;
#879 = ITEM_DEFINED_TRANSFORMATION ( 'NONE', 'NONE', #120,  #928 ) ;
#880 = DIRECTION ( 'NONE',  ( 1.000000000000000000, 0.000000000000000000, 0.000000000000000000 ) ) ;
#881 = PRODUCT_DEFINITION_SHAPE ( 'NONE', 'NONE',  #2048 ) ;
#882 = DOCUMENT_TYPE ( 'geometry' ) ;
#883 =( LENGTH_UNIT ( ) NAMED_UNIT ( * ) SI_UNIT ( $, .METRE. ) );
#884 = DIRECTION ( 'NONE',  ( 1.000000000000000000, 0.000000000000000000, 0.000000000000000000 ) ) ;
#885 = OBJECT_ROLE ('mandatory',$ ) ;
#886 = PROPERTY_DEFINITION ('document property','', #185 ) ;
#887 = SHAPE_DEFINITION_REPRESENTATION ( #276, #1171 ) ;
#888 = ITEM_DEFINED_TRANSFORMATION ( 'NONE', 'NONE', #65,  #161 ) ;
#889 = ROLE_ASSOCIATION ( #312, #393 ) ;
#890 = DIRECTION ( 'NONE',  ( 0.000000000000000000, 1.000000000000000000, -2.220446049250312588E-16 ) ) ;
#891 = APPLICATION_CONTEXT ( 'automotive_design' ) ;
#892 =( GEOMETRIC_REPRESENTATION_CONTEXT ( 3 ) GLOBAL_UNCERTAINTY_ASSIGNED_CONTEXT ( ( #451 ) ) GLOBAL_UNIT_ASSIGNED_CONTEXT ( ( #1100, #1475, #546 ) ) REPRESENTATION_CONTEXT ( 'NONE', 'WORKASPACE' ) );
#893 =( GEOMETRIC_REPRESENTATION_CONTEXT ( 3 ) GLOBAL_UNCERTAINTY_ASSIGNED_CONTEXT ( ( #1932 ) ) GLOBAL_UNIT_ASSIGNED_CONTEXT ( ( #1156, #1169, #205 ) ) REPRESENTATION_CONTEXT ( 'NONE', 'WORKASPACE' ) );
#894 = DIRECTION ( 'NONE',  ( 1.000000000000000000, 0.000000000000000000, 0.000000000000000000 ) ) ;
#895 = IDENTIFICATION_ROLE ( 'external document id and location', $) ;
#896 = PRODUCT_CONTEXT ( 'NONE', #1077, 'mechanical' ) ;
#897 = AXIS2_PLACEMENT_3D ( 'NONE', #1626, #172, #1154 ) ;
#898 = PRODUCT_DEFINITION_SHAPE ( 'NONE', 'NONE',  #2052 ) ;
#899 = PROPERTY_DEFINITION_REPRESENTATION ( #1110, #1530 ) ;
#900 = AXIS2_PLACEMENT_3D ( 'NONE', #653, #304, #9 ) ;
#901 = IDENTIFICATION_ROLE ( 'external document id and location', $) ;
#902 = DOCUMENT_FILE ( 'Specimen mounting plate.STEP' , '', '', #855, '' ,$ ) ;
#903 = DIRECTION ( 'NONE',  ( 0.000000000000000000, 0.000000000000000000, 1.000000000000000000 ) ) ;
#904 = ITEM_DEFINED_TRANSFORMATION ( 'NONE', 'NONE', #564,  #1134 ) ;
#905 = PRODUCT_RELATED_PRODUCT_CATEGORY ( 'part', '', ( #1915 ) ) ;
#906 = DIRECTION ( 'NONE',  ( 0.000000000000000000, 0.9999999999999997780, 0.000000000000000000 ) ) ;
#907 = PRODUCT_DEFINITION_SHAPE ( 'NONE', 'NONE',  #277 ) ;
#908 = PRODUCT_DEFINITION_CONTEXT ( 'detailed design', #1686, 'design' ) ;
#909 = APPLICATION_PROTOCOL_DEFINITION ( 'draft international standard', 'automotive_design', 1998, #1367 ) ;
#910 =( REPRESENTATION_RELATIONSHIP ('NONE','NONE', #655, #1364 ) REPRESENTATION_RELATIONSHIP_WITH_TRANSFORMATION ( #1108 )SHAPE_REPRESENTATION_RELATIONSHIP( ) );
#911 = ROLE_ASSOCIATION ( #317, #1379 ) ;
#912 = DOCUMENT_FILE ( '92185A548_Super-Corrosion-Resistant 316 Stainless Steel Socket Head Screw_92185A548.STEP' , '', '', #1768, '' ,$ ) ;
#913 = EXTERNAL_SOURCE (IDENTIFIER('') ) ;
#914 = PROPERTY_DEFINITION_REPRESENTATION ( #595, #1364 ) ;
#915 = PROPERTY_DEFINITION ('document property','', #264 ) ;
#916 = SHAPE_DEFINITION_REPRESENTATION ( #944, #18 ) ;
#917 = CONTEXT_DEPENDENT_SHAPE_REPRESENTATION ( #1432, #848 ) ;
#918 = IDENTIFICATION_ROLE ( 'external document id and location', $) ;
#919 = APPLIED_DOCUMENT_REFERENCE ( #771,'',( #1437) ) ;
#920 =( CONVERSION_BASED_UNIT ( 'INCH', #1291 ) LENGTH_UNIT ( ) NAMED_UNIT ( #1185 ) );
#921 = IDENTIFICATION_ROLE ( 'external document id and location', $) ;
#922 = PRODUCT ( '92185A544_Super-Corrosion-Resistant 316 Stainless Steel Socket Head Screw_92185A544', '92185A544_Super-Corrosion-Resistant 316 Stainless Steel Socket Head Screw_92185A544', '', ( #748 ) ) ;
#923 = PRODUCT_RELATED_PRODUCT_CATEGORY ( 'part', '', ( #1083 ) ) ;
#924 = APPLIED_DOCUMENT_REFERENCE ( #1908,'',( #956) ) ;
#925 = IDENTIFICATION_ROLE ( 'external document id and location', $) ;
#926 = UNCERTAINTY_MEASURE_WITH_UNIT (LENGTH_MEASURE( 1.000000000000000082E-05 ), #1354, 'distance_accuracy_value', 'NONE');
#927 = APPLICATION_PROTOCOL_DEFINITION ( 'draft international standard', 'automotive_design', 1998, #1946 ) ;
#928 = AXIS2_PLACEMENT_3D ( 'NONE', #1431, #1542, #4 ) ;
#929 = PROPERTY_DEFINITION_REPRESENTATION ( #2012, #372 ) ;
#930 = AXIS2_PLACEMENT_3D ( 'NONE', #1260, #1474, #1638 ) ;
#931 = ITEM_DEFINED_TRANSFORMATION ( 'NONE', 'NONE', #498,  #1520 ) ;
#932 = AXIS2_PLACEMENT_3D ( 'NONE', #1454, #1299, #1052 ) ;
#933 = PRODUCT_DEFINITION_SHAPE ( 'NONE', 'NONE',  #2062 ) ;
#934 = ITEM_DEFINED_TRANSFORMATION ( 'NONE', 'NONE', #1643,  #1134 ) ;
#935 = PRODUCT_DEFINITION_FORMATION_WITH_SPECIFIED_SOURCE ( 'Symmetric', '', #249, .NOT_KNOWN. ) ;
#936 = APPLICATION_CONTEXT ( 'automotive_design' ) ;
#937 = APPLIED_EXTERNAL_IDENTIFICATION_ASSIGNMENT ( '90126A206_Zinc-Plated Steel SAE Washer_90126A206.STEP' , #921, #1196,( #1059) ) ;
#938 = ITEM_DEFINED_TRANSFORMATION ( 'NONE', 'NONE', #1819,  #764 ) ;
#939 = CARTESIAN_POINT ( 'NONE',  ( 26.45694606681493610, 40.20380718345369075, 48.20779403763665272 ) ) ;
#940 = LENGTH_MEASURE_WITH_UNIT ( LENGTH_MEASURE( 0.02539999999999999897 ), #615 );
#941 = OBJECT_ROLE ('mandatory',$ ) ;
#942 = PROPERTY_DEFINITION ('document property','', #199 ) ;
#943 = ITEM_DEFINED_TRANSFORMATION ( 'NONE', 'NONE', #1009,  #1747 ) ;
#944 = PRODUCT_DEFINITION_SHAPE ( 'NONE', 'NONE',  #1395 ) ;
#945 = DIRECTION ( 'NONE',  ( -1.000000000000000000, 0.000000000000000000, 0.000000000000000000 ) ) ;
#946 = ROLE_ASSOCIATION ( #1041, #295 ) ;
#947 = CONTEXT_DEPENDENT_SHAPE_REPRESENTATION ( #260, #389 ) ;
#948 = DIRECTION ( 'NONE',  ( 0.000000000000000000, -1.000000000000000000, 0.000000000000000000 ) ) ;
#949 = UNCERTAINTY_MEASURE_WITH_UNIT (LENGTH_MEASURE( 1.000000000000000082E-05 ), #1806, 'distance_accuracy_value', 'NONE');
#950 = PROPERTY_DEFINITION ('external definition','', #1468 ) ;
#951 =( REPRESENTATION_RELATIONSHIP ('NONE','NONE', #655, #817 ) REPRESENTATION_RELATIONSHIP_WITH_TRANSFORMATION ( #1996 )SHAPE_REPRESENTATION_RELATIONSHIP( ) );
#952 = DIRECTION ( 'NONE',  ( 1.000000000000000000, 0.000000000000000000, 0.000000000000000000 ) ) ;
#953 = DIRECTION ( 'NONE',  ( -1.000000000000000000, 4.676305458861333279E-17, -1.131848689187779820E-16 ) ) ;
#954 =( REPRESENTATION_RELATIONSHIP ('NONE','NONE', #655, #875 ) REPRESENTATION_RELATIONSHIP_WITH_TRANSFORMATION ( #306 )SHAPE_REPRESENTATION_RELATIONSHIP( ) );
#955 = LENGTH_MEASURE_WITH_UNIT ( LENGTH_MEASURE( 0.02539999999999999897 ), #791 );
#956 = PRODUCT_DEFINITION ( 'General', '', #1405, #148 ) ;
#957 = CARTESIAN_POINT ( 'NONE',  ( 0.000000000000000000, 0.000000000000000000, 0.000000000000000000 ) ) ;
#958 = PROPERTY_DEFINITION ('external definition','', #1387 ) ;
#959 = DOCUMENT_FILE ( '90866A029_Zinc-Plated Steel Wing Nut_90866A029.STEP' , '', '', #769, '' ,$ ) ;
#960 = ROLE_ASSOCIATION ( #27, #1568 ) ;
#961 = PRODUCT ( 'Caudal Potting', 'Caudal Potting', '', ( #400 ) ) ;
#962 = PROPERTY_DEFINITION_REPRESENTATION ( #1211, #1885 ) ;
#963 = CARTESIAN_POINT ( 'NONE',  ( 24.76744430688574994, 36.74809852203637206, 50.20443119089305384 ) ) ;
#964 = PROPERTY_DEFINITION_REPRESENTATION ( #384, #1449 ) ;
#965 = APPLICATION_CONTEXT ( 'automotive_design' ) ;
#966 = DIRECTION ( 'NONE',  ( 1.000000000000000000, 1.224646799147353207E-16, 8.834622004579421349E-33 ) ) ;
#967 = AXIS2_PLACEMENT_3D ( 'NONE', #1119, #1762, #310 ) ;
#968 = IDENTIFICATION_ROLE ( 'external document id and location', $) ;
#969 = PROPERTY_DEFINITION_REPRESENTATION ( #1829, #1364 ) ;
#970 = PRODUCT_DEFINITION_FORMATION_WITH_SPECIFIED_SOURCE ( 'Symmetric', '', #1133, .NOT_KNOWN. ) ;
#971 = PRODUCT_DEFINITION_SHAPE ( 'NONE', 'NONE',  #2083 ) ;
#972 =( CONVERSION_BASED_UNIT ( 'INCH', #1129 ) LENGTH_UNIT ( ) NAMED_UNIT ( #716 ) );
#973 =( REPRESENTATION_RELATIONSHIP ('NONE','NONE', #655, #1530 ) REPRESENTATION_RELATIONSHIP_WITH_TRANSFORMATION ( #1558 )SHAPE_REPRESENTATION_RELATIONSHIP( ) );
#974 = PRODUCT_RELATED_PRODUCT_CATEGORY ( 'part', '', ( #859 ) ) ;
#975 = APPLIED_EXTERNAL_IDENTIFICATION_ASSIGNMENT ( '92580A332_Grade B7 Medium-Strength Steel Threaded Rod_92580A332.STEP' , #68, #1255,( #1209) ) ;
#976 =( LENGTH_UNIT ( ) NAMED_UNIT ( * ) SI_UNIT ( $, .METRE. ) );
#977 = DIRECTION ( 'NONE',  ( 0.000000000000000000, 0.000000000000000000, 1.000000000000000000 ) ) ;
#978 = UNCERTAINTY_MEASURE_WITH_UNIT (LENGTH_MEASURE( 1.000000000000000082E-05 ), #1482, 'distance_accuracy_value', 'NONE');
#979 = APPLIED_EXTERNAL_IDENTIFICATION_ASSIGNMENT ( '91075A445_Male-Female Threaded Hex Standoff_91075A445.STEP' , #302, #665,( #1529) ) ;
#980 = LENGTH_MEASURE_WITH_UNIT ( LENGTH_MEASURE( 0.02539999999999999897 ), #1935 );
#981 = DIRECTION ( 'NONE',  ( 1.000000000000000000, 0.000000000000000000, 0.000000000000000000 ) ) ;
#982 = DIRECTION ( 'NONE',  ( 1.000000000000000000, 0.000000000000000000, 0.000000000000000000 ) ) ;
#983 = ROLE_ASSOCIATION ( #2006, #1138 ) ;
#984 =( NAMED_UNIT ( * ) PLANE_ANGLE_UNIT ( ) SI_UNIT ( $, .RADIAN. ) );
#985 = PROPERTY_DEFINITION ('document property','', #1387 ) ;
#986 = PRODUCT ( '92196A537_18-8 Stainless Steel Socket Head Screw_92196A537', '92196A537_18-8 Stainless Steel Socket Head Screw_92196A537', '', ( #365 ) ) ;
#987 = IDENTIFICATION_ROLE ( 'external document id and location', $) ;
#988 = CARTESIAN_POINT ( 'NONE',  ( 27.14444606681482597, 35.87309852203636495, 49.03179403763665789 ) ) ;
#989 = DOCUMENT_TYPE ( 'geometry' ) ;
#990 = DIRECTION ( 'NONE',  ( 1.000000000000000000, 0.000000000000000000, 0.000000000000000000 ) ) ;
#991 = LENGTH_MEASURE_WITH_UNIT ( LENGTH_MEASURE( 0.02539999999999999897 ), #680 );
#992 = PROPERTY_DEFINITION ('external definition','', #775 ) ;
#993 = DOCUMENT_FILE ( '90866A029_Zinc-Plated Steel Wing Nut_90866A029.STEP' , '', '', #1460, '' ,$ ) ;
#994 = ITEM_DEFINED_TRANSFORMATION ( 'NONE', 'NONE', #534,  #1986 ) ;
#995 = EXTERNAL_SOURCE (IDENTIFIER('') ) ;
#996 = APPLIED_DOCUMENT_REFERENCE ( #1974,'',( #151) ) ;
#997 = UNCERTAINTY_MEASURE_WITH_UNIT (LENGTH_MEASURE( 1.000000000000000082E-05 ), #1757, 'distance_accuracy_value', 'NONE');
#998 = DOCUMENT_TYPE ( 'geometry' ) ;
#999 = CARTESIAN_POINT ( 'NONE',  ( 26.10490163085811233, 37.51809852203638229, 54.38772544029106371 ) ) ;
#1000 = PRODUCT_DEFINITION_SHAPE ( 'NONE', 'NONE',  #2041 ) ;
#1001 = PRODUCT_RELATED_PRODUCT_CATEGORY ( 'part', '', ( #780 ) ) ;
#1002 = ITEM_DEFINED_TRANSFORMATION ( 'NONE', 'NONE', #1787,  #764 ) ;
#1003 = DIRECTION ( 'NONE',  ( 0.000000000000000000, 0.000000000000000000, 1.000000000000000000 ) ) ;
#1004 = AXIS2_PLACEMENT_3D ( 'NONE', #314, #1834, #1527 ) ;
#1005 = APPLIED_DOCUMENT_REFERENCE ( #350,'',( #1815) ) ;
#1006 = PROPERTY_DEFINITION ('document property','', #1028 ) ;
#1007 = PROPERTY_DEFINITION ('external definition','', #109 ) ;
#1008 = AXIS2_PLACEMENT_3D ( 'NONE', #25, #1504, #387 ) ;
#1009 = AXIS2_PLACEMENT_3D ( 'NONE', #963, #1524, #1842 ) ;
#1010 = DIRECTION ( 'NONE',  ( 0.000000000000000000, -2.621880671676215556E-46, -1.000000000000000000 ) ) ;
#1011 =( LENGTH_UNIT ( ) NAMED_UNIT ( * ) SI_UNIT ( $, .METRE. ) );
#1012 = PROPERTY_DEFINITION ('document property','', #1891 ) ;
#1013 = PRODUCT_DEFINITION_FORMATION_WITH_SPECIFIED_SOURCE ( 'Symmetric', '', #628, .NOT_KNOWN. ) ;
#1014 = APPLICATION_CONTEXT ( 'automotive_design' ) ;
#1015 = APPLIED_EXTERNAL_IDENTIFICATION_ASSIGNMENT ( '92311A581_18-8 Stainless Steel Cup-Point Set Screw_92311A581.STEP' , #1093, #1788,( #1468) ) ;
#1016 = APPLICATION_PROTOCOL_DEFINITION ( 'draft international standard', 'automotive_design', 1998, #431 ) ;
#1017 = DOCUMENT_TYPE ( 'geometry' ) ;
#1018 = DIRECTION ( 'NONE',  ( 1.000000000000000000, 0.000000000000000000, 0.000000000000000000 ) ) ;
#1019 = PROPERTY_DEFINITION_REPRESENTATION ( #1182, #453 ) ;
#1020 = OBJECT_ROLE ('mandatory',$ ) ;
#1021 = PROPERTY_DEFINITION_REPRESENTATION ( #942, #1678 ) ;
#1022 = DIRECTION ( 'NONE',  ( -5.551115123125782702E-17, -2.449293598294706414E-16, -1.000000000000000000 ) ) ;
#1023 =( NAMED_UNIT ( * ) SI_UNIT ( $, .STERADIAN. ) SOLID_ANGLE_UNIT ( ) );
#1024 = LENGTH_MEASURE_WITH_UNIT ( LENGTH_MEASURE( 0.02539999999999999897 ), #45 );
#1025 = PRODUCT_DEFINITION_SHAPE ( 'NONE', 'NONE',  #2063 ) ;
#1026 = SHAPE_DEFINITION_REPRESENTATION ( #112, #671 ) ;
#1027 = PROPERTY_DEFINITION_REPRESENTATION ( #1585, #1309 ) ;
#1028 = DOCUMENT_FILE ( '6435K34_Clamping Shaft Collar_6435K34.STEP' , '', '', #181, '' ,$ ) ;
#1029 = DOCUMENT_TYPE ( 'geometry' ) ;
#1030 = DIRECTION ( 'NONE',  ( 1.000000000000000000, 0.000000000000000000, 0.000000000000000000 ) ) ;
#1031 = IDENTIFICATION_ROLE ( 'external document id and location', $) ;
#1032 = DIMENSIONAL_EXPONENTS ( 1.000000000000000000, 0.000000000000000000, 0.000000000000000000, 0.000000000000000000, 0.000000000000000000, 0.000000000000000000, 0.000000000000000000 ) ;
#1033 = PRODUCT_RELATED_PRODUCT_CATEGORY ( 'part', '', ( #7 ) ) ;
#1034 = CARTESIAN_POINT ( 'NONE',  ( 27.14444606681482597, 35.87309852203636495, 49.03179403763665789 ) ) ;
#1035 = PROPERTY_DEFINITION ('document property','', #542 ) ;
#1036 = LENGTH_MEASURE_WITH_UNIT ( LENGTH_MEASURE( 0.02539999999999999897 ), #1811 );
#1037 = SHAPE_DEFINITION_REPRESENTATION ( #1763, #1801 ) ;
#1038 = DOCUMENT_FILE ( '90866A029_Zinc-Plated Steel Wing Nut_90866A029.STEP' , '', '', #90, '' ,$ ) ;
#1039 =( GEOMETRIC_REPRESENTATION_CONTEXT ( 3 ) GLOBAL_UNCERTAINTY_ASSIGNED_CONTEXT ( ( #1326 ) ) GLOBAL_UNIT_ASSIGNED_CONTEXT ( ( #813, #1957, #503 ) ) REPRESENTATION_CONTEXT ( 'NONE', 'WORKASPACE' ) );
#1040 = CARTESIAN_POINT ( 'NONE',  ( 25.16569430688574016, 36.37309852203636495, 56.06179403763663061 ) ) ;
#1041 = OBJECT_ROLE ('mandatory',$ ) ;
#1042 = ROLE_ASSOCIATION ( #1064, #385 ) ;
#1043 = DOCUMENT_TYPE ( 'geometry' ) ;
#1044 = PRODUCT_DEFINITION ( 'General', '', #568, #364 ) ;
#1045 = PROPERTY_DEFINITION ('document property','', #1749 ) ;
#1046 = AXIS2_PLACEMENT_3D ( 'NONE', #1288, #953, #517 ) ;
#1047 = DIMENSIONAL_EXPONENTS ( 1.000000000000000000, 0.000000000000000000, 0.000000000000000000, 0.000000000000000000, 0.000000000000000000, 0.000000000000000000, 0.000000000000000000 ) ;
#1048 = ROLE_ASSOCIATION ( #2036, #1615 ) ;
#1049 = APPLICATION_PROTOCOL_DEFINITION ( 'draft international standard', 'automotive_design', 1998, #829 ) ;
#1050 = APPLIED_EXTERNAL_IDENTIFICATION_ASSIGNMENT ( '92196A544_18-8 Stainless Steel Socket Head Screw_92196A544.STEP' , #1031, #425,( #775) ) ;
#1051 = PROPERTY_DEFINITION_REPRESENTATION ( #1121, #579 ) ;
#1052 = DIRECTION ( 'NONE',  ( 1.000000000000000000, 0.000000000000000000, 0.000000000000000000 ) ) ;
#1053 = PRODUCT_DEFINITION_SHAPE ( 'NONE', 'NONE',  #2099 ) ;
#1054 = APPLICATION_CONTEXT ( 'automotive_design' ) ;
#1055 = IDENTIFICATION_ROLE ( 'external document id and location', $) ;
#1056 = APPLICATION_PROTOCOL_DEFINITION ( 'draft international standard', 'automotive_design', 1998, #32 ) ;
#1057 = ITEM_DEFINED_TRANSFORMATION ( 'NONE', 'NONE', #1608,  #635 ) ;
#1058 = OBJECT_ROLE ('mandatory',$ ) ;
#1059 = DOCUMENT_FILE ( '90126A206_Zinc-Plated Steel SAE Washer_90126A206.STEP' , '', '', #998, '' ,$ ) ;
#1060 =( NAMED_UNIT ( * ) PLANE_ANGLE_UNIT ( ) SI_UNIT ( $, .RADIAN. ) );
#1061 = PRODUCT_DEFINITION_SHAPE ( 'NONE', 'NONE',  #2046 ) ;
#1062 =( CONVERSION_BASED_UNIT ( 'INCH', #421 ) LENGTH_UNIT ( ) NAMED_UNIT ( #1126 ) );
#1063 = APPLICATION_PROTOCOL_DEFINITION ( 'draft international standard', 'automotive_design', 1998, #631 ) ;
#1064 = OBJECT_ROLE ('mandatory',$ ) ;
#1065 = APPLIED_DOCUMENT_REFERENCE ( #433,'',( #1328) ) ;
#1066 = PRODUCT_DEFINITION_SHAPE ( 'NONE', 'NONE',  #1815 ) ;
#1067 = PRODUCT_RELATED_PRODUCT_CATEGORY ( 'part', '', ( #747 ) ) ;
#1068 = EXTERNAL_SOURCE (IDENTIFIER('') ) ;
#1069 = LENGTH_MEASURE_WITH_UNIT ( LENGTH_MEASURE( 0.02539999999999999897 ), #1704 );
#1070 = PROPERTY_DEFINITION_REPRESENTATION ( #1832, #1364 ) ;
#1071 =( GEOMETRIC_REPRESENTATION_CONTEXT ( 3 ) GLOBAL_UNCERTAINTY_ASSIGNED_CONTEXT ( ( #787 ) ) GLOBAL_UNIT_ASSIGNED_CONTEXT ( ( #92, #1060, #428 ) ) REPRESENTATION_CONTEXT ( 'NONE', 'WORKASPACE' ) );
#1072 = APPLICATION_PROTOCOL_DEFINITION ( 'draft international standard', 'automotive_design', 1998, #794 ) ;
#1073 = AXIS2_PLACEMENT_3D ( 'NONE', #91, #861, #1423 ) ;
#1074 = PROPERTY_DEFINITION_REPRESENTATION ( #1999, #372 ) ;
#1075 = APPLICATION_PROTOCOL_DEFINITION ( 'draft international standard', 'automotive_design', 1998, #573 ) ;
#1076 = PRODUCT_DEFINITION_FORMATION_WITH_SPECIFIED_SOURCE ( 'Symmetric', '', #1455, .NOT_KNOWN. ) ;
#1077 = APPLICATION_CONTEXT ( 'automotive_design' ) ;
#1078 = APPLIED_EXTERNAL_IDENTIFICATION_ASSIGNMENT ( '92196A540_18-8 Stainless Steel Socket Head Screw_92196A540.STEP' , #1208, #1968,( #1891) ) ;
#1079 = CONTEXT_DEPENDENT_SHAPE_REPRESENTATION ( #2003, #1496 ) ;
#1080 = DOCUMENT_TYPE ( 'geometry' ) ;
#1081 = DIRECTION ( 'NONE',  ( 1.000000000000000000, 0.000000000000000000, 0.000000000000000000 ) ) ;
#1082 = EXTERNAL_SOURCE (IDENTIFIER('') ) ;
#1083 = PRODUCT ( '90126A206_Zinc-Plated Steel SAE Washer_90126A206', '90126A206_Zinc-Plated Steel SAE Washer_90126A206', '', ( #896 ) ) ;
#1084 = SHAPE_DEFINITION_REPRESENTATION ( #761, #231 ) ;
#1085 = PROPERTY_DEFINITION_REPRESENTATION ( #1760, #1530 ) ;
#1086 = SHAPE_REPRESENTATION ( '6435K34_Clamping Shaft Collar_6435K34', ( #1707 ), #561 ) ;
#1087 = ROLE_ASSOCIATION ( #1105, #1592 ) ;
#1088 = APPLIED_DOCUMENT_REFERENCE ( #1884,'',( #439) ) ;
#1089 = PROPERTY_DEFINITION ('document property','', #783 ) ;
#1090 = EXTERNAL_SOURCE (IDENTIFIER('') ) ;
#1091 = PROPERTY_DEFINITION ('document property','', #1209 ) ;
#1092 = APPLICATION_PROTOCOL_DEFINITION ( 'draft international standard', 'automotive_design', 1998, #1486 ) ;
#1093 = IDENTIFICATION_ROLE ( 'external document id and location', $) ;
#1094 = PROPERTY_DEFINITION_REPRESENTATION ( #958, #1530 ) ;
#1095 = DIRECTION ( 'NONE',  ( 7.391656731137175029E-15, 0.4897172662270148913, 0.8718812987781874302 ) ) ;
#1096 = DOCUMENT_FILE ( '90126A206_Zinc-Plated Steel SAE Washer_90126A206.STEP' , '', '', #1551, '' ,$ ) ;
#1097 = PROPERTY_DEFINITION_REPRESENTATION ( #845, #1364 ) ;
#1098 = PRODUCT_DEFINITION_SHAPE ( 'NONE', 'NONE',  #1791 ) ;
#1099 =( NAMED_UNIT ( * ) PLANE_ANGLE_UNIT ( ) SI_UNIT ( $, .RADIAN. ) );
#1100 =( CONVERSION_BASED_UNIT ( 'INCH', #940 ) LENGTH_UNIT ( ) NAMED_UNIT ( #1452 ) );
#1101 = IDENTIFICATION_ROLE ( 'external document id and location', $) ;
#1102 = DOCUMENT_FILE ( '91772A146_Passivated 18-8 Stainless Steel Pan Head Phillips Screw_91772A146.STEP' , '', '', #1401, '' ,$ ) ;
#1103 = AXIS2_PLACEMENT_3D ( 'NONE', #300, #1418, #1605 ) ;
#1104 = PROPERTY_DEFINITION_REPRESENTATION ( #538, #1899 ) ;
#1105 = OBJECT_ROLE ('mandatory',$ ) ;
#1106 = AXIS2_PLACEMENT_3D ( 'NONE', #1540, #2013, #1853 ) ;
#1107 =( LENGTH_UNIT ( ) NAMED_UNIT ( * ) SI_UNIT ( $, .METRE. ) );
#1108 = ITEM_DEFINED_TRANSFORMATION ( 'NONE', 'NONE', #188,  #1134 ) ;
#1109 = APPLIED_EXTERNAL_IDENTIFICATION_ASSIGNMENT ( 'Gantry Rod.STEP' , #150, #423,( #1749) ) ;
#1110 = PROPERTY_DEFINITION ('external definition','', #250 ) ;
#1111 = APPLICATION_CONTEXT ( 'automotive_design' ) ;
#1112 = DIRECTION ( 'NONE',  ( 1.000000000000000000, 0.000000000000000000, 0.000000000000000000 ) ) ;
#1113 = PRODUCT ( 'Lower retainer', 'Lower retainer', '', ( #1329 ) ) ;
#1114 = ITEM_DEFINED_TRANSFORMATION ( 'NONE', 'NONE', #1303,  #149 ) ;
#1115 = EXTERNAL_SOURCE (IDENTIFIER('') ) ;
#1116 = CONTEXT_DEPENDENT_SHAPE_REPRESENTATION ( #1266, #356 ) ;
#1117 = DIMENSIONAL_EXPONENTS ( 1.000000000000000000, 0.000000000000000000, 0.000000000000000000, 0.000000000000000000, 0.000000000000000000, 0.000000000000000000, 0.000000000000000000 ) ;
#1118 = EXTERNAL_SOURCE (IDENTIFIER('') ) ;
#1119 = CARTESIAN_POINT ( 'NONE',  ( 27.12744430688574937, 36.37309852203637206, 52.71179403763665050 ) ) ;
#1120 = UNCERTAINTY_MEASURE_WITH_UNIT (LENGTH_MEASURE( 1.000000000000000082E-05 ), #1062, 'distance_accuracy_value', 'NONE');
#1121 = PROPERTY_DEFINITION ('external definition','', #1038 ) ;
#1122 = ROLE_ASSOCIATION ( #1973, #811 ) ;
#1123 = PROPERTY_DEFINITION_REPRESENTATION ( #31, #386 ) ;
#1124 = ROLE_ASSOCIATION ( #795, #1321 ) ;
#1125 = PRODUCT_DEFINITION_CONTEXT ( 'detailed design', #751, 'design' ) ;
#1126 = DIMENSIONAL_EXPONENTS ( 1.000000000000000000, 0.000000000000000000, 0.000000000000000000, 0.000000000000000000, 0.000000000000000000, 0.000000000000000000, 0.000000000000000000 ) ;
#1127 = PRODUCT_DEFINITION ( 'General', '', #1718, #1867 ) ;
#1128 = OBJECT_ROLE ('mandatory',$ ) ;
#1129 = LENGTH_MEASURE_WITH_UNIT ( LENGTH_MEASURE( 0.02539999999999999897 ), #484 );
#1130 = PROPERTY_DEFINITION ('external definition','', #433 ) ;
#1131 = DIRECTION ( 'NONE',  ( -2.679253554615124183E-16, -1.000000000000000000, -1.439675356232126388E-16 ) ) ;
#1132 =( REPRESENTATION_RELATIONSHIP ('NONE','NONE', #655, #579 ) REPRESENTATION_RELATIONSHIP_WITH_TRANSFORMATION ( #1478 )SHAPE_REPRESENTATION_RELATIONSHIP( ) );
#1133 = PRODUCT ( 'Balancing bracket', 'Balancing bracket', '', ( #563 ) ) ;
#1134 = AXIS2_PLACEMENT_3D ( 'NONE', #1900, #552, #51 ) ;
#1135 = DIRECTION ( 'NONE',  ( 0.000000000000000000, 0.000000000000000000, 1.000000000000000000 ) ) ;
#1136 = PROPERTY_DEFINITION ('external definition','', #1480 ) ;
#1137 =( GEOMETRIC_REPRESENTATION_CONTEXT ( 3 ) GLOBAL_UNCERTAINTY_ASSIGNED_CONTEXT ( ( #1463 ) ) GLOBAL_UNIT_ASSIGNED_CONTEXT ( ( #972, #1099, #272 ) ) REPRESENTATION_CONTEXT ( 'NONE', 'WORKASPACE' ) );
#1138 = APPLIED_DOCUMENT_REFERENCE ( #1468,'',( #1882) ) ;
#1139 =( GEOMETRIC_REPRESENTATION_CONTEXT ( 3 ) GLOBAL_UNCERTAINTY_ASSIGNED_CONTEXT ( ( #1270 ) ) GLOBAL_UNIT_ASSIGNED_CONTEXT ( ( #920, #793, #1928 ) ) REPRESENTATION_CONTEXT ( 'NONE', 'WORKASPACE' ) );
#1140 = APPLIED_DOCUMENT_REFERENCE ( #12,'',( #755) ) ;
#1141 =( GEOMETRIC_REPRESENTATION_CONTEXT ( 3 ) GLOBAL_UNCERTAINTY_ASSIGNED_CONTEXT ( ( #659 ) ) GLOBAL_UNIT_ASSIGNED_CONTEXT ( ( #1635, #479, #1959 ) ) REPRESENTATION_CONTEXT ( 'NONE', 'WORKASPACE' ) );
#1142 = PROPERTY_DEFINITION ('external definition','', #959 ) ;
#1143 = DIRECTION ( 'NONE',  ( 1.000000000000000000, 0.000000000000000000, 0.000000000000000000 ) ) ;
#1144 = OBJECT_ROLE ('mandatory',$ ) ;
#1145 = IDENTIFICATION_ROLE ( 'external document id and location', $) ;
#1146 = CARTESIAN_POINT ( 'NONE',  ( 25.94444606681506826, 36.99809852203637917, 48.23879403763651652 ) ) ;
#1147 =( CONVERSION_BASED_UNIT ( 'INCH', #1942 ) LENGTH_UNIT ( ) NAMED_UNIT ( #807 ) );
#1148 = PRODUCT_DEFINITION_CONTEXT ( 'detailed design', #1917, 'design' ) ;
#1149 = PROPERTY_DEFINITION_REPRESENTATION ( #651, #1157 ) ;
#1150 = EXTERNAL_SOURCE (IDENTIFIER('') ) ;
#1151 = CARTESIAN_POINT ( 'NONE',  ( 26.10490163085805904, 37.51809852203638229, 52.41922150328318253 ) ) ;
#1152 = ROLE_ASSOCIATION ( #1370, #1140 ) ;
#1153 = PRODUCT_DEFINITION_CONTEXT ( 'detailed design', #1054, 'design' ) ;
#1154 = DIRECTION ( 'NONE',  ( 1.000000000000000000, 0.000000000000000000, 0.000000000000000000 ) ) ;
#1155 = PRODUCT_DEFINITION_SHAPE ( 'NONE', 'NONE',  #2093 ) ;
#1156 =( CONVERSION_BASED_UNIT ( 'INCH', #1352 ) LENGTH_UNIT ( ) NAMED_UNIT ( #1515 ) );
#1157 = SHAPE_REPRESENTATION ( 'Gantry Block', ( #800 ), #669 ) ;
#1158 = ITEM_DEFINED_TRANSFORMATION ( 'NONE', 'NONE', #94,  #1183 ) ;
#1159 = PROPERTY_DEFINITION ('document property','', #670 ) ;
#1160 = DIRECTION ( 'NONE',  ( -0.9982205648846486090, 0.000000000000000000, 0.05962972280141431991 ) ) ;
#1161 = PRODUCT_RELATED_PRODUCT_CATEGORY ( 'part', '', ( #797 ) ) ;
#1162 = APPLICATION_CONTEXT ( 'automotive_design' ) ;
#1163 = CARTESIAN_POINT ( 'NONE',  ( 0.000000000000000000, 0.000000000000000000, 0.000000000000000000 ) ) ;
#1164 = DIRECTION ( 'NONE',  ( -6.162975822039154730E-33, 1.224646799147353207E-16, -1.000000000000000000 ) ) ;
#1165 =( REPRESENTATION_RELATIONSHIP ('NONE','NONE', #655, #1364 ) REPRESENTATION_RELATIONSHIP_WITH_TRANSFORMATION ( #934 )SHAPE_REPRESENTATION_RELATIONSHIP( ) );
#1166 = PROPERTY_DEFINITION_REPRESENTATION ( #950, #875 ) ;
#1167 = PROPERTY_DEFINITION_REPRESENTATION ( #1493, #231 ) ;
#1168 = DOCUMENT_TYPE ( 'geometry' ) ;
#1169 =( NAMED_UNIT ( * ) PLANE_ANGLE_UNIT ( ) SI_UNIT ( $, .RADIAN. ) );
#1170 = DIRECTION ( 'NONE',  ( -0.9237280213470682178, -0.3830490080632377725, 0.000000000000000000 ) ) ;
#1171 = SHAPE_REPRESENTATION ( 'Inner gantry bracket, upper', ( #1746 ), #21 ) ;
#1172 = PRODUCT_DEFINITION_CONTEXT ( 'detailed design', #1848, 'design' ) ;
#1173 = DIRECTION ( 'NONE',  ( 0.000000000000000000, 0.000000000000000000, 1.000000000000000000 ) ) ;
#1174 = SHAPE_DEFINITION_REPRESENTATION ( #334, #579 ) ;
#1175 = ROLE_ASSOCIATION ( #79, #71 ) ;
#1176 = CARTESIAN_POINT ( 'NONE',  ( 0.000000000000000000, 0.000000000000000000, 0.000000000000000000 ) ) ;
#1177 =( GEOMETRIC_REPRESENTATION_CONTEXT ( 3 ) GLOBAL_UNCERTAINTY_ASSIGNED_CONTEXT ( ( #684 ) ) GLOBAL_UNIT_ASSIGNED_CONTEXT ( ( #839, #11, #1479 ) ) REPRESENTATION_CONTEXT ( 'NONE', 'WORKASPACE' ) );
#1178 = PROPERTY_DEFINITION_REPRESENTATION ( #107, #1086 ) ;
#1179 = DIMENSIONAL_EXPONENTS ( 1.000000000000000000, 0.000000000000000000, 0.000000000000000000, 0.000000000000000000, 0.000000000000000000, 0.000000000000000000, 0.000000000000000000 ) ;
#1180 =( NAMED_UNIT ( * ) PLANE_ANGLE_UNIT ( ) SI_UNIT ( $, .RADIAN. ) );
#1181 =( REPRESENTATION_RELATIONSHIP ('NONE','NONE', #655, #1663 ) REPRESENTATION_RELATIONSHIP_WITH_TRANSFORMATION ( #1256 )SHAPE_REPRESENTATION_RELATIONSHIP( ) );
#1182 = PROPERTY_DEFINITION ('document property','', #370 ) ;
#1183 = AXIS2_PLACEMENT_3D ( 'NONE', #1450, #1738, #1909 ) ;
#1184 = DOCUMENT_TYPE ( 'geometry' ) ;
#1185 = DIMENSIONAL_EXPONENTS ( 1.000000000000000000, 0.000000000000000000, 0.000000000000000000, 0.000000000000000000, 0.000000000000000000, 0.000000000000000000, 0.000000000000000000 ) ;
#1186 = ROLE_ASSOCIATION ( #719, #850 ) ;
#1187 = AXIS2_PLACEMENT_3D ( 'NONE', #1970, #790, #1775 ) ;
#1188 = APPLIED_EXTERNAL_IDENTIFICATION_ASSIGNMENT ( '92185A214_Super-Corrosion-Resistant 316 Stainless Steel Socket Head Screw_92185A214.STEP' , #40, #1115,( #783) ) ;
#1189 = APPLICATION_PROTOCOL_DEFINITION ( 'draft international standard', 'automotive_design', 1998, #1264 ) ;
#1190 = PROPERTY_DEFINITION_REPRESENTATION ( #390, #1309 ) ;
#1191 = PROPERTY_DEFINITION_REPRESENTATION ( #1091, #274 ) ;
#1192 = DIRECTION ( 'NONE',  ( 0.000000000000000000, 0.000000000000000000, 1.000000000000000000 ) ) ;
#1193 = PRODUCT_RELATED_PRODUCT_CATEGORY ( 'part', '', ( #1436 ) ) ;
#1194 = APPLICATION_CONTEXT ( 'automotive_design' ) ;
#1195 = CARTESIAN_POINT ( 'NONE',  ( 27.83194606681493966, 39.61084734428931142, 48.20779403763665272 ) ) ;
#1196 = EXTERNAL_SOURCE (IDENTIFIER('') ) ;
#1197 = PRODUCT_DEFINITION_CONTEXT ( 'detailed design', #1756, 'design' ) ;
#1198 = SHAPE_DEFINITION_REPRESENTATION ( #297, #1309 ) ;
#1199 = IDENTIFICATION_ROLE ( 'external document id and location', $) ;
#1200 = PROPERTY_DEFINITION ('external definition','', #1828 ) ;
#1201 = PROPERTY_DEFINITION_REPRESENTATION ( #1840, #1292 ) ;
#1202 = PROPERTY_DEFINITION_REPRESENTATION ( #1245, #453 ) ;
#1203 = PRODUCT_RELATED_PRODUCT_CATEGORY ( 'part', '', ( #1455 ) ) ;
#1204 = PROPERTY_DEFINITION ('document property','', #1038 ) ;
#1205 = APPLIED_EXTERNAL_IDENTIFICATION_ASSIGNMENT ( '92196A537_18-8 Stainless Steel Socket Head Screw_92196A537.STEP' , #1199, #1593,( #433) ) ;
#1206 = OBJECT_ROLE ('mandatory',$ ) ;
#1207 = CONTEXT_DEPENDENT_SHAPE_REPRESENTATION ( #1716, #1794 ) ;
#1208 = IDENTIFICATION_ROLE ( 'external document id and location', $) ;
#1209 = DOCUMENT_FILE ( '92580A332_Grade B7 Medium-Strength Steel Threaded Rod_92580A332.STEP' , '', '', #1043, '' ,$ ) ;
#1210 = AXIS2_PLACEMENT_3D ( 'NONE', #1034, #347, #375 ) ;
#1211 = PROPERTY_DEFINITION ('document property','', #167 ) ;
#1212 = AXIS2_PLACEMENT_3D ( 'NONE', #407, #1667, #2039 ) ;
#1213 = PROPERTY_DEFINITION ('external definition','', #690 ) ;
#1214 = PRODUCT_CONTEXT ( 'NONE', #1162, 'mechanical' ) ;
#1215 = APPLIED_EXTERNAL_IDENTIFICATION_ASSIGNMENT ( '90126A206_Zinc-Plated Steel SAE Washer_90126A206.STEP' , #1949, #1150,( #1839) ) ;
#1216 =( REPRESENTATION_RELATIONSHIP ('NONE','NONE', #655, #1449 ) REPRESENTATION_RELATIONSHIP_WITH_TRANSFORMATION ( #1969 )SHAPE_REPRESENTATION_RELATIONSHIP( ) );
#1217 = PROPERTY_DEFINITION_REPRESENTATION ( #1621, #1309 ) ;
#1218 = LENGTH_MEASURE_WITH_UNIT ( LENGTH_MEASURE( 0.02539999999999999897 ), #78 );
#1219 = APPLIED_DOCUMENT_REFERENCE ( #370,'',( #1127) ) ;
#1220 = PROPERTY_DEFINITION ('external definition','', #185 ) ;
#1221 = EXTERNAL_SOURCE (IDENTIFIER('') ) ;
#1222 = DIRECTION ( 'NONE',  ( 1.000000000000000000, 0.000000000000000000, 0.000000000000000000 ) ) ;
#1223 = CARTESIAN_POINT ( 'NONE',  ( 26.45694606681493610, 37.28084852203637212, 48.95679403763665505 ) ) ;
#1224 = PRODUCT_DEFINITION ( 'General', '', #1514, #1888 ) ;
#1225 = APPLICATION_CONTEXT ( 'automotive_design' ) ;
#1226 = DIRECTION ( 'NONE',  ( 0.000000000000000000, 0.000000000000000000, 1.000000000000000000 ) ) ;
#1227 = PROPERTY_DEFINITION ('document property','', #1381 ) ;
#1228 = DOCUMENT_TYPE ( 'geometry' ) ;
#1229 =( REPRESENTATION_RELATIONSHIP ('NONE','NONE', #655, #1530 ) REPRESENTATION_RELATIONSHIP_WITH_TRANSFORMATION ( #1394 )SHAPE_REPRESENTATION_RELATIONSHIP( ) );
#1230 = SHAPE_DEFINITION_REPRESENTATION ( #1725, #1971 ) ;
#1231 = APPLIED_EXTERNAL_IDENTIFICATION_ASSIGNMENT ( '92196A537_18-8 Stainless Steel Socket Head Screw_92196A537.STEP' , #43, #170,( #250) ) ;
#1232 = PROPERTY_DEFINITION_REPRESENTATION ( #332, #372 ) ;
#1233 = SHAPE_REPRESENTATION ( '92196A540_18-8 Stainless Steel Socket Head Screw_92196A540', ( #1402 ), #1883 ) ;
#1234 =( NAMED_UNIT ( * ) PLANE_ANGLE_UNIT ( ) SI_UNIT ( $, .RADIAN. ) );
#1235 = ROLE_ASSOCIATION ( #885, #1380 ) ;
#1236 = PRODUCT ( '92185A548_Super-Corrosion-Resistant 316 Stainless Steel Socket Head Screw_92185A548', '92185A548_Super-Corrosion-Resistant 316 Stainless Steel Socket Head Screw_92185A548', '', ( #537 ) ) ;
#1237 = PROPERTY_DEFINITION_REPRESENTATION ( #737, #18 ) ;
#1238 = DIRECTION ( 'NONE',  ( 0.000000000000000000, 1.000000000000000000, 0.000000000000000000 ) ) ;
#1239 =( REPRESENTATION_RELATIONSHIP ('NONE','NONE', #655, #1364 ) REPRESENTATION_RELATIONSHIP_WITH_TRANSFORMATION ( #1562 )SHAPE_REPRESENTATION_RELATIONSHIP( ) );
#1240 = AXIS2_PLACEMENT_3D ( 'NONE', #1517, #66, #675 ) ;
#1241 = APPLICATION_PROTOCOL_DEFINITION ( 'draft international standard', 'automotive_design', 1998, #1756 ) ;
#1242 = AXIS2_PLACEMENT_3D ( 'NONE', #490, #160, #1622 ) ;
#1243 = IDENTIFICATION_ROLE ( 'external document id and location', $) ;
#1244 = DOCUMENT_FILE ( '92196A537_18-8 Stainless Steel Socket Head Screw_92196A537.STEP' , '', '', #1994, '' ,$ ) ;
#1245 = PROPERTY_DEFINITION ('document property','', #1059 ) ;
#1246 = APPLIED_EXTERNAL_IDENTIFICATION_ASSIGNMENT ( '90499A029_High-Strength Steel Hex Nut_90499A029.STEP' , #110, #619,( #1963) ) ;
#1247 = PROPERTY_DEFINITION_REPRESENTATION ( #1712, #453 ) ;
#1248 = LENGTH_MEASURE_WITH_UNIT ( LENGTH_MEASURE( 0.02539999999999999897 ), #1564 );
#1249 = CONTEXT_DEPENDENT_SHAPE_REPRESENTATION ( #1947, #687 ) ;
#1250 = PRODUCT_DEFINITION_SHAPE ( 'NONE', 'NONE',  #1306 ) ;
#1251 = DOCUMENT_TYPE ( 'geometry' ) ;
#1252 = APPLICATION_PROTOCOL_DEFINITION ( 'draft international standard', 'automotive_design', 1998, #936 ) ;
#1253 = CONTEXT_DEPENDENT_SHAPE_REPRESENTATION ( #1445, #313 ) ;
#1254 = CARTESIAN_POINT ( 'NONE',  ( 29.48744430688575235, 36.36059852203540288, 49.93679403763736957 ) ) ;
#1255 = EXTERNAL_SOURCE (IDENTIFIER('') ) ;
#1256 = ITEM_DEFINED_TRANSFORMATION ( 'NONE', 'NONE', #1210,  #1331 ) ;
#1257 = PRODUCT_RELATED_PRODUCT_CATEGORY ( 'part', '', ( #1419 ) ) ;
#1258 = CARTESIAN_POINT ( 'NONE',  ( 0.000000000000000000, 0.000000000000000000, 0.000000000000000000 ) ) ;
#1259 = APPLIED_DOCUMENT_REFERENCE ( #959,'',( #956) ) ;
#1260 = CARTESIAN_POINT ( 'NONE',  ( 27.14444606681513150, 36.74809852203637206, 49.03179403763648736 ) ) ;
#1261 = APPLICATION_PROTOCOL_DEFINITION ( 'draft international standard', 'automotive_design', 1998, #891 ) ;
#1262 = DOCUMENT_FILE ( '91772A146_Passivated 18-8 Stainless Steel Pan Head Phillips Screw_91772A146.STEP' , '', '', #1168, '' ,$ ) ;
#1263 = DIRECTION ( 'NONE',  ( -1.000000000000000000, 0.000000000000000000, 0.000000000000000000 ) ) ;
#1264 = APPLICATION_CONTEXT ( 'automotive_design' ) ;
#1265 = CONTEXT_DEPENDENT_SHAPE_REPRESENTATION ( #1512, #1339 ) ;
#1266 =( REPRESENTATION_RELATIONSHIP ('NONE','NONE', #655, #1364 ) REPRESENTATION_RELATIONSHIP_WITH_TRANSFORMATION ( #1290 )SHAPE_REPRESENTATION_RELATIONSHIP( ) );
#1267 = PROPERTY_DEFINITION_REPRESENTATION ( #1007, #1364 ) ;
#1268 = PRODUCT ( '92196A540_18-8 Stainless Steel Socket Head Screw_92196A540', '92196A540_18-8 Stainless Steel Socket Head Screw_92196A540', '', ( #1523 ) ) ;
#1269 = EXTERNAL_SOURCE (IDENTIFIER('') ) ;
#1270 = UNCERTAINTY_MEASURE_WITH_UNIT (LENGTH_MEASURE( 1.000000000000000082E-05 ), #920, 'distance_accuracy_value', 'NONE');
#1271 = PROPERTY_DEFINITION_REPRESENTATION ( #1356, #1449 ) ;
#1272 = AXIS2_PLACEMENT_3D ( 'NONE', #1573, #657, #649 ) ;
#1273 = DIRECTION ( 'NONE',  ( 0.000000000000000000, -1.000000000000000000, 0.000000000000000000 ) ) ;
#1274 = PROPERTY_DEFINITION_REPRESENTATION ( #1089, #1364 ) ;
#1275 = PRODUCT_DEFINITION_FORMATION_WITH_SPECIFIED_SOURCE ( 'Symmetric', '', #1436, .NOT_KNOWN. ) ;
#1276 = EXTERNAL_SOURCE (IDENTIFIER('') ) ;
#1277 = CARTESIAN_POINT ( 'NONE',  ( 24.76744430688574994, 36.36059852203784004, 50.73679403763558327 ) ) ;
#1278 = CONTEXT_DEPENDENT_SHAPE_REPRESENTATION ( #1565, #61 ) ;
#1279 = IDENTIFICATION_ROLE ( 'external document id and location', $) ;
#1280 = PRODUCT_DEFINITION ( 'General', '', #970, #722 ) ;
#1281 = CARTESIAN_POINT ( 'NONE',  ( 0.000000000000000000, 0.000000000000000000, 0.000000000000000000 ) ) ;
#1282 = DIRECTION ( 'NONE',  ( -0.9982205648846483870, 1.026720117140052852E-14, 0.05962972280141430603 ) ) ;
#1283 = PRODUCT_DEFINITION_SHAPE ( 'NONE', 'NONE',  #539 ) ;
#1284 = APPLICATION_CONTEXT ( 'automotive_design' ) ;
#1285 = UNCERTAINTY_MEASURE_WITH_UNIT (LENGTH_MEASURE( 1.000000000000000082E-05 ), #1521, 'distance_accuracy_value', 'NONE');
#1286 = OBJECT_ROLE ('mandatory',$ ) ;
#1287 = DIMENSIONAL_EXPONENTS ( 1.000000000000000000, 0.000000000000000000, 0.000000000000000000, 0.000000000000000000, 0.000000000000000000, 0.000000000000000000, 0.000000000000000000 ) ;
#1288 = CARTESIAN_POINT ( 'NONE',  ( 24.78629430688575042, 36.56059852203637206, 50.11179403763666329 ) ) ;
#1289 = OBJECT_ROLE ('mandatory',$ ) ;
#1290 = ITEM_DEFINED_TRANSFORMATION ( 'NONE', 'NONE', #1336,  #1134 ) ;
#1291 = LENGTH_MEASURE_WITH_UNIT ( LENGTH_MEASURE( 0.02539999999999999897 ), #162 );
#1292 = SHAPE_REPRESENTATION ( '91075A445_Male-Female Threaded Hex Standoff_91075A445', ( #532 ), #1817 ) ;
#1293 = PRODUCT_DEFINITION_SHAPE ( 'NONE', 'NONE',  #2094 ) ;
#1294 = ROLE_ASSOCIATION ( #941, #996 ) ;
#1295 = CARTESIAN_POINT ( 'NONE',  ( 28.34444606681506684, 36.99809852203637917, 48.23879403763653073 ) ) ;
#1296 = PRODUCT ( '91772A146_Passivated 18-8 Stainless Steel Pan Head Phillips Screw_91772A146', '91772A146_Passivated 18-8 Stainless Steel Pan Head Phillips Screw_91772A146', '', ( #2020 ) ) ;
#1297 = DIMENSIONAL_EXPONENTS ( 1.000000000000000000, 0.000000000000000000, 0.000000000000000000, 0.000000000000000000, 0.000000000000000000, 0.000000000000000000, 0.000000000000000000 ) ;
#1298 = PRODUCT_DEFINITION_SHAPE ( 'NONE', 'NONE',  #2065 ) ;
#1299 = DIRECTION ( 'NONE',  ( 0.000000000000000000, -1.000000000000000000, 0.000000000000000000 ) ) ;
#1300 = DOCUMENT_TYPE ( 'geometry' ) ;
#1301 = PROPERTY_DEFINITION_REPRESENTATION ( #637, #875 ) ;
#1302 = ROLE_ASSOCIATION ( #870, #1625 ) ;
#1303 = AXIS2_PLACEMENT_3D ( 'NONE', #395, #1095, #419 ) ;
#1304 = EXTERNAL_SOURCE (IDENTIFIER('') ) ;
#1305 = PRODUCT_DEFINITION_SHAPE ( 'NONE', 'NONE',  #2075 ) ;
#1306 = PRODUCT_DEFINITION ( 'General', '', #834, #1125 ) ;
#1307 = PRODUCT_DEFINITION_FORMATION_WITH_SPECIFIED_SOURCE ( 'Symmetric', '', #1419, .NOT_KNOWN. ) ;
#1308 = APPLIED_EXTERNAL_IDENTIFICATION_ASSIGNMENT ( '92196A540_18-8 Stainless Steel Socket Head Screw_92196A540.STEP' , #843, #379,( #1761) ) ;
#1309 = SHAPE_REPRESENTATION ( 'Balancing bracket', ( #361 ), #1607 ) ;
#1310 = UNCERTAINTY_MEASURE_WITH_UNIT (LENGTH_MEASURE( 1.000000000000000082E-05 ), #600, 'distance_accuracy_value', 'NONE');
#1311 = APPLIED_DOCUMENT_REFERENCE ( #335,'',( #1791) ) ;
#1312 = ROLE_ASSOCIATION ( #741, #601 ) ;
#1313 = PROPERTY_DEFINITION_REPRESENTATION ( #516, #231 ) ;
#1314 = DIMENSIONAL_EXPONENTS ( 1.000000000000000000, 0.000000000000000000, 0.000000000000000000, 0.000000000000000000, 0.000000000000000000, 0.000000000000000000, 0.000000000000000000 ) ;
#1315 =( REPRESENTATION_RELATIONSHIP ('NONE','NONE', #655, #1885 ) REPRESENTATION_RELATIONSHIP_WITH_TRANSFORMATION ( #641 )SHAPE_REPRESENTATION_RELATIONSHIP( ) );
#1316 =( REPRESENTATION_RELATIONSHIP ('NONE','NONE', #655, #1462 ) REPRESENTATION_RELATIONSHIP_WITH_TRANSFORMATION ( #879 )SHAPE_REPRESENTATION_RELATIONSHIP( ) );
#1317 = PROPERTY_DEFINITION ('document property','', #690 ) ;
#1318 = PRODUCT_DEFINITION_SHAPE ( 'NONE', 'NONE',  #2053 ) ;
#1319 = SHAPE_DEFINITION_REPRESENTATION ( #648, #1584 ) ;
#1320 = PROPERTY_DEFINITION ('document property','', #959 ) ;
#1321 = APPLIED_DOCUMENT_REFERENCE ( #690,'',( #1815) ) ;
#1322 =( LENGTH_UNIT ( ) NAMED_UNIT ( * ) SI_UNIT ( $, .METRE. ) );
#1323 = APPLICATION_CONTEXT ( 'automotive_design' ) ;
#1324 = ROLE_ASSOCIATION ( #578, #1629 ) ;
#1325 = DIRECTION ( 'NONE',  ( 0.000000000000000000, 0.000000000000000000, -1.000000000000000000 ) ) ;
#1326 = UNCERTAINTY_MEASURE_WITH_UNIT (LENGTH_MEASURE( 1.000000000000000082E-05 ), #813, 'distance_accuracy_value', 'NONE');
#1327 = IDENTIFICATION_ROLE ( 'external document id and location', $) ;
#1328 = PRODUCT_DEFINITION ( 'General', '', #1750, #358 ) ;
#1329 = PRODUCT_CONTEXT ( 'NONE', #612, 'mechanical' ) ;
#1330 = DOCUMENT_TYPE ( 'geometry' ) ;
#1331 = AXIS2_PLACEMENT_3D ( 'NONE', #1163, #977, #1599 ) ;
#1332 = CONTEXT_DEPENDENT_SHAPE_REPRESENTATION ( #554, #163 ) ;
#1333 = AXIS2_PLACEMENT_3D ( 'NONE', #1985, #598, #1429 ) ;
#1334 = ITEM_DEFINED_TRANSFORMATION ( 'NONE', 'NONE', #89,  #1333 ) ;
#1335 = PROPERTY_DEFINITION ('external definition','', #670 ) ;
#1336 = AXIS2_PLACEMENT_3D ( 'NONE', #1295, #842, #1494 ) ;
#1337 = PROPERTY_DEFINITION_REPRESENTATION ( #1227, #1171 ) ;
#1338 = AXIS2_PLACEMENT_3D ( 'NONE', #1408, #1263, #550 ) ;
#1339 = PRODUCT_DEFINITION_SHAPE ( 'NONE', 'NONE',  #2071 ) ;
#1340 = DIRECTION ( 'NONE',  ( 0.05962972280141431991, 0.000000000000000000, 0.9982205648846486090 ) ) ;
#1341 =( NAMED_UNIT ( * ) SI_UNIT ( $, .STERADIAN. ) SOLID_ANGLE_UNIT ( ) );
#1342 = PROPERTY_DEFINITION ('document property','', #461 ) ;
#1343 = APPLIED_EXTERNAL_IDENTIFICATION_ASSIGNMENT ( '92311A581_18-8 Stainless Steel Cup-Point Set Screw_92311A581.STEP' , #1243, #913,( #1797) ) ;
#1344 = APPLIED_EXTERNAL_IDENTIFICATION_ASSIGNMENT ( '90126A206_Zinc-Plated Steel SAE Washer_90126A206.STEP' , #1397, #1906,( #370) ) ;
#1345 = OBJECT_ROLE ('mandatory',$ ) ;
#1346 = PROPERTY_DEFINITION ('document property','', #1490 ) ;
#1347 = APPLICATION_PROTOCOL_DEFINITION ( 'draft international standard', 'automotive_design', 1998, #868 ) ;
#1348 = PROPERTY_DEFINITION_REPRESENTATION ( #232, #372 ) ;
#1349 = OBJECT_ROLE ('mandatory',$ ) ;
#1350 = ITEM_DEFINED_TRANSFORMATION ( 'NONE', 'NONE', #1373,  #1333 ) ;
#1351 = CARTESIAN_POINT ( 'NONE',  ( 25.16569430688574371, 35.99809852203637206, 56.06179403763664482 ) ) ;
#1352 = LENGTH_MEASURE_WITH_UNIT ( LENGTH_MEASURE( 0.02539999999999999897 ), #373 );
#1353 = DIRECTION ( 'NONE',  ( 1.000000000000000000, 0.000000000000000000, 0.000000000000000000 ) ) ;
#1354 =( CONVERSION_BASED_UNIT ( 'INCH', #711 ) LENGTH_UNIT ( ) NAMED_UNIT ( #354 ) );
#1355 = APPLICATION_PROTOCOL_DEFINITION ( 'draft international standard', 'automotive_design', 1998, #1194 ) ;
#1356 = PROPERTY_DEFINITION ('document property','', #335 ) ;
#1357 = APPLICATION_CONTEXT ( 'automotive_design' ) ;
#1358 = CONTEXT_DEPENDENT_SHAPE_REPRESENTATION ( #822, #1735 ) ;
#1359 =( REPRESENTATION_RELATIONSHIP ('NONE','NONE', #655, #453 ) REPRESENTATION_RELATIONSHIP_WITH_TRANSFORMATION ( #1334 )SHAPE_REPRESENTATION_RELATIONSHIP( ) );
#1360 = PROPERTY_DEFINITION ('external definition','', #542 ) ;
#1361 = CARTESIAN_POINT ( 'NONE',  ( 0.000000000000000000, 0.000000000000000000, 0.000000000000000000 ) ) ;
#1362 =( LENGTH_UNIT ( ) NAMED_UNIT ( * ) SI_UNIT ( $, .METRE. ) );
#1363 = SHAPE_DEFINITION_REPRESENTATION ( #1604, #1530 ) ;
#1364 = SHAPE_REPRESENTATION ( '92185A214_Super-Corrosion-Resistant 316 Stainless Steel Socket Head Screw_92185A214', ( #1134 ), #430 ) ;
#1365 = ITEM_DEFINED_TRANSFORMATION ( 'NONE', 'NONE', #594,  #635 ) ;
#1366 = CONTEXT_DEPENDENT_SHAPE_REPRESENTATION ( #1798, #1561 ) ;
#1367 = APPLICATION_CONTEXT ( 'automotive_design' ) ;
#1368 = CARTESIAN_POINT ( 'NONE',  ( 29.08919430688575147, 36.37309852203636495, 56.06179403763664482 ) ) ;
#1369 =( NAMED_UNIT ( * ) SI_UNIT ( $, .STERADIAN. ) SOLID_ANGLE_UNIT ( ) );
#1370 = OBJECT_ROLE ('mandatory',$ ) ;
#1371 = PRODUCT_RELATED_PRODUCT_CATEGORY ( 'part', '', ( #1113 ) ) ;
#1372 = DIRECTION ( 'NONE',  ( 0.000000000000000000, -1.000000000000000000, 0.000000000000000000 ) ) ;
#1373 = AXIS2_PLACEMENT_3D ( 'NONE', #1223, #74, #443 ) ;
#1374 = PRODUCT_DEFINITION_SHAPE ( 'NONE', 'NONE',  #2045 ) ;
#1375 = AXIS2_PLACEMENT_3D ( 'NONE', #999, #1443, #982 ) ;
#1376 = EXTERNAL_SOURCE (IDENTIFIER('') ) ;
#1377 = APPLIED_EXTERNAL_IDENTIFICATION_ASSIGNMENT ( '5125K52_Brass Knob_5125K52.STEP' , #1639, #501,( #788) ) ;
#1378 = APPLICATION_PROTOCOL_DEFINITION ( 'draft international standard', 'automotive_design', 1998, #509 ) ;
#1379 = APPLIED_DOCUMENT_REFERENCE ( #1102,'',( #182) ) ;
#1380 = APPLIED_DOCUMENT_REFERENCE ( #461,'',( #415) ) ;
#1381 = DOCUMENT_FILE ( 'Inner gantry bracket, upper.STEP' , '', '', #841, '' ,$ ) ;
#1382 = PRODUCT ( '91075A445_Male-Female Threaded Hex Standoff_91075A445', '91075A445_Male-Female Threaded Hex Standoff_91075A445', '', ( #1981 ) ) ;
#1383 = DOCUMENT_TYPE ( 'geometry' ) ;
#1384 =( NAMED_UNIT ( * ) SI_UNIT ( $, .STERADIAN. ) SOLID_ANGLE_UNIT ( ) );
#1385 = SHAPE_DEFINITION_REPRESENTATION ( #1066, #1086 ) ;
#1386 = IDENTIFICATION_ROLE ( 'external document id and location', $) ;
#1387 = DOCUMENT_FILE ( '92196A537_18-8 Stainless Steel Socket Head Screw_92196A537.STEP' , '', '', #732, '' ,$ ) ;
#1388 = ITEM_DEFINED_TRANSFORMATION ( 'NONE', 'NONE', #437,  #672 ) ;
#1389 = CARTESIAN_POINT ( 'NONE',  ( 0.000000000000000000, 0.000000000000000000, 0.000000000000000000 ) ) ;
#1390 = CONTEXT_DEPENDENT_SHAPE_REPRESENTATION ( #910, #1318 ) ;
#1391 = CONTEXT_DEPENDENT_SHAPE_REPRESENTATION ( #2, #192 ) ;
#1392 = APPLICATION_CONTEXT ( 'automotive_design' ) ;
#1393 = APPLICATION_PROTOCOL_DEFINITION ( 'draft international standard', 'automotive_design', 1998, #1987 ) ;
#1394 = ITEM_DEFINED_TRANSFORMATION ( 'NONE', 'NONE', #932,  #161 ) ;
#1395 = PRODUCT_DEFINITION ( 'General', '', #1581, #1698 ) ;
#1396 = PROPERTY_DEFINITION_REPRESENTATION ( #1800, #453 ) ;
#1397 = IDENTIFICATION_ROLE ( 'external document id and location', $) ;
#1398 = PRODUCT_DEFINITION_SHAPE ( 'NONE', 'NONE',  #415 ) ;
#1399 = DOCUMENT_TYPE ( 'geometry' ) ;
#1400 = ROLE_ASSOCIATION ( #164, #253 ) ;
#1401 = DOCUMENT_TYPE ( 'geometry' ) ;
#1402 = AXIS2_PLACEMENT_3D ( 'NONE', #369, #525, #1018 ) ;
#1403 = DIRECTION ( 'NONE',  ( 0.000000000000000000, 0.000000000000000000, 1.000000000000000000 ) ) ;
#1404 = SHAPE_DEFINITION_REPRESENTATION ( #907, #817 ) ;
#1405 = PRODUCT_DEFINITION_FORMATION_WITH_SPECIFIED_SOURCE ( 'Symmetric', '', #666, .NOT_KNOWN. ) ;
#1406 = PRODUCT_DEFINITION_SHAPE ( 'NONE', 'NONE',  #2055 ) ;
#1407 = PROPERTY_DEFINITION ('external definition','', #1209 ) ;
#1408 = CARTESIAN_POINT ( 'NONE',  ( 24.76744430688574994, 36.56059852203637206, 53.81179403763666613 ) ) ;
#1409 = APPLIED_EXTERNAL_IDENTIFICATION_ASSIGNMENT ( 'Inner gantry bracket, upper.STEP' , #742, #1428,( #1381) ) ;
#1410 = APPLICATION_CONTEXT ( 'automotive_design' ) ;
#1411 =( NAMED_UNIT ( * ) PLANE_ANGLE_UNIT ( ) SI_UNIT ( $, .RADIAN. ) );
#1412 = ROLE_ASSOCIATION ( #1286, #137 ) ;
#1413 = PROPERTY_DEFINITION_REPRESENTATION ( #1717, #18 ) ;
#1414 =( REPRESENTATION_RELATIONSHIP ('NONE','NONE', #655, #1086 ) REPRESENTATION_RELATIONSHIP_WITH_TRANSFORMATION ( #1492 )SHAPE_REPRESENTATION_RELATIONSHIP( ) );
#1415 = PROPERTY_DEFINITION_REPRESENTATION ( #1641, #1364 ) ;
#1416 =( REPRESENTATION_RELATIONSHIP ('NONE','NONE', #655, #875 ) REPRESENTATION_RELATIONSHIP_WITH_TRANSFORMATION ( #1114 )SHAPE_REPRESENTATION_RELATIONSHIP( ) );
#1417 = PROPERTY_DEFINITION_REPRESENTATION ( #992, #386 ) ;
#1418 = DIRECTION ( 'NONE',  ( 0.000000000000000000, 0.000000000000000000, 1.000000000000000000 ) ) ;
#1419 = PRODUCT ( 'Gantry Rod', 'Gantry Rod', '', ( #1879 ) ) ;
#1420 = UNCERTAINTY_MEASURE_WITH_UNIT (LENGTH_MEASURE( 1.000000000000000082E-05 ), #774, 'distance_accuracy_value', 'NONE');
#1421 = APPLICATION_PROTOCOL_DEFINITION ( 'draft international standard', 'automotive_design', 1998, #38 ) ;
#1422 = ROLE_ASSOCIATION ( #1705, #1740 ) ;
#1423 = DIRECTION ( 'NONE',  ( -1.000000000000000000, 0.000000000000000000, 0.000000000000000000 ) ) ;
#1424 = CARTESIAN_POINT ( 'NONE',  ( 0.000000000000000000, 0.000000000000000000, 0.000000000000000000 ) ) ;
#1425 = PROPERTY_DEFINITION_REPRESENTATION ( #1464, #2038 ) ;
#1426 = ITEM_DEFINED_TRANSFORMATION ( 'NONE', 'NONE', #251,  #216 ) ;
#1427 = CARTESIAN_POINT ( 'NONE',  ( 0.000000000000000000, 0.000000000000000000, 0.000000000000000000 ) ) ;
#1428 = EXTERNAL_SOURCE (IDENTIFIER('') ) ;
#1429 = DIRECTION ( 'NONE',  ( 1.000000000000000000, 0.000000000000000000, 0.000000000000000000 ) ) ;
#1430 = ROLE_ASSOCIATION ( #1349, #1259 ) ;
#1431 = CARTESIAN_POINT ( 'NONE',  ( 0.000000000000000000, 0.000000000000000000, 0.000000000000000000 ) ) ;
#1432 =( REPRESENTATION_RELATIONSHIP ('NONE','NONE', #655, #579 ) REPRESENTATION_RELATIONSHIP_WITH_TRANSFORMATION ( #749 )SHAPE_REPRESENTATION_RELATIONSHIP( ) );
#1433 = ITEM_DEFINED_TRANSFORMATION ( 'NONE', 'NONE', #1852,  #1004 ) ;
#1434 = APPLICATION_PROTOCOL_DEFINITION ( 'draft international standard', 'automotive_design', 1998, #1727 ) ;
#1435 =( NAMED_UNIT ( * ) PLANE_ANGLE_UNIT ( ) SI_UNIT ( $, .RADIAN. ) );
#1436 = PRODUCT ( '6435K34_Clamping Shaft Collar_6435K34', '6435K34_Clamping Shaft Collar_6435K34', '', ( #432 ) ) ;
#1437 = PRODUCT_DEFINITION ( 'General', '', #1961, #1532 ) ;
#1438 = APPLICATION_CONTEXT ( 'automotive_design' ) ;
#1439 = ROLE_ASSOCIATION ( #343, #8 ) ;
#1440 = AXIS2_PLACEMENT_3D ( 'NONE', #1563, #1683, #1353 ) ;
#1441 =( REPRESENTATION_RELATIONSHIP ('NONE','NONE', #655, #671 ) REPRESENTATION_RELATIONSHIP_WITH_TRANSFORMATION ( #1388 )SHAPE_REPRESENTATION_RELATIONSHIP( ) );
#1442 = AXIS2_PLACEMENT_3D ( 'NONE', #1146, #1658, #531 ) ;
#1443 = DIRECTION ( 'NONE',  ( 0.000000000000000000, -1.000000000000000000, 0.000000000000000000 ) ) ;
#1444 = PRODUCT_DEFINITION_FORMATION_WITH_SPECIFIED_SOURCE ( 'Symmetric', '', #1268, .NOT_KNOWN. ) ;
#1445 =( REPRESENTATION_RELATIONSHIP ('NONE','NONE', #655, #1584 ) REPRESENTATION_RELATIONSHIP_WITH_TRANSFORMATION ( #1731 )SHAPE_REPRESENTATION_RELATIONSHIP( ) );
#1446 = ROLE_ASSOCIATION ( #1206, #683 ) ;
#1447 = APPLIED_EXTERNAL_IDENTIFICATION_ASSIGNMENT ( '92185A214_Super-Corrosion-Resistant 316 Stainless Steel Socket Head Screw_92185A214.STEP' , #551, #1090,( #670) ) ;
#1448 = APPLIED_EXTERNAL_IDENTIFICATION_ASSIGNMENT ( '90866A029_Zinc-Plated Steel Wing Nut_90866A029.STEP' , #1603, #703,( #1038) ) ;
#1449 = SHAPE_REPRESENTATION ( 'Gantry Rod', ( #1004 ), #1476 ) ;
#1450 = CARTESIAN_POINT ( 'NONE',  ( 0.000000000000000000, 0.000000000000000000, 0.000000000000000000 ) ) ;
#1451 = PROPERTY_DEFINITION_REPRESENTATION ( #1696, #1814 ) ;
#1452 = DIMENSIONAL_EXPONENTS ( 1.000000000000000000, 0.000000000000000000, 0.000000000000000000, 0.000000000000000000, 0.000000000000000000, 0.000000000000000000, 0.000000000000000000 ) ;
#1453 = PRODUCT_DEFINITION_SHAPE ( 'NONE', 'NONE',  #2100 ) ;
#1454 = CARTESIAN_POINT ( 'NONE',  ( 28.07340556786592956, 37.51809852203638229, 52.41922150328312568 ) ) ;
#1455 = PRODUCT ( 'Outer gantry bracket, lower', 'Outer gantry bracket, lower', '', ( #1577 ) ) ;
#1456 = DOCUMENT_TYPE ( 'geometry' ) ;
#1457 =( LENGTH_UNIT ( ) NAMED_UNIT ( * ) SI_UNIT ( $, .METRE. ) );
#1458 = PROPERTY_DEFINITION_REPRESENTATION ( #24, #231 ) ;
#1459 = PRODUCT_DEFINITION_SHAPE ( 'NONE', 'NONE',  #2056 ) ;
#1460 = DOCUMENT_TYPE ( 'geometry' ) ;
#1461 = CARTESIAN_POINT ( 'NONE',  ( 27.83194606681493610, 40.20380718345369075, 48.20779403763663851 ) ) ;
#1462 = SHAPE_REPRESENTATION ( '92185A544_Super-Corrosion-Resistant 316 Stainless Steel Socket Head Screw_92185A544', ( #928 ), #893 ) ;
#1463 = UNCERTAINTY_MEASURE_WITH_UNIT (LENGTH_MEASURE( 1.000000000000000082E-05 ), #972, 'distance_accuracy_value', 'NONE');
#1464 = PROPERTY_DEFINITION ('external definition','', #902 ) ;
#1465 = ROLE_ASSOCIATION ( #522, #477 ) ;
#1466 = DIRECTION ( 'NONE',  ( 1.000000000000000000, 0.000000000000000000, 0.000000000000000000 ) ) ;
#1467 = PRODUCT_RELATED_PRODUCT_CATEGORY ( 'part', '', ( #1296 ) ) ;
#1468 = DOCUMENT_FILE ( '92311A581_18-8 Stainless Steel Cup-Point Set Screw_92311A581.STEP' , '', '', #1526, '' ,$ ) ;
#1469 =( LENGTH_UNIT ( ) NAMED_UNIT ( * ) SI_UNIT ( $, .METRE. ) );
#1470 = OBJECT_ROLE ('mandatory',$ ) ;
#1471 = APPLIED_EXTERNAL_IDENTIFICATION_ASSIGNMENT ( '92311A077_18-8 Stainless Steel Cup-Point Set Screw_92311A077.STEP' , #925, #366,( #346) ) ;
#1472 = IDENTIFICATION_ROLE ( 'external document id and location', $) ;
#1473 = PRODUCT_DEFINITION_SHAPE ( 'NONE', 'NONE',  #2091 ) ;
#1474 = DIRECTION ( 'NONE',  ( 0.000000000000000000, 1.000000000000000000, 0.000000000000000000 ) ) ;
#1475 =( NAMED_UNIT ( * ) PLANE_ANGLE_UNIT ( ) SI_UNIT ( $, .RADIAN. ) );
#1476 =( GEOMETRIC_REPRESENTATION_CONTEXT ( 3 ) GLOBAL_UNCERTAINTY_ASSIGNED_CONTEXT ( ( #533 ) ) GLOBAL_UNIT_ASSIGNED_CONTEXT ( ( #837, #189, #535 ) ) REPRESENTATION_CONTEXT ( 'NONE', 'WORKASPACE' ) );
#1477 = DIRECTION ( 'NONE',  ( 2.043056715794369357E-32, -0.9242245927363030855, -0.3818493186865926092 ) ) ;
#1478 = ITEM_DEFINED_TRANSFORMATION ( 'NONE', 'NONE', #1106,  #764 ) ;
#1479 =( NAMED_UNIT ( * ) SI_UNIT ( $, .STERADIAN. ) SOLID_ANGLE_UNIT ( ) );
#1480 = DOCUMENT_FILE ( '92185A214_Super-Corrosion-Resistant 316 Stainless Steel Socket Head Screw_92185A214.STEP' , '', '', #1668, '' ,$ ) ;
#1482 =( CONVERSION_BASED_UNIT ( 'INCH', #832 ) LENGTH_UNIT ( ) NAMED_UNIT ( #140 ) );
#1481 = PRODUCT_RELATED_PRODUCT_CATEGORY ( 'part', '', ( #458 ) ) ;
#1483 = AXIS2_PLACEMENT_3D ( 'NONE', #630, #1948, #1600 ) ;
#1484 = PROPERTY_DEFINITION ('external definition','', #1761 ) ;
#1485 = APPLIED_EXTERNAL_IDENTIFICATION_ASSIGNMENT ( '6435K34_Clamping Shaft Collar_6435K34.STEP' , #1525, #810,( #690) ) ;
#1486 = APPLICATION_CONTEXT ( 'automotive_design' ) ;
#1487 =( REPRESENTATION_RELATIONSHIP ('NONE','NONE', #655, #231 ) REPRESENTATION_RELATIONSHIP_WITH_TRANSFORMATION ( #994 )SHAPE_REPRESENTATION_RELATIONSHIP( ) );
#1488 = SHAPE_DEFINITION_REPRESENTATION ( #429, #1233 ) ;
#1489 =( REPRESENTATION_RELATIONSHIP ('NONE','NONE', #655, #372 ) REPRESENTATION_RELATIONSHIP_WITH_TRANSFORMATION ( #1838 )SHAPE_REPRESENTATION_RELATIONSHIP( ) );
#1490 = DOCUMENT_FILE ( '91772A146_Passivated 18-8 Stainless Steel Pan Head Phillips Screw_91772A146.STEP' , '', '', #1924, '' ,$ ) ;
#1491 = LENGTH_MEASURE_WITH_UNIT ( LENGTH_MEASURE( 0.02539999999999999897 ), #1457 );
#1492 = ITEM_DEFINED_TRANSFORMATION ( 'NONE', 'NONE', #320,  #1707 ) ;
#1493 = PROPERTY_DEFINITION ('document property','', #12 ) ;
#1494 = DIRECTION ( 'NONE',  ( -0.9237280213470682178, -0.3830490080632377725, 1.004308790545749980E-46 ) ) ;
#1495 =( NAMED_UNIT ( * ) PLANE_ANGLE_UNIT ( ) SI_UNIT ( $, .RADIAN. ) );
#1496 = PRODUCT_DEFINITION_SHAPE ( 'NONE', 'NONE',  #2054 ) ;
#1497 = DIRECTION ( 'NONE',  ( 1.000000000000000000, 0.000000000000000000, 0.000000000000000000 ) ) ;
#1498 = APPLICATION_CONTEXT ( 'automotive_design' ) ;
#1499 = SHAPE_DEFINITION_REPRESENTATION ( #1398, #1899 ) ;
#1500 = PROPERTY_DEFINITION_REPRESENTATION ( #211, #1292 ) ;
#1501 = OBJECT_ROLE ('mandatory',$ ) ;
#1502 = CONTEXT_DEPENDENT_SHAPE_REPRESENTATION ( #210, #1298 ) ;
#1503 =( CONVERSION_BASED_UNIT ( 'INCH', #1637 ) LENGTH_UNIT ( ) NAMED_UNIT ( #1117 ) );
#1504 = DIRECTION ( 'NONE',  ( 0.000000000000000000, -1.000000000000000000, 0.000000000000000000 ) ) ;
#1505 = APPLIED_EXTERNAL_IDENTIFICATION_ASSIGNMENT ( 'Balancing bracket.STEP' , #1386, #1636,( #214) ) ;
#1506 = CARTESIAN_POINT ( 'NONE',  ( 0.000000000000000000, 0.000000000000000000, 0.000000000000000000 ) ) ;
#1507 =( NAMED_UNIT ( * ) PLANE_ANGLE_UNIT ( ) SI_UNIT ( $, .RADIAN. ) );
#1508 = APPLICATION_PROTOCOL_DEFINITION ( 'draft international standard', 'automotive_design', 1998, #1438 ) ;
#1509 = APPLICATION_CONTEXT ( 'automotive_design' ) ;
#1510 = ROLE_ASSOCIATION ( #1144, #1861 ) ;
#1511 = ITEM_DEFINED_TRANSFORMATION ( 'NONE', 'NONE', #592,  #1707 ) ;
#1512 =( REPRESENTATION_RELATIONSHIP ('NONE','NONE', #655, #671 ) REPRESENTATION_RELATIONSHIP_WITH_TRANSFORMATION ( #640 )SHAPE_REPRESENTATION_RELATIONSHIP( ) );
#1513 = DIRECTION ( 'NONE',  ( 0.000000000000000000, 0.000000000000000000, 1.000000000000000000 ) ) ;
#1514 = PRODUCT_DEFINITION_FORMATION_WITH_SPECIFIED_SOURCE ( 'Symmetric', '', #291, .NOT_KNOWN. ) ;
#1515 = DIMENSIONAL_EXPONENTS ( 1.000000000000000000, 0.000000000000000000, 0.000000000000000000, 0.000000000000000000, 0.000000000000000000, 0.000000000000000000, 0.000000000000000000 ) ;
#1516 = APPLIED_EXTERNAL_IDENTIFICATION_ASSIGNMENT ( 'Inner gantry bracket, lower.STEP' , #127, #679,( #167) ) ;
#1517 = CARTESIAN_POINT ( 'NONE',  ( 27.83194606681493966, 38.33459734428929977, 48.20779403763665272 ) ) ;
#1518 = DOCUMENT_TYPE ( 'geometry' ) ;
#1519 = PROPERTY_DEFINITION ('external definition','', #1797 ) ;
#1520 = AXIS2_PLACEMENT_3D ( 'NONE', #1389, #633, #1594 ) ;
#1521 =( CONVERSION_BASED_UNIT ( 'INCH', #1036 ) LENGTH_UNIT ( ) NAMED_UNIT ( #1297 ) );
#1522 = PRODUCT_DEFINITION_SHAPE ( 'NONE', 'NONE',  #2092 ) ;
#1523 = PRODUCT_CONTEXT ( 'NONE', #179, 'mechanical' ) ;
#1524 = DIRECTION ( 'NONE',  ( 0.000000000000000000, -1.000000000000000000, 2.220446049250312588E-16 ) ) ;
#1525 = IDENTIFICATION_ROLE ( 'external document id and location', $) ;
#1526 = DOCUMENT_TYPE ( 'geometry' ) ;
#1527 = DIRECTION ( 'NONE',  ( 1.000000000000000000, 0.000000000000000000, 0.000000000000000000 ) ) ;
#1528 = APPLICATION_PROTOCOL_DEFINITION ( 'draft international standard', 'automotive_design', 1998, #1848 ) ;
#1529 = DOCUMENT_FILE ( '91075A445_Male-Female Threaded Hex Standoff_91075A445.STEP' , '', '', #989, '' ,$ ) ;
#1530 = SHAPE_REPRESENTATION ( '92196A537_18-8 Stainless Steel Socket Head Screw_92196A537', ( #161 ), #119 ) ;
#1531 = ITEM_DEFINED_TRANSFORMATION ( 'NONE', 'NONE', #1240,  #1707 ) ;
#1532 = PRODUCT_DEFINITION_CONTEXT ( 'detailed design', #509, 'design' ) ;
#1533 = DIRECTION ( 'NONE',  ( 1.000000000000000000, 0.000000000000000000, 0.000000000000000000 ) ) ;
#1534 = PRODUCT_DEFINITION_SHAPE ( 'NONE', 'NONE',  #2095 ) ;
#1535 =( REPRESENTATION_RELATIONSHIP ('NONE','NONE', #655, #1597 ) REPRESENTATION_RELATIONSHIP_WITH_TRANSFORMATION ( #661 )SHAPE_REPRESENTATION_RELATIONSHIP( ) );
#1536 = APPLICATION_PROTOCOL_DEFINITION ( 'draft international standard', 'automotive_design', 1998, #1509 ) ;
#1537 = EXTERNAL_SOURCE (IDENTIFIER('') ) ;
#1538 = ITEM_DEFINED_TRANSFORMATION ( 'NONE', 'NONE', #1046,  #635 ) ;
#1539 = CONTEXT_DEPENDENT_SHAPE_REPRESENTATION ( #1316, #770 ) ;
#1540 = CARTESIAN_POINT ( 'NONE',  ( 25.16569430688575082, 36.37309852203637206, 50.70443119089305384 ) ) ;
#1541 =( GEOMETRIC_REPRESENTATION_CONTEXT ( 3 ) GLOBAL_UNCERTAINTY_ASSIGNED_CONTEXT ( ( #514 ) ) GLOBAL_UNIT_ASSIGNED_CONTEXT ( ( #396, #252, #1369 ) ) REPRESENTATION_CONTEXT ( 'NONE', 'WORKASPACE' ) );
#1542 = DIRECTION ( 'NONE',  ( 0.000000000000000000, 0.000000000000000000, 1.000000000000000000 ) ) ;
#1543 = PRODUCT_DEFINITION_FORMATION_WITH_SPECIFIED_SOURCE ( 'Symmetric', '', #263, .NOT_KNOWN. ) ;
#1544 = LENGTH_MEASURE_WITH_UNIT ( LENGTH_MEASURE( 0.02539999999999999897 ), #1858 );
#1545 = DOCUMENT_TYPE ( 'geometry' ) ;
#1546 = APPLICATION_CONTEXT ( 'automotive_design' ) ;
#1547 = SHAPE_DEFINITION_REPRESENTATION ( #1283, #1462 ) ;
#1548 =( GEOMETRIC_REPRESENTATION_CONTEXT ( 3 ) GLOBAL_UNCERTAINTY_ASSIGNED_CONTEXT ( ( #926 ) ) GLOBAL_UNIT_ASSIGNED_CONTEXT ( ( #1354, #1495, #1023 ) ) REPRESENTATION_CONTEXT ( 'NONE', 'WORKASPACE' ) );
#1549 = APPLIED_DOCUMENT_REFERENCE ( #1244,'',( #1328) ) ;
#1550 = CONTEXT_DEPENDENT_SHAPE_REPRESENTATION ( #682, #718 ) ;
#1551 = DOCUMENT_TYPE ( 'geometry' ) ;
#1552 = ROLE_ASSOCIATION ( #392, #1088 ) ;
#1553 =( REPRESENTATION_RELATIONSHIP ('NONE','NONE', #655, #1678 ) REPRESENTATION_RELATIONSHIP_WITH_TRANSFORMATION ( #460 )SHAPE_REPRESENTATION_RELATIONSHIP( ) );
#1554 = PRODUCT ( 'Outer gantry bracket, upper', 'Outer gantry bracket, upper', '', ( #589 ) ) ;
#1555 = DIRECTION ( 'NONE',  ( 1.000000000000000000, 0.000000000000000000, 0.000000000000000000 ) ) ;
#1556 = PRODUCT_RELATED_PRODUCT_CATEGORY ( 'part', '', ( #1236 ) ) ;
#1557 = SHAPE_DEFINITION_REPRESENTATION ( #132, #1157 ) ;
#1558 = ITEM_DEFINED_TRANSFORMATION ( 'NONE', 'NONE', #1375,  #161 ) ;
#1559 = PROPERTY_DEFINITION_REPRESENTATION ( #454, #1462 ) ;
#1560 = EXTERNAL_SOURCE (IDENTIFIER('') ) ;
#1561 = PRODUCT_DEFINITION_SHAPE ( 'NONE', 'NONE',  #2067 ) ;
#1562 = ITEM_DEFINED_TRANSFORMATION ( 'NONE', 'NONE', #1920,  #1134 ) ;
#1563 = CARTESIAN_POINT ( 'NONE',  ( 27.14444606681494321, 35.84034852203637200, 50.05679403763666357 ) ) ;
#1564 =( LENGTH_UNIT ( ) NAMED_UNIT ( * ) SI_UNIT ( $, .METRE. ) );
#1565 =( REPRESENTATION_RELATIONSHIP ('NONE','NONE', #655, #386 ) REPRESENTATION_RELATIONSHIP_WITH_TRANSFORMATION ( #142 )SHAPE_REPRESENTATION_RELATIONSHIP( ) );
#1566 = CONTEXT_DEPENDENT_SHAPE_REPRESENTATION ( #1856, #1684 ) ;
#1567 = APPLICATION_PROTOCOL_DEFINITION ( 'draft international standard', 'automotive_design', 1998, #1833 ) ;
#1568 = APPLIED_DOCUMENT_REFERENCE ( #912,'',( #336) ) ;
#1569 = CONTEXT_DEPENDENT_SHAPE_REPRESENTATION ( #1229, #1293 ) ;
#1570 = PRODUCT ( '91292A046_18-8 Stainless Steel Socket Head Screw_91292A046', '91292A046_18-8 Stainless Steel Socket Head Screw_91292A046', '', ( #191 ) ) ;
#1571 = CONTEXT_DEPENDENT_SHAPE_REPRESENTATION ( #1181, #1701 ) ;
#1572 =( REPRESENTATION_RELATIONSHIP ('NONE','NONE', #655, #1449 ) REPRESENTATION_RELATIONSHIP_WITH_TRANSFORMATION ( #1433 )SHAPE_REPRESENTATION_RELATIONSHIP( ) );
#1573 = CARTESIAN_POINT ( 'NONE',  ( 0.000000000000000000, 0.000000000000000000, 0.000000000000000000 ) ) ;
#1574 =( GEOMETRIC_REPRESENTATION_CONTEXT ( 3 ) GLOBAL_UNCERTAINTY_ASSIGNED_CONTEXT ( ( #1120 ) ) GLOBAL_UNIT_ASSIGNED_CONTEXT ( ( #1062, #721, #1755 ) ) REPRESENTATION_CONTEXT ( 'NONE', 'WORKASPACE' ) );
#1575 = PROPERTY_DEFINITION_REPRESENTATION ( #1960, #1233 ) ;
#1576 = OBJECT_ROLE ('mandatory',$ ) ;
#1577 = PRODUCT_CONTEXT ( 'NONE', #308, 'mechanical' ) ;
#1578 = AXIS2_PLACEMENT_3D ( 'NONE', #81, #569, #766 ) ;
#1579 = ROLE_ASSOCIATION ( #70, #1870 ) ;
#1580 = PROPERTY_DEFINITION ('document property','', #88 ) ;
#1581 = PRODUCT_DEFINITION_FORMATION_WITH_SPECIFIED_SOURCE ( 'Symmetric', '', #7, .NOT_KNOWN. ) ;
#1582 = LENGTH_MEASURE_WITH_UNIT ( LENGTH_MEASURE( 0.02539999999999999897 ), #470 );
#1583 = DIRECTION ( 'NONE',  ( 1.000000000000000000, 0.000000000000000000, 0.000000000000000000 ) ) ;
#1584 = SHAPE_REPRESENTATION ( 'Caudal Potting', ( #464 ), #496 ) ;
#1585 = PROPERTY_DEFINITION ('external definition','', #214 ) ;
#1586 = APPLICATION_CONTEXT ( 'automotive_design' ) ;
#1587 = PRODUCT ( '5125K52_Brass Knob_5125K52', '5125K52_Brass Knob_5125K52', '', ( #241 ) ) ;
#1588 = IDENTIFICATION_ROLE ( 'external document id and location', $) ;
#1589 = PROPERTY_DEFINITION_REPRESENTATION ( #725, #1678 ) ;
#1590 = CARTESIAN_POINT ( 'NONE',  ( 0.000000000000000000, 0.000000000000000000, 0.000000000000000000 ) ) ;
#1591 = DIRECTION ( 'NONE',  ( 0.000000000000000000, 0.000000000000000000, 1.000000000000000000 ) ) ;
#1592 = APPLIED_DOCUMENT_REFERENCE ( #902,'',( #1306) ) ;
#1593 = EXTERNAL_SOURCE (IDENTIFIER('') ) ;
#1594 = DIRECTION ( 'NONE',  ( 1.000000000000000000, 0.000000000000000000, 0.000000000000000000 ) ) ;
#1595 = ITEM_DEFINED_TRANSFORMATION ( 'NONE', 'NONE', #1442,  #1134 ) ;
#1596 = PRODUCT_RELATED_PRODUCT_CATEGORY ( 'part', '', ( #922 ) ) ;
#1597 = SHAPE_REPRESENTATION ( '5125K52_Brass Knob_5125K52', ( #734 ), #1039 ) ;
#1598 = PROPERTY_DEFINITION_REPRESENTATION ( #322, #1233 ) ;
#1599 = DIRECTION ( 'NONE',  ( 1.000000000000000000, 0.000000000000000000, 0.000000000000000000 ) ) ;
#1600 = DIRECTION ( 'NONE',  ( 2.119689527716421078E-17, 0.9242245927363029745, 0.3818493186865924427 ) ) ;
#1601 = IDENTIFICATION_ROLE ( 'external document id and location', $) ;
#1602 =( CONVERSION_BASED_UNIT ( 'INCH', #955 ) LENGTH_UNIT ( ) NAMED_UNIT ( #874 ) );
#1603 = IDENTIFICATION_ROLE ( 'external document id and location', $) ;
#1604 = PRODUCT_DEFINITION_SHAPE ( 'NONE', 'NONE',  #1328 ) ;
#1605 = DIRECTION ( 'NONE',  ( 1.000000000000000000, 0.000000000000000000, 0.000000000000000000 ) ) ;
#1606 = PROPERTY_DEFINITION ('external definition','', #788 ) ;
#1607 =( GEOMETRIC_REPRESENTATION_CONTEXT ( 3 ) GLOBAL_UNCERTAINTY_ASSIGNED_CONTEXT ( ( #809 ) ) GLOBAL_UNIT_ASSIGNED_CONTEXT ( ( #3, #1435, #803 ) ) REPRESENTATION_CONTEXT ( 'NONE', 'WORKASPACE' ) );
#1608 = AXIS2_PLACEMENT_3D ( 'NONE', #821, #1609, #1936 ) ;
#1609 = DIRECTION ( 'NONE',  ( -1.000000000000000000, 4.676305458861333279E-17, -1.131848689187779820E-16 ) ) ;
#1610 = PROPERTY_DEFINITION ('document property','', #1468 ) ;
#1611 = DIMENSIONAL_EXPONENTS ( 1.000000000000000000, 0.000000000000000000, 0.000000000000000000, 0.000000000000000000, 0.000000000000000000, 0.000000000000000000, 0.000000000000000000 ) ;
#1612 = PROPERTY_DEFINITION_REPRESENTATION ( #1335, #1364 ) ;
#1613 = DIMENSIONAL_EXPONENTS ( 1.000000000000000000, 0.000000000000000000, 0.000000000000000000, 0.000000000000000000, 0.000000000000000000, 0.000000000000000000, 0.000000000000000000 ) ;
#1614 = CARTESIAN_POINT ( 'NONE',  ( 0.000000000000000000, 0.000000000000000000, 0.000000000000000000 ) ) ;
#1615 = APPLIED_DOCUMENT_REFERENCE ( #1262,'',( #182) ) ;
#1616 = APPLICATION_CONTEXT ( 'automotive_design' ) ;
#1617 = EXTERNAL_SOURCE (IDENTIFIER('') ) ;
#1618 =( NAMED_UNIT ( * ) SI_UNIT ( $, .STERADIAN. ) SOLID_ANGLE_UNIT ( ) );
#1619 = PRODUCT_RELATED_PRODUCT_CATEGORY ( 'part', '', ( #20 ) ) ;
#1620 = DOCUMENT_TYPE ( 'geometry' ) ;
#1621 = PROPERTY_DEFINITION ('document property','', #238 ) ;
#1622 = DIRECTION ( 'NONE',  ( -0.9988053105891367967, -0.04886667104415864937, 0.000000000000000000 ) ) ;
#1623 = PRODUCT_DEFINITION_SHAPE ( 'NONE', 'NONE',  #1882 ) ;
#1624 = CONTEXT_DEPENDENT_SHAPE_REPRESENTATION ( #1416, #971 ) ;
#1625 = APPLIED_DOCUMENT_REFERENCE ( #1480,'',( #1437) ) ;
#1626 = CARTESIAN_POINT ( 'NONE',  ( 0.000000000000000000, 0.000000000000000000, 0.000000000000000000 ) ) ;
#1627 = PROPERTY_DEFINITION ('document property','', #557 ) ;
#1628 = APPLICATION_CONTEXT ( 'automotive_design' ) ;
#1629 = APPLIED_DOCUMENT_REFERENCE ( #199,'',( #35) ) ;
#1630 = CARTESIAN_POINT ( 'NONE',  ( 26.45694606681493610, 35.76372352203637206, 49.45679403763666215 ) ) ;
#1631 = PROPERTY_DEFINITION ('external definition','', #1722 ) ;
#1632 = DOCUMENT_TYPE ( 'geometry' ) ;
#1633 = PRODUCT_RELATED_PRODUCT_CATEGORY ( 'part', '', ( #628 ) ) ;
#1634 = DIMENSIONAL_EXPONENTS ( 1.000000000000000000, 0.000000000000000000, 0.000000000000000000, 0.000000000000000000, 0.000000000000000000, 0.000000000000000000, 0.000000000000000000 ) ;
#1635 =( CONVERSION_BASED_UNIT ( 'INCH', #991 ) LENGTH_UNIT ( ) NAMED_UNIT ( #1611 ) );
#1636 = EXTERNAL_SOURCE (IDENTIFIER('') ) ;
#1637 = LENGTH_MEASURE_WITH_UNIT ( LENGTH_MEASURE( 0.02539999999999999897 ), #329 );
#1638 = DIRECTION ( 'NONE',  ( 1.000000000000000222, 0.000000000000000000, -1.113692471577110155E-15 ) ) ;
#1639 = IDENTIFICATION_ROLE ( 'external document id and location', $) ;
#1640 = PROPERTY_DEFINITION ('document property','', #1963 ) ;
#1641 = PROPERTY_DEFINITION ('external definition','', #771 ) ;
#1642 = PROPERTY_DEFINITION_REPRESENTATION ( #305, #579 ) ;
#1643 = AXIS2_PLACEMENT_3D ( 'NONE', #200, #219, #1967 ) ;
#1644 = IDENTIFICATION_ROLE ( 'external document id and location', $) ;
#1645 = PROPERTY_DEFINITION_REPRESENTATION ( #186, #1086 ) ;
#1646 = DIRECTION ( 'NONE',  ( 0.000000000000000000, 0.000000000000000000, 1.000000000000000000 ) ) ;
#1647 = PRODUCT_DEFINITION_SHAPE ( 'NONE', 'NONE',  #2074 ) ;
#1648 = APPLICATION_PROTOCOL_DEFINITION ( 'draft international standard', 'automotive_design', 1998, #1616 ) ;
#1649 = APPLIED_EXTERNAL_IDENTIFICATION_ASSIGNMENT ( '92185A548_Super-Corrosion-Resistant 316 Stainless Steel Socket Head Screw_92185A548.STEP' , #239, #1759,( #912) ) ;
#1650 = DIRECTION ( 'NONE',  ( -0.9237280213470682178, -0.3830490080632377725, 1.004308790545749980E-46 ) ) ;
#1651 =( LENGTH_UNIT ( ) NAMED_UNIT ( * ) SI_UNIT ( $, .METRE. ) );
#1652 = PRODUCT_DEFINITION_CONTEXT ( 'detailed design', #1498, 'design' ) ;
#1653 = SHAPE_DEFINITION_REPRESENTATION ( #1250, #2038 ) ;
#1654 = APPLICATION_CONTEXT ( 'automotive_design' ) ;
#1655 = CONTEXT_DEPENDENT_SHAPE_REPRESENTATION ( #1359, #530 ) ;
#1656 = OBJECT_ROLE ('mandatory',$ ) ;
#1657 = PRODUCT_DEFINITION ( 'General', '', #254, #1172 ) ;
#1658 = DIRECTION ( 'NONE',  ( 0.000000000000000000, 0.000000000000000000, -1.000000000000000000 ) ) ;
#1659 = IDENTIFICATION_ROLE ( 'external document id and location', $) ;
#1660 = PROPERTY_DEFINITION ('document property','', #1828 ) ;
#1661 =( CONVERSION_BASED_UNIT ( 'INCH', #1024 ) LENGTH_UNIT ( ) NAMED_UNIT ( #325 ) );
#1662 = APPLICATION_PROTOCOL_DEFINITION ( 'draft international standard', 'automotive_design', 1998, #1874 ) ;
#1663 = SHAPE_REPRESENTATION ( 'Outer gantry bracket, upper', ( #1331 ), #52 ) ;
#1664 = ITEM_DEFINED_TRANSFORMATION ( 'NONE', 'NONE', #1212,  #532 ) ;
#1665 = CONTEXT_DEPENDENT_SHAPE_REPRESENTATION ( #1965, #1025 ) ;
#1666 = PROPERTY_DEFINITION ('external definition','', #856 ) ;
#1667 = DIRECTION ( 'NONE',  ( -1.000000000000000000, 0.000000000000000000, 0.000000000000000000 ) ) ;
#1668 = DOCUMENT_TYPE ( 'geometry' ) ;
#1669 = DIRECTION ( 'NONE',  ( 1.000000000000000000, 0.000000000000000000, 0.000000000000000000 ) ) ;
#1670 = DIRECTION ( 'NONE',  ( 0.000000000000000000, 0.000000000000000000, 1.000000000000000000 ) ) ;
#1671 = UNCERTAINTY_MEASURE_WITH_UNIT (LENGTH_MEASURE( 1.000000000000000082E-05 ), #1147, 'distance_accuracy_value', 'NONE');
#1672 = DOCUMENT_TYPE ( 'geometry' ) ;
#1673 =( LENGTH_UNIT ( ) NAMED_UNIT ( * ) SI_UNIT ( $, .METRE. ) );
#1674 = APPLIED_EXTERNAL_IDENTIFICATION_ASSIGNMENT ( '92311A077_18-8 Stainless Steel Cup-Point Set Screw_92311A077.STEP' , #607, #472,( #185) ) ;
#1675 = SHAPE_DEFINITION_REPRESENTATION ( #1623, #875 ) ;
#1676 = PRODUCT_DEFINITION_SHAPE ( 'NONE', 'NONE',  #877 ) ;
#1677 = ITEM_DEFINED_TRANSFORMATION ( 'NONE', 'NONE', #674,  #361 ) ;
#1678 = SHAPE_REPRESENTATION ( '91292A046_18-8 Stainless Steel Socket Head Screw_91292A046', ( #897 ), #1786 ) ;
#1679 =( GEOMETRIC_REPRESENTATION_CONTEXT ( 3 ) GLOBAL_UNCERTAINTY_ASSIGNED_CONTEXT ( ( #504 ) ) GLOBAL_UNIT_ASSIGNED_CONTEXT ( ( #28, #234, #1341 ) ) REPRESENTATION_CONTEXT ( 'NONE', 'WORKASPACE' ) );
#1680 = PROPERTY_DEFINITION_REPRESENTATION ( #596, #453 ) ;
#1681 = PROPERTY_DEFINITION_REPRESENTATION ( #1200, #817 ) ;
#1682 = PRODUCT ( '90499A029_High-Strength Steel Hex Nut_90499A029', '90499A029_High-Strength Steel Hex Nut_90499A029', '', ( #106 ) ) ;
#1683 = DIRECTION ( 'NONE',  ( 0.000000000000000000, -1.000000000000000000, 0.000000000000000000 ) ) ;
#1684 = PRODUCT_DEFINITION_SHAPE ( 'NONE', 'NONE',  #2081 ) ;
#1685 = APPLIED_EXTERNAL_IDENTIFICATION_ASSIGNMENT ( 'Lower retainer.STEP' , #1690, #602,( #461) ) ;
#1686 = APPLICATION_CONTEXT ( 'automotive_design' ) ;
#1687 = PRODUCT_RELATED_PRODUCT_CATEGORY ( 'part', '', ( #1682 ) ) ;
#1688 = PROPERTY_DEFINITION ('external definition','', #2035 ) ;
#1689 = APPLICATION_PROTOCOL_DEFINITION ( 'draft international standard', 'automotive_design', 1998, #1699 ) ;
#1690 = IDENTIFICATION_ROLE ( 'external document id and location', $) ;
#1691 = ITEM_DEFINED_TRANSFORMATION ( 'NONE', 'NONE', #1338,  #532 ) ;
#1692 = PROPERTY_DEFINITION_REPRESENTATION ( #1006, #1086 ) ;
#1693 = CARTESIAN_POINT ( 'NONE',  ( 27.08915359936196765, 36.74809852203637917, 53.40347347178709470 ) ) ;
#1694 = DIRECTION ( 'NONE',  ( 0.9994217702556086325, 0.000000000000000000, -0.03400184023175029102 ) ) ;
#1695 =( NAMED_UNIT ( * ) SI_UNIT ( $, .STERADIAN. ) SOLID_ANGLE_UNIT ( ) );
#1696 = PROPERTY_DEFINITION ('external definition','', #156 ) ;
#1697 = LENGTH_MEASURE_WITH_UNIT ( LENGTH_MEASURE( 0.02539999999999999897 ), #1362 );
#1698 = PRODUCT_DEFINITION_CONTEXT ( 'detailed design', #1987, 'design' ) ;
#1699 = APPLICATION_CONTEXT ( 'automotive_design' ) ;
#1700 = APPLICATION_PROTOCOL_DEFINITION ( 'draft international standard', 'automotive_design', 1998, #1686 ) ;
#1701 = PRODUCT_DEFINITION_SHAPE ( 'NONE', 'NONE',  #2049 ) ;
#1702 =( REPRESENTATION_RELATIONSHIP ('NONE','NONE', #655, #1086 ) REPRESENTATION_RELATIONSHIP_WITH_TRANSFORMATION ( #1511 )SHAPE_REPRESENTATION_RELATIONSHIP( ) );
#1703 = DIRECTION ( 'NONE',  ( 0.000000000000000000, 1.000000000000000000, -2.220446049250312588E-16 ) ) ;
#1704 =( LENGTH_UNIT ( ) NAMED_UNIT ( * ) SI_UNIT ( $, .METRE. ) );
#1705 = OBJECT_ROLE ('mandatory',$ ) ;
#1706 = SHAPE_DEFINITION_REPRESENTATION ( #559, #1814 ) ;
#1707 = AXIS2_PLACEMENT_3D ( 'NONE', #1506, #1714, #1081 ) ;
#1708 =( GEOMETRIC_REPRESENTATION_CONTEXT ( 3 ) GLOBAL_UNCERTAINTY_ASSIGNED_CONTEXT ( ( #1910 ) ) GLOBAL_UNIT_ASSIGNED_CONTEXT ( ( #767, #1411, #606 ) ) REPRESENTATION_CONTEXT ( 'NONE', 'WORKASPACE' ) );
#1709 = LENGTH_MEASURE_WITH_UNIT ( LENGTH_MEASURE( 0.02539999999999999897 ), #1872 );
#1710 =( REPRESENTATION_RELATIONSHIP ('NONE','NONE', #655, #1171 ) REPRESENTATION_RELATIONSHIP_WITH_TRANSFORMATION ( #155 )SHAPE_REPRESENTATION_RELATIONSHIP( ) );
#1711 = AXIS2_PLACEMENT_3D ( 'NONE', #2008, #558, #97 ) ;
#1712 = PROPERTY_DEFINITION ('external definition','', #1096 ) ;
#1713 = DIRECTION ( 'NONE',  ( 0.000000000000000000, -1.000000000000000000, 0.000000000000000000 ) ) ;
#1714 = DIRECTION ( 'NONE',  ( 0.000000000000000000, 0.000000000000000000, 1.000000000000000000 ) ) ;
#1715 = PRODUCT_DEFINITION_CONTEXT ( 'detailed design', #541, 'design' ) ;
#1716 =( REPRESENTATION_RELATIONSHIP ('NONE','NONE', #655, #372 ) REPRESENTATION_RELATIONSHIP_WITH_TRANSFORMATION ( #1365 )SHAPE_REPRESENTATION_RELATIONSHIP( ) );
#1717 = PROPERTY_DEFINITION ('external definition','', #624 ) ;
#1718 = PRODUCT_DEFINITION_FORMATION_WITH_SPECIFIED_SOURCE ( 'Symmetric', '', #1083, .NOT_KNOWN. ) ;
#1719 = APPLIED_EXTERNAL_IDENTIFICATION_ASSIGNMENT ( '92185A214_Super-Corrosion-Resistant 316 Stainless Steel Socket Head Screw_92185A214.STEP' , #1055, #1560,( #109) ) ;
#1720 = APPLICATION_PROTOCOL_DEFINITION ( 'draft international standard', 'automotive_design', 1998, #406 ) ;
#1721 = PROPERTY_DEFINITION_REPRESENTATION ( #1130, #1530 ) ;
#1722 = DOCUMENT_FILE ( 'Upper retainer.STEP' , '', '', #1837, '' ,$ ) ;
#1723 = ROLE_ASSOCIATION ( #700, #919 ) ;
#1724 = DIRECTION ( 'NONE',  ( 1.000000000000000000, 0.000000000000000000, 0.000000000000000000 ) ) ;
#1725 = PRODUCT_DEFINITION_SHAPE ( 'NONE', 'NONE',  #439 ) ;
#1726 = PRODUCT_RELATED_PRODUCT_CATEGORY ( 'part', '', ( #1587 ) ) ;
#1727 = APPLICATION_CONTEXT ( 'automotive_design' ) ;
#1728 = PROPERTY_DEFINITION_REPRESENTATION ( #1320, #579 ) ;
#1729 = OBJECT_ROLE ('mandatory',$ ) ;
#1730 = APPLICATION_PROTOCOL_DEFINITION ( 'draft international standard', 'automotive_design', 1998, #135 ) ;
#1731 = ITEM_DEFINED_TRANSFORMATION ( 'NONE', 'NONE', #567,  #464 ) ;
#1732 = EXTERNAL_SOURCE (IDENTIFIER('') ) ;
#1733 = PROPERTY_DEFINITION_REPRESENTATION ( #1820, #590 ) ;
#1734 = PROPERTY_DEFINITION ('external definition','', #912 ) ;
#1735 = PRODUCT_DEFINITION_SHAPE ( 'NONE', 'NONE',  #2068 ) ;
#1736 = APPLICATION_CONTEXT ( 'automotive_design' ) ;
#1737 = APPLIED_DOCUMENT_REFERENCE ( #775,'',( #95) ) ;
#1738 = DIRECTION ( 'NONE',  ( 0.000000000000000000, 0.000000000000000000, 1.000000000000000000 ) ) ;
#1739 = PRODUCT_CONTEXT ( 'NONE', #1486, 'mechanical' ) ;
#1740 = APPLIED_DOCUMENT_REFERENCE ( #2035,'',( #1657) ) ;
#1741 = DIRECTION ( 'NONE',  ( -4.930380657631323784E-32, 1.000000000000000000, -1.365923996832130623E-16 ) ) ;
#1742 = PROPERTY_DEFINITION_REPRESENTATION ( #1342, #1899 ) ;
#1743 = PRODUCT_DEFINITION_SHAPE ( 'NONE', 'NONE',  #382 ) ;
#1744 = OBJECT_ROLE ('mandatory',$ ) ;
#1745 =( NAMED_UNIT ( * ) SI_UNIT ( $, .STERADIAN. ) SOLID_ANGLE_UNIT ( ) );
#1746 = AXIS2_PLACEMENT_3D ( 'NONE', #1590, #2032, #1143 ) ;
#1747 = AXIS2_PLACEMENT_3D ( 'NONE', #699, #1765, #1583 ) ;
#1748 = DIRECTION ( 'NONE',  ( 1.000000000000000000, 0.000000000000000000, 0.000000000000000000 ) ) ;
#1749 = DOCUMENT_FILE ( 'Gantry Rod.STEP' , '', '', #820, '' ,$ ) ;
#1750 = PRODUCT_DEFINITION_FORMATION_WITH_SPECIFIED_SOURCE ( 'Symmetric', '', #986, .NOT_KNOWN. ) ;
#1751 = ITEM_DEFINED_TRANSFORMATION ( 'NONE', 'NONE', #900,  #1183 ) ;
#1752 = PRODUCT_RELATED_PRODUCT_CATEGORY ( 'part', '', ( #1133 ) ) ;
#1753 = ITEM_DEFINED_TRANSFORMATION ( 'NONE', 'NONE', #2028,  #1402 ) ;
#1754 = APPLIED_DOCUMENT_REFERENCE ( #1722,'',( #54) ) ;
#1755 =( NAMED_UNIT ( * ) SI_UNIT ( $, .STERADIAN. ) SOLID_ANGLE_UNIT ( ) );
#1756 = APPLICATION_CONTEXT ( 'automotive_design' ) ;
#1757 =( CONVERSION_BASED_UNIT ( 'INCH', #131 ) LENGTH_UNIT ( ) NAMED_UNIT ( #226 ) );
#1758 = PROPERTY_DEFINITION_REPRESENTATION ( #1972, #1971 ) ;
#1759 = EXTERNAL_SOURCE (IDENTIFIER('') ) ;
#1760 = PROPERTY_DEFINITION ('document property','', #1244 ) ;
#1761 = DOCUMENT_FILE ( '92196A540_18-8 Stainless Steel Socket Head Screw_92196A540.STEP' , '', '', #1937, '' ,$ ) ;
#1762 = DIRECTION ( 'NONE',  ( 0.000000000000000000, 0.000000000000000000, 1.000000000000000000 ) ) ;
#1763 = PRODUCT_DEFINITION_SHAPE ( 'NONE', 'NONE',  #151 ) ;
#1764 = DIRECTION ( 'NONE',  ( 5.886957588074892556E-14, 0.000000000000000000, 1.000000000000000000 ) ) ;
#1765 = DIRECTION ( 'NONE',  ( 0.000000000000000000, 0.000000000000000000, 1.000000000000000000 ) ) ;
#1766 = ITEM_DEFINED_TRANSFORMATION ( 'NONE', 'NONE', #434,  #1986 ) ;
#1767 = PRODUCT_DEFINITION_SHAPE ( 'NONE', 'NONE',  #2085 ) ;
#1768 = DOCUMENT_TYPE ( 'geometry' ) ;
#1769 = ITEM_DEFINED_TRANSFORMATION ( 'NONE', 'NONE', #285,  #1402 ) ;
#1770 = PROPERTY_DEFINITION_REPRESENTATION ( #1785, #1449 ) ;
#1771 = IDENTIFICATION_ROLE ( 'external document id and location', $) ;
#1772 = CARTESIAN_POINT ( 'NONE',  ( 0.000000000000000000, 0.000000000000000000, 0.000000000000000000 ) ) ;
#1773 = APPLIED_EXTERNAL_IDENTIFICATION_ASSIGNMENT ( 'Caudal Potting.STEP' , #105, #141,( #2035) ) ;
#1774 = APPLIED_EXTERNAL_IDENTIFICATION_ASSIGNMENT ( 'Balancing bracket.STEP' , #1279, #1068,( #238) ) ;
#1775 = DIRECTION ( 'NONE',  ( 1.000000000000000000, 0.000000000000000000, 0.000000000000000000 ) ) ;
#1776 = PROPERTY_DEFINITION_REPRESENTATION ( #1610, #875 ) ;
#1777 = PROPERTY_DEFINITION_REPRESENTATION ( #1213, #1086 ) ;
#1778 = PRODUCT_DEFINITION_SHAPE ( 'NONE', 'NONE',  #2097 ) ;
#1779 = PRODUCT_DEFINITION_SHAPE ( 'NONE', 'NONE',  #654 ) ;
#1780 = PRODUCT_RELATED_PRODUCT_CATEGORY ( 'part', '', ( #476 ) ) ;
#1781 = DIMENSIONAL_EXPONENTS ( 1.000000000000000000, 0.000000000000000000, 0.000000000000000000, 0.000000000000000000, 0.000000000000000000, 0.000000000000000000, 0.000000000000000000 ) ;
#1782 = UNCERTAINTY_MEASURE_WITH_UNIT (LENGTH_MEASURE( 1.000000000000000082E-05 ), #1602, 'distance_accuracy_value', 'NONE');
#1783 = EXTERNAL_SOURCE (IDENTIFIER('') ) ;
#1784 = ITEM_DEFINED_TRANSFORMATION ( 'NONE', 'NONE', #967,  #762 ) ;
#1785 = PROPERTY_DEFINITION ('external definition','', #335 ) ;
#1786 =( GEOMETRIC_REPRESENTATION_CONTEXT ( 3 ) GLOBAL_UNCERTAINTY_ASSIGNED_CONTEXT ( ( #978 ) ) GLOBAL_UNIT_ASSIGNED_CONTEXT ( ( #1482, #519, #399 ) ) REPRESENTATION_CONTEXT ( 'NONE', 'WORKASPACE' ) );
#1787 = AXIS2_PLACEMENT_3D ( 'NONE', #245, #890, #2005 ) ;
#1788 = EXTERNAL_SOURCE (IDENTIFIER('') ) ;
#1789 = APPLIED_EXTERNAL_IDENTIFICATION_ASSIGNMENT ( '6435K34_Clamping Shaft Collar_6435K34.STEP' , #327, #515,( #350) ) ;
#1790 = ITEM_DEFINED_TRANSFORMATION ( 'NONE', 'NONE', #1008,  #1986 ) ;
#1791 = PRODUCT_DEFINITION ( 'General', '', #1307, #1847 ) ;
#1792 =( NAMED_UNIT ( * ) PLANE_ANGLE_UNIT ( ) SI_UNIT ( $, .RADIAN. ) );
#1793 = ROLE_ASSOCIATION ( #456, #1311 ) ;
#1794 = PRODUCT_DEFINITION_SHAPE ( 'NONE', 'NONE',  #2090 ) ;
#1795 = APPLICATION_CONTEXT ( 'automotive_design' ) ;
#1796 = DIRECTION ( 'NONE',  ( 0.000000000000000000, -1.000000000000000000, 0.000000000000000000 ) ) ;
#1797 = DOCUMENT_FILE ( '92311A581_18-8 Stainless Steel Cup-Point Set Screw_92311A581.STEP' , '', '', #49, '' ,$ ) ;
#1798 =( REPRESENTATION_RELATIONSHIP ('NONE','NONE', #655, #453 ) REPRESENTATION_RELATIONSHIP_WITH_TRANSFORMATION ( #847 )SHAPE_REPRESENTATION_RELATIONSHIP( ) );
#1799 = PRODUCT_DEFINITION_SHAPE ( 'NONE', 'NONE',  #2059 ) ;
#1800 = PROPERTY_DEFINITION ('document property','', #1096 ) ;
#1801 = SHAPE_REPRESENTATION ( '92311A077_18-8 Stainless Steel Cup-Point Set Screw_92311A077', ( #1183 ), #864 ) ;
#1802 = CARTESIAN_POINT ( 'NONE',  ( 28.07340556786598640, 37.51809852203638229, 54.38772544029099976 ) ) ;
#1803 = PROPERTY_DEFINITION_REPRESENTATION ( #805, #386 ) ;
#1804 = CARTESIAN_POINT ( 'NONE',  ( 0.000000000000000000, 0.000000000000000000, 0.000000000000000000 ) ) ;
#1805 = CONTEXT_DEPENDENT_SHAPE_REPRESENTATION ( #1487, #1905 ) ;
#1806 =( CONVERSION_BASED_UNIT ( 'INCH', #351 ) LENGTH_UNIT ( ) NAMED_UNIT ( #1634 ) );
#1807 = OBJECT_ROLE ('mandatory',$ ) ;
#1808 = PROPERTY_DEFINITION_REPRESENTATION ( #475, #1801 ) ;
#1809 = CARTESIAN_POINT ( 'NONE',  ( 26.45694606681493610, 35.42309852203636211, 48.95679403763665505 ) ) ;
#1810 =( REPRESENTATION_RELATIONSHIP ('NONE','NONE', #655, #1530 ) REPRESENTATION_RELATIONSHIP_WITH_TRANSFORMATION ( #888 )SHAPE_REPRESENTATION_RELATIONSHIP( ) );
#1811 =( LENGTH_UNIT ( ) NAMED_UNIT ( * ) SI_UNIT ( $, .METRE. ) );
#1812 = PRODUCT_DEFINITION_SHAPE ( 'NONE', 'NONE',  #2058 ) ;
#1813 = PRODUCT_CONTEXT ( 'NONE', #1014, 'mechanical' ) ;
#1814 = SHAPE_REPRESENTATION ( 'Backing Plate', ( #762 ), #281 ) ;
#1815 = PRODUCT_DEFINITION ( 'General', '', #1275, #744 ) ;
#1816 = ROLE_ASSOCIATION ( #1744, #846 ) ;
#1817 =( GEOMETRIC_REPRESENTATION_CONTEXT ( 3 ) GLOBAL_UNCERTAINTY_ASSIGNED_CONTEXT ( ( #311 ) ) GLOBAL_UNIT_ASSIGNED_CONTEXT ( ( #2000, #505, #338 ) ) REPRESENTATION_CONTEXT ( 'NONE', 'WORKASPACE' ) );
#1818 = PROPERTY_DEFINITION_REPRESENTATION ( #1627, #1086 ) ;
#1819 = AXIS2_PLACEMENT_3D ( 'NONE', #1040, #62, #1902 ) ;
#1820 = PROPERTY_DEFINITION ('document property','', #1722 ) ;
#1821 = PRODUCT_DEFINITION_FORMATION_WITH_SPECIFIED_SOURCE ( 'Symmetric', '', #1554, .NOT_KNOWN. ) ;
#1822 = CARTESIAN_POINT ( 'NONE',  ( 27.83194606681493966, 36.49809852203637206, 49.45679403763665505 ) ) ;
#1823 = OBJECT_ROLE ('mandatory',$ ) ;
#1824 = ROLE_ASSOCIATION ( #623, #520 ) ;
#1825 = DIRECTION ( 'NONE',  ( -0.9237280213470682178, -0.3830490080632377725, 0.000000000000000000 ) ) ;
#1826 = PRODUCT_CONTEXT ( 'NONE', #647, 'mechanical' ) ;
#1827 = CONTEXT_DEPENDENT_SHAPE_REPRESENTATION ( #184, #1859 ) ;
#1828 = DOCUMENT_FILE ( 'Outer gantry bracket, lower.STEP' , '', '', #258, '' ,$ ) ;
#1829 = PROPERTY_DEFINITION ('document property','', #1480 ) ;
#1830 = DIRECTION ( 'NONE',  ( 0.000000000000000000, -1.000000000000000000, 0.000000000000000000 ) ) ;
#1831 =( LENGTH_UNIT ( ) NAMED_UNIT ( * ) SI_UNIT ( $, .METRE. ) );
#1832 = PROPERTY_DEFINITION ('document property','', #771 ) ;
#1833 = APPLICATION_CONTEXT ( 'automotive_design' ) ;
#1834 = DIRECTION ( 'NONE',  ( 0.000000000000000000, 0.000000000000000000, 1.000000000000000000 ) ) ;
#1835 = APPLICATION_PROTOCOL_DEFINITION ( 'draft international standard', 'automotive_design', 1998, #1546 ) ;
#1836 = PROPERTY_DEFINITION ('document property','', #775 ) ;
#1837 = DOCUMENT_TYPE ( 'geometry' ) ;
#1838 = ITEM_DEFINED_TRANSFORMATION ( 'NONE', 'NONE', #702,  #635 ) ;
#1839 = DOCUMENT_FILE ( '90126A206_Zinc-Plated Steel SAE Washer_90126A206.STEP' , '', '', #2017, '' ,$ ) ;
#1840 = PROPERTY_DEFINITION ('document property','', #1529 ) ;
#1841 = DOCUMENT_TYPE ( 'geometry' ) ;
#1842 = DIRECTION ( 'NONE',  ( 0.000000000000000000, -2.220446049250312588E-16, -1.000000000000000000 ) ) ;
#1843 = ROLE_ASSOCIATION ( #1823, #849 ) ;
#1844 = PRODUCT_RELATED_PRODUCT_CATEGORY ( 'part', '', ( #986 ) ) ;
#1845 = LENGTH_MEASURE_WITH_UNIT ( LENGTH_MEASURE( 0.02539999999999999897 ), #1651 );
#1846 = PRODUCT_DEFINITION_CONTEXT ( 'detailed design', #280, 'design' ) ;
#1847 = PRODUCT_DEFINITION_CONTEXT ( 'detailed design', #23, 'design' ) ;
#1848 = APPLICATION_CONTEXT ( 'automotive_design' ) ;
#1849 = APPLICATION_PROTOCOL_DEFINITION ( 'draft international standard', 'automotive_design', 1998, #724 ) ;
#1850 = ROLE_ASSOCIATION ( #1576, #697 ) ;
#1851 = DOCUMENT_TYPE ( 'geometry' ) ;
#1852 = AXIS2_PLACEMENT_3D ( 'NONE', #939, #614, #948 ) ;
#1853 = DIRECTION ( 'NONE',  ( 1.000000000000000000, 0.000000000000000000, 0.000000000000000000 ) ) ;
#1854 = AXIS2_PLACEMENT_3D ( 'NONE', #420, #240, #884 ) ;
#1855 = DOCUMENT_TYPE ( 'geometry' ) ;
#1856 =( REPRESENTATION_RELATIONSHIP ('NONE','NONE', #655, #386 ) REPRESENTATION_RELATIONSHIP_WITH_TRANSFORMATION ( #1930 )SHAPE_REPRESENTATION_RELATIONSHIP( ) );
#1857 = APPLIED_EXTERNAL_IDENTIFICATION_ASSIGNMENT ( '92196A544_18-8 Stainless Steel Socket Head Screw_92196A544.STEP' , #636, #1979,( #111) ) ;
#1858 =( LENGTH_UNIT ( ) NAMED_UNIT ( * ) SI_UNIT ( $, .METRE. ) );
#1859 = PRODUCT_DEFINITION_SHAPE ( 'NONE', 'NONE',  #2089 ) ;
#1860 = APPLICATION_PROTOCOL_DEFINITION ( 'draft international standard', 'automotive_design', 1998, #2030 ) ;
#1861 = APPLIED_DOCUMENT_REFERENCE ( #856,'',( #182) ) ;
#1862 =( NAMED_UNIT ( * ) SI_UNIT ( $, .STERADIAN. ) SOLID_ANGLE_UNIT ( ) );
#1863 = ROLE_ASSOCIATION ( #1876, #204 ) ;
#1864 = DIRECTION ( 'NONE',  ( 0.000000000000000000, 1.000000000000000000, -2.220446049250312588E-16 ) ) ;
#1865 = IDENTIFICATION_ROLE ( 'external document id and location', $) ;
#1866 = CARTESIAN_POINT ( 'NONE',  ( 27.83194606681493966, 35.84034852203637200, 49.45679403763665505 ) ) ;
#1867 = PRODUCT_DEFINITION_CONTEXT ( 'detailed design', #135, 'design' ) ;
#1868 = DOCUMENT_TYPE ( 'geometry' ) ;
#1869 = SHAPE_DEFINITION_REPRESENTATION ( #585, #453 ) ;
#1870 = APPLIED_DOCUMENT_REFERENCE ( #1387,'',( #1328) ) ;
#1871 = ROLE_ASSOCIATION ( #565, #739 ) ;
#1872 =( LENGTH_UNIT ( ) NAMED_UNIT ( * ) SI_UNIT ( $, .METRE. ) );
#1873 = LENGTH_MEASURE_WITH_UNIT ( LENGTH_MEASURE( 0.02539999999999999897 ), #883 );
#1874 = APPLICATION_CONTEXT ( 'automotive_design' ) ;
#1875 = CARTESIAN_POINT ( 'NONE',  ( 26.45694606681482242, 38.33459734428929977, 48.20779403763665272 ) ) ;
#1876 = OBJECT_ROLE ('mandatory',$ ) ;
#1877 = PRODUCT_DEFINITION_SHAPE ( 'NONE', 'NONE',  #1437 ) ;
#1878 = APPLIED_EXTERNAL_IDENTIFICATION_ASSIGNMENT ( '91772A146_Passivated 18-8 Stainless Steel Pan Head Phillips Screw_91772A146.STEP' , #901, #1082,( #1490) ) ;
#1879 = PRODUCT_CONTEXT ( 'NONE', #936, 'mechanical' ) ;
#1880 =( REPRESENTATION_RELATIONSHIP ('NONE','NONE', #655, #1801 ) REPRESENTATION_RELATIONSHIP_WITH_TRANSFORMATION ( #1751 )SHAPE_REPRESENTATION_RELATIONSHIP( ) );
#1881 = ROLE_ASSOCIATION ( #270, #1754 ) ;
#1882 = PRODUCT_DEFINITION ( 'General', '', #536, #1941 ) ;
#1883 =( GEOMETRIC_REPRESENTATION_CONTEXT ( 3 ) GLOBAL_UNCERTAINTY_ASSIGNED_CONTEXT ( ( #616 ) ) GLOBAL_UNIT_ASSIGNED_CONTEXT ( ( #857, #1234, #1862 ) ) REPRESENTATION_CONTEXT ( 'NONE', 'WORKASPACE' ) );
#1884 = DOCUMENT_FILE ( 'Spacer, small.STEP' , '', '', #267, '' ,$ ) ;
#1885 = SHAPE_REPRESENTATION ( 'Inner gantry bracket, lower', ( #117 ), #146 ) ;
#1886 = AXIS2_PLACEMENT_3D ( 'NONE', #988, #37, #1975 ) ;
#1887 = PRODUCT_DEFINITION_FORMATION_WITH_SPECIFIED_SOURCE ( 'Symmetric', '', #1382, .NOT_KNOWN. ) ;
#1888 = PRODUCT_DEFINITION_CONTEXT ( 'detailed design', #1392, 'design' ) ;
#1889 = PROPERTY_DEFINITION ('external definition','', #1059 ) ;
#1890 = PROPERTY_DEFINITION_REPRESENTATION ( #1580, #1462 ) ;
#1891 = DOCUMENT_FILE ( '92196A540_18-8 Stainless Steel Socket Head Screw_92196A540.STEP' , '', '', #331, '' ,$ ) ;
#1892 = APPLIED_EXTERNAL_IDENTIFICATION_ASSIGNMENT ( '92185A548_Super-Corrosion-Resistant 316 Stainless Steel Socket Head Screw_92185A548.STEP' , #103, #1221,( #1903) ) ;
#1893 = SHAPE_DEFINITION_REPRESENTATION ( #316, #274 ) ;
#1894 = IDENTIFICATION_ROLE ( 'external document id and location', $) ;
#1895 = ROLE_ASSOCIATION ( #1289, #1549 ) ;
#1896 =( REPRESENTATION_RELATIONSHIP ('NONE','NONE', #655, #1292 ) REPRESENTATION_RELATIONSHIP_WITH_TRANSFORMATION ( #1664 )SHAPE_REPRESENTATION_RELATIONSHIP( ) );
#1897 = PROPERTY_DEFINITION_REPRESENTATION ( #401, #1663 ) ;
#1898 = PRODUCT_DEFINITION_SHAPE ( 'NONE', 'NONE',  #469 ) ;
#1899 = SHAPE_REPRESENTATION ( 'Lower retainer', ( #215 ), #1541 ) ;
#1900 = CARTESIAN_POINT ( 'NONE',  ( 0.000000000000000000, 0.000000000000000000, 0.000000000000000000 ) ) ;
#1901 = APPLICATION_PROTOCOL_DEFINITION ( 'draft international standard', 'automotive_design', 1998, #23 ) ;
#1902 = DIRECTION ( 'NONE',  ( 0.3491469207344502501, 1.279963661389781545E-16, 0.9370679952605636132 ) ) ;
#1903 = DOCUMENT_FILE ( '92185A548_Super-Corrosion-Resistant 316 Stainless Steel Socket Head Screw_92185A548.STEP' , '', '', #1080, '' ,$ ) ;
#1904 = EXTERNAL_SOURCE (IDENTIFIER('') ) ;
#1905 = PRODUCT_DEFINITION_SHAPE ( 'NONE', 'NONE',  #2060 ) ;
#1906 = EXTERNAL_SOURCE (IDENTIFIER('') ) ;
#1907 = PRODUCT_RELATED_PRODUCT_CATEGORY ( 'part', '', ( #1382 ) ) ;
#1908 = DOCUMENT_FILE ( '90866A029_Zinc-Plated Steel Wing Nut_90866A029.STEP' , '', '', #1228, '' ,$ ) ;
#1909 = DIRECTION ( 'NONE',  ( 1.000000000000000000, 0.000000000000000000, 0.000000000000000000 ) ) ;
#1910 = UNCERTAINTY_MEASURE_WITH_UNIT (LENGTH_MEASURE( 1.000000000000000082E-05 ), #767, 'distance_accuracy_value', 'NONE');
#1911 = SHAPE_DEFINITION_REPRESENTATION ( #1676, #1597 ) ;
#1912 = PROPERTY_DEFINITION_REPRESENTATION ( #662, #1584 ) ;
#1913 = DIRECTION ( 'NONE',  ( 0.000000000000000000, 1.000000000000000000, -1.365923996832131609E-16 ) ) ;
#1914 = PROPERTY_DEFINITION_REPRESENTATION ( #222, #671 ) ;
#1915 = PRODUCT ( '92196A544_18-8 Stainless Steel Socket Head Screw_92196A544', '92196A544_18-8 Stainless Steel Socket Head Screw_92196A544', '', ( #223 ) ) ;
#1916 = CONTEXT_DEPENDENT_SHAPE_REPRESENTATION ( #1165, #1406 ) ;
#1917 = APPLICATION_CONTEXT ( 'automotive_design' ) ;
#1918 = LENGTH_MEASURE_WITH_UNIT ( LENGTH_MEASURE( 0.02539999999999999897 ), #625 );
#1919 = EXTERNAL_SOURCE (IDENTIFIER('') ) ;
#1920 = AXIS2_PLACEMENT_3D ( 'NONE', #692, #1325, #1825 ) ;
#1921 =( CONVERSION_BASED_UNIT ( 'INCH', #157 ) LENGTH_UNIT ( ) NAMED_UNIT ( #796 ) );
#1922 = PROPERTY_DEFINITION_REPRESENTATION ( #1606, #1597 ) ;
#1923 = PRODUCT_DEFINITION_FORMATION_WITH_SPECIFIED_SOURCE ( 'Symmetric', '', #1570, .NOT_KNOWN. ) ;
#1924 = DOCUMENT_TYPE ( 'geometry' ) ;
#1925 = PRODUCT_DEFINITION_FORMATION_WITH_SPECIFIED_SOURCE ( 'Symmetric', '', #476, .NOT_KNOWN. ) ;
#1926 = APPLICATION_PROTOCOL_DEFINITION ( 'draft international standard', 'automotive_design', 1998, #1077 ) ;
#1927 = ROLE_ASSOCIATION ( #1128, #102 ) ;
#1928 =( NAMED_UNIT ( * ) SI_UNIT ( $, .STERADIAN. ) SOLID_ANGLE_UNIT ( ) );
#1929 =( NAMED_UNIT ( * ) PLANE_ANGLE_UNIT ( ) SI_UNIT ( $, .RADIAN. ) );
#1930 = ITEM_DEFINED_TRANSFORMATION ( 'NONE', 'NONE', #465,  #528 ) ;
#1931 = PRODUCT ( 'Specimen mounting plate', 'Specimen mounting plate', '', ( #1826 ) ) ;
#1932 = UNCERTAINTY_MEASURE_WITH_UNIT (LENGTH_MEASURE( 1.000000000000000082E-05 ), #1156, 'distance_accuracy_value', 'NONE');
#1933 = DOCUMENT_TYPE ( 'geometry' ) ;
#1934 = CONTEXT_DEPENDENT_SHAPE_REPRESENTATION ( #1315, #1061 ) ;
#1935 =( LENGTH_UNIT ( ) NAMED_UNIT ( * ) SI_UNIT ( $, .METRE. ) );
#1936 = DIRECTION ( 'NONE',  ( 2.513722339539888139E-32, 0.9242245927363030855, 0.3818493186865926092 ) ) ;
#1937 = DOCUMENT_TYPE ( 'geometry' ) ;
#1938 = PRODUCT_DEFINITION_SHAPE ( 'NONE', 'NONE',  #2042 ) ;
#1939 = APPLIED_DOCUMENT_REFERENCE ( #1797,'',( #1882) ) ;
#1940 = ROLE_ASSOCIATION ( #1807, #1005 ) ;
#1941 = PRODUCT_DEFINITION_CONTEXT ( 'detailed design', #965, 'design' ) ;
#1942 = LENGTH_MEASURE_WITH_UNIT ( LENGTH_MEASURE( 0.02539999999999999897 ), #301 );
#1943 = CONTEXT_DEPENDENT_SHAPE_REPRESENTATION ( #1535, #1938 ) ;
#1944 = DIMENSIONAL_EXPONENTS ( 1.000000000000000000, 0.000000000000000000, 0.000000000000000000, 0.000000000000000000, 0.000000000000000000, 0.000000000000000000, 0.000000000000000000 ) ;
#1945 = CARTESIAN_POINT ( 'NONE',  ( 0.000000000000000000, 0.000000000000000000, 0.000000000000000000 ) ) ;
#1946 = APPLICATION_CONTEXT ( 'automotive_design' ) ;
#1947 =( REPRESENTATION_RELATIONSHIP ('NONE','NONE', #655, #18 ) REPRESENTATION_RELATIONSHIP_WITH_TRANSFORMATION ( #760 )SHAPE_REPRESENTATION_RELATIONSHIP( ) );
#1948 = DIRECTION ( 'NONE',  ( -1.000000000000000000, -1.232595164407830946E-32, 5.551115123125782086E-17 ) ) ;
#1949 = IDENTIFICATION_ROLE ( 'external document id and location', $) ;
#1950 = ROLE_ASSOCIATION ( #448, #816 ) ;
#1951 = PROPERTY_DEFINITION ('external definition','', #1244 ) ;
#1952 = PRODUCT_DEFINITION_SHAPE ( 'NONE', 'NONE',  #95 ) ;
#1953 =( REPRESENTATION_RELATIONSHIP ('NONE','NONE', #655, #372 ) REPRESENTATION_RELATIONSHIP_WITH_TRANSFORMATION ( #1538 )SHAPE_REPRESENTATION_RELATIONSHIP( ) );
#1954 = PROPERTY_DEFINITION ('document property','', #350 ) ;
#1955 = DIRECTION ( 'NONE',  ( -1.000000000000000000, 0.000000000000000000, 5.551115123125782702E-17 ) ) ;
#1956 = PRODUCT_DEFINITION_CONTEXT ( 'detailed design', #1410, 'design' ) ;
#1957 =( NAMED_UNIT ( * ) PLANE_ANGLE_UNIT ( ) SI_UNIT ( $, .RADIAN. ) );
#1958 = PRODUCT_DEFINITION_FORMATION_WITH_SPECIFIED_SOURCE ( 'Symmetric', '', #1113, .NOT_KNOWN. ) ;
#1959 =( NAMED_UNIT ( * ) SI_UNIT ( $, .STERADIAN. ) SOLID_ANGLE_UNIT ( ) );
#1960 = PROPERTY_DEFINITION ('document property','', #1761 ) ;
#1961 = PRODUCT_DEFINITION_FORMATION_WITH_SPECIFIED_SOURCE ( 'Symmetric', '', #747, .NOT_KNOWN. ) ;
#1962 = APPLICATION_CONTEXT ( 'automotive_design' ) ;
#1963 = DOCUMENT_FILE ( '90499A029_High-Strength Steel Hex Nut_90499A029.STEP' , '', '', #1851, '' ,$ ) ;
#1964 = APPLIED_EXTERNAL_IDENTIFICATION_ASSIGNMENT ( '90866A029_Zinc-Plated Steel Wing Nut_90866A029.STEP' , #968, #544,( #959) ) ;
#1965 =( REPRESENTATION_RELATIONSHIP ('NONE','NONE', #655, #1086 ) REPRESENTATION_RELATIONSHIP_WITH_TRANSFORMATION ( #1531 )SHAPE_REPRESENTATION_RELATIONSHIP( ) );
#1966 = PROPERTY_DEFINITION_REPRESENTATION ( #1220, #1801 ) ;
#1967 = DIRECTION ( 'NONE',  ( -0.9237280213470682178, -0.3830490080632377725, 0.000000000000000000 ) ) ;
#1968 = EXTERNAL_SOURCE (IDENTIFIER('') ) ;
#1969 = ITEM_DEFINED_TRANSFORMATION ( 'NONE', 'NONE', #1989,  #1004 ) ;
#1970 = CARTESIAN_POINT ( 'NONE',  ( 0.000000000000000000, 0.000000000000000000, 0.000000000000000000 ) ) ;
#1971 = SHAPE_REPRESENTATION ( 'Spacer, small', ( #216 ), #1548 ) ;
#1972 = PROPERTY_DEFINITION ('external definition','', #1884 ) ;
#1973 = OBJECT_ROLE ('mandatory',$ ) ;
#1974 = DOCUMENT_FILE ( '92311A077_18-8 Stainless Steel Cup-Point Set Screw_92311A077.STEP' , '', '', #835, '' ,$ ) ;
#1975 = DIRECTION ( 'NONE',  ( 1.000000000000000000, 0.000000000000000000, 8.326672684688674053E-17 ) ) ;
#1976 =( NAMED_UNIT ( * ) PLANE_ANGLE_UNIT ( ) SI_UNIT ( $, .RADIAN. ) );
#1977 = PRODUCT_DEFINITION_CONTEXT ( 'detailed design', #868, 'design' ) ;
#1978 = PRODUCT_RELATED_PRODUCT_CATEGORY ( 'part', '', ( #263 ) ) ;
#1979 = EXTERNAL_SOURCE (IDENTIFIER('') ) ;
#1980 = DIMENSIONAL_EXPONENTS ( 1.000000000000000000, 0.000000000000000000, 0.000000000000000000, 0.000000000000000000, 0.000000000000000000, 0.000000000000000000, 0.000000000000000000 ) ;
#1981 = PRODUCT_CONTEXT ( 'NONE', #1225, 'mechanical' ) ;
#1982 = CONTEXT_DEPENDENT_SHAPE_REPRESENTATION ( #1896, #871 ) ;
#1983 = CONTEXT_DEPENDENT_SHAPE_REPRESENTATION ( #1702, #121 ) ;
#1984 = PROPERTY_DEFINITION_REPRESENTATION ( #411, #1801 ) ;
#1985 = CARTESIAN_POINT ( 'NONE',  ( 0.000000000000000000, 0.000000000000000000, 0.000000000000000000 ) ) ;
#1986 = AXIS2_PLACEMENT_3D ( 'NONE', #1361, #571, #2031 ) ;
#1987 = APPLICATION_CONTEXT ( 'automotive_design' ) ;
#1988 = APPLICATION_PROTOCOL_DEFINITION ( 'draft international standard', 'automotive_design', 1998, #1284 ) ;
#1989 = AXIS2_PLACEMENT_3D ( 'NONE', #1461, #153, #134 ) ;
#1990 = EXTERNAL_SOURCE (IDENTIFIER('') ) ;
#1991 = PRODUCT_DEFINITION_FORMATION_WITH_SPECIFIED_SOURCE ( 'Symmetric', '', #922, .NOT_KNOWN. ) ;
#1992 = ROLE_ASSOCIATION ( #1729, #1219 ) ;
#1993 = APPLIED_EXTERNAL_IDENTIFICATION_ASSIGNMENT ( 'Gantry Block.STEP' , #1601, #197,( #16) ) ;
#1994 = DOCUMENT_TYPE ( 'geometry' ) ;
#1995 = PROPERTY_DEFINITION ('document property','', #1908 ) ;
#1996 = ITEM_DEFINED_TRANSFORMATION ( 'NONE', 'NONE', #1886,  #462 ) ;
#1997 = APPLICATION_PROTOCOL_DEFINITION ( 'draft international standard', 'automotive_design', 1998, #1962 ) ;
#1998 = DIRECTION ( 'NONE',  ( 1.000000000000000000, 0.000000000000000000, 0.000000000000000000 ) ) ;
#1999 = PROPERTY_DEFINITION ('external definition','', #1262 ) ;
#2000 =( CONVERSION_BASED_UNIT ( 'INCH', #865 ) LENGTH_UNIT ( ) NAMED_UNIT ( #330 ) );
#2001 = SHAPE_DEFINITION_REPRESENTATION ( #145, #1678 ) ;
#2002 = APPLIED_DOCUMENT_REFERENCE ( #238,'',( #1280) ) ;
#2003 =( REPRESENTATION_RELATIONSHIP ('NONE','NONE', #655, #1364 ) REPRESENTATION_RELATIONSHIP_WITH_TRANSFORMATION ( #904 )SHAPE_REPRESENTATION_RELATIONSHIP( ) );
#2004 = PRODUCT_RELATED_PRODUCT_CATEGORY ( 'part', '', ( #1554 ) ) ;
#2005 = DIRECTION ( 'NONE',  ( 1.000000000000000000, 0.000000000000000000, 0.000000000000000000 ) ) ;
#2006 = OBJECT_ROLE ('mandatory',$ ) ;
#2007 = DIMENSIONAL_EXPONENTS ( 1.000000000000000000, 0.000000000000000000, 0.000000000000000000, 0.000000000000000000, 0.000000000000000000, 0.000000000000000000, 0.000000000000000000 ) ;
#2008 = CARTESIAN_POINT ( 'NONE',  ( 26.45694606681493610, 36.92309852203636211, 48.95679403763665505 ) ) ;
#2009 = LENGTH_MEASURE_WITH_UNIT ( LENGTH_MEASURE( 0.02539999999999999897 ), #1673 );
#2010 = APPLICATION_PROTOCOL_DEFINITION ( 'draft international standard', 'automotive_design', 1998, #1654 ) ;
#2011 = ITEM_DEFINED_TRANSFORMATION ( 'NONE', 'NONE', #1711,  #1272 ) ;
#2012 = PROPERTY_DEFINITION ('document property','', #1102 ) ;
#2013 = DIRECTION ( 'NONE',  ( 0.000000000000000000, 1.000000000000000000, -2.220446049250312588E-16 ) ) ;
#2014 = PRODUCT_DEFINITION ( 'General', '', #1013, #908 ) ;
#2015 = DOCUMENT_TYPE ( 'geometry' ) ;
#2016 = DIRECTION ( 'NONE',  ( 1.000000000000000000, 0.000000000000000000, 0.000000000000000000 ) ) ;
#2017 = DOCUMENT_TYPE ( 'geometry' ) ;
#2018 =( CONVERSION_BASED_UNIT ( 'INCH', #1697 ) LENGTH_UNIT ( ) NAMED_UNIT ( #1944 ) );
#2019 = PRODUCT_DEFINITION_CONTEXT ( 'detailed design', #1357, 'design' ) ;
#2020 = PRODUCT_CONTEXT ( 'NONE', #1654, 'mechanical' ) ;
#2021 = APPLIED_DOCUMENT_REFERENCE ( #1490,'',( #182) ) ;
#2022 =( GEOMETRIC_REPRESENTATION_CONTEXT ( 3 ) GLOBAL_UNCERTAINTY_ASSIGNED_CONTEXT ( ( #997 ) ) GLOBAL_UNIT_ASSIGNED_CONTEXT ( ( #1757, #782, #1745 ) ) REPRESENTATION_CONTEXT ( 'NONE', 'WORKASPACE' ) );
#2023 = PROPERTY_DEFINITION_REPRESENTATION ( #42, #453 ) ;
#2024 = PRODUCT_DEFINITION_CONTEXT ( 'detailed design', #1509, 'design' ) ;
#2025 = AXIS2_PLACEMENT_3D ( 'NONE', #1809, #1022, #1955 ) ;
#2026 = CARTESIAN_POINT ( 'NONE',  ( 29.08919430688575147, 36.17809852203637178, 50.70443119089305384 ) ) ;
#2027 = PRODUCT_DEFINITION_SHAPE ( 'NONE', 'NONE',  #2047 ) ;
#2028 = AXIS2_PLACEMENT_3D ( 'NONE', #621, #1864, #229 ) ;
#2029 = APPLIED_EXTERNAL_IDENTIFICATION_ASSIGNMENT ( 'Gantry Rod.STEP' , #48, #298,( #335) ) ;
#2030 = APPLICATION_CONTEXT ( 'automotive_design' ) ;
#2031 = DIRECTION ( 'NONE',  ( 1.000000000000000000, 0.000000000000000000, 0.000000000000000000 ) ) ;
#2032 = DIRECTION ( 'NONE',  ( 0.000000000000000000, 0.000000000000000000, 1.000000000000000000 ) ) ;
#2033 = OBJECT_ROLE ('mandatory',$ ) ;
#2034 = PRODUCT_CONTEXT ( 'NONE', #352, 'mechanical' ) ;
#2035 = DOCUMENT_FILE ( 'Caudal Potting.STEP' , '', '', #1620, '' ,$ ) ;
#2036 = OBJECT_ROLE ('mandatory',$ ) ;
#2037 = PROPERTY_DEFINITION_REPRESENTATION ( #93, #1171 ) ;
#2038 = SHAPE_REPRESENTATION ( 'Specimen mounting plate', ( #1520 ), #220 ) ;
#2039 = DIRECTION ( 'NONE',  ( 0.000000000000000000, 0.000000000000000000, 1.000000000000000000 ) ) ;
#2040 = PRODUCT_DEFINITION_CONTEXT ( 'detailed design', #1628, 'design' ) ;
#2041 = NEXT_ASSEMBLY_USAGE_OCCURRENCE ( 'NAUO1', ' ', ' ', #717, #449, $ ) ;
#2042 = NEXT_ASSEMBLY_USAGE_OCCURRENCE ( 'NAUO2', ' ', ' ', #717, #877, $ ) ;
#2043 = NEXT_ASSEMBLY_USAGE_OCCURRENCE ( 'NAUO3', ' ', ' ', #717, #1044, $ ) ;
#2044 = NEXT_ASSEMBLY_USAGE_OCCURRENCE ( 'NAUO4', ' ', ' ', #717, #1791, $ ) ;
#2045 = NEXT_ASSEMBLY_USAGE_OCCURRENCE ( 'NAUO5', ' ', ' ', #717, #1791, $ ) ;
#2046 = NEXT_ASSEMBLY_USAGE_OCCURRENCE ( 'NAUO6', ' ', ' ', #717, #382, $ ) ;
#2047 = NEXT_ASSEMBLY_USAGE_OCCURRENCE ( 'NAUO7', ' ', ' ', #717, #2014, $ ) ;
#2048 = NEXT_ASSEMBLY_USAGE_OCCURRENCE ( 'NAUO8', ' ', ' ', #717, #277, $ ) ;
#2049 = NEXT_ASSEMBLY_USAGE_OCCURRENCE ( 'NAUO9', ' ', ' ', #717, #654, $ ) ;
#2050 = NEXT_ASSEMBLY_USAGE_OCCURRENCE ( 'NAUO10', ' ', ' ', #717, #1395, $ ) ;
#2051 = NEXT_ASSEMBLY_USAGE_OCCURRENCE ( 'NAUO11', ' ', ' ', #717, #439, $ ) ;
#2052 = NEXT_ASSEMBLY_USAGE_OCCURRENCE ( 'NAUO12', ' ', ' ', #717, #1437, $ ) ;
#2053 = NEXT_ASSEMBLY_USAGE_OCCURRENCE ( 'NAUO13', ' ', ' ', #717, #1437, $ ) ;
#2054 = NEXT_ASSEMBLY_USAGE_OCCURRENCE ( 'NAUO14', ' ', ' ', #717, #1437, $ ) ;
#2055 = NEXT_ASSEMBLY_USAGE_OCCURRENCE ( 'NAUO15', ' ', ' ', #717, #1437, $ ) ;
#2056 = NEXT_ASSEMBLY_USAGE_OCCURRENCE ( 'NAUO16', ' ', ' ', #717, #1437, $ ) ;
#2057 = NEXT_ASSEMBLY_USAGE_OCCURRENCE ( 'NAUO17', ' ', ' ', #717, #1437, $ ) ;
#2058 = NEXT_ASSEMBLY_USAGE_OCCURRENCE ( 'NAUO18', ' ', ' ', #717, #755, $ ) ;
#2059 = NEXT_ASSEMBLY_USAGE_OCCURRENCE ( 'NAUO19', ' ', ' ', #717, #755, $ ) ;
#2060 = NEXT_ASSEMBLY_USAGE_OCCURRENCE ( 'NAUO20', ' ', ' ', #717, #755, $ ) ;
#2061 = NEXT_ASSEMBLY_USAGE_OCCURRENCE ( 'NAUO21', ' ', ' ', #717, #1815, $ ) ;
#2062 = NEXT_ASSEMBLY_USAGE_OCCURRENCE ( 'NAUO22', ' ', ' ', #717, #1815, $ ) ;
#2063 = NEXT_ASSEMBLY_USAGE_OCCURRENCE ( 'NAUO23', ' ', ' ', #717, #1815, $ ) ;
#2064 = NEXT_ASSEMBLY_USAGE_OCCURRENCE ( 'NAUO24', ' ', ' ', #717, #1815, $ ) ;
#2065 = NEXT_ASSEMBLY_USAGE_OCCURRENCE ( 'NAUO25', ' ', ' ', #717, #1127, $ ) ;
#2066 = NEXT_ASSEMBLY_USAGE_OCCURRENCE ( 'NAUO26', ' ', ' ', #717, #1127, $ ) ;
#2067 = NEXT_ASSEMBLY_USAGE_OCCURRENCE ( 'NAUO27', ' ', ' ', #717, #1127, $ ) ;
#2068 = NEXT_ASSEMBLY_USAGE_OCCURRENCE ( 'NAUO28', ' ', ' ', #717, #1224, $ ) ;
#2069 = NEXT_ASSEMBLY_USAGE_OCCURRENCE ( 'NAUO29', ' ', ' ', #717, #539, $ ) ;
#2070 = NEXT_ASSEMBLY_USAGE_OCCURRENCE ( 'NAUO30', ' ', ' ', #717, #336, $ ) ;
#2071 = NEXT_ASSEMBLY_USAGE_OCCURRENCE ( 'NAUO31', ' ', ' ', #717, #336, $ ) ;
#2072 = NEXT_ASSEMBLY_USAGE_OCCURRENCE ( 'NAUO32', ' ', ' ', #717, #1127, $ ) ;
#2073 = NEXT_ASSEMBLY_USAGE_OCCURRENCE ( 'NAUO33', ' ', ' ', #717, #415, $ ) ;
#2074 = NEXT_ASSEMBLY_USAGE_OCCURRENCE ( 'NAUO34', ' ', ' ', #717, #54, $ ) ;
#2075 = NEXT_ASSEMBLY_USAGE_OCCURRENCE ( 'NAUO35', ' ', ' ', #717, #1306, $ ) ;
#2076 = NEXT_ASSEMBLY_USAGE_OCCURRENCE ( 'NAUO36', ' ', ' ', #717, #956, $ ) ;
#2077 = NEXT_ASSEMBLY_USAGE_OCCURRENCE ( 'NAUO37', ' ', ' ', #717, #956, $ ) ;
#2078 = NEXT_ASSEMBLY_USAGE_OCCURRENCE ( 'NAUO38', ' ', ' ', #717, #626, $ ) ;
#2079 = NEXT_ASSEMBLY_USAGE_OCCURRENCE ( 'NAUO39', ' ', ' ', #717, #626, $ ) ;
#2080 = NEXT_ASSEMBLY_USAGE_OCCURRENCE ( 'NAUO40', ' ', ' ', #717, #95, $ ) ;
#2081 = NEXT_ASSEMBLY_USAGE_OCCURRENCE ( 'NAUO41', ' ', ' ', #717, #95, $ ) ;
#2082 = NEXT_ASSEMBLY_USAGE_OCCURRENCE ( 'NAUO42', ' ', ' ', #717, #1882, $ ) ;
#2083 = NEXT_ASSEMBLY_USAGE_OCCURRENCE ( 'NAUO43', ' ', ' ', #717, #1882, $ ) ;
#2084 = NEXT_ASSEMBLY_USAGE_OCCURRENCE ( 'NAUO44', ' ', ' ', #717, #956, $ ) ;
#2085 = NEXT_ASSEMBLY_USAGE_OCCURRENCE ( 'NAUO45', ' ', ' ', #717, #956, $ ) ;
#2086 = NEXT_ASSEMBLY_USAGE_OCCURRENCE ( 'NAUO46', ' ', ' ', #717, #469, $ ) ;
#2087 = NEXT_ASSEMBLY_USAGE_OCCURRENCE ( 'NAUO47', ' ', ' ', #717, #469, $ ) ;
#2088 = NEXT_ASSEMBLY_USAGE_OCCURRENCE ( 'NAUO48', ' ', ' ', #717, #1280, $ ) ;
#2089 = NEXT_ASSEMBLY_USAGE_OCCURRENCE ( 'NAUO49', ' ', ' ', #717, #1280, $ ) ;
#2090 = NEXT_ASSEMBLY_USAGE_OCCURRENCE ( 'NAUO50', ' ', ' ', #717, #182, $ ) ;
#2091 = NEXT_ASSEMBLY_USAGE_OCCURRENCE ( 'NAUO51', ' ', ' ', #717, #182, $ ) ;
#2092 = NEXT_ASSEMBLY_USAGE_OCCURRENCE ( 'NAUO52', ' ', ' ', #717, #182, $ ) ;
#2093 = NEXT_ASSEMBLY_USAGE_OCCURRENCE ( 'NAUO53', ' ', ' ', #717, #182, $ ) ;
#2094 = NEXT_ASSEMBLY_USAGE_OCCURRENCE ( 'NAUO54', ' ', ' ', #717, #1328, $ ) ;
#2095 = NEXT_ASSEMBLY_USAGE_OCCURRENCE ( 'NAUO55', ' ', ' ', #717, #1328, $ ) ;
#2096 = NEXT_ASSEMBLY_USAGE_OCCURRENCE ( 'NAUO56', ' ', ' ', #717, #1328, $ ) ;
#2097 = NEXT_ASSEMBLY_USAGE_OCCURRENCE ( 'NAUO57', ' ', ' ', #717, #1328, $ ) ;
#2098 = NEXT_ASSEMBLY_USAGE_OCCURRENCE ( 'NAUO58', ' ', ' ', #717, #1657, $ ) ;
#2099 = NEXT_ASSEMBLY_USAGE_OCCURRENCE ( 'NAUO59', ' ', ' ', #717, #35, $ ) ;
#2100 = NEXT_ASSEMBLY_USAGE_OCCURRENCE ( 'NAUO60', ' ', ' ', #717, #151, $ ) ;
#2101 = NEXT_ASSEMBLY_USAGE_OCCURRENCE ( 'NAUO61', ' ', ' ', #717, #151, $ ) ;
#2102 = NEXT_ASSEMBLY_USAGE_OCCURRENCE ( 'NAUO62', ' ', ' ', #717, #151, $ ) ;
ENDSEC;
END-ISO-10303-21;
