disp_x_mm,disp_y_mm,disp_z_mm,Rx_deg,Ry_deg,Rz_deg,Fx_N,Fy_N,Fz_N,Mx_Nm,My_Nm,Mz_Nm
-0.0942044086299857,-0.218224164167676,0.0480303250764637,0.357218200249091,-2.46307728323684,0.840813362896377,0.395757353368026,-0.115516353625253,0.0630107077179218,0.0211761136288207,0.010118192034034,-0.281815727945545
-0.0941118493875048,-0.218065337807587,0.0484934385169932,0.357627530652886,-2.46343120208726,0.841428352919057,1.22086400301185,0.372755000147208,0.17869862950019,0.0232447966492422,0.0121923025067789,-0.249377133615328
-0.0939848531395242,-0.217924648445159,0.0489714147264125,0.358076734175178,-2.46389135763861,0.842205292826072,0.898174285567848,0.187921344818278,0.135984278788982,0.0221051993013783,0.0124023945414253,-0.264080131303441
-0.0938132313721348,-0.217852180984988,0.0494241797089591,0.358527457033335,-2.46445991345329,0.843133010799551,0.629108663609884,-0.115696041135834,0.183264477764254,0.0182911954404612,0.0120630088261851,-0.266817691822991
-0.0935934891706653,-0.217888180479072,0.0498191906343932,0.358940774658233,-2.46512259043436,0.844180826408521,1.40939524228583,0.22080763504232,0.364954261782316,0.0219178155592732,0.00941052845261697,-0.239838504597548
-0.0933151961922166,-0.218080026989528,0.0501153309736553,0.359271985807654,-2.4658691948519,0.845316279148497,0.392263994659515,0.281219543819134,0.178761865693104,0.0174838449882095,0.0122986411966843,-0.278039421191026
-0.0929740594121377,-0.218435461830822,0.0502980340512328,0.359499966102375,-2.4666754497009,0.846490116141188,1.3254545510452,0.671178184713426,0.176107879843016,0.0203812686830656,0.0119331166849727,-0.241108187427332
-0.0925648000143445,-0.218967368766095,0.0503478492547231,0.359598741655523,-2.46752122079806,0.847657651085675,0.886357192748164,0.143583850443974,0.152003519145524,0.0199086449590755,0.0121988424229283,-0.258586564522468
-0.092091137688977,-0.219661808580165,0.0502655474033534,0.35956029722964,-2.46837898087782,0.84877296509853,0.466624191574056,1.02860059697673,0.162220025559407,0.0197708971088018,0.0122906185045969,-0.264719679454583
-0.0915608982927793,-0.220472902176381,0.0500739513268784,0.35939945715028,-2.46921858793436,0.849791245469865,1.31830289880077,0.0579403805024867,0.137433556492766,0.0229423600668728,0.00948654108571501,-0.231068183590807
-0.0909869428561659,-0.221349830864693,0.0497998925685685,0.359138582571125,-2.4700155496634,0.850680925355037,0.405459590118653,0.841232024457213,0.12885456715,0.0211181907136391,0.00747954374463455,-0.266664474226457
-0.0903840179757131,-0.222233072961278,0.0494786340569054,0.358807297267147,-2.47074506322776,0.851417046466524,1.17399197414551,-0.0068639507323951,0.225287090974319,0.0209493875193711,0.0116582838047529,-0.232810841270496
-0.0897710587556456,-0.22306135567513,0.049147070778739,0.358440881077926,-2.47139084592472,0.851990533489284,0.745387990480197,-0.436313449869658,0.158650761182798,0.019296917120744,0.0133741117326695,-0.254876188026539
-0.0891750424650188,-0.223766759799135,0.0488495614973757,0.358083117132812,-2.47193232468328,0.85239603519422,0.689366086349366,-0.682273072651469,0.199298692571318,0.0207137713567942,0.0140505440051982,-0.258842151539496
-0.0886099929859469,-0.224325280196107,0.0485996606570331,0.35775231972196,-2.47237245988827,0.852652366202715,1.29512198066493,-0.236579481112813,0.0998846879292614,0.0230100118402938,0.0119002588734688,-0.23333971458428
-0.088102742303133,-0.224707020916615,0.048419365033104,0.357472726882384,-2.47270266900647,0.852775687823822,0.353801603308682,0.360833519816424,0.337092143813408,0.0169687493305721,0.0122886949290408,-0.268792027319838
-0.0876757719118625,-0.224899961376927,0.0483193379299068,0.35725918245217,-2.47291934811443,0.852785537693135,1.27678462591973,0.456984425818291,0.215222706817002,0.0204666145848869,0.0104171455934607,-0.232295954562127
-0.0873408420579461,-0.224928677646719,0.0482850176562845,0.357104366135256,-2.47303472464346,0.852714738068032,0.7498943640785,-0.0332708173323226,0.176278870998715,0.0219932232611519,0.0134112371554,-0.252544957155578
-0.087111007471713,-0.224827085354431,0.0482968804660505,0.356994678376079,-2.47305724861434,0.852591141914369,0.497684457038417,-0.0995789938906455,0.134683416116701,0.0213342725354004,0.0129521899771793,-0.258049265567007
-0.0869937310711323,-0.224626849276885,0.0483372453016922,0.356919077607839,-2.47299628628934,0.852439004505725,1.46582299947113,-0.0768574080486815,0.145173387010658,0.0222081646725978,0.0120023533442703,-0.236825781745208
-0.0869903248259939,-0.224368673354546,0.0483828930317639,0.356859099167476,-2.47286322516971,0.852277075364398,0.47742364081904,0.365585897664005,0.144321187930359,0.0195937095659371,0.0111704912261246,-0.273878164264402
-0.0871011638093656,-0.224079203777173,0.048420623873818,0.356805171085862,-2.47266504393451,0.852116240809534,1.24441788732418,0.31263569645148,0.281699867797897,0.0225154672791383,0.0108334091415916,-0.244895824504939
-0.0873218409391228,-0.223774690666119,0.048442789020852,0.356755091128051,-2.47241161552196,0.851966013672749,0.866095275118028,0.0935267997792835,0.184253367342507,0.0200756634197869,0.013663543725949,-0.263673180723579
-0.0876399747281408,-0.223459668801953,0.0484507455116699,0.356712769219401,-2.4721107611625,0.851825097719723,0.599963825474731,-0.0659064793569542,0.101567616533004,0.019997300007577,0.01501629812636,-0.268843975249776
-0.0880461894821089,-0.223120099249408,0.0484582738220728,0.356693282476952,-2.4717697874733,0.85169160358202,1.43732100523727,0.0248510136618734,0.151594667259729,0.0227463800345147,0.0139293271161072,-0.24314889797687
-0.0885294803302235,-0.222726685486319,0.0484901094228661,0.356720874389871,-2.47139433429836,0.851560633887915,0.444975319543516,0.646636847500758,0.0496298970918474,0.0221167934123883,0.0112159515467941,-0.281212987632039
-0.0890755068583972,-0.222247175716251,0.0485727869564819,0.356821197262405,-2.4709896875305,0.851424800678723,1.27275485547136,0.348558645316871,0.279763615356813,0.0231090791867907,0.0122961093147955,-0.247757641655513
-0.0896674122191421,-0.221651874021719,0.0487299578537552,0.357017008454918,-2.47056823019335,0.851283386337489,0.825228753445344,0.921935927706727,0.18444253836617,0.0224680488406879,0.0101227042429901,-0.272273261899143
-0.0902941864750359,-0.220921461024211,0.048979105508759,0.357322104829576,-2.47013811934485,0.851135964361295,0.895744114937315,-0.419802364780026,0.108541605870272,0.0207984545725086,0.0135020012102,-0.276726250313572
-0.0909368502304044,-0.220052689241095,0.0493272705206947,0.357738631912641,-2.4697151844674,0.850987734149613,1.41041041022874,0.385194933737694,0.153416137865264,0.0245561717263638,0.0129729009717481,-0.251797760269291
-0.0915844936596177,-0.219043273503177,0.0497810808668245,0.358267726730746,-2.46931089430901,0.850846137408181,0.560709582548668,0.0327142043081494,0.203724426795048,0.019702646888621,0.0132081259527328,-0.286090777393519
-0.0922178699668289,-0.217913834666175,0.0503271660584966,0.358895214233496,-2.46894820861557,0.850726534155867,1.39803922810705,0.0670159105857238,0.10287989090827,0.0234626073717159,0.0127418315795944,-0.259562318316403
-0.0928176632714696,-0.216713829194966,0.0509334854627344,0.359585550868625,-2.46864916989435,0.850646373055444,1.06916754160289,-0.0426656650547557,0.127767939667848,0.0216319214334617,0.00983939974745945,-0.272546020019901
-0.0933662099252694,-0.215492279307453,0.0515666362970628,0.360304735987424,-2.46843730096591,0.85062605092152,0.748945607032908,0.367229167876758,0.0597153927573686,0.0214341713904931,0.0110402291178398,-0.2746127768632
-0.0938439089170807,-0.214307363680891,0.0521837443884808,0.361011627413594,-2.46833385412241,0.850682379351716,1.50869198376995,0.163086548489673,0.140252719663977,0.0241026404837776,0.0123598140015613,-0.24941486966065
-0.0942319112715418,-0.21320387371567,0.0527498921451486,0.361673677318475,-2.46835428177592,0.850824906810907,0.411886907578548,0.0877384908228578,0.247446703640691,0.0191373708480191,0.0139394814407876,-0.289988252508143
-0.0945149973627071,-0.212234090218996,0.0532233921893701,0.362253656031169,-2.46850998704113,0.851062167814055,1.21554203132149,0.517616888493876,0.189975354527377,0.0212540783907085,0.0132502674170106,-0.251171348834351
-0.0946853599063772,-0.211426206286095,0.0535789557407564,0.362730385049199,-2.46879932297045,0.851390450028113,0.805014549739667,0.0200808639849583,0.230286796546835,0.020104923887033,0.0113144013229599,-0.268351144779379
-0.0947365012633602,-0.210792536009563,0.05380058198774,0.363092942437924,-2.46921672573552,0.851800181969491,0.615980363163089,0.459044216673874,0.306782397339475,0.0195570738951432,0.0101471499872525,-0.268708273913731
-0.0946660660137224,-0.210338975049278,0.0538782603306376,0.363334731875513,-2.46974793441781,0.852274086177516,1.23798529929826,0.822271968682571,0.0986500197587077,0.0222024519106263,0.00752653792942237,-0.240180486418189
-0.0944799939119121,-0.210059824811703,0.0538120344792861,0.363455370434331,-2.4703697719597,0.852788145169691,0.415246911185761,-0.304282231458274,0.199183488519111,0.020730122879864,0.0119472494728485,-0.267763151684751
-0.0941990446442001,-0.209932381544466,0.0536173436997389,0.3634655355613,-2.47104457830265,0.853310815201459,1.12502185780392,0.613429214444523,0.094503539173445,0.0231753436415896,0.00954940333736587,-0.234847910549365
-0.0938438966407581,-0.209931019664015,0.0533134067443165,0.363377848285077,-2.47173574060941,0.853811053713091,0.737013620060452,0.307541566374766,0.150694771201131,0.0213844913121917,0.012752566431628,-0.24879792759746
-0.0934457537268706,-0.210030420880013,0.0529234372871299,0.363203966233899,-2.47239981137765,0.85425516919958,0.635988363762863,0.283071910319904,0.232984152183406,0.0205586872992742,0.0127198084823588,-0.24558952230886
-0.0930347846927301,-0.210201188934805,0.0524754387492232,0.362958636148422,-2.47300071812153,0.854617646603407,1.1161621555936,0.731388998394095,0.0849651826117679,0.0245543326360758,0.011105735460625,-0.218678995939305
-0.0926406167303662,-0.210420597011624,0.0519948905539788,0.362653748487821,-2.47350980927038,0.854881221963316,0.522445190700637,0.318794153522731,0.0788700228315804,0.0189018595721864,0.01225019641845,-0.243736017603008
-0.0922906926000662,-0.21067430007114,0.0515016624130165,0.362296573034886,-2.47390279768659,0.855032243629669,0.935020591214197,0.438973146677426,0.117172800003402,0.0217882099447477,0.00792049967092345,-0.213467030075845
-0.092009656147075,-0.210948445740256,0.0510141458328465,0.361895894144543,-2.47416725029437,0.855070563658157,0.670185606075449,0.0736541665846744,0.310710971623138,0.0189576870672763,0.0112387944839496,-0.222380733926252
-0.0918105936808636,-0.211238039652097,0.0505429212607391,0.361457166718702,-2.47430386894248,0.855003740624857,0.51712470133981,-0.373114234904051,0.18112172826892,0.0161708732351289,0.0141887806321939,-0.223211171566929
-0.0916971657036241,-0.211537408401407,0.0500953037684497,0.360988236022737,-2.47432678324924,0.854848569732295,0.893846076221109,0.151851870667997,0.179800240348925,0.021617010236846,0.0101796740610724,-0.205958542705843
-0.0916660595021513,-0.21182950093954,0.0496829276731965,0.360507758223242,-2.47425548372168,0.854623972377507,0.670791890863029,-0.625823764617508,0.237697800325691,0.0161890635093225,0.0103129461882221,-0.230328784272581
-0.091707808411545,-0.21210431454056,0.0493096319949402,0.360030523580162,-2.47411312736722,0.854349955531133,0.437478035992626,0.647171685255898,0.0599442578852916,0.0197257927140231,0.00890889845084897,-0.226550092455572
-0.0917981968398385,-0.212351323218648,0.0489754597210326,0.359572463272015,-2.47393198311996,0.854048086961316,1.2307465877854,-0.134924222761811,0.258012590448743,0.0200610835942716,0.0124736335558315,-0.208490715024783
-0.0919147783324732,-0.21254044423241,0.0486919265874654,0.359163838955417,-2.47373910204561,0.853735399759206,0.0704238418379077,-0.263115076243139,0.0902644169057965,0.0176215136451874,0.0133148595055715,-0.258287532757395
-0.0920404900265034,-0.212643490043281,0.0484708250137035,0.358831025214633,-2.4735488829155,0.85341811129354,1.48701512260271,-0.0296376207456888,0.00714120780807548,0.0200797445563938,0.0107616900503169,-0.213240426759314
-0.0921552783520425,-0.212634279088809,0.0483235567456023,0.358597028863062,-2.47337389904074,0.853100154030755,0.514018196752545,-0.14935459970161,0.291077481022199,0.0168941220495378,0.0119330131075915,-0.254273080035555
-0.0922491125044503,-0.21247549459454,0.0482714554678089,0.358490348059928,-2.47321135778694,0.85277322076175,0.908913786722394,-0.0713944523308783,0.331439489823111,0.0196122812786532,0.0111602596770815,-0.243763527970699
-0.0923129106267179,-0.212145262532276,0.0483284755442718,0.358525989966791,-2.47305406755774,0.852425961337729,1.19918094992954,0.180847158288543,0.172758650541084,0.0218415491196415,0.010115139893295,-0.233625066732285
-0.0923605159034081,-0.211620728471821,0.0485156287992494,0.358716575333304,-2.47287882242492,0.852044417755187,0.376059929406267,0.505429720133634,0.163951685163681,0.018391266719672,0.0123806274195613,-0.263475917141232
-0.0924006625067935,-0.210893237899483,0.0488476881750547,0.359062574556817,-2.4726653501943,0.85161509276999,1.41096838070422,0.341655401793105,0.0963542329671156,0.0203407791467871,0.00993374511597361,-0.221517006976988
-0.092449769457628,-0.209967533954678,0.0493321880459534,0.359554993922437,-2.4723915126349,0.851128262524149,0.648189536525479,-0.125814447467974,0.189732921558459,0.0178872032866124,0.00925544716075938,-0.261414706665336
-0.092534279216131,-0.208857135146799,0.0499754065288789,0.360177748924095,-2.47202710238254,0.850571839277986,0.802448241989055,0.312170555897865,0.247701210353966,0.0236964043944874,0.012016964763539,-0.241514671113943
-0.0926749771230325,-0.207601544531075,0.0507656567573577,0.360897116231183,-2.47155595427281,0.849947382003375,1.16551290216057,-0.00100659567488037,0.0719681245849983,0.0226116222737378,0.0124120306250364,-0.231213681959323
-0.0928937117735707,-0.206237092735265,0.0516930371041442,0.361683764075588,-2.47096396759449,0.849257678446098,0.370287889937515,0.390850839813083,0.170417286902591,0.0203030804583886,0.00819790739352971,-0.256703458203537
-0.0932005644119041,-0.204820131641468,0.0527305501250263,0.362497902908895,-2.4702514643857,0.848515381828351,1.33503677258363,0.340439677928316,0.0576285507296461,0.0214522271633637,0.00931186769710274,-0.214065524515917
-0.0935999018493848,-0.203414906925283,0.0538418645550826,0.363296612003,-2.46943015582493,0.847740678158197,0.608677569380234,0.0189638927226952,0.162941422321893,0.0171713831014966,0.0125455835382894,-0.242947933136168
-0.0940966984838774,-0.202069912361281,0.0549992971519114,0.364048647850866,-2.46850286599742,0.846941801578453,0.598042664757884,-0.192970567481325,0.196816190812683,0.019979964125326,0.00921324938220003,-0.232619674125659
-0.0946751584399479,-0.200842970220574,0.0561611757591216,0.364720291847341,-2.467495273765,0.846138294243346,1.06137896563888,-0.352521409020255,0.17937142875482,0.0206740760226216,0.010943537434215,-0.20963880972963
-0.0953137584399015,-0.199778622559469,0.0572909785036161,0.365287928399776,-2.46643688101983,0.845346682713478,0.355155912139082,0.611685382538553,0.105217326421553,0.0175209948259996,0.0135935343096197,-0.244313090304202
-0.0959898015723913,-0.198903785791438,0.0583600288798554,0.365740394339936,-2.46535191182932,0.844574883140218,1.15265703573976,-0.0894822914954148,0.234166479996304,0.0210594723701263,0.00943408135785101,-0.205200016946439
-0.0966783297646369,-0.198233838211493,0.0593450354486709,0.366073314948744,-2.4642643148822,0.843825177187771,0.67076695451459,0.104788834339161,0.289923688526073,0.0173580768776862,0.0138288330415458,-0.225825732483086
-0.0973492828624806,-0.197780098123332,0.0602216289597693,0.366284959524506,-2.46320313590915,0.843101456897446,0.567800838306709,-0.210603495207124,0.279640651079319,0.0191582075995367,0.00934404360955871,-0.228047587575175
-0.097973887257432,-0.197539959566491,0.0609718740441397,0.366381812192936,-2.46219627759684,0.842404945880632,1.32389705340034,0.1625633736503,0.37369938185995,0.0187040905812137,0.0107486427676132,-0.202366481216852
-0.0985334766934087,-0.197497406857154,0.0615898010039158,0.366376687952884,-2.46125997331862,0.841730778488405,0.0777387432680143,0.356510533783648,0.117386304972484,0.0188560118455277,0.0118353846573285,-0.243499181263644
-0.099008776874145,-0.197634585549283,0.0620692930087478,0.366281357769619,-2.46041460898603,0.841078069083526,1.15357176351995,-0.377964469672179,0.192113274145896,0.0200122872391693,0.0107828933407239,-0.198122602385214
-0.0993872688197263,-0.197928710797034,0.0624091916027916,0.36610906964813,-2.45967848185623,0.840448565733772,0.559150275811191,-0.229538151997531,0.243349573646185,0.0192356094454613,0.0111014020038984,-0.224421404595842
-0.0996728861756778,-0.198347112752884,0.0626207588999178,0.365876980857233,-2.4590514419875,0.839838049884962,0.397879499685246,0.82997741234999,0.24259525989558,0.0172229583640551,0.01024130400114,-0.221471468937613
-0.0998623323690332,-0.19887034525018,0.0627059343328458,0.365593603072029,-2.45855062460261,0.839259706391975,1.32444802536281,-0.0853830811406624,0.169258811952261,0.0212634290203906,0.00858411253408725,-0.192005168373524
-0.0999617416895393,-0.19947261890653,0.0626748606010305,0.365270666169016,-2.45817965279663,0.83871955602622,-0.0996952720544186,0.077817598647016,0.223507388457506,0.0188759093298021,0.0100625346313183,-0.235530086506735
-0.0999802811326292,-0.200140201643795,0.0625351454963958,0.364910337003248,-2.45794089786971,0.838229847934708,1.23849172854966,0.0170948845982366,0.230018492577074,0.0227267933854636,0.00838383509339158,-0.191886872856007
-0.0999374419952986,-0.200846336150689,0.0623082553138574,0.364524957195782,-2.45782616728806,0.837800220057292,0.453072487505494,-0.599464276550634,0.186702357518044,0.019977680138028,0.0120715204830173,-0.217936224910455
-0.0998453821774409,-0.201563167722348,0.0620176093695902,0.364129404527761,-2.45783431695174,0.837445414529702,0.505718366902158,-0.50140101074544,-0.0274027316593788,0.0186713246780834,0.0132199826294968,-0.213023168368988
-0.099714762595122,-0.20227080823041,0.0616854920097171,0.363733260209481,-2.45796085289989,0.83717777370691,1.15708825520773,-0.47233191656278,0.106116135454386,0.0211812153854996,0.0132577727404738,-0.185997415832512
-0.0995650977693648,-0.20293528467677,0.0613475649417519,0.3633564059474,-2.45818770013439,0.836998859702059,0.2268655306749,-0.314371946124311,0.187581507282545,0.0175010082808127,0.0120016512873684,-0.225859511492628
-0.099406949102197,-0.203537575316043,0.0610288210335561,0.363011694917563,-2.45850252687683,0.836912577449605,0.890143820639423,0.137913513353396,0.260487467568851,0.0247502479351098,0.00772962833746571,-0.183288587314005
-0.0992546743812136,-0.204050226647227,0.0607609439425196,0.362718982021877,-2.4588876686162,0.836916061274424,0.671123663420872,-0.334740408957941,0.270491235715468,0.0240824838308469,0.0093775973225515,-0.200718107790879
-0.0991204249928457,-0.204457347008099,0.0605663428663378,0.36249061394263,-2.45932282385376,0.836999950074962,0.108904183079119,0.819956767404619,0.28514889110869,0.0199757919528061,0.0118013100066085,-0.214839085456821
-0.0990152998910661,-0.204753853066332,0.060459203059983,0.362332714338226,-2.45978418517252,0.837148204679616,1.42017245575352,0.0498851639858913,0.210663478766975,0.0204508515383952,0.0101017855247919,-0.177561319648126
-0.0989582122793558,-0.204930577822338,0.0604535807221944,0.362254682164476,-2.46024218372534,0.837340024463132,-0.0319120072148849,-0.135747161554718,0.14029777658169,0.0176021210742734,0.00985501956432622,-0.234052549634817
-0.0989604358810069,-0.204994863676002,0.0605483894416239,0.362255107404152,-2.46067184920702,0.837552406322665,1.26890720174924,-0.372046894278583,0.195964256559677,0.0233237038040612,0.00977865652976412,-0.182581098947325
-0.0990322288831553,-0.204962228348854,0.0607331578297767,0.362327402817439,-2.46104997202536,0.837761686090294,0.418994500007273,0.271481917071014,0.19998533920338,0.0207283675193874,0.0100859663292993,-0.207982372810658
-0.0991796210490665,-0.204860658697479,0.0609851056406704,0.362455526443353,-2.46135489193259,0.837942044152148,0.333702578164207,0.214377693293272,0.194577781744698,0.016826656864104,0.00945212042056176,-0.214544081317412
-0.0994104300801643,-0.204706060415233,0.0612871802506407,0.362630444702626,-2.46156398590036,0.83806677050472,1.24149539912287,0.0708315790670895,0.191591614534644,0.018988792564075,0.0113917030567958,-0.18531862735823
-0.0997292504472815,-0.204521421099094,0.0616165922950426,0.362836508113775,-2.46166205646095,0.838116759840897,0.00584984040864356,0.298797805024151,0.162195432670046,0.015374564830875,0.0105508039377974,-0.224777858268366
-0.100133330550636,-0.20431292775491,0.0619604672090911,0.363068609540331,-2.46163968405124,0.838074967156476,1.14514608042435,0.453969913240371,0.199765473364181,0.0180125058422713,0.00876346864670513,-0.177389391815414
-0.100612961520724,-0.204093249489097,0.0623002635857191,0.363315918608059,-2.46149973528064,0.837934902030677,0.369356234376312,-0.118548567013249,0.206039761895624,0.0190914741182446,0.00988024483076444,-0.195691911512948
-0.101149052563594,-0.203869647300984,0.0626226165364827,0.363569756615199,-2.46125812771608,0.837700876312294,0.269523750454312,0.092797681335469,0.125267976795783,0.0173385584736985,0.0123638875279815,-0.19061797272601
-0.101716633791812,-0.203638412292407,0.0629213807494542,0.36382800140096,-2.46093880254066,0.837382705478614,0.998458251880379,-0.167233732770455,0.187396700772126,0.0174457445911802,0.0118953258829971,-0.156440639018239
-0.102293350329079,-0.203401107807811,0.0631904148946184,0.364084722836357,-2.46057321707749,0.837004045866712,-0.27923068948445,0.510000287611092,0.260345341714526,0.0171467422468892,0.0125846540154703,-0.200294022395188
-0.102851016496882,-0.203153080215394,0.0634295914851152,0.364336843227468,-2.46019948499315,0.836592075534391,0.871918961229596,-0.442761663543479,0.251398652308865,0.0190394960946239,0.0105699025090612,-0.148844285768398
-0.103353438943693,-0.202895925604293,0.0636349174866097,0.364577440078886,-2.4598658625876,0.836181388486564,0.341139831131954,0.127481538794882,-0.0376803594042485,0.019062153149525,0.00886058395549955,-0.166424621743034
-0.103778866261188,-0.202624210172843,0.0638104478619448,0.364805424222764,-2.45961046256964,0.835805285595813,0.155537893242013,-0.127884996939883,-0.0434368394359126,0.0187297960788104,0.0108753518057186,-0.16224716952297
-0.104100354478192,-0.202349869759117,0.0639492493611104,0.365007458022584,-2.45947501052941,0.835497399105197,0.981127383089245,0.425312264799231,0.207197072580499,0.017507907771233,0.00967500968670126,-0.125616465637657
-0.104305883809724,-0.20207441406943,0.0640526751255756,0.365178271713405,-2.45948418621871,0.835280406483758,-0.420077340143791,-0.0930457381648466,0.232864399138862,0.0150614209985269,0.0107604381675472,-0.165104518820406
-0.10439115345342,-0.201812021831695,0.0641139874163081,0.365304963520324,-2.45965135601645,0.835169922081635,0.64159848233686,0.457256882956244,0.326469283706842,0.0174878617737719,0.00954354958897013,-0.105955599822146
-0.104360173717339,-0.201567020730232,0.0641341004900963,0.365381001117682,-2.45997365465826,0.835166407193901,0.106283307398655,0.620025363205968,0.239312563909351,0.0155181423512967,0.00809027464652706,-0.116202876063638
-0.104228634752558,-0.201338362565697,0.0641168910580696,0.365404980919094,-2.4604311281156,0.835257109210147,-0.245013370868719,0.336228119080033,0.205451368309213,0.0140524476519719,0.00710144664224116,-0.108735405638574
-0.104016071117573,-0.201119659806005,0.0640700064576825,0.365379970715433,-2.46098881015211,0.835414121592889,0.769032652899284,0.341355065421567,-0.0129509728199366,0.0152417977774801,0.00768715260137121,-0.0636605463299311
-0.103758695848365,-0.200888924722316,0.0640123048359791,0.365319360603291,-2.46159378088467,0.835597590599256,-0.788404635929567,0.242983647517121,0.043045592257215,0.0124356314998573,0.0103424655548163,-0.106979143291179
-0.103482352185272,-0.200626839543041,0.0639594259388969,0.36523578758698,-2.46219935247562,0.835767042795056,0.382409744222286,0.622847186870331,0.135351835291289,0.0139856471481243,0.00639981056168099,-0.0425998809320762
-0.103212952923784,-0.200312871222566,0.063925605983666,0.365144165130273,-2.4627572943622,0.83587970367642,-0.305494863433012,0.243752934932672,0.226342913933166,0.00917202408638929,0.00872083926922257,-0.0602101241233912
-0.10298465270548,-0.199910504111344,0.0639374675683582,0.365071408546104,-2.46321317138584,0.835889869876409,-0.567310633566592,0.518275069598985,0.146899472759117,0.00952061719033104,0.00743408434527404,-0.0564410006703073
-0.102819719310139,-0.199399413750055,0.0640096458225054,0.365033612661785,-2.46352993624496,0.835764549428253,0.472808596322864,0.136557928041839,0.0722639800619902,0.0145059063721948,0.00475777443553632,-0.012051741224572
-0.102732890091447,-0.198770372563093,0.0641467992567652,0.365041714740229,-2.46368996537823,0.835488168212529,-0.952410565332855,0.302484986561467,0.0742053164847221,0.00848822589728249,0.00972277465957266,-0.0648632677129055
-0.102736852644632,-0.198023639105907,0.0643488509191107,0.365101697878443,-2.46368759549182,0.835059826838132,0.303147609956056,-0.322517057739788,0.181503110145741,0.00934569205929225,0.00841658617031782,-0.0150239876540623
-0.102836127404997,-0.197179918695282,0.0646014444345392,0.365206451787734,-2.46353777171971,0.834497897467851,-0.444947870267526,-0.168353992826724,0.269695155524801,0.0098319048215072,0.00662215403392274,-0.0340705750080583
-0.103036964927549,-0.196263485460517,0.0648895123515975,0.365345562035888,-2.46325905020548,0.833827118295788,-0.619217492113819,-0.163616133341066,0.120008311839172,0.008444367262046,0.00564047970645581,-0.0295275960570587
-0.103341658132623,-0.195321716116911,0.0651828507530367,0.36549344770091,-2.46288312770955,0.833087891525653,0.229691509534291,0.439102174338359,0.0988439910762793,0.00956687375865961,0.00280565998525723,0.00559420809539946
-0.10374432662778,-0.194407320951837,0.06544826773099,0.365620066202369,-2.46245218366363,0.832328362007045,-1.15007329434223,0.268812736046129,0.161053572682818,0.00662537029339783,0.00599431356055369,-0.0358943053873517
-0.104235241170001,-0.193562160590254,0.0656597149139185,0.365701967928362,-2.46200884620972,0.831596546233684,0.143773314696773,-0.269660119555965,0.0519262666012139,0.00903083408800054,0.00434434972489295,0.0212256338858041
-0.104810247936254,-0.192822981702398,0.0657974915671102,0.365716787321057,-2.46158413436141,0.830930969164639,-0.740947926350202,-0.123732553071022,0.0310665378503643,0.00575617263385597,0.00497777847269021,-0.00128153399305431
-0.105459668070506,-0.192228301649273,0.0658414033367319,0.36563985529166,-2.46120702440982,0.830366554282085,-0.901425173234713,-0.063248624712287,0.136195703992826,0.0071606317405819,0.00422752157521084,0.00404051005196671
-0.106164286150204,-0.191793772151596,0.0657845617409739,0.36545985901674,-2.46089981328561,0.829921450879947,0.236675110829651,-0.242937401798599,0.107893114759463,0.00971090753529369,0.00456139666167005,0.0486000322821361
-0.10690702956559,-0.191516544977167,0.0656341448332662,0.365176038729044,-2.46067194337908,0.829600685257505,-1.37280038996784,0.45302991386734,-0.00932817897927407,0.00709758277420836,0.00427293372760051,0.0017903216305819
-0.1076690084624,-0.191380105963124,0.0654058691911321,0.364795496934721,-2.46052259524742,0.829394748997827,-0.0126849684043577,-0.0787813006916167,0.203517894708057,0.00972781316092419,0.006493828642544,0.0618950150301099
-0.108424818248798,-0.191350646311302,0.0651242202627836,0.364336794523546,-2.46044587159574,0.829278288504467,-0.867896200143264,0.143342544253301,0.0726872488706078,0.0101108104509851,0.00365258292105186,0.0359889561844868
-0.10915897750523,-0.191388238153088,0.0648183376820501,0.363822397581821,-2.4604191842453,0.829212085845395,-0.99884964526052,0.801601921925112,0.114106252598646,0.00791754887938634,0.00191561308368293,0.0429895381651892
-0.109846694900348,-0.191457356961054,0.0645118055963665,0.363272852062171,-2.46043030869447,0.829160763061795,-0.142492664525946,0.843224094641982,0.190394428101001,0.0110868491379472,0.00383964031092349,0.08557910123975
-0.110471263259261,-0.191518442089137,0.0642297928990897,0.362713262267242,-2.46045896591149,0.829081274705383,-1.73973895399018,0.157064008226143,0.0305169041845943,0.00660038059499257,0.00369817801815964,0.0422502041993225
-0.11101826571413,-0.191553369179784,0.063981895943416,0.362156120894148,-2.46049276080855,0.828941416203444,-0.290258767606247,-0.101893223701836,0.084644971434841,0.00841617963172459,0.00101081001164149,0.0962250542062977
-0.111483495335326,-0.191552386048002,0.0637713697745804,0.361609973231838,-2.46051499394107,0.828709166731761,-1.13393836819807,0.0471669255832694,0.0915061231813752,0.00966153373311096,0.00149755404472623,0.0654132339296889
-0.111863092877554,-0.191516783291203,0.0635926364400156,0.361078195187192,-2.46052032110666,0.828365759495363,-1.21355599466784,0.311572384148121,0.132378135491535,0.00944073866187001,0.00175283782776808,0.0691917170026621
-0.112154726673176,-0.191461703335175,0.0634310943411618,0.360556529817156,-2.46051371104431,0.82790791622032,-0.154884976135179,0.497630452688782,0.120977058699793,0.0104100241840843,0.00195985161535445,0.10692221769082
-0.112371137089184,-0.191405494005954,0.0632727443360214,0.360037374802884,-2.46049504423675,0.827337251019089,-1.68463265033034,-0.513914030648721,0.0819730423223177,0.00597718701640737,0.00481854821729982,0.0597335222770776
-0.112521035046337,-0.19137385055174,0.0630977952813491,0.359509291830897,-2.46047165537801,0.826664194297711,-0.442854184029727,-0.0270327096989149,0.118018243867851,0.00947845698790584,0.00365286820834526,0.114693705028578
-0.112613105287628,-0.191390213514013,0.0628890582458713,0.358962479000548,-2.46045759471136,0.82591058279131,-1.16075427350353,0.243731430720345,0.112276147614068,0.0072813574828654,0.00180752474140899,0.092168239566619
-0.112662342879034,-0.191476283268828,0.0626315136766362,0.358385851950132,-2.46046512814848,0.825103251874994,-1.20466220585013,-0.27098730468515,0.0683821821249069,0.00941336911353829,0.00556567435043315,0.0956944450697077
-0.112672548508633,-0.191648722659159,0.0623126704139094,0.357771646512964,-2.46051382504394,0.824272634697186,-0.341915340892626,-0.177831099734703,0.177815723411612,0.0118997164960279,0.00249553373452255,0.136419898863881
-0.112649882205878,-0.191906970514395,0.061933154866732,0.357121736108551,-2.46061928211552,0.823448744109936,-1.90230911788308,0.260460619856076,0.215617213660494,0.00900355402404784,0.00135918047898126,0.0940303787326964
-0.112605700360788,-0.192234168688014,0.0615062432804911,0.356446486972912,-2.46078731629151,0.822653986716544,-0.52636604531466,-0.0655406544105972,0.154261991365786,0.00962311029722018,0.000345538824980895,0.143792529980136
-0.11254062580463,-0.19261581168881,0.0610410153286959,0.355755624774012,-2.4610326014735,0.821914913845961,-1.27803057826611,-0.470396495192063,0.0366257080632124,0.00614956098196773,0.00529025502338298,0.116461921503643
-0.112451465332759,-0.193036018345161,0.0605461468980539,0.355059789263559,-2.46136574025637,0.821250935326311,-1.5460334624849,-0.450862333595296,0.132097895730595,0.00705417592073099,0.00337058988153727,0.130783838438279
-0.112343673516248,-0.193470584093399,0.0600366314258666,0.35437489764979,-2.46178643550479,0.820672312264051,-0.589356450155321,0.0692943359531455,0.10715713191388,0.0124129635320713,0.00337871206057838,0.165391586838837
-0.112226707365794,-0.193891044673692,0.0595330891046633,0.353718675750564,-2.4622868520684,0.820181892523486,-1.96050572696419,-0.424357035351704,0.0683633943025939,0.0110219809073526,0.00491010278955983,0.117598681565868
-0.11211732472423,-0.194263077220707,0.0590617119552431,0.353112784753386,-2.46284464813997,0.81976636111004,-0.721806702366564,0.370023497770717,0.207561736471661,0.0122940445289306,0.00150825465661719,0.166811649177197
-0.112033298486093,-0.19457602384817,0.0586320904601582,0.352564482884112,-2.46343558108579,0.819409380669688,-1.27353712730979,0.383352783103646,0.186208482114523,0.0118896169896385,0.00276723494326814,0.139913859916247
-0.112000131763143,-0.194817961761084,0.0582583452080657,0.352081404303822,-2.46402597356026,0.819086210000357,-1.5830207911693,-0.105665160235958,0.0476302972004135,0.0124597385534098,0.00601677119569505,0.142121792485003
-0.11204006315782,-0.194974149684043,0.0579567487952429,0.351672938471571,-2.46457958063255,0.818763989511975,-0.690512479570089,-0.312162402775584,0.149398410713388,0.0128395116740174,0.000548857311764517,0.172068943147733
-0.11217698545519,-0.195044797665447,0.0577362264204761,0.351338578445903,-2.46505885666102,0.8184092552558,-2.05789020500816,0.274859512531975,0.0409368089887323,0.00745045533556965,-0.000166393806386889,0.124854590572744
-0.112437305693668,-0.195027246519335,0.0576098467934527,0.351078415390789,-2.46542166077839,0.817984281339181,-0.688067497234101,0.450348323992102,0.125597549640077,0.0123668966534414,0.00280219060694031,0.176209959144459
-0.112833468938321,-0.19492912473997,0.0575821267827837,0.350885172737151,-2.46563586897984,0.817453422769414,-1.33421911172979,-0.179399343783643,0.11944176871836,0.0102499897588921,0.000941571145074482,0.143441905597309
-0.113375627680055,-0.194757457444976,0.05765799453447,0.350752557236776,-2.4656751723894,0.816789373685892,-1.50635589236481,0.33585542871856,0.14944601251878,0.0115892006915326,0.00400055886572659,0.137615537508483
-0.114054051668838,-0.194528201566198,0.0578330460764012,0.35066839401654,-2.46553377219071,0.815976680820931,-0.636697281424347,0.446516189020713,0.0641945885055577,0.0135185040689247,0.00361175605256941,0.168106351785018
-0.114861895880463,-0.194246207780301,0.0581091160640775,0.350627978252043,-2.46520539257425,0.815004589191214,-1.98740479357514,0.120494064246031,0.0775470450636817,0.0106043218006446,0.00193957044350396,0.12502849147617
-0.115775496554759,-0.19392667485426,0.0584761154593395,0.35062092097512,-2.46470323207782,0.813876829163697,-0.668524211029933,-0.0981334741568389,0.114424562548209,0.0155639581740608,0.00169636712294641,0.177412284398879
-0.11676380866894,-0.19358382851355,0.0589199652569301,0.350638109718729,-2.46405096059519,0.812606720015079,-1.41197963293581,-0.0395633234879824,0.0737765297412523,0.00603483931249382,0.00362737247285849,0.150079906497907
-0.117795012414122,-0.193228562580282,0.0594256004330962,0.350673635102611,-2.46328031364655,0.811217940644576,-1.53795211262047,0.0258278601545499,0.106659252999549,0.00976766660825756,0.00418017964457695,0.152182540282932
-0.118835258597912,-0.192872771927262,0.0599739644761603,0.35072305925734,-2.46242909012744,0.809741789759596,-0.631747458395182,-0.11559735019091,0.127591001299436,0.0103717694664938,0.00487696504783725,0.184380876217237
-0.119857636710266,-0.19253111517314,0.0605419967523703,0.35078021256035,-2.46153363106323,0.808214325106591,-2.15707929699664,0.162166045841332,0.0672623268689847,0.00654905583815069,0.00478523300568312,0.14654123431631
-0.120835848664137,-0.1922203261442,0.0611042475783953,0.350836929675623,-2.46063068992489,0.806670551189758,-0.849329286878003,-0.420277428123654,0.0845460461691516,0.0132313376724769,-0.000789022724807353,0.209651506339564
-0.121752397331423,-0.191948584633248,0.0616406322231598,0.350891676978159,-2.45975202010539,0.805145046198722,-1.543575004952,0.484263492236778,0.200674475167574,0.010924925072219,0.000795719512105886,0.195950824298967
-0.122609586028263,-0.191713509133977,0.0621407367748789,0.350948677231562,-2.45891015927859,0.803661056486495,-1.90191836868291,-0.00133852667454448,0.0238593898557724,0.0114878413215194,0.00224818788850023,0.203507793676148
-0.123405766672611,-0.191525242611511,0.0625866239936474,0.351002285152463,-2.45811935280989,0.80223946444457,-0.73481134289176,0.00711573647822661,0.0980921544931164,0.0116115207627221,0.00184141392603093,0.241675669029319
-0.124146601677011,-0.191383082657605,0.0629697882398724,0.351053194858847,-2.4573855628421,0.80089311786458,-2.22706657186495,0.581299895225811,0.0861357520358581,0.0071516110734362,0.00385458130007582,0.199341598946619
-0.12483958639286,-0.191289700980676,0.0632811640694115,0.351099001057384,-2.45671286773318,0.799632588393755,-0.976496044795852,0.630084645469879,0.108448410146224,0.00961021515656668,0.000980363569448139,0.24922682488442
-0.125497192165007,-0.191243877565594,0.0635183941173882,0.351137405286785,-2.45609655044168,0.798459477516745,-1.7389733331529,0.680236417927517,0.170417258360942,0.00904122340505387,0.000458462734828136,0.234600496883085
-0.126126801443219,-0.191232535464274,0.0636887220365379,0.351172871987849,-2.4555328791925,0.797370007066036,-2.15215686739157,0.493267648710571,0.156369107513683,0.0098415486218344,-0.000876686608917709,0.239817334993592
-0.126728312640626,-0.191244693533188,0.0637988013523363,0.351208258197609,-2.45502214029171,0.79635913380641,-1.07526891433469,-0.894341203148088,0.00584492752463461,0.0080249605989704,-0.00161030320673694,0.278731730954259
-0.127301950584188,-0.191263361526689,0.0638615485932016,0.351250158788785,-2.45456546809431,0.795423514579773,-2.48302313333483,-0.368799314590888,0.11463867729293,0.00306521190711528,0.00227315625274693,0.234101107741227
-0.127829680784032,-0.19128033570041,0.0638817202976981,0.35130062288088,-2.45418269897085,0.794569257484616,-1.29823015367839,0.126627466565878,0.00599714704662802,0.00380191574024069,-2.65155487865765e-05,0.28956797080458
-0.128292177528686,-0.191281067014919,0.0638684738757683,0.351366016045455,-2.45389276142248,0.79380103596381,-2.15614392845009,-0.103884109480987,-0.00676740408351861,0.00194009857274757,0.000152062392977825,0.269785296299665
-0.128668502475018,-0.191258724889757,0.0638272934925959,0.351448091250903,-2.45372010353567,0.793129813346452,-2.36345980068808,-0.326814383274723,-0.0370381095003438,0.00206696973333109,0.000949544972934813,0.274528255791126
-0.128936127096797,-0.191204363816507,0.0637647997036578,0.3515499174525,-2.45368614205683,0.79256185666337,-1.52798624279518,0.212722233988188,0.132512798949875,0.00314115523613356,-0.00735339431379473,0.321134569875274
-0.129070332185038,-0.191136631308593,0.063667991179117,0.351655749482855,-2.45381901036789,0.792112327750913,-2.77144213327631,-0.0764157102787522,-0.0616431801652197,-0.00195048075956672,-0.00209596024255876,0.276974530528142
-0.129060141766261,-0.191068007746063,0.0635302629758067,0.351752550006233,-2.45413180110998,0.791789100579412,-1.55291857549116,-0.225473803975092,-0.0830618036450517,-0.00215542781787503,-0.00340924009815513,0.335855444459072
-0.128891960404765,-0.191017880856524,0.0633387204300607,0.351822808568467,-2.45463666361636,0.791596677273087,-2.2346151514692,-0.0857229566886417,0.129466739814433,-0.00282825124781905,-0.000441487341599933,0.311548725212502
-0.128575150711158,-0.191003636762436,0.0630839813743462,0.351848404896026,-2.45532084875674,0.791525891994475,-2.69523692835713,-0.024533084947052,0.103652561769508,-0.00117604431132889,-0.000725236904226878,0.319116566173331
-0.128119008990297,-0.191060516507422,0.0627447664894297,0.351798628851955,-2.45617182312234,0.791568732030738,-1.6965796549776,0.0331342172778477,0.0961680240962721,-0.00194516888006335,-0.00348822595614312,0.361213698240213
-0.127550064012481,-0.191197159410243,0.0623187301687435,0.351660116368424,-2.457153106813,0.791699802618828,-3.05584822951192,0.0583616828278082,0.120270916276041,-0.00205437280992404,-0.00280540531101542,0.320613779576349
-0.126904656472145,-0.191431346665743,0.0617985386564569,0.351412963695191,-2.45821783152688,0.791887865759609,-1.83387834388793,0.0491658892779014,0.0568507171582553,-0.00176972053448621,-0.0068831584680708,0.38188383754384
-0.126230871124302,-0.19175614573004,0.0611952958669079,0.351054438709722,-2.45930304151184,0.792090020552232,-2.48504553300143,-0.366463346254022,-0.0222902971164842,-0.0047618016611195,-0.00257814748363855,0.350085708982345
-0.125580260893913,-0.192151065233271,0.0605293534095654,0.350591413073396,-2.46033738103402,0.792255704438082,-2.5906742268765,0.00815504077559126,-0.125570204035199,-0.00471633621815837,-0.0012722772996539,0.357495363065631
-0.125001637542922,-0.192585324974821,0.0598279398717682,0.35004024796399,-2.46125139937995,0.792333019616061,-1.91854601498756,-0.0211609590405715,-0.078785471126281,-0.00265840266196582,-0.00172708924249521,0.388942495860919
-0.124545188360246,-0.193012482417006,0.0591297251180047,0.349430964900904,-2.46197980661682,0.792276712408901,-3.12543725477678,-0.602257509555329,-0.0813259517245228,-0.00600766238918782,-0.00246485720138878,0.352458266888854
-0.124251822925785,-0.193375956789467,0.0584793412004863,0.348803276520532,-2.46246663620358,0.79204564027455,-2.08866707563681,-0.369737063276034,-0.030070833515623,-0.00241335697405765,-0.00549401826427987,0.405496108200272
-0.124146341790684,-0.193609469563826,0.0579270238556414,0.348207543140184,-2.46267330006519,0.791608468856267,-2.74947896810261,-0.154977054501842,0.0434710027124083,-0.00458138388815232,-0.00523918413827501,0.381110606739576
-0.124243268076707,-0.193663029799109,0.0575108357308644,0.347685172608679,-2.46258069779804,0.790951491508094,-2.81892003487712,-0.261615372691267,-0.149960897540552,-0.00587720259229529,-0.00538263343035461,0.390174553616073
-0.124544188240254,-0.193485521920233,0.0572689200711251,0.347281188367389,-2.4621901662251,0.790077100448471,-1.94210433765608,0.293837426720984,0.0314223003250902,-0.00588167070930234,-0.00683403126048221,0.424412898986292
-0.125026403420567,-0.193056306542887,0.0572157672463162,0.34702301185503,-2.46153458709253,0.7890097058766,-3.47249821826756,0.196829949859875,0.0524009708098561,-0.00758364064568973,-0.00425118756474091,0.382957674646092
-0.125660612620722,-0.192367379622072,0.0573573760171468,0.346928460274697,-2.46066079145167,0.787786495117359,-2.07433601038997,-0.114569196660796,0.0974582957067867,-0.00436497083725218,-0.00375807138000767,0.429089863740697
-0.12640675378159,-0.191447037241685,0.0576733714926908,0.346990550378988,-2.45963482430996,0.786461189298233,-2.81284417801112,0.357475507289791,0.0256168974405568,-0.00600735316521295,-0.00387382684152221,0.414635530644124
-0.12721729942598,-0.190336439643784,0.0581337380658173,0.347191522178666,-2.45852848953452,0.785089822948041,-3.05366266384073,1.01000866085565,-0.0138000248955166,-0.00428145126775092,-0.00764094005181809,0.424182503126441
-0.128044890715255,-0.189104415885881,0.0586888770582848,0.347492324975492,-2.45741767743339,0.783733952588748,-2.14612312895719,-0.36030718694451,-0.135494652548005,-0.00550331576041252,-0.00941981954224674,0.464091814165186
-0.128851524872684,-0.187834222418018,0.0592805395505974,0.347840615368277,-2.45636743991265,0.782447596046159,-3.54503309611476,-0.190397582793139,-0.120028513788299,-0.0122241014171247,-0.0046596055647885,0.423564969281292
-0.129611142990797,-0.186603608506014,0.0598557571549429,0.348182650215179,-2.4554221749709,0.781266660947229,-2.33549987129135,0.105742027574706,-0.0433645763030199,-0.00803399529367788,-0.00705074984559861,0.482037484166383
-0.130300202652359,-0.185492719517808,0.0603584153269515,0.348462269833988,-2.45462172447773,0.780222739981212,-3.15762483455677,0.0424776177317199,-0.21596314574586,-0.00687316856141207,-0.00593418501172671,0.453696730420737
-0.130907153433779,-0.184586590754517,0.0607299505995251,0.348616346587988,-2.45398344376553,0.779327315313811,-3.16221023426385,-0.0153043326060924,-0.128575078031332,-0.0086387577995497,-0.00739360339477002,0.450291701308135
-0.131432712512754,-0.183932649287017,0.0609379048811196,0.348606933962479,-2.45350575981819,0.778575798430005,-2.26160220719623,0.0860515064632636,0.0286250955020932,-0.00346570031055338,-0.00753675586533376,0.493382770658885
-0.131883288867948,-0.183552950580128,0.0609670948337835,0.348413889020232,-2.4531760088059,0.77795309506253,-3.63697382833635,0.0283753760327272,0.000107164470136922,-0.00646468163966007,-0.00988830024380949,0.454755445788279
-0.132273071975735,-0.183446374694396,0.0608184393628388,0.348033104949883,-2.45296755931574,0.777431859902724,-2.42418241842898,-0.63345825003853,-0.0589112623246422,-0.00407906057614005,-0.00684259276111043,0.504570993504509
-0.132613879231543,-0.183594143643169,0.0605035228762934,0.347475023611746,-2.4528530089859,0.776981526497925,-3.14766101343702,-0.550687203527787,-0.0831771032291897,-0.00947004268084406,-0.0038813407834718,0.475036334513262
-0.132922322496836,-0.183948890651195,0.0600540887548236,0.34677193116659,-2.45280130305128,0.776571630543681,-3.48912095190894,-0.092666593986678,0.0111948354858953,-0.00716238257992474,-0.00604239574708704,0.487451547626404
-0.133209818095137,-0.184448627341445,0.0595101192490611,0.345969590111575,-2.45278990723193,0.776178049021187,-2.48989724601967,-0.341166226381119,-0.0779663008034959,-0.00401093558602028,-0.00796184012487344,0.52514941276586
-0.133485579048308,-0.185028866836774,0.0589138456932707,0.345116874319909,-2.45280149740549,0.775784911497221,-3.91085537165935,-0.497331688452959,-0.0580772736058748,-0.00979278616154788,-0.00662425065720018,0.478778757091065
-0.133751954778394,-0.185625750520198,0.058305985987281,0.344265840290949,-2.45283519207931,0.775391751063046,-2.59587985196936,-0.0156965890732863,0.0314996929317033,-0.00523693356169197,-0.0103501794998251,0.5383117286485
-0.134008633654624,-0.186181434984094,0.0577238593317203,0.343462731936162,-2.45289072396879,0.775000783483408,-3.30562210237684,0.441984579759719,-0.0257755174944521,-0.00688909385770975,-0.0086701175233001,0.518642786825909
-0.134260005031998,-0.18665724626673,0.0571933330650787,0.342740692540332,-2.45297205360826,0.774622820174785,-3.51194626786713,-0.00516227420939686,-0.0731839579521818,-0.00690012045145005,-0.00975024832071092,0.523147154344057
-0.134500647340463,-0.187041350471115,0.0567214938533517,0.342114377501798,-2.45309776814106,0.774281608616195,-2.58508249843737,0.0484402398699331,0.0655216316599763,-0.0061049966539457,-0.00725318269406955,0.559033138249605
-0.134738700624383,-0.187325167407331,0.0563173806817066,0.341591439377233,-2.45326862242942,0.773989561612731,-4.13972925765307,0.0790857914932985,0.0948016787750703,-0.0060472365848292,-0.00548065193069697,0.519841582850272
-0.134977241605228,-0.187537372781316,0.0559652753107722,0.34115116108702,-2.45348915150583,0.773760646866851,-2.87488025232091,0.36494355504442,-0.0684651885952974,-0.00312555240660606,-0.00754552180977158,0.578390465537036
-0.135223056323772,-0.187705380062654,0.0556523728988659,0.34077130372433,-2.4537558439051,0.773601441337534,-3.60570771644615,-0.00367409546811359,-0.0745879923157986,-5.69585801359906e-05,-0.00793919832081508,0.555123997622941
-0.135490242060852,-0.187870238579579,0.0553581516819876,0.340418515494569,-2.45405605841488,0.773510088042191,-3.77746314875725,0.151971231628295,0.0472163027843919,-0.00443063494319329,-0.00586787206726624,0.560084236619769
-0.135785488049736,-0.188076760042057,0.0550597665926053,0.340055047407468,-2.45437703207387,0.773479626334611,-2.71244810162449,-0.0433735557587624,0.0718995594573926,-0.0042289391104533,-0.00884515978108791,0.603000242007665
-0.136119835500285,-0.18835156920451,0.0547495801222626,0.339653498100128,-2.45469444990483,0.773488712812449,-4.37349422527569,-0.713782007356258,-0.129011134793927,-0.0090471884482719,-0.00563299316802041,0.55126321889102
-0.136495388884342,-0.188719485108098,0.0544184963714186,0.339190139219939,-2.45499190394403,0.773518033425142,-3.00375714216966,-0.541418261392209,0.0333922393987791,-0.00544578652804883,-0.00506186837752082,0.606176631988736
-0.136906846276255,-0.189200430783734,0.0540585667120977,0.338646266332088,-2.45525939990456,0.773549700136003,-3.83284414373225,0.327445771573593,-0.00380650464839505,-0.0054223779403566,-0.00762537375377687,0.576148395220912
-0.137349263434524,-0.189777554716901,0.0536870767617273,0.338029400382521,-2.45548346353355,0.77356011940497,-3.84707818244993,0.453871077953181,-0.0911702739937823,-0.00388942854072338,-0.00967670999710424,0.582295193204867
-0.137805215597753,-0.190430499876983,0.0533202663727429,0.337352013361693,-2.45566211893794,0.77352978322612,-3.00119232786483,-0.80028983621628,-0.0207716911231159,1.12968424419435e-05,-0.0112710725579223,0.614664365728216
-0.138256756650708,-0.191116874704179,0.0529870499502578,0.336643959920365,-2.45579786253078,0.773444800865943,-4.4143194022638,0.269777211720566,-0.0336803855013557,-0.00881112506349213,-0.00859090720419142,0.573922119531703
-0.138680745560572,-0.191793665529332,0.0527145850890248,0.335937647261682,-2.45590421732735,0.773301172499634,-3.10481554734741,-0.293818996911568,-0.0395917086677287,-0.00582406101543276,-0.00594604658989129,0.625248150444545
-0.13905496819405,-0.192417682812204,0.0525272908286543,0.335266843490947,-2.45599830295551,0.773101665346973,-3.97317646043706,-0.666268406110476,-0.0412169654138381,-0.00945521408175187,-0.00626228661424744,0.598728222150456
-0.139360823955346,-0.192944328692178,0.052449888328042,0.334664945014985,-2.45609576177059,0.772850386555068,-4.06774306309825,-0.380969718292818,0.0580304413309136,-0.00746892121772103,-0.0102675947380285,0.606639536479664
-0.139583691000458,-0.193335798023485,0.0525003814118533,0.334160431295465,-2.45621266932907,0.772553845831333,-3.20876093738332,-0.0572623953919447,-0.0860683393424608,-0.00249215428107119,-0.012143155706879,0.644114049878104
-0.139720995130066,-0.193576903461282,0.0526821969961219,0.333765674558793,-2.45635715873309,0.77222018401739,-4.50927321130581,-0.324390660974359,-0.0212491416458818,-0.00250283701058995,-0.00875281413747531,0.604788619233931
-0.139783521962666,-0.193663723800471,0.0529920189571108,0.33348137988422,-2.45652639087372,0.771854131705538,-3.39519421277731,-0.661920449887475,0.0427562371168335,-0.00185537585243623,-0.00854275842486196,0.657546766518572
-0.13977682525525,-0.193607866765289,0.0534139246774025,0.333298549774437,-2.45672276654291,0.771462719025237,-4.08180882026465,-0.175601309940248,-0.0199941185504429,-0.0042581055555968,-0.00920553622399906,0.634676880197696
-0.139722676522358,-0.193430615789478,0.0539270157550166,0.333200608946063,-2.45693713372959,0.771050370605144,-4.37770064533163,0.0159848565829179,-0.11761113268372,-0.005501306064986,-0.0068089244525637,0.637320567197427
-0.139640069534553,-0.19317770974922,0.054494050691927,0.333154094488545,-2.45716322303148,0.77062294215501,-3.22771589190359,0.452442557870654,-0.0640453828069667,-0.00350414444616209,-0.01182909009747,0.68021065551567
-0.139553426021456,-0.192882751269871,0.0550855707903035,0.333135319336085,-2.45738977921094,0.770183555238544,-4.58703978396045,0.0281565200400564,0.0439472687448301,-0.00484117367513592,-0.00699359716830722,0.638603354226223
-0.139484368184247,-0.192589318340475,0.0556666861431511,0.333113354704637,-2.45760358869121,0.769729894260619,-3.45045275039899,0.50354169008051,-0.0240084708412098,0.000502278646719923,-0.00719795434101328,0.687195944702594
-0.139450068929903,-0.192332109231123,0.0562088782829142,0.333065547541425,-2.45779975308699,0.769265396027646,-4.08534183468134,0.217707380294087,0.0439728197569877,-0.000122204318159902,-0.00960658653238844,0.6625319905724
-0.139460765173397,-0.192126262981351,0.0566969379395115,0.332983349482694,-2.45797173374957,0.768786716412093,-4.25919589176209,-0.0155495722219712,0.0409927649613167,-0.00208756357962692,-0.00848607452901479,0.665709140722168
-0.139520413636956,-0.191988254707665,0.057114935809945,0.332858698429189,-2.45811909376633,0.76829367436708,-3.43733066986556,-0.244369814847232,-0.0656925662231629,-0.00357203709344667,-0.00796205465155625,0.694130967408907
-0.139627570590133,-0.191916513212582,0.0574601668689905,0.332696871663572,-2.45824583049514,0.767786975549247,-4.82428065429929,-0.240781827368892,-0.154003707293725,-0.00741794896803949,-0.00626081154088576,0.641388040987155
-0.139776307094607,-0.191903760820981,0.0577343560091547,0.332506775242259,-2.45835892146818,0.767268415254982,-3.36101881833451,-0.917883795118314,-0.159502358210261,-0.000849978487240222,-0.0102717548667395,0.696918635980611
-0.139957416582006,-0.191917116628029,0.0579584609174053,0.332314333968522,-2.45846433300098,0.766737051748373,-4.20612832644514,-0.259265353798355,-0.167974486497883,-0.00333655521038256,-0.00975218325858979,0.670747075527752
-0.140160151306849,-0.191934200971297,0.0581471146809451,0.332136260096598,-2.45856652096902,0.766189691785412,-4.22730371176669,0.258733512234812,-0.0284502231660326,-0.00467421406757929,-0.00812573617548773,0.670730168272623
-0.140377693411703,-0.191925995684207,0.0583208066146711,0.331992228860318,-2.45866968808004,0.765626244975916,-3.42677452891013,0.333448650248101,0.0112118313402618,-0.00202293486398464,-0.0102721601413175,0.703453533924176
-0.140602121977455,-0.191878833820008,0.0584901359669289,0.331891365027874,-2.45878034840067,0.765050755498476,-4.92727902890516,-0.181948819491708,0.033183728448563,-0.00606704661237423,-0.00561558286266678,0.665044728416987
-0.140823560849273,-0.191790585212877,0.0586590106332536,0.33183229038099,-2.45890693214517,0.764468921081582,-3.52341489195209,0.328018733318686,-0.0116254642217655,-0.00627876287015372,-0.00837774581070849,0.717900813545395
-0.141041469943831,-0.1916679156485,0.0588255783482778,0.331807549059421,-2.45905481650905,0.763890518897898,-4.15692775900226,0.0118163681859187,-0.21843383701372,-0.00662602665922796,-0.0116427717442237,0.697730728228816
-0.141257074363513,-0.191524510140605,0.0589836821696874,0.33180410945008,-2.45922912601614,0.763326677387159,-4.40359860904118,-0.142154768869432,-0.163764665262931,-0.00530777970279095,-0.0108727388448393,0.700967088780304
-0.141472395721581,-0.19138030456093,0.0591237157710012,0.331804452453926,-2.45943702174137,0.762792682670761,-3.72564252767415,-0.210040618431549,0.0343263574763739,-0.00604884983169995,-0.00914365182583332,0.740810316012446
-0.14169423742309,-0.191263211407001,0.0592314169190726,0.331786902833098,-2.45968309152578,0.762304262610602,-5.10082192917793,0.0678335860482093,0.0625192858203434,-0.00683153508859435,-0.00929153805266303,0.702353980515825
-0.141929956385205,-0.191206317711487,0.0592877569870511,0.331726469724048,-2.45997104172664,0.761876068747903,-3.70262117131159,0.392441630542635,0.105379189611284,-0.00388941055302938,-0.00919511353940106,0.757338862271863
-0.142183243549575,-0.191226952436657,0.0592842150966673,0.331610169565646,-2.46030775781266,0.761522972881286,-4.52890205401587,-0.0845284657536922,0.0207129354473636,-0.00537860887655439,-0.00652873315011698,0.727599794313886
-0.142464617127436,-0.19133783128146,0.0592166943391003,0.331427612337445,-2.46068766608691,0.761249563919849,-4.70991451352677,-0.305882631057102,0.00595340807291223,-0.0082794565450226,-0.0104057158321086,0.73033696011649
-0.142775276528282,-0.191546383421759,0.0590821391404783,0.331173525870314,-2.46110960884261,0.761057316065464,-3.65155070698762,-0.230471391510719,0.0698326224693631,-0.00627118278984851,-0.0118863610266601,0.771506166133207
-0.143116900055319,-0.191838698291201,0.0588921182308347,0.330857278146268,-2.4615656108799,0.760938181819753,-5.18353091986319,-0.0579068332751831,-0.142752902096504,-0.0104255327630463,-0.0108764388881226,0.724077548592272
-0.14349311365228,-0.192192985503824,0.0586636397302683,0.330492772635879,-2.46203907919047,0.760873779462155,-4.05290018545185,0.44089620656996,-0.12060449851046,-0.00549554070286407,-0.0107798262362741,0.776602354727143
-0.143904326528544,-0.192583516961735,0.0584152703174566,0.330095608739526,-2.46250668664791,0.760833566399726,-4.47549190612614,-0.353426852091616,0.0477100475762597,-0.00726672845437282,-0.0109272816783864,0.750586468355115
-0.14434304650329,-0.192987538700292,0.0581620337675982,0.329679324182638,-2.46294600198966,0.760782210664369,-4.77526735928677,0.164267327307925,-0.129410894897632,-0.0108669732313942,-0.0108775726631165,0.751668093356162
-0.144812060211679,-0.193372075672367,0.0579255243077417,0.329264339327965,-2.46332454680381,0.760677970996206,-3.94485605007213,-0.166108521430715,0.0195288353305898,-0.00767359584431482,-0.0118680734150823,0.787054020921573
-0.14530637074078,-0.193725566652807,0.05771204395721,0.328854648143054,-2.46361195973257,0.760476423395921,-5.40418978347742,-0.22700263865886,-0.0337493556199604,-0.0100455431494142,-0.00912508624434533,0.739826287342376
-0.145824213305286,-0.194039253934948,0.0575254239381697,0.328454104669129,-2.4637823170372,0.760139869354184,-3.92336625808036,-0.0525644124249993,0.0395498144916075,-0.00739201276574919,-0.01140798599233,0.797968287446299
-0.146363479789856,-0.194308708025956,0.057365573883531,0.32806433408199,-2.46381229693717,0.75963609296187,-4.72211181901429,0.122161919042583,-0.0279527450499586,-0.010915408270741,-0.0100484409638732,0.769027508403762
-0.146930107172424,-0.194543066662905,0.0572238831227537,0.327677450435828,-2.46367892925182,0.758939217268505,-4.84136262582217,-0.112506675462328,0.0149835891150474,-0.0136274030278667,-0.0108856654178408,0.771558005155644
-0.147518337836265,-0.194771023720078,0.0570760697522277,0.327276178411091,-2.46338363591872,0.758047397092409,-4.00949463042025,-0.596290333068509,-0.0647988010303493,-0.0100295830186736,-0.00927952225509926,0.805900331665423
-0.148132576874043,-0.195003495991302,0.0569118208973284,0.326855536643442,-2.46292513674037,0.756962569931456,-5.37906408644039,-0.61200099693292,-0.0298153962575896,-0.0108301554069468,-0.00984256634715541,0.770686184526876
-0.148775883799406,-0.195265565586557,0.0567115659124746,0.326401526407496,-2.46231194865332,0.755699443318939,-4.17279033325127,-0.575977250344522,0.0462358616454139,-0.0110610598043772,-0.00952020519407037,0.816647905944761
-0.149452089083304,-0.195562113830853,0.0564702111383379,0.325915493144796,-2.46156155834734,0.7542876029594,-4.93273564105749,-0.152867426321791,-0.0429046163559406,-0.0115905082763161,-0.0124801205903599,0.797061450105622
-0.150156052555617,-0.195914625403822,0.0561695308715455,0.325390120774928,-2.46071009558455,0.752772136170443,-5.03133644570619,0.390261500603629,-0.130037460846239,-0.0116519697902087,-0.0102751315692255,0.808976010640989
-0.150888534561949,-0.196313150197337,0.0558140071062402,0.324839659733795,-2.45978946985382,0.751198577268783,-4.13591910069283,0.165802914159258,-0.059189362870768,-0.0109016086707769,-0.0129711638501989,0.840104535963464
-0.151646490300316,-0.196734815530405,0.0554193321554289,0.324285198144058,-2.45883250174067,0.749609947084882,-5.49664248718722,0.247631248774269,0.0475769021064423,-0.0132235031218162,-0.0114566920967368,0.799709661733057
-0.152431073071977,-0.197146532054292,0.0550090953682318,0.32375317002823,-2.45786849999488,0.748047446969042,-4.37005296464736,-0.217452794257497,0.06612928854193,-0.00989721633527418,-0.009807437069136,0.859563159063639
-0.153229894573276,-0.19752581704399,0.0545972679169204,0.323262948024153,-2.45693728063958,0.746555137058433,-5.0680672843647,0.162517917109426,-0.0865013013281271,-0.0112015495874154,-0.011588249398409,0.836001621517757
-0.154040882786198,-0.197825193221107,0.0542175903806531,0.32284868546203,-2.45606048437942,0.745160708043708,-5.31176611467453,0.472392495054464,-0.000982611422017499,-0.0158287664574388,-0.0111935754656493,0.837551192719942
-0.154858445091926,-0.198012990422114,0.0538933882939324,0.322531080147612,-2.45525722710883,0.743885399327357,-4.57088273707251,0.341946206107423,-0.0255548805863555,-0.0114180592981472,-0.0155730968727354,0.871786153618541
-0.155675969690008,-0.198053609855302,0.0536507496511553,0.322331437409225,-2.45453826399751,0.742737794141628,-5.72178682851745,-0.290459006869924,0.0626363029829236,-0.0146046823721364,-0.0108809844531269,0.827974970440304
-0.156487401809937,-0.197930852789976,0.05350239025613,0.322256577205799,-2.45390813904459,0.741718721120945,-4.53271886600953,-0.315274853706569,-0.0609018904630432,-0.0103208078063859,-0.0119132593471026,0.880443346656996
-0.157280200188289,-0.197637555367965,0.0534537456404384,0.322307107136441,-2.45337312707205,0.740825087536096,-5.19201722086007,0.655116287586225,-0.0716938519970824,-0.0126484781141558,-0.0105537157074255,0.858207805906784
-0.158051509762385,-0.197166451319058,0.0535124049580799,0.322481589596147,-2.45292441555913,0.74004357494583,-5.459666591337,0.326297169946884,-0.0943903549893435,-0.0152489171725101,-0.0100876525017973,0.85770980663388
-0.158786410730119,-0.196531356059803,0.0536685285579541,0.322764905372188,-2.45256272782248,0.739361752352327,-4.42640227862199,0.431386068718439,-0.0106725403443306,-0.0139617058621342,-0.0119699102421399,0.900890132180332
-0.159465277699173,-0.195750534645637,0.0539082140171703,0.323140362599041,-2.45228494709862,0.738759949125634,-6.0339317409975,0.10153887344859,-0.0903425367509385,-0.0184405920185156,-0.00675968573131258,0.843801540971322
-0.160075727336118,-0.194853868159496,0.0542111238159973,0.323583156561989,-2.45208468015628,0.738221517059431,-4.45777951225233,-0.275285517291195,-0.107626413478869,-0.0138442991398939,-0.0111960642986795,0.899441428145079
-0.160595916131824,-0.193868354354777,0.0545571563759601,0.324072244004628,-2.45196210640304,0.737731084475786,-5.24706298018185,-0.488649185012036,-0.0713059598469385,-0.0140811992274315,-0.0104872967359512,0.870072059172619
-0.161003936958078,-0.192834434483164,0.0549166188835672,0.32457980590965,-2.45192223350454,0.737280452287452,-5.33607003178952,-0.265977114144562,-0.0785983159307762,-0.0197201300214105,-0.00788793065662008,0.876418251111206
-0.161280659746808,-0.191792323127396,0.0552617966894208,0.325079911882905,-2.45197022655549,0.736864332651946,-4.44988110225978,0.0131023024489423,-0.173166282292243,-0.0167837215104623,-0.013957281043107,0.903896741979391
-0.161415436915214,-0.190777854457552,0.0555696253487707,0.325550490454913,-2.45210889235031,0.736481336548899,-5.75503025641302,-0.586250668236744,-0.110932788677331,-0.0179535695095159,-0.0108781471844321,0.856910945713525
-0.161408660533609,-0.189813975658531,0.0558292070860286,0.325978155790783,-2.45232649222281,0.736121183383395,-4.54268161003756,0.350329205313756,0.106813920037297,-0.0132839479700819,-0.0130267632605487,0.909141762681421
-0.161271006035959,-0.188930521711752,0.0560265977953476,0.326346839768219,-2.45261588291822,0.735786340046509,-5.30253820993266,-0.233276053841109,-0.0356747581304546,-0.0131996054206343,-0.01562524969754,0.886028524447227
-0.16102038903238,-0.188146177833075,0.0561583408543645,0.326646613906031,-2.45296321529789,0.735474752448278,-5.56298146548619,-0.540694574153576,-0.0995377921577187,-0.0171885430784857,-0.0137888964406843,0.887011643925629
-0.160685377685065,-0.187487113870416,0.0562165503984758,0.326864154496082,-2.45335302559297,0.735190377965744,-4.64522680955622,-0.41918227517931,-0.0526790782940338,-0.0153996320476737,-0.0122251141913291,0.920404990276225
-0.160309582347854,-0.186957874833364,0.0562114210074583,0.326999312374349,-2.4537572641134,0.734930779525083,-5.8626806930688,0.0214951795921934,-0.164579165802195,-0.01524983859239,-0.0117085748026586,0.876002611573173
-0.159940242792191,-0.186565709765797,0.0561505435794034,0.32704962459659,-2.45414661526485,0.734692634034357,-4.58592035468905,-0.565642306068639,-0.100328332786916,-0.00978040530710622,-0.012478951494409,0.92127237706631
-0.159632425692294,-0.186303127546691,0.0560518017371452,0.327023148245363,-2.45449080455659,0.734476364078478,-5.33426052542757,-0.735403828109156,-0.12339590065713,-0.0123824116369997,-0.0135176299713266,0.898810673749344
-0.159441403393116,-0.186148335007172,0.0559421593414983,0.326934474729117,-2.45475182312604,0.734270427338503,-5.5436423602082,-0.268976683191568,-0.0108044499997106,-0.015265474545175,-0.0123005109677841,0.901038023757853
-0.15941032828536,-0.186077230655871,0.0558449322173608,0.326800150289885,-2.45490397951409,0.734068592897411,-4.4793400847617,-0.202855570635847,-0.117642636474926,-0.0119976700328337,-0.0117051847268693,0.941086813184142
-0.15957433210972,-0.186058618211023,0.0557840719945807,0.326641526491365,-2.45492696655137,0.73386502780459,-5.99126048961335,0.0846008074292968,-0.151632679564329,-0.0146128847117262,-0.0132055723795159,0.896167369029067
-0.159952395781662,-0.186054613639196,0.0557848060026187,0.326482016824048,-2.45480523617238,0.73364679425398,-4.77897822250361,0.168594892075134,-0.035878723749164,-0.0135027834989834,-0.0102541386669485,0.942746113695196
-0.160551158851554,-0.186019417557003,0.0558735992273192,0.326349668703068,-2.45453177029271,0.733403343322172,-5.49090630848303,0.467383209768514,-0.0333786469972495,-0.014983613642829,-0.011235560357397,0.918470581820655
-0.161359763666498,-0.18590180795981,0.0560764430136523,0.326275635609589,-2.45410924567955,0.733123033808674,-5.72851587787778,-0.266212624987475,0.0205033596046746,-0.0115686491293188,-0.0119067446490332,0.923873857817794
-0.162349185498575,-0.185671662561377,0.0564012228028162,0.326275343293041,-2.45355239499456,0.732796996346858,-4.84913894892293,-0.0826892227080407,-0.0723378459486526,-0.00984248044589675,-0.011687858485397,0.954528879206496
-0.163478901200297,-0.185305165746342,0.0568505453007651,0.326359555741984,-2.45288210182396,0.732417552199649,-6.19209226020013,0.202440736599556,-0.159930926601902,-0.0165184111601469,-0.0121688892220265,0.913265104991842
-0.164700581373264,-0.184792816886589,0.0574162364197783,0.326529160838008,-2.45212727255061,0.731982150525172,-4.99768558358312,0.245602564533783,-0.194533154944594,-0.0122116134924015,-0.016005895422559,0.973143937513504
-0.16595595439076,-0.184149439235619,0.0580733452967093,0.326768633298934,-2.45132595717921,0.731492335916279,-5.69153115672663,-0.0103760164354298,-0.179986015920662,-0.0120465931000093,-0.0152505560097008,0.945757734714208
-0.167186431256235,-0.183402831394599,0.0587900616448189,0.327055015355459,-2.4505201881287,0.7309575129015,-6.07010993541417,0.0611834602457293,-0.137269486153286,-0.0145046488782978,-0.00841453387705937,0.950212002138642
-0.168344838482891,-0.182593801061071,0.0595286322031578,0.327358120988221,-2.44974824976297,0.730391165027727,-4.86101820622241,0.0742095777902705,-0.00807009661679103,-0.0155933337275842,-0.0114874312274199,0.983733882313414
-0.169388566070226,-0.181771856268378,0.0602487634058363,0.327643450466243,-2.44904741644406,0.729809776638094,-6.40458304452306,-0.000145646989949455,-0.146939077019084,-0.0143384504770747,-0.0135147153653095,0.936222169436649
-0.170287415682557,-0.180991133625008,0.0609097569344632,0.327876758559892,-2.44845191791551,0.729235439866938,-5.03682330737405,-0.719719977056229,-0.174664241765669,-0.0127092484195557,-0.0155578844379687,0.994916812245209
-0.171030804835822,-0.180305774274776,0.0614760246791063,0.328025167922946,-2.44798300355275,0.728688957015242,-5.83286211112352,0.0331701890927434,-0.10124401397826,-0.0133326597306502,-0.0132793498621865,0.969753953233945
-0.171616248127966,-0.179759712749746,0.0619229815583329,0.32806413624422,-2.44765290589535,0.728186713818411,-5.96421870573693,0.0327992520785756,-0.0632161116353132,-0.01220980045753,-0.011125212855768,0.971895789439458
-0.172056806473438,-0.179380633496509,0.0622387708302477,0.327983170867812,-2.44746251616834,0.727742816530878,-5.10432781676428,-0.254979873296406,-0.0976138941226168,-0.010365266524837,-0.0127328094664757,1.0029073962164
-0.172374256235401,-0.179191167582563,0.0624176743803529,0.327774702580654,-2.44740524782826,0.727367960873506,-6.35108494279984,-0.622664997937363,-0.0252871658391598,-0.0136930076503665,-0.0116031975001081,0.960362677838544
-0.172603732107068,-0.179186905705912,0.0624743338658105,0.327449670021875,-2.44745750679193,0.727061721790073,-5.23376956113719,0.428419399562017,0.0176592152939179,-0.0102772708178711,-0.0136671562344671,1.01022048062331
-0.172777695502213,-0.179356010994191,0.0624272235551692,0.327025082282056,-2.44759655478642,0.726822666550146,-5.63020146668947,0.388512386420871,7.71642941401751e-05,-0.0135098735667327,-0.0120308395409355,0.982420428343308
-0.172932523536333,-0.179676962072874,0.0623011310355181,0.326522434437281,-2.44779110515278,0.72664273063886,-6.09232285739029,0.0880095704455925,-0.11740292249425,-0.0155508335891095,-0.0121707697976968,0.984987420588455
-0.173093985224782,-0.18012861825069,0.0621180572308725,0.325961679585173,-2.44801501388367,0.726511786545735,-4.9223106616077,-0.344957666284017,-0.0978443816675281,-0.0140495385821655,-0.0151328870301364,1.02194468503255
-0.17328372840127,-0.180677993360733,0.0619062166973167,0.325368624632992,-2.44824147458867,0.726415103199423,-6.5689646147909,-0.377435564853386,-0.243097547817996,-0.0160765563456913,-0.00932615863045472,0.975277774469424
-0.173520362979739,-0.181292640368345,0.0616918670193077,0.324766161297646,-2.44844076409161,0.726330908188616,-5.02833400744754,-0.0888240929111817,-0.220764832348323,-0.0135067778704832,-0.0126186195732703,1.03566061322943
-0.173812796316022,-0.181948709029136,0.0614920037492371,0.324170434974948,-2.44859661046247,0.726247302946731,-6.19130774267649,-0.0583849165636821,-0.214972238447871,-0.0135495661118701,-0.0135273240792919,1.00632001865845
-0.174157883937294,-0.182633328798748,0.0613140855201242,0.323588923452386,-2.44870357468062,0.726155217234962,-5.95075284430789,-0.110850807565157,-0.141960984429289,-0.0146758771368942,-0.0119355806927331,1.01315225433272
-0.174551484552859,-0.183329821535128,0.0611647386915368,0.323031421357671,-2.44875866013432,0.726048101273397,-5.3886304513033,-0.372494151214369,-0.136877577139643,-0.0140309041383047,-0.0121728054934226,1.05078973433897
-0.174981602115134,-0.18402987848632,0.0610432955830057,0.322501888196343,-2.44876675203727,0.725921321578605,-6.59685187057562,0.19666415066672,-0.103695108400984,-0.0156533959365244,-0.011938622406515,1.00986867251739
-0.175443540299381,-0.184723365559615,0.0609515388852485,0.322004927423438,-2.44873076679455,0.725772668062367,-5.56302945619103,0.332725173127301,-0.0731750204122079,-0.0134162741587929,-0.0122017809994839,1.06401726930321
-0.17592372623985,-0.185414466145891,0.060878868347697,0.321536297792008,-2.44866716500403,0.725609952013395,-6.15765858912124,0.245200006404275,-0.0300389916903896,-0.0163102349860957,-0.0105640944697622,1.03804728538751
-0.176417890158957,-0.186095154453885,0.0608246686492804,0.321101556979886,-2.44858605143391,0.725440096605185,-6.28091222684225,-0.221032312172838,-0.0868281775633477,-0.0148793125635853,-0.0141099973616902,1.03703078787776
-0.176924644840099,-0.186763709005827,0.0607850764252647,0.32070241642769,-2.44849828144062,0.725274517625351,-5.53385075436796,-0.248336019172484,-0.0359238327151274,-0.0137801109240336,-0.0136029103078157,1.07450802459916
-0.177447093476003,-0.18740229331051,0.0607687409717846,0.320350365115345,-2.44840632301945,0.725116893009541,-6.79253048304798,0.101188307830398,-0.0824724327537751,-0.0151361887559327,-0.0127885760353371,1.02509227525983
-0.177990808043424,-0.188000392012653,0.0607799741170715,0.320052309074711,-2.44831196371555,0.724974113244363,-5.53906567962161,-0.0232087576707727,-0.166802646701569,-0.0136326353251039,-0.0154792441804243,1.0793015147071
-0.178562832782035,-0.188544597322765,0.0608262927314603,0.319816780879388,-2.44821351197477,0.724848978786254,-6.24853607861257,0.408289809583948,-0.199815035500052,-0.016094551529882,-0.0104046278993941,1.0504094402898
-0.179174713724982,-0.189021124712428,0.0609178034926158,0.319650918368596,-2.44810325414314,0.724741686188543,-6.39044997905148,-0.100589843610123,-0.0595078925977077,-0.019660612819822,-0.0120353881653394,1.0461999325622
-0.179837879302251,-0.189416744903609,0.0610648375239476,0.319559969716105,-2.44797416714347,0.724653293290881,-5.36157538893826,-0.58738345989741,-0.194929255220245,-0.0149334154970253,-0.0149488730427841,1.07951950204627
-0.180550487363325,-0.189726506876104,0.0612702789738011,0.319541942946792,-2.44782159930759,0.724576690701025,-6.82555888859571,-0.512197574033735,-0.149825834989343,-0.0169593083776505,-0.0115084341721878,1.03495728953952
-0.181318946867867,-0.189943304381994,0.0615411799112142,0.319593959153594,-2.4476303139976,0.724497864661477,-5.63635054186295,-0.232162251748605,-0.227920454868041,-0.0121877907738583,-0.01468508581616,1.09424518089063
-0.182138832769006,-0.190061495513231,0.0618808722037834,0.319711474268584,-2.44739624261393,0.724406154269395,-6.31617800158142,-0.423722769058713,-0.0805955140363892,-0.0153461566668738,-0.0141785582356602,1.07211813505632
-0.182994706012702,-0.190087931587615,0.062281522541111,0.31988139246252,-2.44712410027351,0.724293808208749,-6.3874356697865,-0.964164795652096,-0.114009119063581,-0.0187032319224167,-0.0113103659813726,1.07925774727399
-0.183879632587999,-0.190019402013478,0.0627427935484222,0.320097396259087,-2.44680829390795,0.724144018742888,-5.56502596929022,0.232489482927122,-0.0489049716407806,-0.0145767289320373,-0.0149002803739963,1.11355153273091
-0.184779684062149,-0.189855904396907,0.0632602895051564,0.320351692242131,-2.44645558391027,0.723948713015007,-6.82844294445772,-0.320459264337387,-0.216236820197025,-0.0140188388618459,-0.0122117770836809,1.07116711939896
-0.185678548190595,-0.189600450486313,0.0638264816518612,0.320634577674566,-2.4460711652316,0.723696301100319,-5.85899344061602,0.117475099545118,-0.20297656242883,-0.0130929621226619,-0.0140750629933308,1.12647061971613
-0.18656370690186,-0.189255567027273,0.064432073895952,0.320938990081177,-2.44566289946668,0.723381524372416,-6.48149264124947,-0.533236181931443,-0.151624328116725,-0.0145506138349396,-0.0110993185808059,1.10334216242835
-0.187420481439741,-0.188830641862656,0.0650617323333543,0.321255078382461,-2.44524480386234,0.723005271405898,-6.86406708297193,-0.230155007187932,-0.107536374863912,-0.0165959749859175,-0.0146733364119122,1.11137033818854
-0.188232792155561,-0.188345115886364,0.0656916980791549,0.321569680167372,-2.44483738759961,0.722577048047932,-5.80701025350959,0.248380524080403,-0.0946519271476234,-0.0145535095396303,-0.0157913206113613,1.16006450016663
-0.188988258355863,-0.18782101098858,0.0662964348410878,0.32186937398012,-2.44446225997567,0.722111993043222,-7.40008757687991,-0.10498209831826,-0.208757190341743,-0.0182839111461304,-0.0123760089586527,1.11133674465666
-0.189682135740991,-0.187277375698925,0.066853492602804,0.322144765610286,-2.44413464842281,0.721626106866001,-5.88016870884616,-0.754362588275399,-0.217623659752803,-0.017009398743304,-0.0108091241138137,1.16646498048588
-0.190304643660616,-0.186750805858805,0.0673271477545029,0.322377742926023,-2.44388253734833,0.721149939194788,-6.8297660207628,-0.487219222991826,-0.193310045477801,-0.0157306266960036,-0.0128909922046292,1.13709189285625
-0.190855780055032,-0.186269958938545,0.0676911931439112,0.322554702583274,-2.4437198426668,0.72070488900569,-6.78490438412541,-0.240981797456243,-0.153723860896321,-0.0158895559040451,-0.015445395210395,1.14282064340405
-0.191334240497847,-0.185860770947123,0.0679219121750981,0.322665487397163,-2.44366326390695,0.720317455156288,-5.99029880205353,0.0799478096585062,-0.0770257707230542,-0.017061352502687,-0.0128267060147125,1.17420073901749
-0.191744289047869,-0.18554587732963,0.0680010950682437,0.322701640558838,-2.44372228247388,0.720010187247903,-7.26082115664417,-0.0846958186070879,-0.114615812976865,-0.018540798298357,-0.00968510192137773,1.12936611452122
-0.192095069700092,-0.185334366006476,0.0679256595186133,0.322662489148048,-2.44389389266002,0.719793558398113,-6.11433530957618,0.408642716365875,-0.272996674842716,-0.0153622865762419,-0.0123492120636384,1.18386719904096
-0.192399361770578,-0.185224131308125,0.0677030316296793,0.322554549759123,-2.4441687117479,0.71967270040246,-6.8435791127921,-0.0110033402090721,-0.211400504006889,-0.0205233734748913,-0.0134891537254485,1.15954601866797
-0.192675947719365,-0.185202677290408,0.0673523973344693,0.322389868016277,-2.44452850109581,0.71964405241578,-6.93979608713431,0.304949222535015,-0.154588649504063,-0.0211068998566653,-0.0117484788207857,1.15953813901552
-0.192949293331896,-0.185247971678529,0.0669053240678126,0.32218467984419,-2.44494102790742,0.719690490169136,-6.06592128347393,-0.230913125889629,-0.214217051042397,-0.0157690215833908,-0.0133595124968131,1.19444737533871
-0.193240757990001,-0.185343363897878,0.066390782208289,0.321950880967269,-2.44537488120185,0.71979135658156,-7.32254045060608,-0.491049735512433,-0.216193609733864,-0.0177219004055069,-0.00993539178821329,1.15041132570842
-0.193573846411808,-0.185459761955148,0.0658493878316482,0.321706528147683,-2.44579254699493,0.719918001492884,-6.16500294465908,-0.0110516647723671,-0.198487843467689,-0.0150621839250671,-0.0144527743147062,1.20547784046603
-0.193975533256914,-0.18557489548226,0.0653195948406504,0.321463409811662,-2.44614980460853,0.720033375564417,-6.90430775472271,0.145854295992876,-0.220777778119469,-0.019460686848281,-0.0107793981864019,1.18713093205818
-0.194456292714576,-0.185676333292475,0.0648296014818454,0.321226530883751,-2.44642058217988,0.720109954536366,-7.109355763157,-0.0367076239358539,-0.168183569932751,-0.0180907659027199,-0.0120810593412629,1.18724361010566
-0.195025232000456,-0.185756218950991,0.0644033834080934,0.320997282364257,-2.4465783301472,0.720117624806038,-6.2103461461511,0.246641697794985,-0.182554312513673,-0.0171609035969267,-0.00959958070952971,1.23058343105023
-0.195685769910377,-0.185821162114513,0.0640515099390169,0.320766569266086,-2.44660392317848,0.720031536875492,-7.57121985295322,0.868770345325402,-0.133980987573125,-0.018590137722879,-0.00975021819723565,1.18633657066033
-0.196424721640602,-0.185879617318401,0.06377632605657,0.320524749042762,-2.44649484028432,0.719834668493742,-6.3718485927244,-0.198697568508578,-0.136759157576677,-0.019140562799171,-0.0139644950334124,1.23688649027084
-0.197225809792245,-0.185947593047342,0.0635690606347153,0.32025856330134,-2.44625767738128,0.719519538881684,-7.06531300911837,-0.486591457701707,-0.0835062543410459,-0.0162669510790385,-0.0166625269116087,1.21770180287753
-0.198062902465264,-0.186041663637162,0.0634150616400279,0.319954923503698,-2.44591060756245,0.719086898565358,-7.26351232323941,0.378903692190534,-0.159864094849269,-0.0155116654715144,-0.0138533651269611,1.22443394825655
-0.198903388960775,-0.186180879477561,0.0632916638392313,0.319600106304119,-2.4454797122859,0.718544507834062,-6.50861331912188,0.173396809336964,-0.17980737175796,-0.0179975318419916,-0.0154801482026553,1.26487005929724
-0.19971662729175,-0.186374927415882,0.0631790996809629,0.319186972265703,-2.44499065735454,0.717902617799953,-7.74729748275149,-0.685563063105747,-0.156085032494872,-0.0185642416434928,-0.0104863414248199,1.21750230203294
-0.200476318583647,-0.186617969921311,0.0630644336064114,0.318720892478208,-2.44446888850326,0.717175894004675,-6.51927981040814,-0.11175779222549,-0.10997210174861,-0.0167005832990861,-0.0121002391769862,1.26663521034078
-0.201162003097833,-0.18689220303504,0.0629409875832252,0.318216993809136,-2.44393720402901,0.716379887038465,-7.01251183381993,-0.243082536346037,-0.132085342891571,-0.0204322015564702,-0.00998985068095493,1.25126022878333
-0.201765364282247,-0.187167700823403,0.0628112140457048,0.317698684400851,-2.443408239086,0.715528123088352,-7.44379527620595,0.397254582212781,-0.133313405276652,-0.020595556859444,-0.0156106313993204,1.25299470802202
-0.202276401741712,-0.187427165432979,0.0626687021644032,0.317181938171455,-2.44290013200185,0.714639026875938,-6.41206255246391,0.282238180864169,-0.0759078787496037,-0.0162810126586646,-0.0162122268999011,1.29312911441621
-0.202702710390048,-0.187638614665635,0.0625225897815512,0.316691793732797,-2.44241411386362,0.713723693036375,-8.12109666407497,-0.505106641340944,-0.224534241933469,-0.0192004794575964,-0.00919626444155908,1.24599458697467
-0.20306460574424,-0.187768699904026,0.0623869495744572,0.316254483429197,-2.44194191023771,0.712789467208311,-6.71407252168763,0.56943590727542,-0.0184115201961674,-0.016137647662068,-0.010801681634235,1.3030247040173
-0.203379748640763,-0.187804494517819,0.0622640029060933,0.315883455050874,-2.44148583443319,0.71185398739139,-7.48023923365798,-0.272165282695823,-0.132297730693097,-0.0187853954527104,-0.00955279342455362,1.27786622680264
-0.203671668652443,-0.187743594559595,0.0621556561220605,0.315583295993147,-2.44104015919986,0.710928203089513,-7.52794740668003,-0.327286691207064,-0.101110861149408,-0.0185170454765409,-0.0127075237348567,1.28071613578175
-0.20396156818772,-0.187600300090221,0.0620556977598206,0.315347168322076,-2.44060592542224,0.710029280848342,-6.67394449965167,-0.138802625024027,-0.125637782537581,-0.015258591304165,-0.0121266515588407,1.31564315173117
-0.204265889534191,-0.187403351537005,0.0619502504274314,0.315158628904634,-2.44019208647027,0.70917961690704,-8.14803238242553,0.38954957960982,-0.138544194963202,-0.0178900948827132,-0.0147594930116034,1.27376592587018
-0.204597560376971,-0.187184553613963,0.061827703400706,0.31499708819165,-2.43980349849593,0.708394131023023,-6.9027957994943,0.106736875120077,-0.00509231933477849,-0.0165212766552907,-0.01192767929475,1.32760783886175
-0.204962361163447,-0.186986159597449,0.0616697644690579,0.314833811652965,-2.43945314619067,0.707690981076151,-7.51195977162843,0.340210647144659,-0.102121819723862,-0.0209983467221564,-0.0142978604369604,1.30038153018455
-0.205359202728719,-0.186852807930157,0.0614572500471923,0.314637822644564,-2.43915595991466,0.70708627501571,-7.62895936787089,0.169125218460067,-0.129595366487564,-0.0209863026582506,-0.0121359118215496,1.3064848924855
-0.205781370802413,-0.186822036399916,0.0611769431718391,0.31438223033312,-2.43892789924683,0.706594137343724,-6.8788216786167,0.299259148050169,-0.236311067345241,-0.0187147107029282,-0.0146340937817407,1.34688466304353
-0.206224536811527,-0.186909536805722,0.0608301175176771,0.314053606261692,-2.43877301871313,0.706214812817664,-8.12455190980933,-0.0121824508230475,-0.219527696263214,-0.0200381176077955,-0.0139445341199727,1.29673103289147
-0.206676479471006,-0.187119070235076,0.0604243361217596,0.313645152886504,-2.43869205109419,0.705940184897588,-6.97848091533501,-0.500589903112996,-0.15006660600136,-0.0155526833582944,-0.0166985069389352,1.34584485382283
-0.207138643830385,-0.187436774337119,0.0599794733468214,0.313160981664263,-2.43867011900037,0.705751254242557,-7.68533894358939,0.382827238765685,-0.238736246801579,-0.0178741881877471,-0.0142701725962103,1.32424751626328
-0.207612214372147,-0.187830778178661,0.0595262068622786,0.312618367190176,-2.43868600274832,0.705621717237126,-7.77857064195115,0.661741963622489,-0.0849078157249892,-0.0201386650339588,-0.012447116263519,1.32520112676496
-0.208107055991229,-0.188252960372511,0.0591054250854545,0.312045421744216,-2.43870701033158,0.705517496104923,-6.7989267620934,0.841786852781979,-0.0812822961889879,-0.0197466719528383,-0.0136715581664866,1.36271108784415
-0.208629501348644,-0.188654150553843,0.0587539778392205,0.311472028372709,-2.43870109360725,0.70540071256153,-8.37311889782325,0.295307285301533,-0.161878803306564,-0.020919317318254,-0.0133500478038892,1.31207846675365
-0.209191116652187,-0.188984420801273,0.0585095644924164,0.310929744507061,-2.43863248066937,0.705233988550359,-7.01069895882966,-0.699966237617446,-0.198638934934962,-0.0183363145140101,-0.0126846507881155,1.36762788239785
-0.209812468148106,-0.189181294251884,0.0584179028486361,0.310458937471419,-2.43845983170385,0.704978018510665,-7.79166354209423,-0.596143590772954,-0.231658150092613,-0.0211043325981213,-0.0129949016729585,1.34090533754124
-0.210506685761758,-0.189202250985272,0.0585077023101553,0.310089316991677,-2.43815386596416,0.704604093930286,-7.90389071331896,0.483868738250521,-0.162542852016372,-0.0205900523781652,-0.017204818013649,1.34597711868
-0.211284148189163,-0.189014088483547,0.0587997299184753,0.309845988119062,-2.43769360985576,0.704091365453602,-7.09034567511105,-0.178508544312763,-0.129334025007665,-0.0192435261975277,-0.0156534618560046,1.38288345195344
-0.21215619727574,-0.18859252185414,0.0593091140592528,0.309749498728225,-2.43706376784439,0.703426788649431,-8.32208936686982,-0.212407249499392,-0.156416617934894,-0.0251535479018661,-0.0125951157820263,1.34296514969575
-0.213119683962033,-0.18794896622848,0.0600246627569773,0.309798632655856,-2.43627147980701,0.702616236823756,-7.07637620339432,0.348106496507853,-0.190041819860454,-0.0197783996303471,-0.0145644661100015,1.38844410584057
-0.214164287734609,-0.187102577863809,0.0609280285031337,0.309987691515349,-2.43533354129863,0.701674286887701,-7.78614883134424,-0.637277784340768,-0.159055634403529,-0.0200947679518508,-0.0139241022318229,1.36795226750067
-0.215273377246998,-0.186094823870786,0.0619856662360295,0.310296794181954,-2.43428144595795,0.700629203688957,-8.07551027967935,-0.0997667694175561,-0.303315519099357,-0.0204113733077773,-0.0141469929725996,1.37130708640897
-0.216420629055086,-0.184981758099062,0.0631542911413997,0.310697782718312,-2.43315568238225,0.699516155067456,-7.10357834723277,0.354142959880619,-0.10109618528071,-0.0209865918891126,-0.0191277119839547,1.41280892508619
-0.217578211513312,-0.183824786091641,0.0643862301751424,0.311158345906481,-2.43199991491067,0.698372267259682,-8.57057191948127,0.0640322886235936,-0.372907746747273,-0.0239152039158372,-0.0140702968979261,1.36294237279643
-0.218723749482208,-0.182680553947252,0.0656398125599634,0.311649000586418,-2.4308527040508,0.697234602182058,-7.15289154644296,-0.234135436786119,-0.262745831053053,-0.0199307548343968,-0.0167979878192668,1.42224313448947
-0.219829188812348,-0.181624658094615,0.0668590774556397,0.312128084738375,-2.42976145760808,0.696148035204182,-8.04559217338607,-0.467400784008532,-0.164587309894188,-0.0231795165074407,-0.013475242225061,1.4017438355736
-0.220873549404172,-0.180718113738682,0.0680010007903185,0.312560599941014,-2.42876071571472,0.695145478427937,-8.24854940722122,-0.912540660162222,-0.0404816373570043,-0.0238350065054092,-0.014494136796931,1.40662138442389
-0.221838267186673,-0.18001179649711,0.0690290511345776,0.312917052370228,-2.42787964714902,0.694254870333488,-7.41766185144741,-0.214347509335767,-0.125777351242277,-0.0204724538991523,-0.0141389193477768,1.43453042133274
-0.222712303534378,-0.179549353672672,0.0699113637833021,0.313171312249887,-2.42713918821885,0.693497399948294,-8.71145545343592,-0.559099637441022,-0.0509931690520204,-0.0222519461005537,-0.014864299517539,1.39767938314355
-0.223492668232257,-0.179354152082168,0.0706318761349917,0.313307464469948,-2.42654627235316,0.692881872525136,-7.56063921570603,0.267525213724866,-0.115543289896038,-0.0207226542038681,-0.0166946032495088,1.45527362987052
-0.22417735650739,-0.179444009208408,0.0711762763191392,0.31331194617188,-2.42610596158775,0.69241456499383,-8.18364561413733,-0.230343646884421,-0.201203004221753,-0.0228952541521368,-0.0170034068419654,1.43622810125813
-0.224766381277835,-0.179821581264509,0.0715388620945736,0.313178916650035,-2.42581835149728,0.69209363310351,-8.55986273604469,-0.464716124115057,-0.235649899271635,-0.0273244479497476,-0.0166750151840504,1.43977310420159
-0.225268352516268,-0.180473315245872,0.0717252048079068,0.312910669179759,-2.42567067217798,0.691907729083394,-7.48407685094281,-0.871431763992405,-0.168770732882251,-0.0228387406736648,-0.0149434719253466,1.48319903289949
-0.225686931240233,-0.18138890678094,0.0717361912944404,0.312504996670733,-2.425654318609,0.691845719327326,-8.95807392146287,-0.528381800853822,0.00601161402235562,-0.0269343713255994,-0.014151097965189,1.43874062182688
-0.226030015618646,-0.182528755861976,0.07159160888049,0.311977470650594,-2.42575202469141,0.691888756831359,-7.78465221800121,-0.218528744371724,-0.069644548306627,-0.0223854894228204,-0.0188530749946208,1.49183915452839
-0.226306710053121,-0.183849645285292,0.0713136492529032,0.311343841084982,-2.42593986067563,0.692009489207383,-8.52072804485505,0.0985682082855419,-0.188669847966736,-0.0232985731356656,-0.0167957278616149,1.47173094694636
-0.226529501813009,-0.185300014319745,0.0709299953856846,0.310623286062837,-2.42619132034751,0.692179671999473,-8.59821061073728,-0.200742692054973,-0.214635073017973,-0.025514591640976,-0.0159072452832838,1.48497275513277
-0.226708561266444,-0.186824363546174,0.0704724612688531,0.309837377735293,-2.42647849979047,0.692368308325348,-7.82399156729156,-0.116598366553262,-0.0879564310791068,-0.0249973893748661,-0.0167112406000102,1.52846841777393
-0.226865974794319,-0.188361006452208,0.0699794317873829,0.309011177178834,-2.42675841613087,0.692535112699091,-9.28848623306288,0.00185070219617955,-0.321472397447593,-0.0316539207754118,-0.0156481933267753,1.47913408804728
-0.227021240320523,-0.189841265811653,0.0694944474650865,0.308175496159172,-2.42699207150392,0.692643181864986,-7.9961157036368,0.0308048399631389,-0.17823812066473,-0.0288286861320972,-0.0160462197825162,1.53377712905112
-0.227194620605766,-0.19120217441235,0.0690587079787018,0.307359806689634,-2.42714212739943,0.692658727853267,-8.69679445534649,0.215302473516886,-0.200568311806421,-0.028656477987699,-0.0145638593669532,1.5050083110986
-0.227409144338192,-0.192374792134699,0.0687202708943683,0.306600826430174,-2.4271706527003,0.69255048803884,-8.71643023746725,-0.532733779244381,-0.187425249410722,-0.0273438581599623,-0.0165179757276308,1.5019248216616
-0.227685800056189,-0.1933000244944,0.0685219736984535,0.305931866300066,-2.4270468569158,0.692294882651858,-7.90926246533559,-0.621248737643327,-0.121948469637601,-0.0265140350546544,-0.0186758276348554,1.54263591527948
-0.228041506290648,-0.193940348686165,0.068491628219891,0.305375610694569,-2.42674822197745,0.691875874237615,-9.32263381729001,-0.856059664214399,-0.332167143223671,-0.0280016727205772,-0.018707451773074,1.50223458160827
-0.228486121550154,-0.194257949948578,0.0686565080856935,0.304960463189273,-2.42626443674915,0.691289153032618,-8.05627870625705,0.064072266250605,-0.240120404795107,-0.0282656032032205,-0.0178802612560673,1.55207684877804
-0.229012072727003,-0.194242013939416,0.0690227756304664,0.304702717070248,-2.42561229150697,0.69055016568115,-8.68704087276194,-0.618355301908423,-0.209576080611839,-0.0321981792451407,-0.015785312511586,1.53159886398878
-0.229608855968693,-0.193890030644265,0.069589772644932,0.304616600641276,-2.4248166622608,0.6896820994233,-8.74714527773051,-0.174190989655699,-0.223938583432954,-0.029300215783814,-0.0163607126196294,1.52405761688997
-0.230250269923939,-0.193233328538991,0.0703299277857606,0.304696675115932,-2.42392406283462,0.688722784676064,-8.00148578335433,0.0305615480531287,-0.185269936798392,-0.0212882588612584,-0.0193718273508836,1.56284258005428
-0.230902588240904,-0.192310029630802,0.0712089958935709,0.30493546729144,-2.42299299675164,0.68771835139891,-9.26351688939127,0.806926840100232,-0.244672365767286,-0.0291242623266763,-0.0173069806561858,1.52024170970984
-0.231534837345284,-0.191180035680933,0.0721776269811196,0.305311153800005,-2.42208273182976,0.686718210878619,-8.02011280139379,-0.291137008446412,-0.373563821636736,-0.0268076741160055,-0.0178330516451087,1.57332305438143
-0.232112859948468,-0.189904454175685,0.073184305692773,0.305800766869077,-2.42125807182237,0.685774109271467,-8.7594546537382,0.0498637278681144,-0.298033812428258,-0.0278502321985741,-0.0156980075974394,1.54429400534599
-0.232605728297246,-0.188559008662032,0.0741684666586297,0.306367518976125,-2.42057604515388,0.684930066648699,-8.99729489308055,0.399564166088112,-0.22511097641933,-0.028641388859977,-0.0161046421076411,1.54336552081086
-0.23299541401379,-0.187217407572788,0.0750748310431237,0.306971970926196,-2.42007893423812,0.684219187327311,-8.1224190346212,-0.196189099444837,-0.203134906456654,-0.0249877681910342,-0.0166864493947255,1.58372079467158
-0.233275946655666,-0.185942501808039,0.0758590705268016,0.307578451501936,-2.4197951534827,0.683667343701307,-9.37181161295251,-0.963397460139504,-0.368729169344846,-0.027196688242487,-0.01695215005377,1.54043216883105
-0.2334558304263,-0.184784547111306,0.0764899844982648,0.308153724326126,-2.41972728669923,0.683278233714439,-8.22567094660417,-0.733067572186883,-0.268937187523051,-0.0260796373614709,-0.0176522716753816,1.5927826998643
-0.233557820105852,-0.183781310140311,0.0769500710320531,0.308667935985267,-2.41985742671414,0.683041723639029,-8.85070779524108,-0.514829542052667,-0.341093159953658,-0.0296944432271622,-0.0192521241401175,1.57243576579877
-0.233613913492207,-0.18295684999593,0.0772345261515795,0.30909635554815,-2.42015422351076,0.68293885382952,-9.12865162754628,-0.35136227290991,-0.38537811240505,-0.0295364557254953,-0.0164796600399435,1.57019358419481
-0.23365607844595,-0.18232013053102,0.0773517602376886,0.30942157531222,-2.42057603872277,0.682939498221779,-8.22366918850281,-0.47812910410471,-0.300286172750589,-0.028139410316713,-0.0156737897808997,1.60510367302111
-0.233729327721027,-0.181849613742633,0.0773347733896424,0.309644674670599,-2.42106438554378,0.683004042083895,-9.6071805648607,0.218154973187211,-0.20670706736945,-0.0305738894265986,-0.016227149203016,1.56475816493545
-0.233867026931307,-0.181514212049904,0.0772223891427837,0.309771697935367,-2.42156368705592,0.683091348538667,-8.12027008388333,-0.420231458328317,-0.238550427786691,-0.0272088865905831,-0.0184495996713526,1.61176241784976
-0.234100643996526,-0.181282685562507,0.0770530152259076,0.30980947212792,-2.42201996308139,0.683163176149786,-8.97764138108482,-0.295703176184361,-0.223684810657971,-0.0302929449817348,-0.0185933831442498,1.58902784129804
-0.234453208144498,-0.18110136350399,0.0768775297796468,0.309782756284592,-2.4223849421465,0.683183323270738,-9.22065760268083,0.154381122741597,-0.259516368922135,-0.0310007644369898,-0.0191359099238848,1.59458133434224
-0.234934991305032,-0.180920503685122,0.076739083930564,0.309717719556425,-2.42262805829141,0.683130185530668,-8.32307086251495,-0.156626307126544,-0.228514699394168,-0.0267633304761858,-0.0175519708324567,1.63444404928235
-0.235547279775395,-0.180696165112523,0.0766728117436474,0.309638983617696,-2.42272918822614,0.682989555453804,-9.8049685098797,0.14465235777584,-0.332012003031565,-0.0334478622680487,-0.0140640567313529,1.58826681331321
-0.236280370959796,-0.180395922064549,0.0767026594692379,0.309567312080798,-2.42268183336556,0.682756152698109,-8.52892346825246,0.309092377702427,-0.328662287445525,-0.0302916000707212,-0.0155943870631354,1.64040295886236
-0.237123564065189,-0.179980650759808,0.0768536957119355,0.309531922635713,-2.42248933367792,0.682436013999256,-9.20891132933849,-0.0578722645900598,-0.229680680267393,-0.0320058647416563,-0.0169792703493303,1.61838218212311
-0.238060748874054,-0.179431648379903,0.0771328019631655,0.309552601156969,-2.42216554017039,0.682043780917293,-9.37417325256297,-0.104945594845049,-0.281658332487297,-0.0292121294331174,-0.0148845580319111,1.62822386298328
-0.23907021067652,-0.178745919741384,0.0775341250376074,0.309641273076782,-2.42173709762175,0.681603346838164,-8.46840834206967,-0.248235628940392,-0.312212386148587,-0.0251044860323031,-0.0173295862094948,1.6699782808394
-0.240135124364537,-0.17792248455211,0.078050346042276,0.309808506803821,-2.42122323541105,0.681131013626025,-9.92651905402442,-0.204074710592749,-0.283648932355703,-0.0275798897829391,-0.0155338525107952,1.62679878899357
-0.241236272904071,-0.176979897833176,0.0786618170224678,0.310053124577023,-2.42064972279837,0.680647483007734,-8.70583190506557,0.175832911102589,-0.339529098314557,-0.029698369080652,-0.0132133404568513,1.68117531775924
-0.242352296080675,-0.175946320717514,0.0793406496621439,0.310367899928478,-2.42004478285958,0.680174045006118,-9.40293898263042,-0.747294446117849,-0.237547982299048,-0.0314894638961096,-0.014290566888484,1.66435085056623
-0.243461607256917,-0.174851335294223,0.0800589749584761,0.310742869562665,-2.41943376919799,0.679724141156894,-9.78087651140538,-0.898958878195344,-0.364757931063565,-0.0277797474557104,-0.0145818257021426,1.66546689353258
-0.244540052104936,-0.173737552587864,0.0807836823596431,0.311155498125175,-2.41883810193687,0.679305810189539,-8.76357788670225,0.0763716686426505,-0.206367416258615,-0.0251902334067453,-0.020522869572291,1.70660145180926
-0.24556649477712,-0.172638307456075,0.0814879960057569,0.311587119221591,-2.41827066220292,0.678915708282885,-10.2710939607433,0.481758441453167,-0.29344467403331,-0.0276209192028354,-0.0160448894333269,1.65987895841582
-0.246517978620542,-0.17157715193301,0.0821543144501217,0.312021621503218,-2.41774064370391,0.678543539836619,-8.98287618661954,-0.186701248130248,-0.196560555382632,-0.028145647294707,-0.017350837799279,1.72195017810932
-0.247372170099109,-0.170578988961394,0.082765257312363,0.312439727280278,-2.41725454024928,0.67817793964099,-9.67703188766524,0.0521452066145685,-0.24055560085182,-0.0308499286492641,-0.0154259853525102,1.69525561063916
-0.248112673674569,-0.16966137475766,0.0833100539063199,0.312824989168898,-2.41681461413393,0.677804983848027,-9.74608170695677,-0.432607423523223,-0.270803905687359,-0.0304631214398725,-0.0143324799376615,1.69552306132381
-0.24871890853283,-0.168824417614738,0.0837888490881044,0.313170668629436,-2.41642497076,0.677411413374188,-8.89716688459981,-0.778581960814563,-0.304892125486504,-0.0291586223168823,-0.0196144907981339,1.73442055656275
-0.249181258323606,-0.16806356899,0.0842063926612457,0.313471161756446,-2.41608230104508,0.676982532999607,-10.3482710708199,-0.517028689575,-0.104181545432368,-0.0296223474330173,-0.0155150208800768,1.69192220797479
-0.249492927086226,-0.167366529566923,0.0845727793000027,0.31372740134223,-2.41578498999748,0.676509044501131,-8.99448669771493,0.0735256961177129,-0.0778062238133259,-0.0276599665506194,-0.0141369133940436,1.74472225308792
-0.249658048176298,-0.166727588346664,0.0848933639522372,0.313936512830278,-2.41553218340587,0.675992028203284,-9.72179603907779,-0.0455524076926395,-0.304548862281905,-0.0296205814034241,-0.0155553745475474,1.72296455315158
-0.249686223391166,-0.166136624959698,0.0851774695463072,0.314100523407883,-2.41532617983776,0.6754404011889,-9.92647741799971,-0.53590243146823,-0.320146483792087,-0.0298546837856466,-0.0135396791960741,1.72471138057869
-0.249594471345287,-0.165584764287788,0.0854326402931513,0.314223690188914,-2.4151676020616,0.674867656076657,-9.03207875212388,-0.0264067463249376,-0.234871023255891,-0.0280901476710698,-0.0184934587726207,1.76288752054077
-0.249400357372875,-0.165081114495196,0.0856531300041203,0.314300733486302,-2.41506477267315,0.674297355024799,-10.570818091471,-0.636671739157009,-0.315850375858787,-0.0317943270294569,-0.0139556370311276,1.71382208766751
-0.249130987530466,-0.164630908253637,0.0858383302409615,0.314330899969321,-2.41502064416238,0.673754610152537,-9.15339189649455,-0.658409700415177,-0.138726270747924,-0.0284115516912822,-0.0182725466236089,1.76727800145959
-0.248811008653208,-0.164245010624928,0.0859825437767394,0.314311452693857,-2.41503990061571,0.673265110287227,-9.96909073555418,-0.922361830409727,-0.334447823263787,-0.0294995588250928,-0.0159600237751562,1.74917796679447
-0.248472339007978,-0.163933743614884,0.0860813133203319,0.314241021439781,-2.41511876011258,0.672847878714819,-10.020262284867,-1.01772304729116,-0.295555239282805,-0.0295322095777446,-0.0176869063320727,1.75135863993509
-0.248136599906716,-0.163712851779238,0.0861265384280225,0.314115307187192,-2.41525908543023,0.672521904648605,-9.1368884186511,-1.3598131157994,-0.254969675976753,-0.0269379583162146,-0.0191146705493706,1.78832357796944
-0.247831939734274,-0.163598977368835,0.0861114280439407,0.313928715761116,-2.41545174035724,0.67229656311623,-10.4863009647933,-0.0347372089308919,-0.26361897855773,-0.0290570548398703,-0.0126878587182159,1.74644246358671
-0.247591636403934,-0.16358421015766,0.0860474949318547,0.313690033753331,-2.41567158082407,0.672163798425097,-9.21056863494999,-0.245815290183145,-0.228153326848542,-0.0264115624963996,-0.0141783648093944,1.80069174399559
-0.247431263117408,-0.163667665641272,0.0859386441653813,0.313403302566685,-2.41590610665712,0.672117826262144,-10.0852047876937,-0.745027784208787,-0.327366632887134,-0.0304673044450947,-0.0159024791068134,1.77603747660666
-0.247371763695599,-0.163833337391983,0.085801524556312,0.313079365610954,-2.41612953501079,0.672139152234197,-10.2291216807737,-0.226134940294514,-0.301577400897742,-0.0313745895055701,-0.0156631424011104,1.769853849306
-0.247424048207346,-0.164049242584106,0.0856635014149985,0.312738218461019,-2.41631734159978,0.672202114896501,-9.13493147688376,-0.219005936456824,-0.257633607891563,-0.0252457863278792,-0.0182694923519745,1.81311597422535
-0.24759408025773,-0.164286296195072,0.0855484470312323,0.312395756157351,-2.41644676679439,0.672277385902991,-10.6055474379187,-0.383143277729005,-0.120431152416558,-0.0290970960216588,-0.0143174137318402,1.76123044864118
-0.247887766509928,-0.164506166905783,0.0854869418541933,0.31207275100099,-2.41649320359927,0.67233403200727,-9.35149654081789,-0.477829889792247,-0.168983714611215,-0.0289033239492551,-0.0155639919553068,1.81939438115043
-0.248296517921069,-0.164682697828184,0.0854982561377047,0.311781971613817,-2.41644727887268,0.672348926894875,-10.2143972157318,-0.824727160754492,-0.345044399420175,-0.0275976710803172,-0.017463096079064,1.79820275729847
-0.248804174872517,-0.164783902293128,0.0856025639943618,0.311540299306219,-2.41630550051313,0.672299556538108,-10.3478899726031,-0.336843404428237,-0.150240787791176,-0.0306403478747863,-0.0158232626601675,1.80228125843423
-0.249391443914277,-0.164804364965703,0.0858014089651102,0.311346469391413,-2.4160729251745,0.672174101868738,-9.45002183850033,-0.616725845651445,-0.180194785876324,-0.0298484521604538,-0.016560809742259,1.83847898610153
-0.250042890907367,-0.164736541426886,0.0860960126936629,0.311202416710011,-2.41575589232183,0.671964919421772,-10.6881691110219,0.124178084961159,-0.0899989062301358,-0.0279772800723102,-0.0145176410820771,1.7941659380936
-0.250738027142721,-0.164597229546618,0.0864686014587525,0.311094800612086,-2.41536818604023,0.671671353893066,-9.59995592598057,0.0269622125106252,-0.273623273610099,-0.0236870123816466,-0.0152039005554027,1.84452319636092
-0.251457986155469,-0.164403742012734,0.0868997857591888,0.311012520156667,-2.41492836963515,0.671302502946229,-10.2991429390557,-0.126528514269694,-0.289285771122508,-0.0304706522103428,-0.0146797469150217,1.82797071041338
-0.252184109534837,-0.164197938091481,0.0873510996084624,0.310928725498902,-2.41445989960473,0.670874554229292,-10.4363874956453,-0.3274849257391,-0.206120981698035,-0.0304842316333231,-0.0152318728300397,1.83086391448319
-0.25290717307394,-0.164020891774431,0.0877857366350663,0.310818638527812,-2.41397927646287,0.670401380241549,-9.40167352388102,-0.168826088647165,-0.252517068628549,-0.0295378654444565,-0.0162569330511854,1.86813977805601
-0.253623584913861,-0.163912637662384,0.0881687818584364,0.31065943840225,-2.41350284492922,0.669904434676643,-10.9362520625891,-0.0257454729785422,-0.254067517174803,-0.031441758044171,-0.0136641497357249,1.82361379868175
-0.254330162766454,-0.163908110557278,0.0884682777476949,0.310432853364083,-2.4130461889879,0.669405014511454,-9.61391718078556,-0.832800711732261,-0.285034183074231,-0.0270843365018894,-0.0138450972189078,1.87624596647314
-0.255032645490509,-0.164034616880414,0.0886602558478594,0.31012571918261,-2.41261335516212,0.668917705209372,-10.4390833131374,0.138861824946844,-0.286272352118175,-0.0288729932116008,-0.0167100203788746,1.85189810080855
-0.255744913258555,-0.164294471149709,0.0887418455846572,0.309741213992334,-2.41220484341884,0.668458536004701,-10.5243428599953,-0.215349219265363,-0.261806712850557,-0.0306351193316687,-0.014869927904796,1.85736911341282
-0.256466014536266,-0.164692763705782,0.0887075314104633,0.309282202147428,-2.41183186920265,0.668047031706069,-9.74627562528798,-0.718821301173875,-0.297611664791333,-0.0271249987048341,-0.0166289410807008,1.89690251630419
-0.257202861862928,-0.165210411712373,0.0885734658346062,0.308765932618066,-2.41149427825972,0.667692968823537,-11.1253188989691,-0.653220656810618,-0.22229500802959,-0.0322336166904655,-0.0146600710261199,1.85574177748511
-0.257957512120372,-0.165809004516704,0.0883718386408859,0.308220542740701,-2.41119183569841,0.6674009480476,-9.97482645553549,-0.202768024684019,-0.38178253534096,-0.0308794338637588,-0.0139022694890564,1.90620420329673
-0.258719772302686,-0.16645587578682,0.0881320161109722,0.307669984343162,-2.41092972032324,0.667174524865131,-10.7094413729812,-0.238662364646416,-0.205146238263183,-0.0313283321870181,-0.0165164634650636,1.88606983216442
-0.259483260204986,-0.167100845312884,0.0878996472197872,0.307148434708745,-2.41070514150151,0.667007688920728,-10.9893950638991,-0.0606491686939989,-0.209701933751006,-0.0286231382808224,-0.0159655161528432,1.89356661334892
-0.260236351488907,-0.167695259855908,0.0877179395470363,0.306689908108073,-2.41052060681343,0.666896145954123,-9.91035896792562,-0.363427641839962,-0.258882826932449,-0.0304466837146546,-0.0173200074411608,1.93623465895824
-0.26095773817864,-0.168208737403293,0.0876160566672937,0.306314535868195,-2.41038597892177,0.666836786237184,-11.4995686945092,-0.716340028120158,-0.274165267043117,-0.0333848591791712,-0.0163913450323447,1.89355027622299
-0.261632973851884,-0.16861452654228,0.0876223282598148,0.306037911640125,-2.41029857083795,0.666813915875241,-10.0340103652898,-0.749938485373377,-0.301076655017084,-0.0309257980056232,-0.0187073624994288,1.94759711135327
-0.262255815172358,-0.168888231285525,0.0877629872995563,0.305872765623721,-2.41024665750324,0.666807448764252,-10.9144402585713,0.455541644207869,-0.298241176457907,-0.0339636780764248,-0.0162546490636518,1.93089458904822
-0.262822931888761,-0.169016544073995,0.0880513737066459,0.305825344880079,-2.41021735754948,0.666797114930457,-10.9780498972103,-0.539394684795752,-0.292822486800219,-0.0355647571743556,-0.0156421323456035,1.92942691525781
-0.263330425616428,-0.169006223326627,0.0884829402581442,0.305889270147662,-2.41020263420269,0.666768328675865,-10.1488087938873,-0.304406538770763,-0.26407954994059,-0.0325296150684946,-0.0205736155248941,1.97305435120689
-0.263787301309451,-0.168866651557167,0.0890496667073582,0.306052995675687,-2.41018045535379,0.666699008769066,-11.6511113900394,-0.659979548295723,-0.206743888336518,-0.0325212595379165,-0.019372964814376,1.92790818618523
-0.264210824982552,-0.168600271747676,0.0897450887774833,0.306310129478225,-2.4101225613512,0.666564988389069,-10.330336851117,-0.102101149781902,-0.125441548690276,-0.0306395730672899,-0.0191510610288528,1.98401999024405
-0.264616631944958,-0.168229711666848,0.0905435730615405,0.306642423476151,-2.41001246511008,0.666357768848509,-11.104884117232,0.0038375272099529,-0.356702066548905,-0.0318164582371327,-0.0185019530678713,1.96470485436639
-0.26502181958372,-0.167769109246048,0.091422374561042,0.307036872952936,-2.40983296954932,0.666067551907712,-11.306376489097,0.149136344712133,-0.451313870996785,-0.0352172162614481,-0.0173137488961919,1.96774449430405
-0.265440017073428,-0.167239031735955,0.0923529315079506,0.307475467055401,-2.40957804521621,0.665698025909022,-10.4188922180158,0.155494711145138,-0.207925577210517,-0.0317320839721273,-0.017137923979388,2.0009399254511
-0.265879699596003,-0.166657313211767,0.0933056023687019,0.307943088041633,-2.40924839161914,0.665257835587638,-11.7691975291747,-0.156208363256383,-0.384218102447761,-0.0352397813380234,-0.0172701299969593,1.96286686851386
-0.266339267612091,-0.166040178638949,0.0942515792703597,0.308425482275495,-2.40885737514209,0.664762368787697,-10.5133459490503,-0.310621687607181,-0.359682508526191,-0.03163140158874,-0.0198373679477009,2.01568222589994
-0.266815929011991,-0.165403882289604,0.095164506624187,0.308907372907718,-2.40842324517131,0.664232996320746,-11.2994894849971,-0.150671655295355,-0.255767176705376,-0.0343889746328228,-0.0183648219367567,1.99586675212295
-0.267300969015346,-0.164773200941815,0.0960142875954171,0.30936804346635,-2.40797095117476,0.663693926032512,-11.603278835779,-0.545369045102461,-0.313499103085888,-0.0340623095383092,-0.0180837649105491,2.00546865881785
-0.26777465325572,-0.164177529437079,0.0967677630224735,0.309785593130146,-2.40753814020222,0.663176072408629,-10.4415859420147,-0.363928566107688,-0.303146693955739,-0.0323944947115535,-0.019281087590426,2.04799676200414
-0.268224765522905,-0.16364025335506,0.0974016310027364,0.310139420896547,-2.40715070551599,0.662700091518665,-11.9018166825682,-0.0719777132660511,-0.292305472699724,-0.0341729503856794,-0.0150914329975916,2.00220412773599
-0.268629012441693,-0.163197403622179,0.0978862278001352,0.310400698977035,-2.40683920515428,0.662283961219024,-10.7850508324103,-0.680347004639771,-0.310945612944266,-0.0322146117008213,-0.0177547665291595,2.05292243007955
-0.268973761053279,-0.162876126466534,0.0982016782568727,0.310547183421142,-2.40662424017707,0.661938740919642,-11.566943346161,-0.72454657272533,-0.31954803740544,-0.0356982669776933,-0.0159949657071911,2.03310789688587
-0.269254166837542,-0.16269971544293,0.0983359641558813,0.310558611182575,-2.40651479784243,0.661666844187562,-11.7190293561209,-0.673791720074632,-0.306821690461476,-0.0353171586998751,-0.0160299302192365,2.04045568393145
-0.269469567316253,-0.162683220449881,0.0982845982539696,0.310420951180119,-2.40650889879198,0.661459443652917,-10.7581949817067,-0.345839894472419,-0.272391341887442,-0.0331676770732039,-0.0163866730995268,2.08326211247864
-0.269624181100951,-0.162828063916734,0.0980542707542975,0.310130455798968,-2.40659562196068,0.661300439327234,-12.2406716833487,0.271454952845943,-0.223692931290714,-0.0393011781949166,-0.0160131723616834,2.03680748869993
-0.26973279873416,-0.163120460874568,0.0976646924331974,0.309693946427694,-2.4067524713031,0.66116671019988,-10.935578958493,-0.156022507044327,-0.142759040660565,-0.0368317229000437,-0.0208309356346632,2.08754359067642
-0.269805754701898,-0.163541118107245,0.0971387937581609,0.309123251643152,-2.40695772860955,0.661034576551796,-11.7110140187287,-0.367231241058562,-0.264511011364817,-0.0370758959413902,-0.0202468872518534,2.06039152237157
-0.269862833497755,-0.16404232184088,0.0965198093094651,0.308450594783919,-2.40717945404301,0.660875379902896,-11.8350824963169,-1.00355651851237,-0.315718634628013,-0.0357605826776095,-0.0164152046866344,2.06507483744707
-0.269914793654103,-0.164586184345503,0.0958417177710412,0.307704065449744,-2.4073978124393,0.660670732440271,-10.9332089346643,-0.285182228988333,-0.276935742692416,-0.0357208246284375,-0.01890641090283,2.09925339992753
-0.269970296316889,-0.165124976535389,0.0951431444283222,0.306920235375039,-2.407598472357,0.660408768055903,-12.2041955168107,-0.239061483073556,-0.333168440676957,-0.0368562886944859,-0.0184559154113948,2.05385239135745
-0.270037264194836,-0.16561404658051,0.094459246226365,0.306134514597105,-2.40777041498549,0.660082256821846,-10.9290083479116,-0.973939435736838,-0.257825999929253,-0.0356378968503011,-0.0207587924170806,2.11120666949982
-0.270114726551286,-0.16601895737043,0.0938164123325131,0.305377212611718,-2.40791496347105,0.659695643011669,-11.7851843946227,-0.721298467467705,-0.420075367859056,-0.0375493862926657,-0.0193168617902797,2.0881167007559
-0.270204453154133,-0.166304784562094,0.0932409003027353,0.304678520429482,-2.40803472554807,0.659257465200566,-11.9037377704883,0.0756768555349936,-0.332597973591845,-0.0356936002086941,-0.0180091352785983,2.08860578796145
-0.27029899608473,-0.166456964332935,0.0927421728104655,0.304056049614451,-2.4081438054779,0.658784055798294,-10.9514670810552,-0.812739182617634,-0.222837809702639,-0.0341491294559346,-0.0164946297461964,2.12742279148012
-0.270390613624723,-0.166480309564175,0.0923159039348753,0.303513791544155,-2.40825809356035,0.658295367407074,-12.5787398428601,-0.498690679573883,-0.308083273606769,-0.0371703877420355,-0.019002360127553,2.08362399709737
-0.270478439166507,-0.166381154764149,0.0919587675591289,0.303053181354862,-2.40838874634942,0.657809797050118,-11.130121492892,-1.48604507433743,-0.352222258037045,-0.0353345105152605,-0.0227685839404722,2.13266196499685
-0.270569518894864,-0.1661786636841,0.0916602122006584,0.302665978114107,-2.40853941672522,0.657343643852906,-11.9080786470361,-0.894997512748432,-0.240089669054925,-0.0354838674213704,-0.0193119695306471,2.11527610704536
-0.270672411064354,-0.165895603487583,0.0914081327209758,0.302339940117501,-2.40870898926976,0.656907038418003,-12.0367343069328,-0.23931912815965,-0.280501111825572,-0.0371378790489683,-0.0204839440640684,2.11837446742956
-0.270800489410944,-0.165549854585003,0.0911948244458884,0.302065702645917,-2.40888950475737,0.656504469746431,-11.2195119050332,-0.584921917957445,-0.412935541579657,-0.0344146482525756,-0.0205648960962574,2.15375309273061
-0.270976394187507,-0.165161584175015,0.0910138730995354,0.301831171847375,-2.40906231037585,0.656134940265099,-12.4621284339939,-0.474767011110998,-0.372584722869135,-0.0360993417959943,-0.0169497426773355,2.11751834488462
-0.271223034281005,-0.164739391849912,0.0908684198428989,0.301631802537844,-2.40920438128585,0.655790772608812,-11.4295029214748,-0.794478482797331,-0.275840454542134,-0.0337146975414067,-0.0190592759416323,2.17775799065463
-0.271564762451469,-0.16428173552298,0.0907696694612039,0.301469694429129,-2.4092877170054,0.655459233536323,-12.0849170501936,-0.301872056995535,-0.310495373622445,-0.0362160516143706,-0.0216385099348694,2.16071756049574
-0.272014057910543,-0.163797609808778,0.0907189267699305,0.301341362365711,-2.40930068952037,0.655138123584114,-12.286213450394,-0.203559833087638,-0.345545375695451,-0.0339631411524155,-0.0204696073334768,2.16010912910196
-0.272576411401012,-0.163284282054651,0.0907247016677076,0.301252525954944,-2.40923183617658,0.654818335475636,-11.1275760874114,-0.761004133760252,-0.484718811792305,-0.0332992925252,-0.0192350051778188,2.19975092025442
-0.273249725666792,-0.162738034067343,0.0907945364977654,0.301209694260453,-2.40907901755683,0.654496212941781,-12.7209757392882,-0.747435948435395,-0.388634691880924,-0.0369961115363351,-0.0163797126170085,2.15626471079619
-0.274012973325363,-0.162171905208286,0.0909214228185771,0.301209457074105,-2.40885922017972,0.654177962743363,-11.4928324474073,-0.914604377403521,-0.389552801791524,-0.0346806051224178,-0.0201301133591557,2.21232223993947
-0.2748361656177,-0.161608434812395,0.0910887849515367,0.301241327741729,-2.40859501031261,0.653868929722865,-12.3793486803025,-0.242959610888875,-0.342395354614524,-0.037321003160482,-0.0188344109364131,2.19012766809271
-0.275683361893707,-0.161064716193576,0.0912825556264589,0.301296253538454,-2.40831300440734,0.653571801360961,-12.4727146054131,0.254575039457222,-0.460423665208367,-0.0397062848387542,-0.0204181269778754,2.20296169552481
-0.276508010842681,-0.160575727829242,0.0914728897064024,0.301352867977504,-2.40805074250893,0.653296672256446,-11.6743381547458,-0.496680861439245,-0.326178231663704,-0.0358083781801555,-0.0216735565535952,2.24128874273352
-0.277267574709271,-0.160179860147314,0.0916269310536861,0.30138477916582,-2.40784034137007,0.653047329074225,-13.0391797548242,-0.298586923598123,-0.322414637694266,-0.0414152662794121,-0.0193873477859094,2.19855456829645
-0.277928043328477,-0.159917184119068,0.0917118193324231,0.301360405316665,-2.40770548949193,0.652822595058145,-11.8789334341892,-0.451026214101148,-0.382619646815215,-0.0352047425896473,-0.0186253603356101,2.25119451854618
-0.278462461266695,-0.15982326120399,0.0916982598492299,0.301248803709427,-2.40765729615988,0.652611538006238,-12.4834135570405,-0.34095030957269,-0.289437498757678,-0.0398369705028134,-0.0183549312325881,2.23943862895125
-0.278862675577499,-0.159912397527539,0.0915732160509095,0.301030387737976,-2.40768894787087,0.652394569996243,-12.746012786478,0.440547822635835,-0.379582505601292,-0.0394223968005885,-0.0208035891701664,2.24167927606589
-0.2791389919072,-0.160192162745013,0.0913303077612429,0.300689133311501,-2.40777859602529,0.65214947339326,-11.9418343000432,-0.320710099619646,-0.269293118312049,-0.0350895220102529,-0.0257810783086644,2.28568723147618
-0.279320687600392,-0.160647482443014,0.0909803634736054,0.300223548112737,-2.40788700769059,0.651846524982807,-13.378064025078,-0.308582623889379,-0.188426819031321,-0.0395887863341695,-0.0198038192090603,2.24725268619585
-0.279438441502301,-0.161260011883615,0.0905350106302633,0.299635764484764,-2.40797919869672,0.651463338938774,-11.9985952706127,-0.345702577938937,-0.349466563418076,-0.0345128226445888,-0.0236389052985652,2.30686496108946
-0.279534098923077,-0.161989468777429,0.0900236664200397,0.298944022560843,-2.40801074158884,0.650976553074761,-12.7679842271486,-0.250071426843533,-0.356313598848686,-0.039417841566602,-0.0222427773808954,2.28753645838395
-0.279654930903842,-0.162786066900535,0.0894819849265594,0.298174914948766,-2.40793790194906,0.650368908560903,-13.0529714926181,-0.106711944861445,-0.420687498182673,-0.0406323467771776,-0.0187356029140612,2.28511884183777
-0.279835642318929,-0.163590542736715,0.0889479190504969,0.297367860085604,-2.407736914764,0.649639737241475,-12.019689194919,0.245702458311143,-0.263959881433721,-0.0373784677891078,-0.0206234357847518,2.32458335625041
-0.280095147328586,-0.164359698497774,0.0884472742110579,0.296553809255142,-2.40740388669491,0.648802351425358,-13.4948184128971,-0.511777404039094,-0.229054809360321,-0.0413931589071774,-0.0209444175710999,2.28201579413872
-0.280448693190169,-0.165032848843688,0.088018543046476,0.295777645861969,-2.40694149829634,0.647874333484627,-12.1433334098741,-1.29450833711167,-0.308179174210068,-0.0371373651545741,-0.0205790463219229,2.33311458260034
-0.280887528784561,-0.165574088156519,0.0876793531894038,0.295072714832868,-2.40638211111832,0.646892785804601,-13.0496101628881,-1.26539305407232,-0.271105195852556,-0.0388653868043622,-0.0210506518632342,2.31192197312863
-0.281386438465009,-0.165963366366553,0.0874350310002233,0.294461763266214,-2.40576940221664,0.645894843282805,-13.0530969762279,-0.816393079857107,-0.384596838321585,-0.0391993083244211,-0.0180522027544464,2.3217033785117
-0.281907764148695,-0.166195158123521,0.0872826536372744,0.293957569954763,-2.4051610696569,0.64492442712215,-12.1636875383777,-0.530785109659064,-0.375169349641538,-0.0392270007662674,-0.0211586143662912,2.35133324482149
-0.282415656527981,-0.166269097563882,0.0872180460211296,0.293568810811304,-2.40460683859312,0.644015079028247,-13.5882978764171,-0.869872914531243,-0.365270952919872,-0.0444642428157267,-0.0200442414884366,2.30273845735782
-0.282865920305076,-0.166206706619691,0.0872233193746531,0.293287151038534,-2.40415864224833,0.643194925929538,-12.2781324074138,-0.142781493874054,-0.267763335384359,-0.0383125919137624,-0.0219416473215486,2.35751816216812
-0.283219235226569,-0.166045104297304,0.0872724628975164,0.293091488138419,-2.40385991697989,0.642483831379938,-13.0125870875115,-0.106301497192362,-0.362306536467344,-0.0385064415851843,-0.0212903612800625,2.33698528720007
-0.283454803830032,-0.16581985937002,0.087346323650303,0.292958032790651,-2.4037276688199,0.641882172291432,-13.2148671122302,-0.146657935246367,-0.427646046088483,-0.0394461600889451,-0.0230016704566294,2.3412907821659
-0.283561080964909,-0.165578534038934,0.0874195089693364,0.292853763928737,-2.40376559032163,0.641380239634876,-12.3997140539325,-0.805540077952401,-0.362007462172983,-0.0395694173341608,-0.0243664281936162,2.38153633868217
-0.283545047744142,-0.165370016567357,0.0874683855480725,0.292743481285427,-2.40396095483527,0.640961319032928,-13.6987392032469,-0.203528716144319,-0.341857426295974,-0.0440190357884944,-0.0197124558078993,2.33884490877813
-0.283423317413096,-0.165248839118475,0.0874666942302118,0.292585173006417,-2.40428435360161,0.640597404588383,-12.399039595661,0.0881994109124662,-0.299583519595984,-0.0414765002759658,-0.0206004718594093,2.38973580084489
-0.28322818262593,-0.165253427929701,0.0873992587210268,0.292349446022272,-2.40469716779827,0.640262009586121,-13.1628030242613,-0.901800301728144,-0.394188942998682,-0.039033273066897,-0.0193756382695726,2.37169854260314
-0.283003688996873,-0.165412754175647,0.0872575535639896,0.292014194289748,-2.40515131026263,0.639928072204117,-13.5689443150956,-0.236845011716696,-0.363567219820084,-0.042783992424495,-0.0208367030695022,2.3807632648966
-0.282796958480945,-0.165740962944901,0.0870401691355115,0.291567814696038,-2.40559847190194,0.639572112222792,-12.3643178816661,-0.387498006196893,-0.33974369913426,-0.0394813918271835,-0.0223310243555134,2.42119694084268
-0.282660814045798,-0.166226702882412,0.0867626643210717,0.291016637953522,-2.40598645264673,0.639171784289426,-14.0503861216001,-0.137579437246359,-0.270864991630958,-0.0396994965428052,-0.0179087146994049,2.37863279589283
-0.282642361002003,-0.166845638127938,0.0864458333921328,0.290376926134729,-2.40627472008649,0.638716400827895,-12.583494081432,0.0229431686632324,-0.367424991922661,-0.0393195077685808,-0.0196275944468384,2.43143050617407
-0.282777574279034,-0.167565983975882,0.0861115682775656,0.289671937685331,-2.40643830141763,0.638207107577131,-13.4188722491471,-0.341273205905281,-0.257527472214889,-0.0426014225890872,-0.0196453425493379,2.40754375940778
-0.283098209389453,-0.168311883543908,0.0858107390014097,0.28895445985803,-2.406449762305,0.637639413240513,-13.5745013986323,-0.147455418044501,-0.287951397109396,-0.0402479740214576,-0.0247661886905642,2.4148709718462
-0.283616613642876,-0.169017641793587,0.0855832630940416,0.288271352512261,-2.40630607293797,0.637025006206801,-12.770945126464,-0.38447943328697,-0.316146307538219,-0.0393103139573032,-0.0266704163282706,2.45485968865686
-0.284338811349222,-0.169600837122721,0.0854802224846894,0.287680332026289,-2.40600586337196,0.636371313105785,-14.2141990218836,-0.323849533275734,-0.472356251647284,-0.0431239921254978,-0.0227881312334521,2.41747656246752
-0.285245527316603,-0.169990403449815,0.0855402531832984,0.287232520785042,-2.40556902221853,0.635693453683781,-13.0163532573086,-0.622764164075988,-0.268011143322894,-0.040471126776648,-0.0236217935549853,2.47199948546127
-0.28631250771399,-0.170113671832774,0.085805447533518,0.286977627565761,-2.40501111003032,0.634996211415353,-13.7491958519663,-0.619182694114897,-0.389111389413472,-0.0410957432492753,-0.0214334289562435,2.45266097264222
-0.28750423601009,-0.169923770260962,0.0862992026787118,0.286948000690041,-2.4043586889364,0.634288747357237,-13.7793686959316,-0.574450555290923,-0.449096301658926,-0.0421190304537782,-0.0222198681985572,2.4570174779955
-0.288771018959209,-0.169386127874763,0.0870349705268648,0.287167758093676,-2.40364222216606,0.633574021765234,-13.1756264836407,0.47584797275772,-0.489317818307654,-0.0408848162956104,-0.0246604779968241,2.4942802942318
-0.290055676730291,-0.168517372957282,0.0879915439161568,0.28762676570399,-2.40289879181747,0.63285750163599,-14.3990446144327,-0.0643496606205645,-0.378803617658491,-0.0413405273928658,-0.0200215747051728,2.46394904376298
-0.291297903168773,-0.16736379638445,0.0891284462413967,0.288293111852273,-2.40216550470223,0.632142241725134,-13.1781143839887,-0.110451063457958,-0.322371722157357,-0.0410665169440123,-0.023074344933815,2.52197569351284
-0.292444497388098,-0.165984371978957,0.090397613344099,0.289125767847854,-2.40147020292353,0.631425138160852,-13.9995351395245,-0.614337789048477,-0.389688500762304,-0.0436085422087582,-0.0230278079630932,2.50222219518346
-0.293447911028159,-0.164475188165303,0.0917284074955839,0.290056842610243,-2.4008387810388,0.630704878789168,-14.3234821359201,0.02262108495961,-0.333828738555439,-0.045293740776021,-0.0233324351490549,2.51297031067909
-0.294272865085551,-0.162940036701843,0.093047118663327,0.291013786867132,-2.40028937174764,0.629979647025702,-13.3708147260152,0.0693768319670198,-0.433360224243302,-0.040949327498784,-0.0235673703318001,2.55200900739245
-0.294891462341203,-0.161507822362067,0.094263652225771,0.291905790144075,-2.39983879333503,0.629250711597079,-14.7287206536983,-0.255955456463653,-0.306395497009532,-0.0450386951093531,-0.0214986758367593,2.51644901355519
-0.295293388904125,-0.160290602458533,0.0953031020889633,0.292652039946009,-2.39949195736475,0.628518764521604,-13.460270838742,-0.0708158580991949,-0.260967261429158,-0.0429864971419365,-0.0231223276853436,2.57267293678323
-0.295495558794987,-0.159372123187406,0.0961150952261164,0.293189015112986,-2.39923086991958,0.627774456547462,-14.3030796342513,-0.39222364463626,-0.334936728466658,-0.0407252375150988,-0.0234964806969649,2.55811112960658
-0.295520747673201,-0.158834338297686,0.0966494093067553,0.293454568159236,-2.39904413665415,0.627019513758156,-14.5350074854214,0.0582515784601583,-0.316146540617154,-0.0417344661817496,-0.0233315389097367,2.55960217559246
-0.29540229513299,-0.158716402843528,0.0968863674489326,0.293416514859109,-2.3989099931669,0.626250376349754,-13.558166222792,0.259559564765368,-0.440436928461679,-0.0426854788798576,-0.0254253914499755,2.59820718948976
-0.295182032357969,-0.159025644708819,0.0968276686076285,0.293064280569975,-2.39880570905628,0.625466618889131,-15.0324336701323,0.0267137066405212,-0.301187616798387,-0.0458314303487506,-0.0202537029805475,2.5601077934924
-0.294905125643823,-0.159733612687321,0.0964989079954099,0.292413661121865,-2.39870620022333,0.624667205475484,-13.6732771197658,-0.657230978544931,-0.413752163842901,-0.0419888484344768,-0.0227391316609653,2.61360351414263
-0.294618817729101,-0.160776933286543,0.0959475177253945,0.291506831004346,-2.39858623972077,0.62385220154394,-14.4862439189959,-0.325670806997095,-0.432957255585194,-0.0447692201181318,-0.0250415870230234,2.59086735995383
-0.294361527950974,-0.162070655493492,0.0952331333302881,0.290401501167752,-2.3984266872227,0.623020577532878,-14.7275316118481,-0.686694384103248,-0.300295699398902,-0.0447913467559404,-0.0232333876779345,2.59335395855254
-0.294152801346994,-0.163521767195245,0.0944149755013855,0.289164200750404,-2.39822307104717,0.622177961482501,-13.6657024576489,-0.968726405011466,-0.349393138350536,-0.0407925135044001,-0.0272107490745762,2.63043838970332
-0.294009850666488,-0.165020871351119,0.0935609461380629,0.287874510337911,-2.39797532553769,0.621331864620415,-15.1008737492926,-0.312101873164238,-0.370574616559168,-0.0453819541595677,-0.0200009113846561,2.58888329171
-0.2939384053578,-0.166463481350588,0.09273300249026,0.286609170856945,-2.39768814496146,0.620488660630018,-13.7982944066168,0.032856167579439,-0.268056211773626,-0.0477567403451964,-0.0227847532388791,2.64115656849577
-0.293935844263023,-0.167768275911251,0.0919757193116793,0.285430775220397,-2.39737537064626,0.619661065244738,-14.7162379273058,-0.195428775825803,-0.431441050839737,-0.0473946812184756,-0.0285266534894552,2.61840895215723
-0.293989190333444,-0.168860107773144,0.0913272470410366,0.28439705912424,-2.39705590072816,0.618859249321648,-14.7013537362117,0.112576728467957,-0.35044989540134,-0.0465254433176741,-0.0220276339270242,2.62541614215927
-0.294079269815263,-0.169697667213192,0.0908017691618808,0.283541816386721,-2.39675668619468,0.618099672838044,-13.8576797988566,-0.052415853968796,-0.555087031915747,-0.0443378248228763,-0.0279663748582634,2.66257689805414
-0.294197271496628,-0.170248096644136,0.0904121507655806,0.282889918991554,-2.39648758704877,0.617386099652034,-15.2751673197533,0.21285570407872,-0.48948768566126,-0.0449616733001306,-0.0276662099538627,2.61784747962452
-0.294327486050601,-0.170516101244542,0.0901458454113066,0.282439975426791,-2.39627087391052,0.616730558917578,-13.9690307590214,-0.44819654953244,-0.412713432035986,-0.0425116947285384,-0.0276404619296221,2.66916575246247
-0.29446095319049,-0.170525275976311,0.0899814468266223,0.28217560981635,-2.39612209330647,0.616141403931713,-14.8493741696489,-0.227671098166411,-0.392831531363925,-0.0453696582815803,-0.0222783912223726,2.64956361112877
-0.294598964283762,-0.170309769903568,0.0898951560343798,0.282070342941671,-2.39604421703468,0.615618219797408,-14.8806390417047,-0.221640578201004,-0.353643953938985,-0.0478985955193876,-0.0237143206072822,2.65768971218835
-0.294747470808594,-0.169905995807735,0.0898638587801194,0.282096045853754,-2.39603572121052,0.615158832922197,-14.1722118731264,-0.478961130286962,-0.338367717784649,-0.0460287000717332,-0.027896335027741,2.69307669060056
-0.294913307097466,-0.169369698155294,0.0898541361151784,0.282212563364464,-2.39609891331521,0.614766298740778,-15.4779029434852,-0.844165962818352,-0.427754304687141,-0.0497854342829394,-0.0206661636762351,2.65923272292001
-0.295112262439367,-0.168740795885109,0.0898467617698215,0.282390466421863,-2.39622516288583,0.614437565939185,-14.4637659463316,-0.623857126328176,-0.409977155511484,-0.0459241834512238,-0.0252798437462162,2.71265097275633
-0.295362601056502,-0.168052157042555,0.0898305818748831,0.282606718779268,-2.39640144854218,0.614166922386703,-14.9784652153205,-0.525184929263332,-0.518741725177364,-0.0432186746037613,-0.0256339515127308,2.69505927515452
-0.295674986269599,-0.167338085131655,0.0897924206434206,0.28283807640079,-2.39662012940357,0.613952042364862,-15.2763459266526,0.203972932013585,-0.518566367116364,-0.0464219686750207,-0.0251966414851002,2.70041136803118
-0.296053132184484,-0.166623599069907,0.0897251906456144,0.283069802179874,-2.39687659636511,0.613791620444679,-14.2131529267679,-0.696742294172509,-0.406788464460959,-0.0478240550242415,-0.0235654740872981,2.74631449457446
-0.296502549554828,-0.165918764072935,0.0896333186948839,0.283296933946569,-2.39715859078174,0.613678489532227,-15.7623589544481,-0.595782723073853,-0.411734427810075,-0.0476224516418058,-0.0246020297215454,2.70288059095527
-0.297024099123167,-0.165222302154318,0.0895290668624317,0.28352153383044,-2.39745138995614,0.613601188708048,-14.5178363097245,-0.908302077976941,-0.547899264229983,-0.0455312576063456,-0.0253333664066515,2.7605747990016
-0.297603181040267,-0.164538528377378,0.0894167397888438,0.283742254132564,-2.39775158363621,0.613553191181958,-15.3166246937991,-0.130873474347709,-0.350116750452344,-0.0469108773395646,-0.0253787708086691,2.74036250262991
-0.298226821134753,-0.163867324576362,0.0893040028821513,0.283957131829554,-2.39804692213278,0.613519745121428,-15.3903494399909,-0.371247968315856,-0.372206675903925,-0.0475474676073886,-0.024405632920618,2.73908246335312
-0.298883102257945,-0.163201623305405,0.0892038250326352,0.284166631559248,-2.39831898946048,0.613479368177988,-14.4649554670287,-1.34878728793183,-0.512587120269046,-0.04549490495548,-0.0263636897275899,2.77983291739106
-0.299558910530271,-0.162536789051096,0.089125854996379,0.284367562030731,-2.39854943625376,0.61340830403276,-15.9449836200104,-0.0642476530597378,-0.337076898994439,-0.0490987303419224,-0.022446215779847,2.74084952605888
-0.300241519322027,-0.161872516365787,0.0890756349109573,0.28455069044937,-2.3987178298168,0.613279298290684,-14.69480535844,-0.113380707787428,-0.380548949275038,-0.0475114005905937,-0.0239976565364697,2.79882269197386
-0.300917042895212,-0.161216399105204,0.0890517982988493,0.2847005306607,-2.39880793773389,0.61306749412255,-15.4775856388684,-0.718059478851501,-0.40149201113644,-0.0501860967966534,-0.0243479874571292,2.77706218240375
-0.301581737890694,-0.160574901389355,0.0890536252892057,0.284802836825638,-2.39879751226196,0.612745086465157,-15.7535416538451,0.124953136642034,-0.304219207830386,-0.0499546526384842,-0.0251055463721257,2.79037163777279
-0.30223193122217,-0.159962716091497,0.0890724279320601,0.284840260235132,-2.39867668369615,0.612297789673397,-15.0136334077816,-0.0538822986143259,-0.446179866983186,-0.0441116974392406,-0.0285687517717343,2.82633009925647
-0.302870848702656,-0.159382182080856,0.0891074490478665,0.284806719354151,-2.39843595099499,0.611714834239716,-16.2721557441914,-0.373709801038103,-0.248191757165785,-0.0508944916188061,-0.0260971659322476,2.78804791248672
-0.30349968323394,-0.158844032704069,0.0891502663035716,0.284694438451102,-2.3980759874673,0.61099517026747,-15.0595549429798,-0.185207838015231,-0.329532626130742,-0.0500226133974855,-0.0257411609299508,2.84773147608189
-0.304119706663394,-0.158367773152547,0.0891846392995174,0.284495349169247,-2.39761316668793,0.610156798248469,-15.8968049298556,-0.239511145976167,-0.449418953654202,-0.049203355647232,-0.0282472608844648,2.83514472785935
-0.304741686999586,-0.15795509191594,0.0892071570194558,0.284219435284461,-2.39706245853126,0.609223980583918,-15.9480365599583,-0.301863927641534,-0.326905463781401,-0.0494878265447372,-0.023454608802049,2.83826896133865
-0.305365540547133,-0.157606674748059,0.0892125562737227,0.283881628067458,-2.39645427574118,0.608232729892591,-15.1625706735824,-0.0243512705283138,-0.344697352633261,-0.0480718079148379,-0.0281968763077314,2.88146876616431
-0.305993749862301,-0.157318659300268,0.0892004064516971,0.283502443524359,-2.3958196487877,0.607223585780925,-16.579458250532,-0.832242427250776,-0.504549119361229,-0.0498438261230927,-0.0260428432025039,2.84389451223696
-0.30662279848124,-0.157095066852053,0.0891631104567494,0.283100652151586,-2.3951975464233,0.606244325530185,-15.4012801813707,-0.0611513506169103,-0.405487649584614,-0.0497292404180603,-0.0288585325038966,2.89880502299685
-0.307244881030591,-0.156924767040836,0.0891057440832264,0.282702610771451,-2.39462001202456,0.605332731174197,-16.0666071785347,-0.551630044393733,-0.356671984140462,-0.0505989644081222,-0.0273910565969427,2.88249397781314
-0.307852651728647,-0.15680725870885,0.089026641087891,0.282327208960802,-2.3941180713872,0.60452558669427,-16.225464001866,-0.511165732444169,-0.569982025749312,-0.0503173911381323,-0.0268313321851519,2.88312301670646
-0.308434854080773,-0.156738280396458,0.0889285799510095,0.281990669558213,-2.39371407932096,0.603848167765864,-15.2240624114316,-0.31778548645525,-0.429698083989706,-0.0487228919298208,-0.0261309157502989,2.92410745422935
-0.308978064323577,-0.15671692460161,0.0888138135820487,0.281701303445057,-2.39342073732861,0.603310432066034,-16.9184302403532,-0.0154096294493229,-0.424508035341802,-0.0505440962473167,-0.0276117943525113,2.88079062214428
-0.309465563825878,-0.156750726556171,0.0886800418456323,0.281456823457011,-2.39324642408353,0.602913806452156,-15.5199066506754,0.300931086021592,-0.459164056248966,-0.0483037200488763,-0.028676732798016,2.93896687347246
-0.309880498489279,-0.156867850689379,0.088512069967438,0.281233490885483,-2.39319017711089,0.602647262004841,-16.2731455572444,-0.935545336459654,-0.595904238028282,-0.050409403219136,-0.0274995054754048,2.91542649328722
-0.310218996606965,-0.157065346924258,0.0883192527075607,0.281021259003282,-2.39322639198968,0.602476706224022,-16.5425701281774,-0.214252952634979,-0.405657501526719,-0.0515864863406228,-0.0240727363843438,2.91774818344528
-0.310476212464079,-0.157355185281565,0.0881010450945501,0.280796729814904,-2.39333099944595,0.602367394939749,-15.4569952826733,-0.255532278975124,-0.385029173907611,-0.0522064532123041,-0.0315088523023754,2.95667395004713
-0.310651098378435,-0.157755974517398,0.0878508602297381,0.280528984155294,-2.39347560718537,0.602280232614111,-16.9603165270264,-1.1541810719018,-0.40683414872862,-0.0547822099310444,-0.0276562772532052,2.90971822251388
-0.310745740553765,-0.158276006934814,0.0875684402826513,0.280191656673443,-2.39362927721578,0.602175055899124,-15.4470153711344,-0.279429473926257,-0.402615872772287,-0.0500860705497734,-0.0250780040960462,2.96835761778526
-0.310771846909054,-0.158910413092989,0.0872625398556339,0.279766816050783,-2.39375607912689,0.60201049649401,-16.406287541061,-0.718243711297873,-0.401594312235716,-0.0509475830528241,-0.02692644833327,2.94900385857899
-0.310744064993642,-0.159656240207164,0.0869367898320946,0.279237485925285,-2.39382890154543,0.601757011552882,-16.6759535407778,-0.0670796310055266,-0.499677506259786,-0.054492351519285,-0.0279591159621618,2.96165105714569
-0.310674966947616,-0.160496155823746,0.0866005105837026,0.278601114766196,-2.39382896240852,0.60139523930652,-15.8311643470792,-0.286747301372998,-0.411659780726069,-0.0492596800466272,-0.0288645799682146,2.99549510604862
-0.310580873743031,-0.161406254034844,0.0862642688294012,0.277864243357957,-2.39374795847495,0.600919498135559,-17.1443863932057,-0.248539286533287,-0.474572999955456,-0.0530684225635514,-0.0246898571336349,2.95806922087603
-0.310475881312536,-0.162352897852365,0.0859421876429639,0.277044688415397,-2.39358694132682,0.60033526351698,-15.8077138427133,-0.601440173702485,-0.374428093143763,-0.0486054592937224,-0.0317517516770758,3.02486119699632
-0.310373440667512,-0.163294711867316,0.0856489083682764,0.276172868452308,-2.39335990156785,0.599662345455443,-16.6102641769186,-0.97741702286271,-0.518892557126492,-0.052408695932884,-0.0299022007328666,3.0008191273998
-0.310289278120521,-0.164181466182053,0.0854050778689897,0.275288887782221,-2.39308434892067,0.59892627273192,-16.8455539266362,-0.881287213919677,-0.615719897755383,-0.0548477699153365,-0.0274631483338411,3.00399042405695
-0.310225436245917,-0.164962102780724,0.0852283239105459,0.274437655691241,-2.39278816848361,0.598157316435458,-15.8629277412551,-0.73944149650697,-0.472434274530428,-0.0513065876577152,-0.0304817161477249,3.05203868264721
-0.310185559301595,-0.165588118834,0.0851356899635538,0.273665807214379,-2.39250419245502,0.59739196624256,-17.2633589997585,-0.979801871568725,-0.44255332752968,-0.0559373771550478,-0.0263227349427315,3.0070991094248
-0.31017526384768,-0.166007593437924,0.0851491973597983,0.273023013722112,-2.39225714821531,0.596659426441453,-16.0699112430163,-0.240775850867294,-0.424029736190676,-0.0540890049413583,-0.029061502245018,3.05766079761729
-0.310200121953714,-0.166182133796452,0.0852843093259686,0.272549581995155,-2.39206648494407,0.595983598323221,-16.8728643985172,-0.144556445933176,-0.506532996886904,-0.0535614642311408,-0.0288708890452378,3.04240285825627
-0.310263604174525,-0.166079172873864,0.0855568352262111,0.272279970836852,-2.39194427136066,0.595378534749793,-17.1455683005534,-0.500460685104599,-0.470671738801258,-0.0561822874367266,-0.0259289009700605,3.05534620188957
-0.310371086468014,-0.165681735470786,0.0859774151652145,0.272235319728215,-2.39189420266474,0.594849999738926,-16.3183273120139,-1.12017264158158,-0.474089327570567,-0.0538848726116106,-0.0284409797992592,3.08473965148356
-0.310528260650442,-0.164987857282026,0.0865516086464915,0.272420967034204,-2.39190532902588,0.594391665178683,-17.5187299365637,-0.540103170822022,-0.416475901144111,-0.057350338366895,-0.0285098435564656,3.04461533403846
-0.31074455986829,-0.164003580218275,0.0872858674053714,0.272833165316319,-2.39195542119203,0.59398569698752,-16.2933175259943,-0.263232976746394,-0.421452674377264,-0.0520067918126457,-0.0299803899864978,3.09680458112077
-0.311024009002051,-0.162774813791502,0.0881607186524599,0.273438294817085,-2.39202731762848,0.593618967982367,-17.0485502154921,-0.805257333237478,-0.508732880284555,-0.0567181960943093,-0.0318088835294431,3.08069426655244
-0.311370940398735,-0.161352806433269,0.0891553040879644,0.274195672189176,-2.39209601485976,0.593270398972807,-17.2716803780315,-0.558636310510565,-0.42697095756003,-0.0554051244726308,-0.029950683981857,3.08999263551173
-0.311789857472323,-0.159805822333054,0.0902381274605634,0.275050696653712,-2.39213512576295,0.592918328998879,-16.52958335984,-0.364656692193648,-0.29991766591229,-0.053998803427878,-0.0295351319431537,3.12616255089615
-0.312276888324262,-0.158221547262446,0.0913613640228763,0.275935456278691,-2.39213305476632,0.592553615767209,-17.6910175963418,0.0419770765442991,-0.493899470344758,-0.0584736026986916,-0.0272535220009388,3.08666885797527
-0.312821702179534,-0.156690133177371,0.0924709775607036,0.276781860161772,-2.39208916023134,0.592175057584192,-16.6895507169883,-0.799057727525678,-0.432995368335185,-0.0540099137497698,-0.0324055357070025,3.15012362474868
-0.313415226847841,-0.15529669642441,0.0935135547300367,0.277527276316893,-2.39200821976957,0.5917870661579,-17.3825580168329,0.0320289317733113,-0.475492167736689,-0.0552094894070008,-0.0293420528615091,3.13364240628158
-0.314032234158448,-0.154137747984715,0.0944213120564529,0.278102717280602,-2.39191896793574,0.591410279407574,-17.7005246667538,0.00192173401728724,-0.494659356063551,-0.0560358655592714,-0.0274977587203837,3.14019554331459
-0.314657694190643,-0.153277926905638,0.0951460406964087,0.278463358340345,-2.39184452730271,0.59106353667805,-16.7694066193989,0.341629748715377,-0.414504543666368,-0.0542522769238984,-0.0292557767437682,3.18462466426778
-0.315272213024377,-0.152767360845866,0.0956440089135318,0.278576744769793,-2.39181747072907,0.590772005499873,-18.1037015071803,-0.0280577090629777,-0.538715774695191,-0.058215956359827,-0.0291623861152876,3.15087399494298
-0.315860491418096,-0.152627776421943,0.0958903601633573,0.278429822213125,-2.39186557255147,0.590555111398784,-16.8814196116918,-0.603378758051122,-0.551345076816091,-0.0538971754079385,-0.0300157954912762,3.21014729192742
-0.316417410931665,-0.152841361059505,0.0958881241531297,0.27803715676087,-2.39200533704041,0.590425791637058,-17.5625040985115,-0.949349043052962,-0.418663428707731,-0.0560409973573024,-0.0310139372942955,3.18540016038762
-0.316937833390848,-0.153373449453553,0.0956518357809404,0.2774244516947,-2.39224791603132,0.590389910820281,-18.0897573624878,0.120077971389037,-0.467275930555189,-0.0556406553223492,-0.0311894153968517,3.19175572375641
-0.317429698198346,-0.154160060006377,0.0952215641291934,0.27663566531137,-2.39258775210265,0.590441640551393,-16.818820244244,-0.717447200716606,-0.644355241904748,-0.0532384931259609,-0.0331485516979689,3.24375709610631
-0.317915222004305,-0.155101709532885,0.0946682596014588,0.275735363773969,-2.39298926564697,0.590549836367086,-18.4174781346995,-0.995396833938685,-0.643207340908987,-0.0556003627563162,-0.0326743491254134,3.19533230169468
-0.318420815430499,-0.156094472478921,0.0940691093616108,0.274790768645893,-2.39341183328703,0.590682374067192,-17.1140353434882,-0.501901485827148,-0.416833597047116,-0.051846645642271,-0.0335231321030703,3.25877591419998
-0.318964669772645,-0.157046785816376,0.0934960124402304,0.27385961852883,-2.39381193596369,0.590799812755535,-17.9895577875773,-0.317817052297187,-0.587420440434983,-0.0562135951234159,-0.0307234058557703,3.23116838038759
-0.319570987167491,-0.15786169155036,0.0930287853673368,0.273001421990292,-2.39413248078453,0.590851573275506,-18.1205125719694,-1.18947502318179,-0.530714343076141,-0.0585774601658504,-0.029452727134303,3.24273863721682
-0.320259328282278,-0.158468063244348,0.0927300638205259,0.272259117757697,-2.39432253499576,0.59079361117366,-17.3754965361927,-0.500075324144063,-0.446667265665781,-0.0565576136955346,-0.0310250219018081,3.28487712655935
-0.321039535765952,-0.158820359497668,0.0926440403310205,0.271660720303528,-2.39434612141625,0.590594642765749,-18.6506370989886,-0.276784910633296,-0.538583721711831,-0.0600921400541083,-0.0335840895536312,3.24962404244963
-0.321905505224707,-0.158906611615382,0.0927878832560495,0.271213145568855,-2.39418310643815,0.590232512389575,-17.4400684393146,-0.184129829211543,-0.510167867135408,-0.057388401020297,-0.0339929317910949,3.31015506627709
-0.32284011739116,-0.158743903996133,0.0931546518985439,0.270906590118971,-2.39383250073543,0.589700651301012,-18.3523451113037,-0.143848761677418,-0.491968921282961,-0.0621778176403986,-0.0329160695692046,3.28612858577385
-0.323821494372791,-0.158375528988308,0.0937140744498534,0.270718226082587,-2.3933129278414,0.589012875030051,-18.4402260921221,-0.432785764392293,-0.456621372204609,-0.0600698296531283,-0.0312910496660135,3.29502941070454
-0.324819975935016,-0.157863826301276,0.0944173513707955,0.270612981986147,-2.39265689752436,0.588191242538624,-17.6250817970136,-1.02359749729203,-0.508558527210141,-0.0557458398424577,-0.0322319902938486,3.3387937378102
-0.325798899989608,-0.15728027589108,0.0952038402210865,0.270551526701773,-2.3919126475703,0.587271298965886,-19.0048863187155,-0.475400301295622,-0.401350984583388,-0.0599859678548214,-0.0324479223282919,3.30629995845511
-0.326729792623967,-0.156697981591941,0.0960085963552802,0.270494064545684,-2.39112810900139,0.586291472890678,-17.8582196253945,-0.881111234412401,-0.495849817845198,-0.0575835793479089,-0.0345355216968624,3.36262575011521
-0.327581601501613,-0.156194185225431,0.0967604801965322,0.270396694709679,-2.39035966189284,0.585296589200601,-18.4501460258518,-0.456133792957644,-0.567010231491651,-0.0603555670825315,-0.0327915017791756,3.34592393755283
-0.328334660316209,-0.155815418489995,0.0974078181904942,0.270235537596785,-2.38965453545792,0.584325506972177,-18.7315678263309,-0.165037988351287,-0.518764382133071,-0.0607609035026511,-0.0300174488059656,3.35898752857172
-0.32898308649532,-0.155591065758449,0.0979134932169689,0.269994638868973,-2.38904405464999,0.583406248240406,-17.8103754733126,-0.476715693114784,-0.460285500782618,-0.0587285936704585,-0.0335671547929163,3.4012864224205
-0.329525924980134,-0.155539059492099,0.0982487690958887,0.269661774179676,-2.38855104173454,0.582558759717406,-19.3061427455606,-0.671157964653048,-0.574776112433625,-0.0625610140613388,-0.0326636537504831,3.36431624007222
-0.329975131419681,-0.155636162121411,0.0984170456073787,0.269250672178214,-2.38818183909882,0.581790714953594,-18.2481235203153,-0.352579492157474,-0.48215904572686,-0.0574151253154609,-0.0356440940613208,3.42426818380374
-0.330342566139147,-0.155866176626678,0.0984192612766806,0.268767314233994,-2.38793714179568,0.581103972290072,-18.9808957610268,0.193222192552412,-0.6013752612931,-0.0589086879102805,-0.0358002655075971,3.40055340001688
-0.330654287694143,-0.15617454418495,0.0982880646856114,0.268240126964469,-2.38779197426026,0.580480475441131,-19.011196132329,-0.548571230949619,-0.499009345411594,-0.060695633245726,-0.0342089405860915,3.41099021271911
-0.330926596619963,-0.15651428243452,0.0980532421052178,0.267692338121869,-2.38772888614222,0.579905232145324,-18.0839891322738,-0.739639091008939,-0.477850244635903,-0.0587242470106584,-0.0337487616485083,3.4537129979614
-0.331182123121123,-0.156835222431909,0.0977508321436926,0.267148751375706,-2.38771943656695,0.579356397845128,-19.7860512514882,-0.0626795886046239,-0.553506791935604,-0.0619182236835609,-0.0326845051357521,3.41956453133024
-0.331437783231422,-0.157080883384888,0.0974243985739776,0.266638824930166,-2.3877355751182,0.578811075603429,-18.6216763344326,-0.211795471599999,-0.440512154278963,-0.0613262577622464,-0.0357312796376053,3.47590578496043
-0.331705036152878,-0.157203276971301,0.0971131382033437,0.266187018236159,-2.38775224535953,0.578246631684889,-19.1634684603312,-0.895000886539037,-0.429010275790318,-0.0630920898948606,-0.0346996586886923,3.45388108170025
-0.33199606251998,-0.157169233386652,0.0968485563869207,0.265809755296439,-2.38774490376644,0.577642475952262,-19.3409142755847,-0.594314608327068,-0.445532404982629,-0.0635779092730129,-0.0330269569604523,3.45761391458536
-0.332318137891362,-0.15694971812417,0.0966613093404977,0.265521452877215,-2.38769261817854,0.576981505257963,-18.3808947733369,-0.790684263453613,-0.51719637289338,-0.0602490330290779,-0.0338640190108156,3.49640520166881
-0.332682738254018,-0.156522024310551,0.0965792249213123,0.265333965309067,-2.38757154221486,0.576244092358417,-19.9252886417008,-0.612135310609574,-0.572118289859787,-0.0622434058986192,-0.0326978284708954,3.45577772172207
-0.333098473416765,-0.155872488167584,0.0966252109020587,0.265253565613013,-2.38735869966667,0.575411404173565,-18.6448152307664,-0.842654643047808,-0.495330655244004,-0.0599426352862862,-0.037591657078393,3.51670178405239
-0.333573848424046,-0.155009861068481,0.0968056003546358,0.265274630275861,-2.38704024308338,0.574474985069577,-19.5613518092998,0.16484305214226,-0.529578666743504,-0.0605166718145629,-0.0367501257322681,3.49554740942508
-0.334123973250297,-0.153941902124945,0.0971275123008676,0.26539363931773,-2.38659781498645,0.573424575461029,-19.5827133295105,-0.84273436012927,-0.387739498702246,-0.062594929226174,-0.0352283705804908,3.5105355755836
-0.334751388817155,-0.152690573886305,0.0975848704301778,0.265597319552778,-2.38602354985461,0.572253161105789,-18.715534707374,-0.650596174374641,-0.494511321125572,-0.0609094372730214,-0.037414172052072,3.53851965254681
-0.335454335608536,-0.151291980511341,0.0981589928027078,0.265865317382505,-2.38531943794616,0.570962633341754,-20.0816555839277,-0.559136790932598,-0.621610701803178,-0.0635436542924976,-0.0322556804277348,3.50359589390435
-0.336229806458427,-0.149788295272177,0.0988250147686395,0.266175879720727,-2.38449526269251,0.569564244982545,-18.9034389010636,0.443115465133587,-0.659917525641788,-0.0582197999486458,-0.0354080379191746,3.56823949342148
-0.33706611216177,-0.14823189716514,0.0995459685025662,0.266502444383428,-2.38357274551848,0.568077917813097,-19.7012139221337,-0.143851144992368,-0.645177304094517,-0.0645153942947729,-0.0361510737857714,3.55493827688966
-0.337942029672207,-0.146683840547213,0.100274240826474,0.266813448273077,-2.38258663446739,0.566532957746527,-19.7261140920374,-0.297211058786161,-0.442868044508685,-0.0650757468521448,-0.0367890174881679,3.55543738449236
-0.338834214371478,-0.14519785942906,0.100966293082319,0.267084862200299,-2.38157945598719,0.564967139026166,-18.888252628269,-0.0568808414298019,-0.521443288682178,-0.0632825318021002,-0.038255938974903,3.59457566918152
-0.339710879628056,-0.143830996736808,0.101572761682021,0.2672908362367,-2.3806028076689,0.563426544545634,-20.2692760525223,-0.948855432182881,-0.642492789752936,-0.0654110585179231,-0.0331081672218852,3.55479728439291
-0.340541541667868,-0.14262733604137,0.102053814384366,0.267412498503398,-2.37970342335713,0.56195173691497,-19.1800299178049,-0.421868763415887,-0.516771331642445,-0.0616894936358103,-0.0371120512728877,3.6133014636542
-0.341298281418702,-0.141625092117581,0.102374762968597,0.267434803413563,-2.37892990953921,0.560587759968898,-19.7015551463683,-0.536132786810413,-0.571460486953953,-0.0653604632385454,-0.0344785278455576,3.59479444089411
-0.341958320849199,-0.140834823258018,0.102521205222291,0.267359590495952,-2.37831856707064,0.559368901601549,-20.0072229968179,-0.317597696250459,-0.528362836614633,-0.0643358898627575,-0.0359802991211443,3.60942206863847
-0.342511913831755,-0.140263317441335,0.102487589468767,0.267187029428045,-2.3778887444984,0.558316620686865,-19.3094145371875,-0.773655420333398,-0.556208973313915,-0.0618324422766268,-0.0371261503020553,3.65856904019592
-0.342958519265328,-0.139894233924126,0.102288107780719,0.266929306066671,-2.37764284543248,0.557438281565064,-20.7386923060909,-0.432516459228054,-0.508619559324757,-0.0670677051416217,-0.0339374572252477,3.61824434913575
-0.343303236973915,-0.13970540659394,0.101944288406134,0.266598884759234,-2.37757030469944,0.556726318679481,-19.3997974521022,0.0746985866219347,-0.456631912995135,-0.0648993603471242,-0.0343897454014622,3.67536986104167
-0.343562812756527,-0.139654008022357,0.101497357371933,0.266218766041171,-2.37764040804181,0.556156269674866,-20.2542102140017,-0.478474162634257,-0.463746482854901,-0.0661027394204496,-0.036846082610195,3.65799663274924
-0.343750807017651,-0.139710691887443,0.100979648608845,0.265801602848242,-2.37782310730854,0.555699875822518,-20.5083303343569,-0.582048662358602,-0.459268341550995,-0.0659227829437081,-0.035856763506787,3.67296115143726
-0.343891609218907,-0.139843271927504,0.100430761290624,0.265358336679935,-2.3780719198437,0.555315420380006,-19.6208741996842,-0.441627837340775,-0.532841743398848,-0.0640510180799927,-0.0382948040814998,3.71813357914543
-0.344007186742092,-0.140027915292168,0.0998827423519442,0.264896325156787,-2.37834179024645,0.554960929653911,-21.0750801582469,-0.540886166182645,-0.575958722358166,-0.0684717734908626,-0.0369330332119809,3.67339382536229
-0.344108236457205,-0.140256892152433,0.0993538587695601,0.264412934577235,-2.37860142881045,0.554601184409547,-19.7034394875506,-0.850413606155143,-0.486391350576781,-0.0653783474662228,-0.0375354683975274,3.72812529297643
-0.344212797311178,-0.140520167791503,0.0988641743492588,0.263907852393533,-2.37881533853324,0.554201960747145,-20.3760547797048,-0.664665136273925,-0.501707036974665,-0.0658225630199922,-0.0378307222443192,3.70671147346986
-0.344324266028767,-0.140827186607256,0.098414151464484,0.263372254489171,-2.37896903676986,0.553744293737121,-20.599089356648,-0.00285346806072084,-0.475682813267582,-0.0644095177387429,-0.0360224697348435,3.71592998380316
-0.344440590741156,-0.141197929904179,0.097993909660363,0.262793018334695,-2.37906126666137,0.553221690381983,-19.8855096380772,-0.640033352284945,-0.433048955080949,-0.0636791833109873,-0.0389058260881554,3.76377803258732
-0.344565725039826,-0.141646813132045,0.0975965142080327,0.262161466065644,-2.37908480521214,0.552626618044969,-21.3403049101182,-0.0572770357614445,-0.496529052985068,-0.0706670660460698,-0.0344816803070463,3.73192011717785
-0.344700759802217,-0.142183219776676,0.0972135387019695,0.261475538501073,-2.37904644852165,0.551966451026849,-20.0220660718861,-0.127019278206035,-0.674855167804395,-0.0657054382791369,-0.0410232555678864,3.78795561278986
-0.344846638919396,-0.142816118008597,0.096834047739506,0.260734280631212,-2.37895461312037,0.551251375708374,-20.8606871255149,-0.914205293229543,-0.644648715253624,-0.0666951804658265,-0.0393572594830431,3.7638754381784
-0.345007184379925,-0.143545683138092,0.096451703836887,0.259942748767467,-2.3788171271899,0.550493607096111,-20.9926463985196,-0.249247638191036,-0.617243653341433,-0.0712455223356208,-0.0358976094946143,3.78104867116807
-0.345184238051641,-0.144367018683087,0.0960606140651434,0.259108883527052,-2.37864587865047,0.549708023984266,-20.1524288938163,-0.508267627839132,-0.585564610258302,-0.0646801048439793,-0.03609467991491,3.82491099204673
-0.345389237975154,-0.145254670829292,0.0956693893227477,0.258252993671054,-2.37843985301757,0.548899855497917,-21.6470312323285,-1.02456519898715,-0.485246997233702,-0.0697822070691534,-0.0353839460839594,3.78632354670168
-0.345626777383093,-0.146185136244473,0.0952834195370427,0.25739051849908,-2.37819817457653,0.548069577880127,-20.4533359192865,-1.11666394824601,-0.582686665497874,-0.067444600668932,-0.0385657791522078,3.84702579621545
-0.345906058653391,-0.147125458325324,0.0949152062721975,0.256540784741668,-2.37791418383479,0.547213332461324,-21.0191811195301,-1.05695707563859,-0.632756640115986,-0.0684173517372986,-0.039955611174094,3.83241487388023
-0.346227300986497,-0.148047146495188,0.0945719704283771,0.255720514247991,-2.37758821267633,0.546328835960845,-21.3814795238943,-0.508718486602902,-0.662807948404065,-0.0695113429140131,-0.0380075721293675,3.83917933305205
-0.346591069075085,-0.148922741566837,0.0942620046955961,0.254941676969509,-2.37721653196943,0.545408454845016,-20.3312071676334,-0.649921386590677,-0.548410185240584,-0.0700052413843251,-0.0395173382411951,3.88682307818163
-0.346991451588183,-0.149731125038613,0.0939889222540607,0.254211526809212,-2.376803583545,0.544449308862401,-21.9128754524064,-0.29185768090565,-0.505767669193943,-0.0709875362342172,-0.0364939663587861,3.83559350524561
-0.347428734180118,-0.150441007908008,0.0937658984850289,0.253544146273048,-2.37634720146904,0.543445895766605,-20.5119085881287,-0.428547312950741,-0.491723467350852,-0.0702146560596617,-0.0397255269390108,3.89899990918147
-0.347897326115826,-0.151036542049546,0.0935980766033342,0.252944352724958,-2.37585582794308,0.54240235526598,-21.4498215280406,-0.647640293442009,-0.540321576543192,-0.0696007395614098,-0.0392599550801809,3.87367694602225
-0.348392454316655,-0.151502140069887,0.0934919482630271,0.252417722633811,-2.37534137272066,0.541328308772523,-21.4346897994919,-0.255901580195996,-0.560001875847007,-0.0689561426081502,-0.0386047647170628,3.88721220586649
-0.348914705157567,-0.151820164165334,0.0934596899496147,0.251973991398137,-2.37481600329922,0.540238753135576,-20.7874265839907,-0.458713754086375,-0.595055861199143,-0.0649812032562349,-0.0407253452313832,3.92331816282613
-0.349467569959506,-0.151979146130077,0.0935126101287594,0.251620534621713,-2.37429057404938,0.539151186567192,-21.9936065441872,-0.50390490264499,-0.54169521857429,-0.0710685163818603,-0.0366293809351669,3.8921134538927
-0.350054974162008,-0.151981753682358,0.0936541474537232,0.251357646626596,-2.37377973953154,0.538087781318457,-21.0640583271763,-0.558360372308471,-0.603068691815366,-0.0677825059752388,-0.037184857073336,3.94979813127813
-0.350683471990347,-0.151820315118467,0.0938973905139607,0.251194804198873,-2.37329338510403,0.537068457504348,-21.7369422044297,-0.538214521909595,-0.552432033007847,-0.0735497866186843,-0.0365994047556097,3.93304521392651
-0.351364582081771,-0.151493553994959,0.094252787482128,0.251138594801966,-2.37283413750818,0.53610782443056,-22.0060596265729,-0.918480965717436,-0.708036774501835,-0.0720783113340637,-0.0389137442431329,3.94074947334789
-0.352095391674895,-0.15102575325489,0.0947110312323748,0.251179694012412,-2.37241482267745,0.535223918508354,-21.075919592344,-0.521967634908833,-0.671619596004376,-0.0663721545712304,-0.0413736350271061,3.98556651620748
-0.352875859126332,-0.150443530763409,0.0952608674895356,0.251306570459638,-2.37203788224844,0.534422635996403,-22.5566958700016,0.343106493235155,-0.483755771676414,-0.0704259009876984,-0.0387665978712553,3.95801810492941
-0.35369733532992,-0.149790668549634,0.0958759955479209,0.251496613204327,-2.37171112105965,0.533710508466501,-21.2684381407141,-0.0991658463110525,-0.648787718047487,-0.0714027632403846,-0.0398360190658916,4.01700674858336
-0.354541553185552,-0.149121721689746,0.0965195240015785,0.251717409017483,-2.37144056525545,0.533085142876195,-22.0709343230117,-0.0952433657698748,-0.564693022758547,-0.0724968075675094,-0.038422001001119,4.00111769523368
-0.355386394411154,-0.148492333802154,0.0971495033919271,0.251934831548849,-2.37122850802146,0.532533942304271,-22.2077372503115,-0.403467320786831,-0.525533490022553,-0.071631204186748,-0.0360783723827799,4.0106229593942
-0.35620570439625,-0.147965913788499,0.0977153704865162,0.252107940352092,-2.37108078039245,0.532047597752776,-21.38234874154,-1.52053987122122,-0.580856654917056,-0.0707296095681977,-0.0394126717109775,4.05237992320146
-0.356974498478624,-0.147602601137953,0.0981678976841396,0.252194321454367,-2.37099720634712,0.531608156840271,-22.8175317487164,-0.970723492189109,-0.622112138724958,-0.0742466074164407,-0.03752417322622,4.00903793569199
-0.357669685118785,-0.147451358123607,0.0984636199022653,0.252157140285257,-2.37097315682948,0.531193848912644,-21.428401911198,-0.909669537127911,-0.668441649348722,-0.0702173919917479,-0.0422476362427091,4.06970904388396
-0.358275445837632,-0.147536205604232,0.098577870395499,0.251974277484671,-2.37099848850342,0.530781694474788,-22.3492702239977,-0.643946827672153,-0.597110506294115,-0.0717881594095449,-0.0423272787222939,4.04668603372947
-0.358791685035394,-0.147858951099936,0.0985035400024846,0.251638103124843,-2.37105291032838,0.530348177468154,-22.5721066109184,-0.564068647675413,-0.594603786007298,-0.0734084071501209,-0.0362170463395106,4.05416656149307
-0.359225237272897,-0.148396873273196,0.0982520879818814,0.251155872950694,-2.37111248963403,0.529869588247348,-21.5018536023741,-0.718387137475929,-0.613555601197959,-0.070829971224712,-0.0399704165150441,4.09178094135869
-0.359592565330623,-0.149104942911726,0.097854448922419,0.250548587556513,-2.37114694346683,0.529322612710884,-23.0506352929812,-0.236869473489151,-0.661196353522371,-0.0720360965718654,-0.0382188917071035,4.05853231904864
-0.3599185948638,-0.149911305218438,0.0973641898222478,0.249857052544059,-2.37112445433169,0.528688234962183,-21.848165960147,-0.596260921838621,-0.724561958630431,-0.072427478945873,-0.0404728455381508,4.12217686553016
-0.360233110010104,-0.150725895428665,0.0968503392378784,0.249136568828505,-2.37101543270749,0.527955014925879,-22.7176950784987,-0.505951614145715,-0.572976305800722,-0.0760666535070982,-0.041530563728187,4.10531891335982
-0.360564324291072,-0.15146152642982,0.0963805000437478,0.248441166253264,-2.370794317755,0.52711473773002,-22.6891296966872,-0.832903553357028,-0.48388520650272,-0.0748176963607166,-0.0433232281956459,4.11817683779618
-0.360937981597858,-0.152023907379659,0.0960296946505123,0.247831371873905,-2.37044230486468,0.526164995147149,-22.0668647038885,-0.657436498511288,-0.594644185012186,-0.0718803362919531,-0.0440149013817216,4.15923353181532
-0.361374863755908,-0.152324513010664,0.0958695216627581,0.24736651815153,-2.36994751520784,0.525109009499668,-23.4749440183578,-0.677029861488336,-0.689026548786927,-0.0755306024294571,-0.0392904324564225,4.12251674749429
-0.361877318661056,-0.152307195748818,0.0959461683341422,0.247085942829003,-2.36931781497484,0.523959775302449,-22.2425238079605,-0.271339038786664,-0.656114432389955,-0.0743865747464465,-0.0391135228210737,4.17999454795209
-0.362436986816925,-0.151947702833005,0.0962821643415638,0.247008767923681,-2.3685749433868,0.522738316811057,-22.9727561335145,-0.736846561552511,-0.586002873162187,-0.0750899737343427,-0.0412921685969099,4.16920294430221
-0.363043845164309,-0.151236034202449,0.0968881736560503,0.247145961416126,-2.36774222741218,0.521465395627724,-23.1621729056288,-0.603824430186023,-0.685439099284764,-0.073956438274688,-0.041840239072498,4.17813776029956
-0.363678306259233,-0.15019664854666,0.0977482233492747,0.247485812731114,-2.36685253743384,0.520165717014924,-22.291921157251,-0.497345980718364,-0.674428210483114,-0.0741521904365268,-0.0421998008050061,4.21167571599436
-0.364316559074946,-0.148884691770884,0.0988231828696435,0.247996362689875,-2.36594387971437,0.518866186852838,-23.743454197046,-0.243880140831607,-0.759254245609014,-0.0768446667041505,-0.0381324668689323,4.1774304938077
-0.364940507273709,-0.147376381822625,0.100057839191202,0.24863156694993,-2.36505312095511,0.517595906386852,-22.5299148481905,-0.475778222645886,-0.623222331952121,-0.0736024699778297,-0.042969039374761,4.24102100740798
-0.365532651057142,-0.145751845820035,0.101392164660038,0.249342053892443,-2.36420873979557,0.516374014844515,-23.1966847796897,-1.20957402617614,-0.583781620662961,-0.0757815553030472,-0.0439267561040674,4.22640170895091
-0.36607271360155,-0.144120586670184,0.102742088653213,0.250059209314039,-2.3634463059817,0.515225512672734,-23.5233920327036,-0.323512041350114,-0.733387127554039,-0.0771568851213633,-0.0440519560079913,4.23780858018777
-0.36655717171351,-0.142579369140108,0.104034131453554,0.250721446011835,-2.36278483545595,0.514168674936562,-22.6676214838546,-0.629897250338217,-0.698674196495915,-0.0741276071303165,-0.0457312845278319,4.27584333377925
-0.366987710217626,-0.141218219494626,0.105198475325311,0.251271880094078,-2.36223398971561,0.51321462838537,-23.9063013413613,-0.605628356987381,-0.66228124836465,-0.078565501049543,-0.0406726790840392,4.23142983753097
-0.367362653772972,-0.14012227399317,0.106166875341287,0.251656528967269,-2.36180665496867,0.512376034092925,-22.5822001982276,-0.850514557622319,-0.573717696094974,-0.0736460081411754,-0.0441165770743989,4.2975708274464
-0.367692859634016,-0.139347929950098,0.106892371002882,0.25183883078706,-2.36149941114897,0.511655972949808,-23.5130633309341,-0.00754271232563042,-0.680411863824077,-0.0740923712576671,-0.043640613279147,4.27903749742136
-0.367984001714111,-0.138939848799358,0.107333707457132,0.251791361384443,-2.36131661980372,0.511063243208291,-23.7062807839401,-0.445581387443326,-0.688555348276992,-0.0751266158370871,-0.0430435229710517,4.28907138697632
-0.368236760973643,-0.138914172342112,0.107470111054529,0.251504636202285,-2.36126114547118,0.510600776023332,-23.049735575045,-0.0856815045094663,-0.720392489323473,-0.0739366412829572,-0.0429279819872427,4.33035164912718
-0.368454137226336,-0.139275134600421,0.107290223130116,0.250974718627115,-2.36133127394122,0.510269099504012,-24.3652257263835,-0.190162699991788,-0.686760667479632,-0.0762433472360988,-0.0456537236366026,4.29791624609487
-0.368627269050253,-0.140015377087115,0.106789740799799,0.250204927198395,-2.36153529106496,0.510071217858705,-23.1042184021985,-1.21535621282169,-0.653048841191122,-0.0738884112561879,-0.046043474661043,4.35769233009561
-0.368754981968952,-0.141097357835859,0.105987351627458,0.249217762793045,-2.36187095073151,0.510000242733138,-23.9657659621677,-1.17947728822969,-0.641546495572243,-0.0776934025838876,-0.0438003481312358,4.3416385827192
-0.368834571231381,-0.142471808141028,0.104912642198868,0.248041323168775,-2.3623360190968,0.510048543978713,-24.1081604443688,-0.144856555804154,-0.662581584388619,-0.0785547560380522,-0.0442754792201138,4.35401468832526
-0.368856282548572,-0.144097593408129,0.10358999953344,0.246697609674606,-2.3629354177617,0.510210624488484,-23.2618747764363,-0.276190291811645,-0.690606499941367,-0.0768553707177153,-0.0463151823932218,4.39877706830313
-0.368825472340955,-0.145907048973764,0.10206624505821,0.245226349751141,-2.36365613796542,0.51046749452651,-24.7937076158638,-0.490346420526521,-0.832759644277729,-0.0804109963826551,-0.0449083611784246,4.36916700816639
-0.368751834890704,-0.147823952276212,0.100398602399445,0.243670246935534,-2.36447340965853,0.510789343126013,-23.5429094725658,-0.193379371428136,-0.629640456754458,-0.0781611695522111,-0.0451576216649897,4.44035128274247
-0.368658282219064,-0.149765204817085,0.0986527728760661,0.242076652732556,-2.36534968039752,0.511140267553807,-24.4034414291887,-0.871086909329733,-0.628265248153298,-0.078458582697015,-0.0426433768707619,4.41958096934984
-0.368565284072463,-0.151654122215056,0.0968910589657688,0.240491728673509,-2.36624978379345,0.511484517441592,-24.5332144999913,-0.991308231281664,-0.700420790428325,-0.0788620575399208,-0.0403476069651515,4.42946784168102
-0.368502893833581,-0.153406511636624,0.0951841189092803,0.238966513681008,-2.36712503090898,0.511778940909309,-23.6465413835032,-0.53039197208409,-0.650189181262846,-0.0773102316065595,-0.0458089924133439,4.46821137058862
-0.368500157443142,-0.154945607678783,0.0935989292496442,0.237549422825779,-2.3679286020969,0.511982966206914,-24.9828419670861,-1.05563038672426,-0.731492602936726,-0.0796527421907811,-0.0433695325748312,4.42818470910782
-0.368588747908207,-0.156195277981155,0.0922028265639156,0.236291375625463,-2.36861280662251,0.512059711861633,-23.7890113222006,-0.519182227375268,-0.792162685061157,-0.0773176999034484,-0.0433707348234526,4.4877997313813
-0.368793458231775,-0.157083403184747,0.0910601078415205,0.235243050165035,-2.36913693213451,0.511977881071595,-24.6130096916181,-0.115916284713421,-0.696493440186657,-0.0808842068045399,-0.0404667682089082,4.47128801527306
-0.369138233302059,-0.157555254605432,0.0902238626300749,0.234443299185191,-2.36945909393854,0.511706763873188,-24.9022992672957,-0.333560898624455,-0.576474559750068,-0.0786460124436688,-0.0449076219687566,4.48488477351677
-0.369629560315804,-0.157588208632702,0.0897205482648163,0.233913689497883,-2.3695653153002,0.511239852068976,-23.869683103999,-0.998746132729593,-0.775461240538306,-0.0763272763521652,-0.045829207345767,4.52728361707205
-0.370265683062632,-0.157175705992112,0.089565464753314,0.233665019764975,-2.36944989356125,0.510578052779774,-25.3245007402439,-0.0705898283320039,-0.619291640753232,-0.0836232040489806,-0.0435851694370594,4.48956184544995
-0.371036530499287,-0.156345401697285,0.0897478751348484,0.233685546426266,-2.36912034599805,0.509733123835281,-24.0596156420252,-0.173960730612635,-0.7119708211508,-0.0824935550526518,-0.0462583986802603,4.550781697238
-0.371922758333841,-0.155145526683572,0.0902404763871904,0.233949335997137,-2.36859870060036,0.508728693380846,-24.9886961551998,-0.018458777125943,-0.682752087905669,-0.0814001272458302,-0.0434179947930474,4.53954524246162
-0.372899956707437,-0.153647752234627,0.0909976455150075,0.234414555731926,-2.36791645362648,0.507596118880598,-25.1844046131904,-0.672795872533243,-0.820451513590768,-0.0810328338135622,-0.044010621603883,4.55328990026773
-0.37393708819936,-0.151949190566392,0.0919539884417341,0.235021512127951,-2.36711497350025,0.506375888717267,-24.3250315077411,-0.779550360093253,-0.801831175818506,-0.0798143952404549,-0.046696472406165,4.5997059782346
-0.375011140607316,-0.150151413387259,0.0930402493248075,0.235705575679037,-2.3662311780235,0.505105383304261,-25.9295083594655,-0.767041739424485,-0.73565780298685,-0.0808592373924242,-0.0445365326045295,4.56544829876371
-0.376094259045575,-0.148364369295271,0.0941773928043008,0.236396705250807,-2.36530854970366,0.503824643128166,-24.6163294879958,-0.390289055233779,-0.752449623918324,-0.0791934553808313,-0.0461062326482017,4.62963878467932
-0.377157018877745,-0.146708655612754,0.0952773328830065,0.237016284595846,-2.36439131691662,0.502572944438865,-25.4955247289607,-0.327552159211791,-0.668068318856427,-0.0816586702898019,-0.0463133833721254,4.61420422691017
-0.378178661395185,-0.14526674632263,0.0962776753193448,0.23751038095869,-2.3635106456601,0.501375925064378,-25.4358662085374,-0.317632670413559,-0.646262791004801,-0.0813400356952059,-0.0448226027806913,4.63273260699309
-0.379137735758899,-0.1441055415264,0.097124044975326,0.237835376084784,-2.36269608104009,0.500255744828633,-24.8425312732044,-0.94378451249554,-0.666168819027746,-0.0811794196411455,-0.0453284609263243,4.67506954757057
-0.380020028559458,-0.14325967848723,0.097784976381986,0.237967619170496,-2.36196408419934,0.49922129461882,-26.1616816192507,-0.956553319753084,-0.647792759052919,-0.0832165098454327,-0.0448113271227164,4.63882633316651
-0.380811368970434,-0.142752069250125,0.09823507171822,0.23789221063101,-2.36132883452426,0.498276383594217,-24.9454183361211,-1.03622322878232,-0.639659488461149,-0.0813924727747408,-0.0455480352980757,4.701311649677
-0.381501802302024,-0.142553116040402,0.0984870946802199,0.237627781888217,-2.36079154093905,0.497411459569999,-25.8473389212263,-0.564119243904997,-0.774866136772005,-0.0827534687622156,-0.0467530989778141,4.68799923769191
-0.382085045926824,-0.142613127503201,0.0985687798423993,0.237205511545689,-2.36034703207324,0.496610423438968,-26.007602552118,-0.167120832443743,-0.599511129986212,-0.0836290375911428,-0.0491894443168697,4.69845591898767
-0.382554711594778,-0.142872267522682,0.0985146328319847,0.236664281202584,-2.35999062582212,0.495856902359121,-25.0667064343415,-0.784689886403612,-0.75448071347077,-0.0810000267946096,-0.0504827658378955,4.74873274429795
-0.382917632077895,-0.143252037504758,0.0983779276503116,0.236054043678376,-2.35970595758912,0.495131374973653,-26.7594901513963,-0.251158510199048,-0.728543446972623,-0.0843531190813533,-0.0473849393104269,4.71567516434128
-0.383181518696869,-0.143675493880179,0.0982135468325797,0.235423933174664,-2.35947641409633,0.494414165118487,-25.351219261597,-1.18738908574846,-0.745418620761853,-0.0833096020596544,-0.0472222947881809,4.78063367325372
-0.383359052852729,-0.144064166309495,0.098079116321459,0.234825443833498,-2.35928535457242,0.493690395952869,-26.3176756685892,-0.916150142727474,-0.698209824014242,-0.0829451566880031,-0.0475772768784392,4.76331416955999
-0.383475358845404,-0.144356721728668,0.098023594144008,0.234298330899261,-2.3591112472505,0.492949465183676,-26.4510033230254,-0.629362397115301,-0.841598752635832,-0.0857760105709167,-0.0468580193556968,4.77497570325952
-0.383557442320162,-0.14451051149567,0.0980848365088758,0.233870646966152,-2.35893401347926,0.492184912216265,-25.5188475906944,-0.798701470206197,-0.690444581190604,-0.081701059075705,-0.0476980203694446,4.81433536140766
-0.383642047977196,-0.144490783747979,0.0982971156981358,0.233566526353113,-2.35872678933263,0.49139117331046,-26.8551382047002,-0.750719933560276,-0.817500261261387,-0.0862984179422503,-0.0476802814013624,4.7805774433061
-0.383770876122087,-0.144281827785649,0.0986813110621902,0.233397945215954,-2.35846341906962,0.49056790436846,-25.7018899201756,-0.474735532064415,-0.628918295821478,-0.0831973739691971,-0.0491300275839345,4.84863863306307
-0.383976808894756,-0.14389273474694,0.0992381704041704,0.233361166420649,-2.35812881629553,0.489722608752683,-26.6743616601055,-0.495396225849163,-0.67304702096925,-0.0847278679042947,-0.0467611451226018,4.84053246681269
-0.384291207192653,-0.143343959283883,0.099957579073277,0.233445604698522,-2.35770963712853,0.488864580558907,-26.7503350205194,-1.00105340350387,-0.841140246864029,-0.0857202069330749,-0.0475235682216777,4.84996809932897
-0.384736848886566,-0.142663290744848,0.100820496177189,0.233634568330198,-2.35719337646717,0.487998015383618,-26.0127816269316,-0.521102195525827,-0.712931068262435,-0.0865119295375893,-0.0534281179842976,4.88735906298589
-0.38532304517438,-0.141886058443442,0.101798354211849,0.233905242769848,-2.35657576037764,0.487126856238922,-27.3507518416545,-0.296180331928326,-0.783586453329178,-0.0903302907729406,-0.0470549549976532,4.8585077583971
-0.38604362644168,-0.141052688196758,0.102854225895725,0.234229332594039,-2.35586668260138,0.486261070448498,-26.1762171488398,-0.424393213414078,-0.817658358470339,-0.0832255409348561,-0.0481981835375657,4.92497332995388
-0.386886139465055,-0.140183695518099,0.103962848570633,0.234589834471474,-2.35507116416016,0.485397838723069,-26.959939726892,-0.330028163967427,-0.774496228315058,-0.0855604199197426,-0.0475207614189142,4.91577253111714
-0.387812572626143,-0.139326315471842,0.105076019485661,0.234948820142695,-2.35421501648155,0.484539471112784,-27.3490310327916,-0.355555244729885,-0.64616758727152,-0.0887786669479453,-0.0480237779545589,4.93381349674856
-0.388779992898011,-0.138511777610034,0.106155533457362,0.235276627802308,-2.35332473263462,0.483684888345196,-26.4305555572102,-0.0795658300737614,-0.738105483802201,-0.0877504570313832,-0.0496869150655875,4.98386259020465
-0.389735208305149,-0.137775310589799,0.10715963853456,0.235539558515183,-2.3524367187166,0.482835567788638,-27.9122414869989,-0.188811609031745,-0.724763902883268,-0.085498374195685,-0.0470869757848791,4.94531197638135
-0.390629512634409,-0.137138363828167,0.108059254281012,0.235712322998024,-2.3515837468965,0.481990737851988,-26.7055914563456,-0.360278148287989,-0.638401199519961,-0.0837199447386547,-0.0507585890350831,5.00828040262631
-0.391419706333077,-0.136615939862473,0.108833662395365,0.2357735598691,-2.35079409938375,0.481146935688139,-27.5943182703455,-1.12570985124353,-0.866331867809208,-0.0865021547493758,-0.0525119869496479,4.99634766467319
-0.392072660511673,-0.136221436388364,0.109465175072888,0.235706371541858,-2.35009552411185,0.48030525880313,-27.7202691589515,-0.208045689115352,-0.734808537885783,-0.0897576772426567,-0.0481340456788769,5.01015226093247
-0.392562982993156,-0.135972742877983,0.109937447743866,0.235494117007947,-2.34951479391132,0.479472214949447,-26.7439303969859,-0.716030175800825,-0.727615278651939,-0.0892255074648043,-0.0521200416286184,5.04881652066693
-0.392889431492245,-0.135874379236498,0.110248795964633,0.235133780054742,-2.34906525693141,0.478655762508225,-28.1287274752912,-0.349341478003453,-0.763027783385525,-0.0886411105085232,-0.0503759026484342,5.01596000586583
-0.393058856148794,-0.13593719138603,0.110395628902713,0.234621548011807,-2.34875690081426,0.477866459585349,-27.0237656527781,-0.942573612952856,-0.802307563602483,-0.084914963844648,-0.0503192407691547,5.08264066063431
-0.393099947010286,-0.136159402807398,0.11038673879214,0.233967958711757,-2.34858269131625,0.477110992598129,-27.9031227672824,-1.15123235184751,-0.847878529518738,-0.087765824587748,-0.0511332879417452,5.06908018187297
-0.393052093359578,-0.136536156089258,0.110236401118921,0.233188844584599,-2.34853031007299,0.476399061221906,-28.0501367265202,-0.397512786125844,-0.779140789023074,-0.0874346614001711,-0.0515591591332437,5.07881950222937
-0.392957820415369,-0.137069598314504,0.109954086299149,0.232297566216153,-2.34858441487572,0.475741819330699,-27.0400380360715,-0.422367323528078,-0.781528802411799,-0.087854380067351,-0.0515338494795495,5.11969043668057
-0.392861783233067,-0.137744171845634,0.109560955422995,0.231321945641349,-2.34872294419553,0.475145751729614,-28.7518031898035,-0.320493917555495,-0.900583255208886,-0.0879504411896415,-0.048516913950891,5.08439591575406
-0.392811727251178,-0.13854154268676,0.109080249549203,0.230289919070887,-2.34891685549872,0.474612817416123,-27.3273916628667,-0.891553657000941,-0.747058190428135,-0.0868640481011784,-0.0495235329235855,5.15118530631302
-0.392855056850448,-0.139424101083693,0.108548673777004,0.229238189915186,-2.34912357351192,0.474131214249402,-28.2610088001475,-0.514126663385923,-0.775927956162576,-0.0920094070022799,-0.0501678821356755,5.12660994724449
-0.393023584334332,-0.140353801845953,0.108000272164148,0.22820188723715,-2.34931174140686,0.473691461396673,-28.3940351026299,-0.489271249343574,-0.789380987473095,-0.0938965848927356,-0.053588840200565,5.13803021501568
-0.393335357270666,-0.141295000407145,0.107463173496131,0.227210064667434,-2.34945398959794,0.473279065830019,-27.6700792761474,-0.200084440517458,-0.611904953364359,-0.0927737508284703,-0.0565702362919598,5.18014573275824
-0.393805607989859,-0.142191470163739,0.10697912259963,0.226299204016438,-2.34951412944848,0.472867453660477,-28.9866286205391,-0.634380627937844,-0.867593860124373,-0.0935261973305335,-0.0536563550001154,5.14812111349403
-0.394440430206398,-0.14298272557533,0.10658973271351,0.225505322038068,-2.34946139290303,0.47242845778214,-27.6982570548516,-0.983849804528973,-0.727521475554084,-0.0910146422451525,-0.0489359029714787,5.21186115983996
-0.395225458861784,-0.143622792823389,0.106322968345592,0.224850723636207,-2.34928229796761,0.47193967960414,-28.6552654797961,-1.11811677357241,-0.69063841091085,-0.0943529993141001,-0.0492262600994857,5.19585743097659
-0.396143940882204,-0.144068946748311,0.106203608429975,0.224352283562559,-2.34896240402937,0.471374129614796,-28.7589289705103,-0.894639031870156,-0.781302683366675,-0.0939393849374865,-0.0540701395093123,5.20999061155096
-0.397173531243765,-0.144289508341913,0.106245617977085,0.224019951660569,-2.34850010794019,0.470713854976503,-27.9257381665776,-0.704529051664622,-0.79706660369348,-0.0923251224784956,-0.0546546872775309,5.2569078993397
-0.398278268715366,-0.144286825008803,0.106437448940301,0.223840861411981,-2.34791112576276,0.469951700916037,-29.3606010127015,-0.860094221539612,-0.855479595689161,-0.095745164477218,-0.0532726057500041,5.22674549583768
-0.399418692959197,-0.144081415377778,0.106754770707475,0.223791835589972,-2.34721984853944,0.469087381635675,-28.3179432963163,-0.866223243454897,-0.976639621260972,-0.0899832815175028,-0.0530906173674732,5.28655656728915
-0.400562817070958,-0.143710192437628,0.107163804677482,0.223840140322586,-2.34645412501957,0.46812885835138,-28.869154217716,-0.578953079846769,-0.858075015433769,-0.0903480122362481,-0.0508131876523493,5.27730835738348
-0.40167076624617,-0.143228980389925,0.10761747200468,0.223943874655111,-2.34565479747743,0.467094886682579,-29.2298028983838,-0.169176019298675,-1.02013106442394,-0.0930354763278465,-0.0559457409990299,5.28349400328058
-0.402705430253384,-0.142711521520162,0.10805888607113,0.224051102496933,-2.34486596063296,0.466011887077166,-28.3834015641742,-0.460904713138916,-0.774547352951203,-0.0914301358883312,-0.0549751392417476,5.33032227377073
-0.403645669092505,-0.142226064822316,0.108439248492511,0.224114924453549,-2.34411937609571,0.46490180426853,-29.8345776539467,-0.397042750749279,-0.779944185462995,-0.0957601191277599,-0.0477123669407829,5.29963589809066
-0.404476494989782,-0.141832182964795,0.108719717690944,0.224095602861241,-2.34344185092039,0.463785898771305,-28.6454446116525,-1.18837261759609,-0.845537837762663,-0.0919554046531985,-0.0534265612288901,5.36902735372825
-0.405185669301342,-0.141587918572484,0.108864391159764,0.22395550117434,-2.3428556890738,0.462683718292069,-29.3680776272127,-1.03856924172987,-0.706851151001445,-0.0946027299783849,-0.0531299450059763,5.35018964725093
-0.405776227511808,-0.141524031961198,0.10886085471097,0.223676399922874,-2.34236931566791,0.461610133834664,-29.5367099032438,-0.985020141351924,-0.904562642438293,-0.0955531239372518,-0.0545824975474902,5.36335050383871
-0.406269540071406,-0.141629508734072,0.108730184780298,0.22326717837573,-2.34196812590405,0.460565902555785,-28.6914781949519,-0.288221750585535,-0.812310595371258,-0.0947742835457905,-0.0549850381366744,5.41551698295554
-0.406686986078038,-0.141877652314675,0.108503364225289,0.22274758464656,-2.3416342771276,0.459547677184411,-30.2158949048994,-0.64340338743591,-0.880606488774418,-0.0976385984821881,-0.0521121301954984,5.37960501854442
-0.407059003140522,-0.142221923708974,0.108224499464069,0.222151239598046,-2.34133936261214,0.458545186449572,-29.1072875787569,-0.841175113150257,-0.961672660118325,-0.0950180174378503,-0.0530654299791992,5.44340090175905
-0.407416360946231,-0.142590281871865,0.107954451233523,0.22152985925262,-2.34105097486271,0.457543201557911,-29.672240646364,-0.518593581993855,-0.785952219702551,-0.0986020396196778,-0.0527251015667415,5.42795478498936
-0.407785016674824,-0.142910291184073,0.107750355467194,0.220935835789132,-2.34074511156907,0.456533195419454,-29.8595092055971,-1.04906225845411,-0.793424859591596,-0.0981975373809392,-0.0564761241537464,5.43632762268605
-0.408181085825398,-0.143118363763437,0.107657376870993,0.220416792537332,-2.34040439542019,0.455505465623343,-29.0255908551915,-0.868549017924352,-0.755309205977511,-0.0935155443366567,-0.055612270344994,5.47695145908784
-0.408617690367533,-0.14315587085088,0.107714091171278,0.220017657584927,-2.34001632514656,0.454454138938669,-30.5735721350535,-0.414376339011369,-0.84032758814547,-0.09717402597779,-0.0510239649635378,5.43717705359099
-0.40909571329429,-0.142995398711857,0.10793420433302,0.219762560554002,-2.33958448380923,0.453384198905796,-29.2527020882243,-0.353081640582786,-0.829223956680806,-0.0934053973683815,-0.0534663113317426,5.49805187172314
-0.409595952161357,-0.142626603817103,0.108312658836862,0.219664710020451,-2.33912801900655,0.452303727722782,-30.208409053331,-0.457361055407773,-0.956249802214103,-0.0979079087524193,-0.0552115135534237,5.48519440815832
-0.410104271468115,-0.142059424477989,0.108830146720617,0.219721519444009,-2.33866437117389,0.451222412882003,-30.1713208333401,-0.864324706338721,-0.829554582051685,-0.0987429475323855,-0.0566704410888106,5.50631110771797
-0.410604663268628,-0.141319215990208,0.10945664681303,0.219917770986593,-2.33821159463795,0.450150282069999,-29.6457887043341,-0.4396788889444,-0.948120554408604,-0.0988976671097945,-0.055086519465364,5.55516638214323
-0.411071236887593,-0.140452230002361,0.110146758309232,0.220222871279962,-2.33779422684271,0.449097984838783,-31.0214801564335,-0.883352262126891,-0.819573399006458,-0.100725691197846,-0.0537906566086073,5.52712428488435
-0.411498804446718,-0.139501326190915,0.110861824461562,0.220604833843553,-2.33741504741764,0.448065277830698,-29.9116730889584,-0.765000913896074,-0.817949344474044,-0.0978162563471789,-0.0558377870608742,5.58507125927297
-0.411883476614227,-0.138515712983057,0.111561057065311,0.221024603710476,-2.33707617334696,0.447052318207934,-30.5146833258135,-0.849377113516084,-0.900245288902511,-0.0955852218947459,-0.052365829928833,5.5658828627366
-0.412233544814762,-0.137523425397263,0.112222149773759,0.221455833870888,-2.33676325719182,0.446049532883041,-30.6706598836386,-0.948812601255895,-0.802796907313393,-0.0979277808250951,-0.0488446156011927,5.57299163660137
-0.412572231390215,-0.13654507747087,0.112834236043145,0.221873666454413,-2.33644439210032,0.44503601173444,-29.8569145612212,-0.81497053474277,-0.831219972033949,-0.0950250837425974,-0.0538571927167416,5.62578571408727
-0.412934085335162,-0.135584265163815,0.113401091245736,0.222265532954486,-2.33607760239861,0.443987279065131,-31.268077824784,0.0599046228999214,-1.00889765202382,-0.100214016188485,-0.0526469074235316,5.59051876169637
-0.413352062606595,-0.134641041762222,0.113929777561879,0.22262198016453,-2.33562517783144,0.442883799376659,-30.1261801477773,-0.799742211868534,-0.862654792370279,-0.0997858882803593,-0.0570025861465898,5.65774325185511
-0.413860562289396,-0.133694949149817,0.114443819576153,0.222949783774888,-2.33504954907326,0.441705657231089,-31.1828042240767,-0.423145883248935,-0.916918858157146,-0.0994433827947518,-0.0578582211033086,5.64061418753262
-0.414490484942115,-0.132734941290393,0.114960781951541,0.223252055186112,-2.33432153590419,0.440440428105717,-31.0763711105037,-1.05450492532555,-0.961539917935085,-0.0978466204989843,-0.0575985559797581,5.6496346099091
-0.415259441974671,-0.131742886491914,0.115501636794044,0.223540537745248,-2.33342630899301,0.439084361718152,-30.1832550486904,-0.262160912464196,-0.88491255099072,-0.097661178835732,-0.0550324619945192,5.6836893577858
-0.416162408418944,-0.130722530152748,0.116067904064881,0.223816527372864,-2.33237977288515,0.437652675413923,-31.6002422143561,-0.334419730955688,-0.872292608910016,-0.100265627434934,-0.0533354842032205,5.64454396369586
-0.417181693977578,-0.12968286347467,0.116656470497103,0.224081458708371,-2.33121210469682,0.436169812029715,-30.4331415976786,0.162347303585875,-0.705467713342017,-0.099773459315216,-0.0544797769041762,5.71641409362421
-0.418286490954429,-0.128642898107658,0.117255250591053,0.22433249067671,-2.32996940674058,0.434670112126375,-31.2191565241596,-0.471567625019134,-0.851555306377634,-0.104036569097763,-0.0554748334525754,5.71151794682364
-0.41943236344626,-0.127625403943973,0.117847074380204,0.224566013346807,-2.32870874192515,0.433190377546004,-31.6094003388384,-1.1084358503665,-1.00870236061215,-0.103379455044691,-0.052842902044027,5.72549288141354
-0.420567229343931,-0.126665980978616,0.118404524170911,0.224769727519696,-2.32749662456108,0.431773178719266,-30.7540287989003,-0.252181426409607,-1.03541492029424,-0.0970262603050687,-0.0558467924886438,5.7685015644536
-0.421642165927116,-0.125801705222389,0.118899174155645,0.224930421417113,-2.3263983052925,0.430462874768611,-32.150734335751,-0.637713922650391,-0.961055931383697,-0.101659997745566,-0.052997917551979,5.73683369453776
-0.422617752447701,-0.125055439613359,0.119313569279139,0.225041285594771,-2.32546002376142,0.429285952008204,-30.7800320149049,-0.457599780765804,-0.868706784565319,-0.103147836764295,-0.0550963104392957,5.78908899533536
-0.423469318984793,-0.124437130367441,0.119640185415256,0.225103026556676,-2.32471320824416,0.428263002336541,-31.4693663404195,-0.292274290959767,-0.953483692385049,-0.103049694079862,-0.0541290472472274,5.76582571366754
-0.42419018032338,-0.123942414610044,0.119884212303031,0.225122740309643,-2.32416620301142,0.427398518289433,-31.8859487354191,-1.39487788307088,-0.83763134394539,-0.101446570463912,-0.0519234247897419,5.77781140631901
-0.424787697726266,-0.123564176103669,0.120053880373852,0.225106167619262,-2.32381173948152,0.426688180631535,-30.9101501717393,-0.655399925690972,-1.00161679387728,-0.100948071103868,-0.0558096456537706,5.83338811280993
-0.42528164363653,-0.123277001425054,0.120171708527304,0.225070780177794,-2.32362686910971,0.426118654393873,-32.5561674711443,-0.559121009892351,-0.977445986235693,-0.105022275797928,-0.0536022811905049,5.79971677658577
-0.425705302884374,-0.12306293955308,0.120255516134939,0.225026295894946,-2.32357535492746,0.425670177729026,-31.1548381699682,-0.452272778801444,-0.846708907101828,-0.103206037555221,-0.0578205760245391,5.86915040245212
-0.426105452093385,-0.122885618076792,0.120338500740675,0.224992075282165,-2.32360008153643,0.425306751955278,-32.0564951530526,-0.378619031395374,-0.869092642470008,-0.102902232073899,-0.0578904106825657,5.84241453495502
-0.426524013662189,-0.122714780881974,0.120448645252431,0.224984029158744,-2.32365218236557,0.425000361672888,-32.1587451831992,-0.55934603392393,-1.07276127648711,-0.102711616229215,-0.0536650834012755,5.85196152346024
-0.426986957521152,-0.122545177481744,0.120592947197945,0.22500213744015,-2.32369623152152,0.424726778550612,-31.4218373203428,-0.575985104306938,-0.963833307989205,-0.0994674084756948,-0.0570572164738689,5.89242932579815
-0.427515413974774,-0.122378698542349,0.120773682022458,0.225040193980711,-2.32369997744008,0.4244642565952,-32.7608907232951,-0.475835667703905,-1.02131048838805,-0.103779371814734,-0.0508921523668697,5.85828057907657
-0.428119409987406,-0.12222428030783,0.120986206713673,0.225087479278884,-2.32363850963655,0.424189945950187,-31.56573596432,-1.10274469285855,-0.836934127347092,-0.103086672670721,-0.056880087580427,5.92338189474471
-0.428795672988579,-0.122103332291521,0.121216492596133,0.225124276213816,-2.32350051169566,0.423888495248294,-32.3997603278416,-0.576070225069088,-0.884079284398098,-0.104478210199836,-0.0568353083778564,5.91134893257698
-0.429524434272065,-0.1220445730902,0.121443232487043,0.225125776325859,-2.3232863558131,0.423547317060756,-32.5552037497501,-0.985266548053687,-0.997886284868116,-0.103224044315386,-0.0589001300217775,5.92183152057201
-0.430275848808259,-0.122080517737882,0.121641166596932,0.225064958296448,-2.32300754839883,0.423158059380337,-31.7334788224172,-1.15010211006665,-1.05962859659692,-0.101699196481661,-0.0617704260546017,5.96839480338014
-0.431023882966223,-0.122237919963232,0.121789559547895,0.224918834522417,-2.3226729595621,0.422711582116135,-33.1710625142283,-0.980019738952478,-1.0381206213838,-0.108077039625641,-0.0531760486191319,5.93726659935655
-0.431734335005055,-0.122538107412274,0.121869971669681,0.224668715727028,-2.32229960418257,0.422202206499369,-32.0287338816275,-0.801538893382485,-1.01509720609843,-0.102485993405824,-0.0584559391379357,5.9979800209999
-0.432386556413695,-0.122985493321925,0.12187857627893,0.224306606158517,-2.32189508671723,0.421621069795327,-32.8177555696462,0.00161494527674222,-1.01546035670341,-0.106602358277201,-0.0543489499071396,5.98667564441297
-0.432968726806305,-0.123553548556893,0.12183340197221,0.22384695682768,-2.3214594037602,0.420957090460466,-32.9419892519302,-0.622789679989637,-1.17911686430892,-0.107971183750548,-0.0573639022144689,5.99601202943599
-0.433476876459312,-0.124208730513629,0.12175659968941,0.223310845350779,-2.32099657230153,0.420209620734174,-32.0916361986983,-1.21268171732459,-0.893852059487273,-0.10479030658332,-0.0595882474332493,6.04514864665052
-0.433920617953432,-0.124898203611449,0.121686435775809,0.222733009143652,-2.32049880233896,0.419375279415697,-33.6170105693475,-0.894913548913564,-0.920702870295599,-0.105938552506415,-0.0559077272211955,6.01161539834534
-0.434323073306486,-0.125546956415782,0.121677797900214,0.222165427261215,-2.31995280769715,0.418452223312353,-32.299020800125,-0.504598540066354,-0.925600472135841,-0.103354759331494,-0.0549167399764331,6.06909368477743
-0.434710888690869,-0.12608752440032,0.121778720920584,0.221657502522363,-2.31935116242201,0.417450167590266,-33.1297114064033,-1.17693110074288,-0.836793670106289,-0.10412089624467,-0.0585738000913715,6.05597790538661
-0.435114402202518,-0.126458163391322,0.122033360955331,0.221254958971213,-2.31868466301135,0.416381458139788,-33.3400600831294,-0.468351626126832,-0.983120865315726,-0.106174150372967,-0.056620918685074,6.07273620677381
-0.43557409130989,-0.126598114328194,0.122486574874512,0.221002857287489,-2.31794051101305,0.415263313270339,-32.4881168078879,-0.22485922304395,-0.921341022704695,-0.105364363974198,-0.0588431202087588,6.11112823793732
-0.436121245686441,-0.126471641778846,0.123163299361245,0.220929509718965,-2.31711373059321,0.414116339409858,-34.0749926232422,-0.770415110682052,-0.975818258133955,-0.105907603689719,-0.0540283497004827,6.07429847316428
-0.436781256286793,-0.126066196115508,0.124069782195815,0.221047075817838,-2.31620567552262,0.412965153216217,-32.8252868146511,-0.493466313071167,-1.08092178629525,-0.102726740737773,-0.0554511787283308,6.13911591575325
-0.437574775677726,-0.125388354839838,0.125197121804247,0.221353444844004,-2.31521841382013,0.411831129507759,-33.5622743860457,-0.868263086763591,-1.03249027534213,-0.104473783596896,-0.0582762171780855,6.13071624052093
-0.438510419921731,-0.124472902162409,0.126514261582636,0.221826114898881,-2.31416522813632,0.41074105665344,-33.8249213294549,-0.754272438999578,-0.956836054006232,-0.105751207381805,-0.057587248543168,6.15402798489856
-0.439586276681595,-0.123374790256588,0.127973389710149,0.222427403224092,-2.31306274915221,0.409716556817863,-32.9392837545851,-0.818039254869063,-1.03053634079177,-0.106248666849552,-0.0562632040703975,6.20366071221031
-0.440790556651041,-0.122162564089825,0.129513503947206,0.223108460263213,-2.31192734778614,0.408770174126514,-34.3429146204344,-1.65928712114942,-1.17518718419041,-0.109126701641765,-0.0573491370162776,6.16902483969239
-0.442101854198681,-0.120926868770096,0.131056513403163,0.223805413429863,-2.31078762945647,0.407920530304891,-33.1185135321549,-0.773094744011132,-0.860789445893545,-0.108435732279857,-0.0552247425993105,6.22755246611205
-0.44349231814301,-0.119743405177382,0.132532496738308,0.224464806102855,-2.30967120970522,0.407178515909109,-33.8405670989915,-0.387600299048927,-0.960218520531669,-0.109208998487788,-0.0550538482818152,6.20677300439853
-0.444925318760976,-0.118686039570632,0.133871190517963,0.225034814549493,-2.30860970920375,0.406549943188376,-34.186840700444,-1.19579486578095,-0.932192908062461,-0.107624850997082,-0.0598924661947075,6.21497502253512
-0.446368912841098,-0.117806720534479,0.135020241705481,0.225478648822572,-2.30762727533132,0.406035382196636,-33.179703111535,-0.740448269522176,-0.912236302485212,-0.105458551255228,-0.0600892565625821,6.26538853737306
-0.447781321502364,-0.117147617075104,0.135934602964275,0.225767900340208,-2.30675716090035,0.405636825694844,-34.9330041327718,-0.654499979393222,-0.952692869260687,-0.106282520255375,-0.056699967704501,6.2290101975182
-0.449132256110991,-0.116723508903716,0.136592788468842,0.225893939263695,-2.30601934629488,0.405348739979829,-33.4037586575258,-0.860669857481298,-0.967625749355904,-0.103445060644551,-0.0586050388199614,6.29659168553549
-0.45039681524848,-0.116531893544927,0.136990543630139,0.225861118403936,-2.30542930426376,0.405164439922211,-34.4856668239743,-0.225287692799384,-0.85763505858543,-0.105518871705953,-0.0559295188157565,6.26870693100377
-0.451553110973333,-0.116551393738091,0.137141703831085,0.225687602722848,-2.30499606651039,0.405073670424134,-34.6056060545384,-0.631711863726878,-0.7157057770427,-0.107890095306158,-0.0582117459133984,6.28634468877874
-0.452597016917684,-0.11674327893551,0.137081484986183,0.225402333758736,-2.30471048848193,0.405059418183063,-33.6896105879255,-0.950414425060671,-1.02068838813378,-0.106557347808228,-0.0596487534936093,6.32027156174269
-0.453535235181216,-0.117060869084297,0.13685646431375,0.225039258847831,-2.30455283108706,0.405101004380793,-35.0759549687176,-0.884045786379147,-0.985397340700047,-0.108496754023877,-0.05986097906293,6.29213760265687
-0.454381505053801,-0.117457777370251,0.136517962145422,0.224631193071073,-2.30449363041831,0.405174570201168,-33.9228660468938,-0.335613327228657,-0.906884517663912,-0.105598980275802,-0.0593396255246869,6.35587448456328
-0.455159161606274,-0.117888717751629,0.136121551602671,0.224208872144079,-2.30449659546133,0.405257287533423,-34.9569018455469,-0.899631646211446,-1.01598849612751,-0.10812648493897,-0.0580693022299043,6.34303016889637
-0.455898207271927,-0.118312138779031,0.135721967502936,0.22379852842546,-2.30451326733386,0.405318470767943,-35.0145646602123,-0.824106930701191,-1.05220774041413,-0.112192323867612,-0.0572864452619173,6.3595588487381
-0.456623739291196,-0.118710177888609,0.135356442702499,0.223409664270896,-2.30450347054397,0.405335936602708,-34.0324317850883,-0.911499668012311,-0.917023580111902,-0.110565583292508,-0.0594393261766235,6.39606224844455
-0.457363403311393,-0.119074299956816,0.1350523533686,0.223045286224987,-2.30442733997507,0.405289444238016,-35.4709559488264,-0.517415124498939,-1.06893363447259,-0.108828005862447,-0.0603574362793349,6.35789397400445
-0.458136888702937,-0.119404410662252,0.134826641066646,0.222701719484689,-2.30425396554706,0.405163961083683,-34.2450137276538,-0.241459372917689,-1.11511563644009,-0.108349936626142,-0.0601103448882404,6.41738187586493
-0.45895179580377,-0.119714148586894,0.134678344480001,0.222366828887387,-2.30396652743269,0.404951146456785,-34.9202269168564,-0.476835930750212,-0.99909661950619,-0.112165951049711,-0.0588685225244805,6.40229020635131
-0.459804016072697,-0.120026768752039,0.13459205200145,0.222022503455657,-2.3035624975,0.404650843488194,-35.2605889962791,-0.385657492444352,-1.04836588243549,-0.110191493935833,-0.057785940995315,6.42676139486511
-0.460678634896762,-0.120357505367902,0.134549644570424,0.221658385627691,-2.30305379518097,0.404270181836109,-34.5417307197145,-0.950985058446577,-1.05905960044876,-0.110481163189349,-0.060238946084585,6.48015086306816
-0.461546523554687,-0.12073844902454,0.134514266731709,0.221254372063159,-2.30247550391959,0.403832799622268,-35.9815591177839,-0.921826175466776,-1.01286370730566,-0.116583823589855,-0.0611056620224763,6.44938985897266
-0.462377570673656,-0.121179181711954,0.134460836456404,0.220805454412693,-2.30186188089859,0.403358072180499,-34.8371591708653,-0.4557120832078,-0.846181506105921,-0.109665746894216,-0.0599004055235459,6.50553037636835
-0.46313261879682,-0.121687031154925,0.134361853099715,0.220310987889517,-2.30125945725924,0.402872614266933,-35.4917482710798,-0.302959757729013,-0.852421862971056,-0.10766989116151,-0.0586243455445287,6.48641560594221
-0.463785283394233,-0.122252193117336,0.134204047818882,0.219782886503556,-2.30070644115538,0.402401572904483,-35.6724662020086,-0.410235438370592,-0.886661109048276,-0.108794354154209,-0.0564440125894056,6.49262999114289
-0.464308431202302,-0.122860039498629,0.133979228463925,0.219234825678417,-2.30024244855917,0.401969306757519,-34.7239657392118,-0.824840167532784,-1.00228597290936,-0.110352593937493,-0.0588752426282786,6.53648094424281
-0.46468399493743,-0.123478912285168,0.13369633059145,0.218692447538487,-2.29989592926689,0.401594726529421,-36.3012829648547,-1.12375973616395,-1.04593735603433,-0.112811436145137,-0.056907933710479,6.5016290941264
-0.464906271678145,-0.124082991448053,0.133365206026837,0.218176655702712,-2.29968517926687,0.401292261659123,-35.0971143081314,-0.640986297320296,-1.04871508147218,-0.10927784478268,-0.0572436359923547,6.57025456949281
-0.464993889444596,-0.124630743654173,0.133015327343015,0.217715592380613,-2.29959885577397,0.401057673675827,-35.9252367063559,-0.148691021819786,-1.03269028698654,-0.110790154743353,-0.057850495890532,6.56518649293751
-0.464975973656439,-0.125084809419335,0.132678943775506,0.21733404194007,-2.29961960227834,0.400887906358858,-36.1841417435961,-0.471486053744684,-1.04274016165022,-0.114199576504632,-0.0623058815353351,6.58055596451287
-0.464891128057689,-0.125414134923677,0.132388545019977,0.217050753742183,-2.29971507412137,0.400767059901522,-35.2040930638931,-0.720927143681138,-1.01786221262998,-0.109675539078914,-0.0637710851957447,6.62019877190896
-0.464787003451265,-0.125602087212041,0.132169289720396,0.216873190235872,-2.29984629769375,0.400678635245543,-36.6193513081355,-1.05333529151994,-0.948007307047163,-0.112231384435298,-0.058111290234586,6.57955092593608
-0.464711106084738,-0.125644012222891,0.132038575719669,0.216799947545319,-2.29997035718634,0.400599397123126,-35.4028825792202,-0.909578910598611,-0.912577615998373,-0.114335202868276,-0.056703191945009,6.64595017215191
-0.464719243234275,-0.125540293409432,0.132011093819853,0.216825175986041,-2.30004034224788,0.40050699579462,-36.3993994097999,-0.710401674675268,-1.03431946434947,-0.114439277265733,-0.0559740677404849,6.62210000013692
-0.464859737638711,-0.12529962512339,0.132091915863834,0.216936394614254,-2.30001242564056,0.400376662494869,-36.4767559996577,-0.44976199428902,-1.05107647470049,-0.114370174345491,-0.0555853991921765,6.64022160341544
-0.465161828187639,-0.124946297305069,0.132270194300362,0.217111360003613,-2.29986094654366,0.400191304987647,-35.553543223365,-0.829486330083455,-0.920321172706082,-0.109902983134203,-0.0622014160283001,6.68135389853439
-0.465644150440229,-0.124513177793872,0.132524998433501,0.217322434733625,-2.29957091279871,0.399940061602039,-37.0637606713516,-0.334381970067852,-1.07478252369197,-0.113295870971923,-0.0602899388173439,6.64612386391241
-0.466315055110739,-0.124025205752322,0.132835491762996,0.217548947664585,-2.29913769742541,0.399617633372296,-35.8333542201007,-0.693253276844189,-0.931077068602889,-0.113590124814936,-0.0632225038528925,6.698809273438
-0.467169572737985,-0.123513503326454,0.133174029978768,0.217765510046025,-2.29856597629442,0.399220640374926,-36.6612710959342,-0.564134655514181,-0.966366188464718,-0.115976806479636,-0.0586877050896,6.68287132862425
-0.46819034402069,-0.122992829321594,0.133522788724914,0.217958426097655,-2.29786612608935,0.398746173247457,-36.6779238220573,-0.522249469490589,-1.12237624569354,-0.117405376127275,-0.0589322865274779,6.7067122449278
-0.469354607608015,-0.122473150770993,0.133865003186173,0.218119098758167,-2.29705940113073,0.398200944907199,-36.0108177486303,-0.177879552242757,-1.20100723351496,-0.118141163501507,-0.0614888702749775,6.75223233777697
-0.470631371650157,-0.121953107303211,0.13419299643869,0.218246365582372,-2.29616599253514,0.397587957408851,-37.5947318335889,0.124660906918962,-1.13787777103664,-0.119789795940065,-0.0590941105895265,6.72483311946312
-0.471983834539916,-0.121420155882631,0.134508594168086,0.218348435963558,-2.29521047513942,0.396912984549297,-36.2372322633395,-0.471291758312645,-0.947330468092503,-0.115030758439975,-0.0623104584325806,6.79193390480003
-0.473377971604439,-0.120872536899011,0.134808020818158,0.218428316447025,-2.2942191371567,0.396186435383734,-37.1599375389823,-0.510599870288615,-1.08697236844168,-0.1170670557525,-0.0634327346830376,6.77642724170037
-0.474781246318665,-0.120299099679905,0.135097098955743,0.218495353184433,-2.29321153104539,0.39541358229043,-37.3875876815502,-0.646553086845415,-1.2039070838415,-0.117565588454147,-0.0584635513494499,6.78103858623301
-0.476168956380213,-0.119693398258381,0.135383011663901,0.21855576206596,-2.29220070369443,0.394597655984586,-36.3491139904507,-0.815438884676041,-1.13068027646915,-0.113039436901386,-0.0588059636745458,6.82359921609656
-0.477519046320402,-0.11906304078997,0.135664206213807,0.218608089876767,-2.29119993588663,0.393746450492273,-37.7527228903153,-1.14588102836524,-1.0472496742068,-0.117506638995664,-0.0540363780164778,6.77845914372883
-0.478804694322057,-0.11842615774963,0.135932527326406,0.218645828680916,-2.2902295392099,0.392871517988193,-36.3829364096085,-1.29466206190227,-1.02033909006107,-0.11625222338199,-0.0568507750467583,6.83962272710086
-0.480013194738131,-0.117806764898644,0.136178495310369,0.218658843925086,-2.28929965057892,0.391981999693712,-37.370006209499,-0.321748911319901,-1.1133743836437,-0.118323308094935,-0.0610450357468948,6.82360706199205
-0.481135247717065,-0.117237858250864,0.136385942859691,0.218632551650801,-2.28842456219375,0.391094220389889,-37.6531540270294,-0.358513960371511,-1.06187773605535,-0.114362832113781,-0.0628762965719509,6.84470946787474
-0.482158640825805,-0.116762285335795,0.136530957908981,0.218547758372257,-2.28762533770513,0.39022892656225,-36.7553482122607,-0.852167489730164,-1.10836693634175,-0.112816865677738,-0.0633297118281492,6.89193895084959
-0.483077628129589,-0.116417467399816,0.136593813973534,0.218387881770377,-2.2869168270712,0.38940461548562,-38.1911849447873,-0.382095938121893,-1.14909507804484,-0.118967600063961,-0.0632973225845025,6.85772318728407
-0.483883895166807,-0.116246682928534,0.136548906654426,0.218133186418982,-2.28632166786372,0.388645291059609,-37.0475336138687,-0.829476501910221,-1.05315778923259,-0.118768559312434,-0.0609483625831286,6.92035081729436
-0.484577410136361,-0.11628355822299,0.136378115449924,0.217770022210001,-2.28585881223361,0.387976180420067,-37.8322147423286,-0.977129364309576,-1.08577265966963,-0.120757629261749,-0.0593735760652901,6.90054064662854
-0.485158675176785,-0.116544449019387,0.136073801516673,0.217296943671948,-2.2855474047539,0.387422007725441,-37.9257864117841,-0.247514433711103,-1.09317291761855,-0.118646454033548,-0.0592463146153266,6.91392521710959
-0.485628505309613,-0.117029747333182,0.135639771360285,0.216721511054617,-2.28540305653403,0.387002988927187,-37.0277001729853,-0.522596455668463,-1.16448965694329,-0.115914841835684,-0.0613339319699674,6.95610598155348
-0.485993285998033,-0.117725176719889,0.135091264433594,0.216059643759328,-2.28543341481531,0.386732071456455,-38.6101022002784,-1.02675258292334,-1.22199735543802,-0.117444611226039,-0.0623875246572034,6.91167841981841
-0.486268148884604,-0.118600994877831,0.134455309390683,0.215336796598409,-2.28563753295272,0.386618662940806,-37.2779823105085,-0.976922487705679,-0.994843926945464,-0.116612317668589,-0.0622624419216653,6.97536987963581
-0.486476156734076,-0.119610325117882,0.133772438322265,0.214586507082075,-2.2859967869673,0.386655808719672,-38.1879531232625,-0.386838588736964,-1.03202390415723,-0.120601718928256,-0.059693714973625,6.95785159910065
-0.486636631470429,-0.120701831023383,0.13308492878307,0.213843494021174,-2.2864900192784,0.386829701195422,-38.2407764157658,-0.555516552175277,-1.1659573889296,-0.118476023325061,-0.0603121740202496,6.97041426075342
-0.486782346929534,-0.121816484463779,0.132442813724312,0.213144855465254,-2.28707483395806,0.387112066047086,-37.4852861983159,-0.60259708302533,-1.17820402919199,-0.118277138300422,-0.0601710083342892,7.00911283999187
-0.486941370690844,-0.122901981369007,0.131889239753282,0.212520472839189,-2.28770672711859,0.387467719644417,-38.7710539942575,0.0929442895476313,-1.15641442047129,-0.120720242864937,-0.0612910714494942,6.97687005804063
-0.487143268986305,-0.123904922300579,0.131467003735305,0.211998899648254,-2.2883307995619,0.387851249818997,-37.5735267948371,-0.352563821328204,-1.11751433604266,-0.119518963836015,-0.0622720852523707,7.03547916056491
-0.487416592838467,-0.124786123490469,0.131208356192687,0.211595820623703,-2.28888885236872,0.388213208379771,-38.4982701878694,-0.997345118021485,-1.10271690445774,-0.120442063861832,-0.0594549690123768,7.01530131996327
-0.487779797712354,-0.125510911773467,0.131137407267183,0.211323006403854,-2.28932356905131,0.388498732274581,-38.7179985421656,-0.887097464605631,-0.997576850429084,-0.121273081884461,-0.0621159435100562,7.04080459439686
-0.488245952010315,-0.126057082941862,0.131267173964395,0.211182548548598,-2.28958669174829,0.388660883423991,-37.8283415952546,-0.749554585252326,-1.16921341274497,-0.119405789248902,-0.0605860121265356,7.09071257769884
-0.488813039066947,-0.126417326753961,0.13159561812668,0.211167465850957,-2.28964655649916,0.388661119712027,-39.1594094873425,-1.34162600678883,-1.24609053588676,-0.124059816433921,-0.0581401514933963,7.05880815199543
-0.489480917947643,-0.126581786570579,0.132121772652576,0.211270884659663,-2.2894725808939,0.38846470259744,-37.9757939460159,-1.05537198728257,-0.994734232342637,-0.121068421854013,-0.0607429762198667,7.11900478249541
-0.49023435593767,-0.126563653708908,0.132824707295556,0.211471403478114,-2.28905880003921,0.38805567033229,-38.7976936934927,-0.494555156314163,-1.14627594613839,-0.119758673977855,-0.0628573098402014,7.10602309200013
-0.491055776033813,-0.126366135121792,0.133689252398222,0.21175544040638,-2.2884075171588,0.387424575682894,-39.0211104457668,-1.35128682910795,-1.10976396887153,-0.121567155414081,-0.0610967365418801,7.11248255311175
-0.491920919091579,-0.125998830937108,0.134694810072811,0.212108514380394,-2.28754385845046,0.386586006093727,-38.2334351935255,-1.2957262942723,-1.07796264861435,-0.117701696126504,-0.0649452761124378,7.15292921375368
-0.492800768284083,-0.125483927548385,0.135812906671107,0.212510228749998,-2.28650791644888,0.385566022624271,-39.5533632037468,-1.36251929542777,-1.11233917856194,-0.122292215359514,-0.0601902695548287,7.12274632408506
-0.493671836350879,-0.124846508154969,0.137014404605334,0.212940467765932,-2.28534659814843,0.384403148360127,-38.4136061257219,-1.33950371060473,-1.0719157479023,-0.120503318890717,-0.0607314468597431,7.18322964040502
-0.494506747611939,-0.124121018398633,0.138265035847238,0.21337685417218,-2.28411972251886,0.383147901589907,-39.2690325947293,-0.920762749196683,-1.17282156219838,-0.122668260694271,-0.0603035177311944,7.18105182541556
-0.495289812764195,-0.12333972267922,0.139535486342297,0.213802130105108,-2.28288250175361,0.381852415952116,-39.7088148525873,-0.552169107920236,-1.21608467395833,-0.122572823716599,-0.0608672187882697,7.19767681300064
-0.496005773374598,-0.122544486265883,0.140790412150172,0.214196112826352,-2.28169465836034,0.380573565504766,-38.4474502680055,-1.18502033018194,-1.17548692192608,-0.120099783807162,-0.0595666617300666,7.23721173544582
-0.496641871869345,-0.12178741945936,0.141989937266819,0.214533266375456,-2.28061225406589,0.379366479794138,-40.235926033912,-0.642547588555317,-1.21898164565511,-0.121277816923037,-0.0606587077590208,7.1954524062074
-0.497186914795591,-0.121118191677217,0.143096083327835,0.214793615141255,-2.27968841484477,0.37828370957289,-38.7582150327533,-0.932056379105688,-1.11947176100327,-0.119123896764603,-0.0613478278055278,7.25700317292262
-0.497636321093734,-0.120597078881921,0.144063915633091,0.214951417149051,-2.27896169086293,0.377366555991915,-39.7295544057067,-0.726737266664259,-1.14949531843837,-0.12020974878273,-0.0588594300880977,7.23046160607367
-0.497988936356441,-0.120271805742831,0.14485879646966,0.214987953417438,-2.27845783461501,0.376643897428541,-39.5646129253922,-0.844565102121351,-1.25263397323209,-0.119716175384443,-0.0568125778007938,7.23681659611517
-0.498253003548239,-0.120173360028171,0.145458563024344,0.214894084869531,-2.27818272060046,0.376127086921625,-38.8642584428286,-1.04911891412553,-1.20291014850656,-0.119961993616937,-0.061915719399183,7.27684845247538
-0.498433352263621,-0.120329463859879,0.145841018006376,0.214662048179538,-2.27813549260416,0.375818368451446,-40.2914318154484,-0.78601695719135,-0.998626091442077,-0.124442533063906,-0.0581445140830104,7.24768369247123
-0.498534434293474,-0.120756848175252,0.14599128619832,0.2142879517327,-2.27830301468642,0.375705051023575,-39.4044876842808,-0.380964301587255,-1.19292484448502,-0.122128649346704,-0.0648250924591047,7.31650640391229
-0.498575220628993,-0.121426912938725,0.145928297377026,0.213794227404394,-2.2786499777153,0.375758150317123,-40.0157457895505,-1.17864564841784,-1.19069665027914,-0.124220013446076,-0.0608218853703374,7.31078451711363
-0.498576547438192,-0.122299677041311,0.145679090189819,0.213206978207356,-2.27913442245899,0.375941825090241,-40.255219813187,-0.294821738162909,-1.15472169154503,-0.124995941047713,-0.0629950394960745,7.33030744566906
-0.498560468545367,-0.123320719048913,0.145281801939095,0.212557544145747,-2.27970885193737,0.376213865167686,-39.4279230861102,-1.21670938155398,-1.14848199742164,-0.126346011638867,-0.0678924601506498,7.37476321376235
-0.49855153820291,-0.124421887456809,0.144786473027874,0.211882585671083,-2.2803216205659,0.37652838979321,-41.0931473967801,-1.34655815856672,-1.31815657620521,-0.129008030138891,-0.0636508224488624,7.33589457149291
-0.498574820888986,-0.125518188992948,0.144256514971842,0.211228423941482,-2.2809227757178,0.376842644317733,-39.5542306744773,-1.09996180191092,-1.18081942135075,-0.123346778593011,-0.0638569941135919,7.39685792727237
-0.498661668027371,-0.126534918302084,0.143750503967658,0.210631823439665,-2.28146260414693,0.377116636295794,-40.3108277334401,-0.485529535847036,-1.04152559745043,-0.122375581377919,-0.0610003968848464,7.3712537833519
-0.498834484118937,-0.127405919980283,0.143321404756134,0.210123277460427,-2.28190210623786,0.377317403127386,-40.4547254933088,-0.3440800744645,-1.06048700080879,-0.12335583753704,-0.0594693729162568,7.36950874073696
-0.499115564327642,-0.128075788781038,0.143016067295611,0.209726710839554,-2.28220927329443,0.377420802277074,-39.7025373046355,-0.67905867609602,-1.04452951689333,-0.121362102637009,-0.0618696854320737,7.40581302452496
-0.499513633588136,-0.128519496161567,0.142857905462557,0.209448918435433,-2.28237229648373,0.377416471186818,-41.0817106896284,-0.185734266438203,-1.1170039775628,-0.124809700554038,-0.0620423872457527,7.37596327094148
-0.500024628488439,-0.128741685839955,0.142848121961164,0.209279917129396,-2.28239793140456,0.377310440395274,-39.7430913268826,-1.00749689304143,-1.21475817221938,-0.121354625244586,-0.0666080464076587,7.4399004206187
-0.500640887992018,-0.128762888243006,0.142975460788459,0.209202008188982,-2.28229696662743,0.377110724231777,-40.6509074184946,-0.707017796391483,-1.12302017276363,-0.127419906220116,-0.0649987688390712,7.43668855716002
-0.501343465926502,-0.12863550133696,0.143203758379593,0.209180186097026,-2.28209832003174,0.376840348227728,-41.0921820302416,-0.39829419354146,-1.2010080358007,-0.12538956539183,-0.0630732350003728,7.45198636047227
-0.502108900136801,-0.128425025357338,0.14348708878574,0.209172896859732,-2.2818311998973,0.376520693591167,-40.0501109061456,-0.798480947944427,-1.10874402334352,-0.122251739972253,-0.0664340752026765,7.49604770957652
-0.502914459434557,-0.128203161358859,0.143773213321855,0.209137298751082,-2.28152522016328,0.376176004782632,-41.5363348359303,-0.195947913986402,-1.1589071927861,-0.127527122445005,-0.0612674524707426,7.46322741630468
-0.503720512806081,-0.128055386866233,0.143997639539135,0.209024235295558,-2.28122403143487,0.375836642366606,-40.3700365537157,-0.822619964226988,-1.19334246033233,-0.124674572771754,-0.0648114094315452,7.51832705579451
-0.504505092040592,-0.128045169922187,0.144113956148391,0.208799580406626,-2.28094963917187,0.375519417979665,-41.0792943559761,-0.463380426544973,-1.10917765826173,-0.128824098842967,-0.061351235481645,7.49923099810455
-0.505254911881922,-0.128211057537395,0.144094568261125,0.208445731028269,-2.28071491184042,0.375236522883169,-41.2252785313705,-0.554604557612265,-1.09951376236705,-0.127215648287188,-0.059504549110346,7.51084663401276
-0.505955723860243,-0.12858115300251,0.143919109402026,0.207952493594799,-2.2805332764717,0.37499847568334,-40.4890997679416,-1.21378229767311,-1.12234202408638,-0.123345241965681,-0.0636351357948007,7.55354416347575
-0.506608754619166,-0.129144764136835,0.143599553783755,0.207331853638569,-2.28039639363156,0.374800531978205,-41.9003249464637,-0.932546626876501,-1.20984763369833,-0.125161409328254,-0.0649367899404322,7.51987550655501
-0.507218296553331,-0.129870711092416,0.143162213058564,0.206609663364035,-2.2802934766434,0.374634184246335,-40.5811477459017,-0.875754527022309,-1.0950297637589,-0.123824046604388,-0.0657835093097672,7.58036466743988
-0.507797497548449,-0.130710042825313,0.142648223857575,0.20582040467652,-2.28020405980596,0.374483749329148,-41.361192533371,-0.950023371367934,-1.05447850985459,-0.126129960062078,-0.0621173324307807,7.56868681555456
-0.508369528355152,-0.13158426891794,0.142120595961949,0.205016551298993,-2.28010050277343,0.374330470199191,-41.6128484056525,-0.362279248595769,-1.13237263322671,-0.13006049834527,-0.0654978562820712,7.57393088227344
-0.508948059852289,-0.132423106084918,0.141633337180545,0.204244567745148,-2.27996684878875,0.374160087525808,-40.7526067263384,-0.382948119172852,-1.28789527817568,-0.129895261065096,-0.0646914647084825,7.62073722376972
-0.509552270420606,-0.133145218343157,0.141247853840416,0.203556369710949,-2.2797841056803,0.373957304976983,-42.3347461637275,-0.0727022060873423,-1.24423817150389,-0.13169684050641,-0.0607499678153472,7.58910227878251
-0.510199428738935,-0.133684040981377,0.141012257701108,0.202994689709563,-2.27953807110823,0.373709474036249,-41.0195729945661,-0.0708560818779915,-1.19446902775391,-0.126518987522415,-0.0671623823093422,7.65416209281708
-0.510904123791627,-0.133984060428068,0.140963893683643,0.202593822198035,-2.27921862580572,0.373408411445101,-41.7973510717241,-1.10917177858209,-1.23697718117208,-0.128870750152979,-0.0651578239087818,7.63080334875673
-0.511665239798865,-0.134018033483746,0.141114848120709,0.202370911376164,-2.27883594416211,0.373058925944956,-41.903628544691,-0.812373754399914,-1.20002283900908,-0.125851998697494,-0.0651562868387248,7.64290641316305
-0.512490038188352,-0.133771041911555,0.14146773319544,0.202334597413722,-2.27839184329419,0.372664384482108,-41.1821324362806,-0.425387503246384,-1.11953981842609,-0.125250949785214,-0.062507944942658,7.68213962528426
-0.513372108354209,-0.133251791816879,0.142005492762448,0.202478527989796,-2.27790059956934,0.372234472696212,-42.5503080747581,-0.915502179101395,-1.11456352167312,-0.132743086876413,-0.0614944906834748,7.64932014016769
-0.514305826373364,-0.132479108734048,0.142703270852322,0.202791487677275,-2.27737669512086,0.371783756260249,-41.3130043096788,-0.879501702430844,-1.06845832996873,-0.129738359113643,-0.0628915398199265,7.71368779956856
-0.515283462400434,-0.131493553142323,0.143521748049734,0.203247934342658,-2.2768366116576,0.37132910171863,-42.0367774429484,-0.333737740563947,-1.20090590101873,-0.131072309694094,-0.0636551480639512,7.70129482179146
-0.516285004504666,-0.130347719410537,0.144414076049115,0.203814810597922,-2.276304072792,0.370889554447652,-42.3851763838073,-0.337525698946365,-1.20034556061182,-0.133764618305403,-0.065889361751476,7.7243363798053
-0.517298393191921,-0.12909227776803,0.145339510347731,0.204459724856138,-2.27579722793736,0.370485542014089,-41.5750754693489,-0.803505011616835,-1.2143125769197,-0.131350924017263,-0.0700454125315864,7.76959303102485
-0.518303403819511,-0.127776328300557,0.146260048837585,0.205152972772519,-2.27533809453876,0.370136421780106,-43.0956691477426,-0.397140105018934,-1.24301870264762,-0.131028890941442,-0.0664789789182016,7.7365631466121
-0.519288727758154,-0.126439806089641,0.147150522216921,0.205868511412083,-2.27493517141979,0.369850571451875,-41.8053606440013,-0.603017457277929,-1.22736234699778,-0.132467862349752,-0.0658204925393808,7.7957985246955
-0.520234704668279,-0.125141075751917,0.147974951800515,0.20656758871555,-2.2746089722247,0.369646281061436,-42.4787394616851,-0.47993799160281,-1.3235346437823,-0.132413247535579,-0.0633098770837391,7.77166554096842
-0.521127638594644,-0.123911298849064,0.148719714169852,0.207228489850388,-2.27436656554243,0.369526057170385,-42.7478236782812,-0.490444997770055,-1.23493702823433,-0.131278102926712,-0.0648375058278735,7.77683795329272
-0.52195425119927,-0.122780925456688,0.149373338678095,0.207829455793921,-2.27421441037352,0.36949206633091,-41.7084268038179,-0.855888663077167,-1.17510762917445,-0.130829487485606,-0.0623302257298156,7.81770847622738
-0.522701277086096,-0.121771606607093,0.149932047854758,0.208353187114809,-2.27415743372767,0.36954109022461,-43.4374541090907,-0.41396455468589,-1.21384254886337,-0.134289423133189,-0.061937823823342,7.7890398252543
-0.52336322576113,-0.12089780625355,0.150395508282393,0.208786909169948,-2.27419073867801,0.369661778696488,-42.0479403536671,-0.658098545802886,-1.23222232300935,-0.12890141330852,-0.0687019691393457,7.85426833527507
-0.523934317598431,-0.120169468572279,0.150764686289434,0.209119935263931,-2.27430617418944,0.369838136579652,-42.9418495102908,-0.738257586146574,-1.20249772642603,-0.12962038999651,-0.0663360421670827,7.83850636688652
-0.524418636148585,-0.119587626164726,0.151046536414347,0.209346672738793,-2.2744862665921,0.370048007684635,-43.0346316928419,-0.685393791023216,-1.21156395535306,-0.131060237366226,-0.066158158658776,7.85136414282908
-0.524826941871339,-0.119140538862553,0.15125235351647,0.209471250857472,-2.27470454878316,0.370263330927531,-42.3870278385883,-0.58808658205794,-1.18795377470587,-0.13169437234875,-0.0658455074560489,7.89051899778648
-0.525178192132116,-0.118807566164158,0.15139817798932,0.209503060305768,-2.27492559299783,0.370451127967135,-43.7328900400294,0.0335284899153976,-1.19963734605389,-0.132709887827734,-0.0636737928313398,7.86329615947298
-0.525495692058594,-0.1185606111005,0.151503527361148,0.209456901011113,-2.27511276923552,0.370581147963324,-42.5047997753816,0.0784941767717555,-1.42944709909008,-0.13379680172643,-0.0672345707093217,7.91758148618473
-0.525806779609547,-0.118373184017046,0.151583977338967,0.209348676397033,-2.27522894990248,0.370627326234745,-43.2102251343252,-0.186341882080796,-1.28753761827838,-0.133472639130961,-0.0652056752851786,7.905548874777
-0.526138642989076,-0.11820964319402,0.151661141606474,0.209200398885565,-2.27523624393577,0.370562817248169,-43.5982492029473,0.325425200344171,-1.06242461020594,-0.131754743494135,-0.0642853293362564,7.92361846258525
-0.526523818497933,-0.118029110889852,0.151760142719877,0.209037652122713,-2.27509576739888,0.370364368184656,-42.693961205175,-0.709144442197612,-1.27338288530527,-0.12601499214397,-0.0669756307578718,7.9694623294624
-0.52699133680979,-0.117792181510218,0.151904664459067,0.20888698060594,-2.27477789187738,0.370017558772695,-44.0669036917631,-0.990557771990325,-1.27856720613414,-0.130286532690492,-0.0632815203227917,7.93215585538187
-0.527561984427844,-0.117479271064814,0.15210506046118,0.208763458452377,-2.274268884524,0.369522637757743,-42.8328591771445,-1.00627382805328,-1.22351838013915,-0.132414629283664,-0.063484675090613,7.99873116421701
-0.528249268368198,-0.117070922956133,0.152372349579228,0.208682106849045,-2.27356350378756,0.3688834936699,-43.7508359401841,-0.728413868567941,-1.23359261580353,-0.133517493357417,-0.0652067876872146,7.9756527066961
-0.529060899046025,-0.116558667200284,0.152711904199558,0.20865214714869,-2.27266674068624,0.368111858307055,-43.878079991528,-1.0425701761485,-1.28313943907213,-0.135294619737514,-0.0619208789893141,7.98073204992054
-0.529990747419826,-0.115966391842155,0.153107371000687,0.20866180165557,-2.27160179943546,0.367231151313853,-42.9397440500027,-1.24871546455006,-1.14081191835177,-0.13421721116151,-0.0640308550675892,8.019073674171
-0.531028088275767,-0.115318681457523,0.153541981516496,0.20869986534094,-2.27039799022003,0.366266084764476,-44.4400631035487,-0.521202281141768,-1.19532327556854,-0.13797326604928,-0.0616075163709581,7.9926795678715
-0.532150399057264,-0.11464918261503,0.153993715096845,0.20875016928106,-2.26909363143883,0.365243513662989,-43.1597846492227,-0.760510166041286,-1.22765812143496,-0.133964933777623,-0.0684661677582108,8.05804678775191
-0.533329435872158,-0.1140014958393,0.154433843018886,0.20879133309714,-2.26773236365495,0.36419172362222,-44.0894907955009,-0.50760000219725,-1.17676475280786,-0.132026916175178,-0.0683276290504785,8.04075453832957
-0.534527275045442,-0.113430598690363,0.154824287067983,0.208794409561458,-2.26636769119424,0.363143497971216,-44.1755126056083,-0.219354796249718,-1.17947712919255,-0.137353516741542,-0.0672095050669013,8.05497218162439
-0.535711324611741,-0.112966191554158,0.155146150996335,0.208745170277323,-2.26503575946993,0.36211408153779,-43.4252400901979,-0.927992682808963,-1.29434057174115,-0.134218740956293,-0.0695109024106561,8.09671426018166
-0.536839047695307,-0.112637076106204,0.155377674224399,0.208632690568621,-2.26378090357372,0.361121808160854,-44.7202525607657,-1.00202538722169,-1.14133662558541,-0.135400310450455,-0.0656399319008515,8.05856667408205
-0.537871306784939,-0.112476081413305,0.155494695175109,0.208442594229286,-2.26264800020459,0.360190344893877,-43.521831651199,-1.05224013504039,-1.12443962253295,-0.135357639823483,-0.0647248962873039,8.11204642028858
-0.538781255752615,-0.112477719483076,0.155501422423822,0.208183307454125,-2.26165921434869,0.35932579171875,-44.3482198643954,-0.781278683185519,-1.20843461238135,-0.137895270133863,-0.0635382056547616,8.10361719542988
-0.539541106056931,-0.112627304473795,0.155406975416758,0.207868702524823,-2.26083968911146,0.358538853517549,-44.6024647572999,-0.817757584098899,-1.26261546238138,-0.135557303229878,-0.0639720504928488,8.12207119004283
-0.540138143771134,-0.112899020331058,0.155229513736348,0.207516689766089,-2.26019577810207,0.357830338604572,-43.4759808205793,-0.861150736439413,-1.25791572394434,-0.132893236111022,-0.0674344422662356,8.1682614170116
-0.540565887042686,-0.113255911276846,0.154993503793263,0.207151370791986,-2.25972969674642,0.357200680162784,-45.1671607058664,-1.10296669839204,-1.26151900414689,-0.137616551649463,-0.0654867255631033,8.13433625659563
-0.540828190553954,-0.113653133907214,0.154730818787884,0.206799577321981,-2.25943400377527,0.356647756072713,-43.8932531916043,-1.42607528599456,-1.33042144259196,-0.135551202910645,-0.0683516468298141,8.19460984001962
-0.540942564659361,-0.114053557346163,0.154468964383153,0.206480373501348,-2.25928932172992,0.356165187375334,-44.7015216512301,-0.665855697619463,-1.22508784861245,-0.137042552868313,-0.0655641571870167,8.17908566047535
-0.540932777172139,-0.114417611189769,0.154237311745354,0.206213392614334,-2.25927275899226,0.35574531706601,-45.0112320705859,-0.990421392675671,-1.21651696620282,-0.14042896881278,-0.0672269853138076,8.18976688168356
-0.540827569536785,-0.114721126853106,0.154054017994687,0.206008162054164,-2.25936112430625,0.355383220452845,-44.1588070447374,-1.0111231034607,-1.30357585905361,-0.136871930231262,-0.0646959845715715,8.23247801764027
-0.540665874918105,-0.114941342273601,0.153939247153254,0.205870280247272,-2.25951881207914,0.355065016635407,-45.4791940344173,-0.662832303918321,-1.3580329099957,-0.140325678818351,-0.0670883354186907,8.19469361199976
-0.540479906295023,-0.115067598461118,0.153902473475054,0.205799184579917,-2.25971841149094,0.35477896489279,-44.1736025851263,-0.530356995592683,-1.19916777555721,-0.137713720682052,-0.0672730758291059,8.25535597104335
-0.540304156032366,-0.115111054457291,0.15393818188977,0.205782044341911,-2.2599341022596,0.354516434962651,-45.1407550549991,-0.181545712920524,-1.26625787355707,-0.135294860769245,-0.0677060628069934,8.23290053071404
-0.540173870497932,-0.115071385713855,0.154049074356674,0.205813741260641,-2.26013343521095,0.35425989492254,-45.0629981683595,-0.685512041048014,-1.20593861756814,-0.136259768106571,-0.0694364836263811,8.24831418130337
-0.540112223838007,-0.114965642088996,0.154223334175052,0.205880153637058,-2.26029522117611,0.353994887335532,-44.4320469869418,-0.643561637115909,-1.24868830341865,-0.135497665587373,-0.0685570524884658,8.29373771671269
-0.540141781153835,-0.114804173370959,0.154453963484384,0.205973904635251,-2.26040176971226,0.353712627765016,-45.9321787381679,-1.32606749023512,-1.33921088218747,-0.139903565226273,-0.0692502294610041,8.26363324154735
-0.540272971882425,-0.114603773939713,0.154728388745841,0.206084995086507,-2.26044254225917,0.353403402637543,-44.6931322226113,-0.683538583024529,-1.2609970871606,-0.135964099401187,-0.0689871261724196,8.33065641186166
-0.540515931171972,-0.114364188712218,0.155045370777729,0.206215464267565,-2.26040297171514,0.353053450171235,-45.447938456565,-0.813089790763115,-1.36728527190959,-0.139611882309631,-0.0660036927897026,8.3107986222366
-0.540871251795499,-0.114089923079621,0.155400831897438,0.206365379328732,-2.26027849130031,0.352656170115193,-45.6762752707668,0.0886629478441137,-1.23760196781154,-0.140282741018753,-0.0674691980518861,8.32711424714546
-0.541336828480046,-0.11377317586571,0.155798742595659,0.206542543171561,-2.26006248387568,0.352202673058434,-44.7187623209257,-0.408596700068529,-1.29007106952426,-0.138767994554937,-0.0703970358378645,8.364462787609
-0.541906936452565,-0.113413557970319,0.156238600579547,0.206748647989856,-2.25975420012802,0.351689596968313,-46.2278544492055,-1.31817483551231,-1.30432618585621,-0.140691079322359,-0.0679018372461492,8.32695914259283
-0.542575898624876,-0.113003528022277,0.156727228195718,0.206989146055151,-2.25935060252401,0.351113224533517,-44.9985185382519,-1.23158232879564,-1.14106220152019,-0.139620480023674,-0.0667280354944874,8.39460208419771
-0.543340048762408,-0.112545422767111,0.157264455720557,0.207261105240566,-2.25884917132428,0.350472382800073,-45.7846017787563,-0.300638841863474,-1.27350928807249,-0.142593226933369,-0.0690732730183002,8.38201779453748
-0.544185440975246,-0.112051409411557,0.157842757654266,0.20755414660497,-2.25825412020475,0.349766932655353,-46.1479813002369,-0.600028901589212,-1.26820505144863,-0.140951903463224,-0.0656140035412442,8.39302280077653
-0.545102486524749,-0.111537763789645,0.158453209401236,0.207853626535248,-2.25757351357542,0.349004594431497,-45.1896772744274,-0.592451957971662,-1.29882465634242,-0.139223885104661,-0.0686940232381421,8.4322936194326
-0.546073213311118,-0.111025876640603,0.159081858008942,0.208141482202149,-2.25682247488054,0.348196364825367,-46.6631123677569,-0.518580743098028,-1.22818021862753,-0.140588660621967,-0.069088042865136,8.40041361046245
-0.547084697971763,-0.110554268180828,0.159702470089667,0.20838748156496,-2.25601524330027,0.347354362015421,-45.5382583736283,-0.143246303293381,-1.20926950335064,-0.141735616089158,-0.0709639523360502,8.46596294462494
-0.548112555034196,-0.110169550493393,0.160279558613199,0.20855794132554,-2.25517871933688,0.346498148026322,-46.1493370479679,-0.56097373243847,-1.32302754120875,-0.144517970832624,-0.0686515857742451,8.45226816283383
-0.54913284584031,-0.109917441709263,0.160775984252633,0.208620823339132,-2.25434608445106,0.345653659661248,-46.3181767111444,-0.415218165695478,-1.27872745233236,-0.143490312521751,-0.0695185005257261,8.46313753246725
-0.550120433662913,-0.109840022306377,0.161155452546858,0.208548301564344,-2.25355068204518,0.344844781800605,-45.5878587793826,-0.621253439199336,-1.22372711495257,-0.141086286402304,-0.071565180800963,8.5104956521363
-0.551048254165832,-0.109966814645632,0.161388512193324,0.208322026582667,-2.2528278943477,0.344097031442036,-47.1115998628307,0.0755242517393526,-1.33151429581068,-0.143037936697591,-0.0659974935013251,8.47411077335224
-0.551889086755656,-0.110318397794606,0.161449131378828,0.20793247902922,-2.25221463739107,0.343437168077775,-45.7764648266128,-0.530805460555939,-1.4416844009456,-0.1402855640361,-0.0696717571326577,8.53369010345271
-0.552629667231857,-0.110886065899026,0.161331515277583,0.207390451151618,-2.25173173190308,0.342881139006652,-46.5152915345922,-0.532039306723618,-1.25127521138015,-0.143308567092339,-0.0703096958493476,8.51210894946422
-0.553259871934549,-0.111649852923418,0.161039222914836,0.206713986299893,-2.25139362573858,0.342439397885825,-46.7633014502233,-0.118296333059789,-1.21948053781668,-0.142275486949919,-0.0681163246552282,8.52451733889969
-0.553778628761551,-0.112572591695896,0.160588561566162,0.205932913364439,-2.25120437813342,0.342115066531798,-45.8781739866658,-0.82715574369081,-1.40570022355439,-0.142701756680202,-0.0694599699154946,8.57434668760376
-0.554199348836472,-0.113590888074956,0.160017581942033,0.205093917149327,-2.25114777088175,0.341897321272757,-47.5325101908488,-1.18739771250398,-1.3109187874897,-0.147730195284602,-0.0674998119137478,8.54268048967533
-0.554543496147527,-0.114636146916716,0.159371161091688,0.204245521156509,-2.25119759797795,0.341767354897271,-46.1447733479976,-0.864186798427454,-1.29144574870841,-0.142599650356496,-0.0714930756715251,8.60278458390627
-0.554838325957925,-0.115637663462287,0.158699048778616,0.203435591540572,-2.25131723737068,0.341697115137656,-47.0459542711004,-0.274304403552833,-1.27772870359357,-0.143020033264188,-0.071769268306833,8.58216054120195
-0.555114925604228,-0.116527054398901,0.158052608717992,0.202709926939108,-2.25146698553519,0.341655583045598,-47.1390110460882,-0.340243136928393,-1.33489358542201,-0.14764287044344,-0.069201828123695,8.59590449840243
-0.555402514401874,-0.117250317721117,0.157475006230056,0.202103868181463,-2.25160802873951,0.34161236944309,-46.0778705854205,-1.50382517005914,-1.42977643968513,-0.142840149639257,-0.0703809256228547,8.63368211301458
-0.555724099712046,-0.117778235037036,0.156993578543151,0.201635535359454,-2.25170853862079,0.341539912533908,-47.7239611270724,-1.01197602162119,-1.41451325469509,-0.146031468343673,-0.0679380832273356,8.60375898146006
-0.556103938013211,-0.118088809994193,0.156633380164322,0.201318773682824,-2.25173966501477,0.341415293700884,-46.3677477002499,-1.26604674239479,-1.23930741146029,-0.144623726129971,-0.0710486338174735,8.65415282141942
-0.556546416371701,-0.118200127863625,0.15639001599292,0.201140478755977,-2.25169648979417,0.341230762154625,-47.2902831575781,-1.28700149084079,-1.26614007447014,-0.149557519630955,-0.0697638322912996,8.63433215465647
-0.557051734563984,-0.118133248238799,0.156256407137678,0.201087289387959,-2.25157845599105,0.340980903133888,-47.4433733502801,-0.329344558404046,-1.31155633407965,-0.14771850709146,-0.0703997614119664,8.64673012795703
-0.557605850281376,-0.117947528702122,0.156198197735615,0.201121466397474,-2.2514073729035,0.340680068415772,-46.5236779503373,-1.05271003633015,-1.2595859599837,-0.141145432926913,-0.0714631877058907,8.69769392005843
-0.558189720471803,-0.11770246040091,0.156179208964057,0.201205676429997,-2.25120942996079,0.340345206538108,-47.95866386373,-1.19067824865351,-1.31856173209681,-0.148050343887399,-0.0703355277622801,8.67179545488507
-0.558779702870418,-0.117455726787584,0.156162602379594,0.201304438648754,-2.25101809541732,0.339999174530317,-46.9351674862566,-0.857355747630208,-1.23404151690485,-0.146545171142435,-0.073436009241486,8.73665867774792
-0.559358623075785,-0.117250262055158,0.156122504040353,0.201391455823731,-2.25085694133467,0.339659898931284,-47.7946609708945,-0.584422020559941,-1.35262578870027,-0.145293162387155,-0.0688411122415309,8.722615595261
-0.559907008157611,-0.117130827316466,0.156030428589746,0.201437830000837,-2.25074914519487,0.339345444510054,-47.7717770339427,-0.833517703139023,-1.46371894108881,-0.149343524644093,-0.068706710232268,8.72530909567563
-0.560414568339703,-0.117119601759621,0.155874262750805,0.201426636351415,-2.25070443049285,0.339064223042301,-46.8095830762792,-1.0261110858728,-1.27582446131854,-0.147845017932261,-0.0709241394660758,8.76505636965546
-0.56088101413231,-0.117216245053482,0.155656236567769,0.201354532363624,-2.25071549790018,0.33881142086857,-48.3984730672477,-0.653948082135003,-1.34862674267217,-0.147465571239934,-0.0677327416691985,8.72457139397212
-0.561307714282322,-0.117417174970373,0.155380233645623,0.201218140274248,-2.25077288979169,0.338581519083542,-47.0013626368246,-1.10717909202549,-1.19780519109452,-0.144919426746329,-0.0694844263638081,8.7875801914286
-0.561718300049177,-0.117685147907602,0.155077027771385,0.201032556106414,-2.25083759940207,0.338348856960804,-48.0399083709958,-0.894725040417143,-1.36480545636581,-0.145845338603942,-0.0702250600447529,8.78059580993263
-0.562129146651708,-0.117985325356314,0.154772296304285,0.200811608771998,-2.25088015540517,0.338094964402042,-48.2068770565741,-0.580431036268465,-1.33858518006613,-0.147638629675594,-0.0722130330532349,8.80181493094153
-0.562565289641566,-0.11827198526328,0.154500157172349,0.200574713171363,-2.25086082887427,0.337793456686158,-47.464080174907,-1.21520219981335,-1.32595932066727,-0.146638768407848,-0.0703350804366548,8.8381953536401
-0.563041049345915,-0.118516482099928,0.154279784348533,0.200330606962172,-2.25075372666796,0.337426541841564,-48.9601075048954,-0.675477325186421,-1.32006426020885,-0.149135727260679,-0.0712827125546566,8.81537718899984
-0.56356956881119,-0.118688688150729,0.15413046336113,0.200092364391692,-2.25054044651533,0.336982399176469,-47.6286861803323,-0.147648121499287,-1.36200607826308,-0.148161007939381,-0.0728211587667918,8.87790704139374
-0.56416275569254,-0.118777585743578,0.154057669232059,0.199863213213493,-2.25021047480296,0.336458475594032,-48.4663460508728,-0.609091006512017,-1.3940539769726,-0.1478700290236,-0.0716656556041328,8.85789294271216
-0.564816530040436,-0.118792924534052,0.154050653633787,0.199635961269359,-2.24977733852931,0.335867667353942,-48.6229220735381,-0.833253048619099,-1.37906396591765,-0.14816977948212,-0.0682286940771861,8.86182140052851
-0.565525678477418,-0.118753328706043,0.154092308160068,0.199402512936544,-2.24926360291228,0.335232956280724,-47.8702580118359,-1.13591184735083,-1.34107795444785,-0.144572809715031,-0.0711119910082206,8.90037014147796
-0.566279460087978,-0.118692264424392,0.15415525222886,0.19914843602617,-2.24870343175903,0.334586700308157,-49.1887245117273,-0.548939415911946,-1.36770464722983,-0.147398315775085,-0.070259390712173,8.86551495341567
-0.567057254668071,-0.118648985530701,0.154207712579716,0.198858920739268,-2.24814185475463,0.333965031120128,-47.9357083906835,-0.334168968371387,-1.40795148986729,-0.14641316944349,-0.0708435400722036,8.93103591605453
-0.567844304444726,-0.118661467546878,0.154221131771134,0.19852325212458,-2.24762515691108,0.33341125054208,-48.7635310993315,-1.02404317449054,-1.35825987194934,-0.14771941445775,-0.0709462062348803,8.92034992053882
-0.568629256313044,-0.118757769177963,0.154174473823173,0.198137252187276,-2.2471866286639,0.332952960489383,-48.9610907980859,-0.265049143650685,-1.38053063709111,-0.148739322468422,-0.0699099375155958,8.93684784924417
-0.569397448598307,-0.11896644068821,0.154046548305572,0.197696760686418,-2.24686026356489,0.332616667579028,-48.239051636214,-1.07714543905945,-1.36110078541543,-0.146995784619421,-0.0722949971214974,8.97922313500082
-0.570143961997532,-0.119289803345736,0.153836250364111,0.197213708127988,-2.2466650174831,0.332418207947019,-49.7060735904038,-1.79124781929954,-1.33885055231093,-0.150984819793524,-0.0701731249051948,8.94416577545346
-0.570862278262955,-0.119717918345617,0.153551061811579,0.196704908333144,-2.24660986298125,0.332360674534544,-48.3535909187376,-0.22699097747477,-1.28867212896219,-0.148551307529189,-0.0740276755848063,9.00785576141286
-0.571550884708303,-0.120225369977384,0.153209477475799,0.196193481203782,-2.2466892958346,0.33243335618604,-49.1177483537112,0.128676153159404,-1.39592533520917,-0.149491765450271,-0.071899914861901,8.99250471784623
-0.572216838096551,-0.120770726401544,0.152842366199317,0.195709054815842,-2.24688186080025,0.332613918453179,-49.2567339864606,-0.325379105860748,-1.46642433548698,-0.151504920968798,-0.0707514973931622,8.99646554204869
-0.572864125644249,-0.12129749069157,0.152489527166981,0.195287045472071,-2.24715743095257,0.332867435679499,-48.3565547542552,-0.79207039828384,-1.34720364921955,-0.14645483198208,-0.0707144689733745,9.04356217193192
-0.573493421037532,-0.121761345665174,0.152181264265031,0.194951301465347,-2.24749084405189,0.333164573154033,-50.0180070344074,-0.594918818175074,-1.38824899034276,-0.150680618997282,-0.0727145224616523,9.01638122611787
-0.574112142134971,-0.122105397116572,0.151958403436031,0.194731316048606,-2.24784469121795,0.333467054957284,-48.7753685777345,-0.291842743323514,-1.29715324690955,-0.149307443156811,-0.0743107391711249,9.08526743413777
-0.574726851978091,-0.122298118336907,0.15184341917522,0.194637481686304,-2.24819030478956,0.333747565398497,-49.659367484816,-0.611304185997824,-1.36148586930878,-0.151202693405549,-0.0762399708925294,9.07199902821258
-0.57534535432221,-0.122307977226861,0.151859906590126,0.19467814250212,-2.24849093037941,0.333969987849647,-49.7084441228307,-0.505314553131029,-1.39127504848625,-0.152349193599858,-0.0724432357311012,9.07389927904776
-0.57597659149704,-0.122134864103943,0.15201057934142,0.194842010210426,-2.24872252411823,0.334115670530525,-48.7349674363412,-0.990360910911249,-1.50642898130332,-0.149410788345824,-0.0714466516212024,9.11460208065633
-0.576630653320532,-0.121785147315093,0.152295059006198,0.1951139408661,-2.24886403856571,0.334169218642531,-50.4253590403347,-0.837059453899656,-1.52837472796153,-0.155887793597126,-0.0700558850629234,9.07631308016737
-0.577317225800239,-0.121302479319855,0.152688159187701,0.195455210680901,-2.24890570185173,0.334129163161668,-49.0591357618795,-1.01026825197391,-1.46386902985753,-0.153568088393065,-0.0734050088403576,9.14148151471288
-0.578050223504261,-0.120742440387067,0.153158186295285,0.195822873234947,-2.24884036481426,0.33400032725645,-49.8816236941094,-0.550046548499495,-1.43582264483746,-0.153397008919463,-0.0720292956730895,9.12129990695274
-0.578841833188248,-0.120174481853581,0.153663842185702,0.196166641491255,-2.24866766135011,0.333794005986876,-49.9975303988155,-0.183126976227868,-1.53153180609138,-0.154409561626162,-0.0763040531856815,9.13608187695267
-0.579708049125641,-0.119669108812032,0.15416423486213,0.196438817709596,-2.24839141172073,0.333527904511824,-49.0390397528972,-0.570103392155715,-1.43292516433399,-0.151725708992035,-0.0762030110508288,9.18173166753014
-0.580669175900901,-0.119288277896308,0.154625857418675,0.196599780474797,-2.24801305687988,0.333219903320742,-50.7159266526858,-0.0732738152353249,-1.38933176032972,-0.152043666412274,-0.0706264640452633,9.14425956639732
-0.581729517384835,-0.119089015459143,0.155014872045179,0.196616810966899,-2.24754766718696,0.332892265407129,-49.3391622821076,-0.350208479341063,-1.45363179885277,-0.150317472353548,-0.0742982508900411,9.21030769303428
-0.582902580033512,-0.119096455224892,0.155319580028225,0.196479397962676,-2.2470000763483,0.332560941663591,-50.2050129074918,-0.56423466387082,-1.45883649783951,-0.152447325269128,-0.0709610210386328,9.20019025201844
-0.584192635804339,-0.119324088599995,0.155534412243585,0.196185862844492,-2.24637919766964,0.332239688511934,-50.4243769186257,-0.558041150354029,-1.38387964785383,-0.155483421742867,-0.0746169615342351,9.21298172164543
-0.585598657130939,-0.119756317820105,0.155671349594237,0.195754507611663,-2.24569456773659,0.331937589320706,-49.6275391679782,-0.73218088156932,-1.48323840568739,-0.150487188108245,-0.0741051123616724,9.25567480327464
-0.587120073680819,-0.120347896349357,0.155760923780616,0.195223453977072,-2.24494667022632,0.331654027780649,-51.0173157469445,-0.167464600019912,-1.46790095303942,-0.151488124093084,-0.0715195454213751,9.22241825268369
-0.588742153739662,-0.121047612535676,0.155833337133036,0.194633742651525,-2.244148835081,0.33139167881162,-49.8525773314771,-0.55005425590366,-1.28855065338351,-0.152834443314376,-0.0731643721559075,9.27746626444078
-0.590450593242173,-0.121781102953814,0.155934424029227,0.194039402568646,-2.24330266350724,0.331138994888533,-50.447473657529,-0.804462038825477,-1.46739151343004,-0.157158926667964,-0.0728167617207418,9.26882031203425
-0.592223478032767,-0.122477714236039,0.156104538587224,0.193490961932122,-2.24241545316354,0.330885020972315,-50.8881372812288,-0.64101307835881,-1.51108048931934,-0.154857674414663,-0.0729177240398521,9.27673738567757
-0.594035413034544,-0.123072330146016,0.156378257092606,0.193032647990161,-2.24149487625569,0.330618074838795,-49.9550561487771,-0.823191375975966,-1.32518119600212,-0.15349511987347,-0.0735560441072859,9.3274429469074
-0.595850622438476,-0.123540203521774,0.156759043635756,0.192680104256361,-2.24056131923048,0.330334399155779,-51.4233687916658,-0.63438196736729,-1.48865351625523,-0.157124454842672,-0.0737663058212547,9.29471114745474
-0.597637958972271,-0.123847203776067,0.157257557940453,0.192453619890039,-2.23962687709159,0.330023030163264,-50.0993147627793,-0.764316071480607,-1.46758408302887,-0.152609438151488,-0.0761370915215915,9.35668034572043
-0.599359898114672,-0.124006840910689,0.157850467691388,0.192340078339835,-2.23871634847058,0.329685651199001,-51.0424363293159,-0.45375785934516,-1.52503921483793,-0.153334687675158,-0.0746946631021246,9.34280192896144
-0.600978901188121,-0.124052952905508,0.15849922148422,0.192312402448345,-2.23785409651017,0.3293233214615,-51.1997684124278,-1.07034008459345,-1.43484412866269,-0.15486997230111,-0.0753693470468401,9.35131794795565
-0.602459877761356,-0.124034368236324,0.159155814788197,0.19233309814823,-2.23706940864804,0.328946833763181,-50.2693671633433,-0.695511304937554,-1.32967607254264,-0.155000634865829,-0.0765360278937895,9.3904432378925
-0.60377488534075,-0.124019080630276,0.159761036359331,0.192350937526015,-2.23638403345479,0.328563959543573,-51.8008513904141,-0.736347619287244,-1.48800819557817,-0.158422564635801,-0.073959505002637,9.35506061945917
-0.604899108873141,-0.124077628608145,0.160254257198907,0.192316052177086,-2.23582595175846,0.328193451716782,-50.5135471193544,-0.730236591409493,-1.37025646098999,-0.158524442334012,-0.0753946430555764,9.41650168910427
-0.605823633449345,-0.124263627416549,0.160591440115013,0.192189083314958,-2.23540684250366,0.32784514703279,-51.3221914556568,-0.00135055238456516,-1.50213241115614,-0.157830069464067,-0.074048652799639,9.40741011015568
-0.606555182586736,-0.124615966940174,0.160743763006093,0.191939900687864,-2.23512246283365,0.327522527028926,-51.8034760880036,-0.290990887087673,-1.48901269155155,-0.157247889040825,-0.075618245428976,9.4209084417717
-0.607105141899206,-0.125149149282096,0.160700961217776,0.191556783881086,-2.23496515703868,0.327227357233921,-50.6595729680497,-1.13816532966848,-1.41756509753202,-0.154687752635747,-0.0755905513593875,9.46618617912394
-0.607505522685804,-0.12584741658275,0.160479205188978,0.191048958873583,-2.23490896240441,0.326953531207863,-52.3156907485809,-0.21077022442887,-1.43259479669527,-0.157094696686757,-0.0751362443529763,9.43158768014659
-0.607791624263922,-0.126684208278985,0.160104868475626,0.190433633172407,-2.23492741171228,0.32669466752165,-51.0250087189723,-0.381523868646582,-1.40433255466087,-0.156934309758959,-0.0755319259385788,9.50068871711562
-0.608011481775422,-0.127603041998018,0.159629828205634,0.189746625900695,-2.23497674166652,0.326431872161236,-51.8611273840112,-0.922839482807603,-1.51494191396517,-0.158064095499766,-0.0746191696397681,9.47970264984881
-0.608217747137739,-0.128536934565778,0.159115214996017,0.189031653102387,-2.23501284132888,0.326149580050561,-52.0526913888369,-0.950396672142233,-1.47422795139951,-0.158460461641253,-0.0748527171309002,9.49525296206406
-0.608463571037538,-0.12941407063273,0.158625281584137,0.188337167424498,-2.23499306834178,0.325831970713877,-51.29066510099,-0.572897395451946,-1.53630815828504,-0.155841624694602,-0.0770682496511293,9.53663988892208
-0.608796725554634,-0.130174900525474,0.158216830844123,0.187701081723971,-2.23487618560879,0.325460609966994,-52.606663572889,-0.996896701283504,-1.51440635793037,-0.156712290981631,-0.0761656127660761,9.50015788309192
-0.609255696853187,-0.130771741986127,0.157935982478378,0.187154339746631,-2.23463393294834,0.325026051663705,-51.2454387327173,-1.22400369871866,-1.66395307689083,-0.153147216693824,-0.0767193821538295,9.55660012498737
-0.609870731589597,-0.131185011534532,0.15780610813652,0.186709759176653,-2.23424970552648,0.324526935257005,-52.0938045315049,-0.093131858282959,-1.44406493288147,-0.158300354627983,-0.0736899499559753,9.54128981551235
-0.610655550325573,-0.131406814722838,0.157839090851125,0.186372197820634,-2.2337167820607,0.323962450208901,-52.4140187790671,-1.36396858841408,-1.34692647531375,-0.160135318859252,-0.0762167075800213,9.55913279380098
-0.611618796390274,-0.131447163462207,0.158031609889942,0.186135070722738,-2.23303796718891,0.323340327558176,-51.4790383899297,-1.20191008183156,-1.37669737660789,-0.155804258510157,-0.0770624355783979,9.60456316871539
-0.61275379014763,-0.131322964398514,0.158370296043807,0.185987594398592,-2.23222748092157,0.322672260548444,-53.0145190848549,-0.746262437955693,-1.4346446286261,-0.162343423006285,-0.0746551582687019,9.5806762646647
-0.614036188222395,-0.131073686122773,0.158820253215056,0.185905561389275,-2.23131463626826,0.32197534313656,-51.830126083131,-1.32322782778397,-1.50851119109495,-0.158736824970164,-0.0806098090303707,9.64530294014971
-0.61543017505133,-0.130742820829925,0.159340322270044,0.185863346191528,-2.23034040656387,0.321274248513386,-52.4792377678181,-1.09192052978233,-1.46728458108464,-0.163710420479538,-0.0766557733987893,9.64060631373971
-0.616899470101348,-0.130359702757213,0.159896601098355,0.185844642997219,-2.22933688057491,0.320581106546834,-53.0223870216566,-1.28156887387945,-1.40612567417733,-0.160914887568898,-0.0760101438971414,9.64758148305548
-0.618397858855551,-0.129957655602067,0.160448935915253,0.185830958546572,-2.22834356966315,0.319910717407503,-51.9545882177259,-0.544296841082314,-1.36872778264009,-0.157902590092553,-0.075675783479445,9.68912526737773
-0.619880225341944,-0.129561345883435,0.160962350080387,0.185811177676094,-2.22739886076318,0.319276353878705,-53.5703867738275,-0.463590077855315,-1.42572093487962,-0.160077805462313,-0.0764604817467007,9.64430274548822
-0.621301170761508,-0.129181419779354,0.161411537866972,0.185782814448643,-2.22653832545365,0.318686762008682,-52.0302228180735,-1.06746084788961,-1.437305778454,-0.160176740395119,-0.0770969471584104,9.70408764329643
-0.622614609007558,-0.128832486333152,0.161769731090675,0.185739433173936,-2.22579634211902,0.318147816426355,-53.0636351157746,-0.467776064647978,-1.4258273986039,-0.159405388602814,-0.0751930415495176,9.68012606042687
-0.623795274272077,-0.128523329135922,0.162019398681567,0.185677086594778,-2.2251874890153,0.317656457852523,-53.0604552087343,-0.281027138429863,-1.41697191884577,-0.161361957624191,-0.0775644984942383,9.69420771396499
-0.624823568173714,-0.128259113207873,0.162149274763847,0.18559182898162,-2.22472094321904,0.317205863856704,-52.1913434748587,-0.876541744584074,-1.470163971826,-0.158688726741752,-0.0770779058557832,9.73961841689254
-0.625688265076701,-0.128053722444733,0.162146441530618,0.185472841566212,-2.2244032650959,0.316792863951485,-53.698187091037,-1.00692727747855,-1.70284379346623,-0.159990214417031,-0.0763283630854241,9.7166020094651
-0.626396005347304,-0.127917150075079,0.162007596973028,0.185310612100507,-2.22422193719811,0.31640515919918,-52.8992251734629,-0.742376802166973,-1.58027047572187,-0.160153986100729,-0.0797288887156602,9.77700105612246
-0.626962022063038,-0.127877830228798,0.16172094590738,0.185081932651242,-2.22416672984128,0.316041054299824,-53.4250105896567,-1.21532409165002,-1.54940715855233,-0.163247584060577,-0.0785497992545958,9.77007297615386
-0.627419164597261,-0.127946542981248,0.161293868355857,0.184773352981467,-2.22420556213663,0.315685735433904,-53.679630094217,-0.71424318843583,-1.50368153070781,-0.162891237858691,-0.0766632133702747,9.78201429321911
-0.627806842639805,-0.128140820206648,0.160733708418998,0.184366725222553,-2.22430425390218,0.315330016740757,-52.584307772669,-0.724049268822,-1.5260667432141,-0.16157133020352,-0.078290399379959,9.83531579676147
-0.628171951315433,-0.128463339521956,0.160059926830309,0.183855327287425,-2.22442421207185,0.314964915787919,-54.3301475414694,-0.799595272709212,-1.70762614638835,-0.163194245601428,-0.0789635157346232,9.79416328087043
-0.628555820017199,-0.128909028119002,0.159297622380235,0.183239579113721,-2.22453136320852,0.314585749985306,-52.7997947263794,-0.676964884603194,-1.53570296152722,-0.162123556194731,-0.077389963335636,9.85509231254673
-0.629000890848795,-0.129455684320701,0.158483538863521,0.182535610877178,-2.22459534675324,0.314194269125119,-53.6841219486019,-1.06188791580689,-1.54661198813602,-0.161895848595632,-0.0784525649840434,9.83811940206104
-0.629539591866102,-0.130069856886056,0.157658988266008,0.181769066705149,-2.22459389153689,0.313794061058573,-53.8631463025881,-0.645255167467212,-1.60377644300317,-0.165187426256022,-0.0773657076895791,9.84366882528064
-0.630188258517749,-0.130704409430501,0.156868826105034,0.18097913954191,-2.22451992690662,0.313395368721693,-52.9826169728854,-0.927213878564089,-1.50487720877476,-0.162883599484045,-0.0796377069777277,9.88785294000972
-0.630951738408653,-0.131303404521891,0.156158694047098,0.180214753233413,-2.22437969734133,0.31301542189168,-54.5204343927557,-0.696045024970317,-1.58334404778131,-0.165771757150146,-0.077732363656436,9.85464140305509
-0.631820798981644,-0.131810828857165,0.155568539425133,0.179526140429266,-2.22418954112608,0.312670848796351,-53.3638341775335,-0.578087678397651,-1.61252868982842,-0.163124462450523,-0.0791285859645411,9.9134374100137
-0.632771541953908,-0.132170967918052,0.155131751733187,0.178964728784425,-2.22397856794067,0.312381348431292,-54.0345798841906,-0.731634197610902,-1.69340430237835,-0.165514054381763,-0.0796535089539458,9.90259340667772
-0.633765762495265,-0.132346475674109,0.154864024970058,0.178568447353561,-2.22378574177927,0.312166363803237,-54.3088075647648,-0.211048065536488,-1.60245738733224,-0.165573222720938,-0.0807451065571801,9.92183947896066
-0.634766174671545,-0.132315276368066,0.154769286568523,0.178360858077541,-2.22364613405531,0.312038011424488,-53.3968406263843,-0.587047143765403,-1.65562007820486,-0.16263641689483,-0.0804408557600164,9.96594027933262
-0.635735882921472,-0.132071759185063,0.154838883632441,0.178351256802799,-2.22358846593078,0.312001084144626,-54.9863610257806,-1.02944018344101,-1.60105187545986,-0.168695767598626,-0.0788303343360293,9.92814835265602
-0.636641292832312,-0.131638463734453,0.155044040495049,0.178524971716949,-2.22363648479603,0.312055857377271,-53.6015003777349,-0.585007351529839,-1.55989827809108,-0.16424395940323,-0.0801520698195048,9.99851754788398
-0.637461080538097,-0.131047724624191,0.155353507879499,0.178853945723387,-2.22379572339656,0.312189643831545,-54.6746120517184,-0.290393473841277,-1.63895198407801,-0.166491733243015,-0.0798883598146611,9.98322264208061
-0.63818730946435,-0.130349979625591,0.155727527840649,0.179293094428301,-2.22405460033538,0.312378855436857,-54.815774681531,-0.351271687811732,-1.66853039320779,-0.166108011984632,-0.0768718160550059,10.0018900612479
-0.638824145930352,-0.129601064594611,0.156126349302797,0.179788895004041,-2.22438277431812,0.312588742062292,-53.9380902308684,-0.401244056467249,-1.70433270038168,-0.164991474385142,-0.0804072054950826,10.0459241853736
-0.639391377389384,-0.128868023431759,0.156507338831635,0.180277524985874,-2.22473813660706,0.312783160348603,-55.4932018188366,-0.52540056170028,-1.79584858321596,-0.170060746001204,-0.0785536233503119,10.0143462921331
-0.639916017079165,-0.128201918872573,0.156842297572905,0.180705546314323,-2.22506948806957,0.312921757028007,-54.1541522353543,-1.38300635546602,-1.50248263460981,-0.165445446949922,-0.0778365362547956,10.0751024277742
-0.640437651490155,-0.127648503981708,0.157111307929268,0.181023947634907,-2.22531981291639,0.312968423383814,-54.9745595700277,-1.33312562077504,-1.48272715375978,-0.165872528982762,-0.0816994206409507,10.069073534972
-0.640995183403898,-0.127240304946316,0.1573037796007,0.181197093694508,-2.22543612193297,0.312892506413338,-55.3151944634746,-0.732305717421468,-1.59311393523896,-0.167289875348311,-0.0792218075148415,10.0715472561764
-0.641623355882718,-0.12698538875348,0.157426072531928,0.181210638071119,-2.22537782458656,0.312676391625104,-54.2268594644929,-1.06437878849943,-1.48892523547039,-0.164776981735195,-0.0824365022900186,10.1122758518511
-0.642351279845889,-0.126889083008708,0.157484940352558,0.181056098295425,-2.22511446248507,0.312308913476155,-55.7455813461582,-0.708627201528088,-1.64897902369725,-0.168385380945431,-0.0827590353372968,10.0747026763546
-0.643189889600117,-0.126950947684541,0.157486800980879,0.180736919175351,-2.22464571925274,0.311803166856486,-54.4466376048651,-1.1200551837328,-1.52340355025953,-0.164162007891461,-0.0841663435201315,10.1408345746567
-0.644138700389608,-0.127142789774494,0.157454292978216,0.180280910492766,-2.22398772093929,0.311180378886068,-55.3098455154217,-0.824384298150562,-1.4789949276142,-0.168495319119454,-0.0792377586879552,10.1227127294597
-0.645183391885877,-0.127435972597828,0.157407538448264,0.179718742470209,-2.22317171199875,0.310468563918664,-55.4990941566597,-0.469677990088485,-1.51582088169718,-0.16841804831268,-0.0794394707511548,10.1401520974708
-0.646298044287765,-0.127797629204077,0.157365604082985,0.179086446046415,-2.22224046412452,0.30969911635027,-54.6611769201365,-0.771732474593819,-1.58938108340098,-0.167097302406593,-0.0791696526658885,10.1814796093021
-0.647446385174339,-0.128194702188378,0.157345002819094,0.178420434361046,-2.22124868364096,0.308907507338097,-56.1481658458785,-1.48229189142739,-1.53922366580912,-0.172373964982524,-0.0790542974109342,10.1499718087916
-0.648581621904661,-0.128599819260603,0.157355496084452,0.17775334252775,-2.2202582625958,0.308129411103906,-55.0866626761829,-0.871759565928414,-1.6209761460093,-0.169052674312141,-0.0807175578848857,10.2178238407956
-0.6496561154154,-0.128992805807977,0.157400024911005,0.177110573790207,-2.21932804130102,0.307394279196921,-55.8314859132247,-1.07872180365644,-1.55103594367662,-0.170954227478682,-0.0801712119992554,10.219774780086
-0.650629446805971,-0.129354885523583,0.157483051372308,0.176512123022303,-2.21850368401636,0.30672076063003,-56.13138212658,-0.251844118913596,-1.63861400585085,-0.170291182791924,-0.0776131491827043,10.2292556616978
-0.651467129592663,-0.12967468908981,0.157602541741334,0.175970576312388,-2.21782194512925,0.306122059557772,-54.999308901445,-0.819063461760152,-1.51936364268624,-0.16830769883842,-0.080648847214298,10.2794397103789
-0.652148818575763,-0.12993921093303,0.157761269704799,0.175494344271577,-2.21729580791984,0.305591734782879,-56.6734972503382,-0.657247383290724,-1.70159087649802,-0.169452499388821,-0.0829380849517162,10.2355733684278
-0.652673740967917,-0.130127349968584,0.157970628952148,0.175095170115965,-2.21691521098221,0.30511365684655,-55.3014977416761,-1.46875517957164,-1.45197701387909,-0.169354711634079,-0.0801118513274619,10.2980778590689
-0.653055848882282,-0.130238668754917,0.158228532382303,0.174769728612594,-2.21666397791766,0.30467529460143,-56.1102115295965,-0.837080254741522,-1.4971963750852,-0.167413162179816,-0.0791738493974736,10.2801769151041
-0.653315317059519,-0.130268693850099,0.158538186754422,0.174515393811545,-2.2165106460496,0.304252739702885,-56.4740434092378,-0.153680171257975,-1.43186015091644,-0.172269701430528,-0.0819515060993961,10.284057137545
-0.653493090084574,-0.130208139275069,0.15890902591595,0.174332892726792,-2.2164105775304,0.303822101117582,-55.3613497259191,-1.04907311123202,-1.57106393667027,-0.168359781921168,-0.0850867038325296,10.3243166822709
-0.653636266759984,-0.130043384584948,0.159354985802208,0.174226261900859,-2.21631628128172,0.303362277121741,-57.1283465111314,-0.823614934716261,-1.5845171871851,-0.171514289011135,-0.0811682783705438,10.2885734329907
-0.653795640627503,-0.129763663773315,0.159888145590879,0.174197648657084,-2.21617461116649,0.30284797882004,-55.5185393131391,-0.874845005777161,-1.63057936775692,-0.17247304044021,-0.0838659064025171,10.3648794689851
-0.654010951644479,-0.129377648131158,0.160504352844357,0.174239162960782,-2.21595496210389,0.302274253536604,-56.582080710343,-0.952145990394911,-1.63879133985063,-0.175306422946371,-0.0817167918654108,10.3507036858509
-0.654321671790474,-0.128891134543241,0.161203451647891,0.174345216729949,-2.2156275983457,0.30163584596704,-56.9132260701468,-0.351378003795389,-1.62572527894037,-0.17373719122141,-0.07988653990369,10.3697394152602
-0.654753257501492,-0.128320443352263,0.161975866622453,0.17450360419251,-2.21518198668376,0.300940320365372,-55.8122274305173,-0.347494858094706,-1.53774335490411,-0.172073798070425,-0.0816200995190393,10.4151134988618
-0.655312021782679,-0.127692721789019,0.162801875956731,0.17469703955302,-2.21462245431895,0.300199561574719,-57.309773714128,-1.27595486434461,-1.6011232942289,-0.172810381925982,-0.0844683548761164,10.3738880952653
-0.655996865128421,-0.127037771763027,0.16365902341376,0.174907769599435,-2.21397017283349,0.299438729638802,-55.9472309785482,-0.747614259230659,-1.53502937605987,-0.171847550112322,-0.0859963019983494,10.4378766601816
-0.6567810392848,-0.126405130088107,0.164507756915032,0.175106236320209,-2.21327143499632,0.298694847259093,-56.9300723878798,-1.25314921255517,-1.63824662056811,-0.173706265304108,-0.0810397039850746,10.4247165014609
-0.657635520851704,-0.125844337883142,0.16530922213502,0.175262652158341,-2.2125691388242,0.297998314107888,-57.417514971526,-0.91168608300768,-1.54796347412343,-0.169821260530204,-0.0802043789608868,10.4296067330486
-0.658527759763797,-0.125403236963559,0.166027502110941,0.175348650476713,-2.21190907503235,0.297380465351994,-56.1791429754957,-0.596785959658064,-1.5079811210212,-0.170074872803144,-0.0830257048494781,10.4739311996231
-0.659417676566143,-0.125128431013126,0.166625131182635,0.175337920783987,-2.21134334373578,0.296874959530355,-57.7672920666319,-0.222691394792037,-1.62982436657538,-0.17514076231885,-0.0847197702758282,10.4356382723524
-0.660276281811641,-0.125051094307293,0.167078235940397,0.175215164353399,-2.21090665906951,0.296502316804256,-56.4166350196195,-0.694282917663713,-1.61843624260928,-0.173679440158516,-0.0860502793368481,10.501682008297
-0.661079912784721,-0.125196150917397,0.167368053569604,0.174967968148802,-2.21062346224718,0.296274278972275,-57.2535288363843,-0.986755565044177,-1.68093015558478,-0.173807399459569,-0.0856738037911518,10.4867662612514
-0.661814632624559,-0.125570795419123,0.167489030054867,0.174595922701755,-2.21050607551662,0.296194849228904,-57.4376746653807,-0.913014157994439,-1.66762955695827,-0.178576579690754,-0.0841501712525279,10.5071447564671
-0.662480846801401,-0.126153784537137,0.167458615917809,0.174116038381478,-2.21054535003608,0.296252094936848,-56.7427325972195,-0.782774116933524,-1.63986068380044,-0.174754898094065,-0.0862236362446128,10.5522345644278
-0.663089644687501,-0.126912641323009,0.167302331911614,0.173550638425589,-2.2107162739804,0.296421450265459,-58.1903334369349,-0.842528804215817,-1.59621060183241,-0.176259162430845,-0.0840628617120801,10.5237795984422
-0.663657635554651,-0.127806342910461,0.167050758218145,0.17292590714687,-2.21098539338098,0.296672786266513,-56.9563670655456,-0.577116512517932,-1.51680612436203,-0.171630738509799,-0.0858315824598668,10.5884535480256
-0.664201078897122,-0.128782426343848,0.166742013054888,0.172275017868424,-2.21131755869907,0.296974519353652,-57.547893082947,-0.494708052360693,-1.7105305581963,-0.173179409732509,-0.0837293606813802,10.5763117153806
-0.664739545454699,-0.129782350713123,0.16641820551427,0.171631619303939,-2.21167344746444,0.297291359643616,-57.9703443057438,-0.519005807697567,-1.66533960826922,-0.173882251614437,-0.0845525226595363,10.581979637562
-0.665285970716253,-0.130757243744077,0.166112264492411,0.171020667355788,-2.2120195806729,0.297590314218321,-56.9824987096063,-0.88612152027531,-1.54022159209836,-0.172663450948257,-0.0840560925416862,10.6300873356522
-0.6658446434044,-0.131657874726185,0.165854245225192,0.170467613262101,-2.21233434621668,0.297846682172726,-58.6832035613861,-0.673621946634285,-1.51609412441965,-0.178744853162002,-0.0840431187081481,10.5921802538267
-0.666417195424856,-0.132447167187757,0.165665643393924,0.169987425673875,-2.21260189293634,0.298042009745359,-57.3153488491891,-1.34687931570716,-1.54763149224718,-0.176519132187671,-0.0846057919446616,10.6627736482307
-0.667005855415886,-0.133093235887233,0.16556528679539,0.169591556449976,-2.2128094957952,0.298162492224805,-58.1704128624316,-0.28439738595398,-1.71686226646733,-0.175495616777623,-0.0861342273189144,10.6556295137576
-0.667601271399057,-0.133574425807827,0.165563442848812,0.169285469115935,-2.21295876786264,0.298203757059893,-58.5797880054767,-0.43743586032133,-1.66879872938989,-0.17700633408221,-0.0840750255963785,10.6638698174997
-0.668205397941793,-0.133872576263443,0.165670738218218,0.169073365448627,-2.21304796885423,0.298165675508254,-57.4564343544858,-0.47746883062041,-1.5653502337137,-0.174433738757958,-0.087857624835868,10.704490748439
-0.668815097284535,-0.133985657520448,0.165888044212719,0.168949689702997,-2.21308147947406,0.298053014110027,-59.0255645913825,-0.934431626159267,-1.69372620382802,-0.179267547905245,-0.084477306890571,10.6701700870354
-0.669440026446397,-0.133907257667166,0.166221633987269,0.168915111726435,-2.21305404796541,0.297867900927326,-57.4625951896393,-1.00002879124736,-1.84943944858077,-0.179830442686697,-0.0845968382474906,10.7374880329163
-0.670093870888857,-0.133633727621033,0.166678936638679,0.16897121708438,-2.21296198247416,0.29761886883518,-58.6155723150275,-1.10647187791119,-1.57953123868651,-0.180163624767583,-0.08444418282461,10.722193275406
-0.670794118733348,-0.133167169455064,0.167264793547124,0.169118962807057,-2.2127983381818,0.297312606349699,-58.8615566193407,-0.661351843194552,-1.64960719609837,-0.176093035880838,-0.0861015411954876,10.7411827418656
-0.671562623805215,-0.132515342011859,0.167981645554187,0.169356810084072,-2.21254998231602,0.296952580206347,-57.900273267801,-0.845433665812152,-1.68033144533263,-0.17689788028765,-0.087574468413582,10.7937605689915
-0.672422492313633,-0.131689857130882,0.168830450322103,0.169682480399917,-2.21220513734804,0.296544195379682,-59.6240935292178,-0.101549915823625,-1.542693595131,-0.179309540500697,-0.0855527229307453,10.7584037083167
-0.673388044076116,-0.130714620856492,0.169801137483871,0.170087956496882,-2.21175995062749,0.296097490769795,-58.1387452808922,-0.456465280224165,-1.54587183177907,-0.177392431348945,-0.0908101204190835,10.8147520196991
-0.674469447563341,-0.129630546065928,0.170870724369472,0.170554339500974,-2.2112191246582,0.295629198399931,-59.0121253239452,-0.674431859608831,-1.69188030961772,-0.179952445592819,-0.0862864509432626,10.794767784689
-0.675663843321135,-0.128483849261503,0.172008867593491,0.171059589080955,-2.21059635564499,0.295157076289689,-59.1671722056376,-0.80216599284222,-1.79165630388221,-0.181936212101168,-0.083907052891496,10.8067953461413
-0.676957005934507,-0.127318747913924,0.17318274878945,0.171582804477886,-2.20991499531002,0.29470237143757,-58.2371913969445,-0.871765384391892,-1.747832723703,-0.176793609769447,-0.0873345039824663,10.8553683465469
-0.678324334738542,-0.126195114929942,0.174344838617119,0.172090129366386,-2.20920570581337,0.29428473787281,-59.9642973766444,-1.07246735044328,-1.72954440041636,-0.182722051473045,-0.0850999089932054,10.8284520409508
-0.679728915784539,-0.125182992192219,0.175436551461657,0.172540247975599,-2.20851253979662,0.293932068308087,-58.7042444915157,-1.3364577890602,-1.63406684659395,-0.178180711641491,-0.0877391608257097,10.8883758680685
-0.681128894998136,-0.124338098836388,0.176407203933243,0.172899544569097,-2.20788163523221,0.293669330114666,-59.3776468987049,-1.15575984827228,-1.56486697914187,-0.17843811884874,-0.0857277951097786,10.8743377133584
-0.682481975746516,-0.123688161579133,0.177224500067363,0.173149811303168,-2.20735127742474,0.29350879665509,-59.505200406341,-0.672898448269962,-1.8027240675834,-0.178777734079662,-0.0884500381281074,10.8823134912731
-0.683751470389099,-0.123250590656898,0.177864064126819,0.173276803021293,-2.206948423144,0.293453337891448,-58.748218591914,-1.22834712450754,-1.73779907651098,-0.180074818142454,-0.0871902903747793,10.9303253901933
-0.684906815764614,-0.123030847629218,0.178310462075166,0.173272424831702,-2.20669482514504,0.293501567593232,-60.3097763520071,-0.178342844739291,-1.79636976560272,-0.186200998615224,-0.084333799146417,10.899760211238
-0.685927720437108,-0.123002156628696,0.178573046251596,0.173147405317632,-2.20659133062409,0.293633571280663,-58.9910337466933,-0.0459709382098481,-1.70769613279333,-0.182198844101644,-0.0877540704593583,10.9730914780972
-0.686806419226041,-0.123124465657887,0.178672930130364,0.172921207599139,-2.20662822279003,0.293826658626025,-59.926631610518,-0.942746812027963,-1.65270725274837,-0.178865413781764,-0.0852630247663178,10.9646356478186
-0.687546708521185,-0.123347367945765,0.178642091206064,0.1726199704581,-2.20678417001143,0.294051361101926,-60.1329798120997,-1.03195496220678,-1.68213213466515,-0.180185916467236,-0.0866117942196442,10.9759193339026
-0.688169278018759,-0.123604551680108,0.178527417720329,0.17227937669431,-2.20702024572807,0.294271335137519,-59.2798206189451,-0.499602737158057,-1.60238751123751,-0.177132718918869,-0.0914950453066558,11.0175548575674
-0.688699500007174,-0.12383629141679,0.17837391889254,0.171930946085216,-2.2072949967551,0.294450627582893,-60.8326116132824,-0.472737552877561,-1.65331159706122,-0.181137076631062,-0.0889733364250641,10.9718321481034
-0.689168923437431,-0.123987882854308,0.178224591615144,0.171606135777343,-2.20756810241236,0.294562306541409,-59.2208598155931,-0.55010132890061,-1.65163005256707,-0.18207270812664,-0.0891767035855099,11.0297772540014
-0.68961405849387,-0.124020843511063,0.178112827510279,0.171328120938745,-2.20780300459032,0.294588912622501,-60.1434846437942,-0.28411119942939,-1.63629294679828,-0.184616894416312,-0.0844936150384359,11.0094200900426
-0.690068137133679,-0.123921008372899,0.17805626136377,0.171105062081238,-2.20797013355991,0.294521241660518,-60.302075890449,-1.39376050516307,-1.74940022116181,-0.181561354196703,-0.0886080505496021,11.0210763852492
-0.690559978855221,-0.123686994868272,0.178063411173763,0.170939434706944,-2.20805299201408,0.294363231890465,-59.4577880831607,-1.03158012639233,-1.65047648032922,-0.180854654521562,-0.0917654988756411,11.064811334436
-0.691108645274473,-0.123340063514506,0.178126279258798,0.170822089712529,-2.20805109116678,0.29413323847876,-60.9854542490737,-0.431306762419581,-1.75209948697858,-0.180233932991318,-0.088047239471135,11.0443289667122
-0.691732747556663,-0.122903308233822,0.17823606190867,0.17074333651319,-2.20796043374236,0.293842986874109,-59.7127659675091,0.0828988805226345,-1.76972554730531,-0.180157398205738,-0.0904231643308714,11.1175930519685
-0.692428964561284,-0.122433444034471,0.178355519610023,0.170675148867972,-2.20780769675475,0.293526854673459,-60.7455133280105,-0.800989956778494,-1.85463184183158,-0.182217396607341,-0.0894438234639195,11.1019755167408
-0.693200491688361,-0.121970869348824,0.178463348515796,0.170599556938331,-2.20760453301152,0.293204300827889,-60.8442193800553,-1.08447807421589,-1.84157721082201,-0.183579322133887,-0.0876799070634766,11.113162556697
-0.694043816289651,-0.121559423260094,0.178534778750404,0.170497217350796,-2.207374629879,0.292902873176116,-60.0843741305317,-1.35385569887671,-1.70164181806456,-0.183335401402883,-0.0892762576512673,11.1463338662949
-0.69493614481012,-0.121250744228803,0.178536399394693,0.170343703301158,-2.20714794108681,0.292643841359428,-61.2738838433755,-1.19930068109238,-1.8094581430073,-0.185643860764511,-0.0876798248328813,11.1053557368766
-0.695860568284579,-0.121071526483356,0.178454143045332,0.170129684706906,-2.20694574920321,0.292440287641428,-60.0047683665478,-0.0491807026874085,-1.78231846986407,-0.185556574598309,-0.0891125146432595,11.1669273364959
-0.696798539598316,-0.121039023402778,0.178279733098243,0.169850847323574,-2.20678483307705,0.292298155657094,-60.8340812103212,0.26895492276094,-1.76183830429488,-0.183947497972696,-0.0897642380232175,11.1497796403432
-0.697726340259763,-0.121167401475343,0.178005958896135,0.16950162673809,-2.20667996842189,0.292216626586831,-61.2586555847047,-0.280207539707135,-1.67030905486928,-0.181977626491686,-0.0874532257180979,11.1717205192775
-0.698627681820167,-0.121446924183696,0.17764460647866,0.169089428695838,-2.20663183256848,0.292183557443796,-60.3850926334965,-0.285769060043776,-1.74249030559855,-0.182959817918225,-0.0891405742829853,11.224554637217
-0.699479419383368,-0.12187058883534,0.177201943603159,0.168617897098424,-2.20664706826945,0.292189165321623,-61.8519939925056,-0.796893661228978,-1.74862797136598,-0.187550760685598,-0.089889846058022,11.2025905695184
-0.700271144773061,-0.12240674286174,0.176702601545956,0.168104174655431,-2.20671537320825,0.292213034156942,-60.6154863611578,-1.04927685437497,-1.70778343766378,-0.186814228124834,-0.0902144903497969,11.2719189313955
-0.700994263265846,-0.123024994142211,0.176169828785302,0.16756094505534,-2.20682354620668,0.292232203303648,-61.3257657809907,-1.77780079093804,-1.69042963593077,-0.187691654374232,-0.092188885619019,11.2528242815574
-0.701645979782786,-0.123688673296284,0.175629688869833,0.16700376701768,-2.20695415308124,0.29222413501043,-61.6396201259539,-1.15108103528269,-1.7706596584016,-0.188332262740293,-0.0907225621527523,11.2521427910519
-0.702222456712564,-0.124356350343651,0.175109992876561,0.166452122672084,-2.20709545898606,0.292172186502076,-60.7155447354679,-0.801761103794888,-1.7596796985666,-0.186321875457645,-0.0931867295020861,11.2969241326915
-0.702733218231913,-0.124978612914557,0.174645806393127,0.165929242721767,-2.20722137474709,0.292050723487162,-62.2917300733858,-0.893838532017071,-1.77775903989573,-0.186666529116355,-0.0868393327948213,11.2533163284106
-0.703186668235018,-0.125527175186599,0.174256134324735,0.165444507109413,-2.2073143677499,0.291844722157323,-60.9105938570229,-0.630417317587671,-1.7765866732301,-0.186626958628646,-0.0895057291960943,11.3211962326881
-0.703597428006449,-0.125968295981207,0.173963300438803,0.165013854605743,-2.20735545495484,0.291541504232575,-61.8272546330761,-0.857481260474287,-1.74456613570044,-0.187661713182455,-0.0889679381658363,11.3127019137643
-0.703981331693814,-0.126276524416581,0.173785200383758,0.164648817678812,-2.20732878178072,0.291131202978391,-62.0493857448226,-0.799948863019154,-1.68572774258371,-0.187735331234747,-0.0913204980197083,11.3344099945228
-0.704360584684364,-0.126436230163433,0.173733708732884,0.164357087185421,-2.20721968436146,0.290610871676318,-61.2005485537649,-1.13960739474692,-1.82169396143101,-0.188857937024186,-0.0929524458805946,11.3878661570996
-0.704755549117505,-0.1264328755991,0.173819881613478,0.164148543883953,-2.20701893459216,0.289981378457224,-62.7142744910358,-0.335048418113047,-1.86773911228426,-0.191307412468389,-0.0942107788272454,11.3584577182248
-0.705174797531696,-0.126279271331243,0.174034158931039,0.164017435474456,-2.206735144639,0.289257174129562,-61.5333553655281,-0.933847843725289,-1.81605799723386,-0.188666233422675,-0.0925967156779758,11.4251051620302
-0.705638408436239,-0.125985901495109,0.174372325788483,0.163961342441419,-2.20636878478663,0.288452980062179,-62.2958663667247,-0.579277088847903,-1.83043769493491,-0.189473154942658,-0.0931221985968798,11.4104453272855
-0.706162140313461,-0.125568467025884,0.174826374689521,0.163975333932567,-2.20592522983628,0.287586846371413,-62.424242988374,-0.820800080954086,-1.83196884934782,-0.189762404821968,-0.0890626426028262,11.4147254583211
-0.70675896638315,-0.12505454635015,0.17537909683636,0.164048099110642,-2.20541714417434,0.286683659845326,-61.5185368541467,-0.632124818772581,-1.77153207734523,-0.188803151636788,-0.0877641027551255,11.4599602686401
-0.707432098288212,-0.124473507249978,0.176012170813841,0.164165845888384,-2.20485995182467,0.285768350163592,-63.2115330139591,-1.21758251020515,-1.78839142580199,-0.189735283888355,-0.0887616988553796,11.42000610389
-0.70818900428219,-0.123848079274095,0.176711042500719,0.164319591000606,-2.20426373088676,0.28486176937756,-61.6756539942775,-1.20640686721276,-1.69558284072386,-0.188345439077101,-0.0916799933478808,11.491535403263
-0.709035961890543,-0.123195958578918,0.177463920227615,0.164502514543885,-2.20363886637193,0.283985136902342,-62.7285373216278,-0.970188148144189,-1.77910486762266,-0.190324398675426,-0.0947529604411384,11.4727416036408
-0.709966197292216,-0.122533927940185,0.178256549716342,0.164708733261178,-2.20299969806253,0.283154882059639,-62.7541591800739,-0.817215767561265,-1.89912665148017,-0.190924382926544,-0.0905473515499676,11.4864229210065
-0.710978549300079,-0.121865268834927,0.17908491280231,0.164938324499412,-2.20234964531658,0.28237907521761,-62.0214735925948,-0.999611815277376,-1.8127739562253,-0.18683926502651,-0.0919750450600037,11.5292046104031
-0.712062901114615,-0.121191607799873,0.179943219603513,0.165192041159143,-2.2016962838146,0.281662688412225,-63.5818278750374,-0.4172102388643,-1.80812633040588,-0.192390584572824,-0.0900613752262228,11.5039646989916
-0.713205875495787,-0.120516017540948,0.180822847664273,0.165468116498947,-2.20104278360937,0.281002401775412,-62.2848593680701,-0.528982671362883,-1.83789429028405,-0.192642977336326,-0.0923912433962003,11.570708336504
-0.714389335982698,-0.119836178669853,0.181717638176966,0.165767287357087,-2.2003951046864,0.280393323374622,-63.1734148801084,-0.378518121016441,-1.92518440405681,-0.191796390753308,-0.0922889946364108,11.5501088481341
-0.715591112903083,-0.119144881294819,0.182623481217162,0.166093902152283,-2.19975852272944,0.279824395072554,-63.1005962877584,-1.30911616920571,-1.85690591099174,-0.191369002598144,-0.0941902768659167,11.5647038938088
-0.716783265360886,-0.118441271564738,0.183530204574067,0.166447402999883,-2.19914529781792,0.279287814047768,-62.4168246759243,-1.53078606259783,-1.84864939812297,-0.190081937514894,-0.0966258441913752,11.6057039043404
-0.717935740363841,-0.117717074579576,0.184432968610823,0.166831059335243,-2.1985660586492,0.278770291823839,-63.8806172381696,-0.245988105989682,-1.79197822492461,-0.198149103163057,-0.0912192588450019,11.5700025979433
-0.719025018835227,-0.116970667758762,0.18532284936362,0.167244480453561,-2.19803240791539,0.278264361632953,-62.5801391536004,-0.174811710253152,-1.81487047067873,-0.192528400663258,-0.0921753455054354,11.6462197000227
-0.720021234148754,-0.11622250284719,0.186175721373894,0.167672326546298,-2.19756597495397,0.277770770540554,-63.487205861086,-0.315567200334044,-1.77676586247841,-0.194157775469023,-0.0908805392629883,11.6348375671599
-0.720913373544723,-0.115466005759303,0.186990167267608,0.168116226213148,-2.19717305747047,0.277284953683966,-63.8498033803934,0.00618337063269792,-1.86139709271649,-0.197039883965369,-0.0935872078263822,11.6438905489269
-0.721693520106243,-0.11470877012143,0.187757210097071,0.168566748322672,-2.19686178383973,0.276807895092317,-62.7969945168678,-0.663427405995662,-1.8289104579211,-0.192038280767823,-0.100169181092076,11.6889065204028
-0.722362334823718,-0.113962527023601,0.188467572565957,0.169012393276653,-2.19663727955556,0.276344672610635,-64.2973045819327,-0.998019391261778,-1.84631559098364,-0.19708348957531,-0.0977244373694873,11.6515589199657
-0.722931368528636,-0.113238306689284,0.18911493145777,0.169441643461136,-2.19649535106584,0.275898212794353,-62.9693156730527,0.198534138196237,-1.94741410226825,-0.196896710880698,-0.0935096660948399,11.7096257173573
-0.723421161463948,-0.112555827877156,0.189690219177915,0.169837018819757,-2.19642688622366,0.275474096524038,-63.7717644822498,-0.961220463168956,-1.88601376561297,-0.197180037711867,-0.0918032818199588,11.6955125932781
-0.723858723662624,-0.111939627394532,0.190185028201168,0.170178090884037,-2.19641908920723,0.275078767685046,-64.0400730141224,-0.794889703923673,-1.96123123236185,-0.197400022058115,-0.0943877402150253,11.7135813385113
-0.724275125702216,-0.111412641740751,0.190593498106126,0.170444999008458,-2.1964519521937,0.274713744127424,-63.2784482397838,-0.678459913511915,-1.81343659845803,-0.193797392194111,-0.0940950124032452,11.7647364537852
-0.724702981411616,-0.110996392825452,0.190913390509151,0.170619036292026,-2.19650068766489,0.27437601554377,-64.8786700767934,-0.896732789034786,-1.8893042228456,-0.19957511358391,-0.0956387294346596,11.7397857549496
-0.725171868129497,-0.110710942410651,0.191143566450447,0.170684376566011,-2.19654315540547,0.274062979680588,-63.6651424060524,-0.245180912357227,-1.8302124746223,-0.196458224076443,-0.09682830141128,11.806770198571
-0.725700802740228,-0.110582800189759,0.19127721348154,0.170622714689197,-2.19656601906299,0.273775934181607,-64.4563386860866,-0.714606346665505,-1.80630100843894,-0.195905942586848,-0.0968334115870901,11.7843484306357
-0.726309956481371,-0.110618042374281,0.191323415146757,0.170429568077768,-2.19654571750345,0.273502748425752,-64.6542786946738,-0.960407180062475,-1.80846067353664,-0.194723723665327,-0.0942355075431388,11.7900056431976
-0.727012319004366,-0.110810443388906,0.191298422813835,0.170109703786286,-2.1964643476045,0.273232172117945,-63.510367466904,-0.520558346584494,-1.84062424470545,-0.196396513569594,-0.0920693045735059,11.8367508315821
-0.727803883057749,-0.111147504237055,0.191219149506019,0.169672653210196,-2.19631609103191,0.272955279210505,-65.2664540449125,-0.670368148209491,-1.88120747805743,-0.200444191915114,-0.0946179989076292,11.7979559000765
-0.728689096940009,-0.111584180395178,0.191124822491111,0.169150835246543,-2.19608221716638,0.272651328157676,-63.8307664313243,-1.30565294334201,-1.84527647246028,-0.197683206524252,-0.0913825381465,11.8683285781668
-0.72965479075861,-0.112075366127695,0.191048563442574,0.168579388593777,-2.19576449340697,0.27231385295855,-64.8633870365213,-1.01490521775554,-1.79078525651465,-0.194709608464141,-0.0951333384979476,11.856457585749
-0.730683403889683,-0.112568361828137,0.191025590478186,0.167998588452824,-2.19536622939547,0.271934905286465,-64.8963707111611,-0.848176464518247,-1.79742141611953,-0.197695444155997,-0.0969848885943503,11.8726117883637
-0.731765754455256,-0.112995949849837,0.191100454700237,0.167457653379971,-2.19488438608084,0.271505892124095,-64.0806941738841,-0.593476071658188,-1.91643716063231,-0.19789945937185,-0.0984462423471842,11.9139829653451
-0.732886714962903,-0.113300974080091,0.191304800410104,0.166999656180865,-2.19432652099382,0.271028030102855,-65.6172356378625,-0.985545552964368,-2.00948108598047,-0.203317646402521,-0.0957652054708426,11.8828359162762
-0.734022795268726,-0.113440333864682,0.19165623633621,0.166659287689635,-2.19371192172223,0.270511178643841,-64.5166437303661,-0.347897723030201,-1.99221938212131,-0.196639629639557,-0.0936838476578942,11.9517026757668
-0.73515567674673,-0.113383399081174,0.192161678113793,0.166461841867737,-2.19305851050677,0.269967615547668,-65.1903793540848,-0.21339557942656,-1.91202355169131,-0.201439046605656,-0.0919124863429523,11.9395079995146
-0.736266576112134,-0.113128501057385,0.192806107241543,0.166411780629856,-2.19238646090667,0.269413229841467,-65.411613238129,-0.41186114166976,-1.84663421320491,-0.199890355252383,-0.091953688057136,11.9450293223529
-0.737333881440734,-0.112699319606825,0.193556296826011,0.166495236206725,-2.19172315923688,0.268870130487128,-64.3783973726029,-0.850461331311863,-1.84128418984858,-0.19213208495459,-0.0988722104877736,11.9975871036406
-0.738335106127579,-0.11214557675936,0.194359462633588,0.166679951541656,-2.19110220355123,0.268364213914949,-66.0577951792392,-1.63102874915558,-1.85418732008318,-0.196359369433528,-0.0930371802670443,11.9606172778402
-0.739249237107825,-0.111531479590266,0.195155074677198,0.166922326278362,-2.19055413859963,0.267918649435649,-64.79373239606,-0.691974356310084,-1.9072443835023,-0.198240973924026,-0.0951830794142961,12.021955708205
-0.740047982523715,-0.110938777899106,0.195870366997334,0.167167222945276,-2.19011964172291,0.267560147149811,-65.634684952462,-1.13967340288286,-1.85511669248805,-0.201145084165863,-0.0943992842524692,12.015078254489
-0.740714081754346,-0.110440993442023,0.196443084538987,0.167363337247516,-2.18982841425585,0.26730710416776,-65.888759519456,-0.352635119541674,-2.070805503092,-0.204126761720413,-0.0935264306725297,12.0302926542264
-0.741231644442653,-0.11010742288848,0.196817766681238,0.167461940517744,-2.18970743790041,0.26717384951918,-64.9252551422522,-0.565157354251824,-1.99418560914464,-0.202342568541337,-0.0997253545637454,12.0847361844028
-0.741596806884334,-0.109982162315282,0.196962054989088,0.167431190357837,-2.18976854826123,0.267162512808469,-66.6040638744893,-0.353923059175486,-2.09916924553335,-0.201884700585815,-0.0982987743137737,12.0502528743645
-0.741813333943866,-0.11009156014773,0.196861574827403,0.167249979101661,-2.19001397922043,0.267268947033059,-65.0802005585433,-0.277958125459463,-1.78588581508993,-0.198779561602854,-0.100705170196852,12.1166684307504
-0.741900981483211,-0.11043046687421,0.196528296101745,0.166920105572175,-2.19042817923169,0.267479203201617,-65.9518044857329,-0.747410270407499,-1.88799745272613,-0.199560301561014,-0.0965984066534457,12.0969825822811
-0.741884476125947,-0.110966420942565,0.195997668295219,0.166460712911153,-2.19098339564632,0.267768525678935,-66.2412297093647,-1.05707532022097,-1.94239028312094,-0.202750363090857,-0.0954499654221199,12.1057776249159
-0.741802438631865,-0.111640201194711,0.195327650566737,0.165909557715285,-2.19163862254119,0.268108272144972,-65.1867474211148,-0.772180081849456,-1.92347185279206,-0.203449916736467,-0.0993180407696535,12.1480120170421
-0.741702709355704,-0.112374385533072,0.194592244982298,0.16531677675042,-2.19233969317766,0.268463150847045,-66.8393390823134,-0.56715113504174,-2.00985261283219,-0.206000999781046,-0.0966238799858468,12.1102817685779
-0.741630336660284,-0.113094141003248,0.193862388010384,0.164730393109807,-2.19303111108883,0.268796079172973,-65.6120917360926,-0.782284961153664,-1.97066280752094,-0.201061157272622,-0.0980132522302287,12.1807878889385
-0.741629014725413,-0.113721366039997,0.193211386626577,0.164199851114068,-2.19365669044748,0.269072429175632,-66.5725856608518,-0.723539294516513,-1.96997806711784,-0.199428277653819,-0.0985909638519952,12.168387633931
-0.741740518999745,-0.114192533932393,0.192700526972967,0.16376468966329,-2.19416490124646,0.269263862311404,-66.7116727046995,-0.845716320914562,-1.9703356186285,-0.201782080042797,-0.0992550436803845,12.1909955703304
-0.742000469466236,-0.114458737553152,0.19237656313864,0.16345408819699,-2.1945084007423,0.269342615418705,-65.8859394184578,-0.455316172452967,-2.18421346005786,-0.201368216737584,-0.10114829307858,12.2416694911478
-0.742428951749858,-0.114488341682354,0.192269506473433,0.163284421674169,-2.19465638154214,0.269291772143607,-67.548456032012,-0.203825381895513,-1.98566697779668,-0.20683874808017,-0.100508704637151,12.2121835664138
-0.743036255939609,-0.11425515648808,0.192401444454629,0.16326846245156,-2.19458750643086,0.269098789561522,-66.0194123229709,-0.758927627385674,-1.96616052710837,-0.202246215236974,-0.10111218552313,12.2765312914001
-0.743824333593272,-0.113766474599161,0.192766250941731,0.163396070640022,-2.19429871768288,0.268766185214345,-66.9662298924196,-0.892764858605233,-1.97158204706514,-0.204270275619185,-0.0971449622801969,12.2593682012291
-0.744780950640219,-0.113025143764359,0.193354724554482,0.163661773970612,-2.19379856466378,0.268297858502401,-67.1085756601088,-0.890791443855505,-1.937362656451,-0.202948496699028,-0.0976902164348013,12.2639433112403
-0.745890816808125,-0.112041199593061,0.194151262325161,0.164055667686391,-2.19310541207355,0.267706251553423,-66.2131795763262,-0.208102466109722,-1.96210293584522,-0.197956318996666,-0.104074376071068,12.3042329652521
-0.747135163289211,-0.11083221085783,0.195131674271256,0.16456491555728,-2.19224688341463,0.267011954411692,-67.7483675203248,-0.196063642363697,-1.81268356151344,-0.205006027803986,-0.0991471683784804,12.2683765827427
-0.748490649500128,-0.109419921408799,0.196266570451776,0.165176984529309,-2.19125813562303,0.266240328108642,-66.4863390900943,-0.942080524288031,-1.99160164032074,-0.201050854598659,-0.101189558323291,12.3388103922353
-0.749928162340486,-0.10783467335673,0.197519186098504,0.165876437611932,-2.19018619653463,0.26542675230717,-67.4193815222332,-0.586461881656533,-1.79992375436015,-0.201974851279732,-0.099930455981126,12.3302060085619
-0.751415035778676,-0.10610554603683,0.198853609415258,0.166651608298079,-2.18907963724104,0.264604701323772,-67.6466246466773,-0.943374378342696,-1.896116875242,-0.204384623417144,-0.100693233189045,12.3470889641139
-0.752917123070707,-0.104287620869315,0.200216972071063,0.167475548796645,-2.18799475715685,0.26381660247827,-66.8275595791784,-0.645746763651459,-1.91520401647153,-0.20306892042054,-0.102166812241208,12.4018400785829
-0.754398049090625,-0.102442201117545,0.201554402851357,0.168318986947554,-2.18698780813889,0.263103425523777,-68.405840272903,-0.570788789410699,-2.01780443080978,-0.207007634277661,-0.100595832170337,12.3699054029752
-0.755816486020405,-0.10064216768394,0.20280422378478,0.169146670945167,-2.18611940362027,0.262508424372831,-66.7908348907221,-1.02483293554837,-1.9960964053239,-0.205628572089029,-0.101903916725187,12.4302825852298
-0.757124177911421,-0.0989921588935889,0.203885232900908,0.16990155794375,-2.18545272925775,0.262073776034375,-67.7319428455634,-0.45797074100301,-1.9978765688702,-0.207248796810282,-0.0990586667704593,12.4049033052352
-0.758284152576751,-0.0975917059276972,0.204725613978832,0.170526759783279,-2.18503283468159,0.261828667730929,-67.9076869739162,-0.336201554144509,-1.88665146118521,-0.20605793801704,-0.096724617892814,12.415540018462
-0.759256255995527,-0.0965588316796087,0.205243753774616,0.170951016304712,-2.18490690949079,0.261802696433108,-66.942933644473,-1.01023943836299,-1.97367852420041,-0.205815684823425,-0.09869210405778,12.4577343154616
-0.760010818458221,-0.0959866419983175,0.205381112263613,0.171116173057462,-2.18510180137988,0.262008097877494,-68.7184733529787,-0.336737799632601,-2.01837615170456,-0.206967822363139,-0.0976673691517531,12.4321979876706
-0.76053261451463,-0.0959544180012584,0.205092729695454,0.17096963825434,-2.1856249105927,0.262444195812666,-67.3877515568947,-0.260079699924063,-1.79230415073826,-0.205361800276889,-0.102095897448393,12.5113868903525
-0.760820138055599,-0.0965126377538708,0.204356813897447,0.170475442100024,-2.18646532779826,0.263097667125879,-68.2061151728508,-0.374425582758931,-1.92999106686892,-0.206019298421503,-0.103695602868513,12.4967538480003
-0.7608927871041,-0.0976633738939352,0.203191074772912,0.169625813053753,-2.18759072319288,0.263944468587533,-68.4549377375007,-1.09116627255344,-1.89288829664434,-0.208759371656582,-0.102832374488218,12.5078194914106
-0.760787251570675,-0.0993658295365529,0.201644320746448,0.168439367583447,-2.18894453236998,0.264943328451042,-67.5129333848039,-0.280295490117851,-1.98602991197083,-0.208605002157628,-0.106316397068765,12.5474219638092
-0.760561604510399,-0.101529572469776,0.199802229550837,0.166965923478515,-2.19044664345441,0.266040481519064,-69.0213891046043,-0.584723547024396,-2.0494391447132,-0.211775445723082,-0.102634028199359,12.5058828287622
-0.760288378430893,-0.104010483544645,0.197788270327852,0.165290887971019,-2.19200002550893,0.267171949267735,-67.6776270828912,-0.507421238343568,-1.8766598377066,-0.212969059261969,-0.102472149585788,12.5774159981792
-0.760043903731172,-0.106646660757825,0.195735844519905,0.16351295829852,-2.19350892860058,0.268280742095189,-68.5230047644215,-0.343400452139349,-1.99159335378266,-0.211681289751196,-0.100602797947961,12.5612065958895
-0.759910062790883,-0.109248529802141,0.193794804003291,0.161750921156873,-2.19487155312403,0.269305496715716,-68.7820392137477,-0.892496574082315,-2.04870798533898,-0.210532951542034,-0.101258909223057,12.5708547782594
-0.759958849024124,-0.111632868317941,0.192106370280312,0.160121729333864,-2.19599614247004,0.270190957051854,-67.93008036406,-0.92792485227892,-1.95624235336814,-0.205547941948117,-0.103157629460126,12.6228149735513
-0.76024388842298,-0.113637578170808,0.190790772807616,0.158729989879641,-2.19681359785562,0.270896248815379,-69.4874865433667,-1.04502288153162,-1.95791911675238,-0.211182203271213,-0.102178650110616,12.5889554029267
-0.760806223098461,-0.11513169829987,0.189941372941958,0.157661258146043,-2.19726743320011,0.271385489640905,-68.0909143898832,-0.539207603782188,-1.87094141721846,-0.210750457208404,-0.104987014682774,12.657182093748
-0.761656940901674,-0.11602988430062,0.189612970606846,0.156974431410572,-2.19733679878158,0.27164397376311,-69.0215239598967,-0.87237927146839,-1.96867057621787,-0.212293800728298,-0.102202552628551,12.6444184380617
-0.762781106541309,-0.116303400151639,0.189814308693127,0.156693555179186,-2.19703291223947,0.271675756675889,-69.2020424881244,-1.09060003931336,-2.01971048147647,-0.213923905328935,-0.100596768467036,12.6606934526027
-0.764136098434413,-0.115996336454473,0.190499543398235,0.156793193144912,-2.19639590791527,0.271498439484625,-68.3932184848046,-0.457986457621246,-2.03816031742255,-0.211360744471716,-0.10322184942204,12.7129025604873
-0.765671368496551,-0.115182956740981,0.191600293345422,0.157227656193215,-2.19548074993289,0.27113936672474,-69.9337060718595,-0.965026893993581,-1.91180624750072,-0.212721057547613,-0.104508512718234,12.6749686602094
-0.767316990959776,-0.113986595128373,0.193011509349795,0.157918549135538,-2.19436321782884,0.270634709971656,-68.5312941826265,-0.673208299010412,-1.90475824036395,-0.207644534769372,-0.10537844772841,12.7448095055534
-0.768995632511783,-0.112567354380695,0.194602706718002,0.158761008573897,-2.19312995846148,0.270028140930872,-69.709579809137,-0.117636749598432,-2.03498452384596,-0.210920725202678,-0.101726207570204,12.7270302512637
-0.77063232818998,-0.111096720515072,0.196237226809221,0.159641496610577,-2.19186637094576,0.269360990835372,-69.7860785168254,-0.0654052278371182,-2.06168351093606,-0.213046085142084,-0.101920352638965,12.7410943865951
-0.772161287074424,-0.109732943409246,0.197791101571916,0.160453090693909,-2.19064827868602,0.268671297256685,-68.7174240552471,-0.716940579758329,-2.05871820589485,-0.211928541988788,-0.104361182142801,12.7810628770905
-0.773529553375848,-0.108618379688704,0.199153740841764,0.16109944608672,-2.18954444336892,0.267996337786842,-70.2460449443584,-0.907877282797244,-2.06059722685438,-0.214553561677435,-0.101762078426863,12.7522167513522
-0.774707366773137,-0.107853559758597,0.200248830937331,0.161510006956273,-2.18859611079463,0.267357664123072,-69.019232757124,-0.235827690439919,-1.97254600267385,-0.214127709551712,-0.105252179710916,12.8191846530063
-0.775675857324299,-0.107505898080401,0.201025666816463,0.161636260186807,-2.18783253507258,0.266773189519148,-69.9926130526963,-0.743309515670944,-2.02709111951467,-0.214707187715621,-0.107339286530926,12.8133617963544
-0.776439605529211,-0.107590817785394,0.201472330025624,0.161465878361329,-2.18725850156999,0.266247912305652,-70.2430926990021,-0.25125619118171,-2.13991207313452,-0.211646834974133,-0.103988882574641,12.8364853523403
-0.777025165989786,-0.108073809394137,0.201615728591091,0.161018972712462,-2.18685270912637,0.265773000966473,-69.2086885764975,-1.12310175123662,-2.02539958727797,-0.212008789900274,-0.104509389344389,12.886190592083
-0.777471521871915,-0.108889364415842,0.201505353872382,0.160338077554943,-2.18658155977497,0.265336180109563,-70.9153478020209,-0.934767250361119,-2.10748869270694,-0.217539845032892,-0.102045191616666,12.8495926706049
-0.777824428577349,-0.109940165567695,0.20121328692316,0.159487739010581,-2.18640112347078,0.264918811098087,-69.6975602646321,-0.778626224478558,-2.05723715907871,-0.213390102223519,-0.108216589938161,12.9120351200954
-0.77814223130244,-0.111107821814637,0.200825787216354,0.158548119524462,-2.18625517199874,0.264495286318366,-70.3521830648483,-0.507283254173217,-2.05577903169197,-0.216506248386505,-0.104603830467986,12.8887330729943
-0.778481027752327,-0.112271930325614,0.200428910090428,0.157601552005901,-2.18608622837138,0.264037535851767,-70.5908902711733,-0.629316726498701,-2.09350711571349,-0.214758086025069,-0.102793866189994,12.8928865218957
-0.778887970863541,-0.113318314196303,0.20010204722573,0.156728142871005,-2.18585044931206,0.26352756348559,-69.4982571259711,-0.483717110845646,-1.98086549640925,-0.212195083980973,-0.104838995580887,12.946129663232
-0.779394028976895,-0.114168686921347,0.199897390085744,0.155983317605049,-2.18552010841665,0.262954879152339,-71.4508312438963,-0.649807921975935,-1.88211036133072,-0.213464620153313,-0.105352106339015,12.9136616599012
-0.780025104502615,-0.114762147294092,0.199853250783027,0.155410744950121,-2.18507154111572,0.262307935805556,-70.1728693820912,-1.0107603576314,-1.96256022495621,-0.212331702195318,-0.107883808897913,12.9794211118852
-0.780788273799277,-0.115082157571734,0.199975283833608,0.155024032305124,-2.18450491860167,0.261591392947369,-71.0286951579711,-0.766943348292216,-1.92973941278728,-0.216163575365567,-0.107655905181593,12.972340271179
-0.781673907496728,-0.115160629287925,0.20023486975528,0.154803124516886,-2.1838418457719,0.260823214218352,-71.2395418397039,-0.608883023206999,-2.07591196227506,-0.21685649174046,-0.10427442766036,12.9933205019612
-0.78265782349997,-0.115050705972185,0.200588235716002,0.154711905025508,-2.18311369011179,0.260022450816696,-70.3032060372921,-0.294134374381429,-2.07252140679032,-0.214281804742115,-0.103581760789469,13.0384772236826
-0.783703324110017,-0.114841733846026,0.200966800539153,0.154689516436333,-2.18236977385041,0.259220946175049,-71.7585811409999,-0.483877101198232,-2.04426333853181,-0.217911792234197,-0.104287413408062,13.0069030650614
-0.78477320097699,-0.114615042741697,0.201310159942284,0.154679700545541,-2.18165745751311,0.258449032870572,-70.4654763908604,-0.797558296381794,-2.00082112855378,-0.214873644069288,-0.108127940568333,13.0699151749732
-0.785824174204625,-0.114474343470342,0.201545698909031,0.154609564848012,-2.18102953345553,0.257740685925138,-71.2784363745943,-0.873779764752953,-2.0286209037985,-0.215264862320669,-0.109766863104749,13.0540584888765
-0.786818921037037,-0.114498900833004,0.20162046215291,0.154422479315283,-2.18052864557908,0.257122078555971,-71.5895594409516,-1.16157996781862,-2.0508389027774,-0.217939630586147,-0.104723805742234,13.0616170991721
-0.78772726006314,-0.114741913373037,0.201503243109325,0.154079242617331,-2.18018456601448,0.256609972319307,-70.3668757615106,-0.428133500017566,-2.03837712836125,-0.216126936209721,-0.103965759410084,13.1123728761859
-0.788536720484642,-0.115222432638399,0.201190247552772,0.153564443090099,-2.18000838078202,0.256211365611833,-72.0410242126795,-0.477705630243918,-2.15220231494376,-0.218144108478115,-0.102314894288724,13.0677354386925
-0.789248448586647,-0.115920001400238,0.200707853407393,0.152889749243391,-2.17999177599164,0.255920603647498,-70.7539588105793,-0.692279440272614,-2.02448974980305,-0.217398557674918,-0.108228851478067,13.1424347013688
-0.789876482782196,-0.116784573881982,0.200103726763583,0.152089531266973,-2.18011401652261,0.255726803836011,-71.7155320628318,-0.562611431167852,-2.10449643877124,-0.218472528362985,-0.104781424635605,13.1301860551746
-0.790444059404302,-0.117733752266354,0.199448219779736,0.1512207691665,-2.18033642704173,0.255602600471179,-71.8361266939827,-0.705377352883033,-2.08653672675487,-0.219179172698275,-0.106805416142385,13.1461570470882
-0.790982228528942,-0.118674630212644,0.198818180204154,0.150348213273505,-2.1806138523974,0.255519279256572,-71.1050291852892,-1.32311579438692,-2.0488119594377,-0.21573634900344,-0.109269746727145,13.1959058837896
-0.79153416586235,-0.119503870557381,0.198297921955891,0.149543927059652,-2.18088408160332,0.255435879759988,-72.5986714151194,-0.739401426598533,-1.96280030622074,-0.218530899201005,-0.104270310481281,13.166601697692
-0.792137667314317,-0.120131596847439,0.197957081985279,0.148872995406984,-2.18109483188871,0.255318683098514,-71.2857522802025,-0.656314530496502,-1.97371296259436,-0.219299234597321,-0.106904186354115,13.2313192642445
-0.792816410246199,-0.120501318589437,0.197836670775852,0.148379607760104,-2.18121022858624,0.255144591039534,-72.0531778930646,-0.91110085609148,-2.15946525880057,-0.221442942304892,-0.107557034280999,13.2185315910098
-0.793595121396455,-0.12058039176708,0.197959128943405,0.148088725257852,-2.18119053246238,0.254885919216788,-72.4707529473354,-1.18158365450836,-2.115021583275,-0.220188279199109,-0.108659076488553,13.2257501083628
-0.794475628195165,-0.120389152636115,0.198303772629375,0.147991470755786,-2.18102765557208,0.254537913385622,-71.4266938254088,-0.775116919553966,-1.95078946571377,-0.217180655240841,-0.10910280991508,13.2698057118614
-0.795449734284051,-0.119970350402934,0.198831793029294,0.14806224372262,-2.18072365407963,0.254101103965918,-72.9883197090568,-0.834206696843921,-2.20174824352151,-0.219896384845911,-0.106444478687649,13.2365774192718
-0.796496243388303,-0.119404227233392,0.199475176555206,0.148248336235558,-2.18029637224612,0.253585274765564,-71.7360960011329,-0.980848158719937,-2.09950629176396,-0.220375935862833,-0.109521659570202,13.3080693485731
-0.797589946624477,-0.118775839598161,0.200161542966673,0.148493306360903,-2.17977242027533,0.253007258330579,-72.7415833659362,-0.698525742550146,-2.0565353567215,-0.220663482343511,-0.107485455845715,13.3041131858911
-0.798698986354147,-0.118176919376626,0.200815188851436,0.148733410678343,-2.17918697628121,0.252388940343945,-72.8336242147257,-0.990337636653976,-2.16127457490774,-0.224004266687606,-0.107117036340141,13.3205709037478
-0.799790671688578,-0.117691908267259,0.201365158261624,0.148908989406055,-2.17857949609817,0.251754754725015,-71.9441573680363,-0.809663674243666,-2.19699085262351,-0.221374294862123,-0.111398030180619,13.3740447037033
-0.800839033052971,-0.117380272804787,0.201761643150369,0.148974486233838,-2.17798066935065,0.251121776803178,-73.7391580035519,-1.33166147222141,-2.13431735889537,-0.22302221469273,-0.109818946426854,13.3413985028692
-0.801826077250766,-0.117268531270525,0.201980453255307,0.148906176665886,-2.17741405738895,0.25050118073451,-72.3263916228851,-0.611492642429312,-2.09299703673369,-0.220000265762836,-0.109349216754949,13.4085694712046
-0.802747358919901,-0.117349090099145,0.202025771165223,0.14870353048154,-2.17689539977906,0.249905482202523,-73.1260983354231,-0.593878138333366,-2.14048894029042,-0.221856115919913,-0.107791807367051,13.3898141459365
-0.80360345566764,-0.117583845629046,0.201924505284018,0.148387101789085,-2.17643350682665,0.24933957324316,-73.3537524158518,-0.480115858611725,-2.1739043831322,-0.222704423136337,-0.10853795388426,13.3995438879796
-0.804408016901678,-0.117910272484689,0.201724080122286,0.147993578897208,-2.17602595206534,0.248802714740771,-72.2557782336575,-1.0447859378005,-2.20090925410793,-0.22062785099264,-0.111087201457961,13.4444641752171
-0.80517657385814,-0.118244635617367,0.201488521353431,0.14757502204757,-2.17566469074469,0.248289969824627,-74.0748806523982,-0.885114773893747,-2.18956405500256,-0.221107102833704,-0.105278647074943,13.4032874031618
-0.805932448862635,-0.118506914101934,0.20127910286477,0.147184295276631,-2.17533650763143,0.247796882203324,-72.6314514755047,-0.553038932373511,-2.19777222755411,-0.221348624870015,-0.109005090554182,13.4713704891936
-0.806688045394008,-0.118633834353888,0.201143708364137,0.146864983060201,-2.17504063433219,0.247328282053868,-73.533883240885,-0.415576746009947,-2.22164834855167,-0.220500314821638,-0.111414271687133,13.459397900581
-0.807461877471559,-0.118563849034027,0.201129480146496,0.146661256970199,-2.17476560601645,0.24688265017105,-73.6792753673463,-0.585931486120217,-2.14508496259333,-0.222621281233945,-0.112403640851147,13.4793730367504
-0.808258050026228,-0.118283531268499,0.201247162697852,0.14658695955018,-2.17451530654429,0.246470129932855,-72.8967025667361,-0.862315792954178,-2.17319123532442,-0.222472936862962,-0.113141190305537,13.5315599846327
-0.809081762532205,-0.117786301852608,0.201502545405401,0.146652767745391,-2.17429116770046,0.246100468050516,-74.5156242869842,-0.939969575151963,-2.24530479475584,-0.224857434463528,-0.108940957740884,13.5063694868164
-0.809935298194485,-0.117087587841056,0.201885483742941,0.146854283801332,-2.17409157940733,0.245779160602748,-73.0720648120302,-0.802853573492257,-2.18465282321364,-0.225404179742733,-0.110669668056019,13.5675740823095
-0.810813597140464,-0.116234588846295,0.202361891287421,0.147164611332469,-2.17391800851583,0.245512693576033,-74.0557632371515,-0.256522700281266,-2.1398154161437,-0.228025011018753,-0.109016553258653,13.5563989279375
-0.811709969942889,-0.11528679509445,0.202890011263371,0.147548674110019,-2.17377206039917,0.245303857987123,-74.3381773298888,-0.883546099053092,-2.2207739432896,-0.226447921392097,-0.107333154729624,13.5656632626819
-0.812622597794049,-0.114290618690705,0.20343921427306,0.147975974656148,-2.17364028526173,0.245140894163053,-73.204680103485,-0.691169264374366,-2.11272249035648,-0.225107939768405,-0.107848258830107,13.6150284458253
-0.813546336077004,-0.113296356778656,0.203975846369823,0.148412599945857,-2.17351325716044,0.245012570665395,-74.9983691433575,-0.948726419930608,-2.18352549834961,-0.225795469955177,-0.106876430762446,13.5712531425476
-0.814482930224095,-0.112332213227371,0.204484039957044,0.148836890259376,-2.17336942180793,0.244893769175226,-73.4029694673802,-0.397440944719165,-2.04006966104239,-0.2263559032155,-0.108302085336075,13.6379748782407
-0.815434804181239,-0.111416314657457,0.204957102786,0.149230055302234,-2.17318418063256,0.24475576200686,-74.3702985002342,-0.607735362681296,-2.12867911009621,-0.228428609526818,-0.110409993789734,13.6245053781142
-0.816399563622966,-0.110561467180492,0.205392148947918,0.149576278742923,-2.17293709562938,0.244567321024844,-74.629416336545,-0.670413296351626,-2.35361924340179,-0.230535323445521,-0.111989412574139,13.6437885459547
-0.817378495521827,-0.109763800740121,0.205797262443817,0.14987125761303,-2.1726083989104,0.244300356325945,-73.7860543542541,-0.64185551083574,-2.2196385947525,-0.226197976297835,-0.111840348485284,13.6927497878578
-0.818366545436939,-0.109017477903712,0.206181142498125,0.150113431956468,-2.17218989401759,0.243935863964868,-75.3387550464834,-0.39559237460162,-2.18832357047111,-0.228779383688631,-0.111074937181902,13.6621890419842
-0.819352310065763,-0.108317962190123,0.206550225406822,0.150301873798853,-2.17168276776334,0.24346358986806,-73.9924157717324,-1.0588347089049,-2.23336389399995,-0.228056635035681,-0.111662447332958,13.7268297503227
-0.820317528251827,-0.107665665488246,0.206904856872511,0.150435055878839,-2.1711033649857,0.242888114560013,-74.9093340392556,-0.660858437969182,-2.15351687106255,-0.227830130223873,-0.113418603950697,13.708347256195
-0.821238938033352,-0.107069989872826,0.207236444850284,0.150508522267554,-2.17047712098597,0.242222478881943,-74.9776601450289,-0.015657972484405,-2.15162664873881,-0.227551138613788,-0.111884469815864,13.7218638386034
-0.822088090228338,-0.106551237867592,0.207526346388606,0.150515626556753,-2.16984472943305,0.241498888235437,-74.105119196583,-0.577741411969555,-2.22872694900744,-0.226773055045081,-0.111757566914364,13.7633901856219
-0.822831943590352,-0.10615062571259,0.207740530031203,0.15043689302217,-2.16925542725711,0.240759947871074,-75.6838788043593,-0.752956184418736,-2.28473047150538,-0.230893282952959,-0.108648589303538,13.7304394154451
-0.823440717330794,-0.105901135867606,0.207849745903455,0.150260545039913,-2.16875592783777,0.240047465381123,-74.349323530375,-0.355642222401002,-2.06147217873027,-0.227499029305137,-0.110773217867219,13.8029483254348
-0.823887101121854,-0.10584735728394,0.207816710105029,0.149968028229082,-2.16839485504559,0.239408314758282,-75.3259272449392,-0.543571457335247,-2.23913426338979,-0.228308911920189,-0.114287388931069,13.7872877510616
-0.824159204146459,-0.106025298778954,0.207614822306915,0.149543998149876,-2.16820118324689,0.238877294300825,-75.4891008463642,-0.958354796515778,-2.21839519690153,-0.229907277326189,-0.112577949803331,13.7989656067075
-0.824261598297844,-0.106459059647699,0.207228784036725,0.148979047065881,-2.16818863196468,0.238480416446863,-74.5000385817265,-0.894072114365144,-2.19519231676566,-0.226836976659851,-0.113957574098347,13.8483390256648
-0.824207264209374,-0.107152355362236,0.206661275642029,0.148273922430576,-2.16835209512572,0.238224864519376,-75.9826237709889,-0.368316995190298,-2.34324437235406,-0.234030850287451,-0.11197194409279,13.819571979366
-0.824031859018239,-0.108085035405606,0.205935731553273,0.147441620917346,-2.16866233688929,0.238101461060017,-74.7395693760205,-0.706157785910818,-2.1824766686147,-0.227873755378479,-0.113438052444364,13.886019438221
-0.823777392957036,-0.109217831374145,0.205091867680692,0.14650396471788,-2.16907710477672,0.238087652756121,-75.7235531588169,-0.522638550781721,-2.34557032979458,-0.231710083749341,-0.114639791924382,13.8737558191193
-0.823503644861222,-0.110482875802028,0.204192992522926,0.145498612967389,-2.16953456097307,0.23814611388602,-75.9675349620422,-0.57219897302889,-2.30955326725058,-0.232678723912798,-0.113227421357434,13.8874512288436
-0.823276711791938,-0.11179708811262,0.203313070357791,0.144471119907729,-2.16996145931321,0.238227908289139,-74.9975261599859,-1.5006406818502,-2.13669876721241,-0.229766336520601,-0.114625458847199,13.9417299888191
-0.823159136472656,-0.113072023720895,0.202528385145548,0.143470367042484,-2.17028870980481,0.238285377917384,-76.6700336687931,-0.620969243144145,-2.25230538618172,-0.233093182021915,-0.114357933263931,13.9013154336481
-0.823215858087897,-0.114206311020708,0.201922378456088,0.14255368154062,-2.17044471870279,0.238268426256215,-75.2009866550887,-0.547156789885776,-2.1774853081883,-0.230623550427005,-0.114449052572895,13.9685742018559
-0.82350181108395,-0.115104276882617,0.201568287128987,0.141778216772033,-2.17037332163957,0.238138359201882,-76.1458591758971,-1.15048374371008,-2.14091826178378,-0.231818508868286,-0.111345253629016,13.9640123455596
-0.824054697489079,-0.115693113818271,0.201517755434427,0.141188502463946,-2.17003583407369,0.237865414295699,-76.3809781933285,-0.361806492104961,-2.23930742313669,-0.233993103511536,-0.114219822070367,13.9733632045595
-0.824901037729497,-0.115910582266028,0.201809197199577,0.140826352858472,-2.16941239637417,0.237436175563966,-75.4124163267464,-0.345074873621115,-2.27100764687242,-0.231110861970089,-0.115338350375499,14.0261185420204
-0.826044042868065,-0.115732204177774,0.202448030997677,0.140711899332203,-2.16850821284897,0.236852889474879,-77.0931870210508,-0.28632288612107,-2.30408321617253,-0.234446726297447,-0.116384496876245,13.9924882682554
-0.827476285856094,-0.115161213711724,0.20341577754622,0.140848534711796,-2.16733996756075,0.236124806823674,-75.7071010549205,-0.667457755063197,-2.27535835214678,-0.231586741123449,-0.11618475401351,14.0578091492272
-0.829164637353973,-0.114243450529692,0.204659497762088,0.141215097844665,-2.16595639762341,0.235284254124185,-76.5813148781441,-0.459622475622155,-2.32602620699714,-0.234102057265047,-0.117580663754746,14.0565329598271
-0.831063494745358,-0.113050719262403,0.206105721355766,0.141773621624592,-2.16441550130871,0.234367009099828,-77.1416071836835,-0.523744640610857,-2.2513122963696,-0.233921613609878,-0.116635360890798,14.0727752795761
-0.833111757395519,-0.111681349996843,0.207662409614135,0.14246876600601,-2.16278998344448,0.233417322930642,-75.9663713393176,-0.149200302388181,-2.19436225182989,-0.231930545198507,-0.11717198110038,14.1259672091392
-0.835245121645907,-0.110251918783181,0.209227993673152,0.1432302291474,-2.16115022267749,0.232477137330078,-77.7547832833401,-0.505034354947838,-2.25528047176971,-0.237693323855586,-0.115421674950077,14.0796908978319
-0.837391120995257,-0.108881022964801,0.210702577860223,0.143984679974502,-2.15956770340623,0.231584893890922,-76.0700500033027,-1.27787937718267,-2.28201899684169,-0.23553310916907,-0.116792700642496,14.1445540820681
-0.839480350379258,-0.107686349153833,0.211991626537474,0.144656737342653,-2.15811234632299,0.230780544071201,-77.2877113415048,-0.846188779732529,-2.04785975657441,-0.236666795373442,-0.115989392903266,14.1189100353198
-0.841447709874296,-0.106772973281717,0.213015917867791,0.145177010723866,-2.15684196104319,0.230093376598585,-77.1554137819947,-0.579986453144102,-2.32772344726891,-0.236630854012116,-0.116275068071414,14.1352822671851
-0.843247313479751,-0.106208645081649,0.213728680513652,0.145498673779947,-2.15579248515665,0.229540746774482,-76.5952736832586,-0.745443788830471,-2.23950808391589,-0.234609100995136,-0.115759503145782,14.1803469790083
-0.844836168436553,-0.106038515346858,0.214104046491304,0.145586405116064,-2.1549883880748,0.229129035261362,-78.0171542138474,-0.529655659837545,-2.23949611915921,-0.236804289782564,-0.113838411479847,14.1611736529158
-0.846188792462297,-0.10627120758639,0.214145541491258,0.14542882415419,-2.15443522965117,0.228852260297405,-76.88255566733,-1.05348824747807,-2.30558064195935,-0.236650084621427,-0.118635683025307,14.2309656069825
-0.847299914666277,-0.10687670454544,0.213887931763033,0.145040175125607,-2.15412115580852,0.228698795269273,-77.5623176415103,-0.56652104213731,-2.30932077325747,-0.23696441795693,-0.119320422478352,14.2351470515529
-0.848170602739175,-0.107806304007208,0.213380030397161,0.144447812954902,-2.15402723624932,0.228652282470607,-78.1120072138087,-0.64662037796279,-2.31462844058879,-0.238308990819541,-0.115986633192831,14.2475075168663
-0.848822911527615,-0.108984820080001,0.212689847124904,0.143697219242708,-2.15411956393107,0.228690731484668,-76.8868494102722,-0.735590485657212,-2.2048600563719,-0.235893021265045,-0.11641405663934,14.2976011955426
-0.84927988876211,-0.110322750285187,0.211893356930822,0.142843356319221,-2.1543572776527,0.228782984754612,-78.6891945820339,-0.759950394190128,-2.30186240490087,-0.241555422483462,-0.113892385279262,14.2559994713219
-0.849571416217248,-0.11173050368223,0.211063062733754,0.141944604005778,-2.1547013680266,0.228903658511942,-77.1670948921023,-0.704005908246472,-2.29162943636882,-0.236469537743466,-0.118062015734699,14.3223166381312
-0.849729787175346,-0.113136040981378,0.210256028470738,0.141048767199436,-2.15511944538645,0.229036189905518,-78.0699948393718,-0.159391722558212,-2.19016816070729,-0.23889020052043,-0.114543960413394,14.3085495618146
-0.849785251310045,-0.114480577881112,0.209517131796475,0.140193849416387,-2.15557970481233,0.229162001470249,-78.4967896862845,-0.838175691447077,-2.1701082917684,-0.239469485963778,-0.114649302737702,14.3154288850846
-0.849766062643974,-0.115721229431204,0.208875917130235,0.139408971730102,-2.1560603464952,0.229273145216847,-77.3784096996377,-1.44318328083136,-2.1467842198148,-0.231743184877128,-0.119999620705967,14.3716585839489
-0.84969229867752,-0.116846207370135,0.208336756291392,0.138702656806517,-2.1565502093771,0.229368444422672,-79.0119682407853,-0.709286383157632,-2.44441329604402,-0.236100547642252,-0.119149515150872,14.3306867686242
-0.849586031221046,-0.117850844698276,0.207899106714323,0.138076615952932,-2.15703748956685,0.229448907547245,-77.5394119910536,-1.13595784678864,-2.29849994556329,-0.239894957607961,-0.118319873048903,14.3916518754776
-0.849460631183696,-0.118750488626643,0.2075445824577,0.137518628713371,-2.15752377403679,0.229526219956978,-78.5276508623011,-1.04887233905856,-2.30003739861871,-0.240506813076983,-0.118367021089626,14.3768241490755
-0.849330083844113,-0.119564107917148,0.207252987206464,0.137013603454659,-2.15800937765277,0.229610375263102,-78.7304975267079,-0.39639348955302,-2.42481644536505,-0.242439380779992,-0.118363892835391,14.3986845462835
-0.849211377086076,-0.120304293621465,0.20701090012321,0.136547937820347,-2.15848795056335,0.229707390835342,-77.8360519703546,-1.2207383346215,-2.32691349538882,-0.240510080028182,-0.120613090604462,14.4530482490684
-0.849120477734381,-0.120984975072449,0.206803686848773,0.136106877566526,-2.15895434993819,0.229823756361944,-79.5381203661055,-0.185505389174978,-2.37669213953507,-0.243038485519695,-0.116554170289856,14.4268763198378
-0.849075414420234,-0.121611376759807,0.206624968655044,0.135680559731748,-2.15939651090385,0.229958966161775,-78.0314955726369,-0.164443556556307,-2.19514568401686,-0.237804077895423,-0.12142803756293,14.496681106083
-0.849102122805786,-0.122161315769731,0.20648975136964,0.135278470321217,-2.15979218342714,0.230106399374355,-79.1757835976068,-0.947094123381476,-2.24170361141461,-0.241499659522368,-0.120651875704315,14.4757274208995
-0.849226002341326,-0.122598319624367,0.206425454942854,0.134919351318182,-2.16011415820101,0.230250163086986,-79.3126595503814,-0.478737689680429,-2.39569736125893,-0.244346207125059,-0.118426974422654,14.4818136551181
-0.849474533027993,-0.122891193125458,0.206455683614618,0.13461978606952,-2.16033152626607,0.230370324263592,-78.1548377034951,-0.352182927219246,-2.30688580459505,-0.239330130182166,-0.117462574780141,14.5316858745641
-0.84986658356329,-0.123000116060004,0.206609357025907,0.13440539026482,-2.16041953897576,0.230447188708349,-79.8629207595448,0.0149048450516602,-2.37066476332285,-0.244647420596706,-0.115661385467644,14.4909620559279
-0.850423088817536,-0.122881023517807,0.206919509000693,0.134306399390381,-2.16034985491844,0.230455937519243,-78.5791987284684,-0.881549979413421,-2.44970585712255,-0.239706561002714,-0.117409837652804,14.5613144856318
-0.85115112573407,-0.122505972914183,0.207405841865365,0.134344621744411,-2.16010848237748,0.230379096750166,-79.556660487965,-0.412530720596806,-2.27528621551795,-0.238785948321121,-0.118345128340253,14.5564402121278
-0.852039661578235,-0.121867609302525,0.208070640831858,0.134530074394753,-2.1596982860057,0.230204653411205,-79.8695511631984,0.0826214811775117,-2.3851801713127,-0.241031958885967,-0.121757617628032,14.575041384554
-0.853063491611915,-0.120981370510181,0.20889725016919,0.134860785145455,-2.15914218810903,0.22993388511043,-78.9441600214535,-0.965871992587381,-2.42198894006373,-0.240283193116802,-0.12455967098242,14.6222359916857
-0.854184151740724,-0.119889242745082,0.20984872115957,0.135318290565928,-2.1584807437385,0.22958200143263,-80.4822760419044,-0.364516668189026,-2.33496913838164,-0.242406553442955,-0.120811622053372,14.5933506937081
-0.85535686494708,-0.118641782976744,0.210880820598565,0.135878366584003,-2.15776367384056,0.229171171945129,-78.9394066307876,-0.525115107819829,-2.36770076552895,-0.242144598817811,-0.11957624331283,14.6490282669595
-0.856519094735056,-0.11731981038823,0.211924162983794,0.136498018787926,-2.15706724441904,0.228742307606852,-79.7854916655078,-0.874828091731843,-2.34302422378045,-0.246954131904122,-0.117451370360513,14.6307507901237
-0.857605899820989,-0.115998060146133,0.212915345375781,0.137135233733297,-2.15646266279999,0.228332393689614,-80.2026762920921,-0.713538043515655,-2.29233568527189,-0.241930747396205,-0.118814695361121,14.6482523881699
-0.858564318817534,-0.114761065258739,0.213786815177729,0.137738589500017,-2.15601726166516,0.227983803435949,-79.2799952021442,-0.362527948027719,-2.31546865104625,-0.240252259254851,-0.119977598759565,14.709610354147
-0.859348123012664,-0.113675528762484,0.214485092163517,0.138266647483977,-2.15578773348154,0.227733424797082,-80.9347986074313,-0.70535704509075,-2.24679556942695,-0.242804979875677,-0.119264942606581,14.6788911699095
-0.859929209213247,-0.112790972459978,0.214972777299692,0.138685479665019,-2.15581075106129,0.227607408697847,-79.5150314983253,-0.569422583297865,-2.05292121643026,-0.24232592340627,-0.119022543106059,14.7526180670408
-0.860295212806389,-0.112139188046593,0.215228652910355,0.138970023055991,-2.15610173881361,0.227620331378149,-80.5483549825066,-0.359113896311328,-2.36226176943291,-0.242874742965653,-0.120252574280543,14.7444155767687
-0.860463039068853,-0.111713039544941,0.215264812469547,0.139117576188093,-2.15664426539537,0.227770230341481,-80.7336646684413,-0.575602978257848,-2.32190848401939,-0.247811364134321,-0.120761950320313,14.7515781993703
-0.860472708733763,-0.111479427406684,0.21511567189638,0.139140455372406,-2.15739225351903,0.228035909328312,-79.6673886509465,-0.872969408694871,-2.36209990609041,-0.249047163620402,-0.121278489505918,14.7961265232987
-0.860382036097782,-0.11138893134445,0.214831325638029,0.139061144875361,-2.1582787363516,0.228385583363385,-81.4120065169631,-0.386270036888163,-2.38888557606515,-0.247822284780887,-0.119660656115923,14.7597566103859
-0.860261627817002,-0.111376359491015,0.214475754896778,0.138912245801944,-2.15922148458062,0.22877742642326,-79.9325036254784,-1.08364595130979,-2.33645925903249,-0.242767306445761,-0.121839544876749,14.8247984994237
-0.860196410489955,-0.111358994173863,0.214126428574665,0.138738661228745,-2.16012058318686,0.229157530906268,-80.9109117791491,-0.715553893534889,-2.34432438118617,-0.243909387027908,-0.11975986392945,14.8112036476992
-0.860261763714688,-0.111275370831552,0.213844367920678,0.138573442740062,-2.16088567111796,0.229475517653719,-81.004612798511,-0.445079120013133,-2.34231776989006,-0.246749255476993,-0.123731868481815,14.8270492569338
-0.860526328431338,-0.111058436255752,0.213692478298065,0.138456427256378,-2.16143363422566,0.22968370795448,-80.2599046514484,-1.32180352972841,-2.33859411516156,-0.243155559368513,-0.123534281375802,14.871271700402
-0.861039029138803,-0.110662115149228,0.213714656077861,0.138417699590194,-2.16170612788273,0.229748038059731,-81.8890797234038,-0.101210013716809,-2.35477456891533,-0.250244260351567,-0.118817497357957,14.8492641463519
-0.861825264258549,-0.110075762593834,0.213925870523915,0.138466431373287,-2.16167171164128,0.229649585056991,-80.5334352331505,-0.299254722083333,-2.30681267206134,-0.247658051190887,-0.1220335402643,14.9198884299492
-0.862889338550584,-0.109301934501531,0.214327457767431,0.138606004793092,-2.16132189365117,0.229379086110514,-81.4423862760711,-0.637138869278715,-2.44621010853029,-0.249852141104152,-0.12337993883494,14.9085907623917
-0.864202301572365,-0.108375490774048,0.214892035297866,0.138822043087434,-2.16068579309617,0.228949421878449,-81.6169990601406,-1.18349561440095,-2.33279234977326,-0.248500317928006,-0.122752635236635,14.9225831404947
-0.865715093655455,-0.107339234262013,0.215583401778069,0.139096738012311,-2.15981351322674,0.228383178291503,-80.7247793838393,-0.653834548995974,-2.35401785150609,-0.246895710195442,-0.124155231340375,14.9723881488117
-0.867366503192365,-0.106262007279941,0.216345018951011,0.139395204559669,-2.15877165497302,0.227714660165054,-82.3306832011867,-0.291459584410177,-2.47582022158355,-0.247418606947424,-0.121064040793558,14.9383414250638
-0.869083939484972,-0.105203125313959,0.217125807582326,0.139689013952661,-2.1576365499151,0.226982115698647,-81.0261488666734,-1.32578259333195,-2.40499150440201,-0.244430560707619,-0.119013677199318,15.0004056425786
-0.870789802703909,-0.10423455889442,0.217865708238985,0.139940396093457,-2.15649546209664,0.226235068423651,-81.7728705007702,-0.696677273424029,-2.41543122465308,-0.250452581751868,-0.122425596229924,14.9817441172716
-0.872414059373836,-0.103412755630048,0.218516953062914,0.140119296304872,-2.1554239728044,0.225514715399852,-82.050599563361,-0.144723474259081,-2.54530856039887,-0.251953329131624,-0.124004888212525,15.0017509483323
-0.873908125894596,-0.102777665442727,0.219046878061797,0.140204308645819,-2.1544808220378,0.224859167478291,-81.2239019574941,-0.30895255006044,-2.45601171022162,-0.249710903714281,-0.123955634218781,15.0499111821789
-0.87523133639698,-0.102359308128107,0.219432518851966,0.140176839150259,-2.1537122470158,0.224297861931339,-82.7782068255259,-0.0665699787616632,-2.50848366240805,-0.254234530741548,-0.122426177334832,15.0238285668761
-0.87636426461721,-0.102163162160388,0.219669808830362,0.140031622706805,-2.15314274374296,0.223849466880499,-81.6162195287312,-0.352338184099381,-2.36017603920067,-0.247979246599671,-0.124047614293149,15.1040265440936
-0.877295950181988,-0.102184035545883,0.219762147259599,0.139768814733311,-2.15278643950472,0.223525183254514,-82.252800705102,-0.685380032424973,-2.44251810490144,-0.248634592596163,-0.124404445576335,15.0968791103698
-0.878035211216645,-0.102398355653784,0.219727708316172,0.139398667776889,-2.15263844054439,0.223327642233744,-82.713500844861,-0.927688972996066,-2.39723447484533,-0.251855326886577,-0.125202739933679,15.1046624250236
-0.878603517572257,-0.102769896184293,0.219593691611393,0.138938094515593,-2.15267936733262,0.223248981880717,-81.5022228241581,-0.618127746910432,-2.37813834760627,-0.253390068736629,-0.124925648103086,15.1521287633026
-0.879028689712769,-0.10325562427391,0.219390154678815,0.138408955540512,-2.15288058014249,0.223272304433308,-83.3533450326894,-0.914177395180332,-2.40006061025315,-0.255601424545448,-0.121974880847534,15.0995506118678
-0.879330133982049,-0.103813194114511,0.219142821199153,0.137834988637179,-2.15322291680896,0.223385280871214,-81.5816447503148,-0.628837478523792,-2.33865970629995,-0.254711796239665,-0.124898028525743,15.1633688886844
-0.879535632884809,-0.104392342879889,0.218882533553614,0.137245868838207,-2.15367558591939,0.223565200175943,-82.8567986641505,-1.04604780682803,-2.3892318471618,-0.253332684526783,-0.122537459331179,15.139497507182
-0.879668701116831,-0.104953907947158,0.218632144765946,0.136665096311071,-2.15420941213104,0.223787382093016,-82.9281261188726,-0.48642598669835,-2.46612592593567,-0.254008376337018,-0.121382799876393,15.1665185639688
-0.879759135224789,-0.105449604567669,0.218420519998912,0.13612588431548,-2.15479383400483,0.224030338608491,-82.2267754821607,-0.787318513671153,-2.42204884274784,-0.251560504634458,-0.127436737598607,15.2141923627167
-0.879829804759315,-0.105845361486556,0.218266317218083,0.135654184044272,-2.15540048489695,0.22426952281963,-83.5717969184117,0.080953187163459,-2.5255631269867,-0.256216205753023,-0.126589884944819,15.1966921197544
-0.879912755163947,-0.10611505781409,0.218188889117844,0.135270117490582,-2.1559910270506,0.224477868741463,-82.6075094660086,-0.2411533686236,-2.523548306192,-0.256768777914543,-0.128546769875994,15.2660460270313
-0.880043686776079,-0.106238454521587,0.218205469751394,0.134991388810218,-2.15653001267115,0.224636021901835,-83.3057616188418,-1.06962468720076,-2.47809597197656,-0.253131563490078,-0.12777995194897,15.2568688557976
-0.880256893515065,-0.106198356793463,0.218335172732656,0.134833019821186,-2.15698059111838,0.224723326262207,-83.4910214529619,-0.754166654099663,-2.40897734884624,-0.257569299960997,-0.12536520346272,15.2647597450196
-0.880598302026488,-0.105972694557889,0.218606589885065,0.134810985856948,-2.15728862209441,0.224709470334386,-82.47032292523,-0.707802991837752,-2.36849187108771,-0.257920992731944,-0.126329543795461,15.3159910421461
-0.881108652216617,-0.105556026289173,0.219039331504205,0.134929653458252,-2.15741113100944,0.224575456019921,-84.3130061860187,-0.111576183253192,-2.62206804980781,-0.260379470215454,-0.124315396054942,15.2749835013813
-0.881822381426559,-0.104957288322695,0.219642852029894,0.13518038725651,-2.15730893320322,0.22430339302854,-82.7630488243176,-0.252112505766263,-2.47902841064521,-0.257124425061834,-0.127835081270712,15.3418807988734
-0.882761727049868,-0.104196834495115,0.220417751954813,0.135546035890381,-2.15695533987941,0.223883307867075,-83.6458503503503,-0.0863827975440472,-2.39465494394503,-0.256478553554914,-0.125856595619316,15.3285884272913
-0.883939331107957,-0.103282062701955,0.221371970312184,0.136016550807394,-2.15632986898364,0.223304782633103,-83.9473966066838,-0.554240127303501,-2.42694013457026,-0.260624708059922,-0.126911565806399,15.3485689985132
-0.885345062777674,-0.102257519248957,0.222480651435569,0.136556799574796,-2.15543945667083,0.222572868972533,-83.0598676701077,-1.15002576685652,-2.45679125641075,-0.256528657592832,-0.131366554334412,15.4054257585722
-0.886947887466632,-0.101163324372423,0.223714554384329,0.137133740229709,-2.15430621373836,0.221694490641861,-84.7656078900278,-0.372433002383332,-2.479004068764,-0.259886805052028,-0.127135077770994,15.3736106259542
-0.888701792524663,-0.100047303875176,0.225033690009704,0.137710177274555,-2.15296930112914,0.22068483531817,-83.2628732484839,-0.975927039018643,-2.55812570166441,-0.256481285053478,-0.128487234877707,15.4389374312861
-0.890547520544766,-0.0989643309963233,0.226386093360351,0.138247790784615,-2.15148853484323,0.219573551076626,-84.130641094634,-0.602117745854002,-2.47144817043502,-0.258509264098818,-0.128692169075199,15.4178906446521
-0.892407592319411,-0.0979763980918387,0.227707642938446,0.138704685947897,-2.14994055541894,0.218397316546612,-84.3350345516107,-0.669960027937805,-2.50201373984052,-0.257971035360061,-0.127549121466315,15.4294805036644
-0.89420763124303,-0.0971470181212846,0.228931118298,0.13904025414713,-2.1484040678626,0.217195508200366,-83.5597702372805,-0.325922484616285,-2.47522227922181,-0.258614407809012,-0.131126302598899,15.4861114956252
-0.895878151570979,-0.0965371871663434,0.229991083305104,0.139218227065012,-2.14696019623742,0.216014541799721,-85.1788793531984,-0.615174251068083,-2.39406098801314,-0.257200134994365,-0.126283519708986,15.4507824144607
-0.897367628480645,-0.0961843377355871,0.230841931050366,0.139217856166144,-2.14567144276692,0.214894026887032,-83.6642524046385,-0.441403431359731,-2.5430975653781,-0.25536140859837,-0.129231142061821,15.5230424744
-0.898641200117397,-0.0961221538025949,0.231444143567821,0.139023176963923,-2.14459311595055,0.213875865741236,-84.8510641028674,-0.497978257693831,-2.55632405679626,-0.258938136513936,-0.128662121916859,15.507988805785
-0.899684214070465,-0.0963563822556823,0.231784371449017,0.13863600464126,-2.14375722195341,0.212990978725048,-84.8193673791993,-0.595510817172681,-2.66618041280751,-0.25853084269491,-0.129368418030395,15.5171566477733
-0.900508773785369,-0.0968723887237504,0.231872355786607,0.138069803440774,-2.14316963084968,0.212259613993086,-83.7148560778001,-0.746729459660401,-2.46003328084936,-0.25950059076389,-0.129496368885158,15.5611943617798
-0.901151373876813,-0.0976293141303612,0.231744021672555,0.137352384062375,-2.14280552314843,0.211682121140398,-85.5247240685844,-0.710265044302787,-2.54275462195875,-0.264415144646954,-0.129562373042282,15.5289592457103
-0.901664057695917,-0.0985681273512524,0.231453522866513,0.136521631215318,-2.14262281241177,0.211249171891808,-84.1241708002799,-0.215066157476485,-2.44750230549707,-0.262158275052228,-0.132489429007464,15.6021063755738
-0.902111116996129,-0.0996138350460667,0.231070541711309,0.135625795846503,-2.14256271161964,0.210939959696619,-85.3015274393671,-0.216988671132867,-2.46911534563296,-0.258933356962901,-0.128415184979084,15.5887089004658
-0.902556650855521,-0.100676626768005,0.23067672341056,0.134720403732988,-2.14255709374496,0.210720250154609,-85.5015270828371,-0.326483109754008,-2.52369290137921,-0.259424166850022,-0.127882829084235,15.6130638200043
-0.90305788301209,-0.101679996946098,0.230342689266795,0.133850783415503,-2.14253829542954,0.210550623269792,-84.616670254625,-0.443309205317064,-2.47525611475052,-0.258213748612824,-0.131241255812927,15.6593013561723
-0.903664465532639,-0.102536959768019,0.230143414926136,0.133070324335968,-2.14244147569864,0.210386735098438,-86.0089314868379,0.0555501159635696,-2.68877352551493,-0.2635216586099,-0.127957249113869,15.6314581299159
-0.904398304855137,-0.103189272337278,0.230126088739278,0.132415649957999,-2.14222940758586,0.210196910741244,-84.8412728499884,-0.492893817663344,-2.53842400265486,-0.262616823880323,-0.129744654746002,15.6996012689597
-0.90526869589423,-0.103603209547339,0.230315557092749,0.131908638580116,-2.14187675700311,0.209952944315279,-85.7950497285653,-0.875033120702938,-2.59730081321098,-0.263466518188493,-0.127050593145412,15.6868932610865
-0.90626335669368,-0.103775164503206,0.230708469707845,0.131554601865156,-2.1413827843875,0.209640033462199,-85.8849856829747,-0.837783086042691,-2.62496527363297,-0.26330841516363,-0.125159793846721,15.7050273530308
-0.907349560140833,-0.103736904870066,0.23126866199296,0.131338889154914,-2.14077536056712,0.209263345408411,-84.9944134224129,-0.702691553144405,-2.55887409775971,-0.261105418477535,-0.130106569668823,15.7645039253856
-0.908478554822246,-0.103536065698165,0.231943676006115,0.131238422498492,-2.14010057043815,0.208837471005436,-86.5294025598375,-0.661603742810939,-2.41559175051194,-0.263843310519846,-0.130609008927315,15.7266364308298
-0.909602215155783,-0.103243047280178,0.232665042480326,0.131215926564706,-2.13941347627691,0.208390123672276,-85.2567949776316,-0.525366035953539,-2.39895618358705,-0.261422184331203,-0.132465052135773,15.7880215342621
-0.910667803756444,-0.10293455419802,0.233357995449937,0.131231739832332,-2.13878010906219,0.207958566989378,-86.1509417323866,-0.767548445678131,-2.57572317765664,-0.262759639924203,-0.129869937320113,15.7786781042879
-0.911627593116591,-0.102688326754141,0.233948683616827,0.131244112221193,-2.13826471483137,0.207582377032038,-86.4853582450642,-0.424214836425563,-2.5364845506987,-0.263823305947517,-0.129473883647479,15.7945795476461
-0.912448076665988,-0.102575644190461,0.2343725963749,0.131212856868047,-2.13791822075632,0.207296802355913,-85.3383723385152,-1.22956701396788,-2.48459468192428,-0.26408596848438,-0.133523870542675,15.8423075989803
-0.91311003199129,-0.102643309840085,0.234587149444505,0.131111614721508,-2.1377785590645,0.207130929191855,-87.0644203214367,-0.397606922781961,-2.52443018643751,-0.264391800757225,-0.130388623320353,15.8112214626956
-0.913616634470912,-0.102897367218256,0.234584492481292,0.130936146015359,-2.13785601607524,0.207096434487844,-85.7270061259515,-0.264780157026507,-2.564821709938,-0.263135467941222,-0.133010443174157,15.8839174846238
-0.913979819217254,-0.103326693303067,0.234374157248989,0.130689651814258,-2.1381474172581,0.207194888352607,-86.7406779311374,0.120290937688878,-2.55458003468127,-0.265917495662839,-0.130136544284919,15.8788909538161
-0.914227758048433,-0.103877000231934,0.234001542889705,0.130399042860536,-2.13862474306198,0.207409792474246,-86.974252217399,-0.531591894403164,-2.5563055339058,-0.264802024981001,-0.131190055816684,15.8967254482373
-0.914406922194737,-0.104466286917276,0.233535854382644,0.130106075634079,-2.13923488637976,0.207708154353852,-86.0061698700437,-0.470615747840384,-2.55444565482964,-0.262859146234771,-0.13356997166984,15.9565125433659
-0.914561713110401,-0.105023681302403,0.23304072463085,0.129841650084829,-2.13992135371067,0.208051931458031,-87.8628852245704,-0.728452843730565,-2.72754748348623,-0.270675324396617,-0.128725534172377,15.9295854852378
-0.914738748590191,-0.105453910603922,0.232597690200044,0.129652506306048,-2.14061916802371,0.208395407096548,-86.3954943204861,-0.626386688955336,-2.68449599355981,-0.269084320964753,-0.133588160603717,16.0027536592913
-0.914980229947876,-0.105677853690447,0.232275789408342,0.129575993453612,-2.14126826863714,0.208697030674485,-87.2820701272914,0.152537091822524,-2.50210135405311,-0.266548964334888,-0.131510621979165,15.989796637441
-0.915322905543724,-0.105624338429092,0.232136906440807,0.1296458470858,-2.14181097526964,0.20891645936039,-87.4459055718596,-0.495283975305028,-2.43366674515417,-0.265489522890098,-0.133869035060213,15.9908611997349
-0.915793489593203,-0.10525168377491,0.232221892128981,0.129877030156754,-2.14219947692588,0.209020367763333,-86.2347488029352,0.0577729806464049,-2.57382231634116,-0.264812617210569,-0.132931922246122,16.0380846569884
-0.916414046245758,-0.104546382822458,0.232548892470504,0.130272236164625,-2.14239917850993,0.20898901241449,-88.1834620841429,-0.262478218767228,-2.58137177148092,-0.264903410013322,-0.13175372032305,15.9987994611288
-0.917184363856988,-0.103528610832186,0.23310790367123,0.130817628624388,-2.14240646063508,0.20882602303753,-86.6518048321797,-0.457029245604417,-2.54302720357177,-0.264816078660812,-0.130654403769137,16.069290293198
-0.918099046854357,-0.102238399298305,0.233873332522514,0.13148852885003,-2.14222243309257,0.208536957858947,-87.68590384894,-0.188850728871557,-2.49573484233773,-0.267462975178587,-0.131865002184449,16.0663251708941
-0.919141286358858,-0.10075321442111,0.234791763612668,0.132240281175164,-2.14186942292885,0.208143870471882,-87.9067285984688,-0.651767507365548,-2.49091705212595,-0.268676891617954,-0.132813837701463,16.0855157390258
-0.920297924300206,-0.0991521816785399,0.235807875625476,0.133030923100249,-2.1413749169811,0.2076771362243,-86.9685481673452,-0.452595233007742,-2.49658774504962,-0.266458513377793,-0.137247616732992,16.1359135024803
-0.921547717474488,-0.0975266167153892,0.236855537364532,0.133812249161653,-2.14077744530092,0.207171107523557,-88.6801026559178,-0.321510663423169,-2.71400419487469,-0.268772459546057,-0.134040368864778,16.1019780953201
-0.922867625194298,-0.0959712942062074,0.237867269826487,0.134534628069943,-2.14012162111346,0.20666513622262,-87.1499389747485,-0.348589998262014,-2.62310240890582,-0.266904203602419,-0.134729524444709,16.1706233240494
-0.924243647829297,-0.0945746385610944,0.23878041318329,0.135152429564641,-2.13944792150287,0.206197327294015,-88.1665633981933,-0.408625373635914,-2.63215389407617,-0.270846273766552,-0.133157684990688,16.1473437496462
-0.925657183650983,-0.0934019688951535,0.239548159685039,0.135632974882892,-2.1387971025668,0.205800063615373,-88.16739451569,0.168218150488656,-2.64990358475293,-0.272719010440768,-0.131482158124785,16.1633816682601
-0.927096310376785,-0.0924963339024343,0.240139777799217,0.135955597642691,-2.13819920241996,0.205496003394281,-87.4634158233368,-0.259238322799547,-2.44995269021638,-0.267501444950545,-0.134447768109506,16.2082375304701
-0.928549488892564,-0.0918893468238551,0.240533958090542,0.136103824375406,-2.13767844871775,0.20530091444151,-89.0900199001602,-0.293809730746943,-2.52676073063611,-0.269848129822413,-0.133333971038096,16.1798492898756
-0.930004492090544,-0.0915847348515229,0.240727120199477,0.136075797960371,-2.13724994406882,0.205217888143621,-87.6960089020006,-0.642207395064133,-2.59840898753458,-0.270246349276348,-0.135598536354784,16.2492466791184
-0.931448235948775,-0.0915731060137288,0.240723724266309,0.135875626151079,-2.13692515607784,0.205246400761261,-88.7542423010744,-1.38422046531605,-2.65539480099324,-0.273020552799783,-0.137571508787793,16.2411595888276
-0.932875959094563,-0.0918128687416129,0.240552909300513,0.13552408623594,-2.13669240229173,0.205365563987739,-89.0063630225243,0.262803661403495,-2.67435532587575,-0.272730821639551,-0.13428332232046,16.2692834686256
-0.934276651179592,-0.0922510761249367,0.2402496624905,0.135049228147871,-2.13653964747927,0.205552161823476,-88.1737064366008,-0.0575650043365385,-2.62375996315797,-0.274728952145288,-0.134293392629682,16.3164722694499
-0.935637146542616,-0.0928280278696301,0.239851618065467,0.134482212689286,-2.13645317538972,0.205780160963027,-89.5241040651068,-1.0111370944287,-2.72079931227688,-0.278668351308775,-0.135734073394331,16.2789962083053
-0.936951106304782,-0.0934619374350349,0.239413796951486,0.13386842915027,-2.13640109944637,0.206008143736524,-88.2571312474993,-0.737998853464433,-2.64144143905222,-0.275710070492671,-0.134947110364931,16.3476471609393
-0.938214592894555,-0.0940767567850695,0.238987020392521,0.133252805135958,-2.13635760417193,0.206206418090029,-89.2504733142354,-0.499713704716669,-2.715930336431,-0.270626509479451,-0.135016799967619,16.3366330034384
-0.939420893778887,-0.0946091124812876,0.238612019395509,0.132673329949944,-2.1363012574539,0.206349064694649,-89.3819110966522,-1.02472263083519,-2.53549900254615,-0.271061037414241,-0.132030628711423,16.3551238663457
-0.940568645595785,-0.0949977134921101,0.238328935354262,0.132170199896068,-2.13621046502543,0.206413464922596,-88.5492601538853,-0.625242429238369,-2.48967994372632,-0.269977074891917,-0.136072188440271,16.4024340450235
-0.941655304312234,-0.0952088160367666,0.238159339993034,0.131768587896591,-2.13607671425634,0.206390700110568,-90.217107526114,-0.282035164725812,-2.69171975116842,-0.277430388084759,-0.12979330737103,16.3758862285586
-0.942677781470677,-0.0952184776382072,0.23811861560195,0.131488911436198,-2.13589657675599,0.206276675004103,-88.8585103549334,-0.926368317926062,-2.62732484117006,-0.275043995134489,-0.137264323860392,16.4436964431204
-0.943639711097136,-0.0950216192188718,0.238211631897763,0.131342152291531,-2.13567302432288,0.206078694513556,-89.7339439812789,-0.372859764696841,-2.66204949008522,-0.275428429062679,-0.139352392650036,16.4391164310927
-0.944543960036507,-0.0946262822800783,0.238436831465936,0.131330223796867,-2.13541352545646,0.205807155009283,-90.1283098753761,0.130563582712284,-2.54291369404842,-0.275273212070423,-0.139093471959156,16.4640155253419
-0.945388581746351,-0.0940567421532705,0.238781133969486,0.131445721808376,-2.13513753105146,0.205483110451635,-89.0287342375693,-0.503994153234771,-2.70269169545875,-0.270402151210457,-0.140469570229955,16.5197642207257
-0.946167816572861,-0.0933536699390132,0.23922222135117,0.131668950888783,-2.13486885303021,0.205128774820915,-90.9579720165478,0.112804922696569,-2.73297352687396,-0.276894704946093,-0.138522508989741,16.4846234210428
-0.946875622876588,-0.0925663226918862,0.23973366911103,0.131971228574995,-2.13462926377369,0.20476348271154,-89.2907687995668,-0.898721127867475,-2.60371954698817,-0.276588330902853,-0.137257629570954,16.5485861542265
-0.947503139371655,-0.0917464286501755,0.240287066267374,0.132322338309303,-2.13444629922643,0.20441220298558,-90.3060161865899,-0.559726406241452,-2.56125969387378,-0.27648915311043,-0.13792049893842,16.5254750628823
-0.948042672075489,-0.0909289806302587,0.240866422470026,0.132701182308105,-2.13433693252053,0.20408805574648,-90.4228289159391,-1.36234038397151,-2.63940281035664,-0.279210022132113,-0.132388773333039,16.538033471027
-0.948484912831318,-0.0901645762941863,0.241444015002673,0.133073883519333,-2.1343168617648,0.203805968587488,-89.4732443632061,-0.718386420605611,-2.61293876607809,-0.273800589819699,-0.136274872860456,16.5899788225603
-0.948826105544515,-0.089486616372116,0.242003623937942,0.133416511317854,-2.13439289350777,0.203574447361216,-91.3098279352998,-0.279691815541355,-2.60858125894774,-0.27644894426836,-0.134485685630242,16.5562171284864
-0.949069101427297,-0.0889111036557528,0.24253875316893,0.133716074005469,-2.13456265935226,0.203395576305567,-89.786119774861,-0.219474507242239,-2.46842623150425,-0.277455952102026,-0.138047915843976,16.6279441671017
-0.949219067091762,-0.088464706377283,0.243032903011162,0.133951351038894,-2.13481960073592,0.203271422212256,-90.8125416919108,-0.777450666989125,-2.80839066624256,-0.278215458797365,-0.139344554443627,16.6237429222195
-0.949292394155923,-0.0881557869556406,0.243481218959482,0.134113129627928,-2.13514380899427,0.203195408701054,-91.0188960393767,-0.658908228169594,-2.69539451168001,-0.279845199851128,-0.136460859211771,16.6562444968684
-0.949315866795848,-0.0879942118323971,0.243874732480382,0.134192237373732,-2.1355135051412,0.203165836357684,-90.228620527752,-0.290365679052456,-2.75570738972391,-0.279970167997229,-0.140595124598688,16.7040087964259
-0.949315690991809,-0.0879770774653714,0.244210100365996,0.134186265877566,-2.13590315398642,0.203174624930355,-91.7870661585562,-0.770651266882169,-2.71189796369205,-0.283966332147625,-0.137152978360624,16.668068220255
-0.949327409819625,-0.0881107109931154,0.244475877325211,0.134086481982148,-2.13628342747364,0.203213350056854,-90.2779866131062,-0.384910919278127,-2.52047385929009,-0.278844576219107,-0.13876951596727,16.7378923664657
-0.949377833933661,-0.0883994646907231,0.244658693920115,0.133886951131335,-2.13663707748562,0.203280225910226,-91.3545093863463,-0.249552312921651,-2.62067664000489,-0.279876503115509,-0.137427483299423,16.7180637377417
-0.949493542528249,-0.0888284602990046,0.244757879923785,0.133592440343092,-2.13694232991337,0.203363648788966,-91.47003901645,-0.489194803326882,-2.72276592463356,-0.279645952968196,-0.134917230680025,16.7214973403432
-0.949693422667717,-0.0894088005101201,0.244754395889928,0.133190524825143,-2.13719149985989,0.203463242156743,-90.5300524574464,-0.451468696070378,-2.71927164519627,-0.276728815305569,-0.139633052092876,16.7781383689899
-0.949981243176649,-0.0901345615648781,0.244639922747962,0.132680637684458,-2.13738987107155,0.203579745484593,-92.3454483999235,-0.644800740151595,-2.55479423809206,-0.278917380722975,-0.137033039147745,16.7430889660879
-0.950352980534637,-0.0910012985052466,0.244405693908848,0.132061374016121,-2.13754979204078,0.203715709130109,-90.6192088865378,-1.12721389540275,-2.65831240993577,-0.279548808338889,-0.140309714718243,16.8040277014592
-0.950790060103087,-0.0919968070880586,0.244050666560483,0.131336847983769,-2.1376907837808,0.203871652564449,-91.7712569476402,-0.750499140412103,-2.77269741885394,-0.280286497676485,-0.139811222487652,16.7938961569181
-0.951261671962998,-0.0931031434420335,0.243580793007044,0.130515870826785,-2.13784383153003,0.204053555996268,-91.947821154743,-0.429133875702746,-2.75043504286995,-0.282801043894953,-0.139080269300743,16.8205835114419
-0.951734990128325,-0.0942886686267466,0.243013616140245,0.129619526532706,-2.13804047631734,0.204268472079538,-91.1918327336733,-0.46990941595277,-2.81263865393754,-0.278560929565373,-0.140370108875575,16.8749878972673
-0.952169122570214,-0.0955364315055958,0.242359338886729,0.128660756698809,-2.13831931392071,0.204528619008408,-92.692072302589,0.0761904706662335,-2.67389179815984,-0.281176994935239,-0.13738726614929,16.8462994658574
-0.952531496720136,-0.0968169020011045,0.241642089993131,0.127662693140052,-2.13870579550432,0.204837648129107,-91.3410036399,-0.155761151326715,-2.68856443330318,-0.280148150450527,-0.141040630701076,16.9150028729033
-0.952801644480619,-0.0980955158487031,0.240892793090893,0.126654194411991,-2.13921630474901,0.205200589483964,-92.3276272299004,-0.151624369967294,-2.61742308301248,-0.282770216329399,-0.137350201025882,16.8996385807402
-0.952967855999722,-0.099326255430614,0.240152496083034,0.125673482370424,-2.13985490374446,0.205614107529311,-92.4035046967562,-0.582250369158828,-2.71308014678331,-0.280306231253841,-0.140210998918965,16.9131124204269
-0.953039964463447,-0.100460962291594,0.239468574038579,0.124758120917292,-2.14059899715751,0.206060056175141,-91.5501079956787,-0.452333581856919,-2.71562991442076,-0.27947501775861,-0.139966442488873,16.9653230409346
-0.953044298672027,-0.10146502563533,0.238879459597855,0.123936557399046,-2.14140909950699,0.206512311491541,-93.2436841169979,-0.228912897034206,-2.66301120517718,-0.281785107769571,-0.134897038229462,16.92119675034
-0.953022088729272,-0.10230109147224,0.23842566698495,0.123238935195704,-2.14223412587801,0.206940457642831,-91.6329958534861,-0.563194641618566,-2.67893221548132,-0.279644699481465,-0.141487061245871,16.9889759370834
-0.953032981431434,-0.102919278780099,0.238157769961065,0.122699207199111,-2.1429961750066,0.207295129942582,-92.7829134910817,0.217393415688548,-2.81609547811192,-0.280185120276774,-0.143082490890308,16.9698326550171
-0.953135228926639,-0.103300796047608,0.23810179678976,0.122328162207163,-2.14362071162253,0.207528848744433,-92.7922667580606,-0.31882715370557,-2.84367486160724,-0.283699644687093,-0.140869706104851,16.9854984781035
-0.953395738772113,-0.103431918847051,0.238278516852905,0.122131017429162,-2.14402788469086,0.207594169672042,-91.9246099172691,-0.98966945361326,-2.8197050316673,-0.283237987573755,-0.140482315005584,17.0326858036087
-0.953870537605658,-0.103303669823969,0.238700825769373,0.122108069194277,-2.14414750684846,0.20744519908489,-93.5095916721776,-0.191825005858618,-2.83207284897662,-0.288916908564772,-0.141093381530011,17.0143538038488
-0.95459814877634,-0.102925965801956,0.239363752390506,0.122246353762591,-2.14393204370741,0.207052395641141,-92.2773960613297,0.242052496460246,-2.72113698391675,-0.285956779974446,-0.142604739292532,17.0819849275495
-0.955599453448154,-0.102321483644638,0.240248753942788,0.122524750097916,-2.14335858054465,0.206404427042052,-93.0453742461796,-0.454117348624095,-2.71402011457695,-0.287603913388589,-0.13934544540332,17.0780602714086
-0.956867249461044,-0.101522744368991,0.241325430080659,0.12291693554436,-2.14243362197179,0.205506016270394,-93.5919755945686,0.284954779254349,-2.80508951012118,-0.286732803993394,-0.141361906027947,17.1022815281059
-0.958374126066704,-0.100567037149843,0.242555398816322,0.123397276976517,-2.14119709267825,0.20438936609491,-92.6688835913309,-0.134874843616444,-2.65260449666889,-0.284885425226925,-0.142007438720602,17.1667037757233
-0.960064924485799,-0.0995146833389873,0.243880839698844,0.123926145267946,-2.13972057948579,0.203106328116158,-94.2672519448692,-0.451960169524,-2.84448213702174,-0.288443542097342,-0.137141650612448,17.1259919785364
-0.961876010788914,-0.0984126309426125,0.245252099482802,0.124476373617265,-2.13808709819985,0.201717965513097,-92.9207398907042,-1.04574574666458,-2.75271066234157,-0.285186218236126,-0.139110683667203,17.1968004057713
-0.963727261742812,-0.0973193227190343,0.246609925241654,0.125017173958456,-2.13640454400902,0.20030507347744,-93.8136819222864,-0.637417312935668,-2.77322749659558,-0.283770891790635,-0.139052609561962,17.1708414044505
-0.96554561453558,-0.0962826590573371,0.247905244820341,0.12552503737452,-2.13477485005166,0.198945230899989,-93.9496305741832,-0.891173650277096,-2.78194195295021,-0.285876855914048,-0.140986892127434,17.1791169283592
-0.967265818353866,-0.0953312255557233,0.249105700162462,0.12599039931978,-2.13328367322851,0.197703518575921,-93.0557514618642,-0.652593066369946,-2.73654734627539,-0.284841524411979,-0.143643256785106,17.2371976417402
-0.968829554196391,-0.0945036849077381,0.250174898825859,0.126396505885844,-2.13201559911163,0.196647007181322,-94.8608096301244,-0.292221586652659,-2.86384856470693,-0.285172662839179,-0.142877767906074,17.2111743110571
-0.97020132367005,-0.0938156795568927,0.251097889542518,0.126739532384796,-2.13101661986742,0.19581004561531,-93.3417511996316,-1.1473062913376,-2.77972208885336,-0.286601750092479,-0.145785110790059,17.2896007843391
-0.97136472091293,-0.0932817835285853,0.25186564742733,0.127013687940669,-2.13031069165784,0.195213502048355,-94.4756426456212,-0.917268445354921,-2.66508457526655,-0.287585488732139,-0.146475099714455,17.2836826642081
-0.972319913606728,-0.0929299487405659,0.252464018233569,0.127200589658846,-2.12989887582713,0.194861688344561,-94.4862572819224,-0.0293493476794993,-2.85858397604343,-0.289325526525362,-0.147392893109103,17.3006400188254
-0.973088513052526,-0.0927671780613313,0.252896631801967,0.127292810788612,-2.12975022833775,0.194733248638855,-93.6112577613331,0.0631535895536217,-2.76829214848439,-0.291664061668946,-0.142987966504435,17.3482371323875
-0.973700234737264,-0.09280198500654,0.253167385673242,0.127279324401424,-2.12982110627815,0.194795307828431,-95.3236815363812,-0.512148219533174,-2.90409413653492,-0.297217872021455,-0.136890855980126,17.31227463015
-0.974186657281927,-0.0930478425549746,0.253275738505648,0.127143920639372,-2.13006008072986,0.195005618319714,-93.8098048685838,-0.375512328027753,-2.95345222637383,-0.290779331729326,-0.143078687155649,17.3876178629067
-0.97458819153957,-0.0935153166468181,0.253222592463977,0.126872257934286,-2.13041084280238,0.195321822420977,-94.9542875709305,-1.04430411069552,-2.84240305408454,-0.288830282490083,-0.142919539077266,17.367211488208
-0.974943096562161,-0.0942036583114341,0.253015623362203,0.126455785440909,-2.13081383066461,0.195694577698718,-94.9922036861908,-0.689375042632946,-2.84352950286149,-0.290424515419516,-0.141900220324531,17.3904221486227
-0.975284459575106,-0.0950964458626773,0.252669397622718,0.1258968448932,-2.13121791552692,0.196080622964824,-94.1714186203072,0.124165264176781,-2.87258958801988,-0.29020697741503,-0.144884520239863,17.4419703846884
-0.975635120059412,-0.0961734878940863,0.252195584729556,0.125203244521099,-2.13158873281564,0.196448152927095,-95.7274698941045,0.234972255558432,-2.84328395085117,-0.29555740534941,-0.142672534221914,17.411266996695
-0.976010503075417,-0.0973969548628189,0.251614961853761,0.124395792658073,-2.13190136248069,0.196771775311782,-94.3778760601164,-0.519922428570226,-2.85542200763109,-0.291084317661862,-0.142827093431997,17.4810724344574
-0.976417713611505,-0.0987222994129455,0.250948675572801,0.123502215643179,-2.13215089995024,0.197042997234016,-95.3944430586639,0.182869440368677,-2.89344736304338,-0.294010795607202,-0.144108176779439,17.4796939134753
-0.976857143061559,-0.100079729981447,0.250232955246967,0.122568282869536,-2.13233868538135,0.197255442632154,-95.7834160199394,-0.219120379928427,-2.89569207464285,-0.296536865826609,-0.144620219905941,17.4970670592371
-0.977329120347042,-0.101386048360645,0.249512364739326,0.121650944754091,-2.13247410337628,0.197414191039518,-94.7508600931502,-0.864254461407427,-2.76572148237901,-0.293491477341335,-0.146427827449595,17.5475903167202
-0.977828272223671,-0.102560633932539,0.248830727110827,0.120804868778777,-2.13257156675147,0.197527948481498,-96.6288609134405,0.158077525466524,-2.82156381108388,-0.292898410490165,-0.145547052942222,17.5138855272243
-0.978346428477172,-0.103525894753232,0.248229984481356,0.120083872893614,-2.13265314488695,0.19761151355719,-94.9482261288251,-0.574686010393634,-2.83240999816067,-0.288234951313407,-0.150211517349467,17.5801488298613
-0.978872486020268,-0.104229387537735,0.247737371124056,0.119524753356852,-2.13274362525986,0.19768482590902,-95.8604067812852,-1.17500924234923,-2.8079774287186,-0.293209995256507,-0.144947984965333,17.5591091796765
-0.979395511039014,-0.104624946474436,0.247380663630749,0.11915882310422,-2.13286281072654,0.197763931351976,-96.0250698720368,-0.174412228945812,-2.91462393945119,-0.295757891141254,-0.14292284272129,17.5728643689658
-0.979906272099641,-0.104701121637707,0.247166841939348,0.118995039558823,-2.1330318604617,0.19786922797349,-95.2329309030885,-0.433556715778877,-2.83884664054574,-0.294492623444587,-0.146356268776782,17.6273498395406
-0.980397422612219,-0.104463162266097,0.247097332624919,0.11902824527267,-2.13325643204169,0.198006437398618,-96.744867000145,-0.320756266650733,-2.84587257117354,-0.298518467171986,-0.144079440028092,17.6031740408775
-0.980866682114209,-0.103950802541877,0.247153127860845,0.119230286516301,-2.13353501680805,0.198177279028692,-95.4985108253933,-0.386387646959292,-2.7869883177143,-0.292913253591083,-0.149497326678513,17.6782700770227
-0.981305110788497,-0.10322885300752,0.247299510892003,0.119557574711672,-2.13387146731487,0.19838607403745,-96.5941894497032,0.294970559844614,-2.91853698682445,-0.292578762632904,-0.148443805743866,17.6706522620039
-0.981713554471547,-0.10235536748552,0.247510422955636,0.119968747421753,-2.13424491877667,0.198612900875146,-96.7460111692687,-0.281675887555821,-2.72333345591164,-0.297111911751519,-0.148055380514255,17.6821917266247
-0.982090813119822,-0.101420985477061,0.247738428758489,0.120400980869517,-2.13463898223457,0.198842173681458,-95.6651155218054,-0.603560332249799,-2.80885977820265,-0.295691748995031,-0.146486393015956,17.7269382927385
-0.982443728348776,-0.100488849049828,0.247956601324972,0.120808808621164,-2.13502370471059,0.199046066831782,-97.3991467919626,-0.332123669478733,-2.96236753726492,-0.29914312667226,-0.139318132543437,17.6867217888792
-0.982782936363438,-0.0996157213769129,0.248140404890163,0.121152485104245,-2.13536829460441,0.199195195098856,-95.7302827044051,-0.64290997877788,-2.82895550685956,-0.298949786761926,-0.146121023962314,17.7463807146689
-0.98311603276167,-0.0988656251276501,0.248257429391225,0.121387791502536,-2.13565074615549,0.19926895970799,-96.8154333625582,-0.935887046338621,-2.85653309648919,-0.297261587122267,-0.14643716494637,17.7329581199133
-0.98345542386775,-0.098267294597818,0.248298237112523,0.121494710543401,-2.13584758049157,0.199245879687667,-97.0386341872819,0.430131684620392,-2.90751746229142,-0.297450185552851,-0.145628793844726,17.7584425111041
-0.983813918038473,-0.0978289839536126,0.248263244677955,0.121468335588969,-2.13594430068027,0.199115421785971,-96.1619280524831,-0.0437655228859057,-2.84422525223295,-0.293681978836975,-0.148072340863971,17.8105681109731
-0.984189852724456,-0.0975580561688982,0.24814748877645,0.121307701187506,-2.13595474503428,0.198890234507626,-97.8328771068805,0.0321850239026844,-2.99420672735599,-0.299543160250138,-0.150218355585993,17.7895897800101
-0.984585689889147,-0.0974406517933817,0.247958596280626,0.121026951088146,-2.13589560795058,0.198589461661893,-96.4795470361406,0.124452464120168,-2.97548219729401,-0.297536543876733,-0.153110223975343,17.8690317412406
-0.985004427538235,-0.0974663507307216,0.247699648085649,0.120638263820751,-2.13579101103918,0.198243843283213,-97.4121823213713,0.192015749871643,-2.77948309123394,-0.300503224636648,-0.151301291950441,17.8605287486336
-0.985437764299438,-0.0976155622601587,0.247377007689475,0.120162261499607,-2.13568287716065,0.197897388831426,-97.5942239879994,0.0793610342134343,-2.89488616799167,-0.298162195090622,-0.146256105109699,17.8751614468654
-0.985876689374666,-0.0978598400206714,0.247001624200539,0.119626962579319,-2.13561417715991,0.197596404376465,-96.587780186766,-0.427701116114577,-2.81637343170408,-0.29752762807447,-0.145857587315336,17.9197338690955
-0.98630955062988,-0.0981897663960503,0.246571125727706,0.119045807972929,-2.13562556961202,0.197382915614639,-98.4305718405356,-0.0592025592429763,-2.93725245865323,-0.301673013213977,-0.145206059595879,17.8764642142378
-0.986731309342474,-0.0985945493937814,0.246085320548361,0.118433672224271,-2.13574882704521,0.197293045904761,-96.8090632234465,-0.679739209323088,-2.9100968203949,-0.296791940037278,-0.147677512542369,17.9478115591715
-0.987139742708609,-0.0990587285523956,0.245549976055739,0.11780742047146,-2.13600282674422,0.197349373340297,-97.9476472589414,0.168340609614461,-2.80941600891165,-0.293341023768425,-0.149345064884208,17.920573727445
-0.987540529021773,-0.0995624054156989,0.244977421792227,0.117183753634025,-2.13638481083608,0.197553016298013,-97.9270072402976,-0.335071238885803,-2.85447572130508,-0.295248407936419,-0.144544216018067,17.9412989916648
-0.987945333619109,-0.100104324522564,0.244369781497383,0.116565634940771,-2.1368796056285,0.197894848421127,-97.3368678684157,-0.555482478275508,-2.78781852874681,-0.298717532808046,-0.148796264502578,17.9917240037326
-0.988370344775165,-0.100660010961711,0.243747889270742,0.115969432338181,-2.13745122242312,0.198340662505993,-98.9173797520638,0.0188157678890093,-2.85780599339128,-0.303906720861203,-0.149411521719843,17.975008172125
-0.988836395279052,-0.101214793900439,0.243129182209202,0.115401766304347,-2.13805240954385,0.198846760550603,-97.717285605184,0.0791077983353716,-2.92090629555906,-0.300853429302446,-0.149105490647241,18.0525493178183
-0.989368956205974,-0.10174349577613,0.242540834803555,0.114875706168264,-2.13862674128605,0.199361212395505,-98.6358864902014,-0.273090125011322,-3.08440450917186,-0.30248504608358,-0.146920537494819,18.0526633621207
-0.989986931414179,-0.102224162079446,0.24200822330436,0.114401823722285,-2.13912212888211,0.199832622136599,-98.851894096874,0.580042815263823,-3.00012258679416,-0.301086728514279,-0.148404125537552,18.0751895085699
-0.990708254348272,-0.102631188034696,0.241559791108594,0.113993625222927,-2.13948927738135,0.20021430573041,-97.7762442038699,0.321543820034321,-2.88231511160808,-0.302237359236941,-0.151155924516176,18.1204418790084
-0.991538534654508,-0.102956023196947,0.24121105286324,0.11365304085837,-2.13969819050912,0.200475000073065,-99.4279779823692,-0.417433067590991,-2.76897869033115,-0.306338696014154,-0.147840109909457,18.0869738376251
-0.992479962855537,-0.103184920608101,0.240980971183645,0.113386803967881,-2.13972619577688,0.200590135163188,-98.1744664088579,-0.379419327931373,-2.94118645498813,-0.30427167003351,-0.148548839522463,18.1560577392789
-0.993519137915016,-0.103321708385237,0.240873060166515,0.113191738974385,-2.13957697206081,0.200559514335258,-99.1538499821233,-0.294471940657104,-2.97314782577286,-0.305220476728066,-0.146619724119335,18.1407245599798
-0.994636379458883,-0.103373628095696,0.240886456943701,0.113063646636156,-2.13927120537372,0.20039709117429,-99.3820462861094,-0.448626364731354,-2.98452211443296,-0.304976046866126,-0.148738995323807,18.1592278022572
-0.995812216230675,-0.103344106098556,0.241021662552843,0.113001554154024,-2.13882967205052,0.200118891988599,-98.2857671005091,-0.99060283454628,-2.90728627257525,-0.300985994877137,-0.15244692668028,18.2184779677393
-0.997014536879872,-0.103254288870174,0.241262911798761,0.112993945388002,-2.13829754606687,0.199760299894048,-100.173646166311,0.0902495325292421,-2.89433397391434,-0.308107220442794,-0.154377054048113,18.1929711736004
-0.99822006900703,-0.103123981657274,0.241594632336982,0.113029441572662,-2.13771421176899,0.19935380761399,-98.8690357671188,-0.164911645719485,-2.95001169560859,-0.304807476832213,-0.15554248937338,18.2675574035151
-0.99940937930085,-0.102969496843596,0.242001651944333,0.113097869238007,-2.13711427512614,0.198926131955343,-99.6194387630409,-0.212871500313213,-2.94735371646118,-0.303964805781967,-0.15271041428778,18.2621574024966
-1.00056202633977,-0.102821513294759,0.242457044244665,0.11317830518352,-2.13653518965464,0.198506295547335,-100.049547864352,-0.657514216252366,-2.80075286320167,-0.304278074136451,-0.149867126532729,18.2725511977206
-1.00166835752898,-0.102699900369975,0.242939455846581,0.113256630892371,-2.13600220053378,0.198113358438233,-98.8086761765752,-1.08697720004056,-2.90121177401275,-0.305328306279992,-0.154691539218188,18.3209034291754
-1.00272813279399,-0.102614349010724,0.243434770648948,0.113322765573039,-2.1355257256655,0.19775290165596,-100.666247059277,-0.313661957557315,-2.99995218228486,-0.307785594179033,-0.152985674389162,18.2824047237892
-1.00373751677245,-0.102575310224263,0.243926048706736,0.11336639856455,-2.13511364472857,0.197424360031327,-99.1052114171536,-0.618240035323879,-2.96227245149564,-0.306440030890662,-0.150901327326777,18.3478197524339
-1.00469488041938,-0.102595960950659,0.244393241119025,0.113375428841316,-2.13477230718621,0.197128559483317,-100.194759689383,-0.396053370794334,-2.92730162229381,-0.30133739495747,-0.152372898903335,18.335311310583
-1.00560329370278,-0.10267976792631,0.244823785401917,0.113343494423493,-2.13449678774729,0.196856669256644,-100.404006458756,-0.87102986936361,-3.03178424386988,-0.30469900621274,-0.151191500167182,18.3594085194781
-1.00646202345334,-0.10282591954677,0.245208801060825,0.113268360580434,-2.13428487230618,0.196604113656607,-99.6051536709244,0.137450299427883,-2.97973031874531,-0.303729064928111,-0.152208014115286,18.4218188305291
-1.00727431733537,-0.103030161097577,0.245542345048168,0.113150701160228,-2.13412622041539,0.196361859375436,-101.334372767646,-0.00674407186488679,-2.93179805211645,-0.308114240673537,-0.154427626927757,18.3863289551932
-1.00803462504314,-0.103284770861843,0.245821535222114,0.112994889562847,-2.13401573437104,0.196124811155333,-99.7209056540148,-0.695369004761915,-3.05483691798619,-0.306801776905743,-0.155736431466865,18.4572078799902
-1.00874697958003,-0.103584734776812,0.246045115673404,0.112805434010592,-2.13394443477434,0.195892554492484,-100.744998762811,-0.635428769726559,-3.04845485166931,-0.310494591634296,-0.15610176820344,18.4431024472588
-1.00941296249427,-0.103913078170057,0.246223418445501,0.112594226290424,-2.13389926908627,0.195660504251713,-100.724333829578,0.144241752325343,-3.01514513603516,-0.31106797533738,-0.154516678356408,18.4605130993966
-1.0100368767245,-0.104250704570285,0.246370543388068,0.112375061685639,-2.13386871760997,0.195429106225109,-100.091439967013,-0.404784032637735,-2.95711082802359,-0.307701499471009,-0.152467479180186,18.5046631082547
-1.01063238950179,-0.104574345661771,0.246508152531246,0.112162911580447,-2.13383038048852,0.19519139472571,-101.547703004398,0.384872948525754,-2.95968786979489,-0.311168619093292,-0.151924568818241,18.474524866832
-1.01121277654993,-0.104862070758826,0.246658779441083,0.111970289921026,-2.13376337860702,0.194939470888991,-100.182866562729,-0.116231690728682,-3.0463783099577,-0.309107556903714,-0.154388932737189,18.5373943752081
-1.01180140251309,-0.10510583804462,0.246838263226757,0.111798228377394,-2.1336424415097,0.194665372176981,-101.081670499354,-0.139778039286284,-3.02818895646018,-0.311912538841705,-0.154103882868442,18.5334569783594
-1.01241697405203,-0.105287212424718,0.247069561714095,0.111654324308963,-2.13344710779445,0.194359738340589,-101.382760237523,0.186532825480299,-3.03526800828047,-0.311124852747591,-0.151540550355882,18.5548430801601
-1.01307620889694,-0.105401995178874,0.247363531702953,0.111535793759672,-2.1331671910327,0.194019461033365,-100.571809047203,-0.539741264816939,-2.93845037977397,-0.309977521527911,-0.155346645701468,18.6135414434773
-1.01378904773571,-0.105456460377213,0.247722102074074,0.111432612940947,-2.1327997176503,0.193641232370766,-102.327849717228,-0.363769848352604,-3.04974119948056,-0.315479288352146,-0.154092961565021,18.5858470268356
-1.01455983263135,-0.105467560571207,0.248135760444824,0.111329111163704,-2.13235089220838,0.193226716997837,-100.995426118372,0.163083185415871,-2.9437733256087,-0.310771844730061,-0.156716441662518,18.6645876772842
-1.01538538339665,-0.105447227084719,0.248593816949985,0.111215968357555,-2.13184092031628,0.192787379571971,-102.017491989428,0.174779967197082,-3.00051997144035,-0.31219003456819,-0.153068493226792,18.6454639204955
-1.01625373565062,-0.105417124093097,0.249075180774648,0.111079170728906,-2.13129779117878,0.192336349376479,-101.947770720676,-0.085890055669779,-2.9191562966424,-0.311080352170678,-0.15229700919132,18.6547634744111
-1.017141680456,-0.105406371327755,0.249548897227264,0.110903007771071,-2.13076482202118,0.191898594522659,-101.074222042107,-0.92582123136026,-2.85655307776904,-0.309074477899925,-0.157321556259805,18.701726132038
-1.01802024771046,-0.105448039590521,0.249978383509692,0.110672238939765,-2.1302869579325,0.1914994105841,-102.684111060157,-0.265525962869788,-2.96409885016118,-0.313339002819283,-0.156046966608171,18.6595114854423
-1.01887345270443,-0.105552383527596,0.250343636928374,0.110388857386579,-2.12989267236168,0.191155142213671,-101.228510522308,-0.77060012683819,-2.91773245073952,-0.312129567060595,-0.154390454572146,18.7307787362622
-1.01968114097906,-0.105745039417992,0.250613649157261,0.110045404657458,-2.12961183519552,0.190885647306371,-102.356076410835,0.148521514545109,-3.04913661524949,-0.314435407878695,-0.150829693216776,18.7267364597353
-1.02043771950589,-0.106030213551938,0.250775647202643,0.109649109991281,-2.12945156939931,0.19069588813121,-102.535716683032,0.672541770957196,-3.04411371217819,-0.312760033348825,-0.152817287814885,18.7561655656394
-1.02114828285781,-0.106398075453033,0.250830663439504,0.109213656325153,-2.12939920456555,0.190578727056432,-101.766282347755,-0.410557225678303,-3.02031253226568,-0.311777867645127,-0.155701228421553,18.8129412719818
-1.02182386383398,-0.106832806474487,0.250787497646533,0.108755850994964,-2.12942997212697,0.190517484055437,-103.401304338368,-0.47345019244699,-3.08288640728838,-0.315356167086454,-0.154892839419642,18.7836095052231
-1.0224923472424,-0.107297245418559,0.250676424360251,0.108302647616081,-2.12949809540148,0.190483483135472,-101.952350384368,-0.197524581020843,-3.0458303884908,-0.316918372994075,-0.157590255185449,18.8514576379205
-1.02318990270106,-0.107760762276922,0.250527623712539,0.107873151838898,-2.12954480914854,0.190439124782342,-102.887679119797,-0.148529009023832,-3.08594280975478,-0.31838795185279,-0.155880260165159,18.8380657213205
-1.02395062960036,-0.10820039197308,0.250369058399951,0.107477798466806,-2.12951549235476,0.19034949567442,-103.051865670191,-0.154159584294348,-3.01168176648846,-0.317347049112413,-0.157400155535615,18.8548580239991
-1.02480476982736,-0.10858938266302,0.250232684069526,0.107128074096977,-2.1293597459031,0.190182087194062,-102.11633514785,-1.06846687418647,-2.98465390203663,-0.318506267653367,-0.155843083042224,18.9088178925213
-1.02576946047649,-0.108916452209659,0.250139602698859,0.106823781060958,-2.12904596458055,0.189914949889876,-103.890887385166,-0.401603647687352,-3.04334551702203,-0.318831116766285,-0.153449562675494,18.8727442625832
-1.02684560162108,-0.109191284279668,0.250092877540623,0.106551789935028,-2.12856737794371,0.189543751905782,-102.320286578834,-0.82537508682185,-2.8919785703703,-0.315220663883307,-0.160012392412407,18.9427591659566
-1.02801354689718,-0.109433086948972,0.250085483801602,0.106295131092414,-2.12794819366515,0.18908522913551,-103.559492224756,-0.0993371983013276,-2.88122103092681,-0.314046096933142,-0.15857628046348,18.925734848111
-1.02924274557956,-0.109664796649438,0.250105078395565,0.106034975797756,-2.12722677184349,0.188563513399268,-103.34659259914,0.0109687559224767,-3.08962966503447,-0.316076640369092,-0.160813651466836,18.9387402675812
-1.03048602083226,-0.10993108403369,0.250118255460125,0.105743536002313,-2.12647237013978,0.188028219295234,-102.594189655814,-0.446798663856498,-3.1597665776076,-0.315506119591511,-0.15908831419114,18.9870113954132
-1.03168798742792,-0.110272391492634,0.250090686530616,0.105398043074533,-2.12576411015887,0.187532052531594,-104.34586605524,0.280490615494045,-3.2370606076297,-0.319612481886316,-0.154875926743735,18.9616684982651
-1.03279621515495,-0.110713302471821,0.249997670228324,0.104986131398706,-2.12517571663929,0.187125093277504,-102.982717508539,-0.149127626447353,-3.0341421226581,-0.319365191769152,-0.157997894051677,19.0364199803491
-1.03376252691212,-0.11127946450204,0.249811760252182,0.104497529118389,-2.1247775402401,0.186855363888776,-103.986163613729,0.0320830821128766,-3.09884763721254,-0.318669473640961,-0.159917651410358,19.0323319236143
-1.03455793025075,-0.111966990651934,0.249526644372331,0.103940371422298,-2.1246155758793,0.186753561063388,-104.131829093055,-0.0920979683228325,-2.98828126439193,-0.315996911395939,-0.16132833896505,19.0490264517892
-1.0351741233042,-0.112746684998747,0.249155975290441,0.103336881539476,-2.12470262787455,0.186825441223175,-103.324235248653,-0.360334396442113,-2.90286712583591,-0.318625501953369,-0.158670520327087,19.1018931346961
-1.03561728060418,-0.113584999671964,0.248717045251279,0.102710384139374,-2.1250311389375,0.187063825532586,-105.036367709741,0.170470947176682,-3.06871933524903,-0.32626331308228,-0.154535062172782,19.0726649809561
-1.03592309085965,-0.114417993338168,0.248252784714852,0.102100315058868,-2.12555291700888,0.187430739431321,-103.466259181198,-0.00231162736827173,-3.07181316577675,-0.321376624167712,-0.157339275397224,19.1484883348731
-1.03613584950615,-0.115182517674645,0.247806747530492,0.101542195008933,-2.12620278752267,0.187875234489404,-104.625331719393,-0.908077735505003,-3.12479429947555,-0.322869314243363,-0.155786878365542,19.1373685018661
-1.03631249403005,-0.115811323155886,0.247427048879396,0.101071189239474,-2.12689880095037,0.188334229589412,-104.670765244763,0.172898650959951,-3.13319088619684,-0.3206345698076,-0.157681823212532,19.1506973043492
-1.03651963077233,-0.116239940519925,0.247162448010967,0.100718932235761,-2.12754684486523,0.188738208195965,-103.70499768844,-0.32758543867476,-3.05622891914297,-0.318658099538192,-0.161965342696112,19.2057422551393
-1.03680980739889,-0.116424607608337,0.247044708441429,0.100504262958131,-2.12807034318305,0.189029293156601,-105.39016629809,-0.0345735315208913,-3.01933964023544,-0.320359434537634,-0.157537853988943,19.1629387036808
-1.0372339711454,-0.116337943428607,0.247095825881681,0.100434592590865,-2.12840049019464,0.189158283178493,-104.016704969609,-0.3116949199798,-3.10260259695048,-0.321014758962615,-0.15910173825716,19.2278302754843
-1.03783091652993,-0.115971123844986,0.247323813659433,0.10050799210656,-2.1284900624538,0.189094662447169,-105.044581725106,-0.181225974241897,-3.15221083178488,-0.32315898840235,-0.156550793534472,19.2179805923367
-1.03861539005087,-0.115355156052035,0.247706874550662,0.100698394231516,-2.12832510387088,0.188832964938182,-105.178402703263,0.0295350715059612,-3.08986699206739,-0.326078872896328,-0.156444242537411,19.2432133017229
-1.03958222346486,-0.114530368057283,0.248214909190747,0.100978442008843,-2.12792217723777,0.188392317085923,-104.440464088705,-0.171937331933805,-3.08535580225583,-0.322192954422369,-0.160676446309629,19.2950701688489
-1.04071871912878,-0.11354720556062,0.248811273176777,0.101316337743925,-2.12731368785205,0.187805890010919,-106.076020283225,-0.471964961393724,-3.07135186879904,-0.323536266645926,-0.16220546756411,19.2691553838963
-1.04199715661204,-0.112475950353963,0.249445727765688,0.101670767120572,-2.12655324604698,0.187123293133735,-104.639447023191,-0.417699205299186,-3.00765342339807,-0.320137195002828,-0.164472544292763,19.3475881947125
-1.04337498665401,-0.111380831295084,0.250071256556859,0.102008608108023,-2.12571142143148,0.186406918973944,-105.490800862205,-0.498160848658699,-3.08474803564087,-0.325108660124223,-0.160638358910948,19.332858567186
-1.04481095200438,-0.110318098465611,0.250648034130491,0.102301879794078,-2.12485616672716,0.185715491460157,-105.777672910625,0.122633307707474,-3.09194029371832,-0.329493977676306,-0.159407103515509,19.3442947870319
-1.04626173096042,-0.109336472774747,0.251142035502959,0.102530766577322,-2.12405730602394,0.185109800292373,-104.845324694988,-0.259850481277226,-3.21604830933572,-0.325326072527654,-0.157897028396185,19.3855878490605
-1.04769388992422,-0.108458267084299,0.251540291334073,0.102692157455883,-2.12336476577188,0.184632415859493,-106.440098716346,0.63864178977019,-3.17241426124983,-0.327521387900207,-0.157616571190477,19.3493071875238
-1.04907181754387,-0.107690178652144,0.251840218671755,0.102791871793828,-2.12281974950134,0.184312996189545,-105.055352894126,-0.296089098095763,-3.16116327647779,-0.323178145742486,-0.162877139803672,19.4235163388415
-1.05036675500027,-0.107037674159503,0.252039955335375,0.102835191587081,-2.12245049507915,0.184167490187119,-106.120246914892,-0.451054362081777,-3.11702165614847,-0.325363078508959,-0.163267548070455,19.4110534069439
-1.0515597674838,-0.106481136594846,0.252156887069377,0.102841420368139,-2.12226314769171,0.184190345149778,-106.270075644821,0.275574307856914,-3.22644203642594,-0.323478165704017,-0.164481765123913,19.4430201578464
-1.05264156469237,-0.105989390694086,0.25221724331514,0.102835929701696,-2.1222456577609,0.184360288498788,-105.481166877922,-0.338922652354313,-3.2267605537204,-0.32331100206761,-0.166656978944361,19.5042048253949
-1.05360547774081,-0.105533810699624,0.252244786053674,0.102839307844871,-2.12237913503625,0.184647155914912,-107.04512155597,-0.110078016268744,-3.25898813553414,-0.329737167110205,-0.16176778681601,19.4826373391257
-1.05445530759455,-0.105080544633195,0.252267650465386,0.102873498408371,-2.12262930147009,0.185007453575864,-105.809070867821,-0.382884565523227,-3.28555554780831,-0.329174835441819,-0.161367001277585,19.5485676640435
-1.05520617418002,-0.104609161363626,0.252306703650035,0.102948435005492,-2.12295276950254,0.185394963564266,-106.576607168951,-0.323798134908202,-3.17313046797281,-0.33058074059227,-0.163323944659262,19.5405481681947
-1.05587669904101,-0.104096267031691,0.252385792394025,0.103074198438186,-2.12329890069327,0.185756526555857,-107.087830434794,-0.1249008577106,-3.17394736644113,-0.329670409078345,-0.162863926803979,19.5514387453898
-1.05649339274479,-0.103527978793302,0.25252371263346,0.103253137777467,-2.12361844504471,0.186049023646565,-105.914470923029,0.0591123363321913,-3.21322362111624,-0.329149773782881,-0.166650828647884,19.6046703578539
-1.05708627150885,-0.102895770460218,0.25273756444986,0.103483477522097,-2.12386081198223,0.186230724162608,-107.743377920254,-0.0182446573287507,-3.16206918569483,-0.329726667857581,-0.16025057750053,19.5590867939124
-1.05768471244765,-0.102205999335116,0.253034040998003,0.103753400300706,-2.12398387478327,0.186270944831654,-106.243194225403,-0.510900349429903,-3.02294166914547,-0.3261475700193,-0.162454878140019,19.6371104069049
-1.05832270216114,-0.101459464742629,0.253424851770168,0.104055841314898,-2.1239487639773,0.186149877475187,-107.372128082358,0.574222566547633,-3.16991018760132,-0.326165430648715,-0.162339539858084,19.6295965670043
-1.0590250226709,-0.100672867793832,0.253910021023048,0.104373887930795,-2.12372897237307,0.185858645492271,-107.381165683484,0.322346954245404,-3.13912074498268,-0.330831255683756,-0.165180822880326,19.6504370756464
-1.05981076105096,-0.0998626735451023,0.254488316994675,0.104691984042503,-2.12331279633219,0.185403433021214,-106.571094058733,-0.132854412374627,-3.17746292288285,-0.327690081988193,-0.166942861535158,19.7112601124902
-1.06068493363383,-0.0990529213107143,0.255149237226538,0.104992953107047,-2.1227065095067,0.184803198231945,-108.50119807016,-0.0768694637654335,-3.08600329024426,-0.330072823391404,-0.163083861668619,19.6768163159041
-1.06164595159551,-0.0982615374308011,0.255882288486335,0.105266619457712,-2.12192799099992,0.184085589473585,-106.805315444023,-0.34019391257084,-3.2104421019643,-0.326716725765893,-0.166009500207402,19.748210773337
-1.06267116855071,-0.0975171529569536,0.256664736672427,0.105496583267901,-2.12101550102232,0.183287694977811,-107.923562293859,0.267576208538458,-3.19558385064042,-0.331392143495152,-0.163190187426532,19.7294536707446
-1.06373183740722,-0.0968373014119299,0.257477418543929,0.105677065858809,-2.12001604846587,0.18245015368205,-107.854146587343,-0.308553343598305,-3.23247992123117,-0.332243410841266,-0.161065983265775,19.7522351066439
-1.06478992965188,-0.0962376520190489,0.258298017696913,0.105804323049188,-2.11898408937302,0.181614483093631,-107.109810638899,0.055365076736507,-3.26936171337215,-0.327854141330457,-0.162722728187181,19.8018841467525
-1.06579913282948,-0.0957317257110102,0.259100088129279,0.105878118618601,-2.1179826500334,0.180821569214589,-108.680861179599,-0.668041824535749,-3.26729472710048,-0.330501114166422,-0.161112287062147,19.7624429441576
-1.06672338355215,-0.0953191341169717,0.25986785080436,0.105905752444109,-2.11706123726496,0.180101637504734,-107.257342270676,-0.57073790475215,-3.09163895420815,-0.328866353189411,-0.165368073819152,19.8323614756002
-1.06753318727529,-0.0949929166436485,0.260589870239265,0.105898364041295,-2.11626091226869,0.179474901024571,-108.367040075919,0.873206599151899,-3.12697763625786,-0.331601905235605,-0.166985927491879,19.8230716298527
-1.06820523549541,-0.0947465581149922,0.261253947356312,0.105865704228087,-2.11561562175259,0.178956852053081,-108.468820783165,0.0166034477163066,-3.24761469751934,-0.332045823596068,-0.165151196980554,19.8435531733095
-1.06873056678394,-0.0945788089340027,0.261846799068683,0.105812808298103,-2.11514571000122,0.178555814155155,-107.758952374833,-0.0913229958384818,-3.18954257227446,-0.332645197057267,-0.169057943164515,19.901457217507
-1.06911732772461,-0.0944732917378523,0.262370655575371,0.105751416095894,-2.11485005020036,0.178265870674292,-109.337798369936,0.476028579543936,-3.3304368360472,-0.333374911913168,-0.16580214671208,19.8741138990952
-1.06938010934983,-0.0944212474102972,0.262824608615088,0.105686168469559,-2.11471744352578,0.17807476793582,-107.941547784355,-0.0505176144536108,-3.24921396184226,-0.329766846078318,-0.170933658845799,19.9446780040205
-1.0695444358799,-0.094426491148397,0.263202903031376,0.105612974998967,-2.11473114058878,0.177973956462825,-108.980772733403,-0.363536571173427,-3.2278418775773,-0.331770926025417,-0.168514467422382,19.9260189108508
-1.06964848171399,-0.0944875955108699,0.263508830163469,0.105527125575804,-2.11485549355359,0.177942841777775,-109.114266376392,-0.987506160522571,-3.25384869220414,-0.335258938979965,-0.165409375267296,19.9475742045338
-1.06972899279104,-0.0946036480829973,0.263746131888375,0.105424334558358,-2.11505587444089,0.177964353401266,-108.096226349409,0.0558293946482991,-3.16776839743062,-0.330946449382955,-0.16542308604487,19.9922458063586
-1.06981545450376,-0.0947954912191964,0.263904084489665,0.105284480870101,-2.11530377335307,0.178024559981306,-109.897759451567,-0.0270063493983344,-3.29458193142472,-0.333925792673203,-0.162029270461623,19.9521717986641
-1.06994278069861,-0.0950641169027051,0.263988984275511,0.105098237881702,-2.11556074277995,0.178104589421298,-108.300865408521,-0.544289293750353,-3.11600529703446,-0.333593687140146,-0.16685198174047,20.0318010215702
-1.07013538822136,-0.0954236605262198,0.263996741489076,0.104850028567702,-2.11580005389894,0.178193624895463,-109.492575111522,-0.532776718599735,-3.17298980748663,-0.335234645058537,-0.165099958585114,20.0133068014456
-1.0704123495563,-0.0958709974506906,0.263933285471837,0.104535800352527,-2.11599351208472,0.178274435475758,-109.59623774338,-0.358763031709714,-3.09722840046535,-0.335023295215177,-0.165549157980682,20.0287860189243
-1.07078786505202,-0.0963919757006542,0.263812199580103,0.104158517231243,-2.11612157133302,0.178335320095696,-108.580900463728,-0.0560092368762071,-3.2275399605748,-0.333315774154018,-0.173107480403713,20.0843193753447
-1.07126161295959,-0.0969828837034479,0.263636327251351,0.103717510075612,-2.11617762985486,0.178371240315843,-110.431253468062,-0.166205225780459,-3.27776556842849,-0.336090271540479,-0.169028999321087,20.0625016473564
-1.07183788897744,-0.0976118224103146,0.263427764047717,0.103230927671659,-2.1161483409683,0.178368440457692,-109.081414204457,-0.673728384651895,-3.26388361292342,-0.333679632180739,-0.168266698664267,20.1427122116167
-1.07251458964136,-0.0982492134428758,0.263206217633348,0.102716553909845,-2.11602916060707,0.178319236049834,-110.163229129071,-0.816819113592601,-3.32999849875404,-0.335549888977711,-0.169808289737654,20.1309879479153
-1.07329481685463,-0.0988515320262291,0.263000674936034,0.102203608792611,-2.11581188935125,0.17821316710851,-110.215783144006,-0.52501907804799,-3.28416581373492,-0.336415895747201,-0.170170628936965,20.1474393007152
-1.07417949381227,-0.09937411184133,0.26284194786301,0.101721900853047,-2.11548978967416,0.178039689504901,-109.387477101038,-0.138785631679411,-3.20387543765352,-0.336914164119952,-0.170600699198078,20.1897060516904
-1.07515655686036,-0.0997936757948805,0.262743535743608,0.101290697779261,-2.11507429853926,0.177801152285792,-110.821689828133,0.174463279794509,-3.2550963592129,-0.339759647764382,-0.168362888278495,20.1539461751219
-1.07621632884159,-0.100091919997175,0.262716824529123,0.100925349740068,-2.11457462952731,0.177498478108824,-109.445409420396,-0.318357531128186,-3.24136652508025,-0.336568283750299,-0.169381671247726,20.2301586986611
-1.07734993039711,-0.100250369451978,0.26277521583469,0.100642868795593,-2.11400325411961,0.177138690513219,-110.461654757694,0.527629121346763,-3.39814637294674,-0.340770067468836,-0.168565865731712,20.2192697599135
-1.07853635355642,-0.100286976236694,0.262906218189082,0.100436457733264,-2.11338471092177,0.176734834720422,-110.457588715689,0.305160925945984,-3.40379715928256,-0.339205673047578,-0.166501320841866,20.2391674633329
-1.07975382616974,-0.100214269773007,0.263102053294546,0.100304040412246,-2.11274353790556,0.176301540847163,-109.681389444411,0.00349150240481322,-3.31741143365144,-0.333137612822723,-0.168593174884713,20.2986295997166
-1.08097015785059,-0.100062368779177,0.263342320341463,0.100231807020241,-2.11211575472329,0.175859981281746,-111.488838928349,-0.161257877868366,-3.34382940198924,-0.337925292159173,-0.172747924703945,20.2635243730258
-1.08215599597564,-0.0998757496205114,0.263597349919565,0.100195690816156,-2.11153315041033,0.175428761757716,-110.009757999422,-0.21943019444393,-3.17755523726765,-0.337107429748944,-0.174148568476554,20.3337996851324
-1.08328232010441,-0.0996861955782729,0.263846073268051,0.100181784759125,-2.11102986814701,0.175031344788464,-111.082043437256,-0.324154519395734,-3.19209149718426,-0.340836533862707,-0.16978716923298,20.3201139339965
-1.08432651621776,-0.0995200746019655,0.264072629524025,0.100177284665651,-2.11063033488494,0.174682167905524,-111.181135912952,-0.672151848765225,-3.24730065882162,-0.33978197313342,-0.168701834437306,20.3477800863595
-1.08526944031042,-0.0994053647208544,0.264257877364535,0.10016836206239,-2.11035597393372,0.174395559099073,-110.448910360116,-0.0853017949905279,-3.1750640560949,-0.337740577708982,-0.172283787221486,20.4010218076755
-1.08610839612918,-0.099349327521403,0.264399601336321,0.100153095705919,-2.11021085305393,0.174175900955197,-112.021204483218,0.0637907384050322,-3.32728827987685,-0.343020308284293,-0.168998872571525,20.368696710721
-1.08684616850329,-0.0993486768556684,0.264502173295597,0.100135428919559,-2.11019275774943,0.174024646033925,-110.663342453298,0.979559410558295,-3.25039706212451,-0.341421394566353,-0.173375090385456,20.4497404278101
-1.08749817464511,-0.0993941226946395,0.26457363925213,0.100121481809809,-2.11028650950958,0.173935684494579,-111.547405446546,0.411997851840169,-3.37786101917749,-0.339986528200826,-0.169569099249111,20.4368849377701
-1.08808463056309,-0.0994699165535176,0.264626964913763,0.100118680181916,-2.11047044900862,0.173898505625695,-111.867232742074,-0.0125622198656856,-3.30728731253714,-0.344443496799333,-0.168211558295528,20.4532856664663
-1.08863636861556,-0.0995577995545229,0.264676872992787,0.100135409237622,-2.11071152705643,0.173898508012522,-110.836031958967,-0.344625497721836,-3.34471890797963,-0.33898681782461,-0.173891479089353,20.5148831905706
-1.08918629117021,-0.0996357499213048,0.264740903805543,0.100181095090625,-2.11097415142061,0.173920873877522,-112.712455399008,-0.1463755579382,-3.3943956233731,-0.345825787241456,-0.172232537514964,20.4848403756325
-1.08976545514539,-0.0996949117452486,0.264826807012719,0.100254461930898,-2.11122419687071,0.173952162346262,-111.294205234731,0.184482815643378,-3.34236549733953,-0.343080934920442,-0.170296162692357,20.5664005599798
-1.09040409960408,-0.0997310735988917,0.264938854885382,0.100350857438618,-2.11142912361637,0.173981586928297,-112.365478530493,0.314333030299167,-3.35882027711969,-0.341596442784597,-0.174472388930149,20.550925055813
-1.09112495987908,-0.0997376200723812,0.265081879519308,0.10046604164866,-2.11156031962798,0.17399596011875,-112.628440198906,-0.0435893949706951,-3.41532874879383,-0.340923904967069,-0.171387478907148,20.5649418692794
-1.0919416098427,-0.0997150083226401,0.265254691863131,0.100592044635727,-2.11160112072195,0.173992117975725,-111.639634254461,-0.252261313536565,-3.2796100494644,-0.34461547236564,-0.172607685834785,20.6089750860585
-1.09285925886157,-0.0996603446501751,0.265458678377267,0.100723466060824,-2.11154015436713,0.173966023916733,-113.320131556468,-0.426522259820786,-3.4023773408133,-0.348648531877866,-0.170326073024677,20.5780044390119
-1.09387431082721,-0.0995712723946616,0.265693251585743,0.100855548406342,-2.11137634853307,0.173917666749849,-111.923302389401,-0.166115115910316,-3.4059180524271,-0.346690571593187,-0.174658360141393,20.6636456564941
-1.09497510598591,-0.0994495392917223,0.265952615849926,0.100984284378202,-2.11112282740836,0.173855562119282,-112.791351079717,0.578587643918354,-3.35986411761482,-0.345113826807657,-0.170728425140823,20.6536500293921
-1.09614147372751,-0.0992903787336399,0.266235149164507,0.10111112588246,-2.11079811269531,0.173787518122887,-113.113247756606,0.312413104571078,-3.32645537147155,-0.343283626109038,-0.171541498131149,20.6698846691217
-1.09733900270367,-0.0991035955329513,0.266527935795258,0.101228565921888,-2.11043542361667,0.173725252863545,-112.065073943323,0.114431743055547,-3.43792006431067,-0.341256805663236,-0.17732373884461,20.7256722549198
-1.09854312568291,-0.0988875268443907,0.266827713523568,0.101338184878405,-2.11006110368043,0.173677219549549,-113.80256811643,0.69008862718556,-3.42188408451557,-0.345767956875249,-0.175763697018529,20.688724782128
-1.09972541884975,-0.0986418379276532,0.267128470257366,0.10144367684876,-2.10970757341948,0.17365370769148,-112.353129554363,-0.232769768903154,-3.37466053768111,-0.3459519579263,-0.171463670901526,20.7594981726843
-1.10085661091369,-0.098367949146426,0.267423869092378,0.101546484433831,-2.10940353062976,0.173659917790903,-113.613352286548,-0.0699839333647105,-3.46866240343977,-0.349403644818565,-0.1743913962862,20.7481641583753
-1.10191352872691,-0.0980809638046134,0.267700865741261,0.101639144212405,-2.10917342717969,0.173699516972297,-113.60124418675,0.433768174292027,-3.43281153686675,-0.345926159924758,-0.175324601507602,20.774008168868
-1.10287868129599,-0.0977918956740087,0.267950439701933,0.10171667821717,-2.10903138537393,0.173770245737584,-112.838206159691,0.622403182751214,-3.36081094276997,-0.344973377843156,-0.17391251349783,20.8290202139438
-1.10373863583396,-0.0975084060958267,0.26816541231609,0.101776526623414,-2.10898863848546,0.173867530337062,-114.292651368206,0.572491960829666,-3.48217538605559,-0.347442195894245,-0.175215463140027,20.7998328473603
-1.10449431918326,-0.0972482426441905,0.268335427622028,0.101808289710414,-2.10903935089525,0.173981934918388,-113.072333581715,0.125187714863159,-3.32922931603039,-0.34548707732286,-0.177105042468408,20.8672096099186
-1.10515314482421,-0.0970205191719344,0.268457249792215,0.101806394581776,-2.10916933991647,0.174099197629987,-113.936627992772,0.208168404858043,-3.28175088638733,-0.348476967744728,-0.175002834860586,20.8582205024711
-1.10573013851107,-0.0968192394127643,0.26853874841246,0.10177485224858,-2.10935591113413,0.17420336925491,-114.299702765542,0.547246124505818,-3.30135361182499,-0.350817024530587,-0.169598440224218,20.8793776191086
-1.10624202090178,-0.0966508560053692,0.268578534772542,0.101710980497303,-2.10958121850462,0.174287759706725,-113.262215958537,0.033885479279661,-3.42447298593703,-0.347348660308252,-0.172862789444902,20.9371684022983
-1.10671000568999,-0.0965107838883075,0.26858241145175,0.101619410054939,-2.10982439673247,0.174347047487875,-115.041048345875,0.192918976196779,-3.29496454853052,-0.349738947704923,-0.172903545287002,20.8977400742681
-1.10715727222208,-0.0963794746166631,0.268566181381034,0.101513283843782,-2.1100589865087,0.17436971702459,-113.54157754142,0.139377692745256,-3.14754878841305,-0.346918321455119,-0.177140507465877,20.9660511191861
-1.10760038079266,-0.0962559603379791,0.268529856772951,0.10139608569597,-2.11027651942361,0.174361869421669,-114.697568328087,0.0580296852699576,-3.2212034038883,-0.347219558233566,-0.178987200389166,20.9476366475756
-1.10805292544648,-0.0961353685449442,0.26847614835028,0.101273131134212,-2.1104699176392,0.174328338153263,-114.488286134814,0.593758768510952,-3.37516785053739,-0.348801323301817,-0.176286419668674,20.9670744228562
-1.10852627175422,-0.0960077582881622,0.268410142319546,0.101153873688807,-2.11063684538225,0.17427803851943,-113.746510940376,-0.118221202949371,-3.40044881750285,-0.349988448940852,-0.174888202370683,21.0223083487529
-1.10901725787847,-0.0958809201350892,0.268321766174895,0.101036375566518,-2.11078815815115,0.174222590124655,-115.477336118687,-0.325297486437194,-3.43922489554586,-0.35387323934499,-0.171671911015933,20.9981518521346
-1.10951992029401,-0.0957658322144255,0.268200386765477,0.100914506478138,-2.1109355722717,0.174172374691532,-114.159235444894,0.14421134527629,-3.36642090567085,-0.349413698999729,-0.176460246106544,21.0744267091488
-1.11002348223803,-0.0956825193186912,0.268029696933077,0.100777705465313,-2.11109607914904,0.174140647099641,-115.011481527891,0.040786275974142,-3.40843000374571,-0.348501572395131,-0.176157875836686,21.0659871976653
-1.11051918710705,-0.0956477678040972,0.267797651704677,0.100617522586949,-2.11127672620303,0.174129118398732,-115.327315734241,0.176716636460924,-3.32512857567954,-0.350814399268311,-0.176287836951885,21.0825439848789
-1.11099220950334,-0.0956832640800167,0.267490242327065,0.100420528791019,-2.11148884185879,0.174139786526704,-114.354531282174,-0.468149191018256,-3.40008919123738,-0.350121394971397,-0.178359861601218,21.1389838468392
-1.11142775742036,-0.0958100670811808,0.267095150261355,0.100175524450688,-2.11174229955405,0.174175425343743,-116.100046663875,0.223111014871165,-3.4781746265879,-0.353521866070913,-0.171617136985018,21.0992078039289
-1.11181552738958,-0.0960353734963126,0.266612227312018,0.0998802871121115,-2.11203620776609,0.174228060874563,-114.630388408418,-0.23772660739678,-3.21234684390973,-0.352551960552029,-0.170454754982277,21.1783057268973
-1.11215475282676,-0.0963490335147981,0.266057990289425,0.0995416591036145,-2.11235756394385,0.174283479674361,-115.71072658492,0.651692248466134,-3.41023230667568,-0.351432904159899,-0.177566948789298,21.1607759716012
-1.11245163072784,-0.0967286775274383,0.265457361555296,0.0991770342120862,-2.11268959193734,0.174328390764447,-115.737411820221,0.240626571520806,-3.58762562873292,-0.355288897883171,-0.179017958886428,21.1748019408178
-1.11272119840611,-0.097133577814164,0.264849849347839,0.0988161171427119,-2.11301154946464,0.174351230560206,-115.018151345065,0.310081477909534,-3.3683903281474,-0.351798162684158,-0.179771744030084,21.2325897352873
-1.11297761952423,-0.0975219032607519,0.264276309101403,0.0984876349018994,-2.1133017369902,0.174338451028342,-116.533106948573,0.970896311128854,-3.5179486471134,-0.356824636229086,-0.178060848875289,21.2084177690342
-1.11324265816656,-0.0978484551502472,0.263779353366516,0.0982231123186653,-2.11353930632857,0.174283282100381,-115.138114280265,-0.0657811019314067,-3.36026399801494,-0.354848329400227,-0.178902240320774,21.2798676084078
-1.11353683537066,-0.0980763999260228,0.263394281145076,0.0980480346010761,-2.11371292522477,0.174189935347088,-116.123624206407,-0.529157528305404,-3.51118820075411,-0.357757193480535,-0.174836888671833,21.2740108536455
-1.11387959011251,-0.0981847195461647,0.263144995399644,0.0979746167352265,-2.11381520011628,0.174064881066491,-116.496840779014,0.00461116826409125,-3.4952667491043,-0.360166602590521,-0.178155649796149,21.2993241041077
-1.11429457159697,-0.098153203636528,0.263054234156485,0.0980141803960888,-2.11383585338655,0.173913179716228,-115.526536340752,-0.270861412453542,-3.47210085478358,-0.353284380354813,-0.181994836803535,21.357642382811
-1.1147951604819,-0.0979982199786731,0.263116831232762,0.0981529460959325,-2.11378425791006,0.173756222583288,-117.316159800706,0.55147129306738,-3.43495466646763,-0.353757153123688,-0.178012405047911,21.3134011196957
-1.11538695355656,-0.0977543399086542,0.263312996794215,0.0983634848520499,-2.11367095346784,0.173610196930596,-115.518135708326,-0.166793363942361,-3.28718622800307,-0.357025092565348,-0.180908589471803,21.3800587115576
-1.11606879091315,-0.0974714122677431,0.263610077460638,0.0986082062191881,-2.11351629914806,0.173498091375938,-116.795304440314,-0.320764239535265,-3.42829263896792,-0.359701755932309,-0.178501777590403,21.3506462355725
-1.11683666721256,-0.0972089838646859,0.263968169949882,0.0988432143370007,-2.113341948961,0.173441228528141,-116.796278753544,0.167111979813171,-3.53206767758709,-0.3583287105509,-0.175549652464869,21.3724653789956
-1.11767927967203,-0.0970256989565224,0.264345732414684,0.0990252068056308,-2.11316797733066,0.173453523176286,-116.283757417451,0.115229117705894,-3.38649870912215,-0.356510366790805,-0.177140169411907,21.4241916457604
-1.11858452690735,-0.0969671471278382,0.264708702071275,0.099119485905541,-2.11300899132604,0.173539909351364,-117.705014885001,-0.0856666359054543,-3.43921971951806,-0.356616549363261,-0.177082664711711,21.3987880343189
-1.11953108248486,-0.0970720251718538,0.265025702715322,0.0990973764466516,-2.11288246820172,0.1737033082629,-116.202222430849,0.314218061579595,-3.56479002847186,-0.355262842008607,-0.18139233265348,21.4740005347485
-1.12049872995964,-0.0973509058987405,0.265283098885671,0.0989507707382237,-2.11279550150587,0.173933766264872,-117.262130212354,0.517862571695105,-3.47604423812621,-0.356924204680677,-0.184655740855266,21.4688602313567
-1.12146680363115,-0.097794071590692,0.265480856584966,0.0986845168572197,-2.11274959036282,0.174213636168702,-117.580308867398,0.6232489816216,-3.58563252820161,-0.355567679913293,-0.182393124663029,21.4923862119475
-1.1224167889764,-0.0983723950021567,0.265630280807046,0.0983179528700627,-2.11274082878757,0.174520131724073,-116.735458034113,-0.000315578985237153,-3.46989851524677,-0.359527519261254,-0.183604313937181,21.5457495112544
-1.12333730786048,-0.099032428112241,0.265759009010164,0.0978872208763867,-2.11275264641812,0.174820045673309,-118.243384172806,-0.188527599608278,-3.45220085556579,-0.361299290592021,-0.17840861790992,21.5169564164181
-1.12421631899321,-0.0997154075646494,0.265896440801235,0.0974321697968852,-2.11276841160114,0.175079055213172,-117.025124507584,0.34612561114659,-3.35393376212886,-0.361034677799065,-0.179462410053397,21.5815564242072
-1.12504530901027,-0.100382973340068,0.266058213025135,0.0969792491483516,-2.11277454664319,0.175271692148377,-117.7351941884,0.496894527359927,-3.52994637896978,-0.359281554035426,-0.180658921925582,21.5685196414046
-1.12582542698688,-0.100991464929868,0.266264692916362,0.0965586627453443,-2.11275032507951,0.175370875367042,-118.100347132851,0.492970550615837,-3.4195122262239,-0.360724357607076,-0.179896194677202,21.584825667434
-1.12655510313428,-0.101518337936503,0.266520256286755,0.0961870317260776,-2.11268453913142,0.175359466456345,-117.114260838205,0.441743395059802,-3.52833273872821,-0.357147785032766,-0.182774077531103,21.6441546182039
-1.1272380547325,-0.101957264201364,0.266819880404445,0.095870470767467,-2.11256715414378,0.175228189343509,-118.96779020351,0.397705316801421,-3.51376039149849,-0.361177644105331,-0.180260104732734,21.6085539643565
-1.12787741650124,-0.102328523330256,0.267141352410801,0.0955980735307497,-2.11239827090563,0.174980821409771,-117.379873200257,-0.360172783227654,-3.49023072093337,-0.359164062758729,-0.18246676504674,21.6813608707422
-1.12848054938718,-0.102674125554289,0.267448636765553,0.0953452805672107,-2.11218635296529,0.174635983830428,-118.550176879226,0.67636936217059,-3.464321007628,-0.358468499161761,-0.182286844876364,21.6710087587515
-1.12906109877169,-0.103034471892684,0.267709511022555,0.095089645096026,-2.11194117093697,0.174220214347597,-118.718988695293,0.0990670043972841,-3.58181676010929,-0.35910191739001,-0.185061026916838,21.6977960984528
-1.12961411977216,-0.103465491111169,0.267879761643494,0.0947981637318949,-2.11169156529115,0.17376948810955,-117.843903331121,0.177188408033089,-3.55484829127363,-0.36057100452456,-0.185072335121151,21.7486127487509
-1.13014705184417,-0.104007794336379,0.267930202928886,0.0944461862892703,-2.11145746457937,0.173318972825481,-119.419923967937,0.0477033192371437,-3.59667958187723,-0.362870301045479,-0.179929432100154,21.7171358452495
-1.13066166251623,-0.104698655546513,0.267833925180688,0.0940123651226945,-2.11126809586683,0.172910400764334,-117.915843507371,-0.356382259453767,-3.440882710181,-0.361419130903164,-0.179716049178231,21.7832831956916
-1.13115725139194,-0.105534883025514,0.267591662181086,0.0935013980705701,-2.11114807790839,0.172577853165752,-118.99219321957,-0.664818457793217,-3.50543095761967,-0.361486985640625,-0.182135339013068,21.7646645718491
-1.13163117048563,-0.106506533089083,0.267211373540604,0.0929187699743327,-2.111116763942,0.172345679475991,-119.142514177155,0.207186715815396,-3.46223810033828,-0.366164288421714,-0.180906378665297,21.7876720320562
-1.13209364313113,-0.107566928416835,0.266728729002941,0.0922913234778898,-2.11117310972875,0.172222349454544,-118.385850237215,0.449918771056218,-3.56644259517887,-0.36508818058441,-0.183406856965967,21.8473384884065
-1.13254061739113,-0.108653497979872,0.266187885969683,0.0916552263031334,-2.11131863978942,0.172205742457748,-120.03026327591,-0.157349725226368,-3.66097879257109,-0.36401859090196,-0.17929146632309,21.8192853824092
-1.13297531601073,-0.109702685872413,0.265635191549626,0.0910439832169155,-2.11154114784769,0.172280875661082,-118.65064412694,0.181325804733433,-3.52788265246562,-0.362937124999074,-0.181901998106785,21.8936916564482
-1.13340583156352,-0.110646528589907,0.265119987173029,0.0904928241440067,-2.11181613690467,0.172420341743788,-119.649387374061,0.267373735140382,-3.55773032248291,-0.363251502393092,-0.183072675821572,21.8835326121864
-1.13384006177137,-0.111423110377658,0.264686878194925,0.0900318691618806,-2.11211223034342,0.172585879610367,-119.778261074425,0.059256438272314,-3.6594538194347,-0.364323307607388,-0.18305417693535,21.9031763970609
-1.13429093985747,-0.111990031311668,0.264368497455463,0.0896782428606133,-2.11239175858993,0.172735874595936,-118.920652638487,0.26499045870878,-3.46618622433806,-0.362961358740716,-0.184817643218606,21.9586726961963
-1.13477224420293,-0.112317869162728,0.264187534458848,0.0894428485532561,-2.11261778714651,0.172829201773379,-120.629696987473,1.111191517311,-3.63723195068152,-0.362937999007653,-0.179707341844643,21.9196624416527
-1.13529672053943,-0.112399807439225,0.264152022540391,0.0893240103874056,-2.11275557821202,0.172827746220305,-119.236515409508,0.619041269876561,-3.48590796420623,-0.360351438118229,-0.182690764271088,21.9844222993828
-1.135878071268,-0.112260039522064,0.264248149643854,0.0893037321055618,-2.11278004966382,0.172706754242963,-120.056670297597,0.676126267924474,-3.40566551078572,-0.364716260554012,-0.183749527357082,21.9794965314383
-1.13652248819749,-0.111928139076074,0.264458292508983,0.0893648863074039,-2.11267852420769,0.172452485315019,-120.389820705051,-0.191296849659238,-3.36120933113659,-0.365206742071758,-0.184358085547552,22.0058592746575
-1.13723497502537,-0.111450604878269,0.264754148726937,0.0894834348966637,-2.11245006430046,0.172069217086871,-119.582580170338,-0.150672332663135,-3.48679018356583,-0.362041125252982,-0.185215701700332,22.068231076673
-1.13801679914039,-0.110882688273335,0.265101744927267,0.0896339563349163,-2.11210522954683,0.171574065168694,-121.097818118311,-0.125928775465127,-3.58972349949613,-0.366909506783756,-0.18147221868124,22.0371234613392
-1.1388625438592,-0.110275110785273,0.265471385584952,0.0897956603484572,-2.11166853307018,0.170998432223258,-119.823950457911,0.419653859864866,-3.57576791050423,-0.3646375258382,-0.186250719456132,22.1179635805519
-1.13975636298653,-0.109683167659107,0.265829086871425,0.0899461816707067,-2.11117732461306,0.170385448977084,-120.867768215914,0.147300561325437,-3.43024637890309,-0.365931569406246,-0.184752338210642,22.1066187514653
-1.1406799910606,-0.109156192313496,0.266145863454851,0.090068148296856,-2.11067473633132,0.169784406430534,-121.055450248923,0.317410100235747,-3.51751821696354,-0.369102452317197,-0.185720269926314,22.1205835565709
-1.14161066205254,-0.108732540782709,0.266400175488073,0.0901489043011452,-2.11020388481905,0.16924196286813,-119.971789403422,-0.267951287737333,-3.54557247039745,-0.366308297180976,-0.188431732745277,22.1721520989227
-1.14252024629726,-0.108442661887813,0.266575237463527,0.0901763933413495,-2.10980669679597,0.16880008106274,-121.628141629851,0.872932087934032,-3.64799626143099,-0.367642144166686,-0.180706793579319,22.1357802191776
-1.14338139349075,-0.108310674556012,0.266656679877066,0.0901406766180792,-2.10952108864222,0.168493745448201,-120.157175796011,0.127297929264842,-3.64390283747053,-0.366798502403896,-0.182582555783832,22.205736784131
-1.14416881529125,-0.108347012456195,0.26664004596198,0.0900351568862967,-2.10937144120504,0.168341738045984,-121.251985934837,-0.458659617517014,-3.57848653086725,-0.365244929088336,-0.185226991818494,22.1928544289369
-1.14486721631761,-0.108546115746747,0.266530921243504,0.0898593686046603,-2.10936328624483,0.168343371523887,-121.52786696058,0.948939551465628,-3.61693041037782,-0.367707285537938,-0.185151970471992,22.2187132642942
-1.14546305260066,-0.108903452734102,0.266330549993749,0.0896108964020201,-2.10949819474936,0.168492148359463,-120.552237089009,0.19606249051526,-3.59926405447217,-0.369182794625573,-0.189477810486975,22.2754071940923
-1.14595018837305,-0.109408371701237,0.266044137957797,0.0892873167405214,-2.10976181492513,0.168761813425831,-122.386132774246,0.216296259251294,-3.56828941683929,-0.370334760788634,-0.186541155997448,22.2485649180113
-1.14634272876904,-0.110026124290455,0.26569409961982,0.0889028349563864,-2.11012180123721,0.169117319684994,-120.936590645781,0.242078142535547,-3.45495236474162,-0.37141564292088,-0.186407105331762,22.3217232786505
-1.14665270751038,-0.110735309440649,0.265289597913219,0.0884647337497145,-2.11054983341383,0.169525769060635,-121.997519851508,-0.131541618720576,-3.48619136671144,-0.373924868262,-0.186560329859996,22.3111145784676
-1.14690678182386,-0.11149740611619,0.264852973358493,0.0879918644940702,-2.11100529963847,0.16994657724646,-122.101895240268,-0.0222653259486378,-3.62881049226036,-0.371948348071988,-0.185447543268307,22.321409382656
-1.14713747218594,-0.112274560143857,0.264407033616509,0.0875046382653153,-2.11144573281245,0.170341415588422,-121.116815778822,0.203964018198803,-3.51218140049832,-0.370339898292969,-0.188883202259954,22.3730942271632
-1.14738751458657,-0.11301488231872,0.263984537674388,0.0870367010517453,-2.11182832146699,0.170679553599337,-122.859368996404,0.669764351618369,-3.52230798126624,-0.371221473519256,-0.184249678029963,22.34071488338
-1.14769198825314,-0.113677912274259,0.263609478814235,0.0866164320938002,-2.1121208818373,0.170939059907215,-121.455417777874,0.757576579223723,-3.70851650181353,-0.367826826987905,-0.185843033226974,22.4143748510118
-1.1480819342154,-0.114232378108417,0.263300521835109,0.0862673037671998,-2.1123003011649,0.171108145251195,-122.469054159856,0.117533555302771,-3.73782809884506,-0.3695860461864,-0.18889409709268,22.4111376745247
-1.1485883734388,-0.114647345421866,0.263078814252984,0.0860128840700221,-2.11234892247249,0.171185054861977,-122.684851318761,0.218841493238642,-3.76088069644828,-0.372143304522557,-0.188308648761218,22.4413923769277
-1.14923108366473,-0.11491845863824,0.26294732927356,0.0858589559348757,-2.11226133055147,0.171176474684972,-121.869218788654,0.125538744048072,-3.68294384806251,-0.37541601749945,-0.190530719759033,22.498633177824
-1.15001663797149,-0.115039467796219,0.262909744750929,0.0858115700605142,-2.11204446870185,0.171095476980573,-123.619053445267,0.401008081878672,-3.73341732748779,-0.374612983980169,-0.188424645669992,22.4718885165949
-1.15094383300755,-0.115022201735255,0.262958643320482,0.085861017605178,-2.11170871116495,0.170954829287184,-122.017647049124,0.117874382889795,-3.56987636003186,-0.373581702094678,-0.188865874459662,22.5451874290858
-1.15199794764761,-0.114890259699144,0.263077707276852,0.0859886962289317,-2.1112758727584,0.170772656691057,-123.126759784972,0.7882081775806,-3.53037591139486,-0.374112362541612,-0.185982088085561,22.5240575903201
-1.15315670358584,-0.11466428860674,0.263253139086525,0.0861746658410294,-2.11076968576793,0.170562613309478,-123.411157066511,-0.0713075759003914,-3.61411363241871,-0.375707858389789,-0.185417291667298,22.5288110868842
-1.15439480007651,-0.114366750812258,0.263468446255776,0.0863971731819346,-2.11021688248391,0.170337594043474,-122.145472419326,0.121842405472989,-3.53337653599672,-0.374861791390189,-0.189430814783386,22.5735850758497
-1.15568140425805,-0.11402083309792,0.26370667328426,0.0866322308704583,-2.10964355720373,0.170106863280636,-124.07721108855,1.23229003515507,-3.69483714419061,-0.378234524497581,-0.18884065464302,22.5455481905523
-1.1569865718774,-0.113628996379092,0.263963224135155,0.0868690433109575,-2.1090672698337,0.169865565563951,-122.649427835463,0.972315373558558,-3.67893771586364,-0.375452227801883,-0.189491917824753,22.6284234196596
-1.15829083865805,-0.113184004498011,0.264240247845212,0.0871037056872028,-2.10849790239753,0.169607076162055,-123.916403599761,1.45631872070612,-3.56211151877736,-0.37266187348582,-0.193335519690992,22.6300161159749
-1.15958095102141,-0.112673734520737,0.264544743698747,0.0873375275464888,-2.10793754358657,0.169321378692326,-123.991617077906,0.743355161607042,-3.64895513346639,-0.375660520712718,-0.190248644750329,22.6648595784304
-1.16084492871647,-0.112078683766824,0.264886025223977,0.0875785256638213,-2.10738319028714,0.168991206921192,-123.24776196687,0.261028686906911,-3.67421481997695,-0.379875103390223,-0.194921738630367,22.7190932198535
-1.1620869823706,-0.111371695911329,0.265281229052955,0.087841862982677,-2.10681906529632,0.168598906489941,-124.806890995764,0.552407276651365,-3.72668424978099,-0.381913721865345,-0.189559304054227,22.6911426212274
-1.16331184599903,-0.110540593912843,0.265736998115711,0.08813553467229,-2.10623198371271,0.168130896827074,-123.345286004991,0.313972581668395,-3.63728581035201,-0.381098092484394,-0.189755175657683,22.7605878106707
-1.16452609047611,-0.109581179454356,0.266254274561744,0.0884648898172368,-2.10560972887695,0.167578246194102,-124.153627909171,0.529426731692183,-3.6171449873587,-0.381946062969352,-0.184578915291287,22.7404117932267
-1.16574187141964,-0.108507480881485,0.266823659741806,0.0888259694773512,-2.10494091935043,0.166940329993397,-124.390630459122,0.368400988627627,-3.62017855292333,-0.379473996374324,-0.186448955355605,22.7477752474809
-1.16696310079047,-0.107355408450243,0.267420947068498,0.0892019179749713,-2.10422630693785,0.166226632185339,-123.377675427269,0.551782931489697,-3.50804893666597,-0.376138278659856,-0.19346390972914,22.8014442846524
-1.16819114624414,-0.106165112894296,0.268020431068782,0.0895749262467879,-2.10347152854381,0.16545262067308,-125.267372580786,0.606359855267328,-3.6846486060083,-0.376904428286866,-0.192422453432895,22.7661516160975
-1.16941545898782,-0.105012365849844,0.268572334615031,0.0899052907278394,-2.10270460084928,0.164653429634446,-123.811364971176,0.700364476744198,-3.59542538084114,-0.377979364636575,-0.191730959337139,22.8538652140408
-1.17062589873481,-0.10395495260405,0.269040819021006,0.0901683396517273,-2.10195564158038,0.163866476911156,-124.95229436612,0.713105638313209,-3.73282394393186,-0.379017562884633,-0.190419664137453,22.8474167006091
-1.17180212609788,-0.103058529606375,0.269386257747954,0.0903339605916604,-2.10126544322119,0.163134542401985,-125.085680441241,0.600302505977425,-3.80392893317153,-0.383022353107914,-0.191702655053196,22.8672012168427
-1.17292650125166,-0.102368592773218,0.269584048133186,0.0903856787500238,-2.1006766646271,0.162503875558228,-124.180912834259,0.842724224075027,-3.74935557712141,-0.381104183491458,-0.190841074437276,22.9166781610554
-1.17397414722537,-0.101911673925854,0.269622344753697,0.0903205257817553,-2.10023597765309,0.162018816332427,-125.86225929978,0.871525759371025,-3.73022368159573,-0.381801645504801,-0.191417024736438,22.8804392939138
-1.174920127496,-0.10170028739053,0.269499062648252,0.0901448094502665,-2.09998647704133,0.161717313520888,-124.300288059403,-0.0421732252675611,-3.76571804572382,-0.380991245607501,-0.191870899431749,22.9526484882003
-1.17574854856712,-0.101719208855918,0.269232681111661,0.0898817228105998,-2.099959071436,0.161628304367948,-125.518312944984,0.274886892027098,-3.65383733942974,-0.381575733542557,-0.189348526057176,22.9360363283529
-1.1764457744119,-0.101938483848259,0.268851219803413,0.0895609795325737,-2.10017269702266,0.161765548479322,-125.536605663493,0.777187521880023,-3.65587533161019,-0.380904285046389,-0.191560726648161,22.9548815422305
-1.17700022420725,-0.102319986116493,0.268387334955182,0.0892146381884202,-2.10063341542624,0.162130592846735,-124.662797334273,0.53366757032336,-3.65611966824378,-0.38112762599831,-0.192100822314327,22.9976479732593
-1.17741846112418,-0.102805561330637,0.267888883369896,0.0888827571113112,-2.10131788202104,0.162699481505576,-126.35412797644,0.181679923591446,-3.74582199894851,-0.385246028411311,-0.191389901423641,22.9722833336667
-1.17770686251268,-0.103348306483909,0.267394187165558,0.0885945077346684,-2.10219490531115,0.163439853844719,-125.022624242031,0.321461401828401,-3.7143256754641,-0.381732972846215,-0.19461386798427,23.0640209003299
-1.17788135489508,-0.103917661893457,0.266929629044741,0.0883623611983258,-2.1032165669338,0.164304584982093,-126.157562365415,0.657097719169542,-3.73250788290741,-0.380151244925937,-0.198187398945676,23.0592272962921
-1.17796076275571,-0.104489474627028,0.266515966201795,0.0881897457759461,-2.10432504198283,0.165237962368758,-126.151339953075,0.0779788956554057,-3.79613030662782,-0.3817904843299,-0.194148399073309,23.0596333934342
-1.17796890059865,-0.10506133614242,0.266157692762298,0.0880614932543995,-2.10545606480505,0.166179277922901,-125.151871827757,0.328780373586369,-3.59134208473247,-0.382623938779197,-0.195002701936964,23.1031241453876
-1.17793031645442,-0.105649754342031,0.265845073773627,0.08794723087533,-2.10654647182109,0.167070098972919,-126.883209376541,0.258558314365018,-3.75551665824989,-0.386599844924046,-0.194175214107003,23.0757406341344
-1.17786884821849,-0.106270519543835,0.265567059926919,0.0878170390792931,-2.10754183556921,0.167860822434379,-125.338538015791,0.909134735146154,-3.76380399417633,-0.384374468975707,-0.195658205670416,23.1485813321519
-1.17781538727884,-0.106947296068959,0.265307506115248,0.0876343675772052,-2.10838754988375,0.168506913035264,-126.550507417728,1.14337574016417,-3.67719631579808,-0.385727684775296,-0.189532222273562,23.1410082980863
-1.17779484952438,-0.107701917697932,0.265048845825809,0.0873675199099995,-2.10904521308052,0.168977184844261,-126.705152702913,0.485808308229707,-3.63090622664237,-0.385212791287458,-0.191117435172102,23.171481450547
-1.17782672585335,-0.108544888633542,0.264778430406511,0.0869976495474953,-2.10949688788905,0.169261437986069,-125.811608871575,0.210895923858061,-3.80130780499039,-0.382865894379606,-0.194181368801651,23.2312085515681
-1.17792619606618,-0.109467818666338,0.264496316553298,0.0865221625396231,-2.10973788253478,0.169362727571775,-127.454899911346,-0.00112679733479126,-3.68916213251654,-0.389451198095912,-0.195896436142048,23.210362416573
-1.17811354815572,-0.110440025693355,0.264217035061172,0.0859594655532915,-2.10977244221474,0.169295728142631,-126.347697039542,0.608793013946524,-3.88436392141773,-0.38589955728048,-0.196541026301661,23.2890096775416
-1.17839589592445,-0.111419277697255,0.263960354995504,0.0853407101478424,-2.10962383331894,0.169090225521613,-127.306670670156,1.09257523307224,-3.88146578150329,-0.385791800956164,-0.195058194882813,23.278189852162
-1.17877474740614,-0.112349974242042,0.263755473884522,0.0847111082718999,-2.10932521478432,0.168782930663844,-127.485851044296,-0.363766882700929,-3.81765995823309,-0.386069711367288,-0.190614475184159,23.2776793832699
-1.1792424021638,-0.113185419903491,0.263623598451735,0.0841134584218216,-2.10892025007374,0.16841798406813,-126.259416547659,-0.0652665949185121,-3.80449431182404,-0.38734498807846,-0.196920259533834,23.3261061020534
-1.17978268210616,-0.113882779457052,0.263583268572755,0.0835904840848938,-2.10846002930029,0.168041712892488,-128.217302720423,0.706487948233644,-3.83652090119952,-0.388757155607645,-0.1998059238313,23.2897054197512
-1.180382709742,-0.114401923944829,0.263653623934046,0.0831837058353505,-2.10799049150887,0.167697528111254,-126.633237401845,-0.0408692153623633,-3.76519795426202,-0.384297581919035,-0.197230527145676,23.3698754282082
-1.18101942977096,-0.114728163031555,0.263836197055074,0.0829171214003085,-2.10755913681851,0.167423819110647,-127.760504648307,0.235076268324065,-3.82181988015151,-0.383796575495972,-0.194465020179479,23.3686832844706
-1.18167183029855,-0.114848635090813,0.264134459048542,0.082811125339927,-2.10720178501576,0.167246901972227,-127.977298013468,0.803299883265709,-3.7288094789298,-0.384556050560198,-0.195459549938447,23.39861638227
-1.18231751359737,-0.114789660160967,0.264527120218374,0.0828550192995725,-2.10694641720193,0.167184012595921,-127.184988532413,0.229386777406944,-3.82061480802417,-0.387210181025535,-0.197434983636164,23.4535144260973
-1.18294572130097,-0.114569766419049,0.265001988682514,0.0830402131155183,-2.10680278847769,0.167237814792121,-128.871398101542,-0.10625223271245,-3.90030263644599,-0.393728029608166,-0.197039037081577,23.4297677126404
-1.18354997827143,-0.114216913304433,0.26554279195641,0.0833484526142701,-2.10676704719178,0.167397957443105,-127.474894031103,0.054706577126808,-3.73106910333874,-0.39264927505587,-0.199446788991253,23.5027741885675
-1.1841268807543,-0.113779983614887,0.266118698490215,0.0837436923235604,-2.10682885455842,0.167648978127686,-128.503377094363,0.368680911452202,-3.85910844096355,-0.394126233287398,-0.195610776279995,23.4837188792455
-1.18468376282561,-0.113287465158074,0.266716795891402,0.0841988605481565,-2.10695992744604,0.167961745730195,-128.7657309488,0.968039850341484,-3.82514219474564,-0.391211868759176,-0.193542531624905,23.5046884679396
-1.18523830476063,-0.112772162016032,0.267320892911178,0.0846834352537161,-2.10712289049543,0.168303917799478,-127.463132096265,0.188555889708823,-3.73755257005323,-0.386406760107578,-0.197281339465325,23.5638272928454
-1.18580474259122,-0.112250377976996,0.267923858739929,0.0851777527303847,-2.10728379426355,0.16864401576508,-129.442451565083,0.333103575879932,-3.91078859379863,-0.393026434489726,-0.195086717618061,23.520266643073
-1.18640288008546,-0.111721516960585,0.268530105403247,0.0856724461138325,-2.10740135933044,0.168945993863383,-127.959863010149,0.557987076975451,-3.87172717876973,-0.39302483353718,-0.197578947895308,23.5929398073433
-1.18704972012945,-0.111179823274692,0.269145020012816,0.0861630709633569,-2.10744035012164,0.169178936472804,-128.945879049858,0.274082118109163,-3.87774387589113,-0.390776706138552,-0.197058275125809,23.5859487344032
-1.1877566571567,-0.110624846987164,0.269766947160307,0.0866434245689953,-2.10737995438055,0.169325298894308,-129.108866103387,0.829260635134233,-3.94784253106673,-0.394152782016371,-0.192631282378464,23.6046202748987
-1.18853001692802,-0.110044735747912,0.27039989711063,0.0871178278160573,-2.10720827180504,0.169372289250943,-128.144991197868,0.051614024827586,-3.80060341496102,-0.39233628066598,-0.196039330426049,23.6548992523236
-1.18936394131603,-0.109435803400809,0.271040288202777,0.0875874589659191,-2.10693195744441,0.169322030781518,-129.905261703527,0.456731825085171,-3.81241165066751,-0.393407601984819,-0.199354660607778,23.6262113265495
-1.19024237623362,-0.108816316934841,0.271668299781516,0.0880406844840186,-2.10657345040956,0.169187742125744,-128.542998239014,0.652245389248264,-3.76856166119535,-0.39176851357825,-0.202656515591111,23.7029875958596
-1.19114540129068,-0.108207697481729,0.272261679393719,0.0884661427802682,-2.10616370033756,0.168989598800042,-129.517827296652,0.681027675551377,-3.80113436753348,-0.394405065674326,-0.200452360726931,23.6870524754944
-1.19205162307198,-0.107642738035014,0.272793351790386,0.0888449693425115,-2.10574215817739,0.168756653047885,-129.674392718071,0.895884982151074,-3.86133989207835,-0.39251278716839,-0.196725166707476,23.708943071605
-1.19293320440415,-0.107164331347529,0.273229888869091,0.0891525929314626,-2.10535324675256,0.168518519964917,-128.858754561501,0.686786992015868,-3.82077675566416,-0.392795453149864,-0.197439160364568,23.7641694891777
-1.19376993572645,-0.106815237523491,0.273542272764745,0.0893645519451757,-2.1050359584727,0.168306318727797,-130.61144289313,0.460504548829022,-3.83996607854627,-0.397375553548,-0.200202263411722,23.7351669049294
-1.19454389458723,-0.106645415463844,0.273698843806654,0.0894501277210222,-2.10482515500604,0.168147020854339,-129.192689006617,0.660431478727787,-3.84331038846472,-0.397541033576162,-0.200185725893055,23.8091590853233
-1.19524749855598,-0.106691643120233,0.273679831415606,0.0893865953969339,-2.10474259902317,0.16806021819252,-130.023660293705,0.269775150225541,-3.86472994393378,-0.395483371877698,-0.200609022797231,23.7997043404867
-1.19587985172586,-0.106978411341363,0.273475768871742,0.0891596074499799,-2.10479624079029,0.168055289854005,-130.266502477481,0.18975370346493,-3.83173345277109,-0.397616207754457,-0.201761553641023,23.8091313774292
-1.1964507281364,-0.107514958000995,0.273089307365044,0.0887630474060348,-2.10498166796177,0.168135968875097,-129.384577413947,0.213053420679898,-3.82896660584311,-0.397589837632307,-0.203538708866277,23.8662946426136
-1.19697980244057,-0.108281532147903,0.272543213469382,0.0882095711828853,-2.10527425920199,0.168288974501152,-131.204512241098,0.269986190261079,-3.94412035066995,-0.395921152791365,-0.199279085144322,23.8411007275529
-1.1974876611086,-0.109245101791115,0.271867188608376,0.0875209923853127,-2.10564583612468,0.168499655293463,-129.637699687833,0.43410133229122,-3.82601761899923,-0.393455986960686,-0.201651925316079,23.9244965485491
-1.1979985375602,-0.110351094550659,0.27110349442307,0.086734675638159,-2.10606345475127,0.168750328282613,-130.823850982842,1.27787589862487,-3.98846868632677,-0.39518095088007,-0.200326454727089,23.9163344472347
-1.19854101903688,-0.111526106384976,0.270306125120566,0.0859001828752944,-2.10648412189516,0.169014605949894,-130.958290854197,1.13483731108113,-3.9578336042259,-0.396721092243875,-0.202830489298994,23.9310995957288
-1.19913305526429,-0.112699395541597,0.269522342711625,0.0850666852100992,-2.10687772690197,0.169275177507924,-129.79476276835,0.465815845706629,-3.77971015079589,-0.396306841130116,-0.20324362156426,23.9835132927546
-1.19978918122778,-0.113794717262137,0.268800935034153,0.084287303958711,-2.10722107793864,0.169519600223476,-131.834015056011,0.65994239909196,-3.96845392135705,-0.399015070444757,-0.201211726862226,23.9457936016789
-1.2005160157268,-0.114740073301771,0.268185316425425,0.0836133944540588,-2.10749743183901,0.169737694512759,-130.222669619853,0.677445786959424,-3.81659680481792,-0.39957455227283,-0.200816410179179,24.0209082150481
-1.20131112852331,-0.115483520314823,0.267703356507612,0.0830830055423716,-2.10770427532088,0.169928940565431,-131.358267559881,1.39117329417081,-3.92399067385111,-0.396221170157062,-0.197871681764749,24.0052731586193
-1.20217233364316,-0.115987955244603,0.267374939310095,0.0827225879103535,-2.10784072394095,0.170092933651014,-131.408107751742,0.633575700085203,-3.87407281341922,-0.396806237146429,-0.197198869142793,24.0193896336364
-1.20308900384139,-0.116234812860717,0.267205816466041,0.0825471627597056,-2.10792160389794,0.170242058615185,-130.582263586743,0.945574189347326,-3.92015082042263,-0.396880406286058,-0.202968635785398,24.0674343234535
-1.20404794049757,-0.116225298540688,0.267190455582258,0.0825559581466111,-2.10796213912325,0.170385840704655,-132.280121581288,0.370104649621226,-3.89752423324555,-0.398813829916408,-0.20601614575694,24.0489607187369
-1.20502858834947,-0.116003352486242,0.26729508578489,0.0827186914406538,-2.10798669730818,0.170539217380008,-130.905266653474,0.343876826725818,-3.93886246846267,-0.399706987726141,-0.206946632773613,24.1334503747579
-1.2060172921085,-0.115617231505982,0.26748644421176,0.0830005944865225,-2.10801199305772,0.170710996603098,-132.078491670039,1.10721802549938,-3.93693061804703,-0.399746090105596,-0.201858174915995,24.1267599210895
-1.2069991718665,-0.115131018050223,0.267722539291826,0.0833550293641909,-2.10805596354012,0.170910355220394,-132.096286070397,1.11747188277423,-3.97369930631501,-0.399746256021163,-0.198790957016957,24.1450631928985
-1.2079651635902,-0.114620729875399,0.26795598195318,0.083725734465137,-2.10812726458762,0.17113864220787,-131.174308511098,0.463300084303,-3.86196229181346,-0.400455613380341,-0.204014132536348,24.1836470788297
-1.20891030933023,-0.114154012541255,0.268147850493034,0.0840606922871008,-2.10822472763779,0.171387442587843,-132.7328962769,1.17805468328743,-3.89351938328295,-0.403473780613827,-0.203388614780228,24.1533675789429
-1.20982553499939,-0.113795829024933,0.268260773843673,0.0843103693223454,-2.10834837855758,0.171647382816909,-131.627761499642,0.744955630643744,-3.73910335180517,-0.404163898453959,-0.205440747380712,24.2326961820665
-1.2107121749021,-0.113604375173534,0.268264342674707,0.0844291721305118,-2.10848625821614,0.171902611015977,-132.437001502698,0.505020526542921,-4.01949810439544,-0.403291068328897,-0.200449756205358,24.2340846767571
-1.21157476960056,-0.113612028731154,0.268146199135177,0.0843902531709818,-2.10862027262934,0.172131268870875,-132.887976561802,1.09298294480368,-3.94313113149209,-0.401024345264129,-0.202238250178088,24.2629989238692
-1.21241472683235,-0.113827021506432,0.267909021423301,0.0841840988038497,-2.10873084289977,0.172308218349466,-131.774008788039,0.580412315849117,-3.96672681221989,-0.400781167024075,-0.207748562130993,24.3220286289434
-1.21322892565554,-0.114246430358518,0.267560769819201,0.0838104602447043,-2.10880279344434,0.172412085491155,-133.582482034219,0.675328429273577,-4.00435623560116,-0.404456438206653,-0.20528667367074,24.289792984745
-1.21402381632665,-0.114830109054242,0.267135242890217,0.0832967418634563,-2.10881571556363,0.172421940145495,-132.056479508873,0.353360688075327,-3.84287290874664,-0.406118806093872,-0.206934296379962,24.3631940191672
-1.21480600590999,-0.115513977323682,0.266681234222819,0.0826871804342295,-2.10874759967535,0.172316979849676,-133.07938295985,0.335435656592381,-3.92707034045006,-0.403364735412976,-0.204180007334964,24.3501861851002
-1.21557219215661,-0.116233726935445,0.266243967209031,0.0820292082959899,-2.10858985163464,0.172086316659031,-133.294801914806,0.877274216747992,-3.93074953444415,-0.404412751088889,-0.203594639683279,24.3647577751248
-1.21632251354637,-0.116918465661927,0.265872154087385,0.0813754423870961,-2.10833282461769,0.171721584398734,-132.184224877251,0.584578136196342,-3.95925315092703,-0.402202348111968,-0.201805693482456,24.4234938301055
-1.21705350572065,-0.117499179740286,0.265609894178437,0.080779178240031,-2.10797551075971,0.171224270252018,-134.248862917295,1.50888374044325,-3.88459309463141,-0.400607831165061,-0.202284956207872,24.3945535822712
-1.21776562327144,-0.117913741735933,0.265494336190786,0.0802914374988818,-2.10752473735736,0.170609119525969,-132.782353489504,1.10677632567263,-3.84887108920699,-0.400904168308683,-0.208001360639817,24.4679738051713
-1.21845775042746,-0.11811995111449,0.265547525991015,0.0799487974252617,-2.10699005687276,0.169892048371442,-133.827174383567,0.905022972112647,-3.8721945175827,-0.402886207083157,-0.205400025237436,24.4572435465374
-1.21913226918788,-0.118072163287017,0.265792630659167,0.0797912731312919,-2.10638178547399,0.169093004065832,-133.90352127505,0.952319210886799,-4.0079010222575,-0.403308716268918,-0.205102865537104,24.4720467280123
-1.21978710939127,-0.117767322796992,0.266221387738302,0.0798288828200338,-2.10572042177616,0.168241230873208,-132.908179614799,0.345654368602482,-3.94021357450305,-0.407296976952812,-0.205005828504705,24.5314021176089
-1.22042315399637,-0.117220647791439,0.266812473304754,0.0800572071878798,-2.10502938160235,0.167369079426115,-134.876949048201,1.0107177752559,-3.85200968041556,-0.411172567167974,-0.2027822465373,24.4987520547678
-1.22104053569435,-0.116466674558273,0.267531490638086,0.0804582076193962,-2.10433547501243,0.166509610322236,-133.34076816529,0.228444057706156,-3.94263760531859,-0.408162503412087,-0.207422460180538,24.5774027905793
-1.22164331984445,-0.115555356470153,0.26833368353223,0.0810009097472962,-2.10366165581452,0.165692233320937,-134.381734290247,-0.116596555645629,-4.03286592819907,-0.407829229747172,-0.206156496582685,24.5645837797593
-1.222234093033,-0.114548617103795,0.26916784709188,0.0816428694677229,-2.10303322840994,0.16494529768057,-134.385981879319,0.834995583162481,-3.9141289609625,-0.407690384278793,-0.203663935596533,24.5842458764246
-1.22281092259622,-0.113520215974567,0.269975014133819,0.0823318655894754,-2.10247811715958,0.164294960863746,-133.553901903506,1.14666633142997,-3.92657999238187,-0.405783077536629,-0.207375681864915,24.6335178535376
-1.22337862166085,-0.112538911790453,0.270702809698115,0.0830167015045439,-2.10201342157697,0.163755434960802,-135.342948597632,1.04397157195308,-3.98649750925355,-0.408735792301585,-0.204337660280373,24.6044636853872
-1.22393790766142,-0.11167990392075,0.271296631501231,0.0836403907003702,-2.10165618228445,0.163339225781377,-133.960105921818,0.448531030654294,-3.91399921726281,-0.411468248189638,-0.204353340369216,24.6755246822743
-1.22449042371004,-0.110993399785777,0.271721880228637,0.0841611555695646,-2.10140965070422,0.16304049643807,-134.933642197532,0.595360221688452,-4.09396665704159,-0.410239060214627,-0.202137741073916,24.6719382205945
-1.22503675800675,-0.110536821585019,0.271940560345608,0.0845322148539847,-2.10127694627165,0.162853843906141,-135.148888802496,0.498209863776765,-3.99328243812883,-0.409819710711603,-0.202947230384122,24.6879023334322
-1.22557815805232,-0.110358832194773,0.271924277733247,0.084712726524706,-2.10124966011338,0.162761963468334,-133.964962235048,1.1460846665293,-3.98861510858137,-0.408660170608113,-0.205599469272472,24.7362604572402
-1.22611288189141,-0.110480920398864,0.271665478669201,0.0846805542897732,-2.10131139554301,0.162737896247793,-135.830016747447,1.34221583765475,-3.96554895720459,-0.411755766857595,-0.205496139117136,24.718565311998
-1.22664329100837,-0.110918338234834,0.271162915469558,0.0844204829755656,-2.10144120564825,0.162755459893864,-134.413139283192,0.516169929879879,-4.00755103625866,-0.409865909925537,-0.209141124846979,24.7886612292454
-1.22717804242327,-0.111663222354998,0.270434944332467,0.0839345876849031,-2.10160435056103,0.162780743918073,-135.460335907221,0.653037321352713,-4.14021257665141,-0.411213112224492,-0.206903066427224,24.7882742844454
-1.22772099657194,-0.112696731813596,0.269507790040297,0.0832349033394394,-2.10177097189029,0.162784473113481,-135.846250835557,0.372164458899761,-3.98831979488733,-0.409854503029834,-0.204858453101574,24.8050794857178
-1.22827017974881,-0.113996211028566,0.268409852529628,0.0823391720926615,-2.10191637781995,0.162743230914075,-134.756984624745,0.608539567182561,-3.94042203484997,-0.408849699313461,-0.2082588726583,24.8667095400479
-1.22883720036504,-0.115510986868871,0.267191868938973,0.0812859505963344,-2.10200802096691,0.162634816109114,-136.698180720657,0.854841652414507,-4.00976891438921,-0.414083595044466,-0.207225654088283,24.8321445400489
-1.22942586918737,-0.117181935334212,0.265908375942355,0.08012311507167,-2.1020271102412,0.162449427948033,-135.074540371443,0.596991549335826,-4.01319199314301,-0.414091672025446,-0.210768731332518,24.9032859025277
-1.23003914316069,-0.11894356837199,0.264615885901513,0.0789046976679585,-2.10196167029765,0.162184271748008,-136.186948427849,1.76275874220028,-4.00651457926139,-0.412433051332109,-0.210191862136229,24.8962191995784
-1.23067868694153,-0.120740726825679,0.263361450697991,0.077679121143022,-2.10181061670854,0.16184711912632,-136.454782585534,0.850476398284172,-3.86363181100046,-0.413432600820105,-0.208243771214874,24.9094089418723
-1.23134236570668,-0.122511346611924,0.262193245640758,0.0765011606023604,-2.10159063326262,0.161462752371659,-135.172893481764,0.214031658434806,-4.00312028808702,-0.413876685489656,-0.209567590705308,24.9696050071554
-1.23202718828091,-0.124193442864661,0.261156925450143,0.0754243550914175,-2.10132196468969,0.161056101867392,-137.250147567404,0.975530128375112,-4.12896954079577,-0.416514193877557,-0.204778921211967,24.9340628526769
-1.23272492159433,-0.125748495266876,0.260275852743653,0.0744862885074908,-2.10104010637173,0.160663755674547,-135.554162374014,0.5973506389671,-4.06879110270251,-0.415396515629137,-0.212202591812803,25.0120147544198
-1.23343436943865,-0.127134674358755,0.259573708235861,0.073725149276243,-2.10077853985612,0.160322489329966,-136.80275752564,1.39906237101604,-4.04164649397262,-0.415402539823963,-0.213971031061654,25.0057410212867
-1.23415600877317,-0.128326704230378,0.259060526840316,0.0731651694005052,-2.10056953378452,0.160066753049024,-136.987635910801,0.829258665513635,-3.94935899835923,-0.415870045929885,-0.209305182229097,25.0282615044597
-1.23488581664562,-0.12931618873285,0.258731152386016,0.0728152286959571,-2.10044438407498,0.159925201177457,-136.116491184149,0.971284028006039,-4.01451779071704,-0.414563538101484,-0.214496166355902,25.0892022324266
-1.23562407437686,-0.130111271460798,0.258567930160012,0.0726704941505868,-2.10043129507883,0.159925159120738,-137.923443520664,1.61300652695991,-4.0884859387819,-0.418562389405937,-0.207475923212763,25.0558192883327
-1.23637365707682,-0.130726892124072,0.258550362128748,0.0727161025909554,-2.10054243904123,0.160077882793938,-136.241554414619,0.910068808721917,-4.0158423149833,-0.421247414349671,-0.210770116549164,25.1270520407975
-1.23714237329994,-0.131183243045819,0.258655755716014,0.0729286596041392,-2.10077498113437,0.160381215057737,-137.355891597488,1.02227378548719,-4.1704227002102,-0.422716132785833,-0.209805391613073,25.1204359170218
-1.23793218232704,-0.13151349697464,0.258854262456998,0.073272158293158,-2.1011145443333,0.160817433997087,-137.557457190222,0.180949886944745,-3.99304073069447,-0.420858405459227,-0.20875283666385,25.1450709289435
-1.2387550517995,-0.131745241871283,0.259125116425955,0.0737108642863839,-2.10153218797308,0.161360772240502,-136.763249847373,0.25391978759626,-3.97519001381119,-0.413287769435053,-0.21152962837564,25.2094489394723
-1.23961556470539,-0.131905169070229,0.259449276351048,0.0742082159662075,-2.10199497140701,0.161977807619486,-138.446033214498,0.713813150124224,-3.98364897408575,-0.41589714576024,-0.212025722314733,25.1768445226368
-1.24050605780551,-0.132026700815496,0.259804623625376,0.0747212737408371,-2.1024708653819,0.162629443642039,-136.924310419063,0.726452292665954,-4.0274140585154,-0.418539815086473,-0.211209678318088,25.2509922051004
-1.24141959807739,-0.132132386835432,0.260178869942759,0.0752156917291582,-2.10292488644016,0.163276046838103,-137.987331472262,1.07517484535447,-4.1284120579391,-0.419663468819155,-0.21354477513288,25.2459022701021
-1.24234505637977,-0.132233764094488,0.260568399910658,0.075666877846694,-2.10332527053741,0.163877704561747,-138.367678747576,0.493465302674849,-4.17582369912583,-0.42099217924698,-0.210432207127835,25.2702559410989
-1.24326886907112,-0.132337565641531,0.260973083515847,0.0760548928051834,-2.10364736375808,0.164401783408744,-137.206699037513,0.952999274207514,-4.08116734143982,-0.419574324643099,-0.211732577641104,25.3314655434019
-1.24417750381659,-0.132437787208707,0.261400157959825,0.076372863600559,-2.10387531097291,0.164823534927708,-139.268567802746,0.838964499531585,-3.9317066571096,-0.421986781333765,-0.21152674272312,25.2929060444085
-1.24505840177108,-0.132527148728647,0.261855583768426,0.0766184002030679,-2.1039997399326,0.165126325626534,-137.541921536472,0.771774492566465,-3.80351885029049,-0.419969164449922,-0.211540019420431,25.3630506988993
-1.24590656137032,-0.132588810572144,0.262349682925884,0.0767996815647954,-2.10401703657704,0.165303456766882,-138.617766551027,0.436048763318695,-4.07149719945366,-0.421399007893732,-0.212465176712255,25.3456528705372
-1.24672019249396,-0.132602809531349,0.262891955484745,0.0769314998495401,-2.1039347723614,0.165361066139141,-138.76552218253,1.05782338474182,-4.01335712464129,-0.424315288401043,-0.213735781330746,25.3690574413915
-1.24750958233052,-0.132541968273243,0.263495401118212,0.0770360561359596,-2.10376015901263,0.165311948364995,-138.017773200851,0.854484140792692,-4.01298519634409,-0.420496262642811,-0.212922881553635,25.4410475902712
-1.24829016371255,-0.132386069159624,0.264164578130571,0.077132158951418,-2.10349881526165,0.165167963988007,-139.916344280717,0.983283362924794,-4.14635309923793,-0.421184785791989,-0.211596377303089,25.4258597239807
-1.24908363698627,-0.132111580392014,0.264904772821737,0.0772433243841816,-2.10316146993118,0.164950920196752,-138.532630432332,1.01200471848097,-4.14597364093129,-0.420914183488081,-0.214177814554774,25.5035311415691
-1.24991934067316,-0.131699406940954,0.265718472624842,0.0773899263026484,-2.1027548974614,0.164682894076054,-139.501126531311,0.982726403310153,-4.08638578180836,-0.420290882384339,-0.216258622776527,25.4927697936384
-1.2508213893453,-0.131145401161907,0.266597058647087,0.0775819525214486,-2.10228868742812,0.164386368426398,-139.662767876091,0.550496559394787,-4.09234796771773,-0.425039561061872,-0.216968182914267,25.5009458965792
-1.25180609177872,-0.130464191723808,0.267518743268443,0.0778165097491632,-2.10177718204758,0.164084187260421,-138.472474049308,0.573328251340854,-4.03292584504399,-0.424760842077644,-0.21289225119603,25.5503548107339
-1.25288713846022,-0.129664970221554,0.268467182429493,0.0780924525329576,-2.10122823253208,0.163790899441222,-140.564126338387,1.39659223633907,-4.10686032430891,-0.426355125063228,-0.208097740659715,25.5003448102917
-1.25406513257779,-0.128770145184261,0.269417349577782,0.078400853104943,-2.10065982613967,0.163526051385577,-138.671481089973,1.10294157078351,-4.11445925817961,-0.422602999159357,-0.213034698383379,25.570261878585
-1.25532663196835,-0.12782242955795,0.27033339817486,0.0787174939139428,-2.10009675524282,0.163308528279004,-139.820253138616,1.05630589993962,-4.12249579487482,-0.422012691983072,-0.214312734276773,25.5503521977968
-1.25665106590157,-0.126837408472283,0.271200175949035,0.0790358118364894,-2.09955438475958,0.163141035496187,-139.837288984354,0.734893964246794,-4.18377336320006,-0.421589933308891,-0.214316412182846,25.5805307237129
-1.2580029355093,-0.125845703946346,0.271993941678319,0.0793398725544051,-2.09906079314886,0.163032947624609,-139.173146604876,0.520256991685528,-4.01572125062296,-0.420700657643583,-0.219141268201215,25.6427375839999
-1.25935676707444,-0.124856212488326,0.272713219429764,0.0796268285474522,-2.09862708034859,0.162981078679395,-140.885483624484,1.58018506611484,-3.99143101051999,-0.424381652357478,-0.214863358617223,25.61805306111
-1.26067515413568,-0.123885576392126,0.273351379268097,0.0798894412618908,-2.09827542133326,0.162987443472234,-139.4667543915,0.826603578305139,-4.21832569382155,-0.426044494763882,-0.213146424116637,25.6886852468808
-1.26192965104678,-0.122930299711308,0.273918518071409,0.0801343339012637,-2.09801407943612,0.163044814547657,-140.578845386216,0.591224202194098,-4.14820116597693,-0.430257785478376,-0.211601889935778,25.6763206157639
-1.2631057113602,-0.121963825635364,0.274445932619288,0.0803828897362916,-2.09783697283037,0.163138462178673,-140.536268771187,0.603173095516013,-4.19770076987089,-0.430078070693781,-0.214992485537318,25.6960966984217
-1.26418862405082,-0.120962705557498,0.27496192236252,0.0806550274381306,-2.09774084706634,0.163258810089711,-139.630950405394,1.20185017760787,-4.16557591978304,-0.42650167449881,-0.217241359675407,25.743808256949
-1.26518667341761,-0.119879208704681,0.275515484003019,0.0809863190945481,-2.09770037712389,0.1633849331201,-141.283541653912,1.48966142582708,-4.2161475741292,-0.425981708312033,-0.212990188228096,25.7151498600337
-1.26611099479665,-0.118686274269812,0.276140880729844,0.0813973096752923,-2.09769183227193,0.16350172637718,-139.927029366711,1.28254231701135,-4.07542614544607,-0.423398077080373,-0.213688483531532,25.8006250810021
-1.26697924853114,-0.11735769044413,0.276870279738511,0.0819081550625714,-2.09768412579576,0.163589368929779,-141.186456770262,1.12463396445946,-4.19976758529148,-0.426378035410331,-0.215425370094317,25.7945263343734
-1.26780628754177,-0.115890039781128,0.2777180024722,0.0825227387793266,-2.0976560190349,0.163638108738598,-141.190966453094,0.952606228045624,-4.20191859968125,-0.429051110561641,-0.217427899482648,25.8122337585858
-1.26861309224895,-0.114296953559921,0.278685337936545,0.083232444056513,-2.09758247143084,0.163637578127447,-140.191368048486,0.597596806066804,-4.1537062954402,-0.426766000605899,-0.216864264579438,25.8707649572759
-1.26940321428523,-0.112615442347478,0.279752379659491,0.0840122162941401,-2.09745418568157,0.163584032625831,-142.144145107672,0.827162863734202,-4.17582856773629,-0.429034160514589,-0.213689245791204,25.8353340941387
-1.27017610275351,-0.110906706754296,0.280879376923309,0.0848210775005605,-2.09727305116666,0.163482151231284,-140.574159452655,0.283650519575986,-4.07845186345054,-0.426480078198916,-0.219010485292834,25.9143725858906
-1.27093089000394,-0.109245511588883,0.282015332699139,0.0856073043264563,-2.09704313112386,0.163338742615657,-141.668254106463,1.31701958138842,-4.2234898364803,-0.424317105795381,-0.216716948065876,25.903660324146
-1.27165775953429,-0.107708678884203,0.283105218354124,0.086317717392104,-2.09677536937641,0.163159003602724,-141.631301927842,1.2915864131262,-4.14786504294813,-0.426025729326081,-0.215336253808852,25.9239670443776
-1.2723349177648,-0.106378675213245,0.284086351526408,0.0868955901156823,-2.09649746592456,0.162960409943245,-140.903860121707,0.615042640931506,-4.05872617046626,-0.42987390796586,-0.222087799232228,25.9785264760205
-1.27294922295416,-0.10532101681642,0.284907631337824,0.0872936101409939,-2.09622574037006,0.162748357749412,-142.724619579158,0.422533997922073,-4.07636120267509,-0.430936667230487,-0.217848061086748,25.9523279665834
-1.27349213578683,-0.104575778863611,0.285536589575686,0.0874818504910444,-2.09597713539883,0.16253199417825,-141.32012748024,1.34212123354564,-4.11805165136244,-0.430217916101229,-0.215979148479444,26.028372963469
-1.27395808351648,-0.104143448373914,0.285967466325166,0.0874566934282412,-2.09575974197905,0.162309520340239,-142.348065868303,0.984981386352501,-4.14369388706012,-0.429105237882873,-0.215872928648605,26.025236232029
-1.27435087852394,-0.104011692115945,0.286203504288598,0.0872227757497404,-2.09557508845017,0.162077740817873,-142.553235884911,1.00559545109081,-4.24587261677621,-0.432630245251231,-0.218630612462359,26.0549728802932
-1.27468079930932,-0.10414247744834,0.286265042125765,0.0868034346935017,-2.0954221513688,0.161835421079448,-141.781108414306,1.29866460172616,-4.14183828844364,-0.431697834780893,-0.222015908996921,26.1197147668076
-1.27497137685313,-0.10444911497948,0.286209214584602,0.0862543673258585,-2.09528274556363,0.161569951805071,-143.594094997898,1.07581094419515,-4.16754283831924,-0.434024477883162,-0.221287115380786,26.0852040761235
-1.27524657508087,-0.104859622888068,0.286082416499646,0.0856221547047799,-2.09514172391977,0.161275975205751,-141.900890908399,0.971539120630496,-4.07399802079598,-0.432898334665182,-0.219229245275589,26.1531723766808
-1.2755369087669,-0.10528916352306,0.28593924929808,0.0849643814558062,-2.09497928996096,0.160947833734152,-142.976698555859,1.31647585421979,-4.24213840725466,-0.432853334712276,-0.220323741437505,26.1324437816991
-1.27587369917811,-0.105655319185362,0.28583221996958,0.0843383271001472,-2.09477408879259,0.160580641363509,-143.176001252485,1.64186061778287,-4.31296879736499,-0.433971556269527,-0.21669124374996,26.1480681604435
-1.27628224979694,-0.10589254368055,0.285803541767815,0.0837890871121197,-2.09450506820246,0.160168487353784,-142.274832847479,1.73169990750785,-4.14939213247933,-0.435556822273151,-0.219194027242686,26.2073394940171
-1.27678231915352,-0.10596626200434,0.285872097301262,0.0833437754158842,-2.09416504146482,0.159719414378187,-144.103541936794,1.20968545461096,-4.31685165314664,-0.434785659773235,-0.220696072559304,26.187668534839
-1.27737918044665,-0.105859008359359,0.28604503186351,0.0830180541448109,-2.09375382078713,0.159241272236866,-142.721169057995,1.24292874015555,-4.22166572622447,-0.434012168984527,-0.224060534310289,26.2675808648692
-1.27807462805446,-0.105579816257543,0.286312720405446,0.0828088919662313,-2.09327662126949,0.158745362140031,-143.690047741426,1.26242350773805,-4.27164089168377,-0.432453529808042,-0.222521366994445,26.2712976405603
-1.27885920586644,-0.10514984786277,0.286657265440704,0.0827043350442676,-2.09274050911931,0.158237133459926,-143.917632242839,1.06683691406488,-4.28514648347951,-0.437220565075234,-0.22230663367689,26.2939675506596
-1.27972272356328,-0.104597657517306,0.287060372751291,0.0826857913749207,-2.09215388459629,0.157721890717028,-143.049075795268,1.49137058555789,-4.31065179078502,-0.438484715216477,-0.223193919560181,26.3491219095759
-1.28064629032884,-0.103964784787928,0.287494767668577,0.082726227182345,-2.09153246904983,0.157205664322994,-144.807751973002,1.28229830646387,-4.39522242072564,-0.441536093889937,-0.219486752498175,26.3092613037019
-1.28160798136194,-0.103282107732855,0.28794255650086,0.0828043958349627,-2.09089183469858,0.156690097520682,-143.220077553962,0.619568313428772,-4.24233110620474,-0.437091851148133,-0.22165713483071,26.379999001799
-1.28258188949201,-0.102576759952751,0.288389761664059,0.082900847037002,-2.09025011882286,0.156174861934214,-144.353188732695,0.892609654924854,-4.19607737411351,-0.436246513072783,-0.21880397362846,26.3568543643643
-1.28354902316622,-0.101857082090767,0.288837086038012,0.0830097943718255,-2.08961874686396,0.155654102967076,-144.254248728441,1.02085707086576,-4.2738561684811,-0.435847906361476,-0.220372141787078,26.3648020650737
-1.28449230352292,-0.101124285896866,0.289290544926179,0.0831299345634858,-2.08900843378063,0.15512214361005,-143.365981783125,0.683308640381938,-4.22324393160673,-0.432854581289234,-0.224345020463544,26.426119851044
-1.2853950064205,-0.100369694192482,0.289761874420343,0.0832684788353925,-2.08843091146779,0.154573533638691,-145.231383509689,1.59975357663302,-4.33440113413118,-0.438887337218758,-0.22296372030371,26.4097435651927
-1.28624837447682,-0.0995881732817194,0.290259235243808,0.0834313330882303,-2.08789375362261,0.154005102883381,-143.785425688748,1.46218420050377,-4.38262578108012,-0.441767580435839,-0.224605915262589,26.4978470909026
-1.28705096606652,-0.0987623957293513,0.290798868635884,0.0836336640402872,-2.08739900836863,0.153414497953579,-144.964624354899,1.15121911488632,-4.43184516875843,-0.440142696010884,-0.221023124277165,26.4932564256616
-1.28779857850501,-0.0978750404049542,0.291392836161144,0.083892915086042,-2.08695208986652,0.152801837529114,-145.161268168754,0.90869395358277,-4.25490503613332,-0.443458897305736,-0.224436660083804,26.5210292324214
-1.28849097444664,-0.0969286936267935,0.292037612736847,0.0842146244949532,-2.08656098326105,0.15217880086999,-144.254321803616,0.94407672263219,-4.2821300944411,-0.442699574423408,-0.227060852505656,26.5730707327083
-1.28913914036133,-0.0959238125500592,0.292732229435928,0.084604119958327,-2.08621869922181,0.151548938449443,-145.901272571162,1.83024863065157,-4.42886902343153,-0.446422763756113,-0.224408164923656,26.5341543084201
-1.28974804875609,-0.0948708965538128,0.293466188272784,0.0850601248067214,-2.085923360881,0.150921995211077,-144.443489665354,1.48409290136578,-4.37023696914969,-0.443869432936521,-0.22449216863272,26.6034836266882
-1.2903248745822,-0.0937903436911149,0.294222427918856,0.0855730692059478,-2.08567132772936,0.150308839117681,-145.430738388915,1.67816254137506,-4.42551267696152,-0.441508382969725,-0.219543776544574,26.5830161519783
-1.29088664881715,-0.0927072605198607,0.294984405111231,0.0861270077183254,-2.08544851280372,0.149718675162241,-145.425208476486,1.59649314390731,-4.27231243727729,-0.442274965397954,-0.2208617545839,26.5948569709726
-1.29143921696424,-0.0916651959427703,0.295722090986752,0.0866924133050773,-2.08524798210645,0.149161562259115,-144.492611571291,1.1651232546069,-4.29721849355127,-0.43855604346694,-0.225339733791666,26.6513550301042
-1.29199238497554,-0.0907001687123383,0.296412909503867,0.0872431744457139,-2.08506188954108,0.148647725412419,-146.468804135657,1.18559541211289,-4.48759138066683,-0.442562868689587,-0.224265043356447,26.6112393435155
-1.2925528001931,-0.0898469897140917,0.297036437698141,0.0877529679967112,-2.08488523684527,0.148187927520735,-144.563535869217,0.850107705479331,-4.28529031498962,-0.439784101103715,-0.224277211406864,26.703258560603
-1.29312120138032,-0.0891541238065425,0.297564660329869,0.0881857492616961,-2.08472111077343,0.147796410027062,-146.053332076451,1.1305321852642,-4.31653234127597,-0.434408991612816,-0.22601451661346,26.6915633654645
-1.29369314578989,-0.0886612909202231,0.297975296365151,0.0885107133713054,-2.0845781161509,0.147484488028151,-146.010865297662,1.3450008306977,-4.28097801562009,-0.438990684289575,-0.22445581676405,26.7185022342206
-1.29425734328528,-0.0884082864411759,0.298244211984341,0.0886990297995815,-2.08447422314961,0.147266454158679,-145.285876489239,1.13759944530011,-4.36722213702177,-0.444136181403331,-0.22641994549003,26.7715826988853
-1.29481306976305,-0.0884220778793372,0.298359511592206,0.088729886446216,-2.08441846702432,0.147149836382171,-146.956452439807,1.51508045156788,-4.252941838217,-0.444634280911523,-0.224729425058925,26.7551586535505
-1.29535122955284,-0.0887295901634699,0.298306213232554,0.0885849139977038,-2.08443252894222,0.147146578455716,-145.803271914797,1.0367354363932,-4.22718372521592,-0.443567656476095,-0.224292213898161,26.8287116984468
-1.29587231273122,-0.0893466659915445,0.298074974921001,0.0882542478520386,-2.08452768672033,0.147260891486059,-146.490520012821,1.23333303953632,-4.37293112224867,-0.444412846131784,-0.2219180931758,26.8084946140957
-1.29637973725846,-0.0902761464479287,0.297664417802107,0.0877361073247257,-2.0847072946741,0.147487364683523,-146.657245636601,1.8732379171347,-4.26757017087061,-0.444564437500353,-0.223872890617766,26.824349794408
-1.29687874785807,-0.0915010181087066,0.297084451067905,0.0870426568945941,-2.08496817744283,0.147814496070067,-145.843721798924,1.23162702949071,-4.29652109702229,-0.447221489757108,-0.226681749476882,26.8864891828019
-1.29738691699373,-0.0929792564908762,0.296361981007414,0.0862024643284613,-2.08529040340937,0.148221463995419,-147.719000672475,1.3862193843654,-4.36561802398091,-0.448511400154988,-0.221710011380669,26.8634143552638
-1.29792320498173,-0.0946612734407868,0.295527696322382,0.0852459628874207,-2.08564556579105,0.148679231111199,-146.225032123892,1.0231427895385,-4.27481225047191,-0.44521158599373,-0.225307553646693,26.946286711009
-1.29851255328491,-0.096473869858217,0.294627664200267,0.084218386866294,-2.08599095105417,0.149149511444249,-147.35665338457,2.15566542663214,-4.28953840582361,-0.441164575014589,-0.224846191461942,26.9409546430516
-1.29917277353938,-0.0983330355226313,0.293714752383633,0.0831698918789204,-2.08628266909908,0.149591803954901,-147.615526948208,1.10262269179043,-4.29917350755309,-0.441028986422056,-0.228409826112788,26.9568379859496
-1.29992841452902,-0.100148165669731,0.292847465969725,0.0821529357520094,-2.0864686820066,0.149963080380053,-146.589543858466,1.42233030456487,-4.34032781076286,-0.446215843346611,-0.232438555298172,27.0128954038371
-1.30078305118865,-0.101831727192437,0.292078856162013,0.0812195466093946,-2.08651863981952,0.150235167566577,-148.489978651277,1.84199129573108,-4.3586723860833,-0.448692132247893,-0.2288413099969,26.9755334624706
-1.30172989279893,-0.103293259762525,0.291464432407257,0.0804224241739443,-2.08640861342945,0.150381511130118,-146.878210587135,0.805746045488831,-4.26944530088613,-0.449807388260224,-0.229277372917556,27.0512966096528
-1.30275466437491,-0.10446463682884,0.291044220604911,0.079800458519607,-2.08613229194569,0.15039201615236,-148.11151634587,1.14658332990734,-4.31350524093449,-0.447099951998357,-0.221219587181758,27.0407725970152
-1.30382555535594,-0.105302713779674,0.290841381202,0.0793781040061937,-2.0857013234568,0.150265926868295,-148.212538528855,1.2366278928971,-4.32026412521387,-0.4451677959372,-0.223360849820524,27.0645565884597
-1.3049000872052,-0.105791095060537,0.290860151236598,0.0791643369412287,-2.08515438324038,0.15002567349635,-147.325053422652,1.83832279791864,-4.26729674549412,-0.444798483454798,-0.229493603007427,27.1200386003562
-1.30592626889437,-0.105938109474474,0.291087946102266,0.0791547776162032,-2.08454426021054,0.149700920558214,-148.914307534899,1.26633146262679,-4.4416730742773,-0.44977961088767,-0.227649102451566,27.0958110186251
-1.30685669829443,-0.105777471779068,0.291496774030472,0.0793312290295118,-2.08393302961104,0.149335059513523,-147.611823741111,1.19797422791567,-4.36215794353745,-0.446620829420416,-0.230737901262435,27.17981828267
-1.30764511139088,-0.105359355682299,0.292048868767241,0.0796660652263783,-2.08338621907042,0.148972372166903,-148.725689217189,1.69357570538682,-4.31924263716067,-0.449989142025458,-0.227963663407258,27.1804865276162
-1.30825856429052,-0.104750884197307,0.292698449629416,0.0801209424968309,-2.08296156164021,0.148655617344941,-148.969106515542,1.7429835577318,-4.37270952364321,-0.449918035882119,-0.226130569211244,27.2117000528867
-1.30867955342192,-0.104029262275344,0.293393960990228,0.0806514445286226,-2.08270325489124,0.148422722783049,-148.00498020065,1.19403957534996,-4.38534349040776,-0.448269406572235,-0.230951116709542,27.2705706963454
-1.308904211731,-0.103269015225385,0.294087046273265,0.0812150290769182,-2.08264366044054,0.148304761203393,-149.863509110168,1.80254762897812,-4.47399181980251,-0.453090125953964,-0.228434682444829,27.2217833888142
-1.30895919145056,-0.102531346476011,0.294744593436382,0.0817738852427377,-2.08277779162679,0.148311288905464,-148.008196645629,1.38389540695584,-4.39774823645354,-0.450370741334341,-0.232469233779444,27.2830004766179
-1.30888483909917,-0.101872557475543,0.2953363573912,0.0822923194881376,-2.08308256588847,0.148440029066488,-149.225115618176,1.76528435698469,-4.42538354666675,-0.449442508798648,-0.229466405855078,27.256543096204
-1.30872387195577,-0.10133740315912,0.295837005030733,0.0827398185910495,-2.08352408222545,0.148678049677532,-149.325262154464,0.844473873170273,-4.35778951940975,-0.453764253594893,-0.223842072119103,27.2643957644693
-1.30852804968652,-0.100951381188203,0.296235940398899,0.083094194679342,-2.08404749463416,0.148995484951506,-148.061756251142,1.35843547930358,-4.24402452882686,-0.451637836605895,-0.225608578470317,27.312827065835
-1.30834901039282,-0.100732066302744,0.296525095629204,0.0833370610392202,-2.0845940262844,0.149357230147193,-150.478083141392,1.59970770879977,-4.32702583508103,-0.450853462094951,-0.225291046319806,27.2640341598942
-1.30823079169829,-0.100673722657444,0.296709828896995,0.0834639476683443,-2.08510323031089,0.149721895116872,-147.894556590058,0.78830021161184,-4.26047251695977,-0.449145058575573,-0.229522449021665,27.3462331548393
-1.30819864285902,-0.100772885897858,0.296789136498994,0.0834683964683532,-2.08553169843656,0.150053778047462,-149.995260846077,0.359206456665788,-4.33586461050149,-0.449019868978879,-0.231526681786982,27.2918341039955
-1.3082620064578,-0.101014013376057,0.296766065704661,0.0833523853533908,-2.08584439443289,0.150315711443613,-148.868160152752,1.01634104428149,-4.41686313132169,-0.450247110230195,-0.232895766565491,27.3273621575658
-1.30842213471672,-0.10136932933825,0.296651966394861,0.0831264517893355,-2.08601999013132,0.15047978228403,-148.871613429594,1.38628724685805,-4.43012373792368,-0.44698230483539,-0.229164086847765,27.3384085812942
-1.30866161633502,-0.101810623099272,0.296455927336145,0.0828029982549482,-2.08605462701624,0.150523853627262,-150.340209482171,1.61782827262641,-4.45899787992519,-0.452126542351623,-0.224821147195241,27.2952678323464
