disp_x_mm,disp_y_mm,disp_z_mm,Rx_deg,Ry_deg,Rz_deg,Fx_N,Fy_N,Fz_N,Mx_Nm,My_Nm,Mz_Nm
-0.0967932025570792,-0.160477553012457,-0.0643726520622991,-0.506506495307975,-0.458747216486354,0.424815443386323,0.0925065643087351,0.161359091237728,-0.101618091267824,-0.00572076423340073,-0.00484507955220287,-0.0816562971663646
-0.096015391164649,-0.161497980995406,-0.0651858129552796,-0.506993293151379,-0.459643919574448,0.42535114902075,-0.0546440929290384,0.50044252928592,-0.128616771450538,-0.00366142696629135,-0.00416367340534429,-0.0916853295736906
-0.0951444864145357,-0.162533280382961,-0.0660567536756844,-0.50749142399292,-0.460674296852779,0.425988046759155,0.57509671125564,-0.227068916324015,-0.119825835438519,-0.0052280864519676,-0.00617318846521125,-0.0639249903374077
-0.0942130775809938,-0.163529312688344,-0.0669383281190159,-0.507976414304261,-0.461800747286598,0.426701962027372,-0.276931756837087,0.617227953633574,0.058452320258624,-0.00800218878692593,-0.00163509573225717,-0.092826192124857
-0.0932622063158515,-0.164418472054301,-0.0677697878396131,-0.508415993086343,-0.462971526335237,0.427457312234124,0.492871498357431,0.417587634733763,0.0193163623978592,-0.00475491838925812,-0.00319167328775427,-0.067436615008504
-0.0923377283230321,-0.165140202356969,-0.0684924617089357,-0.508784148673425,-0.464122668389847,0.428206248371407,0.10451421645638,-0.166716107791672,0.0226465084882363,-0.00761053810605139,-0.00284579390618506,-0.0789789524185429
-0.0914821278653426,-0.165648918809868,-0.0690587134747755,-0.509063356833013,-0.465195679747742,0.42890562049476,-0.0844860332002213,-0.21806960818094,-0.0888199087480075,-0.00735668320486527,-0.00335367690894162,-0.0847875272746137
-0.0907340117477194,-0.165890759724126,-0.0694147796979772,-0.509228686812239,-0.466130419895258,0.429506041125396,0.660397483451618,0.607494141914685,-0.0434268971701215,-0.00277550125179271,-0.00509852990828907,-0.058511570757688
-0.0901219726414988,-0.165836426047722,-0.0695267280520622,-0.50926962008941,-0.466878927828517,0.429966984583616,-0.290041813187599,0.549875067594257,0.0245813384863993,-0.0080199363587492,-0.00459593894137172,-0.0918878669586047
-0.0896611138712854,-0.165490838797235,-0.0693896924295598,-0.509191269483015,-0.467416023426366,0.430267040439996,0.331094660314193,0.150102316014909,-0.0826669304501024,-0.00578494881310698,-0.00675461090644319,-0.0643978738756288
-0.0893453506325226,-0.16487269810106,-0.0690150454404352,-0.509003599530959,-0.467741801942834,0.430400380225014,0.0805225387967994,0.338411748928365,-0.013967995225471,-0.00734180359865189,-0.0022649036603376,-0.0753506512107207
-0.0891567559205535,-0.164025176681994,-0.0684361770557336,-0.508729903642476,-0.467875154796242,0.430377025551482,-0.0200798046562909,0.524390412218281,-0.0877319857423799,-0.00935939155573395,-0.00257355882904275,-0.0876492676954568
-0.0890602330443879,-0.163013742021248,-0.0677067143989145,-0.508403885549586,-0.467859396043602,0.430226281630943,0.52233513353093,-0.042930084013733,-0.1268915962373,-0.00719366169725344,-0.00754118489591599,-0.0661958790895012
-0.08901171651442,-0.161916720550414,-0.0668947468209213,-0.508062856449848,-0.467757287104404,0.429993884053108,-0.271049310750243,0.490305862108698,-0.0349891622933001,-0.00909024297077599,-0.00526906036846309,-0.0976373441907104
-0.0889614143836687,-0.160819997234324,-0.066075848851086,-0.507748548052665,-0.467642147204245,0.429735191819635,0.401299249289934,0.129446811503385,-0.0692685156962227,-0.00686463709938812,-0.00562118108243914,-0.0735237572428868
-0.0888635669692774,-0.159791419122937,-0.0653109144035384,-0.507491538181541,-0.467583962059688,0.429505137844916,-0.0703250781397742,0.163702355833266,-0.106976701217661,-0.00769697276600345,-0.00508185589692994,-0.084600034888501
-0.0886754594521395,-0.158894457125366,-0.0646572323835162,-0.507320689760472,-0.467651081876173,0.42935744450087,0.210693365768577,0.238247090866025,-0.0959015550789104,-0.00697901149954649,-0.00655836069501275,-0.0819258111402261
-0.0883696686413969,-0.158170262948278,-0.0641522255574225,-0.507251202299899,-0.467897870703884,0.429339857345,0.133672622376082,-0.562821121456636,0.0246069888072782,-0.0055724950838445,-0.0053851379963068,-0.0740282096822948
-0.0879325047288289,-0.157640567845849,-0.0638141141508368,-0.50729089817744,-0.468353471522899,0.429477806604201,0.357807482069063,-0.0539172689227598,-0.0942276001314895,-0.00859283131046018,-0.00365486034647539,-0.0886923242763613
-0.0873744978852166,-0.157294616631073,-0.0636307818780311,-0.507429377369179,-0.469020013337106,0.429780887220092,-0.117393842569584,0.0184036994512553,-0.0864570444429944,-0.00601517594364109,-0.00699833143105938,-0.0896429245638237
-0.0867228312670232,-0.157098874400582,-0.0635676980428515,-0.507644411477427,-0.469872136550823,0.430237304810564,0.674648984228611,-0.242555417117501,0.0127106835277004,-0.0075592684011685,-0.0044192081851433,-0.0664715835811176
-0.0860163817779819,-0.157016751317503,-0.0635832446844571,-0.507916267045512,-0.470865576005662,0.430820420878663,-0.32973339999711,0.176476009831276,0.0207106340423309,-0.00797288671466134,-0.00249213968433765,-0.102116878357511
-0.0853107018911026,-0.156993095559416,-0.0636175641532688,-0.508215652012133,-0.471930403397999,0.431484418054355,0.724431660128005,0.174785532487249,-0.0266833906045179,-0.00514747003710747,-0.00571784222781935,-0.0624091041943124
-0.0846656579324356,-0.156966721532247,-0.0636054665182424,-0.508510651547707,-0.472985942798876,0.432173935373479,0.0561081853561518,-0.436406669959979,0.0562729819163508,-0.00722464413356372,-0.0052375943705586,-0.0963621687596086
-0.0841349201773915,-0.156880507661119,-0.0634856553759464,-0.508772063171961,-0.473951437811479,0.43283091520661,0.162035803188644,0.43534832039245,-0.0606609489517211,-0.00787697554774613,-0.0039584555487629,-0.0863425228106589
-0.0837753471005359,-0.156680358812213,-0.0631984507007735,-0.508972060385986,-0.474740667339614,0.433393842205832,0.790646981396378,-0.232320597184071,-0.151874979447882,-0.00841712147178875,-0.00571687692731265,-0.0695571290630332
-0.0836243297450789,-0.156329003371397,-0.0627040647035702,-0.509090914708929,-0.475287606439741,0.433811795097832,-0.314456067503954,0.0598029177451735,-0.114267550397216,-0.00768014095827585,-0.00719438673481104,-0.110588273851929
-0.0837069398380083,-0.155811254733447,-0.0619833370038487,-0.509121430863321,-0.4755443236776,0.434048497710251,0.754872187177455,-0.000308888830886644,0.0616866550310249,-0.00431772299664379,-0.00546488441228582,-0.0713343079881836
-0.0840377282312141,-0.155115980438157,-0.0610243514869298,-0.509056436187465,-0.47547759282089,0.434078306470934,0.0352864508837456,0.759017903880704,-0.0353864043808017,-0.00724143412307132,-0.00393363422696497,-0.100741475248638
-0.0846162459767317,-0.154248165354464,-0.0598333644607818,-0.508897153420194,-0.475076268070404,0.433890413116973,0.350460349123182,-0.351930973840808,-0.0499730180820563,-0.00528193641463837,-0.00578424664342464,-0.0959164591574155
-0.0854277131754898,-0.153225190202597,-0.0584329709888831,-0.508648470610966,-0.474355162277859,0.433494444047108,0.709827791725786,-0.115131116945122,-0.050010758798976,-0.00619970658359392,-0.0042871903840403,-0.0855014217871757
-0.0864450721082256,-0.152073933393431,-0.0568574413000564,-0.508320555414959,-0.473348578918947,0.432912205412265,-0.286553295061424,-0.186153285919772,-0.0973418069042111,-0.00751788624033667,-0.00376425474710845,-0.121820280608969
-0.0876425265268544,-0.150816006837295,-0.0551386867230999,-0.507919311651731,-0.472097189645525,0.43217228429878,0.664086370648079,0.0492986009148808,-0.0023347504466642,-0.00584443607218521,-0.00428251995300977,-0.0815896753792784
-0.0889861986863063,-0.149492691969312,-0.0533263495845924,-0.507464151576197,-0.470658693986156,0.431314844415609,0.157068207995735,0.881740077742734,-0.120979726703808,-0.0057479644755114,-0.00512521220188827,-0.109257244638154
-0.0904455229049042,-0.148136231627005,-0.0514629453197493,-0.506969160931479,-0.469088628417303,0.430378388996364,0.196918558751918,0.748424986555392,-0.02586503481254,-0.00603312698180236,-0.00434077223454882,-0.101139265531728
-0.0919882173891104,-0.146784810054138,-0.0495960330852265,-0.506452755493301,-0.467448014551977,0.429406187446531,0.694303164765643,0.683671523478779,-0.0684747591469659,-0.00531525894897911,-0.00653223440320577,-0.0870919876473941
-0.0935891094405215,-0.145469027211783,-0.0477653869676218,-0.505929261201958,-0.465788271020713,0.428433312825968,-0.311188535936424,-0.413411917465737,0.0431961858467957,-0.00746697030040311,-0.003503314692689,-0.116495014627222
-0.0952161342633866,-0.144240395528988,-0.0460265377280837,-0.505430173700788,-0.464162666519883,0.427492930682485,0.538830411425465,-0.160798751965331,-0.0954938842070874,-0.00544205843592138,-0.00813076783987227,-0.0825109423260391
-0.0968490381680266,-0.143128878721297,-0.0444143043141878,-0.504975256869855,-0.462605541231391,0.426606586117317,0.18867742722199,-0.340297419973467,-0.0670748142273965,-0.00529823749992575,-0.00517474716847882,-0.0981424791919148
-0.0984612247035943,-0.142161715514557,-0.042961722657795,-0.504581791499526,-0.461151512514075,0.425793727630552,-0.0574331675611575,-0.344311129798825,-0.0467250471682235,-0.005693413955838,-0.00710780316728993,-0.0923513575555872
-0.100028254018659,-0.141374205382398,-0.041704571240238,-0.504274073866549,-0.459822336546206,0.425063587453776,0.764225524304436,0.0166015195650289,0.0115102046126196,-0.00333857391876169,-0.00476912231868049,-0.0656563278297138
-0.101528023449973,-0.140783166901285,-0.0406641274947908,-0.504065516177592,-0.458631083288071,0.424419943630947,-0.500681140821769,-0.0600373492684412,-0.0356892629294236,-0.00787823714285674,-0.00293322453620581,-0.0995615326745591
-0.102933893743687,-0.140387172483204,-0.0398474930072845,-0.503957340013014,-0.457582304045144,0.423857024027407,0.527812521616056,-0.169404507595573,0.0466924816775247,-0.00664924479980389,-0.00237583306601502,-0.0569701476302722
-0.104222957978777,-0.140177814082506,-0.0392532556139653,-0.503946767445594,-0.456674509410637,0.42336712456743,0.0251956845448831,-0.40656019604603,0.0395030091893318,-0.00467701613261751,-0.00414619066127825,-0.0777719701127055
-0.105374885714437,-0.140140008673574,-0.0388735031808893,-0.504025621973276,-0.455903651358702,0.422945227425022,-0.272163515909142,0.612799378268392,-0.0715713372022435,-0.00577550267217308,-0.00429452222767501,-0.0797021916321508
-0.10637350104496,-0.14023426575958,-0.0386796293812821,-0.504168426364184,-0.455260018493933,0.422582624060004,0.514555124055619,0.446205957396387,-0.0128740876760958,-0.0046827079153795,-0.00634599665089719,-0.0445555356850758
-0.107205857973787,-0.140417872780898,-0.0386389845076898,-0.504347099345823,-0.454735442130853,0.422274901038081,-0.65907515530165,0.216583330652156,-0.0450783275069284,-0.00853946185257781,-0.00454933162511306,-0.0852841879073183
-0.107870021763935,-0.140635976171198,-0.038705700037921,-0.504527324088031,-0.45431434629858,0.422014217542572,0.430038349820279,-0.285887264879193,-0.0574791439197497,-0.00736971100633799,-0.0064963390572253,-0.0440192967384365
-0.108370757564582,-0.140843482868205,-0.0388395297404989,-0.504678622837273,-0.453986665427063,0.421801432775013,0.063897594291177,-0.123806317285243,-0.110030674245166,-0.00683990680766344,-0.00544582581945202,-0.0590528485953832
-0.108720119692092,-0.140997721298219,-0.0389988124682465,-0.504773370495873,-0.453741858622948,0.421638286617993,-0.254576439718846,0.0371443131916749,0.035558922272287,-0.00947302004569694,-0.00364454844775641,-0.0683571224051973
-0.108932482706545,-0.141071865902785,-0.0391524276928821,-0.50479548429513,-0.453574959876898,0.421531777349625,0.634997418156559,0.347249221262018,-0.0749336825070088,-0.00370421815195421,-0.00615650807018525,-0.0316959989381096
-0.109027877081931,-0.141055023519268,-0.0392801238449061,-0.504739220762119,-0.453482387745732,0.421488115487158,-0.637906780293861,0.837712401244062,0.027753410263756,-0.009297925952088,-0.00672731962909701,-0.0744930312027239
-0.109031259526939,-0.140945919859673,-0.0393677592912542,-0.50460620891243,-0.453459848856371,0.421514791686992,0.445849008730761,-0.389002437616455,-0.00372663955965891,-0.00704834582364544,-0.00737581337410764,-0.0417469618758401
-0.108967701406296,-0.140763002973671,-0.0394163859787211,-0.504413322411474,-0.453501589682061,0.421612661506953,-0.102518844919643,-0.0400728474780863,-0.103595454968257,-0.00724384797037692,-0.00464550739296982,-0.0645752537918534
-0.10885862755026,-0.140522771321595,-0.0394282942786546,-0.504175528535248,-0.453604316563381,0.421782454190399,-0.277127334048146,0.410475058515203,-0.0401697929757177,-0.00726486096716972,-0.0055900477936825,-0.0759181978640093
-0.108723786371628,-0.140260060383051,-0.0394204479502858,-0.503920733038769,-0.453762130238433,0.42201994740774,0.751573686764914,1.00292447706124,-0.015650621965591,-0.00282104529505434,-0.00610525829557879,-0.0414948056929307
-0.108574614816328,-0.140028590767193,-0.0394271540076359,-0.503689879681721,-0.453973065518499,0.422320365351046,-0.690507952340283,0.403742875593025,-0.00803612021059052,-0.00840091684716482,-0.00562254138812934,-0.0903424443422169
-0.108425893533857,-0.139856067160916,-0.0394652986855286,-0.503507271523698,-0.454220686881657,0.422664816344751,0.540789997973263,0.0167530358862678,-0.129158952325923,-0.0076483143106385,-0.0053758626215592,-0.0511405391724775
-0.108280589327421,-0.13976192160926,-0.0395489098725996,-0.503392415828911,-0.454488849978981,0.42302917743927,0.122627264350058,0.0461935550060844,-0.0897135703253298,-0.00735665835707167,-0.0066731144406792,-0.0808074287862359
-0.108142102172402,-0.139770295306935,-0.0396969660012925,-0.503363853371085,-0.454764139775498,0.423396462535557,-0.0613915729103951,0.138533031017005,-0.217424681150959,-0.00775998059881733,-0.00478363971072676,-0.0910554882340637
-0.108008348769373,-0.13988968827274,-0.0399194163400209,-0.503429382198448,-0.455032091768861,0.423745838376076,0.821002990505406,0.522167954184852,-0.119399713911264,-0.00911274963327013,-0.00702635609881436,-0.0586161637224225
-0.107878122981248,-0.140109568049592,-0.0402138776700476,-0.503581357090164,-0.455278406568961,0.424058906649166,-0.395860670792558,-0.210328148968074,-0.117020771584123,-0.00720960243461777,-0.00340217471054011,-0.106312614712015
-0.107744970269219,-0.14041940925221,-0.0405773314809192,-0.503811774196719,-0.455493936121778,0.424323192225483,0.565912466459906,-0.266135215811346,-0.0927056331593974,-0.0040696190778422,-0.00555357155000225,-0.0767561692645211
-0.107608211740623,-0.140806272488184,-0.0410036020783993,-0.504109874105095,-0.455670614376442,0.424531336393026,0.235703509937139,-0.256889611748193,-0.0365422308819916,-0.00551666671275752,-0.00636763122660583,-0.0984379500653811
-0.107462150544435,-0.141250846312274,-0.0414836606492188,-0.504458309436441,-0.455810392212933,0.424683109396156,0.00990108155093594,-0.162685182036739,0.0375525542681601,-0.005799455978718,-0.00429874817158143,-0.111914827332257
-0.10730310199214,-0.141735585449681,-0.0420082568003204,-0.504840382966245,-0.455920474886946,0.424785294616468,0.933887954805471,-0.140270558385282,0.0953808299756531,-0.00448220583710013,-0.00471861795419454,-0.0823542249561839
-0.107125851510865,-0.142247001609274,-0.0425703927532348,-0.505242674520448,-0.456014514978393,0.424849913068026,-0.340355870804672,-0.0744113413209107,0.1047556628329,-0.00705965061366687,-0.00174770353061826,-0.128877269011255
-0.106928196286081,-0.142785081985519,-0.043172126894832,-0.505659354831875,-0.456114870911517,0.424899917171824,0.880193574714951,0.360353258195573,-0.00492459762770636,-0.00439950040840564,-0.00634593318043963,-0.084229017554128
-0.106708318705454,-0.143360086153707,-0.0438220415098576,-0.506093585983875,-0.456244010244613,0.424956436687837,0.355459268843504,-0.592906360570396,0.112369630570271,-0.00685265114378319,-0.00310755485662828,-0.111493018862154
-0.106471158525106,-0.143977856061562,-0.0445239101280448,-0.506546291852031,-0.456421962103404,0.425040369846814,0.0567012174361707,-0.436911444038742,0.0227123511601235,-0.00603940953084825,-0.00410250211220836,-0.115876740053422
-0.106221948482243,-0.144642683732354,-0.0452796642810507,-0.507017618193403,-0.456668274553133,0.425172451004709,0.955466839242831,0.106112394424144,-0.0203932884104177,-0.00285538059111534,-0.0070505546114501,-0.0797829306309006
-0.105968043550798,-0.145363019127092,-0.0460928604275317,-0.507513530459336,-0.456997327730409,0.425367986173312,-0.244709802208774,-0.1638637697381,-0.143903999844099,-0.00694740711975017,-0.00239813170803677,-0.126940338908473
-0.105727154375249,-0.146135382103854,-0.0469559661836911,-0.508032969225301,-0.457408640334281,0.425631305735633,0.841472451015022,-0.159606214624318,-0.00767306580948457,-0.00399288278894261,-0.0036272982853669,-0.0838284859024019
-0.105517679423464,-0.146943226268003,-0.0478514434846651,-0.508566788964067,-0.457894456782662,0.425960299751923,0.239683416317632,0.522717339842302,-0.053020864710021,-0.00483186671106006,-0.00589052142075003,-0.0961391527981967
-0.105357167714715,-0.147765491623287,-0.0487583436654553,-0.509105487135567,-0.458440588075634,0.426345018726053,-0.0481407609447615,0.342023384568847,0.00047330007146229,-0.00682359758034945,-0.00310569737387661,-0.102547386828394
-0.105271809876448,-0.148558523985082,-0.0496357082668848,-0.509625625041711,-0.459014954439237,0.426761788768943,0.980497683088913,0.363390811683757,0.0745582857757086,-0.00522189785338067,-0.00483626101568385,-0.0663031688859781
-0.105279672693362,-0.149285001464083,-0.0504483980979564,-0.510108095318369,-0.459587067080136,0.427185288960764,-0.576871877489111,0.0777978467635876,-0.0831218909397649,-0.00798845015061378,-0.00167962398957172,-0.108163280012628
-0.105395919656118,-0.14991263577037,-0.0511662966973108,-0.510535221407296,-0.460127510654085,0.427591515055484,0.645391298645222,0.250398405273472,-0.0153729517278407,-0.00615132621574155,-0.00647400065337833,-0.0546683044789145
-0.105636679927616,-0.150402944646353,-0.0517525887995298,-0.510886244619683,-0.460602496355387,0.42795395182359,0.0121816100347019,-0.00317511883940824,-0.0687378341737315,-0.00674246247213883,-0.00802715414625743,-0.0695471926353766
-0.106005798601786,-0.150732470063825,-0.0521824739436927,-0.511151361481714,-0.460985562182137,0.428248463710095,-0.238634511484577,-0.244528197300497,-0.0612929587089468,-0.0109217853545309,-0.00752129829118336,-0.069546470490208
-0.106501934397,-0.150892978205493,-0.0524460681918573,-0.511327503303605,-0.461260676771849,0.428459953921006,0.6916913633749,0.0106573639611725,-0.0945426090459307,-0.00681991481317912,-0.00851751444566806,-0.0268522078286693
-0.107105466681478,-0.150899712002277,-0.0525541838739092,-0.511425678268725,-0.461431013908281,0.428584252414579,-0.874100166716062,0.273686107800359,-0.0459491875673734,-0.0122440484973696,-0.00607018713882684,-0.0648446127925615
-0.107799766034902,-0.150760922430163,-0.0525128116984688,-0.511450718963862,-0.461499783321218,0.428620243916039,0.166352459902726,-0.328798364697832,0.0817351792878753,-0.00795084303083371,-0.00687645028167316,-0.0130635416795046
-0.108558026502333,-0.150512306609769,-0.0523508280378984,-0.51142621347871,-0.461483131134407,0.428573344185209,-0.0876290444136885,-0.000909543664874946,-0.00585411313991813,-0.013427651338382,-0.00691140622181885,-0.0233832387649371
-0.10935279247946,-0.150189801527108,-0.0520989380867753,-0.511374123228957,-0.4614020882004,0.42845440744602,-0.667529782198756,0.905201779852405,-0.00195918802029382,-0.012033921628412,-0.0047996332920458,-0.0296858291178062
-0.110155440136145,-0.149835937317656,-0.0517945437949636,-0.511319035368588,-0.461285169956787,0.428281403535234,0.389856874182783,0.461297479961559,-0.0945058602780762,-0.0100287376945998,-0.010256492976739,0.0155331648616857
-0.110945483958891,-0.149479839242706,-0.0514660906063322,-0.511275006898212,-0.461155843899054,0.428069758020913,-0.999159365424646,-0.475660017131986,-0.201543434585659,-0.0152649685464898,-0.00542361927898022,-0.0239388003489314
-0.111706170518648,-0.149151495109911,-0.0511431934996318,-0.511258315306668,-0.461036264039423,0.427833862598865,0.15072427242626,-0.109323092105114,-0.0905241735398761,-0.0123072353670057,-0.0049827967544,0.0285640932098481
-0.112428361749816,-0.148850862588908,-0.0508330477980174,-0.511266171162071,-0.460938344674436,0.427580294153407,-0.501050232110856,0.165095290170257,-0.06704621333256,-0.0125322237742194,-0.00683830241308742,0.0146905696322173
-0.113108680971828,-0.148567430110386,-0.0505362209170108,-0.511286591719593,-0.460873697301384,0.427317979638027,-0.810296251750231,-0.283925364223478,-0.018763719425209,-0.0152987366805091,-0.00469642615889609,0.0127799216366462
-0.113757069466955,-0.148289200937092,-0.0502491189962708,-0.511308158865425,-0.460842346146424,0.427050616670902,0.177668182740035,0.321899395796208,-0.181342289643368,-0.0140784532802076,-0.00717538031783249,0.0625614085620181
-0.114383767857962,-0.147996583057692,-0.0499626534124149,-0.511315724299879,-0.460842315285572,0.426777506524515,-1.07567367969193,-0.238952882605872,-0.0480398376748781,-0.0194651691547851,-0.00900740939888151,0.0196244465359703
-0.115005727767305,-0.147664738557856,-0.0496631359691415,-0.511289196380792,-0.460868825557623,0.42650107806503,-0.0694872715548058,-0.1771844483942,-0.119062954865853,-0.0164318540540194,-0.00744051894738046,0.065368125209027
-0.115639611073424,-0.147269656686436,-0.0493349101544702,-0.511211583475999,-0.460911873065224,0.426217274517226,-0.620752322646183,0.763798773973804,-0.0127362546234906,-0.0171341541596064,-0.00648389380256259,0.0581762552500025
-0.116300180260288,-0.146801927109181,-0.0489724154453088,-0.511073366301688,-0.460969972740984,0.42593219196781,-1.00052353655906,0.198081016359765,-0.210220867194948,-0.0173428237795972,-0.00717719293445274,0.0539151635211552
-0.116991086722336,-0.146272029407776,-0.0485843276033822,-0.510878880642292,-0.461049201107424,0.425656107886585,-0.00897743575217191,-0.32396607937244,-0.181154861835296,-0.0130732732606167,-0.00789568803190044,0.0940643970699147
-0.117720787758633,-0.145695619459478,-0.0481800351997907,-0.51063789225631,-0.461150415886151,0.425395843123369,-1.47826389671269,0.596302153261831,-0.0514231267461867,-0.0182184534324263,-0.00636068874289114,0.0570208559615444
-0.118488852842172,-0.145082384311951,-0.0477634953216057,-0.510355302606208,-0.461279568997102,0.425159481752973,-0.382973794697307,0.20510893742744,-0.122354809593958,-0.0131794797491223,-0.0082739505874751,0.106627015739788
-0.119294232576098,-0.144456899664549,-0.047348870921385,-0.510047353362497,-0.461443436200366,0.42495529677083,-0.865566663786694,-0.0336972307616179,-0.231967336774886,-0.0145570258727115,-0.00675320940025276,0.0960692810049393
-0.120132514385042,-0.143844177047518,-0.0469492941668495,-0.509730897274084,-0.461646136553736,0.424786919795964,-1.11792881648574,-0.488020128306744,-0.0812050145354704,-0.016155592067665,-0.00489583222889212,0.0870797073694938
-0.120990492071773,-0.14326749108298,-0.0465775003505333,-0.50942275882976,-0.461898965703792,0.424660347242309,-0.301478593603576,0.188468093738493,0.0177477178482945,-0.0139203748717533,-0.00859134932080885,0.128937038395151
-0.121856178608463,-0.142730318207237,-0.0462321839168875,-0.50912847051304,-0.462202513188661,0.424566519240301,-1.66697352315134,0.282272158550313,0.00141274598018981,-0.0168949696742691,-0.00577843036327641,0.0907914237677661
-0.122719019108376,-0.14223062681577,-0.0459086299330786,-0.508850390916013,-0.462557315751691,0.424497941883249,-0.337886682586088,-0.343519015376614,-0.159284645118191,-0.012672723160394,-0.00299599416668839,0.131108992568421
-0.12357252180801,-0.141765562531878,-0.0456019477159553,-0.508591310246378,-0.462959862014827,0.42444256221334,-0.906490090712566,-0.0748148066463727,-0.124778871121578,-0.0138632849549598,-0.00627688552673134,0.117368686712116
-0.124408058354881,-0.141315800225938,-0.0452987757793526,-0.50834316701936,-0.463404766190681,0.424384038224077,-1.31835050554042,0.289618649375825,-0.147049556075558,-0.0162978597994345,-0.00339872684939269,0.115870835737702
-0.12521554655379,-0.140857348696451,-0.0449855817754461,-0.508093204160829,-0.463889005908998,0.424307958202354,-0.458956514705278,-0.112507430620326,-0.29640136824014,-0.0109640210913331,-0.00813177951865995,0.155668587792229
-0.125985478459218,-0.140390236216748,-0.0446676091163152,-0.507844279147643,-0.464415644403824,0.424208208925136,-1.56762620430499,0.342927531735995,-0.106452479451747,-0.0181720707094422,-0.00447646087351583,0.112447061565785
-0.126708958012931,-0.139915309852612,-0.0443528847797752,-0.507598234551683,-0.464990186168652,0.424082269793192,-0.645148570771141,0.288752304452373,-0.0901839729756091,-0.0150416530687423,-0.00548916749797751,0.158099742898474
-0.127374832054865,-0.139423107825197,-0.0440439403097184,-0.507349118865846,-0.465617583564475,0.423927417763851,-1.14575928542973,-0.0475999889329159,-0.0308700559394026,-0.0126484236578182,-0.00371725337401679,0.144779157913955
-0.127969799628439,-0.138941003401635,-0.0437705867771807,-0.507112862032955,-0.46631421321607,0.42375652276121,-1.51155000100169,-0.102387310920449,-0.064191797885087,-0.0164423110771987,-0.00349283544537748,0.136900557464737
-0.128487208258852,-0.13849252678072,-0.0435570664928837,-0.506902492571598,-0.467090194414438,0.423581202810696,-0.559667331211244,0.666612699319558,-0.0110118752604365,-0.0100101235037622,-0.00120741707088495,0.181741346841818
-0.128921514324675,-0.138094207954045,-0.0434214690261243,-0.506724936306408,-0.467951627706149,0.42341028441958,-1.81000681131798,0.125099216403441,-0.367091504596715,-0.0135671117580984,-0.00324634290509268,0.137538999451587
-0.129265506180733,-0.137770227755782,-0.0433849825732224,-0.506591707776811,-0.468906142849337,0.423256998914773,-0.787045939632776,0.427160293193992,-0.164654933098433,-0.0119899326903239,-0.0042045044900163,0.187396476930148
-0.129516477655342,-0.13754955806239,-0.0434679961994069,-0.506518749952989,-0.469956270652592,0.42313294371062,-1.25839065419819,0.542993612230248,-0.103904515008395,-0.0104713789405473,-0.00517392755225254,0.173808613694062
-0.129675526451243,-0.137445219016495,-0.0436750611305319,-0.506512620271155,-0.471092608241532,0.423038414110879,-1.50750143182279,0.050422688223307,-0.0354296826369023,-0.013602314715174,-0.00241145538211196,0.166008978631732
-0.129748201495819,-0.13745905318965,-0.044000830918643,-0.506573983659755,-0.472297692807545,0.422965575625311,-0.64699744514553,0.264933803908207,0.0518333858773019,-0.0116995360020784,-0.00276343393724532,0.203471312362546
-0.129745185597304,-0.137572155004372,-0.0444211743030136,-0.506692484397517,-0.47354449235407,0.422897483056208,-1.8728100157719,0.443080234882245,-0.0547623192967137,-0.0101880465279551,0.000370925120612042,0.159955997150167
-0.129674720032358,-0.137764510708937,-0.044911092980769,-0.506856427677561,-0.474809283400508,0.422818934304691,-0.692688071538612,0.300011315706797,-0.0456696897458073,-0.00600298607538452,-0.00316804520019393,0.206330514796514
-0.129548161002324,-0.138009298577095,-0.045440774019609,-0.507051538295763,-0.476061698736832,0.422705302794381,-1.33018031944869,-0.221831946824295,-0.233385204758832,-0.00831170439442674,-0.00033153273982478,0.182038318629233
-0.129380603181833,-0.138280578012121,-0.0459813951022672,-0.507264321308432,-0.477273931189336,0.422535718649992,-1.61410667211533,0.368344190716471,-0.153108627699112,-0.0100055861763075,-0.000341095549682147,0.178140749777353
-0.129185060250743,-0.138537556936678,-0.046495939280413,-0.507471773267087,-0.478419634464687,0.422286667652744,-0.735254200111001,0.106091340616103,-0.0677682465295675,-0.00422595171015683,3.63066740002305e-05,0.210038303894994
-0.12897439875163,-0.138758467539863,-0.046963449134392,-0.507661619579903,-0.479485263518986,0.421950145909786,-1.96881388044193,0.0890532452699517,-0.0739843337125308,-0.00680984792670181,0.00114135446372132,0.161547225599012
-0.128762583594718,-0.138924708045104,-0.0473684696078758,-0.507821776222998,-0.480461430037278,0.421520529399096,-0.859039292221553,0.188026505193648,-0.086588978334305,-0.00534703175321027,-0.0020604858684995,0.207144269217214
-0.12856251242038,-0.139022213074374,-0.0477004208689209,-0.507943266934648,-0.481341650557882,0.420996076115357,-1.30487699635114,-0.218391273572479,0.0609558032914208,-0.00230706899170618,0.000470299474188862,0.185485385451386
-0.128386931253898,-0.139049303095706,-0.0479588211098863,-0.508024056036684,-0.482126533834832,0.42038340098201,-1.61328435630548,0.275427521662778,-0.127146943127258,-0.00719615501785364,-7.54746941644679e-06,0.177456878753273
-0.12824843479694,-0.13900890192341,-0.048148407496853,-0.508062976930551,-0.482823596202381,0.41969786467873,-0.72270075234394,-0.120717270318664,0.000569463280214677,-0.00388148976896074,-0.00144522497117117,0.213014746280832
-0.128159253742222,-0.138903646530171,-0.0482724156899601,-0.508058975367337,-0.483437634108996,0.418953156570633,-1.88019280720039,-0.387009901340889,0.12438105152853,-0.00585096127894369,0.00360620926678135,0.164247146973395
-0.128127156451029,-0.138745447517162,-0.048341672461391,-0.508015466116899,-0.483982510558773,0.41817305579432,-0.899709714040171,-0.346904649059752,-0.0401470667045203,-0.00255990452670662,0.00407193584672993,0.202060851070593
-0.12815662043707,-0.138548058587997,-0.0483672532314645,-0.507938232238693,-0.48447077299647,0.417378448047705,-1.21917213386109,0.66186256781225,-0.0916048778240963,-0.00333242118162902,0.00466268379079371,0.180583381286906
-0.128253656091052,-0.138314981784522,-0.0483492106674042,-0.507827791287204,-0.4849103901311,0.416588599481503,-1.60589940122156,-0.194066289254806,-0.0320657912984643,0.000127877989860803,0.00494911747046972,0.165983792487173
-0.128412835321503,-0.138050832041791,-0.0482912428273243,-0.507686026123821,-0.485312940720495,0.415818937319539,-0.762514745490932,0.227394511831562,0.063476466079436,0.00156384395915055,0.00103429237744107,0.20968754848662
-0.128620622833728,-0.137771936936914,-0.04820665836564,-0.507524246826055,-0.485696209303703,0.415087065363553,-1.99889454800484,0.178900175795206,0.101190247360904,0.000477509091998396,0.00645795567537599,0.158552022639956
-0.128857516403128,-0.137472191861093,-0.0480932855332246,-0.507338839914434,-0.486075106196622,0.414403202225076,-0.677642846453523,0.315155201940115,0.129563933509985,0.0041261566569708,0.00567130564541746,0.196557149488541
-0.129099183150803,-0.137162519064758,-0.0479633480700079,-0.50713779938241,-0.486470626694136,0.413781109602941,-1.45839871578301,0.129090286161727,0.0412174483305421,0.00734765413203853,0.00702823880121117,0.175603144336378
-0.129317363487885,-0.136849954762347,-0.0478278011792939,-0.506928656793171,-0.486900980779097,0.413227573370989,-1.59920993958701,-0.159963066294495,0.0338443491770022,0.00613807063427352,0.0073063732294148,0.165597584429784
-0.129484902354859,-0.136532446575423,-0.0476924715952673,-0.506713366659154,-0.487379552678249,0.412742449350735,-0.613655124172055,-0.402145653431262,0.0891959979331034,0.00829206072234667,0.00478995443117053,0.203030243371095
-0.129573755343904,-0.136215020878074,-0.0475704370100578,-0.506497032618471,-0.487921565869339,0.412327322777317,-1.99858878611485,-0.0830611962253442,-0.0166448919379718,0.00549553025358529,0.00694969013503799,0.155600107228301
-0.129570081257326,-0.13590072537142,-0.047471784723581,-0.506283745403168,-0.488531491627946,0.411979475102204,-0.819250727395797,0.0279072922771775,0.144828193434392,0.00713595361942065,0.00687250241153087,0.198745493659758
-0.129464405287879,-0.135587777430751,-0.0474027679134685,-0.506075429628777,-0.489204313011563,0.411687071713467,-1.29059295160994,0.249047194298782,0.121871019713836,0.00696941039567411,0.00477241973315384,0.180180043713566
-0.129257439803325,-0.135274721841074,-0.0473681944638622,-0.505873570154062,-0.489926927660215,0.41143583162344,-1.82043756190922,0.0300200275685256,-0.0575642680226167,0.00942467879659459,0.00688427204418862,0.171570432794771
-0.128966606703435,-0.134960581436114,-0.0473685576647795,-0.505680195671651,-0.490677278565041,0.411213086216094,-0.713059995656579,0.32273583901997,0.0909553419257918,0.0149530614441464,0.00597719194731805,0.207057132580029
-0.128618865581457,-0.134637527346083,-0.0473964842787291,-0.505491994342466,-0.491423132481195,0.410999834345545,-1.99697114003504,-0.308597453445827,0.0550103606943253,0.00745930216315305,0.00811587848875167,0.162184740715025
-0.128250946392957,-0.134315843995989,-0.0474529369368886,-0.505316338285659,-0.49213213046636,0.410784859762853,-0.757009350987062,0.0269165780975982,0.118649363694374,0.00887339865828318,0.00912373834192248,0.202553731417593
-0.127904676325802,-0.133999146213794,-0.0475305070016414,-0.505156386015966,-0.492769742268065,0.410559122856685,-1.44976112125244,0.725473750341962,0.234871899428839,0.00719133987687348,0.00629157515505518,0.179415149027951
-0.127624920730416,-0.133686299564749,-0.0476161166725677,-0.505010827096846,-0.493302551642943,0.410315058744784,-1.81842265763555,0.756722876384856,-0.0191635105922785,0.00857851488330619,0.00861118655329751,0.175057671767853
-0.127445188852529,-0.13339265426734,-0.0477076530677194,-0.504887906368724,-0.493711400556649,0.410056164794043,-0.806750890953595,0.0861442139971587,0.100291491980187,0.00994197983778289,0.000743206781186223,0.222129253531862
-0.127395419105704,-0.133138968415698,-0.0478068484021825,-0.504799562992054,-0.493985269715254,0.409791420523674,-2.113335855142,0.0479361106065426,-0.0515258405306724,0.00800355878366732,0.00835615256789451,0.170877215273937
-0.12748922836461,-0.132938065824762,-0.0479120441424972,-0.504750470554863,-0.494125688302788,0.409531824582449,-0.836041617750936,-0.231358390630476,0.0331054335317731,0.0133434167879432,0.00679486610804098,0.206369560380373
-0.127724180817337,-0.132806317033848,-0.0480278859420424,-0.504747463609108,-0.494150989863725,0.409296187408087,-1.45968977461359,0.781454326210905,0.0435776703664601,0.00877962440151103,0.00689830978252198,0.190732308341338
-0.128086377265261,-0.132759285317874,-0.0481607985029127,-0.504796994706393,-0.494083077387124,0.409098693998376,-1.89167414098199,-0.0308330011494036,0.0319837343917584,0.00751500595347032,0.0058231343648511,0.186531197468288
-0.128548371398592,-0.132810180188632,-0.0483191097797953,-0.504905175142892,-0.493951709278956,0.408952413642781,-0.674856625160203,-0.402642482451938,0.0368964514515824,0.00822938710648824,0.00395156321314344,0.223831683919402
-0.129066545969798,-0.132959667008924,-0.048507088655724,-0.505069364924102,-0.49379023279456,0.408861286656989,-2.09199598338171,0.0180726498988406,-0.0202930077019516,0.00749748247581294,0.0057781689904019,0.17546144557885
-0.129597246704963,-0.133201942431914,-0.0487257171830402,-0.50528494449158,-0.493625476467392,0.408822933907048,-0.9577848399137,-0.235453593420743,-0.0235039098432708,0.00945303222542115,0.00418475248330957,0.223259015562038
-0.130100672772302,-0.133523794335668,-0.0489707738894414,-0.505544427052348,-0.493473899378361,0.408823950027967,-1.41529054668291,0.289498887976151,0.0381359429080703,0.00958298584180062,0.00537925695858116,0.197197585787204
-0.130536235229558,-0.133917816190233,-0.0492441563873329,-0.505844229569805,-0.493350347496268,0.40885006226788,-1.8090009710001,0.797055287906687,0.0288525617651203,0.00751774726859988,0.00571074677310107,0.18775488093818
-0.130868646512424,-0.134355666624439,-0.0495330580188387,-0.506166507432692,-0.493257357038814,0.408877369406454,-0.664392237218692,-0.121632578326171,0.0530250604457194,0.00655324700050253,0.00157730072357226,0.227059013924671
-0.131076484481022,-0.134814731767783,-0.0498265807118961,-0.506497834131268,-0.493188423293503,0.408882277659422,-2.12457456082234,0.0420423233244946,-0.00271858433319494,0.00261723695745797,0.0078596510754092,0.181317080146692
-0.131153075591867,-0.135281274129818,-0.0501165938022776,-0.506829483067566,-0.493133353129,0.408849310960224,-0.891449585007706,0.3478887322633,0.0279299436144242,0.00642191759558752,0.00471890301420819,0.219930110041378
-0.131103301035585,-0.135727425756879,-0.050382892874496,-0.507141982468528,-0.493074709876159,0.408762599341742,-1.4783883661446,0.324224880205065,0.017152634302505,0.00562299331947003,0.0059252295975411,0.204494106631071
-0.130935333220601,-0.136147881432995,-0.0506222698307659,-0.507426896967705,-0.493008087416729,0.408626383969381,-1.70996879025989,0.0170405827241211,-0.00308070366432389,0.00639220781545635,0.00593261361152386,0.199105842264723
-0.130670918748945,-0.136543276844102,-0.05083215690738,-0.507676870168264,-0.492930676478128,0.408457403768518,-0.822279962884352,0.114258724150204,0.0500392511652876,0.00788128716690828,0.00385469888283146,0.237151438715698
-0.130339040307239,-0.136902910649527,-0.0509996454255546,-0.507875754059058,-0.492839256583757,0.408276192595745,-2.02918073349025,-0.263512675764332,-0.0522367558911583,0.0033131858507236,0.00325474419619809,0.190922568462442
-0.129966178756121,-0.137231121714668,-0.0511236175845069,-0.508015168219764,-0.492744369028185,0.408117187884505,-0.952065129329242,-0.0932547654849714,0.000919471746584577,0.00546910657028166,0.00435859678009132,0.226907686688656
-0.129575869586472,-0.137530156255867,-0.0512027949952936,-0.508085069547181,-0.492662955996403,0.40801928184399,-1.54079223931916,-0.181355419399779,-0.059146281478462,0.00270728437576473,0.00376984973818734,0.207501244959491
-0.129189263370645,-0.137795052601297,-0.051229653008569,-0.508071701087055,-0.492613614992368,0.408020212006098,-1.77300238692902,-0.113765711517999,-0.0544754946169519,0.00199892306067717,0.00414537869105264,0.198859433930816
-0.128824636492876,-0.138013477249425,-0.0511925625739975,-0.507958647962732,-0.492610352801828,0.408147054666195,-0.868992081456724,-0.156371300854062,-0.0247610251898891,0.00307016496751222,0.00234509188446896,0.235705353321513
-0.128491963614232,-0.138175603474561,-0.0510838139870364,-0.507735184020602,-0.492667127272073,0.408418640732245,-2.36639402112354,-0.0560249859586293,0.0269531878621194,0.000548404362843424,0.00292581488970067,0.184304466775403
-0.128198924234623,-0.138267916293897,-0.0508919547861091,-0.507392659813297,-0.492789907303128,0.408842730034568,-1.04874697569915,0.238563197870235,0.0533723158515613,0.0022680081555575,0.000403195633741804,0.233784409361512
-0.127947608413077,-0.138268355351499,-0.0506014228074445,-0.506922654970377,-0.492971042377424,0.409402855561814,-1.55549612423658,-0.361790813836933,-0.112223578457815,0.000653073730886966,0.00172915544413466,0.216635743222069
-0.127735092560471,-0.138170285400604,-0.0502085397526917,-0.506331003356628,-0.493197762202613,0.410072828527284,-1.84374624074388,-0.528725109730885,-0.0735259937662534,-0.00265928637949786,0.00241427253224497,0.202584396217912
-0.127559397596153,-0.137967072271026,-0.0497090393108337,-0.505628965753693,-0.493445726248825,0.410811895015856,-0.908081559783056,-0.392557044323894,0.143860646519641,-0.0015815754728683,0.00207182561878844,0.245827918674512
-0.127415822224157,-0.137662369314795,-0.0491071284927385,-0.50483770313591,-0.493686017882991,0.411572929974294,-2.23904139625972,0.45450352990224,0.00688323640474664,-0.00314518721820711,0.00373162385342724,0.201503100945065
-0.127290547140931,-0.137278895620961,-0.0484237895669291,-0.503988810607431,-0.493901894313707,0.412316705446281,-1.15981283809026,0.696628818704767,-0.0845361307445955,0.000723576587621011,0.00416919061895066,0.240831093934226
-0.127176651142553,-0.136853275250425,-0.0476885049001465,-0.503125688184262,-0.49406842580712,0.413000130777461,-1.65975133328783,-0.00031769170732332,-0.040043433841646,-0.00258155145760375,0.00508428276148654,0.223794427927806
-0.127066931545994,-0.136426790305614,-0.0469346634616439,-0.502292505969393,-0.494167327836991,0.413588839998052,-1.91795128145998,-0.0171290423249957,0.0401286198377875,-0.00380958223419992,0.00148918132442072,0.215260624065943
-0.126949611600611,-0.136054666577175,-0.0462095708652439,-0.501537780980522,-0.494197247531636,0.41406634144874,-0.823088532073598,-0.131637361993853,-0.0342788177635214,-0.00186898824596371,-0.00183194058848896,0.25009899477307
-0.126820560117143,-0.13579046572167,-0.0455575356444082,-0.500904725259256,-0.494159835086807,0.414425663455414,-2.26687329860914,0.324031981629105,-0.111931736824516,-0.00691377779887947,0.00134280220045208,0.203895831596063
-0.126679375418268,-0.135681623516751,-0.0450189403127206,-0.50042641617519,-0.494069553277629,0.414680127362139,-1.10327242273559,0.407211583284379,-0.0817238446765884,-0.00440941981067322,0.00141228831483708,0.252596898401422
-0.126525614062009,-0.135769878696206,-0.0446317399154501,-0.500129197962957,-0.493945311739828,0.414847283015541,-1.71345024280822,-0.473565051616106,-0.0103134985493796,-0.00304759428556611,0.00212143446129587,0.233411775509183
-0.126372264074417,-0.136079273965892,-0.0444183637456903,-0.50002191214878,-0.49380755753195,0.414957610603873,-1.91235702857722,0.173177515892576,-0.0875925881835542,-0.00745895488897741,-0.00011532226413552,0.224215528681924
-0.126241236105018,-0.136612855817408,-0.0443845365018207,-0.500096367374103,-0.493671155912084,0.415041612428032,-0.916145193639352,-0.0799872395618877,-0.149477405390911,-0.00722524403480662,-0.00193503731444999,0.262505750304657
-0.126163517958947,-0.137353748850971,-0.0445208393555114,-0.500331026750681,-0.493543998485047,0.415126811097688,-2.28591736816043,0.547081497458976,-0.120847950823759,-0.0126173296577914,0.00125742671745432,0.216788930735036
-0.126178195299894,-0.138249212416696,-0.0447889290717089,-0.500680078192416,-0.493420247980382,0.415230367097853,-1.06375402800779,-0.0644358569936685,-0.0995986195540013,-0.0110741179334424,-0.00140034512965753,0.254398995822902
-0.126332721133831,-0.13923979591057,-0.0451432168410653,-0.501092196690552,-0.493289687705477,0.415371131189372,-1.67294310052841,-0.0375944899915339,0.0233603898112733,-0.00992066142746717,0.000475634906110411,0.23716933832732
-0.126669595723473,-0.140257116571386,-0.0455320515705016,-0.50151305297293,-0.49313644879888,0.41555648079412,-1.9594304312966,0.325890857967124,-0.125071708760117,-0.0105565028065335,-0.000773486619779273,0.228405326907
-0.127238963689442,-0.141207747380949,-0.0458818996548473,-0.501876885391518,-0.492923000003484,0.415772855074679,-1.06205853834825,0.0904478249995009,-0.0501150341776793,-0.0101886197395027,-0.000960859067078157,0.261919735242039
-0.128075905168987,-0.142015178433191,-0.0461332976655195,-0.502131716477727,-0.492619186962252,0.416006127832315,-2.24011037057448,-0.234782820988812,-0.0665112681928406,-0.0141622340520042,0.000852545461481335,0.214270588153497
-0.129206561542627,-0.142604842062033,-0.0462292053007904,-0.502229267332867,-0.49219686233867,0.416237655552436,-1.13563319133971,0.248809902383982,-0.0615147198996624,-0.0112763178181443,-0.000740877728923672,0.264124553127846
-0.13062832955766,-0.142931647592861,-0.0461378151178113,-0.502143997659155,-0.491646076370659,0.416452127881478,-1.63474653625758,-0.312829986793531,-0.0117230338397576,-0.0123971596097814,-0.000767399898465637,0.245970278870029
-0.132326495934518,-0.142958587884121,-0.0458339290809264,-0.501860698542216,-0.490954188747836,0.416622955957435,-2.22543886098441,-0.0112357925627293,-0.140241751002861,-0.0163063825421483,-0.000832114823134444,0.249098874672849
-0.134258756110255,-0.142681590041907,-0.0453208714301498,-0.501387122497925,-0.490132830720997,0.416733115479387,-1.13202968336373,0.469105228634135,0.0142272153785257,-0.0176053900131325,-0.000368355594291214,0.311882971949373
-0.136359284953605,-0.142111035004247,-0.0446183756182277,-0.500739211073068,-0.489212606808589,0.416773086014312,-2.66080356640839,0.161337532437983,-0.0822684501863762,-0.0194494459369454,0.000958927317948388,0.281307261197831
-0.138547905261959,-0.141296278900664,-0.0437749767718434,-0.499958756472937,-0.488238726223935,0.416742684574759,-1.76681108621682,-0.00555436824015487,-0.0514719961066987,-0.0164119606543136,0.00182497806714965,0.337362985130965
-0.140741808401953,-0.140291235132513,-0.0428427869844357,-0.499089696929126,-0.487261167358508,0.41664593192552,-2.23757086703893,0.433146547278511,-0.0542486473202644,-0.0164292482488886,0.00111544361576749,0.325833649411097
-0.142851277695049,-0.139167951849394,-0.0418883887456001,-0.498186029206746,-0.486339579721454,0.416494397206701,-2.54758859968416,0.610343095002463,-0.0112908996244698,-0.0156708904315002,-0.000745277288117574,0.329322627284519
-0.144799518541897,-0.137997780301759,-0.0409751172376169,-0.497296835508438,-0.485528861917783,0.416304014858458,-1.64335080299986,-0.193101467282759,-0.0656634445910242,-0.0165660174300966,-0.00188977021740311,0.366038296293939
-0.146526314862057,-0.136860324676999,-0.0401682504677077,-0.496472484325155,-0.484880790973994,0.416099764642462,-2.92013140768796,0.547351247950701,-0.0646539400119934,-0.0174776050324832,-0.000832311899034932,0.32258724015453
-0.147998960798063,-0.13580994372937,-0.039508066078936,-0.495744643077717,-0.484428651295678,0.415903110260987,-1.88726482556353,0.52956595557589,-0.168400578036341,-0.0171343379425379,-0.000852238352820167,0.36566007493388
-0.149205432486688,-0.134899155358309,-0.0390292570606667,-0.495140412579075,-0.484197501861697,0.415740739821984,-2.29911502838553,0.731715900960808,0.000439429807158831,-0.0190551861056973,-0.00247961770356614,0.350997727558524
-0.150155718940816,-0.134169963051896,-0.0387545949784753,-0.494675851124519,-0.484199996880759,0.415639607232733,-2.74784176181981,0.718984568557516,-0.0494907428364684,-0.0197925190181412,-0.00113768289351224,0.340037335002703
-0.150894940125436,-0.133635710301139,-0.0386774813852775,-0.494349434655854,-0.484422089038924,0.415619428582706,-1.58460141581145,-0.20434837011635,-0.1389467135335,-0.0199076881512688,-0.0014035260143046,0.382699485616877
-0.151479068289422,-0.133299148867084,-0.0387802130472743,-0.494152149553004,-0.484840066621116,0.415692913195537,-2.92114586212477,-0.177448362625455,-0.110596718639385,-0.0202218476163711,-7.95890951625911e-05,0.344107296865839
-0.151976310221268,-0.133147683777167,-0.039032009039548,-0.494063827723592,-0.485421827638749,0.415873512047157,-1.87266810432988,-0.458531632098584,-0.197713641119719,-0.0186337717945082,0.000704771858734854,0.393034611389641
-0.152459377222753,-0.133155242450709,-0.0393907544656367,-0.494059796599284,-0.486123722369005,0.416161805823723,-2.56692403408579,0.111917258828271,-0.264660809407928,-0.0212982892045193,0.000454913643851029,0.373127075883007
-0.152989001699009,-0.133301066579212,-0.0398211245641922,-0.494120923763949,-0.486911394779942,0.416560251965624,-2.76329057791645,0.880973936509236,-0.179096285033637,-0.0202053013898991,0.00161258436321166,0.366477722779978
-0.153614120739712,-0.133551282302351,-0.0402815351549741,-0.494222405045449,-0.487747101110176,0.417058787542815,-1.73258573715538,-0.143209744240949,-0.188626168435007,-0.0121292233801982,0.00123432561695724,0.422920856093486
-0.154362830913747,-0.133875528830243,-0.0407373541842855,-0.494345790451545,-0.488602017190486,0.417642310646614,-3.26220170710525,0.0286323290165456,-0.319645375524289,-0.0196775354958412,0.00205739898283708,0.376945305720707
-0.155250926211326,-0.134241020157183,-0.0411567696300923,-0.494473543370787,-0.489449716184455,0.418290365261625,-2.12831290617555,0.865179572017041,-0.258018448936696,-0.0176054128970775,0.00145191348631385,0.422222646636601
-0.156269333308508,-0.134624768085414,-0.0415208542449526,-0.494597006951132,-0.4902773960121,0.418980389382662,-2.71157897010914,0.385048366388446,-0.0757315325097068,-0.0158354474583051,-0.00130044020542341,0.407500862944379
-0.157397011246815,-0.135002809056335,-0.0418141819265205,-0.494708496799967,-0.491077174958134,0.419686689874269,-3.07788003264284,-0.869181667619159,-0.0891502172796095,-0.0160403371971047,-0.00162806331239435,0.409911647195182
-0.158598205302395,-0.135361551799019,-0.0420348052552482,-0.494807212923685,-0.491849296559269,0.420383078635378,-2.0251518906573,-0.864409209686755,-0.0796142041776591,-0.0131927699837164,-0.000121539786104852,0.44853509415005
-0.159833996811437,-0.135680688398963,-0.042177028409397,-0.494887397065921,-0.492595334755397,0.421042896280225,-3.35338319961056,-0.0813209910502337,-0.141481354040138,-0.0166072542798603,-0.00205166940277729,0.406771973548678
-0.16106929138264,-0.13594093145084,-0.0422372092796182,-0.494943371539048,-0.493317825447662,0.421640346053859,-2.26527579383435,0.494764057169732,-0.119327322791179,-0.00968424001495327,-0.000693963710872658,0.454886890918855
-0.162269183653045,-0.136124376356637,-0.0422150161210604,-0.494969460205768,-0.494019481409945,0.42215153221634,-2.80852631177623,-0.444867735455773,-0.0829347447023565,-0.0108501554591807,-0.00236917965754435,0.437820457677139
-0.163406717831445,-0.136225895281108,-0.0421186314782953,-0.494966811220354,-0.494706567943907,0.422561129840752,-3.16055488262521,-0.161001734698402,-0.106294866544602,-0.0136264985530974,0.0018013230193803,0.429380591373187
-0.16446746183795,-0.136223249788251,-0.0419420323736199,-0.494923623120507,-0.495377094876669,0.422852576375328,-2.18531568654237,-0.691589994180731,-0.126594986569842,-0.0141884587060517,-0.000155806988028862,0.468076170554009
-0.165443380140053,-0.136106273971157,-0.041688402700788,-0.494834124938717,-0.496034473849743,0.423020887501868,-3.45837487030769,0.407217839221403,-0.119302570984729,-0.0143422557134296,0.00687406224704612,0.426904960314594
-0.166333153395446,-0.13589045941486,-0.0413777242290667,-0.494709415813222,-0.496684180991386,0.423069965215068,-2.37411457485683,-0.0128230448437989,-0.133674603172238,-0.0123433802910573,0.00573594876371009,0.469166005202261
-0.167145919007325,-0.135588371007549,-0.0410266618841157,-0.494558839117093,-0.497325643547958,0.423004048213739,-2.94547812500042,-0.320556261939146,-0.0609900781206534,-0.0107610725950393,0.00601992312205152,0.45189301116566
-0.167886566424223,-0.135225835534286,-0.0406621152979509,-0.494400010845691,-0.497968628671912,0.422838898351844,-3.23642534960601,0.598143399560058,-0.0874424952881157,-0.0109146249105523,0.00643774219583049,0.445616945164611
-0.168568771061324,-0.134846581006577,-0.0403203170334896,-0.494262918099492,-0.498619403053293,0.422594193759961,-2.22163816676363,0.484971405784563,-0.108168953790397,-0.00946214606738982,0.00360072914080428,0.487005431916501
-0.169206578944116,-0.134498237935078,-0.0400394668371884,-0.494180257218282,-0.499281662385144,0.422288247195301,-3.54723221455708,0.19850393781212,-0.144968712035791,-0.0109015659832044,0.00496602608312868,0.443883007291919
-0.169803135514371,-0.134235959299624,-0.0398648672936261,-0.49418803300837,-0.499972296040239,0.421949210820862,-2.5639531629879,0.459676771417435,-0.0503680268090818,-0.00754714534361378,0.0059076871916518,0.491783396412825
-0.170368123596399,-0.13411777054101,-0.0398394554346131,-0.494325317900651,-0.500700581797036,0.421602446195848,-3.16279967094533,0.162267399452958,-0.200855050411548,-0.00588181900790863,0.00235193376210696,0.483089014872303
-0.170913985395603,-0.13418410628277,-0.0399904903009654,-0.49461940615028,-0.501467505684685,0.421265510650165,-3.50291888242435,0.201189031091189,-0.138382481458905,-0.00892940245758478,0.00490507710909033,0.47585257991827
-0.171446802991467,-0.134461138479516,-0.0403364249833245,-0.495086697814268,-0.502274775231404,0.42095101411112,-2.44003712984676,-0.414420422781177,-0.0506976966587729,-0.00560004326015839,0.00182826066898301,0.517793716717881
-0.171978396926762,-0.134951713609535,-0.0408752759856454,-0.495727298149716,-0.503116875288009,0.420665775988246,-3.9327273329161,-0.209521887306892,-0.101739293971718,-0.00879857739206535,0.0062096382053814,0.473192636684189
-0.172523694915473,-0.135628519058659,-0.041579856681095,-0.496520601541059,-0.503980968234144,0.420409892613576,-2.64656395536582,0.0868516690343313,-0.118902890373761,-0.00117249862265378,0.00656146382656475,0.522139478010904
-0.17309894194139,-0.136453074916536,-0.0424161699922436,-0.497437419464646,-0.504850217877553,0.420175553220082,-3.21014806739231,0.24659564570743,-0.122339079052722,-0.000918303213311766,0.00404903073227375,0.507146308163251
-0.173714915080708,-0.137368916274287,-0.043337971201705,-0.498435730882597,-0.505709659750287,0.419951415200522,-3.51001347689112,-0.220180744806385,-0.0860248400743444,-0.0022974992539524,0.00487290045097183,0.496826807641039
-0.174386488912267,-0.138309837852471,-0.0442918213457804,-0.499465319455733,-0.506544359865568,0.41972759549081,-2.55683338288736,-0.431823654781056,-0.00846776755858514,0.000266337124343874,0.00325503614519701,0.537290765365121
-0.175127028629124,-0.139200891331726,-0.0452201318765646,-0.500469113646889,-0.507341856695417,0.419494503762991,-3.84195076517295,0.734161063929832,0.0339796495400719,-0.0014080392230591,0.00548775104272092,0.494805928513536
-0.175947209863795,-0.13997099120341,-0.0460701322025627,-0.50139331370141,-0.508092954511785,0.419243335418539,-2.68812071079708,-0.636654054572773,0.0336495411122257,0.00497001282612475,0.00607740697141901,0.537922689947722
-0.176852465140664,-0.140568433133532,-0.0468063861152948,-0.502194893824043,-0.508801565726898,0.418977679372272,-3.41629397193901,-0.391144919004319,0.10063808601015,0.00446847652181237,0.00914513146512719,0.517837563806575
-0.177835154620769,-0.140972563462016,-0.0474208943974295,-0.502850889106201,-0.509489397515696,0.418714012346003,-3.65907207850813,0.623685333945787,-0.0399051046023544,-0.000775977388538074,0.00832733327654012,0.511318166599702
-0.17889038004789,-0.141169812233086,-0.047910752147363,-0.503346422265979,-0.510172444983889,0.418465058519775,-2.55681672134546,0.0762760705872552,0.0437317000601922,0.0066794716417804,0.00781931348441445,0.550588483638307
-0.180010414330459,-0.141167746768224,-0.048289575683313,-0.50368097565531,-0.510872256328455,0.418249794823607,-4.05076504728419,-0.197088996008915,-0.028519751339843,0.00238345834800313,0.00764487491062832,0.508102947947163
-0.18118304620439,-0.141003047482362,-0.0485931736651293,-0.50387382796211,-0.511618199637459,0.418095078761327,-2.93703464608984,0.295368416661859,0.0411351247663276,0.00695281089225475,0.0080754475984357,0.564585440223791
-0.182385737327716,-0.1407288828608,-0.0488692098387931,-0.503959025902756,-0.512443451486728,0.4180276520114,-3.58776829624003,-0.0757720831375082,-0.0752479684881564,0.00569998003770911,0.00912257229143176,0.546436561520581
-0.183598788545309,-0.140391757459821,-0.0491571910048394,-0.503969114728346,-0.513368953468008,0.418061724287222,-3.79891025928777,0.392464274118083,-0.0465933719610803,0.0035213169610544,0.0122746176458683,0.54353510318182
-0.184805962207859,-0.14004798459828,-0.0494992599233508,-0.503946905528334,-0.514402906841046,0.418200461851585,-2.68403733626786,-0.22934496612902,-0.0875943375960162,0.00519944392511551,0.00867392828692082,0.586945430476691
-0.185990754705173,-0.139736204126182,-0.0499226713994103,-0.503925092338685,-0.515544075264693,0.418434476923034,-4.13783408203915,0.628163434760154,-0.0199004095041175,0.00279720989828514,0.0110777618162098,0.539613439980718
-0.187129830555919,-0.139501657375899,-0.0504571563541842,-0.503943138769884,-0.516786970272163,0.418745088131649,-3.14669677546135,0.508843876163837,-0.0721268000714304,0.00846103939306442,0.0127293208958141,0.589082883514405
-0.188210084232852,-0.139364421445644,-0.0511077189257034,-0.504025805757018,-0.518105540246997,0.419095442511337,-3.635912086085,0.247082977572518,-0.0431665930382508,0.00688950165154445,0.0127294708779893,0.569830097465565
-0.1892182607862,-0.13934244471592,-0.0518754995287884,-0.504198269844331,-0.51946742828822,0.419440845454731,-3.9209987597053,0.416809969884071,0.0978661290040179,0.00388357446044729,0.0119376666688891,0.564680774018525
-0.190142984322125,-0.139431925226586,-0.0527438627726471,-0.504468843897713,-0.520836039590573,0.41973307269427,-2.9097711296759,0.359209411155234,0.173095117795214,0.00866307469062511,0.00473607195058673,0.601831278318928
-0.190972090713376,-0.139632641609534,-0.053698193169335,-0.504844276842735,-0.522178660766513,0.419927472841827,-4.34123364511032,0.179093485292242,0.0408995399180014,0.00174840819416611,0.00814573046429268,0.560507142677703
-0.191704666733509,-0.139920237477463,-0.0547044954716411,-0.505313617078143,-0.523456973846649,0.41998069388534,-3.24751460244266,-0.20836655798189,0.0372049997474164,0.00543449000130369,0.00973041744030845,0.609207885851185
-0.192345785393539,-0.140273571133696,-0.0557295400524829,-0.50586445785951,-0.524638933553375,0.419861727120249,-3.7340546374536,-0.378485533222829,0.00578238136941422,0.00900717898027148,0.0110938778150045,0.58987434008389
-0.192903048897427,-0.140676538142599,-0.0567459688831065,-0.506481250529732,-0.525705125474022,0.419557910816009,-3.93219544263712,-0.317581909684122,-0.0316809901928252,0.00583760502462116,0.00902043350686832,0.580308545026532
-0.193397303585126,-0.141088574071421,-0.0577091181188467,-0.507127719647992,-0.526638035794732,0.419067497937169,-3.17020740720875,-0.391896084382779,-0.0536778063246288,0.00626953149157217,0.00809147712244235,0.62730954086051
-0.193850033222495,-0.14148915357545,-0.0585903064407036,-0.507777926644317,-0.527434327140931,0.418406883376632,-4.33807581439316,0.360227399271707,0.0265308438279988,0.00484919437087861,0.00919829475592365,0.585374394008982
-0.194292700061009,-0.14184243576502,-0.0593508350408769,-0.508391435903331,-0.528094131203533,0.417604262769668,-3.3339982275445,-0.518905483702383,0.0227510872815628,0.00876396768137511,0.0072119713786728,0.630265587921998
-0.194765057847516,-0.14210573142593,-0.0599483618160905,-0.508923296098004,-0.52861596588519,0.416690355115582,-3.76031997609681,0.0159750773343603,0.0254283014022292,0.0102015347302906,0.0121928099613021,0.617943671621455
-0.195296766783222,-0.142255770170104,-0.0603590787361814,-0.509340128701884,-0.529016610487435,0.415710890854305,-4.24418519746837,-0.0861169679135401,0.0606595545091579,0.00637473760055274,0.00909150691556182,0.612662356669369
-0.195918704622495,-0.142256638539674,-0.0605531458174053,-0.509602746100146,-0.529307457526827,0.414704222514075,-3.28792430944571,-0.415394680786221,-0.0393459907901672,0.00978325292908266,0.0107257775890759,0.657245579031979
-0.196652204424186,-0.142087730225269,-0.0605144263563187,-0.509685889108722,-0.529503131778184,0.413704951987938,-4.68491610692229,-0.0412402220927106,-0.166309242630632,0.00397151142900354,0.0105878545480173,0.61352248214618
-0.19751343381568,-0.141740140101044,-0.0602389888192647,-0.50957520472615,-0.529617942326351,0.412742493374017,-3.50408573078789,0.368468868010495,0.00938143827536919,0.00618749831759713,0.00733573657732689,0.66320845174024
-0.198500867849172,-0.141226081481041,-0.0597439848367218,-0.509273478482588,-0.529675147038865,0.411843942665062,-3.91448951477963,-0.0763794486099414,0.0513772644269466,0.00703138085615462,0.00895886083173741,0.645936843119627
-0.199600292957021,-0.140570575817911,-0.0590596638286081,-0.508796146612428,-0.529698287701576,0.411026074321612,-4.27219259081249,-0.005858614803401,0.0482057499253017,0.00228608340185854,0.00794108557695644,0.636556480066999
-0.200785857526184,-0.139819233615087,-0.0582349460081302,-0.508176713140052,-0.529712079801917,0.410298842565689,-3.49448013339099,-0.260746741317462,0.0632118367480814,0.00643434647619934,0.00819014871880464,0.681366070312867
-0.202019611300233,-0.139029293891951,-0.0573305788297054,-0.507458445442986,-0.529744861516888,0.409668041022993,-4.70390811843532,0.907193514426581,-0.0549736907809404,0.00559775223267822,0.0100822880072668,0.646034317441263
-0.203265529810013,-0.138265536437808,-0.0564132642958037,-0.506691808540523,-0.529821604041567,0.40913350929803,-3.64174056157799,0.0183884039142868,-0.0318312747677112,0.00695817331581638,0.0118821713001303,0.692531808566573
-0.204481690758686,-0.137589174575349,-0.0555481292316018,-0.505926168709665,-0.529966302758878,0.408692721136401,-4.17393950744611,0.33398254173153,-0.023252213377674,0.00438204885439131,0.00905898665243088,0.676851408727106
-0.205628188424338,-0.137068775752399,-0.0548050352998222,-0.505215285697205,-0.530204607562268,0.40834536608432,-4.5597789845105,-0.259794833915294,-0.103510771143533,0.00269364539927652,0.00835450652546049,0.6729217762998
-0.206672489929562,-0.136757902017073,-0.0542403054438805,-0.504602495032377,-0.53055677936053,0.408089955059568,-3.43565683007898,-0.0753007493444784,-0.136820508479701,0.00536002508600619,0.00784697754283525,0.716102909739071
-0.20759885730407,-0.136667233621131,-0.0538732444889072,-0.504104949890394,-0.531022753014983,0.407910883950689,-4.96533909732722,0.469709428348324,-0.140792755195406,0.00177682610283281,0.010061042899605,0.670766825492925
-0.208399050737816,-0.13680351911859,-0.0537172375335506,-0.503735512293675,-0.531601543972891,0.407797213182617,-3.63825719937404,0.0192834134838904,-0.15794563485457,-0.000876321537556013,0.00846634583685635,0.719191034211152
-0.209076553874515,-0.137158772269853,-0.0537709983045824,-0.503495728646724,-0.532285415785804,0.407738253111594,-4.35161784943654,0.384644844869399,-0.0862992724021296,0.00221893747017665,0.00689691871923753,0.698928377032603
-0.209645891749757,-0.137685336271224,-0.0540000813175212,-0.503362409003896,-0.53305191732012,0.40771163256264,-4.62235190773606,0.424431831065931,-0.138433295541489,-0.00139171086481227,0.00854996077199544,0.692081782895273
-0.210126715459995,-0.138329047568295,-0.0543617677352799,-0.503306916377461,-0.533877861033657,0.407699478259011,-3.61465804366048,0.365842872755366,0.0950076691522952,-7.42387956722546e-05,0.00937456244953094,0.732825592002094
-0.21054575087067,-0.139027976824503,-0.0548042352331932,-0.503294891442153,-0.534733880729105,0.407681164626048,-4.99272283707484,0.148300107490513,-0.0516356344857343,-0.00303833629269601,0.00908237154752162,0.695291063822178
-0.210922608199374,-0.139723736690756,-0.0552794550968758,-0.503291227888588,-0.535600222648903,0.407643151718317,-3.95014785141717,-0.430693864346722,-0.170130583148392,0.000846141629451846,0.00958205771720172,0.746226336296983
-0.211273691569539,-0.140370625596557,-0.0557484603780671,-0.503270129498521,-0.536461302718283,0.407576245928122,-4.25845939471412,-0.351106696212128,-0.121203868344082,-0.00391180879857567,0.0104492773015574,0.732967760943168
-0.211616392835945,-0.140925089280549,-0.0561723070639442,-0.503206531271733,-0.537298729035662,0.407469834586059,-4.77043747233535,0.00186782161836163,-0.00710403158905137,-0.00505325761704167,0.00852742732529549,0.731302289393469
-0.211959648011563,-0.141353750681878,-0.0565226721205863,-0.503079125159269,-0.538103416168509,0.407318871366144,-3.82538829286875,-0.660813498933294,0.00167684862753958,-0.0012432591850815,0.00791765696954544,0.769971247296862
-0.212304039787533,-0.14165004113644,-0.0567934067331679,-0.502883525221223,-0.538875495036199,0.407124132212673,-5.07989300168481,-0.7014212368058,-0.0416342558124541,-0.00351569201692659,0.0067056386143941,0.729515520614068
-0.212649280311514,-0.141813617984577,-0.0569820236548813,-0.502619835243175,-0.539614748565424,0.406887205040095,-4.0402584932325,0.0267906438348291,-0.00919829245177084,-0.000594285492114377,0.00793162076901621,0.775122173911234
-0.212994533870446,-0.141861419342513,-0.0571007582424126,-0.502297549339443,-0.540326357830131,0.40661581193644,-4.51143113494555,-0.154651892854645,0.0268839630427919,-0.00219606993123378,0.00733843056012073,0.757752965843743
-0.213337360298676,-0.141816379833079,-0.057166648231413,-0.501930643679769,-0.541013369818912,0.406314594453759,-4.86698881295081,-0.0242485067510643,-0.0667208393633416,-0.00298505690369399,0.00774698616641489,0.748216520831877
-0.213681482850987,-0.141693825791578,-0.0571905770754801,-0.501530014866996,-0.541670401758303,0.405981367915496,-3.91125323970567,0.427699087442534,-0.0970798029505033,-0.00317933905543022,0.00398339075046028,0.793662677095613
-0.214031523010903,-0.141514438744417,-0.0571875741951502,-0.501108368069934,-0.542294878601336,0.405619718670208,-5.19500893016402,-0.316216513702102,-0.111182301023945,-0.00730719819181047,0.00593182691272232,0.747316974529115
-0.214406953552775,-0.141283327333331,-0.0571576500162896,-0.500672199375997,-0.542866292565472,0.405220456780759,-4.02067927386355,0.293374391262887,-0.190983703906625,-0.00284816688839129,0.00654480310106242,0.79307086137577
-0.214824067931481,-0.141000163714113,-0.0570980532256846,-0.50022394772709,-0.543369265213306,0.404778013620486,-4.7147891139943,0.0683578550715538,-0.0471170165659487,-0.00883373688426614,0.00794621312743693,0.77835133500136
-0.215296077234161,-0.1406576512385,-0.0570022902701686,-0.499760420769756,-0.543792434869854,0.404289779621083,-4.99811992516214,-0.0880927855155278,-0.0104468540795324,-0.0105472869570131,0.00716740820649614,0.773724071583377
-0.215843941504064,-0.140245438702133,-0.0568588220653006,-0.499278903525486,-0.544118086674082,0.403751783130938,-3.88839257906108,0.0756797824546993,-0.09084448825908,-0.00854192433655276,0.00878193524956056,0.810925822581636
-0.216486918526905,-0.139736714805012,-0.0566444773283143,-0.498764506337331,-0.54433089656494,0.403161740029514,-5.31204394713859,0.45708645530226,-0.182229482427147,-0.0113090213492257,0.00825804816813819,0.770900308709489
-0.217237299599925,-0.139119724852373,-0.0563480720390845,-0.498208684199018,-0.544432425834151,0.402533788403645,-4.3505496209994,0.810012378331294,-0.0551037361150009,-0.0061977107654454,0.00388005698081278,0.8166429409532
-0.218099997898293,-0.138379736185747,-0.0559572790280118,-0.497600867126905,-0.544428674965175,0.401883100472357,-4.78995303069411,0.131015486992283,-0.0732172212639739,-0.00915695622630919,0.00764207999336214,0.802415116607589
-0.219070552009028,-0.137508961007685,-0.0554671737662902,-0.496930094760308,-0.544341730967167,0.401236714128389,-5.08559520153062,-0.669610762294269,-0.12234395542032,-0.00775650803665373,0.00923893125044151,0.79442764571364
-0.220136239574494,-0.136520311166921,-0.0548882510198547,-0.496198504443268,-0.544202102223119,0.400627942810462,-4.2759538725204,-0.137360592312461,-0.124309588587437,-0.00824690041259624,0.00415032433629292,0.831493136940542
-0.221282350571836,-0.135424761047015,-0.054229651487441,-0.495404153269636,-0.544042373258535,0.40009004124564,-5.52895071813276,0.289145139332959,-0.190219049035363,-0.0144047371233618,0.00658192215940462,0.791243834095044
-0.222483037921767,-0.134256283327478,-0.0535197208286944,-0.494559593335862,-0.543906261437397,0.399661129127285,-4.41805369736528,-0.0214232738867395,-0.0818626897143702,-0.0107806823722587,0.00326816928274604,0.835734295300747
-0.22370562379391,-0.133053413577679,-0.0527899881007408,-0.493681714084999,-0.543833553220739,0.399368338624261,-4.87205095325839,0.104788898398738,-0.141813362906731,-0.00992954366166066,0.00626627421881881,0.821971724724401
-0.224918682602835,-0.131872834024205,-0.052084559907053,-0.492800663522063,-0.543860217717459,0.399232838685831,-5.29909243044739,0.462987821042361,-0.100062257459768,-0.0112257992075104,0.00981213103749223,0.812423147615479
-0.226091341482853,-0.130771520708493,-0.0514474313557114,-0.491950042764666,-0.544014580293521,0.399265653311535,-4.24907323605373,0.183476337834236,-0.162360335727328,-0.00786022214131821,0.00758386635144104,0.853281146319412
-0.227191560128827,-0.129813956325735,-0.0509271240742268,-0.491172176556531,-0.544317523522881,0.399465305793582,-5.50510449492884,0.0483373968502292,-0.186998655877659,-0.0133728374588862,0.00570402656052194,0.810212797274232
-0.228197761699318,-0.129047079239152,-0.0505583100000895,-0.490502335570849,-0.544769383077263,0.399810513837876,-4.50670151020341,0.0227147589980632,-0.23780736236111,-0.00999105195747685,0.00772961322606736,0.84998436213457
-0.229092395318876,-0.128510537138418,-0.0503690572210322,-0.489975131936073,-0.545361244291711,0.400269391166644,-5.01056345228528,-0.0100694508985271,-0.108972473301492,-0.00915719376067603,0.00741833712872586,0.832909448450964
-0.229871789845501,-0.128237580876844,-0.0503795182859799,-0.489624974088438,-0.546068584990599,0.400802108602274,-5.32759125377578,-0.274255959975335,-0.0362943398112918,-0.0125167861898294,0.00747481604684658,0.830159684600936
-0.230546126577028,-0.128212387438941,-0.05057242296947,-0.489456550151159,-0.546848240946987,0.40135345430101,-4.2779346111555,0.0324344695166019,-0.0873586672800286,-0.00880252310361662,0.00379869115385428,0.860303499195525
-0.231125282268514,-0.128418683617218,-0.0509307006777953,-0.489474184201559,-0.54766074573145,0.401875033272112,-5.52532895558284,-0.0634599933855498,-0.152807536651522,-0.0124880573746244,0.00565287903979173,0.810380015280526
-0.231632876888438,-0.128810495754092,-0.051413530970629,-0.489661845503089,-0.54845781350156,0.402317926871966,-4.51670914964734,0.383321402291585,-0.0523266020455537,-0.00800164246511015,0.00630716984321972,0.857519875712868
-0.232102033249302,-0.129321449980043,-0.0519637428690352,-0.489988036274729,-0.549188725312867,0.402639926807655,-5.07034993596619,0.315506103840562,0.00908532507926907,-0.0105954424306036,0.0074585251364413,0.841848556662073
-0.232563788851806,-0.129882614529991,-0.0525237651618871,-0.49041504794732,-0.549812582222999,0.402812162594151,-5.38103758238213,-0.151014172166015,0.00909359890178507,-0.0144336775743752,0.0066079190224192,0.828900115396684
-0.233049453521331,-0.130403916935341,-0.053022110213272,-0.490885768451811,-0.550297504718491,0.40281900632219,-4.33837923260569,-0.216604158819109,-0.0880516006947403,-0.010298825531649,0.0067093975874491,0.873104668435768
-0.23358618889105,-0.130811709414248,-0.0534004242264277,-0.491348533881295,-0.550624299077831,0.402660874237671,-5.75030636616998,-0.244741736597689,0.0196647954533091,-0.0166601711571506,0.00787733498157817,0.837117427055066
-0.234194655688608,-0.131039153823987,-0.0536080810131088,-0.491750941204949,-0.550787584184295,0.40235146569049,-4.50399279863808,-0.144961832337458,-0.101344767169365,-0.0127875866979457,0.00671181824877393,0.886941393368891
-0.234885745687519,-0.131050232539794,-0.0536204185002822,-0.492053118508978,-0.550805822384438,0.401928826735551,-5.23308552813654,0.818584725258006,-0.0715155149620159,-0.0112568104162833,0.00656146998579454,0.8792165922207
-0.23565673294458,-0.130843367226857,-0.0534420052590978,-0.492234332804698,-0.550714161688686,0.401442136499196,-5.6021509628095,0.0247915536249366,-0.235647591666975,-0.0126868084890095,0.00505347124966021,0.878471360949883
-0.236497432421271,-0.130434268398438,-0.0530909503340611,-0.492284643228809,-0.550554010593235,0.400942806923229,-4.57423865510111,0.265878777823673,-0.0880970126375473,-0.00900315384761274,0.00465770652172581,0.921243495794287
-0.237387177955763,-0.129866149953249,-0.0526079542644449,-0.492210955996474,-0.550379553848471,0.400490281232804,-6.07531150334802,0.253280021445789,-0.160506574722206,-0.0111521153161696,0.00704325991361926,0.87881854306912
-0.238304103324394,-0.129198951151763,-0.0520464534018259,-0.492033867763926,-0.550244179382675,0.40013796923338,-5.01703050906684,0.596713828621887,0.0249686303024248,-0.00994117007590534,0.00609151101369282,0.921560418706075
-0.239223508414934,-0.128515060063224,-0.0514751330595171,-0.491792558189698,-0.550199289191541,0.399934606210466,-5.38955594073059,-0.174363493428473,-0.0761202087632569,-0.00915015425246946,0.00784887518975341,0.906038126456736
-0.240119148406798,-0.127896723051278,-0.0509619520886235,-0.491531721657943,-0.550288399327623,0.399915739120358,-5.64669439790924,-0.212201546659117,-0.152333341626274,-0.0115287716207533,0.0104262985438787,0.903408818708144
-0.240973649740378,-0.127418262807486,-0.0505653204066649,-0.491297318714239,-0.550539771642054,0.40010195955156,-4.72245721972837,0.345734500411936,-0.224917794332043,-0.00792308283446541,0.00456539070348405,0.944548673874475
-0.241781637945649,-0.127128005914787,-0.0503195730154491,-0.491127681313361,-0.550953787082167,0.400486129357603,-6.10008375124886,0.632294922142364,-0.18446752546717,-0.0101256653171444,0.00600338122008176,0.899867315480504
-0.242543734769515,-0.127054528140905,-0.0502419069819315,-0.49105330974806,-0.55151556235055,0.401044691085379,-5.02681746410406,0.549139140369334,-0.114476790695534,-0.00921894706163062,0.00481971878868231,0.948902525532807
-0.243262932540997,-0.127218131595233,-0.0503418234292512,-0.491102642557956,-0.552205896829352,0.401750248637013,-5.5975287386301,-0.0170740870457848,-0.115776301750799,-0.00944085834793329,0.00513581669880298,0.928916184827618
-0.243961086972026,-0.127591990700522,-0.050589883350018,-0.491279493349445,-0.552973681573266,0.402548829584915,-5.82515471466809,-0.669907154685006,-0.114898619663307,-0.0115429662928022,0.00833767824086235,0.92036370208427
-0.24465328921718,-0.128138318169597,-0.0509501063832276,-0.491579687798559,-0.553770240297139,0.403385252298161,-4.87676622189554,-0.216684531174678,0.0163993851524538,-0.0109095519682114,0.00548652133397787,0.963091703920854
-0.245361538599031,-0.128802955399623,-0.0513731314838088,-0.491987075712455,-0.554542610290779,0.404205178358289,-6.27579043746488,0.634581359604908,-0.179879559697781,-0.0100346937950602,0.00626209083077489,0.921503953957631
-0.246104018974516,-0.129520949096325,-0.0518044045261996,-0.492473327889082,-0.555244800787273,0.404960505078537,-5.10708453191967,0.202528662141731,-0.201057130644728,-0.0103058982704574,0.0073809029788055,0.965965647356681
-0.24688928067619,-0.130243258020471,-0.0522048194251832,-0.493015471938773,-0.555846885363785,0.405618400483049,-5.52325879753261,0.173630248180189,-0.0751211551125834,-0.0111657585479263,0.00762303684638171,0.947588114885241
-0.247722775634124,-0.130923893805065,-0.0525403716641442,-0.493586293258852,-0.556329630173297,0.406157915258007,-5.92385550866175,0.253352003678629,-0.0606436206340959,-0.00967872745518239,0.00626463065582716,0.943998380254544
-0.248599035749668,-0.131522989101781,-0.0527867278228331,-0.494155116781085,-0.556693074289946,0.406574951075789,-4.93770251542804,-0.0010484481522326,-0.17326443875001,-0.00876152390613605,0.00148185091613501,0.988384652964153
-0.249506113373628,-0.132029428337669,-0.0529432835707919,-0.494702732659228,-0.556958016630483,0.406887260436194,-6.31650931588757,-0.170645477694961,-0.14893136765852,-0.00993783672976134,0.00682966971788418,0.945843962871918
-0.250428140247121,-0.132449208548834,-0.0530234441430906,-0.495215735361529,-0.557158643107328,0.407127498840948,-5.03742420603487,-0.0955925333098548,-0.171506190552293,-0.0106422139190738,0.00652778602028875,0.993567363110688
-0.251345425707682,-0.132802048579797,-0.0530523565390728,-0.495685783917489,-0.557342700106023,0.407341739747401,-5.71444135063211,0.24401853512245,-0.163081377911055,-0.00927173320728425,0.00551984046155368,0.973858404253844
-0.252239500223985,-0.133125399687609,-0.0530666965963911,-0.496114965592312,-0.557562781645563,0.40758353247303,-6.03752315324908,0.0103258433796327,-0.132136131020189,-0.0102379666618888,0.00823954784767039,0.970922818765347
-0.253098074897829,-0.133436531617748,-0.0530860141691161,-0.496494620869402,-0.557862193402958,0.407897704783381,-5.00763382951789,-0.236065245455165,-0.198458298035973,-0.00601585492529821,0.00531229474035411,1.01024806868228
-0.253906320237407,-0.133769765617106,-0.053141199212176,-0.496829421679025,-0.558285507525929,0.408328729066267,-6.45868749625583,-0.0544598239575862,-0.181382665749851,-0.00869295119219293,0.00853913051730365,0.960168842666522
-0.254667372944232,-0.134151015942831,-0.0532509261490024,-0.497124787436307,-0.558856091840347,0.408905847706099,-5.27311524916502,0.440625682671907,-0.0469471082731161,-0.00507507766724169,0.00653981623198419,1.01045662419726
-0.255388466217288,-0.134599283990398,-0.0534257924502266,-0.497388674093025,-0.559583331547353,0.40964270412502,-5.82011008804,0.16696027382045,-0.0478436190579146,-0.00542628862710259,0.00336736128680187,0.994238031869498
-0.256077098314803,-0.135101952342884,-0.0536524320700937,-0.497615378983357,-0.56046133055948,0.410533124271311,-6.26064725079567,0.285484736207536,-0.102132013141869,-0.00752920115685685,0.00611463208182028,0.983581307892609
-0.256747690803739,-0.135649569246452,-0.0539174582813944,-0.497809020151699,-0.561467722516923,0.411554482825628,-5.21661419101395,-0.111649109627251,-0.159200433965111,-0.00421657404789766,0.00450904730338614,1.02483151240868
-0.257420187303542,-0.13621685925139,-0.0541938906925643,-0.497969509838826,-0.56256158541421,0.412665428562019,-6.54456394729846,0.0159107199992832,-0.171065344898125,-0.00605264632123514,0.00616655566878965,0.985448075603095
-0.258109408241258,-0.136782790536941,-0.0544598640245981,-0.498103423392473,-0.563702430489463,0.413821436311601,-5.45955469051239,0.598310867877899,-0.0909859213754771,-0.00322553501142409,0.00725247557304115,1.03291636182806
-0.258828782465589,-0.137313757076998,-0.0546865613801037,-0.498211796948261,-0.56483959681845,0.41496427855035,-6.06691974200555,-0.112650871268215,-0.101133394004506,-0.00601499370539393,0.00870349796743658,1.01056288214169
-0.259588287244429,-0.13778271489102,-0.054853473836517,-0.49829870163053,-0.565928236737677,0.416040591167071,-6.39270644853724,-0.156854577601052,-0.176202518237432,-0.00791433842313038,0.00812984506768022,1.01099395725737
-0.260388560725461,-0.138178120563089,-0.0549547934820676,-0.49837594802952,-0.566935052784845,0.417008022123736,-5.24608125578868,0.38627923870763,-0.00817489747566924,-0.0026142238743323,0.00527351995898062,1.05421183910605
-0.261226240705838,-0.138491945749165,-0.0549899753809815,-0.498454409137721,-0.567832552385781,0.417829394019785,-6.71537576779798,0.326224263370023,-0.0999000998863551,-0.00818410071875864,0.00787610020129159,1.00864887530318
-0.262097954866785,-0.138717541450487,-0.0549610094737349,-0.498540424138776,-0.568602915652253,0.418481529912755,-5.57138690381169,0.114775382868629,-0.124628341677209,-0.00670889403467845,0.00730056547886337,1.05761620394462
-0.262992653288421,-0.138858940282581,-0.0548805637151804,-0.498641107781687,-0.569243279165779,0.418956156785097,-6.19862698957837,-0.0917262133141321,-0.1085642361586,-0.00427305024998637,0.00873339475677809,1.04013248381283
-0.263900148466379,-0.138926206145189,-0.0547654294751776,-0.49876158949046,-0.569760420906925,0.41925883199581,-6.54305464141481,0.549555206670902,-0.171031914051213,-0.0105257251380482,0.00724698960347847,1.03670032372968
-0.264809724178928,-0.138928522953125,-0.0546321824534701,-0.498899982130646,-0.570172520554898,0.419410809052028,-5.59606831309401,0.713352784733843,0.0294603103096165,-0.0065375240215646,0.00586196670571409,1.07767598958781
-0.265704612348392,-0.138885642408065,-0.0545046491156473,-0.499057551161348,-0.570511176006842,0.4194463216663,-6.87243518310839,-0.16054197288895,-0.155867743691289,-0.00861868211604921,0.0082914056617448,1.03349957653489
-0.266578286842425,-0.138804792019291,-0.0543947329451051,-0.499224606746005,-0.570802310062059,0.419399628878121,-5.72146628551923,0.584948496247307,-0.0942931223942765,-0.00657401908625577,0.00840524641634843,1.08194578249671
-0.26742026573945,-0.138686288659623,-0.0543081871355393,-0.499384996744533,-0.571080624010455,0.419312062263543,-6.3629589131927,-0.0699873382732221,-0.143891640838405,-0.00627582830225304,0.00585414413173141,1.06379373969687
-0.268221442020969,-0.138543128583892,-0.0542568176799587,-0.499532218668479,-0.57137967560066,0.419224207293616,-6.57270595332932,-0.00859463354208856,-0.22684838287347,-0.00653722149811564,0.00753036939417995,1.05258217140882
-0.268975405968052,-0.138374719413505,-0.0542406391693226,-0.499652873664653,-0.571728165968157,0.41917037615781,-5.61311054706863,-0.440510938398575,-0.105872462369234,-0.00663481737888816,0.00692138315234225,1.09117844397834
-0.26967222854995,-0.138191499857202,-0.0542670066989177,-0.49974222836568,-0.572158129941739,0.419185774662975,-7.12343107639794,0.00186607468845068,-0.0562388372512999,-0.00983393647960007,0.0110177679587335,1.05319177390114
-0.270306402972913,-0.138004100098015,-0.0543403213833251,-0.49980032393776,-0.572691821573006,0.419293731826451,-5.97687964977132,-0.141617777457668,-0.000110411928858412,-0.00345521800586646,0.00814876006299664,1.10823108106554
-0.270873845198661,-0.137833967785952,-0.0544720296259567,-0.499838046550426,-0.573346955422307,0.419512166508902,-6.6089806721119,0.237472851335951,0.002908216401039,-0.0042971070816904,0.0112021000722956,1.08491924923034
-0.271369285013264,-0.137709496163968,-0.0546783499780403,-0.499874029592311,-0.574137177651049,0.41985060383164,-6.72229432000023,0.388922513821626,-0.0248408687952519,-0.00443547324572835,0.00846974005138662,1.07791541175113
-0.271791734585556,-0.137652552400048,-0.0549704381191132,-0.499925000598213,-0.575066723053876,0.420309054943494,-5.78744666020583,0.53163747553981,-0.0809172482485963,-0.00329371042714843,0.00658034598346763,1.12135022728651
-0.272143706085923,-0.137705073239028,-0.0553727647814444,-0.500022628901693,-0.576136957697436,0.420886841826301,-7.24553411916867,0.196077561505717,-0.0513207253447376,-0.00569290332307659,0.0128529000640117,1.07645978481042
-0.272435141883366,-0.137894656660082,-0.0558984958471567,-0.500191210561921,-0.577335840797627,0.421570899251981,-6.04375322646831,0.138304709977774,-0.0662597775152847,-0.00246169710369371,0.0100548961626364,1.11745188870799
-0.272682352605552,-0.138232958578042,-0.0565484046735967,-0.500443573066216,-0.578642118645626,0.422341246734003,-6.51372497541854,0.218439391458332,-0.0630261887315839,-0.00431070402956424,0.00611768146167696,1.10541261980972
-0.272903685475521,-0.138739253763736,-0.0573298366775672,-0.500796740269005,-0.580035751960036,0.423182666497766,-6.89198196553502,0.331048978411218,-0.0891934144403592,-0.00512602387301886,0.00995520753264995,1.09969356213113
-0.27312912865107,-0.139403435705458,-0.0582260071598941,-0.501249364457511,-0.581478902872127,0.424067360898499,-6.03020744282253,0.0975184670739964,-0.102878656247896,-0.00344521113546437,0.0103021042927078,1.14368374767673
-0.273387224212597,-0.140207380477788,-0.0592146705321934,-0.501793985918611,-0.582933976645348,0.424969056098696,-7.26035406961995,0.0719823557847121,-0.179880141525672,-0.00672555379741224,0.0085021299098042,1.10012835822131
-0.273709800328973,-0.141098319802276,-0.0602492449383625,-0.502400021091874,-0.584355343933535,0.42585442908946,-6.09390639639321,-0.486521267879198,-0.257103548277172,-0.00858500292374842,0.00776164340834984,1.14864846022112
-0.274126452765358,-0.142022468713082,-0.0612835056731389,-0.503033622072147,-0.585703566577956,0.426697642073245,-6.77652463494235,0.38438196939137,-0.0594469853579653,-0.00612668690965412,0.00868248746627803,1.12760229891889
-0.274659971789731,-0.142913777963876,-0.0622644398663421,-0.503652864794601,-0.586942507019435,0.427473120305393,-7.03216157869889,0.0986638297194986,-0.105564374498329,-0.00597631941106158,0.0102289106417651,1.11956227022887
-0.275331131060425,-0.143699057819729,-0.0631332865699914,-0.504212043849354,-0.588036543635721,0.428155555190768,-6.07522179808245,-0.167284534777764,-0.00305361060392784,-0.00675866467770492,0.00656793391985261,1.1599257034997
-0.276152161020943,-0.144300746162055,-0.0638307137347336,-0.504662994725276,-0.588955089204368,0.428719442633438,-7.4098683539118,0.0173056942544463,-0.29272948482793,-0.00741358914054402,0.0106664659192811,1.12018556327037
-0.277123173689943,-0.144661099840427,-0.06431459153838,-0.504968100575713,-0.589685777241009,0.429153098715123,-6.17300805755627,0.43952042406454,-0.0862254088104066,-0.0055427144159288,0.0110212385624964,1.16565160962674
-0.278232676214168,-0.144744880274073,-0.064560673515734,-0.505105302789255,-0.590226881667136,0.429448127963958,-6.77366011896015,-0.392112073204771,-0.00138444490187339,-0.00265628000691009,0.00998629313810506,1.14892785664778
-0.279470470907159,-0.144523465574596,-0.0645487908629616,-0.505057915810013,-0.59057880927008,0.429599147610065,-6.99161018876879,-0.354881150601614,-0.103895229020793,-0.00550746547796432,0.00714929636676659,1.14048410683653
-0.280809894058414,-0.143997303332943,-0.0642842050082812,-0.504826777868447,-0.59075979902713,0.429609057338308,-6.20722718514025,-0.252937527359336,-0.105455491365944,-0.00349463657314164,0.00764868745009772,1.18133585308342
-0.282219309411888,-0.143196345689861,-0.063793596885408,-0.504430788566005,-0.590797613425542,0.429488043935114,-7.48583739846816,0.0488955469852499,-0.049910992046307,-0.00712555481929744,0.0106392563029562,1.14323971903067
-0.28367181794386,-0.142158815178985,-0.0631081147448307,-0.503893069656882,-0.590720155930738,0.429249073047027,-6.35081796777951,0.506566861795363,-0.0498997791695501,-0.00570848098964438,0.00676608483260277,1.18805723015414
-0.285134678314543,-0.140948044222934,-0.0622776198482489,-0.503253034638612,-0.590562034888205,0.428908602041256,-6.95583485831327,0.358081055559751,-0.157647676934886,-0.00410685993572724,0.0066212029633832,1.16428026972036
-0.286582542774451,-0.139627006710731,-0.0613507667578468,-0.502548158623386,-0.590354286238947,0.428483803372825,-7.20734051311308,0.222460469405178,-0.064303610685414,-0.00505032578463371,0.00854025191465396,1.1628694161565
-0.287990056869171,-0.138268716395396,-0.0603832517036444,-0.501823047557748,-0.590129034474001,0.427994134809183,-6.24296832349773,0.117192169791679,-0.219205578635552,-0.00396485570305893,0.00432425021979616,1.20238541464512
-0.289334029450486,-0.136950904183961,-0.0594341167221544,-0.501123741269256,-0.589914988739548,0.42745798716093,-7.55404514071955,0.014455021364256,-0.210915176992529,-0.00726449023675979,0.00795307512385085,1.15724567902351
-0.29059704491156,-0.135743477515398,-0.058555167143965,-0.500491630108937,-0.589737749493919,0.42689574681191,-6.60520791079125,0.134346927276056,-0.017535780508581,-0.00407574573392777,0.0112940391602074,1.20729818687252
-0.291771504793144,-0.134699746430179,-0.057785055735426,-0.499956684197974,-0.589614432038663,0.426325742327211,-6.96848135944873,0.0148231732491695,-0.0645387724763111,-0.00644224355005552,0.0122942075551979,1.19805117575505
-0.292846464826016,-0.133882983642615,-0.0571710095311051,-0.499555884507433,-0.589563798588671,0.425767741104619,-7.47925187461743,-0.278014709472473,-0.0522214394802916,-0.00552798155564282,0.00679134340818699,1.18774112052461
-0.29381807803988,-0.133324314627387,-0.0567360073093655,-0.499306554125679,-0.589595969439926,0.425236734388966,-6.43101810450656,-0.306369844868868,-0.15215645707255,-0.00580406061610006,0.00576585471065105,1.22991592233791
-0.294681492986655,-0.133044826242795,-0.0564972181312311,-0.499220847393792,-0.589718084093241,0.424743786195416,-7.79654493146944,0.376564649387774,-0.104685938868869,-0.0112516908248748,0.0081729017394197,1.18651493097081
-0.295433858307528,-0.133055072330717,-0.0564645226528135,-0.499304347205352,-0.589936887006032,0.424298886236064,-6.49236867543988,0.0320656372350641,-0.150870653154442,-0.00630395786555349,0.0077290195139243,1.23961345114018
-0.296072292835781,-0.133362348159189,-0.0566460620946065,-0.49955995152907,-0.590260317575241,0.423914745537128,-7.17211250649257,0.125595443593966,-0.176727695008935,-0.00684999216192939,0.00913244081395553,1.21864984493202
-0.29660360345694,-0.133934006529909,-0.0570197986897987,-0.499964521600869,-0.590686911027524,0.423597203322071,-7.64961107087635,0.556885550657171,-0.227177470964847,-0.00854301406382607,0.00480166162185053,1.20887274943834
-0.297028886230624,-0.134737121830383,-0.0575643440040559,-0.500496160120188,-0.59121896181953,0.423350220372828,-6.65271729119365,-0.111366872925373,-0.0882931638385571,-0.0101614188210704,0.00594464884877699,1.25322376890446
-0.297357582201548,-0.135720076329937,-0.058242052677157,-0.501122861041726,-0.591846160298296,0.423167915374309,-7.99300548103372,-0.261629607742179,-0.109735268355479,-0.0112898188504751,0.00508113527495613,1.21038343606642
-0.297603386769866,-0.136819256223131,-0.0590051360457287,-0.501803998935228,-0.592556214892257,0.42304257026823,-6.75923170417371,-0.0725778565049495,0.0127553480626261,-0.00728469040144697,0.00875319944904873,1.25464608579045
-0.297785378657595,-0.137954552839493,-0.0597929876782437,-0.502488265181765,-0.593329654681247,0.42296044120754,-7.34061502332895,0.0582883871509239,0.00257103534511316,-0.00513402948170949,0.00976023964482486,1.24240234393185
-0.297922946532444,-0.139043054695282,-0.06054383110686,-0.503122802226739,-0.594147051482185,0.422905840621058,-7.57321635309091,0.179076034879699,-0.0871058447035864,-0.00788987698849963,0.00973749606824587,1.23385005043813
-0.298041961375094,-0.139998644145692,-0.0611904180594083,-0.503653055953089,-0.594981659318713,0.422860381432962,-6.73114566687724,-0.0311319115212427,-0.0577977562134322,-0.00672016012625321,0.00639714271950226,1.27489278654598
-0.298168163892694,-0.140750704877049,-0.0616767367655899,-0.50403667216574,-0.595805051066303,0.422803233866719,-7.92315281577646,-0.229884453039858,-0.110476088263994,-0.0103074614845782,0.00649983373237184,1.23578179781528
-0.298331683656397,-0.141230258127978,-0.0619471635203168,-0.504232850966889,-0.596582012323272,0.422709711643478,-7.1288430527697,-0.400336639616398,-0.161713342504584,-0.00636931955820152,0.00516518653497033,1.28535177421965
-0.298558040042295,-0.141394106282307,-0.061967136646093,-0.504216968993664,-0.597285562578465,0.422562359096991,-7.45479621113924,-0.215469705005034,0.00657303920468166,-0.00827300075002801,0.00825764616773467,1.26466144478183
-0.298870232307033,-0.14122813293161,-0.0617238680736933,-0.503984923520201,-0.59789106789866,0.422345882711534,-7.80600800076911,-0.0702201065250847,-0.19662824148088,-0.00782565248578715,0.00675040964339102,1.26038547090584
-0.29929019293196,-0.140736829446849,-0.0612200337542821,-0.503544816254617,-0.598377377483652,0.422049017424201,-6.71784331703611,0.446579272767394,-0.138083116659118,-0.00574917177196932,0.00617578648253508,1.30650751033088
-0.299822616683726,-0.139965107152854,-0.0604920437222296,-0.502929647616503,-0.598743295526503,0.421674595678094,-8.10886746333051,-0.488292774913589,0.0417087092145891,-0.00991056551320746,0.00800145167787369,1.25902228282498
-0.300471923971269,-0.13898689484919,-0.0595986559953985,-0.502192721260989,-0.598990798399,0.421228045050318,-6.95343762057973,-0.0781075416441581,-0.0291376217864467,-0.00848271366471165,0.00840640479525689,1.30816696642691
-0.301231769643878,-0.137886142483615,-0.0586091990456392,-0.50139254340726,-0.599133506808765,0.420720493987716,-7.61064254977538,0.491725662809131,-0.0493392528233869,-0.0107997944262723,0.00768028274374832,1.28718892246962
-0.302087713878456,-0.136766990793907,-0.0576095775073024,-0.500601249907376,-0.599193598658982,0.420166768562911,-7.8253039675642,0.474516802579728,-0.119089736894864,-0.0114052761072307,0.00796950136638636,1.27803996403452
-0.303014392354708,-0.135748757119727,-0.0566984838946507,-0.499900265498863,-0.599205855710773,0.419590044562194,-6.81202511076748,-0.25320174418971,-0.214826302640262,-0.0106955640066029,0.00429846051150989,1.31590938880187
-0.303985099557069,-0.134930059204639,-0.0559601344270126,-0.499355768436414,-0.599206928641396,0.419012489261034,-8.07046892906885,-0.0379865436621003,-0.063968183479858,-0.0118004211462917,0.00758921890558956,1.2824514952388
-0.304966368955576,-0.134401675302619,-0.0554729080178247,-0.499027957781029,-0.599239224963415,0.41845739115128,-7.10568201618531,-0.410506036444076,-0.100454556151334,-0.0118829225230273,0.00623181201210948,1.32843693586658
-0.305929293172297,-0.134226693645643,-0.0552934325945145,-0.498957907008631,-0.599337451284014,0.417942115907971,-7.60152806063604,-0.989366135540195,-0.177596345280733,-0.0113692882571632,0.00797106802647968,1.30696553413626
-0.306841342292199,-0.134445925175417,-0.0554612912510353,-0.499170602051336,-0.599538512891366,0.417483466562061,-8.05308026086391,0.0136158154355144,-0.132165873533523,-0.0122523411666435,0.00950096724905758,1.30056141599959
-0.307673938042195,-0.135057757577228,-0.055982924598023,-0.499662048249346,-0.599870463425382,0.417090703857277,-6.98121119211339,0.232295583560926,-0.0261267085184897,-0.0129285581329799,0.00531884256116455,1.34792361989711
-0.308406605741491,-0.136028935241198,-0.0568390621696759,-0.500406484088359,-0.60034931642871,0.416764514520329,-8.39358266639954,0.575991159990053,-0.223797741591738,-0.0144041147528702,0.00840209535529246,1.29850101479759
-0.309029276443194,-0.137299958405199,-0.0579873040952206,-0.501359363021369,-0.60098069867289,0.4165023430231,-7.09483058214983,0.944246117461262,-0.0385475461397107,-0.0132145120742635,0.00960506582124754,1.35047600717902
-0.309544486870421,-0.13877990164463,-0.0593573734205748,-0.502454634111933,-0.601755230659229,0.416294869231323,-7.90672626119442,0.236469412295492,-0.166586795797144,-0.0125058301906571,0.00737028495851211,1.33188531213285
-0.309962541841376,-0.140354409940639,-0.0608600831182255,-0.503610455638387,-0.602651469677503,0.416125488637897,-8.05548369827602,0.227999970666588,-0.19683838628842,-0.0154837358681057,0.00952047232533698,1.323361619493
-0.310305643123368,-0.141904368286143,-0.0623995222072049,-0.504742067305704,-0.603638860580476,0.4159767417584,-7.21455239478729,0.318021240646658,-0.148053039292705,-0.0132819593300542,0.00667137363899956,1.35596578960947
-0.310602593047528,-0.143315979146721,-0.063880064644076,-0.505769452443084,-0.604678903218815,0.415829456967583,-8.52140862439472,0.459750361271517,-0.100861246392071,-0.0141078820090268,0.00842276159397465,1.32263637256743
-0.310887187688593,-0.144487770425279,-0.0652130639846018,-0.50662281086778,-0.605727916045576,0.415663372162669,-7.49499859851375,-0.0477337751228788,-0.174612523557727,-0.0116046802462555,0.00796726355690891,1.36620992975315
-0.311201999245804,-0.145327099296543,-0.0663142597345709,-0.507238427043475,-0.606737287132562,0.415459673579597,-7.72641823062446,-0.201639202388606,-0.214744409626263,-0.0107743885886094,0.0132588110963684,1.35087858262291
-0.311576683421816,-0.14577543238445,-0.0671262227400977,-0.507575275233305,-0.607672681306255,0.415207302572662,-8.35241091813799,-0.325790616893073,-0.183388056905471,-0.0144391759516371,0.00667363692645984,1.34485977188288
-0.312049974780487,-0.14579603189111,-0.0676046084820976,-0.507609843717932,-0.608495650686096,0.414897676960187,-7.32852027310201,-0.0695969083226373,-0.192769717129124,-0.0162007278072189,0.000938137416898965,1.38821563845436
-0.312646919985081,-0.145376677062305,-0.0677252132471187,-0.507337483887656,-0.60917528878743,0.414519651353085,-8.48958647038739,0.0877315732216175,-0.0832222586997204,-0.0132631485948371,0.00986406643097026,1.34313126199771
-0.313383796329976,-0.144537515603917,-0.0674905927429255,-0.506773962378305,-0.609699035484375,0.414075267921259,-7.41613551354277,0.517627018704616,-0.0301370230082512,-0.0102217649912677,0.00894334521125723,1.3944685290054
-0.314263010662019,-0.14332864336294,-0.0669281757860127,-0.505955377919488,-0.610066559257257,0.413569831725488,-7.98930413049942,0.391686514192315,-0.212305420481954,-0.0111904010802704,0.00675954364080916,1.37605863592725
-0.315280876786442,-0.141815566603396,-0.0660786284266639,-0.504928772356908,-0.610284751693831,0.413010309719279,-8.21890238407678,-0.212471494552346,-0.127531242309573,-0.015713721865612,0.00857299569938452,1.3692102169819
-0.316416307600456,-0.140085227926409,-0.0650035733306864,-0.503753547413053,-0.610380222752999,0.412412139023736,-7.35989514829726,0.385871979210378,-0.103749829600531,-0.0125565880975551,0.00557297877350277,1.40883143694079
-0.317634621709333,-0.138230766344493,-0.0637737826674705,-0.502494093713856,-0.610387435578427,0.411788369659544,-8.70225254605145,0.115077166670062,-0.068766113102015,-0.0153262734512851,0.00788416487483007,1.36332960974285
-0.318899910468542,-0.136344556543647,-0.0624611824155661,-0.501212340811472,-0.610345469258259,0.411154985635046,-7.607920653306,0.191711732365775,-0.0446210776624127,-0.0128697617838918,0.00954605792137686,1.41071206652042
-0.320166957554544,-0.134529526295649,-0.0611472190493136,-0.499975346241287,-0.610304620907649,0.410536058765472,-8.10170902905094,0.0785515506231604,-0.139871743249131,-0.0120085522266238,0.00638677264133874,1.40004791815358
-0.321390126679635,-0.132862484437851,-0.0598966627869781,-0.498833041627062,-0.610309557358062,0.409948649570938,-8.34828677422098,0.327545479280843,-0.184263817096905,-0.0165795567801825,0.00901511613246692,1.39258527722199
-0.322524070917524,-0.131423774542193,-0.0587782349181802,-0.497836831381007,-0.610410395591199,0.409417545444741,-7.48088529015359,0.146072804567666,-0.227614517223714,-0.0145005490049139,0.00376736640307662,1.43496883918089
-0.323532156237945,-0.130259761999836,-0.057834236277081,-0.497014789943098,-0.610640678717435,0.408957591846656,-8.86999300499298,-0.753222203039968,-0.286335201894417,-0.0190908749535246,0.0060637633217222,1.39260419635571
-0.324386120840772,-0.129396944234112,-0.0570905852603192,-0.496383381197289,-0.611024887925125,0.408580822459469,-7.70393126467974,-0.0107840072764702,-0.10063506051668,-0.0149966064937876,0.00721842961201702,1.44252424493847
-0.325073229596633,-0.128834840771451,-0.0565509871479295,-0.495939912756383,-0.611575102163665,0.408297721814741,-8.33826502190624,0.131342134856823,-0.158537879097508,-0.0151749446495306,0.00804070145321556,1.4167549364852
-0.325586537048265,-0.128565292537805,-0.0562132559423443,-0.495676041346381,-0.612298374568227,0.408119170396872,-8.41352948880319,-0.548406737955929,-0.134045834613204,-0.0145663336187636,0.00725507958485594,1.41261511179366
-0.325938223755297,-0.128549286376683,-0.0560479894292112,-0.495565290544468,-0.613179415807044,0.408044106217622,-7.59545474566266,-0.539541444145243,-0.172265037680631,-0.0114769348661787,0.00655074521681764,1.4544531709423
-0.326151263060948,-0.128735674972797,-0.0560157411673738,-0.495571681119839,-0.614194550052484,0.408069520052223,-8.95400082843196,-0.20056603286298,-0.21100237607007,-0.0172005171384035,0.00910188917078808,1.41123272605498
-0.326257801050605,-0.129067152249794,-0.0560718999402816,-0.495656901570042,-0.615310027980596,0.40818421408953,-7.89293612721934,-0.35283362199948,-0.130585694601422,-0.0105332979511923,0.00598746459735011,1.45385749640177
-0.326291232331063,-0.129487427552079,-0.0561726343798554,-0.495783588896374,-0.616490176031662,0.408374561340943,-8.41016071515224,0.456206760492023,-0.106994811790855,-0.014802896402784,0.0110026863997305,1.44479200890754
-0.326290385057938,-0.129943058947326,-0.0562765314995901,-0.495916391597001,-0.617697788304607,0.408626651447959,-8.81942318143439,0.300216369553254,-0.131325657019573,-0.0170462201448287,0.00836108000611713,1.44022827748233
-0.326290476084537,-0.130395307609526,-0.0563550735370839,-0.496029547598222,-0.618901505684753,0.408926476481695,-7.62372487570843,-0.407981285396772,-0.119524833252513,-0.0130588287944504,0.00813323864681015,1.48225236881239
-0.326320043309986,-0.130819895704202,-0.0563919653466083,-0.496110164314329,-0.620071316673633,0.409255110882797,-9.22677771041697,-0.119289427591866,-0.21296499823822,-0.0147427329309262,0.00963604672796758,1.43639139781966
-0.326398198298065,-0.131218552089552,-0.0563917494933752,-0.496163019767649,-0.621189081603774,0.409598053542113,-8.15919270145571,0.16080482917755,-0.182777021622968,-0.0120799307250059,0.00657999216706401,1.48214025740117
-0.326534999846729,-0.131605148062285,-0.0563704072802598,-0.496202047936875,-0.62224572240538,0.409943778544755,-8.45033104636286,0.403723827047997,-0.115379712893628,-0.0138131019845384,0.00928657884805983,1.46832341195945
-0.326729615869357,-0.132003365033638,-0.0563542054743358,-0.496247516986881,-0.623243811687754,0.41028579486057,-8.87601570544979,0.00581238040308563,-0.132135517005821,-0.0154397487619611,0.0107045031160118,1.45945066076988
-0.326974291929891,-0.13243944576232,-0.0563709264803836,-0.496323110327028,-0.624190587277816,0.410617929280393,-7.82830555734989,-0.290362309313423,-0.164028655828758,-0.0133287263242288,0.00804367433669717,1.49731415071376
-0.327254722959522,-0.132945906626039,-0.0564538106206645,-0.496458231807894,-0.625100445283152,0.410938811113932,-9.1314599463812,-0.62041066624829,-0.0718428035969794,-0.0130329210788593,0.00572813519156506,1.45840779131948
-0.327553229972648,-0.133548351794404,-0.056630301262824,-0.496676487895559,-0.625988631520515,0.411247810087301,-8.22718064421645,0.602143077598157,-0.179615927326807,-0.0117492677319508,0.00891876713471373,1.50576090649663
-0.327857190546082,-0.134251173978585,-0.0569105176879403,-0.496988703508307,-0.626864434208402,0.411541833790606,-8.58376715825813,0.333121403922632,-0.160977311370544,-0.0123736503376355,0.0100652909204935,1.48647441154377
-0.328157128155801,-0.135041767972729,-0.0572898986012051,-0.497393827180259,-0.627734384024724,0.411818707518312,-9.10943405822826,0.472703445694378,-0.245521776728197,-0.0142175767127957,0.00988261744455504,1.48246666955793
-0.328454808526633,-0.135878671175598,-0.0577395862093624,-0.497869397435144,-0.628593857929789,0.41207198865854,-8.03950883939001,-0.381938390015193,-0.227022467315436,-0.00996586639853669,0.00710961325015508,1.52167765278406
-0.328757481295292,-0.136703448601748,-0.0582175133236262,-0.498379708373721,-0.629432704889082,0.412294060029532,-9.20189163141202,-0.468797130402663,-0.179323923818316,-0.0152793908283795,0.00506258843925944,1.47952819957663
-0.329082411342259,-0.137449579918127,-0.0586736362115394,-0.498882072709466,-0.630235108420974,0.412478869539894,-8.06585437770451,0.0841628501154901,-0.236057066135288,-0.013763466718125,0.00767747823449716,1.52309397472039
-0.329459769208774,-0.138033084425932,-0.0590419540813625,-0.499321934701178,-0.63096926343548,0.412608642738318,-8.72227664912003,-0.237914918864817,-0.179075607672416,-0.0137336520846074,0.00863510056457845,1.50550915613429
-0.329921684010804,-0.138370986206525,-0.0592577955852649,-0.499641651259738,-0.631604323919279,0.41266879990924,-8.97665988384909,0.351094531967874,-0.0919862757590408,-0.015274296481866,0.0105020892929097,1.49603271617662
-0.3304980010431,-0.138411417895227,-0.0592799687386321,-0.499803323773932,-0.632115343955434,0.41265230768736,-8.08875672999295,-0.412268935707289,-0.183788374848007,-0.0114593079898095,0.00785061648835128,1.53363414116985
-0.331227406172616,-0.138096596756313,-0.0590615670513694,-0.499766710989028,-0.632463156407071,0.412539409190059,-9.4226894682219,0.440650729025492,-0.146164657732783,-0.0128586677166607,0.00737118562233996,1.49613564106185
-0.332130146588462,-0.137417478397094,-0.0585955542453305,-0.499522386895877,-0.632631191248952,0.412325167804941,-8.31920097836303,0.144085227984078,-0.297253953582839,-0.0112828757163879,0.00598508702762357,1.5463866837067
-0.333220624716096,-0.136387201153209,-0.0578914251711868,-0.499076248433839,-0.632605775971587,0.412003643541386,-8.78600495185674,-0.393946906926658,-0.242313878728339,-0.0134280361642913,0.00758600043142243,1.53256772429402
-0.334498828421007,-0.135061926377787,-0.0569936705365848,-0.498463158211368,-0.63238726780751,0.411576949207477,-9.11982914197642,0.249136425474489,-0.0446540264630926,-0.0124634508144967,0.00984608069651677,1.52361883158187
-0.335946384894153,-0.133531351494294,-0.0559734175103768,-0.497740736494813,-0.63199604067205,0.411059065323757,-8.20408947656978,-0.461296995135626,-0.142841283144321,-0.0106989872648255,0.0108910361323536,1.56470929233223
-0.33753551753028,-0.131894140687806,-0.0549098402472761,-0.49697383361644,-0.63145634423693,0.410461492778073,-9.5559635113691,-1.02803328409163,-0.133456616601052,-0.0151699222428037,0.0116094375980946,1.52459981523763
-0.339226656805294,-0.130262090155934,-0.0538933192502857,-0.49623539963675,-0.630803943857518,0.409801249268197,-8.38340072811206,0.358343992147411,-0.0681165568531412,-0.0140068107697968,0.00622008078360853,1.57075597634731
-0.340970441058645,-0.12875482535163,-0.0530192521776989,-0.49560218445439,-0.630088889998104,0.409107760579897,-8.91270742455902,-0.21422195178252,-0.00227554261272189,-0.01386867216454,0.00984575512052432,1.55484985727578
-0.342710471976368,-0.127470415852662,-0.0523683802981481,-0.495134139263821,-0.629365763839113,0.408410435552941,-9.40761813915765,0.455297929962398,-0.142543432777785,-0.0118567583100497,0.00855696421410979,1.55049383785704
-0.344396256528634,-0.126480102428834,-0.0519996597188044,-0.494873579943429,-0.628681644685825,0.407733333772688,-8.37280281477126,0.530855610404842,-0.0393157529528878,-0.00845916355305087,0.00703966028036579,1.59990982299197
-0.345976159458285,-0.125845942351539,-0.0519634301397873,-0.494852900735415,-0.628092327060318,0.407111171522548,-9.53997377316006,0.00412249576925205,-0.154374647798704,-0.0144004136737172,0.0107076931337929,1.55635244481812
-0.347408698475562,-0.12559047479815,-0.0522771465090437,-0.495078056271065,-0.627640788666631,0.406569406876756,-8.59010437262361,0.476211776817536,-0.0317580943641644,-0.00915714292540226,0.00937691001791036,1.59630802196819
-0.348672845211051,-0.125689673190627,-0.0529190310250029,-0.49552421606,-0.627348315794493,0.406121611318467,-9.24586080375735,-0.198612487572973,-0.069081103103656,-0.0117049278493977,0.00955951753130285,1.58460146591961
-0.349753881999197,-0.126103712815432,-0.0538540384048969,-0.496154262919223,-0.627230310670641,0.405777000281887,-9.40275252560554,-0.0434885909646709,-0.0761436871426611,-0.0130398317793268,0.00943892768345084,1.57934973455643
-0.350656975902528,-0.126764736300123,-0.0550209639131205,-0.496914179353997,-0.627285643381016,0.405538856439397,-8.44297723480037,-0.267549675746977,-0.212797308281921,-0.0112932111718718,0.0085734050190901,1.61942951114198
-0.351402064358407,-0.127591772075689,-0.0563444708155154,-0.497744558250127,-0.627493967755771,0.405397737496787,-9.95277837791411,-0.540215434042466,-0.152515027010168,-0.0130160484126023,0.00798594027299881,1.57531040982251
-0.352020849700292,-0.128495710979138,-0.057740798150111,-0.498583394591646,-0.627820712884285,0.405333224855817,-8.7535483497046,-0.831767998319492,-0.147312360377725,-0.00992612163154671,0.00885995038315796,1.62431482751201
-0.352551249979025,-0.129391189852388,-0.0591277103527574,-0.499374389285413,-0.628223801160329,0.405318860214096,-9.28685996904903,-0.145509712917146,-0.148739797536109,-0.0105461103037516,0.0109167800719779,1.60636186646448
-0.353037760003571,-0.130194817912395,-0.0604237374215848,-0.500065775045032,-0.62865069821016,0.405320051146323,-9.69695518941899,0.34320470607895,-0.17465308857274,-0.0125503418405986,0.0104746047092817,1.599236229968
-0.353518323042973,-0.130857229430466,-0.061574334686787,-0.500629414228637,-0.62905955576666,0.405310353959333,-8.78379858072685,0.17657976234841,-0.244290980880152,-0.012645219790357,0.0112215371813311,1.64245113738404
-0.354023543926379,-0.131344397616253,-0.0625391961968642,-0.501049174446902,-0.629413878214814,0.405264933259983,-10.08746310096,-0.386557184648382,-0.202007180047019,-0.0165807993282421,0.0111412872543549,1.60212553927845
-0.354574813875359,-0.131631812483031,-0.0632898144634995,-0.501315679355772,-0.629685591666838,0.405161390137669,-8.73531451567118,-0.236674122091017,-0.315932707063041,-0.0124140970221167,0.00856140975294351,1.64859414150402
-0.355181039142752,-0.131730330935937,-0.0638284524712607,-0.501440804579714,-0.629865811400087,0.404992349185515,-9.39429754471956,0.427232452236694,-0.238343809519023,-0.0108888164168675,0.00848577264767858,1.63352191917905
-0.355839484158654,-0.131655439814482,-0.0641653902023998,-0.501435346909013,-0.629959126495768,0.404759901210679,-9.80545737037505,-0.0347232312708456,-0.242272262508919,-0.0117689465896098,0.00935924557437479,1.62323621428844
-0.356527124590041,-0.13146139149923,-0.0643466159585879,-0.501331180503385,-0.630001018578009,0.404491081214679,-8.83307001975606,0.209979208366349,-0.0792204727588057,-0.0144423392687272,0.00449466815340055,1.66562064140161
-0.357209333397808,-0.131189439731152,-0.0644131997649484,-0.501149900701759,-0.630031923716841,0.40421164300943,-10.0487348174597,-0.168465968908777,-0.0367924388451115,-0.0154242224436643,0.00900845017893953,1.62343236952794
-0.357856731330237,-0.13087845216653,-0.0644045955301511,-0.500909259935794,-0.630091313397519,0.40395074765117,-8.86869217954302,-0.209870589555976,-0.116113108223487,-0.00901973893644614,0.00953101331216999,1.665969692395
-0.358437360241178,-0.130564015497178,-0.0643584363071654,-0.50062285945448,-0.630222501581302,0.403741828118123,-9.5080129362247,-0.00942547089289292,-0.250271359693585,-0.0114823868651057,0.0102254858312448,1.65117295885759
-0.358917050370898,-0.130286130652979,-0.0643173713685148,-0.500307017916392,-0.630469168095284,0.403618446294382,-9.91922278839309,-0.171578618688045,-0.185778662299043,-0.012166532971162,0.0128073914305212,1.65196109808338
-0.359278511524317,-0.130072368482342,-0.0643093698239399,-0.499972858963559,-0.630856494002954,0.403604738873028,-8.80980414176037,-0.271750069318841,-0.199193036187353,-0.00886412810268133,0.00853740005953108,1.68463718262465
-0.359517742566481,-0.12992962900653,-0.064343332641037,-0.499620332131936,-0.631392837420482,0.403713093574626,-10.2640689064095,-0.367718978613311,-0.236650455149288,-0.0152949563621632,0.0115247417248378,1.64445829280672
-0.359643768772122,-0.129867736986824,-0.0644254587224886,-0.499257386670292,-0.632068190171773,0.4039419276258,-9.19916508183798,0.0883957912401456,-0.237980945092318,-0.0107432254105695,0.00479825730997613,1.69408931793214
-0.359685682412178,-0.129881623592372,-0.064545105288226,-0.498887899703175,-0.632848942357724,0.404274818963857,-9.70311334225528,0.0782026405638589,-0.0993665593256594,-0.0118128481022231,0.00854249478935487,1.68038145448229
-0.359682571253941,-0.129956730268468,-0.0646806090410914,-0.49851573465913,-0.633686914121146,0.404682120264373,-10.0065757926728,-0.0229793013668314,-0.0560531806001165,-0.0151787640468455,0.00973339503433085,1.66976647148456
-0.359682171368268,-0.130081302751181,-0.0648098337552163,-0.498149795537244,-0.634526424064115,0.405130157324868,-9.00215623589656,0.090387586517636,-0.113456864226521,-0.012439521722055,0.00737568384977938,1.71185655495186
-0.359732322694326,-0.130245174751096,-0.0649118741998562,-0.497801998248928,-0.635311941240581,0.405582564745469,-10.3924793902098,-0.0921729939789202,-0.214005235003725,-0.0159219593316,0.00833244326873495,1.66824689177971
-0.35987691482418,-0.130448600904756,-0.064975001589975,-0.49749083873752,-0.635995355052297,0.406008197408841,-9.32783684187467,0.102896918596343,-0.113457528152139,-0.0125613675470357,0.00691083609876747,1.72116978186756
-0.360147811685444,-0.130699346533083,-0.064996193820946,-0.497238726678684,-0.636544035960314,0.406385151121689,-9.8466105406203,0.258222086271417,-0.136910253131902,-0.0125724799483349,0.00819435467343838,1.70787066318819
-0.360564185627417,-0.131001944855465,-0.064975629306381,-0.497060470061115,-0.636944159043314,0.406704420010894,-10.2797986393559,-0.462072205729555,-0.261098400444752,-0.0158810594474921,0.0100473378800884,1.69711447880206
-0.361130681938373,-0.131355786528615,-0.0649148745706942,-0.496962922665456,-0.637198861960227,0.406966782032313,-9.12639717913328,0.369196619866898,-0.142812989994837,-0.0132559931706631,0.00951335894641597,1.73988210072023
-0.361833567369041,-0.131761050019224,-0.0648232262773916,-0.4969483418062,-0.637332151325274,0.407185364184792,-10.3824548208828,-0.0883004625629837,-0.153052158215189,-0.0147838815675825,0.00883456840056301,1.69630121581315
-0.362644772800969,-0.132217858158099,-0.0647163721140347,-0.497011094191383,-0.637386045968217,0.407385897275426,-9.34038060718666,-0.436134452556189,-0.166961182014319,-0.0138178803390825,0.00660118438902396,1.73821946873342
-0.363526416139022,-0.132724051553623,-0.0646123387495414,-0.497140456603834,-0.637409194925085,0.407595579763588,-9.86547819425175,-0.141030326707551,-0.111344903480614,-0.01827733570288,0.00687381877676352,1.71947558775183
-0.36443866496837,-0.133252859595773,-0.0645142951321727,-0.497307357043589,-0.637449028041803,0.407838422581959,-10.1667965526825,-0.109999712408808,-0.0982814191934267,-0.0166155113581343,0.010243024065371,1.7190510974069
-0.365339559475208,-0.133767324865496,-0.0644194913027463,-0.497473649879138,-0.637549828278202,0.40813388412662,-9.20907754799003,-0.106013569650258,-0.0954872623051415,-0.0140815006726398,0.00649039378330202,1.75622416968846
-0.366193912728013,-0.134230977825284,-0.0643244005851562,-0.497603785783894,-0.637742501935213,0.408489905792145,-10.5020099549307,-0.109660966888441,-0.307264092780031,-0.0173337101832867,0.00753608230207348,1.71081641450793
-0.366974730088447,-0.134607878069163,-0.0642241733333986,-0.497664377879493,-0.638046926334498,0.408907145304927,-9.59661421722291,0.373013170283457,-0.237502396654463,-0.0150370228387247,0.00874212068661645,1.75797969903244
-0.367673053551355,-0.134861409440939,-0.0641079174310921,-0.497626644701368,-0.638460264347742,0.409370600944015,-9.94593142208538,-0.0637403833770804,-0.202644982033746,-0.0143080534258968,0.00795812118452377,1.7482305361725
-0.368291123777254,-0.134953449802814,-0.0639588068048145,-0.497465909019712,-0.638960757227115,0.409849876097007,-10.3977774735812,-0.0696580810235901,-0.175371782298129,-0.0214017684596461,0.006716909897444,1.7388716161371
-0.368832255732545,-0.134875994729625,-0.0637788174602467,-0.497179930151569,-0.639530110531407,0.410320731452461,-9.29859471078464,0.18541407689554,-0.212718595413804,-0.0182150441907933,0.0098708553570816,1.78574461421546
-0.369323058618594,-0.134617033134236,-0.0635588971321386,-0.496769051969116,-0.640125943894772,0.410745774147073,-10.8843876775204,-0.458913576362647,-0.156974693774373,-0.0187457043004118,0.00862412426575832,1.74012206374435
-0.369790083578683,-0.134192035471115,-0.0633066696043076,-0.496253659530065,-0.640710362964655,0.411094562097822,-9.65285315926121,0.0873804063221542,-0.217194177753129,-0.0151633704555159,0.00655932757951422,1.79010185145925
-0.370257184153902,-0.133626725741419,-0.0630334138622024,-0.495660122461881,-0.641254240468325,0.411347487261315,-10.3149217795637,0.422941549120424,-0.119377899846427,-0.0160677940454823,0.00882169457381826,1.77556598093589
-0.370747168939508,-0.132965137412623,-0.0627606536676864,-0.495025927030061,-0.641738090651689,0.411498242204208,-10.6348857247164,0.0788698052263044,-0.256351621614044,-0.0198398863921887,0.00741289485052637,1.76914515686986
-0.371275891290921,-0.132261340906843,-0.0625160801268207,-0.494393465441987,-0.642154355740378,0.411551224909544,-9.50677330304518,-0.671487090040955,-0.194361872707191,-0.0167131907286708,0.00630654710498202,1.80956337678826
-0.371855387418733,-0.131562858993687,-0.0623211227692884,-0.493798239765325,-0.642503968596057,0.411520535576421,-10.8274802065109,0.143279068181982,-0.242318604698937,-0.0186162857101042,0.00831339161467565,1.76621406354322
-0.372492610821161,-0.130917801599741,-0.0621964609294379,-0.493271729866433,-0.642798746408499,0.411432844550371,-9.63541108411846,0.131747853921979,-0.106039031874957,-0.01854408859518,0.00655992264016175,1.81218454659016
-0.373186971608697,-0.130364808778872,-0.0621564645664003,-0.492837848712898,-0.643057455635817,0.411318355493028,-10.2552631946327,0.282001801053411,-0.0479291253971041,-0.0191580923663022,0.00850182453197246,1.79701431030985
-0.373922705178957,-0.129934111483524,-0.0622151124219876,-0.492508529030658,-0.643318459832624,0.411220124117304,-10.6486902074721,-0.300665316101458,-0.137440378520068,-0.0196458009218268,0.00847331436516452,1.78996854874749
-0.374694260285863,-0.129621931039582,-0.0623597035784695,-0.492275680351797,-0.643598256436133,0.411161255515457,-9.66143417119906,0.213923189301113,-0.165953801122384,-0.0189164070743657,0.00639947540276781,1.83558112372977
-0.375481500002418,-0.129442467640205,-0.0625958853905051,-0.49213990313078,-0.643932035166824,0.411176186295111,-10.9347575739662,0.333204853666984,-0.225943189093925,-0.019856965261976,0.00851936809558612,1.79051066721288
-0.376273997468527,-0.129368120466743,-0.062900241680709,-0.492074378310712,-0.644337999502875,0.411282944176645,-9.88432703325492,-0.269062432160808,-0.305915471880411,-0.0192490002627244,0.00467561348867834,1.83586768177607
-0.377057723502344,-0.129374967158357,-0.0632543420109062,-0.492057547235484,-0.644828646073754,0.411487971597358,-10.4180425610498,-0.767768343079979,-0.279611216397996,-0.0201074157828458,0.00547752249568517,1.82210721041873
-0.377827180944949,-0.129423794148762,-0.0636312504751513,-0.492059088510298,-0.645401883746051,0.411782398203314,-10.8066864686409,0.342404619587796,-0.188901748850299,-0.0204417603537452,0.00710220003079609,1.8198113032299
-0.378575249830014,-0.129476245923001,-0.0640070200511595,-0.492048597037879,-0.646057710326158,0.41215752787878,-9.78709823228598,-0.266444513615852,-0.163228567326399,-0.0191069587317787,0.00847530242352801,1.86032217471278
-0.379299731619861,-0.12949838958373,-0.064361652472644,-0.492002063374359,-0.646787863009609,0.412596779284932,-11.2281511492511,0.289233869112877,-0.159906510156787,-0.0216877447685104,0.0114398456313872,1.81757753528948
-0.379999892938936,-0.129455235993594,-0.0646745252516279,-0.49189605379017,-0.647578572077229,0.413076840996106,-9.89400412855207,0.451950837343929,-0.105893464652326,-0.0214670152663508,0.00651581265846041,1.86232006327262
-0.380679074011516,-0.129321151046565,-0.0649311310836078,-0.491714962241038,-0.648414331021109,0.413575039769066,-10.5228777798102,0.0294660562319677,-0.259741294955148,-0.0197653394292905,0.010349765486299,1.84794032829541
-0.381340971945202,-0.129073988190211,-0.0651186314473708,-0.491446844127335,-0.64927738589733,0.41406673436083,-11.024786951536,0.130517873295048,-0.173474210106519,-0.0205904361412488,0.0087027963653491,1.84081771491472
-0.381996710468238,-0.128694886262531,-0.0652234202836437,-0.491082701797362,-0.650147171067794,0.414530762007014,-9.91383261012163,0.230521666752338,-0.226183227644583,-0.0198527668291302,0.00864380979639473,1.88516672303892
-0.382649020556643,-0.128184540496743,-0.0652462961397877,-0.490626170948282,-0.651014471860474,0.414955390339463,-11.2896224718884,-0.27774852750008,-0.227900399241662,-0.0221090815007829,0.00966765519106116,1.83889823236939
-0.383298826534479,-0.12755168263676,-0.065191806244892,-0.49008656690367,-0.651875855473055,0.415336548024483,-10.1134246081028,0.645232333622971,-0.183694909383462,-0.0178312362231088,0.00483956024337823,1.88298321998008
-0.383947757893041,-0.126817972010167,-0.0650721050015028,-0.489483016298563,-0.652730229995824,0.415675430396435,-10.8070262719536,0.0490025751055327,-0.240886113638481,-0.019707326340769,0.00792665390094699,1.86875887180827
-0.384597931889777,-0.126000563990751,-0.0648955895487555,-0.488830668625215,-0.653573436966219,0.415969082975796,-11.0460871421992,0.15204907315433,-0.201589968087603,-0.020416991926377,0.0079158553745356,1.86569426803342
-0.3852492404746,-0.125142418663847,-0.0646881699809732,-0.488160858943696,-0.654410760422491,0.416227175083087,-10.0633184288126,-0.157113508734028,-0.181006097704682,-0.0165878665098611,0.00701394621411006,1.90332384570332
-0.385899833136124,-0.124285631330935,-0.0644747718728194,-0.487506539547884,-0.655243377277169,0.416453191875315,-11.3501310873155,0.0289607300612715,-0.279768056665176,-0.0196552945307888,0.00855321256789821,1.85704782936668
-0.386544710594887,-0.12348173450236,-0.0642886119543846,-0.486905656647189,-0.656075741997931,0.416651577355162,-10.2707498059879,0.131976682714139,-0.303799588088197,-0.0183485865508826,0.00916916705576604,1.90384447025512
-0.387184852097245,-0.122777255549425,-0.0641584242852726,-0.486393508159675,-0.656905243150057,0.416821869005699,-10.6777001271965,-0.108484645400722,-0.0774463404651442,-0.018423456902263,0.00582828076430864,1.89411710244375
-0.387816380625305,-0.122229947225637,-0.0641231385633445,-0.486012175449123,-0.657731995178318,0.416964480332785,-11.0820299074759,0.12990372188915,-0.19598107999397,-0.0191335484413804,0.00814054059396707,1.88439471738184
-0.388440321880155,-0.121888635304702,-0.064215236217473,-0.485795994129769,-0.658551527248943,0.417077371317161,-10.1343255865532,-0.395727930917928,-0.301594546743587,-0.0162906722603702,0.00737155597686984,1.92346455269356
-0.389063176079678,-0.121785654693503,-0.0644551710148926,-0.485767898725658,-0.659355198189678,0.417158665147253,-11.412298925484,-0.804699251190414,-0.265355957468785,-0.0196450567855506,0.0102412436234998,1.88084070938478
-0.389687509491814,-0.121948861196509,-0.0648612424969743,-0.485946996891174,-0.660136038533829,0.417203806648983,-10.2285670645296,0.184734893123732,-0.290784189514255,-0.0183773141671995,0.00730896692971489,1.92987074456888
-0.390322039933815,-0.122391260088389,-0.0654407483345587,-0.486340471278436,-0.66088267242516,0.417209659649283,-10.9750030053493,0.129240243179538,-0.147252452050054,-0.0206751481066774,0.00644166014430181,1.91601010300995
-0.390972475410617,-0.123098197889815,-0.0661827657127763,-0.486935994045815,-0.661586356249579,0.417173589879662,-11.3194284658246,-0.22977145834443,-0.280500705623979,-0.0212017117044883,0.010312906268981,1.91155753520311
-0.391648440951115,-0.124029698709639,-0.067056663005042,-0.487703864112791,-0.662234424809304,0.417091585630072,-10.3273516583164,0.0961050781309041,-0.257667444906417,-0.019804545106942,0.0109109475409664,1.95587563304955
-0.392357975939794,-0.125124511510244,-0.0680165316480961,-0.488599720462801,-0.662819405799125,0.416963817392432,-11.6336135123208,-0.198778092435759,-0.225524600261167,-0.0197560174076634,0.0116718611815812,1.91119912885253
-0.39310172011016,-0.126314835156929,-0.0690144890781859,-0.489572004116595,-0.663341200561683,0.416794320029229,-10.6496644554582,-0.47708421360403,-0.150324318283225,-0.0161947022863624,0.0106642032774855,1.95857263511372
-0.393878824823978,-0.127518416758048,-0.0699919140493983,-0.490559825311947,-0.663803025752251,0.416588904903417,-11.1216269780487,-0.210151887003576,-0.267098971771645,-0.0185573110884802,0.0109277543070924,1.94696182309871
-0.394687119179689,-0.12863962860361,-0.0708803623885712,-0.491494134518954,-0.664206302413549,0.416348155719806,-11.5215089956573,0.369306712965908,-0.0629956628067703,-0.0194724862202356,0.00739452888304398,1.93824997368551
-0.395523610019604,-0.129579491003062,-0.0716083658711644,-0.492303708128357,-0.664555812018024,0.416074799676202,-10.3635971056279,0.0971251894231955,-0.178968007266519,-0.0194324911641464,0.00731069130255335,1.98462839846991
-0.396380862025078,-0.130257908031803,-0.0721192500924246,-0.492931402131901,-0.66485827682006,0.415769197383751,-11.8534191263055,-0.210236940247569,-0.159258655057414,-0.0207009809753416,0.00705239544019098,1.92959726263002
-0.397248344759279,-0.130608507861856,-0.0723659770503848,-0.49333020301125,-0.665123089067338,0.415431277340272,-10.6410680847773,-0.149842500341947,-0.234792873146176,-0.0190613645391742,0.00930154632294294,1.97902122304875
-0.398116807070639,-0.130598826131045,-0.0723257984719863,-0.493474720060584,-0.665362617922844,0.415065534475354,-11.2619446974304,-0.533345105348189,-0.0362755165173212,-0.018503867945169,0.00687106290241823,1.96293164913233
-0.398978603248606,-0.130218672026158,-0.0719912834416923,-0.49335560733909,-0.665589049479658,0.414676206024544,-11.4661912616443,-0.142179889406179,-0.280055299848783,-0.0201688460698817,0.00881078161334609,1.95371595189885
-0.399823948069695,-0.129483953271317,-0.0713749446329432,-0.492980782426125,-0.665818493167869,0.414271637203369,-10.7459886374197,-0.0395552213137762,-0.228548388954863,-0.0135128503937234,0.0067065164880909,1.99537710070752
-0.400645816280305,-0.128443096211351,-0.070511512036876,-0.492380943062654,-0.666064493425848,0.413860916591851,-11.9543669849075,-0.337735930541612,-0.189383261475228,-0.0176294651356299,0.0104157723964603,1.95387614657146
-0.401438269213068,-0.127166936579277,-0.0694521729323416,-0.491601872998849,-0.666342929072841,0.413458310862605,-10.7758280998992,-0.521178243389386,-0.247639519811656,-0.0177571952978259,0.00704506080507367,2.00163098187876
-0.402196585350104,-0.125759788030132,-0.0682718322306652,-0.490710072253425,-0.666676948242417,0.413090989053408,-11.4069919932405,0.190030899263093,-0.257665013249181,-0.0160511460872361,0.00975733950704138,1.98704573547878
-0.402922410069696,-0.124323041200155,-0.0670427693502853,-0.489771513913934,-0.66707824250776,0.412779264975711,-11.8114375354382,0.226909927229372,-0.154776149838057,-0.0184538561466749,0.0118694088528592,1.98068085785044
-0.403606210414,-0.122972327802761,-0.0658505983866184,-0.488863353417921,-0.667566827347024,0.41254604681185,-10.7145017549356,0.0357406613231888,-0.117660431986735,-0.0167994678497925,0.0101339387790044,2.02405563431831
-0.404242061696645,-0.121805296279392,-0.0647680936947388,-0.488051937609105,-0.668157641399081,0.41241176317456,-12.0264998625044,0.154839529853916,-0.130270653435247,-0.0182708379392849,0.0114980923639188,1.98083454072665
-0.404828923609314,-0.120898351306503,-0.063853034176139,-0.487389791521309,-0.66885653436219,0.412389603171642,-10.9422831105067,0.232430813528254,-0.169839253836187,-0.0154774897586964,0.00975495471687465,2.02258173124886
-0.405361814458749,-0.120316503699866,-0.0631560599389882,-0.486923981878908,-0.669669330783756,0.412489770857176,-11.4323666313212,0.308730534683718,-0.0787271527552207,-0.0160396738149493,0.009419292171364,2.0109956484392
-0.40584071906392,-0.120086088792109,-0.0626992810281486,-0.486678437554213,-0.670588663188943,0.412708685093546,-11.8813825702338,-0.0471120354764025,-0.169204245544847,-0.0159652819785205,0.00839104498389054,2.00850872285504
-0.406268266716558,-0.120203132356528,-0.0624831830149253,-0.486658751565892,-0.671598422696046,0.413030794877519,-10.9694265823583,-0.334643320307578,-0.153309537026104,-0.0136000602427946,0.00694813944179973,2.05153029288369
-0.406646462092902,-0.12063617225844,-0.0624902312834625,-0.486854723645528,-0.672674569385009,0.413427192359364,-12.2093568674235,-0.0576455043167243,-0.230892475685721,-0.0204072827975863,0.0126639057099455,2.01097280849684
-0.406985791581406,-0.12133043608727,-0.0626839433765662,-0.487240579676119,-0.673783527207236,0.413861907880437,-11.016801854173,0.458853861679245,-0.219164833021097,-0.0156973562414469,0.0104871190197183,2.06085874165335
-0.407306178613705,-0.122209260066758,-0.0630100013028223,-0.487777441663585,-0.674881324906511,0.414290117740957,-11.5541622185565,0.421589070218943,0.00339303991253814,-0.0162593978788141,0.00920368110738795,2.04350402264489
-0.407621754546982,-0.123184163579071,-0.0634085200958632,-0.488415886433111,-0.675929290190211,0.4146672954065,-12.1515022124353,0.0965806705989962,-0.135654045786282,-0.0182151141323099,0.0123158626924239,2.03466658997024
-0.407959703051323,-0.12416404991552,-0.0638149566185684,-0.489103623292007,-0.676881376999345,0.414948992257914,-11.006388926866,0.0047753783051121,-0.2222300539716,-0.0169963312462889,0.0109952876722702,2.07716675506937
-0.40834017818123,-0.12508364006114,-0.0641852757066734,-0.489803207886994,-0.677705888116578,0.415103088229537,-12.4867439613341,0.262368447055678,-0.238548236927613,-0.0152691664556217,0.0127634629940212,2.03056754934402
-0.408788266423557,-0.125865014855837,-0.0644661611948445,-0.490465896408649,-0.67837156615781,0.415102655192638,-11.0893208208241,0.418947977515245,-0.252996047913257,-0.0151284002741501,0.00963266931196854,2.08145454405887
-0.409320675172394,-0.126466981372421,-0.0646325755222394,-0.491064415248514,-0.678862322730692,0.414934465130183,-11.8346292159511,-0.616986234386331,-0.310423273313376,-0.0170563380533801,0.0119967400280696,2.06371590602624
-0.409951751005448,-0.126863516055861,-0.064671055691286,-0.491580056396215,-0.679169191734004,0.414593810659894,-12.1051701340261,0.0451051682284742,-0.148199510249896,-0.0201032087791853,0.0119315610072425,2.05605608957104
-0.410688384080396,-0.127053038241456,-0.0645868612036575,-0.492006024226107,-0.67930089959545,0.414095452952452,-11.1375637264927,-0.476332403885635,-0.171678619012908,-0.0157425749452971,0.009622078810546,2.09866474619701
-0.411529549410449,-0.127058263584161,-0.0644048306480487,-0.49235003349588,-0.67928028034962,0.413467732318771,-12.3285384427499,-0.223386430845721,-0.296321132092231,-0.0188268236603073,0.0111267040775274,2.05352599876994
-0.412464606003841,-0.126910971013794,-0.0641581718976272,-0.492624765852483,-0.679137780431948,0.412742073105455,-11.1661652381113,0.0501523956086203,-0.285882269990395,-0.0163696523310461,0.0120295274551905,2.09996779184188
-0.413478037395079,-0.126656303123212,-0.0638895398843029,-0.492850806087511,-0.678913201073086,0.411959709593218,-11.8691518085628,-0.299612470987086,-0.248451995889326,-0.0177991679903688,0.0121831032588773,2.08193255589282
-0.414542559212584,-0.126343278781095,-0.0636460070530331,-0.493052550961848,-0.678652840819248,0.411161936473632,-12.2328348950761,-0.771947434227059,-0.254517740359802,-0.0194784122876626,0.011149347884919,2.07935016818323
-0.415644007213003,-0.12600868957754,-0.0634615606896343,-0.493246530681449,-0.678390853110129,0.410382460956559,-11.1467715821266,0.497516546091447,-0.153741708635266,-0.0167538135700278,0.00938313574845162,2.11403299586531
-0.416757191755716,-0.125699903547052,-0.063378354013037,-0.493456358860196,-0.678168748232334,0.409657874468426,-12.4205971569368,-0.0307671178613873,-0.175912883676972,-0.0212017891812915,0.010698279557081,2.06960610453448
-0.417859968072203,-0.125445014939738,-0.0634225826758765,-0.493696568789578,-0.678014060475102,0.409006179842137,-11.4692024895884,0.187465299449741,-0.149734443789043,-0.0171881893389561,0.00684786589537512,2.1200691998576
-0.418939373622785,-0.125262567721665,-0.0636080492426383,-0.493976191605924,-0.677946880837571,0.40844349293597,-11.9042070363632,-0.00376225311924827,-0.273873558925402,-0.0164800886039673,0.00743160399206833,2.10512315904508
-0.419985042588089,-0.125162443928856,-0.0639398371217401,-0.494300157788141,-0.677976232015675,0.407972014653981,-12.332690341169,-0.13703940205437,-0.219230243172319,-0.0188227731113058,0.0119546186136594,2.09624252753792
-0.420998039851816,-0.125135356780233,-0.0644033483472772,-0.494663357741644,-0.678092452137061,0.407579246823721,-11.1964588696476,-0.300302824168284,-0.221439541099329,-0.0177187338691014,0.00809362882784992,2.13758835118915
-0.421989630563121,-0.125156948201289,-0.0649690453449214,-0.495050734018014,-0.678273759143726,0.407243255367204,-12.4968455835996,-0.404165142860847,-0.23285672525725,-0.0203349295543318,0.0111095100916496,2.08917558731396
-0.422971816041382,-0.125192116708066,-0.0655963204292827,-0.49544113745384,-0.678493344508635,0.406936851819866,-11.4080059472443,-0.779631110246328,-0.318382031432748,-0.0178029252288221,0.00892860820309005,2.14065450866439
-0.423963169015358,-0.12518763638034,-0.0662279852984211,-0.49580317450697,-0.678711610750303,0.406621515173826,-12.1465155027835,-0.745502553538927,-0.223637181241742,-0.0176769915408665,0.00861152197962378,2.12569263920982
-0.424985435306251,-0.125105370949901,-0.0668158461539927,-0.496113218387257,-0.678892637238612,0.406267167996322,-12.5286579476597,-0.911322237898503,-0.255787558837284,-0.0206842308105277,0.00915113474610196,2.12037123970628
-0.426058652785564,-0.124888857124798,-0.06729737231536,-0.496333772209739,-0.678999054908584,0.405841373435471,-11.405352365771,-0.230789987359685,-0.313130456628954,-0.0177917626569077,0.00817223714562743,2.16338228372121
-0.427205068987991,-0.124483227538517,-0.0676111880474179,-0.496427778438998,-0.678994405855869,0.405316781986742,-12.8271696700301,-0.401846397480767,-0.341105015345249,-0.0195614880650772,0.00931619139784184,2.11908562308183
-0.428433329984609,-0.123861085610327,-0.0677190857427674,-0.496374616528211,-0.678861370138515,0.404679778345175,-11.6676280688584,-0.0170638763499937,-0.317616943014087,-0.0194617343866672,0.00784361619547957,2.16552328490498
-0.429745713088403,-0.123009978584,-0.0675964439069159,-0.496159043226401,-0.67859571921573,0.403929766318248,-12.1606015550317,0.00259140697403382,-0.241334459524552,-0.0195859617925693,0.00812924338259335,2.14736653732693
-0.431131838633676,-0.121936314362308,-0.0672387258494256,-0.495773776642122,-0.67821414775317,0.403084614321141,-12.5593336482618,0.0580239733071721,-0.264064604639259,-0.0212695687814612,0.00743010340080308,2.1427201668338
-0.43257742315403,-0.120666215522887,-0.0666585014152714,-0.495225174052345,-0.677740344117809,0.402168496311782,-11.5468820610903,-0.427039015499304,-0.189805408971466,-0.0183275124574704,0.00620187882362466,2.18569430303137
-0.434056932965005,-0.119251850503142,-0.0658911454372519,-0.494536675597954,-0.677213698792868,0.401217539221296,-12.8581577545402,0.273297796145471,-0.212519690459942,-0.022893039467041,0.00716271810988528,2.14473610126322
-0.435537484699568,-0.117767274196162,-0.0649932237733213,-0.493744870516209,-0.676683878487516,0.400275886213867,-11.8012627088622,0.0803966133209997,-0.195827965827249,-0.021416954561424,0.00771151610273102,2.19414555113282
-0.436977332276706,-0.116307440331193,-0.0640414414606225,-0.492900218168393,-0.676213975681679,0.399398401291238,-12.3062446053372,-0.411662773228272,-0.194418291106672,-0.0227963139254284,0.011267777529433,2.18272625137761
-0.43833616243606,-0.114972620543272,-0.0631180561406526,-0.492059950520991,-0.675860397960216,0.398633019080597,-12.6070384626306,-0.785675871339663,-0.244976791193096,-0.0230042674874666,0.0108003380647404,2.17805997365162
-0.439578399324001,-0.113849259263262,-0.0622946647448883,-0.491276902949362,-0.675668414845613,0.398016041690285,-11.6604260002647,-0.25690303335341,-0.246311237923607,-0.0232090381510561,0.00816352949145327,2.21789206061885
-0.440676364912705,-0.113015562145096,-0.0616367362710928,-0.49060439906833,-0.675666088999626,0.397568133763999,-13.1004999561506,-0.288333414961244,-0.214252104946979,-0.0254853220256179,0.00876377110076931,2.17765740366978
-0.441607139355879,-0.112529916159023,-0.0611932810578011,-0.49008807566208,-0.675868238977453,0.397296431688193,-11.8892069169068,-0.725252523079234,-0.29977904659134,-0.0225866727425021,0.00787891383336192,2.22362801644474
-0.442364383452029,-0.11240861227172,-0.0609796988412077,-0.489749605372937,-0.676265064026334,0.397188931908741,-12.6423380799606,-0.0419499609897684,-0.194414355130675,-0.0213658361128473,0.00983614968720348,2.21060458738439
-0.4429527371282,-0.112642037523787,-0.0609897790958109,-0.489598521251295,-0.676826923617417,0.397214723281023,-12.9270043131302,-0.0908053866646696,-0.256322501885194,-0.0252353165753489,0.00785117506036415,2.20614479500331
-0.443390293235349,-0.113186172768913,-0.0611892402739413,-0.489623520757345,-0.677509848873875,0.397333428983063,-11.8869942447266,0.110270556454452,-0.347681424184316,-0.0240550093860907,0.00673730433073322,2.25067065530222
-0.443708630529452,-0.113968596848212,-0.0615204797589659,-0.489795943620114,-0.678251656532492,0.397490397250435,-13.3147031574284,0.11251952018597,-0.378993577640273,-0.0265937272697396,0.00884164173460938,2.21135656452017
-0.443937746201048,-0.114902804539383,-0.0619175061517514,-0.490075216124607,-0.678992955070622,0.397630390920658,-12.1647968660009,-0.552803409370654,-0.235638528060434,-0.028240857310688,0.0066714065102973,2.25982800611367
-0.444113744051809,-0.115902235363989,-0.0623141401690699,-0.490417394211547,-0.679679915701355,0.397707670585932,-12.7640590586867,-0.438565165628916,-0.295365565606744,-0.0239564616620713,0.00722052564606718,2.24739870740344
-0.444276235078017,-0.1168828358644,-0.0626468912544011,-0.490774703167271,-0.680265704468554,0.397687192209415,-13.0396601392408,0.158826225027724,-0.156022094498923,-0.0318292335923203,0.0091229505653132,2.24026069663961
-0.444452811417413,-0.117801782966324,-0.0628872897478179,-0.491119527984478,-0.680730070931537,0.397556337668391,-12.2020829954562,-0.190101248520932,-0.213414780485522,-0.0257637205384302,0.00618290854786907,2.27999005635379
-0.444666021677455,-0.118629386558269,-0.0630193193128563,-0.491429970488348,-0.681067233469275,0.397315908968082,-13.3535378908634,0.274546057268026,-0.297348897670048,-0.0276755659610797,0.00804001852021885,2.2414254017282
-0.444934962821829,-0.119345365266715,-0.0630379073950744,-0.491684979947328,-0.681283842181109,0.39697799053149,-12.3556417399091,-0.757414334908617,-0.240067082695958,-0.0257755020712138,0.00754099169029437,2.28313973252392
-0.445262191500073,-0.119980000980839,-0.0629796208753495,-0.491891597927349,-0.681417548024835,0.396582484199973,-12.8500106715001,-0.267028664359941,-0.27737811714772,-0.024454866056121,0.0103646048387249,2.26877035858896
-0.445644608689468,-0.120584314348186,-0.0628969904838395,-0.492071362515273,-0.681511892335636,0.396173623889122,-13.2803107087156,-0.590499670001009,-0.227220309404743,-0.0250335719369783,0.00847119499325882,2.26701115705577
-0.446079911048678,-0.121194407715022,-0.0628314868414013,-0.492237577309552,-0.681606969014818,0.395791598065707,-12.2053755113281,-0.353674906566766,-0.234834931503428,-0.0256487074374885,0.00642668615956143,2.30594691435207
-0.446561287737461,-0.121852094314786,-0.0628280208517367,-0.492410481117877,-0.681742286647234,0.39547526612786,-13.6198864892746,-0.40567078637514,-0.203700159899512,-0.0312472447396841,0.0085854898485675,2.25985703276322
-0.447082015970731,-0.122575043699999,-0.0629119952900052,-0.492600327226113,-0.681942454667952,0.395244578103229,-12.4495630727469,-0.335880974008887,-0.222272499352954,-0.0272603791147081,0.00710822400867478,2.30586682738026
-0.447642326251404,-0.123361682847963,-0.0630905340670675,-0.492809533666466,-0.682216946488368,0.395108344947503,-12.9840748780982,0.591908201611432,-0.330738507676557,-0.0254777676343627,0.00999207826851634,2.28927034195567
-0.448246857790732,-0.12417050517327,-0.063338070350887,-0.49302040928842,-0.682554664327978,0.395052024534471,-13.3135801535749,-0.436680920283152,-0.375252806792929,-0.0276054309104325,0.00766028237436422,2.27955470511243
-0.448901857684634,-0.124945117631293,-0.063614810349031,-0.493209013177489,-0.682933114763106,0.395049671301065,-12.4349799014847,-0.144230361165,-0.325959117910287,-0.0242008430068301,0.0057990102831284,2.32355203819723
-0.44962239662599,-0.125614519028305,-0.0638666699916972,-0.493342810435486,-0.68331767416974,0.395067125385638,-13.7244673213583,0.323871429709016,-0.338907137141547,-0.0299804079850925,0.00955154387020007,2.28057024844972
-0.450422980040859,-0.126099308574276,-0.0640319849317728,-0.493385176907354,-0.683669283549367,0.395064380156489,-12.3635457997415,-0.646412894404648,-0.288782973218645,-0.0250307584711229,0.00643441707964743,2.3288805545201
-0.451311714623834,-0.12633534115975,-0.064060888352836,-0.493307483373801,-0.683954993239985,0.395005007021135,-12.9528362700404,-0.452539441247836,-0.284201564245166,-0.0250863000457531,0.00678903566547145,2.30830806666622
-0.452296385769914,-0.126278597106746,-0.0639180136482393,-0.493089241229819,-0.684151149444323,0.394863802768173,-13.357019358248,-0.339964307540868,-0.320596829927325,-0.0281812206740644,0.00957041755231031,2.30536236754488
-0.453374560077226,-0.125921989663127,-0.0635976317284994,-0.492728738379015,-0.684254516955785,0.394634226884503,-12.5284056490744,0.183543752069681,-0.302025172798778,-0.0286470511199095,0.00928223048959403,2.3506245403264
-0.454533307640307,-0.125304467675957,-0.0631301893462337,-0.492249031796095,-0.684283584805367,0.394330568422045,-13.8398402214911,-0.109113238319196,-0.259807684000123,-0.0289877821646507,0.0116823695563511,2.30418082466094
-0.455758260998073,-0.124498011197132,-0.0625715051622542,-0.491690961439835,-0.684266223058487,0.393978369494237,-12.717420921544,-0.189730373049315,-0.23965930000108,-0.0274019372617174,0.00663675511647566,2.35216930624809
-0.45702416058433,-0.123604086905178,-0.0620011816515873,-0.49110990982851,-0.684247369004859,0.393618600778622,-13.1833863975287,-0.0981430916540376,-0.342355527056867,-0.0262943716130857,0.0074349142495409,2.33709606279253
-0.458297743878472,-0.122732154592732,-0.0615062370271184,-0.490564686046548,-0.684282220097899,0.393300882299318,-13.4364005690323,-0.400409833318918,-0.264574717395476,-0.0291189657686948,0.00994296994727867,2.33383480017681
-0.459550986866348,-0.121995358055414,-0.0611749962624186,-0.490117468071419,-0.684416914850051,0.393066405849446,-12.5994361813703,-0.0304973179258923,-0.353127336146457,-0.0276744809160361,0.00673159028513598,2.37219083454174
-0.460756684285829,-0.121495667204846,-0.0610860903607242,-0.489822815645104,-0.68469484448787,0.392955762776242,-13.8711083225981,-0.585714316215672,-0.314027838216106,-0.0289704217711861,0.00835560182483641,2.33746063514923
-0.461894272806675,-0.121292464099715,-0.0612832123899372,-0.489713515943285,-0.685132814087923,0.392980893840652,-12.9967587067446,-0.135024899235532,-0.315059886492492,-0.0298218264515082,0.00641028293660878,2.38571966641937
-0.46295384873865,-0.121408000709375,-0.0617795334839646,-0.489801240360941,-0.685730591129731,0.393140123551131,-13.4279065548947,-0.254116075138882,-0.363230106628862,-0.0271892719050491,0.00700482830098281,2.3716162258993
-0.463934057879783,-0.121822956614337,-0.0625543694052013,-0.490074483957283,-0.686466995195807,0.393410602675548,-13.685353531047,-0.485877585671915,-0.344275909212968,-0.0283247904664279,0.00999630538266721,2.36828398260099
-0.464849060945451,-0.122477870484505,-0.063551311301373,-0.490499786834712,-0.68729519721909,0.393749378633211,-12.6808182409186,-0.362782403512256,-0.305765314309241,-0.0254225863731237,0.00662495989474121,2.4172839466725
-0.465720133186466,-0.123274150620476,-0.0646831512002584,-0.49101885619635,-0.688156240853237,0.394101583910561,-14.1212587007536,0.524216930636385,-0.212360198970629,-0.0314931713561979,0.00415637512668937,2.37010799954527
-0.466575185876733,-0.12410470689866,-0.0658544695605521,-0.49157086540398,-0.688983882807021,0.394406539196259,-12.9247543437214,-0.216532979607564,-0.249494644439693,-0.0308524721580912,0.00746832606456277,2.42260594253888
-0.467445007477992,-0.124855829532478,-0.0669626041183111,-0.492090803734413,-0.689709484464698,0.394603307518633,-13.6357818089259,-0.348573482433494,-0.377652829050277,-0.0281832128686168,0.00880056400361623,2.40461644511388
-0.468360567479601,-0.125437280159304,-0.0679240601667856,-0.492524726265831,-0.690281164027077,0.394650269015827,-14.0027888714572,-0.252505877692101,-0.290885181575646,-0.032079070340596,0.00920503743549922,2.40212840942015
-0.469343294683906,-0.125790263873793,-0.0686792642550302,-0.492836712788805,-0.690665576302804,0.394522916298596,-13.1077193532275,-0.406087333429014,-0.370846169441677,-0.0283596849966292,0.00645028061875813,2.44222684312002
-0.470414188691794,-0.125873611713316,-0.0691820795806322,-0.492998999035099,-0.69084282589836,0.394213749275143,-14.3469848604252,-0.682203208318697,-0.202759060498806,-0.0319427019426337,0.0100064592438209,2.40421350414336
-0.471582198074876,-0.125691252620827,-0.0694242914548477,-0.493009137934442,-0.690820572837321,0.393741323405164,-13.2117636552003,-0.311412584306254,-0.277993500510718,-0.0274099079907439,0.00866131858405661,2.45238905282158
-0.472842389492301,-0.125281803397447,-0.0694262962179433,-0.492884648387118,-0.690629084107886,0.393142986308627,-13.7322051218022,-0.293737966911294,-0.292250168254583,-0.0276044044130015,0.00715783815811449,2.43400076798344
-0.474178932256467,-0.124711588668939,-0.0692337062395267,-0.4926554419478,-0.690322586755659,0.392479063970296,-14.1086942384646,0.126862403152472,-0.289123004563635,-0.0284879784806664,0.0108669263185347,2.43216671838295
-0.475573724935643,-0.124045251945544,-0.0688933310638427,-0.492349923922299,-0.6899578252128,0.391811921832656,-13.0898649290904,-0.526648334389165,-0.287728099909572,-0.0268724865141037,0.00876721634632344,2.4704989502118
-0.476994527598615,-0.123354499926854,-0.0684615055450521,-0.492001833222364,-0.689599490355588,0.391203474731287,-14.3624712348209,0.228666832378849,-0.350788656309248,-0.0296207785049334,0.00827511028340855,2.42971872676559
-0.478407370671311,-0.12269937015192,-0.067987192471217,-0.491638733523627,-0.689307026638407,0.390707651728743,-13.3497050895026,-0.279424200206677,-0.289866959266476,-0.026633781833977,0.00901798107100604,2.47822375469273
-0.479780625378289,-0.122110457273341,-0.0675002553912818,-0.491271565475505,-0.68912449292696,0.390359706848279,-13.9266583538849,0.0329449585287875,-0.405146615928032,-0.025389874496244,0.0100001558493649,2.46754073358142
-0.48108250509772,-0.121602713385965,-0.0670213166443794,-0.490902824615935,-0.689089873514336,0.390186448852826,-14.2376133704988,-0.00588531438211248,-0.332416052617987,-0.0287601030866158,0.00972648427769485,2.45595445284158
-0.482287360014036,-0.121163551353849,-0.0665502261404654,-0.490520649729064,-0.689220114904384,0.390191245058647,-13.2939211922816,0.0416609832814174,-0.286579897831444,-0.0235100448841772,0.005884959986802,2.50507932904364
-0.483376277845475,-0.120760627254641,-0.066072984282129,-0.490104881864475,-0.68951334209211,0.390356678148655,-14.7358647459378,0.190071049663175,-0.247649046390876,-0.0293641907142086,0.0112761429910478,2.46284146030935
-0.484333436947771,-0.120371106860614,-0.0655827314029414,-0.489644018159419,-0.68996329431741,0.390662323801882,-13.6012537874313,-0.279634413233453,-0.281801428763202,-0.0254794396195899,0.00935277761204095,2.51132550333934
-0.485154699650346,-0.119959879673802,-0.0650616249777634,-0.489121364280772,-0.690548988885266,0.391076360739957,-14.0005621195233,-0.47256329413176,-0.292160076915508,-0.0248663752037062,0.00835239508989777,2.49580140391407
-0.485847770480605,-0.119496717910996,-0.0644929428007353,-0.488526403349449,-0.691237943512589,0.391561130145137,-14.3926566200619,0.0261589428976094,-0.311670848883892,-0.0268086365722291,0.0119010633245064,2.49443348384126
-0.486421707105767,-0.118976856547675,-0.0638785581979786,-0.487864983846653,-0.692003644201024,0.392087002059189,-13.4598408715837,0.364890547980394,-0.287009547172659,-0.0235318599973646,0.00922680461335484,2.53451904078305
-0.486899948201471,-0.118409313785143,-0.063226314272337,-0.487153801751424,-0.692814923617194,0.392630460957358,-14.8538892554855,-0.370220062899989,-0.359098246041896,-0.028618932727138,0.00874324245840652,2.49358017179092
-0.487303441972883,-0.117824639995522,-0.0625594841728259,-0.486422962817986,-0.693649422615627,0.393176550856269,-13.6047750738147,-0.297643222741044,-0.367513236045511,-0.0262262848707246,0.0106264083967347,2.5425007568639
-0.487660399472449,-0.11726072648613,-0.0619047449360994,-0.485706539516115,-0.694486189676996,0.393717479386481,-14.2326662785652,0.549791662142297,-0.387440803998885,-0.0257386415430076,0.0121176765870901,2.52409099321103
-0.488006006908724,-0.116750624045701,-0.0612835299238756,-0.485035203160196,-0.695305307214967,0.394252558312158,-14.6152436116848,-0.549534545766619,-0.308808425731314,-0.0255432920810685,0.010646499556339,2.51681780766502
-0.488371801788866,-0.116334061348648,-0.0607218471689319,-0.484441451206616,-0.696095804005104,0.394789518367374,-13.6748236706854,0.074740378011029,-0.211020305703698,-0.0269681599060614,0.00935364368220248,2.56348301718271
-0.488783347903801,-0.116052887008206,-0.060249202369981,-0.483957691880507,-0.696855085254702,0.39534370168288,-15.0266387204097,0.598403381940898,-0.260829811098233,-0.0270906892718128,0.0098812515013475,2.52041509858899
-0.489268823237708,-0.115913337394885,-0.0598690915121132,-0.483593515213375,-0.697571738131201,0.395917671095199,-13.7475978163915,-0.822509858091053,-0.325975935469586,-0.0260684850355157,0.009214181537474,2.57104323971534
-0.489845599769407,-0.115902266709991,-0.059575167939302,-0.483343933328368,-0.698239784682226,0.396513033569912,-14.3773373435741,-0.504262232839437,-0.352624826037015,-0.0276805120723655,0.0103019062309646,2.55192253294978
-0.490515271640521,-0.116009067579964,-0.0593673940827957,-0.483203427029137,-0.698862886472666,0.397130541594678,-14.6442564105601,0.38796676350853,-0.157936637593139,-0.0312931835031329,0.0123621922384342,2.54757970705462
-0.491274345821903,-0.116197897370655,-0.0592294710104524,-0.483149906470635,-0.699442739511092,0.397763706018263,-13.8003726712419,-0.0518868358656164,-0.267484001071779,-0.0285506359386107,0.00883311319528579,2.58528012183253
-0.49210736421662,-0.116418757758569,-0.0591389797928017,-0.483150587782184,-0.699985141265988,0.398402425490605,-15.0293502933422,-0.264387418434126,-0.383938234518354,-0.0290374139155545,0.00804649047771483,2.54477318270703
-0.492990616050784,-0.116627278026842,-0.05908010167855,-0.483176451090551,-0.70049966048542,0.399033721864318,-14.118454258716,0.223145013371095,-0.368602162909696,-0.0266897085020039,0.00758153210412521,2.58825734084349
-0.49389481596504,-0.116785256230138,-0.0590405449297087,-0.483202661283007,-0.700995204287197,0.399642182678322,-14.5650692343437,-0.141029915758509,-0.299326635485556,-0.025529942141481,0.0120601954075211,2.57990912969214
-0.494786820686836,-0.116860701309228,-0.0590129657308212,-0.483207982996345,-0.701483499626897,0.400212889697545,-14.7968788571791,-0.810381282187109,-0.312589594650063,-0.0282842392862408,0.010017412309153,2.57575152602869
-0.495627504650832,-0.11685196915223,-0.0590114786436886,-0.483189952228999,-0.701987045517833,0.40074190951823,-13.7200894113907,-0.0052893050651619,-0.357723125480362,-0.0262318297878634,0.00745471488416538,2.61971263610534
-0.496387965583249,-0.116758346856326,-0.0590445641667297,-0.483146584562457,-0.702519816311693,0.4012245556967,-15.2468097898532,-0.25504970446309,-0.241426354410464,-0.0261367853135162,0.0114585790068475,2.57641134962257
-0.497051677595137,-0.116595185014121,-0.0591262677211957,-0.483085775566617,-0.703092957362829,0.401662481758281,-14.2709452492343,-0.505552466946028,-0.179476161740894,-0.0271069762869058,0.0121887834024915,2.62707807565454
-0.497601688632211,-0.116401937359236,-0.0592833266962389,-0.483031697009522,-0.703721561040287,0.402065338039118,-14.7429914102233,-0.460615621533407,-0.30706866094053,-0.0262888219944082,0.0101087089048511,2.62013071672133
-0.498045354129194,-0.116205081830907,-0.0595233492054019,-0.482999803672557,-0.704402354583772,0.402439996445313,-15.1955467610296,0.0163050399153235,-0.363883864883462,-0.0236121694466154,0.0101172653745423,2.61137265019305
-0.498394628784138,-0.116046390986312,-0.0598620634882554,-0.483014020151514,-0.705138824882591,0.402804441614753,-13.9681311271551,-0.314255403220386,-0.271210696642612,-0.0215860446841374,0.00910687256009335,2.65620557373025
-0.498671755811225,-0.11595326351931,-0.0602999928261698,-0.483089356924261,-0.705922416718454,0.403170379432679,-15.5064860295768,-0.381292019541434,-0.21557064225064,-0.0271680138452144,0.0127840898787885,2.61866220689619
-0.498912387780892,-0.115950727838499,-0.0608312222850349,-0.483240258741298,-0.706735663695856,0.403547278906684,-14.4309888174736,0.0615058307660092,-0.343321249291876,-0.0258379628492231,0.00860818441810168,2.66187048922627
-0.499148452358307,-0.116049590141768,-0.0614406901037476,-0.483472710640838,-0.707559334428956,0.403939261480752,-14.9179823118339,0.050458423459304,-0.224440577939873,-0.0261736798527936,0.00663228329209037,2.64961275367449
-0.499415967980173,-0.116242589784311,-0.0621008668310239,-0.483779300453269,-0.708373110107285,0.404350743254528,-15.20596649678,-0.883411355933049,-0.390595245545143,-0.030202319290034,0.0103272023540228,2.65036501858677
-0.49974610717362,-0.116511805744191,-0.0627797446256697,-0.484147617674346,-0.709151885968731,0.404774783416473,-14.2155212040378,0.00160163086093235,-0.36023260226645,-0.025876029887296,0.00550948337779678,2.69400616794717
-0.500164188379783,-0.116832968592357,-0.0634456967180332,-0.484560033175117,-0.709874890944212,0.405203056613197,-15.6860686327302,-0.89755444533148,-0.267520369676561,-0.029452637484368,0.0101269097305325,2.64600504908631
-0.500684797338699,-0.11715166232378,-0.0640498490588306,-0.484980450697094,-0.710518183819643,0.405614461218773,-14.3884762218138,0.191664245800212,-0.192162578325792,-0.0269743507728486,0.0115095124585046,2.69633554760505
-0.501311462340797,-0.117435006859673,-0.0645639783933298,-0.485386649403518,-0.711069350676007,0.405992925162639,-15.0777761439324,-0.0263472919268679,-0.340719278374905,-0.0254293646955897,0.0127426688826458,2.67826403429338
-0.502042469938682,-0.117640217656864,-0.0649562440866118,-0.485750388128371,-0.711514798354795,0.40631657015124,-15.52081910387,-0.105138823027346,-0.229858760630975,-0.0289016326134912,0.00775653384350294,2.67463113595688
-0.502864152556986,-0.117733711260771,-0.065206299216314,-0.486047004984036,-0.711851092611549,0.406567390430195,-14.5552847292274,0.359285869260702,-0.168408748432995,-0.0262974078621454,0.00868120668032291,2.71420302220836
-0.503760970622188,-0.117677212990627,-0.0652905803700015,-0.486247890355623,-0.712072489360362,0.406724516162983,-15.7194886363363,0.562733265435554,-0.342081767463952,-0.0269495999590981,0.00945239565305639,2.66980832235049
-0.504712935171103,-0.117454786771789,-0.0652030172974796,-0.486339668210685,-0.712182254464622,0.406774134257453,-14.6830850076972,-0.158341385516451,-0.294959564486021,-0.0290040154067048,0.00796232320743651,2.7239459420434
-0.50569750331113,-0.117066691031317,-0.0649482870325337,-0.486317648119975,-0.712187951184533,0.406710036583733,-15.3174940107206,-0.74070950677401,-0.383986927337247,-0.0267166417205535,0.0107377675381731,2.70774301030472
-0.506694980491685,-0.116531746738312,-0.0645441369847233,-0.486186087033487,-0.712104950009017,0.406537888395662,-15.4733188736137,0.0300035459636092,-0.286280887078675,-0.0286377975342824,0.0097373551984779,2.7070174477775
-0.507685657418967,-0.11588227762272,-0.0640173390735599,-0.485956562894381,-0.711955432623859,0.406273437183603,-14.6489362384609,0.473999031685935,-0.251588411495703,-0.0269757084568045,0.00406414344581291,2.74795164822234
-0.508658889145019,-0.115155969151249,-0.0633945839501595,-0.485645809066326,-0.711757162276248,0.405934090121278,-15.9927484991834,-0.290223330605386,-0.350748981642596,-0.0314687434690546,0.00909591545842725,2.71089231723457
-0.509608689731183,-0.114410336253023,-0.0627168441302823,-0.485281152195981,-0.711536653288615,0.405552416760164,-14.9195432022754,-0.144142003781326,-0.335246622456197,-0.028444341437472,0.010768315471178,2.76175439199103
-0.510532519297584,-0.113702342971618,-0.0620245916821069,-0.484892586932954,-0.71131714286253,0.405159399590163,-15.4600627626078,-0.478814946354532,-0.350097931171462,-0.0262957549995066,0.00858157436293427,2.74025746549457
-0.511433717283446,-0.113092052782484,-0.0613608896042854,-0.484514079443443,-0.711123038677895,0.404790569658186,-15.6668799486922,-0.719962547748992,-0.318704673466243,-0.0291802236503904,0.0123807247362838,2.7380990636874
-0.512321987106627,-0.112631110329763,-0.0607631586247599,-0.484175850301979,-0.710973621785574,0.404479029755201,-14.7649937614525,-0.0620490923126908,-0.278003255342838,-0.0282913561629434,0.00908943349370384,2.77896297197098
-0.513204626714848,-0.112361667062281,-0.060266800625191,-0.483904696075169,-0.710887901606653,0.404252383849678,-16.1169067244058,-0.171595401835475,-0.422214300625512,-0.0301227696682083,0.0122471707676711,2.73829083162115
-0.514088544334662,-0.112314161049262,-0.0599000739201081,-0.483724637129813,-0.710882688304569,0.404133619682468,-15.1027405020391,-0.287026123037094,-0.318709880908273,-0.0270219768734616,0.0079017943673515,2.78752254418968
-0.514986949059503,-0.112491504812117,-0.0596730201139988,-0.483645498501384,-0.710958412451436,0.404127970596441,-15.6397181638104,-0.216095998121318,-0.257287182384147,-0.030749598695559,0.0103951231742982,2.77481063573043
-0.515913801554115,-0.112875750565745,-0.0595831487325773,-0.483665587209607,-0.711111627445299,0.404234494243738,-15.8352882528011,-0.0203252860326302,-0.329996294664113,-0.0326135982021998,0.00983881622515426,2.76915163919002
-0.51687832262327,-0.113436929123162,-0.0596203918601317,-0.483777955737873,-0.711334402834799,0.404443298621771,-14.8689545898524,-0.155192536715504,-0.375855740268094,-0.0295467972536509,0.00723193276265088,2.80947078262098
-0.517890828112794,-0.114116509228816,-0.0597552229366705,-0.48395840937069,-0.711609187942157,0.404732505073995,-16.2460143724686,-0.0604475180889494,-0.428125699112655,-0.0323069819755086,0.010076792061458,2.77417430373276
-0.518951802843215,-0.114855837651804,-0.0599592737123349,-0.484182815575994,-0.711920876930265,0.405077935249876,-15.3228575077189,-0.0835291134878844,-0.270800264049427,-0.0322428356072582,0.0106457981112019,2.82178155978734
-0.520057156663825,-0.115594022956712,-0.0602025582518779,-0.484423848498381,-0.712253725112865,0.405452053975421,-15.7652475736851,-0.491534032765685,-0.320036588686037,-0.0326644028506249,0.00808315633458723,2.80709935164273
-0.521202423877947,-0.116261323202368,-0.0604458193652355,-0.484647985284995,-0.712587281103082,0.405824430681795,-16.2056296146737,-0.765892113687414,-0.274638592172693,-0.0353261295968337,0.0123198255093387,2.80357045863586
-0.522374757706936,-0.11679914757234,-0.0606577024550261,-0.484825424750204,-0.712906391537985,0.406167177282616,-15.1468407729933,-0.321504148543227,-0.251718360977634,-0.0304726195558267,0.00921303695288422,2.85005883748477
-0.523553420040666,-0.117173670306638,-0.0608230690806724,-0.484939269974714,-0.713205631053734,0.406460986094085,-16.5997494587631,-0.154162431830173,-0.510913889732393,-0.0353682890482099,0.00853770354046007,2.81125488671591
-0.524711854329041,-0.117372232057526,-0.0609403542799469,-0.484983346472504,-0.713488199797692,0.406696332164659,-15.4050792874308,-0.374386968077033,-0.322689148052774,-0.0327632693400788,0.00728225597440696,2.86068684793009
-0.52581685591425,-0.117405446144411,-0.0610230949820159,-0.484964024298858,-0.713765907168172,0.406868807174182,-16.0170359961262,0.189325050467687,-0.263556481773037,-0.0321266955607507,0.0077657141979578,2.84790060252842
-0.526841108108892,-0.117303856681618,-0.0610966779493503,-0.484897310827911,-0.714054557173456,0.406984803680052,-16.4770195593831,-0.0402214594284942,-0.323794844769822,-0.0330505038305162,0.011277789078061,2.84509060898198
-0.527755743648639,-0.11711214042925,-0.0611937576206869,-0.484805554593599,-0.714377252598573,0.407058000266075,-15.3030949895837,-0.0743316202629103,-0.38568662535684,-0.0315313027659703,0.0129117627776687,2.88795650921992
-0.528528859058319,-0.116910941201922,-0.0613722853972545,-0.48473355026268,-0.714768695236486,0.407114894358215,-16.6213728857005,-0.286633094875697,-0.23153557470539,-0.0325418183776565,0.0111276839765103,2.84829034058639
-0.529140662634972,-0.116775559273052,-0.0616819166561018,-0.484721346454084,-0.715256620719638,0.407178693614121,-15.6789901531104,-0.851886444590491,-0.3294543838077,-0.0329462380791163,0.0105236500857162,2.88880612436635
-0.529585616078386,-0.116766023936313,-0.0621564051891363,-0.484801306484442,-0.715857422015281,0.407267168581692,-16.1294819848703,0.0950887211365625,-0.298544629844656,-0.0316164565616468,0.0091129319128565,2.88021739274125
-0.529862784547693,-0.116936668928118,-0.0628236153851656,-0.485000819715096,-0.716586293464778,0.407398736858282,-16.5216311704943,0.0852421409445014,-0.412954403334993,-0.034175524516094,0.00824894075855526,2.87861655998331
-0.529991397217396,-0.117324370546683,-0.0636924067982654,-0.485337700770942,-0.717442975395527,0.407586127216737,-15.7339553934349,-0.513067979713696,-0.305156340768519,-0.034119303861663,0.00850911060106246,2.92152080553585
-0.530001983143398,-0.117919139587786,-0.064734583877609,-0.485800892706756,-0.71840989986092,0.407827363762549,-17.0678596474661,-0.492603581967842,-0.359648293914802,-0.0370511175799138,0.0117433351171265,2.88513018842262
-0.529931065860072,-0.118699466465769,-0.0659130315547074,-0.486372227501483,-0.719467171671311,0.408122015891995,-15.9222110012644,0.305174018278421,-0.407283751381556,-0.0338718780064262,0.00960575037526129,2.93767963414305
-0.529825921111033,-0.119618119997042,-0.0671682899224326,-0.487018590401495,-0.720579035644952,0.408458871563134,-16.457722369827,0.387400880554651,-0.318438905146735,-0.0334964149632788,0.00804407627304654,2.92509345704972
-0.529734558171552,-0.120595254883245,-0.0684180660235871,-0.487686850142651,-0.721701756023758,0.408818241304641,-16.8546466458084,-0.275667256717043,-0.355581777343787,-0.0375000776306598,0.0101352024682117,2.91715187266424
-0.529698151528772,-0.121558368207189,-0.0695890589729207,-0.488329652892912,-0.72279418670406,0.409179315377656,-15.8572594673777,0.226786329340257,-0.397087723185649,-0.0347696354056284,0.00871266682124533,2.95912661212976
-0.529752101465173,-0.122420689787809,-0.0706013412656983,-0.48889074180377,-0.723813809326406,0.409516157766187,-17.2225417475516,0.0187438070245207,-0.405185454429898,-0.038226687781203,0.0100612168668207,2.91524113136279
-0.52992605702911,-0.12310547704434,-0.0713865974473578,-0.489320499526357,-0.724724096855962,0.409806381517413,-16.0256778136363,-0.18784223479679,-0.366659633666444,-0.03565169020048,0.0100395781987494,2.96418479644223
-0.530226685905091,-0.123573313008824,-0.0719120577659169,-0.489594046881893,-0.725507120776909,0.410034305803976,-16.5461162953942,-0.262442164104186,-0.304995325859778,-0.0347018645299384,0.00599509738185539,2.94708926778687
-0.530656667024416,-0.123796331644624,-0.0721569924968406,-0.489695441923517,-0.726145990174574,0.41018354336782,-16.8156388703752,-0.468688873905421,-0.326516088625311,-0.0361543359618932,0.0112232357169697,2.94988363284663
-0.531197571329597,-0.123788100174059,-0.0721392128286913,-0.489635545716498,-0.726644634383358,0.410246263303174,-15.9007142911412,-0.324807827415952,-0.375675306512704,-0.0325890389599697,0.00954961550227884,2.98660317063096
-0.531825026108497,-0.123585026487488,-0.071897794046925,-0.489439517740583,-0.727017648046295,0.410222902094864,-17.0493102933546,-0.120123383521332,-0.403731863925827,-0.037580739437205,0.00797181638744343,2.95121676205872
-0.532511420050009,-0.123245528285854,-0.0714894608752059,-0.489147475854442,-0.727283817707677,0.410115667781886,-16.2227017176474,-0.293572410577781,-0.35717663338167,-0.0351329654370223,0.00913140347014851,2.99767777432671
-0.533225028212271,-0.122838078999602,-0.0709797904620098,-0.48880749781383,-0.727468481993171,0.409931650660513,-16.7504292996849,-0.323434926575828,-0.407047611869785,-0.0379460207250872,0.0123700949647268,2.98375369554467
-0.533933258854644,-0.122447243408128,-0.0704466336108951,-0.488476435576158,-0.727606619230857,0.409689899625657,-17.1759151403085,0.446540146931966,-0.318600353574766,-0.0346859303375089,0.0113874349077903,2.98124510601786
-0.534609985974562,-0.122143903610318,-0.0699560471322824,-0.488202314795566,-0.727728757804646,0.409407301275083,-16.0032381285988,-0.287768300604057,-0.420234103032669,-0.0351834112646254,0.00785002557507314,3.019875745151
-0.535242441801745,-0.121990727033855,-0.0695630443649589,-0.488028337781372,-0.72785944572755,0.409104842195016,-17.3591757982974,-0.755806059957649,-0.322814229133371,-0.0357929842081082,0.0109084931867659,2.98279437045118
-0.535816887681364,-0.122017327994965,-0.0692983670787395,-0.487974539300435,-0.728021042152567,0.408800731568476,-16.3411635594075,-0.0461244998755319,-0.330516158404777,-0.0362069916564689,0.00839796899919226,3.03301210516929
-0.536325900276768,-0.122231138289748,-0.069173809812195,-0.488045060233537,-0.728234154658702,0.408515620226649,-16.8907086318149,-0.0940268466076759,-0.28136290487879,-0.0347842622357724,0.0113607039095923,3.0227426385119
-0.536773782557292,-0.122623681828539,-0.069184650858181,-0.488236090604876,-0.728508202379746,0.408266401339382,-17.3257892340256,-1.13620971555042,-0.306778066639623,-0.0361960517232043,0.00732165249206423,3.01538070483474
-0.537161018609953,-0.123163783155827,-0.0693111467394036,-0.488525865725321,-0.728855261942409,0.40807037203959,-16.227156996798,-0.17077081636512,-0.41726967157814,-0.0360174136455056,0.00841665645600331,3.05699278781579
-0.537491602109044,-0.123793765193951,-0.0695146904583124,-0.488876106987001,-0.729275131227036,0.40793104731705,-17.5374390068408,-0.13780345565624,-0.482822993684891,-0.0360261959531529,0.0112897268609227,3.01771365759064
-0.537771920943494,-0.124459205431928,-0.0697600230124789,-0.48925140867435,-0.729766814267306,0.407851032727157,-16.5149758559756,-0.394477497800835,-0.404999302366406,-0.0366232763468615,0.0103704805721454,3.06884562396147
-0.538003669011283,-0.125099291014474,-0.0700095572418487,-0.489611300422363,-0.730329275121938,0.407829712942703,-17.0833121514757,-0.575071588411674,-0.413952452127091,-0.0354351946999008,0.00921924288566478,3.04992183396399
-0.538191513568356,-0.125662605393623,-0.0702340087425197,-0.489921955087678,-0.730956565923528,0.407859620601859,-17.3944638323076,-0.596132429788895,-0.476903947975075,-0.0392612693578558,0.0103254109285772,3.04599193094523
-0.538342278885995,-0.126103525636499,-0.0704093840952482,-0.490155038987114,-0.731636599284874,0.407924711070889,-16.4660632663403,0.124527721892264,-0.40893953707419,-0.0350879335097596,0.00978606566303525,3.08871537149991
-0.538463434709453,-0.126386423153803,-0.0705208366916659,-0.49028912489191,-0.732356134806111,0.408006969572987,-17.8618644908493,-0.0338910785346798,-0.352250671459416,-0.0373595036302445,0.0104067769883454,3.04686315607909
-0.538569196484473,-0.126498671879943,-0.0705691871999083,-0.490316991529486,-0.733104073300526,0.408095595755323,-16.7798731146162,-0.206128751998676,-0.336669950704788,-0.0367008361936518,0.00609422322381675,3.09892289185836
-0.538675807341016,-0.126444589737178,-0.0705656696496879,-0.4902441806383,-0.733863458889803,0.408174431417003,-17.2229866168736,0.109670813582852,-0.361046430100629,-0.0377441693508827,0.00604459867067081,3.08241469537052
-0.538808462906152,-0.126228645302375,-0.0705195337178253,-0.49007740988486,-0.734612586874839,0.408228300884807,-17.5224837114316,-0.378794083637558,-0.454325146649012,-0.0355021428035074,0.00968342644371123,3.08236160563464
-0.538993669872741,-0.125873319390395,-0.0704494387941434,-0.489833885149869,-0.735335537773281,0.408253351289702,-16.7087512183609,0.403143836904519,-0.230247328321809,-0.035809797021257,0.00661773134477933,3.12008494175737
-0.539262999731092,-0.125398200365623,-0.0703677176546824,-0.489528206348132,-0.736011223592368,0.408245529257748,-18.0395611934445,0.0146535029095958,-0.251130849779429,-0.0385457951259771,0.0117054367931308,3.08164413264335
-0.539639638899929,-0.124841200881172,-0.0702987408468627,-0.489186729163762,-0.736632067173416,0.408213494611537,-16.9362214704935,0.120406411288741,-0.372013289798105,-0.0360709024583938,0.0112654501707774,3.13361767153996
-0.540147477370353,-0.124237923741993,-0.0702606765061125,-0.488833683004535,-0.737188897324592,0.408168427411932,-17.5591998619665,-0.0379976969295512,-0.402737193838533,-0.036320033538173,0.00904383926142344,3.11308562671329
-0.540805351369897,-0.12362171341618,-0.0702675132880124,-0.488490697946939,-0.737677201132519,0.408124341158315,-17.7209285197599,-0.0943915958871457,-0.425641069901502,-0.0388304068156531,0.011759763638704,3.11623345313244
-0.541619390196026,-0.123032293322,-0.0703358589210332,-0.488182492591296,-0.738103141433353,0.4081018187962,-16.8449850646706,-0.895307808568305,-0.330245665919193,-0.036009662151038,0.00825062011023275,3.15720403840238
-0.54259651494008,-0.122499300865765,-0.0704728450333585,-0.487928136522744,-0.738465383308327,0.408112537075018,-18.2207747530005,-0.451174816237199,-0.2811624093126,-0.0375829606588813,0.0092420859413489,3.11769972978038
-0.543724378003901,-0.122054147204306,-0.0706898128917075,-0.487746776042558,-0.73877584818848,0.408168597427013,-17.2171001242065,-0.150021966516533,-0.303872573200977,-0.0356091885675274,0.0107050143588956,3.17095088868726
-0.544985490632968,-0.121720207810556,-0.070992027296555,-0.487651305244058,-0.739045350253529,0.408275707890706,-17.7484553783923,-0.206744758226932,-0.308543369876929,-0.0375040114299372,0.0113325733923301,3.15519814796096
-0.546360193047547,-0.121510995121705,-0.0713774956589914,-0.487649049822665,-0.739281186117319,0.408431295527857,-18.0769397652881,-0.00928054081168739,-0.365256803114761,-0.035951124904908,0.00913544375740766,3.1514673077848
-0.5478236939267,-0.121427718730907,-0.0718382069715711,-0.487738860528516,-0.739490588597461,0.408626369155794,-16.9847732748283,0.326517478572896,-0.418153756803434,-0.0328026907023529,0.00840501388863674,3.19875485876628
-0.5493446952062,-0.121469358035306,-0.0723671462984821,-0.487917675509607,-0.739683214419269,0.40884711379989,-18.3093548855854,-0.389906122222783,-0.421618715957408,-0.0389290950180725,0.00741069113627019,3.15401265128988
-0.550896227974131,-0.121619615832734,-0.0729467391877507,-0.488172945914298,-0.739861599631729,0.409073331817677,-17.3643285868553,-0.758398544386637,-0.298751072297051,-0.0342525346309976,0.00825955538807566,3.20887951143894
-0.552438101224697,-0.121865204977751,-0.0735672523266409,-0.488492204557302,-0.740043930224507,0.409293812390523,-18.0013397429212,-0.754243493555123,-0.343670437728633,-0.0381365341046114,0.0118857854484116,3.19773640141226
-0.553939283858988,-0.122176073077711,-0.0742075441481249,-0.488851680796555,-0.74023866437397,0.40949219306101,-18.223232764406,-0.715374903802967,-0.564582483350051,-0.0371612151476448,0.0110395413872051,3.19865905832066
-0.555367699843702,-0.122519621183974,-0.0748467447969361,-0.489223923105377,-0.7404605703943,0.409661412959805,-17.1876962680416,-0.0446233888117149,-0.274227643417646,-0.0363156111062382,0.0103243600769726,3.23685123322681
-0.556685610710006,-0.122873900607524,-0.0754756350340477,-0.489587505899895,-0.74073387598779,0.409804347405479,-18.5372080003986,-0.618296046682872,-0.254517205862584,-0.0408824396054306,0.00930229260134391,3.19682254471294
-0.557855394556321,-0.123225215337151,-0.0760920018751223,-0.489925497364857,-0.741088381168565,0.40993367860212,-17.5215360466249,-0.412933870984261,-0.441806914726357,-0.036987265475398,0.00751294095639549,3.24792734945085
-0.558853907525631,-0.12356312705252,-0.0766930760082112,-0.490225838042786,-0.741540929907729,0.410058513762827,-18.0430342147702,0.0160732311132961,-0.409075015375265,-0.0354988307709974,0.00896006756075907,3.23589194455984
-0.559655783554003,-0.123891613092705,-0.0772875422405646,-0.49048545647347,-0.742114526168188,0.410197213961583,-18.4444409758082,-0.0632965268046064,-0.270838798671832,-0.0407852526733974,0.0104537690563304,3.23068222731527
-0.560246239431099,-0.124227024537673,-0.0778904849418665,-0.490710466036147,-0.742826752094106,0.410370370051984,-17.5234489171548,0.505745395599433,-0.407282917535809,-0.0383896321020387,0.0109074854769605,3.27048075219776
-0.560628456951876,-0.124597897460359,-0.0785207748866186,-0.490917732431119,-0.743680137695347,0.410593464849749,-18.8772503191015,-0.125456394856201,-0.374363877015782,-0.0427278415133272,0.0134176770356812,3.23315244032408
-0.56082059366511,-0.125024203436266,-0.0791872155899394,-0.491120787471709,-0.744664960911074,0.410876106773696,-17.631306294702,0.606039597870904,-0.361704449379488,-0.0326905143794978,0.0111340586182231,3.28211284401887
-0.56085616487798,-0.125543224022231,-0.0799069303457831,-0.491346232199958,-0.745759940268012,0.411223662643571,-18.2167420250648,-0.43222306513303,-0.523550558711094,-0.0371874654956268,0.00930835244274547,3.27050078733582
-0.560786224004635,-0.126172387200146,-0.0806783896092573,-0.491609285724463,-0.746929323588268,0.411633802118242,-18.6279414411393,-0.0774840455289905,-0.498169897217309,-0.0361452063590328,0.00846573090608432,3.26570259510177
-0.5606696838098,-0.12693113460928,-0.0814993286157608,-0.491930098060618,-0.748125973409945,0.412092700916502,-17.5504239362805,-0.376589199733189,-0.282567817616496,-0.035738427095009,0.0101575231503724,3.31564163911971
-0.56057868699367,-0.127813109464554,-0.0823467842188941,-0.492312133585682,-0.749290765386066,0.412576726852082,-18.9306920069574,-0.455682969442933,-0.413561707111398,-0.0416337803297884,0.0119006586793884,3.27279379819409
-0.56058274908383,-0.128795320121784,-0.0831871887132172,-0.492747942327254,-0.750366882090957,0.413061306132133,-17.9363901885907,-0.460798252286622,-0.279732149294716,-0.0380040106777728,0.0108919767159901,3.32089299010842
-0.560739086673507,-0.12984632236854,-0.083985862223301,-0.49322327693828,-0.751307962276934,0.413523046436438,-18.477659678823,0.378171474889996,-0.382391614077619,-0.0382627671455902,0.0129718976106474,3.3091987751812
-0.561093647076261,-0.130913344569478,-0.0846971214317886,-0.493709773368439,-0.752075385737939,0.413939091739865,-18.7529089807678,0.0459092533180865,-0.367340243060596,-0.038064354730091,0.0134763751548427,3.30473416805161
-0.561668937108847,-0.131934039945707,-0.0852752793784466,-0.49417204794755,-0.752645488332055,0.414286901932167,-17.8836896809524,-0.546238453248634,-0.421966809211597,-0.0352094670073049,0.00982394803750269,3.34645231691104
-0.562462040327962,-0.132847368375466,-0.0856837827543007,-0.494572107505741,-0.753018646202477,0.414556151809697,-19.1843792503932,0.129903349869892,-0.433341120783894,-0.0378632401108479,0.00844719230480856,3.30818036045811
-0.56344666462399,-0.133596367803912,-0.0858960869684577,-0.494873076293959,-0.753213815263208,0.414743584139449,-18.1777484914369,-0.262356275786715,-0.431972140412142,-0.0382053802376356,0.0101083478534448,3.35641411329277
-0.564582242699663,-0.134124346053739,-0.0858887332529068,-0.495037637492847,-0.753260606730999,0.414851492079002,-18.6016707508272,-0.585144023569001,-0.357935084338493,-0.0399792099220582,0.0119729695407468,3.34202750157309
-0.565810013633687,-0.134396980404289,-0.0856598842831828,-0.49504155167208,-0.753203925668538,0.414890669418355,-19.0086043925598,-0.31561844460316,-0.469847195039506,-0.0418704678558721,0.0112658112426515,3.33851894331228
-0.567055009944762,-0.134408489662871,-0.0852321083600418,-0.494879200387313,-0.753101463865825,0.414876032121098,-18.0727789783044,-0.656394515575812,-0.368726398939117,-0.0393691680000732,0.00987279524498291,3.37852239152561
-0.568257228350943,-0.134168422162904,-0.0846340951739544,-0.494554415570186,-0.753002742069748,0.414826844741455,-19.4291613283502,-0.404994082042322,-0.391533365263683,-0.0418052054266047,0.0105174674075806,3.34247097463166
-0.569361565178079,-0.133708923787118,-0.0839085546429625,-0.494087497826412,-0.752950737852047,0.414759591380036,-18.3732780722692,-0.122854209382467,-0.382742646123205,-0.0401853120302391,0.00941793892106124,3.39401685296257
-0.570322087663684,-0.133080700343291,-0.0831101380419648,-0.493509247423288,-0.752985146952932,0.414692923157303,-18.9248817737203,-0.156062101375028,-0.425481001269048,-0.0399997582741745,0.0116971907061174,3.37725032229571
-0.571119349089359,-0.132347555456821,-0.0822947557322447,-0.492862526462278,-0.753124663514778,0.414639569130943,-19.3371229182948,-0.849402443416011,-0.418043451182115,-0.0437032116419025,0.0103984353549985,3.37588766013496
-0.571747746356405,-0.131587556894083,-0.081524248150985,-0.492199737828988,-0.753378592569155,0.414610984862189,-18.1811804770134,-0.475077671796043,-0.464886355241561,-0.0401073550045781,0.00931453619089828,3.42463363534122
-0.572219016887284,-0.130867129063128,-0.0808492849313487,-0.491566349458449,-0.753741363716761,0.414609797503933,-19.6987710110506,-1.16843447038468,-0.421379964448107,-0.0406389019619153,0.00897144752603041,3.38289354228243
-0.57255848248325,-0.130250950660214,-0.0803157771997898,-0.491008410175129,-0.754195913827962,0.414633629956945,-18.4816488023679,-0.009029155356302,-0.349768860834189,-0.0408893655225602,0.0093357859327961,3.434036792656
-0.572793283168567,-0.129801139765508,-0.0799672856993203,-0.490570571596698,-0.754725744623068,0.414682004052385,-18.9840015793529,-0.500631343350051,-0.395100382997725,-0.0383838439733504,0.00927271952239311,3.42158801568427
-0.572957344353938,-0.129548961189012,-0.0798232077052907,-0.490276829042143,-0.755307721812521,0.414749455470737,-19.4698519847979,0.0839870577228794,-0.416385007523871,-0.0436341397879114,0.00995997231076495,3.42601870712093
-0.57308788391528,-0.129501867672068,-0.0798844650838806,-0.490138929633499,-0.755907051895179,0.414816403016331,-18.5133250368333,-0.455019415218885,-0.405386431995908,-0.0399387065344166,0.00990737273648779,3.46215452077424
-0.573210008161566,-0.129649362737423,-0.0801416450170913,-0.490154942682412,-0.756499892134206,0.414868296400483,-19.8959741360911,-0.703598111823794,-0.446252830499304,-0.0439111689496441,0.00952005534887124,3.4224341939507
-0.573344664367702,-0.129958371387577,-0.0805687820354617,-0.490308271816328,-0.757066662215636,0.414893180015035,-18.7961676347155,-0.0712169974408425,-0.377040823882368,-0.040824264880448,0.00911589471064589,3.47381284098444
-0.573505127700809,-0.130390359969906,-0.0811350100086856,-0.490578087200154,-0.757593259061971,0.414880874925326,-19.2403585903022,-1.16169809327471,-0.477780411840854,-0.0403608772412616,0.00986041008010397,3.46088796718025
-0.573701309933639,-0.130887574109681,-0.0817954600939803,-0.490930836403889,-0.758062658302046,0.414815207109925,-19.702847984728,-0.00758433578403128,-0.461612189604949,-0.0426752780527107,0.0100243397889447,3.45706291027989
-0.573934743501138,-0.131412173180362,-0.082520062171769,-0.491342244073971,-0.758478961181889,0.414701373097916,-18.6857315137057,-0.830868799140035,-0.493686070692746,-0.0415582014303681,0.00742904884836543,3.5052467664898
-0.574207207109252,-0.131907539203393,-0.0832621584506403,-0.491774235407106,-0.758839495308097,0.414537599981703,-20.1275964548875,-0.651227639400304,-0.404108993523266,-0.0445410469786887,0.00862703300402989,3.4597840753832
-0.574512124703912,-0.132355354791703,-0.084004899961442,-0.492210020235938,-0.759164005050031,0.414343359847205,-18.980442478978,-0.480912810494146,-0.472976460544601,-0.0426827439181987,0.00829194083485213,3.51930605061204
-0.574853425372216,-0.132730308626436,-0.0847223857005304,-0.492626272157356,-0.759462667894016,0.41413609558487,-19.6363152119595,-0.193604384416176,-0.440745894571165,-0.0449779987617411,0.00992668497696092,3.50553417684035
-0.575229458935326,-0.133036584670406,-0.0854115432944123,-0.493017220793186,-0.759754444721983,0.413938013360792,-19.9197536289648,0.253947999490265,-0.396809676759801,-0.0462494923648,0.0114926475485825,3.49971552062844
-0.575636897539018,-0.133288687187774,-0.0860766953729784,-0.493380888165792,-0.760065718394335,0.413781292026603,-18.7990337974019,-0.336146314255984,-0.424602909112224,-0.045103456245176,0.0104913036534985,3.54254312640493
-0.576073414520292,-0.133513274719314,-0.0867312936518101,-0.493723395379896,-0.760419335162978,0.413694180678559,-20.2549624048565,-0.272583600611142,-0.447736766633255,-0.0446328201342205,0.0118176934132282,3.50285750788399
-0.576534867385449,-0.133733249785587,-0.0873876793341513,-0.494049152077622,-0.76083335131363,0.413695934608714,-19.2176466410822,-0.857360979775649,-0.535516694980259,-0.0456583075282229,0.00688567683156371,3.54798490097334
-0.577013705094942,-0.13396647971083,-0.0880560302373763,-0.494360836175137,-0.761322510531452,0.413799896583982,-19.6083326996394,-0.649976703344009,-0.543240183963889,-0.0452887344815349,0.00891722116980415,3.53612062520601
-0.577503460467406,-0.134227692468448,-0.088743300898938,-0.49466354942767,-0.761889255169496,0.414005382907339,-20.0303448365725,-0.069169071907254,-0.529221902756831,-0.0457988115969497,0.0104583265967202,3.54039928865068
-0.578003205752696,-0.134510772035252,-0.0894403740327125,-0.494952507203948,-0.762521968480157,0.41429745217536,-19.0221007427687,-0.468916787751823,-0.41905717149848,-0.0417508108558864,0.00608355785539633,3.58057012367916
-0.578500452590117,-0.134816040952893,-0.0901444757125411,-0.49522970994867,-0.763211474418568,0.414657090994457,-20.4693369494629,-0.0657807581178531,-0.55548244000488,-0.0465863703111715,0.00706456763164881,3.5306215215152
-0.578996618767758,-0.135120376659808,-0.090832001587378,-0.495488081482241,-0.763923310100196,0.415042321727105,-19.3723799713577,0.270201576256568,-0.437857575656921,-0.0410338512278305,0.00656441634587573,3.58851504340983
-0.579489170327417,-0.135402804547011,-0.0914814459048592,-0.495722962651275,-0.764629498925262,0.415418580570314,-19.9646105451079,0.127314751126505,-0.427476241194,-0.0451743384177581,0.0079149172924296,3.57220775859184
-0.579975667640527,-0.13564471821469,-0.0920715050283847,-0.49593200485141,-0.765299572702208,0.415747747267583,-20.2496341188064,-0.104866660723019,-0.37872690537381,-0.0466299828917007,0.0101892883013316,3.57430819831524
-0.580460211008526,-0.135835226061155,-0.0925849375956731,-0.496119559025308,-0.765900635691302,0.415994263481152,-19.2646753990639,-0.0400684812984764,-0.499669236878333,-0.0434868048781079,0.0092105637780559,3.61655913399444
-0.580947464932859,-0.135963031706898,-0.0930057695855022,-0.496286103161616,-0.766409082134745,0.416133267015296,-20.5766161626067,0.239669102020116,-0.460049526244489,-0.0470544525152348,0.00779658266380551,3.57068718067629
-0.581439682582241,-0.136036684658681,-0.0933338269663762,-0.496441279593538,-0.766817638944108,0.416159596998565,-19.5125101467411,-0.161908778014322,-0.393179987550354,-0.045078027187182,0.00790679417119633,3.61887107119366
-0.581946422844838,-0.136076776996283,-0.0935774202573547,-0.496600380051916,-0.767121772604351,0.416075636040049,-20.0161124054733,-0.00404857342368814,-0.482286505075479,-0.0451303678575794,0.00822181299914132,3.60811090133631
-0.582469028551014,-0.136114933333345,-0.0937576452977715,-0.496779148897822,-0.767338681707943,0.415904764863697,-20.4980054130639,-0.371787909768955,-0.446093933978744,-0.0467484256394859,0.00809039651795962,3.60590568401919
-0.583003552472291,-0.136175521153114,-0.0938941648909073,-0.496985017628804,-0.767495995659811,0.415677946340015,-19.5130747810203,-0.0544478558842911,-0.383352734261877,-0.0457868515328022,0.0079094093959432,3.64965570010841
-0.583545460125667,-0.136299270073045,-0.0940215883660644,-0.497232418795047,-0.767630863891403,0.415438538062423,-20.9286541450232,0.049502238044397,-0.584698700379505,-0.0486513978654743,0.00969814641691169,3.60797949672462
-0.584085060556119,-0.136514926720659,-0.0941683065818129,-0.497526355965066,-0.767785946770801,0.415231999142422,-19.7866110737232,0.0266475163164159,-0.416117643713903,-0.0458406435057328,0.00657610962343119,3.66128488902107
-0.584613945881293,-0.136834618486604,-0.0943528977426416,-0.497859797058027,-0.767999577210889,0.415099008873008,-20.3756718609377,0.0553794107170233,-0.434568788380744,-0.0469924359104361,0.0104488965633187,3.64299585307206
-0.585121435114066,-0.137259112266605,-0.0945861786424202,-0.498219744180528,-0.768305535598494,0.415074168339263,-20.6037741396148,-0.187269278104168,-0.422950085519432,-0.0497452902075302,0.00884157247395512,3.64400039533168
-0.585596278557066,-0.137785085732681,-0.0948754854704315,-0.498595893963584,-0.768726380500277,0.415178372455189,-19.7792095793984,-0.341571280215931,-0.405184239470941,-0.047519045526534,0.00779514437426232,3.68939110214712
-0.586038082311412,-0.138389082918422,-0.0952100961415674,-0.498968840970794,-0.769266474806185,0.415417629094913,-20.988051036169,-0.307237622444518,-0.43070984193389,-0.049948160464838,0.00879761950370234,3.65259876819013
-0.586443665058107,-0.13904072693209,-0.0955726410604572,-0.499320724335448,-0.769917682824994,0.415781556434895,-20.0928429826074,-0.584653291036602,-0.501140907118696,-0.049288735897413,0.0117285967275789,3.70433216441568
-0.586811502430186,-0.13971878283163,-0.0959506593548933,-0.499643936795019,-0.770666119496088,0.416254376739979,-20.6682078383615,-0.330103024743721,-0.510867154018825,-0.0489528024820842,0.0109524053260533,3.69429130833999
-0.587147775689992,-0.14039107852245,-0.0963195904314256,-0.499930911821116,-0.771478629147442,0.416801590458359,-20.7320130729789,-0.497790924696119,-0.486528239631923,-0.048956812572007,0.0107385670408068,3.69024644530997
-0.587460400853129,-0.141030227262208,-0.0966568196657542,-0.500181432356412,-0.772317652512577,0.417384420874262,-20.0482289052722,-0.778686168558124,-0.409414596053949,-0.0455186316138718,0.00796855482005421,3.73412952903093
-0.587762344415933,-0.141617114914254,-0.096944188041975,-0.500401972904303,-0.773140630982392,0.417959847634745,-21.2959318830157,-0.435018383914894,-0.505543167916727,-0.0512276739161091,0.0107216823967691,3.70060663626506
-0.588062477659129,-0.142137264585775,-0.0971694572040809,-0.500602818164983,-0.773908835249966,0.418484774361358,-20.3673929019142,-0.141003162545758,-0.356402472348236,-0.0497332120380136,0.00935181605506458,3.74945111129346
-0.58836812146338,-0.142582913879508,-0.097325483716125,-0.500799094451939,-0.774588179222395,0.418920541108225,-20.8966239279899,0.110306116927632,-0.459143726844758,-0.0506811010375663,0.0102651501634399,3.73818070089548
-0.588695888260402,-0.142930401304301,-0.0973936244060931,-0.500992775170382,-0.775142072700267,0.41922986961025,-21.1560780550835,-0.0259570126597737,-0.559651753638775,-0.0509317558630356,0.00857173184271848,3.73498389438817
-0.589044583447541,-0.143172902132753,-0.0973750568300695,-0.501191861637103,-0.775557140199448,0.419389905834284,-20.2225554269427,-0.542877550209823,-0.599544301281981,-0.047047040571607,0.00843134183035954,3.78215876531733
-0.589417808377729,-0.143301910610822,-0.0972710076089001,-0.501396165034079,-0.775828470299533,0.419391166449424,-21.5702553172042,0.411954428449462,-0.41327720391655,-0.0542909161658036,0.0104836248540645,3.74152808470249
-0.589818111434748,-0.143296779282529,-0.0970754360641759,-0.501593333284844,-0.775956706456827,0.419230902715321,-20.6043619753453,-0.306571813399614,-0.373766763036002,-0.0510930887791066,0.0069284124779303,3.7900643338497
-0.590240949041648,-0.143151005293453,-0.0967973079087436,-0.50177388992247,-0.775958916527562,0.418921544401651,-21.1077638863399,-0.762940866452936,-0.451649021951084,-0.047862105189509,0.0101363548466925,3.77643319244172
-0.590686446526636,-0.142859182330115,-0.0964443286953558,-0.501922815275623,-0.775858616882212,0.418489577001984,-21.3670965643863,-0.403075462899778,-0.564827636786845,-0.0505784852457625,0.0134421636726332,3.77526035025784
-0.591157693178025,-0.142415175702207,-0.0960223173807981,-0.502021364134153,-0.775679900326488,0.417965682952151,-20.5878894379178,-0.699050552677818,-0.363308766465281,-0.04847993445081,0.00899735030613125,3.81972222676381
-0.591650580749342,-0.141833641630766,-0.0955526407060827,-0.502059958819128,-0.775462272741887,0.417396478047324,-21.7849483994459,-0.663387341788621,-0.493771648874485,-0.0491502462032427,0.0146173805210045,3.77838775522208
-0.592166461290271,-0.141137462308396,-0.0950585754833797,-0.502033054141422,-0.775241526929286,0.416829387229398,-20.7244400291967,0.280363077410811,-0.481289833397312,-0.0492237296647562,0.00968049430573653,3.8251769637769
-0.592704654905144,-0.140373797557151,-0.0945779897112957,-0.501951596434464,-0.775058516872338,0.416318758655409,-21.1393434688013,0.521573912846634,-0.382951381652447,-0.0473866464677934,0.0120062649520796,3.81345774146576
-0.593263624232141,-0.139597997704564,-0.0941503123867449,-0.501833141677887,-0.77495235869269,0.415916717698039,-21.5010292420196,0.210806816200375,-0.547269660390384,-0.0496326130932396,0.0102311214609635,3.80885230779071
-0.593842446396785,-0.138869885232637,-0.0938145084226816,-0.501701479921054,-0.774954078351697,0.415665180758613,-20.6649994908024,0.308203795470718,-0.558027978089569,-0.0456439335422498,0.00922123516911511,3.85249667068764
-0.594435451444933,-0.138255361195822,-0.0936123227915764,-0.501587438396944,-0.775093940297453,0.415600599593485,-21.9803024253151,-0.590667885252969,-0.537773614809737,-0.0509259775562736,0.00799204001091269,3.81470359983133
-0.595039748098359,-0.137800841395652,-0.093566642042944,-0.5015157832557,-0.775383224871656,0.415735699690589,-20.9240626044491,-0.258559152762473,-0.60076994828313,-0.0495691915474836,0.00966268070351095,3.86745360343068
-0.59564410389427,-0.137552771959697,-0.0937002142123844,-0.501514374826739,-0.775834795692912,0.41607750576637,-21.5413011266845,-0.553440626674046,-0.455691314790357,-0.0494620982921785,0.0129999128698866,3.85426180566428
-0.596228616020022,-0.137535053003923,-0.094020624519271,-0.501601222671486,-0.776449716425564,0.416608608146161,-21.7159599520631,0.174443581403921,-0.539382541681363,-0.0534046458618813,0.00962470727841641,3.85446201765828
-0.596779038516717,-0.137757653557797,-0.0945231972852403,-0.501788284554609,-0.777219609759556,0.417302307789351,-20.8582871215718,-0.159753966094513,-0.593982399174763,-0.0483634930265784,0.00693102724901223,3.90151113288335
-0.597277473577252,-0.138199022915322,-0.0951810015140087,-0.502070835291332,-0.778122508610205,0.418109968765572,-22.1531089862376,-0.189232260234576,-0.516094777831739,-0.0530305993752966,0.0133565759417122,3.85676138349588
-0.597702050971119,-0.138833671036536,-0.0959664016837547,-0.502442488050919,-0.779139169826579,0.418982674192755,-20.9208398140977,-0.894040013689391,-0.418075504731547,-0.0493017131446543,0.00858235959988612,3.90524219743646
-0.598047841744795,-0.139604936052639,-0.0968263353077894,-0.502877593423778,-0.780232703607396,0.419863089338347,-21.6072686824296,-0.702365802559598,-0.414786384816438,-0.049838725207191,0.00962514809193865,3.89319439433891
-0.598305568551842,-0.140460104856251,-0.0977141139372628,-0.503353014703042,-0.781371072011556,0.420695615151164,-21.9981839092324,-0.265762810980732,-0.545349598104707,-0.0519329025090678,0.0112839941846215,3.88871561393262
-0.598475240444774,-0.141338089103899,-0.0985764699276024,-0.503838385659562,-0.782521892763097,0.421435533542104,-21.0638704776292,-0.428882657824488,-0.441875766087009,-0.0488914631503801,0.0106340226257263,3.93357718717776
-0.598560823209414,-0.142197007101416,-0.099376151017553,-0.504313697227421,-0.783663702660014,0.422056844399303,-22.5030839133811,-0.409818363281374,-0.5780091016006,-0.0523399032167338,0.0117565543501393,3.8919757353361
-0.598574519891828,-0.142999731448936,-0.100079210363567,-0.504762032577209,-0.784773833872215,0.422540829571399,-21.243220431998,-0.23915359847274,-0.482666987377996,-0.0546459350733643,0.00890581366058874,3.94235096989909
-0.598544081068867,-0.143709648037273,-0.100651714997252,-0.50516517560098,-0.785831517857822,0.42288555898935,-21.8128525553535,-0.0828259653060286,-0.585745097768722,-0.0525471760998122,0.0131322310666449,3.93087487650747
-0.598490720509161,-0.144320679321166,-0.10108660245105,-0.505522236894615,-0.786832925103341,0.423108426286065,-22.2492118681947,0.208852786657644,-0.642656548754218,-0.053026601735926,0.0131036510719611,3.92986506555505
-0.59844874578914,-0.144819080957805,-0.101371629139198,-0.505826171661836,-0.787771013723437,0.423233961942494,-21.2270318582257,-0.381158074624182,-0.527884769559932,-0.0515124330653318,0.0092855772688753,3.97608586418949
-0.598444618655723,-0.145209143385768,-0.101510697729376,-0.506080568761601,-0.788650218407341,0.423296697641471,-22.6304661475774,-0.566003668708618,-0.549078853382554,-0.0540589594626444,0.0114627364751607,3.93606647499208
-0.598504368418135,-0.145498049031724,-0.101513283851016,-0.506289437873264,-0.789477781900017,0.42333445296652,-21.6519133598606,-0.147254881033632,-0.501401122060088,-0.0503973940085052,0.00895875074027097,3.98910851788423
-0.598652495526551,-0.145680802624359,-0.101382249976254,-0.506448982318821,-0.79025774465492,0.423378932380646,-22.1126715565267,-0.423188522883265,-0.625265806298074,-0.051160531060511,0.00851477706469816,3.97613498183065
-0.598906326821284,-0.145741455400593,-0.101114618997858,-0.506547902571578,-0.790990363924927,0.423449697609257,-22.4447398779591,-0.656676479509997,-0.548197328737388,-0.0522620769894213,0.0125156946091844,3.97496866860759
-0.599273948267656,-0.145669789212554,-0.10071418065939,-0.506579484902514,-0.791674588777712,0.423556758607807,-21.536481352738,-0.540455650667582,-0.557892812268705,-0.0485926501916469,0.00769774857161942,4.01970018674607
-0.599758177020645,-0.145446007926183,-0.100178434880088,-0.506530168211401,-0.792304870882314,0.4236968156971,-22.9068325454685,0.0783644113487298,-0.592040450706463,-0.0508527391431728,0.00889447001569371,3.98144338017415
-0.600356561161032,-0.145049667703216,-0.0995045857952865,-0.506385365930707,-0.792873899311227,0.423859503360079,-22.0457090044022,0.505493571857414,-0.489840649663734,-0.0485403970201959,0.0074724028344364,4.03299481591174
-0.601059883208099,-0.144468410622013,-0.0986952157805439,-0.506137506761887,-0.793369147839546,0.424020333529491,-22.2132345935542,-0.772299167363826,-0.510981537372004,-0.0504258924550971,0.00954524838450888,4.02388743776213
-0.601859143251163,-0.143699584727769,-0.0977585491620048,-0.505783077443605,-0.793778612312311,0.424153398495131,-22.7879653575524,-0.372007019251214,-0.595588628811015,-0.0506632741782314,0.00932695053212301,4.02084835912503
-0.602740189004654,-0.142758011488789,-0.0967131616648595,-0.505329979493614,-0.79409504872803,0.424234076974415,-21.8041201727588,0.00064567934077786,-0.570203759354996,-0.0501509071155923,0.00721963860666958,4.0685380402701
-0.603690650899156,-0.141674334692988,-0.0955871077041321,-0.504796613903983,-0.794311427614316,0.424240048428612,-23.1634878009962,-0.353481143035197,-0.547037026970003,-0.0533809937154839,0.0116116227118334,4.02613027194884
-0.604696501542247,-0.14050492585646,-0.0944254800882702,-0.504216943033407,-0.794430335922258,0.424159701000611,-22.0034148274783,-0.419395814829159,-0.703122722696634,-0.0491856635612065,0.0125061563726243,4.08301445294374
-0.60575487836312,-0.139314583233533,-0.0932754378143377,-0.503629610070769,-0.794454555506323,0.423991351184391,-22.7270965517168,-0.0169153869387628,-0.534527357043856,-0.049816215432493,0.0126175883384039,4.07313779856117
-0.606861623204078,-0.138173768689908,-0.0921875117342652,-0.503075604792082,-0.794394022825226,0.423743171165262,-23.1667967852038,-0.0262502267471518,-0.551804711401019,-0.0530026738063962,0.0125776066487802,4.06587054045716
-0.608013268824414,-0.137162710422981,-0.0912185498084985,-0.502602429098552,-0.794265621989861,0.423434454489248,-22.1535734827426,-0.427645450162117,-0.507411526603505,-0.0515980087549104,0.00890098350165469,4.10869627562613
-0.609210139714223,-0.136345741456616,-0.0904138094134608,-0.502245297942267,-0.794090596935842,0.423094633435921,-23.2081935511277,-0.513847595175548,-0.581056282177911,-0.0540128210281448,0.0115931252170924,4.07534277275876
-0.610449855451177,-0.135775911813018,-0.0898105286740498,-0.502033194554485,-0.793890851065761,0.42275288428027,-22.3419778976845,-0.24346143002731,-0.794826113696047,-0.0517255507340035,0.0100876696937053,4.12385421481972
-0.611728312628386,-0.135493075307936,-0.0894374473330237,-0.501984944281872,-0.79369224147065,0.422444519284468,-22.8152061235157,-0.217182530836908,-0.523825836471616,-0.0569140935997741,0.0100704790349584,4.10920045979087
-0.613040822075698,-0.135497396829589,-0.0892949500787743,-0.50209491702879,-0.79351421498771,0.422195161446587,-23.311179006575,0.072105037235815,-0.527664495393878,-0.0508995614049734,0.0114343536113194,4.10988666318495
-0.614375347982344,-0.135760055723356,-0.0893645032521775,-0.502340159625306,-0.793374210953273,0.422022967969142,-22.3408735434184,-0.190669244753963,-0.532573262627807,-0.0498222093936378,0.00971951810972915,4.15564562710817
-0.615719290997298,-0.136236500030353,-0.0896155164716546,-0.502689166536375,-0.793284135390477,0.421936826861735,-23.4916687386527,-0.177796205492996,-0.60865528671431,-0.0554870307200681,0.010512090834491,4.11823701137569
-0.617059783088211,-0.136850545070009,-0.0899953062116239,-0.50309038130966,-0.793247263724782,0.421931659005348,-22.4823838784659,0.0807317525245708,-0.665514500331,-0.0544650852608548,0.0110450260925796,4.16745155727679
-0.618376395906913,-0.137529741560609,-0.0904541295060728,-0.503497223264414,-0.793270213096942,0.422000716284491,-23.1411462971818,-0.0992042338948522,-0.481053220993516,-0.0515703101853973,0.0101486478902489,4.15560198210315
-0.619650935079584,-0.138187810958104,-0.0909304583075834,-0.503858498694594,-0.793348716674639,0.422120272351555,-23.4954883402356,-0.397377909810302,-0.546586887157645,-0.0562908364388868,0.0110053421358191,4.15328995182203
-0.620869335968118,-0.138737629493789,-0.0913605376553142,-0.504122737049499,-0.793473736666626,0.422263138628468,-22.5011568374599,-0.435574187388738,-0.649535785281358,-0.0518810697128496,0.00895133923306607,4.19640851390549
-0.622016900822623,-0.139122490263721,-0.0917023640219579,-0.504258931689793,-0.79363891011855,0.422403664860999,-23.7257348939522,-1.13738783227359,-0.571118620910795,-0.0553123231364405,0.0106131744414538,4.15772607511687
-0.623084288412748,-0.139302854478919,-0.0919246899887201,-0.504248058360742,-0.793835706209224,0.422515596928423,-22.7484599138204,0.151318326128376,-0.433293615395513,-0.0540486165159773,0.0102127604942219,4.20744332664977
-0.624062462221809,-0.139269189869998,-0.092017859643708,-0.504090767806178,-0.794059407361546,0.42257838861758,-23.1464608630491,-0.219768160439799,-0.565052664031953,-0.0542304950408385,0.00836819492484414,4.19637224546448
-0.62495230153294,-0.139036826504651,-0.0919868217008131,-0.503803729084291,-0.794302414107715,0.422576672622847,-23.6234086799274,-0.799819339942587,-0.520418703210225,-0.0552833517044067,0.015338848733347,4.19513982610299
-0.625761507625624,-0.138644893996934,-0.091852861417542,-0.503416936518597,-0.794556016782545,0.422501309585633,-22.5470213539534,-0.298249110999905,-0.44124799827631,-0.051675722455383,0.0107315492497639,4.24175984604469
-0.626501088371766,-0.13815222204365,-0.0916503365720398,-0.50297198755827,-0.794813918781507,0.422351994958512,-24.046564277636,-1.39823083808278,-0.528737303441829,-0.0555258085214749,0.0113065051349507,4.19899876494499
-0.627186616250631,-0.137628005806562,-0.0914204602998958,-0.502516715645784,-0.795064620809439,0.422127989231062,-22.9529640715953,0.63235347200748,-0.582517960851533,-0.0530944658951324,0.0111035147970774,4.25192248187586
-0.627833472563078,-0.137152561558537,-0.0912125770663459,-0.502104060919752,-0.795302552445197,0.421838669122557,-23.4700532761109,-0.270540338774708,-0.6041963243878,-0.0549199939861946,0.0128153265367887,4.23089576404208
-0.628461139196394,-0.136790653377042,-0.0910645548882252,-0.501774091740492,-0.795520283030408,0.421497092888055,-23.8648087358279,-0.482187218728086,-0.602476791922214,-0.0553379521064166,0.012295410337634,4.23031072306271
-0.629084674703924,-0.136605243063233,-0.0910133709057719,-0.501564445178789,-0.795716042322033,0.421121978488986,-23.0206901008693,-0.494531268240962,-0.518672567404025,-0.0525999820032745,0.00902847428861464,4.27846044712344
-0.629711878907077,-0.136637998909192,-0.0910838675037136,-0.501498481384202,-0.795891630270579,0.420731617082666,-24.136450784603,-0.806408255360566,-0.436390534700109,-0.0551405853111548,0.0109183383182027,4.23846402452174
-0.630357332804521,-0.136895497750896,-0.0912744924882876,-0.501577387925161,-0.79604221611794,0.420340054394118,-23.1059849921083,-0.434699542625822,-0.579562930055857,-0.0536007547230897,0.0113748192249694,4.29065698091472
-0.631030517896,-0.137363342148631,-0.0915702091309698,-0.501788274998858,-0.796165623377022,0.419960919018091,-23.6419055522755,-0.472266922545714,-0.700349780368356,-0.0542345040049761,0.0152346191635759,4.28181710466326
-0.631723071871463,-0.138007262814331,-0.0919486370773881,-0.502104365167416,-0.796276805486605,0.41961216582263,-24.112846009796,0.272792671840534,-0.576329335787392,-0.055469345652539,0.0127789350748349,4.2807299387772
-0.632427343057946,-0.138773113208343,-0.092374869183488,-0.502486818616721,-0.796389126009352,0.419308245183684,-23.3145253047683,0.325041158928798,-0.479258721455182,-0.0544366685002982,0.0100612122065853,4.32688077290465
-0.633130506504457,-0.139599566161824,-0.0928124676839304,-0.502893098369852,-0.796519875211671,0.419060539050041,-24.6012544620772,0.171737693368868,-0.536393062595806,-0.0589512414395572,0.0123859229603987,4.2922231574896
-0.633816523875754,-0.14040794462075,-0.0932147433894313,-0.503271559936396,-0.79668521450714,0.418874359589216,-23.5186820677928,-0.294193244337521,-0.715672697090326,-0.0539893918469305,0.0133352969659072,4.34448603814866
-0.634473085543454,-0.141130205191104,-0.0935442221181531,-0.50357717147468,-0.796901037017854,0.418755664623633,-23.9500032948503,-0.407221568997784,-0.594894369161864,-0.0540564238362764,0.012060154468917,4.3309434911308
-0.635084526807576,-0.141711324070387,-0.0937754123238446,-0.503775369127168,-0.797181967459634,0.418704467797569,-24.4529003623392,0.183238394197133,-0.583727232206058,-0.0581425242182059,0.0116595355386441,4.32579859736715
-0.635643616239872,-0.142105841359418,-0.0938876468252536,-0.503839910704912,-0.797531482126137,0.418713358151193,-23.3533781328896,-0.677207978850902,-0.704536967328778,-0.0524493108801556,0.0101801886003775,4.37017476142518
-0.636149146677031,-0.142292494052856,-0.0938768215781509,-0.50376043171534,-0.797948623750114,0.418773370464902,-24.639459338792,0.0881241624299491,-0.547927760620524,-0.057489172433884,0.0116637799157298,4.33197685096456
-0.636602778147453,-0.142274370252767,-0.0937535164162879,-0.503546549696625,-0.798422376839627,0.41886657281455,-23.6136903563737,-0.528246121409666,-0.551945274377914,-0.0540076201649873,0.0106651120474217,4.3844383974744
-0.637024336310675,-0.142059526811972,-0.0935268271432801,-0.503212044171121,-0.798923943220839,0.418967124441619,-24.3255236159853,-0.475556889038671,-0.482000851032069,-0.0544097716894067,0.0129938284945058,4.37254542971028
-0.637432972748766,-0.14168542310567,-0.0932246130239105,-0.502789369603494,-0.79942635949016,0.419052771631079,-24.6042165463996,0.409123531602972,-0.548636448724636,-0.0552462326154397,0.0127912103636896,4.37119773088551
-0.637858627249138,-0.141191604716338,-0.0928716880160974,-0.502312252062664,-0.799894266432395,0.419100326299599,-23.6682350982937,-0.073710396157594,-0.592098074950627,-0.0565841981827333,0.011417944744102,4.41341418407571
-0.638328733107286,-0.14062901089861,-0.0924978075585503,-0.501822623487989,-0.800293527938434,0.419087202894913,-24.9939197561382,-0.389648844880639,-0.508946537725876,-0.0585727445463258,0.0123691912103076,4.37586385908946
-0.638873624945882,-0.140027436007134,-0.0921159524349477,-0.50134631662634,-0.800590299626212,0.418994403982813,-23.9061720483451,-0.299668088697899,-0.449639291739118,-0.0541166810191336,0.0108172156939149,4.42719309668854
-0.639512539090991,-0.139443164883169,-0.0917576984049744,-0.50092324457023,-0.800772604702626,0.418824163332678,-24.4612182493343,-0.872004992226266,-0.804980520483554,-0.0561866550184367,0.00741123523737658,4.41398129845855
-0.640267799842792,-0.138899995319638,-0.0914294394335864,-0.500572977328176,-0.800821569712305,0.418569660505736,-24.8112355053104,-0.453094274513205,-0.628206539520448,-0.0604756405534266,0.0103213357681272,4.42048178951732
-0.641145708523675,-0.138416953860502,-0.091138292282988,-0.500308025175941,-0.800740566721762,0.418240712351729,-23.9336645027607,-0.517691277441145,-0.617427286840325,-0.0588239718670223,0.0100783831804665,4.46500887035576
-0.642144213813513,-0.138010015450863,-0.090891089781483,-0.500135602967055,-0.800545623632967,0.417855699685457,-25.2433867399084,-0.35671775609444,-0.613173504701848,-0.0605542964980272,0.010270770699906,4.42788501398088
-0.643249434497108,-0.137678066745025,-0.0906876562064314,-0.500048120591911,-0.80026676085629,0.417440431123862,-24.2994886378163,-0.978419155508391,-0.5637937791615,-0.057937322562168,0.0111617472231254,4.47971136476651
-0.644437458091953,-0.137415621084383,-0.0905279896643254,-0.500034415707524,-0.799942273609094,0.417023538277027,-24.8601548362095,-0.572780513321959,-0.514500129259943,-0.0596787252046935,0.00851158081172609,4.47387683950385
-0.645677737610927,-0.137215388408526,-0.0904151302959904,-0.500080250363178,-0.799615514300516,0.416632617164135,-25.364819886793,0.322039830298763,-0.692508841038432,-0.0616857033194154,0.0101188594365907,4.46600797509841
-0.646939728430691,-0.137064098221997,-0.0903486387263497,-0.500166166430477,-0.799328526950503,0.416294101172621,-24.1870102665807,-0.277642867466966,-0.615376221727615,-0.0575036895265777,0.00926480667911972,4.50521349890173
-0.648189546393433,-0.136946169109089,-0.0903295173693617,-0.500271336536646,-0.799119844617228,0.416026877955061,-25.4795259279124,-0.70847804238997,-0.631137952945295,-0.0637981240284828,0.012060200962113,4.47351786546443
-0.649392002751511,-0.136844715029936,-0.0903589543571421,-0.500374580467703,-0.799023525814706,0.415843548367594,-24.5290945862179,-0.826254414436789,-0.6379946046398,-0.0606956526377544,0.0119419166808918,4.5236502662975
-0.650520818882165,-0.136744495451216,-0.0904373047532754,-0.500457741253713,-0.799062206305001,0.41574967316005,-24.9597601867932,-0.463801001412094,-0.64478877032451,-0.0580269921183083,0.0142788742722618,4.51162340624773
-0.651553444418408,-0.136633443576569,-0.0905661595133174,-0.500507178696752,-0.799249450893297,0.415743571729306,-25.3505033699007,-0.709616780741953,-0.677038068259094,-0.0611457305146459,0.0104645011301591,4.50970631065818
-0.652478596791537,-0.136497862106052,-0.0907422621086895,-0.500510341299213,-0.79958415691784,0.415813914615268,-24.424403748184,-0.0484666011734589,-0.688055544696994,-0.0623583835290864,0.00862336136926173,4.5516191854375
-0.653285646371544,-0.136327049684994,-0.0909627580391776,-0.500456874822857,-0.80006730786965,0.415954784153581,-25.6046657358552,-0.895985698595268,-0.663084235896775,-0.0640393196167883,0.0119166810725707,4.5144514757829
-0.653973816695546,-0.136115137438685,-0.0912238141958863,-0.500345059321507,-0.800682649694946,0.416146388225073,-24.7843223631734,0.18452261883067,-0.546522346194081,-0.061580521019966,0.0110114276651092,4.56700280921844
-0.65455017930512,-0.135867793186,-0.0915244817526983,-0.500182882590706,-0.801409398487186,0.416371376287082,-25.2828398780689,-0.480437245310668,-0.665582861124335,-0.0636664258558279,0.011447917094322,4.55942867758175
-0.655031197250582,-0.13558315437831,-0.0918535104772689,-0.499976098350439,-0.802219059493415,0.416609478832446,-25.6094623687147,-0.748675880741303,-0.719171996303515,-0.0631063086924546,0.0122698754708505,4.55534822379269
-0.655436890292897,-0.135275361987452,-0.0922083128819164,-0.499740739518229,-0.80308548930689,0.416848206988446,-24.537287853695,-0.668558433019825,-0.728774882383021,-0.0614288824558127,0.00871359695739365,4.59541041843224
-0.655790638858816,-0.134962813103463,-0.0925853344226208,-0.499498846403256,-0.803977390845005,0.417070539259411,-26.0355107059842,-0.0420787794669195,-0.67678324609895,-0.0636499921904923,0.0101310655089791,4.56060287954506
-0.656118648319405,-0.134668441228778,-0.0929825413165797,-0.499275404843174,-0.804861197505249,0.417258980770673,-24.9503910739682,-0.549504906231959,-0.655048457928302,-0.0609052780685619,0.0124471685594997,4.61390717534167
-0.65644771124248,-0.134422976815017,-0.0934021512232954,-0.499097128761674,-0.80571415412788,0.417410620268734,-25.2848705824553,-0.954088743800412,-0.693061886506229,-0.0603030917356366,0.0115535862426636,4.60568391254077
-0.656802970774147,-0.134256125222681,-0.0938457250610796,-0.498990310605913,-0.80651161370831,0.41751664227673,-25.7702822138218,-0.118736554736415,-0.683318797667368,-0.0631901083574817,0.0103440399403803,4.60065941395391
-0.657213988793902,-0.134182582261774,-0.094303782286884,-0.498968785409274,-0.807226020929302,0.417566872790995,-24.9117417491379,0.0683057949706836,-0.530347135828691,-0.0605318747285333,0.00854135769259162,4.64751579765488
-0.657696839677649,-0.134216471647902,-0.0947713972849806,-0.499043971303713,-0.807839423153197,0.417552615628885,-26.0378331147522,-0.25079913524246,-0.680766722931281,-0.0616081713730483,0.0123768630931304,4.60799034393558
-0.658270145622764,-0.134357616655036,-0.0952360449197329,-0.499214174994242,-0.808331447934892,0.417462660029635,-25.3582048258889,0.664498049769463,-0.465724724010556,-0.0608622651679513,0.0130920873838059,4.65920093239163
-0.658932350422617,-0.134613321844181,-0.0956985106067829,-0.499477508621798,-0.808705851272875,0.417300644547445,-25.7017914239332,-0.507402360795822,-0.650546340493037,-0.0632125969754855,0.0106290007088483,4.65203424587816
-0.65968631965753,-0.134957430584628,-0.0961378247233065,-0.499809109515745,-0.80896163784539,0.417065465876259,-26.0507571647768,-0.0437076467705992,-0.649398928751879,-0.0657353410294736,0.0137743539922782,4.65096221739377
-0.660521139268688,-0.135369269155948,-0.0965427671905856,-0.500186247040939,-0.809108214325345,0.416760167075366,-25.158042181009,0.0129843759555115,-0.539933366724256,-0.061368541467965,0.0107316249525912,4.69713151612097
-0.661424051331337,-0.135814538003717,-0.096896550780549,-0.500574179398337,-0.80916151421221,0.416394582955923,-26.4143580950112,-0.585948651502122,-0.804962381271196,-0.0638823934503083,0.0111193176206475,4.66063422345618
-0.662378062056077,-0.136248888974045,-0.0971784689401782,-0.500931945547463,-0.809138412965215,0.415977007783881,-25.4452500602465,-0.384546413293265,-0.6932851353844,-0.0635419639631194,0.0104633444276002,4.71150410736738
-0.663358091390854,-0.13665312954103,-0.0973888980994233,-0.501236019884178,-0.809069848605588,0.415527934543877,-26.0275157909768,-0.179061043299953,-0.597908843689055,-0.064254881469989,0.0145143392127014,4.70391272567993
-0.664347440073103,-0.136989685845529,-0.0975142195561494,-0.501452452938846,-0.808978539000892,0.41506454801287,-26.4300232660268,-0.01610597345325,-0.589633782400625,-0.0655707985681064,0.0138666690176768,4.70179691389842
-0.665328642196162,-0.137251024213032,-0.0975607441185693,-0.501569109394522,-0.808893648391883,0.414613347621517,-25.4258699125772,0.155545249183433,-0.687561045521164,-0.064462321247313,0.0102326397839186,4.74871342277824
-0.666286695380753,-0.137441232784148,-0.097541773657903,-0.501584641357643,-0.808840415063024,0.414198379521853,-26.8523420353154,-0.185937526370026,-0.560236421520329,-0.0668299975587034,0.0140737867472095,4.70643429019634
-0.667211450096313,-0.137575325867095,-0.0974764438624576,-0.50150815622428,-0.808841562324169,0.413843662097176,-25.6803417156556,-0.383469360392837,-0.741389901803785,-0.0656005712836376,0.0124808315680899,4.7633770961851
-0.668100563309296,-0.137682259464473,-0.0973889235988437,-0.501362166786537,-0.808910457324793,0.413567588895188,-26.2143574509859,-0.634647985248648,-0.634159196079338,-0.0646161744109994,0.0117603085884439,4.7515850982017
-0.668954656778653,-0.137780304957444,-0.0972918682210979,-0.501165080226607,-0.80905192224913,0.413378995932605,-26.4930265924287,-0.69402329627178,-0.508014605712617,-0.0681420318220867,0.0137619985317086,4.74781071040487
-0.669774167412098,-0.137906654053292,-0.0972100753158818,-0.500949534017436,-0.809270528752841,0.413285753293982,-25.6920138652682,-0.7068939994831,-0.59403191003841,-0.0638166199528016,0.0109874264640094,4.78954647630893
-0.670558792395782,-0.138093270296946,-0.0971644975367898,-0.500745107808887,-0.809565373793066,0.413285984370876,-26.9584386590807,-0.730236439389728,-0.705700011169057,-0.0672810899190917,0.01163725573046,4.75953465949164
-0.671302608551958,-0.138362226644386,-0.0971694940413934,-0.500576594884554,-0.809936584213705,0.413373436651225,-25.9194013821199,-0.221026173973769,-0.56419983165776,-0.066446263748059,0.0104103829019591,4.81018768315719
-0.672001050324982,-0.138726622953771,-0.0972332350972374,-0.500462150894558,-0.810379690871548,0.413534947443028,-26.515955489029,-0.831211154113589,-0.661629011489339,-0.0673488623902601,0.0117047525707401,4.80284164253716
-0.67263890681959,-0.139196697425682,-0.0973664780113817,-0.500415364999079,-0.81089851469216,0.41375891190558,-27.0822685156172,-0.157307827516661,-0.51626961006022,-0.066610148376101,0.0102616111503442,4.80444736562347
-0.673209715304379,-0.139756710955866,-0.0975602367690129,-0.500432763357508,-0.811483900886642,0.414023254561919,-26.1155938228994,0.11090415233366,-0.611059069627373,-0.0615415460695279,0.0112941582477343,4.85352884212022
-0.673704618251836,-0.140391310692303,-0.0978103152554162,-0.500508453079328,-0.812132195868156,0.414309165121197,-27.3177146759066,-0.320656190584714,-0.503030992112883,-0.0655034454734955,0.0150913732308826,4.81950767601394
-0.674112282070159,-0.141073813411341,-0.0981070008039562,-0.50062787000604,-0.812841852014309,0.414598845813486,-26.2897106322917,-0.408046556742647,-0.650073247217904,-0.0667445103825179,0.0110850265105339,4.86400374058363
-0.674433425758175,-0.141762201190099,-0.098430667093947,-0.500763184065672,-0.813605479341849,0.414876023807944,-26.7921515985068,-0.0864026436784116,-0.760372572070452,-0.0635262729192965,0.0112230361726737,4.85421340408904
-0.674670355546822,-0.142419518738007,-0.0987661356849585,-0.500889334517412,-0.814416946326099,0.415129009565312,-27.2586116500751,-0.572478730531429,-0.629444132400579,-0.0656239553444404,0.0133113963979966,4.85607594400047
-0.6748434348093,-0.142998472056406,-0.0990888254001836,-0.500974207702122,-0.815258981485113,0.415346926227404,-26.2870552649776,-0.289587766304066,-0.634724673475773,-0.0646727411546557,0.0105363411771719,4.89770748358
-0.674975818426316,-0.143480971358258,-0.09939479262375,-0.501006287922972,-0.816115647311035,0.415524763453983,-27.6317909751409,-0.475920007976583,-0.61652689719628,-0.0618200966851545,0.0150073229992145,4.86337620801764
-0.67510201758187,-0.143826201131218,-0.0996608786198523,-0.500959467661185,-0.81695956014406,0.415652408239295,-26.7632070212557,-0.00740038714457114,-0.583916006066744,-0.0632344725778125,0.0111441109160258,4.91445619037699
-0.675250752077837,-0.144022648446697,-0.0998851820554369,-0.500825738196332,-0.817777410516512,0.415737949196326,-27.0462037664919,-0.983933622726227,-0.568763203997037,-0.0651574674733602,0.0139195377036579,4.90239763363031
-0.675457104573081,-0.14406111885118,-0.100062817113763,-0.500603980146092,-0.818543280616804,0.415778666233366,-27.5304293592873,-0.408111704043222,-0.752940821745142,-0.0678875491323958,0.0154830470421904,4.89988153327455
-0.675749798445808,-0.143949141571171,-0.100199782066961,-0.50030425460012,-0.819238849967289,0.415779008115703,-26.4728111552417,-0.388452397987294,-0.607465108890835,-0.067065713106087,0.012349190103427,4.94864429752362
-0.676147719959378,-0.143704330744987,-0.100308034127355,-0.499943959158117,-0.81985214073615,0.415745731500931,-27.7935025989728,-0.270428720128166,-0.662836432763527,-0.070588825150077,0.0137566487006123,4.91786177249711
-0.676653061641775,-0.143350447502255,-0.100405090765405,-0.499545197816452,-0.820383591701951,0.415688540500845,-26.8625406128277,0.308774807584086,-0.682231143377493,-0.0681250420012938,0.0124332754240322,4.96797132981965
-0.677260043084075,-0.142922665047484,-0.100514639182017,-0.499137287713626,-0.820839374210499,0.415619262040292,-27.378493631791,-0.326604260231079,-0.653426128778648,-0.0676444576114732,0.0126020989277424,4.95657907711701
-0.677942630670699,-0.142477513415836,-0.1006771268049,-0.498762513328885,-0.821245701292507,0.415558227840246,-27.9251710233985,-0.394795493711172,-0.603082873294682,-0.068026081683199,0.0137957427200865,4.95115176968718
-0.67867656554044,-0.142069451146492,-0.100927211772635,-0.498462429645749,-0.821625331930039,0.415521953509017,-26.7534608065721,0.671073815639829,-0.750308050107094,-0.0633867967383757,0.0129941282382038,4.99876646433628
-0.679427641437303,-0.141744865192068,-0.101294352029996,-0.498269643057302,-0.82200882945873,0.415526767854251,-28.1082263601244,0.00388270352686959,-0.688656740964973,-0.0680776513808392,0.0175868838458201,4.95235490679346
-0.680159834055165,-0.14155247356172,-0.101809126987027,-0.498214628605454,-0.822434930113652,0.41559521296844,-27.1256865350643,-0.5909821862424,-0.791500277892112,-0.0661247785888404,0.0140952056861279,5.00499790059407
-0.680846927604776,-0.141519839854165,-0.102483360642892,-0.498313528988644,-0.822927128859994,0.41573492503184,-27.4528558185365,-0.273058608536303,-0.648971007163226,-0.0632738151596821,0.0133155954679915,4.99782333871033
-0.681470697111544,-0.141662654465809,-0.103319110715567,-0.498571518382215,-0.823507226908268,0.415955204394852,-27.9293176099519,-0.817138089651053,-0.722625331266102,-0.0680895714296188,0.0124743873147134,4.99712039974233
-0.682028097651625,-0.141981089736852,-0.104303252246744,-0.498982831984654,-0.824179139319038,0.416252347470599,-26.9494769101146,0.0589638030369315,-0.682728877110208,-0.0668131533456089,0.0119593202552759,5.03321702212151
-0.682527651271705,-0.142452240735563,-0.105404528713868,-0.49952404148372,-0.824938132094379,0.416618997432563,-28.4001255943004,0.273046071110684,-0.672023903246611,-0.0675416007572305,0.0146691852668462,4.99090519635313
-0.682992013507462,-0.143029422938968,-0.106572595563628,-0.500156295489484,-0.825760495144919,0.417034008369346,-27.3101438242907,-0.222371077857588,-0.609028857876268,-0.0625082108307629,0.0127798030457458,5.04528615964742
-0.683455185761842,-0.143655024816683,-0.107747720475637,-0.500832566152969,-0.826609722511752,0.417470701293397,-27.8392191496646,-0.834459796239571,-0.750968730293806,-0.0631423617006748,0.014848573039939,5.03606531564203
-0.683954682273137,-0.144258870751877,-0.108861606648661,-0.501499596032041,-0.827440591450558,0.417894045414488,-28.2721564507655,-0.384954367089904,-0.785234013909985,-0.0651318186306544,0.0136109578841377,5.03489615035391
-0.684528454606979,-0.144779958753927,-0.109854655267684,-0.502108098300316,-0.828210133922819,0.418276697974435,-27.1493533715692,-1.07235561987204,-0.692746666805846,-0.0630419372226161,0.0139704003300746,5.08143480570683
-0.685213578445259,-0.145151854414396,-0.110665137988231,-0.502606861672797,-0.828871842538426,0.41858685784201,-28.4559330634376,-0.127533396371746,-0.753401142784014,-0.0675118763427909,0.0156253115100426,5.04534702893645
-0.686037011033803,-0.145322552075277,-0.1112452052847,-0.50295507785215,-0.829386574458945,0.418798660957197,-27.4944861409661,-0.133428429308196,-0.690757153506013,-0.0682402004227369,0.0158810398760958,5.10055471911114
-0.687011129263139,-0.145269254258895,-0.111573388412751,-0.503129948228657,-0.829733892995642,0.418901895482033,-28.0367802556369,-0.527374700583096,-0.705035888810642,-0.0673868268880558,0.0118278816633219,5.09265708501012
-0.688138878999992,-0.144977594215291,-0.111637070303274,-0.503115407397449,-0.829903774134885,0.418893342055853,-28.3755981881716,-0.605859933814827,-0.681818691582748,-0.0703990075386884,0.0164152204006214,5.09079365925277
-0.689412590214413,-0.144459060817993,-0.111446713496641,-0.502912298142646,-0.829900730274849,0.418781821098532,-27.5237527613865,-0.152292627244833,-0.755514621772932,-0.0665250612173103,0.0168180437131356,5.14157814861298
-0.69080251063196,-0.143759771988583,-0.11104436424984,-0.502545796429182,-0.829756932626276,0.418593415516489,-28.7692271501949,-0.592739617804909,-0.557453454693189,-0.0686402649794844,0.0172973542098706,5.10410176322497
-0.692277117799138,-0.142921206120368,-0.110469872051671,-0.502038644261788,-0.829509446087038,0.418359401120581,-27.83737514719,-0.245501728641557,-0.846924477030598,-0.0681721092182532,0.016741058589455,5.14509920408023
-0.693794247056709,-0.14201475275365,-0.109787410655023,-0.501435431650039,-0.829208936286622,0.418119535123754,-28.2288984618017,-0.236071194394754,-0.725420515910145,-0.0654741894713529,0.017760414652286,5.14349947484915
-0.695306937397939,-0.141115860341304,-0.109067354511953,-0.50078316407891,-0.828918234937854,0.417922425005186,-28.9333268055299,-0.545814040591722,-0.68023172290043,-0.0681409944240192,0.0171243460923364,5.14854811434075
-0.696771555260666,-0.140292866392658,-0.108372823376928,-0.500128815181043,-0.828694802613505,0.417810747721787,-27.807133603292,-0.505994983325536,-0.515875413606096,-0.0660710498629102,0.0149648076157827,5.20000331241604
-0.698150641185663,-0.139598153596051,-0.107753777080592,-0.499513220334576,-0.828580779169393,0.417810060140716,-29.178913056604,-0.446595634126425,-0.689232755852203,-0.0713387688395097,0.0151273357060834,5.16365914913352
-0.699405134301387,-0.1390704300563,-0.107251716653468,-0.498968368154099,-0.828616874771425,0.417941453830183,-28.2534593654244,0.0934530457980145,-0.607359823730945,-0.0699849778050887,0.0151367327319588,5.22021054762737
-0.700506642737147,-0.138743372900239,-0.106900703646198,-0.498525568849473,-0.828831104356773,0.41821685972063,-28.7003055901197,-0.0413628212111234,-0.607692823259583,-0.0679388905888776,0.0142878947613542,5.2081185450519
-0.701436302254456,-0.13862690110641,-0.106714980658844,-0.498203459590994,-0.829231549474933,0.41862862470001,-29.1467322538026,-0.122166704596566,-0.697794671098819,-0.0687860181776361,0.0162830993704582,5.2060414805253
-0.702187137503996,-0.13870987031552,-0.106690255686357,-0.498007922477016,-0.829807088985545,0.419154259219583,-28.0000803303998,-0.315303451819318,-0.729372015155292,-0.064746689793683,0.0140142212248953,5.25737752338855
-0.702758227681696,-0.138967328077621,-0.106809668182725,-0.497934883830249,-0.830535376402089,0.419761452320952,-29.4728617564276,-0.553932799533868,-0.671438522032844,-0.0708237928117694,0.0167604748331163,5.2171229220682
-0.703156708383427,-0.139358079009694,-0.107042842200234,-0.497969260646083,-0.831380530441539,0.420407517512286,-28.4701963728745,-0.0383974491448953,-0.876439183017879,-0.0667499998306984,0.0175603581897341,5.27086962058097
-0.703396598615468,-0.139851159552389,-0.107364597483885,-0.498099733616844,-0.832306578861761,0.421054799217459,-29.0356111845593,-0.228542067159196,-0.711754305222286,-0.0660280812885552,0.0160608712946548,5.25932354419363
-0.70349950957604,-0.140397217385142,-0.107734074784289,-0.49830106091836,-0.833267292138909,0.421659271581773,-29.5386021496316,-0.758738940343164,-0.544930148834908,-0.0695344962583784,0.0166814654345048,5.25807488815022
-0.703497776059561,-0.1409561383384,-0.108114091805998,-0.498551190552814,-0.834216518562363,0.422186096326848,-28.539803550356,-0.0360284385265004,-0.615067410281512,-0.0686436292733363,0.0174128486282059,5.30769234107485
-0.703428588143196,-0.14148673471035,-0.108465970386452,-0.498823360402818,-0.835108745167586,0.422604768637538,-29.7895676599452,-0.862156210252124,-0.628486523142385,-0.0719351331605433,0.0146294129762851,5.27268640588537
-0.703327957624377,-0.141962527354833,-0.108763147238303,-0.499098553939821,-0.835910367723642,0.42289834946328,-28.8916290560534,-0.821016660550868,-0.651264171789649,-0.0697823166599378,0.015181008485054,5.32301172255365
-0.703235683048151,-0.142368620498935,-0.108986834378638,-0.499363595525752,-0.836595011570717,0.42306146483401,-29.2508220143951,-0.463116134659003,-0.582912298467392,-0.0692395356963287,0.0161450699822402,5.30983528675173
-0.703184176365297,-0.142712119817947,-0.109137194360164,-0.499617469310395,-0.837153866829792,0.423104261505115,-29.7820451069023,-0.223862617452369,-0.661533882690065,-0.0721003739668586,0.013691913873481,5.30762996305516
-0.703219491776143,-0.142990006758763,-0.109204041095788,-0.499852347317983,-0.837569650951364,0.423037509227686,-28.8222761623815,0.0449387881992607,-0.771802630526309,-0.0675321608431831,0.0160922772870442,5.3499132059533
-0.703374227578735,-0.143216643314732,-0.109193786214627,-0.500073097405541,-0.837840961520934,0.422879262470922,-30.0045768405491,0.0144451767525879,-0.72303181607387,-0.0716264264504631,0.0169797693850333,5.31329922396011
-0.703674727455692,-0.143411795150312,-0.109119713835386,-0.500287792149092,-0.837973601645145,0.422651591976148,-29.0524114577036,0.249099538518522,-0.699033750435319,-0.0731789811649226,0.0141314885175039,5.35891789577814
-0.704142627718703,-0.143591108219624,-0.10899386966732,-0.500501112096298,-0.837978758435448,0.422380045757927,-29.5525344379229,-0.416994792049309,-0.650847621744418,-0.0690308663917998,0.0151167394524822,5.35474536496784
-0.704786219030585,-0.143773028938253,-0.108832745955632,-0.500722417974897,-0.837871050136759,0.422083583223136,-30.0582733793134,-0.414805853323742,-0.762454197203226,-0.0705506127916746,0.0147443289846831,5.35419411686445
-0.705611222462336,-0.143962400372199,-0.108643330122485,-0.500952480388896,-0.837663075945392,0.421777478983725,-28.7997116861853,-0.657739260446078,-0.773549840644165,-0.0689835895566167,0.0145616547768539,5.40147269608164
-0.706605357822277,-0.14416583085227,-0.108438674310547,-0.501194098642514,-0.837375197951831,0.421473138572288,-30.1817240347768,-0.332367616425245,-0.899235604150505,-0.0748096049288112,0.0168639064453965,5.36454306678579
-0.707746689706493,-0.144383272452949,-0.10822781335802,-0.501445626215852,-0.837026692355364,0.421173508503794,-29.360426419571,-0.597554064485394,-0.878882976945249,-0.0720701873343481,0.0126815905743575,5.41666499569338
-0.709001272052884,-0.144605516785459,-0.108015598380173,-0.501697301498343,-0.836643242884603,0.420882236003991,-29.743906056752,-0.604273071392981,-0.663858691560023,-0.0707183227766484,0.0148403359168019,5.40675448406861
-0.710326850857466,-0.144806385673383,-0.107794169898533,-0.501929420547687,-0.836249863370143,0.420596194648202,-30.2973254651239,-0.688255019164217,-0.64113524012069,-0.073080478231808,0.0195065054333515,5.40450450869417
-0.711680039675612,-0.144968185351606,-0.107560406905026,-0.502128100663742,-0.835870030203658,0.420311003626055,-29.1593702153539,-0.61843081289976,-0.680123234264215,-0.0705118237845634,0.0150663896673274,5.44836466173133
-0.713013540271112,-0.145074073658974,-0.10731189316484,-0.502276617318218,-0.835532361404632,0.420027982281236,-30.5469060375561,-0.824434250322838,-0.698378709238654,-0.0727154053535899,0.0157684883562995,5.41618923406535
-0.714280005166939,-0.145099361792572,-0.107039963134946,-0.502352543227168,-0.835267109123551,0.419750683603208,-29.5957214366562,-0.44848619623167,-0.784449009448622,-0.0728219422143934,0.0130725137200772,5.46672066405765
-0.715446057404048,-0.145034583160257,-0.106742604475087,-0.502344570434509,-0.83509681375111,0.419485040457435,-30.056076059301,-0.570934031167099,-0.757896084621109,-0.0746202404209222,0.0151743029617153,5.46418979916638
-0.716480641769867,-0.144883697539957,-0.106425921616308,-0.502248758730686,-0.835048730910785,0.419246303586961,-30.6607667079138,-0.575159826262507,-0.795589852782342,-0.0794162138860632,0.0178638582877733,5.46384817604897
-0.717371744201396,-0.144665587064762,-0.106104222629028,-0.502071145124442,-0.835144506616046,0.419056504589691,-29.6418073690314,0.0666519486987909,-0.812537614404192,-0.077104764624456,0.0130028325503151,5.5111159013867
-0.718123627805096,-0.144395177063229,-0.105784076701896,-0.501818859269484,-0.835388251291761,0.418928986267931,-30.9879841352079,0.377958064143058,-0.74453579381489,-0.0778969967453738,0.0143229168206159,5.47182041504062
-0.718749071452819,-0.144101784995652,-0.105482808702404,-0.501508091054809,-0.835787625511515,0.418887626799072,-29.8647427710682,-0.0294438737712426,-0.82782251255162,-0.0758963286114707,0.0186752349859624,5.52263424978254
-0.719277360200946,-0.143813060154447,-0.105213943342366,-0.501157765988687,-0.836331923812958,0.418945421430248,-30.3552729621483,-0.40510151977719,-0.845738021650533,-0.0738862619378411,0.0164635352882558,5.51324440925408
-0.719746941855054,-0.143555095896175,-0.104989669959374,-0.500786879015007,-0.837004052757738,0.41911268695893,-30.9472146049893,-0.570068515154617,-0.691598195972205,-0.0775080859466155,0.0153847365325718,5.51175540721957
-0.720202289019422,-0.143353057109953,-0.104820406955086,-0.500418962332034,-0.83777389324787,0.419388709730105,-29.7199263059502,-0.262403590801114,-0.706064938362005,-0.0735230331197632,0.0151699821935238,5.56690734188303
-0.720687748398206,-0.143226953200027,-0.104714289025451,-0.500078574130627,-0.838602333006907,0.41975900740164,-31.2785142332946,-0.0853878823918421,-0.719677787263578,-0.0775156700260444,0.0185471181274575,5.52861228441148
-0.721240193317512,-0.143182611575229,-0.104671734054885,-0.499782265649317,-0.839450802879099,0.420204180261615,-30.2659599558629,-0.197354141906999,-0.663497050839254,-0.075116423320583,0.015825510908188,5.58235358212645
-0.721898010276659,-0.143203281217989,-0.104677101878432,-0.499533980858781,-0.840269385007311,0.420691085193955,-30.6223758754731,0.0483931165456397,-0.751394882403076,-0.0724128407524827,0.013964658657049,5.57589124874863
-0.72267665583101,-0.143271344101891,-0.104718910660552,-0.499338385879489,-0.841018231375213,0.42118084640421,-31.3307759501683,-1.07914035129238,-0.839448809423516,-0.0755995491748664,0.0167586957148148,5.57625719252024
-0.7235816999931,-0.143364244748465,-0.104784145833937,-0.499196582342493,-0.841661028086019,0.421632745867676,-30.0848746337005,0.177949302354136,-0.784501613573894,-0.0718255433371384,0.01309652470237,5.62795925690311
-0.724606397794666,-0.143444481034428,-0.104851655519399,-0.499097702412396,-0.842168949688973,0.422003594127639,-31.5936351773587,0.642783257112796,-0.800568333834065,-0.0756854672912439,0.0181108313942673,5.59223434703795
-0.725729849192738,-0.143475656772359,-0.104902879184787,-0.499027935182413,-0.842527923261927,0.422259197748098,-30.6255264423281,-0.153367405549943,-0.752452682184924,-0.0745085195420296,0.0217108888322195,5.63755089173256
-0.726923381016306,-0.143433826330098,-0.104928754101603,-0.498977478479145,-0.842736543903183,0.422375573552983,-31.0616489396778,-0.469552387401791,-0.746132119343685,-0.0720773031839657,0.0190463398952402,5.63081889280088
-0.728150540252496,-0.143297332783862,-0.104922531642059,-0.49893277012325,-0.842808072663468,0.422340252549191,-31.5483695772297,-0.297711844880041,-0.75334256184658,-0.0759548227101199,0.0160668250135019,5.63402809154682
-0.729376194257007,-0.143050634545855,-0.104880677978369,-0.498878220263307,-0.84276375270497,0.422153134840598,-30.5293339979308,-0.726944336364113,-0.808085489536666,-0.0738792865473865,0.0145908251473585,5.68233510467715
-0.73056380152356,-0.142698243771513,-0.104814103523797,-0.49880606269786,-0.842641178113835,0.421832813932296,-31.8830446550717,0.20110040156419,-0.707633828667184,-0.078113095751458,0.0181011134186986,5.64458678607539
-0.731674098575724,-0.142265078645563,-0.104748046049567,-0.498715785359237,-0.842494420630442,0.421417055001706,-30.8467269185294,-0.308373562924771,-0.672629018366678,-0.0774302845359278,0.0167936387188702,5.69631400163889
-0.732688803781509,-0.141768485759288,-0.104695098257106,-0.498601917817333,-0.842362783941733,0.420940865110419,-31.1541027163958,-0.532769123453818,-0.827175527131004,-0.0756080682772113,0.0188633448314228,5.68758656163125
-0.733588444623239,-0.141248644863532,-0.104684798674,-0.498471287733325,-0.842295189786423,0.42045160910484,-31.8201496301448,-0.200004250799338,-0.877660344255077,-0.0801996932983586,0.0181880647423531,5.6836391617824
-0.7343665855202,-0.140746915929105,-0.10474279466425,-0.498331810867189,-0.842334412703241,0.419999555787168,-30.7116243619575,-1.0060383149123,-0.732028760080254,-0.0765301911721066,0.014139203544054,5.7361029047987
-0.735030284297042,-0.140292036598106,-0.104880175125794,-0.498187501674939,-0.842503569306941,0.419619797937041,-32.1811960931313,-0.637376269405422,-0.675433381791606,-0.0796618347704308,0.0198182506841674,5.69674069655707
-0.73558837819204,-0.139911690872209,-0.105107866597947,-0.498045188785845,-0.842820282514635,0.41934283825459,-31.2190735799892,-0.778917507352844,-0.774384606584533,-0.0798396683550124,0.0183960880243927,5.74929427669387
-0.736065178791349,-0.139620118228659,-0.105421186681133,-0.49790897844671,-0.843279154566671,0.419182989330158,-31.615784425231,-0.459519892206117,-0.806420722832513,-0.0790698354424335,0.0165426622913014,5.7444554236506
-0.736488075962866,-0.139423135141287,-0.105806938303617,-0.497783726856574,-0.843861279843303,0.419139758159351,-32.079033758289,-0.205381332735897,-0.833826878648438,-0.0793258346682695,0.017821615426259,5.73817374468674
-0.736891506678786,-0.139313307749146,-0.106241549277966,-0.497669904781635,-0.84453413379523,0.419201485362531,-31.0789196921735,-0.766629329575608,-0.830777962593913,-0.0756731444247367,0.0168489082654399,5.79449237880265
-0.737313118764777,-0.139265828717236,-0.106688079952688,-0.49756122867117,-0.845250094237178,0.419338695180056,-32.4747994254918,-0.496357797992232,-0.870924625531728,-0.0790968945721331,0.0193396801293019,5.74717713974899
-0.737789228929282,-0.13924200500404,-0.107100269297817,-0.497446954292013,-0.845951225489566,0.419507954784934,-31.2654399728786,-0.309117486242258,-0.737300136107535,-0.0785439543731052,0.0175725131036435,5.79806693691263
-0.738354849576831,-0.139205714115345,-0.107435022797959,-0.497317826845866,-0.846582204924441,0.419667287941414,-31.8323914703369,0.319735965044856,-0.727550875777183,-0.076487890875709,0.0165830654736175,5.79000238749689
-0.739034380658497,-0.139114772919442,-0.107650848583217,-0.497160761234045,-0.847091221356054,0.419769064275862,-32.5633557298036,0.120663482790178,-0.71679735023784,-0.0799224278537363,0.0198922935201242,5.79415606331544
-0.739850653153343,-0.13894117530789,-0.107718265833534,-0.496969837160898,-0.847436461162013,0.419777680984579,-31.3370510933297,-0.722089220734233,-0.723687168172376,-0.0747287343972469,0.0167462818924266,5.84418916074582
-0.740811707466261,-0.138654786475729,-0.107613153357119,-0.496732417651715,-0.847591877159936,0.419664399963336,-32.8735739051349,-0.424523320353956,-0.834516849239037,-0.0793115490500798,0.0161690626900365,5.80095306926659
-0.741911460229925,-0.138247032723905,-0.107333956364848,-0.496446006789948,-0.847553122019895,0.419416839109726,-31.7353414499322,-0.12680638958841,-0.712898273811902,-0.0794021107993665,0.0173279765253415,5.84862576222756
-0.743132475788089,-0.137721707497361,-0.106893018659133,-0.496111170200138,-0.847336674253767,0.419041156858937,-32.05996585094,-0.378814061084086,-0.808317049795335,-0.0780839776148867,0.0207409321312816,5.83988304851247
-0.744440114175865,-0.137100678679884,-0.106321945386253,-0.495736781781754,-0.846981995238494,0.418558176591876,-32.7242476480224,-0.961630552357974,-0.839070837229201,-0.0827197277795397,0.0199493200530931,5.83917962088859
-0.745795656956536,-0.136422794931315,-0.105667357579929,-0.495337910706068,-0.846542753240511,0.418006813554001,-31.6424821411273,-0.316626398441713,-0.818437302470812,-0.0751353219268518,0.0175578529926143,5.89182695549212
-0.747145074753262,-0.135739896089531,-0.104989268469236,-0.494937008948792,-0.846088910562918,0.41743475471736,-32.9688627443675,0.391114704680604,-0.846006412123785,-0.0808390003046675,0.0217194994728649,5.8557869203151
-0.748437091182888,-0.135110436387574,-0.104352204088127,-0.494559679952111,-0.845694683553562,0.41689779818305,-31.8236550486365,-0.274167998639314,-0.748522991192601,-0.0791728715525872,0.0158441776030151,5.89847042078059
-0.74962315077996,-0.134600132541235,-0.103823482510104,-0.494236779171557,-0.84543237076442,0.416453512464091,-32.2830941750205,-0.971456402510512,-0.758596707263251,-0.0821595876164762,0.0194230827808708,5.89316050576977
-0.75065754649242,-0.134267588071261,-0.103462220018117,-0.493998506121827,-0.845364288095837,0.416148929478474,-32.9072932845809,-0.902815932956855,-0.833014058315968,-0.0801782882465876,0.018505101364378,5.89624228254041
-0.7515100182176,-0.134167592718816,-0.103318053561978,-0.493874565342331,-0.845537632133483,0.416025153428321,-31.7804842184534,-0.623087367285962,-0.765576873845731,-0.0751131377281524,0.0149148452216498,5.94691297283318
-0.752163066319548,-0.134343267851142,-0.10342682250722,-0.493892306488851,-0.845979358278704,0.416105887893835,-33.2520649297521,-0.597115604098462,-0.745310193942117,-0.0794834734320613,0.0181328040634175,5.91368454182029
-0.752613347951937,-0.134816572599237,-0.103802193246808,-0.494069285949116,-0.846690942827116,0.416392279686414,-32.3732941150567,-0.275370989747444,-0.901894956574239,-0.0766688993139191,0.0189693950354287,5.96079294112516
-0.752872784483858,-0.135590504560777,-0.104438214342822,-0.494412838227362,-0.847653748882941,0.416871174633477,-32.576276696102,-0.0053029004459404,-0.810897243313178,-0.0803666549799988,0.0196015817332372,5.95358953622581
-0.752970865573501,-0.13663322493648,-0.105296979663367,-0.494913247762782,-0.848818735673715,0.417501171018172,-33.2041674387015,0.15703837164574,-0.663583017070749,-0.0822947425785534,0.0204570063662006,5.95682789053664
-0.752952314126607,-0.137888012220953,-0.106317846260427,-0.495547192321547,-0.850114629906823,0.418223056308527,-32.033614437194,-0.499781622851742,-0.688473387817396,-0.0736166355105334,0.0204137465115884,6.01446239832129
-0.752864990223646,-0.13929194153007,-0.107435584108541,-0.49628752523938,-0.851464270094862,0.418971500551655,-33.7316709171641,-0.136024918804196,-0.843076401111119,-0.0771424173357991,0.023028993638269,5.97306639792888
-0.752758807529043,-0.14075202582884,-0.108564089140243,-0.497085032297812,-0.852785528019542,0.419675899873788,-32.7492177610748,-0.681159458403044,-0.829872938106377,-0.0743090862956919,0.0195361822011934,6.02238061712611
-0.752683990873688,-0.142171262234998,-0.109617157617295,-0.497887086823741,-0.853997125430217,0.420264984608147,-33.1862725704893,-0.835759478892896,-0.916629995678051,-0.0764753980010475,0.0193893427481917,6.01735455193321
-0.752689491208722,-0.143445397949368,-0.110504960203237,-0.498635884188431,-0.855020595540387,0.420671086543281,-33.7669085731832,-0.186755131818018,-0.894938974315465,-0.0801352535837636,0.0208183872143979,6.01572197725562
-0.752811850238218,-0.144480245564028,-0.111152864072571,-0.49927367423171,-0.855801130510588,0.420847462564184,-32.463975847428,-0.320575336142383,-0.76302514618871,-0.0790943138238731,0.0194968230475472,6.06737602945836
-0.753077226574534,-0.145199187995133,-0.111504127483727,-0.499752634051021,-0.856299838811975,0.420761328473016,-33.8593160356845,-0.333172591918128,-0.676587404097177,-0.0807470074393524,0.022309326952886,6.03128034008467
-0.753504753709546,-0.145544972655614,-0.111520554186866,-0.500032717449778,-0.856498753664303,0.420402698378433,-32.9704688328403,0.0597509799063118,-0.841832096622767,-0.0779877012959784,0.0233816344485067,6.07895138404871
-0.754103316443181,-0.14548243894584,-0.111186231203291,-0.500085128101819,-0.856402714074771,0.419784868638372,-33.2599976938623,-0.757873865715965,-0.927106575078,-0.0777761109803059,0.0203240801265542,6.07189085507835
-0.754865520279718,-0.145019060889694,-0.110520132506555,-0.499906445354955,-0.85604402427545,0.418944023392838,-33.9088826094781,-0.699865765938512,-0.935403661590698,-0.0826335871018502,0.0184553525267884,6.07140006471873
-0.755779271909835,-0.144191815908229,-0.109565448626226,-0.499510483078732,-0.855469607407426,0.417935305453445,-32.7836733641535,-0.549169844935932,-0.816178584413876,-0.0792478849059863,0.0190436198155171,6.11969392203032
-0.756828117620141,-0.143066103340021,-0.10838587707358,-0.498931196573697,-0.854735978829696,0.416821464113678,-34.1583871886692,-0.0802664408338387,-0.868503095726112,-0.0823923190960749,0.0200520336155505,6.08617033186515
-0.757987729446098,-0.141729390821881,-0.107061730186493,-0.498216112819986,-0.853912131860533,0.415677189970704,-33.329416163512,-0.311919882868324,-0.88019782271013,-0.0807338963666497,0.0207014722855768,6.13626342490595
-0.759234339347965,-0.14028617155352,-0.10568312680722,-0.497425362474374,-0.853067695036389,0.414578326156615,-33.7355358483913,-1.13997902646884,-0.816770106989253,-0.0836453624469806,0.021270051856379,6.13392318083527
-0.760541418109801,-0.138847665651592,-0.104342913774926,-0.496625830443732,-0.852269581066014,0.413594305594296,-34.2161789584136,-0.25280258425164,-0.930753553686714,-0.0843046316326461,0.0239922606793456,6.1346304396872
-0.761884993437321,-0.137520645318274,-0.103126891118426,-0.495883823656048,-0.851573809631766,0.412783177818643,-32.9845454406408,-0.950348363478497,-0.835965227250256,-0.0785385071191116,0.0198083657341497,6.18578085259984
-0.763242226451266,-0.136394776125886,-0.102105809988355,-0.495257203952339,-0.851023365006756,0.412184406715716,-34.5952715625906,-0.0908627022840847,-0.868720804742026,-0.0815568222846408,0.0233418711030187,6.14122805073029
-0.764594614736289,-0.135535556296102,-0.101329912478853,-0.494788992484036,-0.850644569200985,0.411818757990048,-33.2920654280774,-0.405090148411318,-0.825419403237987,-0.0785800503717331,0.0218749408152215,6.19503692041673
-0.765934677534232,-0.13497821868957,-0.100822400918829,-0.494505325645569,-0.850443150969583,0.411686935129797,-33.8448888345876,-0.0624054799125133,-0.75643178021852,-0.0806121794673307,0.0207045302785129,6.18493292582689
-0.767252988376878,-0.134733827066913,-0.100588698420232,-0.494418507172163,-0.850412007086567,0.411769136334498,-34.536841668543,-0.349697729603122,-0.773564373273871,-0.0846230786332964,0.0202155642417097,6.17925514445796
-0.768547267677629,-0.134781044239692,-0.100608225792301,-0.494520083594348,-0.850526844555966,0.412028661531055,-33.3747490739891,-0.677900672978012,-0.796274613213484,-0.0810871569615665,0.0214606568530525,6.22901614475685
-0.769827122751985,-0.135050942862887,-0.100822799308559,-0.49477326428108,-0.850740105918473,0.412406183489884,-34.7811873185139,-0.299029324503863,-0.846961632009226,-0.0844515960445458,0.0215249366248322,6.19679592171219
-0.771094609764995,-0.135484196019148,-0.101183622679017,-0.495145604615678,-0.851011159006632,0.412844445930656,-33.8822060902918,-0.355527887008066,-0.796777640564557,-0.0815389742194719,0.0214874208813359,6.24229018505237
-0.772360648539176,-0.135994838814171,-0.101620963934532,-0.495586438176261,-0.851289509438924,0.413278900850672,-34.0844419371058,-0.99304354410765,-0.849531778799644,-0.0850058608835265,0.0227426509721436,6.23626152015456
-0.773633464791089,-0.1365056164842,-0.102073219274425,-0.496050394794666,-0.851531625944173,0.413651701809763,-34.7887186065331,-0.411130841776185,-0.847292504967754,-0.0846490436945468,0.0225153066515233,6.23833607606432
-0.774920175376528,-0.136944576337637,-0.102484006119558,-0.496493559068513,-0.851700701347466,0.413913452297857,-33.7537275686839,-0.300189777040259,-0.901457830741492,-0.082021168293799,0.0215622010898713,6.29425283275061
-0.776222623317134,-0.137250807332641,-0.102806131805451,-0.496876237822191,-0.851773462017374,0.414029347351691,-35.1355051153193,-1.34490452291357,-0.850624510757285,-0.0855271896469287,0.0228364118828578,6.26013875008355
-0.777540316217317,-0.137387873221485,-0.103012682979922,-0.497173277400329,-0.851741132935838,0.413982615827425,-34.1573395134276,-0.15527470470829,-0.810550075384043,-0.084724386371184,0.0239778165738652,6.3100208260402
-0.778866156250037,-0.13734826296134,-0.10309914193985,-0.497374791226304,-0.851613550618162,0.413778103108216,-34.5053350014314,0.0456645250130805,-0.927352383231437,-0.0855205680754105,0.0222904408527312,6.31003006362524
-0.780186713102184,-0.137148984165791,-0.103078904532281,-0.497485833503622,-0.851415332498147,0.413436872937366,-35.3531623781547,-0.300554959750798,-0.845505627344721,-0.0869587392350737,0.0221489632067528,6.30523544064972
-0.781483535071106,-0.136824665621779,-0.102979720014661,-0.497520964251127,-0.85118443127597,0.412997315446687,-33.9594405784981,-0.953009772298401,-0.784108769339809,-0.0822439977690625,0.0232289322782572,6.35720333554659
-0.782736560888624,-0.136425478499214,-0.102841815972894,-0.497502966143238,-0.850967427360572,0.412508515601261,-35.5579617420537,-0.818003093817879,-0.768979357712936,-0.083804505365459,0.0249870899932187,6.32023406751996
-0.783922764008178,-0.136010865492236,-0.102711185177781,-0.497460789163814,-0.850814009157264,0.412024998883342,-34.3737537954894,0.305514144432209,-0.740769809057468,-0.0797443501387938,0.0236345122689295,6.37073570374251
-0.785026077534225,-0.13563560521396,-0.102627321269727,-0.497420208646895,-0.850766615576887,0.411599006136839,-34.8550775875585,-0.388123027282063,-0.721826645601567,-0.0804523575354912,0.023878901776222,6.367785724046
-0.78603089041801,-0.13534425117819,-0.102621870397104,-0.497402892886466,-0.850858724250756,0.411271802284427,-35.6186231246899,-0.187123447607974,-0.83390496206664,-0.0823488571468296,0.0217124861730429,6.36190224989137
-0.786931914485348,-0.135168235165517,-0.102713662222993,-0.497422754622016,-0.851111659493381,0.411077831758604,-34.2525062229927,-0.520894239535892,-0.727476661754878,-0.0799106482157121,0.0219875422544138,6.41011111444463
-0.787728463168796,-0.135122266958043,-0.102906371877858,-0.497485887562968,-0.851529969332118,0.411031927507702,-35.9016661547116,-0.84241827162964,-0.794002050648942,-0.0873618615732172,0.0248026870784243,6.36967650419018
-0.788434067076975,-0.135197602039218,-0.103183537039399,-0.497585969986362,-0.852093014019532,0.411126105597563,-34.8566243608334,-0.341768994371705,-0.647933914726934,-0.0809312706234318,0.0234841889608536,6.43010766223452
-0.789065583290251,-0.135371988048454,-0.103517039411596,-0.497708248523652,-0.852771916638059,0.411342743625343,-35.1263119240901,-0.55073773985464,-0.670296048729597,-0.0827618773880645,0.021582171698635,6.4261906916258
-0.789652134020406,-0.1355945491019,-0.103855308194396,-0.497822904489207,-0.853515690842459,0.411641814206487,-35.7816236557092,-0.0659549641593458,-0.803371220944314,-0.0884131132253443,0.0245034540565989,6.42063065872846
-0.79022575343681,-0.135816947252809,-0.104147815673292,-0.497902533812839,-0.854265912086743,0.411974025924948,-34.541765242525,-0.634135840163935,-0.785122041678562,-0.0838726217795256,0.0222985696817823,6.47152697062955
-0.790813880700269,-0.135990257484126,-0.104345808778254,-0.497918342943751,-0.854968221862689,0.412288948291965,-36.1264794833509,-0.383212130806214,-0.889915155234576,-0.087455469239996,0.0256157487393417,6.42840538810267
-0.791445978953887,-0.136072837742394,-0.104406467540013,-0.497845856204311,-0.855571219450921,0.412540133183371,-35.1372452082803,-0.947388640134932,-0.886876577406838,-0.0832680479153569,0.0232085564286523,6.47859489736615
-0.792149326700775,-0.13603770613496,-0.104299733508576,-0.497668098719107,-0.856033032264552,0.412690141304134,-35.6499443411398,-0.692506679180042,-0.99662827620898,-0.0836891659029737,0.023822490252608,6.47836276212596
-0.792938091342981,-0.135870263357784,-0.104009158463228,-0.49737615183854,-0.85632516448422,0.412707662940373,-36.2236618926035,0.440732132030917,-0.988585406157227,-0.0902770660366401,0.0256482344158016,6.48270652481358
-0.793819016089245,-0.135573492650417,-0.103534168668906,-0.496970005023644,-0.856437106275632,0.412580423665155,-34.915085248397,-0.276554081978702,-1.00073604294155,-0.0872389395053412,0.0206852498885732,6.53858143306265
-0.794785903627599,-0.13517195324149,-0.102895107162939,-0.496462807320682,-0.856379510920431,0.412313835153961,-36.6348645947525,0.0988995279415121,-1.04862687332383,-0.0890340175202229,0.0229893777419197,6.50245232705445
-0.795829404207982,-0.134704227263635,-0.102124638761888,-0.495877850782392,-0.856171490691991,0.411921214156373,-35.6298641690527,-0.338760178533676,-0.923947052866708,-0.0868609538801679,0.0224986059855901,6.55398426105531
-0.796930276760304,-0.134209704512592,-0.101259597001884,-0.495237274339431,-0.855848501441311,0.411433386847168,-35.9310930797366,-0.507305325580774,-0.847343420335108,-0.0880930595879068,0.0240108681586079,6.54915951986417
-0.798063098291846,-0.133738826014634,-0.100347593304435,-0.494574170737913,-0.855452062457957,0.410884459431676,-36.5368744648034,-0.304905544500343,-0.887665325726658,-0.0892698456965881,0.0241055364515866,6.54120736095841
-0.799204685794362,-0.133330950884202,-0.0994290957806441,-0.493916079411572,-0.855022411244515,0.410309351175102,-35.2124273241865,-0.52905689246063,-0.860493910001793,-0.0840466588029827,0.0205761547938833,6.59761355717623
-0.80032464292928,-0.133036701998382,-0.0985553315808456,-0.493300952531771,-0.854604875331199,0.409744702482449,-36.8990906756884,0.469400880198918,-0.830932733633347,-0.0891183518719472,0.0244120686063578,6.55748070198433
-0.801400635067996,-0.132883701205263,-0.0977594527283496,-0.492754646216345,-0.854232560208729,0.409219613832357,-35.7163142219733,-1.00084561668223,-0.685070874281337,-0.0839877667373425,0.0206281267458625,6.60767396698624
-0.802409755648337,-0.13289375376373,-0.0970712789297508,-0.49229923184578,-0.853935928851231,0.408758365693737,-36.2392949414615,-0.468175228790415,-0.690425020353757,-0.0873800227669497,0.0239910217742919,6.602267760169
-0.803339441473269,-0.133079439160015,-0.0965123647022827,-0.491953457919662,-0.853735125298265,0.408378109474576,-36.867229601905,-0.103259964784684,-0.866300338841455,-0.0873695281725779,0.0250549324103407,6.59539638084641
-0.804184427913785,-0.133434240877545,-0.0960892222518319,-0.491724566025669,-0.853636381001008,0.408083125325928,-35.525851520461,-0.618430289009666,-0.914701915180331,-0.0865225383946577,0.023973476005817,6.65424697624208
-0.804943806761913,-0.133943057772924,-0.0958013412783671,-0.491615899877564,-0.853632461130484,0.407863090536472,-37.2177502524161,-0.137704371707741,-0.892299859606396,-0.092342075780754,0.0269601006746535,6.61782440724116
-0.805626044193008,-0.134595183431535,-0.0956498859862884,-0.491629725802284,-0.8537139295227,0.407710813471843,-36.0535476980806,-0.25549625852841,-0.940278633406052,-0.0870079733645355,0.0237842117868812,6.67392438789468
-0.806240415472543,-0.135372806403374,-0.0956323269040924,-0.491759910325628,-0.853871268514065,0.407618811830687,-36.6629563625236,-0.396647744277061,-0.96588330393601,-0.091050610378161,0.025087888972027,6.66705070305703
-0.806797949536208,-0.136253050553926,-0.0957410761405966,-0.491997963338499,-0.854088223902269,0.407569536386165,-37.0942215166424,-1.01413913165038,-1.01329181144911,-0.0931431495460879,0.0261121989587912,6.6579568772329
-0.80730823875573,-0.137217175304323,-0.0959726755637227,-0.49233340348592,-0.854355623773773,0.407555329687015,-35.9453579927343,-0.423912586686811,-0.895835372590483,-0.0854265269809051,0.0255480378810943,6.70928070821042
-0.807783251945263,-0.138247948816193,-0.0963232644926451,-0.492754548154638,-0.854664098978323,0.407568427063373,-37.4913469902477,-0.0688990200758326,-0.88891332946622,-0.0898712106500357,0.0284017078341806,6.67437312294733
-0.808237064295126,-0.139317519490876,-0.0967807487246553,-0.493241182976284,-0.855002874145396,0.407600904196132,-36.4552915807446,-0.556446238827448,-0.978350255668659,-0.0882417573614984,0.0249165883587801,6.72897506942368
-0.80867247939228,-0.14039095372665,-0.0973297331386829,-0.493766065886921,-0.855370847211385,0.407649516737637,-36.7791929222918,-0.874016910897808,-0.894505997354344,-0.0896393921301066,0.021262669933368,6.73489672576595
-0.809092433094721,-0.141449542567006,-0.0979645448419784,-0.494311575309563,-0.855774652302943,0.407720146789034,-37.5616021623949,-0.249885192523152,-0.984437813082792,-0.0915185485203054,0.0243193543538368,6.72837596257984
-0.809501210455909,-0.142462657754191,-0.0986690847421809,-0.494852479575999,-0.856216659842292,0.407816223248888,-36.2685046770244,-0.855062936301465,-0.907388137878598,-0.0883195464281616,0.0248626293592309,6.78621004137124
-0.809895621525385,-0.143400019043957,-0.0994267301026805,-0.495364732929208,-0.85670508297064,0.407942940005898,-37.8898923755173,-0.369604235045244,-0.833895314208576,-0.0930092129876994,0.0290525438294525,6.74584561756057
-0.810271081621177,-0.144232963811762,-0.100220868807081,-0.495824734243087,-0.857251048804082,0.408108633403281,-36.8429244223428,-0.249385809913747,-0.692611978527424,-0.0909860881002045,0.0278280102644612,6.79647928980076
-0.810625911240018,-0.144938714360202,-0.101035392534933,-0.496213727319879,-0.857865166786873,0.408323364680221,-37.430022188466,-0.309045140538046,-0.823694579206034,-0.0876033152208477,0.0267566134890214,6.78964940942191
-0.810964137168651,-0.145489434166208,-0.101845758636761,-0.496513059510951,-0.858545514253223,0.408585139629818,-37.940871024245,-0.535101102342196,-0.891418983838719,-0.0906021930162382,0.0303644070223565,6.78356042992679
-0.811285114867257,-0.145884570987584,-0.102646135315392,-0.496721371361017,-0.859300014912261,0.408901749366817,-36.5401393087625,-0.340472438236247,-0.993100775290003,-0.0877493695571077,0.0246030986760342,6.83504118193082
-0.811600428003452,-0.146119411360949,-0.103421522308771,-0.496837439772242,-0.860119319717296,0.40926811702368,-38.3230509485064,0.256261222192279,-0.943449242283862,-0.0915144318254164,0.0274321419967249,6.78811756778641
-0.811924991428803,-0.146205344714013,-0.104165037551752,-0.496871382679647,-0.860989779798932,0.409677036959799,-37.0823005829305,-0.668354310493896,-0.820657636813024,-0.0890729455884753,0.0278901130139156,6.84355164231196
-0.812272461151803,-0.14616283345442,-0.104875589457686,-0.496837928036554,-0.86190026562719,0.410123196016321,-37.5969281350394,-0.542878912409151,-0.884371310071487,-0.0917553893241649,0.0232211625161316,6.84169354284054
-0.812660104522431,-0.146023219924056,-0.105558099464756,-0.496760503107906,-0.862833169630899,0.410596084814859,-37.992015950003,-0.596575449820648,-0.751755812109081,-0.0917910582167609,0.0252151978249014,6.83918459718605
-0.813110279887118,-0.145817567268666,-0.106214702642026,-0.496661681513536,-0.863764707541345,0.411081929318502,-36.8457511476649,-0.528299704162464,-1.03199139405456,-0.089174242787216,0.0264549035282257,6.89111958999085
-0.813637068687018,-0.145575961527619,-0.106849243029707,-0.496562273219845,-0.864675701490727,0.411567446705526,-38.4405437382669,-0.727409885310408,-1.0597504195047,-0.0950311262405434,0.0284842811472148,6.85099709417954
-0.814251746868428,-0.145322685532871,-0.107462493813283,-0.496478329290283,-0.865546344109889,0.41203724464779,-37.2372207666826,-0.6226612825144,-0.98522730913885,-0.0898973963236158,0.0269324577835223,6.90606131962759
-0.814963630878962,-0.145067262726845,-0.108046270456153,-0.496414865987996,-0.866356646997957,0.412474925419091,-37.7859715165399,-0.324055311509937,-0.889804344197643,-0.0900096353567168,0.0269795887153452,6.89964117830526
-0.815769123278846,-0.144820613914725,-0.108597299311547,-0.496376913829124,-0.867098045134888,0.412868767394147,-38.2786066989484,-0.369497700762622,-0.873723030792036,-0.0926276884477026,0.0266851163753139,6.89578615506359
-0.816660295763949,-0.144580171592464,-0.109104799706319,-0.496358305497005,-0.86776555491865,0.413210943896356,-37.1668611240428,-0.755172975303594,-0.873128578733485,-0.0897593199510158,0.0241930620656456,6.95413823541405
-0.817625377840814,-0.144331280354428,-0.109552544535686,-0.496344061179869,-0.868355869397498,0.413492147555452,-38.7458702162326,-0.65225382375138,-0.912145449498638,-0.0940752757403289,0.0289663746590997,6.92190978548976
-0.81864262915782,-0.144061640960976,-0.109928899590101,-0.496318727386037,-0.868877193726133,0.413712474900988,-37.6459471141552,-0.74769789677498,-0.887616066151736,-0.0907937626527651,0.0262679950118564,6.9779350750361
-0.819687853543104,-0.143750882783521,-0.110218769456014,-0.496259024843906,-0.869342187165602,0.413875416242317,-38.3050267647793,-0.117573265836199,-0.844686542096838,-0.0936717904570328,0.0239766474360869,6.97523603139445
-0.820736559385194,-0.143387500637511,-0.110412976908127,-0.496148941282868,-0.869765205216719,0.41398806998601,-38.7967268824871,-0.960369152524436,-0.87839308518997,-0.0937463646670107,0.0282607216174626,6.96951368832862
-0.821773412342693,-0.142958960102004,-0.110500668562914,-0.495970220998215,-0.870158109289292,0.414062352117801,-37.3681391248583,-1.15722857772039,-0.851291110690482,-0.0895436651828878,0.0256254567473321,7.02297717964624
-0.82277560383547,-0.1424674966274,-0.110484355066078,-0.495714672306219,-0.870543633772316,0.414116415781601,-39.1759419907671,-0.534571920832377,-0.975279267945126,-0.0946182585988162,0.0290435785593162,6.97730330229339
-0.823730621818806,-0.141930968981332,-0.110375513073032,-0.495385936671964,-0.870938313273434,0.414170302001098,-37.8800669668136,-0.873819383463569,-0.989005551064565,-0.0885680142813787,0.0290241228410587,7.03060595248884
-0.824632156796807,-0.141375031519717,-0.110190040887604,-0.494993565427602,-0.871357099757569,0.414245428191964,-38.4263097366322,-0.52253231242139,-0.856351682186187,-0.0916093211810258,0.0304206253534576,7.02186338850948
-0.825478045963452,-0.140819225114186,-0.109940050531545,-0.494545304922113,-0.871811059783533,0.414360190978843,-39.0351593258064,-0.750526413928355,-0.890316947202422,-0.090969915730128,0.0268034833476625,7.02856186121303
-0.826270243113386,-0.14030518974649,-0.109653460995254,-0.494066593009483,-0.872307372654387,0.414530712848751,-37.8812302591251,0.146130189648375,-0.791130139771639,-0.0898752320159009,0.027831569484957,7.08666467733701
-0.827012533169736,-0.139863924837281,-0.109351786976093,-0.493577947687838,-0.872852568959345,0.414770574213675,-39.7061528930953,0.031160726019607,-0.992027505611986,-0.0965458710747309,0.0310896838414837,7.05297585704476
-0.827703284104651,-0.139539827681794,-0.109068842330129,-0.493110728928782,-0.87345769893326,0.415094749290326,-38.5103534974842,-0.431983199344131,-0.849889418381395,-0.0916078185624816,0.0259284603602837,7.10580301755573
-0.828344525558731,-0.139361694295112,-0.108828977553355,-0.492689020423464,-0.874127265481631,0.415508821691064,-38.8941531871196,-0.642963310772757,-1.04929084629185,-0.0953276221824395,0.0271144144691354,7.09676810422432
-0.82893419470943,-0.139343598301141,-0.108647220478457,-0.492331426394233,-0.874857959430282,0.416004383389473,-39.451688120559,-0.697103696655404,-1.01582192385268,-0.0982930909277906,0.0289376383540605,7.09751371726959
-0.829476034559258,-0.139484296158895,-0.108527438741767,-0.492048713229659,-0.875639139651293,0.416566130982352,-38.3169393169491,-0.525103068130647,-1.01822231565075,-0.0908290132953753,0.0276066577053725,7.15556194196575
-0.829965426578735,-0.139768896731267,-0.108466135211132,-0.49184375292969,-0.876461484269861,0.417173518150898,-39.9682611110799,-0.0370832897601758,-0.933610151734285,-0.0946465876489273,0.0312554730790955,7.11747042789984
-0.830403051174843,-0.140174688626595,-0.108453177152939,-0.491715944087377,-0.877307540669284,0.417797513106298,-38.7962327652832,-0.799022980346081,-0.968995181136847,-0.095917655499985,0.0312524925519925,7.17148969205571
-0.830797610883089,-0.140650246232488,-0.10845487590803,-0.491647079362459,-0.878145031295262,0.418397144867083,-39.2532930751649,-0.741302681431307,-0.848861623060486,-0.0938832728713708,0.0304837500660628,7.16362087195154
-0.831163299945965,-0.141138791495155,-0.108431385200209,-0.491615397319576,-0.878936060116959,0.418929847066808,-39.9623515239599,-0.116615286049864,-0.878359880052443,-0.0955210641152382,0.0309542216956469,7.16105603237933
-0.831522000689875,-0.141581187206665,-0.108339748710724,-0.491593811885803,-0.879642213269438,0.419359019978413,-38.5901842237835,-0.109193902896095,-1.03375589429643,-0.0927167200707646,0.0259489206938081,7.22052229085133
-0.83189930189632,-0.141925544745098,-0.108139862740732,-0.49155930906297,-0.880221274368606,0.419646354939862,-40.3560636537982,0.386966617920052,-1.13092152366005,-0.0965101137755049,0.0301080018415731,7.17956897321258
-0.832330231486433,-0.142117472980906,-0.107787276710495,-0.491485229822065,-0.880627250260871,0.419758074743271,-39.0621537050094,-0.997785035705874,-1.0038648882138,-0.093702741163721,0.0273693810153262,7.23128400360612
-0.832848649083229,-0.142118586618133,-0.107249609520744,-0.491349176321262,-0.880825723745175,0.419676479202579,-39.5866134236143,-0.563417983032423,-0.96439606272105,-0.0967441439459722,0.031372868474158,7.22395243095842
-0.833490559404263,-0.141905999825052,-0.10650606709289,-0.49113476424406,-0.880791895429161,0.419396768814214,-40.1012889953913,-0.342918590423778,-0.934852274074331,-0.0986114568213581,0.0306477429267122,7.21760901263657
-0.834283566848637,-0.141486157540535,-0.105560317795354,-0.490840038520249,-0.880522770614992,0.418936335875915,-38.8364804431422,-0.879394854703833,-0.929228573579309,-0.0921344966159787,0.029884398415191,7.2763669627308
-0.835242446901641,-0.140872605134158,-0.104424822910088,-0.490466114067249,-0.88002540095395,0.418315484021338,-40.46473947525,-1.08158677230858,-0.897303572376359,-0.0968756081513851,0.0308542772373849,7.2367466006796
-0.836371433046792,-0.140103325519434,-0.103134714432585,-0.490026753582407,-0.879328687748856,0.417573716015636,-39.3856652485194,-0.940438072211919,-0.952539127941378,-0.0925846228230478,0.032442456506928,7.29161087178394
-0.837656663464672,-0.139225106422764,-0.101736399377779,-0.489538969597372,-0.878479808684691,0.416758000379772,-39.9657352398779,0.830065161155744,-0.999771047871604,-0.0938792212535273,0.0310979089817423,7.29052970617848
-0.839068611005514,-0.138298741702269,-0.100291475662724,-0.489028689584818,-0.877540494970519,0.415920108156924,-40.4860686945348,-0.275218403439339,-0.962434748987192,-0.0977069658934386,0.0314794160529051,7.28951996548856
-0.840564296666071,-0.137379629247612,-0.0988606128746454,-0.488519285741165,-0.876581312355346,0.415112313880383,-39.2939721685415,-0.586403134861257,-1.03790747960159,-0.0934479013169693,0.0274136728980666,7.34599051563827
-0.842091369760026,-0.136523925067533,-0.0975063676717636,-0.488036342416467,-0.87567782314035,0.414384867456246,-40.9645232311506,-0.20423089154383,-1.00692489810407,-0.096642427073713,0.0301442940129895,7.30612704903228
-0.84360106381043,-0.135774730418717,-0.0962796662873664,-0.487600412716166,-0.874892298992847,0.413773128119172,-39.7914631956156,-1.24240103120587,-0.959783146018452,-0.0948060994369233,0.0292887740909394,7.3606921620622
-0.845042489436563,-0.135147147056438,-0.0952105647874026,-0.487216643197344,-0.874273828949487,0.413295353073367,-40.3635247432418,-0.944572180746718,-1.05628747997866,-0.0970759573831455,0.0319760747899678,7.35820965014824
-0.846368247746568,-0.13465950277731,-0.0943289928307052,-0.486894937024098,-0.873866282249046,0.412965989670723,-40.8570805240775,-0.222636112368491,-1.03221325716351,-0.097351943488075,0.0343075484861947,7.35764543206909
-0.847547868393281,-0.134308812183298,-0.0936435897370929,-0.486634979883108,-0.873686653355771,0.41278113221439,-39.5642534249894,-0.502397796997684,-0.923721176582006,-0.0939824528243682,0.0303409416393396,7.41131655397651
-0.848563902464369,-0.134081072715245,-0.0931495070534807,-0.486433527592844,-0.873730471437935,0.412720560388075,-41.4869862737676,-0.408741304830301,-0.955520003685564,-0.0989422187972822,0.0330137824716836,7.36432243830431
-0.849413717358057,-0.133961135929306,-0.0928371817115561,-0.486287613982829,-0.873980877374524,0.412762620947385,-40.0734180584329,-0.881611449408865,-1.02633244514391,-0.0959979132864293,0.0314012431414019,7.41839553297768
-0.850108901812409,-0.133939401402388,-0.0926979651068873,-0.486197593822392,-0.874410531646141,0.412885356742989,-40.745256482611,-1.02693025461303,-0.966134781000477,-0.0984557738773426,0.0317077215864114,7.41377008896902
-0.850680321988466,-0.133988261086554,-0.0927045212620814,-0.486154800428856,-0.874968825589353,0.413053100647715,-41.1913646367834,-0.728998670736019,-1.02493553650694,-0.096785546663253,0.0318324105322146,7.41316612478311
-0.851162863656045,-0.134095123731593,-0.0928395904196289,-0.486160931877179,-0.875609656573331,0.413240238321368,-40.0443940639845,-0.921271914396357,-0.9782193661527,-0.093402892067723,0.0328382949962481,7.46783127974412
-0.851600575301602,-0.134253741572099,-0.0930900133426775,-0.486218963649767,-0.876288399939456,0.413429463247402,-41.7120339296644,-0.86645253072993,-1.02528266502296,-0.0971091729138895,0.0336261875203273,7.42358065279534
-0.852041861037202,-0.134458626352333,-0.0934405214590122,-0.486334151955843,-0.876954030919622,0.413600191039262,-40.4738939727631,-0.272785919283479,-1.08801711624778,-0.0979678668536783,0.03279658574616,7.48646254679134
-0.852528632070007,-0.134706081192567,-0.0938782806937766,-0.486510015557944,-0.877569854563208,0.413743547979612,-41.1075319523389,-0.39189908958042,-0.83124803569757,-0.0982407131160961,0.0325332832016656,7.47565341797146
-0.853098753067511,-0.134985918835984,-0.094387761859525,-0.486744950045904,-0.878107248065924,0.413855148580894,-41.483213131607,-0.667658107539182,-0.91761959847517,-0.0986192824960095,0.0352804386594728,7.47475832092772
-0.853779991469289,-0.135293857119732,-0.094957144073138,-0.487041505173237,-0.87854527930865,0.413932472012229,-40.3531784228749,-1.47185003364825,-0.961310614754467,-0.0938280742557986,0.0296313169422319,7.52955872033804
-0.854590995481195,-0.135616544164466,-0.0955687855014007,-0.487393241624859,-0.878873029822564,0.413976961200599,-42.187761717915,0.217481736955733,-1.11165871428767,-0.0996339855905641,0.03298766368328,7.49460383571348
-0.855535255967917,-0.135929792527712,-0.0961993633734883,-0.487783679990679,-0.879089588059888,0.413989428732688,-40.7921904081842,-0.45227836982076,-1.03598901213743,-0.0974974018445156,0.0352699747915042,7.55621345512387
-0.856609201060164,-0.13620204187255,-0.0968196420012626,-0.488189520862397,-0.879197683296155,0.413968852280147,-41.2837888791859,-0.433222760982972,-1.1309312649704,-0.0988733874623673,0.0362521890318299,7.54201730097066
-0.857795772004429,-0.136404086652142,-0.0974033373455836,-0.488589176826256,-0.879206032426536,0.413910890513449,-41.8171663095621,-0.313356475999626,-1.1134348568512,-0.0998709216427556,0.0357362542386759,7.54220295900463
-0.859066089494196,-0.136514895227707,-0.0979324871309335,-0.488960602407206,-0.879137257568294,0.413820475851847,-40.7651251736169,-1.10591180240795,-1.09182504627722,-0.0948059608299832,0.0304446419643754,7.59826601348603
-0.860385920144879,-0.136520271693733,-0.0983944243513353,-0.489284944135791,-0.879014910476545,0.41369980708472,-42.255154345421,-1.11167267338328,-0.960779280053202,-0.0974210449933204,0.0332404019462642,7.55630358948883
-0.861722479267938,-0.136410891359816,-0.0987785562257928,-0.489546418449093,-0.87885663390993,0.413546741904027,-41.1275938312918,-0.148892511865824,-0.94483729967709,-0.0962211128778137,0.0336933431534251,7.61353259186484
-0.863033821797088,-0.136198422479652,-0.0990924813407319,-0.489739377068756,-0.878692907867655,0.413368782450536,-41.7292293210513,-0.671069316420244,-0.876388015533649,-0.0959470717724193,0.0338691682524918,7.60987370519311
-0.86428286055967,-0.135901083601298,-0.0993491638791961,-0.489862191349633,-0.878552126565318,0.413175480878094,-42.314979280336,-0.372607272215646,-1.02658608378064,-0.0984645104368624,0.0345705801709725,7.6104303709219
-0.865442869876958,-0.135546795442738,-0.099566343300703,-0.489920493630133,-0.878455335810099,0.412976382632896,-40.8920868452325,-0.257993879907644,-1.02525626449517,-0.0967760866473983,0.0325038956076413,7.66728844337921
-0.866496764447568,-0.135161783695389,-0.0997611505968365,-0.489919688621322,-0.878418446870628,0.412780564995408,-42.8176825190756,-0.308936580517411,-0.989370412165215,-0.100062531006187,0.0337910106770875,7.624447772355
-0.867430553441689,-0.134786921774408,-0.0999603917503278,-0.489876182894801,-0.878460858312096,0.412606438106901,-41.4813979854439,-0.295801278316958,-1.02599455979342,-0.0964827546359133,0.0334222464597546,7.6891145000402
-0.86825021794286,-0.134444690120137,-0.100174269992171,-0.48979779461816,-0.878585735137947,0.412464922446114,-42.0937021628912,0.29616618984096,-1.0780368903568,-0.0963505101845579,0.0330121351340764,7.6817721871416
-0.868960296087401,-0.13415222623117,-0.100410457469981,-0.489691923498792,-0.87879614975995,0.412364384501254,-42.6114727696476,-0.171880740246934,-1.04616012525639,-0.0988966589465874,0.0353248567425767,7.6761142723054
-0.869579117833865,-0.133910276890997,-0.100662076878773,-0.489558311680652,-0.879082942216892,0.412308192735503,-41.3998005476993,-1.09167227867852,-0.964628907899794,-0.0993302184508176,0.0334995053449829,7.73074723639723
-0.870130947878818,-0.133700122381931,-0.100906746235865,-0.489388390395773,-0.879428354071993,0.41229187690953,-43.1107445456978,-0.701625173608818,-1.00404746423229,-0.101600395541537,0.034162572853366,7.68956230575968
-0.870638654569141,-0.133499540515844,-0.101119954165347,-0.489172776347212,-0.879816449180631,0.41231231808995,-41.5956151416468,-0.762126810626569,-0.962052146515163,-0.10022447331695,0.0332338850054296,7.74251634913492
-0.871116799543531,-0.133285755186108,-0.101280335594901,-0.488902321429433,-0.880238827723141,0.412367800356649,-42.3241698087142,-0.910018177077291,-1.00421475351928,-0.101144951852985,0.0327035656929383,7.74049784814294
-0.871579716531837,-0.133016600791983,-0.101352407347672,-0.488559332290963,-0.880673683163315,0.412439873326425,-42.9186525250457,0.382697793046191,-1.08827520596984,-0.103060716995161,0.0351705352648768,7.74350086421109
-0.872039804367757,-0.132659229880117,-0.101308244371407,-0.488131426635044,-0.881104336261407,0.412515609652786,-41.7389677962158,-0.781097574575142,-1.04575538843565,-0.0996205667013119,0.035073327245146,7.79941378368568
-0.872499475517801,-0.132187942706635,-0.101128477489355,-0.487611251739855,-0.881518028412125,0.41257969180785,-43.428828507797,-0.40641615509594,-1.03903648139311,-0.105254370890961,0.0365482801699399,7.76029070576489
-0.872947875179412,-0.131602481707104,-0.100816830072084,-0.487006458197563,-0.881915875688561,0.412626010749363,-42.0574160741318,-0.663846801954833,-1.11133964417195,-0.101592829968334,0.0331602651687422,7.81929944709181
-0.873370243884247,-0.130912635185041,-0.100386497752781,-0.486328555597794,-0.882301549995714,0.41264972218462,-42.8790411795036,-0.745329392041413,-1.04673408354753,-0.103906252720586,0.0359091705767269,7.80377203801183
-0.87375202864437,-0.130138770689614,-0.099858900121446,-0.485596342902913,-0.88267766232277,0.412645064114866,-43.2655248649656,-0.714654861704275,-1.14715584501792,-0.103527855103659,0.0377935909796047,7.81015298185643
-0.874078577237078,-0.129320263346488,-0.0992705596101375,-0.48483747072528,-0.883056184534025,0.412619381330972,-42.1791750254197,-0.811395222576039,-1.11255331041914,-0.100547374237165,0.0354194870106309,7.86446807418288
-0.87433726902843,-0.128511865275704,-0.0986682446400577,-0.484088193391097,-0.883452178473671,0.412585551934912,-43.7845446889016,-0.778631539613343,-1.00664672587229,-0.103030811992047,0.0387485953273619,7.81802011832697
-0.874525836913297,-0.127757350427919,-0.0980884596095815,-0.483378474070398,-0.883868954028233,0.412548930629968,-42.5467379295212,-1.04458862922684,-0.999607323824762,-0.0994927416249065,0.0364865534131886,7.87715168653638
-0.874640183949198,-0.127106752242836,-0.0975732648281256,-0.482739865907422,-0.884318567269392,0.412523481823378,-43.0989919249297,-0.760711083724118,-0.998890400162026,-0.100820546433472,0.0340565482118727,7.87027816758669
-0.874686561565234,-0.126599899858544,-0.0971537604445853,-0.482196652717528,-0.884807043665505,0.412522036849633,-43.3946128648219,-0.0975098039764362,-1.0010626799444,-0.105013781148954,0.0346472407601238,7.87210378008304
-0.874682010868585,-0.126260154390961,-0.0968461227610962,-0.481763699535904,-0.88533069963296,0.412551902990992,-42.4531235074082,-0.323283431626805,-1.05988511399929,-0.103656685081638,0.0350895198034622,7.92740671206075
-0.874642733521992,-0.126102315533155,-0.0966593701417351,-0.481451146881757,-0.885885174225258,0.41261750480442,-44.1246480741588,-0.157057940254617,-0.973348186541045,-0.106245833733056,0.0363416151981772,7.89453614372681
-0.87458519401973,-0.126128415718299,-0.0965939341218451,-0.481259541184542,-0.886467967078135,0.412725410788192,-42.9212801116953,-0.460166333763254,-0.942865099225941,-0.101505604176945,0.0308283319642205,7.95118947220532
-0.874526856406934,-0.126323322817155,-0.0966368952880046,-0.481181396199159,-0.887067382703582,0.412867867371844,-43.74542938106,-0.167945430100644,-0.990304696266577,-0.105500515038973,0.0354133364818971,7.94624005282829
-0.874485588076501,-0.126662440868857,-0.0967686405201797,-0.481203334415527,-0.887667882488244,0.413033210606143,-44.0458264600716,-0.40119120944928,-1.03030010350892,-0.106836068102764,0.0379774248895089,7.95041127326889
-0.874475346917849,-0.12711403346999,-0.0969661883579702,-0.481305959984176,-0.888257566310957,0.413211976096697,-43.0467787387947,-0.532598621755596,-1.0151622171185,-0.101343727672071,0.0372591186357165,8.00234340119932
-0.874497265989713,-0.127654124546642,-0.0972157646456795,-0.481475516120067,-0.888832735562834,0.413394870868121,-44.4918203465472,-0.200632511651747,-1.21788573454171,-0.108670835981849,0.039435321627459,7.96129997008686
-0.874553729536679,-0.128249314918464,-0.097497175003004,-0.481691998095756,-0.889386019478719,0.413569898856592,-43.3249575424159,-1.06584863135777,-1.16928269739839,-0.103701092400964,0.0355986486573218,8.02008824886093
-0.874644792226066,-0.128876001843326,-0.0977977443319469,-0.481940305959399,-0.889913483695875,0.413729190622944,-44.1173627726224,-0.488464103119895,-1.02682935769644,-0.105150194163405,0.0394879177214247,8.01385274980967
-0.874763133942441,-0.129515022436582,-0.0981103939697776,-0.482207192879289,-0.89041917146883,0.41386950910998,-44.3967983848656,-0.209808213496672,-1.00339741702899,-0.108871589998161,0.0378853422688655,8.01085763130123
-0.87490452557467,-0.130149494184637,-0.0984293935046967,-0.482479314660666,-0.890906921166803,0.413991587804983,-43.1315500280694,-0.884426598667233,-1.13227619772712,-0.101648247162068,0.0353948510091687,8.06769285003675
-0.875066815517902,-0.130761573015656,-0.0987459762773473,-0.482744789501525,-0.891374351271719,0.414088566319659,-44.7962964253132,-0.141766338576417,-1.1347960377577,-0.10738519338466,0.0353372581862387,8.02478196666982
-0.875247178561218,-0.13134947169238,-0.099062295842913,-0.483001238451431,-0.891828835123202,0.414166511173855,-43.445892353275,-0.61874555751524,-1.0391739744426,-0.104549477822655,0.0368907709156376,8.0828565422602
-0.875450645287553,-0.131913481481442,-0.0993786771590093,-0.48324588820032,-0.892275391971161,0.414234591480971,-44.2767554179978,-0.829589460535544,-1.00455564119605,-0.107464675701546,0.0363470106410133,8.07024626613308
-0.875683243229487,-0.132451726991486,-0.0996918112540015,-0.483476437631067,-0.892714879380709,0.414297305222383,-44.7450516798508,-0.488856432684543,-1.02822332431001,-0.105586337112833,0.0368797863968861,8.07435488835616
-0.875955072317375,-0.132957156878415,-0.0999920980806375,-0.483690178430928,-0.893143983818036,0.414356093678788,-43.609877964412,-0.418679942768449,-0.976490629319073,-0.102604373066349,0.0361843087274711,8.13042410754099
-0.876279750473821,-0.133422835098197,-0.100269089746189,-0.483883024662688,-0.893560106118949,0.414414751401663,-45.2286068423558,-0.699169413315303,-1.11249209931026,-0.108546480844218,0.0378294653023677,8.10132005219955
-0.876672773181424,-0.133839252109695,-0.100507584542497,-0.484053269522395,-0.893952003094504,0.414469292097047,-43.9623691599371,-0.39562833881314,-1.12881012821703,-0.105092650323949,0.0381376061722453,8.16174111363059
-0.877149034680687,-0.134195491356627,-0.100691008841867,-0.484198803000384,-0.894305268188976,0.414511487849019,-44.7403736790037,-0.765840038911847,-1.1227777251799,-0.106254679092495,0.0405090442805395,8.15407905466972
-0.877724636719736,-0.134462382062448,-0.10079166428383,-0.484305961581961,-0.894599061879804,0.414524231432458,-44.9729353301577,-0.48722497814947,-1.05652137442576,-0.109646868777802,0.0407730117120911,8.15343546659441
-0.878408979994179,-0.134625740116102,-0.100793856242182,-0.484374203117891,-0.894812294405774,0.414487444682224,-44.0785336741492,0.0611101530055294,-0.957451331178447,-0.102744794101131,0.0394057068904807,8.20642789157195
-0.87920632958192,-0.134669853703785,-0.100684308606674,-0.484399160909367,-0.894929496530772,0.414384365428932,-45.7097177190135,-0.712621702272145,-0.982460339226634,-0.108267704604309,0.0407483822601978,8.16104303221804
-0.880119090584875,-0.134560093316723,-0.100438076491983,-0.484363830891599,-0.894926634278387,0.414187689068889,-44.2407017804247,-0.909620611562332,-1.05742551877285,-0.104225086756114,0.0382400261140964,8.21797042000198
-0.881144774741141,-0.134267943550699,-0.100038008775959,-0.48425363519848,-0.8947860194033,0.413874560054634,-45.0926139476773,-0.113073043236,-1.04755497617933,-0.106363235790925,0.040346839682009,8.2061877958638
-0.882275006194685,-0.133784267173408,-0.0994837891947387,-0.484064474048029,-0.894497902701639,0.413428329855146,-45.2149704113107,-0.322443346612317,-1.1302885100144,-0.108566440627111,0.0374895758460915,8.21383209979748
-0.883496630959231,-0.133100828005069,-0.0987785250372506,-0.483787340991564,-0.894062796241927,0.412844383832921,-44.3329501304185,-0.782017277295836,-1.14168274363726,-0.105023276807269,0.0378397042955902,8.26837830353781
-0.884789289429297,-0.132231457648987,-0.0979446186466892,-0.483423783701364,-0.893497951067486,0.412133711728579,-45.9028569002447,-0.890194520815839,-1.35033505246705,-0.110716358334253,0.0385767269360844,8.22498627448732
-0.886131529615069,-0.131196039889288,-0.0970087377477138,-0.482976057433483,-0.89282704778088,0.411315537380764,-44.6593490279387,-0.973845174461303,-1.02887516947681,-0.108014660461977,0.0365342931846789,8.28914025059694
-0.887504092620201,-0.130030317735558,-0.0960078508332203,-0.482454433269002,-0.892080920887201,0.410419772448393,-45.4952576273366,-0.331877028319013,-1.01707295172687,-0.110033220350659,0.0410676950727233,8.28280720711942
-0.888885527943794,-0.128795027103829,-0.0949975388543325,-0.481879896628118,-0.891309687278799,0.409499569855936,-45.8531452067503,0.0944595495798239,-1.02481978775316,-0.110808688561628,0.0400118763275457,8.29669856184715
-0.890256209489036,-0.127553624123143,-0.0940319546647905,-0.481277011422694,-0.89056323754912,0.408608929027283,-44.8913001545784,-0.528755273012848,-0.95290445537492,-0.109739482990983,0.0352713539994481,8.34252572375018
-0.891605723517026,-0.126370667854078,-0.0931629316339599,-0.480671912775682,-0.889888401943929,0.407804023162155,-46.3039898690266,-0.450085311508019,-1.03042770649125,-0.110588819274834,0.0398253405512646,8.29999062255866
-0.892919415629835,-0.125325673145451,-0.0924503032497004,-0.480102015989394,-0.889338543915953,0.407146901560371,-44.9345032669372,-0.781887347933434,-1.13547561434902,-0.104227491621867,0.041905069585482,8.35550756608906
-0.894197690117559,-0.124467597349805,-0.0919265100887916,-0.479591179083412,-0.888942896860097,0.406677975368568,-45.8404106646059,-0.0513337928871351,-1.00377952180844,-0.108638029871376,0.0413468670526207,8.3492020956454
-0.895434279930476,-0.123847887349625,-0.0916242447205591,-0.479170274990854,-0.88872936979291,0.406429826098647,-46.1543624101782,-0.66593946202147,-1.17677088711912,-0.110146200404642,0.040847560562257,8.35762781402194
-0.896631049884894,-0.123490405140843,-0.0915532547641447,-0.478858413810194,-0.888704726773959,0.406412398157206,-45.1380983959399,-0.590154774353778,-1.16256455375856,-0.104534314789501,0.0367865052849805,8.41497724284156
-0.89779326904033,-0.123394170146054,-0.0917022603088575,-0.4786657989598,-0.888854764761651,0.406609401405808,-46.9042968521863,-0.455064400384799,-1.00338425326393,-0.110138539285876,0.0402806943172605,8.37576058228454
-0.898929028839146,-0.123530433431745,-0.0920379249222179,-0.478590257892226,-0.889147471896528,0.406983340818617,-45.4971668399492,-0.195244641276076,-1.07035050359369,-0.108355849439736,0.0389337972861504,8.42663270083974
-0.90004336529821,-0.12385084848204,-0.092512591605987,-0.478620616211353,-0.88954113131421,0.407480061305235,-46.1336937753107,0.0725991467993481,-1.23416421417207,-0.108196134513948,0.0440857959366436,8.41541175522276
-0.901136798397196,-0.124280817833534,-0.0930618292652514,-0.478731057456389,-0.889981422478458,0.408024167160636,-46.5039725474534,-0.0100895816597131,-1.13678941697458,-0.10812256461888,0.0419054866711778,8.42408898785853
-0.902207414457392,-0.12474290359964,-0.0936204527352702,-0.478891572290816,-0.890416991346511,0.40854109086111,-45.4893327593693,-0.717743172836435,-1.11146855828196,-0.105664413428705,0.0396795073039372,8.47364338611975
-0.903255168340824,-0.125143323902283,-0.0941108052723563,-0.479060429244406,-0.890788609291908,0.408948138282104,-47.1225825580635,-0.994415546662594,-1.19336886401567,-0.108634461260428,0.0429582103569301,8.43837674778502
-0.904273475723377,-0.125402769086926,-0.0944679046364085,-0.47919973117265,-0.891050872908762,0.409176729850147,-45.7982718433395,0.0792043083411045,-1.12961945972904,-0.107763003870062,0.0446072431273403,8.50013890473474
-0.905250190270194,-0.125457923941332,-0.094641652572695,-0.479273019703456,-0.891174426937091,0.409176426407313,-46.5330248520565,-0.294784103006123,-1.11190895398505,-0.108681319961402,0.0429514833620843,8.48073261058413
-0.906172803626655,-0.125265387662984,-0.0945976387625702,-0.479248095402,-0.891148401951358,0.408922300891003,-46.8908333009616,-0.13520217332939,-1.15688453811708,-0.109240243611298,0.0404953780214999,8.48875032325317
-0.907036272955639,-0.124789401345013,-0.0943073949517341,-0.479091553037477,-0.890966059858247,0.408402425034866,-46.0505986966645,-0.887712546156308,-1.1201177768547,-0.107744071259913,0.040364566109392,8.53929332162134
-0.907827634411174,-0.124038575518989,-0.093777756759359,-0.478789862385979,-0.890654310286761,0.407643938268069,-47.2750797888221,-1.33029433016486,-1.18000867494877,-0.110670104150657,0.0428402003472563,8.50485507690349
-0.908545682819123,-0.123037060837278,-0.0930248336709516,-0.478334847864575,-0.890241724100355,0.406689394391095,-46.1701009684458,-0.693669888012437,-1.14353037210077,-0.106737965287503,0.0427116894232807,8.57015063931438
-0.909189787759366,-0.121821058947982,-0.0920755227326076,-0.477724226554313,-0.889765508182022,0.405592612846289,-46.9463746394053,-0.16961314379455,-1.27413384427302,-0.109983809310787,0.0425386168263504,8.55778172769808
-0.909764271276765,-0.120446814330474,-0.090970543773391,-0.476969160842238,-0.889268312244002,0.404419787543414,-47.2429135819946,-0.756121606045326,-1.25862601096779,-0.114103901613139,0.0445330193908012,8.5578462583073
-0.91028210387532,-0.118969519652039,-0.0897500966032525,-0.476082048323843,-0.888785961196478,0.403235071279355,-46.2840011422255,-0.30109539036016,-1.15488999736957,-0.111918933416328,0.0444920502554004,8.60889031199777
-0.910753935653369,-0.117468354332948,-0.0884723242193102,-0.475096724613161,-0.888357764917649,0.402104768077649,-47.6777216082295,-0.0752925166959812,-1.04129270213213,-0.115431938016339,0.0442746454589599,8.5689086857358
-0.911199532292938,-0.116005698179336,-0.087181743669124,-0.474043322583313,-0.888005424278774,0.401079051503265,-46.5338546721222,-0.655396743204165,-1.06821185021997,-0.110162237983587,0.0443717968743305,8.62334661255176
-0.911639445416528,-0.11464091808783,-0.0859213906854828,-0.472956335465339,-0.887744550271854,0.400197869754082,-47.2688445762836,-0.270110829748091,-1.08096296632405,-0.111717873272429,0.0455543379712949,8.61394619299169
-0.912098512014883,-0.113423980132736,-0.0847266525472932,-0.471873295947691,-0.887572447687267,0.399478928196417,-47.6004663909752,-0.384958647840676,-1.16973241949253,-0.113427462328617,0.0416145784802246,8.62704141628234
-0.912601446421593,-0.11238442760846,-0.0836186063811435,-0.470825344904731,-0.887475871121143,0.398924925016144,-46.6371300118297,-0.742473516842438,-1.19569004921212,-0.110478150823257,0.0392151181217891,8.68129167815929
-0.913165397073032,-0.111554651596442,-0.082621652390658,-0.469850954752573,-0.887439244394373,0.398527637156394,-48.1838544616125,-0.448430603961015,-1.05266640967019,-0.114049396321633,0.0455828162371372,8.6476575692478
-0.913807955966109,-0.110942983709021,-0.0817437682551769,-0.468975555537825,-0.88743551431023,0.398263188421397,-46.9936853404487,-0.61100287753402,-1.17451732503676,-0.114193259033017,0.040382877977949,8.70630612174347
-0.914539084878612,-0.110563007350048,-0.0809988831082726,-0.468228801493628,-0.887444371195514,0.39810959764804,-47.7979225433005,-0.691996052176592,-1.15731425801343,-0.116066991976322,0.041258239950854,8.69347383488927
-0.915364653594117,-0.110400536838656,-0.0803809849405202,-0.467620923885405,-0.887443515654221,0.398038594190088,-47.9791681251975,-0.383761112496131,-1.08524439334548,-0.115558805507709,0.0462421751256849,8.69952835269216
-0.916286007170437,-0.110443510694227,-0.0798875081983639,-0.467159758077036,-0.887417094565925,0.398027634600588,-46.9018828871793,-0.532547731170325,-1.09834867333271,-0.111709757249553,0.0457275146746948,8.75001639293187
-0.91729779422108,-0.110662577781102,-0.0795048642452598,-0.46684106430145,-0.887347326494374,0.39804576624224,-48.6135754464073,-0.619387564394401,-1.22775854437918,-0.115721228499143,0.0485351882882705,8.70544098121455
-0.918384742515763,-0.111028184010329,-0.0792227673082622,-0.466654310993914,-0.887234702522561,0.398079593479388,-47.1486918726517,-0.987270753923212,-1.03216315313506,-0.108720411901645,0.0454930472380554,8.76573548798772
-0.919531134072844,-0.111497581858004,-0.0790207691672022,-0.46657466473654,-0.887082624523418,0.398118486456208,-47.9779832172618,-0.680426599662269,-1.20507510926245,-0.110752616312735,0.0473863051803569,8.75617872044448
-0.920716997968861,-0.11202385795162,-0.0788764906949331,-0.466570648487043,-0.886901378949352,0.398159181266634,-48.4567409368791,-0.734269387145559,-1.1077900875996,-0.113083455036096,0.0474778294812124,8.76229611009594
-0.921917060615381,-0.112564673726479,-0.0787729422964432,-0.466609682469297,-0.886713106693203,0.398208641542328,-47.4657424522968,-0.492996016411098,-0.99247050455557,-0.110579188677276,0.0436712999684909,8.81582425832982
-0.923104031288229,-0.113080277902321,-0.0786958597656389,-0.466657094479403,-0.886544496454894,0.398277119370875,-49.0737819021066,-0.413327907623852,-1.05715541838723,-0.115769744810604,0.0430722647749412,8.77962670083987
-0.924256185271273,-0.113528880695499,-0.0786262901638763,-0.466677744268221,-0.886417838148378,0.398373450986375,-47.7496441788841,-0.610105702207193,-1.15545766529988,-0.112125575714057,0.0476993156471548,8.84373189804422
-0.925356053415992,-0.11388322108307,-0.0785552017887823,-0.466643653300582,-0.886358624342451,0.398513668695913,-48.5109525158818,-1.0630459186159,-1.27285438805092,-0.114439710243409,0.0448084255419771,8.82848482533989
-0.926390342090789,-0.114133175273778,-0.078485064310563,-0.46653798109319,-0.886392850422855,0.398715491428414,-48.6527794656016,-0.508926774734618,-1.12147054024589,-0.115279397450402,0.0475108906829292,8.83691441725428
-0.927351707698296,-0.114283071610287,-0.0784247213603915,-0.466357932129331,-0.88653448503426,0.398986327916433,-47.668826248035,-0.831666945369079,-1.17838138801986,-0.111254275695095,0.045740473448272,8.88203482941276
-0.928236783450389,-0.114353431082183,-0.0783938880494548,-0.466111963683445,-0.886799158222313,0.399336854521907,-49.2549331694924,-0.512919040711722,-1.1191833974267,-0.115828156588584,0.0486103491074736,8.84938584910611
-0.929054186277749,-0.114371244002732,-0.0784123724851429,-0.465814585725519,-0.887189223666023,0.399770801651277,-48.1963431266893,-0.405785018287361,-1.09530572451874,-0.112912313484532,0.0465267940191063,8.91244087144983
-0.929818163250599,-0.114362865977539,-0.0784964218426807,-0.465483582146718,-0.887696005945334,0.400282002396891,-48.8734446952924,-0.513530491484516,-1.08680887658042,-0.112232092823219,0.0449788931635062,8.90534468365222
-0.930546230441824,-0.114372073964871,-0.078673128475367,-0.465151453482341,-0.88830413595818,0.40085876569219,-49.3322427799937,-0.520483525281634,-1.10177335573795,-0.114791479856092,0.0446419044534844,8.90996137972404
-0.931257924959245,-0.114424084926608,-0.0789533119451693,-0.464840297351071,-0.888986914261154,0.401478800564543,-48.1692365372887,-0.350217916289012,-1.20635476161931,-0.111540243988202,0.045158118293208,8.95650573034422
-0.931970234806027,-0.114546427775205,-0.0793490746057466,-0.464573812528085,-0.889720832409324,0.402122222290909,-49.6330907348176,-0.310481729506364,-1.10452763623783,-0.115853190388142,0.0471538462129188,8.91835813543192
-0.932690429268526,-0.114752115950348,-0.0798622462168055,-0.464366712877339,-0.89048187210374,0.402764559284796,-48.4037903895133,-0.700441943726901,-1.14497628086349,-0.111158165615299,0.0484871364177604,8.97473084374884
-0.93342964716109,-0.115030782771603,-0.0804746513884125,-0.464220921363622,-0.891233214105414,0.403368885105684,-49.2479197431954,-0.942069392256826,-1.17239354500884,-0.115052345007106,0.0458204617438884,8.95973805000297
-0.934187714353964,-0.115370976874079,-0.0811691803761194,-0.464132370132685,-0.891955285323234,0.403913573389635,-49.5605860445648,-0.778986303551847,-1.11459738998752,-0.114812679681004,0.0478216385850698,8.97685898343615
-0.934954935398012,-0.115756906141948,-0.0819256139675171,-0.464094011031245,-0.892633236971623,0.404377061195399,-48.5776946150108,-0.550238200471085,-1.26609152172489,-0.112633833662061,0.0446473574116672,9.02824188080571
-0.935719423481131,-0.116157274843973,-0.0827126417817419,-0.464087099749524,-0.893256863584146,0.404743827528663,-50.153742915577,-0.580941397309743,-1.18342624101365,-0.115619263413826,0.0491036169203247,8.99261279359823
-0.936464678914611,-0.116544852847129,-0.0835018663421661,-0.464092024125203,-0.893827548603284,0.405010449553585,-48.8571739142375,-0.518912340144425,-1.18955878764405,-0.111181853795224,0.0480912010746991,9.0602235492584
-0.937173852663596,-0.116894232985559,-0.0842672338821331,-0.464086341350455,-0.894355723600711,0.405184127813864,-49.4830996709686,-0.538408438580518,-1.18898550454523,-0.113807502166244,0.0500151822167848,9.04644309489358
-0.937837761927767,-0.117183537579413,-0.0849835374224559,-0.464048388120644,-0.894853205971447,0.405280580473037,-49.97551993069,-0.488913004151982,-1.14843348969913,-0.115273611191413,0.0504784422831976,9.05303104169805
-0.938450518227894,-0.117402668265213,-0.0856349712580382,-0.463964097449686,-0.895333877106366,0.405319420381351,-48.9306134964126,-0.511361304616912,-1.12804064234638,-0.114889710376242,0.0468598243064801,9.10057960882525
-0.939017892161028,-0.117555661594391,-0.0862157156666044,-0.463827263423443,-0.895810164075222,0.405325143349597,-50.4288945061263,-0.700233869145677,-1.3516310922671,-0.118392095136218,0.0507149367601504,9.0579354486164
-0.939554834376175,-0.117657003136642,-0.0867281713024046,-0.463638489895062,-0.896291366255507,0.405324880788882,-49.0690883129392,-0.952588234052428,-1.24108568353441,-0.118297736547536,0.0486278397306168,9.11706690977115
-0.940083536419874,-0.117728958411297,-0.0871800299336141,-0.463406201029113,-0.896780309031711,0.405342184667654,-49.848695985266,-0.582275519333507,-1.1540895593958,-0.117602509311737,0.0479698893815419,9.10284197410205
-0.940630745107748,-0.117798784835332,-0.0875855933218541,-0.463144156822774,-0.897274029488191,0.405395102373987,-50.2473331102482,0.0624341750592521,-1.18030557541167,-0.11938675260413,0.0474452259101054,9.11097214539589
-0.941219814562885,-0.117904553944518,-0.0879715035391377,-0.462874296839732,-0.897772684317503,0.405500767621322,-49.4056607071058,-0.655228174303375,-1.20109589686183,-0.11615835597563,0.0479041601673136,9.16402773780632
-0.94187265326959,-0.118076453869672,-0.0883615925003078,-0.462615781651582,-0.898269759564431,0.405665693709168,-50.8031997239618,-0.419091709708937,-1.23087075926026,-0.12082010211537,0.049747687768171,9.13378775534786
-0.942601861315518,-0.118352646567324,-0.0887874626952179,-0.462394819117329,-0.898764089433535,0.405897962182638,-49.7150664846702,-0.936902019650688,-1.18204435255524,-0.118647259016209,0.0471055500664706,9.19541810630267
-0.943410544724303,-0.118751178716664,-0.089270048358485,-0.462227035109777,-0.899248656469178,0.40618906574814,-50.2588160100288,-0.845585321410454,-1.18884587458575,-0.117930055694838,0.0474401889686497,9.1865116952879
-0.944285440254465,-0.119287368061201,-0.0898320109856023,-0.462125943271417,-0.899729361881644,0.406534683454232,-50.7102633429409,-1.23338320573021,-1.2172089939678,-0.117712537334091,0.0515900321280635,9.19464139425069
-0.945206649951853,-0.119960804467572,-0.0904850125265331,-0.462097088574911,-0.900209065601927,0.406922572381309,-49.738702090501,-1.05023793371606,-1.20724380430545,-0.113905038559436,0.0484082958181687,9.25286001340021
-0.946141329557246,-0.120761908835699,-0.0912358134539601,-0.462140201991977,-0.900699079417409,0.407339879438249,-51.2345659720842,-0.0639084936360632,-1.19194313389474,-0.118453145686192,0.0529930958305206,9.2099037457578
-0.947052661085685,-0.121676497915151,-0.0920854752881879,-0.462251255400806,-0.901212546632717,0.407775521648371,-50.0348525989237,0.0838986013452541,-1.28718331081458,-0.113392362173443,0.0501876915184961,9.26795540461038
-0.947901321770483,-0.122679126815576,-0.0930253300481692,-0.462418793450448,-0.901762085680406,0.408214979323775,-50.851711459553,-0.386495553886107,-1.26704242018462,-0.11495947178366,0.0505478983328874,9.25209710109511
-0.948659093638327,-0.123729212698014,-0.0940290814396467,-0.462622753777898,-0.902349479387969,0.408639843724415,-51.0019262211687,-0.118030686280008,-1.10825906778393,-0.117325447840977,0.0520494796163209,9.25847785667425
-0.949311998649945,-0.124783111686532,-0.0950631202983048,-0.46284017013117,-0.902966780810321,0.409030416254827,-49.9541761844816,-0.306623858764851,-1.20923348621199,-0.114009965380971,0.0518340599835237,9.30652917893719
-0.949855136673017,-0.125805025343686,-0.0960953613794342,-0.463051500659628,-0.903606114471088,0.409374124462253,-51.5883288057919,-0.0852832946663966,-1.18458103699834,-0.118329973139076,0.05048621636753,9.26958983649044
-0.95030106968312,-0.126755457893347,-0.0970854770747349,-0.463235600726691,-0.904244450163918,0.409651874344421,-50.4793346618301,-0.756311260132634,-1.12780786406901,-0.11790822094924,0.0490909925210078,9.33060154009463
-0.950679454279605,-0.12759902173357,-0.0979918209762465,-0.463372001685298,-0.90485188635276,0.409849384421369,-51.0262369054137,-0.408961911087999,-1.23368281473364,-0.11934017423771,0.0515902717260972,9.32343215442725
-0.95103791661126,-0.128305874986821,-0.0987728832611303,-0.463442516027763,-0.905389626511573,0.409954590452253,-51.4163223888115,-0.667222901753803,-1.19637256700133,-0.119847071557257,0.0513887718747757,9.33083222817739
-0.951423970474328,-0.12884882797029,-0.0993907066507165,-0.463430415286683,-0.905821106682611,0.409955748526778,-50.4609026385012,-0.786015680095943,-1.29562241657896,-0.115815634581498,0.0484924479322176,9.38296370385939
-0.951882717805812,-0.129219513910162,-0.0998228677743043,-0.463328893800108,-0.906118769545463,0.409851198659615,-51.9567387576558,-1.05838703317181,-1.22227850725474,-0.123082981580787,0.0525064293394311,9.35488848167608
-0.952456805760517,-0.129418832994221,-0.100056981438985,-0.463134525341262,-0.906261851542993,0.40964570928393,-50.7289076103626,-0.840675000846886,-1.29524505396409,-0.120978816608542,0.0527426387424695,9.41176865825391
-0.953172327638123,-0.129471000306249,-0.10010494920387,-0.462857821528779,-0.906249669826395,0.409354749451853,-51.3862950894406,-0.981660316619127,-1.18674687864569,-0.12260015929321,0.0534874590385316,9.40031056612301
-0.954039368927364,-0.129396855114466,-0.0999815602592773,-0.462505254842127,-0.90609582689787,0.409000185003317,-52.0097020532987,-0.209095757304794,-1.2255935909518,-0.123125455745529,0.0508710751519519,9.40854367086142
-0.955051686030909,-0.129222497440248,-0.0997117617753711,-0.462084985469137,-0.90582972729906,0.408611671616936,-50.9912025905134,-0.241017530459885,-1.18228549581377,-0.118383720793937,0.0536773419707049,9.46305942061097
-0.956180342675349,-0.128984889508032,-0.0993366903333166,-0.461613642744583,-0.905496145873915,0.408219246920635,-52.591257148232,-1.0495780091137,-1.09807730774148,-0.121993722115155,0.0556791592008418,9.42787407390939
-0.957381872818343,-0.128720227682145,-0.0989026375345494,-0.461107012183001,-0.905152842319393,0.407861389773151,-51.2642992725272,-0.981508806934926,-1.23480559584362,-0.119561987530398,0.0519178205231595,9.48162348980672
-0.958599679418416,-0.128472446274108,-0.0984639091431663,-0.460587980949994,-0.904863149389563,0.407573041281684,-51.8782553545022,-0.932543264890001,-1.34246056045862,-0.118719507690304,0.0491586310200989,9.47681234136641
-0.959778542776751,-0.128269937571013,-0.0980640371120658,-0.460072074740821,-0.904683752781772,0.407383739669576,-52.377341155901,-0.815471594511564,-1.32780435881256,-0.121645676521819,0.050410419880067,9.48851714796631
-0.960867516368391,-0.128134668242812,-0.0977396075225896,-0.459575280715922,-0.904658656310973,0.407311083928201,-51.4165555944603,-0.55308160965842,-1.15769037435697,-0.118299035621643,0.0539439276547474,9.54435251454824
-0.961822550007558,-0.128081012662787,-0.0975186045100604,-0.459110484746393,-0.904822386849882,0.40736815843816,-52.928918646419,-0.667548512314625,-1.19970682495077,-0.12093435796394,0.0555648120203169,9.5047643349867
-0.962619081792613,-0.128110250192124,-0.0974121866638515,-0.458686342353849,-0.90518543736457,0.407552459976093,-51.5194391156943,-0.762590703372553,-1.2885048095583,-0.118433334786275,0.0538905083888102,9.56444304519799
-0.963250722992039,-0.128206995970814,-0.0974139048039191,-0.458304073530844,-0.905733333365796,0.407844385807028,-52.2096641837551,-0.559132902999181,-1.33822912532338,-0.123609139281017,0.0549615475117973,9.55697047776001
-0.963731038757614,-0.128356309684731,-0.0975105561574119,-0.457964008412203,-0.906441004027896,0.408226598629132,-52.6477509198856,-0.831723808133347,-1.28934633618047,-0.121328481667605,0.0537483808269132,9.5582123339565
-0.964095035493564,-0.128528487712432,-0.0976705620746203,-0.457658128694012,-0.907258015582457,0.408665218193785,-51.7545743228225,-0.643430712080544,-1.36340413510089,-0.118830344582303,0.0511278335518939,9.61104238700822
-0.964383214979635,-0.12869097363611,-0.0978586550225382,-0.457375690606719,-0.908130257037423,0.409123947714245,-53.1769324129515,-0.765995366614334,-1.31359848390741,-0.123952176838565,0.054814392278924,9.56572291526006
-0.964647609146773,-0.128812710727669,-0.0980376403705245,-0.457103185547453,-0.909000064921376,0.409568985371527,-51.8827421838605,-0.426054686811995,-1.31589909223226,-0.122290033250688,0.0542709672437076,9.62886168222006
-0.964944424408888,-0.128860367690731,-0.098167925949147,-0.456821524901956,-0.909810112577339,0.40996721315656,-52.8155923100601,-0.848437716081207,-1.36879047446917,-0.125507512045085,0.0532059385806378,9.61710333746257
-0.965322245394498,-0.128814754744552,-0.0982232890776698,-0.456517987624901,-0.910514562151712,0.410292601537617,-52.9911615609486,0.0830424547934854,-1.26643164757778,-0.126889052862774,0.0513227312721365,9.6301169271558
-0.965824529063372,-0.128664554778513,-0.0981856515423865,-0.456181774118162,-0.911077664213581,0.410528409904991,-52.0818565712459,-1.15299907000576,-1.23314644780501,-0.121850123669348,0.0511969327275545,9.68488364758881
-0.966475849453961,-0.128417872855541,-0.0980573666423206,-0.455810656878894,-0.911487776606067,0.410671171694683,-53.6308162455389,-0.897159180714425,-1.32959912898048,-0.125345127594713,0.0543129730991467,9.6470510127701
-0.967282101607648,-0.128100940103802,-0.097861863715224,-0.455411934461377,-0.911754568139006,0.410730973999093,-52.3326364563551,-0.224989990009135,-1.19389665892606,-0.122269588998537,0.051751754762754,9.71234651797408
-0.96823497530429,-0.127743936282332,-0.0976290563360604,-0.454996074909737,-0.911897623518226,0.410721401684933,-53.0293255549785,-1.13134224737632,-1.28189090658327,-0.126357413813799,0.0524961671236067,9.7035429976699
-0.969313371924245,-0.127384641845719,-0.0973980839896997,-0.454578040230493,-0.911952502902668,0.410669105248256,-53.5320347977537,-0.837302350630353,-1.32120517933308,-0.126490083538248,0.0555389860096246,9.70851571921643
-0.970482515510612,-0.127072383175467,-0.097219840408526,-0.454181076184051,-0.91196669398657,0.410607302206655,-52.5025788767852,-0.679586321064335,-1.4169445624249,-0.123300722624952,0.0549011045882197,9.75731635336941
-0.971699877583824,-0.12685350859211,-0.0971442573532417,-0.453830725736444,-0.911988869549506,0.410568048893235,-53.9199460920183,-0.0444771609691088,-1.41998507813929,-0.12669410086301,0.05627531673905,9.71582871184197
-0.972924828775023,-0.12675613947826,-0.0972064625362203,-0.453544380599938,-0.912059411987567,0.410576845221338,-52.930480142264,-0.608165329500025,-1.17299811263248,-0.118978028761932,0.0531871455350975,9.78001188747082
-0.974113341640819,-0.126800733634698,-0.0974353355656787,-0.453333962923248,-0.912223890245228,0.410664705644727,-53.5113826949769,-0.569446721251552,-1.28973739397745,-0.119776720628832,0.0534712953157163,9.77035849383655
-0.975234986431034,-0.126985690543744,-0.0978373022696235,-0.453202426122293,-0.912506579494776,0.410847186611812,-53.9863953051583,-0.549451527725068,-1.27245413826924,-0.124822897520263,0.0536127516322774,9.77720273519752
-0.976270400775112,-0.127296410655945,-0.0984039104960268,-0.45314786025778,-0.912914928924932,0.411126817573239,-52.8615367032783,-0.297480780712476,-1.32400682874717,-0.122239547948281,0.0547035786984649,9.83468262074374
-0.977209164845759,-0.127701740482318,-0.099111062841845,-0.453158269459074,-0.913446142243922,0.411498826475448,-54.4574151267321,-0.431901390425537,-1.29958089174951,-0.126500640881426,0.0561427419689897,9.79379151104934
-0.978055470664548,-0.128160117743263,-0.0999221149104494,-0.453214680871191,-0.91408281447971,0.411948218596145,-53.1432439289404,-0.909960900406759,-1.29534526661038,-0.122796028355694,0.0546865739387039,9.85265931320466
-0.978823294566948,-0.128624828491942,-0.100791472760359,-0.453295972516495,-0.914795064144099,0.412450251998041,-53.9075906686265,-0.760701187034101,-1.34839765497745,-0.127863405399281,0.0561431317266037,9.84102979064194
-0.979540136961784,-0.129051194035898,-0.101671793513435,-0.45338101067856,-0.915543333899048,0.412974342630123,-54.1841321625892,-0.419253869365548,-1.38217451068974,-0.127728166571025,0.0561061599574345,9.84609579985123
-0.980231789170431,-0.129400254758797,-0.102519977425876,-0.453451040028351,-0.916289543114969,0.413488211256575,-53.1870665385198,-0.205053743064354,-1.31228216090645,-0.12285919654685,0.0553660125700785,9.90227906837977
-0.98093141916662,-0.129642535392755,-0.103298235957756,-0.453493540053661,-0.916986248411338,0.413950762189416,-54.7323692482918,-0.204829854537138,-1.26808283821128,-0.125363189845531,0.0593552285709917,9.85921659446455
-0.981667511775404,-0.129780746154558,-0.103992360273514,-0.453512953689298,-0.917600771803277,0.414337098191955,-53.4490584904366,-1.11227163066474,-1.24668113672234,-0.124296312591979,0.0581283051463514,9.91973692307046
-0.982467710334539,-0.129821992938452,-0.10459183327044,-0.453516057063178,-0.918098711275683,0.414619009227955,-54.1885475249939,-0.85703444502542,-1.25359320692439,-0.127184977506862,0.0566084363179271,9.91205028873314
-0.983352433969704,-0.129787005368782,-0.10509819237504,-0.453516602191609,-0.918453970608091,0.414773096262895,-54.5019087591012,-1.06577266085606,-1.32355927947768,-0.129101072127038,0.0566958328884088,9.91971667326742
-0.984329574625046,-0.129717812616652,-0.105530753477858,-0.453540016031145,-0.918657522647021,0.414792848594683,-53.6757461170127,-0.409339519269224,-1.2347996409782,-0.128283898825861,0.0571677034119645,9.97582081176875
-0.985402858285606,-0.129658706013079,-0.105912129644825,-0.453610930909973,-0.918708483542395,0.414680088987667,-55.3368640580786,0.0701779825867561,-1.39286408852539,-0.130439444385203,0.0597132303705811,9.94109225407416
-0.986566517744018,-0.129664474242543,-0.106274257980864,-0.453758628667764,-0.918620291738426,0.414451789863976,-53.8975288051644,-1.09858878387513,-1.27324226613644,-0.130634133816207,0.0577281128136743,10.0044106791486
-0.987803817394343,-0.129774890215007,-0.106641982135249,-0.454001186483236,-0.918413481181104,0.414127189913173,-54.7102351904106,0.198303313030465,-1.21996430946857,-0.129661088926918,0.0574017608017011,9.99359638555157
-0.989093046078163,-0.130022378282598,-0.107037067647525,-0.454349243129698,-0.918119079594174,0.413735347272042,-55.0667587896842,-0.320288555739353,-1.34405397561284,-0.128918140853641,0.059324973701438,9.99551119090563
-0.990415421086009,-0.130420367441258,-0.107467501317128,-0.454799911516692,-0.917767393518255,0.41330995060131,-53.8773663000159,-0.557047705491868,-1.32165064345844,-0.126983396443506,0.0562902330691495,10.0504492168189
-0.991746616108406,-0.130971859670304,-0.107937623145457,-0.455344014276457,-0.917392255658912,0.412882120240659,-55.5667828771632,-0.296147843823064,-1.20270435321046,-0.13009594487502,0.0609752006633735,10.0162242755848
-0.993063677604357,-0.131652619433384,-0.10843433970658,-0.455953957985344,-0.917027801967104,0.412482544030521,-54.3953608008645,-0.153747757360179,-1.35004860363696,-0.13060151300583,0.0570224940973656,10.0784024981609
-0.994342888543174,-0.132438600551969,-0.108947579735839,-0.456604221396308,-0.916705981680033,0.412136361067357,-55.1979003073972,-0.417844450393659,-1.3404482768793,-0.130578361508146,0.0580925908076717,10.0645239328582
-0.995575128560169,-0.133277774837124,-0.109448042058942,-0.457252846223639,-0.916441489285019,0.411854592376141,-55.4724137529719,-1.15344757843059,-1.27675343951179,-0.130901270614269,0.057715500360588,10.0733042203656
-0.996746254058366,-0.134123038285196,-0.109913303355589,-0.457864034421499,-0.916250947599315,0.411643561073624,-54.5333940423311,-0.393167504998928,-1.38894768347583,-0.128857094865777,0.0560418489458788,10.1253385892101
-0.997847359039356,-0.134906184845422,-0.110307432854619,-0.458393215589501,-0.916134937039016,0.411489306179555,-56.0341037541851,0.0434961873008888,-1.32357773370731,-0.129226221535684,0.0618346525307131,10.0874387686017
-0.998873417841629,-0.135572574015229,-0.110604937025795,-0.458807174798837,-0.916088111956884,0.411373440836221,-54.7272289178169,-0.521404403132237,-1.38934915052604,-0.12769245926981,0.0597784271107391,10.1495488913348
-0.999821650875137,-0.136082943776544,-0.110791253778291,-0.459086835576834,-0.916100391558504,0.411272094000227,-55.6051514284445,-0.656079857478971,-1.32054875944954,-0.131986202018085,0.0611237835744958,10.1390938060258
-1.00069102051543,-0.136397014056989,-0.110850496460604,-0.459215967997371,-0.91615001773955,0.411148117385212,-55.8578904282567,-0.327104077434342,-1.32938418618735,-0.130382710400817,0.0596930778603649,10.1529623870947
-1.0014842894022,-0.136483255355913,-0.110770400034755,-0.459185277405096,-0.916211465869309,0.41096482912667,-54.9257315424685,-0.404684182464734,-1.39031479293828,-0.12657613846529,0.0574268173990021,10.206604034748
-1.00219582164067,-0.136335788485857,-0.110555921497245,-0.459003075049444,-0.91626742957259,0.410692060763064,-56.5586778618653,-0.0723218009916309,-1.39433023804099,-0.131822847096454,0.0640963835066303,10.1743030280386
-1.00282577110148,-0.135959163664172,-0.110216683824418,-0.45868283597902,-0.916299346184419,0.410306265262548,-55.4657576496915,0.345243708168482,-1.3958006795842,-0.125361052348225,0.0598120354701157,10.235875998737
-1.00336906165035,-0.135379342920924,-0.109773164381865,-0.458250413382787,-0.916294465458527,0.40979073859652,-55.9229966396218,-0.384113035430801,-1.33425887386156,-0.127811402938794,0.0593833777579826,10.2331831301368
-1.00382235168095,-0.134647623838696,-0.109261133736617,-0.457742765313673,-0.916256983154149,0.409154928285064,-56.484662666753,-0.654509197141579,-1.49244621572345,-0.129223389110828,0.0587349969388232,10.2396694522452
-1.00418313834709,-0.133817267026681,-0.108713564224028,-0.457196593507958,-0.91618805982782,0.408407400753539,-55.3648809324306,-0.53012160883236,-1.44938295175189,-0.126864233764743,0.0599535339382263,10.2995021508306
-1.00444878697607,-0.132953521231541,-0.108168711354669,-0.456653272549236,-0.916099037593813,0.40757175598477,-56.9567583816593,-0.951424690820431,-1.34312211337783,-0.127071109368806,0.0613802790053348,10.2589766569463
-1.00462280464488,-0.132127756872886,-0.10766716698356,-0.456153310272909,-0.916008097932371,0.406684132712119,-55.700776840879,-1.21043828302754,-1.25733085747888,-0.127181392328217,0.0632311634896461,10.3202429599419
-1.0047105959033,-0.131417274847609,-0.107253168901345,-0.455739214227624,-0.915935499879208,0.405783338771902,-56.2782121598902,-0.469728422493972,-1.32925988743978,-0.126978214992513,0.0615430825148122,10.3083024077717
-1.00472151754345,-0.130893124730338,-0.106965618001547,-0.45544854822223,-0.915903350214706,0.404912007217912,-56.8983582292773,-0.641061973218712,-1.47225434726346,-0.129472422178565,0.0638337652899233,10.3101603455149
-1.00467340663099,-0.130607342907327,-0.106829294856623,-0.455305295481932,-0.915924228081433,0.404103856626603,-55.8022631117016,-0.587037501288478,-1.41469288923756,-0.12534725070542,0.0603830828669102,10.3648149408268
-1.00458866461026,-0.130600364131426,-0.106861960468021,-0.455328355594609,-0.916005146120716,0.40338519171096,-57.4105285423041,-0.183378994883242,-1.33588554377221,-0.127489705483429,0.0624487284877555,10.3256020109821
-1.00449473420166,-0.130892315324971,-0.107068801781199,-0.455525434568639,-0.916144290550575,0.40277150251442,-56.1229731342328,-0.557663693727136,-1.4364727076223,-0.126261835099127,0.0620558097838524,10.3840418506124
-1.00442231500259,-0.131478861797801,-0.107439706273495,-0.45589036047847,-0.916329222421489,0.402264850519227,-56.8105481788699,-0.326424971870892,-1.34896282666998,-0.129818702673756,0.062427139470806,10.3799880948738
-1.00440180173796,-0.132328280892893,-0.107947142149896,-0.456402034426468,-0.916535690617757,0.401849353310242,-57.1706196045669,-0.773554672799037,-1.33885534715517,-0.127186969374269,0.0629218070120705,10.388469921897
-1.00446727211583,-0.133390137684579,-0.108551680593903,-0.457027852450561,-0.916735803737814,0.401507508054132,-56.1839215152048,-0.690741369388206,-1.24675316025434,-0.126849812081676,0.0573045640023842,10.440998656693
-1.00464879906229,-0.134596085569586,-0.109202403189245,-0.457725764560365,-0.916896557532387,0.40121263049302,-57.9112313497852,-0.365887614736039,-1.26897296644458,-0.131655547873778,0.0677646175080495,10.4025064865266
-1.00496886517435,-0.135871072020522,-0.109848043840899,-0.458449816141623,-0.916984782392411,0.400931660828627,-56.4577758996737,-0.719667324266993,-1.3656503121185,-0.131635542498351,0.0617385729496764,10.4670309008702
-1.00544135545379,-0.137130015998928,-0.11043237656012,-0.45914737009647,-0.916971596030439,0.400631980081787,-57.2817714598592,-0.836612093160738,-1.48004640414703,-0.131345435453544,0.0619704368191084,10.4508350911506
-1.00607867639143,-0.138286026331585,-0.110896893271627,-0.459765604465468,-0.916827525609738,0.400281602720815,-57.4317154236347,-0.98919402438105,-1.18850740655748,-0.128944480713838,0.0638026516213336,10.452587577342
-1.00687648835037,-0.139270922861197,-0.111200212090017,-0.460261838543541,-0.916542054613189,0.399861023927549,-56.5601832333435,0.0417051035094573,-1.26390377067483,-0.126787297470966,0.0610381547635112,10.4989776840141
-1.00782165119059,-0.140042414169083,-0.111320843621795,-0.460610111962453,-0.916115773729321,0.399360116648124,-57.9792129578674,-0.160506308862296,-1.32142626336807,-0.129415224383838,0.0639644094576241,10.4661811657479
-1.00889653311182,-0.140559140100604,-0.111237946469159,-0.46078623311844,-0.915550011221401,0.398767113422698,-56.6910685988663,-0.877172923576154,-1.35888804680593,-0.127211225513301,0.0637937157425732,10.5258398524009
-1.01007168958194,-0.140816452357597,-0.110959908793486,-0.460788275795255,-0.914866232049452,0.398087342953745,-57.5845301428856,0.158549483557181,-1.36472996774279,-0.132407004882226,0.0662589912528809,10.5163552158437
-1.01131153438161,-0.140819966605974,-0.110503433250525,-0.460622486344759,-0.914090658592115,0.397326466615773,-57.9920180725927,-0.336724601583683,-1.28295147462794,-0.134165746865525,0.0660059159236667,10.5298802160155
-1.01258095845606,-0.140598320405362,-0.109900668124404,-0.460311954852859,-0.913249418267148,0.396490424101355,-57.0265435431699,-0.623957466385718,-1.51029870108357,-0.128431597725451,0.0619850316711372,10.5878730276839
-1.0138422053418,-0.140193096959587,-0.109194170031782,-0.459887542438663,-0.912376274622753,0.39559196372029,-58.5156020402003,-0.481893735317271,-1.48748453479155,-0.132580011874704,0.066758146489981,10.55660163042
-1.01506217564095,-0.139648876052475,-0.10842802705916,-0.459382127689821,-0.91150074165754,0.39464167851447,-57.3641502768861,-0.283915440231794,-1.38672861788297,-0.128760039041171,0.0659038091608303,10.6151445443263
-1.01621299981622,-0.139019432694332,-0.107651737332987,-0.458834333191534,-0.910652055951427,0.393653254899943,-57.9366117339679,-1.01748261218472,-1.4102803162402,-0.132364549975782,0.0655877844720419,10.6082489184809
-1.01727926846685,-0.13835014506332,-0.106905645977165,-0.458275755540464,-0.909851379695907,0.392639286675774,-58.4808752051161,-0.786440210192495,-1.34187370893983,-0.132738932947631,0.0662423284061669,10.6120030853869
-1.01825076336482,-0.137684927006756,-0.106227790105158,-0.457734302599364,-0.909119505067524,0.391616603191585,-57.3409451199803,0.269056875785509,-1.40528408179529,-0.13017475343045,0.0665261544520002,10.6607665621463
-1.01913301370199,-0.137053156487147,-0.105641449115389,-0.457227868227917,-0.908463048740277,0.390597422104674,-58.9781190410897,0.188531558246041,-1.39862373919843,-0.133373950300704,0.0696584300157722,10.6178174403727
-1.01994294984848,-0.136477647832544,-0.10516177970789,-0.456766917807097,-0.907883547858208,0.389597339969675,-57.6362523403737,-0.959052901528594,-1.34636604455466,-0.127938709628403,0.0667464956156869,10.684533486681
-1.02070802664245,-0.135975448212965,-0.104796552506199,-0.456355186200243,-0.907380429677594,0.388639066013842,-58.4288913307373,-0.719392046195708,-1.39371959427584,-0.131452142725616,0.0657145944384386,10.6708514684753
-1.02146090187783,-0.135554091708161,-0.10454486546372,-0.455989219018153,-0.906948678718976,0.387742268674184,-58.7085851774711,-0.649552393584599,-1.37629094840403,-0.132704914502783,0.0655202153908528,10.6794764572918
-1.02223542398824,-0.135218862829277,-0.104402301595886,-0.455663409582783,-0.906581749026717,0.386927900769833,-57.8280130277285,-0.919213420490678,-1.34441526685146,-0.129988610522692,0.064720935442077,10.7291482603833
-1.0230724312755,-0.134953725018947,-0.104346916506438,-0.455358582016136,-0.906262846073026,0.386208632109554,-59.4104592815093,-0.184480140686901,-1.47507741811609,-0.134844371900732,0.0663339986383645,10.697501276363
-1.02400536643716,-0.134754729457216,-0.104366754554559,-0.455064331779511,-0.90598345281614,0.385600954410818,-58.1789479746312,-0.823789072082491,-1.36921555420179,-0.130737682521045,0.0627291453861276,10.7646232137469
-1.02506094540583,-0.134611449446317,-0.104445054373538,-0.45476941927773,-0.905731436926044,0.385111460114997,-58.7242475978296,-0.399645685998848,-1.33533925233195,-0.133997750759432,0.0667351825212278,10.7524201857183
-1.02625286343045,-0.134519318746619,-0.104571851022325,-0.45447011819526,-0.905498479466192,0.384738554848125,-58.9815547526657,-0.641685014648147,-1.35206709545756,-0.135566535232565,0.0657323865517905,10.7655617497399
-1.02758915785089,-0.134458868966878,-0.104726343124159,-0.454156630842797,-0.905271047250427,0.384470684528165,-58.1416463980349,-0.603118359713108,-1.3547734879628,-0.133669704770428,0.0642881128101633,10.8164361611374
-1.02906123916065,-0.134415654372813,-0.104894359962489,-0.453825988716011,-0.905040002535109,0.384287139626281,-59.7596197882746,-0.851382768764324,-1.39719947178011,-0.139445024589561,0.0699377294123273,10.7704108389188
-1.03065090365567,-0.134373507474974,-0.105061771402491,-0.453475079935794,-0.904800126966189,0.384164929361345,-58.3739745219177,-0.751489146286303,-1.5731217139745,-0.133876784309186,0.0663130930176729,10.831046634087
-1.03232549897562,-0.13431424618255,-0.105214468921739,-0.45310167751489,-0.90455069363602,0.384078148369545,-59.2867614352714,-0.233779730604056,-1.54023417802739,-0.133660535447553,0.0679288231867218,10.8230932998722
-1.03405005546564,-0.134205446890862,-0.105329035558813,-0.452694091584363,-0.904286469234271,0.383993208165397,-59.4430421268085,-0.331952957464864,-1.39760255174642,-0.135955831599902,0.0686350908967089,10.8338360106313
-1.03578284613646,-0.134026805635428,-0.105390243131172,-0.452246461575947,-0.904010129124895,0.383885623075112,-58.5427350158052,-0.90202052594509,-1.38557012955587,-0.133784076888735,0.0682849281919402,10.8907534844532
-1.03747650287487,-0.13374673674898,-0.105374879717163,-0.451743387929137,-0.903728051410199,0.383732005681489,-60.1184738680029,-0.341090004340685,-1.47394382958745,-0.137088995621484,0.0668564066442331,10.8561231381129
-1.0390900457371,-0.133334981484047,-0.105259521000251,-0.45116670750265,-0.903445006516576,0.383514386340661,-58.9240147067072,-0.432360956675893,-1.37639851967111,-0.135364320462167,0.0680295564635129,10.9197104277925
-1.04058026718075,-0.13279290055271,-0.105042822459136,-0.450514799701736,-0.903179390653468,0.383233134148024,-59.7051381617548,-0.428409291647313,-1.48656602960889,-0.140295705126181,0.0689029984902673,10.9073722881984
-1.04191432992053,-0.132107901147846,-0.104711947916328,-0.449772977369398,-0.90294497429222,0.382892071986445,-60.1666603319802,-0.336667211073291,-1.52662486490047,-0.140344946986716,0.0639815849858336,10.9158072360561
-1.04307183766563,-0.131285780303648,-0.104265743458568,-0.448935335056105,-0.902755863016878,0.38250361032936,-59.0909039264271,-0.616216810812375,-1.53088568573008,-0.140040952167256,0.0667466998214601,10.973584713671
-1.04403823289848,-0.130345187896559,-0.103710913602672,-0.448003526402495,-0.902626622310809,0.382085467978858,-60.5568921605076,-0.00185121519643872,-1.58983790657763,-0.140852075618932,0.0713901736247629,10.9350924759681
-1.04480936618206,-0.129327867295122,-0.103071457700887,-0.446992359713569,-0.902576540517201,0.381667728974366,-59.3105723410926,-0.0269857429625517,-1.51259898935857,-0.135575768233994,0.0677017115849922,10.9894764351337
-1.04539685653703,-0.128271231178064,-0.102364935342732,-0.445916468553771,-0.902610146227852,0.381270252200131,-60.2548816786895,-0.638257515568739,-1.57522710863185,-0.138678870729058,0.0667781161637609,10.9763870436422
-1.04582941516937,-0.127219993031074,-0.101612736411839,-0.444797411368966,-0.902726545426662,0.380915584155163,-60.5036236654498,-0.121005450547727,-1.49740559757663,-0.139699688055589,0.0684189838980818,10.9921248577492
-1.04613829601787,-0.126230593289846,-0.100846739089959,-0.443666921845283,-0.902923821413791,0.380624710007813,-59.4885826912789,-0.364303675426072,-1.42762917555871,-0.136111723602331,0.067488062416994,11.0528764725289
-1.04636603583152,-0.125356404901505,-0.100095243080246,-0.442559647923579,-0.903188368745916,0.380409621834088,-61.1989358103331,-0.800654631445923,-1.38038596505237,-0.144296485298677,0.0713008675938906,11.0260332053755
-1.04655969970161,-0.124641928811129,-0.0993826094584223,-0.441508667845983,-0.90350205086604,0.380277093453999,-59.8545108818966,-0.376990222252061,-1.50643362634767,-0.139109072410516,0.0677754757155623,11.0928551850157
-1.04676866355144,-0.124126490123405,-0.0987316537297132,-0.440545436786186,-0.903845138422619,0.380232524866805,-60.6760582487804,-0.522835553053937,-1.39536110777479,-0.141819770924683,0.0675475596571497,11.0813151869454
-1.04703811911498,-0.123836445541224,-0.0981583089893987,-0.439697056111733,-0.904195816419046,0.380275492900499,-61.0033917366236,-0.294306336015097,-1.41892681308434,-0.142681234243074,0.0672292160749974,11.0825615424268
-1.04740390582972,-0.123782730725721,-0.097673791848147,-0.438980249585464,-0.904536286166027,0.380402499423706,-59.8232953516534,-0.419824195553929,-1.52852464515965,-0.139565375633221,0.0714036348206071,11.129029922422
-1.04788995264168,-0.123962806520586,-0.0972835196292585,-0.438404003393486,-0.904854942446921,0.380609570150567,-61.5777765254836,0.0533357543331476,-1.54883740885941,-0.140857638773889,0.0741051078183689,11.0824661261025
-1.04851001462688,-0.124360156901844,-0.0969882182385431,-0.437967004840126,-0.905145680906068,0.380893216102185,-60.2025458808025,-0.328692316731804,-1.53061532749004,-0.13711029003863,0.0713979352715297,11.1478055027697
-1.04926070096448,-0.124936671024816,-0.096779654583238,-0.437652012101068,-0.90541140757402,0.381248667608275,-60.9943757707972,-0.804045451128104,-1.55752479601256,-0.139816884102712,0.0708084502925701,11.1344394559738
-1.05012404966622,-0.12564925743922,-0.0966500536774437,-0.437436609553204,-0.90566146918198,0.381669364864731,-61.1556704619807,-0.174678136429293,-1.49090904027568,-0.138588322301764,0.0696899251746454,11.1465311259078
-1.05106744833317,-0.126449833550867,-0.0965914718550263,-0.437290234863547,-0.905918883889225,0.382155439981935,-60.3940037074111,-0.776040392291407,-1.35507411930496,-0.136698948764652,0.0679000036872583,11.2001611886658
-1.05205456542783,-0.127276847982363,-0.0965857134059807,-0.437172653894578,-0.906206366246016,0.382704358360126,-62.0086682138557,-0.768617778017642,-1.36511258760703,-0.140114310016163,0.0713509698363585,11.1700145601472
-1.05304194424554,-0.128074970707666,-0.0966192424507035,-0.43704438994107,-0.906550690732134,0.383313746122176,-60.6972378915894,-0.394664281775022,-1.5227091488444,-0.138757119676459,0.0708422251039751,11.2363016658325
-1.05398282470264,-0.128793987042628,-0.0966806442080268,-0.436867021323267,-0.906979900705715,0.383980153337085,-61.4693987668787,-0.933200633385241,-1.58829577993004,-0.143968482544895,0.0702584159466063,11.2231688878635
-1.05484697805654,-0.129388928165811,-0.0967533710568647,-0.436606736158366,-0.907507751203195,0.384694785666337,-61.7391349603092,-0.64128919753739,-1.41895319182163,-0.145492421047784,0.0718408002452673,11.2337215938644
-1.05560610758966,-0.129834910631019,-0.0968294476799314,-0.436242911170189,-0.908147422596354,0.385450310851182,-60.8030791318526,-0.750961506940712,-1.54784323311196,-0.13930712875995,0.0692880446775874,11.2841079716647
-1.05624328637396,-0.130126691193012,-0.0969088397469142,-0.43576767953417,-0.908906631968813,0.386242234148622,-62.4683331517096,-0.812714498697687,-1.52261750332099,-0.145363111335677,0.0760031926457882,11.2494768908185
-1.05675771162027,-0.130262025114525,-0.0969845091743171,-0.435177002662384,-0.909776480334816,0.387058337757798,-61.1264661386177,-0.664051956681078,-1.43951420979087,-0.136998713880547,0.0702033260937682,11.3084505816728
-1.05715786691415,-0.13028177544996,-0.0970731083033392,-0.434500678779209,-0.910740980898675,0.38788557134179,-61.8675630242477,-0.0901379118190562,-1.39075651071622,-0.141061574818142,0.0718379621853275,11.2994770752048
-1.05746123967962,-0.130228204402107,-0.097188469626925,-0.433769255762987,-0.911781455559889,0.388715109654636,-62.2542611881894,-0.704808189631422,-1.64953984665661,-0.142441992598267,0.0718231016242462,11.3058869906436
-1.05769009012516,-0.130159695451827,-0.0973520991812364,-0.433027687393875,-0.912873175918351,0.389534986168043,-61.0797907503647,-0.464939381846307,-1.63960782911886,-0.13789137760383,0.071170069561682,11.3577299882142
-1.0578760367851,-0.130139597908904,-0.0975867459746254,-0.432326847524875,-0.91398579199071,0.390332583175944,-62.7989494977175,-0.857923839942259,-1.46170429654876,-0.138154747863915,0.0723291917023085,11.3250936741751
-1.05804651541517,-0.130234797995461,-0.0979190925151618,-0.431720403516703,-0.915093078728776,0.391099614784632,-61.5720797740688,-0.425381856710828,-1.57725581762057,-0.138400697903403,0.0713804714692496,11.3902954732251
-1.05822935310356,-0.130508641526072,-0.0983752460255483,-0.431260888452216,-0.91617096251646,0.391828899092964,-62.2248545952822,-1.04090481225239,-1.39660615243685,-0.142788071206722,0.0721248576633274,11.3841839878435
-1.05844800459912,-0.130997003487937,-0.0989649882003694,-0.430982266975804,-0.917198201138634,0.392513303955271,-62.4652679986427,-0.424820775043145,-1.53160190277904,-0.14413692774349,0.0745775152762999,11.3952703965649
-1.05872108563008,-0.131718034242648,-0.0996892167175023,-0.430905221959743,-0.918156756483653,0.39314547844054,-61.6021618708468,-0.15666776201374,-1.51552524506914,-0.139463343507363,0.0749782910280068,11.4510018669603
-1.05906513529506,-0.13265553947756,-0.100527745338563,-0.431024987164123,-0.919032934590063,0.393720855955185,-63.2282722026803,0.054190191651287,-1.63936870784954,-0.145159334646699,0.0759872319037001,11.4145065999447
-1.05949454985005,-0.133769482277606,-0.101446738850193,-0.431318719246858,-0.919813978720769,0.394234201508091,-61.9417816037281,-0.934573232263574,-1.60841838851269,-0.140864015060532,0.0714957806470596,11.4757377044185
-1.06001678731752,-0.135005716542364,-0.102406000313415,-0.431749853145778,-0.92049606705794,0.394686582377761,-62.7525295522858,-0.494986918489758,-1.564048721988,-0.142535731307794,0.0733917498967699,11.4645351231548
-1.06063674161988,-0.136280968676183,-0.103347105278185,-0.432258653730787,-0.921077491080733,0.395078984121547,-63.0076981299953,-1.29260868210827,-1.56870900030981,-0.145278902908547,0.0732277497805301,11.463452956854
-1.06135212448366,-0.13751270182169,-0.10421491717222,-0.432783145008648,-0.921564292392745,0.395417381088797,-61.9704021287112,-1.05154335682914,-1.62468593355786,-0.144100199098531,0.0750940394583751,11.516088621173
-1.06216160742835,-0.138614356553433,-0.104950778062022,-0.43325757403367,-0.921957812896668,0.395704735285027,-63.6316344076427,-0.200514293808055,-1.56198725149605,-0.143493615441381,0.0776379487961905,11.4752245235669
-1.06305326151697,-0.139517272702051,-0.105512684173248,-0.433623245679423,-0.922274500259945,0.395955724007271,-62.353938840255,-0.288230253808933,-1.57425261316743,-0.140930784352099,0.0728663039162527,11.5440091228767
-1.06400999211495,-0.140181501261815,-0.105879941851987,-0.433840182420519,-0.922534869973851,0.396187235810433,-63.176452802964,-0.906003402249553,-1.51132541279273,-0.146046210834965,0.0752396573051167,11.5416816670828
-1.06500953340376,-0.140596627897048,-0.106052998138766,-0.433889743056396,-0.922764051039159,0.396418822270534,-63.3798326204316,-0.539512799073691,-1.59192469132103,-0.146799879570361,0.0749474999781879,11.5606553857962
-1.06602770685172,-0.140769316996506,-0.106044932449514,-0.433766691697836,-0.922981004618974,0.39666089969523,-62.5613455163434,0.120222453100951,-1.64715840207921,-0.145573811468436,0.0752736822264524,11.6120586816106
-1.06703088883707,-0.140739734270428,-0.105894799361512,-0.433489754706228,-0.923213344233947,0.396927164743605,-64.2121204106553,-0.486033848464785,-1.65216687991565,-0.15140447806035,0.0776836224956253,11.5765780508026
-1.06799109129532,-0.140573090733318,-0.105657062047878,-0.433098399373401,-0.923481049452096,0.397223545042569,-62.9742747784176,-0.0463919383012126,-1.47681261247106,-0.14684527099494,0.0762168200897476,11.638837941054
-1.06887905703032,-0.140341445125491,-0.105391383524903,-0.432640117414241,-0.923800898949144,0.397550983081551,-63.4734270423324,-0.399826708296359,-1.56492302105644,-0.146521019900783,0.0802002239876624,11.6246652532538
-1.06967004231791,-0.14012154340377,-0.105160320245465,-0.432168326369089,-0.924185729655038,0.39790630143549,-63.8459452312233,-0.564453534225322,-1.55978653397167,-0.144138066121505,0.0777909565014472,11.630616896742
-1.07035369154683,-0.139972864933469,-0.105010541540066,-0.431729495785288,-0.924631991393906,0.398272803404137,-62.9147521278855,-0.407834448759786,-1.54888474002865,-0.143381882794771,0.0735180535437527,11.6801860146534
-1.07092272927558,-0.139952346118422,-0.104985130442972,-0.431369319169498,-0.925135521517349,0.398634827717052,-64.4971041908833,-0.122986897035616,-1.49433342819211,-0.145039692377297,0.079524519440503,11.6444772559156
-1.07139044199668,-0.140088459084666,-0.105102694867014,-0.431114940272817,-0.92567812407811,0.398973823021133,-63.2165604141736,0.255963739297158,-1.5360889124413,-0.140822825565566,0.078344253395443,11.7068472802393
-1.07177366188503,-0.14039940041099,-0.105373628415368,-0.430987722785846,-0.926240606163162,0.399270186588864,-64.083732552571,-0.0595654293067582,-1.59145781995269,-0.14007961197357,0.0777835332978947,11.6989976940133
-1.07210377713627,-0.140867343938901,-0.105779538341897,-0.430982144433895,-0.926797331373383,0.399508915298902,-64.3997982285129,-0.782899662419823,-1.62205501835018,-0.144979390132297,0.075012223780667,11.7102826224934
-1.07241660614501,-0.141470877701206,-0.106298813375438,-0.431088399264419,-0.927326875214922,0.399684380581017,-63.4063059639653,-0.671415271968954,-1.43490484191375,-0.145559079970642,0.0767896658285245,11.7670178470499
-1.07275293581923,-0.1421623915145,-0.106890131411441,-0.431277718220579,-0.927804779935523,0.399792647220334,-64.8525490510002,-1.75953639467093,-1.53606573742414,-0.146715180723324,0.0797195386407588,11.7364673322612
-1.07314778199117,-0.142904076987253,-0.107521061420568,-0.431523134584854,-0.928220225508426,0.399845176686088,-63.6695686389309,-1.40033820200665,-1.57515892054533,-0.144818963969785,0.0762785383562121,11.8043066377702
-1.0736285782266,-0.14364787657027,-0.108152794520227,-0.431789220995733,-0.928568261739448,0.39985709338767,-64.5108644879841,-0.304249828576303,-1.54811388785339,-0.147521372485128,0.0803336686260755,11.7881889103411
-1.07422321836528,-0.14434085537799,-0.108742888174676,-0.432036836577814,-0.92884092404403,0.399842453227602,-64.7755436215598,-0.937505548226227,-1.50794813539858,-0.145257707661719,0.0821324356661419,11.7946660884266
-1.07493925040356,-0.144952179328977,-0.109269397781671,-0.432239050026437,-0.929048456941212,0.399825169421969,-63.7178661287231,-1.06965816101433,-1.57272916740285,-0.142740863776724,0.0770354921003799,11.8441506380254
-1.07577378033954,-0.145447209317251,-0.109709235775581,-0.432365250304204,-0.929203626029581,0.399825392643767,-65.4186333310466,-0.412559766311688,-1.57887760296015,-0.144540870987279,0.0814884736737215,11.8060015959562
-1.07671165588919,-0.145807700545236,-0.110052967734626,-0.432399174111428,-0.929321417141133,0.399857560370838,-64.1158569375916,-0.360032672524994,-1.511575286377,-0.141989945798013,0.0789983944411282,11.868550066095
-1.07773076949853,-0.146011138567617,-0.110288480935001,-0.432322493827637,-0.929412537991507,0.399925138117884,-65.0208427217717,-0.618741796751692,-1.51762804920804,-0.145688250880058,0.0785366093537765,11.8567872739439
-1.07879997578667,-0.14604696329824,-0.110412576030916,-0.432126072470473,-0.929489503661394,0.400026106194329,-64.9808805523037,-0.468213850683469,-1.65529376630525,-0.145221027226225,0.0801752600712358,11.8660335367124
-1.07988126073679,-0.145917496096417,-0.110431640861885,-0.431812574093794,-0.929561989352058,0.40014833183278,-64.1092579917464,-0.316738097440066,-1.53110332927233,-0.145075842367997,0.0768265006919644,11.9175635098878
-1.08094154082689,-0.145619712542445,-0.110344664015407,-0.431384126847169,-0.929628351780746,0.400265839223256,-65.7127627351555,-0.282231373082368,-1.60734789058145,-0.148697259609833,0.081345226779662,11.8909853228735
-1.08194728896371,-0.145172078413649,-0.110165584279494,-0.430855998715132,-0.92969158678793,0.400357467818452,-64.5929582844941,-0.961024483082383,-1.49835288730421,-0.145585354387275,0.0831161754361239,11.9542858362478
-1.08287298362641,-0.144582668427366,-0.109898209688029,-0.430237981540364,-0.929746468098542,0.400395152563847,-65.4219429269147,-1.03491090865646,-1.64130117356285,-0.150811753859329,0.0796749266908732,11.9459992993457
-1.08370795197511,-0.143866116268168,-0.109545917735249,-0.429547482587671,-0.929775388367376,0.400344174062407,-65.6827056474727,-1.07803935829565,-1.63637594394541,-0.149493142271793,0.0809826267828692,11.9580531873222
-1.08444729092811,-0.143053828657923,-0.109122904687097,-0.428808364418079,-0.929768818321408,0.400183432779785,-64.6155830587054,-0.732194667166141,-1.72899921701807,-0.145682212312482,0.0790666641611589,12.0149457309866
-1.08509450428564,-0.142186187541604,-0.108647631102872,-0.428049853432141,-0.929718353226096,0.399898814315248,-66.3589339279617,-0.613018477826017,-1.61868558131874,-0.150165540801683,0.0851953423647282,11.9752990594752
-1.08566750802339,-0.141301881656648,-0.1081350284608,-0.427298787169574,-0.929613600256559,0.399484213574259,-65.0110736900122,-0.696454051041428,-1.62620626870643,-0.144497444925786,0.0780936346087737,12.0308249196018
-1.08618594194814,-0.140444467830067,-0.107604854190844,-0.426581498656028,-0.929450933232447,0.398944666927713,-65.7756782488883,-0.703190905917154,-1.53842117170382,-0.146466418468546,0.0804851036254151,12.0146728377339
-1.08667709723135,-0.139652865106179,-0.10707482390933,-0.425919363128671,-0.929227302797336,0.398292136782726,-66.0636431124848,-0.384950259196103,-1.56056713242458,-0.147849493482804,0.0814346660779028,12.0265816078025
-1.08716940630426,-0.138975979008829,-0.106569685453491,-0.425338344116503,-0.928948138763904,0.397552491797302,-65.2038956684686,-0.0850614810940442,-1.57379285853466,-0.145989036609488,0.0798878478158546,12.0784881618045
-1.08768795714574,-0.138435713530707,-0.106098581528095,-0.424846765965312,-0.928618161422346,0.396749488201681,-66.7450446074576,-0.861455200562432,-1.56183755803397,-0.149101081279425,0.0818787073515231,12.0490015642067
-1.08825799589264,-0.138042984932055,-0.105666223862152,-0.42444298799089,-0.928243977710797,0.395912335115015,-65.499453710401,-0.100976559126593,-1.56518092983109,-0.145422432014511,0.0825739487372552,12.1139934999103
-1.08889257327946,-0.137812810563368,-0.105283875760724,-0.424132096879079,-0.927836476730197,0.395068392078215,-66.1262298024529,0.183255669071059,-1.66216702932195,-0.150466601769699,0.0820523934216164,12.1084333555541
-1.0896009074876,-0.137722402737545,-0.104939363258572,-0.423894172902449,-0.927403351560427,0.394240408043365,-66.6413218739966,-0.478722930229424,-1.58196572440875,-0.152079436456736,0.0817602895025481,12.1251748082794
-1.09037688340851,-0.137748911757474,-0.104625563427656,-0.42370978064739,-0.926961400507662,0.393452971649897,-65.6762038330018,-0.532883919251617,-1.64600878922545,-0.148944244530845,0.0820801162539596,12.1829781715498
-1.09121597052701,-0.137854796025463,-0.104325688857685,-0.423554114603508,-0.926518436222592,0.392720973533964,-67.0481932686978,-0.187424890977127,-1.64292831263671,-0.152543509660631,0.08205628847639,12.1485727027539
-1.09210614379498,-0.137989090620253,-0.104016589400687,-0.423394035598943,-0.926085720609815,0.392058641710816,-66.0506477332049,-0.544876027111286,-1.63304419275522,-0.146795239435284,0.0836719436104646,12.2040895253385
-1.09303005045149,-0.138111117800726,-0.103683133832579,-0.423206670880028,-0.925674117076415,0.391474604367015,-66.8098562126647,-0.375893325545803,-1.54227462184488,-0.152959456901449,0.0862875439563588,12.1977917167123
-1.09397017570161,-0.138188716822635,-0.103316649424924,-0.422977203695753,-0.925295219240075,0.390977134796886,-67.2332257607356,-0.304777457620048,-1.59636182557639,-0.152027073702109,0.0852516201900376,12.2010247976272
-1.09491177121694,-0.138188127376406,-0.102906184920511,-0.422690737358034,-0.924953507352638,0.390565479451972,-65.994958692125,-0.27278816997773,-1.5549348009954,-0.144576149411451,0.0828720403942214,12.2628632392023
-1.09583985203112,-0.138089822680027,-0.102450409384307,-0.422342066812468,-0.924658759902331,0.390241215504433,-67.6764047174698,0.339703711121047,-1.61373349427427,-0.148665652013672,0.0842171937350732,12.2307432132308
-1.09674603891071,-0.137889793071914,-0.101956326199307,-0.421936200612523,-0.924417166219939,0.390005297170455,-66.5784162569232,-0.50348886257234,-1.46425489626296,-0.145214188256969,0.0844013119973093,12.294910152167
-1.09762413793592,-0.137609953704393,-0.101446713115862,-0.421495852673556,-0.924235169958957,0.389857221311461,-67.2621488318398,-0.603620323271116,-1.5614400859063,-0.150065802218855,0.0867804269929488,12.2911820098912
-1.09847305610433,-0.13727788910227,-0.100946093505168,-0.421043926185828,-0.924116324074341,0.389793751221047,-67.682612312331,0.0240059192378794,-1.52246831191314,-0.150357542556763,0.0819475168502906,12.3040802563942
-1.09929503302905,-0.136930428097923,-0.100483176937638,-0.420607198434687,-0.9240644693288,0.389812493496162,-66.6283473211107,-0.631626618468772,-1.45863254019247,-0.14429400639607,0.0834672457152462,12.3554752390127
-1.10009091442306,-0.136612191331999,-0.100090412370804,-0.420217499534067,-0.924080227930463,0.389904227092417,-68.0475415583315,-0.736405765090694,-1.51190269132411,-0.149592095268217,0.0886660410016771,12.3165797732737
-1.1008614964467,-0.13637284746577,-0.0998024584473725,-0.419906444068717,-0.924165888139504,0.39006160207185,-66.9213774797703,-0.854898574786148,-1.62608024745049,-0.150271572760616,0.0854718014685782,12.3734058777415
-1.10160483969463,-0.136250611203321,-0.0996448501020339,-0.419695483661268,-0.924321099251949,0.390273000357955,-67.6296855940617,-0.223342892479877,-1.62121049965799,-0.14808793140041,0.0842915510745347,12.3665426855644
-1.10231621145834,-0.136277306063217,-0.099637547464219,-0.419600456109904,-0.924548453151881,0.390528949491593,-68.1071328430235,-0.0298349433471685,-1.66741564488407,-0.150080270379751,0.0841526387063063,12.3769344963614
-1.10299577197937,-0.13645110861779,-0.0997745668745569,-0.419614622722723,-0.924837681248768,0.390808383273601,-66.9733378574998,-0.697713819077308,-1.66940679156937,-0.148143091168578,0.0840967519160635,12.4353283394136
-1.10364240626878,-0.136755874682215,-0.100039633873825,-0.419720347152581,-0.925179104388715,0.391093245018532,-68.6018872863993,-0.952482773564725,-1.4797343955527,-0.152126573458021,0.0859558851864404,12.3946390833179
-1.10425284297279,-0.137170516221064,-0.100411834274903,-0.419897720007143,-0.925566260664164,0.391370169228343,-67.2413488710952,-0.732406064880252,-1.55531687066357,-0.152181791445793,0.0826027124039675,12.4567587370125
-1.10482969181033,-0.137638797470026,-0.100845714305376,-0.420104127827843,-0.92598313537342,0.39161963275044,-68.1945545190354,-0.36670155595084,-1.69683949351335,-0.154149939392746,0.0847856752473558,12.4420880589062
-1.10537466841532,-0.138107024860995,-0.101297251053982,-0.420300374148327,-0.926419001415783,0.391831176011276,-68.3957130819514,-0.396314874432164,-1.6937537923591,-0.153972256647279,0.0859896731583401,12.4571922871041
-1.10590356025919,-0.138507716795663,-0.101710793641616,-0.420439682915323,-0.926853232059335,0.391992609161512,-67.3425665552924,-0.584740277069386,-1.640311040027,-0.152015469984786,0.0827429277250078,12.5141524712283
-1.10642879684382,-0.138782982054782,-0.102039982713308,-0.420483470863547,-0.927272135822065,0.392098200549276,-69.0171884881002,-0.56745977530386,-1.72597626462579,-0.154787815379256,0.0882638354156621,12.4736682492272
-1.10697391407777,-0.138879596200479,-0.102240076653223,-0.420398363354598,-0.927654207047716,0.39214201378293,-67.6256993785551,-0.948472775374967,-1.58663957664825,-0.156834528830254,0.0870597260382553,12.5299569616483
-1.1075559283757,-0.138771603799507,-0.10228848884364,-0.420171533639209,-0.9279886603588,0.392125599296509,-68.5266349339641,-0.731211848239127,-1.50159806379537,-0.158207873259392,0.0875822869771007,12.5106703483784
-1.10819481083025,-0.138436623381439,-0.102165969414633,-0.419793014366837,-0.928262916728808,0.39204958975609,-68.7725361475914,-0.734546466921529,-1.62021842235293,-0.156553522254927,0.0905599457420589,12.5220765396267
-1.10890532375375,-0.137886683303353,-0.101880507373916,-0.419276277156531,-0.928469054468078,0.391916721343926,-67.744639809766,-0.345086450192412,-1.52957436695465,-0.152872790047645,0.0820562944046491,12.5737013964819
-1.10969700063952,-0.137147323632669,-0.101451113479754,-0.418643434278469,-0.928606608481674,0.391734785027757,-69.3034308278934,-0.211878240040051,-1.66706041003582,-0.152543551477291,0.086558793504532,12.5463716023937
-1.11056900608316,-0.13627808427033,-0.100923737265372,-0.417937699932301,-0.928684572224446,0.391515435656966,-68.1067219090777,-0.589507510539761,-1.4957860482366,-0.152226810586948,0.086994123317525,12.6129286932231
-1.11151332692722,-0.13533888654252,-0.100345187818832,-0.417203306019192,-0.928709698608622,0.391262288743604,-68.9295655853189,-0.304315016968985,-1.5909501838519,-0.158469418532893,0.0865838523173438,12.6057764816362
-1.11251727027511,-0.134397280381059,-0.0997676129626428,-0.416487154057261,-0.9286926263535,0.390981012833787,-69.3370499662363,0.505731225964382,-1.65580769137767,-0.161282592383865,0.0885399563285515,12.6206539322908
-1.11356305040017,-0.133520222767765,-0.099241950832337,-0.415834824006687,-0.928645149030364,0.390676624913098,-68.2381371318356,0.270739820812423,-1.67868777384749,-0.156714531802754,0.0881226536658842,12.6827275655848
-1.11462653480813,-0.132752248727003,-0.0988028500779607,-0.415273098207637,-0.928580109516009,0.390351383135048,-69.7825124584511,-0.411788908538028,-1.74294431514596,-0.158211557373678,0.0901872676059576,12.6458096593408
-1.11568557246952,-0.132123652303546,-0.0984724477935301,-0.414819830481034,-0.928506215552459,0.390004937548677,-68.5840726868895,-0.208386799832851,-1.77790899019499,-0.154465572129739,0.0887665285133988,12.6963967590637
-1.1167194204867,-0.131639880163343,-0.0982521407979746,-0.414476176694132,-0.928425036797053,0.389629848463376,-69.3950644947015,0.163782162785083,-1.8159790087019,-0.156777475054672,0.0879814715793187,12.6829250988035
-1.11771614378849,-0.131289646671505,-0.0981290635047003,-0.414229171808476,-0.92833608979012,0.389222678593914,-69.7203407992039,-0.732311850545557,-1.74946009780462,-0.156076744864728,0.0850543266115696,12.6966269203574
-1.11866309266443,-0.131046481859832,-0.0980780452286973,-0.414055499125487,-0.928238101379318,0.388780717346622,-68.6424580560665,-0.0197795588128429,-1.56280083099884,-0.151003819460727,0.0881223962804545,12.7506870386489
-1.11955457310572,-0.130861809104982,-0.0980564686835559,-0.413918460824235,-0.928125335592483,0.388297834772234,-70.3079173393141,-0.127998581236852,-1.70758200443396,-0.154399313335816,0.0914525382930569,12.7154433594942
-1.12039819512348,-0.130676265601961,-0.0980117583058218,-0.413773163180779,-0.927985384700948,0.387769009807713,-68.9489053657016,-0.568638519955812,-1.715091991479,-0.153645959972097,0.0874560054344427,12.78088011777
-1.12119392020327,-0.130451583151173,-0.0979112998287752,-0.413586787320147,-0.927823836933496,0.387205448419507,-69.7861581240828,-0.69687921330592,-1.72110066051519,-0.156928155098508,0.0877479997813755,12.7756045547981
-1.12195563976213,-0.130142342762894,-0.0977147226429398,-0.413325646588628,-0.927633665570135,0.38661039994644,-70.1599537021706,-0.0508357851451819,-1.64728029075275,-0.158619133010902,0.0907575480653664,12.7884198679324
-1.12269831600326,-0.129722672486364,-0.0973966702045586,-0.412969539296142,-0.927412760897971,0.385993590035626,-69.2134074950497,-0.666414637802745,-1.5718218144693,-0.156134533005816,0.0876825533526461,12.8406123928344
-1.1234294213542,-0.129198637509061,-0.0969590094160075,-0.412518322915746,-0.927174756141242,0.385377447544631,-70.7734842254892,-0.504037407695705,-1.82935524520738,-0.157762105293308,0.0953469716067621,12.7999178311125
-1.12416071399305,-0.128601994694693,-0.0964238084143147,-0.411989544280912,-0.926934821274147,0.384788440695649,-69.4392614568828,-0.778014348515853,-1.74977330420131,-0.159435288020327,0.0904132383524093,12.8633547947647
-1.12490118579625,-0.127982198441796,-0.095826556266402,-0.411414525321614,-0.926709917409044,0.384252532125538,-70.5115166176749,-0.465282063265477,-1.69146206105529,-0.159233651277889,0.0919369284557125,12.8516377896037
-1.12565486547941,-0.127394753717398,-0.0952101669596441,-0.410829683388439,-0.926516277235748,0.383790790313948,-70.5344258324525,-0.887573709595699,-1.68937079382417,-0.159535795661912,0.0909064025768843,12.8628953642353
-1.12642254251442,-0.126921023814316,-0.0946368167952263,-0.410287175403342,-0.926379229993216,0.383433961998442,-69.7140563351721,-1.05446851697752,-1.63754905190709,-0.15595799606603,0.089619037871313,12.917345960736
-1.12720042715478,-0.126628094075679,-0.0941584696700153,-0.409832645538477,-0.926313106289505,0.383195207738803,-71.2117724281577,-0.856988593104006,-1.79893180362382,-0.158122195261909,0.0912791927693752,12.8893043375993
-1.1279864542429,-0.126572356290338,-0.0938189459830743,-0.409503615004669,-0.926326745960942,0.383082998157018,-70.1163345752333,-0.16914267616562,-1.65737047100598,-0.155941808996402,0.0878185851172028,12.9538833551025
-1.12877197179023,-0.126796065511641,-0.0936518475847565,-0.409330189401385,-0.926425498760154,0.383096561144982,-70.868828470985,-0.895310133518024,-1.67971699503548,-0.159003368212548,0.0904274916358777,12.9465307452072
-1.12954804632632,-0.127301814908087,-0.093661335733545,-0.409316999858668,-0.926602939562469,0.383220293978336,-71.1251590163905,-0.455215962432703,-1.75644746910908,-0.159360493462752,0.092029500865787,12.9547566807031
-1.13030145272107,-0.128070533415504,-0.0938370713323657,-0.409452260527609,-0.92685286369471,0.383436053139447,-70.1298110914782,-0.959321922969139,-1.82672105885726,-0.157868508030858,0.0907554407647574,13.0126979602791
-1.13101722796189,-0.129062852923588,-0.0941530550414682,-0.409713009883652,-0.927161753256719,0.383714379131593,-71.8450760794827,-0.609661467021851,-1.71320175494213,-0.158484008612072,0.0921990789207718,12.9689027136311
-1.13168276057402,-0.130201353807299,-0.0945555350405636,-0.410049922177392,-0.927511518256467,0.384022189696292,-70.3642916458099,-0.622537276767389,-1.66330211202094,-0.158909186011672,0.0906020997856006,13.0340027653668
-1.13228668236715,-0.131397619922246,-0.0949823078176437,-0.410407353933236,-0.927881664049923,0.384322827781514,-71.3758846488896,-0.0820796258983592,-1.69483081023068,-0.158676548726112,0.0923656545461119,13.0265673781977
-1.13281634362217,-0.132565609834339,-0.0953743655617407,-0.410731787751929,-0.928257571481731,0.38458590854921,-71.5308461738064,-0.567401521285092,-1.58784248423683,-0.160643766853204,0.09500741102674,13.0357048300972
-1.13327155941555,-0.133611817412509,-0.0956650638741479,-0.410965276920503,-0.928614297132864,0.38477815700622,-70.5958109920316,-1.03024462794087,-1.65337418715757,-0.157660948400202,0.0915224228714698,13.0816990281961
-1.13365051058198,-0.134469262797524,-0.0958096071499857,-0.411067508438861,-0.928941727302335,0.384882256643896,-71.9794710149498,-0.723040674239883,-1.63490939570582,-0.159557935826442,0.0935879125218871,13.0477299820615
-1.13396228544636,-0.135074098163799,-0.0957643604778142,-0.410999147230946,-0.929229354252671,0.384890207358785,-70.8293582250047,-0.986036241946294,-1.74023021592728,-0.159836162917108,0.0912211849380286,13.116708928528
-1.13422415296578,-0.135403019123315,-0.0955149745848822,-0.41074905717459,-0.929468557890771,0.384802310268897,-71.7238394259215,-0.102173491508665,-1.83497388062415,-0.16281088870675,0.0925844425547582,13.105363644032
-1.13446104349626,-0.135456926913935,-0.0950648250032764,-0.410322944901225,-0.929653675478864,0.38462873542164,-72.0371268146548,-0.816144692142188,-1.77320321800727,-0.165469178302785,0.0937137081217645,13.1233261737748
-1.13470315996714,-0.135261091979357,-0.0944361173420942,-0.409742369277882,-0.929782675867422,0.384389181016138,-71.0115102157357,-0.29055102420466,-1.78037684556054,-0.159309740599692,0.0942841483733429,13.1753344136065
-1.13498065116287,-0.134867318271049,-0.0936718719127445,-0.4090452577259,-0.929860225065697,0.38411106485009,-72.5702844249149,-0.0824987688076817,-1.90995574292796,-0.166515443775989,0.0972215504215968,13.140543398525
-1.13533094685698,-0.134335819254934,-0.0928212922487155,-0.408276949551495,-0.92988523318826,0.383819370876704,-71.3116986834046,-0.481342843907669,-1.87115287957434,-0.165661646843825,0.0940729666536471,13.2061290889006
-1.13578551963282,-0.13372385388215,-0.0919330935706888,-0.407481396194771,-0.929856229676483,0.383534349588835,-72.0746068966093,-0.39253592744717,-1.87356708390749,-0.162298345065713,0.0931903958278247,13.1891870191362
-1.13636842126428,-0.133100350494345,-0.0910661497673897,-0.406708775707569,-0.929779436491373,0.383279910599645,-72.463612072732,-0.636323742877494,-1.65932748722562,-0.166518085335942,0.0946804849766111,13.2023014664021
-1.1370971816337,-0.132513195922654,-0.0902650143780181,-0.405996386559563,-0.9296569369396,0.383069272017657,-71.6473174313837,-0.501792815693079,-1.79090910905506,-0.158274920590832,0.0941409409629348,13.2586635776271
-1.13798459532882,-0.131990589686818,-0.0895608705967037,-0.405367068522046,-0.929487564699634,0.382906313978219,-73.0537570684386,-0.942109175998439,-1.86667195552982,-0.161438306739619,0.0974047809606828,13.2278907899312
-1.13902146955911,-0.131569361018248,-0.0889922594511878,-0.404849284514452,-0.929283530257163,0.382795872640604,-71.9272278637694,0.0446835947489035,-1.74556987623515,-0.158811868494605,0.0948676075534389,13.2893366287513
-1.14019384605345,-0.131256959556127,-0.088576540987557,-0.4044514906824,-0.929050568353764,0.382729536613208,-72.6384748749358,-0.0985027357364743,-1.81187974767857,-0.160429825333286,0.0921710193298445,13.2878148384998
-1.14147484747044,-0.131046098089512,-0.088319480167123,-0.404171652677251,-0.928796522161655,0.382691968429622,-72.9347414338768,0.201912755143894,-1.82352787686781,-0.162950504220208,0.0931641478552514,13.2934968906628
-1.1428309892113,-0.130938957984559,-0.0882312850284366,-0.404011402286706,-0.928536430580865,0.382673940933188,-71.9186396058842,-0.169026461823478,-1.80905149350286,-0.158664173075783,0.0957899487544147,13.3423264719787
-1.14422177083894,-0.130924128371714,-0.0883120107800388,-0.403960296050806,-0.928288217158243,0.382663986639783,-73.6133508423276,-0.124405350817369,-1.86066638424288,-0.162357342116807,0.0988776285322512,13.3025275306296
-1.14561170678064,-0.130987851967774,-0.0885547578472987,-0.404005193693799,-0.928066264394964,0.382651178636201,-72.1953578511568,-0.0813769203186894,-1.80689733820134,-0.160462959023309,0.0944705904571895,13.3704365588285
-1.14696047914186,-0.131130170238441,-0.0889606061905355,-0.404140787240783,-0.92788877166585,0.382627367011674,-73.1157701243956,0.40804218174685,-1.84479809299273,-0.16322609100019,0.0972123205549694,13.3544249095288
-1.1482345829207,-0.131344691972964,-0.0895216251547446,-0.404353391485944,-0.927776815446894,0.382594599577623,-73.3982826672308,-0.630598046010846,-1.69152835641236,-0.163707063298609,0.0960587951158786,13.3645266649038
-1.14941041477708,-0.131615663382288,-0.0902194169642925,-0.404621860795743,-0.927740266104956,0.3825492406719,-72.3874095512531,-0.789453747928746,-1.6631586452086,-0.159670782409341,0.0935243984758358,13.4223664691155
-1.1504778838752,-0.131934255373746,-0.0910351392307094,-0.404928758122812,-0.927785804168827,0.382494381486037,-74.1035969484486,0.0134162695792384,-1.78236861946544,-0.164536233180028,0.0931360586685291,13.3847955152535
-1.15143266301825,-0.132289894911841,-0.0919455897456387,-0.405254293607074,-0.927918900304848,0.382437753494068,-72.7687062619391,-0.518780371737193,-1.69513080369634,-0.162534729049135,0.0925059075730011,13.449678390543
-1.15228398250994,-0.132655917819347,-0.0929118185005056,-0.405570616881656,-0.928130059145422,0.382378653034519,-73.6069229643167,0.141709210542103,-1.73585870122619,-0.164747896717039,0.0945096252039074,13.4347068102712
-1.1530502033714,-0.133005162400864,-0.093891956124994,-0.405849879508917,-0.928406441020187,0.38231736051244,-73.6820978811054,-1.37158893368382,-1.72004548877271,-0.164856094556762,0.0982388899589457,13.4465141581702
-1.15375776116274,-0.133301073377214,-0.0948346488700467,-0.406060924902531,-0.928726272523973,0.382250472018956,-72.8847583509337,-0.514119981918611,-1.81174740760801,-0.161395989271162,0.0978307132578345,13.492053032387
-1.15444098736808,-0.133506046127092,-0.0956862680333461,-0.406174525042645,-0.929059513790802,0.382170053239751,-74.2167613886842,-0.222677770736937,-1.76955572682863,-0.166819388879667,0.0998022854923705,13.4666798884542
-1.15513359124267,-0.133588082507146,-0.0963976943748819,-0.406166769101507,-0.929377697426719,0.382070517592946,-73.3167816724637,-0.285374746372554,-1.71058976412556,-0.160423502942247,0.098916006334399,13.5360912782189
-1.15586770394381,-0.133521723702424,-0.0969262716919144,-0.406021912496552,-0.929647657908574,0.381939374142038,-73.98193186693,-0.84239666303597,-1.62760741807102,-0.164937805233606,0.100869385353051,13.5340627879339
-1.15667051068424,-0.133309823765561,-0.0972533451931077,-0.405743737906118,-0.929845524196841,0.381771554341759,-74.3832096964122,-0.789571465707013,-1.86274413123556,-0.167141488703778,0.0977919246031671,13.5449531529629
-1.15756616078448,-0.132968511628918,-0.0973723506157604,-0.40534612346332,-0.929946493766164,0.38156212105557,-73.2974249625998,-0.740527215646807,-1.86208668457053,-0.164160993465127,0.0966585403728688,13.5985479473405
-1.15855861304147,-0.132535442472716,-0.097300580214325,-0.404856823944245,-0.929946049889986,0.381315559068672,-74.9366236860879,-0.823803335159027,-1.99077092810163,-0.16672204071036,0.0967501641096231,13.5493525120021
-1.15964969341109,-0.132053575742669,-0.0970632863307757,-0.404306233164493,-0.929840806940376,0.381036266185726,-73.4534784100293,-0.839066302351512,-1.71145721175131,-0.164776283212795,0.0975077297640006,13.6097460643856
-1.16082184457977,-0.131592543779851,-0.0967141501715427,-0.403740087848918,-0.929648566917105,0.380741235620884,-74.5233458019277,-0.271476554569517,-1.71620029158376,-0.163089670861963,0.0992545967296838,13.5971305208276
-1.16204945315181,-0.13121050350798,-0.0963056399926536,-0.403194220573127,-0.929392717508198,0.380446917987776,-74.7259332993121,-0.280251805598709,-1.8112297424592,-0.166131530820632,0.0991011558754473,13.6109525572705
-1.16329838657583,-0.130976503881093,-0.0959025766883495,-0.402710917578669,-0.92910561025486,0.380174245913201,-73.8567280618886,-0.261437998091424,-1.81012301885437,-0.162858984191068,0.0979532730686049,13.6666403018304
-1.16452657804455,-0.130940817880926,-0.0955608309127689,-0.4023200440322,-0.928824710201159,0.379941894599386,-75.2198607089325,-0.364001090218835,-1.80231634546223,-0.166280369348463,0.100343787582808,13.6403249311601
-1.16569105515811,-0.131137514051525,-0.0953279940894773,-0.402039782431791,-0.928588045034387,0.379766905400827,-74.1562581184966,-1.07452119849745,-1.69724268623625,-0.163456453259425,0.0996064964570862,13.7108290362749
-1.1667548171517,-0.131588887230683,-0.095242791430177,-0.401881261116693,-0.928427320912312,0.379660237065565,-74.888982607069,-0.651870883069478,-1.83571341624278,-0.169517049362098,0.0987628478788134,13.7028506224267
-1.16768600349775,-0.132284152721923,-0.0953193522151639,-0.401836706934641,-0.928365093956479,0.379622395351567,-75.2113829424655,-0.636664002889347,-1.70740542116215,-0.170482094737429,0.0990711793284543,13.7113931027771
-1.168465328519,-0.133201987844935,-0.0955596060442305,-0.401895996985324,-0.928413743219351,0.379648852123688,-74.3151074671339,0.0990174282051157,-1.74720781195126,-0.166257040332537,0.102069167365335,13.7650470883039
-1.1690872010042,-0.134308993592196,-0.0959520768018352,-0.402045366992023,-0.92856605357061,0.379719090382777,-75.923219729014,-0.75589932932985,-1.82214374408849,-0.170893868655787,0.102759116842937,13.72647985016
-1.16956426492247,-0.13555651276598,-0.0964675118163314,-0.402263863966235,-0.928800593412564,0.379807984479835,-74.6564514858007,-0.0648543928364234,-1.72017894117357,-0.16457082373946,0.101336405098774,13.7883006638544
-1.16992466922145,-0.136901790669053,-0.0970740703630872,-0.402538971169517,-0.929082221411446,0.379884585298384,-75.3843127411373,0.19411461576783,-1.79844682458085,-0.168084124447278,0.10222220037442,13.7834527406606
-1.17020991247667,-0.13830613805599,-0.0977384558510408,-0.402862930287598,-0.929365816836227,0.379916183100953,-75.7136889745052,0.168492101241327,-1.85955749545201,-0.170337180971695,0.100994505644892,13.8018892257696
-1.17046760995669,-0.139737006022637,-0.0984296718953099,-0.403231424953837,-0.929604020590335,0.379873935860967,-74.7647283448094,-0.608309945462452,-1.98748235096835,-0.165292535820401,0.102100469973203,13.8607732161492
-1.17075698558935,-0.141167268847442,-0.0991165617877368,-0.403643833627311,-0.929743644049194,0.379729774195093,-76.4480800776087,0.099854894107466,-1.86810762819778,-0.168722244308948,0.102745793067049,13.8254860152704
-1.17113730853766,-0.142577391701336,-0.0997739281635079,-0.40409972357153,-0.929737871910235,0.37946638973272,-75.1224758061791,-0.293119960884496,-1.87111787392848,-0.165367419895151,0.10124568016514,13.8888894686815
-1.17166604614812,-0.143949929672476,-0.100379197372314,-0.404596238574184,-0.92954551201442,0.37907324574527,-76.0734578191711,-0.35560641332745,-1.86208080202724,-0.16638401921611,0.097650984572742,13.879526547495
-1.1723901622707,-0.145267886103462,-0.10091469736272,-0.40512756420436,-0.929135948146417,0.378544809358826,-76.2278990033807,-0.846039910196623,-1.81601780324357,-0.168686824766218,0.100522252610071,13.8781717634308
-1.17335460122372,-0.146493803024782,-0.101350226600977,-0.405668813049015,-0.92848175790242,0.3778784223073,-75.1582757949981,-0.577513720361821,-1.7902333663686,-0.165267270122702,0.101224110730012,13.9294483270127
-1.17458281020737,-0.147603133182376,-0.101673130612866,-0.406196321843952,-0.927581819221573,0.377087846117589,-76.7802582160166,-0.312329136831067,-1.83366137900916,-0.16602372140194,0.103737982896233,13.8964901809259
-1.17608899619661,-0.148549228713751,-0.101857628170144,-0.406668724859075,-0.926441311943145,0.376188135871227,-75.3196692553493,-0.713639218846538,-1.80256038378809,-0.163740260795713,0.102708149126001,13.9554899071953
-1.17786764718338,-0.149293017285326,-0.101889298702776,-0.407045636071308,-0.925081621745519,0.375197403681418,-76.3078005252082,-0.770037280186671,-1.89853175101521,-0.167469541569865,0.10120335201001,13.9443149085291
-1.17990204449149,-0.149795212934593,-0.101755905581685,-0.407285589503537,-0.923533760564546,0.374137533690359,-76.3919406144794,-0.0621139433935696,-1.87989029399176,-0.16815605592045,0.101872289763395,13.9633158053626
-1.18216240103478,-0.150013925535744,-0.101446190190429,-0.40734751834911,-0.921830942096437,0.373022794570947,-75.6140066712968,-0.305635025942365,-1.74897007770645,-0.166064135452985,0.098992205565101,14.0242266100221
-1.18460308032985,-0.14993032919711,-0.10096680055291,-0.407204805250446,-0.920019286596348,0.371872391424077,-77.307844728166,-0.553280830189124,-1.81479496797255,-0.171209026168266,0.0990286028815798,13.9839967870672
-1.18717046518868,-0.149552510901554,-0.1003435429927,-0.406849632604894,-0.918154448390753,0.37071220303187,-75.9320462373989,-0.410228070346875,-1.82131176020843,-0.170644533981537,0.101369981790497,14.0428008610785
-1.18980941527665,-0.148897010431929,-0.0996045546737903,-0.40628512708588,-0.916281849544004,0.369554991056928,-76.8330071244989,-0.300578576476482,-1.80536816164749,-0.169973442991424,0.100135505052608,14.0284740941376
-1.19245831117467,-0.148020929331441,-0.098804968559389,-0.405542925359616,-0.914455095859753,0.368421038880671,-76.8749545485975,-0.134481045604161,-1.74994481140536,-0.169982700405654,0.103223457793771,14.0379921361497
-1.19505692893802,-0.146996968000756,-0.09800620451345,-0.404668442611287,-0.912724605150857,0.367331019956845,-75.8247919843839,-0.491823291061564,-1.89393046574668,-0.169999509026727,0.104622792812479,14.0852635689253
-1.197549904259,-0.145914881935566,-0.0972775159825372,-0.403720686312203,-0.911134811587041,0.366303048634536,-77.5373177559327,-0.169065415644127,-1.8624075942071,-0.170293487727519,0.105484872236154,14.0540752906228
-1.19988453793396,-0.14486651896102,-0.096685585966978,-0.402762714884655,-0.909724082814612,0.365350329222529,-76.2317694893604,-0.39582570500238,-1.74858391156502,-0.16686208363062,0.102281828091968,14.1187718935973
-1.20202354336709,-0.143947891250918,-0.0962933333796776,-0.401861629712188,-0.908519891218383,0.36448612588753,-77.0995302595354,-0.846599515396292,-1.7853430176319,-0.171587051737538,0.103743390300585,14.1079437330283
-1.2039457002485,-0.143224706102017,-0.096136955381193,-0.40106602340417,-0.907528783025119,0.363707936636981,-77.3896106524188,-0.503675952330241,-1.90215533646145,-0.170274308296049,0.101411335543054,14.1245910524092
-1.20563731638833,-0.142760052405701,-0.0962471819549868,-0.400422086254039,-0.906757156446901,0.363020424731949,-76.5442009116872,-0.621463160669919,-1.97300597054863,-0.169345648391558,0.10325013310724,14.1817076434803
-1.20710085116181,-0.142574761871105,-0.096621074033669,-0.399948523480072,-0.90619250607897,0.362414135367234,-78.0581211719634,-0.707150131043136,-2.04305342912426,-0.171969238168291,0.105653628903737,14.1507081689439
-1.20835844867284,-0.142651335613839,-0.0972248874224317,-0.399637206791602,-0.905807472745638,0.361874578197439,-76.8105956104384,-0.251899625329088,-1.83676588181567,-0.171154808457374,0.101729650461793,14.2169308565648
-1.20944271644068,-0.142947898164238,-0.098007258749522,-0.399464638752809,-0.905563308109046,0.361378353093656,-77.7512739382346,-0.593060050689246,-1.83443534065069,-0.174803715282045,0.103401142032621,14.2096628713371
-1.21039371145162,-0.143410159230263,-0.0989090020320889,-0.399396717336204,-0.905421829332922,0.360906868641075,-77.9643685350481,-0.60873813796502,-1.82160998441006,-0.177558230076733,0.102420591942052,14.2145932750129
-1.21125693247614,-0.14395188455481,-0.0998504206094402,-0.39937546872737,-0.905339633909237,0.360439408363796,-76.9320399764887,-0.397363128742882,-1.8515513792612,-0.173609914178714,0.103138730109928,14.2714910862807
-1.21208316648119,-0.144483067023249,-0.10075067950846,-0.399340669106904,-0.905270751132366,0.359953554968738,-78.6596229686644,-0.119334512326532,-1.94714288604422,-0.174639019591142,0.106436587014809,14.2274562011093
-1.21291661115329,-0.144926665382641,-0.101543717284821,-0.399238072014176,-0.905180409863721,0.359436554677561,-77.2217797213489,-0.922854856695267,-1.94474915621319,-0.167081914839463,0.102989243090811,14.2868232441627
-1.21379324145686,-0.14521147637457,-0.102172917014248,-0.399016287714914,-0.90504254309873,0.35888207774594,-78.1714917124578,-0.560584882454577,-1.9223530833134,-0.171537461130178,0.10324986683269,14.2846546473811
-1.21474022999628,-0.145288163088893,-0.102602343073533,-0.398637414646343,-0.904842922005182,0.358290720951209,-78.3850127806344,-0.698213119356978,-1.99945440334005,-0.1736014587971,0.102492855723222,14.3011808273673
-1.21576884917519,-0.145135865403896,-0.102821890240306,-0.398081801075227,-0.904584369162583,0.35767532765644,-77.4793017496648,-0.0118260486076451,-1.87351837416651,-0.173637307495459,0.103167091223874,14.3534675410372
-1.21687910518712,-0.144752480491172,-0.102838492902123,-0.397345365668769,-0.90427321166859,0.357045006283122,-79.1471251969765,0.362864982802421,-1.78037503645606,-0.174719653379495,0.10546209353008,14.3261020163483
-1.2180540700762,-0.144167398237063,-0.102684620412195,-0.396444174521707,-0.903934624217216,0.356423193761407,-77.8252856341128,-0.432236835996719,-1.86092543456067,-0.173757106357036,0.107945441200499,14.3895822219264
-1.21926846820511,-0.143425400075385,-0.102405080970329,-0.395407928402821,-0.903596479526351,0.355830964042997,-78.6035720757322,-0.433720024348077,-1.91657426826862,-0.177037783285028,0.106376454065429,14.3768733579861
-1.22048455615165,-0.14258433570497,-0.102055887571565,-0.394275898958136,-0.903296432605522,0.355291306229234,-78.8702648126683,-0.85443207837352,-1.97461262015779,-0.176841544775729,0.104529214715567,14.3935076696926
-1.22165982204118,-0.141709860964512,-0.101697207803535,-0.393095842390059,-0.903071997473809,0.354825276718009,-78.0268850025755,-0.867286686463785,-2.0105592376301,-0.173860176314291,0.102041145967163,14.4466002301951
-1.22274952338442,-0.140864783355935,-0.101384837695343,-0.391916185182098,-0.902961040623725,0.354450896092778,-79.7079596506364,-0.608412260802424,-1.92502996570926,-0.176306541478646,0.109463737057217,14.4170802620127
-1.22370979486899,-0.140107709350579,-0.101169803367282,-0.390783421877112,-0.90299848200726,0.354183259786487,-78.3882273304054,-1.0525468156336,-1.78868066682602,-0.170865285925187,0.10588350789736,14.4827662739883
-1.22449834549838,-0.139505203894005,-0.101106908538742,-0.389748899397273,-0.903223621071003,0.354042234052294,-79.2115615615093,-0.556718479416759,-1.92721185132456,-0.170763328776305,0.105699712976266,14.4715392326489
-1.22508909314354,-0.139087755499085,-0.101219910702126,-0.388841862013462,-0.903653728662927,0.354029848045478,-79.7025285815345,-0.0271349313134124,-1.92158878674863,-0.173870338647509,0.103953161320161,14.4792879469931
-1.22546143125216,-0.138891946114579,-0.10153477744545,-0.388093283668129,-0.904307382389386,0.354153502184213,-78.5187890188937,-0.0208671804807636,-1.80443700337443,-0.172000949837134,0.105222342726738,14.5401179174348
-1.22560956807448,-0.138940855350532,-0.102065474320168,-0.387523963426498,-0.905192252247944,0.354414853610814,-80.0906781398631,-0.363074366323872,-1.70440963222026,-0.174534343556816,0.106805243168994,14.5038845703789
-1.22554248402262,-0.139235951598005,-0.102806802960108,-0.387139272401043,-0.906301470006165,0.354808595156332,-78.7373760238215,-1.34326054696794,-1.8912048837565,-0.172314181923626,0.10959733114993,14.5563107041852
-1.22528288376513,-0.139782347315793,-0.103753942457114,-0.386943683972278,-0.907618517831776,0.355326858716091,-79.5176620613599,-0.952158368330856,-1.96980697755896,-0.179445052699884,0.108824098974267,14.5422166567757
-1.22486127850089,-0.140566702781594,-0.104889160224481,-0.386926356013357,-0.909122219555503,0.355961564454952,-79.7938188439275,0.130215004168576,-1.93797941867206,-0.178888272976293,0.108516019246713,14.5634878693257
-1.22432506238078,-0.141567958756061,-0.106185769719036,-0.387072069722829,-0.9107721007429,0.356692780854228,-79.0209263173989,-0.658838648465007,-1.8772769010049,-0.177658627893778,0.106564573982292,14.6123894839923
-1.22372433708396,-0.142762175020705,-0.107616026071179,-0.387362967286415,-0.912521570788858,0.357495456485314,-80.433344072061,-0.889414893443018,-1.92722255423723,-0.179012375854857,0.108547130443394,14.5795853143288
-1.22311372997895,-0.144104151406832,-0.109136563713218,-0.387766496940326,-0.914316654859823,0.358340643561567,-79.1931067643079,-0.44692107658625,-1.8647020164897,-0.177184017274871,0.10580256770817,14.647223504296
-1.22255173266613,-0.145541870816362,-0.11069698167028,-0.388248340918074,-0.916092505865506,0.359189243360448,-79.8693433475881,-0.0815178257012121,-2.05411515577464,-0.181480725759324,0.110362546261283,14.6376302468218
-1.2220924713175,-0.147020668669432,-0.112247190862931,-0.388772280654066,-0.917789157223305,0.360006398569602,-80.3353072356689,0.0284293406114102,-1.89488360159751,-0.181235525824909,0.107288970661998,14.651901010576
-1.22177809481056,-0.148484550283726,-0.113740047898005,-0.389301429249628,-0.919355145811196,0.360761297259382,-79.3363394152667,-0.379058634304783,-1.90697328127351,-0.178883809066929,0.107601909684887,14.711180111117
-1.22164012876896,-0.149880824191231,-0.115131685643953,-0.389803211171542,-0.920746692511692,0.361424833001206,-81.0366790855613,-0.249383467575399,-2.02141987421587,-0.183498752669377,0.11161762938454,14.6691269293694
-1.22170290573449,-0.151156461469498,-0.116380068604207,-0.390243284868165,-0.92193190273243,0.361979863710933,-79.6175621190233,-0.946230295930945,-1.89141150126318,-0.180714306341697,0.109865772752905,14.7283905223757
-1.2219744312382,-0.152263068188401,-0.117449539473815,-0.390590204543977,-0.922896287001659,0.362419504272018,-80.4767933771193,-1.29398286089463,-2.0302739507045,-0.181849118736913,0.106020282625262,14.7096524543185
-1.22244800489316,-0.153181188269503,-0.118328135220518,-0.390831624782793,-0.923642454687663,0.362747799854427,-80.574483319539,-0.282224175969532,-2.02542819301797,-0.181874272327999,0.112137711167956,14.715087318852
-1.22311036876259,-0.153886412344103,-0.119001520598122,-0.390952285900108,-0.92417949056818,0.362971748853386,-79.7216519278093,-0.076696665434838,-1.97340100216917,-0.178229201623312,0.109570530567568,14.7655573549355
-1.2239364977834,-0.154375910718076,-0.119473496942184,-0.390947788168704,-0.924533816689315,0.363109604551558,-81.1416083059058,-0.79900424330981,-2.02984100607011,-0.177301502939073,0.112283733532216,14.7293797993985
-1.22489611591026,-0.1546711075717,-0.119766250586568,-0.390827660202816,-0.924743414476953,0.36319146878824,-80.1301997728053,0.0942669354647023,-2.0588984733769,-0.174926857257113,0.107864514797788,14.7980844046036
-1.22595546684675,-0.154804310692181,-0.119909723361387,-0.390607226189451,-0.92484784337529,0.363243954625751,-80.865847724032,-0.832237878107662,-2.08463860571783,-0.182740655146739,0.108400503780959,14.793505424294
-1.2270804331243,-0.154823574744746,-0.119944275521095,-0.390310877608871,-0.92489116343252,0.363298246575705,-81.2807778851722,-0.270334099014008,-2.01261107385815,-0.182655865881348,0.106316583095834,14.8174460865061
-1.22824370187082,-0.154777225501622,-0.119908955971018,-0.389963865503159,-0.924906464074997,0.363374197754964,-80.256017860518,-0.530119089130949,-1.90519862228325,-0.179659058594615,0.110270749690814,14.8757537355895
-1.2294210038448,-0.154709212369483,-0.119837748068135,-0.389588875331607,-0.924919379713517,0.363483286998287,-81.895318560337,-1.22083723162109,-1.99735074609919,-0.184925432115593,0.115995959058693,14.8418055780198
-1.23058807808736,-0.1546719131877,-0.119769804791399,-0.38921428848358,-0.924956856034615,0.363638098797424,-80.640075425703,-0.504202850981301,-1.99898271344503,-0.17946133949449,0.108973679091437,14.9075153274135
-1.23173013660118,-0.154706128461075,-0.119733059016156,-0.388862259823344,-0.925032864735008,0.36383966391277,-81.4199493371447,-0.52403855220291,-2.08021113179541,-0.181339740293621,0.109239335031051,14.8922475737247
-1.23283300905252,-0.154848174063114,-0.119752861243065,-0.388552103564676,-0.92516031956917,0.364088625783728,-81.6761349594098,-0.653775583321249,-1.86295380456181,-0.182675733321756,0.112357951964972,14.897924014236
-1.23388839469724,-0.155113341139525,-0.11983793775709,-0.388290899325484,-0.925347248049963,0.36438335951221,-80.621318991282,-0.777255707794666,-1.93631213532515,-0.17639505120186,0.109360644012033,14.9513033548375
-1.23488994634699,-0.155518118112539,-0.119998171317402,-0.38808749473133,-0.925601864923454,0.364725629466266,-82.216688522412,0.124141118168382,-1.99071883766695,-0.179274285893284,0.114927234866756,14.9159948198203
-1.23582706157073,-0.156058033625325,-0.120230506590546,-0.387939073836339,-0.92593256157808,0.365114117087056,-80.9545564596182,-0.305041118475629,-2.01188580839653,-0.175297462269687,0.111008919702958,14.9835273517142
-1.23669256188203,-0.156728320080227,-0.120532156450679,-0.387842732870329,-0.926349821978186,0.365556034696271,-81.8876040526129,-0.768973471390382,-1.98481624691755,-0.181372344042157,0.10851364836315,14.9796713220243
-1.23747917712477,-0.157519790995978,-0.12090065785252,-0.38779490264797,-0.926863197557801,0.366057016952534,-82.2165994338031,0.0654056611281248,-2.04772041346777,-0.183162546140291,0.111771809041173,14.9932690013553
-1.23817884994854,-0.15841775765768,-0.121330944322304,-0.387790049016471,-0.92748116448532,0.366624108157319,-81.2025947082554,-0.0173878755203987,-1.94320832723261,-0.180277717928742,0.111616333175623,15.0500921946466
-1.23878246944878,-0.159418906989713,-0.121827132336189,-0.387833011132615,-0.92821243329306,0.367264720263181,-82.8648155803085,-0.0295521626189839,-2.06177859743545,-0.1858445951408,0.115974012964847,15.0179835634903
-1.23929210037079,-0.160499780661026,-0.122378035774519,-0.38791730472673,-0.929048054605776,0.367974188631568,-81.5546933633906,-0.780843484157685,-2.08471714418727,-0.182325040862464,0.112502672985616,15.0800218029403
-1.23971157707781,-0.1616415859998,-0.122976878590364,-0.388043332201862,-0.929971382854705,0.368738988259807,-82.4797567913984,0.102249766308432,-1.95834323739481,-0.18503117547392,0.116629136521462,15.0629044952772
-1.24005064894858,-0.162825167092976,-0.12361564766052,-0.388212700324525,-0.930955393043476,0.369535405772186,-82.7065164177971,0.137588971814012,-2.02429580364162,-0.182891256044376,0.116256298228301,15.0738101481725
-1.24032487985012,-0.164026347216915,-0.124281728380914,-0.388424029379886,-0.931965157174259,0.370335676839291,-81.6634925920762,-0.0372986065870009,-1.97914481111488,-0.180663511814577,0.111085211233031,15.1247295034952
-1.24055677539673,-0.165210734550445,-0.124952880330741,-0.388671018756863,-0.93295231945177,0.37109772963809,-83.3332410467767,-0.172368858610525,-2.09896481862904,-0.183555025556775,0.113254224159271,15.0883064834154
-1.24077412273247,-0.166335924971616,-0.125599184755396,-0.388940779520346,-0.933864604699304,0.371775614767714,-82.0230098314479,-0.57704523974985,-1.91784481136841,-0.178614958957925,0.108698348388356,15.1554033146746
-1.24100624081012,-0.167350061476784,-0.126183144501737,-0.389210693314188,-0.934652354982626,0.372325881850892,-82.8141274970354,-0.528018652855508,-2.04508944606283,-0.182848215016312,0.109961970984989,15.1468350976961
-1.24127838581706,-0.168198719032669,-0.126665756381865,-0.389452146436306,-0.935275290539601,0.372711135547036,-83.164172150425,-1.1578004139019,-2.14973092736975,-0.18491969691165,0.111988883264063,15.1630601800924
-1.24162244838878,-0.168827635035025,-0.127006888675292,-0.389631700515838,-0.935701780888193,0.372907550889641,-82.1340260550494,-0.494422451921764,-1.99984353251031,-0.183817232836083,0.113016019293937,15.2174783660315
-1.24205905681458,-0.169191003259384,-0.127173684039876,-0.389716293259988,-0.935920393675371,0.37290745657032,-83.7663731424731,0.0844332344720442,-2.15145288236116,-0.186363250627923,0.113038345709669,15.1830641010035
-1.24259811935491,-0.169253142878209,-0.127142602723953,-0.389670476518421,-0.935944658704322,0.372726789698941,-82.5458438926178,-0.00686394100944199,-1.9796864684036,-0.185212317654916,0.117463702912081,15.2431538897668
-1.24323964979023,-0.169000869100802,-0.126907626227761,-0.38946946907981,-0.93580875695007,0.37239940266269,-83.1509825097351,-0.0209987386999728,-1.96307210534516,-0.186389675714957,0.113531513938132,15.228534787191
-1.24398168954972,-0.168445348233462,-0.126481090149872,-0.389101048463167,-0.935557698065311,0.371972470790972,-83.4996220255406,-1.15330799453932,-1.98640749490468,-0.187991906634061,0.115407319330164,15.2406356829564
-1.24480979289494,-0.167622480860331,-0.125895153143204,-0.388566124648887,-0.935254632232946,0.371507812901986,-82.6365882243023,-0.633729958808544,-1.91155615815933,-0.18147433883401,0.114155789256484,15.2951365638203
-1.24570645927818,-0.166582172939994,-0.125191555894573,-0.387876275298024,-0.934963077357339,0.371066672361282,-84.2510962070269,-0.741383126216078,-1.972821170099,-0.185357785295988,0.117682205351506,15.258034466697
-1.24665101950841,-0.165393280399416,-0.124425926952201,-0.387058480903408,-0.934742994795047,0.37070729803077,-82.9258513116729,-0.25432775440936,-1.98328143600358,-0.180842294300473,0.11433622590747,15.3295999925175
-1.24761681408983,-0.164146996493931,-0.123669947401006,-0.38615862649212,-0.934652942790343,0.370483465716408,-83.7232211139259,-0.19641707719984,-2.00265509115991,-0.185521410223781,0.112004402706065,15.3235231284332
-1.24858644513992,-0.162928488491484,-0.122987475379139,-0.385225494192818,-0.934726434958262,0.370425729934237,-83.9536373756551,-0.635633548039095,-2.0703919135255,-0.187313578218869,0.114453717598314,15.3384833053517
-1.24954613132697,-0.161824371108919,-0.122442094744217,-0.384316536802782,-0.934979457275782,0.370548617533285,-82.9051179985864,-0.13455732814009,-2.14973834894548,-0.185297381253124,0.114277082229631,15.3920473844954
-1.25048783247105,-0.160894803230603,-0.122076002516116,-0.383478896263674,-0.935405615926084,0.370842679271386,-84.6435377581258,-0.693692637628146,-2.05077137830324,-0.187334105270385,0.117506310484997,15.355139811893
-1.25140846338088,-0.160181287832148,-0.121916391408854,-0.382751653641507,-0.935982163438742,0.371283885086575,-83.4410606027575,-0.314230914570089,-2.0306225607869,-0.183942660371183,0.115735466043476,15.4167593627888
-1.25230816740581,-0.159707786969089,-0.121976626685337,-0.3821658688409,-0.936673080387725,0.371833367337558,-84.2571213318484,-0.126555711945457,-2.00647012466342,-0.18604845880176,0.113482677181976,15.4125005275493
-1.25319206614493,-0.159461449745528,-0.122241460744772,-0.381729977092375,-0.937434053801626,0.372446684167012,-84.4979323841798,-0.657292449341639,-1.97482405494421,-0.186567977258921,0.117654814728269,15.4258559158687
-1.25407040140123,-0.159402302294664,-0.122673891706819,-0.381434499285286,-0.938211068825341,0.373070102174359,-83.5861247400413,-0.830274685601353,-1.94415655807558,-0.184523000788587,0.11508801547081,15.4809695600749
-1.25495098035181,-0.159472263907979,-0.123223535267938,-0.381255415736816,-0.938957380203629,0.373656442308429,-85.1716224342385,-0.72549610131091,-2.07247964625432,-0.187415995176919,0.117037081865384,15.4467858569447
-1.25583645185242,-0.159595256072362,-0.123827564798467,-0.381151697002106,-0.939634947030581,0.374165180661652,-83.853983289922,-0.924162657951456,-2.20943452871464,-0.185058980805737,0.116205558485727,15.5190848812751
-1.25672820790879,-0.159687129253068,-0.124414139037557,-0.381072534934828,-0.940213914127307,0.374565171717929,-84.7924773952418,-0.0743155101554294,-2.06853930184602,-0.186261868245344,0.11642652246795,15.5026873975431
-1.2576264040898,-0.159663742205689,-0.124909546028684,-0.380962023187125,-0.940674369541078,0.374835482122836,-84.9303292902913,-0.854043071236219,-2.07014499293052,-0.18911452252746,0.117081680205015,15.5104204931951
-1.25852647982712,-0.159452553941757,-0.125247915117117,-0.380766529563463,-0.941010787482927,0.374970322998129,-84.0387063358311,-1.00111993548126,-2.06385132012159,-0.186140063988122,0.117165468375263,15.569949358808
-1.25941043240573,-0.159021355219177,-0.125393391531257,-0.38045429010369,-0.941239812513942,0.374979981747124,-85.8167756541942,0.163560215515872,-2.02447301866238,-0.187966890649241,0.120778044460358,15.5269105703973
-1.26026538205721,-0.158351997124258,-0.125317988485361,-0.379998626471587,-0.94138103412379,0.374883990081453,-84.302687912187,-0.57098164430181,-1.9771964010298,-0.184383721850801,0.1193137420814,15.5927069858173
-1.26107094249603,-0.1574448171459,-0.125007779751455,-0.379385307187288,-0.941461923431774,0.374704996192862,-85.2557148145354,-0.486176268156896,-2.14608814656052,-0.188475604310443,0.118944797131406,15.5852290172703
-1.26180799311485,-0.156336290083533,-0.124475706960329,-0.378623839704958,-0.941512679614346,0.374469738379203,-85.4258390122683,-0.529462379938877,-2.1079197232055,-0.188656762263477,0.119774143311694,15.5989041565663
-1.26245876174087,-0.155078677725961,-0.123748001009659,-0.377734320742684,-0.941563757630833,0.374206277703493,-84.4569813014067,0.0151265803158367,-2.10630589543965,-0.182348868200472,0.118727577329628,15.6451521671107
-1.26300896907673,-0.153737746231396,-0.122862954403238,-0.376748651755218,-0.941642454957803,0.37393968566843,-86.0022255580806,0.343409173342707,-2.16108878323521,-0.186032600598152,0.117685423362376,15.6154374015497
-1.26344893485347,-0.1523872581449,-0.121868178954187,-0.375705703049558,-0.941773722658875,0.373695662995577,-84.8258087101404,-0.216102225979512,-2.01820449182912,-0.185367225354851,0.114937374438254,15.6776011699164
-1.26377055998601,-0.151105323100285,-0.120819064858162,-0.374649633898438,-0.941979429167984,0.373496203621234,-85.7755387483964,-0.0412654130959709,-2.15594064180354,-0.186257751987262,0.11888571360417,15.6672590777842
-1.26397320588026,-0.149967715841395,-0.119773008124892,-0.373626134455471,-0.942275936190763,0.373360130081623,-85.8907107719601,-0.0434790436402182,-2.1579115950953,-0.190499911978779,0.11785121370687,15.6815417018325
-1.26406651726189,-0.149039560953524,-0.118781401084385,-0.372678314126838,-0.942667091197494,0.373297502629915,-85.0942298316627,-0.297942550903826,-2.12711992790491,-0.189479783923316,0.118403507234363,15.7391825169114
-1.26406256190459,-0.148364642673357,-0.117884028990502,-0.371837843361159,-0.943152133962005,0.373312090808692,-86.7127463783724,-0.113271592201954,-2.08616490587914,-0.197170187027557,0.12336614558307,15.7050795150441
-1.26397975555776,-0.147976721935439,-0.117114344893284,-0.371132937800564,-0.943724412277852,0.373404890939734,-85.3611253616327,0.275594679957067,-2.23679203540135,-0.193267170021378,0.117100289263538,15.7703080065792
-1.26384378233385,-0.147882417457747,-0.116485819059923,-0.370577261094277,-0.944366638499767,0.373567304720099,-86.1198095648026,-0.639453613662226,-2.22369153688078,-0.192447610778772,0.119703656190773,15.7599942526076
-1.26367567953852,-0.148084751310255,-0.116011471727611,-0.370183513543496,-0.945063816872548,0.37378967219603,-86.4269711795668,-0.0535384285624332,-2.15009191754655,-0.19281334880586,0.121443324870923,15.770735688148
-1.2635067740693,-0.148562440579497,-0.115683685877055,-0.369949177407049,-0.945793619889706,0.374060463344025,-85.3351340549486,0.20439289594583,-1.99219790552041,-0.186897360469761,0.119030272399398,15.8283267095073
-1.26336652331059,-0.149276601366924,-0.115481473504932,-0.369863051200271,-0.946526249264452,0.374356218582607,-87.0656657832116,-0.294713119993503,-2.16759150927038,-0.188028000230963,0.119268363524348,15.7851157521198
-1.26328053322356,-0.150182312088941,-0.115377958030197,-0.369910452926787,-0.947234257036225,0.374656369679425,-85.7280433322546,0.114921055494506,-2.12692684296948,-0.184957927790255,0.116452455946721,15.8451760860811
-1.26327329394551,-0.151214695014732,-0.11533148208465,-0.370060476358102,-0.947890398625364,0.374940158254449,-86.5723011445009,-0.044087038135558,-2.21242264985636,-0.191046473821066,0.11883628439586,15.84250447911
-1.26335415382868,-0.152317653228831,-0.115310577625509,-0.370286204987702,-0.948480558740174,0.375192034086823,-86.8971371198816,-1.01007987608818,-2.10768814997869,-0.191929144386878,0.119274312983884,15.8576275229595
-1.26352942052543,-0.153416900540523,-0.115270333444643,-0.370548637204872,-0.948987311008567,0.375391796431164,-85.9673273154529,-0.00761850801563924,-2.11912264658429,-0.186713829185948,0.119700959283087,15.9149804735151
-1.26379291771028,-0.154453614886901,-0.115179193411771,-0.370815502968521,-0.949407671065728,0.375530185864082,-87.5527893515533,-0.46883559927187,-2.12686538579541,-0.193490851459306,0.122282671887191,15.8734654532489
-1.2641392802948,-0.155357376858626,-0.114999432268762,-0.371040135161608,-0.949741383881737,0.375604320948267,-86.1435069646741,-0.705421799742453,-2.06588681584958,-0.190638195248432,0.118675650043145,15.9366037402391
-1.26455206470786,-0.156078923489118,-0.114711071789372,-0.371190812458625,-0.949996083925909,0.375612338976675,-87.0616235530618,-0.434313586209555,-2.09874649445788,-0.194106971262792,0.119428448098491,15.9251727229011
-1.26500667434524,-0.156580275765527,-0.114305355078755,-0.371240458547975,-0.950187462142681,0.375557157134729,-87.439495874656,0.0366734464903402,-2.10165987428741,-0.194293699172544,0.123050765182784,15.9415503979067
-1.2654828680154,-0.156830567438744,-0.113777457410398,-0.371162886819278,-0.950333301853566,0.375449553942015,-86.5511496932075,-0.497831812617278,-2.17189205863198,-0.189940496591397,0.123909947384373,16.0002105058001
-1.26595858070413,-0.15682944360263,-0.113145781781649,-0.370952662216238,-0.950455303223433,0.375302372363043,-87.9595183178962,-0.500620078380962,-2.23582617412779,-0.193174614956213,0.125065343007342,15.9686857350752
-1.2664166854429,-0.156592367392459,-0.112436842232077,-0.370617114356562,-0.950569433247927,0.375125382679799,-86.6491227485457,-0.619769047723366,-1.99312219577041,-0.193268245827034,0.118766698818929,16.0290476995387
-1.26684560506247,-0.156150993702178,-0.111685822557072,-0.370173788170243,-0.950692259064616,0.374930225888555,-87.5501200969457,-0.0317291041160388,-2.10775800270025,-0.196400920752998,0.119191177767265,16.0202006803372
-1.26724215424948,-0.155541655032152,-0.110925987390187,-0.369646655881501,-0.950829104337439,0.374720793009327,-87.8342184985943,-0.440557048224491,-2.25125932692717,-0.1947855615592,0.119682058481627,16.0351454631691
-1.26761566292991,-0.154814798866759,-0.110195742860006,-0.369070454341594,-0.950979356203999,0.374500267228283,-86.9368862953583,-0.443131961441395,-2.18465721733023,-0.191469073457826,0.122854245812093,16.095878863283
-1.26798218520824,-0.154022899021852,-0.109529683427166,-0.368483848652806,-0.951134988434158,0.374267166962587,-88.4603953672799,-0.242923494709657,-2.18053102298398,-0.196550036453341,0.126216773432956,16.0547653544409
-1.26836699335485,-0.15321766570274,-0.108956554072431,-0.367924822627843,-0.951283044778032,0.374020454436837,-87.1746013323203,-0.114588844020318,-2.20187233553992,-0.192359191253618,0.123761305311239,16.1177197763417
-1.2687954724207,-0.15243231099146,-0.108487755299578,-0.367419835458502,-0.951406811401467,0.373752360982948,-88.0223359822392,-0.507045588303527,-2.08631998467803,-0.194988704040776,0.119864376132353,16.1036014271508
-1.26929682843865,-0.151685548266649,-0.10812246478351,-0.366985070946733,-0.951483763494571,0.373451864334387,-88.1849259994858,-0.625116725029102,-2.13630230471031,-0.196752108522895,0.120764868674158,16.1169568751028
-1.26989923051842,-0.150983281545842,-0.107849837774739,-0.366624437647112,-0.951495707628827,0.373112023760423,-87.4029249403198,-0.990064662727946,-2.0700710525839,-0.194298165022864,0.120056414958012,16.1698580012204
-1.27062557593814,-0.150307727123122,-0.107640694466926,-0.366324525035273,-0.951423563729181,0.372723058026213,-88.8616439945362,-0.583605362293383,-2.08960841942556,-0.192658196187342,0.125522361761897,16.1338948500772
-1.27149008398246,-0.14964203948526,-0.107469634223557,-0.366067881833652,-0.951260519856648,0.372286278019376,-87.6776804852763,-0.00836533546157625,-2.01598152085168,-0.190502111282325,0.12271360449605,16.2005188045478
-1.27249244248641,-0.148955420163802,-0.107304699085268,-0.36582453783653,-0.951007552164098,0.371803470067711,-88.4072495516894,0.232628835925425,-2.13122947412751,-0.196327013726679,0.118382127536414,16.1965767029053
-1.27362393164385,-0.148209336031375,-0.107109708813208,-0.365556593737477,-0.950670712796363,0.371278371856482,-88.8035435657416,-0.733864594151328,-2.28971634880355,-0.196486295338534,0.121097728663649,16.2071357470589
-1.27486865216489,-0.147388418403052,-0.106867935154644,-0.365239753454415,-0.950265009410037,0.37072385091675,-87.8708500362736,-0.831750140488339,-2.26387850163377,-0.193137108261906,0.11946523516605,16.2653765975873
-1.27620367068059,-0.146467856021459,-0.106557305260631,-0.364843229635158,-0.949805812503857,0.370149277423094,-89.3938827226466,-0.189769634419463,-2.1503484379073,-0.196099593094116,0.12702660809472,16.2346393221968
-1.27760321943233,-0.145436662857951,-0.106165396228673,-0.364345009747687,-0.949312750000871,0.369569656285792,-88.189081081898,-0.460609845064482,-2.11160104899992,-0.196449786666107,0.125807086061092,16.3082796368242
-1.27903479449881,-0.144315936272356,-0.105704333638497,-0.363746592622467,-0.948810326801492,0.369000578580032,-89.085791886593,0.218859095137987,-2.11310740896656,-0.200422954573961,0.125688682071681,16.2974186995954
-1.2804701261553,-0.143128928571963,-0.105185457717999,-0.363053586523424,-0.948319602725567,0.368457440863973,-89.3472151023445,-0.278495821962906,-2.08923572583848,-0.199234932717564,0.124968203175811,16.2975016232921
-1.28188958064966,-0.141911494413736,-0.104626352438505,-0.362283926907786,-0.947852761647839,0.367949331793745,-88.2736670253495,-0.628016382611122,-2.21433927212138,-0.197418177242683,0.123341853793982,16.347163157427
-1.28327454130898,-0.140713035503609,-0.104053252590633,-0.361468052173029,-0.947423489836716,0.367487511225234,-89.9635185635438,-0.383765347123926,-2.18705779907586,-0.199565414596114,0.126078536988123,16.309812011493
-1.2846106352197,-0.139588097379028,-0.103495638716566,-0.360643211793985,-0.947041252704007,0.367077642143473,-88.5974287206099,-0.285854855138268,-2.24426421947271,-0.196823821910415,0.124594553769796,16.3802206125094
-1.28588715725533,-0.138589244641845,-0.102981294213139,-0.359847007189881,-0.946715196440985,0.366725944522608,-89.4797816172643,0.0673481815294963,-2.19842279879498,-0.198243849467454,0.126078437860611,16.3766440876621
-1.28709923268783,-0.13776803646434,-0.102536973875086,-0.359117319515835,-0.946452740024035,0.366437903499314,-89.7731144847231,-0.437617712658039,-2.14438779888991,-0.199353347559298,0.126488436023966,16.383745832821
-1.28824700365421,-0.137158429271444,-0.102177102602512,-0.358482737253185,-0.946252325057148,0.366210735732546,-88.7689707681986,-0.514466956063643,-2.19541208863558,-0.19862516485725,0.123818052036513,16.4342391337274
-1.28932381030944,-0.136794619556205,-0.101920836740526,-0.357971417320047,-0.946122218443376,0.366046845594443,-90.3793186518527,0.251559913228448,-2.29691512605223,-0.201502503065241,0.124606580678813,16.4046453330739
-1.29033436769473,-0.136683911479572,-0.101769515590694,-0.357590932351981,-0.946062081804135,0.365945504664082,-89.1530963139699,-0.469679814123538,-2.25877640540347,-0.201453802954968,0.123253253387673,16.475463260945
-1.29127589320186,-0.136821455855035,-0.101719435251321,-0.357339933853775,-0.946078155432961,0.365910080299189,-89.994606613702,-0.855884970570514,-2.26397464658717,-0.201780029130425,0.125680948573587,16.4641046707031
-1.29214528084612,-0.137189103844789,-0.101761500371194,-0.357209079150506,-0.946172826660272,0.365939327569868,-90.2830292553487,-0.435881557646553,-2.30196091648821,-0.202610539029763,0.130077983164482,16.4836538263445
-1.29293592866147,-0.137764924958188,-0.101888407800597,-0.357183897875304,-0.946349332685785,0.366031723320755,-89.3061186557446,-0.122730491878201,-2.17163248592686,-0.1992961685468,0.12404950056812,16.5369205906291
-1.29364242357745,-0.13851852695505,-0.102090082539643,-0.35724366697431,-0.946612541440335,0.366190490741416,-90.7545654668111,-0.543004590903138,-2.36285084155568,-0.203069658406634,0.12619087032217,16.4957742703013
-1.2942650830078,-0.139405070988103,-0.102346145156365,-0.357359515747128,-0.946958212115122,0.366413842583265,-89.692736258564,-0.814838271277267,-2.20853739787205,-0.201205704601145,0.125343207283904,16.5632006175133
-1.29480444933657,-0.140382274551513,-0.102639493793985,-0.357505941040872,-0.947378401634974,0.366695772620147,-90.358323020983,-0.245857526401323,-2.1891467841204,-0.202561349919116,0.124880329617441,16.5601441365092
-1.29525672383835,-0.141415303250233,-0.10296198159033,-0.357661922342758,-0.947872003459642,0.367035953037487,-90.8717679562429,-0.0888349088727409,-2.29527444836353,-0.202948798275037,0.125524230341876,16.5730651661997
-1.2956263426716,-0.142475373998903,-0.103307197048151,-0.357813997321641,-0.948428520040493,0.367427907778242,-89.9579002804255,-0.379698878972931,-2.23488655667049,-0.201228078732234,0.123625642607842,16.6281441400295
-1.29592378878068,-0.143522729042159,-0.103657615860175,-0.35794731257483,-0.949024580476657,0.367850427891936,-91.5738952672669,-0.0479091589834297,-2.27866752946707,-0.20156838601826,0.127202339269227,16.5858964360626
-1.29615952955304,-0.144537665322174,-0.104010172465589,-0.358058415816152,-0.949647255583334,0.368293650029582,-89.9696399383384,-0.521628806839317,-2.23812364871179,-0.201093156291379,0.12745886241999,16.6436522428975
-1.29634810184311,-0.145490267126583,-0.104351628859072,-0.358137986847206,-0.950277878868886,0.368742344101779,-90.995420146951,-0.493501484798117,-2.21183158164277,-0.205223074039528,0.129942672863133,16.638813819275
-1.2965014562938,-0.146365885043743,-0.104677405732545,-0.35818987680891,-0.950899593025921,0.369177462053765,-91.298718719821,-0.681626337170655,-2.14218770686426,-0.203215107622803,0.125558624181475,16.6587780873572
-1.29663299557564,-0.147158745996413,-0.10498754679219,-0.358220265550244,-0.951503876740984,0.369590688313141,-90.2916449895111,-0.24904147609891,-2.26497400232103,-0.200145802601217,0.126104497452799,16.7193461454086
-1.2967545054232,-0.14785546730868,-0.105274231381493,-0.358230236694432,-0.952079301670657,0.36996517627184,-91.8859427181131,-0.309867077078025,-2.34832442586455,-0.206556690538318,0.12898730322831,16.6887288469647
-1.29687194141966,-0.148460385883828,-0.105539283692011,-0.358231249881793,-0.952622895898531,0.3702930657066,-90.8325069911541,-0.382374266761417,-2.19499155697335,-0.20008208518753,0.12515950533061,16.7527852686478
-1.29698840859813,-0.148975195286632,-0.105782326432388,-0.358227495977696,-0.953139128245555,0.370572946951855,-91.5349732774458,-0.579775148029285,-2.25491839582287,-0.204207972768863,0.125133263834379,16.7469723484138
-1.29709657566094,-0.149422391037744,-0.106019345679699,-0.358232111343492,-0.953644213226881,0.370812365605319,-91.9029526807682,0.191365215903943,-2.29551296226896,-0.203605221253084,0.127594699477987,16.7589656937498
-1.29718754896806,-0.149819477432909,-0.106260017386441,-0.358252905289305,-0.954154013650523,0.371019667001258,-90.6866493196906,-0.275419251318908,-2.20831043243021,-0.196683029948455,0.125300179070669,16.8228035771779
-1.29724953162525,-0.150192656462615,-0.10651927549651,-0.358301409445026,-0.954687133611588,0.371206309629833,-92.4031728057064,-0.00770028704846482,-2.33862929715897,-0.202359454393294,0.132037526305853,16.7780086759559
-1.29727468676049,-0.1505636307588,-0.106809091439197,-0.358381908324984,-0.955259285397343,0.371387050185475,-91.0297657635405,0.266313224019996,-2.2952039040515,-0.201493140851059,0.12804267257335,16.8370417996372
-1.29725701174728,-0.150960207637939,-0.10714513500052,-0.358502215710939,-0.955883668511477,0.371575530488159,-91.9596021383655,-0.571351801324909,-2.23798762666797,-0.204359092325116,0.126417246687327,16.8190190557418
-1.29719196125599,-0.151415504179785,-0.107546621635252,-0.35867423845336,-0.956570423946897,0.371784617998578,-92.2233677860242,-0.458204128324951,-2.1731062107437,-0.205750766157492,0.126011688949392,16.8323558764929
-1.29708711057285,-0.151948935995038,-0.108021298965678,-0.358899803435727,-0.957320996178382,0.372025755013437,-91.2774295367606,-0.475315971433929,-2.21385479772485,-0.201041565295601,0.132533404924426,16.893744204476
-1.29695462751712,-0.152579020192386,-0.10857755556226,-0.359182639588827,-0.958133703519552,0.372308220416709,-92.8944276962594,0.246974268043687,-2.26682989553339,-0.203759016829009,0.132086029284767,16.860594965608
-1.29682037131305,-0.153311631246283,-0.109211823452142,-0.359521237622781,-0.958990988565656,0.372634661204107,-91.5124222588431,0.452240237018032,-2.16187902196071,-0.206068449197627,0.129394863893329,16.9189765504844
-1.29671105096787,-0.154155848206763,-0.109925662190884,-0.359915354319018,-0.959883863820737,0.373015003459075,-92.2787313001798,-0.00869437517394545,-2.14661629316439,-0.209299588658876,0.128138592502414,16.9109522741796
-1.29666058570521,-0.155102743084731,-0.110707245484785,-0.360359516053674,-0.960788594221021,0.373446145286128,-92.8907176831203,-0.432291832781857,-2.33887486135319,-0.20884173602471,0.126211554357177,16.9305897196456
-1.29671058435001,-0.15612611095565,-0.111531296197345,-0.360838526168487,-0.961676944842315,0.37392400326083,-91.8155583702027,0.378031101816077,-2.22200416010847,-0.204635245611927,0.127988860720512,16.9856618059675
-1.29689512182598,-0.157188320776767,-0.112366575287362,-0.361330072412671,-0.962526488183504,0.374446950207625,-93.3985757274215,0.285484892855038,-2.25418375165057,-0.208344124174208,0.13229038088406,16.9470418012334
-1.29724874846967,-0.158253391229101,-0.113184102915388,-0.36181612507505,-0.963314735585668,0.375012730080823,-92.0247799751128,0.178447073530833,-2.34429315503291,-0.20702231917835,0.132253050818656,17.0095182525024
-1.29779863618534,-0.159280032626904,-0.113950703649864,-0.362278257086539,-0.964016559631177,0.3756109780481,-92.9335890846647,-0.0841017633472347,-2.25837333416763,-0.210158206165277,0.128812208684493,16.9991544632244
-1.29855947678729,-0.160223016531702,-0.114633721574293,-0.362695760454594,-0.964612123569773,0.376228585733025,-93.2726798175031,-0.545493237030769,-2.22874737906929,-0.208864007872615,0.128450388919955,17.0092101663611
-1.29953283717084,-0.16104249688387,-0.115206956724987,-0.363052167066471,-0.965087814440427,0.376850129685772,-92.3639637404144,-0.250092217891734,-2.30243395322432,-0.204253502717732,0.127326216762463,17.0652026757268
-1.30070705834764,-0.161703100923233,-0.115648330923749,-0.363333906263915,-0.965431087572108,0.377453053033032,-93.6975633097105,-0.249606981704801,-2.28488041732763,-0.20408396945111,0.133594622131387,17.0354619154174
-1.30206276904517,-0.162195531100623,-0.115954699655409,-0.363543884920187,-0.965635905343151,0.378018012593544,-92.7329472743486,0.184868019158557,-2.06640194224013,-0.203185601155814,0.13119702670434,17.1015359632641
-1.30356391934161,-0.162525152973935,-0.116136401720214,-0.363693645627955,-0.965703710926677,0.378521282677111,-93.3475278299869,0.0724307665050219,-2.33156079788077,-0.206367429169055,0.128676072931341,17.0955696890911
-1.30517036061793,-0.162702466438592,-0.116208075707853,-0.363795137437398,-0.965639042397774,0.378938338408896,-93.8836028250587,0.0581766780949238,-2.33994802072959,-0.208834687229587,0.129304862045741,17.1133948150585
-1.30683870211485,-0.162760445078648,-0.116198958194297,-0.363873155747459,-0.965451629514769,0.379249418610952,-92.7266992725263,-0.484014650115569,-2.42593974925919,-0.204625444935723,0.130296886674173,17.165724004679
-1.30852590302435,-0.162744375446066,-0.116146646297919,-0.363955879222572,-0.965158587847471,0.37944314390145,-94.3966174895019,-0.675370687350551,-2.45790509589224,-0.206622600519051,0.135096988657205,17.1265762716209
-1.31019643852922,-0.162693213846469,-0.116081748856872,-0.364064033751616,-0.964774579126628,0.379510405390328,-92.991476218826,-0.337255753051522,-2.41732408226383,-0.20438723313809,0.130974223020251,17.1895897962066
-1.31182423423098,-0.162657188536922,-0.11604013868562,-0.364221975398889,-0.964320625171452,0.379456183439708,-93.7605043937065,0.429738685726761,-2.34094067540786,-0.20749271807713,0.131281581343815,17.171028123492
-1.31338211651498,-0.162676488414576,-0.116050137958841,-0.364444041811986,-0.963826635462536,0.379296285191492,-93.9351666296189,0.0586373040382568,-2.34080673438206,-0.206519209433625,0.131578840823148,17.1854884304346
-1.31486288178523,-0.162776428081637,-0.116125186199426,-0.364732314233993,-0.963316321120862,0.379053785655316,-93.0788055753505,0.179396374190446,-2.26627043763961,-0.202761882300917,0.132465301016794,17.2396426118331
-1.31626812056158,-0.162970517288437,-0.11626842719645,-0.365080471415522,-0.96281158490337,0.378756282483487,-94.8181179130821,-0.324725040817611,-2.24489692421091,-0.203388302256246,0.131900278814177,17.2080669808935
-1.31760593625017,-0.163257436145888,-0.11647274518697,-0.365471271292513,-0.962335823959594,0.378437621073154,-93.4832475416381,0.155704769995509,-2.26914628884745,-0.205381330194957,0.132096272036062,17.2813907456743
-1.31888959271174,-0.163614073676016,-0.116715425179275,-0.36587250427606,-0.961910216227157,0.378134076250549,-94.4000005633955,-0.604824209133994,-2.37059176219555,-0.208105125822102,0.134189220417703,17.2742018658132
-1.3201349920472,-0.164008644769297,-0.116968075178001,-0.36624891707523,-0.961552509686173,0.377878451577858,-94.5845659767021,0.305690847962978,-2.37714319084861,-0.211555393321417,0.131858050863018,17.2925138405918
-1.32135811600697,-0.164410979370033,-0.117205404910053,-0.366570536334282,-0.96127056568794,0.377692953324722,-93.6664286779903,-0.456169176593221,-2.41932687628784,-0.209212525368887,0.132077182833382,17.3399480278351
-1.32256507300561,-0.164794098890784,-0.117409387615619,-0.366812970370296,-0.961075105436482,0.377595605659001,-95.1943379721529,-0.226872586089712,-2.34804471068685,-0.210911052505592,0.136084368135229,17.3017201917009
-1.32375998990604,-0.165122967141328,-0.117559091779602,-0.366950324480634,-0.960967441362864,0.377589322658932,-94.0124619296742,0.21567281582179,-2.39407229927573,-0.208848213393637,0.132430964547122,17.3638526101296
-1.32493200395841,-0.165394172340001,-0.117661127634151,-0.36698059820072,-0.960956876541309,0.377677053816811,-94.8469449572093,-0.17135531003396,-2.32943362507089,-0.212424921367774,0.135303399922585,17.3542670039181
-1.32606739909738,-0.165611951358753,-0.117729002995894,-0.366911936345211,-0.961045442825972,0.377851062336984,-95.0839525945399,-0.0545329531707921,-2.26547718919889,-0.208517483652477,0.131380844015902,17.3764115064233
-1.32714083856828,-0.1658014378769,-0.117794324596428,-0.36676947866279,-0.961236279954686,0.378096453277927,-94.0817714526505,-0.381157773142604,-2.40704640196722,-0.205732875941864,0.130743980513604,17.4381482407683
-1.32812496074798,-0.166001368477087,-0.117899186168467,-0.366587538357821,-0.961536243078685,0.378400763260456,-95.8249045525165,-0.282105584356486,-2.47652371724223,-0.209403098298932,0.135205780220069,17.4019512292372
-1.32899292802232,-0.166257251034327,-0.118087603032684,-0.366406940769098,-0.961949336527823,0.378751227189917,-94.6862078702903,-0.0309768822542082,-2.26576289155224,-0.207400000282103,0.133524069121755,17.4646915631471
-1.32973357180596,-0.166602836312338,-0.11838791745155,-0.366263893243259,-0.962462612182423,0.379125124611744,-95.2202355834777,0.540139883755955,-2.39882136363175,-0.211125745361818,0.134431466569989,17.459111609124
-1.33033872551106,-0.167062295679296,-0.118818201435941,-0.366186036226528,-0.963065987767558,0.379507150609382,-95.6812747231717,-0.0235370188129309,-2.35291615206498,-0.210583714806009,0.134713548973375,17.4669448991522
-1.3308042016952,-0.167666627921808,-0.119397638587355,-0.366203415501022,-0.963753277461839,0.379892177335519,-94.7155101506864,-0.207351280471357,-2.25027419610177,-0.208658559930497,0.132584529909588,17.5181243004166
-1.33114815490532,-0.168395527591532,-0.12009882033093,-0.36631495607395,-0.964491936141217,0.380257115026522,-96.311460265917,0.0652472371302792,-2.33597517218567,-0.211620965532549,0.137272457365823,17.4810667210192
-1.3313984473091,-0.169225575828216,-0.120887993062285,-0.366512695603214,-0.965255409645465,0.380593918813892,-94.9044607876203,-0.165688732782428,-2.32754564060897,-0.210241701973537,0.13413556676456,17.5462496595034
-1.33158790302723,-0.170107012367584,-0.121711202763746,-0.366767667355487,-0.966012433939623,0.38089315066524,-95.8503564560984,-0.267964416551649,-2.39640882387849,-0.213463639152717,0.132426738503719,17.5362615805783
-1.33175688137603,-0.170977820279576,-0.122502364553404,-0.367042050913048,-0.966727604997985,0.381144780295658,-96.187531306977,0.506852629311652,-2.40100705367357,-0.213241987877019,0.132460789931525,17.5558396456983
-1.33194314444091,-0.171773480312361,-0.123197294442982,-0.367293204294586,-0.967371853532834,0.38134236152714,-95.3324614397741,0.32142585577003,-2.41916251760156,-0.206380300656179,0.133494503938628,17.614471769147
-1.33217817081652,-0.172427418319455,-0.123735303530102,-0.367475214797012,-0.967920256900326,0.381477022125336,-96.7383367155349,0.769480480291804,-2.41967122050272,-0.211808639474342,0.135059066444079,17.582368712088
-1.33248749076234,-0.172901493511366,-0.124079352400319,-0.367560439360266,-0.968356257573552,0.381546209374254,-95.6142708347092,-0.135369305600761,-2.3236368442235,-0.213478553617679,0.132067241221721,17.647040410898
-1.33288350002663,-0.17317059071778,-0.124209382153205,-0.367527723139262,-0.968675637030804,0.381551268825179,-96.4351399724639,-0.343529390566118,-2.38225375307991,-0.215017077694662,0.132352212615049,17.6392733523912
-1.33336399115885,-0.173244775336108,-0.124139863963556,-0.367377082161462,-0.968890959692723,0.381502084049198,-96.8369510045695,-0.661034550972772,-2.36602619634641,-0.217298704810396,0.137512468681381,17.6546567109491
-1.33391859910742,-0.173157705088681,-0.123905866405755,-0.367126873270642,-0.969019864533003,0.381408945879964,-95.7898601861529,-0.542397129758911,-2.31429263689438,-0.214875044951373,0.136554977017103,17.7159054625003
-1.33452547817248,-0.172973289877405,-0.123569975819144,-0.36681658455755,-0.969089827099933,0.381285074003429,-97.5136693391481,0.797250803209863,-2.39563068568236,-0.215745113695029,0.139089593789847,17.6797640405586
-1.33516032790278,-0.172756221906834,-0.123198525985992,-0.366486953383565,-0.969128720835505,0.381142624547516,-95.9804737174323,0.324181196603149,-2.48717112363366,-0.216011135674511,0.136405179727579,17.7426208747704
-1.33579761450851,-0.172578513716815,-0.122863046528361,-0.366186586448602,-0.969166408693011,0.38099556244733,-96.8439968102763,-0.427043922706844,-2.42521386287652,-0.214697865129368,0.136553527711621,17.7303820046363
-1.33641879924353,-0.172505308349186,-0.122626681042658,-0.365961184177667,-0.969220808407185,0.380850931194682,-97.3031123167086,0.205229585644247,-2.30523003312211,-0.213337200900611,0.132878906597013,17.7348609024931
-1.33701508194952,-0.172574677066353,-0.122528574568179,-0.365839444322308,-0.969299913073554,0.380710494047837,-96.1440814678272,-0.378102973873183,-2.24384985921586,-0.20915972428429,0.134661751906796,17.7899016781633
-1.33757932084838,-0.172810393089005,-0.122593765586284,-0.365842971522803,-0.969408474093931,0.380573447219203,-97.9438700388071,-0.712476003076972,-2.41075043491557,-0.210640249310774,0.14068127619197,17.7587766373616
-1.33812078220813,-0.173190161974927,-0.122806588249123,-0.365964000020968,-0.969528519356272,0.380426367704966,-96.486226490509,-0.506463278882393,-2.453220120217,-0.211217099844897,0.135709220636305,17.8316221515307
-1.33865812147514,-0.173670904488362,-0.123130839642944,-0.366177107044069,-0.969640366158109,0.380260763437144,-97.4222749564249,-0.106981870808113,-2.39070731485873,-0.218261581411796,0.133263596268809,17.818653878455
-1.33921371888886,-0.17418812843713,-0.123511581940839,-0.366443774110147,-0.96971383576186,0.380058425028076,-97.6262610587431,-0.37452581183129,-2.40021554193393,-0.217562791093606,0.136296993651367,17.8311944088685
-1.33981162278179,-0.174659691224318,-0.12387746175528,-0.366712447053741,-0.96971818295362,0.379801178989338,-96.8142290355216,-0.280561212592374,-2.37495872168813,-0.214006027779339,0.13815207848946,17.8905034289658
-1.34046982322545,-0.17500219062423,-0.124156090872,-0.366925802078595,-0.969631499248351,0.379479087140194,-98.2599120242912,0.196935600293727,-2.4871786172952,-0.216049978716753,0.14169464923812,17.8564262364422
-1.34120008753045,-0.175151404252296,-0.124290330581464,-0.367036484578174,-0.96944409333723,0.379091691266924,-96.842644248182,0.662093602981486,-2.39435697981025,-0.215578220740315,0.136363818175928,17.9259216191613
-1.34200710294179,-0.175059449126564,-0.124235626667057,-0.367007956946464,-0.969152215481518,0.378640039092922,-97.8373303948443,0.605217241188939,-2.42614888120053,-0.218491159193969,0.137243916339441,17.9098916219223
-1.34288056568369,-0.174711822619427,-0.123977631464909,-0.366822016383449,-0.968771161693062,0.378136955708809,-98.1711156362121,0.275670001203025,-2.47386472727095,-0.221300724151202,0.138293732431449,17.9241876367385
-1.34379722999996,-0.174132167203514,-0.123534103737842,-0.366486063573214,-0.968333222431596,0.377604263500163,-97.2193248693878,-0.73592873994312,-2.29095131561223,-0.215841724896239,0.134194423579685,17.9804486040084
-1.34472622515555,-0.173367330890988,-0.122942975728774,-0.366023496650099,-0.967875458775129,0.377062711164987,-98.8121417361228,-0.802317751702958,-2.48103778091706,-0.219659341707674,0.137954493499511,17.9380975620424
-1.34563447976041,-0.172488552389707,-0.122262733250656,-0.365473193410512,-0.967441964309821,0.376539441480145,-97.4176371889088,0.0775905016437264,-2.44484237959873,-0.2183144099917,0.139981858191593,18.0061003393284
-1.34648937356247,-0.171576077645827,-0.121558479438727,-0.364885661335762,-0.967069412533241,0.37605124898681,-98.3341166185054,0.159417229102246,-2.51976936126749,-0.220746181599718,0.140537154713716,17.9983980109899
-1.34726335310718,-0.170713180057479,-0.120899080723548,-0.364312844733533,-0.966794414044561,0.375616347143844,-98.5660404096589,-0.0126464925172058,-2.44194610120397,-0.221159877809289,0.135234712689505,18.0068778219308
-1.34792714801143,-0.169983154798059,-0.120355914628285,-0.363808270544263,-0.96665021102125,0.375247605324123,-97.6739516102533,-0.187480537387728,-2.32302682728024,-0.217916586914698,0.134123013405208,18.0587810510404
-1.3484733833179,-0.169436825281317,-0.119971600274329,-0.363407330332017,-0.966650141888213,0.374950184672162,-99.259710342021,-0.873093562346867,-2.36411685167579,-0.220264207266191,0.14064930544176,18.0269073626124
-1.34890361951873,-0.169105711231189,-0.119772867720592,-0.363134799670353,-0.966792686205337,0.374718238540238,-98.0568082894244,-0.203915222328533,-2.37553929848565,-0.216014599248575,0.136374161117866,18.1019367299737
-1.3492328744723,-0.168993625250919,-0.119765145383386,-0.362996835020731,-0.967065829297761,0.374543698657051,-98.8979360574021,0.174520423663125,-2.51870067672704,-0.223406552224261,0.136405867080079,18.0934108590972
-1.34948395945003,-0.169078655865659,-0.119932583652951,-0.362983195754895,-0.967448417649481,0.374415905935932,-99.1405882468986,0.295983813606881,-2.41815293946368,-0.22360283907684,0.139888124859011,18.1081388909242
-1.34968664169961,-0.169318241070279,-0.120243309471185,-0.363068749484012,-0.967914610706721,0.374325836935414,-98.16048870981,-0.21459610340753,-2.57671309395243,-0.217847804984375,0.138298535245873,18.1636339971404
-1.34988000427094,-0.16964714516066,-0.120646767810744,-0.363214511925141,-0.968427705369693,0.374259832637824,-99.6900547242308,-0.601033561579925,-2.60752850677454,-0.221271368036552,0.142862799780307,18.1251104425464
-1.35010160061578,-0.170005138249064,-0.121096990727046,-0.363383300402581,-0.968955263356581,0.37420931623217,-98.4454077675822,0.0671895109765046,-2.43779147607012,-0.221414852613747,0.138790691645705,18.1908346569937
-1.35038718027524,-0.170320991062717,-0.121540044273706,-0.363529221816505,-0.969466586668224,0.37416897493662,-99.272031005213,0.198600943027259,-2.50313392767484,-0.222446432706344,0.139160367874992,18.1778930840627
-1.35076787414554,-0.170522068785087,-0.121921390065456,-0.363604926295508,-0.969933469247848,0.374132377893249,-99.5083375317219,-0.685431919752773,-2.41979898332579,-0.22148612349441,0.139190349429439,18.1942509657246
-1.35127368791819,-0.170559764808616,-0.122202316107166,-0.363580587957621,-0.970325741842355,0.374091003808432,-98.6292409134318,-0.714081919769569,-2.42115460286496,-0.219098833946793,0.137761644624769,18.2560142108319
-1.35192352475337,-0.170401482935675,-0.12235720934491,-0.363437675846284,-0.970621424356198,0.374036727263977,-100.379714581499,0.281531427406662,-2.57662121010043,-0.221678145280356,0.141248986011674,18.2126024554424
-1.352731147366,-0.170013935642886,-0.122358913723815,-0.363157181643831,-0.970799006389216,0.373957176935177,-98.8657322350894,-0.292062720008289,-2.43741861135791,-0.224045028956406,0.138057899688188,18.2734421073651
-1.35369586303711,-0.169392871455929,-0.122202993458307,-0.362738538601088,-0.970848956266909,0.373841671296394,-99.8544226186382,-0.493749088057484,-2.50338291619858,-0.223616097138105,0.141516548441498,18.2626096590293
-1.35481415673415,-0.168549113205898,-0.121892767750462,-0.362192725638189,-0.970762312574727,0.37367710265569,-100.086697966572,-0.230014374623579,-2.53513391494005,-0.224265728680821,0.14130947088991,18.2886119376673
-1.35606818607448,-0.167512084200045,-0.121445538513578,-0.361542606352282,-0.970539386031897,0.3734503743738,-99.2272943291319,-0.109403985733934,-2.46858215070029,-0.217901532060775,0.141767732571155,18.3452198391487
-1.35743766208627,-0.166316252622646,-0.120880548361055,-0.360812826723721,-0.970186531993147,0.373152521680411,-100.940201246415,1.15168911616252,-2.61063424085805,-0.223759234529351,0.142358068749218,18.3135344077658
-1.35889594033684,-0.165011513116843,-0.120227524116342,-0.36003705323265,-0.969716622058474,0.372776496543371,-99.5130757638419,0.373803069415771,-2.47951474284127,-0.226435603640716,0.140568657219475,18.3772208208676
-1.36040926361846,-0.163668769656292,-0.119530697563488,-0.359262554439976,-0.969153297057792,0.372324859552297,-100.33189542269,-0.0188747770996542,-2.49741983393801,-0.228599773681642,0.142517028360534,18.3610150167781
-1.36194548131386,-0.162339916072717,-0.118819949173276,-0.358520965435476,-0.968521288538122,0.37180260190332,-100.605567177259,-0.0409163026645274,-2.40482696833149,-0.227895028260462,0.14311187054102,18.3799427950164
-1.36346088854754,-0.161106521930217,-0.118150822352709,-0.357858821462652,-0.967868269049678,0.371236809057146,-99.4960182558597,-0.37500161238836,-2.4614774721822,-0.223888058001204,0.141953133310375,18.4323449738923
-1.36491788345807,-0.160029158486844,-0.117562649642677,-0.357310300190218,-0.967231700795679,0.370647833945111,-101.16568625138,-0.26796701556691,-2.41393286587743,-0.226280539372363,0.143723920894961,18.3917731491132
-1.36628833310146,-0.159159775922473,-0.117089103692518,-0.356901098290845,-0.966651088205283,0.370065089886694,-99.7479851878429,-0.134335680870663,-2.54511701286583,-0.224685164211944,0.140910952409144,18.452193692229
-1.36754533128562,-0.158540954246088,-0.116759996088946,-0.356648216750356,-0.966166576613791,0.369522342647199,-100.815579174365,-0.58341611800256,-2.60024334665533,-0.224291396032922,0.139517468534539,18.4405642626823
-1.36867496025194,-0.158182007725571,-0.116581003132233,-0.356547594129516,-0.965802428338681,0.369043263555898,-101.095452212263,-0.367833960570806,-2.51852376953977,-0.227040723338112,0.14191631246627,18.4613074015418
-1.36967569721813,-0.158076520533592,-0.116546349565215,-0.356586127872534,-0.965573442269646,0.368649716386547,-100.256438051555,-0.0168548002563966,-2.43131576265134,-0.222362185602448,0.142896675532111,18.5272058073392
-1.37055552300408,-0.158178742127641,-0.116622963197773,-0.356724839552582,-0.965477906227734,0.368349212305166,-101.69467185743,-0.178851468521316,-2.40026119377706,-0.22484245329933,0.146293049159064,18.4911760704398
-1.3713337726259,-0.158437340934228,-0.116771916749139,-0.356924844389705,-0.965501362459584,0.368141333493177,-100.486886476543,0.277869145947534,-2.45342079631874,-0.228376285140078,0.140531398337606,18.5566106739922
-1.37204042408625,-0.15877447383872,-0.116934121939583,-0.357131275284228,-0.965612928747678,0.368012309854089,-101.226267326259,0.288216738155143,-2.53969726185099,-0.228986481786891,0.139191659890704,18.5515737660491
-1.37270754328709,-0.159101316721209,-0.117043328109094,-0.357281653742997,-0.965777870468017,0.367943492447738,-101.582588297327,0.130125058961085,-2.47531666312264,-0.226812898691145,0.141474745245701,18.5587975400311
-1.37337134574662,-0.159328492170686,-0.117031118094823,-0.357316904627696,-0.965955294542153,0.367909549041052,-100.523433914366,-0.324879720039235,-2.43609007767611,-0.225602994669343,0.140402775295009,18.6140164093805
-1.37406494632324,-0.159381331604863,-0.116838929404579,-0.357190430153282,-0.966103172120982,0.367880437546528,-102.325917697585,0.287661897209318,-2.67081311199266,-0.225470045478571,0.148004179730187,18.57915001262
-1.37481581138847,-0.159206365522767,-0.116425514840778,-0.356868557347432,-0.966186484553264,0.367829165881038,-100.998744756958,-0.115057772493856,-2.49455524809295,-0.224960855500032,0.141549853095543,18.6495639316977
-1.37563457150133,-0.158774956502732,-0.115770923468612,-0.356334551484171,-0.966190810472336,0.36773984513247,-101.83323805366,0.260470036729885,-2.53139551580387,-0.230804084427672,0.140708479770296,18.64163818102
-1.37652971997974,-0.158087430497443,-0.114875604479223,-0.355591030903367,-0.96610697620389,0.367601917886874,-102.071651826575,-0.278158133475245,-2.60883801872791,-0.231415930589418,0.141779487916275,18.6567372534661
-1.37750120248797,-0.157174025839979,-0.113763311493981,-0.354661673356153,-0.965934156043229,0.367407957432935,-101.006050299567,-0.135552093177012,-2.58178302526898,-0.225376854594164,0.142685401466627,18.7163818784223
-1.37853087920092,-0.15609917159172,-0.112486188885343,-0.353592906339377,-0.965691974368745,0.367163043982009,-102.896500547902,0.142553720526848,-2.61780196942749,-0.228319987222383,0.144038883168762,18.678535136151
-1.37959997803783,-0.154942110992722,-0.11110871354356,-0.352440601495639,-0.965405149636008,0.366878892983808,-101.340661405858,-0.595183112609448,-2.50503494285311,-0.228836305087092,0.143355856760954,18.7389643648047
-1.38068194402857,-0.153800436617412,-0.109711345601881,-0.351273668407686,-0.965107797747389,0.366574126167901,-102.33268379255,0.0448966628321159,-2.60404990652074,-0.231012557382537,0.142542185713326,18.7267735335612
-1.38175165961605,-0.152770501016729,-0.108374761187588,-0.350162006775257,-0.96482931996106,0.366263868361746,-102.740143334939,0.438027507489096,-2.70128528635937,-0.233166052465062,0.144400794290111,18.7442598965615
-1.38278852130441,-0.151929234655464,-0.107164107733788,-0.349164725664193,-0.964592078978768,0.365959667494997,-101.595209176074,-0.0264240807173337,-2.39006631138878,-0.225156002502324,0.144026989244127,18.7988905897495
-1.38377357025373,-0.151339608583622,-0.106136158147947,-0.348332720633622,-0.964412882703272,0.365668309147217,-103.258987057568,0.768995697200808,-2.54469883917355,-0.229682992565792,0.146503461177492,18.768192114595
-1.38469544896755,-0.151058570709662,-0.105343049300767,-0.34771280877583,-0.96430461563793,0.365399396546647,-101.769696692581,0.60041922296773,-2.58788654304638,-0.227003457966068,0.141951395794222,18.833054969568
-1.38555441565442,-0.151098808557691,-0.104802011673337,-0.347325015475064,-0.964262081941621,0.36514864173092,-102.811081670772,0.952076804764147,-2.58898129056652,-0.229059206882683,0.145694790544873,18.8234889054905
-1.3863502468737,-0.151457621235615,-0.104520837131018,-0.347176572288711,-0.964281719509344,0.364915027222072,-103.023835628199,-0.0143621019003604,-2.71843077687384,-0.229301028820048,0.143165873953703,18.8395994536854
-1.3870941228077,-0.152113711300164,-0.104492335707268,-0.347262013918699,-0.964351436837718,0.364694437076151,-102.174185905189,-0.473759669942183,-2.51727243000286,-0.227430503625234,0.143194476252805,18.8861874706864
-1.38779948183336,-0.153030450152056,-0.104698625019831,-0.347563944631972,-0.964456980825301,0.364481820147292,-103.75621846792,-0.14274882965492,-2.61299774198693,-0.229241697006046,0.145933363850704,18.8563650647434
-1.38847873975519,-0.154161443842404,-0.105116125276632,-0.348052775720277,-0.964592062403745,0.364280264304395,-102.422829042203,-0.30978152136845,-2.6649714271681,-0.229251039981306,0.146550219244566,18.931178154235
-1.38914892182344,-0.155455268939263,-0.105715954949127,-0.348693726150529,-0.964749901090891,0.364094826427254,-103.506086483361,0.0763155645947791,-2.54701407109894,-0.230733031006278,0.145948729410136,18.9289915123197
-1.38982059320329,-0.156855479832469,-0.106467260147103,-0.349445475422302,-0.964930254034738,0.363932832919202,-103.685986422038,0.0231436183266851,-2.58288649745018,-0.233776610933874,0.145779387164003,18.9360547788727
-1.39049901884388,-0.158322265062931,-0.10735332185249,-0.350273142895221,-0.965144629194036,0.363810345742588,-102.765516685608,-0.0681473594854651,-2.55405937508201,-0.228667997838568,0.146678064211606,18.9867378240391
-1.39119386897408,-0.159802270656288,-0.108345015256709,-0.351132556787386,-0.965398786575013,0.363739289151763,-104.184003940778,-0.4987147784434,-2.66581574055215,-0.230131251012302,0.14789130558514,18.9515872478776
-1.3919110095315,-0.161248894348299,-0.109415525821241,-0.351984238485621,-0.965699726485193,0.363730066949323,-102.959657305584,-0.170036830165827,-2.64640169960893,-0.22969724201131,0.145008720764472,19.0169141028416
-1.39265671431919,-0.162617625021644,-0.110537433395729,-0.352791270624561,-0.96604804285049,0.363783631600615,-103.940550052883,0.407606442504857,-2.63167480881685,-0.229218928754794,0.146507059733264,19.005517399184
-1.39343442711959,-0.163862786695641,-0.111678701516638,-0.353518215965377,-0.966440882901555,0.363897259549259,-104.186358766621,0.261667301517491,-2.53998949113958,-0.233426085727104,0.145523420971079,19.0279417228233
-1.39424935332174,-0.16494426607784,-0.112806167262172,-0.354136462994674,-0.966868048913595,0.364060217750369,-102.97655223613,0.488371565012358,-2.66613267992145,-0.230100044456961,0.146853626585224,19.0825626955251
-1.39510910911239,-0.165805709066886,-0.113869956273152,-0.354609923534823,-0.967305645330637,0.364246890942475,-104.784430063075,0.154553812789118,-2.64089338691662,-0.233045054234469,0.147042143004531,19.0493584630375
-1.39601795751562,-0.166410550078472,-0.11483036846603,-0.354919064435164,-0.967727841731098,0.364428445709736,-103.641093490194,0.138456423722346,-2.65702279531573,-0.231953177477672,0.143928810435447,19.1227772086076
-1.39698108816327,-0.166718415298601,-0.115640658235064,-0.355044286920874,-0.968101371853117,0.364569266433243,-104.452592733516,0.158175215750816,-2.73110539677066,-0.232035532269328,0.147802611938235,19.1071516319412
-1.39799694799481,-0.166693083668425,-0.116255990565713,-0.354967576070948,-0.968397095875517,0.36463400970211,-104.663495234082,-0.489460637930961,-2.79535769080178,-0.234710736179069,0.149144686101954,19.1223858862901
-1.39906836821828,-0.166325872880136,-0.116648502823324,-0.354689227749086,-0.968586455325948,0.364593489202638,-103.570711029841,0.23670573390541,-2.61626456105867,-0.230650963290707,0.147767906755297,19.1758694843965
-1.40019037469101,-0.165612985289871,-0.116794497283515,-0.354211199283744,-0.968648619113841,0.364422361080928,-105.24448227323,0.249842224046688,-2.57384911787014,-0.234526976525931,0.149200316766692,19.1356110239556
-1.40135449590409,-0.164581038185007,-0.116692933405687,-0.353551956203096,-0.968576446711007,0.364111789413657,-103.776971725791,0.145046350276971,-2.73663906612265,-0.234986250086465,0.144383892550697,19.1954282708512
-1.40254374621856,-0.163281777792765,-0.116366347582982,-0.352740567701338,-0.968380686579291,0.363668407748197,-104.832220586135,-0.700833155375676,-2.6429867279837,-0.233014297870463,0.144838253541045,19.1791820106411
-1.40374813027928,-0.161769309860752,-0.115838792441786,-0.351806759928558,-0.968073956504816,0.363105249436355,-105.033986435987,-0.338121850577409,-2.61842056280719,-0.232557341597531,0.148277277453952,19.2027336745249
-1.40494919445282,-0.160119883369563,-0.11515486488061,-0.35079174355161,-0.967684318073777,0.362449409118397,-104.267157554209,0.745919795366945,-2.6177214534828,-0.229900349917631,0.147211950553868,19.2621694496951
-1.4061301453133,-0.158414092896672,-0.11436662478941,-0.349735333165857,-0.967248409670147,0.361740103793964,-105.763674466792,0.118442633845689,-2.64668112793478,-0.237713120562299,0.148230031333901,19.2307928540653
-1.4072797821969,-0.156730622302441,-0.113526445310111,-0.348676586954558,-0.966802169301232,0.361017659835032,-104.506074714452,-0.121062521009208,-2.61803619160713,-0.235008990722822,0.145301516491818,19.2939240791252
-1.40839003467161,-0.155138821255445,-0.112681944458842,-0.34765060252367,-0.966377819054173,0.360320217419851,-105.256345875506,-0.541527754843855,-2.74066886003811,-0.237715756146267,0.146059744639054,19.2815104315512
-1.40945557401325,-0.153693831655452,-0.111872204171958,-0.346685284067328,-0.966001866419777,0.359679774562532,-105.575172433362,0.464095256955943,-2.68652853818085,-0.238896029103188,0.149847107064155,19.3072635128084
-1.41047487945857,-0.152441734285604,-0.111132190684144,-0.345803585847628,-0.965698979949055,0.359128755451,-104.781143696476,-0.000836836173675692,-2.67736626043381,-0.231381348214299,0.14954800188995,19.3588593743555
-1.41144488801734,-0.151407404208791,-0.110482515111413,-0.345019247587401,-0.965482300258842,0.358683334240849,-106.231504766555,-0.555775853516934,-2.65062498762543,-0.235809139823358,0.151055877509286,19.3197311462458
-1.41237377367045,-0.150592932480709,-0.109927371756547,-0.344334578511139,-0.965352310206136,0.358348915481406,-104.874631168453,-0.310697190383962,-2.60494229644587,-0.236096083518762,0.148229993684865,19.3795644197764
-1.41326659090418,-0.149997110491062,-0.109469614152013,-0.343752465895192,-0.965304650808895,0.358123435700708,-105.776350566952,0.197081991312189,-2.71876094204222,-0.237361193088064,0.147056983475499,19.3672917623745
-1.41413089421903,-0.149605112980784,-0.109103084040595,-0.34326893193206,-0.96532527394219,0.357992680144664,-105.911194223399,0.102947286319477,-2.63059947138677,-0.239190743691506,0.148408504839067,19.3841749363839
-1.41497669402419,-0.149404273388975,-0.10882389846129,-0.342882181518823,-0.965400752925931,0.357943252458917,-105.096668778544,-0.0424784795118285,-2.58157460104695,-0.232589617367402,0.147948718065993,19.439613033046
-1.41580849642839,-0.149378411881095,-0.108627235702288,-0.342588231756325,-0.965513677448205,0.357953311679259,-106.737799879982,0.103060471311665,-2.68316207329775,-0.234982563953951,0.15031862693315,19.4056311334323
-1.4166288473108,-0.149523605656385,-0.108516806662656,-0.342391963190536,-0.965650392717327,0.358003610766246,-105.274619368246,-0.270098956201309,-2.64077368784893,-0.236979560823168,0.144699037930813,19.4697316185899
-1.41743842781683,-0.149837042232156,-0.108498670608775,-0.342296675354039,-0.965801695050974,0.358078114198481,-106.212724679091,0.124438398758002,-2.69373558958978,-0.241186324973695,0.147164504786562,19.4652914221972
-1.41823555305964,-0.150323884786961,-0.108584926223307,-0.342309598290446,-0.965960800135449,0.358162389573361,-106.668525316259,-0.098439118363558,-2.84008902186181,-0.23827251318445,0.149700080970598,19.4844115671261
-1.41901142585193,-0.150992990818748,-0.108790544589067,-0.342441172268947,-0.966125171079574,0.358241485409163,-105.713990839392,0.605043516873593,-2.60404967787122,-0.235123333423994,0.149442451790228,19.544339846601
-1.41975792869608,-0.151848262511922,-0.109125714948676,-0.34269632588094,-0.966296695178957,0.358307921036717,-107.168957880019,0.914794775408154,-2.67412813622875,-0.239155519446046,0.153677551764805,19.5168998959782
-1.42047203131304,-0.152885040715296,-0.109591289924502,-0.343073152263527,-0.966474023882623,0.358355208513574,-106.121965499433,0.213325576901752,-2.60723347203316,-0.236253501395087,0.151124179917257,19.5765409141182
-1.42113899072957,-0.154093795737968,-0.110186039364889,-0.34356683698654,-0.966663943245694,0.358379153974006,-106.871037952542,0.253942595225453,-2.61771304912406,-0.240400281281957,0.146419656991393,19.5651623703459
-1.42175332234574,-0.155434203968261,-0.110883040642264,-0.344150435772025,-0.966869188601674,0.358378421469677,-107.26997101226,0.383076864140776,-2.66728455845353,-0.24093182978104,0.147978888275443,19.5744708536298
-1.42230937493193,-0.156868084766604,-0.111655174132598,-0.344797978452401,-0.967095034766833,0.358356042306514,-106.111986191081,0.147616574811764,-2.71586741792302,-0.235827631160316,0.15071289095337,19.6368297489722
-1.42280315621362,-0.158339395675309,-0.112460393508937,-0.345472557977194,-0.967342669817261,0.35831203866218,-107.773671908588,-0.205638562553759,-2.62516226313568,-0.238211598113401,0.154862354946997,19.6018451214651
-1.42323570465696,-0.15978217981331,-0.11324942133727,-0.346127783190991,-0.96761726433866,0.358255992665547,-106.400486359847,-0.539303631750727,-2.68342627960189,-0.238026640723824,0.150181030024337,19.673894130972
-1.42361875986939,-0.16111957906374,-0.11396198953398,-0.346713039427368,-0.967910974081988,0.358189353644995,-107.437494964067,-0.305052934630567,-2.74032580280533,-0.242020089633731,0.150376866716352,19.6704622288308
-1.4239660521993,-0.162295297595861,-0.114552908838873,-0.347191212013685,-0.968220662493218,0.358122575315054,-107.778221817236,0.323605782935147,-2.67795000486257,-0.243906217945991,0.147204852053477,19.6744629095021
-1.42430034428408,-0.163251784717937,-0.114976617539355,-0.347524026552561,-0.96853825388241,0.358065192577094,-106.649893556349,-0.862075042142351,-2.52272230961373,-0.242488740294065,0.149608691852741,19.7195514209194
-1.4246412141526,-0.163950607270159,-0.115203241952489,-0.347687539996938,-0.968855339900659,0.358022756353904,-108.26905253852,0.341452092260624,-2.73943070412639,-0.24151161262763,0.15327303773399,19.6942363939827
-1.42502127936696,-0.164376445737894,-0.115219252949117,-0.347674936065652,-0.969154930780898,0.357999871971346,-107.024916411987,0.44897453437261,-2.53750415291444,-0.239147020326009,0.151182556535087,19.7698030217012
-1.42547325428958,-0.164540544497101,-0.115031045824291,-0.347499672723471,-0.969417236428426,0.357996795343564,-107.825593490371,-0.252638660739649,-2.60972702158887,-0.241743771311702,0.150551098028774,19.7600281386875
-1.42602047163534,-0.164469566435949,-0.114660938685643,-0.34718396645205,-0.969629187163854,0.358013539988751,-108.217949427568,0.0814579844302443,-2.79942113576507,-0.244835446776798,0.150195569033859,19.7774710553806
-1.42668295515805,-0.164198675835547,-0.114138615583451,-0.346758611635768,-0.969771758909118,0.358039023304545,-107.408234443848,-0.0390210205359836,-2.59209518655905,-0.241122714350797,0.150625350710575,19.8390815385963
-1.42747671575137,-0.16379007060159,-0.113514537580808,-0.34627238997745,-0.96982898183728,0.358062444917798,-109.074731446902,-0.513121619830599,-2.62847066310474,-0.243915290492475,0.149773727480468,19.79683783467
-1.42839744601253,-0.163302438165036,-0.112840997836629,-0.345769929257114,-0.96979689496043,0.358072672126388,-107.527130245121,0.033263058828652,-2.7714481716115,-0.242232814065605,0.153562218122031,19.8571294336989
-1.42943557350974,-0.162783679843095,-0.112162899104133,-0.345286530294339,-0.969674439540594,0.358056819158309,-108.421389675084,0.586525318766689,-2.81700126105989,-0.244520695959273,0.151019427069096,19.8428705312054
-1.43056053593852,-0.162291669723166,-0.111534917447871,-0.344860804572291,-0.969477704206289,0.358007563077707,-108.68458959357,0.156583382894723,-2.8293852618701,-0.244135775210017,0.15039947628212,19.8574848266402
-1.43173486340104,-0.161858082603978,-0.110992931753152,-0.344511681503473,-0.969228498024748,0.357919675143251,-107.740638045502,-0.252662390852038,-2.74650824914704,-0.239813940729781,0.148437426104763,19.9172814974736
-1.43291425506819,-0.161503084166464,-0.110563576257208,-0.344247201259811,-0.968956899795167,0.357794037380367,-109.258656146385,-0.2545316750236,-2.75815965390007,-0.244686916326619,0.152550611893808,19.8868414809728
-1.43405015585364,-0.161229926402766,-0.11026102964051,-0.344059704479166,-0.96870543635418,0.357644385589841,-108.237521541465,-0.672737259339783,-2.72164909122287,-0.246716454578815,0.148909547401235,19.9589107225231
-1.43510146898329,-0.161034977009891,-0.110089442016935,-0.343936830368688,-0.968510843500723,0.357483605099351,-108.970660438412,-0.0671525614347956,-2.62153412308609,-0.248933457565777,0.1505602173523,19.9552347674573
-1.4360314054678,-0.160896203516969,-0.110037653973919,-0.343852783170503,-0.968412218611319,0.357331877184437,-109.197080750424,0.313104136643915,-2.72970787247925,-0.24846993200347,0.151005044000072,19.9685412909337
-1.43681681808184,-0.160797161673122,-0.110094351524819,-0.343785731131888,-0.968446550249096,0.357219261743482,-108.183840184051,-0.426910826320864,-2.8287597758017,-0.245753943689605,0.151910876916412,20.0163588539564
-1.43745156730294,-0.16070934052813,-0.110234718507636,-0.343707418555264,-0.968633918978175,0.357166572932262,-109.712882151405,0.439198491257685,-2.78890585777563,-0.246020193844191,0.155076308178077,19.9812265933104
-1.43794799798475,-0.160616611753087,-0.110438630642639,-0.343601352190791,-0.968982121793805,0.357193995122709,-108.627157251516,0.235821423211746,-2.76550969387495,-0.243374261089157,0.150927377348185,20.0534432852105
-1.43833566850905,-0.160499655868625,-0.11068013837434,-0.343453987915527,-0.969477734266278,0.357308599294381,-109.366148028523,0.994642868675555,-2.82732295943305,-0.247252773499237,0.155084675537602,20.0423279066753
-1.43865392481301,-0.160337279958934,-0.110930362056201,-0.343252188196286,-0.970096979352915,0.357511258224226,-109.671521209701,0.371951980986751,-2.68325716500874,-0.248323704929434,0.156596656654412,20.0518450884905
-1.43895151290522,-0.160132907937554,-0.111176845646078,-0.343004368850009,-0.970802064583389,0.357792145009409,-108.672294637511,-0.431510938760539,-2.73584850182897,-0.243764687946085,0.151321020717041,20.1160776583537
-1.43928489634974,-0.159875298700437,-0.111395428224196,-0.342711864850184,-0.971538800866272,0.35812516361053,-110.519073524076,0.894503892492821,-2.79016262239054,-0.247164302564642,0.154530952625054,20.0766323448786
-1.43970352650958,-0.159563229157263,-0.111570617447919,-0.342383236656655,-0.972255305486789,0.358482210745095,-108.887305729542,0.0442946887949347,-2.69578006416467,-0.243045309698951,0.154214920310776,20.1425304768696
-1.44024404904399,-0.159208446926797,-0.111700275932116,-0.342034302369611,-0.972907416459614,0.358835723356941,-109.940278814044,-0.0164335709894203,-2.81280392293164,-0.245533491773373,0.155422889010555,20.1320010352905
-1.44093518264418,-0.158821622084677,-0.111783773814502,-0.341679794773839,-0.973455201893301,0.359154223780823,-110.141962918915,0.663363937512941,-2.82759772020336,-0.245784311819796,0.156379596372742,20.1419783557565
-1.44178377745859,-0.158417359193257,-0.111826823410819,-0.341335059130182,-0.973874897511698,0.359411817823672,-109.299190373042,0.690281623957617,-2.60223038191253,-0.245129626629549,0.154551295920448,20.1993366838672
-1.44278667396085,-0.158009002923208,-0.111836044809019,-0.341010210219255,-0.974156590551628,0.359593630675217,-110.865507710496,0.162625566214956,-2.56439817610641,-0.247148185886163,0.156909397399277,20.17146728171
-1.44392237726507,-0.157621076531028,-0.111829741153342,-0.340719222152809,-0.974312293484657,0.359698342779231,-109.598429620491,-0.511945854852456,-2.6378405845287,-0.243952835891462,0.152718377435375,20.2390722900029
-1.44516261547187,-0.157265790812303,-0.111817668096107,-0.340464607502119,-0.974362694205723,0.359733018748159,-110.435641738366,-0.0614548729392936,-2.75285572447396,-0.249086867155483,0.154915215525959,20.2295040892751
-1.44646730949548,-0.156965130975134,-0.111817071037731,-0.340253531167547,-0.974343408385281,0.359715468243791,-110.869871154321,-0.107055877604807,-2.76358171787322,-0.250048975636041,0.155689609190289,20.2459073834817
-1.44780274830215,-0.156744483404854,-0.111845191851152,-0.340094153074767,-0.974293514337125,0.359676004884545,-109.765336089329,0.240960340239553,-2.66066715085483,-0.24799706270067,0.155339135266642,20.3038378046771
-1.44912744601465,-0.156620631901021,-0.111913083702549,-0.339989303847215,-0.97425280253363,0.359641356573759,-111.37193695763,-0.0596973879619327,-2.73212659686848,-0.248413116351668,0.158497249585523,20.2647366806308
-1.45041056475709,-0.156605464645929,-0.112026377382371,-0.33993828525703,-0.974258251099186,0.359642324527458,-110.030604163379,0.00652586124283516,-2.71943259119919,-0.247890546715699,0.154864908641659,20.3371855676002
-1.45162763305403,-0.156713776870474,-0.112190996205103,-0.339945137866517,-0.974335820548609,0.359701819606382,-111.027864633779,0.626635771725432,-2.77711285866204,-0.247540451609085,0.15773267810527,20.3238867090626
-1.4527656707626,-0.156940728006186,-0.112395625348207,-0.340003789272386,-0.974493112556129,0.359828684614303,-111.325619496833,-0.137711829191176,-2.79056997921361,-0.249892888277249,0.157038233124869,20.330034014179
-1.45382135970854,-0.157289625893084,-0.112634853347453,-0.340114841700275,-0.974731832668904,0.360029260319138,-110.238071740945,-0.156080763983482,-2.66223203160683,-0.246315962599052,0.153585098531859,20.3852679679258
-1.45479694668016,-0.157751140087729,-0.11289447089276,-0.34027389742098,-0.975036634486292,0.360290728424748,-111.891707947773,0.105643288038209,-2.83250232563057,-0.249307137719869,0.157089371034501,20.3523355139111
-1.45569868327404,-0.15830726524629,-0.11315485196841,-0.340473942491436,-0.975381080527852,0.360587225605872,-110.52219096086,-0.208311002530991,-2.76069473970179,-0.249207816436756,0.157901315224767,20.4228723720229
-1.45653236980936,-0.158939483070412,-0.113398988579609,-0.34070687001434,-0.975739187723329,0.360890520907429,-111.41965181382,-0.0163231517301483,-2.8611942704992,-0.250774817575723,0.158017191425077,20.4102208578316
-1.45731603143571,-0.159618155383724,-0.113603481054169,-0.340957538679649,-0.97607798756246,0.361170137483119,-111.598040943424,0.0510587508074423,-2.93721325415981,-0.250309665156971,0.155053312483617,20.4354591675319
-1.45805690898478,-0.160311977939941,-0.113748903368029,-0.341211144154711,-0.976367435035452,0.36138884139706,-110.931635665212,-0.663903594876274,-2.68798633686973,-0.24875245411071,0.152619362644286,20.4912119007356
-1.45876619369532,-0.160998684760686,-0.113825180513913,-0.341457188894011,-0.976583305723283,0.361518219306097,-112.564734477219,0.0278239068404673,-2.7527968188374,-0.252260707516671,0.157080883582719,20.4654164129544
-1.45945484917528,-0.161646545064117,-0.113817915403892,-0.341675653266628,-0.976712437079219,0.361542802755766,-111.354498802392,0.214652496573308,-2.74933452836888,-0.251201396634239,0.156722296032979,20.5436911003596
-1.46012703671503,-0.162236608284237,-0.113726100841256,-0.341855352203986,-0.976751426889587,0.361455079515111,-112.090306933983,-0.0391216092648392,-2.81840789989926,-0.256577651210462,0.157782080641897,20.5352704428524
-1.46078901565266,-0.162743257686001,-0.113545568624461,-0.341979634234994,-0.976703833198521,0.361258624614724,-112.520088887195,0.101551252404306,-2.78825516045896,-0.25498399028691,0.157600094304525,20.5491863783361
-1.46144523438019,-0.163149716829973,-0.113278841461698,-0.342035881761531,-0.976584850585091,0.360972244097277,-111.398802859025,-0.292832940052449,-2.76456420882107,-0.251200324716112,0.156783269652363,20.6012329989556
-1.46209335710967,-0.163455528089854,-0.112941558171718,-0.342021562902568,-0.976420325243191,0.360625173399975,-113.119506559009,-0.174606003068902,-2.8537919803201,-0.255001755437015,0.158012889950618,20.5575472514853
-1.4627211884556,-0.163673902790683,-0.112561789124896,-0.341942196941695,-0.97625192602645,0.360260905563625,-111.590305355012,0.162304153835748,-2.74633746815397,-0.251316992333515,0.156102380152451,20.6277835855302
-1.46332043953708,-0.163805918310096,-0.112156049777452,-0.341796752857135,-0.976112131541744,0.359914922343717,-112.730445851185,0.748079437938031,-2.77317751566741,-0.253188931036101,0.15943211532009,20.6201267460331
-1.46388058649057,-0.163871470257008,-0.111750862315397,-0.34159882440289,-0.976034413326402,0.359624677278455,-113.047266466698,0.356421579576818,-2.79716133691065,-0.254254473253268,0.158567939295411,20.635179143683
-1.46438818759907,-0.163893358842252,-0.111374079030152,-0.341363609085952,-0.976053643911663,0.359427199024933,-111.89549486897,0.0747771444496266,-2.79307374727404,-0.252980897338132,0.153582814970613,20.6955614619555
-1.46482532247696,-0.163895198272341,-0.111051467576774,-0.341108515381326,-0.976197674208255,0.359346537411907,-113.721013942896,0.889066055891362,-2.76358669092247,-0.258065557487071,0.158557633403883,20.6569140913375
-1.46517575842685,-0.16389301150533,-0.110800455341983,-0.340847950841814,-0.976483919119184,0.359393978449901,-112.198842480062,0.110181239831036,-2.77990274799816,-0.255481117838435,0.160278563027967,20.7225606794179
-1.46543863310427,-0.16390423975036,-0.110631866393572,-0.340600522114963,-0.976906931678815,0.359562983568566,-113.18432838863,-0.437243175859066,-2.86492922811496,-0.25668355608261,0.159998837848514,20.7108764735208
-1.46561137315311,-0.163945154677141,-0.110553272804477,-0.340383231744117,-0.977458233367008,0.359841150253071,-113.235514540994,0.170469507816733,-2.86768024088613,-0.255796544988954,0.161024366119833,20.7303474358334
-1.46570024190343,-0.163999192243693,-0.110546249697901,-0.340192230595661,-0.978109385273837,0.360196120923281,-112.467363740837,0.349162311623331,-2.85022358337946,-0.256546644942527,0.157949290179266,20.787955375002
-1.46572391783012,-0.164061091361623,-0.110596048444214,-0.340032672048177,-0.978818876712868,0.360586188442689,-114.056635361448,0.0406894269883651,-2.8042255560724,-0.259650612451022,0.15959793395695,20.7459509690531
-1.46570562934351,-0.164120247019304,-0.110682103576785,-0.339904387352012,-0.979542934017931,0.360971279049412,-112.635847897146,0.319083252230939,-2.95027098441949,-0.255533173642789,0.157179760983111,20.8160108826865
-1.46568049458623,-0.164139002530261,-0.11076310171427,-0.339787744538014,-0.98022601589583,0.361304505982421,-113.633191889294,0.0384639590693041,-2.85417854069141,-0.255382181511904,0.157482311132816,20.8067194495739
-1.46567784194507,-0.164099051570221,-0.110814364629088,-0.33967240582619,-0.980826424573667,0.361552019694694,-113.866291601874,0.33420793332084,-2.77089391098622,-0.255643017764246,0.15883027247888,20.8212979011671
-1.46572920431423,-0.163975516601572,-0.11080752503069,-0.339541297000488,-0.981307129025555,0.361687756094262,-112.944062843423,0.429493140544764,-2.65344024296019,-0.253877057937804,0.158419332626803,20.8760365025301
-1.46585508939978,-0.163761339048963,-0.110732120700081,-0.339386340020705,-0.981648967550622,0.361700326072117,-114.621309654015,0.134166279126248,-2.7956110653237,-0.255156697852897,0.162353187364361,20.8389999146489
-1.46606555977566,-0.163458024839898,-0.11058863593203,-0.339202107133378,-0.981853708960638,0.361597158664142,-113.173086473424,0.245956510581891,-2.84603319515105,-0.253788442487441,0.159713651505222,20.9019161651208
-1.46635679164145,-0.163090077277197,-0.11039873804401,-0.338996370196022,-0.981941761611518,0.361399103513361,-114.027115581796,0.285694222282473,-2.92883813084569,-0.255544510573471,0.157765515563472,20.9000242810232
-1.46671300973112,-0.162692911252067,-0.110195532676482,-0.33878342516535,-0.981949912322367,0.361138525310052,-114.421292106838,0.539077453527852,-2.92197376063527,-0.258698776094539,0.158293970809704,20.9164910463233
-1.46710502810748,-0.162313304531602,-0.110024200493753,-0.338584574641714,-0.981931254160301,0.360858717079837,-113.535577367202,0.427492036686772,-2.818955484013,-0.254531482512155,0.15775768615689,20.9682042717586
-1.46749863688282,-0.162009456896525,-0.109938971792581,-0.338428842446604,-0.981944766871287,0.360605756016643,-114.965901573598,-0.148708386388989,-2.81931349045934,-0.25907067786149,0.162049348731164,20.9296332186128
-1.46785641697043,-0.161836291610086,-0.109991518839159,-0.338343493600928,-0.98205059311633,0.360425571696995,-113.590189531338,0.0308780698649116,-2.86114675315798,-0.258082367815518,0.161871265766733,20.9985208406266
-1.46814770094607,-0.161839177226876,-0.110222418468163,-0.338354903378505,-0.982292977406744,0.360349144775573,-114.36979500701,-0.267772751408302,-2.87189668889633,-0.261079648577191,0.160734413483629,20.985949942414
-1.46835804354263,-0.162031542106929,-0.110643731944783,-0.338469803120053,-0.982695151500784,0.360394400521557,-114.844886653653,0.614670654155589,-2.8653530311457,-0.258443012066972,0.15916967395119,21.0079906013646
-1.46847715460623,-0.162414159291865,-0.111254257615982,-0.338690108344076,-0.983268345003,0.360568142748595,-113.973723906163,1.19624080943686,-2.87125739124474,-0.25602232996844,0.159968077358459,21.0755111819693
-1.46852375455656,-0.162958635545499,-0.112023421439626,-0.339001681137111,-0.983988469952322,0.360854213906801,-115.585528326759,1.01502509203783,-2.84994939714551,-0.259362006779487,0.161544228498808,21.0379804684933
-1.46853069274154,-0.163605177802935,-0.112892593715379,-0.339370605254191,-0.984811130047493,0.361223748804505,-114.270165404595,-0.00603907137747228,-2.85122072281484,-0.262233882267633,0.158877690873218,21.1026477904815
-1.46854169920823,-0.164269677688751,-0.113781476284761,-0.339748047907261,-0.985677209086946,0.361638821577799,-115.097576309917,0.221084859696703,-2.93480029237179,-0.263687866718421,0.1578946595498,21.0933618734707
-1.46862081553115,-0.164854027984258,-0.11459444190974,-0.340077795714025,-0.986507019726233,0.362051741421848,-115.424351029429,0.236384373429701,-2.92063797494262,-0.262439398479196,0.159651268030744,21.1058753247317
-1.46882536085672,-0.165256731405446,-0.115235989197869,-0.340298754816543,-0.987223688574167,0.362412400833496,-114.309338696574,-0.324732107530281,-2.79306032685395,-0.258018123496197,0.162206976343905,21.1681773091311
-1.46920670459381,-0.165393826071923,-0.11562502554396,-0.340359570923813,-0.987763348527324,0.362683444912771,-116.135664777878,0.172326397147117,-2.92450540945069,-0.260803995168653,0.16455488397094,21.1314953438668
-1.46980147610222,-0.165203456831409,-0.115701611123808,-0.340222229523975,-0.988077864706327,0.362834483752701,-114.82195298489,0.90348126286267,-2.85831450204677,-0.259969486098808,0.160997921309341,21.2014924819113
-1.47063213236218,-0.164647586550283,-0.115429058037985,-0.339861373679941,-0.988136896003435,0.362846391002396,-115.787312227401,0.40004163463027,-2.87458158030651,-0.264597119197392,0.160483998161184,21.1927684235168
-1.47169227365025,-0.16374202949279,-0.114816616713994,-0.339284016966397,-0.987945040081008,0.362721168165843,-116.039130000573,-0.0447596223382334,-2.93874449421119,-0.262817865143151,0.159399139548938,21.2097556201268
-1.47296053337313,-0.162540273346782,-0.113908037120539,-0.338519472591177,-0.987531665040582,0.362477659985195,-115.049872487328,-0.371451499712293,-2.75122649634631,-0.258162458994729,0.157668551005298,21.2703249760894
-1.47438623230728,-0.161143018633362,-0.112788220998258,-0.337628655640064,-0.986951621959008,0.362145144653824,-116.7037432051,0.292291429804436,-2.90074500155643,-0.262612249563687,0.164967937544409,21.2379870945687
-1.47590723590271,-0.159677710384498,-0.11156636036929,-0.336687249814405,-0.986279521988303,0.361767330861098,-115.240577117711,0.340089590240041,-2.93835515440651,-0.262764840742505,0.163575043071781,21.3031390296647
-1.4774526743048,-0.158296971812602,-0.110372077560539,-0.335789485627847,-0.985597328137754,0.36138962204061,-116.248850936969,0.00468185781619468,-2.82739834479767,-0.264823372281918,0.16144726107993,21.2865972797731
-1.47895706585721,-0.157143465952162,-0.109326590127487,-0.335022957472829,-0.984982563756484,0.36105567207035,-116.506980147408,0.241194483824756,-2.92202111737592,-0.265896785457971,0.163534371045483,21.3060212739645
-1.48035928073048,-0.156355412383209,-0.108546350779512,-0.334473886068875,-0.984507687759545,0.360807863749421,-115.683730153932,-0.15889574085395,-3.09114010252364,-0.258870887261609,0.161479296388726,21.3693530336701
-1.48161511102807,-0.156035834364984,-0.108119075862754,-0.334207846257615,-0.984225272217428,0.360676896001026,-117.268986255776,0.509657638550152,-2.98845041527895,-0.260831009318956,0.166297363679877,21.3443765323363
-1.48269888363929,-0.156235463096508,-0.108090232753598,-0.334257538414235,-0.984162412085595,0.360676472854589,-115.961328919433,0.466340030355923,-2.90312281455451,-0.262712147216735,0.162088095565513,21.405373020259
-1.48360330199119,-0.156961427212956,-0.108468182390469,-0.334626589979472,-0.984325570044106,0.360810910581793,-116.736646673504,0.27091325139736,-2.85537335886323,-0.265517327010893,0.163404634108691,21.3966392204458
-1.48434332652071,-0.158166016087823,-0.109217265715124,-0.335284113365475,-0.98469732390878,0.361072949364782,-117.254926424035,0.640136806257942,-2.98187253195212,-0.266144196558494,0.164378070889576,21.4197386925663
-1.48494377132133,-0.159759559389778,-0.110268513950464,-0.336173397680194,-0.985243232631846,0.361443156405433,-116.194630542777,0.511806098671741,-2.93602242977593,-0.26161561867942,0.164063450252038,21.4772141421763
-1.48544112338563,-0.161618633911258,-0.111527822411309,-0.337212743302018,-0.985916566171781,0.361895615701242,-117.694233310555,1.09313426973063,-2.91802327995524,-0.262388100951317,0.166901376910301,21.4385891787686
-1.48587694145898,-0.163597286351592,-0.112882824806201,-0.338306162112933,-0.986665479921958,0.36240320996701,-116.381947385795,0.0545596078127346,-2.95652528999079,-0.262648059206869,0.165427753141406,21.5008255110243
-1.48629401283748,-0.165548139555525,-0.114218902898093,-0.339358795812257,-0.987432871164865,0.362932455179608,-117.291527286226,0.496297023388706,-3.0086001173205,-0.265104303510507,0.16240737886663,21.4914171908921
-1.48672315681001,-0.167339782493581,-0.115437335020199,-0.340285628763177,-0.988171396295447,0.363452598559163,-117.607602497074,0.551610587695677,-2.89203585976563,-0.266695014476403,0.165579867810864,21.511449067075
-1.48719326116292,-0.168860837785462,-0.116453073876171,-0.341014596023546,-0.988840957979886,0.363939043183248,-116.635186053713,-0.0828526690556828,-2.81819223932465,-0.261469086495323,0.164877124442391,21.5733868120834
-1.48772328881256,-0.170032026656526,-0.117206099121901,-0.341494590799376,-0.989412278218368,0.364371611636667,-118.222320642146,-0.0170053116185045,-3.03562347889775,-0.263254592977713,0.169295843481985,21.5330183610102
-1.48831687205558,-0.170827076467846,-0.117676909570385,-0.341713093298007,-0.989871292028655,0.364736076437291,-116.992901453696,-0.217404355238386,-2.97134111908434,-0.263719667245305,0.166050347110305,21.5954759083443
-1.48897539577981,-0.171244879915879,-0.117863124041478,-0.341674996591061,-0.990207974614543,0.365019915060736,-117.799696082466,0.154068661382098,-2.90338979928296,-0.266508348257594,0.16100360607052,21.5842820133015
-1.48969302362665,-0.171337202394011,-0.117801840415004,-0.3414201352408,-0.990426860765899,0.365220472731391,-118.170419843863,0.129338306439422,-3.00849136226054,-0.269556461482181,0.166041941829852,21.6049359493266
-1.49046019813025,-0.171182967067042,-0.117549277314069,-0.341007451435,-0.990539664188068,0.365341095655352,-117.190070581106,0.613253919181261,-3.03934113194316,-0.265017313258593,0.16608663688286,21.6648523654607
-1.49127070053495,-0.170868062490132,-0.117164448622075,-0.340500877151194,-0.990556964208529,0.365385053720333,-118.878763575625,0.86456400967154,-3.03077579342704,-0.269673066333972,0.16984679624853,21.6362186287473
-1.49211319839703,-0.170488710023227,-0.116715230812329,-0.339969673432076,-0.9904988062651,0.365363890993929,-117.554500460398,0.823778113429626,-3.11270354492186,-0.271658356901222,0.164348599118649,21.7029826664974
-1.49298702040576,-0.170131323349675,-0.116260675976774,-0.339475407702074,-0.990377238866476,0.365286106035148,-118.249377869058,0.617220756139659,-3.01650592381483,-0.273212194442064,0.163223177215817,21.6888575573051
-1.49389198021372,-0.169870306827666,-0.115851452838206,-0.33906797047342,-0.990209807906678,0.365168696644603,-118.61473775203,0.705766683562842,-3.04529655062109,-0.273620141734105,0.165950887813933,21.6992977153235
-1.49482663037402,-0.169753793400204,-0.115522093602006,-0.338776054130151,-0.990017673219155,0.365032549658344,-117.626128523432,0.256066607989396,-2.98843954728284,-0.266973291169121,0.167533547407059,21.7544560044466
-1.49578934585547,-0.169806889613803,-0.115292501398644,-0.338611237019627,-0.989818448195744,0.36489485115208,-119.343421311265,0.717436016817373,-3.0031761873505,-0.267680157800175,0.166889510413622,21.7185723749809
-1.49678169820985,-0.170027971227189,-0.11516557580895,-0.338564186461501,-0.989626832103351,0.364772719018458,-117.791903233074,-0.272295229623069,-2.9382754368367,-0.266557925190934,0.165925462657148,21.7833837504261
-1.4978076747984,-0.170392516587845,-0.115128192526401,-0.33861018129811,-0.989451438539004,0.364677105105386,-118.88972670361,0.218228048017181,-2.90262459337788,-0.270591890431523,0.166107309622227,21.7752660938716
-1.49886939684594,-0.170852992255096,-0.115152519489725,-0.338710399528801,-0.989294525405361,0.364610834094625,-119.331314708817,-0.0245396904333575,-2.89941451314712,-0.272189821047642,0.166487704076532,21.7986733000842
-1.49996904218088,-0.1713542194482,-0.115206797864553,-0.33882246337191,-0.989151961060121,0.364569331812528,-118.338709759106,-0.17744171436857,-2.79338685651123,-0.268882920926914,0.165186454255297,21.8590744698118
-1.50110589312463,-0.171840991525213,-0.115261430530579,-0.338905562574498,-0.989015462226733,0.364540364368158,-119.901454856547,0.346024442000726,-2.98450379095254,-0.269623512250653,0.171234824125972,21.8236946080472
-1.50228386135845,-0.172257051549431,-0.115283800057978,-0.338924049554307,-0.988864682716494,0.364500642732715,-118.48632328171,-0.119707337998989,-3.04768463205406,-0.269109018422858,0.167616235840703,21.8854755001953
-1.50350453462738,-0.172546573203663,-0.115242492938243,-0.3388473701579,-0.9886715347589,0.364413469781248,-119.310999535351,0.26987164680645,-2.94188346583314,-0.272372068556077,0.164441969611901,21.8672306593094
-1.50477419593177,-0.172670688104017,-0.115115593811612,-0.338658510810728,-0.988404382322127,0.364243163241789,-119.622365670947,0.246718836550599,-3.02469021096712,-0.274767188823667,0.166611087722638,21.8870281602274
-1.50609235296292,-0.172607526279762,-0.114893293657397,-0.338355359845971,-0.988035739359936,0.363953825293143,-118.867522528748,0.534126636118799,-2.98984827636514,-0.268086801337255,0.1647100427453,21.9480035531288
-1.50746085947655,-0.172346771952318,-0.114572716483396,-0.337943148184999,-0.987542572998433,0.36351633354744,-120.44214552749,0.521085931692824,-3.04599755641763,-0.270734007552404,0.170179857747007,21.9178621060828
-1.50887449145391,-0.171892095047758,-0.114160049410162,-0.337434097053678,-0.986914233634626,0.362913706017821,-119.088690456663,0.490691724714907,-2.95396611505859,-0.27246563843264,0.164936806522746,21.993678213354
-1.51032505200277,-0.171273609765498,-0.113678628500762,-0.336857761265085,-0.986152760117975,0.362142448114103,-119.776350738552,0.117764494409585,-2.97277714261909,-0.275090125750079,0.164073187578673,21.9859544931107
-1.51180718643028,-0.170519704820546,-0.113148434188231,-0.336237470865278,-0.985266188649213,0.361210250205981,-120.402983106393,0.149169981334126,-3.03402669656225,-0.279608397582231,0.166603137230477,22.0011243199387
-1.51330118951165,-0.169672652351925,-0.112600808887543,-0.335599079979296,-0.984290673474416,0.36015064949776,-119.316396756425,-0.42283425979258,-3.01295858841797,-0.273238836264198,0.167730471817472,22.056560780218
-1.51478848620256,-0.168779891091107,-0.112068928365884,-0.33496869262402,-0.983267067944249,0.359003331643324,-121.006592731785,0.638662895565403,-3.0786447447681,-0.274376448127845,0.171255046103696,22.0233448740878
-1.51625189700989,-0.167897626920404,-0.111589834164486,-0.334372677198956,-0.982247675473724,0.357825457165596,-119.7094230426,0.589481904781223,-3.02634342554299,-0.270860789379975,0.170279863019964,22.0982880668067
-1.51767337762191,-0.167068116855616,-0.111190284863369,-0.333825157837837,-0.981286861670195,0.356676391437641,-120.644357147373,0.279765904624128,-3.06468935154368,-0.274204280335097,0.166251509343357,22.0868547835272
-1.51903889207309,-0.166331278205242,-0.110892295585022,-0.333338938941867,-0.980432929130277,0.355612568388914,-120.902909831274,0.511137069695906,-2.96372501641471,-0.277286411395273,0.170113752466325,22.0943898048069
-1.52034278863578,-0.165709366726612,-0.110703220831055,-0.332914091388131,-0.979722862154573,0.354681915019009,-119.754281621755,0.421060905636978,-2.8999037260065,-0.272106149589771,0.165263506051113,22.1517906056382
-1.52158116757866,-0.165220660636522,-0.110627385641681,-0.332549858132868,-0.979185267645927,0.353923499211051,-121.549629806196,0.78147149347933,-3.00019898068874,-0.273274231743736,0.16928359961918,22.1188228767529
-1.52275478837461,-0.164867341195734,-0.11065763072415,-0.332237395634571,-0.97883378227838,0.353360973745922,-120.108143947521,0.307880660565843,-3.00495411296185,-0.269297925313392,0.168856465052788,22.1917029704213
-1.52386862581038,-0.164645896831886,-0.11078272159641,-0.331969795320102,-0.978664571953558,0.352999143123901,-121.055452890013,0.259456241073394,-3.03480513520944,-0.271353767892665,0.168492814734992,22.1826426085435
-1.5249335369106,-0.164542353795882,-0.110982599628155,-0.33173837221994,-0.978657779342433,0.352826852411436,-121.529817087705,0.298450239812155,-3.0805390378915,-0.275280575724028,0.169105526533518,22.1998457195807
-1.52596668948137,-0.164525253050131,-0.111227060372622,-0.33152374370767,-0.978781134155756,0.352820293346318,-120.353966583843,0.336490018899894,-3.14106230239665,-0.275054619983683,0.166011184358032,22.2626679740513
-1.52697298770226,-0.164579796582089,-0.111501955543215,-0.331324153544463,-0.979003616289231,0.352948067372599,-122.153335853842,0.28740573217874,-3.18133285113001,-0.279242247578506,0.172105167139089,22.2306127659872
-1.52795636919594,-0.16469010235872,-0.111796326295255,-0.33113646159039,-0.9792961858852,0.353179009698352,-120.859514647988,0.234907702173132,-3.04516163035566,-0.279956198492844,0.168920423805704,22.2964973856199
-1.52891913136126,-0.164837806994167,-0.112099085081379,-0.330959062204723,-0.979626081718429,0.353475035369728,-121.604131878981,0.80045433532473,-3.23074446483423,-0.280881844553515,0.169977181515333,22.2904248590278
-1.5298553003413,-0.165013030921833,-0.112409126804913,-0.330795527958049,-0.97997033129498,0.353801737306659,-121.942054570637,0.9935548856879,-3.17890886580582,-0.282420332157226,0.171866223181013,22.2971157039008
-1.53075364536755,-0.165214377037326,-0.112733867345557,-0.330652546193221,-0.980318747749011,0.354136024566129,-120.826272963349,0.83495278164969,-3.06347865753841,-0.278070809681725,0.167271419807115,22.3482673894763
-1.53159992779984,-0.165451139281036,-0.113091049143915,-0.33054395275393,-0.980668208829841,0.354459930487819,-122.659641633763,0.172574343416954,-3.21706874168916,-0.282210684797452,0.170207526727562,22.3091979081986
-1.53237538148498,-0.165732595340889,-0.11349871190985,-0.330482586920012,-0.981020359340084,0.354756990624314,-121.15322756947,0.258822994608181,-3.07917149840483,-0.276151789308106,0.171175555758562,22.3870515465801
-1.53306877401443,-0.166070177056006,-0.113974887249502,-0.330479317897173,-0.981380048127527,0.355017697220513,-122.226749237833,0.229445410941707,-3.05846685460867,-0.27872714235945,0.169693201409912,22.3797487293646
-1.53366966318043,-0.166470234118904,-0.114532200834049,-0.330540588768159,-0.981752402540636,0.3552344063308,-122.520681381235,0.767995023693175,-3.18807138987552,-0.280720239362577,0.172081885777268,22.3982349941
-1.53417462136506,-0.166938503445852,-0.115178131097555,-0.33067330303082,-0.98213761422402,0.355400036454541,-121.696074005408,0.374069056985718,-3.05185859603233,-0.28146476795177,0.166474736516064,22.461209551316
-1.53458521166266,-0.167474322486139,-0.115913686190022,-0.330876594776302,-0.98253383367955,0.355507848174341,-123.394579856626,0.831268138090991,-3.0850676649213,-0.284060294724568,0.170749545055473,22.429625461242
-1.53490923272154,-0.168078569597577,-0.116736852926465,-0.331149843514365,-0.98293811445831,0.355557078650077,-122.032911400098,0.529874000454583,-3.23198511537501,-0.279656516994093,0.171874973208856,22.5026585300822
-1.53517269355009,-0.168726583582465,-0.117619273593653,-0.331477927588156,-0.983327242928304,0.355536718156786,-122.781469758037,0.884608511276838,-2.95140334430721,-0.284156287953296,0.16923853644488,22.486382514686
-1.53540155698266,-0.169397549030147,-0.118534555791428,-0.331845772318697,-0.983679094832323,0.355439027586145,-123.088243372159,0.822576410095508,-3.02909058070742,-0.28324284409767,0.173472560731765,22.4971693218191
-1.5356215797192,-0.170074375289547,-0.119456805558763,-0.332239206752157,-0.98397708706617,0.355265552933882,-122.000002332679,0.498485308737372,-3.02475062898259,-0.279785234736802,0.169708224345259,22.5519068125994
-1.53586923067132,-0.17072355881035,-0.120345011232977,-0.332632929940557,-0.984195629052256,0.355016301514935,-123.71810056427,0.374119574560609,-3.20189534321131,-0.280990556760773,0.171843631519549,22.509850608805
-1.53617387496428,-0.171324263437058,-0.121169917692192,-0.333010015686707,-0.984318647061475,0.354699178177703,-122.290445664068,0.803384015339816,-3.20553303125817,-0.278231788841104,0.17048711796204,22.5820599879517
-1.53655757391646,-0.17184873880204,-0.12189838460275,-0.333349028308468,-0.984335828982245,0.354324493572148,-123.183464281339,1.18275207777674,-3.04342143179602,-0.28266253352397,0.166971987987217,22.5810755382102
-1.53703522648899,-0.172278979575932,-0.122508649909969,-0.333634063838386,-0.984246563180263,0.353907913459223,-123.655604859304,0.471402405779145,-3.07403573137415,-0.283316209507031,0.17019524390928,22.6040188388965
-1.53761850597196,-0.172598286122706,-0.122982968813191,-0.333851839499893,-0.984050436549666,0.353462352331509,-122.585301270761,0.631123575681158,-3.16584354537295,-0.281166252131881,0.168158795013744,22.6661480192296
-1.53830446264613,-0.172788742835721,-0.12330837347426,-0.333988769679817,-0.983757620172595,0.353000761400604,-124.239153998337,0.918524401759669,-3.18674745538664,-0.28722081154817,0.170555879516698,22.6253963087286
-1.53908390039841,-0.172828399224528,-0.123473881138371,-0.334029001538894,-0.983382072025844,0.352533659407059,-122.861815726454,0.0408280542797002,-3.14628872447557,-0.286024935490146,0.172650663371441,22.6959999013751
-1.53993829577225,-0.172702113816371,-0.123477099625207,-0.333963279115228,-0.982941468336045,0.352067018963617,-123.745122542965,0.261365768468295,-3.16432985452099,-0.284361858679376,0.171533285114198,22.6778977403657
-1.54085197990275,-0.172392051911927,-0.12331540739834,-0.333780266435512,-0.982449243711624,0.35160149953444,-124.077385490296,0.383655754262691,-3.16893829155543,-0.284991428234638,0.175768035227296,22.6956641539148
-1.54179850264991,-0.17189676189928,-0.123002302008439,-0.3334792478496,-0.981927692478385,0.351138605463435,-123.156207543517,0.80048533799345,-3.22980688401674,-0.281489195986578,0.169641455113972,22.7507727988529
-1.54275136073448,-0.171218854137837,-0.122552841121102,-0.333063944849319,-0.981394369524264,0.350674251617068,-124.821696388102,0.765523618490988,-3.23995763024914,-0.285381302802916,0.175305321771716,22.7099927893379
-1.54368591611823,-0.170379225307562,-0.121995039279155,-0.332547194741258,-0.980870073776872,0.350209779508469,-123.225824239543,0.670969218720984,-3.21089581559431,-0.279848656516517,0.170852322828987,22.7752598025544
-1.54457976048263,-0.169413497885261,-0.121365020729525,-0.331950328700015,-0.980375750941565,0.349750344598972,-124.341135219278,0.973804927162746,-3.28256743602168,-0.281477410875572,0.171262665689033,22.7675691469862
-1.54541726650745,-0.168369908375356,-0.120702236134701,-0.331303080727839,-0.979927537130251,0.349301312638779,-124.652191809146,0.762108380892869,-3.11055060025595,-0.280001893454614,0.173041078241418,22.7971297333439
-1.54618915578418,-0.167316837924183,-0.120056705266292,-0.330646777141639,-0.979541174552088,0.348875052428232,-123.744808358938,0.213508136363998,-3.09932876058977,-0.27769492293194,0.172445709676555,22.8589078043669
-1.54689009384302,-0.166327929639715,-0.119477467018573,-0.3300242624656,-0.979232116004282,0.348488790085753,-125.418677801089,0.179771258268374,-3.09869123254535,-0.286588250406772,0.175565616361147,22.8182922023772
-1.54752357261767,-0.165484112812666,-0.119013693163271,-0.329481172771583,-0.97901338891111,0.348166114329913,-123.868123921409,0.169624029454098,-3.14037776152207,-0.288281117872449,0.170465174490668,22.8892491680939
-1.54809681998611,-0.164860359571589,-0.118706343263445,-0.329061437227644,-0.97889133854942,0.347925438940708,-124.865159489028,0.315767044977292,-3.25929340539315,-0.28825988620873,0.172402042182863,22.8799950731153
-1.5486242200936,-0.164512958284831,-0.118579962296467,-0.328795756571527,-0.978864525264232,0.347782278993299,-125.170066167261,1.06903896811173,-3.14740244618594,-0.288645990863255,0.176840844730538,22.8885518049681
-1.54912337776795,-0.164484795500953,-0.118648114456171,-0.328707692445566,-0.978925428646775,0.347747063791561,-124.001590179576,0.612557990024243,-3.15023575102143,-0.281859622617732,0.172104964334208,22.940915267914
-1.54961014281799,-0.164793353930857,-0.118908485993084,-0.328804924838052,-0.979063705931704,0.347823389453566,-125.860754306683,-0.200975841160016,-3.25604482019236,-0.284376707540045,0.174978889435023,22.9044700381823
-1.55009691870647,-0.165423631359808,-0.11933716439406,-0.329075567786714,-0.979264195370821,0.348005374994334,-124.431642466187,-0.0830004296060451,-3.0436439442139,-0.285601909807701,0.172604472073674,22.9786048107585
-1.55059429125452,-0.16633826851955,-0.119898298103413,-0.32949603944559,-0.9795054146686,0.348274721410879,-125.344463017823,0.0739489210675401,-3.24620678371411,-0.287443894412254,0.168900404654594,22.9683111273383
-1.55110919282039,-0.167471666659589,-0.120540459348299,-0.330026441420375,-0.979762833203947,0.348604605030163,-125.838632331255,0.469655991430272,-3.34484054272752,-0.286320907396477,0.173795051097045,22.9887016430723
-1.55164091059941,-0.168743819571171,-0.121208776755496,-0.330616877188635,-0.980018893789291,0.348968945923684,-124.785152492225,-0.0302600097081722,-3.2497442704813,-0.285630191267991,0.174699138817429,23.0509316140923
-1.55218457554139,-0.170063524798774,-0.121845579181554,-0.331212939819699,-0.980249552357398,0.349327822846698,-126.370045220626,1.00608805904358,-3.19961619935992,-0.288789465138716,0.179135805784983,23.0257215674461
-1.55272929849956,-0.171353097887692,-0.122406758680152,-0.33176929498549,-0.980444148960895,0.349652829251104,-125.160320700834,0.555522517801364,-3.1454093537528,-0.289804515240402,0.175289888542074,23.1010924278202
-1.55326720251661,-0.172528266365568,-0.122846238613898,-0.332237107501723,-0.98058889867457,0.349913470583593,-125.941027867779,0.425514382508027,-3.29079874656478,-0.29252487115813,0.174620675552968,23.0885440579037
-1.55377963977647,-0.173532269557497,-0.123141230438272,-0.332585761395387,-0.980682595007885,0.350087759396282,-126.245796022304,0.675497369043796,-3.27783341252709,-0.292242868249291,0.178104348801969,23.0952761192373
-1.55425708194116,-0.17431698600768,-0.123274382062492,-0.332789115005784,-0.980723550864641,0.350160683934702,-125.239729062784,0.754239121611135,-3.16591381814206,-0.287324689452137,0.176884705091449,23.1555050043513
-1.55468830061215,-0.174861540331102,-0.123246402279696,-0.332840748934689,-0.980714948721428,0.350123011715799,-127.05989485164,0.717309852595008,-3.26221812613039,-0.286279179972705,0.174997157986107,23.1158541190076
-1.55507256270968,-0.175150065132791,-0.123059105216953,-0.332734759346289,-0.980656739787602,0.349970959026414,-125.519804564816,0.43187811456005,-3.19168492219922,-0.283131164406695,0.174795086531529,23.187057914992
-1.55540957262555,-0.175195358956204,-0.122732072386649,-0.332483488901329,-0.980554810119416,0.349710466670082,-126.367421032783,0.818393917042158,-3.20428718195055,-0.284637290179486,0.17470550968384,23.1844952156223
-1.55570935205156,-0.175024297307345,-0.122289976208094,-0.332110274769843,-0.980411213173507,0.349350820400386,-126.849582148072,0.230201299586497,-3.33620836400814,-0.288597991804977,0.173115358284194,23.1990795389686
-1.5559899598541,-0.174667653653093,-0.121756986260396,-0.33163664162625,-0.980227128710256,0.348908203301591,-125.839807409913,0.892807530021628,-3.12173829984036,-0.287089231016385,0.175449886823968,23.2618681822187
-1.55626410220176,-0.174168990508414,-0.121165472662212,-0.331093836013752,-0.980007696304969,0.348399102859817,-127.683849818501,0.954626487231508,-3.11349614243775,-0.289427810518684,0.177985629365185,23.2308322100274
-1.55654921828349,-0.173576223103717,-0.12054905552886,-0.330511904470744,-0.979764092390125,0.347850575306239,-126.361552446824,0.328614532992788,-3.22268639521781,-0.291006410228866,0.17533414764988,23.3029043259584
-1.55686342510193,-0.172943933334165,-0.119944923616707,-0.329924108107029,-0.979509751134504,0.347292295430975,-127.072501000496,0.514548682470149,-3.1775592114449,-0.294724933452212,0.175931163697034,23.2921372894481
-1.55722218098049,-0.172329800699183,-0.119392183645796,-0.329366712063449,-0.979257106263558,0.346750150145339,-127.357055398261,1.04149691371049,-3.24680573410134,-0.29514220472402,0.180253282451401,23.3068509688685
-1.55763298880518,-0.171786253494523,-0.118928080321882,-0.328868549736405,-0.979029727327316,0.346256889757767,-126.236830221264,0.789637786484946,-3.19426483140728,-0.290577310821909,0.178837366548569,23.3629467010011
-1.55809921540563,-0.17137205929716,-0.118595922327409,-0.328461881336836,-0.97885703421414,0.345847420181869,-128.198994561368,0.882006844286479,-3.17882722660045,-0.292719394302432,0.178925209725431,23.327448306166
-1.55861869207585,-0.171137242865483,-0.118433814173581,-0.328173573207275,-0.978766929233149,0.345551562236461,-126.719557968708,0.385942875363298,-3.11489036640683,-0.289544338788697,0.17490480483081,23.398033577561
-1.55918200752998,-0.171131864795932,-0.118481854849364,-0.328030516422182,-0.97879330468636,0.345399154250606,-127.612690992188,0.27806767834727,-3.21567536981442,-0.29083970965556,0.178219294462572,23.390865430376
-1.55977863466328,-0.171389456736831,-0.118767421707333,-0.328049998929327,-0.97896253059267,0.345409487015308,-128.239316176308,0.968160964196159,-3.14419983995103,-0.29111690348046,0.178117815506516,23.4080553156288
-1.56039683432805,-0.171921083818986,-0.119301471340994,-0.328235498235074,-0.979293461667024,0.345593804191674,-126.821010337769,0.797006781747541,-3.09950261226027,-0.288764265784712,0.175433172572858,23.4668888321995
-1.56102586454,-0.172706622785221,-0.120070677372329,-0.328573336514606,-0.979788906201544,0.345944834516845,-128.918435760663,1.01642937543829,-3.29182833925756,-0.290616447183914,0.178399409219429,23.4265686711252
-1.5616548121414,-0.173721096931074,-0.121055668069189,-0.329049516914712,-0.980443543419436,0.346445758074654,-127.363906720943,0.315529783467809,-3.33747916806183,-0.292970875283251,0.176843637139633,23.4947055804787
-1.56228106502923,-0.174909928167748,-0.122212491181267,-0.32963382270931,-0.981233092528928,0.347064389500025,-128.061701829479,0.354315248030161,-3.25120304521974,-0.298077229780923,0.176254940686806,23.4803039534337
-1.56290462190643,-0.176201115549095,-0.12348301045914,-0.330284280245323,-0.982123572924093,0.347759967851513,-128.364193944638,0.458136973880528,-3.28287264949742,-0.296008214881875,0.177248052511303,23.4927266294001
-1.56352690117105,-0.177505666769813,-0.124793245238375,-0.33095117180163,-0.983069303263429,0.348479357100934,-127.59797054564,0.908915685006605,-3.1633347966937,-0.289928916753767,0.178184935216392,23.5503669916649
-1.5641593540199,-0.178726871779843,-0.126059907210049,-0.331581846311501,-0.984010509993413,0.349160565066011,-129.186731154594,0.999269779795668,-3.15658783728207,-0.294018618718386,0.180204248059063,23.5198974071504
-1.56480872373391,-0.179785963061514,-0.127213969240645,-0.332133039412309,-0.984898506773017,0.349753039421448,-127.863418456342,1.07830986767021,-3.16272947063317,-0.292670393557687,0.175441420203103,23.5949178276654
-1.56547748320577,-0.18062019871314,-0.128198301338847,-0.33256865209163,-0.985696156548455,0.350218930997622,-128.740901742028,0.556454617751342,-3.25459351199729,-0.296711873766595,0.17712149525601,23.5977972942845
-1.56616187403394,-0.18118822633195,-0.128973249637077,-0.332863651811316,-0.986380843207216,0.35053319262041,-129.311111090593,0.531388374137805,-3.33435934652005,-0.297788231215523,0.174874406671075,23.6129468442213
-1.56686592434174,-0.181467533446022,-0.129511812528004,-0.333003266949862,-0.986932961691477,0.350680128216878,-128.234251515333,0.628696465481198,-3.19789078407248,-0.292316840960631,0.176577975894223,23.675154079792
-1.56758040783499,-0.181478233955806,-0.129821802753177,-0.332995942543518,-0.987360185204677,0.350667992629204,-129.822282778863,0.619845767863353,-3.33640291949652,-0.298955131526276,0.1847293544248,23.6280181601515
-1.56828904764866,-0.18126558814029,-0.129932801006156,-0.332860473546024,-0.987693302577037,0.350528709696924,-128.196999123434,0.877656050322912,-3.33299833118755,-0.298199217176264,0.179461504316109,23.694624332239
-1.56897746197268,-0.180889823494305,-0.129885018715818,-0.332624446124476,-0.987969847414018,0.350303522206312,-129.173761326759,0.778504451574236,-3.37754059890491,-0.301976175840976,0.177924879408295,23.6819880440884
-1.56963708541269,-0.180419374394999,-0.129725063299644,-0.332319114338231,-0.988230748824932,0.350041947808454,-129.563331372715,0.733641047780111,-3.24288593233942,-0.302153145974811,0.179587190022111,23.6984818515949
-1.57025731358238,-0.179934717331607,-0.129509014530747,-0.331981936746694,-0.988521751104316,0.349797396865367,-128.529553060368,0.505953295656582,-3.27480991440981,-0.295686758421243,0.178556573054861,23.7655262423106
-1.57083609122095,-0.179498148916817,-0.129278268591191,-0.331639480563033,-0.988878815670728,0.349617882076221,-130.379866149843,1.34448626623066,-3.21539183072431,-0.292862501113969,0.183638807265313,23.7330814720532
-1.57137829224383,-0.179157172116154,-0.129061726495924,-0.331313353427469,-0.989322858966763,0.349535969754554,-128.949711295148,0.935707110927751,-3.20520996061057,-0.293585970588464,0.176035257356452,23.8068609040475
-1.57189670359663,-0.178941928892655,-0.128873902724161,-0.331016558491433,-0.989860775548475,0.349573123399848,-129.853326620267,1.14610593877796,-3.36144122719111,-0.297087009573698,0.176174757070579,23.8033498127755
-1.5724132378839,-0.178855845240045,-0.128707430287856,-0.330750158779709,-0.99047721163322,0.349729736231758,-130.207520256646,1.42308775888159,-3.43865039371187,-0.302543402369072,0.182418883948863,23.8199628126562
-1.57295362509469,-0.178886544051798,-0.128543297844127,-0.330510213792147,-0.991141243291368,0.349987774809735,-129.103161543312,0.458784966794838,-3.26065022743026,-0.295956969725709,0.180762547822355,23.8786723089555
-1.57354512780988,-0.179013248959825,-0.128355745617333,-0.330291839117329,-0.991811984767731,0.350318451669188,-131.022873105407,0.556839235043526,-3.29786970668619,-0.299254342465401,0.183765534696717,23.8337951847812
-1.57421257255903,-0.179193812190412,-0.128106851174916,-0.330079573487739,-0.992441697208016,0.350680857624605,-129.375611845037,0.368568004056897,-3.25190901553447,-0.301659717905797,0.181999007399682,23.9042443627557
-1.57497143991659,-0.179394516678773,-0.127768424879926,-0.329867460997499,-0.99298381567311,0.351027332494276,-130.403765835368,0.0787255970201386,-3.50731032997112,-0.304327071301566,0.179369605304911,23.8913623547122
-1.5758213544552,-0.179592103156014,-0.127326587568304,-0.329656534329548,-0.993409098640805,0.351319566833613,-130.712893237489,0.604556651808707,-3.36233936343243,-0.302194986408735,0.182456361588616,23.9070963046837
-1.57675290468893,-0.179767207700397,-0.126776056024374,-0.329450508002823,-0.993696766036652,0.351522760793859,-129.76047751334,0.631449296451592,-3.30458158726094,-0.297196712393899,0.180283294421395,23.9695072954049
-1.57774741447547,-0.179902908760807,-0.126120492607213,-0.329251970431729,-0.993840879435208,0.351611352390552,-131.681512251496,1.25672163616264,-3.44117693685146,-0.299325649282149,0.180490480077437,23.9335281387231
-1.5787697656525,-0.180005091340536,-0.125386473883098,-0.329076630885581,-0.993860102011477,0.351577691042965,-129.95104538275,0.437371778219813,-3.44026622206559,-0.299831449623465,0.180152914702993,24.0064024154504
-1.57978173434292,-0.180079055068396,-0.124604175552315,-0.328935106429225,-0.99378506192235,0.351426944960136,-131.085614665159,1.57861990127913,-3.26722202545807,-0.302571432187863,0.183159283566016,23.9877128593966
-1.58074291307168,-0.180134962957424,-0.123810417781324,-0.328836659939588,-0.993658770878118,0.351178509754591,-131.290700785003,1.29207337931689,-3.3951240159098,-0.302038955957393,0.183500815154075,24.010503446776
-1.58161639351607,-0.180181583228064,-0.12304125230273,-0.328787429103726,-0.993529567694398,0.350862093898406,-130.412493429398,0.717847815444884,-3.29222275313822,-0.30225133842361,0.180084345613476,24.0600752728198
-1.58237913293501,-0.180221400481958,-0.122325404048182,-0.328785560651284,-0.993437641080916,0.350507407211327,-131.818849321013,0.807263892257879,-3.46331954602903,-0.303569286517686,0.185621097406112,24.027877605858
-1.58302238845066,-0.180251588437072,-0.12168221683358,-0.328822957380136,-0.99341581970564,0.350147828541313,-130.553555480973,0.929289441520723,-3.4589741327641,-0.303185032665295,0.183837016527214,24.0983722622167
-1.58355673184541,-0.180254812764776,-0.121114120522216,-0.328880402927483,-0.993479782914577,0.349810137766738,-131.455959157195,0.512959248215566,-3.37973849168759,-0.305927744829133,0.182867799623013,24.094770542991
-1.58400508919406,-0.180210587034423,-0.120614050759469,-0.328936742701713,-0.993631471483294,0.34951518309785,-132.018993795238,1.40125430066769,-3.42159124118314,-0.307670525026637,0.184880677586131,24.1243473292606
-1.58440480212063,-0.180100577718564,-0.120169569516144,-0.328970415332645,-0.993861274098213,0.349281466938242,-130.859143454433,0.146232804621377,-3.34473225792689,-0.299488719491844,0.179598632394897,24.1882533435397
-1.58480244626921,-0.179913527803834,-0.11976657220194,-0.328966155381174,-0.994145822416188,0.349117751992271,-132.585457017292,1.10499061127348,-3.36765747542265,-0.301715536372306,0.182743745637022,24.154434717768
-1.58525334973025,-0.179626749718017,-0.11937543955158,-0.328903836445123,-0.99444255188916,0.349016055108547,-131.281754270526,0.693381724340043,-3.40496113209815,-0.304142762517313,0.181155915740298,24.2288182580124
-1.58580494369955,-0.179238760950033,-0.118980254877534,-0.328777678970082,-0.994713092761943,0.348966926911392,-131.968744662523,0.65406310081994,-3.37136244858928,-0.306018902128159,0.179660541851128,24.2190976030557
-1.58649661151273,-0.178762468881478,-0.118574105763249,-0.328593712267978,-0.99492104902452,0.348957358781444,-132.512360802002,0.949447981228559,-3.43184989017513,-0.305499553038218,0.184169703422985,24.2206566357904
-1.58735732495318,-0.178219758226592,-0.118156850347866,-0.328362816702459,-0.995039259489793,0.348978378588524,-131.099192106861,0.827596837341162,-3.37764370596591,-0.300183057152247,0.184831869956954,24.2791728384022
-1.58839497001166,-0.177641990145163,-0.117738111366672,-0.328105744960329,-0.995050643037406,0.349015684623053,-133.253461293577,1.45040907065413,-3.34200305619441,-0.30427784019489,0.185454580193003,24.2271340434229
-1.58959902830677,-0.177063244734047,-0.117333401966604,-0.327845084459014,-0.994952824520476,0.349058955460749,-131.579915536075,0.543301520150408,-3.28136276597897,-0.303816539862686,0.182654534344472,24.2957057031976
-1.5909487775695,-0.176518092625819,-0.116961616202697,-0.327603933799161,-0.994754397011331,0.349100742075748,-132.606607232207,0.928946387874703,-3.31184943091202,-0.306169842511826,0.180680364345678,24.2824961882389
-1.59241097153086,-0.176035623070999,-0.11664161807946,-0.327402749147169,-0.99447187358153,0.349134490865573,-132.713516685583,0.42641929938236,-3.40028163306775,-0.304150281623858,0.182465614433946,24.3170400272569
-1.59393557984567,-0.175641901396322,-0.116395888969538,-0.327258589868878,-0.994139478301461,0.349162970242092,-131.973224239689,0.911064877290983,-3.40640864647031,-0.302232306107739,0.180805154122896,24.3795477085198
-1.59547316837655,-0.17535325211163,-0.116240776665079,-0.32718312502702,-0.993791468431288,0.349186212242396,-133.706282661529,1.1749631050327,-3.39090009063378,-0.305091473347121,0.183715407436663,24.3554785263913
-1.5969767023265,-0.175174000977067,-0.116186120158097,-0.327177627854808,-0.993462834033578,0.349208587573448,-132.321627974182,0.611045776441188,-3.4331712410598,-0.307323232399264,0.181575994184739,24.429598949304
-1.59840537662903,-0.175097440600717,-0.116233852461437,-0.327237197578477,-0.993184932036204,0.349234023013108,-133.197421440106,0.92673541407521,-3.61187142413274,-0.312353339563784,0.179572219313417,24.4207349052965
-1.59972569201708,-0.175116110357175,-0.116383548006004,-0.327356119748448,-0.992984384417527,0.349266028204792,-133.617412464647,0.693717492420319,-3.53477468387516,-0.309327121081364,0.183585975554566,24.4332831179669
-1.60091835355628,-0.175214556076156,-0.116628127569771,-0.327520856221981,-0.992881020427758,0.349311556470075,-132.490105639955,0.621260271232359,-3.38180965901756,-0.308495430179448,0.182325989749352,24.4870486983877
-1.60197330823193,-0.175374365357462,-0.116955677598485,-0.327715931788891,-0.992887281193413,0.349376141040773,-134.249852393262,0.810853685068196,-3.49646988758369,-0.30909857810425,0.188992294509137,24.4421963509183
-1.60289197410557,-0.175571947239894,-0.117346710711086,-0.327922963973136,-0.993004486865633,0.349461213485615,-132.689490300374,0.768548982513494,-3.37569525597692,-0.308559345524301,0.183358983560447,24.5153320895485
-1.60368859566476,-0.175794461708542,-0.117785802960555,-0.328131197235742,-0.993226089067906,0.349569575391418,-133.738521222862,1.09953819072507,-3.51241420768517,-0.305445197551816,0.181257312620301,24.5110350117884
-1.60438009098152,-0.176041412300521,-0.118265746595578,-0.32833193288756,-0.993553881914157,0.34971863354649,-134.048776430437,0.876006888138363,-3.47778544107854,-0.307326987491025,0.184128175845931,24.5281597883108
-1.60498939486569,-0.176303857098172,-0.118768512515307,-0.328514416357403,-0.993977005693449,0.349915113117548,-133.070851635706,0.427444489311711,-3.30427520291875,-0.303876520329801,0.183592976489716,24.5925665351267
-1.60554729134655,-0.176566737105833,-0.119268886440571,-0.328664539206228,-0.994476284950267,0.350162075310595,-134.934004147862,0.263781650520741,-3.46526593190282,-0.308592584050079,0.185935080017882,24.5598657986022
-1.6060727090144,-0.176833944564545,-0.119756052051214,-0.328778808538889,-0.995046735644835,0.35047276606589,-133.532412576339,0.393449715647421,-3.40654179316016,-0.309650365929418,0.18320365125888,24.6307131141549
-1.60658435553263,-0.177105663319972,-0.120215786234818,-0.328850018519643,-0.995682468727386,0.350860477416129,-134.40691424319,0.972052011815094,-3.39781661257439,-0.311237770679761,0.185138780621717,24.6153843317726
-1.60709608715084,-0.177384064057772,-0.120635522959666,-0.328873253738656,-0.996382649767776,0.351340824473682,-134.649748434895,1.33468558821119,-3.27418707608973,-0.312096209815082,0.187636894191976,24.640488162619
-1.60762455268075,-0.177652741807562,-0.120988220260862,-0.328834492658114,-0.997133023284757,0.351913719472323,-133.645069230273,0.756487229881031,-3.35135408651729,-0.309982172167092,0.186945421644235,24.6953532368707
-1.60817695278512,-0.177907790669866,-0.121259658519137,-0.328729491480357,-0.99792415215318,0.352577298428045,-135.393599693384,1.03631843595463,-3.40350412180379,-0.313265900865201,0.188474213268996,24.6621790522563
-1.60875151689938,-0.178147821413243,-0.121441593450214,-0.328556927372253,-0.99875191342803,0.353329155673534,-134.047961142721,0.88206471750027,-3.45080257757104,-0.313951321950673,0.181435230524027,24.7352633341228
-1.60934749362649,-0.178360139583225,-0.121519163310144,-0.328311978183231,-0.999601686724273,0.354151974456835,-135.105645009541,1.03689139443918,-3.44011944895053,-0.309022640120313,0.184616201732075,24.7279276749093
-1.60996533167033,-0.178525576071129,-0.121477160867522,-0.327990337177421,-1.00045025961131,0.35501695651722,-135.338872361236,1.04550796737954,-3.34076829010354,-0.31120904666451,0.183895019601264,24.7442840254431
-1.61060352892722,-0.178636048093763,-0.121311997181,-0.327598292725256,-1.00127285073498,0.355890195261905,-134.297426189165,0.443079953374763,-3.43794051878015,-0.305981528183847,0.184103148560431,24.8075600970561
-1.61125544615158,-0.178688986253186,-0.121029736641721,-0.327146769518872,-1.00204876084182,0.356737060020424,-136.051304886513,0.992910046005818,-3.5563718325318,-0.310364614273486,0.184802141201759,24.7687666541807
-1.61191162924954,-0.178676317896506,-0.120638498883415,-0.326646346916948,-1.00275439056371,0.35751554062988,-134.502498154604,0.404979449331449,-3.50547654365312,-0.316703923394615,0.184344819574375,24.8386073818209
-1.61256494107792,-0.178594598718566,-0.120152386567603,-0.326112844637989,-1.00336629528826,0.358183597523802,-135.470999299096,0.723331597022707,-3.59654894173806,-0.316144538804178,0.183908558432926,24.8333558348866
-1.61320864343497,-0.178450319078917,-0.119594618359292,-0.325568869115933,-1.00386438267661,0.358705094730535,-135.866475796853,1.1474377768161,-3.4757982191922,-0.3170990085022,0.187897498730996,24.8460113548474
-1.61383800000091,-0.178244636263169,-0.118986979639852,-0.325031161737307,-1.00423164992446,0.359047740918826,-134.936684949236,0.695597111948246,-3.38000536448692,-0.315991674884814,0.189267015213302,24.9074513611314
-1.61443964466326,-0.177998909183621,-0.118367844521921,-0.324526111601626,-1.00446993888447,0.359198706278824,-136.484930817298,1.3524120531788,-3.59651398027898,-0.317944421381824,0.190349250634057,24.876192193922
-1.61501208665001,-0.177722443599119,-0.11776303386301,-0.324068116748123,-1.00458100096773,0.359155308886636,-135.177200281413,0.671080931682809,-3.4780942654682,-0.314634847033405,0.18526882653282,24.9477205965654
-1.61555370153126,-0.17743221451503,-0.117202536605672,-0.323671215533179,-1.00457563107945,0.358927025065059,-136.272750634568,0.509360312275021,-3.5258728569714,-0.315176222117796,0.183944622951924,24.9315671312127
-1.61606545242609,-0.17713572599667,-0.116705944611979,-0.323337540240975,-1.00447141428713,0.358535244298133,-136.419604103505,1.34779167674924,-3.55730570313568,-0.310877988992925,0.187086048685941,24.9522870681608
-1.61654608347817,-0.176871839238804,-0.116310570691402,-0.323084162038062,-1.0043031864069,0.358025001284434,-135.358019648781,0.913723034766917,-3.44423004680772,-0.30900392409899,0.187688912119718,25.017481402821
-1.6170148064391,-0.176644488468102,-0.116019828572288,-0.322900979842107,-1.00408902356788,0.357435626104744,-137.215397058287,0.913666146794867,-3.50297822580097,-0.314307164740062,0.189098763507737,24.98233720005
-1.61749139569018,-0.17647069193952,-0.115841875107082,-0.322784573928269,-1.00385089660286,0.356812533653455,-135.714320267153,0.516778080796485,-3.48446486651264,-0.314852157823549,0.185293354842177,25.0563028261163
-1.61799553345784,-0.176367186761214,-0.115778839376418,-0.322731097302625,-1.00360962887863,0.35620094307923,-136.741685289783,0.67590586907977,-3.58053375078242,-0.321547013587986,0.188471494042616,25.0508876211681
-1.61855824323145,-0.17633376202877,-0.115814170791962,-0.322725723727145,-1.00337282145941,0.355637446831275,-137.063935628478,1.29204065217345,-3.56932416287631,-0.322235051231083,0.191422390829354,25.060550518501
-1.61921069828867,-0.176356801512346,-0.115917935074764,-0.322749110485454,-1.00313492110781,0.355142146829632,-136.017024949604,0.702786184308707,-3.47767880919537,-0.317601781360652,0.188244934353936,25.1188716158914
-1.61997832843896,-0.176431582820094,-0.116066965155641,-0.322790879461708,-1.00289368425806,0.354733118172386,-137.84066247849,1.5147823716668,-3.64368506396633,-0.319296361197625,0.192837050679253,25.0840866743506
-1.62088409283843,-0.176525697888001,-0.116217687829618,-0.322829429505475,-1.00262825480589,0.354402101778009,-136.265743123924,0.926191447275414,-3.45814887674521,-0.313064017422925,0.18782957959047,25.1560391616878
-1.6219425750947,-0.176616598765868,-0.116336092805143,-0.322853063907325,-1.00232070233895,0.354136822353909,-137.28162080793,0.515825108202762,-3.48930224535434,-0.311195897735125,0.190896166242829,25.1503869697211
-1.62315931852094,-0.176669343199937,-0.116384034376793,-0.322846287260455,-1.00194900470188,0.353911530702126,-137.553986924263,1.04424497291893,-3.57510804548124,-0.31474711949117,0.189136904999726,25.166998272171
-1.62452146380058,-0.176654419310367,-0.116333799720481,-0.322800299933107,-1.0015009360879,0.353698953806713,-136.754826532341,0.733796938550995,-3.49570769013164,-0.31598013192859,0.188470839747759,25.2279739883336
-1.62599847779227,-0.176558931724667,-0.11617906695287,-0.322715487912275,-1.0009812211623,0.353478653374048,-138.295680237873,0.669561682423819,-3.51944458921804,-0.316594181610242,0.188474394951064,25.1966207069859
-1.62754988296138,-0.176376330603587,-0.115922574273414,-0.322597767723993,-1.00040022774408,0.353230860697723,-137.004357783768,1.18384594472059,-3.51675246313994,-0.313802379785272,0.188533725828316,25.2778445190244
-1.62912827781424,-0.176104242962354,-0.115575468901253,-0.322454258122041,-0.999773858667075,0.352937123940636,-137.915075801163,0.606679674864381,-3.54817584943393,-0.320119067791642,0.191244141896776,25.2609146525359
-1.63067379608159,-0.175762766645733,-0.115172228153466,-0.322301333453942,-0.999140750197224,0.352598312041873,-138.180435520751,1.36226092844868,-3.47821479805782,-0.321504558628878,0.187265357899801,25.2687940301394
-1.63213567695524,-0.175363966319441,-0.114741805711701,-0.322144886153991,-0.998540200349839,0.352223546516283,-136.861156229105,0.571760021203545,-3.44113919496911,-0.318985218823863,0.188466440596801,25.328936587505
-1.63346547795609,-0.174937188024761,-0.114325350726887,-0.321999727202699,-0.998014751230416,0.351828256477824,-138.845962903733,1.97058006646785,-3.49787977513506,-0.318444447851273,0.193952780407248,25.2858582638406
-1.63462265878235,-0.174508553017908,-0.113960399528819,-0.321872912189125,-0.997609459419901,0.351437643130683,-137.403059655562,1.20531454603838,-3.66819019640849,-0.315799718520078,0.1925402399746,25.363417557174
-1.63558676517244,-0.174104317023217,-0.113678945991718,-0.321770757825946,-0.997356438514709,0.351073646494341,-138.466674508241,0.805970610188751,-3.41537986067365,-0.317579437505612,0.189635458958809,25.3512702712029
-1.63636071102685,-0.17373027890958,-0.113490407554081,-0.321685660595709,-0.997267226710795,0.350750016819087,-138.587228012484,0.897061513931476,-3.56973471318022,-0.315851530512843,0.186997485744789,25.3615273420248
-1.63695721266128,-0.173381355266426,-0.113391114634984,-0.32160246702227,-0.997345786012425,0.350478589011557,-137.613567728072,1.09355833287759,-3.55993579185872,-0.314933735923245,0.187150685711348,25.4165254043938
-1.63740698894513,-0.173051313086322,-0.113369560579482,-0.321508405729812,-0.997577293889303,0.350260107395147,-139.471515616109,1.64714587185267,-3.41503535741819,-0.31821938894282,0.190854067486045,25.3892701464418
-1.63775171610732,-0.172721442472702,-0.113399504856103,-0.321384343674669,-0.997932752080401,0.350085735900586,-137.902908301355,1.02385983541308,-3.47878658509816,-0.316589738155681,0.191385834458671,25.4666318176823
-1.63804141639017,-0.172369504912616,-0.113446847118842,-0.321213584168807,-0.998370377550999,0.349937347079454,-138.855657489793,1.17527529053905,-3.6018177064239,-0.32134932983113,0.19199940669502,25.4625301060481
-1.63832531293187,-0.171970412552805,-0.113473026160003,-0.320980816820778,-0.99884005386627,0.349786685358038,-139.274349829998,0.666247564637843,-3.59378308894458,-0.325615111360981,0.190340177761427,25.4846371993464
-1.63864912486369,-0.171506120267459,-0.113444340399913,-0.320677919287028,-0.999289635237255,0.349603288103666,-138.303699458365,1.5267829161055,-3.5126395260998,-0.327454546698356,0.191119852786249,25.54029849439
-1.63904946595561,-0.170976063663134,-0.113340911203132,-0.320310111528057,-0.99967517000977,0.34936194857398,-140.0599029998,1.403801128429,-3.49037494597627,-0.327765015823964,0.194544643931226,25.5011679131101
-1.63955010966502,-0.170378761673772,-0.113145798603465,-0.319881633521699,-0.999960531888341,0.349040194390233,-138.408159426838,0.536204983679681,-3.45166171678272,-0.319781914242242,0.192205087978049,25.5762916422226
-1.64016311059927,-0.169735975007231,-0.112861901383728,-0.31941440675969,-1.00011893567431,0.348622491843516,-139.437037682108,0.692753913408524,-3.41285001421787,-0.320369436064815,0.194353560027377,25.5505868166387
-1.64088962164914,-0.169085569574237,-0.11250817111456,-0.318937970993904,-1.00014274323698,0.348111766581697,-139.79821502838,1.07900198441507,-3.45212680981487,-0.322750366941361,0.191584602391159,25.5626533395706
-1.64171696581992,-0.168475864288445,-0.112117013529608,-0.318486943409057,-1.00004190710233,0.347523486207081,-138.645977054721,1.12575991112408,-3.54724977753531,-0.318522314943789,0.183477249566952,25.6250039454429
-1.64263425529778,-0.167942978584222,-0.111714938394948,-0.318087216989831,-0.999830139425524,0.346879885543749,-140.525898120198,0.82899199889971,-3.60196629781333,-0.320512259050504,0.192836713695302,25.5852695692778
-1.64361945816815,-0.167534947707221,-0.111341314855318,-0.31777098997158,-0.999538485925883,0.346215685261759,-139.107019814229,0.649561605681811,-3.49500339816652,-0.324232601906425,0.192854333934496,25.6608887370026
-1.64464973399937,-0.16728857057114,-0.111031885993082,-0.317562459850796,-0.999201529139729,0.345567635621922,-140.071505562694,0.711718721865964,-3.47031505544149,-0.325490588147572,0.192550247420088,25.6626706179882
-1.64570703895615,-0.167222360452087,-0.110810467993205,-0.317472339284793,-0.998857065581396,0.344976858266323,-140.329272585388,0.766738748279295,-3.77142446683609,-0.327878774322771,0.192785259143316,25.6893904888397
-1.64677888420166,-0.167330072722467,-0.110684880152906,-0.317495968463809,-0.998535941702737,0.344474998923828,-139.585242224387,0.515889846993332,-3.70158941464774,-0.328208649231193,0.191022773417326,25.7477537796573
-1.64785458637432,-0.167592133778597,-0.110655048970771,-0.317620045242366,-0.998265463430324,0.344086077522229,-141.258658521444,1.89876252278395,-3.66016837098053,-0.332641041261228,0.195684405953751,25.7192624619356
-1.64893165947451,-0.167977132607333,-0.110711250107827,-0.317824385078809,-0.998064428244477,0.343828113128615,-139.968917194065,1.31314634164346,-3.52153381532995,-0.326037422855011,0.194726022012525,25.7946754399496
-1.65000944631861,-0.168435246126136,-0.110831465749288,-0.318076941595759,-0.997941969474233,0.343703592499591,-140.690380711689,0.626901891944954,-3.57372786207685,-0.327576599736403,0.194083034285485,25.7867203839452
-1.65108972827567,-0.168905367500718,-0.110985508619889,-0.318337620161024,-0.997899696494426,0.343704846137414,-141.140177093912,0.990769395910775,-3.63551626130436,-0.327813704822122,0.192090228610518,25.7979048608517
-1.65217977092978,-0.169330073936218,-0.111143092943926,-0.318569944563244,-0.997928119034575,0.343814410939105,-139.906035558353,0.881690355177852,-3.7018626496303,-0.323683234253185,0.189480294415179,25.8580443095202
-1.65328934076146,-0.169653089536465,-0.111271990826962,-0.318738035191279,-0.998008851341874,0.344005949845548,-141.768583987206,0.483093832358009,-3.72362168998526,-0.324523653185967,0.194606062053394,25.8085358749663
-1.65442368628607,-0.169833801144986,-0.111349964648522,-0.31881491758335,-0.998124911455092,0.344253948171062,-140.104557026952,1.55517181526193,-3.51844429252179,-0.325028559574595,0.192904202783049,25.8814738351167
-1.6555927606853,-0.169833243146686,-0.11135161515568,-0.318774913431079,-0.998250147031118,0.344526508670462,-141.28574905124,1.7616653775226,-3.5479497888081,-0.326800407080986,0.190554878864916,25.8727273114143
-1.65680864029074,-0.169628448556862,-0.111258441798724,-0.318604499023143,-0.998354015474984,0.344791269212353,-141.499907685186,1.15126665590697,-3.59311737193494,-0.329597639745247,0.192515464510127,25.8978856476541
-1.65808255087908,-0.169214042454575,-0.111060827152233,-0.318300855954257,-0.998407826021973,0.345020740673283,-140.635960836167,0.791938362439396,-3.54510729346666,-0.327610772333377,0.193498131991669,25.9605541543411
-1.65941590301706,-0.168600513005173,-0.11076004452982,-0.317872207373259,-0.998391128644969,0.34519216322121,-142.40900831112,1.5584277556793,-3.77581702681024,-0.331056639119124,0.196343447880232,25.9290279709621
-1.66081253314826,-0.1678008219937,-0.110355219625841,-0.317329612140058,-0.998284102738794,0.345287408745312,-140.754148902801,0.587969280819834,-3.63376037348286,-0.332452234167003,0.192371733944194,26.0012870357995
-1.66227036683104,-0.166846570430063,-0.109858298207871,-0.316696545544391,-0.99807834305926,0.34529805431555,-141.826263725737,0.603108430839484,-3.66593266510347,-0.336328049757783,0.191466716705625,25.9901834955977
-1.66378548541633,-0.165750021919925,-0.109267149641581,-0.315985993655616,-0.997761999804551,0.345209554903744,-141.992006458042,1.55306939201068,-3.58752976024644,-0.333986178592974,0.195466736787925,26.0061997744646
-1.66533813251914,-0.164553486458257,-0.108604153162358,-0.315230322273515,-0.997345980621476,0.345024840068497,-141.094754993614,1.25676814114217,-3.54756156789983,-0.327061216351452,0.195591701671876,26.0533208051374
-1.66690995323292,-0.163284357323945,-0.10788107820736,-0.314450908395387,-0.996842698821287,0.344746854246552,-142.722711927419,0.898260842508307,-3.69953765565441,-0.328364029829707,0.197581599857326,26.0147138757179
-1.66848003425415,-0.161963704393345,-0.107107485692535,-0.313663461674866,-0.996268600734007,0.344381602066442,-141.303846030421,0.504285905111374,-3.54062728969487,-0.327335675464514,0.194677594347505,26.0907279918981
-1.67001810854378,-0.160627231223758,-0.106307446203101,-0.312890971913268,-0.995653166716118,0.343943475227196,-142.467340913437,1.40422886432611,-3.60427763755825,-0.333362135088873,0.194480808054621,26.0882090907612
-1.67149706314376,-0.159306931478807,-0.10550368377421,-0.312150931140964,-0.995029026881618,0.343452642082999,-142.843186024948,0.426073279179036,-3.5235218925022,-0.332092360263216,0.197111504420109,26.1075856949144
-1.67289896252552,-0.158020142183373,-0.104707149688706,-0.311448645981134,-0.994417807676474,0.342922621534032,-141.728358971432,0.384045790617165,-3.59857841349179,-0.326124473843168,0.193153141906497,26.1779151825215
-1.67420223420159,-0.156811932162486,-0.103952471476032,-0.310800702122568,-0.993861657015166,0.342390337325965,-143.476019784485,1.13906881032676,-3.70928019476079,-0.332739244670047,0.196312223872521,26.1342427340842
-1.67539963255851,-0.15570669224597,-0.103256266424883,-0.310211253424701,-0.993383206883724,0.341879506896791,-141.843145690129,1.15831185392904,-3.68008451894318,-0.33527770520196,0.195538439391199,26.2040545539497
-1.67648906635233,-0.154752422591947,-0.102651463342831,-0.309698132943157,-0.993008364025559,0.341423744104702,-142.912370173675,1.60293589313324,-3.59849094920489,-0.336208764662627,0.19483851130926,26.1895165918072
-1.6774777802037,-0.153985871364041,-0.102162555512312,-0.309269452793642,-0.992754982197136,0.341052651070571,-143.134100584881,0.934052664594446,-3.61745260859792,-0.333148976285254,0.196683732104679,26.2028124427949
-1.67837938818309,-0.153452523053953,-0.101817798656385,-0.308943205580758,-0.992633270926638,0.340791917519218,-142.221379681911,0.728624884032115,-3.61455972930713,-0.329928429623553,0.194505784792855,26.263914224588
-1.67921132165527,-0.153176198368278,-0.10162954050642,-0.308725999178177,-0.992642836652819,0.340656323572146,-143.918456733051,0.646966273091493,-3.65330017168017,-0.330930703239935,0.197869045168048,26.2301075076248
-1.67998877355984,-0.153187934993033,-0.101615791964073,-0.308632567500209,-0.992784863539273,0.340660465920075,-142.495087957488,0.379753673803862,-3.61396460002166,-0.330896445655597,0.195744586735104,26.3062189358547
-1.68072594737513,-0.15349186954457,-0.101776345977939,-0.308665921180966,-0.993045680368039,0.34079857315181,-143.718308298957,1.10737299889479,-3.79001220930661,-0.334228090157396,0.194625131750304,26.3054561284096
-1.68142623478889,-0.154089208306085,-0.102111978642782,-0.308831118904383,-0.993416533796844,0.341061409872694,-143.980983791425,1.85392470824013,-3.66040852006711,-0.334072921416948,0.193693397861765,26.3322142002306
-1.68210021465603,-0.154942127285214,-0.102595200610496,-0.309112277881887,-0.993874093404391,0.341424927539267,-142.955421925838,1.33822316291389,-3.58044053907841,-0.330818371992081,0.193796409748196,26.3897744551499
-1.68274042466508,-0.15600224950881,-0.103196234482724,-0.309489906308401,-0.994399234810442,0.341856460185522,-144.730636641439,1.07469284533431,-3.68411047482093,-0.336763964297952,0.201379823705227,26.3519986353383
-1.68333759283142,-0.157204801572761,-0.10387591462774,-0.309933230762715,-0.994973177232668,0.342322601136065,-143.02406230276,0.973812053505071,-3.80844672210421,-0.339137810568329,0.197295383047082,26.4213153511824
-1.68387616540731,-0.158477243144079,-0.104592852029773,-0.310405777759281,-0.995580497983599,0.342788198388832,-144.203756366993,1.09681755676183,-3.73971832569546,-0.341796540466814,0.19584551611678,26.4035732935529
-1.68434636308772,-0.159731676022618,-0.105293437417624,-0.310860915609984,-0.996198600390107,0.343214446957315,-144.403187773931,0.860082412461907,-3.79432870005365,-0.338207553122383,0.197642602834668,26.4255974198391
-1.68474165353144,-0.160879431764419,-0.105923013188889,-0.311247856376744,-0.996807469576627,0.343567788938907,-143.547391142374,1.02519169358243,-3.76672681388229,-0.333204004466516,0.197451778820908,26.484416550707
-1.68505886188588,-0.161855256311036,-0.106443280354597,-0.311526716672066,-0.997396102879659,0.343830758781725,-145.169048700791,1.54788755988466,-3.80091021050694,-0.334030784096063,0.199583505592972,26.4513821263681
-1.6853089570907,-0.162600923758256,-0.106817036755569,-0.311658916816389,-0.997948778286244,0.343990666405621,-143.748629449634,0.864811151622007,-3.70647856358451,-0.333696589993838,0.194543875779059,26.5226026233418
-1.68551149297117,-0.163086521273369,-0.107023250023813,-0.311624482334654,-0.998449792097728,0.344042630460238,-144.743001262054,0.974078419943226,-3.67787934640046,-0.336980436270403,0.194685280488696,26.5096366784616
-1.68568650380314,-0.163306725822611,-0.107057628012466,-0.311416596812947,-0.998894363000572,0.343995755991971,-145.028044726404,1.46011893090508,-3.81647157791346,-0.33666588073859,0.195715054299746,26.5363713881419
-1.68586050466398,-0.163288720485088,-0.106935587870177,-0.311050596958295,-0.999277832400769,0.343865542248214,-143.93233117218,1.50596090288354,-3.73636664272229,-0.335881380950383,0.197163945178432,26.6046054170392
-1.68605923486282,-0.163089217930348,-0.106691897921664,-0.310564347727979,-0.999598553465201,0.343670228484742,-146.010494635599,1.05282033624212,-3.63717688440727,-0.336139100249416,0.203251511569706,26.5652573927182
-1.68630605151303,-0.162779167130787,-0.106370528232485,-0.310007298808659,-0.999859732416663,0.343431599774626,-144.483904358713,1.09688460087727,-3.66799156199824,-0.338646248248698,0.198342095970662,26.641668812678
-1.68660825609527,-0.162450763470801,-0.106033686467858,-0.309445789203648,-1.00007625716838,0.343175102674694,-145.482347694675,1.21024226773989,-3.71158552862343,-0.340963897722118,0.197513089914322,26.6217147945642
-1.68696541264172,-0.162199708366762,-0.105747345456155,-0.308952879666501,-1.00026298508413,0.342919579365067,-145.505303268618,1.66417862335402,-3.73187369416237,-0.342021498414431,0.19643860116429,26.6381709603667
-1.68736194622572,-0.162117218372682,-0.105579216764312,-0.308598981905837,-1.00044746386369,0.342686750844051,-144.56729679845,1.12352131358625,-3.62844867716876,-0.334025440341883,0.200783201233196,26.697520880472
-1.68777312575765,-0.162274882037011,-0.105586365379518,-0.308440543677184,-1.00065968801162,0.342496303306482,-146.409984970733,1.83963762759618,-3.68519444055352,-0.337193870448711,0.202713937369593,26.6570530278776
-1.68816461891346,-0.162723875744523,-0.105814259634692,-0.3085201916087,-1.00093209542819,0.34236218168478,-144.865999801461,1.32714927413372,-3.66197812122505,-0.334841111842179,0.198722572952728,26.736348736856
-1.68850286870717,-0.163479026158857,-0.106284731010798,-0.308855414213469,-1.00129086676581,0.34229098711584,-145.992530487517,1.59528099271597,-3.68382696863884,-0.340679073797059,0.198191065764149,26.7227765099698
-1.68875805841335,-0.164523240667108,-0.106997210461069,-0.30943632463343,-1.00175965815103,0.342289108506528,-146.158319980013,1.18896478234524,-3.81461903848887,-0.343505016220502,0.195396345107308,26.7433693588607
-1.68890623752668,-0.165802768009193,-0.107926208612358,-0.310224505026212,-1.00235577584067,0.34236011798918,-145.32788225967,0.623943348851981,-3.82213702435052,-0.3401570295576,0.19748753281272,26.8044367189936
-1.68893383825491,-0.167232554347134,-0.109021978726154,-0.311155247945525,-1.00308864666578,0.342502338626446,-146.918989204755,1.09196441231711,-3.86126706018692,-0.343402759331897,0.201128962924393,26.7693568129487
-1.68884435897841,-0.168724158729,-0.110226576827867,-0.312157181560889,-1.00396000395254,0.342721269658745,-145.422788293172,1.44751741894197,-3.87380630215944,-0.346526890074582,0.199896264681359,26.8406180086579
-1.68865874410426,-0.17016552693017,-0.111461251741522,-0.313143350800717,-1.00495185243444,0.343008188671932,-146.333414456245,1.75299716846189,-3.79078827825919,-0.351053858996572,0.198192197305049,26.832347771579
-1.68840486604168,-0.171450589464392,-0.112648313881293,-0.314028299477907,-1.00604445749677,0.343357666303296,-146.677729621277,1.37945737490304,-3.81801183287561,-0.349600584216612,0.201016697285751,26.8544897341109
-1.68812213686345,-0.172478461060652,-0.113708215695801,-0.314732889702876,-1.00720136950434,0.343751377840207,-145.789986547274,0.768425339196028,-3.81567659239573,-0.345665491004889,0.200409279592807,26.9197929218746
-1.68785236364514,-0.173171825729709,-0.114574588310148,-0.315196988792747,-1.00838301010026,0.344169417261721,-147.475648490349,1.11175414737431,-3.8649055127768,-0.345738176371142,0.202414436913221,26.8818588025152
-1.68763864908091,-0.173479246773484,-0.115195560257107,-0.315382267599644,-1.00954507660651,0.344588186230825,-146.040810775921,1.86981385217996,-3.6908843442051,-0.343705335398072,0.201041269766624,26.9489420894581
-1.687516168593,-0.173382534357886,-0.115540486075955,-0.315277158352505,-1.01064548181835,0.344981298495583,-147.00620433411,1.64137864466102,-3.73853166384961,-0.344745810146827,0.199286487114586,26.9440151616252
-1.68751007022333,-0.172892190814411,-0.115599889007399,-0.314893352848597,-1.0116476387178,0.345323341850746,-147.307762325158,1.40111540607995,-3.75685190163284,-0.344568603891318,0.199917798197655,26.9557430958661
-1.68763667062344,-0.17204636163975,-0.11538446530974,-0.314263997568289,-1.01252000388054,0.345589457861544,-146.21833691321,1.54960594899035,-3.61043142768384,-0.3399414893703,0.201949191429053,27.0171350093445
-1.6878923907181,-0.170921016238621,-0.114935165530642,-0.313448729949828,-1.01324798763943,0.34576245691332,-148.14680627585,1.27463460150443,-3.78300889077107,-0.34193790283182,0.202551873572107,26.9800865756123
-1.6882623391554,-0.169602957412417,-0.114303694385488,-0.312514363730222,-1.01382687204499,0.345830706239265,-146.579115475806,0.698078000056057,-3.74799163943825,-0.343117583837294,0.1975705881134,27.0565952932498
-1.68872378630084,-0.168190784759259,-0.1135535255758,-0.311532274564119,-1.01426573124297,0.345794303550788,-147.672675634784,1.21036336078873,-3.79976922148461,-0.346509939923135,0.200835984505333,27.0495148867378
-1.68925485992712,-0.166775376985405,-0.112744204287226,-0.310565716507326,-1.01457813696433,0.345659937676113,-148.018358123941,1.87170481950102,-3.822345231593,-0.347614051775688,0.203337459150281,27.0747818283934
-1.68983080003471,-0.165431780317509,-0.111927502989791,-0.309663279538754,-1.014783013898,0.345440139760453,-146.924977782544,1.37918153303417,-3.75582125884915,-0.344401405570177,0.202810742931534,27.1369653209167
-1.69042892019728,-0.164241491122781,-0.111162948881637,-0.308871722751799,-1.01491167309226,0.34516314100922,-148.724713411114,0.986972716590799,-3.9189258104407,-0.347609544999467,0.202386347975721,27.1038664341941
-1.69103643382888,-0.163252386743252,-0.110486300220669,-0.30821265199904,-1.01498856408369,0.344853861289693,-147.402842922705,0.849787754761792,-3.78984985127391,-0.345668769623406,0.202457926502555,27.1762622800244
-1.69164767384957,-0.162492822737973,-0.109921064395081,-0.307691432414341,-1.01503990520428,0.344544855830538,-148.338211410464,1.19551310620318,-3.93682564287559,-0.349288848095095,0.201048653358646,27.1624158675896
-1.69226443950406,-0.161969563474098,-0.109476639421466,-0.307297211838592,-1.01508801215606,0.344265531399143,-148.560856363614,1.97957248893795,-3.86429388112424,-0.350394035778221,0.20360292735689,27.1735879570306
-1.69290657427118,-0.161670001470537,-0.109143896615218,-0.307011410103338,-1.01513371315198,0.344031563255485,-147.380282567599,1.34757359600076,-3.71171553190041,-0.345896210974362,0.202685201720287,27.2321680592301
-1.69359086817394,-0.161567390288731,-0.108906934018305,-0.306806676719787,-1.01518054802654,0.343856357480416,-149.337088183975,1.11961467330866,-3.76656250498067,-0.348373320769408,0.2020611213002,27.196020961787
-1.69434320057423,-0.161616298797977,-0.108733770512002,-0.306647903223637,-1.01521962901155,0.343742581264414,-147.730835747518,1.15081151115237,-3.85330818759155,-0.349325852095318,0.19904676888753,27.2782790241236
-1.6951869902998,-0.16176990424233,-0.108590236920318,-0.30650594210481,-1.01523395269121,0.343680928036433,-148.815008044999,1.45575050889602,-3.98006670241799,-0.350504770541767,0.201961015446855,27.2720976997253
-1.69614611244165,-0.161964226357482,-0.108429633738161,-0.306343810226598,-1.01519714385215,0.343649381350629,-149.124016980989,1.87876560975201,-3.97296081338186,-0.351059174244567,0.204036055113165,27.2913401744474
-1.69723730670651,-0.162155158871786,-0.108219981680364,-0.306143724211842,-1.01508412574174,0.343622277787322,-148.140219788322,1.24381276117219,-3.74239661436053,-0.347537350723035,0.203540290263822,27.3525455234489
-1.69847317286836,-0.162291205846774,-0.107923133346444,-0.305886458330392,-1.01486523929737,0.343565572446206,-150.010815410424,1.34768615011149,-3.77132892539916,-0.353621992461811,0.206133927007602,27.3163302101011
-1.69985467525319,-0.16233144699022,-0.107510470832479,-0.305559820150705,-1.01452091253452,0.343450731873131,-148.52288110432,1.45514174413006,-3.82909111507186,-0.348234380740786,0.203619595990001,27.3869421593885
-1.70137316930038,-0.162241329124795,-0.106961042174827,-0.305154540616174,-1.01403904257696,0.34325311895562,-149.498138526842,1.3087896098873,-3.89219747271147,-0.349891387967702,0.200279862571845,27.3765763695346
-1.70300777284006,-0.162008046758287,-0.106271410507367,-0.304674411531073,-1.01342098866248,0.342958017584047,-149.781711085383,1.35009489427375,-3.82521255586579,-0.349496358939695,0.204288014960882,27.392648381041
-1.70473549514418,-0.161630274480768,-0.105448242688613,-0.30412751454314,-1.01267413997141,0.34255757352631,-148.683559606372,2.10373130808625,-3.68191935440333,-0.348063079968279,0.197660814059449,27.4550121664189
-1.70652369461025,-0.16111383159806,-0.104507401386001,-0.303521773794823,-1.01181864224082,0.342054645686192,-150.461614092115,2.31175398397363,-3.82745969498816,-0.349801478971591,0.202825721958386,27.4160996023267
-1.70833990280659,-0.160471657097895,-0.103470522845192,-0.302864532221438,-1.0108819802646,0.341463368472942,-149.030050886613,1.98848758744953,-3.75993638444257,-0.348968987686544,0.203514661824861,27.4946048532085
-1.71014815078176,-0.159748786031373,-0.102385113418677,-0.302178784982319,-1.00990623023018,0.340813988998853,-150.029156396057,1.21687872495318,-3.79962232392657,-0.349764726666893,0.202938621783928,27.4836703803163
-1.71191870194675,-0.158983279687379,-0.10129340650153,-0.301481714966983,-1.0089277795359,0.340134460364572,-150.33975333118,1.49643054305716,-3.93205535291057,-0.352323877349332,0.203363113415918,27.5031928997487
-1.71362182850235,-0.158231578740947,-0.100251423393479,-0.300799383926896,-1.00798936256309,0.339460259212481,-149.148241316012,1.24329696994528,-3.6921516400746,-0.349944276879515,0.204229298893403,27.5671187846686
-1.71523293543871,-0.15755933462723,-0.0993214979713104,-0.300163584873219,-1.00713256138727,0.338827875747685,-151.11981774437,1.59843053726081,-3.82858265688836,-0.352434402814219,0.20690523831568,27.5279743506675
-1.71673843377351,-0.157024065465009,-0.0985574720808147,-0.299600762820012,-1.00639297805301,0.338273774811502,-149.637830261765,1.74922731160268,-3.82246885662229,-0.356815214604913,0.20489836164055,27.5981553608271
-1.71813842705305,-0.156671300637673,-0.0980004060382584,-0.299134134005616,-1.00578456743764,0.337816582942614,-150.70865225333,1.14982277507238,-3.80457320315074,-0.359428467946157,0.204833349133394,27.5897714725225
-1.71943338020542,-0.156540117413556,-0.0976867197506046,-0.298784943226377,-1.0053191417982,0.337470336723221,-150.808597082175,0.692957442544184,-3.87299468528627,-0.355372704881218,0.200569244122262,27.6048941151908
-1.72063130782163,-0.156658739404354,-0.0976418327253761,-0.298569401370448,-1.00500296918841,0.337248069456157,-149.939117580521,0.351904545932939,-3.8396200599901,-0.350869623636137,0.2024254096844,27.6616895208163
-1.72174726196887,-0.15702418509087,-0.0978662289799908,-0.298487590493667,-1.00482570435759,0.337144831174299,-151.546702946377,1.21203396659348,-3.91210377094839,-0.354451856180602,0.210120694764747,27.6347864890201
-1.72279423181602,-0.157620104952115,-0.0983496951263652,-0.298534908242674,-1.00477396098362,0.337149602487081,-150.389616707955,1.62041410780057,-3.95320206899046,-0.353004473041008,0.202426605496747,27.7204376950245
-1.72378628330506,-0.158414945339041,-0.0990688614224497,-0.298699025871347,-1.00482970668222,0.33724741220442,-151.254975253627,1.75409317297067,-3.97302954842499,-0.356343366743072,0.205128914140923,27.7120393244227
-1.72473215474078,-0.159357905759105,-0.099986440977732,-0.298954869898915,-1.00497589915784,0.337420909223985,-151.680004466091,1.30908080769632,-3.83303024584242,-0.357004738012436,0.204987884390354,27.7265061972719
-1.72563608873266,-0.160381300110579,-0.101052938233111,-0.29926675580434,-1.00519711564171,0.337650944144909,-150.33413542404,1.73895235582427,-3.75237783588793,-0.355642737207935,0.206514632326053,27.7965705030787
-1.72649241355253,-0.161419089921321,-0.102219994357668,-0.299599272743845,-1.00548441122333,0.337920213824982,-152.271797113769,1.65944161671018,-3.89875287487391,-0.356348992225012,0.210135288199431,27.7509774235862
-1.72728610006062,-0.162413137048054,-0.103445121913378,-0.299919500244266,-1.00583657825247,0.338214817721265,-150.988698973324,1.53862725215208,-3.87689131011982,-0.354890772986227,0.208210726192816,27.8196381861106
-1.72799531204252,-0.163316299829042,-0.104693868290108,-0.300198604347867,-1.00626412602521,0.338530697297784,-151.799246867402,1.84228661562383,-3.83617282856218,-0.355792613388616,0.208418009337153,27.8079195794619
-1.72859855584435,-0.164093802159208,-0.105937191902983,-0.300412955912226,-1.00677779211044,0.338864808836476,-152.010192026303,1.83545422646284,-3.80001446085933,-0.352923877101067,0.203908493325536,27.8249820121689
-1.72907408767567,-0.164732040987118,-0.107159903157391,-0.300550163198829,-1.00739222916656,0.339219769388595,-151.03949648513,1.8049709417096,-3.789082617567,-0.350923239656999,0.20426623823986,27.8968516236446
-1.72939677908479,-0.165240521388895,-0.108363045654533,-0.300610283294777,-1.00812832452246,0.33960245576397,-152.964888878618,1.7192504691609,-3.97007325626032,-0.353049150699809,0.208831540152081,27.8540430656863
-1.72955244452184,-0.165660921543956,-0.10956508552499,-0.300612169414604,-1.00900273323405,0.340024252779296,-151.316419361003,1.30247414262226,-3.86944277847482,-0.355423029334777,0.205169559650994,27.9246295593078
-1.72954153904687,-0.166046151202585,-0.110789218044874,-0.300580772142511,-1.01002377958858,0.340496134572668,-152.627967114184,1.83171435376585,-3.87207330736055,-0.358977396034508,0.205655774525112,27.9101084186398
-1.72937137338199,-0.166454948087829,-0.112061090722784,-0.300546688257138,-1.01119407411281,0.341026688099909,-152.667472009571,1.40885606113807,-3.9730780685411,-0.359387205534786,0.207125896507844,27.9347244154058
-1.72906584845541,-0.166944398445142,-0.113402523574226,-0.300540304723502,-1.01249871368535,0.341615370949471,-151.615604822975,1.10295658300834,-3.97447832317243,-0.356944090555476,0.208397251939107,27.9926860055816
-1.72866139207879,-0.167565034823619,-0.114828309849833,-0.300591347240901,-1.01390898921081,0.342253827912192,-153.500437178458,2.01794123609193,-3.93182760146499,-0.362551777973041,0.20880251682436,27.95414265675
-1.72820309896639,-0.168358085680194,-0.116347336500172,-0.300725339442843,-1.0153908057173,0.342933401434175,-152.017189975843,1.5362923835562,-3.94713575416947,-0.363635466855551,0.205244740078429,28.0264493048968
-1.72774887760712,-0.169328657064241,-0.117942339063484,-0.300948327497765,-1.01689179020933,0.343631484343146,-153.013732867976,1.91764927097393,-4.05394909441958,-0.362353638283246,0.204533376146489,28.0220649602513
-1.72735319421357,-0.170463194300462,-0.119585472521425,-0.301257358189769,-1.01835816874885,0.34432211634356,-153.136828771462,1.68832498740835,-3.99258659918931,-0.360847882267409,0.206310174374903,28.0459396981953
-1.72707479019851,-0.171716169106812,-0.121229294395053,-0.301631386197952,-1.01972773904424,0.344971739819277,-152.384025778848,1.34526466337775,-3.9557128776288,-0.357480642003202,0.206095135577128,28.1058396176374
-1.72696732155096,-0.173015351164143,-0.122810667642944,-0.302033442774314,-1.02093823515072,0.345542826858526,-154.081435062793,1.2010914902819,-3.95316401928375,-0.361848428569437,0.207081317157787,28.0726313203291
-1.72706831775975,-0.174280973123309,-0.124266825826286,-0.302421886855702,-1.02194187387303,0.346004023944016,-152.403011092086,1.76665848040057,-3.93993392584156,-0.359753110033428,0.201802623514635,28.1451310029282
-1.72740402933007,-0.175427441689969,-0.125534881363842,-0.302753071233363,-1.02269780497507,0.346324288396353,-153.611654808684,1.72608759536865,-3.99366017243784,-0.364130720218448,0.204636024390995,28.1315649916658
-1.72799300012338,-0.17636873074775,-0.126554361892976,-0.302979410700812,-1.02317748680385,0.346481725732938,-153.944864423044,1.95262671341607,-3.98259022629767,-0.361445278372558,0.207639353770705,28.1527993820971
-1.72883523912566,-0.177028454202707,-0.127277182116198,-0.30305510241617,-1.0233747249516,0.346469755212073,-152.908985931434,1.87940391460984,-4.00431846649946,-0.359989370570825,0.206005275641577,28.2215454564625
-1.72991165671014,-0.177374881745847,-0.127692315664983,-0.302959497547576,-1.02331035564736,0.346300928642835,-154.675848157982,1.22178728100084,-4.04814253773441,-0.361606378001149,0.212526943614104,28.1774463401573
-1.73119720483576,-0.177400529271079,-0.127806216637853,-0.30268453366041,-1.02301539488322,0.345994733460312,-153.103897387527,1.52194974464646,-3.95765410699457,-0.363554629395097,0.206623705724699,28.2475934558742
-1.7326537190576,-0.177126696401575,-0.1276486856593,-0.302237026056544,-1.02254216608598,0.345589342239975,-154.023975648907,1.8831737337016,-3.94961047515653,-0.366982997516005,0.20721521343193,28.2378545697133
-1.73422778428847,-0.176613920624788,-0.127282342821787,-0.301643783886206,-1.02196468356324,0.345136759614324,-154.541020352504,2.00632398334938,-4.05886075257888,-0.362319933405418,0.208326515364233,28.2626456169887
-1.7358716699945,-0.175947723901285,-0.126784158255814,-0.300947588918818,-1.0213535843391,0.344690858685755,-153.457426302475,1.28389670874253,-3.87968476051086,-0.355544912024005,0.208672609571503,28.3331822931622
-1.73753719726642,-0.175226120134047,-0.12623884406315,-0.300200115326323,-1.02077704719393,0.344301748170949,-155.280909579358,1.62933403331863,-3.84291278831989,-0.36064169854808,0.210528021852189,28.2981763060393
-1.73917595032887,-0.174553701500741,-0.125736267162081,-0.299456165523553,-1.02030533582935,0.344022157812972,-153.83659079916,1.71646645365468,-3.99276207403366,-0.368233959144624,0.206212524043902,28.3736657151058
-1.74074487590102,-0.174028312239492,-0.125359266100968,-0.298769661130209,-1.01999550195555,0.343892432424927,-154.848129340762,1.26941019796072,-4.21229011013477,-0.369133308185424,0.20761054394147,28.3626776053191
-1.74221726991113,-0.173709873996732,-0.125156815316736,-0.298175109908758,-1.01987368493938,0.343926657922879,-155.150694708624,1.42351107363083,-4.02073409387486,-0.370764943742429,0.204789578505131,28.3871489517344
-1.74357438362607,-0.17363307372956,-0.125157612056714,-0.297696723282815,-1.01994711811908,0.344121879479949,-154.005845434526,1.34223126263146,-3.96216731500081,-0.365743403730029,0.210028108134462,28.4415169646768
-1.74480720768122,-0.173810160598971,-0.125370147831729,-0.297348105746626,-1.02020455169097,0.344459824616641,-155.856411216315,1.31631624805163,-4.08912980113308,-0.366964641739539,0.215068176898627,28.401169813967
-1.74592274288484,-0.17420568122216,-0.125764418875151,-0.297117420584309,-1.02060855329786,0.344900341802489,-154.355056028809,1.30566460329169,-3.91134874544497,-0.366261872056794,0.211997542709212,28.4726844031664
-1.74693107342276,-0.174762875566357,-0.126293535256517,-0.296982373246339,-1.02111279859025,0.345396028452886,-155.516553272191,1.26899426358909,-4.06385880451046,-0.369878690341029,0.20522916393061,28.4697663114796
-1.74785543500459,-0.175405324486124,-0.126892142279385,-0.296912974052965,-1.02165481461614,0.345888193490629,-155.669090477863,1.02032851472086,-3.95448953120635,-0.368681581219022,0.205996878554697,28.4923044043352
-1.74872847767428,-0.176044034360538,-0.127483832989283,-0.296871774433593,-1.02216319690313,0.346313843868883,-154.617899026462,1.36617984646182,-3.96358823332892,-0.363833039704497,0.210385383819019,28.5578035501047
-1.74957514762194,-0.176612231026886,-0.128012245812263,-0.296832709274171,-1.02258378703068,0.346625540124321,-156.592259831927,2.42573137802856,-4.08854099114475,-0.364019478799383,0.21418283020805,28.5300150887629
-1.75042473985707,-0.177039367939031,-0.128418420263524,-0.296765042726428,-1.0228659729566,0.346782372044366,-155.110739943386,1.72269803840936,-4.00794772572644,-0.366190470880038,0.20502771419538,28.605626458257
-1.75130157880136,-0.177298751053509,-0.128677494795907,-0.296661349263056,-1.02298010733584,0.346766111024141,-155.962338631125,1.63624348909934,-4.08249174004848,-0.374911881179617,0.207433922565875,28.5955731023876
-1.75222366753772,-0.177389535547125,-0.128787326026662,-0.296524813284605,-1.02291586263389,0.346576440396767,-156.382823120644,1.75922798857187,-4.12596167093247,-0.371101972936363,0.208704744614566,28.6089544626595
-1.75319969629668,-0.177335114822932,-0.128767254640734,-0.296367469067725,-1.02268433864159,0.346232789993293,-155.407560012379,1.75482174625108,-4.02760568504047,-0.367204768535728,0.212015862840683,28.6668461430884
-1.75422519767063,-0.177196898967463,-0.128668296393327,-0.296221532539171,-1.02231662157504,0.345768877268306,-157.252602033566,2.56021759772193,-4.07222365644446,-0.368430440194696,0.215960392034482,28.6274216991606
-1.75528599031761,-0.177045462046209,-0.128551259684671,-0.296119109741817,-1.02186221224751,0.345233582562767,-155.353721665343,1.68628599529256,-4.04771064051656,-0.367117024730165,0.212633128866805,28.7094265526128
-1.756360534603,-0.176945810019659,-0.128474084013643,-0.296086474702195,-1.0213717271241,0.344672125873757,-156.545184980615,2.26598461347112,-4.05164537832687,-0.371387753385446,0.211099901347217,28.6923205021776
-1.75742526303475,-0.176960294366451,-0.128492316245397,-0.296146979574102,-1.02089659607696,0.344128373529136,-156.818516317191,1.43827351290565,-4.09491496126066,-0.370996630543748,0.209361485726476,28.7078797619471
-1.75844634840051,-0.177144611653447,-0.128656172584886,-0.296318433404403,-1.0204923480712,0.343645882734373,-155.816894246688,1.87381418934137,-4.06288316556683,-0.369171787967648,0.205492931407881,28.7721256039203
-1.75939602247896,-0.177517749692764,-0.128986152376453,-0.296597253346413,-1.02019701500222,0.343249655075147,-157.742118170227,2.25231324703896,-4.10636518233346,-0.371316870442652,0.216141489847125,28.7429286898266
-1.76024210146393,-0.178088524807145,-0.129492753856815,-0.296978133894621,-1.02004444919778,0.3429568179721,-156.233140594109,2.21159291026152,-3.96603515373505,-0.371354008792325,0.210500081023705,28.8136177187945
-1.76096241006947,-0.178845557776034,-0.130167560624205,-0.29744695842002,-1.02005043404555,0.342770522822581,-157.297987843065,2.06254847102127,-3.99878533331025,-0.375687595867018,0.210039270847786,28.8018737696533
-1.76154410024895,-0.179749332479433,-0.130976908595458,-0.297974350119831,-1.02021744486993,0.342683933123272,-157.307513787269,1.36166978070196,-4.15193790220471,-0.375872748135994,0.210630818372135,28.8166953738357
-1.76198870898985,-0.180747057734293,-0.131872301886636,-0.298526925579912,-1.02052967197651,0.342679869401395,-156.499176736076,1.50642148359952,-4.09122841531789,-0.375712889609385,0.208420208491951,28.8750507023917
-1.76230905076763,-0.181783128887471,-0.132801368880882,-0.299073894266263,-1.02096170101797,0.342736893912247,-158.253189204837,1.59860518667961,-4.06943740157507,-0.375996906178162,0.210976603976649,28.8436967698498
-1.76252839855744,-0.182801480449917,-0.133708319662984,-0.299587962995294,-1.02147638940316,0.342826374388082,-156.856283665191,1.40587572267759,-4.02598394077265,-0.371501853817687,0.210704535704792,28.9170382955201
-1.7626789566899,-0.183769248977037,-0.134555545411835,-0.300056729364058,-1.02203748423215,0.34292781961823,-157.781388170756,1.53285337237003,-4.01913399869713,-0.375378975189602,0.213189851821941,28.9061769017787
-1.76280000445405,-0.184657609044683,-0.135308331513189,-0.300471381239217,-1.02260613446374,0.343022782521852,-157.965231968336,1.46067741472825,-3.96133944660633,-0.373170625928787,0.209004259046866,28.9340377525245
-1.76294245657367,-0.18543965332106,-0.13593286821608,-0.300824574139664,-1.02313587907747,0.343091535334329,-157.068077833796,1.83104186592846,-3.91308543028029,-0.369997417316711,0.211623256287586,28.9943417536696
-1.7631459104816,-0.186117804355712,-0.136423754803019,-0.301128027348929,-1.02359246179585,0.343121077558052,-158.935836161338,1.89397665740898,-4.06959924372069,-0.37349416202392,0.215240832936339,28.9589578364715
-1.76344507983452,-0.186700616550179,-0.136784474007744,-0.301395244729666,-1.02394629420109,0.343099985976214,-157.379438236202,2.14882523107372,-4.07721043000481,-0.375885503923167,0.212915167582361,29.0324311783989
-1.7638716672136,-0.187199071130215,-0.137022903550321,-0.301637570916741,-1.02417512489213,0.343025037290198,-158.278761569107,2.79733645014994,-4.0090362701637,-0.377726447689831,0.212730991322851,29.0252924384456
-1.76443979214321,-0.187622626739221,-0.1371517936221,-0.301865886912534,-1.02426526334331,0.342888547982316,-158.622395866725,1.70743793187057,-4.02813429546319,-0.381627967965636,0.215064835569769,29.037059934156
-1.76515321336045,-0.187982383024372,-0.13718965121186,-0.302088123834412,-1.02421381273215,0.342689112306443,-157.573227981334,1.76338517929389,-4.09844309909079,-0.374791216266251,0.213894771256363,29.0986771786618
-1.76600360831295,-0.188272650802257,-0.13714430654198,-0.302301728144367,-1.02402045422227,0.34242034224908,-159.450496157321,1.5527399786838,-4.0384407896149,-0.375224481366428,0.216094470045187,29.064144277025
-1.76696477712474,-0.188499897996596,-0.137036919986241,-0.302507951987902,-1.02370300823662,0.342084175835075,-157.974906402725,1.84751777697716,-4.13415665814119,-0.374234270984963,0.211028784538131,29.1405993260823
-1.76800835520048,-0.188655795409999,-0.136876886656294,-0.302696871422031,-1.02328101357442,0.341683643805432,-158.914731484876,2.09127728352678,-3.94781542986169,-0.375576802511282,0.21019529288743,29.1325227555877
-1.76910143954859,-0.18872797033367,-0.136668253180023,-0.302854615761946,-1.02277625913062,0.341220286860355,-159.241382343923,1.88087956202344,-4.12989286552968,-0.37687899135307,0.211962259517758,29.1589969188733
-1.77020437491163,-0.188716218702075,-0.136423944183686,-0.302974713606936,-1.02221991127272,0.340703255347955,-158.279167353164,1.23178094269156,-4.09708108009727,-0.372534420038768,0.213648187402425,29.2293348825608
-1.77128175485093,-0.188613112621735,-0.136147806823942,-0.303044432627455,-1.021639550717,0.340140398759263,-160.141126151068,1.42594248901901,-4.21901445015911,-0.38030441504879,0.214549881443792,29.185167799291
-1.77230851965187,-0.188421464105208,-0.135845956376455,-0.303054699642342,-1.02106404364944,0.339549163048644,-158.494786569835,1.66696143336208,-4.253555027251,-0.378206512268825,0.212661008792746,29.2620408370288
-1.77326310950962,-0.188155015007727,-0.135529223897874,-0.303008290700848,-1.02051638953996,0.338941484178145,-159.492769977132,1.32272385986857,-4.27038591299447,-0.38130852745278,0.215852841329221,29.2481834016796
-1.77413726645889,-0.187816069289043,-0.135194395144011,-0.302900429465076,-1.0200072246737,0.338323875008534,-159.863711155872,1.85473090330265,-4.10868777148366,-0.381410630524622,0.215748725800647,29.2603757490081
-1.77493664903748,-0.187416615365137,-0.134840577566034,-0.302732025034922,-1.0195435836522,0.337711074393187,-158.795845841254,1.89200017566827,-4.07461751359605,-0.377807284907319,0.215374114747892,29.3190098656484
-1.77567341448005,-0.186972181861953,-0.134468002335445,-0.30251032331345,-1.01912477365723,0.337111327316994,-160.662148856159,2.2635114262996,-4.26749190620328,-0.381769888265641,0.215350302477165,29.2809080242577
-1.77636923271887,-0.186498958185095,-0.134074175940393,-0.302246160574111,-1.01873782123837,0.336524108551821,-159.179444570471,2.13251127029253,-4.22534528131439,-0.378927783334936,0.211281176661234,29.3618754968537
-1.7770552060124,-0.186001195650721,-0.133645233298599,-0.30194618301026,-1.01835793369664,0.33594347780559,-160.271731545436,2.16054871708866,-4.05233711242096,-0.380477153383058,0.216497249578395,29.3556658845305
-1.77776190820314,-0.185484450216378,-0.133170463997465,-0.301619976233834,-1.01796080575716,0.335362062260628,-160.491152553337,1.83457649257616,-4.10891286501092,-0.379472247703176,0.212707663859462,29.3768813963729
-1.77851835483534,-0.184958891820968,-0.13264491928924,-0.301281062085723,-1.01752145346733,0.33477077582031,-159.430319893996,2.49459219876599,-4.20400887648412,-0.380079948180219,0.213796904770544,29.437018529385
-1.7793479578712,-0.184435261590444,-0.132067221401895,-0.300945472849473,-1.0170173103133,0.334158290750091,-161.347440791443,2.24003501719471,-4.23357230017706,-0.383811377663048,0.218582789193232,29.4042668324781
-1.78027054441823,-0.183913735282878,-0.131431168289715,-0.300621575096072,-1.01642681527856,0.333512780264159,-159.834100614876,1.49171188613832,-4.17032276579778,-0.386692037368356,0.217035097712243,29.4805476356116
-1.7812890355528,-0.18341512000615,-0.130754050229529,-0.300327205791081,-1.01575289052004,0.332838862580628,-160.783226282819,1.84965133625906,-4.19630359942471,-0.386285687583667,0.216353317138143,29.4606244960287
-1.78240269804382,-0.182952312964257,-0.1300498824161,-0.300074375098887,-1.0149958425704,0.332134348633926,-161.107857427399,1.47577035846348,-4.32096347548591,-0.38496777413766,0.215174488404325,29.475999638037
-1.78360227864221,-0.18253572468224,-0.129334754770123,-0.299872387480099,-1.01416359563939,0.331400613599595,-159.914965420175,1.69525439814311,-4.18121930395293,-0.383385850887635,0.215181381097943,29.5342664549471
-1.78485913514363,-0.182193613612603,-0.12864625363671,-0.299734472152616,-1.01328965206875,0.33065529980526,-161.865262552998,2.17431618754517,-4.28132456240169,-0.381875356985229,0.214518061427999,29.4950044810819
-1.78614216892063,-0.181946641199353,-0.128017964401225,-0.299666783598337,-1.01240992355648,0.329916391129091,-160.262311909849,1.34468471468358,-4.22494994870706,-0.377233984249908,0.211690166901849,29.577850798048
-1.7874119044241,-0.181824657963187,-0.127492207832742,-0.299679052821947,-1.01157128517828,0.329211297953069,-161.403717684969,1.30409440949143,-4.2681385466432,-0.381205177522734,0.213605716800312,29.5746555787928
-1.78862717877444,-0.181861093164201,-0.127114634137855,-0.299781721847112,-1.01082574555757,0.328571354950466,-161.754133170082,2.34021425701849,-4.25550798465093,-0.383147674266163,0.216344428093002,29.5958302892723
-1.78975613364837,-0.182060915369098,-0.126905974833787,-0.299968706749747,-1.01020932437167,0.328015440719351,-160.888413443452,2.07556462545813,-4.30715874957613,-0.384067718856967,0.211661344521827,29.6582124796972
-1.79076791995243,-0.182435339304035,-0.126889589746662,-0.300236202666618,-1.00976094509023,0.327568731174045,-162.601877308528,2.7253852391791,-4.30651268430782,-0.385320799891324,0.21829072399953,29.6273063393809
-1.7916412686686,-0.182981950634599,-0.127073934068869,-0.300575352386087,-1.00950600984221,0.327246584809315,-161.074133224384,2.00630832301908,-4.21980255442054,-0.386866999454499,0.213710589199296,29.7015419571763
-1.79236550318942,-0.18369207645379,-0.12745663076948,-0.300978668590768,-1.00945461563101,0.327054444865468,-161.93369096977,2.22589869169474,-4.3680333870829,-0.39180026864434,0.216235123855938,29.6923401435234
-1.79294266588181,-0.184550824705063,-0.12802376923797,-0.30143835975056,-1.00960283078183,0.326990295773937,-162.399031219753,2.00368430890285,-4.2053291231488,-0.388857110256619,0.217548561483573,29.7081780700033
-1.79338901508981,-0.185520872549278,-0.12873872599473,-0.301935620322644,-1.00992613793577,0.327038237602565,-161.487640826709,1.60589560526614,-4.14296974075003,-0.384945075796683,0.216801305868595,29.7736221598266
-1.79372679547078,-0.186576105250645,-0.129568587153572,-0.302463746602873,-1.01039071951383,0.327175524269899,-163.315744857326,1.88524130815108,-4.22694931842807,-0.387753270298883,0.218085735896973,29.743100197904
-1.79399134879188,-0.187679868366531,-0.130466960996824,-0.303011642238497,-1.01094832718813,0.327371147245644,-161.687765576617,2.87218738007687,-4.23241536267946,-0.383169406217952,0.215132298619194,29.8202125696931
-1.7942118626768,-0.188800559583084,-0.131390939647751,-0.303572272274384,-1.01155087502156,0.32759067603275,-162.823070063559,2.7588664772627,-4.32186605374687,-0.385117312343485,0.213938649867458,29.8139380714182
-1.79442230605897,-0.189906031215332,-0.132296839425691,-0.304137198555305,-1.01214771280325,0.327798484624232,-163.071589368626,1.76435259747814,-4.28235190244573,-0.387389826024794,0.212715545540157,29.8260255160344
-1.79465124899578,-0.190967604379047,-0.133145048173827,-0.304697818069337,-1.01269314718048,0.327962337094387,-161.915180702944,1.93867794489915,-4.13020242971041,-0.384370607893779,0.217118799277283,29.8839239079312
-1.79491849344165,-0.191960376275672,-0.13390382832984,-0.305243393279902,-1.013154178439,0.328056715829972,-163.882180112698,2.15611177393043,-4.13806204492673,-0.386079801493179,0.217663116393655,29.8449078106303
-1.79523174119397,-0.192869382446644,-0.134554088908285,-0.305767208044992,-1.01351162611797,0.328064186525332,-162.196936929383,1.432494986861,-4.21732139262252,-0.388593392882767,0.217944656418847,29.9233100282246
-1.79559239699212,-0.193697708592803,-0.135094213421034,-0.30626990518444,-1.01376227075056,0.327982757688527,-163.353833444605,2.37270177657683,-4.21921539194997,-0.390700723878093,0.222382471526623,29.9132797593128
-1.79599315555859,-0.194442800778879,-0.135524228991035,-0.306742363396779,-1.01391857484451,0.327821539449714,-163.54933014639,1.88600012530469,-4.2253467258148,-0.387691361109092,0.218028798390951,29.9404505204332
-1.79642479922515,-0.195102614278967,-0.135846790220756,-0.307175926426253,-1.01399791335688,0.327594109224211,-162.62244798534,2.09591385997032,-4.23213736666727,-0.386761296875009,0.216238176357914,29.9984402395711
-1.79687333800054,-0.195679717240552,-0.136072737959637,-0.307562672841232,-1.01402849263631,0.327323810707599,-164.407992594008,1.99074996827608,-4.21339266766606,-0.389504059747723,0.220066279685216,29.9716588286576
-1.79732196865454,-0.196182666240348,-0.136219396457273,-0.307896262290652,-1.01404982649679,0.327045231499597,-162.923122419829,2.15251427431144,-4.19460519343357,-0.387065541282626,0.217795968014017,30.0508625913653
-1.79775721609402,-0.196625129597312,-0.13630809371181,-0.308175252011852,-1.0140976827267,0.32679181689086,-163.858925056901,2.36778735599069,-4.20556605219829,-0.389591997886304,0.215386952348653,30.0479415706973
-1.79817194210241,-0.19702139000698,-0.136359222296766,-0.308401240582619,-1.01420417118822,0.326596761448802,-164.401522659767,2.4782932472674,-4.31587643242244,-0.391348609845118,0.218434038449936,30.0565804456589
-1.79856667227108,-0.197382950956901,-0.136387617632375,-0.308575624698267,-1.01439242225502,0.326488079061768,-163.127301715076,2.41211226928931,-4.16273044865966,-0.388549268705236,0.218560486206721,30.1176103937563
-1.7989446281357,-0.197722748216782,-0.136407112250894,-0.30870447783215,-1.01467532521818,0.326484470395211,-165.149602539465,2.86235849261038,-4.41082190726516,-0.392446312620677,0.220228108679194,30.0709456519135
-1.79931687865709,-0.198051998489099,-0.136427934005485,-0.308795331138762,-1.0150525079536,0.326592103341533,-163.454937659779,1.92283604195859,-4.24540259480182,-0.394691637349717,0.217576225576261,30.1532198198943
-1.79970000091879,-0.198365239805889,-0.136444150780559,-0.308847225907777,-1.01550659433134,0.326802074934381,-164.741566550402,2.1165456310132,-4.3060046439505,-0.391123959665645,0.217488064555535,30.1377019265843
-1.80010892217684,-0.19865891436418,-0.136449545111457,-0.308863207623097,-1.01601446892095,0.327095856149654,-164.764150261,1.92085173428381,-4.28321291333245,-0.393887579706388,0.221920084856013,30.1525544680117
-1.80056233300702,-0.198921543029456,-0.136430590893913,-0.308841418402411,-1.01653912807115,0.327439936853562,-163.741709011944,1.92723788831836,-4.29442753757382,-0.389732845738108,0.217405277766177,30.2144462859902
-1.80108465241562,-0.199118538774252,-0.136352705391658,-0.30876847011803,-1.0170283895002,0.327786072656245,-165.627364215495,2.60900538441933,-4.38079361806484,-0.389987050703679,0.219113493422786,30.1790279212288
-1.80169854401638,-0.199215603105511,-0.136182192222329,-0.308630757723382,-1.01742693098682,0.328080238011862,-164.121816087983,1.88235154662129,-4.35906139934926,-0.392305482663181,0.220209806583278,30.2511453272335
-1.80242167476638,-0.199174010420359,-0.135883080506231,-0.308410901951123,-1.0176827047738,0.328267909216051,-165.229947170162,2.02518341088512,-4.25366421370416,-0.393874785910691,0.21959874095445,30.247292705271
-1.80327516829532,-0.198955366684368,-0.135418339590299,-0.308090211688029,-1.01774604699338,0.328299600520648,-165.345555024978,1.692589886306,-4.36591536911351,-0.391810021552763,0.218815505067113,30.2788604193281
-1.80428144173922,-0.198520349801607,-0.134750689325478,-0.307651137511598,-1.01756842622283,0.328127543728738,-164.443646753563,2.50883067475343,-4.41367159488846,-0.393641840725165,0.218386112403065,30.3384082930077
-1.80545390230381,-0.19784639611987,-0.133857865777516,-0.307085328821998,-1.01711763052054,0.327719085364521,-166.110760757044,2.47653184311048,-4.54405980639504,-0.397772061787285,0.223624865865645,30.3062241085649
-1.80680804285753,-0.196925918877703,-0.132729231729733,-0.306389972672423,-1.01637667229147,0.327063635654194,-164.645587945077,2.83208602611239,-4.25036622709618,-0.395716174861826,0.218687365873344,30.3856461935679
-1.80835263175652,-0.195775220718616,-0.131375477449017,-0.305576860390649,-1.01534735750026,0.326169079923698,-165.650516131873,2.33305968341824,-4.27346673308475,-0.396373298575503,0.220601418344841,30.3686726100065
-1.81008054464495,-0.194432525378654,-0.129827663647624,-0.304670536409452,-1.01405185884641,0.32505988703938,-165.988047992345,1.75510351117919,-4.3553329678426,-0.39569765398094,0.223482322015173,30.3844365633181
-1.81198706100592,-0.192950154890472,-0.12812814276642,-0.303699888445412,-1.01252871062494,0.323785408610243,-164.93514803098,2.16271840294939,-4.23433137301831,-0.392147440618301,0.220482549637447,30.4509236242151
-1.81405434411559,-0.191403757241289,-0.126340464834214,-0.302707731427395,-1.01083524960357,0.322410466835047,-166.967497151174,2.02593463322637,-4.19010781438129,-0.393965902678934,0.219257919921265,30.4225805187767
-1.81624890288515,-0.189885299199557,-0.124545631233093,-0.30174473691395,-1.00904788395035,0.321013005215277,-165.530656473488,1.60355779532733,-4.26319408886101,-0.393431056356508,0.219174752013537,30.5041909451782
-1.81852919499356,-0.188479126147747,-0.122822069111093,-0.300853899001586,-1.00724791593522,0.319672927619633,-166.51537252873,1.83067703274332,-4.33367883436185,-0.396980157652497,0.22101881388106,30.4971847489914
-1.82085103958303,-0.187270073452915,-0.121249103637538,-0.300078145139947,-1.00551911623682,0.318471877465206,-166.8845530399,2.29274396830942,-4.4201117229714,-0.401506189843658,0.221655315199256,30.5162594044526
-1.82316932838461,-0.186319421904265,-0.119888816990443,-0.299446718529916,-1.0039340111564,0.317475250937863,-165.685097770998,1.74677738239802,-4.30456909158218,-0.402592890837937,0.220840761354473,30.5761719026607
-1.82543544447333,-0.185667055006789,-0.118788450287378,-0.298976833684044,-1.00255608422687,0.316731909957407,-167.448202035431,2.2182077649768,-4.33939725324137,-0.397857930550643,0.222480569172726,30.530444785855
-1.82760673727288,-0.185318987999794,-0.117967947131173,-0.29866596978748,-1.00142810294247,0.316267503954037,-165.859006408308,1.55670379519051,-4.40432731871761,-0.39767225916742,0.222297739274765,30.6020348796668
-1.82964974924231,-0.185251795717955,-0.11742243301187,-0.298495877464214,-1.00057247945437,0.316084926853659,-166.904284223498,2.15266689409691,-4.44223217438156,-0.399516029264328,0.222036108038407,30.5911973638651
-1.83153934626343,-0.185423480301878,-0.117130037889501,-0.298441305124207,-0.999989079715467,0.316160799131723,-167.387655010638,2.61035706377402,-4.41162969791233,-0.398119077594069,0.221953851469228,30.6222996977007
-1.83326624948155,-0.185766402835021,-0.117043554622294,-0.298465905234826,-0.999649363786215,0.31644594523264,-166.647801337214,2.76492247123724,-4.26856896505706,-0.39732799187596,0.220343622146869,30.6889196206831
-1.83482559974363,-0.186215474691031,-0.1171164009465,-0.298536819408158,-0.999517543039413,0.316881601011302,-168.144534008726,2.72042409357209,-4.47908849069756,-0.398118566654428,0.222894425090819,30.6503419214921
-1.83621669154028,-0.186707762051076,-0.117302030762759,-0.298624158351714,-0.999549873609942,0.317399617370022,-166.623038489015,2.6478128105241,-4.29739468756787,-0.397675498170036,0.218776481294953,30.7311274958809
-1.8374440687965,-0.187188061768508,-0.117555760478511,-0.29870537100208,-0.999696725196224,0.317929329248678,-167.623379297806,2.39184689173749,-4.46795619808407,-0.402584785476678,0.221944145674583,30.7190000267024
-1.83851705961789,-0.187624626641337,-0.117850153576295,-0.298770240590346,-0.9999164676545,0.318413236860941,-167.913656008702,1.77816561055079,-4.49710314318173,-0.402615702179299,0.222711546685039,30.7338131560447
-1.83943596768544,-0.188017789922788,-0.118182402665512,-0.298827766653716,-1.00018267087857,0.318808409417188,-166.969780609657,1.67371864655252,-4.25891055435358,-0.401906872454434,0.223712844761858,30.7923949476764
-1.84020031944965,-0.188393970893355,-0.118568224473485,-0.298899191938824,-1.00048411899729,0.319094786804839,-168.66769907199,2.17028145489689,-4.39883304412342,-0.405111004553861,0.226206873221194,30.7536061298612
-1.84080564926585,-0.188787329947607,-0.119030809788796,-0.299007008704194,-1.00082070149816,0.319266523602225,-167.056254273514,2.52507789678248,-4.42368918379384,-0.404456762501797,0.22206068454475,30.8227016608442
-1.84123947257891,-0.189264856621397,-0.119619160473069,-0.299189842079383,-1.00121830223057,0.319348518696204,-168.329043829543,1.79938665817576,-4.43849407825331,-0.405377976172895,0.221392967335857,30.8139616014741
-1.84149455557019,-0.189892845849217,-0.120380767088599,-0.29948161456834,-1.00171149903215,0.319383691207661,-168.576170926598,2.36594744547347,-4.36723059597543,-0.406316647816115,0.223066529300969,30.8420594236795
-1.84156548355316,-0.190715505558074,-0.121345104217879,-0.299900379869698,-1.00233546246298,0.319419984203051,-167.660759432141,2.81374623301235,-4.41667248222723,-0.40011644236685,0.220513055823097,30.9112409043042
-1.84145091459907,-0.191770470125065,-0.122536403412286,-0.300457783447043,-1.00312700886025,0.319512422596176,-169.421563083947,2.32925129937325,-4.47371420141374,-0.400957033933264,0.222286740688095,30.8791853216471
-1.84116440003,-0.193060652836045,-0.123948767615508,-0.301144094198268,-1.00411025467924,0.319711230682327,-167.959586095515,1.65831990308061,-4.42457949072468,-0.405355002492791,0.222419266493278,30.9538514434824
-1.84072743842359,-0.194560569357763,-0.125552461261131,-0.301934972347595,-1.00529417822584,0.320053757482858,-168.859170093484,2.14316141805193,-4.39034865713518,-0.408062975099146,0.222217229482895,30.9448944229606
-1.84017365581692,-0.196214372864912,-0.127292406854857,-0.30278794256121,-1.00667213786429,0.32056380702607,-169.25981847323,2.17084281817688,-4.3248871286622,-0.409327023376179,0.223362918226232,30.9549443510531
-1.83955339245828,-0.197935280236919,-0.129085626902633,-0.303647414393448,-1.00820759777323,0.321239341653369,-167.956598505703,2.4469530019087,-4.28115538636004,-0.405590331378904,0.223683917376924,31.0108157879734
-1.83891653252941,-0.199630231356389,-0.130844768646876,-0.304457499714911,-1.0098575430845,0.322065363142462,-169.965080777984,2.95950210423803,-4.44517435758527,-0.406166031391159,0.224283612318384,30.9719635812678
-1.83831343880341,-0.201190117072371,-0.132472507997706,-0.305155440929381,-1.0115647662342,0.323007285106097,-168.337679585509,2.02375251737521,-4.34688223128975,-0.405373744918051,0.221089974960908,31.0486760145152
-1.83779137755108,-0.202533207295163,-0.133891924993716,-0.305700376700369,-1.01326843820595,0.324021863401604,-169.546843572972,1.73324918019421,-4.54742946427223,-0.403214587401605,0.222422090421847,31.0436110371193
-1.8373910235353,-0.203595696941169,-0.135041938381943,-0.306063423144622,-1.014907872244,0.325060238469468,-169.633871815718,2.1510995071485,-4.4986105745447,-0.402881475007077,0.222161948119356,31.0702552577597
-1.83713919838976,-0.204338923478458,-0.135885531452361,-0.306232506735451,-1.01642946072227,0.326071333097349,-168.545173862768,1.70056604324827,-4.32877311291324,-0.402953976769993,0.221519758289881,31.1349971680815
-1.83704430720284,-0.204758406747529,-0.136416436666472,-0.30621546942873,-1.0177951563529,0.327011028048385,-170.670300983568,2.25862861687142,-4.46610476878385,-0.406737572030887,0.225711670243484,31.1086510139314
-1.83709761150795,-0.204892931624317,-0.136666600240421,-0.30604360451499,-1.01899159557056,0.327853929336865,-169.118269859608,2.51616338615236,-4.52473763527092,-0.407853637454112,0.222771124845359,31.1828647069185
-1.83727458887369,-0.204805429365556,-0.136690533614734,-0.30575936535718,-1.02002069286612,0.328585131191159,-170.053173674371,2.46279392226188,-4.52800126050519,-0.412953750570124,0.223375068635748,31.1708536120491
-1.83754762288266,-0.204567257612283,-0.136551710290614,-0.305408935266738,-1.02089309943221,0.329199553217899,-170.332883007474,2.235560297137,-4.54832703525111,-0.410936306981653,0.225236231299904,31.1863815625422
-1.83787908584094,-0.20427429202722,-0.136334756982169,-0.305048283846181,-1.02163897956077,0.329710261756983,-169.35076735183,1.84120801836093,-4.41106020297923,-0.408467172935666,0.22457759868581,31.2446794677845
-1.8382289470746,-0.204010344435851,-0.136115252309459,-0.30472365177305,-1.02229400462688,0.330137307228115,-171.133029875725,2.87669094913804,-4.54060059791826,-0.41152465921256,0.228363517847764,31.2090678952645
-1.83856075949524,-0.203844112291004,-0.135957931725063,-0.304468909301747,-1.0228979464278,0.330507442006717,-169.637557983779,2.78778983737698,-4.41004095360717,-0.406228792497591,0.225859377013996,31.2906678726324
-1.83884673810087,-0.203816707952182,-0.135903755539855,-0.30430168752995,-1.0234814846487,0.330843216985752,-170.639009019733,2.74761894518906,-4.46503691690003,-0.40692985109333,0.224792762370809,31.2798234085117
-1.83907005434734,-0.203942453479878,-0.13596957490209,-0.304223962289458,-1.02406764895901,0.331163067440389,-170.85296089458,2.10394111266874,-4.61935431659833,-0.406912978217191,0.221072400353976,31.3072149041726
-1.83921798012884,-0.204207642373786,-0.136150490149301,-0.304219675713437,-1.02467716912259,0.331484623592112,-170.142842216379,2.31031117851217,-4.51367480165297,-0.405431849395963,0.219721074149657,31.3694500997497
-1.83928910602522,-0.204567631834966,-0.136414371607175,-0.304257712554362,-1.02531488352006,0.331811153763448,-171.861808462007,2.19098158006682,-4.55741644186023,-0.408726142866039,0.227046443697367,31.3336478523212
-1.83929973514691,-0.204963027839007,-0.136711616494724,-0.304301177575112,-1.02596977682563,0.332138624857515,-170.362858479749,1.60997654884454,-4.434010091207,-0.410736940581004,0.227615819061656,31.4111348554805
-1.8392613978317,-0.205327994098858,-0.136989029770744,-0.30431112467975,-1.0266320617343,0.33245819970322,-171.445081934834,1.79802744015433,-4.52074363023311,-0.413812906418896,0.229162063611154,31.3982809578018
-1.83918880637789,-0.205601539289402,-0.137195345104076,-0.304253516605228,-1.02729058924495,0.332761582895717,-171.724176620325,2.74283883291059,-4.53373239755774,-0.415370992505373,0.229861959692306,31.4178486619329
-1.83910455479641,-0.205717978486334,-0.137274007542001,-0.304094228248433,-1.02792206479962,0.33302955358486,-170.880896880698,2.03807057073982,-4.41545324120236,-0.41254909405919,0.227422155492217,31.4809277011685
-1.83901930238205,-0.205650932119711,-0.13719990907974,-0.30382428759608,-1.02851989607696,0.333255366929856,-172.57631960428,2.42158190417831,-4.5348874662898,-0.410672155134929,0.227079218065065,31.444728266562
-1.83894351985045,-0.205388992984059,-0.136960111356934,-0.303441768559815,-1.02907882891864,0.333436240855075,-171.094459077429,1.64461198556842,-4.38784373264593,-0.411062505775618,0.224078818872645,31.5233387090063
-1.83888651850427,-0.204949654304791,-0.136565247984411,-0.302961022504541,-1.02960288391041,0.333579128032058,-172.115604537072,2.44105315017487,-4.43674043764855,-0.410019341469271,0.227728530238513,31.5086254740193
-1.83885138235932,-0.204365124284664,-0.136039528063316,-0.302405315292766,-1.03009758924614,0.333689872337602,-172.280919806198,2.83449932037365,-4.50404942637238,-0.410132453243742,0.227674588588091,31.5312876674262
-1.83884398639546,-0.203682188095161,-0.135419957534384,-0.301802403385529,-1.03057502794358,0.333785949166014,-171.276050736851,2.60552484605751,-4.43625223244879,-0.409391536964645,0.227676072906615,31.5973166489888
-1.83886883730242,-0.202961200795752,-0.134754219612827,-0.301187893176638,-1.03104934930398,0.333886745284998,-173.084791137505,2.31051183229397,-4.68196179939949,-0.413394121805906,0.226889405376236,31.5611641595403
-1.83893522194202,-0.202257220849974,-0.134086626532931,-0.300592770064702,-1.03152891334108,0.334008767780722,-171.632716823713,2.01370333161935,-4.53134732630031,-0.417949476487807,0.226677399041545,31.6387326963243
-1.83904942433892,-0.201618234727452,-0.133458259936682,-0.300042431585185,-1.03202117441503,0.334164771586551,-172.634738678492,1.87651164723343,-4.51794265298565,-0.418769873872872,0.229959590405275,31.6292507337909
-1.83922383389059,-0.201093749969219,-0.13290942243847,-0.299561790243454,-1.03253070714894,0.334370361487418,-172.908932919718,2.94884131377717,-4.6003586571311,-0.42222810566289,0.224943347807425,31.6485408679202
-1.83947503516188,-0.200708274616665,-0.132461069805966,-0.299162194837769,-1.03305039755741,0.334628333729327,-171.901523745493,2.50383008977155,-4.45843364204086,-0.417961777369553,0.226802556314844,31.7019301836713
-1.83982063016869,-0.200465634691287,-0.132116756009078,-0.298845883652382,-1.03356319531786,0.33493029263378,-173.5841868922,3.06007281007669,-4.60649904387543,-0.41764342671811,0.23210277737759,31.6631809506781
-1.84027783035868,-0.20035943578705,-0.131870919037366,-0.298609443388816,-1.03404935583462,0.335264451034989,-172.090180669913,2.33053489944655,-4.55716235552117,-0.41521089297076,0.22728542165793,31.7366735776093
-1.84086354408335,-0.200366336017233,-0.131704560810817,-0.29844067223139,-1.03448365896595,0.335611953235745,-173.390733991439,1.81626201288691,-4.5882510856984,-0.417319147734911,0.22309164986767,31.7299125922363
-1.84158883695973,-0.20044954181092,-0.131588510661933,-0.298321511284588,-1.0348397068914,0.335948344362448,-173.492327097833,2.48943145516341,-4.58562774770999,-0.414024624101978,0.227950529704104,31.7584177692619
-1.84246178414516,-0.200572732769306,-0.131493142682321,-0.298235022674364,-1.03509344296078,0.336249776906835,-172.66826296333,2.57184249064971,-4.54350849017669,-0.411589710271335,0.226076798716409,31.8254623500646
-1.84348174506098,-0.200702410111559,-0.131391914940289,-0.298166941595803,-1.03522867287123,0.336495128667872,-174.440526407481,2.12402842986398,-4.68200860561757,-0.421427819497698,0.229061182929233,31.8037557838477
-1.84464295779253,-0.200807366359055,-0.131261013777631,-0.298103960170318,-1.03523440726762,0.336665846086842,-172.935344609827,2.10381079019658,-4.60340416547911,-0.420927275059564,0.227968065928347,31.8793277593411
-1.84592942347867,-0.20086789885071,-0.131086043383416,-0.298040156881965,-1.0351090906932,0.336747705398019,-173.781994404541,2.04717413429489,-4.49177661063192,-0.424337351972431,0.225995174350511,31.8684784894565
-1.84732806906719,-0.200847689015459,-0.130841167232624,-0.297957225027057,-1.03485002457565,0.336725830156379,-174.164744573724,2.4831117938636,-4.54142957639272,-0.425464080229132,0.228282110474454,31.8811700490566
-1.8488128984467,-0.200745474262338,-0.130530236782925,-0.297855403023407,-1.03447779853463,0.336603755117111,-173.06820933179,2.55981120358661,-4.55844594772003,-0.420726317819629,0.227435819244459,31.94544145886
-1.85035630718603,-0.200562808389315,-0.130159730140206,-0.297734431962874,-1.03401640086882,0.336388180786663,-174.95559986128,3.61661633121912,-4.59957318780246,-0.417874069178501,0.229562467968166,31.9047920556966
-1.85193421510544,-0.200288373729491,-0.129726172961435,-0.297587006609452,-1.03348205301178,0.336078573869149,-173.468678600521,2.20463503919837,-4.49752263628187,-0.415497403065503,0.228478786986945,31.9798768204458
-1.85351752304622,-0.199929169287802,-0.129241131802704,-0.297413902008754,-1.03290250897194,0.335685617609737,-174.597730968899,2.14551302910627,-4.55282004294574,-0.418475612840242,0.228485526401501,31.9705212164749
-1.85508337455077,-0.199489982089726,-0.128714874590366,-0.297211549179952,-1.03230590311039,0.335225915521543,-174.740311319379,2.4361781436105,-4.70132473416507,-0.418698342420555,0.226421054691565,31.9895180375382
-1.85661396745804,-0.198971608961262,-0.128152532093027,-0.29697476679995,-1.03171294693524,0.334710850721173,-173.657070724227,2.26309863458118,-4.56549052020472,-0.416665441515392,0.227780059107563,32.0553577070961
-1.85810213931646,-0.198365249630363,-0.127550148722661,-0.296691480601452,-1.0311353778031,0.334149735483373,-175.607655259983,2.91689341722349,-4.51561245893112,-0.421255771046203,0.23309202169821,32.0227163310149
-1.85953754383568,-0.197676369750202,-0.126913740092846,-0.29635804488378,-1.03058955106388,0.333558117855185,-173.928365689424,2.62271814496398,-4.5642431464484,-0.422149995759814,0.229672814204546,32.0956811494133
-1.86091746003538,-0.196908700368878,-0.126246606023958,-0.295970811311233,-1.03008195989367,0.332946845072851,-175.142222609652,2.52021349276015,-4.65865363247366,-0.427885907015896,0.229090944305508,32.0788481767624
-1.86223864768556,-0.196072763031418,-0.125556801614022,-0.295527244919198,-1.02962873189891,0.332339754513207,-175.384130757004,2.12603918252694,-4.63242588721383,-0.427559855798242,0.230629034866705,32.105177544772
-1.86351191571723,-0.195177348490732,-0.124846908659261,-0.295025221447455,-1.02923130146631,0.331754321076383,-174.472788818468,1.88321088047064,-4.53503322374962,-0.423733077537382,0.228449377250191,32.165654110058
-1.86474255602898,-0.194250677846836,-0.124133710632864,-0.29447620494727,-1.02889691767206,0.331211194176853,-176.168032197117,2.0442892474257,-4.597357454366,-0.423535307003302,0.23190901803019,32.1329503892443
-1.86593904934436,-0.193305226438026,-0.123422382659886,-0.293879453287699,-1.02862984365826,0.330730455161471,-174.755092054112,2.60380006113451,-4.51188006856373,-0.420444745402265,0.22694912193676,32.2091048651859
-1.86710799315717,-0.192368727064267,-0.122728728092992,-0.29324588224084,-1.02843633969832,0.330331943694904,-175.72576543212,2.5422500075781,-4.56760243627022,-0.423177487249476,0.22807884085879,32.1984494268043
-1.86826166074116,-0.191473229460909,-0.122069243422983,-0.292591437957963,-1.02831616294134,0.330030300897187,-175.974747099309,2.46876176897626,-4.7040763416162,-0.424821075648953,0.227270984437504,32.2198163211163
-1.86940484135091,-0.190647806288271,-0.121459136962912,-0.291933317679089,-1.02826831613018,0.329831776216334,-175.045606999852,2.90107201658134,-4.51903355254706,-0.421415104228708,0.227324767046095,32.2836397628485
-1.87054460333973,-0.189906693540624,-0.120902332853221,-0.291281521307162,-1.02828082910252,0.329728862154398,-176.816164818459,2.25023102603222,-4.56315314753331,-0.425972648306475,0.23451529856835,32.2470803301506
-1.87168418968784,-0.189277072335103,-0.120412212816729,-0.290656226647096,-1.02834922759854,0.329718757596357,-175.551179441772,2.6822421590557,-4.74785445329508,-0.42741613199937,0.230117524062025,32.329671649379
-1.87282675271666,-0.188764256461849,-0.119984982016291,-0.290068366804964,-1.02845455554939,0.329778922962467,-176.430986472956,2.98451800554039,-4.66100232180176,-0.429608241644614,0.231324550323953,32.3285955028279
-1.87397673740502,-0.188357575075979,-0.119605099553623,-0.289525053931309,-1.02856636493877,0.329871391283848,-176.776609013006,2.64208173642169,-4.6356578040259,-0.429223392834113,0.232067546334252,32.3491921337508
-1.87513830599199,-0.188041230480706,-0.119253945798656,-0.289029930785939,-1.02865429068683,0.329958523347407,-175.852714751277,2.89673190955773,-4.63505520957051,-0.425706638119246,0.22948139204435,32.4098892550313
-1.87632099595209,-0.187788776806004,-0.11890410519018,-0.288582801224296,-1.02867765266331,0.329993283319932,-177.523685195594,3.07695685079989,-4.72424793580856,-0.425852231616746,0.23421107366171,32.3759478178591
-1.87753147053611,-0.18757409468299,-0.118529904314833,-0.288184205541805,-1.02859776345085,0.32992881576987,-176.141241404862,2.29638138883979,-4.61759454735858,-0.424027169657078,0.229441682221494,32.4503255622226
-1.87877500044301,-0.187371956449967,-0.118108726279568,-0.287834546006925,-1.02838052227254,0.329725382224257,-177.143661575936,2.46026255649872,-4.60163148926,-0.427666178552657,0.229712796112303,32.4380621005878
-1.88005750925302,-0.187166340649506,-0.117626460167709,-0.287536609700038,-1.02800032993901,0.329354612266497,-177.49142574744,2.43527821689418,-4.63654792954421,-0.425329835265205,0.229702969397143,32.4562442061562
-1.88138527450776,-0.186946219248989,-0.117074985905087,-0.287292213619741,-1.02744018488346,0.328800519417891,-176.294194816232,2.64570099585603,-4.57507608854351,-0.425249801701651,0.228646720707329,32.5230480582368
-1.88275628353488,-0.18671516455485,-0.116462190591501,-0.287107835368316,-1.02670047356642,0.328063509079465,-178.287090812325,2.73699916529245,-4.71965472268295,-0.425852374822796,0.230990070122651,32.4862973670682
-1.88416839517221,-0.18650021712582,-0.115814906229113,-0.286999306306798,-1.02579603603408,0.327163295413282,-176.73582571905,2.53507332351296,-4.62489376064167,-0.428777783989105,0.231267463383139,32.5710530189044
-1.88561291759611,-0.186332048070893,-0.115167666418863,-0.286977594059338,-1.02475903757926,0.326136087722833,-177.742557211667,1.80497631024332,-4.6737912151022,-0.433330839364967,0.232986107007456,32.5595854128361
-1.88707579184827,-0.186261173429298,-0.114572681694982,-0.287060562490676,-1.02364196782122,0.325039914320545,-177.938151756117,2.79864469839777,-4.71230074136335,-0.43450758382451,0.23174910982597,32.5801726547796
-1.88854190655191,-0.186337438116032,-0.114082034412964,-0.287264259797553,-1.02249582742911,0.323930975335526,-177.095961196445,2.47609102072693,-4.6038694426702,-0.428730034466114,0.232889314903442,32.6413232482688
-1.88998689732364,-0.186610157899368,-0.113750374129496,-0.28760213613874,-1.02138639572849,0.322874567950972,-178.88831472907,2.95224060042142,-4.75284985780652,-0.433131117200799,0.234343914737753,32.6051553551453
-1.89138780492072,-0.187112694408073,-0.113619798638392,-0.288075279799862,-1.02037390407293,0.321930906071915,-177.260765343776,2.25366672124596,-4.62316381307727,-0.430635647975493,0.230843356430878,32.6803983462435
-1.89272474936618,-0.187877551784275,-0.113730030535705,-0.288684683546025,-1.01951756673813,0.321160184521608,-178.344140275025,2.56265335575858,-4.6214253889581,-0.430407753689973,0.230717642135473,32.6718406588412
-1.89398561843907,-0.188892420686877,-0.114083340018602,-0.289407607973001,-1.01884944182517,0.320592698363572,-178.600750226553,2.70191361564866,-4.76844269215337,-0.432249920285861,0.23067566164998,32.6943665153279
-1.89516194588541,-0.190125567943239,-0.114664505692745,-0.290212659799199,-1.01838751300749,0.320243644698496,-177.528770640346,2.79872535918889,-4.70870551958652,-0.42769081738766,0.230820914606486,32.7579526940163
-1.89625167486194,-0.191520980219901,-0.115436027239319,-0.291056080461238,-1.01813410098431,0.320113541233843,-179.403745569067,2.85811810823498,-4.67474525872171,-0.433029505680819,0.232927030339177,32.7226517292753
-1.8972637190343,-0.192997253789013,-0.116335904279405,-0.291883008992916,-1.01806872551988,0.320182026447059,-177.929064647266,2.32915332738298,-4.65331240502883,-0.432384769501557,0.233649264987881,32.8010138524549
-1.89821329731194,-0.194464425355967,-0.117291059470542,-0.292639815570357,-1.01815285186578,0.32040924108312,-178.938983972158,2.83795281358448,-4.80736049273247,-0.433665244424278,0.234109312951943,32.7883586042933
-1.89911962278208,-0.195832561164311,-0.1182252495539,-0.293275691853998,-1.01834045825952,0.32075016672552,-179.180699354076,3.17003652074413,-4.75453294520582,-0.433510795514848,0.232557016822935,32.8025234334564
-1.90000614537717,-0.197007981937169,-0.119057256250185,-0.293740289419447,-1.01857616918885,0.321149300821117,-178.050826767344,2.92692867328265,-4.64884971164167,-0.431407811149816,0.233762717031385,32.8620684759249
-1.90089226785599,-0.197912346708215,-0.119717434792968,-0.293995337965922,-1.01880865528928,0.321554441976888,-180.041932702434,2.44483902534216,-4.67984693866305,-0.434247804105048,0.236699042093989,32.8270300035093
-1.90179384073183,-0.198499209873492,-0.120159570815265,-0.294025834653023,-1.01899414975439,0.321918684919945,-178.534013058311,2.73385302680867,-4.70325316796414,-0.433946275866864,0.231655262705366,32.9043692809212
-1.902723205968,-0.198750793719735,-0.120359609604757,-0.293836320916436,-1.01909717512112,0.322202455233402,-179.623398771388,3.07671777890505,-4.87536157038528,-0.43546370110141,0.231362110352261,32.8907517584331
-1.90368150397736,-0.198675014414304,-0.120317717335712,-0.293444493390764,-1.01910253321405,0.322383122651392,-179.636106149479,2.70863128298265,-4.86084030619961,-0.435169316726068,0.232873569581637,32.9137953995549
-1.90465859229204,-0.19832237470407,-0.120069044124735,-0.292894525711641,-1.01901378963211,0.322453445353316,-178.774259032067,2.49357986395603,-4.59578551862626,-0.432905200509745,0.231813369205164,32.9756241179729
-1.90563782747104,-0.197771734703148,-0.119673738539702,-0.29224667769537,-1.01885143932655,0.322421991629414,-180.560849813905,3.08629561980206,-4.72647495389629,-0.435163983482012,0.236159384039058,32.9448716195024
-1.90660005511278,-0.197108634326637,-0.119198326909948,-0.291563365509602,-1.01864196467627,0.322303960767004,-179.268758123908,2.87356227479381,-4.78504974406306,-0.436584158705773,0.233214458975635,33.029712031969
-1.90751953798929,-0.196443043503227,-0.118730262843262,-0.29091935080327,-1.01842770666951,0.322130540972638,-180.130396149333,2.8791606907871,-4.81725424897749,-0.439250445752513,0.233693600406618,33.0169547114584
-1.9083797634117,-0.195860051273605,-0.118337441450772,-0.290372160948856,-1.01823897594806,0.3219262680926,-180.394944000525,2.36910548389983,-4.79876963399181,-0.441296067812472,0.23374270788598,33.0369900905881
-1.90916270038569,-0.195451847300288,-0.118093472029111,-0.289981087828265,-1.01811266575186,0.321723805040965,-179.580282969081,2.41618079453519,-4.7870472942607,-0.438846522875088,0.234071111243737,33.0980961613928
-1.90985785023606,-0.195278734054695,-0.118047838198015,-0.289781166740211,-1.01807601341027,0.321549941528263,-181.422916690293,2.97176807958181,-4.87147542231551,-0.44075478361818,0.235669706682785,33.0529850508795
-1.91046674164191,-0.195365970860111,-0.118219990258165,-0.289785152379241,-1.01813786000199,0.321420099925912,-179.556393424052,3.02169806771053,-4.75616997600528,-0.440496108554714,0.233813053008905,33.123739984673
-1.9109958527842,-0.195711017875682,-0.118606413222055,-0.289986625460837,-1.01829580146486,0.321339598079658,-180.917262406805,2.71992671206749,-4.84999919086837,-0.437532896358882,0.237790768244907,33.1110295495202
-1.91145630483373,-0.196284282766333,-0.11918189114293,-0.290361040814189,-1.0185400048783,0.321309095056779,-181.090569769188,2.8821947356189,-4.82714766592238,-0.436102727366089,0.238052514870627,33.1397231957302
-1.91186032937903,-0.197038438114106,-0.119906802569245,-0.290870643136678,-1.01885378277134,0.321321878796859,-180.114626439284,2.2837311444132,-4.66054426788318,-0.437254272871888,0.233202183264424,33.2060912518786
-1.91222975215575,-0.197894910939353,-0.120715224792347,-0.291458986066777,-1.01920689663561,0.321359567323951,-181.859789616802,2.38365025241251,-4.90437507818538,-0.440680835925991,0.236532822627285,33.1854163485617
-1.91257515991197,-0.198781277274405,-0.121547625456927,-0.292074430919625,-1.01957614954811,0.321404030694593,-180.527300987699,2.92813675349021,-4.76731065632421,-0.442957800153646,0.231143522888205,33.2613035522748
-1.91290607579137,-0.199624956763451,-0.122344504992337,-0.292665532427102,-1.01993551654524,0.321431538691056,-181.525821143806,2.47854198643631,-4.77566128700272,-0.447330744453829,0.233073994230785,33.2525939149099
-1.91322298411254,-0.200367192332035,-0.123058895878825,-0.293187821804983,-1.02027615949491,0.321432388106472,-181.89967763224,2.87014553944232,-4.68209489598559,-0.444777874618316,0.233830681495051,33.2759338152359
-1.91351978791881,-0.200964288685691,-0.123657519309728,-0.293607659635924,-1.02059622993702,0.321398271630643,-180.788390966471,2.66903967930557,-4.81362289496386,-0.443577444666698,0.234995866962031,33.3315199367434
-1.91378602668431,-0.201404071294107,-0.124132039414085,-0.293913598249725,-1.02089987995985,0.321322744391209,-182.608832140744,3.59548598025663,-4.81539484525717,-0.446179040143777,0.239840905153625,33.288675289521
-1.91401127686035,-0.201687637147904,-0.124485046366375,-0.294100722128716,-1.02119834029335,0.321208899980802,-180.926208598036,3.3163639400575,-4.80171791074116,-0.442697553843335,0.233287359399249,33.3673951125706
-1.9141861800876,-0.201828726037898,-0.124729399462628,-0.2941729543951,-1.02150619953493,0.321063809070806,-182.046085123192,3.15852021993715,-4.91985617792068,-0.443353429640339,0.232960744976787,33.3577584612992
-1.91430881545458,-0.201861793987396,-0.124892589182428,-0.2941486409085,-1.02183699619438,0.320898855619374,-182.398330715303,3.65710070573709,-4.84337955295905,-0.440009692463823,0.233473031377364,33.3817313585633
-1.91438190852936,-0.201837280722769,-0.125012619868603,-0.294056406797211,-1.02220822031091,0.320735778048215,-181.527173315616,2.97132391002833,-4.77468984877672,-0.43827830602361,0.233553273545921,33.4540503973097
-1.91442324421333,-0.201774910163142,-0.125103291287107,-0.293907716558338,-1.02261556274024,0.3205795360329,-183.201776656554,3.15852452235049,-4.74388386534574,-0.443442422451745,0.237826537609048,33.4209947661512
-1.91445749091546,-0.201712885833853,-0.125189158673124,-0.293726353315317,-1.02305706454462,0.320447373383935,-181.67882062974,2.15550295159869,-4.85140592861259,-0.446623985663548,0.233215879567914,33.4998866999052
-1.91452489738897,-0.20165320944221,-0.125264619485262,-0.29351537469074,-1.02350970006341,0.320342315370901,-182.959332182982,3.47691761959823,-4.91841351513798,-0.450254830093178,0.235100933793207,33.496825233722
-1.91466992158668,-0.201574977277424,-0.125306445656859,-0.293266666897273,-1.02394011820996,0.320258987490057,-183.171678480929,2.835401277644,-4.94905694678707,-0.447155899167624,0.238759686614351,33.5138910311956
-1.9149321380598,-0.201455618622675,-0.125289386595247,-0.292970949269525,-1.02431899694315,0.320196488568919,-182.230507416438,2.36378708183452,-4.85276247283852,-0.446019177098552,0.239042330096622,33.5818999379667
-1.91535264740449,-0.201256046978114,-0.125175803371604,-0.292609622189598,-1.02461113459426,0.320147100323115,-183.954152890118,3.11467770859508,-4.88859733493797,-0.449584027035806,0.23860625595217,33.5463647480458
-1.91596041544768,-0.20093795399782,-0.124930160479189,-0.292166933207528,-1.0247851208357,0.320099541865088,-182.506522096193,3.23816692019955,-4.88309407893399,-0.446486818494624,0.233420360333064,33.6202616994424
-1.91676678435917,-0.200464038824282,-0.124521760689719,-0.291627196073192,-1.02482056812886,0.320042034451608,-183.574436308643,3.64539955486748,-4.77299369548012,-0.446696002581791,0.236879801218676,33.6090092788127
-1.91776359920682,-0.199811403385463,-0.123934921162469,-0.290980392995051,-1.02471826167252,0.319973675846715,-183.796567550369,3.13078613637617,-4.88875985131043,-0.44450949136978,0.235255654879273,33.6296911757165
-1.9189249890876,-0.198987758777577,-0.123179729826267,-0.290236884061248,-1.0244936458306,0.319897352806839,-182.621524971279,2.13982642302494,-4.97037982172984,-0.443657561997986,0.237143862812879,33.6933724317823
-1.92020819977924,-0.198010313462839,-0.122276786758141,-0.289410296748678,-1.02417409054158,0.319815500726909,-184.576998002124,3.06452035241227,-4.89379354478189,-0.448291721682628,0.239935905729446,33.651701282815
-1.92155477598849,-0.196937693634747,-0.121281045370459,-0.288537637446007,-1.02380645864139,0.319742354805405,-183.075441379483,2.90492125500782,-4.82120030927609,-0.449384325093626,0.235529605090287,33.7358842057108
-1.92289554571922,-0.195847985935846,-0.120263427152442,-0.287666448220011,-1.02344877383695,0.31969614253419,-184.154514801774,3.59509139747865,-4.84140199732516,-0.453704529801382,0.23551873018856,33.7283953655004
-1.92417185446194,-0.194819635537526,-0.119293574050046,-0.286840909557114,-1.02315360091095,0.319693667375507,-184.456106053515,3.332946235289,-4.83369186877775,-0.455647843455646,0.235967600998174,33.7537779375661
-1.92532375961438,-0.193959693573349,-0.118461465892615,-0.286123159624829,-1.02297704820781,0.319755835662913,-183.438846637621,2.90002861876837,-4.84114359468293,-0.448016856493179,0.238744613257712,33.8131666383781
-1.92630241441731,-0.19336042939435,-0.117844239386403,-0.285565610608517,-1.02296561479716,0.319897928132389,-185.284028400321,3.12929875444115,-5.05224343035937,-0.451528153604772,0.240136968230187,33.774309288458
-1.92707999417738,-0.193083568956339,-0.117491908760606,-0.285200361841242,-1.02314303740446,0.320123187487479,-183.669816684332,2.73549439743556,-4.83724964214377,-0.449141400015824,0.233844190589787,33.8413991285538
-1.92765209407358,-0.19317554644026,-0.117438606178806,-0.285052102408313,-1.02351443904441,0.320429084732647,-184.63544827585,2.85757852833376,-4.85533823723398,-0.452163091264946,0.230976474334506,33.8285219158337
-1.92803571090346,-0.193631539256458,-0.117675713105952,-0.285113979727518,-1.02405894782536,0.320796822297273,-185.018112032191,2.9650922472058,-4.75407607997258,-0.447863636005899,0.236178788466075,33.8529755309359
-1.92826704705102,-0.194411472310186,-0.118164327808402,-0.285359761639184,-1.02473365127749,0.321195567054432,-184.013798871501,3.45539166504841,-4.95036787709913,-0.444750588371066,0.238462408669546,33.921935032229
-1.9284016925908,-0.195437537970022,-0.118833793191816,-0.285742095313312,-1.02547454895135,0.321584297416232,-185.736864828497,2.34694172626587,-4.98180260874895,-0.447068152797095,0.239056333282371,33.8958149161138
-1.9285020669645,-0.196605542662165,-0.119592620995952,-0.286198722226769,-1.02620941164307,0.321918321620035,-184.479695106368,2.71033567149016,-4.95529775926349,-0.451854849549883,0.234759741864402,33.9798393890258
-1.92863486090276,-0.197789672026114,-0.120332488874551,-0.28665542788163,-1.02686031492267,0.322148911542509,-185.500680100868,2.87573255573034,-4.96551822722844,-0.458526986041241,0.235142594846749,33.9745707943234
-1.92886705302863,-0.198857089503049,-0.120940285709387,-0.287035657500672,-1.0273491470847,0.32222939803379,-185.688541287438,2.57627793157872,-4.94785219688859,-0.455515669755049,0.242176826973549,33.9946073423717
-1.92925115120918,-0.199688265129818,-0.121316870476649,-0.287272916897478,-1.0276117490464,0.322119370001308,-184.554976963568,3.61837561446623,-4.85253515512898,-0.450815990226391,0.241889793776232,34.0611086814763
-1.92982588011138,-0.200176799265839,-0.12137701195591,-0.287307242861098,-1.02760137417469,0.321791531595807,-186.493185009117,3.82035700005167,-4.79770014688683,-0.452717770423308,0.243583810997567,34.0147526883566
-1.93060455767944,-0.200265151252679,-0.121077419136681,-0.287109038521403,-1.02730257654437,0.32124045649685,-184.824517530315,3.10925045410454,-4.78554522952908,-0.452142227863662,0.239814245245392,34.0796794821529
-1.93158507977692,-0.199934541634654,-0.120407295094426,-0.286673590844252,-1.0267194076984,0.3204733924035,-186.044244085286,2.83146004414084,-4.96642880732975,-0.452784758435834,0.233651200570228,34.0695366381013
-1.93274289501761,-0.199209561797471,-0.119395560912424,-0.286018979450721,-1.02589049303589,0.319523038395736,-186.235310124864,3.58167068692433,-4.91093254323781,-0.451253618714412,0.236252680997485,34.0851013506089
-1.9340344978546,-0.198164285900371,-0.11811190522307,-0.28519176800116,-1.02488114361408,0.318443380560379,-185.166877228122,2.8958529114218,-4.78619073639157,-0.447937130800445,0.237868164327615,34.1514417420787
-1.93541005838632,-0.196895171055044,-0.116645950340231,-0.284249957712323,-1.02377300350649,0.31730344752014,-187.20633608362,2.92366234961378,-4.80654375275472,-0.452318687135415,0.239270605350321,34.1175962916355
-1.93680835755802,-0.19552483371241,-0.115109783167795,-0.283265438600392,-1.02266119587784,0.316180083201009,-185.748647415592,2.87211120699794,-4.84183066980853,-0.454031250259219,0.237677774644899,34.2025000424598
-1.93817336054622,-0.19417886308262,-0.113617020044477,-0.282308697983418,-1.02164089973123,0.315153914897514,-186.833584749256,2.99345870101524,-4.99336772144756,-0.462975531766673,0.240153455585009,34.1986934121637
-1.93945975261455,-0.192970953907992,-0.112270564442999,-0.281441128633246,-1.02079699603228,0.314299513230744,-187.101311610289,3.01412791072335,-5.02880752684467,-0.462247585094105,0.240711483929933,34.2341070546499
-1.94062773184667,-0.191994094693811,-0.111155668927179,-0.2807112856848,-1.0202013254051,0.313677342284844,-186.269278597378,3.60448263042781,-4.9094544338798,-0.45789751945413,0.238094421654057,34.2953548718248
-1.94165738925701,-0.191313015578144,-0.11033201788975,-0.280149650465922,-1.01990293110207,0.313333233305641,-187.869982547643,3.48423757482215,-5.01118540121169,-0.463737377946283,0.244885918514147,34.2645877222713
-1.94254110090825,-0.190951589882093,-0.109824265969046,-0.279761647185927,-1.01992496914237,0.313289432365108,-186.446617426145,2.69808586056433,-5.10180105053021,-0.463547312723838,0.240010586178642,34.3344648458607
-1.94328951133125,-0.190904155737109,-0.109628539089684,-0.279536638512211,-1.02026272940321,0.313545249553418,-187.362549472095,3.13592498947742,-5.08274625637424,-0.461414317739989,0.238345378501378,34.3206430293341
-1.94393031391239,-0.191130568628513,-0.109708932685401,-0.279447426605552,-1.02087834478946,0.314070934057606,-187.713884061676,2.89268196233616,-4.99623850183292,-0.456642947343372,0.236646803704519,34.3369764730605
-1.94449432391242,-0.191571597668026,-0.110012063926807,-0.279456922742785,-1.02171996233567,0.314821830064126,-186.48718465193,2.92471871051157,-4.99345522642813,-0.451435976845306,0.238678844069777,34.404548582378
-1.9450196013184,-0.192148534242444,-0.110465813417947,-0.279519403284554,-1.02271683559755,0.315735461226928,-188.560082768725,3.20171746528831,-5.13303426320789,-0.453853468177767,0.2408552211248,34.3695642801226
-1.94554524853331,-0.19278023669066,-0.11099470858511,-0.279593033621646,-1.02378854622365,0.316738539861036,-186.96937770604,2.56517089349109,-4.9406130382101,-0.456398867459985,0.23853982710328,34.4540124031978
-1.94610681918375,-0.193388690462363,-0.111524683258092,-0.279640914903228,-1.02485103503442,0.317751980745982,-188.231532767592,2.75574895552745,-5.03299598792989,-0.460156522151643,0.240125176929188,34.4424454246105
-1.94673287498326,-0.193914272086378,-0.111997359143497,-0.279636370484005,-1.02583538079281,0.318713362928147,-188.388833971577,3.61462909601414,-4.93924482665815,-0.462281433812348,0.241088998345594,34.4638163821376
-1.94743546230998,-0.194310818654396,-0.112368685815913,-0.279563363650841,-1.02668631827765,0.319564998233354,-187.437922792649,2.79287442744908,-4.86431068452347,-0.462817879697811,0.241620785179963,34.5256607620977
-1.94821818398733,-0.194547977666275,-0.11261138953521,-0.2794145828977,-1.02736576487075,0.32026411605156,-189.252503980738,3.0754363209071,-4.98272424489267,-0.46428465728363,0.244298376577453,34.4962557067966
-1.94907612453724,-0.194613404358909,-0.112714685525909,-0.279192298854864,-1.02785365464757,0.320786081812486,-187.594692635622,2.81414331023007,-4.91710962877573,-0.463242047603183,0.242097720875706,34.5767923973158
-1.95000058646504,-0.19450508192402,-0.11267890494659,-0.278902586509942,-1.02814543227651,0.321121800414756,-188.595629917401,3.06125285471671,-5.01432701624765,-0.466571802718239,0.240570966015769,34.5668430658583
-1.95097730003786,-0.194229971363986,-0.112515358965401,-0.278554305805634,-1.0282537656325,0.32127873343385,-188.87068282379,3.46220968937496,-5.09763264930322,-0.46367518016503,0.239410099719891,34.5818861312433
-1.9519908252755,-0.19380533674964,-0.112245226893591,-0.278160746997309,-1.0282051439561,0.32127906507377,-187.968821062699,3.24275725246844,-5.05376231440346,-0.459456900161992,0.236630697282912,34.648582899704
-1.95303116445804,-0.193231414627444,-0.111879088215825,-0.277719911006228,-1.02802915116419,0.321149224040306,-189.850591280904,3.45503756003041,-4.99833590493728,-0.464077831208607,0.240540576182643,34.6170060581938
-1.95409007219447,-0.192523635350827,-0.111437715870656,-0.27723965935628,-1.02775866021284,0.320920069145638,-188.308765427244,3.58362296972496,-4.91820155789145,-0.462899095002455,0.239650134808148,34.6942671928343
-1.95516429664967,-0.191693573952932,-0.110937758124065,-0.276723502997784,-1.02742377977856,0.320620225380618,-189.414460044426,3.62478838316156,-5.03727139862664,-0.465408340854135,0.240366447050244,34.686479720518
-1.95625811343993,-0.19073824569747,-0.110383497469939,-0.27616328670514,-1.02705106496789,0.320277969468528,-189.784589739846,2.54491101197164,-5.10587387681326,-0.468326660646999,0.241947439504201,34.7051152095605
-1.95737097204659,-0.189667043590512,-0.109786739508562,-0.275557587489501,-1.02666810505607,0.319920602564471,-188.70659486823,2.87998542910054,-4.98807961414215,-0.467083703672482,0.238648272896853,34.7750395683848
-1.95850701204984,-0.188502588471722,-0.109164888523651,-0.274913159377093,-1.02629697382338,0.319571974784361,-190.584339851338,3.52714046510164,-5.10576069041974,-0.466003294225721,0.242419128877382,34.7367749114506
-1.95966928678144,-0.187265174678949,-0.108530790131006,-0.274235878453153,-1.02595100553125,0.319246796178103,-188.85968549102,2.90966835548988,-5.00818823702892,-0.467311913712168,0.241489971906954,34.809036205945
-1.96085617811877,-0.185980652902102,-0.107901213689112,-0.273533563674912,-1.02564234993051,0.318957061129858,-189.965020591994,3.61742998602472,-5.0775622920078,-0.465110844835474,0.241224269481175,34.7980540467724
-1.96206002963607,-0.184679223647122,-0.107294025631234,-0.272814908115165,-1.02538263663686,0.318713749377194,-190.282270248749,3.31118605322854,-5.0802254794371,-0.462332130916226,0.239280137997797,34.8241580359347
-1.96327206909051,-0.183401802648319,-0.106732395487503,-0.272098578494552,-1.02517876118555,0.318525404322772,-189.222604279954,2.82169799996404,-5.03879263836487,-0.461058709860453,0.242768965437776,34.8773347696062
-1.96447895807634,-0.182189836356571,-0.106239090122607,-0.271402885576679,-1.02503535039496,0.318396330281403,-191.077830324103,3.71252749303176,-5.06693288954619,-0.463183149063117,0.242324343758589,34.8458921421807
-1.96566364351303,-0.181087097513101,-0.105839562683181,-0.270747817467608,-1.02495509051415,0.318328891216812,-189.495061470614,3.98960217600734,-4.95245261598936,-0.462109959306567,0.23982650067855,34.9345682345907
-1.96680454626179,-0.180140886555186,-0.10556247635234,-0.270157835802207,-1.02494352744789,0.318326902509399,-190.737428520256,4.09444148296143,-5.04498488928726,-0.469510694054137,0.241548792299963,34.9288937789849
-1.96788704203822,-0.179381974504699,-0.105422742332547,-0.269648919735681,-1.02499712844495,0.318387258140954,-190.959588525887,3.65309648279663,-5.11133369443533,-0.472780013896799,0.244395755258457,34.9448273490568
-1.9688984039977,-0.178844209145776,-0.105437438184154,-0.269242393167929,-1.0251116865314,0.318506573089889,-189.824565080119,2.61043531326277,-5.05995627242052,-0.470306310916946,0.243674935807901,35.0019489485781
-1.96982658091273,-0.178549286784249,-0.105616840171656,-0.268955804794566,-1.02527908757445,0.318673276170325,-191.860928653386,3.54665541845247,-5.15102981476781,-0.470638708406832,0.244618032138178,34.9580491611403
-1.97065974660824,-0.178509520716706,-0.105965148116769,-0.268802173929292,-1.02549524546599,0.318878198421016,-190.205069707887,3.22833679291557,-4.94835954170856,-0.468980682469895,0.243167033859205,35.0319310607367
-1.97139527797095,-0.178733948576976,-0.106484415095082,-0.268795490326585,-1.02575002315418,0.319107652584694,-191.377483765731,3.2005078024888,-5.07845885044549,-0.469313272089592,0.239148292716524,35.0180641147364
-1.97203154101023,-0.179222498570902,-0.107170777333657,-0.268945835097881,-1.02603742742346,0.319349503016062,-191.476998127599,3.39701992376513,-5.05063201922235,-0.468617798147812,0.240247338146917,35.0411204066926
-1.97256588274611,-0.179964567047853,-0.10801433700036,-0.269254368846294,-1.02635794685413,0.319597659845521,-190.572836058625,3.33357419474942,-4.99819373654543,-0.466711447508152,0.24054321576829,35.1070899089631
-1.9729997650672,-0.180949114389719,-0.109005502633841,-0.26972226379622,-1.02671087265417,0.319845077507009,-192.260668064942,3.31001560143909,-5.13589937376838,-0.469384278540706,0.239905200024179,35.0892433602806
-1.97333961819142,-0.182151374695156,-0.110123744383049,-0.270339268907147,-1.02709738935047,0.320090052315951,-191.103925324488,3.32144415403104,-5.01623303569582,-0.467543277857185,0.238242616101258,35.1760753634993
-1.97358868240939,-0.183538526678498,-0.111345160868938,-0.271084982286525,-1.02752652871678,0.320338862145599,-191.976396868967,3.18918567991773,-5.06213184912696,-0.474164253569819,0.244191059312551,35.1757950864441
-1.97376043530747,-0.185064700778025,-0.112632596065581,-0.271928018754994,-1.02799886682167,0.320596483681892,-192.43002633072,3.2499329966688,-5.13203888355221,-0.472928029759267,0.241453733892122,35.1910604438238
-1.97387379634608,-0.186669990788631,-0.113939108263787,-0.272823426465158,-1.02851241478283,0.320870308371705,-191.284463722531,3.02872883526038,-5.0899331165858,-0.474552127248766,0.241918077226534,35.247840864295
-1.97394804894947,-0.188291307540216,-0.115216213208465,-0.273720848256567,-1.02906570149361,0.321169441025072,-193.049964783864,3.30799239422436,-5.11904365780239,-0.474416667239905,0.246099082994984,35.1967953399167
-1.97401001419379,-0.18985818041183,-0.116406636287566,-0.274564133743918,-1.02964897729224,0.32150235523907,-191.444270162427,3.93644094098659,-5.01969613575639,-0.472967034892606,0.240584740888002,35.2715213172534
-1.97409452836396,-0.191289641958147,-0.117443500928982,-0.275289940106536,-1.03023988254696,0.321869306185138,-192.575101372412,4.14060768358081,-5.11948513696299,-0.467010902518494,0.242935188271092,35.2586587030371
-1.97423338217811,-0.192521107586325,-0.118274219581968,-0.275845563520669,-1.03081865391405,0.322270825964936,-192.699843898369,3.71276140505302,-5.06512138270438,-0.469292612975209,0.243476682897839,35.2872421238068
-1.97445856176317,-0.193496403125367,-0.118852154391242,-0.276187468640885,-1.03135926920613,0.32270003626991,-191.845379098314,3.80182054733723,-5.00688336955673,-0.467192300979039,0.242088745909393,35.3606338996413
-1.97480421981348,-0.194159188796868,-0.119130598508872,-0.276275532155366,-1.03182974116665,0.323143491960685,-193.77662483362,3.17164997544796,-5.21311104206578,-0.472831285014922,0.243273380516736,35.3388120196644
-1.97528999982056,-0.19449127574477,-0.119095327455106,-0.276099720306373,-1.03220612385266,0.323585620077203,-192.337028352138,3.11475291948113,-5.13429069531193,-0.475459467601075,0.240110017398845,35.424422430669
-1.97592683517337,-0.1944950007705,-0.118749293835209,-0.275666593014427,-1.03247065202867,0.324010586904489,-193.347600186187,3.36712822164759,-5.14056325702157,-0.477388671050772,0.245457778808674,35.4120347525217
-1.97672046125443,-0.194187357398344,-0.118109801489347,-0.274996164185839,-1.03260697882584,0.324398687645296,-193.603737369254,3.79099150361913,-5.15069373927719,-0.481098782138759,0.247535092542903,35.4253270149143
-1.97765627394228,-0.19361280729659,-0.117219891390157,-0.274130510112991,-1.0326124636323,0.324729576735906,-192.537901802999,3.29295143111403,-5.1728291535882,-0.478995171907295,0.24547673531176,35.4748220515371
-1.97871438032861,-0.192835002198298,-0.11613985418873,-0.273125240157479,-1.03249596054783,0.324992478158487,-194.284269427714,3.50591404314969,-5.02820069708642,-0.479981547123274,0.245938885288552,35.4345119452524
-1.97986256324973,-0.191914925302929,-0.114931229387595,-0.272033668900486,-1.0322708651179,0.325174045825203,-192.848594496544,3.87835032364569,-5.04033563949665,-0.474164251662066,0.242272670482284,35.5190243290439
-1.98106701711017,-0.190931803223672,-0.113670707123018,-0.270918768832713,-1.03196209177014,0.325273612131593,-193.972668078987,3.99144553088263,-5.11330467072941,-0.47593692836531,0.241356916834685,35.5110079045489
-1.98229703082654,-0.189952874262947,-0.112425121015996,-0.269835973361666,-1.03158927170164,0.325286757685948,-194.14557146585,3.64624003262338,-5.18277348052891,-0.472657717579703,0.2406991026864,35.5367993164166
-1.98352303637065,-0.189027509895071,-0.111247548265887,-0.268825860881936,-1.03117346701093,0.32521290620064,-193.317653125539,3.52798438981677,-5.09520172882449,-0.46846438702731,0.240858514067652,35.6061359328703
-1.98471963502693,-0.188191174673507,-0.110178911875649,-0.267915488925111,-1.03073547059943,0.325056148641753,-195.048885986568,3.83873265978423,-5.32684094416476,-0.474526833922298,0.246936338805845,35.5770790897748
-1.98586895535187,-0.187464603012014,-0.109246920114934,-0.267119487239205,-1.03029282408879,0.32482266575969,-193.605116047754,3.18733912588459,-5.14242379421646,-0.479884109916598,0.24497606151615,35.6550345154833
-1.9869592135433,-0.186850620067402,-0.10846315409219,-0.266437994816611,-1.02986025287269,0.324521836218503,-194.636071251815,4.48475218167846,-5.10713838981081,-0.483988901038006,0.249821222328598,35.6445760483768
-1.98798596165484,-0.186337563301799,-0.107825118905211,-0.265858421496626,-1.02945059058145,0.324167055172281,-194.916045866206,4.53453305602011,-5.23084813288239,-0.481545101213215,0.247910316160117,35.6675597779706
-1.98894798544502,-0.185907933362636,-0.10732379528752,-0.265363967748194,-1.02907237245947,0.323768388282857,-193.80048755251,3.46343085756894,-5.23347739556658,-0.484257398452543,0.243844834248522,35.7278264020328
-1.98984295285002,-0.185544680252646,-0.106950383381416,-0.264936872075007,-1.0287386659428,0.323340447187725,-195.731469836188,4.18089881264973,-5.17666020914919,-0.486319788417938,0.247754825543962,35.6920525823096
-1.99067129825583,-0.185226853988131,-0.106690967023918,-0.264557158434867,-1.02846077012381,0.322897321149608,-194.263376468951,3.34094002724987,-5.05365507981983,-0.479081203995164,0.243636728341272,35.7674695606821
-1.99143594754592,-0.184940378007039,-0.106536049009511,-0.264210245064697,-1.02824851034822,0.322452185594367,-195.193085363777,3.2310607736822,-5.2216839116214,-0.475627963505241,0.244425083890865,35.7584613469455
-1.9921380395452,-0.184673466673561,-0.106477454273942,-0.263883127832747,-1.02811397117051,0.322019343472828,-195.601609606608,3.83805590152451,-5.2831186050162,-0.477856660228883,0.248085424380461,35.7803264564011
-1.99277845150133,-0.184427474585733,-0.106515558804889,-0.263574042370476,-1.02806931936987,0.321612902681142,-194.488460276331,3.43457501418538,-5.04487244775393,-0.47704982777026,0.244147890839373,35.8405461560331
-1.99335952109179,-0.18420754258837,-0.106653924032205,-0.263283269427049,-1.0281267838437,0.321247837978108,-196.398317268175,3.23424203198351,-5.31525523778186,-0.478187457399786,0.246872381104817,35.8006668065713
-1.99389122053196,-0.184017809253616,-0.106891397148061,-0.263012738055829,-1.02828821945459,0.3209336830151,-194.729874241561,3.74556996767615,-5.39673740846982,-0.479836024790598,0.243868484857187,35.8854341201666
-1.99438906896632,-0.183859559390768,-0.107221832200127,-0.262763793168015,-1.02854707650401,0.32067450807159,-196.019988055815,3.76528454231811,-5.36566308550482,-0.487887288341688,0.246352307799706,35.8795252739501
-1.99486983576853,-0.183739611782682,-0.107640321376149,-0.262541993790967,-1.02889402749594,0.320473254720417,-196.158145810839,3.06420258934395,-5.23048401707675,-0.490162705155892,0.248274375661236,35.9056233848652
-1.99535525033145,-0.183646695072741,-0.108125575497541,-0.262339730864362,-1.02931408332391,0.320332428104536,-195.071821010828,3.00579309430941,-5.20991233629042,-0.487991544945185,0.243831489808453,35.9685195568099
-1.99587281323125,-0.183572287397349,-0.108653940367493,-0.26215275955866,-1.02978049664844,0.320246340774284,-197.064113645124,3.12301431468177,-5.15998963919392,-0.488770279239221,0.24859026934945,35.9298525311106
-1.99644981563554,-0.183493776495494,-0.109187325259195,-0.261969425262752,-1.03025950296018,0.320202422926011,-195.420673215188,3.60645312007227,-5.15193357351481,-0.482896324316878,0.247743986861017,36.0011102277878
-1.99710967035256,-0.183385582271435,-0.109686181399238,-0.261773076510793,-1.03072076868452,0.320189370506612,-196.492302380428,4.68158362240797,-5.14806580505075,-0.483460573288837,0.247229923223802,35.9864579892284
-1.99786264666167,-0.183227032977126,-0.110115220364752,-0.261549429463922,-1.03114023878702,0.320196534707923,-196.78245315922,4.7042236285713,-5.22857014444546,-0.478866649713853,0.246122287110638,36.0114669125895
-1.99871604695855,-0.182992884460598,-0.110435794131829,-0.261282405033067,-1.03149227499691,0.320208194974374,-195.881650634398,3.63470754394666,-5.28980677149394,-0.478931031359383,0.242761499199832,36.0759031713558
-1.99966763138442,-0.182665841801457,-0.110618168091449,-0.260959342571884,-1.0317605976801,0.320211466927835,-197.487910000394,3.7260007819882,-5.40099992731533,-0.483229065102097,0.245082511063653,36.0449907629551
-2.00069956769043,-0.182243218131133,-0.11064913128917,-0.260576181398014,-1.03194066651639,0.320195029906751,-196.221483559834,3.73136210843882,-5.19148800000045,-0.484692218408473,0.242528057869947,36.1362108433641
-2.0017882660657,-0.181727865929803,-0.110524488424375,-0.26013272304359,-1.03203259760755,0.320146682153354,-197.289030722414,4.06881100483656,-5.18301989549678,-0.491316660685448,0.2445142735693,36.1282162304804
-2.0029058114402,-0.181127437592383,-0.110248656638093,-0.259632334333497,-1.03204056056396,0.320051999169584,-197.644747569702,4.29430805117045,-5.39814561489584,-0.495406872070374,0.247681832517991,36.1548672765117
-2.00401989444188,-0.180473574941258,-0.109847510341732,-0.259091968798882,-1.03198098679444,0.319907569773228,-196.619220162416,4.11549029642447,-5.23432975686634,-0.490260627514773,0.24771146757796,36.2126209681155
-2.00510767746399,-0.179786913979205,-0.109342956362758,-0.258523068185287,-1.03186189410732,0.319703109192217,-198.345342062597,4.07139495224578,-5.25619694503749,-0.49393953260421,0.250844490052672,36.1659080161688
-2.00614307325956,-0.179101902744619,-0.108770124378679,-0.257946295201538,-1.03169856875228,0.319434821483989,-196.701953518104,3.2530819412782,-5.1547416682813,-0.492864010920139,0.247684600321255,36.2341263770821
-2.00711428970404,-0.178450162958295,-0.108162404204409,-0.25738023924782,-1.03149830189332,0.319098370730621,-197.930605491082,3.87496747506452,-5.14169596772817,-0.488135343629892,0.245594827502273,36.2219146571395
-2.00802148449987,-0.177859293677725,-0.107549230851554,-0.256842697953814,-1.03126241466705,0.318690406853452,-198.06420430678,3.83685807093821,-5.23985417522505,-0.482710600622184,0.248142440201553,36.2535946025088
-2.00887377393165,-0.177346053904682,-0.106949344021057,-0.256343927183823,-1.03099043158231,0.318215649163175,-197.175866391979,3.7914358901819,-5.18292313698686,-0.484553204046354,0.245675390833364,36.3176933911197
-2.00968623086487,-0.176922505211089,-0.106375902000613,-0.255894924440222,-1.03066975394565,0.317669458244563,-199.047159139791,4.02337416503838,-5.41296099616227,-0.488713904770727,0.24784162144374,36.28753534898
-2.01048375650763,-0.176586290277382,-0.105827663547995,-0.255496094140295,-1.03028716638307,0.317055268620131,-197.491007304565,4.14732057033257,-5.24594500173839,-0.490205528122821,0.244741352078016,36.3714414297278
-2.01128720940086,-0.176324981691439,-0.105295676298428,-0.255140985412034,-1.02983394641177,0.316380943641844,-198.709841384605,3.80691139744727,-5.3050228144262,-0.49747771415764,0.246394568881538,36.3681398511452
-2.01211078121297,-0.176133025868946,-0.104774203194257,-0.254828134683581,-1.02930842530811,0.315661777479815,-198.84857172335,3.80105871200908,-5.42102161625201,-0.499080922402575,0.248297238511177,36.393837178141
-2.01296835634897,-0.175991518746883,-0.104247760151233,-0.254546753108066,-1.02871099081939,0.314914353480059,-198.006545118122,3.82361341628825,-5.2207673294655,-0.496808123011592,0.251196448007535,36.4554777382904
-2.01385889040108,-0.175888020859524,-0.10370875991479,-0.254289721610506,-1.02805255314985,0.314156289528642,-199.615710757638,4.07985469862047,-5.29084798990473,-0.498599161514777,0.252251967444836,36.4206732731949
-2.01477422793785,-0.175817038469474,-0.103156544759531,-0.254052399299148,-1.02735586104187,0.313414734274208,-198.178269167529,3.81160782430948,-5.21070345338518,-0.496100191350942,0.247698979502183,36.4917634062606
-2.01569629125632,-0.175782587972937,-0.102601109415958,-0.253835673891459,-1.0266543216021,0.312719896421761,-199.268455884007,4.06236844388422,-5.28143139126678,-0.494254512129001,0.248021808575819,36.4813640941266
-2.0166027991217,-0.17579099000623,-0.102058130061463,-0.253639831483625,-1.02598575867107,0.312101336211764,-199.546794166614,4.22161072727886,-5.37046437203358,-0.490705870592221,0.24606546870099,36.4989138560348
-2.0174654167236,-0.175859652994331,-0.101555765951317,-0.253471434351473,-1.02539588496795,0.311591031068601,-198.524778314245,4.47744897317989,-5.29963968260645,-0.488159417585915,0.245900584254717,36.5692362281033
-2.01826034320194,-0.176004008080917,-0.101121795907585,-0.253337575386864,-1.02492164863885,0.311209982144103,-200.333646265393,4.05813417573495,-5.33647268819576,-0.488087581496281,0.250242167011803,36.542128759477
-2.01896802414565,-0.176253251487955,-0.10079541097015,-0.253255492267495,-1.02459615166292,0.310975969461533,-198.821962704728,3.11216410691418,-5.38492841938256,-0.491174014861438,0.246109223093403,36.6181395324109
-2.01956994052683,-0.176638223016367,-0.100616850743099,-0.253244098673384,-1.02444977848813,0.310902903329152,-199.978927950179,4.15479800786443,-5.37397573212084,-0.499763106779338,0.24743851498045,36.6127612514983
-2.02005850311028,-0.177182886737425,-0.100619583360375,-0.253318643561083,-1.02449876448559,0.310994441498666,-200.180241562546,3.65832783727592,-5.3653829403417,-0.498806847777503,0.249714607452166,36.6337548611284
-2.02043861449649,-0.177908518730169,-0.100829939664729,-0.253495515891387,-1.02474259937143,0.311243050039782,-199.107498199327,3.95372202727458,-5.2519586142744,-0.495984446724939,0.247745130161308,36.6963947821252
-2.02072411275634,-0.178816180343285,-0.101255313196553,-0.253782297359418,-1.0251633332619,0.31162783697058,-201.072403269334,4.17789155520063,-5.18658994023366,-0.49716947688509,0.25344506792031,36.6631164487093
-2.02093150191136,-0.179893844846871,-0.10188975344846,-0.254179639740439,-1.02573113819115,0.312115871756704,-199.425672955499,3.65343674136284,-5.1498247871524,-0.495998918025099,0.249402361377663,36.7387467933833
-2.02108790974574,-0.181123855569142,-0.102716880922193,-0.254684144769258,-1.0264053580272,0.312672584988103,-200.642634188072,3.8261404082275,-5.42948484538587,-0.496784029425529,0.248043878257712,36.7246727964581
-2.02122468124908,-0.182472403604005,-0.103703689311078,-0.255284028609906,-1.02713449434922,0.313253744668933,-200.697371682705,3.80612426913171,-5.4834983872511,-0.493213272092735,0.247491683602647,36.7447043699025
-2.02137018517113,-0.183884305642685,-0.104800133397692,-0.255952533798991,-1.02786536250847,0.313812642342468,-199.739891037337,4.41406196453522,-5.28267977835731,-0.491561050031809,0.242342096719148,36.8090029019234
-2.02155085765994,-0.185313425823965,-0.105959868914689,-0.256666366075434,-1.02855153533974,0.314312417097568,-201.652873050743,3.88584495902455,-5.43845094331226,-0.494007581804226,0.251064378197913,36.7771969779161
-2.02179385167813,-0.1866907427653,-0.107119301646957,-0.257385465646638,-1.02914328255895,0.314710615446756,-200.215970508667,3.73830351173297,-5.3442256701544,-0.496734823662317,0.248833469520477,36.8568103304297
-2.02211576411254,-0.187963417913301,-0.108229079001103,-0.258076367341107,-1.02960842709525,0.314981189501967,-201.312309626569,4.17880756971294,-5.3336132839805,-0.499516499680666,0.250819690686231,36.8541740663308
-2.02253171824202,-0.189073124447672,-0.109235726424894,-0.258700688681959,-1.02991913110837,0.315102208187381,-201.509814907963,3.77061090480788,-5.46389088642317,-0.504085429805802,0.251749422426603,36.8757482027341
-2.02305721529921,-0.189963406976807,-0.110088853376627,-0.259217705940383,-1.03005659650465,0.315061662769578,-200.455180569792,3.82091444120988,-5.36244658139017,-0.504463136049213,0.250782132752329,36.9397991319501
-2.02369986412357,-0.190594841964498,-0.110752811283181,-0.259597833109912,-1.03001208674126,0.314854842795269,-202.285467018829,4.54395608712775,-5.38236178217798,-0.502786836401732,0.251298226580599,36.8988056117283
-2.02446715530856,-0.190936809600671,-0.111199005468224,-0.259817578091035,-1.0297821186101,0.314482311328035,-200.75702068338,4.54095491432849,-5.3790065963299,-0.498995543049033,0.249478720281437,36.9698010184209
-2.02536322079722,-0.190976497908084,-0.111413656852808,-0.259863036080182,-1.0293751088838,0.313958715976793,-201.715926566828,4.22805920754399,-5.41984204984129,-0.497686439581068,0.248396663451946,36.9585765373496
-2.02638845600269,-0.190712367797088,-0.111392233719461,-0.259729968659876,-1.02880179262277,0.313296971591286,-201.9237262559,3.97666826244495,-5.35610125294349,-0.496243409167669,0.248148529735365,36.980522240518
-2.02754477697273,-0.1901555074585,-0.111137740825084,-0.259423449690151,-1.02807609507387,0.31251670535363,-201.002919023099,3.38709207091051,-5.17749042848175,-0.494100222252096,0.247713262811683,37.0431090086384
-2.02882740655111,-0.189332389034369,-0.110666756038158,-0.258959399129487,-1.02721681509807,0.311638925951673,-202.941592869998,4.15965467897013,-5.28037656057518,-0.498299928467413,0.253481283781789,37.0176584764826
-2.03022838465009,-0.188289017122862,-0.110009999058184,-0.258367652893617,-1.02624827435476,0.310690534756989,-201.547716308478,3.9815550078124,-5.3889297027757,-0.499036358853503,0.248933926118149,37.1048316843148
-2.03173584248951,-0.187072279576276,-0.109200358403695,-0.257676674210884,-1.02519657320393,0.309697841067041,-202.59569991995,4.54398849921381,-5.39093241875094,-0.503969423946056,0.249406339923442,37.096121763084
-2.03333148712518,-0.185746374776298,-0.108284346377399,-0.256928163779789,-1.02408957956819,0.308684236053086,-202.83924791024,3.98209720435716,-5.35287716735206,-0.505097871032687,0.253152552343603,37.1134662803956
-2.03498871822878,-0.184374373199281,-0.107310795800415,-0.256159297324699,-1.0229643022893,0.307678939564141,-201.72615573878,4.37577679237211,-5.40064182653859,-0.506206503575754,0.251869244121105,37.1754845312718
-2.03667964465983,-0.18302579666244,-0.106335018145919,-0.255409608324911,-1.02185815346526,0.30671039053346,-203.653988043086,4.5564302593375,-5.50922424736731,-0.505808145230588,0.255003540117766,37.1386437654246
-2.03836891057754,-0.181760686988376,-0.10540700997438,-0.254713755524459,-1.02080585006231,0.305798585211389,-202.09751096114,3.40405577544948,-5.37936129103664,-0.504707616411107,0.250522003473915,37.2178496305565
-2.04002082474786,-0.180636243405981,-0.104576887317771,-0.254101509684934,-1.01984540979244,0.304965859507455,-203.172711732601,4.45850974993982,-5.40671086020248,-0.50227255675663,0.253162350708903,37.202125453296
-2.04160083107344,-0.179702580636365,-0.103889448411098,-0.253598547224377,-1.01900690824536,0.304228212940073,-203.447058172762,4.02767538127955,-5.37463864423785,-0.503383435519965,0.250248638262472,37.225597400619
-2.04307769501994,-0.178992855977951,-0.103377593845487,-0.253220836359089,-1.01831481376716,0.303595238358331,-202.416723613703,4.16038441187766,-5.27809656639545,-0.501003826846816,0.245884882174971,37.2927186675077
-2.04442440626355,-0.178525112840346,-0.103063039802963,-0.252974497008396,-1.01778694159696,0.303071203532429,-204.238457295739,3.96975375505349,-5.56995672008676,-0.503302533111673,0.251405299786347,37.2648793086484
-2.04562380583292,-0.178303966463069,-0.102954597114713,-0.252860733439334,-1.01742589019904,0.302649474889122,-202.816301275855,3.88874680837785,-5.49724959680228,-0.506813034738986,0.249490642280908,37.3414732677812
-2.04666794421852,-0.178321018780777,-0.103048860358445,-0.252874821686153,-1.01722529089661,0.302319383805914,-203.832830262693,4.29233509283131,-5.56608213527392,-0.509186787523258,0.251683097665753,37.3378428353183
-2.04755822028908,-0.178553647254368,-0.103329592814531,-0.253004078698445,-1.01717005344239,0.302064782461226,-204.183697510886,4.15163438352965,-5.55669736823063,-0.510269873200782,0.253641843764639,37.3635361007707
-2.04830175090299,-0.17897623152975,-0.103775226204518,-0.253235148683352,-1.01724002767483,0.30186887211712,-203.272921455837,3.98582467981123,-5.45627183880029,-0.510870483772836,0.251243816887474,37.4180845294115
-2.04891434481914,-0.179547973293738,-0.104351139186028,-0.25354457618779,-1.01741133877112,0.301714567230966,-205.002608213198,3.66637446664822,-5.47252016559605,-0.51155415649801,0.254150220071473,37.3754355212819
-2.0494197603659,-0.180226490031554,-0.105018159637002,-0.253906648005287,-1.01765779276775,0.301588574253151,-203.403250436362,3.11296326193724,-5.49729817291274,-0.509874704428878,0.249947741108227,37.4508292776084
-2.04984526500901,-0.180966984738325,-0.105734541379053,-0.254291368394167,-1.01795619162009,0.301482045506538,-204.5721571924,4.02405185549878,-5.38364535120493,-0.506436028886202,0.249555544568368,37.4403257528681
-2.05021273870661,-0.181730468309945,-0.106464113774138,-0.254669719064134,-1.01829195551077,0.301392711719888,-204.841756911463,4.83293185631851,-5.29349034653919,-0.503930985527628,0.25522815238683,37.4704114164157
-2.05054899539283,-0.182473359267183,-0.107165850132863,-0.255007697075044,-1.01865106514832,0.30132152318496,-203.699651480046,4.61025888801828,-5.41920091725191,-0.503520306064883,0.248483398016147,37.5345187073488
-2.05087266713307,-0.183163078886093,-0.107808040586667,-0.25527622395618,-1.0190287850914,0.30127496783923,-205.750581493987,4.20005466776252,-5.50039278817991,-0.507247197375952,0.25435130485708,37.5086259354558
-2.05120211720839,-0.183770397723928,-0.108362330875168,-0.255447327675481,-1.01942225734789,0.301261786842527,-204.265606901702,3.53809255593501,-5.38373666560054,-0.511046833651167,0.248381177677352,37.5962603267026
-2.05155415858363,-0.184261705544881,-0.10879791995728,-0.255489864900363,-1.01982764764265,0.301286898707529,-205.265863359312,3.85516342427741,-5.41151354215029,-0.51416629685513,0.250188749813457,37.5857059118442
-2.05193326410632,-0.184619580996035,-0.109099097357681,-0.255384128161128,-1.02024970446669,0.301358838881611,-205.556090588648,3.26533055686559,-5.43632993897572,-0.515142765139998,0.255416302345606,37.6008017890962
-2.052349120411,-0.184820359186833,-0.109244696303766,-0.255112274780717,-1.02068089634598,0.301474783493023,-204.415041279359,4.71136807566904,-5.30052261992282,-0.513375400627763,0.254618203647316,37.6545570890059
-2.05280563899829,-0.184857786833454,-0.109226579528377,-0.254673829737926,-1.02111082128351,0.301624328840017,-206.26199464663,5.00160939883631,-5.47896320833752,-0.514518809994041,0.251988341518572,37.629231027724
-2.05331516498072,-0.184718377507818,-0.109030990402159,-0.254066770205221,-1.02151626763691,0.301788692724177,-204.863486758809,4.59826211189761,-5.51293348096038,-0.509460833275168,0.249905285343434,37.7107892874989
-2.05387919849572,-0.184417681051866,-0.108668372995409,-0.253314710348311,-1.02188199097513,0.301950398180578,-205.783432459343,4.09267810896222,-5.60519317173768,-0.509949483225205,0.250245251646404,37.6967565172476
-2.05450353748402,-0.183964349177505,-0.108144731629306,-0.252440792887712,-1.02218350992059,0.302082543817397,-206.216605061279,4.98032902079603,-5.57581478696574,-0.508209103355195,0.248865450170277,37.7283861145447
-2.05519121611551,-0.183394971522858,-0.107488383588613,-0.251487599272127,-1.0224046745417,0.302166047148071,-205.118130035817,4.56987952810459,-5.56274979398447,-0.506217444098063,0.248961313171351,37.8007264115653
-2.05594327640424,-0.182740860840116,-0.106725956224518,-0.250496446814586,-1.02252776657876,0.302177934093939,-207.105508551115,4.39664607097416,-5.6456500020808,-0.51329905672574,0.253742320634835,37.757748127989
-2.05675162384149,-0.182061625702264,-0.105909527635912,-0.249524428553124,-1.02255447288,0.302110710199723,-205.455928208449,4.59560694181255,-5.55945398788131,-0.516365951242972,0.25273973486725,37.8290023327664
-2.05760647572484,-0.181421096017472,-0.10509637783476,-0.248628034230753,-1.02249490344822,0.301966180716701,-206.612252494077,4.56407363128255,-5.53794930090427,-0.515304036039543,0.254049017970668,37.8153930371841
-2.0584879824977,-0.180895080633515,-0.104357245679826,-0.247865776503068,-1.02237567588268,0.301757560341793,-206.900638449104,4.66140008607135,-5.45956031890469,-0.514398723512918,0.254995298132777,37.8367839840437
-2.05937788422426,-0.18055817883937,-0.103762538957839,-0.247288745402062,-1.02223212952663,0.301508994561527,-205.71393775481,4.56185120887039,-5.41562505095266,-0.514670566316654,0.255013423946271,37.8982304120527
-2.06025411837669,-0.180463151047462,-0.103367380503598,-0.246930009733801,-1.02210034256705,0.30124567931288,-207.703471697143,4.87307019505761,-5.5910940127558,-0.517752547742377,0.257180314538935,37.865844618332
-2.06109482842508,-0.18065138628,-0.103218859239367,-0.246810977820819,-1.02201832195223,0.30099406763584,-206.078209748191,4.10045695058193,-5.45789269368825,-0.514958674514638,0.248937849617991,37.9515987181531
-2.06188066874525,-0.181143927987743,-0.103347093478461,-0.246934960203506,-1.02202019274723,0.300780555440014,-207.156951087989,4.1357210005674,-5.48421808317494,-0.514070275587306,0.251239956235818,37.9468085152122
-2.06259728018272,-0.181945050698749,-0.103766243759776,-0.247293045494423,-1.02212985498444,0.300624478547486,-207.365929549411,5.09360731492529,-5.78571039944978,-0.512864643334388,0.251884664506709,37.9729975339706
-2.06323709326845,-0.183021570426442,-0.104459332187471,-0.247851667887734,-1.02235577722173,0.300532918028798,-206.552296052548,4.67411608045609,-5.65748435311198,-0.512142951725767,0.25081669260122,38.034858824003
-2.06379864741152,-0.1843361431873,-0.105400958991607,-0.248574798398013,-1.02269648205255,0.300509137563927,-208.409024094555,4.52585462987486,-5.55890473242766,-0.515017404087006,0.25332954602864,37.9959904242513
-2.06429182705214,-0.185814705850394,-0.106533639489536,-0.249403948136532,-1.02313366137729,0.300544066600622,-206.79273078706,4.61279809325606,-5.62047812210321,-0.518533175296818,0.251918022338905,38.0718029565869
-2.0647292818844,-0.187381189526571,-0.107794503401503,-0.25028253108913,-1.02363961760756,0.300621274673706,-207.857396216496,4.25136180720119,-5.55171113706109,-0.523979298268927,0.257297430247858,38.0602109914982
-2.06513239692472,-0.188946829562976,-0.109106852031888,-0.251149412386186,-1.02417283587984,0.30071381244063,-208.324643301365,4.92434469832574,-5.4948165296631,-0.521208193610965,0.258790135534777,38.0837144641701
-2.06552858242966,-0.190424447976531,-0.110392194666965,-0.251945097736906,-1.02469308367151,0.300800183978527,-207.237463458201,4.32141057135891,-5.58303466649448,-0.515895605166151,0.253133042921501,38.1500624157469
-2.06594533340928,-0.191741035186663,-0.11158082366485,-0.252622254803831,-1.02516128771176,0.300859801210054,-209.092582434975,4.64133834807444,-5.66434570582476,-0.517738364180704,0.253772064109781,38.1107621336403
-2.06640074823067,-0.192838165672096,-0.112616443470688,-0.253144757349859,-1.02555024687005,0.300876258447815,-207.342314629498,3.27079271099569,-5.65160396456031,-0.520632403784375,0.250782657991057,38.1922569178499
-2.06691277052,-0.193660253075037,-0.113445900256777,-0.253477308599755,-1.02584273668317,0.300844495742676,-208.505587980116,4.25601119745852,-5.57256879689552,-0.516974410757045,0.251028167208852,38.1845834249884
-2.06748691874078,-0.194184539973479,-0.114043429087212,-0.253607660444872,-1.02603627549276,0.300765078637894,-208.820353477837,4.36953442758545,-5.59334748708716,-0.516052207298378,0.252984005643017,38.2030318829096
-2.06812154477409,-0.194408396335798,-0.114401281563249,-0.253536597952846,-1.02614324574144,0.300648103486556,-207.656180676595,4.23016860997382,-5.62856073464116,-0.516592508523581,0.254713367620963,38.2610153389869
-2.06881106373947,-0.194332683965011,-0.11451782666693,-0.253267152864408,-1.02617749997416,0.300500307042514,-209.60541206476,5.47935143601171,-5.6008524428411,-0.522540380058142,0.259555812863196,38.2258558397085
-2.06953621427696,-0.193991441769819,-0.114420535325009,-0.252822045306751,-1.02617627781893,0.30034705062643,-208.127835835225,4.70528808000336,-5.45349976733328,-0.522618891119264,0.253251792600633,38.3078206289264
-2.07027920754665,-0.193421364661154,-0.114140239773033,-0.252226191885587,-1.02616927845921,0.300203188222909,-209.072205654097,4.41317494697319,-5.57035897401025,-0.528060000382729,0.258370388959202,38.3023176306516
-2.07102082809632,-0.19267371139511,-0.113719805956616,-0.251514203218866,-1.02618553534561,0.300082257480218,-209.481301406924,5.00044242982835,-5.67137061944075,-0.525395650073127,0.254321918389316,38.3386176141251
-2.07173838015354,-0.191808719611858,-0.113210280170921,-0.250726246103933,-1.0262539370428,0.299995970663286,-208.548790558689,4.30353049017026,-5.65672881532413,-0.521501530233972,0.254307159617141,38.4085385963891
-2.07242331322411,-0.190882717303062,-0.11265754968318,-0.249898855163105,-1.02638841189376,0.299949523966552,-210.464582535692,4.62621777779236,-5.59036626660009,-0.526800356913204,0.256130123330541,38.3701794162753
-2.07306661581263,-0.189963569345571,-0.112114900223056,-0.249076354699082,-1.02659914966615,0.299946073939444,-208.869593818311,4.3823416427324,-5.65000688041135,-0.522732905688069,0.253465465319004,38.449020106946
-2.0736665083889,-0.189110956310137,-0.111627703590181,-0.248298472295325,-1.02688710707424,0.299982909868062,-209.877340592973,4.32133088376713,-5.74975256564048,-0.526861621671161,0.254800181080223,38.4401763398042
-2.07423110767842,-0.188387081669099,-0.111239401642536,-0.24760641604523,-1.02724079000775,0.300054378202429,-210.226195899978,4.96162552124656,-5.5949172190092,-0.525342964849298,0.25559448504303,38.4572615447078
-2.07477919164895,-0.187836925361122,-0.110977210754961,-0.247030911588905,-1.02764025156013,0.300153586718629,-209.055940102362,4.38469344580062,-5.61413774496594,-0.521184133253494,0.25310780497904,38.5198510692562
-2.0753257928436,-0.187499621967735,-0.110864233444907,-0.246596537257423,-1.02807206600719,0.300279769845551,-211.172965498638,4.67861335724797,-5.79696774973246,-0.526510973915532,0.257391801909886,38.4777106135504
-2.07588605306058,-0.187408351334247,-0.110918536354197,-0.246324677312243,-1.02852304751342,0.300433287279298,-209.289724962672,4.16246042999182,-5.61092045874358,-0.527250351633878,0.255082152308298,38.5626074249638
-2.07647514016159,-0.18757663685608,-0.111141794863473,-0.246225523108056,-1.02897990645978,0.300616848211309,-210.568628715758,4.77586149015906,-5.72229977845163,-0.529823804994898,0.255568169689587,38.5608978616888
-2.07710530626099,-0.18800903722372,-0.111530372140872,-0.246300545015605,-1.02943840408295,0.300839972166818,-210.871692230134,4.65968544736484,-5.65656964294337,-0.529145081924004,0.250689661611202,38.5818168747004
-2.07778071416853,-0.188690327297157,-0.112069187238961,-0.24653894854446,-1.029899309123,0.301112567134799,-209.876244124047,4.51687987978289,-5.68884103304998,-0.525828154555801,0.253563893317524,38.6445442032353
-2.07849466757679,-0.189591416879082,-0.112737813514743,-0.246920724771293,-1.030372689213,0.301445836798209,-211.760674584413,4.40375562438953,-5.77254020911946,-0.529985515675606,0.257186776531112,38.6200058777776
-2.07923873854629,-0.190670356496693,-0.113507302166184,-0.247418393041548,-1.03086795254311,0.30184693114961,-210.346086429682,5.35120487919585,-5.64004699917038,-0.527904644100533,0.254647557029828,38.7050053070452
-2.08000234872937,-0.19187955080161,-0.11434817516666,-0.248000520943909,-1.0313970313896,0.30232242367902,-211.311004363836,4.91104842524214,-5.81495179228736,-0.531421435256918,0.256971553511034,38.6934386326592
-2.08076781600681,-0.193162443129981,-0.115229668310431,-0.248627574107511,-1.03197347246119,0.302874231851799,-211.561638793814,4.62810949509276,-5.77158006985584,-0.532153338555736,0.255025135904182,38.7038381779787
-2.08151850451579,-0.194461943027352,-0.116123002069328,-0.249261470071996,-1.03260598790004,0.303497304274169,-210.398847552416,5.22274017044015,-5.63959877505414,-0.528069031388085,0.258165332495784,38.7712363141933
-2.08223582873187,-0.195735447157291,-0.117011856838983,-0.249873466159722,-1.03330451816007,0.304185357518335,-212.497500498512,5.02076432036688,-5.7047727114923,-0.528952517201548,0.257443934146362,38.7192067526392
-2.08290665627891,-0.1969453535799,-0.11788351208998,-0.250437911559671,-1.03407195738679,0.304927269848545,-210.62132168489,4.31350188939587,-5.71480206639612,-0.532054905307957,0.255429596126905,38.7981310781826
-2.08352776381632,-0.198053006224702,-0.118721649273592,-0.250930229887062,-1.03489821475009,0.30570246134028,-212.005611345931,4.54609509080865,-5.69083808265012,-0.530814360990032,0.253569674654726,38.7820109946985
-2.08409343864733,-0.199043655962537,-0.11952761374157,-0.25134048084224,-1.03577709704677,0.306493952417138,-211.973228063114,4.57359795961406,-5.76291873860094,-0.528967318259766,0.254488210487637,38.8163766687555
-2.0846139151521,-0.199895718919294,-0.120291387385299,-0.251657168427103,-1.03668539077278,0.307276668791918,-211.177768553308,4.04754403668699,-5.66744536288098,-0.52748068117852,0.255966336539171,38.8826586008893
-2.0850929868478,-0.200608797034793,-0.121015036024565,-0.251883541587573,-1.03760671601671,0.308030900905529,-213.115778225885,4.79380709076941,-5.78103872628074,-0.533052100302383,0.257581145216741,38.860971770522
-2.08554694068827,-0.2011786695874,-0.121691003842604,-0.252019648099008,-1.03851628607051,0.308738203947025,-211.655118152613,3.82492896007557,-5.83371970055822,-0.532258809025028,0.256211491195863,38.9339518537187
-2.08598895953582,-0.201616980035007,-0.122318733630992,-0.252078265542056,-1.03939456612087,0.309385405665152,-212.708551232373,4.51900998050587,-5.75681108820331,-0.538792111929327,0.2570935557049,38.9331226217187
-2.08643369208546,-0.201923673399939,-0.12288563182491,-0.25206424046879,-1.04022073136857,0.309960159291759,-213.013504575353,4.56650662715424,-5.7250471714907,-0.538986230487001,0.25824852304649,38.9609129362612
-2.08689140598135,-0.202116016683286,-0.123387585063119,-0.251993667324296,-1.04098083351706,0.310455648813849,-211.939922466609,4.58725157048366,-5.6062473619688,-0.537855769552443,0.257351210322355,39.0133416911265
-2.08737837098097,-0.202194216692777,-0.123803201018669,-0.251870423870842,-1.04165551599644,0.310865138724408,-213.651365145983,4.08918147629743,-5.72683543664769,-0.539329593829212,0.25892425993209,38.9715786701881
-2.08790364681009,-0.202153626354026,-0.124108162491176,-0.25169386742918,-1.04223400582757,0.311186197135631,-212.272047646768,4.65179642319322,-5.67749402876376,-0.533847780823488,0.255552994944274,39.0564967710105
-2.08847180299453,-0.201999536811803,-0.124286444528876,-0.251467902468335,-1.04271226958074,0.311421433289544,-213.300294552378,5.17919498502556,-5.79187449486631,-0.535804238960295,0.255879411409404,39.0485311873438
-2.08908590222661,-0.201737357579379,-0.124323660264641,-0.251194655788273,-1.0430876004418,0.311573463320083,-213.560850185861,4.35530986659342,-5.77807313532884,-0.534605174036664,0.259037101675314,39.0688047776218
-2.08974656020111,-0.201377868928154,-0.124212060348887,-0.250877221600584,-1.04336344165289,0.311648631681655,-212.549724278256,5.23526481690828,-5.63884806257067,-0.531809070062164,0.254218147451169,39.1413980417585
-2.09045200261301,-0.200923744886039,-0.123942374137748,-0.250511609878928,-1.04354148973044,0.311648118054121,-214.429912978283,5.1684119420961,-5.72338467551563,-0.53825642346284,0.258367708338899,39.1020063705877
-2.09119623923722,-0.200391804771257,-0.123519911051021,-0.250102300289518,-1.04363190063434,0.311579469204924,-212.809324005665,4.39838285206429,-5.86335135601917,-0.538465985384386,0.255556645489269,39.1793214868024
-2.09197695002613,-0.199792061562587,-0.122948530473047,-0.249647913593873,-1.04364088497951,0.311447062864097,-214.002316716119,4.86768215198458,-5.91383061813551,-0.540560614227509,0.259023336978302,39.1709006248247
-2.0927851158806,-0.199154354634713,-0.122251211363438,-0.249159178725514,-1.04358209011174,0.311260651993863,-214.267031632876,4.6995849332302,-5.85218904535537,-0.539595071823408,0.258969018590719,39.1926497286768
-2.09360914695527,-0.198516085004759,-0.121460679043101,-0.248652622669034,-1.043473458091,0.311032364704104,-213.306655064811,4.5607613288098,-5.66368303311995,-0.536985945373609,0.257952379918592,39.2529952768192
-2.09443455569025,-0.197920988535044,-0.120617142239186,-0.248148766888847,-1.04333700844539,0.310779285095348,-215.024328830325,4.72410327233615,-5.78990470259367,-0.53862628851002,0.262859043218049,39.2180061977649
-2.09524646547323,-0.197413856975609,-0.11976209514236,-0.247669295950473,-1.04319844161602,0.310525477810656,-213.533996341973,4.98355728894262,-5.75829080208351,-0.541251410844905,0.255517042781866,39.2987457867434
-2.09602488407781,-0.197046891009353,-0.118945300947003,-0.247242532757453,-1.04308956239467,0.310299956645982,-214.624681374205,5.6128004470022,-5.84136840186022,-0.539985456012103,0.253865028637635,39.2946943745477
-2.09674848835888,-0.196861677266257,-0.118209242497802,-0.246891718821658,-1.04303841531333,0.31012913835351,-214.992911837153,5.20106123952928,-5.82823624891253,-0.53555550491447,0.255841089540882,39.3208162458378
-2.09739790862279,-0.1968910110858,-0.117589943688537,-0.246634845625703,-1.04307457456406,0.310043832691329,-213.771426322682,5.06226502643653,-5.77848011442501,-0.534912252246544,0.257994626009136,39.3929344456397
-2.09795935702375,-0.197157226393906,-0.117114527007319,-0.246486094093531,-1.04321986743005,0.310070689496804,-215.908994760256,5.83236799602514,-5.93459360130566,-0.53885402092237,0.261408067061892,39.3406571480775
-2.09841483544976,-0.197668597384474,-0.116800858214136,-0.246451938635159,-1.04349217913389,0.310228432068971,-213.872067431298,4.61989535547787,-5.7428777959251,-0.543525972903588,0.256098269144587,39.420167902298
-2.09875575665843,-0.198404582839819,-0.116644938734777,-0.246521129805631,-1.04390129785956,0.310532078151709,-215.456328581901,4.66732608958478,-5.73144047855087,-0.544745652537339,0.260909902940532,39.3762926840564
-2.0989770314063,-0.19932205879221,-0.116625477016459,-0.246670178007426,-1.04444571708729,0.310983322601844,-214.923655078056,4.85776491446882,-5.75847085843574,-0.545075741562752,0.260887699589264,39.3758660466319
-2.09908037946022,-0.200366306423652,-0.116712552472653,-0.246870971892332,-1.04511419212991,0.31157327720876,-214.040780484254,4.520820393843,-5.84210028140379,-0.538330367514986,0.257269155997497,39.4092690536744
-2.09907829147114,-0.201460626459647,-0.116858646438559,-0.247083144970315,-1.04587780383332,0.312275374769413,-216.140940412659,5.59245259239719,-5.95434848466442,-0.535888801597838,0.260302192548851,39.3455934137977
-2.09898209739682,-0.202527434422416,-0.117016274767152,-0.247266368092799,-1.04671117353821,0.31306399427109,-213.654907112841,4.5396493711014,-5.74476067581091,-0.53767462290428,0.257664555038942,39.4214439869637
-2.0988162058966,-0.203478773544264,-0.117127915302912,-0.247377218533852,-1.04757096181768,0.313896077973722,-215.924805827183,5.48583571168183,-5.87919162735699,-0.532823644318281,0.262437404974903,39.3645901337969
-2.09860810988193,-0.204233365602654,-0.117139220399252,-0.247376769609013,-1.0484119984531,0.31472675572103,-214.371461230375,4.48569925999641,-5.80908352175388,-0.537291082079138,0.25616462571736,39.4129263329266
-2.09838073544702,-0.20473116590505,-0.117010951786278,-0.247243059363254,-1.04919314233819,0.31551058820683,-214.947324704442,4.53836408444818,-5.73348882467127,-0.534606330992761,0.256636042945805,39.4064373331847
-2.09816112402823,-0.204919775110428,-0.116708725116548,-0.246959263698451,-1.04987051716728,0.31619988251226,-215.679358567252,5.52288538757762,-5.76528600260502,-0.541916163152411,0.259504118468671,39.3811962626342
-2.0979717752906,-0.204782844517141,-0.116223557812371,-0.246529635850677,-1.05041190436211,0.316759807436343,-214.088825079912,4.96079135987384,-5.78715096130509,-0.543234342414241,0.260946755428578,39.4249393280993
-2.097829825142,-0.204320592773108,-0.115557979236609,-0.24596773137653,-1.05079538631995,0.317165033993,-215.925554855602,5.25694289408602,-5.74039580009665,-0.543992508508483,0.263476505524994,39.3587987786268
-2.0977376313818,-0.203572175504283,-0.114746023796449,-0.245307952020581,-1.05102133907405,0.317409744051745,-214.247883159449,4.22116390523865,-5.74396789844985,-0.543587732128678,0.261264997379275,39.3982642489365
-2.09769955311821,-0.202578592697511,-0.113820765515452,-0.244583866333841,-1.05108995432424,0.317491847428033,-215.102122846023,4.71279492963208,-5.94255956300472,-0.53775488331623,0.259090621160318,39.3707922369523
-2.09771037315996,-0.201397046557018,-0.112826821807934,-0.243834073571088,-1.05101846509493,0.317427223603212,-215.02437827395,3.80933217522329,-5.8783773249676,-0.541869482970871,0.260609791073596,39.3559310278046
-2.09775231060733,-0.200098069694028,-0.111822273302083,-0.243099917984948,-1.05084061845592,0.317244140772558,-214.201610349519,4.45883202412438,-5.83551579939862,-0.536091986993173,0.256260983185713,39.3854944661039
-2.09780422314655,-0.198748827355054,-0.110862104428568,-0.242417274897156,-1.05059554412961,0.316979316508492,-215.325820419744,4.47550064764732,-5.68911943191299,-0.536904795764343,0.25839782641319,39.3477998790976
-2.09784637916412,-0.197414001311807,-0.109997442596168,-0.241816565906414,-1.05032394226921,0.316673049579756,-214.530388901844,4.71150342550095,-5.79716735892157,-0.536773826942476,0.260173372510327,39.3670866255755
-2.09785245997095,-0.196145638550495,-0.109270821166246,-0.241316927302322,-1.05007002594642,0.316366464878707,-214.796492988436,5.42878106733519,-5.81685033036268,-0.535276585712408,0.255878166093767,39.3497571264648
-2.09780072842706,-0.194978444511472,-0.10871105674558,-0.240924524462275,-1.04987478850995,0.316099034771981,-214.993901830751,4.57381122452307,-5.86499895235877,-0.542192347957204,0.258961568559247,39.3400304400705
-2.09767572395625,-0.19394117307756,-0.108338537791112,-0.240642638264673,-1.04977025358403,0.315902693370344,-214.229568404258,4.77436623354242,-5.73984344027744,-0.537707916629422,0.255832498549184,39.356739977226
