disp_x_mm,disp_y_mm,disp_z_mm,Rx_deg,Ry_deg,Rz_deg,Fx_N,Fy_N,Fz_N,Mx_Nm,My_Nm,Mz_Nm
0.168217609181833,-0.23582130819274,0.0765332454853799,-0.644699028136731,-3.81573257840003,-1.53184572876865,-2.38565853136237,0.0599063561896855,0.33142154543998,0.0262793330641165,-0.0406581213892262,0.396900880220454
0.167946591279884,-0.236209056921016,0.0761702825569557,-0.644629015981404,-3.81568952563863,-1.53154508541788,-1.3127921430891,0.217526454058316,0.25117756245163,0.0293784204175815,-0.0363338605430724,0.448956014273644
0.167706906428501,-0.236774187824411,0.0758708874151937,-0.644425541034496,-3.81562110652825,-1.53126051545685,-2.15025904844669,-0.0814650685763354,0.199855496041351,0.0255614480418394,-0.0380824987207285,0.417013583549941
0.167512009344265,-0.237471701350415,0.075619019978682,-0.644118747511209,-3.81553382515716,-1.53100426340626,-1.9098415894116,-0.0718810121868501,0.243345036223985,0.0234050164356092,-0.0434837961983934,0.425944776804335
0.167375463819629,-0.238248294295293,0.07539665658389,-0.643745713846564,-3.81543225220957,-1.53078631328085,-1.46403937965886,0.969830440900523,0.180691055352213,0.0246614023670277,-0.0404771910168222,0.445289724042896
0.16729259875242,-0.239030081355621,0.0751681528173364,-0.643359840093494,-3.81532758760383,-1.53061090777922,-2.54158819231452,-0.100728884473483,0.173811569415079,0.0229939503078413,-0.0433575475482811,0.415160606503279
0.16726376888259,-0.239729429843198,0.0748944847812108,-0.643027190368789,-3.81522016380553,-1.53047137903408,-1.42675387562463,-0.298106723574165,0.19515605142368,0.0268738625940177,-0.0415636771048766,0.452169130079549
0.167264666342592,-0.240279765149632,0.0745406024292515,-0.642792783831774,-3.81513218229356,-1.53037375336718,-2.27277470650949,-0.371571678343571,0.333570384881426,0.0278268593199411,-0.0365798130902647,0.423663944613787
0.167275227996448,-0.240619248490619,0.074077427399792,-0.642703149651054,-3.8150759819609,-1.53031418148548,-1.96177369565504,-0.252280501185624,0.24011089779583,0.0245021990404855,-0.0383413212556613,0.434572581716284
0.167279798364002,-0.240714342182519,0.0734921011215972,-0.642782560500106,-3.81505876402706,-1.5302881400576,-1.70808822121194,0.752827903565503,0.179898060571105,0.0204680876310572,-0.0389143094991077,0.444328368955553
0.167255249075971,-0.2405565912985,0.07278495314877,-0.643039683035065,-3.81508922599107,-1.53028820193956,-2.22110681777536,0.162119736938848,0.218930639081549,0.0164726223133651,-0.0420705347726317,0.413719882236836
0.167181337691533,-0.240165372138911,0.0719723786185772,-0.643459136357885,-3.81517937611037,-1.53031568182707,-1.33147670383437,0.431259060083221,0.207937510154835,0.0167205194381705,-0.0432528091136495,0.447246336380762
0.167043781549341,-0.239594234033106,0.0710907716465187,-0.644000069713484,-3.8153371198042,-1.53037366826702,-2.08547326615053,-0.413245025478773,0.24086838953798,0.0159348262183236,-0.0369616415379729,0.421085452960012
0.166836045601986,-0.238905346822568,0.0701825490591957,-0.644614421253332,-3.81556640595887,-1.53046734921192,-2.04167742176367,0.185347951284257,0.332858021543217,0.0191458038346264,-0.0334180405807786,0.430712800340696
0.166553997075118,-0.238175770487585,0.0692963721497453,-0.645240460247202,-3.81586999889142,-1.53060466903698,-1.46015223057344,0.0380665949983268,0.20207699252461,0.0253193326361552,-0.0380440693974196,0.440437537354132
0.166203095741549,-0.237477315517184,0.0684794459654718,-0.645820898287668,-3.81624337580051,-1.53079102614547,-2.44511573622913,0.5435007200972,0.148103411022902,0.0228915654843775,-0.0423625399104565,0.408033017149927
0.165791908834082,-0.236886250421296,0.0677808659206822,-0.646294094858284,-3.81668235632874,-1.53103500809808,-1.45633935488218,0.504183255021644,0.206123652919331,0.0191810829010022,-0.0394586856201989,0.449854271604845
0.165339148459644,-0.236453352618732,0.0672351402683344,-0.646618812449473,-3.8171714793737,-1.53133643726974,-2.25049827100185,-0.462112076576886,0.165011620402225,0.0169439432586578,-0.0393357576536313,0.424222479110767
0.164867258521151,-0.236202373302179,0.06686188264309,-0.646773988628098,-3.81769025608471,-1.53169181976089,-1.9715923388726,0.64556241399282,0.188628830895738,0.0172401617088029,-0.0389477976922583,0.431770162668669
0.164392571412189,-0.236135305805414,0.0666631053084448,-0.646751631991662,-3.81822556884403,-1.53209950358125,-1.40601736081067,1.02282929964372,0.163526722616609,0.0219702638302941,-0.0390915503236011,0.449368135896612
0.163941894514483,-0.236229600592038,0.0666317199261308,-0.646572211617308,-3.8187428913735,-1.53253598717067,-2.53360169862685,0.35961713663869,0.122362886836697,0.0216248291166043,-0.03888342455692,0.41916789135634
0.163534105651158,-0.236439218635548,0.0667421160280663,-0.646270738190168,-3.81921833988177,-1.53298365553376,-1.3924913153391,0.105263784708995,0.28836698202204,0.0253855846531437,-0.0390419336609777,0.453365542503014
0.163193474773558,-0.236699919947657,0.0669606914570885,-0.645898951259476,-3.81962076147541,-1.53341863938535,-2.03233311109182,0.429419597315018,0.183039787086898,0.0202155146035126,-0.0426650759199142,0.416892987868608
0.162931944363975,-0.236955157376093,0.0672531980708147,-0.645507204883237,-3.81992500968075,-1.53381153356664,-1.77311431978569,0.37820116663147,0.272922183318911,0.0186651362551444,-0.0425182040679442,0.430235107396284
0.162753577075614,-0.23715574284752,0.0675884026235197,-0.645137240605737,-3.82011821094849,-1.53414479345914,-1.63161905589652,0.104546788546941,0.420589774487212,0.0239867500172424,-0.0403037263935811,0.446805037928864
0.162652327703248,-0.237260656116721,0.0679358095755944,-0.644822421757346,-3.82020279872556,-1.53441197654458,-2.52574940882931,-0.0689701983239956,0.274002514621799,0.026861037562202,-0.0440432205845859,0.408533203366745
0.162617805337161,-0.237238004127759,0.0682690276374852,-0.644591742494243,-3.82018108194193,-1.53460390582982,-1.34097962287115,-0.0718895898139635,0.251077034990772,0.028033448207744,-0.0386761113995688,0.447088850009595
0.162629483344753,-0.237082237159061,0.0685724070806591,-0.644446226032552,-3.82007726473158,-1.53473251466841,-2.18265247722155,0.0274427331089555,0.222775409255348,0.0245683938286341,-0.0402979220700242,0.413086330845483
0.162662961926692,-0.236800892158104,0.0688377324716879,-0.644379338897851,-3.81992003035378,-1.53481493837173,-1.65505251320002,-0.201097920199345,0.353243836855455,0.0227930089362158,-0.0417062844912664,0.412919372177336
0.162685267742556,-0.236426667626683,0.0690668177595938,-0.644359723536136,-3.81975273508048,-1.53488198221413,-1.45556114802355,0.188580333977825,0.304438863159959,0.0231285735695383,-0.0391625478353803,0.43060042865527
0.162658519659053,-0.235996295657277,0.0692621157044763,-0.644351038691265,-3.81962443134633,-1.53496944182828,-2.29729593953033,0.133082828159559,0.158796413422692,0.0217404497594234,-0.0421247977203227,0.396607690056851
0.162552488896376,-0.235535189142967,0.0694201899824311,-0.644326318649058,-3.81957858163027,-1.5351106293989,-1.22359583152848,0.245000088922325,0.203306933364189,0.0227568750269151,-0.0383385712268198,0.426997788666903
0.162347261550119,-0.235072092199983,0.0695421063729862,-0.644261254282201,-3.81964345205772,-1.53532672139105,-1.94477437736305,0.366231798988338,0.163321257689347,0.0184155444324077,-0.0381609470834342,0.404547885503455
0.162025266620621,-0.234623821127826,0.069622443037414,-0.644140173073517,-3.81984593146845,-1.53563763688322,-1.80534759795603,0.324196822654812,0.2044078169626,0.0200398913347826,-0.041673236605565,0.411107267406968
0.161574546792867,-0.234194989269254,0.0696518510862512,-0.64396441935585,-3.82019700407784,-1.53604621824317,-1.38713272763295,0.00670926107522973,0.199996504191091,0.0228185508502348,-0.0417505061780512,0.419654540634735
0.16100650517564,-0.233772962376305,0.0696196647441748,-0.643755631771484,-3.82067826983429,-1.53653420409316,-2.17437313138532,0.693205487285695,0.0651224856543138,0.0216975792868124,-0.044180379361911,0.386209822332821
0.160342182504117,-0.233333897196287,0.0695115267833873,-0.64354964104526,-3.82125553939984,-1.53706807424091,-1.38149508754276,0.4213168796025,0.172924912484376,0.0210511110241915,-0.0378756530996192,0.430270201715031
0.159613534040011,-0.232842316651244,0.0693126087723523,-0.643396492287196,-3.82188058165577,-1.53760335869913,-2.18404840161878,0.00584120399389576,0.359016196224331,0.0202427461239485,-0.0370272367057352,0.41048000042427
0.158861764871359,-0.232262191276785,0.0690132201731795,-0.643350583915797,-3.82249042253897,-1.53808388415534,-2.01521721073226,0.640147159990647,0.282434086394744,0.0223562662118031,-0.0379095833944683,0.425777610849894
0.158133430696911,-0.231553139353256,0.0686042053957833,-0.643470678986112,-3.82301730832272,-1.53845117514723,-1.52047888891497,0.248792708434166,0.302054954264577,0.0213823369591641,-0.0404423494900112,0.451489741490472
0.157478725480243,-0.230699994512458,0.0680945722699813,-0.643793752509404,-3.82339672435673,-1.53865475663036,-2.44006845529316,-0.101906116664168,0.235840884979666,0.0198981297760308,-0.0451003540687914,0.415278480590024
0.156946528868539,-0.229698859367703,0.067500114151263,-0.644342977210537,-3.82356946985344,-1.53865290082185,-1.30983249044738,0.0472990502892117,0.28516656993034,0.0234812505314905,-0.0407025077484635,0.452364158115923
0.156570978668178,-0.228568531193948,0.0668461632350665,-0.645116066991094,-3.82350083697479,-1.53842593761651,-2.24668453423129,0.460402657733539,0.176461695661374,0.0250003971003054,-0.0399617756136006,0.426287777402822
0.156367358035638,-0.227351175643621,0.0661651802729735,-0.646082998561091,-3.8231836121781,-1.53797716530934,-1.86832601864694,0.402086236465493,0.2216842970183,0.0227528632758887,-0.0377123532319583,0.438372234228946
0.156343904903272,-0.226089939673306,0.065488415940729,-0.647201498851108,-3.82263099760778,-1.53733345808889,-1.48979782137718,0.535207933924312,0.289641347843769,0.0203904267752186,-0.0394204855634356,0.435120128773131
0.156489244530586,-0.224843931544349,0.0648491238745775,-0.648406200685701,-3.82188690727099,-1.53654711852271,-2.20724620838547,0.688600418579654,0.2934371688292,0.0191798924746092,-0.0441261928542655,0.391785102691618
0.156770536576809,-0.223679853150255,0.0642747455687627,-0.64961568424269,-3.82102408290886,-1.53569135090133,-1.29471678204919,-0.192575375885326,0.217467388495692,0.0240879301444776,-0.0462351468449438,0.416238209145056
0.157148397669363,-0.222657853734853,0.0637886623917704,-0.650750076886232,-3.82012299108808,-1.53484612448879,-1.91480188529221,-0.444714614639906,0.144860431027752,0.0196443963726427,-0.0460923676353956,0.365134059664642
0.157571083145796,-0.221821584662459,0.0633967635852687,-0.651735439546726,-3.81928226741863,-1.53410211743098,-1.55543154833799,-0.0311893554303424,0.180726594562827,0.0220978768479525,-0.0384174719357504,0.360455373095717
0.157986981832671,-0.221199797874226,0.0630976584862718,-0.652512441396718,-3.81859437988473,-1.53354067465148,-1.12685652650822,0.223503010649665,0.0651276403938823,0.0210544453697117,-0.0343489141998485,0.365262710004376
0.158346684993614,-0.220806972263428,0.0628836325775609,-0.653037845245655,-3.81813878848643,-1.53322647800745,-2.0033152403177,-0.119108762590031,0.130761153828132,0.0178997814352835,-0.0396333180362919,0.311635779946183
0.158611487774014,-0.220616625122382,0.0627251187514219,-0.653305594767299,-3.81797706363866,-1.5332039490557,-0.826876426479885,0.769657228690676,0.138441925048397,0.0183981394219055,-0.0430800112569551,0.329072200202438
0.158758477433943,-0.220591243000868,0.062594522412029,-0.653330468199598,-3.81814036248534,-1.53348885440491,-1.39998371478748,0.632751321985552,0.10133282339595,0.0157099586621365,-0.0406120128771982,0.29837322136872
0.158777637668097,-0.220672908912636,0.0624581678265728,-0.653152692873649,-3.8186334941321,-1.53406915769635,-1.18247283141272,0.749225023797635,0.11526391272929,0.0173273016965156,-0.042751134191122,0.294206911482454
0.158684754832206,-0.220795397694156,0.0622879379978186,-0.65283304549313,-3.81942015613831,-1.53489720529161,-0.651192689767072,0.346821249088634,0.271970614553339,0.0184080089960275,-0.0405882489680691,0.285989663961168
0.158506588005406,-0.220897193413727,0.0620630935300645,-0.652441592393743,-3.82043966447408,-1.53590014632954,-1.33909724530469,0.274172541190637,0.136937881685157,0.0208557578910682,-0.0412666547491662,0.232181234915518
0.158286076877711,-0.220914604696071,0.0617691977677817,-0.652056872460435,-3.82160535880144,-1.53698514436898,-0.0908781056523935,-0.233913431857218,0.321226661934162,0.0245454776657246,-0.0413649555621422,0.263209237787047
0.158083596937449,-0.220799176776332,0.0614054499908559,-0.651755912870236,-3.82280556977572,-1.53803925464306,-0.99642618352101,-0.0489260687240858,0.303420964077702,0.0256479160960752,-0.0459113568763322,0.215894874684414
0.157948903442418,-0.220520782104888,0.06097822029093,-0.651600325778756,-3.8239393091377,-1.53895809522469,-0.804645312757202,0.102402491790372,0.277125966032827,0.0228527541527943,-0.0443423493305605,0.210805944578582
0.157931855112734,-0.220087179850882,0.0605134585261892,-0.651617521532579,-3.82491577889923,-1.53965412882851,-0.322966094123785,0.349409112998273,0.228349446501738,0.0229901636476426,-0.0431660562738236,0.222930482484809
0.158079168487228,-0.219520518409528,0.060044031367156,-0.651825972670236,-3.82564552642828,-1.54004244334183,-1.18388539435307,-0.179369926902837,0.255399719531056,0.0222071641655828,-0.0407579626554876,0.171735841115769
0.158416051209898,-0.218864955278244,0.0596056832083425,-0.652210259902432,-3.82608134951978,-1.54008057153754,0.0989535320110804,0.0693368924548849,0.265956218144026,0.0289262535889661,-0.0407794308976446,0.185978916194903
0.158956961692065,-0.218187944889808,0.0592418770844548,-0.652729527918084,-3.82619610141024,-1.53974907815354,-0.602819821866319,0.728944671677027,0.190976340515647,0.0302512790491267,-0.0418317435910441,0.136621755095177
0.159705185907458,-0.217554431084567,0.0589891812686549,-0.653334059148005,-3.82598866328503,-1.53905763064258,-0.128806301687007,1.02142321658857,0.236227191799429,0.0317698905880381,-0.0433562326506431,0.128391387401437
0.160644706967688,-0.217037561693328,0.0588800745044096,-0.653955134411061,-3.82549114425488,-1.53804829881635,0.282681237929296,-0.142041588626171,0.144831756688404,0.0323021841858151,-0.0376689973228483,0.13404110090688
0.161748092153934,-0.2166950020376,0.0589334400232684,-0.654523759427438,-3.82475977018487,-1.53678822944421,-0.939507057985168,-0.0445386808949024,0.209459719410916,0.0259482704588985,-0.0376089272290065,0.0849982805184952
0.162971521055194,-0.216588150093406,0.0591652483647407,-0.654960336554919,-3.82387499089677,-1.53536616220126,0.534258247089156,0.189417816583045,0.286195711494884,0.0245991254129576,-0.0407491231707367,0.115465055160108
0.164269698057489,-0.216753802115679,0.0595776401998229,-0.655202381773236,-3.82292212200053,-1.53387524810212,-0.312487572755856,-0.285039754579429,0.23013268000787,0.0240962137045844,-0.0446274171444803,0.073420707850897
0.165593109993419,-0.217209930075317,0.0601609795938717,-0.655200815054792,-3.82198904551486,-1.5324081256479,0.0751828697119095,-0.324678312240394,0.23483500815334,0.0273867584287064,-0.0429987401165937,0.0738139068753725
0.166893663984605,-0.217933872131823,0.0608824352727688,-0.65493784143778,-3.82115878291622,-1.53104950523096,0.453717736250326,0.0900050441598523,0.303611799672893,0.0312297950884761,-0.0384001878824083,0.0704407442434007
0.168130494729785,-0.218892138375235,0.0617071881841413,-0.654413505750092,-3.82049626881665,-1.5298631229965,-0.359327366883349,0.718265730059784,0.369947807203403,0.0272763233440978,-0.0373815260510174,0.0254634319018416
0.169263631455804,-0.220033611495257,0.0625891786167869,-0.653650823287202,-3.82005113192519,-1.52888897568929,0.771602514215999,0.222893391283151,0.315294721820067,0.0293525663740852,-0.0347344047423408,0.056857130534532
0.170273096256804,-0.221292015293892,0.0634814245341344,-0.652695719027667,-3.81984473391501,-1.52814165798321,0.0332686468465795,0.437525632948336,0.262431403305271,0.0276203178910768,-0.0371829895462288,0.0252294900506045
0.171141947200379,-0.222588149892644,0.0643298491730935,-0.651618838270403,-3.81987401458495,-1.52760120284256,0.280726873393405,0.404175893626189,0.133734880852217,0.0230124248066992,-0.043218540366616,0.0161079307771246
0.171858474767388,-0.223853668237298,0.0650858639178203,-0.650489397460512,-3.82012256066067,-1.52723126594761,0.859734475876508,0.379899404376602,0.241214910456307,0.0226225571202368,-0.0426487801744234,0.00914341684797337
0.172432274619466,-0.225016705429415,0.0657059995959069,-0.649388723673229,-3.82054749622158,-1.52697488464466,0.0681601433670949,0.414776610763511,0.210372107293495,0.0228442664293484,-0.0367140785146203,-0.0380319556798749
0.172869012343064,-0.226018829785016,0.066153089059877,-0.648392181891314,-3.82110043386371,-1.52676475603892,0.947058014341451,0.70395754575452,0.339849333623278,0.0290066074662101,-0.0353962906044098,-0.00664579603848559
0.1731971770001,-0.226806720331863,0.0663991286024785,-0.647575834438678,-3.82171163957525,-1.52652075491428,0.229885950932385,0.187946104490265,0.293408616015142,0.0287439877135522,-0.0382251935204554,-0.0523391863883607
0.17344156420724,-0.22735989524128,0.0664349410609979,-0.64698544815968,-3.82232243989272,-1.52617721119886,0.549455993643392,-0.496125530834661,0.194999110518751,0.0262279581202849,-0.0374187523237901,-0.0594980321077063
0.173629207705811,-0.227680928799289,0.06626730681605,-0.646646197892129,-3.82287622967244,-1.52567514900535,1.06807335079964,0.0647816865173354,0.228242151946688,0.021937052296662,-0.0386359782418318,-0.0575418056996844
0.173790873194881,-0.227789587740364,0.0659153698039028,-0.646561383654372,-3.82332552396222,-1.52497225704984,0.287659934442388,1.02888070110635,0.232469821604639,0.0180969297822435,-0.0412615449432976,-0.107915374929289
0.17393890842211,-0.227724690152709,0.0654053466978125,-0.646702644622217,-3.82365808780337,-1.52406170656217,1.4345658730274,-0.156374222731529,0.244914827429596,0.0230925052558701,-0.0372883032266445,-0.0737412859561313
0.174095097953747,-0.227536305399685,0.0647773163947935,-0.647032518059388,-3.8238556748271,-1.52293751358832,0.420893509183657,-0.299797444286014,0.22181706842386,0.0265540382146661,-0.0368026167912053,-0.117748783442898
0.174268524170106,-0.22728197395277,0.0640740030965098,-0.647492654318004,-3.82392987513899,-1.52162500942235,0.922990901623734,0.327903925075589,0.375041125628513,0.0321521441873491,-0.0348082843865999,-0.108232879971687
0.17445874886636,-0.227018002997989,0.0633372531997797,-0.648017414734822,-3.82391015937119,-1.52016642563352,1.51408243538077,0.2529774496561,0.235916702450709,0.0292436970362409,-0.0358880188461424,-0.098120907393207
0.174658154817762,-0.226805307369814,0.0626101198581987,-0.648530820058423,-3.8238379822095,-1.51861627549788,0.641947627706827,0.0161930130411747,0.165595155092973,0.0225831934406342,-0.0410708189784151,-0.141670345891027
0.174858819294334,-0.226691032666132,0.06192982351798,-0.648969520593365,-3.82375313521396,-1.51702486577635,1.64531043834432,0.229506317779624,0.132382278522897,0.0222649148508176,-0.0401918849818511,-0.118271175031521
0.175048256892968,-0.226716036925049,0.0613290592170575,-0.649276059648036,-3.82369833971938,-1.51544203201533,0.76843211917452,0.0962474326679512,0.199540646396485,0.0237249836173312,-0.0396157338299774,-0.147989864480776
0.175213205111656,-0.22690777919645,0.0608305457670765,-0.649406866094737,-3.82371264607405,-1.51391023581234,1.28395111053572,-0.378099713821257,0.409679259940958,0.02990917457908,-0.0350318653227932,-0.135689567570046
0.175335709491296,-0.227264250160756,0.060436518927086,-0.649345681126508,-3.8238295290329,-1.51245978326514,1.46714736650381,-0.814479694336114,0.341548477765485,0.031633598140925,-0.0340454576201038,-0.14472917209998
0.17540656406877,-0.227777856411688,0.0601473846326646,-0.649086193045577,-3.82407131222511,-1.51111165200742,0.844361860958827,0.0048307732217836,0.287964913149636,0.025592692662785,-0.0370811395812158,-0.201501040620449
0.175426884906828,-0.228430078576579,0.0599592065240175,-0.648640425118932,-3.82444113620945,-1.50986828308141,1.8689642778109,0.0696791079376453,0.315686356624838,0.0263354907088975,-0.0374497837808147,-0.175517978590819
0.175402052433991,-0.229189280119781,0.0598586282332282,-0.648037552363437,-3.8249293345878,-1.50871702572997,1.18606931265413,0.412669579913654,0.287050613745549,0.0236900784484546,-0.0394606385591303,-0.214731289084801
0.17534636292769,-0.230016886272846,0.0598293621117288,-0.647314299187753,-3.82551674931749,-1.50763963144199,1.49824122796741,0.462805305706297,0.185716417705208,0.0262962896986978,-0.0394517401243945,-0.222050698235809
0.175266283790466,-0.230872057337228,0.0598497548369692,-0.646511659676955,-3.82618648272369,-1.50661513431437,1.87726201328474,-0.163819421327389,0.204200667338085,0.0243892861183332,-0.0330510824646664,-0.210087267531837
0.175181610428579,-0.231713195081063,0.0599026812836778,-0.645671705028597,-3.8269128264623,-1.50562154183131,1.0374161067171,0.410772879151182,0.218355707842107,0.0199561336738485,-0.0317008397153975,-0.255657394858451
0.175109461973036,-0.232503053811083,0.0599718515519508,-0.644832689945543,-3.8276742268066,-1.50464011312989,2.29201399916144,1.17890718544186,0.204545789457285,0.0209033681698445,-0.0332454916910313,-0.229921999488019
0.175072515333726,-0.233219556164126,0.0600535445276157,-0.644019356312801,-3.82844518987554,-1.50365468964222,1.32783215613284,0.284227419403351,0.2174783827721,0.0170511505190283,-0.0399641369901285,-0.273599497545161
0.175096249647958,-0.233838281132313,0.0601421702797448,-0.643259383460926,-3.82919611834963,-1.5026445021801,1.85055656501976,0.289715438141002,0.210658789613973,0.0221111594560566,-0.038547917304141,-0.266497903620914
0.175194369799492,-0.234339245249188,0.0602318226674972,-0.642568882565543,-3.82991553648214,-1.50160628067628,2.0962903102494,-0.327417934559662,0.395186149708252,0.0223773450380307,-0.0335663463385707,-0.250895664386479
0.175378309791571,-0.23471302589596,0.0603237860555692,-0.641957333182,-3.83059063103717,-1.50053526818895,1.1212278082433,-0.287720355940337,0.252519275294446,0.0183949114173347,-0.0315786520706586,-0.293833018975478
0.175655387637726,-0.234951622713693,0.060417936539273,-0.641431034208137,-3.83121267446814,-1.49942896840783,2.36771390463383,0.409980356499091,0.201726604356537,0.0192285386702618,-0.0340730691495427,-0.266984101728672
0.176027486350357,-0.235052002094037,0.0605146956328829,-0.640993665319433,-3.83177516885137,-1.49828484415918,1.63342795526177,0.512499965386041,0.273661440438758,0.0205353467437033,-0.0424943520560492,-0.304826424671747
0.176482286441836,-0.235018898196788,0.0606140242769547,-0.640643498647602,-3.83228125237538,-1.49710398966027,1.81639245685159,0.0673962091739213,0.279660529522374,0.0271159553049207,-0.0420087726348502,-0.296817326850992
0.177013389479889,-0.234860351308075,0.0607177150143046,-0.640378034711274,-3.83272397410138,-1.49588039226584,2.20253569070144,0.00274355952115002,0.349847794906481,0.0266627565568953,-0.0379570503634061,-0.288757760642356
0.177602921469999,-0.234589793124528,0.0608252356732744,-0.640196603336328,-3.83310095091905,-1.49460439822956,1.55913922712989,0.57360251462751,0.233279286535549,0.0217897930979114,-0.0345837386913535,-0.324297034316261
0.17822133100625,-0.234225941590095,0.0609334658335612,-0.640093723742568,-3.83341892698329,-1.49327089933597,2.6062878073925,0.190388586947165,0.279334190993154,0.0274763685238351,-0.0323227171151649,-0.289155279771065
0.178848866787606,-0.233795523214798,0.0610460951530762,-0.640063990326192,-3.83367101690227,-1.49186473961605,1.58019647214741,0.440639411805023,0.24316944603342,0.0251444210588079,-0.0343470576573654,-0.320347193230291
0.179455972174523,-0.233321175930046,0.0611578922823145,-0.640099679354819,-3.83386541562201,-1.490382455605,2.0656305489922,0.499118489988859,0.148399940440299,0.0223595516342572,-0.0408755857524755,-0.329520693173475
0.180011878644838,-0.232845686983445,0.0612735499195781,-0.640177204075483,-3.83401752452319,-1.48882795490841,2.62884878902241,-0.308708411078896,0.304403639329422,0.024291512233475,-0.0394244078196718,-0.320291591829482
0.180486583678209,-0.232414613418797,0.0613994215229579,-0.640270014536137,-3.83414505260068,-1.48720853153412,1.64719344499434,-0.14657925143888,0.27699303782083,0.0232234097465538,-0.037703978056915,-0.359349736813349
0.180860130288883,-0.232053897307273,0.0615330344602183,-0.640362276082059,-3.8342651615472,-1.48553615643344,2.82269986101937,0.484309169350809,0.254055852357851,0.0289998925801784,-0.0313469258616861,-0.336200622298579
0.181122720336058,-0.231799475172012,0.0616799441061128,-0.64042657186102,-3.83439358599437,-1.48382744645665,1.84412056260192,0.129591905288862,0.408656744336326,0.0274750220395235,-0.0314646610681479,-0.374371139541217
0.181275896310749,-0.231674019611047,0.0618426322513476,-0.640443515450352,-3.83453996727468,-1.48209786175534,2.15134179900895,-0.228640668187609,0.24927348396912,0.0275324174925622,-0.0344743832948016,-0.366093650237
0.181333010089606,-0.231692437542998,0.0620241162824809,-0.640398212391748,-3.83470873573228,-1.48036262019107,2.69459803903288,0.531892956204274,0.255879408412682,0.0268886304859803,-0.0387742050920642,-0.358557012092871
0.181316765373018,-0.231858822228132,0.0622259027368685,-0.640281536210373,-3.83489995944311,-1.47863649279869,1.81743909594178,0.543480725678137,0.232896962574728,0.018434081914668,-0.0417473044339566,-0.39930116021508
0.181256798061349,-0.232170580269722,0.0624488871733054,-0.640087310189319,-3.83510770909628,-1.47693037682599,2.95109114050382,0.79781214733589,0.370903829863153,0.021741906804992,-0.0343193132273653,-0.367937134229913
0.181190938159908,-0.232615706980756,0.0626959157322964,-0.639818445969725,-3.83531882817452,-1.47525151438704,2.13108636181192,-0.0212671976896672,0.336726550938948,0.0261359501420233,-0.0335086898439101,-0.40409215202615
0.181156265602771,-0.233179745867565,0.0629708624170883,-0.639482042006495,-3.83551436665812,-1.47359940522673,2.58149329236699,-0.178592066020428,0.288939855191046,0.0268286984967361,-0.0335604863515989,-0.403278627689907
0.181183048262718,-0.233835847514433,0.0632693663669506,-0.639095575808767,-3.83567577789322,-1.47196792493458,2.66922419870326,0.0944290858799377,0.327623198396253,0.0288661362020051,-0.0330807175275922,-0.39660615909701
0.181295913395142,-0.234554556937125,0.0635888496278748,-0.638680988257824,-3.83578467514859,-1.47034831744245,1.90101784384552,-0.373375945389171,0.232886635229562,0.0252317246171918,-0.0383685774626206,-0.430386221000186
0.181506198241533,-0.235317304007063,0.0639287581938481,-0.638252470092559,-3.83582957906714,-1.46873284892967,3.07414782917647,-0.276657380626602,0.262677033690693,0.0220107428825589,-0.0408500934464207,-0.398221542110302
0.181822917006719,-0.236096517611887,0.0642839295540298,-0.637833883904611,-3.83579756575258,-1.46710981060088,2.2732286158876,0.127971109458485,0.349462341650053,0.0216363837039748,-0.0393189533652399,-0.44136612601682
0.182247325750085,-0.236864655025325,0.0646500517031689,-0.637452111759199,-3.83567528214919,-1.46546403406821,2.64896239926173,-0.423739167952363,0.395028949151992,0.0264046782739258,-0.0385772523839102,-0.444177374639002
0.182754618448772,-0.237614576529735,0.0650242053195105,-0.63710957034933,-3.83548191556739,-1.46380507504622,2.90549913378521,0.157947543317732,0.358955179718464,0.0314493130999058,-0.0395747006772967,-0.430779351319613
0.183336775774607,-0.238318619451134,0.065397107146428,-0.636831669640442,-3.83521561531881,-1.46212693472741,2.11497499222349,0.112000849019751,0.155581333818844,0.0311635461813915,-0.0370156130933283,-0.469520245399806
0.18397451502638,-0.238965651024959,0.0657635742297911,-0.636621676435173,-3.83489372474108,-1.46044240410554,3.30839691776816,0.128204297068578,0.261098906658958,0.0295932889314785,-0.0351915667865967,-0.442976638076865
0.1846653295442,-0.239537239400887,0.0661160474154814,-0.636494025473969,-3.83451660939479,-1.45875236536087,2.65145575101042,-0.28996441481786,0.26017932779456,0.0240146047196932,-0.0391335734380701,-0.471168136349455
0.185403319603752,-0.240015720793014,0.0664437636757658,-0.636455266030038,-3.83409735759793,-1.45707163337169,2.87041656436395,0.365461054340358,0.215372040958812,0.0269145281447329,-0.0421385940891163,-0.47430546350851
0.186190345739294,-0.240388151164124,0.0667404448300534,-0.636509501949561,-3.83364521478722,-1.4554143536501,3.4342509495537,0.46891324109265,0.14576926493703,0.0285306722958265,-0.0409757354369995,-0.471563731760575
0.18703734965282,-0.240639434817504,0.0669967176150862,-0.636664712373753,-3.83315901672764,-1.45378411231149,2.43818762782411,0.423488836714114,0.210051166711452,0.0280222273648536,-0.0395990419506116,-0.522172201511571
0.187944969467766,-0.240764185613813,0.0672030826402366,-0.636914146851034,-3.83265493650082,-1.45219805667214,3.65082735096138,0.301916182621198,0.396214291441339,0.0341234877409136,-0.0352080041098266,-0.492795489783465
0.188919121592945,-0.240759145147308,0.0673520639255626,-0.637252002883805,-3.83214252128076,-1.4506666843435,2.84723192594197,0.568522576070563,0.428719645320029,0.0335453026667949,-0.037227105830099,-0.534647626653351
0.189957718009299,-0.240621627018559,0.0674331616119049,-0.637673432148758,-3.83163596615244,-1.44919792928477,3.25909233985055,0.36655627299092,0.248122508331221,0.0307627600354516,-0.042226238078687,-0.540679056503155
0.191047950119017,-0.240366497859412,0.0674437351275116,-0.638157921486242,-3.83116160427977,-1.44780636201896,3.78038349275135,-0.634686302194268,0.336943492488729,0.0330041481804639,-0.0439219848157185,-0.539263209191028
0.192163716370036,-0.240015465701671,0.0673810112868424,-0.638678140625058,-3.83075383889376,-1.44650837764843,2.78773205890462,-0.0556811215371908,0.394608257730169,0.0326647351662523,-0.047802237429733,-0.578422145160666
0.193271116579168,-0.239596450090996,0.0672449378989062,-0.639204452628655,-3.83045038140441,-1.44531750234994,3.82582512630984,-0.200637154096057,0.345565743999629,0.0353059846419255,-0.0416329839732021,-0.547367955997101
0.194335277436676,-0.239149372510298,0.0670457345795326,-0.639700503027829,-3.83028640452813,-1.44424556327364,2.99500847874845,0.264410638129675,0.32460981413999,0.0339586129612397,-0.0391297771948232,-0.592145969385308
0.195322643111801,-0.238721444533541,0.0668001895756206,-0.640124666618731,-3.83029480705194,-1.44330469561988,3.46158173152094,0.359722873585042,0.359202902039925,0.0320922937490935,-0.0397187374676851,-0.600594731809305
0.196206322882602,-0.238339073189188,0.0665168142691369,-0.64045618214589,-3.83049444880587,-1.44249415038389,4.02955176786747,0.0524697117682535,0.276672115240302,0.0363978282646262,-0.0413447267427174,-0.605757406424535
0.196967200309989,-0.238030834593392,0.0662083609761805,-0.640673513886566,-3.83089586294599,-1.44181118618072,3.17913991346899,0.206454674524366,0.335417824530793,0.0365036521525322,-0.0499230024609675,-0.662200914000017
0.197614996706464,-0.237818599774879,0.0658980478241019,-0.640767302642416,-3.83148226963665,-1.44124137236269,4.23631498381724,0.512365566462904,0.453819731287751,0.0402693902366584,-0.0464581040288896,-0.632804960807046
0.198174216453078,-0.237705618310446,0.0656007832587805,-0.640748538832047,-3.83221371928493,-1.44075159645147,3.34119830425072,0.523742747779124,0.433147839103128,0.0385570896545828,-0.0385730250337694,-0.669290978094026
0.198691891375448,-0.237678988905277,0.0653302523420234,-0.640642230066347,-3.83303410578382,-1.44030612503791,3.68627819022095,0.243130077682508,0.488517165649995,0.0380146276145461,-0.0379042723442225,-0.670851976264897
0.199210845786368,-0.237729851094876,0.0651006493079551,-0.640473454117054,-3.83388678841633,-1.43986671199253,4.42217999266103,-0.294738826844423,0.331590417760481,0.0364416403809549,-0.0436022868190556,-0.680469446237488
0.199793870516246,-0.237839929225153,0.064926837966908,-0.640277700604078,-3.83469693841708,-1.43938587853972,3.55084118647494,0.312812050776984,0.344625052795806,0.036294905576733,-0.0489387049526201,-0.743535174552929
0.200486285669744,-0.237985939383529,0.0648133326950179,-0.640093884906882,-3.83540410201855,-1.43882138723882,4.89560714370009,0.645154559387947,0.439499033393275,0.0450134433639025,-0.0493537090614419,-0.719893047221662
0.201328950538122,-0.238153673391713,0.0647672982060592,-0.639950152637006,-3.83595637417004,-1.43814041183238,3.89545802729128,0.609489279654099,0.310274700060774,0.0454638480088776,-0.041971653977213,-0.753427491565335
0.202348389050928,-0.238330061060838,0.0647908078339175,-0.639873417285698,-3.8363136346851,-1.43731371450787,4.30945943523818,0.905535175205841,0.385308694379404,0.0409292303419075,-0.0381765014547049,-0.751627063978538
0.203543962921156,-0.238509462524874,0.0648804585313991,-0.639875782915781,-3.836465547791,-1.43633107077626,4.76585911411138,0.240842802960742,0.409167558018567,0.0402432880800001,-0.0394283589417926,-0.759750246916533
0.204889624203045,-0.238701010957508,0.065030860775093,-0.6399506633411,-3.83643047053024,-1.43520031151176,4.12150588154503,0.176007655548119,0.244540215378805,0.0372248112285938,-0.0479309318830669,-0.828342751739836
0.206343424228486,-0.238933416145469,0.0652445423493933,-0.640073658255827,-3.83624315109481,-1.43393966805913,5.39758991618237,0.436935607816622,0.278109871639714,0.0431868927936403,-0.0529334739271233,-0.808412650826466
0.207852913894044,-0.239235000724117,0.0655180459373932,-0.640209446868685,-3.8359553514054,-1.43258259745358,4.41697188280551,0.0738522984829615,0.272943252199212,0.0506151711118745,-0.0490418218974484,-0.846133349650489
0.20934986324144,-0.239642363404808,0.0658472159878218,-0.640313734846257,-3.83563391623085,-1.43117037080313,4.6765833506563,0.175833983015536,0.413730928975099,0.0515247514497967,-0.0356835223089646,-0.835864056282257
0.210778206075165,-0.240191193659751,0.0662308488385468,-0.640340254453939,-3.83533718589124,-1.42974272665893,4.9573052627058,-0.559998639756714,0.393802492503369,0.0492916382172046,-0.0284037675242793,-0.82118532083616
0.212087883232029,-0.240900510508952,0.0666598324085784,-0.640252666706797,-3.83512062129939,-1.42833929038571,4.17353510395287,-0.00278016546349136,0.38081946723031,0.0416125037108674,-0.0404516331388471,-0.869013194857395
0.213240346926883,-0.24178134204055,0.0671236172911742,-0.640021535803374,-3.83502888924915,-1.42699385386709,5.55102612074813,0.674557443585172,0.271590686290921,0.0378733558465183,-0.0564189076215673,-0.860300333129191
0.214217961485501,-0.24282164797672,0.0676054180430055,-0.63964058705737,-3.83508439726816,-1.42572451217493,4.80309249246704,0.0474251474840912,0.410851408514276,0.0444229879659579,-0.06139603139085,-0.905321333599577
0.215016209551315,-0.24398659892284,0.0680796480157968,-0.639117688686425,-3.83530158691671,-1.42454851959782,4.98981423359061,0.521600894595622,0.48674754229603,0.0538722208250282,-0.0468215258224491,-0.899473579000969
0.215646749253918,-0.245226339007127,0.0685174493577422,-0.638478928577977,-3.83567576019901,-1.42346847001285,5.43549872709519,0.0387925077957334,0.565085712406329,0.0569578511624478,-0.0276123333051914,-0.893275237310896
0.216124629195575,-0.246489830142151,0.0688924090681742,-0.637751451762195,-3.83620329258568,-1.42248906411481,4.63031726774909,-0.806409930024302,0.328654899674035,0.0529718485800688,-0.0297913871694249,-0.943498226699284
0.216470933416105,-0.247703902331564,0.0691685056877317,-0.636987972094579,-3.83686545363275,-1.42159751696247,5.89610090717423,-0.166384089528947,0.453116608555121,0.0489540344391015,-0.0431567828525265,-0.921638249690784
0.216704846543442,-0.248802924593404,0.0693147665200542,-0.636237313488438,-3.83764553740278,-1.42078055632307,5.01790122953935,-0.0944953719140358,0.360060566073088,0.0459120554485724,-0.0563579867484646,-0.957027774857635
0.216834842013076,-0.249733637017165,0.0693058656307143,-0.635540754503553,-3.83853430232762,-1.42002658427735,5.48168624702066,0.117704563378993,0.361261858641967,0.0442562084230973,-0.0523637696284403,-0.949689513233058
0.216867817044492,-0.250447792685689,0.069120515456462,-0.6349384469705,-3.83952164270064,-1.41932200875629,5.57266285140969,0.0111175490253572,0.431485091124557,0.0488529837270244,-0.0393060511577286,-0.939420601273485
0.216800635117563,-0.250934462422835,0.0687574953966658,-0.634446357362298,-3.84060248698569,-1.41865142225634,4.83446247052859,-0.290908111795716,0.41452855548863,0.0459344138053988,-0.0304572552019397,-0.978516760684394
0.216633723109565,-0.251203821003852,0.0682295328219756,-0.634066018532845,-3.84176710824939,-1.4179978009819,5.99279025893799,-0.200429141467566,0.529307974187276,0.0492503943936864,-0.0331989719891783,-0.960845154770233
0.216365229339813,-0.251281281595315,0.0675585572546772,-0.63378775479428,-3.8430072639597,-1.41734526237088,5.21741667272312,0.0420825960002276,0.516027131460731,0.0469223530422078,-0.0448504602211025,-1.01506907576816
0.21600476000595,-0.251209833081017,0.0667806837887858,-0.633592042532479,-3.84430046005447,-1.41666918442893,5.75728553021287,0.240343791746682,0.375772959031451,0.0477961909683011,-0.0564598975803868,-1.02023809503521
0.21557414784097,-0.251044443089881,0.065940114534392,-0.63345445344722,-3.84560720844937,-1.41593292973014,6.00822747234565,0.305670753294862,0.357183675349461,0.0471301231576629,-0.0493330932341662,-1.00475067779742
0.215108156959781,-0.250840653527622,0.065086588528153,-0.63335071903212,-3.84687873889379,-1.41509836093199,5.10076393689644,0.0254609131447978,0.347361836472885,0.0410322283410314,-0.0352144708680133,-1.0383613220058
0.214654392549086,-0.250656187852003,0.0642739324952591,-0.633254047187101,-3.84805634527397,-1.41412601123459,6.20813687619795,-0.229461577413758,0.451842034819691,0.0406478516961286,-0.0299781300770902,-1.01905133359643
0.214275268304151,-0.250525154183599,0.0635447405532109,-0.633154240736713,-3.84907118091092,-1.4129740712268,5.54118174232406,0.106613455352317,0.399564600654259,0.0411578240274721,-0.0395443990886024,-1.07434940036803
0.214041556855384,-0.250458682006904,0.0629292580579112,-0.633058744570566,-3.8498475599522,-1.41159705832373,6.13594604930989,-0.237442795502147,0.367933432412229,0.0458693810091582,-0.0506054818053349,-1.08535135091055
0.214013215931365,-0.250470293039687,0.0624555448996365,-0.632959771910552,-3.85033821048095,-1.40998107074388,6.43424365160763,-0.0275475050223122,0.220094873424358,0.0465037687147478,-0.0491060855795568,-1.08166876394101
0.214235880812947,-0.250547669648576,0.0621311320661786,-0.632867870421449,-3.85051119700623,-1.40811891671293,5.63098528299787,0.499307151138282,0.219671547630924,0.0419290673995416,-0.0410749483443602,-1.12289571811316
0.214730664058887,-0.250664577904097,0.0619476915335579,-0.632791806093396,-3.85036943659512,-1.40603075831938,6.66718178832917,0.558291518099395,0.39423500973669,0.0393046153193084,-0.030960711466815,-1.07863754741062
0.215507418685728,-0.250788705259257,0.0618896334102768,-0.632742552915907,-3.84993085301824,-1.4037466515157,5.82251556784666,-0.926187018386599,0.38079558756607,0.0400046907923466,-0.0365556644398715,-1.10922711939666
0.216538731541685,-0.250886360995144,0.0619295249076602,-0.632722900980397,-3.84925614051177,-1.40132413164988,6.13348612860221,0.531261820589179,0.24088181458626,0.0393873442514114,-0.0448210272483391,-1.1220249373138
0.217767604235383,-0.250939186212916,0.0620400679728029,-0.632718548760265,-3.84843882044523,-1.39884109327907,6.58485458625626,-0.386190876488627,0.417178009893576,0.0399910494266731,-0.0498181782770964,-1.13726524450278
0.219129651533306,-0.250927872361315,0.0621923521196158,-0.63271969013299,-3.84757472497806,-1.39637094413906,6.07237470030367,-0.337799042884626,0.428419688523462,0.041093443186103,-0.0452063814789626,-1.17484852282468
0.220537172118682,-0.250847244791229,0.0623576686515746,-0.632704696590537,-3.84677978766544,-1.39399462038621,6.99212912292961,-0.319167832140693,0.548708297555521,0.0476241242881863,-0.0344845649206758,-1.14492860083366
0.221906104568063,-0.250705735981217,0.0625170505170353,-0.632643988351339,-3.84616120429502,-1.39178682132533,6.30869335299229,0.415819694460197,0.508860228016857,0.0454785436508756,-0.033744577124095,-1.19352623109342
0.223163138885803,-0.250501534774662,0.0626483052403288,-0.632529293981622,-3.84579954886629,-1.38979244126171,6.54588640969411,0.296965481877351,0.483837638244154,0.0443541882915595,-0.0406619939589083,-1.20787134368671
0.224249155785716,-0.250256752489193,0.0627462325772168,-0.632341287374782,-3.84575462607082,-1.38804059391638,7.13961678402791,-0.453670453522136,0.386035351675275,0.0432611948613233,-0.0493960653187772,-1.20627457844839
0.225130039169738,-0.249992100355589,0.0628115719595336,-0.63207095549697,-3.846051974578,-1.38653517875953,6.37884188219812,-0.407064137177713,0.243720660740081,0.0399089134264057,-0.0495950833861491,-1.25598583541771
0.225800152897263,-0.249723394409067,0.0628493281043842,-0.631727134964802,-3.84667240905108,-1.38524316280313,7.4027970299752,-0.269664875151875,0.276290625778927,0.0382174960506934,-0.0388715934438891,-1.21895259394592
0.226278650927516,-0.249459297676673,0.0628645915839069,-0.631328844047887,-3.8475680799412,-1.38411382346078,6.55656373416542,-0.551255112229228,0.361276599611983,0.040620234204273,-0.0342808043539156,-1.25557010973936
0.226601824506339,-0.249225048175761,0.0628765446136517,-0.630887210398757,-3.84867130264148,-1.3830864662101,6.92538457180223,-0.597527954451607,0.344754301115813,0.0460096383344357,-0.035413887374627,-1.25584231949869
0.226830839750294,-0.249019245096704,0.0628945782807905,-0.630437697590994,-3.84988557798254,-1.38208279634831,7.34429928355013,-0.372302924136875,0.399099479731319,0.0426200040305127,-0.0394918158603708,-1.24652396172912
0.227017502856967,-0.248855471654858,0.0629302938583545,-0.630000052203065,-3.85112558385508,-1.38103401843284,6.5204110956293,0.336825285741497,0.332005646495361,0.0359334977787102,-0.0464821588877834,-1.29104539645051
0.227213672856363,-0.248764695104548,0.0630071877002927,-0.629575014387681,-3.85231463591162,-1.37988723722603,7.504422675488,-0.339569098217225,0.408473259695711,0.037861856301765,-0.0441705273303241,-1.26336955673676
0.227460813889093,-0.248764010186044,0.0631362040708155,-0.629169485589316,-3.85338683185419,-1.37859713276194,6.87054321363814,0.489879008756134,0.320630567421034,0.0364041078760038,-0.0407440821865717,-1.30589204491232
0.227786925530737,-0.248875163534029,0.0633273943886196,-0.628774791953153,-3.85430289895525,-1.37714543737006,7.30420978396387,0.0300353941859157,0.484576023410085,0.0412473117523282,-0.0378453672341175,-1.30344660116927
0.228192110952062,-0.249143000794017,0.0635969982595563,-0.628357051250827,-3.8550576404746,-1.37553871457634,7.48999498431095,-0.0133778899034951,0.472994332578793,0.0497105487456078,-0.0362036773013157,-1.30008695185591
0.228671248156889,-0.249591234113874,0.0639518082630043,-0.627893204070309,-3.85565812371079,-1.37379608700947,6.69925300841203,0.59575796723766,0.42829740765859,0.0466736140739701,-0.0387619883853724,-1.34124737762161
0.229203532778382,-0.250238336435212,0.0643911395791271,-0.627354527070484,-3.85613542625494,-1.3719552849121,7.86208100431048,0.0473615315252118,0.430667809030126,0.0417716818423699,-0.0414385549283671,-1.3060834561499
0.229765241372466,-0.251090919227339,0.064907665197924,-0.62672160312491,-3.85652255181302,-1.37005134539701,7.14013848170441,0.146345865055764,0.343118346701232,0.0303810265543696,-0.0418048092911725,-1.35173398720417
0.230333247127508,-0.252127256542577,0.0654819317852552,-0.62599546970445,-3.85685513776679,-1.36812220695683,7.50801307796513,0.218768643225303,0.145868886890554,0.0292013302325111,-0.03678431731588,-1.36286295427423
0.230900974058525,-0.253306376423875,0.0660904151998594,-0.625195683010784,-3.85715284010909,-1.36619300203436,7.91102906643664,0.296276497105964,0.380540405503183,0.0388191587290043,-0.0381094325225245,-1.35971830796729
0.231458986928541,-0.254555780180272,0.0666890018396711,-0.624364365692798,-3.85743638307378,-1.36428358864639,7.1793390991154,-0.282780669719614,0.387189215106787,0.0443955087607892,-0.0383226791837527,-1.40528424097486
0.232011043864561,-0.255801889008049,0.0672401543800956,-0.623553127966786,-3.85770880850315,-1.36239749887553,8.14515797506834,0.2759473696442,0.377545930284128,0.0460283739757781,-0.0369604950759737,-1.3857336537116
0.232580453090386,-0.256950815774582,0.0676999467587955,-0.622835530292564,-3.85794635588524,-1.36051462260139,7.53457544104458,0.190735822247916,0.365799244420884,0.0419004337833706,-0.0353264712195562,-1.42895857100154
0.233195513943739,-0.257901906983829,0.0680202719681051,-0.622291684250918,-3.85811815081974,-1.35860748654876,7.9635814601711,0.624614423211369,0.351445646842251,0.0359812377171886,-0.0367202383272332,-1.42027414001292
0.233879931859793,-0.258583829352649,0.0681679477679854,-0.621986054515023,-3.85818980680995,-1.35663973259608,7.95855341274773,-0.537969201485794,0.408830761394142,0.0371154779794391,-0.0419882091802926,-1.40736712153978
0.234658442023062,-0.258924838299048,0.0681093437779355,-0.62198201838078,-3.85812593131715,-1.35457345212696,7.51842518932557,-0.162333045379,0.354897638474228,0.0394711133343018,-0.0464748698590105,-1.44962177450818
0.235547285765663,-0.258901131060146,0.0678375932397093,-0.622310895411878,-3.85789443278483,-1.3523707436327,8.29868702585156,-0.470423935009421,0.430674416132177,0.047107781507481,-0.0402737882521882,-1.41546411323047
0.236548421162058,-0.258519738656501,0.0673582285512083,-0.622975993362588,-3.85747954374788,-1.35000710803079,7.62311856510553,-0.293365370420361,0.33751049658369,0.0443769954120889,-0.0346397914671398,-1.44697552554383
0.237652305873335,-0.25781984562591,0.0666925851551534,-0.623952764989308,-3.8568799498618,-1.34747011262964,8.01259771944251,0.305475797184044,0.468814564316517,0.0423333543627606,-0.0352089634197872,-1.45551626223741
0.238828356842634,-0.256887591881917,0.0658850390736867,-0.625176919304306,-3.85611684887204,-1.34476565204615,8.45659183379695,-0.0438674216306936,0.372136704917466,0.043036436367748,-0.0397276631516886,-1.46271393528394
0.240037988829573,-0.255829765301565,0.0649911382335084,-0.626559837458768,-3.85523114531959,-1.34192184402891,7.70907382945677,-0.141454069389511,0.3009043542489,0.0420608224957859,-0.0444108294954126,-1.50764776516449
0.241230107669096,-0.254767659512787,0.0640726327492869,-0.627995978676118,-3.85427921618939,-1.33898081442134,8.70218113669313,-0.235231966297761,0.468553530520552,0.0496569295834957,-0.0404355180964666,-1.47850744690757
0.242351542059963,-0.253820684402278,0.0631918505186458,-0.629378922562004,-3.85332492141664,-1.33599295203976,8.08401220064468,-0.0669488430423826,0.407650263242573,0.045121364992204,-0.0409211898507521,-1.51775596468431
0.243347479464412,-0.253102468556007,0.0624090893327371,-0.630598917858098,-3.85244305989182,-1.33302303481446,8.28946602877147,-0.0253768936790948,0.436212349902547,0.0416925450173125,-0.0335970199638304,-1.52890333549987
0.244173473889371,-0.252688448978631,0.0617662118958206,-0.631573185964811,-3.85170090531404,-1.3301331312639,8.81313493544525,-0.1019552952514,0.203684672232356,0.0434437284843106,-0.0360958661938844,-1.52019311203236
0.244790354088368,-0.25262903188491,0.0612913776213118,-0.632235541968983,-3.85116372068847,-1.32738434861605,8.09103278799961,0.441093997866574,0.266704273276673,0.0422156139939891,-0.0445238836087953,-1.57607813121223
0.24518809256857,-0.252940731840573,0.0610018003388999,-0.632550366756443,-3.85087035068139,-1.32482103913059,9.02271835416042,0.0405781449073856,0.374083764860814,0.0449208170478417,-0.0443354790449144,-1.54425554603792
0.245364262124392,-0.253611613001096,0.0608997311911632,-0.632506142129151,-3.85085049951166,-1.3224777318854,8.33704044756234,0.203801880013316,0.479084147664082,0.0457030420992548,-0.0403885270110152,-1.57651869538012
0.245328500523876,-0.254593450408684,0.0609665714606722,-0.632122238103065,-3.85111920126978,-1.32037408265407,8.60657599775607,0.333496513889941,0.377704872474197,0.0458014707505381,-0.0336337695323364,-1.56795491543753
0.24511112270991,-0.255819671271448,0.06117780946741,-0.631442361606975,-3.8516614150546,-1.31850274463693,8.90813092484115,-0.398968574675109,0.499493768309577,0.0462045852982769,-0.0331030250742303,-1.55436953828255
0.244753019625057,-0.257208925637938,0.0615015244527924,-0.630532009319374,-3.85244338090254,-1.31683573249581,8.20940471464155,0.288010383018445,0.337476173524607,0.0411043200800965,-0.0401438006070101,-1.60850013414289
0.244296750468667,-0.258681467698723,0.0619035159673992,-0.629455825631985,-3.85342975764004,-1.31534375012467,9.27440970641106,0.127878197929022,0.481727483021302,0.0478569611999764,-0.0467667514581855,-1.57175761684798
0.243803091779445,-0.260164239613827,0.0623598922720148,-0.628285750034751,-3.85455773401876,-1.31397531302402,8.36750460016378,-0.340647917040314,0.335370949800108,0.051297687374587,-0.0452020660870142,-1.60495261438781
0.243329457606795,-0.261585473509863,0.0628425911470136,-0.627099442236829,-3.85575860025138,-1.31266823628846,8.75329839306096,-0.768948388886201,0.443959114922393,0.0479204794568187,-0.0402660388072685,-1.60102168046295
0.242927702753188,-0.262899921703934,0.0633371834887769,-0.625954166611411,-3.85696917804643,-1.31136774576855,9.11331761286135,-0.0239163616115547,0.536862151622074,0.0435134859146444,-0.0334657621564937,-1.60228841224245
0.242644441611063,-0.264082707050028,0.0638395830890417,-0.624895575700001,-3.85812741908635,-1.31001976710341,8.42934884461567,-0.255752687592576,0.38614154385121,0.0441503328189086,-0.0378155349718306,-1.64707158958118
0.242517037579151,-0.265125236419562,0.0643514801883527,-0.623954712401867,-3.85918050996644,-1.30858022648909,9.43653898515527,0.685300339660898,0.482360027622008,0.0514458503010169,-0.0416031932489222,-1.61711114285255
0.242569407685705,-0.26602320181606,0.0648707325337607,-0.623153285562237,-3.86008873403987,-1.30701731086138,8.77313049103526,0.356478759703123,0.462878344157019,0.048344399386052,-0.048938017020101,-1.66233832186641
0.242816899206065,-0.266775901173862,0.0653953985184005,-0.622508672319087,-3.86082081950905,-1.30530854414085,9.2232564674481,0.446324075074244,0.429194236143587,0.0502426690694646,-0.0440521260674145,-1.65899724457716
0.243258113817664,-0.267403435497448,0.0659270435071552,-0.622013072096292,-3.86136569106607,-1.30345070480547,9.39232029959521,0.413002863894235,0.478204899059762,0.0476148813645745,-0.0325290206120454,-1.64700800899105
0.243885094465436,-0.267924572969259,0.066464220616367,-0.62165498599214,-3.86172007028391,-1.30144880783067,8.67425001378462,-0.154355315095245,0.38935609707309,0.042866014817236,-0.0368041326921979,-1.68859234610433
0.244669358807997,-0.268358616661935,0.0669968395466634,-0.621415816109639,-3.86190292223721,-1.29932260164972,9.58089359562968,-0.875313229959829,0.36223440214502,0.0494574672534238,-0.0426313462351993,-1.66621003380494
0.245579270940359,-0.268721098612001,0.0675104877611063,-0.621273427801264,-3.86194254107348,-1.29710302526801,8.89139053873714,0.42030942099268,0.434235258665268,0.0506064974299494,-0.0452929769493102,-1.704044295838
0.246570083023863,-0.269016861704246,0.0679801956784779,-0.621211085125296,-3.86187654245802,-1.29482268017101,9.3872267052368,-0.349895926622366,0.51276476034937,0.0531784599073788,-0.0443230973201974,-1.69376439032444
0.247602642906824,-0.269255172323229,0.0683853827651161,-0.621211758514851,-3.86173642219044,-1.29250814302799,9.40132178834506,-0.698960097726058,0.63611301615569,0.0511558379191235,-0.040979097148486,-1.68515395761015
0.248635660781801,-0.269449777385267,0.0687078117438402,-0.621252444007657,-3.86156130671425,-1.2901927219129,8.79640683759033,0.47809464480315,0.520683896974504,0.0462255573695383,-0.0369359836643883,-1.73270911857601
0.249629816884574,-0.269619331554383,0.0689354929238658,-0.621314483703488,-3.86138360490073,-1.28789766117129,9.80579930018229,0.215343152526884,0.435851264378329,0.050355423593802,-0.041251877689141,-1.70857098064729
0.250557230511103,-0.269769654921237,0.0690550783810669,-0.621386903845962,-3.86123165076484,-1.2856456815624,9.17531697178799,0.143573074735968,0.379586862766217,0.05292812441626,-0.0487604027854273,-1.74765206919903
0.251390022824788,-0.269926365377966,0.0690683015830615,-0.62144907139932,-3.86113518807534,-1.28345760174818,9.34124037049259,-0.225708785842698,0.457271791796671,0.0506054646082603,-0.046974318267243,-1.75318558954775
0.252119498776935,-0.270109262314026,0.0689842416612341,-0.621490367746864,-3.86110517028359,-1.28134305601801,10.0481200883775,-0.883871562225522,0.469226429142566,0.0524721407104791,-0.0399078862909855,-1.74795070685719
0.252739828824846,-0.270330858451738,0.0688103384311921,-0.621504134382896,-3.86115575397528,-1.27931477344745,9.08685636409012,-0.878359431709214,0.329044131405027,0.0452459031349077,-0.0402758396571771,-1.79613859734854
0.253250398044313,-0.270615503762526,0.0685672694601884,-0.621474161125346,-3.86129961799681,-1.27738820233096,10.312753898888,-0.280267265345174,0.408668477314706,0.0509839415698101,-0.0387244409152959,-1.7622994951252
0.253661646426083,-0.270983070320025,0.0682777772362777,-0.62138898728188,-3.86154107053884,-1.27557478081537,9.40195223447927,0.110187766049648,0.410832742016765,0.053228756371742,-0.041273412867771,-1.79857958337664
0.253990176545191,-0.271434951785313,0.0679562780622709,-0.621248228876194,-3.86187758982285,-1.27388198838655,9.77380910087032,0.533042781164113,0.26442026275754,0.0515415462045636,-0.0430278010108539,-1.79710055085989
0.254244632307097,-0.271983220165229,0.0676214377566326,-0.621043986361625,-3.86231014832487,-1.27231474918511,9.9871355063151,0.60483387417321,0.52519627918744,0.0529153264591473,-0.0383220577475732,-1.79177128352987
0.254446771159821,-0.272620003755454,0.0672844688345104,-0.620782212757876,-3.86282624062295,-1.27087084108791,9.34083318168013,0.556614876566073,0.439143084554956,0.0459393664656096,-0.0395433875866221,-1.83369409845517
0.254623282858531,-0.273328026686471,0.0669513355243805,-0.620475175906624,-3.86340376138399,-1.26953918645812,10.534483894639,-0.281956229536945,0.540561104083537,0.0491375433630341,-0.0392183663508799,-1.80682651677192
0.254794417780193,-0.274078338040235,0.0666151443174843,-0.620143051753587,-3.86401820445021,-1.268299028403,9.63617779987806,0.358769283423271,0.499439063116313,0.0546375484175567,-0.0423024277444618,-1.85387438501409
0.254982863831763,-0.27483712784672,0.0662672050755707,-0.619810684383051,-3.8646383088526,-1.26712293973838,10.2237383308328,0.00341151544716922,0.620029041142516,0.0600591693904122,-0.0432673055690143,-1.84834769791293
0.255220896348697,-0.275580374350843,0.0659075856388091,-0.619502266640672,-3.8652147173628,-1.26596666691986,10.3908566594919,0.124095814647262,0.762069580810419,0.0601458550851959,-0.0410454711423651,-1.84198248515206
0.25553059342647,-0.276268883108795,0.0655225136947601,-0.61925213784259,-3.86570415610732,-1.26478420745589,9.68763404474203,0.247832127067795,0.619769669478302,0.0503762312858647,-0.040951055288922,-1.88340248109451
0.255932125919984,-0.276874241372475,0.0651052248057087,-0.619085993718668,-3.86606793415764,-1.26353439349272,10.7408540604414,0.275377284888691,0.394544208219997,0.0533603317430069,-0.0408542254210245,-1.84623552225946
0.256443771452188,-0.277376143569713,0.0646543822028743,-0.619027502519393,-3.86626805070785,-1.2621732540621,9.82295673206295,0.452611067801854,0.519069306920954,0.0557261384533412,-0.0427874401521041,-1.88006421945984
0.257082031697199,-0.277754846604326,0.0641709054080414,-0.619094669501481,-3.86627813889027,-1.26067169728135,10.3299512073171,-0.470252928530272,0.537189711719009,0.0558128407079668,-0.0460989504200464,-1.87217100085971
0.257847933547537,-0.278017758316066,0.0636668036659702,-0.61928563948807,-3.86609012583051,-1.25901194875803,10.4093641063179,-0.107485577161015,0.594914709834342,0.0532550895433181,-0.0416665728764275,-1.87547342470015
0.258723530716162,-0.278174516945034,0.0631519176293108,-0.619584502404297,-3.86573020462693,-1.25720886594586,9.94506400985858,-0.0151901367989922,0.541883365471762,0.0529348624388688,-0.0418364313059651,-1.91944206596731
0.259683014848422,-0.278253285413255,0.0626467674516866,-0.619964093815604,-3.86523719272334,-1.25528609090631,10.7231359178073,0.625649951480227,0.459403853339523,0.0561803407550574,-0.0379837099476926,-1.89466879663925
0.260686392626803,-0.278297571756315,0.0621760385822483,-0.620374899879095,-3.86467522327437,-1.25329365278051,10.14897761837,0.255318237136407,0.481827054308013,0.0543613054591594,-0.0425363406823162,-1.92374951216678
0.261691845903605,-0.2783513136667,0.0617624651128423,-0.620766069823639,-3.86411470158965,-1.25128754721922,10.4032313034288,-0.124191613954281,0.481856948916743,0.0530520864807524,-0.0458445656230586,-1.9350386542217
0.262643724040936,-0.278468438924753,0.0614304301020064,-0.621077611556339,-3.86363810462436,-1.24933083522109,11.0930736837384,0.120348105869198,0.391028090677054,0.0542561762657954,-0.0472342311165284,-1.93364877525421
0.263497043764585,-0.278684759443358,0.061196091383161,-0.621261952642584,-3.86331876715415,-1.24748516288793,10.2615812731693,0.366293417366705,0.355871694121845,0.0494379623348231,-0.0465801640028097,-1.99064268635889
0.264202750632376,-0.279041400905429,0.0610726273054284,-0.621268315427552,-3.86322760262373,-1.2458061202058,11.3172584227988,-0.196748530518107,0.431994344149331,0.0531710366435627,-0.0389503274906488,-1.96397802760261
0.264733165523763,-0.279551883133218,0.0610624897490992,-0.621074350853042,-3.86340496480118,-1.24432643505458,10.407679334101,-0.589772997219598,0.331823795533722,0.0548804787813384,-0.0373353602283743,-1.98893070004582
0.265083451147876,-0.28021028070485,0.061161751969686,-0.620680348738197,-3.86385907102101,-1.24305447901556,10.7120357294683,0.154083627566934,0.507921588461386,0.0542628144183515,-0.0412420156965418,-1.98374886939433
0.265270361104328,-0.280994496281044,0.0613618147670754,-0.620109369033453,-3.8645627795449,-1.24196715529498,11.1616589499984,-0.127046103875045,0.620029341108562,0.0493514607051946,-0.0407068671444852,-1.97608085015479
0.265323865421951,-0.28185684551851,0.0616402960958365,-0.61940692496909,-3.86546916334619,-1.24102676871249,10.4150204113104,0.367204586584876,0.372487795846268,0.0421638564632274,-0.0452919913301154,-2.03587681329784
0.265296654428369,-0.282732553113645,0.0619718827421821,-0.618639267440775,-3.86649952121468,-1.24017135347754,11.6879393072284,0.189597345537095,0.471534812757199,0.0486936858884031,-0.0468491056447173,-2.01122080594864
0.265254190705803,-0.283547542584964,0.0623294469024032,-0.617884903444703,-3.8675596997325,-1.23932610599251,10.6356431322862,-0.142662661558916,0.422170064490274,0.0606471006295011,-0.0424649882788545,-2.03611510641323
0.265265731678988,-0.284218357145555,0.0626804147941765,-0.617231190519796,-3.86855124511571,-1.2384128078438,10.9929174766636,-0.556136208656653,0.54846053906607,0.0621294800044772,-0.0389797808391462,-2.02664192429845
0.265402264392205,-0.284674524915372,0.0630013545499424,-0.616751149081684,-3.86938110433205,-1.23736311940606,11.3245773079496,-0.348460054165798,0.440688763930268,0.0542950887442708,-0.0392988546254278,-2.03503087250655
0.265722423864842,-0.284858150662917,0.0632728576224401,-0.616507807360826,-3.86997032364385,-1.23611669996067,10.7139684322013,0.084594303970789,0.38987073759634,0.0466449735037053,-0.0455765075457326,-2.09269066414112
0.266258750618529,-0.284729490781883,0.063477950902216,-0.616535059258779,-3.87028258558168,-1.23465191215544,11.9986792792989,-0.314475556907382,0.540133199386361,0.0460785681139897,-0.0498859769227385,-2.06757987072277
0.267028262838436,-0.2842765002014,0.063610761086244,-0.616841444466833,-3.87030459775923,-1.2329652842294,11.1680279499882,-0.147968108562736,0.340615753082943,0.050283004804915,-0.0517675127906445,-2.11014184577457
0.268035358671382,-0.283509600485621,0.0636747491745959,-0.617411688587302,-3.87004575744521,-1.23107599117349,11.3241290692226,0.448059582585756,0.518043685258732,0.0580716012617488,-0.043272986613508,-2.0988711123588
0.269247505486446,-0.282480434158712,0.0636860126930321,-0.618191890593937,-3.86955566727628,-1.22902983909461,11.7918170471501,0.0770369357890104,0.515701811296395,0.0551699468718714,-0.0326791850287271,-2.08538471407821
0.270607274817822,-0.281253535637301,0.0636591417375512,-0.619110377961675,-3.86891517897485,-1.2268961528396,10.8850057026506,0.598488034887623,0.321304536117282,0.0451862085440937,-0.0358412463693851,-2.15386701728134
0.272057036907852,-0.279915796464655,0.0636232303000175,-0.620081301906263,-3.86820456582352,-1.22474634891286,12.2800686458949,-0.627400632879244,0.33664401579685,0.0448009611395457,-0.0440234426083754,-2.13582534185086
0.273520227278445,-0.278561327682421,0.0636027741446402,-0.621009616818154,-3.86752054704337,-1.22265993829257,11.4604089585139,-0.459535198491494,0.271061799330198,0.0458384585361293,-0.0525975561662042,-2.18530134192612
0.274923818951384,-0.277276574705676,0.0636200551466271,-0.621813345906137,-3.86694814400942,-1.22070433240852,11.8611193617954,-0.0421192451797197,0.372837528330507,0.0535264746959063,-0.046413194000154,-2.17206370752547
0.276199934304069,-0.276144550162011,0.0636955614662476,-0.62241508541278,-3.8665624546557,-1.21893970639801,12.1432597546064,-0.206823046928776,0.524293508879026,0.0535842702732197,-0.0335387757186639,-2.16873927030854
0.277293076379672,-0.27522491137891,0.0638407129197347,-0.622766815083054,-3.86641368897415,-1.21740008480931,11.3239350859144,-0.275633569719275,0.511495363841391,0.0453620803475512,-0.030978725958735,-2.20941455905243
0.278157988865724,-0.274563303906991,0.0640615348690585,-0.62283604969312,-3.86653549667415,-1.21610409933286,12.4663106740055,0.17607598079735,0.319945576407264,0.0485280406266866,-0.0350317613921799,-2.18486103045433
0.278769959390986,-0.274181276066537,0.0643569158717161,-0.622616736134567,-3.86693819099752,-1.21505193178745,11.8436537412558,-0.249439876517954,0.408469273864256,0.046904616656664,-0.0457720745378619,-2.21740618619817
0.279118164370084,-0.274067991581573,0.0647121077259616,-0.622128700324358,-3.86761810733321,-1.21423284411301,12.0163629695039,0.310750069631013,0.447004524038732,0.0508412007350798,-0.0507429328667362,-2.21620553702224
0.279217701648571,-0.274192105687153,0.0651085425696794,-0.621415913075015,-3.86854248726769,-1.21361252087786,12.3774933210782,-0.749965047995374,0.471957280498003,0.0508016815204657,-0.0440547852487786,-2.21208776197153
0.279096938348485,-0.274514563906143,0.0655289012871651,-0.620528013129062,-3.86966865433978,-1.21315237310746,11.797575677213,0.00660268049318802,0.474070026567603,0.0487958571847744,-0.036598238062055,-2.26640002941929
0.278791117345692,-0.274987420829763,0.0659511645691987,-0.619524132746597,-3.87094749931338,-1.21280446952654,12.8658299348028,0.0238070873569995,0.412038530103047,0.056470398665768,-0.0339077002870552,-2.24661213792175
0.278352106313675,-0.275556398385582,0.0663566153966204,-0.61846329198005,-3.8723266050622,-1.21252718642514,12.1035286976873,0.193122911128512,0.530680277411875,0.0594788179604837,-0.0418162660451484,-2.28534135639826
0.277829853163215,-0.276181220353887,0.0667328869586473,-0.617389805027394,-3.8737615196639,-1.21228550952067,12.4537611867058,0.426060585011783,0.526330633543523,0.0581546112116738,-0.0510762647216628,-2.28875306393088
0.277286425629485,-0.276828713287054,0.0670775840705234,-0.616346647195429,-3.87519298381013,-1.21203349220418,12.7575383660587,-0.188734099152043,0.408958361044938,0.0553462988459872,-0.0465813325755837,-2.27892607430155
0.276779569827666,-0.277473465559494,0.0673898274038309,-0.615362635126796,-3.87657512304374,-1.21173963494315,11.9586247379811,-0.431540668095295,0.435151455777316,0.0439264108536181,-0.0426222921226278,-2.32723705169691
0.276360812701014,-0.27809183747015,0.067669003316703,-0.614464649821244,-3.87786457371206,-1.21137250171866,13.2815482757924,-0.1751348233729,0.322776894836551,0.0465151523281642,-0.0400869071608933,-2.31141122496854
0.276073196565931,-0.278680238833395,0.0679231499137845,-0.613661459162255,-3.87902789836828,-1.21090799628768,12.3725530445466,-0.0995717529112881,0.511755169576418,0.056758729152818,-0.0429693535936422,-2.3560219727331
0.275952890085543,-0.279240997615149,0.0681621712178604,-0.61295340068145,-3.88003633165818,-1.2103274346702,12.9107296821666,-0.118588752776986,0.494338008871864,0.0677556851275849,-0.047863526110019,-2.35904440864863
0.276015615754516,-0.279781751730013,0.0683937360490468,-0.612340297481322,-3.88086931761322,-1.20960883480699,13.2672106703077,-0.107866590208687,0.581686050509347,0.0674506132619554,-0.0417454137770542,-2.33859944450736
0.276264225585685,-0.280312356904819,0.0686240208250051,-0.611815564514528,-3.88152070637469,-1.20874225306155,12.1582667976849,-0.126502637727981,0.474966558740874,0.0530540838184561,-0.0385464514999206,-2.3821196524795
0.276700040340449,-0.280831007811056,0.0688532988660248,-0.611383413275866,-3.88197924608986,-1.20771270862044,13.1953245235962,0.00488181399509813,0.37931814686894,0.0436338372916096,-0.0401605060376885,-2.36081693616565
0.27730700499213,-0.28132284485868,0.0690697310550177,-0.611055492650972,-3.88224588859935,-1.20651040202815,12.7230534493885,0.0807902437904886,0.38000444343291,0.0475210638826979,-0.0526410680679907,-2.40574814271656
0.27805239658542,-0.281785328160941,0.0692653340719845,-0.610829747051696,-3.88234230437433,-1.20514183128891,13.0523603733417,-0.440305890669606,0.385934400547228,0.0586155688144347,-0.0532507838608889,-2.41284722253526
0.278907032749912,-0.282211141872976,0.0694326252571805,-0.610708975060546,-3.88228408168571,-1.2036119498675,13.5695069933697,-0.0422505508131508,0.575838094109173,0.0659597465405271,-0.0457970669017003,-2.41806237967232
0.279833529850046,-0.282575355275611,0.0695515566834279,-0.61070504163016,-3.88209844316387,-1.20193338172521,12.8402321755037,0.458784548100311,0.580868045192858,0.0615060217352479,-0.0385195142574201,-2.46438368562359
0.280799229740305,-0.282860587077858,0.0696096653855973,-0.610823916069987,-3.88181329770324,-1.20012383915791,13.8746238495627,-0.832105677195159,0.591056217792413,0.0585880237748277,-0.0325941558803699,-2.42774494557186
0.281776671059757,-0.283050914425049,0.0695962060716761,-0.611065968807049,-3.88145990518649,-1.19820949809802,13.0877021039832,-0.420685101435311,0.486152367410256,0.049211109446579,-0.0441881212060862,-2.47556986352324
0.282748011727894,-0.283140842989765,0.0695113617818586,-0.611419651859039,-3.88107089038402,-1.19622523343472,13.3338805270406,0.152291570008856,0.383389393442513,0.0484663353027504,-0.0538980173803454,-2.48605007758859
0.28370754537043,-0.283128028197446,0.0693582549820808,-0.611874271601008,-3.8806655657335,-1.19419363178789,13.9170820382787,0.606869011726758,0.49071884453636,0.0521534031282798,-0.0534712981883203,-2.46978467595256
0.284648067720948,-0.283012025298376,0.0691395866205823,-0.612409581189559,-3.88027421891656,-1.19215125558497,12.8607350232542,-0.00285028160078582,0.466931310558039,0.0560065007680235,-0.0430056643619556,-2.51218099630542
0.285573674441889,-0.282803700210366,0.0688663422359865,-0.613001183206768,-3.8799187207576,-1.19012812065317,14.151513418546,-0.366817878527854,0.550620006445428,0.0600695663355673,-0.03365903095094,-2.48884248948681
0.286496943828352,-0.282521188758183,0.0685552231080853,-0.613615382896112,-3.87961677556385,-1.18815520357013,13.285453477571,0.0937612045552214,0.485591646166966,0.0592258757050135,-0.0387060566775163,-2.53164418168891
0.287434320017332,-0.282195395566578,0.0682290114346369,-0.614212276300306,-3.8793812910516,-1.18625725751813,13.6808709691066,-0.593170193439846,0.498091401692506,0.063044352968896,-0.0492499103260029,-2.52278113916478
0.288393054481062,-0.281868191016422,0.0679121035034058,-0.614749040215161,-3.87922679605772,-1.18445055021942,14.1197568253358,-0.376575187825665,0.575524205070479,0.0612409648933196,-0.0576740092127033,-2.52004032524628
0.289384697889799,-0.281568165525957,0.0676236921151657,-0.615189428072417,-3.87916576325737,-1.18275405925446,13.266835262295,-0.840044331509489,0.518571787195185,0.0557620848697584,-0.055693615213571,-2.56099750904453
0.290409370953161,-0.281337809972491,0.067385005753485,-0.61549537218607,-3.87921087871335,-1.18117539165516,14.3850631386762,-0.566912305499045,0.5374412948388,0.0575418603899229,-0.0435036388806144,-2.53021887194942
0.291457169470694,-0.281216422123142,0.0672121747295096,-0.615633428925839,-3.8793785709348,-1.17972018685451,13.6122812215287,-0.194783601750032,0.445419299219651,0.0595918248548677,-0.0388166359691308,-2.57482387606646
0.292515604583464,-0.281232455676632,0.0671162984402429,-0.615586419024903,-3.87967560831012,-1.178381272243,14.0041449410973,0.0281990888645396,0.630518703658197,0.0654446930022963,-0.042635785941388,-2.59003602914316
0.293573904406395,-0.281410617117119,0.0671072058148199,-0.615346215747048,-3.88010042859358,-1.17714228740002,14.6132191405937,-0.0768826233884283,0.608436795239726,0.0703196316308867,-0.0502560240582168,-2.59890730916807
0.294609470311778,-0.281769938542817,0.0671883074764593,-0.614908475071924,-3.88065789931692,-1.17599045790988,13.7559358103528,0.0023298975072521,0.457170276986716,0.0619618718466879,-0.0523958636348669,-2.65041124818481
0.295601349088325,-0.282321608822885,0.0673610071892943,-0.614281451696222,-3.88134174024706,-1.17490329518756,14.8049684694228,0.135112244801121,0.501581793871225,0.0600327533684086,-0.0469844354218452,-2.61635052307378
0.296528202413707,-0.283059987582906,0.0676172572966497,-0.61348894790295,-3.88213946817985,-1.17385220197675,13.9390871384293,-0.790723542229443,0.568611929737301,0.0564273518519656,-0.0396494129953151,-2.640744996977
0.297384864394799,-0.283961843691126,0.0679446153432867,-0.612569987724941,-3.88302592063704,-1.17280676157032,14.1899054154952,0.020521090926195,0.486660480382113,0.0535659986686423,-0.0428339108318243,-2.64875818913795
0.298167011349292,-0.284996253297084,0.0683258988340332,-0.611567614007287,-3.88397415793135,-1.17173792183567,14.901219420426,0.533937830967488,0.470132936979667,0.0602476116345487,-0.0495928855914368,-2.65841279131609
0.298883313770428,-0.286122717242023,0.068741313195522,-0.610530646360372,-3.88494774563658,-1.17061518956538,13.9236770843728,-0.326636291866635,0.41093130646442,0.0656500514514287,-0.052895392894552,-2.70829955865996
0.299540859270008,-0.287291081404442,0.0691648897270806,-0.609509306430822,-3.88591870515332,-1.16941987495392,15.2452375215011,-0.44509688675339,0.555175865964259,0.0712212865617468,-0.047530227719059,-2.66217259537529
0.300157418307437,-0.288445398838743,0.0695683578229282,-0.608556666308169,-3.88685157088149,-1.16813057375918,14.0727685563259,-0.12565877951829,0.744622738405582,0.0694942515846426,-0.0361069397809907,-2.67234642896696
0.300766397025346,-0.289524218233932,0.0699245712841339,-0.607724518627918,-3.88770702318714,-1.16673293707996,14.1027803176671,-0.0693402410240651,0.599590689178115,0.0641434537785908,-0.0379998127431624,-2.64993970502277
0.301401032137888,-0.29048120847184,0.0702154773655976,-0.607053063389829,-3.88844785991634,-1.16521301506556,14.8407121925516,-0.0456466882487803,0.452985397415006,0.0552985992187169,-0.0488351814592031,-2.65860594836158
0.302081049914994,-0.291281203472202,0.0704236898991526,-0.606563798780944,-3.88906096905563,-1.16357657864207,14.0816393064934,-0.120137545923626,0.443372630387358,0.0513192462756571,-0.061851017792309,-2.72398304982669
0.302831924300788,-0.291903360415816,0.070543813239981,-0.606266395439659,-3.88953386280906,-1.16183258982921,15.3300574999175,0.47680206563814,0.537018349240554,0.070334683587244,-0.0588823110356192,-2.69383404760671
0.303674570773135,-0.292345924219033,0.0705805611473959,-0.606155824579804,-3.88985884219971,-1.15999026519435,14.3024756180794,-0.15019998261846,0.716053899107919,0.0800865014627958,-0.0447981524089836,-2.72180925257813
0.304618287445191,-0.292625380416172,0.0705472429684596,-0.606212906291758,-3.89003836567108,-1.15806012792918,14.5954235203007,-0.274003965925431,0.63390585332229,0.0780791542971286,-0.030317018687282,-2.71363535058561
0.305657938479127,-0.292784244076961,0.0704700765961294,-0.606392703129874,-3.89009512651818,-1.15606907812691,14.9224739869692,0.39219939246891,0.63190176605201,0.0633565003479353,-0.032431740821324,-2.71681641819801
0.306779149050741,-0.29287707737236,0.0703816734209983,-0.606648082601827,-3.89005174517419,-1.15403353086123,14.2338087314016,0.299251016787593,0.375580274727099,0.0538490066685444,-0.0537757844512629,-2.7787637442532
0.307955962114343,-0.292968245779324,0.0703175958485137,-0.606922679217812,-3.88993852243734,-1.15197067728698,15.6835443547579,-0.28426644367778,0.361956658743765,0.0543996308439705,-0.0664193149680698,-2.76733363338841
0.309157101475466,-0.293123812419285,0.0703147012421409,-0.607162792731481,-3.88978395535054,-1.14989268958946,14.8602908985585,-0.491161088189529,0.388014035861175,0.0615139171914261,-0.0574859413876581,-2.8069185312293
0.310337920790351,-0.29340379629865,0.0704012513445006,-0.607317890556599,-3.8896265479669,-1.14781230056411,14.9772696927221,-0.636238065578482,0.544163876087566,0.0692067787651283,-0.0347758921137112,-2.79861808846668
0.311456757472497,-0.293848561531123,0.070594068475286,-0.607352273020464,-3.88949798780049,-1.14573729652515,15.5917178583491,-0.00976935647076971,0.686091136147809,0.0689815774500113,-0.0254361158211065,-2.79811096227448
0.312480332182844,-0.294498213637908,0.070910935907834,-0.607235495802108,-3.88941886815643,-1.14366701443307,14.701213908786,0.29379614260597,0.531027734884788,0.064860326048791,-0.0367728513073031,-2.84962544995397
0.313368328743531,-0.295358117154548,0.0713445897554599,-0.606959672902478,-3.88941501320764,-1.14160321452275,16.118072744468,0.113529048946475,0.471485678782187,0.0580530656734388,-0.0573130855560108,-2.82801918661149
0.314097478720731,-0.296419415933686,0.071882714857823,-0.60652965038634,-3.88949888935761,-1.13954213912473,15.1266221194647,0.0588515425633886,0.438491842283298,0.0571617397939312,-0.0692774219763529,-2.85397314036401
0.314658025640858,-0.297647352065788,0.0724980383263907,-0.605964272052773,-3.88968210533056,-1.13748831176858,15.3770256687908,0.52934656736852,0.37832279506776,0.0613791561166703,-0.0567024242068308,-2.83039153181473
0.315055153917448,-0.29897824404577,0.0731511510732126,-0.605309375051814,-3.88995875852258,-1.13543377254819,15.5797408601823,0.0465827475654805,0.584969512771295,0.0663166282993539,-0.0361436370388991,-2.81158991502482
0.315306000888779,-0.300345658611681,0.0738031598528427,-0.60461085509864,-3.89032145476643,-1.13337618959734,14.7938589149574,-0.256371898993393,0.636384506491169,0.0669254458646038,-0.0312203639799904,-2.86041891578097
0.315444589272697,-0.301674760819395,0.0744156933391168,-0.603919407758926,-3.89075455114752,-1.13131594854465,16.0082715707567,-0.311355012437389,0.651543089821189,0.0745444382769445,-0.0466212193821135,-2.83653326109963
0.315509547997384,-0.302886147600701,0.0749497798858291,-0.603291133177671,-3.89124072523718,-1.12925194117566,15.1521376458868,-0.127691812072271,0.534955582912062,0.0727735431465173,-0.0625321210124015,-2.87932024490472
0.315538807148613,-0.303913529361916,0.0753767285904468,-0.602771080976294,-3.8917677842387,-1.12718942617388,15.6130477902977,0.217682420590791,0.583465437380937,0.068945150676837,-0.0678922473092509,-2.88516758442569
0.315575633998404,-0.304708296450869,0.0756810885877646,-0.602392004948592,-3.89231837252674,-1.12513206493546,16.0563213034687,-0.0551865570439531,0.515081157851824,0.065624291796766,-0.048077494167808,-2.87618142578215
0.315664923690406,-0.305243385802465,0.075863992548704,-0.602171792150596,-3.89287567569335,-1.12308462736344,15.0171695819295,-0.214890380343149,0.544549958275951,0.0665694966226318,-0.0355955885279046,-2.91616434515854
0.315835597287371,-0.305513639589522,0.0759366461694842,-0.602111282054764,-3.89343220671022,-1.12105500338573,16.2842453907276,-0.283519793181313,0.51557490087481,0.0724395821035144,-0.037120547310989,-2.89425455125248
0.316118651977801,-0.305527196871545,0.0759208103412061,-0.60220460562062,-3.89397312128764,-1.11904498558802,15.6271506925936,0.20831636240905,0.554350134620563,0.073996466169572,-0.0532790950448384,-2.9464020402567
0.316525676769889,-0.305327266628957,0.0758529353072647,-0.602417026562145,-3.89450027114779,-1.11706471974383,16.0206354934871,0.577597531344281,0.53097570926036,0.0708048016592917,-0.0587517144973525,-2.95424627681969
0.317056820496033,-0.304977537200751,0.075777194116984,-0.602699363911144,-3.89501872999621,-1.11512433257074,16.5453094880165,-0.0220593374651799,0.545389669452703,0.0639320860568744,-0.0534037450440837,-2.94510337483184
0.317707428165913,-0.304531416305068,0.0757291984810075,-0.603007618489764,-3.89553409346197,-1.1132334276332,15.4100363101476,-0.505022985830465,0.44423135698429,0.0578432680088037,-0.0405675322465512,-2.98010964063429
0.31845942043813,-0.304054325230426,0.0757441933955314,-0.603294932690834,-3.89605450735202,-1.11139342397442,16.5761448871391,-0.289904088134108,0.693198221906727,0.0623774718374825,-0.0362852934194389,-2.95307240290561
0.319288404032942,-0.303603142557019,0.0758467108557014,-0.603516306819298,-3.89659471278498,-1.10961268179342,15.7425885315545,-0.238616996422707,0.65481753443126,0.0651738382944957,-0.0443081570291787,-2.99191590676283
0.320168656338461,-0.303241892422584,0.0760632107455164,-0.603624808325591,-3.89716812460839,-1.10789746228499,16.0621028237749,0.0708811036618044,0.549598684488899,0.0684510781861571,-0.0558400720163386,-2.99536886776255
0.321073912898877,-0.303015505539637,0.0764045499516567,-0.603589411032717,-3.89778670827119,-1.10624985242292,16.751025360433,-0.398494140909634,0.568359581722945,0.0630015925223799,-0.0551744061365049,-2.99347978183894
0.321974368281765,-0.302954297186695,0.0768690568175306,-0.603388387005372,-3.89846713519398,-1.10467576615462,15.8487278213457,-0.0886985886443199,0.489756021687299,0.0571240766581544,-0.0511252561201427,-3.0400618232986
0.322834902722187,-0.303073659901713,0.0774422605980959,-0.603017801446536,-3.89922417043254,-1.10317229038285,17.0028998222119,-0.418009504516704,0.577654507424512,0.0644374859978205,-0.0452559782451709,-2.98723836787767
0.323647880966168,-0.303372838308736,0.0781087686681857,-0.602490058923887,-3.900050405456,-1.10172737111202,15.6881349763707,0.0122912864399041,0.624226704913951,0.0735872177555699,-0.0460020775542394,-3.0062281000294
0.324403725029159,-0.303834899038998,0.0788434353451437,-0.601828838288757,-3.90094113071789,-1.10033122253505,16.1066661555164,-0.228563259980092,0.567929965812425,0.0718892054564484,-0.0518465504889639,-2.99667153345721
0.325100341326365,-0.304432157312844,0.0796172087040247,-0.601072689233819,-3.90188022885998,-1.09896314249609,16.5863973694816,-0.0450702489342802,0.57925559653907,0.0642878143501169,-0.0535541395071874,-2.99223734229395
0.325746347021838,-0.305139741508169,0.0804089689375026,-0.600255358723383,-3.90284833349918,-1.09760782031944,15.7599241500329,-0.0392266088942961,0.481009898368256,0.0556374464005338,-0.0524493117912623,-3.0323552779259
0.326358844803349,-0.30591366001839,0.0811907237474696,-0.599424830049986,-3.90381777687918,-1.09624566402332,17.0184257342367,0.0942872418324896,0.436536905436668,0.0615392186663422,-0.0465992129728781,-3.00209049868981
0.326966060491363,-0.306692374773672,0.0819291181900061,-0.598644173591616,-3.90475065860963,-1.09485075453346,16.0730859620598,0.151626108095797,0.589793763103501,0.0703181144137228,-0.0481439063831304,-3.04827597996254
0.327591752356415,-0.307431805510076,0.0826031625641805,-0.59795985024251,-3.90561594136354,-1.09340552590005,16.4717597023845,0.00871373998506897,0.602042810261253,0.0762776314316547,-0.0497048413674131,-3.04244462382327
0.328267010496827,-0.308071509997546,0.083185505772675,-0.597429027010643,-3.90637741275572,-1.09188991192562,16.8330001452414,-0.262427575079073,0.550709913421144,0.0783885661532948,-0.0454928528702845,-3.04616441476436
0.329011809943367,-0.308563974350106,0.0836547621659121,-0.597090165878074,-3.90701269032665,-1.09029654315959,16.1465899739165,-0.0889556719125721,0.43990422295002,0.0673223350737571,-0.0491757866956116,-3.09474089481615
0.329841898564182,-0.308877474695588,0.0839975646742858,-0.596966779008509,-3.90750990582948,-1.08862612443331,17.0912322239358,0.0341997313237243,0.511734528381339,0.0623782843332625,-0.0481039020189985,-3.07030706838651
0.330762022115673,-0.308992763491609,0.0842064314730822,-0.59707375011417,-3.90786188421333,-1.08687617662579,16.44317845541,-0.355035182856,0.536494706934434,0.0612645651040697,-0.0506104263668816,-3.10018971159826
0.331768007592982,-0.308907368368569,0.0842828631355439,-0.597406067073418,-3.90807786591139,-1.08505930524362,16.747109486714,-0.0947756265793487,0.559914455079195,0.0676895131118971,-0.0508660341568983,-3.09981632808606
0.332833778877303,-0.308637658894316,0.084231643604088,-0.597943602536265,-3.90818429954237,-1.08319196375511,17.2079022859037,0.117112227917232,0.613933039816089,0.0716848854532852,-0.0460044914963308,-3.09866728035406
0.333927019375026,-0.308216388091338,0.0840656754904743,-0.59864819770364,-3.90821949875229,-1.08130014407044,16.4426677047388,0.239141768174477,0.591078562777426,0.0657774651756733,-0.0429099439170356,-3.14981718521722
0.335012635719542,-0.307688495537414,0.0838053742316479,-0.599474464090732,-3.90822351453227,-1.07940962877101,17.475332485891,-0.0302245485322601,0.540539662495917,0.065877833414822,-0.043894639366052,-3.12662723055013
0.336046278847232,-0.307122868166578,0.0834827923315171,-0.600361707676211,-3.90823920512963,-1.07754211844693,16.7909357234687,-0.0923002888177962,0.483042561373736,0.0653030132882706,-0.0503376313495468,-3.16056435485053
0.336982116406378,-0.306606062335158,0.0831411822100928,-0.601234451961183,-3.9083144593883,-1.07572554645836,16.9701504861145,-0.527876702235289,0.547683611434422,0.0675819490817942,-0.0563084344430435,-3.16283122398055
0.337787464166525,-0.306214728033938,0.0828225386768738,-0.60202908367054,-3.90848168073795,-1.07397771402996,17.6388437274902,-0.0727233737613915,0.679337657672875,0.0676665949651043,-0.0523810804794979,-3.1458115025288
0.338436075212824,-0.306020435586808,0.0825669275720256,-0.602685676609101,-3.90876727946902,-1.07231331660862,16.4646745986694,-0.577597235357189,0.433131438869424,0.0661075759521386,-0.0505297192636333,-3.19324557826129
0.338901618461595,-0.306100139096516,0.0824172772585224,-0.603138147197452,-3.90920091975292,-1.07075352406716,17.9158172622304,-0.611019158762701,0.569625090978548,0.0689623907415573,-0.046152204423592,-3.16405619275654
0.339186386530114,-0.306506910839763,0.0824116764595814,-0.603342262948187,-3.90978586756004,-1.06930703105347,16.9153193384948,0.296926329602456,0.562748903427547,0.0683885852701405,-0.050043924347608,-3.20699947034372
0.339306023761473,-0.307258954456847,0.082569564239579,-0.603280787843931,-3.91051025364393,-1.06797142542941,17.3935035008506,0.158957115502062,0.530679217383863,0.0749987813261273,-0.0560987634727887,-3.20470397649813
0.339276037937461,-0.308355707714776,0.0828985373254701,-0.602945955706455,-3.91136732415272,-1.06675200691792,17.7656543139273,0.146919274018728,0.589163799723764,0.0766452466456595,-0.0539796210730992,-3.19751290259999
0.339132610647533,-0.309767227597856,0.0833944557900791,-0.602357384849855,-3.91233038234169,-1.06564060273355,16.9713847818953,-0.616241737829341,0.52340722013767,0.0691698922575243,-0.0523650069161545,-3.24488371885722
0.338901670915449,-0.311444975563212,0.0840361586988987,-0.60154253457585,-3.91338399530994,-1.06463444358991,18.0960185637402,-0.510986116147933,0.519689983796781,0.0695926510096201,-0.0482212446082634,-3.22571566874253
0.338628674070192,-0.313310151845839,0.0847915749907902,-0.600555643906594,-3.91449344385476,-1.06371859535057,17.4434886563363,-0.260021539571198,0.653285306244186,0.072159869770279,-0.0527897760721951,-3.26953313395449
0.338343964720391,-0.31527166824895,0.085613985782479,-0.599459417460773,-3.91563667897882,-1.0628788070926,17.7370292597195,0.254555949256883,0.631158755583783,0.0788977414299517,-0.0545616010645475,-3.27354500228217
0.338078040240181,-0.317223099761506,0.0864476490519012,-0.598325569649987,-3.91679371877775,-1.06210145124058,18.1772424640121,0.295308506032143,0.656490892245358,0.0774493833217664,-0.0513546862259896,-3.26473793830458
0.337857372305039,-0.319064198190878,0.087237907007673,-0.597228334334534,-3.91794000172462,-1.06136119946985,17.1645468826845,0.380524554979729,0.594030704129352,0.0745546661750409,-0.0527907917242129,-3.31618039198911
0.337695612178445,-0.320685259651711,0.0879208743285831,-0.59624644563798,-3.9190651828728,-1.06063980258569,18.5169099407984,0.0101332858328078,0.618913448253068,0.0725370553633646,-0.0498419103287132,-3.27836878364669
0.337598012673632,-0.322008987927688,0.0884502109317845,-0.595438123210235,-3.92016173702608,-1.05991592502972,17.5132515855343,-0.466460040127686,0.712144132236972,0.0719568473992656,-0.0522015373556808,-3.3184790754248
0.337569040230983,-0.322972926031428,0.0887876375944572,-0.594850561463937,-3.92122494632148,-1.05917202702064,17.9389815296025,-0.655517900702762,0.682656510710757,0.0770448966898285,-0.0542154926895181,-3.30101607009604
0.337611364963647,-0.323526903825751,0.0889035771151491,-0.594527578251159,-3.92224442207222,-1.05838361972472,18.1029238392584,-0.22153529402749,0.712462148520473,0.0811877684870472,-0.0561693053175148,-3.28838236053004
0.337719704953938,-0.323653644458219,0.0887850206070506,-0.594487439896493,-3.92321998017486,-1.05753521357962,17.2347178438873,-0.0275902880746344,0.599453543529734,0.0777548202352065,-0.0531941212167753,-3.32115784677157
0.337887621559766,-0.323367082031524,0.0884384177293799,-0.594724140147143,-3.92415461834556,-1.05661945891817,18.4987624411002,0.172594223776969,0.563653544993031,0.0738214319643768,-0.0530646421458927,-3.29516058211577
0.338113698905816,-0.322710485899856,0.0878904221852426,-0.595212908551824,-3.92504590685177,-1.05562934026288,17.7217631581058,0.496724935543398,0.54816492569509,0.0734617501922501,-0.0539414313861029,-3.33968912244709
0.338394451662432,-0.321750604099256,0.0871824076478849,-0.595913702265247,-3.92589452361384,-1.05456294786196,17.8777050907429,-0.20292114969061,0.62012767419003,0.0760716965088117,-0.0610179940514942,-3.33991909814764
0.338709619829632,-0.320578683034656,0.0863633391335992,-0.596759658843258,-3.92672282355315,-1.05343967207565,18.4774320338334,0.33673052057793,0.686968594468539,0.0829460641489908,-0.0588170581349535,-3.33828573172172
0.339059750382058,-0.319282938404196,0.0854874169808423,-0.597690065683531,-3.92753506690668,-1.05227141819134,17.5117937298701,-0.3670517934072,0.737214632556316,0.0784694409049305,-0.058081889162557,-3.38053944214793
0.339431062862664,-0.317963641715261,0.0846108563147833,-0.598630626584393,-3.92834833058161,-1.0510803414183,18.6497183818255,0.162428159207138,0.805127272724036,0.0762180328016875,-0.052856257044028,-3.35035124948205
0.339811594268621,-0.316721389051935,0.0837895466388495,-0.599506496977807,-3.92918149535703,-1.04989300498042,17.8727604915172,-0.231502760064359,0.560222559774303,0.0687847318838313,-0.0541631260160938,-3.3955440682479
0.340185629263003,-0.315628539134966,0.0830608740305772,-0.600260645080893,-3.93005664619698,-1.04873809927682,18.3994533092613,-0.241214220706979,0.522023621512346,0.0686104380397534,-0.059850698672685,-3.40386828124699
0.340529534250707,-0.314749357976975,0.0824513698622109,-0.600840795353481,-3.93100162947007,-1.04764521392168,18.7729530660961,-0.431654567278429,0.601640560054335,0.0768969095203507,-0.0605900060305768,-3.39001249650326
0.34082150412624,-0.31411348594558,0.0819671663636551,-0.601213930822204,-3.93204737910095,-1.04665006094761,17.838226471069,-0.475475720896839,0.454330916356952,0.0746793158665122,-0.0557389874577453,-3.42688532874944
0.341046295822035,-0.313724847028503,0.0815997051191198,-0.601374124492384,-3.93320740648374,-1.04576719894102,18.8378903820212,-0.276370063826789,0.581582613029639,0.0733918637390372,-0.050338614128359,-3.40428112143229
0.341182554337299,-0.313558082634254,0.0813187257498557,-0.601332552794797,-3.93450123026303,-1.04501405959945,18.2659253898254,-0.215774594161303,0.666347625796419,0.070007568682604,-0.0522192977999587,-3.44787264000052
0.34121826202718,-0.313573882793937,0.0810899421578152,-0.601114784307859,-3.93593514739465,-1.04439616240898,18.6111321746936,-0.607021711761718,0.56598492044904,0.0727966111601472,-0.0591718585887642,-3.45723050451454
0.341154958448504,-0.313716738448177,0.0808733386152855,-0.600764383787729,-3.93749729848329,-1.04390298157824,19.1575802333236,-0.627397363966111,0.628039680146287,0.0752204598345303,-0.0638528480977295,-3.45520955237118
0.341001298651285,-0.313927146673581,0.0806303208070057,-0.600327495683011,-3.93917199737906,-1.04352364681726,17.9994503202311,-0.4626023992098,0.675578437479743,0.0751537030621372,-0.0624619236802064,-3.50057942361148
0.340763230244691,-0.314151138688402,0.08032732346718,-0.599853096757475,-3.94093615241319,-1.04323377500461,19.2751048366974,-0.56562204931538,0.737831603050722,0.0794972422262523,-0.0536432984184588,-3.46700766117036
0.340481094998684,-0.314347093750991,0.0799507342183395,-0.599389093140146,-3.94273387640208,-1.04299061447055,18.6079820667409,-0.25001289240754,0.647506999474587,0.0750776857016429,-0.0521427019885323,-3.51550883621979
0.340195969759351,-0.314486849883236,0.0794981234873064,-0.598977314637624,-3.94450592789801,-1.04274608596781,18.9367052282857,-0.388843305353021,0.603427107152157,0.0727306224671822,-0.0571128614829304,-3.52455229159313
0.339952879883172,-0.3145490295376,0.0789753585964355,-0.598653592116897,-3.94619139400159,-1.0424541953151,19.4906719217283,-0.625194456631561,0.665963950884048,0.0817991039963117,-0.0601077457526649,-3.51451621533867
0.339804329359333,-0.314553711053657,0.0784167492441847,-0.598426369597887,-3.94772638162852,-1.04206914201345,18.3746069711585,-1.00639954087478,0.650069984445167,0.0822803334553708,-0.0652919465905137,-3.55114222217413
0.339790733722643,-0.314543494002592,0.0778676422393053,-0.598282141450372,-3.94906352679217,-1.04155920685024,19.6614774195456,0.169243764737303,0.619735872697731,0.0840316238321459,-0.0564279300020226,-3.51163740288108
0.339947234032165,-0.314547483111619,0.0773641288351838,-0.598216471181554,-3.95015927273808,-1.04089190114904,18.7370315386601,0.412557948676522,0.60674285265182,0.0783090249428335,-0.0515848548385454,-3.55639867259779
0.340298342454077,-0.314615071190062,0.0769513188073566,-0.598201791573003,-3.95098955481407,-1.04005393432507,19.3705054035474,-0.423163867943231,0.674310224650384,0.078171402991642,-0.0537205996723372,-3.55480307543466
0.340849715604341,-0.314795931190259,0.0766661293437573,-0.598200579649422,-3.95155491899052,-1.03904947030428,19.796809738189,-0.516732320478468,0.604465594680676,0.0867007535411002,-0.0608704084383612,-3.56382618404904
0.341592819092621,-0.315113239030312,0.076523862566131,-0.598189927374105,-3.95186715809319,-1.03788716094311,18.972950267565,-0.432047159893045,0.704299759313074,0.0906263768898659,-0.0670063935532083,-3.60536797727479
0.342490302409444,-0.315579487140429,0.0765205400539052,-0.598142531000303,-3.95197280951104,-1.03659900601027,19.8839258100136,0.452391334531512,0.770241908527055,0.0933845114991327,-0.0600400599309214,-3.57969793453614
0.343506250387472,-0.316187361439569,0.0766399871408063,-0.598044418806852,-3.95191803592667,-1.03521539954197,19.2229702624293,-0.282644394078716,0.77024409581486,0.0863446027233525,-0.0535341572334099,-3.61096262231745
0.344594362218836,-0.316921558008866,0.0768570654584327,-0.597884646125242,-3.95175522106239,-1.03376688946901,19.5525982236431,-0.584893496122277,0.683191324973563,0.0825620249183068,-0.0551029458529441,-3.61248909302306
0.345701301666389,-0.317743160261896,0.0771304676279854,-0.597668170101879,-3.95154315110849,-1.03228567083099,20.1111874206004,-0.0940711018558886,0.626141221064557,0.0824430800775353,-0.0602509318316594,-3.62107041745806
0.346769413705077,-0.318601843765231,0.0774095263131036,-0.597406221456357,-3.95134623605633,-1.03080614724843,19.1542348381936,-0.667111358005286,0.617705590577629,0.0825867898822814,-0.067604494302467,-3.66440027799873
0.347767970670332,-0.319445084019453,0.0776524240716429,-0.597121251049832,-3.95120127965471,-1.02934459204171,20.2684162229531,0.0104561518428454,0.66928271135771,0.0863249586481722,-0.0654057585593611,-3.63214830781635
0.348678678766864,-0.320228591923605,0.0778276553684514,-0.596836331325475,-3.95112798821727,-1.0279039697583,19.4727978779329,-0.672130456456671,0.684042409788901,0.0829283586132314,-0.058638792551724,-3.67190544455291
0.349492778771992,-0.320928277850943,0.0779223988807239,-0.59656629715766,-3.95113632455869,-1.02648069695603,19.7860449991153,-0.665884527103344,0.629709419466025,0.0806501142007376,-0.0524985221359709,-3.67627632756229
0.350218030871126,-0.321535702028603,0.0779409759935278,-0.596319670414459,-3.95122332812521,-1.02506748807153,20.3696522436301,-0.580274254296455,0.724774230456035,0.0821197619824958,-0.0555525297538497,-3.66482520334555
0.350880970507631,-0.322058234865237,0.0779044578468955,-0.596099491322131,-3.95136881281721,-1.02364860067161,19.3234564839931,-0.885628089916281,0.648128816418819,0.0851797633909439,-0.0693726505115001,-3.69707954987004
0.35151104553897,-0.322515069906679,0.0778432453405826,-0.595901833570043,-3.95155215438533,-1.02221167764175,20.5405056158948,0.603412191279403,0.67195550285706,0.0835868378515863,-0.0682980452061692,-3.67020915790101
0.352141936272886,-0.322954569751193,0.0778065485940422,-0.59570204276906,-3.951753165015,-1.02075019553712,19.6812359181276,-0.242224274993305,0.775262367262769,0.079861231573596,-0.0635458162815602,-3.71020070825752
0.352808179377248,-0.32343063200123,0.0778470798429763,-0.595471343486864,-3.95195143691579,-1.01926079159955,19.9171214559751,0.0517703493446788,0.713621308157116,0.0810077903147235,-0.0559018982845512,-3.70566513602164
0.353528563227738,-0.323991867233635,0.0780071416293682,-0.595178446321685,-3.95214525263815,-1.0177539741442,20.357563044459,0.733026281230877,0.78953201297827,0.0856619107711167,-0.0527107154689037,-3.69754971670999
0.354320022517839,-0.324687649639637,0.0783281582058264,-0.594790835671909,-3.95233412466842,-1.01624312129596,19.5453133082367,-0.417953965535844,0.766565516237904,0.0874589759404207,-0.059542932629951,-3.74626431199285
0.355180097953226,-0.325547361331926,0.0788295230677014,-0.594285045870356,-3.95253246984273,-1.01474799005995,20.6667483300503,-0.548493977776843,0.824368560454758,0.0886899377547539,-0.06780535704254,-3.7192098941954
0.356097951709087,-0.326578522962889,0.0795122042301579,-0.593650424486064,-3.95275669179902,-1.01328558033599,20.0009883959473,-0.0987755409400961,0.653763002851633,0.0830318913370216,-0.0680424592733956,-3.7561733237148
0.357053892547205,-0.327761409559802,0.0803560797518114,-0.592894552985609,-3.95302634108304,-1.01187059574271,20.2101692507583,0.203980263612266,0.507612441401875,0.0804861379489652,-0.0612038634854667,-3.75922076667202
0.358038763536937,-0.329042406615477,0.0813224795473683,-0.592047319854317,-3.95335210159793,-1.01051438856077,20.7648890517006,-0.175792775876516,0.630104727210835,0.0854872823354382,-0.057208684006135,-3.74713143729523
0.359031828224619,-0.330352359275125,0.0823571409990089,-0.591151169434683,-3.95374412251715,-1.0092185671784,19.6837133933969,0.769442050830321,0.678870643137174,0.0869545418668114,-0.0597445910433425,-3.78880562833443
0.360023913888515,-0.331586010283882,0.083388491976208,-0.590279059111516,-3.95419565146562,-1.00796972156737,21.1058686578626,-0.0905655663430025,0.720437936923389,0.0864041846129253,-0.0645890216820312,-3.76105483450187
0.361013535335059,-0.332640281899033,0.0843482855657424,-0.589501313241389,-3.95469527206612,-1.00675443836516,20.1471636302929,-0.0885230957167096,0.604406415714891,0.082773801870895,-0.0668831304165038,-3.80552894969469
0.362003931458493,-0.333419742281192,0.0851731514062001,-0.588884188608239,-3.95522793272532,-1.0055575560786,20.6002890037482,-0.659446960625701,0.499306633715264,0.0794539559504805,-0.0661469491887995,-3.81401090984778
0.363007694906724,-0.333840738594876,0.0858122489706726,-0.588488057017344,-3.95577213798469,-1.00436364834327,20.9800914445309,-0.672935742677964,0.834998974785577,0.0840977604026523,-0.0625576998845568,-3.80297680874297
0.364041664500728,-0.333837278626206,0.0862255889303117,-0.588363091342723,-3.9563043491089,-1.00315587607182,19.9807574075463,-0.43598478914123,0.710822504447862,0.0865535950808223,-0.0616447894443717,-3.84019623308711
0.365114040172324,-0.333384225070818,0.0863948625960018,-0.588525435211156,-3.95681913717197,-1.00193649464665,21.1838518516418,-0.699645575694831,0.757648914317002,0.0887961482937514,-0.0613717269597883,-3.80768823973851
0.366234373184968,-0.332493357172854,0.086325361173377,-0.588967817104402,-3.95731277894913,-1.00071150991472,20.3228295926194,-0.363186535981413,0.677430884877168,0.0846233165684307,-0.0658712219127684,-3.85394032406056
0.367407581056441,-0.331212232909639,0.0860418593921485,-0.589657814838573,-3.95778991000874,-0.99949384462655,20.9008349134847,0.409062559938548,0.605110918045284,0.0841699289935538,-0.0660207444762389,-3.85431655884426
0.368615790516034,-0.329631452149115,0.085586685390802,-0.590525878205683,-3.95828048034482,-0.998315432872322,21.2480079258024,-0.325344319545366,0.682099222099993,0.0834727891120033,-0.0662907641424273,-3.84389530189513
0.369835757087293,-0.327856911275608,0.0850088580883565,-0.591494583507125,-3.95881866599904,-0.997207307854923,20.4072650163601,-0.527953225809142,0.611195036977591,0.0803964809070776,-0.0666191687780997,-3.88502726295282
0.371031661633365,-0.326006520986013,0.0843601557811637,-0.592476391267784,-3.95944580268675,-0.996203013652693,21.4725339415344,-0.206430992847118,0.689969043071557,0.0850774358942732,-0.0639976617893847,-3.86293233938
0.372172086500538,-0.32420181470421,0.0836942304942671,-0.593386960236254,-3.96019366424884,-0.995323898992531,20.7746834849122,-1.17477766469597,0.704989556735512,0.0873928424159716,-0.064734216917012,-3.90288250397936
0.373217008626818,-0.322556997979618,0.0830570149098516,-0.594147044441642,-3.96109593531788,-0.994587814845202,21.0174630497265,-0.265738106087838,0.733711387092569,0.086317210985265,-0.0638254854915443,-3.90469899863708
0.374133969457891,-0.321157918535057,0.0824803932102562,-0.594705446259933,-3.96216456812483,-0.993990123336891,21.6019456929688,0.0934736610956861,0.70442920439578,0.0891721330710591,-0.0646559229772003,-3.90505257809369
0.374889602281447,-0.320067720390892,0.0819815344153287,-0.595025792732389,-3.96340927543173,-0.993522462668731,20.7186820323506,-0.738085507259484,0.718371104636475,0.0857224906528709,-0.0691828005702668,-3.94604470499939
0.375466747070652,-0.319319203403797,0.0815647422767806,-0.595102243147061,-3.96481382546289,-0.993152134107279,21.8659772103272,-1.00840867933584,0.696799083796293,0.0857351996737927,-0.0646727201054224,-3.90901714524873
0.375856480180316,-0.318916174070806,0.081220303819301,-0.594949465000712,-3.96635235728023,-0.992841099260695,21.0266964378887,0.00231540598474567,0.628857148663087,0.083178838472401,-0.0669981761342803,-3.95447272525404
0.376060228274162,-0.318839662687553,0.0809303292901553,-0.594601319830846,-3.9679866626211,-0.992542461362588,21.3565481020178,0.18269201445878,0.693840261154804,0.084997510055723,-0.0651245055766817,-3.95544611622394
0.376095205851842,-0.319056093265141,0.0806743428550387,-0.594103209026163,-3.96966698147452,-0.992205296380783,21.7893337738662,-0.122017473863934,0.64469258520819,0.0867923519955749,-0.0639955652213001,-3.94526441135004
0.375975208355661,-0.319513306391292,0.0804223680446952,-0.593505755150492,-3.9713589867293,-0.991797146004207,20.8747870458279,-0.809355593777809,0.694983722554042,0.085932377389534,-0.0664571840633699,-3.98365790842565
0.375721447677297,-0.320160117145941,0.0801505327579117,-0.592858403151899,-3.97302757635903,-0.991289154772199,22.0433617078213,-0.414356464167895,0.89287453936825,0.0880255421180545,-0.0629858892083826,-3.95610613105092
0.375356431723624,-0.320955919740884,0.0798437507411003,-0.592195981841062,-3.97465061717025,-0.990670178476065,21.2632980860595,-0.514667003239765,0.820257819053012,0.0846989390954374,-0.0680573256171898,-3.9832170006423
0.374904673609736,-0.321863808747118,0.0794926598447568,-0.591548383105491,-3.97621253529049,-0.989937403879387,21.3685028914704,-0.411428535154755,0.665285041707818,0.087903985314091,-0.0684371493735941,-3.98811724113434
0.374390240629976,-0.322842884601453,0.0790895940012367,-0.590938643910809,-3.97771427722826,-0.989109851402127,21.9407118744935,-0.0682748949227516,0.629265988891319,0.0901372307594475,-0.0701338006866047,-3.97680074483367
0.373832721372767,-0.323858734508065,0.0786305700008669,-0.590379746817525,-3.97916794593167,-0.988215865358322,20.9607852954918,-0.339912216750918,0.774450161567756,0.0888584452034875,-0.070609339466034,-4.01743514075635
0.37326190330224,-0.324881860494271,0.078119748259975,-0.589881184191113,-3.98058036106856,-0.987282486580979,22.2667326647984,-0.0481751201825773,0.835541110870111,0.0885641536579986,-0.0656858416223427,-3.98822352592135
0.372690368785865,-0.3258839247833,0.0775562431610237,-0.589444560600951,-3.9819770272039,-0.986347062900612,21.2335957957417,-0.858177671145086,0.773196690595768,0.0910265763642495,-0.0681763736081189,-4.02024185121608
0.372146308298851,-0.32682851352298,0.076941271774849,-0.589081272380633,-3.98336483651242,-0.985432015871639,21.7637431993792,-0.952308530602068,0.632999016288579,0.0910648334832693,-0.0686869307728654,-4.01399997437402
0.371653415983532,-0.327691334578073,0.0762815974340816,-0.588789703146892,-3.9847526198202,-0.984560436174503,22.0661494070488,-0.142295464590916,0.796048519773279,0.0888274590257745,-0.067740787153447,-4.01470917881436
0.371243462465661,-0.328440180905087,0.0755796071585623,-0.588579830414832,-3.98613218741631,-0.983736350936814,21.250252384576,-0.504930359779109,0.635213242920173,0.0874346690549439,-0.0696537420844003,-4.05563921593646
0.370936073020228,-0.32905287374675,0.074839259675321,-0.58845700685183,-3.98749224037281,-0.982952425758511,22.3680584621558,-1.05023711229842,0.620260574426737,0.0931938974668234,-0.0668046068805767,-4.02151542200323
0.37075642083594,-0.329512235986659,0.0740683957187003,-0.588426251902795,-3.98881000549135,-0.982190635837362,21.5863752491819,-0.806975569038286,0.756950962085142,0.0934015619689457,-0.0662872678639471,-4.05690659514993
0.370728085052074,-0.329814182987286,0.0732800622789258,-0.588490752785559,-3.99005118956535,-0.981415831051256,21.8571721210096,-0.533517840667628,0.864330567789096,0.0897046020861496,-0.06985271924945,-4.05193919615346
0.370864496528552,-0.329975794100582,0.0724959015068188,-0.588636556372976,-3.99118955511733,-0.980598349775306,22.293755760413,-0.561118383902567,0.791543824577133,0.0875422091251155,-0.0694860741037566,-4.04178416352672
0.371169276829425,-0.33002056054767,0.0717377348139628,-0.588846374128324,-3.9922048036245,-0.979710180813156,21.331061033495,-0.435008784028469,0.746345827515285,0.084945959378425,-0.0730783876679339,-4.08229295915454
0.371633726089723,-0.329995701623229,0.0710373605220546,-0.589089096966341,-3.99308595873088,-0.97872607984685,22.5320268782856,-0.45918876069527,0.796758342782084,0.0869188143202964,-0.0725277740025317,-4.05979908017511
0.37224746477431,-0.329942879941246,0.0704211242559677,-0.58933669864378,-3.9938271750875,-0.977626819478111,21.647295771397,-0.0450983792470652,0.699998816824319,0.0919706905296391,-0.0714889301164507,-4.09426933227243
0.372985547678163,-0.329922769808976,0.0699216979250621,-0.589544833745625,-3.9944435419494,-0.976410455274903,22.1246214106398,-0.386140429808165,0.816281429979568,0.0944661592524803,-0.0692692805005323,-4.08597338104051
0.373820204702085,-0.32997208218757,0.0695587180372909,-0.589686907951857,-3.99495663502792,-0.975082539905419,22.5759847807404,-0.00511078882800575,0.764012752453681,0.0927147100715731,-0.0671023370396071,-4.08029056581659
0.37472259948768,-0.330126183536983,0.0693485917730355,-0.589734691479219,-3.9953983393955,-0.973660269048672,21.6765014616934,-0.17286367755446,0.725688529346428,0.0850722960820485,-0.0689257981155529,-4.13154792946662
0.375661142837085,-0.330387275237916,0.0692870730864803,-0.589682420208979,-3.99580742929024,-0.972168518522992,22.8880912973826,-0.240357906397776,0.671204110613417,0.0876267667909119,-0.0710247737205001,-4.09920446524455
0.376611155690734,-0.330739600332684,0.0693597419935661,-0.589536829545091,-3.99622205168671,-0.970636974113498,21.8801423681871,0.00219435229610099,0.653232843899616,0.0885132705121805,-0.0723117080879988,-4.13495550577191
0.377551282363467,-0.331156871598559,0.0695461146016211,-0.589316564908259,-3.996672464839,-0.969088741192307,22.2363528486093,-0.748442396727114,0.740426589415392,0.0923847083768643,-0.0683025040226692,-4.1275294148214
0.378468804173432,-0.331585333202357,0.0698096715886338,-0.589060810932453,-3.9971801608863,-0.967542957310749,22.5340147148112,-0.306431935039654,0.698459588341422,0.0898854379504916,-0.0644308235813894,-4.1212146952647
0.379355069534233,-0.331980058732071,0.070119122186855,-0.588804704915013,-3.99775960668476,-0.966014379380657,21.7229939496717,0.0690907711802993,0.655933365768703,0.0858318633059745,-0.063222436143226,-4.15903103050712
0.380212876709614,-0.332279515278936,0.0704349575507419,-0.588600078937042,-3.99840700486505,-0.964504222472844,22.9998091647947,-0.0563582904412669,0.825682629738878,0.0886215219011097,-0.0710771332593159,-4.13391335279594
0.381041165614231,-0.332434700731717,0.0707195998379659,-0.588489092414502,-3.99911468614045,-0.963009272595017,22.0982441205527,-0.137993277092164,0.690695356066357,0.089158298525104,-0.074812557105058,-4.16745459477296
0.381846276967061,-0.332417666746892,0.0709487710789274,-0.588503450448367,-3.99986052349157,-0.961513798556872,22.319467137878,0.0602011559260518,0.736341069899339,0.0910246419082079,-0.0751270759186867,-4.16542439117039
0.38262963513787,-0.332219719473658,0.071107226847447,-0.588658253339133,-4.00062466572489,-0.960004781126786,22.7962473971603,-0.238834669660946,0.734529187666567,0.0985653723988813,-0.0685582484562549,-4.15466042280274
0.383391664909578,-0.331860282068586,0.0711931541084294,-0.588944601616044,-4.00139072653024,-0.958474504321829,21.8308877111892,-1.02568336192485,0.732512243933286,0.0947064157554833,-0.0670135087789024,-4.19294360536398
0.38413963674731,-0.331378536912053,0.0712177059226762,-0.589340620134467,-4.00213332047478,-0.956909365467018,23.0770970157068,0.222212197466433,0.934056351040113,0.0923533642631011,-0.0709169861768542,-4.16323798024638
0.384873439227272,-0.330834110523305,0.0712019616256536,-0.589802679293829,-4.00283886742172,-0.955307421529801,22.0769522425483,0.0813703154456107,0.846474660221304,0.0918815266469477,-0.0742906716330327,-4.19706906832973
0.385593547383885,-0.330287748785148,0.0711667662204613,-0.590280109614142,-4.00350274977375,-0.953678046495688,22.5760998635278,-0.638727596714261,0.866564257304503,0.0955203195545131,-0.0777695954115877,-4.18315242551677
0.386311308571168,-0.329801427293573,0.071139304850324,-0.590720371265724,-4.00411677619445,-0.952033583927383,22.9858473924864,0.152984659771164,0.718961689515396,0.0949551182600348,-0.0750713609213038,-4.18019120178287
0.387036899515806,-0.329420070813583,0.0711377196363275,-0.591081152236601,-4.00467759786044,-0.95038964222601,22.0917722739078,-0.58985831258974,0.652348761061916,0.0915048045042122,-0.0683039585869775,-4.21848562676983
0.38778195055829,-0.329178198139703,0.0711739550373267,-0.591324179646834,-4.00518838843573,-0.9487673416004,23.3257892364767,-0.534964886073112,0.733175761688273,0.0957387454920808,-0.0670377703071228,-4.18252204496453
0.388568357891766,-0.32908590174647,0.0712527148863452,-0.59143570290396,-4.0056414630969,-0.947178209240313,22.389037643612,-0.152821165958812,0.785400981286472,0.0967556691665701,-0.0729536219113753,-4.216652949016
0.389414714287483,-0.329126129719235,0.0713636141528639,-0.59142366027245,-4.00603418577298,-0.945633051929577,22.6798266596191,-0.00572730393969323,0.760947207980479,0.0947787446194326,-0.0781120664406291,-4.22054553477418
0.390332340951206,-0.329273277450691,0.0714908046090022,-0.591302334863578,-4.00637069810942,-0.944143791435716,23.1801498788323,-0.0368252825451236,0.764511844634598,0.0905676462003719,-0.0761377258101081,-4.21113624160439
0.391333766921558,-0.329478196019343,0.071608207119327,-0.59111597500286,-4.00664138956819,-0.942699112259674,22.3770824553285,-0.325956356766483,0.740818211886676,0.0881112132451687,-0.074296440816889,-4.25719254156823
0.392413251701624,-0.3297008972618,0.0716920910240979,-0.590902260905991,-4.00685432864972,-0.94129521110764,23.5026777869396,0.0582905388312156,0.83645411177622,0.087854561705202,-0.0745894439151311,-4.23423053008613
0.393557284718745,-0.329889312481056,0.071711503618691,-0.590714648086451,-4.00701584579692,-0.939916737207233,22.648912497246,-0.579820078758303,0.710708075758845,0.0934575335212213,-0.0739173300225308,-4.27998341125981
0.394738439896955,-0.330017914905561,0.0716494988123082,-0.590587296341819,-4.00714419606501,-0.938552316263446,22.996578602873,-0.867082985206252,0.760732337376197,0.0968070726444163,-0.0772308580154641,-4.28438908561047
0.395921185192983,-0.330076292567773,0.0714969487701771,-0.590545673592514,-4.007258082393,-0.937184959542045,23.5292052421706,-0.00154245345470372,0.739465411916058,0.098025588084774,-0.0767339435398681,-4.27513844228819
0.397057491166616,-0.33007422502428,0.0712553582956577,-0.590594337067578,-4.0073900235215,-0.935809312314178,22.4281249724808,-0.270376005195658,0.69811310885396,0.0907290780793031,-0.0698855937455888,-4.31634488939218
0.39808655571509,-0.330045281728582,0.0709366872347322,-0.590717518384844,-4.00758513938897,-0.9344273938187,23.6375130143269,-0.535077749325865,0.648657571825424,0.0855027865341413,-0.0697225993885253,-4.28678494922749
0.398954645460657,-0.330034331408996,0.0705621711609624,-0.590880291710515,-4.00789085889472,-0.933053844074906,22.8873510443159,-0.648329814621093,0.548676380864578,0.0882513108424416,-0.0761531296135762,-4.32991008508561
0.399619343080353,-0.330102022726255,0.0701664822646553,-0.59103568963449,-4.00834281101955,-0.931698807964853,23.2520171639866,-0.52531610234837,0.659728527228879,0.0913142886107354,-0.0800891015197798,-4.3260934787442
0.400051877823415,-0.330313261024429,0.0697899454306274,-0.591125865222072,-4.00897106078904,-0.930379664420729,23.8961402405406,0.403812862064115,0.735376917753371,0.0981977145512052,-0.0809463963988829,-4.31660379362098
0.400232407052881,-0.330714907392991,0.0694634627726829,-0.591097984568379,-4.0098059422886,-0.929123137116883,22.7297289238967,0.228899433996958,0.807358822441131,0.0999388832444055,-0.0790947657763319,-4.35882069134518
0.400170642516341,-0.33133216561164,0.0692124949781487,-0.590915852742541,-4.01084957216268,-0.927943530077317,23.9099848422366,-0.0494453518549562,0.839154360841945,0.0998909616962353,-0.0719805041605758,-4.32683092002151
0.399896313212174,-0.332175753279222,0.0690583779877868,-0.590555261125546,-4.01208776600925,-0.926848087502595,23.2064511232973,-0.713639749100139,0.819091567836608,0.0967336983869647,-0.0773788849909594,-4.35970163578861
0.399445764132546,-0.333238543730694,0.0690116245335859,-0.59000490867693,-4.01349864020193,-0.925838962192269,23.5990417398402,-0.240238738344033,0.790260886780459,0.0956088606602417,-0.0832664548122941,-4.36258410524947
0.398888526082078,-0.334472272341486,0.0690673761815236,-0.589293940563767,-4.01502828819569,-0.924897342127934,23.9637114027613,-0.413014616014607,0.73509716740395,0.0969970442848158,-0.0837126489059321,-4.36181566660912
0.398281448554559,-0.335816764584997,0.069207502693566,-0.588457965639847,-4.01663414379517,-0.924010582512888,23.1082181988247,-0.436501189758701,0.799297899950687,0.101624194375873,-0.0821147171962986,-4.40260952779203
0.397704349154059,-0.337196781519079,0.0694113529913045,-0.587555360001648,-4.01824813611699,-0.923143842005738,24.2551622245599,-0.398526885356887,0.877003760351243,0.105393164427668,-0.076481554302732,-4.36648463466294
0.397213541421867,-0.338531978971846,0.0696446253048053,-0.58664727823525,-4.01982390399446,-0.922270871517804,23.327277252432,-0.542513400021107,0.838095998306244,0.101819308327899,-0.0747803795191324,-4.40740309334635
0.396853344429937,-0.33974831853147,0.0698731311855313,-0.585795811104949,-4.02132249016599,-0.921362178980688,23.6807336125192,-0.922425701146949,0.583242569843748,0.101219645915253,-0.0784821606138005,-4.41673279135503
0.396662049796313,-0.34079537636857,0.0700761475781574,-0.585047786801155,-4.0227103084265,-0.920391363013919,24.3753345419769,-0.262129645323057,0.744514818342964,0.100106924351678,-0.0847892789658556,-4.40291885497431
0.396659490038329,-0.341640717945493,0.0702369151097422,-0.584435451424291,-4.02397255092519,-0.919342421477959,23.1191195049906,-0.557684829074333,0.812858573599129,0.10213247635379,-0.0862852162863414,-4.44627192053891
0.396847565226077,-0.342268795939034,0.0703449136515259,-0.583979610669605,-4.02510623521527,-0.918202737118201,24.6325524602361,-0.66770429387725,0.631864477953457,0.10172420390955,-0.0784164297087191,-4.40111355836473
0.397215867391577,-0.342691906235013,0.0704028837191908,-0.583676286521991,-4.02612153850482,-0.91697120785993,23.6157490004687,-0.963224713922045,0.803822976257862,0.103677566754742,-0.073505943164158,-4.43088782727082
0.397747689288531,-0.342928757293844,0.0704180612933069,-0.583513954250719,-4.02703559411473,-0.915654958853001,23.7548841744593,-0.642281041079286,0.926144103036052,0.10750246079296,-0.0775376630090418,-4.43115394900125
0.398414658655636,-0.343016992120456,0.0704048776859634,-0.583464072879373,-4.02787563198693,-0.914269588618788,24.108130449477,0.0597580991579889,0.840961517143569,0.108235651147474,-0.0818489296006252,-4.41672147630833
0.399184652596084,-0.342991858159131,0.0703771406525621,-0.583492687005127,-4.02867712434056,-0.912843793819699,23.3777883200353,-1.37863342929882,0.841654565215237,0.103560167425098,-0.0880834787748074,-4.44715740319341
0.400029826915096,-0.342888064245225,0.0703523142918646,-0.583571443849029,-4.029461794253,-0.911395672845023,24.4270631054889,-0.537215941839804,0.827676583288564,0.103509174596244,-0.0827014651492897,-4.42280577815984
0.400933687714281,-0.342719068910066,0.0703370696275722,-0.583687068364953,-4.03023963063755,-0.909938465980801,23.822441666848,0.231706341491645,0.69144640886617,0.10209720247688,-0.0832421001470872,-4.47000927351848
0.401884668664069,-0.342502200420972,0.0703413364746726,-0.583822161464823,-4.03101953383141,-0.908489534832311,24.1220176498504,-0.638160892388669,0.817339764015458,0.106054669262806,-0.0811808734395055,-4.47429465566745
0.402876553116963,-0.342226214467695,0.0703596368839434,-0.583982976612972,-4.03180036967554,-0.907058971575447,24.4401810600467,-0.223614031822763,1.02649019001106,0.109361632636084,-0.0776300855235476,-4.46132539907584
0.403925230196594,-0.341872662362652,0.0703865359420631,-0.584186111581759,-4.03256120014402,-0.905644876775407,23.3826657395634,-0.207459984646675,0.863030596035145,0.1067059532967,-0.0806907640372384,-4.49705414480503
0.405050585812893,-0.341408503606486,0.0704068641821286,-0.584464884778028,-4.03327008342837,-0.904230212337718,24.7010452568757,-0.671689162103348,0.911992749781831,0.100844727977631,-0.0816664045512735,-4.46006884778465
0.406266324208641,-0.340818602492062,0.070411147285305,-0.584833892436909,-4.03391113916231,-0.902813937925875,23.8778932611951,-0.760958429046241,0.721254121525021,0.0915445143586164,-0.0813016559841101,-4.49754922945429
0.407593208162541,-0.340092893161566,0.0703928151311976,-0.585310891913869,-4.03445695673413,-0.901380543923737,24.3234790644345,-0.775582523598132,0.748824050641787,0.0905060954334962,-0.0843838419358698,-4.50118168590344
0.409052352223995,-0.339225059697853,0.0703459753488784,-0.585912293359594,-4.03488002483631,-0.899911566195745,24.6270983235165,-0.320135173754579,0.696715201958597,0.102536921280205,-0.085667663662843,-4.49786129282953
0.410653244621652,-0.338249140289074,0.0702829679223718,-0.586624430667246,-4.03516460631372,-0.898393209024418,23.7434334036753,-0.072349207463958,0.934079863814162,0.108452744369306,-0.082225958372309,-4.52651771595258
0.412387717634581,-0.337207048046423,0.0702145057656991,-0.587423627751122,-4.03531227089464,-0.896820329378148,24.8611371815599,0.568886229753389,0.850356350974948,0.111012463996663,-0.0812621450253176,-4.49914140077877
0.414232696377089,-0.336157750626608,0.0701554935485047,-0.588269747142046,-4.03534014916557,-0.895196511302134,24.0177966748528,0.450463457671503,0.821729721047518,0.106250173444535,-0.0796166823669249,-4.53847242585438
0.416160036509063,-0.335164049750366,0.0701230101621512,-0.589117768342339,-4.0352716212072,-0.893530761387633,24.3565955125933,-0.479998126245846,0.792187094915334,0.100022376093503,-0.0845892110607927,-4.53242813241272
0.418109603687834,-0.334313172529168,0.0701397356656692,-0.589899589217767,-4.03515702718293,-0.891845242330068,24.8279160525194,0.0916180542251368,0.807356327073336,0.102849059123527,-0.0892865165121564,-4.52010817604307
0.420010449999914,-0.333676970564515,0.0702179303170824,-0.590552267233962,-4.03505977623762,-0.890173306661614,23.8843193970945,0.491380421605299,0.922178495701445,0.104287970751118,-0.092726020443257,-4.55748676697184
0.421804648945967,-0.333308090412144,0.0703652969463475,-0.591030688770619,-4.03502875905841,-0.888540238720072,25.1336131778186,0.297282044941767,0.84400241385066,0.108216763704932,-0.0828519119433499,-4.53206597961355
0.423429909857682,-0.333236526156329,0.0705766041834989,-0.59130379616778,-4.03511273950941,-0.886970682738512,24.4347454149486,-0.332998233592889,0.830454548542122,0.104662458484174,-0.0772874539083361,-4.57488205006848
0.424819506418693,-0.333468927025184,0.0708327105958408,-0.591349903606001,-4.03537400643865,-0.885503859442611,24.5838102575236,-0.80807389243364,0.976716683389355,0.105621349282165,-0.0768724490309912,-4.58737975039629
0.425936125010864,-0.333970542845199,0.0711025688081566,-0.591184850845421,-4.03584299418415,-0.884159115911558,25.1377644472637,0.110029287397083,0.861446276073707,0.109479831676205,-0.0859381287349277,-4.575945628472
0.426764948969385,-0.334682918554629,0.0713502946759638,-0.590847395379611,-4.03652724122292,-0.882941120637273,24.099406829755,-0.0847923387057108,0.777222289543971,0.106381782505692,-0.091299711611077,-4.61578558640973
0.427307465865645,-0.335530817193515,0.0715351018929229,-0.59038721849028,-4.03742392229878,-0.881850355127915,25.3786704107179,-0.43188049697892,0.780618309228743,0.103488289281919,-0.0876564323961951,-4.58128053165345
0.427597521059446,-0.336429497996397,0.0716220654842559,-0.589868005147428,-4.03849976597276,-0.880868471597667,24.5046345591065,-0.248060101858982,0.67067190185827,0.100566228955651,-0.0838922234343421,-4.62796783103538
0.42768970797591,-0.337275826482893,0.0715723399624738,-0.589368608211922,-4.03970706300998,-0.879968890225508,25.103337404403,0.243826065440544,0.792217381030213,0.103930235952579,-0.0840368168183075,-4.6228741553423
0.4276398486184,-0.337986047746091,0.0713592060741808,-0.588952929942336,-4.04099954038464,-0.879125545189893,25.3616810707266,0.127303644181666,0.789743571840262,0.112624598489729,-0.0867751646198667,-4.60684999355515
0.427527439136774,-0.338476775182645,0.0709648596773385,-0.58869146915953,-4.04230607659489,-0.878293888066772,24.353919938684,-0.581867987539226,0.78075357336408,0.113860314060642,-0.0899714143893325,-4.63930378563153
0.427424790224409,-0.338691770576258,0.0703851736427634,-0.588630866436742,-4.04357068029238,-0.877441327478751,25.4179457364802,-0.294915586081743,0.813948219826472,0.110576051645624,-0.0866869644430548,-4.60971879681535
0.427387262308922,-0.33860362852508,0.0696269544836215,-0.58879488969156,-4.04475268575068,-0.876540553077367,24.8870609868539,-0.224478034891717,0.777218168510359,0.10350183408346,-0.08699964598861,-4.64555652445084
0.427461823673488,-0.338210883315636,0.0687136382515831,-0.589187606936169,-4.04582050486355,-0.875570685633581,25.0805718300882,-0.377192613968191,0.870908925660729,0.101129138002642,-0.0862734245924851,-4.64962562124441
0.42767606678926,-0.337537703919637,0.0676754474593838,-0.589790250562084,-4.04676483023938,-0.874524924972932,25.4511769911236,-0.477895021072527,0.801328974614592,0.109347357209576,-0.0865477264005917,-4.63831084761005
0.428030434411309,-0.336636454606179,0.0665513779648267,-0.590557318025956,-4.04760118494093,-0.873412296577403,24.4029650974895,-0.131389480838607,0.884706645053882,0.113823108714516,-0.0888824067473229,-4.67692334945407
0.428506750517939,-0.335573897609393,0.0653850865258856,-0.591433685885576,-4.04836140196109,-0.872250982386327,25.6981746504902,0.0404810386128247,1.04595407708339,0.115845213796377,-0.0877088349043861,-4.64672583451731
0.429067917025246,-0.334435645806364,0.0642244942519663,-0.592342426961334,-4.04910101179795,-0.871080050758757,24.9718675467663,-0.707859653941114,0.882604923361015,0.105902320982171,-0.0857036722531618,-4.6887463886894
0.429672858898481,-0.333314328187425,0.0631204148623481,-0.593206479410491,-4.04987000975875,-0.869930684773497,25.2908435562002,-0.540195559846325,0.839512076960972,0.10001327027238,-0.0875092632825403,-4.69423421756821
0.430279529510949,-0.332297276726223,0.0621185165055455,-0.593951460845609,-4.0507205800633,-0.868839871580227,25.8267489834567,-0.781977045242002,0.860210357405975,0.105782962521775,-0.0922733980239336,-4.6923143794835
0.430851228373271,-0.331464757859889,0.0612612463418643,-0.59450951413911,-4.05169769999572,-0.867842296004546,24.7924093330795,-0.465193437195921,0.828056751470399,0.109504888263698,-0.0941000117919046,-4.73706046881015
0.431362340588784,-0.330871323022702,0.0605771350450572,-0.59483928202388,-4.05282562531931,-0.866954907566311,26.0798682069188,-1.06635913765581,0.755440435737029,0.113034537394653,-0.0887451931815915,-4.69489658384372
0.431812199828353,-0.33055457311923,0.0600894699838095,-0.594915332776701,-4.05410542883512,-0.866184361845069,25.1401237599294,-0.768397618250674,0.896812299631108,0.109609929082219,-0.081344822911718,-4.72794705780769
0.432203332896858,-0.330544656625065,0.0598160529802195,-0.594720993994781,-4.05552816491862,-0.865527067478524,25.3891352227824,-0.115688176173762,0.832325831425294,0.108230880713338,-0.0828366375979359,-4.7298179441441
0.432560166426028,-0.330829097429072,0.0597532478683235,-0.594280231145051,-4.05705661972638,-0.864956192692449,25.8933700721626,-0.220485832109944,0.843667329863621,0.108105780695834,-0.0889224953811587,-4.7192895908536
0.432914761574616,-0.331382692179302,0.0598906583177359,-0.593627987082807,-4.05864084316046,-0.864437267515104,24.8815790155338,-0.595444269206155,0.824093587253998,0.107303468128877,-0.0945732594507281,-4.75108090564652
0.433304219624165,-0.332160920529068,0.0602060384346988,-0.592814525797093,-4.06022608225193,-0.863930538709682,26.0724680198984,-0.277470254496848,0.932367058708707,0.113282965325722,-0.0965824554320501,-4.71216041913966
0.433768239825698,-0.333099627897889,0.0606642946359348,-0.591905928824456,-4.06175237615107,-0.863390593747405,25.1877283169604,0.107597255458359,0.931143180526931,0.111812316311291,-0.0886419789082723,-4.76012244705476
0.434333247038491,-0.33412447854251,0.0612205749400079,-0.590974364358922,-4.06317120025566,-0.862776963747007,25.5369867770601,-0.519008377909813,0.907208993991304,0.110897697652358,-0.0871397608504357,-4.76165084441482
0.43501719822034,-0.33517316930034,0.0618344481035724,-0.590081105432022,-4.06444278848993,-0.862053996763364,26.0609945576168,-0.991761364542299,1.00143035241049,0.116045221026126,-0.0911761368791464,-4.75560262780433
0.435828189988078,-0.336181933113458,0.0624618587785173,-0.589281878131681,-4.06554179890452,-0.861199568767276,25.1114537301006,-0.730268102589889,0.963815841718116,0.115053494582353,-0.0930271995711213,-4.80343730953529
0.436767983752861,-0.337088772380275,0.0630593889706861,-0.588631373914351,-4.06644927710021,-0.860193537843984,26.2924966110464,-0.660840766505999,1.00782193764275,0.115483200220596,-0.096025583527745,-4.76918286132548
0.437817616874916,-0.337855384858761,0.0635917657388744,-0.588156014032782,-4.06717633187703,-0.859041908949154,25.374503677572,-0.581910499138985,0.88329050193579,0.111574029849063,-0.0956888243489833,-4.80181954521886
0.438950202464813,-0.338454210652198,0.0640295001755672,-0.587869988747283,-4.06774500436835,-0.857759712065251,25.8408873839693,-0.556828509392744,0.828627661581123,0.110087898276308,-0.0908262436626355,-4.80830942090451
0.440139988970368,-0.338871158726018,0.064352017423035,-0.587775006068007,-4.06818014677198,-0.856367203793904,26.2732433051047,-0.466859328655119,0.903516465500161,0.112091879654166,-0.0899130706034494,-4.80649441198377
0.441346383606935,-0.339119448019401,0.0645493327955476,-0.587842725863886,-4.06853441997751,-0.854908681860542,25.2505340178134,-0.71161204759278,1.00026299970648,0.11591012505823,-0.0938338326617746,-4.83720478217036
0.442534365336158,-0.339212021627455,0.0646176087169868,-0.58804792435668,-4.06885168749319,-0.853421849347037,26.4280445347611,-1.00809866823215,1.08513162009444,0.119747501630372,-0.0965479016034912,-4.80611466358642
0.443675445308931,-0.339172194708647,0.0645575657035653,-0.588356834912757,-4.06917385204977,-0.851943966853745,25.7943869957269,-0.907648931191488,0.935163593891701,0.114115666729175,-0.0963687106423286,-4.84457315600396
0.444753164251111,-0.339026127826914,0.0643770197687307,-0.588736420839547,-4.06953331247271,-0.850506545076148,26.0675383114491,-0.84872245961742,0.912043261266177,0.109369498063314,-0.0913304632326922,-4.85079828025688
0.445736983897273,-0.338800796162991,0.0640794569433854,-0.589148992245957,-4.06997582304037,-0.84914766498336,26.6662249653409,-0.272410708597818,0.865744135859529,0.112847303564408,-0.0919372728666296,-4.85126939132972
0.446614027376814,-0.338536183319643,0.0636833155376514,-0.589554261238969,-4.07053125088928,-0.847895928351655,25.6235741951314,0.201090790798162,0.758810904787651,0.111697437313886,-0.0968576724592355,-4.89437544325315
0.447385377209278,-0.33824626967751,0.0631954697617254,-0.589939735580251,-4.07120712919236,-0.84675786075843,26.9573030425007,-0.77592680831026,0.965420237363645,0.118971213884024,-0.0967285644171255,-4.85373430083572
0.448046617229745,-0.337956146885205,0.0626290377070817,-0.590282615061693,-4.0720181574302,-0.845746161144497,25.9770836188327,-0.490295295449869,0.99767901465529,0.11811367231802,-0.0949740280417351,-4.89637658033373
0.448600850062999,-0.337690064074858,0.0620007285683486,-0.590566327327537,-4.07296776011662,-0.844864613828829,26.4130036417097,0.111295003996702,0.968131624900622,0.117599056580596,-0.0887856135297967,-4.89269265877308
0.449061191350178,-0.337463181370302,0.0613266792381464,-0.590785547305647,-4.0740440527755,-0.844105147022581,26.6771432099396,-0.194555997190037,0.924232583068601,0.117111920486926,-0.0899527050046433,-4.87155712634095
0.449450736006594,-0.337288990653093,0.0606275006855613,-0.59094274735085,-4.07522006600909,-0.843447592209444,25.8115573547533,-0.477583903282948,0.968167434363522,0.113714240761082,-0.0946574891879101,-4.91267236592396
0.449783454469169,-0.337184237331961,0.0599239047657179,-0.5910368486023,-4.0764737536858,-0.842874471086714,26.9018380187167,-1.3961433328293,0.935319243504267,0.11542079949379,-0.0995827857036742,-4.89193502685667
0.450082888944357,-0.337158401230132,0.0592369901001373,-0.591073447708076,-4.0777714492594,-0.842361412826372,26.0704957320872,-0.672396761428445,1.00704114176338,0.114260103961073,-0.100319946826764,-4.92367432620299
0.450381409165043,-0.337212516421401,0.0585866651984058,-0.591066246335703,-4.07906692365716,-0.841875291785132,26.4755662955083,-0.460294040567305,0.768112757266493,0.115525217099291,-0.0979411695696324,-4.93074298956086
0.450703946663179,-0.3373590546827,0.0579976435844521,-0.591018404052674,-4.08032019193377,-0.841386282426733,27.1421769078702,-0.546508047625821,0.880267921261463,0.120382977214276,-0.0929537284054417,-4.93454859860227
0.451060347860918,-0.337603436411737,0.0574847912282794,-0.590932167241453,-4.08150492488909,-0.840871633750957,26.0605859438188,-0.168707241292395,0.748388540863033,0.12022880296622,-0.0963669314000761,-4.97699512360622
0.45146892267845,-0.337940318254811,0.0570591356449296,-0.590817801004512,-4.08258694391369,-0.840301874200009,27.4268806136961,-0.89699852871513,0.803146505700511,0.124165307453323,-0.0946842235303561,-4.93148105755079
0.451946000928239,-0.338347340826331,0.0567208869227677,-0.590694858613455,-4.08353299115428,-0.839647339639069,26.35834616768,-0.828597780689051,0.931821648537721,0.121694162403517,-0.10098291626093,-4.97683574148431
0.45248675347049,-0.338811917874649,0.056466254675764,-0.590569714604089,-4.08433586993428,-0.838891769140381,26.841074167362,-0.0261390494899842,0.943557863931261,0.115801947304486,-0.0978961408233617,-4.97090959508665
0.453076340094973,-0.339311478401317,0.0562817083982984,-0.590444964451237,-4.08500642024922,-0.838034485623505,26.9897900377499,0.159816651414303,1.00284495099402,0.118473753792686,-0.0932949918657053,-4.95122729124788
0.45369183767693,-0.339824471341522,0.0561500690390914,-0.5903264178266,-4.08556115386596,-0.837069709207176,26.3096824331408,-0.641782509609584,0.912511591203355,0.118894018427341,-0.0953592323483346,-4.98766724293192
0.454303905591623,-0.34031963514558,0.0560463594678915,-0.590218303598114,-4.08603333213043,-0.836009081656035,27.2065767350048,-0.406287398662471,0.98888353888438,0.122208561064995,-0.0984685898542941,-4.95894124408963
0.454891068878759,-0.340769826817436,0.0559513811013995,-0.590124038669712,-4.08645215358579,-0.834863306189193,26.6445294852909,-0.462482059774629,0.876082199863788,0.123913495070736,-0.103426028410825,-4.99269907661196
0.455428557168596,-0.341145536275155,0.0558410680579967,-0.590040851995621,-4.08686473309297,-0.833662229968062,26.7706303209159,-0.682892852275245,0.80931286863202,0.121363428772321,-0.100932456751642,-5.00343715104899
0.45588205889033,-0.341429221274501,0.0556977207099711,-0.589958117358422,-4.08732785727073,-0.832441851961625,27.525636370475,-0.0406001559547349,1.04552670456331,0.121274094580628,-0.0997451932124531,-4.99383694290439
0.456227050922362,-0.341599769952177,0.0555047692716563,-0.589869421219968,-4.08789107927226,-0.831238460185022,26.2548565630574,-0.0211383723237759,0.968820738631251,0.119951090297632,-0.101563275366122,-5.04437945358642
0.456455308445847,-0.341643226895656,0.0552561196465903,-0.589766324188518,-4.08859575722654,-0.830091892404306,27.7449095075397,-0.0720921987394831,0.947361280616917,0.127276659046843,-0.0944722660807547,-5.00594273084351
0.456564015411371,-0.341558379608882,0.0549548247852894,-0.589632660727397,-4.08947921994923,-0.829043331273599,26.5849112139489,-0.025671562782918,0.794108540501867,0.124747019666369,-0.0982331049418655,-5.04097695673598
0.456559920966258,-0.34135286608192,0.0546136010616251,-0.589454812345981,-4.09056026061054,-0.828121407741873,27.3106161856308,-0.366869284499671,0.995160883678011,0.119551056792665,-0.0983581723045918,-5.03445761304773
0.456467794595894,-0.341033568035952,0.0542492465853451,-0.589226290134283,-4.09184076970697,-0.827346805913607,27.4886289726541,-0.67691959541321,0.831179267101277,0.119535247340574,-0.097562126490328,-5.03449747862062
0.456309415592617,-0.340624152764688,0.0538860606810675,-0.588934197908951,-4.09331291742728,-0.826729912242472,26.7545803896968,0.759787783106276,0.833281091521172,0.117617324747154,-0.10122601397245,-5.06747230316853
0.456129861410103,-0.340135520082994,0.0535481777571712,-0.588587776314481,-4.09493599829195,-0.826257269785703,27.7455582871626,-0.389354267610315,0.924528564350595,0.123119622455508,-0.101776450487042,-5.02967110389658
0.455974038967712,-0.339595619097027,0.0532668337732946,-0.588187177318882,-4.09666336837287,-0.825908800852238,27.0595933500379,-0.498789868580616,0.896944189259983,0.124811322521659,-0.0992815209854577,-5.0611398968411
0.45588292298266,-0.339040599778574,0.0530755685871512,-0.587734877589043,-4.09843645954996,-0.825645949345455,27.1890147160081,-0.531655919680588,0.923557491402278,0.119998514169906,-0.0966748395276713,-5.07243838997755
0.455897124675786,-0.338499597050976,0.0530002376694807,-0.587243544544705,-4.1001890498882,-0.825419158896918,27.8436210348113,-0.77493957914794,0.870223274191062,0.121989974114606,-0.0996753508255369,-5.0760315141559
0.456059135304103,-0.337999744529805,0.0530634567823164,-0.586729951466723,-4.10184676897439,-0.825168788707864,26.840354648364,-0.332086687144965,0.882296586750215,0.121236005821627,-0.107290852538058,-5.11580029128311
0.456394289885593,-0.337568603408998,0.0532811505994752,-0.586208761361678,-4.10334868314499,-0.824838619891896,27.9997500730142,-1.05578229230468,0.903584610786197,0.124626728593947,-0.105311750257363,-5.08946618997373
0.456924933540693,-0.337233293510932,0.0536644027185996,-0.585691420112535,-4.1046399567945,-0.824377449994406,27.3272630975819,0.288594048839741,0.965246284936939,0.124599449350745,-0.102913452616781,-5.12986320493319
0.457666406326329,-0.337011536599439,0.0542148831735122,-0.585193445935426,-4.10567400134096,-0.82373662142994,27.4639718892703,-0.772893311438338,0.941558925760717,0.12178462785653,-0.100027992056837,-5.12760215827589
0.458609111118134,-0.336914665916526,0.0549194254041275,-0.584723950883041,-4.1064372947766,-0.822890747322124,28.2365330924084,-0.515067936863488,0.976815759177924,0.119917624402567,-0.099354532784742,-5.12164201112854
0.459741493729931,-0.33693734134283,0.0557545676532428,-0.584299360534857,-4.10692351282693,-0.821822190322063,27.0939755411945,-0.162193229464719,0.853224458162344,0.113857394101318,-0.106052941750731,-5.17699807856286
0.461037636097537,-0.337063950378276,0.056683449952265,-0.583930762684143,-4.10715466864593,-0.820537984574202,28.4598661923011,-0.259202766757198,0.92179856917528,0.121678509942336,-0.104845992497089,-5.1354524634714
0.462458385583326,-0.337274458128563,0.057661899056889,-0.58362392540355,-4.10717329561635,-0.819063351014148,27.3216913005791,-0.0379054550346609,0.921343995351521,0.122725235051755,-0.104498974267715,-5.16368574877796
0.463973274777327,-0.337528700587743,0.0586378058807479,-0.583398613859595,-4.10702008643703,-0.817426774283529,27.6971670933103,-0.153038920052268,0.863464998688983,0.123741481352755,-0.101768391823954,-5.15719867318714
0.465541110535704,-0.337788779669623,0.0595560314452525,-0.583267654160589,-4.10675079847598,-0.815667184681512,28.1817296898394,-0.565590680437253,0.890255880288919,0.11973708306688,-0.100964426479823,-5.15618124301368
0.467115147675392,-0.338017090087275,0.060362212641814,-0.583240967292688,-4.1064254114459,-0.813828784550093,27.2199823760363,-0.656514001679625,0.996678044823511,0.119644749127261,-0.107567642264031,-5.2002575784046
0.468662502347302,-0.338171291293659,0.0610057837326877,-0.583339263909839,-4.10608687621567,-0.811941700275514,28.4633143148741,-0.144044761271289,1.05589622018883,0.1266543106854,-0.107446410158926,-5.16656106720741
0.470152243148067,-0.338224254520602,0.0614490652290504,-0.583569539578657,-4.10577789956989,-0.810040790733345,27.5209008628965,-1.16931227590158,0.970271170132804,0.125143830758205,-0.107785998261974,-5.20628741678753
0.47155007259047,-0.33817399058608,0.0616712015432512,-0.583927480191574,-4.1055341283037,-0.808148598667458,27.8520599123226,-0.334384820518835,1.09331480926124,0.127346675618798,-0.103881013777781,-5.20043340505646
0.472842765719484,-0.338029893502199,0.061670238813795,-0.584407350520599,-4.10536404322568,-0.806269846540956,28.5652531513057,-0.586355386897594,0.97737634290462,0.127851306212972,-0.0999544042442892,-5.19653425413652
0.474020456324603,-0.33782954432167,0.0614663544835757,-0.58498492930945,-4.10527083038204,-0.804406255307157,27.5728045151278,-0.265908999328303,0.893180843919026,0.12333873950937,-0.107178993305581,-5.2412027551199
0.475070194415758,-0.337623511318842,0.0610910926514299,-0.585626434333515,-4.10525735650895,-0.802557964788008,28.8996688701692,-0.578529077023404,0.853875473033582,0.128197711523314,-0.112291972115035,-5.20621564361351
0.475985085916016,-0.337477911294448,0.0605910374294145,-0.586289407138562,-4.10531735886213,-0.800718425179371,27.7065343156629,-1.2472648212181,1.0373594438033,0.124352985486397,-0.109918181002767,-5.23820084504499
0.476776473466165,-0.337459693250473,0.060022492308914,-0.586929514236731,-4.10543332714877,-0.798879318722117,28.0374567438766,-1.012912405213,0.929528003691644,0.125443381942759,-0.106326461134243,-5.23117939967891
0.477435285182795,-0.337643776867839,0.0594419257113505,-0.58748491694487,-4.10561326681565,-0.797053056975526,28.3374797195359,-0.134743433075073,0.887322589638131,0.123941319949406,-0.101107722785168,-5.21998790129867
0.477952089962486,-0.338100726878507,0.0589057327956532,-0.587892936353155,-4.10587217861628,-0.795259879797685,27.7514333351639,-0.571140426878856,0.88339437173957,0.120441912749044,-0.104304817867823,-5.25879613617817
0.478326074484413,-0.338870235056056,0.0584539519661451,-0.588110561118371,-4.10622100777625,-0.793519923469102,28.9612824264785,0.0568166687783105,0.866864238454014,0.123931142859844,-0.108077566968146,-5.24106557781451
0.478548089695752,-0.339973708626438,0.0581120446640849,-0.588097064774927,-4.10669090656243,-0.791872942787402,28.2330406743542,-0.383230163254211,0.961968827689503,0.128604054921189,-0.113728044105965,-5.27782050080092
0.478609968586962,-0.341401267024629,0.0578853020190161,-0.587831342152455,-4.10731695738165,-0.790361727757641,28.3117005733906,0.121107123985666,0.998836625522983,0.132822597126067,-0.112279431266802,-5.27965835638053
0.478501251996381,-0.343125455843701,0.0577656118418829,-0.587304460020142,-4.10813427404955,-0.789026542797237,28.8904746298575,-0.522608273266087,1.0362413356942,0.130768115161429,-0.103754342384664,-5.2701391739387
0.47822352249164,-0.34507570197424,0.0577210505423552,-0.586543471962523,-4.10916551290606,-0.787894551905743,27.9502759601914,-0.559932970468708,0.967025696038064,0.125428653837277,-0.102371716207174,-5.31272977233468
0.477774351953189,-0.347172255698526,0.05770949742639,-0.585586385569527,-4.11043189669045,-0.786984765577902,29.0030508890225,0.248471258413929,0.93030621267809,0.12520135307504,-0.105748910317585,-5.27959215290403
0.477177464146724,-0.349308576703084,0.0576810517546713,-0.584500709438763,-4.11192105169418,-0.786289429944003,28.2889629513519,-0.0966354342779141,0.89100803600158,0.123438318082381,-0.113638306557342,-5.32256966119866
0.476466153037786,-0.351376840675938,0.0575862862519591,-0.583364637868852,-4.11360375566962,-0.785781384899132,28.5816929343869,0.361170555008357,0.934943061638478,0.126287746828908,-0.112168891866601,-5.33165647374671
0.475690030868835,-0.353278922112468,0.0573877881377483,-0.582262784399583,-4.1154227786999,-0.785406621418715,29.0518381973519,-0.418224515698967,0.966483542962436,0.128474673425171,-0.106154454168368,-5.31965390521352
0.474903024446807,-0.354930482208772,0.0570573590119153,-0.581275939571029,-4.11730966604578,-0.78509830922826,28.0991429234736,-0.367499872469352,1.1176003661777,0.129117845517138,-0.10073544054592,-5.35750100572619
0.474176251491609,-0.35625952984927,0.0565816420291309,-0.580484447381219,-4.11917621899534,-0.784774811735273,29.3538724545261,-0.446197561642521,0.875169093849053,0.130207578770338,-0.102775499098162,-5.32498486852838
0.473586563525427,-0.357217009618353,0.0559636035758462,-0.579953837585845,-4.12092690799154,-0.784350382013957,28.4844833762845,-1.07992378838594,0.837872442453403,0.127791693344709,-0.112615787087251,-5.36108064836341
0.473212155435269,-0.357789420361266,0.055229389138014,-0.579728878128991,-4.12246437693433,-0.783738561134804,28.857603911718,-1.3311739644862,1.00454012782305,0.130202551161269,-0.115038036635692,-5.37037060273754
0.473131941847963,-0.357977538212413,0.0544150671283488,-0.57983506840349,-4.12370032593929,-0.782870228319122,29.3650003404217,-1.25237938162036,1.05599325046776,0.134566639152232,-0.11333736908982,-5.36022144823472
0.473396860052491,-0.357821367839531,0.0535692935540342,-0.580263829790191,-4.12457694345846,-0.781695875463069,28.3047911524601,-0.492816675856147,1.01515500942656,0.132065834232505,-0.113416232637466,-5.40047260981171
0.474047938985817,-0.357374129579215,0.0527450848037707,-0.580983898092587,-4.1250603755711,-0.780197863129998,29.7376104193866,-0.241166055266831,1.04065246428678,0.135862617306144,-0.109276064625945,-5.37001037089269
0.475109106840263,-0.356691162875187,0.0519905844045476,-0.581953130675217,-4.12514039885882,-0.778381696924031,28.7462635152371,-0.154499394095637,1.01750276658123,0.141406998010593,-0.110183301805516,-5.41903540017495
0.476575479022729,-0.355835113044982,0.0513445171081252,-0.583109098730894,-4.12484641434869,-0.776287786134355,29.1218975161627,-0.809520225941242,1.07924826618691,0.139906657053736,-0.116061745682122,-5.42190882047337
0.478410559426892,-0.354888342525129,0.0508465116429113,-0.584367250145391,-4.12424078346943,-0.773980674662649,29.5752845251961,-0.729498609495749,1.06741661221704,0.139822762695986,-0.116341487651857,-5.40900515023107
0.480548176044818,-0.353930396681315,0.0505209266656597,-0.585636008263655,-4.12341548298347,-0.771545730048678,28.5236132674605,-0.179821937481393,0.96486174187919,0.136262446460948,-0.115253779625093,-5.4453239725742
0.482900990742718,-0.353022975228807,0.0503711812569436,-0.586832006253494,-4.12248315501281,-0.769080944675504,29.7933732021855,-0.334510413203589,1.0459929435965,0.134848725456739,-0.113036491546267,-5.4195517531373
0.485368639744361,-0.352218655319911,0.0503903749832622,-0.58787780909013,-4.12156439616004,-0.766686895889772,29.0791005217419,-0.476606304429424,1.21251156366873,0.137648388263628,-0.11223516452487,-5.46641543010583
0.487840477124049,-0.351566128803544,0.0505644881644624,-0.588705582395496,-4.12077697753128,-0.764452664493325,29.4075257316373,-0.794802560363451,0.912885346348645,0.139027343286601,-0.115617478327632,-5.46336698725457
0.490208491944481,-0.351093072554573,0.050866328322044,-0.589269868630893,-4.12022588674513,-0.762449838924095,29.7833555504433,-0.586727076445413,1.05938521689953,0.147324328858153,-0.118323041186554,-5.45914022275912
0.492362539545337,-0.350814845247877,0.0512604527646257,-0.589544346196226,-4.12000061484388,-0.760725543541815,28.7975266596675,-0.611885526024707,1.10495894426768,0.142364954390363,-0.11566593991429,-5.5025109529689
0.494220938125988,-0.350724591616469,0.0517076475081487,-0.589531252169782,-4.12015619716419,-0.759300210349691,30.0645996368478,-0.13787505707046,1.09315816596194,0.139826786060632,-0.114660234304603,-5.47432164672666
0.495730324248092,-0.350797705207908,0.0521663360987406,-0.589257676581529,-4.12070997895318,-0.758162291632197,29.2897352364677,-0.142345558336729,1.00664133890683,0.137069210744271,-0.114621642710936,-5.52200586757874
0.496859945680549,-0.351004977146612,0.0526007732658234,-0.588764377277559,-4.12165156333939,-0.757276315985187,29.6025466856056,-0.30870173209837,0.986858942311699,0.14214993236854,-0.120091812034421,-5.52057678208031
0.497604733972816,-0.351306807148719,0.0529772396303919,-0.588106694564386,-4.12294461440281,-0.756589540122813,30.1212665475505,-0.384935142979657,1.13468204793895,0.145388441993353,-0.122584504480043,-5.50063654713849
0.498006767548529,-0.351645901964021,0.0532659799762338,-0.587363335054703,-4.12450677329157,-0.756020875086151,29.0693547044382,-0.357827831177474,1.16394018952002,0.139181669474583,-0.117123305640639,-5.53884734461237
0.498130883668937,-0.351956982293679,0.05343983029493,-0.586618538210876,-4.12624154720237,-0.755486804525993,30.2397754512772,-0.335173701224221,1.12754144015813,0.136802025647826,-0.111033638895161,-5.51999815162451
0.498061631553188,-0.352188441170739,0.0534871696048741,-0.585944993670997,-4.12804504232477,-0.754909761047857,29.5129394603701,-0.0295760089943542,1.0652303272467,0.132267206530503,-0.111712979925196,-5.56023521096961
0.49790381536877,-0.352277854226093,0.0533969940197146,-0.585423871013783,-4.12979929619986,-0.754207529115691,29.8804134869333,-0.160584483653565,1.05569415138737,0.138061144615427,-0.120449223880043,-5.56302248674359
0.497759994217003,-0.352190183679681,0.0531744378181444,-0.585107512160415,-4.13140214566638,-0.753320083345071,30.1984680024377,-0.0963698016971648,1.1638399550605,0.141375434853293,-0.123985681270761,-5.55865335226685
0.49772682885447,-0.35189410774597,0.0528275609078251,-0.585039956019974,-4.13276452761629,-0.752201551369099,29.3337630644884,-0.486475579072021,0.973061285848758,0.13894023470435,-0.122957340618007,-5.60298231372574
0.497884596620297,-0.351387897974529,0.0523780155516262,-0.585234525708504,-4.13382191489947,-0.750827529928116,30.6778665045268,-0.554019590086,1.14542541020711,0.138328994387697,-0.117002786225626,-5.58957372157048
0.498288625488136,-0.350701556786539,0.0518624701213862,-0.585673909366887,-4.13453929227089,-0.749197715856596,29.974527775228,-0.239061968384249,1.01515160911396,0.133912157453101,-0.116906063144061,-5.6411388761689
0.49896149368677,-0.349886048831678,0.0513214587750704,-0.586316426909639,-4.1349180989508,-0.747335776708435,30.2108136194014,-0.47683427706761,1.04837575136636,0.135773054216265,-0.122245607369395,-5.64785793158422
0.499905392966144,-0.349004580261433,0.0507984900891759,-0.587107513459949,-4.13497848110711,-0.74527537709621,30.6924249281963,-0.208897935310233,1.12956502217827,0.145510228115366,-0.124432756361643,-5.62908476957138
0.501082959331084,-0.348138381134159,0.0503363094596275,-0.587969826518914,-4.13477922749639,-0.743072430508669,29.7450698872257,-0.11276170656879,1.06458877200978,0.138667358133427,-0.124748014014249,-5.6758096088091
0.502433377473127,-0.347375980807847,0.0499758970534713,-0.588819642742588,-4.134398075593,-0.740789069028597,31.1811655230358,0.315037661681572,1.24157650384419,0.137281766919482,-0.116566906624766,-5.65431074481876
0.503888641972983,-0.346781519282148,0.0497406478314307,-0.589586993774523,-4.13392003146762,-0.738489918367243,30.3894906703463,-0.862143930442244,0.977591413440933,0.133344144774246,-0.11531566675349,-5.69359636667821
0.505361558151552,-0.346422107450655,0.0496463710592273,-0.590197032369766,-4.13344662471513,-0.736244667789258,30.5364115557825,-0.49133536271097,1.01510469794786,0.139665845383578,-0.122609206324758,-5.68632548048457
0.50676377357595,-0.346340823581111,0.0496919382074976,-0.590593035522467,-4.13307787173352,-0.734115936964304,31.0566557877166,-0.416153461075055,1.02192548177547,0.149836461171835,-0.125153744728865,-5.67083919585312
0.508026318685268,-0.346556242729138,0.0498672930200574,-0.590738648683419,-4.13289570295363,-0.732155128830452,30.0487760624163,-0.382310035660566,1.14496776125941,0.14804588284189,-0.125930172689659,-5.71737948884433
0.509091633091327,-0.347061129669543,0.050146117617453,-0.590618930516548,-4.13296865098434,-0.730401797451087,31.3817238196172,-0.437345025966351,1.15428832609999,0.1428671282043,-0.121362325353128,-5.70021133398757
0.509922463413705,-0.347824264764741,0.0504924424921803,-0.590242246955384,-4.13334175705364,-0.728876325296943,30.5913064395676,-1.38010114481199,0.988026335310224,0.141339795666576,-0.124698236363769,-5.74281284215562
0.510514311133898,-0.348779747951252,0.0508580576511628,-0.589648408131951,-4.13402752642035,-0.727578139594596,30.8078268995985,-0.75866970335187,1.10501622629963,0.146220361353346,-0.127156589815754,-5.74225160452933
0.510885059878494,-0.349860360400138,0.0512021503713109,-0.588882253773429,-4.13501412633839,-0.726493222839059,31.3885129448336,-0.609112830188906,1.17814199244157,0.152892095671816,-0.126995830435498,-5.733858167032
0.511075278466647,-0.35099420014798,0.0514894131934134,-0.588001891023466,-4.13625931896605,-0.725584236490258,30.3054629729221,-0.376599839554501,1.07026877086938,0.153879195996899,-0.126832766180231,-5.78116927559287
0.511146383317261,-0.35209007808947,0.051681338841142,-0.58708542985308,-4.13769340465398,-0.72479366399319,31.6974735219075,-0.11232539094658,1.12074362318501,0.148886166406019,-0.117360308056371,-5.75659789515536
0.511172358489825,-0.3530741451527,0.0517586121454806,-0.586203127184914,-4.13923070848658,-0.724056627519161,30.7948429478453,0.0288078470805431,1.07395919382992,0.144090382426379,-0.11738126639305,-5.79550937451515
0.511222458457023,-0.353892039167111,0.0517139508224664,-0.585414413341148,-4.14078226321535,-0.723302501633037,31.2290307241408,-0.457550388732216,1.08880442536469,0.144807090300926,-0.125579229901356,-5.79323191956429
0.511362314830995,-0.354499891757735,0.0515486691796889,-0.584769823998788,-4.14226053285684,-0.722464494723311,31.6849489269163,-0.872418484681248,1.1163053108325,0.149275806540845,-0.128829164401142,-5.78385206776933
0.511643415655463,-0.35486773710457,0.0512722277072696,-0.584309492406296,-4.14358988585294,-0.721483060082526,30.6925186706695,-0.808705526799713,1.159953440099,0.147692553697399,-0.124246491848809,-5.82594154386541
0.512088853904941,-0.354999535463472,0.0509057193305246,-0.584040035032178,-4.14472939975031,-0.72032529016157,31.9618563584579,0.103524859267281,1.18809444657069,0.145304689491633,-0.120453545048013,-5.80495343901963
0.512711877925165,-0.354903643146619,0.0504713584088145,-0.583961573573928,-4.14565016178019,-0.718970173712845,31.0686158149538,-0.140184924166078,1.20277617769133,0.141867492009068,-0.12249984453551,-5.84756293240833
0.51349397214415,-0.354618386098311,0.0499984371112577,-0.58404079436848,-4.14636779152881,-0.717432130514431,31.4636447508041,-0.479370606965631,1.1543868708946,0.145151285778903,-0.127628198496555,-5.84353504525616
0.514403907666184,-0.354192710148975,0.0495170965190915,-0.584232279902293,-4.14691844973818,-0.715743038455509,31.8001771923601,-0.624961803596079,1.0452589362927,0.148678213751058,-0.127733363620095,-5.84212259555573
0.515398911354623,-0.353684174110873,0.0490569489403156,-0.58447810157514,-4.14735957109171,-0.713954097385987,31.1069436477915,-0.312619524732781,1.12504354715344,0.145817138022364,-0.132169048303068,-5.89735427420537
0.516429141443456,-0.353156830229421,0.0486476599810025,-0.58471179651414,-4.14776484349371,-0.712131999208653,32.3621177594584,-0.153343583985816,1.07818651447394,0.147233375536798,-0.128655935227382,-5.87900777264083
0.517448036080273,-0.352672738672545,0.0483152286320027,-0.584866817789336,-4.14821275223356,-0.710349805196658,31.4890349014024,-0.315906922665363,1.01586442133299,0.144914164008424,-0.124074745268136,-5.91029794927615
0.518421249177093,-0.352292837662272,0.0480853946560977,-0.584880382554262,-4.14877241351515,-0.708676444618103,31.6619971120273,-0.240740735049485,1.06769069056233,0.144675331067358,-0.121698778702504,-5.90996107820119
0.519344156112714,-0.352055603325001,0.047979236762594,-0.584719719823072,-4.14947305867301,-0.707149356891335,32.2224583342971,-0.196110999089115,1.11200247976063,0.147197540495103,-0.125634780420487,-5.89952211320752
0.520221606202563,-0.351990606211766,0.04801248655362,-0.584361236886193,-4.15033043756924,-0.70579424948274,31.1527574675126,-0.666798518538371,1.09793042612165,0.143176740704036,-0.127527287428524,-5.94551108259738
0.521078980897433,-0.352106450494409,0.0481927242569646,-0.583806981405939,-4.15132875489788,-0.704610922258558,32.4979272369114,-0.459466164631522,1.05256519457336,0.147229333904996,-0.125480954560783,-5.92059075653212
0.521954925766938,-0.352392575811141,0.0485178033910412,-0.583081870997181,-4.15242415391106,-0.703571905926449,31.6885020089335,-0.328813998571377,0.999728692675404,0.147695871482681,-0.12985917780091,-5.95796788158962
0.522898300899422,-0.352817344362446,0.0489733357685196,-0.582232382148602,-4.15354962057023,-0.702626359018372,32.0005406995349,-0.173972280544604,1.05996099206132,0.151524238053546,-0.128845522745037,-5.96214166760463
0.523958778240182,-0.353332612535596,0.0495343684657939,-0.581323966961625,-4.15462227826864,-0.701703603731261,32.3667418052549,-0.286287986327352,1.24723553811725,0.155219772142456,-0.128734514016057,-5.96077249243774
0.525175641787733,-0.353891190148031,0.0501713803505808,-0.580420612629312,-4.15556267307513,-0.700731458596137,31.6887579462075,-0.521172673277761,1.15532089696751,0.152134640948751,-0.129768762766805,-6.01226250103456
0.526579421072313,-0.354431942039517,0.0508423537411538,-0.579594148670112,-4.15629784606473,-0.699639440652316,32.9752743359318,-0.282962150630283,1.01417574228199,0.148026442955626,-0.129891998267633,-6.00538892176927
0.528171429823804,-0.354884891275216,0.0514880579438363,-0.578911309675344,-4.15678740939356,-0.698377961949001,32.3494532769996,-0.958237382215657,1.10611717373249,0.14801151709962,-0.131366962326044,-6.05778945791611
0.529940628350366,-0.355197949371668,0.0520583993091858,-0.578421322737422,-4.1570099658944,-0.696914082366128,32.5754481400829,-0.430511186148578,1.27633023744184,0.153435134883187,-0.130101831386533,-6.05385153993129
0.531851547681274,-0.35533499292954,0.0525058635258805,-0.578150002161331,-4.15697949534549,-0.695244067371644,33.0088187639136,-0.615416648635573,1.21802951051006,0.15947401352242,-0.127162090108624,-6.03004895305242
0.533843518603908,-0.355284730498932,0.0527919857286986,-0.578097378702633,-4.15674290395704,-0.693387184803062,31.7937613050065,-0.152388897674882,1.11174125904898,0.154005057865674,-0.127440703573451,-6.07836767897922
0.535852649621687,-0.355054572867454,0.0528920260801534,-0.578242872014301,-4.15636570143383,-0.691385792282807,33.3122108433521,-0.579567221833713,1.14037912868335,0.147761797493599,-0.126078986216151,-6.0420710689447
0.537812601957148,-0.354670946700066,0.052795568352436,-0.578546221570664,-4.15592921301166,-0.689300973819855,32.1793640882281,-0.468018056380515,1.03172016929187,0.148000907850188,-0.132103709100608,-6.07741349629712
0.539664292316227,-0.354184349439295,0.0525151833396548,-0.578951798436222,-4.15551186031312,-0.687195238001682,32.6696861682768,-0.467856316657162,1.14753485269219,0.150197873052184,-0.138508652609356,-6.07742609119455
0.541351716675582,-0.353666879087868,0.0520811667093246,-0.579388598568878,-4.15519335042696,-0.68513374368074,33.0429983486884,-0.567989150150879,1.17630459272988,0.152555670415471,-0.138014577460261,-6.08235115048426
0.54284157811881,-0.353197963390487,0.0515409327225066,-0.579784343990686,-4.15503451129858,-0.683174130688946,32.1229185190433,-0.0691208502773861,1.28388147236404,0.155915731576213,-0.134587835219286,-6.1202501880739
0.544123154953725,-0.352840990201909,0.0509426915737383,-0.5800876446874,-4.15506493682837,-0.681348789185246,33.4141314296533,-0.708565829670306,1.25846098070204,0.158349437525448,-0.129424668814606,-6.09490194881616
0.545206807502097,-0.352658535269468,0.0503434941024641,-0.580253612427618,-4.15529019403268,-0.679674529801821,32.6512529782793,-1.19053320332659,1.17396084955064,0.155058605790777,-0.131335634857543,-6.14991111591689
0.546117467205399,-0.352692938432403,0.0497943594032552,-0.580257659379732,-4.15569294036562,-0.678147341770075,33.1455374022383,-0.309848416625982,1.17667325111222,0.153411273763579,-0.136576891745328,-6.15972512972632
0.546883647885179,-0.352969770935699,0.0493370084385077,-0.580089907261121,-4.15624431292351,-0.676750849058341,33.5652943383286,-0.471951263517212,0.964947606901063,0.154257513797655,-0.140126929602607,-6.14946289445071
0.547544935812049,-0.353477489757815,0.0489925947133754,-0.579771268518363,-4.15689728887901,-0.675451502086575,32.6273326259213,-0.548568010210374,1.1090097208006,0.151544328498303,-0.135756849213503,-6.18685618716006
0.548139315695955,-0.354195122405226,0.0487732786551456,-0.579325681548708,-4.15760507301824,-0.674214446762708,33.7902034562394,-0.602600045432837,1.09904774917223,0.152024826689038,-0.128775799948701,-6.15946698356548
0.548702954973557,-0.355077460644193,0.0486740129601629,-0.578794746666741,-4.15831809956258,-0.672999325368414,32.8339825938795,-0.593963481675928,1.03933028216787,0.149147486699404,-0.128866833747495,-6.20215678816285
0.549254020913035,-0.356064912988746,0.0486705091642654,-0.578222279440856,-4.15900772982512,-0.671779013809927,33.3508279095648,-0.741838059075462,1.21630212034225,0.151289288408891,-0.12683217853957,-6.21306570533501
0.549812862142154,-0.357091480812164,0.0487327322778556,-0.577653758022964,-4.15964482976525,-0.670528192057596,33.9761470027724,-0.410729737867541,1.02196059362922,0.151955213705141,-0.136670540883563,-6.21963690487136
0.550381341752039,-0.358087659631154,0.0488189713450828,-0.577131171982496,-4.16021975483323,-0.669232977352359,33.1277340109062,-0.171193575206189,1.03331565511513,0.149340982762405,-0.142493748617256,-6.27707424289836
0.550949236242755,-0.358996137186397,0.0488899071686112,-0.576684489832646,-4.16073818047748,-0.667890093475528,34.2310075034036,-0.464221692580168,1.07772209286065,0.156184788572538,-0.136145409648528,-6.25215162646058
0.551510935666316,-0.359759068038874,0.0489065155812515,-0.57634300101033,-4.16120414812453,-0.666498375532358,33.4054379951487,-0.96423810187639,1.18198206167889,0.153968030442757,-0.133620635678292,-6.28625989611037
0.552058917203984,-0.360343445570352,0.0488428408060798,-0.576118492205849,-4.1616268249671,-0.665061440938839,33.6450041978412,-0.808710031007649,1.15389944221451,0.154229867367946,-0.131578065645233,-6.29775501542377
0.552575380562355,-0.360733797921572,0.0486806742116174,-0.576010968030669,-4.16202428850978,-0.663586633276827,34.4769604616131,-0.141062646728642,1.18513825354881,0.152939209784496,-0.136460418854874,-6.3121798845626
0.553048265866364,-0.360931943040381,0.048416257878813,-0.576005587130652,-4.1624174307227,-0.662089570160232,33.6861179086945,-0.338889071168524,1.00735524620399,0.150865523045127,-0.144666905955044,-6.36450585786599
0.553471819801476,-0.360958079411237,0.0480606681850766,-0.57608167603105,-4.16281712214807,-0.660577130818115,34.9887169347888,-0.781136609998384,1.0848532656195,0.159568043071727,-0.141004316335428,-6.31674141677276
0.553841902945375,-0.360845967820472,0.0476361225817648,-0.576206771818673,-4.16324043220543,-0.659065173183245,33.6599829646727,-0.246543622773515,1.18049830791017,0.160104823706622,-0.132642170026417,-6.3395387335372
0.554159545915742,-0.360628265347543,0.0471649080694624,-0.576352890694737,-4.16369989161023,-0.657564931526949,34.1115701764194,-1.17695079437772,1.23859506194688,0.15682988379628,-0.129984432933901,-6.34289448215069
0.554429291788364,-0.36033333989317,0.0466710811181149,-0.576491831999627,-4.16421283463727,-0.656097366287662,34.5833365213377,-0.578989633169613,1.16106120618954,0.155893267998501,-0.134797519560578,-6.3419156076226
0.554662697311238,-0.359993581139584,0.0461854305383634,-0.576595461646509,-4.16479072707281,-0.654681042303091,33.6692272296247,0.149922925052351,1.2082980889893,0.157669440159204,-0.14641003763299,-6.38121190696519
0.554872254270566,-0.359636827606666,0.0457340797399102,-0.576638297884662,-4.16544852521356,-0.653336054920754,35.0178740126429,-0.0165462944312367,1.31691964522724,0.164494263155609,-0.148255953335506,-6.35164982109681
0.555077393879472,-0.359271453856524,0.0453346765326093,-0.576604971057132,-4.16620072440804,-0.652089567672318,33.7280171441012,-0.758716164023781,1.29981095413754,0.165692787052055,-0.142794612136429,-6.39501441188642
0.555296673035541,-0.358913309347452,0.0450078013337314,-0.57647953084967,-4.16705532371931,-0.650960177724582,34.4220232449508,0.171304140827488,1.37024743718064,0.165857699832814,-0.134175190217811,-6.39435948191246
0.555552400390319,-0.358560479262069,0.0447615411088307,-0.576255526675342,-4.16802024886525,-0.649969165193807,34.8584722008001,-0.23945755694308,1.31955063178572,0.16300721375837,-0.133053504578248,-6.41401713546142
0.555861958403057,-0.358198046905283,0.0445934552551558,-0.575939657856202,-4.16909723363472,-0.649128280635952,34.2748370285391,-0.466719855239944,1.22610453981073,0.161434340667062,-0.141537164343244,-6.46861847553118
0.556248977358793,-0.357819192632927,0.0445057420064047,-0.575539675802639,-4.17027334907471,-0.648435080296035,35.3476171267674,-1.04203958532821,1.12067957735513,0.167751965745639,-0.14848587370076,-6.45492939737975
0.556724506001708,-0.357411446266875,0.0444893230015543,-0.575069051241261,-4.17153804679349,-0.647882413375878,34.6301877908463,-0.126601447895155,1.12627670231774,0.164790189757165,-0.144895021690625,-6.49774623198362
0.55730331270784,-0.356968547971936,0.0445388295161508,-0.574546918424828,-4.17286058000687,-0.647441428150927,34.879280184199,-0.6150205128979,1.21003048879535,0.158893611443636,-0.135871288111819,-6.51483852703654
0.557990549047358,-0.356485857630815,0.0446425117186448,-0.57399396187267,-4.17420931267185,-0.647075565037598,35.6100682844743,-0.512417213377375,1.22848550876273,0.158090763664451,-0.131498169426511,-6.50851626222628
0.558794572258444,-0.355962095434233,0.0447915082709174,-0.573438352377272,-4.17553794690919,-0.646732033212226,34.5077138130215,-1.20776365542315,1.11672266513224,0.158389430592526,-0.139102273452377,-6.55861263740355
0.559710635042754,-0.355415094355765,0.044983152221575,-0.572896421796143,-4.17680366793614,-0.646355275964876,35.7462669766333,-0.927004323209076,1.22064647795239,0.162887254725206,-0.146048386994019,-6.53562837803902
0.560732539087336,-0.354862458644872,0.0452155525001217,-0.572389248530846,-4.17796004603325,-0.645883799175136,35.0103964696916,-0.95850039863376,1.18347956993424,0.161569779045557,-0.14894151523573,-6.58030022318176
0.561842975733257,-0.354329562988301,0.0454852762142378,-0.571927331959514,-4.1789780783555,-0.645271027400838,35.2518736410216,-0.614768928280682,1.18440541830466,0.159044063452437,-0.145282106251669,-6.57879940763088
0.563028986540534,-0.353844655677831,0.0457939961655593,-0.571520883548147,-4.17982470193743,-0.64446874506231,35.7171228937979,-0.510583030877797,1.33850577852854,0.159280804744095,-0.137350377164092,-6.5701612298709
0.564285266570986,-0.35342923520456,0.0461435977555546,-0.571179830885068,-4.18046869777514,-0.643438131272371,34.8967486817335,-0.656896648101565,1.34406383294674,0.163026120388166,-0.13909316170925,-6.6204498257767
0.565597636394788,-0.353100517070168,0.0465312882578283,-0.570908976635854,-4.18090013534275,-0.642160491601308,36.3615075669406,0.0697559900174838,1.32407241456804,0.168788111541709,-0.14730302090563,-6.60052222276147
0.566952082797133,-0.352873708872346,0.0469553120793904,-0.570704603401524,-4.18112390755685,-0.640638620375955,35.3821416866396,-0.0508956220583059,1.11700615529926,0.171681358966972,-0.150904176752312,-6.64382378202568
0.568335153821531,-0.352762814150754,0.0474134752694649,-0.57055515613867,-4.18115617171041,-0.638889954889178,35.6269384498498,0.223539467362571,1.25426993147849,0.172493744930506,-0.149359790225891,-6.64123211062077
0.569740818552715,-0.352765850876581,0.0478990580338325,-0.570455704804696,-4.18101614407701,-0.63694086484753,36.2608511825259,-0.140112099405542,1.13559117587107,0.169867009672603,-0.137894884583399,-6.63211158277964
0.571145641145365,-0.35288583406213,0.0484033077643894,-0.570384857612651,-4.18075129704463,-0.634842455316005,35.3606742900242,-0.172379538214955,1.22810492893714,0.165980528771374,-0.139188993880715,-6.69912705282418
0.572532056714352,-0.353121752206111,0.0489190370033732,-0.570320209146889,-4.18040993138373,-0.632652492650548,36.8153694981465,-0.545261575899303,1.22256277893254,0.172425170207427,-0.143590284581883,-6.68296256201292
0.573873401680872,-0.353462407566884,0.0494304846838569,-0.570239181854069,-4.18005391934919,-0.630438221330977,35.8866936582573,-0.972111995383784,1.18034540784137,0.179089532384675,-0.151530158132678,-6.72909087704349
0.575140528462983,-0.353898032066594,0.049922630143627,-0.570117135405879,-4.17974663872968,-0.628266032872626,36.0300126659417,-0.109502585618429,1.44996279566575,0.182414153368109,-0.149970508352642,-6.71923914029912
0.57630032503154,-0.354423695806487,0.0503834619324819,-0.569925079755443,-4.17955320378128,-0.626202292961904,36.4979921945787,-0.28451264395153,1.40114891425256,0.176224843503824,-0.141442171370175,-6.70843408963214
0.577311228318435,-0.355043515178998,0.0508048319337839,-0.569629436550037,-4.17954002694277,-0.624307654127536,35.5851605104131,-0.330640811314197,1.23816205567732,0.168458617508016,-0.141124921621648,-6.75724001492822
0.578135752073793,-0.355753595046169,0.0511769782887245,-0.569209534454332,-4.17975964873754,-0.622626279497285,37.0587941982601,-1.11643689076482,1.14001678348222,0.172490664666001,-0.146829292632693,-6.74553157531976
0.578742320665463,-0.35655018260214,0.0514920462378384,-0.568648382139556,-4.18025467113621,-0.621192571472653,36.1748842483488,-0.0413428880738138,1.35060642119396,0.17389309372125,-0.153501253443485,-6.79084798548414
0.57911445663343,-0.35743213374022,0.0517503426240566,-0.56793334663197,-4.18104623922747,-0.620023949903287,36.4816484820826,0.00124989518531038,1.29919669051677,0.178266424672455,-0.155705905114692,-6.78255078439814
0.579244029103004,-0.35838977538884,0.0519503707435568,-0.567067174566433,-4.18213560386481,-0.619115837774765,36.8624048108879,-0.731295936192055,1.27152113845091,0.17645233063164,-0.149382583396831,-6.77786862332843
0.579138759433872,-0.359413429323144,0.0520956500643291,-0.566059834294994,-4.18350599785361,-0.618448838165624,36.1564672135093,-0.264375465229705,1.42200562369038,0.169970671237083,-0.1424759369053,-6.82953622356022
0.578827884427436,-0.360478419702156,0.0521892594711627,-0.564939624800791,-4.18511349931846,-0.617983603430684,37.2443362806713,0.042797486942618,1.30923182855736,0.168347218177751,-0.144552672653221,-6.80956331930727
0.578349949937443,-0.361567349052757,0.0522387897119708,-0.563733218125697,-4.18690454832486,-0.617672004584688,36.3538756620992,-0.603501757514096,1.13068175930925,0.173553509876229,-0.155521603467444,-6.85691047810923
0.577767114764225,-0.362646980958564,0.0522508785511908,-0.562486170948959,-4.18879893019361,-0.617446537917211,36.8821150203031,-0.493437036163186,1.32936249150106,0.17576958769315,-0.157869801135808,-6.85433730426135
0.577141383678342,-0.363681144904104,0.0522293918953984,-0.56124771415974,-4.19071500176619,-0.617236014242536,37.3510468855474,-0.85468273925926,1.22441380798739,0.174535530585759,-0.152034857613152,-6.85264119949171
0.576531726551511,-0.364627174441358,0.0521708273150782,-0.560072903678523,-4.19257442844006,-0.616967859149434,36.488717933063,-0.15112005974629,1.22298371651246,0.171555144941803,-0.140856010238093,-6.9128435702094
0.576004038186387,-0.365448300421688,0.0520769407200484,-0.559010360916238,-4.19430030746648,-0.616575656244278,37.763015885468,-0.169289095229942,1.27112054028944,0.176270839047109,-0.14234654948148,-6.88054491945414
0.575617215541451,-0.366109523442271,0.0519478065124177,-0.558106598838574,-4.19582220697382,-0.615995795536833,36.5545417032108,-0.249604430635145,1.27670438257027,0.17621968939208,-0.148554126788734,-6.90775367784868
0.575416656761672,-0.366571654067705,0.0517760858300992,-0.557405603385148,-4.19708931757632,-0.615180343855162,37.1333398654698,-0.468958325499671,1.26437900750196,0.178025008193293,-0.15499357614508,-6.90824569076329
0.575437204032507,-0.366815657837995,0.0515629567017668,-0.556928946380435,-4.19807066835023,-0.614102515991686,37.6588327362568,-0.542540319991303,1.25849762711439,0.176853625275532,-0.154032148184311,-6.91957554487716
0.575694855988302,-0.366829071894331,0.0513065768204076,-0.556687046639522,-4.19875872448998,-0.612754023977831,37.1230954579601,-0.80625302541489,1.30550300231022,0.171212421562775,-0.150307272332648,-6.96824895380215
0.576184986471063,-0.366609281719242,0.0510058627146719,-0.556676600423496,-4.19917120100087,-0.611147123493806,37.8908724865217,-1.09836065974218,1.44093653594911,0.178760474420864,-0.145742416358542,-6.94621000601798
0.576894097946465,-0.366163958345904,0.0506642742511499,-0.556880441184546,-4.19934235191023,-0.609313526532841,37.2416360617507,-0.410926536802208,1.36711132981415,0.186833485549827,-0.149187688903741,-6.99166413679773
0.577794032786468,-0.365508165318861,0.0502849532905129,-0.557266019002293,-4.19932839842308,-0.6073079994585,37.5072027472661,0.354256523140975,1.36186902083358,0.186654449635907,-0.151358222299746,-7.00329256730413
0.578843507139333,-0.364678488497473,0.0498810333404577,-0.55778512638753,-4.199196812008,-0.60519250721559,38.2638795729595,0.212724473223943,1.16982871039545,0.18352762532162,-0.151632767018305,-7.00341113922146
0.579996765918373,-0.363716955387234,0.0494669318320985,-0.558381665096433,-4.1990218188673,-0.60303813112905,37.2370464195553,-0.0926147819377547,1.19331138026314,0.175805487724772,-0.154351331872914,-7.06768104998982
0.581209663710197,-0.362670827915803,0.0490607737722577,-0.558996618839143,-4.19887330207993,-0.600914254504563,38.7624651238373,-0.703902322804424,1.32363054449141,0.178599016910689,-0.151137089613064,-7.03809919271903
0.5824354932173,-0.361584820847291,0.0486779927127453,-0.559572842702764,-4.19882181408917,-0.59889031651714,37.6004113012494,-0.893572696825686,1.40475778109365,0.182890901445107,-0.152974039216919,-7.0705919482043
0.583634525727451,-0.360507081223259,0.0483352114227197,-0.560059524116516,-4.19891838561883,-0.59701440885598,37.9102584069918,-0.816174620731545,1.325975890802,0.188565364444953,-0.15121921669569,-7.06862303114332
0.584773371210027,-0.35948032178495,0.0480466197073702,-0.560412834986304,-4.19920215720403,-0.595325222883293,38.4922192814334,-0.398629585609569,1.39610473428428,0.18599963723913,-0.149819666318447,-7.07025282461648
0.585833933654332,-0.358531464318908,0.0478206806461822,-0.560607546322494,-4.19969037049314,-0.593842862342662,37.473616383229,-0.379780821698205,1.30797493510559,0.178570787069556,-0.15481157063711,-7.12078996175372
0.586809633955375,-0.357692030663669,0.0476687347756692,-0.560627664054986,-4.20037232137967,-0.592556513488796,38.8610513684503,0.00933980176614568,1.41903578079635,0.178627396169025,-0.157427880336066,-7.09418244941793
0.587696461799844,-0.356975839101425,0.0475894979553994,-0.560471972416126,-4.20123016012602,-0.591447587507917,37.9185173785131,-0.573881591566987,1.4177165710777,0.18285362176118,-0.158173573241302,-7.13634374337187
0.588505207427993,-0.356389135684063,0.0475785740635248,-0.560153908751642,-4.20222234274674,-0.590473963590331,38.3913094341864,-0.495632585476415,1.39691955597269,0.189330179192519,-0.160027414728013,-7.13191476985372
0.589257929092234,-0.355927369683949,0.0476276953288519,-0.559701717886285,-4.20329056772765,-0.589578577370181,38.9179867326978,-0.313031493469452,1.44817732341579,0.189761990801772,-0.156434766533466,-7.12678489578003
0.589978931423118,-0.35557378553896,0.0477204713389187,-0.559151814817536,-4.20437405246475,-0.58870280223108,37.8061837511027,-0.245104604898643,1.43920530607915,0.180088861768193,-0.154365279726608,-7.18083587799098
0.590702964765668,-0.355305014812274,0.0478401440698593,-0.558550353221363,-4.2054008039805,-0.587779154044587,39.2313611352665,0.0604841406545802,1.39572256976766,0.179848874785791,-0.15574964270165,-7.1619914572293
0.591449337543257,-0.355110454897748,0.0479711445680388,-0.557928739117543,-4.20632151842842,-0.586756153178411,38.268800681419,-0.121086608119185,1.20920298783525,0.17709483003473,-0.162267953410601,-7.21248585110678
0.592251144675598,-0.354979317137923,0.0481044279419795,-0.557319419429329,-4.20708071972015,-0.58558390649249,38.9417689190315,-0.208258491283004,1.2797563354971,0.18120025181318,-0.162897006029492,-7.21738003236928
0.593124397027384,-0.354897482542551,0.0482240673847786,-0.556747150373317,-4.20765061785565,-0.584235873038173,39.2536347048675,-0.302405248395189,1.43392118666645,0.188968341591125,-0.158475272891494,-7.21517230792799
0.594079311895157,-0.354856045344105,0.0483189528792428,-0.556230315284195,-4.20801838702638,-0.582698700500271,38.5053716375346,-0.945774409262413,1.35264352435536,0.186213553146348,-0.15217986679449,-7.26174972205039
0.595114938440584,-0.354859233153572,0.0483841332012065,-0.5557669796405,-4.20819591306384,-0.580985089102908,39.6321262050371,-0.786385398206676,1.40878502855111,0.185589982409946,-0.152427660680836,-7.25137596650044
0.596220373012187,-0.354916010272595,0.0484182013923817,-0.555349418834096,-4.20820802416579,-0.579116250892288,38.860055245102,-0.399393404119564,1.30024075566092,0.182908605757644,-0.161922244770939,-7.29662093169853
0.597372259337486,-0.355040193927131,0.0484211408729684,-0.554959480614039,-4.20809998076552,-0.577131638269229,39.1532153749421,-0.432175714976893,1.32915073582549,0.183152222130643,-0.16909065781826,-7.30196019266956
0.598534216437194,-0.355242051688229,0.0483887337911237,-0.554573972211108,-4.20793542583997,-0.575085686883455,39.6189978609077,-0.478420948607436,1.27163066495484,0.1856373270552,-0.16358058179664,-7.3012748582385
0.599671683446947,-0.35553167656666,0.0483212518027409,-0.554169375992544,-4.20777394855698,-0.573032084069355,38.8480212175265,-0.085664678198782,1.3275297308119,0.182269449754938,-0.15950891843024,-7.36076806152624
0.600741555456098,-0.355917999622241,0.0482162670895123,-0.553722558289371,-4.20767973267173,-0.571022908647344,40.31026113536,-0.622712232059484,1.45564924032314,0.186451303931821,-0.153965519803858,-7.3496657740413
0.601705696817259,-0.356401673665703,0.048072130690207,-0.553216356730337,-4.20770853918498,-0.56910615684164,39.5718016591097,-0.269381415415637,1.39340611534618,0.188438879293793,-0.155006184020084,-7.39138807932447
0.602537271457385,-0.3569765266407,0.0478859339797477,-0.552642210131238,-4.20789750153794,-0.567314971758006,39.8462533417124,-0.0336112551783572,1.32812044834611,0.190018074714929,-0.161002163763707,-7.39587989855792
0.603213102634509,-0.357626526510645,0.0476517489017519,-0.552001861259048,-4.20826983663382,-0.565668864543153,40.3241770776976,-0.178027712461926,1.30283375220571,0.187536171170022,-0.162534892252898,-7.38124229848494
0.603716814269327,-0.358335292491095,0.0473664183460626,-0.551302211187062,-4.20883443054287,-0.564172871522169,39.1361659427027,-0.621685287696664,1.30028550251703,0.186481087980932,-0.160856944453818,-7.42431859790958
0.604048413876201,-0.359086441023264,0.0470311881765552,-0.550553891172124,-4.2095799747589,-0.562817963056307,40.6385406401488,-0.0632223706054447,1.42336538423584,0.184917750099028,-0.155858058078645,-7.39926416661404
0.604220586036538,-0.359854627470034,0.0466457634847368,-0.549779742833886,-4.21047663829321,-0.561578139340603,39.5957109810531,-0.73692840970989,1.3986145406256,0.190548685646582,-0.156248242429747,-7.45671855146675
0.604255014519927,-0.360605957894936,0.0462058500585122,-0.549007486197248,-4.21148952342331,-0.560425298944463,40.2670961601631,-0.237802785265558,1.4322531823266,0.19726167031569,-0.161116256868056,-7.44822906806526
0.604176319264976,-0.361323172303056,0.0457178997288948,-0.548255877273392,-4.21257918474409,-0.55932537080975,40.5243548942274,-0.46552141048528,1.54732025784253,0.198906218158218,-0.164153645725777,-7.43805375304675
0.604022588866134,-0.361993417810723,0.0451942734482642,-0.547540779230587,-4.21369774026088,-0.558240987962046,39.6062636845602,-0.906910950970087,1.4127410917001,0.18990729914552,-0.162279487922378,-7.48699000949765
0.60382958323962,-0.362603024192925,0.0446455769447689,-0.546878160107946,-4.21480190043374,-0.557136401343579,40.8727121766825,-1.04102413325813,1.38861593206167,0.184804824432034,-0.156790812047495,-7.48194621445696
0.603638568999578,-0.36313406795529,0.0440803617544666,-0.546283079675291,-4.21585293253763,-0.555984109551963,40.2610614415448,-0.35419382764735,1.28681811569854,0.185390656382795,-0.162204656591807,-7.53931107102511
0.603489674830158,-0.363581528739303,0.0435134292362506,-0.545756558443845,-4.21682137735202,-0.554767308700262,40.5518487139121,-0.387241986840991,1.38746816732643,0.193550874428333,-0.168170173283041,-7.54089031920882
0.603416316369577,-0.363940679547376,0.042958231083454,-0.545296703412084,-4.21768664022009,-0.553475984413537,40.9937670165496,-0.616374313301549,1.41655323601842,0.20249908559185,-0.16365460312541,-7.5350235445075
0.603446056282263,-0.364193668604329,0.0424173608312143,-0.54490774106681,-4.21843871064456,-0.552109705728802,40.0800577718023,0.211655028291716,1.43761134994227,0.193921860490465,-0.158290645887889,-7.58357937342386
0.603605906078952,-0.364327484758787,0.0418980076971198,-0.544590028068143,-4.21906900007026,-0.55067158218805,41.4758148435532,0.38039504017047,1.45742040246387,0.18522163976551,-0.15270907934573,-7.57353268138437
0.603902372193851,-0.364348372240244,0.0414101555008421,-0.544324855239676,-4.21959076370379,-0.549179340268386,40.8326977850161,-0.503643961520993,1.42127825374448,0.182721942451728,-0.159266549287615,-7.6189872898265
0.604345872351645,-0.364250101874235,0.04095960367019,-0.544105209123669,-4.22001065775452,-0.547646879545893,41.0576377857647,-0.867456094953695,1.36660425044477,0.189813827504522,-0.168501066427708,-7.62782844970999
0.604939839133619,-0.364021987069457,0.0405474047923449,-0.543930586650987,-4.22033584045188,-0.546085257512814,41.5942765304764,-0.183458749151441,1.33108262583212,0.194867532652272,-0.170785690799589,-7.61286514593708
0.60566719111812,-0.36366397687376,0.040173448391541,-0.543792934160794,-4.22058862408564,-0.544510882694501,40.4277330251364,-1.09276980946083,1.3058380288858,0.195095346900063,-0.161028644211755,-7.65213342509554
0.606513846846368,-0.363180875419218,0.0398403781306947,-0.543685922120234,-4.22078730779514,-0.542936226274503,41.8073220615169,-0.595056990530566,1.50209926561337,0.187070250832356,-0.154937999186743,-7.62356268156754
0.607459832551294,-0.362596093702628,0.0395590243393427,-0.543592022515501,-4.22095109135973,-0.541372481938835,40.8887160160641,-0.893860752491946,1.48057646364381,0.184361518909579,-0.161230314667082,-7.67638114787193
0.608483862323833,-0.361928815996793,0.0393363208837217,-0.543502955986012,-4.22109675364357,-0.539824628078407,41.3876603305608,-1.12312806283262,1.6165827155105,0.188444490167363,-0.170349687181309,-7.68659236102182
0.609560897192436,-0.361206648458536,0.0391803768235647,-0.543403260002072,-4.22124578735763,-0.538302310604376,41.8658086958022,-0.739410133703586,1.50454959886886,0.196534203245938,-0.175192452323648,-7.68431370287701
0.610664339173047,-0.360464938600044,0.0390993203291229,-0.543275401477336,-4.22141793135735,-0.536810210158699,40.963537310955,-0.658775044796357,1.36180511109387,0.198681236833999,-0.170767484704594,-7.72491585283823
0.611769791564089,-0.359740327978118,0.0390996173838609,-0.543099757941214,-4.22163177895394,-0.535353521842654,42.1862101805031,-0.0792435612543159,1.62358413591747,0.19409120505416,-0.157958753508517,-7.7175486598967
0.612858772172045,-0.359069231234152,0.039188367379258,-0.542859073472494,-4.22190048123086,-0.533935066645594,41.4647166121534,0.153892659168605,1.35943337837989,0.192234781560373,-0.156945064681463,-7.7760131737897
0.613920622955225,-0.358464319903792,0.0393575479979779,-0.542550025316405,-4.22223025152199,-0.532557022553873,41.8896487841766,-0.16143406104743,1.36662629152684,0.194146057495659,-0.16645340125792,-7.78411646146237
0.614945332157115,-0.357938929592413,0.0395978446575714,-0.542167079368888,-4.22262435525102,-0.531219683454065,42.2837115019309,-0.931983723529584,1.51008011208285,0.202130705685787,-0.173111001166898,-7.76198178098269
0.615932338944711,-0.357498447784964,0.0398974611616348,-0.541712160418165,-4.22307540607775,-0.529916354615735,41.1541110119116,-1.05700037357337,1.46385230451875,0.195632461735173,-0.172950151737667,-7.81174355243193
0.616878413682369,-0.357134185368336,0.0402349065920605,-0.541191763512468,-4.22357841484862,-0.528644845088578,42.7047977646285,-0.445884803264107,1.49882868533379,0.191151071687351,-0.161233927346264,-7.78699496025791
0.6177939290952,-0.356822288373806,0.0405858445052061,-0.540622627335828,-4.22411662153403,-0.527400007510978,41.7409314475381,-0.993438255636192,1.61927247284842,0.191965784396538,-0.157568298607199,-7.83836433030458
0.618692261405614,-0.356534940256372,0.0409257720943935,-0.540030092881567,-4.22466283223476,-0.526163823982505,42.3562247209337,-0.932393246401261,1.58652543118777,0.198276779861461,-0.168708657142589,-7.8329832279634
0.619581429535907,-0.356240231306195,0.0412290724464771,-0.539438706348785,-4.22519607274757,-0.524924655415332,42.4421515995161,-0.577780197148059,1.49758943805355,0.206146657885014,-0.177290826921324,-7.83261356839205
0.620475758245648,-0.355908510487586,0.0414762609880285,-0.538873587439819,-4.225691151981,-0.523668560406188,41.7383153987066,-0.47689775240292,1.39072313393922,0.199972526784963,-0.174419567729443,-7.86841989509052
0.621390182707105,-0.355520886499466,0.0416574789717079,-0.538358267077263,-4.22611556345917,-0.522371913711978,42.7640783403553,0.27740645133531,1.51489397935703,0.192429607295276,-0.167678359742021,-7.86957810479331
0.622332581178043,-0.355069731072964,0.0417701743590618,-0.537911181101636,-4.2264426661228,-0.521011612910101,42.5662103480304,-0.253203720712918,1.46838281631435,0.188032978568919,-0.164378211385542,-7.93602616288449
0.623303265046272,-0.354562588496986,0.0418194640155654,-0.537538056075118,-4.2266588428624,-0.51957307629369,42.8522928258256,-0.801774074917603,1.51673015940895,0.197990643223045,-0.172957719787307,-7.96359686438851
0.624305136013794,-0.354018497037369,0.041820364535867,-0.537242837458852,-4.22674679425366,-0.518035766854665,43.5569420715481,-0.244683765539094,1.43207212820442,0.212478400064438,-0.174500445539217,-7.95584957672668
0.625330796945973,-0.353475151238282,0.0417965293941425,-0.537013762185093,-4.22670276973209,-0.51638946073126,42.1425657108257,-1.21577967383337,1.59553963285163,0.207887604156713,-0.172494937957854,-8.00133896162732
0.626365212983413,-0.352968690630812,0.0417688411242718,-0.536836334028229,-4.22653567947572,-0.514633568458279,43.8143426559211,-0.616205197620729,1.53911521363506,0.195864189298462,-0.161726770117677,-7.96634818506206
0.627390613452358,-0.352546877428033,0.0417632046382134,-0.536686846985822,-4.22625993780449,-0.51277086155393,42.7538549335433,-0.771638405086833,1.38414096134915,0.186623509846008,-0.162817261375418,-8.01297842509178
0.628384924763334,-0.352256565340772,0.0418030506010246,-0.536534992022954,-4.22590472739296,-0.51081896394264,43.0199830275706,-0.346888657432146,1.6434298673955,0.192897250183202,-0.172323918481516,-8.00327433656548
0.629315652840316,-0.352138848557141,0.0419033631461335,-0.536346245760159,-4.2255147803949,-0.508809582429025,43.377719142876,-0.362748207734057,1.47200775921152,0.20258138771182,-0.178660163799393,-7.99162079992066
0.630154702510324,-0.35222173337243,0.0420728508340109,-0.536092160361877,-4.22513554066382,-0.506777014126877,42.4369828113199,-0.774959210043335,1.45593454467777,0.204043275371613,-0.17565926183507,-8.0375571687003
0.63087785136777,-0.352498660657151,0.0422994811430744,-0.535763333235754,-4.22481292664229,-0.504759167480501,43.9759141779063,0.108094969867579,1.59700984070673,0.202808679186058,-0.170585893122643,-8.03180955796545
0.631461944049284,-0.352951979620045,0.0425644174578435,-0.535354947057814,-4.22459190889501,-0.50279383193036,43.2828418704754,-0.68526574702355,1.46837157739876,0.200769254751316,-0.168870913319956,-8.10191538875078
0.631892849896093,-0.353560131072154,0.0428500078187507,-0.534862287595717,-4.22451243031588,-0.500918045036274,43.8044627980657,-0.292361518180996,1.64985660684724,0.204585196482868,-0.175436076263617,-8.10608711821869
0.632162099000953,-0.354285186870102,0.043131076995344,-0.534289536494299,-4.22461020196533,-0.499167658231337,44.2116844491845,-0.57747449413273,1.5952586723821,0.211806367372816,-0.179420987721429,-8.0957677663143
0.632272898273455,-0.355085669017669,0.0433854868943627,-0.533646008348709,-4.22490563477241,-0.497567252141677,43.0020444014206,-0.557839684166993,1.39553530201326,0.21058390302737,-0.181279483969866,-8.14271582843977
0.632237602891201,-0.355909933990242,0.0435883004007261,-0.532953662963399,-4.22540369340312,-0.496126790457472,44.4782856540953,-0.743368714981443,1.52553413501909,0.204518693592862,-0.170319956052195,-8.12855329874331
0.632076359676844,-0.356727777281574,0.0437311023150675,-0.532219144710399,-4.22610151521724,-0.494851911702067,43.8216185966319,-0.647497684324208,1.52363287567749,0.200185174544387,-0.167905778711095,-8.18831017422112
0.631821709590822,-0.357512502891245,0.0438138342262206,-0.53145694336549,-4.22697343756726,-0.493727810894139,44.3007206689229,-0.566465306546888,1.48638088999687,0.206344917497094,-0.168183957168337,-8.20906306842084
0.63150753214227,-0.358252735180431,0.0438450878755571,-0.530671567121747,-4.22798915981003,-0.492735579251206,44.8294585066857,-0.724204997173956,1.5583887069248,0.217224206629677,-0.178937731706968,-8.19157542896875
0.631162550316244,-0.358958094694311,0.0438452232699316,-0.529857469169237,-4.22911406490904,-0.491846638763116,43.5584057538599,-0.988872394229702,1.73490956253963,0.216816108320603,-0.179640883826286,-8.23161581045326
0.630820616594603,-0.359639161548966,0.0438382643542495,-0.52901076855581,-4.23030518189238,-0.491027888337433,44.9779957599434,-0.403239749473869,1.5701991492983,0.206830223096067,-0.172736913528056,-8.21945658046963
0.630506840451012,-0.360327185428146,0.0438549293219864,-0.528115272020256,-4.23152286309169,-0.490243183591407,44.2875047891232,-0.20806190121948,1.48302160133733,0.195581419764633,-0.169573494012622,-8.28067880637667
0.630243488770146,-0.361042512456962,0.0439179345232881,-0.527160760858534,-4.23273161334405,-0.489461604353417,44.6971063875332,-0.335155140663119,1.51370058878771,0.200346038271459,-0.179761161719211,-8.29335052263873
0.630037695309699,-0.361808911755897,0.0440462632201588,-0.526133701027655,-4.23390664857605,-0.48865662052682,45.0732566077849,-0.38866121990668,1.57773903495263,0.216366192427571,-0.186971676544298,-8.28522128196408
0.62989221752324,-0.362630040548364,0.0442435871012039,-0.525032231533679,-4.23503190238189,-0.487809755649721,44.0289955392153,-0.33193233167799,1.68102922979173,0.219895674010027,-0.184670672405456,-8.34375413719043
0.629805300069343,-0.363501003631548,0.0445060292408442,-0.523860265171028,-4.23609600342128,-0.486906429437559,45.5388917990962,-0.0776643901565421,1.61188218119608,0.216089425702835,-0.172299743553759,-8.32374170852767
0.629777896436926,-0.364389860768965,0.0448116003494092,-0.522639564581781,-4.23709009214529,-0.485936623550662,44.7787364283458,-0.52157984872747,1.61455608993154,0.204731816556057,-0.166874757398911,-8.3718064964916
0.629803420450814,-0.365247080983814,0.0451249582851603,-0.521400015739581,-4.23802218386421,-0.484906952501206,44.9903262416981,-0.61990667735472,1.53431491206393,0.202836622479149,-0.174520761793131,-8.37546569465724
0.629877009143074,-0.36602513184287,0.0454120351057221,-0.520173335271371,-4.23889948516337,-0.48382267762448,45.3584827204002,-0.710882179436339,1.49273262738225,0.211395871290997,-0.179671162030354,-8.3667929686238
0.630003447955977,-0.366646496489709,0.0456228670779606,-0.519013987716644,-4.23972486122281,-0.482689794321197,44.5731118229789,-1.10479272486259,1.61426734863568,0.212897417947939,-0.184311194051951,-8.41390548927976
0.630187381821949,-0.367033295452075,0.0457094677652116,-0.51797512517413,-4.24050870931768,-0.481525394046339,46.0296635085112,-0.573727920158035,1.7239664575865,0.212968973631786,-0.178764212966631,-8.39434639083118
0.630441756106791,-0.367135447553181,0.0456431791061869,-0.517097318596363,-4.24125193326043,-0.480337505825489,45.184747857765,-0.432690611545013,1.57112755582017,0.207209675165297,-0.176359423072263,-8.44840108504186
0.630786194121703,-0.366909463749426,0.0454032931106132,-0.516418969092938,-4.24195007146563,-0.479133158232158,45.4924478388428,-0.952925184417154,1.61027373016429,0.208898911517214,-0.176440606742113,-8.45078394882426
0.631245089788828,-0.366331839385902,0.0449843308990526,-0.515970066795311,-4.24259115194422,-0.477912089305322,45.908190524199,-0.265339502020424,1.69189240182726,0.217643354769492,-0.18316165710087,-8.43908390357463
0.631832731350241,-0.365414698165576,0.0443987799325594,-0.515750649433426,-4.24317643936071,-0.47668519392491,44.9713962228433,-0.489039310878752,1.57967412312249,0.216285137988708,-0.187219367374566,-8.48723474882605
0.632570421442315,-0.364197740077309,0.0436803451645588,-0.51575019060782,-4.24369275832816,-0.475449960636809,46.384154850634,-0.49842083710746,1.54715529425815,0.215486869021527,-0.183344735446484,-8.47096828671224
0.633462809534043,-0.362764211273625,0.0428825983452537,-0.515923654536944,-4.24413861625962,-0.474207910226399,45.4996914602165,-0.0688913246049196,1.49177327962914,0.211587420882001,-0.177485585375431,-8.51822913327343
0.634514739872917,-0.361211401833549,0.0420671259002536,-0.516220308695414,-4.24450559173452,-0.472951474992334,45.8108329410903,0.0766161655858468,1.48006792265016,0.216155762657864,-0.177973224173509,-8.51943489416519
0.635715440496853,-0.359649235708424,0.041296950594537,-0.516574792634754,-4.24479688678649,-0.471679499235062,46.4316584958246,-0.352481851777156,1.58878343327439,0.224235020818119,-0.181529222716193,-8.52293101151607
0.637042531514604,-0.358197901781555,0.0406351881422459,-0.516917737227888,-4.24501607517922,-0.470381587427316,45.5583428862893,-0.40978770482252,1.5806051589887,0.218743227127999,-0.186513263846051,-8.57874148335577
0.638467010032754,-0.356976132101265,0.0401386134641389,-0.517175808647585,-4.24517133728084,-0.46904987513713,46.8291378161862,-0.37020388968358,1.66566289804069,0.21871248606338,-0.185363654145371,-8.55905470687754
0.639956880154536,-0.356078268317903,0.0398467904834966,-0.517289623114533,-4.24527062942519,-0.467675117587781,45.8625360537398,-0.27788719253158,1.68150302021931,0.21747326746552,-0.181190427500071,-8.60177773060315
0.641473161263156,-0.355569401374835,0.0397779783512153,-0.517219416000244,-4.24532545403876,-0.46624841355862,46.3102715621372,-0.343413863181468,1.53755028872476,0.215414321729427,-0.18127569151193,-8.60688276647404
0.642980585412616,-0.35548214703342,0.0399288094635531,-0.516942656921335,-4.24534516361647,-0.464761616897639,46.7214772485839,0.00216544302998045,1.62523632576978,0.221691601780672,-0.180873333910504,-8.60437205552016
0.644451822992352,-0.355812954219893,0.0402771400135254,-0.516462444383984,-4.24533168336679,-0.463202453148374,45.8775448243764,-0.0938629450852204,1.81124977456648,0.224823354000048,-0.183829827350155,-8.65528266068821
0.645855746452352,-0.356527501952161,0.0407806902079538,-0.515798086428978,-4.24529506575076,-0.461566107725141,47.1946650843938,-0.911572474837385,1.68332010706598,0.224428539176558,-0.18557315522552,-8.63651318905318
0.647175044540945,-0.357562880629411,0.0413868242934534,-0.514983761635584,-4.24523985603309,-0.45985307579395,46.3342415788573,-0.522028546333786,1.58294154663128,0.217890652271872,-0.181983418241316,-8.6854870753307
0.648399931823471,-0.358834995496217,0.0420342029322053,-0.514068274574331,-4.24516879819421,-0.458065274825664,46.8846146707422,-0.818004204691988,1.43195858751915,0.215720325688547,-0.179642043712625,-8.70070513549172
0.649524148745399,-0.360245287234317,0.0426586014194859,-0.513107861257147,-4.24508606235922,-0.456209719941915,47.3912811449459,-0.257402885523106,1.52548808507134,0.220056361936527,-0.180568182057961,-8.71123940991219
0.650544989387792,-0.361694314621706,0.0431994364858038,-0.512157486657191,-4.2449970113622,-0.454296528859542,46.5489724838422,-0.318583998498298,1.58534200844673,0.224521971882459,-0.182884256240502,-8.74756714155855
0.651473973462927,-0.363084531084157,0.0436071222442651,-0.511272613996948,-4.24489786841734,-0.452334075263218,47.5829870898854,-0.496071296029186,1.7753519619269,0.226267060586995,-0.181128080655078,-8.71915325890527
0.652316742413499,-0.36434109444523,0.0438472750227946,-0.510489944344868,-4.24479502279688,-0.450339610189045,46.7131260590245,-1.0632685569517,1.63193266239949,0.218536781357878,-0.18321302097751,-8.76674719841619
0.653073689727471,-0.36540595531979,0.0438980391130863,-0.509835307615561,-4.2446996400985,-0.448331622738574,47.3459888714625,-0.676705343841377,1.55842929553546,0.213788737618323,-0.183161553002999,-8.79222592812611
0.653754603997406,-0.366234487950653,0.0437523731876003,-0.50932854340201,-4.24461610217548,-0.446325371119602,48.2003982868067,-0.414985091256085,1.5603938284236,0.217535843874032,-0.185153339148522,-8.8041428812337
0.654364778791924,-0.366810203906617,0.0434198472294672,-0.508971425363036,-4.24455202246699,-0.444336595245756,46.9574282393845,-0.944767503036246,1.74035601986259,0.22388817349771,-0.190841859970746,-8.85426995707269
0.654901790247013,-0.367136202742126,0.0429200506835235,-0.508750733697124,-4.24452307947927,-0.442385186970059,48.088301060465,-0.594879654045826,1.8757137660252,0.235392073286107,-0.187388351216478,-8.82265520826814
0.655373909044652,-0.367230960985761,0.0422855626667501,-0.508650041505241,-4.24453064866076,-0.44047892027757,47.2950319749963,-0.38073010242033,1.68077306180066,0.228900962828745,-0.181206689758033,-8.86953603279097
0.655786671915105,-0.367120317026878,0.0415505349134531,-0.50864644853502,-4.24458177222342,-0.438629568758251,47.9534450183003,-0.141087965930183,1.68407435869963,0.222520509497065,-0.181649387723032,-8.8952223597627
0.656137824643007,-0.366845457212937,0.0407523695631775,-0.508708261750844,-4.24468732735326,-0.436846728025493,48.6553407130035,-0.385231531912495,1.7302302125174,0.224669247917467,-0.185505150893685,-8.90195856330549
0.656437987537381,-0.366459219528901,0.0399376818207071,-0.50879473809257,-4.24485146596712,-0.435140296433587,47.5860089223073,-0.705240961551226,1.4491152279617,0.227335062046974,-0.192835946716749,-8.9465277974124
0.656694999749402,-0.366000158320585,0.0391387684116001,-0.508878769865291,-4.24507698982022,-0.43351193025983,48.7943251284196,-0.684723404137003,1.79709048166663,0.237727402595671,-0.189810965330629,-8.90723774195975
0.656918308770328,-0.365513870862953,0.0383899384970305,-0.508925554113859,-4.24536984007614,-0.431968392939543,47.9138802108773,-0.879192009387452,1.70613033773472,0.232398818120605,-0.18472806900097,-8.95235378398843
0.65711808224556,-0.365054705542265,0.0377276654464538,-0.508895833674944,-4.24573357818975,-0.430510888224957,48.5654422551636,-0.343898608943391,1.74849458741721,0.222440737717355,-0.180292520956844,-8.96674617547111
0.657309320427238,-0.364671842202931,0.0371838668911508,-0.508754213459819,-4.24616834313169,-0.429137314356748,48.8257534277628,0.300778824874897,1.78690165261079,0.226460496607521,-0.185072871202936,-8.95431190182246
0.657515360866448,-0.364408619721035,0.0367868365353123,-0.508465983089864,-4.24667111330371,-0.427847230422975,47.6808605950455,-0.237452694263084,1.69647685304034,0.231357374884331,-0.194620015266539,-8.99481037957286
0.657757993470939,-0.364287852888623,0.0365525346322781,-0.508020325377938,-4.24722642347075,-0.426620932798525,48.9997653335315,-0.73210823119598,1.73905029852278,0.234254654190563,-0.198269882121481,-8.98583572772104
0.65806620141135,-0.364322843926235,0.0364917070350752,-0.507405615637425,-4.2478212244345,-0.425448678813619,48.4358179769579,-0.227767589826499,1.75166593854502,0.230286250165396,-0.194297396670242,-9.04290399101767
0.658464461304216,-0.364521049262912,0.0366117451603102,-0.50662218666563,-4.24843190733515,-0.424305050388552,48.8622277845346,0.108164008593576,1.70429124730876,0.230197550011071,-0.188140842053029,-9.06338228036225
0.658985458560593,-0.364864987616423,0.0369089355235162,-0.505689864397666,-4.24902461592237,-0.423159902577656,49.4503074346907,-0.47986026194485,1.779673387141,0.235932218525529,-0.185073512812665,-9.07101626936605
0.659653750591612,-0.365332435734326,0.037375405973035,-0.504630817333531,-4.24956993710137,-0.421986131940906,48.3536158313102,-0.945830205459515,1.82978595470018,0.234694382139859,-0.19440138510039,-9.11673320977884
0.660488876877543,-0.365872963816114,0.0379883724861204,-0.503486953965882,-4.25003652823001,-0.42075744961406,49.8210644279638,-0.498430807574096,1.67860421333882,0.234775437349633,-0.191361813992713,-9.09665912591542
0.661506349090241,-0.366428770655508,0.0387197667068343,-0.502306514511101,-4.25039571613635,-0.419450566170493,48.9397387811531,0.204808050281827,1.61051328549351,0.227441570451351,-0.191406819600878,-9.14294379797364
0.662708446054785,-0.36693984023427,0.0395376733883933,-0.501135686607529,-4.25063349744895,-0.418057457671104,49.2457328259535,-0.101155576969632,1.65218289832816,0.227761730533573,-0.188001646533122,-9.132143289533
0.66409024501484,-0.36735218591482,0.0404125021763598,-0.500017174047902,-4.25073926434594,-0.416573686862653,49.4796491889799,-0.412014409814219,1.69630960496059,0.231731840164447,-0.18441317937152,-9.11466596462865
0.665632027876497,-0.36760135348991,0.0413009733770786,-0.498995868661687,-4.25072334921241,-0.415011554000809,48.6590876205618,-0.726285645381722,1.62332927749995,0.22811842448049,-0.189514112697499,-9.1672896212804
0.667293609565462,-0.367643359001605,0.0421650530296646,-0.498097980157564,-4.25061827516753,-0.413400692814024,50.1304317141725,-0.447233491439192,1.62772779235817,0.23088600896648,-0.194573414000807,-9.15447232140087
0.669039972363918,-0.36743919732435,0.0429663316468401,-0.49734779217835,-4.25045410183954,-0.411769135150086,49.2590574132026,0.321561891475085,1.6963699711477,0.229563293411339,-0.197791337953903,-9.20585956646776
0.670818362958153,-0.366969545198039,0.0436688094484608,-0.496751592885558,-4.25028452356197,-0.410160026558499,49.6890528940854,0.0939520552972226,1.67662146760767,0.229134462228234,-0.196256272662515,-9.21170857635329
0.672572389078052,-0.36624032503212,0.0442468490754169,-0.496297977026035,-4.25016793087867,-0.408618325918273,50.0297943026363,-0.238357688310089,1.86540328802494,0.230953976858553,-0.193395438038736,-9.21888344760852
0.674259915643493,-0.365268964256956,0.0446796937296846,-0.495975094820762,-4.25014760040399,-0.407171497327996,49.1460864097801,-0.606413652386209,1.70315869708844,0.232062293167305,-0.189614550599138,-9.28239210755473
0.675841142438923,-0.364073299884941,0.04494500889985,-0.495769317038225,-4.25026758935004,-0.405848684756156,50.5941787168215,-0.446726657271029,1.7801426645903,0.23529547130601,-0.193486138717319,-9.27774223494555
0.677290442418843,-0.362692386229623,0.0450359771463977,-0.495660105048559,-4.25055319634748,-0.404660082269693,49.994139681246,-1.02072069055498,1.82891816355331,0.231714503276808,-0.195442369586941,-9.32347600175516
0.67859586761886,-0.361171519940189,0.0449532566378346,-0.495626179795323,-4.25101380634644,-0.403602612043378,50.1197451234226,-0.61093622541398,1.74004229586455,0.230466179482284,-0.195429793241261,-9.3198532473253
0.679761378195779,-0.359551336349535,0.0447010252368488,-0.495657806441959,-4.25163596388284,-0.402653187434852,50.6788523695363,0.231047490835181,1.55541216750339,0.229056150261022,-0.187007854384184,-9.30219438854028
0.680796297199747,-0.357883394805352,0.0442936937439755,-0.495734622817902,-4.252400823382,-0.40178704190923,49.6969902540089,-0.223809967985289,1.59837042182076,0.225154433328596,-0.188673111014796,-9.35566318076892
0.68172309061324,-0.356222671819049,0.043758287176806,-0.49583669347994,-4.25327427207751,-0.400971722496148,51.0874573939111,-0.688557561317793,1.69065075561406,0.230272264983929,-0.19332062624695,-9.32686674998906
0.682560321102537,-0.354627193120471,0.043129593218816,-0.495940249407047,-4.25422162785831,-0.400175665333567,50.0167690137457,-0.547277604536021,1.79781206090252,0.233585785758966,-0.196034356425405,-9.36881358312931
0.683330645591599,-0.353157366659428,0.0424507195392982,-0.496018498807674,-4.25520263982148,-0.399366929270953,50.5400140757741,-0.05685317229063,1.92227595075883,0.23520875814676,-0.196316837890308,-9.37081744583424
0.684047278088271,-0.351864582938335,0.0417627933390253,-0.496042950171125,-4.25618651275122,-0.398525358930174,50.9024991706153,-0.69973212661057,1.90249415109164,0.232315053088608,-0.195246152248118,-9.38321568375872
0.684714959071224,-0.350801409286273,0.0411106464165061,-0.495980287451025,-4.2571503179342,-0.397636963027636,50.2717517203338,-0.470253185434331,1.74245418694025,0.231363134971933,-0.194762395873911,-9.43929674328153
0.685325792709036,-0.350021345276826,0.0405389290134374,-0.495790012741182,-4.25808809515055,-0.396703477408921,51.4485394399152,-0.187349710317449,1.71049316282335,0.233929699611721,-0.192760571836019,-9.43149141048347
0.685872609558818,-0.349555598542612,0.0400808976390136,-0.495439649407394,-4.25899897164042,-0.39573553611784,50.7374205296742,-0.324411277668787,1.80024194909311,0.239737747837078,-0.198940217535981,-9.47999953013464
0.686342401925307,-0.349422008533626,0.0397605010366509,-0.494906061362969,-4.25988745498604,-0.394745427286937,51.1939526479099,-0.435689854822158,1.78562501588635,0.243097820786407,-0.197239055899221,-9.49915099508457
0.686720764257737,-0.349627832732324,0.0395929899936366,-0.49416961503366,-4.26076609791217,-0.393751430533964,51.654174652671,-0.714152329672288,1.83291950019117,0.241063082046007,-0.192745708169156,-9.49559105887771
0.687000144242173,-0.350156544674979,0.039577953372594,-0.493231115264163,-4.26163848078903,-0.392761221106752,50.742394373311,-0.867284549399756,1.77574533708145,0.233110417729872,-0.18842462273911,-9.55153980099128
0.687190079545472,-0.350968115484161,0.0397031017465777,-0.492112953559051,-4.26249707847158,-0.391773995204501,52.2376266146403,-0.543505725941486,1.73523164393976,0.233703816048837,-0.192957468443507,-9.52967181126165
0.687304181854064,-0.352017002340562,0.0399501772583344,-0.490843446968493,-4.26333243195581,-0.390785091916502,51.3551957471392,-0.424702795056191,1.74356358563568,0.235213909187293,-0.19715827705559,-9.58218526330374
0.687372559095327,-0.353242885856364,0.0402940986505892,-0.489466543002758,-4.26412413352753,-0.389781067212173,51.7088548557036,-0.30622331986001,1.76870508175492,0.237878618483129,-0.19874627014239,-9.58436027822143
0.687428535874881,-0.354576810907135,0.0407039980316435,-0.488033644275059,-4.26485245422028,-0.388748486576952,52.2005502957546,-0.582378508583588,1.92862250216174,0.239529759951906,-0.197106169400607,-9.58650978166334
0.687501093572676,-0.355961113162216,0.0411527377793141,-0.486591268369422,-4.26550002919524,-0.387671893589698,51.3050400167303,-0.241652670734084,1.93447542047045,0.2321090756992,-0.200401759704544,-9.63396749958573
0.687624890629778,-0.357343566980072,0.0416191818001297,-0.485184956821742,-4.2660475963652,-0.386533633041203,52.531181819282,0.140490131408342,1.89650822366642,0.23759693292979,-0.195765030662974,-9.61208175973593
0.687830578363605,-0.358685826640045,0.0420909229018246,-0.483845260289358,-4.26648793504361,-0.385330598928421,51.7109018987063,-0.289368817718241,1.66259826981349,0.237189492389489,-0.197690660987624,-9.65865922137061
0.688130548248603,-0.359962576884737,0.042559554277638,-0.482589802824884,-4.26683093685212,-0.384069438091588,52.2058042498874,-0.381218196502232,1.75296774357562,0.239403710858735,-0.204014867617701,-9.66374827240419
0.688519961201511,-0.361165753837358,0.0430224443965397,-0.481416880774647,-4.267105315183,-0.382770566454382,52.6456777699204,0.601448641898514,1.77526312987243,0.242385920728694,-0.20143695693645,-9.67479093406013
0.688981479324468,-0.362304506633178,0.043486312539694,-0.480308170534992,-4.26735289655442,-0.381464753553449,51.6908246917815,0.0666140741391246,1.72496218553167,0.237612180358321,-0.195744645357357,-9.73111033386271
0.689484041210784,-0.363391552021126,0.0439554553735961,-0.479236379560458,-4.2676272396088,-0.3801891616224,53.2751779827235,0.00354852930013294,1.82275356936447,0.239082882825873,-0.193739503528921,-9.71075948477261
0.690001651103178,-0.364438693024766,0.0444358684155344,-0.478176147113496,-4.26797048560251,-0.378971918587743,52.3960244307548,0.606034930267469,1.72350481339149,0.23999427217803,-0.195138242784739,-9.75722966605921
0.690505541691005,-0.365451281931231,0.0449291601355735,-0.477105737270977,-4.26842394657702,-0.377839672042709,52.7825545097699,0.354729056869019,1.84307840283503,0.242812450396409,-0.200380095669858,-9.76813375283811
0.690968826399202,-0.366423674469784,0.0454264710141997,-0.476014128433187,-4.26901729614623,-0.376804281425649,53.2604406551393,0.112872630288621,2.01888675024307,0.244033511301506,-0.200604482462405,-9.77338542594583
0.691384650199656,-0.367345807344181,0.045921461624689,-0.474897475809858,-4.26975519657286,-0.375861522104407,52.1369481175748,-0.311991732703746,1.84813332835819,0.239611343805081,-0.203310158114201,-9.83359339951156
0.691765544706753,-0.368182437597858,0.0463961721625949,-0.473780214239716,-4.27061247259366,-0.374982282735471,53.4654909415742,-0.340942128724691,1.83447172837262,0.245562675665832,-0.201472604094274,-9.81952089999247
0.69213761745609,-0.36889901382215,0.0468344186035425,-0.472691623533745,-4.27154777974882,-0.374127171421086,52.8710790683862,-0.184333340129797,1.80813365900505,0.243499923754387,-0.202603407727353,-9.86749655268712
0.692541707286107,-0.369457634761275,0.0472213079411301,-0.47167412556311,-4.27249730161235,-0.373239199142916,53.2720806007188,-0.304579281952556,1.95525636115954,0.246409252110741,-0.204367411550295,-9.87850210245174
0.693026883447511,-0.36983033272324,0.0475493294061031,-0.470767572319437,-4.27338735906495,-0.372256576738772,54.0103937253833,-0.226646675310576,1.95939079106307,0.248249591179333,-0.202714183558464,-9.88794868619171
0.693647938929417,-0.369988184201658,0.0478111476974118,-0.470014439039592,-4.27414249917792,-0.371122705123696,52.8425906649179,-0.598731197965208,1.91429720851198,0.242524900907537,-0.204547071771613,-9.93817342737506
0.694450759770392,-0.369917592770896,0.0480054994458807,-0.469449477404717,-4.27469436801339,-0.369785446646819,54.1488276894681,0.23951821726132,1.85923106921064,0.245578247352759,-0.202006761744457,-9.91802652878899
0.695472282136576,-0.369615863276598,0.0481369291743978,-0.469092377299931,-4.27499486556419,-0.368218458893777,53.2649820684733,-0.0532716283046284,1.72954660717127,0.243884036714734,-0.202987320242727,-9.96155546370009
0.696726087966039,-0.36910884365979,0.0482187329718027,-0.468936223098614,-4.27502521062899,-0.366419300186472,53.6110948917487,-0.0735386733781525,1.71329193759126,0.246681731319161,-0.204223806492627,-9.97232550960085
0.69819987319127,-0.368446110989955,0.0482717884161636,-0.4689494491691,-4.27479877698368,-0.364410981153693,54.4083278349267,0.0732195520652112,1.79816643982321,0.245908743897705,-0.202970366594738,-9.97062756276553
0.699858250801195,-0.367679101290189,0.0483101426780911,-0.469089986091526,-4.27435977131788,-0.362241064895597,53.1916583382916,-0.0901608021945322,1.91046641356215,0.246899080338905,-0.206885675263076,-10.0216982136767
0.701641463915691,-0.366882854581519,0.0483533519513776,-0.469287265669449,-4.27378322516238,-0.359981426997764,54.6362119713388,-0.50589322827318,1.8941557251587,0.248912718710391,-0.202884348283193,-10.0017462743509
0.703484646428901,-0.366118911757914,0.0484120052066328,-0.469477853214981,-4.27315186468263,-0.357708664554283,53.770726207601,-0.759532792731306,1.90304876769844,0.246857686083874,-0.206811851019046,-10.0533152676222
0.705302280698168,-0.36545985723164,0.0484954203737692,-0.469583914819896,-4.27256991015235,-0.355510885995616,54.135756182842,-0.378540101548879,1.88716722022227,0.248223335969928,-0.209014267737367,-10.0668582779468
0.707013444783279,-0.364965856752043,0.0486066626218328,-0.469537438252984,-4.2721334878502,-0.353467676431599,54.8213678287633,-0.61492573191299,2.05462877344371,0.254826883446599,-0.206591534205377,-10.0683400249167
0.70855361867224,-0.364677002053552,0.0487401009389868,-0.469292045747481,-4.27191747223005,-0.351635355806447,53.9106715335842,-0.814506485003903,1.95741389470308,0.25190914254235,-0.206850945022415,-10.1213794945532
0.70986400553508,-0.364624555872458,0.0488878223920928,-0.46881238573684,-4.27198227629318,-0.350053783127317,55.072661236429,-0.50179742918499,2.0018368116684,0.252244069499546,-0.204604642243606,-10.109767670934
0.710922248027027,-0.364820101876152,0.0490422774124742,-0.468088618271247,-4.27234478862023,-0.348730290821662,54.4654154622485,0.230765937918932,1.92472365682929,0.250902360311261,-0.203518260079091,-10.1642521553063
0.711722417964311,-0.365261329344341,0.0491944795642613,-0.467130182233435,-4.27299907625452,-0.347649099691991,54.8249570003795,-0.0884021289411976,1.78614230263165,0.252630713657926,-0.204280377868124,-10.1843179397429
0.712281700852163,-0.365927232567806,0.0493355794736616,-0.465967688570614,-4.27391175896916,-0.34677577296937,55.5888567778286,-0.354730963898646,1.94467081899165,0.257358996337405,-0.207445611509414,-10.1900447517172
0.712649977589396,-0.366779944797601,0.0494593073613389,-0.464657049693429,-4.27501119922262,-0.346046064786217,54.5530052643167,-0.384536630894672,1.89043759780975,0.257797605195379,-0.211057655896434,-10.2548200787627
0.712897576459511,-0.367770867509122,0.049561714200651,-0.463265622541795,-4.27620398429369,-0.345383075129128,55.8897861868182,0.119461596163319,1.99130631398501,0.256262029513785,-0.205082062627757,-10.2294908272762
0.713108709008069,-0.368845701154823,0.0496439210589449,-0.461863503233113,-4.27738868551463,-0.344712063995557,54.9156266043798,-0.329662234641319,1.733896969727,0.258002546561862,-0.204661443282625,-10.2657684614598
0.713360055792289,-0.369959208715288,0.0497131611005974,-0.460511566991274,-4.27847322203513,-0.343965602010401,55.2911128491106,-0.462084379983025,1.88341270826297,0.255904877785914,-0.208434068325923,-10.2811433341748
0.71372754987098,-0.371056863783084,0.0497725159707096,-0.459271793941444,-4.27937325485455,-0.34308738314377,56.0555895097098,-0.298493428781057,1.89636155019321,0.254055019502772,-0.208773484873104,-10.2873651163592
0.714274555376033,-0.372099037412443,0.0498298434201898,-0.458185940270294,-4.28002209600974,-0.342037270788296,54.9704049374444,-0.675979774587177,1.96210370534354,0.256736276440435,-0.212014128027964,-10.3389480504895
0.715036654531322,-0.373065275447061,0.0498951032647657,-0.457268998873054,-4.28038843127782,-0.340802008772223,56.210906499078,-0.350803601803591,2.01571921237013,0.262490855440353,-0.213975356666781,-10.2978532675626
0.71602443694133,-0.373937799414639,0.0499711766989885,-0.456523421746668,-4.2804724044058,-0.339391252369877,55.3202028522529,-0.686205869126979,2.00025785230991,0.258877891968831,-0.208064237381662,-10.346028625011
0.717218559800957,-0.374721895655378,0.0500633910520332,-0.455925246355743,-4.28030472284661,-0.337833868534386,55.896555923251,0.240941877341129,1.97985522396118,0.257265640124768,-0.20931286146181,-10.3702748797816
0.718575018949775,-0.375433433365851,0.0501729817493078,-0.45543418204524,-4.27994335616745,-0.336176319084089,56.5253443650604,-0.0835070811201604,2.00827747275758,0.261157127793037,-0.210242981485118,-10.381322421862
0.720026822394921,-0.376104728879129,0.0503012352506875,-0.454993453653656,-4.2794668366478,-0.334472319012239,55.5462104159901,-0.809835822599098,2.12497241687194,0.263702384973829,-0.212167226744721,-10.4252102951919
0.721484930673911,-0.376770621707168,0.0504425091183317,-0.454545812608491,-4.27896790512175,-0.332775978205477,56.6267636353492,-0.221536965675796,1.97425541456161,0.269953435335988,-0.21425638976187,-10.4010555886406
0.722856273833792,-0.37746689900216,0.0505876942259968,-0.454031961966848,-4.27854508149669,-0.331144834037137,56.0626372209291,-0.184843857874284,1.88893205651425,0.262438694439228,-0.210862575635074,-10.4582630786907
0.724064809705677,-0.378225874029212,0.0507313173281978,-0.45340624858021,-4.27827173621798,-0.329613448202028,56.6005143448776,0.127310139620249,2.03655977187992,0.261998036098018,-0.209105657248813,-10.4832431816076
0.725028980873156,-0.379080331484531,0.0508662551549966,-0.452624983695044,-4.27822365623795,-0.328213746944013,57.0966751415839,-0.0388938451555987,2.06895616672392,0.268906260597559,-0.21283949457009,-10.4871493120703
0.725691402983293,-0.380044109462322,0.0509815177219599,-0.451670398942503,-4.2784472115063,-0.326954413237899,56.1186746316851,-0.816157392912601,2.05690161457446,0.269477883214778,-0.220994280384696,-10.5363166129946
0.726035024560498,-0.38111438570597,0.0510710873229924,-0.450547781949976,-4.27894930158737,-0.325821298229482,57.4759979571507,0.437503231064511,2.05831925995514,0.270487354134875,-0.218697588311803,-10.5018666596475
0.726058187419335,-0.382284507114113,0.0511317063234271,-0.449268997904763,-4.27972490372088,-0.324794733947421,56.6122737794789,0.0120522157553751,1.99345708553247,0.265080144886567,-0.213030446954155,-10.5413572209692
0.725800868464143,-0.383524078225737,0.0511618809257973,-0.447873825990302,-4.28072795193977,-0.323832287117694,56.8625092222856,-0.580307646371011,1.90875511233452,0.2637020460134,-0.211122923367777,-10.5407146128939
0.725323734961391,-0.384787954362089,0.051158747765908,-0.446410692610619,-4.28190411462285,-0.32289535376699,57.3440240167249,-0.280793110342984,2.07557358460193,0.265007461665598,-0.21144753031887,-10.5328829749143
0.724704740732105,-0.386030395854352,0.051125819807411,-0.444929224296165,-4.28318769856857,-0.32194565149723,56.3490122346284,-0.234372210247784,2.02828336501585,0.266834677885172,-0.216546718738774,-10.5853739611276
0.724026894511708,-0.387201433148626,0.0510654334084782,-0.443480343757451,-4.28451098336468,-0.320947453444196,57.7104374095999,0.0190081579219168,2.15073031944149,0.269699096679129,-0.21630278638668,-10.5727808820658
0.723383030694804,-0.388249031348275,0.050982236529267,-0.442109820479614,-4.28580880230082,-0.319878347603847,57.109891041412,-0.102892972127393,2.01809748896619,0.269460595583925,-0.218685902305801,-10.6358533712554
0.722851308318822,-0.389124430297205,0.0508785937783874,-0.440855339780257,-4.28703167346888,-0.318729283606986,57.522677211383,-0.579103568379878,2.09759505647159,0.268382378545927,-0.213562776599123,-10.6597155427191
0.722502275694129,-0.389786450232835,0.050756875943142,-0.439745385333332,-4.28813696751824,-0.317496842894768,58.0867710239323,-0.975304228027881,2.16677933828487,0.271291843284607,-0.214096355218933,-10.6754353035952
0.72237771708533,-0.390218082119382,0.050623449851129,-0.438781827494602,-4.28911111563916,-0.316199940712977,57.1125179099014,-0.824489658573611,2.04427236029923,0.269037346109433,-0.217634870338416,-10.7247566555184
0.722498682655303,-0.390412585427471,0.0504830017821273,-0.437958173341295,-4.28995363662582,-0.314860843371175,58.4907369913529,0.214975195323177,2.02905946666786,0.272305470554798,-0.218784123170935,-10.6887361216741
0.722874697794396,-0.390367736107995,0.0503367530161626,-0.437265367012675,-4.29066425806455,-0.313497743276338,57.3751921348602,-0.826180200448107,1.923297313381,0.265814335147198,-0.214038785102023,-10.717095774178
0.723492992737562,-0.390101718905587,0.0501896634559623,-0.436678972590979,-4.29126041197207,-0.312137571828995,57.6824466001489,-0.913500961725731,2.01464215953246,0.259265269293448,-0.212538521983945,-10.7078540862504
0.724319650286602,-0.38964361415464,0.0500453269690779,-0.436171957208341,-4.29176563194132,-0.310800177147414,58.0729899043926,-0.772313777997852,1.96822667478992,0.256457629399913,-0.210514457622212,-10.7066251432097
0.725311155217432,-0.389028609160373,0.0499053018981826,-0.435713339315925,-4.29220694770822,-0.30950343873801,57.2658592088745,-0.52290857930484,1.91381962974529,0.255837581647517,-0.216751322385892,-10.751614443675
0.72642921221124,-0.388296325342491,0.0497750480851237,-0.435280652966063,-4.29259565090187,-0.308246951869866,58.6322027909125,0.115153378014384,1.98036846284003,0.264294632762827,-0.221333101348626,-10.7523510033652
0.727632958447983,-0.387492229252576,0.0496619782175186,-0.434849543236812,-4.29294341788269,-0.307028183918624,57.991631063276,0.115377088397963,2.03291801858521,0.266788989530626,-0.225191092707714,-10.8197699483973
0.728880583140502,-0.386656593807036,0.0495691064260787,-0.434405183085465,-4.29326265851798,-0.305839558870267,58.5423505176201,-0.530919888931066,2.11239901626115,0.264396571634556,-0.218851081490897,-10.8419412431373
0.730138102571289,-0.385821692607635,0.0494974207541641,-0.433939172873841,-4.29356091846658,-0.304671608598791,59.2055306923111,-0.250083948093561,2.03617358134852,0.26551741067077,-0.215924138294118,-10.8623880809582
0.731377759163175,-0.385022767825591,0.0494525184137762,-0.433445372725314,-4.29384038763626,-0.303508444019073,58.1997127689872,-0.391068479881824,1.92609220967043,0.265369215983788,-0.219329893975181,-10.9336738319338
0.732574086426872,-0.384280019406077,0.0494313352720137,-0.432924571878714,-4.2941111152541,-0.302342666823549,59.7806499078296,-1.2678634692129,2.01198480026775,0.271419909233592,-0.218458270084601,-10.9142703598252
0.733716843665045,-0.383598485182381,0.049427993452631,-0.432389466303242,-4.29437206629782,-0.301162349718346,58.7677682153412,-0.677176825848846,1.97788798209163,0.271396348829547,-0.217891000472541,-10.951651018637
0.734795290943206,-0.382973347037943,0.0494289001809484,-0.431852404127381,-4.29463087208088,-0.29996562604052,58.875709723479,-0.123477233239782,1.86903025915441,0.269338742400061,-0.214123686055323,-10.9474685989706
0.735799318598792,-0.382405387880208,0.0494261498383781,-0.431322090208611,-4.29489576005566,-0.29874972873159,59.5892538858689,-0.076730705397722,2.03695969175641,0.263031348797239,-0.210454060163245,-10.9398080255073
0.736716578646575,-0.381881902995577,0.049404019185027,-0.430808668777359,-4.29518153547288,-0.297521418057598,58.5137067194344,-0.918076121746253,1.91996038693904,0.263636655945239,-0.213310349586759,-10.9897733527203
0.737527087412129,-0.381403027428579,0.049350716489493,-0.430309021524264,-4.29550998488149,-0.296291355074486,60.0493764239282,-0.435817828521294,2.03872827743515,0.27115083066298,-0.218689005620856,-10.9528249188271
0.738221135032152,-0.380956716343729,0.0492502388416692,-0.429827012393458,-4.2958924840722,-0.295065171685543,58.6001027880725,-0.665147082485419,2.06721457633276,0.273077334997626,-0.22295039737174,-10.9928822870229
0.738780141111952,-0.380547219658469,0.0490953917000327,-0.429351808302153,-4.2963442892551,-0.29385166481143,59.3620401836105,-0.239858328985974,2.09977270603983,0.269311038643957,-0.22358887466315,-11.0096251445363
0.739191271842073,-0.380185292031415,0.0488851274534104,-0.428865968131881,-4.29687647267939,-0.292660234465393,60.1727351156457,0.324457502145378,2.08817420101423,0.268652233155024,-0.217591070022727,-11.0528764224783
0.739437743894593,-0.379887329832604,0.0486205989569865,-0.42834903835581,-4.29749909360707,-0.291496203403333,59.4939002397105,0.31911658001377,2.08558954123063,0.271253325448762,-0.219448822615645,-11.1205077890266
0.739501990482832,-0.37967420682671,0.0483059819714137,-0.427776296500128,-4.298225572784,-0.29036795888823,60.5276222354474,-0.397169020544197,2.05427029211319,0.280171073317201,-0.221740443144151,-11.0888752341904
0.739388318896205,-0.37956746304148,0.0479545164080087,-0.427125711536051,-4.29904865841538,-0.289275957274052,59.4777485267228,-0.0151163985385665,2.13446834470653,0.28041432589342,-0.220066333194235,-11.1266105698976
0.73910879443098,-0.379590602990174,0.0475848684732699,-0.426373661186125,-4.29996089225499,-0.288224598478467,60.1202657092992,-0.143874338757769,2.06265468139372,0.274873542916984,-0.21445528083958,-11.1446809692437
0.738672821837793,-0.379751463730411,0.0472062927040856,-0.425507387480515,-4.30096158351165,-0.287222972373857,60.7195853262005,-0.351653396629672,2.05936185996424,0.267740307621584,-0.210433590344131,-11.1591145880693
0.738107383532691,-0.380044246440271,0.0468280660827863,-0.424529451281695,-4.30203739933398,-0.28627453562093,59.8809105990863,-0.330285697818908,1.99028504401625,0.267826265283176,-0.21788212394802,-11.208441358618
0.737450243507816,-0.380445591507682,0.0464527917094335,-0.423458238874201,-4.30316676678365,-0.285376822810291,60.9362824198178,-0.762586829253451,2.03391954216497,0.27929244722008,-0.225268681622264,-11.1622301676894
0.73675641909242,-0.380916544080227,0.0460813987836869,-0.42232526660313,-4.30431472829847,-0.284522089004732,59.9955389569605,-0.82250902611122,2.17014320833641,0.279276997497363,-0.222267272193913,-11.2039731612025
0.73607495942006,-0.381412141914025,0.0457103240369098,-0.421168434733413,-4.30545200575862,-0.283702219035129,60.6357057559637,-0.0116592101069273,2.2586673892522,0.269996071338739,-0.219569658909018,-11.2321522053391
0.735455990982848,-0.381873654695848,0.0453282789053857,-0.420037417778868,-4.30654745080299,-0.282905579273079,61.2366781677585,0.549881445441997,2.10448007209226,0.269979071734515,-0.21996719040294,-11.2412569992843
0.734949245538636,-0.382250441255103,0.0449293480712513,-0.418979475798169,-4.3075627761203,-0.282110301984309,60.3410757305751,-0.422242192439171,2.24962449336869,0.274547080723737,-0.225348132248709,-11.2969050871189
0.734589847999794,-0.382493934622264,0.044503021735064,-0.418040799282006,-4.30846716927233,-0.281292020242368,61.7558815227023,-0.710115081796175,2.20044042625429,0.281596063642196,-0.230672288798289,-11.2943583479665
0.734408298454737,-0.382555100290928,0.0440358590143788,-0.417266190462696,-4.30923280237364,-0.280426589873175,61.1007045420845,0.0617650182546186,2.11308057808449,0.282144791783028,-0.227595583408667,-11.3583657072902
0.734418987620661,-0.382410716807252,0.0435245622439296,-0.416684289986799,-4.30983633212144,-0.279483689539263,61.262698721176,0.290687548008236,2.26358941258562,0.279654039589905,-0.21981189833197,-11.3660556616724
0.734619177814229,-0.382059299297561,0.0429717504585741,-0.416305005329468,-4.31026732483276,-0.278439000911842,61.7589176869078,-0.138126218842444,2.05800639568898,0.279765782499728,-0.212955732430395,-11.3564929350083
0.735001038609077,-0.381528402803696,0.0423929856274087,-0.416113656778207,-4.31052366787832,-0.277274651509923,60.7756717907646,0.230796344180362,1.93955468327579,0.276224528081426,-0.215953871329125,-11.4204975605319
0.735537151706076,-0.3808614497501,0.0418066796595076,-0.416081967231976,-4.31061790155392,-0.275977570031754,62.4394082126396,-0.221253773317358,2.04122938434429,0.280090950782366,-0.222061200902864,-11.4010319446242
0.736192974285107,-0.380114586935901,0.0412336480587934,-0.416165067489258,-4.31057729199055,-0.274550952974084,61.3459908957279,-0.560786142506686,2.19369743042441,0.280533090397045,-0.228311057872408,-11.4417294027699
0.736940942146957,-0.379347879772624,0.0406985555390604,-0.4163143693785,-4.31042934371938,-0.273002311566945,61.7697680429282,-0.0603010831844131,2.16361727512981,0.279755245960907,-0.227978746506913,-11.442032556444
0.737741787843386,-0.378626161545053,0.040223734615471,-0.416472410886225,-4.31021594351414,-0.271350586550915,62.2517578300216,-0.166201564316225,2.10664974449114,0.276820484723209,-0.222318232323797,-11.4420044299081
0.738561633517324,-0.378002449548033,0.0398243831243181,-0.416583621255827,-4.30998794155619,-0.26963189973288,61.232497398103,-0.994881392284242,2.2507787345273,0.277156362736867,-0.225243590313939,-11.5064819129385
0.739383532320857,-0.377505348968082,0.0395072039164025,-0.41661245270204,-4.30978207191677,-0.267877957436757,62.8946807654715,-0.694393763644939,2.3735846152403,0.281685562437513,-0.230690062432521,-11.5033449037332
0.740188903136386,-0.377166408119589,0.0392795070560666,-0.416518032944963,-4.30964251743348,-0.266130051495374,62.0287629548879,-0.0998443178152684,2.21326943171167,0.283666935773994,-0.236391041289158,-11.5579243298256
0.740977865461248,-0.376977469378968,0.0391316876458057,-0.416293197660811,-4.30959269954278,-0.264419265818208,62.2984589342914,-0.187307941462223,2.15238005300279,0.288390794627317,-0.234997094258924,-11.5583295108381
0.741757835658567,-0.376914647574401,0.0390479925328893,-0.415946262836529,-4.30964598727104,-0.262769702493163,62.8505844247605,-0.242991338212278,2.12798927662109,0.287559405085555,-0.223568395831442,-11.5613451187605
0.742538110585477,-0.376951230277351,0.0390123071401955,-0.41548874075478,-4.30981136339975,-0.261203737993459,62.074865998783,-0.206015566272754,2.20455759760571,0.281039250152177,-0.219208468984437,-11.6224074181171
0.743331610739887,-0.377053913510018,0.039007961634503,-0.414943821155676,-4.31008507772523,-0.259732668749171,63.5899828113034,0.440978793124714,2.18113427092632,0.285617063770016,-0.219427458824452,-11.6083049777725
0.744160469270929,-0.377188785093407,0.0390221576101871,-0.414341273121679,-4.31044650372104,-0.258354370955046,62.4612540084278,0.215180652821118,2.18844193330054,0.288214270222686,-0.232999808589591,-11.6556521577614
0.74503287788196,-0.377327665653752,0.0390416121723983,-0.413708253246929,-4.31087885117957,-0.257063814755652,62.8581212641666,-1.1699993397267,2.26994308005456,0.290117315618501,-0.236259526346996,-11.6552357850357
0.745964648850103,-0.377450813077852,0.0390630120970868,-0.413075931329745,-4.31134669508317,-0.255837605200518,63.4912944435624,-0.575278115042693,2.21980812889925,0.287433637898108,-0.228210540062781,-11.660036829275
0.746958002976586,-0.377557932585079,0.0390891470871838,-0.412459606791815,-4.31182343276071,-0.254654514892315,62.6691550298131,-0.0149144710089786,2.16961886025598,0.281649494914818,-0.222555774901926,-11.7250479792731
0.748007021289888,-0.377662772549568,0.039128262384708,-0.411864086512102,-4.31228726159804,-0.253493739228398,64.1388704625401,-0.393449676164664,2.18211745204161,0.285603204877619,-0.227027814407447,-11.7158974647571
0.749107009603728,-0.377782398122301,0.0391919426108484,-0.411295868386468,-4.3127077889193,-0.252323702403055,63.1158297113378,-0.698053106896623,2.22301393381289,0.294947831047061,-0.231812663543291,-11.7611979864872
0.750245621316635,-0.377928998766151,0.0392818621550776,-0.410755269537844,-4.31307166858308,-0.251128416793391,63.5276857663782,-0.300339084130428,2.18906479122589,0.29257215891173,-0.237299213623657,-11.7668123941609
0.751395508365609,-0.378128685731168,0.0394022332652592,-0.410230182760708,-4.31338043528805,-0.249897643526971,63.9386033360759,-0.303174230317154,2.16981036701134,0.288665841171206,-0.235129322923432,-11.7840545299823
0.752534688590079,-0.378391453364348,0.0395478445833187,-0.409715738205229,-4.31363404394553,-0.248623272685845,63.1705384744541,0.751526314681996,2.11331732333301,0.282612508864642,-0.227523997164963,-11.8401553175581
0.753640452057891,-0.378725895484532,0.0397091168635167,-0.409204006014233,-4.31383929988616,-0.247302475950797,64.4418099684409,-0.328960002059375,2.13304397644467,0.289037160813741,-0.223269054857057,-11.8037727394659
0.754698821212883,-0.379125965046327,0.0398707305425856,-0.40869629301767,-4.3139990373318,-0.24593297552701,63.588442847986,0.0430718266486565,2.20893906371847,0.291058090184275,-0.22922837024714,-11.8496720767128
0.755696819597738,-0.379578981229724,0.0400118433070269,-0.408193340083914,-4.31412593608718,-0.24452268404578,64.1181799595913,0.427955006739921,2.1883233630883,0.2907692971735,-0.235638876083391,-11.8589119021941
0.756613265228924,-0.380064310060261,0.0401046881664384,-0.407697140512643,-4.31424392695723,-0.243088621786708,64.6261094392934,-0.0790106882025157,2.17597799685166,0.287468360420685,-0.231908136847178,-11.8651724092718
0.75745249208038,-0.380559573247282,0.0401311012599522,-0.407217329938497,-4.31435333769891,-0.241633684922628,63.6105073482872,0.0956782228561224,2.18255263589299,0.281974931099723,-0.231455798334272,-11.9145053091358
0.758217529671309,-0.381033813997739,0.0400689743651524,-0.406766358206802,-4.31446213370063,-0.240169168081625,65.0433430522377,-0.539662921797117,2.15168204414397,0.284648537205134,-0.231593407086692,-11.8997621637199
0.758920685510571,-0.381464540052402,0.0399089870044657,-0.406354103468377,-4.31457047752421,-0.238702610745979,64.0287319259085,-0.74447151099298,2.23840684426108,0.29037472019387,-0.234251092342972,-11.9606060599269
0.759573438903733,-0.381838953796649,0.0396502220855178,-0.405980853351965,-4.31468361451355,-0.237248089612309,64.774563724748,-0.148341601261563,2.32448176459272,0.298717337592071,-0.240086814242569,-11.9809174063527
0.760197202243911,-0.38214212887682,0.0392962951040541,-0.40565364926433,-4.31479570222747,-0.235811017234436,65.3146967435726,-0.330962221992195,2.27223643889644,0.300841442153102,-0.236003717788517,-11.9815703867744
0.760811284354009,-0.382360751861555,0.038855212019179,-0.405375707848063,-4.31490458114972,-0.234400526352388,64.283302922668,-0.0794190911897203,2.20020521669184,0.292041708522592,-0.231596179136984,-12.0259871700412
0.761437375244236,-0.382497402519753,0.0383484816618365,-0.405144549981674,-4.31500099068409,-0.233017233482551,65.4012407788111,-0.451909504384503,2.28556999607514,0.294409466764907,-0.225526593914077,-11.9941198343099
0.76209333369868,-0.38255306083161,0.0377952162476188,-0.404956375162388,-4.31507957591519,-0.231662931326796,64.5495642006516,-0.358338489150356,2.24237080820541,0.291120930840137,-0.228692513006573,-12.054726675755
0.762790282366011,-0.382519213838565,0.0372092253522796,-0.404815384796357,-4.31513420875769,-0.230334508842162,65.4034576305582,-0.45833992679286,2.18783647497946,0.294605516314153,-0.232138941660363,-12.1023770144205
0.763546026867109,-0.382394671762544,0.0366091068835085,-0.404722617359506,-4.31515138882623,-0.229021662553038,66.3474451821,-0.101907189011399,2.28354720048426,0.302934404443375,-0.236739312771567,-12.1450903119503
0.764362775134452,-0.382174245940622,0.0360058907851724,-0.404681442375559,-4.31512436594591,-0.227711290678159,65.1337085492772,-0.325484785242679,2.32121683283239,0.304668042029128,-0.236014169586271,-12.1825520551739
0.76523478155021,-0.381854981987718,0.0354073505751341,-0.404696056668325,-4.31504977307911,-0.226385863938246,66.0075198685797,-0.259951824929658,2.3839949536202,0.303366618088235,-0.23051476551602,-12.1311682760624
0.766157679548663,-0.381432356765018,0.0348183495444337,-0.404770760988343,-4.31492031990584,-0.225025283130119,65.1530670284101,-0.049179744727553,2.28830773939356,0.291570270834831,-0.229243275017644,-12.1818119527662
0.76712684936505,-0.380914062254785,0.0342495208299921,-0.404901167485997,-4.31473124666211,-0.223612036082968,65.9738716115809,0.087399820242581,2.17761496336303,0.286498790955733,-0.233846940300421,-12.2291607369475
0.768126927763926,-0.380308586235723,0.0337068119237137,-0.405083667936732,-4.31448200487819,-0.222126199130818,66.960138855017,0.138183370778279,2.25698088094157,0.293060054708479,-0.239072182357012,-12.2395684162036
0.769139751280612,-0.37963786049937,0.033201362761758,-0.405301908570786,-4.31418144312251,-0.220558432849029,65.3959465510666,-0.316516802693741,2.2745741894249,0.30253830599311,-0.248063918017304,-12.2620976306118
0.770147104362528,-0.378930005505316,0.0327478157414035,-0.40553387176701,-4.31384314559471,-0.218907294849292,66.5397747430629,-0.16990795525885,2.35751276187983,0.302754063333868,-0.239386408864504,-12.2069241212576
0.771137039251347,-0.378226248085046,0.0323694029348038,-0.405745588977921,-4.31348096319013,-0.21717897956747,65.5464536405674,-0.460024527890482,2.27248213865985,0.291001554406093,-0.225713260990749,-12.2834178354332
0.772099315645479,-0.377570449105608,0.032092357531204,-0.405901104517537,-4.31311330491971,-0.215387808431809,66.6369530566411,-0.189112888810087,2.19529338998422,0.28749181623104,-0.226983499670308,-12.3109767106467
0.773025528970221,-0.37700804985159,0.0319434239405498,-0.405957588543223,-4.31276775976165,-0.213563602372127,67.1430449336803,-0.0145358190811748,2.18890942622897,0.297486680760335,-0.241684529469376,-12.3245181035597
0.773918663650372,-0.376572843157428,0.0319465369327931,-0.40588151822247,-4.31246253815863,-0.21173552637303,66.06164148951,0.0219734519703252,2.22521602020282,0.304146760873573,-0.251727839218328,-12.3609868164875
0.774773669563497,-0.376291452109406,0.0321185596523242,-0.405642528852519,-4.31222637584009,-0.209941352414548,67.3497977830052,-0.304048504046023,2.38527359169626,0.306028431678582,-0.24163754795224,-12.3471668110949
0.775592049355641,-0.376170786734278,0.0324650418097483,-0.405221427461909,-4.31208801958627,-0.208224319569353,66.6398558899175,-0.0510201347913153,2.46712848037774,0.297450764785101,-0.23025985479017,-12.4133485761515
0.776386855372514,-0.376199271641642,0.0329837875596526,-0.404618234512025,-4.31205751959743,-0.20661297766134,67.1521094691801,0.443486685964444,2.38507723542321,0.298005729315405,-0.225757071214328,-12.4214653916493
0.77716885169054,-0.376352268812452,0.0336620620867196,-0.403848060068481,-4.31213611262686,-0.205121241330615,67.4712326189659,0.0305148121681214,2.32191163667724,0.302877931146064,-0.237340260366268,-12.413273223664
0.777952421916737,-0.376597856626923,0.0344819278273717,-0.402935123546875,-4.31231763608961,-0.203755050253878,66.5923561440783,0.161807169046824,2.31283198222849,0.309106348437044,-0.25371801344161,-12.4509193575549
0.778746431957329,-0.376884208767388,0.0354087061144439,-0.401924085808932,-4.31258929129944,-0.202504524831033,68.0252806465384,-0.0290715161488606,2.36060316751502,0.304724440905232,-0.248965219877308,-12.4317818601381
0.779559430823204,-0.377168107663731,0.036410222332516,-0.400856885772473,-4.3129282434615,-0.201347955648606,67.042515217432,-0.0523877177915892,2.17247993278201,0.298179688512589,-0.237804426850983,-12.4878443321252
0.780407199680485,-0.377403387866027,0.037452495072926,-0.399785967034071,-4.31329883744044,-0.200248704918858,67.4922182609759,0.081054692072712,2.28135012195557,0.296560371530078,-0.230993238444564,-12.4910904936623
0.781288330713192,-0.377546284884399,0.0384947642273766,-0.398763536820379,-4.3136728185012,-0.199165735096521,67.8352737116741,-0.569623131415028,2.48047002237655,0.307815780007028,-0.233825731210994,-12.4914627329693
0.782204702551428,-0.37757268167117,0.0395062211102649,-0.397828194045626,-4.3140196050614,-0.198058248135967,67.0568748974592,-0.248676352139455,2.38449847453111,0.31074071659604,-0.248279494321287,-12.5425564360614
0.7831571268073,-0.37747209006427,0.0404632891829059,-0.397010958343729,-4.31430796587629,-0.196884115991711,68.4867069273844,0.0169487382988791,2.39385868366131,0.308093204920621,-0.251086371810875,-12.5366058714481
0.784140724207661,-0.377254642378773,0.0413512865207566,-0.396320142590453,-4.31452246788015,-0.195619603516812,67.8702592262421,0.18308101950538,2.31960630659364,0.298292710096311,-0.243940284654635,-12.5912912773883
0.785144901822824,-0.376941508795847,0.0421593880322257,-0.39574971532439,-4.31466176489733,-0.194256872176208,68.1770971620559,-0.666668193482792,2.38974492465974,0.29710320238412,-0.238186117368771,-12.6089533996765
0.786159156905965,-0.376554425238732,0.0428791388394143,-0.395291725155184,-4.31472932870385,-0.192795440653663,68.7571447765015,0.01055668937056,2.40689646716561,0.30395745703634,-0.239196587727893,-12.6191174092754
0.787167664465279,-0.376119449535487,0.0435027191890803,-0.394923837857886,-4.31474698017432,-0.191257000037284,67.775520793134,-0.0696500780763927,2.39903111733625,0.309677600151848,-0.244108129628123,-12.6842449763562
0.788156589059775,-0.37567880695075,0.044035374819722,-0.394608175254298,-4.31474048154747,-0.189672933748832,69.161449934386,0.342961538208328,2.31469204780248,0.315238071868794,-0.246119425784826,-12.6719483847277
0.789120351380949,-0.375260547824684,0.0444799893802489,-0.394315409949308,-4.31473310056066,-0.188077966071703,68.4002081433819,0.036050666901474,2.37079688887718,0.306041876214234,-0.242801514261326,-12.7240117857913
0.790044089379165,-0.37488429084336,0.0448324696742411,-0.394018006268062,-4.31475819055581,-0.186512499719509,68.7000349743429,0.385059607115409,2.27661243549974,0.301178001632241,-0.242423168537763,-12.7385506364643
0.790921189469675,-0.374559490766703,0.0450903483815844,-0.393700925833395,-4.31483334259417,-0.185004627827292,69.3687772029126,-0.340010617365806,2.41929905033123,0.301177230331716,-0.240880949540483,-12.7408231769177
0.791751843587027,-0.374294441711836,0.0452554466103896,-0.393356120593709,-4.31496331353378,-0.183567228659224,68.3284452986883,-0.719909774601319,2.33677302171822,0.309363728059905,-0.24695400167841,-12.8030002510701
0.792531345320081,-0.374091691774737,0.045326670331016,-0.392981396820211,-4.31514843093444,-0.1822043449109,70.0687239504837,-0.0390539185557373,2.4122244700992,0.317485890353674,-0.245020593424774,-12.7937617908898
0.79325896877218,-0.373956015722404,0.0453100334665554,-0.392584394201901,-4.31537167257976,-0.180896788059082,69.0918239507609,0.110620991616315,2.44723361450045,0.311740856170752,-0.242584650969266,-12.8464687878341
0.793936874928704,-0.373886237487813,0.0452109035963478,-0.392180873359311,-4.31560523635929,-0.179613990618802,69.290558998738,-0.331091026253716,2.44937119629034,0.306226199018894,-0.239601346465936,-12.8440603365752
0.794561258686411,-0.373889820243265,0.0450395390999076,-0.391783260401513,-4.31582290285935,-0.178319413940078,69.8534863521632,0.367699398824698,2.29545316587681,0.304054092862835,-0.244307935218553,-12.8418631174277
0.79513428112576,-0.373977600895893,0.0448120380954828,-0.391405175942844,-4.31598857744405,-0.176967248624445,69.0339896667634,-0.61748731603393,2.37013667562877,0.305957824560515,-0.248563424196522,-12.9010639700498
0.795649574253778,-0.374174436670144,0.0445502783809745,-0.391046289922355,-4.31607656994602,-0.175519065417978,70.492696256968,0.0192621686560415,2.43647782002702,0.31539899451343,-0.249722574930982,-12.8998214352021
0.796103410817078,-0.37450713377623,0.0442795713418196,-0.39070034850875,-4.31606804704523,-0.173947076231074,69.7794126366704,0.290093727682915,2.47702731959978,0.318249617587667,-0.24834308265704,-12.9715833950007
0.796502759584746,-0.374995439408854,0.0440254579365117,-0.390358697780057,-4.31594871552688,-0.172236561699881,70.2503441518994,-0.302580833127649,2.40724061846299,0.315986199754247,-0.247541218445299,-13.0004290187529
0.796839454423464,-0.375654437963007,0.0438034849033568,-0.390002405241589,-4.31573328926391,-0.170399257103198,70.8303124833573,-0.237280074393311,2.39284862926448,0.31853959187203,-0.243707806803901,-13.0125709048108
0.797126505576596,-0.376503163046586,0.0436397846841155,-0.389604502713907,-4.31543048029072,-0.168454434502334,69.9131309667034,0.166938338413047,2.38177748430775,0.314168835272246,-0.24406801913961,-13.0671363650151
0.797380272046956,-0.3775368774639,0.0435465795366073,-0.389144186891598,-4.31506168871037,-0.16643909447959,71.141804095636,-0.451488845362064,2.49721153214591,0.316157470891198,-0.247541619343765,-13.0441462935856
0.797615471471153,-0.378737744997045,0.0435267897875079,-0.388600376476268,-4.31466162535067,-0.164405927744899,70.1866927390546,-0.111963732196955,2.37965583565904,0.313344546923282,-0.248509807104065,-13.0872824206522
0.797857348020201,-0.380071775067018,0.0435780431045572,-0.387961105305336,-4.31426274748549,-0.162409948650887,70.7655161317915,-0.660275659759463,2.39574825735201,0.310731375053162,-0.248187363666357,-13.0961577142293
0.798138151812022,-0.381488745483153,0.0436895190431583,-0.387225718006862,-4.31389175093915,-0.160501357333213,71.2372360158711,0.209587089791739,2.44651616680449,0.31224646098917,-0.244701483799743,-13.0894052813041
0.798484168997412,-0.382924591000785,0.0438402869340888,-0.386404316482888,-4.3135754916591,-0.158724619501065,70.1106276484979,-0.200357824964158,2.32028812163409,0.310392695073648,-0.248698587499362,-13.1341665607337
0.798933927281273,-0.384299009328,0.0440049174368776,-0.385531676993402,-4.31331604234333,-0.157097885658798,71.5707774825902,-0.516747825383618,2.45557901591354,0.31194860073492,-0.246269362835114,-13.0911893147022
0.799522478847153,-0.385538734344589,0.0441606414737511,-0.384644626497092,-4.31310984194015,-0.15562690799569,70.403064428601,-0.574236565751107,2.46331387774688,0.313826622898911,-0.254797227491056,-13.145091436932
0.800277781416809,-0.386562487714334,0.0442794888782284,-0.38379885144947,-4.31294004764939,-0.154295242634493,71.1503108356366,-0.0671472960316351,2.45294968465316,0.311604265718852,-0.252881027575826,-13.1770881951959
0.801223691842834,-0.387311670607215,0.0443438252836244,-0.383041852834568,-4.31278580099629,-0.153076269709058,71.8759072701694,-0.660625442123546,2.57226749465423,0.315121835097183,-0.253590961995552,-13.1984723768231
0.802363389196516,-0.387738760565876,0.0443366315762842,-0.382423072138026,-4.31262585595669,-0.151929554533433,71.0537251676379,-0.657631916352784,2.46839236432552,0.319909573671654,-0.251933355997756,-13.2512299749702
0.803691122838196,-0.38781989946105,0.04425162651222,-0.381985052800602,-4.31243678417186,-0.150805471676759,72.2222609880827,-0.729271378846988,2.44838684113523,0.325376079315983,-0.24759525666932,-13.2405486997879
0.805189213506092,-0.387568372574004,0.0440990563084095,-0.381742207565713,-4.3122055027659,-0.149664116981329,71.4390667998435,-0.18121511841332,2.4278843637974,0.320204909739664,-0.246785151099445,-13.3076027963364
0.806836313799104,-0.387014539758773,0.0438952851659611,-0.381698630105017,-4.3119216811804,-0.148469611167129,72.0925492033055,-0.0867721431829978,2.51364037497967,0.320302031245954,-0.249160845610892,-13.3196225966144
0.808588368719532,-0.386229319826692,0.0436722077990043,-0.381827168833518,-4.31159015769904,-0.147194636608185,72.3927111241564,-0.322731036902724,2.44434162708791,0.318952833936835,-0.249422382298634,-13.3122904074897
0.810402020366926,-0.38529312453583,0.0434636127236979,-0.382083511624051,-4.31123030469724,-0.145834641708457,71.3858027130474,0.252291652359645,2.34507060424102,0.318113785632586,-0.253713644503734,-13.358272728256
0.812222070166911,-0.384288948000703,0.0432982305229858,-0.382411342573172,-4.31087855741794,-0.144404972204335,72.7368894008644,0.703157878084767,2.44205059539391,0.319820485581885,-0.249327466303709,-13.3273042596352
0.813996619416654,-0.383304582433214,0.0432054503753206,-0.382743746881263,-4.3105724081376,-0.142929479106747,71.8049627659393,-0.576940582283896,2.46742711703143,0.317811123112605,-0.24909817006673,-13.3750898317309
0.815678728388966,-0.382418634569113,0.0432074716080407,-0.383015776737251,-4.31034940146465,-0.141437293243695,72.2679381804003,-0.244825909742303,2.49640863952771,0.317635664144579,-0.252109360813668,-13.4059395373402
0.81722561144233,-0.381695436300655,0.043316510986533,-0.38316407685416,-4.31024905964484,-0.139966957535842,72.9462553878437,0.363584160043956,2.5199516388659,0.320912615752273,-0.2535774906534,-13.4226221576519
0.818613298499515,-0.381164744546169,0.0435290879788286,-0.383148628095697,-4.31029593117818,-0.138552229048672,72.1625999300904,-0.775982747447415,2.53769981379153,0.323636255200837,-0.255343192702211,-13.4812269486702
0.81982479128394,-0.380822752785871,0.0438228319898644,-0.38295302167612,-4.31050609598359,-0.137221763956842,73.5330672519104,-0.296563646466666,2.61912826896918,0.326565218192412,-0.255630659029272,-13.479750266093
0.820855012948541,-0.380646022902649,0.0441687172856544,-0.382578290686841,-4.31088386370281,-0.135995802259729,72.9410389549168,-0.052151466469013,2.55658233937453,0.321905066403227,-0.250671025562267,-13.526136529663
0.821721121931613,-0.380586239309453,0.0445304147992571,-0.382050492091568,-4.31140992811249,-0.134878233717755,73.0219046045786,-0.195715747446911,2.57549529342597,0.320961223696724,-0.24806140528069,-13.5456509728813
0.822455773065059,-0.380572093548228,0.0448638201161955,-0.381420327381883,-4.31204473103099,-0.133854562195695,73.6479507972522,0.196482392643929,2.53018754272262,0.322351761033071,-0.249959896536895,-13.5542122036676
0.823096981213108,-0.380541298998613,0.0451342525403399,-0.380740573224917,-4.31274255208948,-0.132901470317981,72.7428984699897,-0.222258727526651,2.5095541211561,0.324075265649733,-0.253322050808032,-13.6228077798579
0.823691509396587,-0.380418320675238,0.0453039924731036,-0.380081976022186,-4.31344788134022,-0.131984778006003,74.4200918137009,0.307676023408249,2.50956554025532,0.325458627630186,-0.255567797669505,-13.6110414402555
0.824276551987277,-0.380168834794663,0.0453593667291638,-0.379485826354522,-4.31411841662357,-0.131078769670515,73.4098285825085,0.422824368321244,2.44133430268818,0.325646089005761,-0.256898177141959,-13.6687468995307
0.824893785056332,-0.379782477836727,0.0453042649988387,-0.378983786276867,-4.31470882101475,-0.130152246636686,73.6968560142326,0.0363081349257754,2.64887315307593,0.326594099060612,-0.256765547155958,-13.6600394866387
0.825572399302149,-0.379268154506244,0.0451511600578927,-0.378589053967099,-4.31519173706715,-0.129186927537743,74.0886792474307,-0.211439851899968,2.63306502646697,0.328838719347425,-0.253779574300153,-13.6305612692921
0.826332435551912,-0.378667670176997,0.0449290565472442,-0.378288072813578,-4.31555505065591,-0.128176051355393,73.0657415780716,-0.178826612802368,2.41043850312428,0.323807098216756,-0.255555418449466,-13.6960751545281
0.827180117311315,-0.378051791370803,0.0446807964250163,-0.378046013151126,-4.31579941000241,-0.127118167089157,74.7949331061381,0.15491571989719,2.47586901091938,0.320789118375389,-0.259895535995872,-13.6846536188153
0.828113136915345,-0.377500434949667,0.0444524399603499,-0.377811669869978,-4.3159423437729,-0.126029787949109,73.7753201398828,0.310902275950184,2.49819471209446,0.324768819148858,-0.262630743775015,-13.7443165609659
0.829107862378075,-0.377111821196859,0.0442934924874364,-0.37751141307296,-4.31602357904663,-0.124942255241625,74.4592939031307,-0.0284643783706997,2.5135216427426,0.33369996731702,-0.257985399213041,-13.7596960050688
0.830138524181274,-0.376972771519069,0.0442463157463394,-0.37707992567048,-4.31607956182991,-0.123881069784856,74.9087800123959,-0.37813208307648,2.57935088368146,0.335258885424141,-0.255183593980343,-13.7841958197231
0.831161131989895,-0.377137474819314,0.0443289844057508,-0.376466095973917,-4.31616475123584,-0.122884837315665,74.0806372903057,-0.146201873681775,2.65175287000378,0.33194773871383,-0.254231417621426,-13.8461929344082
0.832138772068152,-0.377644106749734,0.044552934425408,-0.375630185567011,-4.31631995361988,-0.121981720821137,75.580595731757,0.011282877655276,2.65273981167206,0.335978027402269,-0.249705618781019,-13.8444895166859
0.833044160948501,-0.378496330290936,0.0449143633594034,-0.374559851149468,-4.31656811790891,-0.121184461726125,74.8979124755818,0.181278834174918,2.55046612229836,0.332683239706478,-0.257561809249963,-13.9051553567462
0.833837527570623,-0.379657776880935,0.0453812030836258,-0.373271665311853,-4.31693544809803,-0.12049836217015,75.1988978058714,0.00919388258898834,2.62012249950172,0.334306934562523,-0.262638247964491,-13.9042975697787
0.834493661013486,-0.381058116792357,0.0459092380017519,-0.371811459744043,-4.3174249526979,-0.119911328896795,75.5057632536528,-0.00364616248930361,2.57148235440047,0.333722582476677,-0.257380848970214,-13.8880090035876
0.835002397939881,-0.382604663100443,0.0464465612265041,-0.370246262620919,-4.3180218891482,-0.119394659729599,74.6676628685464,0.640083794115526,2.44235572321449,0.328745602496385,-0.25690679177015,-13.9483079672782
0.835364783414738,-0.384186561824624,0.0469359024007264,-0.368661295186256,-4.3186926758346,-0.118902363893183,76.1751632995824,0.192033459662525,2.46181917457773,0.324762716037893,-0.255887056783432,-13.9341174869319
0.835592621420571,-0.385685779401282,0.0473211986778765,-0.36715127218724,-4.31939468810305,-0.118380381973829,75.1697112534071,-0.571759606128808,2.43377890532571,0.329726530216329,-0.261699917225035,-13.9852882761321
0.835706122801353,-0.386997921235912,0.0475567424813257,-0.365800938793527,-4.32008202004591,-0.11777416697409,75.5535022826125,-0.129261299482323,2.53485297230887,0.330181495391511,-0.268637131281783,-13.9970222784231
0.835734733586133,-0.388033051839271,0.0476103335566835,-0.364688292160488,-4.32070144289236,-0.117024389037681,76.1405794529916,-0.0995252877178245,2.6686813066855,0.327577950505198,-0.26273503217787,-14.0100707989695
0.835721221079432,-0.388730085680564,0.0474706165964947,-0.363866851429942,-4.32120408176957,-0.116084370807178,75.3883724192507,-0.494925956016914,2.51055003305376,0.324836628124969,-0.255052136720001,-14.0751110411597
0.83570116220399,-0.389064836537303,0.0471463313634502,-0.36335727418166,-4.32155848266446,-0.114925694679019,76.8329657856639,0.302962760557193,2.47526326233935,0.331151536135599,-0.253213510327352,-14.0758312318184
0.835708814470274,-0.389057137611537,0.0466705678268162,-0.363147060383498,-4.32174367213905,-0.113533164341923,76.0804425206275,0.50301150711357,2.57437586308188,0.331312108717214,-0.257866381948606,-14.1343580969734
0.835782360509695,-0.388758282048792,0.0460970780883618,-0.363193888332233,-4.32175117550416,-0.111913791052881,76.4154892868884,0.0800109260705995,2.53984421955582,0.339334983930894,-0.261979171851375,-14.1489693071796
0.835943964431401,-0.388238391001174,0.0454831176297706,-0.363432957675814,-4.32160030041898,-0.11010145542127,77.1005749710739,-0.237922006059534,2.49441246674144,0.337218985547187,-0.260959023136827,-14.1482857668114
0.836212234514883,-0.387595020443822,0.0448998156229858,-0.36377975949261,-4.32131754843405,-0.108139863365645,75.9139704928244,0.145013782852629,2.49425217176974,0.328611993973545,-0.262316951574736,-14.201589221591
0.836596802673998,-0.386929503385389,0.0444160124712019,-0.364140057349139,-4.32094742745061,-0.106093169283463,77.3954204073327,0.483050194731049,2.62021818581314,0.327744061253156,-0.253745499987529,-14.1686267259871
0.837094537545248,-0.386345032550924,0.044095539638898,-0.36441813980854,-4.32054240858713,-0.104030871069985,76.3286344068003,0.333498399906148,2.58742511764433,0.332293058173276,-0.259173165995526,-14.2212936330353
0.837690462244676,-0.385921215048871,0.0439810316302358,-0.364533582271237,-4.32016597557438,-0.102029705960678,76.9866855982761,-0.0999246130081701,2.71252448600185,0.33543716913001,-0.268490044579384,-14.2395947410473
0.83836133020856,-0.385703453443291,0.044088672471707,-0.364431546619699,-4.31988106933145,-0.100161387589868,77.4220201989594,0.177868570328201,2.73030994516793,0.341196139948039,-0.269319019848399,-14.2358858515493
0.839079403097612,-0.385720949025115,0.0444204901887066,-0.364073906709444,-4.31974211158115,-0.0984838250141694,76.5505588977718,-0.0775072999128952,2.5921556722914,0.338142035351214,-0.265060694331058,-14.2886257819155
0.839815573865423,-0.385949740982593,0.0449436963821248,-0.363467760789541,-4.31978964123117,-0.0970351475438907,77.9112705721195,0.393062790252088,2.61111243067299,0.333346052874897,-0.260011295707951,-14.2690802954641
0.840536002483088,-0.386342170102807,0.0456074118493023,-0.362638929760462,-4.32005833125509,-0.0958417516084436,76.8606329461794,0.458285114414139,2.55603418446711,0.33488788169391,-0.261711249061702,-14.3316467011205
0.841216174273024,-0.386831155285593,0.0463507493616052,-0.361637739547291,-4.32055730573139,-0.0949016917496908,77.6562934969762,-0.140249988355663,2.6657421874207,0.338436364905447,-0.264399278592262,-14.3451760679687
0.84183552194622,-0.387321437666081,0.0470940394641989,-0.360536380920867,-4.32128497666607,-0.0941997160975588,78.095201199424,0.0629834366354771,2.58879409318271,0.34131700566138,-0.264354829951444,-14.3576788864067
0.842384208554308,-0.387721842065709,0.047763313008869,-0.359413160477174,-4.32221708534179,-0.0936970499761957,77.1252417975347,-0.0952643233038089,2.69793209580061,0.340608392733898,-0.266525468935714,-14.4078291744227
0.842861293135862,-0.387945298409695,0.0482927914637057,-0.358350032945882,-4.3233122172658,-0.0933377786535331,78.4958292178197,-0.0411332788346499,2.85693569199486,0.338481825350894,-0.262956408275354,-14.3858072006956
0.843268257140504,-0.387942868654502,0.0486432246366674,-0.357399386049485,-4.32453026207998,-0.0930705846711343,77.6978948684353,-0.0200729492630671,2.60697394178675,0.338096363249997,-0.262389437994331,-14.4458444014369
0.843638578054676,-0.387677160403923,0.0487936779401123,-0.356614418480358,-4.32579910595054,-0.0928257291440984,78.3311712093495,0.00126419908997377,2.58349545750798,0.339703367688724,-0.266309026591594,-14.4636192180148
0.843995531600897,-0.387166101828834,0.0487571731691844,-0.356005813203718,-4.32705763278021,-0.092543049814711,78.9384135689581,-0.0618767242983722,2.61514521928322,0.344039130264365,-0.270995905748624,-14.4597543028425
0.844382472866105,-0.386455990827152,0.0485748833685814,-0.355568506608512,-4.32823078748813,-0.0921586628915346,77.6968570847953,0.237417774480946,2.73872046933303,0.340413655831661,-0.270634440082089,-14.5051833289658
0.844836582564844,-0.385625760121266,0.0483080956925395,-0.355265465186536,-4.32926165486592,-0.0916328221387057,78.9511520947752,-0.0630579128132922,2.65023805143628,0.34064472222259,-0.262322411090823,-14.4804440628927
0.845397924029703,-0.384775026055101,0.048034859309647,-0.355046941722651,-4.33009122466304,-0.0909268036422543,77.9209984172194,-0.113313435155078,2.50575226209898,0.335204691083073,-0.262346180088484,-14.5399093735222
0.846100173478808,-0.384019550481526,0.0478431246614424,-0.354848114468953,-4.33067394756145,-0.0900154440697948,78.8027111773993,0.0892274940827065,2.54418212157461,0.336739165769024,-0.265259532688573,-14.5656139994473
0.846968309694346,-0.383468772389595,0.0478124445204541,-0.354603289634268,-4.33097696699845,-0.0888859042120413,79.4584074625489,0.382430564253582,2.72817299236857,0.344821846141107,-0.272577071563167,-14.5915164368498
0.848018980358681,-0.383199787460027,0.0480008102348693,-0.354263824079639,-4.33098213859706,-0.0875391199860118,78.531466269955,-0.344039512815016,2.54085756288492,0.347927721817602,-0.27104843596757,-14.6411446219102
0.849248812604563,-0.383273967810849,0.0484474412858597,-0.353785682839978,-4.33069606245034,-0.0859915722896945,79.6525125327528,-0.0763803762515636,2.74805360869067,0.349416008146027,-0.264782522612245,-14.6108477002973
0.85064399400444,-0.383711206364431,0.0491621884400219,-0.353150800179851,-4.33013706089409,-0.0842662138197536,78.847239817147,0.191331368062038,2.68263529163232,0.342951170469615,-0.261723554339707,-14.6592105306748
0.85216819341145,-0.384497585668816,0.0501218161991802,-0.352356994109578,-4.32935056621891,-0.0824008197768201,79.3378902800215,0.114712071815347,2.64873508456679,0.341713766956649,-0.261010396544739,-14.6762393689509
0.8537851857931,-0.385569416353809,0.0512713818215252,-0.351435769343622,-4.32838307088358,-0.0804326575036978,80.0954874326975,0.757360330929487,2.73208879111587,0.346878653958202,-0.267963144438508,-14.6901372380725
0.855439598153601,-0.386841183969695,0.0525320855595331,-0.350430147827671,-4.32730076656911,-0.0784054461341089,79.173680514998,-0.295312711565657,2.83421285376303,0.351917226400849,-0.275563574196659,-14.7478780144403
0.857077677913178,-0.388197466772494,0.0538059674430607,-0.349402399268928,-4.3261727541444,-0.0763652173320013,80.2917894760633,-0.496057276116517,2.72969801327167,0.354693737606007,-0.27295166592094,-14.7418968373712
0.858641041115926,-0.389521535578996,0.0549921053828992,-0.348416223470805,-4.32507165550739,-0.0743555488335878,79.7146788187192,-0.14660622659926,2.70206708788496,0.351137243091893,-0.26521754272562,-14.8042736202706
0.860072279847172,-0.390708699959685,0.0559969229989801,-0.347527585082267,-4.32407047383646,-0.0724186734524358,80.1314346040699,0.446424498966735,2.72815533625737,0.348685966484052,-0.263653456010869,-14.8211787666184
0.861325213260409,-0.391658523177792,0.0567356163904018,-0.346791147273845,-4.32323211378894,-0.0705913958703173,80.7520200182342,0.749662385276679,2.73583101214459,0.353300601473647,-0.267219720168088,-14.831509316692
0.862376801243889,-0.392307658412964,0.0571544829249443,-0.346239238396586,-4.32259576602784,-0.068897135596916,79.7702798377188,0.27996119127738,2.6629743742736,0.351586235550463,-0.275035587861274,-14.8940229514753
0.86321946780866,-0.392612407749445,0.0572210976845038,-0.345898391953137,-4.32218021850279,-0.0673434290813631,81.2790128308065,0.56668193458745,2.70962495976863,0.354704212845314,-0.272192770283569,-14.8679288602343
0.863856782672414,-0.392573373016434,0.0569370368269911,-0.345765018753836,-4.32199190954617,-0.065932548603889,80.405343042827,-0.418706955661037,2.69893204247646,0.350208010633291,-0.268647987823612,-14.9143102041376
0.864310436221123,-0.392232609639546,0.0563406127846134,-0.345811658123016,-4.32201206741141,-0.0646514120096265,80.4851718354443,-0.882958636483636,2.65230284139716,0.345673489627568,-0.265445068084295,-14.9206375463399
0.864621686161251,-0.391655494428656,0.0554937605910362,-0.345997770778872,-4.32220311358625,-0.0634772426021461,81.3087876941783,-0.62225712462191,2.56972811145104,0.345757256182184,-0.268228183169599,-14.9165968517015
0.864830599643595,-0.390932812124955,0.0544773621756745,-0.346268112770667,-4.32252026652552,-0.0623804595603237,80.1535834447564,-0.388228393654344,2.67793407211829,0.350179252754713,-0.276644701375437,-14.974476798673
0.864990141076556,-0.390166495993673,0.0533855190730809,-0.346558495769443,-4.32290892510806,-0.0613303492225213,81.8111057491178,0.537480800713865,2.75360941595082,0.352633056893647,-0.27416216609253,-14.9605774670126
0.865156332182376,-0.389465840262465,0.0523197374903115,-0.34679608323937,-4.32331407962999,-0.0603013792637398,80.8909020004437,-0.555976855948757,2.83708036312623,0.346266861479401,-0.273077246129915,-15.0242691462028
0.865376505449193,-0.388928843589067,0.0513711913166749,-0.346915754918532,-4.32368892819177,-0.0592707497206121,81.3456883167283,-0.0169726694043675,2.82710522857107,0.350087556835452,-0.27052592451849,-15.037972510396
0.865687646636367,-0.38863619224751,0.0506163676467129,-0.346861366631265,-4.32399804915961,-0.0582239623409119,81.7302764160323,0.487686558318728,2.92439833450447,0.35246947944949,-0.268730680138831,-15.0541178591937
0.866122181335203,-0.388648034326282,0.0501152209677676,-0.346586568661394,-4.32421831988094,-0.0571578610544514,81.0580882566779,-0.00370674688610961,2.70012042247356,0.35214605042706,-0.268479653134408,-15.1275569162545
0.866696476214846,-0.3889985456248,0.0499021892899054,-0.346057637135309,-4.32434581548029,-0.0560815825120338,82.6513461030419,-0.283611969893172,2.62391547646891,0.355622308187191,-0.274503299284189,-15.1386399847223
0.867422151946379,-0.389673779923044,0.0499788099366817,-0.345275465379934,-4.32438538378051,-0.055010147687893,82.0373999530266,-0.29460283208391,2.70900091510211,0.356827104108556,-0.273021803933409,-15.2001356886983
0.868295856238702,-0.390645335386102,0.0503283895420151,-0.344247951488335,-4.32435976564641,-0.0539687159645738,82.1594786106723,0.183789848952529,2.84048994713851,0.357643510552165,-0.274453423158351,-15.2040555426199
0.869303041754277,-0.391843976178938,0.0509021733460947,-0.343013332617926,-4.32429796586829,-0.0529805831680822,82.8089639425114,0.0300973154407984,2.6291785260147,0.355178648710738,-0.27190233432717,-15.1935355689506
0.870434197328951,-0.393186241574616,0.0516410477729903,-0.341624485974913,-4.32422245250789,-0.0520624472350975,81.7223022270155,0.0902131295551953,2.50800183410564,0.351730398632445,-0.271269206467324,-15.2535923707435
0.871664547499861,-0.394574064307498,0.052470001657167,-0.340143923750404,-4.32416651928845,-0.0512333241719865,83.2314829092761,0.500855750576193,2.76952734655671,0.353434913777892,-0.272323553545284,-15.2320107301316
0.872971644566689,-0.395899971574444,0.0533087624899031,-0.338649023405919,-4.32414969213661,-0.0504969023231014,82.2503315726489,-0.00216259063995494,2.71255985532144,0.354938743416456,-0.280918327775026,-15.2815115967832
0.874331556284343,-0.397075097313204,0.0540868252415043,-0.337209239281305,-4.32418372392774,-0.0498450973633052,82.6809174247838,1.24821736592071,2.74290925703625,0.356278240160237,-0.278323717098232,-15.2916307143829
0.87572122470028,-0.398018453702397,0.0547403808810473,-0.335889121039802,-4.3242753591374,-0.0492676269662494,83.108951927736,0.435106397993195,2.7825808902146,0.35831884998836,-0.276668366029703,-15.3003371520244
0.877114671981433,-0.398678636343151,0.0552236197264404,-0.334740262491079,-4.32442120414861,-0.04873822126682,82.2682372131733,-0.133371719032084,2.69362983323069,0.354612237707537,-0.276744291530782,-15.3628312431907
0.878482804032903,-0.399034267603048,0.0555101129135019,-0.333790305150816,-4.3246210358541,-0.0482348203889424,83.8980222228896,-0.13577550295804,2.89861016356946,0.357912500863515,-0.276923789122937,-15.3516199521159
0.879804095669119,-0.399101815567212,0.0556028184137238,-0.333043070871114,-4.32486292898749,-0.0477285684753291,82.9595978722996,0.415947633180622,2.67264155567582,0.358976892981121,-0.279977662490409,-15.4151397473166
0.881057121809965,-0.398926923501172,0.0555256389513277,-0.332481579893485,-4.32513685622821,-0.0471926847558557,83.4637672890644,0.690636749546456,2.73953521986971,0.361297758193992,-0.279766830483173,-15.4219083922105
0.882211293942955,-0.398593167874413,0.055323533356019,-0.332053778421897,-4.32544873783473,-0.0466155880942846,83.9859842454104,0.427190127943049,2.75467521290696,0.360600119943095,-0.277987699288936,-15.4260624945776
0.883253204966909,-0.398187594351564,0.0550525271890996,-0.331705525306546,-4.32579193705549,-0.0459831607515361,83.1441095169768,0.518324665175442,2.75709162332356,0.354694813875297,-0.275119961345483,-15.4853535434703
0.884175756719333,-0.397805050332305,0.0547753913316794,-0.331377357076492,-4.32616079539595,-0.0452831784741498,84.5246681385674,0.972089693865655,2.94900522405933,0.35679774847556,-0.272443487086931,-15.4769598091418
0.884970721662759,-0.397527048498878,0.0545489620786665,-0.331010398001946,-4.32656065716517,-0.0445203123573706,83.681423962124,0.895992774918795,2.80810630542598,0.359339574078863,-0.27878915509989,-15.5322929225476
0.88564727707164,-0.397430753457963,0.0544321865776897,-0.330549923498439,-4.32699028895595,-0.0436994761834646,84.1443908881861,0.188289534705063,2.78960368790428,0.363428861821421,-0.280547277447008,-15.5391822630819
0.886218649870972,-0.397553078142126,0.0544599735078564,-0.32996420659589,-4.3274517070799,-0.0428343492170345,84.4717879480523,0.493057798323207,2.780053917294,0.362359570482358,-0.282017591384644,-15.5293479151434
0.886708583932065,-0.397904443159367,0.0546504949056112,-0.329241263083338,-4.32794103354913,-0.0419369014294461,83.4883101139005,0.521198220266797,2.81905549532047,0.356188755882697,-0.281190592970077,-15.5857646940542
0.887145623092057,-0.39846160699401,0.0550008262457871,-0.328395573382654,-4.32844749848578,-0.0410130012685463,85.0854924446233,0.802975361413246,2.92066864670937,0.358440421574732,-0.278335276530715,-15.5686675886744
0.887563152701803,-0.399169314696101,0.0554881868613896,-0.327460730192136,-4.32896052325065,-0.0400752780207244,84.1279980084893,0.0754360607199942,2.78792207416996,0.361594899551479,-0.278910079292676,-15.6273094053101
0.887993711482354,-0.399954201813843,0.0560731053767842,-0.326487238747089,-4.32946437676869,-0.0391286825186532,84.7052644158489,-0.11358050029321,2.75173909870534,0.364401273498807,-0.282069836515514,-15.6491393131113
0.888469436870405,-0.400736228603202,0.0567083257009409,-0.325530958342939,-4.32993842123327,-0.0381746524113757,85.3582346506737,0.110838319944378,2.86269375325898,0.368630745395629,-0.28068769367717,-15.668892833202
0.889016445878391,-0.40143959082967,0.0573427997140245,-0.32464835398227,-4.33035782931359,-0.0372044555098066,84.4769667816705,0.118910762524365,2.79928958220773,0.363960266114999,-0.276456261819124,-15.7376652588305
0.889665109087881,-0.401988518848748,0.0579254930830103,-0.323898089792961,-4.33068975239564,-0.0362047809851579,85.9199283622189,0.264087760416032,2.72815910251191,0.36540230138981,-0.272208220245338,-15.7282639572029
0.890432891505985,-0.40233992506605,0.0584189765008482,-0.323314733738619,-4.33090845605242,-0.035163512875268,84.8490340379614,0.661966728911921,2.86885289023036,0.364969023694451,-0.280907652616467,-15.7790389491769
0.891335700836222,-0.402463887501233,0.0587948025943282,-0.322926361767892,-4.33098310088427,-0.0340606492867669,85.4485469108485,0.252162004390357,2.90060114890582,0.36896805130653,-0.282703408936165,-15.7769704830232
0.892384855791797,-0.402370382779717,0.0590469317299216,-0.322734955536485,-4.33088291994619,-0.0328719282955593,85.8219344115686,-0.226998130337734,2.93817598467825,0.368961735102905,-0.28101246305326,-15.7689480869731
0.893585334583221,-0.402068252367718,0.0591707891169651,-0.322738037817178,-4.33058599699881,-0.0315799768455075,84.8629718545473,-0.0890788010669894,2.79953171525989,0.362780589942963,-0.279836376199766,-15.8297562466355
0.894925751125525,-0.401596329426004,0.0591803430500185,-0.322909983546167,-4.33008690909674,-0.0301746000964996,86.3260947513833,0.390685525274876,2.76826728786699,0.362557810142567,-0.274650315879562,-15.8015455964565
0.896398084005862,-0.401009500926545,0.0591064012445168,-0.323213458765415,-4.32938015820489,-0.0286461257896699,85.4798224397778,0.240036812362405,2.88954866723748,0.36660234519289,-0.281948263568996,-15.8577650506363
0.897968961162377,-0.400369956977791,0.0589797747580121,-0.323596358608479,-4.32849213865729,-0.0270043402416301,86.0453791561005,0.379791688345222,2.92151309291197,0.370061943213514,-0.285254145472075,-15.8847544495474
0.899607968810311,-0.39972088623434,0.0588270937124651,-0.324018587865472,-4.32745312923618,-0.025263718911401,86.6395664777295,0.0936965400919689,2.91994680720092,0.369519419874301,-0.285921248287854,-15.9108245995961
0.901262574161804,-0.399109977912978,0.0586744443184328,-0.324430025332901,-4.32632183934219,-0.0234568306431848,85.7408822685093,-0.100692333218149,2.95749962956145,0.367957207560524,-0.283434176730823,-15.9750112914547
0.902879327137286,-0.398574107948702,0.0585452892739125,-0.32478305890253,-4.32516906085204,-0.0216294342795973,87.1646599717668,-0.428793835349325,2.84825236246243,0.371858946955615,-0.279643982779154,-15.9746360587045
0.904392237761443,-0.398135883500098,0.0584504520615293,-0.325036818424803,-4.32408123082645,-0.0198354785060003,86.5643271510766,0.43128211857379,3.03285718137198,0.372837833958654,-0.278087155665369,-16.0391608975857
0.905733723549406,-0.397808921910871,0.0583936572846135,-0.325156067989008,-4.32314941993007,-0.0181329305542012,86.865544131471,0.539322475077597,2.84146880590055,0.375513465511227,-0.282933958657968,-16.0591138050095
0.906832240171292,-0.39760396934542,0.0583730899539694,-0.325105041471587,-4.32247405889278,-0.0165878934336642,87.5470093337663,0.799916206378612,3.06047755859302,0.376854281594312,-0.283925918628242,-16.0605587409403
0.907643249400156,-0.397525948540764,0.0583872735302667,-0.324858994241022,-4.32212596583124,-0.0152475464079285,86.270464731072,0.670248675336325,3.03232435134788,0.374489977033708,-0.285240059074758,-16.1135780069267
0.908137723331451,-0.397563363879588,0.0584267701837983,-0.324415247052602,-4.32215228683826,-0.014139068587315,87.9933742752158,0.536534805850124,2.89932677190211,0.371441938547255,-0.281193418086139,-16.0970898464894
0.908298559187381,-0.397712765632718,0.0584849481471859,-0.323770383170216,-4.32258420689518,-0.0132785226033775,86.9247444745372,0.425648807363359,2.89121325911768,0.368550611573869,-0.28485668322565,-16.1613021969503
0.90813551104869,-0.397972688286195,0.0585612156564342,-0.322932159631568,-4.3234113335834,-0.0126506128296727,87.5490445687276,-0.561750401006748,3.00149192950394,0.372849205578249,-0.289531902206732,-16.1639704497579
0.907684030202512,-0.398316682622584,0.0586450984490436,-0.321934239518555,-4.32459487946661,-0.0122223813674291,88.049075213482,0.0301479994386682,2.96029351490114,0.376557481553836,-0.28940785732909,-16.1689379191004
0.907009864617283,-0.398712543470618,0.0587318220526744,-0.320830071189171,-4.32604916964875,-0.0119258536915923,87.0620473855914,0.292535230435988,2.93990544720916,0.37261829207293,-0.291156723121596,-16.2341471631161
0.906188829550257,-0.399127886843688,0.0588185277572079,-0.319677589019017,-4.32767365879314,-0.0116827896792438,88.5838213944678,0.978185327406891,3.00822131902223,0.372324670872069,-0.286671672859603,-16.2182015533785
0.905302960688242,-0.399513603216814,0.0588942019525802,-0.318547691443299,-4.32935828266754,-0.0114099937485667,87.5472181569276,-0.0171990215665119,2.88173029633404,0.372685392664962,-0.285206709094741,-16.2693925902137
0.904450029086784,-0.3998146537484,0.0589528302117867,-0.317519289873334,-4.33097563081859,-0.011017661718326,88.2389812916231,0.0443476670589007,2.93924447807822,0.374573863571257,-0.28837416720716,-16.2827436432551
0.903706917606047,-0.399972487922682,0.0589802941936267,-0.316666651297472,-4.33242229322626,-0.0104338033656127,88.6701346895329,0.300169026679669,2.86339341393227,0.378495295970681,-0.288950087735293,-16.3104330932023
0.903140508523172,-0.399923638709286,0.0589590330963524,-0.31606138615282,-4.33360814429326,-0.0095989111110671,87.9839603371792,0.939635916986617,2.84792825334065,0.379012823610278,-0.289705059602599,-16.3781546367496
0.902793079142142,-0.399627395031523,0.0588779203704873,-0.315742886132636,-4.33448193275637,-0.00848918506137225,89.2517602987012,0.425923126289945,3.08351443095833,0.38047744353634,-0.288261871668514,-16.3725208247921
0.902685030606322,-0.399055648656015,0.0587266069063664,-0.31572813464241,-4.3350297769968,-0.00711323877050422,88.6474245111743,1.09469924363793,3.01977103554213,0.380099074348574,-0.290338482492913,-16.4305827633757
0.902813238790772,-0.398199618430441,0.0584982381092067,-0.316009470419696,-4.33527063029574,-0.00550575136348446,88.9726587820049,0.413223878256986,2.90604243544723,0.379901729439695,-0.288885540826345,-16.4483697130024
0.903151151918889,-0.397074736409811,0.0581919516434715,-0.316551052084071,-4.33525666907192,-0.00372733514626403,89.779491917561,0.603492084525442,3.02978646634637,0.382538237906229,-0.28954545958142,-16.4407740262311
0.903659054127431,-0.395724058510055,0.057816682328088,-0.317287487389244,-4.33506629440912,-0.00186068883106403,88.3568564185469,0.365399527321188,2.97000744593709,0.376948767468222,-0.293705021337053,-16.4877548258705
0.904284649577663,-0.394223487073015,0.0573945353177033,-0.318127496129393,-4.33479194797084,4.18992678160567e-06,90.0127470358861,0.580806884450112,2.92337798816303,0.377465852205149,-0.289113233885397,-16.443262989863
0.904984981832062,-0.392640121636637,0.0569432174154763,-0.318988849143177,-4.33451561584501,0.00178488760575942,88.6466895219904,-0.00392422555637495,3.08107846949341,0.372498856097029,-0.290106995459773,-16.4844587039642
0.905711699172377,-0.391067195641886,0.0564932338028385,-0.319776663215317,-4.33431900496467,0.00340824565217186,89.2958411253865,0.717692241444638,2.99878909348914,0.37629074469008,-0.290259332975997,-16.4956946658705
0.90642960819605,-0.389593882822259,0.0560767625151586,-0.320405467423229,-4.33426472429847,0.00481620158672386,89.8501521358236,0.487466718079304,3.02706158227045,0.378974059077267,-0.293140048062715,-16.5259633950199
0.907124298269661,-0.388290093672591,0.0557216693356569,-0.320819180172241,-4.33437922198615,0.00598506564521523,89.0968066227852,0.0621360290990651,3.04281615720117,0.377182711147879,-0.295469381305494,-16.5818072037649
0.907789303724846,-0.387207266379075,0.05544711480077,-0.320985526464087,-4.3346685915879,0.00691430599813043,90.3162112545238,0.0585226169462203,3.08566337461994,0.383400363847554,-0.291997986182558,-16.5703406995949
0.908434964371504,-0.386381324699602,0.0552710131539232,-0.320892954249862,-4.33511091421325,0.00762712547970244,89.6274725221449,0.0634996023150052,2.93833344696759,0.383520622847072,-0.288872990576956,-16.6366531751151
0.90907774352408,-0.385816543964628,0.0551978956198884,-0.320564154325356,-4.33566201218428,0.00817255098623148,90.2960742657835,0.244607850220746,3.06494199918711,0.384071911958723,-0.287516215126417,-16.6544627862553
0.909740134699082,-0.385505290340518,0.0552279525637715,-0.320033180687411,-4.33626808150086,0.00860791666098893,90.823994135386,0.569020076321067,3.01734328350193,0.384156801384873,-0.28871443352389,-16.6654074337895
0.91045157775859,-0.38540820981145,0.0553469018141428,-0.319355813854992,-4.33686755952475,0.00899405258532646,89.7452407063737,0.278086626464528,2.88906062575029,0.385534252452666,-0.291404670072134,-16.7221475822275
0.911240439315405,-0.385471434343636,0.0555318568871086,-0.318600506497684,-4.33739496291523,0.00939948230804139,91.0115801466773,0.571535846005872,3.22479240031024,0.387733683546663,-0.288882234928975,-16.701731360347
0.91211778699228,-0.385647853798757,0.055760926874393,-0.317822344138916,-4.337805133359,0.00987570234483387,90.3244007863309,0.0638807126667871,3.12793014529021,0.383381768656443,-0.289416707487643,-16.7478446129738
0.913097974846298,-0.385891779161669,0.0560136931751316,-0.317072513269456,-4.3380580583186,0.0104675787460896,90.8535521078994,0.897322658214762,3.10141831890559,0.382652426222195,-0.288630316331162,-16.766553445241
0.914184515262236,-0.386165693908348,0.0562720846512144,-0.316385764202259,-4.33813275594128,0.0112007014631935,91.3799125938549,0.425248669574785,2.98963654906032,0.383557399673625,-0.291063720699924,-16.7778146874204
0.915372457362288,-0.386445352731229,0.0565232404822708,-0.31578186667807,-4.33802429488199,0.0120878047743948,90.494249907209,-0.329891734403191,2.86000492822515,0.383750228369524,-0.297180477657382,-16.8345699248261
0.916648327040081,-0.386726654837151,0.0567638934410435,-0.315263039428792,-4.33773794936563,0.0131342405319414,91.8295874516975,-0.579095862200575,3.15819654023869,0.38963774349867,-0.296217033733785,-16.8270662894273
0.917996238820202,-0.387012322153906,0.0569938450270105,-0.314819034913743,-4.33729283011222,0.0143286507017776,90.8810974595661,0.145918203507563,3.00533345618339,0.384202525434947,-0.293162478343861,-16.8905062081067
0.919384772691229,-0.387321397495489,0.0572193079792611,-0.314424431488302,-4.33672796904107,0.0156462412034265,91.5260872349872,0.416618272734013,3.08323751685464,0.383650680098558,-0.291543668127856,-16.9143204961026
0.920787581886059,-0.387670342290185,0.0574477165808335,-0.314059474679349,-4.33607406429675,0.0170691401311673,92.3056673725165,0.050528738754565,3.17498395630406,0.387579619031219,-0.289267326580587,-16.9245054566346
0.922167793424826,-0.388088603944551,0.057690130601984,-0.313690961996743,-4.33537447542158,0.0185707662816188,91.3100337199137,0.524978434570812,2.95569974610532,0.388105341674676,-0.293349137480879,-16.989076691596
0.923500911192457,-0.388582321447014,0.0579495705669171,-0.31330509616436,-4.33466119306818,0.0201296238845591,92.7046029321658,0.679591856095385,3.11246101494038,0.390694753898136,-0.296481073718169,-16.9679385334542
0.924757393977862,-0.389161651039645,0.0582305204844432,-0.312883842664557,-4.33397203600267,0.0217201926783858,91.7616556960141,0.133757660078345,3.02820985556738,0.389298764782185,-0.292864201473254,-17.0113097395214
0.925903389877713,-0.38982136516632,0.0585269376018084,-0.3124177114181,-4.33335011512502,0.0233136255287465,92.1576223587968,0.140857043462802,3.02613028931833,0.388250829964287,-0.291207630797949,-17.0335471600309
0.926919716399271,-0.390552131473502,0.0588353160732221,-0.311906691997566,-4.33281906480621,0.0248947425163824,93.0908014078097,0.844190055452827,3.01525837085538,0.38790755409158,-0.291607544918618,-17.0618878089896
0.927787628631303,-0.391339650391325,0.0591473647561698,-0.311351065494463,-4.33240397882966,0.0264463899466983,91.8494152092645,-0.232496853400335,3.12016815043714,0.389431703298258,-0.297562388527062,-17.1318861999632
0.928492747715471,-0.392153636904395,0.0594464757652908,-0.310761328268061,-4.33212969482941,0.027949753173832,93.5720747119893,-0.0615749463652264,3.11284330294077,0.397174914398154,-0.297408025814173,-17.1094646540112
0.929030660317521,-0.392971500568297,0.059722710233469,-0.310142313463918,-4.33201222671999,0.029388266280334,92.3989795004663,0.0452175865218578,3.101475594052,0.392593413701118,-0.297387339103865,-17.1679137628675
0.929400363937433,-0.393771309114626,0.0599653431713075,-0.309497977990619,-4.33206447835419,0.0307468359304627,93.0450266560376,0.793465398729495,3.29202614586646,0.388355364498307,-0.293390688025038,-17.1737090882084
0.929622077847049,-0.394519821331713,0.0601621198415266,-0.308845828066022,-4.33227776380266,0.032024217476508,93.5420188951888,0.347226392493667,3.2132789867162,0.388545643603307,-0.293175907129685,-17.1753391306761
0.929719341990839,-0.395200397689917,0.0603106786354737,-0.308190635033584,-4.33264320151378,0.0332161914052441,92.4376332395325,0.123732128160782,3.11595028868743,0.389970297784643,-0.298245066152554,-17.220987059263
0.929719341025768,-0.395804766758506,0.0604145390403783,-0.307534125164799,-4.33314475436946,0.0343238460342363,94.0208657334081,0.832355569716128,3.01910450285433,0.394237643012128,-0.298799240947441,-17.1914291711312
0.929671716337914,-0.396320201510052,0.0604806573484382,-0.306888123632297,-4.33374380098746,0.0353622725637199,92.8640654977903,0.332997496145481,3.06673329449632,0.391271267427622,-0.300023910703896,-17.2523403985431
0.929626192598108,-0.39674121351854,0.0605205151346143,-0.30625912287729,-4.33440235861259,0.0363426723877205,93.6014133798442,0.364503140346869,3.13270964414141,0.392363884431106,-0.295848098673572,-17.2738237296966
0.929626776779249,-0.397071067422418,0.0605490612225867,-0.305649519855172,-4.33508300895224,0.0372779323692906,94.0082144753353,1.40129774628826,3.13842592344787,0.393344868644534,-0.295876516182094,-17.282680318176
0.929725897701526,-0.397319857159124,0.0605874310863712,-0.305061448167978,-4.33573731176052,0.0381885074280945,93.1690768235104,1.08238872936431,3.09198247077452,0.393058279584042,-0.299628981071357,-17.3453210396184
0.929977166747373,-0.39749178874307,0.060654308860043,-0.304506772432107,-4.33630972611306,0.0391030946275214,94.7209379501031,-0.0728923659235079,3.1030520015758,0.397702503722158,-0.301606513434099,-17.334478284061
0.930418344791133,-0.397600235440223,0.0607685500254937,-0.303987397141665,-4.33676003557775,0.0400393660832377,93.7150311358922,0.423983331630552,3.18608814186337,0.394716863782156,-0.305224321019264,-17.3908281210823
0.931084512866806,-0.397654739750992,0.0609452145708299,-0.303507973263747,-4.33704882556552,0.0410147848655417,94.2427746260832,-0.0470412378983838,3.16186223138325,0.394886721941793,-0.300992582866175,-17.3856650554918
0.931984484182191,-0.397661846290918,0.0611872580812817,-0.30307343084617,-4.33715866120125,0.0420385329403473,94.5421042842088,0.446348862703644,3.07873859153526,0.395838372122829,-0.299578820968519,-17.391748442169
0.933130084387075,-0.397619563091881,0.0614920517550508,-0.302695034328243,-4.33706601279072,0.0431247681845746,93.7178984319998,0.446439528874862,2.99703794171742,0.393781938328216,-0.300656713959259,-17.4438678466363
0.934509994015538,-0.397544852314072,0.0618611361049442,-0.302367559875245,-4.33676894459772,0.044277017650049,95.1529878786047,0.698452832449902,3.06762090123453,0.39747201416949,-0.300503575985496,-17.4183860038518
0.93608658729085,-0.397442829617372,0.0622777423784822,-0.302088661907249,-4.33629094922729,0.0454881460977728,94.1315962477962,0.0202507863109531,3.11544641013791,0.396544116673314,-0.300817345476758,-17.4731656681354
0.937823187995633,-0.397313202401774,0.0627212282435514,-0.301862027631833,-4.33564989466826,0.0467589468445999,94.6708393944373,0.148950825439897,3.20301519807867,0.395279124200177,-0.299172573361428,-17.5091506602196
0.939668012385877,-0.39716322336205,0.0631709399597319,-0.301681799380346,-4.33488165254407,0.0480779227386411,95.5822538467779,1.12448915757363,3.12955203141613,0.39805875339991,-0.300118398078502,-17.5390865247606
0.941560425851542,-0.396990909648453,0.0635972295266903,-0.301546837287061,-4.33402942922868,0.0494338581299568,94.6473288603784,-0.0136802711165274,3.10190331402228,0.40360207370384,-0.300921382794407,-17.5971911919808
0.943433962502635,-0.396791171728498,0.0639685110379424,-0.301456216841703,-4.33314174342411,0.0508126591909638,95.9337648389395,0.0424717652510935,3.21648335131565,0.406317592673445,-0.300656491433912,-17.5697412459487
0.945224024713976,-0.396564508056393,0.0642584038227034,-0.301403073687466,-4.3322721178722,0.0521949342370851,95.0472975628862,0.949938453782352,3.17898973238962,0.402615842827783,-0.298534607641427,-17.6304579555884
0.946875569813755,-0.396305197349157,0.0644412560110478,-0.301382925088717,-4.33147041878125,0.0535592117930272,95.6493163155367,-0.249521098911373,3.18756656849152,0.398157672146825,-0.294962979996764,-17.6545175153138
0.948346012964977,-0.396008758813704,0.0644991988220978,-0.301391701842816,-4.33077721749297,0.0548872748015333,96.1566332989077,0.201945717748231,3.15249641352472,0.401011536634969,-0.296489166888044,-17.6671890494906
0.949595013242325,-0.395676341348727,0.0644199982778677,-0.301416780992021,-4.330238800728,0.0561520357320869,95.1606472917294,0.328167518649934,3.08203302974266,0.399294590773763,-0.301637785931849,-17.7120975066118
0.950596289466536,-0.395305625622651,0.0641959931679114,-0.301446507251414,-4.32989400383053,0.0573237074566959,96.5115672506919,0.804983040299931,3.19929761619576,0.403436037881713,-0.300312697633933,-17.6845227580129
0.951344665243908,-0.394888481604134,0.0638234441847388,-0.301473619367447,-4.32976619745352,0.0583770116905003,95.6564834288292,0.366158374129327,3.27702467294415,0.401756138681842,-0.303236748561533,-17.7552482670645
0.951846877477526,-0.394424768223972,0.0633087877793008,-0.301489234573344,-4.32986697592194,0.0592929934658431,96.2624858151165,0.271570091977082,3.17038967300783,0.398143303724097,-0.299273471753271,-17.77529217986
0.952114294300154,-0.393922330650215,0.0626647167031112,-0.301477528147619,-4.33020756093205,0.0600500693855552,96.9163305858898,0.121475738758818,3.09661268754095,0.402363337827154,-0.301674313310642,-17.769566071141
0.952171018951253,-0.393389821839753,0.061909522455207,-0.301424208106644,-4.33078406621171,0.0606348755430067,95.713192676938,0.302297105599791,3.15676929541107,0.403562172938793,-0.305789600736473,-17.8248772906862
0.952040452209551,-0.392827942538672,0.0610535968149128,-0.301326303974542,-4.33158444354328,0.0610464972584903,97.3254045582009,0.973516136080661,3.29918360227589,0.404541996730307,-0.305431184311628,-17.8110681176724
0.951767539787029,-0.392239211972436,0.0601154325329951,-0.301185803806614,-4.33257395876485,0.0612979082269024,96.3159949937676,0.346475936910565,3.13654253503091,0.402434125670196,-0.304102479928591,-17.8752393057398
0.951383330078148,-0.391641126581797,0.0591175212802104,-0.300995403595031,-4.3337239630877,0.0614054882588006,97.127751034128,0.285733024994215,3.14654098072515,0.403373700706943,-0.30086180546234,-17.8866491287521
0.950919195568994,-0.391056935847377,0.0580860690522856,-0.300754344183979,-4.33498921000358,0.0614077849925843,97.2498958663616,0.159359747379312,3.15975191104096,0.40769511786515,-0.3016864644736,-17.9077023970518
0.950408243730035,-0.390508221758372,0.0570463250635873,-0.300462045265581,-4.33632502253019,0.061341456270775,96.653610632675,-0.263259930436107,3.19724570022933,0.4086586192274,-0.306328628949692,-17.9670121578514
0.949888714679175,-0.390004807956313,0.0560191199283291,-0.300133232719529,-4.33767343598276,0.0612593711179769,98.0301337021058,0.354329036100353,3.25157575016681,0.407625309880118,-0.305381129503046,-17.969670075764
0.94938586266104,-0.389572040240227,0.0550318441146604,-0.299772067160795,-4.33898346595529,0.0612145690896571,97.3759620095614,1.2360462954025,3.13685332216872,0.407157314515342,-0.303402616829987,-18.0432643569506
0.948919872337381,-0.389230736185324,0.0541093757644279,-0.299381852607553,-4.34021586455741,0.061248439946512,97.8971984485665,0.909926889731651,3.25902877185723,0.410091753391493,-0.305409029494776,-18.076269220588
0.948513951827629,-0.389000358287284,0.0532790618077177,-0.298964188938997,-4.34133087232037,0.0613987698543062,98.672275378526,0.820730237548787,3.27506349307399,0.413556449781109,-0.305984153181006,-18.0811355010791
0.948183069982653,-0.388896614475925,0.0525638385943909,-0.298518743042549,-4.34230410055273,0.0616920038591235,97.1588617953005,0.199845318300504,3.21047570697206,0.41168512881208,-0.307030178871579,-18.1241283536469
0.947939394581677,-0.388910992446466,0.0519728733820538,-0.298054929802108,-4.34312281315746,0.0621387345547313,98.5705112610148,0.344142743038901,3.30753573118594,0.407617931988285,-0.305049217207146,-18.0875001426291
0.94779286309703,-0.389037537234826,0.0515155376249424,-0.297569880711185,-4.34378906482939,0.0627297133377371,97.7013754652148,0.493301578361979,3.16198422932322,0.404507254023514,-0.30337613840249,-18.1453880814373
0.947746011258691,-0.389254910723196,0.0511890901601186,-0.297063751028458,-4.34432234038731,0.0634388670159817,98.513495076175,0.782288544557787,3.24834664805994,0.40255696662111,-0.304561229860467,-18.1679387983113
0.947802757209898,-0.389522976838824,0.0509778488071385,-0.296546846169021,-4.34474398274538,0.0642350589105607,99.1604638603794,0.760807621099275,3.30806898454128,0.408909983278466,-0.309665248114095,-18.1852665981071
0.947963909848488,-0.389797161079846,0.050859704817444,-0.296029293288063,-4.34508161563378,0.0650817258991878,98.2167960112171,0.0831834812943271,3.24930373687701,0.41127431155785,-0.311452546091388,-18.2378449432819
0.948229469872789,-0.390019110459827,0.0508010055228914,-0.295526351403987,-4.34536755200052,0.0659348331038851,99.5310534298435,-0.00420244801466652,3.39516510131313,0.412643493033148,-0.308429374815074,-18.2185088290691
0.948601173085323,-0.390129235135877,0.0507656002233733,-0.295057974427465,-4.34562732415051,0.0667595928171694,98.5475902600386,0.93105898016438,3.31814764788811,0.408807185688488,-0.306051733498667,-18.2875480790171
0.949068406407042,-0.390079995443077,0.0507155408869229,-0.294636033618503,-4.34589282485926,0.0675230197739262,99.3825021673197,0.775340658384948,3.18257921177533,0.407589129051925,-0.307944763124749,-18.315513379566
0.949626301068599,-0.389830101351226,0.0506187645814683,-0.294275395720709,-4.34618269265445,0.0682051256941394,99.9260210254961,0.916805364586253,3.27529941304232,0.414213768040279,-0.311329957946396,-18.3259302286692
0.950253195895928,-0.389366031300607,0.0504522386817676,-0.29397705512742,-4.34651785274039,0.0687955188051963,98.7833005482289,0.953714197516319,3.37237973846621,0.41513762459398,-0.314132703977728,-18.3713378423004
0.950930940041054,-0.388683387402585,0.0501985423426686,-0.293744220052026,-4.34690705043908,0.069299200676041,100.279746482292,1.08178570607652,3.39070021843858,0.417114703403659,-0.308399715311836,-18.3594214076562
0.951636861611994,-0.387798098309087,0.0498529048587916,-0.293571231222989,-4.3473539238692,0.069729513161684,99.2413656499009,0.812685965007176,3.21792507374627,0.412816680808918,-0.307477220672965,-18.4274846787796
0.952336405716045,-0.386746604453906,0.0494194421720559,-0.293443189362528,-4.34786409765038,0.0701055225580886,100.021771715731,0.983243583126296,3.34443654078086,0.412227157632623,-0.305074716316429,-18.443903991114
0.952994729883341,-0.385578335433499,0.0489114617894295,-0.293340121692216,-4.34844140722047,0.0704491866736219,100.437433848426,0.693517456554673,3.40586130682675,0.417047181595236,-0.309023602616184,-18.4383693395618
0.953584889651072,-0.384347896263579,0.0483509757889917,-0.293241500184355,-4.34908050993051,0.0707863401171602,99.3367721832788,0.390437302866303,3.27259031648546,0.419082895557155,-0.316544642893034,-18.5051069803843
0.954063402909543,-0.383134051869208,0.0477700815709531,-0.293105174639354,-4.34979097206829,0.071132147415911,100.998977005487,0.5727958185023,3.26310900799515,0.416087203026415,-0.312498885975757,-18.5013381011806
0.954405277597892,-0.381991783622537,0.0471933997103007,-0.292911465214741,-4.35056600971007,0.0715107739670631,100.101898638574,0.645304763111881,3.3137044111055,0.416758868150282,-0.310049690994835,-18.562672132441
0.954595088319244,-0.380966090666019,0.0466429816049016,-0.292640838751812,-4.35140196849377,0.0719326128244472,100.705126970613,0.8191050991677,3.26768476274179,0.416479521425369,-0.306850526322718,-18.576909194981
0.954623063165697,-0.380089082426531,0.0461352646950698,-0.29227965522313,-4.3522950532328,0.0724026548732783,101.323402168387,0.435477279439965,3.31576339410427,0.419031425217684,-0.309388413011891,-18.5923392163608
0.954486562024991,-0.379376783146844,0.0456778948385556,-0.291820277804256,-4.35324326271001,0.0729172983394503,100.434462200773,0.381074429825276,3.17149673344693,0.415830937664686,-0.31335988157823,-18.6538607641901
0.954215800394233,-0.378824141653164,0.04527446143026,-0.291272738730564,-4.3542200713969,0.0734826079239312,101.867303401144,0.436985407636257,3.31789397504693,0.42001737154566,-0.312058470143099,-18.6248653905462
0.953845106681347,-0.378419609500462,0.0449238534329194,-0.290647167702355,-4.35520065667361,0.0740995806149436,100.711939455597,0.352923949300703,3.29949309359722,0.417557141733356,-0.30890895740515,-18.6810932018024
0.95343024444436,-0.37812739299652,0.044617242520854,-0.289967347551511,-4.35615187674129,0.0747655528501454,101.421277138487,0.376494634459505,3.23323891872292,0.412104179765515,-0.309389828113979,-18.7018677602151
0.953033301099098,-0.377907081984963,0.0443431539218785,-0.289265084632214,-4.35703250452911,0.0754864478745825,101.952730567612,0.639649544817075,3.29489176195179,0.416730230833229,-0.309955970101097,-18.7206406379015
0.952719969364264,-0.377715253863135,0.0440890471745876,-0.28857426534993,-4.35779711881838,0.076272294195078,101.043970831955,0.544924082765874,3.28850931406234,0.421975099585302,-0.315147886490283,-18.7788901956306
0.952548533870407,-0.377525029803648,0.0438512278201251,-0.287916271726745,-4.35841010010966,0.0771283979640241,102.457522136415,0.784765623554904,3.4323458356549,0.42267353775597,-0.315034188649359,-18.7662668244737
0.952570046232183,-0.377325149056624,0.0436357771516755,-0.287302653436314,-4.35884065617924,0.0780588488244942,101.769947942842,0.549238204751191,3.30030607291485,0.416553336919731,-0.313310806210721,-18.8341797809536
0.952823823412968,-0.377114085186811,0.0434510309300535,-0.286743225638413,-4.35905948219955,0.0790780603008563,102.19486670966,0.423500719148706,3.26861276601932,0.415275914873404,-0.31038573922825,-18.8625824628855
0.953326736264252,-0.376898775369165,0.0433068957274765,-0.286235813566922,-4.35906144849055,0.0801820446114506,102.805625097377,0.88174450828501,3.41962010910009,0.422593036161443,-0.310574927571371,-18.8629401789171
0.954071876549601,-0.37670105638626,0.0432162796877077,-0.285768267331046,-4.35885998760548,0.0813626227509238,101.697951427181,0.640348431891425,3.29428304800217,0.424217998517905,-0.315687549279191,-18.920500610424
0.955032584667266,-0.376555945425842,0.0431964813679804,-0.285319403851039,-4.35847899974115,0.0826114862485796,103.343832823652,0.917766710748765,3.2943167765618,0.427877279875258,-0.315105742917142,-18.8958342764659
0.956163871946234,-0.376497987314181,0.0432591849151802,-0.284865924955211,-4.35795772234389,0.0839137169567201,102.366122817038,0.802878360389514,3.36173445451132,0.42338629912743,-0.312473703008907,-18.9499293191247
0.957412475671429,-0.376559466586965,0.0434125298377487,-0.284381060706244,-4.35734685450757,0.0852433398060276,102.845608818452,0.886213869171115,3.4246136220271,0.419542194417335,-0.311061376364238,-18.95207693891
0.958714247216146,-0.376772530598867,0.0436600057954044,-0.283839401415168,-4.35670353724356,0.0865760647750435,103.106412558596,0.640971933470155,3.37326095340825,0.419118396867165,-0.313898358430592,-18.9525079612975
0.960008138940982,-0.377172708030509,0.0440074590295359,-0.283211243537837,-4.35608224729822,0.0878883725230933,102.313524964352,1.14029726733907,3.27763333387662,0.421087271684719,-0.32105758500442,-19.0128323667029
0.961234294812025,-0.377774109055997,0.0444444038109799,-0.282476943778533,-4.35553716708706,0.0891532755722319,103.797581813576,0.684827423494198,3.40603547678813,0.424860143163538,-0.31899953101447,-19.0145208538651
0.962351773679975,-0.378576529566239,0.044954845621914,-0.281630269261323,-4.35510444038891,0.0903554618225327,103.019893009278,0.343953469101052,3.39694234898826,0.423734471819719,-0.31691124849162,-19.0784367421079
0.96333371513059,-0.379571617090406,0.0455205366037863,-0.280670618966633,-4.35480703376343,0.0914855589533854,103.438080708345,0.7063214566856,3.45563171445494,0.4265757202374,-0.316702610349944,-19.1093166304738
0.964175935057559,-0.380730549701489,0.0461156508119083,-0.279618412757237,-4.35464165785811,0.0925534083928191,104.078943156681,0.32281945428258,3.43779006604305,0.427088214441156,-0.316395708644238,-19.1202192053572
0.964894279304529,-0.382026786717352,0.046721014755162,-0.278491572811122,-4.35458924260011,0.0935729612285513,103.039838294354,0.537791191090491,3.29585021803192,0.42565592853253,-0.317984887532191,-19.1743397782588
0.965506748209935,-0.383410278487201,0.0473020223477746,-0.277323654640524,-4.35462557105799,0.0945631811953776,104.676983292906,1.00150863341673,3.36247936968016,0.430324929945375,-0.315872683781976,-19.1488410967068
0.966052804336318,-0.384825118449349,0.0478289680285918,-0.276157792301908,-4.35470362614319,0.0955566805899189,103.653583186125,0.936451582571181,3.34636826697979,0.42518811677917,-0.31405166162234,-19.2007010099247
0.966574706009169,-0.386214902884589,0.0482753706041759,-0.275038619613145,-4.35477424642457,0.096586671238572,104.187033340385,1.31578485544492,3.3569222344417,0.422076947967865,-0.315998587391696,-19.2030694099144
0.967101249122947,-0.387535386845189,0.0486205540463752,-0.274001759390501,-4.35479625474011,0.0976855082102756,104.66717498965,0.621618280672237,3.3906635206589,0.422492440600431,-0.312375360373752,-19.2044008283957
0.967657969822863,-0.38874041650333,0.0488447711427509,-0.273082014563878,-4.35473648881073,0.0988770244777717,103.46124849258,0.510600470037161,3.43402518712941,0.420254339159459,-0.319327695523808,-19.2674332194596
0.968267538574036,-0.38978503389221,0.0489322828376262,-0.272316115545633,-4.354563320013,0.100186248204539,104.911067719271,0.637715654626845,3.42871653683812,0.422521936712891,-0.318257641000467,-19.2522873606387
0.968931850308605,-0.390646051718557,0.0488777993150308,-0.271722718317987,-4.35426484949493,0.101628062883753,104.343250832796,0.531021190439105,3.41705022950873,0.423651646675491,-0.32096802790113,-19.3262058928644
0.969634298933684,-0.391305489746108,0.0486761654507201,-0.271310962679621,-4.35385584873274,0.10319742492274,105.025102038669,1.469122628386,3.40775671498773,0.42354046193467,-0.321011092309315,-19.3652430130605
0.97036110550875,-0.391757573643725,0.0483340393410995,-0.271078625080939,-4.35335553567261,0.104879844423722,105.676378008517,0.879732875118179,3.43256034180339,0.426796241529549,-0.320818589325198,-19.3838275629134
0.971086567209168,-0.392020928054183,0.0478679380215507,-0.271003348062466,-4.35279930310004,0.106649832173412,104.501512340528,0.0563651610741545,3.40365306346661,0.429835302073363,-0.318109820619469,-19.4347375147198
0.971775377305026,-0.392111283976265,0.0472916372667826,-0.271059113268415,-4.35224193615077,0.1084636592603,105.97717248379,0.674140187708645,3.51807653745288,0.434961993801175,-0.317585120678886,-19.3983144297672
0.972403936640974,-0.392065029818838,0.0466340394574543,-0.271204657172213,-4.3517330392927,0.110274916418632,104.954858614621,0.788842062556796,3.42044695708293,0.429523179929312,-0.313185230742589,-19.4546484186183
0.972952739730022,-0.391922851349694,0.0459249439232629,-0.271390526982146,-4.35132533881964,0.112028970774104,105.67323933545,0.682726146574169,3.46109868651001,0.424148888417445,-0.315891645225375,-19.4660972228982
0.973417637724091,-0.39172631563482,0.0451966841313103,-0.271566855832395,-4.35105921320192,0.113673726422385,106.025455395707,0.892613495927208,3.4337928920649,0.427703897288952,-0.317778119776366,-19.4597298461991
0.973804993615743,-0.391511942797472,0.0444783046675284,-0.271690777706547,-4.35096304032597,0.115165321587772,104.835091249536,0.493754287082538,3.34759706188194,0.429963883300684,-0.322116468846807,-19.51314403638
0.974131232569533,-0.391305894608172,0.0437933605109177,-0.271728276776316,-4.35105184055071,0.11646582735512,106.556506711759,1.09013078644034,3.46499014447335,0.430412292979802,-0.318725385873599,-19.5260881266658
0.974418499827609,-0.391135332883321,0.0431646590711544,-0.271646094733376,-4.35133233788538,0.11754337310822,105.8767884729,0.980133127733779,3.61544331830407,0.428431536171441,-0.318735541624597,-19.6136550217082
0.974696211604588,-0.391009312079918,0.0426010932216411,-0.271428325442353,-4.35179466739946,0.118381124401313,106.484089490754,0.740700246341703,3.49325044298118,0.433874130884528,-0.323059699451765,-19.6353014113679
0.975001551416766,-0.390924850857662,0.0421063262521385,-0.27107440638789,-4.35241076868836,0.118979667877993,106.833813892006,0.610121210925172,3.55859023481486,0.43874906591376,-0.322983312367998,-19.6421430570927
0.97535494969379,-0.390873018733512,0.0416727401032138,-0.270593773487081,-4.35315369175603,0.119351808139376,106.051357955835,0.58774181081867,3.38265915692764,0.437946830685467,-0.323504490406076,-19.7048558435946
0.97577450362377,-0.390840943588071,0.0412887896828211,-0.270005142670263,-4.35398673955152,0.119525545226035,107.466766598934,0.985301643067032,3.41658253935293,0.439153691980561,-0.318146814081936,-19.6855475435303
0.976277147248174,-0.390807129890785,0.0409391265327832,-0.269340240256304,-4.3548643698496,0.119542751645378,106.518763463204,0.389028720089982,3.42886846769284,0.437656057153342,-0.316358374206027,-19.7257002637763
0.976852042103238,-0.390752590355721,0.0406009448141617,-0.268632042321308,-4.35575306561435,0.11945237647328,106.955996234053,0.380076980266267,3.45231256719623,0.435169336879152,-0.320824922388021,-19.7280952464093
0.977480349031727,-0.390660364897263,0.0402522114542442,-0.267915403395642,-4.35662356612587,0.119307318426141,107.441800788929,0.873612873997445,3.50517434781011,0.436571628580924,-0.320496197367426,-19.72193018225
0.978139117879251,-0.390523475453444,0.0398801734119585,-0.26722092530105,-4.35744790499052,0.119162937384165,106.132895376501,0.077314417461821,3.44128091366369,0.434527932358893,-0.325656050802743,-19.7950587984793
0.978794747269754,-0.390345384695202,0.0394774103370022,-0.266568479972215,-4.35820860674712,0.119069111425601,108.104561346937,0.923405105156235,3.6281204195493,0.43477692989725,-0.323274834761181,-19.7928922919501
0.979411182555459,-0.390141959074192,0.0390459062938316,-0.265967728699369,-4.35889625695794,0.119069407219673,107.344587526298,0.571533557315206,3.43613407787359,0.435417451676582,-0.323090671130039,-19.8753970909314
0.979958517323882,-0.389930299548368,0.0385934620077715,-0.26542389891039,-4.3595015850222,0.119201441536813,108.004582780278,0.410612121515442,3.54279768233471,0.440435941635184,-0.326722822290267,-19.8951864341166
0.980414757915112,-0.389730137737152,0.0381339678747169,-0.264937017598682,-4.36001742816508,0.119494858184836,108.318939948659,0.995466656933559,3.59524477167727,0.445190315856078,-0.326657004019495,-19.906869942444
0.980773204756209,-0.389562007208728,0.0376883540604931,-0.26449706283068,-4.36044245594739,0.11995817536261,107.345697089377,0.550683070529203,3.37648834563052,0.440119171121684,-0.325800834114124,-19.9551385329274
0.981045698573915,-0.389437283613319,0.037277180301802,-0.264097765139132,-4.36076560134768,0.120597365717138,108.999669656064,0.644436106487319,3.58966508636317,0.438180614196808,-0.319251665388265,-19.9192331696728
0.981256507988111,-0.389369042872088,0.0369234550618834,-0.26372530218459,-4.36097799129138,0.121406130098442,107.817064651824,0.622651479395017,3.53799476522096,0.437939326699318,-0.320797188469906,-19.9751350450118
0.981442423193684,-0.389367145376138,0.0366526824912213,-0.263360838145371,-4.36107341155693,0.122362621238755,108.250123054391,1.90185785788185,3.53490902779117,0.437012355991712,-0.323928802533094,-19.9903445952225
0.981655996515113,-0.389418293176661,0.0364768056342957,-0.263001889495838,-4.36103611008295,0.123446174782014,108.879550330394,1.26205587164577,3.58292862289133,0.442244983565517,-0.325981711095652,-20.0000750648808
0.9819486118602,-0.389512663160218,0.0364065669518445,-0.262640262757757,-4.36085753629815,0.124626982946262,107.880849512363,0.948582164403888,3.47631478901479,0.441311221837434,-0.326322743139523,-20.0614368707842
0.982366334958116,-0.389628301290774,0.0364397602563805,-0.262273646734648,-4.36053799938522,0.12586852827115,109.490894697801,0.912281491425119,3.46967416153231,0.441923215943177,-0.327001076078492,-20.0635138448265
0.982941949970819,-0.389754906925978,0.0365740948553362,-0.261887049208148,-4.36009434768705,0.127122192779556,108.726983543637,0.330906149416933,3.62898049179734,0.437977569727308,-0.329883255455712,-20.1400830912019
0.983702391525237,-0.38987754032871,0.0368004002744227,-0.261478928421902,-4.35953545486705,0.128357860655755,109.486415114239,0.68390455383792,3.63688677777532,0.444543946643542,-0.332296362133763,-20.1642420397179
0.984649287343715,-0.38998140234348,0.0371000759372797,-0.261043009164799,-4.35889400653254,0.129533760836212,109.745696111439,1.09144449516384,3.6634404932322,0.448982951941471,-0.331383480139174,-20.1651491643277
0.985757565002664,-0.390062743761346,0.0374532065840987,-0.2605677777484,-4.3582198501008,0.130607232337574,108.649302138952,0.622808761804208,3.56045214804121,0.444690037785429,-0.329724348549115,-20.2166900721543
0.986992451175911,-0.39012297542939,0.0378408006050598,-0.260044838635736,-4.35756197269225,0.131547610737209,110.274235579063,1.29467624743847,3.61632416560047,0.444492831153379,-0.320145907825713,-20.2032624944601
0.988306472106904,-0.390164493869079,0.0382421531921162,-0.259471745808412,-4.35696735404696,0.132339268295024,109.577195658286,0.944178213176656,3.57188418875276,0.440948234995111,-0.322188769523414,-20.2716261597962
0.989648484922032,-0.390187895058169,0.0386382053122537,-0.258848671577217,-4.35648090174427,0.132970643706091,110.026652024229,0.421466183190432,3.59712218750184,0.441159685746925,-0.326012385218737,-20.2737185673199
0.990951798018205,-0.390206085146938,0.0390147924164197,-0.258173612983961,-4.3561486176031,0.133442072196225,110.310584988292,0.861044739647923,3.68006836902401,0.447283314547202,-0.329049446596799,-20.2688059610225
0.992163961070261,-0.390224916659681,0.0393606388095952,-0.257452254952688,-4.35600074755826,0.133764426064803,109.312776708752,0.622315501743969,3.59606549063764,0.444427362548842,-0.329657851478847,-20.34019425823
0.9932421585124,-0.390236937873903,0.0396616201267793,-0.256703559462635,-4.35604924507769,0.133963436152702,111.215538047135,1.17424497841057,3.57129193878666,0.440685207318646,-0.326283711711331,-20.3517001203484
0.994167444892327,-0.39023316529757,0.039911656694739,-0.255951458272366,-4.35628016568587,0.134078633986566,110.259367138854,0.860758985839539,3.67640502797849,0.443573308682783,-0.329237679121748,-20.4113813035818
0.994930216143533,-0.390206473300358,0.0401106143027542,-0.255214898213272,-4.35667446640251,0.134146024332893,110.667181072068,0.603421751813812,3.64016443837298,0.447737727909467,-0.330580309820309,-20.4142680646281
0.995538961677432,-0.39012924910708,0.0402517528637816,-0.25452962140463,-4.3571924027244,0.13421266520955,111.128003043369,1.25378896553275,3.7109478305926,0.451512407649714,-0.330015125903616,-20.4277127411204
0.996022792698836,-0.389979816920501,0.0403362797797821,-0.253925142419584,-4.35777978905165,0.134326031357698,110.341240961247,0.870182898380108,3.73483259159801,0.450456627250094,-0.327858136889049,-20.4908989546905
0.996420714496036,-0.389745509756185,0.0403723431717644,-0.253418686348788,-4.35838057321572,0.134524743231913,111.809651856253,0.934732195545848,3.64971298706647,0.447303022166738,-0.327652703964946,-20.4763889948252
0.996779195025138,-0.389416479271775,0.0403693269185861,-0.253020759808208,-4.35893757317721,0.13484030138213,110.834938913523,1.07915404691266,3.57421420195681,0.445828941593624,-0.326464036151257,-20.5288780739569
0.997143194659032,-0.388993266996827,0.0403413619397285,-0.252729907620276,-4.35940320435077,0.135291173475543,111.471645161584,0.668263260146205,3.64446865715041,0.456233785141229,-0.328754171542337,-20.5586853553706
0.99755376640051,-0.388484395814025,0.0403030257812368,-0.252537387611921,-4.35973649283344,0.135890392254942,112.36411672374,1.01936728240457,3.6520417943988,0.457839466961361,-0.33249101458316,-20.5845453808551
0.998048123322949,-0.387912351498672,0.0402741504017045,-0.252420447420073,-4.35990967973975,0.136636418589114,111.270632253489,0.882504392915052,3.58204722501551,0.451915043667162,-0.331989409794454,-20.6516983272942
0.998657402497959,-0.387299730761528,0.0402706425639242,-0.252355156711363,-4.35990701086843,0.137518245048581,112.637536789384,0.494659223211102,3.49779718576852,0.448315085560385,-0.328931171447364,-20.6261947653686
0.99939500519332,-0.386672606330199,0.0403034019623807,-0.252314124816172,-4.35973235580643,0.138515549674416,111.672599922818,0.937606270548713,3.5230896553968,0.449595962071111,-0.329303312011748,-20.6858499171899
1.00026607659305,-0.386052639822896,0.0403788317366641,-0.252276518885002,-4.35939949851767,0.139604683928186,112.383030633617,1.4433901558325,3.67134695453808,0.451766550112108,-0.333237139864549,-20.7003766788706
1.00126660782683,-0.385466078354904,0.0405023738269577,-0.252220343682238,-4.35893219634216,0.140759770278217,112.905133536651,0.621653435397548,3.63195632216525,0.452784048080479,-0.33306281072385,-20.7080755296599
1.0023915345736,-0.384926132560643,0.0406711649037534,-0.252136207737744,-4.3583537542689,0.141958494554583,111.823886272766,0.199190554660845,3.64500786326502,0.451130708281706,-0.335159825178211,-20.7589802121456
1.00362834686589,-0.384430611852887,0.0408727955864366,-0.252031049122367,-4.35769097493505,0.143182679644845,113.333104241685,0.444129715836198,3.77763883278357,0.452010180876049,-0.330114619248429,-20.7278641896257
1.004960141757,-0.383970745021553,0.0410912758972709,-0.251921766505433,-4.35696976957836,0.144420706783417,112.043236731456,1.14645463847887,3.53185799122522,0.447616499478932,-0.327782245161502,-20.7897111393071
1.00635934176535,-0.383539515382463,0.0413088853806697,-0.251822071342368,-4.3562230628479,0.145658885732616,112.815087703646,0.698286187446229,3.53469330154093,0.447802289643198,-0.331077773100708,-20.8030369823136
1.00781187416791,-0.383131675738072,0.0415147700741469,-0.251749574642902,-4.35546370452621,0.146898497443571,113.269522747594,0.648639425448664,3.69087623137423,0.453858444950713,-0.333116711635479,-20.8158150077617
1.0093042182481,-0.382735316412212,0.0416977298871652,-0.251726015866049,-4.35470164614284,0.148141589514399,112.532819121546,0.219214522276843,3.64998671853974,0.456180840958517,-0.339200432128349,-20.8790272868057
1.01081422725555,-0.382338914557886,0.0418456574744724,-0.251772021719364,-4.35394629262384,0.1493948549657,114.293692780657,1.65337959500971,3.62036730760153,0.45352425958158,-0.333630179365853,-20.8909967964046
1.01233032566179,-0.381951682856327,0.0419635288436763,-0.251890293912432,-4.35319846594866,0.150665060981725,113.258745056999,1.33739049275232,3.65430175876639,0.451015010107225,-0.331610171865509,-20.9504403914361
1.01383840959853,-0.381591588970483,0.0420613871938162,-0.252069346127854,-4.35246330953747,0.151950772842076,113.532350472936,0.628847350060596,3.59789883694782,0.453914077286696,-0.332803451050056,-20.9450109336881
1.01533316625209,-0.381267385398093,0.0421468108931636,-0.252298956851915,-4.35173883182202,0.153251485108761,114.046338822781,1.39567298469342,3.5793034991909,0.455847735794837,-0.333619955187096,-20.9557950266698
1.01680780629505,-0.380994893037506,0.0422318314601206,-0.252561035973259,-4.35102343733393,0.154566677433579,113.38640039952,1.44992917903323,3.5995115100348,0.453398944423769,-0.335571440408114,-21.028596834419
1.01825675831239,-0.380795429834835,0.0423316384413626,-0.25282712781253,-4.35031786726724,0.155890988385958,114.875894162811,1.06252081824982,3.64357253513285,0.458709563991784,-0.332584640158342,-21.0131707441646
1.0196900592896,-0.380684315177509,0.0424630266539463,-0.253071915716625,-4.34961264879123,0.157220988259906,113.758382915607,1.28009189515387,3.69810749065763,0.456355106097062,-0.331683834802275,-21.063601985106
1.02110682820864,-0.380673459875323,0.0426343922447254,-0.253264628964612,-4.34891436547873,0.158541891112857,114.299660815235,1.007806674618,3.59116021604558,0.45574449294062,-0.334108540983687,-21.0859130494591
1.02250690500434,-0.380749050425221,0.0428372211554872,-0.253394650660124,-4.34822804639349,0.159843689105371,115.078461137501,1.35716248924427,3.80198386029397,0.45551014913825,-0.329130521984915,-21.1138015745507
1.02389357155337,-0.380901348649349,0.0430682360268485,-0.253449031356303,-4.34756071928095,0.161113839902658,114.110282200047,1.01678465385976,3.72390095621458,0.459082171824694,-0.333858687030736,-21.1990570283129
1.02526346909481,-0.38110894365421,0.0433142986005612,-0.253425128554768,-4.34692332408326,0.162340381268314,115.938180434229,1.573046845313,3.72714386836159,0.462664047583357,-0.337164557601653,-21.2000544455638
1.02661421822642,-0.381346541224078,0.0435595533641164,-0.25332595811819,-4.34632901942383,0.163510277377502,114.828342042762,0.865927185876217,3.6931235425802,0.464299672824886,-0.338637932952144,-21.2569894481272
1.02793457703242,-0.381598787238316,0.0437919040559979,-0.253149882932315,-4.34579942065308,0.164607257244787,115.187515652827,1.14681620809142,3.68784481278783,0.463243850371367,-0.333477416956455,-21.2495564067713
1.02921010959404,-0.381843551815802,0.0439952624885785,-0.252910100313035,-4.34534875681325,0.165628275273092,115.741933858853,1.18460607927886,3.69249001383906,0.457937010475657,-0.330100434353629,-21.2420505165751
1.03043209638815,-0.382067980972177,0.044161456190893,-0.252614404749315,-4.34499306269816,0.166562269172715,114.792589895635,1.3676899768559,3.70790024059463,0.455178331686382,-0.334468641732669,-21.2945971937849
1.03158605677541,-0.38226291113768,0.0442842099485568,-0.2522759446978,-4.34474460610649,0.167406634631673,116.259570522314,1.04140137026002,3.67048697057567,0.45319594384579,-0.335761895438558,-21.2572830756579
1.03265739164278,-0.382431444610756,0.0443632252678102,-0.251904712030773,-4.34461237909115,0.16816526016576,114.870703371787,1.11092161964575,3.67905405396885,0.454866633339622,-0.342031693302525,-21.3113324375766
1.03362752865119,-0.382593965908805,0.0444071103752,-0.251498257326916,-4.34460765147369,0.168839053555711,115.767560511509,1.34250894638262,3.84858698952641,0.455290882581451,-0.340772990921875,-21.3437107769712
1.0344938248155,-0.382755490835812,0.0444203743349486,-0.251070984384677,-4.34471993645949,0.169443489135683,116.608044254612,1.22833859328716,3.83811763155765,0.456475987069568,-0.339239265106544,-21.3873194801773
1.03525256885513,-0.382930959520014,0.0444106043991882,-0.250631137368454,-4.34493974815496,0.169995657700027,115.752117137426,1.29281918766992,3.72439692900659,0.459694014321322,-0.339542813689785,-21.463602137919
1.03591861045745,-0.383118510237333,0.0443795159187763,-0.250199284912747,-4.34523907668084,0.17052080606613,117.097830362692,0.819893443317596,3.60882590789006,0.470083364191046,-0.338082210150329,-21.4445130054154
1.03650418806159,-0.383332225950404,0.0443354858735587,-0.249777867708417,-4.34559575801606,0.171038170712788,116.0835396897,0.899629012735204,3.76970669808438,0.468852770331663,-0.338591477776769,-21.4980749563381
1.03702770091533,-0.383567716316252,0.0442779489987492,-0.249382180997406,-4.34597984381,0.171572249010579,116.755506256234,0.72135796356406,3.72011309703171,0.465413329309689,-0.337768107810084,-21.52397175478
1.03750904298632,-0.383810672781884,0.0442007544222054,-0.249029260973483,-4.34636249882303,0.172144254244707,117.44436680405,1.05179260847808,3.69321952481306,0.465397106904636,-0.334138626574556,-21.5401581309648
1.03796816617703,-0.384052517108984,0.0441016334387492,-0.248726709611282,-4.34672068457319,0.172767865700642,116.459975504034,0.698533226213158,3.80170103792724,0.467014738888261,-0.339289774869798,-21.5784071388505
1.03842890408041,-0.384292857804517,0.0439865304881998,-0.248469684663818,-4.34703334292058,0.173448309886707,117.574630286007,1.19828426140612,3.72956770183288,0.467739109595989,-0.335858693709521,-21.5390052022396
1.03890434923796,-0.384529660723601,0.0438581342287022,-0.248250164325943,-4.34729201226188,0.174183923298734,116.619299472388,1.80302650399994,3.83127802370586,0.463644519743391,-0.339300524832315,-21.6035472779482
1.03940758778988,-0.384746352146797,0.0437139155939691,-0.248064070788915,-4.34749716860079,0.17495999688077,117.277417321089,1.58504251562135,3.76493966628632,0.45903002486478,-0.340651577801693,-21.6353185989641
1.03994124041324,-0.384950979880518,0.0435655431754478,-0.247891120620753,-4.34765495526776,0.175761208532885,118.163486524722,1.45959016552774,3.82387709506031,0.463681426160799,-0.341523244434584,-21.647175583709
1.04050139400672,-0.385153880267712,0.0434251453279191,-0.247701659637569,-4.34778882183909,0.17655457664291,116.984794756439,1.25720170452701,3.74488205945465,0.464192735977599,-0.348201488823722,-21.7121010518913
1.04107427617882,-0.385360474116473,0.0433000437547361,-0.24747306446382,-4.34792717560207,0.177310538729159,118.553368178267,1.74982285586293,3.82274233132958,0.468824660293572,-0.34686089616403,-21.7079874434642
1.04165340037323,-0.385580507418187,0.0432028986169602,-0.247181492571504,-4.34809280791911,0.178001583206958,117.638680051898,1.48554563150356,3.71755575043142,0.46961125899802,-0.342607908594377,-21.7760574543923
1.0422269948865,-0.385828623044814,0.0431475042423131,-0.246802391405786,-4.34831175420526,0.178601526898662,118.407028520458,1.35986963139385,3.71967259515534,0.469360224047994,-0.337153319697916,-21.7922196804894
1.0427905049604,-0.386112179164762,0.0431443539890559,-0.246323696211931,-4.34859719035732,0.179098108941227,118.707559192476,1.20860462603105,3.75069217193649,0.470466737915827,-0.335804627562638,-21.8103777791404
1.04332946588924,-0.386422713680419,0.0431872041351221,-0.245746126275818,-4.34896746295957,0.17948257053264,117.893495489262,1.27644857356336,3.83876744692168,0.46792132735678,-0.338748635002709,-21.8670339218355
1.04384464778631,-0.386752986255351,0.0432733758029836,-0.245076661550934,-4.34942342050745,0.17975984988201,119.241178020235,0.944039279853769,3.68796682993684,0.469378444790937,-0.340984210574421,-21.8568270025421
1.04434447122162,-0.387104273338737,0.0434043001580096,-0.244323933720542,-4.34995064005381,0.179950717912109,118.559270621039,0.687604920466356,3.7117458398958,0.469195076163584,-0.343138580495202,-21.9254950179957
1.0448341921578,-0.387472833775183,0.0435766401924703,-0.243498972923381,-4.35053668994155,0.180074167027707,119.159127130297,1.19367660463854,3.88603784465167,0.465342304686244,-0.340162279721222,-21.9562688393923
1.04533383239574,-0.38784597348846,0.043784501768257,-0.242628533053797,-4.35114805100737,0.180168208072727,119.832704400708,1.39307572512371,3.7821129384711,0.471086521830959,-0.338221901077616,-21.9649071940644
1.04586799770629,-0.388224565600121,0.0440310551047599,-0.241732301072197,-4.35174290171177,0.180276130643204,118.677561323649,0.92924863040389,3.76233609287027,0.470156271501097,-0.345968632512597,-22.0301583200403
1.0464637917244,-0.388611240378863,0.0443228950508185,-0.240826363612246,-4.35227931880399,0.180435581112475,120.459094120665,1.73309195193065,3.8720405309486,0.468672427313975,-0.343006703548653,-22.0096430298188
1.04714140402391,-0.389018713930886,0.0446700303030567,-0.239919295293236,-4.35272038741494,0.180681427303893,119.142534795367,1.43163503593132,3.76591087837252,0.47208194684405,-0.344082524597803,-22.061069273539
1.04793065477455,-0.389444695084196,0.0450807651017928,-0.239034683748559,-4.35301600244083,0.181055786843832,119.83790966017,1.45120274723376,3.75650240659627,0.47116055997767,-0.340937300654469,-22.0547794453105
1.04884331601531,-0.389902106766671,0.0455674703533377,-0.238176949146153,-4.35313988171621,0.181579775295933,120.14134279851,1.21399066716663,3.73558203697934,0.471434327238851,-0.339021740772683,-22.058648504475
1.04988823480848,-0.390404148255978,0.0461451504625012,-0.237349003891876,-4.35306755035842,0.182271177070112,119.299137581121,0.860734269742352,3.74466328628017,0.470845105004986,-0.33926595790031,-22.1194288373057
1.05105859219785,-0.390952406282802,0.0468173901906513,-0.23655410141596,-4.35279444199605,0.183131737728323,120.871257413729,0.878371780783937,3.91007086106009,0.473559430554619,-0.340746467832189,-22.1342928925271
1.05234011872358,-0.391534434665241,0.0475790047687853,-0.235804656686959,-4.352323569429,0.184159232582205,120.258443326327,1.57572466141141,3.79138354885905,0.477544802915959,-0.345820406723725,-22.2117561832126
1.05368411808902,-0.392137839556613,0.048412219142015,-0.235099048524756,-4.35170015278523,0.185321352804648,120.70565181394,2.04790623116219,3.9282890736323,0.480217254707142,-0.345463634697055,-22.2492046990727
1.05503783755193,-0.392747621785571,0.04929460686723,-0.234434673943601,-4.35097512087541,0.186583198376832,121.637790243897,2.11692221129783,3.89585321847969,0.480658187177604,-0.344465130237332,-22.2751111797902
1.0563433399554,-0.393333822700088,0.0501922368407267,-0.233814638189566,-4.35021170282575,0.187899166350065,120.402514448124,1.25911946331962,3.91792724534812,0.479853275894917,-0.343287211627471,-22.3415950366349
1.05752389183015,-0.393855047622271,0.0510549179625607,-0.233242362562717,-4.34949627863476,0.189210366341582,121.960375494163,0.965291811694442,3.93991749869079,0.481271900299471,-0.339457169717703,-22.3005958204024
1.05851194065702,-0.394278393984733,0.0518357767105273,-0.232717226206322,-4.34890731185414,0.190465319687892,120.68979905247,1.31702386687994,3.73184068911388,0.479373588864897,-0.342677394064861,-22.3445228386055
1.05924952794985,-0.394576954625435,0.0524907288307416,-0.23223131857499,-4.34852144027332,0.191609326319211,121.27114414414,1.52137296167007,3.67767660741916,0.474043057634756,-0.342254426647588,-22.3574768413086
1.05969222046655,-0.394728124709481,0.0529793043784551,-0.231773995105909,-4.34840737891998,0.192590946295839,121.898651046893,1.46252699054662,3.73846987948997,0.473084845500432,-0.341735532437304,-22.3596082311605
1.05981891554101,-0.394722335877725,0.0532730183712863,-0.23133298560712,-4.34860884324896,0.193375180640281,120.813277799759,1.29197783665768,3.81313812643742,0.473187277875299,-0.347478171485741,-22.4215964609249
1.05963751715803,-0.394561421942511,0.0533581757546805,-0.230894639452604,-4.34914263321777,0.193941708254734,122.610690958951,1.101470046759,3.94730303230452,0.475213392688876,-0.3450374371378,-22.4263944755
1.05919105599331,-0.394264248789067,0.0532435657754733,-0.230445286340698,-4.3499887362617,0.194291898825267,121.683818630768,1.56854381226822,3.8453593765129,0.477621520485897,-0.349277805586277,-22.4984572822213
1.05854348002038,-0.393854707743735,0.0529471222462701,-0.229971846499512,-4.35110672547519,0.1944363858452,122.149066569192,1.39265590723403,3.84427628731598,0.475507469330012,-0.348897700658879,-22.5109086022027
1.05778049327109,-0.393363032107342,0.0524986307617989,-0.22947075324879,-4.35242333499754,0.194411194394564,122.810218651845,1.15430883941713,3.8426048499627,0.478918790504867,-0.348265498158317,-22.5187411322813
1.05700340316513,-0.392831239533338,0.0519446253009008,-0.228937417352784,-4.35384692403049,0.194263711710359,121.79896208634,1.70149930632624,3.85030955548044,0.475345262964344,-0.348362082981926,-22.5928057194077
1.05631019879836,-0.392297657967617,0.0513334519665866,-0.228375161997875,-4.3552801213613,0.194048201944872,123.49364070747,1.61418286039543,3.82042936376897,0.480488451695831,-0.344927677835795,-22.5829694737091
1.05579653904118,-0.391798284111992,0.0507158535763638,-0.227793956000794,-4.35661916545563,0.19382594582219,122.250236960486,1.48535032084897,3.77861478007122,0.479970455121304,-0.348622949218729,-22.6194053418394
1.05553592754602,-0.391366080181818,0.0501375589759972,-0.227201393328896,-4.3577814747483,0.193646716896704,122.563307923991,1.11931672166997,3.88059332889662,0.48207186499977,-0.344670032975784,-22.6034483229761
1.05557823924504,-0.391026755920462,0.0496379642118176,-0.226610213744438,-4.35869770423271,0.193558855971809,122.997399481135,0.401093993675431,3.87626603151082,0.479344377134186,-0.342153778038606,-22.6190686538559
1.05594231263799,-0.390792468164246,0.049239619716738,-0.226031756880531,-4.35933143327127,0.193590702948233,122.411557721727,1.51762618285693,3.90006055677617,0.471246744270157,-0.346838547597357,-22.690028073505
1.05661070709346,-0.390666515218598,0.0489515618211215,-0.22547477743844,-4.35967917900321,0.193753618642076,123.923246772772,1.34984923572119,3.93330045995114,0.477568551661763,-0.346117931408554,-22.6804313911344
1.05754343982175,-0.390646719165682,0.0487723134257305,-0.224944153486754,-4.35976324226951,0.194045176633731,122.922940056343,0.89654905896964,3.90088171648375,0.483581228401002,-0.354902358702653,-22.7398024982436
1.05867332368932,-0.39073057102587,0.0486905789774014,-0.224435314479749,-4.35963504852929,0.194447451615251,123.537832644064,1.50179502792093,4.05130431553161,0.485639794515881,-0.352997084900467,-22.7610383838212
1.05992706599535,-0.390901994677126,0.0486836451802099,-0.223944293905591,-4.35935628707472,0.194933680635868,124.356625127458,1.3623932578214,4.06670235953379,0.481850403283104,-0.34716304391185,-22.7904500362831
1.0612313527977,-0.39114691467328,0.0487269924976303,-0.223460814834856,-4.35899763418391,0.195469685483399,123.313348195371,1.39920207609589,3.84928946240345,0.482770412103194,-0.346614932287921,-22.8574672697355
1.06252371859541,-0.391443928672064,0.0487929486246882,-0.222981199109349,-4.35862113806119,0.196027175053879,124.789066390449,1.90898949817029,3.85670722178284,0.485897245022077,-0.345420839706914,-22.847089824298
1.0637541008727,-0.391779935612576,0.0488609430515547,-0.222494513187571,-4.35827907332941,0.196580768626713,123.847043668793,1.52465860269399,3.99233835063779,0.488327523205486,-0.350555225520143,-22.8974805820566
1.06489073057915,-0.392150774429368,0.0489182599726986,-0.221987082642484,-4.35801027278399,0.197112941263327,124.284927563581,1.54870058086385,3.89366204204828,0.488220662262487,-0.348930494325581,-22.9115882695555
1.06591840201911,-0.39255422472583,0.0489607871252373,-0.221451092943874,-4.35783213140018,0.197619110365099,124.975053356991,1.4214957957538,4.05403645344569,0.485989802366206,-0.34457230116248,-22.9218704929174
1.06684631602172,-0.392986568826503,0.0489903738234139,-0.220886185657689,-4.35774089158266,0.198105794980295,123.884405866294,2.07129681762194,3.91876218273975,0.482510280725645,-0.345277514321101,-22.9992129912173
1.06769371581525,-0.393450152648189,0.049016850696534,-0.22029375515685,-4.35771646617024,0.198589948367278,125.886275331607,1.68410526172761,3.98400760701389,0.48734170950578,-0.347003274828996,-22.9919838155102
1.06848066241636,-0.39396013776949,0.0490602787373673,-0.21967087668854,-4.35773156112631,0.199094528759317,124.63474699718,1.12566359167567,4.02864442683676,0.485908548922804,-0.353958745144649,-23.0541355636997
1.0692337296146,-0.394517254488084,0.0491356234340888,-0.219027617342581,-4.35775269786376,0.199644407721895,125.271357635757,1.1242926287232,3.98304025918944,0.483592982997495,-0.354023556215054,-23.049662490079
1.06997192395318,-0.395125737297914,0.049259866530993,-0.218370234394942,-4.35775109552619,0.200258652764293,125.658845692483,1.46961573854855,4.01137468532124,0.484310426280594,-0.349320405783277,-23.0623444620085
1.07071124882588,-0.39577918240337,0.0494427733069759,-0.217714069788081,-4.35769691983547,0.200958660007586,124.897574753725,1.9320641482816,3.76410842557118,0.479798773729616,-0.346723691271855,-23.130842477491
1.07145023208093,-0.39646796062426,0.0496868291432923,-0.217071642836081,-4.35757964869221,0.20175305407319,126.359607182585,1.724255994038,3.93208362176105,0.482729387736662,-0.346619608272742,-23.1070519438879
1.07217793969886,-0.397191705167945,0.0499962029896892,-0.216443042674829,-4.35740290565106,0.202637392413804,125.176031734637,1.0379947186716,3.8683869434459,0.488762355903789,-0.351762910798598,-23.1490705789183
1.07288373328107,-0.397928233921423,0.0503583434699705,-0.215841249868104,-4.35717210518188,0.203605157445347,125.923633857229,1.35965444563794,3.94455291797553,0.48774506390123,-0.356387214091589,-23.1750663533037
1.07356883489632,-0.398651090284684,0.0507594900391276,-0.215279291468937,-4.35689037132949,0.20464551948887,126.542281123761,1.49918173222841,3.974438408965,0.488047231191113,-0.35216371485499,-23.2154745000566
1.07421763128849,-0.399341271745426,0.0511812700891225,-0.214758202748573,-4.35658147568155,0.205735106361289,125.72104071361,0.917641550815688,4.03630023861072,0.486679200778294,-0.349466984696137,-23.2782342233404
1.0748316070129,-0.399960508880252,0.0515941504702502,-0.214292406280635,-4.35626102915824,0.206851400458399,127.227796232046,1.27579862737457,4.05941422774006,0.494422500373499,-0.347181324564547,-23.2683965160872
1.07542475191736,-0.400487004238306,0.0519795559649804,-0.213886775339351,-4.35593683270153,0.20797618540743,126.269663050591,1.9025808516601,3.97438433943159,0.496513696537241,-0.351752316740124,-23.3394617798811
1.07601668649495,-0.400893652282523,0.0523155231866542,-0.213550327545803,-4.35561140861951,0.209093969298351,126.961267139533,1.21659075156481,4.19448194810295,0.497820041672723,-0.355529059338722,-23.3588325365103
1.07663888254881,-0.40115517162528,0.0525843998672653,-0.213293619132114,-4.35527885071522,0.210194432109563,127.316670385525,1.17745637798726,4.11439326392562,0.497314239091303,-0.351274187326752,-23.3573161500872
1.07731050557174,-0.401256953486058,0.0527701508092338,-0.213123295357902,-4.35493684593127,0.211272765271731,126.177169199369,1.83727187460499,3.97359214064025,0.490673482645811,-0.35302908429896,-23.4123479494096
1.07806037068503,-0.401182456676928,0.0528604950316632,-0.213049497560883,-4.354573744563,0.212328932301537,127.794078690348,1.88014436411731,3.98864259175122,0.490272742777405,-0.350958536654306,-23.394829241217
1.07890933693348,-0.400921125815366,0.0528469647238725,-0.213081316943462,-4.35417861563699,0.2133666540608,126.988766805696,1.49948229428969,4.03711792683728,0.493324304522154,-0.350437698823188,-23.4585896778392
1.079868119181,-0.400472452396146,0.0527272370429919,-0.213228436026433,-4.35373641064298,0.214402100719452,127.662757755426,1.45696955538733,4.19608863227324,0.495996546507361,-0.350998803550257,-23.4920399685506
1.08093076453356,-0.399839760844822,0.0524992094497606,-0.213493816695387,-4.35324773095411,0.215442580945688,128.389717338914,1.57964833472033,3.99022280694618,0.496373839486481,-0.356518487464973,-23.5115044203288
1.08208182110415,-0.399031939080475,0.0521640840653947,-0.213879569063719,-4.35271509718895,0.216497667448289,127.132562848943,1.45136689654214,3.98836201373948,0.492064542190342,-0.357745341277837,-23.5759451648455
1.08329993149195,-0.398076695703645,0.0517365761734378,-0.214372299033956,-4.35214620838475,0.217571907609839,128.683179754172,1.81837916374184,4.26284466632285,0.493064970683192,-0.356218012097145,-23.5351661794499
1.08455833588001,-0.397012776802347,0.0512389570953647,-0.214953984431683,-4.35154975718206,0.21867390352135,127.415858019426,1.86214149141301,3.91096021516236,0.49209662376752,-0.354895581972006,-23.5893794121717
1.08582166558721,-0.395881059272279,0.0506914430932567,-0.215598452178554,-4.35095012944395,0.219796342454377,128.517290812935,1.83370604847664,4.08168732148982,0.489598221016352,-0.352691887292812,-23.6055165312955
1.08706841252223,-0.394736054740312,0.0501279507506316,-0.216271312622175,-4.35036284313351,0.220933707963622,128.818265097903,1.20280844687068,4.09637606858558,0.492421273829764,-0.356540396117609,-23.6180628182449
1.08827532117673,-0.393639275748951,0.0495846616245343,-0.216929325276033,-4.34981047859339,0.222072769743993,127.604695935946,1.63857777351313,3.98443395928484,0.492426166165378,-0.360299870653395,-23.6601385820249
1.08943070387332,-0.392643976757585,0.0490963139491514,-0.217534443838861,-4.34931259365732,0.223196769402786,129.13599966568,1.3923444050763,3.96826845550405,0.492425545162119,-0.357191299477805,-23.6422104183729
1.09052799445652,-0.391810127995399,0.0487000833041647,-0.218038638633808,-4.34889191949526,0.224280418711733,128.215365625012,1.78810586581335,3.80869264939426,0.491683615838626,-0.354284536421664,-23.7260945292138
1.09157481141582,-0.391179706238395,0.0484236833527559,-0.21840414748832,-4.34856284860228,0.225297844019071,129.229379118543,1.59749587105853,4.00260675447822,0.49482242052745,-0.355007933693985,-23.7631464005346
1.09257718078561,-0.390790166030543,0.0482909643129606,-0.218593229163586,-4.34834404479425,0.226219824007054,129.733481435629,1.82346022904039,4.09372033195095,0.506559221944956,-0.357321952346403,-23.7858730927103
1.0935348165385,-0.390671518000062,0.0483163166584361,-0.218570954265711,-4.3482561386958,0.227018474179258,128.71406442905,1.31334004578753,4.10392672381107,0.506449380401339,-0.360574879581592,-23.830877461529
1.09445069828496,-0.390823701297787,0.0484965638332263,-0.218324158520447,-4.34831110664299,0.227673650703431,129.863093033581,1.662321803738,3.97852447575806,0.502616505985143,-0.357417628806388,-23.7992088600503
1.09532568946247,-0.391239872642478,0.0488219022469452,-0.21784127572851,-4.34852121976526,0.228165151874368,129.056590496738,1.81828963113276,3.99962938361213,0.496947153436332,-0.353096143005047,-23.8565152489356
1.09614698733591,-0.391886789359909,0.0492632747356147,-0.217131304806326,-4.34889912456248,0.22848227462509,129.951500506264,1.87684117049935,4.05432122267044,0.496396993708153,-0.349599498159323,-23.8843930926429
1.09689640717138,-0.392720336992733,0.0497835899019127,-0.21621331701986,-4.34945106505845,0.228625453867412,130.377531993451,2.08883213042782,4.15456243468441,0.505215186275106,-0.355176226056603,-23.9079314360285
1.09755865670214,-0.39370024858737,0.0503494059048332,-0.215107507663059,-4.35017301014298,0.228605637901873,129.294093235325,1.38226867617391,3.94175996389899,0.506172893265522,-0.362703080155131,-23.9637981838008
1.09811087316089,-0.394786499421535,0.0509286542774913,-0.213839877403391,-4.35105575384607,0.228445879027207,130.567639106913,2.03820068726304,4.06997100348434,0.506247850166459,-0.361497793719553,-23.9573070938304
1.09854267204136,-0.39594689415744,0.0514988113663402,-0.212437471341553,-4.35207588451973,0.228179885524171,130.309900844112,1.48797895768234,4.17506820691113,0.501390686562812,-0.355002884403571,-24.0530291767877
1.09884096787066,-0.397149272304148,0.052037373925841,-0.210930214523694,-4.35321220797201,0.227841909317656,131.116681503866,2.25374498228939,4.12229513290609,0.501421693957459,-0.353143917698941,-24.117979955296
1.09901170688886,-0.398374714140438,0.0525387217846048,-0.209348069162922,-4.35442398219488,0.227477623198262,131.803718026401,2.21790162089201,4.23487926079846,0.509819950597676,-0.359506549012443,-24.129160106618
1.09906663173263,-0.399614941985995,0.0530040750730243,-0.207717219274084,-4.3556691813144,0.227132990288703,130.291045985705,1.4571148866512,4.2012666155901,0.514325402478979,-0.364390822147519,-24.1589303654155
1.0990340923812,-0.400863031161915,0.0534428474220871,-0.206068145915829,-4.35689654800522,0.226855909890815,131.93476619964,2.08784745889284,3.94804955848349,0.509617647832269,-0.359137540522281,-24.1265349436165
1.09894466336908,-0.402116595394425,0.0538658216405162,-0.204427489393303,-4.35806186189916,0.226684483388432,130.889970983622,2.27396744471662,4.14620345843278,0.49532139034368,-0.352031205311398,-24.1986361223005
1.09883722868875,-0.403365444175995,0.0542816211976307,-0.202828544595447,-4.35912126909362,0.226651751492002,131.767522087426,1.97932764579491,4.09995204101457,0.493809303982676,-0.350514629727376,-24.2022774726009
1.09875036910285,-0.404592277178343,0.054693682197334,-0.201308409573179,-4.36003738534647,0.226783381241902,131.940617429257,2.03777392683492,4.26115061952493,0.503126956036308,-0.356723192573179,-24.1859224297282
1.098723440346,-0.405782192951516,0.0551044363647005,-0.19989224966634,-4.36078797982115,0.227084219490007,130.670659061248,1.64607032875028,4.03653931844832,0.503293252413879,-0.367868676552734,-24.2490974495095
1.09878597831845,-0.406899272112197,0.055499313002827,-0.198620562975276,-4.36135780829927,0.227559094506059,132.545424151089,2.07649172317042,4.00012275988212,0.501899144249345,-0.362951833155453,-24.2654512223695
1.09895322233339,-0.407899449443182,0.0558551230421197,-0.197529051462221,-4.3617515977193,0.228193109933382,131.812240934578,2.10664968622086,4.1440490188198,0.497333224474555,-0.358637269484285,-24.3553542956118
1.09923950635405,-0.408736401158325,0.0561442970359122,-0.196652728467617,-4.36197590375884,0.22897141741939,132.680000826693,1.55698227097832,4.2727004728481,0.502161001454484,-0.360791144792203,-24.3761844416273
1.09963920212439,-0.409373589394383,0.0563380420614268,-0.196011119600968,-4.3620557936921,0.229866921644484,132.952728007649,2.17692576488275,4.16391884239005,0.51138619910515,-0.362722122961332,-24.3815309426061
1.10015450772001,-0.409777007399486,0.0564128840464806,-0.195618848336539,-4.36200978790423,0.230853719536616,131.833148271585,1.29557070602937,4.09762906008848,0.512078876463679,-0.366521448870639,-24.4256146120567
1.1007657150499,-0.40993205876433,0.0563491975119003,-0.195472080930294,-4.36187226542015,0.231899997070863,133.32997509124,1.85078494582467,4.14172844078394,0.512901543130666,-0.359036576291738,-24.3884969863166
1.10146125065691,-0.409839269020082,0.0561414743645956,-0.195554206877607,-4.36166763974007,0.232977094226647,132.202999709282,2.02381936980646,4.12929151014359,0.503605637060161,-0.35383663798777,-24.4406790712155
1.10222330375864,-0.409526499726972,0.0557979856660885,-0.195832052397573,-4.36141901557311,0.234064932318113,133.091941768531,2.79573713321452,4.12795498888502,0.50275015455832,-0.356363900471964,-24.4512718457391
1.10303721257386,-0.409051537192788,0.0553480460214053,-0.196246590576682,-4.36114794405291,0.235139459790322,133.375530792803,1.66797147331999,4.09382026341774,0.507752627234918,-0.363425055030759,-24.4607224234047
1.10389130580955,-0.408492578079422,0.0548347094946188,-0.196726910895909,-4.36086957305396,0.236183753685169,132.378239248107,1.54251364374477,4.22476075869608,0.51298168418506,-0.37288213448671,-24.5218268575166
1.10477991675551,-0.407928488108599,0.0543049294711583,-0.197202418710396,-4.36059445247492,0.23718334608288,133.898208923211,1.85953572240965,4.17745158418944,0.512666935631493,-0.366745443300238,-24.5303638127129
1.10568798362864,-0.407458214811973,0.0538157349567003,-0.197585400281535,-4.36034282976104,0.238118270791874,133.404327595389,2.37867442078436,4.07011937379815,0.504217864610424,-0.364124555932911,-24.6175821751592
1.10660584728035,-0.40717218056311,0.0534228559035348,-0.197801888712968,-4.36012335600233,0.238982637589632,133.94704983506,1.42197789769557,4.32459791446561,0.507928783549027,-0.363751637276442,-24.6576814988788
1.10752458666266,-0.407148083007073,0.0531756073445053,-0.197785773235858,-4.3599455948328,0.239770318680092,134.677428435287,2.00311488884313,4.2447324764801,0.517249291367853,-0.36503983684861,-24.6705874954921
1.10842578034338,-0.407444949604415,0.0531117036307449,-0.197484685427903,-4.35982683464491,0.240473887986981,133.594876035249,1.85293821668188,4.14413821413922,0.520279995634509,-0.367986087098626,-24.7280897632692
1.10928851777595,-0.408085310935524,0.0532466685088507,-0.196877268546008,-4.35978565642941,0.241089842086019,134.97805410529,1.56984064847165,4.15128220011081,0.519250212042321,-0.364896426021028,-24.7212393408764
1.11008877743758,-0.409070680689698,0.0535843485899174,-0.195958978133414,-4.35984145477148,0.241617821627119,134.301241420796,2.4611283609413,4.191678452627,0.511302670815578,-0.360070261492012,-24.7838666837439
1.11081071077191,-0.410355648311089,0.0541035130865902,-0.194765872825732,-4.3599999399703,0.242070211708712,134.790647408391,2.9763212355474,4.21645327168892,0.507428969346495,-0.356018901637649,-24.8167242261303
1.11144575316946,-0.411867579769906,0.0547700052376973,-0.193353560563848,-4.3602631151754,0.242458568377125,135.582979350747,1.96675557774938,4.22218299288244,0.513186726944026,-0.360855252376404,-24.816961053386
1.11197492044712,-0.413529031943735,0.0555428863358413,-0.191784907511636,-4.36063684948234,0.242798169493155,134.107516704999,2.12321987839732,4.08284816645894,0.510035298368575,-0.368894077407418,-24.8820285099674
1.11240087464523,-0.415243032537223,0.0563747235726835,-0.190142327983047,-4.36110453906784,0.243116421645689,135.990436321447,2.66000954196761,4.11916540083385,0.508970175248384,-0.366104820136142,-24.8694737497303
1.11274426620141,-0.416895730971927,0.057212496437434,-0.188522222275398,-4.36163660166557,0.243442605933657,135.180344424954,1.87110375050133,4.25007822966887,0.505823413547166,-0.3594362624397,-24.9448072682489
1.11302714545541,-0.418393326054552,0.058011678249462,-0.18700647073083,-4.36220066430185,0.243804411877329,135.805023082362,2.02795047010886,4.17155741493872,0.50576193614866,-0.359281247009265,-24.9755709924882
1.11329201851021,-0.419664036424914,0.0587453754729815,-0.185663850768214,-4.36274675713583,0.244236819397122,136.261964642817,2.4992858057974,4.21840088552636,0.513929904908636,-0.366708663917682,-24.9738585303186
1.11357331797259,-0.420651377177316,0.05938821460231,-0.184545846313883,-4.3632380898966,0.244760478786469,135.161728545683,2.35291032657415,4.2225800325684,0.51746919858503,-0.370900244082662,-25.028812639599
1.11392245608327,-0.42131492421777,0.0599267027670485,-0.183691396151922,-4.36362602066671,0.24539617682068,136.941690340794,2.27741827869454,4.27120996517345,0.516926638746789,-0.364041241402799,-25.0281571528926
1.11438040331227,-0.421656764564338,0.0603671683192567,-0.183106076775753,-4.36387469889586,0.2461557190078,136.040897636594,2.85205567837284,4.15794042713114,0.515344744713654,-0.363099226651789,-25.0990978306409
1.11497447621881,-0.421696988943399,0.060719625579375,-0.182771981004106,-4.36397100923075,0.247028578939155,136.423129712575,2.38240490431804,4.26103997435601,0.516214647956191,-0.363384169118452,-25.1084461304661
1.11573086153883,-0.421478806087634,0.0610073931832935,-0.182655429486291,-4.36390376804899,0.248003656798094,136.894243046551,1.77335836046245,4.21552970443616,0.520158175364359,-0.365120900948053,-25.0988431596007
1.11664511539469,-0.421060325106138,0.061251032191222,-0.182700065519548,-4.36369670426461,0.249046608347263,135.901178341028,2.15208366972888,4.14710501015816,0.518174049863982,-0.371823205135765,-25.1808755714841
1.1177042394435,-0.420501503720489,0.0614712602259098,-0.18285066775481,-4.36337888567845,0.250124576481587,137.928937672535,2.41373127637689,4.20643592805447,0.519057351769316,-0.368089126114679,-25.1907721756275
1.11887778215863,-0.41987331972998,0.0616914083032143,-0.183040099480888,-4.36299596766786,0.251195672212837,136.847982536651,1.79197214247756,4.24767800602143,0.517155248582369,-0.370212854433687,-25.2622825446638
1.12012546552332,-0.419235551859654,0.0619268190736952,-0.183207791074849,-4.36260098185521,0.252214819749358,137.273941568784,1.83342163914699,4.23790261752231,0.520061593035605,-0.370792373652349,-25.2597735943753
1.12140314103776,-0.418638353411882,0.0621879255291548,-0.18330487789179,-4.36224193135695,0.253147007192693,137.661832630526,1.6785148007782,4.2903145442491,0.523642110043879,-0.369107756186885,-25.2602007514782
1.12265884397779,-0.418139585844671,0.0624881929141721,-0.183280505788836,-4.36196590878568,0.253965104326935,136.877644251193,2.22667540382758,4.2579375118525,0.516860868726123,-0.368447186690527,-25.3277512098051
1.1238566372135,-0.417763833796895,0.0628292392910029,-0.183118409045493,-4.36179392970444,0.254665027526066,138.706594335066,1.5948971007324,4.21789124792082,0.520119761861447,-0.366443744955539,-25.325327189795
1.12497685352282,-0.417527968552063,0.0632121613020392,-0.182809718972571,-4.36173056183326,0.255250424040497,137.737617050238,2.2267108871481,4.18689696739631,0.520314303574253,-0.369013416425399,-25.3768495542519
1.12601418197154,-0.417447018085046,0.063643859607706,-0.182358953578513,-4.36175504061691,0.255747570197361,137.924922203903,2.29989518040588,4.3520592719976,0.521726712374305,-0.36996270873649,-25.3770655121448
1.12697530686793,-0.417525060762728,0.0641279298972835,-0.181784638033381,-4.36182876886931,0.256197929960858,138.441895964342,2.12158349094261,4.39868232281972,0.520176390370055,-0.366393034643065,-25.3854247745839
1.12789413362381,-0.417751530660574,0.0646650876691076,-0.181118498179781,-4.36189268718093,0.256650725648185,137.613722553118,2.1040309588991,4.23031916509996,0.515529742307352,-0.368433232558679,-25.4582777255128
1.1287990624032,-0.418129426813939,0.0652637815720845,-0.180388311896792,-4.36188559446206,0.257163219381512,139.331737595701,2.29002204686185,4.24440407065302,0.516097058641168,-0.363351354956947,-25.4343484176445
1.12973898106518,-0.418652816254641,0.065933847458527,-0.179629198472711,-4.36173473349107,0.257794887236666,137.817288411215,1.86316744344435,4.25954558333254,0.521059115359755,-0.369411772068936,-25.4803455527999
1.13074094783225,-0.41931390661248,0.0666749553743993,-0.178868058069151,-4.36139784196484,0.258583510690184,138.540049733334,2.05941198072264,4.30836235663531,0.523181556834471,-0.369980279877954,-25.5106487644028
1.13183123110821,-0.420107816931012,0.0674902058439139,-0.178124683256757,-4.36084330989223,0.259554933129923,139.465593184889,2.58677997645123,4.21239946220382,0.525034045628455,-0.369901257677274,-25.5504118354523
1.13301320662035,-0.421033604890008,0.0683770518959225,-0.177408425374855,-4.36006923004718,0.260716333128667,138.680967008218,2.32590677628991,4.19570558775186,0.524400761443476,-0.371952589670247,-25.6154958841296
1.13427533304267,-0.422081020890976,0.0693250734614253,-0.176725655082001,-4.35909851890278,0.262054148353784,139.890566999856,2.11625236384248,4.32151436508386,0.528054795119197,-0.369160833943066,-25.5950049225005
1.13558674356973,-0.423239697330844,0.0703176260850831,-0.176068305502997,-4.35798658995434,0.263526749817719,138.803484158096,2.59283946107917,4.3358613342406,0.529392615743935,-0.371178173979307,-25.6519774814073
1.13690139762609,-0.424478747322329,0.0713225599852223,-0.175435499060138,-4.35680829983474,0.265078842538154,139.556500044928,2.23661583735407,4.36906968356209,0.529298691938447,-0.368936663725248,-25.6576024743382
1.13816175107418,-0.425766931437577,0.0723054785667417,-0.174819240809627,-4.35565367881046,0.266641534671207,139.989001886782,1.9038672540371,4.2942259980166,0.527545122132221,-0.371645312400583,-25.6605294300082
1.13931483666832,-0.427072599480653,0.0732342623898166,-0.174204622834259,-4.35461537998258,0.268136979623521,139.067279570891,2.08402478896937,4.22639527729501,0.528554180924842,-0.368823699617406,-25.7241587340835
1.14030611315895,-0.428351175591098,0.0740686671604748,-0.173586464057188,-4.35378145848822,0.269492059480237,140.690074964578,2.61158216958029,4.38670406722395,0.533617193177287,-0.370249235369231,-25.7219337631772
1.14109811062062,-0.429543467313072,0.0747662045121835,-0.172972043997034,-4.35322012861695,0.270644795793767,139.61357717866,2.07993480548043,4.31689063807454,0.531823426381955,-0.375529076757087,-25.7820793283097
1.14167585494922,-0.430596448211746,0.0752967641283226,-0.172373948914384,-4.35296789592738,0.271556141236463,140.08206336605,2.1381077496842,4.37080217196015,0.529720240384755,-0.372902297582502,-25.8180640239135
1.1420415986636,-0.431461979006295,0.0756368726194804,-0.17180712919868,-4.35303857258933,0.272202442723596,141.009686244366,2.68457680633082,4.427975235383,0.531163853296774,-0.372122207685025,-25.8606589596674
1.14222920707867,-0.432089298261667,0.0757719003575723,-0.171301637028695,-4.35340420602169,0.272590394862262,140.233267748251,2.36477120782774,4.44248768734511,0.532555702453182,-0.372428437824865,-25.9566212002873
1.14227041203245,-0.432454753579504,0.0757016454299852,-0.170873691239044,-4.35403160841346,0.272736412535621,141.863352442682,2.35773053681692,4.4405396953033,0.538724125829255,-0.370632427745856,-25.9442495058565
1.14222605759011,-0.432539992822671,0.0754387706709049,-0.170548376667966,-4.35485031096301,0.272683252428121,140.679357866468,2.35725038598684,4.30898232444926,0.53733773449531,-0.374379282243073,-25.9831421253704
1.14215501697649,-0.432345145044106,0.0750037872598989,-0.170346270316355,-4.35578433414371,0.272487012061459,140.94807009431,2.08340034607681,4.23827363526053,0.533617264463171,-0.368640960611477,-25.9807093796628
1.14211202317366,-0.431893036370946,0.0744291693584981,-0.1702745581097,-4.35675798058368,0.272207177912833,141.949834008946,2.55056510833174,4.32826495823656,0.528640537525871,-0.365163161962773,-25.9799920470432
1.14214498350152,-0.431224263616583,0.0737533685272606,-0.170332038651537,-4.35769882685708,0.271907264726195,140.634789546773,2.45987136492386,4.30336101139389,0.524188828994325,-0.373768118724853,-26.0419163770026
1.142294515244,-0.430384837847743,0.0730149249842581,-0.170511256261537,-4.35854785758629,0.271641094796736,142.247333135813,2.52771194017896,4.25910673016597,0.525410867595474,-0.374826123548697,-26.0024264659321
1.14258452306148,-0.429430305517911,0.0722505346244763,-0.17079348138198,-4.35926277136375,0.271453195895738,140.849253148911,2.12533350879585,4.27351558097368,0.526093998961981,-0.379907670069774,-26.0593324846449
1.14302539324729,-0.428417091511616,0.0714926279322573,-0.171154208602855,-4.3598208612877,0.271373520324243,141.854468749807,2.92219285611623,4.41864255032976,0.524916770493032,-0.375871557366231,-26.0927602091558
1.14360631926658,-0.427404177247574,0.0707686573230801,-0.171562026831355,-4.36022194393751,0.271418376832189,142.580685106545,2.30980741379472,4.35723603658238,0.526523145307347,-0.372392851939297,-26.1215724880122
1.14431245097434,-0.42643924008765,0.0700974696992975,-0.171985798833476,-4.36047577471925,0.27159191280054,141.4971352919,2.0827024742382,4.34503013465638,0.52600805253081,-0.376026543860884,-26.1824132939161
1.14513176241017,-0.425556723956177,0.0694918132814871,-0.172401651454977,-4.36059413987275,0.271891985644112,143.070480637292,3.03711269010341,4.41279695861988,0.534881883460558,-0.379600214030157,-26.1448912827152
1.14604379067219,-0.424788968072578,0.0689625457238736,-0.172780634410968,-4.36060307405538,0.27230203760263,141.672351410622,2.2202326324666,4.35450579320369,0.533731532184964,-0.376767880476507,-26.1965105410612
1.14703157072553,-0.424151943032857,0.0685130304920547,-0.173103657882061,-4.36052588314002,0.272803808813503,142.668763263418,2.37172661448585,4.25590122876284,0.533623090838883,-0.374072510060829,-26.2163057219303
1.14809030454659,-0.423646919341911,0.068143659863055,-0.173362086614127,-4.36037452965136,0.273380936263109,143.239888519017,2.30162169110076,4.39970464049742,0.535517297694432,-0.371456120342012,-26.2446921686449
1.1492148970306,-0.423282184593582,0.0678621937349168,-0.173537028041045,-4.36016677254922,0.274007070474918,142.29569151394,2.50468307043684,4.40995105149628,0.536338527874247,-0.378279224284412,-26.2904619406151
1.15039801578761,-0.423059695616818,0.0676733044838684,-0.173620396062594,-4.35991107495038,0.274669017530671,143.257202927707,2.54516589062951,4.48256880445152,0.544772330775696,-0.378191181026501,-26.271519880086
1.15163531381167,-0.422987055209873,0.0675886991637848,-0.173599036710873,-4.35961642583557,0.275349449687017,142.830277534611,2.52594746101227,4.53859252173021,0.538968876761446,-0.378145290907713,-26.3556617283726
1.15291298804097,-0.423067137840777,0.0676130747144494,-0.173461799302767,-4.35929857070375,0.276028137466943,143.61692332053,2.49226090291813,4.30150971411973,0.538842324518597,-0.375415713418385,-26.4139892801788
1.15421856929107,-0.423294848562096,0.067746158579726,-0.173206984909506,-4.35896406960012,0.276696259730933,144.366889351446,2.83726360833248,4.53201021095686,0.538962155643512,-0.37467252377545,-26.4317448810187
1.15552903540495,-0.423683125016851,0.0679952438520683,-0.172816628540931,-4.35863153166277,0.27733791714409,143.334102843329,1.93376862467881,4.53254773836386,0.542368804271624,-0.380436862412823,-26.4884916613999
1.15681731739125,-0.424218037288732,0.0683469949761789,-0.17229501577047,-4.35831894240957,0.277943638920937,144.513874456044,2.67510986216007,4.61618090800684,0.544336691730305,-0.378653960178027,-26.4721919978852
1.15804744946089,-0.424887719023472,0.0687836981141111,-0.171642035720688,-4.35805333325638,0.278499378048578,143.74916597559,2.51749280318995,4.48196841184398,0.542369345400689,-0.376386599214487,-26.5207852835665
1.15918465209979,-0.4256777733678,0.0692840601783384,-0.170858123585296,-4.35786338929221,0.278989465286932,144.324521310421,2.17930930427383,4.31261987634664,0.535744936601846,-0.372704513610669,-26.5393455817057
1.16019520968663,-0.426563768880316,0.0698196165342858,-0.169956394210705,-4.3577730566179,0.279407406308722,145.089915853698,2.60582066496227,4.27335320781299,0.535406845700497,-0.373742058514094,-26.5528320647926
1.16105452975777,-0.427513476902062,0.0703591840108501,-0.168957645281604,-4.35779867235059,0.279751141663256,143.923485449868,2.24100151872449,4.21813667504736,0.536938596688909,-0.379465372446901,-26.6165043825403
1.16174539799533,-0.428482495097205,0.0708624320996619,-0.167894399016993,-4.35795002826506,0.280025320508761,145.352063641315,2.64179552318637,4.45191281815414,0.536188920347053,-0.379338351636941,-26.5856955156359
1.1622614171052,-0.429444189399113,0.0713049878083203,-0.166791876423361,-4.35822628101038,0.28024156492022,144.231130219635,2.61147088486814,4.47038982209736,0.536602139013615,-0.376658554397948,-26.6582626566955
1.16261447563805,-0.430369033065764,0.0716685322632463,-0.165682082903836,-4.35861182002273,0.280418513987046,145.41593074589,2.04080348601951,4.39479175402118,0.531217413185447,-0.373232717806627,-26.7103594925795
1.16282935939728,-0.431225871277238,0.0719393276069804,-0.1646059437121,-4.35907333960837,0.280588537429679,146.01916983635,1.99664288644158,4.41677502577207,0.536169948812253,-0.375034781917399,-26.7412437726162
1.16292798020334,-0.432020581853982,0.0721264365230935,-0.163575674919367,-4.35958599986972,0.280775147413923,145.016729613997,2.09891438087993,4.31321826356387,0.541920704128761,-0.38373895717441,-26.7899669820635
1.1629491772036,-0.432755880627317,0.0722445146388253,-0.162607540659414,-4.36011327872809,0.281004727272102,146.427650638587,2.71066780223691,4.53751680326167,0.547313742482844,-0.38203974277731,-26.7584822679841
1.16293323747068,-0.433443563276404,0.0723155296007471,-0.161708244275541,-4.36062054112839,0.281298781336366,145.14614501921,3.03199020823035,4.56133325894186,0.544024417150593,-0.374419348839847,-26.8206012551676
1.16291959676666,-0.434108750049724,0.0723719537232462,-0.160873904970217,-4.36107568435767,0.281674171790794,146.014707782061,3.06876750259653,4.52949918502472,0.538203826225337,-0.373071429889243,-26.8404171969189
1.16293629589318,-0.434772232292245,0.0724399677627017,-0.160097408159143,-4.36145859651527,0.282138365897491,146.435618386048,2.50366815687812,4.56447850225564,0.542579860536419,-0.373188599255395,-26.8357161510779
1.16301520962925,-0.435443775707681,0.0725403563824328,-0.159371710257141,-4.3617526409316,0.282688650257125,145.251069673783,1.8715653303509,4.43998166138749,0.546239570472185,-0.384419122107582,-26.8908610322306
1.16317040379682,-0.436137284738495,0.0726895791346757,-0.158678106591616,-4.36196373654028,0.283303951087506,147.025367424705,2.23649672061197,4.42664966862853,0.549864812108428,-0.383180596210538,-26.8960076945939
1.16341675666366,-0.436841296350565,0.0728891345673954,-0.15801446314326,-4.3620940634046,0.283965446340761,146.324154318626,2.6359912420678,4.55557715568301,0.548184523759562,-0.378812951918761,-26.9768896043314
1.16376114587487,-0.437523433281854,0.0731236348419246,-0.157385560954561,-4.36215738933565,0.2846425759372,147.007934769633,2.70285717984734,4.69015912642735,0.546986929134577,-0.379478843731813,-27.0008772067024
1.1642009864941,-0.438149665783865,0.0733733643535528,-0.156794005605956,-4.36217671895487,0.285298865998572,147.637885264632,3.16720100769794,4.58157749039705,0.548510605190208,-0.381993194300266,-27.0228288484061
1.16473741355892,-0.438683182793746,0.0736170265932971,-0.156247012657152,-4.36216772515885,0.285905961532972,146.555985135494,2.28264428594275,4.45794613579309,0.549671368230817,-0.387694779483732,-27.081827401331
1.16536613404055,-0.439078612281538,0.0738277202812404,-0.155765090306354,-4.36214099054894,0.286446843421489,148.144754309226,2.27291645217133,4.56229079419637,0.554092121101855,-0.384492490627447,-27.0437424266764
1.16608411887979,-0.439305010700364,0.0739870928133007,-0.155359381014161,-4.36210469937979,0.286907368137705,146.887340983165,3.27030133374365,4.36299798597753,0.547814026627893,-0.382406686393602,-27.1006199922376
1.16689014076466,-0.43933764880396,0.0740825106262447,-0.155047519003827,-4.36205500012751,0.28729229818134,147.62683691851,2.92471281744747,4.64414107862959,0.541792641844736,-0.377988196669276,-27.1162556057912
1.16777707382358,-0.439177684470717,0.0741142522319715,-0.154835628902365,-4.36198623410469,0.287616372954191,148.08652432256,2.96046662030267,4.53980303311153,0.542651527613798,-0.378966561347745,-27.1185139845863
1.16874800551878,-0.438841956139044,0.0740966938998111,-0.154726670577339,-4.36187477698167,0.287912065932571,147.008049246534,2.30288444462849,4.57096107425849,0.544839645047576,-0.383318029380923,-27.1799372129807
1.16979139454865,-0.438374142034066,0.0740555820774828,-0.154707765168928,-4.36170588779418,0.288214022579065,148.614893305491,2.68856237173441,4.64651187341067,0.548496892312658,-0.382349529802332,-27.1798508131996
1.17090088029698,-0.437820261707643,0.0740190676348055,-0.154767052715387,-4.36146033600127,0.288562078922763,147.739903529855,2.24788940184317,4.61631084559761,0.544465134813337,-0.383559970344572,-27.2686541209357
1.1720641913922,-0.437234318666256,0.0740173021714724,-0.15488847210277,-4.36111863862084,0.289000632219143,148.571202972459,2.18484522453673,4.59686939886873,0.543432624525244,-0.384605771815589,-27.299826701566
1.17326195191493,-0.436684186017949,0.0740847582711423,-0.155038709109197,-4.36067809755187,0.289558716513116,149.28523846248,2.25639260036837,4.60651286668238,0.550467440608653,-0.382851185449608,-27.3182769137469
1.1744779020459,-0.436216116422722,0.0742417751532246,-0.155194573339256,-4.36013747466911,0.290258891567069,148.11928575391,2.78895048811,4.48964945769106,0.550177109697709,-0.385217492367491,-27.3754724878314
1.17568787958245,-0.435860526175906,0.0744943238135218,-0.15533529045087,-4.35950944943493,0.291109962833309,149.49133723683,3.15879844042956,4.62327656826781,0.553763508043111,-0.383189057687412,-27.338403267884
1.17686582211535,-0.435631486639691,0.0748370564807403,-0.155442662034213,-4.3588173223515,0.292104843300463,148.352025911792,1.92844309952125,4.51521678019341,0.552447943950918,-0.381879352695174,-27.3975876034051
1.1779868184969,-0.435523284210257,0.0752510200534375,-0.155506577936792,-4.35809089067328,0.293225754011061,149.141388484463,2.2238782232414,4.60415435482008,0.544946953612126,-0.38184395287655,-27.4191908375671
1.17902589146971,-0.43551894773848,0.0757112889869933,-0.155514674424951,-4.35737346556578,0.294433617683288,149.943163279679,2.67860461174314,4.58648579336219,0.546178474915724,-0.381245109656683,-27.4396793507545
1.17996394317671,-0.435593321663106,0.0761899407248317,-0.155458615982173,-4.35670443307911,0.29568763382604,148.678930160272,2.75955000684166,4.53614404653936,0.5519869699848,-0.384239092739435,-27.5016279790272
1.18078566883788,-0.435712850421162,0.0766565512684723,-0.155336472222239,-4.35612356920066,0.296942787418833,150.364487463258,3.024975745343,4.5477599116054,0.558165609123887,-0.385632585087113,-27.4906775642408
1.18148398713343,-0.435848673832153,0.0770884351998691,-0.155144426379296,-4.35566542447943,0.298153972204667,149.567220820499,2.51902058226119,4.61574260723458,0.552359669456771,-0.384647291837891,-27.5668440072901
1.18206391475282,-0.435982271901043,0.0774759162511214,-0.154879922647901,-4.35534700856527,0.299289405895065,150.347573689434,2.72426717199983,4.54750476257485,0.552834213445274,-0.382100889854558,-27.6060074470286
1.18252651114533,-0.436099532587434,0.0778127183801224,-0.154539878424217,-4.35519054956436,0.300314121170646,150.773230617573,3.69105136188341,4.70619509284253,0.557285960218741,-0.383283604765353,-27.6171449296212
1.18287816685536,-0.43619778962492,0.0781016824211298,-0.154122103690675,-4.35520481945474,0.301208192811899,149.440971766252,2.91311494888373,4.58953950863761,0.562867062767903,-0.389527519631228,-27.6693032702374
1.18313643922637,-0.436283624883757,0.0783561727772151,-0.15362766083439,-4.35538070619386,0.301966864518472,151.194672877412,2.16565584450814,4.67576233563392,0.561117831581227,-0.3842297779659,-27.6524389110139
1.18332650834598,-0.436366746496063,0.0785938050907743,-0.153061881323875,-4.35570155519714,0.302592249926986,150.304792832162,2.84967717096401,4.57676361588966,0.557927338633844,-0.380651032862263,-27.7416226470151
1.18346233183234,-0.436470327425422,0.0788363433758468,-0.152422335889268,-4.35615434929605,0.303088434739496,150.925394471756,2.49870611581014,4.59430946315717,0.555598884139097,-0.380624463919753,-27.7532443212417
1.18356667806792,-0.436603058671961,0.0790955090533356,-0.151724593161538,-4.35670889066138,0.303476456504042,151.370913179544,2.39896455491476,4.5658915379889,0.560865774102694,-0.383335222050269,-27.757457942846
1.18365698597169,-0.436770262858605,0.0793774119136634,-0.150980575463384,-4.35734320991138,0.303768590246353,150.340162847477,3.16346879664047,4.52904697639212,0.558804212731561,-0.391694756037345,-27.8299827873562
1.18373817281087,-0.43696114048241,0.0796707490281471,-0.150211780510555,-4.358043924492,0.303976141833551,152.183931974688,3.54619862562095,4.66205335265866,0.555704902153708,-0.386596547334772,-27.8214094901119
1.18381252935697,-0.437174718060085,0.0799676489108282,-0.149432505817743,-4.35879448449179,0.304114676509871,151.402921993598,2.67960564441796,4.70359462323017,0.553276755315947,-0.38332308318463,-27.8887361399907
1.18388209909789,-0.437403076336391,0.0802528938017258,-0.148657316723226,-4.3595817295446,0.304196408358472,151.909807009104,2.68631481124476,4.64937493494392,0.555629434816404,-0.384907223934197,-27.9038673805274
1.18393887167161,-0.437620461065123,0.0804961042264614,-0.147910427784783,-4.36039814385059,0.304232512710974,152.492006560213,2.35738169855449,4.65858935392316,0.55747578559388,-0.386056297922399,-27.9124980806535
1.18397805689647,-0.437815443757021,0.0806756716866109,-0.147199889892183,-4.36123771392594,0.304230072904225,151.190299889977,2.30549568871425,4.63783733270193,0.559219055962519,-0.38809023066905,-27.9868621238705
1.18399912933534,-0.437970030487813,0.0807689518914106,-0.146543932990607,-4.3620844441893,0.304210012879833,153.167670564408,2.8359891357436,4.55435832356488,0.562322098218405,-0.387984645921026,-27.9896989791836
1.1839956914641,-0.438081154102299,0.0807616795764488,-0.145943062245082,-4.36293327851638,0.304182655107159,152.373147982003,2.66526995296499,4.57614604951354,0.562099520878529,-0.391150373555833,-28.062467951045
1.1839787655284,-0.438148620979987,0.0806504268417413,-0.145399902300468,-4.36376296814275,0.304168110332221,152.579957241112,3.20950804547419,4.64862619117702,0.561051916239325,-0.386226570087369,-28.0742314608942
1.18395648083831,-0.438185585123286,0.0804416664752399,-0.144909697921572,-4.36455541707365,0.304187413299116,153.333010441733,3.41545870823302,4.76602459594315,0.563630525196174,-0.383964538335176,-28.0816113072726
1.18395561747825,-0.438196717666292,0.0801464808306117,-0.144476054469992,-4.36527996242329,0.304265748077782,152.205809759577,3.31259733960678,4.55134672572606,0.561174634512907,-0.388691754934816,-28.1344663064294
1.18400987499765,-0.438187138291552,0.0797795907461656,-0.144105777436989,-4.36589787021431,0.304434058758414,153.877465339267,3.28737700998636,4.66230465536506,0.557267444016311,-0.391086955970693,-28.0926694963565
1.18415573497014,-0.438168653543078,0.0793634418305213,-0.143799340714301,-4.36637474318712,0.304714916864319,152.232537192019,2.55016341476926,4.60083637859304,0.55698533830898,-0.388908272397178,-28.1451934378131
1.18442875971032,-0.438153227563472,0.0789228018711208,-0.143555841914031,-4.36668330800125,0.3051221225658,153.40097458304,2.99789230837155,4.7167290661225,0.552157248759171,-0.388980621340311,-28.1569227959039
1.18488031632159,-0.438133901135988,0.0784769431724033,-0.143391301016882,-4.3667817414684,0.305674607534548,153.783107150729,3.21407964250943,4.69490579304875,0.557347158352839,-0.390261452206263,-28.1783449771071
1.18553683251547,-0.438101889894023,0.0780358141682057,-0.143316460746466,-4.3666543638051,0.306373138861548,152.881114248587,3.03441597573305,4.6926766686307,0.559000847643651,-0.39438505921611,-28.2408195424704
1.18641968004229,-0.438041676148215,0.0776035068766724,-0.143343610104029,-4.36629313096121,0.307210526342971,154.536951442579,3.18935612023029,4.63796248637661,0.562680526092007,-0.391611604748818,-28.2512356939283
1.18753350797257,-0.437945864756193,0.0771849043323417,-0.143474190009631,-4.36570670686897,0.308168215587035,153.578670469974,2.83344459571185,4.68719636944243,0.565800747719571,-0.38840874519044,-28.3302899035459
1.18886605053149,-0.437803167373623,0.0767761968776198,-0.143712976880899,-4.36491113848406,0.309230273319943,154.57548882935,3.34989004152635,4.65299757040904,0.570388673325678,-0.386789531480356,-28.3633771540268
1.1903811091284,-0.437601890412454,0.0763649356085878,-0.144059135475276,-4.36394379708776,0.310371134573143,155.032196550824,3.31372568955476,4.65166813973573,0.573943707559845,-0.390045737630063,-28.3881184955005
1.19203033543111,-0.437332122011563,0.0759380524249896,-0.144512234455866,-4.36284537301221,0.311571051185294,153.881829886529,2.72861986602311,4.66539868747466,0.573916931811507,-0.391491496274599,-28.4294348170756
1.19375700585589,-0.437001266341259,0.0754912040209833,-0.145054603275844,-4.36166736499751,0.312803279328062,155.192748313955,3.28071378961363,4.75458250440104,0.573525169364773,-0.38660481401091,-28.3908969887809
1.19548737759609,-0.436632162747072,0.0750237683250151,-0.145658631472618,-4.36046782105516,0.314048294008224,154.228031196596,2.76630802212821,4.65011846448436,0.568469211033143,-0.384261444676934,-28.4512957466587
1.19716205073268,-0.436251229064334,0.0745427854303675,-0.146294319361936,-4.3592912971725,0.315294824438253,154.763813047497,3.15529070263574,4.58827420690304,0.56401774108641,-0.388654533169762,-28.4891134977624
1.19871544728713,-0.435883074664412,0.0740530747626228,-0.14693213196453,-4.35818874367126,0.316531690035032,155.788932073755,2.82773970481117,4.66089835968631,0.570808772284119,-0.39197810828763,-28.506857886125
1.20009255101885,-0.435563675625378,0.0735697390540939,-0.14753103432928,-4.35720758039339,0.317745690080299,154.615911772779,2.32274274568385,4.71989986008796,0.570169292192483,-0.39657148443377,-28.5953851813281
1.20126580601873,-0.435330001554348,0.0731173014408809,-0.148051278867015,-4.35637382138483,0.318931203518738,156.693619586678,3.42154286885989,4.61279597395222,0.570100857195736,-0.393706800278887,-28.6024739037157
1.20222228457688,-0.435210450294438,0.072719442673574,-0.148458883032577,-4.35570500562846,0.320082172066848,155.560340057381,3.44619401733394,4.70471060527348,0.570948344106218,-0.391130848415139,-28.6724941154385
1.20297106524212,-0.435235155798752,0.0724066985999939,-0.148714250516614,-4.35521195804963,0.321182888704728,155.988400140041,3.6386021789242,4.76546477798632,0.56978960579072,-0.391604259703915,-28.672550086724
1.20353501626905,-0.435418784773246,0.072201307737275,-0.148789088521272,-4.35489751439321,0.3222168285012,156.51685368426,3.37123278343756,4.82050711853887,0.567983681317515,-0.390689133368418,-28.6509840540328
1.20395723570539,-0.435758498738522,0.0721187670543221,-0.14866673564802,-4.3547531456785,0.323163640813148,155.260259065476,2.76260203865513,4.72860875691762,0.568099996300913,-0.389594341961974,-28.7116482298584
1.20428731501738,-0.436252953945987,0.0721750469947641,-0.148330213051538,-4.35476685465955,0.323999790974766,157.112380114801,3.31833770838034,4.70314650043619,0.566731289189184,-0.391140401028942,-28.6856454869312
1.20457874059799,-0.436887814070523,0.0723761939113076,-0.147771997121349,-4.35492731901897,0.324696152447533,155.850834873016,2.3625062463841,4.66199084320411,0.56355591277622,-0.391927908153373,-28.7489266627379
1.20488076452651,-0.437634741069497,0.0727157250742157,-0.146999902337852,-4.35521978368266,0.325228336441333,156.694248717719,3.32323086802694,4.86662911748829,0.566793787029814,-0.391690326092813,-28.7907149109812
1.20523525077237,-0.438466330788398,0.0731833069523103,-0.146029907415434,-4.35562798398304,0.325580589755368,157.600195942227,3.46605688022987,4.70015686597347,0.571204647880775,-0.391222776648214,-28.8459598434257
1.20566774732267,-0.439358090409032,0.0737617339569522,-0.14487847039078,-4.35614449959994,0.325736711610363,156.589614850082,3.86931589696837,4.77188495579861,0.571816552046951,-0.399824724113643,-28.9197394892383
1.20619266638488,-0.440270873061909,0.0744206804424689,-0.143583359140722,-4.35675386902861,0.325700126276026,158.027907129495,3.70563139072488,4.98864516689065,0.576875223400216,-0.392501481392775,-28.880142377936
1.20680642814371,-0.441174332138434,0.075128759036054,-0.142184117470917,-4.35744378676811,0.325484339481714,156.8058574247,3.46721682150405,4.7787262339979,0.576944518414988,-0.395508169666686,-28.9322314160002
1.20749496854133,-0.442033265125,0.0758470735058308,-0.140733546535646,-4.35819625884335,0.325121279813122,157.672977209205,3.28854217805292,4.89196156764311,0.570973027896194,-0.393969489925174,-28.9334594442978
1.2082325469996,-0.442815684230544,0.0765365008939756,-0.139285273742003,-4.358997029125,0.324646251400197,157.876357006276,2.80712584924731,4.76718777499906,0.573523252006978,-0.391575867455028,-28.9260673615458
1.20898931956331,-0.443496395522541,0.0771611251724244,-0.137890034768221,-4.3598291480591,0.324103211912075,156.73911904237,2.76331149818111,4.71365305854698,0.575947565804534,-0.396384846302141,-28.9693926207064
1.20973217113948,-0.44405802901084,0.0776905826494711,-0.136596165386429,-4.36067110674328,0.323544602687226,158.546405342373,3.06015234745109,4.94032448349446,0.575080641614271,-0.395963127052424,-28.9734118613675
1.21043107006697,-0.444491508289996,0.0781021898084436,-0.135437124570942,-4.36151044722108,0.323008811410283,157.796888992669,3.04719097728366,4.68291342451928,0.571906757156536,-0.400927799489251,-29.0617298631644
1.21107313174275,-0.444789165333297,0.0783824576691547,-0.134447057714295,-4.362316218816,0.322545395627715,158.378248836278,2.82095827278977,4.77107175127338,0.573872540197645,-0.397629065145584,-29.0759818241248
1.21164663992742,-0.444950526537317,0.0785250291739113,-0.133643769669123,-4.3630708547511,0.322184861415126,158.757859617191,3.28388427615687,4.84413757065687,0.576241608734955,-0.401402545269896,-29.0899595905616
1.21215288602215,-0.444980339678839,0.0785317396027863,-0.133031328483221,-4.36375752124302,0.321946307457276,157.915902813534,2.90805550894879,4.8690061217473,0.573958250032668,-0.400492967098457,-29.1638246452557
1.21259624072744,-0.444895006295772,0.0784146767269407,-0.132594586723517,-4.36437066723801,0.32182994482064,159.719067451085,3.00792594411132,4.94584398636792,0.57646883610287,-0.396175234062335,-29.1676381489519
1.21300070893979,-0.444704043176122,0.0781886836706515,-0.132320790626494,-4.36489611414247,0.321835194734703,158.751927669158,3.17679455006032,4.95124260616919,0.58022660528362,-0.396880043969799,-29.2228729271733
1.21338308111552,-0.444441328593033,0.0778837418952547,-0.132167341737406,-4.36534038229605,0.321937533821567,158.950672499813,3.10230256288787,4.86756143938683,0.579909760577581,-0.393381461241205,-29.2345014265988
1.21376518786508,-0.444122557236135,0.077520237150802,-0.132103768260652,-4.36570938045435,0.322111509965994,159.779050833075,3.02031007129403,4.74520162924549,0.580965153825476,-0.393168595154115,-29.2549459298698
1.21416993598472,-0.443765732786018,0.0771214308026865,-0.132100826812842,-4.36600455063664,0.322337353629742,158.819767964144,3.20079935647641,4.82453833127502,0.574800900685901,-0.394555587630429,-29.3334190654477
1.21459728088433,-0.44339726472859,0.0767084957536061,-0.132117612256368,-4.36625144469817,0.3225818620353,160.429206608668,3.17615707411369,4.88236870718319,0.576591855664721,-0.392808428763673,-29.3146896405039
1.21504878363437,-0.443037545259642,0.0762999405804358,-0.132126952792619,-4.36646454360876,0.322826885118159,159.438827273889,3.10447968129938,4.80351078860804,0.580499546549215,-0.39758606749242,-29.3769817499568
1.21552482360087,-0.442699725319176,0.0759092793150894,-0.132112864439186,-4.36665081275045,0.323067043109126,160.013509083302,3.5325891284715,4.80362694212633,0.576912699591251,-0.400899289911101,-29.4018796203885
1.2160086759754,-0.442395736013854,0.0755444498498572,-0.132061325709132,-4.36682775726809,0.323295951295899,160.756272202269,3.95227182846452,4.89844682688269,0.576750079800624,-0.396393940708074,-29.4120918831466
1.21647936700064,-0.442138826088884,0.0752119397455209,-0.131964441440076,-4.36700606431816,0.323518932432784,159.58125478638,2.98853423375749,4.70275438078627,0.576231001049326,-0.399464845781771,-29.4862597372323
1.2169243097086,-0.441930688232405,0.0749146633428696,-0.131829737115786,-4.3671790593032,0.32375848262712,161.469241690004,3.61791608645353,4.93578988872463,0.58003552092452,-0.39782410907392,-29.4708542118159
1.21732582711815,-0.441795406457182,0.074665807920426,-0.131647100175364,-4.36734450217231,0.324035459828223,160.25663921522,3.78278058529759,4.73304512281476,0.582198842049334,-0.397226924688832,-29.5403588121493
1.21767925609174,-0.441737336711331,0.0744708900947733,-0.131421754202566,-4.36748752885922,0.32437521969091,161.09335228685,3.66882590948194,4.84817205133174,0.582515954116369,-0.397625221564764,-29.5642498596704
1.2179913634247,-0.441774809429937,0.0743481286002112,-0.131150011777978,-4.36758466591657,0.324805210246912,161.73585585673,3.84986918526943,4.95035404511728,0.586630408921839,-0.399898384771102,-29.5925622292256
1.21827177721322,-0.441919345393845,0.0743116473298099,-0.130824164464081,-4.36762064371002,0.325338958885598,160.789231708071,3.06492153273894,4.84328763489998,0.586242854757893,-0.399598964435213,-29.6572206724542
1.21854662972376,-0.442185269001245,0.0743818207704713,-0.13043526584575,-4.3675698792222,0.325991267807178,162.1971718339,3.15745839100373,4.91683144706485,0.589145496524181,-0.399092097485091,-29.6314776553336
1.21886083640738,-0.442573225303743,0.0745775976585811,-0.12997939847108,-4.3674022718593,0.326768019486584,161.048275515832,3.49297503846833,4.81663390861908,0.586673055972414,-0.40025931822765,-29.6901010028885
1.21923581619361,-0.443089012725963,0.0749125484986343,-0.129440340391198,-4.3671189305611,0.327653223593142,161.830256041527,3.59060657801433,4.95796881110564,0.585879448567803,-0.400528190022704,-29.6966998171905
1.21971642890208,-0.443714535556389,0.0753945144651191,-0.128818653950502,-4.36671003919842,0.328627830030958,162.392268090154,2.55370053828369,4.85911377412569,0.586204800740503,-0.39800504872722,-29.7014459049055
1.22033359200242,-0.444422700241043,0.0760203285230727,-0.128118337478996,-4.36618388042746,0.329661116389565,161.213777913233,3.27446450101661,4.90265407919134,0.58540097517526,-0.40199252616839,-29.7733468554506
1.22110740806106,-0.445167967929516,0.0767716760425882,-0.127355976415806,-4.36555945047831,0.330717827785141,163.005729207069,3.88019927167943,4.94158725003189,0.587305590460108,-0.399458498751477,-29.7633982233337
1.22204084566949,-0.445911011377708,0.0776292625062065,-0.126542279476679,-4.36487491238143,0.331751176640335,161.831628584376,2.39173413246976,4.93253695601666,0.588253045809201,-0.400960725503956,-29.8320507555819
1.22313122737316,-0.446595181731057,0.0785602840370171,-0.125708438381873,-4.36416251168112,0.332728471397359,162.716979268418,3.62445498212628,4.94155595075117,0.586750780165005,-0.399864230512101,-29.8638872884218
1.22435152414061,-0.447165732332511,0.0795230492867434,-0.124882541083708,-4.36347170282669,0.3336123006916,163.365465576403,4.28610432934079,5.05298158896969,0.588267804391521,-0.398845122383439,-29.8979941539329
1.22566631209896,-0.447571411403771,0.0804731600828848,-0.124097250682308,-4.36284986976346,0.3343762671786,162.411875144653,3.01158012730639,4.88857051897574,0.589247422794401,-0.401560302954089,-29.953986831842
1.22703410400544,-0.447774512724596,0.081372123282388,-0.123379654162208,-4.36233929622422,0.335002242262561,163.811468336201,3.29559378072327,4.95880440234461,0.591441408293421,-0.40156941076583,-29.9294154255116
1.22840179831362,-0.447765556980498,0.0821908653022027,-0.122741545377908,-4.36198064343397,0.33548340502247,162.92463517565,3.51021082201669,4.85425935151548,0.59005736868047,-0.402560299669016,-29.9915273553238
1.22972117161962,-0.447556122621513,0.0829118920326866,-0.12218106519162,-4.3618037930355,0.335819597405394,163.425481074095,2.91400528550798,4.83110508007962,0.588022591630947,-0.397947477826063,-29.9941112758426
1.23095229709515,-0.4471667724169,0.083522933928008,-0.121694067589648,-4.36182099759651,0.336024772953057,163.803381535094,3.16217229643257,4.75623369895536,0.588255539961834,-0.3996279229135,-29.9800546027397
1.23205717469392,-0.4466411884788,0.0840250309220926,-0.121262734294786,-4.36203785562281,0.336118779668481,162.598118632584,3.38295944301399,4.91119805678545,0.583927353300308,-0.404851275526202,-30.0426621798775
1.23301677088827,-0.446041228846823,0.0844340968771395,-0.120855579022853,-4.36244483704186,0.336123417351197,164.387171827279,3.79731130839696,4.99433654037699,0.58071872802521,-0.402437701722844,-30.033860355789
1.23382749012154,-0.445434014968574,0.0847742051226232,-0.120438730233461,-4.36301759955678,0.336065830975616,163.33737592612,3.36302565105939,4.98964812197408,0.587789224870455,-0.4063666337001,-30.1118786983873
1.2345022319245,-0.444893230855982,0.0850784708044653,-0.119973940864521,-4.36372208432958,0.33597164121939,164.138709159703,3.37075197030367,4.9591042022119,0.587662871015421,-0.405543790687701,-30.1502626862755
1.23506192141238,-0.444482078125969,0.085377607364628,-0.119430531591576,-4.36451949833154,0.33586558451416,164.954659910114,4.11276514331666,5.02767662150217,0.587894691546821,-0.405477510644354,-30.1833871943325
1.2355431358716,-0.444227292259749,0.0856867777013672,-0.118804211976498,-4.36536217520307,0.335772563166512,163.758279118981,3.96700584076484,4.91394165102986,0.593322596659231,-0.403767986096285,-30.2387332737618
1.23598984427522,-0.444152633571024,0.0860224922447708,-0.11809361333576,-4.36619972444536,0.33571659034012,165.290544724897,4.17600496588125,5.02794037567477,0.596154969175277,-0.402157471653542,-30.2134935704364
1.23644902373036,-0.444251557999745,0.0863872879389745,-0.11731973904443,-4.36698062954515,0.335721479302385,164.220184086813,3.45499324892012,4.85585715463463,0.592804748280946,-0.400520765882596,-30.2674048553497
1.23695468687823,-0.444497421744062,0.0867694902087685,-0.116512587924051,-4.36767030859183,0.335798485978316,164.915965774332,3.3658746751355,4.81022643144883,0.587637906405849,-0.400583153571859,-30.2725671658566
1.23754413605003,-0.444834950439027,0.0871431993369816,-0.115728251552291,-4.36822574279591,0.335971913007198,165.385707977895,3.78802662592534,5.00134980717667,0.592687441852036,-0.400633789018241,-30.2776008869424
1.23823576030751,-0.445207050169918,0.0874761010380645,-0.115020515756684,-4.3686205208931,0.336259787946915,164.259563585131,3.78649380537718,4.86158678851805,0.594822074023829,-0.40069729488697,-30.3511858393925
1.23903298600194,-0.445556931305038,0.0877330177913254,-0.114438603353895,-4.36883901781363,0.336677132978497,165.956929628572,3.58739290231756,5.02182928100638,0.59191731787267,-0.403441849633237,-30.3548108569802
1.23992274976678,-0.445835088795805,0.0878793777824238,-0.114026413100505,-4.36887595686716,0.33723940115572,165.314063335944,3.40578735536542,4.91711798053933,0.591923031230479,-0.405510091979979,-30.4416088427358
1.24087963527895,-0.446008405178612,0.0878875413400829,-0.11381081783808,-4.36873798028647,0.337956307968289,166.047642517553,3.89643259410241,4.9489619755505,0.591824564451455,-0.404991422794832,-30.4910622050027
1.24186761497988,-0.446070363683777,0.0877433933221997,-0.113793093344095,-4.36844274854371,0.338829245997473,166.877051922292,3.13692007250847,4.93451538215257,0.598306754995003,-0.404804601762524,-30.5130565710699
1.2428462378017,-0.446027639716615,0.0874420413334082,-0.113964456882114,-4.36801021048584,0.339859633815582,165.671290252679,3.42441550976673,5.02387917393492,0.599482663553466,-0.403585369882746,-30.576889866132
1.2437625693998,-0.445917498506434,0.0869934420764554,-0.114283918383048,-4.36748112630163,0.341029481732079,167.282971976533,3.95815210795172,5.02908069180484,0.59612454778373,-0.403339548477306,-30.549506454546
1.24456959787659,-0.445795924427685,0.0864231242853986,-0.11469181800426,-4.36690079138322,0.342308427241675,166.100653236064,3.43058164956597,4.88255884198614,0.595087272332751,-0.401040385882771,-30.5957008860454
1.24523281510628,-0.445733277088639,0.0857729219822569,-0.11511973601023,-4.36630681226791,0.34366687264477,166.757202274151,3.45942991838228,5.02454196099552,0.592926963681804,-0.400024096134513,-30.601904137967
1.24572590495904,-0.445805529572775,0.0850915451279561,-0.115490463060637,-4.36574251418149,0.345061646049604,167.450354475945,3.61727725281253,4.95320845069116,0.593811252345673,-0.400721307754323,-30.6143807686085
1.24604628840489,-0.446075958035706,0.0844293563879852,-0.115737272546429,-4.36523667590341,0.346450919100998,166.291526534343,3.33650975005685,4.87418889464982,0.592737624479138,-0.407149987806989,-30.6945485321277
1.2462069729536,-0.446590625027927,0.083832895968232,-0.115807445594855,-4.36481258797777,0.347790149080893,168.065429323468,3.7160648862075,5.15893931404312,0.591522712972877,-0.407862798491355,-30.6873131720077
1.24624115532416,-0.447361413002115,0.0833334509099032,-0.115676806257717,-4.3644783273876,0.34904215508886,167.029054097508,3.43734118390557,4.98465161095078,0.593143841364849,-0.408589628952441,-30.7684977544577
1.24619729809194,-0.448395319110995,0.0829639903640985,-0.115328396733287,-4.3642311628276,0.350175837872759,167.808207227432,3.95357257589149,4.89904638778782,0.592167050092705,-0.407066000279965,-30.787316393133
1.24612628987424,-0.449658656802047,0.0827313187222992,-0.114777080723795,-4.36406396168767,0.351167095777121,168.155543522138,4.21656260541658,5.0550557627582,0.595085296301468,-0.408040910452687,-30.7906323139323
1.24610008667049,-0.451082610508344,0.0826252254474744,-0.114073377786743,-4.36394280832268,0.352016411934652,167.137644811939,3.93577881711053,5.0066525652696,0.596451931271372,-0.407486141423727,-30.846483987301
1.24617535873486,-0.452588411216713,0.0826228437867962,-0.113275879199421,-4.36383792513025,0.352730894295441,168.933009349434,4.43351043967505,5.03967485171484,0.598390411497144,-0.405923570504459,-30.8323926528966
1.24640234411261,-0.454088647185102,0.0826899130757975,-0.112455327073334,-4.36371484723258,0.353333564342946,167.774477325612,3.81061060177262,4.92684253916411,0.60198959212267,-0.407393408863748,-30.8886145765627
1.24681766115018,-0.455488962694577,0.0827818092932696,-0.111686835686456,-4.36354179429335,0.353854052731765,168.365799041609,4.03477313352369,5.1769234251791,0.599790055474819,-0.404888211330675,-30.8939703454744
1.24743688736964,-0.456711025135304,0.0828550481157512,-0.111029597152399,-4.36330186406259,0.354318949205354,169.044021011911,4.37220861541368,5.22086463022487,0.600642406112335,-0.405601337350799,-30.9258156254298
1.24824939445385,-0.457696897297438,0.0828702736885223,-0.11052939985928,-4.36298917713947,0.354758165840129,168.050118869042,3.37302007013272,5.04644827505791,0.600951424167266,-0.411477241342479,-30.9988476310586
1.24922339013135,-0.458405807392095,0.0827930156010817,-0.110216113188426,-4.36261256877179,0.355196232496909,169.591466605948,2.9956234539743,5.0852763999122,0.604149569733855,-0.410832022556878,-30.9730716383523
1.25031520057205,-0.458844980162713,0.0826159563171343,-0.110080417429037,-4.36219309386208,0.355647881643842,168.42471783987,3.74775732017929,5.10203655087332,0.604888567010635,-0.411977187281955,-31.0416231436311
1.25146205348644,-0.459045830073141,0.0823415798650561,-0.110086015349947,-4.36177433151286,0.356107155040664,169.349612903273,4.05058581046114,5.14571283159373,0.601143942666346,-0.411433088020076,-31.0711187523838
1.25260459285226,-0.459062684196649,0.0819915687419279,-0.110181705932609,-4.36139968378888,0.35656380636297,169.881405842922,3.24484598981189,5.14848680663357,0.603425221444692,-0.409117887916116,-31.0882596245707
1.25367837116209,-0.458969364418801,0.0816012149179807,-0.110293858672429,-4.36112717533081,0.356986848792793,168.803007477412,3.31757016681968,5.02126954011356,0.604489089271555,-0.415558135402499,-31.1409445673092
1.25463048816526,-0.45884180267929,0.0812119525105597,-0.110349265583406,-4.36100771404584,0.357343198406163,170.396636999031,3.99572232066339,5.18922796019368,0.609587585462436,-0.411239455890044,-31.1130750335797
1.25543791146198,-0.458754833073021,0.0808760626188106,-0.110277797461479,-4.36107395869982,0.357598678796124,169.147184695484,3.51008085539593,5.03915771976116,0.606634090050554,-0.407666216010042,-31.1701389157166
1.25608175580104,-0.458770334732852,0.0806373504979582,-0.110021371710887,-4.36135607917543,0.357719846712935,169.9282002581,3.4992716796437,5.03232382074378,0.601818975874361,-0.409608786963083,-31.1975047131606
1.25657232342093,-0.458913136429722,0.0805262343850381,-0.109553072052048,-4.3618603706949,0.357681094186074,170.714371233906,4.65987001522376,5.07230177077588,0.603646099477457,-0.406543589160391,-31.2167018897498
1.25694231446569,-0.459196214763431,0.0805687530227853,-0.108860968803277,-4.36257222366102,0.357469158549954,169.738614914198,3.74540345945002,5.05637527797731,0.606392190978357,-0.413309533153114,-31.2917035754977
1.25724998985808,-0.459593100177734,0.0807711471898659,-0.107974348387094,-4.36344252193943,0.357100675856396,171.469208785793,3.88348784135474,5.17395886608548,0.612524754646157,-0.413064466679725,-31.2883427042769
1.25755439626739,-0.46005347382181,0.0811196997732799,-0.106941193925536,-4.3644197340805,0.356596931196948,170.331490269009,3.54441139232813,5.04979007576995,0.606683433202488,-0.411197642449708,-31.3538206490146
1.25793302962348,-0.460513841644087,0.0815940499481369,-0.105832489688846,-4.36542146712219,0.356010066485078,170.881683940217,3.95661881315641,5.17853775701352,0.602683833563426,-0.411882748199906,-31.3610768592375
1.25845497460721,-0.46089657066077,0.0821579439965862,-0.104732787627777,-4.36636233741329,0.355404354955174,171.596246124522,3.77580712881741,5.13687166969771,0.60219158289242,-0.4072350662134,-31.3621708116566
1.25917943974025,-0.461120083848995,0.0827647925596603,-0.10373189972354,-4.36715977234122,0.354851899440792,170.569328861541,3.4262393216502,5.05311928010821,0.606002806140997,-0.409914956071668,-31.4332087483941
1.26014294028293,-0.461125457183757,0.0833738673075674,-0.10290501339418,-4.36774062032519,0.354430003638263,172.026644781836,4.44453723244328,5.07429748275337,0.604594756470469,-0.411353168965635,-31.4115124782143
1.26136020773501,-0.460885916176904,0.0839560069813264,-0.102301709726072,-4.36805130799777,0.354207150289453,170.767781367669,3.77263399203753,5.0272774992645,0.608639273496155,-0.411628071200292,-31.4728268032872
1.26281973692041,-0.460403066781407,0.0844912427958374,-0.101947625134511,-4.3680591561805,0.354242667911622,171.716609845529,3.43715883317827,5.05736135591033,0.606228044238969,-0.40967134318375,-31.5013016039953
1.26448733650335,-0.459695002510196,0.0849638037734293,-0.101847069515236,-4.36775781755499,0.354574392051115,172.45380596176,4.56932928908122,5.06641980225223,0.6073791204434,-0.410869063967609,-31.5470103025588
1.26631809371179,-0.458814426778678,0.0853800582007055,-0.10197673611367,-4.36715380713927,0.355227223582162,171.538352334835,3.68613240810259,5.14469812542066,0.611352690316744,-0.408463644904591,-31.6228797235543
1.26823930006673,-0.457842866278412,0.0857573600468419,-0.102280880456982,-4.36629111065492,0.356194416064125,173.018571186545,3.91376362132746,5.20033586236949,0.614989250716646,-0.413987485094714,-31.6145701482016
1.2701853795606,-0.456864972172317,0.0861211180614973,-0.102694259761972,-4.36521907003057,0.357450614259214,172.288709380015,4.38748146766829,5.18095917884276,0.617495206484343,-0.416147420165526,-31.6768518978163
1.27209055683763,-0.455965631006947,0.0864999125139708,-0.103147056943814,-4.36399437863276,0.358956214897017,172.656746377701,3.62646933499036,5.09672767313788,0.615422655170641,-0.411695676741258,-31.6968609955346
1.27390263894058,-0.455211432594313,0.0869179535565036,-0.103578960993439,-4.3626751601703,0.360657815071797,173.250834313196,3.63086666531399,5.18978749049811,0.610806878051312,-0.406209281473407,-31.6849588850645
1.27558080527264,-0.454636954426105,0.0873849290804494,-0.103943968551863,-4.36132341318675,0.362484043056991,171.93293502459,4.13512000400397,5.13340001416589,0.609354041718151,-0.412038969703169,-31.7409896021883
1.27710661457164,-0.454253121230773,0.087902757044983,-0.104214496736771,-4.35998683918944,0.364365137572975,173.971072982488,4.46244743079592,5.2494411294231,0.610773246328622,-0.413865602077584,-31.7272721578461
1.27849303067015,-0.454034629356066,0.0884593528859601,-0.104392115124363,-4.35868950771996,0.366242206115926,172.8873402986,3.81612255843947,5.17580856438593,0.611832556679927,-0.415433623404597,-31.8002079053211
1.27974946457622,-0.453939028703038,0.0890312953517053,-0.104486891922295,-4.35746476787997,0.36804618748794,173.422108995175,4.14940713358442,5.09025426733547,0.610387076173362,-0.41403306131696,-31.8113742686021
1.2809054191872,-0.453883624330409,0.0895726931040849,-0.104542073103794,-4.35632741458579,0.369724472772091,173.815862414564,3.98815673989589,5.12232235629395,0.611375420395607,-0.41698791667202,-31.8195199617263
1.28199242946357,-0.453791482613507,0.0900396521135071,-0.10459936363941,-4.35528879889946,0.371233343461206,172.796175324991,4.40639983207666,5.16472141828197,0.608532679408343,-0.414543425996512,-31.8978256588604
1.28302972821631,-0.45359464307421,0.0903877846132899,-0.104692397738774,-4.35436836376467,0.37253099597295,174.857239512451,4.6716791206195,5.25672985279687,0.610303744278633,-0.413969073954776,-31.8952770843252
1.28403010184229,-0.453227925700084,0.0905693669120516,-0.104859614114822,-4.35358262360059,0.373592459446483,173.668139941816,4.09039920593682,5.18170479819122,0.617312812642891,-0.415521619933661,-31.9542749701756
1.28499476963495,-0.45265059700268,0.0905478737887674,-0.105126959846689,-4.35294663820869,0.374407546438937,174.276956370106,3.63444855093871,5.19035043180398,0.619042777800073,-0.415932451993467,-31.9576992321907
1.28590137774335,-0.451866950914802,0.0903057218344576,-0.105483287020386,-4.35249601372249,0.374960020056853,174.716379450124,4.45333544453501,5.07073375358209,0.617819436537631,-0.412407555354721,-31.9695790471407
1.28671872172079,-0.450901304008321,0.0898372739834505,-0.105914641032548,-4.3522542761623,0.3752593114552,173.741258799679,3.42025894011181,5.1019796464962,0.612544581791137,-0.411481295251346,-32.0302937974034
1.28740326938473,-0.449815139134575,0.0891573867527085,-0.106378493483446,-4.35225197323263,0.375315030270426,175.404216966561,3.97541297317207,5.20464519447538,0.612549245205848,-0.4139204611542,-32.010719022627
1.28791363154983,-0.448694464404133,0.0882986714523486,-0.106816601792289,-4.35251207493338,0.375143553583892,174.231813392535,3.95404582935771,5.20335878454003,0.618112087641055,-0.416645436517925,-32.0841930344421
1.28820512669868,-0.447644368528026,0.0873100539387607,-0.10716444573039,-4.35304654924575,0.37477652146436,174.854305076521,4.54206767964979,5.19352844522581,0.617133069845802,-0.418476828355907,-32.1049677608525
1.28825529601458,-0.446770657829877,0.0862505558373907,-0.107362085262593,-4.35384377901441,0.374259376944282,175.522142487867,4.45116014280507,5.06011003371265,0.62070640966888,-0.416795617021568,-32.1236878567749
1.28806198301896,-0.446179039464146,0.0851916267693973,-0.107351038109987,-4.35487163876228,0.373643437172479,174.796735965314,4.25571460506353,5.20532470119272,0.617639312839623,-0.416185276976188,-32.2144021315959
1.28764658743187,-0.44595551258951,0.0842034063019667,-0.107092659806867,-4.35607356616427,0.372993683339434,176.643189200763,4.88214000721769,5.15216284680929,0.620724987824024,-0.415875067466109,-32.2254977375146
1.28705356267962,-0.446148428048293,0.0833435594555595,-0.106575109951212,-4.35737527548917,0.372376001850693,175.360995091784,4.27462510983787,5.19057634191134,0.625614971524254,-0.416261745471126,-32.2834658297223
1.28634313978776,-0.446782265483122,0.0826633101758419,-0.105803564888231,-4.35869485701056,0.371855208845219,175.802791363207,4.38593382722843,5.14511165357806,0.625657413470567,-0.418397824557917,-32.2878834192937
1.28558271986548,-0.447840134569535,0.082192812555488,-0.104811409294969,-4.35994498353332,0.371495200899871,176.58089093271,3.69407216443392,5.10347121131039,0.626222114650053,-0.414704486078557,-32.2974978348592
1.2848498069448,-0.449273729865837,0.0819459371465903,-0.103647932146411,-4.36104307369228,0.371346331280595,175.617535269173,4.62247735954793,5.22300844072447,0.618051446421121,-0.41222205369366,-32.3666995259282
1.28421463857951,-0.450994832440173,0.0819119835350176,-0.102385201903696,-4.36191878828669,0.371446444216064,177.202354715564,4.56452777620916,5.19507275754913,0.615220819117342,-0.409987623248905,-32.3243072108601
1.28373366949019,-0.452900463202507,0.0820642467577099,-0.101101645968145,-4.36252164199297,0.371821153063551,175.700330750951,3.63968356382657,5.20627054317475,0.618554487871789,-0.416846980449169,-32.3810594070189
1.28345391312283,-0.454857714184447,0.0823536457683954,-0.0998890888263532,-4.36281984337954,0.372478281822941,176.694692043841,4.39637998865783,5.26639172324278,0.614562968329565,-0.419175457458229,-32.4196115998083
1.28339104284167,-0.45674291629977,0.0827231949976882,-0.0988174410748036,-4.36282658584871,0.373390593195886,177.627645591887,4.46280583317821,5.28834991053,0.615871573072414,-0.421249200822347,-32.4602074466216
1.28354505871972,-0.458429197890592,0.0831078861045255,-0.0979549904198034,-4.36257026088495,0.374521447242469,176.387233039033,4.53908446004129,5.33519875910321,0.617911997815472,-0.420375855426534,-32.5353528898587
1.28389102620496,-0.459806455047593,0.0834409208846109,-0.0973523731937488,-4.3621066713052,0.375819291948312,178.059333273195,4.92752927322226,5.33768903008144,0.618180892602294,-0.416744869580809,-32.5269748741575
1.284405533232,-0.46077918723646,0.0836620945614989,-0.0970499903535644,-4.36149393487452,0.377229515251891,177.241950494637,5.4517905806099,5.07678218189147,0.624826487055828,-0.419736802999222,-32.5945966602955
1.2850534476532,-0.461288697361113,0.0837252105877885,-0.0970535961863468,-4.36080596400246,0.378682176994262,177.656297333521,4.85214136277659,5.16823076436145,0.625764506761216,-0.419193899266856,-32.6011642243998
1.28579916389044,-0.461307015069799,0.0836002082293827,-0.097353532031352,-4.3601118824129,0.380115638784591,178.2803607285,3.58814097786785,5.2622113880177,0.627998354034725,-0.417671911420717,-32.5943433661668
1.28661734676243,-0.460839744429769,0.0832781056631469,-0.0979161772133757,-4.35947506813835,0.381466988162138,177.121079038556,4.08755606101363,5.09757695828159,0.623965942572072,-0.420960322252933,-32.6497443781848
1.28748391150558,-0.459924798017292,0.0827653734427125,-0.0986912671291266,-4.3589479208223,0.382686032521656,178.775067456172,4.43814695099695,5.32919942441202,0.623860581466333,-0.415854136044884,-32.6313407902678
1.28839260414285,-0.458634197869307,0.0820950524824649,-0.0996099049220049,-4.35856339649087,0.383732256025494,177.456343861588,3.93917953233017,5.21735631341173,0.620924831207704,-0.42089071324509,-32.6999585776493
1.28934084237172,-0.457066341225257,0.0813146912004584,-0.100592266015854,-4.35834182037168,0.384578926017614,178.518764222491,4.24999932040737,5.37029905763126,0.624748528604806,-0.422712056477327,-32.7428801322648
1.29033265881323,-0.455324402089685,0.0804757098081557,-0.101564115893272,-4.35828511953767,0.385218389915374,179.331986727413,4.0349989812903,5.36093588930251,0.627090822635045,-0.426014545972641,-32.7804289469097
1.2913726810229,-0.453529171640179,0.0796407493823729,-0.102440437154511,-4.35839110688568,0.385644410867985,178.25869399464,3.66316414880362,5.34134344412138,0.62836509337681,-0.427846728841753,-32.849642215448
1.29247503332358,-0.45180510097822,0.0788788014023293,-0.103146226681723,-4.35863246389006,0.385875911650285,179.770749675945,4.26203005742445,5.43407631663493,0.632352671952172,-0.418646673402474,-32.8355883135237
1.2936391399705,-0.450250379865631,0.0782392017466995,-0.103627846342197,-4.35898676194022,0.385934838293898,178.830589318154,5.36015613050495,5.21209410956615,0.631783907074905,-0.418195140283676,-32.8965457817684
1.29486263417118,-0.448952256090564,0.0777664992565923,-0.103844688472699,-4.3594235325854,0.385852955805191,179.485629031532,5.10335590771183,5.37234158142718,0.629490395938249,-0.417635559342202,-32.8975080676545
1.29613415412654,-0.447982506635382,0.077494183440443,-0.103768231674755,-4.35991507680918,0.385663688797873,179.83278384196,4.85758142136501,5.37396623504043,0.630699503164954,-0.417492591577757,-32.890228735015
1.29743124780107,-0.447370535814985,0.0774287610367129,-0.103402443040829,-4.36043702505319,0.385403335779479,178.651586948933,4.62285346308272,5.32442506589868,0.628402562926405,-0.421549471079545,-32.9606643325144
1.2987273910105,-0.447126029702273,0.0775657887304403,-0.102765559634611,-4.36096465024789,0.385110653330528,180.422703964322,5.08303122549728,5.29444236266053,0.627798310446093,-0.418798783885646,-32.9524804737085
1.29999232802151,-0.447237339010814,0.0778875388243152,-0.101888379919011,-4.36148194553937,0.384816297542504,179.501019681809,4.69278949579598,5.25738333407782,0.627375641903869,-0.418976572098494,-33.0228983468881
1.30119023531258,-0.447680400851821,0.0783673580790175,-0.100808926404418,-4.36197765548511,0.384549419138983,180.266401655088,4.41621492099489,5.38989835741458,0.625063076116399,-0.42217636152084,-33.0661540227183
1.30228748396966,-0.448411754023878,0.0789666507420755,-0.0995742037700803,-4.3624459144102,0.384332580100277,181.053728689885,4.51872514780416,5.41279066743846,0.628723831733533,-0.421898537338205,-33.1055882928657
1.30327257132807,-0.449366073770074,0.0796414281544618,-0.0982482047963361,-4.36286670263462,0.384192760481185,180.068351441309,4.57350069826384,5.38304738452209,0.631162492777838,-0.424971392028993,-33.1830733784581
1.30411982987402,-0.450484092233268,0.0803457123834891,-0.0968803505927114,-4.36324503823051,0.38413731874281,181.647442158313,5.2557894431834,5.43682836750057,0.636190105482823,-0.421385994268733,-33.1595802797062
1.30482538753777,-0.451701346579027,0.0810343596526005,-0.0955229603787461,-4.36357522620146,0.384176156225831,180.600178507647,5.35480320936495,5.32449012849324,0.632864602341236,-0.421897029185191,-33.2128839134841
1.30538955829463,-0.452960643968705,0.0816681761975549,-0.0942200893357751,-4.36384979307077,0.384319354705487,181.159888155987,4.85227505108196,5.24160735710748,0.631352161384179,-0.417205578799264,-33.2263880193838
1.30582807358951,-0.454207756519825,0.0822146117166597,-0.0930135136879889,-4.36405686850027,0.384576456180002,181.720669408873,4.64919603831913,5.29228800464051,0.633656791928433,-0.418517265037572,-33.2307799970965
1.30616074210237,-0.455401658802739,0.0826499443360438,-0.0919325072387989,-4.36418489051615,0.384955123366538,180.551972715204,4.29234951203307,5.39791219653915,0.630630264524578,-0.419884779655157,-33.292250466881
1.30640930699925,-0.456508549351957,0.0829578335066942,-0.0909953959231998,-4.36423024672252,0.38545096169728,182.432522386322,5.28858658158561,5.34141232672528,0.631063504470078,-0.420517210768554,-33.2844223956947
1.30661480967763,-0.457497437454665,0.083129889573606,-0.0902207329928693,-4.36417246662547,0.386069462751069,181.277878851251,4.69536116338645,5.27870766878382,0.62899555436494,-0.422435917005351,-33.3681768840865
1.30680201336361,-0.458364241338224,0.0831721934918712,-0.0896056413067822,-4.36400610997467,0.386806519553228,181.981635743739,4.72855791630536,5.39467134093823,0.630855982725166,-0.424270640533088,-33.4015135019667
1.30700373662944,-0.459089040558684,0.0830875153431738,-0.0891588882023568,-4.36371939995126,0.387660012468766,182.61571221956,4.75090488245746,5.43727587521909,0.632814831736602,-0.4274400578638,-33.4214133622029
1.30724689051093,-0.459666991317315,0.0828884458470324,-0.0888772271150047,-4.3633068464395,0.388623047883869,181.803453738495,5.21914461257597,5.35370411431759,0.632682573758643,-0.422891487241698,-33.4953601376692
1.30754796101001,-0.460100725398737,0.082592381627397,-0.0887481608132007,-4.362776714621,0.389676123303203,183.619251067368,4.69598756301389,5.37277426360239,0.638213605352572,-0.422087976184456,-33.4637604322815
1.30791265984767,-0.460393886580315,0.0822154345114025,-0.0887526520702049,-4.36215238016895,0.390785875204639,182.16227454162,4.71810634898043,5.41858373170925,0.636647016001504,-0.424593761211499,-33.5142947304362
1.30834763338338,-0.460555122824642,0.0817780524392064,-0.0888745082393294,-4.36144816792909,0.391931280314333,182.711103308043,4.87231570826566,5.33746325997578,0.633775219119174,-0.420136033927804,-33.523039109393
1.30884635017758,-0.460603803254113,0.0813042065658962,-0.0890841443320293,-4.36069624893963,0.39307676745734,183.376644030566,4.68876181989117,5.33944946820807,0.635313305335849,-0.421672555098859,-33.5454538564977
1.30939979628411,-0.460555643897914,0.0808136304683773,-0.0893550919877989,-4.35993150777959,0.394187245766956,182.553093563922,4.24705511892967,5.23158723902864,0.636487063269638,-0.425540318601878,-33.6183106550467
1.30998242693052,-0.460428642121624,0.0803197979773133,-0.08965692894529,-4.35919974109765,0.39522630738163,184.254844248283,4.44720093355386,5.49774398019838,0.63936434705512,-0.422814934209256,-33.6141564557473
1.31058145042732,-0.460240693359378,0.0798377018707603,-0.0899601817101535,-4.35853913043354,0.396161513704254,183.246605297307,4.38769280446945,5.45451696216381,0.637153938493185,-0.426977603957931,-33.6879153182828
1.31118061968743,-0.460018351994758,0.0793842250785771,-0.0902309750537191,-4.35798487386201,0.396967209536851,183.885373402559,4.45337425514481,5.45785994078005,0.635088464063833,-0.426112593700231,-33.7063458615861
1.31176564741769,-0.45977556438903,0.0789634092249641,-0.0904498493629085,-4.35756279046502,0.39763349490052,184.290173108427,5.37410965616186,5.35798361923264,0.638483363121961,-0.424815142524758,-33.6999086420423
1.31233337143116,-0.459516396310317,0.0785766429089829,-0.0906069784525098,-4.35728450319245,0.398160799206655,183.296133028848,4.96007882479739,5.37930492559852,0.638115365898797,-0.424661795801175,-33.7544449410675
1.31288529010432,-0.459252553891176,0.0782286714332291,-0.0906938252848207,-4.35714971124819,0.398563541217241,185.021089597131,4.64804835558766,5.46495328048468,0.636719144722979,-0.420858044111452,-33.7425690747352
1.31342427776683,-0.458999645209987,0.0779259154740469,-0.0907019714618292,-4.35715103136524,0.398862395069757,183.761005819022,4.47931034676913,5.3988176296445,0.640706121214123,-0.426055107496524,-33.7988400036086
1.31396214221565,-0.458770942058969,0.0776766347361236,-0.0906275903300379,-4.35727159250552,0.399081892885072,184.293861673769,4.51120543747629,5.53770073450173,0.640676925831333,-0.425266783183379,-33.8112744328841
1.31451654255646,-0.458565727498684,0.0774837418863686,-0.0904849563442152,-4.35748010796956,0.399258766160327,185.03461358919,4.88280738461935,5.47660211374222,0.638634806563608,-0.423581833598472,-33.8314257508256
1.31509319048405,-0.458396994365806,0.0773553281574316,-0.0902741737880752,-4.35775900865971,0.399416070481671,184.04746758345,5.1404227921962,5.36364243354413,0.637562194270144,-0.425981078937497,-33.9092565807009
1.31569768047212,-0.458278021788683,0.0773024601735812,-0.0899967543117244,-4.3580900973675,0.399572066238865,185.833605743511,5.75734930797103,5.49492876436852,0.644247621902683,-0.424583376672588,-33.8929616800289
1.31632720367197,-0.458235368595506,0.077341913611409,-0.0896435352605143,-4.35846409913491,0.399736340830492,184.630929328697,4.92706996034326,5.42629628487845,0.644171680366678,-0.431868793931545,-33.9531191764401
1.31698097234708,-0.458286608494525,0.0774879289794058,-0.0892141620385766,-4.35886786426008,0.39991776676431,185.287303281559,4.49078326289168,5.38785351955852,0.644042321604272,-0.429968092308102,-33.9724637058893
1.31764430205442,-0.458453685246731,0.0777516796213545,-0.0886959909964279,-4.35931065181737,0.400101516958799,185.924729619801,5.35135327696207,5.3422741123737,0.641813557456895,-0.424306941936852,-33.9779685814331
1.318292629642,-0.458760667574266,0.0781426460234946,-0.0880707020124567,-4.3598141008665,0.400261854934783,184.717305666808,4.82012443171789,5.31109304115134,0.638171485095537,-0.424417233067588,-34.0299912465202
1.31889861376423,-0.459240115740078,0.078672176996788,-0.0873123774724568,-4.36040151600865,0.400371736855809,186.191200471224,4.26697427626641,5.61689098215157,0.639312863201087,-0.426219468165105,-34.0062345406423
1.31944376119454,-0.459895146651151,0.0793325788355901,-0.0864174791338934,-4.36108657051286,0.400412203907643,185.350112253135,4.9437397166671,5.43297851889972,0.638563644078995,-0.429402727448373,-34.0766132793645
1.31991074476861,-0.460726807357945,0.08011177593255,-0.0853816767401957,-4.36188125235414,0.400366279865488,186.232931086231,4.30260158325996,5.33741853017622,0.642223004372265,-0.429802535013484,-34.1231423642649
1.32028785268846,-0.461729437530835,0.0809922765986855,-0.0842081052609116,-4.36278914566692,0.400226410210156,186.901303183149,4.77263002160589,5.33711234905795,0.643177288483681,-0.428311515148787,-34.1618835751908
1.32058328488971,-0.462866635299694,0.0819412431623086,-0.082922954336214,-4.36379619918535,0.399997013489414,186.049117868597,4.9028492824948,5.46449442906339,0.645970715298945,-0.427962938482455,-34.2310206625619
1.32080213841427,-0.464091330308081,0.0829140684820406,-0.0815624504752894,-4.36488398154771,0.399693198109605,187.394286142009,4.93240731776109,5.54963747249323,0.645618771920414,-0.425644222030098,-34.2169688303571
1.32097652627376,-0.465337956067275,0.083862153542498,-0.0801844777559439,-4.36600480564113,0.399352573514429,186.438266976378,5.0910067035893,5.60046775424334,0.64617466666809,-0.428618983295711,-34.2751653907358
1.3211386858989,-0.466539440600037,0.0847378276866945,-0.0788478917558428,-4.36711015565181,0.399014048782809,187.063314312806,4.85905702864397,5.47996097349767,0.6424256641318,-0.429308468995462,-34.2898242164766
1.32133794113657,-0.467609454499417,0.0854865029268384,-0.0776330005666022,-4.36812994111779,0.398735270726532,187.766258931547,4.77944258136881,5.41502598166514,0.644323168182609,-0.428132511083276,-34.2849529293801
1.32161629130997,-0.468468717650929,0.0860587981883386,-0.0766117906505295,-4.36900496555661,0.39856420979839,186.30525021414,4.12156837200746,5.4509150027975,0.640820004686626,-0.426512936985026,-34.3532851733837
1.32202716339752,-0.469043457301439,0.0864179353948371,-0.0758557464085632,-4.36966707743261,0.39855078086251,188.333757209324,5.13069996881291,5.49695665726142,0.640017244721673,-0.427885858288949,-34.33032345285
1.32260633368064,-0.469282232088347,0.086539670691636,-0.0754151614485092,-4.37007070221841,0.398726696214242,187.01143216343,4.30027917236475,5.37263738375529,0.643447259917061,-0.430749454822241,-34.4034343039227
1.32338250991427,-0.469153464225421,0.0864137505416253,-0.0753243589578932,-4.37017929672134,0.39911553761318,187.99045786095,4.70348561281412,5.55992133799884,0.642498303661514,-0.43204798880008,-34.4350028758924
1.32436513623824,-0.468652866754429,0.0860462370613308,-0.0755873010917191,-4.36998636316023,0.399713060090443,188.595402096507,5.32488205782579,5.58711455608034,0.646050787557963,-0.432907723570031,-34.4649377631507
1.32554278558591,-0.46780794931818,0.0854604173063535,-0.0761834382750426,-4.36950556187174,0.400505065891319,187.53039913519,3.93844067881355,5.55478041868719,0.645442808091064,-0.433165307774826,-34.5290770310386
1.32689587918214,-0.466675201641479,0.0846978329953215,-0.0770642468202824,-4.36876489158939,0.401462365270014,189.231468547394,5.41144969614447,5.553527527706,0.649531497892837,-0.429024810928672,-34.5269228196276
1.32839347043691,-0.465331081108403,0.0838112846312646,-0.0781651081739166,-4.36780490416487,0.402548876426788,188.303207960065,5.5079114628295,5.63257243920236,0.651117692309763,-0.427644679080605,-34.6003683986292
1.32998607950219,-0.463871446130982,0.0828594360535742,-0.0794006198537888,-4.36668775169239,0.403717074081655,189.039673034274,4.52903238242743,5.51559144580423,0.650689868558981,-0.4291478543455,-34.6116274861139
1.33162074658953,-0.462400158251532,0.0819053232133838,-0.0806813789189835,-4.36547357546225,0.404926165879845,189.358552581278,5.02710810477993,5.49819271422436,0.655678239568745,-0.427719492258952,-34.5978333394495
1.33325341548602,-0.461019786646089,0.0810125860609846,-0.0819190757194105,-4.3642179871256,0.406138431060125,188.185503557476,5.29461931613923,5.51469686750121,0.650596671906697,-0.430375619564732,-34.6636879581367
1.33483195302408,-0.459817273640176,0.0802317624133468,-0.0830358193989953,-4.36297974254938,0.407319510934719,190.049713597969,5.02273395260545,5.51354100231242,0.643752043355978,-0.431009429807003,-34.6646856532101
1.33632516737535,-0.458861772217316,0.0796045057382289,-0.0839747927980949,-4.36179297260219,0.40845741936551,189.059530056808,4.29208912807599,5.65324079670663,0.647013739821323,-0.431970204122159,-34.7386212363819
1.33771556630555,-0.458199718336418,0.0791615815769802,-0.0846978080576533,-4.36067500219009,0.409551659096786,189.721040806122,4.91475808456084,5.58650317534318,0.650986314934771,-0.433792769706057,-34.7730297990491
1.3389954507975,-0.45785488681299,0.0789203028394046,-0.0851835732402919,-4.35963731985354,0.410604412473148,190.476731820067,5.31087165792451,5.60556418094467,0.657202920147262,-0.433406055013084,-34.8023884689498
1.34017311059783,-0.457837250211691,0.0788942386726424,-0.085428389860776,-4.35867043181004,0.41163294536118,189.344144559435,5.03604920040448,5.59239585665057,0.654373526370333,-0.433722472500555,-34.8758854804021
1.34126750245097,-0.458128154772133,0.0790815145249913,-0.0854479744124203,-4.35775945465605,0.412653584023662,191.14065342937,5.41841875931254,5.68916636050247,0.656264503718178,-0.430497300361044,-34.8567831986871
1.34230303082135,-0.458688178504767,0.0794677523450639,-0.0852690944655471,-4.35688960177597,0.413676313263572,190.077480304353,4.10715056372351,5.61744602871377,0.654935706563652,-0.42921237628901,-34.9126313953243
1.34330129813674,-0.459471677448397,0.0800330912191068,-0.084922021923666,-4.35605192790626,0.414704433471324,190.678916831412,5.49006040244058,5.46190398612646,0.652846270590466,-0.430106591602011,-34.9139743703615
1.34428194836689,-0.460428128332254,0.0807551488291192,-0.08443862614072,-4.35524110001907,0.415735915610809,190.870737189475,5.27303207312934,5.50298896392445,0.651683253644586,-0.431435587343202,-34.8963344117166
1.34525489236763,-0.461505999065333,0.0816076329825424,-0.0838484883232151,-4.35446185850245,0.416761682319989,189.574520299273,4.46806101801553,5.53200051875734,0.65304158449984,-0.431863068156091,-34.964141144939
1.34622140543208,-0.462658008981718,0.0825638408541169,-0.0831737444557452,-4.35373308306473,0.417760161906288,191.735844460346,4.86672604785394,5.54508444158887,0.650751787353386,-0.427375001231368,-34.9644633520583
1.34716674819307,-0.463838356687964,0.0835924487858251,-0.0824311303559668,-4.35308962198124,0.418699296859032,190.636743318166,4.79631005725878,5.61105455075943,0.652335215999126,-0.43092463863345,-35.0417402316166
1.34806752239037,-0.465010495012738,0.0846635225818726,-0.0816306095008757,-4.35256976726266,0.41954942259901,191.39336972831,5.17764092927678,5.60966281380138,0.658000089471181,-0.439132001936538,-35.0577733362422
1.34889911426988,-0.466142069049814,0.0857502352271398,-0.0807866414386149,-4.35220249178973,0.420294854000373,191.794883013616,5.28323885511554,5.61558215206145,0.661603064222004,-0.440738695834498,-35.0794099722034
1.34963770103941,-0.467210454548606,0.0868290189540343,-0.07990235709368,-4.35202122370251,0.420913344746999,190.96736855896,5.20907297788062,5.52372993416782,0.659054820536489,-0.43459909140836,-35.1514316604262
1.35025752295682,-0.468191332716973,0.0878742933332751,-0.078990294211664,-4.35204742211794,0.421398736861467,192.625300649604,5.03654430665256,5.62564653204734,0.659447314610651,-0.429940699395733,-35.1402526022432
1.35074726926861,-0.469058979071614,0.0888611181685219,-0.0780696413206207,-4.35228658228024,0.421756027508337,191.495636581103,4.52562267789949,5.66218049486358,0.664131589919849,-0.430787545901755,-35.1944771439941
1.35112029337248,-0.469804567912105,0.0897807115620077,-0.0771541648934176,-4.35271740873444,0.422005469549791,192.023849124698,5.51248499786038,5.6503119697002,0.667119335429381,-0.432121642768008,-35.1746378498805
1.35139857689768,-0.470424273251723,0.0906272243835853,-0.076262755347149,-4.35330018052059,0.422183427558844,192.419561277676,4.94609010382555,5.58943562114146,0.666108672931525,-0.433530972634198,-35.1700308334754
1.35162614779669,-0.470907806827896,0.0913956771229733,-0.0754207950378783,-4.35397832462212,0.422330171595608,191.315490074737,5.08483666587654,5.48867377754456,0.656307386065298,-0.433386488171886,-35.2378719163738
1.35186645846938,-0.471260108750229,0.0920942369458075,-0.0746464241815658,-4.35467846381211,0.422490064353712,193.184329064816,5.51230396607912,5.64017430747117,0.652819491261553,-0.431104606604325,-35.2228114685345
1.35218035676732,-0.471504911796583,0.0927410597420854,-0.0739465636061202,-4.3553272816745,0.422707920992749,191.806195943684,5.20007337724223,5.64460653588228,0.657773726107329,-0.435375201684386,-35.2950822060784
1.35263081823913,-0.471667150220668,0.0933545793749151,-0.0733234592796161,-4.35585635485993,0.423016909585505,192.618993810418,5.50152236327972,5.72367899004379,0.660710406794628,-0.440799922211265,-35.3155540137585
1.35327721573107,-0.471770496680724,0.093950510628616,-0.0727799059973863,-4.35620256848335,0.423444836133756,193.082173540791,4.8206280505417,5.92410599137236,0.660928831861828,-0.441453253949815,-35.3418260977429
1.35416276231447,-0.471849652735798,0.0945484651623729,-0.0723031334929073,-4.35632543170917,0.424001085753759,192.504273899519,5.26667976096519,5.633444615608,0.660562311869745,-0.43661090954579,-35.4157896621728
1.35530087644252,-0.471934381032471,0.0951575702693072,-0.0718807365781432,-4.35621152957623,0.424681735339694,194.344418689122,5.46673777123374,5.56225349151802,0.662761103789756,-0.432022732693466,-35.4300581028883
1.35669205075145,-0.472049336877419,0.0957804969374986,-0.0714996165644811,-4.3558612275334,0.425474830842969,193.200320085997,5.62961140514767,5.56108243624737,0.665203260604691,-0.434006544518012,-35.4833180214787
1.3583026461441,-0.472224379247209,0.0964174233047025,-0.0711359072733278,-4.35530781814208,0.426351055263036,193.376044518722,5.2346375499335,5.56171706377924,0.668297048434483,-0.433914538770743,-35.4781570712
1.36008314813892,-0.472472611846502,0.0970562724668296,-0.0707764634630249,-4.35459667099891,0.427278890652755,194.076363811409,4.56222517059246,5.56735016888842,0.668461902666959,-0.432946557248797,-35.4845498300831
1.36196153833525,-0.472799928871204,0.0976768602135867,-0.0704079749384885,-4.35379451356234,0.428216813409757,193.224440689996,5.58507612181506,5.59329015317118,0.658458722197651,-0.431543533906894,-35.5709685426498
1.36385023297577,-0.473226595168144,0.0982684545929931,-0.0700051479574934,-4.35298146470952,0.429118283615381,194.926772559868,5.57353037601411,5.68008092409838,0.656782211464297,-0.434155562232476,-35.5577918864288
1.3656632613093,-0.47375092448773,0.0988087880517003,-0.0695593974959233,-4.35223140258578,0.429944879001876,193.852424310112,5.15328907546927,5.60689599651519,0.660444146807943,-0.438004156199076,-35.6166551102574
1.36732194493165,-0.474364371390875,0.0992757724113859,-0.0690658804818114,-4.35160954339878,0.430663748966091,194.314699665761,6.17267654027819,5.67631781296251,0.660350672996937,-0.442793002400866,-35.6463780475245
1.3687605441384,-0.47506885190653,0.0996599923183838,-0.0685179681700544,-4.351165096233,0.431254573028525,195.240847849188,5.52504673161275,5.61418065430726,0.661135682636606,-0.437170530944161,-35.6745673676344
1.36993836106699,-0.47585917228505,0.0999551561268179,-0.0679132355900989,-4.35092830065835,0.431703408628658,194.223202886381,5.33515193704716,5.58026019349407,0.658981953046968,-0.434772681901801,-35.7555084645083
1.37082899617976,-0.476727662965541,0.100159060797496,-0.0672539020686738,-4.35091155689709,0.43200843163389,196.006068550738,5.66081450864226,5.74755231924829,0.662602960439383,-0.432387150949578,-35.7422939185809
1.3714306160709,-0.477662749972067,0.100271803986655,-0.0665474832486318,-4.35110681961265,0.432178834852189,194.744435098377,5.64702665305413,5.65328712364473,0.667400867474956,-0.439005661457197,-35.8061550895472
1.37176312163425,-0.478663997853641,0.100307162879888,-0.0657957104326044,-4.35148647975562,0.432232672970558,195.394721788538,4.74731916171481,5.66434755758121,0.670868544570121,-0.437276104769068,-35.825364780211
1.3718708901277,-0.479723628726092,0.100280284893378,-0.0650103866125776,-4.35199980940447,0.432202512676011,195.921556692966,5.14216997418134,5.56181025139463,0.668659795896409,-0.434516445388239,-35.8464447768075
1.37179741737508,-0.480828988407463,0.100200339716443,-0.0642053027759443,-4.3525980540494,0.432121296241951,195.155123647811,5.66100888450683,5.53964795136818,0.664958255826973,-0.436386132377304,-35.9243506300547
1.37159673277979,-0.481947280753413,0.100067084746447,-0.0634142340491319,-4.35322016959443,0.43203367471522,196.996798432211,5.54590267753792,5.76177536527581,0.666616112787954,-0.437685045292526,-35.9028002683255
1.37131906852505,-0.483043392663914,0.0998791677405892,-0.0626694642571021,-4.35381315045153,0.431976499261402,195.585700607012,5.80892776555561,5.67729850468749,0.668510521853357,-0.440289930990079,-35.9529176102707
1.37100498209486,-0.484095733755906,0.0996380452134167,-0.0619934205028898,-4.35433369263286,0.431984353024797,196.060696066476,5.89212813549807,5.71115841495143,0.664573872013101,-0.439194938860858,-35.941748860422
1.37068728485909,-0.485062703283557,0.0993321637557392,-0.0614212432326238,-4.35474889268866,0.432084540651463,196.672421660134,5.34356309974123,5.7011632432102,0.66352648045258,-0.43857164887305,-35.9366456351808
1.37038621494022,-0.485901217647768,0.0989472379643186,-0.0609893217540042,-4.35503800323336,0.432298763944477,195.620687034484,5.42102468604662,5.54947580618273,0.659085233270093,-0.438939286328266,-35.9891831080454
1.3701154982627,-0.486584551186205,0.0984757925362124,-0.0607158484193689,-4.3551943361012,0.432634844046004,197.268960041918,5.48704957326686,5.63069653485695,0.655390740573587,-0.439781136204456,-35.937664424204
1.36988365216873,-0.48708548061887,0.097912850767031,-0.0606199962538395,-4.35521792830738,0.433093018434691,195.267034004263,5.22981665780162,5.70276413333823,0.661380111330128,-0.442421883488307,-35.9910681460617
1.36968694410247,-0.487389742437998,0.0972571043343465,-0.0607028922321989,-4.35513117159221,0.433653377656344,197.114249690332,5.33552218551472,5.65150612898236,0.658923896946645,-0.442364532261091,-35.9583161671244
1.36953406003992,-0.487492362329222,0.096518749808697,-0.0609616327227609,-4.3549446027537,0.434300372638591,196.439088150024,5.95418405475425,5.73287828295412,0.658719720794804,-0.44231953022571,-35.9873468929812
1.36943654273681,-0.487412859571471,0.095724558769215,-0.0613719383432585,-4.35467483672237,0.43500674648307,196.168035834372,6.33731676199204,5.72392775934111,0.662010249502582,-0.44049473992134,-36.0030476006211
1.3693922173455,-0.487183786601804,0.0949063129041194,-0.0618940506100852,-4.35435335843802,0.435733342334929,197.088155836596,5.73798001312116,5.76441751806848,0.665213505249499,-0.438930441592596,-35.9589479502369
1.36942487150888,-0.486837977969946,0.0941028254553891,-0.0624943920659099,-4.35398420209406,0.436459587589397,195.60125796355,5.56666783536957,5.70196549313158,0.668857528760384,-0.444573074957396,-35.9952484507693
1.36955046267762,-0.486425127097631,0.0933619486514808,-0.0631247388539785,-4.35357665229098,0.437162062474478,197.071978711207,5.61305497478475,5.77619893990646,0.665065917525227,-0.442767330008443,-35.9537904180918
1.36978450745314,-0.485996734772982,0.0927322149195536,-0.0637361465770162,-4.35313794340923,0.437821611177817,195.797497320672,5.00063325642145,5.80793616813858,0.668591426514124,-0.440960949761753,-35.986663576729
1.37014187146564,-0.485609139480816,0.0922642915809341,-0.06427749087255,-4.3526724377649,0.438424126239107,196.678383115399,4.9943271529462,5.73747230972339,0.664937086899478,-0.442518803418487,-35.9763143329814
1.37063106804492,-0.485296258879123,0.0919925652133347,-0.0647158860415357,-4.35218415756488,0.438962680530113,196.621321787584,6.16303573442042,5.80431189577976,0.670335962865378,-0.441993872431833,-35.9686166297909
1.37124249275633,-0.485083901934775,0.0919388179913614,-0.0650259562712834,-4.35167981402627,0.439440366027829,196.04317812235,6.35997191727574,5.73491927156334,0.669448731499111,-0.444203553043512,-35.9829857917967
1.37196222658104,-0.484988511738784,0.0921161357359695,-0.0651900098249721,-4.35116981080299,0.439860201919804,196.66983903806,5.90378868522998,5.76084592808192,0.671672919601242,-0.442126639267575,-35.9461242209421
1.37276513970083,-0.485001668107035,0.0925163316778628,-0.065209669017999,-4.35066922425905,0.440227427463797,195.986155005863,4.63105398147491,5.72270312000171,0.671242201401032,-0.441103442967414,-35.9561425058381
1.37361063850002,-0.485116625232164,0.0931257157095848,-0.0650858831796571,-4.35020253593948,0.440544605887806,196.381149553765,5.65288808705532,5.56425580648366,0.667713966323054,-0.439060101018397,-35.9322088132756
1.37445928907501,-0.485298917319733,0.093910450515862,-0.0648407499717495,-4.34979126100818,0.440815628915227,196.000078329755,5.00264603215419,5.78025020440828,0.668635668771726,-0.439741295790803,-35.9113400448051
