disp_x_mm,disp_y_mm,disp_z_mm,Rx_deg,Ry_deg,Rz_deg,Fx_N,Fy_N,Fz_N,Mx_Nm,My_Nm,Mz_Nm
0.0562079623487257,-0.14689459731544,0.00594716367178989,-1.18760916420564,0.127756421986335,-0.199867012549735,1.54128381784352,-0.0435040123343242,0.0245330020178756,-0.00331359534346642,-0.0090382721123152,-0.220882431220675
0.0562255918485201,-0.146057859484431,0.00522412117450337,-1.18766637699308,0.127487957533608,-0.200593222115072,0.957674670087897,0.359941146220535,0.0497959603910942,-0.00565037439146421,-0.0113730445885056,-0.241642121861062
0.0562624171664068,-0.145252912743976,0.00454934942172895,-1.18765526770352,0.127176001900514,-0.201395986342351,1.63651090126319,-0.586145449648711,0.153225549010216,-0.00473488293006952,-0.0142848201249896,-0.210569589372098
0.0562883403736368,-0.14454710653132,0.00395407566452789,-1.18756602273079,0.126838881558412,-0.202212551104104,1.07421305773624,-0.274912373071857,0.0765563237197284,-0.0063403674988658,-0.0114135271426321,-0.23302778717068
0.0562739119820064,-0.144012762367923,0.00347158408375287,-1.1873817804751,0.12649412257996,-0.202985148278497,1.26258402165359,-0.670283853032061,-0.026129774567238,-0.0023210335380317,-0.00889643538628027,-0.223059566467961
0.0561888331730049,-0.143697296033791,0.00311672044559982,-1.18709938300459,0.126156168686548,-0.203662373709479,1.53397074797698,-0.294988307382255,0.1073774326901,-0.00510677512120905,-0.0104140174350226,-0.212245910327019
0.0560041965714883,-0.143630526341318,0.00289346359629424,-1.18672093180142,0.125837493953086,-0.204202089386497,0.941814891131116,-0.307938795644077,0.00159197723439775,-0.00488570363600971,-0.0149369294411041,-0.238216726676143
0.0557057467444598,-0.143819324584225,0.00279623484994179,-1.18625324728795,0.125547087610591,-0.204580808786589,1.74667508858539,0.102403355990418,0.101304024394892,-0.0015679108544524,-0.0121509069046671,-0.211357740703019
0.0552949837582605,-0.144226564623959,0.00279881420458855,-1.18572537395832,0.12529620024901,-0.204789042893804,0.861983587183261,-0.0994757968196609,0.0631144238654713,-0.00336243716271278,-0.00910878084563216,-0.233493467108689
0.0547816616528509,-0.144782612104486,0.00285877001514196,-1.18517274557121,0.125081597437862,-0.204844690894175,1.33380088289459,-0.206556418009086,0.0119932341901858,-0.00164016303710168,-0.0120429572193462,-0.225110900769953
0.0541828261532682,-0.145410199541825,0.00293076340794402,-1.18462557852541,0.124892770774969,-0.204782573424459,1.62985924792667,-0.0254327937905146,0.133404798650048,0.000629206527346327,-0.0149266610991534,-0.214508227407257
0.0535454098947311,-0.145995055797302,0.0029592188373277,-1.18413734095438,0.124733673536211,-0.204640533142939,1.02097755338838,0.30074969671864,0.0885203435667563,-0.000734743711590546,-0.0144046630500848,-0.236150395617791
0.0529163154862723,-0.146430203461449,0.00289421911886307,-1.1837530809169,0.124601543377475,-0.204465904616427,1.64008759590286,0.484613272432625,0.149539917349102,0.00196267162968544,-0.010940072801783,-0.207417595125487
0.0523424380335904,-0.146615978533097,0.00268956669805439,-1.18351077662346,0.124487469034715,-0.204311249221227,1.18423265470028,-0.122847665164954,0.0792087269427952,0.00119090289836965,-0.0136064723516915,-0.232472816004988
0.0518702440334535,-0.146469646747018,0.00231069239096125,-1.18344330588016,0.124387460089748,-0.204220666086237,1.2427447994624,-0.133062475348424,0.0516413430592308,0.00245152328943643,-0.0142090975852342,-0.221535078276013
0.0515452887247747,-0.145944294156949,0.0017429421867482,-1.18356819138924,0.12430343062729,-0.204226663570402,1.58640316964238,-0.14956041938126,0.165395189988317,0.00158935134045013,-0.0143862865907509,-0.210894760088896
0.0514016877049485,-0.145031018760261,0.000991736277136099,-1.18388833447967,0.124238760954863,-0.204347671843245,0.918268246841308,0.0569165742647328,0.263329263539674,-0.00490994607454454,-0.0142673438037144,-0.233867823960961
0.0514543636524439,-0.143768146337529,8.21512061456899e-05,-1.18438142576534,0.124189486117127,-0.204594901164051,1.65585935485291,0.230311753299929,0.114965652066417,0.00119415333558504,-0.0127406222854603,-0.201996828510472
0.0517072683699431,-0.142214902345213,-0.000953311075177925,-1.18502246288052,0.124156255112535,-0.204961886071393,1.09813855357675,0.228434507746442,-0.0207369572583502,-0.000765059199257401,-0.0148926440645498,-0.224755094752358
0.0521428203201292,-0.140471276286362,-0.00206660288726869,-1.18576761422005,0.124135765214183,-0.205429404799059,1.35075695365606,0.106220099654138,0.0346733410706008,-0.000376726851371245,-0.0150168974558724,-0.218201977932093
0.0527292454468604,-0.138652986280453,-0.00320570199684628,-1.18656682930935,0.124120008750311,-0.205972892501714,1.55225914094785,0.310187602855876,0.12112045208363,0.00102895443928208,-0.0156622251776946,-0.217610101235332
0.0534287333253638,-0.136878840736678,-0.00431988668872493,-1.18737191645501,0.124103038942841,-0.206558404974935,1.05974088517434,0.168577652621252,0.0430921286888406,-0.00242496688928373,-0.0177187168599369,-0.263394973622048
0.0541927943686549,-0.135272343973485,-0.00536058695139541,-1.18812966973469,0.12407343145255,-0.207151814405585,2.13376116374616,-0.326990533221988,-0.0463956663965917,0.000700209184811396,-0.0185816628098429,-0.259841682356014
0.0549668166787749,-0.133933777808852,-0.00629530278184588,-1.18879377746339,0.124009347701052,-0.207728885521554,1.52653898555207,0.149930518375413,-0.00521726092208041,0.000426956505644505,-0.0187941105820744,-0.310740277391392
0.055712378540976,-0.132917758051934,-0.00710990931963724,-1.1893470866754,0.123902213252341,-0.208260890047963,1.93999490874631,0.146426608491993,0.143368847598936,0.00265353841427007,-0.0212226911669381,-0.328851423314841
0.0563938535213294,-0.1322604522107,-0.00780082517922666,-1.18977456146817,0.123738686639679,-0.208728674389971,2.21174762441649,-0.311429187692056,0.148108724023501,0.00339445176150299,-0.0212841575145817,-0.355683378529431
0.0569824704742635,-0.131960404225106,-0.00837992793861092,-1.19007917441968,0.123506142940682,-0.209119654567617,1.94015721089238,0.255272417853803,0.306502347433934,0.00318120673016686,-0.0224638453168126,-0.402555746267085
0.0574775242605149,-0.131973669271287,-0.00887228417783259,-1.190286591286,0.123208243806381,-0.209422213013608,2.55813085105956,0.290742044378248,0.192929443311328,0.00230257900854136,-0.0191797504465997,-0.401520310737294
0.0578823284575561,-0.13223019650304,-0.00931340256435611,-1.19043014411646,0.122841928795075,-0.209638499487305,2.24688255177369,-0.500054705164757,0.23142061075049,-0.00121249717069638,-0.0217421322407998,-0.437965015036148
0.0582173190280737,-0.132642050422444,-0.0097395378529731,-1.19055492092113,0.122418361174604,-0.209766139620713,2.41950308400101,-0.574614804697831,0.0242657999586697,-0.00230262154249727,-0.0216147066857539,-0.434414014217582
0.0585086983463395,-0.133121228085024,-0.0101821469744742,-1.19070230905353,0.121950046589378,-0.209808086714574,2.76505117751276,-0.187419934913578,-0.0228752347858574,-0.00212853505231259,-0.0177201239527709,-0.431587206365561
0.0587823460768186,-0.133581908760856,-0.0106702316970783,-1.19090723483417,0.121442754818898,-0.209777935708159,2.37566180290429,0.543985574513272,0.0157553421942112,-0.00575802247441004,-0.0135875965477817,-0.461004968379688
0.0590787625678197,-0.133944876827747,-0.0112200607390369,-1.19120705987852,0.120917682573496,-0.20968079291936,2.95505300390352,-0.248417406363615,0.11952495928972,-0.0109474392038709,-0.00928500593228532,-0.430589809596561
0.0594230212872224,-0.134150789231643,-0.0118429087094319,-1.19162445903726,0.120384641345374,-0.209528751368333,2.35742309954725,-0.304241048367885,0.0975284536965262,-0.0100038909072624,-0.015622226335845,-0.45732946315643
0.0598350697180332,-0.134155667340615,-0.0125440898246964,-1.19217559623003,0.119848726950895,-0.209335139136554,2.68549589557324,0.472202718454355,0.246081612295228,-0.00520833123909581,-0.014147971049214,-0.458582151617955
0.0603291392360934,-0.13395194255038,-0.0133100773338623,-1.19285707422225,0.119316281583684,-0.209109556369394,2.89336882770726,0.266223889994762,0.0648825321810875,-0.00413308186075145,-0.0125357503161938,-0.460398427952188
0.0608968020313765,-0.133551981733982,-0.0141281075138566,-1.19365178757942,0.118776410076298,-0.208868811985115,2.57344933774584,-0.269790754299493,0.180448368788035,-0.00266777926099904,-0.0116431406830289,-0.493896424816185
0.0615234815351906,-0.132971417800172,-0.014986940501143,-1.19454364371992,0.118214983769142,-0.20863055823175,3.16872208244001,0.861644203478136,-0.0195708460870776,0.00285433048957584,-0.0074633471400801,-0.49396204461583
0.0621866320632671,-0.132251233530486,-0.0158690001467345,-1.19549907123407,0.117611200399819,-0.208414877250023,2.73780114375404,-0.0192532178427882,0.163135861642985,0.00619764534941369,-0.00895654152821138,-0.530820836674944
0.0628604934023327,-0.131420066871581,-0.0167672504414699,-1.19649715333269,0.116948604221448,-0.208235013738298,3.03128603502114,-0.291961333233985,0.299708943022324,0.0119784655262865,-0.0105575674295526,-0.543265360777192
0.0635020144781001,-0.130532733372635,-0.017669577403092,-1.19749946619306,0.116200607879794,-0.208104886770531,3.23751347651046,-0.0754212753874981,0.245971205989377,0.0168261869476267,-0.0127827993093881,-0.550863117729281
0.0640892606662713,-0.129622200287963,-0.018569420186559,-1.1984851483668,0.115358173774714,-0.208030372023242,3.04336180720259,-0.111895231667404,0.116724311810771,0.0131816877477213,-0.0128951983544793,-0.590009036376943
0.064601879369595,-0.128715962301848,-0.0194648847806326,-1.19943653608103,0.114416420612538,-0.208013246896391,3.45797906845661,-0.894562663014995,0.260502046828719,0.00956711112012876,-0.00856336777534489,-0.586146329373315
0.0650329984061508,-0.12783709245171,-0.0203519002586963,-1.20034138683548,0.113385020537071,-0.208046144711183,3.42352699677713,0.481402445057256,0.0816395274815136,0.00922376560837801,-0.00470604519453749,-0.607762170478589
0.0653907122006975,-0.127017009390072,-0.0212140886472485,-1.20118436881995,0.112287026884877,-0.208114523572186,3.30795622469816,0.110159699582482,0.267809339174619,0.00879189503035205,-0.0100907963991611,-0.623989932225763
0.0656926615019924,-0.126260547214298,-0.02204701744657,-1.2019674801607,0.111152316822412,-0.208200576740541,3.6094770136221,-0.0523757750008826,0.136796287017262,0.00734742965809909,-0.00455924709655167,-0.618365344389959
0.0659617535407171,-0.125588725554074,-0.0228328768747418,-1.2026837459071,0.110016158196325,-0.208281678191526,3.0351602390765,-0.13731315845871,0.0661320003794401,0.00397643905812251,-0.00452622703252764,-0.648682847614639
0.0662401690000554,-0.125016428691929,-0.0235461537641965,-1.20333517498321,0.108933734213513,-0.208324362485886,3.79494391986003,-0.958531573775417,0.180991974761127,-0.0017697982008964,-0.00500391516174298,-0.640669632674155
0.066568425911265,-0.124559126242707,-0.0241616188772536,-1.20392255365629,0.107956321800104,-0.20829777239024,3.58603293603107,0.0741278469886311,0.0776241429854565,-0.00317359694021224,0.000490675062786078,-0.662589306290498
0.0669828708195096,-0.124233803405836,-0.0246531845073112,-1.20444448594756,0.107126845258902,-0.208176798149137,3.60326131866088,-0.302623418835083,0.150888712882079,-0.00567920716465542,0.000482492597608186,-0.677498823506746
0.067505821550389,-0.124055575002706,-0.0250003210662539,-1.20490257991068,0.1064788978328,-0.207937886650631,3.94702751447704,-0.159649151852364,0.0707144927168599,-0.00456930603927397,0.000804341975278483,-0.67449650533593
0.0681619013273028,-0.124026825621409,-0.0251878868939702,-1.20530377999075,0.106040238392792,-0.207567812546355,3.39479387253584,-0.398038690618932,0.0238750034420434,-0.00817963375668507,0.00214465030177954,-0.715501509155432
0.068953938444159,-0.124153409495202,-0.0252078369566368,-1.20564907229339,0.105816691542368,-0.207065070436368,4.09455845868837,-0.275188887681225,0.0333615888429222,-0.00930472150904738,0.00356226234886747,-0.713267447960262
0.0698631350199539,-0.124432119200317,-0.0250689991208383,-1.20594502661672,0.105795449306563,-0.206435068671082,3.7809109082192,0.214216203419937,0.153797089349922,-0.00466331427997124,0.00601894205539094,-0.737958551306104
0.0708581806962393,-0.124854216730516,-0.0247883608227003,-1.20619551801713,0.105945938727143,-0.205699062792181,3.96705992806437,-0.0115102891052175,0.0897127972514511,-0.0102631557801223,0.000650761478489525,-0.752103692100801
0.0718987134085446,-0.125389154142057,-0.0244021259125262,-1.20641447945113,0.106222289042018,-0.204889316152268,4.33993365012839,-0.410501567743722,0.0845628438888184,-0.00551453878777997,-0.000626159747602356,-0.753118126726908
0.0729304391878178,-0.126003891165092,-0.0239558473376443,-1.20661419552509,0.106566197150365,-0.204043754142414,3.88088788191465,0.66697627791973,0.242209916965692,-0.00424989282187616,-0.000693238662716505,-0.786370837024984
0.0738912305623068,-0.126662828123346,-0.0235016805199638,-1.20680575039731,0.106909253056233,-0.203206703308181,4.41834729496225,0.237026528764545,0.242242257360346,-0.00268264583706523,-0.0027327846174281,-0.782334546428947
0.0747232067073851,-0.127323326465192,-0.0230958573367099,-1.20700321568959,0.107183819697191,-0.202423304313705,4.26163809248624,0.1471157422734,0.0631376306031086,-0.00282584920812834,0.00159088448083394,-0.80333283770012
0.0753831188345356,-0.127941456371174,-0.0227905966593332,-1.20722489325033,0.107335246038048,-0.201729876578591,4.28110957544175,-0.216361580703278,0.174817152341916,-0.00253468910857846,-0.00167071588420212,-0.814940400334776
0.0758195192663254,-0.128495255158517,-0.0226292585713685,-1.20746985388957,0.107300663501844,-0.201165434659428,4.63547544178721,0.755814808390141,0.208470256784864,-0.00168285221349063,0.00268447213935263,-0.814813934647202
0.0760093897916739,-0.128964127478,-0.0226429408394388,-1.20774346150534,0.107044974445222,-0.200751380451497,4.20407412252194,0.306647178328376,0.198526512417658,-0.00187080935565032,3.70530708267702e-05,-0.848960033364415
0.075948800531581,-0.12934029300084,-0.0228460797815117,-1.2080486612968,0.106554751639336,-0.200493668008038,4.68962391345332,-0.0857072505089036,0.0275982146949332,-0.000622667670894028,-0.00107906955633583,-0.844644925652513
0.0756459484254158,-0.129633003544844,-0.023237115008847,-1.20837941881261,0.105829727817947,-0.200388745984555,4.63602699199441,0.127109128476604,0.0087939691975123,-0.00200276482742101,0.0027533577949784,-0.870271562911543
0.0751352252144686,-0.129870029816133,-0.0237883111385777,-1.20872440024469,0.104897701314612,-0.200416303121929,4.66183969082886,0.333927589012546,0.109688866250053,-0.00732010894010759,0.000718995499829372,-0.887912865600542
0.0744543808242694,-0.130083688234309,-0.0244665255729318,-1.20906741426553,0.103787190975456,-0.200557828479746,5.06862001266654,0.1619947041454,0.197377811219781,-0.00455359220947527,0.00282644182457159,-0.888828607891375
0.0736612877528742,-0.13030886435018,-0.0252244890226751,-1.20940157778578,0.102552864033076,-0.20077416995748,4.57977505652383,-0.50316646908891,0.0697156162954684,-0.00680323550407858,-0.00156478665907103,-0.927455831442203
0.0728214450702402,-0.130592422790952,-0.0260009957183252,-1.20970864644199,0.101254089385485,-0.201030307510276,5.1695410557781,-0.419057730427312,0.139655940917464,-0.0101964671648411,-0.00276512042014612,-0.918213169228822
0.0720063712305308,-0.130968887681197,-0.0267369784830452,-1.20997992887952,0.0999552516275677,-0.201289956203503,4.9059809299859,0.915341541587395,0.0908979016239471,-0.0109457501159973,0.000576083610667077,-0.947526526578977
0.0712782928627201,-0.131474125318302,-0.0273752302422548,-1.21020261639532,0.0987106836897133,-0.201524283410814,4.96875667171213,0.120203396045099,0.119224773514645,-0.0118625586183949,-0.00363277492097405,-0.955668500184244
0.0706888978943189,-0.132127730515741,-0.0278711029793645,-1.21036711073386,0.0975602633175171,-0.201719113087213,5.33616847249505,0.00235795046410203,0.124069347984602,-0.0106689780901941,0.0022438233236092,-0.955930565269774
0.0702776467488738,-0.132931737858599,-0.0281964605404369,-1.21046870888539,0.0965272532610566,-0.201874143694553,4.95033443238032,0.253074423022554,0.102610235257401,-0.0133301258674186,0.0018082775079972,-0.982519830394918
0.0700709857149631,-0.133884698474279,-0.028332155341718,-1.21050131787252,0.0956226494196555,-0.201996020343586,5.49618724441996,-0.248848742178325,0.161183196573177,-0.00999482314455857,-0.00101322997646022,-0.975705407289917
0.0700749653010312,-0.134966733559841,-0.0282816507921335,-1.21046284181362,0.0948329172695539,-0.202107781175996,5.36455530297906,0.145115338222467,-0.0270282817581915,-0.0095409389075769,-0.00228300417941737,-0.998289133123231
0.0702811357971339,-0.136132274647738,-0.0280719253810101,-1.21036575949431,0.0941328105807443,-0.202238116832094,5.27912424329037,0.0471274459036977,0.0593705439119105,-0.00559666090168864,-0.00219138694256327,-1.01089624707752
0.0706640451986361,-0.137333927692324,-0.0277444380911313,-1.21021983474153,0.0934799586756271,-0.202422478817216,5.79539086161026,0.68310978981026,0.122657925895027,-0.00395115633403442,-0.00237330742440653,-1.00906867875492
0.0711854493086829,-0.138521486559598,-0.0273494033160802,-1.21003780162699,0.0928253300895495,-0.202694903424644,5.18403924835405,-0.100525768162015,0.232308251019333,-0.00573144491990485,-0.0019013237442263,-1.04813835944581
0.0718140263763303,-0.139637125828162,-0.0269442320465685,-1.20984378966027,0.0921316531987727,-0.203077663958576,6.02813773106135,0.00380204458883782,0.137475048538278,-0.00195359008328788,-0.00372653822174107,-1.03891583407582
0.0725112587145538,-0.14062169958595,-0.0265925438838284,-1.20966792600343,0.0913648523938599,-0.203582445792348,5.64904386598306,0.309164827869608,0.214055547291423,-0.000216771598652965,-0.00356201083536792,-1.06547125503053
0.0732418428648968,-0.141423002410117,-0.0263529902492866,-1.2095437285173,0.090501211160087,-0.204207737083404,5.63021517323119,0.234951809664835,0.273406380422387,-0.00110350266186998,-0.00248074902981865,-1.07664540479314
0.0739849903010359,-0.142007991672085,-0.0262664487254807,-1.20950467744564,0.089542628443462,-0.204929687761901,6.11072316424497,0.36801263024131,0.219616271499405,0.00408329782757022,-0.0026657586420657,-1.07713378465024
0.0747204538530398,-0.142356394667218,-0.0263659687209912,-1.20957899806402,0.0884970626831523,-0.205717518080067,5.73048129358352,0.0839114757009156,0.0554839154842171,0.00397318714124006,-0.00688084311195097,-1.10516655322928
0.0754480349118866,-0.142453589870046,-0.026670152420493,-1.2097998778693,0.0873943705391998,-0.20652648467476,6.28389640060414,-0.637029229005748,0.246107699531564,0.00274623123492823,-0.00471518970196796,-1.10060325447954
0.0761618972132087,-0.142312464191299,-0.0271784037978989,-1.21018200005918,0.0862627510755266,-0.207312785401583,5.83026647461742,-0.541344975408037,0.198294671812221,0.00244271786829753,-0.00641711829091021,-1.12009984400112
0.0768733197310104,-0.141962266697081,-0.0278691075575124,-1.21073282835418,0.085146488439459,-0.20802636017454,5.92093323352373,-0.55207894110913,0.0797813424375136,0.00474637827172941,-0.00363929446740394,-1.1268107709513
0.0775904427693501,-0.14144021518007,-0.0287137919968371,-1.21145211050258,0.084082907303636,-0.208624575790965,6.28948809448104,-0.0386936482702822,0.272213891277943,0.00463785776262959,-0.0031636641937727,-1.12084830485172
0.0783035193343897,-0.140806460690357,-0.0296746659651469,-1.21230970172825,0.083079908122359,-0.209092791555161,5.89665295399851,0.10664068846495,0.177511490367294,0.00475737211535243,-0.00187016824664354,-1.14683768790474
0.0790133627092809,-0.140121474634488,-0.0307044354456898,-1.21327335658418,0.0821524731799316,-0.209417976744241,6.24584489204841,0.386261714957755,0.215781768008384,0.00339869407535742,-0.00277598430842088,-1.14056749027579
0.0797144120786244,-0.139447886238972,-0.0317554877054675,-1.21430005609442,0.0812983445606578,-0.209604962339297,6.06179736308297,0.296073535855157,0.212917944660916,0.00423585684265104,-0.00172577876518529,-1.15894962738404
0.0803903266755884,-0.138842891662969,-0.0327870281740914,-1.21533929008219,0.08049430567041,-0.209679258386291,6.1051384432244,-0.208062737004639,0.191374131886676,0.00295162089203682,-0.00305286568840921,-1.176651713117
0.0810252135481861,-0.138352890078404,-0.0337647598866494,-1.21634455543355,0.0797152032505854,-0.209670286958864,6.60944394046118,0.061990895223289,0.287553983844958,0.00893421798369998,-0.00152614406429716,-1.17414845136153
0.0816022797158685,-0.138016634760818,-0.0346605522772669,-1.21726907366999,0.078926569410116,-0.209617796886744,6.05602018838039,-0.0319634479519664,0.13533739015574,0.00506506959404263,-0.0021029469383223,-1.21067480283203
0.082108962280714,-0.137848308017247,-0.0354610319944444,-1.2180828250393,0.0780982491210548,-0.209559072464878,6.56574739703393,-0.0413890702504887,0.190971411592074,0.00534590987973882,0.00139266292320803,-1.20171023824616
0.0825399779134608,-0.137853408266409,-0.0361570320768402,-1.21876333492922,0.0772082444201699,-0.209525907004626,6.39303710424855,-0.425077275289595,0.233607661841347,0.00687153765877779,0.00185831499694811,-1.2207823494255
0.0828950088412546,-0.138027435208641,-0.03674657788556,-1.21930036429374,0.0762431867771363,-0.209540639023813,6.58010945246917,-0.402058898418545,0.229024173057667,0.00636713848387771,-0.00226771061385375,-1.24140578314407
0.0831790110888744,-0.138336500038458,-0.0372452246925428,-1.21970704537096,0.075198253313995,-0.209618857678615,6.81811742917222,-0.015385928988735,0.190823086037483,0.00878389664057799,-0.000912420925690632,-1.23614543689211
0.0834046248408993,-0.13874029519601,-0.0376742274064912,-1.22000842361739,0.0740835135785847,-0.209759362558371,6.37174594881901,-0.0128787349597133,0.185834456595813,0.00856967768370387,-0.000486649462595273,-1.26056056797862
0.0835901906663469,-0.139203459146571,-0.0380495862302529,-1.22023381162057,0.0729229709160298,-0.209947842430846,7.0451405330025,-0.410219598016056,0.241390200649022,0.00617031507410992,0.00321581166260521,-1.25648438964335
0.0837490648484361,-0.139685114954568,-0.0383952852818842,-1.22041733014377,0.07173866791125,-0.210168254452458,6.57365141112132,-0.194022952468458,0.304870239497859,0.0099161793780711,0.00131966438087017,-1.27113625285776
0.0839007489000728,-0.140147048953091,-0.0387327478826168,-1.22059355280699,0.0705592657549004,-0.210400156648279,6.73502165907593,-0.492420152372688,0.242813484445406,0.00764399533522164,-0.000146908702985366,-1.28043620539472
0.0840520372180869,-0.140560511848648,-0.0390838486098538,-1.22078936409272,0.0694023886085681,-0.210627036883752,7.03980493095685,-0.32411204618893,0.232248009419692,0.00695172237443575,0.00261418840470762,-1.28254980190978
0.0842153473754377,-0.140901244914911,-0.039465366584279,-1.22102750472696,0.0682885632031141,-0.21083389051134,6.68447249640241,0.352450256389602,0.133686003352807,0.00688020303259007,0.000430382608961305,-1.30929559843819
0.0843977446464973,-0.141151234261,-0.0398914503103202,-1.22132622788378,0.0672323384141169,-0.211007540013203,7.0720248355795,0.151047273334143,0.219578785142573,0.00597519741002195,0.000342762393135604,-1.30158749335015
0.0846065888376993,-0.141314128976831,-0.0403626788142373,-1.22168306061535,0.066240774033247,-0.21114468751293,6.96791438654896,-0.0363843040113352,0.207052493266616,0.00477137780310688,0.000838506659678245,-1.32270753017316
0.0848476828090146,-0.141402919291485,-0.0408716940622378,-1.22209109963093,0.0653186670611879,-0.21124300733427,6.99243005521504,0.164222342085395,0.281069162915514,0.00310741151038529,0.000311064397838012,-1.34030627967659
0.0851272854133932,-0.141426564491566,-0.0414117555974524,-1.22254483751983,0.0644667224668117,-0.211302917180199,7.33283910782205,0.185734320157053,0.191754625778401,0.00568114829750677,0.00259005636937823,-1.34138999761875
0.0854602526467699,-0.141406187575993,-0.0419631231730628,-1.22302947351681,0.063689230254483,-0.211326170483648,6.93125392965698,0.356593331711565,0.147113463916668,0.00125145269420823,0.00399785596351099,-1.37987277284551
0.0858551496065854,-0.14137670539496,-0.0424985293078797,-1.2235241495827,0.0629883235494462,-0.211311467255147,7.6556249506566,-0.366168235676241,0.169089175857721,-0.000835771860807633,0.00196542949773246,-1.37418296575871
0.0863219356827746,-0.141364754786339,-0.0429936641593395,-1.22401155273665,0.062362521286284,-0.21126161453903,7.30293731702807,-0.316127287677091,0.245583583318194,-0.000522203067600202,0.00396873381672724,-1.39629901924489
0.086880284436395,-0.141391942869626,-0.0434227354477297,-1.22448597991799,0.0618236418767482,-0.211167140066274,7.34971812985947,-0.310877744249183,0.232758631159726,-0.00281445138698766,0.00199098798708561,-1.41738750227404
0.0875298353312817,-0.14148679183824,-0.0437638880048579,-1.22493520086412,0.0613680456580221,-0.21102437937442,7.89428177381455,-0.140856773889936,0.104323821670221,0.000224287548249436,0.00173446421568405,-1.41595187502507
0.088265356001523,-0.14166970108418,-0.0440049711786234,-1.22534715176917,0.0609822039054702,-0.210838653840875,7.31750846362633,0.600071701373736,0.17785519817545,0.000796700854345911,0.00521504657254573,-1.44105512662802
0.0890694194625641,-0.141952890505165,-0.0441449709580885,-1.22571510139936,0.0606472165161609,-0.210615395314254,7.94047561023592,-0.752649474406553,0.122121222903843,-0.00225336892767913,0.00568485979875147,-1.4333128603315
0.0899105163594464,-0.142334391696933,-0.0441998691897592,-1.22603720484345,0.0603300085189771,-0.210369325631422,7.62983380612667,-0.892292776739623,0.212466235761354,-0.00239279844409879,0.00357887230167714,-1.4568656270926
0.0907533983056901,-0.142808970497387,-0.0441908816807244,-1.22631073509292,0.0599950984141711,-0.210118582023449,7.67567303893173,-0.42766005765543,0.14423646024926,-0.00438500225486749,0.00393658946847608,-1.46596676736081
0.0915474559252776,-0.143364105272014,-0.0441529405339167,-1.22652829691445,0.0595869421656604,-0.209898236958328,7.91538353422123,0.369038002425668,0.215054674839593,-0.00457764454165677,0.00660829310262473,-1.46131390526661
0.0922408077714683,-0.143972765404369,-0.0441320649505859,-1.22669264340159,0.0590530727916741,-0.209739883448567,7.54143936733902,-0.00818861040056618,0.144159394897144,-0.00520953712365024,0.00273142161148834,-1.48381739241925
0.092791113872265,-0.144594175625374,-0.0441776671418581,-1.22681215565896,0.058346665477032,-0.209678475453245,8.10459836011336,-0.408005964477525,0.100795938573526,-0.00307622651146255,0.00498147005628286,-1.48019585548979
0.0931636254099717,-0.145193293800916,-0.044333481171162,-1.22689328065411,0.0574304477904851,-0.209743317890929,7.84920370833754,-0.103184469897087,0.124041237974097,-0.00467143669439674,0.00291085248452999,-1.50205639855663
0.0933425462537312,-0.145738986810191,-0.0446306818226374,-1.22694437543383,0.0562863299737102,-0.209953195548261,8.01479657372829,-0.163852927008293,0.0803900370861754,-0.00264122229109676,-0.00150552010349347,-1.51646397048508
0.0933250798598277,-0.14620334546117,-0.0450906011980855,-1.226977311015,0.0549136566791481,-0.210314516482946,8.411379026617,-0.0409480710573007,0.0944071130238058,0.00108627155388774,0.00431591858672123,-1.51927299548055
0.0931333419080561,-0.146558531549631,-0.0457217157603806,-1.22700886242279,0.0533331744219894,-0.210823311389034,7.89753536302214,-0.417027730214386,0.143582584248151,-0.00196398967938949,0.00430516837951114,-1.55024489140065
0.092805771143522,-0.146787527006748,-0.0465160705330141,-1.22705598270906,0.0515864305352767,-0.211460487282344,8.50111436239996,-0.234832099280311,0.142721151011898,-0.001514764216211,0.00392511335159054,-1.54469281408555
0.0923965232545302,-0.146888083540253,-0.0474460002504247,-1.22713876831905,0.0497372895220248,-0.212186312464452,8.44071460025134,-0.113377531557489,0.126826540207702,-0.000854081627465586,0.00690104864665847,-1.5679671716616
0.0919616321630599,-0.14686258126483,-0.0484775367065953,-1.22727734704334,0.0478530823375632,-0.212957468249241,8.3811739299465,0.154124425160035,0.029616413643879,-0.00134484761815212,0.00691506293582514,-1.58120449101308
0.0915589476004467,-0.146718461413789,-0.0495739947296332,-1.22749053004198,0.0460013153655805,-0.213728787238264,8.7665386795756,-0.487435065222371,0.112942572379382,-6.89717589308358e-05,0.0058251326656481,-1.58352294898492
0.0912414412386362,-0.146472807673784,-0.0506929476629918,-1.22779355718851,0.0442471773012829,-0.214452431830878,8.16146799101318,-0.459441699157878,0.266184717065073,-0.000521546092217218,0.00229190157499129,-1.6171250684711
0.0910526054432194,-0.146142875595768,-0.0517962461880006,-1.22819641527008,0.0426400026236939,-0.215093789468361,8.78104411492501,-0.710218709026549,0.157506559291051,-0.000128388306744665,0.000697820893693607,-1.60821567805436
0.0910219608094142,-0.145749523111275,-0.052851190177202,-1.22870569514555,0.0412163940811135,-0.215622874729183,8.58823432284476,-0.220893688244132,0.128173088165539,-0.00115472576692266,0.00452986320182047,-1.63081166985277
0.0911604089361511,-0.145296303401162,-0.0538457860602203,-1.22933202907319,0.0399911024214055,-0.216023201264088,8.52647092815982,0.286960824463677,0.143791331852867,-0.00506717684917479,0.00685362503586634,-1.64206121270634
0.0914623548634106,-0.144792469252978,-0.0547743928165189,-1.23007462788719,0.0389566501372993,-0.216294110216294,8.90486792032016,0.297176454780811,0.225372784752437,-0.00141446411342594,0.00550657752149869,-1.63274314724771
0.0919145330103359,-0.144246527698832,-0.0556364400686824,-1.23092969708881,0.0380957639728339,-0.216441234063638,8.46683717998781,0.231421884737983,0.152923733378628,-0.00295678956508594,0.0046591538225369,-1.65867686823068
0.0924977011990147,-0.143662160370208,-0.0564400151469116,-1.23188955892928,0.0373812388958577,-0.216479810459177,9.05105860753764,0.0288177317652298,0.130290013262282,-0.00593826334253755,0.00406127613874757,-1.66109079589938
0.093177740883472,-0.143038704332554,-0.0572025331489403,-1.23294159409186,0.0367689576934525,-0.216436560196251,8.80921675083817,-0.319035485248151,0.165356633963938,-0.00351903824058475,0.00363017522693643,-1.67540423723933
0.0939307854813854,-0.142382247699647,-0.0579341916017665,-1.23406858447629,0.0362250937875651,-0.216332676386975,8.91443430972953,-0.293743897283321,-0.0292440244216436,-0.00306190190949929,0.00572584035341306,-1.68709596286774
0.0947354187887877,-0.141702594222065,-0.0586420935104222,-1.23525388750525,0.0357234123757985,-0.216181406749535,9.12435765711592,-0.042827333687228,0.0389702212821703,0.00155589229899666,0.00544494025513675,-1.68660499750033
0.0955646798743764,-0.141016677870832,-0.0593315076296123,-1.236469937043,0.0352270255158786,-0.216007074599223,8.76532299215398,-0.0153236937478596,0.150705520784243,-0.00143680428383952,0.00236518008966674,-1.71869720711846
0.0964046408454986,-0.140349589088362,-0.0599965909136834,-1.23768939635328,0.0347213604118002,-0.215816217956966,9.35305974036879,-0.833478584079785,0.252565153645662,-0.000158634587894557,0.00479438267963364,-1.70879453808559
0.097241149566246,-0.139727079335084,-0.0606305921364964,-1.23888490162715,0.0341927117416241,-0.215614715124325,9.05880309551515,0.496750345562759,0.0895708475286483,-0.00126107850429813,0.00342467977306835,-1.72530650631973
0.0980515171269797,-0.139179817750019,-0.0612255171020615,-1.24002466646537,0.033622094973451,-0.215412737626838,9.21094788164646,0.214835502851429,0.143955307518667,-0.00234549331551204,0.000905138598809363,-1.73541524294456
0.0988245585915821,-0.138734093898961,-0.061772431533204,-1.24108453754414,0.0330041966330094,-0.215211027748369,9.52776785531307,0.267439769478415,0.0477735893072975,0.00192898747842918,0.00493356754693144,-1.74082313837953
0.0995453829793392,-0.138412549416403,-0.0622653072771248,-1.24204201908079,0.0323302891062407,-0.215015214262563,9.01124711084759,0.0973918701533876,0.0977539610758527,0.00255679462205238,0.00221086245935109,-1.76155599197043
0.100191352159443,-0.138238105863886,-0.0627006009601144,-1.24287560349388,0.0315852370383072,-0.214835070796977,9.51733139433657,-0.498693057795663,0.236571870047868,0.00321881521277234,0.00218725422510987,-1.75245895593666
0.100741102524341,-0.138218203623065,-0.0630831017621354,-1.24357690580941,0.0307569249009708,-0.21467845015,9.18107426777618,-0.58236432840863,0.169295753317869,0.00143316941899485,0.00259104037673061,-1.7720391713121
0.101176573532886,-0.138357388293369,-0.0634193818693685,-1.24414003985996,0.0298331323026747,-0.214556551880609,9.28977774206572,-0.176272057974529,0.165397418547656,0.00367941987989884,0.00618312470560572,-1.78436557990638
0.10148320868728,-0.138643726023105,-0.063723145867008,-1.24457484704854,0.0288071737480494,-0.214476559538759,9.68296741608407,0.566523906976499,0.15687637522251,0.00552113130576881,0.00406043022364869,-1.77853006345848
0.101653092522065,-0.139048762749822,-0.0640162281512078,-1.24490698657561,0.0276796782786538,-0.214439121230395,9.11493597302052,-0.257509939492593,0.163004200511693,0.00749818304969008,0.00288158783304698,-1.80683279441198
0.101693221818986,-0.139552530147996,-0.0643089544930321,-1.24515918182381,0.0264640143645861,-0.214440302896768,9.6144385209779,-0.345085757732249,0.257821265008204,0.00742158401165582,0.00563315170925496,-1.79129517754272
0.10161438471178,-0.1401182971069,-0.0646193886610654,-1.24536666962073,0.02517470837124,-0.214475803343914,9.43986515297803,-0.289130859303441,0.342353376402912,0.00775642524909737,0.00572754106590492,-1.81390313833313
0.101442284790668,-0.140715261445505,-0.0649566792935001,-1.24556501437815,0.0238420158037743,-0.214529987909925,9.46496575763803,0.0527851542267399,0.241632053412673,0.00504022898979173,0.00515589709972022,-1.81220441580228
0.10121052009814,-0.141319376099811,-0.0653221139384147,-1.24578606820385,0.0225027267923703,-0.214583828455733,9.80821651284384,0.099559908288029,0.228847706480678,0.00591021547338144,0.00511657038744376,-1.807867181893
0.100953983542781,-0.141911494058122,-0.0657133965422184,-1.246051919003,0.0211873574036314,-0.214626386224105,9.27434933288691,0.667463972726637,0.172986539499931,0.00381051944880628,0.00669689513457214,-1.83895571447736
0.100716318112748,-0.142466857311655,-0.0661288898665776,-1.24639316646345,0.0199403367344672,-0.214633109823055,9.96891424795035,0.00467075366191239,0.170095715144072,0.00542811497564566,0.00717873821430909,-1.82052917814722
0.100545206105178,-0.142975937910683,-0.066557813967212,-1.24682313155543,0.0188051924108343,-0.214583623774945,9.472718329955,0.395697048073316,0.179870046720964,0.00235858574207803,0.00696410502390221,-1.83463459987643
0.100477217296679,-0.143439525250046,-0.0669874789859616,-1.24734331042187,0.0178133947706687,-0.214465094397009,9.61284468516664,0.433927369623007,0.135510397508227,0.00398553154465819,0.00647470728768515,-1.84395460966347
0.100543970874659,-0.143845309988306,-0.067415455701653,-1.24796177014156,0.0169912201285399,-0.214264880085333,9.96217067158483,-0.189713530036897,0.107000432223856,0.00718254737211899,0.00312804426082461,-1.84400342410757
0.100758941089875,-0.144197503684778,-0.067838036017073,-1.24866170570525,0.0163404840497118,-0.21399085773277,9.56843428880126,-0.628427834797321,0.212492241136886,0.00636743863854194,0.00537456598960548,-1.87305614205059
0.101126685532434,-0.144506488394543,-0.0682502450234834,-1.24942349478168,0.0158580250407871,-0.213649640742839,10.0446485435486,-0.516861601671735,0.168090095511332,0.00426249328697903,0.0041644596256267,-1.85898625805468
0.101645443450752,-0.144773137882666,-0.0686546484917404,-1.25022829397982,0.0155311280735737,-0.213255835033426,9.81688754892156,0.440630924204015,0.0218532039721993,0.00693845323993303,0.00701179314277567,-1.89211201392902
0.102301796161489,-0.144991383651107,-0.0690622080868817,-1.2510630510276,0.0153382541666597,-0.212823928738846,9.88517309887789,-0.414268172329912,0.358427356609582,0.00825366092365165,0.00521460056371476,-1.89497573264357
0.103071260812439,-0.145166945678159,-0.0694773338830955,-1.25190909825962,0.0152514900352622,-0.212369405154224,10.2637132179597,-0.818015097475836,0.371100037453857,0.011257506601893,0.00708871899095104,-1.88667887285733
0.10393191642358,-0.145297541994015,-0.0699055889313437,-1.25275518264193,0.0152419677077466,-0.211908648341896,9.74039982476961,-0.105063524939624,0.189497464351632,0.00897734753438728,0.00743268698882987,-1.91390489963827
0.104855129799615,-0.145377983776457,-0.0703548708207413,-1.2535957180632,0.0152819523596844,-0.211451672174098,10.2869543196451,0.0334345108858543,0.229869387700205,0.00858337751508698,0.00432981196200038,-1.90227855845669
0.105821823571952,-0.145404930573682,-0.0708244175676285,-1.25443327583404,0.0153554571266658,-0.210997997795989,9.95926917357122,-0.419707284853985,0.25080500166132,0.0106816332201132,0.0063961929223855,-1.91818163494831
0.106811930392919,-0.145377730819249,-0.0713082962728031,-1.25527227214363,0.0154486585340984,-0.210545220325911,10.127725617616,-0.184564730059037,0.181721937172142,0.0073945534878983,0.00802341313679045,-1.92119821401628
0.107806019053472,-0.145304247706687,-0.0717952942894249,-1.25611793603249,0.0155535295702618,-0.210081422486681,10.3421106431211,0.588268487826099,0.322024418504611,0.0105103883657303,0.00566260461294046,-1.92223836546205
0.108792716180911,-0.145185095736956,-0.0722745751358667,-1.25698437595207,0.0156720555358428,-0.209588610499276,9.84075688731849,-0.122131831968318,0.229245945115309,0.00728271462285512,0.00551397269949491,-1.94939069353711
0.109771095575795,-0.145014937743298,-0.0727342505414535,-1.25788959149364,0.0158127154556668,-0.209050139216105,10.4974552575394,0.143268001995693,0.242769309690999,0.010116637019006,0.00561128224798418,-1.93539600608508
0.110734103543787,-0.144800104865515,-0.0731616418274895,-1.25884430021997,0.0159815788568275,-0.208448254430113,10.0824071568628,-0.369214674292607,0.181050742431353,0.0072448831396188,0.00899152376400394,-1.96339844813609
0.111678798828315,-0.144546344242729,-0.0735447230425396,-1.25985542470694,0.0161834521531015,-0.207772446501416,10.1955273226649,-0.334045934117739,0.284591559611727,0.00484921559942997,0.00823469153327422,-1.96699964364952
0.112587147246946,-0.144268217233541,-0.0738771102728713,-1.26091564835918,0.016406381899396,-0.207025236715709,10.6225106782745,-0.279351729782775,0.238866628312252,0.00883305985722993,0.00799080929336521,-1.96779207587381
0.113450211589486,-0.143974966613586,-0.0741557770139342,-1.26201707742896,0.0166405754723646,-0.206214413171005,10.1777992239609,-0.127862359302299,0.311110717551088,0.00551252518709822,0.00597669644446824,-1.9945590538989
0.114258880366322,-0.143678354752822,-0.0743815029403757,-1.26314079000807,0.0168681330525676,-0.205360614211367,10.7432121990464,-0.872537502488512,0.265312531362866,0.00395451307745898,0.00236953492058106,-1.97902457169874
0.114998656512214,-0.14339625387164,-0.0745567140335315,-1.26425940715871,0.0170608269646477,-0.20449403237154,10.2685769845286,-0.0382940237184357,0.0261780432901162,0.0053908753761478,0.00613598988054431,-2.00330873032985
0.115647766219778,-0.143148347495281,-0.0746884570411724,-1.26533812002198,0.0171821854798736,-0.203652498182435,10.4755882957027,0.332025981745119,0.159585282340686,0.00346985058361637,0.00906292435661152,-2.00550947980771
0.116189541692231,-0.142957537947113,-0.0747826191992711,-1.26633778495737,0.017194360731503,-0.20287751368372,10.6967551361952,-0.659292847307597,0.205646574828592,0.00165653514788877,0.00848982779414625,-1.99478800231301
0.116617101798953,-0.142840884818083,-0.0748443831080097,-1.26722675296269,0.0170696136802859,-0.20220430650281,10.4193836345498,-0.250501266760011,0.151655108707843,0.00216675334712324,0.00319028296393298,-2.02350783073339
0.116931499040718,-0.142818397107791,-0.0748736324449847,-1.26797391789421,0.0167884088766699,-0.201662250648837,10.9166891591879,-0.231346914707501,0.271839202932512,0.00395957686664072,0.00501347809381886,-2.00717732452743
0.117145286692582,-0.142917553908211,-0.0748590255619549,-1.26855407262191,0.0163484034663855,-0.201264321833657,10.4007167849591,-0.349488185628161,0.304370536890133,0.00283898651211789,0.00601961345956287,-2.03197687036118
0.117278651167059,-0.143148963453236,-0.0747938165468062,-1.26896179839957,0.0157616160345612,-0.201008943225079,10.5652533056859,-0.393353777716811,0.194293971359542,0.0032364577298285,0.0057145519553462,-2.03903282816256
0.117360850243046,-0.143509423979655,-0.0746742642669279,-1.26921071526457,0.0150537383630252,-0.20087972905442,11.0387542620189,0.461454362162158,0.222734970847512,0.00370338407463855,0.00627503179860087,-2.03307941456028
0.117441306330306,-0.143985182609453,-0.0744923121205321,-1.26933713512937,0.0142790416716607,-0.200834253486898,10.4385949420383,0.0592637884560645,0.277861672743427,0.00592314301918417,0.00367324145605818,-2.06477110157215
0.117578457483164,-0.144554691778661,-0.0742390185858561,-1.26938754594511,0.0135043406351239,-0.200820635521398,11.0652465644076,-0.00391249670519755,0.272681691729872,0.00455248187451573,0.00199639621741671,-2.05051979393122
0.117815473917428,-0.145187270398445,-0.073916387720586,-1.26941513042252,0.0127868283689192,-0.200787683639922,10.7155836539363,0.14391001422041,0.201420464937001,0.00289862415885089,0.00157494871095828,-2.07947347582743
0.118212317273309,-0.145824262459744,-0.0735356563225363,-1.26949866593023,0.0122007209885563,-0.200671999610462,11.0031012220104,0.327812754593424,0.319308561775102,0.00383749730504368,0.00287973088137114,-2.08531759326884
0.118819905031421,-0.146401390396691,-0.0731154483532286,-1.26971708735902,0.0118119149353154,-0.200415521145567,11.2807665188844,0.00318277379301435,0.324315715725987,0.00543915993216215,0.00339312722468804,-2.08873852566066
0.119662199668525,-0.146847828433232,-0.0726912064213991,-1.27014146262975,0.0116547264166203,-0.199982919662389,10.5998388763794,-0.16798833552366,0.323354466793774,0.00175404512064103,0.0025126369725269,-2.11182108545083
0.120757467306482,-0.14710074344333,-0.0722943054660504,-1.27083110801396,0.0117552883950564,-0.19934809215411,11.3706812779574,-0.922671544085688,0.207317613632398,0.00465092489931918,0.00412692464892364,-2.09436746080758
0.12210285681804,-0.14711434926992,-0.0719575937261659,-1.27182162718148,0.0121150098260435,-0.198503417704269,10.8487041866526,-0.169931500266784,0.278213884820929,0.00678491398048742,0.00540939649467592,-2.11782956317577
0.123672480742124,-0.146847462488217,-0.0717183881556538,-1.27312950928904,0.0127054686961768,-0.197469884883919,11.1531623972415,-0.431643964158411,0.236524928815101,0.00356333161719835,0.00284341986064629,-2.1239174873347
0.125422860674199,-0.146288471385569,-0.0716048660957507,-1.27474186436054,0.0134779184816718,-0.196283120328053,11.1776047980262,-0.672955883315581,0.217551044469786,0.00276675203490528,0.00196216237538566,-2.1201835057383
0.127298680609645,-0.14545734269353,-0.0716306418668944,-1.27661752705406,0.0143733496097069,-0.194987263195341,10.8453660985677,0.116901796061256,0.0688760869985856,0.00312821899145721,0.00118873080133525,-2.14437114590074
0.129232800112336,-0.144402071244369,-0.0717942878877438,-1.27869075810713,0.0153195328561939,-0.193639592400252,11.5068404951693,-0.0652091015936094,0.169308666473626,0.00272771951608108,0.00179543583478078,-2.13179123321223
0.131154865818521,-0.14319056972384,-0.0720826869319782,-1.28088284667276,0.0162438781214939,-0.192296029840617,11.0837118083063,-0.582121320514716,0.154032437980391,0.00395953532422055,0.00115878620592341,-2.153270699405
0.132996199645272,-0.141911145775161,-0.0724680262193208,-1.28310650160361,0.0170814303744293,-0.191003650706214,11.3784591382708,-0.784905061689187,0.325774462695989,0.00454343341684593,0.00297501090475966,-2.15637410687257
0.134691333124288,-0.140659303121702,-0.0729150874798522,-1.28526937331539,0.0177684040845173,-0.189810366055211,11.5612973084773,-0.657658278545568,0.32075750281129,0.00594926635204374,0.00545226488795503,-2.15372023731128
0.136192383902364,-0.139524295102116,-0.0733838920174448,-1.28729797624684,0.0182661276035627,-0.188741724880632,11.0400601203585,-0.284976089552174,0.242810706236043,0.00274114230769618,0.00516235662132328,-2.18186428704854
0.137465626964055,-0.138604897264172,-0.0738233605402113,-1.28912052002273,0.0185528807184127,-0.187808855315259,11.746490864837,-0.273946256592808,0.278082791507273,0.00624703242053526,0.00353913809687301,-2.16455119825623
0.138491769873486,-0.137967765611941,-0.0741950854846958,-1.29069206636259,0.0186178193539326,-0.187015823137279,11.2547946207112,-1.00797813838813,0.359945542055272,0.00981528654601238,0.00105745988527609,-2.19130611786902
0.139273849090955,-0.13765622538895,-0.0744662145400785,-1.29199308649948,0.0184728610336463,-0.186348278393896,11.5681910875959,-0.279877119339289,0.295258919518943,0.00835103728320785,0.00293950985303842,-2.1984159243977
0.139832345957197,-0.13769145662856,-0.074611817700536,-1.29302624393837,0.0181474905509176,-0.185777948581295,11.8530833792071,-0.575414340370799,0.406251465690076,0.00817461097074013,0.00740910907000356,-2.20486024677798
0.140187103233625,-0.13806731946806,-0.074625595011056,-1.29381002142102,0.0176652070802198,-0.185279669828929,11.3490747863733,-0.0521260838850139,0.213516141125609,0.00901667373525283,0.00650633666825742,-2.23453506390447
0.140375597142342,-0.138749357419302,-0.0745116050013772,-1.29438359509813,0.0170602962816539,-0.184824686409321,12.0811812248413,0.530203749901602,0.093591966854234,0.0101330404541438,0.00361943385336547,-2.22546557582851
0.140446192530677,-0.139694620533478,-0.0742762220643109,-1.29479292242093,0.0163783606616228,-0.184376909635184,11.5742108697211,0.273797199846513,0.331650639901795,0.00754083710118847,0.00354954473316199,-2.25694871510524
0.140438642181775,-0.140855323886803,-0.0739335017422612,-1.29508188023213,0.0156542823255736,-0.183907411145553,11.8043274813994,0.0209831909382956,0.288484005659598,0.00927286716708808,0.00240074403190352,-2.26170146174665
0.14039627928585,-0.142159477471354,-0.073510910130349,-1.29530570451074,0.0149210174226411,-0.183393801258309,12.0967798670503,-0.0355875246145843,0.399906511276697,0.00919539053608576,0.00312428976527543,-2.2662179902981
0.140350336521021,-0.143549050847516,-0.0730333243103289,-1.29550321181358,0.0141995022982993,-0.182824053227419,11.8632580810846,-0.620348492487437,0.228023960651768,0.00537162256136803,0.00437416024265364,-2.29812504975262
0.140327821671818,-0.144973093513209,-0.0725225975700523,-1.29570557115779,0.0135057844984573,-0.182192100307829,12.642803533518,-0.111033069526229,0.189680640528678,0.00611472438363814,0.00432434600282314,-2.28633002180876
0.140352460341087,-0.14638229978863,-0.0719991515098878,-1.29593720672972,0.0128500306538606,-0.181502863455785,11.8554470058127,0.0853794141785329,0.315718674915217,0.00847752897180287,0.00392738961972919,-2.31227280153017
0.1404380417445,-0.147730552969112,-0.0714867823447556,-1.29621922245285,0.0122351734578107,-0.180764837979273,12.1029542077154,0.021339781327697,0.297061683147348,0.006816602926774,0.00266125242272966,-2.3129100051989
0.140584500291893,-0.148979463103426,-0.0710110992520065,-1.29656220927038,0.0116516976315546,-0.179997056607036,12.426264527259,0.224123781948038,0.138297448580374,0.00771062086727703,0.00436911083289937,-2.31611678634733
0.140787848550916,-0.150099179619827,-0.0705931194349281,-1.29697326164033,0.0110851875152656,-0.179222808563377,12.0770211199062,-0.311839167206017,0.169949415706725,0.00356763061865228,0.00408134461995088,-2.34399435978373
0.141035061043674,-0.15105893334207,-0.070258688920397,-1.29745796630832,0.0105142560683725,-0.178470339197539,12.6801091589405,-0.676922381347822,0.424899638054313,0.00391469801490363,0.00474999457463762,-2.33436473431519
0.141304790574089,-0.151833484832098,-0.0700346063345793,-1.29801856519111,0.00990732943430441,-0.177772740347874,12.1152249057539,-0.493975494714732,0.373437860812828,0.00530187553711015,0.0077923932812918,-2.35405951729268
0.141570514492636,-0.152404092064298,-0.0699450567734919,-1.29865424447222,0.0092294440682565,-0.177164495207368,12.163260038908,0.0922788234772725,0.300675343863389,0.00564503654712967,0.00529512990542069,-2.35538201995526
0.141799336523664,-0.152761138229399,-0.070015145382541,-1.29935994175962,0.00844145190947462,-0.176677276510224,12.3905898403013,-0.000934708183422117,0.409054637983246,0.00761068667017772,0.00669833525419394,-2.35875805489267
0.141962513879115,-0.15290053760776,-0.0702627125470097,-1.30013097603418,0.00750925285000425,-0.176337385069741,12.281302419735,-0.150199841511949,0.427017832074313,0.00991720407966312,0.00475813425317687,-2.38544515624998
0.142042287439549,-0.152834219422623,-0.0706911302171148,-1.30096051732457,0.00641392853548285,-0.176156651115494,12.6833780544144,-0.207285598192811,0.340189112304103,0.00957866304039667,0.00544387487936154,-2.38140528418232
0.142022446238143,-0.15258819005925,-0.0712948733904325,-1.30183558527156,0.00514130479049568,-0.176139163356558,12.384308203257,0.0870533258814703,0.182201344027192,0.012185475678876,0.00552438987979009,-2.40613631065943
0.141895600887504,-0.152204158633118,-0.0720538766583476,-1.30274008413817,0.0036933336993695,-0.176272846846053,12.5967196725421,0.0947027838174108,0.165456590679838,0.00970065363157513,0.00386128320395845,-2.40834787097765
0.141668557300682,-0.151736273370225,-0.0729342408154706,-1.30365528084583,0.00208880066645187,-0.176533160256803,12.8905705959756,-0.0932514253051977,0.343877089067519,0.0124823148640063,0.0039596955942795,-2.40662527978175
0.141366876053868,-0.151245023288283,-0.0738870915847237,-1.30456494578954,0.000370198604492372,-0.176879523321112,12.3332989735143,0.181504697797664,0.441449250464075,0.0118090798586357,0.00255975271890926,-2.43643234710423
0.141032926948124,-0.150807012461424,-0.0748473688310256,-1.30544797471046,-0.00139868534396339,-0.17725514044628,12.8591035272252,-0.182637720018647,0.237344841535617,0.0106017884578069,0.00261422187442573,-2.43293610943745
0.140724899844246,-0.150484266668075,-0.0757496797064443,-1.30629656433013,-0.00314022732129308,-0.177597226069138,12.6472795763874,-0.229170064757682,0.12142303914311,0.00942929991028496,0.00478540875224748,-2.44980473620133
0.140513361411413,-0.15031851076646,-0.0765356328706505,-1.30711379567661,-0.00476749253731812,-0.177842571357848,12.7095489334345,0.134038747715522,0.347322996572672,0.00860219500982318,0.00193794617156631,-2.45758683624086
0.140469265536854,-0.150352441888422,-0.0771463977670059,-1.30789961483202,-0.00619486512996491,-0.177930576841257,13.0778344365036,-0.0896262757191835,0.31045049445413,0.0107900894447743,0.00232858879771289,-2.46877418909867
0.140668030232903,-0.150596036577427,-0.0775406305339218,-1.30867244467534,-0.00733621622522687,-0.177804756984956,12.6245808557554,-0.264053857656336,0.149434775545615,0.00759096042577356,0.00427732236029102,-2.49394633440741
0.14117837931632,-0.151032985823333,-0.0776966543229482,-1.30945654204576,-0.00812474936128181,-0.177429744710086,13.2443703662034,-0.831049517151087,0.208676799149771,0.00711825587057024,0.00338678738272316,-2.48224963903324
0.142049968934453,-0.151631303096343,-0.077612892079123,-1.31027708494321,-0.00851813391932632,-0.176787950713086,12.9944097459104,-0.242579514256249,0.30844468405121,0.00875097911611267,0.0059779653803522,-2.50862224909908
0.143311778301067,-0.152343163507474,-0.0773060441833728,-1.31115944142902,-0.00849925626834327,-0.17588096227278,13.1918315764933,-0.40962918352875,0.242453714646956,0.00778534136558084,0.00555990968370487,-2.51404900822514
0.144959099553257,-0.153116751589693,-0.0768108131993489,-1.31211893209857,-0.00809257112270956,-0.17473772557425,13.3719697223164,-0.25169531772417,0.134877372684656,0.00792528169828222,0.00834213307779635,-2.51931375097688
0.14696142834777,-0.153891213937571,-0.0761799900084955,-1.31316936454425,-0.00735045931533968,-0.173404745034751,12.8040563421688,-0.105667930821255,0.224462152194093,0.00657160279458946,0.00416494781170992,-2.54353405825452
0.149267651043771,-0.154610016504289,-0.0754728519822582,-1.314313732452,-0.00634796760358713,-0.171943759133263,13.5634943144614,-0.0534416061345837,0.352964362414383,0.00724383422852348,0.00450683166529936,-2.53796665827744
0.151786534364565,-0.155237752198865,-0.0747539355081819,-1.31553529379654,-0.00519496245640322,-0.170431099686078,13.2238402256985,-0.0646283512994614,0.412665732862109,0.00655472479228925,0.00457144495611309,-2.56002265413446
0.154409610290633,-0.155756999773822,-0.0740831209653187,-1.31680258830209,-0.00401744021960875,-0.168951622955513,13.3618550131932,-1.03051332975338,0.199991955755905,0.00585485054791501,0.0037264629777268,-2.57105255539992
0.157031136165753,-0.156173152880063,-0.0735029979768768,-1.31807700271356,-0.00293104029024624,-0.167579421031415,13.8443670226234,-0.471855195772605,0.248968726970276,0.00884439275016691,0.00500155282661871,-2.58051269406937
0.159540235117428,-0.156496182201205,-0.0730558262888615,-1.31932241758997,-0.00204738114032977,-0.166378913478979,13.2367646037181,-0.292013488348402,0.278991376167113,0.0103359421893741,-0.000278415689836359,-2.6057136958323
0.161826310996609,-0.15675278083652,-0.0727703979951591,-1.32049493478693,-0.00147400659755792,-0.165410467419626,13.9712042314362,-0.490240050068678,0.308795777125283,0.00869663853477354,0.00268890551534079,-2.60395268290038
0.163803331569908,-0.156978989579017,-0.0726599489877515,-1.32155907896408,-0.00128179799011644,-0.164703973572033,13.4662972576268,-0.858218205000185,0.448120966911546,0.00674552715528565,0.00453010741179158,-2.63131134059237
0.165412873455646,-0.15721393757511,-0.0727213140734984,-1.32248943390587,-0.00150883911128183,-0.164268197209032,13.6995331085721,-1.27288878576201,0.300514324855072,0.00712437182958858,0.00410987057859397,-2.64144286883991
0.166620126120247,-0.157484863167015,-0.0729480598950638,-1.32327474406997,-0.00216821847522464,-0.1640964671654,14.1822195758997,-0.112209901904635,0.264678433451422,0.00948719510649854,0.00383280259670918,-2.64740450297413
0.167418261515645,-0.157815498458983,-0.0733243612982096,-1.32391495884988,-0.00324047360497336,-0.164160178277854,13.6763399665564,-0.254432808003685,0.239611799794886,0.00793236275395115,0.00642604526874879,-2.67864775618834
0.167827314593558,-0.158218107851376,-0.0738285017082567,-1.32442716248148,-0.0046780129250989,-0.164413331041186,14.2547708299682,-0.569553736750549,0.392729687486792,0.00877654183827126,0.00525053072077877,-2.66773331289413
0.167891818622452,-0.158684072037145,-0.0744416776625202,-1.32484250104008,-0.00641459434406123,-0.164805725014391,13.8980756459711,-0.900767101575184,0.356773802143607,0.00893840384311906,0.00663340141396465,-2.68916590425482
0.167674127927981,-0.159203519330513,-0.0751394812103981,-1.32519910819549,-0.00836490183147532,-0.16527367583455,14.036432180484,0.0762700396801392,0.381917852896152,0.00663429722866571,0.000832703825694475,-2.70034721622256
0.167237515958872,-0.159761001168818,-0.0759015223179137,-1.32553145202488,-0.010452984827295,-0.165766131568687,14.464436622075,0.097816004406468,0.357679853091469,0.00736811263654991,0.00195689261451384,-2.70314544324237
0.166650430371737,-0.160337586327981,-0.0767077913896695,-1.32587542968501,-0.0126025453297479,-0.166236102632381,14.0119598394724,0.0950487805446301,0.253348914114412,0.00743287510092383,0.00547622056609198,-2.72893785396305
0.165972616984138,-0.160935015170693,-0.0775327274482933,-1.32624786062839,-0.0147490533717863,-0.166645298459116,14.5834444093269,-0.22444709135857,0.260302166198272,0.00975473845372798,0.00380934490527304,-2.72748468284973
0.165260261015016,-0.161560653102309,-0.0783497405869004,-1.32665562427664,-0.0168395710676851,-0.166968194792886,14.1962432952454,-0.402875124698539,0.341116329448482,0.012734047786191,0.00426086266467623,-2.75399170418555
0.164558358192785,-0.162223957320415,-0.0791366587546038,-1.32710043897153,-0.0188347978452392,-0.167188278044615,14.367595875854,-0.67493028623926,0.323696260840507,0.0125665658825245,0.000138881013033471,-2.76646382980654
0.163901321556509,-0.162944659346256,-0.0798706779703076,-1.32757175583607,-0.020709536520245,-0.167299164954102,14.7524767522627,-0.169016669601433,0.378074098738381,0.0116588668855915,0.000534771613729695,-2.7690728624226
0.163310490748468,-0.163743998939687,-0.0805341424879545,-1.32805395211906,-0.0224539681085915,-0.167302756623599,14.2809709010218,-0.00509532305068205,0.257497823449626,0.0115053708318857,0.0025133579638616,-2.79964504051974
0.162793434848315,-0.16463945621879,-0.0811166798561213,-1.32852827990508,-0.0240741367468852,-0.167211783179635,14.9148537915516,-0.0859998260129942,0.289475497994005,0.0132963857114343,0.00120324905840455,-2.78705636719965
0.162353136348613,-0.165656599207166,-0.0816048537269304,-1.32896769321375,-0.0255809018319245,-0.167041755624462,14.4882780433911,-0.398452100473378,0.294100464533443,0.0142462143403534,0.00150069602158967,-2.8089201644877
0.161994762767832,-0.166805911758032,-0.0819910953108091,-1.32936005884941,-0.0269789992957631,-0.166798443364486,14.6601253102641,-0.73696944819244,0.401022731741449,0.0157776041519551,0.00171219120294169,-2.81851685834796
0.161711198928617,-0.168071409187318,-0.0822887885591206,-1.32970328640496,-0.0282889511260937,-0.166498605842935,14.9805736812463,-0.492220558480085,0.328376394427409,0.0130358097497361,0.00121193733798744,-2.818608759756
0.161498657047706,-0.16942673747452,-0.0825141144316663,-1.33000529574657,-0.0295240904485553,-0.166151962839366,14.6009750772205,0.257149626442924,0.262742718954001,0.0134664554418751,0.00425340529281965,-2.84534472644155
0.161354188874726,-0.170834132149057,-0.082688891428187,-1.33028317621878,-0.0306961299751853,-0.165765027697884,15.1681128031559,0.463880682314084,0.295799742769418,0.012331049437357,0.00234600148817612,-2.83997715682423
0.161272531821369,-0.172244530664903,-0.08283995716687,-1.33056089395271,-0.0318180577632952,-0.165344149669607,14.7729437064463,-0.720867599578696,0.258988071758665,0.0145932613542361,0.00300405165268466,-2.862584523945
0.161250239060589,-0.173606913456501,-0.0829937103648814,-1.33086565052031,-0.032900223773715,-0.164893955756712,15.1444008255781,-0.675098514907859,0.330611390994704,0.0163883052068226,0.00255124757969658,-2.87093086817979
0.161287160026836,-0.174872298329868,-0.0831748831589573,-1.33122259054575,-0.0339522383476561,-0.164420820500991,15.4691962467149,0.212239994724996,0.418438163072352,0.0176307750596618,0.00140819362902883,-2.87577234114168
0.161376690710773,-0.176001253859702,-0.0834046806088136,-1.33165198966436,-0.0349877680641121,-0.16393337699862,15.011190378559,0.0337973141661223,0.319672283817255,0.0163381896389967,0.00223177946855171,-2.90898415508837
0.161518704823857,-0.176971255047136,-0.0836918277223353,-1.33216694201887,-0.0360126361891438,-0.163435720437834,15.4236040249292,-0.825361542600376,0.39109322122124,0.0158822468412168,0.00333329082973721,-2.89618084906587
0.161706784185708,-0.177773849758209,-0.0840411341308839,-1.3327661393586,-0.0370435998583978,-0.162944454171331,15.0836967985258,-0.40363810708277,0.252940704826784,0.0166407653062275,0.00215185145813793,-2.91566678306321
0.161942621055622,-0.178409049593856,-0.084449530161199,-1.33345007306325,-0.0380835251342236,-0.162465900781051,15.2208952945001,-0.424032715272688,0.239211294481322,0.0134779368016167,-0.00321829001309007,-2.93023802044126
0.1622255023026,-0.178901818752869,-0.0849038993251137,-1.33419946279747,-0.0391401547788302,-0.162012828186529,15.5499935896761,-0.63326384576817,0.453538408265132,0.0161689855394225,0.00136920549885441,-2.92541919413018
0.162562997007429,-0.179289426239427,-0.0853801519852159,-1.33499162450414,-0.0402099008957424,-0.161591628379104,15.0919057962017,-0.491583981087842,0.502472747719878,0.0122610265093539,0.00199853338653389,-2.95376344731082
0.162962924926703,-0.179609626526449,-0.0858554423029367,-1.33580458417943,-0.0412858821878056,-0.161206044060597,15.5703041792807,-0.185114494532172,0.328674730557168,0.0121211214411998,0.00293421738848851,-2.94651393148268
0.163427914684256,-0.179899987723855,-0.0863102783116838,-1.33661616842195,-0.0423650988073661,-0.160860987718449,15.2727981532316,-0.221795402555472,0.406386804112771,0.0149549057788532,0.00205432346534284,-2.9654909173839
0.163953711285256,-0.180197173071154,-0.0867278239741569,-1.33740437646009,-0.0434462853692682,-0.160559952767317,15.4965546349769,-0.0351564932907422,0.40505230386816,0.014536743282128,0.000274844219844889,-2.96644738126045
0.164540266059606,-0.18052699787072,-0.0870978053527265,-1.33815656773688,-0.0445221269417876,-0.160299643311759,15.7662205384664,-0.748964167100212,0.386841002714903,0.0149246317013456,0.000466039342821079,-2.97184950254092
0.16518189426328,-0.180910145702648,-0.0874127991771816,-1.33886224677112,-0.0455866811193466,-0.160075824553407,15.5115515320408,-0.5344387355035,0.356789386791633,0.0123867220555671,0.0024659068549735,-3.00347752120372
0.165868159881092,-0.181359321099954,-0.0876718578621633,-1.33951644352339,-0.0466346998744203,-0.159880488585481,15.9062413319838,-0.176241916245999,0.372029140152165,0.0155335570520996,0.00317161134291008,-2.99874889484681
0.166587398307353,-0.181880076857381,-0.0878784882166362,-1.34011973304123,-0.0476612276371797,-0.159702423222608,15.6789211284121,-0.356780921275003,0.358572198641923,0.0192927426653822,0.00309938790918413,-3.02556196308407
0.167326980137112,-0.182461582580451,-0.088045314838405,-1.34068090944804,-0.0486632454412279,-0.159531819032236,15.7464733274481,-0.302881498392935,0.41746830506554,0.0202970858701197,-0.000117299688641687,-3.04005053164764
0.16807151802989,-0.183103571644434,-0.0881799325017961,-1.34120246650174,-0.0496406862092995,-0.159358661970777,16.1888411259461,-0.72714225868026,0.25130508763732,0.0231586166991806,-5.84003184415649e-05,-3.04440980420901
0.168806325814894,-0.183791565843015,-0.0882988759169596,-1.34169524591843,-0.0505929361159623,-0.159172363080802,15.6966277119861,-0.444863714532858,0.22290501135646,0.0167375004504078,0.00389137553101218,-3.07811262274498
0.169524201165683,-0.184514702826685,-0.0884132203446087,-1.34216620030627,-0.0515181838621985,-0.158966144996237,16.3454582801984,-0.128025497351928,0.411562979894939,0.0192479348017582,0.00157072757453225,-3.0654584754293
0.170218177714173,-0.185263847153273,-0.088534256520634,-1.34261981919895,-0.0524194528417978,-0.158737576589049,15.9521026309116,-0.33961869134987,0.508847447940667,0.018710121456738,0.00176944883136654,-3.0866752350029
0.170885572903336,-0.186018223631466,-0.0886796708127104,-1.34306682014022,-0.0533006979593937,-0.158489042517628,16.2071172224689,-0.926700960387961,0.406890624005968,0.0160665592948854,0.000281024691420523,-3.09482392655591
0.171537801172837,-0.186769313657072,-0.0888534899538174,-1.34350991887485,-0.0541595577578869,-0.158224790672396,16.3559973402446,0.129901681257479,0.413988118518603,0.0177702578353771,0.00159221742136989,-3.09159266910611
0.17218622435137,-0.187500144106881,-0.0890666299265376,-1.34395801868549,-0.0549961240513129,-0.157951091253104,15.9711577636003,-0.303252228008887,0.35106109372046,0.0167640752385836,0.00261828839962414,-3.11917658288256
0.172843309397122,-0.188192157851,-0.0893285196942205,-1.34441935714684,-0.0558153107907042,-0.157683660254961,16.5110845897585,-0.811202709865029,0.406713788623108,0.0138302001999855,0.00325181493927562,-3.11677098752548
0.173525279527011,-0.188811602815649,-0.0896571862586703,-1.34491457446826,-0.0566199560395649,-0.15743547663762,16.1953964502869,-0.522691124038374,0.413022692226406,0.0161487756783782,3.79684922889589e-05,-3.13643321268678
0.174236889511551,-0.189342426126808,-0.0900624891112022,-1.34545009611945,-0.0574238320239923,-0.157225988961134,16.4116772985373,-0.201920772494987,0.28045935025105,0.0185664916783761,0.00123686344168286,-3.14164573701158
0.174977406735616,-0.189774274408235,-0.090550596172755,-1.34602791771684,-0.0582487534238123,-0.157080729660416,16.7298187629708,0.0915717599425534,0.39891208468984,0.0211105933943809,0.000237945907010123,-3.14811050434731
0.175743766998558,-0.19009149730704,-0.0911302961687557,-1.34665970667755,-0.0591102972804745,-0.157013718338712,16.3553691896365,-0.550407519439204,0.299241877979654,0.0213990271427509,8.96835299314946e-05,-3.18294064626601
0.176510745743913,-0.190298712224862,-0.0918061260746097,-1.34734298733494,-0.0600359688431168,-0.157037910530876,16.8869887390194,0.774529829117228,0.344180412333458,0.0190452294658421,0.000334385764094086,-3.1836818198423
0.177250272566823,-0.190389697190603,-0.092589542709118,-1.34807719032835,-0.0610583296222311,-0.157170279622274,16.6284294637798,0.0107140879492817,0.302489922979817,0.0214849643086006,-0.000131548179848867,-3.20620092046927
0.17793093716639,-0.190388686923766,-0.0934739102517867,-1.34885137507678,-0.062198303617443,-0.157407857745012,16.8025975719751,-0.652038340436775,0.364854219025602,0.02147684142989,-0.00172231401059575,-3.22004926040331
0.178515050837772,-0.190324031342974,-0.0944522826949337,-1.34964864221403,-0.0634807236785982,-0.157748074796396,17.1224490727122,-0.130130542679581,0.390167729700522,0.0199102034823331,-0.00137821450469841,-3.22323940623302
0.178976645861287,-0.190207556905321,-0.0955234178991211,-1.35046226114162,-0.0649165711383222,-0.158179957314327,16.6212395108519,-0.259542690139824,0.419667648428344,0.0198162314263648,0.00142319076594416,-3.2585164134004
0.179301241430367,-0.190070673164624,-0.0966706026813631,-1.35127515494029,-0.0665019845570116,-0.158681480110698,17.3149157830406,0.0370727943445672,0.480302745439559,0.0189936666678028,0.000852015067974221,-3.25185929834891
0.179484033691585,-0.189930778793308,-0.0978809061017892,-1.35207864805884,-0.0682243434152253,-0.159227514656927,17.0395603023549,-0.202569137951059,0.386887093451804,0.0205071686708611,-0.00184196852773177,-3.27660036434979
0.179543066246687,-0.189789488806617,-0.0991417804796073,-1.35287538282315,-0.070051527178738,-0.159785779651292,17.190104314235,-0.542303215321908,0.465044399502631,0.0204838350862344,-0.00268988748968088,-3.28863708951085
0.179507072627866,-0.189642262551319,-0.100442098142127,-1.35366817900131,-0.0719485685572125,-0.160329452579589,17.5102322135921,-0.0510080177223244,0.302344587369817,0.019565698282038,-0.000167785553822325,-3.28700192086267
0.179428050029686,-0.189468138301391,-0.101768261392317,-1.35447566990284,-0.0738602161090286,-0.160824031928499,16.9107255512118,0.00396284082944476,0.46760295691368,0.0195777093760254,-0.000779085035474303,-3.31746527087786
0.179355591639127,-0.189250006874111,-0.103107234847548,-1.3553074141109,-0.0757421401382328,-0.161248711019501,17.7865862499143,-0.304343957317997,0.275582467104726,0.0177923562019258,0.00218681356385156,-3.31503474725439
0.179354104885097,-0.188963751516406,-0.104440930262478,-1.35618066564834,-0.0775399333129315,-0.161583065429503,17.3354860958585,-0.212231515900385,0.468688869764293,0.0194815251817508,0.00186785123641095,-3.34040957771164
0.179480778851116,-0.188584524142748,-0.105754614759002,-1.35711072170395,-0.0792101572887488,-0.161816503152135,17.3399107435587,-0.166546107627255,0.512048492083892,0.0193725238349214,0.00232452122663018,-3.34447911049951
0.17977393225372,-0.188094676744953,-0.107036550050728,-1.35810720186185,-0.0807269330986964,-0.161948969509231,17.7907567549457,-0.368998787258988,0.407662339217069,0.0201142332603155,-0.000531596107201299,-3.34536448778386
0.180263856854266,-0.187485448897063,-0.108272187777535,-1.35917551630252,-0.0820759247843373,-0.161987254872818,17.2734396291765,-0.201727141654374,0.362558877388324,0.0188558666901191,-0.00223685777082311,-3.37759815619491
0.180955687395231,-0.186759737825705,-0.109449757396068,-1.36031483861219,-0.0832591130086697,-0.161942161753599,18.0689124981302,-0.238608750508774,0.341564287588312,0.0166518223123768,-0.00046393270169337,-3.36747985549015
0.181827482207531,-0.185951680576984,-0.110553804464306,-1.36149937467576,-0.0843040158337185,-0.161836639676257,17.5975827541378,-0.151366852402134,0.377625318466755,0.0175427965872843,0.00337254176392338,-3.39020178567859
0.182844929252843,-0.185097356823433,-0.111572097663146,-1.3627083711568,-0.0852421935456652,-0.161688584480502,17.7230462248706,-0.459967640501191,0.430295278748986,0.0191969410373289,-0.00128337437389003,-3.4008100830658
0.183954884519435,-0.184234778746243,-0.112503724111476,-1.36392456005489,-0.086113300419073,-0.161508952647031,18.1395579123589,-0.154514917888037,0.416470118306592,0.0210327865327966,-0.00355651865498993,-3.40093883933494
0.185098589154544,-0.183404295282853,-0.113351902407238,-1.36512564815622,-0.0869634498329302,-0.161313837171867,17.6048874687802,-0.859521379343505,0.464847820954333,0.0233963927953171,-0.00139702953647938,-3.43226921091962
0.186214219213121,-0.182655436100259,-0.114119870391114,-1.36628610940759,-0.0878370585005787,-0.161113898890093,18.064955090182,-1.00090416962348,0.501419074856642,0.0208653574714441,-0.00180884871535056,-3.42781123991825
0.187254109500526,-0.182023224252663,-0.114815685550963,-1.3673944747335,-0.0887629769441047,-0.16090728896269,17.9211486088081,-0.349488697047263,0.413844833766376,0.0212577913043126,0.000426773436875,-3.44894677293777
0.18818540855755,-0.181527217984862,-0.115452684286821,-1.36844880024951,-0.08975690555763,-0.160687518181933,18.0938139482271,-0.674047236458819,0.519626662993971,0.0236588981463077,-0.00151790916689767,-3.45160860975744
0.188996079584954,-0.181177040171614,-0.116045751069687,-1.36945226816887,-0.0908228138212198,-0.16044629208725,18.2573191545833,-0.817350148241985,0.409210596153031,0.0251520692882998,0.000939280916459145,-3.45331723168369
0.189685933277785,-0.180972342042045,-0.116610136601358,-1.37040838873907,-0.0919591752243595,-0.160181325407882,17.812899568645,-0.869023563125666,0.382239860749337,0.0216004118544699,-0.0038289298624434,-3.481177397259
0.190282754873635,-0.180902124781203,-0.117154337188905,-1.37132952769357,-0.0931430662228042,-0.15988251513816,18.4501930559874,-0.560013162553332,0.505325867450182,0.0221173108417627,-0.00047835219228623,-3.47302609606508
0.190822613987223,-0.180949821725269,-0.117685973536489,-1.37222401275444,-0.0943503125111976,-0.159548113933887,18.2041461086808,-0.22317256057886,0.355900705357641,0.026495725727929,0.00130588162101208,-3.49532102978218
0.191354521556273,-0.181084784227213,-0.118213314317276,-1.37310748976468,-0.0955476468920681,-0.159176112875098,18.3059183581325,-0.286039306324255,0.377515372447874,0.0242199194770714,-0.00230606512900616,-3.50048903653359
0.191926873925529,-0.181288309226809,-0.118733894352377,-1.37398509091873,-0.0967015724588758,-0.158766388428147,18.5596608801084,-0.763003150891109,0.395003116137218,0.0259290016125964,-0.00233797985962592,-3.50818872752036
0.192579739312158,-0.181560164764672,-0.119233360091607,-1.37484778966597,-0.097784000050639,-0.158322214121226,18.1344399439185,-1.00632353201695,0.339699805205441,0.0202352436879423,-0.00195886517433436,-3.53780122261984
0.193347926231996,-0.181896995244434,-0.119697831018465,-1.37568917027203,-0.0987662582720733,-0.157843753683448,18.663290384597,-0.187645540279618,0.285469666209337,0.0218346011612969,-0.00167327243276066,-3.52451547093496
0.194244052866342,-0.182289408754407,-0.120124188024746,-1.37650700825269,-0.0996336636338921,-0.157332985921883,18.508987954289,-0.194998761677653,0.446452507212882,0.0240856472593789,-0.00129584047653092,-3.55319768073599
0.195259787101471,-0.182740066725417,-0.120506720435609,-1.37729710625751,-0.100378880843441,-0.156785576863471,18.6535845606502,-0.151043570411275,0.453786771993634,0.0233481333776195,-0.000559881360100101,-3.57175228489178
0.19638053170835,-0.183250566963145,-0.120840951384859,-1.37806289586684,-0.100991152426258,-0.156186113951837,19.0019681357742,-0.3741013168069,0.531620875361938,0.0244069377700242,-0.0037370679217818,-3.5757040690823
0.197568021736077,-0.183829720741151,-0.121128414334148,-1.37880355158295,-0.10147782139826,-0.15552330525048,18.375979568252,-0.643801886006486,0.424432779041041,0.0244663356029355,-0.000914778156541868,-3.60481304915901
0.198788150602741,-0.18446364312489,-0.121381070188744,-1.37954353862957,-0.101835264420787,-0.154772257875391,19.1035314111882,-0.0635820832776517,0.38327769066791,0.0202551549943104,-0.000716338981906706,-3.5959392378442
0.200001107110267,-0.185134871638722,-0.121618575773471,-1.38031221887815,-0.102066853480798,-0.153907165160184,18.9003727211725,-0.590427051576626,0.515486436722966,0.024672239941296,-0.00328657525035225,-3.62493598361014
0.201164346151031,-0.185811248376733,-0.121871109779246,-1.38114324951021,-0.102188740934528,-0.152915870328982,19.0969589536313,-0.521093999401501,0.462300655546159,0.0258226343199581,-0.00347063977440432,-3.63400507238979
0.202240693052402,-0.186468234645813,-0.122163932210997,-1.3820638537109,-0.102221460659455,-0.151792016921266,19.4023109616916,-0.480087053992293,0.469304492201331,0.025836281373576,-0.00255632061462641,-3.63631686904809
0.203204606256879,-0.187071102998291,-0.122526471624649,-1.38310042632864,-0.102190886052866,-0.150543087657225,18.8520822688228,-0.798930505390672,0.365952155478936,0.0242118524915425,-0.00265444368566647,-3.66531146610379
0.204031843083362,-0.187585345595885,-0.122990641041824,-1.38426570698169,-0.102140245414213,-0.149199549317907,19.5547660917288,-0.16160355803504,0.395057673516845,0.0239516178894226,-0.00133235475879395,-3.66514003756675
0.204718562556444,-0.18798891491078,-0.123571729966943,-1.38555822345672,-0.102106438287813,-0.147799984284797,19.1818195972691,-0.758028667516101,0.526914687541449,0.0270783878540484,0.0011878032211764,-3.69177800840948
0.20525502634679,-0.188270216460466,-0.124283846941052,-1.38695470249351,-0.102146413603838,-0.146405184705051,19.2857419519152,0.383508471064943,0.386862398180142,0.0268527666099319,-0.00446789525935851,-3.69791092502051
0.20565326062778,-0.188433622960634,-0.125120864002684,-1.38841742769381,-0.102302471843906,-0.145075994802429,19.6994496272512,0.18654371074922,0.437971925390656,0.0270711129742582,-0.00218343791375233,-3.70686164069942
0.205923965329482,-0.188490173245009,-0.12607405500001,-1.38989770600698,-0.102620035425256,-0.14387765986112,19.1286949793134,-0.0296216725021168,0.520932018298055,0.0245775583570689,-0.00120163070672361,-3.73566527697731
0.206078091560909,-0.188461581926433,-0.127124358129276,-1.39134056318733,-0.103137800025177,-0.142870684608962,20.0234801169678,-0.135186805689727,0.554809928159358,0.0273525469664664,0.00101198271920852,-3.73225432940949
0.206129250271174,-0.188374689226952,-0.128247638226796,-1.39269154644559,-0.103882239746095,-0.142103194359231,19.6578928147989,-0.8548879274706,0.449458177071733,0.0261655201286484,-0.00148054563509914,-3.76245696482786
0.206092011373473,-0.18826519936053,-0.129410976692026,-1.39389958195122,-0.104859954958014,-0.141599360006993,19.7110058206277,-0.666478959440383,0.425777112886237,0.0263017589792662,-0.00336230543088856,-3.77567645088837
0.205988377726012,-0.188162197056275,-0.130579933657982,-1.39493457064649,-0.106051456718659,-0.141354104023185,20.0860573597867,-0.344428385423271,0.429409482732922,0.0288458563986302,-0.0064522037433925,-3.7759761307006
0.205843728146536,-0.188076531285489,-0.131727124271219,-1.39579011512202,-0.107421031025837,-0.141343705407135,19.5338171730428,-0.324531201371656,0.47335345846227,0.0245471873492531,-0.000313478940564355,-3.80115984631719
0.205677761879914,-0.188023006098122,-0.132825997125315,-1.39647259669008,-0.108918036839125,-0.141517783347175,20.304368041313,-1.12647594107852,0.410910959565484,0.0264587541305303,-0.000122344544099512,-3.78460475784148
0.205511449618751,-0.187989159923125,-0.133865432011878,-1.39701516348955,-0.110483332998301,-0.141815219043894,19.8163811727399,-0.157931090088596,0.463564827364252,0.0283186976209415,-0.00242633675167514,-3.81269281965196
0.205372625165297,-0.187959434743631,-0.134834192753787,-1.39746294319344,-0.112047619167634,-0.142162881993414,20.0124375406349,0.313354558813671,0.436039036952991,0.028487350233533,-0.000757780445366535,-3.82137642259264
0.205286766736915,-0.187913451728591,-0.135728184098863,-1.39786801244427,-0.113545075729875,-0.142488392533868,20.2523086489783,-0.481924281415786,0.399526725038044,0.0299121266239228,-0.000893965602952851,-3.823620873009
0.205281110736889,-0.187810639150392,-0.136556715962792,-1.39829565371258,-0.114917772350828,-0.142728700024941,19.6556448238968,-0.401149549830734,0.440827593265368,0.0289336341397033,-0.0011848791870909,-3.85629677350363
0.20538471529447,-0.187624013073635,-0.137325360616213,-1.39879431557828,-0.116120948283346,-0.142838474745608,20.3268520315725,-1.15990168693179,0.564197262586731,0.0341036646537125,-0.00229177250881391,-3.84850620832767
0.205611885923114,-0.187335171685907,-0.1380441030916,-1.39939805565737,-0.117132925430684,-0.142792140644546,20.1830644753158,-0.973995254237252,0.522510289059454,0.0321615104017572,-0.00137677513419637,-3.88070566280861
0.205980018652443,-0.186925846479544,-0.138723372287301,-1.40013373982785,-0.117942133895873,-0.142579712302933,20.4217962983051,0.520215420477598,0.52344174305415,0.0338165276046949,0.000291105700676864,-3.88257072985525
0.20649506921681,-0.186397205072753,-0.139369945415321,-1.40100246452752,-0.118561766635914,-0.14221659872326,20.6335915262031,0.243689322160662,0.516390909324087,0.0336731753166104,-0.00276606290247747,-3.88995584037565
0.207165876675716,-0.185759455009491,-0.139984220760654,-1.40199594809698,-0.119004596247439,-0.141722893718335,20.1121482812187,-0.513148342514796,0.621944571124345,0.032346883911385,-0.00307395494722801,-3.92329951632555
0.207991271213737,-0.185032443223357,-0.14056460384369,-1.40309243412258,-0.119295975881953,-0.141128914427676,20.9105201188995,-0.339664574340077,0.669627974087462,0.0313556342221548,-0.00205370950467798,-3.90609317136699
0.208966269405263,-0.184242255480598,-0.141105954213271,-1.40426546580472,-0.119461097319506,-0.140464225469514,20.4199039021131,-0.47483819855961,0.500121812289109,0.031694087674115,-0.00162451180908796,-3.93828621887563
0.210084626604951,-0.183416006450673,-0.141599862501766,-1.40548930160589,-0.119518398196174,-0.139751088089403,20.6024634076368,-0.226264055629372,0.64289336638771,0.0315000764861417,-0.00306897231207187,-3.94791649463734
0.211328081431086,-0.182590553880398,-0.142035382353646,-1.40673359467724,-0.119487867658625,-0.13900614365288,20.8590998890239,0.119428187067115,0.631412962904307,0.0298442744782474,-0.00221691316192713,-3.94628415788274
0.212683699611746,-0.181788075782579,-0.142405592412892,-1.40798316006822,-0.119379124191413,-0.138235581010924,20.2895419721527,0.713017756028194,0.402852955807958,0.0294199930643635,-0.00431109133636065,-3.97756574500301
0.214135712266944,-0.181025588118793,-0.142703632916296,-1.40923403580933,-0.119190787118148,-0.137430678144577,20.9568931805235,-0.772858806353952,0.329132460099231,0.0309549185865743,-0.000697365202868866,-3.96597261545047
0.215667782593582,-0.180320085748386,-0.142924621179292,-1.41047959822048,-0.118925428210901,-0.136586072818183,20.7118555253548,-0.508162166160218,0.548355495172871,0.0310942188225751,-0.00258849099973613,-3.99855719696849
0.217258246272819,-0.179679824374099,-0.143070109696157,-1.41172000937788,-0.118587925909857,-0.135695327880172,20.9466778362515,-0.251704894273871,0.655143221808913,0.0304835395304655,-0.00259701016013619,-4.00703192285432
0.218883150958949,-0.179111616375004,-0.143142727226032,-1.41296139521163,-0.118179191449762,-0.134744744731852,21.2448124347837,-1.0964252498411,0.575386756275094,0.0321582936574956,-0.00551188170610978,-4.00899363473465
0.220516075089345,-0.178615077930627,-0.143152834905166,-1.41420417177173,-0.117716838849299,-0.133740246069027,20.6163923473534,-0.630751098985229,0.439306139173226,0.0314775694211176,-0.00392986008190671,-4.04866965689978
0.222122634218298,-0.178192464604315,-0.143115450175969,-1.41544397404009,-0.117229484205541,-0.132695708020391,21.5061940854487,-0.0187167219537514,0.545030254405305,0.0327672399420313,-0.00504307318893071,-4.036109088038
0.223673341232499,-0.177852370756877,-0.143041205927727,-1.416669280375,-0.116747581747042,-0.131631031987954,21.2196022979386,-0.121943183082294,0.613329062392097,0.0346696271885092,-0.00585444136119351,-4.07045793890034
0.225142514427269,-0.177585945819109,-0.142949991977594,-1.41787545178601,-0.116303151766211,-0.130572150733999,21.4112764245814,-0.559923886922434,0.733309170499666,0.0308354287135861,-0.00375280995960098,-4.0799697051978
0.226500653464639,-0.177390349574775,-0.142862689486787,-1.41905170048582,-0.115935355247752,-0.129550027253896,21.6746135241585,-0.183709378905405,0.613201324490689,0.032588034440423,-0.00662816757447907,-4.08632303307418
0.227722332249996,-0.177254298706654,-0.142802807689445,-1.42018914818797,-0.115682617421781,-0.1285995451334,21.3247435298964,-0.624641319395778,0.631420980280836,0.0311435845084267,-0.00784571891998229,-4.12173842450716
0.228790320926848,-0.177163268608314,-0.142791985365722,-1.42128315595076,-0.115573633027218,-0.127749144810641,21.9709113999045,-0.73052300016775,0.633236485265144,0.032443543139558,-0.00409042173760102,-4.1170674305269
0.229697988715589,-0.177092553562502,-0.142852785843506,-1.4223380194983,-0.115624533430827,-0.12701914209832,21.5007439200433,-0.378870951718909,0.661235013499919,0.0321157263704102,-0.00498326766710933,-4.15006951069916
0.230445919110664,-0.177020684618141,-0.143001017170668,-1.42336067004346,-0.115839044817848,-0.126417724949924,21.7942394710374,-0.268145094586089,0.530602411316096,0.0329399511340251,-0.0039879041932156,-4.15627945710831
0.231048130917544,-0.176924545593427,-0.143244991059755,-1.42436588229723,-0.116201522608135,-0.125937564456572,21.9668285443798,-0.417753190048188,0.547911187800565,0.0346061195514102,-8.89203288955143e-05,-4.16722037261135
0.231528951503752,-0.176784110677752,-0.143584572166625,-1.42536960127572,-0.116684678585664,-0.125563152112502,21.5375069479704,-0.771973148986035,0.524223191876359,0.0337768298849537,-0.00467651762741714,-4.20150286889337
0.231924227512684,-0.176586823103527,-0.144009274669582,-1.42638986016292,-0.117242344504909,-0.125261391486264,22.3390548844132,-0.829452895730356,0.662959508768154,0.0327495375014779,-0.00620768335658825,-4.19023073937793
0.232280463461831,-0.176323353112796,-0.144502577021891,-1.427443975843,-0.117820465524518,-0.124995868660026,21.8471924349786,-0.839713492424835,0.431459495547074,0.0342330420501051,-0.00544430463225568,-4.22629292295421
0.232639419786964,-0.176004571738142,-0.145036432335384,-1.42853862650184,-0.118366899214651,-0.124727367148926,22.1374515432934,-0.537778585618526,0.47914026301234,0.0336759334306098,-0.00553222797098138,-4.22879414198825
0.233046164910835,-0.175645846582832,-0.145578607767832,-1.42967931644659,-0.118825862622856,-0.124413195194364,22.4929509521938,-0.105922828339544,0.613651824455729,0.0348334254279279,-0.00429476563221357,-4.23628046009825
0.233537029712449,-0.175281217305066,-0.146090098169112,-1.43085278053945,-0.11915587446741,-0.124024665549311,22.1600347765923,-0.111636348158072,0.64859302645246,0.03454123271089,-0.00422638403928019,-4.27618026295122
0.234142617051466,-0.174945400763317,-0.146535470405619,-1.43204609186787,-0.119323616300644,-0.123538148066246,22.8262875923105,-0.964992178893226,0.640707076636517,0.0380562550022554,-0.00555174298347902,-4.27180355729892
0.234881831102848,-0.174675899512303,-0.146884181503401,-1.4332418990154,-0.119307768163392,-0.122935604366709,22.4440814778866,-0.875695374538964,0.57617859359263,0.0387776572002254,-0.00509407526217079,-4.30676979947416
0.235750539922597,-0.17450291302342,-0.147120420933047,-1.43441890405253,-0.1191152630593,-0.122220116834876,22.6838676066885,-0.602166121459049,0.601963335943708,0.038125225291509,-0.00273224540423395,-4.3164124322937
0.23673270813835,-0.174438305171289,-0.147243484239942,-1.43556355795776,-0.118769002461366,-0.121407795248643,22.9159407126102,0.264590603921533,0.533738224390021,0.0380934222653786,-0.0072427308968343,-4.32998149425133
0.237804114453169,-0.174494870843245,-0.147256240614765,-1.43665902089593,-0.118302358144208,-0.120522854965749,22.6999163103069,-0.193291401944407,0.744569604280088,0.0410095381964304,-0.00423679039723091,-4.36472072841371
0.238917923007596,-0.174667718843934,-0.147182992320887,-1.43769390223997,-0.117771661764158,-0.119601274158994,23.3270701377417,-0.134939736338993,0.783794233430854,0.0433541284855132,-0.00385684203937009,-4.35967406851198
0.240024944047468,-0.174932158251029,-0.147058420721324,-1.43866738475237,-0.117237606178014,-0.118685131506737,22.887002695327,-0.36685046720936,0.694867035275934,0.0440214023931653,-0.00414462841488222,-4.39383742586297
0.241071381506047,-0.175260788548344,-0.146920264961941,-1.43957805604398,-0.116766926070257,-0.117821380003194,23.2154803498381,-0.889133415505967,0.594734620867655,0.0413587356639264,-0.00167658953780195,-4.4084764139683
0.242010264391481,-0.175631306611587,-0.146798310835649,-1.44042365958071,-0.1164169716684,-0.117049240976182,23.5512679273505,-0.0610897678352558,0.528002578275647,0.0417071612941147,-0.00470780750085861,-4.41434208873219
0.242793174554738,-0.176023568192641,-0.146722428755159,-1.44119932473013,-0.116244687119672,-0.11640573131771,22.8874177791736,-0.479403281446821,0.59392718635354,0.0444599078572661,-0.0063444982341124,-4.44952550011142
0.243386069821962,-0.176412756283289,-0.146716934567767,-1.44190363754977,-0.116294583970619,-0.115922940117819,23.7973013062438,-0.15377417833497,0.678527424923146,0.0456665719148215,-0.00254241820686493,-4.44758639478045
0.243765808554383,-0.176804306064016,-0.146782931412487,-1.44252183177846,-0.116593899549238,-0.115617702822656,23.2141371915117,-0.225755733873939,0.648491476356185,0.0442052855608641,-0.000926781770831858,-4.48207760888975
0.243916714659162,-0.177222613202972,-0.146906573587597,-1.44302606755044,-0.117160053306218,-0.115500299874022,23.6901951715769,-0.864618539588491,0.831747620122826,0.0417532588264322,-0.0038604849075182,-4.48810308501304
0.243847350111855,-0.177694383445801,-0.147062929265035,-1.44339955321106,-0.117977506731782,-0.115553353744127,23.8627457113067,-0.730817611910197,0.646836933908077,0.0440403057549301,-0.00335139446906582,-4.49427652915654
0.243583367958588,-0.178244316602639,-0.147221255407214,-1.44363183641883,-0.11900925018758,-0.115745258387906,23.381740089756,-0.324259705946361,0.55923223590213,0.0393935376044876,-0.00468566326939956,-4.5296765953083
0.243152324211758,-0.178907759309014,-0.147345293889888,-1.44370705492425,-0.120215267820981,-0.116041096219714,24.2325374370994,-0.857428273582173,0.596820315307639,0.0398023268499581,-0.00469045889584754,-4.51710255601833
0.242586484110778,-0.179704012199458,-0.147408377323211,-1.44362560793928,-0.121546902607814,-0.116396319038292,23.5855482958228,-1.06630246665782,0.601169686891069,0.0423471646989135,-0.00447328487257515,-4.55464229214215
0.241925616015622,-0.180628575307598,-0.147395669440355,-1.44340693321828,-0.122946440173438,-0.116760277646295,23.940131338231,-0.932762871375871,0.550522764336392,0.0407596657681961,-0.00495896950327016,-4.56074392156644
0.24121038995349,-0.181661263304357,-0.147304584232068,-1.4430812505653,-0.124356284865464,-0.11708376841482,24.3042366406951,-0.863802596881442,0.580141219527633,0.0397930345493296,-0.00179711972736077,-4.57012893678306
0.240479310778547,-0.18275765911404,-0.147150356030531,-1.44269491293855,-0.125728349076236,-0.117325810533628,23.866522994343,-0.589202331351316,0.594387884835044,0.0444452997702545,-0.00340852804972447,-4.60313671520467
0.239767798662301,-0.183853741753314,-0.146963610515359,-1.44230245024455,-0.127027831340042,-0.11746121852051,24.4683115087294,-1.01716697358688,0.601538034285824,0.0451919688940428,-0.00326458181536143,-4.60051127473064
0.23909741665275,-0.184873607500523,-0.146790745788658,-1.44195788866695,-0.128244012153346,-0.117487463455391,23.9266630099688,-0.976616226874739,0.656714668803488,0.0441990861411301,-0.00713817515415544,-4.63947622733695
0.238480719216619,-0.185738457732784,-0.146686121866355,-1.44171384690971,-0.129381242897616,-0.117414469855499,24.3397711678379,-0.21347355562375,0.637297907056649,0.0434794415737598,-0.00432169968277493,-4.64750354732172
0.237919709649623,-0.186380572492748,-0.146701738958193,-1.44160944739386,-0.130464447344624,-0.117272480922318,24.6929955740879,-0.228340206538178,0.78458154570643,0.0444138200932556,-0.00104782846102008,-4.66286686087687
0.237413662132846,-0.186761642803399,-0.146875064466908,-1.44165802028073,-0.13153251766027,-0.117110025147697,24.3110020234692,-0.860583216449186,0.663292868519392,0.0423856269544793,-0.00261669644528295,-4.70327668875615
0.236952995449778,-0.186856957015404,-0.147237333979803,-1.44186197325015,-0.13263366989975,-0.116982995458778,25.149023109782,-0.750044214023774,0.619070292698154,0.0434710672167391,-0.00248572454835283,-4.69482044933419
0.236520662737125,-0.186677977447232,-0.147800975894151,-1.44219752677074,-0.133824433029662,-0.116952737421078,24.5533228086711,-0.969286409344249,0.471520105744105,0.0445557881123562,-0.00204318496018052,-4.73800495014428
0.23610117815136,-0.186266068214112,-0.14855607105278,-1.44262461864924,-0.135150857700359,-0.117071948029441,24.8025728866779,-1.10268731959718,0.685025605435982,0.0434684202402287,-0.00613180294197549,-4.7493557322234
0.235678734119854,-0.185694542813778,-0.149471084433357,-1.44309027394352,-0.136644128581266,-0.117374344367343,25.1300728679283,-0.458747532332836,0.707334557970086,0.0458705580489682,-0.00374938432541932,-4.75742889847591
0.235245864755144,-0.185051869947236,-0.150499980666999,-1.44353636617806,-0.138317098527231,-0.117877057164872,24.7474845378891,-0.18662920001475,0.622308020927619,0.0420556052743812,-0.0054791736186823,-4.79724120500642
0.234798651810766,-0.184428467057233,-0.151588958315881,-1.4439150677142,-0.140157101415286,-0.118569197743118,25.352088084876,0.125515544654945,0.645914962835775,0.0410372463847617,-0.00625799260492757,-4.79160532982951
0.234344457610684,-0.183909451337591,-0.152680021989763,-1.44418920630846,-0.142127965657558,-0.119418285529379,25.0539091353124,-0.750664579094973,0.646770514753172,0.0418200180206285,-0.00416770501730768,-4.82745640536786
0.233899141611903,-0.183570846682315,-0.153715421026715,-1.44433544497005,-0.144170980022708,-0.120368060036317,25.3130156191313,-0.75116367233386,0.574139753286744,0.0410851320136678,-0.00230013070461713,-4.83962680413634
0.233481834083435,-0.183452821244533,-0.154655173508639,-1.44436072462392,-0.146209006525622,-0.121343449981694,25.6117704717755,-0.863606713181071,0.617569034511888,0.0442664729920925,-0.00403873103925373,-4.85290531730062
0.233116782550659,-0.18358081843682,-0.155465976269385,-1.44427975326904,-0.148160864781426,-0.122267841437834,25.2061684886183,-0.674539175569407,0.773712139935327,0.0464082316992411,-0.00552379388996677,-4.89041568149833
0.232837124623705,-0.183940666531957,-0.156134000845486,-1.44413490198667,-0.149938912872791,-0.123060941248754,26.1154619256149,-0.264465466842239,0.769280728051513,0.0444674084913488,-0.00314956341982178,-4.8815506585008
0.23267605994613,-0.184505179178358,-0.156655511353635,-1.44397231868331,-0.151463546431035,-0.123651607543634,25.5663706021286,-0.381114128018908,0.617098220822271,0.0452296189416681,-0.00236205106992707,-4.92537238198134
0.232664532384482,-0.185221716575667,-0.15704374343807,-1.44384235174938,-0.152673806200476,-0.123992081105367,25.9392583736301,-0.796223654006099,0.660430426539364,0.0437245830837307,-0.00432792166769544,-4.93422525049288
0.232814485744431,-0.186044309657894,-0.157318281751406,-1.44378211100612,-0.153539847662368,-0.124058035396127,26.3229965553747,-0.91619538373584,0.824357424939791,0.0488415500631878,-0.00123700358033868,-4.94913807940124
0.233132562276301,-0.186920411129552,-0.157505596389824,-1.44381970535463,-0.154058927614188,-0.123855118644667,25.8878825125856,-0.780222791620417,0.764010192144639,0.047861749055599,-0.00192055163592389,-4.98955323503816
0.233610782473859,-0.187809006549903,-0.157632066369612,-1.44396672700694,-0.154255935768736,-0.123412908628252,26.5726362419765,-1.21431915829089,0.711243237136728,0.0460551921564916,0.000647472813708444,-4.99155232881172
0.234231850831359,-0.188675720926891,-0.157724151291228,-1.44421960825216,-0.154182359241582,-0.122785771229209,26.1197413482707,-0.464697147158859,0.763253304135191,0.0504491081863891,-0.00179468207032377,-5.03156344902638
0.234956543630295,-0.189504742574657,-0.15780642747769,-1.4445583985662,-0.1539132940964,-0.122039959523998,26.4294953626683,-0.641957491429821,0.726892599555185,0.0506053534309783,-0.00104737339327846,-5.04993511145958
0.235736882827902,-0.190302085854036,-0.157893211780818,-1.44494578215646,-0.153535224012949,-0.121248663297775,26.7264803590303,-0.817361337000648,0.793015108159409,0.0523694395061471,-0.000872557445554922,-5.06524774106068
0.236534352958394,-0.191068464462234,-0.157995841841923,-1.44535245290901,-0.153125626854985,-0.120477284916536,26.3377912450368,-0.78207064677008,0.767559357130381,0.0521415670458243,-7.72187543791603e-05,-5.10587209088889
0.237304836116363,-0.191810135953461,-0.158123094198245,-1.44574969259288,-0.152756672192935,-0.119779917591064,27.2256210811561,-0.321993071980842,0.685006350526521,0.0492581336926978,-0.000850762878490979,-5.1116643990741
0.238018887477255,-0.19252769520694,-0.158281655430099,-1.44612025245344,-0.152478258094887,-0.119190608826479,26.8770495539339,-0.250090588969442,0.659748409065685,0.0518683289752913,-0.00329010698887544,-5.15597050293802
0.238645131545278,-0.193220735188391,-0.158478181869223,-1.44645389880843,-0.152330267846512,-0.11872795097106,27.1749413156633,-0.66884722601003,0.743990993825378,0.0501674578222095,0.00210086731178352,-5.17146314879267
0.239176858635145,-0.193874943694167,-0.158716928717998,-1.44675810215818,-0.152320587821178,-0.118387197507842,27.573870912469,-1.07929189956303,0.734219228923735,0.0545916972886831,0.00392658005167321,-5.18655452413418
0.23962491948262,-0.194460552078183,-0.159004350210439,-1.4470567565059,-0.152430944730443,-0.118144570770232,26.9619251893726,-0.689313204448354,0.739739209985146,0.0502163817058441,0.0017069114679833,-5.2321259972902
0.240006476853472,-0.194939403051357,-0.159349259669648,-1.44738335964324,-0.15263185141336,-0.117967290679052,27.8991740463475,-0.304701806835965,0.805389836210026,0.0479560453795655,0.00413297202117249,-5.22230606162454
0.240355882339551,-0.195269176925258,-0.159756286405503,-1.44778060646505,-0.152870467748302,-0.117805388031724,27.372699859178,-0.26035742758063,0.786420334740711,0.0505584304716749,0.00405886815132511,-5.26600182258632
0.240701468736885,-0.195420137414444,-0.160227053512461,-1.44827719978834,-0.153102689701384,-0.117617371053032,27.7737400034792,-0.404797309835885,0.754873338513818,0.0472495350399225,0.000659381303208362,-5.2804964596968
0.241072364585051,-0.195356037139018,-0.160766697486096,-1.44890291243971,-0.153287404754421,-0.117369499373731,28.1029718055849,-0.44520505202604,0.515152561547922,0.0499838741422747,0.000292777433928554,-5.29148057835327
0.241489746654183,-0.195069844076531,-0.161365583907396,-1.44966501825793,-0.153394186909672,-0.117038568256665,27.5624036456106,-0.352668242586105,0.701229141021315,0.0500148645818896,0.00178229638823482,-5.33139948789636
0.24196616825113,-0.194564195006923,-0.162013358255948,-1.45056205719972,-0.153402614088996,-0.116608694330421,28.4666587418144,-0.731794256972762,0.773769580721478,0.0526019015480328,0.00457517981464642,-5.3363420794138
0.242491261434167,-0.193862214566274,-0.162698087641188,-1.45157074140835,-0.153320824837835,-0.116084926536581,28.0146832787732,-1.04616712797019,0.743532374460614,0.0508900399163559,0.00210412408482941,-5.37789670187569
0.243046855941397,-0.192997266743819,-0.163404445116598,-1.45266140297919,-0.153166040487969,-0.115479846310462,28.2619427602252,-1.30386948180853,0.750582132541808,0.0535051232378989,0.00378113039704794,-5.39082518067645
0.243608931390695,-0.192017382916681,-0.164111490762067,-1.45379469328586,-0.152963987104671,-0.114812298915669,28.7950965633604,-0.771616144537575,0.67764993276586,0.0559814470927495,0.0039519290407582,-5.40390128954643
0.244129798089402,-0.19098745654423,-0.164800489204079,-1.45491756518637,-0.152763123555566,-0.114111624897634,28.2327479336644,-0.482547904796093,0.603489757983766,0.0560044741709378,0.000809712977097254,-5.4505837415904
0.244582398746942,-0.189955598544765,-0.165454966484675,-1.45599328043613,-0.152595027457907,-0.113400471603788,29.0600748804192,-0.388719824388545,0.695703306277665,0.0560227624773812,0.00262223647337131,-5.44805884880654
0.244944419719843,-0.188966612468938,-0.166061478944468,-1.45699233712885,-0.152485262076711,-0.112694957997721,28.5416144317019,-0.845284773203048,0.931329362207777,0.0561406240391955,0.00276244429986244,-5.48539686746348
0.245201065807772,-0.188062034515317,-0.166606914046268,-1.45789030802043,-0.152454950941577,-0.112009928489394,28.9108976084714,-0.506584652760921,0.616304718904445,0.0561905408712491,0.00546702297515853,-5.49650889936049
0.245361408479832,-0.187260971293452,-0.167083638627544,-1.45868477154973,-0.152504078555056,-0.111348804339905,29.1124643678272,-0.77366934226734,0.778931500319231,0.0540151781359399,0.00390857313781665,-5.5120069859603
0.245460209090493,-0.186559486824521,-0.167490616855871,-1.45939214502595,-0.152611720760531,-0.110704605522894,28.7066823759673,-0.965390651455664,0.823050955786726,0.0534548511439317,0.00329741361926161,-5.55002332965006
0.245539622956499,-0.185954598181334,-0.167823068884611,-1.46003114214571,-0.152748406956572,-0.110066163576979,29.4629331593517,-0.921071991960389,0.750275735816132,0.0543084497823587,0.0023499217740923,-5.54469950695651
0.245653093188405,-0.185426248509059,-0.168083685566981,-1.46063067837504,-0.152880747285558,-0.109424146099369,28.9901054150087,-1.20833145729239,0.824949723212796,0.05094104549286,0.00276275070152357,-5.58902880029165
0.245870335257006,-0.184940098367547,-0.16827586203274,-1.46122954386517,-0.152964035917717,-0.108766649848729,29.4342433434799,0.25749817445876,0.713343072731561,0.0528344387829311,0.00352411199222497,-5.60334077423377
0.246251305206947,-0.184472667244374,-0.168398520806717,-1.46185674660956,-0.152957773019398,-0.108084458825432,29.7288036418269,-0.303182731425068,0.765742601290412,0.0531223470777702,0.00381620631267657,-5.62421894566077
0.246844471295492,-0.183999249291772,-0.168455160996541,-1.46253826246639,-0.152833071149943,-0.107374190328818,29.1731313264868,-0.585545811878774,0.899478655148101,0.0544803963994114,0.00532085628834758,-5.6632646958089
0.247680079488436,-0.18350676566198,-0.168447130233847,-1.46328676163046,-0.15257652427946,-0.106641998062377,30.3037422746526,-0.498128894278125,0.758127746599314,0.0565891949129438,0.00502335815734975,-5.65894197330786
0.248765471139514,-0.182994593087982,-0.16837466346122,-1.46410424605908,-0.152189431945739,-0.105898371714588,29.624994234677,-1.06812042219099,0.79781359551086,0.0552200920885677,0.00521828727010903,-5.70693687267076
0.250074815055659,-0.182471705315844,-0.168244655854935,-1.46497972683329,-0.151697873852732,-0.105163755660288,30.1577802919859,-0.578475430058234,0.813540707174468,0.054366556239875,0.00427081909216923,-5.72076100915101
0.25156583304885,-0.181957778423155,-0.168061997247837,-1.46589627221549,-0.151132665958693,-0.104453766790342,30.2981712613887,-0.21325382446139,0.792940392734465,0.0556954267347285,0.00703600169518681,-5.7377286669126
0.253172458059681,-0.181480948566267,-0.16783538017651,-1.46682684960512,-0.150543074681644,-0.10379146519633,29.898368905715,-0.674473512703116,0.825959050741204,0.0533817214657497,0.00737583429543617,-5.7825678492616
0.254816366341461,-0.181071359891527,-0.167576618182932,-1.46774503630933,-0.149979614442244,-0.10319348811584,30.8640199346707,-0.395438459176376,0.639364781581804,0.0572768084293194,0.00893663903795594,-5.78358704843525
0.256421064440755,-0.180753597746063,-0.167300230934368,-1.46863024426552,-0.149488507948875,-0.102670531651881,30.2112820474428,-0.386052283777872,0.74466600398236,0.0571657243078816,0.00753788227715338,-5.81906143532328
0.257910797984619,-0.180556999325928,-0.167018384856517,-1.46945752719582,-0.149112935296436,-0.102230767222299,30.575590229354,-0.47460679246069,0.825356663453135,0.0564538574026798,0.00734494913503167,-5.83853674054386
0.259230614193347,-0.180493519154016,-0.166745421541305,-1.47022142387907,-0.148871794831594,-0.101863501880378,31.0435342376393,-1.18887572615586,0.814802122752468,0.0577344012825978,0.00753247537370447,-5.85931623521197
0.260344979770287,-0.180561700914864,-0.166497633387738,-1.47092693551154,-0.148769493020065,-0.101551499219521,30.6030276802122,-0.564640087407497,0.902195721032029,0.0585984898473444,0.00607979509907655,-5.90405067709014
0.261244173703092,-0.180752401565011,-0.166284675178842,-1.47158521451243,-0.148791713873286,-0.101272243791953,31.5325073555639,-0.813902136945444,0.940790181620088,0.0594313723035347,0.0109867314877119,-5.90827377496947
0.261937646003806,-0.181042202038291,-0.166118227973623,-1.47221739825549,-0.148909781155901,-0.100996937696323,30.9715945133209,-0.822886387747303,0.980321144196807,0.0618358366164897,0.00895547117012233,-5.95328214916147
0.26245147963248,-0.181415659162494,-0.165996463116293,-1.47283787421534,-0.149089892032134,-0.100700661355923,31.486881344976,-0.648407369156985,0.908857556296454,0.0593513947803426,0.00942169209281737,-5.97134804878858
0.262824778780455,-0.181840193765246,-0.165921335701199,-1.47346890871013,-0.149294885000349,-0.100363565867922,31.864198593508,-0.739169127304422,0.753708784891614,0.0593012994454045,0.0088270649043492,-5.99172627930946
0.263102482837322,-0.182281784853282,-0.165894153419688,-1.47413117779657,-0.149485873377095,-0.0999675717636846,31.2550013864563,-0.771075845638734,0.748336094186101,0.0594112628589696,0.0108401530760218,-6.037100379228
0.263329898422321,-0.182712458307019,-0.165910022958112,-1.47483500775813,-0.149634396807731,-0.0995082831286556,32.087084098416,-0.592788578465388,0.66421604214662,0.0598943653174975,0.0104891717313498,-6.03936199080249
0.263539062932614,-0.183114514306793,-0.165963635875759,-1.47558364740978,-0.149724170102761,-0.0989844997306758,31.5054038164074,-0.397079152698097,0.739333494968491,0.0590314665917981,0.00878873860429785,-6.08478091527846
0.263757401674196,-0.183471934817236,-0.166049244198706,-1.47636946198926,-0.149754098953889,-0.0984131890592351,32.1119562124162,-0.988917833397636,0.833817723641971,0.0620735746552739,0.0105102284669585,-6.103615760781
0.263993164355791,-0.183786056978236,-0.166158603473282,-1.47717438039501,-0.149737489991724,-0.0978136220543007,32.5200735557319,-0.972128755396625,0.955940613559193,0.0617889475666304,0.0154671499525388,-6.11441573687558
0.264242665206632,-0.184052886301577,-0.166291707709625,-1.47798108266,-0.149701141851674,-0.0972130202278674,32.0246344305072,-0.232695472825753,0.856570428049139,0.0622799869063919,0.0113086379743181,-6.16458622996533
0.264486531867171,-0.184280731467186,-0.166449312883449,-1.47876387386884,-0.14968451664161,-0.0966431045051061,32.8614005102193,-0.0945795369875668,0.759361303843974,0.0604957222792755,0.015532298058512,-6.16978673568522
0.264714802783719,-0.184483554876399,-0.166624509957071,-1.47949710996896,-0.149719247885945,-0.0961310251825986,32.4640526330618,0.549593464863619,0.831967208265468,0.0623949570826126,0.0146714642867254,-6.21615500370848
0.264913312369647,-0.184673730644488,-0.166813905268764,-1.4801615206238,-0.149835767063168,-0.0956981690622855,32.8319540547978,0.0157894677586228,0.833508231189541,0.0649939862502746,0.0126516915229951,-6.23459999055856
0.265072260834995,-0.184865279810116,-0.167012733301017,-1.48074199536291,-0.150055568684447,-0.0953579446804703,33.2197977135119,-0.913902693964019,0.840900375380016,0.0666024917601122,0.0137221831252468,-6.255925205021
0.265199955695973,-0.185072044845302,-0.167209127554158,-1.48123265518733,-0.15037679070721,-0.0951075394739178,32.6018037477729,-0.227647962829678,0.886424456182169,0.0639666663669192,0.0165796759559224,-6.29738575962993
0.265314414657777,-0.185304157211856,-0.167389090031386,-1.48163529596861,-0.150785914342132,-0.0949371767175111,33.4148170645497,-0.386062924747648,1.0142608863724,0.0661157192249693,0.0165249928821369,-6.295724468475
0.265448727591064,-0.185576087930781,-0.167529422017013,-1.48195758757419,-0.151247188334237,-0.0948200592785841,32.9705820424369,-0.198453892898215,0.84029660082436,0.0651391151383702,0.0142360069726135,-6.34286782465682
0.265627800932276,-0.185897274992341,-0.167612913188141,-1.48220952172977,-0.151731456493899,-0.0947348621618122,33.4820099721573,-0.921138701985228,0.882444883059719,0.0646199588525493,0.0153765259926082,-6.36182229057771
0.265891614082543,-0.186267962180215,-0.167620136470955,-1.48241218146218,-0.152189538486878,-0.0946483590192541,33.7759049329021,-0.0529832987188001,0.922652586684563,0.0655033291327221,0.0138736150229579,-6.37571838509752
0.266288261503196,-0.18669008668953,-0.16752760992999,-1.48258684170419,-0.15256230561026,-0.0945226399748321,33.2693835531089,-0.728771331836469,0.893125040868313,0.0640460801616034,0.0125385189494969,-6.41063313757906
0.266845277675801,-0.187161867072485,-0.167321386305494,-1.48275214081982,-0.152809629119951,-0.0943317265477447,34.1507605747469,-0.637611860164498,0.77510771182213,0.0676744041629074,0.0163972525665964,-6.41390426115839
0.267591892763441,-0.187673525229846,-0.166989276795252,-1.4829329880118,-0.152886082878918,-0.0940461066708325,33.6765470946714,-0.821352891236529,0.806462486695125,0.0674386039001797,0.0158579489325384,-6.45912973617545
0.268543043500011,-0.188221586048357,-0.166523817182339,-1.48314191062269,-0.152764225580411,-0.0936487320377809,33.9937984045056,-0.939224916806324,0.93702042808215,0.0672088413930458,0.0166573803061642,-6.47077808991772
0.269693969435347,-0.188796763230164,-0.165929000439735,-1.48338863647012,-0.15243851524485,-0.0931362503713785,34.3545852690305,-0.779012775714364,0.897077673822025,0.0657975387027303,0.0165446613988333,-6.48884974228464
0.271023151394577,-0.189394712185988,-0.165211737205298,-1.48367210958989,-0.151924733459845,-0.0925206013352696,33.9217232624217,-0.616142984292992,0.886531975541089,0.0639119813601456,0.0162250955240411,-6.53911743117599
0.272503270477284,-0.189999268895923,-0.164389969888107,-1.48399610115624,-0.151247318171901,-0.0918182260261565,34.849012050831,-0.0542070884666828,0.912788236566797,0.0648564307646469,0.0172589947815644,-6.53988163254182
0.274094423629979,-0.190604463795164,-0.163482984912224,-1.48435062898946,-0.150450899077791,-0.0910595287720104,34.189844552181,-0.44476747267845,0.863138142589207,0.0663744468131937,0.0153947274398351,-6.58454238672807
0.275746364195951,-0.191205443023398,-0.162513416386672,-1.48472238614197,-0.149594764455157,-0.0902839886094111,34.7402412221845,-0.725385121300178,0.864351905721691,0.0682098056791487,0.0165328713280409,-6.60972556120207
0.277411034309757,-0.191790989789468,-0.161509103112358,-1.48510476724015,-0.14873478236193,-0.0895250230748572,35.0060340811743,-0.0360465302551347,0.936754102813381,0.0669647455399072,0.0206206227868379,-6.62551050584524
0.27903120047102,-0.192368566642115,-0.160492741435829,-1.48547449616198,-0.147941131238162,-0.0888259007179441,34.5366705140945,-0.362830808309127,0.794340948717348,0.0675663426849917,0.0153335340894814,-6.66651254978868
0.280564225772047,-0.192931599321862,-0.15949053042298,-1.48582311495287,-0.147268285346616,-0.088219302024552,35.3051109979739,-0.969579030755312,0.940526887901655,0.0697442264269394,0.0176616781639757,-6.66786364115177
0.281968915698205,-0.19348485658905,-0.15852291592618,-1.48613983208399,-0.146762257804067,-0.0877272126413473,34.7469038476665,-1.25900429060198,1.03276245914498,0.069066371474245,0.0174668998562389,-6.71146601794776
0.28321025459462,-0.194031558581095,-0.157609405519203,-1.48641974597737,-0.146456998730585,-0.0873612531687638,35.2764223692863,-0.568189338773664,0.972882802888506,0.0662737330173009,0.0161955480304332,-6.72707357540578
0.284269234380023,-0.194567837082875,-0.156768006380544,-1.48666600677704,-0.146368258533166,-0.0871234850404972,35.6926850080004,-0.622247865428108,0.922247291766922,0.0692492060746877,0.0201122069490867,-6.7392841098504
0.285139622971107,-0.195085896465644,-0.156016265971556,-1.48689157426486,-0.146491778595298,-0.086998710761707,35.1870797831474,-0.994400885437017,0.78777932922867,0.0689253737216213,0.0189933070957156,-6.78443600009288
0.285827690387248,-0.195572578176956,-0.155367528789489,-1.48711729128653,-0.146803005328576,-0.0869603980593746,36.1068124298068,-0.521999075940357,0.773785442961582,0.0663544547494337,0.0188332071663116,-6.78970549255779
0.286338927852917,-0.196015137633636,-0.154836608698382,-1.48736228494905,-0.147274740831028,-0.0869796639656933,35.6481961565016,-0.242732329451201,0.885333071174387,0.06795737563733,0.0189980408659017,-6.83404619253697
0.286705396782007,-0.196381947147135,-0.154437086412132,-1.48766428005428,-0.147851814066704,-0.0870120736273495,35.9997276087951,-0.944307533486153,1.0289938472468,0.0674881082751586,0.0200104466928419,-6.85933476833752
0.286964882650081,-0.196646361695365,-0.154175214404611,-1.48805347590018,-0.148476950703232,-0.0870192066713384,36.4411654867109,-0.0104335248920506,0.914275363147766,0.0694722292260956,0.0215584678250222,-6.88264013021112
0.28715453779661,-0.196781544922277,-0.154057155564921,-1.4885602036296,-0.149093287514187,-0.0869621852545764,35.830315464515,-0.68786599017244,0.915847522579583,0.0712325368582434,0.0219487656226887,-6.93693960676153
0.287311409875744,-0.196767667245282,-0.154081548568813,-1.48920145191091,-0.149653604449256,-0.0868181520293776,36.8729307810391,-0.688536924086293,0.872208352452276,0.0723164677840153,0.0222707392855168,-6.93613866024574
0.28747753621826,-0.196591365139914,-0.154239975486897,-1.4899922198397,-0.150111211415998,-0.0865644499098429,36.3444329222025,-0.246432651972555,1.0557745726085,0.0756875637839141,0.0214775709376551,-6.98367148845228
0.287675346622177,-0.196253195465657,-0.154521638635269,-1.4909281243544,-0.15044738888966,-0.0862015752025555,36.8758177472565,-0.496887949607299,1.00934526175254,0.0733509458039792,0.0232686673524797,-7.00373432923839
0.287937518384443,-0.195773099361683,-0.154898078184687,-1.49199650075632,-0.150636484567474,-0.0857255510605504,37.2122722661576,-0.413028444285146,0.904737832094469,0.0741588484107991,0.0256319166102573,-7.02167508258107
0.288280348305143,-0.195179970092635,-0.15534037912313,-1.49317049862492,-0.150676979680524,-0.0851507480363111,36.6568005175878,-0.228761724142032,0.909630650756611,0.0705706556805574,0.0258461954702382,-7.06819577263454
0.288707531260188,-0.194521516422232,-0.155812442144016,-1.49441331244193,-0.150579993154076,-0.084495194290282,37.6436527447856,-0.867563984445269,1.02964708858514,0.0702766608804697,0.0251505088404468,-7.0666001871596
0.289217680782257,-0.193855401606036,-0.156272638066975,-1.4956830095501,-0.150360923262452,-0.083776237596212,37.1249252651838,-0.623006999837344,1.06175085351819,0.0709498879344554,0.0261165209332734,-7.11322432022184
0.289800666075566,-0.193243771304509,-0.156680607161661,-1.49693635080458,-0.150041957526185,-0.0830113161600226,37.6185458409595,-0.451509045656849,0.961835107879011,0.0722111582251337,0.0258351922166532,-7.13421286298056
0.290432111084686,-0.192760306794706,-0.156995291030624,-1.49812261348424,-0.149653632603993,-0.0822171059003421,37.9085263874335,-0.0499821336206878,1.0818594981364,0.0696242092980994,0.0275025408477086,-7.15560594546715
0.291084396564827,-0.192455279707643,-0.157192615064865,-1.49920906107891,-0.149226243397298,-0.0814049734366555,37.4156209499308,-0.62003418686777,0.94195200364274,0.0738767100371227,0.0240093787264831,-7.20460566994407
0.291727435538962,-0.192374077861123,-0.157251294147808,-1.50016786515803,-0.148789842660479,-0.0805843383099953,38.3546058577328,-0.54593827726535,1.03734224868822,0.0716243724971974,0.0265601345743386,-7.20951052278432
0.292328457532167,-0.192553777518516,-0.157158685633631,-1.50097279604152,-0.14837495836774,-0.0797639375145914,37.8531785173323,-0.628891057313695,1.08261952132349,0.0744114003109342,0.0299624162548579,-7.26390873956416
0.292854843744165,-0.193007368943499,-0.156916824383761,-1.50161309748148,-0.148010970931912,-0.0789521998635031,38.2213439262934,-0.700215113002741,0.97033307456519,0.0772471646015664,0.0259615379326438,-7.28384494547525
0.293271338543877,-0.193732963631625,-0.156538266421963,-1.50208069239543,-0.147734891249248,-0.0781673759110137,38.6754556803679,-0.0144256743024016,0.969186851195815,0.078435326125466,0.0257401579015486,-7.3001308830846
0.293547845843677,-0.194708381429881,-0.156047622977533,-1.50237807174695,-0.147581351034689,-0.0774289768794364,38.0231156640069,-0.500599017696686,1.10076817082148,0.0742329155481167,0.0274529763142738,-7.34762561979978
0.293665502266944,-0.195889415003102,-0.155478152935498,-1.50251851861978,-0.147578767939393,-0.0767595689004093,39.0555331221205,-0.524959077567928,1.10386587751387,0.0781619271256098,0.029293461021062,-7.34544741702276
0.293607597157309,-0.19723166247874,-0.154864108362236,-1.50251369905853,-0.147754950052486,-0.0761831398860411,38.5214743632952,-0.407491911572379,1.02994300873712,0.0765812748483605,0.0289996469351978,-7.39277427780375
0.293369140544734,-0.19867927119917,-0.154241343290119,-1.50238131926378,-0.14813119362009,-0.0757247447106599,38.9414407946229,-1.62840341690116,1.0707235983626,0.0753275841638263,0.0285792817054885,-7.41349314644378
0.292959688007447,-0.20018123218528,-0.15363713259037,-1.50213753179437,-0.148717132997399,-0.0754058957917919,39.3520948403659,-0.750673238220543,1.02957236949374,0.0765293385767514,0.0288354131025872,-7.43579387569358
0.292403186474781,-0.201674726693138,-0.153079835271971,-1.501811376965,-0.149506735336336,-0.0752383865658822,38.7723093054152,-0.416914296986533,1.04615142208911,0.0784519721599355,0.0309446094312578,-7.48011990082775
0.291729646487906,-0.203112829923827,-0.152587451187375,-1.50142674402651,-0.150484618544004,-0.0752245243409601,39.6982491670665,-0.450045436964274,1.02857054269276,0.0773123777627891,0.0288301733094972,-7.47406068644258
0.290992593006952,-0.204447243708161,-0.152167071569595,-1.50102058098639,-0.151604890462417,-0.0753436814363152,39.1346524473778,-0.649427662025573,1.00220883021757,0.0785038026506029,0.0293242025658768,-7.52231109611783
0.290250330539326,-0.205651642012117,-0.151811549341461,-1.5006222811935,-0.152811340098945,-0.0755637267154812,39.7670743937967,-0.889980131254333,1.06549200098578,0.0779081381101006,0.0306380686931064,-7.54660966204016
0.289567651448247,-0.206706670844784,-0.151507648747039,-1.50026328273984,-0.154036836696713,-0.0758415936491883,39.9710943251895,-0.603033448793894,1.0067555267797,0.0791687707801709,0.0328356723749282,-7.56448771638906
0.289023835052556,-0.20759216145284,-0.151234963130717,-1.49998558695863,-0.155191264204162,-0.0761154221413175,39.5197078177002,-0.358745401784518,1.12499878732243,0.0753382606252191,0.0314194033274616,-7.61027657354511
0.288691696019241,-0.20830137335623,-0.150967899746668,-1.49982524658593,-0.156187662772528,-0.0763209181289269,40.631829046025,-0.30865580345835,1.01411797368618,0.0792678637810642,0.0307487937720409,-7.6190487763957
0.288632041332035,-0.208832687896392,-0.150682338878258,-1.49981456442111,-0.15694780111749,-0.0763960162326829,40.0015916924598,-0.79196745344575,1.07485953273689,0.0827368205475287,0.0312202622773134,-7.66785705630562
0.288894535976453,-0.209200988439139,-0.150349162127893,-1.49996828617905,-0.157411123390992,-0.0762952097907951,40.512531593538,-1.12746392787767,1.00557113617387,0.0795535181043947,0.0312342844231815,-7.68329567956019
0.289498511137201,-0.209423715012373,-0.149951163107,-1.50029092062628,-0.157547120740734,-0.0759916246497019,40.5246045227198,-0.405821191830682,0.976779943497888,0.0756244956977405,0.0322102763049376,-7.70241402967715
0.290451714618263,-0.209526499500066,-0.149470575200288,-1.50077458725243,-0.157342133205625,-0.0754734010774859,40.1797554137699,-0.65718372732249,1.03948574754179,0.0774929111487803,0.0321753766063531,-7.75283734707138
0.291725594952795,-0.209536963606916,-0.148904064076067,-1.50139981394057,-0.156819989024218,-0.0747525897237327,41.1314498756512,-0.511093334915813,1.08899167221389,0.0783113646541005,0.0303906643472726,-7.76175037557618
0.293266900913197,-0.209497614941673,-0.148249095052673,-1.50212552350751,-0.15603589847833,-0.0738669988319651,40.653133693957,-0.424732982572777,0.983398979129674,0.0745443706621205,0.0316215363032791,-7.80792893084868
0.295004710878,-0.20944811392324,-0.147514393931588,-1.50290580013373,-0.155065169531193,-0.072868520375633,41.1924683471019,-0.477438067179492,0.967936050173904,0.0775946642746841,0.0341145917543662,-7.82342885054709
0.296842652387871,-0.20943185421936,-0.146717656169984,-1.50368797765687,-0.154004705992019,-0.0718188604262688,41.4623840956779,-0.349281986445021,0.977844660092387,0.0806173461337711,0.0366891761233169,-7.84860424885227
0.298673601226145,-0.209485270895638,-0.145883905141479,-1.50441964023855,-0.152965047100877,-0.0707907470037506,41.1059562762269,-0.537414788498381,1.10260352196732,0.0791819198184802,0.0362665097523196,-7.90204696270511
0.300396787017314,-0.209634117903541,-0.145044148233118,-1.50506055693962,-0.152044700044152,-0.0698443230521011,42.045243230317,-0.518548989719875,1.04768858469092,0.0768368354546349,0.0357242902028587,-7.90111148208322
0.301918486916822,-0.209900510024316,-0.144229160945524,-1.50557878657321,-0.15133039219101,-0.0690283956442392,41.3910784847178,-0.326582628256574,0.941986888251051,0.0798489540553819,0.0357395682815121,-7.94383757001895
0.303167946992594,-0.210300738298263,-0.143463220233353,-1.50595258839283,-0.150887687147389,-0.0683792851101754,41.9302696093108,-0.109487636461154,1.12117436083321,0.0788653769796164,0.0350940920156387,-7.96901792611668
0.304093790220953,-0.210835484468694,-0.142771936193404,-1.5061821940724,-0.15075142995714,-0.0679061590251871,42.0958732566698,-0.668063548895361,1.13101091868415,0.0798176069075622,0.0373238044888188,-7.99444174722006
0.304681097067239,-0.211494155128629,-0.142172676508673,-1.50628433503586,-0.150922683654672,-0.0675979497042269,41.8761353399551,-0.155789803611697,1.10770704909751,0.0784905933202982,0.0399159267901929,-8.03715316985978
0.304946499885612,-0.212252291903481,-0.14167815613409,-1.50629030861189,-0.151373500181368,-0.0674280398101048,42.8383604183126,-0.533538441487281,1.03769260042117,0.080207312755824,0.040316915835462,-8.04529886010677
0.3049300367706,-0.213087753901402,-0.141289643894271,-1.50623638960804,-0.152053631821999,-0.0673567186070145,42.2107191635539,-0.738652996752762,1.01047420584069,0.0829595152159128,0.0350925331776668,-8.09893575152634
0.304692503072595,-0.213973861749592,-0.141000861913172,-1.50616572975864,-0.152893740660117,-0.0673345072815258,42.695089949353,-0.342557255563634,1.11340032133148,0.0840466617156097,0.0389652243246552,-8.12034815542414
0.304310621615352,-0.214880433026601,-0.140800717950116,-1.50611755676666,-0.153818073680764,-0.067317592021179,43.0277214350996,-1.14954356692533,1.12837006520832,0.0850583847722377,0.0401298246378629,-8.13951592429684
0.303856680225072,-0.215786621984417,-0.140674866500322,-1.5061215150854,-0.154759508728363,-0.067268944751528,42.4010183374946,-1.15737703946365,1.09147429197597,0.085402358990236,0.0379091527572213,-8.18724195541692
0.303411812373584,-0.216663922526351,-0.14060696498663,-1.50620771875062,-0.155647287082201,-0.0671581755524293,43.5306096960047,-0.466116532499882,1.10262635786404,0.083234927229034,0.0401946029390471,-8.18512773863816
0.303030862165343,-0.21750106543869,-0.140582853681387,-1.50638402141405,-0.156440108530786,-0.06697471555284,42.8017364029923,-0.909701731369296,1.13996320462633,0.0886032500547742,0.0380394507846332,-8.22607637864895
0.30276344950893,-0.218277843984728,-0.140592284333021,-1.50665972386167,-0.157104662972755,-0.0667170447550618,43.3436190113102,-0.417144550083094,1.10442499380525,0.088198973724404,0.0383611540976896,-8.2447680817146
0.302636218873945,-0.21898414912158,-0.140626885668543,-1.50702992655836,-0.157629010132064,-0.0663979231754179,43.7372785271589,-0.495605087463218,1.11424131152853,0.0862742512899173,0.0420040789518988,-8.2692358925909
0.302663287660401,-0.219600208625363,-0.140688861133858,-1.50749444620449,-0.158013118218531,-0.0660347388422304,43.1720262534241,-1.197164117483,1.03504980818843,0.0832779086769038,0.0386453450205123,-8.31702834153839
0.302832784626551,-0.220120420966301,-0.140780206354796,-1.50803745791956,-0.158277481034899,-0.0656556872921878,44.2946900860011,-0.862151905147812,1.08441993369806,0.0872103144174687,0.042298139876319,-8.32402174141791
0.303140131146891,-0.220530562832434,-0.140902693477422,-1.5086559792207,-0.158432138761559,-0.0652779959355381,43.7704488979474,-0.906396222478179,1.23725118314783,0.0901672865180285,0.043171828710221,-8.37253678119013
0.303560748958956,-0.220831476369845,-0.14105747183956,-1.50933315387291,-0.158505547028583,-0.0649264898698748,44.3062652444985,0.0138656510330293,1.10918842278321,0.0894310062411781,0.0402301103231264,-8.39655971729245
0.304085147017562,-0.221016896780483,-0.141243135405261,-1.51007016101227,-0.158502510920438,-0.0646014993386019,44.5192255903985,-0.732291507136324,1.1087122261213,0.0914173493729984,0.0420422825085615,-8.41846431120012
0.304707401991826,-0.221092888442681,-0.141448130025749,-1.51086216413951,-0.158421900751623,-0.0642966937114564,44.0473064918453,-0.290352400449365,1.09598880438989,0.0919329766667478,0.0409809460908623,-8.46444579260174
0.305427246712958,-0.221065456634977,-0.141658961391081,-1.51171244079863,-0.158255230198881,-0.0639954294321711,45.1592700124028,-0.256730512098329,1.21770730948887,0.0867984680601888,0.0413474555754334,-8.46647865659325
0.306247726906263,-0.22095427667742,-0.141853959026849,-1.51261561182632,-0.157992750804914,-0.0636778928355969,44.4959917947737,-0.0370493836971946,1.26092154333386,0.0884584082848856,0.0426422112576335,-8.52058083134345
0.307172194658991,-0.220784927353071,-0.142009803921309,-1.51356631226148,-0.157622502137582,-0.0633181974882516,44.8930754336169,-0.20210271506221,1.25366757754537,0.0848754405964964,0.0441896891193825,-8.52907802204762
0.308194624241783,-0.220589746038701,-0.142105170099853,-1.51455471723289,-0.157141418277595,-0.0628926402919434,45.2306197162571,-0.802421967995997,1.27526303709476,0.0880406574944881,0.0422720541312746,-8.55221245958288
0.309300432076532,-0.220407133496989,-0.142121597452466,-1.51556173598559,-0.156558652285353,-0.0623858574366727,44.7910471280875,-0.637167900899385,1.21689775636372,0.0898666007012188,0.0427396288137504,-8.60112365179556
0.310463646206727,-0.220275848503827,-0.142047008330987,-1.51656634470423,-0.155896489318134,-0.0617899867812535,45.7490295454821,-0.610932422254564,1.16656537537801,0.0891264971699797,0.0440666262320746,-8.60934756182284
0.311644590921615,-0.22023494508209,-0.141876787934118,-1.51753832748831,-0.155195103235012,-0.0611137358500834,45.2463159087302,-0.497033523067103,1.18933552066591,0.0874983886224854,0.0458220632600669,-8.65565339911635
0.312788585355368,-0.220316373668372,-0.141618267223671,-1.51844792907131,-0.154509729758078,-0.0603753848722567,45.6906696239503,-0.457740762244157,1.18219193746782,0.0888349190082005,0.0445950330427779,-8.6794662634804
0.313836813481769,-0.220535461314617,-0.141290780795125,-1.51927115616655,-0.153903333774782,-0.0596045525751352,46.1507696939852,0.123167907164998,1.25502632340596,0.0892196449629616,0.0446589519119198,-8.70887759690239
0.314723053815694,-0.220901042700973,-0.140922495436379,-1.51998181165952,-0.153448535613175,-0.0588422385441767,45.5971732849172,-1.06076069486176,1.18784232321931,0.0902610732853124,0.0446676232872704,-8.75990004207188
0.315396306143342,-0.221403274513367,-0.140544483488605,-1.52056671254696,-0.153206000960735,-0.0581292868138892,46.57599588534,-1.13759914396906,1.25620112400046,0.0928185123107457,0.0458921448872726,-8.75988404948425
0.31582092979439,-0.22201765650356,-0.140190659497193,-1.52102183471346,-0.153224817799587,-0.057506244608499,45.8986600495447,-0.29309084251372,1.19303938601232,0.0903628475621785,0.0461506314460559,-8.81221514587662
0.315989484939448,-0.222707972439623,-0.139889131052247,-1.52135804121967,-0.153523187769533,-0.0569980277110262,46.4928104119398,-0.344750528717213,1.28993235673161,0.0909137487345766,0.0482502976969808,-8.83066683370982
0.315928840506726,-0.223434652011743,-0.139654209046478,-1.52159351917095,-0.154088773458106,-0.0566176103847846,46.823302835308,-0.310016776593784,1.15100356333193,0.0905204031857378,0.0468155656034538,-8.84604445717718
0.31569000714821,-0.224146327199013,-0.139496401185648,-1.52176071616657,-0.154884771962091,-0.0563658552207658,46.1416782980904,0.151223790866879,1.21444612628369,0.0905604068325956,0.051489111081591,-8.89389054819764
0.315340474242192,-0.224786729479446,-0.139423665486149,-1.52189804372443,-0.155859560114346,-0.0562359835330939,47.3175024289163,-0.189833820913691,1.19273845320669,0.0912001220447434,0.0496401308763874,-8.89385030731484
0.314965773993967,-0.225305670757152,-0.139430346792564,-1.52204866718651,-0.156936865040145,-0.0562039757452753,46.562097524449,-0.0774866649851447,1.17456902661979,0.0909689936339801,0.0505488580907892,-8.94167076776712
0.314660117372943,-0.225652074769928,-0.13950833731592,-1.52226357960633,-0.158027758784851,-0.0562319281252208,47.0941174367944,-0.528722199205504,1.20031557287064,0.0925775460919334,0.0482528922601139,-8.96508670092287
0.314496373605408,-0.22580487727922,-0.139643150841149,-1.52256898497062,-0.159062817945634,-0.0562913575237989,47.6146824317864,-0.0563375508565969,1.25628652104032,0.0952082498994131,0.0507557131525433,-8.98763345620107
0.314532961300742,-0.225736297669825,-0.139829693818753,-1.52299466463597,-0.159984894975434,-0.0563581735848773,47.2287433959469,-0.455884357798368,1.18797915078616,0.0956433361151046,0.0490548159359616,-9.03991015741943
0.314812505650904,-0.225435052138308,-0.140060177004763,-1.52356423982882,-0.160743276227206,-0.0564020442022979,48.0611554480573,-0.65603558555199,1.10624444262618,0.0961756787828709,0.0500485691989643,-9.03952105574831
0.315337573151153,-0.224894234923744,-0.140340883478226,-1.52428960481496,-0.161325813746972,-0.0564125850054573,47.399700198898,-0.412568412114524,1.20996040800597,0.0956310432894019,0.0472572965804041,-9.09156953788391
0.316085552339223,-0.224134658506284,-0.140672825561838,-1.52516226827751,-0.161742513990516,-0.0563878396998537,47.9108287236998,-0.543055891639597,1.39122067780568,0.0947166621800255,0.0504239963130283,-9.11050884208788
0.317008835248567,-0.223193347106363,-0.141058466101898,-1.52615544213582,-0.162028283797753,-0.0563411348802947,48.3598934734546,-0.548522199020226,1.27486971591057,0.096523556950431,0.05206660312812,-9.13313495939316
0.318046373717462,-0.222115171973031,-0.141500108263919,-1.52723666224837,-0.162230826705626,-0.0562910566913991,47.805446766571,-0.468229059443729,1.17466164213531,0.0972986459327503,0.0525908011155219,-9.17693627312946
0.319130266260385,-0.220953768566444,-0.141996793247685,-1.52836910703006,-0.162401326762223,-0.0562550699290787,48.6649541085911,-1.12749451054515,1.26679527410056,0.0978504303188412,0.0521384966320972,-9.17910140751657
0.320202001992222,-0.219774636850293,-0.142535594653561,-1.52950579985537,-0.162586553379737,-0.0562539993778713,48.145450470217,-0.854460054472156,1.33160392644947,0.0969350830058224,0.0517980038912788,-9.22641059069409
0.321221561293039,-0.218648987902021,-0.143090206976827,-1.53060110987672,-0.162815914928179,-0.0562993430623091,48.8110630033926,0.31161539153004,1.22045270413855,0.0953957922427469,0.0534499631925642,-9.25204491575345
0.322162326854257,-0.217640160800116,-0.143634799109233,-1.53161664231766,-0.163105805555307,-0.0563939875800037,49.0964484936047,0.129267690408142,1.19626775398694,0.098150100370713,0.0557268644548192,-9.27716118330843
0.323019380349823,-0.216818280343896,-0.144127056099181,-1.53251296306118,-0.16345315323215,-0.0565331636904124,48.6767543378529,-0.602459535117305,1.53264382328203,0.0996853479139586,0.055291077234579,-9.3261575065955
0.323806354153881,-0.216240783562673,-0.144524530098954,-1.53326228012166,-0.163834610411093,-0.0566983552123386,49.6114041542236,-0.157138518849024,1.29500984957016,0.101009588202035,0.054136060541112,-9.33965575830498
0.324543284170942,-0.215947281463404,-0.144791998342059,-1.53385125179123,-0.164217667924894,-0.0568626981055819,49.1199363390652,-0.305997723495238,1.08834408139074,0.10286172672055,0.0551950182957628,-9.39920311530852
0.325266465379176,-0.215959905122501,-0.144897200313934,-1.53427959019823,-0.164555845550797,-0.0569925354320657,49.6480636189701,-0.949624199032769,1.35944774514783,0.10020020060965,0.0545228371199757,-9.42405152129293
0.326007246612485,-0.216283381378621,-0.144818980423449,-1.53455907460467,-0.164800024338057,-0.0570476124487435,50.1113649924447,-0.897150780487209,1.17396087134071,0.0997678446149814,0.0552778016106599,-9.44780966406889
0.326790850873534,-0.216881087420586,-0.144564527154217,-1.53472424055025,-0.164910743686152,-0.0569935503646989,49.4792306178247,-0.478021356763747,1.26443006146397,0.100062390827709,0.0544050677059247,-9.49901868971
0.327620393199977,-0.217706228608506,-0.144154847282335,-1.53480968919084,-0.164870074824885,-0.0568079327493974,50.4249047150212,-0.163924691785269,1.20653447064021,0.102813408277945,0.0556353698951418,-9.49775973176131
0.328491832328708,-0.218688064055075,-0.143628513886136,-1.53486358921778,-0.164667735489788,-0.0564720673896635,49.9400405723737,-0.103590309052606,1.24164905916177,0.10135811886291,0.0571907264528022,-9.5496826939908
0.329392798932318,-0.219740158029675,-0.143036427823249,-1.53493745005127,-0.164310161866762,-0.0559828569824004,50.5699690561094,0.0532122386393894,1.33906045198083,0.0982365574360355,0.0570528760548639,-9.57401996329194
0.33029684008618,-0.220776328027714,-0.14243620007524,-1.53507500889527,-0.163823764375767,-0.0553523416128682,50.7202167191498,-0.149559903487216,1.31876288190344,0.0991132987610204,0.0597768533328684,-9.59008719275024
0.331172526044356,-0.221715303481536,-0.141885682483382,-1.53531296577132,-0.16324719151904,-0.0546042294554623,50.2012447137537,-0.665125955798658,1.36340277791257,0.0981226987998385,0.0573569748274266,-9.6351165766102
0.332004917919175,-0.222485795963644,-0.14142868946444,-1.53567999320494,-0.162614410374668,-0.0537682699957039,51.2585798165854,-0.453248750131479,1.27106269106022,0.0984786449633899,0.056189554002434,-9.63241148307652
0.332772778005088,-0.223048216333895,-0.141095980527906,-1.53618147783019,-0.16196969389263,-0.0528820366024546,50.6339453868996,-0.704033707546841,1.1909843008616,0.102202745095934,0.0573724714404357,-9.6839325415823
0.333475102494152,-0.22337606123496,-0.140901487184845,-1.53681583560143,-0.161347093194891,-0.0519840392895509,51.2176709906143,-1.10967056046934,1.22453433684953,0.103621618933079,0.062459828005426,-9.7105412112769
0.334114114986871,-0.22348487831826,-0.140834373569421,-1.53755495881701,-0.160778851523619,-0.051112933196247,51.4743398411609,-1.19820199317883,1.22282551609212,0.09980254618285,0.0598207613058934,-9.73581719407063
0.33471299692171,-0.223407785422639,-0.140865120213593,-1.53836701456525,-0.160275979284957,-0.0502947943860836,51.0570968423415,-0.272043539988545,1.30694959586594,0.100612839112975,0.060207744159103,-9.78192204119346
0.335288819367767,-0.223199722441223,-0.140956506615621,-1.53920880377065,-0.159849026396356,-0.0495496764787339,52.0451778889365,-0.48944909507145,1.36048493298819,0.10372496084234,0.0610265569746893,-9.78934913540795
0.335868064839538,-0.222932798857774,-0.141055721318699,-1.54003384852923,-0.15949136973077,-0.0488827969062214,51.4953644053084,-0.364140669298195,1.39505384646796,0.106918997728609,0.0567141175832491,-9.84227013896099
0.336469372296689,-0.222693286222887,-0.141105387261851,-1.5407873481375,-0.1591977352739,-0.0482966371158855,51.9121152137337,-0.453889575568382,1.34157240775357,0.106367815538751,0.0580610486699771,-9.86295202953929
0.337103001609428,-0.222555003158883,-0.141059650905425,-1.54142963670574,-0.158956882881129,-0.047779552462135,52.1305274446669,-0.488778747315337,1.24041433022356,0.107393457633376,0.0630219287511178,-9.88133276729728
0.337773003634439,-0.222586533528288,-0.140877854864338,-1.54192561264773,-0.158755781763503,-0.0473151069107538,51.8176150163551,-0.373006392429943,1.3133679132288,0.107390368784636,0.0603980931692222,-9.92661983158019
0.33847772099442,-0.222824843648923,-0.140539259477139,-1.54226729493164,-0.158573733648812,-0.0468739687945769,52.856347372856,-0.228704269919035,1.51011890026098,0.106549761658303,0.0585474865110865,-9.93378832523735
0.339205267208398,-0.223291353713329,-0.140037117557587,-1.54245345694283,-0.158397841045783,-0.0464300758201673,52.1541877200568,-0.363345454044975,1.38011960241721,0.107323808247852,0.0617440639738226,-9.98369985895794
0.339933706579883,-0.224001628600564,-0.139371774790345,-1.54248048642468,-0.158226345624863,-0.0459673389639368,52.6889896437843,-0.959932693126802,1.30444989852779,0.104679917878732,0.0622914072233549,-10.0032539183502
0.34063500246301,-0.224944745519565,-0.1385626744312,-1.54236309348133,-0.158061684408532,-0.0454698383940739,53.020937908683,-0.637472278188397,1.25559076801147,0.102731462891678,0.0631600005746771,-10.0276129030112
0.341289902133164,-0.226084877466813,-0.137639600671698,-1.54212826648358,-0.157905016518124,-0.0449275720288901,52.515562961861,-0.737847707156106,1.33869224370744,0.105773176365473,0.0624813945515519,-10.0859921744071
0.341876343833336,-0.22739165483652,-0.136632042312095,-1.5417932158842,-0.157769503052819,-0.0443435425178301,53.7511815646781,-0.563437816601436,1.32274596370746,0.106624112228936,0.0648468402617016,-10.0955093222019
0.342391902004612,-0.228810309501021,-0.135575200066351,-1.54138991104189,-0.15765803099746,-0.0437243526265181,53.146478368201,-1.18493680133452,1.36249493196772,0.106851985299163,0.0640693140261179,-10.1501802806467
0.342828559440151,-0.230298243932716,-0.134500805965731,-1.54093780461295,-0.157584786055233,-0.0430855581125639,53.4659023697669,-0.627132722913757,1.37104775805562,0.107697872468615,0.0624785349080427,-10.1738386289628
0.343195560463443,-0.231806211889574,-0.13343650142553,-1.54046154089172,-0.157557652917096,-0.0424467358436074,53.9309585845398,-0.968787524775507,1.3933430409794,0.104425073333422,0.0621022009274015,-10.1938777633833
0.343503245589092,-0.233279035027095,-0.132415616191728,-1.53998944107649,-0.157585713360192,-0.0418298225549087,53.4097303206506,-1.02320170942335,1.37264055918413,0.105544427073751,0.0615846411066128,-10.2491901144175
0.343768672164597,-0.23467502586884,-0.131459583031679,-1.53954070603595,-0.157675957623415,-0.0412588605220146,54.4811054130467,-0.751130977645516,1.3499171369312,0.108901428268317,0.0635211078480895,-10.2495542837162
0.344002875329113,-0.235948967452982,-0.130594214026736,-1.53913916611897,-0.15783918547058,-0.0407574270444761,53.9555756452556,-0.828410560649445,1.37286076893454,0.109293323574702,0.0653194293254721,-10.2999495297503
0.344215445143251,-0.237062981643415,-0.129842476777536,-1.53880556629305,-0.158083019821483,-0.0403450238808474,54.443780976868,-1.28488207074361,1.35260403394045,0.104580275906886,0.0668538137696542,-10.3190554962218
0.344416534403217,-0.237985853008434,-0.129224020932826,-1.53855998955955,-0.158408676646452,-0.0400321886691678,54.7235833902423,-0.205003034686115,1.44098298126409,0.107354914528771,0.0673393206635423,-10.34215690169
0.344609267107971,-0.238698045131753,-0.128753585979198,-1.5384187906964,-0.158817663638602,-0.0398246485056972,54.2530892726801,-0.207757245689663,1.40303035114994,0.109321139377795,0.0645016584697782,-10.3916560906369
0.34479236446124,-0.239181341314175,-0.128447784675557,-1.53839923734484,-0.159307806499515,-0.0397198557281376,55.2965644406178,-0.755968159075564,1.39595788477234,0.108467655830767,0.0683861201462876,-10.4034515784557
0.344958587131548,-0.239419669874173,-0.128325395114631,-1.53851287149686,-0.159882018028001,-0.0397196026063865,54.7214040055921,-1.07251558245912,1.35629894347841,0.110475274211652,0.0699744148571325,-10.4531638667629
0.345103697727218,-0.239411299545942,-0.128393650655025,-1.53876784692029,-0.160532047690332,-0.0398118746700204,55.2640327971566,-0.489674195756379,1.54490172668972,0.10934206064007,0.0674793568381108,-10.4818091504691
0.345229308324946,-0.239173423380106,-0.128647977252638,-1.53915951744906,-0.161242214513313,-0.0399792100644287,55.7549853249554,-0.761001564373146,1.51438661759144,0.110796331957985,0.0681199296611754,-10.5127711703044
0.345327398950395,-0.238727447346583,-0.129085225573906,-1.53967572824641,-0.162007545473329,-0.0402107246346651,55.1563543794223,-0.35608373089849,1.49806031110927,0.115856596007493,0.0671192448416313,-10.5675207136965
0.345411718190535,-0.238107121196229,-0.129683875850931,-1.54030288667787,-0.162801003175759,-0.04048083184479,56.087559677598,0.450049018641721,1.46312402689298,0.112994342666554,0.0658569932357265,-10.5709486036916
0.345502897280048,-0.237335395112256,-0.13042452996029,-1.54103417396022,-0.163589851423153,-0.0407625807464141,55.6202399942762,-0.0471536483394175,1.36457861804706,0.110127058325861,0.066948666704247,-10.6227287985316
0.345608400040253,-0.23645480932997,-0.131281550330302,-1.54184656421365,-0.164355802655743,-0.0410356364869695,55.9967762735384,-0.521085573703431,1.21177557550229,0.110510232248233,0.0677966633642645,-10.6487928181371
0.345750558782045,-0.235509474193787,-0.132218952662016,-1.54272018811995,-0.165065206387521,-0.0412706513874431,56.508002379943,-0.592574852035568,1.44556878293955,0.111806613358629,0.0694812449144794,-10.6698365036227
0.345950038702515,-0.234525826221073,-0.133209468310055,-1.54364665193231,-0.165688250246582,-0.0414415126922144,55.9058981441582,-1.00537133102898,1.46316220622271,0.111078329141095,0.0685102816848584,-10.7169599023101
0.346219356589767,-0.233546209584799,-0.134217265786409,-1.54460510421761,-0.166205901490431,-0.0415294843728073,56.8024243839854,0.037197750414407,1.34588679456198,0.109281922301753,0.0718760519176491,-10.7134208755629
0.346565020314529,-0.232592221254251,-0.135218929490656,-1.54558821284219,-0.166604439684302,-0.0415191011243807,56.2014419030678,0.216433889826021,1.4892152817815,0.111263160469242,0.0729798918431773,-10.7609066217647
0.346990630801073,-0.231689452948276,-0.136187042811999,-1.54658831881546,-0.166869840786544,-0.0413934258394064,56.9840467432615,-0.47297869597719,1.45494672077621,0.111433477557536,0.0725836692664326,-10.7909093386585
0.34749426785664,-0.230847858245339,-0.137106101719652,-1.54760499895122,-0.166996441881692,-0.0411414235900686,57.3676519058405,0.0179045794870945,1.44911368751718,0.109694698346066,0.0728471037677138,-10.8205754051478
0.348067645643235,-0.230093382232662,-0.13795240228694,-1.54862280750412,-0.166989284916554,-0.0407642346376167,56.8131369573003,-0.827584572541355,1.40435992111054,0.113731830187433,0.0718784622087538,-10.8675099157868
0.348689059157286,-0.229441668797724,-0.138713539076816,-1.54962833949678,-0.16686668190107,-0.0402724670163293,57.778590854582,-0.521089390001407,1.44399209079631,0.116115361247465,0.0740910964416133,-10.8775571871322
0.349331870998033,-0.228906921688874,-0.13938135811069,-1.55060641180511,-0.166654759454452,-0.0396823760937731,57.3395352856804,-0.475516312663331,1.60593175445729,0.116959622083771,0.0731946177504941,-10.9373332121868
0.34997483992963,-0.228505548185706,-0.139946595291574,-1.55153675167095,-0.166377385459147,-0.0390140735183887,57.8988646569929,-0.524191443432301,1.50994220966237,0.121289423668398,0.0728143717307386,-10.9601843652321
0.350599606115268,-0.22825739413268,-0.140396663789456,-1.55239478329902,-0.166059710534953,-0.0382920014684994,58.1697802831736,-0.816792723425124,1.52668335066383,0.119305181863914,0.0736050004213045,-10.9807014550961
0.3511998941842,-0.228160508372147,-0.140730431370972,-1.55316913258128,-0.165719588490664,-0.037539498387382,57.4860880056518,-0.227557571356328,1.53236873256455,0.118156524211677,0.0684837101608902,-11.0312190686343
0.351770620093765,-0.228222912147496,-0.140941489057478,-1.5538395009168,-0.16537689582294,-0.036783212146319,58.7574499852623,-0.181655015022898,1.59498576468954,0.116275656086228,0.0752048052486052,-11.0244540187538
0.352310365699508,-0.228441320457537,-0.141031710613431,-1.55439622308662,-0.16504517098968,-0.0360418551299702,57.9077909498435,-0.617333653605783,1.58994497627248,0.116818587737817,0.0736788924389194,-11.0673990328877
0.352833524505903,-0.22879524507424,-0.141008494438915,-1.5548422727677,-0.164725711703201,-0.0353285257693606,58.426506215478,-0.350582483489234,1.50782107308913,0.117508665506914,0.0754250491827849,-11.0890817947162
0.353360627623736,-0.229257483391333,-0.140882291323451,-1.55518740342763,-0.164414033061674,-0.034650007118762,58.8261840212962,-0.580887553394859,1.56910053466262,0.119491239339995,0.0767795193813263,-11.1134315133989
0.353909281112595,-0.229783991057894,-0.140676688719234,-1.55545483358347,-0.164105589110461,-0.0340081804615066,58.3283782823328,-0.250326223790807,1.60876790567804,0.117178234629275,0.0765538651681318,-11.1629823340131
0.354507506966164,-0.23032934459794,-0.140410885120503,-1.5556750533674,-0.163781288385615,-0.0333921925436276,59.4940768288123,-0.165645919593544,1.34862672554183,0.116378134556788,0.0778640722873484,-11.1834856902225
0.35518080110717,-0.230840571519298,-0.1401108758096,-1.55588755942752,-0.163420195861214,-0.0327845841423765,58.8706084655096,-0.922382131593849,1.61872480938089,0.119136334663662,0.0761109694349004,-11.2386062090121
0.355941404184716,-0.231265434207839,-0.139807462725272,-1.55612943946245,-0.163014341818821,-0.0321734179662321,59.3803397469738,-0.624799798398044,1.55639239806115,0.120734125299498,0.0726153333483621,-11.2538529005568
0.356798359212581,-0.231556339603735,-0.139528628077647,-1.55643887573369,-0.16255286743474,-0.0315407427705117,59.6709858253625,-0.585035682611988,1.56647136322331,0.12773570212628,0.073067483388733,-11.2773412138597
0.357757841316223,-0.231678008130817,-0.139294233382801,-1.55684716774806,-0.162027772725164,-0.0308706165727922,59.2254944725141,0.501682546853999,1.50189578528571,0.123091184075012,0.0758194387766844,-11.3280157529296
0.358809374040577,-0.231609815001868,-0.13912257760336,-1.55737536214957,-0.161442896689997,-0.0301524398760976,60.3006698215627,-0.280412515644684,1.43989665254446,0.122479884733449,0.0787704773227277,-11.3227480512751
0.359937833859706,-0.231344749283377,-0.139023845948921,-1.55803401981943,-0.160806918847985,-0.0293803150537413,59.5455170914545,0.158216513899106,1.54331327838224,0.122409661529232,0.0778280627528891,-11.3661970425625
0.361122528833893,-0.230901117921372,-0.138993233266473,-1.55881394187542,-0.160138274910345,-0.0285607225987411,60.0096603604529,0.109535545753261,1.51879159428174,0.119043582885658,0.0765752945553281,-11.3859652777775
0.362325618613152,-0.230313844993834,-0.139022164681984,-1.55969171993375,-0.159470695475718,-0.0277105867339216,60.2496374656039,-0.690571515698366,1.53271868942664,0.121396185759732,0.0758595191566249,-11.408907570696
0.363511738332013,-0.229626999000647,-0.139096220182163,-1.56063620724806,-0.158837409126681,-0.0268516767426459,59.9662579306399,-0.448317451743151,1.58895486003956,0.119272139471567,0.0778708810012665,-11.4561549295998
0.364650932360847,-0.228871345011348,-0.139206255463693,-1.56162451614396,-0.15826858874649,-0.0260081931473582,60.9023830313202,-0.213463717559534,1.50327480241583,0.121582043449036,0.0788593881022496,-11.4710736553507
0.365705774890852,-0.228087218344403,-0.13934144157458,-1.56262416877793,-0.157799683630467,-0.0252080810933479,60.3798892128987,-0.378381401828392,1.66329106913761,0.126691453239752,0.0812364666942754,-11.5256415004211
0.366651373192002,-0.227309515017913,-0.13949035490641,-1.56360588024926,-0.157459593177827,-0.0244813645832993,60.9304074555764,-0.136030267100296,1.61977130968609,0.126033807225623,0.0787964454852755,-11.5556288755258
0.367459357242853,-0.226574054312052,-0.139645500889755,-1.56453662164424,-0.157281756518594,-0.023860134329418,61.3813753796715,0.0123693135044505,1.65473623317371,0.125423782767461,0.0785786722810007,-11.5949072930984
0.368121245160733,-0.225879477968191,-0.139813661288314,-1.56541372513903,-0.15727511584003,-0.0233599859856523,60.9259118004343,-0.101844596524643,1.64148376537176,0.126943812545191,0.0805942582284331,-11.6410421484856
0.368630759160521,-0.225229216681292,-0.140001797794971,-1.56622653924976,-0.15745271023002,-0.023000927978628,61.9404414877712,-0.630500272485506,1.5518874117673,0.126795334420023,0.079608262933183,-11.642085248902
0.369001827266506,-0.224605288122712,-0.140221282183785,-1.56698653679045,-0.157801048673032,-0.0227829415648058,61.0892439979365,-0.509898685737653,1.58497979206587,0.127214830968606,0.083283682708772,-11.6916344390453
0.369249109320207,-0.223992579882029,-0.140482224302328,-1.56770294916975,-0.158304002880975,-0.0226999427468665,61.8035714712935,0.249837329565025,1.52115329396827,0.124469244021144,0.0838405461979356,-11.7055304186862
0.369400061622945,-0.223369440210929,-0.140793746586836,-1.56839336198327,-0.158930064229446,-0.0227346292634776,61.9650829177256,-0.619964757918979,1.57119028655708,0.121497298046025,0.0865348415974889,-11.7200632039036
0.369489776987059,-0.222713121826163,-0.141162510736762,-1.56908415787315,-0.159633473774152,-0.022852698111984,61.4888710104341,-0.104245776085691,1.52204615219264,0.119583908896737,0.0830605505657947,-11.769107242466
0.369550822990688,-0.222017132997451,-0.141585638707821,-1.5697900663619,-0.16036953652622,-0.0230186076359665,62.5632626847054,-0.403795387151149,1.59135893287257,0.122788722372807,0.0831753691521042,-11.7814389079228
0.369615872854551,-0.221280364779323,-0.142054275180034,-1.57052541894409,-0.16109005650172,-0.0231923821127483,62.0245336639776,-0.218523605718929,1.6257476410625,0.125358507874272,0.084448372825207,-11.8304550949891
0.369710456777782,-0.220513195620706,-0.14255420256174,-1.57129794311097,-0.161751163349199,-0.0233327877935204,62.507287316233,-0.629626096705579,1.55177735858018,0.12694707396153,0.0876542594274317,-11.8650210299001
0.369854754520126,-0.219742622783432,-0.143062937872728,-1.57210512026752,-0.162311974271876,-0.0233980463971672,63.0100720020875,-0.529932911058722,1.69907985167197,0.130604569570904,0.0863427480294867,-11.895704347077
0.370052702080152,-0.21899242252846,-0.143564471940157,-1.57294220910588,-0.162752004628392,-0.0233608345956158,62.438413532245,-0.508787796615252,1.66890768719878,0.133549854372745,0.0831155843414326,-11.9455111526793
0.370307995788578,-0.218303285860923,-0.144033029472416,-1.57379474329336,-0.163048742064899,-0.0231913766647322,63.5939840445199,-0.98771124271434,1.58357465281179,0.132950146588509,0.0852763287911487,-11.9530779448318
0.370622769970613,-0.21769894616115,-0.144453029025637,-1.57465259090618,-0.163193335321381,-0.0228769322615889,62.8739995934268,-0.513951807305375,1.54033253367743,0.131387257963808,0.0860181089343718,-12.0073732555853
0.370973808912741,-0.217201983365221,-0.144818537513327,-1.57549550954839,-0.16320974178687,-0.0224302292304791,63.4153924496079,-0.588126152954374,1.68406300438912,0.128458203370105,0.0839386160417793,-12.0168486230502
0.371353286734874,-0.216817848916174,-0.145127412670192,-1.57631784938093,-0.163110042326321,-0.0218598100181777,63.6704172265185,-0.555390433749835,1.69966608773328,0.129563502510169,0.0882572788166286,-12.0366087534431
0.371739346219081,-0.216536516620558,-0.145394225170796,-1.57711276027648,-0.162932074410565,-0.0211985879487466,63.1467984859916,0.0522365402628111,1.70051870487879,0.128523918238599,0.0859852798272071,-12.0851902853582
0.372111962250072,-0.216339937586414,-0.145636522247121,-1.57787499726257,-0.16271863200672,-0.0204873436853055,64.2428721183443,0.111422852965006,1.65054337446506,0.127830753572303,0.0878714931194533,-12.0928449785936
0.372468869143956,-0.216184744475598,-0.145877809740643,-1.57861965912234,-0.162499086925818,-0.0197623045975045,63.6243025271641,-0.216155633332392,1.66353934122435,0.132741344473836,0.0897287370311025,-12.1435338264461
0.372800988661482,-0.216021171677466,-0.14614905039036,-1.579361772531,-0.162311681457967,-0.0190667902903918,64.2819702688711,0.0520087244542538,1.6474767334654,0.1300264904026,0.0909729349441452,-12.1697371442324
0.373113019526067,-0.215796869604094,-0.14647503735553,-1.58012266118826,-0.16217852115999,-0.0184344168609349,64.6320107801318,0.144273261625131,1.65554261424475,0.131188076435993,0.0888548208736302,-12.2032414662354
0.373418518464971,-0.215461214719435,-0.146874182122766,-1.58092987717549,-0.162106587438812,-0.0178842571018599,64.0499182543484,-0.11767325095866,1.64022465226299,0.133335016878135,0.0864056633122964,-12.2630400646409
0.373739473406306,-0.214974142034678,-0.147354348026369,-1.58180741554987,-0.162091913021246,-0.0174270548034634,65.312340194638,-0.0158576296798856,1.66735908134865,0.134384608415981,0.0897617475547886,-12.2789422409294
0.374094602613241,-0.214309273407141,-0.14791517543731,-1.58277771529151,-0.162121842068314,-0.017058240016937,64.8132235553178,-0.89686468472496,1.69033624965468,0.13525846956276,0.0889459109640775,-12.3338669764435
0.374506202632214,-0.213467014136277,-0.148538605356231,-1.58385143296757,-0.162169714041151,-0.0167568374802212,65.2819521864021,-0.721536782649764,1.55696851322341,0.137923229806593,0.0867743916897821,-12.3605242300861
0.375009415987147,-0.212465114662344,-0.149192187182806,-1.58503786062484,-0.162185869299751,-0.0164793876477,65.5564129973258,-0.445159782712381,1.7415077990747,0.136431674085426,0.0899832534887898,-12.3788108156643
0.375626775369624,-0.21135858499385,-0.149827866839737,-1.58631833393027,-0.162129459455949,-0.0161842073183999,64.9655463031663,-0.460869130792389,1.63012294115535,0.131307122660194,0.0869007510816999,-12.4309027236463
0.376374420217814,-0.210219528780279,-0.150391983424659,-1.58766281580984,-0.161960754185239,-0.0158256601284587,66.1918242557784,-0.560338565655229,1.5757326372696,0.132669883272232,0.0913786344603569,-12.4325655339954
0.377265218887973,-0.209122826417101,-0.150832089583259,-1.58903518714755,-0.161647427543096,-0.0153645953792208,65.6613489188356,-1.02165414994943,1.6893334660769,0.133131726966112,0.0930163212437832,-12.4806658979738
0.378295880294914,-0.208154081475586,-0.151099439420891,-1.59038617032621,-0.161171449291518,-0.0147698676964125,65.9433775479877,-0.730434373132539,1.64544252114709,0.130964763603943,0.0926537542768504,-12.5010009292649
0.379455817347438,-0.20740099748889,-0.151149244408502,-1.59165408110403,-0.160535242119643,-0.0140314439447836,66.297750763739,-0.392429531603057,1.72143901068205,0.133969073462076,0.090887528707242,-12.5188643660824
0.380718241962994,-0.206932727248599,-0.150955802092759,-1.59278000215036,-0.159763415628781,-0.0131591063589972,65.8012385911827,-0.697845532374686,1.72959294722583,0.137100168682907,0.0895156936343146,-12.5750982039615
0.382054339190412,-0.206802384129725,-0.150504952737819,-1.59370797998191,-0.158893616329556,-0.0121797683989916,67.0232933174269,-0.650380261918144,1.67188865908955,0.137744920239116,0.0943955532751325,-12.5937969524935
0.383419055600391,-0.207040216360043,-0.149803391234227,-1.59438780557816,-0.157987208103887,-0.0111422998442554,66.3560803692827,-0.203991471102427,1.68229151182234,0.141440068625851,0.0928771394616388,-12.6490660776411
0.38476023854596,-0.207639004024753,-0.148884161003917,-1.5947894559663,-0.157118443000988,-0.0101090596099245,66.8189241990464,0.277427692052242,1.65813656751394,0.141191042845759,0.092845384808562,-12.6669349213974
0.386036080305062,-0.208576912826464,-0.147783511245898,-1.59489655134291,-0.156354496110797,-0.00914214240885614,67.2054926706422,-0.223731887972235,1.73081671894931,0.143927585896056,0.0911311801842576,-12.6982094376782
0.387208420179561,-0.209786353354803,-0.146562490475989,-1.59472592660377,-0.155759010070586,-0.00830263344808436,66.7222069143763,-0.014958785318413,1.84778412080087,0.140272975441968,0.0908119196147533,-12.7488032910859
0.388238505178348,-0.211189053799647,-0.145286187881802,-1.59430778119565,-0.155389941540792,-0.00764634949749464,67.7361945821565,-0.243338293104443,1.71269137428453,0.138989882321183,0.0927123392012998,-12.7480833394631
0.389109461237023,-0.212692033361281,-0.144018992816715,-1.59370177363867,-0.155268175960264,-0.00719532435453847,66.8887250606808,-0.21522614915375,1.81398112268096,0.14172982213492,0.0921541647729699,-12.7865536005239
0.389825023872719,-0.214190382406463,-0.142822483278174,-1.59298413881291,-0.155392317520648,-0.00695632771012546,67.5543526694232,-0.330846070836287,1.71719078053704,0.139255953896415,0.0943765201946089,-12.8095156942048
0.390403770209032,-0.215595607396885,-0.141742321806543,-1.59223740276482,-0.155729714412962,-0.00690504006326068,68.0842372639119,0.278685132208466,1.64024859929611,0.140077567558824,0.0954574287043571,-12.83515000278
0.390889529279216,-0.216819098435295,-0.140811763740635,-1.59155683204165,-0.156214439972825,-0.00699117426232086,67.6691216250556,0.842688950680667,1.59077322072199,0.140417300912524,0.0974780171118864,-12.8924436574277
0.391328129720085,-0.217801368796292,-0.140047613576067,-1.59102697605776,-0.156767938172991,-0.00714600637690843,68.6815720407387,-0.176810047074468,1.6909475402199,0.138063067017416,0.097070912182325,-12.9061811300238
0.391782118383611,-0.218500041229105,-0.139450727416571,-1.59072116585269,-0.15729602150681,-0.0072919698541394,68.024344515506,-0.836687649393525,1.87731189452873,0.140506416729275,0.0970958698261887,-12.9571697643799
0.392314311224885,-0.21890411320862,-0.139003845487882,-1.59068914502784,-0.157705740297776,-0.00735279920177746,68.5334166798829,-0.549990281434475,1.84187528715188,0.140244533731214,0.0964948110864067,-12.9797639983024
0.392973072532048,-0.219044942458727,-0.138671592391665,-1.59094504623166,-0.157921858069928,-0.00726285906335394,68.9380959611374,-0.733101771243582,1.81240385244482,0.145667835889076,0.0967083374680328,-13.0044119980022
0.393799892067309,-0.218976989286624,-0.138409303648188,-1.59147482257532,-0.157886064055306,-0.00697528267174965,68.3127825838093,-1.06705419786749,1.77146716491077,0.143671762180376,0.0962781827641337,-13.0580693630076
0.394816323174091,-0.218761160783314,-0.138177939083866,-1.59224416277,-0.15757275252148,-0.00647087144190036,69.3702592722407,-0.144517092745673,1.66705155353574,0.144479269669674,0.0976648837057165,-13.0596417206784
0.396017009106499,-0.218476324960985,-0.137938855139066,-1.59318816666082,-0.156992402299258,-0.00576000512216217,68.7098640901278,-0.285996208199549,1.7909269748078,0.141629922432858,0.0970700651146423,-13.1061483819864
0.39737693590366,-0.21820366619954,-0.137660810176223,-1.59422863436574,-0.15618518997208,-0.00487860146963061,69.3737706690044,-0.681414885582853,1.83223123430983,0.142652242295394,0.0965671213159155,-13.1220616962421
0.398844781407914,-0.218023305537009,-0.137323942467479,-1.59527527696811,-0.155225526923454,-0.00388678043418583,69.6901930789748,-0.773178028834309,1.88171656169226,0.142260710375687,0.097949762739675,-13.1446580718594
0.400350840196756,-0.217997536883174,-0.136924194730961,-1.59624361829593,-0.154206102986906,-0.00285746991302899,69.1674954803355,-0.367127460124948,1.76842742392142,0.144236372247358,0.0989147044067582,-13.1950704700819
0.401816214050012,-0.218171004800501,-0.136471373937213,-1.59705827528174,-0.153232919532523,-0.00187299221693109,70.1692665895437,-0.0473640725344922,1.68237524303322,0.143197489554884,0.0992932841157325,-13.2022557051261
0.403157942213955,-0.218556403997703,-0.135993035378214,-1.59767070756589,-0.152408804944833,-0.00100895519846245,69.4981001738681,-0.307365383326669,1.89367045762864,0.145320459014065,0.0966690631494187,-13.256780819753
0.404298493412654,-0.219149041621375,-0.135520924408308,-1.59805446716603,-0.15182323161934,-0.00032491250314831,70.1647526907296,-0.102110761979247,1.88116433901476,0.147863254150907,0.100195853824965,-13.2898777013002
0.405177616015113,-0.219916871237968,-0.13509331663151,-1.59821395852732,-0.151538808748343,0.000142006476168488,70.6142865061246,0.44788284346896,1.86346319409108,0.146555645064816,0.102493705268292,-13.3163798197924
0.405751218986188,-0.220816774170221,-0.13474636407673,-1.59817511780958,-0.151593078763472,0.0003787772919433,70.1756386848182,-0.667734482474771,1.8767225266748,0.148943156026419,0.0982339329560001,-13.3702772214292
0.40600215152504,-0.221788714698797,-0.134512641630467,-1.59799372184392,-0.151982474069278,0.00040803353866877,71.032552830012,-0.457410958614901,1.92722360594033,0.145963876661828,0.10140023762108,-13.3685584431575
0.405938814060102,-0.222779024404756,-0.134408959109976,-1.59772886102626,-0.152676921030098,0.000267328771580089,70.4629457114222,-0.34704091055778,1.97918717172701,0.150468732872515,0.0985381949361852,-13.4229604606052
0.405594347206711,-0.223736251911451,-0.134440163161263,-1.59744732234849,-0.153618781255335,1.3059693248522e-05,71.0711060533813,-0.0206317834451966,1.84131505316381,0.144559559097234,0.0965931317728349,-13.4527021886816
0.40502954556989,-0.224632511389494,-0.134587389858616,-1.59720982722885,-0.154718413681354,-0.00027588831247908,71.5947181152018,0.336278169615525,1.71553614338623,0.148200524259819,0.101943141447064,-13.4753083261774
0.404311511358564,-0.225454552457999,-0.134820707412437,-1.59706147737977,-0.155888155107683,-0.000530141360054123,70.7432022444889,-0.701893449308955,1.78176224950786,0.146707005705951,0.105341857018246,-13.5262985775414
0.403523034380361,-0.226200771730932,-0.135100728249866,-1.59703757336034,-0.157028700456782,-0.000678363680261623,71.9648328446315,-0.765324654551932,1.85975646433334,0.143653053315435,0.102944273287456,-13.5326311129753
0.402759480645153,-0.226892284127486,-0.135372545782657,-1.59715330472793,-0.158037119419293,-0.000655216740104803,71.4212482130479,0.0697982484141448,1.79162111548473,0.14603055663371,0.101387432252606,-13.586193267162
0.402087340896042,-0.227567895710112,-0.135584861688653,-1.59739302163057,-0.158853262418799,-0.000432180875062318,71.9431933949114,-0.124132432011493,1.8209200065119,0.146795082771057,0.106432255537844,-13.6158038137682
0.40157336420918,-0.228265818386222,-0.135689150707194,-1.59773778841185,-0.159419381934875,1.47268487466627e-05,72.4193249742988,-0.529803289108486,1.80784144442723,0.148499607206419,0.10660607977388,-13.6418669808333
0.401274663955221,-0.229022087270666,-0.135645154548793,-1.59815924711258,-0.159698789128017,0.000689267252770301,71.6944982341377,-0.431332714144673,1.87749819429166,0.14875505763331,0.105007124857963,-13.6952618523056
0.401214893619572,-0.229878339172793,-0.135424854769627,-1.59861138263096,-0.159693739937051,0.00156794342888081,72.769066789832,-0.361920572092231,1.85079757749432,0.147764456820652,0.10408645980545,-13.697418888761
0.401399069078866,-0.23086321077317,-0.135013893523846,-1.59905155815941,-0.159426618802325,0.00261419121363577,72.1968735403456,-0.572912754564413,1.84150651930258,0.151693106030473,0.107402043223488,-13.7478256363977
0.401818706586787,-0.231981863030342,-0.134417967601303,-1.59944949875025,-0.158934748285011,0.00378486467563341,72.8061989802457,-0.308889587257227,1.84074961362063,0.149756729625686,0.106554211262934,-13.7813742690559
0.402450935076455,-0.233227395319769,-0.133654406516218,-1.59978092291814,-0.158266492452153,0.00503232797190069,73.3141122986437,-0.253621348636898,1.83977953564454,0.149811905563537,0.108248515549714,-13.807930674726
0.403258452896029,-0.234588000252837,-0.132746206660619,-1.60002897003205,-0.157478116634394,0.00631114239990125,72.5861459620141,-0.224458108478302,1.90846228137102,0.153250985030878,0.104350743129483,-13.8572954353783
0.40420311955484,-0.236027646209384,-0.131728312582969,-1.60019399938598,-0.156626068782148,0.00757631474335958,73.6486628909026,-0.55452746113815,1.841133643951,0.154611222226739,0.104604063292683,-13.8658319759902
0.405241093873713,-0.237502127978773,-0.130641195241353,-1.60028976982557,-0.155761660202412,0.00879547863581071,73.1415698296321,-1.29512829373971,2.0132822702586,0.154572788781874,0.104833786749848,-13.9230273058932
0.406329055580913,-0.238976926530165,-0.129517025806957,-1.60032863786143,-0.154927809904687,0.0099464556520774,73.7915747662963,0.099518733888317,2.03222792901707,0.152864935391637,0.109281575940391,-13.9509718871611
0.407441903005252,-0.240407242274509,-0.12838636472031,-1.60034047491634,-0.154143980794702,0.0110249405657047,74.1942035541484,0.172095000992613,1.73972330698049,0.15788761238507,0.108498368122085,-13.974366815819
0.408557027451802,-0.24175725838994,-0.127272949492593,-1.60035180273328,-0.15342315077861,0.0120304475294653,73.5626232480244,-1.00351527422436,1.78414614751739,0.1548738512542,0.104736715862793,-14.0212290662061
0.409663624540849,-0.243010100118753,-0.126187023448328,-1.60038520116792,-0.152760101889141,0.012979842863357,74.5502963501407,-0.818860047759472,1.87313002299712,0.154867390382548,0.108952998398317,-14.0306737117885
0.410762532596598,-0.244142046344721,-0.125138905785238,-1.60046959465401,-0.152138546819484,0.0138930571829064,73.9594028924795,-0.490261916776717,1.89112584903077,0.154799510566315,0.108801888720989,-14.08143225532
0.411857912472983,-0.245135924116652,-0.124136500365636,-1.60063468095612,-0.151534343149606,0.0147973448910053,74.5402420799679,-0.176322607107977,1.90411856757868,0.154918505357564,0.110881590958084,-14.1131585454781
0.412952369997592,-0.245988509869775,-0.123184295045263,-1.60089610537676,-0.150929564753461,0.0157124764011607,75.0273233875853,-0.146419434827067,1.81990845425372,0.151931234176298,0.115204441803185,-14.1352333900334
0.414049552285292,-0.24670210998443,-0.12228575485683,-1.60126352437577,-0.150309334057501,0.0166539364873338,74.4537525105696,-0.577906566114962,1.828558823598,0.155578334515895,0.108059603653985,-14.1922590147242
0.415150828885185,-0.247286662145946,-0.121442919402003,-1.6017401849648,-0.149662642169994,0.0176332519542443,75.6666413980927,0.582036353446938,1.87901713966528,0.155655831728933,0.111175168008266,-14.2026692635473
0.4162555509558,-0.247744819864554,-0.120664429072406,-1.6023297911469,-0.14898456364896,0.0186557019990091,74.8807483810996,-0.0165198297504503,1.82617367470962,0.160865509720966,0.11119989036368,-14.253421449791
0.417342019139706,-0.248091086356292,-0.119963211691543,-1.60301810115692,-0.148297030540162,0.0197080940377633,75.3879268786093,0.00468235782750526,1.92812829616352,0.15753626937285,0.109242454047278,-14.2779424046006
0.418393959096274,-0.248348346619944,-0.11934404418219,-1.6037808347641,-0.147625501646981,0.0207686815605815,75.7528936826049,0.0319862905250829,2.01417170192974,0.156627580429625,0.112920400374541,-14.299038823752
0.419395219555335,-0.248537692166085,-0.118811910274345,-1.6045922390711,-0.14699846687763,0.0218122160234574,75.2081814287348,0.0572050133323501,1.97238695300268,0.154105620905395,0.110088150004197,-14.3576805742938
0.420314388927552,-0.248682569744415,-0.118375109714982,-1.60541958697382,-0.146460487144762,0.0228037022162397,76.510034049417,-0.669050823510361,1.90883513148353,0.155060660068312,0.112328878861568,-14.3618591489253
0.421123284474669,-0.248801648162644,-0.118042380961692,-1.60623461538318,-0.146051591693775,0.023712141643464,75.7819256217087,-0.205176849300415,1.89055724275434,0.156183216801324,0.111237383405776,-14.4147186351094
0.42180973392241,-0.248910767921553,-0.117812764680302,-1.60701032105119,-0.145801338718289,0.0245067848997553,76.2069951741374,-0.101285820956946,1.95033940095553,0.155845282743219,0.113440289629774,-14.4372498633674
0.42236702826695,-0.249021587031984,-0.117683583298966,-1.60772562111394,-0.145732210644859,0.0251628796114616,76.6829793687011,-0.00565350162401046,1.9623755712559,0.159224521998266,0.110351229677441,-14.4594085470108
0.422798793076924,-0.249142703705612,-0.117645980477584,-1.60836744243739,-0.145849651230459,0.0256673065105765,76.0823740596209,0.228433948329439,1.95999542393264,0.161487724197404,0.112450741937874,-14.5142608884323
0.423115095543889,-0.249274841909537,-0.117691859378255,-1.60893451945369,-0.146145600640688,0.0260212591714883,77.3059156309164,-0.208257931391699,1.99341238949864,0.161699223927012,0.110851658339205,-14.5158620224966
0.423343670902932,-0.249398030284395,-0.117815191978699,-1.60944335291389,-0.146594647192927,0.0262338333148971,76.5686087297042,-0.617829369381298,1.90752819967173,0.161666063330083,0.114451251407491,-14.5687203171964
0.423514347352005,-0.249478930776625,-0.118016528095803,-1.60992226690931,-0.14716584373297,0.0263197774240106,77.1317093727002,1.02289122990146,1.87738905229637,0.16062376940151,0.114151444668761,-14.5976708865904
0.423660384048,-0.249485180972399,-0.118293430551004,-1.61040447268619,-0.147818452697651,0.0263046727209543,77.5957565941735,0.184874244875346,1.83492457428605,0.16191493133834,0.116091859957678,-14.6199694010543
0.423814888112357,-0.249377597625524,-0.118647588267672,-1.61092982678695,-0.148508597461763,0.0262182797079356,77.0651216952321,-0.3823530396146,2.01318284270675,0.162980010239687,0.114622773127642,-14.6715833134363
0.424012099372533,-0.249120247492337,-0.119077380232061,-1.6115380975062,-0.149189107874689,0.0260942010231209,78.0311470862034,0.569541639169529,1.95037348353301,0.16223923785104,0.115173017204832,-14.6711244656372
0.424272574577205,-0.248683644119208,-0.119584787478755,-1.61225950347004,-0.149827019438607,0.0259589423232126,77.4262793897088,0.605239561162989,1.97696876924803,0.164115185434854,0.113618814672562,-14.7245811635768
0.424611811976112,-0.248052807281463,-0.120165493177444,-1.6131148362661,-0.150393720053722,0.0258374413317063,77.9434385745424,-0.0114383757118048,1.99541460131238,0.163799498511153,0.117893170053598,-14.7511496417729
0.425039899190016,-0.247231221543315,-0.120808257529677,-1.61410923082281,-0.150867835782966,0.0257504418513418,78.4118449466976,-0.368877231611577,1.95059321575093,0.163726049848772,0.116154426550162,-14.7744335222197
0.425547140254529,-0.246242787058167,-0.121499004273118,-1.61522826268603,-0.151249011499402,0.0257065686193295,77.9135109760901,0.40080050777533,2.11948506648613,0.164812865079579,0.116689012730782,-14.8359197851791
0.426118814228644,-0.245143031866797,-0.122208461856908,-1.6164362467066,-0.151542857623593,0.0257123978763115,79.0065389186139,0.152621110066775,2.0924485486083,0.164400221952264,0.115311166019552,-14.8445020688038
0.426731110672916,-0.244000571498399,-0.122904617283675,-1.61767952090893,-0.15177179214735,0.025758028589726,78.4212549716859,-0.159656118465136,2.01149645348801,0.164758680306876,0.118750801393683,-14.9050086378736
0.427352861413258,-0.242885113251802,-0.123559016317388,-1.61890415313103,-0.151964772784572,0.0258315677515747,79.0719673526695,-0.241766209510615,2.05213275538637,0.164421971944075,0.116774417869585,-14.9410376408544
0.427964207681884,-0.241877520985539,-0.124133197993121,-1.6200531349619,-0.152136257996893,0.0259315886410058,79.5658340639791,-0.45537906602749,2.01260875193489,0.167804835958439,0.119425579018256,-14.966361285666
0.428538120288886,-0.241064088363362,-0.124590170004006,-1.62105838876433,-0.152316193006027,0.0260416215532613,78.7167266242366,-0.57964716722563,2.14753297714958,0.167965299779233,0.115832132736515,-15.015250994664
0.429054080280604,-0.240500694803368,-0.124909892773027,-1.62187858442793,-0.15252342631623,0.0261559932036204,79.8350715232147,-0.0262721586091175,2.17376760668887,0.168454012369968,0.118297000363948,-15.0127838723057
0.429501135801421,-0.240225254589988,-0.125079108879885,-1.6224867161549,-0.152765955906928,0.026274536274913,79.1801537974633,0.278230099678012,2.0572640562759,0.169354129188033,0.117147432281195,-15.0649358204786
0.429868157222713,-0.240255727893673,-0.125096574354301,-1.62286880092079,-0.153055032831173,0.0263940077610995,79.9253050808737,-0.107068864623443,2.17190473074837,0.165872152306216,0.118158769030321,-15.0905232353825
0.4301652160246,-0.240569575145812,-0.124976654938484,-1.6230480950164,-0.153372719935272,0.0265329234974184,80.1885096802807,-0.312465087154351,2.08641971886027,0.166076040231905,0.123600025320136,-15.1091174404723
0.430396644975505,-0.241134067016812,-0.124742557746872,-1.62305124079487,-0.153710868154088,0.0267024212598259,79.7535961302471,0.0180328303895294,1.99758200394282,0.165604903386791,0.12064199991868,-15.1673024724217
0.430570696088924,-0.241890804411939,-0.124428745351289,-1.62292518843112,-0.154053697029524,0.0269189256314453,80.9385626287368,0.202350344665774,1.97224040035607,0.168082767504687,0.120132809218472,-15.1861122580838
0.430700895863139,-0.242775839627612,-0.12407045780588,-1.62272105215951,-0.154381775991,0.0272004625366323,80.2265567568779,0.266923440460687,2.03711557888067,0.171845885686068,0.120824252404617,-15.2441783245432
0.430793603697696,-0.243714577908496,-0.12370947804637,-1.62249581704131,-0.154681237994729,0.0275609322200855,80.7169827303439,0.221369607332008,2.10609337408266,0.17376995851843,0.122173221960581,-15.2659940837858
0.430848132247144,-0.244639810388616,-0.1233852683898,-1.62229834615242,-0.15494809605693,0.0280064634789272,81.1718617021883,-0.0136725640190889,2.14989414484788,0.17445629585381,0.122522228880018,-15.2876301066434
0.430864397882762,-0.245495799575978,-0.12312864656831,-1.6221662879021,-0.155181776605141,0.0285372024203022,80.5391295164155,-0.0365895848065065,2.17243927516927,0.173915296471403,0.118445018520348,-15.3472968553884
0.430837529570846,-0.246252006215837,-0.122957451295535,-1.62211717560928,-0.155390958980938,0.0291450047229201,81.4891398382662,0.11768821872397,2.06253362364552,0.171659458232357,0.124321195892331,-15.3468809271274
0.4307598903189,-0.246900026238783,-0.122874341269308,-1.62215054664631,-0.15558945793271,0.0298137486000832,80.9071671319365,0.0866563990705345,2.07161428513041,0.172415578632075,0.123530519565527,-15.4025124016627
0.43062444035946,-0.247443662782032,-0.122874990636975,-1.62225591778763,-0.155794954572968,0.0305227299940885,81.6888418704545,-0.230902099666991,2.01133236764073,0.168460862436224,0.121874823771686,-15.4255756726825
0.430434726781685,-0.247904218784339,-0.122941153868846,-1.62240708651283,-0.156023522880222,0.0312450452884482,82.0441312263806,-0.606228295662504,2.12745088079319,0.171465353413876,0.121294227171589,-15.4419014921127
0.430194974910561,-0.248312610213298,-0.123049016417215,-1.6225738660724,-0.156290973203386,0.031954496664089,81.5066222619106,-0.46885404167233,1.94610984311129,0.173457063941343,0.120818002974745,-15.4998100556164
0.429921691786234,-0.248697984792709,-0.123171175264923,-1.62272660566824,-0.1566091453643,0.032621199157241,82.5867920903506,0.0245303849817446,2.16816492907824,0.172443009569614,0.123107148481467,-15.5077693498998
0.429644528921066,-0.249081860235287,-0.123280456710841,-1.62284541872135,-0.156975992224178,0.033225194250233,81.8700292022069,0.0035601312486051,2.18952753846582,0.17486630193706,0.123630509154737,-15.5627955176517
0.429398448238431,-0.249483336697165,-0.123351141008236,-1.62291688364468,-0.157378161705102,0.0337577418756844,82.5033358319077,-0.313106094320347,2.253045000973,0.171168744489834,0.125022548887755,-15.5907437405313
0.429227735688472,-0.24990150700955,-0.12336623267357,-1.62294839722685,-0.157791801682279,0.0342203812084891,82.8407694761096,0.239503675998776,2.14177623987709,0.172589281800679,0.121781284871856,-15.6161821338593
0.429177702531482,-0.250324652838639,-0.123315949377826,-1.62295853269136,-0.158186723926431,0.0346218969612115,82.3226344697221,-0.516108129350641,2.13864423180982,0.174124758602298,0.122423614637784,-15.6652625785224
0.429300556876437,-0.250729580703249,-0.123196177669752,-1.6229830604673,-0.158516077664423,0.0349905718787717,83.2148656549751,-0.101292099710918,2.2548799397853,0.173223373155614,0.122717653158092,-15.6664683914643
0.429622777460662,-0.251092065421575,-0.123013696641693,-1.62305739149261,-0.158748116772096,0.035352659615021,82.6357670334685,0.570723727710856,2.14926267787445,0.176449752428078,0.125194032315965,-15.7225375865333
0.430173844830944,-0.251383335454494,-0.12277667794655,-1.62322835059802,-0.158838085850773,0.0357500744598329,83.4044788646977,0.190209131747451,2.23020541496373,0.175809973910048,0.126242777291951,-15.7467961413078
0.430958000261203,-0.251594400325579,-0.122491714437044,-1.62352613234489,-0.158759239840596,0.036218505798793,83.7792211404147,-0.315064315401969,2.12824368113661,0.175308330369977,0.127099740456649,-15.7686346774761
0.431953472848196,-0.251726436395824,-0.122170636497296,-1.62396849541069,-0.158503797687595,0.0367865810870625,83.0466174326925,-0.159877834820009,2.27695581155973,0.17683483876473,0.126497123200302,-15.82631540462
0.433127068183798,-0.251804504952593,-0.121815494017568,-1.62455098398782,-0.158075413602916,0.0374737469685777,84.3555749151158,0.581444411459415,2.21593886372003,0.17765571459107,0.125907627125092,-15.8424224382577
0.434432221577247,-0.251847457700885,-0.121435442801644,-1.62526956534562,-0.157487714233109,0.03829507942454,83.739799466054,0.192037531419601,2.19909732704471,0.179112182814687,0.126278259383745,-15.8939509634252
0.435803717676766,-0.25190819729769,-0.121027126016386,-1.62608965403125,-0.156774551936013,0.039251161130926,84.1100997062376,0.425322458379242,2.15202937132372,0.180556563839421,0.129935837232754,-15.9271171101254
0.437169903043584,-0.252041203472339,-0.120589692317785,-1.62695919962183,-0.155990233297415,0.0403172927223325,84.5753643968058,0.0498148619076346,2.37531128593577,0.184536000248374,0.127752233484194,-15.9511103896193
0.438467357525811,-0.252293341935137,-0.120123155309319,-1.62782335722929,-0.155194180702764,0.0414555203567145,83.95971116464,-0.726668062248109,2.37773255313371,0.180290061542185,0.124943289323709,-16.0010193777819
0.439636524340577,-0.252703477823304,-0.119629022375655,-1.62863138348604,-0.154444444082325,0.0426253530673413,85.1846696526171,-0.853156106422148,2.29712569513282,0.18224453019218,0.126637753752052,-16.0019022902685
0.440631855308696,-0.253288309635741,-0.119117655639013,-1.62934221251383,-0.153797460410896,0.0437799485555092,84.4830577884492,0.275220386427236,2.25093350293801,0.178826138994623,0.13051475025704,-16.0581210445378
0.441431614659432,-0.254035961304186,-0.11860621020175,-1.62993368308909,-0.153298762179449,0.0448699108179769,85.1403229272852,0.114517330736589,2.15458874125986,0.177835940348974,0.131706471879156,-16.0773429377818
0.442039749827962,-0.254907522899068,-0.118117591976339,-1.63040393958739,-0.152975300626179,0.0458528580249612,85.640143780184,-0.214078378329077,2.31498447540429,0.177807520183442,0.133153017052282,-16.0996737894203
0.442477375454277,-0.255850462003182,-0.117674720056535,-1.6307660250174,-0.152839705424867,0.0466932153591618,84.8495144019383,0.13582868701701,2.17133594885024,0.181201949309651,0.13206574029378,-16.1552695694527
0.442780232113117,-0.256806479650003,-0.117297908805358,-1.63104591949262,-0.152886165451124,0.0473716449971446,85.9942433256869,-0.706947072746061,2.27474304967228,0.184220959040762,0.130147344590772,-16.1576337256058
0.443011079053207,-0.25769354956658,-0.117009913851652,-1.63129761052018,-0.153076899566027,0.0478920669393847,85.3546443154237,0.536875025052723,2.28394002286433,0.184021542843627,0.129644426063291,-16.2137047252268
0.443228213928694,-0.258445129025874,-0.116827087625304,-1.63156908162362,-0.15337171727158,0.0482660408146836,86.0431852871004,0.316760808062327,2.31952108385914,0.180832863072137,0.132252263740474,-16.2351283693034
0.443496125279676,-0.259000397440419,-0.116758280278176,-1.63191252458586,-0.153718005971764,0.048517886517159,86.3246010944889,0.117360009995537,2.1823653898935,0.1837000625194,0.134359804567135,-16.2574438424995
0.44387120208592,-0.259328150597637,-0.116797970406122,-1.63236735055845,-0.15405770988336,0.0486852708308609,85.6902477935097,0.103410564937803,2.15663986529131,0.185369485858055,0.131130789387504,-16.3113074134284
0.444401987892184,-0.25942290624109,-0.116927702195849,-1.63296081216193,-0.154328268310364,0.0488163930892849,87.0420593377287,0.514655837051123,2.32056969171313,0.185439797049307,0.131673939714078,-16.3165583671254
0.44511457509471,-0.259313904149314,-0.11711748653448,-1.63369177779526,-0.154485866306968,0.0489513527815498,86.1272987914298,0.161871270118354,2.37340426280463,0.183871762797013,0.132305336257801,-16.3676283281921
0.446007856914985,-0.259053351995737,-0.117334971548575,-1.63454057612491,-0.154506023739783,0.0491246825827161,86.7746044046245,0.330784451682803,2.26281989899482,0.187300743697199,0.134850873650154,-16.3943019358032
0.447064257826432,-0.258713388361688,-0.117542859300326,-1.63546695786561,-0.154380079819508,0.0493612028834769,87.2273747712489,-0.119531343009612,2.31362965373617,0.188144144102786,0.134618598245311,-16.421719419683
0.448251235644003,-0.258372893791073,-0.117705301047861,-1.63641970388909,-0.154117016619456,0.0496723614607051,86.62107985893,-0.263282158427955,2.25316698374985,0.189551036266678,0.134279865995612,-16.4843905159933
0.449508345996047,-0.25811432173146,-0.117796953890882,-1.63733603969202,-0.153755249664382,0.0500532631537939,87.965993695395,0.323512435668363,2.21403176313771,0.190591590393501,0.133969112156251,-16.4970137517917
0.450774317121718,-0.258007998500196,-0.11779868502702,-1.63815635392211,-0.15334023247341,0.0504898860546847,87.2909695879882,-0.755831802229068,2.25621143701156,0.189115080562512,0.136384944564561,-16.5553255168942
0.451971774793452,-0.258100439901606,-0.117712180485109,-1.63882627144394,-0.152943605191578,0.0509459185223077,87.6706746021369,0.0528275650292471,2.24504312558335,0.189745173565155,0.13329319759057,-16.5751412431259
0.453041929950098,-0.258403883570033,-0.11755177806567,-1.63931878926618,-0.152621736721691,0.051391899099468,87.9647793116371,0.474587832162797,2.27540850930404,0.192269467199124,0.133745833252312,-16.5895632056348
0.453933871353608,-0.258912760545218,-0.117338922343177,-1.63961667076976,-0.152432124740294,0.0517921770505377,87.6527733354151,0.118552028271779,2.23880894536421,0.188000042129552,0.132969949203554,-16.6556830214828
0.454614853053166,-0.259592518108796,-0.117103971177802,-1.63972540058744,-0.152421603546376,0.0521125430299272,88.925021498699,0.195886093631998,2.29221886693199,0.1840254783498,0.13806427507727,-16.6580901827546
0.455082757047316,-0.260385109324759,-0.116877985193646,-1.63967884337177,-0.152603344037925,0.0523397684449393,87.9422962121481,0.189625182253849,2.30619912737242,0.187197115292331,0.138304542826407,-16.7071746796932
0.455344857195156,-0.261232544058859,-0.116688635844792,-1.63951220006406,-0.152987066082135,0.0524604322124902,88.5405232682604,-0.329937772393805,2.29384274319199,0.186812033699823,0.134430412675873,-16.7390974086563
0.455441423742276,-0.262052901608987,-0.116561892405385,-1.6392891618416,-0.153546533255817,0.0524818194054432,89.2057620334253,0.337948183660728,2.28872420067202,0.189312814470499,0.134927643921893,-16.7678785953102
0.455419335718709,-0.262787095313068,-0.116509425538574,-1.63906111338832,-0.15425000413109,0.0524148292290843,88.5191757703531,0.232088521713194,2.25238376470733,0.19116621071047,0.136922468761025,-16.8272605804318
0.455341577219064,-0.26337932125963,-0.116533179636209,-1.63888537758379,-0.155042651466164,0.0522859596678208,89.690196583791,0.20722777169226,2.15678772230783,0.193748707360244,0.137458972196445,-16.8283126636206
0.455274861242919,-0.263803476147455,-0.116618237689843,-1.63880143819902,-0.155866338852921,0.0521255029160093,88.9951467103842,-0.507515836021867,2.47591819961647,0.193397155872098,0.136442417233998,-16.8914799229028
0.455279127646423,-0.264049855687171,-0.116743155220086,-1.63883802807104,-0.156661223930078,0.0519673909592784,89.5431103859437,-0.176237391071481,2.40917214104778,0.192354508456984,0.138056202610867,-16.9192433433207
0.455405897104602,-0.264114421880633,-0.116889173819493,-1.63901653261075,-0.157376912692543,0.0518398786565163,90.1047514066864,0.195199365696681,2.30758740209694,0.192239505154046,0.138852756665523,-16.9473155779673
0.45568738642226,-0.264006919299267,-0.117038980868729,-1.63934449942809,-0.157976686822893,0.0517661991954171,89.441210326843,0.821506135326899,2.23473145967884,0.192252259587189,0.140212124828091,-17.0037284938883
0.456139300566432,-0.263749572975281,-0.117177278826537,-1.63981444837146,-0.158440392547742,0.0517605230776678,90.6013112976817,-0.141216544046074,2.42656778997878,0.193287257136154,0.141882110682959,-16.9917357016637
0.456754914315928,-0.263370240250886,-0.117296697948907,-1.64040964877147,-0.158765012776467,0.0518300690158838,89.7659246761653,-0.319281479513847,2.41978760840684,0.19373169955414,0.14256305482862,-17.046952292565
0.457509189431979,-0.262894397872165,-0.117399484217203,-1.64110969281521,-0.158963688831423,0.0519725892019406,90.3417606197032,0.279085576381931,2.35294758504179,0.192032218128321,0.138679951852758,-17.0679689029658
0.45837004009857,-0.262339149435197,-0.11749813345933,-1.64189347598921,-0.159060916325401,0.0521764188358848,90.8716573786255,0.589706998395286,2.39441946715007,0.192594888501453,0.140507005603535,-17.0902499873305
0.459288176279124,-0.261727503667962,-0.117608907700508,-1.64273042210563,-0.159097279586262,0.0524195667789352,90.2672470863948,0.191163272452968,2.46959395044465,0.192646596942089,0.138114407164271,-17.1507342230538
0.46020923064894,-0.261066109108999,-0.117760035488196,-1.64359855217962,-0.159121103604245,0.0526725201457472,91.4151942726088,0.978522412536449,2.33055429377822,0.19676834760048,0.138922824877956,-17.1536842949968
0.461092554603319,-0.26036304314147,-0.117972048273906,-1.64447777813672,-0.159168426172657,0.0529114590117547,90.7946482826902,0.908100032416314,2.43166832983607,0.195166822797242,0.139345036210215,-17.2194976548758
0.461902436817448,-0.259623473630052,-0.118263890241617,-1.64535230785031,-0.159268562266694,0.0531167855964035,91.4063330851945,0.0838868327457476,2.37013018502125,0.1937159497395,0.141658874257328,-17.2491072818722
0.462617569942725,-0.258851713855286,-0.11864575486069,-1.64621063763281,-0.159439463892826,0.0532723294055129,91.790047637582,0.604484727109821,2.40825570582666,0.198273380683434,0.143588876923094,-17.271445466412
0.463227843645693,-0.258065161240953,-0.11911342685023,-1.64703559501195,-0.159693313224133,0.0533631288799121,91.2562167106809,-0.13995152007692,2.43644186451263,0.197582678768367,0.143182747221609,-17.3307415453429
0.463748660358567,-0.257276785231535,-0.11965295032824,-1.64782113994025,-0.160016186935598,0.0533908254183363,92.4173027803775,0.364474087903773,2.42302710129729,0.197129322854174,0.147403983638514,-17.3320877108904
0.46420066801178,-0.256515577094005,-0.12023583403164,-1.64855177522788,-0.160390588848536,0.0533586749951807,91.5897772750181,0.292041190480404,2.35927150327251,0.198875438836817,0.14441460433911,-17.389854074851
0.464609685032053,-0.255809018340014,-0.120830172245465,-1.64921603931536,-0.160793880676248,0.0532752927741999,92.2253057319538,-0.430643675172405,2.26158074107352,0.195916815804598,0.145363170701312,-17.4154045096493
0.465020096623005,-0.25518558393941,-0.121395115232523,-1.64980860412029,-0.161186636412448,0.053162201019805,92.6690628894569,-0.0905277093083896,2.37259167538892,0.19852774605547,0.144205718547304,-17.4361390266367
0.465471347820933,-0.254670046153415,-0.121892839906966,-1.65032622200678,-0.161531965743678,0.0530422563691664,92.0424007628833,0.333958705207351,2.49365597676282,0.19540994631381,0.143186987026027,-17.4916634021122
0.466001564665233,-0.254289357052721,-0.122284793446267,-1.65076660111485,-0.161789922112775,0.0529456436728733,93.3446722578991,0.433976847426948,2.41873688921513,0.197734361481086,0.145424367616321,-17.500697077799
0.466643084541813,-0.254054538135393,-0.122545353411153,-1.65113599968258,-0.161927088867899,0.0529016351249666,92.6597259263258,-0.203168915920969,2.30079741216656,0.199283415789839,0.145269648813439,-17.5616664594771
0.467420518758828,-0.253978718820374,-0.122650807436957,-1.6514435950415,-0.161911816859943,0.0529453043147723,93.2787111271834,0.541329996941158,2.41237800265108,0.198849893968697,0.147264750657838,-17.5888204361416
0.46833539037525,-0.254070855653231,-0.122590139066248,-1.6516954898534,-0.161732016983398,0.0531013168004417,93.3946373792456,0.245294430961621,2.3837172310412,0.201501551945939,0.145557596615375,-17.6116059228303
0.469384130682876,-0.254328425057001,-0.122364074621337,-1.65190283817529,-0.161382591282014,0.0533910138855428,92.8873630162189,-0.366498636587494,2.36815125203276,0.199609375598488,0.14274980249056,-17.6658265544565
0.470546896295737,-0.25474105663926,-0.121984998746711,-1.65208065599856,-0.160869978097397,0.0538301131582739,94.1984954546765,0.208381863091063,2.4007765507011,0.202169948243109,0.145218477492409,-17.6720724935469
0.471786959658731,-0.255303834218851,-0.121469228115977,-1.65223264402917,-0.160219935188642,0.0544191346189857,93.4810323966643,0.000599483577161664,2.3246319771601,0.201799358836502,0.147144036297589,-17.7318238785391
0.473056714318123,-0.256001610246833,-0.120843379533572,-1.6523660384378,-0.159472482940298,0.0551458597081766,94.1354532227913,0.0166034849853531,2.46875416897765,0.198971837579708,0.143815508965454,-17.7581901954649
0.47430049744649,-0.256805307034711,-0.120148276040837,-1.65249155125489,-0.158678614479472,0.0559886741632478,94.6522045618288,0.189472324966573,2.60220977321859,0.202588992081533,0.146584018438272,-17.7881051686723
0.475456607329986,-0.257698296112449,-0.119419253956423,-1.65260375293738,-0.157903187439211,0.056908175020644,94.0146968381786,1.38365505867318,2.42783923462557,0.202340565428337,0.147733766766867,-17.8495060366776
0.476471528181887,-0.25865746660161,-0.11869114982995,-1.65270020224474,-0.157208508389336,0.0578595915746117,95.102948216155,0.4880295720709,2.46382664243558,0.204971820446672,0.149161890182286,-17.8478606480331
0.477306362795842,-0.25965334429854,-0.117997524065067,-1.65278435979308,-0.156645430459227,0.0588019056671908,94.3450827888508,0.0426251243825391,2.56496921579867,0.207451394599507,0.14746248170358,-17.9057864459874
0.477926248995967,-0.260658203489814,-0.117369926519912,-1.65285345342872,-0.156266853055168,0.0596871802872992,95.0330841665484,0.850332376000551,2.49970790513868,0.206548868563145,0.147619964532453,-17.9347375293813
0.478315511081534,-0.261638252810992,-0.116834894739124,-1.652909579751,-0.156112593731029,0.0604700991751404,95.5070634666757,0.705449589564068,2.48998530005596,0.206651169541999,0.152928411686011,-17.9619936932959
0.478487199303104,-0.26257294279705,-0.116399944950385,-1.65295257368718,-0.156194522647543,0.0611215347667679,94.9847045790632,0.555563212794596,2.48065887503108,0.207184886856466,0.148744094171683,-18.0198976818001
0.478469230387489,-0.263442722839475,-0.11606711396058,-1.65298525221576,-0.156507869570765,0.0616230525739996,96.1682490830876,0.368477480035835,2.6279428817702,0.201793078480031,0.148850144158211,-18.0253543257835
0.478310531997327,-0.264238847467362,-0.115824018795896,-1.65300595816932,-0.157027848572764,0.0619674585674508,95.2496330318793,0.350883662122214,2.50294997130621,0.205427958524816,0.1486548230283,-18.0845689633367
0.478071683657643,-0.264963608048205,-0.1156472986951,-1.65301174185323,-0.157713811004563,0.0621601734159445,95.9573159269033,-0.017692540748385,2.48177917462371,0.204821121716977,0.149749469742169,-18.1061472089626
0.477815329565592,-0.265635264837963,-0.11550533469998,-1.65299266145171,-0.158515899058655,0.0622192830189799,96.4247471074106,-0.40045137742004,2.57030806710029,0.207099100735757,0.152577084004038,-18.1329098784419
0.477607947341718,-0.266279979019529,-0.11535965345604,-1.65293891085496,-0.159372883385714,0.0621739620258754,95.6061443706725,0.775131169135875,2.54369635980095,0.209809302216568,0.149831505442587,-18.1916134766154
0.477505559934588,-0.26692692982438,-0.115175549761923,-1.65283640662145,-0.160233596002009,0.0620490019853072,96.9455753539001,0.150085711185739,2.49628970842633,0.21030552969872,0.151221536905941,-18.1926707034773
0.477554290856744,-0.267613833415774,-0.114915712003209,-1.65267488765601,-0.161041697539105,0.061884560284845,96.3097786919192,-0.100470854568357,2.55523037622788,0.212425738630215,0.148660130280439,-18.252991437445
0.477768504195035,-0.268376442698769,-0.114556675414046,-1.65243683409736,-0.161772264986967,0.0617016917695663,96.9584638955542,-0.00646789165512018,2.6106225729815,0.209242443377351,0.151618269569752,-18.264502957423
0.478157596128887,-0.26922588476337,-0.114090813966772,-1.6521246097134,-0.162399727424867,0.0615261472293255,97.1521938503888,0.723276810715788,2.56455779228057,0.210963615714975,0.153528930786529,-18.2825271400749
0.478702004744103,-0.270166979027191,-0.113526429603509,-1.65174404772651,-0.162921182055925,0.0613768685236567,96.6198210341123,0.888048589102709,2.47174128607045,0.212145830933643,0.152954534157039,-18.3440805362481
0.479375765205898,-0.27118696064357,-0.112881712864507,-1.65131033585073,-0.163342340357568,0.0612647394243415,97.94434135093,0.40191357402432,2.51168854314272,0.212365930781,0.152749046655415,-18.3539629165388
0.48014494317583,-0.272252452414511,-0.1121889200376,-1.65085607478684,-0.163671381189103,0.0612037548104781,97.2265498647422,0.697022665677423,2.46980939278561,0.214001328028698,0.152496212127116,-18.4081218050389
0.480967863173084,-0.273319659158056,-0.11148857091684,-1.6504198199546,-0.163924946233806,0.0612032642874668,97.8176898207635,0.754787847190073,2.73255354313429,0.211876407222817,0.150991789796067,-18.4328592887162
0.481814867504505,-0.274323056480268,-0.110827103866751,-1.65005702953164,-0.164110756998967,0.0612751365660381,98.1522128167542,0.418918906713088,2.5558800922696,0.215314241945948,0.153984360206155,-18.461069099789
0.48265152630485,-0.275202936221292,-0.110250790935529,-1.64981659657081,-0.164243800130149,0.0614253125662236,97.4887320869281,0.683121329991991,2.66521191610718,0.218615542101822,0.152934930161589,-18.5207134821951
0.483463147798183,-0.275896401095879,-0.109797015941454,-1.64975223158539,-0.164323737363243,0.0616640789354699,98.6072200950892,0.321199209539145,2.63587014521997,0.216591022119905,0.15038633863808,-18.5212142080339
0.484257869347539,-0.276357360555744,-0.109484110253974,-1.64991029480395,-0.164332749564554,0.0620096998664782,97.8733279142794,1.12103508758878,2.51603233657886,0.214208772148929,0.150744583666961,-18.572346208205
0.485052006408667,-0.276570369628184,-0.109310895453727,-1.65031239747659,-0.164248765571418,0.0624781454315971,98.4558218336715,0.522480798956622,2.57709218670965,0.214674077322366,0.151605395898645,-18.6005900418184
0.485869785274993,-0.276536763192892,-0.109263884946902,-1.65096538141125,-0.164049823820732,0.0630796883186515,99.0237647620992,-0.397238905118229,2.59979640957914,0.21447261932738,0.155900788915466,-18.6256599006231
0.486741758652221,-0.276280960323584,-0.10931423641399,-1.65185552895318,-0.163715449383696,0.0638169278848466,98.4577776915068,0.906586621089446,2.66270260509418,0.21259340102932,0.156349018623629,-18.6817824059627
0.487696509437437,-0.275856421301085,-0.109419335682756,-1.65294286915483,-0.163234165641258,0.0646826073621848,99.6844003171041,1.02026844638567,2.48186166131043,0.215150146374014,0.155913985752628,-18.6869184957818
0.488762830390833,-0.27532919940953,-0.109529648849724,-1.65417514775969,-0.162596044386979,0.065666694647674,99.0538052324562,0.49973829786677,2.5737048878392,0.216384528599284,0.156878504567868,-18.7452773112036
0.489953324906455,-0.274783281135456,-0.109593460635131,-1.65547962303873,-0.161812761180911,0.066742112391689,99.4866641595161,0.252285975225277,2.67139959821225,0.214913751589359,0.156256405894435,-18.779272556648
0.491274344928393,-0.274284516059614,-0.109573869183557,-1.6567920821337,-0.160904846810324,0.0678750726025888,100.006620773471,0.0481057313636484,2.67153219017712,0.217985161370874,0.156423673246462,-18.8071752365771
0.492716187657299,-0.273904178282136,-0.109437440969484,-1.65803878121771,-0.159909220996071,0.0690211567293502,99.3235269319472,0.145458639093476,2.53567985683733,0.220819940806914,0.154601759524455,-18.8674179045612
0.494256503333891,-0.273679828643429,-0.109175362291928,-1.65916846946199,-0.158873178493991,0.070132212947487,100.592675115989,-0.00296198257296965,2.55513117131821,0.220830311586129,0.155595739352327,-18.8657728708117
0.495870164380905,-0.273620412038642,-0.108797019272128,-1.66015471440853,-0.157838061096429,0.0711713427464894,99.8521544677112,0.0211637768852597,2.70594026817395,0.217280469499109,0.155290113397708,-18.9236242445207
0.497519785049543,-0.273725126211181,-0.108321416531855,-1.66098151244888,-0.15685054840615,0.0721042614789528,100.686928152643,0.893391998379684,2.5077896063905,0.218387212528706,0.158223134572034,-18.9569269274621
0.499167365909133,-0.273949970812686,-0.107790745159405,-1.66166589585364,-0.155952939194035,0.0729030683176623,100.864268839205,0.267603607406954,2.42469115472912,0.219923953760355,0.156940386820875,-18.9808588453858
0.500765283608927,-0.274236618054672,-0.107258048298302,-1.66223942338822,-0.15518791094507,0.0735469178080217,100.239471529127,0.372420746085027,2.60064682401216,0.219351476707306,0.15894670323735,-19.0320765370973
0.502274554933773,-0.274521843747142,-0.106775257825872,-1.66274696809179,-0.154580908173364,0.0740331246833222,101.438790616232,1.21210029843724,2.65896645504563,0.223592177900488,0.160994586020869,-19.0416402395092
0.503666310464098,-0.274747831541833,-0.106385914859733,-1.663237214296,-0.154139297684479,0.0743757660296143,100.78362493295,0.688042129242149,2.71488772300663,0.224191199800134,0.155599882483558,-19.1025807319545
0.504919886514661,-0.274849202504596,-0.106133095828538,-1.66376742629483,-0.153860463505491,0.0745965666859651,101.580992507307,1.31216441385436,2.62050718710131,0.22123936006235,0.158518622646476,-19.1281878791644
0.506008476826467,-0.274792623990257,-0.106044544742902,-1.66437199139849,-0.153745513412478,0.0747175938299661,101.878930114855,0.872579317272539,2.62895077218568,0.224228037607892,0.160484147959257,-19.152512951274
0.506930235260912,-0.274555587729239,-0.106131599697498,-1.66508050866129,-0.153773417889769,0.0747718823784501,101.324818529138,0.959580698649006,2.7439307972414,0.227555950534223,0.160051213752311,-19.2091086104582
0.50768753437205,-0.274139650782101,-0.106389671003249,-1.66590671315221,-0.153917974760335,0.0747960877602944,102.50089601536,-0.0381553607176102,2.79749964307194,0.225782021613653,0.15972068380307,-19.2165584039332
0.50829476283326,-0.273566446992497,-0.106799184545293,-1.66684505096655,-0.154150302886843,0.0748216526611575,101.691096238642,-0.118889116238961,2.63649184249547,0.22659333005236,0.159046016554038,-19.2762573020689
0.508777260486778,-0.27288436781857,-0.107322071711702,-1.66786877908542,-0.154439169553127,0.0748766690959185,102.583131924944,0.4987712656432,2.68269258988681,0.228141037017571,0.16134580512135,-19.3018656379513
0.509151590850235,-0.272152881360294,-0.107917894919593,-1.66893601430307,-0.154768311529065,0.0749747384727284,102.828257780461,0.561740770971028,2.76427131666,0.228639030782329,0.162461473916716,-19.3273215769974
0.509446447072859,-0.271437761650106,-0.10853774433247,-1.67000059372378,-0.155114715701433,0.0751296604889044,102.2382771821,0.636591731010412,2.76270722952341,0.228417971666397,0.16267520759887,-19.382888620336
0.509694163189106,-0.270808532161758,-0.109130271648493,-1.67101207028293,-0.155456453380823,0.075350550826826,103.438725227235,0.132658915595357,2.84744401830616,0.227236469482186,0.161315929562916,-19.3799679166523
0.509923208704332,-0.270322758425049,-0.109652728390596,-1.67192308220506,-0.155783480852963,0.0756334554945158,102.638305320298,-0.199447389507213,2.67076715242385,0.230812345605792,0.161815795499803,-19.4375753304084
0.510155356204714,-0.270038869897189,-0.11006272951201,-1.67268837741547,-0.156089864775211,0.075972361158147,103.241050197603,0.585857445242027,2.66791755307332,0.227091217152928,0.163888366918114,-19.470843830565
0.510412828129807,-0.269985349436872,-0.110333724970478,-1.67328756538347,-0.156365867064148,0.0763659477073153,103.56214679612,0.476042965681927,2.87167107705571,0.228686445674305,0.164514206616289,-19.5025126048484
0.510700601604757,-0.27017248771603,-0.110456981438751,-1.67370935513853,-0.156619446538762,0.0768018218540728,103.211158245757,0.647825507220887,2.71984780317118,0.229125299949014,0.163895880636606,-19.5580393406042
0.51103209431965,-0.270586958223934,-0.110430971682135,-1.67396693039799,-0.156842991976137,0.0772797975877765,104.423166189,0.939424052137156,2.71779823485045,0.231355279826049,0.163363159705181,-19.5756004122088
0.511412414232475,-0.271207470598446,-0.110262123417361,-1.67408012125872,-0.157032074120513,0.0778004141844291,103.793880191881,0.945634234367844,2.79410311540752,0.229641441487873,0.166543938293289,-19.6440762346245
0.511838049247185,-0.271985911352833,-0.109974427561294,-1.67408439056707,-0.15718840031144,0.0783595473532785,104.391908781036,0.80378650081775,2.79449935077187,0.229064349568457,0.160664259629251,-19.669074500229
0.512305440383256,-0.272864524711229,-0.1095966233276,-1.67402330568567,-0.157310330648789,0.0789569911589832,104.913043456683,0.560859950538998,2.82926220426211,0.235766462203217,0.164555421825361,-19.6889734565024
0.512819722248716,-0.273777956090925,-0.109158071680897,-1.67394661427635,-0.157384687256911,0.0795987881112661,104.044938966685,0.0695733355241828,2.78953633299827,0.233982432384047,0.160836590595043,-19.74451372399
0.513373004891864,-0.274669237526507,-0.108689785844729,-1.67389266574347,-0.157411576497982,0.0802825000156425,105.313733270247,0.613841578376878,2.7842935868585,0.232785454377173,0.163121489409416,-19.7436494779835
0.513967838577761,-0.275471460126084,-0.108224485809489,-1.67390436061166,-0.15738183477934,0.0810079965003427,104.587309003598,1.14220590576156,2.80824255562817,0.232447366705502,0.163451090760071,-19.8016882679821
0.514608266580919,-0.276139679179715,-0.107781889808367,-1.67400540672933,-0.157291192216356,0.081766929918224,105.156462828188,0.0833449732772351,2.63532763737354,0.227672277996875,0.165531364603727,-19.8234915502691
0.515299466531887,-0.276651041022573,-0.107370616467569,-1.67420166850933,-0.157138738920651,0.0825465442738981,105.59434953602,0.117755679641277,2.79926758049598,0.229415825612994,0.165149452725906,-19.8444035980452
0.516043513645158,-0.276994111605185,-0.106994836218039,-1.67448983573252,-0.156928744908291,0.0833306920022724,105.064268147384,1.4332633092672,2.79961223541218,0.233545079855219,0.167949344567776,-19.9103039424438
0.51684011825969,-0.277164283101772,-0.106657623530457,-1.67485665039268,-0.156678105001461,0.0840902910126618,106.426118929501,1.40761714258042,2.80288939435172,0.233226075303123,0.168201143834653,-19.9260528364104
0.517688169398785,-0.2771804121419,-0.106352316384661,-1.6752755438765,-0.156405598381091,0.0847980913495116,105.734678488852,0.649236768370884,2.83619264627271,0.234750784325961,0.163654827299497,-19.9845145984778
0.518570788092048,-0.277077877561613,-0.106068848567588,-1.67570768370349,-0.156147119611407,0.0854182637224748,106.088086900229,0.602432048465516,2.90139311245451,0.235497229167777,0.163225556436357,-20.007973051166
0.519472953344509,-0.27688684848007,-0.105802055690833,-1.67612018037428,-0.155937799667086,0.0859178701678218,106.46011689859,1.17777460462298,2.87998596542005,0.239952285081792,0.163341518143257,-20.0393122428019
0.520372753495259,-0.276634821261471,-0.105553663400442,-1.67648854756907,-0.155814772507156,0.0862715361071627,105.919775013775,1.08852872267494,2.69812450385629,0.241494294254745,0.162320718263191,-20.096447529998
0.521246608661296,-0.276350607005655,-0.105326506694851,-1.67679275774105,-0.155811237806331,0.0864621185902041,107.254019262264,0.300753076729507,2.88808551927309,0.236868714901522,0.166942825857006,-20.0944779412714
0.522068545063644,-0.276053646988305,-0.105131174431007,-1.67702205021406,-0.155957411195315,0.0864797638913011,106.431627243751,0.907951720412257,2.73044557304169,0.23640632910561,0.167570200436514,-20.152794329969
0.522813289847041,-0.275751489700396,-0.10498325680752,-1.67718413308857,-0.156268955514016,0.0863349444431682,107.076689547808,1.07131259127118,2.98357735173778,0.236054422582739,0.169310152126015,-20.1668883162684
0.523466560433466,-0.275450076220533,-0.104894923653335,-1.67729262694442,-0.156744743703479,0.0860514239608073,107.19849338724,0.573983709262393,2.85470163521754,0.234432652946828,0.16932130666433,-20.1833555206205
0.524017525962091,-0.275140972665985,-0.104884948850429,-1.67737344054284,-0.157371496134336,0.0856642075470745,106.809199698865,0.557926169077064,2.88252178069234,0.237903819925577,0.165888337911185,-20.2506972252214
0.52446956983435,-0.274804903467234,-0.104969575606056,-1.67746932656567,-0.158110073294959,0.0852299642163763,108.037632242103,0.873117944358683,2.9401776706579,0.236305440210711,0.167840259090097,-20.2544025737536
0.524835323853888,-0.274426303709557,-0.10515646003161,-1.67762018083542,-0.158911566799103,0.0848079910125524,107.251345096459,0.383591410112786,2.95580900927271,0.238374305087606,0.17101907965244,-20.3090484437451
0.525138485654255,-0.273995745644837,-0.105442625402146,-1.67785965625318,-0.159717017152978,0.0844580101020648,108.048578568462,1.25493076267094,2.84423904713148,0.239572761893862,0.17169495339674,-20.3365086873771
0.525414680262384,-0.273502436710287,-0.105818005948002,-1.67822307249983,-0.160456080265373,0.0842425655666681,108.340629190935,1.29388965634143,2.82535887372327,0.239874002791196,0.172166262367088,-20.3729402094105
0.525697378460159,-0.272948561507601,-0.106262448992637,-1.67872947159584,-0.161067901863366,0.0842082032074769,107.851612234345,0.769551614127295,2.74412835636684,0.241315010508796,0.168169180662256,-20.4316837795593
0.52602227083985,-0.272344285875953,-0.10674947957922,-1.67938393588449,-0.161502474143971,0.0843844027035868,108.999498104901,0.653542844562935,2.81584698285781,0.241161246998523,0.172933965727627,-20.435150560822
0.526420072842874,-0.271703483428805,-0.107251187209405,-1.68018199074048,-0.16172343855786,0.0847839761145392,108.340819097176,0.734098348437556,2.80838036643823,0.24262149273529,0.171784357194619,-20.4980049824442
0.526920096706108,-0.271048467607649,-0.107735228397713,-1.68110699322176,-0.161707623954859,0.0854039636386328,109.016363712235,0.639137255460355,2.91652822005557,0.241957397332137,0.173744751506979,-20.5259165716143
0.52754997064384,-0.270403844833064,-0.108169679048182,-1.68213421270954,-0.161444879005747,0.0862266473197232,109.479193171365,0.999546352838706,2.92412789218463,0.242460809354494,0.172373134760097,-20.5461603847338
0.528308761045139,-0.269808373825806,-0.108527065844711,-1.68321915241859,-0.160960279313148,0.087210877581915,108.626033559676,0.523462357261678,2.88034930660694,0.242381169955317,0.168850924227942,-20.6043086123495
0.529196278534838,-0.269295774758929,-0.10878338178003,-1.68431702870056,-0.160286341240357,0.0883080792415176,109.901661402704,0.527660491692359,2.9770429409084,0.244726269551556,0.172841556851476,-20.5988213543976
0.530210637934597,-0.268888501531354,-0.108925165446404,-1.68539514436128,-0.159452339668666,0.0894805906192531,109.090324016513,0.498497867117067,2.95917513197375,0.241003931548608,0.171058507130225,-20.6603405297155
0.531323891228708,-0.268624523757985,-0.108942418960276,-1.68640510095211,-0.158512716583095,0.0906803397422716,109.931341670304,1.10997240427537,2.7582083358173,0.240650465503126,0.171052162753241,-20.6888960512257
0.532506915209548,-0.268535091069201,-0.108830019051463,-1.68730580956354,-0.157520548175667,0.0918658787735779,110.157916484599,0.887035186089406,2.7734931970993,0.244350973570341,0.176682564624578,-20.71392248682
0.533720428847035,-0.268631771416971,-0.108599736396682,-1.68807062454742,-0.156531081594996,0.0930021622560216,109.680811835589,0.0528837420572472,2.92747576707055,0.243446563793985,0.174101841728438,-20.777796420965
0.534916996291294,-0.268938991065041,-0.108260424060206,-1.68866765140177,-0.155598544262383,0.094063494172361,110.945513402282,0.751721406800698,3.06155587149871,0.246016056458533,0.172997138274032,-20.7878582130491
0.53604280353603,-0.269474718846273,-0.1078266636392,-1.68907410309188,-0.154772736108356,0.0950354266506895,110.333583945617,0.798045829838429,2.90589756848161,0.246894491112085,0.172984653486321,-20.8457735558322
0.537060605111105,-0.270218449189201,-0.107327975568733,-1.68929832091402,-0.154085459063014,0.0959142393549728,110.94692483002,1.15981499847317,2.88333320277087,0.247857096231146,0.176149035388031,-20.8674135819725
0.537918784190152,-0.271157284003034,-0.106795942468632,-1.68933930444422,-0.153580206109244,0.0966892117283229,111.2175520035,0.434447982904885,2.95528150624307,0.249470851717475,0.173447682973356,-20.8921578783429
0.538572538239284,-0.272260700742392,-0.106267847746373,-1.68921065899467,-0.15329193909623,0.0973539759235566,110.502261155776,0.643293899486707,2.8691709286426,0.249556601027973,0.175093016488427,-20.9494995441526
0.538998321851773,-0.273470084045987,-0.105787322335044,-1.68894727944389,-0.153236934644749,0.0979068816431396,111.836506177568,1.04482252708749,2.98076396567978,0.249457797038209,0.176162134925433,-20.9447943403602
0.539176616715256,-0.274713489082393,-0.105404290473203,-1.6885931757029,-0.153429037264156,0.0983443851824239,110.998887042648,1.06942951076417,2.98844309771371,0.248838786636132,0.175733274745121,-21.0074713901404
0.539115370456153,-0.275918615942074,-0.105156436214683,-1.68819504113057,-0.153863395228261,0.0986652289369692,111.813809262652,1.13659910705496,3.02922174676388,0.245609576558008,0.175322522342213,-21.0387584295844
0.538838357933979,-0.277012752280926,-0.105074593776523,-1.68780252228161,-0.154520443815272,0.0988730462724046,111.982579406918,1.01816927291588,2.95073522582931,0.248074091031446,0.176649818587043,-21.0623767409381
0.538387379948001,-0.277919235482759,-0.105182772217647,-1.68747185916654,-0.15536722624521,0.0989762122494206,111.494974295792,0.254449489328181,2.91418469530848,0.251550295514336,0.174583635182539,-21.1225228949007
0.537822114654535,-0.278586681381853,-0.105482356146628,-1.68725048221942,-0.156349342130913,0.0989969965947071,113.005284716095,1.76404602839284,2.98895860230795,0.253035062924684,0.176334578585317,-21.1341941949158
0.537218208231843,-0.278983784131628,-0.105955900190521,-1.68717386565413,-0.157400782614621,0.0989617046147997,112.281406910444,1.05368299567181,3.02487303134814,0.253274823246807,0.17401748780767,-21.1963806942279
0.53665215112121,-0.279107172950089,-0.106570009277774,-1.68726159202725,-0.158452727578935,0.0989010873518911,112.704706710074,0.889775248627075,2.96453376739601,0.257442597909735,0.176671040711534,-21.2250316390536
0.536209751727498,-0.278984045138523,-0.107267321203587,-1.68751989618836,-0.159421673777985,0.0988599925554821,113.098226152742,0.479499533096487,3.12972475800581,0.25642070195779,0.177149906423542,-21.2522880109994
0.53596130552564,-0.278665591313882,-0.107983975001525,-1.68793757043412,-0.160234820009552,0.0988816336477598,112.566082773531,0.516032534607575,3.04324470548846,0.255460572920364,0.175650159973775,-21.3160588423483
0.535969386618011,-0.278220203784606,-0.108649308113918,-1.68849399808457,-0.160821859729186,0.0990128477760847,113.800300610694,0.513264298308059,3.09815307127022,0.254324018345994,0.181088926788243,-21.3171494074874
0.536275654543059,-0.277730916877768,-0.109195260108395,-1.68915377264337,-0.16113263989388,0.0992915103305455,112.967317725909,0.0402458777191441,2.85542542600163,0.254866872819139,0.17916062167875,-21.3762896143353
0.536895957799939,-0.277288847978136,-0.109560813254847,-1.68986618702692,-0.161142043058245,0.0997390856285358,113.508210029264,1.32151650911533,2.94448119980873,0.253998020724381,0.175937259488739,-21.4013906814586
0.537826289415865,-0.276968703478187,-0.109705307452687,-1.69058634222871,-0.160846062344711,0.100365509966719,114.126804429791,1.93205342614419,3.186505828527,0.256113218328128,0.178831956487498,-21.426389402481
0.53904770883311,-0.276829066443071,-0.109606424872259,-1.69127628991456,-0.160254612082997,0.101173505687435,113.443788046555,1.62608240822374,2.99065345871941,0.255567103454302,0.177772072450647,-21.4895133518259
0.540508311201278,-0.276909350187297,-0.109269632992511,-1.69189448524414,-0.159418523840559,0.102135360708023,114.794062343523,0.78119238180534,3.01525373414549,0.25453965530545,0.179711931752718,-21.4944113063396
0.542143521643634,-0.277208988627904,-0.108729960873252,-1.69242502459031,-0.158397141385246,0.103220785873441,113.990628853629,0.82382984146102,2.96299236031632,0.259339678068081,0.180447271880202,-21.5563378400465
0.543883379839623,-0.277706570461495,-0.108036934737737,-1.6928597008229,-0.157263709662234,0.104384918016109,114.649910638667,0.832071752810862,3.13259241853945,0.257641886913761,0.181458287876126,-21.5882322795887
0.545652125263239,-0.278364308527563,-0.107254069533755,-1.69319593171836,-0.156103169077654,0.105573153146614,115.146769923399,1.08940164447404,3.06788802766746,0.258309553209841,0.180618386058574,-21.6181778616234
0.547376557191925,-0.279130556239076,-0.106449929559964,-1.69344149026862,-0.154993961574335,0.106734601188004,114.453034034239,1.17031511940036,2.97600674366996,0.260909143679426,0.180087866065401,-21.6751016958893
0.548999052850862,-0.279937946021842,-0.105692398691762,-1.69362127669288,-0.154000654482967,0.107827002781021,115.622856602418,0.768671133305133,3.03552161653008,0.26085764959255,0.183536992361827,-21.6737192731375
0.550467661997271,-0.280725709780264,-0.105043182158779,-1.69375645920673,-0.153181119031062,0.108812239018207,114.757754121546,0.740322610213525,3.01774369694203,0.262802897253553,0.178846114289547,-21.7343598682669
0.551747655393722,-0.281449513445532,-0.104542109594524,-1.69386606012326,-0.152571847947149,0.109667275028516,115.542852716612,1.10782186861434,2.91557638492759,0.259489124872349,0.178719338658611,-21.7566125176013
0.552814123699916,-0.282074580368859,-0.104217218234204,-1.69396731791997,-0.152193889958285,0.110380687686082,115.871262650459,1.23034588595556,3.01800946693328,0.260750751902747,0.179723457442768,-21.7763983930137
0.553665360414017,-0.282584509436703,-0.104073698145962,-1.69407317636543,-0.152043756057359,0.110956289613488,115.380620697113,1.07927971518166,3.02160258619912,0.259833447961417,0.18142504361815,-21.8450918695267
0.554307055036377,-0.282985511563322,-0.104098523136484,-1.69418644990338,-0.152107065340571,0.111406307228626,116.674257991967,1.54798783697811,3.11245532926813,0.260662623778253,0.182816551938121,-21.8574526818691
0.554751510191718,-0.283294969518687,-0.104269834570418,-1.6943012504153,-0.152363381713332,0.111743574054246,115.87444627241,1.69975585806264,3.07604157174262,0.263128082044625,0.182283687554028,-21.9189107973888
0.555032324296318,-0.283530936026939,-0.104556065876296,-1.69441935399402,-0.152767874547316,0.111997691973246,116.623051549023,1.87250201392658,3.03392624580917,0.264396717541717,0.181069258281703,-21.9513154773038
0.555181856718239,-0.283720051710233,-0.104923377043639,-1.69453575746025,-0.153275642199254,0.112198096193376,117.073590585282,2.31367803870808,3.11016281180548,0.26712284272485,0.181794732827138,-21.9789466768088
0.555227057664495,-0.283890450340631,-0.105341599537682,-1.6946382139704,-0.153855595149427,0.112361094890154,116.408370207384,1.33532091972052,3.09820110075265,0.26574880057765,0.181124629399714,-22.0403446780382
0.555207258258803,-0.284061033576758,-0.105781692113473,-1.69472719024422,-0.154461479666823,0.112515157808492,117.890600350166,1.02668951535156,3.08745392604675,0.265467004334066,0.185524472493461,-22.0332537219785
0.555153443273139,-0.284243397306462,-0.106225397497227,-1.69480651561593,-0.155054564302313,0.112686698365777,116.899106383665,1.02622431538043,3.11456375159204,0.268364615170948,0.185995294759378,-22.0934482843577
0.555083727782547,-0.284451515173612,-0.106659397256074,-1.69487271184707,-0.155613632122721,0.112889493793576,117.482326543563,1.65459513736664,3.18280637094878,0.264873259299326,0.185538023483291,-22.1130479533608
0.555031586011984,-0.284674174314244,-0.10707860855601,-1.69494389060335,-0.156105983179005,0.113144403049763,117.859407290909,1.49231756766176,3.14365884133875,0.2645052505506,0.185522669551484,-22.1312193954137
0.555010416013243,-0.284902757889548,-0.107484177492817,-1.69503379338668,-0.156516977966469,0.113463817527249,117.167371782109,0.703626757510847,3.22305069350256,0.265508284754184,0.185980765030288,-22.1906408660272
0.555028497818519,-0.2851440209429,-0.107868355855015,-1.69514312219593,-0.156839493573322,0.113855617694506,118.519695187043,0.943353837925542,3.15283489927796,0.266943303438221,0.188234581579584,-22.2020779561068
0.555082965621992,-0.285398774750018,-0.108231616910651,-1.69527173365286,-0.157080446119008,0.114318117976049,117.855017171833,1.43276365566271,3.16571058082968,0.268251905192813,0.186188925076112,-22.2633496449124
0.555176539497754,-0.285665016865561,-0.10857052198515,-1.69542470814111,-0.157242909800503,0.114851637007527,118.581760733717,1.15539613399733,3.11661733739095,0.268243238361074,0.187091559047861,-22.2985688990779
0.555315210068051,-0.285948431308801,-0.108873988497393,-1.69559959655232,-0.157328929383478,0.115453587527158,118.984118603977,1.33310220912404,3.13427734982704,0.272072838702176,0.183488549518693,-22.3337545624667
0.555490937102873,-0.286262617128192,-0.109131236240606,-1.69578050674245,-0.157359415682027,0.116105450986609,118.377318422503,1.88711641649229,3.13252995409601,0.27276290312582,0.185169121457403,-22.3992130107318
0.555693966720103,-0.286624883935592,-0.109328769222573,-1.69594541261742,-0.157361526031666,0.116780226715902,119.624133507251,1.23895653117643,3.30696383867817,0.274733636860618,0.185668032421616,-22.3998658618731
0.555930038321152,-0.287046891519761,-0.109450648136279,-1.69607655227972,-0.157347679399437,0.117455829319802,118.710589347918,0.815212798270295,3.22976372731853,0.272948570719863,0.185603263297856,-22.4627690461717
0.556196667377321,-0.287539127677779,-0.109486676162672,-1.6961531633567,-0.157340513712846,0.118101848927201,119.397893814304,1.04083299145668,3.22825017573578,0.270245455620199,0.187586927084513,-22.4819800897724
0.556490224200678,-0.28811257257816,-0.109429027360703,-1.69615216136554,-0.157364059119576,0.118685178965312,119.719405117098,1.50804436489693,3.21049129066219,0.271371738635234,0.189009841679311,-22.4995932275047
0.556815935650451,-0.288763501132971,-0.109277357508595,-1.69606160116005,-0.157434079600583,0.119177323870353,119.218586739983,1.00016533098733,3.24230998888697,0.269703022788643,0.190536072235604,-22.5635256032915
0.55717320843154,-0.289486604923702,-0.109037208746429,-1.69587380143572,-0.157563897341435,0.119557462171243,120.550046421714,1.24434183537915,3.21938868073383,0.268915690698477,0.190611694046147,-22.5726806140066
0.557558482683759,-0.290271238654118,-0.10872024145919,-1.69558956043655,-0.157760713618554,0.119815710308527,119.723510558207,1.49101255640289,3.1345146370123,0.273150266204194,0.189674064098694,-22.6239303085615
0.557969730040933,-0.291079433640916,-0.108354046759988,-1.69523111197441,-0.158026404547358,0.11994915978408,120.466728929681,1.25096368506206,3.16158854689692,0.273221367483961,0.188652490826654,-22.6596532480571
0.558404005487151,-0.291882219863795,-0.107963766584379,-1.69482273167891,-0.158351900334185,0.119972665071113,120.855260245555,0.657623769446218,3.10365158865304,0.277620438299922,0.190746039231949,-22.6887148269078
0.558848739332231,-0.292647061008901,-0.107579883481616,-1.69439452813216,-0.158729324585487,0.119908201356108,120.348522621251,1.16604538931711,3.19976432162647,0.278599649669923,0.190517429417395,-22.7555348384556
0.559300521007047,-0.293329462953638,-0.107235200297013,-1.69399316338147,-0.159133273608944,0.119795810404208,121.620737047658,1.68032094571436,3.22941791058545,0.275864124908825,0.192331344837232,-22.7672693817105
0.559752220615576,-0.293895552139944,-0.106955225423498,-1.69366272187868,-0.159533980135442,0.119683922429186,120.774376157508,1.09106971648953,3.13902513848495,0.278319728126291,0.188668139812031,-22.8277807995071
0.560197216932719,-0.29431262567589,-0.106763903386817,-1.69344455785631,-0.159906293946366,0.119616311479691,121.474935595218,0.80123104866334,3.15846950635338,0.275391482296709,0.187670134619244,-22.8583570154872
0.56062955425888,-0.294571407726295,-0.106669345884937,-1.69336674757361,-0.160221024946512,0.119639849653848,121.936901538117,1.90127815445499,3.1828825006057,0.278945578586092,0.191962538147373,-22.8828805798031
0.561051125173224,-0.294665499927499,-0.106671849295184,-1.69345398784748,-0.160448031189975,0.119796517940995,121.352276495815,1.81951263389442,3.11123027937484,0.278889740237191,0.18894904328232,-22.9425140842503
0.561468365355789,-0.294598170850857,-0.106763258014376,-1.6937244359293,-0.160557191613149,0.120124623249467,122.579567259002,1.24171395207259,3.13986749515485,0.279530390796706,0.192152004452709,-22.9346125993629
0.561884665800687,-0.294393390944927,-0.106925175422222,-1.69417115221068,-0.16053690738795,0.120638100986598,121.702314682606,1.16635753368519,3.31444123177937,0.280391232127245,0.192064406033166,-22.9925129085304
0.562310823738799,-0.294092588086401,-0.107124429192766,-1.6947739973826,-0.16037629078472,0.121342813149621,122.361324774556,0.734448127278029,3.36386656735598,0.276757257045437,0.188766242462506,-23.0275725617731
0.562755387641914,-0.29373428588571,-0.107331937667339,-1.69550373951437,-0.160082061333606,0.122221839876925,122.980128174987,1.48116058026312,3.25146029359161,0.27899466496394,0.194932587581859,-23.0540201379957
0.563219672748893,-0.29337300009024,-0.107513257534391,-1.69631308548074,-0.159676746500725,0.123241829927064,122.177474282707,1.82951084319234,3.38825716369678,0.280255859972573,0.19246920492282,-23.1140277980729
0.563709475705647,-0.293050869731372,-0.107640031890193,-1.69716095966263,-0.159184097174831,0.124363790203193,123.520502120572,2.10180454764736,3.31342440005309,0.27966226840945,0.191987280907773,-23.1162912828177
0.564220596873692,-0.292813742875841,-0.107688728274869,-1.69799603558782,-0.15864387744421,0.125535157161715,122.68403942953,1.6535435881035,3.26209555060785,0.283381424474528,0.19078481452142,-23.1753365441273
0.564741362311401,-0.292708401663828,-0.107640363952148,-1.69875726422697,-0.158109874639049,0.126689625141945,123.386132486504,0.930430911017083,3.31633311666181,0.282014387580057,0.192471110280175,-23.1913369276015
0.565260446907288,-0.292741682533786,-0.107499236865211,-1.69941200540653,-0.15763236655881,0.127765296950257,123.579634861213,0.92641523893144,3.38856349145001,0.284601431118372,0.192956973113851,-23.2186907611201
0.565762989075382,-0.292928066706663,-0.107268681287225,-1.69992296169957,-0.15726018563756,0.128706168588296,123.032617771741,1.58635414769924,3.38734710018124,0.283212319287822,0.192556883227174,-23.2700619466392
0.566233948836097,-0.29326683061766,-0.106961424719227,-1.70026480011655,-0.157036578525278,0.129464158316582,124.29093143033,1.34752569696479,3.31995624509713,0.282915211749759,0.196961931827945,-23.2694471042777
0.566663411754289,-0.293735590299992,-0.106600591509034,-1.70043235846875,-0.156990175572787,0.130007063952306,123.530199473319,1.19821237811334,3.4115366487014,0.28038208993138,0.194830018362911,-23.3346884068318
0.567040385555394,-0.294306771210853,-0.106212510603524,-1.70042953827381,-0.157140739262798,0.1303159415392,124.361185717777,1.848386755619,3.24908868965287,0.282217890653188,0.194551336720518,-23.3641462426877
0.567375576491896,-0.294930156785721,-0.105826415586909,-1.70028921668645,-0.15747697291267,0.130399543820467,124.684152127258,0.864998246220466,3.39082747379763,0.283740768889738,0.193886098674229,-23.3862574963961
0.56767676120894,-0.295570887164722,-0.105462938056465,-1.70003863281816,-0.157979925218244,0.130278069449382,123.977376726533,2.20744258843342,3.32517786797851,0.285788033618467,0.190991179150424,-23.4496890116081
0.567967401470425,-0.296179923134765,-0.105142530298971,-1.69972728927543,-0.158608448815086,0.129991157611341,125.465546262517,1.36561746187476,3.39335287585757,0.289984369163709,0.1950740084584,-23.4617094816712
0.568274301255777,-0.296715809182277,-0.104878497396475,-1.69940505767464,-0.159312036589214,0.129588770718169,124.611310175128,1.55936770393373,3.30570309753645,0.289237172374178,0.194454866296045,-23.5173533229454
0.568621567381411,-0.297152605185317,-0.104674835148785,-1.69911877686632,-0.160034702330198,0.129130997862393,125.262893533457,1.03455807120417,3.39670566703231,0.289650940210753,0.195653876082005,-23.5468851842456
0.569039293243808,-0.29746697672506,-0.10453114386076,-1.69891389931957,-0.160718868390816,0.128676029454667,125.75648769513,1.40107042408044,3.31838789549246,0.290121967591783,0.197465990177817,-23.5745749556061
0.569550123781867,-0.297647870054186,-0.104441904083933,-1.69882616563919,-0.161313304654326,0.128278083572659,124.960894174685,1.70642078836909,3.17523448801691,0.289804939654719,0.19532673662901,-23.6382839909385
0.570170170547212,-0.297703204713323,-0.104392485259126,-1.69887736159368,-0.161775425143491,0.127985059768294,126.356740438391,0.747833537228416,3.36562076108368,0.288693138148807,0.196051367112655,-23.6356149827822
0.570905053626412,-0.297651297907173,-0.10436793061544,-1.69907337179972,-0.162080071339487,0.127828853488819,125.64264075273,1.36394240228879,3.29917134290349,0.288996228018704,0.19708146346639,-23.6992583392527
0.57175581027511,-0.297515779798251,-0.104352881356411,-1.69940938286729,-0.162212882225523,0.127828935539163,126.125318636359,1.12892853257426,3.45132229784727,0.286819012206692,0.196517457991176,-23.727078141501
0.572721534353001,-0.297320302291713,-0.104333399679656,-1.69987405283502,-0.162166804937017,0.127995456897397,126.596224589526,1.89345000313051,3.38011982680942,0.290838884525576,0.196042799143362,-23.7463028426913
0.573780755224116,-0.297093134538076,-0.104303863698592,-1.70043987660814,-0.161963385749933,0.128315557812882,125.851541984122,2.14017281415045,3.36024766288998,0.290231072894099,0.196164410126274,-23.8076745153098
0.574920696609994,-0.296864577648059,-0.104254054616013,-1.70107682844431,-0.161619114693562,0.128774887560027,127.305490524702,2.05201836578181,3.24308202894878,0.293448980134039,0.199955399289819,-23.8203808119223
0.576122842419093,-0.296673258316178,-0.10417209102266,-1.70174289422485,-0.161159922339586,0.129350145852856,126.532249594925,1.42091083474361,3.28968822735493,0.291865198861972,0.195606001834696,-23.878956994874
0.577358940339974,-0.296553762256817,-0.104053131409752,-1.70239273746755,-0.160625215062899,0.130007469673627,127.133437041802,1.85445693618249,3.46404174378682,0.293114056650821,0.19827288389917,-23.9048778520682
0.578613272597798,-0.296534791776721,-0.103891009577176,-1.70298956445261,-0.160042230964851,0.130720218032286,127.679246100197,2.14359206780546,3.41288911033737,0.292788791758804,0.198940727595048,-23.9340537615106
0.579877406152175,-0.296610989706111,-0.103694512903161,-1.70351915053309,-0.159434546581352,0.131459964212979,127.015627216303,1.5645190640123,3.39192403053312,0.2951856750054,0.198618506695777,-23.9967482050241
0.58112710703978,-0.296806994655074,-0.10346071086727,-1.70395044999778,-0.15883634828502,0.132198850389496,128.311966344982,1.74538482154776,3.3758909051426,0.296856385152962,0.198020987016664,-24.0026526427265
0.582339300788377,-0.297140302010249,-0.103189343478942,-1.70425709388912,-0.158281528308884,0.132908060781758,127.639363668516,0.868379135285977,3.41242148879971,0.297964414499394,0.197901509386879,-24.0631186022003
0.583504430697986,-0.297605026589771,-0.10288521491743,-1.70444014046031,-0.157786142381362,0.133575002398695,128.253548217296,1.48180767496683,3.51356349441846,0.294385541645186,0.19907641211728,-24.0834656455935
0.584605490374006,-0.298193293862928,-0.102555864434228,-1.70450219399845,-0.157373054125868,0.134184846159638,128.56313427883,1.75090791206071,3.3355989082211,0.299766812485012,0.196913452351492,-24.1065670233426
0.585633257396963,-0.29888656745926,-0.102209855842554,-1.70445779718397,-0.157056630242769,0.134729505583033,127.887974309162,1.67501128024719,3.46659006251539,0.29681158258462,0.198082600430443,-24.1672264677509
0.586562947138677,-0.29966115941151,-0.10186574036375,-1.70432403589326,-0.156862517989115,0.135198490129167,129.250672507324,1.63522315267483,3.45798232566202,0.298154570282867,0.199930518502197,-24.1746972915352
0.587383340802164,-0.300480617086456,-0.101541510184365,-1.70413011846653,-0.156800389694407,0.135590816885684,128.47458041286,1.24081025102691,3.41286313385916,0.301352658266301,0.201122833697137,-24.2378852080155
0.588088529009854,-0.301301914239302,-0.101258388805635,-1.70391020485244,-0.156875736106743,0.135908177117735,129.250426489891,0.287451874352428,3.51022839910522,0.298459076620241,0.200418333146517,-24.2757258360309
0.588674748314534,-0.302078558395865,-0.101039645602178,-1.70370208890914,-0.15708635396591,0.136158584447349,129.748198591589,1.78284987747747,3.48304784317384,0.300740235339694,0.203060024974633,-24.3050534308815
0.589151002028793,-0.302768081540806,-0.100903048586854,-1.70353928914263,-0.157419692564758,0.136354421042385,128.963946014095,1.2501423608694,3.41633220924123,0.30310183781412,0.198724934610423,-24.3685887752496
0.589535118069763,-0.303321412618302,-0.100867865647364,-1.70346097989065,-0.157851817498283,0.136515061567173,130.262798518866,0.991017365879316,3.47396159125512,0.301955996833099,0.199595550135371,-24.3655320916667
0.589854274112906,-0.303703386787653,-0.100943380855465,-1.70349661119854,-0.158348174376698,0.136663375077069,129.415617750225,1.27779955188862,3.43213730565051,0.301620492514345,0.200293416979351,-24.4280795894871
0.590139354171356,-0.303886204916108,-0.101134157006397,-1.70366918293416,-0.15887140551284,0.136822092393012,130.043533151638,2.37945940529403,3.46513472108583,0.299336880810851,0.201557810473987,-24.4439273388995
0.590427246333931,-0.303856809387436,-0.101435604821065,-1.70399126876442,-0.159379750740538,0.137014223797274,130.369206268127,2.08775928107684,3.50326912066362,0.302533932360605,0.203670087389736,-24.4640403993308
0.59075730756648,-0.303626231549648,-0.101828686389216,-1.704459570764,-0.159828932901914,0.137262693258979,129.794525255177,2.29615627324324,3.43051551475094,0.298644861704028,0.204289565205236,-24.5193417881517
0.591165273057003,-0.303224808712281,-0.10228530429655,-1.70505550070221,-0.160182611444845,0.137582676588723,131.080907746391,2.42342150377999,3.50254475995484,0.298167328834317,0.204151060584485,-24.5191804045035
0.591680932203504,-0.302704990316971,-0.102764389522063,-1.70574710384814,-0.160410373282913,0.137984795309789,130.104474535303,1.76781385733102,3.47137550933959,0.30178680347053,0.203028996858566,-24.5852199176608
0.592321642096845,-0.302126974206532,-0.103224159274065,-1.70649187949655,-0.16050190987138,0.138464172767787,131.101917908757,2.14498852781981,3.51450460823904,0.300274856851391,0.203958143213215,-24.6159466807697
0.593086676747642,-0.301570975112472,-0.103618831194527,-1.707232563019,-0.160465709745672,0.13900659464999,131.363966992412,2.70844975853197,3.5829924908428,0.302230301653105,0.205201512422211,-24.6463694487182
0.593969579595508,-0.30111780489729,-0.103901991289542,-1.70791178294797,-0.160316684561069,0.139593033258602,130.870815557943,1.82122070630226,3.68721757792866,0.309034037810516,0.200772322235765,-24.7039118394748
0.594957373908594,-0.300836365449549,-0.104034562350778,-1.70848221924494,-0.160076086438645,0.140203382658128,132.109496594315,1.56481558044447,3.49546782506056,0.308559928915149,0.202350111489584,-24.7185919496966
0.596014392175655,-0.300779538965153,-0.103997934223006,-1.70889723891006,-0.15979301374302,0.140798074269391,131.427232497841,1.80978763002759,3.36375096719772,0.308672364872764,0.204268656711397,-24.7845078335253
0.597110031294526,-0.300985274619096,-0.103778732749512,-1.70912893806848,-0.159504094854247,0.141352769644702,131.911350615206,1.38039220323458,3.38653700561159,0.309937380999575,0.202548981405211,-24.8155615448241
0.598207538092362,-0.301466753980901,-0.103380224504723,-1.70916460034297,-0.159246537797194,0.141845177559208,132.447963102819,1.91411974275206,3.59543403630488,0.312739978738079,0.204261583900258,-24.8429860742992
0.599268559757997,-0.302209567041422,-0.102824237526642,-1.70901011282677,-0.15905552486101,0.142258665078091,131.782315310638,2.0756221508675,3.76753456698455,0.308560080307549,0.204201081099457,-24.9066593831774
0.600271054228167,-0.303175554297226,-0.10213990646299,-1.70869258655219,-0.158945336381008,0.142591536848919,133.183419495771,2.00689795910785,3.73483087500898,0.307091876512553,0.205398230047095,-24.9078563427732
0.601201965613051,-0.304309569500617,-0.101364569719405,-1.70825504174014,-0.158911911255485,0.142859530411871,132.4585427148,0.914747293629489,3.57658455968595,0.30923047543749,0.204170629152826,-24.9724623652548
0.602055197949016,-0.305563870268417,-0.100530094329694,-1.70773243731804,-0.158945447643282,0.143079767201611,132.988889935848,1.60936735939185,3.69311722913582,0.306957194846663,0.206682684563081,-24.9974910567837
0.602836483217512,-0.306878224653209,-0.0996704505504341,-1.70717298917285,-0.15902246362862,0.143279339728133,133.32575971542,1.64410085646227,3.69907666762722,0.308287218963417,0.209329860045267,-25.0152390612847
0.603556707109135,-0.308208744881618,-0.0988084613255918,-1.7066103648704,-0.159117559527748,0.143482341142047,132.885927757987,1.62054933728746,3.49314884633421,0.312825369657832,0.207917493837471,-25.0791970425097
0.604236702434841,-0.309531246602216,-0.0979526002403784,-1.70606805839537,-0.159195699885564,0.143720066474756,134.202318751437,1.9682616587545,3.55226870227625,0.30942040859921,0.208415272937331,-25.0885645432219
0.604902431837617,-0.310827794205598,-0.097104987078158,-1.70556335853054,-0.159223375824716,0.144016793407464,133.222269222549,1.67401280226522,3.67303590172025,0.31111764403689,0.207787854967692,-25.1430160219435
0.605576664645993,-0.312099807123606,-0.0962584983015955,-1.70509738519467,-0.159178696994071,0.144386782722385,134.068465040281,1.44064414416744,3.66707669388211,0.312452064615263,0.208181918247136,-25.1703379785092
0.606282434189929,-0.313351416458904,-0.0954034092478793,-1.70466817340454,-0.159044012934074,0.144838464149203,134.375656379258,2.09566372220252,3.80855960446377,0.311620532612748,0.208228811759744,-25.2035370965334
0.607044381449353,-0.314587488860805,-0.0945283652699597,-1.70427194896477,-0.158807805208169,0.145372385987299,133.734016838845,2.57808223534539,3.46372304464288,0.311651298801033,0.206423193264552,-25.2640906868973
0.60786784495763,-0.315814522525952,-0.0936295352477411,-1.70390287778962,-0.158477859819475,0.14597975547289,135.14093844622,2.04755950804611,3.57130671652558,0.314254898249926,0.209675098599361,-25.2614516180369
0.608760028333392,-0.317015258011356,-0.0927150930774801,-1.70356880688738,-0.158065720071074,0.146644895448153,134.230915988392,1.78250846638048,3.51412398989888,0.318086824065584,0.205188167736026,-25.3174669411528
0.609711158789902,-0.318161268993522,-0.0918072900180219,-1.70328278977819,-0.157595450177757,0.1473470857626,134.890781785945,1.931086460816,3.67592738981065,0.317544333337632,0.206476421746286,-25.3337289614636
0.610712656914008,-0.319209260419373,-0.0909369513066345,-1.70306822141094,-0.157089839203158,0.148066054026217,135.190662596477,1.25147214000094,3.81267274143306,0.318082362786397,0.209903688592003,-25.3610676805963
0.61174793277542,-0.320103460922562,-0.0901450890351879,-1.70295387793384,-0.156579037144681,0.148776210465616,134.792429066458,2.12732235516569,3.53923682042824,0.316556851277477,0.211653433430391,-25.4182433279564
0.612796247075335,-0.320775419491741,-0.0894815328560764,-1.70298057850462,-0.15608704684173,0.149460563987298,136.171909040118,1.58904080335651,3.69453919352236,0.31898258581904,0.211147456811542,-25.432353535277
0.613835738636317,-0.321159981106846,-0.0889954056375912,-1.70318485116657,-0.155637507187673,0.150102392562553,135.226241459546,1.51171513523354,3.72958420775797,0.321120583597316,0.205590136006167,-25.498488468164
0.614835530513453,-0.321219192796002,-0.0887223482038097,-1.70358199377346,-0.155259146666755,0.150681010117212,135.824315592837,1.95327064973208,3.71851654912408,0.320857710160003,0.208064851326496,-25.5275623142639
0.615776047323929,-0.320932216741857,-0.0886824251540447,-1.7041808616554,-0.154965491506318,0.151187412144012,136.259796809198,2.31489088870399,3.68447203407314,0.32331151420238,0.210090288182379,-25.5533898178917
0.61663056025862,-0.320313158650055,-0.0888786154283839,-1.70496250861408,-0.154778608394285,0.151606513781602,135.779091736546,2.51476722442862,3.6805774561187,0.323280894089142,0.205034355434462,-25.6169568077245
0.617386223378695,-0.319399988912718,-0.0892931803462706,-1.70589765826494,-0.154704147039024,0.151934607568831,137.053762418496,1.814215115651,3.71190423679636,0.323694890791415,0.209813871965325,-25.6206880896508
0.618041935749535,-0.318279022598025,-0.089873641756931,-1.70693056247766,-0.154732703213685,0.152179310705904,135.985777664553,2.6971090686186,3.64716251468133,0.327336607574443,0.211083784493612,-25.6771544613545
0.618592658691184,-0.317049006904245,-0.0905629027529773,-1.70799549168,-0.15486111633471,0.152347097444926,136.846235398604,2.53664644807395,3.68406625648328,0.322269885510146,0.210549089719997,-25.6983072229342
0.619043162538218,-0.315824272487625,-0.0912906212894656,-1.70902300214547,-0.155075648239048,0.15245434298002,137.278495159896,2.17638091397339,3.76560000891931,0.321453637947043,0.212905476163079,-25.7294777773424
0.619414595821938,-0.314717328073634,-0.0919797874994865,-1.70994933343775,-0.155346357536134,0.152527796777237,136.744295196422,2.45466452804476,3.67221442788474,0.31867352778741,0.213353415752342,-25.7929879045803
0.619721537183072,-0.313820504662512,-0.09257019690553,-1.71072734747323,-0.155646770212052,0.152599650809396,137.888151885275,1.77835481390343,3.80707947754908,0.319879317336671,0.213285992116814,-25.7979907180797
0.619982037423177,-0.313214007934906,-0.093008321855778,-1.71131738324935,-0.155950563714008,0.152701096170683,137.112191436175,2.091068129522,3.70884123849925,0.324605693710097,0.212992244025592,-25.8541175648406
0.620221029510236,-0.312937442471129,-0.0932616671421833,-1.71171209459938,-0.156220991292026,0.152872748599976,137.735464912262,2.46212865744133,3.67233632750001,0.32345844526143,0.211745934198791,-25.8832322918767
0.620455324396955,-0.31299341461951,-0.0933234964621395,-1.71192046371568,-0.156435005137696,0.153142340745516,138.357928109169,1.70544951516899,3.7845931256507,0.32509134415677,0.212661152346234,-25.9101400361546
0.620709644125225,-0.313349228113446,-0.0932062137687708,-1.71197644956862,-0.156566077200636,0.153536995642371,137.664305452323,1.12351029973479,3.90048083557775,0.32575052402957,0.212487206942889,-25.9674566544686
0.620992191724958,-0.313941060845445,-0.0929482628856374,-1.7119249334972,-0.15660712359469,0.154066277585712,138.734774853425,1.73778893190911,3.8597159872979,0.323766653757021,0.214150154633208,-25.9754716790473
0.621304620977446,-0.314697360708259,-0.0925947846466179,-1.71181071148568,-0.156560630718167,0.154728243351891,138.007146385571,1.69900005151476,3.81583509675337,0.32755493725303,0.213164686128473,-26.0379399671172
0.621648114191968,-0.315524858174338,-0.0922046479735506,-1.71168460886578,-0.156442176648307,0.155500934772131,138.837871308998,2.26480364953363,3.81394251828607,0.323568243772641,0.210210284833309,-26.0710291949433
0.622012375105528,-0.31633543039176,-0.0918373922196228,-1.71158914733013,-0.156280113914105,0.156350151737087,139.336174856718,2.70261599854348,3.81073378797871,0.325586877664487,0.214674224899371,-26.1020890443585
0.62238322167846,-0.317060756446562,-0.0915412804795076,-1.7115480924623,-0.156113142712649,0.157228808133179,138.618824512754,2.10704525168399,3.86629843650536,0.32686196854851,0.21443965457406,-26.1602625601562
0.622750077474757,-0.317637071807546,-0.091360516379712,-1.71157988445453,-0.155982456454499,0.158082286558721,140.003294993286,1.59339275643242,3.7717234050358,0.329558553403784,0.213542955061259,-26.1661376172502
0.623105734100166,-0.318021847460393,-0.0913237855764477,-1.71169028362519,-0.155925192465022,0.158856111335261,139.231148184348,1.95920063123958,3.72349588010036,0.334534170022893,0.21220577292665,-26.2317147706052
0.623429939390871,-0.318202236426045,-0.0914478854755397,-1.71186865867199,-0.15598530911293,0.159499740913741,139.909065565654,1.92981564934712,3.78896617307026,0.333763209584649,0.214121119808998,-26.2631736637657
0.623716311006891,-0.318172270444299,-0.0917372223878539,-1.712102021759,-0.156194008094614,0.159968284827204,140.294786222233,2.23145028797353,3.80700989836765,0.334241377707731,0.216977077206752,-26.2882143205348
0.623965435184498,-0.317938528409162,-0.092185600480149,-1.71237948913046,-0.156566682131777,0.160236617628605,139.559364488846,2.66281231330572,3.67633057708176,0.333217412189853,0.21399903332064,-26.351572350892
0.624173181057683,-0.317539051195091,-0.0927699479437682,-1.71267384939967,-0.157114604095809,0.160290788049272,141.057932658663,2.63559688854752,3.85658855182587,0.332002677624466,0.214727396640314,-26.3590043059355
0.624348311941332,-0.316995287106948,-0.0934709802826171,-1.7129778813983,-0.157826688171147,0.160138735000506,140.162538809629,1.82497632580612,3.79150585084176,0.333166166667645,0.21299685556974,-26.4203087869828
0.624496930431471,-0.316340103241599,-0.0942614448873254,-1.71328214482011,-0.158686083081674,0.159799853825675,140.805915072215,1.92579800741123,3.7688444903292,0.331396978786085,0.215230387785504,-26.4496378595923
0.624617297071633,-0.315610063455738,-0.095116919281079,-1.71357846687868,-0.159673459363785,0.159305572430945,141.186428665212,2.20408060248633,3.82929683242691,0.333896512501957,0.218792165126754,-26.4739260747038
0.624718192188175,-0.314835290578704,-0.0960120887339268,-1.7138700061485,-0.160747564120877,0.158707331628745,140.477115007605,2.39720003144453,3.89079161518214,0.333213606093596,0.217008709928156,-26.5413207596995
0.624805642332522,-0.314051869242467,-0.0969185711694024,-1.71415564002873,-0.161868714086772,0.158055991610302,142.144984353645,2.37237723687917,3.86462052541384,0.333922766818334,0.219804849065131,-26.5444656268829
0.62487466384912,-0.313282001719323,-0.0978223080481202,-1.71443509496603,-0.16301015279764,0.157390823010903,141.320596841572,2.15824159010799,3.86294640977167,0.335953751973704,0.219018455312319,-26.6127457071172
0.624924730293061,-0.31254817401931,-0.098708702167383,-1.71471257335232,-0.164136069880346,0.15676031540244,141.873363014943,2.49554876704133,3.93374364262297,0.334212576592976,0.21885298484046,-26.6466025284199
0.624952078395553,-0.31187827296392,-0.0995612772830883,-1.71498184042704,-0.165218253632259,0.156200390699586,142.476308615838,2.540269598348,3.90479212659696,0.338927295994011,0.217975278251427,-26.6751279322548
0.624956728487174,-0.311280558467316,-0.100376196788098,-1.71524700963628,-0.16623135498156,0.155740420113304,141.588981676261,2.08571053391347,3.72197819852107,0.336221556639397,0.21787290690778,-26.7432606456609
0.624948240158921,-0.310767800995353,-0.101143069108065,-1.7155084121446,-0.167147659152152,0.155405646580481,143.159339283783,2.18352897987347,3.82686334037797,0.338920123244553,0.218666813680089,-26.7497699522472
0.624929363616349,-0.310348539548997,-0.101858663039662,-1.71576128747705,-0.167954178852687,0.155204712781435,142.308601062256,1.70857007275913,3.9358678119917,0.340184724992166,0.216931452207727,-26.8130200069286
0.624914173730276,-0.310014635562372,-0.10252694306724,-1.71601147861171,-0.168634787605802,0.15514389047676,142.941660918253,2.4433830523501,3.99265162052828,0.33695810917295,0.219741157795635,-26.832303487817
0.624918068949566,-0.309753955072797,-0.103153450649683,-1.71626424721819,-0.169182711636822,0.155218441185923,143.449097242513,2.40238800087036,3.76162798794826,0.340671615128613,0.217995009801784,-26.8518829024794
0.624950648125906,-0.309551888877473,-0.103747787662004,-1.71652315436647,-0.169601911380224,0.155414160743944,142.663312426658,2.20620394217963,4.00130018081146,0.340828032596438,0.217280946464979,-26.914421161621
0.625033073359363,-0.309375053184076,-0.104324372831145,-1.71680542845884,-0.169891408544616,0.155717319824582,144.053521638656,1.99164091669286,3.99016857198274,0.339932726392645,0.219824776766989,-26.9141124891738
0.625175799558702,-0.309194848015764,-0.104899957935822,-1.71712166672879,-0.170063741225334,0.156105823187391,143.211495433686,1.95348886489774,3.73807721384671,0.341139324191383,0.21993984576271,-26.9768407556138
0.625386543578269,-0.308978666497508,-0.105492281895664,-1.71748621202772,-0.170134519830209,0.156558194563522,144.074112448064,2.51821217699035,3.91256640712035,0.343230278002621,0.220404327086914,-27.0065950936807
0.625661610920022,-0.308703887657489,-0.106117119476364,-1.71790618851951,-0.170129003823554,0.157050333162203,144.481039991986,2.25256894435688,3.89818332086685,0.341358524651779,0.218436625830119,-27.0347431688795
0.625997632035309,-0.308349906401011,-0.10678798458407,-1.71838433983015,-0.170074290986651,0.157555657472792,143.652486896145,1.99528168208599,3.89420865930504,0.343521915400864,0.219143138908523,-27.0976127579606
0.626381202598002,-0.307908393131869,-0.107513059739848,-1.71891846250531,-0.17000066125911,0.158051980433051,144.964510715217,1.60700405817988,3.93288263573439,0.345638548905367,0.221878919599389,-27.1014340556413
0.626788927287842,-0.307387066121597,-0.108294694256931,-1.71949345197124,-0.169943923173821,0.158515923743544,144.163608171652,2.3927747792759,4.01806025487335,0.344762888138134,0.22007981768667,-27.1608733714857
0.627199117299923,-0.306798083507832,-0.109131927458016,-1.72009225471734,-0.169934646726882,0.158929229390446,144.971760223899,2.47773061290786,4.08879534911597,0.34425446409836,0.219008262680856,-27.1928426776225
0.627584179698137,-0.306153035603561,-0.110025281113686,-1.720698994115,-0.170002953901719,0.159277671921612,145.187923300688,2.14092794644898,3.9858903725931,0.34699366856212,0.222551959889616,-27.216077410491
0.627917871763592,-0.305482939894682,-0.110963061893886,-1.72128494665103,-0.170175051565899,0.159549843515191,144.591971303138,2.4184828811035,3.90683560698295,0.346607108267771,0.222502010691103,-27.2741865131579
0.628188985247181,-0.304817376568852,-0.111929902849338,-1.7218258067046,-0.170462145205202,0.159743262357854,145.955575282923,2.43336756434701,3.9514406722713,0.348340318977105,0.222276225851759,-27.2744054989614
0.628392301601708,-0.304176098046233,-0.112912617664932,-1.72230917678235,-0.170862771844586,0.159866459081188,145.110425776024,2.04406278364354,3.99223338927976,0.348522498888117,0.225394409874974,-27.3377393774773
0.628526806678093,-0.303581634394765,-0.113894010093287,-1.72271910409468,-0.171373805275272,0.159925302974572,145.800420870164,2.12447795379671,4.011479210743,0.350396458950054,0.222065332622299,-27.3660322345982
0.628612776976642,-0.303044946304654,-0.11485453183156,-1.72305228857772,-0.171971993540144,0.159934440712743,146.216398978329,2.89511367733644,4.02842746184808,0.34843613070033,0.224277668584653,-27.3902841029344
0.628674444324439,-0.302577877886538,-0.115771886959449,-1.72330769212452,-0.172629357707241,0.159910968941798,145.641912586658,2.09572996732504,3.98800004462558,0.347357158301192,0.223470342574037,-27.4565016968677
0.628744210428596,-0.302175705276456,-0.116630532342365,-1.72349388364016,-0.173314908685529,0.159868508174821,147.044002967563,1.90395946045965,4.06111756799672,0.352905236701444,0.223125423421769,-27.466690511351
0.628862231499296,-0.301827679938098,-0.11741383913485,-1.72362886549802,-0.17398779414452,0.159825574175921,146.167173694492,2.39175744737236,4.01226134532592,0.352324988872456,0.22122416715765,-27.5283927467302
0.629069164559684,-0.301511423321807,-0.118112850128784,-1.72373889974564,-0.17460659620418,0.159800618456618,146.943767002635,2.84924349527387,3.93912298172629,0.350915955000681,0.221912866154852,-27.5527278262462
0.629397510043424,-0.301194092913627,-0.118729174904097,-1.7238561283506,-0.175137776091377,0.159806579123097,147.360960330734,3.40645389240535,3.95209657950318,0.356869239941872,0.222257045484043,-27.5782455903703
0.629883905810317,-0.300849664628146,-0.1192585273426,-1.72400866402896,-0.175545218892137,0.159855092428684,146.437922584702,2.68868316248813,4.05028657859111,0.351229113076833,0.222250773103974,-27.6285630209607
0.630549424652127,-0.300446665682505,-0.119708003030179,-1.72422882446424,-0.175802780591717,0.159957478799843,147.795377169404,2.34761638351392,4.09458572294298,0.351308451814833,0.228149721039417,-27.6282690301565
0.631398514829205,-0.2999590420429,-0.120092392165375,-1.72454186119465,-0.175899431713773,0.160119111529527,146.985374561789,3.15783308124946,3.87929476418549,0.352670316879692,0.226058605605761,-27.6939566451141
0.632438110703662,-0.299366506976264,-0.120425557886186,-1.72497153959974,-0.175820167223782,0.160350157811076,147.851883637197,3.17947066182137,4.03976539661414,0.351928487624412,0.224020044805205,-27.7193506524262
0.633655381800013,-0.298663522354326,-0.120721959599633,-1.72552612751449,-0.175567861185525,0.160653489506278,148.129123472429,1.80164691269465,4.17830114361146,0.352564356983444,0.224591281556221,-27.746278407806
0.63502360457028,-0.29785568799072,-0.120998419924349,-1.72620352315889,-0.175160268002698,0.161026155400831,147.509599208373,2.37559508094319,4.13468068480705,0.353961582408387,0.225742240414338,-27.8069290057553
0.636510393879881,-0.296964533548154,-0.121266772952843,-1.72699006480628,-0.174619526327845,0.16146600943692,148.932809045473,2.66275866204251,4.19283470879037,0.355184376721073,0.224945525913427,-27.8233647752017
0.638074516199649,-0.296033294784528,-0.121531914291256,-1.72785065445893,-0.173980543029273,0.161962937023854,148.111436056492,2.8667507041398,4.15037313082971,0.35879991162477,0.226151652965671,-27.8878587299947
0.639675299524154,-0.295105636780193,-0.121797467986048,-1.72875037238337,-0.173279673570742,0.16250648654488,148.748862878961,3.08865222645204,4.00134184547221,0.359719026377042,0.22341751829124,-27.915580064846
0.641269688863691,-0.294235190407717,-0.122061178698732,-1.72964249150396,-0.172559064164021,0.163080478902504,149.264756616577,3.14309366691054,4.17416395225263,0.36282896708525,0.226742300731176,-27.9455966963936
0.642807810165013,-0.293493685551221,-0.122310107966121,-1.7304640420595,-0.171870155905799,0.163661128177172,148.505640814683,2.75922455332466,4.19048244908836,0.361537015374942,0.221222458760838,-28.0137277852165
0.644256271790124,-0.292930804989993,-0.122534650378817,-1.73116818454686,-0.171251631409646,0.164228141227648,149.860446848748,2.74627428721192,4.18977776387933,0.359125782846072,0.228335249412099,-28.0132329552461
0.645588651850262,-0.292596073534175,-0.122719146311426,-1.73170506495293,-0.170738645895829,0.164756052250421,149.040896607708,2.45715423024808,4.11957696877917,0.363281180892779,0.226615181904266,-28.0757978591956
0.646784422481208,-0.29252069048322,-0.122853312080371,-1.73204176874673,-0.170357236385162,0.16522723388579,149.648193740574,2.34785827617088,4.01559907660618,0.360422205734373,0.226109155812684,-28.1021665771364
0.647833086794566,-0.292720284801016,-0.122926183735753,-1.73215504213199,-0.170123655588402,0.165623993855465,150.160292035088,2.32494105176988,4.01625948953043,0.358891902208971,0.227485463757713,-28.1232584157573
0.648739199286722,-0.293172290528298,-0.122940401760455,-1.73205102822504,-0.170040018625314,0.165934424068059,149.657008256668,2.58944777822308,4.12227868149964,0.36077304684492,0.22729463594144,-28.1853661931071
0.649502148063423,-0.293853623241172,-0.122898509820896,-1.73174039809461,-0.170106631310595,0.166150680542582,151.087593755575,2.69170710593335,4.15607966253563,0.361291251578455,0.2299931428341,-28.1927722433917
0.65014159031609,-0.294701115368312,-0.122818051360906,-1.73126683954272,-0.170301049548917,0.166279906582277,149.936092229188,2.96435427922529,4.11960990949731,0.361099431700877,0.226096975514381,-28.2521978347462
0.650676060327935,-0.295652395250707,-0.122716000766578,-1.73067875305535,-0.170597144227044,0.166335600280428,150.772924958799,3.09448005027457,4.17092599196502,0.363129831156103,0.23006716503899,-28.286835243618
0.651126850295158,-0.296629718310742,-0.122617676173435,-1.73003997650423,-0.170962132108435,0.166339647365017,151.207777796564,2.9160954930253,4.14375745319276,0.365523566374204,0.230594381145382,-28.3134579249729
0.651519377851102,-0.297551157032354,-0.122551930042948,-1.72942212843722,-0.171355085290028,0.166324537300949,150.548461372679,2.82171848249277,4.04943951403021,0.36459888531436,0.229171128620352,-28.3725854621571
0.651884081696335,-0.298349708124326,-0.122537917256681,-1.72888922476426,-0.171732138604399,0.166326349140732,151.867519995604,2.60743680619862,4.10893282279855,0.365149238483241,0.228549257505005,-28.3751831693203
0.652238135266168,-0.298971580054893,-0.122595992828665,-1.72849275843847,-0.172064478169669,0.166374357534009,151.127097781634,3.26570511675982,4.13075440749103,0.366235701405248,0.229224429428612,-28.4380435295629
0.652606372694252,-0.299381888910929,-0.122734886599892,-1.72827659509661,-0.172316121096027,0.166506549094703,152.042440180723,2.65351599528367,4.14748302531856,0.365115018789936,0.229637260043846,-28.4759019257072
0.653017661861735,-0.299559288673332,-0.122955174969762,-1.72827290738766,-0.172450341111153,0.166758818978965,152.426317532933,3.35988711972504,4.21368643919186,0.364867305331616,0.22865600763191,-28.5082409757752
0.653491497143782,-0.299511719310929,-0.123247166989431,-1.728487690201,-0.172446016624453,0.16715512277298,151.690566829268,3.27811698345795,4.11773588654259,0.365673020595079,0.228069709256339,-28.5715193965384
0.654052121627015,-0.299256360679427,-0.123593828098059,-1.72892052907808,-0.172279910682196,0.167719449700134,152.887531934789,2.96069278783239,4.29659300996613,0.370825948802936,0.230326624227996,-28.5731698679541
0.654717393094007,-0.298840665934053,-0.123963935190403,-1.72954177710104,-0.171939873973392,0.168462354900015,152.123577747699,3.02490481065115,4.26163868442694,0.371517410907738,0.228280751366127,-28.6404389698964
0.655500788213563,-0.298322819922808,-0.124321644222556,-1.73030806470356,-0.171423452966779,0.169382192856097,152.959303123677,3.1795248498895,4.15826822565305,0.37200613335308,0.232401859345604,-28.6702520469638
0.656407490080614,-0.297753770740302,-0.124638424326885,-1.73117766514614,-0.170736588660821,0.170470518011177,153.195345803649,2.37062559403512,4.09899973989027,0.374093940269462,0.231637602091062,-28.6945485929514
0.657423376444925,-0.297187925734588,-0.124892179022459,-1.73209336502708,-0.169910212555795,0.171695652990663,152.625067955065,2.08147280376897,4.06759246688569,0.372151847751788,0.230592128853726,-28.7467278001041
0.658531720712722,-0.296671095314983,-0.125064133521509,-1.73300456758869,-0.168975487095459,0.173023755274173,153.959139880912,3.08219002206147,4.27808297947325,0.367546717623921,0.233854269159169,-28.7595566642868
0.659703516875381,-0.296238706510847,-0.125147914968322,-1.73386414041553,-0.167974256033315,0.174414095085226,153.170277427682,2.89498187254821,4.20226027354869,0.36882123597705,0.230964298097445,-28.8267083951315
0.660900173877829,-0.295912811705716,-0.125147187198299,-1.73462963078283,-0.166961693039263,0.175814400137427,153.879982459545,3.23209185007477,4.07519156139264,0.365968500843615,0.230285830823853,-28.8522565090561
0.662061836444372,-0.295702875934513,-0.12508224977479,-1.73526917410053,-0.166005252421716,0.177171672649529,154.201722848637,2.32350831258486,4.23001588610353,0.369389334907048,0.232895861647831,-28.8764284577801
0.663135941820245,-0.295596866291883,-0.124982871834784,-1.73576770948037,-0.165166903272804,0.178436373994207,153.469930341263,2.38529968796593,4.29290111949288,0.372606289185718,0.23219583497759,-28.9449133139703
0.664073997810995,-0.29557252889746,-0.124882056398451,-1.73612501780584,-0.164499994081735,0.179569339022698,154.945506651327,2.74317977870919,4.20413055694453,0.374084317174209,0.233843021548911,-28.9540140097849
0.664833699275264,-0.295610467716918,-0.12480795213686,-1.73634392459129,-0.164049816446528,0.18053832219299,154.187200616339,2.15137446594758,4.15028219936903,0.375340653924186,0.232158401745698,-29.0185434069946
0.66539419714935,-0.295675615341652,-0.124787611775237,-1.73644984572087,-0.163836157249901,0.181331494545761,154.802180935162,2.7175331818471,4.36234706002571,0.372637703101202,0.23349813106653,-29.0381147054575
0.66574715600034,-0.295721606213375,-0.124850688117526,-1.73648214927061,-0.163865172581393,0.181949676695724,155.257804250087,3.13788464146296,4.32444621094552,0.374192732388518,0.234282048427645,-29.0616735053287
0.66591051336603,-0.295711461782226,-0.125007550387164,-1.73648914319091,-0.164106563634527,0.18242148184341,154.633678040513,3.21866067864403,4.39294152778649,0.376586460724655,0.233396580714311,-29.1272185960534
0.665919426931941,-0.295624769789538,-0.125254758506428,-1.73650718705782,-0.16451919970912,0.182778807141952,155.960118227903,2.99701973379501,4.28486771988784,0.375521006931569,0.235868447692336,-29.1294723438217
0.665824968552662,-0.295440493396783,-0.125580623651201,-1.7365791204565,-0.165044668372339,0.183064123700783,154.942452184466,3.1550955450175,4.30927622600893,0.379098471468667,0.233943059502493,-29.1871647399208
0.665685862948814,-0.295151515274314,-0.125962617736225,-1.73673749926661,-0.165616203222459,0.183323349527412,155.88964349234,2.88467960645835,4.21736333885337,0.377687412551665,0.233654244338316,-29.2173156363023
0.665573761854173,-0.294759161371217,-0.126370156787461,-1.73701219331193,-0.166151765142167,0.183611906470647,156.194201776052,2.56041264618898,4.2137063582328,0.379131654367238,0.235776998113817,-29.2459514778418
0.66554171888445,-0.294282183929732,-0.126770983863837,-1.73740909384248,-0.166594157572949,0.183963101591941,155.561111607642,3.33958979097042,4.33672360769447,0.383205158258039,0.234450348493734,-29.3009671141598
0.665638751213116,-0.293749882038694,-0.127130115520964,-1.73792079661427,-0.166892559724967,0.184402983412045,156.890602930025,3.15432495515392,4.35338952634319,0.3801357734521,0.234134320967566,-29.3009620089298
0.665885603064481,-0.293199373864153,-0.12742251050809,-1.73852448897765,-0.16702586571393,0.184938372567692,156.091517437714,2.64798423488423,4.29354916199733,0.382623825773373,0.236099455097144,-29.3663481981044
0.666289907352044,-0.292664755765224,-0.12763221610948,-1.73918596070006,-0.166997164372676,0.185552602603172,156.720599441392,3.41876341015995,4.1950968769344,0.379262616317724,0.238069529341187,-29.4012256043496
0.666831426617056,-0.292187733087976,-0.127753722418956,-1.73986238077296,-0.166832903680844,0.18622092407865,157.112176111811,2.95964745869014,4.42977721971928,0.38085281273506,0.23708788392871,-29.4306898148813
0.667489762579639,-0.291791522851514,-0.127792816101889,-1.74051588104534,-0.166568774856752,0.186905780197256,156.521419946735,2.69467035039179,4.28614106442384,0.381448836917339,0.237260050016432,-29.4935979214012
0.668235794384195,-0.291503098671404,-0.12775722554675,-1.74110415332282,-0.166251136917525,0.187564120941126,158.077928947237,3.74852310860683,4.35081152013242,0.382730131925639,0.234333444497935,-29.4996071163558
0.669018253201323,-0.291348095466326,-0.127665304902547,-1.74158507633325,-0.165943403606496,0.188150469508381,157.066734588635,3.80492010936064,4.29741958614181,0.383533633258242,0.236358097743562,-29.565573123685
0.669810833387455,-0.291335427371363,-0.12753283393673,-1.74193608985606,-0.165683929513921,0.188635065216207,157.732249925947,2.59828121745022,4.3447891370858,0.384915562396051,0.236955881484581,-29.5906262415417
0.670590489821332,-0.291474811770517,-0.12737232505265,-1.74214126293648,-0.165501924217038,0.189001506035875,158.130363800761,2.98348171597263,4.37266025888374,0.389463849457497,0.241075670963371,-29.6088229902454
0.671335033171942,-0.291760596206049,-0.127201194343181,-1.74219883277151,-0.165419502001254,0.189241982170768,157.482965550777,2.87641794624665,4.33519173751134,0.384012122829685,0.234429021568256,-29.6695738453013
0.672046378204189,-0.292186875575684,-0.127024019169524,-1.74212268395009,-0.165426369295996,0.18937747293064,158.950803263689,3.20314608612216,4.42102394286093,0.384202118939872,0.235143057382181,-29.6758727866582
0.672732348091412,-0.292747911281016,-0.126837924590618,-1.74192963156992,-0.165502057524694,0.189437034334021,158.062269277655,3.28617215904137,4.24488295349173,0.387194139132215,0.23882835813951,-29.7348470214181
0.673412176338121,-0.293433157178502,-0.126635096254302,-1.74164607931614,-0.16561033079088,0.189462445778066,158.780336542605,3.35611174221049,4.30647606331641,0.386916116771049,0.241550537697771,-29.7633614957635
0.674108163527244,-0.294220387127115,-0.126411206160821,-1.74130840940202,-0.165707719964356,0.18950219006164,159.220276532376,3.35637999828759,4.46593850920249,0.385933918728558,0.240385484520493,-29.7906784354427
0.674834169074715,-0.29509973437815,-0.126155550388176,-1.74093912972414,-0.1657608719886,0.189594943216294,158.728399971099,2.75779281285236,4.45172174787626,0.389184992352341,0.23728222344074,-29.8577664999053
0.675606023371573,-0.296056963245075,-0.125856487350786,-1.74056369547418,-0.165735058389037,0.189778790925506,160.16309516236,3.4680381463827,4.44512061333535,0.389552883144854,0.237179731089648,-29.8696396304944
0.676421451188247,-0.297075685146016,-0.125512052443927,-1.74019804868719,-0.165621604628287,0.190068741049471,159.011694598552,3.68847154049149,4.38510285690668,0.391619368152187,0.236321719880499,-29.9318743219957
0.677273238361524,-0.298135559381094,-0.125126456238253,-1.73985214166108,-0.165425787880486,0.19046419074349,159.828602064597,3.29021589281388,4.30252586949794,0.396261436990248,0.240804574072492,-29.957146180637
0.678146556129273,-0.299222546595963,-0.124703146125339,-1.73952499909772,-0.165166941227385,0.190949463772704,160.355679795717,3.54182007296686,4.49254273578418,0.39611169892664,0.241184419908639,-29.987697355223
0.679021742100696,-0.300313774082956,-0.124255097695804,-1.73921509041066,-0.164878215801437,0.19149421457408,159.780712935458,3.90649980589728,4.25095894245959,0.394509287373045,0.239313989527119,-30.0548247030505
0.679872530792844,-0.301380123127679,-0.123804737286772,-1.73892155607443,-0.164603505527958,0.192057802659905,161.170042416965,3.0734723851258,4.42949661325559,0.394725969929442,0.242412614097311,-30.0598498704078
0.680683161204529,-0.302392594471098,-0.123372780954277,-1.73864497905253,-0.164379453752029,0.192601286865713,160.204786338092,3.12653004587219,4.41437995852209,0.394006389024359,0.241372533577586,-30.1198479013317
0.681434276272763,-0.303335876534807,-0.122977637703971,-1.73837805179848,-0.164243977619915,0.193087153686734,160.97241972134,4.07302370100524,4.47121808807438,0.392224184366246,0.239029735683943,-30.1405580020556
0.682119498961792,-0.304190729959115,-0.122634656963733,-1.73812467121613,-0.164216083382625,0.193492664489504,161.404257902127,3.68034838121594,4.4422288992188,0.393532928344017,0.24172291047168,-30.1643106041448
0.682733642277551,-0.304955113647712,-0.122352667549355,-1.73788156244407,-0.164308664747415,0.193803212400667,160.603134110516,2.84509312086971,4.27886462851973,0.400156097420392,0.241602303260408,-30.2294942691943
0.683284727601972,-0.305626958669769,-0.122134500754537,-1.73765273731576,-0.164515437724745,0.194018438296598,162.016356151572,3.02002221913085,4.43277359295254,0.395648311426325,0.243027633682364,-30.2308346765793
0.683776441455077,-0.30621387235336,-0.121981214013402,-1.73744195706043,-0.164823145153637,0.194150911554983,160.976890869255,3.21262591341292,4.41658284879793,0.397468093197193,0.241748622842825,-30.2895797957402
0.684219264811436,-0.30673122403841,-0.121886795355103,-1.737251321948,-0.165209716687725,0.194220485906779,161.938036419929,3.10806595179156,4.4546831067172,0.394187814071067,0.242713777742002,-30.3176212081891
0.684621950104338,-0.307195917781623,-0.121844561532451,-1.73708538933864,-0.165649532308421,0.194252643745474,162.232617447637,3.30367159917091,4.43812142369515,0.39624897035843,0.244764355255718,-30.3477975372864
0.684991596854706,-0.307626298689666,-0.121846698418209,-1.73694525944845,-0.166119957313,0.194270534069448,161.584562738657,4.04637161724349,4.52460970936755,0.399625510412786,0.244837440878546,-30.4022348268001
0.685332756461848,-0.308023862922491,-0.121895281396464,-1.73684041476969,-0.166603557779696,0.194292836205821,162.899989550937,3.46659145902868,4.66184986724875,0.397964624310504,0.244651752453801,-30.4113279585227
0.685644497535915,-0.308399758802608,-0.12198774874521,-1.73676841900353,-0.167092381034014,0.194329192442901,162.105645105754,3.37696995560123,4.59411012996924,0.398874161578625,0.245322540680824,-30.4745231917114
0.685928131831271,-0.308763643515,-0.122119550773687,-1.73672279728596,-0.167586026280211,0.194379972833195,162.857642672272,3.04948481648103,4.49151959903369,0.401732591404251,0.243768957816932,-30.5011151241885
0.686183789932753,-0.309109862786348,-0.122293652812157,-1.73670441097262,-0.168090720458702,0.194438748915681,163.195082977659,3.14987795510433,4.47206863261951,0.403425288491917,0.24281190526061,-30.5314477270728
0.686401142905669,-0.30942879945491,-0.122518800995646,-1.73670642447882,-0.168630691666183,0.194483617186079,162.55041355958,3.14488319165639,4.42318070407828,0.404301343577541,0.240164344287358,-30.5993195357139
0.686576869609915,-0.309709335595171,-0.122798269904294,-1.73672357937648,-0.169225892894896,0.194493543986593,163.960219940909,2.92114736296799,4.54410874859411,0.40405432494109,0.243689715175236,-30.610573435429
0.68670084560963,-0.309949115491068,-0.123132846656419,-1.73674583731132,-0.169897256924287,0.194453261304457,163.296489593808,3.12617664013351,4.69073879872744,0.402446497507783,0.245713938421238,-30.6827734539925
0.686780019930561,-0.310146842693293,-0.123512048305338,-1.73676612565041,-0.170649734432682,0.194355161658435,164.101547844714,3.30470368051806,4.51808208884418,0.4017670598213,0.242495246583367,-30.7225786544682
0.686806757208585,-0.310313984869128,-0.123923861317942,-1.73677173442698,-0.171489256767292,0.194199626397946,164.452016206602,2.85664798844346,4.60750233435866,0.40892956770161,0.242673720886555,-30.7491004066658
0.686784481395705,-0.310454495788838,-0.124355974711291,-1.73675889506163,-0.172409501073038,0.193995739717018,163.481978050814,2.90408414003514,4.56567739047787,0.408706055852665,0.244173887776055,-30.809639894259
0.686725947216629,-0.31058914258887,-0.124782483930573,-1.73671769249242,-0.173388588473796,0.193763903290718,165.08752036963,3.32502830439853,4.57145835065495,0.404995458331731,0.246621075033563,-30.8110509156364
0.68664218698121,-0.310749392789078,-0.125173946018802,-1.73663678553494,-0.174396266808526,0.193535535834935,164.220554310024,3.56288919725625,4.50199632157199,0.405468743061468,0.246203794050257,-30.8743133034218
0.686553709703018,-0.310952440135426,-0.125504856895416,-1.73652033715404,-0.175389289720973,0.19334968056126,164.995888070158,3.54181876101416,4.58511648561483,0.401839692842145,0.249481476642766,-30.8991609393609
0.686476520687016,-0.311217172741116,-0.125754963014759,-1.73636825495659,-0.176333012012373,0.193237784996302,165.276793945653,2.8442098739024,4.63316039492656,0.400858134319019,0.248776683061375,-30.9208902351992
0.686438690866807,-0.311541735345285,-0.125913356985156,-1.73619862596917,-0.177181798688578,0.193234118953034,164.520383050809,3.39663222170248,4.45401231557804,0.402871738830826,0.244361748606784,-30.9903247560904
0.686469253104444,-0.311934294955393,-0.125967154323907,-1.73601857383895,-0.177896327453025,0.193362866089412,166.264129601273,3.58870694697544,4.53148370852691,0.40405723753689,0.248123484226258,-30.9942950233615
0.686598611360204,-0.312380896237227,-0.125917937426586,-1.73584792305217,-0.178445953260991,0.19363672528475,165.27306858501,3.85979953233141,4.49870876609836,0.409037616315121,0.249669123366958,-31.0640663161503
0.686851676289819,-0.312855086617727,-0.125779139136993,-1.73570469466596,-0.178819071331654,0.19404563069958,166.0373822416,3.45553716919767,4.65612423094942,0.40797811586417,0.247472910243451,-31.0910975604362
0.687259672043932,-0.313322959058667,-0.125567728236444,-1.73561584490913,-0.179000574740484,0.194581956841257,166.288332773365,2.7905425793067,4.63810547499816,0.413105064136023,0.246643102644794,-31.1190166318709
0.687839625273795,-0.313754020542528,-0.125306616862294,-1.73559620489485,-0.179000026841813,0.195217788720074,165.613013259511,3.28066288863124,4.59481100712813,0.411666752317251,0.247716991234671,-31.1770181554232
0.688601342317549,-0.314123449478673,-0.125017849945603,-1.7356528991563,-0.178836645328736,0.195919374929779,167.088033939683,3.65583625775093,4.67131784558214,0.412416197657834,0.252138663319627,-31.1852530634948
0.689539546207354,-0.314410234613199,-0.124725745392903,-1.73579114564919,-0.178537755868964,0.196654220367324,166.089270422521,3.19991584938975,4.53939790144997,0.414221582933602,0.249644951311205,-31.2430209041427
0.690633835259979,-0.314611039432728,-0.124448986775477,-1.73599433595218,-0.17815121590487,0.197375398666112,166.890980460751,4.16175131600653,4.47023202778337,0.413934577812751,0.248384844109337,-31.2717381624961
0.691844447535756,-0.314737892090169,-0.12420366497024,-1.73623838328031,-0.177730607516177,0.198044927944058,167.258686340467,3.69402214945717,4.65113158027785,0.416245144672969,0.250018247560097,-31.3045863212558
0.693129767757524,-0.314804154879537,-0.124003024154746,-1.73650217142404,-0.177319870273844,0.198639790509582,166.706176540443,3.18202741468417,4.59415936618456,0.415099912449147,0.247813571184629,-31.3665554834033
0.694442152846596,-0.31483966230034,-0.12385029107247,-1.73675295663382,-0.176961478777338,0.199141307165223,168.121742690006,3.15803796563864,4.791653792604,0.415870091180736,0.24877416733385,-31.373173020477
0.695723016453621,-0.314877376589346,-0.123750502413849,-1.73695845536134,-0.176698131390682,0.199540242698607,167.447646619907,4.52376705142979,4.66494552276075,0.418471440497483,0.251248519064034,-31.4396491375119
0.696919344258482,-0.31495084773795,-0.123702482039636,-1.73709092445152,-0.176558089929614,0.199839591407356,168.097385180011,4.06899343598138,4.68275759430765,0.417570939085147,0.245784083123112,-31.4684541912961
0.697989463816995,-0.315087331274492,-0.123703656273058,-1.73713364449965,-0.176554407230955,0.20005438206679,168.531883270872,3.85722194861751,4.62585045929072,0.42081604307929,0.247722530814875,-31.4975373596711
0.698894057193949,-0.315299633321559,-0.123759881512531,-1.73707707390456,-0.17669950192563,0.20019596944406,167.860337882288,2.79435938500092,4.64265660244268,0.418191602624835,0.245214815215084,-31.5569360415048
0.699614528763619,-0.315586633946866,-0.1238769328035,-1.73692774349213,-0.176986642272798,0.200284705207414,169.037370367227,3.81821453381622,4.78364642723571,0.41895677409401,0.250937435604895,-31.5597556045181
0.700149983147401,-0.315931329483409,-0.124062541174197,-1.7367073528995,-0.177397112776448,0.200343856497203,168.291457301818,3.69535686039512,4.6551552823513,0.417521053783874,0.24957136166581,-31.6193631485028
0.70051025514956,-0.316313565985067,-0.124321930344695,-1.73643897063136,-0.177909497150239,0.20038972350883,169.093743228548,3.81848495374425,4.69074543895223,0.414606303531123,0.249993979809438,-31.6514597218489
0.700716813993242,-0.316712479310547,-0.12466002451296,-1.73614692314957,-0.178500885945129,0.200433935719184,169.287945434257,3.46482891607684,4.62748264476397,0.420046124027408,0.252339454887671,-31.6694949558376
0.700790223275855,-0.317105945755912,-0.125082964690056,-1.7358542103306,-0.179153995145576,0.200480119510089,168.611917386504,3.57985784412676,4.75935227522058,0.419164499578286,0.252486701953684,-31.7319624767439
0.700760590620992,-0.317480877447355,-0.125586875971182,-1.73558052286139,-0.179846190663079,0.200532725694917,170.027535632947,3.444044644722,4.74338651803484,0.422770024054329,0.254122049985369,-31.7416305971629
0.700653349651389,-0.317828499605389,-0.126168016151666,-1.73534111276249,-0.180562653475461,0.20059086273566,169.300570527471,3.44331870420183,4.70588079212982,0.423204535725453,0.251365484944765,-31.8095478923529
0.700479638014819,-0.318154397858102,-0.126820180954087,-1.73513535638913,-0.181304804096609,0.200643566712442,170.250077191168,4.2452710367063,4.66043042006203,0.422397338117675,0.251224642622517,-31.8473405810544
0.70025155637091,-0.318483053758003,-0.127524244596185,-1.7349529246896,-0.182068849245848,0.200687721817668,170.539021847146,4.27459951807555,4.77040119512367,0.42805422896816,0.252378900163401,-31.8803821623623
0.699970056692235,-0.318837299957834,-0.128265260207712,-1.73478210004465,-0.18285754411177,0.20071981375857,169.738038729866,3.68638637459708,4.61986534294192,0.427176182736317,0.251667094075208,-31.9370139732716
0.699629716377178,-0.319251567210558,-0.129023859384911,-1.73459877099057,-0.1836788514714,0.200734686479052,171.240887218558,3.61684442152705,4.78534214358268,0.424767834392972,0.252753509467905,-31.9270373292193
0.699231388823856,-0.319755646517229,-0.129778473482587,-1.7343841230272,-0.184529984155893,0.200736783181499,170.387327722932,3.14379689465909,4.68038726502598,0.427610665499961,0.25327039340592,-31.9915191113857
0.698767797532973,-0.320368835237897,-0.130516661270488,-1.73412056943812,-0.185415634249958,0.20072559471402,171.172084567928,4.37068616859688,4.72124913586487,0.425638155599573,0.251544752351803,-32.023039272212
0.698245214872107,-0.321093485784147,-0.131227940603911,-1.73380647164043,-0.18632375663495,0.200712949856878,171.396795062691,4.28414148855609,4.78663024176043,0.429099606833436,0.250903253969015,-32.0417579623141
0.697674282814791,-0.32192842198572,-0.131902630838418,-1.73343385085329,-0.187246215380641,0.200701150072054,170.787068859268,3.71480337197909,4.72632857885611,0.427453667856347,0.253962996776422,-32.1040231270129
0.697081638480336,-0.322850613557686,-0.132535237926233,-1.73301392946033,-0.188159620806572,0.200700604525692,172.126144552907,3.66715480082189,4.77305401052641,0.42705281250739,0.250937882314515,-32.1230254988863
0.696500604081518,-0.323825892057391,-0.133124430285427,-1.73256305768622,-0.189040105264933,0.200716673262641,171.358461006853,3.91085571965232,4.75145108208969,0.429851184275812,0.250130648095623,-32.1936797686435
0.695983839931328,-0.324799403641681,-0.133673630607113,-1.7321131483883,-0.189849311991501,0.200759935276621,172.292683049259,4.36794824380172,4.75887747286433,0.432062923881915,0.251233231555417,-32.2335972220036
0.695586776752371,-0.325724288612617,-0.134181247736512,-1.73169202255543,-0.190549467199658,0.200839476920474,172.768469154074,4.41266858265953,4.82850827417406,0.43668088127029,0.251909259000272,-32.2630594488438
0.695358953107474,-0.326556439209578,-0.134647583539463,-1.73132287970775,-0.191116290273277,0.200953124907509,171.999719557773,4.43777698909003,4.80143751089653,0.436825254512556,0.253501426959358,-32.3249091226928
0.695356807682238,-0.327231636196402,-0.135082797133059,-1.73104945540948,-0.191513470489866,0.201110724294984,173.326476566482,4.01691386741254,4.89246056035356,0.432384896442097,0.254961442973623,-32.3253815909653
0.695621133466129,-0.327713491671507,-0.135488484084416,-1.73089698173581,-0.19171697904359,0.201318495388216,172.529653574608,4.03565620068957,4.71180055854168,0.433908451444729,0.253822396532289,-32.393161458809
0.696177666145456,-0.327978821614736,-0.135868182399545,-1.73088597475224,-0.191710282066557,0.201588282447466,173.296301525654,4.26442026979339,4.7270022679381,0.4295331008228,0.25706341611612,-32.4135172740324
0.697035465104752,-0.328012645982501,-0.136227739191341,-1.73103138237022,-0.191490082597359,0.201927483587068,173.547775927391,4.5541809151141,4.81936627592907,0.428926754925412,0.257114287025172,-32.4374386239921
0.698180279553828,-0.327810418191011,-0.13657895293828,-1.73134342998623,-0.191063637850324,0.202347084944526,172.843082376001,4.81848109328985,4.7525752853773,0.429063309253167,0.254939174104294,-32.5005305806312
0.699582330905162,-0.327376239569316,-0.136935520355738,-1.73182742226145,-0.190445937210361,0.202859017784483,174.415128775069,4.40370014174368,4.82694878054801,0.429600400786818,0.256913545325221,-32.5058222583425
0.701192554843355,-0.326726704614344,-0.137311972846817,-1.73247851639768,-0.189667922575241,0.203468180455306,173.364544394011,4.18661612776577,4.83678923771816,0.43656692698244,0.258257103425304,-32.5687636288787
0.702954258436625,-0.325892691497751,-0.137717544261564,-1.73328293427024,-0.188763280560077,0.204179530775189,174.078276693075,3.78268581037105,4.82726823835489,0.437933840574663,0.256034042020739,-32.6011415438581
0.704812168661511,-0.324911351109836,-0.13815543266639,-1.73422203322545,-0.187763521944728,0.204995678256763,174.482516551199,4.46543429840585,4.89551257728434,0.437129297109378,0.252683704755991,-32.6296504038522
0.706701245398919,-0.323830647266483,-0.13862705631208,-1.7352625126269,-0.186714555466021,0.205904158195495,173.936624404447,3.54010074244866,4.73188380369533,0.43887552899774,0.254024455769924,-32.6957642757802
0.708566700525543,-0.322707531567151,-0.139122784601274,-1.73636111861751,-0.185659857951545,0.206884089699097,175.357019645608,3.54742788473322,4.80405110360152,0.439365983139794,0.255179512229205,-32.7121366918881
0.710367245463923,-0.321607284636316,-0.139620981263137,-1.73747181381202,-0.184631154526622,0.207918221211545,174.39979866365,4.21610771872474,4.83488100016376,0.439884467561209,0.256842990839577,-32.7756546861284
0.712066284904533,-0.320582576274965,-0.140105595704294,-1.73854781170635,-0.183667812724352,0.20897256531367,175.106303184058,4.51783180985876,4.84226832764168,0.43878824455617,0.256714491380328,-32.8012951545869
0.713641692645663,-0.319695212517828,-0.140546897195379,-1.73953666246108,-0.182800720583238,0.210012537340496,175.576841183014,3.60117681491897,5.0069470721339,0.440430228954483,0.258119438942402,-32.8275832813032
0.715088804105509,-0.318978966650869,-0.140925044072528,-1.74040420009023,-0.18205063942472,0.211003642849583,175.036726950425,3.98766568075757,4.8196965697652,0.438069999525805,0.258018047974409,-32.8922446269933
0.716408180435522,-0.318468842252239,-0.141218528588909,-1.74111338481931,-0.181436325794445,0.211910414910767,176.34108168184,4.42596223607734,4.84731297115854,0.438139896421899,0.257738165968768,-32.883292961645
0.71761632083778,-0.318183541410296,-0.141407771744159,-1.74164286025367,-0.180960948977317,0.21270786730957,175.215912451222,3.8636841144139,4.88450183220672,0.44119776990471,0.256243310787907,-32.9406781989264
0.718736120096136,-0.318116536021892,-0.141487032100963,-1.74199001381998,-0.180620496279955,0.21337785434107,176.12662665728,4.22642712705351,4.78585712645699,0.438587413663437,0.258344660383599,-32.9677126163506
0.719792843686225,-0.318232530441813,-0.141468100141316,-1.74217686675356,-0.180403014372124,0.213913620843815,176.51542641003,3.58970379085804,4.93887962236087,0.442992922093832,0.262896800889983,-32.9922684783932
0.720818319913274,-0.318485437208889,-0.141367644611586,-1.74223525701325,-0.180287842878442,0.214318077482633,175.88027411445,3.87711606262928,4.94875431659844,0.441624825012578,0.260866581317932,-33.0597959698345
0.721847753397148,-0.31882676679596,-0.14120249584287,-1.74220545062445,-0.180242510996778,0.214609432193486,177.134469331206,4.72318620885653,5.07872858228615,0.438620862538811,0.25793014602219,-33.0677551938312
0.722918475709226,-0.319201746739963,-0.140991889626292,-1.74213937743499,-0.180221510564697,0.214820968037305,176.380004718719,3.38752310378459,4.89195503550306,0.443388662754538,0.259170643125826,-33.129069529567
0.724061144584572,-0.319564197653096,-0.140752319889064,-1.74208300610907,-0.180184936802187,0.214985479117237,177.154217765084,3.74468831628519,4.85417006615305,0.446155297012065,0.260836925612465,-33.156423275632
0.725306348865859,-0.319873450524943,-0.140495743792079,-1.74208366620388,-0.180086195870428,0.215144127718601,177.610956150752,3.96835590761361,4.9273911585484,0.448011869319679,0.259027830830797,-33.1861206308155
0.726686458420472,-0.320106168679962,-0.140222766352366,-1.74217916828889,-0.179875751815254,0.215341485033646,177.017074627572,3.96247928470507,5.01430926824665,0.447236974188196,0.256775749060961,-33.2447801187875
0.728217741137575,-0.320269040167784,-0.139921238580306,-1.742384130156,-0.17951621752556,0.215614987285871,178.326754310014,4.52677727084074,5.09736240504427,0.451268341773259,0.261700187308736,-33.2491272257076
0.729915560733773,-0.32036798940105,-0.139579140232212,-1.74271441502217,-0.178970661852801,0.216003454311466,177.45008629442,4.29256184217525,4.93106376562179,0.45179554328616,0.256996918226519,-33.3202878308561
0.731770553760554,-0.320446260522608,-0.139173350754143,-1.74315057388082,-0.178231467547727,0.21652414486699,178.29274467325,4.78886140785607,4.89115806998134,0.449334426890816,0.256738099964582,-33.3497579600178
0.733767558303497,-0.32054679029308,-0.138681960473114,-1.74367080109489,-0.1772977755531,0.217188184783949,178.615645455287,4.61806769172085,5.07315007408445,0.45043263568069,0.257934904334801,-33.3755408056196
0.735873170942323,-0.320713281257529,-0.138092588558511,-1.74424078992846,-0.176194276208815,0.217987033934577,178.008971137039,4.11757216673459,4.93458231973952,0.450426258717696,0.258286018777676,-33.4371152427958
0.738033170692812,-0.320990098005172,-0.137401280788375,-1.744818947888,-0.174966926952157,0.218898992527886,179.108362211993,4.99486151959127,5.07997477432008,0.451626212797287,0.262309702034747,-33.4405665671799
0.740190243183927,-0.321412670141354,-0.136611678554462,-1.74536401910693,-0.173669199867101,0.219896020113903,178.549454788694,4.55899988697797,5.15150699428696,0.453755668043269,0.263960282252802,-33.5002836021321
0.742280153530677,-0.321993669242672,-0.135745983591608,-1.74584499420701,-0.172363595897384,0.220943588078313,179.501800022576,4.88002239393973,5.04539649351406,0.452780713235665,0.260816127604898,-33.541011754798
0.74423680060733,-0.322733231208427,-0.134835717232799,-1.74623568467022,-0.171118670373091,0.222002118551467,179.662214839256,4.69009419061581,5.07114745294393,0.455329462959679,0.262774420903535,-33.5635588321346
0.745997417825402,-0.323616193021782,-0.133919233349712,-1.74652079126635,-0.169998272723427,0.223035516202331,178.895376870144,3.63823006979123,5.04247777636905,0.455600966949052,0.264038877545302,-33.6266939259842
0.747523247640389,-0.324615744641926,-0.133032306444191,-1.74669838054464,-0.169045754563036,0.224018605302017,180.482323201482,4.52172967113142,5.19626201021009,0.4533641794666,0.262952897002686,-33.6439299626369
0.748790910222017,-0.325693576162717,-0.132210336603216,-1.74678085117045,-0.16828777782533,0.224937923557999,179.657577751035,4.23473312058763,5.08559410200701,0.453389137531278,0.260691441256067,-33.7128336528369
0.749786353454905,-0.326811047424419,-0.131482102913308,-1.74678208441521,-0.167743459094826,0.225781490528545,180.397830943743,4.274530489776,4.97773575215265,0.455617906773657,0.261702604060859,-33.7443500185657
0.750537348636634,-0.327929531826181,-0.130858092309305,-1.74673074959203,-0.167390554106936,0.226562899958395,180.807920745257,3.86420593006096,5.02467349047231,0.45763526203407,0.264485496289316,-33.7770974379351
0.751087635151725,-0.32901036951806,-0.130338942388333,-1.74666196634311,-0.167190284769519,0.22730378547151,180.242273159237,4.41246700537704,5.02199350771443,0.459565786936167,0.263362351937644,-33.8401901091603
0.751493116695971,-0.330028025067667,-0.129910032672382,-1.74660634154038,-0.167092039228799,0.228031281454916,181.57219610893,4.342086779787,5.16573162381277,0.459763896003401,0.265030737383612,-33.8416979684666
0.751832980688054,-0.330961344438667,-0.129543526095129,-1.74659840257715,-0.167023259415015,0.228784267503449,180.739375529426,4.17097373699926,5.13371172440404,0.462357957294312,0.26233645396358,-33.9118165562792
0.752182444510098,-0.331786763721448,-0.129213441291812,-1.74667029908902,-0.166919543541552,0.22959103765135,181.48539549403,4.71302874351773,5.08930220868507,0.460059180149818,0.262593040613475,-33.9345973160113
0.7526159873449,-0.332478113304592,-0.128894525917543,-1.74685716485173,-0.166716772612266,0.230479273019554,181.750398971389,4.30461199747765,5.27281888752458,0.462147371504731,0.26433224727411,-33.9508481096222
0.753195452721246,-0.333017735535673,-0.128563951902381,-1.74717832495719,-0.166370546477949,0.231459606260915,181.181262692203,4.89223409832653,4.99830332238017,0.461012119309788,0.264650118010501,-34.0249179624135
0.753975431840711,-0.333376543105982,-0.128209552426355,-1.74765816999894,-0.165842861797841,0.232537493815986,182.653808892242,5.02603537593518,4.9582601539808,0.45739351473851,0.2662681031636,-34.0397457598495
0.754986691471187,-0.333523725720461,-0.12783421269372,-1.74830721172782,-0.16512867826846,0.233692280277367,181.483516275662,4.34182197121322,5.00414767461658,0.462505278873518,0.26047148228367,-34.0924164887736
0.756233393487135,-0.333438913094044,-0.127449248534929,-1.74912122268943,-0.164249507313698,0.234887979120283,182.443243828443,4.33969256938553,5.21449634740128,0.463307948812656,0.266799502764254,-34.1200081911399
0.757713567306654,-0.333096158211094,-0.127074720900319,-1.75009736466841,-0.163231417737905,0.236086960732217,182.816889741606,4.93650092853363,5.24735371882792,0.465724026051005,0.269582965282873,-34.1550135032757
0.759409988032973,-0.332480402218489,-0.126735551723133,-1.75121828307863,-0.162122077916333,0.237236554650803,182.075414976197,4.2137417144188,5.15260454334461,0.46512338126251,0.265173855996562,-34.2152154763628
0.761288681605719,-0.3315866853761,-0.126460254541947,-1.75246167784559,-0.160977220561612,0.238287078240126,183.339566202931,4.4038654405424,5.25747859407016,0.466838187816716,0.262844331195543,-34.2107763408635
0.76331365626223,-0.33041713485262,-0.126273943565775,-1.75380436308395,-0.159849741995136,0.239194504329712,182.449544174574,4.735360251472,5.03989524363155,0.468092279413932,0.264386058293006,-34.270724177628
0.765439586968234,-0.329003067106474,-0.12618990185041,-1.75521227500544,-0.158789533200132,0.239928936310429,183.222661276128,4.78644043155259,5.23192993146517,0.462305436581564,0.264283912421363,-34.2960153827112
0.7676257807645,-0.327386736062467,-0.126211569293476,-1.75665367964153,-0.157831457970526,0.240477440981788,183.588824615633,5.13852559891166,5.14069428152982,0.466436460792813,0.267763435521263,-34.3293382325817
0.769832432382851,-0.32562649782071,-0.126329591261091,-1.75809653204,-0.156996361243443,0.240845274300401,183.095367927369,4.70869866152066,5.11865521722504,0.465235377581363,0.266572187037416,-34.395838476279
0.772013638212999,-0.323800594814596,-0.12652217796108,-1.75950526534647,-0.156294791332731,0.24105699791335,184.435197482063,4.77152568284669,5.25513631353022,0.4656560146984,0.268577576137174,-34.4027739861133
0.774134100851484,-0.321987720406706,-0.126757277510091,-1.76085174749519,-0.155720270070071,0.24115118648015,183.682589609891,4.62338828583756,5.21920830740265,0.468327982978394,0.266310377624363,-34.4642445096192
0.776157966376571,-0.320279125275093,-0.126991491927181,-1.76210633666705,-0.155256055743926,0.241180942793196,184.504204087255,4.99539281764146,5.17334642333566,0.471959965903027,0.266008893277979,-34.4925178796993
0.778056830547165,-0.318757990340769,-0.127178108667439,-1.76324506148805,-0.154877109471097,0.241203326807029,184.828714813953,4.53258552910393,5.0741032060624,0.475097597803037,0.268044351192823,-34.5238122619436
0.779806335151776,-0.317508945033103,-0.127265143557875,-1.76424017510165,-0.154554696557638,0.241275363168964,184.190110613162,4.71045968597787,5.08106003832901,0.472296977108192,0.266614627127995,-34.5898820580955
0.781376608586842,-0.316601392905482,-0.127210213035704,-1.76506502674375,-0.154270381826015,0.241442578275046,185.657022589056,5.06792106146304,5.11997650401773,0.469970743270165,0.268024935103096,-34.6041405952554
0.782745641379573,-0.316098080301863,-0.126971116129368,-1.76569463339793,-0.154002998493889,0.241748130097952,184.611589210422,4.58647848393093,5.14914608921771,0.471553886211559,0.266982277848576,-34.6613879547709
0.783897854320441,-0.316026288574315,-0.126525663902152,-1.76611306681161,-0.153743967342339,0.242211919880379,185.359930118508,5.04893552246313,5.24747396554866,0.469403653414486,0.269311610182479,-34.6785924835262
0.784820401940809,-0.316401717616455,-0.125859812286135,-1.76630298992674,-0.153494751898895,0.242836877798521,186.000295724986,5.30647852558786,5.37771747218326,0.472159923212653,0.270184266024521,-34.7059685417448
0.785517337557178,-0.317215988410147,-0.124968788334085,-1.76625434603682,-0.15325918616577,0.243607987582539,185.006795005018,5.05395575077478,5.11524313181209,0.471006102635795,0.266060825251617,-34.7574813244728
0.785996212589256,-0.318433694411452,-0.123869431529729,-1.76597046931438,-0.153045788210859,0.24450064107467,186.361967470421,4.64320606597948,5.3236657985384,0.470554876789326,0.271413915860081,-34.7271937322452
