disp_x_mm,disp_y_mm,disp_z_mm,Rx_deg,Ry_deg,Rz_deg,Fx_N,Fy_N,Fz_N,Mx_Nm,My_Nm,Mz_Nm
-0.509261290653686,-0.0566042528845108,-0.0432008468667568,-0.164477044399367,-1.04968617111419,1.77348568518131,-1.60149643762691,0.510862111608276,-0.0214838653031109,0.00198537451817149,0.000144272299847259,0.387258254354253
-0.508831523766933,-0.0559789630459644,-0.0424015842434731,-0.163703481928261,-1.04979796904869,1.77330029995439,-2.69298661439177,-1.5187753788432,-0.0911909655467298,-0.00970905769104746,-0.00233503208603053,0.338545169653365
-0.508286390570534,-0.0552069649045785,-0.0414455790857104,-0.162825523188491,-1.04984559432142,1.77298843014502,-2.27947964024293,-0.417107824784125,0.0385600949785783,-0.010804529331641,-0.00904074329640814,0.366677930201646
-0.507627857912496,-0.0543760254884686,-0.0404061091949217,-0.161902319394628,-1.0498693960894,1.7726019768993,-1.7599342970816,0.801868871909846,0.126057040314606,-0.00220814018682125,-0.0107762434512622,0.386118836343787
-0.506868571173048,-0.0535773232792778,-0.0393592213725242,-0.160994718056218,-1.04990997369879,1.77220029174921,-2.93919749476709,0.181998368244422,0.0575388030156887,-0.000962906779964801,-0.000329338292117842,0.294237252355718
-0.50603424947124,-0.052905236771716,-0.0383817165218114,-0.160167867289788,-1.05000096401428,1.77184416886393,-1.15554799360888,-0.363445970447628,0.092080719124624,0.00312829508025603,0.00103173921695821,0.337364133104951
-0.5051554056359,-0.0524372499278156,-0.0375391492506043,-0.159477896278731,-1.05016296770031,1.7715789305502,-2.30028183429266,0.712141065381729,0.167225193704496,0.00133735435643434,-0.00405868597897924,0.311590383530555
-0.504254976887233,-0.052251154430504,-0.0368974230446362,-0.158983592613625,-1.05041731235904,1.77144602796105,-2.01726316262796,0.426118271812584,0.132132084496845,0.00125024781694849,-0.00536062715505686,0.302482793222255
-0.503362926434739,-0.0523867189124232,-0.0364943687794346,-0.158720744341496,-1.05076313133963,1.77146041190872,-1.42014385116602,-1.74160170254436,0.0914294256335495,0.000483364586732815,-0.00298492773304543,0.31046171519289
-0.502505848227724,-0.0528614338532511,-0.0363500637389824,-0.158713762444111,-1.05118497278272,1.77161683063805,-2.62716335424807,0.392252462388797,0.13847675663564,0.000331321432142317,-0.00251909532416578,0.286999242126981
-0.501703506217767,-0.0536585188566239,-0.0364602109117262,-0.158964473303695,-1.05165969042406,1.77189229467678,-1.36363775180308,0.207746502597047,0.07686163897867,0.00817613221724045,-0.00901884413773452,0.349032872025316
-0.500967803439635,-0.0547425649111286,-0.0368072113247975,-0.159461919780052,-1.05215867865551,1.77224823530132,-2.40340842314401,-0.665606775458855,-0.067450637251568,0.00147538445656048,-0.00245571260855548,0.300528580334428
-0.500307719346141,-0.0560643970495027,-0.0373616767311131,-0.16018353191857,-1.0526492622895,1.77263911529375,-2.26597732324382,0.0534891551715191,0.0609319137386422,-0.00369986633526809,-0.012176428548061,0.325770251152857
-0.499731263533701,-0.057541689489744,-0.0380690994780994,-0.161081449835914,-1.05309472518697,1.7730097960848,-1.08902330500428,0.451592227414039,0.0552491028913948,-0.00581247433320398,-0.0103389590750259,0.345982794763616
-0.499235162400292,-0.0590913742141241,-0.0388751786739039,-0.162102826067714,-1.05346868267947,1.77331101637255,-3.00030841036721,-0.318621304265207,0.0302843504393593,-0.00342302277051187,-0.000238535926789074,0.233412572772029
-0.498821506708724,-0.0606151617218744,-0.0397130121371028,-0.163178591178565,-1.05374982444624,1.7735035800111,-0.317014213234074,-0.354138869673079,0.183361906346931,0.00301180606526419,-0.00212023013045132,0.306195411718025
-0.49848303554543,-0.062025837804164,-0.0405221211021887,-0.164242135315362,-1.05393110660039,1.77356353541898,-2.98766004034024,0.602675739942697,0.142088237540179,0.00733903502198796,-0.00162893927540014,0.244446238108264
-0.498222146978679,-0.0632415118883305,-0.0412446528413524,-0.165226275765211,-1.05401089735013,1.77348220071238,-1.24261110930365,-1.20035487403356,0.268405023175291,0.00601211469459795,0.000105222638154823,0.301481649954357
-0.498034167521805,-0.0642115479908716,-0.0418450170994586,-0.166080669268859,-1.05400311589286,1.77327017038561,-1.8665278350702,-0.71816705438232,0.212793413323794,0.00535580585601991,-0.00367564443457796,0.305691593423483
-0.497914339720782,-0.0648907341635034,-0.0422891832838028,-0.166757496820943,-1.05392931694072,1.77295347550719,-2.52453165919587,0.488453485301989,0.149927095947533,-0.00199118768026052,-0.00484926131639529,0.305926574451557
-0.497862148422099,-0.0652490885062402,-0.0425522291712226,-0.16722015342137,-1.05380827231243,1.77256167570489,-1.20638809749539,-0.0754244793370162,0.0562454674447679,-0.00449291455163214,-0.00424488717104987,0.329462177369829
-0.497879410276327,-0.0652913982802641,-0.042631302708352,-0.167457899296751,-1.05366059338832,1.77213334432798,-2.53885276211747,-0.058009720465634,-0.0339018950972445,-0.00328148489742119,0.00357471280710286,0.272060560865552
-0.497961127100961,-0.0650424436590233,-0.0425373350724245,-0.167476274434947,-1.05351133869329,1.77170997731578,-1.60659962587943,0.0614472949368974,0.0634001161132289,0.00873251596453573,-0.00486053669824005,0.31191553110794
-0.498109421684871,-0.0645356206245884,-0.0422846270032287,-0.16729106127719,-1.05337156341393,1.77132408501484,-1.73386211454743,-0.329082936276109,0.149326195954757,0.00813775072694911,-0.0064204959824043,0.290263594934801
-0.498324032557837,-0.0638244460444799,-0.0419001732578275,-0.166937898018372,-1.05324303511224,1.77099520463232,-2.26449582431195,-0.353425125545527,0.0720639184153242,-0.000634474019204134,-0.00830246263831524,0.25948989857362
-0.498604820724577,-0.0629591985549167,-0.0414082306619739,-0.166453386007313,-1.05312248622385,1.77073466147059,-1.49814227750704,0.378386495773384,0.1310200383937,0.0024174402666004,-0.00874568778280788,0.315972339403222
-0.498947429772159,-0.0619940804908587,-0.0408366757904521,-0.165879017818169,-1.05300256794992,1.77054369340982,-2.17482453725603,0.160394368205971,0.0166264050622544,-0.0103657100698347,-0.00479191473469687,0.297615257677479
-0.499353150868799,-0.0609744823552409,-0.0402056421700321,-0.165253706558186,-1.05286370017775,1.77040927275776,-2.06865237528729,-0.166307778715463,0.00803350483067788,-0.00967055864976363,-0.00124638479627387,0.301391011700287
-0.499811633938652,-0.0599514677510919,-0.0395417044571089,-0.164620604675263,-1.05269327723209,1.77031326719649,-1.75350221206429,-0.264500928273492,0.022193034804161,0.00216566346838487,-0.00501680380944719,0.337825589823602
-0.500314359856911,-0.0589593855349699,-0.0388621895671819,-0.164010606434316,-1.05247328253922,1.77022974113404,-2.49825499306746,0.405416155211014,0.155171633874545,0.00650476886514406,-0.00770154843394483,0.324991098042339
-0.500842754702858,-0.0580290297534329,-0.0381849824351761,-0.163447941090682,-1.05220081699556,1.77014057203929,-1.77493392254769,0.0710319589352366,0.116161312031238,0.0021665432370721,-0.00876092912734777,0.347709848963333
-0.501376175182507,-0.057180784296408,-0.0375226284015322,-0.162948126046044,-1.05187793725026,1.77002891632138,-1.87539295135002,-0.847936298965124,0.129665530716125,-0.00447212953653597,-0.00588314590754851,0.313229898998567
-0.501887348879674,-0.0564292195425642,-0.0368874825002818,-0.162518241666768,-1.05151634348795,1.76988462709807,-2.7003138351152,0.24092676193618,0.132279242249268,-0.00128102033726574,-0.00326707796953124,0.32145293510209
-0.502339247301465,-0.055791686787626,-0.0362982621493275,-0.162163783961662,-1.0511452352174,1.7697115150522,-1.11716497827121,0.559066056925758,0.140867829850322,-0.00112572236312491,0.00334731623250856,0.353642473779392
-0.50270069360612,-0.0552810140271269,-0.0357685132467556,-0.161886426027473,-1.05079146933935,1.76951690517103,-3.30793378598327,0.535089691125904,0.0659544989471783,-0.00263639537149984,0.00245348139904683,0.267687008588505
-0.502946814569869,-0.054893633008108,-0.0353005570747731,-0.161676626719051,-1.05048053910056,1.76930987281836,-0.767031488587293,0.240309444922786,0.299970402001634,0.00820492873302747,-0.00420226117132344,0.361398863778546
-0.503049571068452,-0.0546389076210856,-0.0349076174845191,-0.161532856930013,-1.05024344447339,1.76910703507698,-3.07881009037897,1.40772950054429,0.237332139182143,0.00780740123012746,-0.00852916850027952,0.300818073180002
-0.502991777304273,-0.0545203201317408,-0.0345959194042842,-0.161452263485148,-1.05010231355135,1.76892338148527,-1.81569693647936,-0.694843695758209,0.129388257144541,-0.00240659530895426,-0.00933983272307087,0.34419882090979
-0.502769277844322,-0.0545417624346367,-0.0343698011700952,-0.161434865085658,-1.05007152498138,1.76877508325245,-1.84003123693014,-0.105336561074637,0.0216055972853724,-0.00368365432097217,-0.0131853834146925,0.368832521578352
-0.502396205199668,-0.0546995122358869,-0.0342243181692183,-0.161479349617687,-1.0501471899694,1.76866990914934,-3.17460872054124,0.453929431214647,-0.0427667928396147,-0.00898597816065516,-0.00757953805870004,0.329953151529403
-0.501894276856459,-0.0549975904890871,-0.034159152158056,-0.16159464067199,-1.05031784269541,1.76861120657358,-1.20969884896363,-1.11004098291528,-0.0204970752524787,-0.0112738805072885,-0.00141234456314798,0.366486614306667
-0.501306793177643,-0.0554293630691705,-0.0341632169330561,-0.161785328642999,-1.05055143134216,1.76859240517366,-2.72049693221959,-0.415194190684588,0.0611676908843037,-0.00584199455399848,0.000844431734443818,0.297383550766641
-0.500681202345746,-0.0559867701984134,-0.0342238971236302,-0.162057901067508,-1.05081218244698,1.76860587286513,-1.66371491235873,0.794994939646358,0.296701278016116,0.0103102419350356,-0.004488688513692,0.328274980636661
-0.500069112213521,-0.0566545793048396,-0.0343266846411783,-0.16241386894243,-1.05106460452823,1.76864228718198,-1.81730945070569,-0.273233550505893,0.108082150395546,0.008632209413999,-0.00247213429799031,0.29253403648615
-0.49951653625562,-0.0574186840644551,-0.0344614437650166,-0.162854655359626,-1.05127889686842,1.76869483734379,-2.40332658730466,-0.853245629469257,0.0751975167952423,-0.00323728850151284,-0.00236549830125737,0.28866388141601
-0.49906573323722,-0.0582617498818845,-0.0346173292559715,-0.163380000547912,-1.05142299769973,1.76874887061914,-1.65151608132442,0.198917170079994,0.116495601963237,-0.00428752671759369,-0.00681912289552261,0.375017148258456
-0.498746071021108,-0.0591555204124115,-0.0347805455484154,-0.163977538713734,-1.05148136938221,1.76880076904638,-2.60679570339266,-0.310562776264078,-0.055464449595263,-0.0151819556914168,-0.00453425275762881,0.340262916983323
-0.498570599850106,-0.0600794050873983,-0.0349482379863963,-0.164636045442598,-1.05145729105449,1.76885509689252,-2.14072747116052,0.0591142134967413,-0.118175683746443,-0.0119093248460374,-0.00121798180709748,0.337180373524947
-0.498547559854392,-0.0609963545178571,-0.035106558403774,-0.165332755433737,-1.05134971894757,1.76890598976058,-1.78968271713961,0.272020347639227,0.0292257750502074,-0.00207771553515723,-0.00413790773741279,0.341879709781833
-0.498664340410919,-0.061866805759311,-0.0352431097204706,-0.166039584074293,-1.05117521896618,1.76895427612793,-2.1760621809434,-0.110120659126324,0.23233390072042,0.00670384960765924,-0.00771895765332203,0.290578746776824
-0.498899784889453,-0.0626546427893944,-0.0353481574059231,-0.166727533330724,-1.05095767813848,1.76900368260576,-1.24755197720947,0.0487263512945901,0.271941749773475,0.0093252959938428,-0.00754316548437073,0.29986796266507
-0.499229644116406,-0.0633141907584607,-0.035404481028718,-0.167358708773409,-1.05072094814843,1.76905593063336,-2.04177166129074,-0.0905134716174416,0.165279726820557,0.000333659096972916,-0.00441099059575367,0.264198235911232
-0.499632108819179,-0.0637998153723629,-0.0353925144051923,-0.167895014126041,-1.05048651597868,1.76911057730873,-2.19791408448162,0.61622289068896,-0.00396139691741837,-0.00694856520974252,-0.00487788412367574,0.323119962040961
-0.500080180743042,-0.0640813333752082,-0.035300497862379,-0.168310117763073,-1.05027573892781,1.76916479890293,-1.28720111241262,0.713753204143359,-0.13798581523389,-0.00637976650559313,-0.00334209889849435,0.39171720036969
-0.500558722941553,-0.0641221577589475,-0.0351066790664636,-0.16857349166699,-1.05009918536898,1.76921329150949,-3.9908457324363,0.20397052692806,-0.122964287771595,-0.0133586346255434,-0.00276535308271425,0.332835565070593
-0.501062106966989,-0.0638995176426373,-0.0347947697905742,-0.168664908476749,-1.04996027901709,1.76925054828129,-0.868083169367821,-0.714908723881763,0.0481938895005385,-0.00803837565530108,-0.00990660921696013,0.429188158216617
-0.501608436865903,-0.0633961230194755,-0.0343472733210397,-0.168571417882168,-1.04984367524111,1.76926584483785,-3.80024097940009,0.655869245428903,0.267252640504438,0.0055321146820444,-0.00674465280743214,0.347503712535651
-0.50220134363676,-0.0626422671521336,-0.0337808460132907,-0.168312164599526,-1.04975307567637,1.76926600262848,-1.34258282497018,0.441719590063713,0.347205849647537,0.0120772644464204,-0.00471160595827624,0.379904310456878
-0.5028546658195,-0.0616778569213006,-0.0331182888393664,-0.167913745325823,-1.04968470280102,1.76925651038272,-2.46583162575888,-0.49523221286654,0.137306544602438,0.00199504663147687,-0.00265332230259024,0.328638250941085
-0.503587784262517,-0.0605487613048341,-0.0323840356966609,-0.167409610428593,-1.04962859293265,1.76924226673296,-1.56014508377189,-0.454580910487039,0.205280855837231,-0.00267497745145517,-0.00199296503996144,0.341464710798875
-0.504411427596093,-0.0593356739079205,-0.0316294721475203,-0.166856379466916,-1.04958734434396,1.76924062269978,-2.56635617745229,0.395034680219169,0.088802824154385,-0.00205143140655206,-0.0023586496197554,0.340046285163144
-0.505333132808951,-0.0581160740725464,-0.0309046564444502,-0.166309874739101,-1.04956001989734,1.7692636737608,-1.43319313207024,-1.50657551708377,0.0755714818561444,-0.0162975024569629,-0.00240484212084385,0.367139191719076
-0.50634823632639,-0.0569757121123171,-0.0302682407069108,-0.165830779972137,-1.04955599453065,1.76932928986032,-3.2264841333,0.0351754235312001,-0.0721551396799782,-0.00520452338694621,-0.00853112721978622,0.387782275163014
-0.507451857902972,-0.0559868191576829,-0.0297690266490389,-0.16547112540963,-1.04957992210893,1.76944756494814,-1.68755385863898,0.00892881793197375,0.0989639925811048,0.000767712009037247,-0.0152098330110499,0.446284845162233
-0.508625821070162,-0.0552015453379404,-0.0294435509377315,-0.165270290218454,-1.04963506319085,1.76961883460638,-3.96905115416484,-0.495457303881039,-0.119244440930032,-0.0158534057634268,-0.0124976362824064,0.413211849804726
-0.509851637255993,-0.0546403642333466,-0.0293061762318072,-0.165245923750574,-1.04971941869237,1.76983380711261,-1.9123218802095,0.505307060623181,0.0167416299086938,-0.0175274695682526,-0.0141887985567231,0.516909451410048
-0.51110748817711,-0.0543004130635234,-0.029353438832183,-0.165399389884033,-1.04982664925054,1.7700743837175,-3.3553446312128,0.732013620580801,0.111978466769102,-0.0244618733332564,-0.00947543477986296,0.443189478736957
-0.512377045889722,-0.0541476627852457,-0.0295575383022313,-0.1657119076428,-1.04994011819165,1.77031167445835,-2.7567814664913,-1.1553092601157,-0.087391734298194,-0.0214616735902311,0.00289565551912013,0.404608753423489
-0.513649967480911,-0.0541289370802644,-0.0298757249301542,-0.166151057543172,-1.05003499215327,1.77050802944685,-1.65580992481352,0.0216390115108425,0.134029106332662,-0.00329247723980552,0.00139718856143678,0.441716180017576
-0.514915453147785,-0.054178982807759,-0.0302555289703259,-0.166674924714606,-1.05009060149568,1.77062964962344,-3.71151906295523,1.18393181780948,0.32891550652468,0.0081768253519634,-0.00586941913617145,0.395752698732701
-0.516168655044208,-0.0542260311764826,-0.03063861019421,-0.167234804235321,-1.05008803051133,1.77064757712724,-1.74790377740447,-0.825969108049776,0.210786256538938,0.00366463015413432,-0.00617330067201255,0.464987490687258
-0.517408583706049,-0.0542040055394448,-0.0309697924322234,-0.167785322599957,-1.0500088019922,1.77053596429077,-3.46614378506121,0.0779620096491271,-0.0288111397320279,-0.0062517386769354,-0.0130475799682811,0.467395383328172
-0.518627375653908,-0.0540811828186412,-0.0312201405994113,-0.168300308611987,-1.04985857046243,1.7702933086187,-3.15784191085368,1.40648008830067,-0.0118152552014408,-0.020121428521668,-0.013918423021993,0.52075546643544
-0.5198210342854,-0.0538365381794241,-0.0313681913733679,-0.168758810867633,-1.04964790245291,1.76992896355269,-2.43487845821346,-0.220656821413513,-0.14264002474431,-0.0329386899845923,-0.00262941755173673,0.498202364834151
-0.520986902196962,-0.0534702042907202,-0.0314072029043138,-0.169154560440083,-1.04938835455989,1.76945623629412,-3.67134935743343,-0.585861713676877,-0.223316206234728,-0.0288065142486964,0.00319741984579897,0.437759085553949
-0.52211316474716,-0.0530142657568629,-0.0313552609875722,-0.169500818223101,-1.04910994409582,1.76890629164209,-2.19443728110997,1.09958131759595,0.044446201756557,-0.00580681023945351,-0.0122432894902417,0.515031805856695
-0.523187494865041,-0.0524991072306902,-0.0312302998992984,-0.169807990024616,-1.04884377957726,1.76831329521967,-3.64940341042239,-0.173181376374714,0.0526464311433585,-0.000180067817173946,-0.0126333259284522,0.435735082040837
-0.524203821508195,-0.0519643834016277,-0.0310557702686474,-0.170093719693669,-1.04861574393939,1.76771212369405,-2.50223857213922,-1.65018823795776,-0.0506114739469297,-0.0132587610237125,-0.018032488783786,0.479743359943893
-0.52514432227656,-0.0514594145478053,-0.0308640049513254,-0.170383241101315,-1.04845460484792,1.76713191981062,-2.83179564379287,1.19810468184392,0.0300768486297898,-0.011356150391074,-0.0137609545057019,0.524972730696595
-0.526004317412273,-0.0510013598440429,-0.0306633093815742,-0.170683141861102,-1.04836505308635,1.76658226978121,-3.73030329482702,-0.0327865620402008,-0.153047394593699,-0.0213984758700452,-0.00267094048628885,0.462478237130398
-0.526782942219448,-0.0505929206719777,-0.0304520382943803,-0.170991224368994,-1.04834205324986,1.76606248126432,-1.99998822108108,-1.80077552621356,-0.228682519155996,-0.0209758105527031,0.0056117387126704,0.482915088048846
-0.527485736369297,-0.0502159826014248,-0.030213021464365,-0.171293369677908,-1.04836554388982,1.76555654616353,-3.81058139508616,0.27459005580954,0.179928552453589,-0.00572552783394276,-0.00457267146128981,0.48141707107843
-0.52812431228038,-0.0498342705440482,-0.0299163115847692,-0.171565936107876,-1.04840269083014,1.76503439199877,-2.91109793602408,0.0884114736120409,0.26005719709508,0.00674214409214535,-0.0145697165937895,0.529751875099068
-0.52871809935719,-0.0493998408018808,-0.0295256820243532,-0.171779423945734,-1.04841173038174,1.76445742929284,-2.78999155652781,-1.70774764190855,-0.0958359957545838,0.00400680320518898,-0.0144075142178465,0.487335270265713
-0.529285554192195,-0.0488683628360773,-0.0290084353060591,-0.171907978624503,-1.04835238504085,1.76378590430601,-3.41286101900187,-0.259180846804384,0.247455389793259,-0.00550374012460297,-0.0108906448932435,0.460092599026714
-0.529844532823517,-0.0482042957236182,-0.0283398692745234,-0.171931252151298,-1.04819309961017,1.7629879932327,-2.33061041501884,0.548354430206018,0.238945637173856,-0.00740110061585542,-0.00704373726215024,0.498018770752937
-0.530407061336288,-0.0473944003865228,-0.0275146977956613,-0.171844019056127,-1.04791578453153,1.76204221545582,-3.20719365483353,-1.33152063805778,-0.0826427487826606,-0.021452058702788,0.00392756630603641,0.424443930683294
-0.530971423192608,-0.0464620095221893,-0.0265564539557344,-0.171664936310751,-1.0475234568669,1.76094281993468,-2.81188932555938,-0.56826795604843,-0.10026747923439,-0.018451922465176,0.00014130319338429,0.469251665943686
-0.531536751129348,-0.0454500175092241,-0.0255041801906806,-0.171422961834605,-1.0470379778202,1.75970765707684,-2.62045737415434,0.871789710954545,-0.0300978285306996,0.000405423649800341,-0.0169540916369934,0.53384015725943
-0.532094573044557,-0.0444207691465994,-0.0244116297430397,-0.171159573230018,-1.04649302830269,1.75836568121993,-3.73594149645345,-0.683218109539894,0.0208773772309314,-0.00175828073263107,-0.0157706172603313,0.468927924542776
-0.532627657751384,-0.0434584342302093,-0.0233496329772722,-0.170930620823661,-1.04593989287205,1.75696075545043,-1.9000427250233,-1.42012876012791,0.0984290868552193,-0.00455462112139937,-0.0135762934270832,0.495856305495495
-0.533124863485143,-0.0426466546997082,-0.0223865083655048,-0.170790621678523,-1.04542761462498,1.75554041282865,-3.61420178111956,0.576471015349625,0.0811175480583586,-0.00347212008155706,-0.00811666962202012,0.46462654369937
-0.533571032179457,-0.042064889920959,-0.0215868175997072,-0.170790692486786,-1.04500846658054,1.75415522733843,-2.69217819476796,0.443252038964374,-0.129763583808824,-0.00478414310550956,-0.000772847359742035,0.479269104591795
-0.533958876831134,-0.041764913514168,-0.0209931753450596,-0.170963400210884,-1.04472514124135,1.75285031285504,-2.74541333528919,-1.18331784851966,-0.0212042443998826,-0.0109054762545515,0.0046580907364806,0.470501185383877
-0.534293701300003,-0.0417659982524743,-0.0206234970872405,-0.171320591879258,-1.04460132635898,1.75165569572969,-3.25777492800762,0.307906627732791,0.0884063972025331,-0.00349253133264327,-0.00724762171280052,0.47157159101901
-0.534578481446325,-0.0420756202812651,-0.0204880901961206,-0.171865611385053,-1.04465843023468,1.75059731183813,-2.55395061505595,0.735477574245124,0.150378704107254,0.00846607150940137,-0.0142070575425514,0.494725599367529
-0.53483002763947,-0.0426580062110631,-0.0205633492207296,-0.172574642228912,-1.04489065073031,1.74967806071415,-2.82857656914172,-0.732129817486566,0.0677014873617452,-0.00331362560475812,-0.00820357581080289,0.432279058380036
-0.535070497890251,-0.0434505690295097,-0.0208081614457389,-0.173405911206408,-1.04528252533408,1.74889139441688,-3.19912858505069,-0.559535431272479,0.118693655244897,-0.000175574726545502,-0.00524301432352631,0.471161391068235
-0.535322252880485,-0.0443860084129222,-0.021179563019502,-0.174315176065185,-1.04581199929336,1.74822182959993,-2.34037028095059,0.504715796148957,0.0563547135932367,-0.00292712324213307,-0.00709453797470083,0.54115076583648
-0.535614442224229,-0.0453781818416781,-0.0216217655093591,-0.17524729512209,-1.04644246480923,1.74764173332256,-4.31961266820412,-1.00515753859941,-0.204720243793076,-0.016835659283458,-0.00230486456973983,0.465740009458533
-0.535961975926729,-0.046354237562733,-0.0220918734987066,-0.176156402029728,-1.04714473014969,1.74712198543302,-1.66378313142366,-1.48259720474834,-0.141914562640636,-0.0141876401374743,-0.00755519425325418,0.546043122348886
-0.536374124276594,-0.0472545752533682,-0.022558067123885,-0.17700587322891,-1.04789602470792,1.74663843870654,-4.04977266131948,1.51126597622692,0.186791438489593,-0.00220973690378834,-0.0123091147702024,0.485008411388026
-0.536859391944002,-0.0480304294915914,-0.0229969675978852,-0.177766071922307,-1.04867329386042,1.7461667091702,-2.19714210597607,-0.393665764847583,0.121987431211636,0.00494511369537642,-0.0088944778619392,0.478798796570346
-0.537416684177683,-0.0486522802294811,-0.0233988407380861,-0.178421821066403,-1.04945988480866,1.74568499151754,-2.75227477880316,-0.909727038967731,0.148777500661623,0.00773435474890682,-0.00210031765553281,0.450486252099143
-0.538037938823466,-0.0491073843890986,-0.0237632469418674,-0.178970864212276,-1.05024253184425,1.74517398739573,-3.21685651730303,0.955350230905879,0.259621612063569,0.0108310060592638,-0.00680124706984564,0.489308447503248
-0.538708891251372,-0.0494047012993217,-0.0241036331903153,-0.179424071604485,-1.05101622381408,1.74462186641428,-2.80443626428138,0.0714853894237422,0.0326532378399236,0.0049344754595082,-0.00920760869363363,0.543375029039616
-0.539436465891647,-0.049536677421103,-0.0244133224376946,-0.179784265465637,-1.05175168421813,1.74400419443539,-2.98055086782546,-1.22590537009046,-0.198498388082612,-0.0154236495570781,-0.0035356363378638,0.516295904300761
-0.540214812583984,-0.0495270814799662,-0.024705506280924,-0.180074071804867,-1.05243690982598,1.74330974739702,-3.66180081720591,0.840343826911976,-0.0168433411191984,-0.0107763406841221,-0.00508729884183928,0.533265592045584
-0.541044984770505,-0.0493906432822255,-0.0249828890086905,-0.180308569180597,-1.0530515982003,1.74252321880336,-2.61728880373988,0.0462900472239198,0.0608806301281675,-0.000667871551513155,-0.00621396880325792,0.556698099296236
-0.541942262815707,-0.0491131163120047,-0.0252201618201855,-0.180484752772626,-1.0535579167523,1.74161759403616,-3.89589508354618,-1.14706893177663,-0.0378400875969476,0.000766537799877121,-0.00553164256420707,0.497325267649804
-0.542916840374271,-0.0487067508195231,-0.0254100977821086,-0.1806128545263,-1.05393347146122,1.74058251160258,-2.52046504850949,0.691937492406169,0.0586810431136371,0.00851283451131479,-0.0132136020067139,0.590264350160292
-0.543985750809001,-0.0481770406673556,-0.0255378359518721,-0.180697369268708,-1.05414995689334,1.73940463644906,-3.64177639698806,1.54038840107955,0.00636943450564331,0.000420694941643429,-0.0148282657173978,0.563424675831412
-0.545160780329234,-0.0475315170778048,-0.0255920080590306,-0.180740641564466,-1.05418899251202,1.73807855064998,-3.12748501307289,-0.443810290988267,-0.0669720547910799,-0.0127017330975838,-0.00632817050606505,0.530658751260813
-0.546448712391153,-0.0467834408225709,-0.0255680387560904,-0.180744176058299,-1.05404545512698,1.73660920976894,-2.3734666552682,-0.969540290134319,0.172308080884932,-0.0117993004797787,0.00176171502512851,0.535224190946059
-0.547844934936943,-0.0459648272534299,-0.0254778564599993,-0.180718857594743,-1.05373430979398,1.73501823292821,-4.27594203532681,1.16834931446988,0.146323427655688,-0.00144523464524626,0.000450471732615254,0.499519004081727
-0.549332141775049,-0.0451167527596583,-0.0253450522145278,-0.180679724283308,-1.05328168701285,1.73333165941956,-2.0248474050598,-0.92537498823026,0.179576976078152,0.00955908428903696,-0.00920366839598979,0.587832813388664
-0.550880820202333,-0.0442885127422361,-0.0252024108476947,-0.180645129965134,-1.05273253659157,1.73158854620673,-4.55444736981133,-0.510347892002073,0.103483162079357,0.0155829889031009,-0.0105801075667373,0.545589123161171
-0.552454939239722,-0.043533303693553,-0.025087798704712,-0.180635165944716,-1.05214187853846,1.72983682273532,-3.34352722208911,0.872429156238695,0.022046889215801,0.00143975205625146,-0.0164733205890198,0.625562557193388
-0.554017219914093,-0.0428970077971469,-0.0250354947850704,-0.18066625978873,-1.05156212232845,1.72811915823789,-3.47550015667861,-0.497829351722203,-0.0459014997761358,-0.0133831396769466,-0.0106437201649022,0.622623615645987
-0.55551799300828,-0.0424255937210676,-0.0250821893283206,-0.180756862428792,-1.05105480494997,1.72648099826721,-3.95631975398288,-0.78279712966264,0.000760841951603197,-0.0194953873270682,0.00140641836646738,0.552120427369075
-0.556912114924096,-0.0421442644160583,-0.0252466814780747,-0.180914288191489,-1.05067043374596,1.72495755361319,-2.9892413703509,-0.468929579227279,-0.0514893421376428,-0.00833005145790811,0.00058268466827549,0.566609610788445
-0.558165440061271,-0.0420522447058653,-0.0255262681766022,-0.181133670117095,-1.05044067425434,1.72356945907172,-3.32795471323931,-0.821953397242396,-0.0070189471687172,0.000323618755419197,-0.00908485409806986,0.541300325917935
-0.559242509410586,-0.042136107064155,-0.0259087829277314,-0.181405784227803,-1.05038679843476,1.72232239773959,-3.29895408992627,0.294138489265833,0.217065620206483,0.0130387558345406,-0.0116916018304494,0.568406288586877
-0.560119672353493,-0.0423600216271991,-0.0263635591605518,-0.181709721735194,-1.05051658270745,1.72121413100307,-3.03309756093842,0.334106322676689,0.147104910518124,0.00597723849995058,-0.0143733374850448,0.580439024821991
-0.560788680142395,-0.042666841180667,-0.0268411466202532,-0.182014452259639,-1.05081324854206,1.72022230799039,-3.96360248441277,-0.698631486505064,-0.0718176608718295,-0.0139842466106965,-0.00868916299197436,0.543793834455602
-0.561246305101291,-0.0430022410988382,-0.0272939678200179,-0.1822936760134,-1.0512535735076,1.71931950383018,-2.65834077373779,-0.0863358195306319,-0.0456318612037308,-0.0198327551285615,-0.00181081916801856,0.601868472856292
-0.561500193781652,-0.0432931777652721,-0.0276617940616186,-0.182508129335274,-1.05180432697621,1.71847340618104,-3.87532289645071,-0.210981284771833,-0.0532599466145882,-0.0138085532303212,-0.000896914249267966,0.565820499140466
-0.561564570248994,-0.0434779014820421,-0.0278947826743972,-0.182626181335314,-1.05243016410466,1.71765184076485,-3.5538830326368,-0.537616346676941,-0.0925244706423882,-0.00741255422211662,-0.00548782104466022,0.592307037079363
-0.561450301469959,-0.0435355942822557,-0.0279775922996566,-0.18264199053784,-1.05310811416121,1.71683319365453,-2.79873398139807,-0.430866474484446,0.091575504223016,0.00724354663466587,-0.0145529197160244,0.624291096427581
-0.561173178234302,-0.043453905607449,-0.0279047949647204,-0.182553452631083,-1.05381607881987,1.71599979684694,-4.55307121295488,0.146048225418781,0.185202394269936,0.00826581228266443,-0.0129786022576716,0.554508589549921
-0.560752988468487,-0.0432470191085184,-0.0276946540340708,-0.182374944422718,-1.05454072534799,1.71514478765498,-2.14872600660311,-0.516534302775653,0.200842503965106,0.00247427266740496,-0.00755540068299659,0.590725079554385
-0.560209220455505,-0.0429463032249702,-0.0273822775746642,-0.18213015489666,-1.05527354461295,1.71426583989641,-3.96120836860445,-0.211864490705921,0.0529078743437879,-0.00638037145215975,-0.000856705833345406,0.522512445527694
-0.559566158676078,-0.0426090607605216,-0.0270238378318186,-0.181857568714618,-1.05601708438213,1.71337629247646,-2.89853067492436,-0.0585549672841807,0.0387138831139282,-0.00162206722707348,0.00285242821282194,0.554549163512589
-0.558858212283179,-0.0422934409107762,-0.0266768758220712,-0.181597679837118,-1.0567676151217,1.71248662337225,-3.17213513332609,-1.08469134192705,-0.0493703243976427,4.33939579953524e-05,0.00260644460606368,0.558011994197129
-0.558114986564588,-0.0420777215245636,-0.0264175293248785,-0.181402347764298,-1.05753477285366,1.71161972691845,-3.76907327224632,-0.460521522239787,0.135614192346168,0.00267422556443675,-0.00717640235367245,0.570475951867154
-0.557374333187456,-0.0420241221559756,-0.0263069603869901,-0.181314151016272,-1.05831945469145,1.71079267687749,-3.18624948715575,0.140657885144492,0.182893144195873,0.00909793768420197,-0.015098063844514,0.610950845866232
-0.556678460758576,-0.0421751728068926,-0.0263905771141593,-0.181364448425068,-1.05911765247656,1.71001913081635,-3.95334830088728,-0.853864989835756,-0.124242368798235,-0.00417706946302454,-0.00735898374652644,0.556070142948609
-0.556067155825557,-0.0425516801428723,-0.0266966549778864,-0.181572505512371,-1.05991682474629,1.70930159436457,-3.40086574893508,-0.664199479239187,0.0891051358536572,-0.00817819394635144,-0.00702073517130952,0.614028534646332
-0.555585053618919,-0.0431470044441262,-0.0272290468324865,-0.181938958490902,-1.06070155580234,1.70864269580588,-3.50083284083178,0.525529502860081,0.0841613895698856,-0.0052613277889817,-0.00541161919509892,0.644727467315132
-0.555266956013583,-0.0439205885805487,-0.0279647730617922,-0.182444662639634,-1.06145138213304,1.70803319988213,-3.92783900737851,-0.600739171570012,-0.0810316598826546,-0.00928946079320614,0.00162574342648719,0.57170455412641
-0.555140903737746,-0.0448054336319412,-0.0288599073931359,-0.183053608739814,-1.06214421788308,1.7074571981457,-2.79498104899722,-0.644625769049071,-0.0154043545699949,0.00440349811043639,8.62062766271987e-05,0.571415563812017
-0.555231191412776,-0.0457108390116723,-0.0298483060368029,-0.183714226342973,-1.06275253618651,1.70689304573565,-3.39776651596122,0.793151682442158,0.242393200177787,0.0135473079219834,-0.00732668951303789,0.541448197931438
-0.555546010982741,-0.04654033487164,-0.0308581821508997,-0.184371063461876,-1.06325481962881,1.70631668587894,-3.46995662579093,0.304434844295201,0.262526473036729,0.0176628552195313,-0.00837238271606128,0.535780573412894
-0.556073158284492,-0.0472056879525704,-0.0318232946483363,-0.184970765673334,-1.06364579186726,1.70571232936465,-2.83687925660911,-0.855433682223293,0.176281023919898,0.00729675347159775,-0.00671990918486576,0.559766613068399
-0.556793576195,-0.047623870975821,-0.0326791694377728,-0.18546288596117,-1.06392026396479,1.70506070825551,-4.08807837867158,-0.436076331938921,0.00163060763864564,-0.00348584669380925,-0.00799499733002512,0.570849258027551
-0.557679313432369,-0.0477328066194422,-0.0333757659582194,-0.185809020133701,-1.06408088749011,1.70434718767909,-3.11514686796227,0.371731300389229,-0.116247177783521,-0.0097145163835588,-0.00806580591548822,0.643458672650556
-0.558694559576036,-0.0475029534362372,-0.0338844851939115,-0.185989369849333,-1.06413847027286,1.70356403585811,-3.62953615705652,-1.24948636053364,-0.130213611771438,-0.0203532431847604,-0.0023293495334275,0.598177233312243
-0.559796803889561,-0.0469367078512652,-0.0341988460769287,-0.186003286205301,-1.06411034110884,1.70270914056999,-4.1220053182999,0.21456915129238,-0.0466469227261825,-0.0141268144314215,-0.00991165364527763,0.611275220015604
-0.560944922555549,-0.0460680555023156,-0.0343339476122697,-0.185869735776223,-1.06401510813286,1.70178282121041,-2.8192048048985,0.121412262859394,-0.0165063374872716,0.0020592435458906,-0.0164652979175716,0.659855724383848
-0.562102730832308,-0.0449660668448342,-0.0343285944159093,-0.185629524637678,-1.06387255970031,1.70079390955802,-4.98933246234446,-0.553968595799233,0.0826459749845867,0.00501643470480184,-0.0101508987176541,0.565339496587518
-0.563239816288369,-0.0437126408021689,-0.0342295164529187,-0.185329869718517,-1.06369799106181,1.69974951556011,-2.03414437505256,-0.784441737653651,0.204569397967248,0.00553865290395761,-0.00538240867628653,0.643762971388746
-0.564334699129737,-0.0423927253703305,-0.0340845819068427,-0.185019702858461,-1.06350347470553,1.6986590855744,-4.6256063426718,1.18051943044838,0.213139264506253,0.00141029195769393,-0.000748138341530757,0.565215101690779
-0.565369006965231,-0.0411045447865925,-0.0339513420487545,-0.184754081832895,-1.06330473398306,1.69754059152837,-2.64760328830266,-0.293129824757671,0.090227943875874,-0.00209991573475898,0.00780388288756811,0.582613976335501
-0.566334659531398,-0.0399289807765468,-0.0338743853964478,-0.18457499366668,-1.0631131716051,1.69641270178676,-3.48923810366136,-0.390921953902307,0.0977242979991217,0.00394514972949622,-0.00192272052863862,0.574969170047728
-0.56723151901547,-0.0389094416431597,-0.033870372515471,-0.184499825765578,-1.06293062479053,1.69528845612291,-4.10694969710312,0.937250596515696,0.271060867078972,0.00547486090141369,-0.0127134500895427,0.62663628268231
-0.568060503879257,-0.0380811208601619,-0.0339521512676337,-0.184538674059009,-1.06276581901103,1.69418957976509,-3.53411197465482,0.533350323397599,0.114366869761426,0.00294542612492465,-0.018583751431102,0.693929375143497
-0.568823625942149,-0.037449383300709,-0.0341118037769139,-0.184682835504509,-1.06262322579649,1.69313214566159,-3.98619652804126,-1.09897663090055,-0.161145617363616,-0.00817589185189727,-0.0139297996204226,0.643695571353627
-0.569518626542839,-0.0369980390449491,-0.0343287718148049,-0.184908530511676,-1.06251506638002,1.69213619096834,-3.77632728264712,0.491601582104067,-0.281366653011219,-0.0136003199362329,-0.00937208225109182,0.641845537705265
-0.570142780575119,-0.0366930380894095,-0.034571248787167,-0.185181336193596,-1.06245259811272,1.69121901601789,-3.2535426584929,0.235241538091941,-0.0536271630869294,-0.0181728371505581,-0.00318520333269245,0.620456599772094
-0.570697209003438,-0.036473366781876,-0.0347891156106075,-0.185452223710006,-1.06243712770953,1.69038559949585,-4.10760571675831,-1.27626238825201,-0.0209672996753056,-0.0142137035959622,0.00306132287759114,0.562602666956572
-0.571176896756893,-0.0362851683798473,-0.0349407903211443,-0.185679338636476,-1.06247621243647,1.68964209948966,-3.09332689105065,-0.217974401712809,0.0400280468124663,0.0049681317830732,-0.00976817686863729,0.643457412616844
-0.571573426237471,-0.0360857470276299,-0.0349942204520985,-0.185831594226599,-1.06257674289199,1.68898963199112,-4.39707815451874,0.00202153684790574,0.115756503475751,0.00634673373153483,-0.0161318676407707,0.63223854432692
-0.57187927678645,-0.0358467827764839,-0.034929926308138,-0.185890639734149,-1.0627403204814,1.68842196312234,-3.78412380919605,-0.770845017365446,0.1134872002105,-0.000379043302367599,-0.00837677288787092,0.649768330317037
-0.572097807307723,-0.0355443736705157,-0.0347324801218654,-0.185843911167311,-1.06295535487916,1.68792191701079,-3.27210389485043,-0.346007502390194,0.115788185152269,-0.00292018350422341,-0.00254117596284364,0.665278508752601
-0.572228315265568,-0.0351823426479756,-0.0344067540391202,-0.185700244739703,-1.06321430441665,1.68747389156436,-4.52144774715845,0.244956471015485,0.0400666599281863,-0.00599440290128417,-0.000462991768157006,0.619379894761435
-0.572278019547484,-0.0347811712290396,-0.033971539890209,-0.185481919147574,-1.06350095243662,1.68705774975279,-2.92971509275924,-0.566565311990644,0.0504143945314013,-0.00755900599056325,0.00266253784967857,0.658303970445623
-0.572256540898449,-0.0343643895134642,-0.0334480524562475,-0.185213364740476,-1.06379482468924,1.68664883210161,-4.17635013730506,-0.529099538816126,0.0664028464879038,-0.00474544806255883,-0.00414096598414376,0.621919809619371
-0.572184382145805,-0.033962901328036,-0.0328614504268816,-0.184924233825952,-1.06407173693123,1.68622836421911,-3.81005609656324,0.130169172951128,0.152269083113339,0.00277763004429588,-0.0166517862401995,0.658870923826133
-0.572086216437662,-0.0336056697830696,-0.0322359004217696,-0.18464276023984,-1.06430545225797,1.68577725851918,-3.24772668273653,0.150570022021611,0.0402160687054618,-0.00155169196501115,-0.0158884411233401,0.667938875052716
-0.571985040249363,-0.033325998497185,-0.0316017921313971,-0.184397351918579,-1.06447945589386,1.68528910275296,-4.3111664713544,-0.293755569526638,-0.177435204374746,-0.0171958830328447,-0.00885783881317009,0.620148927794305
-0.571897042550532,-0.0331431075947339,-0.0309791594111704,-0.184206194062727,-1.06458086768566,1.68475728900476,-3.20287330515299,0.548053934052632,-0.0579091991379244,-0.0146784368331474,-0.00443067504144873,0.684765252220985
-0.571840687838547,-0.0330668150980893,-0.0303813047194383,-0.184079979371142,-1.0646065433282,1.68419086500539,-4.47021991865478,-0.258264910247817,-0.124664165127058,-0.0173526223668574,-0.00241587338361943,0.638766663466872
-0.571824071767176,-0.0331034114165716,-0.0298215728972906,-0.184026441786313,-1.06456233359675,1.68360231753906,-3.99978203816505,-0.922930275312865,-0.010950797598781,-0.0136225914576382,-0.0078162017534037,0.683642409095314
-0.571855936665711,-0.033238387812859,-0.0292987831584233,-0.184039355821415,-1.06445729174353,1.68300956267663,-3.79046271747967,0.263011321720342,0.112900741170364,-0.00135539545710284,-0.018444290002059,0.738277903670395
-0.571935375820851,-0.0334555488234551,-0.0288131026563261,-0.184112580297798,-1.06430885617781,1.68243193162957,-4.77824904521765,0.700460514657152,0.161684166852325,-0.00285250549032767,-0.0172058423401245,0.693378808145344
-0.572064232738822,-0.033725883840412,-0.0283557855592091,-0.184232104472346,-1.06413339516803,1.68188800221066,-3.28393808686815,-0.549536097197688,0.119542644880141,-0.00545910377696313,-0.0081323086998264,0.690516405541235
-0.57223843655835,-0.0340201992197615,-0.0279188401926109,-0.184385008305338,-1.06395021557229,1.68139675951951,-4.17468950099379,-0.305524959850345,0.133944386098761,-0.00666706379230542,0.00187162965780335,0.634968215806618
-0.572449317311382,-0.0343003490786016,-0.0274897773247731,-0.184554569908326,-1.06377540443053,1.68096641865179,-3.83947900372823,-0.194227689006539,0.135183184078187,0.00236724604206495,0.00330349697013693,0.652587260647568
-0.572692814103388,-0.0345387291034847,-0.0270635170344289,-0.184732544974482,-1.0636198069497,1.68059973809023,-3.41399421722417,-0.197582912027428,0.13108622739631,0.000212087640946823,-0.00423318364268366,0.667831753486821
-0.572967911253397,-0.0346992519120581,-0.0266287380949373,-0.184905629458654,-1.06348167041453,1.68028600634461,-4.62040504544672,-0.33405912153944,0.0678329818879604,-0.00432874124246618,-0.0126646579310406,0.658971896814671
-0.573281556843168,-0.0347478796594851,-0.0261740082381452,-0.185061001165381,-1.06335036643513,1.68000613899178,-3.45880223524682,0.541239435699254,-0.154905346623309,-0.00313926213635307,-0.0229520048858838,0.742313483532169
-0.573640353561868,-0.0346560247745913,-0.0256900249875243,-0.185188596553531,-1.06321154127034,1.67973688505606,-4.31932269410373,-0.0187414040067324,-0.0332725542455421,-0.0179216842781744,-0.0171783731423999,0.700223820106463
-0.57405554077659,-0.0344056000642805,-0.0251734929325464,-0.185281878737704,-1.06304534229385,1.67945083129461,-4.50841909264426,-0.942652115529427,-0.181211852334911,-0.0239403032912229,-0.00362602660829547,0.677437734342884
-0.574542532625,-0.0339784746342868,-0.0246176290490088,-0.185330692705831,-1.06282906690018,1.67911963522342,-3.18445425136122,-0.88895614339549,0.0623077270771262,-0.0166907712933262,-0.00486242847090462,0.71696217987566
-0.57510087740222,-0.0333826097203245,-0.0240341581406354,-0.185336859531109,-1.06255704947177,1.67872634368304,-4.92932887895046,-0.0985579132104704,0.0139029190919189,-0.00437224857337082,-0.00549114734039829,0.658497858330878
-0.575742078511522,-0.0326244425026987,-0.023426559641051,-0.185298435746505,-1.0622144523127,1.67825273467891,-2.76686839592293,-0.199864979982749,0.18131476192886,0.000573750528467531,-0.0110098154007595,0.710854314222548
-0.576459939702705,-0.0317422928756548,-0.0228198000479574,-0.185229574258339,-1.06180868634044,1.67769822111148,-4.64838758074313,0.0666854198232159,0.238750024089796,0.000246508712390625,-0.0148851722102737,0.638777522131378
-0.577244632533721,-0.030772486122439,-0.0222351323884371,-0.185140412434958,-1.06135217293504,1.67706833803562,-3.43613147856252,-0.307193544543225,0.123314744032626,-0.00581173335357077,-0.00951900955325846,0.675273503140942
-0.578078462394587,-0.0297638638470445,-0.0216990654269142,-0.185046218210072,-1.06087131909808,1.67638339671641,-3.52320282298791,-0.317976314918496,0.0385733836487248,-0.00320109944119729,-0.00485086851571104,0.684387651823027
-0.578931551322341,-0.0287882981120049,-0.0212529428042822,-0.184976440296377,-1.06040870555448,1.67567930656951,-5.09862865452072,-0.213660141842865,-0.234829406190158,-0.013917525058702,-0.00182319926172309,0.663320671777485
-0.579773345581759,-0.0279061336000543,-0.0209279326597724,-0.184954046252735,-1.06000799216717,1.67499309914728,-3.18816286580289,-0.578321660463189,-0.133172719422902,-0.0143161336552997,-0.00884202140747387,0.758741974335855
-0.580573715139152,-0.0271768777713239,-0.0207520298026247,-0.18500234971551,-1.0597132940719,1.67436749202296,-5.2918357752315,0.348129493615488,0.0746308180110873,-0.00568770085573611,-0.0151291480448911,0.712594380902125
-0.581307797996022,-0.0266520319889842,-0.0207459752477162,-0.185142428129335,-1.05956305852395,1.67384572067915,-3.54542408768714,-0.291551919032827,0.0553432521454056,-0.00606913759501237,-0.0178064143508491,0.724110116219689
-0.581954546306229,-0.0263653871101832,-0.0209178934050587,-0.185387968874835,-1.05958456406824,1.67345903831451,-4.25864504729549,-0.425483630783674,-0.01236387560769,-0.0126973930884065,-0.0105168139360064,0.665820809814212
-0.582498482726842,-0.0263356996118613,-0.0212648398651352,-0.185746371873095,-1.05979466495448,1.67323312910515,-3.38373014389998,0.124742004629525,0.166840154310961,-0.00954598782163796,-0.00619569428523503,0.652707535220145
-0.582943447535809,-0.0265508370008085,-0.0217620790515245,-0.186208895776102,-1.06018808269943,1.673178208999,-3.87849636700332,0.331074074029857,0.161872468560972,-0.00103211355229149,-0.000677343889645909,0.641477987063114
-0.583302140952836,-0.0269821215184249,-0.022373740802061,-0.186760167199488,-1.06073918621174,1.67328438610079,-3.33919157402551,-1.48065264915522,-0.0128958118143032,-0.00777248910009742,-0.002682528694956,0.64953664465125
-0.583592641349127,-0.0275801841138863,-0.0230509563587411,-0.187374959142165,-1.06140960307398,1.67352978838175,-4.62362323277995,0.201974932548637,0.00749204263786396,-0.00696761404335655,-0.0092407626394968,0.694129023773647
-0.583844309542495,-0.0282785382381974,-0.0237334137025775,-0.188019418948808,-1.06214314479453,1.67387426391976,-3.42546191020375,-0.0656321908165864,-0.031364332623383,-0.00414565926636667,-0.0166825887428052,0.76970260518298
-0.584087729330472,-0.0290060423464764,-0.0243603916585475,-0.188657975665561,-1.06287924281188,1.67427227367856,-5.70937239580763,-0.345272018266542,-0.0152566560896901,-0.0116731140675905,-0.0170666518261752,0.715763921163796
-0.584345861700266,-0.0296962938463059,-0.0248781807716676,-0.189257536938612,-1.0635623316067,1.67467619313927,-3.09845335609987,-0.967326161655365,-0.159183983192406,-0.0109400497541454,-0.0100751943180308,0.791334490959862
-0.584637629280503,-0.0302866636795027,-0.0252402186050098,-0.189786916780383,-1.06414009336137,1.67503378853526,-5.26457699126308,0.242867300125681,0.0115261513115001,-0.00765161145726045,-0.00249736469166784,0.726861857523446
-0.584965925382936,-0.0307382733023784,-0.0254207116652803,-0.190227650819701,-1.06458248655433,1.67530837817993,-3.94478154035534,-0.348648000958747,-0.016183013676482,-0.00332041524735072,-0.00303627105953103,0.732917173513033
-0.585317727826273,-0.0310437649798718,-0.025420816872082,-0.190578774628981,-1.06488218355253,1.67547648257814,-3.81373220193592,-0.618204118464746,0.154137481423135,-0.00459876693267391,-0.00837152325898405,0.715304134297944
-0.585667530080828,-0.0312145286174186,-0.025258243097684,-0.190848255729066,-1.06505293471949,1.67552977697073,-4.26170219937649,0.339617463805553,0.150716595492952,-0.00650002556915741,-0.0129430573325205,0.689380582196577
-0.585984533157808,-0.0312674372332769,-0.0249572365787496,-0.191044555661098,-1.06512134669882,1.67547108890138,-3.83513984268967,0.169558709734474,0.05095540951163,0.000207661873587561,-0.0159919787445233,0.713636966381721
-0.586226405751113,-0.031258727244877,-0.0245725629280962,-0.191200596673997,-1.06513470000284,1.67532014268968,-4.30728056587043,-0.919738233331827,0.0257668816691137,-0.0112619700963048,-0.00943653555908303,0.704555561773542
-0.586345915952595,-0.0312563318923633,-0.0241696919453773,-0.191353063049293,-1.06515886225994,1.67511589862963,-4.85392853255814,0.691870738462512,0.0265934456395769,-0.0152884627332703,-0.0122259013611116,0.771279035210753
-0.58630621328333,-0.0313165486585953,-0.0238039447686329,-0.191532280269396,-1.06524900640148,1.67489193907382,-4.03270003523414,0.352747889053944,-0.0881860643550283,-0.0158095187211358,-0.0172108925866878,0.832029412943124
-0.586081109010069,-0.0314991229313364,-0.0235321261486789,-0.191771091215233,-1.06545809675489,1.67468816433202,-5.90056894804223,-0.161762144082786,-0.179353971285678,-0.0226484631372088,-0.0109502145547455,0.780678678556696
-0.585663151872385,-0.0318458350971751,-0.0233950334303636,-0.192093259164734,-1.06582226222395,1.67453758843902,-3.4463887016305,-0.0166004977861576,0.0735336763077612,-0.0163325620333081,-0.0172581134759563,0.828732925201144
-0.585067872020767,-0.0323677270050746,-0.0234068113029828,-0.192506400685877,-1.06634941726485,1.67445491045766,-5.11156258450779,0.646712909391908,0.15248829719178,-0.00804917762370971,-0.0107020674220616,0.716349645353453
-0.584317528741469,-0.0330711395826864,-0.0235777701402367,-0.193016812986755,-1.06704083682497,1.67445243243821,-3.61746881614982,-0.793979398029705,0.0772153054177238,0.00152409662021746,-0.000569824160014498,0.694267234324899
-0.583458158990404,-0.0339218873077378,-0.0238849613443268,-0.19360781899745,-1.06786838545588,1.67452334678811,-4.29483869754915,-0.417237446006538,0.2099385220599,0.00742821428936047,-0.00631575983730387,0.705409398967567
-0.582544868568919,-0.0348683525793234,-0.0242893133616005,-0.194255096832711,-1.06878404813435,1.67464296756578,-4.38215362085316,0.24445375768164,0.175364576905537,-0.00582229412992241,-0.00982298816825028,0.73481782663672
-0.581641102969247,-0.03583541688461,-0.02473481456881,-0.194920421723358,-1.06973095389052,1.6747813806035,-4.29754340301554,0.475057889771961,0.00308021880363185,-0.0154010732414211,-0.0125951490576813,0.773198648997318
-0.580802043140593,-0.036736220029856,-0.0251584480120315,-0.195556575521877,-1.07065517176985,1.67490550830336,-4.2803845751078,-0.030531888274254,-0.0501732651329974,-0.0226329677434141,-0.0128762195616637,0.774275212861262
-0.580084785072514,-0.0374757722184196,-0.0254905842889652,-0.196112032166724,-1.07149394130299,1.67497360683782,-5.38257161654235,0.880696968408301,-0.0670358931542978,-0.020220350203989,-0.0106882533639621,0.776332915895467
-0.579530515872234,-0.0379735214208736,-0.0256728802125041,-0.196543999480938,-1.07219968169249,1.67495024840617,-3.66455925818929,-0.73437306932783,0.0221900552902525,-0.0170055805799776,-0.0100184832055255,0.807682443122892
-0.579172029721192,-0.0381547505851545,-0.0256545999275191,-0.196809940997565,-1.07273612943732,1.67480909656832,-5.69794586968771,-0.786753972851102,-0.0771929656965256,-0.00735715469803111,-0.0131253422827526,0.746647534121808
-0.579020813347817,-0.037967463921504,-0.0254042195723672,-0.196878919520773,-1.073087428532,1.67453473373916,-3.53389709859721,0.345815980693033,0.0180610071322178,-0.00530668108999865,-0.0194206226151832,0.835587209783446
-0.579069858741364,-0.0373872679129983,-0.0249128652566175,-0.196735785649332,-1.07326129484261,1.67412788079037,-4.87689987257397,0.759908381951163,0.0580617643548464,-0.018798352001653,-0.013882068087434,0.747195676620688
-0.579306051966937,-0.036423306321189,-0.0241956582589182,-0.196386613252284,-1.07327612595558,1.67360023074363,-4.16544504760219,-0.0680140775145901,-0.0793180615877702,-0.0178828301968421,-0.00449703964330106,0.708572878370303
-0.579714276723282,-0.0350964685727675,-0.0232767932267823,-0.195842097539794,-1.07315761164538,1.67297118484717,-3.57934245316352,0.236927786345177,0.0459468495085389,-0.00395268770927615,-0.00195646247749076,0.719902255108424
-0.580266501326389,-0.0334655808216526,-0.0222095418673058,-0.195138618131223,-1.07294452449153,1.67226869588069,-5.24127572196767,0.609803735514561,0.123606494761788,0.0026147844586073,-0.00549520073187487,0.708425758171837
-0.580943422957256,-0.0316051152490564,-0.0210557578093038,-0.194322445749582,-1.07267440317735,1.67152441228576,-3.59815498282802,0.187115058897007,0.0319606306607625,0.00577311959760918,-0.0106887777969109,0.823613382910745
-0.581726799336303,-0.0295955317969598,-0.0198788854167635,-0.193444859951801,-1.07238110144965,1.67076744855776,-5.69547754720753,0.31112436463286,0.108570706666001,-0.00269218374281222,-0.0199944226107208,0.810285721568021
-0.582596847801884,-0.0275395052900169,-0.018757596885586,-0.192572803058791,-1.0720987190582,1.67002620017254,-4.65166468293182,-0.114848289589645,-0.154920954754573,-0.0203075120922427,-0.0208889234695198,0.843471863050275
-0.583542579575726,-0.025529718011887,-0.0177594291035976,-0.19176711892072,-1.07185153650423,1.66932211155636,-4.24196778746858,-0.527913460547552,-0.226244830919597,-0.0256148944839447,-0.00885414063281781,0.802540231658635
-0.584550892301042,-0.0236463663543223,-0.0169410326734487,-0.191081230159716,-1.07166025343451,1.66867169333496,-4.82634487597335,-0.185412383262701,0.058766078692031,-0.0160897737058097,0.00209415902457072,0.723798341661555
-0.585613595553393,-0.0219682406601329,-0.0163549437965722,-0.190566542592573,-1.07153718227035,1.66808292068136,-3.57725556662774,1.01676396870812,0.128074085691736,0.00414273811305899,-0.00435374405335515,0.742639823880103
-0.586718963806554,-0.0205462214822862,-0.0160314747438026,-0.190254212684679,-1.07149357805579,1.66756112065701,-4.34789338624063,-0.575182340712217,0.125455631094638,0.00606726368497545,-0.0125239124502392,0.69423340116967
-0.587852121292734,-0.0194166179286279,-0.0159891976791986,-0.190164740764556,-1.07153801741197,1.66710665667705,-4.27825822143365,-0.278553065465076,0.0704015660543007,0.00337217863817552,-0.0189042463741943,0.744030321985134
-0.588996733738733,-0.0185947801450883,-0.0162294314470011,-0.190302047995569,-1.07167615554311,1.66671520115835,-3.86933123256091,-0.422479383990094,0.0582162392569217,-0.00423199964160847,-0.0224937587455216,0.792524788690129
-0.590121803731642,-0.0180837184993523,-0.0167449277042147,-0.190658579892437,-1.07192427759012,1.66638681963468,-5.94659454946878,-0.255237217140575,-0.0334500771384967,-0.0278843206541497,-0.00999190219857149,0.764133204869515
-0.591209186597112,-0.0178447697577893,-0.0174935813979533,-0.191198615617508,-1.07228162108382,1.6661115567938,-3.46562436651385,-0.658293149134124,-0.149909390667915,-0.0264827909428194,-0.0037119430899778,0.875239790431344
-0.592237126658799,-0.0178504613431567,-0.0184404998869308,-0.191892430119952,-1.07275151104853,1.665883408417,-6.35021519907389,0.731631432031691,0.109952650633886,-0.00775664251725283,-0.00705368996533529,0.820964748077869
-0.593188962024552,-0.0180510868328367,-0.0195328633961185,-0.192694934832365,-1.07333062598097,1.66569484086611,-4.01191266568225,-0.526923986167048,0.153497776831358,-0.00385859284763423,-0.0146905391964701,0.861270543494708
-0.594053980953375,-0.0183894226652273,-0.0207111420981052,-0.193556621325778,-1.07401051070357,1.66553598168639,-5.18898398441388,-0.42470026698652,0.310941334003246,-0.00202967900329343,-0.0188373015150772,0.799743151606084
-0.594829156840541,-0.0188218698330171,-0.021922554930816,-0.194439805721972,-1.07477659319369,1.66539891561845,-4.25954980297769,-0.207109082862871,0.239853125757264,0.00207023136217144,-0.0143006763753158,0.775777590553806
-0.595520197253113,-0.019300986416745,-0.0231104568691558,-0.19530689534462,-1.0756048431109,1.66526874024737,-4.80574625940477,0.575555081803941,0.101930310421864,-0.00204282891185681,-0.00447839653341858,0.75556008573855
-0.596139641690115,-0.0197882638485734,-0.0242245244685344,-0.196128015155612,-1.07646689731678,1.66513080476016,-3.71062288245207,-0.964943080367902,0.0248602214340679,-0.0162912974438272,0.000532590054775683,0.771794095771409
-0.596708579086421,-0.0202519180215095,-0.0252194088473228,-0.196880040766486,-1.07733121895503,1.66497439322872,-5.45520311556896,0.437768864866257,0.0773231151832476,-0.00914006123768552,-0.00618153174585312,0.778928448551817
-0.597249923013062,-0.0206765232383281,-0.026063444559699,-0.197553303320871,-1.07816658018056,1.66478824554505,-3.85216728269984,-0.226888457907307,0.0647918321205054,-0.00813800415169386,-0.00965603255576752,0.836392337296296
-0.597782796786668,-0.0210511793647434,-0.0267309732964158,-0.198142717464935,-1.07894166841997,1.66455845137441,-6.06097125206736,-0.606162575130384,0.0738094243838532,-0.0121737446058758,-0.0192948583821453,0.811452166335734
-0.598324577065621,-0.021370656098382,-0.0272049991846026,-0.198647360370253,-1.07963346073826,1.6642788482743,-4.22108499931682,0.182723799565338,0.0549085408108283,-0.00548593542121623,-0.0291206668944899,0.918173266226427
-0.598883311846667,-0.0216472416955487,-0.0274860066629843,-0.19907767945562,-1.08022866682668,1.66394782219048,-5.92146682683466,-0.00929033225679632,0.0113149019614696,-0.0139319183809095,-0.016674500105182,0.855117432831173
-0.599458539933079,-0.0218859866938281,-0.0275750704419553,-0.199439190451906,-1.08072028808836,1.66356473960798,-4.78251091406116,-1.0895065338143,-0.0470579572813676,-0.0222120891245163,-0.00757669858084103,0.852976766432357
-0.600040367984011,-0.022100162814473,-0.0274838823800347,-0.19974149007909,-1.08111327867245,1.66313545787481,-4.50936091661072,0.46729513945229,0.122878738034132,-0.013576418103153,-0.00206521687124428,0.856607032658853
-0.600616275898654,-0.0223000339173796,-0.0272259281032421,-0.199992247717794,-1.08141387849994,1.662663769158,-5.26004334981349,-0.0356791668584719,0.185080342027931,-0.00712051584072659,0.0033627523488467,0.761464502877482
-0.601165098525323,-0.0225014828481838,-0.0268227816653446,-0.200201670813398,-1.08164077520869,1.66216247712835,-3.58087126902774,-0.814179334782011,0.155219350965467,0.0033182295256835,-0.00219620713620794,0.786761651608155
-0.601663121299983,-0.022729325749971,-0.0263068832350273,-0.200385792132984,-1.08181642650619,1.66164476844024,-4.90778751981594,0.0264349305421092,0.199765587721629,0.0103842831350298,-0.0171750498247485,0.789462864081914
-0.60208625748218,-0.0230067633416358,-0.0257109302026397,-0.20056188028742,-1.08196288733953,1.66112060293902,-4.98296576260134,0.740181039104982,0.0288975373184996,0.00234261233174138,-0.023117684998483,0.867114259572354
-0.602422866247753,-0.0233594673677189,-0.0250691504209202,-0.200750508007558,-1.08209284120174,1.66059466574237,-4.40392328189466,0.110420769983875,-0.163779378020479,-0.0195470999665237,-0.0174952377070341,0.918478885414157
-0.60266460639834,-0.0238313566924413,-0.024428669591994,-0.200986751229648,-1.08221840819824,1.66007086901078,-6.55747578971034,0.265177459641791,-0.327518305923633,-0.0323513846246173,-0.010746793350573,0.886197116513775
-0.602815215920627,-0.0244427373856517,-0.0238200116589444,-0.201292205319032,-1.0823397140015,1.6595442803752,-4.14059104611562,-0.275319887903152,-0.258505409030789,-0.0305448201823926,-0.0119721129291785,0.952362105418428
-0.60288537644258,-0.0252249866753216,-0.0232805373934222,-0.201698805004162,-1.08245034238322,1.65900393385769,-5.96120183060901,-0.383478879249196,-0.204773583653633,-0.0243649853685066,-0.00685616718655735,0.84036069871557
-0.602897694679193,-0.0262043357967086,-0.0228426010354672,-0.202235414814488,-1.08253923988377,1.65844066034093,-4.18160269979808,-0.66646736015673,0.0373273894303736,-0.00274906694106436,-0.0119068559413602,0.847660213286996
-0.602872351013771,-0.0273981473064184,-0.0225339402991411,-0.202925282293399,-1.08259771341347,1.65784495792419,-4.70751425529494,0.86788925808537,0.203419254079108,0.010303506804437,-0.0184890693273828,0.818689345943428
-0.602837784336766,-0.0288087447039871,-0.0223712691939066,-0.203781788030147,-1.08260949891824,1.65720344216836,-5.21124054440537,-0.337431512034073,0.231644796524222,0.000736107180836498,-0.0125699277053296,0.792370168118042
-0.602824905381826,-0.0304195829420921,-0.0223579269907461,-0.204803593262177,-1.08256194820105,1.65650958473964,-3.96673005321651,-0.961799587211999,0.183954941104389,-0.00608699238476351,-0.00435371257795775,0.853648201586249
-0.602863534832891,-0.032190667419858,-0.0224810593184841,-0.205971861635632,-1.08244384818841,1.65575805172446,-6.02298585858637,0.92948246196579,-0.0769113088535676,-0.0204291312419014,-0.00387304038513897,0.836153620737431
-0.602973900913551,-0.034070796221382,-0.0227229538899694,-0.207256042585498,-1.08225731080327,1.65495359857734,-4.48492450756214,0.236896139591181,-0.0515569861713345,-0.0231809080826699,-0.0045191669480546,0.89469521749944
-0.603171363935635,-0.0359863380877536,-0.0230520938368426,-0.208606369711833,-1.08201460164225,1.65411166853187,-5.34228895743206,-0.30609438361671,-0.0791893330907101,-0.0120631742023405,-0.0133172309385244,0.88417061220645
-0.603471236864204,-0.0378414491709949,-0.023418707358106,-0.209957737649301,-1.08172255319881,1.65324319206321,-5.24462523322757,0.0780660390676076,-0.0175132130126485,-8.98838049918638e-05,-0.0203462886711557,0.893855514873914
-0.60388155759458,-0.0395329196497753,-0.0237691920956085,-0.211237399228892,-1.08139530209801,1.65236321730058,-5.23193386003663,0.0727140247608986,0.191212449588079,-0.0013459318111817,-0.023168055223432,0.893860294945291
-0.604401745690925,-0.0409699374857446,-0.0240586179868791,-0.21237789966455,-1.0810594832372,1.65149739869073,-4.5371121426989,-1.15625103953562,0.0594261962927192,-0.0146694699436387,-0.010462901504583,0.849743949580192
-0.605031864630453,-0.0420677855894267,-0.0242432724128017,-0.213317687598928,-1.08073485820443,1.65066413675901,-5.29711987255888,-0.347672701707097,0.0135531667419855,-0.011956071212269,0.000263540663471562,0.802352020653507
-0.605770539569772,-0.0427601208295103,-0.0242885596937974,-0.214008682105272,-1.08043600272509,1.64987558293208,-3.62526424771363,-0.972355927929584,0.119011866067382,-0.0173294253049185,0.00149274692168644,0.819175656289209
-0.606615706853746,-0.0430063076317175,-0.0241741431935463,-0.214422527161696,-1.0801717463637,1.64913711597728,-5.7165288098044,-0.473064248232959,0.0623276035024674,-0.0110997607015237,-0.00129829419369581,0.785523037098047
-0.607563413502349,-0.0427982713754185,-0.0238986623247668,-0.214554530106731,-1.07994669150788,1.64844932373154,-4.3141484075345,-0.0201613536326022,0.182666519206805,0.00838763657532438,-0.0184377930100112,0.916825529688378
-0.608602986200398,-0.0421691527586798,-0.0234867597281738,-0.214427965639974,-1.07976918299834,1.64781327426815,-6.01131848294818,-0.0453636282265961,0.0675250474233451,0.00433971576525316,-0.0218453016197673,0.90617077641277
-0.609728435194467,-0.0411693375029518,-0.022968049954242,-0.214081087481867,-1.07963381372564,1.64722000879745,-5.34628737708022,-0.103236799503975,-0.0739386338585462,-0.00957135004939769,-0.017286588283577,0.942716873071573
-0.610930715283087,-0.0398706162060254,-0.022384046157192,-0.21356678602136,-1.07953288362056,1.64665601064456,-4.80221559402872,0.406985703759574,-0.0125343681657739,-0.0164338264506436,-0.0109690677101384,0.953785800919869
-0.612195238025318,-0.0383659091108361,-0.0217894014835232,-0.212951904859019,-1.07946084264056,1.64611116569502,-5.7063099658526,0.104740984017781,-0.102596152578172,-0.0180378563505488,0.000182477204814402,0.85784822934827
-0.613506239673604,-0.0367556902279409,-0.0212400471243737,-0.212306608038221,-1.07941283679037,1.64557736455414,-3.99622757305303,-0.658958930998551,0.140713557670381,-0.00781147866520726,-0.00193144354340985,0.856987757669669
-0.614844582159095,-0.0351321564378102,-0.0207834075122624,-0.211695639135355,-1.07938427310068,1.6450456977467,-5.00161481598468,-0.779931576920717,0.161614058940785,0.00895727645985867,-0.0100708719406013,0.800043518548849
-0.616181787809373,-0.0335792797204819,-0.0204631304827625,-0.21117348558667,-1.07938213974981,1.64451789508659,-4.97063023348744,-0.28711916282009,0.325130344104281,0.0174151606391666,-0.0180146944229794,0.858190140990467
-0.61748849020338,-0.0321639904724682,-0.0203097789277,-0.210780211389418,-1.07941466167682,1.64399746422975,-4.46830951359431,-0.756391576139322,0.0622932493114376,0.00523672526162189,-0.0213316563062075,0.91950001632657
-0.618738050988277,-0.0309193363001832,-0.0203293602902133,-0.210531757246246,-1.07949089705569,1.64348972240851,-6.39220234707221,0.539557725360055,0.00244875107458142,-0.0205622874638673,-0.015572063628685,0.903443691646425
-0.619898987028598,-0.0298784453665251,-0.0205290770988888,-0.210442248165895,-1.07962905040383,1.64300816986044,-4.34776320970462,-0.000909885841110736,-0.135094131269909,-0.0303905755058342,-0.00991398500666213,0.990851518776254
-0.620947964459251,-0.029040460119079,-0.020891303903074,-0.210501480398784,-1.07984009515381,1.64256029549952,-6.50458870366157,0.0219207667419141,-0.176699680914425,-0.0269408203968191,-0.00308318405745311,0.93007665939774
-0.621862135482393,-0.0283911343609393,-0.0213911447284427,-0.210690128160967,-1.08013690117223,1.64215386423422,-5.03816252022148,-0.638183508310703,-0.0221668031103661,-0.0118796807152513,-0.0105865546058083,0.950493545980364
-0.622633748135739,-0.0278964434641349,-0.0219870895320122,-0.210977450203985,-1.08051507688205,1.64178251984477,-5.3289235721889,-0.0814964518858687,0.146458916341487,0.00267873995861967,-0.0188848749404498,0.924013296933734
-0.623263779897499,-0.0275279602397642,-0.0226415797803383,-0.211337230273214,-1.08096746006824,1.64143991317636,-5.27375518365409,-0.471736373185649,0.231573542495056,0.00717080084669197,-0.0183948296670141,0.876217033731045
-0.623760188624158,-0.0272497924345423,-0.0233122163509718,-0.211738960764197,-1.08147746504136,1.64111089047995,-4.54545519551039,-0.00474663316754231,0.156063142944618,0.00382669857441931,-0.0115918540035923,0.879992060245658
-0.624151517295293,-0.0270248033789517,-0.0239528872954515,-0.21215546098429,-1.08201090863587,1.64076991386847,-5.30126619108864,-0.156565897638529,-0.0680321162466271,-0.0179185335750116,-0.0039180251104115,0.835666413563792
-0.624468726921455,-0.0268260767354116,-0.024525740852227,-0.212567733497198,-1.08253066439787,1.64038819998008,-5.12812887942852,-0.359416247064701,0.0315402991914766,-0.0247105311381484,0.00163889892855401,0.914776988626179
-0.624746245551049,-0.0266364777753347,-0.0250038126883874,-0.212962994477189,-1.08299978493618,1.63993791354759,-5.17718053832823,0.0503160033492804,-0.0653509155474978,-0.0155977746701867,-0.0107461040351386,0.995675300531099
-0.625029214657473,-0.026440444624158,-0.0253612253625746,-0.213331486842092,-1.08337274615374,1.63938864782156,-6.8619205598846,0.417153106563092,-0.109413941403517,-0.0160030496637837,-0.0262956882888725,0.988312791381768
-0.625358852393465,-0.0262384298292009,-0.0255864142425883,-0.213675669483517,-1.08360730118353,1.63871131252284,-4.63388998259347,-0.481089308401124,0.0253531987043516,-0.0191544146117395,-0.0289846429021303,1.04249915513298
-0.625766026230385,-0.0260442440016933,-0.0256847573689107,-0.214004521721687,-1.08367708796528,1.63789083166357,-6.53109631306006,-0.0524794547275178,-0.0110019347658579,-0.0128852656353287,-0.0212699848276449,0.945888899662259
-0.626276229382156,-0.0258546154120518,-0.025654164470625,-0.21431494947297,-1.08356348609366,1.63691883803059,-4.74761913344821,-0.0664509566897777,-0.0216247769176334,-0.00673088745685924,-0.00830136940383058,0.914022114823575
-0.626901101057736,-0.0256873361581125,-0.0255140633394766,-0.214617519314764,-1.08326517521437,1.63580116165115,-5.10929169579936,-0.759609202977344,0.0513531243332181,-0.00973494751861148,0.00409476037034123,0.846397770836088
-0.627629026308704,-0.0255642119002735,-0.0252952578759842,-0.214922671733078,-1.08280517854327,1.63455961281486,-4.53697867244097,-0.871555713017869,0.0384851929157151,-0.009484502126615,-0.00333819677790492,0.856515992978403
-0.628436724444557,-0.025498679184853,-0.0250280472009841,-0.215234157743502,-1.08222240586294,1.63322748433708,-5.50946351502699,0.978897629218636,0.15161596557715,0.000244321866941455,-0.0156859066545282,0.909177810536482
-0.629283504189604,-0.0255121959058311,-0.0247525607277472,-0.215561118899749,-1.08157071583104,1.63184749864559,-4.70025627592889,-0.647814799354592,-0.0319264291483137,-0.00877123915845157,-0.0235396782601928,0.952457955209172
-0.630122706548881,-0.0256173667066957,-0.0245045449398338,-0.215908590399227,-1.08090612396331,1.63046189756693,-6.66099529493226,0.133839037504913,-0.103171165124223,-0.0164053237361057,-0.0227199615875282,0.974936863492892
-0.630902953624946,-0.0258163456485336,-0.0243128502300951,-0.216272698240906,-1.08029336218154,1.62912242291878,-4.86682343333945,-0.0180041699527465,-0.199243460372202,-0.0183467103297796,-0.0166511085782954,1.06419715292382
-0.631573684266075,-0.0261077974397184,-0.0242028101354457,-0.216649120114486,-1.07979394013053,1.62787629638704,-7.36222559306714,-0.499191630176028,-0.183651737516641,-0.0228456549696214,-0.00752750218535342,0.999357624674035
-0.63209780726235,-0.0264738366639001,-0.0241829186446878,-0.217025411505095,-1.07945286214241,1.62675992730357,-4.64841512664651,0.0427937166664378,-0.141960122460205,-0.0238980496319776,-0.0112701867207805,1.06484240045955
-0.632453815330811,-0.0268999419503375,-0.0242593899511097,-0.217393147651381,-1.07930076931111,1.62580238800612,-6.24379582095742,0.58949711899163,-0.0830476548172498,-0.0138055264200387,-0.0144548754197544,0.963324909613876
-0.632633775789449,-0.0273545678458484,-0.0244206716592132,-0.217735838034619,-1.07935091050087,1.62501940571262,-5.21943404981465,-0.379793656583161,-0.0234644305984943,-0.00464799595528476,-0.0126197304677755,0.928476172060675
-0.632657164941612,-0.0277880761473712,-0.0246346926099026,-0.218028535615182,-1.07958792973943,1.62440694532906,-4.56727509117508,-0.157466454180394,0.219355880300697,0.00784860784153851,-0.0135112046532938,0.917126735004279
-0.632555418214107,-0.0281616359437171,-0.0248734775402082,-0.218257342867329,-1.07998024350741,1.6239464944795,-6.35533745153475,0.289407860459733,0.209850449029659,-0.000894179051556865,-0.0118493289720046,0.895685579644153
-0.632377693899644,-0.0284250662368697,-0.0250964508482194,-0.218403609714623,-1.08047780876794,1.62360539393421,-4.67724530576112,-0.457991045591143,0.0285638266672663,-0.0098999582684054,-0.0135250897782526,1.03086551771253
-0.632180919217706,-0.0285440155255658,-0.0252723836751723,-0.21846093309886,-1.08102368207316,1.62334406729681,-6.8985490328285,0.156548434949627,-0.0784084233710303,-0.0191588409254089,-0.0155792736218479,1.03232098235537
-0.632034228886456,-0.0284690803375662,-0.0253561072298616,-0.218414336788766,-1.08154494233162,1.62310710262688,-5.78915727802251,-0.0547616850294617,-0.359261678447297,-0.0271165097589816,-0.0178120488472264,1.07272714439982
-0.631987817011642,-0.0281873080759159,-0.0253322621604488,-0.218271926351647,-1.08199151027295,1.62285192742646,-5.84639782501324,-0.865657260828357,-0.217204683295222,-0.029168283172313,-0.0206351276898781,1.02504974865686
-0.632084922310205,-0.0276977013124196,-0.0251955723767594,-0.218048388963901,-1.08231790714645,1.62253470888451,-6.05522049077939,-0.828343643172275,-0.101154447389916,-0.0128216934863756,-0.0171048024939648,0.970923905854419
-0.632358216096815,-0.0270090234772837,-0.0249492294684548,-0.217762663459,-1.0824905935296,1.62211731550541,-4.97445601736359,-0.0921407249177264,0.127201506360706,0.00294368079323837,-0.0156249743075384,0.987386839415911
-0.632821196927595,-0.0261503892177721,-0.0246135614316569,-0.21744304237041,-1.08249611441095,1.62157390732816,-5.68546409031177,-0.7028387075909,0.0999040943123646,-0.0035924237097249,-0.00882895313482102,0.910246142154681
-0.63346488515119,-0.0251812280867663,-0.0242335371154245,-0.217131938709961,-1.08235037953814,1.62090005990337,-5.11968743644832,-1.33235805692971,-0.018447740300843,-0.0121707254922221,-0.0112020176611105,0.934288446206862
-0.634266899658074,-0.0241643414795325,-0.0238576839807261,-0.216867532419126,-1.08208429576223,1.62010403951205,-4.9312120867782,0.379252432339399,0.0243918557582674,-0.0127097250166224,-0.0140867775398719,0.96354864267308
-0.635206689934404,-0.0231458512584348,-0.0235196453351556,-0.216671647053837,-1.08173122353351,1.61920352543827,-6.18398308218315,0.480523502189271,-0.0672182840868061,-0.0188979390087614,-0.00901352729172528,0.932761475886373
-0.636252543702228,-0.0221780932734115,-0.0232578361126436,-0.216564245660353,-1.08133686925136,1.61822750541907,-4.57156283918391,-1.17962872288604,-0.190952415425755,-0.0182587427887193,-0.0152783755577185,1.00524365296055
-0.637370200739684,-0.0213150405147768,-0.0231096800896959,-0.216561557465976,-1.08095302385116,1.61721626610081,-6.66633633204725,-0.295171527081493,0.0192935844386568,-0.00722806079874472,-0.019829160604885,0.988753615810982
-0.638535649957179,-0.020593192611849,-0.0230956211708155,-0.216665961473414,-1.08062489067096,1.61621271221207,-5.47096684568271,-0.167658099559503,0.0348342168670683,-0.00774705168928902,-0.0227350774065208,1.029238849091
-0.639735362645408,-0.0200223268006097,-0.0232137746157652,-0.216860554320949,-1.0803843399802,1.61525513968599,-5.33997378758488,-0.770545036933981,-0.0838796233119012,-0.0178216589663998,-0.0188977713091713,0.997554989082547
-0.640971289097445,-0.0195956266952448,-0.0234455719261932,-0.217117858626398,-1.08024727414136,1.61437604612725,-5.84465037370461,-0.189470047537725,-0.0814814105592063,-0.0221115772946749,-0.01175072581811,0.943422140627133
-0.64224753835258,-0.0192909118960101,-0.0237601647067271,-0.217403593407487,-1.0802194433224,1.61359880726769,-4.90435440603312,-0.570514385488195,-0.0167295268191765,-0.0114802947731043,-0.007777072593873,0.960173795006272
-0.643571919291841,-0.0190770500784625,-0.0241194747045628,-0.217680954872037,-1.08029565238877,1.61293483154137,-5.46290972837051,-0.293613660266828,-0.0592312758351738,-0.0159849350196204,-0.00922055945465738,0.925747712106727
-0.644954388475788,-0.0189153854486479,-0.0244788752138141,-0.217912507850078,-1.08046337697388,1.61238863345093,-5.49405974208804,0.600582622327011,0.0593140105342229,-0.00655166754836634,-0.0189738739149584,0.965790593607642
-0.646399569194477,-0.0187655062636312,-0.0247931807369985,-0.218065229658698,-1.08070374341949,1.61195211195522,-5.3938891797992,-0.466055297451476,0.160427515793458,-0.00448116100898188,-0.0208171985213111,1.01524079908461
-0.647905129278586,-0.0186000179557473,-0.025028489112791,-0.218120089318192,-1.08099717772095,1.61161083469387,-6.28160772868716,-0.914528858996391,0.0123264051193246,-0.0154082744801993,-0.0190097160230921,1.00759396979765
-0.64946477407273,-0.0183870759692679,-0.0251476104446846,-0.218059569607114,-1.08131703607924,1.61133903730651,-5.5177911135471,0.109735216065019,-0.128642220272354,-0.0194422185098229,-0.0203432542392072,1.06819360837411
-0.651059080605298,-0.0181212616016309,-0.0251339788190137,-0.217888726134091,-1.08164319326109,1.61110694420557,-6.09012232972265,-0.52406465049512,-0.0444928695936824,-0.0305584218938355,-0.0147980346939677,1.0350322102156
-0.65265763397742,-0.0178058950934519,-0.0249819966263549,-0.217618541558923,-1.08196650038165,1.6108913871861,-6.2684631993659,-0.204085954683023,-0.145226336716007,-0.0255802419629947,-0.0106027126905598,1.02689303937227
-0.654216597532149,-0.017465299268534,-0.0247034138482209,-0.217274964234351,-1.08228762684897,1.61067298607718,-5.24617853561341,-0.291593118096671,-0.0217353714161277,-0.0130554000010568,-0.01584993871748,1.06117877027464
-0.655702021435907,-0.0171182440939743,-0.0243061422580235,-0.216880591452447,-1.0826009074261,1.61043029432238,-6.70476909337316,0.0964553684234488,0.0201346667291773,-0.0077633063264293,-0.0149424892114585,1.00376616961688
-0.657077604596866,-0.0167865956239943,-0.0238025075640109,-0.216460460113374,-1.08290506704039,1.61014617946328,-5.13511632429913,-1.03018858660857,0.113877630511041,-0.00624347101472589,-0.0207470971376775,1.04450530256649
-0.658316697057918,-0.0164953881621814,-0.0232087592966608,-0.216040216952268,-1.08319900394526,1.60981103574355,-6.06185532619219,-0.627489026283456,-0.189603080809917,-0.0150995823543938,-0.0160044923441906,1.02228817626974
-0.65939610795035,-0.0162651897405546,-0.0225420431664372,-0.215641055659204,-1.08348688223743,1.6094227912628,-6.04016871431821,-0.127995896731363,-0.0287511242264316,-0.023090235226618,-0.013074949750099,1.04701859102274
-0.660305216305664,-0.0160943113352747,-0.0218060497871744,-0.215267809711912,-1.08376339531917,1.60897409986881,-5.30713890928331,-0.531148183897812,0.0322327683460344,-0.025304961035304,-0.0128305223738091,1.08242355238514
-0.661048975323053,-0.0159813715744148,-0.0210064055198542,-0.214926300088159,-1.08402288591331,1.60846659851288,-7.19790545469567,-0.863789098235429,-0.238704656770636,-0.0230405095240291,-0.0148774983501158,1.05394780580226
-0.661640863458531,-0.0159162357054852,-0.0201468063908323,-0.214615531522689,-1.08425696704474,1.60790061441606,-5.39470328568444,-0.270448439685651,0.0610503144065149,-0.0148112560997089,-0.0243461609778127,1.14362918846483
-0.66210523869903,-0.0158754030347099,-0.0192235457826395,-0.214325928298367,-1.0844551602071,1.60727958589323,-7.06241711800527,-0.685012688073584,-0.00248601545442284,-0.0162246592402258,-0.0220746392804706,1.08498408547735
-0.662468184951309,-0.0158357376260714,-0.0182367296428014,-0.214049367564443,-1.08461193777041,1.60660784491404,-6.36688550965363,-0.453515618312622,-0.104717810675737,-0.0218857160682902,-0.0212460077695327,1.09516144372666
-0.662756654851563,-0.01577633521587,-0.0171916046442471,-0.213779720965157,-1.0847201279557,1.60588603214862,-5.87900759554844,0.953890386260127,0.0124304346459496,-0.0226920021331862,-0.0178243194264436,1.12025943670422
-0.66300153857191,-0.0156704186949224,-0.0160905623006018,-0.213507130066287,-1.08477339011803,1.60511497915621,-6.9502889039336,0.0901053527795739,0.0929260418502622,-0.0197949469924152,-0.00768463165079869,1.0445303998479
-0.663230222374103,-0.0155041914077341,-0.014945712060122,-0.213231647820012,-1.08476609942125,1.60429158145948,-5.10353123363421,-1.04787218420142,0.0886163006648246,-0.0144352275746567,-0.00562392706816361,1.06179927065942
-0.663454670836637,-0.0152899356780809,-0.0137907689077783,-0.212967588188234,-1.08471073381084,1.60342645481371,-6.4871076480585,-0.364826905753262,0.0589097240030867,-0.012274101634508,-0.0143876501010385,1.02823645753052
-0.663682244990174,-0.0150308732401516,-0.0126511016638646,-0.212723443588253,-1.08461805624669,1.60252282434299,-6.03215170633098,0.420397223411101,0.0592179219069635,-0.00816331866391273,-0.0241970006851983,1.09755294986173
-0.663917915167032,-0.0147459742122704,-0.0115607485249092,-0.212517010822375,-1.08449965316448,1.60158588905451,-5.99517609525066,-0.698068201410251,-0.0352336188320521,-0.0179818821078919,-0.0226144404345124,1.12134874787667
-0.664148495244771,-0.0144689718138675,-0.0105644632861026,-0.212373041276728,-1.08438052174553,1.60062801971491,-7.11153754144863,-0.929963220128457,-0.205493104809534,-0.0307122078372277,-0.0208690105823323,1.09395829139313
-0.664360025514627,-0.0142357183390072,-0.00970487805496267,-0.212315558878913,-1.08428740870148,1.59966609039598,-5.79419932143799,0.45419332073061,-0.0884521216916312,-0.0289726336140061,-0.0186804826518519,1.1651725942937
-0.664536132645252,-0.0140688536856874,-0.00901085267133084,-0.212358592033836,-1.08424168066114,1.59871169843924,-6.60938735394484,-0.571260833869701,-0.0337278321244128,-0.0259897970422704,-0.0120558013046334,1.09956243321266
-0.664649631855202,-0.0140070590522532,-0.00852045952488178,-0.212525956354201,-1.08427335414845,1.59778271744327,-6.24579602887775,-0.551139629408681,-0.140984900675335,-0.0233446511468229,-0.00933176097594374,1.0801271365362
-0.66468762202441,-0.0140503448957796,-0.0082391958491137,-0.212814722082051,-1.08439699589182,1.59689006778682,-5.57047427949135,0.134054300365051,0.0717364708468722,-0.00932636593877945,-0.0203378345665174,1.1016650760676
-0.664637784770447,-0.0141940445947961,-0.00816593503676022,-0.213218466843341,-1.08462764996461,1.59604715645319,-7.17010341236096,0.598054300123749,0.0813996622439959,-0.00993920817263838,-0.0221343492624911,1.04646600908712
-0.66449293842035,-0.0144215916166397,-0.008287761247878,-0.213722986884599,-1.08497770667189,1.59526961004892,-5.11643744716525,-0.900059424788878,0.0746677720061655,-0.0131705368732038,-0.0192237597593566,1.11804208739784
-0.66425706036051,-0.014702576642132,-0.00857922323505167,-0.214306454531568,-1.08544652514373,1.59456207855186,-7.17513260508457,0.298751041270634,-0.0737126866326321,-0.0200443585952592,-0.0124864032898951,1.07553131936093
-0.66394261684833,-0.014991191279309,-0.00900099689264877,-0.214936899954875,-1.08602840835161,1.59392825238593,-5.90909720733697,-0.729489992663503,-0.232114196953319,-0.0255529547486164,-0.0111076074336982,1.11666609585873
-0.663578662644215,-0.0152314351959717,-0.00950132197705478,-0.215576867096796,-1.08670682614953,1.59336922543913,-6.1911667365581,-1.39314445594027,-0.126942716040759,-0.0225675646217605,-0.0135924654694135,1.11305005882532
-0.663195217016262,-0.0153730010494275,-0.0100333502216887,-0.216192726703579,-1.08746466054752,1.59288418997206,-6.91528600660644,-0.223585352099235,-0.189266832728407,-0.0231806109486414,-0.0191114509951111,1.10455046699439
-0.662831733286744,-0.0153561265097233,-0.0105420751382392,-0.216744470249192,-1.08827363690453,1.5924629031762,-5.72298580872325,-0.0764727231203324,0.0334115491682212,-0.0143707802774062,-0.0296955363913672,1.16691154171911
-0.662534018554377,-0.0151516448610076,-0.0109920976864628,-0.217211704242313,-1.08910448139307,1.59209956757411,-7.07350062405095,-0.278469893267584,-0.0990283439948882,-0.0163614095971809,-0.0224427107102136,1.10141544372506
-0.662344783198475,-0.014728923826997,-0.011347517485762,-0.217571633910157,-1.08992700908235,1.59178333745887,-6.01723464448929,-0.398871697759887,0.000768223853242489,-0.0166487665638559,-0.012886543781072,1.10596078875985
-0.662294373492968,-0.0140828511241446,-0.0115928668688701,-0.21781661127085,-1.09072066980168,1.59150683111682,-6.110770211101,0.375199872092935,-0.00792721616610947,-0.0208699597186284,-0.00764202914960715,1.09512831452635
-0.662406863704162,-0.0132247776856333,-0.0117252988746723,-0.217947913741257,-1.09146501185268,1.59126085628174,-6.38086887715878,-0.363804174443203,0.0584506788647445,-0.0162610265160374,-0.00405339741617222,1.06742130630431
-0.662691616503116,-0.012194756165286,-0.0117637215817223,-0.217985033174605,-1.0921511108217,1.59104218177737,-6.11496851080528,-0.262419042375996,0.0997052853226421,-0.00912784505324149,-0.0138390038614275,1.09820199801131
-0.663146391771614,-0.0110373939074311,-0.0117310820079084,-0.217950152399727,-1.09276983906031,1.59084052189278,-5.92987921375357,-0.330739345896063,0.239862116287924,-0.0105477303437014,-0.0205849014484838,1.12240773664607
-0.663750171010097,-0.00982346176145743,-0.01167237019212,-0.217880601247026,-1.09332869309816,1.59065503175094,-6.59246796514941,0.0174994485355455,0.109368245864005,-0.00620639116869226,-0.0226485803991475,1.11798836023479
-0.664465194982365,-0.00863069718205356,-0.0116383604290797,-0.217819820189359,-1.09384346274813,1.59048493595705,-5.67617857218056,-1.29461065165287,-0.0368881497627456,-0.0137095492376624,-0.0145999786852603,1.11337378351671
-0.66525302035437,-0.00751716554577619,-0.011664113626684,-0.217799439937956,-1.09432331999954,1.59032219366925,-6.96244013113005,-0.71903357243059,-0.0314323875780644,-0.0240394757053797,-0.00811023705844516,1.07569051691539
-0.666069201728613,-0.00653902178767218,-0.0117836304131875,-0.217850779719915,-1.09478168541016,1.59016107170011,-5.81125868706113,0.333046062498397,0.173903934704754,-0.0164864400329416,-0.0136574587726797,1.17505920942185
-0.666864511289228,-0.00575142142420404,-0.0120295722938479,-0.218006889586275,-1.09523629047254,1.58999707491506,-6.71222496147459,-0.542136554237004,-0.0233211205857913,-0.012393925334357,-0.016345778949961,1.14078610332629
-0.667596661486793,-0.00518536483394882,-0.0124151118204565,-0.218286467214114,-1.09569874068966,1.58982244345402,-7.04492510603149,-0.636922384129548,-0.0778116975854175,-0.0158289111719379,-0.0203121628250881,1.14659136904252
-0.668234134607577,-0.00484136241006983,-0.0129291556631856,-0.21868973006181,-1.09617391684795,1.58962777212265,-5.7696886881406,0.30615077684206,0.0347369538676787,-0.007503518915708,-0.0254504404254678,1.20391963615749
-0.668765748575621,-0.00470143450101368,-0.0135428606617762,-0.21920614292352,-1.09665349657997,1.58940018892317,-7.6547112130508,0.416315443705798,-0.0745350319843681,-0.00750087056001636,-0.0143574850662385,1.10033630876038
-0.669189158450636,-0.00472896758777175,-0.0142142385344397,-0.21981258480483,-1.09713037360922,1.58913455808278,-5.05164632416336,-1.48183196983769,-0.0027436564698462,-0.00977937710449206,-0.00507627748192541,1.13810390508382
-0.669512984576464,-0.00486062560048861,-0.0148814063226792,-0.220468407614959,-1.09758773149248,1.58881761857297,-7.14245033529966,-0.270340943392966,0.0926369828494273,-0.0127102053795576,-0.0115235625843048,1.10354598676245
-0.669761476815671,-0.00503312631705644,-0.0154824550721879,-0.221132194213644,-1.09800595856179,1.58844322165239,-6.28621931555284,0.754634056262603,0.108159932294654,-0.012125335334769,-0.0193004256881216,1.16699451265594
-0.669969118707012,-0.00517654703162407,-0.0159512995385329,-0.22175698262407,-1.0983630032077,1.58800882230236,-6.40885684170263,-0.0137644479905248,-0.0778100090704754,-0.0170614330382706,-0.0200073896721465,1.17733507929921
-0.67017116827239,-0.00522987299908628,-0.0162316553007289,-0.222299485053393,-1.09864355197016,1.58751972932461,-7.39503529937139,0.0820851661881079,-0.013811647677386,-0.0201998252723552,-0.020070495045499,1.16663638298043
-0.670409079682765,-0.00512664471683522,-0.0162664877446073,-0.222712422925377,-1.09882392182143,1.58697497221756,-6.17054038783368,0.258551310966595,0.00157500786903597,-0.0177560579852081,-0.0220270667378352,1.23245543190823
-0.670712142047988,-0.00483317625561419,-0.0160262488274925,-0.222970391390879,-1.0988903453215,1.58637743692089,-7.25217850655855,-0.64281410204967,-0.164397677064613,-0.023988500330995,-0.0136576792748311,1.17422814122145
-0.671105967101311,-0.00433848776498635,-0.0155042148850606,-0.22306154295345,-1.098837372473,1.58573779269359,-6.61448346697506,-0.663736586887126,-0.131141448550551,-0.0221069505942406,-0.0124035457796854,1.17932686515575
-0.671597562527871,-0.00365895131232552,-0.0147193417330955,-0.222993155046226,-1.09867436593781,1.58507136446775,-6.14928012245025,0.387848636806666,-0.0119581892413123,-0.0159668304288751,-0.0178579670739897,1.19288331578836
-0.672182862058898,-0.00284616477212563,-0.0137207656281733,-0.22279680828035,-1.09841745786497,1.58439485751079,-7.23540173468257,-0.674542770877451,0.082561580994394,-0.0144198280163756,-0.0149738342385772,1.137974533153
-0.672849408516119,-0.0019665284641146,-0.0125718244403874,-0.222516544722161,-1.09808608150157,1.58372260669563,-5.69031066580601,-0.597393630902388,0.0409407951501635,-0.0112440365217235,-0.0204719093205407,1.18542544023555
-0.673576366863455,-0.00108575510274367,-0.0113394056756988,-0.222198164465652,-1.0977008990125,1.5830636438137,-7.14719754606853,0.14891106641744,0.0550558738418943,-0.0123237090044457,-0.0191022168766168,1.15587912460319
-0.674334082187755,-0.000294838060590052,-0.0101120346054446,-0.221906614304332,-1.09729380612208,1.58243466057916,-6.64141233377114,-0.244674439755272,0.0140906855823175,-0.0211770593412575,-0.0156972058088641,1.19788546221555
-0.675093533560517,0.000334703205799869,-0.0089652175396473,-0.221696049903725,-1.09688647475446,1.58183799491502,-6.31115214053631,-0.684647439361015,-0.0500031229814795,-0.0164021651701769,-0.0130769559601594,1.22497021863179
-0.675818337822924,0.000731580515550334,-0.00797547825292466,-0.221622567202047,-1.09650984767866,1.58128200628047,-8.00404290717512,-0.0373937565277629,-0.146041942477353,-0.0177970586381546,-0.016753905984659,1.19599173883644
-0.67648641233478,0.00086209072908261,-0.00719007078934997,-0.221718768203702,-1.0961812094357,1.5807656932703,-5.7244285194642,-0.692389987859997,0.00347922953176294,-0.0161619216050028,-0.0203002126097268,1.25409932915425
-0.677078468769129,0.000710419392515149,-0.00664250036389258,-0.222004838031923,-1.09591419206298,1.58028609802215,-8.14437445633166,-0.158901897267242,-0.16571941022363,-0.01505906173854,-0.0170228043653678,1.16527163324894
-0.677587577332177,0.000305030005463891,-0.00633196119281432,-0.222472214730662,-1.09571257373259,1.57983379385447,-6.18076745044027,-0.292079765757762,-0.114431576403746,-0.00758346545895483,-0.0199330829671797,1.21968348577127
-0.678015252363008,-0.000302821185304225,-0.00623908077682467,-0.223095269035057,-1.0955717367621,1.57939597642764,-7.27916449216298,0.321891020801331,-0.0323800735593238,-0.00720140475133935,-0.0152325073934504,1.19467845503731
-0.678373738693848,-0.00103319833512128,-0.00631996737117069,-0.223827259188489,-1.09547947738623,1.57895813277951,-6.41522096936848,-0.587165376457051,-0.0905615284006842,-0.0119181512635169,-0.0120388641228978,1.17335405113484
-0.678687001902417,-0.00179260816561744,-0.00651684632167449,-0.224611527901462,-1.09541528564236,1.57850352522418,-7.11271355894127,-0.164527749004037,-0.00434603619768836,-0.0049725922486954,-0.0133673283536443,1.15821039992676
-0.678981018172745,-0.00248229630227659,-0.00676636382355844,-0.225383290833434,-1.09535917704351,1.57802139658517,-5.73748514295249,-0.1868150369055,0.0629469684917865,-0.00955926163970133,-0.0115284933824218,1.18688519618475
-0.679283209475229,-0.00301439015758209,-0.00701061489634469,-0.226081676534026,-1.0952955837841,1.57750859258125,-7.61333457668991,0.0491585523300273,-0.112497329343,-0.00662813561656028,-0.0180791699340854,1.17025261247837
-0.679623447340613,-0.00331406501705889,-0.00719732731215572,-0.22665373781302,-1.09520458099279,1.57695968054592,-5.67492330755181,-1.51873972969042,-0.140102159060604,-0.00927572899616047,-0.0223432349630503,1.22407617835057
-0.680023434748554,-0.00333884161437581,-0.0072953979187369,-0.227064676711505,-1.09508118139357,1.57638456719989,-8.37559518362963,-0.300019196444964,-0.0869477391018165,-0.0213800142551808,-0.020284902614235,1.18775137411048
-0.68050241441508,-0.00307358988131057,-0.00729174282348843,-0.227297030861257,-1.09492372080537,1.57579671818835,-5.65258167645118,-0.603126346925819,-0.187819308065968,-0.0230523381033358,-0.0232931786300594,1.30966437292283
-0.681071245897032,-0.00252651130290271,-0.00718835858627065,-0.227349215085915,-1.09473543728163,1.57521035384621,-8.21805509109834,0.284525190420709,-0.110929491244889,-0.0237421261072939,-0.0157422876901467,1.20657117818145
-0.681725438881878,-0.00175045342365365,-0.0070195725211093,-0.227249073349105,-1.09453806105051,1.57465127940792,-6.22332106238542,-0.876135815633006,-0.100629974652549,-0.0197067106451834,-0.0140060242219311,1.21040954569025
-0.682451043385111,-0.000813546646015517,-0.00683009410182045,-0.227035742863232,-1.09435846213578,1.57414366371573,-6.67798850054913,0.65774727629605,0.17660848605729,-0.00605494826883035,-0.0186464346281501,1.20319170620454
-0.68323246880762,0.000209333349801,-0.00666763501689327,-0.226755721737969,-1.09421988601617,1.57370260764431,-7.4374364218329,0.621766691313724,0.172457401172863,-0.00218639053425873,-0.0189301494263597,1.16383328045088
-0.684049006953508,0.00123755992163499,-0.00658284301764289,-0.226462233297446,-1.09414648235574,1.57334062440336,-5.77131895713495,-1.40197995380095,0.0219254434903746,-0.00137646251886769,-0.0190868306214801,1.20722316497231
-0.684871003715607,0.00218265080918201,-0.00663208012274663,-0.226215497608055,-1.0941649543981,1.573062943754,-7.60545422532653,0.198776383444283,0.130853143358166,-0.00893403740947907,-0.0159002770075135,1.19044431111518
-0.685678771830632,0.0029902114060647,-0.00684469649243269,-0.226055296726272,-1.09428604665582,1.57285925801237,-6.57193573266727,0.406362919227831,0.0295672046811148,-0.0164004215031333,-0.0150634140154175,1.24498035721929
-0.68646297523008,0.00362624384186461,-0.00723090317810615,-0.226011299434953,-1.09450213403559,1.57270277024403,-7.076527496962,-0.838412551953525,-0.0560554017220625,-0.0220408671478785,-0.0123859916358073,1.21428307668311
-0.687214992126422,0.00407614589664984,-0.00778683676656633,-0.226099052602189,-1.09480465582276,1.57256715508485,-7.09157945259301,-0.640677375036148,0.0120355785441291,-0.0192844610797156,-0.0134374823655139,1.20753194671107
-0.687938121455295,0.00436192716654027,-0.00848091309976917,-0.226309150940022,-1.09516894436018,1.57241355633985,-6.73676163154988,0.464831727432966,-0.0578789452449655,-0.00245637427528678,-0.0191551237800586,1.22933085429635
-0.688649761307698,0.00451714676869575,-0.00926914166850379,-0.226622660947525,-1.09555755797675,1.57220253074679,-6.69654552465954,-0.75223835620568,0.00628840828781563,-0.00957907338872532,-0.0190590209180557,1.18886627503222
-0.689374538941352,0.00459050745022349,-0.0100951694184774,-0.227007769891309,-1.09593177706534,1.57190192370476,-6.88818087775843,-0.677179615583555,-0.0677839904523694,-0.0115533177399607,-0.0205487605593722,1.19797179223328
-0.690135193590696,0.00463256350175989,-0.0109018570176624,-0.227429169680136,-1.09625422990044,1.57148430884605,-6.0866458561498,0.417053281626977,-0.0139441358545298,-0.0160787432689906,-0.0190512163051468,1.2403937967342
-0.69095663672077,0.00469685761694016,-0.0116305719913699,-0.227844584346431,-1.09649391974864,1.57093779985155,-7.64305946646778,-0.68623282824683,-0.100897899700215,-0.0249848113181659,-0.0104053798135693,1.18171335672799
-0.691859031680647,0.00482907781769981,-0.0122301286348339,-0.228212537844532,-1.09663155405051,1.57026917036947,-6.0789771427103,-0.796325061782454,-0.17730161269796,-0.0147885302911197,-0.0112110058949407,1.25087793126314
-0.692851243273452,0.00505152907814743,-0.0126686079955116,-0.228503989743086,-1.09666319606012,1.56949987202425,-7.75919192865996,-0.00533989957557424,0.164597220413981,-0.00677518645082209,-0.0176025350063704,1.24131246678057
-0.693935028379619,0.00537325880253103,-0.0129269000026091,-0.228696203753055,-1.09659540118417,1.56866332858327,-7.16813772925082,0.254337901206327,0.0569349628672171,-0.00335720215507296,-0.0233158521930508,1.28468038586751
-0.695081818622867,0.00576777380664861,-0.0130178079217755,-0.228788526338755,-1.09646992455499,1.56781813857733,-6.88341652726871,-0.588011485701372,-0.0449446110949339,-0.00863420955543148,-0.0233670621226637,1.28523636775777
-0.696254393794472,0.00620533042351656,-0.0129594475708821,-0.228783077830366,-1.09633077771949,1.56701891031922,-8.08631333169359,0.429832692236914,-0.0621362978909019,-0.0201875402056717,-0.0200435820678516,1.24033460214252
-0.697405873002344,0.0066473011436079,-0.0127796476399671,-0.228691686415448,-1.09622249585878,1.56631281705854,-6.42280639291749,0.19673253790279,-0.0490727362976884,-0.0247903093808164,-0.0161940842528027,1.28637590257904
-0.698474050405846,0.00702928369277522,-0.0125296533826649,-0.228544943694078,-1.09620648872179,1.56575245064879,-7.33689748502462,-0.778698619942816,-0.0694429458366415,-0.0275356204686585,-0.0105588599781635,1.22782798771668
-0.699397503436853,0.00730249153514251,-0.0122508655180269,-0.228369662744732,-1.09632800738201,1.56536659405127,-7.14378953722183,0.414860137461574,-0.0742900649976832,-0.0170207502080606,-0.0157621853578236,1.24818630411563
-0.700120003016604,0.00742434442183182,-0.0119806738666424,-0.22819296399485,-1.09662469754586,1.56517265471351,-6.44889414089528,0.502818543621743,-0.0563130311266491,-0.0140090405113469,-0.024314029284478,1.29661673491948
-0.7005926335487,0.00734896003193874,-0.0117583671710886,-0.228049663658453,-1.09711988875788,1.5651690187599,-7.96705276550477,-0.387116198088052,-0.0743991222296643,-0.0208928191168334,-0.0256033501062606,1.27223440366661
-0.70078238775651,0.00704962303902334,-0.011610181537836,-0.227966808973284,-1.09781892728293,1.56533799944697,-6.68012064440842,0.57799961664773,-0.186320360593044,-0.022966415189444,-0.0287232466054285,1.35024507392618
-0.700673334507866,0.00652519658301909,-0.0115422934995362,-0.227958382926835,-1.09870739981907,1.56564309383023,-8.26412434521558,-0.648097357795223,-0.106616435305568,-0.0377856106283785,-0.0198042771205272,1.30272284502544
-0.700268770462737,0.00577988236144122,-0.0115560484357666,-0.228037840352741,-1.0997587516052,1.56604308554097,-7.41396117933471,-0.884888051111602,-0.271133706827754,-0.0374789908370041,-0.0138460991424398,1.33555471004322
-0.699593675328,0.00483433524151611,-0.0116401115547911,-0.228210289311727,-1.10092884792067,1.56648790379253,-7.19216267948838,0.287275083190707,-0.0129857654886507,-0.0242123173242441,-0.0155103761282318,1.34526369098756
-0.698683977909159,0.00370974692623438,-0.0117829625484314,-0.228478655214931,-1.10217806573795,1.56694037568996,-8.32880780654824,-0.243291949187324,-0.0721132264188782,-0.0209756066576361,-0.0199383385399016,1.29153288230178
-0.697590352621024,0.00244713026886334,-0.0119604392688599,-0.22883178466221,-1.10346087499695,1.56736293501112,-6.45780342447995,-0.985505175883873,-0.068018075570734,-0.0193297383736826,-0.0295547162828568,1.33575265324745
-0.696370799364416,0.00109369020005623,-0.0121433461007423,-0.229254364019938,-1.10472930212948,1.56772356636212,-8.15634485235228,0.509265377520251,-0.0528007977010247,-0.0181418890011069,-0.02457663380694,1.27859001549548
-0.695081975734891,-0.000322267094174045,-0.0123197200265586,-0.229740081423011,-1.10595242660408,1.56801112541717,-7.12100518653938,-0.246143395025456,-0.0458192083073925,-0.0224976119772653,-0.0164750642827931,1.30518885038583
-0.693787274875265,-0.0017565090261753,-0.012467069906309,-0.230270648374901,-1.1071011066081,1.56822184139317,-6.93026583925649,-0.969354578568527,-0.197538870296142,-0.0308381783461584,-0.016049737656164,1.30933202036354
-0.692539833562206,-0.00317759873230905,-0.0125755330157924,-0.230834032298839,-1.10815820769709,1.5683602935481,-7.88058668262562,0.269195473342961,-0.235979425570832,-0.032801151150688,-0.0173752716779993,1.2954172294322
-0.691388104327656,-0.00455996506570511,-0.0126412798941526,-0.231420412640475,-1.109113345061,1.56843720023745,-6.90894605592854,-0.11865839610482,-0.158401511833034,-0.0248933118498011,-0.0220318060365701,1.32914428513098
-0.69036833578068,-0.00588012197401699,-0.0126644830796623,-0.232020087141851,-1.10996542821917,1.56846640797916,-7.79010885352966,-1.55999350678462,-0.160614312957961,-0.0250986541342764,-0.0224746111250785,1.29196837633033
-0.689506608035709,-0.00711522336985215,-0.0126465817958079,-0.232622893362334,-1.1107163798361,1.56845853045796,-7.6526775641297,-0.608498221393802,-0.0924954912784983,-0.0166784855938964,-0.0272910158196086,1.34805118570451
-0.688829774670593,-0.00823662203981002,-0.012585521561578,-0.233214300257198,-1.11136284631057,1.56841712735486,-7.45081582433505,0.305169337398866,-0.048476481106718,-0.0146279943298375,-0.0293770924268065,1.37652959449671
-0.68834490888765,-0.00923467333480854,-0.0124935702942091,-0.233792124454134,-1.11191051446366,1.56834304897875,-8.35415442827099,-0.213107476743062,-0.136624646821502,-0.0285562473396288,-0.0128404248543587,1.32037199649904
-0.688056019606252,-0.0100904153697616,-0.0123747800222664,-0.234346705060046,-1.11236404039977,1.56823425592615,-6.8196720477946,-0.269613609474618,-0.131015760568459,-0.0253222956399886,-0.00841246487463637,1.34199260592216
-0.687959022661412,-0.0107855153813112,-0.0122325330010336,-0.234867231166017,-1.11272592677278,1.5680802743641,-7.58140769904429,0.388895126586476,0.0688409353432178,-0.0158433053893479,-0.00819448081176416,1.27716354233871
-0.688043688903378,-0.0113007110532131,-0.0120678302828428,-0.235341684530913,-1.11299978004762,1.5678683943786,-7.07855168446179,-0.701541060027921,-0.0168071560828764,-0.00675842846364372,-0.0130552165264236,1.24875988580631
-0.688294391196862,-0.0116220906733036,-0.0118833254234574,-0.23575949107137,-1.1131888270669,1.5675831748959,-6.56107011782234,-0.693296098595738,0.103657396701294,-0.00624698406418167,-0.0243874297161588,1.27461906808662
-0.688691034469081,-0.0117361299308048,-0.0116783198605881,-0.236107878022321,-1.11330023563377,1.56721488395569,-7.82783183668204,-0.335152051808564,0.141918360127761,-0.0138277556810027,-0.0274906977607241,1.28661061064852
-0.68920506995311,-0.0116418211477916,-0.0114579259813321,-0.236380840187903,-1.11335000537118,1.56676128454004,-6.85373824309352,0.185529970603056,-0.057470332743975,-0.020721132089117,-0.023576201314743,1.35805124069472
-0.689813054068469,-0.0113250216581466,-0.0112136260704057,-0.236562387850196,-1.11334593394409,1.56621710124228,-7.81480115836763,-1.15035435229743,-0.361100608162758,-0.042147296573857,-0.0158516824233074,1.32057793718798
-0.690488542902525,-0.0107869591123428,-0.0109433661374463,-0.236644189435874,-1.11330357915496,1.56558954254758,-7.79318700129812,-0.494242723465732,-0.262109804297694,-0.0460068179373554,-0.0159831502196696,1.35059512472824
-0.691210862404015,-0.0100295519715576,-0.0106398579657174,-0.236619222483816,-1.1132329685914,1.56488605268851,-7.06463183311536,-0.124406502661486,-0.218857548513398,-0.0293595889256899,-0.0239638213204693,1.38743182749061
-0.691952650763604,-0.00907540415032315,-0.0103085391491147,-0.236491251851849,-1.11315694181378,1.56412874739543,-8.73095888582895,-0.418157421984233,-0.230067261620121,-0.0255243016557438,-0.0245098225777439,1.32085300430236
-0.692700389868022,-0.00794006226518196,-0.00994382909084446,-0.236261600463001,-1.11308645210783,1.56333597843471,-6.43495830886638,-0.490589405385435,-0.00265574741899854,-0.0136146449083006,-0.0294568422304799,1.38099021261208
-0.693445574212557,-0.00664789844000513,-0.00954375026436383,-0.235938572480078,-1.11302738211327,1.56252501964863,-8.30196001167752,0.676836323165389,0.141685325863563,-0.0138217218389407,-0.0209006912668575,1.3047480157865
-0.694185518398437,-0.00522761471065802,-0.00910827669890457,-0.235533751080294,-1.11298559047271,1.56171440254427,-6.88950730442195,-0.958179778064732,-0.0625610499041045,-0.0191062389418986,-0.0097472003531302,1.28626996844828
-0.694930848726032,-0.00370741438025046,-0.00863504945686722,-0.235060869038092,-1.11295561965754,1.56091900585983,-6.94969532627891,-1.09507566345042,-0.099463255354209,-0.0246122100758832,-0.00819023391956769,1.27899140244347
-0.695689050574698,-0.00213447743105899,-0.00813758276528209,-0.234547705657839,-1.11293797387278,1.56015338573745,-7.82092687723457,0.24024650564138,-0.0477107414594116,-0.0237655704471154,-0.0131159123560579,1.31069019193976
-0.696480166742489,-0.000541280534551269,-0.00761885043226518,-0.234014627605948,-1.11291996980462,1.55942242149203,-7.04289680110503,-0.118235014237598,-0.119657275192964,-0.0182694803661323,-0.024041957854133,1.38027533875672
-0.697321997562837,0.00103507232311717,-0.00708864173645285,-0.233486658544908,-1.11289040234672,1.55872699970648,-8.4055124092111,-0.966463711950382,-0.187297478745478,-0.0250994496858978,-0.0313027884797485,1.35119740578712
-0.698231472551337,0.00254883317798793,-0.00656788792704921,-0.232993564761442,-1.11284393156716,1.5580716560234,-7.71116703281689,0.119742092172601,-0.170169386480779,-0.0306922293247465,-0.0320328861352214,1.40899563013463
-0.699226312235079,0.00395788000995179,-0.00607675179107559,-0.232565123505773,-1.11276873541162,1.55744966618563,-7.59752986721958,0.488670359462731,-0.199501826913036,-0.032910324164936,-0.0258460791707784,1.39511943710839
-0.700315506883604,0.0052280422124662,-0.00563405386006743,-0.232225445542791,-1.11265972138711,1.55685662980959,-8.23044721025218,-0.53685488365295,-0.283030478214386,-0.037194456141449,-0.0115981755940846,1.31577682584882
-0.701498938353,0.00632482443412563,-0.00526302762910502,-0.231997532101498,-1.11252076039801,1.55629014549015,-6.75814968602083,-0.946393329649709,-0.0761924444038016,-0.0250374516847529,-0.0136374324310991,1.3570093657421
-0.70277112247186,0.00722709577468006,-0.0049784639170396,-0.231895965844733,-1.11235147471392,1.55574098815596,-7.8813955226392,-0.496256896214618,0.13980931310391,-0.0157850832357735,-0.0176279760281847,1.31757950958646
-0.704121729822003,0.0079201068379966,-0.00479097108352811,-0.231930799446414,-1.11215467706661,1.55520247984205,-7.30503267818762,-0.607869785282901,0.256905767518532,-0.00421868773439593,-0.0216875855809241,1.32016691692331
-0.705531721409264,0.00839553511119462,-0.00470704403586408,-0.232106799811406,-1.11193685547028,1.55466778903314,-7.35504963006082,-0.779485167965504,0.0700065236283081,-0.00506104372464922,-0.0231322348607516,1.34421491227875
-0.706973862961856,0.00865938068555749,-0.00472337945110102,-0.232418554755718,-1.1117076854879,1.55413110034016,-8.32640827353538,-0.614762852109607,0.10263276777647,-0.0179852046265494,-0.0210422672445328,1.37740012432716
-0.708421191005691,0.00873068972059166,-0.00482592212865707,-0.232852553329258,-1.11147350095324,1.55358515123291,-7.85806050488139,-0.528040599747101,-0.134465623690232,-0.0228774306369326,-0.0162500643371896,1.44870705981881
-0.709838308278118,0.00863598637753427,-0.00499563032730066,-0.233388205900578,-1.11124814556837,1.55302724911379,-8.23323335681619,-0.422768781918876,-0.292186902829201,-0.0330627676055451,-0.0177885376280966,1.43617271286282
-0.711200141975985,0.0084122067419985,-0.00520359026211503,-0.233999033641389,-1.11103256189625,1.55244721060706,-8.41459062970034,0.131531578255135,-0.0932341873838709,-0.0333119160396813,-0.0230140338473268,1.44105840859872
-0.712471607137551,0.00808399832020523,-0.00543111122998519,-0.234667043166585,-1.11084217271547,1.55184467042998,-7.34823249994793,-0.0731550261853045,0.0265104105067167,-0.0207220722374304,-0.0250431294614923,1.43950818773547
-0.713626535622271,0.007685638185424,-0.00565295736594384,-0.23536721419917,-1.11068990296914,1.55122239516059,-8.74794918725507,-0.710363366794127,0.0540779274201668,-0.0186979688460744,-0.0239365086088685,1.34767590920889
-0.714651227569691,0.00725670254389854,-0.00583903035361888,-0.236073814905497,-1.11057127764419,1.55056776203496,-6.95067927414243,0.120517901091716,0.0146175151489558,-0.00794487299002533,-0.0290013892730663,1.42202618027162
-0.715540838067582,0.00682620088725727,-0.00596906544396103,-0.236767139047456,-1.11048407465933,1.54987447081409,-8.36424697865857,0.620105767875884,-0.0436117518901824,-0.0194576998331271,-0.0231030031823743,1.37452718364891
-0.716300495498158,0.00643136848650538,-0.00601853221831616,-0.237421885938627,-1.11042020847979,1.54913483139332,-7.8110919202864,-0.404694234045564,-0.278341641524293,-0.0319429108203391,-0.0147736295301913,1.39268743664775
-0.716947208407363,0.00609769175898478,-0.00597328036270417,-0.238020315310035,-1.11036818055874,1.54834274549461,-7.68051790033155,-0.914874865338788,-0.193876859904293,-0.0277578025146004,-0.0187619013903809,1.4401595230407
-0.717507546523113,0.0058449119906312,-0.00582393235455103,-0.238548239198399,-1.11031254532471,1.5474946369805,-9.2134970290989,0.0681683830080146,-0.0275461040370431,-0.0273548136121469,-0.023461016788319,1.4290704465785
-0.718019385209835,0.00569380611470205,-0.00556086252497634,-0.238990174481271,-1.11023091608324,1.54658644888301,-7.59515329113071,-0.699176419555897,-0.210226733173215,-0.0273237775580157,-0.0309297379094212,1.48946205043855
-0.718521986619257,0.00566369030623548,-0.00517906823353331,-0.239329859081876,-1.11010173020829,1.54561613454347,-8.72224577558001,-0.855883371478285,-0.103887142376209,-0.027813199363941,-0.0297466528167744,1.45600237032188
-0.719056227974648,0.00578146782017797,-0.00466780403263822,-0.239546628185742,-1.10990226095849,1.5445823653561,-8.0564115263366,0.671434093749895,-0.130107877119428,-0.0247277096156431,-0.0250212564134656,1.45843446055065
-0.719655823254631,0.00606157092948045,-0.00402676951475267,-0.239628206509205,-1.10961668275348,1.54349004922646,-7.47321999133709,-0.370080704185511,-0.0810560308671029,-0.032384196363815,-0.0134802527614163,1.39424982747751
-0.720343587428886,0.00650430349149733,-0.00326762133458014,-0.239571126864647,-1.10924009423978,1.54235160382513,-7.85588035470909,-0.388912790852146,-0.0473640518490299,-0.034719883085311,-0.00627915945551216,1.33976614057649
-0.721130193468,0.00709548551910899,-0.00241331204615713,-0.239381492349153,-1.1087800836568,1.54118501622121,-7.76569049175862,0.479284413517689,0.173487930942684,-0.0128036461355778,-0.0185780835400773,1.40937622593623
-0.722016214584312,0.00783095435435044,-0.00147957796784604,-0.239061482855863,-1.10824719570246,1.54000558218191,-7.80991608893157,-1.14290595833245,0.0527398582710532,-0.0201632324072807,-0.0258619071089072,1.42477956106791
-0.72298255452017,0.00868741661852468,-0.000497460417826057,-0.23862811202706,-1.10766814812402,1.53883119693524,-8.80125388126919,-0.66850953591279,-0.152845528285553,-0.0261444549302534,-0.0315187653057803,1.45485797048738
-0.723997945855798,0.009635140186953,0.000497864804392512,-0.238106008292996,-1.10707777294075,1.53767996331473,-7.4159680295262,0.196688679289991,-0.178266921570071,-0.019938688209983,-0.0324993683476413,1.52567113547335
-0.725029457827438,0.0106341339169527,0.00146544828678086,-0.237529598963768,-1.10651268632937,1.53656706533834,-10.1365185509376,0.0252739872682923,-0.16456104044758,-0.0278903425589867,-0.016916325009821,1.42913057272967
-0.726041721325804,0.0116598006773865,0.00237688917738366,-0.236926243040204,-1.10600218389089,1.53549352724121,-6.29823031310178,-1.06232214181409,-0.123270776518694,-0.0318662705438086,-0.0146995420897517,1.50299433382506
-0.726995857670493,0.0126688588414625,0.0031917136339048,-0.236336763903384,-1.1055831459594,1.53446430596509,-9.91163649531836,1.02526275783407,-0.0806359276181752,-0.013525244444331,-0.0164401812067527,1.40499671260372
-0.727861581282298,0.0136222319682124,0.00387697839941126,-0.235801592490365,-1.10528079766126,1.53347400317615,-6.99343701499384,-0.164506186387598,0.179696871515461,-0.00972952302728736,-0.0253667373864868,1.43991798048791
-0.728625178456095,0.0144976087558577,0.00441573526542416,-0.23535047828055,-1.10510439759583,1.53250954380464,-8.28899214921148,-0.66565656740454,0.00309662858197157,-0.00588237431140337,-0.0233535805682356,1.37742774069167
-0.729288151133614,0.0152806136434389,0.00480216527571775,-0.235005111145277,-1.10505073873337,1.53155457229098,-7.64848334434947,-0.0670484225940982,0.130178031171283,-0.00512398509908563,-0.0214598023052599,1.38073022590672
-0.72986101730216,0.0159551535728442,0.00503380921859531,-0.234786298800448,-1.10510994559348,1.53059556126636,-8.10187222437747,0.509594409918463,-0.0423627979515118,-0.0115525376616938,-0.0185895335887029,1.40027929169702
-0.730371220688923,0.0165258527638494,0.00512735779659423,-0.234695312495536,-1.10525703627066,1.529615843372,-7.88037663443089,-1.00701774660547,-0.363293449330314,-0.030718081133549,-0.0161445003869881,1.42632723375701
-0.730848911524252,0.0169918211355782,0.00509919023635308,-0.234730914285984,-1.10547274263199,1.52861547270191,-8.79408850632228,0.597106642117069,-0.29184102180119,-0.0284784709396271,-0.0239644491799731,1.48694200671106
-0.731327814107577,0.0173570925868818,0.00497188431453299,-0.234884130977888,-1.10573353296182,1.52759643264395,-7.78970625509555,-0.672052985285518,-0.283656752151074,-0.0283110426289177,-0.0296012352603192,1.51831674774764
-0.731842776184112,0.0176284929768737,0.00477166827177711,-0.235137112067469,-1.10602014096277,1.52657475861845,-8.88484642187404,-1.37140260797037,-0.202974945641245,-0.0340264696530297,-0.0234015621628101,1.45389989846551
-0.732414378011001,0.017796190189082,0.00451226459256748,-0.235477481373224,-1.10633319917739,1.5255846181868,-7.36970345204264,-0.854039388553929,0.00756610914325506,-0.0215128093947281,-0.0239471509250365,1.4991363608177
-0.733060320019029,0.0178614830144053,0.00421410532491029,-0.235882308783915,-1.10667584979212,1.52466502725385,-8.88866619823739,0.840029303933534,0.0117817669666067,-0.015005663062774,-0.0180716135600617,1.42951502371954
-0.733776951804406,0.0178075137861065,0.00388068320056112,-0.236339233146492,-1.10707198288533,1.52386558474357,-7.6708651174481,-1.25165301864376,0.00614425059498558,-0.0180668057982114,-0.0112658757292307,1.43471358129071
-0.734559911726448,0.0176276013870309,0.00352252164327749,-0.236832587094458,-1.10753846694199,1.52322575103797,-7.80172307906901,-0.362690757303426,0.0280910728970412,-0.0148908965394527,-0.0157602499337984,1.45498203917282
-0.735384807014379,0.0172960854127773,0.00312910436126623,-0.23736038931255,-1.10810965506995,1.52278966466816,-8.82357022108192,0.651323052912176,0.0608990460206655,-0.0153411502834429,-0.0199128469087888,1.43721171685309
-0.736218771541831,0.0168016597235665,0.00269607291943363,-0.237916395054292,-1.10881890488233,1.52258865200908,-7.80326262305948,-1.12878222252766,-0.109011145402633,-0.0172081578534726,-0.0243535037565031,1.4987670349037
-0.737031759821054,0.0161339303130639,0.00221667397350234,-0.238501623648513,-1.109686660131,1.52263648075023,-8.88250271627743,-0.964108571280121,-0.0477875149664442,-0.0215879388613058,-0.0268959212613231,1.50999230710901
-0.737796085763148,0.0152984269890624,0.00169211096264243,-0.239113765321328,-1.11071941922533,1.52292554732071,-8.9987638758771,0.155985446682507,-0.16913235936488,-0.0227095975413865,-0.0295218070383256,1.55926908646468
-0.7384920929071,0.0143218800937754,0.00113670595242521,-0.239744702105165,-1.11190064638749,1.5234207209869,-8.06740905102782,-0.716913011767929,-0.275961462865752,-0.0292749882425873,-0.0241410913165749,1.55823273235587
-0.739103695628342,0.0132390465012309,0.000567371537815831,-0.24038512664429,-1.11320507386723,1.52407536832472,-9.33884574142866,-0.719430428365968,-0.0783240994829271,-0.0316812129793504,-0.0245221113524288,1.49903849248186
-0.739619471296886,0.0120842547310298,-1.38493923640404e-06,-0.241030686933909,-1.11459534982814,1.52482894131417,-7.9560386158459,0.489181116203554,0.00205690734290442,-0.0210636422256831,-0.0227300884764334,1.53618584704323
-0.74004622178916,0.0109313295316653,-0.00052478269937839,-0.241654053219324,-1.11600653568106,1.5255989831067,-8.59603055759021,0.0876294280760703,0.216147691797602,-0.0218080890703582,-0.0141157115172557,1.46037131002176
-0.740391043207574,0.00985076070737634,-0.000962487288795222,-0.242228198136465,-1.11737536097958,1.52630512615129,-8.0839812198551,-0.451747606262416,0.153666187616835,-0.010863153407886,-0.0181943482476847,1.47166064561434
-0.740667677078693,0.0089024769624455,-0.00128156913338895,-0.242731406696705,-1.11863711613547,1.52687079726799,-8.07041703779799,0.151187280724571,0.0687252463708035,-0.0056009787010538,-0.0245486912653877,1.50578323552968
-0.740895612851524,0.00815651780458726,-0.00143962955677202,-0.243132177412154,-1.11973024669253,1.52722975453528,-9.39112598549156,-1.45837170064829,-0.125604237112981,-0.0219996430522165,-0.0213310938950604,1.49236105639537
-0.741087938752039,0.00765907987574899,-0.00141267832262981,-0.243408458112231,-1.12061085885238,1.52733387425503,-7.98231902071132,-1.59816771076885,-0.158343374317354,-0.0237897226709349,-0.019779387813337,1.59127246782798
-0.741255986827582,0.00743631369839193,-0.00119046468660944,-0.243546078234674,-1.12125356356701,1.52715801054683,-9.72567605575131,0.539923364322021,-0.081774055976183,-0.0268437007647568,-0.021102731407914,1.58752363213251
-0.741412322293416,0.00750038139124598,-0.000770624100239647,-0.243538048629903,-1.12164271768729,1.52669288018224,-9.0395787535648,0.713299883750778,-0.0995854214664575,-0.0339678202023399,-0.025244296639559,1.6171374836193
-0.741565529628202,0.00783343159880712,-0.000170156495314933,-0.243392793940581,-1.12178534209333,1.5259539147701,-8.48878206996858,-0.863386526490103,-0.327104568910528,-0.0267892706774373,-0.0288978083943575,1.61085189293228
-0.741713788395741,0.00838642441890514,0.000569978746571609,-0.24313491285837,-1.12171761532591,1.52498544352754,-9.82483105002689,0.815008862574587,-0.151208863404122,-0.0203111452719407,-0.0256990334600266,1.53089525688486
-0.741858135721211,0.00908960184428764,0.00139640950483377,-0.242804326850156,-1.12147978075966,1.5238383214861,-7.60438427256452,-1.05202367699098,-0.145713777708153,-0.0184598854776268,-0.0237652042881814,1.55253436268013
-0.741991699545118,0.00985387425626261,0.00224285314621486,-0.242453541308974,-1.12113174874566,1.52258125783947,-9.17009546421798,-0.551695070030746,-0.125811456518562,-0.0218181816541119,-0.0173008638836322,1.48370622293466
-0.742105704661664,0.0105825406920594,0.00303779338332277,-0.242141403033392,-1.1207367377724,1.52128502594934,-8.54371145972073,0.130259049701181,-0.0624668380776541,-0.0212195172688627,-0.0209513327163362,1.538509442472
-0.742191615535451,0.0111746596415694,0.00370806907026444,-0.241933890454702,-1.12035493054583,1.52001478236014,-8.66357748892989,0.162785263473552,-0.079505877308037,-0.0277224307422439,-0.0242139032302742,1.5712041799685
-0.742248483428937,0.011544644164772,0.00419247762762653,-0.241889235207877,-1.12003877257533,1.51883203268355,-9.38191212727901,-0.493742453646064,-0.142193495763308,-0.0346987187831176,-0.0243031511737915,1.57840379668339
-0.742275140803423,0.0116260823102827,0.0044427489793053,-0.242054780738823,-1.11983285741622,1.51778602213802,-8.95682121858323,-0.590421466038606,-0.114323238997144,-0.0283990594066323,-0.0283237040982839,1.63305861248055
-0.742280779149187,0.0113886847913944,0.0044379379926045,-0.242458267065204,-1.1197553455179,1.51690033551428,-9.27182413065464,-1.32338029026255,-0.114330991416381,-0.0348441468752387,-0.0255686366973554,1.6231393687132
-0.742275186996212,0.0108339295321018,0.00417700324484449,-0.243104894476105,-1.1198191940175,1.51619197085161,-9.28293062321285,-0.417897458375592,-0.206775338015689,-0.029269938391197,-0.0246923935816142,1.61981719392418
-0.742267738768966,0.00998975826303194,0.00367460149513166,-0.243982211458865,-1.12002507064983,1.51566098727148,-8.53874999579216,0.0922452995228014,-0.180452025882317,-0.028080553838874,-0.0238473266236953,1.61405000269267
-0.742275946719298,0.00892190381997526,0.00297201953520743,-0.245053210484944,-1.1203527769329,1.51528838821991,-9.49189404362176,-0.862749558401674,-0.300945112940951,-0.0338459588065665,-0.0217656789366996,1.55217308705881
-0.742323587598557,0.00772873052474043,0.0021336760332169,-0.246257856436636,-1.12076980823657,1.51504459673888,-8.26808103172988,-0.350291698543515,-0.0843775823102817,-0.0280342877288451,-0.0229623797644138,1.62355596518324
-0.742436023122108,0.00651095499282928,0.00122284820912433,-0.247531179327434,-1.1212372896284,1.5148934863782,-9.28893570076406,0.642811538881915,-0.00292885431125001,-0.0240863282268826,-0.021921601080195,1.60621998201923
-0.74263695584562,0.00539020613505947,0.000316449126147589,-0.248794084115872,-1.12170689592342,1.51478565740688,-9.5616740638331,-1.64350947087405,-0.255393950394478,-0.0247421327161366,-0.0236765744879303,1.60663995498264
-0.742949563444966,0.00448274774881607,-0.000511422818456397,-0.249969004435283,-1.12213038002426,1.51467354204713,-8.51085306732472,-0.17925572184572,-0.127528650616341,-0.0262816825207155,-0.0301008943745661,1.6662003951532
-0.743395914336698,0.00387950142359195,-0.00120356225646367,-0.250992927473805,-1.12246372697557,1.51451518707313,-10.1979110204182,0.711244589640273,-0.0865216132339981,-0.0286393550899531,-0.0264760863200393,1.63297332445365
-0.743992200305498,0.00364450751482437,-0.00171944525360623,-0.251820108030692,-1.12266799125088,1.51427244709264,-8.67538911135608,-0.44971110218944,-0.204517694879087,-0.0316152044918687,-0.0310539694088801,1.68624512877185
-0.744743927052576,0.00380926797361614,-0.00203970692485789,-0.252425175273614,-1.12271798739411,1.51392002252607,-9.58465436680285,-0.503290051393606,-0.226288513344173,-0.0367509677716944,-0.0259010426652668,1.64429000785515
-0.745653453669694,0.0043749245896274,-0.00216186945536045,-0.252803178730221,-1.12259470155857,1.51343786355039,-9.51411015094914,0.156488837944607,-0.1000088847548,-0.0302255537605043,-0.0264196373712891,1.64221915846783
-0.746704205172684,0.00531224451203105,-0.00210226224028554,-0.252968133420851,-1.12229912693442,1.51281962552733,-8.28017944479751,-0.820391037106219,-0.133802685700743,-0.023978205248107,-0.0240794806093367,1.67297222726881
-0.747873445391326,0.00656005161365059,-0.00189458498076034,-0.252955094424221,-1.12184651907755,1.51207507736211,-10.174575953596,-1.3176587799046,-0.1027327826761,-0.0276680501410778,-0.0246582166984531,1.61347712613895
-0.749134565571545,0.00805523219226956,-0.00156851261969249,-0.252800428640984,-1.12125370672798,1.51121456044655,-8.28059531428187,-0.277124909955774,0.0679347996294553,-0.0237792813910409,-0.0288837976823751,1.72374327249214
-0.750451300911043,0.00971201016701873,-0.00116748032291936,-0.252553580878394,-1.12055584460706,1.51026359201922,-10.3592938839279,0.0742629713922724,0.00186998667760463,-0.0215438328280153,-0.0270313958266244,1.68083926695528
-0.751782713992308,0.0114469494732319,-0.000731805092656579,-0.25226124296803,-1.11979785143078,1.50925505238375,-9.25631687030034,-1.38744106996751,-0.133441880473356,-0.0302394958411307,-0.026378971854886,1.68738257216397
-0.75308521368856,0.0131817474873204,-0.000296126942172181,-0.251967206979278,-1.11902419260857,1.50821939929296,-9.06678900823573,-0.334596705284184,-0.0631343392689132,-0.0289170424421492,-0.0243382419896499,1.69198752191384
-0.754329255228476,0.014858059287409,0.00012043015243135,-0.25169933532213,-1.11827555046935,1.50719073138397,-9.79175018087926,0.380931265239724,0.0149169206943611,-0.0265606114658228,-0.0256495793176901,1.63721928377325
-0.755484220788921,0.0164330436705686,0.000508680162734754,-0.251476465648626,-1.11758959637264,1.50619698985265,-8.47670026429984,-0.719070034932201,-0.133018137401791,-0.0260580333061706,-0.0275805015045366,1.64428950675931
-0.756531622874555,0.0178746389065809,0.000864207295789621,-0.251308534951798,-1.11699590429828,1.50526178518119,-9.27072313384332,-0.591965540418187,-0.069572557383168,-0.0283545140102661,-0.026918302547904,1.61795827614087
-0.75745791902249,0.0191577017498163,0.00118485560499049,-0.251200501580469,-1.11652076655428,1.50440721479503,-9.30528807378329,-0.0389936606432002,-0.0635050906955144,-0.0284195481248855,-0.0290844821517454,1.65597588948584
-0.758266913095952,0.0202706482809285,0.00147594336222578,-0.251150431967767,-1.11617386832069,1.50364479144387,-8.7433287882422,-0.63960794460354,-0.358438570732318,-0.035158644994663,-0.0274653136142848,1.66866248665458
-0.758968087191726,0.0212072739040128,0.00174196944301652,-0.251154277609303,-1.11595428917679,1.50297856982659,-10.202315369084,-0.786092896473747,-0.44570939264355,-0.0472437897958491,-0.0275723550669159,1.6444255086441
-0.759575144920715,0.0219627809694503,0.00198520697225613,-0.251209403474504,-1.11585529276731,1.50240664035115,-8.58591234039318,0.413322239652189,-0.280606123943357,-0.0365016563681317,-0.0275198332196159,1.74483705740789
-0.760109188114042,0.022531927052194,0.00220471855621573,-0.251314925647286,-1.11586173984046,1.50192356647608,-10.3815133380643,0.0408609821433856,-0.051789669935971,-0.0330087578838714,-0.0249905035244155,1.69214973471814
-0.760582980576273,0.0229046047548316,0.00239077405594124,-0.251475081293808,-1.11596403904614,1.50152547690943,-9.28611426779514,-0.902938556202571,-0.150448345933341,-0.0319276520640881,-0.0255710299418207,1.71594806148045
-0.761016121320888,0.0230833692292283,0.0025417809595718,-0.251690145946028,-1.11613524776865,1.50119244322342,-9.32843440430025,0.503712803118106,0.0395209143027557,-0.0188486601526177,-0.028379164172026,1.72238609271315
-0.761418359430722,0.0230669398517724,0.00264977701118441,-0.251963928890963,-1.11635655589926,1.50090890608712,-10.3246695113455,0.413862981968578,0.0551226512893663,-0.017177187959339,-0.0189097709815527,1.64509507207229
-0.761798380725377,0.0228749098705423,0.00272094008042045,-0.25228767865166,-1.11660641708575,1.5006548725742,-8.30218642380095,-1.25854919966378,-0.111669159343222,-0.0229992643946582,-0.0184633187172988,1.65732827537688
-0.762155829259204,0.0225211234128855,0.00275536513433461,-0.252657285168554,-1.11687063875731,1.50041339714782,-10.1106023044085,0.121409023979595,-0.0852022650023514,-0.0219590153182221,-0.0235441955532525,1.62886391632495
-0.762496349992998,0.0220402342077257,0.00276800161364377,-0.25305599805286,-1.11712953686643,1.50016542335875,-8.82664587454593,0.60097447784824,-0.0643708209443332,-0.0215055381232392,-0.024814656569613,1.69640146907477
-0.762821291872984,0.021473294250578,0.00277688322665703,-0.253463896689553,-1.1173657433349,1.49988795439479,-9.52882760236827,-0.874762432270018,-0.354107331599863,-0.0309375586929557,-0.0313220839377716,1.6828487627451
-0.763131571437433,0.0208629764523565,0.0028019290525727,-0.253857877891272,-1.11756922896934,1.49956619002683,-9.63279251104308,-1.18759653732309,-0.320428764493755,-0.0349496891928003,-0.0308539780538316,1.70676962856877
-0.763427004341226,0.0202376293255027,0.00285094003499475,-0.254224429338109,-1.1177375685695,1.49919266024375,-9.61765463194882,0.652758700830645,-0.17617291280871,-0.0307176153066719,-0.0331656675574467,1.73382869182644
-0.763711875714547,0.0196313797616456,0.00293555283724478,-0.254545623308949,-1.11786675132032,1.49875773377078,-9.48196045037844,-1.4949716931792,-0.237134044688645,-0.0418967220174356,-0.025030539632071,1.68424549236995
-0.763989259233186,0.0190682647041118,0.00305935174675587,-0.254808835980359,-1.11796213678288,1.49826199103917,-9.86421171919534,-0.380061654768951,-0.0822682818590295,-0.0329796711013768,-0.0254481753530921,1.69875743316425
-0.764271702219309,0.0185559617247621,0.00321480752012349,-0.255013644764528,-1.11802561634199,1.497706897474,-9.00843972482522,0.45392293625855,0.0190082495704473,-0.0220965931098589,-0.0296033833267064,1.73188031898528
-0.764575053134128,0.0180964549969209,0.00339126730204931,-0.255164215332541,-1.11806420593207,1.49710358913325,-10.4613701645027,-0.530494288759883,-0.187992612079029,-0.0263328576009725,-0.0221221719261213,1.65946286365784
-0.764912677382267,0.0176847928672776,0.00357245652550864,-0.255269236466683,-1.11808886301823,1.49646689570087,-8.50303879682338,-0.868008437405479,-0.078073758004308,-0.0215471843906894,-0.0269322987748362,1.72878290633889
-0.765293130383132,0.0173003943607171,0.0037311960512294,-0.255348205859341,-1.11811509654146,1.49581602705247,-10.5266693924848,0.687795751110798,0.0254351906793033,-0.0251083627005251,-0.0257505982877076,1.70046056573703
-0.765726516494466,0.0169272398760478,0.00384426318888997,-0.255419626026523,-1.11815820921937,1.49517338066119,-9.38468932821758,-0.451174058068545,-0.0728522014338751,-0.02826258029698,-0.0240107826370367,1.72141206634295
-0.766219151918538,0.0165675408576398,0.00390486503921128,-0.255491690193588,-1.11822848016097,1.49455463527807,-9.42375661306033,-0.986419481745543,-0.0804236726183376,-0.0302324279150805,-0.0235753610959799,1.72931934156244
-0.766772117851509,0.0162215105061003,0.00390599169061434,-0.25557251289315,-1.11834366528853,1.49398283938865,-10.1489680575725,0.395043908909884,-0.220312813383856,-0.0281603856207577,-0.0277054438582246,1.7347712609468
-0.767382349187516,0.0159028778415271,0.00385150310196214,-0.255662247898384,-1.1185141192206,1.49347189138308,-9.41082685967632,-0.0774378504481774,-0.200875083132473,-0.0294345961615541,-0.0338671866154678,1.76158472205575
-0.768044959378056,0.0156306830049822,0.00375339221132509,-0.255757224442125,-1.11874753537001,1.49303342369987,-9.6112093365424,-1.96774269168554,-0.324847088842915,-0.040410715212321,-0.0286730346511422,1.73066331724452
-0.768742789248975,0.015430842160101,0.00362801659295853,-0.255846744000437,-1.11905594800852,1.49267615576005,-10.5524917959569,0.457451800207764,-0.208061070455159,-0.0367589016536036,-0.0311760462007573,1.75606954653936
-0.76945689366537,0.0153307090875163,0.00349440157375258,-0.255918118731055,-1.11944657803096,1.49240128011305,-9.18033423093692,-0.0560568985849841,-0.0132597418308933,-0.0320849783134922,-0.0299608539036333,1.80387541715514
-0.770174924359576,0.0153532733518418,0.00337247553544695,-0.255959796290329,-1.11991546013832,1.49220216681537,-11.0232749355023,-1.07725161998519,-0.246475863541889,-0.041436939415926,-0.0250935444898681,1.7234732833899
-0.770878364999101,0.0155104810296809,0.00327396728113305,-0.25596384725571,-1.12046292313334,1.49207224767132,-8.85169355582661,-0.786964272908108,-0.0695307948939785,-0.02757702039351,-0.0297321925898302,1.8163513599137
-0.771551803492872,0.0158073895396624,0.00320773642182126,-0.255926582498789,-1.12107737023484,1.49199219659112,-10.6722282748403,0.455848905583935,0.0833542134809306,-0.024235218734558,-0.0288462339479109,1.77154475231028
-0.772172771064607,0.0162247738285863,0.00316366744986118,-0.255855787733705,-1.12175894374169,1.49195051886366,-9.76254987402751,-0.637217559581131,-0.111294528374088,-0.029266863465629,-0.0246090159476141,1.76567971254649
-0.772724164914365,0.0167265063815156,0.00312128283635205,-0.255769021264355,-1.1225033872707,1.49193499885945,-9.30049584299098,-0.195293400234959,-0.170996159491551,-0.0294950885696097,-0.0265774087914863,1.78170512390088
-0.773195859933579,0.0172737270316645,0.0030605824124279,-0.255687248624121,-1.12329437611909,1.49192294621629,-10.981453043421,0.15180434596823,-0.0927448897264753,-0.0318884835566857,-0.0261145031036024,1.75476470595891
-0.773567749873641,0.017815901363746,0.00295125410996722,-0.255637151465132,-1.12413016772829,1.49190242113688,-9.11941394110056,-0.892290937257712,-0.147050965572333,-0.0344904665701207,-0.0265926250482594,1.83094858781437
-0.773841728004381,0.0183046126015585,0.00276909289691618,-0.255644809595869,-1.12499272427861,1.49185779647821,-10.9988276491308,0.0730600276153837,-0.266919538609159,-0.0415373085622912,-0.0291881009257954,1.77927626332536
-0.774012471440138,0.0186888691127187,0.00248759653686004,-0.255737465481292,-1.12587437962287,1.49178014701554,-9.88951598878793,-0.348199308561107,-0.331463622434001,-0.0434765275198306,-0.0361975417212134,1.8100369129866
-0.77408077463901,0.0189396159336228,0.00209728945634025,-0.255928867129767,-1.12676289102872,1.49165925261432,-9.69647276196196,-0.305314293402262,-0.217070287955636,-0.0417549388086593,-0.0291345624629116,1.79010015887294
-0.774061453337291,0.0190358284712264,0.00159759564454731,-0.25622766433295,-1.127645099605,1.49149345512846,-10.6147285517002,-0.518315965274269,-0.163483369893783,-0.037270045607487,-0.0318319075645841,1.73841564962236
-0.773974185014001,0.0189823533963445,0.00100752747050237,-0.256625510343692,-1.12850574619328,1.49127971173891,-8.97980902797315,-0.408620979637135,-0.211583606492752,-0.0298913354006256,-0.0310405776359289,1.80364951287367
-0.773845070769988,0.0187935846734986,0.000353916755194472,-0.257107052230946,-1.12933300606626,1.49102448488863,-10.6983681871855,-0.436594481722295,-0.162221460637738,-0.0343854447723215,-0.0304506795030899,1.74076416588153
-0.773705487116718,0.0184971045806765,-0.000327375287884735,-0.257648312440267,-1.13011407132172,1.49073418892915,-9.31850797105233,-0.603612265766969,-0.123833897349812,-0.0321277238734083,-0.0261495709515723,1.78519027858582
-0.773588560358913,0.0181333502638568,-0.000992276076148713,-0.258214211661491,-1.13084168587238,1.49042152373967,-10.121044048256,0.272262442504143,-0.133648558938575,-0.0265832830762935,-0.0275175748731481,1.7721584453149
-0.773530369864741,0.0177370439326809,-0.00160289194294849,-0.258774130748664,-1.13151010187835,1.49010250501815,-10.3350744304022,-1.02479276584359,-0.180467361737101,-0.0342840551921415,-0.0262334906093551,1.77103022567136
-0.773564839019436,0.0173631898712214,-0.00210820684828161,-0.259284073301489,-1.13210832902987,1.48978473654546,-9.40201513595088,-1.21413701948654,-0.156047566348235,-0.0306493610354104,-0.0288618898352227,1.82900338828399
-0.773722256581653,0.0170506175709297,-0.00247137607023085,-0.259711419552543,-1.13262932589254,1.48947895652404,-10.9119802383316,0.566947076362339,-0.0458390621686533,-0.0262083334964567,-0.0316882465613791,1.80463194937622
-0.774018595637986,0.016826513523621,-0.00266936864633061,-0.260032528832003,-1.13307414724693,1.48919540400043,-10.0471918857802,-0.227639158677675,-0.126951363947626,-0.0280731258577487,-0.0292332525569589,1.80407630972496
-0.774456353506588,0.0167073835430305,-0.00269010494841471,-0.26023307381103,-1.1334443000608,1.48893766530361,-9.75753406868256,-1.65659972998924,-0.308003523389431,-0.036914910445784,-0.0278862800401681,1.76779593631739
-0.775029327391453,0.0166952277751022,-0.00253502750152013,-0.260310449314132,-1.13374413431192,1.48870804263136,-9.84084407953759,-0.938481899754152,-0.269172466603663,-0.0277237365834813,-0.0253712834505288,1.75598978027883
-0.775710424709858,0.0167772524924983,-0.00222102796187484,-0.260275182183148,-1.13398484524759,1.48850492403056,-10.0391029255358,0.501858245836274,-0.145620570276122,-0.0199664879502373,-0.0256325233863726,1.76787899340895
-0.776468057305047,0.0169351953481369,-0.00177080425946041,-0.260144376526195,-1.13417688963845,1.48832331033705,-9.41127846598499,-1.47540217846313,-0.281096583928445,-0.0330792463741649,-0.0258339505465748,1.76509377051231
-0.777254600515515,0.0171387969210048,-0.00121759350919359,-0.259946877901059,-1.13433521833582,1.48815367242592,-10.9106204695779,-0.0178863090939103,-0.037642821852387,-0.0290940739680616,-0.0319491419460196,1.81497365466883
-0.778021094592116,0.0173498589971581,-0.000601932450800868,-0.259717545511121,-1.13448143384126,1.48799347598449,-9.40648455681418,0.113687109662578,-0.161871080626867,-0.0293444823912932,-0.0344083407092918,1.89878964143977
-0.778718907376776,0.0175281448548121,3.28377362721621e-05,-0.259492557842665,-1.13463747827045,1.48784133879294,-12.1578504085315,-0.490315346568423,-0.232337732010649,-0.0448730640600861,-0.0298656193776164,1.8166081699583
-0.779305682803371,0.0176442510522365,0.000652163044638998,-0.259302545984676,-1.13482200954647,1.48769324993106,-9.0237153193051,0.176388579729746,-0.261926857902978,-0.0394287591615536,-0.0294553721056275,1.92144759272582
-0.779748348841422,0.0176634727613516,0.00121850562544301,-0.259180300920001,-1.13505659599068,1.48755383564791,-11.7154151483753,0.85702103077324,-0.0198326861873568,-0.0266969748594716,-0.0262327735267501,1.83734858596872
-0.780027354837761,0.0175649607020238,0.00170345962283847,-0.259146221865361,-1.13536058288009,1.48743139035569,-9.51184184281487,-0.804808965620623,-0.111096266127191,-0.0208345216038985,-0.0233858369645618,1.82277666136829
-0.780141874829968,0.0173354624847271,0.00208541039756938,-0.259214795878162,-1.13574420818266,1.4873331585338,-10.0216422611006,-1.12646174448241,-0.00481459680443663,-0.0212252921945204,-0.0244254465320504,1.77186226665833
-0.780103603205154,0.0169743327313192,0.00235246306894221,-0.259388621641429,-1.13621345599625,1.4872670728333,-10.0874783784999,-0.220161180969626,-0.0532663609037627,-0.0199484684158637,-0.0283488508022997,1.77878017102416
-0.779938146683176,0.0164985315235056,0.00250583976143637,-0.259656508334131,-1.13676888769518,1.48724196762874,-10.0727672096619,-0.432625291678733,-0.21721052160683,-0.0285070172048214,-0.0283534451433435,1.83774024953873
-0.779679931554598,0.0159304575358208,0.00255214237910661,-0.26000297359083,-1.13740163255452,1.48726005356888,-10.2973125232632,-0.757996731193089,-0.292244899228876,-0.047651424041157,-0.0294994359798607,1.85152782016391
-0.779379593266737,0.0153107633978689,0.00251296171515558,-0.260401706002128,-1.13808499500721,1.48731228566497,-11.015461785516,0.239939583341311,-0.377764566555243,-0.0479333509092372,-0.0331666771179332,1.87781558587214
-0.779079450968098,0.0146839736853606,0.00241107459878132,-0.260823833961292,-1.13879263652694,1.48738382096885,-9.72651363345193,-1.4248507170837,-0.36114817980831,-0.0464785340382212,-0.0327134505605966,1.90216983848763
-0.778820084544988,0.0140958158192745,0.00227195397305779,-0.261240123084798,-1.13949774226976,1.48745875015496,-11.6945623694775,-1.42167687816072,-0.341084620160245,-0.0422025020716021,-0.0280178052445314,1.83454975726902
-0.778639894082698,0.0135859803453471,0.00211875743753365,-0.261628596494529,-1.14016777966669,1.48751512920265,-9.49513266349948,0.27939478491453,-0.114817342057904,-0.0288126121497929,-0.0346889519736173,1.90499052727155
-0.778567755739454,0.0131976755085619,0.0019783170247949,-0.261967841540835,-1.14076727390493,1.48752181953495,-11.2176061407714,-0.321601070208089,-0.169746359954587,-0.0333771300524282,-0.0293384479389648,1.82537037209931
-0.778624961045741,0.0129651192867932,0.0018742094292219,-0.26224336920592,-1.14126750175539,1.48745350562059,-9.71389527545801,-1.37634963252685,-0.224864136938606,-0.0313130842633527,-0.0216255525745163,1.84258158882832
-0.778823596134944,0.0129149422337695,0.001825536057382,-0.262446008612853,-1.14164611576854,1.48728802301102,-10.089617724311,0.564219585369074,-0.0244620672443716,-0.0251189325559666,-0.0222233375535394,1.84591015423521
-0.77917382717371,0.0130625508197522,0.0018467178083299,-0.262575194648726,-1.14188532706366,1.4870090412278,-10.9647608998285,-1.36816846803549,-0.18864275889203,-0.029485941377803,-0.0176043534064423,1.80546426652027
-0.779679731551867,0.0134108076727806,0.00194528080179013,-0.262636883399092,-1.14198080855649,1.48661443283051,-9.73570657493667,-1.45274870852859,-0.0790112521409867,-0.0287517942956215,-0.0249555953082143,1.8961398568101
-0.780340794135696,0.0139542422051511,0.00212454758188652,-0.262639881690946,-1.14193605138432,1.48610997937236,-11.4992862736439,-0.00919973509621741,-0.0612835821083024,-0.02693056045486,-0.0344965429406222,1.91171724050685
-0.781153604476311,0.0146803690994917,0.00238295213131456,-0.262593926352755,-1.14176623573585,1.48551399637008,-10.972996580476,-0.000190630255019641,-0.251725632529769,-0.0334427134602646,-0.038475334459539,1.95290349363203
-0.782111417388238,0.0155777846483236,0.00272024951753846,-0.262505139819382,-1.14149228029147,1.48484902673975,-10.3906740868399,-1.209958557341,-0.407317562642305,-0.044373396572468,-0.0361960447176607,1.9437063382923
-0.783204334709921,0.0166270508061892,0.0031299628263981,-0.262379687643595,-1.14114617362583,1.48414841143513,-11.1121494631363,0.119519100577236,-0.292047138454905,-0.0418393093825351,-0.0328482794787427,1.88043660831873
-0.784415102294687,0.0178052757701623,0.00360046274765624,-0.262222379608004,-1.14076290578193,1.4834433693049,-9.78129572581901,-0.237045878113577,-0.0882812904754928,-0.0322810096895125,-0.0248899018699065,1.86933790949848
-0.785721456522913,0.0190893520166666,0.004119787178962,-0.262035729164824,-1.14038105904648,1.4827662533278,-10.2205437316712,-1.81258424651355,-0.113775234355927,-0.036378554300796,-0.020822488796721,1.80608771923838
-0.78709310390291,0.0204579263727069,0.00467459932601466,-0.26181915711661,-1.14003643895641,1.48214058864248,-10.478506314695,0.0101786567311137,-0.0714725241974179,-0.0236226096118153,-0.0301282741619555,1.88033798039507
-0.788486227569231,0.0218734301732786,0.0052363714607413,-0.261582559158262,-1.13977189021237,1.48158842025291,-10.5069052758676,-0.172702622451425,0.00176192541908904,-0.0190855920635489,-0.0403496498505714,1.95785909315169
-0.789856477304004,0.0233072798336265,0.00578435914319253,-0.261330650436768,-1.13961914186674,1.48111894248018,-11.6806518505542,-0.898399001797543,-0.255842926103156,-0.0458811300793043,-0.0341547092214886,1.94363520209957
-0.791148429106156,0.0247115819971153,0.0062821818459402,-0.261081982205714,-1.13961303790494,1.48074015491942,-10.7151248154071,-0.698252463687822,-0.411404932304066,-0.048866013648682,-0.0305412372522329,2.04070729402182
-0.7923155665681,0.0260321657726683,0.00669143693757079,-0.260864135409742,-1.13976863410335,1.4804442814783,-11.8077513741897,0.777649388744067,-0.220046629696554,-0.0449662360278209,-0.0272762205612334,2.02224049830192
-0.793310529018823,0.0272153059141962,0.00697448625069041,-0.260706315516573,-1.1400987311905,1.48022045603674,-11.2823062301054,-0.958075554824518,-0.260284048998329,-0.043814753797637,-0.0219514431777071,1.97925520977746
-0.794099393663686,0.0281986512830246,0.00709230488528356,-0.260645543648627,-1.14060691840045,1.48006073977875,-10.4057511401983,-0.494966549649007,-0.206436691409067,-0.0311839739621549,-0.0295706026066682,1.97062792706152
-0.794675846352524,0.0289341467752662,0.00702330715127886,-0.260716248631689,-1.14126590890707,1.47994028995435,-11.621451032399,0.762853866408022,-0.0352735692398767,-0.018223314660593,-0.0342641874705962,1.92512262871228
-0.795038587666784,0.0293760361644937,0.00674906584713852,-0.260952392301376,-1.14205034898051,1.47984210899645,-10.2835901887622,-0.199619587309599,-0.218887579438928,-0.0225295047443392,-0.032170448702955,1.95126731171298
-0.79522666866997,0.0295149570742339,0.00628473481692438,-0.2613664819074,-1.14290306488609,1.47973885207227,-10.8491732396496,-1.19887957328115,-0.36828309605815,-0.0452891557468287,-0.0250877255246207,1.93535132346327
-0.795289443714019,0.0293429216606222,0.00564769221014938,-0.26196937719159,-1.14376798279693,1.4796105626078,-11.7771101290635,0.0649786759502149,-0.453276496764545,-0.051620547237587,-0.0272160747621589,1.98763735777845
-0.79529436615191,0.0288913435354479,0.00488550103100382,-0.262745816357938,-1.14457547433709,1.47943238286548,-10.8084240721062,-1.04429813972229,-0.311861057955667,-0.0490624630489092,-0.0263889654822456,2.06962043794837
-0.795316666376832,0.0282094808426185,0.004058127176227,-0.263667853480665,-1.14525885058895,1.47918515765581,-12.9760274785431,-1.09876520449575,-0.371216956656923,-0.0490368462469841,-0.0332528488236969,2.03849797939018
-0.795432217887185,0.0273735667542514,0.0032404687953449,-0.264686753467924,-1.14575641576777,1.47885237237345,-10.7150831047086,-0.695659248150605,-0.141176848316746,-0.0376028143819629,-0.0445227364631536,2.13333747634463
-0.795714216805183,0.026477316769002,0.00251633103432791,-0.265739843744521,-1.14601455157632,1.47841971621983,-12.4714466640805,0.227931984864199,-0.0969837757849632,-0.032284501687887,-0.0376825814095003,2.03778613385145
-0.796219902243054,0.0256267592834298,0.00197031550937443,-0.266754396670614,-1.14599405823486,1.47787347047757,-10.8596002809567,-1.01249567044783,-0.128985967305141,-0.0313184640342605,-0.026248255244063,2.01309649134285
-0.796980632857821,0.0249239726800035,0.0016753960790914,-0.267656782516512,-1.14568349313471,1.47721134921176,-10.6859307781522,0.0209186646447961,-0.0548493286325709,-0.0283940993309986,-0.0214744162048381,1.98290259222058
-0.798004520053679,0.024447431565128,0.00167888992275222,-0.268387702544918,-1.14509617734497,1.47644033081957,-11.8162880484144,0.119928940298678,-0.180555616956951,-0.0310059105812406,-0.0172932506214412,1.91302358706113
-0.799272494485847,0.0242637124339939,0.00201214990489484,-0.268896291402567,-1.14426378781919,1.47556679897898,-9.73058750114188,-1.03503046532524,-0.179419567621011,-0.0298204378274978,-0.0208858337743046,1.97235532338876
-0.800747977419623,0.0244110169959333,0.00268170021017267,-0.269151406501379,-1.14323435292362,1.47460485219118,-12.2447224642507,-0.304573065855266,-0.0929037775535733,-0.0262180165244885,-0.0335850269308335,1.96881937012132
-0.80237151193576,0.0248816394785782,0.003656590209274,-0.269154657794451,-1.14207314801415,1.47357341407337,-10.8667107693261,0.0787876563078953,-0.177584908240703,-0.0337269676331231,-0.0431451975069372,2.0769838201683
-0.80407836704588,0.0256475257012374,0.00489077249834247,-0.26892399462325,-1.14084958350461,1.47249519652734,-11.9393721422782,-1.11645263611149,-0.494256135216546,-0.044910892262128,-0.0409078330583274,2.07080795820651
-0.805796163567091,0.0266458473149038,0.0063138741456108,-0.26850389269884,-1.13963453453738,1.47139244925426,-12.0011091726528,-0.99653001382876,-0.344016044501046,-0.053860146251612,-0.0349177373298334,2.06453555971668
-0.807451381324948,0.0277808059036477,0.00783432087433233,-0.267964503952708,-1.13849495275534,1.470287647823,-11.2254545834522,-0.281349135055279,-0.426661340322113,-0.0474707592779828,-0.0297752985485076,2.0718459817573
-0.8089839627955,0.028950369884682,0.0093605324624817,-0.267382183160058,-1.13748660169328,1.46920419225023,-11.5944407435314,-0.891528202146446,-0.390218766230504,-0.0443575959611953,-0.0234141735454549,1.98560894112068
-0.810350686609052,0.0300573764668775,0.0108111218766032,-0.266834042557749,-1.13664089403051,1.46815192777086,-10.8916676907196,-1.24768322912223,-0.143370367479662,-0.0243339645013161,-0.0266776728723805,1.95689104714277
-0.811518213628935,0.0309974654627538,0.0121036415497029,-0.266402229853332,-1.13598071004442,1.46714293137093,-10.746648110837,-0.15779314621841,0.0139834975687165,-0.0169287593554457,-0.0329616956123425,1.96526575344131
-0.812475482470182,0.0316978781530333,0.0131828351442347,-0.266146502295518,-1.13550633356532,1.46618097256932,-10.8604762022206,0.00431420106019687,-0.00159230724216286,-0.0201478483984348,-0.0333036545074041,1.9601457959985
-0.813229426981472,0.0321114594203902,0.0140153810144994,-0.266107675742682,-1.13520179950917,1.46526479308557,-11.5029380633086,-0.73408678036003,-0.063702910862105,-0.0273247696403121,-0.0308073379900853,1.99680418155973
-0.813806206582103,0.0322261835455597,0.0145958055395725,-0.266299662445132,-1.13503663408165,1.46438856807833,-11.048976050702,-1.00157994138794,-0.255459332402069,-0.0434222402899374,-0.0279319584203644,2.07756345208182
-0.814242780230559,0.0320586850432321,0.0149394146146042,-0.266712766573981,-1.1349723298436,1.46354246742931,-12.8721183792771,0.0793044939755418,-0.356457506573946,-0.0464832279631349,-0.0299927119489616,2.11619682103902
-0.814586961208585,0.0316575745058216,0.0150829211994559,-0.267312324679148,-1.13496727839533,1.46271834979524,-10.7002713004367,-0.482244941471663,-0.27093848365908,-0.0471385649054685,-0.0349850394244053,2.18015321040428
-0.81489745967801,0.0311153008420462,0.0150937767280164,-0.268030586140805,-1.13497057360091,1.46189842158934,-13.5973746356834,-0.0765987677430076,-0.316293107546841,-0.0441079477375017,-0.0394682995290063,2.07787907174079
-0.815224829773485,0.0305180616044876,0.0150297901107199,-0.268799312656566,-1.13495036438997,1.46107867599665,-10.0551768792071,0.0806720396597029,-0.236347045251051,-0.0316084807639809,-0.0426264971093237,2.16194636756778
-0.815613761755804,0.0299642879815938,0.0149563106744521,-0.269542068443342,-1.13487787707012,1.46025056500771,-13.0998211871622,0.408670118189775,-0.0705772460738956,-0.0258736018749879,-0.0323910272820701,2.02301970491432
-0.816112932173521,0.0295573452566469,0.0149409838373125,-0.270179272655592,-1.13472693865076,1.45940697702244,-10.6496372979204,-0.824200351367836,-0.224112967151228,-0.0372946052812213,-0.0227538449846637,2.04542360155995
-0.816751411396863,0.0293704768016507,0.0150269846765323,-0.270653558296377,-1.13448686514905,1.45854286417677,-11.3469262288404,0.293589189248905,-0.14805283348818,-0.0303189729421041,-0.0279448660419572,2.06570038462872
-0.817548547304842,0.0294604381542962,0.015245949564185,-0.270921127934207,-1.13415844184088,1.4576590535224,-12.0904126904221,0.274992367389132,-0.0938475018624843,-0.0329062926237729,-0.0288880492637618,2.05954771804197
-0.818507949597061,0.0298553810185895,0.015608220274923,-0.270960465343895,-1.13375481174361,1.45675885250451,-10.8937558916816,-1.16429812643946,-0.196380658404905,-0.0377150973477414,-0.0305412983844317,2.08662767432892
-0.819615494582717,0.0305516297029182,0.0161018685884757,-0.270776583958148,-1.13329603944353,1.45584412177531,-12.0500225317874,-0.851948450116424,-0.18247691940033,-0.0332673261511576,-0.0360861004497108,2.06198394453621
-0.820849539571251,0.0315143187115421,0.0166984011040954,-0.270399848204385,-1.13280468336024,1.45491715660333,-11.5866865514905,0.259779719837752,-0.095843769716879,-0.0285535724167718,-0.0367105403161164,2.09442055498317
-0.82217500147254,0.0326896633561642,0.0173570039665367,-0.269875782382302,-1.13230808219947,1.45398096142012,-11.3495210255401,-1.77471851036375,-0.317540251403415,-0.038795058256806,-0.0342920553067006,2.06794552034497
-0.82354829965317,0.0339976677300831,0.0180217992523053,-0.269268365159956,-1.13184066834643,1.45304504222013,-11.6257861194052,-1.12516663809038,-0.481222916101075,-0.0513269364499571,-0.0300450540605121,2.0692034493632
-0.824923508667111,0.0353530757587723,0.0186374492797243,-0.268644582767027,-1.13143096637774,1.45211490326737,-11.6932240510816,-0.157339505192112,-0.246219905766225,-0.0413487368352352,-0.0339090130162337,2.12774627212308
-0.826255966089405,0.0366600383239399,0.0191444965521228,-0.268078496232837,-1.13110229472293,1.45119505598133,-12.0172910998878,-1.64317676490418,-0.386952961105976,-0.047879839361987,-0.0304673149719454,2.09534388797957
-0.827506896234113,0.0378395300119774,0.0194995360543735,-0.267628905752119,-1.13087142311968,1.45028954940724,-12.2732448704537,-1.43364491674038,-0.396626546534264,-0.0433783348791499,-0.0328098662349168,2.1417630110431
-0.82864786867726,0.038839361227911,0.0196815341689114,-0.26733303121399,-1.13074230884231,1.44939594471136,-11.5761528471335,0.0380599054449249,0.00835646677990098,-0.0237588569645117,-0.0409991883730778,2.23202331671903
-0.829663762986885,0.0396139981451453,0.0196767459214651,-0.267219259707385,-1.13071171651543,1.44851480411756,-13.1965777516252,0.754531897051493,-0.0607102367964387,-0.0284865524866169,-0.0315514179400561,2.14878301559115
-0.830548644984725,0.0401367517389479,0.0194853947542111,-0.26729837501887,-1.13076815134858,1.44764303436547,-11.1068006753645,-1.63043102556685,-0.23441484283245,-0.0318162795142793,-0.0263533651237792,2.14468988154352
-0.831312147098577,0.0404161259965248,0.0191348743615019,-0.26755476984804,-1.13089111151253,1.44677628542074,-12.1095650750888,0.100880529306096,0.0727217774751523,-0.0294001636978409,-0.0299898725470988,2.10867587387949
-0.831971415498214,0.040478327834375,0.0186642052319892,-0.267957802055749,-1.13105493783303,1.4459086016427,-12.1171861663336,0.583885349783486,-0.0915299840004877,-0.0307821576597092,-0.0349529238929262,2.11626600806977
-0.832548530715673,0.0403576477979861,0.0181149513426984,-0.26847020181599,-1.13123558700445,1.44503518013924,-11.2522027874123,-0.929008865229662,-0.204591586940296,-0.0404534937807863,-0.0347276618085102,2.14802955315863
-0.83307328652595,0.04010988376643,0.0175443620116726,-0.269040445571729,-1.13140630332947,1.44415257826135,-13.298030782662,0.00927897030942404,-0.265295936851459,-0.0452109593849643,-0.0426788141822262,2.17033262775071
-0.833569860265791,0.0397871037338282,0.017002323617699,-0.2696193594159,-1.13154967817467,1.44326265622553,-11.9096980624276,0.835837687396179,-0.405043264670496,-0.0464688941988358,-0.0471336126949604,2.27787944635657
-0.834062316478392,0.0394281965245078,0.0165265719598513,-0.270170689388961,-1.13165079978719,1.44236851718719,-12.9315199417699,-1.1796297482274,-0.453843813590737,-0.0567134711654056,-0.0358229708137152,2.19935316632569
-0.834569782063434,0.0390755456352379,0.0161536873512298,-0.270658024707862,-1.13170445107156,1.44147936199226,-12.3684838020644,-1.13153820297634,-0.436512414592499,-0.0578254478734732,-0.0315408075183956,2.210095243878
-0.835098364220831,0.0387499201751798,0.0159000708716774,-0.271061902800299,-1.13171706413642,1.44060843238569,-12.0092841019346,0.54938310019611,-0.25648835889001,-0.0399109511534093,-0.0348533749495166,2.23609310504027
-0.835653377010401,0.038468239394148,0.0157767558306914,-0.271370432282815,-1.13169458369242,1.43976648272301,-13.08530325149,-0.52116439867109,-0.300516023441276,-0.0408614799639988,-0.0328882452014297,2.16020768625544
-0.836225624712502,0.0382210910858722,0.0157716253212097,-0.271592464475157,-1.13165714737819,1.43897201761412,-11.1495652571675,-0.7236846310891,-0.0397279985213572,-0.0335062927903231,-0.0366199239283059,2.20866875032795
-0.836809958834786,0.0380126890617998,0.0158817588254281,-0.271731692088042,-1.13161598215593,1.43823392519958,-13.1472156834383,0.458334334094161,-0.0271989821253555,-0.0313832828374374,-0.0359362169166878,2.16958058942603
-0.837391134420441,0.0378243373558576,0.0160826493863611,-0.271808675169121,-1.13158883773484,1.43755927157958,-11.8804959791254,-0.584245704178556,-0.232621356404366,-0.0401485144265536,-0.029547314175384,2.18813479563466
-0.837954965450276,0.0376351850502807,0.0163452991189392,-0.271846626612844,-1.13159247895812,1.436954259673,-12.1466283736402,-0.249088304640509,-0.256234631615825,-0.0458598706346409,-0.0259408811756757,2.18311247570239
-0.838486909482167,0.0374324632417844,0.016646690578114,-0.271865803944031,-1.13163664601735,1.43641435485122,-13.222888526912,0.156678711678978,-0.434216533863037,-0.0485540701324876,-0.035928340479118,2.21970741249663
-0.838965996004645,0.0372014278331205,0.0169575978092098,-0.271887492741418,-1.13173607140948,1.43593497018124,-11.8504228629114,0.786224088545396,-0.334066388308599,-0.0503160669277283,-0.0513400644272561,2.30247708290348
-0.839382662077037,0.0369302986381008,0.0172520435961729,-0.271930465113964,-1.13189560643078,1.43550497753237,-13.5412197287478,0.0615798599160371,-0.478719118460702,-0.0561253370387909,-0.0486884027377859,2.24007635195032
-0.839731729070925,0.0366198763052719,0.017512878870948,-0.272005284281667,-1.13211531731279,1.43510856657767,-12.3176036829425,-0.448684540248451,-0.387767304974346,-0.0580836167718473,-0.0431518747653163,2.26954473582334
-0.840014345529683,0.0362795662782771,0.0177294062863949,-0.272115409764865,-1.13238871074333,1.43472529719705,-12.6364318622431,-0.0106543226472695,-0.305363855461252,-0.0541781534918702,-0.0380949590888218,2.24439152888836
-0.840226181362708,0.0358918318611892,0.0178705115415874,-0.272279271316389,-1.13272639362429,1.43435149497617,-12.3043050565321,-0.812550702773478,-0.341811208793672,-0.0439124334631882,-0.0272993524125005,2.17512262720603
-0.84037327316093,0.0354668869949908,0.0179272907716581,-0.272495725590563,-1.13312561053775,1.43397531270508,-12.2035698506286,-0.720721632176947,-0.141384842311368,-0.0313731739259162,-0.0255454430676713,2.16632169622695
-0.840465480383112,0.0350022241389825,0.0178844540092133,-0.272770547130907,-1.13358847820873,1.43359573050983,-11.7739850813643,-1.44324270486049,-0.0505968628476126,-0.0326952911707696,-0.0316391982783488,2.19500072323569
-0.840509312056096,0.0344810555403425,0.0177173200395495,-0.273118168420061,-1.13412090744022,1.43321582707913,-13.2691974894038,-0.401856986847861,-0.0197621170134425,-0.0293984986024047,-0.0380207680962389,2.22814561548531
-0.840523062299177,0.0338991203139871,0.0174148213545089,-0.273543869480531,-1.13472185742029,1.43284039881905,-11.731451590494,-0.942837693249885,-0.156572484577936,-0.0347373189028484,-0.0369730561265003,2.30511967085305
-0.840528407927851,0.0332567417682137,0.0169723160190103,-0.274049425546013,-1.13538224069248,1.43247063484482,-14.5927211497657,-0.484873320268662,-0.379218387149336,-0.0555794888044843,-0.0358277165517786,2.29290844600015
-0.840548187979079,0.0325507636981222,0.0163861848429905,-0.274639298663476,-1.1360887858275,1.4321067525187,-11.9529484518777,0.612830071306917,-0.340510556074207,-0.0531322427665306,-0.0371965123131304,2.42130403848076
-0.840609290729252,0.0317881130925723,0.0156629187126742,-0.275310460669058,-1.13682165949766,1.43174647389204,-14.3192641910176,0.985809714775087,-0.151578171890264,-0.0456400090120681,-0.0344748030147302,2.31133318303832
-0.840748058692914,0.0309986995045852,0.0148308366030914,-0.276045904742174,-1.1375471421604,1.43137889620392,-12.010692756931,-0.598570710370723,-0.192426805002611,-0.0397349961039408,-0.0372284240448704,2.28325419789428
-0.840991812781896,0.0302010403498087,0.0139113044643331,-0.27683585051301,-1.13823362503632,1.43099162644564,-12.3197042767569,0.641803160244535,-0.000653493589624077,-0.0315039141987632,-0.0394835007173099,2.22085643955942
-0.84137344408611,0.0294413888670499,0.0129484425268089,-0.277651669632221,-1.13883649260826,1.43055939116852,-12.0694321005677,0.221351567683769,0.0250972050805842,-0.0319621267854808,-0.0379173712190348,2.16514959113045
-0.841917497539503,0.0287656387215129,0.0119865642157391,-0.278465881982284,-1.13931532360619,1.43005714733156,-12.0932712698438,-0.287147984708099,-0.309303197821606,-0.0393031246054298,-0.0414338413902209,2.20705347693911
-0.842643863076694,0.0282309396453435,0.0110777412501408,-0.279240600952816,-1.13963497568935,1.42946255574341,-12.651772013967,-0.691759701770707,-0.473823838553244,-0.0584607158823403,-0.0398651292083794,2.27534362441776
-0.843556686793742,0.0278748249129723,0.010257915044199,-0.27994929895579,-1.13977392963511,1.42875589521871,-13.6332541292057,0.0317952175539631,-0.590604283506622,-0.0706660381929507,-0.0416177540838237,2.36331682592988
-0.844644707096644,0.0277195538283319,0.00955004026827022,-0.280574034292425,-1.13973036677127,1.42793095968086,-12.794410813784,-0.502334035562171,-0.630010684359576,-0.0654132117910726,-0.0419439927322577,2.44698188276457
-0.845888608989749,0.0278023832314691,0.00898577086276786,-0.281083968553886,-1.13951106176465,1.42698371959312,-14.7732254380579,-0.46946119743825,-0.45053283307567,-0.0608894285299901,-0.0429616662660968,2.40139128207594
-0.847243906418746,0.0281038247178342,0.00855160501503427,-0.281483381242808,-1.13915720853136,1.42593444945032,-12.2643712146327,-0.878044858640351,-0.315731166235764,-0.0507646871939644,-0.0447465266496711,2.4196730917452
-0.848661008444499,0.0286062790543591,0.00823409431668343,-0.281774817961505,-1.13871238828758,1.42480230552421,-13.5912585192862,-0.854984176514336,-0.306370958707021,-0.0387818044013359,-0.0352885791821947,2.28211330224833
-0.850079336381299,0.0292669604276687,0.00800029616446052,-0.281975049163403,-1.13824178681643,1.42362429174217,-12.3335919604672,-1.20712864842289,-0.151531048191941,-0.0339016786408934,-0.0304619785640804,2.2650205887807
-0.851439412113834,0.0300310566755329,0.00780964285650954,-0.282108622204922,-1.13780831952799,1.42243694429603,-12.1004279630038,-0.204227346197968,-0.0237972011380236,-0.0383672943162119,-0.0295781599391592,2.26816112980405
-0.852693051308363,0.0308536894786284,0.00763151470688461,-0.282195012431234,-1.13746433914752,1.42127166964642,-13.3265549004684,-0.548294045069042,-0.120867638666653,-0.0524386122461373,-0.0270790816780824,2.24887042825119
-0.853795556368383,0.0316861725003994,0.0074332789940994,-0.282255781495486,-1.13725903771017,1.42015807722617,-12.4241378574168,-1.39320340475979,-0.284523430173635,-0.0492449197801808,-0.0404014684007561,2.36422875795221
-0.854716951867419,0.0324940576449286,0.00719563335026807,-0.282304896951014,-1.13722617559752,1.41911757408548,-13.9493031605836,0.789313645753737,-0.318337085825817,-0.0553398332370616,-0.0482412787842342,2.404542699091
-0.855459746536521,0.0332714529044136,0.00692850720766169,-0.282340762643875,-1.13736199081172,1.41814865113087,-13.4928644888013,0.708633036123274,-0.432433197021226,-0.0580579567227373,-0.0531961338799339,2.4546625952701
-0.856041183615242,0.0340289384505921,0.00665656392907232,-0.282353359716393,-1.1376442028509,1.41723842708328,-13.3659861852726,-1.32125690240218,-0.427048486376833,-0.0575334276884933,-0.048882344064426,2.42348828930798
-0.856494306117808,0.0347886052133841,0.00641550069570918,-0.282325766180991,-1.13804107444332,1.41637313374321,-14.0748597825441,-0.727029226207151,-0.353236518904396,-0.0559295465714889,-0.038335185863485,2.36176834044601
-0.856866601635482,0.03558161140863,0.00625064761788119,-0.282235824557344,-1.13850560720313,1.41553016775463,-12.3481876988197,-0.341297717107182,-0.253545389474368,-0.0506079138008864,-0.0367569882627449,2.39001964359675
-0.857216446825813,0.0364502950619681,0.00621601668605631,-0.282056328700153,-1.13898083110576,1.4146827668196,-13.4082322047835,-0.586468106966322,-0.246681813015243,-0.0489021120080753,-0.0311298954701262,2.30621195922887
-0.857602345564808,0.0374273096838138,0.0063587419962583,-0.281767460186335,-1.13941141933057,1.413807244792,-13.0641268202879,-0.0754394594350742,-0.11277695598281,-0.0384894109259104,-0.0303794582611814,2.32999374488975
-0.858074040931641,0.0385353734387728,0.0067142100315376,-0.281355618839977,-1.13975379147887,1.41288618874218,-12.7379848413369,0.935810306049461,0.0720165452360959,-0.0285618153924059,-0.0380591072773172,2.38061716397105
-0.858659969194479,0.0397645815049268,0.00728776994320368,-0.280828995119345,-1.13998835946332,1.41191898692765,-13.9991658250996,-0.17883618482756,-0.14678498336707,-0.0370952307971217,-0.0372305983377293,2.36816555611251
-0.859372236955946,0.0410760373395895,0.00805885602861478,-0.280216120572802,-1.14011146128832,1.41091430578702,-12.957102700682,-0.829474615481786,-0.33889568441009,-0.0487568490406063,-0.0398678139735891,2.456717702957
-0.860199482349795,0.0424105517678344,0.00898510362566096,-0.279557990393808,-1.14014379165288,1.40989483767945,-14.3796110668684,0.319378862580834,-0.378322837675853,-0.0598843762024752,-0.0427125600352131,2.46724040294715
-0.861111782979568,0.0436917970045778,0.0100044510138044,-0.278907727774767,-1.14012216048052,1.40889045318832,-13.7415115722518,-0.116157550338812,-0.479299991605359,-0.0681529167691663,-0.0435973522800636,2.49745646816418
-0.862051963458223,0.0448189053225141,0.0110290232922619,-0.27833450775729,-1.14010512552651,1.4079387414756,-13.3694632094084,-1.06086440975332,-0.499976664957273,-0.0644409046661751,-0.0438684922554533,2.45500684014434
-0.862963192607171,0.0457038757848682,0.0119781835541299,-0.277901000012764,-1.14014612833794,1.40707197872423,-13.8396440430911,-0.845633573580699,-0.394514553793243,-0.0564960269660988,-0.0390861307680787,2.38288620707948
-0.863783422685367,0.0462637314208969,0.0127711694973465,-0.2776660715816,-1.14029684244532,1.40631610902813,-12.6944353907676,-0.0941317784281637,-0.172824681040936,-0.0413972605097515,-0.0406729853539121,2.40548875750811
-0.864452666504785,0.0464279686389952,0.0133337580596673,-0.277680541733702,-1.14060193402123,1.40568841394022,-13.3000480465326,-0.692844567865905,-0.286634838209892,-0.0433228783382207,-0.0416119268953382,2.3814545841485
-0.864930831645316,0.0461736734113138,0.0136286348565997,-0.277964730942718,-1.14108558658396,1.40519455633427,-13.8877320529884,-0.176039812365616,-0.406325013598376,-0.0495825854423342,-0.0421773872515799,2.42730945283646
-0.865192328670407,0.045503829110829,0.0136374756672013,-0.278520919668723,-1.14175337317676,1.40482353639663,-13.0246724944797,0.571990376713984,-0.250948519071414,-0.0588855728180016,-0.0437782254872049,2.50157753444542
-0.865234686147668,0.044462361295011,0.0133748289692994,-0.279323653002588,-1.1425875179784,1.40455006092695,-14.7700558504469,-0.161064593892888,-0.438708887436235,-0.067926937300486,-0.0393814419675013,2.4528842510177
-0.865078865192066,0.043118190772657,0.0128766235448854,-0.280329609398886,-1.14355588377266,1.40434430404863,-13.1116445610804,-0.0238685930892188,-0.414394269248305,-0.0579885955678878,-0.0362849226352335,2.50469044646643
-0.86476628589502,0.0415767335680819,0.0122085732597199,-0.281470277244953,-1.14461023982703,1.40416842591099,-14.5996708126576,0.0547856574917205,-0.424828858592406,-0.0534687749241822,-0.0408723288350308,2.46921815040598
-0.864357081523001,0.0399556826205814,0.011448881928863,-0.28266809127509,-1.14568990234534,1.40398015821615,-13.8235785428958,-0.674402422874664,-0.315041490422828,-0.045283221071386,-0.0447514660279375,2.50824941961815
-0.863912149638835,0.038358653278598,0.0106647771581265,-0.283853641096092,-1.14674426611789,1.4037469480653,-13.7101086008211,-1.04591524464126,-0.285308020374117,-0.0420207123209733,-0.0463263789353707,2.5154088572076
-0.863506326778735,0.0368974806180855,0.00993495808463773,-0.284952353257075,-1.1477163537543,1.40343939723137,-14.5253964916766,-0.990126923182743,-0.209587129938598,-0.0522509382637821,-0.0431849996347839,2.46370016779337
-0.863198609221165,0.0356623290064668,0.00932145768903947,-0.285905068384451,-1.14856515396675,1.40303534694121,-12.9675467968744,-0.684464456782052,-0.387731614582236,-0.0510550965968588,-0.038075740376175,2.49551618135976
-0.86304325127559,0.0347146472860462,0.00886757421204898,-0.286672371246811,-1.14925978203427,1.4025240547501,-14.1433521848044,-0.64042938857915,-0.379297304745279,-0.0517820626203873,-0.0309070480772173,2.4387443298487
-0.863080192695564,0.0340868303901889,0.00859754095979248,-0.287235705049025,-1.14978350319275,1.40190441957109,-13.8578488215692,-0.350213411492177,-0.308828467486222,-0.0436228192162393,-0.0332003679856787,2.47851393632892
-0.863334742077926,0.0337972872016037,0.0085275846445696,-0.287587420460695,-1.15012710296389,1.40117801121759,-13.5881203031306,-0.412547225474555,-0.243930300038301,-0.0317668361571397,-0.0445215332816459,2.52276323204721
-0.863813063538065,0.033816829679294,0.00864202777633327,-0.287753934025064,-1.15029645154534,1.40035483265579,-14.9128576501967,-0.744596540086604,-0.232602167570121,-0.0414596803628466,-0.0479512345073071,2.48934487343815
-0.864512298596051,0.0341100425466516,0.00892340934897073,-0.287765913572719,-1.15029905173276,1.39944661828652,-13.4234843953419,-0.937031984013402,-0.399599982028491,-0.0501331820288682,-0.0486365610572083,2.55120335652397
-0.865414633341788,0.0346195198782562,0.00933936949415526,-0.287667921561645,-1.15015382954822,1.398471939414,-14.5482743003242,-0.670799191878359,-0.430388036228635,-0.0583691974202822,-0.0424417763352747,2.51665840339868
-0.866489546179256,0.0352741939029517,0.00984895617481096,-0.287512502053599,-1.14988431845036,1.39744994273681,-13.7482813604043,-0.83490896508988,-0.493963717129162,-0.0595438879774015,-0.0372119570681899,2.51445484249247
-0.867702201916543,0.0360024274145916,0.0104110394050891,-0.287350503212344,-1.14951416767491,1.39639814235517,-13.565362143018,-0.724751758542425,-0.529826548081246,-0.0562622642873793,-0.0393371404732486,2.49146782058417
-0.86901718635446,0.0367348734574495,0.0109863284945133,-0.287228505794754,-1.1490642820108,1.39533236581941,-14.1171167185229,-0.4106119869748,-0.414053271732968,-0.0502985545115373,-0.0399705044159938,2.48172317460092
-0.870395669495789,0.0374009496909409,0.0115312266118799,-0.287189258006545,-1.14856205641481,1.39427282976739,-13.5271721141636,0.195246368805783,-0.260319507724461,-0.0420122526379414,-0.0510319621578921,2.56243208426852
-0.871798071563157,0.0379489928486878,0.0120108636718257,-0.287258195638614,-1.14803586733174,1.39323756862078,-14.8345401075835,-0.982916422803555,-0.339155586250484,-0.0548093910082601,-0.0461890063849061,2.55054778932849
-0.873190241289195,0.038340272903568,0.0123961208795167,-0.287448919209138,-1.14751495531499,1.39224701583698,-14.7523722772145,-1.18908091993467,-0.360618123950445,-0.0654532799913063,-0.0439404247077455,2.62159623352406
-0.874535105184941,0.0385419827744036,0.0126572464730683,-0.287769500667563,-1.14703249260352,1.3913198133701,-14.1704119894691,0.728814895290725,-0.285426015755462,-0.0582294837856496,-0.0406128244635265,2.67485066196165
-0.875806472185667,0.0385529817354504,0.0127842498954613,-0.288205996396365,-1.14661085577401,1.39046470332108,-15.8433757982198,0.594844587290709,-0.38491008007702,-0.0622294250828586,-0.0316583618986053,2.58449643578626
-0.876976691642256,0.0383745880202211,0.0127645052983179,-0.288743910704698,-1.14627786228012,1.38969073494955,-13.1361039416672,-1.14842119303171,-0.26888443559676,-0.0538106570611694,-0.0376847757025295,2.57918118793954
-0.878027628731617,0.0380348213985187,0.0126042458077649,-0.289352674694877,-1.14605301902654,1.38900280157078,-14.8106984928165,0.283292583261527,-0.00515397313213839,-0.0342800899406539,-0.0434255782047632,2.48719305338206
-0.878951296115895,0.0375728300397116,0.0123202160467357,-0.289999006301034,-1.14594141738393,1.38839261492804,-13.274833676461,-0.975451596712901,-0.043200464701556,-0.0300497892900196,-0.0465831955727439,2.49043030047599
-0.879743944638916,0.0370311442486013,0.0119343181461058,-0.290652575089484,-1.14594154863588,1.38784705369763,-13.7151998427203,-0.930384615837511,-0.397555527445832,-0.0402347529552496,-0.0392877636604388,2.44958391799789
-0.880415929855474,0.0364701325701358,0.0114872688682583,-0.291274849946446,-1.14603485277769,1.38734389047582,-13.8738846280418,-0.59658811938948,-0.584792378878518,-0.0559961994717857,-0.0383681829031421,2.48355719696501
-0.880976731118368,0.0359313543062569,0.0110124876488351,-0.291844746368826,-1.14620125895461,1.38686177466517,-14.187695454011,0.155211137830065,-0.520697631102763,-0.0568900161844534,-0.0416847697480465,2.57876659262285
-0.881453331779951,0.035477456238084,0.0105659836053424,-0.292331374712523,-1.14639639360834,1.38636646341135,-14.7334972733855,-1.63441682484108,-0.593389796159045,-0.0689525180526158,-0.0427601133339219,2.61136950987289
-0.881869070192218,0.0351523312481827,0.0101944916892545,-0.292717311792971,-1.14658064372188,1.38582934699228,-15.2988886405166,-0.601046121622858,-0.48921959926966,-0.0631524602505311,-0.0480711828422499,2.6669047348963
-0.882248637234472,0.034981826428214,0.00993500675497727,-0.292996884402309,-1.14671539974379,1.38522860507391,-14.4428172042035,-1.31945937056571,-0.340309210862529,-0.0472294241088291,-0.0534249525253995,2.70298102018067
-0.882622484588242,0.0349966947287781,0.00983149874465572,-0.293161374591291,-1.14675460964121,1.38453936316154,-15.1920146787253,-1.20853341668158,-0.265074527074489,-0.0407973577900211,-0.0428541040961062,2.59503953205583
-0.883011076078416,0.0352071989183544,0.00990953170473663,-0.293211172607667,-1.14666610537163,1.38374754359404,-13.6103432309801,-1.26913987607622,-0.117309401635964,-0.0332338805241306,-0.0348651788146891,2.57019273063021
-0.883413628792659,0.0355951148335087,0.0101668902888195,-0.293161445264668,-1.14644856138865,1.38286144604959,-14.1797775577289,-0.0621136351448968,-0.0365103979667936,-0.0354137449394996,-0.0269578124690368,2.52106648946926
-0.883841475285462,0.036148080197191,0.0106025132855965,-0.293020762243047,-1.14609538253981,1.38188814405741,-14.600345937298,0.291662791927138,-0.0634407456156794,-0.0362575321635856,-0.0283068592504372,2.56401270850443
-0.884288339456047,0.0368374620813174,0.0111953112840684,-0.29280555548157,-1.1456212955335,1.38084484154854,-13.8696154275921,0.0114977967830328,-0.148093863568675,-0.0390219893150721,-0.0373214245569221,2.65878759771938
-0.884736074975921,0.0376229973292457,0.0119061973297794,-0.292535548418937,-1.14506503738602,1.37976554260662,-16.6057547818282,-0.227855932412695,-0.21221100365409,-0.0556996154604721,-0.0500468419021848,2.65023029762617
-0.885159721701273,0.038447711672613,0.0126767068238212,-0.292240263496112,-1.14447543810487,1.37868632769539,-14.0563213309184,-0.098564678277171,-0.419237168788356,-0.062343025185013,-0.0574874212244309,2.76701973675363
-0.885535736317467,0.0392662387453004,0.0134522488936093,-0.291942522068524,-1.14390264748025,1.37764160476111,-16.0218455885456,0.118178575331058,-0.40111102127608,-0.0610614016086579,-0.0510080499539401,2.68988818973124
-0.885843319168026,0.0400418562366331,0.0141830968525634,-0.29166014704923,-1.14339400917763,1.37666157110163,-14.435066106409,-0.30248017195504,-0.362636950361235,-0.0625727465855412,-0.0439130721542931,2.65951129750909
-0.886071131898677,0.0407332032856962,0.014816563586824,-0.291416264208782,-1.14299053259824,1.37577167481337,-14.1226414184777,-1.17234119974114,-0.561542334329374,-0.066874051943715,-0.0396855487078767,2.58084689144808
-0.886208503557603,0.0413110943646036,0.015309959462894,-0.29122762232288,-1.14272647491383,1.37499020934613,-14.0902808142528,-1.44151747118076,-0.390119275274458,-0.0616292271942021,-0.0409552183849815,2.54385592556665
-0.886266051946348,0.0417657889428957,0.0156420559789698,-0.291102717816692,-1.14261034818231,1.37431987561321,-13.9846818954261,-0.275061957838261,-0.182135710645753,-0.0473483777319244,-0.0473636774131214,2.62016160526857
-0.886266112623936,0.0420971144127051,0.0158061177052238,-0.291045775307933,-1.14263437938347,1.37375437498353,-15.2272998352396,-1.07888533489904,-0.324479062047942,-0.0564430726297274,-0.0447791433657971,2.63636439757117
-0.886244343491201,0.0423286567497252,0.0158183017583791,-0.291046239713925,-1.14277376117214,1.37327840629131,-15.383402653888,-1.20986347174357,-0.424909370602876,-0.065486760449684,-0.0458232705034471,2.73057949348745
-0.886237193213737,0.0424797865100688,0.0156967749032342,-0.291097508988712,-1.14299977816745,1.37287679170667,-14.9990586167483,-0.338102257249602,-0.326360706376846,-0.0542206419077003,-0.0436557897019341,2.82183124826021
-0.886290235098268,0.042586995364899,0.0154783134485219,-0.291182573178598,-1.14326938144618,1.37252658174758,-16.4715137230837,0.452211628610257,-0.330230204065231,-0.0602816847221121,-0.0397339390042267,2.7527406843842
-0.886449527696533,0.04269073561189,0.015206188965402,-0.291282713460246,-1.14353516492903,1.37220357931051,-14.0539039210279,-1.49039337505678,-0.426510702601547,-0.0633282995846343,-0.0437035041011998,2.74303437329073
-0.886752185655921,0.042828811799458,0.0149199192866516,-0.291379124411954,-1.14375918603982,1.37189008405467,-15.7047109717105,0.0132843352118925,-0.246776845373233,-0.0494355642939919,-0.0463792797976171,2.64596874915853
-0.887224836425422,0.0430407499437395,0.0146594034684642,-0.291451040207459,-1.143907877911,1.37156877076983,-14.2563018226514,0.835968919911011,-0.344529538695099,-0.0419626667202415,-0.0465241716143388,2.65296908735212
-0.887881430553653,0.0433557926131458,0.0144531662922212,-0.291483435993295,-1.1439651407622,1.37123436661474,-14.6223441676814,-1.01819717242779,-0.269536862274549,-0.0514637535898097,-0.0483536804661896,2.62646134807135
-0.888713808613883,0.0437970575435935,0.0143205259676131,-0.291464431481531,-1.14393079922193,1.37088619808477,-15.0829871141677,-1.43908859628732,-0.369124736649411,-0.0641500835870659,-0.0438095879791697,2.65040839416543
-0.889698420892567,0.0443584922122886,0.0142552305789152,-0.291399741446508,-1.14382441170174,1.37053611687734,-15.2932125931521,0.174955739481447,-0.507912823802371,-0.0658486190459926,-0.047704081358959,2.75404218750268
-0.890796944589215,0.0450351056506841,0.0142468892278591,-0.291293463478242,-1.14367662498906,1.37019774960603,-15.4735077040172,-1.25670329876675,-0.532674048943704,-0.0747666486160332,-0.0508462922612056,2.79227966635877
-0.891971275895287,0.0458203938658244,0.0142836629424317,-0.291148918281218,-1.1435184251488,1.36988623232519,-16.2617921380928,-0.907457498038411,-0.630815569461788,-0.0716245746447317,-0.0515968811894683,2.81261222556813
-0.893165405076371,0.0466729904126835,0.0143246398729946,-0.290990563884348,-1.14339974450096,1.36962500301436,-14.8917965318644,-0.60186584441135,-0.338364193454282,-0.0628313622406029,-0.0516153823460437,2.84658261392079
-0.894332294803497,0.0475694344860633,0.0143449803827143,-0.290830349731331,-1.14335781719757,1.36942850347061,-16.3910212638557,-0.990562109863049,-0.316261446575027,-0.0548923315307177,-0.0459235906338612,2.76198232385104
-0.89543058903609,0.0484872972116417,0.0143238724946537,-0.290677887909713,-1.14342109964686,1.36930548984787,-14.4938676817309,-0.603916800420848,-0.252414259137566,-0.0429158554211209,-0.0418331033955472,2.76879404640497
-0.896430206705135,0.0494111631304968,0.0142498847257435,-0.290536637137385,-1.1436076300964,1.3692581118898,-15.6919813191117,-0.102649071741325,-0.269779643858215,-0.0479776330977502,-0.0349328704181969,2.70236214385956
-0.89731756624882,0.0503407524638604,0.0141280914904784,-0.290399580302998,-1.14391588471274,1.36927703353312,-15.5589367626671,-0.862991663775801,-0.18217735425489,-0.0491644724960723,-0.036828895610783,2.75925057030371
-0.898092104683029,0.0512885677768926,0.0139785546994133,-0.290249606840165,-1.14433244111855,1.36934686612611,-15.0905931130266,0.339468328510748,-0.133904878076464,-0.0472312866789615,-0.0475290513835596,2.86443730218896
-0.898769150603862,0.0522745171046726,0.0138320131049663,-0.290066769229131,-1.14482568565632,1.36943919907891,-17.0160586028759,-0.176921427780599,-0.439319469947776,-0.0619340481432658,-0.0530598437849374,2.82223484838139
-0.899378441840056,0.0533241779137166,0.0137287455886501,-0.289828017165472,-1.14535198194104,1.36952196431726,-14.7986608260364,-0.903930345991739,-0.590987755206072,-0.0749487647381697,-0.0565718182493933,2.88453577772914
-0.899951270490801,0.0544591740085485,0.0137065444004507,-0.289513504051455,-1.14587018652467,1.36956617008371,-16.8116661783728,0.358360802085372,-0.539017065930295,-0.071723432285252,-0.057314620411636,2.82813025728028
-0.900520946862431,0.0556931790554946,0.0137983357215761,-0.289111907615928,-1.14633957097816,1.36954249232446,-15.9919072774595,0.0542391177434638,-0.373959582153987,-0.073988295488872,-0.0563399915226514,2.84484996142641
-0.901118361482873,0.0570352084359582,0.0140327941782508,-0.288616840958266,-1.14672464914128,1.36942527113128,-15.4607930278587,-0.677717391263741,-0.578238512639246,-0.076261925054006,-0.0517773809400931,2.82889109069517
-0.90176597870273,0.0584640454569954,0.0144140436528051,-0.288045212578593,-1.14700150205822,1.36919806877256,-16.1051137490157,0.317119151133511,-0.585493252084319,-0.0711527367625577,-0.0503494665808834,2.78845721487365
-0.902476025586121,0.0599326858317006,0.014923213323601,-0.287431432473983,-1.14716688777562,1.36886199209781,-14.9789848256127,-0.0417526174230716,-0.328317902137428,-0.0584819682405255,-0.0468300112769298,2.8087791724867
-0.903250245838413,0.0613926478776179,0.0155361655212913,-0.286813043559926,-1.14722483350315,1.36841998643347,-15.8478184377414,-1.28443225048636,-0.273505706065009,-0.0613648249293504,-0.0399770430013702,2.74800098625613
-0.904075502111457,0.0627625861386854,0.0161975604224491,-0.286247445431208,-1.14720594766563,1.36790016074012,-15.5603693217298,-1.04754508221345,-0.442753366423659,-0.0578827885185373,-0.0408656651652196,2.797888076332
-0.904923713594758,0.0639494235264664,0.0168389417291572,-0.28579866947894,-1.14715298667302,1.3673361417262,-15.735830058053,-0.249003644461482,-0.27698553954653,-0.0513994240626179,-0.0490527737874181,2.86585825849451
-0.905770947808154,0.0648735089804164,0.0173987418789285,-0.28552085884643,-1.14710441421979,1.36676250450513,-16.9121553317873,-0.523286444134101,-0.469097042046542,-0.0636101375198042,-0.0492396400398508,2.87246933618186
-0.906579594771798,0.0654500441008796,0.017806211914503,-0.285468755570914,-1.14711008416551,1.36622008657377,-15.3356484839052,-0.893832048339846,-0.50585700224201,-0.06823420225937,-0.0514735914590839,2.92815132552435
-0.907311680150024,0.0656128121601203,0.0180007657287657,-0.285680726317321,-1.14721996641229,1.36575231143184,-16.5996409011697,-0.168484019903417,-0.326675887873535,-0.0679719149032043,-0.0493028131512935,2.8582167921831
-0.907940963886127,0.0653355209030648,0.0179522343510905,-0.286169345422843,-1.14745800061151,1.36537915627693,-15.8084610367618,-0.879363605102071,-0.466158503154361,-0.0593461360305518,-0.0446293471452149,2.84856042593177
-0.908447948105522,0.0646245704283963,0.0176534654107103,-0.286923517357419,-1.14783880567869,1.36511497132994,-15.5068577502048,-0.911298364325603,-0.475613974936664,-0.0562907475731995,-0.0484576327668998,2.83523368548353
-0.908818785957685,0.0635112836630425,0.0171160199039775,-0.287916174376278,-1.14836249425098,1.36495886849275,-16.2041040557221,-0.237762271292695,-0.30735435820776,-0.0530414383816451,-0.0520071459192611,2.82117872297776
-0.909056512756711,0.0620679343217851,0.0163845126789393,-0.289094360234123,-1.14900553133806,1.36489089430711,-15.5804992068054,-0.038488142207143,-0.333079573640077,-0.054644380263607,-0.0582975501340016,2.87721486740728
-0.90917614582151,0.0603922118127276,0.01552486638919,-0.290390376241358,-1.14973083053675,1.36488076438463,-16.0149296370197,-0.83344089133675,-0.487985435186289,-0.0699316053664067,-0.0525334789239515,2.87382382299004
-0.909206377154117,0.0586060459570179,0.0146234497451112,-0.291723033074765,-1.15048542321482,1.36488344355682,-16.8209504815475,0.273314039376146,-0.447234020583522,-0.0741970566625034,-0.0516103437736919,2.91556345421879
-0.909176005611911,0.056829367277123,0.0137663287043071,-0.293015115030898,-1.15121940273798,1.36485570628068,-15.7878030151317,-0.704317906927372,-0.427678731944297,-0.0713601734867866,-0.0508502082741711,2.97429621722639
-0.909126413560364,0.0551818481873969,0.0130429389779159,-0.294193966469778,-1.15187612476139,1.36475055341716,-17.8539870699856,-0.777849836651512,-0.452131124737349,-0.0663933914912938,-0.0457108512231522,2.93067775805873
-0.909101491453393,0.0537724840994409,0.0125359114111763,-0.295195363088765,-1.15240225192739,1.36452365679947,-15.2893228710329,0.0913911876057227,-0.24062141902445,-0.0585813746884627,-0.0547933170362064,3.0108999775496
-0.909132493686214,0.0526709076426188,0.0122975925266398,-0.295981860647335,-1.15276922939987,1.36415204695729,-17.2245555516774,0.5536737085406,-0.365765729389437,-0.0596587024466277,-0.0520941720271371,2.91104210205671
-0.909254576469335,0.0519274446080189,0.0123667631477997,-0.296530799635094,-1.15295186655001,1.363619156062,-15.7395128587201,-1.03121883752806,-0.356573898531707,-0.0615680786288957,-0.0438292437111839,2.8965477287629
-0.909492473051431,0.0515659201038323,0.0127605476448747,-0.296835527792917,-1.15294112701756,1.36292107979125,-16.0191102432757,0.0316767798476576,-0.23054775406311,-0.060585078327076,-0.040567721567907,2.8742690021896
-0.909860337214121,0.0515638100076181,0.01346004495971,-0.296918304531068,-1.15275237499752,1.36207792645349,-16.4354589608466,-0.20763487297063,-0.386938825715902,-0.0648993358515368,-0.0417260994303201,2.86547703014754
-0.910360989521931,0.0518746359854401,0.014425294500261,-0.296815277983103,-1.15241270259391,1.36111747654332,-15.8072154036826,-0.961607289583299,-0.457741447035403,-0.0606450125645397,-0.0489308333715415,2.92885106575294
-0.910991037900651,0.0524373039196195,0.0156030491171864,-0.29657061818252,-1.15195377878731,1.36007283827078,-16.8856614849601,-1.04891249709249,-0.538288518981886,-0.0665091369813964,-0.0538595866036977,2.93947178214448
-0.911740553828083,0.0531926322557457,0.0169383660281888,-0.296225412963599,-1.15140928470728,1.35897610829076,-16.8484052355002,-0.25906365087917,-0.368561500367349,-0.0704241113110027,-0.0616228555980904,2.99142069679707
-0.912594504057088,0.0540596634165897,0.0183578873084809,-0.295834022901952,-1.15081615834639,1.35786120626986,-16.226893985342,-0.620861745745287,-0.445838811439955,-0.0714483406679816,-0.0561587246690138,3.0103148242912
-0.913531308170039,0.0549575879511695,0.0197867248959658,-0.295449031953815,-1.15021138816247,1.35675959688718,-17.4715469346474,-0.988834416426471,-0.675528682894196,-0.0735508131289078,-0.0490624588494556,2.94623127552727
-0.914532826074086,0.0558315948563015,0.0211679363876589,-0.295106105679725,-1.14961716657114,1.3556870823613,-15.6910861826416,-0.666505143360837,-0.482110603915345,-0.0667569538218489,-0.0482084291446849,2.98435047412773
-0.915581449190793,0.0566398009512445,0.0224543247716835,-0.294832714539611,-1.14904947027478,1.35465102255095,-16.7322252678644,-0.457844355922134,-0.348345617858769,-0.0641575647666097,-0.0473959191095109,2.93060614132776
-0.916657475505044,0.0573519049089208,0.0236080065276603,-0.294648378638249,-1.14852031485923,1.35365356736868,-16.2720974884471,-0.748467466811007,-0.324664536552746,-0.0576602782635232,-0.050261068389059,2.94765907311763
-0.91774233200381,0.0579571471940836,0.0246061947455292,-0.29456008950596,-1.14803613683477,1.35268890005998,-16.0836326976627,-1.02174400861986,-0.30367819109307,-0.053994053436182,-0.0556610088328292,2.98484801006044
-0.918821327672559,0.0584566773404003,0.0254375761193582,-0.29456761384189,-1.14759752300897,1.35174613173377,-17.4072898493968,-0.282822078662775,-0.266439835996124,-0.0650856552410279,-0.0540443188382019,2.99094960446499
-0.919875359254699,0.0588653848899119,0.0261043828525882,-0.294660984784558,-1.14720800439742,1.35081573039952,-16.5910666852062,-0.160935888165113,-0.514433495037878,-0.0686746205697606,-0.0541826676487591,3.06486869432938
-0.920892670033808,0.0592037256147249,0.0266170529441556,-0.29482645832729,-1.14687074308928,1.3498932922479,-17.3829137215521,-0.770365075909922,-0.503700559819123,-0.0707967711111208,-0.0479938811758414,3.04903042279792
-0.921856494290087,0.059493926616569,0.0269907929043016,-0.295047143109574,-1.1465921646123,1.34897577368702,-17.4665386378754,-0.344319162313923,-0.443240336109938,-0.0692472056090412,-0.0500098280271322,3.06406925669776
-0.922761576964805,0.0597583032342888,0.0272464553842853,-0.295306984576198,-1.14637242327771,1.34806144862477,-16.2497073931931,-0.227137354664364,-0.31135616490181,-0.0638370181613706,-0.0503473924221436,3.06521010659892
-0.923597338598646,0.0600173615656523,0.0274068585575507,-0.295588045441992,-1.1462215157286,1.34715948294598,-17.844234607167,-0.711843437107291,-0.331167456597257,-0.0630274259723045,-0.0496258823668734,2.97947504800266
-0.924358317378282,0.0602891542948001,0.0274971410037941,-0.295873783417953,-1.14614655523073,1.3462800534445,-15.7541366815987,-0.466846043532541,-0.237112384049226,-0.055757171779887,-0.0515774236976689,3.04054923632671
-0.925040046277411,0.0605674166243624,0.0275267743985059,-0.296163726049095,-1.14615757058109,1.34543864511721,-17.582447619247,-0.144144370979348,-0.302837211610779,-0.0574689387913456,-0.0519617867842181,2.9945386224408
-0.925658719682827,0.0608688103307209,0.027526486923988,-0.296440986815459,-1.14624619991553,1.34464331021046,-16.679159781447,-0.538746292572114,-0.548479573176024,-0.0673285107313979,-0.0513598177938115,3.04649588103631
-0.926229259820537,0.0611903268697853,0.0275132804212583,-0.296701676982428,-1.14640699643966,1.34390438369074,-16.6461382712593,0.533374534542645,-0.535408196366234,-0.0689356730066488,-0.0518579917038063,3.0805919945216
-0.926774068961996,0.0615352189646483,0.0275084666418932,-0.296938223661581,-1.14662707506977,1.34322575119607,-17.8835538648111,0.970032838549741,-0.494794355342805,-0.0710807932057715,-0.0512407085880909,3.05122447472133
-0.927324742921195,0.0619099302146733,0.0275347630008469,-0.297141751134716,-1.14688352200761,1.34260589750427,-16.3744238058125,-0.37749770366986,-0.56985631218933,-0.073433610092259,-0.0524139546886476,3.0888474877532
-0.927913887815901,0.0623156974128625,0.0276088368041005,-0.297306985581529,-1.14715382475399,1.3420394959755,-17.5377558787959,-0.628921965528207,-0.478669379161204,-0.0702292679775818,-0.0550011843703686,3.0387034256577
-0.928572847202794,0.0627552541404732,0.0277438549890512,-0.297428596725191,-1.14741610855016,1.3415188990201,-16.6609646220368,-0.701046899924677,-0.405183399819691,-0.0668261598934068,-0.0575624643522781,3.06125741206494
-0.929341065022431,0.0632512880515002,0.0279655694338357,-0.297488824339401,-1.14763514058472,1.3410242263367,-16.672466393236,-1.51312841081108,-0.478713737642465,-0.069316290308985,-0.0530460835623113,3.0411281390207
-0.930240646360648,0.0637999670302891,0.0282746100431261,-0.297488571006048,-1.14779356622954,1.34054207520647,-17.1819451091461,-1.08971507994534,-0.587896847927141,-0.0779761181989937,-0.0466759752881384,3.02681244409532
-0.931284645227406,0.0643994774465897,0.0286687576350138,-0.297427539918058,-1.14787984250556,1.34006008571526,-16.8238773528718,-0.520430515681255,-0.565705016802582,-0.0681798273565946,-0.0482885746354033,3.10591441857998
-0.932478353043089,0.0650561445957001,0.0291486820996947,-0.29730071725679,-1.14788143780154,1.33956017988154,-17.542914885618,-0.492910831122117,-0.439332936445709,-0.0708478921775177,-0.0512341429891307,3.09900750845079
-0.933807419545983,0.0657560539820699,0.0296957982696144,-0.297117127463854,-1.14780270343453,1.3390325230175,-17.9357340236883,-0.88752583160408,-0.451964962351809,-0.0751341761319613,-0.0537292003735291,3.13809532046245
-0.935245615374601,0.0664813401989255,0.0302880653372051,-0.296890142149165,-1.14765138014238,1.33846555616391,-17.0552808488972,-1.39385225688716,-0.511892234996111,-0.0645707511706757,-0.0574106255779646,3.1980544294457
-0.93675988796083,0.0672170636496681,0.0309046309992207,-0.296632586478751,-1.14743579875474,1.337846852892,-18.3250830449913,-0.0492723974780347,-0.393062510181409,-0.0618504033089429,-0.0509538179382521,3.12447294021208
-0.938302539394264,0.0679229939867696,0.0315058936483448,-0.29637293736842,-1.14718061394494,1.33717796909534,-16.83826351428,-0.661083763566239,-0.364632776797833,-0.0623515401174837,-0.046571459440983,3.11153220463227
-0.93982767487249,0.0685771763330507,0.0320693933356493,-0.296130896784262,-1.14689809142963,1.33644934941053,-17.0942700880721,-0.465204547645044,-0.419704390436777,-0.0648414718308876,-0.0474692107702415,3.07367414899249
-0.941282356497601,0.0691524756090356,0.0325683252303777,-0.295928985324894,-1.14661024665749,1.33566241735919,-17.3679771550987,0.358891271844413,-0.415131235140308,-0.0578629608782868,-0.053912511207592,3.10054118141398
-0.942608366903702,0.0696062388349592,0.0329655431652003,-0.295800075409732,-1.14634748586487,1.334825467105,-16.803543607512,-1.63786514668823,-0.465595191601693,-0.0624436104911874,-0.0578588997895824,3.1402638799395
-0.943767000953906,0.0699242015232304,0.0332486044557572,-0.295758875246667,-1.14612684505465,1.33394323621154,-18.4671209531562,-2.06671667017031,-0.578302733293185,-0.078819597233839,-0.0554623403624349,3.13947467210079
-0.944723598389688,0.0700919394950752,0.0334055319065227,-0.295819663046498,-1.14596738932713,1.33302646549127,-17.3923705555543,-0.0104227685060323,-0.490882640204603,-0.0748976191797266,-0.0602218276944851,3.27306222162474
-0.945452224599988,0.0701006259788945,0.0334277441527826,-0.295990325140046,-1.14589566521504,1.33209834195824,-18.6823324031197,0.542163263627344,-0.680440312489708,-0.0778202898059193,-0.0603235486494048,3.25083964019824
-0.945944194749122,0.0699617068067457,0.0333227032029892,-0.296266578331029,-1.14592339171329,1.3311713616966,-18.5794332636003,-0.932482240764557,-0.757009665714207,-0.0874134018599646,-0.0526039772597512,3.24584766619395
-0.946213236711936,0.0697043499573846,0.0331115281759862,-0.296630395067011,-1.14605456187334,1.33026010039452,-17.2119400976246,0.389605324216973,-0.402345916505425,-0.0695401594371212,-0.0571004940614489,3.27219451149909
-0.946275828671037,0.069355960589208,0.0328105515147756,-0.297062531499489,-1.14629887682056,1.32938386077602,-19.4451868941007,0.246028010377586,-0.335693050829121,-0.0567374676935288,-0.0511063137547699,3.15734954490518
-0.946169644104043,0.0689633257706168,0.0324512296802131,-0.297531269594417,-1.14664916938916,1.32855230353868,-16.0088578586797,-1.60818399113964,-0.363334357260641,-0.0601657745732087,-0.0488622111732137,3.18817209377486
-0.945946580037694,0.0685823847625811,0.0320722066911363,-0.29799819171158,-1.1470870552093,1.32776971889935,-18.8304586930446,1.05553031758291,-0.235538996848447,-0.0594357441706199,-0.0484628126006419,3.11559570096702
-0.945665545475817,0.0682585108695148,0.0317028057191355,-0.298430517440817,-1.14759366220619,1.32704150530812,-16.6825791179142,-0.0901137371263303,-0.448609948471642,-0.0589847426929579,-0.0509979944200258,3.16085906240164
-0.945381752202263,0.0680356419190566,0.0313716630756478,-0.298797903868044,-1.14814197214584,1.32636160702995,-17.9856462005503,-1.86946060252649,-0.69423920155586,-0.0724436783927511,-0.0503705519099824,3.11215012930467
-0.945163963633133,0.067962774430498,0.0311142733441505,-0.29906867028413,-1.14869033637212,1.32571690368779,-17.3495924797234,-1.5089448625838,-0.652944891199382,-0.0812852303443283,-0.0541289457737277,3.17066595275149
-0.945075828458597,0.068079539518644,0.0309608929308736,-0.299218150972575,-1.1491934160816,1.32508744704893,-18.2270992209755,0.365517722243567,-0.673866475563358,-0.0744090034286287,-0.066371242191015,3.23597097743015
-0.945169231496421,0.0684140605874513,0.0309334967343193,-0.299229156344689,-1.14961191900791,1.32445544740423,-17.7740972036256,-1.54628941180158,-0.9444717971503,-0.0842268247584999,-0.0649528519015941,3.22644213725985
-0.945486179060901,0.0689805260822416,0.0310466942531604,-0.299096316131806,-1.14990889192197,1.3238023385684,-18.6274929820038,-0.963406818510066,-0.663510640504967,-0.0824218202889764,-0.0601427725173049,3.24250721316044
-0.946048473733797,0.0697901843061759,0.0313138623356204,-0.298816019837187,-1.15005445084536,1.32310715648105,-17.4094127504933,-0.118016112926171,-0.551924435060215,-0.0745149290421172,-0.0571562622536538,3.2788913007639
-0.946864576537788,0.0708364705002404,0.0317364699574156,-0.298395926922721,-1.1500335570378,1.32236040302059,-19.015530338205,-1.05030010899031,-0.56869842361607,-0.0742560434457058,-0.045801087576549,3.16937887422357
-0.947912573614116,0.0720857373033095,0.0322951662936684,-0.297860824997611,-1.14985722958093,1.32156250897931,-16.8409025997656,-1.0524771676719,-0.35486741439388,-0.0638283460675568,-0.0455480029841455,3.21682224943288
-0.949158538831846,0.0735006652483836,0.0329679082717702,-0.297236223868389,-1.149545230428,1.32071752541268,-18.4652139112418,0.661434048270166,-0.0798946732320189,-0.0545554576550464,-0.0487879077938913,3.20540176162925
-0.950547562225312,0.075030751081421,0.0337210406961046,-0.296554251532853,-1.14914004066205,1.31984226538933,-17.814882738545,0.0819140898499882,-0.226499452690405,-0.0541887604618352,-0.0504327162899489,3.22480684364487
-0.952014765188155,0.0766133036099648,0.034511327658711,-0.295854389804187,-1.14869256919715,1.31895587771095,-17.777623720476,-1.8179944012029,-0.363014975952012,-0.065106070758866,-0.0504420865959564,3.23700460336146
-0.953479592441276,0.078160443699189,0.0352754083103906,-0.295190222604219,-1.1482738452423,1.31808933388694,-18.7378363132996,0.260571822757811,-0.410423214943734,-0.0692758749656925,-0.0605023530007804,3.27224464383527
-0.954866320965876,0.0795827096959778,0.0359478224196688,-0.294614569487429,-1.14795078954142,1.31727101008858,-18.412531211579,0.615618689687835,-0.631370640395971,-0.0790111920848506,-0.064130310412067,3.36129300087133
-0.956098635627491,0.0807862486349764,0.0364582215069653,-0.294181360494876,-1.14779578662473,1.31653306084979,-18.7064702131312,-1.53665390415222,-0.742095414117557,-0.0889663073575604,-0.0551459201255851,3.32589616986585
-0.957112025421849,0.0816793633871438,0.0367394040129017,-0.293943351319165,-1.14787005238288,1.31590436275252,-19.0671333663165,-0.756525613803205,-0.618886547088323,-0.0835151367288658,-0.0593057429941552,3.32087667293798
-0.95785377281644,0.0821823134244513,0.0367320841931646,-0.29394503572301,-1.14822178355876,1.31540523687569,-17.6304722673684,0.00380312788092851,-0.509772893570954,-0.0724718092365557,-0.0623350477260969,3.33907662090374
-0.958293063138738,0.0822274359148887,0.0363873908198846,-0.294223827571072,-1.14888101947751,1.31505089927363,-19.2386376124761,-0.856161715460757,-0.612511962995825,-0.0753320162638804,-0.0554248600571945,3.22383032013526
-0.958421149008939,0.0817794111435237,0.0356829522075177,-0.29479731587929,-1.14985365901003,1.31484377751527,-16.970742544817,-1.21019960917943,-0.390834264884433,-0.0670006803044076,-0.0546353130141776,3.29696857662585
-0.958251380569186,0.0808270501330339,0.0346164417380961,-0.295669055669754,-1.15112430161282,1.31477884888006,-19.1169028590739,0.766888456455263,-0.39223509161252,-0.0677787956326048,-0.0543961811072852,3.27786259072533
-0.957807797253216,0.0793908237367331,0.0332104420180515,-0.296823723927842,-1.15266229298827,1.31484190655315,-17.9720223260149,-0.611920928118479,-0.465408801603786,-0.0767711732041536,-0.0508578120977716,3.30308464790615
-0.957145627482216,0.0775330959227851,0.0315228446384881,-0.298223229152302,-1.15440351692041,1.31500042685718,-18.1805110318519,-1.58230108405587,-0.528698905046241,-0.0749188198791253,-0.0536683154965265,3.3072925617593
-0.956328165847818,0.0753460676246958,0.0296338065327759,-0.299808873929701,-1.15627794201478,1.31522245945981,-19.1293694426773,0.262794509833384,-0.700792025966393,-0.073467539974013,-0.0569631794528486,3.30637229933096
-0.955429058342496,0.07296024279524,0.0276530531365615,-0.301499307891076,-1.15820224493505,1.31546546366776,-17.9265369852289,-0.274147283015054,-0.601814918772249,-0.0771244669783764,-0.0624666007271592,3.35751386409723
-0.954523998692566,0.0705077223367372,0.0256907957093511,-0.303213935182391,-1.16009153115414,1.31568712811966,-19.0646749579424,-1.08140867274915,-0.618032731252583,-0.0781816897386589,-0.0595049221814036,3.30004132782321
-0.953693866463221,0.0681361636977096,0.0238692797208298,-0.304863523663819,-1.16185677884221,1.3158413063307,-18.6202737076982,-0.372937021281814,-0.618472622727012,-0.0791287156783484,-0.0621797886963361,3.36019216557816
-0.953016139148465,0.0659827731163549,0.0223023285000892,-0.30636633519306,-1.16341174362621,1.31588091075681,-18.2145829250456,0.203850071979559,-0.510529133085015,-0.0819400906410879,-0.060930546996641,3.38791096094704
-0.95255153879531,0.0641650966291616,0.0210831482110128,-0.307650383948537,-1.16469415864485,1.31577372131891,-19.4778662447987,-0.469803719147421,-0.63769371469408,-0.0850702664465333,-0.0528687338683827,3.31406105273959
-0.952357192410094,0.0627754392720004,0.0202846723013475,-0.308661157970966,-1.16564706003568,1.31549001682557,-17.8020701328417,-1.18922072588452,-0.548189276734007,-0.0764941701660127,-0.053480124677089,3.37074118772518
-0.952472996872273,0.0618655128052943,0.0199453597775081,-0.309369847032327,-1.16623315011289,1.31500884861607,-19.4105246415388,0.361612667241616,-0.365938114903798,-0.0619128842167638,-0.0559288098453916,3.34390413099131
-0.952909203463976,0.0614265205511755,0.0200522614740768,-0.309785282922133,-1.16645029697797,1.31432862678111,-18.3458781369342,-0.0919083337603297,-0.28064271763796,-0.0589532540244364,-0.0559580810511262,3.35503661525475
-0.95366301142693,0.0614286423669919,0.0205717055327639,-0.309927814652895,-1.16630707265484,1.31345260786286,-18.5344834786587,-0.41084120377991,-0.425824818752062,-0.0625356389114122,-0.0555105473161822,3.33347814075467
-0.954712482677671,0.0617955406756057,0.021432143739875,-0.309847413271667,-1.16583739610917,1.31239907756381,-19.2643859260652,0.127803132069403,-0.463318856218166,-0.0721903283494485,-0.058153253017235,3.35003622392407
-0.956011779752747,0.0624154746666425,0.0225317260382423,-0.309614862019342,-1.16510138142674,1.31120291612359,-18.3713603390299,0.199727422295837,-0.52144253929626,-0.0716684446965505,-0.0565202450522753,3.41642514447387
-0.957504739167258,0.0631754702991847,0.0237657569743448,-0.309300824403995,-1.1641681136804,1.3099028106522,-19.4827062999038,-1.29741711630618,-0.735224815062708,-0.0814074513792002,-0.05509984584476,3.36516340486758
-0.959122187005791,0.0639571172529152,0.0250232601142262,-0.308977309862024,-1.1631218150986,1.30854716475535,-18.7695312751407,-1.33194520181405,-0.577433847124098,-0.0830374725927205,-0.0565490641992651,3.40122839344458
-0.960786353896785,0.0646550087260271,0.0262028579802924,-0.30870780485439,-1.16205130949561,1.30718463435371,-18.6630062689284,0.428802028923883,-0.461432603819389,-0.0715279751091571,-0.0632695548564078,3.40879306242137
-0.96242996748433,0.0651947419701671,0.0272299800155158,-0.308536485818904,-1.1610358664446,1.30586121432918,-19.2265661279458,-0.769890538315849,-0.431640583803613,-0.0731632632055099,-0.0613134588932844,3.35147228812068
-0.963991383927981,0.0655193616326066,0.0280466390266332,-0.308495612213996,-1.16014756176306,1.3046197145821,-18.0945474818773,-1.02659371316531,-0.488488427384169,-0.0741825752668452,-0.0620780524572938,3.38734393668669
-0.965426840455111,0.0656136503487348,0.0286312020401356,-0.308592490057433,-1.15943822794308,1.30349233280914,-19.0100344971191,0.383446838283362,-0.434896886601194,-0.0776505190389489,-0.057837074502967,3.36997291887886
-0.96670585420544,0.0655037876166782,0.0289969495722842,-0.308807334736288,-1.15894134253866,1.30250084758831,-19.1113793257541,0.645037906830794,-0.551569713548048,-0.0803502241485061,-0.0540564465428776,3.38283468351448
-0.967816400835411,0.0652326505082712,0.0291735269647413,-0.309111399304123,-1.15867037199294,1.3016570471918,-18.6498577511189,-0.462894602903816,-0.68008000138866,-0.0810498016193022,-0.0526349402234754,3.4164694489411
-0.968765833491239,0.0648628727491518,0.029210000190288,-0.309466157048446,-1.15861503011891,1.30095695156425,-19.771371192285,-0.359167438881286,-0.494388457144964,-0.0813108619838698,-0.0576156865956315,3.42022122102581
-0.969582210884721,0.0644702174147032,0.0291687271713699,-0.309826464220482,-1.15874086121333,1.30038425052521,-18.8821046835504,0.355336387940042,-0.439111510646541,-0.0739409215921722,-0.0621470409282113,3.48474254754025
-0.97030148099093,0.0641266661450777,0.0291093033824306,-0.310149596416108,-1.15900738392529,1.29992221745621,-19.6979389699153,-0.411657186213688,-0.4658101470215,-0.0788749172546157,-0.0599664745030056,3.44658022593311
-0.970955975633678,0.0638822930128047,0.029073129542343,-0.310408422931152,-1.15937165183482,1.29954896647195,-19.5227182418064,-0.388312827928075,-0.559478822291567,-0.0791050022479016,-0.0649171135502115,3.48021705059203
-0.97158917529041,0.063781596083941,0.0290984756814296,-0.31058158604687,-1.15977464504423,1.29922913431411,-19.0026817707854,-0.645271749939184,-0.602173198658846,-0.0813340230423023,-0.0590953726748901,3.49683500625566
-0.972231410433982,0.0638345724931844,0.0291942557954608,-0.310668415118573,-1.16017265409559,1.29893694369257,-20.1308148733695,-1.72713141618192,-0.609864440933478,-0.088174989664346,-0.0529111657633263,3.42871529360942
-0.972901846288671,0.064035630838112,0.0293544453129329,-0.31067839899222,-1.16052955606276,1.29864609567168,-18.6096912461055,-0.923130234480823,-0.441553310833768,-0.0782325610428294,-0.0587173016975169,3.5051918897002
-0.973608128084381,0.0643535570843587,0.0295523873607506,-0.310637135828991,-1.16081896617007,1.29833173964978,-19.8132100124929,0.964871657490903,-0.307912773838893,-0.0712269456859915,-0.0632980532464966,3.48635068044051
-0.974348920700122,0.064746133626433,0.0297515664159114,-0.31057381508451,-1.16103287766715,1.29798326076297,-19.2872053255236,-0.793305753321874,-0.440155242682181,-0.0750254309166403,-0.0586272679161426,3.47384919776203
-0.975099892875607,0.0651464295714606,0.0298960225178238,-0.31053274078999,-1.16118303480113,1.29759561936407,-18.8434141344666,-0.99628735483634,-0.479991768676399,-0.074425034175321,-0.0598110614751708,3.48425012181527
-0.975838974953405,0.0654971858809841,0.0299397830959787,-0.310550409556818,-1.16128411080558,1.29716792278036,-20.333513709404,-0.487174257115385,-0.406950127238957,-0.0749852986116277,-0.0602317094612673,3.47430180547863
-0.976540142198199,0.0657456078738274,0.029843086918514,-0.310657661938268,-1.16136282003948,1.29670876512434,-18.7189558555187,-0.643791220392131,-0.463900064993481,-0.0787497074772139,-0.0582135766298454,3.5472590128391
-0.977177640436184,0.0658598076532462,0.0295846749062911,-0.310870479618369,-1.16144502280124,1.29622541185099,-20.4132756482388,-0.662327529068989,-0.628330699708016,-0.0817545316324408,-0.0580835152990937,3.4952031405528
-0.977732025503288,0.0658104086079554,0.0291508734213644,-0.31120245038039,-1.1615598284817,1.2957339637162,-19.4703711110758,-0.443581666178716,-0.49171674532991,-0.0823129586180222,-0.0607199858832592,3.53599251159019
-0.978186583642245,0.0655839144498502,0.028543156242427,-0.311655765645298,-1.16173423444572,1.29525055719908,-19.13080216662,-0.338998984147565,-0.486997573491351,-0.0751201777174568,-0.060630742352802,3.52772553824966
-0.978538726047399,0.065187435890131,0.0277820647538081,-0.312220453581707,-1.16198461209678,1.29479053817162,-20.2666400926407,-1.19230385916921,-0.666891435552685,-0.0738218456078119,-0.0571153987544948,3.45900751102112
-0.97879382079423,0.0646314680385203,0.0268926351767489,-0.312883550079909,-1.16232326327323,1.29437168422677,-18.559490321565,-0.988059363696721,-0.481602399611972,-0.0738325782362943,-0.0607736478785969,3.51605254446624
-0.978968828025558,0.0639468770551117,0.0259150491779505,-0.313619550372143,-1.16275025635547,1.2940064133627,-20.1896807043344,0.979851790368002,-0.538003477948479,-0.0764131799389545,-0.0606316816147879,3.48336313014486
-0.979087201694317,0.0631668651884141,0.024890390086564,-0.314404511075113,-1.16325522730762,1.29370048495651,-19.2662971929112,-0.34657483847127,-0.531699702858049,-0.0851352398722245,-0.057811158927506,3.51439218549097
-0.979176859437798,0.062324024493642,0.0238560002234687,-0.31521659444224,-1.16381994792423,1.29345470440661,-19.7352054959393,-1.01184233622007,-0.675098274074685,-0.0876031839704465,-0.0590782368145533,3.50919372140399
-0.979265385655824,0.0614507788257157,0.0228442784607721,-0.316034643706769,-1.16442607165666,1.29327001972933,-20.1033901977667,-0.510537640242546,-0.677046548989978,-0.086863346362529,-0.0609553403191885,3.52514510678208
-0.979376883129904,0.0605706483142283,0.0218753674601349,-0.316845471395136,-1.16504813745771,1.29313572637092,-19.4786245584045,-0.460697427130071,-0.559417401080367,-0.078742716949836,-0.0659607473593602,3.57438827664512
-0.979528923439299,0.0596973510205157,0.0209563944283486,-0.317642726779611,-1.16566683535995,1.2930432563241,-20.0985564298984,-1.46161831015775,-0.640643636568086,-0.0789379467942353,-0.0586707378722553,3.55403506173017
-0.979737798252988,0.0588518400274367,0.0200965242136193,-0.318416317811126,-1.16625734347908,1.29297392417764,-19.9142788894304,-0.26864981323547,-0.570834485974501,-0.0748623604109895,-0.0617413163466258,3.55817575678582
-0.980007083480162,0.0580428098579535,0.0192908390058351,-0.319164531424567,-1.1668022182018,1.29290782776389,-19.1103366974401,-0.400377470873309,-0.628112851993592,-0.0798008840192357,-0.0594012114801777,3.55667605904647
-0.980330208234367,0.0572738990987585,0.0185276116007898,-0.319887579538793,-1.16729164229478,1.2928261852869,-20.0828737546391,-0.206584417959903,-0.586317578685879,-0.0821226965941597,-0.0518289964066031,3.51493398021093
-0.980704543168347,0.0565619830671693,0.0178073399444958,-0.32057729227129,-1.16771335360972,1.29270739720193,-19.5194634816328,0.0888440861822346,-0.427830324597579,-0.0720359624835614,-0.0561784844302042,3.56736280144753
-0.981111938733825,0.0559017085632174,0.0171132258277484,-0.321237635370321,-1.16807229826191,1.29254055221598,-19.826430840472,-1.13362814842094,-0.560270697647809,-0.0793225618981062,-0.0632730512410676,3.57364328248101
-0.981531829321522,0.055306168382816,0.016444802117777,-0.321861024352085,-1.16837092044866,1.29230887377753,-20.6937701291315,0.12650630778694,-0.462969197263561,-0.0829904243196484,-0.06277369262692,3.60513218914979
-0.981941624397306,0.0547866601009677,0.0158049217728462,-0.322441183437804,-1.16861806695267,1.29200180014995,-19.361798470768,0.0376768375454049,-0.714052001409783,-0.0764959807643577,-0.0685517161044454,3.68503737651173
-0.982329705610966,0.0543627691415702,0.0152078358959817,-0.322964021967615,-1.16882010826532,1.29161544424724,-21.7234027159587,0.440269521054915,-0.76270244871435,-0.0862032321825996,-0.0666729918944657,3.62237248721036
-0.98267862043485,0.0540491116669708,0.0146671968451089,-0.32341896490413,-1.1689903372615,1.29115060532757,-19.2051879219544,0.00784622282139935,-0.558745686772482,-0.0895765683946204,-0.0650342913986218,3.6907577411463
-0.982987029942322,0.053866516012369,0.0142047544581851,-0.323789438393928,-1.16913696236572,1.29061396192741,-21.1696991186415,0.555683617322302,-0.46196696823398,-0.082545003785,-0.0585226292639437,3.61783407176617
-0.983255527781204,0.0538381854949028,0.0138477186066031,-0.324058937077544,-1.16926767907777,1.29001520035812,-19.7481744813861,-0.230753117685026,-0.383293345213588,-0.0741856723608181,-0.0579914749395367,3.6111165124879
-0.9834925986697,0.0539688066610511,0.0136111991347538,-0.324224237410283,-1.16938656257771,1.28936521925763,-19.7811548786585,-0.667754178534096,-0.511379439661994,-0.072606645778877,-0.059445113361893,3.59204236290753
-0.983713057576169,0.0542665555941673,0.0135118643612591,-0.324277904940105,-1.16949815635928,1.28868024740655,-20.8220325029246,0.206482249296414,-0.340325381733237,-0.076545988414944,-0.0603684339081196,3.57969589297238
-0.983940865662859,0.0547291716878204,0.013558517546522,-0.324219668640355,-1.16960191160952,1.2879776363361,-19.7358270865569,-0.450403122119496,-0.431330009151708,-0.0795019274140736,-0.0635572101974449,3.67613873085654
-0.984208777550203,0.0553548175102883,0.0137584586436033,-0.324049181301253,-1.16968923828713,1.28727204786316,-20.756981820518,-0.339871848386338,-0.639315820004072,-0.0872599337757838,-0.062875097065186,3.66322993857912
-0.98453898564424,0.056110854409269,0.0140918477211081,-0.323787109595782,-1.16976099795042,1.28657950678497,-20.6795114729418,-0.263898486635071,-0.752990553387122,-0.0954205203859058,-0.0625964398355277,3.68024558842927
-0.984948621104601,0.0569608480198305,0.0145311450245567,-0.323454670406973,-1.16982105479651,1.28591787890813,-19.8731254826576,-0.276640184520829,-0.746025717957679,-0.09358397187476,-0.064042857162865,3.68383931274729
-0.985455202290573,0.0578727400342602,0.0150499061962241,-0.323070120943128,-1.16986861528657,1.28529743066275,-21.1065370987137,-0.44022658516451,-0.754739166019704,-0.0887334228112824,-0.0657833967998612,3.64665276279603
-0.986072706608197,0.0588063652983521,0.0156140291272102,-0.322658292655451,-1.16990132937104,1.28472488349852,-19.6018339096834,-0.330581860790062,-0.58994270368413,-0.0794020261202051,-0.0709921620294707,3.697408959542
-0.98680013179327,0.0597226495200571,0.0161876076732081,-0.322242690182428,-1.16992519598793,1.28420626460429,-20.7672377285668,-0.571689093030727,-0.540709807649336,-0.0832022099317764,-0.0659432918382141,3.6462151062381
-0.987618605638823,0.0605634184040209,0.0167181692911262,-0.321858315930811,-1.16996244945504,1.28375429771369,-20.1506688881429,-0.666111362858146,-0.611303148668753,-0.0815374685159069,-0.0622491337565069,3.66220656851499
-0.988511564455533,0.0613145770112196,0.0171861673934317,-0.321513592573499,-1.17002069680012,1.28336386795721,-20.0483769979297,-0.752867887578077,-0.560956448412469,-0.0825149010498722,-0.0579212957441789,3.68091254044623
-0.989450258643139,0.0619521936080281,0.017566031863284,-0.321224634032718,-1.17011827090957,1.28303658446006,-21.3470808892084,-1.30513362814213,-0.741327795260958,-0.0898713761064238,-0.0555699829437526,3.66681973687017
-0.990407186264865,0.0624604162115592,0.0178415492599788,-0.321004175409549,-1.17026543530905,1.28276384871052,-20.3654524021536,-0.436028789006741,-0.647305050449887,-0.0818382645547109,-0.0638627549043534,3.7827079872138
-0.991354799367017,0.0628324623543675,0.0180060616482318,-0.320860773526416,-1.17047154444616,1.28253740541636,-21.6211654219693,-0.00363118335189938,-0.647891537601168,-0.080535225837425,-0.0680184430580331,3.7809966947873
-0.992260624409007,0.0630583182772817,0.0180524835095084,-0.320805403973269,-1.1707502727574,1.28235187407045,-21.1358772492232,-0.689441878944081,-0.620695150172111,-0.0847597308342083,-0.0682903979759365,3.77654527254314
-0.993109460090751,0.0631591433904166,0.0179999403323972,-0.320828865183,-1.17109801357126,1.28219282397095,-20.0709923037059,-1.0396657553481,-0.545438008267979,-0.0853055993786471,-0.063784234574825,3.75888846520328
-0.993890390232751,0.0631538958978588,0.0178694142200637,-0.320924568725804,-1.17150879922588,1.28204731254744,-21.6195445895883,-0.378371548822088,-0.665097501754019,-0.0812082540086898,-0.0594332793909857,3.67781275977358
-0.994599880755291,0.0630604112433595,0.017681768214503,-0.321085816797796,-1.17197066950254,1.28189997678755,-19.7333446836499,-0.74117054523299,-0.580878961251216,-0.0784381052314962,-0.0580024048315392,3.72436874126054
-0.995251189123047,0.0629144587311705,0.0174736093377108,-0.321292824445002,-1.17245819437688,1.28173342273989,-21.2467986729663,-0.973861138260418,-0.630259940896906,-0.0831630052475085,-0.0606456137276065,3.69948100029616
-0.995848050954562,0.062723863877939,0.0172580318248323,-0.321540282900701,-1.1729607285622,1.28154223789635,-20.5531846807655,-0.19130331383235,-0.605680379390321,-0.0801587018906842,-0.0684581853251795,3.76235110041197
-0.996407290512135,0.0625020005544821,0.0170531953466071,-0.321818529756008,-1.17345591338435,1.28131581495165,-20.9448029084384,-0.9658593617321,-0.711906680196563,-0.0846201547383987,-0.0637439803875447,3.76284046145823
-0.996945899486482,0.0622622267747346,0.0168761317174675,-0.322116591057998,-1.17392329746231,1.2810479609116,-21.3270892886509,-1.39435782776923,-0.761940892572994,-0.0992567346885136,-0.0626757816126765,3.75597610537081
-0.997477093851779,0.0620228348832725,0.0167439963478557,-0.322418310241309,-1.1743443449633,1.28073134031186,-21.2014240495888,-0.0356220103601572,-0.724906825413171,-0.0910931428539956,-0.0679617974978854,3.83363648282626
-0.99800743986612,0.0617791667764758,0.0166538996585979,-0.322721172011643,-1.17471229197296,1.28036856996222,-21.1938475564638,-0.488236011917024,-0.625911022611746,-0.0934278324546356,-0.0665839615577242,3.84867349997061
-0.998538109280353,0.0615344888132148,0.0166056690558278,-0.323018311679748,-1.1750244354273,1.27996136533312,-21.866480207182,-0.962477461194339,-0.656471454588569,-0.0915850406419749,-0.0658188864015465,3.8241537311077
-0.999063963564675,0.0612853393768109,0.0165915851378913,-0.323308533895584,-1.17528728612403,1.27951637145264,-20.2842101614322,-0.924931083720139,-0.496288300922856,-0.0893848695914592,-0.0696231008533301,3.83792466720239
-0.999577599131609,0.061035423420706,0.0166074698866652,-0.323588196083633,-1.1755047755374,1.27903526910519,-22.443417975114,-0.705758783640022,-0.672481734013218,-0.0909729452711838,-0.0647091981938057,3.76131666528866
-1.00006202621935,0.060784308469664,0.0166433618441906,-0.323858815526679,-1.1756955938992,1.27852653877016,-20.0514923753333,-0.292389607541281,-0.549739122639693,-0.0846656514405941,-0.0666063873467587,3.87284870630358
-1.00050713237111,0.0605474725070776,0.0167005298995635,-0.324114583483395,-1.1758698349628,1.27799115687847,-22.7123783387864,-0.194408041910265,-0.458361254688612,-0.0832564342789182,-0.0653967337056903,3.83383847285175
-1.0009052129801,0.0603414509830777,0.0167826140923857,-0.324352769431112,-1.17603450041057,1.27742751635059,-21.2331761153115,-0.211154272209569,-0.577198896798279,-0.0916836859669399,-0.0652946705017357,3.89273579666784
-1.00125097053823,0.0601725793676824,0.0168868394313826,-0.324578759191681,-1.17619893864281,1.27683699661567,-21.4749486950381,0.0304894407881875,-0.804299247085623,-0.0919885659214517,-0.0665373203831969,3.88943707314864
-1.00154564052891,0.0600516385773044,0.0170144007039725,-0.324796237507487,-1.17636836670257,1.27621904796828,-21.7262732188955,0.265728251464225,-0.691338127907471,-0.0886314165643296,-0.066541993955462,3.82510596275869
-1.00179905935009,0.059979355859717,0.0171618971450787,-0.325015517442529,-1.17654231598153,1.27557250561452,-20.6436799201082,-0.298450599641683,-0.619125665814295,-0.0834753557908758,-0.0642040442947242,3.79162820023995
-1.00202821609991,0.0599573010723295,0.0173292760115251,-0.325244066151507,-1.17671755142755,1.27489933985468,-20.6702571400701,-1.34533123431993,-0.621788435236311,-0.0855460623075879,-0.0634194371400496,3.75712959302329
-1.0022581047373,0.0599953272434339,0.0175258496322765,-0.325481887028297,-1.1768830767702,1.27419979642984,-21.1836887882024,0.663250640988736,-0.416197184486748,-0.0733704576081089,-0.06580272054171,3.80591409233529
-1.00251164624535,0.0600852765101578,0.0177493488176459,-0.325738327178794,-1.17702806083561,1.27347316623359,-20.5249498764728,-0.733872431881309,-0.517901035944902,-0.0831915535240388,-0.0679104602488262,3.843973440274
-1.00281691075053,0.0602193116378524,0.0179997505253633,-0.326017371290268,-1.177142450506,1.27272632589557,-22.7477491736946,-1.25390724339309,-0.855230627101804,-0.104153900342745,-0.066262602071869,3.84262550532809
-1.0031980051686,0.0603925958757925,0.0182799397544986,-0.326316406076168,-1.17721460261197,1.27196371140287,-20.841784834567,-0.180704092870201,-0.817091560822291,-0.0942253081111217,-0.0710086470391644,4.00669183831483
-1.00367383634187,0.0605974779972778,0.018591030959592,-0.326630162127589,-1.17723765351178,1.27119454169186,-23.732249565548,0.720469067949352,-0.6487975595916,-0.0859030535455747,-0.0668300892237175,3.93412575785724
-1.00425532021767,0.0608256818078177,0.0189330739156099,-0.326951352723883,-1.17720821915571,1.27042762157206,-20.7705052514661,-1.66781391508403,-0.705881323099646,-0.0903618693261339,-0.0621705454814999,3.92701099873119
-1.00494981110593,0.0610836090279765,0.0193165961064032,-0.327261329002463,-1.17712086547892,1.26966793383054,-21.6310787122993,0.286446294095867,-0.554468093928904,-0.0779919324893208,-0.0666289640782576,3.84759139773917
-1.00574641379256,0.0613766279504544,0.0197479659288664,-0.327540209022407,-1.17698111621724,1.2689230783921,-20.9246171460867,0.428562554560131,-0.349753752041437,-0.06678537845288,-0.0643270696538688,3.78645315791789
-1.00663232947916,0.0617163105467986,0.0202381110141256,-0.327765982498159,-1.17679441505949,1.2681974173226,-20.7864607961711,-2.14832700409579,-0.665214358003055,-0.0797132307956998,-0.060322173854622,3.75765012741332
-1.00758636334648,0.0621146453996193,0.0207968260636309,-0.327918504784922,-1.17656726889687,1.26749238279516,-20.7476096547441,-1.80815277868919,-0.637677790683739,-0.0977897690433638,-0.0643564378540235,3.81069902614107
-1.00858401039806,0.0625800493379964,0.021429151700975,-0.32798428169358,-1.1763048494568,1.26680327949035,-22.3421830334908,0.898320579336087,-0.806125401323442,-0.0967162458479622,-0.073928973157003,3.91629586789683
-1.00958276135236,0.0631135692364193,0.0221322487606759,-0.327959001841371,-1.17602644819289,1.26612828360349,-21.5432058019881,-1.47543471416202,-0.852301662166468,-0.107665356750902,-0.0748542613609926,4.01148000864033
-1.01055418457228,0.0637191254736074,0.0229068012034137,-0.327840721122336,-1.17574034369061,1.2654609003667,-23.2065946324544,-1.2374005835029,-0.9731535379359,-0.117315776486041,-0.074833424035742,4.01414873086163
-1.01146458888063,0.0643872301531028,0.0237413813570309,-0.327640650167241,-1.17545887424838,1.26479308302901,-21.941999645018,0.026267400919096,-0.71369820527508,-0.101569474405378,-0.0753771211515304,4.08156755010546
-1.01229157977052,0.0650974137354243,0.0246159825160517,-0.327379453927678,-1.17519336053975,1.26412072258122,-22.7884220938738,-1.20138691778493,-0.733793332187162,-0.0912070060107855,-0.0627984770798503,3.97377713867569
-1.01301849317979,0.0658227123763533,0.025505971211417,-0.327085194102094,-1.1749528565882,1.26343936488434,-21.7528707747131,-1.18570034174923,-0.502179849183278,-0.0815715981629728,-0.0602538913782925,3.93439909356997
-1.01363249509013,0.0665182078405655,0.0263716929930775,-0.326797924276154,-1.17475400256885,1.26275382266356,-21.1273057616934,0.57499890176905,-0.348995601069674,-0.0678658520658497,-0.0622885795263418,3.92829043344098
-1.01413603555502,0.0671465153823343,0.0271799832782438,-0.326552367632307,-1.17460873506079,1.26207235028016,-22.5701881967952,-0.455383605211864,-0.410040094855049,-0.0752218640946851,-0.0591772812281999,3.84428213260743
-1.01454642359198,0.0676799361448088,0.0279057866657448,-0.32637577822315,-1.17451958391254,1.26139934447022,-20.4545599062409,-1.26442821424689,-0.616445841047465,-0.0755698323959924,-0.0601827673287982,3.94859877688672
-1.01489236436224,0.0680953006768314,0.0285283240153151,-0.326289782499887,-1.17448700214133,1.2607472573171,-23.157681840515,1.3932851010577,-0.482535091934466,-0.0779970553496163,-0.0683301814544378,3.9647662263841
-1.01520837533144,0.0683832192206779,0.0290366786140581,-0.326304085025323,-1.1745086991155,1.26012762711567,-22.0003068431844,-1.06888743305763,-0.875828212847466,-0.0934217909767967,-0.0715626769037093,4.0233960756024
-1.01553256696917,0.0685510296004201,0.0294325076618269,-0.326414036732882,-1.1745803334923,1.25955447049323,-22.3319766891807,-1.63091884121013,-0.991347705278912,-0.102826043564543,-0.0765144125448267,4.01656602067942
-1.01590370878066,0.0686242327151891,0.0297329016868055,-0.32660052056965,-1.17469142831345,1.25903667087557,-22.6319519251051,0.0687541808051719,-0.789484942610642,-0.10227480545069,-0.0835589831579541,4.02691463626162
-1.01636489492338,0.0686448396075985,0.0299692069270516,-0.326832051467731,-1.17482039818565,1.25857552226254,-22.1216610099944,-0.656178490590719,-0.74702778903665,-0.100601541095074,-0.077164047909138,4.01005455455071
-1.01694398204826,0.068658016904692,0.0301753285588826,-0.327074071700643,-1.17494845762638,1.25816893960581,-21.6913215436679,-2.7909287169889,-0.759722534725682,-0.101777386109526,-0.059233105164694,3.94196750956313
-1.01764831657109,0.0686934591633097,0.0303742829661477,-0.327300018333437,-1.1750695924246,1.25781979208317,-22.4472795331388,-0.441971185233342,-0.470453057113758,-0.0815831649794485,-0.0640150923121668,3.9671366613773
-1.01847877059738,0.0687876415373001,0.0305964865004777,-0.327481081385205,-1.17516911061621,1.25751867556098,-21.4832848204748,0.0652856307322054,-0.389488212824773,-0.0739983754121893,-0.0665583180347087,4.02032938699177
-1.01941966317523,0.0689627199863754,0.0308624117800298,-0.327598244741466,-1.17523767147798,1.25725408684284,-23.1230270984846,-1.84475359821249,-0.457434808414007,-0.0836535002569589,-0.0598173117836874,3.98102008925057
-1.02043806987756,0.0692080215830932,0.0311689887261428,-0.327656209722136,-1.17527492964588,1.25701443398301,-21.831747303903,-0.307790947862713,-0.54289834958891,-0.0785455382857116,-0.0699932717304826,4.09400892087619
-1.02149458275405,0.069510202099643,0.0315130841080524,-0.327662959784418,-1.17527996348601,1.25678411406557,-23.5362148118384,1.06517978553734,-0.427195646401856,-0.0842824357878005,-0.0686445267324897,4.08915960839994
-1.02253916682781,0.0698228110637746,0.031866251595736,-0.327649746158183,-1.17526352913374,1.2565522400551,-22.8219003333932,-1.34245492713399,-0.693082452849893,-0.0975149578831345,-0.0627832388645821,4.0973178484575
-1.02351968417214,0.0700887322615138,0.0321902969894701,-0.327654671128695,-1.17524256029259,1.25631182297862,-22.3406530411356,-0.952610933354663,-0.817807643515863,-0.101207954052513,-0.0713227012662308,4.12258871258369
-1.02438972719189,0.0702556968530494,0.0324500165676018,-0.327713463559399,-1.17523534614668,1.25605779161907,-23.5692887614447,0.839310951080734,-0.757263728317412,-0.100778583873542,-0.0773499071325972,4.07642367401744
-1.02511336665162,0.0702749074010969,0.0326099735654071,-0.327859481599264,-1.17526217661234,1.25579004151683,-21.8533830991617,-0.311566664801603,-0.654922044681911,-0.0994410202560765,-0.0737537638906699,4.09391282022597
-1.02567313856354,0.0701177063683946,0.0326476131244662,-0.328113154321669,-1.17533464483312,1.25550585408645,-22.7860416617883,-1.66657080229425,-0.792069266553995,-0.0965506286869835,-0.0706418797276963,4.04242786487005
-1.02605720911308,0.0697619134241263,0.0325409324441961,-0.328489309017106,-1.17547121474746,1.25521053521597,-22.9938781481195,0.745173997609299,-0.53367335602843,-0.086904556837355,-0.0733945444986016,4.09567930735608
-1.02627431688556,0.0692110467444156,0.0322852448219675,-0.328986015519122,-1.17568223320698,1.25490962748664,-22.125863556583,-0.924962644225616,-0.767641646979285,-0.0949289744905788,-0.0726019478998207,4.15103938828856
-1.02635093073565,0.0685016840396759,0.0318972748435622,-0.329580677055432,-1.1759668835371,1.25460496502098,-24.3759977274543,-0.411234758001001,-0.784701164478463,-0.106219016727345,-0.0714853371339153,4.10675152059616
-1.0263204954127,0.0676882642117409,0.031405257343359,-0.330238999631332,-1.17631905425331,1.25429482837714,-21.6191855505859,0.103296704416152,-0.741137115865143,-0.0978781588463997,-0.0721959427695246,4.21237140978271
-1.0262362451828,0.0668567082496461,0.030861607424409,-0.330906167001455,-1.17671733312622,1.2539727926503,-24.4527748556,0.325731244836106,-0.604595102874612,-0.0883006133806332,-0.0648708351832289,4.09849650549255
-1.02614932299882,0.0660931392182302,0.0303186935639181,-0.331530280710321,-1.17713604236427,1.25362728007579,-21.7919520522681,-1.25493180566309,-0.645951124717499,-0.087402425478063,-0.0596946458053549,4.09202780826652
-1.02611016553276,0.0654776240878405,0.0298264492837712,-0.33206433673754,-1.17754881075207,1.25324822705337,-22.8809552532649,0.155011429455271,-0.566728601879788,-0.0770954473986158,-0.0651695473193646,4.05426552484369
-1.02616546211634,0.0650909463166363,0.0294374756558056,-0.332461006856263,-1.17792231803705,1.25281830793674,-22.342296691668,-0.27032096540097,-0.491012678873574,-0.0799076898625328,-0.0722990803865459,4.05015599780451
-1.02635100655565,0.064992773070804,0.0291919285222926,-0.33268729286833,-1.17822913991879,1.25232404683301,-22.5284729327879,-1.32340134048764,-0.722234514235311,-0.0912278355850233,-0.0705974662156662,4.05605298672413
-1.02669188730887,0.0652115652104346,0.0291109862814758,-0.332731200722836,-1.17844580423583,1.25175420203068,-22.4039944778197,-1.1380356612724,-0.714492585182029,-0.101965474102128,-0.0680118054234387,4.08647282415271
-1.02720673146877,0.0657692817082269,0.0292150674880043,-0.332583843292303,-1.17854577076062,1.2510941108474,-23.6596588181726,-0.0707641763103766,-0.734370091264395,-0.100294149101937,-0.0746198202754718,4.14217638427275
-1.02789137773678,0.0666401188541981,0.0294916892624348,-0.332264549253295,-1.17852570634911,1.25034650975334,-22.5144831013079,-1.48749654217158,-0.845646181525638,-0.101433367736263,-0.0772855296421911,4.20252661968077
-1.02872638446683,0.0677795131965286,0.0299158791801066,-0.331802771681359,-1.17839135125974,1.2495164549731,-24.3561753732524,-0.635251401961796,-0.791106638701876,-0.101227606732293,-0.0768360178253342,4.17686123160076
-1.02968615863689,0.0691352447904618,0.0304579785269796,-0.331230318041876,-1.17815366781739,1.2486119872842,-22.6216561114283,-0.438951867954529,-0.681992494785561,-0.0884138265696959,-0.0782154123663059,4.24357647469074
-1.03073178771744,0.0706350057421927,0.0310735394345154,-0.3305893694777,-1.17783747959468,1.24764962943422,-23.6954397909498,-0.589995173765601,-0.510260989335706,-0.0896897693471583,-0.0659215528833264,4.16272805092815
-1.03181894121301,0.0722001958069658,0.0317129664101827,-0.32992439252771,-1.17747743393755,1.24665393334084,-23.3054088147915,-0.89617359427848,-0.518410148938131,-0.0873300228938949,-0.0630784592599663,4.1451296098574
-1.03289908926362,0.0737613384871274,0.0323301453220737,-0.32927114848319,-1.17711292050912,1.24564845327204,-22.5571491712091,-0.207516271661234,-0.549227052918923,-0.0829106831139299,-0.0677359083806486,4.19266076965412
-1.03392449751017,0.0752518862335565,0.0328792574231178,-0.328663251107642,-1.17678775253222,1.24466152212368,-24.2335668386291,-0.551079528983564,-0.571524758917292,-0.0877859183059662,-0.0674226302434456,4.17008514545419
-1.03485405051277,0.0766276625400728,0.0333290540911062,-0.328122008890351,-1.17653774252339,1.24371205900484,-22.671930970185,-0.829511368538078,-0.638602140004906,-0.0923678504570948,-0.0718967174761407,4.26417795318848
-1.03565758232698,0.077863942256486,0.0336609756112349,-0.327656384504566,-1.17639272550833,1.242816684893,-24.2568180036184,0.352942515586165,-0.716670444131353,-0.0947680306986047,-0.0763711780106267,4.23597070682763
-1.03631049871671,0.0789332162390117,0.0338540594995378,-0.327280550931655,-1.1763796544351,1.24198907230616,-23.583572576528,-0.646851286319588,-0.772500625600259,-0.101474865048383,-0.0773332630539005,4.25445635036952
-1.03681253736105,0.0798374296203166,0.033909755065739,-0.32699162604886,-1.17650649838039,1.24123538671046,-23.101019484826,-1.05814232945977,-0.79290920189456,-0.102934635575751,-0.0721202968808077,4.23456732656845
-1.03717240696914,0.0805963791860922,0.0338451292909874,-0.32677798131728,-1.17676947291256,1.24055488178994,-24.5614071296886,-1.17962976008016,-0.765575661903739,-0.10515239301778,-0.0726117414030595,4.19104452942274
-1.03741874639829,0.0812348640356753,0.0336828178544095,-0.326626257749058,-1.17715274503351,1.23994212759553,-22.1133847937797,-0.151654959353436,-0.779466838531789,-0.0982881837090828,-0.0792148452109066,4.26838590850567
-1.03759659660564,0.081800232622312,0.0334670948577369,-0.326510406189468,-1.17761826130294,1.23938050855304,-24.5001911608214,-0.163886899173576,-0.788113985134743,-0.0968178930351553,-0.0720153878988027,4.17100069543153
-1.03775875364635,0.0823377110934338,0.0332429794348517,-0.326406099363147,-1.17812076893018,1.23884950623364,-22.3669825511743,-1.01460836958972,-0.613162488725152,-0.0901322618744378,-0.069637305159957,4.20425006285397
-1.03796378254289,0.0828834708595716,0.0330535763556115,-0.326295121747535,-1.17861110688557,1.23833060258024,-23.383325922276,0.0246548570237337,-0.633102321543703,-0.0830093460227377,-0.0679599051584421,4.17298481160874
-1.03826881451225,0.0834736073037261,0.0329437145737359,-0.326157397751202,-1.17903687869033,1.23780345817891,-23.0737415121555,-0.0649446321485811,-0.672719583170476,-0.0844388954280362,-0.0624802963747296,4.16751463878671
-1.03872437121144,0.0841410581023583,0.0329555655710307,-0.325971743870402,-1.17935028593786,1.23724770961339,-23.3921409397109,-0.738193303466232,-0.747443004682765,-0.089243026074878,-0.0685816214343196,4.19975428452248
-1.03937368902172,0.084910282701383,0.0331257664943028,-0.325721071505772,-1.17950807086465,1.23664636512156,-23.2657920902732,-1.10186691926833,-0.661809399094636,-0.0947953698908091,-0.0746647171034207,4.24546580815165
-1.04023382647871,0.0857737924669966,0.0334622147696153,-0.325406990239459,-1.17948976861727,1.23599071086416,-24.152790583808,-0.180120909601783,-0.786765965172037,-0.0961801831632556,-0.0752749365118711,4.26113122035581
-1.04130791406317,0.0867172845704225,0.0339647589245433,-0.325033525091115,-1.17928405827549,1.23527228007814,-22.9042286634512,-1.47661505423957,-0.866685368554158,-0.106405441464182,-0.0717683889502134,4.27193664654973
-1.04257475552051,0.0876984728204118,0.0346083934591728,-0.324622377186758,-1.17890671418147,1.23449848597517,-24.9498552734357,-1.51774472681859,-0.794034550431945,-0.108297135262172,-0.0715546468070489,4.26649200998697
-1.04400335791293,0.0886851049132424,0.0353697496133472,-0.324187618339068,-1.17837726519571,1.233670806599,-23.0468643967295,-0.252299288588802,-0.744284902952927,-0.0912148574569942,-0.0811015001310961,4.39203054672915
-1.04553553385177,0.0896038010229265,0.0361894345692058,-0.32377081674526,-1.17774560043153,1.23280804581177,-25.2253096615714,-0.38506012610469,-0.697653837507886,-0.0933845817981838,-0.0739551220307945,4.31248516729555
-1.04711108025806,0.0903858194283904,0.0370074890802856,-0.323410402470286,-1.17706932768371,1.23193447585976,-23.7547884869771,-0.335034813290576,-0.719641446159045,-0.0985982556651508,-0.0711935536774393,4.31983398552081
-1.04866497661014,0.0909649760316986,0.0377620178792037,-0.323144342914379,-1.17641135094912,1.23107649108769,-23.8931035661213,0.481516418690262,-0.574054014616763,-0.0911073864377321,-0.0719180707538669,4.29315637619649
-1.05013005349661,0.0912633898310098,0.0383814370750937,-0.323019911892069,-1.17584133359626,1.2302681604129,-23.9221287583995,-0.587375606979549,-0.703960635238303,-0.0874882278526887,-0.0644984292287804,4.2200775235998
-1.05145592123635,0.0912264191086125,0.0388108516654215,-0.323069838309119,-1.17541749016878,1.22954088360215,-23.4014340952818,-1.31196361421917,-0.797495449889283,-0.0897939326783819,-0.0662043979558636,4.21864682244939
-1.05259331860066,0.0908041598186138,0.0389975213974496,-0.323324326138012,-1.17519939953806,1.22892978711073,-23.4537548004366,-0.808264999221137,-0.618728917736689,-0.0954093153458624,-0.0711908231337981,4.24976650010416
-1.05352218586016,0.089981304844148,0.0389187866351108,-0.323792003271723,-1.17522104402207,1.2284612386674,-24.3820223771069,0.271047485761073,-0.718727992037969,-0.0932368205626686,-0.0845395806032936,4.30118797750353
-1.0542297823456,0.088759344290569,0.0385661808933915,-0.324472353137169,-1.17550611961558,1.22815796608207,-23.2102977236954,-2.07726682180601,-1.03383067369109,-0.109596796045855,-0.0787752123081154,4.3242045608564
-1.05473148091716,0.0871884581359526,0.0379696738822803,-0.325333527416853,-1.17604471214013,1.22802069814466,-24.9924130880007,-1.75831269815353,-1.03120313043712,-0.122059674018173,-0.0725938136466729,4.32380959472447
-1.05505334756847,0.0853210933133193,0.0371632297329816,-0.326345432389699,-1.176813089146,1.22804256445252,-24.0070897407919,-0.00669095029343225,-1.0511909146596,-0.11129037447695,-0.079064183317665,4.44517951404137
-1.05523365946243,0.0832499747829303,0.0362120266327823,-0.327452349348873,-1.17776761022531,1.22820239078,-24.8531764989502,-0.976206566276005,-0.956537139150186,-0.113305562514628,-0.0757468042198797,4.39830572824916
-1.05531948080094,0.0810841496757986,0.0351944738047851,-0.328590468702256,-1.1788472293248,1.22846171806472,-24.6378020839821,-1.39186813210154,-0.884179891618771,-0.111501164885318,-0.0692630511591583,4.38960388156788
-1.05536149673405,0.078937190266263,0.0341913829210068,-0.329695258699688,-1.1799831854057,1.22877424968338,-23.7272765801067,1.02133842500416,-0.523586141392826,-0.0906678310650482,-0.0727380075217673,4.41004394143928
-1.05540778634305,0.0769234588307492,0.0332832134655776,-0.330703069400332,-1.18110120036291,1.22908239626446,-25.3578466210393,-0.2461882117816,-0.529850234966943,-0.0862242500425712,-0.0654310129442674,4.31771115780691
-1.0554985250574,0.0751477197916186,0.0325410735807619,-0.331557328410246,-1.18213698933035,1.2293323538142,-23.0596038629138,-1.72465299706778,-0.597884024582555,-0.0924592091419081,-0.0645998248454736,4.3900498565594
-1.05567100178209,0.0736969342257128,0.0320222780741435,-0.332215817050775,-1.18303024121446,1.22947037263132,-25.1609921062116,0.33019921506002,-0.622082057172776,-0.0940281571202903,-0.0722498410995029,4.39411395074424
-1.055951945109,0.0726270300553491,0.0317599384583851,-0.332656676653796,-1.18373425432545,1.22944985922031,-24.5265237298286,0.498386130537483,-0.816915757986152,-0.103515594752293,-0.0775051938459333,4.44587297927485
-1.05635706791121,0.0719745833240539,0.0317726936260927,-0.332870078483927,-1.18421852315146,1.22923572092547,-24.4659164399413,-1.47624568424021,-1.0194857153387,-0.112608666455067,-0.0810099577393791,4.45783382398634
-1.05689053527715,0.071737272862813,0.0320483199096715,-0.332870259571712,-1.18447512074416,1.22881205061438,-25.5293320067562,-0.807168347304923,-1.08341560070662,-0.112825875029621,-0.0830953086992834,4.46726035486728
-1.05754049898492,0.0718707447540377,0.0325432457631529,-0.332694496340848,-1.18452103648581,1.22818355448846,-24.3577191675568,-0.0313048189279925,-0.813450677516357,-0.109190806433406,-0.0818843224890569,4.50484190940246
-1.05829907870317,0.0723129719510265,0.0332045520259812,-0.33238918314872,-1.18437959074012,1.22736814968459,-24.9889803012346,-1.77587054472906,-0.896921944490913,-0.111781020303872,-0.0763947159639072,4.4181713738506
-1.05915283660341,0.0729920517627018,0.0339730441413832,-0.332003696677531,-1.18408466009024,1.22639556787186,-24.6620453600289,-0.459440377433793,-0.733941275202739,-0.103876220894782,-0.0782653217925346,4.42789249913018
-1.06008091221943,0.0738237120218699,0.0347819098847484,-0.331590537402657,-1.18368246216278,1.22530977307502,-24.1256695590263,0.242658006609645,-0.482521730266313,-0.0953959828135043,-0.0785838230623582,4.44623035310465
-1.06105912867092,0.0747080898585466,0.0355548549157083,-0.331208697980666,-1.1832259879891,1.22416330648312,-25.4832660683429,-1.25721058226623,-0.696566664449591,-0.100928635031161,-0.0701236989670939,4.38505616068073
-1.06207833810315,0.0755799275501685,0.0362460179035398,-0.330890735740831,-1.1827508266816,1.22300183642627,-23.9009802792279,-0.720692592017485,-0.760225920731273,-0.0952317383384766,-0.0694650382460686,4.48230843137164
-1.06312217642975,0.0763685297847996,0.0368064230184415,-0.330671533289159,-1.18229725848103,1.2218728322214,-25.5635350584361,1.02623355587889,-0.607796115900669,-0.0951307265706629,-0.0730132539834257,4.48571291776043
-1.06418539805388,0.0770402237923014,0.0372167958007468,-0.330560639083078,-1.18188605019032,1.2208089107763,-24.7595927667452,-0.729265493126832,-0.839050753961942,-0.104003356639036,-0.074402723658807,4.48214636777687
-1.06527746764625,0.0775971728616902,0.0374871406872015,-0.330543577998686,-1.18151851634443,1.21982841490839,-24.5419498224488,-1.60564367381699,-0.991145292553995,-0.110574657510104,-0.0777848176598479,4.47367595898742
-1.06639570117368,0.0780388430717656,0.0376250011666472,-0.330608848676079,-1.18119956974768,1.21894360557888,-25.4576673036129,0.0170322696990297,-0.817917296044101,-0.109289250886214,-0.0809351676997998,4.49100054139049
-1.06755194051634,0.0784076659537902,0.03767091831597,-0.330718650676868,-1.18091236805369,1.21814935611497,-24.4798404726971,-0.895440562489512,-0.902813035108807,-0.108839675076397,-0.0816511729081523,4.54691334027772
-1.06876136046017,0.0787612903425012,0.0376755762504957,-0.330826340836014,-1.18063434091319,1.21743224182434,-25.1648764576159,-1.66007423352994,-1.05213543177575,-0.11816106132104,-0.0797612557266447,4.50152374990592
-1.07003446398118,0.079138311070964,0.0376755195647456,-0.330901225928838,-1.18034790371366,1.21677955498432,-25.4388864871294,-0.629095518866734,-0.829485516174856,-0.115457051147764,-0.0829149124358236,4.54337847290451
-1.07137987431571,0.0795915691898328,0.0377152517023467,-0.330904959752916,-1.18003132983401,1.2161669988563,-24.5051113518226,-0.609201948659575,-0.876609657940236,-0.110819675770156,-0.0847014195675303,4.58281943377606
-1.07279697032144,0.0801563505899967,0.0378250922524077,-0.330812086866079,-1.17967399007927,1.21557901506841,-26.4931442773049,-1.39724779426592,-0.844849847121225,-0.113716111462886,-0.0738844110280126,4.50353323139887
-1.07428231153167,0.0808551687957353,0.0380254728233793,-0.330607456927306,-1.17926752278933,1.21499720701772,-24.2129391181042,-0.911545432044022,-0.578286841591449,-0.100887899604069,-0.0792527145490572,4.60139405385819
-1.07582060782345,0.081689264056533,0.038318768466133,-0.33029044773131,-1.17881863248167,1.21441552597261,-26.5147941883557,1.06095192732528,-0.58995095308282,-0.0913490406171222,-0.077395392614689,4.55702927787883
-1.07738951338741,0.0826403934450948,0.0386936340138977,-0.329874966774051,-1.17833925792151,1.2138287434029,-24.7901474319314,-1.10164695786443,-0.787701523550567,-0.101407110247756,-0.0717896491199522,4.55313846528816
-1.07896384632259,0.0836700806621771,0.0391233375022138,-0.329388574783393,-1.17784691473686,1.21323790621577,-25.2720000618409,-1.03595092074761,-0.707976478936672,-0.108825667591828,-0.0731485251725472,4.52353790898018
-1.0805028194696,0.0847135020874514,0.0395617690102263,-0.328875213101924,-1.17737476257639,1.21265659119088,-25.5030908315518,0.203773047053573,-0.623355974774398,-0.104409437577344,-0.0800894330992465,4.52442752297103
-1.08197314725882,0.0857105006144074,0.0399677612986507,-0.328376198766517,-1.1769470218869,1.21209139966842,-24.7760540545937,-0.747175223344357,-0.818866284690586,-0.10130688103119,-0.0764067686443463,4.54413164361824
-1.08334459629268,0.0866041229254506,0.040304603883905,-0.327933427953414,-1.17657930405174,1.21154356046445,-25.389131103946,-1.81377384122879,-1.06231949668529,-0.110577739180378,-0.0762001519775752,4.52807091187719
-1.08458024077498,0.0873377884417526,0.0405330217887641,-0.327586298104969,-1.17629358922715,1.21101725933035,-25.852362372992,0.388892560281874,-0.919469962537931,-0.111152620035624,-0.0857546904578724,4.60769069771532
-1.08565626486962,0.0878645033283707,0.040623868836337,-0.327369727180604,-1.17609778507288,1.2105081744877,-25.3351130094213,-0.19024749243863,-0.828676732931285,-0.113123163121385,-0.091213375973732,4.6697726760099
-1.08656507950345,0.0881649096403532,0.0405695293799828,-0.327302229307109,-1.17598233646389,1.21000147162751,-26.7049263904648,-1.13552945771653,-1.05806838480655,-0.121504992976664,-0.0813463897315902,4.61674550442721
-1.08730291705655,0.0882356479733586,0.040371102951154,-0.327389977606015,-1.17593617686878,1.20947953678281,-25.277979000687,-0.0290593680042548,-0.848379023501195,-0.108654931863037,-0.0775386583564668,4.66877482342616
-1.08788163270365,0.0881034562988461,0.0400517163813212,-0.327619135521035,-1.17593673146338,1.20892140401647,-25.9431910029195,0.144851357039215,-0.712601320964012,-0.0993216287644985,-0.0719750042482522,4.62064095774781
-1.08832071193711,0.0878079015791409,0.0396421115687959,-0.327967786287889,-1.17595886712935,1.20830607404982,-25.8578891682968,-1.01820811538619,-0.672822854159449,-0.0925465540107191,-0.0681823930833682,4.59655404617855
-1.08864862028313,0.0874086509349761,0.039183979347319,-0.328397454792101,-1.17597771968196,1.20761600205154,-25.0590964564261,-0.542188923862113,-0.557338129849569,-0.0881788810891226,-0.0773159358372232,4.63799164720731
-1.08889650959325,0.0869631538551037,0.0387165592112404,-0.328870968105135,-1.17597448651088,1.2068426438363,-26.9253965049805,0.122874371289754,-0.569635980571036,-0.0993067642769332,-0.0805292260317532,4.63153098468612
-1.08910268037762,0.0865487358805632,0.0382913641533247,-0.329336527795799,-1.1759261214994,1.20597607324974,-25.169621524374,-0.925287143273408,-0.791337518956453,-0.104676781078919,-0.082426585745023,4.73616786423303
-1.0892978585151,0.0862282262392675,0.0379464590744591,-0.329749298791325,-1.17582571250571,1.20502245130254,-26.999811946441,-0.878601907620805,-0.936894761805519,-0.111568320613811,-0.0787950790967228,4.70312703853166
-1.08950914426421,0.0860578422281923,0.0377138745020864,-0.330066551207043,-1.17567594266493,1.20399823936661,-26.0974708956554,-0.727270631365627,-1.00313998047503,-0.115328927430326,-0.0784337388887633,4.7304157308215
-1.08975394515355,0.0860743426305737,0.0376108315848642,-0.330258433580591,-1.17548832338559,1.20292538189166,-25.746953393626,-0.907437498866557,-0.907519998149212,-0.114631930884567,-0.0825404053932811,4.71379762212701
-1.09004482334942,0.0862952297146702,0.0376431921840017,-0.330307256482537,-1.17528078238483,1.20183384501274,-26.3944991128049,-0.898263967212642,-0.864833929983689,-0.108003684573843,-0.0813158122155454,4.64457281654529
-1.09038245083132,0.086715830491106,0.0378002713493379,-0.330209097719468,-1.17507809729506,1.20075643579642,-25.3073946842239,-0.159340023204322,-0.771940445451889,-0.0987498077292197,-0.082081983280386,4.66484073129065
-1.09075388640985,0.0873036974112535,0.0380517388026553,-0.329979454231979,-1.17491177044183,1.19972662812099,-25.5835980997469,-0.736798935742172,-0.763543095071981,-0.106766681596212,-0.0834909606809616,4.6311108320321
-1.0911501870555,0.088017432745664,0.0383650588187407,-0.329640897298001,-1.1748065531374,1.19877381299534,-26.0553967267082,-1.15805939361485,-0.817048923772319,-0.104931556075202,-0.0746894894909101,4.65134584329231
-1.09155237339192,0.088801902586094,0.0387010465683788,-0.329228541770707,-1.17478725859866,1.19792184177799,-25.4297157139395,-0.52602529257706,-0.67218762528239,-0.103779629314543,-0.0724707974484339,4.70648179344504
-1.0919474905642,0.0895975694187037,0.0390192410008878,-0.328781210481927,-1.1748685539323,1.19718583279578,-27.229140026415,-1.2393603066912,-0.876713270405503,-0.111849223633051,-0.0744995128205931,4.71206956704098
-1.0923264078329,0.0903492752946766,0.0392836069085334,-0.328338009164549,-1.17505684708631,1.19657156756165,-25.7000974938362,-0.751850432031461,-0.884881354883618,-0.106409206783522,-0.0848226780686192,4.82325717028532
-1.09267484933188,0.0910040736000823,0.0394584294901399,-0.327937108924934,-1.17536119469369,1.19608204282678,-27.6926661243784,0.322323791838471,-0.899299923715319,-0.100331736975878,-0.0814670397601542,4.7891877151302
-1.09299396141704,0.0915313469166499,0.0395275760682399,-0.327604124022771,-1.17577320820964,1.19570739187693,-26.5926432295722,-0.549420761384454,-0.869744894422041,-0.109204191831305,-0.0821217659374237,4.82326030729546
-1.09328376895665,0.0919088169839837,0.0394784004771747,-0.32735999070227,-1.17628748495469,1.1954374744003,-26.2708804613528,-0.29088145917467,-0.724475713966143,-0.108785847148504,-0.0814694804981488,4.79550466695463
-1.09354938424324,0.0921329024381654,0.0393102915427979,-0.327213425514136,-1.17689069252899,1.19525370595827,-27.1481272552766,0.38887161311709,-0.788537866062427,-0.105962898184316,-0.0698503345554954,4.69047310472342
-1.09380469555729,0.0922209604118178,0.0390371826204383,-0.327157587850826,-1.17756543888621,1.19513618189648,-24.868422099596,-1.1689875674067,-0.803433199664568,-0.101919009795651,-0.0693506574003995,4.69539342564919
-1.09406287875484,0.0922009904555354,0.0386801163959229,-0.327179352761406,-1.17829727114434,1.19506843615342,-26.4840986677077,0.0820312245402874,-0.621722463968069,-0.0967330946332363,-0.0798518818127364,4.64334006203442
-1.09433361484096,0.0921008965324406,0.0382588617315645,-0.327263698857644,-1.1790722876806,1.19503291882876,-25.5722176372574,-0.236955588902902,-0.590532409184419,-0.0909797588973791,-0.0803833347512403,4.68565446858359
-1.09463368515277,0.091969263863164,0.037809273559855,-0.32738014404126,-1.17986678895652,1.19500722832815,-26.0649565573465,-1.77148732895284,-0.792818286294164,-0.098567089175869,-0.0823168735912077,4.6840682870606
-1.09497245350405,0.0918379635802715,0.0373558160545739,-0.327508125635741,-1.18066631969325,1.19497887243485,-26.6620506239474,-1.60628104183229,-0.895068643272396,-0.110087324836063,-0.0810364737143643,4.73851190985614
-1.09535610416191,0.091747462745448,0.0369291534059879,-0.327617709738899,-1.18145345760656,1.19493244261579,-26.3789214975364,0.378671406612511,-0.912090751279806,-0.106911514154539,-0.0832960035522117,4.82786951069591
-1.0957946690499,0.091726400940888,0.0365559082267402,-0.327687852510902,-1.18220481553475,1.19485157727867,-27.0228777402246,-1.27250983910631,-0.81282387481113,-0.117048838242923,-0.0724222496755224,4.78733303293645
-1.09630489919276,0.0918102147604838,0.0362706522481901,-0.327691797826136,-1.18288841615436,1.19471845724534,-26.6383341747936,-1.05293260987128,-0.857152844988775,-0.108964414194582,-0.0709951681171561,4.79124631657441
-1.09688958629153,0.0920266105707119,0.0361018008907321,-0.327605475190829,-1.18348256413848,1.19452015498582,-25.9375371510277,-0.520481578780164,-0.664503670916531,-0.0904710922512173,-0.0772517501717206,4.77788683453182
-1.09755423198114,0.0923825671961325,0.0360645562315334,-0.327419564209657,-1.18396758724873,1.19424849578644,-26.5207578148294,-1.85469620483309,-0.469978042142628,-0.0894720068517154,-0.0739818054121422,4.68867458796499
-1.09831201386053,0.0928947465782342,0.0361840925495549,-0.327118899299201,-1.18431548948612,1.19389162579657,-25.6037051364445,-1.11008147796201,-0.642634557725927,-0.0911053596216123,-0.0780579580519293,4.73839269319501
-1.09916654213386,0.0935609354252582,0.0364695352066546,-0.326701635134645,-1.18451268350207,1.19344663799345,-26.880336764286,0.915574868655995,-0.590025854149786,-0.0965092352616272,-0.0775202586024178,4.77704334860539
-1.1001119519974,0.0943660474204426,0.036917428089287,-0.326174428578918,-1.1845602995328,1.19291901334042,-27.3203605613297,-0.245217099265346,-0.818028853272097,-0.109860299364121,-0.0773565945612333,4.84001586098603
-1.10114644301092,0.0953025140101627,0.0375281540328982,-0.325540460435535,-1.18445989522152,1.1923151929335,-26.3469092601798,-0.860005384575516,-1.00952614748283,-0.119962935297762,-0.0812216450601457,4.91002413562663
-1.10225627941009,0.0963359225127043,0.0382781363100224,-0.324822503918263,-1.18422975031678,1.19164795761732,-28.8823105176851,0.87607581560178,-0.982222549951075,-0.122076536202347,-0.0869365629981378,4.89531604127995
-1.10341596983461,0.0974130419841934,0.0391252929924457,-0.324054240109614,-1.18390672789179,1.19094347914606,-26.3533779295111,-0.356534088946091,-0.824495018002636,-0.113127419096046,-0.0864727807411008,4.95577490764198
-1.10459165466174,0.0984707424573736,0.040015558238969,-0.323276460056428,-1.18354054437987,1.19023439617824,-28.0980192941802,-1.32522703954828,-0.761203414344578,-0.105328823355769,-0.0791653166624069,4.82017692581208
-1.10574713718657,0.0994347104136608,0.0408839262627945,-0.322538624224819,-1.18318383608583,1.18955379415852,-26.0491886953018,-0.580228855105588,-0.606299803861276,-0.09848683394861,-0.0774311533743838,4.82703425028198
-1.10684339814362,0.100234385561176,0.0416648497684382,-0.321886804416148,-1.18288721056631,1.18892832106309,-26.6226065143126,-0.0454690045544339,-0.583099592465487,-0.0925522433191075,-0.076618308209337,4.77612824794803
-1.10783581514991,0.100792663995545,0.0422862856833155,-0.321373511009068,-1.18270219714337,1.18838222707622,-26.4858348261167,-1.3109298160789,-0.799497499147321,-0.103501430515973,-0.0695667062035644,4.73999841952592
-1.10868880969195,0.101045392860211,0.0426868704714503,-0.321042067448122,-1.18266764615928,1.18793109894826,-26.483537178969,-0.747445633112648,-0.7745850296036,-0.0996298061104461,-0.0739396309322825,4.82582183567411
-1.10937438622483,0.100941028680983,0.042815784077854,-0.320927469263478,-1.18281211774845,1.18758542803987,-27.2841419507364,0.577846517633134,-0.782094227393003,-0.103229168083474,-0.0813670001278077,4.86623295087012
-1.10987930219343,0.100464294405901,0.042651507949051,-0.321040941299951,-1.18314429063709,1.18734269211052,-27.4925410859598,-0.563933052815628,-0.940869882433873,-0.110887257530176,-0.0825572817497641,4.89587575728199
-1.11020651867763,0.0996290845868053,0.0421982381028645,-0.321376958230768,-1.18364767551837,1.1871823674292,-26.8129799539835,-1.84031862319239,-0.844258700885916,-0.115928634542403,-0.0842810869358171,4.93959965082143
-1.11037054215696,0.0984673187237384,0.0414771615535467,-0.321918659286397,-1.18429625328238,1.18708294291793,-27.9869037301623,-0.265545070953294,-0.894079570560308,-0.113353491271434,-0.0869854009412663,4.91643250916364
-1.11040294929464,0.0970501296646429,0.0405427810677146,-0.322624340727381,-1.18504328030338,1.18700930625418,-26.4605082724929,-0.692503697915299,-0.899767828901616,-0.111305165484685,-0.0833702708699053,4.92116051099605
-1.11034531545042,0.0954747173130901,0.0394724872259613,-0.323437051033407,-1.18583195049524,1.18692083352744,-27.3306623929479,-2.15388622398495,-1.01962209038501,-0.116391500772192,-0.075473205800392,4.85045848641098
-1.11025343912,0.0938528264284706,0.0383577466884408,-0.324291521557393,-1.18659810309681,1.18677988780587,-27.3322735026406,-0.571477390801874,-0.747079022761966,-0.106318543406843,-0.078953654645902,4.91361847999317
-1.11017874693037,0.0922916977295687,0.0372867720147325,-0.325124341975287,-1.18728639829954,1.18655620412652,-26.9434520986154,-0.330830560169716,-0.640497190703854,-0.0970989199879573,-0.0810702422592166,4.98802056771956
-1.11017816920484,0.0909063860914259,0.0363547423712764,-0.325868292323526,-1.18784103188734,1.18622142862878,-28.8694932037918,-0.990690275262978,-0.899420454355464,-0.10879695207229,-0.0816776132429884,4.94363118966329
-1.11029004501435,0.0897762846821806,0.0356264837060984,-0.32647763573699,-1.18823300020313,1.18576691185118,-26.8769310816332,-0.800669609982606,-0.929072281639634,-0.109528377961786,-0.083836414513714,5.04341666757615
-1.11054061194495,0.0889602405042806,0.0351484353319595,-0.326916955968324,-1.18845343967558,1.18520079680099,-28.4657530782733,0.952076618782485,-0.761212674676358,-0.109260830943767,-0.0843381665618822,4.99608326970813
-1.1109492149346,0.0884904992662241,0.0349459202259352,-0.327167782351282,-1.18850108368345,1.18453595453965,-27.8456340384318,-0.913154753436402,-1.02719849839693,-0.117104101432267,-0.0749286782992521,4.95878291279023
-1.11151213803593,0.0883661455991005,0.0350135059488184,-0.327229385242026,-1.18840107098677,1.18380139511267,-26.7901251704945,-1.56822007839992,-0.752849280505473,-0.11889144779121,-0.0789206786855875,4.96223501302245
-1.11220846250544,0.0885497819029464,0.0353149734673444,-0.327121584166415,-1.18819765289653,1.18303714702881,-28.4227453621947,0.361310435446057,-0.786997937704058,-0.113349059360159,-0.0876729044723371,4.93126411412795
-1.11300782852342,0.0889859045783314,0.0357971227651359,-0.326874666609035,-1.18794012824146,1.18228103212989,-26.5320131635855,-0.750323463733139,-0.816239589366972,-0.110390160786057,-0.0870801857162758,4.98347407648642
-1.11387143095975,0.0896022343093685,0.0363928751554792,-0.326527728966163,-1.18768401824655,1.18157352383778,-28.16190223232,-1.45015491435674,-0.956146855737927,-0.11627270164788,-0.0806060920017238,4.93026536018957
-1.11476871826326,0.0903351359076074,0.0370425031452659,-0.326113559929466,-1.18747071120541,1.18094330076584,-27.38215776331,-0.0523690905633885,-0.999083306347927,-0.110900903978259,-0.0860612803889689,5.02051430809267
-1.11564940872878,0.0910898078489009,0.0376612118700674,-0.325685121931015,-1.18735366606981,1.18042021061804,-27.9319904373872,0.488862523231546,-0.868611567197149,-0.112764705272498,-0.0848439969696859,5.04245665772856
-1.11648249240277,0.0917964168355816,0.0381884229005831,-0.325281005081364,-1.18736404978226,1.18001858980093,-28.4082817224565,-1.80377372681664,-1.03991125867705,-0.121110181733664,-0.0789781851510605,5.01347516393
-1.11724508760607,0.0923922848969081,0.038573687679845,-0.324936580353754,-1.1875213437994,1.1797456233858,-27.630695180767,-0.0284183160385965,-0.899618488782465,-0.113982058285588,-0.0866786197719485,5.073089690271
-1.11793192861861,0.0928427775233214,0.0387927531749832,-0.324673038592952,-1.18781630301585,1.17958506880246,-28.2021602321884,0.183642607996262,-0.911712143447375,-0.109054858573248,-0.0863189183441316,5.03808464056958
-1.11854295731283,0.0931168270681724,0.0388279607431252,-0.324511011580962,-1.18823483042003,1.17951937923121,-28.1563388563407,-1.78661182702172,-1.00156847794821,-0.11237847978716,-0.0846853005026479,5.00964668780044
-1.11908905032642,0.0932143499762805,0.0386912863016766,-0.324455517328296,-1.18874692322544,1.17951986627691,-27.2440391280987,-0.731177379472001,-0.946562281195412,-0.111446768891834,-0.0855869706140111,5.05351614638847
-1.11958741889912,0.0931321154709916,0.0383964566059736,-0.324516732628617,-1.1893129627741,1.17955119190942,-29.1146817008674,0.0485001821461992,-0.977143813372152,-0.114226157365025,-0.0847588137775305,5.04926490395631
-1.12006546816216,0.0929008699850877,0.0379853120594063,-0.324683886612767,-1.18988256765102,1.17957285942075,-27.6129047439175,-1.36106039409333,-0.884600430932721,-0.117879585901712,-0.0825159064273654,5.12755261638918
-1.12053717636108,0.092546304275448,0.037494139211419,-0.324948917254232,-1.19042027112998,1.17955372509563,-29.1712702265176,-0.660807086615478,-0.979209125876366,-0.121885096038431,-0.0838382848161507,5.11574923879971
-1.12101955738845,0.0921086186952147,0.0369703353370332,-0.325293726140196,-1.1908879869325,1.17946298844917,-28.7662847092715,0.13068033244781,-1.01609968147679,-0.123381615232258,-0.0914237856885187,5.1742049885511
-1.12152739009153,0.0916326203613362,0.0364635311938155,-0.32569643108535,-1.19125457812184,1.17927523125837,-28.2279390143887,-1.52009939953473,-0.920950431708633,-0.118603086836284,-0.0877412321954371,5.17643102831629
-1.1220561631994,0.0911551620748883,0.0360116464380502,-0.326136422463964,-1.19150892669059,1.1789763417462,-29.1548693783062,-1.23024466766219,-0.633589840822339,-0.117268202289496,-0.0797976369186782,5.09538115611622
-1.12259767023819,0.0907152355509284,0.0356489242654425,-0.326587664407164,-1.19165266338754,1.17856433197067,-27.8211146428136,-0.312127478548746,-0.639505932020285,-0.106745478926816,-0.0808934021440907,5.11139514720285
-1.12313946538949,0.0903452645667695,0.0354005544093889,-0.327026318345232,-1.19170031084906,1.17804813485407,-28.344017564151,-1.53989886400518,-0.833098022599444,-0.108766281508209,-0.0790666482593455,5.05644213546353
-1.12366007726452,0.0900682023082791,0.0352808655794765,-0.327432559833624,-1.19167538679623,1.1774411226481,-28.2908806047937,-1.4988320108173,-0.847995140574596,-0.107748694652164,-0.079439758963922,5.09222235740776
-1.124144812021,0.0899052260284394,0.0352989994355257,-0.327785733470321,-1.19160298263834,1.1767623644653,-28.1643762060469,-0.195191343962051,-0.852126947018434,-0.110906237868707,-0.0879837695154657,5.17096295315735
-1.12456927997011,0.089831758312827,0.0354277212840235,-0.328094008333289,-1.19152775970548,1.17604750332842,-29.8925880147952,-0.440483484873312,-0.896968922813187,-0.125138279188935,-0.0912188146169901,5.16624860266051
-1.12492221024731,0.0898284817329715,0.0356434010598914,-0.328363091812374,-1.19148109976954,1.17532469924733,-28.1013141996416,-1.55921784405677,-0.952351420041879,-0.126610736743456,-0.090908541900554,5.24406285458768
-1.125190949333,0.0898476416515965,0.0359019477386615,-0.328619858615046,-1.19149743983089,1.17462678550177,-29.8143665510095,0.297367995605555,-0.943091811329793,-0.126161891926449,-0.0880866002310987,5.19377885034192
-1.12538084955967,0.0898438192587916,0.0361644806406689,-0.328892632189704,-1.19158996565088,1.17397354467498,-28.6918011216295,0.253056625992031,-0.880575975174764,-0.124061567167765,-0.0852909520435583,5.18875357881782
-1.12549363313636,0.0897570784667892,0.0363819349138204,-0.329219849457548,-1.19177446872691,1.17338769687612,-28.1791255751305,-0.982461815677198,-0.779665620032972,-0.114664057795421,-0.0820729771393669,5.15669024855563
-1.1255314975551,0.0895237886545468,0.0365041696691379,-0.329644398284083,-1.19206032071459,1.17288679164081,-29.4702010485547,-0.404835833526022,-0.868565587020413,-0.110018362730478,-0.0806152169151154,5.11324425025188
-1.12550124217869,0.0890961692335139,0.0364956672131049,-0.330199994786926,-1.19244486199679,1.17247702017185,-27.6462540263495,-0.801329731011037,-0.718012073592547,-0.11092017890137,-0.0881050080839229,5.20179559110312
-1.12541148490402,0.088444453798604,0.036335377995341,-0.330908645037559,-1.19291366833769,1.17215319937368,-29.9536461647743,-0.663144677786249,-0.933934603694098,-0.120496452213287,-0.0849579456726351,5.16458154143938
-1.12526518621177,0.0875661027275729,0.0360206251296431,-0.331771369352042,-1.19345537300639,1.17190920496758,-28.6711346958697,-1.23426222549574,-0.973235899688802,-0.122371918544154,-0.082803311049464,5.22149669884387
-1.12506833662426,0.0864866029460467,0.0355709014105925,-0.332769626684147,-1.19405110114433,1.17173031861898,-28.9906536969445,-1.04957211611054,-0.882694177028839,-0.122354391575483,-0.0814273715940264,5.22313650363291
-1.12482733172954,0.0852624180039268,0.0350274259976844,-0.33386361556704,-1.19467446995574,1.17158941544257,-28.643219713784,-0.803865753709943,-0.892731801553424,-0.116165307992722,-0.0809492136673806,5.19827594941732
-1.12454925014517,0.0839720158189472,0.0344445230233479,-0.334993447048753,-1.19530705482992,1.17146649432192,-28.8019213761305,-1.5301417597509,-0.889855818962161,-0.106505656723988,-0.0848095281769693,5.1760820543406
-1.12424088904711,0.0827099553313415,0.033887026086117,-0.336087142734216,-1.1959351664799,1.17134317064692,-28.3587986900501,-1.78444291422784,-0.855406326741871,-0.115476468267672,-0.0872505994067283,5.16827343575764
-1.12391749997399,0.0815843721355272,0.0334282804078538,-0.337064281120473,-1.19653934015431,1.17119493501872,-29.6675311323448,0.0410856511498423,-0.871472701772518,-0.113399068552478,-0.0913783253831935,5.23483040913612
-1.12360041004748,0.0806929701165187,0.0331332092861751,-0.33785084396551,-1.19710363844242,1.17100402733549,-28.3023621998755,-0.20495914256594,-0.782140129260654,-0.116189149617532,-0.0899466995911207,5.30894173947038
-1.12331086660764,0.0801120834931641,0.0330493344862375,-0.338389428709327,-1.19761900894346,1.17075640068303,-31.2850701704114,0.0827942445823737,-0.961325656702911,-0.125703836963948,-0.0825387883269326,5.23785133171473
-1.12307938697972,0.0798951476559031,0.0332091830114443,-0.338640576979089,-1.19807540677395,1.17044482939702,-27.4592452231536,-0.625870498636687,-0.837123964478593,-0.113352500099728,-0.0854338830016534,5.34321955930271
-1.12294152508742,0.080062804146305,0.0336229300742588,-0.338592212737841,-1.19846101574314,1.17006340004553,-31.1064007683404,0.851873711519374,-0.791320237790956,-0.101002638820406,-0.0842406079128818,5.19574875387796
-1.12292650119909,0.0806040135317634,0.0342773107326468,-0.338257595801644,-1.19877084285652,1.1696118423209,-27.2889737583968,-1.98947716807857,-0.675911437768093,-0.105919818062334,-0.0809982721956261,5.18554856934828
-1.1230605419808,0.0814785729101288,0.0351397378476999,-0.33767387346769,-1.19899618322414,1.16908789410574,-29.2077809336542,-0.971428192697886,-0.71553638267261,-0.103414326968966,-0.0841676452887598,5.10331617115161
-1.12336520035202,0.0826210377523866,0.0361605387565511,-0.336899475064297,-1.19912949840257,1.16849262253231,-27.9042467615175,-0.544333209812294,-0.7871047927772,-0.106365326726787,-0.0837375554060109,5.13310951686934
-1.12385321506016,0.0839432015241393,0.0372749618254129,-0.336010398329813,-1.19916717654261,1.16782938338613,-29.0857224770655,-1.69620766964863,-1.00564812023342,-0.11934164759995,-0.0817665849972973,5.13658875024723
-1.12452098768317,0.0853620125495977,0.0384207322642458,-0.335079265322947,-1.19910985564067,1.16710033942947,-28.3299298225759,-2.72222176484388,-1.13072836970306,-0.136666265308036,-0.0800251473384814,5.23235202300518
-1.12535861409207,0.0867977387737451,0.0395393773188348,-0.334175486763755,-1.19896082677688,1.1663100104714,-30.4747398188575,1.47226826220094,-0.959065265719175,-0.117123334587248,-0.0899704620996388,5.30620216442549
-1.12634555044821,0.0881733557337707,0.0405733581297656,-0.333362464105238,-1.19873275138199,1.16546878545531,-28.8762665516647,-1.60048583723665,-1.04104499012024,-0.119568943800967,-0.087165830173917,5.36023046022395
-1.12745905399433,0.0894497817996562,0.0414920183213834,-0.332674383373414,-1.19843440792501,1.16458110818044,-30.7865492207167,-2.35754333777527,-1.00962714528271,-0.120549041399082,-0.0891710633088761,5.33385420884302
-1.1286679947,0.0905932341557918,0.0422671034337709,-0.33213456452287,-1.19809239921723,1.16366695645999,-29.119052944244,1.01504251172969,-0.6815797450476,-0.102205727037179,-0.0953643419767081,5.44062188341794
-1.1299382051057,0.091583152036196,0.0428787195491409,-0.331750558432168,-1.19774290699057,1.16275387772701,-30.5984930096977,-0.218266001641268,-0.954808986865828,-0.110801243117769,-0.0834403850310363,5.34651240204079
-1.13124500304027,0.0924179933915426,0.0433217500480061,-0.33151300754784,-1.19741967455414,1.16187016956614,-29.6272415032095,-1.26605831025404,-0.916482572036244,-0.117102181039064,-0.0723320617042621,5.31000782608369
-1.13256900622283,0.0931228583106805,0.0436119979421405,-0.331390846336231,-1.1971532232718,1.16104246393971,-29.0059783042602,1.31597337508765,-0.576316015355275,-0.101996387921234,-0.0795736255762843,5.34305544776963
-1.13389521010108,0.0937180841251397,0.0437637408830869,-0.331354109980668,-1.19697417213027,1.16029731786583,-30.3431231567751,0.47035616301082,-0.898943972302305,-0.099558390280718,-0.0810555221421648,5.27987979567133
-1.13521623729354,0.0942204067069747,0.0437900466063406,-0.331374757975569,-1.19690890541551,1.15966040952063,-28.6203535001409,-2.28261095324206,-0.944959915919725,-0.110906692970865,-0.0880925051367448,5.31998055990817
-1.13652249743783,0.094640965668912,0.0437023995380732,-0.331429131830195,-1.19698541207662,1.1591574627869,-30.118682786807,-0.592966145196215,-0.909182627875452,-0.119110053938217,-0.101837710243173,5.35394484377583
-1.13781953310573,0.0950027781124456,0.043526740169521,-0.331490866383816,-1.19720650635395,1.15879418916034,-30.2194125320855,0.203480755034661,-1.22564954021036,-0.128442043784707,-0.0997165330879308,5.42953098321684
-1.13910208804153,0.0953130146726489,0.0432786470613165,-0.331547668378221,-1.19757379726805,1.15857129446135,-29.7177787634886,-2.7062824683137,-1.37458937998224,-0.1470273592139,-0.0916635521229685,5.44802356707305
-1.1403620408264,0.0955782624893873,0.0429747957537316,-0.331591528367816,-1.19807979828575,1.1584773348694,-31.1574804344825,-1.46668849164894,-1.25024929530542,-0.148431412558178,-0.0879583235562358,5.44265874017918
-1.14158422223481,0.0957966091514111,0.0426275037092114,-0.331623388454052,-1.19871497963829,1.15849669246074,-29.9268563758188,-0.191703666179365,-0.970122212559488,-0.125955270746255,-0.0880713701975487,5.53405697870891
-1.14276181638336,0.0959923570025305,0.0422716182695213,-0.331632864859883,-1.19944594635457,1.15859271123019,-30.8607576765116,-2.10953805367717,-0.817334947341323,-0.113540147824575,-0.0807890671741742,5.45893323121877
-1.14387710447461,0.0961765928896856,0.041929811041481,-0.331618840645934,-1.2002440240925,1.15872851310327,-30.4559417246068,-1.29475622773862,-0.623237574428401,-0.103479956442597,-0.0814389151117634,5.43640518936032
-1.14491046614587,0.0963581604914259,0.0416214830976407,-0.331581244360787,-1.20108668756026,1.15887453117823,-29.8302774129919,1.46760022222861,-0.594364871395754,-0.100694699876085,-0.0865946861355394,5.46810974134949
-1.14583903609054,0.0965430891085939,0.0413605846711596,-0.331522255001846,-1.20195303538802,1.15900024254256,-31.010634706842,0.190033987559673,-0.607236672453581,-0.112889944549511,-0.0785951302575703,5.42645677337428
-1.14664686547556,0.0967412404200578,0.041162252132577,-0.331440027351739,-1.20282500403556,1.15908141093323,-29.8470278112072,-1.46382382823367,-0.89232382884623,-0.121878432309587,-0.0787650189709904,5.51564280830393
-1.14732581405077,0.0969554337559702,0.0410350687542762,-0.331335609408449,-1.20368883734613,1.15910195300726,-31.3200373960653,0.503329814423523,-0.966392181450942,-0.133098389555582,-0.0926743215428647,5.56009839638121
-1.14787239966823,0.0971749946665872,0.0409734452410329,-0.331216260610712,-1.20454064337187,1.15905867181425,-31.3031284756105,-0.7774329102715,-1.34095770550897,-0.140199221453509,-0.0971303041428615,5.5992075181457
-1.14829280020017,0.0973866137738844,0.0409689438682743,-0.331090238400421,-1.20538206980647,1.15895801118129,-30.4118316659076,-2.02462958446927,-1.25837311926057,-0.136124513147174,-0.102623848252747,5.61449344706654
-1.14860436723154,0.0975761111152211,0.041012664023486,-0.330965706262425,-1.20621022158388,1.15880533816072,-32.3270843277675,-0.427516761768857,-1.03481475923849,-0.130812976686869,-0.100987281475937,5.59191687095645
-1.1488328053088,0.0977289540510613,0.0410941907008706,-0.330849581829788,-1.20702466992714,1.15861460663196,-30.211634144281,-0.388045142509554,-0.861735082016168,-0.131785981675645,-0.0982359842543489,5.655276025771
-1.1490046457055,0.097818944122924,0.0411935337714078,-0.330756987494428,-1.20782829816514,1.15840268057756,-31.8095492905271,-1.34719919234453,-0.953934263479084,-0.130977695498591,-0.0854523649140442,5.54026914854817
-1.14915205692639,0.0978384096317431,0.0413066507038711,-0.330693375848347,-1.20860970594062,1.15817253332085,-30.693655020258,-0.957595709861835,-0.859160459047388,-0.120774847679862,-0.0786822030787216,5.53617553029135
-1.1493058527421,0.0977804515794141,0.041429551840775,-0.330664836120432,-1.20935685356829,1.15792615338089,-30.2612563979526,-0.134284654777503,-0.621443124889481,-0.113105631341546,-0.0785119154750889,5.52774014174955
-1.14948734705697,0.0976394013245523,0.0415588990966962,-0.330675887370611,-1.2100592394693,1.15766367631803,-31.2693269048927,-1.12456478959894,-0.762600145455622,-0.109459231725608,-0.0792681906632718,5.47153179073817
-1.1497157869659,0.0974221378277518,0.0417005959934926,-0.330725117265415,-1.21069828628052,1.15737316916908,-29.9102357241342,-1.3043211675174,-0.734603894271913,-0.104677318831056,-0.0865817816191558,5.55628792153629
-1.14999264740059,0.0971333529269955,0.0418563367688434,-0.33081192765147,-1.2112667462827,1.15704689513381,-31.5881245606198,0.499428052679377,-0.854286688172039,-0.114587364860339,-0.0950744545747639,5.56914577043605
-1.15031543145749,0.0967955788470967,0.0420403710620447,-0.33092493231733,-1.21175139177917,1.15666681491414,-30.838771251576,-0.914334934115004,-0.97326938570427,-0.129842666111064,-0.09910952561572,5.64020907003508
-1.15067410248648,0.0964208098124137,0.0422561068301137,-0.331057443509024,-1.21215188579226,1.15622558355619,-31.3997065443131,-1.21745530055091,-1.18684930947933,-0.143061211606017,-0.094039606219487,5.63925740777166
-1.15104748450879,0.0960264851436996,0.0425082526514338,-0.331199129940525,-1.21247459144087,1.15571559442341,-32.0108488639319,0.00528329421831586,-1.26613013447877,-0.147542575565274,-0.0932760294719436,5.64942475736306
-1.15140589445085,0.0956189762243564,0.042790517135143,-0.331345970058536,-1.21274420449259,1.1551442117077,-30.9261076708829,-0.0257013780540092,-1.02682148346105,-0.130743008656889,-0.0963620723775319,5.69687236246127
-1.15173146067077,0.0952055559369223,0.043097057418982,-0.331493212466318,-1.21297843019894,1.15451540427303,-31.8244529445881,-0.807312314468845,-0.997725853708261,-0.121228170074003,-0.0932609398153291,5.6175022080762
-1.15199735022806,0.0947785072842704,0.0434074512266249,-0.331645388546584,-1.21321451986707,1.15384953125338,-31.1013604120087,-0.324142165918147,-1.07081526978845,-0.111756162110531,-0.0889225226745161,5.59538026538698
-1.15219150047177,0.0943302563207942,0.0437017056616136,-0.331808449653415,-1.21348513937753,1.15316930825424,-30.5683117312669,0.126506716278755,-0.71150412777061,-0.107795380199505,-0.0894390006779082,5.59645619136665
-1.15231312455015,0.0938533585954211,0.0439624458986818,-0.33199101470855,-1.21381279110018,1.15249168208022,-31.5446447670332,-0.770258786027171,-0.749113260642048,-0.115180528343065,-0.0806862276469538,5.55799791533497
-1.1523737685814,0.0933521677799032,0.0441813920351763,-0.332193961847998,-1.21421288318264,1.15183303465251,-30.3969487418255,-1.35502200301539,-0.952826004949458,-0.121765471474761,-0.0792093426947579,5.61626946921811
-1.15239631725428,0.0928398954164296,0.0443582400674869,-0.332412986225232,-1.21469410322402,1.15121176466221,-31.7405462615531,-1.05097167800932,-1.16013981300227,-0.128618231156519,-0.0864530921277492,5.63937571897111
-1.15240858415321,0.0923354287166118,0.044498469277015,-0.332643321100037,-1.21524814601936,1.1506288734064,-31.722988275873,-0.996264959992686,-1.04331334117083,-0.126615039099094,-0.0943493673820645,5.69912897686778
-1.15245599726089,0.0918696534949035,0.0446199836102512,-0.332871858451291,-1.21584946952012,1.1500817210995,-31.4408118600923,-1.73819266531063,-1.1650078378596,-0.127723039483365,-0.101895933520782,5.73549464098983
-1.15258005098371,0.0914768161461046,0.0447440243017396,-0.333084513119078,-1.2164636653614,1.14955606739417,-32.6106946644182,-0.76584239593717,-1.04075964986001,-0.129977988364092,-0.093996307208276,5.71065948669645
-1.15282736130239,0.0912037602262252,0.0449037729517316,-0.333257385641882,-1.21704379744058,1.14902935933396,-31.1544988273344,-0.493066568783888,-1.04032795235062,-0.122845862391544,-0.0948474490916461,5.74011134273033
-1.15324952402552,0.0911031503209587,0.0451395807342843,-0.333361293522661,-1.21753230724033,1.14847363711033,-31.7907023459418,-1.6000832462405,-0.878125175384383,-0.126392105848518,-0.0869471613530586,5.6584124971493
-1.15388332184701,0.0912138823410027,0.0454799700333512,-0.333374038496867,-1.21788239790618,1.14786518726799,-31.5541827991335,-1.61984449698116,-0.857554281497613,-0.120782757891646,-0.0880638157973425,5.66698522831542
-1.15475589921482,0.0915745921413675,0.0459533553389859,-0.333270476187282,-1.21805289253286,1.14718142752576,-31.0234613594281,-0.220544727188781,-0.775644082579532,-0.114216282908622,-0.0925209334699344,5.72506036273418
-1.15588608434582,0.0922093785218001,0.0465772588086608,-0.333033403854945,-1.21801185223676,1.14640594723333,-32.7199887519636,-0.120797369540924,-0.823042725458748,-0.118234181966526,-0.092716424994144,5.71541526253621
-1.15727866361705,0.0931159516293327,0.0473495972532305,-0.332658639788985,-1.21775048396047,1.14553839332985,-31.4013262940669,-0.689479483044579,-0.973467476158987,-0.114373923905075,-0.0932322419491055,5.80756710705571
-1.1589277063852,0.0942800822009469,0.048258588489662,-0.332148314399606,-1.21727318464976,1.14458620235914,-32.7488535691659,0.344282699734549,-0.849902438933839,-0.120433459821737,-0.0933543264175925,5.79351843595317
-1.16081169287699,0.0956671477314339,0.0492771082787533,-0.331516755566773,-1.21660538254346,1.1435687610422,-32.4438512645258,0.039901408733158,-0.936086006422585,-0.132294203526264,-0.0935316360444129,5.82881775790401
-1.16290133045493,0.0972307319830801,0.050369253756946,-0.330784646408573,-1.21578600486703,1.14251347994338,-31.782109459171,-0.821350466955664,-1.12153123834804,-0.133911581962217,-0.0936165225775344,5.84812681363103
-1.16515620321494,0.0989180432967522,0.0514934226955859,-0.329978746436073,-1.21486226571762,1.14144551411997,-33.4534251154188,-0.623053162039014,-0.818444152122822,-0.132878717832232,-0.09380114236705,5.76479583810395
-1.16753170425689,0.100677376367765,0.0526116609848923,-0.329126720688228,-1.21388247611731,1.14038939756448,-30.7040521492315,-0.626409438822066,-0.909801856451509,-0.126772098286388,-0.0924655952686516,5.80720981695209
-1.16997936969856,0.102460565409493,0.0536894145760813,-0.328254263927318,-1.21289498444303,1.13936580000792,-32.8545192883204,-1.56733636238346,-1.00143312411979,-0.122377796968183,-0.0909049069012657,5.71806297998073
-1.17244100501628,0.104208803323953,0.0546846795290759,-0.327397528121883,-1.21195003420596,1.13839075249932,-31.6503992452078,-1.59473836405914,-1.00930263535997,-0.118681401412362,-0.0879524374984862,5.78322429309653
-1.1748667672877,0.105902331081369,0.0555885173120847,-0.326570242835411,-1.21107254549214,1.13745874206401,-32.3209524045409,-0.0508349806386832,-1.03144147618482,-0.123581927439448,-0.0959774329444726,5.82919926010171
-1.17720484747078,0.107515891812651,0.0563899450406471,-0.325791146883506,-1.21028216740533,1.13655845136888,-32.8224697529149,-0.547824885559749,-1.0270798559288,-0.134769192248219,-0.0909253579352323,5.83567291605554
-1.179409353378,0.109035270953273,0.0570874112493467,-0.325073607338698,-1.2095834261711,1.13566816844414,-32.1865072279165,-0.718304680635583,-0.998766720232766,-0.129740510122205,-0.0902780672021147,5.87287141289419
-1.18143638118063,0.110448605417592,0.0576832531903892,-0.32443058481027,-1.2089739788545,1.13476171142843,-32.7214206411668,-0.960783891598567,-1.02616198032936,-0.134313700650789,-0.0927908959637677,5.85972027361653
-1.18325321097926,0.11174416144222,0.0581817281081936,-0.323873627713182,-1.20844660757716,1.13381817304668,-33.0607834176348,-0.68797507960403,-0.939298850431584,-0.128082159035318,-0.0947071941311572,5.88050976515839
-1.18484115621173,0.112919707128617,0.0585953795096055,-0.323407671526451,-1.20798396103917,1.1328154160594,-32.1039603170738,-0.424866328881762,-0.884667187084403,-0.123707131557911,-0.096817591500174,5.91265822951403
-1.18619478932138,0.113962059416092,0.0589278041410271,-0.323043095111604,-1.20757184147991,1.13174517978483,-33.677813240552,-0.472296557868503,-0.937410251502712,-0.126207397996591,-0.0942976361678384,5.88868335911456
-1.18731127511732,0.114844038394135,0.0591687584714244,-0.322796339173186,-1.20720915732079,1.1306143579597,-32.0689458640011,0.221615665740956,-0.81109964592946,-0.125706690583347,-0.0975901260788771,5.97952802921515
-1.18821630720515,0.115547654395538,0.0593157132052087,-0.322676337970091,-1.20688719021531,1.12943886810919,-33.8715537591121,-0.878294137980902,-0.887540827284369,-0.134215412175759,-0.0929898397764124,5.9278817916766
-1.18894004293948,0.116045822158656,0.059355356346054,-0.322696391473314,-1.20660941373354,1.12824910153323,-33.1788261086681,-0.737582477945807,-1.04648801565858,-0.138398356787282,-0.0960481483156211,5.96605150733985
-1.18952531613183,0.116312999948789,0.0592716967106761,-0.322865829381273,-1.20638399629811,1.1270839369897,-32.7076774105182,0.546098444649033,-1.00050514584004,-0.12761113468579,-0.0991763606737142,5.98917126706657
-1.19001983656104,0.116338695210931,0.0590562830609247,-0.323183520842884,-1.20621861656018,1.12598162257642,-33.924769965928,-0.0991080670887641,-0.92465272086568,-0.126187189516669,-0.0911601000685547,5.88480412277388
-1.19047162066644,0.116122028335385,0.0587027140249099,-0.323641257586714,-1.2061271239874,1.12498393224571,-31.3994129838223,-1.18887007228523,-1.02326514232604,-0.124293172433352,-0.0885917657415888,5.88866204696814
-1.19092776552183,0.11568199712745,0.0582175141579464,-0.324217931399627,-1.20611615506457,1.12412157631312,-33.6048063452299,-0.931392172675942,-0.865998852362566,-0.124340089630528,-0.0906909817761612,5.83265731293938
-1.19142563445233,0.115046225652314,0.0576103237394558,-0.324888115893861,-1.2061874881971,1.12340907881049,-32.319577580654,-0.909218339430481,-0.903558473457196,-0.125804489463619,-0.0954625473134933,5.92332806416213
-1.19199167456692,0.114258296252025,0.0569023218133009,-0.325617319470145,-1.20634018804115,1.12285196194846,-33.1579465115125,-1.54264422976257,-1.05821015529011,-0.131619959052107,-0.096585421165242,5.94973780744673
-1.19263375176319,0.113376563389306,0.0561248918655171,-0.326365103653479,-1.20656382362916,1.12243139539045,-33.5422818198647,-1.14978511447066,-1.07099881232836,-0.138210498021351,-0.0935346860355979,5.97466474491251
-1.19334440466721,0.112461821360302,0.0553118856688142,-0.327090014993399,-1.20684869500599,1.12212277245367,-33.1298028156975,-0.0229997533008373,-1.05026897813306,-0.125050471212512,-0.0968364387168429,6.00928588022953
-1.19410637001089,0.11157192908978,0.0544977533458559,-0.327755322376439,-1.20717566060937,1.12188802394604,-33.4089714902652,-2.167915191764,-1.0561840498296,-0.131806073442147,-0.0922933899423706,5.97217621195515
-1.19488935285357,0.110766048138932,0.0537215999300147,-0.328327651843712,-1.20752035411374,1.12167733988016,-33.463471649766,-0.766480734173683,-0.974988821343601,-0.12425486513817,-0.0957047735753443,5.98124709338383
-1.19565309363902,0.110078246167435,0.0530056851513918,-0.328792390593366,-1.20786565713121,1.12144508743171,-32.4096336056983,-1.22940795920704,-0.940844526639637,-0.123355906911196,-0.0990928389214759,6.01531749391293
-1.1963587527739,0.109530136447074,0.0523671362604203,-0.329142707784396,-1.20819923950918,1.12115679299794,-33.8068260933118,-0.874760354552109,-0.899986528432294,-0.131608835825975,-0.0975989900515675,5.97442301511256
-1.19696819604753,0.109117388136428,0.0518067176096009,-0.329390571222537,-1.20851515665549,1.12078789851792,-32.7034611210688,-0.906834482936802,-1.16522690178579,-0.133871746287801,-0.0984491304305793,6.05090187233027
-1.1974536193587,0.108818489820649,0.0513134543618945,-0.329558585563713,-1.20881256281811,1.12032649746208,-34.422690184311,-0.0460753450818174,-1.08724517542811,-0.137586037560883,-0.0993222921177032,6.05770265209216
-1.19780959207522,0.108616729931513,0.0508827166790373,-0.329666839418896,-1.20908504554345,1.11976682594465,-34.142443615193,-0.554747911233108,-0.948840644328982,-0.139063117398146,-0.0991058252619886,6.10169526363182
-1.19803323856742,0.108457362701134,0.0504787513274707,-0.329756252015139,-1.20935257375782,1.11913434224819,-33.1761622346868,-0.58847138749843,-1.00469636798766,-0.132892969111907,-0.0992675385671594,6.13179490308544
-1.19814685269578,0.108301669847672,0.0500781321533434,-0.329855494258435,-1.20962628391591,1.11845820903289,-35.2053313847032,0.213369763315768,-0.891790448078353,-0.132169609223089,-0.0957583839149432,6.04782107635
-1.19817671319092,0.108102235875586,0.0496478917058549,-0.329998539552331,-1.20992687466888,1.11777695225566,-31.9489323997682,-1.85407541022528,-0.915926316211113,-0.129544762416776,-0.0942137945160713,6.07170829030841
-1.19816275389301,0.107830278521292,0.0491649928090949,-0.330202609285284,-1.2102730011009,1.11713183994268,-34.52857972912,-0.58389356474413,-0.926199324095109,-0.131841350749362,-0.0904255918492687,5.95792467487391
-1.19815085012816,0.107464584437818,0.0486112119116242,-0.330479052454558,-1.21068290787444,1.11656396239143,-32.4358333637289,-0.96357950628817,-1.08176596215949,-0.127240066202865,-0.0915341427485497,6.02481980407851
-1.19818590935282,0.106997498068019,0.0479758233674727,-0.330829606662909,-1.21116913457078,1.11610523882596,-33.7573763935853,-0.374553790417622,-1.14730405643667,-0.126941179933567,-0.0942019000426289,6.00529900670766
-1.19830544065548,0.106443595532589,0.0472615345846426,-0.331240148613654,-1.21174337301521,1.115781113451,-33.4293459421108,-0.982745214727629,-1.0419671254495,-0.13176983363819,-0.0935874321439923,6.00671891748004
-1.19853669479499,0.10582798505351,0.0464791309870867,-0.331689581024773,-1.21240793068907,1.11559869711176,-33.3990128502588,-0.960642711215996,-1.1013475225493,-0.130941699049227,-0.0980789577945809,6.0378813554348
-1.19890107665986,0.10518719664332,0.0456488810708766,-0.33214839780147,-1.2131609153416,1.11556066782279,-33.6325670041156,-1.75013946673084,-1.17870386062188,-0.14069774883013,-0.0954076836605301,6.04748243850001
-1.19939609091842,0.10454833390344,0.0447852341559571,-0.332596706085986,-1.21399881126986,1.11565268725366,-33.9958769464416,-0.103789483035825,-1.08007118840533,-0.13277381099129,-0.0958312915805508,6.07053696092551
-1.20002029604738,0.103944634341539,0.0439116090630225,-0.333011008456822,-1.21490486719606,1.11585054551167,-33.4117311292574,-0.836896510605811,-1.11739424629494,-0.133983983511999,-0.09488243813016,6.1003442019093
-1.20076166475063,0.103406956493333,0.0430535196889645,-0.333371030517289,-1.21585830665244,1.11612279501544,-34.7101089774561,-0.749651027861773,-1.11949441067435,-0.140085899098194,-0.0954558804766881,6.11330617554292
-1.20160751632242,0.102961207620565,0.0422374450151044,-0.333662587558757,-1.21682672753295,1.1164244356595,-33.8268746459382,-0.240380198937373,-1.08274211215718,-0.137053688466061,-0.0981418791360949,6.21425482878423
-1.20253909369946,0.102613497627488,0.0414785286409476,-0.333884836069204,-1.21778113589619,1.11671499337977,-35.0182878140146,-0.244326660848174,-1.1104333203331,-0.137719576195217,-0.0964213133557368,6.20878483345143
-1.20354675952065,0.10236268320403,0.0407898597493679,-0.334042396518161,-1.21868661016583,1.11695468232007,-34.6575752262738,-0.284207995762017,-1.10461541109919,-0.132401824786304,-0.095828354912694,6.21536258179657
-1.20462380416562,0.102199436224555,0.0401805007693194,-0.334145626040002,-1.2195105760615,1.11710849607684,-33.9414577614015,-0.177991761021531,-0.868361659735228,-0.132750968961753,-0.0960267276297739,6.2141656415252
-1.20577046386294,0.102113388230181,0.0396588603055057,-0.334205543145891,-1.22021949989547,1.1171442964145,-34.804298726207,-0.511166165871373,-0.974390428577578,-0.137053256611875,-0.0948135613191353,6.13881186555068
-1.20699090266096,0.102089822234958,0.0392303379429124,-0.334236221367418,-1.22078434177241,1.11703705684382,-33.5779549694438,-0.755699914841216,-1.01368034863305,-0.136117186609666,-0.0996217115200297,6.18372372752118
-1.20829575448687,0.102118729270447,0.0389024660904851,-0.334245665264276,-1.22118095733508,1.11677098605012,-34.4337618031725,-1.28534390367258,-1.11399235132757,-0.144943958171659,-0.102639031646647,6.17483022901766
-1.20968365771143,0.102169227366053,0.0386629395548235,-0.334255753541351,-1.22140499150593,1.11634372047964,-35.0686602604202,-1.50498723235455,-1.25811403393561,-0.146396999893053,-0.0977857603301346,6.24061285909453
-1.21115735775275,0.102232353520522,0.0385132613311026,-0.334271136604875,-1.22145350481744,1.11575909897679,-34.1718126851861,-0.934960305231925,-1.18102215922272,-0.146427105887277,-0.104042569997839,6.3388743285533
-1.21270740478311,0.102294768240487,0.038446382820317,-0.334296552211125,-1.2213437020646,1.11503354383884,-36.6597962515558,0.0737123227895609,-1.22258209431564,-0.15170604077396,-0.101687808430258,6.3100263564262
-1.21431047675291,0.102341640689334,0.0384516218846109,-0.334338389467856,-1.22110394655094,1.11419021000355,-34.2656283130088,-1.11083262953525,-1.04105225672194,-0.148994074218793,-0.102180181956035,6.38899783173087
-1.21594118872703,0.102366351019631,0.0385222216715067,-0.334395481301512,-1.22076717483487,1.11325797901386,-35.8829955378757,-0.376237907826862,-1.03880003518213,-0.13904168049923,-0.0955060258844015,6.3023700582102
-1.21755370295591,0.102350062101669,0.0386384112565967,-0.334472204795845,-1.22038609529438,1.11227701106406,-34.5601057412909,-1.15911387602409,-0.908679732942034,-0.136367734837227,-0.0959497730285185,6.27679349993931
-1.21910553184738,0.102287066815382,0.0387914523740251,-0.334566635870141,-1.22000690044677,1.11128359692135,-34.3590636556577,-0.777089124197346,-0.863048944343433,-0.135897809903359,-0.0981350661697348,6.26515922463759
-1.22055352355771,0.102164424637713,0.0389671477833553,-0.33468158976518,-1.21967461960009,1.11031316673744,-35.1563718483247,-0.789448978866858,-1.02440916957357,-0.14152143570255,-0.102282576992291,6.2722105074739
-1.22186120045663,0.10197535077206,0.03915673796446,-0.334817056252312,-1.21942491929539,1.10939486050176,-34.6842945576219,-0.520790316162447,-1.13991674604807,-0.141462970555648,-0.103734003346209,6.38656945185718
-1.22300251055244,0.101718217465458,0.039357011454537,-0.334972483363503,-1.21927971013033,1.10854685941678,-35.9193370169347,-0.540078013635139,-1.21375067978241,-0.153342985867693,-0.107362856254811,6.42482857959182
-1.22395982295278,0.101389931823049,0.0395641972953285,-0.335149179592347,-1.21925539930265,1.107784599576,-36.340424687441,-0.491282596076189,-1.27048874426777,-0.163575140851318,-0.108969548589545,6.4863171553514
-1.22473726789308,0.100994822387364,0.0397810460416068,-0.335345605179629,-1.21934769327369,1.10711123163286,-35.6738935336633,-1.27112623533367,-1.15611172580688,-0.156663933841614,-0.108953740276027,6.54601877519169
-1.22535853810752,0.100539305545301,0.0400136017066368,-0.335560351559486,-1.21953583605945,1.10651953006194,-37.7433668872802,-0.388371260851727,-1.23749696724019,-0.154333877015365,-0.106589252733759,6.48860834895527
-1.22585028219168,0.100034541279478,0.040268749921867,-0.335790554123209,-1.21979470576744,1.10599437250893,-34.9126239689124,-1.40817742141508,-1.11729438363318,-0.14974372729165,-0.1032519144351,6.54622338724202
-1.22625579299453,0.0994923942637209,0.0405540063165086,-0.336033901747881,-1.22008639365607,1.10551335145151,-36.6732335495578,0.60951961888054,-1.15008183677435,-0.136072790397376,-0.0961571916413805,6.42953702781673
-1.22662030533674,0.0989247550253927,0.0408740788836313,-0.336287652669131,-1.2203744891598,1.10505470545809,-35.0548373822867,-1.35568744048987,-1.00876622148866,-0.131131575566317,-0.0893119322125436,6.35035861672916
-1.22698474366207,0.0983637348977613,0.0412447419012882,-0.336535498352884,-1.22062202126054,1.10458948551638,-34.5752486924293,-1.61515065384401,-0.944576473121515,-0.13085025287474,-0.0878354698503468,6.3002890182347
-1.22738406885309,0.097827932911442,0.0416705312575549,-0.336771184787969,-1.22079860528784,1.10409165308384,-35.5736990724018,-1.04280934555663,-0.924869234376331,-0.131637030963029,-0.0977658448441649,6.31499934965683
-1.22784003002858,0.0973350838228173,0.0421510387219013,-0.336986867940194,-1.22088898492428,1.10354338334097,-35.1804564240927,-0.959903777297313,-1.09208973123475,-0.138165398548667,-0.111724393837074,6.44475548989084
-1.22836139130764,0.0969136026815409,0.0426901777942681,-0.337166031691815,-1.22088843186866,1.10293219807725,-36.5711521746136,-1.36764321556848,-1.28075536656277,-0.155759474007188,-0.111712948562905,6.49588879931501
-1.22893969919471,0.0965743529825005,0.0432773971032931,-0.337304131412831,-1.22080775602919,1.10225339796548,-36.6174574839047,-0.324586327735915,-1.41084530103265,-0.164602517182815,-0.116839345499562,6.58987013901109
-1.22956396669833,0.0963368480504299,0.0439096088633899,-0.337391499128347,-1.22065886884898,1.10150503304746,-36.1153967581628,-0.952075318857851,-1.48250001761517,-0.157442144712535,-0.10990812522897,6.60031082087595
-1.23021212963545,0.0962233063595717,0.0445857955599223,-0.337417088652082,-1.2204614838959,1.10068878899453,-37.1788339164559,-1.33658255295904,-1.44699639254029,-0.153999428943402,-0.0960889634722325,6.50978125722866
-1.23085379306404,0.0962413200662935,0.045294243545801,-0.337379663512681,-1.22024570165945,1.09981575168052,-35.197260653612,-0.0755926584795361,-0.946902035020742,-0.137449748363248,-0.0972013779032598,6.53181171468601
-1.23147096608568,0.0964027812776207,0.0460303384800813,-0.337275749100981,-1.22003101956704,1.09889646926081,-36.5719508087006,0.0302100037663422,-0.718788847651354,-0.121407600409176,-0.0960969626895788,6.43988650535714
-1.23204665854334,0.0967101660585579,0.0467849563547778,-0.337108683424888,-1.21983710407435,1.09794439318941,-35.1278170406557,-1.52287166317228,-0.796773916068588,-0.122294205783119,-0.0934233049126451,6.43796188057652
-1.23257111185078,0.0971668758034223,0.0475520915853969,-0.336882333162805,-1.21967272838921,1.09696670434511,-35.6316633036138,-0.441241649404219,-0.940013019752939,-0.127909792258027,-0.0956126266115444,6.47220963196433
-1.23304688976734,0.0977608358499333,0.0483173710389215,-0.336608803043622,-1.21954514735658,1.09597820050232,-36.8053546198544,-0.319435876544276,-1.01745425124426,-0.142520258923221,-0.0987967277844143,6.512250073402
-1.23347973853797,0.0984604809480478,0.0490542541775436,-0.336311419629633,-1.2194614044317,1.0949962092221,-36.380273034904,-0.92633203676337,-1.30951309194367,-0.152424526569678,-0.100086663976947,6.59447871750818
-1.23388576832861,0.0992299591613808,0.049735537665675,-0.336015133425655,-1.21941972344857,1.09403549038642,-37.0210592227842,-0.941620287155502,-1.35284285253488,-0.160167131633017,-0.108015530871067,6.62380227687856
-1.23429198856119,0.100037651236452,0.0503390636475622,-0.33574040655712,-1.21940729865465,1.09310344869639,-37.3156094349446,0.118380523253109,-1.06252555075423,-0.151794141983622,-0.110891380720493,6.63663092462735
-1.23470834982484,0.100825807844625,0.0508211845892048,-0.335521114420581,-1.21943171382467,1.09221983756301,-36.0008148684151,-1.57961899149359,-1.2144999559838,-0.150367472458125,-0.110570654203885,6.62032231448096
-1.23515892541554,0.101552730130532,0.0511544141143723,-0.335377766039655,-1.21949046217076,1.09140115080937,-37.0726582305766,-1.65104812977097,-1.28144056077221,-0.142607483827352,-0.104537733512125,6.56472883643088
-1.23565186095322,0.102161827741859,0.0512996086678805,-0.335339816274063,-1.21959313872289,1.09066602630424,-35.8138392038401,-0.175433406697493,-0.986214374703565,-0.129073791714817,-0.1026113469747,6.6393893262349
-1.23618355954037,0.102607342548448,0.0512243060110809,-0.3354289989767,-1.21975512257531,1.09003067804022,-37.3834287905036,-0.417465394811416,-0.96235188733479,-0.13497337015398,-0.0935582349779515,6.59057178030214
-1.23675269808022,0.102861111464613,0.0509130979112702,-0.335654224141055,-1.21998654503284,1.08950624113596,-37.0081726634998,-0.849384264239916,-1.09317007160715,-0.136642436576356,-0.095244445813267,6.66764578317378
-1.23735276582285,0.102903323444264,0.0503597826228814,-0.336019487206098,-1.2202990683532,1.08910110789361,-36.8166693509596,1.60096096684424,-0.923429272581643,-0.121062440594275,-0.100950384982115,6.73967574916789
-1.23796500864432,0.102727400636914,0.0495688416490152,-0.336521180019606,-1.22070833533327,1.08882104048751,-38.494489658802,0.901355827630823,-0.910747922871593,-0.128618446357895,-0.0969645422130775,6.63393857272737
-1.23856766692049,0.102339453488359,0.0485562397178354,-0.33714871905615,-1.22122446055416,1.08866230908386,-34.8940800698475,-2.30067484758774,-1.24099137736712,-0.140632743788006,-0.102450624769227,6.61209768038402
-1.23914379882145,0.101768301686964,0.0473587543470126,-0.337879870218651,-1.22184453707318,1.08861107500459,-37.3714284583076,-0.88881287365507,-1.21210037407508,-0.138346789508235,-0.103181097496685,6.48330070795218
-1.23967269631432,0.101048779644293,0.0460189711222374,-0.338688102299597,-1.22256636684493,1.08865175309729,-34.7437935566309,-0.697730342985778,-1.07455770507437,-0.140107845084151,-0.108736312148922,6.5193578886719
-1.24014420879593,0.10022591686231,0.0445900804485302,-0.339543731636507,-1.22337122365768,1.08875714437075,-36.4471122381947,-2.78921315001685,-1.35052515636855,-0.152870405558101,-0.104478098814421,6.4964848636733
-1.24055754042701,0.0993548129321074,0.0431340210389546,-0.340410892533314,-1.22423244231045,1.08889687759769,-36.2720324025311,-2.10636203460899,-1.36342990959167,-0.153502014917194,-0.106336109471895,6.62721127256153
-1.24091819195625,0.098496895166547,0.0417162959178987,-0.341248889178688,-1.22511834538088,1.0890369653967,-37.8597475918841,-1.02597576503513,-1.28472957609412,-0.143166792361214,-0.109841355950645,6.72057036491358
-1.24123242635528,0.0976982604301329,0.0403876984750002,-0.342026980750871,-1.22600030456218,1.08914953815084,-37.2756011485765,-2.27080787458158,-1.23169563060912,-0.157278895842674,-0.0992246083077225,6.74512699140243
-1.24151918331109,0.0970170690840098,0.0392057111627666,-0.342706535068837,-1.22684179885698,1.08920131879526,-38.4797865644238,0.596556178563333,-1.09286898302307,-0.141008093328024,-0.101055310318418,6.76531263123508
-1.24180502495233,0.0964944182997671,0.0382127494419604,-0.34325935644736,-1.22761080744096,1.08916932462848,-36.6565547697367,1.38392843616793,-0.866661349705396,-0.125078686559193,-0.0991327599549875,6.79122827231194
-1.24211481021654,0.0961599276004801,0.0374376299965693,-0.343663541235049,-1.22828322297766,1.08903704464219,-38.2219333641176,-0.570976982923867,-0.960065193328973,-0.128824487473078,-0.0914522538824466,6.66035057545189
-1.24247722211742,0.0960410762199428,0.0369038804618702,-0.343898985991309,-1.22883756888548,1.08879240409853,-35.5665028907497,-0.663601632585824,-0.704590896482813,-0.123290109241249,-0.0945637048168863,6.70365763312739
-1.2429228199182,0.0961473246688129,0.0366197202765572,-0.343956587144334,-1.22926004206429,1.08843495312637,-38.4576733685398,0.116439980923815,-0.978761339752538,-0.122303947314243,-0.100645323101852,6.63511813342712
-1.24346524450697,0.0964543724253728,0.0365634222067395,-0.343849582215058,-1.22955759100911,1.08797831700918,-36.4407033192097,-0.818711457102381,-1.04666270554864,-0.138288060555016,-0.105022733252835,6.71495232063825
-1.24411790014778,0.0969410276875164,0.0367153017931505,-0.343590235450729,-1.2297352595724,1.08743826321425,-37.5081170642034,-0.324154973302029,-1.20062968393631,-0.138681279449722,-0.109920065421062,6.73471678596687
-1.24488092087752,0.0975587873773485,0.0370347413862457,-0.343209461840644,-1.22980969968439,1.08683849125848,-37.7553901141126,-0.380801599117149,-1.31356862935772,-0.144522248032101,-0.109790643078252,6.70681832241479
-1.24574242841809,0.0982490229901085,0.0374747718404491,-0.342745347293668,-1.22980530527702,1.08620935088817,-36.4740670633633,-2.6501643339368,-1.5554278496293,-0.156921701207034,-0.105939714647261,6.678014726882
-1.24668848472543,0.0989501953100103,0.0379882628737616,-0.342239749272731,-1.2297414437456,1.08557878959649,-36.7818030953017,-1.81323320868091,-1.41077874443425,-0.157502468357473,-0.104930892856541,6.6298448459486
-1.24768907756459,0.0995966708340967,0.0385240088200509,-0.341736016878596,-1.22964505733085,1.08497568588569,-36.8275333137297,-0.405338854938009,-1.21992377360212,-0.14065156028581,-0.108719394827399,6.64945494185579
-1.24870895938327,0.100132588151502,0.0390395503869727,-0.341271383060799,-1.22954296374028,1.08442735543116,-36.9065261794127,-2.80890334794367,-1.32414227279062,-0.141736711131768,-0.0981894227953218,6.66490041625514
-1.24971666860973,0.10050837551141,0.0394969182601423,-0.340879512584822,-1.22945650668719,1.08395571524656,-37.5916280551689,-1.68627298069055,-1.20420444494161,-0.143285772088669,-0.0962879903039156,6.75359845922927
-1.25068113673273,0.10069519840144,0.0398728340100618,-0.340581639424118,-1.22939626610419,1.08356620214446,-38.5744495173809,1.5146479387131,-0.981005429844402,-0.129657115914727,-0.103465390347358,6.92063401707568
-1.25158464006751,0.100676972600676,0.0401522845651057,-0.340390599021135,-1.22936871969947,1.08326311562128,-38.8906592589067,-0.478801729480665,-1.00691019018907,-0.146798235126258,-0.100213752137543,6.96872618869524
-1.2524182520401,0.100470153644201,0.0403417778960595,-0.340298535290611,-1.22937267673173,1.08303765095878,-39.5739381432923,-0.314314904181629,-1.23663187069445,-0.150781069687903,-0.101342593912238,6.97227392826527
-1.25317437590262,0.100094705804188,0.0404446525718729,-0.34029608090699,-1.22941037374187,1.08287942644978,-37.7073043222907,1.08713055519547,-1.00975043046208,-0.135442214904293,-0.105302462321681,6.98589265167871
-1.25386091470912,0.0995832394269138,0.0404721975253768,-0.340368133763681,-1.22947736498165,1.0827712428923,-39.7019119690788,-0.0798734975471689,-0.964238845105541,-0.142440901032025,-0.104999301904481,6.79993703977453
-1.25449667048528,0.0989928882799855,0.0404510407768603,-0.340484453664262,-1.22956235050443,1.08268829888768,-35.7454741539689,-2.18077591770361,-1.15597934805808,-0.148160883966676,-0.108767367108272,6.8266759515726
-1.25510464790787,0.0983738925062614,0.040401060511895,-0.34062166073384,-1.22965642606539,1.08260755476368,-39.1607662420687,0.61371393057766,-1.11312732815489,-0.137439321090305,-0.113849818180499,6.7599928036256
-1.25570367934106,0.0977570843392321,0.0403249373555954,-0.34076898787057,-1.22976124504379,1.08251436543221,-36.9714717021147,-0.811906575224384,-1.24456668302111,-0.149256625984997,-0.112467206717396,6.8328794616316
-1.25630730976803,0.0971856072834782,0.0402347970905625,-0.340908095279157,-1.22987764497427,1.08239176693413,-37.8765700279065,-2.00523387338581,-1.34495686929154,-0.168364943260679,-0.109509003891167,6.82495073204051
-1.25692357860165,0.0966688641233118,0.0401201411816143,-0.341042194752355,-1.23001576848584,1.08223628954353,-38.6678498047424,-0.534651862589044,-1.29601498069812,-0.162512390802533,-0.109678540533346,6.84518267302643
-1.25755102462162,0.0961952593846522,0.0399575271400514,-0.341185568336093,-1.23019611078462,1.08205763906154,-37.64756067935,-1.70912596300741,-1.23163789421531,-0.155822103791485,-0.108086789333475,6.88671180276474
-1.25817647857338,0.0957463454747725,0.0397205910652947,-0.341354412979682,-1.23044135879716,1.08186751428361,-38.4736755320915,-3.21482475688845,-1.28067393324687,-0.15642036837319,-0.0992139794466953,6.8468462549388
-1.25877558249511,0.0952791446668275,0.0393681939242789,-0.34157670662202,-1.23078895527862,1.0816973267385,-38.313560856484,-0.500283272282559,-1.04571309154329,-0.142224631834807,-0.104589644844838,6.9191840955741
-1.25933332615349,0.0947670245909435,0.0388770833642638,-0.341868409177953,-1.23125849352825,1.08156987329613,-38.3913305545986,-0.191972143733892,-1.05318417865246,-0.139633380589758,-0.10454757964355,6.94648561211045
-1.25983497064917,0.0941887645575719,0.0382325568548052,-0.342238626421223,-1.23186517573675,1.08150750280027,-38.7110339396644,-1.29673383844056,-1.18779767271553,-0.151670903474822,-0.10150464156407,6.92537207542927
-1.26027217655422,0.0935390936075731,0.0374351595638043,-0.342683960065249,-1.23261435878574,1.0815261982339,-38.3937271355276,-0.352738317055127,-1.11173314400244,-0.14695813842873,-0.105481283008341,6.9936662836206
-1.26065371914997,0.0928374746953722,0.0365077108367093,-0.343184528301068,-1.23349267078344,1.08163127234038,-39.1853590047713,-0.433755956545838,-1.25290445321878,-0.149305009883235,-0.105532357131218,7.01449531212977
-1.26099660550967,0.0921122556627108,0.0354821368924652,-0.343715096399538,-1.2344802028549,1.08182095810634,-39.682641214811,-0.66137352303781,-1.29491748588538,-0.158752401635453,-0.113968309989882,7.08869940631329
-1.2613389691575,0.0914301514667226,0.0344234787688193,-0.344227775866529,-1.23552706630231,1.08206867514426,-38.9901863324768,0.176776234551426,-1.29789218256172,-0.161900352740001,-0.127704912601913,7.18349531550521
-1.26172979133193,0.0908741800559429,0.0334101188283191,-0.344665888928666,-1.23657372603923,1.0823396290988,-41.2020807897752,1.13378464553557,-1.24694133407715,-0.170934559328373,-0.126439356350112,7.12129398390798
-1.26221334707109,0.0905105455084696,0.0325090049776149,-0.34498694291272,-1.23756190030313,1.08259076284794,-37.9191261233358,-1.84231721420747,-1.45872728195906,-0.1749358826325,-0.114588996726087,7.12745287224539
-1.26283955196145,0.0904044225306215,0.0317886005575829,-0.345151589024188,-1.23842760124196,1.0827745560643,-39.8937222327172,-0.693605017409482,-1.21619393066953,-0.158405497840459,-0.100602856133205,6.97585184312062
-1.26364821204324,0.0906061592845973,0.0313074692822839,-0.345131917924194,-1.23911355878393,1.08284234798934,-38.047310706808,-0.954702813280619,-1.21540997930293,-0.149646674848913,-0.097772382693351,6.93386727095982
-1.26465560352045,0.0911247118840812,0.0310932505082915,-0.344929296120422,-1.23958226571373,1.08275662700218,-37.8303780305399,-1.8772836308442,-1.13499341872838,-0.148652231682267,-0.0992261473293859,6.88720928180944
-1.26586937923055,0.091948613459448,0.0311583042083436,-0.344556631867702,-1.23980807444019,1.08248955244645,-38.3525076431118,-1.60260126926732,-0.99756035171913,-0.143208264492914,-0.109539470226894,6.89647484332811
-1.26726706878762,0.0930196140873694,0.0314795788760813,-0.344054391450934,-1.23979892468789,1.08203793254941,-38.2260385774923,-0.594097108710912,-1.01416537751231,-0.144556388929597,-0.111142574115743,6.99029064066675
-1.26881105293173,0.094255607946141,0.0320144962963249,-0.343478529833859,-1.23957903494361,1.08141175059413,-39.2018398404783,-2.21722006954451,-1.32835805940388,-0.173775060804633,-0.106031929883586,7.04065209468412
-1.27045028149116,0.0955634650596018,0.0327110692866357,-0.342888551835685,-1.23918452645196,1.08063121498655,-40.0654665339023,-1.21900614358515,-1.54793496519395,-0.176339921822831,-0.115156991011412,7.16605125582365
-1.27212718529713,0.0968323465540575,0.0334999343769906,-0.342350970137158,-1.23867225040848,1.07973884507611,-39.8637648734524,-0.0417072894069861,-1.47078353220516,-0.166060433936227,-0.117895305785836,7.27254574528133
-1.27378032401518,0.0979808790698549,0.0343293683004158,-0.341908552886198,-1.23810285794839,1.07878031625132,-41.4683591801551,-1.06367063959146,-1.44937221177696,-0.171984281130347,-0.119080982864841,7.23832227392795
-1.27534992165556,0.0989211970221184,0.0351379754831442,-0.341604355422717,-1.23754826171454,1.07781640822142,-39.340256024219,-0.520861599359478,-1.26425031894485,-0.1581364797174,-0.120928316933295,7.27735494516181
-1.27679088302981,0.0996152216549557,0.035896704780819,-0.341450400256256,-1.23705901161273,1.07688861922366,-40.9175508337471,0.329010840940782,-0.954219299401899,-0.146082029023911,-0.11746708764229,7.16976411879226
-1.27807453386446,0.100067223491243,0.0366021880063272,-0.341427503905773,-1.23667700307,1.07603566292805,-39.130322804892,-0.618422698459199,-1.23809096772712,-0.147020146103308,-0.106158609325464,7.12759068749131
-1.27918564812575,0.100309063060558,0.0372672152999711,-0.341500010714327,-1.23643039625529,1.07528506782975,-38.9810925437416,-0.763443026054347,-1.17519110218325,-0.15312223433495,-0.102134530341975,7.0996252231425
-1.28012648722479,0.100396438229183,0.0379185759526159,-0.341620431124626,-1.23632787327453,1.07464878344789,-39.6680332124979,-0.947950636281575,-1.11293970002066,-0.154277898204264,-0.104570456669123,7.10000205162793
-1.28090182338266,0.10038965349508,0.0385819595228931,-0.341740161442773,-1.23637382511867,1.07413032202594,-39.3105617920976,-1.2597092081453,-1.40595927083325,-0.159471379407835,-0.111126753328827,7.18071687998192
-1.2815262530091,0.100359671557037,0.0392869188937883,-0.341807300445158,-1.23655867957148,1.07372178382871,-40.2181852228898,-2.5219586253977,-1.50918820366962,-0.173751952417254,-0.119852022489623,7.22102699947079
-1.28201694998036,0.100362963603781,0.040052961439845,-0.341785550437259,-1.23686508000059,1.07340461164467,-41.1786256447668,-1.00252580796132,-1.55303486789848,-0.174434662526926,-0.124637645687414,7.30937407534852
-1.28239270208326,0.100444667149311,0.0408911011080313,-0.341649179113812,-1.23727239203631,1.07315782023625,-39.9726493414183,-1.09990471830315,-1.49380443390314,-0.17524635575742,-0.122288297581252,7.37221818573204
-1.2826700269624,0.10060897587486,0.0417838333182436,-0.34140369380124,-1.23776399628641,1.07296411581155,-41.935135412201,-1.06468943487471,-1.45213976715669,-0.173863482003245,-0.110909273426118,7.26612034518391
-1.2828611477024,0.100836446384564,0.0426988976980169,-0.341073335043127,-1.23832439280259,1.07280565544454,-38.8349228529237,-1.16356133896829,-1.24733464623185,-0.160926186156149,-0.107837270248328,7.28623487958823
-1.2829778410243,0.101086063396161,0.0435920206825402,-0.340698247709831,-1.23894133393183,1.07267030537409,-40.8802464522486,-0.495321968758844,-1.16747493780591,-0.147095710074394,-0.102490332295794,7.16574232877533
-1.28303013341922,0.101291433980332,0.0444048360485541,-0.340337511437363,-1.23960678925214,1.07255113992529,-39.3399651564614,-0.882739062825976,-0.968143534802152,-0.138183644351971,-0.106905858014777,7.20900568428344
-1.28303652398181,0.101402919889669,0.045096499150507,-0.340038063171808,-1.24030847976428,1.07244326643066,-40.429035516456,0.343841538558991,-1.01792753755888,-0.137815096155352,-0.115056715200375,7.26036952723952
-1.28301321183615,0.10137736833,0.0456330668693172,-0.339842974482021,-1.24103262885212,1.07233895871817,-41.1734464452495,0.181567249978571,-1.19320285056972,-0.154101831281312,-0.120131318461392,7.30168120252283
-1.2829815081579,0.101178702646432,0.0459912286453672,-0.339790300424509,-1.24176372656646,1.07223259634088,-40.5211748775986,-0.511540947157755,-1.43901504240378,-0.166922959547065,-0.120956612501041,7.38578216789993
-1.28297398236815,0.100808734841663,0.0461792265722614,-0.339891367093424,-1.24247328258168,1.07211110213252,-41.7143808773482,-0.968302934376879,-1.50659238971195,-0.176948738822429,-0.119211460542135,7.38472770571866
-1.2830135821394,0.100288223387531,0.0462176047232055,-0.340142256687582,-1.24314058931028,1.07196229224623,-41.099628829802,-0.745487767215764,-1.51941378774649,-0.177447911122592,-0.116607652267204,7.40885662504729
-1.28312909756015,0.0996766425509836,0.0461556172601862,-0.340510209515706,-1.24373726030008,1.07176913679165,-40.5393528502761,-1.62266178379195,-1.47430962277093,-0.171196428041219,-0.117807703891578,7.37398749679645
-1.28334183961636,0.0990374715206954,0.0460420200259113,-0.340956171623493,-1.24424610044904,1.07152185410614,-40.77416084257,-2.22371663329932,-1.43320420937243,-0.16222051744892,-0.116621830067618,7.28553523302607
-1.28366268769626,0.0984520795785198,0.0459356493678431,-0.341428748697846,-1.24464573376352,1.07119875375741,-39.7410868325765,-1.07593783035918,-1.28270338443826,-0.152893950774822,-0.116122306273042,7.29091548178066
-1.28409303426886,0.097989160809977,0.0458818904024294,-0.34188139285765,-1.24493092496124,1.07079117624759,-40.8487838376317,-1.20538247543595,-1.21093143025843,-0.158071412553092,-0.107731198371673,7.27066538838046
-1.2846316410543,0.0977163785426063,0.0459223593954443,-0.342266375481747,-1.24509842241004,1.07028967429289,-41.1665325929483,-1.08987159867092,-1.27825029293692,-0.157854800605029,-0.105535774117851,7.38731774765705
-1.28525684217638,0.0976716416800363,0.0460707110200516,-0.342552983762758,-1.24516542684507,1.06969745936775,-41.0946431278245,-0.180862467441784,-1.22047741460312,-0.152788397231785,-0.113055852827305,7.51413966131351
-1.28593983064657,0.097872127730338,0.0463233127262319,-0.342722111025764,-1.24516241284636,1.06902899838928,-42.7635139237657,0.652245384391563,-1.33816016269574,-0.160175415253281,-0.108541416177204,7.45774252879154
-1.28665392700532,0.0983172946875497,0.0466637315432608,-0.342764462138398,-1.2451239704115,1.06830660125337,-40.4885230023881,-0.815686903759115,-1.33870619898136,-0.157160416698725,-0.112628720322525,7.4448294168059
-1.28736479492479,0.0989851210287878,0.0470590451873705,-0.342684258572175,-1.24509383366713,1.06755842421155,-41.6219974076184,-1.24786000510107,-1.26427728661869,-0.151111243280352,-0.116650407662553,7.3673839816956
-1.28804841165935,0.0998341336589306,0.0474646248877,-0.342497516449974,-1.24511576580565,1.06681911191684,-40.765525997817,-1.62525003468795,-1.2393930106868,-0.142648594451774,-0.12143433797934,7.3985074315109
-1.28868033867477,0.100812666754027,0.0478322804103284,-0.342228125404207,-1.24523329149113,1.06612380267085,-40.5463897728477,-1.66814554967823,-1.1554653462473,-0.148625277451082,-0.11667214317947,7.42183623152695
-1.28924951304187,0.101876451141532,0.0481254151440089,-0.341895188452042,-1.24547684506601,1.06550206752965,-42.274723583265,-0.74858310328068,-1.16608468961763,-0.160540211214319,-0.116185076701172,7.42218257468762
-1.28975544337031,0.10298556608333,0.0483169151470919,-0.34151696963238,-1.24586895041392,1.06497986871985,-40.4165845621906,-0.132414993743168,-1.32260778282267,-0.159002211822273,-0.118468869196078,7.51860215750167
-1.29020447858941,0.10410567187706,0.0483898686359223,-0.341109717538977,-1.24641877172371,1.06457222735965,-42.7274493385108,-0.381653105657961,-1.3344438942176,-0.1659806100911,-0.114579979366059,7.43667030945605
-1.29061092760284,0.105209321776006,0.0483379247160212,-0.340687326172744,-1.24712264805421,1.06428407761183,-40.6872682551453,-0.983710235820126,-1.39224272789727,-0.15919432724649,-0.111843328605216,7.46102030632412
-1.29100218827275,0.106291063716574,0.0481767819089916,-0.34025171764845,-1.2479603677541,1.0641091406221,-41.2436549889982,-0.244578558732655,-1.11776185615176,-0.146477296853869,-0.112137804777594,7.39691500875022
-1.29140836283092,0.107340715729658,0.0479226693277801,-0.339809918369935,-1.24890205185704,1.06403161176952,-41.1370464787317,-1.35777050148499,-1.00737358420446,-0.151595301670686,-0.107862867841976,7.32765137877571
-1.29186125738978,0.108360715376826,0.0476042066049418,-0.339363202763741,-1.24990652806237,1.0640228549484,-40.1222759093251,-2.46550125714703,-1.23256276530276,-0.159464568555877,-0.112052232354551,7.3709616994409
-1.29239563380608,0.109355235380991,0.0472517418784775,-0.338912849306516,-1.2509254809784,1.06404939586947,-41.7221147722196,-0.706349528589499,-1.16832548851187,-0.16473180254654,-0.112873698036397,7.42017830938029
-1.29303606173674,0.110307005075686,0.0468792377128646,-0.338475309992193,-1.25192055876698,1.0640824053716,-41.5109581510434,-0.636889151136302,-1.41539254808694,-0.161529339690965,-0.111567196750034,7.52810841194969
-1.29380732057424,0.111213627407259,0.0465122675322811,-0.338058617058961,-1.25284439995108,1.06408321915518,-41.986393855231,-1.34322805525358,-1.52157006221611,-0.162415575247283,-0.109627349048008,7.56110789861654
-1.29473494611512,0.112086181590827,0.0461830575603077,-0.337661282096613,-1.25364945364056,1.06401585942501,-42.3813238492191,-0.194225849076247,-1.35157816701442,-0.159928418203751,-0.117502675331491,7.58003328304964
-1.29583070605208,0.112918647318708,0.0459085131617236,-0.337292919099716,-1.25430037835738,1.06385075329001,-42.2866999224191,0.186559219310539,-1.21225837149231,-0.150176857646116,-0.122653008633059,7.61134866938582
-1.29709476851072,0.113706606621628,0.04570126465878,-0.336958763963033,-1.25477508219959,1.06356926584377,-42.0591395330974,-0.73741669930655,-1.20810222440505,-0.158288017457351,-0.118413940377263,7.57952140974412
-1.29851785680985,0.11445580753817,0.0455771819691018,-0.336655752847149,-1.25506170039559,1.06315828089288,-42.5466264521566,-0.404340511343662,-1.15929506481191,-0.155559064235345,-0.112644361170835,7.54530970493395
-1.30008310128422,0.115176660655856,0.0455533837692199,-0.336376919775951,-1.25515573386019,1.06261167527168,-40.630074697931,-0.865978013778431,-1.30289817377434,-0.152669681122665,-0.112387268724855,7.54999122882473
-1.30176703599418,0.115893835630306,0.0456509722539262,-0.336103187613291,-1.25506181868746,1.06192983556976,-42.7260195540297,-0.849227188238956,-1.31873919092129,-0.157611775670998,-0.106901832705324,7.46265122350675
-1.30352775059957,0.116616659488386,0.0458743628724474,-0.335821931100468,-1.25481066413958,1.06113387729949,-40.7760680084936,-1.03643554857331,-1.33033189812286,-0.15304989083566,-0.118770841867777,7.58660371467859
-1.30532700730453,0.117366287007234,0.0462344533603245,-0.335512871714633,-1.25443166211064,1.06024551543973,-43.036064488057,-0.418491665902366,-1.3277068115421,-0.157216632198967,-0.123769728771894,7.61270160683691
-1.30712003898511,0.118161225746489,0.046735926512798,-0.335156596080833,-1.25396177721626,1.05929024200128,-42.7074614746206,-1.41539265257256,-1.28617849581471,-0.162513517977117,-0.123060231640107,7.70568853665685
-1.30886044043367,0.11898608416938,0.0473546946731402,-0.334755363528223,-1.25345147982577,1.05830786189907,-42.7295756836068,-0.110434277134573,-1.44175620333237,-0.171182370043488,-0.120466349886121,7.77300397394045
-1.31050357418966,0.119836746750384,0.0480722166048109,-0.334304319550514,-1.2529513699173,1.05733556801802,-44.2981139993746,-0.535862779679974,-1.5755664761646,-0.185194339020736,-0.116121764462716,7.74595305223837
-1.3120106989925,0.120677637078205,0.0488455799449579,-0.333819317130778,-1.25251923240933,1.05642170170645,-42.2273716220158,-1.23353578199453,-1.4797052647817,-0.175979707795209,-0.114987452476066,7.79677827789759
-1.31334642200176,0.121449556035348,0.0496134404461808,-0.333333821922732,-1.25220785149621,1.05560751883202,-43.5318201397278,-0.493186423266707,-1.25529181525087,-0.160308759035463,-0.108241868172539,7.71098793668461
-1.31449235942129,0.122102489544026,0.0503227591801287,-0.332878061896506,-1.25205584249,1.05492475286968,-42.6087196636605,-0.322417581496666,-1.16991652693619,-0.154448020701261,-0.113416882062191,7.70099488585603
-1.31544018262958,0.122573178037958,0.0509120091157105,-0.332491701917466,-1.25209609968294,1.05440245628388,-42.3387382346378,-0.785802372880653,-1.12566687985807,-0.152838049795009,-0.118844762069456,7.69662523936022
-1.31619432591852,0.122799953022309,0.0513241313852044,-0.33221814767315,-1.25234268241949,1.05405187985841,-43.6638770420183,-1.35462451013404,-1.42405833315067,-0.163107327065067,-0.120809753161527,7.6987092313586
-1.31676609601372,0.122736486824822,0.0515167295706087,-0.332092972041419,-1.25279546210367,1.0538711864199,-42.7642149137324,0.114188516142349,-1.36942086904077,-0.171545152355059,-0.125687058954577,7.82895657376007
-1.317176672826,0.122359475854829,0.0514660521437684,-0.332138891237901,-1.25344033650626,1.05384591808017,-44.0113459661511,-0.146992104168703,-1.52536576914446,-0.182223409279868,-0.122039199518346,7.82502273200292
-1.31746140523601,0.121675369731969,0.0511762776108928,-0.332363284763488,-1.25423559425445,1.05393611669955,-43.4973636037436,-1.43144801452013,-1.66635669338484,-0.1855851385406,-0.118711588978434,7.82344951948242
-1.31766117801293,0.120732504233693,0.0506850527376039,-0.332747494988778,-1.25512297598634,1.0540876637234,-42.5870160002614,-1.15848177906491,-1.60225154610137,-0.174936492269401,-0.121424743540507,7.8185405275131
-1.31782336535626,0.119609695982988,0.0500553767707586,-0.333254176645281,-1.25603435315937,1.05423931550587,-44.3272929169776,-1.14965879505098,-1.49250408788018,-0.172664588434254,-0.125494361914685,7.77587317672104
-1.31798778606892,0.118389415882188,0.0493537070008283,-0.333844448491275,-1.2569037577603,1.0543294110514,-42.5714515086967,-1.16381671006116,-1.31228979927712,-0.168164655022579,-0.127397541229361,7.87574365504391
-1.31819580079679,0.117186014413005,0.0486698421752547,-0.334456982758075,-1.25765970889662,1.05429217433505,-44.3021653447985,-0.560075641354842,-1.31936801754611,-0.169779854674494,-0.121879732350999,7.86185097907039
-1.31848133956597,0.116110702603178,0.048090503471389,-0.335031273863845,-1.25824184207275,1.05407195860881,-43.7519394446577,-0.587428449557819,-1.40658783058484,-0.172575257873362,-0.110148883724555,7.88245152060278
-1.31886871660401,0.115259810629817,0.0476892220095713,-0.335513595145862,-1.25860934249529,1.05363316734523,-43.2827555344426,-1.52281275958853,-1.30276591598383,-0.176840822657833,-0.109013016706896,7.88106447224107
-1.31937035939158,0.114715050585584,0.0475238289542532,-0.335854505998772,-1.25874134162149,1.05295679831605,-44.5842200567417,-1.20090279037072,-1.30481778896458,-0.176213914343581,-0.11243372658001,7.8547095193531
-1.31998091974992,0.114508034449766,0.0476107283874787,-0.33603371826606,-1.25864833646049,1.0520515928751,-43.2170806905638,-0.744013202737278,-1.40586809499226,-0.165051605843754,-0.12114962296829,7.95202810272202
-1.32069127177401,0.114632836583666,0.0479362415586526,-0.336051179833806,-1.25836002832562,1.05094912960781,-44.7133090226443,-0.536401520253094,-1.30112466109208,-0.165109073932558,-0.131550013663869,7.91171833533704
-1.32147197584272,0.115043640571235,0.04845242376262,-0.335928739465746,-1.25793499785934,1.04970092460945,-43.7114790812734,-1.34250963731006,-1.44155581218618,-0.17546580659923,-0.130820465215106,7.91880348793855
-1.32229112755792,0.115660849745479,0.0490851409522381,-0.335706894887235,-1.25744823071908,1.04837802612646,-43.4668606632192,-1.38337782343319,-1.62262894953273,-0.178145185315472,-0.122815591836483,7.90461666527098
-1.32310943952099,0.116375981307704,0.0497367954509815,-0.335441602314823,-1.25699166700292,1.04706654273879,-44.4572812868349,-0.733665353223387,-1.48217320272335,-0.183233095389406,-0.117054928781004,7.86448017864244
-1.32388883423807,0.117074183105802,0.0503069258982223,-0.335195767337308,-1.25664801778545,1.04584128648718,-42.8614457933832,-0.78395555295856,-1.45594524325324,-0.176607009359977,-0.118956914165417,7.93664356038233
-1.32460402903371,0.117656558931826,0.0507110755706224,-0.335023001253368,-1.25648357877877,1.04476712129629,-44.6217239660538,-0.819301260855127,-1.38780301210872,-0.172156338657256,-0.12237236132463,7.90697240910397
-1.32524182616853,0.118041393161965,0.0508832979792091,-0.334969341540356,-1.25654355159068,1.04389043204517,-43.9837904161263,-0.715216405154479,-1.31360795745255,-0.170748107291039,-0.126419076860183,7.95907856782608
-1.32579826361911,0.118170986073027,0.0507807354272412,-0.335069863589626,-1.25685328032302,1.04323989379916,-44.0745702082945,-1.13410266832284,-1.39218723607701,-0.166297389071731,-0.130026899741623,7.96227467524267
-1.32628583386114,0.118031155155317,0.0503987363236573,-0.335335128025543,-1.25740448082186,1.0428147877593,-45.0953810043295,-0.735135647300694,-1.38511579974036,-0.174692753550447,-0.119805140282138,7.93885385534654
-1.32673861124467,0.117652183484353,0.0497750017416798,-0.335750233178013,-1.25815754981881,1.0425935009013,-43.1498220882479,-0.405009095044306,-1.31511176938238,-0.17469435624257,-0.112175298323546,7.97648541531498
-1.32719335267293,0.117094810194722,0.048974770629467,-0.336283873773829,-1.25905200063554,1.04253183065381,-44.8880307447468,-0.230215680714309,-1.47654477471474,-0.176859830677621,-0.109603936300995,7.87994374973568
-1.32770413200322,0.116455128242419,0.0480947292469387,-0.336883457877005,-1.26000009651012,1.04256471856345,-43.1816895217515,-1.42993889784884,-1.36141806829417,-0.171548414147582,-0.115608257565628,7.883778940468
-1.32832059816503,0.115832378121561,0.0472352174401325,-0.337492818698292,-1.26091726077296,1.04262926824718,-43.8963677196537,-1.83517647405165,-1.26209851779612,-0.168438040129228,-0.125918637595667,7.87371920168259
-1.32908507575331,0.115327158973025,0.0464983786040172,-0.338052394903468,-1.2617206171772,1.04266352193911,-43.9270014892751,-1.43446304266672,-1.32769676316266,-0.165492470541286,-0.132041831186462,7.93407751545883
-1.3300314843482,0.115019424076608,0.0459692972178489,-0.338512507817923,-1.26234361422696,1.04261859313825,-44.3405408569259,-1.02349874542529,-1.43290595573444,-0.167680323293917,-0.128322760571565,7.99636308262744
-1.33117452856428,0.114962035132245,0.0457084824663876,-0.338835268924777,-1.26274237135281,1.04246221964987,-44.3863546958699,-1.50310515003025,-1.60609764676028,-0.191692269221769,-0.122861356600708,8.02231970422176
-1.33251322454138,0.115178352963262,0.0457491210868592,-0.338996640268417,-1.26289641117572,1.0421791126829,-45.5379245524762,-0.749664869918888,-1.59523355799362,-0.185805743189927,-0.121893303327215,8.0610685661754
-1.33402213824685,0.115643451432228,0.04608187251042,-0.33899928871414,-1.26282306152754,1.04178276373905,-44.1175673055081,-0.555669460177114,-1.4830760456706,-0.177400122905233,-0.120887595879888,8.12182275269657
-1.33566405359396,0.116298965683832,0.0466662318785147,-0.338863961214583,-1.2625627598418,1.04130497026782,-46.0009626850883,-0.720721443250113,-1.38694393118149,-0.169885061045181,-0.119705870525731,8.04171550335674
-1.3373917742483,0.117066348317972,0.0474419646478708,-0.338623993500925,-1.26217269600048,1.04078817973395,-43.7778841568368,-1.28270205452509,-1.28910579850501,-0.155521283073848,-0.123903704738465,8.06947229218755
-1.33914846924031,0.117854127770236,0.0483325444833569,-0.338321990910603,-1.26172369683305,1.04028176077706,-44.8895353180788,-0.808142135323806,-1.07009661355846,-0.158480666032766,-0.12195126985973,7.97849830261691
-1.34088431361475,0.118571014890811,0.0492597005438007,-0.338003458454165,-1.26128365545867,1.03983252580851,-44.1535908938607,-1.46510507036692,-1.2318039538695,-0.166925803770515,-0.116805458961742,7.99734335215673
-1.34255165706691,0.11913345640709,0.0501485913657942,-0.337713670996131,-1.26091779262777,1.0394823180176,-44.3103170605448,-1.58340983619837,-1.27755798228588,-0.175207909845159,-0.120173570810687,8.08527667387078
-1.34412026344143,0.119498838972287,0.0509547296052202,-0.337478114666661,-1.2606656354897,1.03925020702735,-46.5449827107715,-0.991121216841293,-1.55718861861638,-0.183898971102546,-0.125846264004037,8.15456423881433
-1.34557331607611,0.119637566523185,0.0516444918913683,-0.337320131157036,-1.26055146120251,1.03914394076763,-45.0499450937129,-1.06950985881645,-1.62010290137482,-0.18477115559209,-0.13695362609633,8.31387422750935
-1.34690563418461,0.119548460170686,0.0522062720461431,-0.337249812232434,-1.26057883374323,1.03915358121636,-46.9818535556853,-0.156214450314337,-1.56835600610998,-0.188267520300527,-0.137550024368696,8.26402823189627
-1.34812469611951,0.119260842555015,0.0526531993761528,-0.337263515776187,-1.26072996517603,1.03925111487545,-45.2793505496874,-0.989825381637502,-1.49099299324368,-0.182279210271601,-0.132066927526785,8.20972962073505
-1.34924330593095,0.118819535936403,0.0530106425182628,-0.337350422737325,-1.26097183898017,1.03939558750253,-44.7030691189512,-1.77603930267924,-1.52255736611815,-0.172605959946524,-0.121169214074907,8.09444397560462
-1.3502846200929,0.118292851092988,0.0533226026915825,-0.337484804805595,-1.26125861345452,1.03953936384511,-45.0650646841556,-1.99663397743302,-1.21810874673525,-0.169865290126463,-0.113227053470153,8.01222392194615
-1.35126572467122,0.117735448875906,0.0536228676421719,-0.337648705360982,-1.26154925202658,1.03964029478098,-44.0910872523815,-1.1479591394891,-1.35880954029801,-0.167065465727134,-0.120873269758851,8.11582153785602
-1.35220320092894,0.117200600626334,0.0539441597957595,-0.337824050150013,-1.26180124861515,1.03965685402723,-45.9044574944029,-0.712224745453341,-1.40652796482095,-0.176042488314382,-0.127640508894371,8.16479930676785
-1.35310108577439,0.116722013838914,0.0543016832518108,-0.338001021737868,-1.26198610577693,1.03955906599578,-45.7202622390097,-1.56107450179661,-1.45913080540356,-0.181428483787407,-0.128837861324673,8.24071914834714
-1.35396410353538,0.116317205729151,0.0546972952608613,-0.338175375459447,-1.26208538092124,1.0393320551084,-45.7477912618701,-0.829782000290152,-1.54064153615141,-0.185823803364829,-0.129397253473308,8.29524695796805
-1.35478444375942,0.115990039635564,0.0551214239800404,-0.33834957025635,-1.26209429919951,1.0389703622379,-46.9327928910718,-1.22745471145436,-1.52100492086458,-0.190679678638054,-0.127715626825406,8.31911680929584
-1.3555509814703,0.115730780933075,0.0555525407615034,-0.338529917025573,-1.26202450714719,1.03848569378825,-46.0553835555042,-0.054250768644124,-1.51607196229148,-0.18372018605554,-0.134167222357119,8.39381596930689
-1.35625127016908,0.115509493261289,0.0559535670152764,-0.338732861102151,-1.26189950696116,1.03790375908774,-46.6084393215814,-0.148346675929361,-1.56352871960527,-0.183687899697441,-0.127947347626186,8.33060187951263
-1.35687636293857,0.115300995445232,0.0562918186677088,-0.338972005436252,-1.26174148377056,1.03724761831561,-45.9886816536541,-1.27873205070796,-1.38464923798091,-0.178270750092472,-0.126422257456282,8.28352834804646
-1.35742048837889,0.115080745135485,0.0565354299389245,-0.33925760589066,-1.26158087520901,1.03655209175303,-45.1296299233779,-1.37612917893125,-1.29173715893549,-0.172240046955215,-0.124010557797134,8.27162622434154
-1.3578874279205,0.114824385261256,0.0566561278827435,-0.339602363003265,-1.26144180706191,1.03584676512235,-46.893408164874,-0.642649162491352,-1.36728276540984,-0.171945257241377,-0.119998561631286,8.23128951773853
-1.35828666318865,0.114530462495257,0.0566451477474381,-0.340004536596445,-1.26133900629693,1.0351520593303,-45.0335733791456,-0.311651637854993,-1.2203782154545,-0.173354973377468,-0.126048499656605,8.35152816312862
-1.35863239403977,0.114212705996874,0.0565067308480887,-0.340451711835768,-1.26128718730112,1.03448969923331,-47.0707000047699,-0.752221348241392,-1.44834584028754,-0.17481111376495,-0.128764757045839,8.32673464483683
-1.35894573334071,0.113904836178824,0.0562643066334945,-0.340921654737505,-1.26128252430982,1.03386069440059,-46.2398371636383,-2.09978927507882,-1.47829250011782,-0.182850528405197,-0.126981674515476,8.34383415247366
-1.35924944695338,0.113639623782881,0.0559431358998272,-0.341391506644409,-1.26131924220384,1.03326510086841,-45.9492422096118,-1.4539819318336,-1.46575127333122,-0.190643086111712,-0.130853978852167,8.36497575139692
-1.35956902803794,0.113473519897578,0.0555887394505004,-0.34182246690618,-1.26138042840837,1.0326920399107,-47.3269204052589,-0.994906134510757,-1.5199129541102,-0.189642179323164,-0.131285324793067,8.34976891618119
-1.35991999882617,0.113452266136365,0.055240271910812,-0.342182557052841,-1.26145473088386,1.03213040118856,-45.7494213848443,-1.14259312813192,-1.543130400097,-0.183943804093652,-0.130272175203125,8.40359614346722
-1.36032333459317,0.113620889047803,0.0549398353479384,-0.342439442801546,-1.26152053156004,1.03156238767487,-47.0288755521745,-1.34206083777713,-1.51888644742195,-0.181402896145789,-0.12658949538817,8.36123625161452
-1.36079016209661,0.114017991198994,0.0547253325813712,-0.342563405429033,-1.2615604965039,1.03096948538913,-46.5330882051029,-0.627660987677928,-1.33492361831458,-0.174525442127595,-0.13089386558803,8.4253003078814
-1.36133066328389,0.114669072572258,0.0546261286150127,-0.342533683684197,-1.26155585559714,1.03033262936736,-46.640949991874,-0.865353868598959,-1.38764028521982,-0.175412535120896,-0.130310162581669,8.46284287154282
-1.3619509437307,0.115586723691009,0.0546634929139063,-0.342336875454618,-1.26149342510703,1.0296394646857,-47.982374156852,-1.14791533341486,-1.48351920144688,-0.18448895650927,-0.125091374161271,8.42945140403989
-1.36265070251574,0.116765190785727,0.0548446682936325,-0.341971146658773,-1.26136477008721,1.02887951126583,-45.8002895312523,-0.345442809465339,-1.43800361434975,-0.180633035443936,-0.130323441886042,8.49223043908919
-1.36343109741296,0.118168111048798,0.055156316270595,-0.341455325864745,-1.2611680459024,1.02805340317566,-47.9954465499422,0.644522354505398,-1.47131269471942,-0.17999430900768,-0.127259476713439,8.37333825596392
-1.36429543498509,0.119766960118393,0.0555910401042039,-0.340802864754647,-1.26089799695115,1.02715955065967,-45.7478570674813,-1.95356192601935,-1.51934601676899,-0.188142887571007,-0.127591744846718,8.38661950667036
-1.36524338004076,0.121504860509368,0.0561206709578939,-0.340046591675784,-1.26056101607011,1.02620878871913,-46.5772378137387,-1.27695790302278,-1.48848010610459,-0.18395843059453,-0.132919351882699,8.37188905395996
-1.36626773973562,0.123315507528205,0.0567092189249614,-0.339224661711008,-1.26017469325951,1.02522232425329,-46.2355700378224,-0.478431857445457,-1.51355814648431,-0.180580630339089,-0.129801263496128,8.34786987660251
-1.36735978297711,0.125124664504096,0.0573145501121244,-0.338383269957619,-1.25975907671097,1.02422178206904,-45.8745152985095,-2.752483620676,-1.48455963455322,-0.181736949695735,-0.125585239678676,8.33782337850418
-1.36851509941799,0.126866844141586,0.0579014527688293,-0.337561647872266,-1.2593323186732,1.02323165038206,-46.888003035066,-1.82278978978502,-1.58362820045613,-0.188401981438576,-0.126794935859091,8.37904709484648
-1.36972909350196,0.128476438785502,0.0584344913005661,-0.336800031480914,-1.25891492467615,1.02227819293843,-47.476945998967,0.155376473003798,-1.50066218845197,-0.181620701032869,-0.137723294286002,8.53390872487813
-1.37099257190606,0.129897953761951,0.0588843761550337,-0.336130897159782,-1.25853277521472,1.02139121497806,-47.4561830710416,-0.519991596725504,-1.35651717522339,-0.184313786116036,-0.137255156819934,8.58437967374986
-1.37229440979755,0.131080559092967,0.0592233833390441,-0.335583078422022,-1.25821409342963,1.02060121200423,-47.9444898897318,-1.14715807900438,-1.47170906666901,-0.1850852391483,-0.121785448385126,8.50477780895721
-1.3736196857575,0.131996046275529,0.0594376454621159,-0.335170502820881,-1.25798502702302,1.01993168056012,-46.0386561912873,-0.119407340584985,-1.236408090335,-0.169469269802639,-0.119321286166393,8.46164265706829
-1.37495570317427,0.132629813653105,0.059523056078882,-0.334899278631871,-1.2578657336885,1.01940089731051,-47.0293785537913,-1.45506830806607,-1.1774585352463,-0.170411696272212,-0.116632167408446,8.33301320432682
-1.37628941749642,0.132978381643795,0.0594818283594949,-0.334768257715328,-1.25786842737593,1.01901591543968,-46.0164059148213,-1.41036942646974,-1.23559432393373,-0.172832238705718,-0.128008329773966,8.36855457550391
-1.37760774671711,0.133050218593073,0.0593213850504568,-0.334767680818455,-1.25800808751394,1.01878522472798,-46.4808747225938,-0.407161958800543,-1.24026228422025,-0.169508205647015,-0.137677951324761,8.45062977316615
-1.3788959115444,0.132871483620157,0.0590601953903176,-0.334879555722662,-1.25828476733887,1.01869785428038,-47.6017714204485,-0.454272982134626,-1.4197458367415,-0.180258883815694,-0.133199959284843,8.48267921044069
-1.38013574532374,0.132460719514695,0.0587083679888816,-0.33509152946656,-1.2587031087548,1.01874515730467,-46.9651579266171,-1.98174250579905,-1.73565392299113,-0.194799431837434,-0.128052057602231,8.556534238443
-1.38131245221767,0.131853607954995,0.0582873230933374,-0.335382181610842,-1.25925505494613,1.01890578503599,-48.3117155701642,-1.38916778849534,-1.71463696743811,-0.20493657049905,-0.129681728821031,8.60295086350404
-1.38241383780162,0.131094296744036,0.0578226052101978,-0.335726655781883,-1.25992251647219,1.01914783268581,-48.4858248129153,-0.24551697854713,-1.58416851181499,-0.19717163725176,-0.140552597535762,8.66975164319951
-1.38342597857035,0.130223290478662,0.0573351563362203,-0.336104372446553,-1.26068816472031,1.01943997335453,-47.4944957942116,-1.66144431193129,-1.49801663817556,-0.19116151442898,-0.134591051412655,8.65189726505343
-1.38434016336834,0.129292775610621,0.0568540007679053,-0.336488680536127,-1.26152839036712,1.01974864742785,-47.9650374759884,-1.33543167873654,-1.39793368910074,-0.181786464943145,-0.127448561260257,8.55203221934751
-1.38515496164231,0.128345371022307,0.0564016096889151,-0.336860558854334,-1.26241658426364,1.02004217301545,-46.6835420494051,0.0592381741194004,-1.35423724872012,-0.174989784692817,-0.127311555055428,8.55795117418789
-1.38586713312227,0.127425857811342,0.0560005510164445,-0.337199578420993,-1.2633318443965,1.02029652848479,-47.4946344600909,-1.3706370053153,-1.47244997729308,-0.189993184274244,-0.124646953017404,8.54234642610721
-1.38648580277976,0.126590994042061,0.0556833504495715,-0.337477524746103,-1.26424509266598,1.02048654848517,-48.255522320292,-0.504827209889982,-1.63465933313233,-0.191120760449071,-0.128829476375788,8.67581998888077
-1.38702339301109,0.125882852681269,0.0554720930282093,-0.337675411391507,-1.2651356649991,1.02060015605228,-48.366798004233,0.327338140037227,-1.60836079441984,-0.185489793989031,-0.141231480718207,8.83182412952885
-1.38749514514699,0.125330652581825,0.0553801060413706,-0.337781172735152,-1.26599272075575,1.02063966891418,-50.4474581451457,-0.767351612912989,-1.76942771740974,-0.203400617777617,-0.139893783550705,8.82079238184705
-1.38792279586449,0.124961107159922,0.0554193149794067,-0.337782914636548,-1.26680480095445,1.02061090901357,-48.5607376305142,-1.49925606347824,-1.7058886750323,-0.205753982458763,-0.140769063698314,8.894066892178
-1.38832823767438,0.124779437793757,0.0555863680620088,-0.337682998205183,-1.2675685680656,1.02052816621765,-49.7675483486665,0.244663643117292,-1.67416719752589,-0.197383014565479,-0.13935838098674,8.816473078893
-1.38874166762638,0.124785476202898,0.0558762513615412,-0.337486802331655,-1.26827958935846,1.02040783066618,-48.3150990726147,-1.16794528991568,-1.64478672969261,-0.193104361992723,-0.132393565672596,8.73388591689621
-1.38918338523901,0.124951799572626,0.0562628796628033,-0.33721668087788,-1.26894192922983,1.02026872720581,-47.2288409946836,-2.53609423997409,-1.64840841988837,-0.188643867273278,-0.125635678308034,8.6707396730448
-1.38967364773784,0.12525006694777,0.0567198775514124,-0.33689681885584,-1.26955672301705,1.02012392496356,-49.4909979070535,-1.02607791487617,-1.36789946810291,-0.186185203622056,-0.129528372529708,8.65668682938323
-1.39022599088704,0.125630195192482,0.0572057215530599,-0.336564911122481,-1.27012823649455,1.01998413076424,-47.4398484879767,-0.438055092609602,-1.35612270028196,-0.187918727902818,-0.13872269841589,8.83110817020012
-1.39084741457256,0.126030575021383,0.0576705982149071,-0.336267392954037,-1.27066029365474,1.01985270115908,-50.3203668477746,0.170091374319327,-1.52448790047319,-0.193711255421601,-0.135629880352454,8.82808345664628
-1.3915334423802,0.12639353044589,0.0580675617620456,-0.336048150807218,-1.27115404516283,1.01972108076238,-48.9270169699871,-0.514214433060943,-1.63123595820406,-0.196302551073888,-0.132264516803385,8.86770186570367
-1.3922792870527,0.126664753638159,0.0583530788268534,-0.335948303462971,-1.27160701796425,1.01957558879121,-48.9958562273179,-0.836356252675841,-1.69533032314604,-0.199816148481432,-0.132954148797544,8.80510041456842
-1.39307303739925,0.126804304076773,0.058495863711433,-0.335999810781029,-1.27201247373595,1.01939289408482,-49.072189947316,-1.6470879811443,-1.74900262399356,-0.205540358029518,-0.133596098393074,8.73374689031383
-1.39389996359635,0.126798178421742,0.0584850660901426,-0.336215101133415,-1.27235813709109,1.01914108215269,-48.0597046432014,-1.19485986746486,-1.52217117367456,-0.194993331443717,-0.141044162324587,8.7736489772883
-1.39475227273583,0.126648599245375,0.0583240804567293,-0.336591593627474,-1.27263362129563,1.01879758355999,-49.0665105676384,-0.449614041981931,-1.4403076124747,-0.191436711835081,-0.140746402960569,8.77315146668386
-1.3956199766634,0.126369700108263,0.058026205049369,-0.337115286901489,-1.27283214207497,1.01834349567806,-48.8253212918943,-0.980677583337183,-1.52994424441098,-0.189518816527356,-0.135493813406249,8.85428539239422
-1.39650088691304,0.125984949363853,0.0576135468281802,-0.337762247157202,-1.27295134361027,1.01777295389179,-49.3765616954453,-0.263101197558399,-1.68636821996731,-0.193765215375424,-0.132799038182979,8.92408738891161
-1.39740158513587,0.125541383385875,0.0571270342951562,-0.338488168383937,-1.27298951256291,1.01708811673713,-50.6333733769328,0.0470624002230124,-1.56074524274024,-0.205444416253671,-0.134597168270769,8.94425076901722
-1.3983320906148,0.125081320710766,0.0566047804672081,-0.339249407257694,-1.27295333326864,1.01630588086688,-49.2013237521278,-0.577930133582868,-1.63031677996204,-0.197666261745933,-0.136404404848086,8.98818993396887
-1.3993063220843,0.124644430028669,0.0560834886461292,-0.339999703907066,-1.27285952779931,1.01546036083828,-50.0147437774312,-1.50108869041674,-1.4231958384886,-0.189969383676828,-0.128526006548619,8.88246361724764
-1.40034415910992,0.124279283075364,0.0556067083339069,-0.340686574716074,-1.27272102045012,1.0145847972502,-48.923843571964,-1.73180508112341,-1.4562354959485,-0.182258699738886,-0.12887621490823,8.83426653222244
-1.40145897131626,0.123993469917298,0.0551872049858739,-0.341285788345974,-1.27256479064381,1.01372582115403,-48.347390000513,-1.49848132925922,-1.45195578146473,-0.187737325614286,-0.135793977684567,8.82080473252282
-1.40266217587329,0.123793885290961,0.0548367214786529,-0.341775198961287,-1.27241485543852,1.01292540800128,-49.4668378339831,-1.34315630852575,-1.54510486567267,-0.191168507082302,-0.134439944854609,8.82288981859238
-1.40395915816465,0.123669524441479,0.0545526512388144,-0.342149211839066,-1.27229410991969,1.01221830981547,-48.9179839802392,-0.943150152480939,-1.61350462995392,-0.192633275968443,-0.133225906684107,8.91382670208556
-1.40535806688125,0.12360770285476,0.0543337128413119,-0.342409845724582,-1.2722073892342,1.01161974195331,-49.8080879467804,-1.12196429435789,-1.64720846218165,-0.197409173395501,-0.133255080527521,8.93359990767101
-1.4068492442718,0.123585282306901,0.0541693239817882,-0.342573324359902,-1.27215952769097,1.01113117325795,-50.3078797968195,-0.358474258122214,-1.55002577760735,-0.194747777129123,-0.137176336731993,8.972298622511
-1.4084137440221,0.12358425180196,0.0540520025865743,-0.342658988682577,-1.27214173219303,1.01072988872984,-49.4129455587399,-1.23644555858505,-1.69508609745841,-0.199577744649464,-0.141157705614308,9.01300583280511
-1.41003026089707,0.12359414921491,0.0539819022355164,-0.342686758944535,-1.27213421880461,1.0103792467838,-50.8788656560178,-1.51057517133518,-1.60858673475204,-0.198073161618681,-0.143525592211997,8.97514553601474
-1.41167045024902,0.123625263782264,0.0539749787507982,-0.342666776501449,-1.27210822390867,1.01002712151216,-49.2174673163536,-0.510925258128054,-1.50173249092154,-0.192911259810556,-0.140587378705324,9.04134436872235
-1.41330092514263,0.123678296957707,0.0540418018002997,-0.342618902122013,-1.27203310591517,1.00961607438124,-50.2943738489169,-0.588648053163979,-1.51426569094428,-0.193322115277814,-0.132105088781596,8.99162352640557
-1.41489626080624,0.123784479269432,0.0542171869180368,-0.342541839675391,-1.27186933479791,1.00908547616912,-49.8794463336168,-0.821307001099058,-1.56450452457736,-0.191287481082013,-0.129635515668395,9.00533155743596
-1.41642933852153,0.123964502203251,0.0545275189416285,-0.342439639565335,-1.27158569988619,1.0083855363248,-49.8091230801946,-0.685968854089879,-1.50712253829749,-0.187960355126926,-0.131128425506776,9.04297237525064
-1.41787614158321,0.124242531064656,0.0550007910441399,-0.342309941880702,-1.27115787448629,1.00747908637535,-51.0221301978114,-0.736884399490918,-1.5200329746537,-0.190814792571277,-0.135166816457459,9.05023745806977
-1.4192159308465,0.124633245862491,0.0556549568257936,-0.342150739212976,-1.27058035682796,1.00635382384261,-50.3624335474636,-0.72080165247985,-1.54230693682115,-0.19123676328055,-0.143260869134232,9.1704878605342
-1.42043227928587,0.125139006574418,0.0564959012439126,-0.341961316205716,-1.26986183257867,1.00502076417383,-51.2589267449276,-0.444193120604268,-1.6774863074441,-0.197733555052105,-0.146075181734771,9.17611141959969
-1.42151929732005,0.125754552226812,0.0575189178595206,-0.341740771439521,-1.26902276348808,1.00350937116657,-51.3862350053924,-0.919857249503366,-1.66921282244988,-0.206006447431107,-0.141979756279477,9.16356284522635
-1.42246722870867,0.126452030530733,0.0586949608111,-0.341496409438665,-1.26810606195958,1.00187287210125,-49.9049077243267,-2.21237810822345,-1.68374940236606,-0.201995429521021,-0.135052703170999,9.14926808626902
-1.42327543390971,0.127193638671033,0.0599839536917606,-0.341239273121788,-1.26716170306594,1.00017710728715,-51.6768056389308,-1.4101332459461,-1.48570753245423,-0.199337475406185,-0.131617612019568,9.0791311504709
-1.42394825536226,0.12794409463867,0.0613399586357533,-0.340976653534105,-1.26624307552281,0.998489424045213,-49.5796128330913,-0.479406227510026,-1.43454364689677,-0.189199156706768,-0.140109777103891,9.17241666926944
-1.42448919202117,0.128656774882053,0.0627037945406348,-0.340724651157296,-1.2654065661313,0.996877674658268,-51.6758239177518,-0.91457252238456,-1.50587660073145,-0.190409662072811,-0.144732951241874,9.14491747163648
-1.42490839631242,0.129299483524482,0.0640249468275487,-0.340491575104552,-1.26469447272561,0.995393526213814,-50.7777363954212,-0.294360196729258,-1.59533050774607,-0.192897418171353,-0.14415528279439,9.20166972550728
-1.42521556347695,0.129839765728779,0.0652511363598556,-0.340289341107524,-1.26414819621529,0.994083258983692,-50.7995541359525,-0.203382302325963,-1.55897385599928,-0.192017489126356,-0.136983464297529,9.21850325567491
-1.42543125340374,0.130266879463059,0.0663480444602915,-0.340121232401627,-1.263780073919,0.992963156419357,-52.1190162616178,-0.644743523169836,-1.58444500937108,-0.203944527347122,-0.131748920419377,9.18878284047151
-1.42557430328188,0.130581248116141,0.0672918617089893,-0.339986242792223,-1.26359430464837,0.992037228647333,-50.2370482160163,-0.592544674213741,-1.53188658969034,-0.196933129036312,-0.136785715994904,9.27527874330928
-1.42566875234142,0.130798733827584,0.0680761333372741,-0.339879236995477,-1.2635747688144,0.991288351844577,-52.4907683151583,0.147084267065111,-1.3481305172254,-0.191158489196992,-0.138428984504217,9.194920474335
-1.42573949447841,0.130939452725082,0.0687034001226527,-0.339794123160478,-1.26369373198309,0.990687614675658,-50.3233222412442,-1.06920490458288,-1.55286743105117,-0.193544572721309,-0.139919633885185,9.19834236128073
-1.42581223026501,0.131016497997519,0.0691765373222981,-0.33973062115239,-1.2639215627337,0.990206082980965,-51.0404310755814,-1.01070446018571,-1.57189345963906,-0.190315621691062,-0.140547659697132,9.1537273568293
-1.42591907540033,0.131060494473218,0.069517881381983,-0.339678611151498,-1.26421418859197,0.989804390742124,-50.8963659292911,-0.718743823209479,-1.37444733479097,-0.18806909867095,-0.140765773533811,9.14025713122825
-1.42608797088559,0.131073259129458,0.0697340791785439,-0.339646445701967,-1.26453748924288,0.989454867821888,-50.4013299697944,-0.603131406754983,-1.64558515079264,-0.196571405582832,-0.137023170162349,9.1659387658289
-1.42633926391494,0.131050947766099,0.0698294955424188,-0.339644060798283,-1.26486676481989,0.989138918326445,-51.0743080092415,-1.63239757648057,-1.76974526673416,-0.205428412642585,-0.135209861043008,9.17265196882415
-1.42669035437121,0.130977059337027,0.0698002758845089,-0.339687405817776,-1.26518755998095,0.988848976061742,-51.4438781019385,-1.32025314642078,-1.83568963795886,-0.202428466088949,-0.143027589886982,9.25050267282883
-1.42716366931113,0.130859142668325,0.0696630906247366,-0.339776383703554,-1.265475207764,0.988570367780361,-51.210914280492,-1.57987810385134,-1.74525246576209,-0.205215812610028,-0.147338713113596,9.32171584519917
-1.42776226393441,0.130660557036381,0.0693987064913124,-0.339936533687434,-1.26573883635228,0.988315597022479,-52.6114333997518,-1.02066701794979,-1.59594081782126,-0.203179082176275,-0.144761352692739,9.31715638842848
-1.42848535250302,0.130367267105909,0.069002408643732,-0.340177105910684,-1.26598407983289,0.98809107880772,-51.1135388507595,-0.935077383189764,-1.57140329021945,-0.194367158858153,-0.138086654933767,9.35944572009717
-1.42932266572646,0.12997022377251,0.0684711411396213,-0.340503677561284,-1.26622362680041,0.987905344515029,-52.4145280682707,-1.06896583701291,-1.45965517003629,-0.198654653431105,-0.133436500912226,9.28538964792119
-1.43026041527581,0.129468057912482,0.0678061197475373,-0.34091755238464,-1.26646828641486,0.987760871255906,-51.4236235396639,-1.4769912812028,-1.49896776903267,-0.193733421525139,-0.130286482304789,9.29759915657734
-1.43128311185424,0.128876203420564,0.067020082747435,-0.341407533152788,-1.26672409542259,0.987653836309635,-51.4905702550666,-0.630155401403954,-1.54338961374719,-0.191023586078554,-0.134751069617429,9.31506152432081
-1.43236569840019,0.128220394194943,0.066132527065264,-0.341958453405115,-1.26699759080043,0.987574454313739,-52.007842205039,-0.0609061919005853,-1.48319395018194,-0.190437426692768,-0.137179202201057,9.2786422340972
-1.4334876339073,0.127543947872669,0.0651767804317416,-0.342544056110329,-1.26728347235028,0.98750313445995,-51.2361252886724,-1.33753725668498,-1.5741705336483,-0.189403496240022,-0.141967254946997,9.30096526136226
-1.43462383209675,0.126879057765246,0.06417719358664,-0.34314503774288,-1.26757896976376,0.987420587689066,-51.5614447271121,-1.66133635578558,-1.7245695368124,-0.202112238278966,-0.147762359487003,9.30764052177163
-1.43576189705651,0.126276661175797,0.0631763141493207,-0.343730783175189,-1.26786657234502,0.98729915708919,-52.3686768543326,-0.735846793328164,-2.05898920658319,-0.205896699884628,-0.151020772983946,9.36268499129766
-1.43689202436172,0.125775016036273,0.0622075902053223,-0.344277411762084,-1.2681320252853,0.987119105564245,-51.5603676654732,-2.64320400148745,-1.87585281529923,-0.214175180529658,-0.148474374628402,9.45594913168958
-1.43801574925807,0.125409855434654,0.0613055415119526,-0.344763240247076,-1.26835283381983,0.986858844901032,-53.536140732441,-1.47494871321805,-1.80127898128745,-0.218922633674922,-0.146683233208938,9.47412547789529
-1.43914018510893,0.125218894004652,0.0605067691929864,-0.345164543302495,-1.26850691885673,0.986501330714821,-52.33423856034,-0.246923794348277,-1.74421852037196,-0.209687586364693,-0.147503972339029,9.59328379784754
-1.44027699167333,0.125216599270696,0.0598287415874095,-0.34546859980834,-1.26858187152871,0.986045483804344,-53.7175575400129,-0.36921155866321,-1.68161851322776,-0.20842629554731,-0.141393952528965,9.57162790815993
-1.44144085010152,0.12541996149524,0.0592897782358477,-0.345660760968632,-1.26856601113953,0.985491380528822,-53.4784508011821,-0.523749766793799,-1.59871375658955,-0.203192367203419,-0.141688491311336,9.56510805150181
-1.44264205218014,0.125825014867126,0.0588917352314235,-0.345739028268413,-1.26846157917878,0.984852737637424,-51.9916391584593,0.160968129669754,-1.49049032972292,-0.193374952626068,-0.138010747249433,9.55716894645895
-1.44388887475769,0.126423046219474,0.0586303493098963,-0.345702047178029,-1.26827729378928,0.984148936366471,-54.1848387992008,-0.601034193303349,-1.54626445333281,-0.197453232888183,-0.129631839009739,9.42601615967759
-1.44517770657913,0.127204882882953,0.0584967864140999,-0.345547410873923,-1.26803385370546,0.983404118436004,-50.5933443332329,-1.52131622636648,-1.62909537518189,-0.201064270656108,-0.139914221681159,9.50961956072817
-1.44649333065825,0.128146234593215,0.0584710868694249,-0.345282324022237,-1.2677627827506,0.982647212173328,-54.3081714518462,0.344325132100266,-1.67312786441653,-0.20487658729119,-0.148715093883344,9.43406650602577
-1.44782220420217,0.129229656942521,0.0585401778011569,-0.344909572961633,-1.26748713991059,0.981897845863126,-51.4280015376617,-2.00558643754744,-1.82098494682356,-0.214793977850141,-0.151881526386946,9.49610297518866
-1.4491328064766,0.130404754466047,0.0586665304318938,-0.344454407437619,-1.26724747348969,0.981185498665568,-53.0359861073413,-2.09069424790528,-1.93371148654225,-0.218558782652039,-0.14988687025994,9.46366081493546
-1.45038658553073,0.131621083032529,0.0588154185332435,-0.343943524682168,-1.26708172967281,0.980530197754637,-52.2661663453886,-1.36116540677494,-1.80365197859246,-0.219109675195817,-0.151633126232668,9.53152868592558
-1.45154733226678,0.132815098232015,0.0589460603744227,-0.343413212336127,-1.26702781891053,0.979954174510982,-53.2832747182342,-0.997161435887392,-1.93088384695344,-0.212627532217615,-0.151688852113366,9.57968302805873
-1.45258440520871,0.133919323511174,0.0590199664507818,-0.342903107070956,-1.26711324521877,0.979471358141052,-53.16668919968,-2.21739588599712,-1.96064117177917,-0.223407113931414,-0.147872687570274,9.63502964625585
-1.45347412755641,0.134862930249446,0.0590006459837269,-0.342458193539763,-1.26735739701394,0.97909028911571,-54.8743005970092,0.292830835076302,-1.70230503487005,-0.212324323699586,-0.147321151778047,9.74544996572728
-1.45419545889542,0.135571748206128,0.0588511507200014,-0.342127405364252,-1.26777694402519,0.978818365774365,-53.5747184735864,0.901694522481876,-1.62146362218382,-0.201535517152685,-0.147332936918224,9.83148951384616
-1.45474301781871,0.135979604013245,0.0585426302933714,-0.341954556847609,-1.26837458159506,0.978656693215678,-55.9317094946726,0.0965283414484475,-1.5124994742857,-0.208968972755113,-0.132994885547099,9.69419724592215
-1.45512368525757,0.136036509686016,0.0580585120245414,-0.341973519881475,-1.26914600588681,0.978606477206169,-52.1538021101638,-0.979730287649318,-1.44517975173321,-0.202404896842971,-0.135381156529843,9.68789144791112
-1.45535658572136,0.135719611266554,0.0573998887718992,-0.342202171185087,-1.27007015891381,0.978655310566302,-54.1310576817442,0.0136292931806565,-1.50384999122303,-0.194274563832918,-0.138540581803033,9.51608289943064
-1.45547609506828,0.135041210914136,0.0565908517421014,-0.342634438269956,-1.27111364173217,0.978786826959591,-51.4305158039141,-2.61651714134337,-1.75473771664966,-0.200661983793226,-0.139919304158819,9.48264672991816
-1.45551800708657,0.13403264781645,0.0556651194025983,-0.34325123937421,-1.27224053285971,0.978983065243124,-52.6180968876991,-2.82402182546184,-1.92525904332007,-0.214742478423078,-0.151634625579648,9.50608915636526
-1.45552577830793,0.132769642787073,0.0546839129867649,-0.344005930643586,-1.27339717175793,0.979210130415069,-53.4402628820645,-1.37132932387749,-1.89391226812472,-0.22335182741069,-0.164695875106148,9.65111061309275
-1.45554175117301,0.131352962997754,0.0537202231940634,-0.34483328595371,-1.27453494476705,0.979438300846888,-54.2459377799161,-1.19353394912355,-2.08022377908941,-0.22500102168807,-0.167170290945071,9.81020019051539
-1.45559848759909,0.129885133755324,0.0528429664829047,-0.345664399128264,-1.27561543138914,0.979645843746592,-55.0819542995923,-2.39659439487104,-2.03872780936788,-0.239414652937605,-0.155859649971138,9.85364209747235
-1.45572162247776,0.128477588392302,0.0521227400885749,-0.346425924004121,-1.27660180002728,0.979806735637483,-55.6578279739201,0.326492892231727,-1.84675408758059,-0.224982423277011,-0.148215192638925,9.89136616180684
-1.45592608611966,0.127236686248199,0.0516217854149719,-0.347047302159847,-1.27746919091812,0.979900688678715,-53.8679702827336,0.369178691766137,-1.64788632749122,-0.202818405327539,-0.144234268273716,9.83513903818747
-1.45622013463727,0.126239611085637,0.0513817894782995,-0.347478364615521,-1.27820277588596,0.979917411337703,-54.5974525493072,-0.893588626125165,-1.34553510106977,-0.194435161654148,-0.13309664803047,9.62500408459543
-1.45660751819144,0.125541317387398,0.0514270411741096,-0.347684215256335,-1.27879534562379,0.979849098897795,-51.9660558943505,-1.72663088344507,-1.33532921517076,-0.187731284658776,-0.135115354275755,9.59566268671666
-1.45707744908466,0.125132706528927,0.0517341607978004,-0.347673370046391,-1.27926395327966,0.979707448004895,-53.8827368080308,-0.73525437564308,-1.46379757613187,-0.188225423026547,-0.139279660968501,9.55466119695855
-1.45761622825953,0.124988821284527,0.0522709191828401,-0.347465581055094,-1.27962810987724,0.979505567644265,-53.1229016507331,-2.21862117374644,-1.71310843253355,-0.203534095763379,-0.14396412150045,9.69661585916139
-1.45819885133244,0.125038250012577,0.0529721495807285,-0.34711348019822,-1.2799244806086,0.979267122575773,-54.3739795623293,-0.39297119568073,-2.04819110570071,-0.221625512585034,-0.155700572730878,9.85111401578687
-1.4588047226071,0.12518998789852,0.0537622294892539,-0.346685856862926,-1.28018288576498,0.979010126441281,-56.1132843287202,-0.573629042158018,-2.02901802840231,-0.240691959870827,-0.160321110068172,9.92566320107122
-1.45941390898844,0.125347523198835,0.0545631856770095,-0.346255326247647,-1.28043092013394,0.978749503189493,-54.5149311637475,-1.76163141678057,-2.09295898162631,-0.240776091610486,-0.162767004006617,9.98457946235412
-1.46000657262066,0.125404163815429,0.0552915952020827,-0.345903086159752,-1.28069339187095,0.978499122881487,-55.8258747373648,-0.958679839538263,-1.96778390536343,-0.232009550188096,-0.157974476081217,9.88412131035432
-1.46056882889568,0.125288242327683,0.055892033294328,-0.345687487548797,-1.2809767899532,0.978254939757345,-54.3781015953064,-0.124846872226044,-1.6275570163796,-0.215969855751533,-0.153095050602924,9.84333841550797
-1.46108348880393,0.124938337032133,0.0563162022517349,-0.345657636312088,-1.28129138975397,0.978017105605491,-53.8136925803161,-1.34307821200969,-1.60004256718571,-0.20472344854661,-0.143129499374733,9.73636968268355
-1.46155535117237,0.124348150203187,0.056558482506972,-0.345826920100579,-1.28161541968701,0.977763069493019,-53.9659314897065,-0.616037192840622,-1.40735455505512,-0.192695842441358,-0.129164351107607,9.67758323215641
-1.46198707894558,0.123535997250005,0.0566300612606652,-0.3461903583404,-1.28192606866598,0.977468726703606,-53.8046610431463,0.206826920524691,-1.38815004590586,-0.188016336991977,-0.129835471157745,9.74774246930976
-1.46238752954662,0.122557905467617,0.056567683722055,-0.34671452555812,-1.28219665371994,0.977109624827445,-54.346846498099,-0.949959832418472,-1.59237167300017,-0.207050612529405,-0.138870870490608,9.80269581869093
-1.46277338508279,0.121487859759411,0.0564190203978967,-0.347350114062757,-1.2824041159706,0.976670701133151,-55.4018856056419,-1.23922566620399,-1.71961621944789,-0.211496548224165,-0.152771857987724,9.90117606850183
-1.46317547656589,0.120443560468635,0.056265272703697,-0.348019171926536,-1.28251114828825,0.976128105537953,-54.6944940114648,-0.957489149226376,-1.94769684288181,-0.221233008510337,-0.161011643858469,10.0057588744248
-1.46362245254351,0.119512658018395,0.0561620096080793,-0.348659808162635,-1.28250113651468,0.975479352657571,-56.9039461166477,-1.31582410879355,-2.12094289539939,-0.239181446842955,-0.166482914620616,10.0137758396602
-1.46414323640835,0.11878081194253,0.0561613623894801,-0.349209072553482,-1.28236954609346,0.974734363449723,-54.8217950010106,-1.10972193537009,-2.12881098261462,-0.236076633148346,-0.167623622219201,10.1309394956481
-1.46477009213643,0.118311256585162,0.0562992997018938,-0.349617000569933,-1.28212367562843,0.97391788087297,-57.5378460938875,0.238779199343526,-1.77591299220069,-0.223646463125922,-0.156256544734505,10.0321549725303
-1.46552686293471,0.118123641223428,0.0565793627758986,-0.349862956973381,-1.28178614683154,0.973065359502002,-54.7322144361727,-1.07626784301124,-1.54960043290978,-0.216473970946963,-0.141487963468664,10.0012599232372
-1.46643723968743,0.118226477297076,0.0569988485351571,-0.349934351018677,-1.28138126638518,0.972212942922709,-54.7488578256591,-0.398253036865981,-1.51815855356941,-0.196287027069087,-0.133906139610531,9.86687399508191
-1.46751812328357,0.118598215972772,0.0575359653327714,-0.349839715019052,-1.28093700857837,0.971398087018316,-54.8223647407574,-0.820572233606299,-1.36870034350983,-0.187838233680284,-0.130328493253063,9.74751080760438
-1.46877538891149,0.119196384297719,0.0581564076489796,-0.349603215473779,-1.28048271655665,0.970654322697006,-53.1142508298111,-1.97304988209225,-1.42889525997052,-0.188176360938746,-0.138810078342111,9.7619515871164
-1.47019164316441,0.119950904783628,0.0588056672281285,-0.349266312278071,-1.2800567028562,0.970013427310413,-54.607560690286,-1.17740399368768,-1.46725581592341,-0.20586134620257,-0.146176721157894,9.77494392184929
-1.471748025902,0.120795023497025,0.0594388076296752,-0.348871220418508,-1.27968056509376,0.969489203932988,-54.4260541731794,-0.986404314465744,-1.80387530713131,-0.214825964627671,-0.154785654178405,9.88767685335859
-1.47340915685249,0.121651275985401,0.0600059191681803,-0.348466196094751,-1.27937913232539,0.969094055395067,-55.2859082283033,-2.40263123450109,-2.12536431433236,-0.234455246204885,-0.159510523259051,9.96157376590566
-1.47513690825915,0.122459369847608,0.0604743781284447,-0.348088489000328,-1.27916146689166,0.968822520715246,-56.3205296339163,-1.71762637235315,-2.16961492489514,-0.243941281650113,-0.161190772711705,10.079239228509
-1.47688711990967,0.123176849998072,0.0608269929765208,-0.347764482235291,-1.27903243198973,0.968662444392776,-56.534254457438,0.447852037437087,-1.99329640645044,-0.229952821110413,-0.166474025571058,10.1865164303824
-1.47860611346749,0.123763510933302,0.061047242959152,-0.347515658848419,-1.27900085168533,0.968602239999348,-56.2481955768874,-0.880691100498325,-2.00040890231332,-0.22168178799963,-0.155482541896603,10.1362091655753
-1.48025022367616,0.124204185725598,0.0611378737335406,-0.347349132212481,-1.2790631945862,0.968620625940594,-56.2323979256447,-0.768777771480245,-1.66895318678121,-0.205207691430306,-0.142354458526602,10.0437254651579
-1.48177889506252,0.12450365399148,0.0611158794140918,-0.347259185230154,-1.279214916664,0.968695557442496,-54.6017722621994,-0.756253748977088,-1.52738521049082,-0.202425961552567,-0.139307845207692,10.0273627114544
-1.48315944061329,0.124667741336213,0.0609970852971469,-0.347238715079231,-1.27945533169307,0.968810970465962,-56.6852797403453,-1.47951911618043,-1.68078321244448,-0.205977709485868,-0.138067212968757,10.0070074560294
-1.4843737110158,0.124714418798539,0.0608030003547355,-0.347273520707055,-1.27977685159251,0.968948868469477,-55.8036435918364,-0.179249080167892,-1.65024150150234,-0.202007951614767,-0.147236372718255,10.1982731388738
-1.48540803035852,0.124665110252697,0.060555202253443,-0.347348474655105,-1.28017998676264,0.969098212750988,-57.7475715357541,0.822029756538996,-1.6291820662847,-0.208869742034473,-0.154925486858266,10.2415368927466
-1.48626769075346,0.124551777570557,0.0602821200285715,-0.347445633445739,-1.28064583732068,0.969233979878547,-57.1399640920897,-0.922200883841697,-1.89906151426277,-0.22303973408631,-0.155495378942813,10.2516370084776
-1.48697111008902,0.124405886723241,0.0600096982129195,-0.347548070711767,-1.28115526222185,0.969338387048249,-56.1311805697844,-1.59472691993506,-1.97072054229633,-0.226523026390344,-0.156871100621383,10.2405452748087
-1.48753536139886,0.124240018351951,0.0597470774485092,-0.347654021086979,-1.28169232138913,0.969392992326792,-57.379390553695,-1.12549048359892,-1.98470791778902,-0.227627407604774,-0.160016475552863,10.1381828091553
-1.48799022613871,0.124088700312735,0.0595205762954658,-0.347750078599751,-1.28222456100086,0.969371578651534,-55.0161959590856,-2.51453401293861,-1.99954073223205,-0.224509849135535,-0.160043373067939,10.1225618333938
-1.48837088418145,0.123984636869993,0.0593543245556774,-0.347824539127604,-1.28271614772631,0.969248466992485,-56.1872461266092,-2.8246554449388,-1.96875582833493,-0.224615104275397,-0.152733730583959,10.0517133782616
-1.48870844802827,0.123955843071292,0.0592679980851987,-0.347867225542089,-1.28313375871327,0.969001421824787,-56.2644869829105,-1.00966055859521,-1.84603570910485,-0.215983729675835,-0.155144160957695,10.1679844935767
-1.48903139393898,0.124019053562779,0.0592726202397371,-0.347874755146879,-1.28344964143222,0.96861746926439,-56.8739508841546,-0.612457069242737,-1.77490272164673,-0.222280497489159,-0.157771230449798,10.3164612657397
-1.48937427445838,0.124199065240555,0.0593861468481354,-0.347836561261305,-1.28363114619908,0.968086330562946,-58.6444502620851,-0.686220944791103,-1.92635295882701,-0.233280449637113,-0.150237335944011,10.3718692030897
-1.48975360084226,0.124498094756259,0.0596063573967565,-0.347751765728184,-1.28367093472576,0.967419939770067,-57.5576390998546,-0.297497957788664,-1.92338264666199,-0.223892640587646,-0.151106712735935,10.4634757087479
-1.49018823251509,0.124921936698511,0.0599324787968969,-0.347614711097579,-1.28356729677095,0.966638799986049,-58.0728561056063,-0.738187166903799,-1.79390032376241,-0.225257232370195,-0.152288493032807,10.3908684298744
-1.49069443788251,0.125469703175795,0.0603566934210285,-0.347421620593363,-1.28332539802013,0.965769829315774,-57.2805247162476,-1.53990913801726,-1.88355440762905,-0.227744930107065,-0.152764700575983,10.3324217218295
-1.49126659964168,0.126116718499582,0.0608492158845015,-0.347178525411686,-1.28298396983056,0.964864830460011,-56.643228853622,-1.43687954627353,-1.82577914609033,-0.224146204008574,-0.156038972263407,10.3444623065878
-1.49190214891795,0.126840581811072,0.0613817273218631,-0.346890617290685,-1.28257992167408,0.963971470276414,-58.4893694274656,-1.29828471702763,-1.86433536748342,-0.221000622378548,-0.161532208919488,10.3722018805654
-1.49259123037916,0.127611004176653,0.0619184294765751,-0.34656798660241,-1.28215731556569,0.963136655963829,-57.0811588778339,-1.10183756484435,-1.79462357096963,-0.219477083462602,-0.164688978858737,10.5177674973831
-1.49331935870311,0.128386469011224,0.0624134360416229,-0.346228315504858,-1.28176657206982,0.96240672039625,-59.7314509259624,0.504838065667627,-2.04095897390977,-0.223984402665698,-0.161294490927117,10.4710654429916
-1.49405770567039,0.129108633212687,0.0628075555440109,-0.345901735527323,-1.28146783091013,0.961824798389698,-57.9706931175628,0.408477202456197,-1.90124582847724,-0.231336972044691,-0.157660378079881,10.4526154486781
-1.4947816161586,0.129741794984181,0.063060872634759,-0.345608277373532,-1.28129851772808,0.961403233885446,-57.02428268093,-1.35510344376871,-1.8247818324937,-0.224543802965267,-0.15417261236117,10.3316841469869
-1.4954726967967,0.13025035097295,0.063138520431228,-0.345372872964954,-1.28128226287266,0.961141304074434,-57.2340994293098,-1.52757715435519,-1.6864918587857,-0.217563881889356,-0.149083130709143,10.1622542227332
-1.49611287583364,0.130609873844757,0.0630188716852014,-0.345217372785464,-1.28142643833129,0.961016639364763,-54.8989639040863,-2.73590152317161,-1.74399189496586,-0.217767238971383,-0.154342406924145,10.1487697559184
-1.4966939678717,0.13080607158092,0.0626928593429685,-0.345159830016871,-1.28172173186614,0.96099382738493,-57.412439894752,-2.16726433461872,-1.8395258140277,-0.220668600975962,-0.162421633524859,10.1856879252105
-1.49721591960304,0.130840614148382,0.0621690475278509,-0.345208512203271,-1.28214605538946,0.961030446615542,-57.1152937023691,-0.759117591806671,-1.86696971965628,-0.224142697945504,-0.163915561785316,10.4093565391401
-1.49768602824712,0.13072542091462,0.0614691333303612,-0.345367914299509,-1.28266541287667,0.961077327232047,-59.1201082287903,-0.468267511841987,-2.00182009148142,-0.231884714797496,-0.156366892376164,10.5291942666264
-1.49811908450388,0.130495254228171,0.0606363219059702,-0.345626155532825,-1.28324098215745,0.961089073181088,-59.3052375009798,-0.0508467242741517,-1.81846747605636,-0.236322602989612,-0.150385665522368,10.5906966598735
-1.4985463629713,0.130193495715043,0.0597241312738346,-0.345963920371354,-1.28382525405023,0.961024308114972,-58.5675437162506,0.807179544303608,-1.79688758897581,-0.223393015207515,-0.149585232017498,10.5651928009006
-1.49900371521643,0.129860503891396,0.0587862506143226,-0.346361837326185,-1.28437423899756,0.960856257927707,-57.8777821538849,-0.816216169603422,-1.73852325896794,-0.221476593826074,-0.151331308516123,10.3999854182975
-1.49952663937996,0.129546160523129,0.0578816144005918,-0.346789120318262,-1.28485547819157,0.960574615291759,-56.8846951326483,-2.21150683736755,-1.70883663993121,-0.211976155160108,-0.153842001445477,10.2674743448755
-1.50014147165995,0.129284641319114,0.0570549412917185,-0.34722102784863,-1.28525019366292,0.960183055080405,-56.3430288695125,-0.964865999509811,-1.65805924514669,-0.211689982192336,-0.155725050868667,10.2621252255792
-1.50088306828174,0.129118231733307,0.0563561482327757,-0.34762437642239,-1.28554140775692,0.959696290162771,-57.856897972317,-0.724004073259721,-1.87907313768804,-0.21578381568838,-0.15543371132244,10.3291150496669
-1.5017717598821,0.129062709358349,0.0558109204924464,-0.347981691709833,-1.28572394719998,0.959135122494502,-57.5567351539581,-0.2556893615847,-2.0057473682489,-0.228668477909031,-0.159242390782923,10.5027215155994
-1.50280965083406,0.129117992024645,0.0554271235485961,-0.34828198476903,-1.28580809413061,0.958525798961418,-59.3704022516293,-0.712163685790983,-2.14262715382262,-0.243168533234579,-0.16096422162201,10.545424690327
-1.50398658643476,0.129274615836669,0.0551999911371632,-0.348518431213544,-1.28581364205177,0.957897145372889,-58.8154813336391,-0.388532485344285,-2.15864645513884,-0.24206241828671,-0.160043261559441,10.5619606960647
-1.50528067644781,0.129505979400975,0.0551084109665581,-0.348697523803911,-1.28576143262847,0.957269553003146,-57.9520240527697,-1.69520132318394,-1.98589264968706,-0.231366398862722,-0.159459184080336,10.5136891082725
-1.50665889218813,0.129769546284271,0.0551156812032374,-0.348836314690445,-1.28567654034062,0.956659415357515,-58.4290249652826,-1.85459226610942,-1.84216682455903,-0.224326221223718,-0.154997720074204,10.4159933736475
-1.50808034016502,0.130030333290159,0.0551872948284984,-0.34894769055784,-1.28558380751395,0.956074252529145,-57.0851623264426,-1.50984087569168,-1.71510417333721,-0.216850998556644,-0.153185960073762,10.4466025722984
-1.50950356806862,0.130250250714892,0.0552856581990058,-0.349049752289221,-1.28550484753482,0.955514960728702,-58.2294784779385,-0.785523777637763,-1.77474432924433,-0.21666767091552,-0.148990432329021,10.4513090928504
-1.51088859537167,0.130390250258266,0.055371338864278,-0.349161561023282,-1.28546008136088,0.954980519913242,-58.6157332390969,-0.726119813645255,-1.68831309950971,-0.214634693221716,-0.147862175253526,10.5361122757758
-1.51219829224066,0.130423020032046,0.0554147901458342,-0.349298510899047,-1.28546892898393,0.954467796934441,-58.4531364752899,-0.631000025136245,-1.80080990384366,-0.22026179558615,-0.151703370095929,10.6459812749494
-1.51342026908954,0.130346780329227,0.0554093805632068,-0.349461031396097,-1.28552965721046,0.953964712119832,-60.7855932558623,-0.522657770167825,-2.04873788143342,-0.229302320636529,-0.15656545956868,10.6917433267426
-1.51454984401986,0.13017414029127,0.0553608200373268,-0.349641154994369,-1.28564202254956,0.953465740966296,-58.7823069558256,-0.713409090306868,-1.99057319537644,-0.225702857719364,-0.169561995768947,10.8097703608918
-1.51559139302346,0.129929011797303,0.0552853698950495,-0.349823878272735,-1.2858039031525,0.952970849299325,-60.5642089383417,0.2563021067931,-1.99513413233075,-0.232995478793225,-0.169049352075218,10.6728392802364
-1.51656905896235,0.129651760590479,0.0552149581979295,-0.349984037536695,-1.28600250921052,0.952479930122834,-58.0448664091115,-1.63803568812978,-2.0705001685788,-0.238875500328489,-0.159902991587429,10.5822220650909
-1.51750848158527,0.129368731361784,0.055173256486051,-0.350106973744416,-1.2862285273889,0.952000721123501,-58.0968047481775,-1.09459256770401,-1.94080884026528,-0.23349943896005,-0.152217211062351,10.4706431273127
-1.51844793809749,0.1291263613097,0.0552017407708925,-0.350165161588042,-1.28646098530423,0.951536152732153,-58.5142960667106,-0.926630283721352,-1.81728843290568,-0.233224029447849,-0.152104721321624,10.46587281804
-1.51942299173856,0.128956696053914,0.0553303903524649,-0.35014068796511,-1.28668314564155,0.951093571993712,-58.0710644038165,-1.52779054322491,-1.89180228382597,-0.225596197106979,-0.159465419163407,10.6138471402817
-1.52046136457819,0.128875284929084,0.0555745187574836,-0.350026311016461,-1.28688029850224,0.950677762700974,-59.9929663570425,-1.10383781113228,-1.93568144867007,-0.228409329969074,-0.162148000880563,10.6889431595889
-1.52158154288789,0.128888175289439,0.0559407256344677,-0.349821851721236,-1.28704278773176,0.950291663427975,-60.0422456837975,-0.425854222552516,-1.97695791349008,-0.235139621784659,-0.163467738861128,10.8005333885217
-1.52279769691561,0.128987343226505,0.0564233473975899,-0.34953789338089,-1.28715645624804,0.949932273546947,-59.9252101540278,-0.35776415011992,-1.98124351391462,-0.244371680740324,-0.161857387749478,10.8440790912177
-1.52410362105014,0.129143749443491,0.0569958736644682,-0.349197618049756,-1.28722686599482,0.949603786331875,-60.8788459745351,-0.71878599332922,-2.08965726327753,-0.251691199344277,-0.157543551192351,10.8004359294628
-1.52548795290203,0.129322707753038,0.0576246096806059,-0.348828678265838,-1.2872568887286,0.949302324823547,-59.2142738200784,-1.25676385203633,-2.02647375197688,-0.237972380000696,-0.157869698998167,10.7858029557026
-1.52692629561743,0.129475967645002,0.0582634067472838,-0.348468970843501,-1.28725779920776,0.949024589075151,-59.6886529624614,-1.5801045457406,-1.8665661947897,-0.226729369546525,-0.157663733673001,10.7034667785986
-1.52838007985444,0.1295602907088,0.0588668271946351,-0.348153882863224,-1.28724774776037,0.948764307554498,-59.2311617604119,-0.69555449187601,-1.70873279544108,-0.215955672099048,-0.165480139188988,10.7237815702299
-1.52981153082381,0.129535109985434,0.0593902458666562,-0.347915596433287,-1.28724671804394,0.948519246786074,-59.3920729158954,-1.40616182725148,-1.83193695436702,-0.218110260518647,-0.170025677676377,10.7893802815599
-1.5311818281376,0.129361054152353,0.0597897192509242,-0.347785324129206,-1.28728137829028,0.948292591126103,-61.5636489068992,-0.523905103548941,-1.99261762928685,-0.233823468500459,-0.1665509630196,10.8276535995291
-1.53245123163679,0.129023244017962,0.0600419126575995,-0.347779691089781,-1.28737030759914,0.948078649060889,-59.7865504415489,0.0939880941912179,-2.05399231242734,-0.236103301962816,-0.167094526909877,10.975087312084
-1.53358973033138,0.128520127173243,0.0601358376710244,-0.347907136150351,-1.28752555417244,0.947871969602552,-61.6926877638796,-0.0427099987159636,-2.13464214057885,-0.245405965446252,-0.160026065916822,10.9009303075749
-1.53457073599084,0.127862137624382,0.0600702755541653,-0.348165093135076,-1.28776056122267,0.947670982370497,-60.1510738147412,-1.68725494957425,-2.19063674362232,-0.254591056196531,-0.160055184103338,10.8541960733716
-1.53537462671251,0.127057408715116,0.0598457180581646,-0.348553312038469,-1.28808465848437,0.947474136296706,-59.5671868668318,-1.97540243513004,-2.1323547034807,-0.244089800988515,-0.16293501290613,10.8210813967553
-1.53600122297486,0.126131632445021,0.0594796048159127,-0.349060590288672,-1.28849195214515,0.947274220708257,-60.2858628416007,-1.02237858324747,-1.8801112370306,-0.230203585058854,-0.166078060288809,10.7811572466888
-1.53645351824827,0.125110064920803,0.0589893208608616,-0.349672092118066,-1.28897836538332,0.947069257270842,-59.5510080381463,-2.18017226753932,-1.84320105797846,-0.228869786715199,-0.162576858884056,10.8472588813986
-1.53675046409763,0.12402882286065,0.0584019160947615,-0.350364402881654,-1.28953408599609,0.946859031131102,-60.7868647587732,-1.39015707342969,-2.08430750899566,-0.242165866201825,-0.16032689160814,10.9237212556149
-1.53692838810213,0.122926440235284,0.0577486782568435,-0.351112935513153,-1.29013118559954,0.946630495802795,-61.894853024929,0.526395077858297,-1.95612367000396,-0.243676128497772,-0.162467133774387,11.0770423438697
-1.53701975123806,0.12183736225975,0.057055410478051,-0.351890942738393,-1.29075611805286,0.946385484764469,-61.4318719793272,0.131487071484116,-1.99483182201212,-0.249488847956467,-0.165996110339656,11.159812651456
-1.53707417375354,0.120803158178265,0.0563550737418146,-0.352664690859491,-1.29138736328763,0.946125688713097,-63.0619090406608,-0.554668995224119,-2.22627476935145,-0.25344071185657,-0.164996960682555,11.0705621677685
-1.53714374754511,0.119864160950998,0.0556804491487146,-0.353398438994261,-1.29200672494489,0.945859297033234,-60.0810761499606,-0.647456837045866,-1.91501398678795,-0.239859996111778,-0.170773920419578,11.0938930125446
-1.53727752535058,0.119058710119204,0.0550617660412431,-0.354057439371647,-1.29259650224884,0.945592921022058,-62.0886019740863,-0.168501862110361,-1.88890218870742,-0.229815467009048,-0.168455679583843,10.921926690923
-1.53752590801911,0.118425373143927,0.0545308178447239,-0.354604739410521,-1.29314229324994,0.945338399998422,-59.7109486184117,-2.23496882472728,-1.80090197181971,-0.238710298486786,-0.163011270542331,10.8975410954692
-1.53792796355393,0.118011119932302,0.0541265242028035,-0.354998312189098,-1.29363085604074,0.945104280992936,-60.2618405743112,-1.01609073266559,-1.86250831909834,-0.232890749337039,-0.166226564732184,10.913759342838
-1.53851687370867,0.117850544886226,0.0538797856162601,-0.355205581262219,-1.29405199391315,0.944901263751214,-61.3199664247666,0.0573797879781068,-2.1495863373774,-0.236888627324142,-0.159098340764513,10.9253298737427
-1.53930489135385,0.1179586750919,0.0538073090997568,-0.355209054095789,-1.29440428529636,0.944740129511756,-60.4126632572095,-2.23210866029899,-1.98805687373994,-0.243974490141404,-0.161692200916373,11.0037320938296
-1.54029768322767,0.118360306551313,0.0539351944491115,-0.354990010621169,-1.29467655425519,0.944616883799008,-61.8743040014841,-1.72574208902165,-2.1255340948986,-0.253156844877512,-0.169325680277173,11.0379231754414
-1.5414808334537,0.119050967278106,0.0542669446253583,-0.354550879129447,-1.2948699236145,0.944530210616574,-61.5510784265715,-0.200732368376293,-2.03733732963889,-0.242251571622283,-0.176509564722586,11.1115118821028
-1.54283155195749,0.120012362327005,0.0547955618951215,-0.353908724799345,-1.29498004917705,0.944466977439663,-61.5366828703484,-1.14613436367381,-2.11116676148382,-0.247193897357894,-0.170214774842065,11.114224685961
-1.54430679249288,0.121200687522161,0.0554931136611201,-0.353101957250884,-1.29501144076419,0.944410983013644,-62.1019315706784,-0.989561428972365,-2.00654284326473,-0.248097977529285,-0.165430648366464,11.1244532527506
-1.54586526839166,0.122567533446817,0.0563273903110366,-0.352174740554308,-1.29496248763029,0.944336718693643,-61.6076142718057,0.404947232341101,-1.85793407730617,-0.234495450419578,-0.16639628683623,11.2115489779693
-1.54746114355715,0.124038852001849,0.057246996197063,-0.351190111048728,-1.29483392863732,0.944217864080076,-62.6186132185921,-0.410111332415227,-1.95499765382058,-0.239571139589923,-0.158100380376638,11.176423517408
-1.54904510879835,0.125532744440733,0.0581917101564153,-0.350215930906747,-1.29463701743883,0.944034838680069,-62.607355771069,0.127818579707309,-1.9311551922527,-0.237926440898302,-0.15758993867708,11.2120056737914
-1.55057283232544,0.126969012845734,0.0591008584186681,-0.349316665872027,-1.29438042582719,0.943766182768563,-61.4589491076912,0.909812965407582,-1.82977213711629,-0.226320603522716,-0.167424864621442,11.2313515665983
-1.55200712236384,0.128276215179147,0.0599200230129258,-0.348547599857489,-1.29408020309044,0.94340215556253,-63.0422737735884,-0.823484048342152,-2.01633475414025,-0.23202712947365,-0.163237304552203,11.0544372164811
-1.55332902026399,0.129396464371712,0.060606472938437,-0.347951926692694,-1.29374581538336,0.942937249727984,-59.5024231965102,-2.61668163784816,-2.13670264048554,-0.244327187283335,-0.162901094893085,11.0373144896036
-1.55452031186513,0.130278844140624,0.0611223475798066,-0.347561818808373,-1.29339955321905,0.942382439562601,-61.8250197616576,-0.98067119801135,-1.94174517530811,-0.24131985189278,-0.171155791367568,10.9814261426356
-1.55557216071066,0.130910424564907,0.0614590460036233,-0.347379600105358,-1.29306140630409,0.941751138527006,-60.5448438956731,-2.36701865872988,-2.10964009098373,-0.246663880977966,-0.17218479208269,11.0636812639982
-1.55648306984783,0.131281024000074,0.061611105941954,-0.347401188795593,-1.29275796911803,0.941072311410157,-61.9166170700839,-3.5446884439566,-2.35244912114035,-0.255064576515129,-0.170750609433524,11.1330474991029
-1.55726075316247,0.131409096400088,0.061596760922906,-0.347600968053306,-1.29251040069545,0.940375726105441,-62.9283457844047,-0.536481721982,-2.00733384117973,-0.249078428155432,-0.175623142942323,11.287202451915
-1.55791574470041,0.1313366479141,0.0614513777096297,-0.347934119695685,-1.29234241201314,0.939697633205913,-63.4605774403656,0.733799291689138,-1.95465794042747,-0.240635431567781,-0.175525254510935,11.4024790870261
-1.55846724228636,0.131118928098743,0.06122255647055,-0.348351321074762,-1.29226374094207,0.939062339429228,-63.2352333151932,-0.963739340455959,-2.01194392249585,-0.251127585282088,-0.161584535677331,11.3612373625686
-1.55893367033399,0.130805999397327,0.0609529951037733,-0.348806069834902,-1.292287759766,0.938498894688804,-63.3471593492084,0.738980814993056,-1.82942210595073,-0.23487184761959,-0.157382769162534,11.3056231663713
-1.55932624564749,0.130447885779764,0.0606829789411423,-0.349254962593182,-1.29242749218503,0.938029411442242,-61.4693968179355,-0.167478538140358,-1.6751210715052,-0.226947919754406,-0.157363045978504,11.2647677897963
-1.55966376887971,0.130083995487652,0.0604443871581455,-0.349667076537595,-1.29268208688932,0.937662184440304,-63.3766668793987,-2.01652782182305,-1.8856372531545,-0.239178852140176,-0.157206508924046,11.1609147719018
-1.55996088662169,0.129746815983571,0.0602611657178531,-0.35001950129107,-1.29304917274539,0.937399111435126,-61.0863890779048,-1.36169033655756,-1.80437150476678,-0.233433080019296,-0.171742144149513,11.3046700110025
-1.56022575513626,0.129447890883513,0.0601392687666522,-0.350307495189162,-1.29352267780377,0.937232886615585,-64.3645092017395,1.09067803468702,-2.07143107255956,-0.234951758554041,-0.180637643018501,11.327391768463
-1.56047190690422,0.129196347072706,0.0600819260640619,-0.350531629785935,-1.29408407787676,0.937144265748793,-62.7566085611393,-1.92982992483371,-2.23077104443539,-0.254571701342353,-0.175216899584539,11.3859638650758
-1.56070817041128,0.12897282687026,0.0600690560684991,-0.350712853280262,-1.29471684138471,0.937113971294909,-63.0069990213982,-1.77000779988634,-2.36923313233129,-0.257106720577044,-0.172723279640843,11.3858188667159
-1.56094504894618,0.128758622662761,0.0600806552610664,-0.350873516336207,-1.29539455424161,0.937113300711192,-63.7645110432827,-0.334609202944648,-2.22711974333711,-0.256096767051014,-0.172966155529787,11.3625106717471
-1.56118981334954,0.128533099474901,0.0600958118396946,-0.351038819680674,-1.29608460555423,0.937106281484074,-62.4555804455552,-1.94777100904025,-2.21261086905969,-0.250877605189334,-0.171292139497749,11.3785447173463
-1.56145354581442,0.128275730309769,0.0600937825796704,-0.351230203805495,-1.29675207593347,0.937061277996696,-63.0952202960186,-1.93928172207461,-2.08827471448274,-0.246194978972552,-0.166638660137875,11.3348411115386
-1.56174350719799,0.127970699263128,0.060058738151433,-0.351466232341892,-1.29736267316928,0.936945423560064,-63.3749819041688,-0.0303597935437665,-1.86064544156187,-0.228288619650069,-0.16709323701369,11.3903948879867
-1.56207336057452,0.127622680275513,0.0599917032988972,-0.351750674380729,-1.29787257225066,0.936723988857057,-63.0628380764742,-0.503896575346289,-1.88554868346759,-0.233227491840531,-0.164287328299396,11.4306150782098
-1.56245102463854,0.127230659199064,0.0598883845622584,-0.352085056793291,-1.29825566612792,0.936380511474665,-64.5508212696311,-0.673729415322896,-1.89363021966255,-0.24823071859389,-0.162579738667626,11.4441088551218
-1.56289159917295,0.126827602530097,0.0597721412595904,-0.352448652133213,-1.29847951049795,0.935895721217984,-63.6127224180439,0.880228864148648,-1.87141364041665,-0.237933164143224,-0.17125451858145,11.5828491854643
-1.56340442359155,0.126436893429619,0.0596579762704412,-0.352824789343972,-1.2985282245623,0.935264865040022,-64.4669235190832,-0.380603691286751,-2.04957924788278,-0.248223533540073,-0.171257061328337,11.5343947148505
-1.56399668538873,0.126101619574759,0.0595747411554359,-0.353181893237757,-1.2983967506219,0.934491700519943,-63.775170311721,-2.30434731579544,-2.22948057525034,-0.258428676326074,-0.172154482841793,11.4753340698995
-1.56466649116299,0.125853384839939,0.0595400109630924,-0.353493156897119,-1.29810137574941,0.933596549093132,-62.8303621100628,-1.43907574962964,-2.27812516386675,-0.258431957868815,-0.180423637704807,11.5051112475069
-1.56541740083692,0.12573503367862,0.0595790429347296,-0.353722556363106,-1.29766794334704,0.932610178327865,-65.3953574086114,-0.339970989873791,-2.29924564716006,-0.258966665410224,-0.183477745966293,11.5025215680797
-1.56623987860722,0.125774363553805,0.0597041473764133,-0.353843690718847,-1.29714328138088,0.93157665589003,-62.9149581071342,-1.71673612078871,-2.24494130807142,-0.257052303774234,-0.179326694230947,11.6312326913788
-1.56712340059856,0.126002922529411,0.0599296039147503,-0.353828623476681,-1.29657676011511,0.93053923677411,-65.9674089328507,0.317184759665224,-2.09479942638572,-0.252980047522033,-0.168958356350071,11.5717147041388
-1.56804723708622,0.126423560296963,0.0602463603645647,-0.35366729244279,-1.29603484765455,0.929553387020422,-63.6389069997707,-0.639778222629275,-2.07201478617881,-0.246129487678164,-0.164365033574713,11.5725793775888
-1.56898933118515,0.12703938414513,0.0606469602147806,-0.353353043718904,-1.29557584893651,0.928663769635554,-63.6776587257343,-1.50282550202792,-2.0708238694277,-0.244618361316997,-0.158850391060544,11.487492757563
-1.56992060646868,0.127826276609135,0.0611050276132703,-0.352900139889167,-1.29525774903363,0.927911455428261,-64.1516763186326,-1.75039216784648,-1.95383540518412,-0.244529386824737,-0.16710117384868,11.4738698268951
-1.57081661922291,0.128747392139786,0.0615883231606229,-0.35233307013085,-1.29512328432635,0.92732722578488,-63.7280088934892,-0.285109684349891,-2.02726178237143,-0.236860179875863,-0.173233415255293,11.5654348316589
-1.57166189877854,0.129761743360704,0.0620659544072208,-0.351683707312554,-1.29519577197043,0.926927768446853,-64.4862123869057,-1.51230751560115,-2.091639811466,-0.249574354793478,-0.173824227635015,11.5806994358017
-1.57243862668908,0.130818808698232,0.0625023239653024,-0.350992836633318,-1.2954806141482,0.926709912867055,-64.9725076002145,-1.68298874903644,-2.19537631311459,-0.253573161836575,-0.172224893917305,11.6318018655564
-1.57313474236379,0.131853621399239,0.0628548815184655,-0.350314842490679,-1.29596537278286,0.926657446448826,-64.3444976498903,-0.860770369263719,-2.30150879089902,-0.260202961570247,-0.173284238375971,11.7049708224581
-1.57375308300271,0.132798040274039,0.0630838540791023,-0.349707778262768,-1.29661777747769,0.926742891808924,-66.0054144019105,-0.928386380503753,-2.30127766789784,-0.266174882201317,-0.178044805774358,11.7018019253318
-1.57430290052691,0.133598938334957,0.0631633773603106,-0.349220145053456,-1.29739128830548,0.926927269601449,-64.2637488844531,-0.303799254482101,-2.12168349712644,-0.253619591147581,-0.179701500572887,11.7762002489714
-1.57479513880982,0.134195603031102,0.0630631276799787,-0.348905082069367,-1.29823612881577,0.927169212398232,-65.7855176060273,-0.960329578510937,-2.12692882390181,-0.247067145602596,-0.177591671375402,11.6855870319363
-1.57525066278809,0.134536940664622,0.062761325623587,-0.348806454665482,-1.29910038400274,0.927429372559223,-64.5676755309576,-1.427914846774,-2.06216850706383,-0.248128811351826,-0.170832290561073,11.6759721800535
-1.57569269076592,0.134601953258604,0.0622593337098833,-0.348944052326742,-1.29993284321317,0.927668580188238,-64.7136670474885,-1.50755548246184,-2.04495352841016,-0.243827707189116,-0.169220589962462,11.6865091617242
-1.57614150758349,0.134386798490094,0.0615695359153146,-0.349321104224696,-1.30069745562953,0.927860669263455,-65.8072268058787,-0.435137903492659,-2.10258217101025,-0.24826566617904,-0.166049710496389,11.6839920093581
-1.57661185133588,0.133894727114486,0.0607070290005416,-0.349928979035715,-1.30138023287039,0.927998444379278,-64.2573646739831,-0.128877225535462,-2.07566539934135,-0.246191041577397,-0.16648151945924,11.7684410250506
-1.57711660690975,0.133165554612655,0.0597115905343142,-0.350730539987114,-1.3019725934459,0.928075176756364,-65.8783440175674,-1.43434071977026,-2.08494084160077,-0.251000455951078,-0.173965155648889,11.7257461774053
-1.57766117071505,0.132249569119959,0.0586291825467911,-0.351678087509548,-1.30248399076119,0.928097838168403,-65.2128811693003,-1.23039652259399,-2.06137847270719,-0.251502381136743,-0.17878027753438,11.7563670094642
-1.57824910520046,0.131218953702288,0.0575196392443269,-0.352705899177828,-1.30292876262557,0.928075067125012,-64.7283834022276,-0.831032504162522,-2.30991923857152,-0.253807123371937,-0.185463379515181,11.7662372011355
-1.57887234460191,0.130140095849366,0.0564355708964741,-0.353752314643198,-1.30333640173579,0.928025179262854,-66.0330906602766,-0.834355926840544,-2.20313615765508,-0.263158966897065,-0.18145399571505,11.7246383433861
-1.5795280567735,0.129099797476674,0.055444942320015,-0.354743202544732,-1.30372618340751,0.927957993999932,-64.2430946039151,-0.815802687257701,-2.36366292974242,-0.257764859983592,-0.178674279843402,11.7787175292493
-1.58020844901984,0.12816992482727,0.0546033463148463,-0.355616348414226,-1.30411858925144,0.927881841732854,-66.2329402491287,-0.591155117701192,-2.20874267717207,-0.262433257585941,-0.17145662305907,11.7324850715709
-1.58091186770822,0.127416310834151,0.0539633264720885,-0.356319019209239,-1.30451933151846,0.927794198633136,-65.3222732918252,-0.391793648637304,-2.19120233256024,-0.258658296537204,-0.175668252854137,11.8180662311946
-1.58163432827304,0.126892685251583,0.0535679860615386,-0.356808479658262,-1.3049322337827,0.927693726969504,-65.7720536833821,-0.227396834255387,-2.0523140117306,-0.25363775129704,-0.179352872652976,11.8691793000481
-1.58236915197236,0.126623561461114,0.0534389918586335,-0.357066300942761,-1.30535929089277,0.927579054528971,-66.4736080536188,-0.898191134797571,-1.96067879364477,-0.252446845313677,-0.173975807079276,11.8466886861797
-1.58311847912216,0.126612903502699,0.0535838243006075,-0.357091451564767,-1.3057885300948,0.927442175851335,-65.0311089174948,-0.748121090652376,-2.28790874993499,-0.249712108530594,-0.16983304656977,11.8604389098027
-1.58389131825471,0.12685049415812,0.054000867656824,-0.356895235393676,-1.30619972579915,0.927276972583586,-66.2687873468308,-1.07287831207464,-2.25970649156935,-0.260260879788369,-0.167988122383106,11.8339760766451
-1.58468532680476,0.127294118957635,0.0546637721993384,-0.356511127118377,-1.30658330372095,0.927084517141276,-66.1172472690786,-0.645833526651813,-2.21546789636929,-0.259485420351996,-0.177091617898708,11.9231621331679
-1.58550121368887,0.127886986052649,0.055533868431032,-0.355981964009573,-1.30693322662095,0.926876483442252,-66.2053749850216,-0.0520568423676195,-2.17001038432639,-0.25382621538736,-0.179605758064121,11.9712230983519
-1.58633425478309,0.128565723237677,0.0565644949991742,-0.355356188305884,-1.30724762393241,0.926665373492761,-67.0604121151702,-1.33557528336132,-2.09376871938363,-0.258844934018822,-0.177165570341374,11.9069852039554
-1.58717359987105,0.129269585151836,0.0577060222490562,-0.354679351900864,-1.30753575963868,0.926473003429212,-64.9912974726873,-2.17188633235469,-2.13646981547126,-0.252729951640823,-0.177195580815456,11.8779646393597
-1.5880125929954,0.129939737832145,0.0589079565328046,-0.353996963792297,-1.30780565977923,0.92631971505993,-65.8701302957799,-1.32857302881439,-2.32672446685584,-0.259505619406947,-0.175567861896467,11.7961765557254
-1.58884293054733,0.130531269072424,0.0601246770337955,-0.353345441442435,-1.30807019800741,0.926225333772876,-65.6438797397778,-1.39026072271918,-2.25057443577609,-0.261387810997325,-0.183150636738396,11.859855246553
-1.58964483400783,0.131005547535231,0.0613091819568994,-0.352757554877244,-1.30834869693695,0.926203161779308,-66.0268604179261,-0.953937121116951,-2.18629669033714,-0.262856221699319,-0.184579871460076,11.9818291584294
-1.59040586558373,0.131344491662055,0.0624262251449423,-0.35225394483603,-1.30865497634654,0.92625784287677,-67.4365301805644,-0.597152208755688,-2.21998016009928,-0.265015505594321,-0.179396630308433,12.0555912332458
-1.59111740853537,0.131551012212647,0.0634533143816167,-0.351842959040781,-1.30899543768487,0.926381206455733,-67.1298361225179,-0.18028724651731,-2.14867110664653,-0.262173626808748,-0.17839459032499,12.1824661255835
-1.59177860121746,0.131645385655037,0.0643807333395796,-0.351523852711612,-1.30936151970822,0.926546122369769,-68.5555685471956,-0.338584517963227,-2.2178490807716,-0.268099786296406,-0.176679311109938,12.184451861783
-1.59238428043957,0.1316518453493,0.065201354293227,-0.351293882347785,-1.30974453964807,0.9267182048681,-68.3285159981759,-0.00341524418558947,-2.09156341139715,-0.261758767263949,-0.178065238433443,12.2105746393825
-1.59294165519258,0.131598058715504,0.0659147545519068,-0.351146881816103,-1.31012836101779,0.926861815804356,-66.6429407662409,0.46940389021006,-1.83041043580678,-0.248197670910543,-0.176206875678031,12.1757220657523
-1.59346537197406,0.131524262189051,0.0665332663656648,-0.351066337964371,-1.31048740649833,0.926934447255934,-67.6906925635288,-0.888190179167168,-1.9981023522009,-0.244236402031821,-0.169611916768488,11.9561229480311
-1.59396763241786,0.131451741553557,0.0670608280107785,-0.351046992436991,-1.3107993386659,0.926899106544441,-64.2878923610738,-3.40470242873357,-2.08876609916538,-0.249028470056515,-0.16795880211139,11.9049711688989
-1.59446237571988,0.131396033304132,0.0675028928701953,-0.351082114737166,-1.31104619289036,0.926730965334717,-66.8574736880037,-1.65925247671544,-2.24078682259622,-0.255982764341742,-0.177502786505608,11.836047074281
-1.59496269965076,0.131364214898434,0.0678646867047381,-0.351166806701729,-1.31121477503999,0.926415158347311,-65.6820783571064,-1.94439074273259,-2.31927573531019,-0.259888471482614,-0.190474376622941,12.0058818588355
-1.59548040963355,0.131349417854906,0.0681462334318654,-0.351301729180684,-1.31129992032571,0.925953403882209,-67.5022747113404,-0.974262702994793,-2.42316194166122,-0.268693845209592,-0.197055811475846,12.1190471758316
-1.59601975990618,0.131326835724101,0.0683368806600322,-0.351493391524758,-1.31131333545225,0.925369675558928,-68.0607028188967,-0.384391687960488,-2.51520298502058,-0.275921761275726,-0.193988261539743,12.1966000217044
-1.59658151892881,0.131263010090791,0.0684223116362201,-0.35175143861795,-1.31127241179769,0.924696826811861,-67.5734625762268,-0.819510466318206,-2.5247129005096,-0.2753801386856,-0.186457227240976,12.2377410920262
-1.59716080987974,0.131117100324921,0.0683832288732709,-0.352087103122607,-1.31120730341499,0.923982657922555,-68.0365039737186,-0.976702377096444,-2.32072596763734,-0.275885941674136,-0.178860646261371,12.1877738694034
-1.59775077768871,0.130852016041084,0.0682029198059562,-0.352510564149785,-1.31114779870692,0.923273519950011,-67.7905192441721,-0.287718068522736,-2.0649511264651,-0.26148668814332,-0.176852888864701,12.2098309223808
-1.59834435468668,0.130435358365031,0.0678663076600825,-0.353028833024617,-1.31112394944503,0.9226164323899,-66.9492118515128,-0.322172794856442,-1.79739728566352,-0.247582518179731,-0.168442815723658,12.2047233008509
-1.59893429028671,0.129847509399614,0.0673655061075951,-0.353642280931899,-1.3111646849402,0.922051844488626,-68.4948499918896,-0.866935463735899,-1.83024382379858,-0.246088033447435,-0.163278504154788,12.1128370594101
-1.59951004746934,0.129064897044595,0.0666878562134867,-0.354358142178037,-1.31129565765105,0.921612175389846,-66.1939152486752,-0.975812003979172,-1.94968368206676,-0.247245673959101,-0.170704191459321,12.1497938449017
-1.60007210580962,0.12810693287987,0.0658502559822063,-0.355157941578673,-1.31152449490272,0.921309542632293,-68.1190770176619,-0.500264528295475,-2.18159472078707,-0.255528171075269,-0.17472359912691,12.0899228153768
-1.60062173355422,0.126985917837749,0.0648638638292558,-0.356031430989602,-1.31185689491761,0.921150977043361,-66.4290820043276,-2.12617724762572,-2.31144845089278,-0.258199922614924,-0.179656843676702,12.1130162576044
-1.60116210062409,0.125741005547476,0.0637592184948261,-0.356955019274429,-1.3122847219196,0.92112402809747,-66.9985102208768,-2.64415097803408,-2.60334166755757,-0.267767814693045,-0.187844996581831,12.1046423115055
-1.60170426446425,0.124431850384071,0.0625834635133149,-0.357893309486458,-1.31278590685512,0.921201691292082,-67.8193459180723,-1.91717658906305,-2.57815470541144,-0.274096099364404,-0.197193397198627,12.155242377681
-1.60226331895959,0.123121271825982,0.0613877787324428,-0.358808688425831,-1.31333466005068,0.921356925426334,-67.7061061204503,-1.30336394808,-2.52640096967679,-0.270757348218206,-0.204514407986889,12.283684472756
-1.60286313376277,0.121882854854017,0.0602346449914444,-0.359659015326135,-1.31389170145989,0.92155200464916,-68.9324250667613,-0.308792932074084,-2.43965289459788,-0.272365347443456,-0.191127107472769,12.3180742698535
-1.60352879204147,0.120796614575738,0.0591935391538558,-0.360396302913779,-1.31441871954272,0.921753847772719,-68.9109096851448,0.852005702418182,-2.23295894500541,-0.263216361016571,-0.181103786463585,12.3519480519287
-1.60428509901331,0.119940141262727,0.0583333047618357,-0.360974036782764,-1.31487521699199,0.921927998248182,-67.8625256066558,0.619216448100815,-1.99988000372599,-0.257226443014134,-0.170820789691429,12.3175839251082
-1.60514767527183,0.119365484201718,0.057703845867171,-0.36136109697411,-1.31523422549981,0.922053253877007,-68.918119570882,-1.34726736293419,-2.15899846810873,-0.256016154202475,-0.16451029796132,12.1966817575963
-1.60613291746774,0.119125843756207,0.0573564858763616,-0.361524721992393,-1.31546752931913,0.922110689750182,-66.7313329285719,-1.16546911604746,-2.02835529078109,-0.249637477509658,-0.176170816630975,12.2442444377193
-1.60724795836629,0.119245369765589,0.05732104904701,-0.361451253416357,-1.31555867738132,0.922090046466634,-68.6357256147634,-0.83483255268311,-1.96056454230205,-0.253344886155866,-0.178189442605948,12.2329578296012
-1.60849805772528,0.119727653044204,0.0576100856359414,-0.361141063969335,-1.31549700030734,0.921987944664189,-68.0514712646778,-1.67181244185031,-2.31896451744103,-0.264114009747017,-0.186345112738082,12.3400849540672
-1.609872256406,0.120549102208827,0.0582120175354646,-0.360610884116025,-1.31529014189014,0.921811780342175,-68.8124403308146,-1.36283978229199,-2.50392166992438,-0.276663463398091,-0.195731281808271,12.4262770196327
-1.61134579416004,0.12166197407899,0.0590928423504065,-0.35989223089815,-1.31495933505687,0.92157555874374,-69.9029371542915,-0.0770418018043983,-2.56233834535226,-0.288390835859779,-0.196499267411625,12.4365123280727
-1.61288668706551,0.122993586983427,0.0601979995078434,-0.35903464675351,-1.31453651135184,0.921298011396721,-68.3088329794994,-1.22333488416893,-2.51978413487612,-0.284007030658747,-0.192227516975845,12.4345203016081
-1.61445464022552,0.124458812199936,0.0614582984723571,-0.358095437811539,-1.31405904702479,0.920996709373698,-68.8937371958162,-1.53490099034502,-2.49117262667519,-0.271254191217379,-0.185223640176134,12.3430317353195
-1.61599883392725,0.125952855015642,0.0627868537947678,-0.357143760580297,-1.3135762789176,0.920694382962598,-68.5615299260618,-0.972551370221936,-2.33363051850063,-0.259258726810766,-0.189747408365817,12.3679073974016
-1.61748036102032,0.127381577408788,0.0641050633283189,-0.356242258301511,-1.31312562159857,0.920405751692822,-68.3301843925141,-0.775133439427464,-2.2174892726272,-0.259337966599216,-0.188821125265262,12.4309634999741
-1.61885117122381,0.128642787568249,0.0653240837767475,-0.355458871422163,-1.31275172972573,0.920145192790843,-70.4674099391173,0.274554817874559,-2.07703601659219,-0.267779838888416,-0.184429970905517,12.4697842877176
-1.62007814454125,0.129659367255548,0.0663742389832764,-0.354843887149058,-1.31248663647531,0.919922289976348,-68.9339968667375,0.800539320242024,-2.21030870813556,-0.261295466266668,-0.177153818385511,12.5966031812703
-1.62113944505375,0.130371199571909,0.0671996043090826,-0.354436219152758,-1.31235224540662,0.919742359176026,-70.6280906728563,-0.272941219757286,-2.1221782863976,-0.267533804664791,-0.168334685628507,12.5248024241191
-1.622031405755,0.130751698261784,0.0677693737477894,-0.354252974990677,-1.3123498366359,0.919596480644786,-69.0585089013467,-1.9625890429927,-2.28462498075717,-0.270171511540413,-0.174093160773214,12.4830103605089
-1.62276438876877,0.13081364901891,0.068082615936178,-0.35428400609059,-1.31246938824305,0.919473325665317,-68.6144729214893,-2.41200512806859,-2.44267613617683,-0.267604941252495,-0.187875161037582,12.4439859941767
-1.62336569245227,0.130603378711811,0.0681665100012534,-0.354498047629925,-1.31268604235453,0.919357108637998,-69.5297607002873,-2.492813530371,-2.29974589092367,-0.267550625412302,-0.198293198681423,12.4311253417488
-1.62387464284967,0.130187001982034,0.0680644964319634,-0.354851224425223,-1.31296547505248,0.919228854831641,-68.4181468529512,-1.84280945898763,-2.32101589120995,-0.26755809496497,-0.199102235309624,12.5363852385374
-1.62434268321653,0.129662014088348,0.0678444243827996,-0.35527980058153,-1.31325958198358,0.919063377558228,-70.5788811205836,-1.69605632401749,-2.34899667883181,-0.273698176765935,-0.191152298234992,12.5732621007917
-1.62481542301653,0.129116553837859,0.0675694106108695,-0.355725874945068,-1.31353258894061,0.918847344173596,-70.4566921127425,-0.417074905560867,-2.41099725440873,-0.277663472087799,-0.190072903516774,12.6584212996294
-1.62534435893464,0.128650959556115,0.0673145481460131,-0.356123525749753,-1.3137461601007,0.918570245487305,-70.0363303538275,-0.440909163747392,-2.36592890493867,-0.277062205910746,-0.184321397737761,12.6692300376123
-1.62596727410931,0.128348070008042,0.0671415532409705,-0.356418158451546,-1.31387591587948,0.918229642155609,-70.92694168278,0.0117837559894269,-2.29775491361451,-0.272612739978204,-0.18097429980399,12.5714450398226
-1.62670704891526,0.128266092598992,0.067094829844373,-0.356572099292569,-1.31391458393055,0.917835064365093,-68.6593569895682,-1.16620985711847,-2.17451786996043,-0.260971286694745,-0.181849574505897,12.5862837495335
-1.62757826719118,0.128434435274512,0.0672004069835013,-0.356566016491712,-1.31386528066427,0.917404774359677,-70.3839541287629,-1.21868075122916,-2.13484997738828,-0.263360168514176,-0.183160628463688,12.5200128374532
-1.62858513412049,0.128861101283365,0.0674689040271756,-0.356394953967327,-1.31374018363225,0.916961227386369,-69.467337186568,-0.9423003378879,-2.21530076837968,-0.268690231546405,-0.185328465694691,12.580655257077
-1.62971003731553,0.129510882229302,0.0678789079553985,-0.356083405173957,-1.31356724719491,0.916530617147623,-70.248708644183,-0.928783094507025,-2.45594315568812,-0.278801162757039,-0.185494510620657,12.6555648920603
-1.63092783698324,0.130324329817129,0.0683918036167661,-0.355671891475228,-1.31337802099065,0.916138980658123,-70.9223505358496,-0.462706319227891,-2.51902045725717,-0.287514695635168,-0.184230842985089,12.7105905643392
-1.6322048870297,0.13122394401714,0.0689543905797254,-0.355211406007697,-1.31321246103538,0.915816840484624,-70.5218279225408,-0.870375309393012,-2.50597378682369,-0.282276112621895,-0.186518208486179,12.7654749739635
-1.63350474729469,0.132125489589255,0.0695088080895856,-0.354759881181874,-1.31310052364028,0.91558094094656,-70.8478745498674,-2.05179249371417,-2.55936933336022,-0.28453113686846,-0.192233815784817,12.7542629411407
-1.63478936169395,0.132952126437718,0.0700006775091344,-0.354369914285363,-1.31306797904658,0.915439622101955,-71.4241892364691,-0.0779226364204533,-2.39300435760006,-0.27655184179499,-0.203686051811345,12.8062227744608
-1.63602095079082,0.133623632067578,0.07037344815728,-0.35409744669153,-1.31313412808274,0.915393273500394,-70.8039993777001,-0.252191223288492,-2.19579387675898,-0.271030547494747,-0.204680266067137,12.8881603674441
-1.63717729452912,0.134102709140124,0.070601337022919,-0.35396987880809,-1.31329641121079,0.915424811477926,-72.4680766316287,-0.27487521766875,-2.38121274659966,-0.278553429296031,-0.189148876796113,12.8322518192682
-1.63823938993648,0.134360344831681,0.0706627303087397,-0.354006128673781,-1.3135533928588,0.915519542017194,-70.4814826029128,-0.422983763067805,-2.37299145117004,-0.276983767409269,-0.180727180980567,12.8604530127987
-1.63920137883817,0.134395864167354,0.0705577551958987,-0.35420783945198,-1.31388700398972,0.915650548670183,-71.3452566315208,0.0837676299747727,-2.14873590912455,-0.275583944505336,-0.178167541184467,12.7828199087909
-1.64006132726901,0.134239251264435,0.0703068969556675,-0.354555100731285,-1.31427313217123,0.915784156056982,-71.1356095469361,-0.781328016692669,-2.23130219931099,-0.270307067218382,-0.183855674522349,12.7579578984405
-1.64083246606584,0.133933602067353,0.0699409369916133,-0.355016621480441,-1.3146855835225,0.915892695518348,-70.077338333996,-1.71753103118249,-2.25440653298551,-0.268008181206179,-0.195548636238002,12.8218999190038
-1.64153321062409,0.133529147937737,0.0694962234365069,-0.355554520751275,-1.31510060683235,0.915956636632646,-72.4972664507363,-1.09423099027572,-2.38549742650486,-0.275734175974297,-0.203249131188627,12.8498390825355
-1.642188930327,0.133083243457316,0.0690149472785684,-0.356124555682809,-1.31549544030979,0.915960470503494,-70.7517868970989,-1.76064445244242,-2.31876911447665,-0.285027875523499,-0.205142726154498,13.0109857197665
-1.64282912218489,0.132648050158495,0.0685350151975412,-0.356682458196584,-1.31585460730818,0.915901463318788,-73.7569602831045,-0.609612404268546,-2.54124294970561,-0.299768054289982,-0.195240755142879,12.9859863658578
-1.64348328132892,0.132267488993854,0.0680891410176216,-0.357189896936077,-1.31616727400616,0.915782536744011,-71.8473747784979,-1.38214864623637,-2.56321056016253,-0.297768199950371,-0.190082595141677,13.026067173401
-1.64418571545454,0.1319761119639,0.0677052278001447,-0.35761455806938,-1.31642385940262,0.915613670434372,-71.7911583857235,0.102865318662907,-2.38955517679801,-0.282860053084416,-0.187521210456561,12.9350036936736
-1.64496413272605,0.131796583043178,0.0674022313427676,-0.35793224712444,-1.31662467178653,0.915412925371448,-71.9770314908242,-0.946093448763577,-2.20458964693714,-0.269320690726774,-0.185815381707232,12.7936915766782
-1.64583310880654,0.131724562731646,0.0671789415655843,-0.358138718388178,-1.31677788928969,0.915200888354733,-69.3232138852165,-2.03687491737446,-2.11943737679351,-0.26151594647806,-0.192594720191264,12.7894837831627
-1.64680751542535,0.131752476546811,0.0670331830515971,-0.358234577700308,-1.31688656569272,0.914993898502807,-72.2552874447701,-0.813103720623985,-2.16363791669121,-0.262823098971672,-0.19120139073855,12.735032996121
-1.64789094616725,0.131853505001292,0.0669497841861137,-0.358236272684418,-1.31696069835101,0.914810466643114,-70.070628819797,-1.75320789157854,-2.34915968092668,-0.268976283993781,-0.18532849513228,12.8546843993845
-1.64906760621033,0.131981780384429,0.0668983777294534,-0.358176682250251,-1.31701845174341,0.914666781795178,-72.4460895502008,-0.316562854980702,-2.43595515597755,-0.284155693000487,-0.184886138548651,12.8836789698448
-1.65032179116672,0.132109816231186,0.0668642016435939,-0.358079438724264,-1.3170656729261,0.914563443175326,-71.4301940429691,-1.0769939805557,-2.43830328168053,-0.28795255496595,-0.189946710643118,12.9644513490468
-1.65162528514573,0.132200890195073,0.0668244603049899,-0.357975418986177,-1.31711936155906,0.914506650490184,-72.5878586444186,-0.703191731846346,-2.57296997081275,-0.284589175531899,-0.195424612910118,12.9524809882825
-1.65293740409213,0.132215762689276,0.0667530309135704,-0.357899894940647,-1.31719631970169,0.914491385155126,-71.0443087909011,-3.03126151696711,-2.52948336136279,-0.285757014768739,-0.197876852157944,12.9724630982463
-1.65422067264553,0.132123843341327,0.0666324604817778,-0.357883440421675,-1.31730922049628,0.914509980355437,-72.9985791684828,-0.446198867157818,-2.34041569674045,-0.267230128334687,-0.203485903237513,12.9951927813079
-1.65543800346612,0.131909756028184,0.0664548407782264,-0.357944133688008,-1.31747214488134,0.914553988794991,-71.3488520232289,-0.394685141568061,-2.28130498667369,-0.269768977305393,-0.194832487383161,13.074485815666
-1.65655087413422,0.131568001122394,0.0662178349626661,-0.358092163861194,-1.31769955850665,0.914612498276356,-74.2687871352738,-0.61586008621839,-2.32932310744118,-0.279676034467097,-0.179940514976103,13.0356087789781
-1.65753516733557,0.131107921085402,0.0659303935192994,-0.358325821837128,-1.31799443214244,0.914670844055725,-71.5741520778395,0.461499187241543,-2.13172526276642,-0.275403673668785,-0.18522425794375,13.1498821783043
-1.65836689812511,0.130544143089276,0.0656043287697898,-0.358636385635598,-1.3183644572374,0.91471988244416,-73.9574736204866,0.767224108346682,-2.18442106195462,-0.27257879399911,-0.185057782229627,13.0258898892741
-1.6590443911302,0.129909156828697,0.065266529214187,-0.359000907703849,-1.31880184490629,0.914747643972703,-71.4503116558248,-1.82646191976414,-2.32550258114355,-0.269896173208641,-0.185456729068288,12.9695198275679
-1.65957047685913,0.129238837719444,0.0649445356909084,-0.359392275045855,-1.31929657072278,0.91474454771294,-71.5387978969089,-1.07748263009603,-2.20612545896057,-0.263511726130628,-0.194239548404714,12.9195209060798
-1.65995612647714,0.128570280937264,0.0646662264123028,-0.359780495211748,-1.31983340946441,0.914702945116113,-71.8310884782751,-1.46572396254805,-2.08305236020976,-0.267326065318328,-0.198768916936485,12.8982190142258
-1.66022464842586,0.127942010930613,0.0644624917337504,-0.360135258048751,-1.32038842213363,0.914614726927849,-71.4921878892423,-2.25336220251529,-2.59288417925362,-0.28062930920363,-0.198287814341518,12.9810745932535
-1.66040740007774,0.127394124368529,0.0643652268632084,-0.360426413691637,-1.32092958336703,0.914470502005269,-72.8224012705604,-1.85383145914875,-2.60617908633557,-0.295344137081016,-0.202209032799513,13.0803817835676
-1.66052758861709,0.126938289410292,0.0643836624673442,-0.360642528371309,-1.32143577942387,0.914270589155662,-73.7705839147136,0.530954433585975,-2.46776723811908,-0.287173525597599,-0.203560046962485,13.2203917965791
-1.66062694311325,0.126603038099488,0.0645423202848536,-0.36076469453236,-1.32186874865905,0.914008192450839,-73.2901850146417,-1.3043534820049,-2.5299255613422,-0.288631379193246,-0.195301431888106,13.2599993220417
-1.66073979270839,0.126401145574943,0.0648512090842839,-0.360787769808828,-1.32219556355985,0.91367536996156,-74.3967861910871,-1.33410510301655,-2.46138274398209,-0.289780971935672,-0.195225653955713,13.2209136598667
-1.66089445520113,0.126327518023665,0.0653034878606078,-0.360719373590909,-1.32239554138169,0.913272422307811,-72.7342891857696,0.937503694952966,-2.14899066276527,-0.27631385678405,-0.198613934696591,13.2678464900478
-1.6611233978157,0.126372644663996,0.0658893277215837,-0.360572906731246,-1.32244430254246,0.912797107858326,-73.6794431137527,-0.00358781022623589,-2.28720375059078,-0.278345778780189,-0.187673917108843,13.1400840207741
-1.66145440624866,0.126524163911181,0.0665934822819771,-0.360364288790247,-1.32232694801267,0.912248903591713,-72.5063331429168,-1.93919116452571,-2.54460446915945,-0.284788050877805,-0.178883718642546,13.0994832109455
-1.66190769723962,0.126777806169116,0.0674027933107908,-0.360103566236421,-1.32203586629338,0.911625967359908,-72.4268590025576,-0.200886639905775,-2.30303792124818,-0.281812275720726,-0.187526812128931,13.1628522271121
-1.66249588887826,0.127121108041907,0.0682944725482773,-0.359804610629965,-1.3215781340417,0.910934620701244,-74.4645802784474,-0.417217506646239,-2.39980515443145,-0.28385600701836,-0.191725499057703,13.2066467839664
-1.66322724580671,0.127552457167118,0.0692523527675639,-0.359473975733561,-1.32096038095385,0.910175418109804,-72.8248254687506,-1.84084974385246,-2.49271248185136,-0.285270132271763,-0.204154761117477,13.3505345089038
-1.66409384303791,0.128067868045171,0.0702543866814593,-0.359115826243431,-1.32020764420173,0.909356818578338,-75.3547873758387,-0.44208595374198,-2.46397063779085,-0.286037000084137,-0.211115334616389,13.3408373361079
-1.66507870308664,0.128657932652438,0.0712738314059269,-0.358735342693362,-1.31935419058807,0.908491461786888,-73.8375210958862,-1.42389856184809,-2.44005419262544,-0.288343374815955,-0.205451138092706,13.3583392932221
-1.66615443174881,0.129318644010848,0.0722879785581239,-0.358332666656479,-1.31844048091422,0.907593861469002,-73.3801031296516,-2.2085230628461,-2.59360517882854,-0.292584699217114,-0.194521870162617,13.2618842027543
-1.66728220414219,0.130035150932495,0.0732666433431326,-0.357910118638619,-1.3175202991816,0.906688085139353,-74.0661793292512,-0.903615542162015,-2.48430151757827,-0.28668265641836,-0.187438739934932,13.1755344990441
-1.66841842278787,0.130791284199618,0.074182133949253,-0.357471498177076,-1.31664677348232,0.905799575761842,-72.1018439291341,-1.53208785761535,-2.4328131134545,-0.275774338863725,-0.190447687963963,13.2127553877886
-1.66951447497459,0.13155521495641,0.0750001243055871,-0.357030935527056,-1.31587554168905,0.904957084023692,-73.983793449633,-1.08931136759702,-2.25829751221931,-0.269444403196783,-0.18823002662229,13.1499427199087
-1.67052711749286,0.13229777981925,0.0756923104512528,-0.356600434976678,-1.31525592058193,0.904189596875895,-72.8276525900217,-1.12557665680538,-2.31222568977159,-0.266928997588629,-0.196062582461946,13.2406545391733
-1.67141235076642,0.132972668090953,0.0762227682016174,-0.356206206399694,-1.31483480133139,0.903526258629627,-74.2671970691885,-0.613249861381519,-2.40256284336596,-0.281718002551685,-0.200111042860367,13.3078114241582
-1.67214036320475,0.133532634852326,0.0765599564473523,-0.355877595649589,-1.31464251523447,0.902989244162602,-74.2182946732986,-0.866891402899682,-2.67846791066262,-0.299956341210354,-0.201672784922271,13.383043694015
-1.67269275168013,0.133936174944386,0.0766803499217708,-0.355641036929005,-1.31470064866199,0.902599712059854,-74.8755745392059,-1.49755244870767,-2.63654714106235,-0.30078326973533,-0.200606461675733,13.4502004130018
-1.67306279043857,0.134141414179675,0.0765632188602192,-0.355526173129607,-1.31501754895564,0.902373140461967,-74.7804654067389,-1.65682329691003,-2.72672713157297,-0.31145866146847,-0.203270655098375,13.499422899794
-1.6732650300991,0.134130350433114,0.0762070506615928,-0.355548355811286,-1.31557946688705,0.902311931231645,-75.8053430480315,-1.23541650189622,-2.7318674654905,-0.303551041698841,-0.209137524917957,13.5404177280811
-1.67332483531783,0.133902064257567,0.0756245672398601,-0.355714619316704,-1.31635458134458,0.902403042567797,-74.5608773158411,-0.033909266917135,-2.4962470640572,-0.288579785442309,-0.206487298311553,13.5870838441902
-1.67327989163063,0.133481599455716,0.0748462849149416,-0.356016079519058,-1.31729427936529,0.902619995897762,-76.6003572959864,0.365083481942065,-2.39140946342343,-0.286126161275113,-0.196628698747061,13.4727244445908
-1.67317248540865,0.132903065335157,0.0739060846224882,-0.356434703541432,-1.31834823308692,0.902935193233776,-73.2593396902348,-1.32679522634703,-2.28388250708778,-0.281645898591949,-0.190763105047858,13.4723937809291
-1.67305101856976,0.132221921876597,0.0728533723724833,-0.356938964075894,-1.31945527764088,0.903310395443884,-75.0378417415083,-0.178857984035631,-2.33582478142654,-0.28027887643614,-0.190890493360147,13.3419395328748
-1.6729499286786,0.131497669250379,0.0717365598524657,-0.357493356042398,-1.32056162729981,0.903706418462724,-73.6076477356512,-1.03689836310491,-2.47960842236992,-0.28602649255864,-0.191274046147518,13.3306021738657
-1.67290417858712,0.130795953496285,0.0706069049830631,-0.358057485100834,-1.32161245166092,0.90407989114625,-73.508147878309,-1.80066675485136,-2.48182509195138,-0.292802519054979,-0.201762688715958,13.3755252767512
-1.67293145126292,0.130171313529749,0.0695050323461002,-0.358594885446137,-1.32257080854824,0.904396650330553,-75.4139300910601,-1.40100360113479,-2.7457531895582,-0.290801886637598,-0.210046180065347,13.446725346991
-1.67303888223406,0.129656883448484,0.0684569527432457,-0.359081928266731,-1.32341604103936,0.904635273450903,-74.8711163785949,-0.508893029381852,-2.73306642946201,-0.292686356391052,-0.219244384288874,13.6278806221118
-1.6732221155549,0.129270218254297,0.0674773420475447,-0.359504456436201,-1.32414306492647,0.904784072751476,-76.9720177388805,-0.727805883464498,-2.58938575921078,-0.304694704576834,-0.215880341481329,13.6947960094676
-1.67347217132205,0.129018115752203,0.0665747206023224,-0.359855781569203,-1.32475127979076,0.904832569067885,-76.450976417402,0.424943547941439,-2.50997704742514,-0.302686208947883,-0.207191403194262,13.7647296949087
-1.67376973384263,0.128873966602099,0.0657357584718696,-0.360151042617555,-1.32526093455405,0.904788892741745,-75.7630895673136,-0.179902359402149,-2.54542451763689,-0.296281212857141,-0.196092804522845,13.7121078805379
-1.67409568139251,0.128808873488387,0.0649478930333407,-0.360405591324832,-1.32569622044549,0.904665924925222,-76.447607177703,-0.865782122004703,-2.44803589227959,-0.292757488238986,-0.191778381657464,13.5715161352186
-1.67442798508421,0.128776451676877,0.0641877041690644,-0.360647349612573,-1.32608796943047,0.90448210254722,-73.8299123014448,-0.42369867019579,-2.23476773329998,-0.282066060992223,-0.195842561427173,13.5916138841473
-1.67475393142261,0.12873744058592,0.0634395979429656,-0.360899596294524,-1.32645948515114,0.904254675055388,-76.1833076470357,-1.47243276101972,-2.3180926033271,-0.278400930224896,-0.197798982542781,13.4765861496634
-1.67506943952989,0.128673511578908,0.0627060006914946,-0.361172706617081,-1.32682315930775,0.903993707490832,-74.2886297108785,-2.6356730270993,-2.61682666488696,-0.290744147941338,-0.199819002301677,13.5250918812273
-1.67537370257383,0.128563695127766,0.0619868161055266,-0.361479048434481,-1.32718862096411,0.903709889010336,-75.4281364653314,-0.425430885139122,-2.77403576755609,-0.293653540266254,-0.205521759971597,13.573613458416
-1.67567624271225,0.128420313582405,0.0613060303365371,-0.361807242096543,-1.32755195968049,0.903406210291524,-76.0126858390696,-0.186668325515257,-2.67814241280814,-0.306833121081019,-0.208088326115862,13.603199764805
-1.67599398884036,0.128272488493985,0.060697263140352,-0.36213416825608,-1.32789863437742,0.90307947850031,-75.1537522672082,-1.90383922251885,-2.94663427749828,-0.315556117528162,-0.207445802339139,13.6458194146546
-1.67634445861132,0.128155585555495,0.0601955885893397,-0.362432350494775,-1.32821049743922,0.902724081334091,-76.1691714084976,-2.17706348205616,-2.93471107093194,-0.310011478181402,-0.212876284832488,13.6667975784159
-1.67675753157749,0.12812837632564,0.0598516726861482,-0.362659682967412,-1.32845615505047,0.90232769004766,-76.3298352161332,-0.208221590624362,-2.56536475347127,-0.2984084678073,-0.218698599398493,13.7379647383946
-1.67725285038301,0.128241265405391,0.0597031859956154,-0.362776871630671,-1.32861642791953,0.901885469149895,-76.175082954594,-1.26809267811745,-2.60889842744638,-0.300752774417008,-0.206249105465734,13.7716925417908
-1.67785146816159,0.128551843084332,0.0597890973443198,-0.362742500065681,-1.32866996485598,0.901390224027836,-77.3562260259952,-0.782451057436219,-2.59037704694632,-0.297246755391919,-0.200943128580083,13.7940381624609
-1.67856760521019,0.129088726086069,0.060123272821478,-0.362535755818306,-1.32860799291113,0.900843644467726,-76.3805008625971,1.75043923800945,-2.36228006236516,-0.283646923421677,-0.198311557651623,13.8768049376929
-1.67940663910923,0.129867826328886,0.0607055986434999,-0.362145096429483,-1.32843221428916,0.900252788149969,-77.0443905900026,-0.654447648339783,-2.52369693804798,-0.295025055897052,-0.188594821378761,13.7618972305277
-1.68036431377692,0.130877845104474,0.0615131124238759,-0.361579681045276,-1.32815924801107,0.899633071866468,-76.1130523799096,-2.03302185605935,-2.57545907701902,-0.293933980093841,-0.194539075729109,13.7061800255329
-1.68142207894366,0.132063884421437,0.062487680046319,-0.36087807305099,-1.32782760348443,0.899014519355727,-75.3479691857358,-0.90633734646326,-2.46280881830978,-0.284458084982845,-0.208575726141499,13.7340214761882
-1.6825492479608,0.133357969110837,0.0635599694563493,-0.360090110714601,-1.32748195467259,0.898423466912577,-77.5269688692628,-1.21246913178106,-2.51000410844827,-0.291555925691881,-0.211294488009124,13.6928226837645
-1.68372030359328,0.13468822189461,0.0646599942563268,-0.359270005369954,-1.32716284258495,0.89788402078633,-75.1649323211828,-2.64419595367985,-2.66024167400957,-0.299716232080733,-0.21328584487367,13.8208132181818
-1.68490147673361,0.135978476154679,0.0657149065187981,-0.358475031714864,-1.32691262671385,0.89741513435255,-78.2540936449138,0.260075837359182,-2.72107644807491,-0.300886069120033,-0.216935236628573,13.8230132746433
-1.68604634421868,0.137130675709015,0.0666364479722583,-0.357774806494474,-1.32678480865404,0.897041483961896,-76.5133144051017,-0.366052878847086,-2.86085745566345,-0.307935976310053,-0.20638741615873,13.8677667681242
-1.68712465343972,0.138083099368472,0.0673686020820958,-0.357214088723891,-1.32680600930178,0.896769408107916,-76.8961195427721,-1.98035921458654,-2.77447887951928,-0.310735309920342,-0.200242299779359,13.8298688535879
-1.68810823499338,0.138785477372186,0.0678667225049199,-0.356828323946791,-1.32699299117406,0.896595735423595,-77.2882905377725,-0.201941935652485,-2.56715506922296,-0.299452165281536,-0.201607827339001,13.8537674275149
-1.68898115751418,0.13921042080206,0.0681080666220435,-0.356636268602199,-1.32734583032087,0.896508339607806,-76.9846678142357,0.536721605237744,-2.30934159452192,-0.288917893214012,-0.208609472938148,13.9206071761319
-1.68973331712804,0.139340565372691,0.0680799442617173,-0.356645916797214,-1.3278555169829,0.89649194702605,-77.4690910118622,-1.47336599383107,-2.4619768371418,-0.297799163485202,-0.201504610552277,13.8954434897011
-1.69037349165332,0.139187740875344,0.0677961932805666,-0.35684383939753,-1.32849557888903,0.896525474490597,-77.5460824803171,-1.13983473664325,-2.48913430153164,-0.298960206984582,-0.199879660141798,13.9407591585795
-1.69092540779268,0.138794581620773,0.0672972077101865,-0.357195736538646,-1.32922070457234,0.896577141328411,-77.1554314200548,0.0675729153656448,-2.48828464005783,-0.304770979545925,-0.20397174881186,13.9847516091446
-1.69141689939933,0.138201412847999,0.0666230689814322,-0.357665798472271,-1.3299933119584,0.896628295117853,-78.3119079664928,-1.47180415996081,-2.55450587637273,-0.312852304457282,-0.196492287122989,13.936098132947
-1.69188462906218,0.137462163055693,0.0658261466473471,-0.3582121005617,-1.33076539490774,0.89665507110768,-76.8390671756674,-1.02848680015177,-2.47246593334464,-0.30088789866109,-0.209947669554418,14.0057002049965
-1.69236427231492,0.136629078880836,0.0649567284586974,-0.358793571205498,-1.33149973867527,0.896644581043335,-78.125921561922,-0.311448199249526,-2.64225629981689,-0.292723824135815,-0.215492466065548,13.9931426555647
-1.69288673222068,0.135750344542474,0.064062359710487,-0.359373826154335,-1.3321671639637,0.896589717282869,-77.9773190193764,-1.31403993399817,-2.53833216261611,-0.296390565465989,-0.220063078871593,14.0322929802635
-1.69348180759089,0.134871393186517,0.0631874671902612,-0.359922267346358,-1.33274250386801,0.896484953073171,-77.6606030171149,-1.16435388849982,-2.55974197169002,-0.29956317767323,-0.21692454832207,14.1085439013202
-1.6941642266714,0.13401831098369,0.062359717219429,-0.360421106566195,-1.33322150269364,0.896337193007565,-79.4328739182878,0.387797342267504,-2.54714862518949,-0.302212933651347,-0.208117698811792,14.0876160466571
-1.6949434640994,0.133221627851255,0.0616091491753772,-0.360851815476177,-1.3336053594227,0.896156373007978,-77.134138768857,-0.76149646025624,-2.60830408288746,-0.302450392958234,-0.201912000386421,14.1166711164864
-1.69581659968197,0.132494282683825,0.0609515187585075,-0.361211513501454,-1.33390430648747,0.895953127809033,-78.7992108481415,-1.04907160913967,-2.79841311424886,-0.303923109323629,-0.197579634046371,14.0284869446698
-1.69677455601016,0.131857492204968,0.060405837373402,-0.36149128598533,-1.33413287706805,0.895737685245654,-77.9809658616128,-0.250574720343366,-2.54154207943859,-0.296685499454567,-0.20847847914279,14.0754643482398
-1.69779910841721,0.131322143392977,0.0599829656757043,-0.361690644882278,-1.33430770118993,0.895516471473556,-77.7749772702225,-0.729215731272006,-2.50398000777977,-0.29706145977403,-0.216591586567754,14.112142368882
-1.6988734319685,0.130892286953729,0.059687805216436,-0.361813565707477,-1.33444304489406,0.895295088612637,-79.3013825749852,-1.23838210718236,-2.696551196938,-0.306109367290667,-0.211299587799716,14.074266430016
-1.69998243947113,0.130580465209886,0.0595311608545015,-0.361858971391359,-1.33454473894496,0.895068761345266,-77.4676326193307,-1.24489050551892,-2.75288245565903,-0.308731929638826,-0.209264919192487,14.1628293431045
-1.70111255198132,0.130398758344793,0.0595238114601648,-0.361824850590683,-1.334614266023,0.894831520843595,-79.7238862963779,-0.130353562153459,-2.7641652410027,-0.319513710395066,-0.208718197866527,14.1363773898202
-1.70225254782922,0.130349348049934,0.0596673327346917,-0.361713656052444,-1.3346507024504,0.894575374530933,-78.5819426400432,-0.624704305538216,-2.76773725032029,-0.317142392371751,-0.2083856194445,14.2080838223432
-1.70339985901822,0.130441367690147,0.0599691299115659,-0.361524046435062,-1.33464056402387,0.894283825534642,-78.817266092352,-0.130036088800125,-2.66063929652591,-0.305800586623647,-0.216415216910184,14.2310483996766
-1.70454475513427,0.130669094331044,0.0604240980011508,-0.361262718191075,-1.33457748334458,0.893944607340714,-79.601386799676,-0.828752495974413,-2.75142828508385,-0.301511062350102,-0.214511538362751,14.1863017652812
-1.70568300364136,0.131022633585894,0.061021029895874,-0.360935855836571,-1.3344577768127,0.893552285936066,-77.9628175493511,-1.92492706475832,-2.68442514907233,-0.299109805607866,-0.211395710415587,14.20551788373
-1.70679629286377,0.131473280124551,0.0617319894724186,-0.360561465279837,-1.33428933896453,0.893105141134392,-79.5818770112975,-0.599179549853261,-2.64472242993963,-0.302562987529378,-0.209288392362543,14.1434479603307
-1.70786521017087,0.131992629636635,0.062527974742435,-0.360155365787631,-1.33408575281071,0.892608416253511,-78.3906568787423,-0.714007220775784,-2.6017304895644,-0.305219095804807,-0.207609561118423,14.1838491112069
-1.70886290237314,0.132527001161694,0.0633581387457292,-0.359749353510844,-1.33387576224891,0.892079631708226,-78.7986565150781,-1.20329934949768,-2.76511057319266,-0.305856922342314,-0.202970308145925,14.1845152211056
-1.70975420188572,0.133032443680883,0.0641758970151662,-0.359366736446595,-1.33369633452229,0.891539203214785,-79.1483989856886,-1.52310001554838,-2.67212154041769,-0.303297505584696,-0.204011454526783,14.1879348036864
-1.71051103578685,0.133468503777735,0.0649380881782164,-0.359028890349143,-1.33358206936765,0.891010315657947,-78.7285390120138,-0.399678205000328,-2.44309613414487,-0.298401816897971,-0.210811525070032,14.2502329125664
-1.71109818783943,0.133784507181167,0.0655920128608072,-0.358761778625183,-1.33358203955145,0.890529040135396,-79.1738102117879,-1.14052917039612,-2.6545796485523,-0.310418037292772,-0.219983543349192,14.2570014126432
-1.71149899867668,0.133942319366843,0.0660968823697445,-0.35858372518874,-1.33373281638304,0.890128158838328,-79.8222955857496,-0.997577056175942,-2.74891213878502,-0.309365405899857,-0.219486063471048,14.3280383829906
-1.71170676925311,0.133923741256815,0.066430074938626,-0.358503453475555,-1.33405607641693,0.889829425171909,-79.2489328355383,-0.432941679337318,-2.66347003940908,-0.311864717622795,-0.213312607468618,14.4308666812503
-1.71173368639776,0.133735495680289,0.0665897289412971,-0.358511892421828,-1.3345558840991,0.889646354016074,-81.52111392835,0.254195022357862,-2.64373211496192,-0.309923447560778,-0.207908720660942,14.425812580778
-1.7116107085428,0.133397191424017,0.0665886158028677,-0.358593760983792,-1.33521742341108,0.889583111286151,-79.137474379907,-0.68813710061886,-2.53550594046177,-0.308151875784771,-0.208712119602703,14.4849560631384
-1.71138581115812,0.132933836959532,0.0664479051607949,-0.358732546066457,-1.33601001866146,0.889638241356073,-81.1233141415018,-0.16993830192564,-2.60869156946947,-0.302635022587271,-0.204763845086332,14.3718891605206
-1.7111277681586,0.132417598727483,0.0662281933145814,-0.358885396406612,-1.33686795373845,0.88977956184393,-79.2920848515633,-0.961351396776308,-2.50844008134067,-0.297782352560156,-0.210905300712498,14.3693521900427
-1.71091066654895,0.131922368977508,0.0659952627258749,-0.359012126250543,-1.33771337186733,0.889964498116555,-79.4966811056658,-0.817060039374155,-2.56197810423876,-0.292870807651601,-0.210361125155991,14.3163922278564
-1.71080603291875,0.131525731947588,0.0658180345439743,-0.359070770158612,-1.33846650946826,0.890146071564932,-79.8709817020684,-0.603005912359322,-2.62942015919634,-0.300169953631614,-0.20995430424687,14.2380822819948
-1.71088369225552,0.131300707973287,0.0657624018931677,-0.359025189435678,-1.3390416399717,0.890266596727314,-78.1550611338851,-1.60626983857355,-2.72660710052608,-0.303600711030066,-0.20714338081753,14.2763077585209
-1.71119445299792,0.131307058284972,0.0658834252236531,-0.358849903014129,-1.33936381719983,0.890268721961546,-79.83822099505,-0.992311566421904,-2.83036234101223,-0.311504261817525,-0.212080521791,14.2763368662271
-1.71177317193803,0.131597106871948,0.0662274017652802,-0.358524294696309,-1.3393701438786,0.890096867896848,-79.7067471154506,-1.19703215464801,-2.66727539789986,-0.31284495790235,-0.221602420990139,14.3812887555652
-1.71262475029699,0.132187753249595,0.0668095460075155,-0.358050003482803,-1.33902714480786,0.889709013835606,-80.1263392267265,-1.08031759151027,-2.89560756964065,-0.317799552772451,-0.22575191802109,14.4817030922705
-1.71372752077351,0.133076047402128,0.0676256852786499,-0.357441100702766,-1.33832742856276,0.88907605068086,-81.6537351338773,-0.818162182380092,-2.75191476617371,-0.316838145430725,-0.225625082344566,14.5616752295477
-1.71503611674344,0.134224780433151,0.0686419975914501,-0.356731402399601,-1.33729442256313,0.888188559586884,-80.8221624370678,0.45857933592265,-2.72888832953885,-0.31249090403541,-0.222916217021109,14.6650826133828
-1.71649005994378,0.135575808520837,0.0698060308486066,-0.355964546821441,-1.33597667899054,0.887058070650919,-82.0502251806249,-0.446546715102841,-2.71531915221507,-0.319580023248983,-0.206143052746746,14.5885514269418
-1.71801318938284,0.137048294703795,0.0710445894622553,-0.355194675038983,-1.33444926658695,0.885717272925194,-80.6451397988252,0.0321664956004497,-2.60414382863561,-0.31159890356367,-0.203076269532521,14.5553767557899
-1.71953244771448,0.13854321559325,0.0722721229048455,-0.354483331315526,-1.33280128741765,0.884220569214682,-79.8644052930103,-0.512841199029026,-2.57925113149946,-0.302060845614609,-0.206597588568533,14.4764489942984
-1.72097556685941,0.139954892168168,0.0733971787087087,-0.35389139677628,-1.3311343723255,0.882637327239866,-81.0272614578632,-0.963545322481423,-2.65839716769554,-0.30278163766165,-0.206397077004009,14.3718247621029
-1.72229018035196,0.14120419275438,0.0743512669954047,-0.353457838361818,-1.32954072251768,0.881041614786164,-78.6989533841213,-1.20131994406506,-2.65867674135569,-0.298714623580349,-0.217684868759361,14.4576183723739
-1.72344523749693,0.142235020775412,0.0750854860881756,-0.353203917901059,-1.32809816797487,0.879504722368878,-81.2683544142172,-0.249920271578503,-2.60608110807277,-0.297792169635953,-0.222155930201982,14.4180393561829
-1.72442303483647,0.142994500484014,0.0755571166706641,-0.353145884224468,-1.32688069528394,0.878103652376078,-79.3850336973561,-1.72069913931114,-2.75977432906546,-0.30923059704853,-0.217693243042338,14.4571557807284
-1.7252401524663,0.143479047087092,0.0757662166621635,-0.353267996617556,-1.32592389645707,0.876893777294847,-80.6258799521493,-1.92549811873346,-2.81059810657601,-0.322851351486694,-0.216205303170961,14.4548470081377
-1.72592194634919,0.143698732287384,0.0757239087945867,-0.353544078639285,-1.32525159637925,0.875921091973416,-80.8059413409759,-0.791662889175313,-2.91071068083599,-0.320097124503659,-0.225912540530378,14.5767519595889
-1.72651231958873,0.143694284404988,0.0754679468818096,-0.35393089512888,-1.32485925885367,0.875210447644064,-81.5457132606643,0.0312867282059415,-2.79689180740294,-0.309295984787246,-0.22641322594995,14.7037256782735
-1.72705652073313,0.143516015204051,0.0750437058591227,-0.354382994333658,-1.32472635320271,0.874767438414503,-82.1831553274222,-0.64424008449032,-2.80163262416286,-0.31416931312095,-0.217827726420955,14.6956317101734
-1.72759649232323,0.143221261462501,0.0745022684174883,-0.354854532773175,-1.32482046966722,0.874579654986245,-81.7373766966916,0.249135218993842,-2.62093979433706,-0.310238305980459,-0.209007311620983,14.681304278112
-1.72817394174882,0.142882854168671,0.073905772353283,-0.355294272064609,-1.32509075914904,0.874613240748921,-80.7232743374195,-0.535090451137648,-2.42878027381082,-0.307070157607518,-0.202883253642204,14.6079548866186
-1.72881523568667,0.142562483828804,0.0733061158515511,-0.355664684243734,-1.32548507599617,0.874820665910757,-81.260826341834,-1.52170950722416,-2.6858477695591,-0.315736375784112,-0.19766787597836,14.4747796699365
-1.72952445092556,0.142298587138857,0.0727356490555684,-0.355948679078538,-1.32595946542657,0.875150206828893,-79.3784080810602,-2.5801740631141,-2.58331303699407,-0.312962015968277,-0.207109452012074,14.5098537785411
-1.73030136054365,0.142124941768828,0.0722219432215796,-0.356136663045816,-1.32646546535611,0.87554190110487,-81.230638820388,-1.87682776164911,-2.75812493705939,-0.312554159086809,-0.214570258105331,14.5085676327456
-1.731119946978,0.142048151401863,0.0717690833381974,-0.356238804153772,-1.32697435858117,0.875943531356802,-80.9534265689163,-1.91385703240599,-2.85470508903239,-0.312829505106301,-0.224572953793679,14.6337091851399
-1.73195887239547,0.142066778404477,0.0713759977358031,-0.356272515607946,-1.32745744801811,0.876307315435457,-82.1755841470486,-0.917182263474388,-2.91150306073692,-0.320224210223487,-0.234395193801836,14.7593263539414
-1.73279065115004,0.142166067755037,0.0710309826866011,-0.3562641778041,-1.32789544424061,0.876592423775978,-82.6618385346597,-0.293579367913935,-2.88495954837887,-0.327993020027098,-0.234019153344508,14.8237502685428
-1.73359612337031,0.142340200821961,0.0707301622988976,-0.35623096776179,-1.32827051793585,0.87676810741208,-82.2741460958274,-0.894035422304341,-2.98878806165311,-0.322238926194947,-0.221494537523533,14.8293298049833
-1.73436339767679,0.142567878124973,0.070459737079553,-0.356196995526581,-1.32857535463055,0.876820861835508,-81.9147909268619,-1.69175141829123,-2.83695200651619,-0.325589307040413,-0.213316670167416,14.7902621711926
-1.73509057097332,0.142849024034294,0.0702220600337915,-0.356167171177162,-1.32880450493966,0.876746320930979,-83.2478980458521,1.36441921733581,-2.55104469679617,-0.309334259591459,-0.217392691871337,14.8258762929699
-1.73578915352131,0.143183589081174,0.0700224253837212,-0.356142408661515,-1.32895473925906,0.876549572042564,-81.5659954327892,-0.0750696071486345,-2.44650261293228,-0.298873542623305,-0.220185853731941,14.882174772944
-1.73648015886315,0.143579972204321,0.0698732675677463,-0.356112340753532,-1.3290229753642,0.876242140287342,-84.0421488491081,-0.442410393965474,-2.51627442192671,-0.303484381258554,-0.209635133250586,14.7686198645361
-1.73719140867639,0.144045066189713,0.0697870701025769,-0.356063471461752,-1.32901191522466,0.875844886479258,-80.6487748407733,-0.712525418235145,-2.54378651501867,-0.30614129277526,-0.208703279133136,14.8455045112478
-1.73795013395744,0.144591549673196,0.069782221100481,-0.355975444628168,-1.32892555103395,0.875379825796705,-83.1936323876593,-0.778037261311283,-2.70520636959225,-0.317626909368226,-0.210290247560876,14.7456224116019
-1.73877840659426,0.145223725135151,0.0698704636094003,-0.355829921265915,-1.32877441791795,0.874871589950679,-81.1489198433743,-2.7715853458003,-2.84744682377831,-0.327144432878792,-0.214007536414956,14.7717252391461
-1.73970043860423,0.14594262871394,0.070062279139316,-0.355612101303351,-1.32856345897204,0.874339248015809,-82.0271299367338,-2.25477653361486,-2.94573534015402,-0.320345554583253,-0.226607638384596,14.8134095914879
-1.74071831331301,0.146732998842476,0.0703549876664136,-0.355319091051015,-1.32830826552412,0.87379854448452,-83.1363897271584,-0.564444732111951,-2.80924870018748,-0.317962023644338,-0.237971331099828,14.8889729824929
-1.74183137628484,0.147575354751401,0.0707418509103113,-0.354951729225546,-1.32802516891318,0.873265124128052,-82.9634609033376,-0.787541520365721,-2.86462742113287,-0.323047783827386,-0.236591106796824,15.0070364173771
-1.74301941176161,0.148436455258005,0.0712042215127344,-0.354524805359734,-1.3277334947973,0.872745931970744,-84.101082889921,-0.575672985038864,-2.86809558560799,-0.327469795954703,-0.228356039188358,15.0348155772332
-1.74425909674974,0.149288979679083,0.0717277164127126,-0.35405333299977,-1.3274472152638,0.872241753027186,-83.6728779669273,0.868965765848316,-2.74292061929233,-0.324284614477785,-0.220659185558162,15.0303155632949
-1.74552591538075,0.150099745840875,0.0722922699400879,-0.353560609340984,-1.32717664690682,0.871748248000661,-82.4345221659272,-1.25991291541345,-2.76091069722744,-0.327129402313954,-0.208009678043809,14.9591945299447
-1.74678675260568,0.150840491485542,0.072877350856021,-0.353068490761818,-1.32693887442665,0.871264963075404,-83.6160679749102,-1.56129754577114,-2.73249765359824,-0.324088523833204,-0.210908216680495,14.8930914211644
-1.74801976421705,0.151502024643172,0.0734755078453522,-0.352589872600915,-1.32673950880015,0.87078535322715,-82.4713588153801,0.0423502057415135,-2.5669531187616,-0.311679932493425,-0.231231594892159,15.0172853271472
-1.74920874634044,0.152093995928723,0.0740899991611952,-0.352126622069708,-1.32657612924767,0.870297531443933,-84.1625072147935,-0.598189253345254,-2.61029059667297,-0.324073405094281,-0.228084617206813,15.0068847005328
-1.7503425780548,0.15261521713067,0.0747130188997578,-0.351686949594746,-1.32645642049243,0.869806342282311,-83.5974708605185,-1.84856129545233,-2.90405987815774,-0.333183824281592,-0.22057829079345,15.0533973695991
-1.75142070189572,0.153088625188119,0.0753529361505736,-0.351263231689836,-1.32637770325053,0.869310729345404,-83.5072423550201,0.459636431332683,-2.911503305948,-0.331821011510195,-0.223391254343144,15.118487984011
-1.75244875640323,0.153533262630786,0.0760126381166553,-0.350849880345584,-1.32633586925644,0.868811120889001,-84.8293262145863,0.357861814214175,-3.10158730866706,-0.33918162958651,-0.223019985219096,15.082649038549
-1.75343527939229,0.153968465467312,0.0766937586179206,-0.350439010680188,-1.32632938994088,0.868312762832051,-82.9611209415421,-2.32600253737655,-2.96842324790487,-0.336037884316843,-0.225346147048788,15.1160485400184
-1.7543917630561,0.154405168102998,0.0773918174217705,-0.350025850876551,-1.3263579519951,0.867825723278317,-84.5232113923725,-1.26449026536761,-2.98332082191254,-0.319241823096989,-0.230268721854863,15.0816893953287
-1.7553255220205,0.154836948447969,0.0780888909551911,-0.349615454405083,-1.32642772941153,0.867363718690663,-84.0074332314187,-0.404773924393794,-2.82949774450861,-0.311602202329939,-0.232858237477161,15.1492085378483
-1.75623994608831,0.155251772147834,0.0787655385967008,-0.349216956904472,-1.32654408843505,0.866937475678702,-84.1059775078509,-0.767559660455618,-2.75755661736747,-0.314423885155124,-0.227275657273351,15.191869172859
-1.7571288672551,0.155627423246546,0.0793960448005275,-0.348844798152966,-1.3267157788541,0.866555270414481,-85.3772124789604,-0.373866439590529,-2.67802460402586,-0.321144039504977,-0.220769570981631,15.1858176379475
-1.75798620915254,0.155930607663135,0.0799491910145642,-0.348520349984283,-1.32695287055283,0.866226609961462,-84.007187190234,0.204832614208499,-2.75700915995947,-0.320254921706818,-0.215778076060009,15.2100079907937
-1.75880192587284,0.156122164154275,0.0803937243321398,-0.348269885802059,-1.32726586477838,0.865959414514181,-84.2039251575137,-2.51958675555238,-2.93611366411128,-0.331191368627199,-0.214099492523767,15.1143193757994
-1.75956409999177,0.156173296752578,0.080707411183174,-0.348112581768734,-1.3276637539394,0.865757696426695,-83.9452419802167,-2.90701028312378,-2.88061801938065,-0.329870030541485,-0.223225918572134,15.137161319526
-1.76026335410393,0.156069875146489,0.0808811097525797,-0.348059683688153,-1.32814999137513,0.86561915144275,-83.8481484867926,-0.683060366199243,-2.8505582102776,-0.327315764882676,-0.239902859385518,15.249294316504
-1.76089064099191,0.155807665721672,0.0809141893928176,-0.348117167660102,-1.32872555966115,0.865537429253623,-86.031432481287,-1.14291283414718,-2.94334032224066,-0.334378831234109,-0.236732198442475,15.2838428232049
-1.7614525277412,0.155409075253796,0.0808279741704356,-0.348273146450601,-1.32938136681049,0.86550348662122,-84.4598294454573,-0.279107938956258,-2.9827769328646,-0.336401141340506,-0.232227129003817,15.4281436320983
-1.76196265362698,0.154913820525205,0.0806570633743531,-0.348506068567962,-1.33010047786055,0.86550200247223,-87.0416308511214,1.14764958929868,-2.937130934984,-0.340011223390423,-0.226851394695213,15.4036558187866
-1.76244103753825,0.15436837066901,0.0804392131452949,-0.348788885518941,-1.33086501880835,0.865518690860033,-85.2000818534463,-1.01275164430899,-2.92223216043124,-0.342594235373042,-0.221360916562373,15.3989095638662
-1.76291798871499,0.153829712020657,0.0802203763834093,-0.34908687344526,-1.3316487518036,0.865538907842252,-84.8271102902733,-1.06887088370081,-2.72248081422839,-0.326622481913621,-0.216915982970987,15.2976186969107
-1.76343078673145,0.153353291021079,0.080045218228006,-0.349365929535966,-1.33242283614569,0.865548573442564,-85.4100924025917,-0.677332920563913,-2.60472493434668,-0.309914357123527,-0.218721163783771,15.1572114156597
-1.76401752312338,0.152987947236041,0.0799532564582068,-0.349595238256544,-1.33315720756841,0.86553579217801,-82.8913339496761,-1.88968713400618,-2.59807009491556,-0.307905756080102,-0.22401777453654,15.1667548581031
-1.76470443015407,0.152760220321709,0.0799647673314117,-0.349758005455258,-1.33382883264308,0.865490587316429,-85.056670394665,-1.24760208205339,-2.65180163822725,-0.311031565469847,-0.227044825949987,15.1470949000218
-1.76551553088688,0.152679623189374,0.0800892644621338,-0.349846977302296,-1.33441900942053,0.865410719209035,-84.226557653019,-1.19912541289273,-2.86304444362801,-0.312773950839632,-0.226757023138503,15.2573364552356
-1.7664714070811,0.152742334304298,0.0803280811771103,-0.349862960422375,-1.33490643709579,0.865292804516339,-85.2017346010293,-1.49085189261382,-2.89335241000728,-0.33314110807277,-0.223682581657428,15.3088057777081
-1.76757963170836,0.152918621337697,0.0806633929363483,-0.349823135795342,-1.33527998761214,0.865138685496392,-85.6059059802522,-1.05168479266763,-3.08179431140803,-0.337923733658815,-0.227103299156439,15.4161502181508
-1.76882799889937,0.153166368273995,0.0810658626061092,-0.34974934326504,-1.33554642725067,0.864960742358415,-86.4115887993428,0.354608655176889,-2.98855966495637,-0.323246069196416,-0.242607612578385,15.5431115293018
-1.77019646690374,0.153443438905859,0.0815051279097325,-0.34966313615316,-1.3357149524313,0.864769967769136,-86.5448954966384,-1.72317620932904,-2.97784500411547,-0.332483031966399,-0.24104564404019,15.5574401339133
-1.77165433162194,0.153701452204606,0.0819462180844142,-0.349591394152558,-1.33580160830318,0.864576618389169,-86.8179621664839,-0.40211740008499,-2.8417156917468,-0.331385713941064,-0.232937219326571,15.5481497485825
-1.77315931566295,0.153894187783552,0.0823529785631885,-0.349556258312033,-1.33583502514159,0.864398964443007,-85.3498305436515,-0.366375845742368,-2.70304546407914,-0.324635172618237,-0.2208891112623,15.5366036156117
-1.77467374545914,0.15400472376461,0.082710117256529,-0.349562561062683,-1.33583481625086,0.864243178509458,-87.0490034890965,-0.718894792994206,-2.83647693608131,-0.333619914805173,-0.206935780516725,15.4083112022984
-1.77615286223083,0.154016660072424,0.0830004528167376,-0.34961530564937,-1.33582808639863,0.864116225725317,-84.3136924059516,-0.971240985633131,-2.79119773968588,-0.332796823883275,-0.213302293333125,15.4652677272856
-1.77755239643685,0.153926455215514,0.0832142477014854,-0.349712282678692,-1.33584153475296,0.864021658486396,-86.7111101865098,-0.253758887105505,-2.84081326756501,-0.322080429644045,-0.224068236039419,15.4282651676638
-1.77883565807885,0.153745870491131,0.0833524626072164,-0.349841155848488,-1.33589799830341,0.863959412507451,-85.556159993347,-1.36975903557732,-2.93198456920425,-0.323903075901598,-0.230961167573551,15.4617898788181
-1.77997648809555,0.153494759692586,0.0834236848359651,-0.349986830286685,-1.33601182362466,0.863923402477802,-85.5723044396984,-2.23858723687113,-2.94565260448056,-0.327929796633753,-0.237205366001728,15.5211784082395
-1.78095639390569,0.153192999239466,0.083437110657131,-0.350137487280186,-1.3361941743583,0.863905272244351,-87.4746494177139,-0.206466722323739,-2.94851176820291,-0.337593910762473,-0.242901870734278,15.5717800992498
-1.78176934047841,0.152870485406821,0.083411513350542,-0.350276686781862,-1.33644495674717,0.863891844155878,-86.1811732296909,-0.327846254147744,-3.06868811374781,-0.338917741435341,-0.241100193954234,15.67138661952
-1.78242141343514,0.152545034467159,0.0833605226284735,-0.35039845750265,-1.33675704558621,0.863868801939175,-87.7782404825165,-1.25937334357377,-3.19863073018786,-0.346307742878845,-0.230432205759087,15.6106619327595
-1.78293004394367,0.152242114617597,0.0833061753990358,-0.350492776119303,-1.33711827250134,0.86382465647235,-86.7901543918324,-0.547442843580711,-3.08365941188032,-0.33554110989474,-0.231690531419536,15.6493690003347
-1.7833186475639,0.151969933518798,0.0832617184963163,-0.350563402787302,-1.33751700182989,0.863754867998937,-86.533665083891,-0.190812802542723,-2.72034616091588,-0.32385181985538,-0.231171648755761,15.639642237228
-1.78362229607012,0.151747462832839,0.0832488793731339,-0.35060695769465,-1.3379293922936,0.863648959368672,-87.3546963896939,-0.947140439625173,-2.74515666576883,-0.328586265688298,-0.225911244600089,15.5860056452235
-1.78387425353775,0.151591642544563,0.0832879361882193,-0.350618837578278,-1.3383379502595,0.863505949330655,-85.8965612228577,-0.306392218828933,-2.76058787622418,-0.325506808142789,-0.227652615112608,15.6524687076846
-1.78411444058342,0.151520914473686,0.0834013945016758,-0.350592846869163,-1.3387210834556,0.863327962235623,-87.7351037304114,-0.782018450870055,-2.73500885134109,-0.336620968898642,-0.219425250683535,15.6137103452363
-1.78437383947414,0.151552088233576,0.0836069864665456,-0.350521029706448,-1.3390628745492,0.863119074311585,-86.7432134522907,-1.29049920581701,-3.04346689237389,-0.341442786612983,-0.218632092081505,15.690744865134
-1.78468232519705,0.151695278339499,0.0839152332124484,-0.35039848334694,-1.33934692023931,0.862884900254346,-87.1979702273286,-0.083825170490627,-3.07602667714031,-0.337234977158468,-0.233653392592447,15.7612738266487
-1.78505635618157,0.15196285840161,0.0843327765781459,-0.350215346187757,-1.3395654379021,0.862632249547069,-88.4296017541157,-0.292822517176319,-2.9016973391135,-0.334764407447648,-0.240080104655136,15.7338916690301
-1.78550077815869,0.152349001422277,0.0848487395113293,-0.349972164769305,-1.33971929710639,0.862371303750679,-86.3858594714755,-1.96275829186879,-2.88534977124746,-0.331928261320359,-0.236937500398283,15.7452891034054
-1.78600961097006,0.152832738837457,0.0854368082748622,-0.349678047938562,-1.33981404582525,0.862108965016866,-88.1687144123734,-1.36565163367436,-3.07184183644955,-0.327991816822036,-0.236665209446405,15.6988648621598
-1.78655959641085,0.153373492335677,0.0860528699827199,-0.349354111021554,-1.33987045352517,0.86186079400517,-87.2768137057334,-0.204723747714297,-2.75115909045729,-0.32908290642333,-0.23547928511268,15.7775791373519
-1.78712512641348,0.153919319625526,0.0866449379579626,-0.349031361636544,-1.33990424783957,0.861632103359205,-87.5852814212107,-0.76935191435382,-2.87830471672379,-0.336929976458558,-0.227615157361982,15.7638621280046
-1.78766845145706,0.154403839340019,0.0871481382661961,-0.348750504751658,-1.33994280910147,0.86143276977473,-87.9707461826801,-1.20545863558868,-2.98510320280948,-0.338442789534326,-0.226047585615989,15.7293861350256
-1.78814900953834,0.15474292189917,0.0874867834921007,-0.348566659940347,-1.3400165853327,0.8612725450394,-87.41365465808,0.110078886757947,-2.84007047566627,-0.330761686230336,-0.225938492163264,15.7872058270591
-1.78853053750552,0.154865538784394,0.0875980038918558,-0.348528102101596,-1.34015057688521,0.861154938939963,-87.5252374930949,-1.47015035227332,-2.87429126126796,-0.340487467782258,-0.234739215231734,15.7928845962997
-1.78878248372959,0.154694442404637,0.0874196107780927,-0.348689426642004,-1.3403736004283,0.861091339007819,-88.211737454557,-1.13455793531671,-2.8535304005421,-0.339935424480597,-0.240075437500683,15.8485458734242
-1.78889276882085,0.154192385033314,0.0869253344549561,-0.349079697766264,-1.34069647024973,0.861081885788817,-87.7403825304653,-0.605009132783152,-2.79214292345407,-0.337621026501469,-0.239766058797609,15.9560694990605
-1.78886188747222,0.15333766664125,0.0861054775946088,-0.349719021162638,-1.34112136432483,0.861123680716316,-90.136218068675,-0.673281172829775,-3.03741871445311,-0.351687846996411,-0.232671968346107,16.01021163168
-1.78870675348442,0.15213959158605,0.0849784945310288,-0.350608233491714,-1.34164194260413,0.86121212003957,-88.9428852113858,0.460382897334512,-2.79047321125526,-0.344018792025813,-0.238234380964247,16.1814943381873
-1.78846827535303,0.15067063543569,0.0836145044909316,-0.351705423480251,-1.34222661057724,0.861327960862533,-91.0015385034015,1.63467911172461,-2.87291146358604,-0.33793258455687,-0.238406488345606,16.1113217416321
-1.78819271689001,0.149017768962613,0.0820946837498002,-0.352956408689738,-1.34284503457657,0.861456702468229,-88.7622934918064,-0.914233628992179,-3.00193233523268,-0.341804165222362,-0.233226729806524,15.9801891977724
-1.78794625533567,0.147300663502018,0.0805279990851042,-0.354285354258564,-1.34344623617564,0.861571970667194,-87.1409488833872,-1.79759927108057,-2.89475873470329,-0.330944028994956,-0.228145966164406,15.8305425751859
-1.78779575463037,0.145658241970072,0.0790369879509325,-0.355601934587167,-1.34397399361605,0.861641598387872,-88.0577288288878,-0.938996078719356,-2.7856027238212,-0.326828022674048,-0.229126023427609,15.698115371924
-1.78781137412917,0.144234529660416,0.0777449011773736,-0.35680949119469,-1.34437144619719,0.861636005637684,-86.1188521221365,-1.90389357289268,-2.95522577580718,-0.334688287269666,-0.238714634201844,15.771634596183
-1.78805372240779,0.143143644119095,0.0767502395561128,-0.35782984427123,-1.34458763084804,0.861528519443221,-88.6086374602169,-1.22093343177198,-3.0278915689014,-0.343940801647225,-0.242643142886058,15.8296933037896
-1.78856349244598,0.142469806539966,0.0761238677387857,-0.358602975836939,-1.34458791687553,0.861298066166413,-88.8797744588169,-0.380370745606797,-3.05314490586795,-0.348491462134637,-0.244950206018259,16.0400015846313
-1.78936586819379,0.142272896189485,0.0759138289797876,-0.359082763871623,-1.34435299158261,0.860936004704936,-90.105463326806,0.584301136850854,-3.19061957627619,-0.358502268074989,-0.247349251439411,16.1736218525184
-1.79045861976186,0.142562775214905,0.076124314096375,-0.359254659806054,-1.34388634228017,0.860443918241221,-90.8389692917409,0.429743936511386,-3.12782605812004,-0.366469133531075,-0.244495640125708,16.1848020950814
-1.7918239901311,0.14330633279152,0.0767235161031015,-0.359131412913037,-1.34321243558678,0.859840660747285,-89.109140093082,-0.602573354843571,-3.10465885147687,-0.353228648794565,-0.242697639559509,16.1650714888046
-1.79341280671456,0.144420623478219,0.0776367332348082,-0.358757364434691,-1.34238646279906,0.85916371856595,-89.3270282778965,-1.69336562190233,-2.98183832927879,-0.346517028437212,-0.229921231938782,16.0363718039617
-1.79516303516129,0.145793169520165,0.0787639261688478,-0.358196817036312,-1.3414739534899,0.858454627923956,-88.7719883016098,-1.47197697104389,-2.70801983834156,-0.335157678314972,-0.228960303110682,16.0302597762861
-1.79700338734414,0.147294616053131,0.0799897141652539,-0.357523623862431,-1.34055447879565,0.857768996297905,-89.0596846622611,0.325563356628209,-2.70084478166137,-0.331934117932182,-0.235058936692318,16.086684442424
-1.79885561413578,0.148785176751085,0.0811899269909946,-0.356819469391329,-1.33971494213262,0.857166102120438,-90.0639167415937,-1.17669489143577,-2.96439297614867,-0.337959385704901,-0.231803089680559,16.1038442790613
-1.8006539101756,0.150146458992571,0.0822586806109236,-0.356153645478822,-1.33902769352551,0.856696303110455,-89.2631140670283,-0.308015669551878,-2.90974881836576,-0.337381924514885,-0.235475698060887,16.1865768085671
-1.80233493105651,0.151276078744203,0.0831026341226353,-0.355587896532944,-1.33855590781969,0.856399293854316,-90.0712313438896,-0.780501181081263,-3.1727994136163,-0.346200033871545,-0.248568901695733,16.1895156724362
-1.80384450751417,0.152104584323623,0.0836548083233928,-0.355164801574614,-1.33835006444829,0.856302568919904,-90.5289923471044,-1.34485495688205,-3.10259944652253,-0.354517289185208,-0.251261831545786,16.2235846982741
-1.80515334704849,0.152605241034524,0.0838849400989932,-0.35490150929094,-1.33842928855984,0.856412194105694,-89.244648607492,-1.24040930549927,-3.11518023144762,-0.353695217943089,-0.255201447538379,16.2954480722663
-1.80625127333834,0.152779421981087,0.0837893920316326,-0.354801156649657,-1.33878777536216,0.856713373803217,-91.8660013335018,-0.392890642875045,-3.18551151922051,-0.348305631003503,-0.250437263703158,16.2620969072076
-1.80713930015757,0.152664867877686,0.0833960322413834,-0.354846379626997,-1.33940237477236,0.857175715013422,-89.5493087420117,-0.0633973800559033,-2.95668927670718,-0.347627653932841,-0.242505158973466,16.3765415678451
-1.80783503370257,0.152327554977676,0.0827580971983699,-0.355006199620779,-1.34022260236994,0.857744660411673,-91.7432632492954,0.617994718732007,-2.81172209119717,-0.348936381833962,-0.232071297301778,16.3327098628765
-1.80836692611588,0.1518519255308,0.0819481066112329,-0.355238854372785,-1.34118765331191,0.858359824986106,-90.6630342632068,-0.238405487913496,-2.80171497345631,-0.343035015818293,-0.230940178527467,16.3352276897447
-1.80877246912639,0.151327733611206,0.0810463188767165,-0.355500739928437,-1.34222611994681,0.858953856382376,-89.8227655972793,-1.57107460467023,-2.86005696632625,-0.340568544205858,-0.228412789486953,16.287626956222
-1.80909010111183,0.150831223984711,0.080126717691956,-0.35575762098781,-1.34326795638134,0.859462828513828,-91.5111732941319,-1.84050883954956,-3.0917925064326,-0.348499255602977,-0.232096505808724,16.2242144866086
-1.80936451093985,0.15044432790772,0.0792710457450552,-0.355971764335298,-1.34423670049144,0.859821846274734,-89.3561706969174,-1.85455506176868,-2.96936784231053,-0.346473174980946,-0.249988448387883,16.3581509651996
-1.80962995517763,0.150214391683032,0.0785350997370711,-0.356125123998522,-1.34507684022077,0.85998588324273,-92.3638684924701,-0.309970735702336,-2.96302441261744,-0.349288208735857,-0.250042095816406,16.3232726829255
-1.80992250250452,0.150165936860915,0.077958719349519,-0.356211319675318,-1.34574456051673,0.859929713907777,-90.0014509540452,-1.62883952214452,-3.20633094919549,-0.357100545739988,-0.250333781280742,16.3581872078402
-1.81028105591544,0.150310644990642,0.0775720736196794,-0.356228126330077,-1.34620187542791,0.859639981224911,-90.9120698857567,-1.73247786054526,-3.2295656834022,-0.353056566728987,-0.246961824458608,16.3103736277943
-1.81072483546365,0.150618957487032,0.0773705574995971,-0.356195406391781,-1.34644306639428,0.859131525633179,-91.2132785345389,-0.29808311323427,-3.00073496932811,-0.351384153002749,-0.247052323567759,16.3367686359611
-1.81127248641124,0.151048435882295,0.0773365805208435,-0.356137576248242,-1.34647572896774,0.858437762385833,-90.4724304014348,-0.0804120913985571,-3.0013810009583,-0.342527745352308,-0.250664345779808,16.4092684851829
-1.81193464582776,0.151544706900618,0.0774384638973258,-0.356082521159866,-1.34632023020287,0.85760250910059,-91.5452613935337,-0.736037722180527,-2.97473553703557,-0.345521826645253,-0.241296283263448,16.3427891567589
-1.8127167973831,0.152044914229991,0.0776332602335297,-0.356059971879116,-1.3460122809007,0.856684402030105,-90.3923353661171,-1.31976512170604,-2.91015560087638,-0.343807417829104,-0.234642164766943,16.3471861225751
-1.81360923262767,0.152478034475628,0.0778669766834685,-0.356102504104866,-1.34560546132537,0.855752776681939,-90.6603711102173,-0.925593886404158,-2.99477127510892,-0.347075438172804,-0.231260969795106,16.3555730537475
-1.81459517459025,0.152775412101492,0.0780814041141493,-0.356239868260012,-1.34515668299434,0.8548737062944,-91.7219770403543,-0.661226978014156,-3.03942879056336,-0.354648399035281,-0.237443131400063,16.4020791715462
-1.81564399591381,0.152886304079365,0.0782258225487067,-0.356487173902036,-1.3447334613996,0.854112488477427,-90.9509679635832,-0.586441407328493,-2.9199327863447,-0.348700573753531,-0.242284507935113,16.4978397117759
-1.81672118666327,0.152762159073445,0.0782473683229585,-0.356856855057719,-1.34440678051843,0.853532432181968,-92.5327645210539,-0.902046308169702,-2.92218473399259,-0.346509784237645,-0.240801167083071,16.4447476284998
-1.81778803593649,0.152371461331444,0.078105943142827,-0.357352396429882,-1.34423743338772,0.853177998919326,-90.8392082055942,-1.65695685614332,-3.07080463906556,-0.339493473604938,-0.242576053276077,16.4568641267817
-1.8188068113171,0.151696492615856,0.0777730753804891,-0.357970730148021,-1.34427560381855,0.853079507222506,-91.3628087281265,-0.609404091701208,-2.96097142407405,-0.341514012384904,-0.247929943310547,16.4156497236751
-1.81974166481119,0.150741914177071,0.0772378094779829,-0.358695296560066,-1.34456031841864,0.853251436491191,-91.1311358125489,-0.906311960930907,-2.89568053398418,-0.344683884385806,-0.244442000099166,16.3749390003177
-1.82056783579226,0.149528805481301,0.0765079469562242,-0.359502355820885,-1.34510883841047,0.85368975845909,-90.612662709817,-1.04232753302881,-3.04315512396883,-0.338034268747554,-0.243891983962962,16.3799485882374
-1.8212712010064,0.148086341434302,0.0756020345679647,-0.360367221234983,-1.34592013313482,0.854374279214815,-91.2194264504714,-0.430075813039139,-3.07425878430695,-0.338635000585277,-0.238635584176085,16.375855144995
-1.82184905161246,0.146465062179898,0.0745599901505656,-0.361255723750429,-1.34697171919669,0.855267191383346,-91.5580369849608,-0.0329932185152302,-3.00107156379025,-0.340398295779708,-0.245905641617579,16.4582095565788
-1.82232249464286,0.144733315934941,0.0734430041015774,-0.362128279113244,-1.34821137867435,0.856313290871945,-91.596762267818,-0.0154918071443717,-3.06111933957922,-0.345870544888052,-0.246773314337205,16.5303824351587
-1.82272013903211,0.142968594880739,0.0723216436384031,-0.362942775329192,-1.34957418403878,0.857447935758913,-92.5583402235361,-0.70585045427697,-3.08548291808577,-0.352282030486606,-0.243231754209445,16.5033872908504
-1.82308176296885,0.14124182617744,0.0712653699797161,-0.363666652959045,-1.35098535091738,0.858604979722581,-91.0558893042476,-1.3137289303113,-3.15246539976147,-0.356552717845947,-0.246077431864238,16.5370189506945
-1.82345626987754,0.139638108267637,0.0703545558582632,-0.364262161297568,-1.35235691838477,0.859710574313436,-92.2462615784885,-1.16729445310216,-3.27602069498823,-0.362167771191767,-0.244422128850348,16.5209416999639
-1.82389227020776,0.138232379482012,0.0696592435721421,-0.364699867065596,-1.35360754328739,0.86069992138794,-92.2543522370274,-0.686911453721905,-3.1767211627845,-0.359641342739154,-0.247282251163424,16.5883664952041
-1.82443552993597,0.137101619157435,0.0692469243168132,-0.364950443788445,-1.35466222227446,0.86151500218577,-91.9088976101572,-0.688160302710912,-3.1246860576455,-0.358285770093298,-0.249165741516645,16.6354372725416
-1.82511635421667,0.136288162799185,0.069152873231592,-0.365005758303324,-1.35546803557984,0.862116404390773,-92.9842733254887,-1.00572281151494,-3.16655702504613,-0.358277535145202,-0.244888955542741,16.6206025990907
-1.82595671548885,0.135825342897512,0.0693986663929798,-0.364863298358286,-1.35598493851282,0.862474771895365,-92.1694170583718,-0.630078913667148,-3.07650034026861,-0.353238994771969,-0.251325987038414,16.6938584394209
-1.82696109650355,0.135738052056293,0.0699916472698088,-0.364522306914748,-1.35619507511997,0.862574906090251,-93.1064168784958,-1.59076725674527,-3.10281583672287,-0.357441535043381,-0.249633775184885,16.6914272142686
-1.82811403585209,0.136020489920256,0.0709074784929677,-0.363997117299782,-1.35610946721187,0.862422550873957,-93.2327261111011,-1.12559942771395,-3.05829285274427,-0.355322968444447,-0.251357331597097,16.7416070739359
-1.82939172434488,0.136643087462357,0.0721009039083005,-0.363314253606029,-1.3557553097838,0.862037044263997,-92.599214357234,-0.890878046860507,-3.15982139733168,-0.35173687141044,-0.25088295110867,16.8011699419896
-1.8307575041978,0.137561197691177,0.0735120349638214,-0.362504688185158,-1.35517980217552,0.861452695215808,-94.5256443529051,-0.174669364856072,-3.08740058212118,-0.350684987370149,-0.244390133128885,16.7625213673262
-1.83216935420054,0.138717472975534,0.0750695881593388,-0.361602836695186,-1.35444240657229,0.860714030541558,-92.278465223891,-0.554263565513111,-3.05788364254042,-0.350981118446291,-0.246175485230839,16.8265047923644
-1.83357995346932,0.140030309718846,0.0766851053625748,-0.360656164059712,-1.35361262448311,0.859874134667516,-93.9479705082942,-1.44995258982999,-3.19970322526387,-0.353363609029309,-0.245858756787105,16.7411611773741
-1.83494660606037,0.141416281755389,0.0782727469531277,-0.35971037587025,-1.35276051565166,0.858987133513234,-92.8170757977475,-1.47264755016749,-3.09036627053752,-0.352432722800937,-0.246914996270404,16.7753131839071
-1.83622975336917,0.142792208174975,0.0797526568338847,-0.358808930391982,-1.35195721396682,0.858111340709785,-92.804405673478,-0.703231318131657,-2.92077112337458,-0.3508049163632,-0.248954099094684,16.8025563043857
-1.83740396184044,0.144094987991896,0.0810662530140087,-0.357982517332047,-1.35125731006571,0.857293610361725,-94.4839949872675,-0.271403490171224,-3.13073410349651,-0.355934553725106,-0.245570056372856,16.7787510340362
-1.83845287337227,0.145263490047288,0.082163824912755,-0.357262368382256,-1.35070730579483,0.85657616870172,-92.1827735798974,-1.60998379274065,-3.08974739109976,-0.358089836071802,-0.248718249404649,16.8683236010737
-1.83936870580461,0.14625139327356,0.0830135591729473,-0.35667207201174,-1.35034326544609,0.855994164551005,-94.865373295768,-0.322816613239866,-3.11403451490119,-0.363187767121993,-0.251093160132671,16.8218401357859
-1.8401593464485,0.147035330842118,0.0836069241391473,-0.35622340405226,-1.35017453636031,0.855559985854923,-93.2985522075187,-0.27042678339626,-3.17479723644172,-0.365206383581684,-0.255672418938993,16.9097785964115
-1.8408434691225,0.147613673584253,0.0839569945871266,-0.355916834774282,-1.35019475544884,0.855274569292754,-94.1245420896744,0.168421543186923,-3.14952250904147,-0.361839307810358,-0.254404631953776,16.9071771611238
-1.84143530707927,0.14798529946074,0.0840796045063628,-0.355755191328659,-1.35039417075435,0.85513158937141,-93.8632541855776,0.341245010043622,-3.06043125775929,-0.361420034669962,-0.250001570928991,16.8655147318074
-1.8419621140351,0.148184373308127,0.0840203001465258,-0.355721062406583,-1.35073742795881,0.855103196454304,-92.7842282923832,-0.80923514485039,-3.22124525851382,-0.361469676361307,-0.245812251261708,16.8366502956417
-1.8424538338066,0.14824134259359,0.0838232351682466,-0.355801087814723,-1.35118246176641,0.855157015476036,-94.0910236533853,-2.43400382184609,-3.23732686003578,-0.370862884384982,-0.246477533520003,16.8096221812576
-1.84293185231305,0.148191662644887,0.0835337710771638,-0.355978502373562,-1.35168712885653,0.855254500074517,-93.9700364259029,-0.336751464810504,-3.25541580944048,-0.366497278411673,-0.258615132627363,16.9551118679804
-1.84341800843433,0.148069649303163,0.0831943675803675,-0.356236722411608,-1.35220718342853,0.855357397452267,-94.7650382005708,0.96616970165519,-3.12474494820967,-0.361980658734591,-0.259187593205228,17.0281259294319
-1.84392677361886,0.147900478201348,0.0828375290046639,-0.356563447628289,-1.35270247506244,0.855429537655942,-94.9987711487008,-0.83769142486176,-3.2724257032111,-0.366630660997483,-0.248676585471082,16.9642606959216
-1.8444642100024,0.147694608188527,0.0824817952806653,-0.356952239792084,-1.35314625968509,0.855446885679022,-93.3187039725223,-1.58783109764045,-3.27835823154061,-0.369063479734493,-0.245468663386426,16.9307420477341
-1.84504096395926,0.147462345871581,0.0821428466317189,-0.357395445652059,-1.35350875536474,0.855384926803321,-93.895145457031,-1.01389731671588,-3.08916579891851,-0.370132652989848,-0.252890139028317,16.8874065151808
-1.84565598281872,0.147206374105653,0.0818269708810297,-0.357885198856501,-1.35378294483418,0.855241302825683,-94.1560790389414,-0.790051260313021,-2.93016223596987,-0.363413121312304,-0.256354098458391,16.9323223754335
-1.84631223905539,0.14693188463087,0.0815401694046711,-0.358409165184731,-1.3539616961173,0.855016050898975,-93.8890205003752,-1.68699424461147,-3.02080266005217,-0.360658050291137,-0.253929406989231,17.0180157936392
-1.84699528318796,0.146609959644097,0.0812593084082287,-0.35897458455416,-1.35406719040747,0.854733254228848,-95.799760049412,-0.101442170585642,-3.14635064417885,-0.356580475584575,-0.253688866511833,17.0779023380486
-1.84770070434521,0.146242424130346,0.080984137277933,-0.359568141747447,-1.35411487480001,0.854415239089456,-95.2308498251461,0.423754855693915,-3.1497504401701,-0.356437317798833,-0.254408482792715,17.2032104166293
-1.84841745750933,0.145829913259353,0.0807111766763289,-0.36017639015478,-1.3541309974306,0.854089781885318,-95.9368049146883,-0.297373565349972,-3.23087259398312,-0.37265874232836,-0.252808410349071,17.190741785194
-1.84912989260326,0.145369821883577,0.0804344090513978,-0.36079025495639,-1.35414925080559,0.853790368666167,-95.8138094016879,0.141980598043347,-3.312654431835,-0.371233422789833,-0.253551409852302,17.1605917296292
-1.84983706613253,0.144891097093961,0.0801722292586553,-0.361382135935347,-1.35418531661907,0.853535950212179,-93.9774725443532,-1.49078312391134,-3.28373135916286,-0.363964390409491,-0.253931411771873,17.1373175512279
-1.85053061656742,0.14442323902809,0.0799419112480544,-0.361925741078192,-1.35425961871178,0.853344427595829,-96.2283074438749,-1.43685171304969,-3.3947820059978,-0.367769660224109,-0.252335802524324,17.0508983841719
-1.85120719803853,0.144008756366008,0.0797718171429427,-0.362390558061477,-1.35438206823525,0.853222945421542,-93.8065290994525,-0.765953849006792,-3.09583756474674,-0.365774633393799,-0.264197350897218,17.2053513182605
-1.85186494783115,0.143697955773299,0.0796957682492485,-0.362745751604788,-1.35455058231873,0.853163844199877,-97.0136931260915,0.451399429683306,-2.99451540489687,-0.361108350361502,-0.262798451914886,17.186809846348
-1.85250988701405,0.143542132862583,0.0797483807600043,-0.362962933649507,-1.35475076505424,0.853147466539975,-95.0821049833478,-0.832507023247445,-3.24832413988975,-0.373818694841035,-0.249270353878242,17.1995009816803
-1.85315493917254,0.143605934927114,0.0799748670214924,-0.363007028558041,-1.35495548217104,0.85314336191738,-95.1807125123826,-1.37200514310234,-3.38827997822915,-0.375946770506843,-0.249586362797834,17.1775757944867
-1.85380766842363,0.143915294814542,0.0803900656732894,-0.362870558634512,-1.35514056994872,0.853121497499746,-96.1615621083833,-0.777762109091327,-3.34530503843462,-0.375876708543452,-0.254368988882403,17.1544964968047
-1.85448189749162,0.144498617384094,0.0810104942653709,-0.362544900189305,-1.35527418183045,0.853046510606678,-94.7681853101198,-1.5413095240674,-3.28367830400074,-0.371815868739323,-0.261906274203476,17.2326868471767
-1.85518587865156,0.145348890576943,0.0818229938398813,-0.36204178521979,-1.35534171568904,0.852899788189741,-96.4962566526,-0.780670175268142,-3.28267257636699,-0.365466132483409,-0.25996466058269,17.2499289935546
-1.85593402025965,0.146443618431763,0.0828039496474766,-0.361383732749233,-1.35532530793729,0.852662903326028,-96.3951877529776,0.558080169889536,-3.21359043397138,-0.361609079747879,-0.260069702521353,17.347787584622
-1.85673837340561,0.147744014884331,0.0839163633707485,-0.360602372228807,-1.35521564733228,0.852326979656926,-96.5035721382311,-0.943742157050792,-3.25591751144088,-0.367838588318441,-0.255417100828878,17.3803124139187
-1.85760914829769,0.149194401642028,0.0851092351284175,-0.359738221130322,-1.35501415433143,0.851893508662442,-97.3994009093265,-0.350554644103795,-3.1935674464618,-0.37540324931696,-0.253491869491406,17.3614512380015
-1.85855468950059,0.150727888569282,0.086323924415503,-0.358837446789609,-1.35473089944955,0.851373773334532,-95.8214334617457,0.194474936271035,-3.12787370221784,-0.363380609274664,-0.253271468766025,17.3824868457027
-1.85958061987695,0.152263505410688,0.0874912554494132,-0.357953226238903,-1.35438577415878,0.850790652586999,-96.3567411085344,-1.28132746102983,-3.28683085341137,-0.36295666215595,-0.251715027979795,17.2821969868067
-1.86067928409026,0.153728161136915,0.0885477865297757,-0.357132924653463,-1.35401087764484,0.850171141481942,-96.1761095560517,-1.85818588478196,-3.18141559894357,-0.359766501210248,-0.256673465729662,17.3083604928789
-1.8618506577468,0.155063200722712,0.0894444297344914,-0.356414908920499,-1.35363098245335,0.849541168055587,-96.0161796904624,-0.53070969684677,-2.9731327846479,-0.354400745269657,-0.267434986817874,17.3957422979689
-1.86308683520978,0.156231374690597,0.0901496994380995,-0.355822272584933,-1.3532679091676,0.84892000423846,-97.980045561658,0.298443017768477,-3.21734092836439,-0.367371127359965,-0.263592548803563,17.3800603761257
-1.86437187254623,0.157197401944768,0.090636382125115,-0.355375921959356,-1.35295242092128,0.848334351956611,-95.6644243836683,-0.968943446630874,-3.32336936671024,-0.372424081829879,-0.255263793346094,17.4552744367124
-1.86569003004573,0.157954062974544,0.0909015051213478,-0.355079163386554,-1.35270086192635,0.847796333319384,-98.1020603818541,0.170649588447077,-3.22892682737012,-0.371255720325111,-0.253960935742959,17.4035810151498
-1.86702649590028,0.158515008586589,0.0909610291471872,-0.354921350812229,-1.3525182399122,0.847308476787716,-96.3362925741071,-0.414967261015818,-3.21331856903242,-0.369460213373345,-0.257938806390698,17.4418210297581
-1.86836883362487,0.158922505335053,0.0908552343480094,-0.354874600721659,-1.3523988969215,0.846864328992315,-96.725748314366,-1.73908749673569,-3.34185235972484,-0.376559105790007,-0.258917664232209,17.4053505310959
-1.86970284119837,0.159214502240282,0.0906224505551185,-0.354911737975455,-1.35233640311525,0.84645698743476,-96.9463798632617,-1.26059777703267,-3.20843897624621,-0.369806218684198,-0.261836680048312,17.401883608307
-1.87101171627386,0.159422161002874,0.0902982233754166,-0.355011280706039,-1.35232164055457,0.846076845002526,-97.0799091886321,-0.581239863355677,-3.28813239279785,-0.364923415198733,-0.260293376086592,17.4726569566453
-1.87228174036538,0.159593374910374,0.0899306269265094,-0.355140421641862,-1.35234218072271,0.84571314479732,-97.3834355579955,-1.1284818279164,-3.51568547018582,-0.383521861837766,-0.256186282754126,17.549684825959
-1.87350409024946,0.159764366470138,0.0895583880553283,-0.355274047476433,-1.35238161489723,0.845349659548842,-98.5558291663957,1.39187649269502,-3.23699475829113,-0.375865784690889,-0.261422507327021,17.6489600370504
-1.87466906915089,0.159954187765978,0.089207814582539,-0.355400070953929,-1.35242911955722,0.844975673402777,-97.8044836236731,0.479191965683412,-3.25889336111618,-0.374494534351643,-0.263430962929863,17.701386868798
-1.87577377351025,0.160175637474819,0.0888989216743579,-0.355508528199309,-1.35248019057585,0.844589364104232,-99.0372612079629,-1.75498755493732,-3.41192268633367,-0.384088273239217,-0.257253372422964,17.6513904709472
-1.87681668384103,0.160432762420998,0.0886431938376697,-0.355594697212326,-1.35253242472225,0.844190511730551,-97.4708940868111,-0.0532752493888893,-3.32765391071584,-0.372385794312548,-0.270252219546943,17.762860794062
-1.87778966784892,0.16070827448352,0.0884333838976659,-0.355669405342931,-1.35259294579188,0.843781191084619,-99.1591018861476,0.639692556643695,-3.23897057264185,-0.367274953222398,-0.267990040043286,17.7274868778795
-1.87869950401422,0.160998566791278,0.0882725426089037,-0.355733060293509,-1.35266205515046,0.843363262195918,-98.6216522965863,-0.92134610869698,-3.29493001077319,-0.376010913070163,-0.260351864456281,17.6716639487088
-1.87954750596991,0.161282767522372,0.0881496979545409,-0.355795544578813,-1.35275230363813,0.842948151043213,-96.8340499961531,-0.434929164028745,-3.15474668036421,-0.370194765489149,-0.253997571947591,17.6658346829407
-1.88033899236407,0.161554384532876,0.0880630756838345,-0.355854399906091,-1.3528738506694,0.842545440204201,-99.5678815217144,0.240236782419743,-3.25575919155335,-0.36559340099686,-0.254907167895139,17.5795741381335
-1.88108455130297,0.161807368137147,0.0880119903019498,-0.355906031684374,-1.35303215540754,0.842162923157696,-96.0334298253545,-1.73314216492531,-3.30709805415012,-0.369916543579899,-0.259907693391294,17.6699860130066
-1.8817961555764,0.162045623381433,0.0880043866561817,-0.355940394638288,-1.35322808296175,0.841805420048802,-99.3249497267146,0.175432242175248,-3.2065770986882,-0.364541507626889,-0.262968017891413,17.5795887439826
-1.88248558474304,0.162274408243058,0.0880486032446752,-0.355943567527906,-1.35346087147771,0.841477409488302,-96.6406257913474,-1.22735567870677,-3.08609319673576,-0.361451902894259,-0.263670660211644,17.6294309250384
-1.88317067020997,0.162497958533822,0.0881532803083358,-0.355901825559975,-1.35372481461691,0.841185350175071,-98.3386300217226,-2.84765952067369,-3.33008250954376,-0.376048908518197,-0.257627245096488,17.6046217668119
-1.88386283526524,0.162721050524001,0.0883268903858883,-0.355802073653926,-1.35401385813994,0.840932848853649,-98.1205438628364,-1.19980330350904,-3.3572037810261,-0.38257486872911,-0.265495399346808,17.7227216026484
-1.8845683706534,0.162949996795366,0.0885786852994637,-0.355633049948849,-1.35431924763077,0.840719463383536,-99.1658830152609,2.06845016992702,-3.181825072847,-0.374095765911917,-0.271515410985999,17.839639223658
-1.88529619379414,0.163181684494464,0.0889122653234478,-0.355393791798309,-1.35462700502315,0.840542607604597,-99.4006751785798,-1.13440071687432,-3.39531927504214,-0.389451703757038,-0.261360077373723,17.8377540557355
-1.88604854574101,0.163404670415114,0.0893235310310392,-0.355092630112169,-1.35492387668501,0.840397179633655,-99.8800332245209,-0.659249565779419,-3.32976069224495,-0.384636115265467,-0.260401267148172,17.8957472741379
-1.88682432364144,0.163593796284322,0.0897955935922377,-0.354751475673535,-1.3551999247607,0.840279111679532,-99.1162435404369,1.59782101861629,-3.21637170135045,-0.371314462690652,-0.269357382897437,17.9252908779379
-1.88761111802557,0.163727730468138,0.0903100522742184,-0.354396611172891,-1.35544459873708,0.84017461277671,-100.283847957878,-0.37817882661875,-3.10783604185892,-0.38502273633843,-0.258393076668523,17.7574625794456
-1.88839448997795,0.16377864583124,0.0908420642760288,-0.354062164631304,-1.3556519197003,0.840073996265746,-96.5006917731315,-2.80444612985912,-3.24869462744579,-0.383614633204969,-0.252744059386149,17.7066408060613
-1.8891611112277,0.163721472068176,0.0913658655758771,-0.353783688827071,-1.35581323326196,0.83996047067064,-98.9331341106902,-0.46415157392471,-3.1118080856439,-0.372607844933943,-0.257639969588098,17.618884664613
-1.88990299106014,0.163553278168644,0.0918697812042073,-0.353583860908652,-1.35591761789992,0.839816831173179,-97.6470665143779,-1.50553504950449,-3.23036422779788,-0.37379088365017,-0.262345478279939,17.7124819832582
-1.89062337473137,0.163287288812674,0.0923534720708583,-0.353474341987031,-1.35594822463514,0.839621699306419,-99.1270632792855,-1.86330189941827,-3.33034319750638,-0.377206426443294,-0.271894565609311,17.8119057855314
-1.89131797301201,0.162940028702379,0.092815356785749,-0.353462660610533,-1.35589352756722,0.839353996203502,-99.8259875536401,0.183023256558727,-3.05725627073838,-0.373393613711723,-0.276078849265991,17.9116905778914
-1.89199323191454,0.162541510619403,0.0932634046897618,-0.353541844125338,-1.35574685871003,0.839002664109171,-99.6406902088763,0.338498656833508,-3.37011648842295,-0.373450667171018,-0.270309002683508,17.9629803006313
-1.89266869600212,0.162144762469944,0.0937240099357046,-0.353685562409422,-1.35549337283378,0.838553288583796,-100.08914499163,-1.03966784352724,-3.58275139214734,-0.389512894693047,-0.267094300362874,17.9557542249387
-1.89336357086671,0.16180875583942,0.0942278871988882,-0.353857988858522,-1.35512574993237,0.837999944931133,-100.622654668571,1.05279606700356,-3.33643130807769,-0.378194545044496,-0.269262616987766,18.0032402095473
-1.89410109998528,0.161585867305115,0.094803664910202,-0.354021039397939,-1.35463974191513,0.837343526261931,-99.2489768004635,-0.143028582315083,-3.17343586824637,-0.374003661316948,-0.262086912927205,17.9709211109055
-1.89490260855574,0.161523909293251,0.0954774374961236,-0.354134173250878,-1.35403916796788,0.836592782409496,-100.276495364206,-2.06923591572968,-3.32536453360797,-0.378176410575604,-0.247202152953645,17.8209940169134
-1.89577745068352,0.161646828888469,0.0962582995917169,-0.35416545371445,-1.35334892099378,0.835776098247323,-97.8560256218081,-0.848915491221078,-3.13939498496416,-0.367009434821947,-0.257262244011888,17.8971728495966
-1.89672514394101,0.16195268660292,0.0971387169165043,-0.354099805633451,-1.35260289475152,0.834928120255237,-100.723560835626,0.620038628892644,-3.13466318624711,-0.369728906309806,-0.265256885826114,17.8549642923309
-1.89772618097816,0.162397239483454,0.0980794056077714,-0.353949675916006,-1.35185205053515,0.834092073008904,-98.4884486328856,-1.76981832303341,-3.38725414109487,-0.387207239965182,-0.265913122223784,17.9266432656908
-1.89875980178834,0.162932770225204,0.0990412506214449,-0.353729340827966,-1.3511451193857,0.833310744923699,-99.9060647742681,-0.707169481715937,-3.56334890758387,-0.382110245220901,-0.268275780856469,17.9344955380973
-1.89978913979212,0.163477693066732,0.0999595730716092,-0.353477536591637,-1.35054533191785,0.832636615890499,-100.014098310445,-0.395114008986639,-3.41927750722414,-0.384877777714687,-0.272183776427341,17.9433471916378
-1.90076731721967,0.163927117422845,0.100751566695704,-0.353251781152117,-1.35011858823043,0.8321203856665,-99.3035637220203,-2.24137372198311,-3.63231771950083,-0.393661857981259,-0.275252556899107,17.9824220294031
-1.90164852327943,0.164180945178368,0.101339232883006,-0.353110469026974,-1.34992220310846,0.831803961929226,-100.086170099649,-1.39017813162127,-3.60254449456133,-0.391323603876833,-0.275803249255805,18.0008965901421
-1.90240022100177,0.164157064888026,0.101659571997254,-0.353105589646106,-1.34999130599758,0.831713450629604,-100.433294474071,0.21363790612304,-3.14408636314496,-0.3767421436967,-0.275490462367569,18.0524374540353
-1.90300408497578,0.163796712747256,0.101668355903436,-0.353279280928272,-1.35033992539185,0.831859827701564,-99.9922235414437,-0.8334239896908,-3.34562620094988,-0.383271836103528,-0.263301839308392,18.0799669421775
-1.90345507741333,0.163077365678514,0.101349645867172,-0.353652728908243,-1.350957277599,0.832233946872861,-101.626475394171,-0.385934018467651,-3.31639461184463,-0.387811115357096,-0.260218053464131,18.1203412075185
-1.9037726696372,0.162022896842583,0.100722979643755,-0.354220567087981,-1.3518043739262,0.832806759601503,-100.708050153513,1.16828973208862,-3.22142915971645,-0.376119315162708,-0.265721825479587,18.2258065474105
-1.90399803674736,0.160689573403204,0.0998355064217484,-0.354958735254416,-1.35281497185791,0.833531966638687,-101.239171213124,-1.03911101160475,-3.24126793020289,-0.388375243982082,-0.261072027375223,18.1258621488152
-1.90418312508299,0.159173059852346,0.0987646772255784,-0.355818062921192,-1.35390803276098,0.834350256084905,-100.343342021227,-2.42921832545107,-3.34036520130098,-0.388293357782083,-0.263161930851912,18.0805517845219
-1.90439121193431,0.157601984779537,0.0976139038351984,-0.356728467282628,-1.3549900022363,0.835192900060289,-99.8121207187675,-1.03133078081555,-3.088838950819,-0.377537244754299,-0.272831571871867,18.126748080342
-1.90468871448434,0.15612484831802,0.0965026400339211,-0.357604706131919,-1.35596330707066,0.835987476911448,-102.056834906666,-1.09587804830994,-3.43944201390434,-0.385474711843078,-0.277220081955638,18.129012483931
-1.90513681011503,0.154888104650504,0.0955490451110343,-0.358361394093341,-1.3567391936727,0.836667897860841,-100.12472641849,-1.13438419141016,-3.34397698523591,-0.385141152654011,-0.281479045619441,18.2831413348257
-1.90577392640214,0.154023382216721,0.0948570464040204,-0.358919095921956,-1.35725519199402,0.8371810488249,-102.514578207419,0.33451619149082,-3.44403392303843,-0.380397230490653,-0.275898198712395,18.2858299857363
-1.90661566930913,0.153628443725939,0.0945036580371297,-0.359216622910576,-1.35747579515313,0.837491752281189,-101.449346058907,-0.607469669192824,-3.58914938934021,-0.383610923582009,-0.27329429454249,18.2894360188194
-1.90766086892792,0.153763505133029,0.0945368139089056,-0.359216074803203,-1.35738873188915,0.837580198198921,-101.067863988585,-1.1497600174705,-3.54713482768008,-0.395252483760963,-0.269820018527929,18.2679584898603
-1.90888552624439,0.1544426921154,0.0949657000260564,-0.358904673057812,-1.35701615695787,0.837450861975677,-102.889126930094,-0.232518260737606,-3.54278786192745,-0.390802372655304,-0.272336058662427,18.2940664231987
-1.91023378947344,0.155606500275636,0.0957418475157072,-0.35831471119887,-1.35642118498047,0.83713624195313,-101.029296356963,0.61813821788769,-3.34933400688078,-0.384665356008532,-0.275996550113745,18.4340903394613
-1.91163691369887,0.157160393722362,0.0967881113458346,-0.357500635247519,-1.35568428848056,0.836682528878984,-103.572642931086,0.358909715665504,-3.41373056973774,-0.386774646090152,-0.266235869995099,18.3207790531739
-1.91302114118109,0.158969065161912,0.0979949226640047,-0.356541850187094,-1.35489994831943,0.836148000192554,-101.034901266668,-0.737479724822379,-3.40017348003778,-0.392015147165742,-0.262153193041306,18.3059538672374
-1.91430884408297,0.160861974653396,0.0992256610832212,-0.355541412577539,-1.35417040242818,0.835598525607117,-101.307559906636,-0.22417294659067,-3.31298971147248,-0.394261523694007,-0.265353124344532,18.2187024193124
-1.91543930798617,0.16266897216434,0.100346160763658,-0.354603796349246,-1.35358276806793,0.835092838209858,-101.306957898803,-1.85534619303576,-3.46383376268358,-0.398902523450424,-0.266569149559029,18.1403601331803
-1.91636424015246,0.164220486460974,0.101223863071216,-0.35383395954362,-1.35321159977247,0.834683864421104,-100.140463394488,-2.58338872373452,-3.52027181025218,-0.391708455594415,-0.277648289415049,18.1919584809715
-1.91705324522618,0.165369954631276,0.10174514819738,-0.353324357943064,-1.35310688772223,0.834407239656808,-101.927299250463,-1.10841978886924,-3.50537607570413,-0.383380659042472,-0.283294654158635,18.2652195248831
-1.91750019141538,0.166012117168255,0.101832229003121,-0.353143090284308,-1.35328747799521,0.834279112629765,-101.957948942591,-0.668352984378998,-3.39516501981467,-0.387350768018411,-0.285235670243237,18.4266734387536
-1.91773129016787,0.16609724481321,0.101455375067583,-0.353325570718993,-1.35373268856515,0.834291342223546,-103.297883742711,0.202721169996948,-3.68211860301508,-0.396943169651402,-0.282172903318837,18.5208428237351
-1.91778076720037,0.165622469776013,0.100622826496911,-0.353876666769638,-1.35440403927448,0.834421777211289,-103.712401412707,1.10646868834897,-3.48389200779232,-0.39855972893459,-0.27688163195881,18.5645309786654
-1.91770035843759,0.164637369161813,0.0993855213132182,-0.354767195650579,-1.3552373434378,0.834629364132617,-102.90633332651,0.425651024712579,-3.52114281346309,-0.388516826560082,-0.268552995737138,18.5247299360945
-1.91756260722552,0.163252214749099,0.0978455384018317,-0.35593050970747,-1.35614114436319,0.834857444114236,-102.260415590981,-1.86991151738243,-3.4410010747969,-0.38730951502265,-0.2589037750933,18.3982710028156
-1.91743765657193,0.161609195716219,0.096129990737813,-0.357277517241819,-1.35702007937731,0.835044426031013,-102.432007642416,-0.562398126456401,-3.13970591284806,-0.374881491758737,-0.268190673505193,18.3424196101135
-1.91738849411086,0.159861508454322,0.0943736237021,-0.358708034464562,-1.35779194971392,0.835141545403453,-100.966335128349,-0.62357792312514,-3.21285055863163,-0.375938966680072,-0.271788352762203,18.3798522815373
-1.91747358387767,0.158181761842449,0.0927238276230307,-0.360105844861353,-1.35838120780775,0.835105489691464,-102.881828683093,-1.87064273404167,-3.40821896877412,-0.382062530474186,-0.27015946789735,18.3561063707766
-1.91773255393547,0.156721056486129,0.0913081087235796,-0.361366526682647,-1.35873863536167,0.834912604248179,-101.904547792238,-1.16185685693358,-3.42610154938595,-0.38703890376354,-0.27485190082551,18.5260118314976
-1.91819524811537,0.155616756814104,0.0902404359609077,-0.362391622217025,-1.35883069185065,0.834549570222097,-104.019137170458,0.418881839241749,-3.45945061739528,-0.398717340902053,-0.28355100239708,18.6034266651093
-1.91887511087733,0.154965453289828,0.0895999746061891,-0.363106233882743,-1.35865517838763,0.834029927821365,-104.398566649228,-0.30873178317097,-3.73790806933997,-0.403684838334369,-0.288781010822473,18.7090076577034
-1.9197739041672,0.154834895235084,0.0894379753192511,-0.363452106563787,-1.35822816678392,0.833377858670688,-103.590862644238,-0.541961035546137,-3.70718407044794,-0.399928889343783,-0.289932584452713,18.7905549626402
-1.92086343539001,0.155230375334652,0.0897506952575695,-0.36341163794434,-1.35760128775832,0.83263686068424,-105.521072930565,0.51150730376753,-3.44795193299211,-0.397300058833549,-0.285952659632844,18.704609678752
-1.92211798725808,0.156131372285519,0.0905129000216951,-0.362985614692476,-1.35682845603001,0.831853643788195,-102.450207356479,-0.729806215651251,-3.47172885868622,-0.398317212066929,-0.273275580958181,18.6819730718837
-1.92349404258797,0.157467727477497,0.0916577226919304,-0.362209472571525,-1.35598313865459,0.831081219963727,-104.132712075803,-0.564287003919844,-3.40590870461398,-0.397250760288478,-0.262894608992486,18.5336066110977
-1.92494459015856,0.159141039450472,0.0930938847476253,-0.361141026873592,-1.35513819884793,0.830368470808116,-102.65028338523,-0.103389943017874,-3.16873003864177,-0.393457639175654,-0.261379169101407,18.5502652297737
-1.92642295786249,0.161033108983005,0.0947149154724556,-0.359854401205212,-1.35436547164413,0.829760794037418,-102.813804530215,-0.191423600728513,-3.30489831703244,-0.386292759566348,-0.265626103119941,18.5671000306634
-1.92788489872734,0.163029066586558,0.0964167735324923,-0.358427459530973,-1.35371856274704,0.829281919697506,-104.310380622804,-0.426852509511946,-3.51316961593685,-0.393272160416688,-0.273059836958818,18.5796836474316
-1.92928415288443,0.164990491277111,0.0980786168492103,-0.356957310312188,-1.35325030839042,0.82895398118477,-102.8378655961,-0.943428205769123,-3.41075964418022,-0.392295323724207,-0.288298708053593,18.7226012029603
-1.93058714541843,0.166801624670404,0.0995996421741214,-0.355530389341203,-1.3529916824142,0.828781442567581,-105.393384402542,-0.390467250300617,-3.65104678333248,-0.399716942334223,-0.293455475737636,18.711640127042
-1.9317696478877,0.168366881220673,0.100896939639923,-0.35422395885619,-1.35295688949327,0.828757465176081,-103.599593790443,-1.75630101469596,-3.78029749947447,-0.409174974648236,-0.288777832801118,18.7775723569747
-1.93282265342781,0.169603443740928,0.101902950481781,-0.353109825716953,-1.35314068779343,0.82886498912168,-104.702784351108,-0.930798096142098,-3.71515537022719,-0.404493048998435,-0.28559034997594,18.783858485645
-1.93374854120304,0.170456658695284,0.102574542013422,-0.352241768861263,-1.35352318398564,0.829079033638863,-104.87935786373,0.513592954906926,-3.50717841212114,-0.396045533967219,-0.276906696145144,18.7843074735187
-1.93456195440118,0.170899828945792,0.102893571195637,-0.351653232897477,-1.35407361072151,0.829374397730234,-103.759778767734,-0.250505076866148,-3.39997430090011,-0.391948812477709,-0.27413326574898,18.7843450264305
-1.93528682904932,0.170936344355646,0.102867682485303,-0.351357620544606,-1.3547542175768,0.829726019852579,-104.417744566162,-1.19999236472631,-3.41501787466075,-0.393854475150821,-0.26540830765679,18.7065299831
-1.93595646714622,0.170596202338901,0.102527474241382,-0.351350113293638,-1.35551485903434,0.83010189363597,-104.163237905907,-0.0601615304365168,-3.25580461380304,-0.384320937333352,-0.266117625663571,18.7275703541444
-1.9366099504389,0.169929264753844,0.101920471326919,-0.351608624571555,-1.35630368697468,0.830473715546481,-103.818718638394,-0.607052534998047,-3.42089442499099,-0.389356489474687,-0.273487965848543,18.7760663327104
-1.93729565970375,0.169025493914943,0.101125309354954,-0.352080187973377,-1.35706581381545,0.830815875964898,-105.326188252254,-1.08933928091437,-3.50823004843133,-0.399608849480502,-0.277125261521203,18.7914282419826
-1.93804827278779,0.167969837026227,0.100215041959128,-0.352711909285453,-1.3577605773138,0.831111994807638,-104.35409744076,-0.8854258302581,-3.40221297743,-0.399220073282301,-0.283714928372672,18.8781159527269
-1.93889955751746,0.166862278187562,0.0992722078880401,-0.353436458701912,-1.35835151308479,0.831344177448289,-105.271050540655,-0.595938171116131,-3.66988727228593,-0.404380016025655,-0.288107342274724,18.8909711351482
-1.93987439137809,0.165809611729495,0.098381726823237,-0.354178596836129,-1.35880865630118,0.831496108840629,-105.537014162294,-0.424871155449182,-3.70428231386686,-0.401101344599648,-0.290429041044343,18.9552338917223
-1.94098865797411,0.164902900307693,0.0976142792214538,-0.3548712467077,-1.35911572619825,0.831559004097271,-105.025826181028,-0.234930467894856,-3.47347062710222,-0.403858733514784,-0.292770622665447,19.01041783963
-1.94223793943793,0.164211060601047,0.097020516641569,-0.355458735455677,-1.35927331950909,0.831528259635077,-106.732196410163,-0.454468590560055,-3.46485177974048,-0.402912284707047,-0.283059452448886,18.9709618309092
-1.94360653802991,0.163780199001325,0.0966291936674377,-0.355898940498731,-1.35929622817983,0.83140542013069,-104.556103581134,-0.161426185463142,-3.40125284644952,-0.398645922327972,-0.278445030829647,19.0461422367705
-1.94506854662446,0.16362546880908,0.0964432825284183,-0.356168039475452,-1.35921332342723,0.831200173764675,-106.530762480473,0.0230937881581212,-3.46073553069735,-0.405578645991474,-0.272829613789487,18.9715100196327
-1.94658491879302,0.163719297764938,0.0964330699738225,-0.356271622711805,-1.35906810789518,0.830929826781198,-105.474900768743,-0.628423567664413,-3.47241066106531,-0.40408832947439,-0.270938099658768,18.9791273226994
-1.94810917567782,0.164004727693278,0.0965454757078978,-0.356235289199664,-1.35891132146414,0.830616360909429,-104.922902794008,0.00412625739136274,-3.38504869320832,-0.398445599008701,-0.27433652080958,18.9705423365675
-1.94959393484803,0.164399097880218,0.0967101608432139,-0.356102050299018,-1.3588002054518,0.830290528447437,-106.009413731065,-1.37269229086473,-3.54520086507961,-0.401428866151897,-0.278084895597155,18.9148638113158
-1.9509979929907,0.164804493241165,0.0968492882197241,-0.35592904078269,-1.35878321758742,0.829979483749342,-104.589910211274,-1.92460089806923,-3.59920097103452,-0.402292140566765,-0.287811085698778,18.9970336371986
-1.95228569345099,0.165128039243226,0.0968927382463487,-0.355771677590035,-1.35890172337249,0.829709268263145,-106.441716386522,-0.783040476158021,-3.62106398755333,-0.401635419059724,-0.291894374534351,19.0453849330358
-1.95342514072936,0.165277678127779,0.0967759067185447,-0.355686982081658,-1.35919461149238,0.829511294956648,-106.38042545943,0.224598060356811,-3.60394371115393,-0.40267335692393,-0.293021690807136,19.1626169435966
-1.95440440539273,0.165183428785159,0.0964571478815976,-0.355721991532524,-1.35967409421643,0.82940262303292,-106.550717989112,-0.272079373078213,-3.6377859520274,-0.408554342034122,-0.290386749673528,19.2218704666706
-1.955224189645,0.164814540204344,0.0959281376820358,-0.355902120214767,-1.36033085376647,0.829386344071523,-107.982933015106,-0.429151519864718,-3.65033539170429,-0.413874568530997,-0.287776751867281,19.1955590535834
-1.95589209562482,0.164162775400586,0.0952014897337918,-0.35623889602809,-1.36114871123107,0.829464478128095,-106.042973985541,-0.653960259589894,-3.56820388736267,-0.413241614899635,-0.288778278730321,19.2360738013395
-1.95643495835595,0.163273250147218,0.0943324843796864,-0.356711356045101,-1.36207820779477,0.829614445330043,-107.248257940014,-0.416490674891975,-3.53780190926074,-0.409500984181228,-0.280919716148943,19.1278010909556
-1.95688056488803,0.162215666549802,0.0933942225547797,-0.357284175461888,-1.36306331063236,0.829806352363644,-105.737523267979,-1.57579264354558,-3.52236503545592,-0.405594594075343,-0.27387975662203,19.0856472661755
-1.95726245684339,0.1610796808939,0.0924724321462429,-0.357908344378022,-1.36404119555783,0.830004642208662,-105.561245998649,-1.13873359022273,-3.520796226854,-0.404505508697491,-0.275440974924299,19.0839887339755
-1.95762360151755,0.159977156754425,0.0916670340609735,-0.358519356045435,-1.36493879439536,0.830164812684265,-106.829309110246,-0.798340817187409,-3.44995282733714,-0.409354870835779,-0.280737406769563,19.1269226778253
-1.95798707429486,0.158998923978265,0.0910551907741415,-0.359065529867522,-1.36569914892715,0.830243583585309,-106.837373267104,-0.484693339281421,-3.66034020998271,-0.408404612484762,-0.294381433965326,19.3166677009038
-1.9583782806801,0.158226877253914,0.0907013524315909,-0.359497348625728,-1.36627342327785,0.830204355958023,-108.240907639257,-0.760615266855666,-3.83401877173006,-0.412910483050222,-0.298150702260457,19.4354717623853
-1.95880936817151,0.157715243235565,0.0906419568343071,-0.359780698084529,-1.36663327117918,0.830021538587814,-109.079855477465,0.230135681060574,-3.76405314274729,-0.413605783367914,-0.298675025915368,19.5102918407597
-1.95929315202591,0.157487612496394,0.090886205810665,-0.359899136125273,-1.3667639253156,0.829681016999879,-107.668295998807,-0.195820548163056,-3.8673461350337,-0.414781359890969,-0.296367888298636,19.5328970457485
-1.95983318644555,0.157539782774395,0.0914179493820682,-0.359851379291487,-1.36667057734085,0.829184148701749,-109.663222887629,-0.324099132144738,-3.72789060082036,-0.41769485235354,-0.289374745344228,19.4100955237178
-1.96042091446143,0.157836330540607,0.0921930461402471,-0.359653911423152,-1.36637938277037,0.828544783692317,-106.02954458831,-0.394147445058252,-3.40948181509467,-0.407199924844326,-0.290007722251193,19.4244212613138
-1.96104791806444,0.158313768047457,0.09314548944372,-0.359340840870016,-1.36593205937355,0.82779452192804,-108.711452064077,-0.467177253478894,-3.41043988024759,-0.398084611698068,-0.278679572605617,19.2467812200469
-1.96170877798097,0.158912709334276,0.0942128202878734,-0.358944161625931,-1.36536935839547,0.826965854406457,-106.242657990982,-1.38887112137581,-3.37909523127792,-0.400711301906519,-0.276551234034506,19.2582641119081
-1.96240035323513,0.159570712785426,0.0953330394358987,-0.358500363333273,-1.36473111621997,0.826091934835231,-106.983398128424,0.529367436618259,-3.44450617286378,-0.393587999408108,-0.283934483249795,19.2570174251973
-1.96311430104447,0.16023054977202,0.0964474639058754,-0.35804158334944,-1.36406354036313,0.82521147428904,-107.835215451123,-0.316108378429817,-3.56086752034344,-0.40479833121339,-0.286086885922735,19.2524409621375
-1.96384914937574,0.160839798017459,0.0975060112289166,-0.357601133218945,-1.36340168236811,0.824357512264368,-106.455049225234,-1.71064896860958,-3.70527676580866,-0.415082805538862,-0.294262819562672,19.3413334121158
-1.96460719883453,0.161384565161971,0.0984899742405758,-0.357191067430479,-1.36276163045486,0.823543287662325,-108.584219468368,0.152952456572621,-3.78272525325815,-0.416494859428607,-0.299349590896244,19.3824505621277
-1.96538927009287,0.161855153576114,0.099384786615206,-0.356823054328823,-1.36215843675482,0.822783227925343,-107.7932272542,0.112122076995774,-3.80348038868536,-0.415047281905056,-0.298700429924999,19.5020368237075
-1.96620017954824,0.162267048495234,0.100197965800523,-0.356496452317101,-1.36158735648647,0.822071794232018,-108.930769300205,-0.779970600420711,-3.82640936382782,-0.417885582701697,-0.295832653329135,19.5350807381362
-1.96702829750295,0.162632083948075,0.100931783553234,-0.356213793804172,-1.36105443502587,0.821406063799474,-109.466917445827,0.833453203289309,-3.74289680241228,-0.415108562859203,-0.296075812455257,19.5804276161406
-1.96787137400702,0.162977107028211,0.101601433232527,-0.355968680426011,-1.36055087389605,0.820772808114373,-108.435191798374,1.54276751263296,-3.54804570027011,-0.405659842288052,-0.288933659240926,19.59439620124
-1.96871681941971,0.163327177543698,0.102219446474908,-0.355755075792448,-1.36007394374608,0.820159283349594,-108.50861801502,-0.362754263263014,-3.57870803391896,-0.411718253185066,-0.272740145287083,19.4294644475959
-1.96954281463153,0.163688376763826,0.102782209015353,-0.355577838129708,-1.35963322973397,0.81956043021747,-107.059453247352,-1.68182987593377,-3.62979119492078,-0.406373995838055,-0.274221987634393,19.3280565093226
-1.97032978691947,0.16406674911033,0.10328625753499,-0.355439059321639,-1.35924004204168,0.818974894545386,-106.877248314872,-1.56766664721044,-3.69705346159972,-0.402536332978894,-0.285141682971769,19.2977747135107
-1.97105948349021,0.164472798086605,0.103730837656266,-0.355332795451829,-1.35890960584153,0.818405260810532,-108.084635579442,-0.817931810111759,-3.553825126166,-0.406112378772052,-0.290552168836098,19.3402447865628
-1.9717186289619,0.16490045194793,0.104105907314982,-0.355259930270081,-1.35866021570302,0.81786277159807,-107.977413761273,-0.768735177425924,-3.58817156953907,-0.402396593636661,-0.301017046863939,19.5313505186276
-1.97230580171038,0.16534408986576,0.104404942001608,-0.355217019071657,-1.35850977092012,0.817364525564318,-109.49072871905,0.668410133474254,-3.56110645437266,-0.404380796453734,-0.303116613293117,19.6297919783021
-1.97282223714023,0.165800166851476,0.104625389292577,-0.35519471069238,-1.35847619050754,0.816929582045925,-109.696996770917,0.129611792563082,-3.7730838536682,-0.409395469788582,-0.299591190869715,19.6634877677093
-1.97328866155706,0.166270880646103,0.104774104116209,-0.355178545439076,-1.35856098901783,0.816570441889466,-108.740446940099,-1.1559141989062,-3.73263740521384,-0.418943740829437,-0.292236000881808,19.6793898924102
-1.97372868591626,0.166760484523126,0.104862521968908,-0.355151222845354,-1.3587612262927,0.81629687086469,-110.696711679915,0.302341064630127,-3.61136657834734,-0.413888137848372,-0.292745070543609,19.673204661345
-1.97417728981435,0.16727578096681,0.104907643028162,-0.355091314175152,-1.35906376670405,0.816114271398634,-108.536569110154,0.824934079782452,-3.37382317075804,-0.401348911695856,-0.293657409063903,19.7476917815729
-1.97467030385484,0.167818090073324,0.104925507756854,-0.354983679791468,-1.35945054837818,0.816024629371469,-110.181258926617,-0.564982625947323,-3.61804972743417,-0.399860640765796,-0.279917014433141,19.5892872387849
-1.97524655758724,0.168403713718916,0.104945056672946,-0.354806983666974,-1.3598848720394,0.816010602100038,-107.957377645417,-1.11928260244326,-3.47467417361443,-0.403469961330219,-0.277157832992941,19.5415852671833
-1.97593569679349,0.169033792181306,0.104983120170995,-0.354552401082625,-1.36033220202198,0.816052423335132,-108.041039145182,-1.13924717111991,-3.5365306518097,-0.40802031609026,-0.282227563572942,19.4837722046605
-1.9767633889399,0.169712657460888,0.105059742645761,-0.35421204529021,-1.36075789117909,0.816129229368938,-108.508998150331,-1.63581004587172,-3.66779158786349,-0.416575353123005,-0.288040227279088,19.4883018223903
-1.97773361808185,0.170424817762786,0.105177308255877,-0.35379596169255,-1.36113964600016,0.816224195545193,-108.232232156453,-0.761686962565364,-3.72558050166128,-0.412731374036181,-0.301375644783714,19.6520001131639
-1.9788375972494,0.171149723089197,0.105330531439343,-0.353321294614879,-1.36145855286537,0.816316352796904,-110.726333244609,0.637076750267852,-3.74810451877329,-0.4166253651492,-0.310855707361974,19.7566948271015
-1.98005503444148,0.171859470641071,0.105505605782994,-0.352812269398269,-1.36170669023883,0.816391529266272,-110.681319809366,0.744039710477409,-3.86896530500337,-0.425814387818981,-0.310703361750392,19.899543492568
-1.98134425938638,0.172504836232069,0.105669308818045,-0.352309812979764,-1.36189970460659,0.81645206815393,-110.864034294705,1.06948101158423,-3.91162040452772,-0.430278146931292,-0.304823895814682,19.9562705266106
-1.98266317766512,0.173040363666153,0.105788757666025,-0.35185344360744,-1.36205370363977,0.816500071876993,-111.169808949661,0.273793604295406,-3.80948211871686,-0.429473075299088,-0.292492464925284,19.8677748356468
-1.98396020650046,0.173412830379028,0.10582146120116,-0.3514877327136,-1.36219932099703,0.816549372175825,-108.922592945028,-2.35186344238218,-3.76719020316133,-0.42876149190052,-0.278376970644141,19.7601319653412
-1.9851931117769,0.173586372631633,0.105736042493291,-0.351244954862197,-1.36236366614103,0.816615004977625,-109.454140603039,-2.08137517152568,-3.56002935710717,-0.426699074926316,-0.278030675171416,19.6898063350186
-1.98632326535336,0.173527549975394,0.105502104437968,-0.351153430137231,-1.36257795107763,0.816716636112074,-110.30931377438,0.439002155980461,-3.37217872747144,-0.403434947673507,-0.292673477959254,19.8237920897809
-1.98732304749045,0.173214411632681,0.105096507931434,-0.351231714699896,-1.36286804148641,0.816872359041245,-110.491234491083,1.52748742247263,-3.44070916563174,-0.405969488726673,-0.299894660993411,19.95907588991
-1.9881881346111,0.172653525275327,0.104519249625478,-0.351478111110145,-1.36324210305932,0.817091699597871,-111.986310718657,-0.104729901153632,-3.75170931494023,-0.420579527896312,-0.300065016568817,19.9659139090102
-1.98892478338658,0.171863850587672,0.103780560859363,-0.351881998043487,-1.36370033691548,0.817378028663062,-110.517568195911,0.286545879833284,-3.76819970883642,-0.424407461338645,-0.301501640453625,20.0399764998057
-1.98955467383085,0.170891652335027,0.10291083033989,-0.352412363301386,-1.3642277842059,0.817722722989121,-111.620605131888,-0.670316245337972,-3.92497323051998,-0.43365454210659,-0.304081419565576,19.9945388866184
-1.99010764564916,0.169798175153754,0.101953596436982,-0.353028284551111,-1.36480266518588,0.818111714969558,-111.606997681344,-1.42184182816209,-4.10789045317813,-0.433516902845245,-0.307248282014285,20.0222536373587
-1.99062430261001,0.168649566505571,0.100957914699123,-0.353685530386852,-1.3653949097829,0.818525470357302,-110.647545469651,-0.24511302070573,-3.70545790468486,-0.416300745012895,-0.309056952299143,20.0997715712295
-1.99114360467267,0.16752085100394,0.0999796737406755,-0.354335066662689,-1.36596992176924,0.818936821236575,-112.957012140835,0.812624538216141,-3.35912017542134,-0.404948954175192,-0.298590824820556,20.0413990892212
-1.99169921342774,0.166486205493445,0.099074550508583,-0.354930664662528,-1.36649658749272,0.819318609753768,-110.238365550869,-0.516541377342946,-3.63195415108319,-0.412185519530738,-0.289674418486114,20.1002861745925
-1.99231663758999,0.165606469845043,0.0982883685970444,-0.355435066137731,-1.36694857189991,0.819645007364243,-112.862272124221,0.489020241267554,-3.66328300395429,-0.426220572985084,-0.291856865210869,20.0413535763045
-1.9930070545081,0.164927595232622,0.09765543704392,-0.355821957791317,-1.36731046785415,0.819894773044144,-111.54096313931,0.836371978214856,-3.64605534916382,-0.431003141603381,-0.293584617024819,20.1210118726174
-1.99377011407943,0.164468259348851,0.0971901595780853,-0.356086205541477,-1.367575766521,0.820053061695175,-111.492235630536,-0.391092015918048,-3.61273372587183,-0.42408637413972,-0.298033868866824,20.0895894277873
-1.9946009464772,0.164235309689507,0.0968983591221531,-0.356229053779185,-1.36774268133071,0.820112000430769,-112.196267345819,-1.14246452150041,-3.67971551560987,-0.428482467522152,-0.296079131908736,20.007287671127
-1.99547654356829,0.164202979410558,0.0967593597115397,-0.356273327451016,-1.36782259232568,0.820069997131059,-109.938189159194,-0.549359002332039,-3.72402279232136,-0.425695877918217,-0.309850153791823,20.0454053958107
-1.99637377621038,0.16433167851677,0.0967424287018952,-0.356249713182759,-1.36782658823399,0.819928884178515,-112.357227440958,-0.161670282184787,-3.96040324338966,-0.429801218178151,-0.313205092040269,20.0017086321608
-1.99726861625865,0.164570968856088,0.096808735376529,-0.356195264885686,-1.36776657554563,0.819693988961735,-111.002792790813,-0.656837510123296,-3.78484522246305,-0.430120371852144,-0.313117647477836,20.1280909713887
-1.99813388849396,0.164847773759716,0.0969015448438035,-0.356160077160641,-1.36766096099796,0.819377929009796,-112.550109130018,0.450732108324928,-3.78814117418577,-0.428593354984762,-0.304138136199411,20.1789691826537
-1.99895362746935,0.165100498713302,0.0969728376793544,-0.356182336443974,-1.3675230298081,0.818996474788316,-112.508448005041,-0.342005112599054,-3.86706313721672,-0.430358802379196,-0.293446547597981,20.1972881316456
-1.99972003313037,0.165287014718999,0.096989424838049,-0.356285532735587,-1.36735707060694,0.818558613375491,-112.11969361114,-0.0578006549528709,-3.72683644029499,-0.431583103617402,-0.297674160305534,20.2189184631662
-2.00042516428847,0.165351903996561,0.0969071847858523,-0.356497735256463,-1.36717853364717,0.818086666623825,-112.588127235869,-0.0398772820312843,-3.72869109944028,-0.435897541328279,-0.299696417433392,20.1980010598682
-2.0010740920329,0.16527794061876,0.0967110768466342,-0.356821071990563,-1.36699106066128,0.817594899492312,-112.447762479966,0.44972122040781,-3.68196885121915,-0.425058026571574,-0.29689183553898,20.1923410498918
-2.00168176894586,0.165063168878041,0.0963999210506226,-0.357246243430658,-1.36679677686029,0.817099984509786,-111.610276831195,-1.12140600301041,-3.62624148370034,-0.419745651763472,-0.294252121088632,20.1828217254842
-2.00225841430407,0.164714466321214,0.0959771903606308,-0.357756353477951,-1.36660759876234,0.816622582252893,-112.956832598854,-0.622803295585527,-3.76826769861844,-0.41885599296787,-0.290634713229042,20.1623588751789
-2.00281522727462,0.164244591735556,0.095451975815587,-0.358329612111958,-1.36644119540723,0.816188363905164,-111.627980054817,0.460698452014412,-3.59287408410378,-0.416675717681955,-0.299185493465296,20.2669095781512
-2.00336720273261,0.163689264842992,0.0948529683274764,-0.358931153042211,-1.36630985059729,0.815814759887557,-113.411733890596,0.420248839977603,-3.75000408182106,-0.420550762914532,-0.303751839299598,20.2240274612983
-2.00392700626363,0.163084200933477,0.0942086776574496,-0.359527175108666,-1.36623105728783,0.815521300938465,-112.254155805646,-0.180424039087484,-3.88489856858141,-0.419004300923481,-0.303640125777556,20.2497339156365
-2.00449930782211,0.162447358904146,0.0935365175142036,-0.360097594129625,-1.36622808787399,0.815328123066779,-112.243052732033,0.482662189168195,-3.76807163940668,-0.416487100614615,-0.308494298227684,20.2405156259521
-2.00508582895836,0.161801402506084,0.092858701763368,-0.360622746496563,-1.36631893474501,0.815246508326725,-113.334722740628,-0.970135076623819,-3.77913604972233,-0.425692120003769,-0.306665225565418,20.1994433260246
-2.00568525040958,0.161155381498285,0.0921877969000211,-0.361093623754728,-1.36652168609355,0.81528501971291,-111.471610018955,-0.308614928914494,-3.79063840165912,-0.426660307270671,-0.304787381370033,20.2817803026991
-2.00629506671582,0.160518937568072,0.0915373487309088,-0.361501843280124,-1.36684317328235,0.815441812811432,-113.545602987219,0.382342887081222,-3.8267889931353,-0.431239565811601,-0.302010345888049,20.2394776872684
-2.00690269310212,0.159878960250911,0.0909036476120164,-0.361857138439818,-1.36729275848645,0.815713742957736,-111.983440943411,-0.322640913800569,-3.82666802712313,-0.428227475505846,-0.29306219680687,20.2613705067219
-2.00750068326961,0.159233401882654,0.0902918840148343,-0.362166400196418,-1.36786129223717,0.81608194842546,-112.497201511352,-0.829297420399598,-3.84870613623562,-0.434024584674894,-0.29387502232221,20.2340165002905
-2.00808541973279,0.158586482300543,0.0897106220547468,-0.362433052676362,-1.36852835623302,0.816519440785653,-112.850191477784,-0.102230660299938,-3.73190409572197,-0.43292324573024,-0.298689594118905,20.2671441321609
-2.00864991781684,0.157946783267919,0.0891692703120153,-0.362656875359061,-1.36927227438908,0.817000486754643,-112.603464294691,-0.386666060918742,-3.7203861629113,-0.428733045902575,-0.306169849599853,20.3478989144656
-2.0091967141622,0.157327309676275,0.0886799435272805,-0.36283729948156,-1.37005946133093,0.817494561120353,-113.726255181362,-1.16481072461897,-4.00115873054685,-0.437240952931472,-0.305503214727635,20.3844611091585
-2.00972504058826,0.156731497568992,0.0882460378390273,-0.362980480207513,-1.37085991673602,0.817974655963615,-114.108986380744,0.46745986121482,-3.86156190407726,-0.432264376230521,-0.311591900351413,20.4707538634025
-2.01024616992751,0.156193340726581,0.0878918101012924,-0.363072097798561,-1.37163585856017,0.818412768263193,-113.761381832439,0.183137658597389,-3.94153540197917,-0.434659819981766,-0.30802166489409,20.4815970133038
-2.01077382801114,0.15574745950255,0.0876399380625525,-0.363098879278368,-1.37234785504351,0.818781840640442,-113.947016547646,-0.588632559416965,-3.92886966287836,-0.438091061925666,-0.301465891212237,20.4021980190365
-2.01132521827415,0.155419839640571,0.0875058279405252,-0.363051711312109,-1.37296467535793,0.819064217888848,-112.593674328055,-1.35378662480889,-3.78019709666364,-0.425278115826965,-0.30156811109417,20.4157666318551
-2.01192067161845,0.155212023879342,0.0874873602864861,-0.362935542629301,-1.37346860901904,0.819259953930497,-113.692744748619,-1.09571231354494,-3.66783794504551,-0.417774095595281,-0.305635451397623,20.4199165148599
-2.01258345125488,0.155121559603336,0.0875806955031477,-0.36275844335207,-1.37384281841755,0.819369671904992,-114.282155600437,-0.0843685605204882,-3.61823034588014,-0.418201033257734,-0.30770554060188,20.5085040501678
-2.01333412161741,0.15512977789839,0.0877700063121549,-0.362537878487231,-1.37407605894635,0.819395959539415,-113.857020599019,0.165953012687396,-3.69837165192752,-0.421807683318022,-0.307470902539246,20.6118865290999
-2.01419410744679,0.155199330092821,0.0880285788396484,-0.362301242495452,-1.37416930603273,0.819354983424833,-116.085101344509,0.533670715582275,-3.75169235384277,-0.428060048213391,-0.302949760221833,20.5725223673307
-2.01517279310215,0.155273042764343,0.0883166638545301,-0.362087398986965,-1.37413360098931,0.819265647450151,-113.245030848276,-0.281836127187717,-3.84304479672139,-0.433702149183074,-0.300628826747545,20.6153201254807
-2.01627036816822,0.15528504377082,0.0885879964309386,-0.361939766139255,-1.3739862590607,0.819146822137512,-115.148444135999,-0.431802364184705,-3.71929343196379,-0.434260926381569,-0.302198695955474,20.5259643842773
-2.01748167546116,0.155172820722276,0.0887991749219854,-0.361896520988889,-1.37374714608745,0.819014520264633,-113.821226539001,-0.81298645386596,-3.66374849476227,-0.426670333905293,-0.309671128261503,20.5411349380595
-2.018784807909,0.154869143230304,0.088902722745285,-0.361998409260398,-1.37344946670319,0.818889202689338,-113.827870331384,-0.710328483464309,-3.76136415498857,-0.425404617223005,-0.310415042841138,20.5534869651432
-2.02015538187381,0.154328319693168,0.0888664479606858,-0.362272252400773,-1.37311722260623,0.81877768733207,-114.829671699682,-0.775815401775162,-3.75685827137877,-0.433432170373519,-0.308062007282674,20.5717133522394
-2.02155806299558,0.153521556052159,0.0886675612026455,-0.36273060371126,-1.37278205218513,0.818688042536192,-114.400863851173,0.165334147847034,-3.88322892764171,-0.435169157170145,-0.313210259459814,20.7010036938887
-2.02295680927671,0.152450568675882,0.0883034993563427,-0.363366670829677,-1.37247282322444,0.818624002191718,-115.995234277267,0.118013025727123,-4.08179991983192,-0.449792951576435,-0.311340231666922,20.718226695445
-2.02431449805736,0.151140947079432,0.0877866194530847,-0.364159465108482,-1.37221076789302,0.81857813944352,-115.419521609165,0.149208251049004,-4.07349475769581,-0.454218997528956,-0.3121396952052,20.7736872013484
-2.02559302530619,0.149648299132279,0.0871470725863246,-0.365066677697144,-1.37201928992981,0.818544182065599,-115.052946763967,-0.0645736650940307,-3.91792970965204,-0.447572355950017,-0.315684646061325,20.7828870709983
-2.02676437141818,0.1480442727443,0.0864257465903331,-0.366036855724445,-1.37191506843723,0.818515152285208,-116.454817263866,-0.24791130275662,-3.99117873708684,-0.449610164352678,-0.311271548580334,20.7238107030462
-2.02780805734904,0.14642175750628,0.0856791143143378,-0.367006224589393,-1.37190467193363,0.818477945005694,-114.140391787079,-0.226092877212068,-3.82910491881609,-0.442788819550353,-0.310613700962149,20.7846554680633
-2.02871444122976,0.14486781135523,0.0849582961007127,-0.367915407071427,-1.37199347202764,0.818427155818931,-116.408901970086,0.17237889131161,-3.81421070038482,-0.436655564900952,-0.30763118075925,20.7116988824595
-2.02948359641244,0.143468755146249,0.0843160041726947,-0.368706662093669,-1.37217954941555,0.818357341094657,-114.904166639937,-0.39704483025389,-3.91270528280307,-0.441193932847507,-0.305090032841977,20.7402064925705
-2.03013421005971,0.14230324508005,0.0838024788775187,-0.36932715858726,-1.37245011663197,0.818266212954905,-115.098354470344,-0.623546790689943,-3.73851204599876,-0.437731923990798,-0.305918304255957,20.7454162994946
-2.03068966474866,0.141413025987918,0.0834438322509112,-0.369749005008916,-1.3727922031585,0.818157418599227,-116.178742256255,-0.47144139603256,-3.76229416456763,-0.432619384294469,-0.30805825998945,20.7361492414311
-2.03118227990084,0.140835207280098,0.0832659065028203,-0.369947734141592,-1.3731841602612,0.818033983789052,-114.691708608991,-1.4450631954935,-3.86174823037484,-0.430613878704794,-0.313594209432332,20.8063490367305
-2.03164590438926,0.140564443820618,0.0832668953884816,-0.369927309369481,-1.37360572593735,0.817905693586917,-116.389095139529,-1.06789419921506,-3.91948878228297,-0.434987384705016,-0.314158074728898,20.7909219603007
-2.03211215461924,0.14057588684352,0.0834323963557715,-0.36970492411295,-1.37403289108194,0.817777866787326,-115.837624741832,0.209105362485616,-3.94945292253919,-0.431893330517206,-0.321279194011754,20.8730857292774
-2.03261291378916,0.140813990925654,0.0837273994951975,-0.369318765532795,-1.37444912787494,0.817666275178328,-116.115286670536,0.46754932838553,-3.90416799216419,-0.440702677686422,-0.316181973517791,20.8957799363954
-2.03316937591726,0.14121791484539,0.0841117646509977,-0.368811463429192,-1.37483677894954,0.817577190678145,-116.374014177478,-0.576842330679256,-3.95203750965706,-0.450080127137364,-0.312571475851515,20.902257994161
-2.03379554936108,0.141712238392627,0.0845335224227499,-0.368236851998441,-1.3751853571722,0.817518231641923,-116.465991993977,0.755639010357982,-3.89609321650343,-0.443281468855417,-0.313980336213862,20.969236573555
-2.03449918104255,0.142223480578744,0.0849394732439024,-0.367649179147853,-1.37548450430463,0.817489534415809,-116.733951581679,-0.677066953564463,-4.01067855458911,-0.455626287391794,-0.314112531760515,21.0018686457522
-2.03528447627639,0.142686949945896,0.0852817835423356,-0.367098919535278,-1.37572507701641,0.817486020024476,-117.834735845976,-0.0380810215508518,-4.07194834651222,-0.453725708854053,-0.313601927894535,21.0630930561259
-2.03613916054671,0.143043521682674,0.0855126563674635,-0.366635291307606,-1.37591079712242,0.81750178934445,-116.379976565767,0.832661656129403,-3.95952396704746,-0.449244307606476,-0.316413239992426,21.1482130811334
-2.0370450697224,0.143255126551801,0.0855968337964697,-0.366294488350654,-1.37604981829462,0.817527512120946,-118.90464125683,-0.0582333799486605,-4.14933058009882,-0.455594309734749,-0.30918438394789,21.0261201607454
-2.03799426255457,0.143316758344847,0.0855253597858885,-0.366093014802315,-1.37614027858405,0.817543818484403,-115.316127354404,-1.6722650324491,-4.08319612653173,-0.454628372819804,-0.309064834938373,21.0799883189481
-2.03896674975669,0.14322714899741,0.0852898815751078,-0.366043324861131,-1.37619473782601,0.817539609429583,-118.317404467322,0.832892868179897,-4.05702484285382,-0.444019491144869,-0.311425739296164,20.9892414748176
-2.03994989080196,0.143016128871515,0.0849064562225583,-0.366139155725929,-1.37621271265698,0.817491057132233,-116.165769766413,-0.924942749719548,-4.00282349534078,-0.440791199146456,-0.316456941914537,21.0287814756162
-2.04093629617647,0.14272185252636,0.0844002309247025,-0.366364492720254,-1.37619783300015,0.817384825633014,-116.859479427652,-1.15380577822339,-4.023940300162,-0.433997003047402,-0.31987764553163,21.0193468320017
-2.04192263617475,0.142388109137182,0.0838028826168489,-0.366696508897882,-1.37615388865016,0.817210904394315,-117.590514280404,0.643762353972306,-3.92759170650265,-0.431839138229285,-0.319470208033772,21.0158092734331
-2.04290638429479,0.142056285586182,0.0831466654621749,-0.367109028428277,-1.37608813936054,0.816967820656808,-116.336083625637,-0.233770361196548,-3.93082148931387,-0.43726748052766,-0.320870605492755,21.0827991654347
-2.04389108436726,0.141767984619938,0.0824663890855168,-0.36757104587961,-1.37600411972291,0.816657523166531,-117.752068691486,-1.17402213647324,-3.97672655180341,-0.452976773425301,-0.316648598242659,21.0725752970889
-2.04488350423328,0.141555833696232,0.0817927768283255,-0.368053298808739,-1.37590509864597,0.816286654890234,-117.318931630992,0.599509171548334,-3.94722652312419,-0.446086976961522,-0.317930156823697,21.1607343625235
-2.04589340753091,0.141426504894664,0.081138358932356,-0.368537642702081,-1.375799529362,0.815874075615331,-117.61453643564,-0.153421595551663,-3.98539002955127,-0.446632064990018,-0.315191733442934,21.2037289841361
-2.04693238505968,0.141391722570039,0.0805204780039324,-0.369000169330335,-1.37569041192229,0.815435999959519,-118.829369349313,-0.984162162506891,-4.03041793454545,-0.452428798015263,-0.312111045394484,21.2234192398038
-2.04800671730129,0.14144798077955,0.0799439347957556,-0.369424852371509,-1.37558546273289,0.814990926976823,-117.807477429029,1.47476292118836,-3.83013066584172,-0.441182951929999,-0.31706074083148,21.3118248171014
-2.04912282827859,0.141589440874088,0.0794102122867988,-0.36979489386863,-1.37548933884914,0.814555333288326,-118.766444675383,0.290819475747639,-3.9425836201342,-0.444791865832584,-0.309747942982376,21.2232415350703
-2.0502772799316,0.141796597424722,0.0789093098607174,-0.370104878363935,-1.37541083993809,0.814144583009898,-117.573545279836,-1.6370270610862,-4.13029306081955,-0.449642594076826,-0.306736200333331,21.1845981113859
-2.05146372234883,0.14206163102789,0.078440113765434,-0.370346770301228,-1.37534782200352,0.813757689193121,-117.274736929331,-1.01100077385854,-3.91669738849566,-0.445329632791344,-0.313192893408249,21.1836265498918
-2.05267131747846,0.142380438573268,0.0780038296049888,-0.370513653521569,-1.3752963279518,0.813387865416949,-118.950058391293,0.0279896761367127,-3.89955544109822,-0.43996235061311,-0.318353307274885,21.1682136437601
-2.05388259047423,0.142763386641584,0.0776119730174387,-0.370591627269231,-1.37525264633447,0.813025160848825,-117.108945580951,-0.210012431116411,-4.02273600659814,-0.438882864820781,-0.324800830265838,21.2746477503105
-2.05507676337097,0.143233107766428,0.0772863528875474,-0.370564212574443,-1.37520658945661,0.812650210712832,-118.928402723975,0.375320610835161,-3.91354503405353,-0.439130216868759,-0.326502123849198,21.2558087984199
-2.05622061434302,0.143779874588187,0.0770254845416414,-0.37043981065579,-1.37515874108879,0.812248427446801,-117.806443294682,-0.169046811284488,-4.00148226158794,-0.442395962515031,-0.323268726865924,21.2746179597337
-2.05728989371959,0.144413229497859,0.0768450131058025,-0.370216466471089,-1.37510507305174,0.811803843369313,-118.049998404679,-1.28203229542373,-4.16158250258172,-0.459302495646075,-0.315733013202202,21.282089626968
-2.05826200102132,0.145149854156648,0.0767671691580245,-0.369888506024906,-1.37504072914482,0.811304131256811,-119.062783063471,0.07183638882384,-4.13387142965627,-0.462386217840059,-0.32320756776628,21.4023857915444
-2.05911891195895,0.145986151633747,0.0768009308139235,-0.369465010609746,-1.37496309050099,0.810740238367783,-120.005380826829,2.4362551938475,-3.82564643859288,-0.44960299987305,-0.326025466560717,21.5819097214154
-2.0598508230252,0.146898788845039,0.0769413332783997,-0.368965170915644,-1.37487794790036,0.810119469438859,-120.302087908405,-0.286992253377775,-3.9688636373408,-0.460358202324135,-0.31465191412941,21.5998367820135
-2.06045932170292,0.147847230079931,0.0771715177284857,-0.368418563880543,-1.37479369312491,0.809457763722283,-120.854677629791,0.209084395935179,-4.0568813126763,-0.459474676378703,-0.311972538723081,21.5697843346868
-2.06095376243094,0.148787095448228,0.0774718616408012,-0.367857513549821,-1.37471261301367,0.808767275562704,-118.524280286661,-0.25957698755883,-4.02140415226793,-0.451825830602868,-0.318389857778499,21.5540330910581
-2.06135548247484,0.149660099131902,0.077809086369375,-0.367320465120609,-1.37464248484712,0.808071656972974,-120.659980944682,-1.13480291047608,-4.13075223942954,-0.459870276784082,-0.314241755278538,21.3804980047523
-2.06169096000897,0.150404530336824,0.0781457376299795,-0.366849209151502,-1.37458331527105,0.807387129310203,-117.161774173058,-1.12330702974623,-3.94091855260268,-0.454237113531413,-0.320360476829674,21.4689697105948
-2.06198671688147,0.15096403451164,0.0784439130772454,-0.366482432808743,-1.37453542015028,0.806727863976672,-120.656076331433,0.851037695454806,-3.85056570741671,-0.434787581776556,-0.32122437545579,21.4503549872954
-2.06226402655386,0.151286054680166,0.0786637286971372,-0.366255591170668,-1.37450285888224,0.806106725993253,-119.160719022249,0.127251360175478,-4.01723156617084,-0.44126747722524,-0.325682904832522,21.5440050320507
-2.06254415545766,0.151343289901786,0.0787801904364787,-0.366188293345978,-1.37448658998874,0.805532591362486,-119.89545518366,0.238227185430105,-4.05490009582971,-0.452890173559552,-0.328162009463899,21.5771213086985
-2.06284539255342,0.151141554490517,0.0787894970228298,-0.366282227669342,-1.3744733953121,0.804993805223005,-120.865814743021,0.686582086094631,-4.00959849288623,-0.455995845129221,-0.329929351177918,21.5906557063294
-2.06317669063158,0.150700895701072,0.0786945141935709,-0.366529305248258,-1.37445480568378,0.804479575269355,-119.245981285302,-0.492699746085691,-4.04524845823641,-0.459051706592036,-0.324706541863182,21.6265136504777
-2.06353646051932,0.150059362955501,0.0785072965089457,-0.366907361703126,-1.37443461984142,0.803987667217251,-120.860875084048,-1.26203602174814,-4.08622288103467,-0.466505938622907,-0.316531825204456,21.5625096174664
-2.06391989985411,0.149282603713486,0.078259440605478,-0.367378173836788,-1.37440754764359,0.803502736966419,-120.124002229085,0.335864943878505,-4.08952579378513,-0.458909225358315,-0.319699134642918,21.6551032712986
-2.06432207583741,0.148450717706369,0.0779924775211449,-0.367891181002828,-1.37437475193598,0.803018918890449,-120.493399921586,0.538332170105832,-3.94208112375946,-0.453232560698412,-0.318033955525818,21.6606484008656
-2.06473602298337,0.147648505582035,0.0777513787248292,-0.368390980551304,-1.3743436700895,0.802537697147415,-120.402851576596,-1.08242690028146,-4.07519871915869,-0.462559018256644,-0.313770897763924,21.5972226947508
-2.06515797249422,0.146959461311782,0.0775826252704468,-0.368820606200942,-1.37432357469093,0.802064769420791,-119.473426076482,-1.39195095737909,-4.02737052311437,-0.455838032377023,-0.318126382684612,21.5926381293356
-2.06559381571137,0.146456434522744,0.0775277278803832,-0.369128144759925,-1.37432368578675,0.801613939168266,-120.352035449138,-0.450728589878509,-4.11497520287313,-0.461776682550246,-0.321230070264279,21.5744192581194
-2.06605030675701,0.146195336127636,0.0776181574448556,-0.369271432269403,-1.37435871705324,0.801205739035208,-120.535995602691,-0.444389827943951,-4.26334358675092,-0.457551322107111,-0.332658255755289,21.6814699196844
-2.06654449164525,0.146213166012243,0.0778757340692526,-0.369219680297735,-1.37444021680468,0.800863625619173,-120.930319963281,0.203723263461598,-3.96610227242164,-0.447078197811381,-0.336683670822568,21.8092125868808
-2.0670973628977,0.146515771369696,0.078303313806551,-0.368964611555983,-1.37457369590194,0.800607161315827,-122.449592544632,0.81749588151979,-3.96103068582786,-0.446820439215395,-0.329644767940321,21.8039785292618
-2.06772714993715,0.147099477822164,0.0788987433209065,-0.368505832655183,-1.37475825683332,0.800444831433302,-120.340526046917,-0.762890425061869,-4.18329113348838,-0.45345842228134,-0.323816537935447,21.7952556723498
-2.06844886712895,0.147926584985812,0.0796366305190379,-0.367866692298042,-1.37499607125338,0.800388030871814,-121.207807893631,-0.268917226727353,-4.13833513978199,-0.460131664040762,-0.31878627756562,21.6930272920009
-2.06927694005921,0.14895658158954,0.0804928430874217,-0.367077900253958,-1.37527053700728,0.800424954631589,-120.299665476012,0.0372373581219563,-3.93239423391339,-0.453619391484824,-0.318809402687651,21.6897371510696
-2.07021158272635,0.150115708908938,0.081418303856986,-0.366193175747284,-1.37557466363792,0.800548756335792,-119.948872883329,-1.82415796601094,-3.89235016282137,-0.454128959353203,-0.313982924910051,21.6930340348643
-2.07125054235905,0.151344697561296,0.0823738931643523,-0.365259522313775,-1.3758879429975,0.800733483521237,-121.648818669834,-0.656089434685327,-4.00765263627321,-0.449796650652922,-0.317256431225519,21.72224277063
-2.07238021726132,0.152570480208124,0.0833091402899684,-0.364334043699077,-1.3761967316575,0.800955297739447,-121.133374078152,1.03610071797129,-4.00793153372379,-0.448917533095005,-0.325792412859204,21.8807527605674
-2.07358767321616,0.153734484751781,0.0841835150273658,-0.363464950894209,-1.37647982159461,0.801183029222611,-122.144393372904,0.911435380927514,-4.08704742631002,-0.465676246822216,-0.333409570593201,21.8899080010409
-2.07485497970304,0.154780067340928,0.0849568695677849,-0.362698547761736,-1.37671915030685,0.80138673276101,-121.723291317224,-0.981848474924846,-4.30007657962824,-0.472465473930265,-0.332617710092726,21.8798021134169
-2.0761722792436,0.155669745716516,0.085603443933429,-0.362065145005707,-1.37689632495648,0.801542475311141,-121.007129105077,-1.17635666941737,-4.27728409650581,-0.473366553309297,-0.331588595547205,21.9245420360244
-2.0775237413017,0.156376587604544,0.0861032136742499,-0.361586178018486,-1.3770015572879,0.801633106697546,-123.179686349331,0.47544014709456,-4.2159988531439,-0.469267295180052,-0.33610452484908,21.9946642512229
-2.07890692726984,0.156897412680419,0.086455648228426,-0.361266076102714,-1.37702067883958,0.801643836600644,-122.540494967798,1.48361823296455,-4.11175697179885,-0.459248116872988,-0.341657680931307,22.1888952537306
-2.08032513061033,0.15724946519959,0.0866762938058043,-0.361091888780144,-1.37694282192183,0.801568233279663,-124.31009508931,2.13146723934619,-3.95156762074322,-0.458529708501242,-0.331594617677573,22.1368402736865
-2.08178826080144,0.157463200295549,0.0867917620878911,-0.361041192404223,-1.37675678055647,0.801404101812746,-122.724712790197,0.366738678161255,-4.15059634408072,-0.465725555836312,-0.315556819083405,22.0389559450032
-2.08330657288955,0.157579579667156,0.0868369995067806,-0.361082408353022,-1.37645539682207,0.801152852853122,-120.960812178827,-1.28556173628658,-4.12959232640293,-0.465558370376877,-0.31401695647116,21.9235038449326
-2.08488671978708,0.157649729167723,0.0868551687950812,-0.361175922481926,-1.37603817359026,0.800820501382008,-122.418297271728,-0.573262893210995,-4.11351725090029,-0.467347030606215,-0.320192156488112,21.8024681134519
-2.08653111122556,0.157725839347338,0.0868915431965314,-0.361281140407882,-1.37551058464161,0.800416369579912,-120.150204825472,-1.28228796880308,-4.15617719823874,-0.46146644375912,-0.331195303663934,21.9069603068835
-2.08823710515063,0.15786395126919,0.0869939372662869,-0.361354320690896,-1.37488099684399,0.799949510520469,-123.051976598091,-0.40537857078607,-4.2063364320191,-0.453906762427289,-0.33253580537466,21.9273187651189
-2.08997453993066,0.158095937280431,0.0871889168025342,-0.361368445301192,-1.37417835503691,0.799434485983962,-122.335694614794,0.177215988527905,-4.03695755404178,-0.45403172495153,-0.337595224836655,22.0945581840017
-2.09171242977518,0.158439290489801,0.0874928919492135,-0.361304240893767,-1.37343550025101,0.798890135882983,-123.651130507227,0.287333594556912,-4.27207382121469,-0.465943803261121,-0.341587416245337,22.1758926178027
-2.09341074806074,0.158904828030177,0.0879154113526173,-0.361148018131662,-1.37269147776547,0.798334846924996,-124.096320742995,0.775129180267186,-4.28318297621186,-0.481447718765756,-0.34139297720684,22.2080905019773
-2.09502044822464,0.159482258132247,0.088449213306431,-0.360898817157751,-1.3719921952014,0.797790028757739,-122.834985661058,0.400496183712676,-4.12893985478391,-0.47675625044546,-0.333305876305939,22.2241530235821
-2.09649347402946,0.160129102576874,0.0890619013845184,-0.360575644951777,-1.37138966137836,0.797284509321122,-123.841885928299,-0.647137875448607,-4.29998592325691,-0.478035477273455,-0.32057120642012,22.1337037105043
-2.09778762451227,0.160797767515608,0.0897163018121649,-0.360201840111364,-1.37093122454745,0.796847753634837,-123.10470659891,-0.227023533414467,-4.14691200611125,-0.467900254212442,-0.323694695056109,22.1607923071801
-2.0988688137876,0.161426662922688,0.0903655263909542,-0.35981039690916,-1.37065651930277,0.796503937067062,-122.98045061917,0.468246328164014,-3.99017449212567,-0.45689846294342,-0.328975173397573,22.1652712505019
-2.09972400285682,0.161932187860804,0.0909487215081599,-0.359450629128784,-1.37059587976956,0.796281087149624,-123.879718942767,0.141200470819967,-4.07477303433126,-0.462831994094348,-0.320598622880016,22.0783597736795
-2.10035552746444,0.162241990757824,0.0914139739063804,-0.359165829924043,-1.37076457420949,0.796202157362597,-121.782042841038,-1.68204481927205,-4.16257198173724,-0.46222040506734,-0.321483539041923,22.1015490115395
-2.10079068032686,0.162311923358295,0.0917316593589295,-0.358983514797461,-1.37115322657096,0.796276616610113,-123.5211314369,-0.318009820272664,-4.21192621710622,-0.465865742146037,-0.328944200155434,22.0681052005006
-2.10106509602045,0.162094122716846,0.0918691892261863,-0.358937848906189,-1.37174152063114,0.796506276008953,-122.707130919866,-1.01313687167794,-4.22254633651633,-0.468012963010368,-0.339072480084951,22.1465524322509
-2.10123150893565,0.161553329192916,0.0918034451921219,-0.35905835976503,-1.37249155533173,0.79688205729136,-123.436172063978,-0.869452519217703,-4.25841226850005,-0.472298600034035,-0.347796149840042,22.2599033246031
-2.10135348625939,0.16069945980569,0.0915444014932278,-0.359348309728554,-1.37334755143094,0.797381284747599,-125.132253691213,0.481185185273262,-4.3556814835257,-0.469460358208014,-0.357072100032293,22.4121863390027
-2.10149061076136,0.159558424896207,0.0911103179210493,-0.359804350016481,-1.37424838645798,0.797970463604018,-125.409429344004,2.04032710706656,-4.17980544926422,-0.46864268052759,-0.352430192183433,22.5569510442888
-2.10169545303825,0.158182144584415,0.0905357328016962,-0.360407859748515,-1.37513473611003,0.798610789524527,-125.837910306686,0.545291259679061,-4.12037329626105,-0.484880124397689,-0.332063465525482,22.507020254154
-2.10201337657193,0.156642523943971,0.0898666137766826,-0.361127698421561,-1.37594568746802,0.799255612314097,-125.485660226819,1.02918559444061,-4.03366425579273,-0.484623808076993,-0.321790582456603,22.4488554381631
-2.10247400852192,0.155028819250413,0.0891594410289063,-0.361921834595218,-1.37662853791665,0.799856485142713,-123.478116420809,-0.257056929962118,-4.04815750413997,-0.476987319936202,-0.318662041657447,22.3776660577054
-2.10309547247839,0.153454591222418,0.08848520581373,-0.362729408442155,-1.3771379043104,0.800363002026923,-124.722235284156,-1.94887319641657,-4.04480737992873,-0.47384693326726,-0.315534156093103,22.1960732893644
-2.10387353880014,0.152020436847258,0.0879034033159349,-0.363495128206112,-1.377447089288,0.800732905335572,-121.947386879602,-2.2952610001787,-3.88538482324714,-0.45974094432302,-0.323869456717689,22.246383618182
-2.10478787339372,0.150820700389926,0.0874681926268892,-0.36416227135889,-1.37754962401006,0.800937834361949,-124.741851654078,-0.164383421828006,-4.14326979935325,-0.452326028395472,-0.335978936334444,22.2689836873616
-2.10580596180056,0.149934561883229,0.0872237157802647,-0.364680132304864,-1.377452919002,0.800958146722018,-124.556965034041,-0.25032660452257,-4.23612697983717,-0.459376363015886,-0.345649079584318,22.4488275862548
-2.106887185781,0.149416732400017,0.0871974788723267,-0.365007486713778,-1.37718435961822,0.800796277974555,-125.673190928085,1.46197398221648,-4.38179328862572,-0.462269565947945,-0.35233626406066,22.5875938759275
-2.10798105759022,0.149296239324839,0.0874010516601713,-0.365116243936594,-1.37678803684052,0.800468839344222,-126.429908484981,1.21503209073649,-4.37099551371222,-0.474854532986437,-0.346703370258766,22.5886039638209
-2.10904091148745,0.149565166705496,0.0878227245942886,-0.364999748226473,-1.37631439016011,0.800004220557689,-124.535278872502,-0.757493565802861,-4.43077766652323,-0.480562866471645,-0.343950153260561,22.5556475172357
-2.1100149006108,0.150165212499281,0.0884143642718311,-0.364680674505787,-1.37583432931744,0.799454455712879,-125.624024691641,-0.900713139951222,-4.37118626484093,-0.484187760641085,-0.338274444160959,22.467275582
-2.11086037970112,0.151017452788023,0.089116648200362,-0.364196354958819,-1.37541614130659,0.798875097400765,-125.534524829911,1.30519399880291,-4.07241918487156,-0.472811706056241,-0.34241423319201,22.5411113016256
-2.11154466198621,0.152009904486292,0.0898480433525533,-0.363606106316946,-1.37513128924169,0.798332635694305,-125.130297048683,0.215309818700462,-3.97418896070181,-0.470475366030116,-0.331930278054601,22.549898620637
-2.1120410692229,0.153025878369658,0.0905237749019501,-0.362975108630759,-1.37504508278615,0.797890118774646,-125.806278087405,-0.754776258397442,-4.2257206422199,-0.480125385914437,-0.315312429553387,22.4703294362771
-2.11234598629663,0.153946071063115,0.091060610699305,-0.362376454581917,-1.37520273669746,0.797598725427262,-124.14812294734,-0.647601076130059,-4.22391118873196,-0.48109628405572,-0.318029447309347,22.5119266557237
-2.11247064450946,0.154661370257312,0.0913828883508827,-0.361880115386778,-1.37562951225689,0.797495242429181,-125.950518727543,0.191416299110642,-4.30026439379876,-0.490293762856471,-0.332269504986795,22.5192013632066
-2.11243851416438,0.155096660887545,0.0914398657782125,-0.361537224706696,-1.37633367345259,0.797602343095643,-125.748136992187,-1.4551847816133,-4.37243844892805,-0.485564144554346,-0.350454723238882,22.6430437933102
-2.11229097984815,0.155209682871901,0.0912065575495205,-0.361382670806086,-1.37729558153514,0.797919670728948,-126.102191685174,-0.0777122607453293,-4.24795567511583,-0.468230460170441,-0.35907145762741,22.7520631673923
-2.11208310664188,0.155005969804744,0.0906937898657341,-0.361422358257493,-1.37846954660791,0.798424483734494,-127.778290154603,0.970318195871187,-4.32593034034849,-0.462755787163579,-0.35473363326233,22.7355447621767
-2.11188117047781,0.154539108829562,0.0899508762464054,-0.361633706094636,-1.37978094523699,0.799066628780252,-125.332087256265,-0.262710806029645,-4.37519770172932,-0.471439487284609,-0.347193524014429,22.7601958964532
-2.11175099772448,0.153889291833564,0.0890469226879758,-0.361975630350944,-1.38114810896229,0.799789958010848,-127.393258757692,0.122841847199425,-4.22743066737578,-0.478624032669059,-0.338202564665475,22.6189748545919
-2.11175875032735,0.153174625180597,0.0880804444360457,-0.362381157182111,-1.38247846026561,0.800527089891638,-124.707863563206,-0.10344656917141,-4.23370094841488,-0.47244667515238,-0.330439144784576,22.5847812301032
-2.11195153688116,0.15251979921783,0.0871543436065787,-0.362776156249646,-1.38368698244211,0.801211261244039,-125.152978411846,-1.22212760982916,-4.07756627365853,-0.468441987066029,-0.322454036177287,22.5180065952782
-2.11236824516436,0.152059435886672,0.0863789963506032,-0.363076037769255,-1.38469594572748,0.801781639191445,-125.709751773626,-0.909162389220228,-4.05528739307019,-0.465053789543051,-0.328670627515111,22.5490357935229
-2.11301525823768,0.151883679378122,0.0858293148677303,-0.363222075596251,-1.38546069384846,0.802197177117758,-125.739591412303,0.654485413664133,-4.09253257503897,-0.466335232520362,-0.343043884006884,22.6814390138419
-2.11389278230921,0.152073198900736,0.0855730228144325,-0.363157705487296,-1.38595036880942,0.802431698804366,-126.789368565761,-0.657138009296659,-4.23200935478386,-0.486132666904012,-0.344794371485021,22.7495452213707
-2.11496625913286,0.152657776068834,0.0856359506772009,-0.362858645896561,-1.38617008408079,0.802477313898475,-127.402251196208,-0.313300373724132,-4.54563618760545,-0.491272114289409,-0.344934929523476,22.8615631290024
-2.1161928944114,0.153616639493095,0.0860044521904797,-0.362332130138992,-1.38614518885474,0.80234400130386,-127.105863077231,1.04024881575583,-4.58982752679822,-0.49654420189752,-0.347264117975371,22.9542008297078
-2.11751913876194,0.15489057202803,0.0866343066879931,-0.36160950260706,-1.38592464892504,0.802061194601291,-128.830645867116,0.418182515043782,-4.42248984884327,-0.496330732489669,-0.346246579348088,22.9101066184419
-2.11888348131736,0.156379697652182,0.087449004372393,-0.360751712251707,-1.3855723627021,0.801666218793055,-126.32238672525,0.121418506266764,-4.09498293795616,-0.48285814336797,-0.344505786546393,22.9415491773327
-2.12022687973775,0.157962456125132,0.0883539365971717,-0.35983366898774,-1.38516185753005,0.801205201525531,-128.095457661792,0.621582230919785,-4.077636619717,-0.469280187731814,-0.339587883104452,22.8043477534426
-2.1215103352077,0.159521633363561,0.0892593281323972,-0.358930937436629,-1.38475044161557,0.800714701348393,-126.116252076728,-0.793995405942269,-4.0096062459472,-0.468395968664075,-0.334985315923858,22.7847481144144
-2.12270352645418,0.160930619251523,0.0900684894787502,-0.358125958719275,-1.38439486571266,0.800234001817541,-126.397041795447,0.14057764825202,-4.01929077597387,-0.469067617746049,-0.331518778782329,22.7413171228055
-2.12379060782933,0.162080971397438,0.0906997637585043,-0.357491246478774,-1.38413568685707,0.799790183019375,-126.996404427317,-1.01441221544314,-4.17068097908358,-0.473529799386518,-0.330570967865805,22.7149889262785
-2.12477679366859,0.162892046284719,0.0910950232934231,-0.357080952600437,-1.38399572933557,0.799405001444893,-125.952175264568,-0.8209977170402,-4.19623475640796,-0.475611036346405,-0.338361501237148,22.8111206154903
-2.12568572049021,0.16332613106149,0.0912313235801743,-0.356919894329455,-1.38397581478877,0.799086580312817,-127.920541304565,-0.613094767835037,-4.18457033338399,-0.474780956375179,-0.347928366308353,22.8520707590505
-2.12654395736677,0.163376323162547,0.0911091946974063,-0.357013127644345,-1.38406386456774,0.798833458572029,-127.617699444299,0.442914419891849,-4.25705271644497,-0.475704934107403,-0.358744735005086,22.9745962316086
-2.12738091605733,0.163073226243455,0.0907588282928458,-0.3573369317871,-1.38424302580298,0.798646385387553,-128.099122205227,0.425103418480603,-4.47725715874159,-0.483324136724809,-0.357416428968236,23.0228917904003
-2.1282286014501,0.162470707285159,0.0902283104428652,-0.357850508785122,-1.38448677918414,0.798518741770898,-128.962422640708,0.456730322946896,-4.37341894674429,-0.489454651731102,-0.34663541405481,23.0056535794187
-2.12911054794352,0.161642310930789,0.0895805526579911,-0.358498738694096,-1.38476791536333,0.798443405734908,-127.342251974103,0.278888958742073,-4.31348593851095,-0.485278449055987,-0.338241158051634,23.0276032319817
-2.13003474706181,0.160667200826095,0.0888808226332929,-0.359220867499485,-1.38506792923171,0.798416543757393,-128.368190951622,-0.00263804895780595,-4.30850813278406,-0.492305456085176,-0.330189780749287,22.9582880842302
-2.13100213320218,0.159639766059487,0.0882031661281202,-0.359947180263542,-1.38536660339216,0.798430662175905,-127.782336218574,0.201695680405919,-4.25338382127245,-0.483312405731855,-0.335174203143691,22.9771551242833
-2.13199025367166,0.158641568867994,0.0876069815531797,-0.36061581319985,-1.38566049923963,0.798482851214621,-127.637942796797,-0.264438083473124,-4.41416478956944,-0.479641866576862,-0.344394515596926,22.9910833418073
-2.13298076349473,0.157743827276264,0.0871442068159458,-0.361173783889874,-1.3859425867499,0.798566782006283,-128.290451531405,-0.56931013330427,-4.36304242180782,-0.483252488951353,-0.344651221981441,22.9891954570938
-2.13394774503422,0.157001776065672,0.0868524040089997,-0.361582853658861,-1.38620961050272,0.79867492215004,-128.226541588634,-0.489407339754734,-4.33742671386767,-0.482252299208116,-0.351111275083825,23.1019034706319
-2.13486741143206,0.156471530171123,0.0867669509440083,-0.361806997745241,-1.38645520975676,0.798792189430224,-128.982275826761,-0.091603387988016,-4.48821661536076,-0.4911993632684,-0.353268495425018,23.2039410958592
-2.13572551596351,0.156196992736278,0.0869134020140701,-0.361822906909772,-1.3866668234974,0.798897760529148,-130.326737836567,0.445039153964217,-4.44445838661582,-0.494022277393186,-0.358755383639672,23.3026539903662
-2.13651597973721,0.156189788334664,0.0872925055443636,-0.361631521764846,-1.38683010980559,0.798968363018428,-129.178251010775,0.720371274513354,-4.49286927388818,-0.497949966925388,-0.358853629737716,23.3927717750581
-2.13724647620477,0.156454958070292,0.0879003371527274,-0.361240514016313,-1.38692804926125,0.798981287570003,-131.301917930759,0.802041865298861,-4.45561514867512,-0.501205188341124,-0.35161880530867,23.2920376594922
-2.13793535542141,0.156977140405132,0.0887178516328788,-0.360673365681316,-1.38694117626826,0.79891426317912,-128.121736278742,-0.138493040358298,-4.37895638985674,-0.495409146212722,-0.347996017282065,23.3203977036259
-2.13860858285229,0.157735716059817,0.0897229290756194,-0.359956774255902,-1.3868536881663,0.798749884206014,-129.893111836636,-0.0999684011389945,-4.26155614520505,-0.492134619304141,-0.338686622401355,23.2036572948909
-2.13929682662949,0.158696421567357,0.0908840856850719,-0.359125603751667,-1.38665189821747,0.798474575700075,-128.895193356927,-0.27085292102015,-4.30300870834029,-0.495602891299815,-0.340436712538233,23.2074563177601
-2.14003035831801,0.159806131950711,0.0921570274535883,-0.358224175610903,-1.38633517716505,0.798090182606453,-128.611449752035,-0.285223456913172,-4.28524877845356,-0.490919422240637,-0.342965230444201,23.2965615192149
-2.14083227115436,0.161006978597492,0.0934940643326561,-0.357298625663756,-1.38591094213496,0.797603536231909,-131.774650127115,1.50395989605499,-4.26739544926545,-0.487347717740283,-0.3479473096667,23.3522525317244
-2.14172189532019,0.162249645064149,0.0948552030393159,-0.35638711628137,-1.38538757935301,0.79702365603549,-128.923698684712,1.15614572166351,-4.39933251759157,-0.490573934281537,-0.360384719452737,23.519799035134
-2.14269865277045,0.163455958759159,0.0961800663648187,-0.355540658921338,-1.38480217335388,0.796383963311682,-132.331688465723,1.28134149031916,-4.44471741780913,-0.486745675182835,-0.354053153005895,23.3705116856421
-2.14374722284452,0.164567106121043,0.0974219928793592,-0.35479538239296,-1.38419465104294,0.795715291922922,-128.061309031359,-1.39636001874942,-4.43674919304513,-0.492194981730369,-0.34978047555712,23.3062122333568
-2.144847549983,0.165537479478885,0.098545460634722,-0.354177634992178,-1.38360174877767,0.795046726240569,-129.217752613525,-2.06945135667479,-4.67821204350076,-0.492524175039541,-0.351309987735408,23.1589825042055
-2.14595983584434,0.166322359507952,0.0995145148320629,-0.353709894326296,-1.38307341099439,0.794415294004765,-128.606983353213,-0.739096977394638,-4.43894419675698,-0.489364200445226,-0.353607111695062,23.186217013628
-2.14704529782847,0.166898754364744,0.10031060992483,-0.353401053552045,-1.38264725654429,0.793846675050943,-129.194731383833,1.60720018979873,-4.29388322354114,-0.482160963779434,-0.353660457799188,23.2826122867462
-2.14806357788345,0.167260439739175,0.100927555655457,-0.353249047330969,-1.3823520401906,0.793357670434245,-130.412595306943,-0.223220735675795,-4.39834758345805,-0.490839194453697,-0.34230328778045,23.3457589176112
-2.14897779079116,0.167409433605387,0.101364757531167,-0.353246292979732,-1.38220791669508,0.792960466545609,-130.582374276265,0.613470563652982,-4.36160777269106,-0.495322759938134,-0.349266159875494,23.4619406349427
-2.14976796393108,0.167371454811451,0.101639716534065,-0.353371801470561,-1.38221595874772,0.792654556560689,-130.920325847132,1.02728130382229,-4.47160999420529,-0.506416845559051,-0.355388835979902,23.504799682509
-2.15042202346868,0.167184523088372,0.101778260319393,-0.353597668855028,-1.38236528302515,0.792430172143479,-130.962652857061,-0.235546464092522,-4.64457982692599,-0.51866070331636,-0.350246777910886,23.4718750720372
-2.15094968925968,0.166892720563475,0.101812152485056,-0.353894081740712,-1.38262922172896,0.792269914784821,-130.075208747923,-1.17074919819106,-4.50220675751117,-0.504371381075222,-0.35040215017929,23.4653831596608
-2.15137164562334,0.166529700163884,0.101764725104499,-0.35423851986672,-1.38297622727976,0.792154362485556,-130.362667059466,-1.10245504892828,-4.44996125606914,-0.498014105466219,-0.350226028934895,23.4985230466566
-2.15172515426715,0.166138315325683,0.101667175765854,-0.354602214771792,-1.38336913765959,0.792065159834346,-132.191096715256,1.89891057935347,-4.21321647608121,-0.483839656495906,-0.355810931781415,23.5985741380824
-2.15206001333359,0.165750695096935,0.101544993372846,-0.354963953345459,-1.38376534928201,0.791982287809899,-130.956132334525,2.05555101417781,-4.10964359821514,-0.478676814689524,-0.355120718929528,23.7038718764153
-2.15243098107689,0.165397253452722,0.101423442437183,-0.355301790457724,-1.38412415749861,0.791888914600349,-132.72634295508,0.864014375591069,-4.29693907154697,-0.481182250180942,-0.347195181768858,23.564192724757
-2.15288626684891,0.16509059101436,0.101315165825668,-0.355603169429735,-1.38442117608958,0.791780731273498,-129.191219025482,-1.17642759664454,-4.36954228984001,-0.484286567407599,-0.344526016575999,23.5297461996919
-2.15347156516174,0.164832501968451,0.101229162832169,-0.355862221662802,-1.38463324799257,0.791653327005452,-131.195946297489,-0.609668103091508,-4.34514759888143,-0.487829863782058,-0.349060853220355,23.4250281218519
-2.15421968562509,0.164610543429062,0.101165641943673,-0.356079097726721,-1.38475528039073,0.791517362237877,-130.439880127827,-0.957813596590086,-4.32114959864944,-0.48345968050251,-0.360201860004883,23.5300725343124
-2.15514283158809,0.164412421194994,0.101125494697874,-0.356252780078904,-1.38479162766011,0.791382361430467,-131.088033940668,0.249970905585315,-4.1859665466126,-0.480731598809,-0.360123894300942,23.6330982014472
-2.15623558581161,0.164226561786968,0.101111749969711,-0.356380394034548,-1.38475844475078,0.791264003404979,-133.195267319825,1.25312744559756,-4.36266531209213,-0.485996719458328,-0.354183485400913,23.6555279215752
-2.15747115433601,0.1640325541389,0.101121818378633,-0.35646631568823,-1.384678235946,0.791174615929006,-130.960004627838,0.771190950962591,-4.422170000736,-0.496984842987779,-0.354172869245911,23.7497587064383
-2.15881147388244,0.163815285152661,0.101156419687361,-0.356511314227893,-1.38457922082225,0.791130139542661,-132.981878775248,1.47524368907102,-4.58566286526261,-0.507675504148376,-0.350269375160149,23.6378199610831
-2.16020163757531,0.163570135924076,0.101221587649661,-0.356513333445536,-1.38449144673939,0.791138192375659,-130.203437662636,-1.0495280363898,-4.57337356697292,-0.519913664444962,-0.347658288192194,23.6051995081442
-2.1615802987265,0.163283657211401,0.101313118849272,-0.356479536268949,-1.38444391629683,0.791203413012821,-131.150179153256,-1.16082954467242,-4.68929571221724,-0.515183440498204,-0.350560330806927,23.5656846307168
-2.16288408386565,0.162962289463728,0.10143726890087,-0.356408724959198,-1.38445861573935,0.791320625981564,-131.417752963839,0.287626959841418,-4.43570881742554,-0.506675275923348,-0.352989291740231,23.6569542870755
-2.16405657319915,0.162612345073541,0.101595769571458,-0.356305281364473,-1.38455004661147,0.791478189659209,-132.729513072664,1.14177865460215,-4.414222176679,-0.496921969252063,-0.362348305407325,23.7998560383054
-2.16505054817592,0.162239453769492,0.101784530953382,-0.356177262929692,-1.38472944618957,0.791665115009506,-132.674427976017,0.184816986677561,-4.6551237870103,-0.511932951373741,-0.364385976362071,23.9029531977778
-2.16583322471734,0.161853098157485,0.101996942075114,-0.35603433597085,-1.38499923953191,0.791865090080652,-133.833149027193,0.901432881424853,-4.63985493362674,-0.507588484140226,-0.361854161931168,23.9205978637244
-2.16638872038957,0.161460912210145,0.102221111135682,-0.355888358447435,-1.38535732764952,0.79206518996878,-132.06194521911,-0.33907607203696,-4.63760303340274,-0.508926094892511,-0.358370204300586,23.9381138986213
-2.16671892361343,0.161061582965867,0.10243677764345,-0.355760193291671,-1.3857934406527,0.792250288614503,-134.523185922386,-0.262499426545219,-4.63094303704054,-0.514490989280488,-0.357952143723279,23.8872171250977
-2.16684681256433,0.16065368092791,0.10262257866985,-0.355669140459779,-1.38629247707448,0.792412154328152,-131.99157001568,1.48073320534581,-4.23973146662476,-0.498180377307614,-0.36895126258139,24.0275027254934
-2.16680278176081,0.1602258719448,0.102749185095027,-0.355637909027862,-1.38684277621377,0.792549017627056,-134.746989025059,1.39580532119817,-4.35905890051447,-0.479119376401776,-0.355210299436007,23.9052784117472
-2.16662911123711,0.159764273057196,0.102788365561131,-0.355688354071416,-1.38742558093259,0.792657621063689,-132.142184687545,-1.32946361056497,-4.30440691771054,-0.488900131447496,-0.344528486089288,23.832655800329
-2.16637318217067,0.159266983423139,0.102724855793405,-0.355829795033863,-1.38802403480412,0.792742577622667,-131.468385988264,-0.599106376024338,-4.30289754030676,-0.487898594091294,-0.34554997991555,23.7741812070063
-2.16608145779014,0.158729350215513,0.102544869668991,-0.356068703853315,-1.38862379846765,0.79281083826253,-132.858436847915,0.441814237890867,-4.36513959237948,-0.48832140882194,-0.349722532838175,23.7007944200007
-2.16580351456755,0.158148921097985,0.102242821959355,-0.356406921683903,-1.38920166235879,0.792862630896391,-130.50825253364,-1.81208399416641,-4.50077165939783,-0.492674986646422,-0.355610849153585,23.8002968808611
-2.16557423234082,0.157521988273259,0.101816434563304,-0.356843476313272,-1.38974465525481,0.792903331650894,-133.974193876861,1.24244451920504,-4.37268336658857,-0.488919864298349,-0.359342226166013,23.8518627499692
-2.16543440488753,0.156889578078822,0.10130257098895,-0.357346651993733,-1.39022257375044,0.792922696132312,-132.890148937925,1.70704663785455,-4.46064201194721,-0.485106299995004,-0.370968524484114,24.0394095126055
-2.16540811517462,0.156280346721139,0.100729450975847,-0.357891347673314,-1.39061428087784,0.792910282603401,-134.67975238998,0.266288075501052,-4.65301512626201,-0.504018880396863,-0.369304374377044,24.0658758482128
-2.16551548425689,0.155733438745622,0.100136369370879,-0.358445268244641,-1.39089742240444,0.792851634749262,-133.895826174497,0.205746376583647,-4.75843656999231,-0.522528760936177,-0.366812244522301,24.0912934388712
-2.16577329055472,0.155293957615939,0.0995668357995421,-0.358971612852593,-1.39105186117962,0.792732697016025,-133.930115960364,1.16815711399408,-4.70519975845872,-0.523298376902059,-0.361144702387754,24.0702345823843
-2.16618854815618,0.155010007850142,0.0990637993626879,-0.359433520688098,-1.3910643233472,0.792537666722277,-133.417906426386,-1.05713771045225,-4.74856681928162,-0.532054161476262,-0.345414980242489,23.9889404864101
-2.16676741163957,0.154921891181922,0.0986624980249704,-0.359801536407933,-1.39092516015679,0.792253409689912,-134.028099463814,0.722834008624886,-4.46618452820286,-0.520608886582099,-0.352815802731844,24.0307242806011
-2.16751179793696,0.155059348012697,0.0983857768811844,-0.36005329391325,-1.39063218787986,0.791870318310597,-133.286346185654,2.62676098262591,-4.25858850208107,-0.501005533109033,-0.364884861810817,24.0880795543136
-2.16841908286581,0.155423155056098,0.0982311827913629,-0.360185379597304,-1.39020161561744,0.791396102399002,-135.037530753369,0.364987810504999,-4.48422024371177,-0.50736046979529,-0.351798649862964,23.9349878455269
-2.16948101751762,0.155994158013701,0.098178752631553,-0.360208194508855,-1.38965994444334,0.79084634828451,-130.97291099712,-2.51469995437128,-4.63963488728899,-0.512951216924553,-0.353276333266823,23.9430065583425
-2.17068369861135,0.156739197797526,0.0981944926163858,-0.360141036422681,-1.38904176917057,0.79024157156977,-134.53371462729,0.541322158975163,-4.46918365655696,-0.498358425406531,-0.362766923985016,23.8881972542976
-2.17201276757812,0.157609932516602,0.0982338310689759,-0.36001289809333,-1.38838307517884,0.789605952348304,-132.380161445955,-1.32085413806749,-4.51172364707014,-0.496161638868711,-0.366645293169038,23.997119683185
-2.1734597559232,0.158548899801848,0.0982491342574656,-0.359857310615093,-1.38771624445808,0.78896667339149,-134.364659337892,-0.969079286104034,-4.51650421531619,-0.492793616870804,-0.364198520882886,24.0354258197744
-2.17500399324661,0.159489583766647,0.098187958649925,-0.359713305613492,-1.38708026220924,0.788352652967718,-134.412034911162,2.19437889722644,-4.21514050913123,-0.478012513893854,-0.370416652536706,24.1649881820038
-2.17663423588533,0.16038380355919,0.0980180068406016,-0.359608631448224,-1.38649173174017,0.787777960113575,-134.972320602928,1.63393608656884,-4.26724592338337,-0.480260619625029,-0.366150798783261,24.2072880882343
-2.1783389110953,0.161186859962801,0.0977167553269742,-0.35956612161424,-1.38596282079113,0.787255491367955,-134.47824614125,-0.799734443945908,-4.53691445932606,-0.506299882289798,-0.357214683159341,24.1657367326972
-2.18010222699055,0.161873655985922,0.0972819109493008,-0.359595332790469,-1.38549711222373,0.78678900493834,-134.862784918423,1.10137096612084,-4.42737038782536,-0.503590191475844,-0.354456293791589,24.1488512770892
-2.18192037185292,0.162454313055782,0.0967447328049471,-0.359683925920099,-1.38507620099627,0.786367138818999,-133.475069230234,0.15005895976833,-4.45239599639828,-0.511023782567861,-0.350167184250695,24.1136605980119
-2.18377603060321,0.162943573700232,0.0961423219767141,-0.359815780320294,-1.38468601310603,0.785978060440801,-134.533327039301,-2.06161460872181,-4.70810063187028,-0.516852888519706,-0.344867104254793,24.0536592858273
-2.18566015999836,0.163388014001807,0.0955376622789306,-0.359954795443892,-1.38429882378221,0.785599289219016,-133.917658427598,0.651943356467655,-4.39024064958829,-0.504243246452464,-0.363011014669047,24.195668064884
-2.18756216743536,0.163837286066606,0.0949979119449618,-0.360064730168897,-1.38388895459337,0.785210695620873,-135.39853584022,1.53904803446017,-4.40479976769046,-0.509443378166547,-0.370276393093616,24.2335153696454
-2.18945548578844,0.164324719095736,0.0945734608770199,-0.360118779907468,-1.38344812352411,0.784801495529371,-134.969858805659,-0.913766594466097,-4.69603534064336,-0.524108329157738,-0.367231949141752,24.2658489879685
-2.19131855052766,0.164893475677027,0.0943167432529435,-0.360083097992784,-1.38297425086011,0.784367688885868,-134.920698922,-0.865772337721182,-4.7666352835588,-0.526846311764475,-0.373256136592982,24.3771831079986
-2.19312740120518,0.165574578132947,0.0942656099861974,-0.359933390123695,-1.38247580097241,0.783914125441863,-137.263453092836,1.15949228179647,-4.81853160692802,-0.530341361097434,-0.379470810209303,24.4473612332906
-2.19484819169733,0.166368675991367,0.0944264700356763,-0.359664507152747,-1.3819827089061,0.783460245853906,-135.939382962033,0.0965977438193022,-4.75381707912587,-0.53110245933214,-0.380465077456493,24.572685603963
-2.19644805191385,0.167254265342139,0.0947821118380296,-0.359286233880303,-1.38153202664664,0.783029144515592,-137.454242894419,1.58770262325265,-4.67014119488599,-0.529165492738263,-0.372037772263706,24.5456313654502
-2.19788743389206,0.168176633861799,0.0952828121442135,-0.358829113190497,-1.38118171067126,0.782661109205381,-136.92513861607,1.86289470289944,-4.53558341975008,-0.519447206224441,-0.365530901318919,24.5393656121263
-2.19913854552318,0.169079474880783,0.0958736307216999,-0.358325922765809,-1.38097972225254,0.782388498377258,-135.266456201828,0.534829666561109,-4.43209604478355,-0.517114416269176,-0.357614304421141,24.4838290203346
-2.20018515606077,0.169897451136731,0.096490698791367,-0.357815586799751,-1.38096397049021,0.78223815912118,-136.72024546823,-0.737901425084601,-4.59428813598709,-0.519117673200158,-0.349457453305164,24.3332945774273
-2.2010088457397,0.170552712119253,0.0970579918618157,-0.357345148852985,-1.38117969536916,0.782242399948944,-134.182560696974,-0.61419358052126,-4.44960157796348,-0.513503752884208,-0.356358957237674,24.39914970364
-2.20161206453255,0.170992676394692,0.0975207990904403,-0.356948490196118,-1.38163917516771,0.782406719456972,-136.557053492523,-0.0195231538780263,-4.67773005519209,-0.506795003638134,-0.361934808648813,24.4057654424057
-2.20201117022761,0.171166445438574,0.0978284223444681,-0.356658672977127,-1.38234165118237,0.782732252842617,-136.451977214306,0.438920876709062,-4.51148881286193,-0.507730441608646,-0.373140381667033,24.5780121763145
-2.20223407813814,0.171054110846567,0.0979563556615597,-0.356489943541699,-1.38326536583339,0.783204836107962,-137.37393750019,1.21537584030966,-4.50988954702549,-0.503949543419807,-0.388698857839436,24.71363255995
-2.20231818194295,0.170654330421975,0.0978982999181524,-0.356448514356302,-1.38436870954848,0.783795070536648,-138.715793973212,1.536124488528,-4.73373817376262,-0.516368464308771,-0.383575284226454,24.6793201266248
-2.20230850432158,0.169997475734966,0.0976766944919927,-0.356523320177314,-1.38558931884037,0.784457222350646,-136.046087252274,-1.16874220390196,-4.78092676246303,-0.52996060221143,-0.377738330086332,24.674770997639
-2.20225417622401,0.169129796672123,0.0973278643471667,-0.356694001242095,-1.38685840473159,0.785143993718034,-137.792387852856,-0.0302332243027195,-4.80235047910301,-0.537396272878169,-0.369960567853511,24.5959666659219
-2.20219821630218,0.16810860895934,0.0968966387313843,-0.356935491224534,-1.38810862565037,0.785806303752695,-136.701978398543,0.657901399774119,-4.65408389851865,-0.532845672643427,-0.370863709968207,24.6454783260402
-2.20217870420946,0.166988959550321,0.0964256384337985,-0.357225032960819,-1.38928262151887,0.786406408845818,-137.264461423322,0.735650622826824,-4.53626716371355,-0.530208712036579,-0.362338634251239,24.6484103073118
-2.20223029568695,0.165846493106854,0.0959719587910937,-0.357528289552734,-1.39032193265345,0.786903428767629,-137.892262420461,0.480226683773253,-4.56424232221949,-0.529393814628828,-0.360554384743265,24.668814700547
-2.2023673824183,0.164729095474036,0.0955678575800527,-0.357828748215207,-1.39119841861758,0.787276943413634,-137.508831300866,1.11818803067854,-4.63355692795662,-0.524347324319306,-0.370458792628028,24.7752620487093
-2.20260966969413,0.163689945110574,0.0952481410554322,-0.358105164048517,-1.39188622825734,0.787511993627672,-138.019425777555,0.0732052320886396,-4.62173498170844,-0.534743728309798,-0.371428554159256,24.7695594901182
-2.20295993486719,0.162760117070824,0.095026749620009,-0.358348774877634,-1.39238847509873,0.787613644182223,-138.105896026242,-0.129899271146542,-4.87866888252358,-0.536974550462118,-0.375651647867867,24.7743918834944
-2.20341219825938,0.16195871723338,0.0949059907447316,-0.358555311377223,-1.39272396231424,0.787597017223153,-136.959135934614,-0.895654649438484,-4.68366458921938,-0.525287696296749,-0.37976193413962,24.8333639679023
-2.20395855840456,0.161283876232713,0.0948713150374196,-0.358732099241686,-1.39292352499559,0.787487301907819,-139.739051818682,0.326521148435859,-4.67414525372405,-0.51547786123681,-0.379352953743697,24.8098954118143
-2.20458663112047,0.16072367315742,0.0948998787724458,-0.358888693969995,-1.39303190173744,0.787321507669044,-137.187934109082,1.59963712560898,-4.49584973807518,-0.507622897807768,-0.382856116579116,24.9304082263277
-2.20528296087293,0.160268368513416,0.0949714694559045,-0.359030448335656,-1.39309334940488,0.78713225617628,-139.705197213594,1.4981370534656,-4.43809429175445,-0.502454742579363,-0.378400916929861,24.8278348304975
-2.2060301111033,0.159890939327259,0.0950540352175753,-0.35917042454944,-1.3931566363858,0.786953648767744,-137.20611045401,0.144845685763812,-4.46015039610282,-0.512551377009328,-0.366379674929116,24.7882105518081
-2.20681222229782,0.159564827869465,0.095120339327363,-0.359318202165748,-1.39326528986423,0.786816590648309,-137.422524082232,-0.145375334082019,-4.64320883331146,-0.517856016727039,-0.360240047157554,24.7233096598007
-2.20761729063316,0.159268450109795,0.0951505907473742,-0.359480391776128,-1.39345111593656,0.786742025698907,-138.168014282668,0.0996068136789745,-4.58222003768867,-0.521965605930487,-0.365949803804935,24.7063847336987
-2.2084371307971,0.158988337597263,0.0951349862376123,-0.35965736669517,-1.39372958460285,0.786735115675124,-136.890663406153,0.370063238297462,-4.58754587622448,-0.516190089417013,-0.369437666231559,24.7875208198715
-2.20926112468816,0.158698472410209,0.0950573826387486,-0.359856128330037,-1.39411299205908,0.786800608754283,-138.72898870992,-0.105828343041821,-4.77560446905156,-0.517591817106969,-0.369623592668182,24.7829522233947
-2.21008464290159,0.158396206921955,0.0949215152988063,-0.360069356497253,-1.39459675347029,0.786930700358854,-138.035331011743,-0.245460319929634,-4.5362716383994,-0.515549595401561,-0.376959843144297,24.8832267126909
-2.21090492313441,0.158082454419735,0.0947344757340651,-0.36028837110535,-1.39516293268223,0.787105996126264,-139.159512532702,0.200424315981081,-4.77366005002722,-0.525555043470912,-0.383156952546737,24.9207220685291
-2.21171600387233,0.157755050099907,0.0945025311845136,-0.360509580207751,-1.39579061088148,0.787304170846016,-138.946935421557,0.509488724283301,-4.9931748402166,-0.538974859685385,-0.379957772306775,24.9451922193756
-2.21252299771644,0.157420136053426,0.0942376270543277,-0.360723721995799,-1.39644850400508,0.787502326639527,-138.777883179355,0.66010317844848,-4.83324378170582,-0.534676806368993,-0.375796078866,24.9822835371112
-2.21332671720383,0.157090032938108,0.0939533117641742,-0.360919672305121,-1.39710792270025,0.787678775342792,-138.874678850985,-0.25224209799967,-4.88252915340524,-0.539138737421712,-0.372393391342058,24.9821647781561
-2.21413426126568,0.156775128158037,0.0936620776272508,-0.361091237224055,-1.39773883559469,0.787814629628861,-139.705360364444,0.476309107976022,-4.78857730999951,-0.531272698499416,-0.377490353412278,25.0059640765762
-2.2149523088627,0.156483607674891,0.0933724259084807,-0.361234633617328,-1.39831557820769,0.787897940144635,-138.45719003506,0.541990121954314,-4.74002864417884,-0.531203728393884,-0.379048721855123,25.0472933875458
-2.21579831173888,0.156228315925284,0.093096044470375,-0.361344195992481,-1.39881224909503,0.787921123953601,-140.268839956719,-0.152713565183376,-4.71087878796169,-0.533732222291386,-0.367908065718145,24.9731889045152
-2.21669290491147,0.156025030079557,0.0928472638886624,-0.36141237696153,-1.39920902300987,0.787886982782433,-138.178817770669,-0.514240340143488,-4.72552807811215,-0.527332555502019,-0.36759049799672,25.0478693880135
-2.21764595565952,0.155873002838148,0.0926261828221675,-0.361443980004355,-1.39950260953574,0.787807131841597,-139.942648182135,0.720918735620671,-4.62754477983026,-0.52362862888122,-0.370830508269,25.0330740832948
-2.2186733333109,0.155777909466285,0.0924396587615859,-0.361441212449895,-1.39968651178108,0.787691676721137,-139.473222314841,0.35073266622112,-4.6369700223641,-0.518753569079989,-0.376754152404867,25.0766813009436
-2.21978832019219,0.155737653485285,0.0922902351443875,-0.361410298907132,-1.39976187092545,0.787557372852486,-139.215322581791,-0.738537083245546,-4.82257144395584,-0.515442046768921,-0.378451443970746,25.1354247648646
-2.22099552487885,0.155751676699413,0.092180877486111,-0.361356487295771,-1.39973610701678,0.787418981998627,-141.312256674776,1.02164543911317,-4.49174865988417,-0.515848748130132,-0.383878922791618,25.188033534046
-2.22229172705798,0.155808084641146,0.0921082161074946,-0.361291712469808,-1.3996224837165,0.787291603752356,-140.173368992376,1.44107314602456,-4.61540387880882,-0.513127961831324,-0.391970766987312,25.3363740175269
-2.22366306232694,0.155891174023225,0.0920652193323777,-0.3612279703158,-1.39944084248585,0.787189242096804,-141.411450712926,0.887268004555381,-4.89428498762081,-0.519340069349038,-0.376805711159972,25.2591221100378
-2.22508739014041,0.155987173568191,0.0920468021928369,-0.361175751461213,-1.39921108452657,0.787118608040966,-140.086682505672,-0.605776633751475,-4.68852873580579,-0.526711689436759,-0.366664191557861,25.1941480747401
-2.22654406442476,0.156087835196572,0.0920520540797014,-0.361139824503656,-1.39894729400738,0.787079267444943,-139.059716565384,-0.661720864472045,-4.78530570140126,-0.528097935907212,-0.368531969285087,25.1479183269799
-2.22799413383668,0.156171623804799,0.0920671639402446,-0.361131270709512,-1.39867621768945,0.787072955400988,-141.204713890474,0.349043026636764,-4.60911780357216,-0.532760292047118,-0.373342119822479,25.1271622588861
-2.22939921370093,0.156240233725867,0.0920937236447643,-0.361144694482449,-1.39841481836641,0.787088507386025,-138.930428013791,0.035141969271308,-4.40630589584845,-0.527172976129217,-0.381347327337347,25.2811901368822
-2.23072918276543,0.156301274040226,0.09213838708954,-0.361170229688302,-1.39817388006082,0.787113556812306,-142.156582827693,1.26993983669468,-4.52308953822458,-0.5221583293997,-0.37668756142274,25.2022534530746
-2.23194680319538,0.15635040804215,0.0921971062406997,-0.361205581505717,-1.39796712547957,0.787135075595314,-139.079073849062,-0.293502340901796,-4.84178045131895,-0.534130519662047,-0.370292874057171,25.2231513077853
-2.23302225531401,0.156389204266415,0.092267642883834,-0.361242931749504,-1.39780950647881,0.787144725144651,-140.818711006776,0.0438531761808463,-4.94621557189757,-0.54415963435295,-0.378000337701833,25.206482580492
-2.23393708361504,0.156430169161417,0.0923562324752289,-0.361269288917168,-1.39770574049552,0.787132629004035,-140.779219406424,0.626790567595208,-4.84619726444708,-0.547475159296606,-0.391538702466777,25.2909082867015
-2.23468554892156,0.156485433716658,0.0924700764190711,-0.361273818273396,-1.39765495907708,0.787091050697283,-140.974768309687,0.887630447348329,-4.83560178285774,-0.537165079475779,-0.388600168570007,25.3527829000653
-2.2352718512804,0.156570336548979,0.0926178300496383,-0.361244445118617,-1.39764981601987,0.787012045215568,-141.334042080277,0.288460020949515,-4.79988936041261,-0.538641980299298,-0.381269431033355,25.3710257560188
-2.23570247044827,0.15667882159125,0.0927919233826822,-0.361185334420702,-1.39769190730874,0.786899647707954,-142.092160409374,1.6750141410871,-4.80222295839792,-0.527642461200913,-0.383084794916517,25.4173099059209
-2.23599499174052,0.156801410509338,0.0929832112559907,-0.361104314450942,-1.39777849226533,0.78676221163308,-140.897694480452,0.959750010430525,-4.65388031169454,-0.536520154550897,-0.382710281172731,25.4254009747338
-2.23617546962999,0.156916637603932,0.093174515611735,-0.361017784330525,-1.39790460733307,0.786612520727137,-142.243272025913,-0.205751899653706,-4.86055392624948,-0.54627094439361,-0.373660430376948,25.3244308301121
-2.23626602575474,0.156992610838794,0.0933398334090454,-0.36094972969717,-1.39807305652939,0.786471104676692,-139.858426943091,0.00625404506604355,-4.76766359815696,-0.539844586734815,-0.377915310085774,25.3735523187608
-2.236295657439,0.157003746437608,0.0934585706788325,-0.360921597927299,-1.39827907660119,0.786353221240915,-141.674815158393,0.133453501104668,-4.67238833598714,-0.532720092206696,-0.373145739908588,25.3336932361532
-2.23629146826939,0.156909611434354,0.0934981479650108,-0.360963084196502,-1.39852364463046,0.78628013675573,-141.067727636483,0.269353435672429,-4.65472859551389,-0.526288536176912,-0.378907877553346,25.3958571339491
-2.23626852017255,0.156679042709704,0.093430039351436,-0.361094691522754,-1.39881683916614,0.786275377483731,-141.291335593525,1.25632370636458,-4.76333923072633,-0.521703935931725,-0.385714593530394,25.478880920905
-2.23624437286953,0.156288662555226,0.0932318644142345,-0.361332929497405,-1.39915925824427,0.786350430662759,-142.77201949999,1.15649679681155,-4.8240932930791,-0.528945756509142,-0.389028791076004,25.5193602519892
-2.23623307301557,0.155731201591902,0.0928947714672173,-0.361683040468466,-1.39954814862231,0.786510534585953,-141.96065692615,1.19093488069916,-4.89421156377577,-0.537897864167481,-0.392348112320191,25.64315847973
-2.23624578922543,0.155026313290148,0.0924289482711482,-0.362130469725752,-1.39997678607561,0.78675220818029,-143.48302700213,1.41290511767056,-4.88707358460661,-0.544164931599562,-0.388706394363388,25.6328039914737
-2.23628783252324,0.154199698372366,0.0918488823894341,-0.362656118718287,-1.40043936111643,0.787067090911163,-142.62019476883,1.64137171642005,-4.87647781295587,-0.546009127599269,-0.383215371738093,25.6396519152479
-2.23635931922901,0.153296110633198,0.0911831247413137,-0.363229184575105,-1.40092605782141,0.787436315005536,-141.760766335393,-0.0211316685722522,-4.88540006781193,-0.542008341669407,-0.378867326368906,25.5783301815526
-2.23646988985981,0.152395199797914,0.0904899693585053,-0.363797225285189,-1.40140857473384,0.787825220738299,-142.994407652535,-0.987400350966482,-4.91915786073105,-0.543794011286069,-0.38086514891405,25.4774350248985
-2.23662445365875,0.151566585336065,0.0898215331755281,-0.364315070927359,-1.40186274173036,0.788199843513513,-140.84563905289,0.448324205299286,-4.74650719380685,-0.542552654297351,-0.387850318979521,25.5597657801324
-2.23682728787742,0.150878804544324,0.0892304400991735,-0.364740860516348,-1.40226089095007,0.788521072748576,-143.038851192367,0.977136350326418,-4.73140865187159,-0.541381277905605,-0.382367958164967,25.5077731718857
-2.23708934060732,0.150409006988004,0.0887774704909849,-0.365028355159115,-1.40257079968498,0.788748570077057,-141.76327735819,-0.7792357722617,-4.88381536992858,-0.548389804726023,-0.379476819858304,25.5646370292306
-2.23741182940802,0.150206336394036,0.0885023515804142,-0.365150919679486,-1.40277083462102,0.78884911498254,-142.419671730663,0.515678218852827,-4.81188816529135,-0.545593326385088,-0.388479726786505,25.6379686735613
-2.23779821548657,0.150289469260293,0.0884234877231855,-0.36510315038998,-1.40284365102985,0.788798010110446,-143.817133938454,1.20794265051131,-4.83339981879305,-0.548707100307332,-0.393337186764094,25.6902092213119
-2.23824746488606,0.150645755160191,0.0885344789293121,-0.364899038529348,-1.40279006326587,0.788591852218636,-142.532001165977,0.433041799644798,-4.97228323582758,-0.549191053977223,-0.403917158977468,25.7763422361307
-2.23875776925094,0.151254110100896,0.0888226241021453,-0.364558327671212,-1.40261532594164,0.788234133920016,-144.329436532812,0.735541834425476,-4.83931289520055,-0.5491386939101,-0.398167125558467,25.7459920156567
-2.2393271581444,0.152060924180285,0.0892494750175072,-0.364120552057951,-1.40233576818631,0.787742951019657,-143.137901189549,0.999747624800648,-4.83472244994798,-0.542755031758964,-0.389044308772493,25.7757756213084
-2.2399442270534,0.15299371854826,0.0897597413506719,-0.363634711803488,-1.40198600420721,0.787154179685053,-143.045868486119,0.445834963832112,-4.87566098555064,-0.543421881076149,-0.376513436820249,25.7191917845103
-2.24060465644209,0.153983020682773,0.0903011069772544,-0.363146937833579,-1.40159812864741,0.786507920551755,-143.410272472492,0.629212625622131,-4.89380913260553,-0.543448286200085,-0.377147064850315,25.6795398150021
-2.2413002423912,0.154951824032649,0.0908142144595767,-0.362705645767589,-1.40121182891745,0.785851428322783,-142.334294324664,1.52811913576443,-4.51034208490688,-0.540663001642826,-0.383917332516912,25.7361903444345
-2.24202860831981,0.155836900948902,0.0912502350289801,-0.362346747938198,-1.40086431358482,0.785233180274913,-143.63310881749,-0.311264893525049,-4.76427436938383,-0.537607974562843,-0.381703208442001,25.6857239338446
-2.24279296340842,0.15659789781503,0.0915786633657303,-0.362089693385135,-1.40058369826081,0.784695023915688,-143.152479129933,-0.583258349177413,-4.89351583768504,-0.535598218224266,-0.386770031122861,25.7561468247394
-2.24359792440089,0.157211243377942,0.0917823534721558,-0.361940640277075,-1.40038993777779,0.784270082110398,-143.129744528765,0.965064065906745,-4.71970464229483,-0.531568176638523,-0.392498623947634,25.816501909805
-2.24445032564832,0.157665672735298,0.0918568530016384,-0.361898079624002,-1.40029288154677,0.783978253246417,-144.879977968827,1.34359440372714,-4.89996571162919,-0.54291121516372,-0.390677966149619,25.7704967138264
-2.24537142292369,0.157988245668196,0.0918299012127923,-0.36193580358606,-1.40027601647027,0.783818015941733,-142.110422715447,-0.137428794033212,-4.9514461040732,-0.550145534518486,-0.389617941276426,25.8285272819823
-2.24637087241859,0.158195498002324,0.0917220279649091,-0.362033880872928,-1.40032448986282,0.783780598518185,-145.205097538473,1.55686979033521,-4.76014691677545,-0.540516047989207,-0.394026085845156,25.7711851337767
-2.24747082337905,0.158334409641393,0.0915813442873135,-0.362154138974844,-1.40039920194245,0.783835493306607,-142.676869406802,0.44884349099425,-4.74597886831756,-0.539065344409982,-0.392781611400768,25.8346185980134
-2.24868502069818,0.158431939987866,0.0914428122015456,-0.362272644176547,-1.40046392460267,0.783951282347579,-144.222491760221,0.333774016183497,-4.8754174148624,-0.543229843907899,-0.383951839552672,25.7687906555899
-2.25002110252518,0.158511643600362,0.0913389187911924,-0.362369537571493,-1.4004809818135,0.784087688299083,-143.121156917313,0.395070820025694,-4.74303154090146,-0.543931223873718,-0.383107920843244,25.7842659005196
-2.25148618612827,0.158598809998709,0.091303415437187,-0.36242404610215,-1.4004101810551,0.784203551778876,-143.718191591909,0.52323272528065,-4.85090098838091,-0.547613191638732,-0.385362221421648,25.8027485416074
-2.25306479597708,0.158682008994659,0.0913388290908368,-0.362440452518496,-1.40023814048297,0.784274474751494,-143.693248821414,0.0872878211939678,-4.91443912229903,-0.564046614571368,-0.387891695725297,25.8474919699064
-2.25473818266455,0.158742672504193,0.0914408539011333,-0.362431448082934,-1.39995213946444,0.784275244196845,-145.318698026256,1.83803123898406,-4.91855504065546,-0.557189951219563,-0.392868881139318,25.9671760689526
-2.25648029652002,0.1587562812728,0.0915968925663078,-0.362413568474815,-1.39955634227353,0.78419734920911,-144.424164658035,1.94344415808882,-4.94836217812241,-0.550657535829697,-0.399007912474474,26.0669402528563
-2.25824627734521,0.158686619587015,0.0917773623833842,-0.362410939731176,-1.39907872355649,0.78404715347953,-145.651941823479,1.29797144542499,-5.02357949989397,-0.552363485735191,-0.388029266974077,25.9673082097134
-2.25998884389675,0.158495927341401,0.0919484660446082,-0.362450873110002,-1.39855597971084,0.783839781649075,-143.609689835276,0.10931599440255,-4.95144760528734,-0.554175784107875,-0.388096799632286,25.9692900724421
-2.26165555255708,0.158148103933173,0.0920717161310207,-0.362557914876014,-1.39803941528313,0.783605492262332,-144.862579974849,0.384477821752625,-5.01208889286369,-0.55717707162916,-0.396509320596743,25.9904990882005
-2.26320323123963,0.157625418979594,0.0921199826987233,-0.362746217771251,-1.39757655051693,0.783374930213819,-145.886788061622,1.45375634730044,-4.89664724844934,-0.551025454789739,-0.396733075298894,26.1158615974747
-2.26458903988372,0.156926302897665,0.0920749465549071,-0.363019460065098,-1.39721719420445,0.783180486861747,-145.492829551746,1.87088466491582,-4.71045618364761,-0.543095845373575,-0.390929946993971,26.2266033436704
-2.26577888651087,0.156054965117166,0.0919215164413754,-0.363377069095486,-1.39700726123301,0.783054890397006,-147.19477173879,1.16405253810581,-4.89815089238357,-0.543546886639592,-0.382799385699012,26.169410065758
-2.26675099447593,0.155035892268424,0.0916605754258943,-0.363805374031507,-1.39697879843615,0.783021293450625,-144.657546738891,-0.118036747534234,-4.98402005667472,-0.544003205494934,-0.385774154055029,26.1832000893222
-2.26750294795927,0.15391599115572,0.0913126788022971,-0.364277315074863,-1.3971420650508,0.78308809313131,-145.980896127954,-0.400520213476284,-4.86133539602397,-0.550009517886588,-0.392225663110152,26.0741355026736
-2.26804714767163,0.152746924556657,0.090905697146197,-0.364762947303623,-1.39748889262974,0.783251726917674,-145.12012092403,-0.495056125553447,-4.71309514621993,-0.552837168655059,-0.39566004766644,26.0976620488267
-2.26840662113301,0.151584880711076,0.0904732058856574,-0.365229738362847,-1.39800135356201,0.783500241996393,-144.61402605423,-0.1248800337587,-4.80917441945058,-0.541797975975066,-0.393251103430619,26.1652640125263
-2.26861502832725,0.150481003822076,0.0900483791122255,-0.36564882248588,-1.39864575552401,0.783811345592592,-147.122193292025,0.85893054612734,-4.92258488504515,-0.535764728176363,-0.387936414155561,26.1726927663012
-2.26873082848153,0.149508239812857,0.0896872621229008,-0.365980950707765,-1.39935755642243,0.78414031410936,-145.353517257967,1.22591968297047,-4.78135571807314,-0.543625656185585,-0.392953576926153,26.2965099239135
-2.26881095974449,0.148724623475124,0.089434937191158,-0.366195605606133,-1.40007154217459,0.784440737674213,-147.310246541117,1.91800641078044,-4.99501843895598,-0.562450015785042,-0.401607558198442,26.2660858659794
-2.26890610872012,0.148167371113517,0.0893211706705093,-0.366276857394889,-1.40073031822587,0.784670346218967,-145.86383771814,0.502385453115267,-5.09784750039444,-0.573877899772417,-0.402911488034559,26.3070178221977
-2.26907446484855,0.147871016998623,0.0893755647335228,-0.36620969469757,-1.40127386155463,0.784790063596064,-146.225974037223,0.615246555777048,-4.96743610318984,-0.569566948778346,-0.396904044535718,26.3159451394794
-2.26936185165402,0.147846540663919,0.0896089962719324,-0.365993960023816,-1.40165691099868,0.784771534151986,-147.663602406836,0.544864255482025,-4.99616258118198,-0.567403404677152,-0.394428557544455,26.3051676847917
-2.26980288394336,0.148088314614359,0.0900186214621734,-0.365639003123154,-1.40184775758982,0.784596111725485,-145.390729718721,1.04799922519123,-5.04751862668445,-0.559909931568396,-0.394016505182116,26.3852170837762
-2.27041752088913,0.148568233030254,0.0905828450775867,-0.365167423635992,-1.40183492145724,0.784261719974867,-147.721413764461,1.98286444761789,-5.02530136981619,-0.559447543978128,-0.389034669279256,26.2497022545179
-2.27121745146405,0.149244064211447,0.0912695840558531,-0.364609115322942,-1.40162129757612,0.783780939849251,-144.98551037547,0.132210940697405,-4.88403815136286,-0.565009986991503,-0.389032246571061,26.222343902507
-2.27219051882367,0.150053177157196,0.0920284796109132,-0.364002162157996,-1.4012368397036,0.783183682246196,-145.741859527521,-0.475983006701426,-4.94606227594412,-0.558400782525278,-0.39646059072266,26.1780114197467
-2.27331443505731,0.150920588708481,0.0928014927475003,-0.363391542644105,-1.40072286861314,0.782508749287394,-145.880385168039,0.55276679434678,-4.81714705902215,-0.547423609550934,-0.39604750235832,26.2305535555857
-2.27456370442636,0.151765382315802,0.0935281646011528,-0.362823076386003,-1.40012962270419,0.781806215084698,-146.536519294369,0.536782167994716,-4.78698309000401,-0.539057319533364,-0.398022500764825,26.347085955751
-2.27590343285714,0.152514751626517,0.0941541144138629,-0.362334385864728,-1.3995144761481,0.781127745771503,-147.404144784759,1.0809906939246,-4.91962830664281,-0.545702862287532,-0.401492724416569,26.4724011804399
-2.27729211875119,0.153088589371174,0.0946223218986237,-0.36196737678335,-1.39893837551844,0.780526929242097,-148.626011785262,2.35285572762155,-4.96582821645424,-0.545342700868288,-0.410154421413219,26.5905566470032
-2.27868989656882,0.153428084141012,0.0948926015545826,-0.361750617903106,-1.39845323008512,0.780045640038012,-147.788756465168,0.885606461849875,-5.09820596864992,-0.562015256764662,-0.407472773776475,26.6174554289146
-2.28006495748931,0.153516096239706,0.0949588927395593,-0.361686586501539,-1.39809301131576,0.779707329483537,-148.558824335803,0.426971433690596,-5.11931159222101,-0.572232218512375,-0.394415803564112,26.5232523425999
-2.28139099099519,0.153347064918695,0.0948255244078831,-0.361770748723977,-1.39788336676956,0.779529589839915,-146.779754294551,1.17311241393463,-4.88028431979356,-0.561288360088716,-0.391371189434763,26.5409697354959
-2.282642631033,0.152937289236949,0.0945115074245437,-0.361986672617663,-1.39783904608958,0.779512905598344,-147.680514003044,0.90949706792253,-4.91001429151186,-0.556439390867383,-0.38608065858733,26.4877239296537
-2.28380981135637,0.15234869036438,0.0940709481025876,-0.362290750953032,-1.39795405153186,0.779640172903226,-147.951152432505,0.764357411738501,-4.81887707481854,-0.552429469374925,-0.391600408229086,26.5072235759804
-2.28488643863771,0.151663167986669,0.0935701251295262,-0.362628635899599,-1.39821110626016,0.779880612521474,-146.973337667339,1.27323365696975,-4.85568456509301,-0.556239493556387,-0.39880634219539,26.5782278967449
-2.28587347348596,0.150966834280494,0.093077707119295,-0.362945768542692,-1.3985842629383,0.780197143531559,-149.35459966619,1.03803671958963,-4.95107561423214,-0.562010693247551,-0.398140274548758,26.5077854893334
-2.28677817031675,0.150347346610754,0.0926622991505288,-0.363187045349959,-1.39904254061109,0.780550211216609,-146.383326541209,-0.613528019025807,-5.22057190365538,-0.564178828944593,-0.401893346935601,26.6308972597313
-2.2876125574557,0.149898661767345,0.0923949091264329,-0.363294809409061,-1.39955080157518,0.780898887110279,-149.489663606118,1.07165232865987,-5.20909159985084,-0.560940983466895,-0.408380175003731,26.6210387643384
-2.28839600357935,0.149697357203398,0.0923333924012637,-0.363223114237875,-1.4000719745039,0.781206060110791,-148.059179895342,0.910757659833962,-5.32277145044688,-0.567660614851766,-0.41594739079948,26.7049592208906
-2.28914322828054,0.149786974884937,0.0925088816705988,-0.362948094072097,-1.40057767281453,0.781444900089596,-148.855462728776,0.267885629794591,-5.33267470283641,-0.570564584744258,-0.410955386852662,26.7205744545177
-2.28987183757363,0.150186349450872,0.0929341078768871,-0.362463238530468,-1.40104115028272,0.781595082461084,-149.346192561272,1.74650694273419,-5.07291186386507,-0.572699856064372,-0.407516109435267,26.7449862539303
-2.29059462184827,0.150867946834553,0.093588668054291,-0.361791242801845,-1.40144778862715,0.781653861894673,-148.60343199396,0.988919437166487,-4.82806250621951,-0.570606325076547,-0.402150524119919,26.7786883988979
-2.2913262461779,0.151782622054916,0.0944360816643579,-0.360969767194977,-1.4017839241722,0.781621933468112,-149.077852073702,-1.22033806411605,-5.20226240805158,-0.584651587082765,-0.392771642905362,26.7359790670241
-2.29208052292906,0.152857979791997,0.0954237063772359,-0.360052035814484,-1.40204085705392,0.781509532579388,-149.616160462415,0.760415975956676,-5.23061053184011,-0.577968682142261,-0.395764146562371,26.8290579209602
-2.29286163851021,0.15400374628633,0.0964854179132388,-0.359102690733613,-1.40221639557539,0.781331669800629,-149.373137197397,2.93866931199818,-4.94337502151834,-0.568943070906653,-0.407032782572689,26.9339951482501
-2.2936694553107,0.155110638009242,0.0975403016929106,-0.358200443256942,-1.40231287299455,0.781104564253164,-151.206936725086,1.30222056425669,-5.0194383588686,-0.571728907024854,-0.402103418150609,26.8811371607683
-2.29450538039507,0.156096577369262,0.0985267051556309,-0.357406421763899,-1.40232592113864,0.780837240322535,-148.426607357826,-0.177069430408437,-5.08537351169863,-0.565850907191769,-0.406823059438814,26.919263821908
-2.29534943949821,0.156874333378314,0.0993744605843534,-0.356783474693214,-1.40227424063144,0.780548870307841,-150.318420538528,1.31892895145211,-5.04573281105735,-0.554914005962895,-0.409724868962081,26.8511709672926
-2.29618679294069,0.157392018642738,0.100038236188108,-0.356370713746085,-1.40216383004859,0.780243523091418,-149.236466252622,-0.387921333134727,-5.0039366135467,-0.558293806269476,-0.406725288357919,26.8670366097046
-2.29700861676279,0.157622976850858,0.100490089938307,-0.356188447101922,-1.40200029524754,0.779924656192936,-149.182338463595,-0.655674984134976,-4.99676372865142,-0.560327418027385,-0.408093054287676,26.9071423026929
-2.29778990873594,0.157561991569584,0.100712930129848,-0.356240939540817,-1.40180413850898,0.779595352102959,-150.790826041255,1.25306046177047,-4.82992467758766,-0.551063630027051,-0.410805531063142,26.9525372546098
-2.2985114865273,0.157228834392037,0.100707643422562,-0.35651333773025,-1.40159312868495,0.779255715709261,-149.90228997107,1.88705573038987,-4.99185154413146,-0.552710918462402,-0.408102402543953,27.0640742528886
-2.29915426181439,0.156663613019362,0.10048841752561,-0.356974015273636,-1.40139194897013,0.778909970643432,-151.548266973583,1.69350264782383,-5.15621082420878,-0.57316194556668,-0.407973111563561,27.0637815010344
-2.29970134857045,0.155920652981739,0.10007928761611,-0.357579715145897,-1.40122744532321,0.778561899412293,-150.942957184317,1.56983626794727,-5.04751012653369,-0.578420404927652,-0.41350946135793,27.1169942127703
-2.30015202903137,0.155072855607898,0.099522344164712,-0.35827439072259,-1.40111357814641,0.778210160338296,-149.937282454083,0.879285252784712,-5.23393474825377,-0.582191664492862,-0.407692900563185,27.0782305493278
-2.30051000714554,0.154189518705951,0.098859196528118,-0.359002625597807,-1.401065715971,0.777857820905365,-151.219961580453,0.086464788070316,-5.29413247092666,-0.591623781111054,-0.398054780384874,26.9349183245941
-2.30078529614776,0.153338254440762,0.0981338825417168,-0.359711372893599,-1.40109487081844,0.777507123592604,-148.544069489043,0.231866435929305,-5.15965796388389,-0.580601131732443,-0.399728670598402,26.9990101600419
-2.30099015474104,0.15257108521274,0.0973823412932329,-0.360358788856878,-1.40120973057519,0.777162375223323,-151.659895887232,2.01883569619417,-4.93064045510826,-0.567300732668446,-0.40397206045635,26.9303569803983
-2.30115500490986,0.151941225297903,0.0966474220015745,-0.360905052299653,-1.40139999011216,0.776822433823636,-148.942165820358,0.118391575322448,-5.07237702780623,-0.569978936012475,-0.406228152423541,26.9854499930641
-2.30130067542589,0.151486408726571,0.0959619837251566,-0.361323010141895,-1.40166124247873,0.776490208756586,-150.857190529449,0.729200074963046,-5.0709138697155,-0.562621766506616,-0.412572495258654,26.9962746863321
-2.30144879863355,0.151227391818783,0.0953488853630915,-0.36160174124985,-1.40197862254057,0.776161871679866,-151.077495508685,1.90092809047428,-5.08139744498436,-0.562234406934071,-0.415946589829271,27.0483907661282
-2.30162755449406,0.151179456883619,0.0948306318635361,-0.361735858554774,-1.40233022384683,0.775834895911346,-150.390903875397,0.212691499030598,-5.21833129302945,-0.569189386589144,-0.415531440829425,27.0895959081745
-2.30186477745298,0.151356263426842,0.0944282161581411,-0.361723494578569,-1.40268664161421,0.775499471982038,-151.159609647162,0.586002343157816,-5.23019202380701,-0.57552011464445,-0.413977924209462,27.0869429677603
-2.30218246319959,0.15176196394994,0.0941539359645231,-0.361570107287404,-1.40301882370051,0.77514695466835,-150.798405201227,1.4079100576248,-5.09777923776969,-0.564637071692375,-0.412244059807365,27.1317180281281
-2.30259101279158,0.152393241446615,0.0940131517339622,-0.361286116020365,-1.40330930595491,0.774775387211158,-150.993194050934,-0.169940701039195,-5.02421236788655,-0.57314471541867,-0.40447420329243,27.1330637034589
-2.30310326422811,0.153226007739125,0.0939946022484897,-0.36089270309492,-1.40354398883162,0.774389058981559,-151.337745984561,0.556279376326756,-4.96314500595457,-0.578548746754358,-0.406099255406607,27.1662478159627
-2.30372710626348,0.154237631694281,0.0940867891599706,-0.360408242891411,-1.4037152550782,0.773995309535352,-151.777567579911,2.69465052787086,-4.89275134133015,-0.569789040638209,-0.407922384173683,27.2325765145415
-2.30447170957836,0.155399261218592,0.0942734729806054,-0.35985344217545,-1.40381880970194,0.773603083248329,-151.319629977817,0.56305141418693,-5.08686602541314,-0.578812298462802,-0.401450517140583,27.2213288366203
-2.30533557103035,0.156661788329306,0.0945216187710114,-0.359258525015697,-1.40386524108886,0.77323028448015,-152.605869494581,0.459248840871396,-5.15783871976032,-0.573175589132301,-0.404340865677819,27.2431033273046
-2.30631851329276,0.157963924712068,0.0947901451212891,-0.358656498345132,-1.40387531524773,0.772904672150757,-150.794926048389,2.16335361236315,-4.95014195025561,-0.568243448430318,-0.414698521088363,27.3374575377307
-2.30741505407497,0.159248204375007,0.0950415998351084,-0.358076148693429,-1.40387219780361,0.772651659759359,-153.761902442853,0.952524116323502,-5.17337410471748,-0.569710096809279,-0.41360255678003,27.2170755825912
-2.30861586768033,0.160446342953587,0.0952325210471094,-0.357551471924448,-1.40388291452088,0.772494943118544,-149.739906403778,-1.25551103912539,-5.16430134219061,-0.568298254168037,-0.416156176064676,27.2810342403782
-2.30990476040316,0.161493344661905,0.0953234803656549,-0.357113018915699,-1.40393594104268,0.772455313325329,-153.087197507219,1.22957429675171,-5.13636374695048,-0.555657541779668,-0.416958586805373,27.2063816169667
-2.31126875999806,0.162337796972086,0.095289195306556,-0.3567847747895,-1.40404808618742,0.772541731586236,-150.827995128256,0.900238677815196,-5.18568969218128,-0.563024959461516,-0.412759484850466,27.2630716210622
-2.31268141824382,0.162928102395624,0.0951035171426478,-0.356590921211201,-1.40423769005201,0.772756039675918,-151.845951915781,0.0637807602263365,-5.25003850517453,-0.572871076083741,-0.407706981120039,27.2531778163867
-2.31411855550583,0.163243372721968,0.0947661906671502,-0.356539036551185,-1.40450720627208,0.773084551696449,-152.4558455736,1.45358561732837,-5.23665311457898,-0.577512901184238,-0.413415096075021,27.3118603410014
-2.31555070428457,0.163282086723728,0.0942903351721005,-0.356626049924121,-1.40485496170756,0.773507042004976,-152.221390539973,1.50088885683681,-5.13241892301767,-0.577461478477508,-0.414177137431697,27.4208397972235
-2.31694915032236,0.163059369453756,0.0936997426763859,-0.356840616864929,-1.40527271793815,0.773996840281064,-153.080751469446,0.432030290442526,-5.41085670189807,-0.595399064345699,-0.412571990377955,27.4227630251709
-2.31828501885634,0.162609287523092,0.0930312242613787,-0.357162698695644,-1.40574545490968,0.774521836739283,-153.08868595131,1.31416594761117,-5.42637107754425,-0.597564566898768,-0.413786143892917,27.4668656385049
-2.31952674500435,0.161982165327403,0.0923288775799602,-0.357564133557327,-1.4062573947347,0.775048541890434,-152.706488982871,0.782025975596298,-5.43559329115718,-0.59490402643363,-0.41559688046711,27.4997161239589
-2.32066129347048,0.161254093500157,0.0916540244173292,-0.358001676755498,-1.4067788828983,0.775537763281608,-153.823667709345,0.283623422524215,-5.30233126404565,-0.599243077836217,-0.410772441763371,27.4998061742811
-2.32167743587689,0.160490743754762,0.0910560374582932,-0.358440526072672,-1.40728863584581,0.775963100888004,-152.974511982847,1.90590256236214,-5.24694091291443,-0.588224325387814,-0.418462492812123,27.6125155845637
-2.32256661367692,0.159746774805082,0.0905702709298049,-0.358852265923897,-1.40777356868017,0.7763069932902,-154.205100302376,1.8898835491259,-5.2807780155469,-0.582375970321375,-0.422347476989943,27.6210085113761
-2.32333116902823,0.159070563374915,0.0902244366208167,-0.359211589977899,-1.40822635780591,0.776564818410611,-154.198387986471,0.664776058896678,-5.12803221841213,-0.582752044287941,-0.419278335744468,27.6331382025678
-2.32397549531099,0.158498247802678,0.0900333680079373,-0.359500519210138,-1.40864522434506,0.776736759075367,-153.319013650694,0.784808899877135,-5.16920638978064,-0.577996544771372,-0.422759230705613,27.6764205492964
-2.3245206890773,0.15805703864452,0.0900047787182197,-0.359705025752873,-1.40902697688666,0.776830424378384,-155.475652895618,1.86541314152669,-5.23461781296356,-0.579233800388165,-0.421764150805768,27.6372225593293
-2.32498092288595,0.157733949715825,0.0901162381287459,-0.359834511440417,-1.40938324624705,0.776865926629713,-152.824513613996,0.716175596724952,-5.19672803749916,-0.584269133188896,-0.419754324265644,27.7162993585251
-2.32538094766445,0.157515479156404,0.0903456417622326,-0.359897086127082,-1.40971869072009,0.77686085424046,-155.393893165351,1.67687157950377,-5.16156790134278,-0.574635651142342,-0.414548467391383,27.6355668413443
-2.32574169522402,0.157376288125494,0.0906623631927486,-0.359905790675701,-1.41004661769384,0.776838006336783,-153.840948413659,1.24408867668262,-4.99518845162666,-0.573998343505608,-0.410054335753779,27.662280042206
-2.32608700567838,0.157286401389053,0.0910369825124693,-0.359876537234137,-1.4103700236888,0.776811839626847,-153.43183832275,0.958171282609328,-4.83747738712535,-0.57598379404644,-0.411084479193569,27.6203976164089
-2.32643934751133,0.157210919158517,0.0914384888513373,-0.359828907876376,-1.41068769895145,0.776790895740888,-154.327178023702,0.37337478743666,-5.05457596362237,-0.578180808204195,-0.409073080902326,27.5216130257357
-2.32681754713398,0.157115949538326,0.0918398709182686,-0.359781111921926,-1.41099531792438,0.776780660155277,-152.199960987485,-0.364420172221799,-5.19463086211255,-0.581063494967436,-0.415032198737638,27.5810159559085
-2.32724669628999,0.156981754248874,0.0922298344471193,-0.35974418307124,-1.41127368134001,0.77677322802813,-154.675776294232,0.0373371826240145,-5.2611872803671,-0.587930708690315,-0.418149950670155,27.6003620920415
-2.32774833161379,0.156800596205432,0.092607535060784,-0.359723102750419,-1.41150144552031,0.776758484875384,-153.673438352874,0.405585003323949,-5.24745268811242,-0.584380211451703,-0.427873252675884,27.7655490819438
-2.32834185556624,0.156585418518739,0.0929891736804354,-0.359709367622797,-1.4116528830159,0.776722386754803,-155.519499742559,1.96143417371172,-5.3871508674915,-0.593706747434507,-0.429425399999984,27.8384788442657
-2.32903780051147,0.156344586173976,0.09338620347131,-0.359701733553815,-1.41170592603301,0.776648587345682,-155.538964632879,1.22906656843065,-5.48997976715646,-0.609076754088758,-0.431973671899846,27.9469034789388
-2.32985117045107,0.156103008359025,0.0938225113623929,-0.359689524207582,-1.41163312499914,0.776518814842159,-156.297371750151,3.21743689518166,-5.47752126781876,-0.60491568506876,-0.434129362839758,28.0363241179243
-2.33078385911943,0.155887426152636,0.0943200894699054,-0.359661272461983,-1.41142452385539,0.776325986183988,-156.111637840568,1.41678269758472,-5.43546350423384,-0.61309650203857,-0.422514558767386,27.950762381807
-2.33182749093525,0.155719920380429,0.0948934491053415,-0.359609821045145,-1.4110791688659,0.776064922487098,-155.348735909249,0.0967642451876145,-5.3900098426997,-0.612751654356391,-0.409401297737962,27.82545741105
-2.33297827047293,0.155621634068724,0.0955537048170996,-0.359526821295254,-1.41060094554993,0.775738717813569,-153.217300025053,-0.305209725507893,-5.25409068526028,-0.594449750773698,-0.40446470152585,27.7517876020866
-2.3342141423739,0.15560234110099,0.096297893327582,-0.359411258973723,-1.41001295120491,0.775358658586742,-155.536601766748,0.209476147298346,-5.15420912479181,-0.581520787658437,-0.40697707587589,27.6262422108317
-2.33550420956664,0.155659868242074,0.0971098282941136,-0.359269135704217,-1.40934870837864,0.774939970710784,-152.455896129651,-1.23742598217814,-4.8883251818466,-0.57403148585803,-0.419434282598862,27.7318831288719
-2.33681254593462,0.155774640068855,0.0979580504447854,-0.359115394789249,-1.40865231299233,0.774506055498069,-156.114300704458,2.02613064432217,-4.99555525223988,-0.561147092298819,-0.421908070317082,27.7239599628951
-2.33810099296776,0.155921436987442,0.0988041909029884,-0.358965882131183,-1.40797438666355,0.774084373775765,-154.104037091268,1.11115479860905,-5.20790226085867,-0.56520906923256,-0.423302987983795,27.8577917796371
-2.33933545244355,0.156086346838941,0.0996179325345354,-0.358827256706424,-1.40735907734615,0.773696756673245,-155.884552961347,0.566344434972507,-5.37829354433842,-0.573848079727414,-0.433522777563094,27.912570845715
-2.34049146892125,0.156241925880717,0.100361249301031,-0.35871460995538,-1.40684108954539,0.773360519888245,-155.796494797746,1.26257777841465,-5.24248079754636,-0.585957050537462,-0.438355208186818,28.0017803352465
-2.34155484150151,0.156362252068121,0.100999886057493,-0.358640221889618,-1.40645009744634,0.77309489907486,-156.038239067833,1.39338417774366,-5.32850698247091,-0.589805449437231,-0.432835970916551,28.0293942067022
-2.34251649197752,0.156431799661847,0.10151015765039,-0.358609185587543,-1.40620513184834,0.772910356876418,-155.844986875852,-0.642423569149969,-5.40768109294581,-0.6099063902687,-0.419037114128946,28.0222493508098
-2.34338590515282,0.156447247261893,0.101882552378027,-0.35861882547372,-1.40610951654439,0.772813672347473,-157.034313672855,3.16606471667023,-5.0691442116962,-0.601449257738299,-0.418276062227403,28.1042518741772
-2.34418485835195,0.156422683676891,0.102125687313081,-0.358654715546956,-1.40615016166842,0.77280243834308,-155.869246619668,2.51448794220505,-5.0530992907909,-0.598825507538821,-0.411407692090046,28.1130697144279
-2.34494064039024,0.156374587319386,0.102253436732687,-0.358703221262439,-1.40630646055198,0.772870453992826,-156.866217679173,-0.221647667139905,-5.24110383924815,-0.609213765624925,-0.395951295074151,27.9082989702909
-2.34568968457331,0.156329905405742,0.102292116525305,-0.358745344584142,-1.40654758624512,0.773007850262036,-153.503761259077,-0.835166575348239,-5.24962314479052,-0.605435280457555,-0.40437140507676,27.9028261036097
-2.34647725384641,0.156321551223217,0.102276130506257,-0.358758443443816,-1.40683325869493,0.773200633115158,-155.84805016725,1.39232300584217,-5.34614481742693,-0.592301271078691,-0.424124606739917,27.866183634786
-2.34733988306517,0.15638431497494,0.10224054407668,-0.358720544029118,-1.40712425351652,0.773429862315878,-155.29270468314,0.466974003775931,-5.38013961898423,-0.589548695308431,-0.437178828510551,27.9911273169458
-2.34830155276311,0.156546952223559,0.102216130450504,-0.358614971895946,-1.40738939297091,0.77367989593051,-156.485385721678,1.20265963095858,-5.31510492889518,-0.579648899020105,-0.444023895896465,28.1522116894911
-2.34937844392994,0.156814160931356,0.102215478553582,-0.358442058133788,-1.4076024992206,0.773934945652027,-158.51446804831,3.57012696722359,-5.37113057607749,-0.575411621072095,-0.441756736879146,28.2573923453629
-2.35057269327875,0.157181135808967,0.102242351654599,-0.358207155972411,-1.40774987532692,0.774184435331672,-157.113115499338,2.29576011462041,-5.39611808520007,-0.593222491127683,-0.438132871254439,28.329347347401
-2.35186966780411,0.157621565448516,0.102283550530363,-0.357929479398149,-1.40783227827176,0.774423519465283,-157.918828166648,1.44482153763511,-5.44060928689848,-0.611151650866242,-0.429359370585545,28.2303917224928
-2.35324900971196,0.158106641561421,0.102323351695412,-0.3576313757998,-1.40784905173052,0.774641874567371,-156.493613705973,1.34466457196527,-5.38628354231165,-0.60794237481101,-0.421282163994189,28.1692130479394
-2.35468141314165,0.158586958842102,0.102330407411259,-0.357347516779142,-1.40781077034641,0.774836093416876,-156.004812918809,-0.214992598273284,-5.1491233825607,-0.607114324421954,-0.408050796264233,28.1055617788563
-2.35613243197453,0.159015585584937,0.102274256516942,-0.357108509280389,-1.40773387090392,0.77500561446389,-157.363129987476,0.0967428050953458,-5.09436875968811,-0.59797489652819,-0.404625700897716,28.1575884567277
-2.35755999242893,0.159332614787473,0.102115491919361,-0.356953265151771,-1.40764074011071,0.77515235279223,-157.727697151602,2.97921375257761,-4.96417857569844,-0.579468739116837,-0.422105967146242,28.3767783998738
-2.35893190295559,0.159497172861151,0.101831293579942,-0.356905774666098,-1.40755125582205,0.775281717486123,-158.444730511025,2.14908841388319,-5.16212567090764,-0.586887469837827,-0.424775011100254,28.3961915178111
-2.36022204966068,0.159482251032335,0.101410327733945,-0.356981167293256,-1.40747991132509,0.775395548837646,-158.21876963349,-0.496806302577625,-5.54152085838504,-0.600631126816658,-0.422444981063391,28.3426446829002
-2.36140688889025,0.159263556868455,0.100844040184735,-0.357192192460569,-1.40744247256797,0.775498486859806,-156.777980827914,-0.0961704134806496,-5.51263891060057,-0.597899810568314,-0.441247845858742,28.4104831149666
-2.36248000000776,0.158849045680042,0.100149842991891,-0.357530341883315,-1.40744318039155,0.775590901718688,-160.321616394937,2.20853840759673,-5.41949713658551,-0.595582004319918,-0.450386165255906,28.4271213827882
-2.36343146920472,0.158259194955999,0.0993517068378649,-0.357977941918001,-1.40749323250941,0.775678947453577,-157.456399148043,0.940991217727287,-5.30882423416048,-0.593288350482548,-0.449075284969203,28.578957369966
-2.36426472976556,0.15752467025324,0.0984808488956157,-0.358511451390053,-1.40759500467509,0.775764262244404,-160.345623589356,2.72785331073624,-5.2171075645623,-0.586583128734663,-0.431902641313808,28.4603929115339
-2.36498427455949,0.156675513569832,0.0975660597827903,-0.359108538110484,-1.40775481950424,0.775852976112912,-157.293896588457,1.05835748865798,-5.2829884069526,-0.599347578443313,-0.418631977316057,28.3888353438366
-2.36559140399961,0.155745522125067,0.0966347412067143,-0.359745238886023,-1.40798124930679,0.775951493045099,-157.33006335129,-0.575516173062397,-5.49011173667293,-0.618270552910636,-0.411187208171938,28.2811407229875
-2.3660951954495,0.154774401130696,0.0957162737899644,-0.360393468710967,-1.40827649973029,0.776063043371093,-157.806375956342,0.176750064903899,-5.38903931852192,-0.629104686171063,-0.420956196235959,28.3367239933686
-2.36650096232939,0.153791624518967,0.0948287341638774,-0.361032219081781,-1.40864822907656,0.776194090803721,-158.480062895752,2.16472730569717,-5.398585300739,-0.613423543059967,-0.43351514776688,28.53205668394
-2.36681422024539,0.152810559172574,0.0939760396428746,-0.361652342031605,-1.40910483927279,0.776353078305428,-159.933378841554,1.35821574262127,-5.48647059982909,-0.603300567814481,-0.431502909736497,28.6294476904083
-2.36703973078043,0.151835912928675,0.0931541059239005,-0.36225025654356,-1.40965110948756,0.77654571586515,-160.400406852746,1.61380527191068,-5.50362698486794,-0.600130209605571,-0.434727682876191,28.7148633024218
-2.36718057697771,0.150867322652881,0.0923538997288327,-0.36282493177626,-1.41029383759835,0.776780645926182,-159.214586052889,2.15556441194713,-5.51315366841354,-0.608712693943567,-0.445661718853684,28.7142613343056
-2.3672524507594,0.149920721879526,0.0915802627393827,-0.363363513049595,-1.41102707219702,0.777061472804387,-160.245894151492,0.260197713374282,-5.64077005604557,-0.619005135555239,-0.440376517021661,28.547754758081
-2.36726241518695,0.148991500336503,0.0908241153825791,-0.363867623837548,-1.41184771607698,0.777391319335001,-157.199220991835,-0.460987479803634,-5.48018514626202,-0.611905619540324,-0.433220998538779,28.5423785805267
-2.36723668237111,0.148105986484063,0.0901042806791112,-0.36431988781499,-1.41272631635813,0.777757667599688,-159.699586559583,1.96318932915688,-5.40049219267863,-0.588999511119369,-0.427625643441334,28.4682686751488
-2.36719420934761,0.147279939658994,0.0894324834094129,-0.364709329851526,-1.41364220815622,0.778153651700249,-158.049382064589,1.2269492791122,-5.13325421542615,-0.580384840169943,-0.421683304958879,28.5224991168533
-2.36716446501797,0.146554568692316,0.0888432020181729,-0.365010462244262,-1.41455568701358,0.778556500737152,-159.086359788608,1.11852258840895,-5.23433517307899,-0.584330276320028,-0.425391914437431,28.531236639138
-2.36717453592824,0.145968095759629,0.0883712007817832,-0.365201983908183,-1.4154257744226,0.778939962563708,-159.725603437514,1.69278181461709,-5.22381909848659,-0.602866615306533,-0.43194308180726,28.577748024946
-2.36724757739852,0.145562892092696,0.0880536174817923,-0.365260006771512,-1.41621161656773,0.779274105347143,-159.199856563541,1.27993220948701,-5.47622094170111,-0.616911200650388,-0.442190984187807,28.6995152667172
-2.36741188791426,0.14537854695557,0.087927325644376,-0.365165483960266,-1.41686680372032,0.779522829667089,-160.503863719789,1.54154754801903,-5.58129228555447,-0.627635987665201,-0.438070068083664,28.7293143630436
-2.36767691041159,0.145427372646184,0.0880053997899952,-0.36491969677581,-1.41736319350312,0.779657233886044,-160.47073800358,1.09493075971886,-5.62457185350897,-0.616849828500064,-0.433692057137747,28.7954848847888
-2.36804850639224,0.145717762157366,0.0882956848638892,-0.364525850627331,-1.41767920051561,0.779652247418208,-160.066972996155,0.958282751986417,-5.35317566599568,-0.613641068009409,-0.430475591752807,28.7964185452639
-2.36852202058703,0.146236035469436,0.0887850272624933,-0.364002843402272,-1.41780440420221,0.779484951953596,-161.09806036005,1.46227774409249,-5.31601770367087,-0.615500138344897,-0.434707372313454,28.7459207879123
-2.36908212049024,0.14693781382455,0.0894338301830493,-0.36339024892122,-1.41774707847005,0.779147765958049,-159.411197289037,2.06700941990607,-5.30826579148518,-0.611344440001131,-0.441527295449809,28.7931068712828
-2.36971120603529,0.147764872809233,0.0901890927745141,-0.362735762593493,-1.4175239233711,0.778641059663671,-160.599343758528,1.5593529705111,-5.37482563020308,-0.610777015321452,-0.436773138090546,28.6941717294506
-2.37038428426897,0.148648284034532,0.0909859701517768,-0.362092034203791,-1.4171664436889,0.777977847954285,-159.514493272433,0.403037526606795,-5.36064033702465,-0.608558081391273,-0.425355796056468,28.6936920824904
-2.37108177252275,0.149519489169842,0.0917585960649454,-0.361507773444962,-1.41671147671849,0.77718189425756,-159.683652294792,0.508772525228096,-5.43212097071947,-0.603197931492778,-0.430975031802946,28.7367422388107
-2.37178168002192,0.150305223271751,0.0924368668645068,-0.361031597303072,-1.41620587060471,0.776290778051443,-160.871948198808,1.58530705055864,-5.44826245859338,-0.603640571630377,-0.43751661648685,28.7639676419555
-2.37247078699543,0.150959333688948,0.0929713639962764,-0.360691585301748,-1.41569132873455,0.77534401081817,-159.703296187003,1.06016182698613,-5.31678291787378,-0.605417087960424,-0.449751114266287,28.8603415994881
-2.37314487655004,0.151455773018735,0.0933294623291494,-0.360498390384475,-1.41520779516963,0.774386912939283,-161.463306147295,1.7976648939275,-5.45147005775081,-0.611169105301332,-0.448354397509692,28.8705021132616
-2.37380064502224,0.151771413259335,0.0934836089620723,-0.360457128050794,-1.41480062797282,0.773474320788126,-161.515030986546,2.4116611768095,-5.41578491458642,-0.610022072057663,-0.442836025147781,28.9790434787976
-2.37444588345836,0.151923268769568,0.0934410143763906,-0.360544764294776,-1.41449919446594,0.772650874716732,-161.574571219652,2.21618346728724,-5.40269600923691,-0.610179018012453,-0.436819165607284,29.034174667779
-2.37509389660904,0.151947125171889,0.0932263020780697,-0.360724966821974,-1.4143214585187,0.771952828035476,-162.352754377547,1.86213529160318,-5.52341655110146,-0.621459222684456,-0.426115356398869,28.9598409773879
-2.37575832758399,0.151871111614254,0.0928637025499628,-0.360966612472615,-1.41428335213009,0.77141506426889,-160.001182941148,0.497713759456701,-5.42744884549438,-0.621536048359921,-0.426726153877347,28.9330945965032
-2.37645567586104,0.151737462958272,0.0923927777590809,-0.36123098511554,-1.41438640936103,0.771057197277783,-161.439969876053,0.913301514856585,-5.39940403381888,-0.618025604357228,-0.434075380020231,28.8256212036351
-2.37719001188951,0.151573645281423,0.0918441447830147,-0.361490842563859,-1.41463591720934,0.770895086766596,-160.456157831353,1.25916186833388,-5.32176632596227,-0.606757355531964,-0.437455561772179,28.8672151315709
-2.3779684017697,0.151405813651213,0.0912524437759652,-0.361725083479563,-1.41501643420101,0.770921478546605,-160.601788318233,1.23527237708868,-5.41716517038159,-0.598034077694316,-0.438674285490116,28.901322340387
-2.37879300261628,0.151243565455656,0.0906423417927147,-0.361925996915369,-1.41550810866979,0.771118797156558,-161.473438493766,1.28982591839372,-5.46418091020013,-0.59904474777583,-0.431716749243534,28.9054977463713
-2.37965199113341,0.151064616492548,0.0900153070997685,-0.362111180573217,-1.4160965132302,0.77146573321778,-160.69299975149,0.714882513134398,-5.48167029680872,-0.608669957700962,-0.443902788663598,29.0117741447991
-2.38054550348189,0.150856127383157,0.0893828947913387,-0.362296499421698,-1.41674518770782,0.771921992691147,-162.45488050907,1.54314097172005,-5.63812066260959,-0.620983431545826,-0.45371137246986,29.0740942875538
-2.38146696137966,0.150607267049695,0.0887558957253098,-0.362499179952971,-1.41741450661228,0.772436291934327,-162.634486048607,1.87633548648682,-5.51109476352954,-0.620591418422833,-0.454994695814248,29.1750144336172
-2.38240991187511,0.150298637662694,0.0881370255083838,-0.362741259878356,-1.41806906685338,0.772963197457302,-162.291664836566,1.5859457861834,-5.59402778648445,-0.623489677443447,-0.446368053476737,29.2105682587411
-2.38337186977137,0.149922092318022,0.0875357321933181,-0.363039331464895,-1.41866669011015,0.773450921916063,-163.283034215168,1.5825372805939,-5.67320598894122,-0.626213680530374,-0.43452035813771,29.1896912432822
-2.38435914863618,0.149497295316379,0.0869793931021061,-0.363389846557159,-1.41916149697986,0.773846991165356,-162.320607066034,1.99332143672132,-5.58814451433554,-0.625814790010972,-0.435169746350483,29.2421937953914
-2.38537260085853,0.14905039658073,0.0864940696682071,-0.363779474067038,-1.4195245504434,0.774116621062446,-162.825340716549,0.730362392317147,-5.62093178492714,-0.637412356486927,-0.435468793200871,29.1700221448996
-2.38641176134229,0.148617856307145,0.0861080128803517,-0.364183797376264,-1.41973922276725,0.774238411407351,-162.769778785401,1.23925230391455,-5.58951818830232,-0.630496431905214,-0.434488164862256,29.1550300787236
-2.38748052999646,0.148250538923841,0.0858569879949271,-0.364565555347307,-1.41979524317017,0.774201195214541,-161.479639599375,1.76556985485877,-5.51519365987917,-0.616969338382555,-0.439573569975275,29.206501866832
-2.38858085643871,0.148005053731257,0.0857760361680648,-0.364878142509932,-1.41969884354522,0.774012147535275,-164.293425141407,1.23098229035463,-5.56131024077962,-0.610082552554921,-0.440612743904244,29.167986436028
-2.38969664242328,0.147916556670309,0.0858794107157157,-0.365085584709862,-1.41948130488774,0.773697862528947,-161.64766517143,0.184995981817565,-5.50037376037719,-0.610846178123134,-0.452065139592584,29.3006910811152
-2.39081529197318,0.148012123484031,0.0861752452511111,-0.365154094374636,-1.41918252518046,0.773298075282774,-164.404173965078,2.1111875976942,-5.56119640929785,-0.608619734845164,-0.457961725992695,29.2733431486633
-2.39191513493841,0.148291225541052,0.0866498468962666,-0.365066993287165,-1.41885867274396,0.772866853140645,-162.99388029382,0.726983302881308,-5.86039064381924,-0.620644576853405,-0.455860556874019,29.3534915472699
-2.39297266369216,0.148731240851689,0.0872741065890834,-0.364824044902313,-1.41856938378459,0.772461939472529,-163.700362561481,1.52707152232529,-5.71741478459538,-0.624890758721902,-0.448638855688456,29.4000736083841
-2.39396250110975,0.149286836055035,0.0880045612646709,-0.364443451055767,-1.41837355886243,0.772138207573768,-164.71709194078,2.29991265179024,-5.55031826859548,-0.626146858672899,-0.441323816952482,29.4208071890252
-2.39486486373377,0.149896686137696,0.0887890665815589,-0.363957205571459,-1.41832395320407,0.771949046030306,-163.413278772877,1.15422896121072,-5.59703170392808,-0.626668514434794,-0.439228941255626,29.455826278968
-2.39567410805312,0.15049760413606,0.0895792258580068,-0.363404403701643,-1.41845088071036,0.771928766680522,-164.221042075917,0.79476292219465,-5.69458825878644,-0.632537512319632,-0.435025014852118,29.3688518367354
-2.39639144428395,0.151018309932304,0.0903235335045958,-0.362834934318459,-1.41877079268204,0.772098588403848,-163.507505918366,0.622985746120548,-5.53510307083312,-0.634463211460483,-0.440110786746988,29.368750114275
-2.39702569548697,0.151398767921414,0.0909817691419565,-0.36229733147961,-1.41927971630557,0.772460076428682,-162.973456001193,0.637784519113666,-5.59819521730742,-0.633227506397068,-0.443050472208377,29.3761214473196
-2.39760652073942,0.151611810235972,0.0915408088101759,-0.361823230043225,-1.41994100982342,0.772990079033594,-164.687325939057,0.340108408763399,-5.78675033122519,-0.632072705553654,-0.442180662516697,29.3699129189454
-2.39816018228584,0.15163833830088,0.0919926640335123,-0.361441107999906,-1.42071268412669,0.77365355368432,-163.257893770025,2.48188543350852,-5.58444422774761,-0.62002207908763,-0.449157722334579,29.5117405716001
-2.39873092815373,0.151499278509747,0.0923587123058445,-0.361155281096857,-1.42152717361189,0.774397076707302,-165.50301711209,2.33866222577376,-5.61565489659239,-0.61522461931665,-0.455064667363883,29.5260392604872
-2.39935187239179,0.151227837996202,0.0926656703777293,-0.360962049873126,-1.42231696526165,0.775160080354975,-164.694117741451,1.28588068813929,-5.69564355090768,-0.624309657690561,-0.460027600464283,29.569835043763
-2.40005467994605,0.150875417360631,0.0929509433949085,-0.360845245718799,-1.42301139098972,0.775876620167593,-164.450690532613,1.47501866051039,-5.64762660762557,-0.632086869344006,-0.462993552238363,29.5882126078063
-2.40086681333636,0.15051845398066,0.0932670483604097,-0.360768343589093,-1.42354401690068,0.77648396059885,-165.35763735578,1.39324200087071,-5.52672561143922,-0.634140591200332,-0.454342957853773,29.5829415199173
-2.40179212643997,0.150212594583803,0.0936458913472418,-0.360705456628775,-1.42387361350266,0.776933280075511,-164.447936388985,1.50109932349119,-5.68241535908788,-0.632421119404871,-0.442468673447097,29.6449014438087
-2.40282997858665,0.150023156317062,0.0941244547465949,-0.360621360713975,-1.42396378536677,0.777180816339515,-165.688944829509,1.265734289904,-5.82771027063757,-0.639257939096503,-0.437242029045172,29.6700346447084
-2.40396312164589,0.149990426420698,0.0947186926899894,-0.360493722222603,-1.42380514162893,0.777204708955456,-166.138359609242,2.57849696342828,-5.55367761542982,-0.630815519659576,-0.443683375364944,29.7441040835853
-2.405164500052,0.150136676515943,0.0954299079841074,-0.360308798917664,-1.42340554081977,0.776997097470536,-165.319253706621,1.80868801126417,-5.42961757314086,-0.625929147245698,-0.445438116455321,29.7748555094847
-2.40640239650589,0.150468047818991,0.0962480255480569,-0.360060566418631,-1.42279050220501,0.776567659296431,-166.526854393309,1.3783155570743,-5.7342715914553,-0.636753639538833,-0.445679592587517,29.6687331325995
-2.40763631863883,0.150952678501213,0.0971348529148786,-0.359764091044986,-1.4220077414204,0.775947060783082,-164.107043640373,0.699814636171368,-5.72683006220831,-0.62789982510865,-0.450285050791077,29.7365685824056
-2.40883538324989,0.151553746008248,0.0980520591876466,-0.359438064441101,-1.42110256326106,0.775167806351939,-166.055290099136,1.99849106516695,-5.70443714891726,-0.614295184358377,-0.452952140655391,29.6967917237087
-2.40996676222263,0.152207057505904,0.0989424723988037,-0.359116228831413,-1.42013814745993,0.774282567117574,-165.669200023093,0.853730775053009,-5.6780414891594,-0.621642398990096,-0.458556716331027,29.7450355366207
-2.41100311966432,0.152835463360685,0.0997427657479932,-0.358838454158065,-1.41918223678526,0.773352299806291,-165.164702726035,1.29087389260781,-5.55765303881503,-0.619738232512602,-0.461329332205885,29.8200643340184
-2.41192820732451,0.153376271719218,0.10040293252487,-0.35863429852481,-1.41829127279931,0.772429976378485,-167.926049131252,3.42474678856888,-5.59879597345824,-0.619593262227708,-0.458113977298065,29.7966667870265
-2.41272796276925,0.153766129275571,0.1008744643511,-0.358534193391416,-1.41752091816202,0.771568931316844,-164.476713786892,1.23598358580261,-5.47374377531088,-0.628704194351138,-0.452739273687618,29.8778962445531
-2.41339926959928,0.15395923229319,0.101125808124959,-0.358556454024858,-1.4169120265022,0.770812158953527,-167.795411280639,1.81062265753394,-5.66324033656164,-0.63283505954914,-0.44481954043039,29.7094290941915
-2.4139405897445,0.153930040010443,0.101140934813002,-0.358706634100979,-1.41649593249874,0.770192321834911,-163.481418300002,0.0723309492025237,-5.79218218273604,-0.642181510919657,-0.438438601341293,29.7052616269874
-2.41435673189485,0.15366905243391,0.100918599071903,-0.358981751136783,-1.41628926239751,0.769729951887703,-165.718958117978,0.0153599556465451,-5.78938728586223,-0.639998367465441,-0.438853876042937,29.6092302534898
-2.41465550978194,0.15319407743557,0.100479099583379,-0.359363038333124,-1.41629263707039,0.769428478811027,-165.155791758833,1.81629321955484,-5.61966241725833,-0.635029478867354,-0.446216897546377,29.7080965276182
-2.41484646060303,0.152540688746154,0.0998565013967647,-0.359823437436362,-1.4164939188543,0.769278423863341,-165.83001201574,2.81184929244705,-5.49738631059395,-0.626852124769179,-0.459294892473047,29.803432786005
-2.41495638909363,0.15178130139889,0.0991157317471609,-0.360316348634013,-1.41685264173919,0.769249646342451,-166.521613638946,1.26280456578434,-5.67711671711115,-0.631735083795673,-0.454407163124959,29.7889750044983
-2.4150114320404,0.150988318124229,0.0983207546525668,-0.360798457283637,-1.4173246728086,0.769306373487149,-165.799823114714,0.275583616376935,-5.88301850850758,-0.63290420402744,-0.455903746957873,29.8284706319473
-2.41503078527492,0.150225203655159,0.0975279610950888,-0.361235604913316,-1.41786840256029,0.769411581466123,-166.499958255947,1.64850999406463,-5.83750127184049,-0.636304719641731,-0.463851110566325,29.8423826600325
-2.41505061337668,0.149568678141542,0.0968036676405379,-0.361587795807583,-1.41842789499019,0.769522497271343,-166.073295593971,1.43798827981846,-5.79097579396503,-0.645919244169419,-0.461069773060806,29.8377181200525
-2.41509697589899,0.149079131791598,0.0961999958066313,-0.361827320991854,-1.4189568098477,0.769601140755234,-166.124595576903,0.655506813285683,-5.74129570709167,-0.638202289624441,-0.454982018279312,29.8454344664852
-2.41520563134786,0.148794413868158,0.0957513059382555,-0.361942040932781,-1.41941275415639,0.769620083463919,-166.402110495428,0.766153217395185,-5.6469664549048,-0.631510700922211,-0.448940264871035,29.9009245151432
-2.41540076531391,0.148728974433729,0.0954703593325765,-0.361931286489236,-1.41977337650389,0.769568210514297,-168.029745737047,3.09128406388663,-5.55292582360676,-0.625559646352841,-0.446870902919424,29.9799920317929
-2.41569617299103,0.148866946896923,0.095345090136278,-0.361813006332239,-1.42003664735557,0.769453127737618,-166.636830610723,2.37059653369693,-5.52421211394693,-0.630904712147427,-0.446506373615399,30.0277630563618
-2.41610466340052,0.149182793773484,0.0953544926643835,-0.36160702495913,-1.4202072050963,0.769289377349985,-168.051864075715,1.24468989333172,-5.72985488148129,-0.635702133225122,-0.440824602675458,29.8980103792853
-2.41661922598117,0.149600763630354,0.0954374405146265,-0.36136062009903,-1.42031951326826,0.76911609172551,-165.364799375833,-0.611857479478886,-5.59808233609965,-0.633140160651497,-0.445886528611596,29.9263605447404
-2.41722818533953,0.150045082437049,0.0955329811113177,-0.361118763182494,-1.42041298120556,0.768975356376359,-167.418110743646,1.19160725381607,-5.48179974456067,-0.625495224255691,-0.451517842100896,29.8950537154387
-2.41791292098734,0.150439283462718,0.0955794166801569,-0.360924423283162,-1.4205304976849,0.768909526501574,-167.014498810424,2.17195798877242,-5.43203570005815,-0.616649072751219,-0.460230729209622,29.9747936846677
-2.41865089900094,0.150702047097832,0.0955121818202,-0.360818863958613,-1.42071864340035,0.768964771496596,-166.969846659912,1.73097159482813,-5.62621936498937,-0.616961727754328,-0.460376167610409,30.041313931808
-2.41941973182371,0.150773431183649,0.0952854272195192,-0.3608310141682,-1.42101150440482,0.76917216165758,-168.36950693005,2.11228990145287,-5.78263543018784,-0.627174366174765,-0.460262488066626,30.0523867252848
-2.42019760081841,0.150616724073016,0.0948734349537173,-0.360976597683487,-1.4214294728912,0.769545597463898,-167.129860965552,1.64437257623717,-5.72633637382557,-0.637240935509641,-0.464219663281098,30.1633626800286
-2.42097236865569,0.150226268706838,0.0942755299962379,-0.361252840820141,-1.421973614228,0.77008205020446,-168.833032860617,1.82605314108082,-5.97302635707075,-0.652291841290076,-0.461222701951188,30.1490111952241
-2.42172495542831,0.149608516704874,0.0934993366588073,-0.361653171522195,-1.42263712264059,0.770762314441277,-168.004521865602,1.28824429064571,-5.99221836813521,-0.661137828308579,-0.457316412982023,30.1849945736528
-2.42245419188952,0.148809377870846,0.0925847227228518,-0.362148668793064,-1.42338745575209,0.771545099305663,-167.707199492857,0.7040703227633,-5.81264369219062,-0.658833468919777,-0.453285146381216,30.1945458041432
-2.4231664010038,0.147900468049485,0.0915909334199252,-0.362697726502008,-1.42417707789655,0.772374840985981,-169.411498265706,1.2848668434417,-5.89262874620707,-0.656562982639249,-0.451573448824166,30.14783150478
-2.42386912897848,0.146964507356018,0.0905845782457293,-0.363255051192563,-1.42495363727319,0.773189032367141,-166.939585369966,0.999579734566169,-5.7939422521651,-0.654293385757112,-0.457603383441139,30.2093411427212
-2.42457226313357,0.14607949433802,0.0896275340434056,-0.363780935300749,-1.42566231191294,0.773921976430795,-168.853207380699,0.680012369689848,-5.86102199591204,-0.652403424778815,-0.454121547373701,30.108654659548
-2.42528416025225,0.145319799643985,0.0887767433998137,-0.364237527667759,-1.42625768901416,0.774518384316039,-167.094220119412,0.829889148564462,-5.77189484705605,-0.642706426930879,-0.456424577022723,30.1378285471922
-2.42601325748666,0.144750237697375,0.0880797769760544,-0.364592257400681,-1.42670408305164,0.77493379769023,-168.239037084062,2.02519489690508,-5.71315875429639,-0.633963498408682,-0.462978635364055,30.1979484421033
-2.42675710258964,0.144407601148927,0.0875613548956402,-0.364829379093476,-1.4269848152627,0.77514099248114,-169.421072153802,3.08878022072463,-5.61965758101206,-0.631349371514614,-0.46885409918506,30.3040900110722
-2.4275061091252,0.14429525476882,0.0872190418489474,-0.364950828641886,-1.42710622866214,0.7751383005514,-169.337901885495,2.70559583943304,-5.75682638215503,-0.627128663564902,-0.474588230362124,30.425952535684
-2.42825327090482,0.144406499936207,0.0870433712239453,-0.364961580963151,-1.42708467846612,0.774938523022842,-169.870572225199,1.50047228804033,-5.87866516889102,-0.639485594143473,-0.469866264415002,30.4095310110185
-2.4289854376808,0.144696624896564,0.0869976316286554,-0.364888162025233,-1.42695647362933,0.7745762638137,-169.605548221346,0.97106084017355,-5.91236700347071,-0.645288091275356,-0.463116073897906,30.3780842051265
-2.42968930526441,0.145110106455093,0.0870378876836975,-0.364760557192739,-1.42676609919652,0.774098063936512,-168.359374437872,-0.0682601735236403,-5.81517244295483,-0.660245898188273,-0.45530017663544,30.3814490710541
-2.43035293555698,0.145584406657949,0.0871158929429106,-0.364611244497903,-1.42656390186329,0.773559836035582,-170.060071191275,1.70514572956836,-5.66428274905633,-0.661007045770349,-0.455302110024157,30.3817014006449
-2.43096073922759,0.14604198473736,0.0871747312157447,-0.364482024297025,-1.42640659717459,0.773023131013707,-169.173174222076,3.32136808381415,-5.57683080450161,-0.646075268172179,-0.458226361618572,30.522690429804
-2.43150897248748,0.146404108778192,0.0871590224761454,-0.364415649117365,-1.42633853993152,0.772541590056246,-170.870822099278,2.39336587298112,-5.79147967562486,-0.644851223168735,-0.455327047998789,30.5269028666824
-2.43199626818981,0.146618158619495,0.0870336605515196,-0.364437464328543,-1.42639703900688,0.772162301190602,-170.972747784735,1.78090627267056,-5.98115731586464,-0.654172320137638,-0.463116691128972,30.5853751728019
-2.43242121927302,0.146628354741803,0.0867618814474227,-0.364577062506613,-1.42661139331587,0.771921689661309,-169.633191970457,2.4039754738169,-5.797223032989,-0.653317009458445,-0.475469153715898,30.6387296747536
-2.43279112978346,0.146413558329233,0.0863346956245816,-0.364846291918278,-1.42698587826405,0.77183039004133,-172.101149135134,2.04889710454245,-6.08157696663139,-0.656436441875977,-0.470112385788471,30.5043468572289
-2.43311622984515,0.145966764713168,0.0857540873815783,-0.365248942507602,-1.42751465545275,0.771887578314079,-168.132740553853,-0.0928798865386398,-6.05361918254781,-0.661121967626847,-0.468206590885704,30.5325628658247
-2.43340685508738,0.145295339630191,0.0850314044956522,-0.365780372750195,-1.42817698109728,0.772075161583175,-171.338403107129,1.92435464854657,-5.79129121380498,-0.638226881383859,-0.466249663489741,30.448867620011
-2.43367350602596,0.144424629817323,0.0841910141428495,-0.366427348244682,-1.42894147409588,0.77236216625805,-169.106646711313,1.7397206583712,-5.7220646471014,-0.636021134120307,-0.467597568396458,30.5166771772128
-2.43392827143936,0.14339246314667,0.0832677028248905,-0.367170815297892,-1.4297638914554,0.772704156206825,-170.236744382245,1.39261929858071,-5.80045435809919,-0.645043756359076,-0.464261391903018,30.5017055131007
-2.43418683056645,0.142248260194345,0.0823045633658048,-0.367982169154634,-1.43059604641148,0.773054998297097,-170.754295050103,1.84360432429685,-5.88891695031759,-0.651657904066639,-0.464323958645976,30.5578974034174
-2.4344571965322,0.141036220243458,0.081338407660182,-0.36883499052977,-1.43139598926321,0.773370912097943,-170.350607686645,2.2032018341622,-5.82859677028742,-0.661505716530802,-0.4665083397213,30.6866023123111
-2.43475658692263,0.139813765215083,0.0804173045444592,-0.369696791893223,-1.43210906170993,0.773600062699643,-171.646546804065,1.45037588775153,-6.06413149815072,-0.676091667867779,-0.46278755361577,30.6983107394184
-2.43509636025336,0.138624991610086,0.0795773769356238,-0.370540091338232,-1.43269739946478,0.773707927847852,-171.185449177489,1.35300962267615,-6.02767272696767,-0.673088574839103,-0.467802024093286,30.749572124965
-2.43548540266988,0.13750586104767,0.0788480471025099,-0.371340397635922,-1.43313576301425,0.773673585531089,-171.146673642394,2.03817878144491,-5.97155996690617,-0.661926925543046,-0.46869925847921,30.759166243886
-2.43593440592332,0.136483000584903,0.0782516095433172,-0.372078562571983,-1.43340892703669,0.77348858144348,-171.83639363821,1.28119678346411,-5.90965275941235,-0.663198049217995,-0.46399031214955,30.7350784305015
-2.43644877179387,0.135567816503356,0.0777951260444338,-0.372743546144282,-1.43352024261564,0.773161557797477,-171.1766742199,1.82134550471528,-5.81131438742355,-0.651144398441766,-0.471394812358818,30.8020954723865
-2.43703688669756,0.134772656732806,0.0774869645915619,-0.373323145066887,-1.43348017816826,0.772711243247476,-171.605898431501,1.30321143104061,-5.87923886346263,-0.648375887477986,-0.469197519905754,30.8073606279765
-2.43770305728618,0.134102188060028,0.0773266157892265,-0.373808899232513,-1.43331280391148,0.772167477748066,-172.438466269829,1.93499293384161,-5.77364505039952,-0.646273504310363,-0.465328658244669,30.8215143941285
-2.43844620749002,0.133541216395079,0.0772979923485171,-0.374206523627296,-1.43305694973124,0.771573793384211,-171.022112508266,1.09752561393248,-5.72738846824208,-0.647238523784921,-0.470795078192019,30.9208236799375
-2.43927168929978,0.133086211213445,0.077393024522737,-0.374514216927106,-1.43274715273491,0.770971394557556,-174.506378040823,2.66145387516394,-5.83410505570154,-0.648293407227273,-0.474283399945374,30.9012607939067
-2.44017418165678,0.132720948234084,0.0775918674880107,-0.374740079951461,-1.43242662397421,0.77040280360055,-170.725594780613,1.17653100589723,-5.72875833634896,-0.652041352895576,-0.477166298249592,31.0126090223833
-2.44116109223951,0.132463993038687,0.0779029944848832,-0.374872253554349,-1.4321153971526,0.769891853501574,-173.937433528189,2.08327132638283,-5.894873846325,-0.646333169318176,-0.46689776716377,30.8455282479722
-2.44223401305945,0.132314760572957,0.0783204442041137,-0.374912644089427,-1.43183272366167,0.769458847902421,-170.481321079571,0.4735460230022,-5.82919289328487,-0.650534429413174,-0.460863625227136,30.8142330000013
-2.44339157958683,0.132292870991566,0.0788534586533889,-0.374852579231492,-1.43158213668939,0.769103372131493,-171.249730799458,1.03137800739751,-5.99267317890033,-0.652955606392735,-0.455429342627293,30.765794343172
-2.44463111481099,0.13241396832867,0.0795082159875078,-0.374686930528103,-1.43135804204045,0.768815113345418,-171.725443389739,1.43636283962223,-5.8076621452812,-0.651443952198718,-0.460205882163338,30.8240727811405
-2.44594392357144,0.132698682806414,0.0802964201668781,-0.374409241476501,-1.43114341037242,0.768568994470659,-172.11596844647,2.02197294727921,-5.82434060483169,-0.648584366639203,-0.473067801584001,30.9682303178284
-2.4473267394686,0.13316864032956,0.0812321478390565,-0.374013375569632,-1.43090740875298,0.768328105287235,-173.565761722682,2.33275689640891,-5.99208085529605,-0.653482723602707,-0.474457425138886,31.0736082633852
-2.44876521452306,0.13383538015192,0.0823200568226057,-0.373498530445829,-1.43062077285426,0.768051672356996,-174.535399074749,3.0906594299488,-6.02356217579691,-0.660405938758291,-0.481380741553711,31.2166840520758
-2.45024165222625,0.134695072198864,0.0835550009943018,-0.372874321127237,-1.43025681133647,0.767702372591643,-173.975566443468,2.78353062741166,-6.11244587823913,-0.665148631564228,-0.485083685915319,31.2423893129193
-2.451731596593,0.135728007667047,0.0849191030379339,-0.372158051457868,-1.42979943791822,0.767252838359036,-174.1117608688,1.36416805839622,-6.22300661192963,-0.681086477035849,-0.473779554983383,31.0886916688166
-2.45320507175341,0.136883577536516,0.0863696189726013,-0.371382476258587,-1.42925185661261,0.766695602428553,-171.601757136006,0.326141879772877,-6.14584967950006,-0.679713193249724,-0.467305787263432,31.0193556373075
-2.45463017258149,0.138111336597805,0.087863697381898,-0.370579192289977,-1.42862428279936,0.766029891160698,-173.031862333176,1.20820915612444,-5.82643462304054,-0.665011767134188,-0.465397549867632,30.9425228036402
-2.45597140149731,0.139335120877626,0.0893383503129346,-0.369794394146937,-1.4279480509585,0.765276314463557,-172.902327508836,2.17779179893205,-5.73759447870503,-0.652327711259603,-0.462788033244395,31.0279835967551
-2.45720183815337,0.140469442764308,0.0907242203305987,-0.369075977238306,-1.42726593782652,0.764474855960333,-172.947370222429,2.51500548189233,-5.62345289550296,-0.64333688058823,-0.467263557495408,31.1083289178131
-2.45829869524847,0.141428201697374,0.0919526245635149,-0.368471305947807,-1.42662575658465,0.763671813887009,-174.095308134293,1.1227204162833,-6.0169678441716,-0.648147654434835,-0.471485952553645,31.1074471598816
-2.45924476394311,0.142136564624301,0.0929626817561169,-0.368020658510755,-1.42607819677068,0.762918054190424,-172.975255674157,0.703201366321309,-6.1533217944214,-0.662095768443021,-0.477482111753956,31.2164374423846
-2.46003729569224,0.142534464774222,0.0937074153206716,-0.367753709891014,-1.42566762657649,0.762266045455242,-175.043205035312,1.92658547059978,-6.08485159221763,-0.672828039532323,-0.488858207710692,31.2786366449132
-2.46067267279204,0.142575493615626,0.094150014938309,-0.367693803498303,-1.42543501129282,0.761760663573753,-175.182543396726,3.10867566321167,-6.05461801596144,-0.66689907715729,-0.493396618509753,31.3904310977635
-2.46116030213524,0.142239856701619,0.0942758042873455,-0.367849138536898,-1.42540377834913,0.761432830830627,-174.269400347011,2.57645295595694,-5.85394339172905,-0.656281045135234,-0.475693800886806,31.3852932280041
-2.46152075727482,0.141541439775112,0.0940974252768596,-0.368208536853183,-1.42557488495561,0.761293466069111,-175.734911663529,1.80764565026175,-5.74404613306092,-0.654409734373973,-0.460956470158723,31.2057830200321
-2.46177727779647,0.140524794887802,0.0936516385469439,-0.368743183918749,-1.42593799607711,0.76134245670643,-171.643289530538,0.910096720670936,-5.83220882121756,-0.658707403001622,-0.46065672515491,31.1522037222339
-2.46195957502136,0.139258495335533,0.0929940963296929,-0.369412260531034,-1.42646125540398,0.761557268984908,-174.260500408912,1.41799278247504,-5.89196290285929,-0.665619399840822,-0.462321814358854,30.994409579457
-2.46209929607324,0.13783143259989,0.0921957078892708,-0.370164131865216,-1.42709756349357,0.761900730180381,-171.972766948595,0.995666912874185,-5.87656734475476,-0.663054083092174,-0.466622661320666,31.0969152215169
-2.46222053465074,0.136338494361131,0.0913296629718989,-0.370944804530188,-1.42780175398611,0.762332858842599,-174.291253117471,1.9042932962393,-5.96128402197249,-0.64922548372614,-0.471427479894285,31.1982274934987
-2.46236108601363,0.134897145302626,0.0904879407975636,-0.371687169776354,-1.42850840870771,0.762799772664612,-174.713492950473,2.82364730944096,-5.88776369479694,-0.652549111202132,-0.476598079603961,31.3669474949409
-2.46254269356522,0.133592188971547,0.0897341374658687,-0.372345119303659,-1.42916809128438,0.763257742468371,-175.81296782925,2.83452831267596,-6.1827496888115,-0.659233904988628,-0.493079793930078,31.5048699278319
-2.46279532104497,0.132513767802404,0.0891351531336948,-0.37286830027763,-1.42973104332219,0.763667806848775,-175.919795241773,2.28391566429627,-6.35382297477892,-0.68175744033394,-0.496925072047219,31.5462752312805
-2.46314140864067,0.131717043597413,0.0887303072228505,-0.373228982092954,-1.43016203762866,0.764002520317287,-176.365867517232,2.39315545954469,-6.3531475325091,-0.69208304162808,-0.492918797537523,31.538213669914
-2.46360691092893,0.131249140359151,0.0885517081483067,-0.373403981165815,-1.43042853033567,0.764239843816464,-174.766557774104,1.84809559199039,-6.14432004586641,-0.693813008547893,-0.477173958476331,31.5340946695904
-2.46420810798674,0.131119260600387,0.0886001773291565,-0.373392767175681,-1.43052105063296,0.764376766582754,-176.328262775872,2.17103241541895,-6.09340423233965,-0.686638658277308,-0.463951723333301,31.443579245089
-2.46495395263069,0.13132173312261,0.0888638705862104,-0.373203440879966,-1.43044205141854,0.764418128970913,-174.251760667615,2.30894767926247,-5.80466529923484,-0.674365201834258,-0.464586981578592,31.4642249129579
-2.46584464080033,0.131813515727736,0.0893024624345338,-0.372867419067706,-1.43020822249851,0.764378057734331,-175.658438391805,1.11273973573543,-5.9357610015376,-0.670137023234426,-0.463309267379071,31.3854301977382
-2.46687181948399,0.132542787753454,0.0898698005099368,-0.372420588771749,-1.42984717405793,0.764276360669961,-175.229174565025,1.11997215393149,-5.69610541717705,-0.668790489817054,-0.477337647687756,31.4269046987638
-2.46802024800781,0.133446677663748,0.090511799205566,-0.371902857821421,-1.42939496121991,0.764138563267258,-174.744484303512,1.91089723413779,-5.78082624232459,-0.659528946332648,-0.488969269604475,31.5395027208412
-2.46925557555877,0.134455188635904,0.0911692515284028,-0.37135872126757,-1.42889656347629,0.763987877188555,-177.618080157162,2.58083069017175,-6.07602941980301,-0.657035879823863,-0.488227132396865,31.556003461566
-2.47053711601678,0.135500907701961,0.0917881381060424,-0.370828859357186,-1.42839797861049,0.763845981826525,-175.147024898386,1.75937269645783,-6.02379866218996,-0.655384317306598,-0.490541015890484,31.7100072083902
-2.47181659821345,0.136520267059882,0.0923183896370781,-0.370347612923582,-1.42794895769095,0.763735873941086,-178.035383919703,3.62547579995226,-5.80492442764154,-0.652458785542676,-0.491087362956166,31.6583652026651
-2.47304015854501,0.137460618593169,0.0927201679890015,-0.369940418138869,-1.42759565358445,0.76367519332192,-175.737079931004,1.85232057543703,-5.91673864923436,-0.665721715539051,-0.490923982132364,31.6340888278054
-2.47415457903188,0.138278770327936,0.0929652723816037,-0.369626293025727,-1.4273804755109,0.763680578686728,-175.730474004912,0.351532716484826,-5.98652877219064,-0.679936680495878,-0.478859534377552,31.5383607775481
-2.47511689029681,0.138950433787427,0.0930439269802581,-0.369410877764798,-1.42733045991414,0.763760671065157,-176.061797449192,2.16258026601622,-6.0317443088428,-0.679998709714488,-0.473802811548333,31.5359109482702
-2.47589676079555,0.1394687749912,0.0929610180506857,-0.369285802250699,-1.42746478671639,0.763924633347009,-175.674993624808,2.10174905509416,-5.91199580419209,-0.673954083969509,-0.470878373911267,31.6299941112565
-2.47647678086665,0.139835765163445,0.0927293824030426,-0.369239005490222,-1.42778856388151,0.764175813568169,-177.255187521453,1.99041705225432,-6.11733214657229,-0.69171402109562,-0.468706678669391,31.6458799028164
-2.47686295097374,0.14006909444715,0.0923766817726452,-0.369250832742498,-1.42828600767255,0.764507396335287,-177.122679203909,2.73952842132258,-6.13928987923998,-0.691497052112453,-0.482529376047228,31.7771054040368
-2.4770752356038,0.140192325063827,0.0919346881612053,-0.369299558603851,-1.42893419943198,0.764913560653379,-177.270729385887,3.18096951968641,-6.12424594338765,-0.686411464245216,-0.501609780723536,31.8326409038819
-2.47714400906204,0.140221599756019,0.0914289336648559,-0.369373129111456,-1.42970306044657,0.765384810868931,-177.995233066368,1.59864480194574,-6.37009686805899,-0.695922068009265,-0.49677580650525,31.7325466807158
-2.47712520715995,0.140193289356334,0.0908990294697856,-0.369449419490895,-1.43054032128577,0.765898666482667,-175.510193811506,-0.116607735081743,-6.31126425050138,-0.693568160143545,-0.491256040152756,31.7397175788708
-2.47707567558785,0.140137404853945,0.09037772440623,-0.369515042259959,-1.4313953012622,0.766432514207256,-177.274370684327,1.61539496245518,-6.19293436420099,-0.678021584033376,-0.49120369720275,31.7179660354467
-2.47705207959337,0.140081705271496,0.0898923216647642,-0.369560715115839,-1.43221500128859,0.766958029139354,-176.963266847494,1.65030759080696,-5.93207310200779,-0.671373527029746,-0.486884875958414,31.8019224286819
-2.47710570539387,0.140045540884124,0.0894609593082074,-0.36958463950329,-1.43295395535508,0.767450992437929,-177.617077452727,1.98174528881441,-6.00799216990853,-0.673653022925086,-0.487666869295144,31.8926786715645
-2.4772757265897,0.14004780349287,0.0890977656448351,-0.369585784640121,-1.43357474415348,0.767886005948002,-179.039275519781,3.15781964354369,-6.01244961283561,-0.673334037505901,-0.485136759488178,31.9531656505373
-2.4775798015987,0.140086260947689,0.0887974345710429,-0.369576621178625,-1.43406104396059,0.768247381441803,-178.090881825546,2.71994029290317,-5.81996204548759,-0.673295096450299,-0.488972271723246,32.0278464686062
-2.47803495739514,0.140185650114842,0.0885750652631629,-0.369551622152094,-1.43438973793369,0.768510387303045,-178.743052325553,1.54942361017652,-6.18012148837138,-0.683636141273906,-0.483191538316455,31.9539835250486
-2.47862590028885,0.140337103407479,0.0884180567848045,-0.369523423835199,-1.43456798458029,0.768667289955669,-178.315285508913,1.24691319013868,-6.02144336176673,-0.686262739348959,-0.483272754041452,31.9157623979949
-2.47933665826028,0.140550206455737,0.0883284893158416,-0.369489856420219,-1.43460405559466,0.768711356078833,-176.728730546058,0.464359520156449,-6.0707957337132,-0.681088220638735,-0.487055344874521,31.892588616227
-2.48013628826472,0.140822606334888,0.0882983338624177,-0.369451348370145,-1.43452367244734,0.768647135993467,-178.912128184158,1.58927938618467,-6.03505122805055,-0.670573013234701,-0.483049780781732,31.8132109362077
-2.48098434167246,0.141140890671024,0.088313337060107,-0.36941262423805,-1.43436229746139,0.768487833330659,-176.415246453341,2.30015752424606,-5.83302864429376,-0.663008513464689,-0.486057473494651,31.9399907934018
-2.48185199570931,0.14149145502028,0.0883633940625115,-0.36937701063731,-1.43415053009187,0.76824779967916,-179.279196535423,2.38117418036472,-5.97372019837135,-0.665527922589726,-0.491298553352793,31.9707752065026
-2.48270590234938,0.141853831868451,0.0884325264769361,-0.369348400548197,-1.43392746679885,0.767949787292129,-178.840599643916,2.35136856189069,-6.19080933111857,-0.674894041062462,-0.498032802318618,32.1439631521808
-2.48352427453416,0.142206625790249,0.0885070873907359,-0.369331474434546,-1.43372555968332,0.767616597067744,-179.86550673122,2.54647222242465,-6.27712859548731,-0.687136346654988,-0.504507546390818,32.2439899089918
-2.48429442784238,0.142523881061968,0.0885732160941779,-0.369335350369658,-1.43356771734487,0.767266191695265,-181.041597286048,3.4054755240702,-6.35818514218136,-0.703395729755433,-0.501775271393308,32.2005336467928
-2.48500763646287,0.142757323681826,0.0885999359075604,-0.369382275592891,-1.43348142539311,0.766925234153497,-178.13918354086,0.969817753767529,-6.39999202114305,-0.711104421409671,-0.489844615008821,32.1782994884158
-2.48566004203499,0.142869721618739,0.0885642540351885,-0.369488416669814,-1.43348735930565,0.766616084745394,-179.916033933165,1.59073110581107,-6.30503053319762,-0.699581154369589,-0.476320215355387,32.0152874771071
-2.48625944275842,0.142833089174209,0.088451133338493,-0.36966723308907,-1.43358983338444,0.766349429186749,-177.234194336668,1.32796011241635,-6.06994780061879,-0.689249853001114,-0.480234981203072,31.9812830075368
-2.48681224289305,0.14261462474586,0.0882396984376153,-0.36993665202838,-1.43379441954539,0.766138596234607,-178.11643466249,2.3826370507004,-6.02417398998969,-0.681227086144306,-0.476074208189066,31.9253471032564
-2.48732729544877,0.142192793000568,0.0879173699467117,-0.370308528443082,-1.43410073376473,0.765993604854511,-178.764193039531,1.57307919813525,-6.03130924590485,-0.674462691633886,-0.482858563023227,32.0151600731065
-2.48781557392114,0.141570123535046,0.0874866587652774,-0.370780805124751,-1.43449831893936,0.765915485973797,-179.382121691895,4.0127136442311,-5.93407249759582,-0.667205488044188,-0.496710652489926,32.2182610240622
-2.48828799536202,0.14076838181414,0.0869623089035121,-0.371339260025316,-1.4349729692547,0.76590292187506,-180.859576236622,3.14768032942061,-6.21197394129206,-0.677786218339433,-0.501879656502576,32.2796269461474
-2.48875642551689,0.139835328921759,0.0863775196806147,-0.371955236773399,-1.43550233402355,0.765946249350376,-180.149630253274,1.07229841287767,-6.30439895085544,-0.684914484433739,-0.503533314067164,32.2947237370409
-2.48922638227254,0.138829547506627,0.0857712069323642,-0.372592656334024,-1.43606755590897,0.766037347784312,-179.564393829275,0.564051606161456,-6.39843653068218,-0.690299710974933,-0.504709709789815,32.2913475128508
-2.48970966807677,0.137818342143067,0.0851884595675041,-0.373210340536437,-1.43664227998123,0.766163245941664,-180.710097029615,1.16313661522895,-6.28169507194497,-0.694088533324643,-0.502069520300821,32.3173229289964
-2.4902163354632,0.13688064601441,0.0846838590893002,-0.373760692624891,-1.4372008418049,0.766310008372028,-180.586586451945,2.90490995102596,-6.0241443016134,-0.687977356194373,-0.492007485250968,32.4267656150326
-2.49075782085071,0.136088504006908,0.0843059754372484,-0.374200737737594,-1.43771828290491,0.766463341347714,-180.962967505404,2.8471344221125,-5.8973911823326,-0.683420646525649,-0.475768206059774,32.4153248704329
-2.49134553940499,0.135499445364576,0.0840942534237814,-0.374496937676901,-1.43817102581539,0.766608862706555,-181.057303436435,2.87891334397773,-6.08558966728026,-0.683670964630725,-0.466380589132106,32.3708170563272
-2.4919847456388,0.13515084499504,0.0840736658190879,-0.374630038983586,-1.43854381328138,0.766733519285533,-179.33925209918,2.04262061341342,-6.01949345930635,-0.693898152502599,-0.479008164249135,32.365954019034
-2.49268722923398,0.135066008611605,0.0842611885391242,-0.374589115302227,-1.43882149798407,0.766825807403864,-181.87611916284,1.89348430530958,-6.14245385269643,-0.697315746719342,-0.49617005248476,32.3055363173869
-2.49344933370942,0.135222880130468,0.084639307268251,-0.37439092408714,-1.43900682785278,0.766883585990702,-179.020005189597,2.04718148241068,-6.0823047729429,-0.686100113471001,-0.507218460033087,32.4613529874423
-2.49426828735833,0.135583728765262,0.0851814395483532,-0.374061659720816,-1.43910734698257,0.766907989712488,-182.410602381955,2.84639233367034,-6.12664578003873,-0.667722088888976,-0.499381559070567,32.4164314409281
-2.49514082682808,0.136095805872207,0.0858517496126603,-0.373636604078395,-1.4391312720197,0.766899107835705,-180.333473212272,1.99666728973489,-6.12770459132625,-0.67027202413515,-0.49249240565665,32.4752363378443
-2.49605543214567,0.136697815040875,0.0866069245927716,-0.373155488842716,-1.43909372259648,0.766858464922076,-180.963351940664,2.39284609256197,-6.2408617355569,-0.671054530202823,-0.497534167564528,32.4491999809688
-2.49699857962107,0.13732630000659,0.0874021978843431,-0.372657868973298,-1.43901244193342,0.766790096925686,-181.23063338917,2.3788669849464,-6.23503009133299,-0.690530028072062,-0.498661038226615,32.3819747099815
-2.49795818144314,0.137922723704821,0.0881965211152558,-0.372178437808845,-1.4389047192456,0.766699707575333,-179.465739322018,0.54545526483912,-6.36967355871172,-0.704598352904176,-0.50088263836531,32.4054379601898
-2.4989243500194,0.138456723265294,0.0889678799091571,-0.371731779769338,-1.43878486683917,0.766592888381409,-181.436779497711,1.64782226660532,-6.31500417251843,-0.704410098033668,-0.491921836793121,32.4308716394741
-2.4998865999605,0.13891062160721,0.0897027279683045,-0.371324548583698,-1.43866638098653,0.766475354910396,-181.496652525993,3.15632293227645,-6.20469966682867,-0.696577137187754,-0.492922846338605,32.6022819433515
-2.5008450564315,0.139291917990984,0.0904060222292022,-0.370947418068753,-1.4385537479052,0.766351609218926,-182.375556186266,3.22006683219456,-6.31547587268125,-0.703395607920953,-0.490383549591551,32.6506208517078
-2.50180092937906,0.139635694623212,0.0911000593793638,-0.370573345984321,-1.43844782902263,0.766225188248926,-182.51258061631,2.06505486370611,-6.27607813194635,-0.716872511471891,-0.492055375110172,32.6065423678408
-2.50275066609219,0.139969444245158,0.0917991744020668,-0.370181089728593,-1.43835615824997,0.766105758346112,-181.227715545904,1.74862279593913,-6.32933219222318,-0.70992296516818,-0.501591132234738,32.6091193148601
-2.50369056517286,0.140328095416336,0.09252115167048,-0.369746279279517,-1.43828771589069,0.766006363160893,-181.765485061534,0.918097045480408,-6.16305705423881,-0.702853296674813,-0.502343193178598,32.5427759100618
-2.50462135012851,0.140746970107915,0.0932824327307085,-0.369246619451305,-1.43824556452458,0.765936935386008,-181.48315164514,0.825504354305622,-6.04186865331573,-0.686561661609363,-0.497915739150856,32.5587446404461
-2.50553151330295,0.141231555764878,0.0940755521416896,-0.368680146831164,-1.4382508094489,0.765921328984168,-181.209160588248,1.78702815375573,-6.29301452375111,-0.674013458245573,-0.498283757859955,32.6313593898305
-2.50640191046859,0.141771627171548,0.094880618181916,-0.368058428265209,-1.43832470843652,0.765977771471457,-183.595817712899,2.58579987004669,-6.33537129701344,-0.671520524900978,-0.503416450021462,32.6586483674547
-2.5072208427541,0.142342271013163,0.0956698570707986,-0.367404735491805,-1.43848412491378,0.766124350458272,-181.51091416185,3.09371555595135,-6.24596996898168,-0.685356896734731,-0.50811076230483,32.7751526622402
-2.50796021699762,0.142886438328443,0.0963895601394842,-0.366763718989052,-1.43875787065593,0.766381698191931,-183.620510536758,2.89753322047204,-6.28553062983497,-0.697672319392611,-0.505972177874352,32.6845132959381
-2.50859080450377,0.143339840567872,0.0969825362291132,-0.366186207454277,-1.43917065743826,0.766761365371169,-181.248854803875,1.7247064329888,-6.27465760243837,-0.704245243776821,-0.496473061396754,32.6717211129046
-2.50908566981772,0.143627870088527,0.0973878635701573,-0.365729747574865,-1.43974720133489,0.767276039191752,-182.049812172363,1.19999593143234,-6.21314983312624,-0.70187334733963,-0.487565628988,32.6344488517398
-2.50941528631396,0.14366524375524,0.0975392826413468,-0.365458437771573,-1.44050825628481,0.767930754702204,-182.750467391749,1.81758967900032,-6.0766298554102,-0.693432738081189,-0.49266208016923,32.6804414285511
-2.50956962552329,0.143395960839996,0.0973968146669775,-0.365417282213863,-1.44145085376185,0.76871248370245,-182.285919385315,3.2016874565204,-6.06350204378211,-0.689215897459232,-0.498546014998827,32.7745756648784
-2.50954225285671,0.142788955529063,0.0969421348785955,-0.365633452624589,-1.44256372745591,0.769599779543466,-183.105440883656,2.25082921249009,-6.22988266554748,-0.701389102703101,-0.497242124516776,32.7427317094711
-2.50933981635111,0.141837648396996,0.0961791614872973,-0.366117432707592,-1.44382016766568,0.770559261136478,-182.721999653388,2.04156797845872,-6.18846939201978,-0.699739568461902,-0.503084142140386,32.7704819013164
-2.50898922561606,0.140572703474265,0.0951430835451474,-0.366851744509717,-1.44517604059161,0.771550518216672,-182.439851963777,1.28292515615817,-6.45839733651556,-0.706482382150827,-0.507689603984888,32.840670953035
-2.50852717931069,0.139050533493778,0.0938908499516586,-0.367800791344659,-1.44657541369109,0.772525569306323,-184.61137986476,2.66524531812684,-6.54531701699236,-0.703591768191554,-0.51211307025096,32.9000624636556
-2.50799648528833,0.137352261252818,0.0924983754647726,-0.368910861010822,-1.44795817307811,0.773433904013287,-183.235528949435,3.24911757182645,-6.26900674877757,-0.699635474156404,-0.517040135086305,33.0308317129814
-2.50746122122123,0.135588408657089,0.0910657620629003,-0.370107756329344,-1.4492473753548,0.774221451489861,-185.261841508173,3.76443453454431,-6.32181133473273,-0.69612240416273,-0.50901122460986,32.9358282513009
-2.50698222596205,0.133871870924083,0.0896934330152246,-0.371314341099671,-1.45037064059803,0.774838027512445,-182.867967820747,2.18320750299722,-6.38736255447486,-0.709923038813072,-0.501106710599349,32.8869274365896
-2.50661844542734,0.132311719742531,0.0884768403287868,-0.372453337754143,-1.45126730301273,0.775248825839907,-182.513466763943,1.42703723587783,-6.44678841691351,-0.710698558564744,-0.497623770186402,32.7883198541822
-2.50642535339315,0.131006603757349,0.087499964925791,-0.373453637001285,-1.45188664551275,0.77542804859617,-183.185093967526,1.55679326209429,-6.2489397390319,-0.712121108204047,-0.491898837993341,32.7108898693006
-2.50645150921021,0.13004528381375,0.0868368374341912,-0.374249121839448,-1.45219097281317,0.775364861373623,-181.724680646288,0.955988762286097,-6.41558739204172,-0.70972725733531,-0.496702542797659,32.7871114906189
-2.50673529356923,0.129492327079319,0.0865412482225116,-0.374790237130883,-1.45215920230576,0.775061860311667,-183.850889827715,2.54465546556662,-6.26735311662742,-0.69826233349103,-0.501318529497673,32.8600426559275
-2.50729847645729,0.129377827474166,0.0866357636197559,-0.375049416919287,-1.45179498321092,0.774540109181599,-183.786963073437,3.78164279088492,-6.27732769152107,-0.686410939470157,-0.51052970480212,33.0183758354584
-2.50815107859646,0.129706433885327,0.0871208272410455,-0.375016856773947,-1.45111960340059,0.773835017099146,-184.513862996912,2.22588412225605,-6.41250808942155,-0.701521451335842,-0.522546875981629,33.1183296970573
-2.50928377379341,0.130460729063727,0.0879767046503728,-0.374697896198994,-1.45017385473163,0.77299046044299,-185.913678995425,2.45336996941842,-6.64327319056511,-0.715586170254808,-0.523386907517859,33.1990772621354
-2.51068018723135,0.131599269973659,0.0891647206586257,-0.374114620505773,-1.44900820342132,0.772057010540176,-185.339002130013,3.30322871529643,-6.50221391810604,-0.713407556410703,-0.519757059978207,33.293687860874
-2.51230243823682,0.133055312326715,0.0906232070025732,-0.373305624877313,-1.44769456421321,0.771096236858107,-185.676914809655,2.18740786953299,-6.42516554506446,-0.723428074900445,-0.503946020165934,33.1995625834178
-2.51410726472415,0.134754972482333,0.0922843936822415,-0.372316876715205,-1.44630375571317,0.770159964304991,-184.982082569931,0.925064014135387,-6.41663740727748,-0.717741792577899,-0.495833367320412,33.109373139677
-2.51603803852934,0.136607988467478,0.0940667191966729,-0.371206328319021,-1.44491308594865,0.769299071059013,-183.315657517208,1.44548649119224,-6.34247953463233,-0.706433419006053,-0.493629363362274,33.054208777921
-2.51803701498099,0.138525054154183,0.0958897649414239,-0.370032884360284,-1.44359497020541,0.768556085150591,-184.812438033816,1.93522680494834,-6.11793311625775,-0.703802536663779,-0.494859090705179,32.9582639346377
-2.52004342486108,0.140419348944069,0.0976757237378436,-0.368855357268232,-1.44240998090079,0.767958480937513,-182.77407544843,1.68050099807124,-6.27374032544569,-0.704659575534426,-0.508921242529808,33.0718916906848
-2.52199470929988,0.142207747047721,0.099349324273271,-0.367729866385146,-1.44141252898311,0.767524155641361,-185.735755077475,2.88484729627521,-6.37692549434749,-0.70435012280592,-0.513454423798187,33.1584901530029
-2.52383970907218,0.143822676855327,0.100850307729549,-0.366706649848562,-1.44063420072451,0.767251010275907,-186.138913578747,3.33790124324446,-6.42282473404055,-0.703068608364254,-0.518584457624963,33.3922082920343
-2.52554230220051,0.145226956875986,0.102144087898878,-0.365816121844106,-1.44008098982426,0.767118418079439,-187.034793094944,4.73699410884774,-6.54634399677974,-0.705807329939145,-0.531214537540609,33.5445449576585
-2.52707123907767,0.146378196165009,0.103191904867458,-0.365091501106095,-1.43975267543167,0.767102630753067,-187.925284355741,3.59531504626011,-6.45317064873345,-0.720652794381062,-0.528668887168279,33.4724735579373
-2.52841538550258,0.147266971717015,0.103984791332939,-0.364545588022029,-1.43962750689172,0.76716884615444,-184.964033025868,0.708999839787111,-6.65018554630217,-0.734528521228448,-0.516789777732357,33.3817544216459
-2.52958382437276,0.147895762566625,0.104524940605886,-0.364183286426368,-1.43966747633321,0.767277374891252,-185.78585507238,1.50568897658331,-6.59084786317635,-0.731256115371377,-0.505417284088491,33.2433320976579
-2.53059994344247,0.148284792747289,0.104830298057047,-0.36399497463785,-1.43982909255027,0.767393659961319,-185.428480214738,2.19529856743839,-6.32760276692952,-0.719235768600833,-0.499598510020664,33.2600632228908
-2.53149994153442,0.148469884868037,0.104932440619912,-0.363959799073143,-1.4400641665219,0.767486077168341,-184.96730027246,2.5016668512344,-6.28585084193128,-0.712762979169903,-0.490179374261466,33.2976041582438
-2.53233452234197,0.148509993203533,0.104881757800772,-0.364040488846312,-1.44032110472657,0.767527747901599,-186.902172599409,2.56400101335703,-6.27915818190476,-0.704636627023164,-0.49300204065331,33.3227924711807
-2.53315306946787,0.148461214416822,0.104726535207962,-0.364197564266828,-1.44056262267119,0.767509081728336,-185.82558342502,3.89777852679958,-6.2884614842192,-0.697654358724446,-0.514499293106595,33.4913422192584
-2.53400189146331,0.148374138777756,0.104510925668637,-0.364392526805942,-1.44076593651628,0.767436182263349,-187.811470068305,2.35948950788816,-6.63487839049733,-0.716077900538489,-0.529080268941017,33.5287566773858
-2.53493556706266,0.14831298817207,0.104292215719837,-0.364578568310827,-1.44090219866296,0.767312780383938,-187.452234857486,1.63669421116947,-6.80786793084269,-0.72502386665358,-0.53780891656447,33.6212576532234
-2.53599711310223,0.148332349531288,0.104118554246986,-0.364713475689057,-1.44095930109936,0.767154515173571,-187.314421209058,2.80042387641606,-6.5804901710265,-0.716044245793249,-0.53393004575196,33.6945798448429
-2.53721370342772,0.148478935256035,0.104030015252858,-0.364760787661211,-1.4409353352154,0.76697720723218,-189.189081809733,3.6076305213362,-6.51319724415697,-0.714191034614645,-0.516717535687386,33.6571662327878
-2.53860161453927,0.148783423814122,0.104055488250798,-0.364697085774236,-1.44083057698585,0.766793069025326,-186.745694140651,2.28075352874976,-6.40927908899437,-0.716489557469729,-0.50748927017671,33.6598026357467
-2.54016257277223,0.149266633681623,0.104214154735093,-0.364506762014335,-1.44065269821498,0.766613975338055,-187.925355025874,2.26619206005171,-6.33254257554051,-0.717354846245626,-0.49717163695957,33.4769081190494
-2.54188763098222,0.149935360200966,0.104513671940528,-0.364186209076809,-1.44040764356312,0.766442833260788,-185.965923774635,0.367853589263405,-6.32588620135382,-0.719826220937238,-0.496377201577044,33.4185194631166
-2.5437614123796,0.150783378883929,0.104951625617092,-0.363745217385116,-1.44009173372926,0.766267397489022,-186.205919777998,1.29317680900681,-6.38121369279946,-0.715304057283259,-0.503060175255183,33.4556943581465
-2.54576061893963,0.151806852608128,0.105525429847426,-0.363194119216937,-1.43969608961367,0.766066869611422,-187.885032371417,3.06419173879453,-6.33101794003579,-0.706302148580779,-0.512711580171063,33.5352457423052
-2.54785180031372,0.152971694612979,0.106208567310113,-0.362565291914585,-1.43921498088634,0.765816850407689,-187.157654737395,2.08311440345369,-6.42349553354723,-0.703637380579837,-0.519360514616765,33.68074248673
-2.54999621452439,0.154233410564281,0.106966457670347,-0.361898541380701,-1.43864356805309,0.765492245441462,-188.808375590012,1.28335725676902,-6.59504659917309,-0.716412142317167,-0.527970346469277,33.7714254048689
-2.55216304324524,0.155558662201783,0.107772236223179,-0.36122639254035,-1.43796718252118,0.765062356065759,-189.528692374271,4.22434262645788,-6.44485645729955,-0.716571693500261,-0.539158797504599,33.923814067503
-2.55431857974954,0.156905413906563,0.108591955418868,-0.360584060685493,-1.43718114309893,0.764506976217159,-189.38513165149,3.79472166663754,-6.64022199754581,-0.726184165940686,-0.539487104523669,34.0002094353598
-2.55642913357163,0.158232763266136,0.109392405055388,-0.360001752663859,-1.43629023740098,0.763817463805538,-190.073709743684,2.18532053054992,-6.71105075081886,-0.740833500495524,-0.519362894895947,33.9265956206061
-2.55846966055134,0.159503164477359,0.11014392067267,-0.359502747257737,-1.43530496813734,0.762997965788902,-188.604229137972,2.55835727479621,-6.4252170740755,-0.732471111393551,-0.509379549276287,33.9356934537999
-2.5604143653801,0.160681632311936,0.110819456584856,-0.359105772497279,-1.43424557129239,0.762062251519481,-189.369386159314,2.58436374584562,-6.51515656696989,-0.733411293033725,-0.502141818715882,33.8700773600399
-2.56224052040495,0.161742799998303,0.111399140961117,-0.358817242766911,-1.43314209166379,0.761036430212013,-189.475312960959,2.56816756567719,-6.34235982025157,-0.731893406801678,-0.505263693395052,33.8592742893333
-2.56393218045661,0.162665366531094,0.111868612978937,-0.358635837751316,-1.43203661138565,0.759963753093302,-187.789624016108,2.44613622889028,-6.26116439726516,-0.719460372482872,-0.513431245620487,33.8746568832399
-2.56547943675539,0.163445528405687,0.112227768064895,-0.358546063490543,-1.43097082101615,0.758889600478922,-189.964445911123,2.43641378425468,-6.47050475576478,-0.711919963847573,-0.510743366258414,33.7491322172205
-2.56687786902005,0.1640775148161,0.112478306071206,-0.358534212451291,-1.42998378370561,0.757857553910883,-186.886931883118,0.859911378115385,-6.45449713547785,-0.709624350446421,-0.519120209593902,33.8570929674636
-2.56812663834336,0.164566098336345,0.112631532680799,-0.3585791450252,-1.42911258849428,0.756909915262723,-190.509087497592,4.0805018838887,-6.40497869834488,-0.697982468317407,-0.537192067857389,33.9111464830991
-2.56923160305452,0.164925382092066,0.112707165739665,-0.35865694772421,-1.42838274359882,0.756076292202323,-189.493718309197,3.99307835408786,-6.34194112159889,-0.702867770324679,-0.542167410149668,34.0562901558148
-2.57020107563207,0.165162963642605,0.112721135334521,-0.358750176732126,-1.42781684732505,0.75538295424166,-190.027379517144,2.18646979393543,-6.64223989097655,-0.71414778811481,-0.533493231889274,34.0762748539279
-2.57105632813357,0.165311732909304,0.1127091908309,-0.358829216147105,-1.42741283976308,0.754835018337963,-191.559418598216,3.24364818765252,-6.58628012273761,-0.726555106951394,-0.523909207175138,34.0750962732309
-2.57181269176361,0.165382406344315,0.112689900124501,-0.358884032796266,-1.42716759337677,0.754429616601436,-188.912881724806,3.49851237204507,-6.47424596834392,-0.736546079008371,-0.516945425840606,34.1009051926489
-2.57249111761224,0.165391214034576,0.11268537739317,-0.358905411482791,-1.42706171668262,0.754149524865156,-190.777792544421,1.53624219548237,-6.67486991430999,-0.748455078627053,-0.498943183528375,33.8626319374792
-2.57311486943634,0.16535535152239,0.112715159121113,-0.358889151471206,-1.42706235908356,0.753962549706993,-186.933968073484,0.583173332981914,-6.5789400467273,-0.742304477524694,-0.496762054683584,33.81299621762
-2.57370179013422,0.16527969278304,0.112787598614886,-0.358839598194778,-1.42714138371054,0.753841440908843,-189.086733109924,2.34876700842733,-6.33313421641662,-0.722433452638996,-0.508657936202476,33.7596828016941
-2.57426409515002,0.165159513324909,0.112899669050782,-0.358769596511279,-1.42727096351905,0.753755538144699,-188.551420260758,2.30787126560995,-6.3761499413159,-0.718040664104963,-0.516955549806002,33.8543013590287
-2.57481927925828,0.164994667975825,0.113049960562207,-0.358692277278557,-1.4274118368742,0.753667541081105,-189.465800185454,3.04218673447872,-6.5137073866336,-0.709599318364972,-0.530248642055844,33.9789633726621
-2.57538131222205,0.164792523042224,0.113240734694167,-0.358613948638108,-1.42753132427862,0.753548574851164,-190.292016998593,3.259613321389,-6.59691142852529,-0.714716218172942,-0.539808881745567,34.095730877981
-2.57596054043796,0.164552225877068,0.113465031492798,-0.358546204057279,-1.42760033035604,0.75337314191333,-191.079473976867,2.99263751261469,-6.70113024822848,-0.718233027085213,-0.548537246437186,34.1967479744295
-2.57656389263912,0.164275604018236,0.113715634937918,-0.358497071506992,-1.42759733317848,0.753124394705863,-190.935631837992,3.141896140776,-6.81343670772142,-0.738746792068957,-0.543129044549426,34.2594922322182
-2.57718711468145,0.163950967201345,0.113973370120281,-0.358480674636368,-1.42751991161841,0.752802114506702,-191.518143313233,3.84178332923898,-6.67984112245915,-0.745460600083216,-0.53355265208815,34.2333346415415
-2.57783521456921,0.163587192175461,0.11423555806931,-0.358494979983344,-1.42736453534848,0.752411890706427,-190.36330166295,2.2405314436694,-6.58909421078243,-0.738297860321382,-0.518245272774196,34.1951769742803
-2.57850360051076,0.16319286755315,0.114497796652911,-0.358534389752971,-1.42714300326086,0.75197344776985,-190.040911579662,1.50798828393158,-6.38013462278496,-0.739500018225387,-0.50041956535208,34.1229976547607
-2.57918440329473,0.162774784698762,0.11475440873889,-0.358593854925025,-1.42687274115383,0.751507168629306,-191.22032292876,3.14632823004035,-6.29807035252429,-0.72924407800466,-0.50401021316113,34.1267798233789
-2.57987094038588,0.162353880376067,0.115010831602374,-0.358655031772147,-1.42657807109676,0.751043682182743,-189.489420370366,2.28778271130295,-6.36756344174978,-0.730439894520821,-0.514305354952562,34.2033104360453
-2.58055335908091,0.161949619026811,0.115272104094901,-0.358698330960919,-1.42629261954401,0.750619243315757,-192.065062718731,1.56775802855054,-6.56564944125429,-0.730018435043659,-0.517271678999374,34.1772879555401
-2.58122189837938,0.16158109647218,0.115544049383312,-0.358704121711791,-1.42604944950808,0.750269140394099,-190.446838414356,2.98083356050756,-6.44282443804644,-0.715209307809301,-0.53678795541625,34.3709469114465
-2.58185784483038,0.161252054441102,0.115819807767202,-0.358659897460334,-1.42589334800656,0.750034257273475,-192.870585055899,4.19896847148721,-6.59267934610367,-0.711393216218245,-0.549787515079265,34.4308207474049
-2.58244412939531,0.160961255125781,0.116091604969663,-0.358559747190663,-1.42586186716926,0.749945034553173,-192.503254496611,3.21370917690138,-6.72880910504827,-0.723693808470941,-0.551500269602652,34.482114409668
-2.58297455470305,0.160712497210621,0.116358460556438,-0.358396153800809,-1.42598008374882,0.750023532193902,-191.566782135073,3.14028476037311,-6.67885208049819,-0.730911595132049,-0.547273397236964,34.5019867554437
-2.58343308138713,0.160483920255992,0.116598898490341,-0.35818048460258,-1.42627255151432,0.75028141460784,-193.726659539255,3.15667946763051,-6.73737300273095,-0.737926792515017,-0.537028862617385,34.403783846634
-2.58381199737045,0.160253304253953,0.116794503086647,-0.357928118643028,-1.42675260474734,0.75072213591457,-190.353313339656,2.26975204564064,-6.60497817348903,-0.750250349927048,-0.524202979386637,34.4411223099973
-2.58410491614966,0.159973089628084,0.116910748992217,-0.35767652092064,-1.42742524381019,0.75133915869348,-192.997734667728,3.7090715688953,-6.6507218878925,-0.753400970932407,-0.510288533021972,34.2801986271892
-2.58431337429698,0.159604328514601,0.116920571442172,-0.357461249450488,-1.42827756404628,0.752109936626753,-190.050003470498,1.63628389861015,-6.62503417086793,-0.756396975503304,-0.506107528744003,34.2811353361859
-2.584439221637,0.159100362970912,0.116792042598383,-0.357327274118276,-1.42929035954452,0.75300577128775,-191.203848391832,1.89310186685998,-6.7815880925003,-0.747805444926272,-0.522374183247412,34.2670356136897
-2.58449193775816,0.158433573581872,0.11650984752042,-0.357312102985752,-1.43042608054382,0.753981628131845,-192.206004291561,2.4343335461524,-6.82642562909876,-0.745431086552733,-0.537007411019718,34.3711462936609
-2.58448346423622,0.157581854144489,0.116061933696014,-0.357449134643719,-1.43164605067909,0.754993971579558,-192.020524501932,4.15087243482208,-6.62308043040494,-0.735441043239579,-0.552756484607148,34.5554279870316
-2.58442768844512,0.156541780634786,0.115450094113219,-0.357760091179951,-1.43290480339047,0.755995177107036,-194.01640860297,4.21519173125694,-6.89358273112694,-0.735255602843726,-0.550239138127485,34.5860896337056
-2.58434076644275,0.155327246654939,0.114688797246652,-0.35825441131146,-1.43415288212202,0.756936526824861,-192.959845211374,2.6716241802319,-6.95554701871569,-0.736933760570384,-0.54393783942292,34.6467956710444
-2.58424301859352,0.153981714107872,0.113812641756225,-0.358918199907676,-1.43533970876953,0.757772946232609,-193.263578585897,3.68690349334429,-6.77325943989663,-0.743364542949784,-0.545785845487346,34.6244583382219
-2.58415683446068,0.152572943404548,0.112871152680929,-0.359716099507584,-1.43641714666138,0.758465564325955,-193.619699154139,2.41012454749148,-6.82234364732119,-0.752099236788787,-0.535260310517524,34.5431910150216
-2.58409546685812,0.151185260606817,0.111923562915665,-0.360596351957208,-1.43734716630473,0.758983008102708,-191.64103888749,2.19641969232725,-6.60250329510777,-0.749471204494297,-0.525246768415132,34.5274914126772
-2.58407384755495,0.149916291863932,0.11103774529281,-0.361492553103009,-1.43810118242298,0.759307604694711,-193.120305131475,2.37334033717093,-6.46620154988267,-0.738976803663056,-0.511300250824972,34.425172994435
-2.58410485529008,0.14886332926033,0.11027961370395,-0.362331258969815,-1.43865900440537,0.759430859185632,-191.653605027358,2.00569224982587,-6.4678718334745,-0.735735238265435,-0.508667020469272,34.4388797180418
-2.58419912381297,0.148111319394389,0.109705391802792,-0.363041941276599,-1.43901201119556,0.759357335735311,-191.936995474362,1.79740815497212,-6.53809848985409,-0.739631066923694,-0.519258083377626,34.4667916841723
-2.58437009264109,0.147741788504987,0.109368924908435,-0.363553518526881,-1.43915875022261,0.759101144423712,-193.273746939699,2.55408247133391,-6.46617401400454,-0.73448958169089,-0.53475974561503,34.5533064500547
-2.58462573201232,0.147809506160069,0.109305760147701,-0.363810239387246,-1.43910776972941,0.758682867238033,-193.421138513724,3.82250310321933,-6.67029581397068,-0.725833514541111,-0.549461149270109,34.7421808640663
-2.58496110843362,0.148310122639671,0.109509720638022,-0.36379441871674,-1.43889129106639,0.758141716780959,-195.147951277386,3.63149016887246,-6.73870144307693,-0.728508910242342,-0.55681990111685,34.8193769040587
-2.58538014457015,0.149223369201112,0.109967292048499,-0.363501399075079,-1.43853511533139,0.7575124157057,-194.883684445866,4.00224767580858,-6.72361879829688,-0.733890277121589,-0.554471302224918,34.8658034278061
-2.58588553914974,0.150495227558116,0.110643165817579,-0.362949679236739,-1.43807477594589,0.756838801777047,-193.795668428417,2.63931275374443,-6.74993449765336,-0.745968529584728,-0.540736692412481,34.8089062049977
-2.58646717637236,0.152023466131705,0.11146910324222,-0.362193032731233,-1.43755854891764,0.756170470382243,-194.612661228707,2.08432422045848,-6.75475752775893,-0.759605821333339,-0.529456475475856,34.6621998483426
-2.58711128898985,0.153678864525265,0.112357875252778,-0.361306650081648,-1.43703892363896,0.755557862888466,-192.067169372793,1.75491306449362,-6.68032541817922,-0.758205318775638,-0.526378513074681,34.6582317884032
-2.58779798768412,0.155320984298789,0.113215088813956,-0.360378239412684,-1.43656828236031,0.755047069150228,-194.204831467298,3.88170566610756,-6.54091533435485,-0.75266866059275,-0.517166581679489,34.5759072102647
-2.58849612059004,0.156799839207872,0.113937828787172,-0.359505840920913,-1.43620148102896,0.754678315324581,-192.883394866736,3.0957149224073,-6.51680757959608,-0.74253700004019,-0.515831169810384,34.650400364499
-2.58918249206222,0.157982840132282,0.114437490759696,-0.358778793864519,-1.43598023606004,0.75448186340286,-193.756858739953,3.61220871377782,-6.53308228227968,-0.731994972770598,-0.529388219467472,34.7190577435966
-2.58982479431072,0.15876340348107,0.114638756236416,-0.358272205519453,-1.43594308424688,0.754477176696645,-194.645420007816,2.18766727750676,-6.5519545414256,-0.742858889361357,-0.542839447556069,34.7593584036189
-2.59038906659354,0.159069511446374,0.114489399232278,-0.358041504113749,-1.43611889841038,0.75467134160495,-193.743904538565,1.76138694871429,-7.01408222243691,-0.752366674821082,-0.555302284569141,34.8399783859282
-2.59084694637594,0.158860919710175,0.113958433922828,-0.358121576646535,-1.43652617145768,0.755063764198633,-195.13884875611,2.83772017344586,-7.07853999698327,-0.753733445401192,-0.562538977174469,34.9129656109304
-2.59118229817251,0.158158493858649,0.113058273503636,-0.35850885508188,-1.43715873706644,0.755632671100453,-195.688035064507,4.40059460842076,-6.85189122503479,-0.741269895704781,-0.554592414156641,35.0233447444913
-2.5913781726972,0.156998305426996,0.111809350178697,-0.35918865845703,-1.43801317949043,0.756357390967469,-195.42508899205,3.32345838414403,-6.77930324770983,-0.741939447226889,-0.536311879023227,35.053749323708
-2.59143787776818,0.155470517483398,0.110272273382089,-0.360109383518832,-1.43906400070991,0.757205554405515,-196.482026548416,3.46842141907587,-6.78486705979893,-0.751564520558188,-0.525990475267131,34.9883622157517
-2.59137645551141,0.153694804468567,0.108530805239293,-0.36119976924188,-1.44027275826541,0.758136863718056,-194.355173859677,3.30511050683594,-6.54059337767686,-0.75278307236323,-0.531610879600205,34.9836834496608
-2.59121871675795,0.151801350725168,0.1066798719099,-0.362379273026999,-1.44159602399212,0.759112180671697,-194.96685371952,2.04940409443543,-6.60748038697679,-0.757710816398686,-0.525532288489729,34.8332645807277
-2.5910058578587,0.14992781264732,0.104823518056393,-0.363561715659334,-1.44297859461505,0.760090235102596,-194.098046246146,1.27585757438214,-6.58640546242646,-0.754731890370428,-0.521431963163476,34.7994394958472
-2.59079070797615,0.148203758120401,0.103065459261827,-0.364664216936009,-1.44435937151598,0.761033433226524,-193.40118292585,2.04055474667371,-6.5644535478142,-0.73135900783383,-0.526594336072937,34.8596942814366
-2.59062375783964,0.146733181606764,0.101493597644481,-0.365617987950269,-1.4456850716086,0.761911541096088,-196.489477099227,3.65109176232409,-6.68917449721746,-0.713356837199205,-0.533625322430422,34.8603699142
-2.5905560384471,0.145603717708809,0.100188323456838,-0.366365493921769,-1.44689960096947,0.762694471664177,-193.764231243615,2.30982633088047,-6.70464860232764,-0.718414111151742,-0.552849743871135,35.029761969619
-2.59063113408352,0.144867039450638,0.0992056073349157,-0.366868940741123,-1.44796330386806,0.763368959344527,-196.829038480164,3.86535830379989,-6.7905277879905,-0.726282324846281,-0.563503915907747,35.0304549380085
-2.59088442200058,0.144542297304852,0.0985786269432081,-0.367114123389669,-1.44883732798631,0.763919145148225,-194.78543419946,2.42143082598136,-6.91335119446845,-0.741737439028101,-0.558749013623032,35.1076192014636
-2.59133436249746,0.144633961596895,0.098327505561955,-0.367095380637776,-1.44949333208298,0.764331364123099,-196.390932265013,1.9008062794494,-7.09932687687578,-0.764396352986702,-0.544775556307666,35.1097900609161
-2.59198057366888,0.145105128034426,0.0984382604851921,-0.366834355878294,-1.44992226177341,0.764601745585043,-196.711057187213,3.48241671574056,-6.86852415797242,-0.773140804428865,-0.542603611295805,35.261522954431
-2.59281550484094,0.145910568291344,0.0988871499782595,-0.366360140408204,-1.45011608551045,0.764722698126468,-197.905389951399,5.71455622817211,-6.78875503397728,-0.768266822919466,-0.541194041829857,35.3547675155332
-2.59380860739179,0.146976860675729,0.0996229887504474,-0.365719653141681,-1.45008891304494,0.764697352948097,-196.974441304096,2.91029333985171,-6.94399356674134,-0.782882514290248,-0.525823152542318,35.2620335921143
-2.59492322568263,0.14823549041779,0.100592920916225,-0.364959257948735,-1.4498572607605,0.764524780853644,-196.616605195716,1.8393328625848,-7.03335108780695,-0.777973751116662,-0.523923353958812,35.1538784683219
-2.59612619694764,0.14962271524241,0.101742988492469,-0.364123691301741,-1.44943839843213,0.764205715172709,-194.689782602222,2.01045278432503,-6.79553337875865,-0.759914308499201,-0.534542424738137,35.1343339362188
-2.59737286893768,0.151073991200064,0.103013003346335,-0.363256630847992,-1.44886411933223,0.763748327885765,-197.132302153035,1.81081716878339,-6.78803811300776,-0.753411034747103,-0.538058637719301,35.0600501178644
-2.59862861196206,0.152534766997553,0.104347615470036,-0.362395954000849,-1.44816756241777,0.763166298276551,-194.80538527796,2.55676495345369,-6.68718260378267,-0.736267226763751,-0.555165736530763,35.2500756323977
-2.59986713885972,0.15395744211752,0.105694135032051,-0.361573125301684,-1.44738388051071,0.762479102416056,-198.44982162512,5.12737896063231,-6.60711242202535,-0.713423020646051,-0.562641626327215,35.3227942616714
-2.60106744102608,0.155293309436703,0.106998676196521,-0.360819917702907,-1.44655129750324,0.761711130135263,-197.542325629983,2.82534774669512,-6.61881411640201,-0.725064739371816,-0.564978632227066,35.4279886595276
-2.6022242045342,0.156518254364385,0.10822741671986,-0.360149556539571,-1.4457038041781,0.76089240432922,-197.743642355046,3.14736784605361,-6.69821859777318,-0.74528861936121,-0.560188133973557,35.4382127517365
-2.60333651679612,0.157599198604902,0.109341791794112,-0.359578923090783,-1.44487928914157,0.760059208431783,-198.017262077636,3.23557638851025,-6.86550435636886,-0.76000028802111,-0.552318662234256,35.3695249723352
-2.6044185382713,0.158526215350281,0.110324104964144,-0.359107528146336,-1.44410794208113,0.759248933599902,-196.092103253054,0.534130767543729,-6.91508425112929,-0.774618177382207,-0.535578149717566,35.3244851179807
-2.60548894939756,0.159288866165152,0.111160255882127,-0.358734260226271,-1.44341638101868,0.758499207602311,-197.750910210977,1.91553468878897,-6.82644691936889,-0.775062234564662,-0.52468165738592,35.2629529318366
-2.60656128902117,0.159877915224891,0.111838510416957,-0.358456199838267,-1.44283128235575,0.75784406130242,-197.272698592603,5.14895130688797,-6.68411596279137,-0.757472798226393,-0.530766339160425,35.3770842534312
-2.60765474089169,0.16029478659113,0.112359392666835,-0.358263050841236,-1.44237062669927,0.757313809618302,-197.160316086058,3.93699850974849,-6.42282400297896,-0.75134410542561,-0.529417698969799,35.3658299450038
-2.60878503081726,0.160558159764514,0.112740703291372,-0.358137172108128,-1.44203827641456,0.756919867135423,-197.756097274693,1.7560473755982,-6.87173295045835,-0.760856245529197,-0.536405558360036,35.2651245205342
-2.60995603020146,0.160668523107475,0.112986879718689,-0.358071893208854,-1.44184595181783,0.756677755845221,-195.944537392965,1.99719264904934,-6.91561496806352,-0.756801500941149,-0.556246702579999,35.3634391874331
-2.61117423339988,0.160645040531141,0.113120414988941,-0.358051108130426,-1.44179019978341,0.756588263344028,-198.535095736956,3.3796654086143,-7.02539496905518,-0.756106653820071,-0.571186619371007,35.3904300912432
-2.61243197542848,0.160502966951294,0.113161167671093,-0.358066127113741,-1.44186285940511,0.756638703815779,-197.370921741087,1.97172034382606,-6.99900329804717,-0.75625884612642,-0.570215057359283,35.5026531234155
-2.61371597268891,0.160266058432352,0.113136755939603,-0.358104661341977,-1.44204926215339,0.756807198633202,-198.597333294279,3.17086617364566,-7.11170999221889,-0.749012989962876,-0.559800316435526,35.5418964395114
-2.61501780086273,0.159956631704702,0.113075092126843,-0.358158810898362,-1.44232594735839,0.757066050761655,-199.332836781521,3.46412687057955,-6.83632912974721,-0.754488228953123,-0.554831949054914,35.5719412105796
-2.61631583063734,0.15958997085041,0.112996786056844,-0.358227187724684,-1.44267180890203,0.757383212801306,-198.260077852993,3.0510997448223,-6.98843662999604,-0.775700419691158,-0.549199550516834,35.5932261371735
-2.61759612734004,0.159183631431715,0.112924803671508,-0.358308731055257,-1.443060882318,0.757728311673868,-198.626414254801,2.71957024587141,-7.02783727876761,-0.790770953237187,-0.538841724022461,35.4933392097613
